Simple full V smoke case                                                        
          52
  0.571741462               1   0.00000000    
       (13.4067450,-9.998839814E-04)   (1.023351714E-07,8.186813716E-07)      (-0.893783092,6.666350237E-05) (-1.327266000E-05,-1.420460194E-05)            (5.68828392,-3.29600883)  (-3.736300300E-07,1.014990403E-06)      (-0.893782794,6.665878027E-05)   (3.411172855E-08,6.395948304E-08)  (5.958554894E-02,-4.444210390E-06)
  (1.978480213E-06,-1.705586328E-06)            (-5.67406797,3.28777146)  (-8.954328479E-08,2.217262107E-07)
       (-2.441406250E-04,0.00000000)             (1002.66870,0.00000000)        (7.629394531E-06,0.00000000)
  0.700237453               1   0.00000000    
       (20.1562138,-3.375251079E-03)   (1.776877525E-06,5.013379450E-06)       (-1.34374762,2.250131802E-04)  (1.845680890E-05,-1.841058292E-05)            (7.85710955,-4.90968275)  (-1.694790228E-07,1.114166821E-06)       (-1.34374797,2.250126417E-04) (-1.729876971E-07,-2.924471403E-07)  (8.958319575E-02,-1.500178951E-05)
  (5.484689609E-06,-3.342253194E-07)            (-7.82764721,4.89127350) (-1.034254353E-07,-4.491152481E-07)
       (-1.220703125E-04,0.00000000)             (1001.41223,0.00000000)        (7.629394531E-06,0.00000000)
  0.808564544               1   0.00000000    
       (26.9375305,-8.025104180E-03)   (1.157790484E-05,6.946742360E-06)       (-1.79583478,5.350135616E-04)   (1.849148066E-05,2.835455780E-05)            (9.83440971,-6.50369978) (-1.041333007E-06,-1.789873522E-06)       (-1.79583561,5.349990679E-04)   (1.085428494E-07,2.291460248E-07)      (0.119722314,-3.566624218E-05)
  (-9.648260857E-08,1.350755520E-05)            (-9.78523636,6.47118235)        (5.849253739E-07,0.00000000)
       (-1.220703125E-04,0.00000000)             (1000.15582,0.00000000)        (7.629394531E-06,0.00000000)
  0.904002666               1   0.00000000    
       (33.7513657,-1.570377685E-02)  (2.157415111E-06,-1.359171529E-05)       (-2.25009108,1.046882244E-03)   (1.863804391E-05,1.189106479E-05)            (11.6676655,-8.07463837) (-2.046594773E-06,-9.843206499E-07)       (-2.25009012,1.046958263E-03)  (-1.887738108E-07,6.876760494E-07)      (0.150006086,-6.979698810E-05)
   (1.467042239E-05,3.343993285E-06)            (-11.5950603,8.02439880)  (-3.640638226E-07,2.427092056E-07)
       (-3.662109375E-03,0.00000000)             (998.926941,0.00000000)        (2.441406250E-04,0.00000000)
   1.00665474               1   0.00000000    
       (41.9720192,-2.991839312E-02) (-9.609582321E-07,-1.429425356E-05)       (-2.79813361,1.994594466E-03)   (3.084826312E-05,6.903133908E-06)            (13.7108307,-9.94367599) (-1.819392196E-06,-8.000165508E-07)       (-2.79813457,1.994621241E-03)   (2.252245963E-07,3.528518562E-07)      (0.186542287,-1.329740480E-04)
 (-2.234228123E-05,-1.165162030E-05)            (-13.6051083,9.86699295)   (1.951946615E-06,1.351347549E-07)
        (4.882812500E-03,0.00000000)             (997.430664,0.00000000)       (-3.128051758E-04,0.00000000)
   1.14348292               1   0.00000000    
       (54.3950996,-6.449452788E-02) (-4.366301255E-06,-7.231686141E-06)       (-3.62633991,4.299667198E-03) (-1.044671717E-05,-1.812185474E-05)            (16.5396805,-12.6864328)  (-3.367067166E-06,1.393250955E-06)       (-3.62634158,4.299751017E-03)  (2.217262534E-07,-1.876144893E-07)      (0.241755977,-2.866433642E-04)
   (1.910256742E-06,7.641026968E-06)            (-16.3753815,12.5603943)   (3.411172713E-07,5.756353403E-07)
        (4.882812500E-04,0.00000000)             (995.196106,0.00000000)       (-3.051757812E-05,0.00000000)
   1.27845287               1   0.00000000    
           (68.3311920,-0.126673475)  (-1.067866015E-05,4.662379524E-06)       (-4.55541229,8.444997482E-03)   (1.624532888E-05,2.848914119E-05)            (19.3940887,-15.6803551) (-2.433667078E-06,-2.059455710E-06)       (-4.55541182,8.444925770E-03)   (2.669664809E-07,2.562401562E-07)      (0.303694099,-5.630019004E-04)
   (1.372970564E-05,3.661255050E-06)            (-19.1537094,15.4859962) (-1.372970587E-06,-2.264448256E-07)
       (-2.319335938E-03,0.00000000)             (992.721802,0.00000000)        (1.525878906E-04,0.00000000)
   1.43505979               1   0.00000000    
           (86.6640701,-0.254200250)  (6.849580586E-06,-4.195368547E-06)       (-5.77760458,1.694672927E-02)  (-2.744648191E-05,1.006032676E-06)            (22.7862930,-19.4670563)   (2.466250635E-06,1.254864515E-06)       (-5.77760553,1.694669761E-02) (-6.849581382E-07,-8.026852782E-08)      (0.385173678,-1.129784621E-03)
   (4.178244126E-05,2.054874585E-06)            (-22.4311638,19.1636467) (-7.919827567E-07,-1.321755008E-06)
       (-1.342773438E-03,0.00000000)             (989.514587,0.00000000)        (8.392333984E-05,0.00000000)
   1.61712909               1   0.00000000    
           (111.021065,-0.522855282)   (7.718601864E-07,4.824126790E-06)       (-7.40140247,3.485672921E-02)  (1.628022001E-04,-5.743122892E-05)            (26.7563343,-24.2795792)  (-5.061564480E-06,2.906536338E-06)       (-7.40140343,3.485685959E-02)   (6.512570963E-07,7.356792935E-07)      (0.493426830,-2.323796507E-03)
   (6.097696314E-05,1.775278724E-05)            (-26.2282887,23.8004131)  (9.648249488E-08,-8.442221997E-07)
       (-1.831054688E-03,0.00000000)             (985.343994,0.00000000)        (1.296997070E-04,0.00000000)
   1.80800533               1   0.00000000    
            (140.242081,-1.03434789)   (9.492626305E-06,4.746313607E-06)       (-9.34947872,6.895607710E-02) (-3.260393714E-05,-3.106677832E-05)            (30.9230766,-29.7537155)   (4.323257599E-06,2.974873496E-06)       (-9.34946823,6.895658374E-02) (-1.618060992E-07,-4.045152764E-07)      (0.623298287,-4.597078077E-03)
   (1.121855894E-05,8.629649528E-07)            (-30.1627274,29.0221272)  (-2.103479801E-06,2.696768320E-07)
       (-4.882812500E-04,0.00000000)             (980.465332,0.00000000)        (3.051757812E-05,0.00000000)
   1.98057055               1   0.00000000    
            (170.091461,-1.80760729)   (2.079730075E-05,2.599662912E-05)           (-11.3394356,0.120506577)   (9.500585293E-05,1.020958443E-04)            (34.6396141,-35.0278282) (-7.673436812E-06,-7.394637578E-06)           (-11.3394337,0.120507076)  (2.954161005E-07,-1.831580448E-06)      (0.755962133,-8.033764549E-03)
  (7.089989595E-06,-9.925983250E-06)            (-33.6209793,33.9976807)  (-1.536164291E-06,1.299831411E-06)
       (-1.098632812E-03,0.00000000)             (975.620850,0.00000000)        (7.629394531E-05,0.00000000)
   2.21434522               1   0.00000000    
            (216.113800,-3.55823779) (-4.227652607E-05,-2.113826486E-05)           (-14.4075851,0.237216577)   (1.453255391E-05,1.932169198E-06)            (39.5790176,-42.6509209)   (5.779991952E-08,7.132099427E-07)           (-14.4075890,0.237215981)   (6.110279855E-07,1.222055857E-06)      (0.960505903,-1.581438258E-02)
  (5.416680506E-05,-2.219517773E-05)            (-38.1312714,41.0908127)  (-1.370684345E-06,3.302853600E-07)
       (-9.765625000E-04,0.00000000)             (968.412598,0.00000000)        (6.866455078E-05,0.00000000)
   2.49216318               1   0.00000000    
            (279.873566,-7.34761286)   (2.416205689E-06,5.947582395E-06)           (-18.6582355,0.489840776) (-1.000680786E-04,-7.600360550E-05)            (45.1916122,-52.2713852)   (1.282447556E-06,5.166236406E-06)           (-18.6582375,0.489839911) (-2.513782874E-06,-1.784274787E-06)       (1.24388206,-3.265599534E-02)
 (-1.453440564E-05,-8.386091213E-05)            (-43.1115112,49.8652649)   (5.692022569E-07,8.921373933E-07)
        (2.441406250E-04,0.00000000)             (958.912415,0.00000000)       (-1.525878906E-05,0.00000000)
   2.80094981               1   0.00000000    
            (363.187927,-15.3397655)   (4.311506564E-05,9.358307580E-06)            (-24.2125225,1.02265167)   (1.804816566E-05,3.676478445E-05)            (50.9433403,-63.5858345)   (3.645145171E-06,1.355179279E-06)            (-24.2125263,1.02265120) (-7.415623031E-07,-2.506689952E-06)       (1.61416805,-6.817658246E-02)
 (-4.127682405E-05,-1.671126665E-05)            (-48.0053253,59.9187775)   (1.284678547E-06,4.177816493E-07)
             (0.00000000,0.00000000)             (947.212402,0.00000000)             (0.00000000,0.00000000)
   3.18332195               1   0.00000000    
            (486.555969,-34.1440506) (-2.507023964E-05,-4.558226010E-06)            (-32.4370728,2.27626991) (-2.121474099E-04,-4.453766087E-05)            (57.3814430,-78.1131897)   (4.973688647E-06,4.665058896E-06)            (-32.4370613,2.27627301)  (9.401340321E-06,-3.133780183E-06)           (2.16247153,-0.151751146)
   (4.558226465E-06,8.356744729E-06)            (-53.1554527,72.3604584)  (1.234519459E-06,-2.469038918E-06)
        (2.441406250E-04,0.00000000)             (931.153870,0.00000000)       (-2.288818359E-05,0.00000000)
   3.57052422               1   0.00000000    
            (637.204834,-69.4132309)   (8.009839803E-05,2.471120933E-05)            (-42.4803581,4.62754440) (-2.982385558E-05,-4.360676103E-04)            (63.1235428,-93.4561996)   (3.248671646E-06,1.179640822E-05)            (-42.4803352,4.62755346)  (-4.633351637E-06,2.130276016E-06)           (2.83202434,-0.308502972)
  (-1.550841407E-04,9.373217836E-06)            (-57.3502197,84.9085999)   (4.074154276E-06,2.769359298E-06)
        (2.441406250E-04,0.00000000)             (913.247986,0.00000000)       (-7.629394531E-06,0.00000000)
   3.91966224               1   0.00000000    
            (793.333069,-126.137245)  (-1.309605977E-05,1.375086431E-04)            (-52.8888702,8.40915585)  (-1.300251606E-04,4.059778876E-04)            (67.3077393,-107.373810) (-1.023130153E-06,-2.528592267E-05)            (-52.8888283,8.40914917)  (7.249605005E-06,-9.412793588E-06)           (3.52592349,-0.560609579)
  (1.187999733E-04,-7.296376862E-05)            (-59.9838104,95.6902542)  (-6.898817901E-06,5.378738933E-06)
       (-2.441406250E-04,0.00000000)             (895.805664,0.00000000)        (7.629394531E-06,0.00000000)
   4.24014854               1   0.00000000    
            (946.773865,-209.962799)  (3.238135832E-05,-2.125026367E-05)            (-63.1182442,13.9975080)   (5.206314963E-04,6.410496426E-04)            (70.1665344,-120.159500) (-4.224754957E-05,-4.076129699E-05)            (-63.1182632,13.9975300)  (9.486726640E-07,-3.604955964E-06)           (4.20788431,-0.933167756)
  (9.512023826E-05,-8.500106196E-05)            (-61.3454895,105.053375)  (-7.209911928E-06,1.195327513E-05)
       (-3.662109375E-04,0.00000000)             (878.813477,0.00000000)        (2.288818359E-05,0.00000000)
   4.50189686               1   0.00000000    
            (1073.90039,-305.326477) (-2.481827105E-04,-9.347141167E-05)            (-71.5933838,20.3551407)   (1.367153600E-03,1.880172058E-04)            (71.9237747,-130.416214) (-1.980895604E-06,-1.107958451E-05)            (-71.5934296,20.3551235)   (1.947321107E-05,9.132262676E-06)            (4.77289104,-1.35700977)
   (7.628127059E-05,1.321492455E-04)            (-61.8435822,112.138245) (-1.745873988E-06,-1.208682079E-06)
             (0.00000000,0.00000000)             (864.304077,0.00000000)             (0.00000000,0.00000000)
   4.78353262               1   0.00000000    
            (1213.79248,-434.240082)  (1.860802877E-04,-6.392942305E-05)            (-80.9195099,28.9493370) (-4.343776091E-04,-4.315235710E-04)            (74.0651016,-141.100479)   (3.906401616E-05,1.840824916E-05)            (-80.9194870,28.9493237)  (-6.492831744E-06,1.783745120E-06)            (5.39463234,-1.92995524)
  (-2.853992191E-05,5.023026097E-05)            (-62.4923096,119.053307) (-2.425892944E-06,-9.988971215E-07)
       (-1.220703125E-04,0.00000000)             (848.120361,0.00000000)        (7.629394531E-06,0.00000000)
   5.11381149               1   0.00000000    
            (1375.03235,-616.962524) (-3.905338235E-04,-4.320280859E-04)            (-91.6688843,41.1307449) (-8.643612964E-04,-5.577311385E-04)            (77.2336655,-153.048492)   (8.886170690E-06,5.072364002E-05)            (-91.6688461,41.1308479)   (2.044200664E-05,2.936631608E-05)            (6.11125708,-2.74205184)
   (1.549931330E-04,4.173830675E-04)            (-63.6559906,126.142624) (-1.365342996E-05,-1.769606570E-05)
       (-1.220703125E-04,0.00000000)             (828.470642,0.00000000)        (7.629394531E-06,0.00000000)
   5.42401600               1   0.00000000    
            (1497.71484,-817.504517)   (2.252341365E-04,2.873676713E-04)            (-99.8475952,54.5003471)  (-6.747314910E-05,8.155029354E-05)            (79.8396225,-163.689682)  (-4.165496648E-05,8.090300412E-07)            (-99.8476486,54.5002747) (-1.674693522E-05,-3.001503501E-05)            (6.65650845,-3.63335538)
  (2.588898496E-06,-3.339678515E-04)            (-64.2925339,131.814407)  (-3.802444326E-06,1.860770499E-05)
        (1.220703125E-04,0.00000000)             (809.443359,0.00000000)       (-1.525878906E-05,0.00000000)
   5.71741486               1   0.00000000    
            (1578.81030,-1021.51703)   (1.077930501E-04,3.179213090E-04)            (-105.254097,68.1011429)  (-3.193709563E-05,5.130403442E-04)            (82.0317535,-173.155563)  (-9.449348909E-06,2.234317981E-05)            (-105.254013,68.1011276) (-8.527931641E-06,-1.500915914E-05)            (7.01694012,-4.54007578)
 (-2.592491219E-04,-6.822345313E-05)            (-64.5540161,136.262756)   (1.202438398E-05,3.922848919E-06)
             (0.00000000,0.00000000)             (791.016357,0.00000000)             (0.00000000,0.00000000)
   5.99647522               1   0.00000000    
            (1621.65417,-1216.06848)  (-7.641899283E-04,6.640152424E-04)            (-108.110336,81.0712051)  (-9.877047269E-04,2.504368022E-04)            (83.9248505,-181.558807)  (4.669136615E-05,-1.806722321E-05)            (-108.110298,81.0712738)  (5.992594743E-05,-4.937181802E-05)            (7.20735598,-5.40474987)
  (4.879939370E-04,-4.693900701E-04)            (-64.5536346,139.651810)  (-3.076794746E-05,3.094683052E-05)
        (1.220703125E-04,0.00000000)             (773.167847,0.00000000)             (0.00000000,0.00000000)
   6.39226389               1   0.00000000    
            (1630.96216,-1471.57446) (-1.311949891E-04,-5.110501661E-04)            (-108.730843,98.1049347)  (2.240611502E-04,-7.566593704E-04)            (86.4050598,-192.378067)   (2.407464763E-06,5.167708150E-05)            (-108.730812,98.1048584)   (1.458781026E-05,3.584978549E-05)            (7.24872351,-6.54032707)
   (3.142576898E-04,5.385095719E-04)            (-64.2491913,143.048752) (-1.620867988E-05,-3.213132368E-05)
             (0.00000000,0.00000000)             (747.434692,0.00000000)             (0.00000000,0.00000000)
   6.76493645               1   0.00000000    
            (1600.33838,-1673.82166)   (4.488203267E-04,2.663861669E-04)            (-106.689171,111.588196)   (9.993518470E-04,8.879539382E-05)            (88.6719360,-201.291046)  (-5.436194988E-05,1.352111576E-05)            (-106.689255,111.588081) (-3.511454634E-05,-2.946392851E-05)            (7.11260653,-7.43920851)
 (-8.952190401E-04,-9.363878053E-05)            (-63.7695923,144.761047)   (5.201593740E-05,1.109941877E-06)
             (0.00000000,0.00000000)             (722.890259,0.00000000)             (0.00000000,0.00000000)
   7.11812401               1   0.00000000    
            (1553.64258,-1825.34863)   (5.656838766E-04,4.552650498E-04)            (-103.576218,121.690063)   (6.472238456E-04,7.491489523E-04)            (90.9094467,-208.522736) (-1.271408473E-05,-4.268110206E-05)            (-103.576210,121.689919) (-3.047133396E-05,-3.790336632E-05)            (6.90507793,-8.11266613)
 (-5.351063446E-04,-3.932606778E-04)            (-63.2608070,145.103943)   (3.328489038E-05,3.206391193E-05)
       (-1.220703125E-04,0.00000000)             (699.471924,0.00000000)        (7.629394531E-06,0.00000000)
   7.45459700               1   0.00000000    
            (1505.85730,-1935.27539) (-5.550636561E-04,-3.397985420E-04)            (-100.390594,129.018509) (-1.973856008E-03,-5.657379515E-04)            (93.2600937,-214.267197)   (1.063538439E-04,4.425387306E-05)            (-100.390503,129.018494)   (2.679694080E-05,3.669290527E-05)            (6.69270611,-8.60123158)
   (6.671437877E-04,1.014058507E-04)            (-62.8229828,144.336365) (-4.297517808E-05,-7.060605185E-06)
        (6.103515625E-05,0.00000000)             (677.119995,0.00000000)       (-7.629394531E-06,0.00000000)
   7.88091230               1   0.00000000    
            (1453.18750,-2034.02600) (-3.291384201E-04,-1.081454684E-03)            (-96.8791733,135.601730) (-2.576683182E-04,-1.372977393E-03)            (96.7558670,-219.897034)  (-7.875811207E-06,5.771677024E-05)            (-96.8791580,135.601776)   (2.233439045E-05,6.665052206E-05)            (6.45861244,-9.04011917)
   (3.987276577E-04,5.548333284E-04)            (-62.4592667,141.951431) (-2.362743544E-05,-3.314893911E-05)
             (0.00000000,0.00000000)             (648.880737,0.00000000)             (0.00000000,0.00000000)
   8.48029709               1   0.00000000    
            (1408.24463,-2116.20874) (-2.934560471E-04,-2.711938578E-04)            (-93.8829803,141.080566)  (-1.064537093E-03,2.428601438E-04)            (103.127716,-224.675522)  (1.587445331E-05,-1.606418846E-05)            (-93.8829422,141.080566)   (2.175622467E-05,1.176353726E-05)            (6.25886631,-9.40536404)
   (8.904874267E-05,1.335730922E-04)            (-62.5448608,136.261322)  (2.719527401E-06,-2.782773663E-06)
             (0.00000000,0.00000000)             (609.623413,0.00000000)             (0.00000000,0.00000000)
   8.85738087               1   0.00000000    
            (1400.37048,-2144.27686)   (5.421965034E-04,4.375620920E-04)            (-93.3580399,142.951859)  (-4.502450465E-04,1.300003263E-03)            (108.298546,-225.835709) (-3.970030230E-05,-8.944128058E-05)            (-93.3580170,142.951782) (-3.897367424E-05,-3.672772800E-05)            (6.22387123,-9.53011036)
 (-3.688627039E-04,-1.712199446E-04)            (-63.0666618,131.512787)   (1.717484156E-05,1.796752440E-05)
        (1.220703125E-04,0.00000000)             (585.355713,0.00000000)       (-1.144409180E-05,0.00000000)
   9.39467144               1   0.00000000    
            (1415.96362,-2163.05908)   (2.555938845E-04,5.627549835E-04)            (-94.3975067,144.203842)  (-8.519797120E-05,3.250974405E-04)            (117.603386,-225.141327)  (7.419789472E-05,-5.563090599E-05)            (-94.3975906,144.203949)  (1.961795078E-06,-3.895564805E-05)            (6.29317045,-9.61359882)
 (-2.555938845E-04,-3.923590411E-04)            (-64.5302582,123.537552)   (2.129949098E-05,2.893647616E-05)
             (0.00000000,0.00000000)             (551.554138,0.00000000)             (0.00000000,0.00000000)
   9.90285301               1   0.00000000    
            (1457.57544,-2164.45483)  (-3.710427845E-04,6.688223802E-04)            (-97.1716614,144.296921)  (-9.595119627E-04,1.715777325E-03)            (128.849289,-222.129486)  (2.658746052E-05,-4.918680133E-05)            (-97.1716614,144.296951)  (2.887693881E-05,-4.756201088E-05)            (6.47811270,-9.61979675)
 (-5.317495379E-06,-3.225945111E-04)            (-66.7326660,115.043701)   (1.181664857E-06,2.828610377E-05)
             (0.00000000,0.00000000)             (520.596863,0.00000000)             (0.00000000,0.00000000)
   10.3862000               1   0.00000000    
            (1519.14990,-2154.85986) (-1.401694259E-03,-2.370858798E-03)            (-101.276581,143.657288) (-8.948039031E-04,-1.841660123E-03)            (142.035187,-217.367203)   (1.113857434E-04,1.481012005E-04)            (-101.276756,143.657303)   (7.157191430E-05,1.674658997E-04)            (6.75177574,-9.57715893)
   (2.906253794E-04,1.073888736E-03)            (-69.5497589,106.437637) (-1.738949868E-05,-7.141700189E-05)
             (0.00000000,0.00000000)             (492.204041,0.00000000)             (0.00000000,0.00000000)
   10.8480320               1   0.00000000    
            (1596.35437,-2137.63257)  (-7.857306045E-04,2.575953549E-04)            (-106.423767,142.508774) (-2.899566025E-04,-5.281352205E-04)            (157.096008,-211.314514)  (6.844399468E-05,-4.028973126E-05)            (-106.423607,142.508774)  (6.302348629E-05,-1.197365418E-05)            (7.09491873,-9.50058746)
  (4.258737608E-04,-2.569481439E-04)            (-72.8486404,97.9913101)  (-2.414956543E-05,1.686828728E-05)
             (0.00000000,0.00000000)             (466.125641,0.00000000)             (0.00000000,0.00000000)
   11.4348297               1   0.00000000    
            (1718.60669,-2105.94116)  (-4.257143883E-04,2.155861002E-04)            (-114.573845,140.395874)  (-6.303846603E-04,1.015165006E-03)            (179.900558,-201.871994)  (4.993104085E-05,-6.771178596E-05)            (-114.573814,140.396011)  (4.374829223E-05,-2.336653233E-05)            (7.63825274,-9.35972786)
  (3.868269850E-04,-3.042765893E-04)            (-77.7769623,87.2757797)  (-2.609547300E-05,1.850561239E-05)
             (0.00000000,0.00000000)             (434.572571,0.00000000)             (0.00000000,0.00000000)
   12.1284685               1   0.00000000    
            (1896.17078,-2055.69653)  (4.652869538E-04,-4.964026157E-04)            (-126.411240,137.046356)  (-1.541308447E-04,1.490655268E-04)            (212.341400,-188.786316)  (-4.350759264E-05,4.486438047E-05)            (-126.411301,137.046417)  (-2.568847412E-05,3.663321331E-05)            (8.42742157,-9.13642311)
   (4.667343455E-05,2.308344701E-04)            (-84.4269409,75.0615387) (-5.788953786E-06,-1.628142854E-05)
             (0.00000000,0.00000000)             (399.660553,0.00000000)             (0.00000000,0.00000000)
   13.0377111               1   0.00000000    
            (2181.58374,-1970.40100)   (7.078587805E-05,7.778671716E-07)            (-145.438812,131.360062)  (-1.888661063E-03,2.364715911E-04)            (263.927948,-169.645294)  (1.616504887E-04,-5.571472502E-05)            (-145.438782,131.360046)   (2.387079621E-05,1.555733661E-06)            (9.69592857,-8.75733662)
  (-2.193585096E-04,3.928228398E-05)            (-93.9711609,60.4020004)  (6.295861567E-06,-3.160084816E-06)
             (0.00000000,0.00000000)             (357.893555,0.00000000)             (0.00000000,0.00000000)
   14.0047493               1   0.00000000    
            (2550.76489,-1857.63452)   (3.634700552E-04,3.977281449E-04)            (-170.051071,123.842300)  (-1.199451042E-03,3.676478227E-04)            (329.747498,-148.279373)  (2.958416189E-05,-3.253474642E-05)            (-170.051086,123.842361) (-8.616745617E-06,-3.143807044E-05)            (11.3367386,-8.25615883)
 (-3.801813000E-05,-2.222598414E-04)            (-104.443504,46.9656258)   (1.193288699E-05,1.180233176E-05)
        (3.051757812E-05,0.00000000)             (318.378845,0.00000000)       (-1.907348633E-06,0.00000000)
   15.1268578               1   0.00000000    
            (3066.08496,-1702.68848) (-4.805873905E-04,-3.298679367E-04)            (-204.405701,113.512642) (-8.424944826E-04,-1.136713196E-03)            (419.330444,-123.828041)   (1.598573435E-04,4.089505092E-05)            (-204.405548,113.512688)   (7.868772082E-05,2.814707659E-05)            (13.6270313,-7.56750536)
  (-1.390995894E-04,2.349914284E-04)            (-116.190826,34.3110886) (-3.588893605E-06,-1.719707507E-05)
             (0.00000000,0.00000000)             (278.522217,0.00000000)             (0.00000000,0.00000000)
   16.1712914               1   0.00000000    
            (3631.93457,-1541.45032)       (0.00000000,-6.133877323E-04)            (-242.128830,102.763512)   (5.974681699E-04,3.526436922E-04)            (514.318298,-102.444344)  (-4.644728688E-05,3.799000069E-06)            (-242.129074,102.763390)  (-3.150757766E-05,4.310055738E-05)            (16.1419239,-6.85089922)
  (-9.738705558E-05,2.797993875E-05)            (-126.224442,25.1419868)  (1.085428539E-05,-6.697244316E-06)
             (0.00000000,0.00000000)             (246.692780,0.00000000)             (0.00000000,0.00000000)
   17.1522446               1   0.00000000    
            (4239.88281,-1381.75525)  (-8.487424202E-05,7.072640001E-04)            (-282.658997,92.1170502)  (-9.305786225E-04,4.672240466E-04)            (612.740601,-84.0347366)  (7.060129428E-05,-2.392484566E-05)            (-282.658752,92.1170120)  (2.569572644E-05,-3.915519846E-05)            (18.8439178,-6.14113426)
  (3.768812530E-05,-1.794063719E-04)            (-134.651855,18.4669380)  (-4.237316205E-07,9.943702025E-06)
             (0.00000000,0.00000000)             (220.892242,0.00000000)             (0.00000000,0.00000000)
   18.5265408               1   0.00000000    
            (5214.03760,-1156.75696)   (1.435568120E-04,4.880103515E-04)            (-347.602600,77.1172180)  (1.746447087E-04,-8.842771058E-05)            (764.191772,-61.1815948)  (1.083671159E-04,-2.279776709E-05)            (-347.602600,77.1172180) (-2.236599175E-05,-4.265945972E-05)            (23.1735058,-5.14114285)
 (-2.103957522E-04,-1.430732664E-04)            (-144.796387,11.5925121)   (7.946835467E-06,4.974058356E-06)
        (3.051757812E-05,0.00000000)             (190.458466,0.00000000)             (0.00000000,0.00000000)
   19.8057060               1   0.00000000    
            (6242.66455,-957.783691) (-1.115491730E-03,-6.853657396E-05)            (-416.177551,63.8522339)  (2.028623130E-03,-4.549409641E-05)            (918.191101,-42.8140297)  (1.744802648E-05,-3.869952707E-05)            (-416.177521,63.8522758)   (1.982981303E-05,1.000722477E-05)            (27.7451553,-4.25681400)
   (2.887693336E-05,2.141767618E-05)            (-152.652679,7.11800098)  (1.080115453E-06,-3.226499075E-06)
       (-1.525878906E-05,0.00000000)             (167.115021,0.00000000)             (0.00000000,0.00000000)
   21.0071239               1   0.00000000    
            (7307.24023,-787.778687)  (1.272145601E-04,-2.218420414E-04)            (-487.149445,52.5186844)   (8.347276598E-04,3.797634854E-04)            (1073.55261,-27.7610626) (-6.247140846E-05,-3.709117664E-05)            (-487.149292,52.5186157) (-2.256021071E-05,-1.417846397E-05)            (32.4766197,-3.50123978)
   (3.438865315E-05,3.329197352E-05)            (-158.858536,4.10791206)   (1.068770325E-05,3.427118145E-08)
             (0.00000000,0.00000000)             (148.741425,0.00000000)             (0.00000000,0.00000000)
   22.1434517               1   0.00000000    
            (8394.11523,-645.236572)  (3.448179341E-04,-5.621457240E-04)            (-559.607544,43.0158615) (-1.680492074E-03,-3.428362252E-04)            (1229.71985,-15.1471586)   (3.971681508E-05,2.865225542E-05)            (-559.607910,43.0158424)  (-8.624577458E-05,4.380409518E-05)            (37.3071709,-2.86771345)
  (-6.663507520E-05,4.731338049E-05)            (-163.871841,2.01852989)  (9.041561498E-06,-8.979633321E-07)
             (0.00000000,0.00000000)             (133.950089,0.00000000)             (0.00000000,0.00000000)
   23.5735054               1   0.00000000    
            (9862.20898,-491.719940) (-8.495033835E-04,-2.419115626E-04)            (-657.481567,32.7812958) (-5.836819400E-05,-5.161718000E-04)            (1438.81250,-1.06920230)  (1.337018330E-04,-4.483099019E-06)            (-657.481079,32.7813377)   (6.320291141E-05,6.768603271E-06)            (43.8321114,-2.18541980)
   (2.235396241E-04,2.619536281E-05)           (-169.237595,0.125773013) (-7.186144558E-06,-2.593165391E-06)
             (0.00000000,0.00000000)             (118.232597,0.00000000)             (0.00000000,0.00000000)
   25.5690556               1   0.00000000    
            (12080.1221,-320.607941)   (1.580441603E-03,4.469781707E-04)            (-805.341553,21.3738594)  (-8.314113074E-05,4.729121065E-05)             (1754.09192,16.0393696)   (1.173699202E-04,1.649471415E-05)            (-805.341431,21.3738308) (-9.477310232E-05,-1.954576146E-05)            (53.6894112,-1.42492163)
 (-1.108864381E-04,-5.606295963E-05)           (-175.401123,-1.60384822)   (1.078592322E-05,2.049921022E-06)
       (-1.525878906E-05,0.00000000)             (100.513611,0.00000000)        (9.536743164E-07,0.00000000)
   28.5870743               1   0.00000000    
            (15777.7295,-131.774841)   (9.807121241E-04,2.353708987E-04)            (-1051.84827,8.78497696) (-5.514160730E-03,-2.592491510E-04)             (2284.50830,37.9671516)   (1.325027552E-04,5.116759439E-06)            (-1051.84802,8.78495789) (-9.636562754E-05,-4.839601388E-05)           (70.1231995,-0.585662842)
 (-5.894932838E-05,-4.082747546E-05)           (-182.760025,-3.03738451)   (6.489222869E-06,1.319164426E-06)
             (0.00000000,0.00000000)             (80.4142303,0.00000000)             (0.00000000,0.00000000)
   31.3155708               1   0.00000000    
            (19462.3457,-4.24117661)   (6.614052108E-04,2.540991700E-04)           (-1297.48962,0.282801867)   (3.636794398E-03,2.279419277E-04)             (2822.57690,54.7469254) (-3.078733571E-04,-2.335471436E-06)           (-1297.48938,0.282733917)  (2.685790605E-06,-1.366250217E-05)       (86.4993286,-1.885261759E-02)
 (-1.244805753E-04,-2.825919000E-05)           (-188.171692,-3.64980292)  (-5.094244443E-06,1.554547453E-06)
             (0.00000000,0.00000000)             (67.0120850,0.00000000)             (0.00000000,0.00000000)
   36.1601067               1   0.00000000    
             (26809.4531,179.062943)   (2.800324699E-03,3.559735196E-04)           (-1787.29785,-11.9374571)  (5.393541142E-05,-9.492626850E-05)             (3926.31738,78.0040894)   (3.979756439E-04,7.685792298E-06)           (-1787.29712,-11.9375153) (-2.072466887E-04,-6.741922334E-06)            (119.153191,0.795833230)
 (-1.369958627E-04,-3.910314717E-06)           (-196.315781,-3.90021682)  (2.646204621E-06,-1.466368076E-06)
             (0.00000000,0.00000000)             (50.2590828,0.00000000)             (0.00000000,0.00000000)
   40.4282303               1   0.00000000    
             (34161.2383,325.777252)   (1.712565136E-04,1.567841391E-04)           (-2277.41772,-21.7184753) (-6.901215296E-03,-7.380914176E-04)             (5070.22559,90.4532928)   (1.059404691E-03,1.432162753E-05)           (-2277.41699,-21.7184372)  (-1.747238275E-04,1.266333311E-05)             (151.827789,1.44789720)
   (7.025134983E-05,6.557797860E-06)           (-202.808884,-3.61814547) (-5.276388038E-07,-9.610565712E-07)
       (-3.814697266E-06,0.00000000)             (40.2072678,0.00000000)        (4.768371582E-07,0.00000000)
  0.571741462               1   0.00000000    
       (24.0494061,-3.498494625E-03)  (-2.486318590E-05,1.091575314E-06)       (-1.80370510,2.623908513E-04)   (4.127518878E-06,3.592624489E-05)            (20.9719791,-13.0358105) (-1.428428618E-06,-2.285085884E-06)       (-1.80370641,2.623814216E-04)   (5.998867323E-07,5.798993357E-07)      (0.135277957,-1.967847493E-05)
  (2.319597570E-06,-5.457876341E-06)            (-20.9020901,12.9923668)  (7.424630439E-07,-2.387820928E-07)
             (0.00000000,0.00000000)             (2003.66211,0.00000000)             (0.00000000,0.00000000)
  0.700237453               1   0.00000000    
       (36.1800613,-1.183112897E-02)  (-3.342251830E-06,1.136366063E-05)       (-2.71350384,8.873538463E-04) (-7.739404828E-05,-7.243288564E-06)            (28.7367821,-19.3334064)   (5.201707609E-06,1.020300942E-06)       (-2.71350479,8.873270126E-04)   (1.775571974E-07,2.924471119E-07)      (0.203512773,-6.654833123E-05)
 (-2.256020889E-05,-4.344929039E-06)            (-28.5931225,19.2367592)  (-1.316012231E-06,1.295123184E-06)
       (-2.441406250E-04,0.00000000)             (2000.31165,0.00000000)        (1.525878906E-05,0.00000000)
  0.808564544               1   0.00000000    
       (48.3845253,-2.804201096E-02)  (5.403022442E-06,-1.929650716E-05)       (-3.62883830,2.103172243E-03)  (3.006637053E-05,-5.415685155E-05)            (35.7333031,-25.5001030)  (-8.268855822E-07,3.921110419E-06)       (-3.62884212,2.103175037E-03) (-1.567841082E-06,-7.477397048E-07)      (0.272163004,-1.577425865E-04)
 (-4.515382534E-05,-6.174882401E-06)            (-35.4961472,25.3308525)  (8.924633903E-07,-2.170857556E-07)
        (6.103515625E-03,0.00000000)             (1997.02173,0.00000000)       (-4.577636719E-04,0.00000000)
  0.904002666               1   0.00000000    
       (60.6649590,-5.477273837E-02)  (8.629671129E-07,-1.812228766E-05)       (-4.54987288,4.108005203E-03)  (2.187079372E-05,-5.444776252E-05)            (42.1346016,-31.5487804)  (-3.734182428E-06,4.198531769E-06)       (-4.54987240,4.107902292E-03)  (2.642833579E-06,-8.090307801E-07)      (0.341240436,-3.080914903E-04)
   (3.106677468E-05,4.746312698E-06)            (-41.7855072,31.2873383)  (-3.370961167E-06,8.090307801E-08)
       (-4.028320312E-03,0.00000000)             (1993.70508,0.00000000)        (3.204345703E-04,0.00000000)
   1.00665474               1   0.00000000    
           (75.5039215,-0.104746647)  (-1.873868496E-05,3.723713917E-06)       (-5.66279840,7.855954580E-03) (-1.240987604E-05,-2.390383634E-05)            (49.2329216,-38.6638908)  (-9.199486158E-06,1.126123038E-06)       (-5.66279459,7.856113836E-03)  (1.441437348E-06,-7.507486544E-07)      (0.424709886,-5.891882465E-04)
  (-8.456432988E-05,3.291282337E-05)            (-48.7276993,38.2670441)  (2.972964467E-06,-9.909883829E-07)
        (5.615234375E-03,0.00000000)             (1989.73035,0.00000000)       (-4.272460938E-04,0.00000000)
   1.14348292               1   0.00000000    
           (97.9772568,-0.225858256)   (2.292307727E-05,6.140119240E-07)       (-7.34829426,1.693896577E-02)   (1.705587806E-06,3.902381286E-05)            (58.9214439,-49.0193062) (-2.793430667E-06,-2.492288104E-06)       (-7.34829140,1.693921909E-02) (-1.569139386E-06,-8.954329189E-08)      (0.551122367,-1.270442968E-03)
 (-6.167399988E-05,-3.417994594E-05)            (-58.1427002,48.3714409)   (4.843865099E-06,5.926913218E-07)
        (5.249023438E-03,0.00000000)             (1983.79346,0.00000000)       (-3.967285156E-04,0.00000000)
   1.27845287               1   0.00000000    
           (123.261688,-0.441046834) (-9.153137398E-06,-1.067866015E-05)       (-9.24462128,3.307842836E-02)  (-5.591041554E-05,4.641403211E-05)            (68.6087418,-60.2289124)  (8.850416634E-06,-2.891342319E-06)       (-9.24462509,3.307878599E-02)  (1.678075250E-06,-3.813810423E-08)      (0.693346679,-2.480912488E-03)
   (1.647564750E-05,2.196752939E-05)            (-67.4778595,59.2361526)  (-2.364560487E-06,2.765010322E-06)
        (1.220703125E-04,0.00000000)             (1977.22778,0.00000000)       (-1.525878906E-05,0.00000000)
   1.43505979               1   0.00000000    
           (156.637100,-0.886834800) (-5.479663741E-06,-2.534344821E-05)       (-11.7477884,6.651266664E-02)   (4.717648699E-05,4.756178532E-05)            (79.9813995,-74.2051773)  (6.812122137E-06,-3.320441465E-06)       (-11.7477846,6.651245803E-02)   (1.926444611E-06,9.846272633E-07)      (0.881083608,-4.988443106E-03)
 (-3.424789611E-06,-1.369916117E-05)            (-78.3251953,72.6684952)  (3.510410352E-06,-4.152558631E-06)
        (1.220703125E-03,0.00000000)             (1968.73120,0.00000000)       (-7.629394531E-05,0.00000000)
   1.61712909               1   0.00000000    
            (201.157150,-1.83369029)  (-1.003418402E-05,1.389348381E-05)           (-15.0867977,0.137527123)   (4.833775165E-05,1.437107276E-04)            (93.0549545,-91.8186188) (-1.336283094E-05,-9.636193681E-06)           (-15.0867910,0.137527511)  (-4.341714430E-06,1.206031811E-06)       (1.13150990,-1.031454373E-02)
  (7.487044786E-05,-3.010255023E-05)            (-90.6170578,89.4129791)  (-9.648252671E-06,5.788951967E-06)
       (-1.953125000E-03,0.00000000)             (1957.69397,0.00000000)        (1.525878906E-04,0.00000000)
   1.80800533               1   0.00000000    
            (254.851990,-3.59979439) (-4.401126716E-05,-8.974846423E-05)           (-19.1139088,0.269985527)  (1.977270877E-04,-1.446007518E-04)            (106.648697,-111.487839)  (-2.868013507E-05,1.114776933E-05)           (-19.1139050,0.269983232)  (-6.957663572E-06,6.472245332E-06)       (1.43354237,-2.024883032E-02)
   (1.078707555E-05,1.725932088E-05)            (-103.171379,107.852753) (-5.393537776E-06,-4.206959602E-06)
       (-1.220703125E-04,0.00000000)             (1944.81567,0.00000000)        (1.525878906E-05,0.00000000)
   1.98057055               1   0.00000000    
            (310.026642,-6.24321890)  (5.081159179E-05,-7.751721569E-05)           (-23.2519951,0.468242854)  (-2.590209479E-04,1.743398898E-04)            (118.568878,-130.334671) (-4.726658972E-06,-1.608079947E-05)           (-23.2519951,0.468240798)  (2.067914551E-07,-2.717829148E-06)       (1.74389863,-3.511816636E-02)
  (-1.474717719E-04,8.318921027E-05)            (-113.949814,125.257553)   (1.397318738E-05,4.726659427E-06)
        (2.197265625E-03,0.00000000)             (1932.05066,0.00000000)       (-1.525878906E-04,0.00000000)
   2.21434522               1   0.00000000    
            (395.453552,-12.3852577)  (4.597572479E-05,-5.073183274E-05)           (-29.6590118,0.928895235) (-1.891874417E-04,-1.885929523E-04)            (134.140045,-156.939346)   (3.107985322E-05,7.854599062E-06)           (-29.6590080,0.928894758) (-9.272762327E-06,-1.981712330E-06)       (2.22442651,-6.966717541E-02)
 (-1.304627222E-04,-4.439035547E-05)            (-127.651337,149.347534)  (-7.555279353E-07,5.680908544E-06)
        (9.765625000E-04,0.00000000)             (1913.11304,0.00000000)       (-7.629394531E-05,0.00000000)
   2.49216318               1   0.00000000    
            (513.992065,-25.7203026) (-8.921371773E-05,-5.947582758E-05)            (-38.5493813,1.92901957) (-6.896221894E-04,-5.412300015E-05)            (151.306000,-189.924454)   (5.557272380E-05,5.668789527E-06)            (-38.5494118,1.92902029)  (5.575858722E-06,-4.460689809E-07)           (2.89120555,-0.144676402)
  (3.955142165E-05,-4.520162838E-05)            (-142.115540,178.387878)  (3.382687510E-06,-1.784274673E-06)
       (-8.544921875E-04,0.00000000)             (1888.25024,0.00000000)        (6.103515625E-05,0.00000000)
   2.80094981               1   0.00000000    
            (669.616394,-52.2258453)  (6.016055704E-05,-1.604281715E-05)            (-50.2212029,3.91693997) (-4.084233369E-04,-4.157762451E-04)            (169.142059,-227.846756)   (4.629020623E-05,2.774070163E-05)            (-50.2212105,3.91694427)  (-1.478947070E-05,5.180492735E-06)           (3.76659012,-0.293770671)
 (-7.486647519E-05,-6.951885734E-05)            (-156.304108,210.553696)  (1.286767474E-05,-5.013380360E-07)
       (-2.441406250E-04,0.00000000)             (1857.77979,0.00000000)        (1.525878906E-05,0.00000000)
   3.18332195               1   0.00000000    
            (898.326477,-113.631050)  (-1.215527009E-04,3.464251349E-04)            (-67.3744354,8.52232742)   (6.913308753E-04,7.452698774E-04)            (188.754898,-275.762939) (-6.172595931E-06,-5.844975021E-05)            (-67.3744888,8.52232361)  (2.279112778E-06,-2.412061258E-05)           (5.05308580,-0.639175117)
  (1.519409125E-06,-2.613382530E-04)            (-170.527710,249.133102)  (-2.943853815E-06,3.741543333E-05)
       (-2.441406250E-04,0.00000000)             (1816.22681,0.00000000)        (1.525878906E-05,0.00000000)
   3.57052422               1   0.00000000    
            (1158.54480,-232.420258)  (-5.112667623E-06,7.498573541E-05)            (-86.8908691,17.4314804) (-6.356745143E-04,-3.323232231E-04)            (204.394531,-324.539795)   (1.203606280E-05,4.228599209E-05)            (-86.8908234,17.4315090) (-2.641543142E-05,-1.065138349E-06)            (6.51681519,-1.30736065)
  (7.328151696E-05,-2.164361067E-04)            (-179.983795,285.780365)  (-6.390829640E-06,1.469890867E-05)
       (-7.324218750E-04,0.00000000)             (1770.26733,0.00000000)        (6.103515625E-05,0.00000000)
   3.91966224               1   0.00000000    
            (1401.32629,-403.121338)   (3.292723850E-04,5.612598034E-04)            (-105.099449,30.2340870)   (1.568721025E-03,4.022361245E-04)            (215.583527,-367.396027) (-6.045235932E-05,-3.262322571E-05)            (-105.099510,30.2340851)  (2.338580884E-07,-3.133700375E-05)            (7.88246059,-2.26755619)
  (8.980155690E-05,-1.646361925E-04)            (-185.075943,315.406372) (-5.846455338E-07,-4.677164327E-07)
       (-1.220703125E-04,0.00000000)             (1725.87842,0.00000000)        (1.525878906E-05,0.00000000)
   4.24014854               1   0.00000000    
            (1636.64722,-606.090088) (-1.275015966E-04,-1.092870734E-04)            (-122.748428,45.4567642)   (1.129805809E-03,4.310768272E-04)            (229.761627,-404.508331) (-5.723657523E-05,-5.034289279E-05)            (-122.748550,45.4567680)   (1.922643241E-05,2.327410039E-05)            (9.20613194,-3.40925837)
 (-1.254777599E-04,-2.630985109E-04)            (-192.348297,338.639160)   (3.541711067E-06,2.504495751E-05)
             (0.00000000,0.00000000)             (1682.99963,0.00000000)             (0.00000000,0.00000000)
   4.50189686               1   0.00000000    
            (1807.31213,-807.364441)  (-6.876058760E-04,7.305811741E-04)            (-135.548477,60.5523529) (-4.066543770E-04,-6.596717867E-04)            (240.640976,-433.343140)   (9.461295122E-05,4.942166561E-05)            (-135.548492,60.5523376)  (6.312006008E-05,-5.909112224E-05)            (10.1661339,-4.54142666)
  (3.545467043E-04,-6.940520834E-04)            (-197.107208,354.948181)  (-2.054759534E-05,7.332670793E-05)
        (2.441406250E-04,0.00000000)             (1646.67371,0.00000000)       (-1.525878906E-05,0.00000000)
   4.78353262               1   0.00000000    
            (1955.90955,-1049.25024) (-7.488874835E-04,-4.794706765E-04)            (-146.693115,78.6938477)  (1.656599576E-03,-2.785496763E-04)            (251.830902,-462.644714) (-7.495296450E-05,-1.997793788E-06)            (-146.693161,78.6937332)   (3.653109889E-05,1.997794425E-05)            (11.0019836,-5.90203714)
  (2.465849102E-04,-4.109748625E-05)            (-201.237579,369.697083) (-3.324900536E-05,-1.712395147E-06)
             (0.00000000,0.00000000)             (1606.47083,0.00000000)             (0.00000000,0.00000000)
   5.11381149               1   0.00000000    
            (2074.22827,-1345.37537)  (1.108139753E-03,-2.001485991E-04)            (-155.567184,100.903168)   (1.099139219E-03,1.093494822E-03)            (264.560455,-494.425751)  (-3.163553265E-05,1.281439290E-05)            (-155.567093,100.903145)  (-5.125757161E-05,1.067866015E-05)            (11.6675348,-7.56773424)
 (-2.587286872E-04,-4.149423330E-05)            (-205.045197,383.199097)  (2.593388854E-05,-6.407195542E-06)
        (1.220703125E-04,0.00000000)             (1558.10864,0.00000000)       (-7.629394531E-06,0.00000000)
   5.42401600               1   0.00000000    
            (2131.47437,-1612.72046)   (5.203684559E-04,3.805680317E-04)            (-159.860458,120.954063)  (-3.773320350E-04,9.061142919E-04)            (276.462891,-521.488770)   (8.252115549E-06,6.504605699E-05)            (-159.860535,120.954063) (-4.449668995E-05,-5.922104538E-05)            (11.9895411,-9.07154560)
  (3.210233699E-04,-2.821898961E-04)            (-207.894287,392.149323)  (-5.663214779E-06,1.100281770E-05)
       (-1.220703125E-04,0.00000000)             (1511.75415,0.00000000)        (7.629394531E-06,0.00000000)
   5.71741486               1   0.00000000    
            (2147.28394,-1839.58386) (-1.522747451E-03,-1.140696229E-03)            (-161.046356,137.968903)  (8.323258226E-05,-1.675568055E-03)            (287.997620,-544.402161)  (-1.680002460E-04,1.251900540E-04)            (-161.046402,137.968765)   (1.100103182E-04,9.653619054E-05)            (12.0784740,-10.3476658)
   (4.339011502E-04,1.369926962E-03)            (-210.202179,397.345337) (-2.899496758E-05,-7.862753409E-05)
        (2.441406250E-04,0.00000000)             (1467.31262,0.00000000)       (-1.525878906E-05,0.00000000)
   5.99647522               1   0.00000000    
            (2139.60059,-2024.18604)  (2.747649269E-04,-1.373824198E-04)            (-160.470139,151.814056)   (1.008902327E-03,5.953239161E-04)            (299.510071,-563.650818)  (-6.198311166E-05,7.584656851E-05)            (-160.469940,151.813980) (-1.001747205E-05,-7.513104265E-06)            (12.0352631,-11.3860464)
  (-2.919377293E-04,1.745902118E-04)            (-212.255920,399.444824)  (7.334221664E-06,-1.860387420E-05)
             (0.00000000,0.00000000)             (1424.69348,0.00000000)             (0.00000000,0.00000000)
   6.39226389               1   0.00000000    
            (2111.98071,-2230.81958)   (2.562878188E-03,5.339329946E-04)            (-158.398682,167.311539)  (1.992332982E-03,-1.012947061E-03)            (317.298096,-586.525452) (-1.783908083E-04,-1.372970746E-05)            (-158.398636,167.311447) (-1.914531022E-04,-5.148638957E-05)            (11.8798990,-12.5483646)
 (-8.054759819E-04,-1.189907780E-04)            (-215.280060,397.947205)   (6.388127076E-05,2.078524994E-05)
             (0.00000000,0.00000000)             (1363.99561,0.00000000)             (0.00000000,0.00000000)
   6.76493645               1   0.00000000    
            (2086.98267,-2371.32715)   (8.879539091E-04,1.775907440E-04)            (-156.523758,177.849564)   (1.444943133E-03,5.747483810E-04)            (336.264221,-603.224182)  (5.650611456E-06,-1.138195439E-04)            (-156.523758,177.849701) (-6.639473577E-05,-2.058439168E-05)            (11.7392845,-13.3387156)
 (-5.376157351E-04,-1.743619214E-04)            (-218.605164,392.155579)   (3.834346353E-05,1.170485120E-05)
        (1.220703125E-04,0.00000000)             (1306.93555,0.00000000)       (-7.629394531E-06,0.00000000)
   7.11812401               1   0.00000000    
            (2075.80786,-2464.54028)   (1.189125614E-04,1.943370327E-03)            (-155.685760,184.840439)   (2.069077920E-03,1.359000089E-05)            (356.823853,-614.701355) (-3.822190592E-06,-5.563407467E-05)            (-155.685654,184.840439)  (4.883908332E-06,-1.486406545E-04)            (11.6764317,-13.8630352)
  (1.834650175E-04,-1.172137680E-03)            (-222.444794,383.205750)  (-5.308595064E-06,6.349079194E-05)
             (0.00000000,0.00000000)             (1253.26257,0.00000000)             (0.00000000,0.00000000)
   7.45459700               1   0.00000000    
            (2081.66284,-2524.60986)  (-3.949491365E-04,6.368999020E-04)            (-156.124908,189.345749)   (2.273625927E-03,1.234660856E-03)            (379.254425,-621.765625) (-5.470578617E-05,-7.027248648E-05)            (-156.124741,189.345718)  (5.537293328E-05,-7.694390661E-05)            (11.7093754,-14.2009335)
  (1.974745683E-04,-4.340882588E-04)            (-226.897827,371.984955)  (-1.968073957E-05,2.668575326E-05)
             (0.00000000,0.00000000)             (1202.74426,0.00000000)             (0.00000000,0.00000000)
   7.88091230               1   0.00000000    
            (2115.35010,-2569.54443)   (6.319457316E-04,7.861705380E-04)            (-158.651169,192.715912)   (2.704577288E-03,4.325818736E-04)            (412.337982,-625.494629)  (1.175494326E-04,-6.629787822E-05)            (-158.651199,192.715820) (-4.020190318E-05,-7.382103649E-05)            (11.8988466,-14.4536819)
 (-6.018530694E-04,-7.523163222E-04)            (-233.805527,354.670990)   (3.914396075E-05,4.584427734E-05)
             (0.00000000,0.00000000)             (1139.92493,0.00000000)             (0.00000000,0.00000000)
   8.48029709               1   0.00000000    
            (2213.57324,-2589.05396)  (-5.342924269E-04,2.104788146E-04)            (-166.017929,194.178940)   (2.226218348E-03,1.157633611E-03)            (469.053070,-621.565613) (-1.467280235E-04,-1.108049546E-04)            (-166.017929,194.178940)  (3.895882037E-05,-4.730714136E-05)            (12.4513578,-14.5634298)
 (-7.063183002E-04,-4.270291538E-04)            (-246.030640,326.028137)   (5.856472126E-05,4.414490104E-05)
       (-1.220703125E-04,0.00000000)             (1054.49072,0.00000000)        (7.629394531E-06,0.00000000)
   8.85738087               1   0.00000000    
            (2305.05957,-2581.52441)  (-2.261794172E-03,5.495946607E-05)            (-172.879303,193.614395) (-1.701630419E-03,-3.170739219E-04)            (511.556519,-614.134583)   (9.102664626E-05,3.672773528E-05)            (-172.879456,193.614487)  (1.812606060E-04,-2.747974213E-05)            (12.9659567,-14.5210743)
  (8.117093821E-04,-2.769112471E-04)            (-255.171875,306.339233)  (-6.579284673E-05,7.530505172E-06)
             (0.00000000,0.00000000)             (1002.79883,0.00000000)             (0.00000000,0.00000000)
   9.39467144               1   0.00000000    
            (2473.40332,-2550.10669)   (1.690506819E-03,2.242051414E-05)            (-185.505051,191.257980)   (4.596206127E-04,5.336082540E-04)            (582.033386,-597.839661) (-1.513384777E-04,-6.277744251E-05)            (-185.505219,191.258026)  (-1.098605280E-04,3.363077485E-05)            (13.9128761,-14.3443556)
 (-1.771220705E-04,-1.322810567E-04)            (-269.902527,277.232361)   (1.513384814E-05,8.407691894E-06)
             (0.00000000,0.00000000)             (932.251282,0.00000000)             (0.00000000,0.00000000)
   9.90285301               1   0.00000000    
            (2672.33862,-2501.77002)  (-1.039865165E-04,1.588157611E-03)            (-200.425156,187.632812)  (-6.262824754E-04,5.908324383E-04)            (659.966431,-577.229187) (-4.549410005E-05,-8.212571265E-05)            (-200.425308,187.632828)  (6.203738394E-06,-1.246656320E-04)            (15.0318842,-14.0724564)
  (1.725230541E-04,-4.809376260E-04)            (-285.324738,249.554657)  (-2.215621862E-06,4.475555761E-05)
             (0.00000000,0.00000000)             (869.145142,0.00000000)             (0.00000000,0.00000000)
   10.3862000               1   0.00000000    
            (2896.49780,-2441.51562)  (5.304377992E-04,-9.344628779E-04)            (-217.237427,183.113754) (-2.776123118E-03,-1.254212693E-03)            (744.590820,-553.886841)  (1.115406558E-04,-2.974417475E-05)            (-217.237396,183.113632)   (1.363274805E-05,6.568505341E-05)            (16.2928085,-13.7335367)
   (3.718021617E-06,6.444571773E-05)            (-300.948975,223.870255) (-1.239340691E-05,-3.485645721E-06)
             (0.00000000,0.00000000)             (812.549500,0.00000000)             (0.00000000,0.00000000)
   10.8480320               1   0.00000000    
            (3142.11646,-2372.64453)   (3.029010259E-04,1.514505362E-03)            (-235.659027,177.948303)   (2.946166089E-03,2.506053308E-03)            (835.130676,-528.965759) (-2.022576882E-05,-1.427130046E-04)            (-235.658798,177.948334) (-2.912510172E-05,-9.255310579E-05)            (17.6744385,-13.3461237)
 (-1.475672034E-04,-9.915479459E-04)            (-316.404175,200.407745)  (-1.051739673E-06,7.022386126E-05)
        (1.220703125E-04,0.00000000)             (761.661316,0.00000000)       (-7.629394531E-06,0.00000000)
   11.4348297               1   0.00000000    
            (3498.32886,-2271.43848)  (-1.921172487E-03,1.088846242E-03)            (-262.374908,170.357941)  (-4.229854094E-04,1.861135825E-03)            (963.772827,-494.680359)  (1.859089098E-04,-4.127519787E-05)            (-262.374695,170.357849)  (1.309890358E-04,-7.351076783E-05)            (19.6781235,-12.7768564)
  (3.452106903E-04,-3.779579711E-04)            (-336.302612,172.615372)  (-2.967720320E-05,1.807921581E-05)
             (0.00000000,0.00000000)             (701.503662,0.00000000)             (0.00000000,0.00000000)
   12.1284685               1   0.00000000    
            (3983.10010,-2135.57202)  (3.068144433E-04,-6.281014066E-04)            (-298.732605,160.167847)  (3.647040110E-03,-6.917797728E-04)            (1135.12415,-451.885712)  (-3.093471241E-05,1.628143309E-06)            (-298.732666,160.167984)  (-1.119800363E-04,3.274375922E-05)            (22.4049492,-12.0125885)
  (-2.185329504E-04,1.201207560E-04)            (-359.536682,143.128998)  (7.507547707E-06,-9.135690561E-06)
             (0.00000000,0.00000000)             (636.757751,0.00000000)             (0.00000000,0.00000000)
   13.0377111               1   0.00000000    
            (4722.84912,-1938.19324)  (3.764876456E-04,-4.589415330E-04)            (-354.213654,145.364563)  (3.802214283E-03,-2.364715619E-04)            (1390.18921,-394.568420)  (-4.254932865E-04,5.483962377E-05)            (-354.213837,145.364487)  (-4.920008359E-05,2.391941234E-05)            (26.5660381,-10.9023504)
  (-1.357377914E-04,3.344828656E-05)            (-388.496094,110.264328)  (2.158581083E-05,-8.702387277E-06)
             (0.00000000,0.00000000)             (561.807068,0.00000000)             (0.00000000,0.00000000)
   14.0047493               1   0.00000000    
            (5637.83057,-1715.00623) (-3.409098135E-04,-7.687181351E-04)            (-422.837372,128.625458)  (5.514717195E-04,-2.372999588E-04)            (1697.27612,-334.679260)   (2.888960007E-04,2.266465526E-05)            (-422.837372,128.625305)   (8.449633606E-05,7.833405834E-05)            (31.7127876,-9.64691544)
   (4.052481963E-04,9.776091611E-05)            (-416.547485,82.1372986) (-3.598144394E-05,-7.911739885E-06)
             (0.00000000,0.00000000)             (493.385559,0.00000000)             (0.00000000,0.00000000)
   15.1268578               1   0.00000000    
            (6859.57812,-1453.56580)   (5.667772493E-04,2.138952259E-04)            (-514.468445,109.017265)  (6.227329723E-04,-1.805022475E-05)            (2096.70410,-268.877472) (-2.155874390E-04,-3.215197648E-05)            (-514.468445,109.017380)   (8.043634443E-05,1.703490670E-05)            (38.5851173,-8.17629814)
   (2.075776865E-05,1.441762142E-04)            (-445.068298,57.0748634)  (8.136706128E-06,-1.235312629E-05)
             (0.00000000,0.00000000)             (426.741119,0.00000000)             (0.00000000,0.00000000)
   16.1712914               1   0.00000000    
            (8142.58740,-1219.63843) (-2.373470488E-04,-5.470560282E-04)            (-610.693970,91.4727936)  (1.026091748E-03,-2.170857042E-04)            (2507.31030,-212.240585)  (5.125634925E-05,-4.196990631E-05)            (-610.693970,91.4728928)  (-5.553775918E-05,6.126641529E-05)            (45.8020325,-6.86045980)
  (-1.357991714E-04,8.020111272E-05)            (-467.850739,39.6029816)  (4.257291948E-05,-4.688447916E-06)
             (0.00000000,0.00000000)             (375.123260,0.00000000)             (0.00000000,0.00000000)
   17.1522446               1   0.00000000    
            (9466.63379,-1015.10449) (-5.746120005E-04,-2.732349385E-04)            (-709.997375,76.1329346)  (1.304779016E-05,-4.518098140E-04)            (2925.20044,-163.269302)  (1.377367589E-04,-1.343148938E-06)            (-709.997559,76.1328430)  (-5.148737728E-06,1.061727653E-05)            (53.2497902,-5.70996475)
   (2.072288044E-05,6.408741319E-05)            (-486.324829,27.1440773)  (1.586993676E-06,-2.438455795E-06)
             (0.00000000,0.00000000)             (334.230042,0.00000000)             (0.00000000,0.00000000)
   18.5265408               1   0.00000000    
            (11499.6885,-758.978516)  (-5.124661839E-04,1.203031279E-03)            (-862.476440,56.9233093)   (5.955191329E-03,7.030002889E-04)            (3561.04175,-101.090843)  (-1.799469028E-04,5.656264875E-06)            (-862.476562,56.9232788) (-1.476241741E-04,-3.674412801E-05)            (64.6857071,-4.26925182)
 (-6.155051524E-04,-9.385080193E-05)            (-508.256958,14.4283495)   (1.379955756E-05,8.405597328E-06)
             (0.00000000,0.00000000)             (286.932892,0.00000000)             (0.00000000,0.00000000)
   19.8057060               1   0.00000000    
            (13563.6221,-553.155396)  (9.069277439E-04,-2.918712271E-04)            (-1017.27179,41.4868393)  (4.817056935E-03,-9.216985927E-05)            (4204.45361,-49.1031532)  (4.375852950E-05,-4.261379217E-05)            (-1017.27179,41.4866257) (-9.416392459E-06,-1.587862425E-05)            (76.2954102,-3.11150432)
  (6.122501509E-05,-2.090069756E-05)            (-525.380249,6.13586998)   (1.221361435E-05,7.542345429E-06)
             (0.00000000,0.00000000)             (251.211136,0.00000000)             (0.00000000,0.00000000)
   21.0071239               1   0.00000000    
            (15642.0576,-385.708740) (-5.765386159E-04,-3.384031297E-04)            (-1173.15417,28.9281921)  (-2.410182497E-03,8.046475123E-04)            (4853.71094,-4.61975908)  (1.746066118E-04,-5.170047734E-05)            (-1173.15454,28.9281254)   (2.346888505E-04,3.423198359E-05)            (87.9865952,-2.16960883)
   (3.546965891E-04,7.676738278E-06)           (-539.234375,0.513195813)  (-2.536065222E-05,4.141913450E-06)
             (0.00000000,0.00000000)             (223.346146,0.00000000)             (0.00000000,0.00000000)
   22.1434517               1   0.00000000    
            (17726.5430,-246.778198)   (2.541876165E-03,3.699194713E-05)            (-1329.49158,18.5083714)   (2.342384076E-03,7.398392190E-04)             (5508.09814,34.1775017)  (1.703446906E-04,-3.558824756E-05)            (-1329.49023,18.5083447)  (-1.835560979E-04,2.311997559E-05)            (99.7118835,-1.38812292)
  (-1.321142190E-05,5.713936844E-05)           (-550.784790,-3.41757345)  (4.551745860E-06,-1.372748557E-06)
             (0.00000000,0.00000000)             (201.027222,0.00000000)        (9.536743164E-07,0.00000000)
   23.5735054               1   0.00000000    
            (20508.4785,-93.3074646) (-1.461314736E-03,-7.904319791E-04)            (-1538.13501,6.99796343)  (1.738387742E-03,-5.344557212E-05)             (6388.16504,79.1308823)   (1.431954734E-04,2.725022341E-06)            (-1538.13477,6.99809980)   (1.777417056E-04,2.795344335E-05)           (115.360107,-0.524855137)
   (5.766495451E-05,5.098427209E-05)           (-563.655029,-6.98213577)   (1.285594408E-06,1.351522656E-06)
             (0.00000000,0.00000000)             (177.382874,0.00000000)             (0.00000000,0.00000000)
   25.5690556               1   0.00000000    
             (24680.0469,91.9607010)   (7.810676470E-04,1.952669118E-04)           (-1851.00256,-6.89707375)   (5.964793731E-03,7.169957389E-04)             (7724.18408,135.618698)   (1.590357715E-04,5.205846901E-05)           (-1851.00220,-6.89707375) (-1.342460018E-04,-1.258556404E-05)            (138.825211,0.517275929)
  (4.309602082E-05,-1.144142152E-05)           (-579.312744,-10.1714239)  (6.376208148E-06,-4.290533013E-07)
             (0.00000000,0.00000000)             (150.777023,0.00000000)             (0.00000000,0.00000000)
   28.5870743               1   0.00000000    
             (31625.9199,333.413239) (-8.275506087E-03,-6.037775893E-04)           (-2371.94189,-25.0061989)  (6.054831203E-03,-4.434523362E-05)             (9993.28027,208.701157) (-1.023671590E-03,-4.924881068E-05)           (-2371.94336,-25.0061111) (-3.807721660E-04,-5.692394916E-05)             (177.895615,1.87545717)
   (2.549851488E-04,3.006096085E-05)           (-599.596741,-12.5220585) (-1.742896166E-05,-9.993669892E-07)
       (-1.525878906E-05,0.00000000)             (120.621803,0.00000000)        (9.536743164E-07,0.00000000)
   31.3155708               1   0.00000000    
             (38570.5156,531.170471)  (-2.507360885E-03,2.092581271E-04)           (-2892.78857,-39.8377762)   (1.195573993E-02,1.094868523E-03)             (12314.4150,262.356567) (-2.625068591E-04,-1.410623954E-04)           (-2892.78906,-39.8377838)  (-2.382179810E-05,2.966047032E-05)             (216.959106,2.98782706)
  (2.370502334E-04,-3.433141319E-05)           (-615.720703,-13.1178665)  (-3.006918632E-06,8.612047168E-06)
             (0.00000000,0.00000000)             (100.518173,0.00000000)             (0.00000000,0.00000000)
   36.1601067               1   0.00000000    
             (52488.5781,864.785034)  (-5.212314427E-03,9.665219695E-04)           (-3936.64111,-64.8588028)  (-2.685981744E-04,2.545749885E-04)             (17100.3203,327.387726)  (1.676041866E-04,-6.472245150E-05)           (-3936.64355,-64.8587418)  (2.726433158E-04,-3.101283801E-05)             (295.248138,4.86441946)
  (1.786609355E-04,-2.831607162E-06)           (-641.262451,-12.2770271)   (7.652081877E-06,2.022576666E-07)
             (0.00000000,0.00000000)             (75.3886261,0.00000000)             (0.00000000,0.00000000)
   40.4282303               1   0.00000000    
             (66476.2969,1154.55591)   (1.071920991E-02,9.021118167E-04)           (-4985.72266,-86.5918732)  (1.430519391E-02,-1.630554907E-03)             (22049.4707,351.338013)   (4.100036458E-04,6.331658824E-06)           (-4985.72168,-86.5916977) (-2.188947692E-04,-1.266333311E-05)             (373.929108,6.49439955)
 (-1.070353028E-05,-4.070356954E-05)           (-661.484253,-10.5401230)   (6.463576938E-06,1.130654709E-06)
             (0.00000000,0.00000000)             (60.3108940,0.00000000)             (0.00000000,0.00000000)
  0.571741462               1   0.00000000    
       (37.0054741,-8.934161626E-03)  (1.555494782E-05,-1.200732822E-05)       (-2.96044016,7.147095748E-04)  (-1.503900876E-05,3.470869387E-06)            (44.3265800,-29.0203686)   (7.302041354E-07,1.101568841E-06)       (-2.96044016,7.147403667E-04) (-7.504580140E-07,-5.798993357E-07)      (0.236835226,-5.717811655E-05)
 (-1.992124817E-05,-1.091575541E-06)            (-44.1418610,28.8994141)   (1.995535968E-06,1.296245614E-06)
       (-2.441406250E-04,0.00000000)             (3002.98047,0.00000000)        (1.525878906E-05,0.00000000)
  0.700237453               1   0.00000000    
       (55.7097473,-3.015674278E-02) (-3.008027988E-06,-1.303478803E-05)       (-4.45677614,2.412594156E-03) (-5.790975774E-05,-6.825507626E-06)            (60.3377953,-42.8702393)   (1.053592996E-06,2.728636446E-07)       (-4.45677614,2.412558300E-03)   (9.608977507E-07,2.506689725E-06)      (0.356542110,-1.930063154E-04)
  (4.645732042E-05,-7.018731594E-06)            (-59.9623032,42.6034889) (-2.757358970E-06,-1.921795501E-06)
       (-6.347656250E-03,0.00000000)             (2996.78101,0.00000000)        (5.187988281E-04,0.00000000)
  0.808564544               1   0.00000000    
       (74.5554810,-7.145588100E-02)  (-1.852464629E-05,2.508545913E-05)       (-5.96443939,5.716352258E-03)  (-2.169650907E-05,1.939298636E-05)            (74.5936279,-56.3360901) (-3.395355861E-06,-1.689952001E-06)       (-5.96443748,5.716391373E-03) (-3.859300932E-07,-2.846234793E-06)      (0.477154881,-4.573030747E-04)
   (6.174882401E-06,2.045429756E-05)            (-73.9755173,55.8692551) (-5.210056770E-06,-2.894475983E-07)
       (-5.126953125E-03,0.00000000)             (2990.55811,0.00000000)        (4.119873047E-04,0.00000000)
  0.904002666               1   0.00000000    
           (93.5465775,-0.139884025)  (-8.629656350E-07,1.024772246E-05)       (-7.48372698,1.119064353E-02) (-6.014131577E-05,-1.119159151E-05)            (87.5614853,-69.4890518)   (1.817105954E-06,1.227029770E-06)       (-7.48372602,1.119071804E-02)  (-5.393537776E-07,2.366414492E-06)      (0.598697603,-8.952490753E-04)
  (2.675194810E-05,-3.484225454E-05)            (-86.6558075,68.7703247)  (2.696768888E-07,-4.099088983E-06)
        (4.882812500E-04,0.00000000)             (2984.35352,0.00000000)       (-3.051757812E-05,0.00000000)
   1.00665474               1   0.00000000    
           (116.532288,-0.267244756)   (5.477462037E-05,9.489463991E-06)       (-9.32258606,2.137972601E-02)  (-2.597590355E-05,1.159155909E-05)            (101.853447,-84.7627945) (-3.963953077E-06,-1.088585648E-07)       (-9.32258797,2.137946710E-02) (-1.441437462E-06,-2.552546050E-07)      (0.745807111,-1.710368437E-03)
  (2.882876288E-06,-2.906898771E-05)            (-100.548996,83.6773148)  (-4.984971383E-06,2.957949846E-06)
        (4.882812500E-04,0.00000000)             (2976.92725,0.00000000)       (-4.577636719E-05,0.00000000)
   1.14348292               1   0.00000000    
           (151.428207,-0.573552191)  (-5.457876341E-06,2.401465645E-05)       (-12.1142559,4.588396847E-02)  (-2.918257960E-04,7.634203939E-05)            (121.116699,-107.049683)  (3.577467169E-06,-5.845897249E-06)       (-12.1142540,4.588412121E-02) (-3.752289786E-06,-5.321429398E-06)      (0.969140351,-3.670758102E-03)
   (1.200732731E-05,4.257143883E-05)            (-119.120300,105.285065)  (-9.414836313E-06,9.721841707E-06)
       (-4.150390625E-03,0.00000000)             (2965.83984,0.00000000)        (3.204345703E-04,0.00000000)
   1.27845287               1   0.00000000    
            (190.798492,-1.12505782)  (-6.468217180E-05,6.834342639E-05)       (-15.2638931,9.000390768E-02)  (-7.032659778E-05,1.378309826E-04)            (140.350494,-130.722946)  (8.738386896E-06,-1.314333258E-05)       (-15.2638855,9.000390768E-02) (-6.102091447E-06,-4.271463695E-06)       (1.22111094,-7.200395223E-03)
  (-1.440093620E-04,7.932719018E-05)            (-137.466675,128.036926)   (1.372970814E-06,4.271464149E-06)
        (9.765625000E-04,0.00000000)             (2953.58301,0.00000000)       (-7.629394531E-05,0.00000000)
   1.43505979               1   0.00000000    
            (242.933594,-2.26519942) (-5.890639659E-05,-1.369914003E-06)           (-19.4346981,0.181217253)  (-7.192063094E-06,1.404164323E-05)            (162.454910,-160.268188)  (2.083770960E-05,-2.317084636E-06)           (-19.4346790,0.181216851) (-1.626775656E-06,-4.366607754E-06)       (1.55477583,-1.449736394E-02)
 (-2.191865860E-05,-6.849581041E-06)            (-158.264221,156.133499)  (4.195368092E-06,-5.479664651E-06)
        (2.441406250E-03,0.00000000)             (2937.75293,0.00000000)       (-1.983642578E-04,0.00000000)
   1.61712909               1   0.00000000    
            (312.794250,-4.64607859)  (-7.950160216E-05,7.564230327E-05)           (-25.0235424,0.371684283) (-8.162421727E-05,-2.887722221E-04)            (187.939590,-196.895248)  (-3.738706766E-07,2.276384657E-05)           (-25.0235367,0.371687740)  (-5.837193385E-06,4.438196356E-06)       (2.00188351,-2.973490581E-02)
  (1.065167235E-04,-6.174879672E-06)            (-181.811829,190.475677)  (1.206031811E-06,-2.701510994E-06)
       (-2.441406250E-04,0.00000000)             (2917.22363,0.00000000)        (1.525878906E-05,0.00000000)
   1.80800533               1   0.00000000    
            (397.467926,-9.10686016) (-1.510193215E-06,-2.071117524E-05)           (-31.7974472,0.728547871)   (1.035559253E-04,1.538102078E-04)            (213.872528,-237.510590)  (1.442771554E-05,-1.099607562E-05)           (-31.7974415,0.728546619)  (7.483533409E-06,-6.472245104E-07)       (2.54379582,-5.828377232E-02)
   (8.651235112E-05,6.385948654E-05)            (-205.203506,227.883392)  (3.236122666E-06,-3.451864359E-06)
       (-4.882812500E-04,0.00000000)             (2893.31616,0.00000000)        (4.577636719E-05,0.00000000)
   1.98057055               1   0.00000000    
            (484.653107,-15.9136734)   (1.169848201E-05,4.537593486E-05)            (-38.7722435,1.27309084)  (-1.172211632E-04,7.562654355E-05)            (236.416412,-275.823792)       (0.00000000,-7.326321793E-06)            (-38.7722435,1.27308929)  (-1.152031018E-05,8.035321116E-06)           (3.10177970,-0.101847097)
 (-2.208236401E-05,-1.361277973E-04)            (-224.980377,262.480957)  (-7.173998256E-06,1.087131750E-05)
        (1.220703125E-03,0.00000000)             (2869.66943,0.00000000)       (-1.068115234E-04,0.00000000)
   2.21434522               1   0.00000000    
            (619.829712,-31.4827003)   (6.341479457E-05,9.723601397E-05)            (-49.5863914,2.51861286)  (2.758543415E-04,-8.904493734E-05)            (265.245697,-329.250061)   (1.228661677E-05,1.172513112E-05)            (-49.5864105,2.51861644)  (2.047769613E-06,-7.398391972E-06)           (3.96691179,-0.201488808)
   (6.605708040E-05,1.014636655E-04)            (-249.337708,309.503113)  (-9.380104530E-06,1.109758887E-05)
        (7.324218750E-04,0.00000000)             (2834.68750,0.00000000)       (-6.103515625E-05,0.00000000)
   2.49216318               1   0.00000000    
            (808.155579,-63.8651276)  (-3.223589738E-04,1.332258544E-04)            (-64.6524582,5.10922241)  (-1.730746153E-04,3.443650494E-04)            (297.732269,-394.938019) (-2.349295028E-05,-6.244962606E-06)            (-64.6524353,5.10921383) (-3.271170044E-06,-8.623995200E-06)           (5.17219496,-0.408737391)
 (-3.330645995E-05,-2.379032958E-04)            (-275.358154,365.259155)   (7.434482541E-08,5.055445399E-06)
        (7.324218750E-04,0.00000000)             (2788.93066,0.00000000)       (-6.103515625E-05,0.00000000)
   2.80094981               1   0.00000000    
            (1052.80798,-128.617828) (-3.475943231E-04,-4.759368312E-04)            (-84.2246933,10.2894335)   (9.759378736E-05,3.836906690E-04)            (330.445190,-468.903046) (-2.907760063E-05,-1.102943588E-05)            (-84.2246017,10.2894325)   (3.024739090E-05,3.943858610E-05)           (6.73797417,-0.823155403)
  (4.438511969E-04,-3.743325942E-05)            (-299.498138,424.988770) (-4.846266893E-05,-8.689858987E-06)
       (-4.882812500E-04,0.00000000)             (2733.12793,0.00000000)        (4.577636719E-05,0.00000000)
   3.18332195               1   0.00000000    
            (1391.30225,-279.948212)  (-2.674158895E-04,2.643770713E-04)            (-111.304214,22.3958626)  (3.114787687E-04,-8.447911823E-04)            (363.648071,-560.805176)   (1.899223463E-07,6.457486597E-05)            (-111.304222,22.3958664)  (-3.038816885E-06,9.496303392E-06)            (8.90433693,-1.79167128)
  (9.420332208E-05,-1.124362025E-04)            (-320.473663,494.222656)  (-2.032208977E-05,9.496302482E-06)
             (0.00000000,0.00000000)             (2657.51953,0.00000000)             (0.00000000,0.00000000)
   3.57052422               1   0.00000000    
            (1755.69336,-529.704712)  (6.850969512E-04,-3.851539805E-04)            (-140.455429,42.3763313)  (-4.183863057E-04,2.999429707E-04)            (395.585175,-650.062195)  (-6.049985677E-05,7.668995750E-06)            (-140.455460,42.3763542)  (-4.324461406E-05,1.917248846E-05)            (11.2364302,-3.39010453)
  (-4.090131260E-04,5.521677085E-04)            (-337.734436,554.998535)  (2.662845691E-05,-4.729213833E-05)
        (2.441406250E-04,0.00000000)             (2574.55786,0.00000000)       (-1.525878906E-05,0.00000000)
   3.91966224               1   0.00000000    
            (2076.16626,-833.722229)  (5.013920600E-04,-1.223546220E-03)            (-166.093384,66.6977997)  (1.904541394E-03,-3.079445334E-03)            (428.975739,-725.019470)  (-1.538787328E-04,1.866188832E-04)            (-166.093292,66.6978531)  (-5.495667938E-05,7.530234871E-05)            (13.2874737,-5.33582830)
  (-3.217888880E-04,1.294639194E-03)            (-354.941071,599.891357)  (9.120471077E-06,-8.278581663E-05)
             (0.00000000,0.00000000)             (2495.10522,0.00000000)             (0.00000000,0.00000000)
   4.24014854               1   0.00000000    
            (2314.53027,-1167.29321)  (-5.788167473E-04,8.500108379E-05)            (-185.162521,93.3835831)  (-1.088570105E-03,1.695973449E-03)            (458.603973,-788.873169)  (6.939540617E-05,-5.059587420E-05)            (-185.162613,93.3834991)   (3.187539915E-05,4.553627150E-06)            (14.8130131,-7.47068214)
  (3.157183528E-04,-2.590508666E-04)            (-367.880798,632.814941) (-3.086348079E-05,-6.830442544E-06)
             (0.00000000,0.00000000)             (2418.99341,0.00000000)             (0.00000000,0.00000000)
   4.50189686               1   0.00000000    
            (2455.65747,-1456.15381)  (6.403329317E-04,-3.695880587E-04)            (-196.452637,116.492165)   (9.981028270E-04,2.239016583E-03)            (482.614105,-836.962158)  (5.400458394E-05,-1.702898880E-04)            (-196.452621,116.492310)  (-2.766538819E-05,2.471083280E-05)            (15.7162189,-9.31937313)
  (-4.727289779E-04,4.512413288E-04)            (-376.901031,653.631226)  (2.659100392E-05,-3.357449896E-05)
             (0.00000000,0.00000000)             (2355.01074,0.00000000)             (0.00000000,0.00000000)
   4.78353262               1   0.00000000    
            (2553.07910,-1759.59448) (-1.716961619E-03,-2.073139651E-03)            (-204.246216,140.767563) (-1.203528489E-03,-1.753492630E-03)            (508.836365,-884.190674)   (4.041966167E-05,6.564181967E-05)            (-204.246216,140.767670)   (9.304013656E-05,1.877926843E-04)            (16.3396931,-11.2614107)
   (4.657715035E-04,1.319685951E-03)            (-385.523071,669.911011) (-2.711292473E-05,-9.732112812E-05)
             (0.00000000,0.00000000)             (2284.73975,0.00000000)             (0.00000000,0.00000000)
   5.11381149               1   0.00000000    
            (2608.83545,-2079.99561) (-1.142311608E-03,-1.508436981E-03)            (-208.707062,166.399658)  (1.088613062E-03,-3.114507534E-03)            (540.902466,-933.185303)   (9.237040649E-05,1.836729498E-04)            (-208.707001,166.399597)   (9.061605670E-05,1.214316217E-04)            (16.6965542,-13.3119640)
   (9.519262821E-04,7.224876317E-04)            (-394.790649,681.106873) (-6.285154814E-05,-5.583413440E-05)
       (-2.441406250E-04,0.00000000)             (2200.96875,0.00000000)        (3.051757812E-05,0.00000000)
   5.42401600               1   0.00000000    
            (2624.81396,-2331.06958)  (-1.687961631E-03,6.679357029E-04)            (-209.984985,186.485733) (-3.803091357E-03,-1.708672731E-03)            (573.207703,-972.559509)   (2.614787081E-04,1.605116850E-04)            (-209.984955,186.485504)  (1.245907188E-04,-6.472245877E-05)            (16.7988014,-14.9188461)
 (-1.682783768E-04,-6.627579569E-04)            (-403.257690,684.206360)  (-3.236124030E-06,6.342800771E-05)
       (-2.441406250E-04,0.00000000)             (2121.47021,0.00000000)        (3.051757812E-05,0.00000000)
   5.71741486               1   0.00000000    
            (2626.42603,-2520.68262)   (1.904798904E-03,2.221355680E-03)            (-210.114029,201.654694)  (-2.065806184E-03,7.968499558E-04)            (606.503967,-1003.68787)   (2.372470481E-04,2.456044422E-05)            (-210.114136,201.654678) (-1.920490322E-04,-1.125687049E-04)            (16.8091202,-16.1323700)
 (-1.672839280E-03,-1.249853754E-03)            (-411.501404,680.984375)   (1.415636798E-04,9.517172293E-05)
        (1.220703125E-04,0.00000000)             (2045.99365,0.00000000)             (0.00000000,0.00000000)
   5.99647522               1   0.00000000    
            (2628.53882,-2660.70898) (-1.453964273E-03,-6.353938370E-04)            (-210.282852,212.856705)   (1.345202618E-04,1.408170210E-03)            (641.339417,-1027.70374)  (4.382643965E-05,-2.883600537E-04)            (-210.282974,212.856598)   (8.192859968E-05,1.051834333E-04)            (16.8226299,-17.0285320)
   (6.010482321E-04,4.522172385E-04)            (-419.891235,672.847656) (-1.359514044E-05,-2.790581493E-05)
             (0.00000000,0.00000000)             (1974.30615,0.00000000)             (0.00000000,0.00000000)
   6.39226389               1   0.00000000    
            (2647.92627,-2801.71313)  (-3.051046588E-05,3.465987742E-03)            (-211.833908,224.137039)  (-2.517112531E-03,2.013690071E-03)            (697.243225,-1052.43689)  (9.534513197E-07,-1.952669118E-04)            (-211.834061,224.137161) (-2.288283440E-06,-2.936631499E-04)            (16.9467087,-17.9309692)
  (6.712300819E-05,-2.343202941E-03)            (-433.160492,653.824707)  (-2.784078970E-05,1.998434891E-04)
       (-2.441406250E-04,0.00000000)             (1873.40320,0.00000000)        (2.288818359E-05,0.00000000)
   6.76493645               1   0.00000000    
            (2693.75977,-2884.76709)   (3.823044943E-03,1.246364438E-03)            (-215.500854,230.781357)   (2.037450438E-03,9.622192010E-04)            (758.183044,-1065.97803)  (-1.505485561E-04,9.767492884E-05)            (-215.500870,230.781372) (-2.954464580E-04,-7.749416545E-05)            (17.2400742,-18.4625092)
 (-1.633835258E-03,-6.490135565E-04)            (-447.498688,629.168457)   (1.273406669E-04,5.247000081E-05)
       (-1.220703125E-04,0.00000000)             (1779.85242,0.00000000)        (7.629394531E-06,0.00000000)
   7.11812401               1   0.00000000    
            (2766.41113,-2928.89233)   (2.296710387E-03,2.500560367E-03)            (-221.312943,234.311401)   (7.814243872E-05,3.472245997E-03)            (824.521240,-1070.47729) (-2.709506662E-04,-1.223100116E-04)            (-221.312805,234.311447) (-1.877119066E-04,-1.928081620E-04)            (17.7050362,-18.7449112)
 (-1.488105394E-03,-2.058885526E-03)            (-462.917419,601.004456)   (1.034114248E-04,1.647787867E-04)
       (-2.441406250E-04,0.00000000)             (1693.03442,0.00000000)        (1.525878906E-05,0.00000000)
   7.45459700               1   0.00000000    
            (2863.32764,-2946.11963)  (2.262951573E-03,-2.049465664E-03)            (-229.066422,235.689285) (-2.312764991E-04,-2.206021745E-04)            (896.374756,-1067.71252)   (1.734573925E-05,1.396554435E-04)            (-229.066315,235.689423)  (-1.067429985E-04,1.979193039E-04)            (18.3253059,-18.8551369)
  (-1.053197775E-03,5.835284246E-04)            (-479.283447,570.896240)  (8.961964340E-05,-5.248197704E-05)
             (0.00000000,0.00000000)             (1612.38489,0.00000000)             (0.00000000,0.00000000)
   7.88091230               1   0.00000000    
            (3025.15186,-2940.06396) (-4.062508524E-04,-2.061346779E-03)            (-242.012177,235.205048) (-1.226275577E-03,-2.362273168E-03)            (1000.63257,-1055.16956)   (2.477941744E-04,1.321255550E-04)            (-242.012222,235.205154)   (2.492048225E-05,2.238141024E-04)            (19.3609772,-18.8164043)
  (-1.880794298E-05,7.297468837E-04)            (-502.239746,529.613159)  (1.786751818E-05,-5.313233851E-05)
             (0.00000000,0.00000000)             (1513.56958,0.00000000)             (0.00000000,0.00000000)
   8.48029709               1   0.00000000    
            (3325.34741,-2889.79126)  (-7.164374692E-04,6.071504322E-04)            (-266.027740,231.183487)  (-2.481221454E-03,5.585784093E-04)            (1174.15393,-1022.68506) (-2.150324726E-04,-7.538785576E-05)            (-266.027649,231.183395)  (1.619067916E-05,-9.714406769E-05)            (21.2822189,-18.4946747)
  (4.310768272E-04,-4.290529760E-04)            (-538.053772,468.642853)  (-6.324486094E-06,5.869121378E-05)
             (0.00000000,0.00000000)             (1381.86560,0.00000000)             (0.00000000,0.00000000)
   8.85738087               1   0.00000000    
            (3556.96997,-2837.89136)  (-7.609775639E-04,1.285206527E-03)            (-284.558014,227.031235)  (-1.957403263E-03,1.428946736E-03)            (1300.30737,-994.821228)  (1.432117278E-04,-1.004067599E-04)            (-284.557739,227.031464) (-5.284566578E-05,-1.019921256E-04)            (22.7646389,-18.1624985)
 (-9.448804194E-04,-3.170739801E-04)            (-562.164429,430.093445)   (4.597572479E-05,2.695128387E-05)
             (0.00000000,0.00000000)             (1303.71790,0.00000000)             (0.00000000,0.00000000)
   9.39467144               1   0.00000000    
            (3943.30859,-2741.86353)  (-1.188287279E-03,2.237567678E-03)            (-315.464630,219.348923)   (3.497600555E-04,1.614277135E-03)            (1503.44958,-947.291016) (-1.639500260E-04,-2.544728632E-04)            (-315.464752,219.349091)  (3.503205517E-05,-1.513384777E-04)            (25.2371674,-17.5479259)
  (1.558225835E-03,-5.223980406E-04)            (-597.771545,376.643860)  (-1.140643726E-04,3.419128552E-05)
             (0.00000000,0.00000000)             (1198.98157,0.00000000)             (0.00000000,0.00000000)
   9.90285301               1   0.00000000    
            (4369.14941,-2631.19531)  (-5.719257751E-04,1.848123735E-03)            (-349.531769,210.495697)   (1.701597474E-03,6.144656800E-04)            (1721.13184,-895.890625)  (1.530255977E-04,-1.813855633E-04)            (-349.531921,210.495636)  (2.983704144E-05,-1.122581743E-04)            (27.9625568,-16.8396549)
 (-3.261395032E-04,-7.657188689E-04)            (-631.942688,328.940430)   (2.437184048E-05,7.252467913E-05)
       (-6.103515625E-05,0.00000000)             (1107.20557,0.00000000)             (0.00000000,0.00000000)
   10.3862000               1   0.00000000    
            (4828.38965,-2511.58521)  (1.407890930E-03,-8.477090159E-04)            (-386.271179,200.926834)  (-2.077134792E-03,1.298828982E-03)            (1951.13147,-842.944458)  (-4.306711344E-05,3.408187331E-05)            (-386.271179,200.926819)  (-6.816379937E-06,6.010802099E-05)            (30.9016609,-16.0741482)
  (-5.589426146E-04,2.726549428E-05)            (-664.146423,286.929504)  (3.253268733E-05,-1.719584907E-05)
             (0.00000000,0.00000000)             (1026.46106,0.00000000)             (0.00000000,0.00000000)
   10.8480320               1   0.00000000    
            (5316.28418,-2387.06152)  (-7.352470420E-04,1.009670203E-03)            (-425.303162,190.964752)   (1.677606022E-03,5.799131468E-04)            (2191.49097,-789.979675) (-2.880148895E-05,-5.113073712E-05)            (-425.302795,190.964798)  (5.436686115E-05,-4.142237231E-05)            (34.0242233,-15.2771835)
  (3.249067231E-04,-1.876951137E-04)            (-694.127197,250.216461)  (-1.407713535E-05,1.893131775E-05)
        (6.103515625E-05,0.00000000)             (955.136597,0.00000000)       (-3.814697266E-06,0.00000000)
   11.4348297               1   0.00000000    
            (6004.71729,-2218.42578)  (-1.921172487E-03,8.896338404E-04)            (-480.377655,177.473846)  (-5.321428762E-04,1.604615711E-03)            (2525.21582,-720.964539) (-2.524267620E-05,-1.882967335E-04)            (-480.377380,177.474121)  (7.743363676E-05,-4.025183807E-05)            (38.4302101,-14.1979132)
 (-9.141943883E-05,-3.247436543E-04)            (-730.539368,208.573608)  (-3.922848919E-06,3.291781832E-05)
             (0.00000000,0.00000000)             (872.390747,0.00000000)             (0.00000000,0.00000000)
   12.1284685               1   0.00000000    
            (6915.62158,-2010.18750)   (4.052266479E-03,8.857097127E-04)            (-553.250000,160.814896)   (5.945254117E-03,6.425738684E-04)            (2959.21631,-638.975159) (-3.100707545E-04,-2.279399814E-05)            (-553.249756,160.814880) (-3.429954231E-04,-9.949762170E-05)            (44.2599907,-12.8651924)
 (-1.560846344E-03,-2.228746598E-04)            (-770.566101,166.386139)   (1.201207633E-04,6.331665645E-06)
             (0.00000000,0.00000000)             (785.233704,0.00000000)             (0.00000000,0.00000000)
   13.0377111               1   0.00000000    
            (8263.71387,-1733.64124)  (-1.484170207E-03,2.122021047E-03)            (-661.097168,138.691406)   (4.772992339E-03,2.542069415E-03)            (3589.96094,-533.820435) (-1.944674295E-06,-2.111909125E-04)            (-661.096802,138.691406)  (1.923276141E-04,-1.734643447E-04)            (52.8877754,-11.0952997)
 (-7.949800929E-04,-4.931677249E-04)            (-817.579956,121.572632)   (7.856456796E-05,4.803328920E-05)
             (0.00000000,0.00000000)             (686.762268,0.00000000)             (0.00000000,0.00000000)
   14.0047493               1   0.00000000    
            (9879.30762,-1447.77368)  (6.918463623E-04,-7.586914580E-04)            (-790.344482,115.821983)  (1.607623883E-03,-2.105619351E-04)            (4333.75195,-427.445312)  (-3.079050803E-04,1.173966448E-04)            (-790.344666,115.821915)  (-9.922313620E-05,8.230298408E-05)            (63.2275391,-9.26575470)
  (-3.049805819E-04,1.737971616E-04)            (-860.911133,84.9131165)  (2.731247514E-05,-1.242900362E-05)
             (0.00000000,0.00000000)             (599.045288,0.00000000)             (0.00000000,0.00000000)
   15.1268578               1   0.00000000    
            (11972.1045,-1139.10645) (-1.745457179E-03,-1.496364013E-03)            (-957.768250,91.1285019)   (1.160629676E-03,9.927625797E-05)            (5286.17822,-312.702301) (-2.857576765E-04,-9.476368177E-06)            (-957.768250,91.1285019)  (-6.881650188E-05,8.145166066E-05)            (76.6214447,-7.29028749)
  (-1.710259239E-04,2.238228626E-04)            (-903.547913,53.4493637) (-2.792145096E-05,-1.554012124E-05)
             (0.00000000,0.00000000)             (515.436829,0.00000000)             (0.00000000,0.00000000)
   16.1712914               1   0.00000000    
            (14114.2949,-879.996643)   (1.759841340E-03,3.376888635E-04)            (-1129.14331,70.3996429) (-7.363547571E-03,-4.283824819E-04)            (6255.48975,-214.456985) (-2.689450630E-04,-8.550764323E-05)            (-1129.14355,70.3997498) (-1.450856216E-04,-2.255279469E-05)            (90.3314896,-5.63196802)
 (-2.788345446E-04,-1.565429120E-04)            (-937.129639,32.1275902)   (3.045230187E-06,4.070357136E-06)
             (0.00000000,0.00000000)             (451.756134,0.00000000)             (0.00000000,0.00000000)
   17.1522446               1   0.00000000    
            (16284.6221,-662.200134)  (-9.486472118E-04,1.510467380E-03)            (-1302.76978,52.9760246)   (8.378180675E-03,1.908551320E-03)            (7236.85693,-129.178925) (-4.108118010E-04,-2.878176929E-06)            (-1302.76978,52.9759178)  (1.317565693E-05,-7.131482562E-05)            (104.221581,-4.23808384)
 (-4.561590904E-04,-9.338084783E-05)            (-964.380493,17.2143650)  (2.149038846E-05,-1.694926596E-06)
             (0.00000000,0.00000000)             (401.850311,0.00000000)             (0.00000000,0.00000000)
   18.5265408               1   0.00000000    
            (19567.0840,-395.081268)   (5.805831170E-04,7.392002735E-04)            (-1565.36694,31.6066074)   (3.309959313E-03,2.835213381E-04)            (8726.20312,-19.7790432)  (8.697692829E-05,-6.284929987E-05)            (-1565.36694,31.6065979) (-3.405848838E-05,-5.768525807E-05)            (125.229347,-2.52852488)
 (-1.375465217E-04,-8.231375250E-05)            (-997.121887,2.26011014)   (4.078986603E-05,5.146768672E-06)
             (0.00000000,0.00000000)             (344.579163,0.00000000)             (0.00000000,0.00000000)
   19.8057060               1   0.00000000    
            (22863.7637,-179.706253) (-5.494734069E-05,-4.756201452E-05)            (-1829.10144,14.3765554)  (1.660829992E-03,-2.137631876E-03)             (10232.8584,72.9123154)  (4.697118129E-05,-1.922051888E-05)            (-1829.10156,14.3764791)   (1.430922566E-04,2.643975495E-05)            (146.328125,-1.15011835)
  (7.389098027E-05,-1.691258149E-05)           (-1023.23926,-7.29079199)  (-1.396303560E-06,3.948884114E-06)
             (0.00000000,0.00000000)             (301.540802,0.00000000)             (0.00000000,0.00000000)
   21.0071239               1   0.00000000    
           (26165.2422,-0.112574190)   (3.795128549E-03,4.286439507E-04)       (-2093.21948,8.928203024E-03) (-7.617203984E-03,-8.096608799E-04)             (11755.0166,153.020737) (-2.179253497E-04,-5.522550782E-05)       (-2093.21973,8.943554014E-03)  (-3.771784832E-04,5.013379905E-06)       (167.457626,-7.220147527E-04)
   (1.158560772E-04,6.446892803E-05)           (-1044.87598,-13.6016312) (-9.037791642E-06,-2.898360208E-06)
             (0.00000000,0.00000000)             (268.044983,0.00000000)             (0.00000000,0.00000000)
   22.1434517               1   0.00000000    
             (29467.7793,154.393585)  (3.930395469E-03,-1.132218284E-03)           (-2357.42261,-12.3515511)  (4.782532342E-03,-3.593504662E-04)             (13291.7920,223.229095)   (8.407414425E-04,9.825989764E-06)           (-2357.42065,-12.3515787)   (4.188844468E-04,2.196397691E-05)            (188.593811,0.988123775)
 (-2.865225542E-05,-5.367137055E-05)           (-1063.33960,-17.8582649)   (1.845469524E-05,2.889996722E-07)
       (-1.525878906E-05,0.00000000)             (241.242737,0.00000000)        (1.907348633E-06,0.00000000)
   23.5735054               1   0.00000000    
             (33870.8164,333.311371)   (9.563950880E-05,1.912789594E-04)           (-2709.66455,-26.6649170) (-8.326258510E-03,-5.372687592E-04)             (15362.6504,304.489594)  (4.423324717E-04,-5.678593152E-05)           (-2709.66357,-26.6649094)  (-1.306252234E-04,5.098429483E-06)             (216.773041,2.13319254)
 (-3.554834111E-04,-3.727125659E-05)           (-1084.42200,-21.4934311)   (3.735915016E-06,4.043579793E-06)
       (-3.051757812E-05,0.00000000)             (212.861877,0.00000000)        (1.907348633E-06,0.00000000)
   25.5690556               1   0.00000000    
             (40474.5938,563.537415)  (3.734479658E-03,-2.257773886E-04)           (-3237.96973,-45.0828629) (-1.542303362E-03,-1.235673437E-03)             (18513.5781,405.379456)  (-6.929687224E-04,1.058331400E-04)           (-3237.96924,-45.0829659)   (1.397760061E-04,5.720712579E-06)             (259.037598,3.60662913)
  (4.986552522E-04,-5.167708150E-05)           (-1110.81445,-24.3227386) (-1.619676186E-05,-1.215651082E-06)
       (-1.525878906E-05,0.00000000)             (180.932709,0.00000000)        (9.536743164E-07,0.00000000)
   28.5870743               1   0.00000000    
             (51487.1562,887.847229)  (3.377060872E-03,-1.466804300E-03)           (-4118.97314,-71.0278473)  (1.364980824E-02,-3.571497742E-03)             (23874.7598,531.175415) (-9.845497552E-04,-3.453812678E-05)           (-4118.97363,-71.0277252)  (-6.587828830E-05,1.083047318E-04)             (329.517731,5.68221426)
   (5.408840952E-04,7.653818466E-05)           (-1145.98804,-25.4964123) (-4.591758261E-05,-3.504447022E-06)
             (0.00000000,0.00000000)             (144.746185,0.00000000)             (0.00000000,0.00000000)
   31.3155708               1   0.00000000    
             (62520.1250,1169.73706) (-8.063910529E-03,-2.167316416E-04)           (-5001.60840,-93.5790024)  (5.147376098E-03,-2.152369590E-03)             (29356.3984,617.576172)  (-1.951869228E-03,3.363077485E-05)           (-5001.60986,-93.5788956)   (2.639081213E-04,2.615726225E-05)             (400.128845,7.48631144)
  (-3.736749932E-06,1.373256528E-04)           (-1174.25708,-24.7029915)  (4.816907676E-06,-8.393097232E-06)
             (0.00000000,0.00000000)             (120.621811,0.00000000)             (0.00000000,0.00000000)
   36.1601067               1   0.00000000    
             (84684.2109,1663.33655)  (1.971877879E-03,-5.954465596E-04)           (-6774.73730,-133.066864)  (1.823123731E-02,-1.281504636E-03)             (40606.8516,709.488770)  (1.081403243E-04,-1.623454882E-04)           (-6774.73926,-133.066757)   (1.076010958E-04,8.467854786E-05)             (541.979004,10.6453381)
  (7.730287616E-04,-5.595795665E-05)           (-1218.20532,-21.2847099)  (-4.697434633E-05,8.073451681E-06)
        (7.629394531E-06,0.00000000)             (90.4663544,0.00000000)       (-4.768371582E-07,0.00000000)
   40.4282303               1   0.00000000    
             (107008.852,2100.38721)  (-6.555988919E-03,2.320405329E-03)           (-8560.70898,-168.030594)   (2.726114169E-02,5.832369905E-03)             (52137.6836,731.284851)  (1.326634956E-04,-4.377895093E-04)           (-8560.70117,-168.030426) (-1.842213562E-03,-2.436184150E-04)             (684.856567,13.4424515)
 (-5.412067985E-04,-5.804027751E-05)           (-1251.30469,-17.5508575)   (5.226451322E-05,4.315332262E-06)
             (0.00000000,0.00000000)             (72.3730774,0.00000000)             (0.00000000,0.00000000)
  0.571741462               1   0.00000000    
       (24.0494061,-3.498494625E-03)  (-2.486318590E-05,1.091575314E-06)       (-1.80370510,2.623908513E-04)   (4.127518878E-06,3.592624489E-05)            (20.9719791,-13.0358105) (-1.428428618E-06,-2.285085884E-06)       (-1.80370641,2.623814216E-04)   (5.998867323E-07,5.798993357E-07)      (0.135277957,-1.967847493E-05)
  (2.319597570E-06,-5.457876341E-06)            (-20.9020901,12.9923668)  (7.424630439E-07,-2.387820928E-07)
             (0.00000000,0.00000000)             (2003.66211,0.00000000)             (0.00000000,0.00000000)
  0.700237453               1   0.00000000    
       (36.1800613,-1.183112897E-02)  (-3.342251830E-06,1.136366063E-05)       (-2.71350384,8.873538463E-04) (-7.739404828E-05,-7.243288564E-06)            (28.7367821,-19.3334064)   (5.201707609E-06,1.020300942E-06)       (-2.71350479,8.873270126E-04)   (1.775571974E-07,2.924471119E-07)      (0.203512773,-6.654833123E-05)
 (-2.256020889E-05,-4.344929039E-06)            (-28.5931225,19.2367592)  (-1.316012231E-06,1.295123184E-06)
       (-2.441406250E-04,0.00000000)             (2000.31165,0.00000000)        (1.525878906E-05,0.00000000)
  0.808564544               1   0.00000000    
       (48.3845253,-2.804201096E-02)  (5.403022442E-06,-1.929650716E-05)       (-3.62883830,2.103172243E-03)  (3.006637053E-05,-5.415685155E-05)            (35.7333031,-25.5001030)  (-8.268855822E-07,3.921110419E-06)       (-3.62884212,2.103175037E-03) (-1.567841082E-06,-7.477397048E-07)      (0.272163004,-1.577425865E-04)
 (-4.515382534E-05,-6.174882401E-06)            (-35.4961472,25.3308525)  (8.924633903E-07,-2.170857556E-07)
        (6.103515625E-03,0.00000000)             (1997.02173,0.00000000)       (-4.577636719E-04,0.00000000)
  0.904002666               1   0.00000000    
       (60.6649590,-5.477273837E-02)  (8.629671129E-07,-1.812228766E-05)       (-4.54987288,4.108005203E-03)  (2.187079372E-05,-5.444776252E-05)            (42.1346016,-31.5487804)  (-3.734182428E-06,4.198531769E-06)       (-4.54987240,4.107902292E-03)  (2.642833579E-06,-8.090307801E-07)      (0.341240436,-3.080914903E-04)
   (3.106677468E-05,4.746312698E-06)            (-41.7855072,31.2873383)  (-3.370961167E-06,8.090307801E-08)
       (-4.028320312E-03,0.00000000)             (1993.70508,0.00000000)        (3.204345703E-04,0.00000000)
   1.00665474               1   0.00000000    
           (75.5039215,-0.104746647)  (-1.873868496E-05,3.723713917E-06)       (-5.66279840,7.855954580E-03) (-1.240987604E-05,-2.390383634E-05)            (49.2329216,-38.6638908)  (-9.199486158E-06,1.126123038E-06)       (-5.66279459,7.856113836E-03)  (1.441437348E-06,-7.507486544E-07)      (0.424709886,-5.891882465E-04)
  (-8.456432988E-05,3.291282337E-05)            (-48.7276993,38.2670441)  (2.972964467E-06,-9.909883829E-07)
        (5.615234375E-03,0.00000000)             (1989.73035,0.00000000)       (-4.272460938E-04,0.00000000)
   1.14348292               1   0.00000000    
           (97.9772568,-0.225858256)   (2.292307727E-05,6.140119240E-07)       (-7.34829426,1.693896577E-02)   (1.705587806E-06,3.902381286E-05)            (58.9214439,-49.0193062) (-2.793430667E-06,-2.492288104E-06)       (-7.34829140,1.693921909E-02) (-1.569139386E-06,-8.954329189E-08)      (0.551122367,-1.270442968E-03)
 (-6.167399988E-05,-3.417994594E-05)            (-58.1427002,48.3714409)   (4.843865099E-06,5.926913218E-07)
        (5.249023438E-03,0.00000000)             (1983.79346,0.00000000)       (-3.967285156E-04,0.00000000)
   1.27845287               1   0.00000000    
           (123.261688,-0.441046834) (-9.153137398E-06,-1.067866015E-05)       (-9.24462128,3.307842836E-02)  (-5.591041554E-05,4.641403211E-05)            (68.6087418,-60.2289124)  (8.850416634E-06,-2.891342319E-06)       (-9.24462509,3.307878599E-02)  (1.678075250E-06,-3.813810423E-08)      (0.693346679,-2.480912488E-03)
   (1.647564750E-05,2.196752939E-05)            (-67.4778595,59.2361526)  (-2.364560487E-06,2.765010322E-06)
        (1.220703125E-04,0.00000000)             (1977.22778,0.00000000)       (-1.525878906E-05,0.00000000)
   1.43505979               1   0.00000000    
           (156.637100,-0.886834800) (-5.479663741E-06,-2.534344821E-05)       (-11.7477884,6.651266664E-02)   (4.717648699E-05,4.756178532E-05)            (79.9813995,-74.2051773)  (6.812122137E-06,-3.320441465E-06)       (-11.7477846,6.651245803E-02)   (1.926444611E-06,9.846272633E-07)      (0.881083608,-4.988443106E-03)
 (-3.424789611E-06,-1.369916117E-05)            (-78.3251953,72.6684952)  (3.510410352E-06,-4.152558631E-06)
        (1.220703125E-03,0.00000000)             (1968.73120,0.00000000)       (-7.629394531E-05,0.00000000)
   1.61712909               1   0.00000000    
            (201.157150,-1.83369029)  (-1.003418402E-05,1.389348381E-05)           (-15.0867977,0.137527123)   (4.833775165E-05,1.437107276E-04)            (93.0549545,-91.8186188) (-1.336283094E-05,-9.636193681E-06)           (-15.0867910,0.137527511)  (-4.341714430E-06,1.206031811E-06)       (1.13150990,-1.031454373E-02)
  (7.487044786E-05,-3.010255023E-05)            (-90.6170578,89.4129791)  (-9.648252671E-06,5.788951967E-06)
       (-1.953125000E-03,0.00000000)             (1957.69397,0.00000000)        (1.525878906E-04,0.00000000)
   1.80800533               1   0.00000000    
            (254.851990,-3.59979439) (-4.401126716E-05,-8.974846423E-05)           (-19.1139088,0.269985527)  (1.977270877E-04,-1.446007518E-04)            (106.648697,-111.487839)  (-2.868013507E-05,1.114776933E-05)           (-19.1139050,0.269983232)  (-6.957663572E-06,6.472245332E-06)       (1.43354237,-2.024883032E-02)
   (1.078707555E-05,1.725932088E-05)            (-103.171379,107.852753) (-5.393537776E-06,-4.206959602E-06)
       (-1.220703125E-04,0.00000000)             (1944.81567,0.00000000)        (1.525878906E-05,0.00000000)
   1.98057055               1   0.00000000    
            (310.026642,-6.24321890)  (5.081159179E-05,-7.751721569E-05)           (-23.2519951,0.468242854)  (-2.590209479E-04,1.743398898E-04)            (118.568878,-130.334671) (-4.726658972E-06,-1.608079947E-05)           (-23.2519951,0.468240798)  (2.067914551E-07,-2.717829148E-06)       (1.74389863,-3.511816636E-02)
  (-1.474717719E-04,8.318921027E-05)            (-113.949814,125.257553)   (1.397318738E-05,4.726659427E-06)
        (2.197265625E-03,0.00000000)             (1932.05066,0.00000000)       (-1.525878906E-04,0.00000000)
   2.21434522               1   0.00000000    
            (395.453552,-12.3852577)  (4.597572479E-05,-5.073183274E-05)           (-29.6590118,0.928895235) (-1.891874417E-04,-1.885929523E-04)            (134.140045,-156.939346)   (3.107985322E-05,7.854599062E-06)           (-29.6590080,0.928894758) (-9.272762327E-06,-1.981712330E-06)       (2.22442651,-6.966717541E-02)
 (-1.304627222E-04,-4.439035547E-05)            (-127.651337,149.347534)  (-7.555279353E-07,5.680908544E-06)
        (9.765625000E-04,0.00000000)             (1913.11304,0.00000000)       (-7.629394531E-05,0.00000000)
   2.49216318               1   0.00000000    
            (513.992065,-25.7203026) (-8.921371773E-05,-5.947582758E-05)            (-38.5493813,1.92901957) (-6.896221894E-04,-5.412300015E-05)            (151.306000,-189.924454)   (5.557272380E-05,5.668789527E-06)            (-38.5494118,1.92902029)  (5.575858722E-06,-4.460689809E-07)           (2.89120555,-0.144676402)
  (3.955142165E-05,-4.520162838E-05)            (-142.115540,178.387878)  (3.382687510E-06,-1.784274673E-06)
       (-8.544921875E-04,0.00000000)             (1888.25024,0.00000000)        (6.103515625E-05,0.00000000)
   2.80094981               1   0.00000000    
            (669.616394,-52.2258453)  (6.016055704E-05,-1.604281715E-05)            (-50.2212029,3.91693997) (-4.084233369E-04,-4.157762451E-04)            (169.142059,-227.846756)   (4.629020623E-05,2.774070163E-05)            (-50.2212105,3.91694427)  (-1.478947070E-05,5.180492735E-06)           (3.76659012,-0.293770671)
 (-7.486647519E-05,-6.951885734E-05)            (-156.304108,210.553696)  (1.286767474E-05,-5.013380360E-07)
       (-2.441406250E-04,0.00000000)             (1857.77979,0.00000000)        (1.525878906E-05,0.00000000)
   3.18332195               1   0.00000000    
            (898.326477,-113.631050)  (-1.215527009E-04,3.464251349E-04)            (-67.3744354,8.52232742)   (6.913308753E-04,7.452698774E-04)            (188.754898,-275.762939) (-6.172595931E-06,-5.844975021E-05)            (-67.3744888,8.52232361)  (2.279112778E-06,-2.412061258E-05)           (5.05308580,-0.639175117)
  (1.519409125E-06,-2.613382530E-04)            (-170.527710,249.133102)  (-2.943853815E-06,3.741543333E-05)
       (-2.441406250E-04,0.00000000)             (1816.22681,0.00000000)        (1.525878906E-05,0.00000000)
   3.57052422               1   0.00000000    
            (1158.54480,-232.420258)  (-5.112667623E-06,7.498573541E-05)            (-86.8908691,17.4314804) (-6.356745143E-04,-3.323232231E-04)            (204.394531,-324.539795)   (1.203606280E-05,4.228599209E-05)            (-86.8908234,17.4315090) (-2.641543142E-05,-1.065138349E-06)            (6.51681519,-1.30736065)
  (7.328151696E-05,-2.164361067E-04)            (-179.983795,285.780365)  (-6.390829640E-06,1.469890867E-05)
       (-7.324218750E-04,0.00000000)             (1770.26733,0.00000000)        (6.103515625E-05,0.00000000)
   3.91966224               1   0.00000000    
            (1401.32629,-403.121338)   (3.292723850E-04,5.612598034E-04)            (-105.099449,30.2340870)   (1.568721025E-03,4.022361245E-04)            (215.583527,-367.396027) (-6.045235932E-05,-3.262322571E-05)            (-105.099510,30.2340851)  (2.338580884E-07,-3.133700375E-05)            (7.88246059,-2.26755619)
  (8.980155690E-05,-1.646361925E-04)            (-185.075943,315.406372) (-5.846455338E-07,-4.677164327E-07)
       (-1.220703125E-04,0.00000000)             (1725.87842,0.00000000)        (1.525878906E-05,0.00000000)
   4.24014854               1   0.00000000    
            (1636.64722,-606.090088) (-1.275015966E-04,-1.092870734E-04)            (-122.748428,45.4567642)   (1.129805809E-03,4.310768272E-04)            (229.761627,-404.508331) (-5.723657523E-05,-5.034289279E-05)            (-122.748550,45.4567680)   (1.922643241E-05,2.327410039E-05)            (9.20613194,-3.40925837)
 (-1.254777599E-04,-2.630985109E-04)            (-192.348297,338.639160)   (3.541711067E-06,2.504495751E-05)
             (0.00000000,0.00000000)             (1682.99963,0.00000000)             (0.00000000,0.00000000)
   4.50189686               1   0.00000000    
            (1807.31213,-807.364441)  (-6.876058760E-04,7.305811741E-04)            (-135.548477,60.5523529) (-4.066543770E-04,-6.596717867E-04)            (240.640976,-433.343140)   (9.461295122E-05,4.942166561E-05)            (-135.548492,60.5523376)  (6.312006008E-05,-5.909112224E-05)            (10.1661339,-4.54142666)
  (3.545467043E-04,-6.940520834E-04)            (-197.107208,354.948181)  (-2.054759534E-05,7.332670793E-05)
        (2.441406250E-04,0.00000000)             (1646.67371,0.00000000)       (-1.525878906E-05,0.00000000)
   4.78353262               1   0.00000000    
            (1955.90955,-1049.25024) (-7.488874835E-04,-4.794706765E-04)            (-146.693115,78.6938477)  (1.656599576E-03,-2.785496763E-04)            (251.830902,-462.644714) (-7.495296450E-05,-1.997793788E-06)            (-146.693161,78.6937332)   (3.653109889E-05,1.997794425E-05)            (11.0019836,-5.90203714)
  (2.465849102E-04,-4.109748625E-05)            (-201.237579,369.697083) (-3.324900536E-05,-1.712395147E-06)
             (0.00000000,0.00000000)             (1606.47083,0.00000000)             (0.00000000,0.00000000)
   5.11381149               1   0.00000000    
            (2074.22827,-1345.37537)  (1.108139753E-03,-2.001485991E-04)            (-155.567184,100.903168)   (1.099139219E-03,1.093494822E-03)            (264.560455,-494.425751)  (-3.163553265E-05,1.281439290E-05)            (-155.567093,100.903145)  (-5.125757161E-05,1.067866015E-05)            (11.6675348,-7.56773424)
 (-2.587286872E-04,-4.149423330E-05)            (-205.045197,383.199097)  (2.593388854E-05,-6.407195542E-06)
        (1.220703125E-04,0.00000000)             (1558.10864,0.00000000)       (-7.629394531E-06,0.00000000)
   5.42401600               1   0.00000000    
            (2131.47437,-1612.72046)   (5.203684559E-04,3.805680317E-04)            (-159.860458,120.954063)  (-3.773320350E-04,9.061142919E-04)            (276.462891,-521.488770)   (8.252115549E-06,6.504605699E-05)            (-159.860535,120.954063) (-4.449668995E-05,-5.922104538E-05)            (11.9895411,-9.07154560)
  (3.210233699E-04,-2.821898961E-04)            (-207.894287,392.149323)  (-5.663214779E-06,1.100281770E-05)
       (-1.220703125E-04,0.00000000)             (1511.75415,0.00000000)        (7.629394531E-06,0.00000000)
   5.71741486               1   0.00000000    
            (2147.28394,-1839.58386) (-1.522747451E-03,-1.140696229E-03)            (-161.046356,137.968903)  (8.323258226E-05,-1.675568055E-03)            (287.997620,-544.402161)  (-1.680002460E-04,1.251900540E-04)            (-161.046402,137.968765)   (1.100103182E-04,9.653619054E-05)            (12.0784740,-10.3476658)
   (4.339011502E-04,1.369926962E-03)            (-210.202179,397.345337) (-2.899496758E-05,-7.862753409E-05)
        (2.441406250E-04,0.00000000)             (1467.31262,0.00000000)       (-1.525878906E-05,0.00000000)
   5.99647522               1   0.00000000    
            (2139.60059,-2024.18604)  (2.747649269E-04,-1.373824198E-04)            (-160.470139,151.814056)   (1.008902327E-03,5.953239161E-04)            (299.510071,-563.650818)  (-6.198311166E-05,7.584656851E-05)            (-160.469940,151.813980) (-1.001747205E-05,-7.513104265E-06)            (12.0352631,-11.3860464)
  (-2.919377293E-04,1.745902118E-04)            (-212.255920,399.444824)  (7.334221664E-06,-1.860387420E-05)
             (0.00000000,0.00000000)             (1424.69348,0.00000000)             (0.00000000,0.00000000)
   6.39226389               1   0.00000000    
            (2111.98071,-2230.81958)   (2.562878188E-03,5.339329946E-04)            (-158.398682,167.311539)  (1.992332982E-03,-1.012947061E-03)            (317.298096,-586.525452) (-1.783908083E-04,-1.372970746E-05)            (-158.398636,167.311447) (-1.914531022E-04,-5.148638957E-05)            (11.8798990,-12.5483646)
 (-8.054759819E-04,-1.189907780E-04)            (-215.280060,397.947205)   (6.388127076E-05,2.078524994E-05)
             (0.00000000,0.00000000)             (1363.99561,0.00000000)             (0.00000000,0.00000000)
   6.76493645               1   0.00000000    
            (2086.98267,-2371.32715)   (8.879539091E-04,1.775907440E-04)            (-156.523758,177.849564)   (1.444943133E-03,5.747483810E-04)            (336.264221,-603.224182)  (5.650611456E-06,-1.138195439E-04)            (-156.523758,177.849701) (-6.639473577E-05,-2.058439168E-05)            (11.7392845,-13.3387156)
 (-5.376157351E-04,-1.743619214E-04)            (-218.605164,392.155579)   (3.834346353E-05,1.170485120E-05)
        (1.220703125E-04,0.00000000)             (1306.93555,0.00000000)       (-7.629394531E-06,0.00000000)
   7.11812401               1   0.00000000    
            (2075.80786,-2464.54028)   (1.189125614E-04,1.943370327E-03)            (-155.685760,184.840439)   (2.069077920E-03,1.359000089E-05)            (356.823853,-614.701355) (-3.822190592E-06,-5.563407467E-05)            (-155.685654,184.840439)  (4.883908332E-06,-1.486406545E-04)            (11.6764317,-13.8630352)
  (1.834650175E-04,-1.172137680E-03)            (-222.444794,383.205750)  (-5.308595064E-06,6.349079194E-05)
             (0.00000000,0.00000000)             (1253.26257,0.00000000)             (0.00000000,0.00000000)
   7.45459700               1   0.00000000    
            (2081.66284,-2524.60986)  (-3.949491365E-04,6.368999020E-04)            (-156.124908,189.345749)   (2.273625927E-03,1.234660856E-03)            (379.254425,-621.765625) (-5.470578617E-05,-7.027248648E-05)            (-156.124741,189.345718)  (5.537293328E-05,-7.694390661E-05)            (11.7093754,-14.2009335)
  (1.974745683E-04,-4.340882588E-04)            (-226.897827,371.984955)  (-1.968073957E-05,2.668575326E-05)
             (0.00000000,0.00000000)             (1202.74426,0.00000000)             (0.00000000,0.00000000)
   7.88091230               1   0.00000000    
            (2115.35010,-2569.54443)   (6.319457316E-04,7.861705380E-04)            (-158.651169,192.715912)   (2.704577288E-03,4.325818736E-04)            (412.337982,-625.494629)  (1.175494326E-04,-6.629787822E-05)            (-158.651199,192.715820) (-4.020190318E-05,-7.382103649E-05)            (11.8988466,-14.4536819)
 (-6.018530694E-04,-7.523163222E-04)            (-233.805527,354.670990)   (3.914396075E-05,4.584427734E-05)
             (0.00000000,0.00000000)             (1139.92493,0.00000000)             (0.00000000,0.00000000)
   8.48029709               1   0.00000000    
            (2213.57324,-2589.05396)  (-5.342924269E-04,2.104788146E-04)            (-166.017929,194.178940)   (2.226218348E-03,1.157633611E-03)            (469.053070,-621.565613) (-1.467280235E-04,-1.108049546E-04)            (-166.017929,194.178940)  (3.895882037E-05,-4.730714136E-05)            (12.4513578,-14.5634298)
 (-7.063183002E-04,-4.270291538E-04)            (-246.030640,326.028137)   (5.856472126E-05,4.414490104E-05)
       (-1.220703125E-04,0.00000000)             (1054.49072,0.00000000)        (7.629394531E-06,0.00000000)
   8.85738087               1   0.00000000    
            (2305.05957,-2581.52441)  (-2.261794172E-03,5.495946607E-05)            (-172.879303,193.614395) (-1.701630419E-03,-3.170739219E-04)            (511.556519,-614.134583)   (9.102664626E-05,3.672773528E-05)            (-172.879456,193.614487)  (1.812606060E-04,-2.747974213E-05)            (12.9659567,-14.5210743)
  (8.117093821E-04,-2.769112471E-04)            (-255.171875,306.339233)  (-6.579284673E-05,7.530505172E-06)
             (0.00000000,0.00000000)             (1002.79883,0.00000000)             (0.00000000,0.00000000)
   9.39467144               1   0.00000000    
            (2473.40332,-2550.10669)   (1.690506819E-03,2.242051414E-05)            (-185.505051,191.257980)   (4.596206127E-04,5.336082540E-04)            (582.033386,-597.839661) (-1.513384777E-04,-6.277744251E-05)            (-185.505219,191.258026)  (-1.098605280E-04,3.363077485E-05)            (13.9128761,-14.3443556)
 (-1.771220705E-04,-1.322810567E-04)            (-269.902527,277.232361)   (1.513384814E-05,8.407691894E-06)
             (0.00000000,0.00000000)             (932.251282,0.00000000)             (0.00000000,0.00000000)
   9.90285301               1   0.00000000    
            (2672.33862,-2501.77002)  (-1.039865165E-04,1.588157611E-03)            (-200.425156,187.632812)  (-6.262824754E-04,5.908324383E-04)            (659.966431,-577.229187) (-4.549410005E-05,-8.212571265E-05)            (-200.425308,187.632828)  (6.203738394E-06,-1.246656320E-04)            (15.0318842,-14.0724564)
  (1.725230541E-04,-4.809376260E-04)            (-285.324738,249.554657)  (-2.215621862E-06,4.475555761E-05)
             (0.00000000,0.00000000)             (869.145142,0.00000000)             (0.00000000,0.00000000)
   10.3862000               1   0.00000000    
            (2896.49780,-2441.51562)  (5.304377992E-04,-9.344628779E-04)            (-217.237427,183.113754) (-2.776123118E-03,-1.254212693E-03)            (744.590820,-553.886841)  (1.115406558E-04,-2.974417475E-05)            (-217.237396,183.113632)   (1.363274805E-05,6.568505341E-05)            (16.2928085,-13.7335367)
   (3.718021617E-06,6.444571773E-05)            (-300.948975,223.870255) (-1.239340691E-05,-3.485645721E-06)
             (0.00000000,0.00000000)             (812.549500,0.00000000)             (0.00000000,0.00000000)
   10.8480320               1   0.00000000    
            (3142.11646,-2372.64453)   (3.029010259E-04,1.514505362E-03)            (-235.659027,177.948303)   (2.946166089E-03,2.506053308E-03)            (835.130676,-528.965759) (-2.022576882E-05,-1.427130046E-04)            (-235.658798,177.948334) (-2.912510172E-05,-9.255310579E-05)            (17.6744385,-13.3461237)
 (-1.475672034E-04,-9.915479459E-04)            (-316.404175,200.407745)  (-1.051739673E-06,7.022386126E-05)
        (1.220703125E-04,0.00000000)             (761.661316,0.00000000)       (-7.629394531E-06,0.00000000)
   11.4348297               1   0.00000000    
            (3498.32886,-2271.43848)  (-1.921172487E-03,1.088846242E-03)            (-262.374908,170.357941)  (-4.229854094E-04,1.861135825E-03)            (963.772827,-494.680359)  (1.859089098E-04,-4.127519787E-05)            (-262.374695,170.357849)  (1.309890358E-04,-7.351076783E-05)            (19.6781235,-12.7768564)
  (3.452106903E-04,-3.779579711E-04)            (-336.302612,172.615372)  (-2.967720320E-05,1.807921581E-05)
             (0.00000000,0.00000000)             (701.503662,0.00000000)             (0.00000000,0.00000000)
   12.1284685               1   0.00000000    
            (3983.10010,-2135.57202)  (3.068144433E-04,-6.281014066E-04)            (-298.732605,160.167847)  (3.647040110E-03,-6.917797728E-04)            (1135.12415,-451.885712)  (-3.093471241E-05,1.628143309E-06)            (-298.732666,160.167984)  (-1.119800363E-04,3.274375922E-05)            (22.4049492,-12.0125885)
  (-2.185329504E-04,1.201207560E-04)            (-359.536682,143.128998)  (7.507547707E-06,-9.135690561E-06)
             (0.00000000,0.00000000)             (636.757751,0.00000000)             (0.00000000,0.00000000)
   13.0377111               1   0.00000000    
            (4722.84912,-1938.19324)  (3.764876456E-04,-4.589415330E-04)            (-354.213654,145.364563)  (3.802214283E-03,-2.364715619E-04)            (1390.18921,-394.568420)  (-4.254932865E-04,5.483962377E-05)            (-354.213837,145.364487)  (-4.920008359E-05,2.391941234E-05)            (26.5660381,-10.9023504)
  (-1.357377914E-04,3.344828656E-05)            (-388.496094,110.264328)  (2.158581083E-05,-8.702387277E-06)
             (0.00000000,0.00000000)             (561.807068,0.00000000)             (0.00000000,0.00000000)
   14.0047493               1   0.00000000    
            (5637.83057,-1715.00623) (-3.409098135E-04,-7.687181351E-04)            (-422.837372,128.625458)  (5.514717195E-04,-2.372999588E-04)            (1697.27612,-334.679260)   (2.888960007E-04,2.266465526E-05)            (-422.837372,128.625305)   (8.449633606E-05,7.833405834E-05)            (31.7127876,-9.64691544)
   (4.052481963E-04,9.776091611E-05)            (-416.547485,82.1372986) (-3.598144394E-05,-7.911739885E-06)
             (0.00000000,0.00000000)             (493.385559,0.00000000)             (0.00000000,0.00000000)
   15.1268578               1   0.00000000    
            (6859.57812,-1453.56580)   (5.667772493E-04,2.138952259E-04)            (-514.468445,109.017265)  (6.227329723E-04,-1.805022475E-05)            (2096.70410,-268.877472) (-2.155874390E-04,-3.215197648E-05)            (-514.468445,109.017380)   (8.043634443E-05,1.703490670E-05)            (38.5851173,-8.17629814)
   (2.075776865E-05,1.441762142E-04)            (-445.068298,57.0748634)  (8.136706128E-06,-1.235312629E-05)
             (0.00000000,0.00000000)             (426.741119,0.00000000)             (0.00000000,0.00000000)
   16.1712914               1   0.00000000    
            (8142.58740,-1219.63843) (-2.373470488E-04,-5.470560282E-04)            (-610.693970,91.4727936)  (1.026091748E-03,-2.170857042E-04)            (2507.31030,-212.240585)  (5.125634925E-05,-4.196990631E-05)            (-610.693970,91.4728928)  (-5.553775918E-05,6.126641529E-05)            (45.8020325,-6.86045980)
  (-1.357991714E-04,8.020111272E-05)            (-467.850739,39.6029816)  (4.257291948E-05,-4.688447916E-06)
             (0.00000000,0.00000000)             (375.123260,0.00000000)             (0.00000000,0.00000000)
   17.1522446               1   0.00000000    
            (9466.63379,-1015.10449) (-5.746120005E-04,-2.732349385E-04)            (-709.997375,76.1329346)  (1.304779016E-05,-4.518098140E-04)            (2925.20044,-163.269302)  (1.377367589E-04,-1.343148938E-06)            (-709.997559,76.1328430)  (-5.148737728E-06,1.061727653E-05)            (53.2497902,-5.70996475)
   (2.072288044E-05,6.408741319E-05)            (-486.324829,27.1440773)  (1.586993676E-06,-2.438455795E-06)
             (0.00000000,0.00000000)             (334.230042,0.00000000)             (0.00000000,0.00000000)
   18.5265408               1   0.00000000    
            (11499.6885,-758.978516)  (-5.124661839E-04,1.203031279E-03)            (-862.476440,56.9233093)   (5.955191329E-03,7.030002889E-04)            (3561.04175,-101.090843)  (-1.799469028E-04,5.656264875E-06)            (-862.476562,56.9232788) (-1.476241741E-04,-3.674412801E-05)            (64.6857071,-4.26925182)
 (-6.155051524E-04,-9.385080193E-05)            (-508.256958,14.4283495)   (1.379955756E-05,8.405597328E-06)
             (0.00000000,0.00000000)             (286.932892,0.00000000)             (0.00000000,0.00000000)
   19.8057060               1   0.00000000    
            (13563.6221,-553.155396)  (9.069277439E-04,-2.918712271E-04)            (-1017.27179,41.4868393)  (4.817056935E-03,-9.216985927E-05)            (4204.45361,-49.1031532)  (4.375852950E-05,-4.261379217E-05)            (-1017.27179,41.4866257) (-9.416392459E-06,-1.587862425E-05)            (76.2954102,-3.11150432)
  (6.122501509E-05,-2.090069756E-05)            (-525.380249,6.13586998)   (1.221361435E-05,7.542345429E-06)
             (0.00000000,0.00000000)             (251.211136,0.00000000)             (0.00000000,0.00000000)
   21.0071239               1   0.00000000    
            (15642.0576,-385.708740) (-5.765386159E-04,-3.384031297E-04)            (-1173.15417,28.9281921)  (-2.410182497E-03,8.046475123E-04)            (4853.71094,-4.61975908)  (1.746066118E-04,-5.170047734E-05)            (-1173.15454,28.9281254)   (2.346888505E-04,3.423198359E-05)            (87.9865952,-2.16960883)
   (3.546965891E-04,7.676738278E-06)           (-539.234375,0.513195813)  (-2.536065222E-05,4.141913450E-06)
             (0.00000000,0.00000000)             (223.346146,0.00000000)             (0.00000000,0.00000000)
   22.1434517               1   0.00000000    
            (17726.5430,-246.778198)   (2.541876165E-03,3.699194713E-05)            (-1329.49158,18.5083714)   (2.342384076E-03,7.398392190E-04)             (5508.09814,34.1775017)  (1.703446906E-04,-3.558824756E-05)            (-1329.49023,18.5083447)  (-1.835560979E-04,2.311997559E-05)            (99.7118835,-1.38812292)
  (-1.321142190E-05,5.713936844E-05)           (-550.784790,-3.41757345)  (4.551745860E-06,-1.372748557E-06)
             (0.00000000,0.00000000)             (201.027222,0.00000000)        (9.536743164E-07,0.00000000)
   23.5735054               1   0.00000000    
            (20508.4785,-93.3074646) (-1.461314736E-03,-7.904319791E-04)            (-1538.13501,6.99796343)  (1.738387742E-03,-5.344557212E-05)             (6388.16504,79.1308823)   (1.431954734E-04,2.725022341E-06)            (-1538.13477,6.99809980)   (1.777417056E-04,2.795344335E-05)           (115.360107,-0.524855137)
   (5.766495451E-05,5.098427209E-05)           (-563.655029,-6.98213577)   (1.285594408E-06,1.351522656E-06)
             (0.00000000,0.00000000)             (177.382874,0.00000000)             (0.00000000,0.00000000)
   25.5690556               1   0.00000000    
             (24680.0469,91.9607010)   (7.810676470E-04,1.952669118E-04)           (-1851.00256,-6.89707375)   (5.964793731E-03,7.169957389E-04)             (7724.18408,135.618698)   (1.590357715E-04,5.205846901E-05)           (-1851.00220,-6.89707375) (-1.342460018E-04,-1.258556404E-05)            (138.825211,0.517275929)
  (4.309602082E-05,-1.144142152E-05)           (-579.312744,-10.1714239)  (6.376208148E-06,-4.290533013E-07)
             (0.00000000,0.00000000)             (150.777023,0.00000000)             (0.00000000,0.00000000)
   28.5870743               1   0.00000000    
             (31625.9199,333.413239) (-8.275506087E-03,-6.037775893E-04)           (-2371.94189,-25.0061989)  (6.054831203E-03,-4.434523362E-05)             (9993.28027,208.701157) (-1.023671590E-03,-4.924881068E-05)           (-2371.94336,-25.0061111) (-3.807721660E-04,-5.692394916E-05)             (177.895615,1.87545717)
   (2.549851488E-04,3.006096085E-05)           (-599.596741,-12.5220585) (-1.742896166E-05,-9.993669892E-07)
       (-1.525878906E-05,0.00000000)             (120.621803,0.00000000)        (9.536743164E-07,0.00000000)
   31.3155708               1   0.00000000    
             (38570.5156,531.170471)  (-2.507360885E-03,2.092581271E-04)           (-2892.78857,-39.8377762)   (1.195573993E-02,1.094868523E-03)             (12314.4150,262.356567) (-2.625068591E-04,-1.410623954E-04)           (-2892.78906,-39.8377838)  (-2.382179810E-05,2.966047032E-05)             (216.959106,2.98782706)
  (2.370502334E-04,-3.433141319E-05)           (-615.720703,-13.1178665)  (-3.006918632E-06,8.612047168E-06)
             (0.00000000,0.00000000)             (100.518173,0.00000000)             (0.00000000,0.00000000)
   36.1601067               1   0.00000000    
             (52488.5781,864.785034)  (-5.212314427E-03,9.665219695E-04)           (-3936.64111,-64.8588028)  (-2.685981744E-04,2.545749885E-04)             (17100.3203,327.387726)  (1.676041866E-04,-6.472245150E-05)           (-3936.64355,-64.8587418)  (2.726433158E-04,-3.101283801E-05)             (295.248138,4.86441946)
  (1.786609355E-04,-2.831607162E-06)           (-641.262451,-12.2770271)   (7.652081877E-06,2.022576666E-07)
             (0.00000000,0.00000000)             (75.3886261,0.00000000)             (0.00000000,0.00000000)
   40.4282303               1   0.00000000    
             (66476.2969,1154.55591)   (1.071920991E-02,9.021118167E-04)           (-4985.72266,-86.5918732)  (1.430519391E-02,-1.630554907E-03)             (22049.4707,351.338013)   (4.100036458E-04,6.331658824E-06)           (-4985.72168,-86.5916977) (-2.188947692E-04,-1.266333311E-05)             (373.929108,6.49439955)
 (-1.070353028E-05,-4.070356954E-05)           (-661.484253,-10.5401230)   (6.463576938E-06,1.130654709E-06)
             (0.00000000,0.00000000)             (60.3108940,0.00000000)             (0.00000000,0.00000000)
  0.571741462               1   0.00000000    
       (13.4067450,-9.998839814E-04)   (1.023351714E-07,8.186813716E-07)      (-0.893783092,6.666350237E-05) (-1.327266000E-05,-1.420460194E-05)            (5.68828392,-3.29600883)  (-3.736300300E-07,1.014990403E-06)      (-0.893782794,6.665878027E-05)   (3.411172855E-08,6.395948304E-08)  (5.958554894E-02,-4.444210390E-06)
  (1.978480213E-06,-1.705586328E-06)            (-5.67406797,3.28777146)  (-8.954328479E-08,2.217262107E-07)
       (-2.441406250E-04,0.00000000)             (1002.66870,0.00000000)        (7.629394531E-06,0.00000000)
  0.700237453               1   0.00000000    
       (20.1562138,-3.375251079E-03)   (1.776877525E-06,5.013379450E-06)       (-1.34374762,2.250131802E-04)  (1.845680890E-05,-1.841058292E-05)            (7.85710955,-4.90968275)  (-1.694790228E-07,1.114166821E-06)       (-1.34374797,2.250126417E-04) (-1.729876971E-07,-2.924471403E-07)  (8.958319575E-02,-1.500178951E-05)
  (5.484689609E-06,-3.342253194E-07)            (-7.82764721,4.89127350) (-1.034254353E-07,-4.491152481E-07)
       (-1.220703125E-04,0.00000000)             (1001.41223,0.00000000)        (7.629394531E-06,0.00000000)
  0.808564544               1   0.00000000    
       (26.9375305,-8.025104180E-03)   (1.157790484E-05,6.946742360E-06)       (-1.79583478,5.350135616E-04)   (1.849148066E-05,2.835455780E-05)            (9.83440971,-6.50369978) (-1.041333007E-06,-1.789873522E-06)       (-1.79583561,5.349990679E-04)   (1.085428494E-07,2.291460248E-07)      (0.119722314,-3.566624218E-05)
  (-9.648260857E-08,1.350755520E-05)            (-9.78523636,6.47118235)        (5.849253739E-07,0.00000000)
       (-1.220703125E-04,0.00000000)             (1000.15582,0.00000000)        (7.629394531E-06,0.00000000)
  0.904002666               1   0.00000000    
       (33.7513657,-1.570377685E-02)  (2.157415111E-06,-1.359171529E-05)       (-2.25009108,1.046882244E-03)   (1.863804391E-05,1.189106479E-05)            (11.6676655,-8.07463837) (-2.046594773E-06,-9.843206499E-07)       (-2.25009012,1.046958263E-03)  (-1.887738108E-07,6.876760494E-07)      (0.150006086,-6.979698810E-05)
   (1.467042239E-05,3.343993285E-06)            (-11.5950603,8.02439880)  (-3.640638226E-07,2.427092056E-07)
       (-3.662109375E-03,0.00000000)             (998.926941,0.00000000)        (2.441406250E-04,0.00000000)
   1.00665474               1   0.00000000    
       (41.9720192,-2.991839312E-02) (-9.609582321E-07,-1.429425356E-05)       (-2.79813361,1.994594466E-03)   (3.084826312E-05,6.903133908E-06)            (13.7108307,-9.94367599) (-1.819392196E-06,-8.000165508E-07)       (-2.79813457,1.994621241E-03)   (2.252245963E-07,3.528518562E-07)      (0.186542287,-1.329740480E-04)
 (-2.234228123E-05,-1.165162030E-05)            (-13.6051083,9.86699295)   (1.951946615E-06,1.351347549E-07)
        (4.882812500E-03,0.00000000)             (997.430664,0.00000000)       (-3.128051758E-04,0.00000000)
   1.14348292               1   0.00000000    
       (54.3950996,-6.449452788E-02) (-4.366301255E-06,-7.231686141E-06)       (-3.62633991,4.299667198E-03) (-1.044671717E-05,-1.812185474E-05)            (16.5396805,-12.6864328)  (-3.367067166E-06,1.393250955E-06)       (-3.62634158,4.299751017E-03)  (2.217262534E-07,-1.876144893E-07)      (0.241755977,-2.866433642E-04)
   (1.910256742E-06,7.641026968E-06)            (-16.3753815,12.5603943)   (3.411172713E-07,5.756353403E-07)
        (4.882812500E-04,0.00000000)             (995.196106,0.00000000)       (-3.051757812E-05,0.00000000)
   1.27845287               1   0.00000000    
           (68.3311920,-0.126673475)  (-1.067866015E-05,4.662379524E-06)       (-4.55541229,8.444997482E-03)   (1.624532888E-05,2.848914119E-05)            (19.3940887,-15.6803551) (-2.433667078E-06,-2.059455710E-06)       (-4.55541182,8.444925770E-03)   (2.669664809E-07,2.562401562E-07)      (0.303694099,-5.630019004E-04)
   (1.372970564E-05,3.661255050E-06)            (-19.1537094,15.4859962) (-1.372970587E-06,-2.264448256E-07)
       (-2.319335938E-03,0.00000000)             (992.721802,0.00000000)        (1.525878906E-04,0.00000000)
   1.43505979               1   0.00000000    
           (86.6640701,-0.254200250)  (6.849580586E-06,-4.195368547E-06)       (-5.77760458,1.694672927E-02)  (-2.744648191E-05,1.006032676E-06)            (22.7862930,-19.4670563)   (2.466250635E-06,1.254864515E-06)       (-5.77760553,1.694669761E-02) (-6.849581382E-07,-8.026852782E-08)      (0.385173678,-1.129784621E-03)
   (4.178244126E-05,2.054874585E-06)            (-22.4311638,19.1636467) (-7.919827567E-07,-1.321755008E-06)
       (-1.342773438E-03,0.00000000)             (989.514587,0.00000000)        (8.392333984E-05,0.00000000)
   1.61712909               1   0.00000000    
           (111.021065,-0.522855282)   (7.718601864E-07,4.824126790E-06)       (-7.40140247,3.485672921E-02)  (1.628022001E-04,-5.743122892E-05)            (26.7563343,-24.2795792)  (-5.061564480E-06,2.906536338E-06)       (-7.40140343,3.485685959E-02)   (6.512570963E-07,7.356792935E-07)      (0.493426830,-2.323796507E-03)
   (6.097696314E-05,1.775278724E-05)            (-26.2282887,23.8004131)  (9.648249488E-08,-8.442221997E-07)
       (-1.831054688E-03,0.00000000)             (985.343994,0.00000000)        (1.296997070E-04,0.00000000)
   1.80800533               1   0.00000000    
            (140.242081,-1.03434789)   (9.492626305E-06,4.746313607E-06)       (-9.34947872,6.895607710E-02) (-3.260393714E-05,-3.106677832E-05)            (30.9230766,-29.7537155)   (4.323257599E-06,2.974873496E-06)       (-9.34946823,6.895658374E-02) (-1.618060992E-07,-4.045152764E-07)      (0.623298287,-4.597078077E-03)
   (1.121855894E-05,8.629649528E-07)            (-30.1627274,29.0221272)  (-2.103479801E-06,2.696768320E-07)
       (-4.882812500E-04,0.00000000)             (980.465332,0.00000000)        (3.051757812E-05,0.00000000)
   1.98057055               1   0.00000000    
            (170.091461,-1.80760729)   (2.079730075E-05,2.599662912E-05)           (-11.3394356,0.120506577)   (9.500585293E-05,1.020958443E-04)            (34.6396141,-35.0278282) (-7.673436812E-06,-7.394637578E-06)           (-11.3394337,0.120507076)  (2.954161005E-07,-1.831580448E-06)      (0.755962133,-8.033764549E-03)
  (7.089989595E-06,-9.925983250E-06)            (-33.6209793,33.9976807)  (-1.536164291E-06,1.299831411E-06)
       (-1.098632812E-03,0.00000000)             (975.620850,0.00000000)        (7.629394531E-05,0.00000000)
   2.21434522               1   0.00000000    
            (216.113800,-3.55823779) (-4.227652607E-05,-2.113826486E-05)           (-14.4075851,0.237216577)   (1.453255391E-05,1.932169198E-06)            (39.5790176,-42.6509209)   (5.779991952E-08,7.132099427E-07)           (-14.4075890,0.237215981)   (6.110279855E-07,1.222055857E-06)      (0.960505903,-1.581438258E-02)
  (5.416680506E-05,-2.219517773E-05)            (-38.1312714,41.0908127)  (-1.370684345E-06,3.302853600E-07)
       (-9.765625000E-04,0.00000000)             (968.412598,0.00000000)        (6.866455078E-05,0.00000000)
   2.49216318               1   0.00000000    
            (279.873566,-7.34761286)   (2.416205689E-06,5.947582395E-06)           (-18.6582355,0.489840776) (-1.000680786E-04,-7.600360550E-05)            (45.1916122,-52.2713852)   (1.282447556E-06,5.166236406E-06)           (-18.6582375,0.489839911) (-2.513782874E-06,-1.784274787E-06)       (1.24388206,-3.265599534E-02)
 (-1.453440564E-05,-8.386091213E-05)            (-43.1115112,49.8652649)   (5.692022569E-07,8.921373933E-07)
        (2.441406250E-04,0.00000000)             (958.912415,0.00000000)       (-1.525878906E-05,0.00000000)
   2.80094981               1   0.00000000    
            (363.187927,-15.3397655)   (4.311506564E-05,9.358307580E-06)            (-24.2125225,1.02265167)   (1.804816566E-05,3.676478445E-05)            (50.9433403,-63.5858345)   (3.645145171E-06,1.355179279E-06)            (-24.2125263,1.02265120) (-7.415623031E-07,-2.506689952E-06)       (1.61416805,-6.817658246E-02)
 (-4.127682405E-05,-1.671126665E-05)            (-48.0053253,59.9187775)   (1.284678547E-06,4.177816493E-07)
             (0.00000000,0.00000000)             (947.212402,0.00000000)             (0.00000000,0.00000000)
   3.18332195               1   0.00000000    
            (486.555969,-34.1440506) (-2.507023964E-05,-4.558226010E-06)            (-32.4370728,2.27626991) (-2.121474099E-04,-4.453766087E-05)            (57.3814430,-78.1131897)   (4.973688647E-06,4.665058896E-06)            (-32.4370613,2.27627301)  (9.401340321E-06,-3.133780183E-06)           (2.16247153,-0.151751146)
   (4.558226465E-06,8.356744729E-06)            (-53.1554527,72.3604584)  (1.234519459E-06,-2.469038918E-06)
        (2.441406250E-04,0.00000000)             (931.153870,0.00000000)       (-2.288818359E-05,0.00000000)
   3.57052422               1   0.00000000    
            (637.204834,-69.4132309)   (8.009839803E-05,2.471120933E-05)            (-42.4803581,4.62754440) (-2.982385558E-05,-4.360676103E-04)            (63.1235428,-93.4561996)   (3.248671646E-06,1.179640822E-05)            (-42.4803352,4.62755346)  (-4.633351637E-06,2.130276016E-06)           (2.83202434,-0.308502972)
  (-1.550841407E-04,9.373217836E-06)            (-57.3502197,84.9085999)   (4.074154276E-06,2.769359298E-06)
        (2.441406250E-04,0.00000000)             (913.247986,0.00000000)       (-7.629394531E-06,0.00000000)
   3.91966224               1   0.00000000    
            (793.333069,-126.137245)  (-1.309605977E-05,1.375086431E-04)            (-52.8888702,8.40915585)  (-1.300251606E-04,4.059778876E-04)            (67.3077393,-107.373810) (-1.023130153E-06,-2.528592267E-05)            (-52.8888283,8.40914917)  (7.249605005E-06,-9.412793588E-06)           (3.52592349,-0.560609579)
  (1.187999733E-04,-7.296376862E-05)            (-59.9838104,95.6902542)  (-6.898817901E-06,5.378738933E-06)
       (-2.441406250E-04,0.00000000)             (895.805664,0.00000000)        (7.629394531E-06,0.00000000)
   4.24014854               1   0.00000000    
            (946.773865,-209.962799)  (3.238135832E-05,-2.125026367E-05)            (-63.1182442,13.9975080)   (5.206314963E-04,6.410496426E-04)            (70.1665344,-120.159500) (-4.224754957E-05,-4.076129699E-05)            (-63.1182632,13.9975300)  (9.486726640E-07,-3.604955964E-06)           (4.20788431,-0.933167756)
  (9.512023826E-05,-8.500106196E-05)            (-61.3454895,105.053375)  (-7.209911928E-06,1.195327513E-05)
       (-3.662109375E-04,0.00000000)             (878.813477,0.00000000)        (2.288818359E-05,0.00000000)
   4.50189686               1   0.00000000    
            (1073.90039,-305.326477) (-2.481827105E-04,-9.347141167E-05)            (-71.5933838,20.3551407)   (1.367153600E-03,1.880172058E-04)            (71.9237747,-130.416214) (-1.980895604E-06,-1.107958451E-05)            (-71.5934296,20.3551235)   (1.947321107E-05,9.132262676E-06)            (4.77289104,-1.35700977)
   (7.628127059E-05,1.321492455E-04)            (-61.8435822,112.138245) (-1.745873988E-06,-1.208682079E-06)
             (0.00000000,0.00000000)             (864.304077,0.00000000)             (0.00000000,0.00000000)
   4.78353262               1   0.00000000    
            (1213.79248,-434.240082)  (1.860802877E-04,-6.392942305E-05)            (-80.9195099,28.9493370) (-4.343776091E-04,-4.315235710E-04)            (74.0651016,-141.100479)   (3.906401616E-05,1.840824916E-05)            (-80.9194870,28.9493237)  (-6.492831744E-06,1.783745120E-06)            (5.39463234,-1.92995524)
  (-2.853992191E-05,5.023026097E-05)            (-62.4923096,119.053307) (-2.425892944E-06,-9.988971215E-07)
       (-1.220703125E-04,0.00000000)             (848.120361,0.00000000)        (7.629394531E-06,0.00000000)
   5.11381149               1   0.00000000    
            (1375.03235,-616.962524) (-3.905338235E-04,-4.320280859E-04)            (-91.6688843,41.1307449) (-8.643612964E-04,-5.577311385E-04)            (77.2336655,-153.048492)   (8.886170690E-06,5.072364002E-05)            (-91.6688461,41.1308479)   (2.044200664E-05,2.936631608E-05)            (6.11125708,-2.74205184)
   (1.549931330E-04,4.173830675E-04)            (-63.6559906,126.142624) (-1.365342996E-05,-1.769606570E-05)
       (-1.220703125E-04,0.00000000)             (828.470642,0.00000000)        (7.629394531E-06,0.00000000)
   5.42401600               1   0.00000000    
            (1497.71484,-817.504517)   (2.252341365E-04,2.873676713E-04)            (-99.8475952,54.5003471)  (-6.747314910E-05,8.155029354E-05)            (79.8396225,-163.689682)  (-4.165496648E-05,8.090300412E-07)            (-99.8476486,54.5002747) (-1.674693522E-05,-3.001503501E-05)            (6.65650845,-3.63335538)
  (2.588898496E-06,-3.339678515E-04)            (-64.2925339,131.814407)  (-3.802444326E-06,1.860770499E-05)
        (1.220703125E-04,0.00000000)             (809.443359,0.00000000)       (-1.525878906E-05,0.00000000)
   5.71741486               1   0.00000000    
            (1578.81030,-1021.51703)   (1.077930501E-04,3.179213090E-04)            (-105.254097,68.1011429)  (-3.193709563E-05,5.130403442E-04)            (82.0317535,-173.155563)  (-9.449348909E-06,2.234317981E-05)            (-105.254013,68.1011276) (-8.527931641E-06,-1.500915914E-05)            (7.01694012,-4.54007578)
 (-2.592491219E-04,-6.822345313E-05)            (-64.5540161,136.262756)   (1.202438398E-05,3.922848919E-06)
             (0.00000000,0.00000000)             (791.016357,0.00000000)             (0.00000000,0.00000000)
   5.99647522               1   0.00000000    
            (1621.65417,-1216.06848)  (-7.641899283E-04,6.640152424E-04)            (-108.110336,81.0712051)  (-9.877047269E-04,2.504368022E-04)            (83.9248505,-181.558807)  (4.669136615E-05,-1.806722321E-05)            (-108.110298,81.0712738)  (5.992594743E-05,-4.937181802E-05)            (7.20735598,-5.40474987)
  (4.879939370E-04,-4.693900701E-04)            (-64.5536346,139.651810)  (-3.076794746E-05,3.094683052E-05)
        (1.220703125E-04,0.00000000)             (773.167847,0.00000000)             (0.00000000,0.00000000)
   6.39226389               1   0.00000000    
            (1630.96216,-1471.57446) (-1.311949891E-04,-5.110501661E-04)            (-108.730843,98.1049347)  (2.240611502E-04,-7.566593704E-04)            (86.4050598,-192.378067)   (2.407464763E-06,5.167708150E-05)            (-108.730812,98.1048584)   (1.458781026E-05,3.584978549E-05)            (7.24872351,-6.54032707)
   (3.142576898E-04,5.385095719E-04)            (-64.2491913,143.048752) (-1.620867988E-05,-3.213132368E-05)
             (0.00000000,0.00000000)             (747.434692,0.00000000)             (0.00000000,0.00000000)
   6.76493645               1   0.00000000    
            (1600.33838,-1673.82166)   (4.488203267E-04,2.663861669E-04)            (-106.689171,111.588196)   (9.993518470E-04,8.879539382E-05)            (88.6719360,-201.291046)  (-5.436194988E-05,1.352111576E-05)            (-106.689255,111.588081) (-3.511454634E-05,-2.946392851E-05)            (7.11260653,-7.43920851)
 (-8.952190401E-04,-9.363878053E-05)            (-63.7695923,144.761047)   (5.201593740E-05,1.109941877E-06)
             (0.00000000,0.00000000)             (722.890259,0.00000000)             (0.00000000,0.00000000)
   7.11812401               1   0.00000000    
            (1553.64258,-1825.34863)   (5.656838766E-04,4.552650498E-04)            (-103.576218,121.690063)   (6.472238456E-04,7.491489523E-04)            (90.9094467,-208.522736) (-1.271408473E-05,-4.268110206E-05)            (-103.576210,121.689919) (-3.047133396E-05,-3.790336632E-05)            (6.90507793,-8.11266613)
 (-5.351063446E-04,-3.932606778E-04)            (-63.2608070,145.103943)   (3.328489038E-05,3.206391193E-05)
       (-1.220703125E-04,0.00000000)             (699.471924,0.00000000)        (7.629394531E-06,0.00000000)
   7.45459700               1   0.00000000    
            (1505.85730,-1935.27539) (-5.550636561E-04,-3.397985420E-04)            (-100.390594,129.018509) (-1.973856008E-03,-5.657379515E-04)            (93.2600937,-214.267197)   (1.063538439E-04,4.425387306E-05)            (-100.390503,129.018494)   (2.679694080E-05,3.669290527E-05)            (6.69270611,-8.60123158)
   (6.671437877E-04,1.014058507E-04)            (-62.8229828,144.336365) (-4.297517808E-05,-7.060605185E-06)
        (6.103515625E-05,0.00000000)             (677.119995,0.00000000)       (-7.629394531E-06,0.00000000)
   7.88091230               1   0.00000000    
            (1453.18750,-2034.02600) (-3.291384201E-04,-1.081454684E-03)            (-96.8791733,135.601730) (-2.576683182E-04,-1.372977393E-03)            (96.7558670,-219.897034)  (-7.875811207E-06,5.771677024E-05)            (-96.8791580,135.601776)   (2.233439045E-05,6.665052206E-05)            (6.45861244,-9.04011917)
   (3.987276577E-04,5.548333284E-04)            (-62.4592667,141.951431) (-2.362743544E-05,-3.314893911E-05)
             (0.00000000,0.00000000)             (648.880737,0.00000000)             (0.00000000,0.00000000)
   8.48029709               1   0.00000000    
            (1408.24463,-2116.20874) (-2.934560471E-04,-2.711938578E-04)            (-93.8829803,141.080566)  (-1.064537093E-03,2.428601438E-04)            (103.127716,-224.675522)  (1.587445331E-05,-1.606418846E-05)            (-93.8829422,141.080566)   (2.175622467E-05,1.176353726E-05)            (6.25886631,-9.40536404)
   (8.904874267E-05,1.335730922E-04)            (-62.5448608,136.261322)  (2.719527401E-06,-2.782773663E-06)
             (0.00000000,0.00000000)             (609.623413,0.00000000)             (0.00000000,0.00000000)
   8.85738087               1   0.00000000    
            (1400.37048,-2144.27686)   (5.421965034E-04,4.375620920E-04)            (-93.3580399,142.951859)  (-4.502450465E-04,1.300003263E-03)            (108.298546,-225.835709) (-3.970030230E-05,-8.944128058E-05)            (-93.3580170,142.951782) (-3.897367424E-05,-3.672772800E-05)            (6.22387123,-9.53011036)
 (-3.688627039E-04,-1.712199446E-04)            (-63.0666618,131.512787)   (1.717484156E-05,1.796752440E-05)
        (1.220703125E-04,0.00000000)             (585.355713,0.00000000)       (-1.144409180E-05,0.00000000)
   9.39467144               1   0.00000000    
            (1415.96362,-2163.05908)   (2.555938845E-04,5.627549835E-04)            (-94.3975067,144.203842)  (-8.519797120E-05,3.250974405E-04)            (117.603386,-225.141327)  (7.419789472E-05,-5.563090599E-05)            (-94.3975906,144.203949)  (1.961795078E-06,-3.895564805E-05)            (6.29317045,-9.61359882)
 (-2.555938845E-04,-3.923590411E-04)            (-64.5302582,123.537552)   (2.129949098E-05,2.893647616E-05)
             (0.00000000,0.00000000)             (551.554138,0.00000000)             (0.00000000,0.00000000)
   9.90285301               1   0.00000000    
            (1457.57544,-2164.45483)  (-3.710427845E-04,6.688223802E-04)            (-97.1716614,144.296921)  (-9.595119627E-04,1.715777325E-03)            (128.849289,-222.129486)  (2.658746052E-05,-4.918680133E-05)            (-97.1716614,144.296951)  (2.887693881E-05,-4.756201088E-05)            (6.47811270,-9.61979675)
 (-5.317495379E-06,-3.225945111E-04)            (-66.7326660,115.043701)   (1.181664857E-06,2.828610377E-05)
             (0.00000000,0.00000000)             (520.596863,0.00000000)             (0.00000000,0.00000000)
   10.3862000               1   0.00000000    
            (1519.14990,-2154.85986) (-1.401694259E-03,-2.370858798E-03)            (-101.276581,143.657288) (-8.948039031E-04,-1.841660123E-03)            (142.035187,-217.367203)   (1.113857434E-04,1.481012005E-04)            (-101.276756,143.657303)   (7.157191430E-05,1.674658997E-04)            (6.75177574,-9.57715893)
   (2.906253794E-04,1.073888736E-03)            (-69.5497589,106.437637) (-1.738949868E-05,-7.141700189E-05)
             (0.00000000,0.00000000)             (492.204041,0.00000000)             (0.00000000,0.00000000)
   10.8480320               1   0.00000000    
            (1596.35437,-2137.63257)  (-7.857306045E-04,2.575953549E-04)            (-106.423767,142.508774) (-2.899566025E-04,-5.281352205E-04)            (157.096008,-211.314514)  (6.844399468E-05,-4.028973126E-05)            (-106.423607,142.508774)  (6.302348629E-05,-1.197365418E-05)            (7.09491873,-9.50058746)
  (4.258737608E-04,-2.569481439E-04)            (-72.8486404,97.9913101)  (-2.414956543E-05,1.686828728E-05)
             (0.00000000,0.00000000)             (466.125641,0.00000000)             (0.00000000,0.00000000)
   11.4348297               1   0.00000000    
            (1718.60669,-2105.94116)  (-4.257143883E-04,2.155861002E-04)            (-114.573845,140.395874)  (-6.303846603E-04,1.015165006E-03)            (179.900558,-201.871994)  (4.993104085E-05,-6.771178596E-05)            (-114.573814,140.396011)  (4.374829223E-05,-2.336653233E-05)            (7.63825274,-9.35972786)
  (3.868269850E-04,-3.042765893E-04)            (-77.7769623,87.2757797)  (-2.609547300E-05,1.850561239E-05)
             (0.00000000,0.00000000)             (434.572571,0.00000000)             (0.00000000,0.00000000)
   12.1284685               1   0.00000000    
            (1896.17078,-2055.69653)  (4.652869538E-04,-4.964026157E-04)            (-126.411240,137.046356)  (-1.541308447E-04,1.490655268E-04)            (212.341400,-188.786316)  (-4.350759264E-05,4.486438047E-05)            (-126.411301,137.046417)  (-2.568847412E-05,3.663321331E-05)            (8.42742157,-9.13642311)
   (4.667343455E-05,2.308344701E-04)            (-84.4269409,75.0615387) (-5.788953786E-06,-1.628142854E-05)
             (0.00000000,0.00000000)             (399.660553,0.00000000)             (0.00000000,0.00000000)
   13.0377111               1   0.00000000    
            (2181.58374,-1970.40100)   (7.078587805E-05,7.778671716E-07)            (-145.438812,131.360062)  (-1.888661063E-03,2.364715911E-04)            (263.927948,-169.645294)  (1.616504887E-04,-5.571472502E-05)            (-145.438782,131.360046)   (2.387079621E-05,1.555733661E-06)            (9.69592857,-8.75733662)
  (-2.193585096E-04,3.928228398E-05)            (-93.9711609,60.4020004)  (6.295861567E-06,-3.160084816E-06)
             (0.00000000,0.00000000)             (357.893555,0.00000000)             (0.00000000,0.00000000)
   14.0047493               1   0.00000000    
            (2550.76489,-1857.63452)   (3.634700552E-04,3.977281449E-04)            (-170.051071,123.842300)  (-1.199451042E-03,3.676478227E-04)            (329.747498,-148.279373)  (2.958416189E-05,-3.253474642E-05)            (-170.051086,123.842361) (-8.616745617E-06,-3.143807044E-05)            (11.3367386,-8.25615883)
 (-3.801813000E-05,-2.222598414E-04)            (-104.443504,46.9656258)   (1.193288699E-05,1.180233176E-05)
        (3.051757812E-05,0.00000000)             (318.378845,0.00000000)       (-1.907348633E-06,0.00000000)
   15.1268578               1   0.00000000    
            (3066.08496,-1702.68848) (-4.805873905E-04,-3.298679367E-04)            (-204.405701,113.512642) (-8.424944826E-04,-1.136713196E-03)            (419.330444,-123.828041)   (1.598573435E-04,4.089505092E-05)            (-204.405548,113.512688)   (7.868772082E-05,2.814707659E-05)            (13.6270313,-7.56750536)
  (-1.390995894E-04,2.349914284E-04)            (-116.190826,34.3110886) (-3.588893605E-06,-1.719707507E-05)
             (0.00000000,0.00000000)             (278.522217,0.00000000)             (0.00000000,0.00000000)
   16.1712914               1   0.00000000    
            (3631.93457,-1541.45032)       (0.00000000,-6.133877323E-04)            (-242.128830,102.763512)   (5.974681699E-04,3.526436922E-04)            (514.318298,-102.444344)  (-4.644728688E-05,3.799000069E-06)            (-242.129074,102.763390)  (-3.150757766E-05,4.310055738E-05)            (16.1419239,-6.85089922)
  (-9.738705558E-05,2.797993875E-05)            (-126.224442,25.1419868)  (1.085428539E-05,-6.697244316E-06)
             (0.00000000,0.00000000)             (246.692780,0.00000000)             (0.00000000,0.00000000)
   17.1522446               1   0.00000000    
            (4239.88281,-1381.75525)  (-8.487424202E-05,7.072640001E-04)            (-282.658997,92.1170502)  (-9.305786225E-04,4.672240466E-04)            (612.740601,-84.0347366)  (7.060129428E-05,-2.392484566E-05)            (-282.658752,92.1170120)  (2.569572644E-05,-3.915519846E-05)            (18.8439178,-6.14113426)
  (3.768812530E-05,-1.794063719E-04)            (-134.651855,18.4669380)  (-4.237316205E-07,9.943702025E-06)
             (0.00000000,0.00000000)             (220.892242,0.00000000)             (0.00000000,0.00000000)
   18.5265408               1   0.00000000    
            (5214.03760,-1156.75696)   (1.435568120E-04,4.880103515E-04)            (-347.602600,77.1172180)  (1.746447087E-04,-8.842771058E-05)            (764.191772,-61.1815948)  (1.083671159E-04,-2.279776709E-05)            (-347.602600,77.1172180) (-2.236599175E-05,-4.265945972E-05)            (23.1735058,-5.14114285)
 (-2.103957522E-04,-1.430732664E-04)            (-144.796387,11.5925121)   (7.946835467E-06,4.974058356E-06)
        (3.051757812E-05,0.00000000)             (190.458466,0.00000000)             (0.00000000,0.00000000)
   19.8057060               1   0.00000000    
            (6242.66455,-957.783691) (-1.115491730E-03,-6.853657396E-05)            (-416.177551,63.8522339)  (2.028623130E-03,-4.549409641E-05)            (918.191101,-42.8140297)  (1.744802648E-05,-3.869952707E-05)            (-416.177521,63.8522758)   (1.982981303E-05,1.000722477E-05)            (27.7451553,-4.25681400)
   (2.887693336E-05,2.141767618E-05)            (-152.652679,7.11800098)  (1.080115453E-06,-3.226499075E-06)
       (-1.525878906E-05,0.00000000)             (167.115021,0.00000000)             (0.00000000,0.00000000)
   21.0071239               1   0.00000000    
            (7307.24023,-787.778687)  (1.272145601E-04,-2.218420414E-04)            (-487.149445,52.5186844)   (8.347276598E-04,3.797634854E-04)            (1073.55261,-27.7610626) (-6.247140846E-05,-3.709117664E-05)            (-487.149292,52.5186157) (-2.256021071E-05,-1.417846397E-05)            (32.4766197,-3.50123978)
   (3.438865315E-05,3.329197352E-05)            (-158.858536,4.10791206)   (1.068770325E-05,3.427118145E-08)
             (0.00000000,0.00000000)             (148.741425,0.00000000)             (0.00000000,0.00000000)
   22.1434517               1   0.00000000    
            (8394.11523,-645.236572)  (3.448179341E-04,-5.621457240E-04)            (-559.607544,43.0158615) (-1.680492074E-03,-3.428362252E-04)            (1229.71985,-15.1471586)   (3.971681508E-05,2.865225542E-05)            (-559.607910,43.0158424)  (-8.624577458E-05,4.380409518E-05)            (37.3071709,-2.86771345)
  (-6.663507520E-05,4.731338049E-05)            (-163.871841,2.01852989)  (9.041561498E-06,-8.979633321E-07)
             (0.00000000,0.00000000)             (133.950089,0.00000000)             (0.00000000,0.00000000)
   23.5735054               1   0.00000000    
            (9862.20898,-491.719940) (-8.495033835E-04,-2.419115626E-04)            (-657.481567,32.7812958) (-5.836819400E-05,-5.161718000E-04)            (1438.81250,-1.06920230)  (1.337018330E-04,-4.483099019E-06)            (-657.481079,32.7813377)   (6.320291141E-05,6.768603271E-06)            (43.8321114,-2.18541980)
   (2.235396241E-04,2.619536281E-05)           (-169.237595,0.125773013) (-7.186144558E-06,-2.593165391E-06)
             (0.00000000,0.00000000)             (118.232597,0.00000000)             (0.00000000,0.00000000)
   25.5690556               1   0.00000000    
            (12080.1221,-320.607941)   (1.580441603E-03,4.469781707E-04)            (-805.341553,21.3738594)  (-8.314113074E-05,4.729121065E-05)             (1754.09192,16.0393696)   (1.173699202E-04,1.649471415E-05)            (-805.341431,21.3738308) (-9.477310232E-05,-1.954576146E-05)            (53.6894112,-1.42492163)
 (-1.108864381E-04,-5.606295963E-05)           (-175.401123,-1.60384822)   (1.078592322E-05,2.049921022E-06)
       (-1.525878906E-05,0.00000000)             (100.513611,0.00000000)        (9.536743164E-07,0.00000000)
   28.5870743               1   0.00000000    
            (15777.7295,-131.774841)   (9.807121241E-04,2.353708987E-04)            (-1051.84827,8.78497696) (-5.514160730E-03,-2.592491510E-04)             (2284.50830,37.9671516)   (1.325027552E-04,5.116759439E-06)            (-1051.84802,8.78495789) (-9.636562754E-05,-4.839601388E-05)           (70.1231995,-0.585662842)
 (-5.894932838E-05,-4.082747546E-05)           (-182.760025,-3.03738451)   (6.489222869E-06,1.319164426E-06)
             (0.00000000,0.00000000)             (80.4142303,0.00000000)             (0.00000000,0.00000000)
   31.3155708               1   0.00000000    
            (19462.3457,-4.24117661)   (6.614052108E-04,2.540991700E-04)           (-1297.48962,0.282801867)   (3.636794398E-03,2.279419277E-04)             (2822.57690,54.7469254) (-3.078733571E-04,-2.335471436E-06)           (-1297.48938,0.282733917)  (2.685790605E-06,-1.366250217E-05)       (86.4993286,-1.885261759E-02)
 (-1.244805753E-04,-2.825919000E-05)           (-188.171692,-3.64980292)  (-5.094244443E-06,1.554547453E-06)
             (0.00000000,0.00000000)             (67.0120850,0.00000000)             (0.00000000,0.00000000)
   36.1601067               1   0.00000000    
             (26809.4531,179.062943)   (2.800324699E-03,3.559735196E-04)           (-1787.29785,-11.9374571)  (5.393541142E-05,-9.492626850E-05)             (3926.31738,78.0040894)   (3.979756439E-04,7.685792298E-06)           (-1787.29712,-11.9375153) (-2.072466887E-04,-6.741922334E-06)            (119.153191,0.795833230)
 (-1.369958627E-04,-3.910314717E-06)           (-196.315781,-3.90021682)  (2.646204621E-06,-1.466368076E-06)
             (0.00000000,0.00000000)             (50.2590828,0.00000000)             (0.00000000,0.00000000)
   40.4282303               1   0.00000000    
             (34161.2383,325.777252)   (1.712565136E-04,1.567841391E-04)           (-2277.41772,-21.7184753) (-6.901215296E-03,-7.380914176E-04)             (5070.22559,90.4532928)   (1.059404691E-03,1.432162753E-05)           (-2277.41699,-21.7184372)  (-1.747238275E-04,1.266333311E-05)             (151.827789,1.44789720)
   (7.025134983E-05,6.557797860E-06)           (-202.808884,-3.61814547) (-5.276388038E-07,-9.610565712E-07)
       (-3.814697266E-06,0.00000000)             (40.2072678,0.00000000)        (4.768371582E-07,0.00000000)
   1035.75659    
