                                                                        S      1
1H,,1H;,,                                                               G      1
31HE:\rhinoJobjs\Wigley\wigley.igs,                                     G      2
26HRhinoceros ( Aug 10 2015 ),31HTrout Lake IGES 012 Aug 10 2015,       G      3
32,38,6,308,15,                                                         G      4
,                                                                       G      5
1.0D0,2,2HMM,1,0.254D0,13H151127.120033,                                G      6
0.001D0,                                                                G      7
5.000000000000004D0,                                                    G      8
,                                                                       G      9
,                                                                       G     10
10,0,13H151127.120033;                                                  G     11
     314       1       0       0       0       0       0       000000200D      1
     314       0       1       1       0       0       0   COLOR       0D      2
     406       2       0       0       1       0       0       000000300D      3
     406       0      -1       1       3       0       0LEVELDEF       0D      4
     128       3       0       0       1       0       0       000010000D      5
     128       0      -1      27       0       0       0 TrimSrf       0D      6
     126      30       0       0       1       0       0       000010500D      7
     126       0      -1       4       1       0       0 TrimBnd       1D      8
     126      34       0       0       1       0       0       000010500D      9
     126       0      -1       4       1       0       0 TrimBnd       2D     10
     126      38       0       0       1       0       0       000010500D     11
     126       0      -1       3       1       0       0 TrimBnd       3D     12
     126      41       0       0       1       0       0       000010500D     13
     126       0      -1       4       1       0       0 TrimBnd       4D     14
     102      45       0       0       1       0       0       000010500D     15
     102       0      -1       1       0       0       02D CURVE       0D     16
     126      46       0       0       1       0       0       000010000D     17
     126       0      -1       8       1       0       0 TrimBnd       1D     18
     126      54       0       0       1       0       0       000010000D     19
     126       0      -1      10       1       0       0 TrimBnd       2D     20
     126      64       0       0       1       0       0       000010000D     21
     126       0      -1       8       1       0       0 TrimBnd       3D     22
     126      72       0       0       1       0       0       000010000D     23
     126       0      -1      10       1       0       0 TrimBnd       4D     24
     102      82       0       0       1       0       0       000010000D     25
     102       0      -1       1       0       0       03D CURVE       0D     26
     142      83       0       0       1       0       0       000010000D     27
     142       0      -1       1       0       0       0 TrimBnd       1D     28
     144      84       0       0       1       0       0       000000000D     29
     144       0      -1       1       0       0       0 TrimSrf       0D     30
     128      85       0       0       1       0       0       000010000D     31
     128       0      -1      51       8       0       0 TrimSrf       0D     32
     126     136       0       0       1       0       0       000010500D     33
     126       0      -1       4       1       0       0 TrimBnd       1D     34
     126     140       0       0       1       0       0       000010500D     35
     126       0      -1       5       1       0       0 TrimBnd       2D     36
     126     145       0       0       1       0       0       000010500D     37
     126       0      -1       7       1       0       0 TrimBnd       3D     38
     126     152       0       0       1       0       0       000010500D     39
     126       0      -1       5       1       0       0 TrimBnd       4D     40
     102     157       0       0       1       0       0       000010500D     41
     102       0      -1       1       0       0       02D CURVE       0D     42
     126     158       0       0       1       0       0       000010000D     43
     126       0      -1       5       1       0       0 TrimBnd       1D     44
     126     163       0       0       1       0       0       000010000D     45
     126       0      -1      31       0       0       0 TrimBnd       2D     46
     126     194       0       0       1       0       0       000010000D     47
     126       0      -1      10       1       0       0 TrimBnd       3D     48
     126     204       0       0       1       0       0       000010000D     49
     126       0      -1      30       0       0       0 TrimBnd       4D     50
     102     234       0       0       1       0       0       000010000D     51
     102       0      -1       1       0       0       03D CURVE       0D     52
     142     235       0       0       1       0       0       000010000D     53
     142       0      -1       1       0       0       0 TrimBnd       1D     54
     144     236       0       0       1       0       0       000000000D     55
     144       0      -1       1       0       0       0 TrimSrf       0D     56
     128     237       0       0       1       0       0       000010000D     57
     128       0      -1      98       0       0       0 TrimSrf       0D     58
     126     335       0       0       1       0       0       000010500D     59
     126       0      -1       4       1       0       0 TrimBnd       1D     60
     126     339       0       0       1       0       0       000010500D     61
     126       0      -1       3       1       0       0 TrimBnd       2D     62
     126     342       0       0       1       0       0       000010500D     63
     126       0      -1       4       1       0       0 TrimBnd       3D     64
     126     346       0       0       1       0       0       000010500D     65
     126       0      -1       4       1       0       0 TrimBnd       4D     66
     102     350       0       0       1       0       0       000010500D     67
     102       0      -1       1       0       0       02D CURVE       0D     68
     126     351       0       0       1       0       0       000010000D     69
     126       0      -1      56       0       0       0 TrimBnd       1D     70
     126     407       0       0       1       0       0       000010000D     71
     126       0      -1       7       2       0       0 TrimBnd       2D     72
     126     414       0       0       1       0       0       000010000D     73
     126       0      -1      23       0       0       0 TrimBnd       3D     74
     126     437       0       0       1       0       0       000010000D     75
     126       0      -1       8       2       0       0 TrimBnd       4D     76
     102     445       0       0       1       0       0       000010000D     77
     102       0      -1       1       0       0       03D CURVE       0D     78
     142     446       0       0       1       0       0       000010000D     79
     142       0      -1       1       0       0       0 TrimBnd       1D     80
     144     447       0       0       1       0       0       000000000D     81
     144       0      -1       1       0       0       0 TrimSrf       0D     82
     128     448       0       0       1       0       0       000010000D     83
     128       0      -1      65       0       0       0 TrimSrf       0D     84
     126     513       0       0       1       0       0       000010500D     85
     126       0      -1       4       1       0       0 TrimBnd       1D     86
     126     517       0       0       1       0       0       000010500D     87
     126       0      -1       2       1       0       0 TrimBnd       2D     88
     126     519       0       0       1       0       0       000010500D     89
     126       0      -1       4       1       0       0 TrimBnd       3D     90
     126     523       0       0       1       0       0       000010500D     91
     126       0      -1       4       1       0       0 TrimBnd       4D     92
     102     527       0       0       1       0       0       000010500D     93
     102       0      -1       1       0       0       02D CURVE       0D     94
     126     528       0       0       1       0       0       000010000D     95
     126       0      -1      31       0       0       0 TrimBnd       1D     96
     126     559       0       0       1       0       0       000010000D     97
     126       0      -1       7       2       0       0 TrimBnd       2D     98
     126     566       0       0       1       0       0       000010000D     99
     126       0      -1      16       0       0       0 TrimBnd       3D    100
     126     582       0       0       1       0       0       000010000D    101
     126       0      -1       8       2       0       0 TrimBnd       4D    102
     102     590       0       0       1       0       0       000010000D    103
     102       0      -1       1       0       0       03D CURVE       0D    104
     142     591       0       0       1       0       0       000010000D    105
     142       0      -1       1       0       0       0 TrimBnd       1D    106
     144     592       0       0       1       0       0       000000000D    107
     144       0      -1       1       0       0       0 TrimSrf       0D    108
     128     593       0       0       1       0       0       000010000D    109
     128       0      -1      57       0       0       0 TrimSrf       0D    110
     126     650       0       0       1       0       0       000010500D    111
     126       0      -1       4       1       0       0 TrimBnd       1D    112
     126     654       0       0       1       0       0       000010500D    113
     126       0      -1       3       1       0       0 TrimBnd       2D    114
     126     657       0       0       1       0       0       000010500D    115
     126       0      -1       4       1       0       0 TrimBnd       3D    116
     126     661       0       0       1       0       0       000010500D    117
     126       0      -1       3       1       0       0 TrimBnd       4D    118
     102     664       0       0       1       0       0       000010500D    119
     102       0      -1       1       0       0       02D CURVE       0D    120
     126     665       0       0       1       0       0       000010000D    121
     126       0      -1      23       2       0       0 TrimBnd       1D    122
     126     688       0       0       1       0       0       000010000D    123
     126       0      -1       9       2       0       0 TrimBnd       2D    124
     126     697       0       0       1       0       0       000010000D    125
     126       0      -1      13       2       0       0 TrimBnd       3D    126
     126     710       0       0       1       0       0       000010000D    127
     126       0      -1       7       1       0       0 TrimBnd       4D    128
     102     717       0       0       1       0       0       000010000D    129
     102       0      -1       1       0       0       03D CURVE       0D    130
     142     718       0       0       1       0       0       000010000D    131
     142       0      -1       1       0       0       0 TrimBnd       1D    132
     144     719       0       0       1       0       0       000000000D    133
     144       0      -1       1       0       0       0 TrimSrf       0D    134
     128     720       0       0       1       0       0       000010000D    135
     128       0      -1      30       0       0       0 TrimSrf       0D    136
     126     750       0       0       1       0       0       000010500D    137
     126       0      -1       6       1       0       0 TrimBnd       1D    138
     126     756       0       0       1       0       0       000010500D    139
     126       0      -1       4       1       0       0 TrimBnd       2D    140
     126     760       0       0       1       0       0       000010500D    141
     126       0      -1       3       1       0       0 TrimBnd       3D    142
     126     763       0       0       1       0       0       000010500D    143
     126       0      -1       4       1       0       0 TrimBnd       4D    144
     102     767       0       0       1       0       0       000010500D    145
     102       0      -1       1       0       0       02D CURVE       0D    146
     126     768       0       0       1       0       0       000010000D    147
     126       0      -1      16       1       0       0 TrimBnd       1D    148
     126     784       0       0       1       0       0       000010000D    149
     126       0      -1       9       1       0       0 TrimBnd       2D    150
     126     793       0       0       1       0       0       000010000D    151
     126       0      -1      12       1       0       0 TrimBnd       3D    152
     126     805       0       0       1       0       0       000010000D    153
     126       0      -1       8       1       0       0 TrimBnd       4D    154
     102     813       0       0       1       0       0       000010000D    155
     102       0      -1       1       0       0       03D CURVE       0D    156
     142     814       0       0       1       0       0       000010000D    157
     142       0      -1       1       0       0       0 TrimBnd       1D    158
     144     815       0       0       1       0       0       000000000D    159
     144       0      -1       1       0       0       0 TrimSrf       0D    160
     128     816       0       0       1       0       0       000010000D    161
     128       0      -1      24       0       0       0 TrimSrf       0D    162
     126     840       0       0       1       0       0       000010500D    163
     126       0      -1       4       1       0       0 TrimBnd       1D    164
     126     844       0       0       1       0       0       000010500D    165
     126       0      -1       4       1       0       0 TrimBnd       2D    166
     126     848       0       0       1       0       0       000010500D    167
     126       0      -1       3       1       0       0 TrimBnd       3D    168
     126     851       0       0       1       0       0       000010500D    169
     126       0      -1       4       1       0       0 TrimBnd       4D    170
     102     855       0       0       1       0       0       000010500D    171
     102       0      -1       1       0       0       02D CURVE       0D    172
     126     856       0       0       1       0       0       000010000D    173
     126       0      -1      10       1       0       0 TrimBnd       1D    174
     126     866       0       0       1       0       0       000010000D    175
     126       0      -1       8       1       0       0 TrimBnd       2D    176
     126     874       0       0       1       0       0       000010000D    177
     126       0      -1      10       1       0       0 TrimBnd       3D    178
     126     884       0       0       1       0       0       000010000D    179
     126       0      -1       9       1       0       0 TrimBnd       4D    180
     102     893       0       0       1       0       0       000010000D    181
     102       0      -1       1       0       0       03D CURVE       0D    182
     142     894       0       0       1       0       0       000010000D    183
     142       0      -1       1       0       0       0 TrimBnd       1D    184
     144     895       0       0       1       0       0       000000000D    185
     144       0      -1       1       0       0       0 TrimSrf       0D    186
     128     896       0       0       1       0       0       000010000D    187
     128       0      -1      13       8       0       0 TrimSrf       0D    188
     126     909       0       0       1       0       0       000010500D    189
     126       0      -1      25       0       0       0 TrimBnd       1D    190
     126     934       0       0       1       0       0       000010500D    191
     126       0      -1       5       1       0       0 TrimBnd       2D    192
     126     939       0       0       1       0       0       000010500D    193
     126       0      -1       5       1       0       0 TrimBnd       3D    194
     102     944       0       0       1       0       0       000010500D    195
     102       0      -1       1       0       0       02D CURVE       0D    196
     126     945       0       0       1       0       0       000010000D    197
     126       0      -1      23       0       0       0 TrimBnd       1D    198
     126     968       0       0       1       0       0       000010000D    199
     126       0      -1       9       0       0       0 TrimBnd       2D    200
     126     977       0       0       1       0       0       000010000D    201
     126       0      -1       5       1       0       0 TrimBnd       3D    202
     102     982       0       0       1       0       0       000010000D    203
     102       0      -1       1       0       0       03D CURVE       0D    204
     142     983       0       0       1       0       0       000010000D    205
     142       0      -1       1       0       0       0 TrimBnd       1D    206
     144     984       0       0       1       0       0       000000000D    207
     144       0      -1       1       0       0       0 TrimSrf       0D    208
     128     985       0       0       1       0       0       000010000D    209
     128       0      -1      20       8       0       0 TrimSrf       0D    210
     126    1005       0       0       1       0       0       000010500D    211
     126       0      -1       3       1       0       0 TrimBnd       1D    212
     126    1008       0       0       1       0       0       000010500D    213
     126       0      -1       3       1       0       0 TrimBnd       2D    214
     126    1011       0       0       1       0       0       000010500D    215
     126       0      -1       5       1       0       0 TrimBnd       3D    216
     126    1016       0       0       1       0       0       000010500D    217
     126       0      -1      12       0       0       0 TrimBnd       4D    218
     102    1028       0       0       1       0       0       000010500D    219
     102       0      -1       1       0       0       02D CURVE       0D    220
     126    1029       0       0       1       0       0       000010000D    221
     126       0      -1      12       0       0       0 TrimBnd       1D    222
     126    1041       0       0       1       0       0       000010000D    223
     126       0      -1       4       1       0       0 TrimBnd       2D    224
     126    1045       0       0       1       0       0       000010000D    225
     126       0      -1      12       0       0       0 TrimBnd       3D    226
     126    1057       0       0       1       0       0       000010000D    227
     126       0      -1      17       0       0       0 TrimBnd       4D    228
     102    1074       0       0       1       0       0       000010000D    229
     102       0      -1       1       0       0       03D CURVE       0D    230
     142    1075       0       0       1       0       0       000010000D    231
     142       0      -1       1       0       0       0 TrimBnd       1D    232
     144    1076       0       0       1       0       0       000000000D    233
     144       0      -1       1       0       0       0 TrimSrf       0D    234
     128    1077       0       0       1       0       0       000010000D    235
     128       0      -1      27       8       0       0 TrimSrf       0D    236
     126    1104       0       0       1       0       0       000010500D    237
     126       0      -1       4       1       0       0 TrimBnd       1D    238
     126    1108       0       0       1       0       0       000010500D    239
     126       0      -1       3       1       0       0 TrimBnd       2D    240
     126    1111       0       0       1       0       0       000010500D    241
     126       0      -1       5       1       0       0 TrimBnd       3D    242
     126    1116       0       0       1       0       0       000010500D    243
     126       0      -1       7       0       0       0 TrimBnd       4D    244
     102    1123       0       0       1       0       0       000010500D    245
     102       0      -1       1       0       0       02D CURVE       0D    246
     126    1124       0       0       1       0       0       000010000D    247
     126       0      -1      17       0       0       0 TrimBnd       1D    248
     126    1141       0       0       1       0       0       000010000D    249
     126       0      -1       4       1       0       0 TrimBnd       2D    250
     126    1145       0       0       1       0       0       000010000D    251
     126       0      -1      16       0       0       0 TrimBnd       3D    252
     126    1161       0       0       1       0       0       000010000D    253
     126       0      -1      14       0       0       0 TrimBnd       4D    254
     102    1175       0       0       1       0       0       000010000D    255
     102       0      -1       1       0       0       03D CURVE       0D    256
     142    1176       0       0       1       0       0       000010000D    257
     142       0      -1       1       0       0       0 TrimBnd       1D    258
     144    1177       0       0       1       0       0       000000000D    259
     144       0      -1       1       0       0       0 TrimSrf       0D    260
     128    1178       0       0       1       0       0       000010000D    261
     128       0      -1      45       8       0       0 TrimSrf       0D    262
     126    1223       0       0       1       0       0       000010500D    263
     126       0      -1       7       0       0       0 TrimBnd       1D    264
     126    1230       0       0       1       0       0       000010500D    265
     126       0      -1       4       1       0       0 TrimBnd       2D    266
     126    1234       0       0       1       0       0       000010500D    267
     126       0      -1       4       1       0       0 TrimBnd       3D    268
     126    1238       0       0       1       0       0       000010500D    269
     126       0      -1       4       1       0       0 TrimBnd       4D    270
     102    1242       0       0       1       0       0       000010500D    271
     102       0      -1       1       0       0       02D CURVE       0D    272
     126    1243       0       0       1       0       0       000010000D    273
     126       0      -1      12       1       0       0 TrimBnd       1D    274
     126    1255       0       0       1       0       0       000010000D    275
     126       0      -1      26       0       0       0 TrimBnd       2D    276
     126    1281       0       0       1       0       0       000010000D    277
     126       0      -1       4       1       0       0 TrimBnd       3D    278
     126    1285       0       0       1       0       0       000010000D    279
     126       0      -1      26       0       0       0 TrimBnd       4D    280
     102    1311       0       0       1       0       0       000010000D    281
     102       0      -1       1       0       0       03D CURVE       0D    282
     142    1312       0       0       1       0       0       000010000D    283
     142       0      -1       1       0       0       0 TrimBnd       1D    284
     144    1313       0       0       1       0       0       000000000D    285
     144       0      -1       1       0       0       0 TrimSrf       0D    286
     128    1314       0       0       1       0       0       000010000D    287
     128       0      -1      48       8       0       0 TrimSrf       0D    288
     126    1362       0       0       1       0       0       000010500D    289
     126       0      -1       7       0       0       0 TrimBnd       1D    290
     126    1369       0       0       1       0       0       000010500D    291
     126       0      -1       3       1       0       0 TrimBnd       2D    292
     126    1372       0       0       1       0       0       000010500D    293
     126       0      -1       3       1       0       0 TrimBnd       3D    294
     126    1375       0       0       1       0       0       000010500D    295
     126       0      -1       5       1       0       0 TrimBnd       4D    296
     102    1380       0       0       1       0       0       000010500D    297
     102       0      -1       1       0       0       02D CURVE       0D    298
     126    1381       0       0       1       0       0       000010000D    299
     126       0      -1       9       1       0       0 TrimBnd       1D    300
     126    1390       0       0       1       0       0       000010000D    301
     126       0      -1      27       0       0       0 TrimBnd       2D    302
     126    1417       0       0       1       0       0       000010000D    303
     126       0      -1       4       1       0       0 TrimBnd       3D    304
     126    1421       0       0       1       0       0       000010000D    305
     126       0      -1      28       0       0       0 TrimBnd       4D    306
     102    1449       0       0       1       0       0       000010000D    307
     102       0      -1       1       0       0       03D CURVE       0D    308
     142    1450       0       0       1       0       0       000010000D    309
     142       0      -1       1       0       0       0 TrimBnd       1D    310
     144    1451       0       0       1       0       0       000000000D    311
     144       0      -1       1       0       0       0 TrimSrf       0D    312
     128    1452       0       0       1       0       0       000010000D    313
     128       0      -1      26       0       0       0 TrimSrf       0D    314
     126    1478       0       0       1       0       0       000010500D    315
     126       0      -1       4       1       0       0 TrimBnd       1D    316
     126    1482       0       0       1       0       0       000010500D    317
     126       0      -1       4       1       0       0 TrimBnd       2D    318
     126    1486       0       0       1       0       0       000010500D    319
     126       0      -1       4       1       0       0 TrimBnd       3D    320
     126    1490       0       0       1       0       0       000010500D    321
     126       0      -1       4       1       0       0 TrimBnd       4D    322
     102    1494       0       0       1       0       0       000010500D    323
     102       0      -1       1       0       0       02D CURVE       0D    324
     126    1495       0       0       1       0       0       000010000D    325
     126       0      -1      10       1       0       0 TrimBnd       1D    326
     126    1505       0       0       1       0       0       000010000D    327
     126       0      -1       8       1       0       0 TrimBnd       2D    328
     126    1513       0       0       1       0       0       000010000D    329
     126       0      -1       9       1       0       0 TrimBnd       3D    330
     126    1522       0       0       1       0       0       000010000D    331
     126       0      -1       8       1       0       0 TrimBnd       4D    332
     102    1530       0       0       1       0       0       000010000D    333
     102       0      -1       1       0       0       03D CURVE       0D    334
     142    1531       0       0       1       0       0       000010000D    335
     142       0      -1       1       0       0       0 TrimBnd       1D    336
     144    1532       0       0       1       0       0       000000000D    337
     144       0      -1       1       0       0       0 TrimSrf       0D    338
     128    1533       0       0       1       0       0       000010000D    339
     128       0      -1      51       0       0       0 TrimSrf       0D    340
     126    1584       0       0       1       0       0       000010500D    341
     126       0      -1       5       1       0       0 TrimBnd       1D    342
     126    1589       0       0       1       0       0       000010500D    343
     126       0      -1       7       1       0       0 TrimBnd       2D    344
     126    1596       0       0       1       0       0       000010500D    345
     126       0      -1       5       1       0       0 TrimBnd       3D    346
     126    1601       0       0       1       0       0       000010500D    347
     126       0      -1       4       1       0       0 TrimBnd       4D    348
     102    1605       0       0       1       0       0       000010500D    349
     102       0      -1       1       0       0       02D CURVE       0D    350
     126    1606       0       0       1       0       0       000010000D    351
     126       0      -1      32       0       0       0 TrimBnd       1D    352
     126    1638       0       0       1       0       0       000010000D    353
     126       0      -1      10       1       0       0 TrimBnd       2D    354
     126    1648       0       0       1       0       0       000010000D    355
     126       0      -1      28       0       0       0 TrimBnd       3D    356
     126    1676       0       0       1       0       0       000010000D    357
     126       0      -1       5       1       0       0 TrimBnd       4D    358
     102    1681       0       0       1       0       0       000010000D    359
     102       0      -1       1       0       0       03D CURVE       0D    360
     142    1682       0       0       1       0       0       000010000D    361
     142       0      -1       1       0       0       0 TrimBnd       1D    362
     144    1683       0       0       1       0       0       000000000D    363
     144       0      -1       1       0       0       0 TrimSrf       0D    364
     128    1684       0       0       1       0       0       000010000D    365
     128       0      -1      88       0       0       0 TrimSrf       0D    366
     126    1772       0       0       1       0       0       000010500D    367
     126       0      -1       4       1       0       0 TrimBnd       1D    368
     126    1776       0       0       1       0       0       000010500D    369
     126       0      -1       3       1       0       0 TrimBnd       2D    370
     126    1779       0       0       1       0       0       000010500D    371
     126       0      -1       3       1       0       0 TrimBnd       3D    372
     126    1782       0       0       1       0       0       000010500D    373
     126       0      -1       4       1       0       0 TrimBnd       4D    374
     102    1786       0       0       1       0       0       000010500D    375
     102       0      -1       1       0       0       02D CURVE       0D    376
     126    1787       0       0       1       0       0       000010000D    377
     126       0      -1       8       2       0       0 TrimBnd       1D    378
     126    1795       0       0       1       0       0       000010000D    379
     126       0      -1      23       0       0       0 TrimBnd       2D    380
     126    1818       0       0       1       0       0       000010000D    381
     126       0      -1       6       2       0       0 TrimBnd       3D    382
     126    1824       0       0       1       0       0       000010000D    383
     126       0      -1      47       0       0       0 TrimBnd       4D    384
     102    1871       0       0       1       0       0       000010000D    385
     102       0      -1       1       0       0       03D CURVE       0D    386
     142    1872       0       0       1       0       0       000010000D    387
     142       0      -1       1       0       0       0 TrimBnd       1D    388
     144    1873       0       0       1       0       0       000000000D    389
     144       0      -1       1       0       0       0 TrimSrf       0D    390
     128    1874       0       0       1       0       0       000010000D    391
     128       0      -1      56       0       0       0 TrimSrf       0D    392
     126    1930       0       0       1       0       0       000010500D    393
     126       0      -1       4       1       0       0 TrimBnd       1D    394
     126    1934       0       0       1       0       0       000010500D    395
     126       0      -1       4       1       0       0 TrimBnd       2D    396
     126    1938       0       0       1       0       0       000010500D    397
     126       0      -1       2       1       0       0 TrimBnd       3D    398
     126    1940       0       0       1       0       0       000010500D    399
     126       0      -1       4       1       0       0 TrimBnd       4D    400
     102    1944       0       0       1       0       0       000010500D    401
     102       0      -1       1       0       0       02D CURVE       0D    402
     126    1945       0       0       1       0       0       000010000D    403
     126       0      -1       8       2       0       0 TrimBnd       1D    404
     126    1953       0       0       1       0       0       000010000D    405
     126       0      -1      16       0       0       0 TrimBnd       2D    406
     126    1969       0       0       1       0       0       000010000D    407
     126       0      -1       7       2       0       0 TrimBnd       3D    408
     126    1976       0       0       1       0       0       000010000D    409
     126       0      -1      26       0       0       0 TrimBnd       4D    410
     102    2002       0       0       1       0       0       000010000D    411
     102       0      -1       1       0       0       03D CURVE       0D    412
     142    2003       0       0       1       0       0       000010000D    413
     142       0      -1       1       0       0       0 TrimBnd       1D    414
     144    2004       0       0       1       0       0       000000000D    415
     144       0      -1       1       0       0       0 TrimSrf       0D    416
     128    2005       0       0       1       0       0       000010000D    417
     128       0      -1      50       0       0       0 TrimSrf       0D    418
     126    2055       0       0       1       0       0       000010500D    419
     126       0      -1       3       1       0       0 TrimBnd       1D    420
     126    2058       0       0       1       0       0       000010500D    421
     126       0      -1       3       1       0       0 TrimBnd       2D    422
     126    2061       0       0       1       0       0       000010500D    423
     126       0      -1       4       1       0       0 TrimBnd       3D    424
     126    2065       0       0       1       0       0       000010500D    425
     126       0      -1       4       1       0       0 TrimBnd       4D    426
     102    2069       0       0       1       0       0       000010500D    427
     102       0      -1       1       0       0       02D CURVE       0D    428
     126    2070       0       0       1       0       0       000010000D    429
     126       0      -1       6       1       0       0 TrimBnd       1D    430
     126    2076       0       0       1       0       0       000010000D    431
     126       0      -1      13       2       0       0 TrimBnd       2D    432
     126    2089       0       0       1       0       0       000010000D    433
     126       0      -1       8       2       0       0 TrimBnd       3D    434
     126    2097       0       0       1       0       0       000010000D    435
     126       0      -1      20       2       0       0 TrimBnd       4D    436
     102    2117       0       0       1       0       0       000010000D    437
     102       0      -1       1       0       0       03D CURVE       0D    438
     142    2118       0       0       1       0       0       000010000D    439
     142       0      -1       1       0       0       0 TrimBnd       1D    440
     144    2119       0       0       1       0       0       000000000D    441
     144       0      -1       1       0       0       0 TrimSrf       0D    442
     128    2120       0       0       1       0       0       000010000D    443
     128       0      -1      28       0       0       0 TrimSrf       0D    444
     126    2148       0       0       1       0       0       000010500D    445
     126       0      -1       4       1       0       0 TrimBnd       1D    446
     126    2152       0       0       1       0       0       000010500D    447
     126       0      -1       4       1       0       0 TrimBnd       2D    448
     126    2156       0       0       1       0       0       000010500D    449
     126       0      -1       4       1       0       0 TrimBnd       3D    450
     126    2160       0       0       1       0       0       000010500D    451
     126       0      -1       6       1       0       0 TrimBnd       4D    452
     102    2166       0       0       1       0       0       000010500D    453
     102       0      -1       1       0       0       02D CURVE       0D    454
     126    2167       0       0       1       0       0       000010000D    455
     126       0      -1       8       1       0       0 TrimBnd       1D    456
     126    2175       0       0       1       0       0       000010000D    457
     126       0      -1      12       1       0       0 TrimBnd       2D    458
     126    2187       0       0       1       0       0       000010000D    459
     126       0      -1       8       1       0       0 TrimBnd       3D    460
     126    2195       0       0       1       0       0       000010000D    461
     126       0      -1      15       1       0       0 TrimBnd       4D    462
     102    2210       0       0       1       0       0       000010000D    463
     102       0      -1       1       0       0       03D CURVE       0D    464
     142    2211       0       0       1       0       0       000010000D    465
     142       0      -1       1       0       0       0 TrimBnd       1D    466
     144    2212       0       0       1       0       0       000000000D    467
     144       0      -1       1       0       0       0 TrimSrf       0D    468
     128    2213       0       0       1       0       0       000010000D    469
     128       0      -1      23       0       0       0 TrimSrf       0D    470
     126    2236       0       0       1       0       0       000010500D    471
     126       0      -1       4       1       0       0 TrimBnd       1D    472
     126    2240       0       0       1       0       0       000010500D    473
     126       0      -1       3       1       0       0 TrimBnd       2D    474
     126    2243       0       0       1       0       0       000010500D    475
     126       0      -1       4       1       0       0 TrimBnd       3D    476
     126    2247       0       0       1       0       0       000010500D    477
     126       0      -1       4       1       0       0 TrimBnd       4D    478
     102    2251       0       0       1       0       0       000010500D    479
     102       0      -1       1       0       0       02D CURVE       0D    480
     126    2252       0       0       1       0       0       000010000D    481
     126       0      -1       9       1       0       0 TrimBnd       1D    482
     126    2261       0       0       1       0       0       000010000D    483
     126       0      -1       9       1       0       0 TrimBnd       2D    484
     126    2270       0       0       1       0       0       000010000D    485
     126       0      -1       8       1       0       0 TrimBnd       3D    486
     126    2278       0       0       1       0       0       000010000D    487
     126       0      -1       9       1       0       0 TrimBnd       4D    488
     102    2287       0       0       1       0       0       000010000D    489
     102       0      -1       1       0       0       03D CURVE       0D    490
     142    2288       0       0       1       0       0       000010000D    491
     142       0      -1       1       0       0       0 TrimBnd       1D    492
     144    2289       0       0       1       0       0       000000000D    493
     144       0      -1       1       0       0       0 TrimSrf       0D    494
     128    2290       0       0       1       0       0       000010000D    495
     128       0      -1      13       0       0       0 TrimSrf       0D    496
     126    2303       0       0       1       0       0       000010500D    497
     126       0      -1       5       1       0       0 TrimBnd       1D    498
     126    2308       0       0       1       0       0       000010500D    499
     126       0      -1       5       1       0       0 TrimBnd       2D    500
     126    2313       0       0       1       0       0       000010500D    501
     126       0      -1      27       0       0       0 TrimBnd       3D    502
     102    2340       0       0       1       0       0       000010500D    503
     102       0      -1       1       0       0       02D CURVE       0D    504
     126    2341       0       0       1       0       0       000010000D    505
     126       0      -1       5       1       0       0 TrimBnd       1D    506
     126    2346       0       0       1       0       0       000010000D    507
     126       0      -1       9       0       0       0 TrimBnd       2D    508
     126    2355       0       0       1       0       0       000010000D    509
     126       0      -1      23       0       0       0 TrimBnd       3D    510
     102    2378       0       0       1       0       0       000010000D    511
     102       0      -1       1       0       0       03D CURVE       0D    512
     142    2379       0       0       1       0       0       000010000D    513
     142       0      -1       1       0       0       0 TrimBnd       1D    514
     144    2380       0       0       1       0       0       000000000D    515
     144       0      -1       1       0       0       0 TrimSrf       0D    516
     128    2381       0       0       1       0       0       000010000D    517
     128       0      -1      18       0       0       0 TrimSrf       0D    518
     126    2399       0       0       1       0       0       000010500D    519
     126       0      -1      11       0       0       0 TrimBnd       1D    520
     126    2410       0       0       1       0       0       000010500D    521
     126       0      -1       5       1       0       0 TrimBnd       2D    522
     126    2415       0       0       1       0       0       000010500D    523
     126       0      -1       3       1       0       0 TrimBnd       3D    524
     126    2418       0       0       1       0       0       000010500D    525
     126       0      -1       4       1       0       0 TrimBnd       4D    526
     102    2422       0       0       1       0       0       000010500D    527
     102       0      -1       1       0       0       02D CURVE       0D    528
     126    2423       0       0       1       0       0       000010000D    529
     126       0      -1      14       0       0       0 TrimBnd       1D    530
     126    2437       0       0       1       0       0       000010000D    531
     126       0      -1      11       0       0       0 TrimBnd       2D    532
     126    2448       0       0       1       0       0       000010000D    533
     126       0      -1       4       1       0       0 TrimBnd       3D    534
     126    2452       0       0       1       0       0       000010000D    535
     126       0      -1      11       0       0       0 TrimBnd       4D    536
     102    2463       0       0       1       0       0       000010000D    537
     102       0      -1       1       0       0       03D CURVE       0D    538
     142    2464       0       0       1       0       0       000010000D    539
     142       0      -1       1       0       0       0 TrimBnd       1D    540
     144    2465       0       0       1       0       0       000000000D    541
     144       0      -1       1       0       0       0 TrimSrf       0D    542
     128    2466       0       0       1       0       0       000010000D    543
     128       0      -1      24       0       0       0 TrimSrf       0D    544
     126    2490       0       0       1       0       0       000010500D    545
     126       0      -1       7       0       0       0 TrimBnd       1D    546
     126    2497       0       0       1       0       0       000010500D    547
     126       0      -1       5       1       0       0 TrimBnd       2D    548
     126    2502       0       0       1       0       0       000010500D    549
     126       0      -1       3       1       0       0 TrimBnd       3D    550
     126    2505       0       0       1       0       0       000010500D    551
     126       0      -1       4       1       0       0 TrimBnd       4D    552
     102    2509       0       0       1       0       0       000010500D    553
     102       0      -1       1       0       0       02D CURVE       0D    554
     126    2510       0       0       1       0       0       000010000D    555
     126       0      -1      13       0       0       0 TrimBnd       1D    556
     126    2523       0       0       1       0       0       000010000D    557
     126       0      -1      14       0       0       0 TrimBnd       2D    558
     126    2537       0       0       1       0       0       000010000D    559
     126       0      -1       4       1       0       0 TrimBnd       3D    560
     126    2541       0       0       1       0       0       000010000D    561
     126       0      -1      14       0       0       0 TrimBnd       4D    562
     102    2555       0       0       1       0       0       000010000D    563
     102       0      -1       1       0       0       03D CURVE       0D    564
     142    2556       0       0       1       0       0       000010000D    565
     142       0      -1       1       0       0       0 TrimBnd       1D    566
     144    2557       0       0       1       0       0       000000000D    567
     144       0      -1       1       0       0       0 TrimSrf       0D    568
     128    2558       0       0       1       0       0       000010000D    569
     128       0      -1      38       0       0       0 TrimSrf       0D    570
     126    2596       0       0       1       0       0       000010500D    571
     126       0      -1       4       1       0       0 TrimBnd       1D    572
     126    2600       0       0       1       0       0       000010500D    573
     126       0      -1       3       1       0       0 TrimBnd       2D    574
     126    2603       0       0       1       0       0       000010500D    575
     126       0      -1       4       1       0       0 TrimBnd       3D    576
     126    2607       0       0       1       0       0       000010500D    577
     126       0      -1       7       0       0       0 TrimBnd       4D    578
     102    2614       0       0       1       0       0       000010500D    579
     102       0      -1       1       0       0       02D CURVE       0D    580
     126    2615       0       0       1       0       0       000010000D    581
     126       0      -1      23       0       0       0 TrimBnd       1D    582
     126    2638       0       0       1       0       0       000010000D    583
     126       0      -1       4       1       0       0 TrimBnd       2D    584
     126    2642       0       0       1       0       0       000010000D    585
     126       0      -1      22       0       0       0 TrimBnd       3D    586
     126    2664       0       0       1       0       0       000010000D    587
     126       0      -1      12       1       0       0 TrimBnd       4D    588
     102    2676       0       0       1       0       0       000010000D    589
     102       0      -1       1       0       0       03D CURVE       0D    590
     142    2677       0       0       1       0       0       000010000D    591
     142       0      -1       1       0       0       0 TrimBnd       1D    592
     144    2678       0       0       1       0       0       000000000D    593
     144       0      -1       1       0       0       0 TrimSrf       0D    594
     128    2679       0       0       1       0       0       000010000D    595
     128       0      -1      44       0       0       0 TrimSrf       0D    596
     126    2723       0       0       1       0       0       000010500D    597
     126       0      -1       5       1       0       0 TrimBnd       1D    598
     126    2728       0       0       1       0       0       000010500D    599
     126       0      -1       3       1       0       0 TrimBnd       2D    600
     126    2731       0       0       1       0       0       000010500D    601
     126       0      -1       4       1       0       0 TrimBnd       3D    602
     126    2735       0       0       1       0       0       000010500D    603
     126       0      -1       7       0       0       0 TrimBnd       4D    604
     102    2742       0       0       1       0       0       000010500D    605
     102       0      -1       1       0       0       02D CURVE       0D    606
     126    2743       0       0       1       0       0       000010000D    607
     126       0      -1      29       0       0       0 TrimBnd       1D    608
     126    2772       0       0       1       0       0       000010000D    609
     126       0      -1       4       1       0       0 TrimBnd       2D    610
     126    2776       0       0       1       0       0       000010000D    611
     126       0      -1      22       0       0       0 TrimBnd       3D    612
     126    2798       0       0       1       0       0       000010000D    613
     126       0      -1      10       1       0       0 TrimBnd       4D    614
     102    2808       0       0       1       0       0       000010000D    615
     102       0      -1       1       0       0       03D CURVE       0D    616
     142    2809       0       0       1       0       0       000010000D    617
     142       0      -1       1       0       0       0 TrimBnd       1D    618
     144    2810       0       0       1       0       0       000000000D    619
     144       0      -1       1       0       0       0 TrimSrf       0D    620
     128    2811       0       0       1       0       0       000010000D    621
     128       0      -1      40       8       0       0 TrimSrf       0D    622
     126    2851       0       0       1       0       0       000010500D    623
     126       0      -1       7       0       0       0 TrimBnd       1D    624
     126    2858       0       0       1       0       0       000010500D    625
     126       0      -1       3       1       0       0 TrimBnd       2D    626
     126    2861       0       0       1       0       0       000010500D    627
     126       0      -1       3       1       0       0 TrimBnd       3D    628
     126    2864       0       0       1       0       0       000010500D    629
     126       0      -1       5       1       0       0 TrimBnd       4D    630
     102    2869       0       0       1       0       0       000010500D    631
     102       0      -1       1       0       0       02D CURVE       0D    632
     126    2870       0       0       1       0       0       000010000D    633
     126       0      -1       9       1       0       0 TrimBnd       1D    634
     126    2879       0       0       1       0       0       000010000D    635
     126       0      -1      23       0       0       0 TrimBnd       2D    636
     126    2902       0       0       1       0       0       000010000D    637
     126       0      -1       4       1       0       0 TrimBnd       3D    638
     126    2906       0       0       1       0       0       000010000D    639
     126       0      -1      23       0       0       0 TrimBnd       4D    640
     102    2929       0       0       1       0       0       000010000D    641
     102       0      -1       1       0       0       03D CURVE       0D    642
     142    2930       0       0       1       0       0       000010000D    643
     142       0      -1       1       0       0       0 TrimBnd       1D    644
     144    2931       0       0       1       0       0       000000000D    645
     144       0      -1       1       0       0       0 TrimSrf       0D    646
     128    2932       0       0       1       0       0       000010000D    647
     128       0      -1      37       8       0       0 TrimSrf       0D    648
     126    2969       0       0       1       0       0       000010500D    649
     126       0      -1       7       0       0       0 TrimBnd       1D    650
     126    2976       0       0       1       0       0       000010500D    651
     126       0      -1       4       1       0       0 TrimBnd       2D    652
     126    2980       0       0       1       0       0       000010500D    653
     126       0      -1       4       1       0       0 TrimBnd       3D    654
     126    2984       0       0       1       0       0       000010500D    655
     126       0      -1       4       1       0       0 TrimBnd       4D    656
     102    2988       0       0       1       0       0       000010500D    657
     102       0      -1       1       0       0       02D CURVE       0D    658
     126    2989       0       0       1       0       0       000010000D    659
     126       0      -1      11       1       0       0 TrimBnd       1D    660
     126    3000       0       0       1       0       0       000010000D    661
     126       0      -1      22       0       0       0 TrimBnd       2D    662
     126    3022       0       0       1       0       0       000010000D    663
     126       0      -1       4       1       0       0 TrimBnd       3D    664
     126    3026       0       0       1       0       0       000010000D    665
     126       0      -1      22       0       0       0 TrimBnd       4D    666
     102    3048       0       0       1       0       0       000010000D    667
     102       0      -1       1       0       0       03D CURVE       0D    668
     142    3049       0       0       1       0       0       000010000D    669
     142       0      -1       1       0       0       0 TrimBnd       1D    670
     144    3050       0       0       1       0       0       000000000D    671
     144       0      -1       1       0       0       0 TrimSrf       0D    672
     128    3051       0       0       1       0       0       000010000D    673
     128       0      -1      22       8       0       0 TrimSrf       0D    674
     126    3073       0       0       1       0       0       000010500D    675
     126       0      -1       4       1       0       0 TrimBnd       1D    676
     126    3077       0       0       1       0       0       000010500D    677
     126       0      -1       3       1       0       0 TrimBnd       2D    678
     126    3080       0       0       1       0       0       000010500D    679
     126       0      -1       5       1       0       0 TrimBnd       3D    680
     126    3085       0       0       1       0       0       000010500D    681
     126       0      -1       7       0       0       0 TrimBnd       4D    682
     102    3092       0       0       1       0       0       000010500D    683
     102       0      -1       1       0       0       02D CURVE       0D    684
     126    3093       0       0       1       0       0       000010000D    685
     126       0      -1      13       0       0       0 TrimBnd       1D    686
     126    3106       0       0       1       0       0       000010000D    687
     126       0      -1       4       1       0       0 TrimBnd       2D    688
     126    3110       0       0       1       0       0       000010000D    689
     126       0      -1      13       0       0       0 TrimBnd       3D    690
     126    3123       0       0       1       0       0       000010000D    691
     126       0      -1      12       0       0       0 TrimBnd       4D    692
     102    3135       0       0       1       0       0       000010000D    693
     102       0      -1       1       0       0       03D CURVE       0D    694
     142    3136       0       0       1       0       0       000010000D    695
     142       0      -1       1       0       0       0 TrimBnd       1D    696
     144    3137       0       0       1       0       0       000000000D    697
     144       0      -1       1       0       0       0 TrimSrf       0D    698
     128    3138       0       0       1       0       0       000010000D    699
     128       0      -1      17       8       0       0 TrimSrf       0D    700
     126    3155       0       0       1       0       0       000010500D    701
     126       0      -1       3       1       0       0 TrimBnd       1D    702
     126    3158       0       0       1       0       0       000010500D    703
     126       0      -1       3       1       0       0 TrimBnd       2D    704
     126    3161       0       0       1       0       0       000010500D    705
     126       0      -1       5       1       0       0 TrimBnd       3D    706
     126    3166       0       0       1       0       0       000010500D    707
     126       0      -1      12       0       0       0 TrimBnd       4D    708
     102    3178       0       0       1       0       0       000010500D    709
     102       0      -1       1       0       0       02D CURVE       0D    710
     126    3179       0       0       1       0       0       000010000D    711
     126       0      -1      11       0       0       0 TrimBnd       1D    712
     126    3190       0       0       1       0       0       000010000D    713
     126       0      -1       4       1       0       0 TrimBnd       2D    714
     126    3194       0       0       1       0       0       000010000D    715
     126       0      -1      10       0       0       0 TrimBnd       3D    716
     126    3204       0       0       1       0       0       000010000D    717
     126       0      -1      14       0       0       0 TrimBnd       4D    718
     102    3218       0       0       1       0       0       000010000D    719
     102       0      -1       1       0       0       03D CURVE       0D    720
     142    3219       0       0       1       0       0       000010000D    721
     142       0      -1       1       0       0       0 TrimBnd       1D    722
     144    3220       0       0       1       0       0       000000000D    723
     144       0      -1       1       0       0       0 TrimSrf       0D    724
     128    3221       0       0       1       0       0       000010000D    725
     128       0      -1      12       8       0       0 TrimSrf       0D    726
     126    3233       0       0       1       0       0       000010500D    727
     126       0      -1      25       0       0       0 TrimBnd       1D    728
     126    3258       0       0       1       0       0       000010500D    729
     126       0      -1       5       1       0       0 TrimBnd       2D    730
     126    3263       0       0       1       0       0       000010500D    731
     126       0      -1       5       1       0       0 TrimBnd       3D    732
     102    3268       0       0       1       0       0       000010500D    733
     102       0      -1       1       0       0       02D CURVE       0D    734
     126    3269       0       0       1       0       0       000010000D    735
     126       0      -1      19       0       0       0 TrimBnd       1D    736
     126    3288       0       0       1       0       0       000010000D    737
     126       0      -1       9       0       0       0 TrimBnd       2D    738
     126    3297       0       0       1       0       0       000010000D    739
     126       0      -1       5       1       0       0 TrimBnd       3D    740
     102    3302       0       0       1       0       0       000010000D    741
     102       0      -1       1       0       0       03D CURVE       0D    742
     142    3303       0       0       1       0       0       000010000D    743
     142       0      -1       1       0       0       0 TrimBnd       1D    744
     144    3304       0       0       1       0       0       000000000D    745
     144       0      -1       1       0       0       0 TrimSrf       0D    746
     128    3305       0       0       1       0       0       000010000D    747
     128       0      -1      23       0       0       0 TrimSrf       0D    748
     126    3328       0       0       1       0       0       000010500D    749
     126       0      -1       4       1       0       0 TrimBnd       1D    750
     126    3332       0       0       1       0       0       000010500D    751
     126       0      -1       4       1       0       0 TrimBnd       2D    752
     126    3336       0       0       1       0       0       000010500D    753
     126       0      -1       3       1       0       0 TrimBnd       3D    754
     126    3339       0       0       1       0       0       000010500D    755
     126       0      -1       4       1       0       0 TrimBnd       4D    756
     102    3343       0       0       1       0       0       000010500D    757
     102       0      -1       1       0       0       02D CURVE       0D    758
     126    3344       0       0       1       0       0       000010000D    759
     126       0      -1      10       1       0       0 TrimBnd       1D    760
     126    3354       0       0       1       0       0       000010000D    761
     126       0      -1       8       1       0       0 TrimBnd       2D    762
     126    3362       0       0       1       0       0       000010000D    763
     126       0      -1      10       1       0       0 TrimBnd       3D    764
     126    3372       0       0       1       0       0       000010000D    765
     126       0      -1       9       1       0       0 TrimBnd       4D    766
     102    3381       0       0       1       0       0       000010000D    767
     102       0      -1       1       0       0       03D CURVE       0D    768
     142    3382       0       0       1       0       0       000010000D    769
     142       0      -1       1       0       0       0 TrimBnd       1D    770
     144    3383       0       0       1       0       0       000000000D    771
     144       0      -1       1       0       0       0 TrimSrf       0D    772
     128    3384       0       0       1       0       0       000010000D    773
     128       0      -1      28       0       0       0 TrimSrf       0D    774
     126    3412       0       0       1       0       0       000010500D    775
     126       0      -1       6       1       0       0 TrimBnd       1D    776
     126    3418       0       0       1       0       0       000010500D    777
     126       0      -1       4       1       0       0 TrimBnd       2D    778
     126    3422       0       0       1       0       0       000010500D    779
     126       0      -1       3       1       0       0 TrimBnd       3D    780
     126    3425       0       0       1       0       0       000010500D    781
     126       0      -1       4       1       0       0 TrimBnd       4D    782
     102    3429       0       0       1       0       0       000010500D    783
     102       0      -1       1       0       0       02D CURVE       0D    784
     126    3430       0       0       1       0       0       000010000D    785
     126       0      -1      15       1       0       0 TrimBnd       1D    786
     126    3445       0       0       1       0       0       000010000D    787
     126       0      -1       8       1       0       0 TrimBnd       2D    788
     126    3453       0       0       1       0       0       000010000D    789
     126       0      -1      11       1       0       0 TrimBnd       3D    790
     126    3464       0       0       1       0       0       000010000D    791
     126       0      -1       8       1       0       0 TrimBnd       4D    792
     102    3472       0       0       1       0       0       000010000D    793
     102       0      -1       1       0       0       03D CURVE       0D    794
     142    3473       0       0       1       0       0       000010000D    795
     142       0      -1       1       0       0       0 TrimBnd       1D    796
     144    3474       0       0       1       0       0       000000000D    797
     144       0      -1       1       0       0       0 TrimSrf       0D    798
     128    3475       0       0       1       0       0       000010000D    799
     128       0      -1      52       0       0       0 TrimSrf       0D    800
     126    3527       0       0       1       0       0       000010500D    801
     126       0      -1       4       1       0       0 TrimBnd       1D    802
     126    3531       0       0       1       0       0       000010500D    803
     126       0      -1       3       1       0       0 TrimBnd       2D    804
     126    3534       0       0       1       0       0       000010500D    805
     126       0      -1       4       1       0       0 TrimBnd       3D    806
     126    3538       0       0       1       0       0       000010500D    807
     126       0      -1       3       1       0       0 TrimBnd       4D    808
     102    3541       0       0       1       0       0       000010500D    809
     102       0      -1       1       0       0       02D CURVE       0D    810
     126    3542       0       0       1       0       0       000010000D    811
     126       0      -1      21       2       0       0 TrimBnd       1D    812
     126    3563       0       0       1       0       0       000010000D    813
     126       0      -1       8       2       0       0 TrimBnd       2D    814
     126    3571       0       0       1       0       0       000010000D    815
     126       0      -1      12       2       0       0 TrimBnd       3D    816
     126    3583       0       0       1       0       0       000010000D    817
     126       0      -1       7       1       0       0 TrimBnd       4D    818
     102    3590       0       0       1       0       0       000010000D    819
     102       0      -1       1       0       0       03D CURVE       0D    820
     142    3591       0       0       1       0       0       000010000D    821
     142       0      -1       1       0       0       0 TrimBnd       1D    822
     144    3592       0       0       1       0       0       000000000D    823
     144       0      -1       1       0       0       0 TrimSrf       0D    824
     128    3593       0       0       1       0       0       000010000D    825
     128       0      -1      57       0       0       0 TrimSrf       0D    826
     126    3650       0       0       1       0       0       000010500D    827
     126       0      -1       4       1       0       0 TrimBnd       1D    828
     126    3654       0       0       1       0       0       000010500D    829
     126       0      -1       2       1       0       0 TrimBnd       2D    830
     126    3656       0       0       1       0       0       000010500D    831
     126       0      -1       4       1       0       0 TrimBnd       3D    832
     126    3660       0       0       1       0       0       000010500D    833
     126       0      -1       4       1       0       0 TrimBnd       4D    834
     102    3664       0       0       1       0       0       000010500D    835
     102       0      -1       1       0       0       02D CURVE       0D    836
     126    3665       0       0       1       0       0       000010000D    837
     126       0      -1      27       0       0       0 TrimBnd       1D    838
     126    3692       0       0       1       0       0       000010000D    839
     126       0      -1       6       2       0       0 TrimBnd       2D    840
     126    3698       0       0       1       0       0       000010000D    841
     126       0      -1      13       0       0       0 TrimBnd       3D    842
     126    3711       0       0       1       0       0       000010000D    843
     126       0      -1       8       2       0       0 TrimBnd       4D    844
     102    3719       0       0       1       0       0       000010000D    845
     102       0      -1       1       0       0       03D CURVE       0D    846
     142    3720       0       0       1       0       0       000010000D    847
     142       0      -1       1       0       0       0 TrimBnd       1D    848
     144    3721       0       0       1       0       0       000000000D    849
     144       0      -1       1       0       0       0 TrimSrf       0D    850
     128    3722       0       0       1       0       0       000010000D    851
     128       0      -1      88       0       0       0 TrimSrf       0D    852
     126    3810       0       0       1       0       0       000010500D    853
     126       0      -1       4       1       0       0 TrimBnd       1D    854
     126    3814       0       0       1       0       0       000010500D    855
     126       0      -1       3       1       0       0 TrimBnd       2D    856
     126    3817       0       0       1       0       0       000010500D    857
     126       0      -1       4       1       0       0 TrimBnd       3D    858
     126    3821       0       0       1       0       0       000010500D    859
     126       0      -1       4       1       0       0 TrimBnd       4D    860
     102    3825       0       0       1       0       0       000010500D    861
     102       0      -1       1       0       0       02D CURVE       0D    862
     126    3826       0       0       1       0       0       000010000D    863
     126       0      -1      53       0       0       0 TrimBnd       1D    864
     126    3879       0       0       1       0       0       000010000D    865
     126       0      -1       6       2       0       0 TrimBnd       2D    866
     126    3885       0       0       1       0       0       000010000D    867
     126       0      -1      19       0       0       0 TrimBnd       3D    868
     126    3904       0       0       1       0       0       000010000D    869
     126       0      -1       7       2       0       0 TrimBnd       4D    870
     102    3911       0       0       1       0       0       000010000D    871
     102       0      -1       1       0       0       03D CURVE       0D    872
     142    3912       0       0       1       0       0       000010000D    873
     142       0      -1       1       0       0       0 TrimBnd       1D    874
     144    3913       0       0       1       0       0       000000000D    875
     144       0      -1       1       0       0       0 TrimSrf       0D    876
     128    3914       0       0       1       0       0       000010000D    877
     128       0      -1      46       8       0       0 TrimSrf       0D    878
     126    3960       0       0       1       0       0       000010500D    879
     126       0      -1       4       1       0       0 TrimBnd       1D    880
     126    3964       0       0       1       0       0       000010500D    881
     126       0      -1       5       1       0       0 TrimBnd       2D    882
     126    3969       0       0       1       0       0       000010500D    883
     126       0      -1       7       1       0       0 TrimBnd       3D    884
     126    3976       0       0       1       0       0       000010500D    885
     126       0      -1       5       1       0       0 TrimBnd       4D    886
     102    3981       0       0       1       0       0       000010500D    887
     102       0      -1       1       0       0       02D CURVE       0D    888
     126    3982       0       0       1       0       0       000010000D    889
     126       0      -1       5       1       0       0 TrimBnd       1D    890
     126    3987       0       0       1       0       0       000010000D    891
     126       0      -1      27       0       0       0 TrimBnd       2D    892
     126    4014       0       0       1       0       0       000010000D    893
     126       0      -1      10       1       0       0 TrimBnd       3D    894
     126    4024       0       0       1       0       0       000010000D    895
     126       0      -1      28       0       0       0 TrimBnd       4D    896
     102    4052       0       0       1       0       0       000010000D    897
     102       0      -1       1       0       0       03D CURVE       0D    898
     142    4053       0       0       1       0       0       000010000D    899
     142       0      -1       1       0       0       0 TrimBnd       1D    900
     144    4054       0       0       1       0       0       000000000D    901
     144       0      -1       1       0       0       0 TrimSrf       0D    902
     128    4055       0       0       1       0       0       000010000D    903
     128       0      -1      26       0       0       0 TrimSrf       0D    904
     126    4081       0       0       1       0       0       000010500D    905
     126       0      -1       4       1       0       0 TrimBnd       1D    906
     126    4085       0       0       1       0       0       000010500D    907
     126       0      -1       4       1       0       0 TrimBnd       2D    908
     126    4089       0       0       1       0       0       000010500D    909
     126       0      -1       3       1       0       0 TrimBnd       3D    910
     126    4092       0       0       1       0       0       000010500D    911
     126       0      -1       4       1       0       0 TrimBnd       4D    912
     102    4096       0       0       1       0       0       000010500D    913
     102       0      -1       1       0       0       02D CURVE       0D    914
     126    4097       0       0       1       0       0       000010000D    915
     126       0      -1       8       1       0       0 TrimBnd       1D    916
     126    4105       0       0       1       0       0       000010000D    917
     126       0      -1      10       1       0       0 TrimBnd       2D    918
     126    4115       0       0       1       0       0       000010000D    919
     126       0      -1       8       1       0       0 TrimBnd       3D    920
     126    4123       0       0       1       0       0       000010000D    921
     126       0      -1      10       1       0       0 TrimBnd       4D    922
     102    4133       0       0       1       0       0       000010000D    923
     102       0      -1       1       0       0       03D CURVE       0D    924
     142    4134       0       0       1       0       0       000010000D    925
     142       0      -1       1       0       0       0 TrimBnd       1D    926
     144    4135       0       0       1       0       0       000000000D    927
     144       0      -1       1       0       0       0 TrimSrf       0D    928
     128    4136       0       0       1       0       0       000010000D    929
     128       0      -1      44       0       0       0 TrimSrf       0D    930
     126    4180       0       0       1       0       0       000010500D    931
     126       0      -1       5       1       0       0 TrimBnd       1D    932
     126    4185       0       0       1       0       0       000010500D    933
     126       0      -1       3       1       0       0 TrimBnd       2D    934
     126    4188       0       0       1       0       0       000010500D    935
     126       0      -1       4       1       0       0 TrimBnd       3D    936
     126    4192       0       0       1       0       0       000010500D    937
     126       0      -1       7       0       0       0 TrimBnd       4D    938
     102    4199       0       0       1       0       0       000010500D    939
     102       0      -1       1       0       0       02D CURVE       0D    940
     126    4200       0       0       1       0       0       000010000D    941
     126       0      -1      29       0       0       0 TrimBnd       1D    942
     126    4229       0       0       1       0       0       000010000D    943
     126       0      -1       4       1       0       0 TrimBnd       2D    944
     126    4233       0       0       1       0       0       000010000D    945
     126       0      -1      22       0       0       0 TrimBnd       3D    946
     126    4255       0       0       1       0       0       000010000D    947
     126       0      -1      10       1       0       0 TrimBnd       4D    948
     102    4265       0       0       1       0       0       000010000D    949
     102       0      -1       1       0       0       03D CURVE       0D    950
     142    4266       0       0       1       0       0       000010000D    951
     142       0      -1       1       0       0       0 TrimBnd       1D    952
     144    4267       0       0       1       0       0       000000000D    953
     144       0      -1       1       0       0       0 TrimSrf       0D    954
     128    4268       0       0       1       0       0       000010000D    955
     128       0      -1      38       0       0       0 TrimSrf       0D    956
     126    4306       0       0       1       0       0       000010500D    957
     126       0      -1       4       1       0       0 TrimBnd       1D    958
     126    4310       0       0       1       0       0       000010500D    959
     126       0      -1       3       1       0       0 TrimBnd       2D    960
     126    4313       0       0       1       0       0       000010500D    961
     126       0      -1       4       1       0       0 TrimBnd       3D    962
     126    4317       0       0       1       0       0       000010500D    963
     126       0      -1       7       0       0       0 TrimBnd       4D    964
     102    4324       0       0       1       0       0       000010500D    965
     102       0      -1       1       0       0       02D CURVE       0D    966
     126    4325       0       0       1       0       0       000010000D    967
     126       0      -1      23       0       0       0 TrimBnd       1D    968
     126    4348       0       0       1       0       0       000010000D    969
     126       0      -1       4       1       0       0 TrimBnd       2D    970
     126    4352       0       0       1       0       0       000010000D    971
     126       0      -1      22       0       0       0 TrimBnd       3D    972
     126    4374       0       0       1       0       0       000010000D    973
     126       0      -1      12       1       0       0 TrimBnd       4D    974
     102    4386       0       0       1       0       0       000010000D    975
     102       0      -1       1       0       0       03D CURVE       0D    976
     142    4387       0       0       1       0       0       000010000D    977
     142       0      -1       1       0       0       0 TrimBnd       1D    978
     144    4388       0       0       1       0       0       000000000D    979
     144       0      -1       1       0       0       0 TrimSrf       0D    980
     128    4389       0       0       1       0       0       000010000D    981
     128       0      -1      24       0       0       0 TrimSrf       0D    982
     126    4413       0       0       1       0       0       000010500D    983
     126       0      -1       7       0       0       0 TrimBnd       1D    984
     126    4420       0       0       1       0       0       000010500D    985
     126       0      -1       5       1       0       0 TrimBnd       2D    986
     126    4425       0       0       1       0       0       000010500D    987
     126       0      -1       3       1       0       0 TrimBnd       3D    988
     126    4428       0       0       1       0       0       000010500D    989
     126       0      -1       4       1       0       0 TrimBnd       4D    990
     102    4432       0       0       1       0       0       000010500D    991
     102       0      -1       1       0       0       02D CURVE       0D    992
     126    4433       0       0       1       0       0       000010000D    993
     126       0      -1      13       0       0       0 TrimBnd       1D    994
     126    4446       0       0       1       0       0       000010000D    995
     126       0      -1      14       0       0       0 TrimBnd       2D    996
     126    4460       0       0       1       0       0       000010000D    997
     126       0      -1       4       1       0       0 TrimBnd       3D    998
     126    4464       0       0       1       0       0       000010000D    999
     126       0      -1      14       0       0       0 TrimBnd       4D   1000
     102    4478       0       0       1       0       0       000010000D   1001
     102       0      -1       1       0       0       03D CURVE       0D   1002
     142    4479       0       0       1       0       0       000010000D   1003
     142       0      -1       1       0       0       0 TrimBnd       1D   1004
     144    4480       0       0       1       0       0       000000000D   1005
     144       0      -1       1       0       0       0 TrimSrf       0D   1006
     128    4481       0       0       1       0       0       000010000D   1007
     128       0      -1      18       0       0       0 TrimSrf       0D   1008
     126    4499       0       0       1       0       0       000010500D   1009
     126       0      -1      11       0       0       0 TrimBnd       1D   1010
     126    4510       0       0       1       0       0       000010500D   1011
     126       0      -1       5       1       0       0 TrimBnd       2D   1012
     126    4515       0       0       1       0       0       000010500D   1013
     126       0      -1       3       1       0       0 TrimBnd       3D   1014
     126    4518       0       0       1       0       0       000010500D   1015
     126       0      -1       4       1       0       0 TrimBnd       4D   1016
     102    4522       0       0       1       0       0       000010500D   1017
     102       0      -1       1       0       0       02D CURVE       0D   1018
     126    4523       0       0       1       0       0       000010000D   1019
     126       0      -1      14       0       0       0 TrimBnd       1D   1020
     126    4537       0       0       1       0       0       000010000D   1021
     126       0      -1      11       0       0       0 TrimBnd       2D   1022
     126    4548       0       0       1       0       0       000010000D   1023
     126       0      -1       4       1       0       0 TrimBnd       3D   1024
     126    4552       0       0       1       0       0       000010000D   1025
     126       0      -1      11       0       0       0 TrimBnd       4D   1026
     102    4563       0       0       1       0       0       000010000D   1027
     102       0      -1       1       0       0       03D CURVE       0D   1028
     142    4564       0       0       1       0       0       000010000D   1029
     142       0      -1       1       0       0       0 TrimBnd       1D   1030
     144    4565       0       0       1       0       0       000000000D   1031
     144       0      -1       1       0       0       0 TrimSrf       0D   1032
     128    4566       0       0       1       0       0       000010000D   1033
     128       0      -1      13       0       0       0 TrimSrf       0D   1034
     126    4579       0       0       1       0       0       000010500D   1035
     126       0      -1       5       1       0       0 TrimBnd       1D   1036
     126    4584       0       0       1       0       0       000010500D   1037
     126       0      -1       5       1       0       0 TrimBnd       2D   1038
     126    4589       0       0       1       0       0       000010500D   1039
     126       0      -1      27       0       0       0 TrimBnd       3D   1040
     102    4616       0       0       1       0       0       000010500D   1041
     102       0      -1       1       0       0       02D CURVE       0D   1042
     126    4617       0       0       1       0       0       000010000D   1043
     126       0      -1       5       1       0       0 TrimBnd       1D   1044
     126    4622       0       0       1       0       0       000010000D   1045
     126       0      -1       9       0       0       0 TrimBnd       2D   1046
     126    4631       0       0       1       0       0       000010000D   1047
     126       0      -1      23       0       0       0 TrimBnd       3D   1048
     102    4654       0       0       1       0       0       000010000D   1049
     102       0      -1       1       0       0       03D CURVE       0D   1050
     142    4655       0       0       1       0       0       000010000D   1051
     142       0      -1       1       0       0       0 TrimBnd       1D   1052
     144    4656       0       0       1       0       0       000000000D   1053
     144       0      -1       1       0       0       0 TrimSrf       0D   1054
     128    4657       0       0       1       0       0       000010000D   1055
     128       0      -1      24       0       0       0 TrimSrf       0D   1056
     126    4681       0       0       1       0       0       000010500D   1057
     126       0      -1       4       1       0       0 TrimBnd       1D   1058
     126    4685       0       0       1       0       0       000010500D   1059
     126       0      -1       3       1       0       0 TrimBnd       2D   1060
     126    4688       0       0       1       0       0       000010500D   1061
     126       0      -1       4       1       0       0 TrimBnd       3D   1062
     126    4692       0       0       1       0       0       000010500D   1063
     126       0      -1       4       1       0       0 TrimBnd       4D   1064
     102    4696       0       0       1       0       0       000010500D   1065
     102       0      -1       1       0       0       02D CURVE       0D   1066
     126    4697       0       0       1       0       0       000010000D   1067
     126       0      -1       9       1       0       0 TrimBnd       1D   1068
     126    4706       0       0       1       0       0       000010000D   1069
     126       0      -1       9       1       0       0 TrimBnd       2D   1070
     126    4715       0       0       1       0       0       000010000D   1071
     126       0      -1       9       1       0       0 TrimBnd       3D   1072
     126    4724       0       0       1       0       0       000010000D   1073
     126       0      -1      10       1       0       0 TrimBnd       4D   1074
     102    4734       0       0       1       0       0       000010000D   1075
     102       0      -1       1       0       0       03D CURVE       0D   1076
     142    4735       0       0       1       0       0       000010000D   1077
     142       0      -1       1       0       0       0 TrimBnd       1D   1078
     144    4736       0       0       1       0       0       000000000D   1079
     144       0      -1       1       0       0       0 TrimSrf       0D   1080
     128    4737       0       0       1       0       0       000010000D   1081
     128       0      -1      30       0       0       0 TrimSrf       0D   1082
     126    4767       0       0       1       0       0       000010500D   1083
     126       0      -1       4       1       0       0 TrimBnd       1D   1084
     126    4771       0       0       1       0       0       000010500D   1085
     126       0      -1       4       1       0       0 TrimBnd       2D   1086
     126    4775       0       0       1       0       0       000010500D   1087
     126       0      -1       4       1       0       0 TrimBnd       3D   1088
     126    4779       0       0       1       0       0       000010500D   1089
     126       0      -1       6       1       0       0 TrimBnd       4D   1090
     102    4785       0       0       1       0       0       000010500D   1091
     102       0      -1       1       0       0       02D CURVE       0D   1092
     126    4786       0       0       1       0       0       000010000D   1093
     126       0      -1       8       1       0       0 TrimBnd       1D   1094
     126    4794       0       0       1       0       0       000010000D   1095
     126       0      -1      12       1       0       0 TrimBnd       2D   1096
     126    4806       0       0       1       0       0       000010000D   1097
     126       0      -1       9       1       0       0 TrimBnd       3D   1098
     126    4815       0       0       1       0       0       000010000D   1099
     126       0      -1      16       1       0       0 TrimBnd       4D   1100
     102    4831       0       0       1       0       0       000010000D   1101
     102       0      -1       1       0       0       03D CURVE       0D   1102
     142    4832       0       0       1       0       0       000010000D   1103
     142       0      -1       1       0       0       0 TrimBnd       1D   1104
     144    4833       0       0       1       0       0       000000000D   1105
     144       0      -1       1       0       0       0 TrimSrf       0D   1106
     128    4834       0       0       1       0       0       000010000D   1107
     128       0      -1      57       0       0       0 TrimSrf       0D   1108
     126    4891       0       0       1       0       0       000010500D   1109
     126       0      -1       3       1       0       0 TrimBnd       1D   1110
     126    4894       0       0       1       0       0       000010500D   1111
     126       0      -1       3       1       0       0 TrimBnd       2D   1112
     126    4897       0       0       1       0       0       000010500D   1113
     126       0      -1       4       1       0       0 TrimBnd       3D   1114
     126    4901       0       0       1       0       0       000010500D   1115
     126       0      -1       4       1       0       0 TrimBnd       4D   1116
     102    4905       0       0       1       0       0       000010500D   1117
     102       0      -1       1       0       0       02D CURVE       0D   1118
     126    4906       0       0       1       0       0       000010000D   1119
     126       0      -1       7       1       0       0 TrimBnd       1D   1120
     126    4913       0       0       1       0       0       000010000D   1121
     126       0      -1      14       2       0       0 TrimBnd       2D   1122
     126    4927       0       0       1       0       0       000010000D   1123
     126       0      -1       8       2       0       0 TrimBnd       3D   1124
     126    4935       0       0       1       0       0       000010000D   1125
     126       0      -1      22       2       0       0 TrimBnd       4D   1126
     102    4957       0       0       1       0       0       000010000D   1127
     102       0      -1       1       0       0       03D CURVE       0D   1128
     142    4958       0       0       1       0       0       000010000D   1129
     142       0      -1       1       0       0       0 TrimBnd       1D   1130
     144    4959       0       0       1       0       0       000000000D   1131
     144       0      -1       1       0       0       0 TrimSrf       0D   1132
     128    4960       0       0       1       0       0       000010000D   1133
     128       0      -1      63       0       0       0 TrimSrf       0D   1134
     126    5023       0       0       1       0       0       000010500D   1135
     126       0      -1       4       1       0       0 TrimBnd       1D   1136
     126    5027       0       0       1       0       0       000010500D   1137
     126       0      -1       4       1       0       0 TrimBnd       2D   1138
     126    5031       0       0       1       0       0       000010500D   1139
     126       0      -1       2       1       0       0 TrimBnd       3D   1140
     126    5033       0       0       1       0       0       000010500D   1141
     126       0      -1       4       1       0       0 TrimBnd       4D   1142
     102    5037       0       0       1       0       0       000010500D   1143
     102       0      -1       1       0       0       02D CURVE       0D   1144
     126    5038       0       0       1       0       0       000010000D   1145
     126       0      -1       8       2       0       0 TrimBnd       1D   1146
     126    5046       0       0       1       0       0       000010000D   1147
     126       0      -1      16       0       0       0 TrimBnd       2D   1148
     126    5062       0       0       1       0       0       000010000D   1149
     126       0      -1       7       2       0       0 TrimBnd       3D   1150
     126    5069       0       0       1       0       0       000010000D   1151
     126       0      -1      29       0       0       0 TrimBnd       4D   1152
     102    5098       0       0       1       0       0       000010000D   1153
     102       0      -1       1       0       0       03D CURVE       0D   1154
     142    5099       0       0       1       0       0       000010000D   1155
     142       0      -1       1       0       0       0 TrimBnd       1D   1156
     144    5100       0       0       1       0       0       000000000D   1157
     144       0      -1       1       0       0       0 TrimSrf       0D   1158
     128    5101       0       0       1       0       0       000010000D   1159
     128       0      -1      99       0       0       0 TrimSrf       0D   1160
     126    5200       0       0       1       0       0       000010500D   1161
     126       0      -1       4       1       0       0 TrimBnd       1D   1162
     126    5204       0       0       1       0       0       000010500D   1163
     126       0      -1       3       1       0       0 TrimBnd       2D   1164
     126    5207       0       0       1       0       0       000010500D   1165
     126       0      -1       3       1       0       0 TrimBnd       3D   1166
     126    5210       0       0       1       0       0       000010500D   1167
     126       0      -1       4       1       0       0 TrimBnd       4D   1168
     102    5214       0       0       1       0       0       000010500D   1169
     102       0      -1       1       0       0       02D CURVE       0D   1170
     126    5215       0       0       1       0       0       000010000D   1171
     126       0      -1       8       2       0       0 TrimBnd       1D   1172
     126    5223       0       0       1       0       0       000010000D   1173
     126       0      -1      23       0       0       0 TrimBnd       2D   1174
     126    5246       0       0       1       0       0       000010000D   1175
     126       0      -1       6       2       0       0 TrimBnd       3D   1176
     126    5252       0       0       1       0       0       000010000D   1177
     126       0      -1      55       0       0       0 TrimBnd       4D   1178
     102    5307       0       0       1       0       0       000010000D   1179
     102       0      -1       1       0       0       03D CURVE       0D   1180
     142    5308       0       0       1       0       0       000010000D   1181
     142       0      -1       1       0       0       0 TrimBnd       1D   1182
     144    5309       0       0       1       0       0       000000000D   1183
     144       0      -1       1       0       0       0 TrimSrf       0D   1184
     128    5310       0       0       1       0       0       000010000D   1185
     128       0      -1      44       0       0       0 TrimSrf       0D   1186
     126    5354       0       0       1       0       0       000010500D   1187
     126       0      -1       5       1       0       0 TrimBnd       1D   1188
     126    5359       0       0       1       0       0       000010500D   1189
     126       0      -1       7       1       0       0 TrimBnd       2D   1190
     126    5366       0       0       1       0       0       000010500D   1191
     126       0      -1       5       1       0       0 TrimBnd       3D   1192
     126    5371       0       0       1       0       0       000010500D   1193
     126       0      -1       4       1       0       0 TrimBnd       4D   1194
     102    5375       0       0       1       0       0       000010500D   1195
     102       0      -1       1       0       0       02D CURVE       0D   1196
     126    5376       0       0       1       0       0       000010000D   1197
     126       0      -1      31       0       0       0 TrimBnd       1D   1198
     126    5407       0       0       1       0       0       000010000D   1199
     126       0      -1      10       1       0       0 TrimBnd       2D   1200
     126    5417       0       0       1       0       0       000010000D   1201
     126       0      -1      28       0       0       0 TrimBnd       3D   1202
     126    5445       0       0       1       0       0       000010000D   1203
     126       0      -1       5       1       0       0 TrimBnd       4D   1204
     102    5450       0       0       1       0       0       000010000D   1205
     102       0      -1       1       0       0       03D CURVE       0D   1206
     142    5451       0       0       1       0       0       000010000D   1207
     142       0      -1       1       0       0       0 TrimBnd       1D   1208
     144    5452       0       0       1       0       0       000000000D   1209
     144       0      -1       1       0       0       0 TrimSrf       0D   1210
     128    5453       0       0       1       0       0       000010000D   1211
     128       0      -1      26       0       0       0 TrimSrf       0D   1212
     126    5479       0       0       1       0       0       000010500D   1213
     126       0      -1       4       1       0       0 TrimBnd       1D   1214
     126    5483       0       0       1       0       0       000010500D   1215
     126       0      -1       4       1       0       0 TrimBnd       2D   1216
     126    5487       0       0       1       0       0       000010500D   1217
     126       0      -1       4       1       0       0 TrimBnd       3D   1218
     126    5491       0       0       1       0       0       000010500D   1219
     126       0      -1       4       1       0       0 TrimBnd       4D   1220
     102    5495       0       0       1       0       0       000010500D   1221
     102       0      -1       1       0       0       02D CURVE       0D   1222
     126    5496       0       0       1       0       0       000010000D   1223
     126       0      -1      10       1       0       0 TrimBnd       1D   1224
     126    5506       0       0       1       0       0       000010000D   1225
     126       0      -1       8       1       0       0 TrimBnd       2D   1226
     126    5514       0       0       1       0       0       000010000D   1227
     126       0      -1      10       1       0       0 TrimBnd       3D   1228
     126    5524       0       0       1       0       0       000010000D   1229
     126       0      -1       8       1       0       0 TrimBnd       4D   1230
     102    5532       0       0       1       0       0       000010000D   1231
     102       0      -1       1       0       0       03D CURVE       0D   1232
     142    5533       0       0       1       0       0       000010000D   1233
     142       0      -1       1       0       0       0 TrimBnd       1D   1234
     144    5534       0       0       1       0       0       000000000D   1235
     144       0      -1       1       0       0       0 TrimSrf       0D   1236
314,0.0,0.0,0.0,20HRGB(   0,   0,   0 );                         0000001P      1
406,2,1,7HDefault;                                               0000003P      2
128,3,2,3,2,0,0,0,0,0,0.0D0,0.0D0,0.0D0,0.0D0,                   0000005P      3
1.282052000000001D0,1.282052000000001D0,1.282052000000001D0,     0000005P      4
1.282052000000001D0,0.0D0,0.0D0,0.0D0,0.00807438215074318D0,     0000005P      5
0.00807438215074318D0,0.00807438215074318D0,1.0D0,               0000005P      6
0.9999999999999997D0,0.9999999999999996D0,1.0D0,                 0000005P      7
0.9910662100710788D0,0.9910662640936077D0,0.9910663181156851D0,  0000005P      8
0.9910663721372811D0,1.0D0,0.9999999999999997D0,                 0000005P      9
0.9999999999999996D0,1.0D0,-0.6410260000000004D0,                0000005P     10
-0.004001123658400694D0,-0.6244629731411771D0,                   0000005P     11
-0.2136753333673362D0,-0.004001111615305195D0,                   0000005P     12
-0.6244629765559286D0,0.2136753332653275D0,                      0000005P     13
-0.004001099572255451D0,-0.6244629799706504D0,                   0000005P     14
0.6410259998979919D0,-0.004001087529258205D0,                    0000005P     15
-0.624462983385337D0,-0.6410260000022608D0,                      0000005P     16
-5.543442692232266D-18,-0.6250014164986821D0,                    0000005P     17
-0.2136753566303037D0,7.984226076258624D-18,                     0000005P     18
-0.6250014166427319D0,0.2136753099004216D0,                      0000005P     19
-1.065654957167207D-17,-0.6250014167867792D0,                    0000005P     20
0.6410259999476591D0,-4.065638132667465D-19,                     0000005P     21
-0.6250014169308207D0,-0.6410260000000003D0,                     0000005P     22
0.004001123658401877D0,-0.6244629731411767D0,                    0000005P     23
-0.213675333300612D0,0.004001111615303351D0,                     0000005P     24
-0.6244629765559296D0,0.2136753331310151D0,                      0000005P     25
0.004001099572260036D0,-0.6244629799706495D0,                    0000005P     26
0.6410259999999997D0,0.004001087529257014D0,                     0000005P     27
-0.6244629833853375D0,0.0D0,1.282052000000001D0,0.0D0,           0000005P     28
0.00807438215074318D0;                                           0000005P     29
126,1,1,1,0,1,0,0.0D0,0.0D0,0.004037191075371592D0,              0000007P     30
0.004037191075371592D0,1.0D0,1.0D0,0.6410260000510045D0,0.0D0,   0000007P     31
0.0D0,0.6410260000263979D0,0.004037191075371592D0,0.0D0,0.0D0,   0000007P     32
0.004037191075371592D0,0.0D0,0.0D0,1.0D0;                        0000007P     33
126,1,1,1,0,1,0,-0.6410260000263979D0,-0.6410260000263979D0,     0000009P     34
-0.0D0,-0.0D0,1.0D0,1.0D0,0.6410260000263979D0,                  0000009P     35
0.004037191075371592D0,0.0D0,0.0D0,0.004037191075371294D0,0.0D0, 0000009P     36
-0.6410260000263979D0,-0.0D0,0.0D0,0.0D0,1.0D0;                  0000009P     37
126,1,1,1,0,1,0,0.5000000000000366D0,0.5000000000000366D0,1.0D0, 0000011P     38
1.0D0,1.0D0,1.0D0,0.0D0,0.004037191075371294D0,0.0D0,0.0D0,      0000011P     39
0.0D0,0.0D0,0.5000000000000366D0,1.0D0,0.0D0,0.0D0,1.0D0;        0000011P     40
126,1,1,1,0,1,0,0.0D0,0.0D0,0.6410259999999991D0,                0000013P     41
0.6410259999999991D0,1.0D0,1.0D0,0.0D0,0.0D0,0.0D0,              0000013P     42
0.6410260000510045D0,0.0D0,0.0D0,0.0D0,0.6410259999999991D0,     0000013P     43
0.0D0,0.0D0,1.0D0;                                               0000013P     44
102,4,7,9,11,13;                                                 0000015P     45
126,2,2,1,0,0,0,0.0D0,0.0D0,0.0D0,0.004057377030748601D0,        0000017P     46
0.004057377030748601D0,0.004057377030748601D0,1.0D0,             0000017P     47
0.9977640730915627D0,1.0D0,-9.714451465470121D-17,               0000017P     48
-0.004001105593792602D0,-0.6244629782632815D0,                   0000017P     49
-2.470700510141498D-11,-0.002009529070763861D0,                  0000017P     50
-0.6247309895301455D0,-3.208582691591515D-11,                    0000017P     51
2.589392630613712D-16,-0.6247309895301455D0,0.0D0,               0000017P     52
0.004057377030748601D0,1.0D0,0.0D0,0.0D0;                        0000017P     53
126,3,3,1,0,0,0,-0.6410260000263979D0,-0.6410260000263979D0,     0000019P     54
-0.6410260000263979D0,-0.6410260000263979D0,-0.0D0,-0.0D0,       0000019P     55
-0.0D0,-0.0D0,1.0D0,1.000000000000058D0,1.000000000000057D0,     0000019P     56
1.0D0,-3.208582691591516D-11,2.589392630613713D-16,              0000019P     57
-0.6247309895301458D0,-0.213675336249716D0,                      0000019P     58
5.828322978124459D-17,-0.6247309886331166D0,                     0000019P     59
-0.4273506695579321D0,-2.287222012259492D-16,                    0000019P     60
-0.6247309877360829D0,-0.6410260000011255D0,0.0D0,               0000019P     61
-0.6247309868390445D0,-0.6410260000263979D0,-0.0D0,0.0D0,0.0D0,  0000019P     62
1.0D0;                                                           0000019P     63
126,2,2,1,0,0,0,-0.4999999999999634D0,-0.4999999999999634D0,     0000021P     64
-0.4999999999999634D0,-0.0D0,-0.0D0,-0.0D0,1.0D0,                0000021P     65
0.997764052787802D0,1.0D0,-0.6410260000011255D0,0.0D0,           0000021P     66
-0.6247309868390446D0,-0.6410260000011255D0,                     0000021P     67
-0.002009538225380338D0,-0.6247309868390447D0,                   0000021P     68
-0.6410260000000003D0,-0.004001123658400694D0,                   0000021P     69
-0.6244629731411769D0,-0.4999999999999634D0,-0.0D0,1.0D0,0.0D0,  0000021P     70
0.0D0;                                                           0000021P     71
126,3,3,1,0,1,0,0.0D0,0.0D0,0.0D0,0.0D0,0.6410259999999991D0,    0000023P     72
0.6410259999999991D0,0.6410259999999991D0,0.6410259999999991D0,  0000023P     73
1.0D0,1.0D0,1.0D0,1.0D0,-0.6410260000000004D0,                   0000023P     74
-0.004001123658400694D0,-0.6244629731411771D0,                   0000023P     75
-0.427350666666667D0,-0.004001117636852944D0,                    0000023P     76
-0.6244629748485528D0,-0.2136753333333336D0,                     0000023P     77
-0.004001111615316632D0,-0.6244629765559212D0,                   0000023P     78
-9.714451465470123D-17,-0.004001105593792603D0,                  0000023P     79
-0.6244629782632817D0,0.0D0,0.6410259999999991D0,0.0D0,0.0D0,    0000023P     80
1.0D0;                                                           0000023P     81
102,4,17,19,21,23;                                               0000025P     82
142,0,5,15,25,1;                                                 0000027P     83
144,5,1,0,27;                                                    0000029P     84
128,1,13,1,3,0,0,1,0,0,-1.282052D0,-1.282052D0,0.0D0,0.0D0,      0000031P     85
0.0D0,0.0D0,0.0D0,0.0D0,0.2412479390957927D0,                    0000031P     86
0.2412479390957927D0,0.3618719086436891D0,0.3618719086436891D0,  0000031P     87
0.4824958781915855D0,0.4824958781915855D0,0.6031198477394818D0,  0000031P     88
0.6031198477394818D0,0.7237438172873782D0,0.7237438172873782D0,  0000031P     89
0.9649917563831709D0,0.9649917563831709D0,0.9649917563831709D0,  0000031P     90
0.9649917563831709D0,1.0D0,1.0D0,1.0D0,1.0D0,1.0D0,1.0D0,1.0D0,  0000031P     91
1.0D0,1.0D0,1.0D0,1.0D0,1.0D0,1.0D0,1.0D0,1.0D0,1.0D0,1.0D0,     0000031P     92
1.0D0,1.0D0,1.0D0,1.0D0,1.0D0,1.0D0,1.0D0,1.0D0,1.0D0,1.0D0,     0000031P     93
1.0D0,-0.6410260000000005D0,4.336808689942018D-19,               0000031P     94
-0.6249999999999996D0,0.6410259999999997D0,                      0000031P     95
4.336808689942018D-19,-0.6249999999999996D0,                     0000031P     96
-0.6410260000000019D0,-0.07966730190192146D0,                    0000031P     97
-0.6143348411822167D0,0.6410259999999997D0,                      0000031P     98
-0.0796678005555034D0,-0.6143348909052173D0,                     0000031P     99
-0.6410259999999997D0,-0.1593073983356707D0,                     0000031P    100
-0.6020479035687876D0,0.6410259999999997D0,                      0000031P    101
-0.1593108236163652D0,-0.6020470901187633D0,                     0000031P    102
-0.6410260000000003D0,-0.276479287589165D0,                      0000031P    103
-0.5735203155776141D0,0.6410259999999997D0,                      0000031P    104
-0.2764757231317483D0,-0.5735212775009591D0,                     0000031P    105
-0.6410260000000007D0,-0.3153121114545821D0,                     0000031P    106
-0.5622088778435859D0,0.6410259999999991D0,                      0000031P    107
-0.3153134545590384D0,-0.5622086163530466D0,                     0000031P    108
-0.6410260000000004D0,-0.3888381537371733D0,                     0000031P    109
-0.5303190221970215D0,0.6410259999999999D0,                      0000031P    110
-0.3888390384257761D0,-0.5303183248242971D0,                     0000031P    111
-0.6410260000000002D0,-0.4246973982028304D0,                     0000031P    112
-0.5089578817105196D0,0.6410259999999994D0,                      0000031P    113
-0.4246966592916371D0,-0.5089584416534048D0,                     0000031P    114
-0.6410260000000003D0,-0.4716683015576485D0,                     0000031P    115
-0.4424479239370665D0,0.6410260000000002D0,                      0000031P    116
-0.4716686594784315D0,-0.442447698579121D0,                      0000031P    117
-0.6410260000000011D0,-0.4788476912570031D0,                     0000031P    118
-0.4013398330934379D0,0.6410259999999993D0,                      0000031P    119
-0.4788478137468019D0,-0.4013385492849324D0,                     0000031P    120
-0.6410259999999999D0,-0.4868383236621073D0,                     0000031P    121
-0.3216860905518475D0,0.6410259999999997D0,                      0000031P    122
-0.4868382661329731D0,-0.3216867109783068D0,                     0000031P    123
-0.6410260000000008D0,-0.4881703498947748D0,                     0000031P    124
-0.2813588938915141D0,0.6410259999999997D0,                      0000031P    125
-0.4881703735860491D0,-0.2813590240045489D0,                     0000031P    126
-0.6410260000000001D0,-0.4922064865550815D0,                     0000031P    127
-0.160849960338032D0,0.6410259999999991D0,-0.4922065629595392D0, 0000031P    128
-0.1608451736439287D0,-0.6410260000000008D0,                     0000031P    129
-0.4933693729651701D0,-0.08040817691655278D0,0.641026D0,         0000031P    130
-0.4933693066067716D0,-0.08041304668244642D0,                    0000031P    131
-0.6410260000000005D0,-0.4933980000000001D0,                     0000031P    132
4.440892098500626D-16,0.6410259999999997D0,                      0000031P    133
-0.4933980000000001D0,4.440892098500626D-16,-1.282052D0,0.0D0,   0000031P    134
0.0D0,0.9649917563831709D0;                                      0000031P    135
126,1,1,1,0,1,0,0.6410259999999997D0,0.6410259999999997D0,       0000033P    136
1.282052D0,1.282052D0,1.0D0,1.0D0,-0.6410259999999997D0,         0000033P    137
0.9649917563831709D0,0.0D0,-1.282052D0,0.9649917563831709D0,     0000033P    138
0.0D0,0.6410259999999997D0,1.282052D0,0.0D0,0.0D0,1.0D0;         0000033P    139
126,1,1,1,0,1,0,-0.9649917563831709D0,-0.9649917563831709D0,     0000035P    140
-0.004038754620394314D0,-0.004038754620394314D0,1.0D0,1.0D0,     0000035P    141
-1.282052D0,0.9649917563831709D0,0.0D0,-1.282052D0,              0000035P    142
0.004038754620394314D0,0.0D0,-0.9649917563831709D0,              0000035P    143
-0.004038754620394314D0,0.0D0,0.0D0,1.0D0;                       0000035P    144
126,3,3,1,0,1,0,0.0D0,0.0D0,0.0D0,0.0D0,0.6410259999872484D0,    0000037P    145
0.6410259999872484D0,0.6410259999872484D0,0.6410259999872484D0,  0000037P    146
1.0D0,1.0D0,1.0D0,1.0D0,-1.282052D0,0.004038754620394314D0,      0000037P    147
0.0D0,-1.068376666670917D0,0.004038743993322617D0,0.0D0,         0000037P    148
-0.8547013333418336D0,0.004038733366300959D0,0.0D0,              0000037P    149
-0.6410259999999997D0,0.004038722739330196D0,0.0D0,0.0D0,        0000037P    150
0.6410259999872484D0,0.0D0,0.0D0,1.0D0;                          0000037P    151
126,1,1,1,0,1,0,0.004038722739635763D0,0.004038722739635763D0,   0000039P    152
0.9649917563831709D0,0.9649917563831709D0,1.0D0,1.0D0,           0000039P    153
-0.6410259999999997D0,0.004038722739330196D0,0.0D0,              0000039P    154
-0.6410259999999997D0,0.9649917563831709D0,0.0D0,                0000039P    155
0.004038722739635763D0,0.9649917563831709D0,0.0D0,0.0D0,1.0D0;   0000039P    156
102,4,33,35,37,39;                                               0000041P    157
126,1,1,1,0,1,0,0.6410259999999997D0,0.6410259999999997D0,       0000043P    158
1.282052D0,1.282052D0,1.0D0,1.0D0,0.0D0,-0.4933980000000001D0,   0000043P    159
4.440892098500626D-16,-0.6410260000000005D0,                     0000043P    160
-0.4933980000000001D0,4.440892098500626D-16,                     0000043P    161
0.6410259999999997D0,1.282052D0,0.0D0,0.0D0,1.0D0;               0000043P    162
126,13,3,1,0,1,0,-0.9649917563831709D0,-0.9649917563831709D0,    0000045P    163
-0.9649917563831709D0,-0.9649917563831709D0,                     0000045P    164
-0.7237438172873782D0,-0.7237438172873782D0,                     0000045P    165
-0.6031198477394818D0,-0.6031198477394818D0,                     0000045P    166
-0.4824958781915855D0,-0.4824958781915855D0,                     0000045P    167
-0.3618719086436891D0,-0.3618719086436891D0,                     0000045P    168
-0.2412479390957927D0,-0.2412479390957927D0,                     0000045P    169
-0.004038754620394314D0,-0.004038754620394314D0,                 0000045P    170
-0.004038754620394314D0,-0.004038754620394314D0,1.0D0,1.0D0,     0000045P    171
1.0D0,1.0D0,1.0D0,1.0D0,1.0D0,1.0D0,1.0D0,1.0D0,1.0D0,1.0D0,     0000045P    172
1.0D0,1.0D0,-0.6410260000000005D0,-0.4933980000000001D0,         0000045P    173
4.440892098500626D-16,-0.6410260000000008D0,                     0000045P    174
-0.4933693729651701D0,-0.08040817691655278D0,-0.641026D0,        0000045P    175
-0.4922064865550815D0,-0.160849960338032D0,                      0000045P    176
-0.6410260000000007D0,-0.4881703498947748D0,                     0000045P    177
-0.2813588938915141D0,-0.6410259999999998D0,                     0000045P    178
-0.4868383236621073D0,-0.3216860905518475D0,                     0000045P    179
-0.6410260000000009D0,-0.4788476912570031D0,                     0000045P    180
-0.4013398330934379D0,-0.6410260000000001D0,                     0000045P    181
-0.4716683015576485D0,-0.4424479239370665D0,-0.641026D0,         0000045P    182
-0.4246973982028304D0,-0.5089578817105196D0,                     0000045P    183
-0.6410260000000002D0,-0.3888381537371733D0,                     0000045P    184
-0.5303190221970215D0,-0.6410260000000003D0,                     0000045P    185
-0.3153121114545821D0,-0.5622088778435859D0,-0.641026D0,         0000045P    186
-0.276479287589165D0,-0.5735203155776141D0,                      0000045P    187
-0.6410259999999993D0,-0.1606151221401422D0,                     0000045P    188
-0.6017295148653375D0,-0.6410260000000012D0,                     0000045P    189
-0.08233339916746243D0,-0.6139215610212193D0,                    0000045P    190
-0.6410260000000004D0,-0.004001123658400694D0,                   0000045P    191
-0.6244629731411771D0,-0.9649917563831709D0,                     0000045P    192
-0.004038754620394314D0,1.0D0,0.0D0,0.0D0;                       0000045P    193
126,3,3,1,0,1,0,0.0D0,0.0D0,0.0D0,0.0D0,0.6410259999999994D0,    0000047P    194
0.6410259999999994D0,0.6410259999999994D0,0.6410259999999994D0,  0000047P    195
1.0D0,1.0D0,1.0D0,1.0D0,-0.6410260000000004D0,                   0000047P    196
-0.004001123658400694D0,-0.6244629731411771D0,                   0000047P    197
-0.4273506666666668D0,-0.004001117636852943D0,                   0000047P    198
-0.6244629748485527D0,-0.2136753333333333D0,                     0000047P    199
-0.004001111615316631D0,-0.6244629765559211D0,                   0000047P    200
1.942890293094024D-16,-0.004001105593792602D0,                   0000047P    201
-0.6244629782632813D0,0.0D0,0.6410259999999994D0,0.0D0,0.0D0,    0000047P    202
1.0D0;                                                           0000047P    203
126,13,3,1,0,1,0,0.00403872273963555D0,0.00403872273963555D0,    0000049P    204
0.00403872273963555D0,0.00403872273963555D0,                     0000049P    205
0.2412479390957927D0,0.2412479390957927D0,0.3618719086436891D0,  0000049P    206
0.3618719086436891D0,0.4824958781915855D0,0.4824958781915855D0,  0000049P    207
0.6031198477394818D0,0.6031198477394818D0,0.7237438172873782D0,  0000049P    208
0.7237438172873782D0,0.9649917563831709D0,0.9649917563831709D0,  0000049P    209
0.9649917563831709D0,0.9649917563831709D0,1.0D0,1.0D0,1.0D0,     0000049P    210
1.0D0,1.0D0,1.0D0,1.0D0,1.0D0,1.0D0,1.0D0,1.0D0,1.0D0,1.0D0,     0000049P    211
1.0D0,1.942890293094024D-16,-0.004001105593792602D0,             0000049P    212
-0.6244629782632813D0,-4.038040589153087D-16,                    0000049P    213
-0.08233367538355473D0,-0.6139215749964087D0,                    0000049P    214
6.481836957924251D-16,-0.1606167854525855D0,                     0000049P    215
-0.6017291205607642D0,2.901608647906508D-16,                     0000049P    216
-0.276477505360345D0,-0.5735207965393016D0,                      0000049P    217
-1.639866753828702D-16,-0.3153127830067049D0,                    0000049P    218
-0.5622087470983302D0,3.140471670516894D-16,                     0000049P    219
-0.3888385960813828D0,-0.5303186735106716D0,                     0000049P    220
1.911076270147238D-16,-0.4246970287471492D0,                     0000049P    221
-0.5089581616819734D0,4.992808888232999D-16,                     0000049P    222
-0.4716684805179711D0,-0.442447811258103D0,                      0000049P    223
-3.446463566768335D-16,-0.4788477525018405D0,                    0000049P    224
-0.4013391911891935D0,4.118100736133312D-16,                     0000049P    225
-0.4868382948974911D0,-0.3216864007650838D0,                     0000049P    226
-4.22468304025628D-17,-0.4881703617403692D0,                     0000049P    227
-0.2813589589480373D0,-1.653284443866181D-17,                    0000049P    228
-0.4922065247572862D0,-0.1608475669909836D0,                     0000049P    229
7.489005532382374D-17,-0.4933693397859588D0,                     0000049P    230
-0.08041061179950122D0,0.0D0,-0.4933980000000001D0,              0000049P    231
4.440892098500626D-16,0.00403872273963555D0,                     0000049P    232
0.9649917563831709D0,1.0D0,0.0D0,0.0D0;                          0000049P    233
102,4,43,45,47,49;                                               0000051P    234
142,0,31,41,51,1;                                                0000053P    235
144,31,1,0,53;                                                   0000055P    236
128,10,4,3,2,0,0,0,0,0,0.0D0,0.0D0,0.0D0,0.0D0,                  0000057P    237
0.1215210426139862D0,0.2158491363270824D0,0.3059653845716569D0,  0000057P    238
0.3895350481473102D0,0.4725974961528077D0,0.5527763763571229D0,  0000057P    239
0.6341711036769193D0,0.734422358284656D0,0.734422358284656D0,    0000057P    240
0.734422358284656D0,0.734422358284656D0,0.0D0,0.0D0,0.0D0,0.5D0, 0000057P    241
0.5D0,1.0D0,1.0D0,1.0D0,1.0D0,0.9999999999999988D0,              0000057P    242
1.000000000000001D0,0.9999999999999988D0,1.0D0,                  0000057P    243
0.9999999999999985D0,1.000000000000001D0,1.0D0,1.0D0,1.0D0,      0000057P    244
1.0D0,0.7794702290543769D0,0.7794852595152106D0,                 0000057P    245
0.7767266239118734D0,0.7663718177661237D0,0.7543457668578035D0,  0000057P    246
0.7447737837639999D0,0.7484361279722021D0,0.7690879654937975D0,  0000057P    247
0.8000178756767848D0,0.8238503002491543D0,0.8369233240187496D0,  0000057P    248
1.0D0,1.000019282918415D0,0.9964801668617517D0,                  0000057P    249
0.9831957516784911D0,0.9677672587610519D0,0.9554871449901693D0,  0000057P    250
0.9601856492712694D0,0.9866803590777613D0,1.026361040943585D0,   0000057P    251
1.05693619786944D0,1.073707875968621D0,0.7794702290543769D0,     0000057P    252
0.7794852595152106D0,0.7767266239118734D0,0.7663718177661237D0,  0000057P    253
0.7543457668578035D0,0.7447737837639999D0,0.7484361279722021D0,  0000057P    254
0.7690879654937975D0,0.8000178756767848D0,0.8238503002491543D0,  0000057P    255
0.8369233240187496D0,1.0D0,0.9999999999999988D0,                 0000057P    256
1.000000000000001D0,0.9999999999999988D0,1.0D0,                  0000057P    257
0.9999999999999985D0,1.000000000000001D0,1.0D0,1.0D0,1.0D0,      0000057P    258
1.0D0,-4.867015299907095D0,-0.02929744578926419D0,0.0D0,         0000057P    259
-4.867018663828001D0,-0.02929709210728393D0,                     0000057P    260
-0.04070035656019064D0,-4.863940738991407D0,                     0000057P    261
-0.02932641579343651D0,-0.112972619870493D0,                     0000057P    262
-4.849998138301999D0,-0.02942723509121413D0,                     0000057P    263
-0.2147753224205858D0,-4.827170712073316D0,                      0000057P    264
-0.02953391193540451D0,-0.3021985736243016D0,                    0000057P    265
-4.78980991342022D0,-0.02960806761667487D0,                      0000057P    266
-0.3812308518868254D0,-4.733559682379413D0,                      0000057P    267
-0.02958134368810583D0,-0.4447629867966034D0,                    0000057P    268
-4.662457573464473D0,-0.02940893115745334D0,                     0000057P    269
-0.488780140001956D0,-4.579669623656384D0,                       0000057P    270
-0.02908462169078629D0,-0.52020841044537D0,-4.520149793320583D0, 0000057P    271
-0.02876929096697138D0,-0.5344829167785267D0,-4.487179D0,        0000057P    272
-0.02857331385482268D0,-0.5411498626415582D0,                    0000057P    273
-4.890560865646789D0,-0.0241101936569294D0,                      0000057P    274
1.369261704981965D-05,-4.89056956867802D0,                       0000057P    275
-0.02410943776322617D0,-0.04136854207228453D0,                   0000057P    276
-4.887534953768979D0,-0.02421928210748403D0,                     0000057P    277
-0.1152311666970482D0,-4.873739614452713D0,                      0000057P    278
-0.02463090710157486D0,-0.2195714790525878D0,                    0000057P    279
-4.850561932085121D0,-0.02511429488591255D0,                     0000057P    280
-0.3105594661655898D0,-4.811277384311603D0,                      0000057P    281
-0.02550093788277524D0,-0.3950305672401114D0,                    0000057P    282
-4.749920806743071D0,-0.02535324918446567D0,                     0000057P    283
-0.4641665664779602D0,-4.673278570014118D0,                      0000057P    284
-0.02452865285388633D0,-0.5103950327512872D0,                    0000057P    285
-4.586889457792386D0,-0.02332030363543149D0,                     0000057P    286
-0.5416919025336242D0,-4.525084468210211D0,                      0000057P    287
-0.02240017051151654D0,-0.5554064619253041D0,                    0000057P    288
-4.490927525505008D0,-0.02190006548069599D0,                     0000057P    289
-0.5616688636038053D0,-4.890560865646788D0,                      0000057P    290
4.596815434974376D-16,1.369261704981965D-05,                     0000057P    291
-4.890569568664411D0,-8.025896835685567D-11,                     0000057P    292
-0.04136854237869648D0,-4.887534953791599D0,                     0000057P    293
1.292915713146819D-10,-0.1152311661089079D0,                     0000057P    294
-4.873739614426906D0,-9.208320656750203D-11,                     0000057P    295
-0.2195714793734875D0,-4.850561932125076D0,                      0000057P    296
3.570301627374751D-11,-0.3105594660285679D0,                     0000057P    297
-4.811277384253072D0,9.865228149132314D-11,                      0000057P    298
-0.3950305671383847D0,-4.749920806769927D0,                      0000057P    299
6.257557380916496D-11,-0.4641665664199153D0,-4.67327856989017D0, 0000057P    300
9.375972798696379D-12,-0.5103950327924537D0,                     0000057P    301
-4.586889457990503D0,-4.870315293827058D-11,                     0000057P    302
-0.5416919025071437D0,-4.525084467816821D0,                      0000057P    303
1.301206061717191D-10,-0.5554064619288224D0,                     0000057P    304
-4.490927525505009D0,-7.896811814286506D-11,                     0000057P    305
-0.561668863662406D0,-4.890560865646788D0,0.02411019365693033D0, 0000057P    306
1.369261704981965D-05,-4.890569568650804D0,                      0000057P    307
0.02410943760270823D0,-0.04136854268510843D0,                    0000057P    308
-4.887534953814221D0,0.02421928236606717D0,                      0000057P    309
-0.1152311655207675D0,-4.873739614401099D0,                      0000057P    310
0.02463090691740844D0,-0.2195714796943872D0,                     0000057P    311
-4.850561932165032D0,0.02511429495731859D0,-0.310559465891546D0, 0000057P    312
-4.811277384194539D0,0.02550093808007981D0,                      0000057P    313
-0.3950305670366579D0,-4.749920806796784D0,                      0000057P    314
0.02535324930961682D0,-0.4641665663618703D0,                     0000057P    315
-4.673278569766222D0,0.02452865287263828D0,                      0000057P    316
-0.5103950328336203D0,-4.586889458188621D0,                      0000057P    317
0.02332030353802518D0,-0.5416919024806632D0,-4.52508446742343D0, 0000057P    318
0.02240017077175776D0,-0.5554064619323407D0,                     0000057P    319
-4.490927525505009D0,0.02190006532275975D0,                      0000057P    320
-0.5616688637210067D0,-4.867015299907094D0,0.0292974457892644D0, 0000057P    321
0.0D0,-4.867018663794929D0,0.02929709207632359D0,                0000057P    322
-0.04070035730487653D0,-4.863940739046189D0,                     0000057P    323
0.02932641584327807D0,-0.1129726184461693D0,                     0000057P    324
-4.849998138240334D0,0.02942723505743929D0,                      0000057P    325
-0.2147753231873614D0,-4.827170712167289D0,                      0000057P    326
0.02953391194726503D0,-0.3021985733020317D0,                     0000057P    327
-4.789809913284303D0,0.02960806765104555D0,-0.381230851650604D0, 0000057P    328
-4.733559682442084D0,0.0295813437051307D0,-0.4447629866611534D0, 0000057P    329
-4.662457573167254D0,0.02940893116820569D0,                      0000057P    330
-0.4887801401006704D0,-4.579669624150561D0,0.0290846216591799D0, 0000057P    331
-0.5202084103793182D0,-4.520149792310095D0,0.0287692910434514D0, 0000057P    332
-0.534482916787564D0,-4.487179000000002D0,0.02857331380669773D0, 0000057P    333
-0.5411498627944722D0,0.0D0,0.734422358284656D0,0.0D0,1.0D0;     0000057P    334
126,1,1,1,0,1,0,-0.734422358284656D0,-0.734422358284656D0,       0000059P    335
-0.0D0,-0.0D0,1.0D0,1.0D0,0.734422358284656D0,                   0000059P    336
0.5000000011565032D0,0.0D0,0.0D0,0.499999999999994D0,0.0D0,      0000059P    337
-0.734422358284656D0,-0.0D0,0.0D0,0.0D0,1.0D0;                   0000059P    338
126,1,1,1,0,1,0,0.5D0,0.5D0,1.0D0,1.0D0,1.0D0,1.0D0,0.0D0,       0000061P    339
0.499999999999994D0,0.0D0,0.0D0,0.0D0,0.0D0,0.5D0,1.0D0,0.0D0,   0000061P    340
0.0D0,1.0D0;                                                     0000061P    341
126,1,1,1,0,1,0,0.0D0,0.0D0,0.734422358284656D0,                 0000063P    342
0.734422358284656D0,1.0D0,1.0D0,0.0D0,0.0D0,0.0D0,               0000063P    343
0.734422358284656D0,0.0D0,0.0D0,0.0D0,0.734422358284656D0,0.0D0, 0000063P    344
0.0D0,1.0D0;                                                     0000063P    345
126,1,1,1,0,1,0,0.0D0,0.0D0,0.500000001156503D0,                 0000065P    346
0.500000001156503D0,1.0D0,1.0D0,0.734422358284656D0,0.0D0,0.0D0, 0000065P    347
0.734422358284656D0,0.5000000011565032D0,0.0D0,0.0D0,            0000065P    348
0.500000001156503D0,0.0D0,0.0D0,1.0D0;                           0000065P    349
102,4,59,61,63,65;                                               0000067P    350
126,24,3,1,0,0,0,-0.734422358284656D0,-0.734422358284656D0,      0000069P    351
-0.734422358284656D0,-0.734422358284656D0,-0.6341711036769193D0, 0000069P    352
-0.6341711036769193D0,-0.6341711036769193D0,                     0000069P    353
-0.5527763763571229D0,-0.5527763763571229D0,                     0000069P    354
-0.5527763763571229D0,-0.4725974961528077D0,                     0000069P    355
-0.4725974961528077D0,-0.4725974961528077D0,                     0000069P    356
-0.3895350481473102D0,-0.3895350481473102D0,                     0000069P    357
-0.3895350481473102D0,-0.3059653845716569D0,                     0000069P    358
-0.3059653845716569D0,-0.3059653845716569D0,                     0000069P    359
-0.2158491363270824D0,-0.2158491363270824D0,                     0000069P    360
-0.2158491363270824D0,-0.1215210426139862D0,                     0000069P    361
-0.1215210426139862D0,-0.1215210426139862D0,-0.0D0,-0.0D0,       0000069P    362
-0.0D0,-0.0D0,1.0D0,1.007994152310547D0,1.015695887828156D0,     0000069P    363
1.024114843692987D0,1.011167532930828D0,0.9988318125793132D0,    0000069P    364
0.9882695697521402D0,0.9778651021629623D0,0.9691815245969984D0,  0000069P    365
0.9640133448796101D0,0.9586592958087735D0,0.9570780482932995D0,  0000069P    366
0.9582653839642231D0,0.9594599700251096D0,0.9634570548641326D0,  0000069P    367
0.9678456479415811D0,0.9725780296012698D0,0.9777656611021719D0,  0000069P    368
0.9823303690492622D0,0.9871084219242272D0,0.9912039622157689D0,  0000069P    369
0.9941856034687496D0,0.9980267937175968D0,1.000019282918415D0,   0000069P    370
1.0D0,-4.490927525505009D0,-1.590090681069661D-17,               0000069P    371
-0.5616688636624062D0,-4.525084467816821D0,                      0000069P    372
1.301206075708149D-10,-0.5554064619288225D0,                     0000069P    373
-4.558745594422061D0,3.272704593630025D-11,                      0000069P    374
-0.5479370404511892D0,-4.59167049062822D0,1.782647658826429D-13, 0000069P    375
-0.5381619549913193D0,-4.619166320242269D0,                      0000069P    376
-2.700346833975918D-11,-0.5299987072597419D0,                    0000069P    377
-4.646094410696087D0,-8.899782579325091D-12,                     0000069P    378
-0.5202432540542807D0,-4.672125604146137D0,                      0000069P    379
8.873411101546639D-12,-0.5078061240450352D0,-4.69831775794601D0, 0000069P    380
2.675650291205461D-11,-0.4952920907312626D0,                     0000069P    381
-4.723428255167657D0,4.418644610288517D-11,                      0000069P    382
-0.4801461369638926D0,-4.746071770881837D0,                      0000069P    383
5.887401236560197D-11,-0.4614072705863312D0,-4.76978711531704D0, 0000069P    384
7.425681321825619D-11,-0.4417814017027816D0,                     0000069P    385
-4.790434724520438D0,8.639730543792103D-11,                      0000069P    386
-0.4185158749474197D0,-4.807235368815073D0,8.22616262480884D-11, 0000069P    387
-0.3930369710354043D0,-4.82409664179561D0,7.811102258332496D-11, 0000069P    388
-0.3674661210982635D0,-4.836887488305608D0,                      0000069P    389
5.761508623134949D-11,-0.3399627655207314D0,                     0000069P    390
-4.847031647465324D0,2.754488962583607D-11,                      0000069P    391
-0.3118787356394702D0,-4.857867882344137D0,                      0000069P    392
-4.576817865052174D-12,-0.2818786992298035D0,                    0000069P    393
-4.865665596334146D0,-4.75681722365897D-11,                      0000069P    394
-0.2512674289904575D0,-4.871643386722597D0,                      0000069P    395
-3.710778070925307D-11,-0.2204749049549125D0,                    0000069P    396
-4.877841343754502D0,-2.626212487150506D-11,                     0000069P    397
-0.1885482684430442D0,-4.882100091503156D0,                      0000069P    398
4.207831832334578D-11,-0.1563374570623004D0,                     0000069P    399
-4.885067296564163D0,4.008456285153287D-11,                      0000069P    400
-0.1241153694824428D0,-4.888863756480077D0,                      0000069P    401
3.753360578073843D-11,-0.08288806587893034D0,                    0000069P    402
-4.890569568664411D0,-8.025853818351183D-11,                     0000069P    403
-0.04136854237869656D0,-4.890560865646788D0,                     0000069P    404
4.596815434974376D-16,1.369261704981965D-05,                     0000069P    405
-0.734422358284656D0,-0.0D0,0.0D0,1.0D0,0.0D0;                   0000069P    406
126,2,2,1,0,0,0,-0.5D0,-0.5D0,-0.5D0,-0.0D0,-0.0D0,-0.0D0,1.0D0, 0000071P    407
0.7794702290543769D0,1.0D0,-4.890560865646788D0,                 0000071P    408
4.596815434974376D-16,1.369261704981965D-05,                     0000071P    409
-4.890560865646789D0,-0.0241101936569294D0,                      0000071P    410
1.369261704981965D-05,-4.867015299907095D0,                      0000071P    411
-0.02929744578926419D0,0.0D0,-0.5D0,-0.0D0,                      0000071P    412
0.0005815368755999747D0,-0.0D0,0.9999998309074171D0;             0000071P    413
126,10,3,1,0,1,0,0.0D0,0.0D0,0.0D0,0.0D0,0.1215210426139862D0,   0000073P    414
0.2158491363270824D0,0.3059653845716569D0,0.3895350481473102D0,  0000073P    415
0.4725974961528077D0,0.5527763763571229D0,0.6341711036769193D0,  0000073P    416
0.734422358284656D0,0.734422358284656D0,0.734422358284656D0,     0000073P    417
0.734422358284656D0,1.0D0,1.0D0,1.0D0,1.0D0,1.0D0,1.0D0,1.0D0,   0000073P    418
1.0D0,1.0D0,1.0D0,1.0D0,-4.867015299907095D0,                    0000073P    419
-0.02929744578926419D0,0.0D0,-4.867018663827995D0,               0000073P    420
-0.02929709210728389D0,-0.04070035656019059D0,                   0000073P    421
-4.863940738991412D0,-0.02932641579343654D0,                     0000073P    422
-0.1129726198704931D0,-4.849998138301992D0,                      0000073P    423
-0.0294272350912141D0,-0.2147753224205855D0,                     0000073P    424
-4.827170712073316D0,-0.02953391193540451D0,                     0000073P    425
-0.3021985736243016D0,-4.789809913420213D0,                      0000073P    426
-0.02960806761667482D0,-0.3812308518868248D0,                    0000073P    427
-4.733559682379417D0,-0.02958134368810585D0,                     0000073P    428
-0.4447629867966037D0,-4.662457573464474D0,                      0000073P    429
-0.02940893115745335D0,-0.4887801400019561D0,                    0000073P    430
-4.579669623656386D0,-0.0290846216907863D0,                      0000073P    431
-0.5202084104453703D0,-4.520149793320583D0,                      0000073P    432
-0.02876929096697138D0,-0.5344829167785267D0,-4.487179D0,        0000073P    433
-0.02857331385482268D0,-0.5411498626415582D0,0.0D0,              0000073P    434
0.734422358284656D0,-0.004131311892227797D0,0.99998957455046D0,  0000073P    435
-0.001945007053778905D0;                                         0000073P    436
126,2,2,1,0,0,0,0.0D0,0.0D0,0.0D0,0.500000001156503D0,           0000075P    437
0.500000001156503D0,0.500000001156503D0,1.0D0,                   0000075P    438
0.8076860861871399D0,1.0D0,-4.487179D0,-0.02857331385482268D0,   0000075P    439
-0.5411498626415582D0,-4.490927525515367D0,                      0000075P    440
-0.02190006546225312D0,-0.5616688636605141D0,                    0000075P    441
-4.490927525505009D0,-1.590090681069661D-17,                     0000075P    442
-0.5616688636624062D0,0.0D0,0.500000001156503D0,                 0000075P    443
0.9837193874532347D0,0.0D0,-0.1797113428491166D0;                0000075P    444
102,4,69,71,73,75;                                               0000077P    445
142,0,57,67,77,1;                                                0000079P    446
144,57,1,0,79;                                                   0000081P    447
128,6,4,3,2,0,0,0,0,0,0.0D0,0.0D0,0.0D0,0.0D0,                   0000083P    448
0.1830608203285658D0,0.3858504786309272D0,0.5878530667784924D0,  0000083P    449
0.7703922553257742D0,0.7703922553257742D0,0.7703922553257742D0,  0000083P    450
0.7703922553257742D0,0.0D0,0.0D0,0.0D0,0.5D0,0.5D0,1.0D0,1.0D0,  0000083P    451
1.0D0,1.0D0,0.9999999999999993D0,1.000000000000001D0,1.0D0,      0000083P    452
0.9999999999999998D0,0.9999999999999996D0,1.0D0,                 0000083P    453
0.8073622380346621D0,0.8268082250715431D0,0.8691251282240358D0,  0000083P    454
0.9328800019832174D0,0.9919659469152965D0,1.02621517031832D0,    0000083P    455
1.041310740011673D0,1.0D0,1.024085826808321D0,                   0000083P    456
1.076499602383834D0,1.155466478410112D0,1.228650412645022D0,     0000083P    457
1.271071548771472D0,1.289768942558553D0,0.8073622380346621D0,    0000083P    458
0.8268082250715431D0,0.8691251282240358D0,0.9328800019832174D0,  0000083P    459
0.9919659469152965D0,1.02621517031832D0,1.041310740011673D0,     0000083P    460
1.0D0,0.9999999999999993D0,1.000000000000001D0,1.0D0,            0000083P    461
0.9999999999999998D0,0.9999999999999996D0,1.0D0,                 0000083P    462
-4.487178999999999D0,-0.02858334144185426D0,                     0000083P    463
-0.5413328254281786D0,-4.426757085543556D0,                      0000083P    464
-0.02828331455115241D0,-0.5518321447045923D0,                    0000083P    465
-4.29865867838282D0,-0.02751953328731795D0,                      0000083P    466
-0.5683081355054032D0,-4.102856488775703D0,                      0000083P    467
-0.02595301322463335D0,-0.5843487972767242D0,                    0000083P    468
-3.907050099105276D0,-0.02403751792753482D0,                     0000083P    469
-0.5952888597549431D0,-3.778819604150832D0,                      0000083P    470
-0.02263736396071996D0,-0.600471607995371D0,                     0000083P    471
-3.717949000000002D0,-0.0219564999001285D0,                      0000083P    472
-0.6026246356848966D0,-4.490451765053465D0,                      0000083P    473
-0.0219253298690444D0,-0.5619648389185669D0,                     0000083P    474
-4.430681590829814D0,-0.02118493256954248D0,                     0000083P    475
-0.5714148332819647D0,-4.3048546818879D0,-0.01960922051742257D0, 0000083P    476
-0.5857466273488914D0,-4.10823812184496D0,                       0000083P    477
-0.01722913900063309D0,-0.5989084457389201D0,                    0000083P    478
-3.910980437585294D0,-0.01500701900460049D0,                     0000083P    479
-0.6071148266697739D0,-3.779982447479402D0,                      0000083P    480
-0.01366120437011235D0,-0.6107363461325563D0,                    0000083P    481
-3.71817186634572D0,-0.0130582309498852D0,-0.6121791391418917D0, 0000083P    482
-4.490451765053466D0,-3.619364303284368D-16,                     0000083P    483
-0.5619648389185669D0,-4.430681590662653D0,                      0000083P    484
6.191101231105649D-11,-0.5714148332689047D0,                     0000083P    485
-4.304854681836511D0,-7.755099286683096D-11,                     0000083P    486
-0.5857466273861898D0,-4.108238121862767D0,                      0000083P    487
1.064357868217896D-10,-0.5989084456909366D0,                     0000083P    488
-3.910980437556615D0,-1.931759594308713D-10,                     0000083P    489
-0.6071148267557559D0,-3.779982447466953D0,                      0000083P    490
3.293996507974693D-10,-0.6107363459889729D0,                     0000083P    491
-3.718171866345719D0,-5.705693363921051D-10,                     0000083P    492
-0.6121791393903134D0,-4.490451765053467D0,                      0000083P    493
0.02192532986904367D0,-0.561964838918567D0,-4.430681590495492D0, 0000083P    494
0.02118493269336451D0,-0.571414833255845D0,-4.30485468178512D0,  0000083P    495
0.01960922036232058D0,-0.5857466274234882D0,                     0000083P    496
-4.108238121880574D0,0.01722913921350466D0,-0.598908445642953D0, 0000083P    497
-3.910980437527936D0,0.01500701861824857D0,                      0000083P    498
-0.6071148268417378D0,-3.779982447454505D0,                      0000083P    499
0.01366120502891165D0,-0.6107363458453892D0,-3.71817186634572D0, 0000083P    500
0.01305822980874652D0,-0.6121791396387352D0,                     0000083P    501
-4.487179000000002D0,0.02858334144185423D0,                      0000083P    502
-0.5413328254281788D0,-4.426757085097213D0,                      0000083P    503
0.02828331461022602D0,-0.5518321446697206D0,                     0000083P    504
-4.298658678238579D0,0.02751953319793607D0,                      0000083P    505
-0.5683081356100921D0,-4.10285648882935D0,0.02595301335547692D0, 0000083P    506
-0.5843487971321647D0,-3.907050099013402D0,                      0000083P    507
0.02403751767598458D0,-0.5952888600303865D0,                     0000083P    508
-3.778819604109576D0,0.02263736440353706D0,                      0000083P    509
-0.6004716075195191D0,-3.717949000000002D0,                      0000083P    510
0.02195649912252252D0,-0.6026246365203041D0,0.0D0,               0000083P    511
0.7703922553257742D0,0.0D0,1.0D0;                                0000083P    512
126,1,1,1,0,1,0,-0.7703922553257742D0,-0.7703922553257742D0,     0000085P    513
-0.0D0,-0.0D0,1.0D0,1.0D0,0.7703922553257742D0,                  0000085P    514
0.500000013529934D0,0.0D0,0.0D0,0.5D0,0.0D0,                     0000085P    515
-0.7703922553257742D0,-0.0D0,0.0D0,0.0D0,1.0D0;                  0000085P    516
126,1,1,1,0,1,0,0.5D0,0.5D0,1.0D0,1.0D0,1.0D0,1.0D0,0.0D0,0.5D0, 0000087P    517
0.0D0,0.0D0,0.0D0,0.0D0,0.5D0,1.0D0,0.0D0,0.0D0,1.0D0;           0000087P    518
126,1,1,1,0,1,0,0.0D0,0.0D0,0.7703922553257742D0,                0000089P    519
0.7703922553257742D0,1.0D0,1.0D0,0.0D0,0.0D0,0.0D0,              0000089P    520
0.7703922553257742D0,0.0D0,0.0D0,0.0D0,0.7703922553257742D0,     0000089P    521
0.0D0,0.0D0,1.0D0;                                               0000089P    522
126,1,1,1,0,1,0,0.0D0,0.0D0,0.500000013529934D0,                 0000091P    523
0.500000013529934D0,1.0D0,1.0D0,0.7703922553257742D0,0.0D0,      0000091P    524
0.0D0,0.7703922553257742D0,0.500000013529934D0,0.0D0,0.0D0,      0000091P    525
0.500000013529934D0,0.0D0,0.0D0,1.0D0;                           0000091P    526
102,4,85,87,89,91;                                               0000093P    527
126,12,3,1,0,0,0,-0.7703922553257742D0,-0.7703922553257742D0,    0000095P    528
-0.7703922553257742D0,-0.7703922553257742D0,                     0000095P    529
-0.5878530999872873D0,-0.5878530999872873D0,                     0000095P    530
-0.5878530999872873D0,-0.3858505004282608D0,                     0000095P    531
-0.3858505004282608D0,-0.3858505004282608D0,                     0000095P    532
-0.1830608306699752D0,-0.1830608306699752D0,                     0000095P    533
-0.1830608306699752D0,0.0D0,0.0D0,0.0D0,0.0D0,1.0D0,             0000095P    534
1.072742254442094D0,1.149204399982204D0,1.229559475483437D0,     0000095P    535
1.205905272211663D0,1.180734911414707D0,1.154584038838887D0,     0000095P    536
1.128331273651119D0,1.101090340990292D0,1.073688620070062D0,     0000095P    537
1.048952735843695D0,1.024085826808321D0,1.0D0,                   0000095P    538
-3.71817186634572D0,1.495015583083312D-18,-0.6121791393903135D0, 0000095P    539
-3.779982476128899D0,3.293995227024523D-10,                      0000095P    540
-0.6107363451965964D0,-3.841058514720773D0,                      0000095P    541
8.575574336392326D-11,-0.6090478608159188D0,                     0000095P    542
-3.900959503497922D0,-2.565266185501365D-12,                     0000095P    543
-0.6070101715035545D0,-3.969722738926054D0,                      0000095P    544
-1.039532148133871D-10,-0.6046710096169831D0,                    0000095P    545
-4.037366492961151D0,-1.210144468866207D-12,                     0000095P    546
-0.6018568712262812D0,-4.103364806926741D0,                      0000095P    547
2.187039207986656D-11,-0.5983146343389D0,-4.172697407357648D0,   0000095P    548
4.611697539559385D-11,-0.5945934408721632D0,                     0000095P    549
-4.240603502002814D0,-1.742714733050407D-11,                     0000095P    550
-0.5900477012883559D0,-4.30674385517952D0,                       0000095P    551
-1.155586036785541D-11,-0.5840634565195075D0,                    0000095P    552
-4.369417238973315D0,-5.99233668677573D-12,                      0000095P    553
-0.5783928960960999D0,-4.430681590662653D0,                      0000095P    554
6.191084549139086D-11,-0.5714148332689051D0,                     0000095P    555
-4.490451765053466D0,-3.619364303284368D-16,                     0000095P    556
-0.5619648389185669D0,-0.7703922553257742D0,0.0D0,0.0D0,1.0D0,   0000095P    557
0.0D0;                                                           0000095P    558
126,2,2,1,0,0,0,-0.5D0,-0.5D0,-0.5D0,-0.0D0,-0.0D0,-0.0D0,1.0D0, 0000097P    559
0.8073622380346621D0,1.0D0,-4.490451765053466D0,                 0000097P    560
-3.619364303284368D-16,-0.5619648389185669D0,                    0000097P    561
-4.490451765053465D0,-0.0219253298690444D0,                      0000097P    562
-0.5619648389185669D0,-4.487178999999999D0,                      0000097P    563
-0.02858334144185426D0,-0.5413328254281786D0,-0.5D0,-0.0D0,      0000097P    564
-0.9876515156144863D0,0.0D0,0.1566667919643741D0;                0000097P    565
126,6,3,1,0,1,0,0.0D0,0.0D0,0.0D0,0.0D0,0.1830608203285658D0,    0000099P    566
0.3858504786309272D0,0.5878530667784924D0,0.7703922553257742D0,  0000099P    567
0.7703922553257742D0,0.7703922553257742D0,0.7703922553257742D0,  0000099P    568
1.0D0,1.0D0,1.0D0,1.0D0,1.0D0,1.0D0,1.0D0,-4.487178999999999D0,  0000099P    569
-0.02858334144185426D0,-0.5413328254281786D0,                    0000099P    570
-4.426757085543553D0,-0.02828331455115239D0,                     0000099P    571
-0.551832144704592D0,-4.298658678382824D0,                       0000099P    572
-0.02751953328731798D0,-0.5683081355054038D0,                    0000099P    573
-4.102856488775704D0,-0.02595301322463336D0,                     0000099P    574
-0.5843487972767244D0,-3.907050099105275D0,                      0000099P    575
-0.02403751792753481D0,-0.595288859754943D0,-3.77881960415083D0, 0000099P    576
-0.02263736396071995D0,-0.6004716079953708D0,                    0000099P    577
-3.717949000000002D0,-0.0219564999001285D0,                      0000099P    578
-0.6026246356848966D0,0.0D0,0.7703922553257742D0,                0000099P    579
-0.01268765123561797D0,0.9985458449269837D0,                     0000099P    580
-0.0523948383448167D0;                                           0000099P    581
126,2,2,1,0,0,0,0.0D0,0.0D0,0.0D0,0.500000013529934D0,           0000101P    582
0.500000013529934D0,0.500000013529934D0,1.0D0,                   0000101P    583
0.9169051000978876D0,1.0D0,-3.717949000000002D0,                 0000101P    584
-0.0219564999001285D0,-0.6026246356848966D0,                     0000101P    585
-3.718171866351512D0,-0.01305823071865164D0,                     0000101P    586
-0.6121791393901785D0,-3.71817186634572D0,1.495015583083312D-18, 0000101P    587
-0.6121791393903135D0,0.0D0,0.500000013529934D0,                 0000101P    588
0.9997280647031883D0,-0.0D0,-0.02331944778115102D0;              0000101P    589
102,4,95,97,99,101;                                              0000103P    590
142,0,83,93,103,1;                                               0000105P    591
144,83,1,0,105;                                                  0000107P    592
128,5,4,3,2,0,0,0,0,0,0.0D0,0.0D0,0.0D0,0.0D0,                   0000109P    593
0.2435272099900123D0,0.5126864125212394D0,1.025396945933037D0,   0000109P    594
1.025396945933037D0,1.025396945933037D0,1.025396945933037D0,     0000109P    595
0.0D0,0.0D0,0.0D0,0.5D0,0.5D0,1.0D0,1.0D0,1.0D0,1.0D0,           0000109P    596
0.9999999999999998D0,0.9999999999999992D0,0.9999999999999986D0,  0000109P    597
0.9999999999999997D0,1.0D0,0.9173971259465285D0,                 0000109P    598
0.9342734991038471D0,0.9669093964135213D0,1.019197556230299D0,   0000109P    599
1.04450054049955D0,1.056521478955503D0,1.0D0,                    0000109P    600
1.018395929832357D0,1.053970378875897D0,1.110966589500417D0,     0000109P    601
1.13854786652169D0,1.151651176000178D0,0.9173971259465285D0,     0000109P    602
0.9342734991038471D0,0.9669093964135213D0,1.019197556230299D0,   0000109P    603
1.04450054049955D0,1.056521478955503D0,1.0D0,                    0000109P    604
0.9999999999999998D0,0.9999999999999992D0,0.9999999999999986D0,  0000109P    605
0.9999999999999997D0,1.0D0,-3.717949000000002D0,                 0000109P    606
-0.02190595623899123D0,-0.6028965819935579D0,                    0000109P    607
-3.636754685247547D0,-0.02103661202866553D0,                     0000109P    608
-0.6055227729368001D0,-3.465813217288805D0,                      0000109P    609
-0.01912177351860196D0,-0.6102165575323721D0,                    0000109P    610
-3.12392088772788D0,-0.01513132535764357D0,                      0000109P    611
-0.6169732994586186D0,-2.863240662449615D0,                      0000109P    612
-0.01215674115397141D0,-0.6198815997373679D0,-2.692308D0,        0000109P    613
-0.01035841483238713D0,-0.6212646754476153D0,                    0000109P    614
-3.718147854016414D0,-0.01301419973700612D0,                     0000109P    615
-0.6123974524327116D0,-3.638360709552456D0,                      0000109P    616
-0.01227197317921509D0,-0.6140660838410553D0,                    0000109P    617
-3.469876655492321D0,-0.01077841789653731D0,                     0000109P    618
-0.6169381369326302D0,-3.131018431310416D0,                      0000109P    619
-0.008091540750330658D0,-0.6208073540857489D0,                   0000109P    620
-2.865117845845886D0,-0.006343385854179742D0,                    0000109P    621
-0.6223848066036715D0,-2.692315707113836D0,                      0000109P    622
-0.005343521954414963D0,-0.6231096732525395D0,                   0000109P    623
-3.71814785400602D0,9.098088276460301D-11,-0.6123974523934523D0, 0000109P    624
-3.638360709549921D0,-4.817505486870238D-11,                     0000109P    625
-0.6140660838619502D0,-3.469876655492034D0,                      0000109P    626
2.271608265350502D-11,-0.6169381369228146D0,                     0000109P    627
-3.131018431311167D0,-1.642644426274636D-11,                     0000109P    628
-0.6208073540928351D0,-2.865117845845213D0,                      0000109P    629
7.677425984681555D-12,-0.6223848066003617D0,                     0000109P    630
-2.692315707113835D0,5.503508861306841D-17,                      0000109P    631
-0.6231096732525394D0,-3.718147853995626D0,                      0000109P    632
0.01301419991896789D0,-0.6123974523541932D0,                     0000109P    633
-3.638360709547384D0,0.01227197308286498D0,                      0000109P    634
-0.6140660838828449D0,-3.469876655491748D0,                      0000109P    635
0.01077841794196948D0,-0.6169381369129988D0,                     0000109P    636
-3.131018431311918D0,0.008091540717477769D0,                     0000109P    637
-0.6208073540999211D0,-2.86511784584454D0,                       0000109P    638
0.006343385869534593D0,-0.6223848065970519D0,                    0000109P    639
-2.692315707113836D0,0.005343521954415073D0,                     0000109P    640
-0.6231096732525395D0,-3.717948999965012D0,                      0000109P    641
0.02190595636331389D0,-0.6028965818613927D0,                     0000109P    642
-3.636754685238854D0,0.02103661196159657D0,-0.605522773008436D0, 0000109P    643
-3.46581321728779D0,0.01912177355133878D0,-0.6102165574975443D0, 0000109P    644
-3.123920887730688D0,0.01513132533268846D0,                      0000109P    645
-0.6169732994851208D0,-2.863240662447037D0,0.0121567411659218D0, 0000109P    646
-0.6198815997246823D0,-2.692308000000001D0,                      0000109P    647
0.01035841483238735D0,-0.6212646754476153D0,0.0D0,               0000109P    648
1.025396945933037D0,0.0D0,1.0D0;                                 0000109P    649
126,1,1,1,0,1,0,-1.025396945933037D0,-1.025396945933037D0,       0000111P    650
-0.0D0,-0.0D0,1.0D0,1.0D0,1.025396945933037D0,0.5D0,0.0D0,0.0D0, 0000111P    651
0.4999999980949108D0,0.0D0,-1.025396945933037D0,-0.0D0,0.0D0,    0000111P    652
0.0D0,1.0D0;                                                     0000111P    653
126,1,1,1,0,1,0,0.5000000019050892D0,0.5000000019050892D0,1.0D0, 0000113P    654
1.0D0,1.0D0,1.0D0,0.0D0,0.4999999980949108D0,0.0D0,0.0D0,0.0D0,  0000113P    655
0.0D0,0.5000000019050892D0,1.0D0,0.0D0,0.0D0,1.0D0;              0000113P    656
126,1,1,1,0,1,0,0.0D0,0.0D0,1.025396945933037D0,                 0000115P    657
1.025396945933037D0,1.0D0,1.0D0,0.0D0,0.0D0,0.0D0,               0000115P    658
1.025396945933037D0,0.0D0,0.0D0,0.0D0,1.025396945933037D0,0.0D0, 0000115P    659
0.0D0,1.0D0;                                                     0000115P    660
126,1,1,1,0,1,0,0.0D0,0.0D0,0.5D0,0.5D0,1.0D0,1.0D0,             0000117P    661
1.025396945933037D0,0.0D0,0.0D0,1.025396945933037D0,0.5D0,0.0D0, 0000117P    662
0.0D0,0.5D0,0.0D0,0.0D0,1.0D0;                                   0000117P    663
102,4,111,113,115,117;                                           0000119P    664
126,9,3,1,0,0,0,-1.025396945933037D0,-1.025396945933037D0,       0000121P    665
-1.025396945933037D0,-1.025396945933037D0,-0.5126864125212394D0, 0000121P    666
-0.5126864125212394D0,-0.5126864125212394D0,                     0000121P    667
-0.2435272099900123D0,-0.2435272099900123D0,                     0000121P    668
-0.2435272099900123D0,-0.0D0,-0.0D0,-0.0D0,-0.0D0,1.0D0,         0000121P    669
1.036264586835522D0,1.068948065684519D0,1.095547154203454D0,     0000121P    670
1.082467813813935D0,1.06750672517422D0,1.050595051393243D0,      0000121P    671
1.035293873898987D0,1.018395929832357D0,1.0D0,                   0000121P    672
-2.692315707113835D0,5.503508861306841D-17,                      0000121P    673
-0.6231096732525394D0,-2.865117845845213D0,                      0000121P    674
7.677471849021401D-12,-0.6223848066003617D0,                     0000121P    675
-3.038004394537991D0,-7.994691614774197D-12,                     0000121P    676
-0.621359158916002D0,-3.205159199717779D0,                       0000121P    677
-1.110703344911945D-12,-0.6197811312365371D0,                    0000121P    678
-3.295990972615253D0,2.630049776031558D-12,-0.618923632394952D0, 0000121P    679
-3.386122978463928D0,1.304146242573594D-11,                      0000121P    680
-0.6178944695188225D0,-3.474467831515208D0,                      0000121P    681
-8.937083210206134D-13,-0.6166323680379954D0,                    0000121P    682
-3.556886669763604D0,-1.389413272688876D-11,                     0000121P    683
-0.615454926068162D0,-3.63836070954992D0,-4.817505111332601D-11, 0000121P    684
-0.6140660838619501D0,-3.71814785400602D0,                       0000121P    685
-1.180204160585239D-18,-0.6123974523934525D0,                    0000121P    686
-1.025396945933037D0,-0.0D0,0.0D0,1.0D0,0.0D0;                   0000121P    687
126,2,2,1,0,0,0,-0.4999999980949108D0,-0.4999999980949108D0,     0000123P    688
-0.4999999980949108D0,-0.0D0,-0.0D0,-0.0D0,1.0D0,                0000123P    689
0.9173971265499941D0,1.0D0,-3.71814785400602D0,                  0000123P    690
-1.180204160585239D-18,-0.6123974523934525D0,                    0000123P    691
-3.718147854015587D0,-0.0130141997739358D0,                      0000123P    692
-0.6123974523932521D0,-3.717949000000002D0,                      0000123P    693
-0.02190595623899123D0,-0.6028965819935579D0,                    0000123P    694
-0.4999999980949108D0,-0.0D0,-0.9997810377150922D0,-0.0D0,       0000123P    695
0.02092550179407301D0;                                           0000123P    696
126,5,3,1,0,1,0,0.0D0,0.0D0,0.0D0,0.0D0,0.2435272099900123D0,    0000125P    697
0.5126864125212394D0,1.025396945933037D0,1.025396945933037D0,    0000125P    698
1.025396945933037D0,1.025396945933037D0,1.0D0,1.0D0,1.0D0,1.0D0, 0000125P    699
1.0D0,1.0D0,-3.717949000000002D0,-0.02190595623899123D0,         0000125P    700
-0.6028965819935579D0,-3.636754685247546D0,                      0000125P    701
-0.02103661202866553D0,-0.6055227729368D0,-3.465813217288802D0,  0000125P    702
-0.01912177351860194D0,-0.6102165575323716D0,                    0000125P    703
-3.123920887727875D0,-0.01513132535764355D0,                     0000125P    704
-0.6169732994586176D0,-2.863240662449613D0,                      0000125P    705
-0.01215674115397141D0,-0.6198815997373677D0,-2.692308D0,        0000125P    706
-0.01035841483238713D0,-0.6212646754476153D0,0.0D0,              0000125P    707
1.025396945933037D0,0.01112626557020646D0,-0.9998554668489693D0, 0000125P    708
-0.0128550234029729D0;                                           0000125P    709
126,2,2,1,0,0,0,0.0D0,0.0D0,0.0D0,0.5D0,0.5D0,0.5D0,1.0D0,       0000127P    710
0.9845048340635786D0,1.0D0,-2.692308D0,-0.01035841483238713D0,   0000127P    711
-0.6212646754476153D0,-2.692315707113835D0,                      0000127P    712
-0.005343521954414963D0,-0.6231096732525394D0,                   0000127P    713
-2.692315707113835D0,5.503508861306841D-17,                      0000127P    714
-0.6231096732525394D0,0.0D0,0.5D0,0.0D0,0.1753559569199485D0,    0000127P    715
0.9845050981953771D0;                                            0000127P    716
102,4,121,123,125,127;                                           0000129P    717
142,0,109,119,129,1;                                             0000131P    718
144,109,1,0,131;                                                 0000133P    719
128,4,2,3,2,0,0,0,0,0,0.0D0,0.0D0,0.0D0,0.0D0,                   0000135P    720
0.512806233700606D0,1.025606505848572D0,1.025606505848572D0,     0000135P    721
1.025606505848572D0,1.025606505848572D0,0.0D0,0.0D0,0.0D0,1.0D0, 0000135P    722
1.0D0,1.0D0,1.0D0,1.000000000000001D0,1.000000000000001D0,1.0D0, 0000135P    723
1.0D0,0.9827187273703859D0,0.9783449085217904D0,                 0000135P    724
0.9673278372117382D0,0.9496588757971716D0,0.9384621091764618D0,  0000135P    725
1.0D0,1.000000000000001D0,1.000000000000001D0,1.0D0,1.0D0,       0000135P    726
-1.666667000000001D0,0.005553150422351058D0,                     0000135P    727
-0.6239587552967381D0,-1.837606361748987D0,                      0000135P    728
0.006249069843506984D0,-0.6236947451523691D0,                    0000135P    729
-2.17948450344272D0,0.007738629475270431D0,                      0000135P    730
-0.6230290612478573D0,-2.521366610736278D0,                      0000135P    731
0.009448124866180947D0,-0.6219517137697028D0,                    0000135P    732
-2.692308000000001D0,0.01036146766695092D0,-0.621261906619667D0, 0000135P    733
-1.666667811593123D0,-2.964425478159536D-09,                     0000135P    734
-0.6250047481857812D0,-1.838346960794636D0,                      0000135P    735
1.862325479400396D-09,-0.6250079033122389D0,                     0000135P    736
-2.183201973893036D0,-1.009010576355897D-09,                     0000135P    737
-0.625017990270708D0,-2.523343557010202D0,                       0000135P    738
-3.449720597464371D-10,-0.6250483987713345D0,                    0000135P    739
-2.692315903767468D0,1.500374466106383D-09,                      0000135P    740
-0.6250752290315674D0,-1.666667000000001D0,                      0000135P    741
-0.005553156148056434D0,-0.6239587542182425D0,                   0000135P    742
-1.837606361755048D0,-0.006249066231615701D0,                    0000135P    743
-0.6236947457150777D0,-2.179484503426767D0,                      0000135P    744
-0.007738631474442905D0,-0.6230290611792405D0,                   0000135P    745
-2.521366610754662D0,-0.009448125417202772D0,                    0000135P    746
-0.6219517133120555D0,-2.692307999975457D0,                      0000135P    747
-0.01036146502415796D0,-0.6212619075923471D0,0.0D0,              0000135P    748
1.025606505848572D0,0.0D0,1.0D0;                                 0000135P    749
126,2,1,1,0,1,0,0.0D0,0.0D0,0.5128186796831517D0,                0000137P    750
1.025645428049218D0,1.025645428049218D0,1.0D0,1.0D0,1.0D0,0.0D0, 0000137P    751
0.4999997399653483D0,0.0D0,0.512806233700606D0,                  0000137P    752
0.4999998662028713D0,0.0D0,1.025606505848572D0,                  0000137P    753
0.5000000658555694D0,0.0D0,0.0D0,1.025645428049218D0,0.0D0,      0000137P    754
0.0D0,1.0D0;                                                     0000137P    755
126,1,1,1,0,1,0,0.5000000658555694D0,0.5000000658555694D0,1.0D0, 0000139P    756
1.0D0,1.0D0,1.0D0,1.025606505848572D0,0.5000000658555694D0,      0000139P    757
0.0D0,1.025606505848572D0,1.0D0,0.0D0,0.5000000658555694D0,      0000139P    758
1.0D0,0.0D0,0.0D0,1.0D0;                                         0000139P    759
126,1,1,1,0,1,0,0.0D0,0.0D0,1.025606505848572D0,                 0000141P    760
1.025606505848572D0,1.0D0,1.0D0,1.025606505848572D0,1.0D0,0.0D0, 0000141P    761
0.0D0,1.0D0,0.0D0,0.0D0,1.025606505848572D0,0.0D0,0.0D0,1.0D0;   0000141P    762
126,1,1,1,0,1,0,0.0D0,0.0D0,0.5000002600346517D0,                0000143P    763
0.5000002600346517D0,1.0D0,1.0D0,0.0D0,1.0D0,0.0D0,0.0D0,        0000143P    764
0.4999997399653483D0,0.0D0,0.0D0,0.5000002600346517D0,0.0D0,     0000143P    765
0.0D0,1.0D0;                                                     0000143P    766
102,4,137,139,141,143;                                           0000145P    767
126,6,3,1,0,0,0,0.0D0,0.0D0,0.0D0,0.0D0,0.5128186796831518D0,    0000147P    768
0.5128186796831518D0,0.5128186796831518D0,1.025645428049218D0,   0000147P    769
1.025645428049218D0,1.025645428049218D0,1.025645428049218D0,     0000147P    770
1.0D0,0.9949118535846797D0,0.9892757403305313D0,                 0000147P    771
0.9828323906568849D0,0.9895011923493825D0,0.995352904672271D0,   0000147P    772
1.0D0,-1.66666740225966D0,0.0D0,-0.624477193059655D0,            0000147P    773
-1.837972689353982D0,3.524345308879052D-09,                      0000147P    774
-0.6243441373374644D0,-2.009164192195228D0,                      0000147P    775
2.316040923319583D-09,-0.6241760434837554D0,                     0000147P    776
-2.179485805856628D0,2.004124223882681D-09,                      0000147P    777
-0.6239562133091064D0,-2.351052775875167D0,                      0000147P    778
-1.169923355699519D-09,-0.6237347757817581D0,                    0000147P    779
-2.522329478987832D0,-8.743540269455793D-10,                     0000147P    780
-0.6234600773411804D0,-2.692311826421977D0,                      0000147P    781
8.948967677855655D-19,-0.6231080397285066D0,0.0D0,               0000147P    782
1.025645428049218D0,0.0D0,1.0D0,0.0D0;                           0000147P    783
126,2,2,1,0,0,0,0.5000000658555694D0,0.5000000658555694D0,       0000149P    784
0.5000000658555694D0,1.0D0,1.0D0,1.0D0,1.0D0,                    0000149P    785
0.9844953340130445D0,1.0D0,-2.692311826421978D0,                 0000149P    786
8.948967677855657D-19,-0.6231080397285067D0,                     0000149P    787
-2.692311826415128D0,-0.00534519859246145D0,                     0000149P    788
-0.6231080397285211D0,-2.692307999975458D0,                      0000149P    789
-0.01036146502415796D0,-0.6212619075923472D0,                    0000149P    790
0.5000000658555694D0,1.0D0,0.0D0,-0.1754103878754509D0,          0000149P    791
-0.9844954016273433D0;                                           0000149P    792
126,4,3,1,0,1,0,-1.025606505848572D0,-1.025606505848572D0,       0000151P    793
-1.025606505848572D0,-1.025606505848572D0,-0.512806233700606D0,  0000151P    794
-0.0D0,-0.0D0,-0.0D0,-0.0D0,1.0D0,1.0D0,1.0D0,1.0D0,1.0D0,       0000151P    795
-2.692307999975457D0,-0.01036146502415796D0,                     0000151P    796
-0.6212619075923471D0,-2.521366610754663D0,                      0000151P    797
-0.009448125417202774D0,-0.6219517133120556D0,                   0000151P    798
-2.179484503426769D0,-0.007738631474442912D0,                    0000151P    799
-0.6230290611792411D0,-1.83760636175505D0,                       0000151P    800
-0.006249066231615709D0,-0.6236947457150784D0,                   0000151P    801
-1.666667000000001D0,-0.005553156148056434D0,                    0000151P    802
-0.6239587542182425D0,-1.025606505848572D0,-0.0D0,               0000151P    803
-0.004688049754129973D0,0.9999890110343727D0,0.0D0;              0000151P    804
126,2,2,1,0,0,0,-1.0D0,-1.0D0,-1.0D0,-0.4999997399653483D0,      0000153P    805
-0.4999997399653483D0,-0.4999997399653483D0,1.0D0,               0000153P    806
0.9956703042160749D0,1.0D0,-1.666667000000001D0,                 0000153P    807
-0.005553156148056434D0,-0.6239587542182425D0,                   0000153P    808
-1.666667402259871D0,-0.002800778608554923D0,                    0000153P    809
-0.624477193059655D0,-1.66666740225966D0,0.0D0,                  0000153P    810
-0.624477193059655D0,-1.0D0,-0.4999997399653483D0,0.0D0,         0000153P    811
0.09295509509153423D0,0.995670302005902D0;                       0000153P    812
102,4,147,149,151,153;                                           0000155P    813
142,0,135,145,155,1;                                             0000157P    814
144,135,1,0,157;                                                 0000159P    815
128,3,2,3,2,0,0,0,0,0,0.0D0,0.0D0,0.0D0,0.0D0,                   0000161P    816
1.02563724595398D0,1.02563724595398D0,1.02563724595398D0,        0000161P    817
1.02563724595398D0,0.0D0,0.0D0,0.0D0,1.0D0,1.0D0,1.0D0,1.0D0,    0000161P    818
1.000000000000001D0,0.9999999999999989D0,1.0D0,                  0000161P    819
0.9910663102352454D0,0.9889439000590532D0,0.9862682515856737D0,  0000161P    820
0.982718415525807D0,1.0D0,1.000000000000001D0,                   0000161P    821
0.9999999999999989D0,1.0D0,-0.6410260000000004D0,                0000161P    822
0.004001102413409327D0,-0.6244629793183476D0,                    0000161P    823
-0.9829060751873145D0,0.00447369960263682D0,                     0000161P    824
-0.6243350880461548D0,-1.32478636301042D0,                       0000161P    825
0.004987419446822823D0,-0.6241737012584705D0,                    0000161P    826
-1.666666999996778D0,0.005553202274484242D0,                     0000161P    827
-0.6239587348736017D0,-0.6410261009921211D0,1.0858188772793D-09, 0000161P    828
-0.6250014166126814D0,-0.9836158459397739D0,                     0000161P    829
-1.964398944093233D-09,-0.6250020457133988D0,                    0000161P    830
-1.325993568405242D0,1.762355952784185D-09,                      0000161P    831
-0.6250029748826598D0,-1.666667332194709D0,                      0000161P    832
-7.82530898651034D-10,-0.6250047470503667D0,                     0000161P    833
-0.6410260000000004D0,-0.004001100280399727D0,                   0000161P    834
-0.6244629796053915D0,-0.9829060751894487D0,                     0000161P    835
-0.004473703444754542D0,-0.6243350874750908D0,                   0000161P    836
-1.324786363006134D0,-0.004987416018650878D0,                    0000161P    837
-0.6241737018279719D0,-1.666667D0,-0.005553203785919949D0,       0000161P    838
-0.6239587345889036D0,0.0D0,1.02563724595398D0,0.0D0,1.0D0;      0000161P    839
126,1,1,1,0,1,0,0.0D0,0.0D0,1.02563724595398D0,                  0000163P    840
1.02563724595398D0,1.0D0,1.0D0,0.0D0,0.5000001338770955D0,0.0D0, 0000163P    841
1.02563724595398D0,0.4999999313582913D0,0.0D0,0.0D0,             0000163P    842
1.02563724595398D0,0.0D0,0.0D0,1.0D0;                            0000163P    843
126,1,1,1,0,1,0,0.4999999313582913D0,0.4999999313582913D0,1.0D0, 0000165P    844
1.0D0,1.0D0,1.0D0,1.02563724595398D0,0.4999999313582913D0,0.0D0, 0000165P    845
1.02563724595398D0,1.0D0,0.0D0,0.4999999313582913D0,1.0D0,0.0D0, 0000165P    846
0.0D0,1.0D0;                                                     0000165P    847
126,1,1,1,0,1,0,0.0D0,0.0D0,1.02563724595398D0,                  0000167P    848
1.02563724595398D0,1.0D0,1.0D0,1.02563724595398D0,1.0D0,0.0D0,   0000167P    849
0.0D0,1.0D0,0.0D0,0.0D0,1.02563724595398D0,0.0D0,0.0D0,1.0D0;    0000167P    850
126,1,1,1,0,1,0,0.0D0,0.0D0,0.4999998661229045D0,                0000169P    851
0.4999998661229045D0,1.0D0,1.0D0,0.0D0,1.0D0,0.0D0,0.0D0,        0000169P    852
0.5000001338770955D0,0.0D0,0.0D0,0.4999998661229045D0,0.0D0,     0000169P    853
0.0D0,1.0D0;                                                     0000169P    854
102,4,163,165,167,169;                                           0000171P    855
126,3,3,1,0,0,0,0.0D0,0.0D0,0.0D0,0.0D0,1.02563724595398D0,      0000173P    856
1.02563724595398D0,1.02563724595398D0,1.02563724595398D0,1.0D0,  0000173P    857
1.000334016887882D0,1.000388366321495D0,1.0D0,                   0000173P    858
-0.6410260502694906D0,-2.178133730478128D-19,                    0000173P    859
-0.6247309900839194D0,-0.9832589061528798D0,                     0000173P    860
-2.236073853725636D-09,-0.6246667130163611D0,                    0000173P    861
-1.325385629437346D0,1.410446945480744D-09,                      0000173P    862
-0.6245854717273194D0,-1.666667164648821D0,                      0000173P    863
6.561913163234406D-19,-0.6244771823135273D0,0.0D0,               0000173P    864
1.02563724595398D0,0.0D0,1.0D0,0.0D0;                            0000173P    865
126,2,2,1,0,0,0,0.4999999313582913D0,0.4999999313582913D0,       0000175P    866
0.4999999313582913D0,1.0D0,1.0D0,1.0D0,1.0D0,                    0000175P    867
0.9956702292377876D0,1.0D0,-1.66666716464882D0,                  0000175P    868
6.561913163234402D-19,-0.624477182313527D0,-1.666667164649655D0, 0000175P    869
-0.002800803056916652D0,-0.6244771823135266D0,                   0000175P    870
-1.666667000000001D0,-0.00555320378591995D0,                     0000175P    871
-0.6239587345889036D0,0.4999999313582913D0,1.0D0,0.0D0,          0000175P    872
-0.09295588353814344D0,-0.9956702283967536D0;                    0000175P    873
126,3,3,1,0,1,0,-1.02563724595398D0,-1.02563724595398D0,         0000177P    874
-1.02563724595398D0,-1.02563724595398D0,-0.0D0,-0.0D0,-0.0D0,    0000177P    875
-0.0D0,1.0D0,1.0D0,1.0D0,1.0D0,-1.666667D0,                      0000177P    876
-0.005553203785919949D0,-0.6239587345889036D0,                   0000177P    877
-1.324786363006133D0,-0.004987416018650873D0,                    0000177P    878
-0.6241737018279713D0,-0.9829060751894498D0,                     0000177P    879
-0.004473703444754547D0,-0.6243350874750915D0,                   0000177P    880
-0.6410260000000004D0,-0.004001100280399727D0,                   0000177P    881
-0.6244629796053915D0,-1.02563724595398D0,-0.0D0,                0000177P    882
-0.001513299222927755D0,0.9999988549620754D0,0.0D0;              0000177P    883
126,2,2,1,0,0,0,-1.0D0,-1.0D0,-1.0D0,-0.5000001338770955D0,      0000179P    884
-0.5000001338770955D0,-0.5000001338770955D0,1.0D0,               0000179P    885
0.9977640790836556D0,1.0D0,-0.6410260000000004D0,                0000179P    886
-0.004001100280399727D0,-0.6244629796053915D0,                   0000179P    887
-0.6410260502694771D0,-0.00200952637801063D0,                    0000179P    888
-0.6247309900839195D0,-0.6410260502694907D0,                     0000179P    889
-2.178133730478128D-19,-0.6247309900839194D0,-1.0D0,             0000179P    890
-0.5000001338770955D0,0.0D0,0.06683442300219329D0,               0000179P    891
0.9977640802824905D0;                                            0000179P    892
102,4,173,175,177,179;                                           0000181P    893
142,0,161,171,181,1;                                             0000183P    894
144,161,1,0,183;                                                 0000185P    895
128,1,3,1,3,0,0,1,0,0,0.0D0,0.0D0,0.5251184690381778D0,          0000187P    896
0.5251184690381778D0,0.0D0,0.0D0,0.0D0,0.0D0,                    0000187P    897
0.631708993864408D0,0.631708993864408D0,0.631708993864408D0,     0000187P    898
0.631708993864408D0,1.0D0,1.0D0,1.0D0,1.0D0,1.0D0,1.0D0,1.0D0,   0000187P    899
1.0D0,-5.0D0,-4.336808689942018D-19,-0.625D0,                    0000187P    900
-4.487179000000001D0,-4.336808689942018D-19,-0.625D0,            0000187P    901
-5.000000000000004D0,-1.357421119951852D-16,                     0000187P    902
-0.4166677397652228D0,-4.487178999999999D0,                      0000187P    903
-0.07332197133263146D0,-0.4253077355664852D0,-5.0D0,             0000187P    904
5.117434254131581D-16,-0.208333791205116D0,-4.487179000000005D0, 0000187P    905
-0.1130815113323899D0,-0.2128948462752078D0,-5.0D0,              0000187P    906
-4.336808689942018D-19,0.0D0,-4.487179000000001D0,-0.112978D0,   0000187P    907
0.0D0,0.0D0,0.5251184690381778D0,0.0D0,0.631708993864408D0;      0000187P    908
126,15,3,1,0,1,0,0.0D0,0.0D0,0.0D0,0.0D0,0.2131811723051176D0,   0000189P    909
0.2131811723051176D0,0.2131811723051176D0,0.3861890929550168D0,  0000189P    910
0.3861890929550168D0,0.3861890929550168D0,0.4699182065323316D0,  0000189P    911
0.4699182065323316D0,0.4699182065323316D0,0.5510522033213031D0,  0000189P    912
0.5510522033213031D0,0.5510522033213031D0,0.734422358284656D0,   0000189P    913
0.734422358284656D0,0.734422358284656D0,0.734422358284656D0,     0000189P    914
1.0D0,1.0D0,1.0D0,1.0D0,1.0D0,1.0D0,1.0D0,1.0D0,1.0D0,1.0D0,     0000189P    915
1.0D0,1.0D0,1.0D0,1.0D0,1.0D0,1.0D0,0.1361736787656661D0,        0000189P    916
0.631708993864408D0,0.0D0,0.1365092862758722D0,                  0000189P    917
0.5587455120767479D0,0.0D0,0.1412189563249717D0,                 0000189P    918
0.4862889610880915D0,0.0D0,0.1557754467289522D0,                 0000189P    919
0.4148396413288947D0,0.0D0,0.16758881706331D0,                   0000189P    920
0.3568546977725464D0,0.0D0,0.1858874907538697D0,                 0000189P    921
0.2995331358802749D0,0.0D0,0.2188390791197317D0,                 0000189P    922
0.2506446120844045D0,0.0D0,0.2347863679749127D0,                 0000189P    923
0.2269844655075601D0,0.0D0,0.2541656390930459D0,                 0000189P    924
0.2052994916394214D0,0.0D0,0.276213187715471D0,                  0000189P    925
0.18711033566034D0,0.0D0,0.2975773902336877D0,                   0000189P    926
0.169484937996979D0,0.0D0,0.3214470312646122D0,                  0000189P    927
0.1551420162974446D0,0.0D0,0.3463365804020211D0,                 0000189P    928
0.1430609000981866D0,0.0D0,0.4025892076966628D0,                 0000189P    929
0.1157564871854316D0,0.0D0,0.4640515336884207D0,                 0000189P    930
0.1000053947071375D0,0.0D0,0.5251184690381778D0,                 0000189P    931
0.08767685133315276D0,0.0D0,0.0D0,0.734422358284656D0,0.0D0,     0000189P    932
0.0D0,1.0D0;                                                     0000189P    933
126,1,1,1,0,1,0,-0.5440321425312553D0,-0.5440321425312553D0,     0000191P    934
-0.0D0,-0.0D0,1.0D0,1.0D0,0.5251184690381778D0,                  0000191P    935
0.08767685133315276D0,0.0D0,0.5251184690381778D0,                0000191P    936
0.631708993864408D0,0.0D0,-0.5440321425312553D0,-0.0D0,0.0D0,    0000191P    937
0.0D0,1.0D0;                                                     0000191P    938
126,1,1,1,0,1,0,-0.5251184690381778D0,-0.5251184690381778D0,     0000193P    939
-0.1361736787656661D0,-0.1361736787656661D0,1.0D0,1.0D0,         0000193P    940
0.5251184690381778D0,0.631708993864408D0,0.0D0,                  0000193P    941
0.1361736787656661D0,0.631708993864408D0,0.0D0,                  0000193P    942
-0.5251184690381778D0,-0.1361736787656661D0,0.0D0,0.0D0,1.0D0;   0000193P    943
102,3,189,191,193;                                               0000195P    944
126,10,3,1,0,1,0,0.0D0,0.0D0,0.0D0,0.0D0,0.1215210426139862D0,   0000197P    945
0.2158491363270824D0,0.3059653845716569D0,0.3895350481473102D0,  0000197P    946
0.4725974961528077D0,0.5527763763571229D0,0.6341711036769193D0,  0000197P    947
0.734422358284656D0,0.734422358284656D0,0.734422358284656D0,     0000197P    948
0.734422358284656D0,1.0D0,1.0D0,1.0D0,1.0D0,1.0D0,1.0D0,1.0D0,   0000197P    949
1.0D0,1.0D0,1.0D0,1.0D0,-4.867015299907095D0,                    0000197P    950
-0.02929744578926419D0,0.0D0,-4.867018663827995D0,               0000197P    951
-0.02929709210728389D0,-0.04070035656019059D0,                   0000197P    952
-4.863940738991412D0,-0.02932641579343654D0,                     0000197P    953
-0.1129726198704931D0,-4.849998138301992D0,                      0000197P    954
-0.0294272350912141D0,-0.2147753224205855D0,                     0000197P    955
-4.827170712073316D0,-0.02953391193540451D0,                     0000197P    956
-0.3021985736243016D0,-4.789809913420213D0,                      0000197P    957
-0.02960806761667482D0,-0.3812308518868248D0,                    0000197P    958
-4.733559682379417D0,-0.02958134368810585D0,                     0000197P    959
-0.4447629867966037D0,-4.662457573464474D0,                      0000197P    960
-0.02940893115745335D0,-0.4887801400019561D0,                    0000197P    961
-4.579669623656386D0,-0.0290846216907863D0,                      0000197P    962
-0.5202084104453703D0,-4.520149793320583D0,                      0000197P    963
-0.02876929096697138D0,-0.5344829167785267D0,-4.487179D0,        0000197P    964
-0.02857331385482268D0,-0.5411498626415582D0,0.0D0,              0000197P    965
0.734422358284656D0,-0.00413131189222794D0,0.99998957455046D0,   0000197P    966
-0.001945007053778879D0;                                         0000197P    967
126,3,3,1,0,1,0,0.08767685133315283D0,0.08767685133315283D0,     0000199P    968
0.08767685133315283D0,0.08767685133315283D0,0.631708993864408D0, 0000199P    969
0.631708993864408D0,0.631708993864408D0,0.631708993864408D0,     0000199P    970
1.0D0,1.0D0,1.0D0,1.0D0,-4.487179000000001D0,                    0000199P    971
-0.0285733138548227D0,-0.5411498626415582D0,                     0000199P    972
-4.487179000000001D0,-0.08359076827718318D0,-0.36633556341158D0, 0000199P    973
-4.487179000000004D0,-0.1130671446733912D0,                      0000199P    974
-0.1833465099878313D0,-4.487179000000001D0,-0.112978D0,0.0D0,    0000199P    975
0.08767685133315283D0,0.631708993864408D0,1.0D0,0.0D0,0.0D0;     0000199P    976
126,1,1,1,0,1,0,-0.5251184690381778D0,-0.5251184690381778D0,     0000201P    977
-0.1361736787656661D0,-0.1361736787656661D0,1.0D0,1.0D0,         0000201P    978
-4.487179000000001D0,-0.112978D0,0.0D0,-4.867015299907095D0,     0000201P    979
-0.02929744578926419D0,0.0D0,-0.5251184690381778D0,              0000201P    980
-0.1361736787656661D0,0.0D0,0.0D0,1.0D0;                         0000201P    981
102,3,197,199,201;                                               0000203P    982
142,0,187,195,203,1;                                             0000205P    983
144,187,1,0,205;                                                 0000207P    984
128,1,5,1,3,0,0,1,0,0,0.0D0,0.0D0,0.781034698807294D0,           0000209P    985
0.781034698807294D0,0.0D0,0.0D0,0.0D0,0.0D0,                     0000209P    986
0.3317746791594897D0,0.3317746791594897D0,0.6635493583189793D0,  0000209P    987
0.6635493583189793D0,0.6635493583189793D0,0.6635493583189793D0,  0000209P    988
1.0D0,1.0D0,1.0D0,1.0D0,1.0D0,1.0D0,1.0D0,1.0D0,1.0D0,1.0D0,     0000209P    989
1.0D0,1.0D0,-4.487179000000001D0,-0.112978D0,0.0D0,-3.717949D0,  0000209P    990
-0.248257D0,0.0D0,-4.487178999999998D0,-0.112996365156538D0,     0000209P    991
-0.1064063470312178D0,-3.717948999999998D0,                      0000209P    992
-0.2483862390237329D0,-0.1148262804029208D0,                     0000209P    993
-4.487179000000003D0,-0.1031471088698068D0,                      0000209P    994
-0.2127927521909823D0,-3.717949000000001D0,                      0000209P    995
-0.2245836230703538D0,-0.2293742645144501D0,                     0000209P    996
-4.487178999999998D0,-0.06485627241420051D0,                     0000209P    997
-0.4221134438233865D0,-3.717949D0,-0.1396184837947553D0,         0000209P    998
-0.4420186865295168D0,-4.487179000000003D0,-0.036840872248846D0, 0000209P    999
-0.5251770296050768D0,-3.717949000000005D0,                      0000209P   1000
-0.08292601657641435D0,-0.544903206671401D0,                     0000209P   1001
-4.487179000000001D0,-4.336808689942018D-19,-0.625D0,            0000209P   1002
-3.717949D0,-4.336808689942018D-19,-0.625D0,0.0D0,               0000209P   1003
0.781034698807294D0,0.0D0,0.6635493583189793D0;                  0000209P   1004
126,1,1,1,0,1,0,-0.5716442013549209D0,-0.5716442013549209D0,     0000211P   1005
-0.0D0,-0.0D0,1.0D0,1.0D0,0.0D0,0.571644201354921D0,0.0D0,0.0D0, 0000211P   1006
0.0D0,0.0D0,-0.5716442013549209D0,-0.0D0,0.0D0,0.0D0,1.0D0;      0000211P   1007
126,1,1,1,0,1,0,-0.781034698807294D0,-0.781034698807294D0,       0000213P   1008
-0.0D0,-0.0D0,1.0D0,1.0D0,0.0D0,0.0D0,0.0D0,0.781034698807294D0, 0000213P   1009
0.0D0,0.0D0,-0.781034698807294D0,-0.0D0,0.0D0,0.0D0,1.0D0;       0000213P   1010
126,1,1,1,0,1,0,-0.6635493583189793D0,-0.6635493583189793D0,     0000215P   1011
-0.03013547140983741D0,-0.03013547140983741D0,1.0D0,1.0D0,       0000215P   1012
0.781034698807294D0,0.0D0,0.0D0,0.781034698807294D0,             0000215P   1013
0.6334138869091419D0,0.0D0,-0.6635493583189793D0,                0000215P   1014
-0.03013547140983741D0,0.0D0,0.0D0,1.0D0;                        0000215P   1015
126,6,3,1,0,1,0,-0.7703922553257742D0,-0.7703922553257742D0,     0000217P   1016
-0.7703922553257742D0,-0.7703922553257742D0,                     0000217P   1017
-0.3861196167560569D0,-0.3861196167560569D0,                     0000217P   1018
-0.3861196167560569D0,-0.0D0,-0.0D0,-0.0D0,-0.0D0,1.0D0,1.0D0,   0000217P   1019
1.0D0,1.0D0,1.0D0,1.0D0,1.0D0,0.781034698807294D0,               0000217P   1020
0.6334138869091419D0,0.0D0,0.6507590793915409D0,                 0000217P   1021
0.6285730816455367D0,0.0D0,0.5205840883185406D0,                 0000217P   1022
0.6223871984415992D0,0.0D0,0.3905259230706131D0,                 0000217P   1023
0.6135326679361091D0,0.0D0,0.2598426428130342D0,                 0000217P   1024
0.6046355787807115D0,0.0D0,0.1292773141088861D0,                 0000217P   1025
0.5930441273592545D0,0.0D0,0.0D0,0.571644201354921D0,0.0D0,      0000217P   1026
-0.7703922553257742D0,-0.0D0,0.0D0,0.0D0,1.0D0;                  0000217P   1027
102,4,211,213,215,217;                                           0000219P   1028
126,5,3,1,0,1,0,-0.5716442013549209D0,-0.5716442013549209D0,     0000221P   1029
-0.5716442013549209D0,-0.5716442013549209D0,                     0000221P   1030
-0.3317746791594897D0,-0.3317746791594897D0,-0.0D0,-0.0D0,       0000221P   1031
-0.0D0,-0.0D0,1.0D0,1.0D0,1.0D0,1.0D0,1.0D0,1.0D0,               0000221P   1032
-4.487179000000002D0,-0.02858334144185426D0,                     0000221P   1033
-0.5413328254281786D0,-4.487179D0,-0.05168136925746486D0,        0000221P   1034
-0.4679550572470841D0,-4.487178999999999D0,                      0000221P   1035
-0.07015975932232271D0,-0.3931214015900286D0,                    0000221P   1036
-4.487179000000003D0,-0.1031471088698068D0,                      0000221P   1037
-0.2127927521909823D0,-4.487178999999998D0,-0.112996365156538D0, 0000221P   1038
-0.1064063470312178D0,-4.487179000000001D0,-0.112978D0,0.0D0,    0000221P   1039
-0.5716442013549209D0,-0.0D0,1.0D0,0.0D0,0.0D0;                  0000221P   1040
126,1,1,1,0,1,0,0.0D0,0.0D0,0.781034698807294D0,                 0000223P   1041
0.781034698807294D0,1.0D0,1.0D0,-4.487179000000001D0,            0000223P   1042
-0.112978D0,0.0D0,-3.717949D0,-0.248257D0,0.0D0,0.0D0,           0000223P   1043
0.781034698807294D0,0.0D0,0.0D0,1.0D0;                           0000223P   1044
126,5,3,1,0,1,0,0.0D0,0.0D0,0.0D0,0.0D0,0.3317746791594897D0,    0000225P   1045
0.3317746791594897D0,0.6334138869091419D0,0.6334138869091419D0,  0000225P   1046
0.6334138869091419D0,0.6334138869091419D0,1.0D0,1.0D0,1.0D0,     0000225P   1047
1.0D0,1.0D0,1.0D0,-3.717949D0,-0.248257D0,0.0D0,                 0000225P   1048
-3.717948999999998D0,-0.2483862390237329D0,                      0000225P   1049
-0.1148262804029208D0,-3.717949000000001D0,                      0000225P   1050
-0.2245836230703538D0,-0.2293742645144501D0,-3.717949D0,         0000225P   1051
-0.1434772239071099D0,-0.4323613191916436D0,                     0000225P   1052
-3.717949000000004D0,-0.09310766326133738D0,                     0000225P   1053
-0.5261846087717081D0,-3.717949000000002D0,                      0000225P   1054
-0.0219564999001285D0,-0.6026246356848964D0,0.0D0,               0000225P   1055
0.6334138869091419D0,1.0D0,0.0D0,0.0D0;                          0000225P   1056
126,6,3,1,0,1,0,-0.7703922553257742D0,-0.7703922553257742D0,     0000227P   1057
-0.7703922553257742D0,-0.7703922553257742D0,                     0000227P   1058
-0.5878530667784924D0,-0.3858504786309272D0,                     0000227P   1059
-0.1830608203285658D0,-0.0D0,-0.0D0,-0.0D0,-0.0D0,1.0D0,1.0D0,   0000227P   1060
1.0D0,1.0D0,1.0D0,1.0D0,1.0D0,-3.717949000000002D0,              0000227P   1061
-0.0219564999001285D0,-0.6026246356848966D0,-3.77881960415083D0, 0000227P   1062
-0.02263736396071995D0,-0.6004716079953708D0,                    0000227P   1063
-3.907050099105275D0,-0.02403751792753481D0,                     0000227P   1064
-0.595288859754943D0,-4.102856488775704D0,                       0000227P   1065
-0.02595301322463336D0,-0.5843487972767244D0,                    0000227P   1066
-4.298658678382824D0,-0.02751953328731798D0,                     0000227P   1067
-0.5683081355054038D0,-4.426757085543553D0,                      0000227P   1068
-0.02828331455115239D0,-0.551832144704592D0,                     0000227P   1069
-4.487178999999999D0,-0.02858334144185426D0,                     0000227P   1070
-0.5413328254281786D0,-0.7703922553257742D0,-0.0D0,              0000227P   1071
-0.01268765123561767D0,0.9985458449269838D0,                     0000227P   1072
-0.05239483834481332D0;                                          0000227P   1073
102,4,221,223,225,227;                                           0000229P   1074
142,0,209,219,229,1;                                             0000231P   1075
144,209,1,0,231;                                                 0000233P   1076
128,1,7,1,3,0,0,1,0,0,0.0D0,0.0D0,1.033518277768226D0,           0000235P   1077
1.033518277768226D0,0.0D0,0.0D0,0.0D0,0.0D0,0.367222827203366D0, 0000235P   1078
0.367222827203366D0,0.550834240805049D0,0.550834240805049D0,     0000235P   1079
0.7344456544067319D0,0.7344456544067319D0,0.7344456544067319D0,  0000235P   1080
0.7344456544067319D0,1.0D0,1.0D0,1.0D0,1.0D0,1.0D0,1.0D0,1.0D0,  0000235P   1081
1.0D0,1.0D0,1.0D0,1.0D0,1.0D0,1.0D0,1.0D0,1.0D0,1.0D0,           0000235P   1082
-3.717949D0,-0.248257D0,0.0D0,-2.692308000000001D0,-0.375617D0,  0000235P   1083
0.0D0,-3.717948999999993D0,-0.2484466325681194D0,                0000235P   1084
-0.1148973018964377D0,-2.692307999999993D0,                      0000235P   1085
-0.3757628870830481D0,-0.1301895737992487D0,                     0000235P   1086
-3.717949000000007D0,-0.2244316813669771D0,                      0000235P   1087
-0.2292036041876422D0,-2.692308000000007D0,                      0000235P   1088
-0.3424794797806332D0,-0.2595184195707958D0,                     0000235P   1089
-3.717948999999999D0,-0.1612101553391809D0,                      0000235P   1090
-0.3892451511610657D0,-2.692308D0,-0.2560340258562652D0,         0000235P   1091
-0.4339697594243428D0,-3.717949000000004D0,                      0000235P   1092
-0.1359320110952155D0,-0.4410344961145918D0,                     0000235P   1093
-2.692308000000001D0,-0.2195898837140218D0,                      0000235P   1094
-0.4893738416501252D0,-3.717948999999995D0,                      0000235P   1095
-0.07633494758108395D0,-0.5390686157588134D0,                    0000235P   1096
-2.692307999999999D0,-0.1208516193420342D0,                      0000235P   1097
-0.5748143941342283D0,-3.717949000000005D0,                      0000235P   1098
-0.04163949157330928D0,-0.5854018730260933D0,                    0000235P   1099
-2.692308000000002D0,-0.06112231102043082D0,                     0000235P   1100
-0.6033927019261398D0,-3.717949D0,-4.336808689942018D-19,        0000235P   1101
-0.625D0,-2.692308000000001D0,-4.336808689942018D-19,-0.625D0,   0000235P   1102
0.0D0,1.033518277768226D0,0.0D0,0.7344456544067319D0;            0000235P   1103
126,1,1,1,0,1,0,-0.7012649961230942D0,-0.7012649961230942D0,     0000237P   1104
-0.0D0,-0.0D0,1.0D0,1.0D0,0.0D0,0.7012649961230941D0,0.0D0,      0000237P   1105
0.0D0,0.0D0,0.0D0,-0.7012649961230942D0,-0.0D0,0.0D0,0.0D0,      0000237P   1106
1.0D0;                                                           0000237P   1107
126,1,1,1,0,1,0,-1.033518277768226D0,-1.033518277768226D0,       0000239P   1108
-0.0D0,-0.0D0,1.0D0,1.0D0,0.0D0,0.0D0,0.0D0,1.033518277768226D0, 0000239P   1109
0.0D0,0.0D0,-1.033518277768226D0,-0.0D0,0.0D0,0.0D0,1.0D0;       0000239P   1110
126,1,1,1,0,1,0,-0.7344456544067319D0,-0.7344456544067319D0,     0000241P   1111
-0.01038724348195275D0,-0.01038724348195275D0,1.0D0,1.0D0,       0000241P   1112
1.033518277768226D0,0.0D0,0.0D0,1.033518277768226D0,             0000241P   1113
0.7240584109247793D0,0.0D0,-0.7344456544067319D0,                0000241P   1114
-0.01038724348195275D0,0.0D0,0.0D0,1.0D0;                        0000241P   1115
126,3,3,1,0,1,0,-1.025396945933037D0,-1.025396945933037D0,       0000243P   1116
-1.025396945933037D0,-1.025396945933037D0,-0.0D0,-0.0D0,-0.0D0,  0000243P   1117
-0.0D0,1.0D0,1.0D0,1.0D0,1.0D0,1.033518277768226D0,              0000243P   1118
0.7240584109247793D0,0.0D0,0.6889595955673644D0,                 0000243P   1119
0.7192557645655864D0,0.0D0,0.3444107548816286D0,                 0000243P   1120
0.712623646111936D0,0.0D0,0.0D0,0.7012649961230941D0,0.0D0,      0000243P   1121
-1.025396945933037D0,-0.0D0,0.0D0,0.0D0,1.0D0;                   0000243P   1122
102,4,237,239,241,243;                                           0000245P   1123
126,7,3,1,0,1,0,-0.7012649961230942D0,-0.7012649961230942D0,     0000247P   1124
-0.7012649961230942D0,-0.7012649961230942D0,                     0000247P   1125
-0.550834240805049D0,-0.550834240805049D0,-0.367222827203366D0,  0000247P   1126
-0.367222827203366D0,-0.0D0,-0.0D0,-0.0D0,-0.0D0,1.0D0,1.0D0,    0000247P   1127
1.0D0,1.0D0,1.0D0,1.0D0,1.0D0,1.0D0,-3.717949000000002D0,        0000247P   1128
-0.02190595623899116D0,-0.6028965819935579D0,                    0000247P   1129
-3.717949000000002D0,-0.05401929710476632D0,                     0000247P   1130
-0.568568342392733D0,-3.717948999999996D0,                       0000247P   1131
-0.08171987916126465D0,-0.5302106788793863D0,                    0000247P   1132
-3.717949000000004D0,-0.1359320110952155D0,                      0000247P   1133
-0.4410344961145918D0,-3.717948999999999D0,                      0000247P   1134
-0.1612101553391809D0,-0.3892451511610657D0,                     0000247P   1135
-3.717949000000007D0,-0.2244316813669771D0,                      0000247P   1136
-0.2292036041876422D0,-3.717948999999993D0,                      0000247P   1137
-0.2484466325681194D0,-0.1148973018964377D0,-3.717949D0,         0000247P   1138
-0.248257D0,0.0D0,-0.7012649961230942D0,-0.0D0,1.0D0,0.0D0,      0000247P   1139
0.0D0;                                                           0000247P   1140
126,1,1,1,0,1,0,0.0D0,0.0D0,1.033518277768226D0,                 0000249P   1141
1.033518277768226D0,1.0D0,1.0D0,-3.717949D0,-0.248257D0,0.0D0,   0000249P   1142
-2.692308000000001D0,-0.375617D0,0.0D0,0.0D0,                    0000249P   1143
1.033518277768226D0,0.0D0,0.0D0,1.0D0;                           0000249P   1144
126,7,3,1,0,1,0,0.0D0,0.0D0,0.0D0,0.0D0,0.367222827203366D0,     0000251P   1145
0.367222827203366D0,0.550834240805049D0,0.550834240805049D0,     0000251P   1146
0.7240584109247794D0,0.7240584109247794D0,0.7240584109247794D0,  0000251P   1147
0.7240584109247794D0,1.0D0,1.0D0,1.0D0,1.0D0,1.0D0,1.0D0,1.0D0,  0000251P   1148
1.0D0,-2.692308000000001D0,-0.375617D0,0.0D0,                    0000251P   1149
-2.692307999999993D0,-0.3757628870830481D0,                      0000251P   1150
-0.1301895737992487D0,-2.692308000000007D0,                      0000251P   1151
-0.3424794797806332D0,-0.2595184195707958D0,-2.692308D0,         0000251P   1152
-0.2560340258562652D0,-0.4339697594243428D0,                     0000251P   1153
-2.692308000000001D0,-0.2195898837140218D0,                      0000251P   1154
-0.4893738416501252D0,-2.692307999999999D0,                      0000251P   1155
-0.1236445241318262D0,-0.5723976276476683D0,                     0000251P   1156
-2.692308000000002D0,-0.0678471534730993D0,                      0000251P   1157
-0.6001139848889638D0,-2.692308000000001D0,                      0000251P   1158
-0.01035841483238713D0,-0.6212646754476153D0,0.0D0,              0000251P   1159
0.7240584109247794D0,1.0D0,0.0D0,0.0D0;                          0000251P   1160
126,5,3,1,0,1,0,-1.025396945933037D0,-1.025396945933037D0,       0000253P   1161
-1.025396945933037D0,-1.025396945933037D0,-0.5126864125212394D0, 0000253P   1162
-0.2435272099900123D0,-0.0D0,-0.0D0,-0.0D0,-0.0D0,1.0D0,1.0D0,   0000253P   1163
1.0D0,1.0D0,1.0D0,1.0D0,-2.692308D0,-0.01035841483238713D0,      0000253P   1164
-0.6212646754476153D0,-2.863240662449613D0,                      0000253P   1165
-0.01215674115397141D0,-0.6198815997373677D0,                    0000253P   1166
-3.123920887727875D0,-0.01513132535764355D0,                     0000253P   1167
-0.6169732994586176D0,-3.465813217288802D0,                      0000253P   1168
-0.01912177351860194D0,-0.6102165575323716D0,                    0000253P   1169
-3.636754685247546D0,-0.02103661202866553D0,-0.6055227729368D0,  0000253P   1170
-3.717949000000002D0,-0.02190595623899123D0,                     0000253P   1171
-0.6028965819935579D0,-1.025396945933037D0,-0.0D0,               0000253P   1172
-0.01112626557020658D0,0.9998554668489693D0,                     0000253P   1173
0.01285502340296694D0;                                           0000253P   1174
102,4,247,249,251,253;                                           0000255P   1175
142,0,235,245,255,1;                                             0000257P   1176
144,235,1,0,257;                                                 0000259P   1177
128,1,13,1,3,0,0,1,0,0,-1.031442944363556D0,                     0000261P   1178
-1.031442944363556D0,0.0D0,0.0D0,0.0D0,0.0D0,0.0D0,0.0D0,        0000261P   1179
0.2078838469466987D0,0.2078838469466987D0,0.311825770420048D0,   0000261P   1180
0.311825770420048D0,0.4157676938933973D0,0.4157676938933973D0,   0000261P   1181
0.5197096173667466D0,0.5197096173667466D0,0.623651540840096D0,   0000261P   1182
0.623651540840096D0,0.8315353877867946D0,0.8315353877867946D0,   0000261P   1183
0.8315353877867946D0,0.8315353877867946D0,1.0D0,1.0D0,1.0D0,     0000261P   1184
1.0D0,1.0D0,1.0D0,1.0D0,1.0D0,1.0D0,1.0D0,1.0D0,1.0D0,1.0D0,     0000261P   1185
1.0D0,1.0D0,1.0D0,1.0D0,1.0D0,1.0D0,1.0D0,1.0D0,1.0D0,1.0D0,     0000261P   1186
1.0D0,1.0D0,1.0D0,1.0D0,1.0D0,-2.692308000000001D0,-0.375617D0,  0000261P   1187
0.0D0,-1.666667D0,-0.454321D0,0.0D0,-2.692307999999998D0,        0000261P   1188
-0.375650365796619D0,-0.06503002003857494D0,                     0000261P   1189
-1.666666999999996D0,-0.454325663120362D0,                       0000261P   1190
-0.07357211508693329D0,-2.692307999999999D0,                     0000261P   1191
-0.3674300517009513D0,-0.1300009748722721D0,                     0000261P   1192
-1.666667000000002D0,-0.4483898904156723D0,                      0000261P   1193
-0.1471428117229396D0,-2.692308000000002D0,                      0000261P   1194
-0.3441223924917559D0,-0.2246939700364625D0,                     0000261P   1195
-1.666667000000001D0,-0.4308841416987037D0,                      0000261P   1196
-0.2560902026628478D0,-2.692308D0,-0.3345787428422281D0,         0000261P   1197
-0.2558215820793623D0,-1.666666999999998D0,                      0000261P   1198
-0.4237322582204461D0,-0.2922289147722896D0,-2.692308D0,         0000261P   1199
-0.3122138830887403D0,-0.3168686381258092D0,                     0000261P   1200
-1.666667000000001D0,-0.4056083144702021D0,                      0000261P   1201
-0.3634873610858267D0,-2.692307999999998D0,                      0000261P   1202
-0.2994414687856431D0,-0.3468223974649609D0,-1.666667D0,         0000261P   1203
-0.3948138549661922D0,-0.3988797297997797D0,                     0000261P   1204
-2.692308000000001D0,-0.2704036714661172D0,                      0000261P   1205
-0.4049847779846343D0,-1.666666999999999D0,                      0000261P   1206
-0.3625816511306182D0,-0.4650767157984279D0,-2.692308D0,         0000261P   1207
-0.2541232446511988D0,-0.4332372102729492D0,-1.666667D0,         0000261P   1208
-0.3392714258615613D0,-0.494706395194509D0,-2.692307999999999D0, 0000261P   1209
-0.2164152241868214D0,-0.4862240378161595D0,-1.666667D0,         0000261P   1210
-0.2808631377884645D0,-0.5396890142679025D0,                     0000261P   1211
-2.692308000000001D0,-0.1947673207599558D0,                      0000261P   1212
-0.5107119259570614D0,-1.666667000000002D0,                      0000261P   1213
-0.2475628579335423D0,-0.5561663254743809D0,-2.692308D0,         0000261P   1214
-0.1209106009410402D0,-0.5748246808993853D0,                     0000261P   1215
-1.666667000000001D0,-0.1445261248157704D0,                      0000261P   1216
-0.5957652144299064D0,-2.692307999999998D0,                      0000261P   1217
-0.06109801736319842D0,-0.6033888776082701D0,-1.666667D0,        0000261P   1218
-0.07222750465801879D0,-0.6115167398530594D0,                    0000261P   1219
-2.692308000000001D0,-4.336808689942018D-19,-0.625D0,            0000261P   1220
-1.666667D0,-4.336808689942018D-19,-0.625D0,                     0000261P   1221
-1.031442944363556D0,0.0D0,0.0D0,0.8315353877867946D0;           0000261P   1222
126,3,3,1,0,1,0,0.0D0,0.0D0,0.0D0,0.0D0,1.025606505848572D0,     0000263P   1223
1.025606505848572D0,1.025606505848572D0,1.025606505848572D0,     0000263P   1224
1.0D0,1.0D0,1.0D0,1.0D0,0.0D0,0.8262077995836974D0,0.0D0,        0000263P   1225
-0.3438173382495877D0,0.8245945080831215D0,0.0D0,                0000263P   1226
-0.6876330584333056D0,0.8225634634836893D0,0.0D0,                0000263P   1227
-1.031442944363556D0,0.8197679564718474D0,0.0D0,0.0D0,           0000263P   1228
1.025606505848572D0,0.0D0,0.0D0,1.0D0;                           0000263P   1229
126,1,1,1,0,1,0,-0.8197679564718475D0,-0.8197679564718475D0,     0000265P   1230
-0.0D0,-0.0D0,1.0D0,1.0D0,-1.031442944363556D0,                  0000265P   1231
0.8197679564718474D0,0.0D0,-1.031442944363556D0,0.0D0,0.0D0,     0000265P   1232
-0.8197679564718475D0,-0.0D0,0.0D0,0.0D0,1.0D0;                  0000265P   1233
126,1,1,1,0,1,0,-0.0D0,-0.0D0,1.031442944363556D0,               0000267P   1234
1.031442944363556D0,1.0D0,1.0D0,-1.031442944363556D0,0.0D0,      0000267P   1235
0.0D0,0.0D0,0.0D0,0.0D0,-0.0D0,1.031442944363556D0,0.0D0,0.0D0,  0000267P   1236
1.0D0;                                                           0000267P   1237
126,1,1,1,0,1,0,-0.8315353877867946D0,-0.8315353877867946D0,     0000269P   1238
-0.0053275882030972D0,-0.0053275882030972D0,1.0D0,1.0D0,0.0D0,   0000269P   1239
0.0D0,0.0D0,0.0D0,0.8262077995836974D0,0.0D0,                    0000269P   1240
-0.8315353877867946D0,-0.0053275882030972D0,0.0D0,0.0D0,1.0D0;   0000269P   1241
102,4,263,265,267,269;                                           0000271P   1242
126,4,3,1,0,1,0,0.0D0,0.0D0,0.0D0,0.0D0,0.512806233700606D0,     0000273P   1243
1.025606505848572D0,1.025606505848572D0,1.025606505848572D0,     0000273P   1244
1.025606505848572D0,1.0D0,1.0D0,1.0D0,1.0D0,1.0D0,               0000273P   1245
-1.666667000000001D0,-0.005553156148056434D0,                    0000273P   1246
-0.6239587542182425D0,-1.83760636175505D0,                       0000273P   1247
-0.006249066231615709D0,-0.6236947457150784D0,                   0000273P   1248
-2.179484503426769D0,-0.007738631474442912D0,                    0000273P   1249
-0.6230290611792411D0,-2.521366610754663D0,                      0000273P   1250
-0.009448125417202774D0,-0.6219517133120556D0,                   0000273P   1251
-2.692307999975457D0,-0.01036146502415796D0,                     0000273P   1252
-0.6212619075923471D0,0.0D0,1.025606505848572D0,                 0000273P   1253
0.004071059523966048D0,-0.9999917132028406D0,0.0D0;              0000273P   1254
126,13,3,1,0,1,0,-0.8197679564718475D0,-0.8197679564718475D0,    0000275P   1255
-0.8197679564718475D0,-0.8197679564718475D0,                     0000275P   1256
-0.623651540840096D0,-0.623651540840096D0,-0.5197096173667466D0, 0000275P   1257
-0.5197096173667466D0,-0.4157676938933973D0,                     0000275P   1258
-0.4157676938933973D0,-0.311825770420048D0,-0.311825770420048D0, 0000275P   1259
-0.2078838469466987D0,-0.2078838469466987D0,-0.0D0,-0.0D0,       0000275P   1260
-0.0D0,-0.0D0,1.0D0,1.0D0,1.0D0,1.0D0,1.0D0,1.0D0,1.0D0,1.0D0,   0000275P   1261
1.0D0,1.0D0,1.0D0,1.0D0,1.0D0,1.0D0,-2.692308000000001D0,        0000275P   1262
-0.0103614650241124D0,-0.6212619075923129D0,                     0000275P   1263
-2.692307999999998D0,-0.06783561171087586D0,                     0000275P   1264
-0.6001096510090237D0,-2.692308D0,-0.1236977467130065D0,         0000275P   1265
-0.5724052450741181D0,-2.692308000000001D0,                      0000275P   1266
-0.1947673207599558D0,-0.5107119259570614D0,                     0000275P   1267
-2.692307999999999D0,-0.2164152241868214D0,                      0000275P   1268
-0.4862240378161595D0,-2.692308D0,-0.2541232446511988D0,         0000275P   1269
-0.4332372102729492D0,-2.692308000000001D0,                      0000275P   1270
-0.2704036714661172D0,-0.4049847779846343D0,                     0000275P   1271
-2.692307999999998D0,-0.2994414687856431D0,                      0000275P   1272
-0.3468223974649609D0,-2.692308D0,-0.3122138830887403D0,         0000275P   1273
-0.3168686381258092D0,-2.692308D0,-0.3345787428422281D0,         0000275P   1274
-0.2558215820793623D0,-2.692308000000002D0,                      0000275P   1275
-0.3441223924917559D0,-0.2246939700364625D0,                     0000275P   1276
-2.692307999999999D0,-0.3674300517009513D0,                      0000275P   1277
-0.1300009748722721D0,-2.692307999999998D0,-0.375650365796619D0, 0000275P   1278
-0.06503002003857494D0,-2.692308000000001D0,-0.375617D0,0.0D0,   0000275P   1279
-0.8197679564718475D0,-0.0D0,1.0D0,0.0D0,0.0D0;                  0000275P   1280
126,1,1,1,0,1,0,-1.031442944363556D0,-1.031442944363556D0,0.0D0, 0000277P   1281
0.0D0,1.0D0,1.0D0,-2.692308000000001D0,-0.375617D0,0.0D0,        0000277P   1282
-1.666667D0,-0.454321D0,0.0D0,-1.031442944363556D0,0.0D0,0.0D0,  0000277P   1283
0.0D0,1.0D0;                                                     0000277P   1284
126,13,3,1,0,1,0,0.0D0,0.0D0,0.0D0,0.0D0,0.2078838469466987D0,   0000279P   1285
0.2078838469466987D0,0.311825770420048D0,0.311825770420048D0,    0000279P   1286
0.4157676938933973D0,0.4157676938933973D0,0.5197096173667466D0,  0000279P   1287
0.5197096173667466D0,0.623651540840096D0,0.623651540840096D0,    0000279P   1288
0.8262077995836974D0,0.8262077995836974D0,0.8262077995836974D0,  0000279P   1289
0.8262077995836974D0,1.0D0,1.0D0,1.0D0,1.0D0,1.0D0,1.0D0,1.0D0,  0000279P   1290
1.0D0,1.0D0,1.0D0,1.0D0,1.0D0,1.0D0,1.0D0,-1.666667D0,           0000279P   1291
-0.454321D0,0.0D0,-1.666666999999996D0,-0.454325663120362D0,     0000279P   1292
-0.07357211508693329D0,-1.666667000000002D0,                     0000279P   1293
-0.4483898904156723D0,-0.1471428117229396D0,                     0000279P   1294
-1.666667000000001D0,-0.4308841416987037D0,                      0000279P   1295
-0.2560902026628478D0,-1.666666999999998D0,                      0000279P   1296
-0.4237322582204461D0,-0.2922289147722896D0,                     0000279P   1297
-1.666667000000001D0,-0.4056083144702021D0,                      0000279P   1298
-0.3634873610858267D0,-1.666667D0,-0.3948138549661922D0,         0000279P   1299
-0.3988797297997797D0,-1.666666999999999D0,                      0000279P   1300
-0.3625816511306182D0,-0.4650767157984279D0,-1.666667D0,         0000279P   1301
-0.3392714258615613D0,-0.494706395194509D0,-1.666667D0,          0000279P   1302
-0.2808631377884645D0,-0.5396890142679025D0,                     0000279P   1303
-1.666667000000002D0,-0.2475628579335423D0,                      0000279P   1304
-0.5561663254743809D0,-1.666667000000001D0,                      0000279P   1305
-0.1462865222425272D0,-0.5950886617082662D0,-1.666667D0,         0000279P   1306
-0.07593083236586015D0,-0.6107023953940806D0,                    0000279P   1307
-1.666667000000001D0,-0.005553156148056435D0,                    0000279P   1308
-0.6239587542182424D0,0.0D0,0.8262077995836974D0,1.0D0,0.0D0,    0000279P   1309
0.0D0;                                                           0000279P   1310
102,4,273,275,277,279;                                           0000281P   1311
142,0,261,271,281,1;                                             0000283P   1312
144,261,1,0,283;                                                 0000285P   1313
128,1,13,1,3,0,0,1,0,0,0.0D0,0.0D0,1.029133863083529D0,          0000287P   1314
1.029133863083529D0,0.0D0,0.0D0,0.0D0,0.0D0,                     0000287P   1315
0.2309814939005527D0,0.2309814939005527D0,0.3464722408508291D0,  0000287P   1316
0.3464722408508291D0,0.4619629878011055D0,0.4619629878011055D0,  0000287P   1317
0.5774537347513818D0,0.5774537347513818D0,0.6929444817016581D0,  0000287P   1318
0.6929444817016581D0,0.9239259756022109D0,0.9239259756022109D0,  0000287P   1319
0.9239259756022109D0,0.9239259756022109D0,1.0D0,1.0D0,1.0D0,     0000287P   1320
1.0D0,1.0D0,1.0D0,1.0D0,1.0D0,1.0D0,1.0D0,1.0D0,1.0D0,1.0D0,     0000287P   1321
1.0D0,1.0D0,1.0D0,1.0D0,1.0D0,1.0D0,1.0D0,1.0D0,1.0D0,1.0D0,     0000287P   1322
1.0D0,1.0D0,1.0D0,1.0D0,1.0D0,-1.666667D0,-0.454321D0,0.0D0,     0000287P   1323
-0.6410260000000004D0,-0.493398D0,0.0D0,-1.666666999999996D0,    0000287P   1324
-0.4543255444428447D0,-0.07357207400474053D0,                    0000287P   1325
-0.6410259999999985D0,-0.4933693349751422D0,                     0000287P   1326
-0.08041025067732122D0,-1.666667000000006D0,                     0000287P   1327
-0.448390298310184D0,-0.1471400349919008D0,                      0000287P   1328
-0.6410260000000025D0,-0.4922065520912307D0,                     0000287P   1329
-0.1608466312582424D0,-1.666666999999999D0,-0.430883735757253D0, 0000287P   1330
-0.2560924354227034D0,-0.6410260000000004D0,                     0000287P   1331
-0.4881703462371557D0,-0.2813593631180211D0,                     0000287P   1332
-1.666667000000003D0,-0.4237326899546211D0,                      0000287P   1333
-0.2922266103074045D0,-0.6410260000000005D0,                     0000287P   1334
-0.4868383579303339D0,-0.3216845809129829D0,                     0000287P   1335
-1.666666999999999D0,-0.4056083738233466D0,                      0000287P   1336
-0.3634878421650807D0,-0.6410260000000017D0,                     0000287P   1337
-0.4788479790630145D0,-0.4013383903978431D0,                     0000287P   1338
-1.666667000000002D0,-0.3948126260587798D0,                      0000287P   1339
-0.3988825529898696D0,-0.6410260000000005D0,                     0000287P   1340
-0.4716684610116433D0,-0.4424476019134453D0,-1.666667D0,         0000287P   1341
-0.362582573409086D0,-0.4650751423421329D0,-0.641026000000001D0, 0000287P   1342
-0.4246978789326746D0,-0.5089574774749388D0,                     0000287P   1343
-1.666667000000001D0,-0.3392704412780718D0,                      0000287P   1344
-0.4947078602339619D0,-0.6410260000000011D0,                     0000287P   1345
-0.3888385348866533D0,-0.5303186959565951D0,                     0000287P   1346
-1.666667000000001D0,-0.2808618807224628D0,                      0000287P   1347
-0.5396894399210845D0,-0.6410260000000011D0,                     0000287P   1348
-0.3153143886060898D0,-0.5622082000964079D0,-1.666667D0,         0000287P   1349
-0.2475643687321939D0,-0.5561657040240107D0,                     0000287P   1350
-0.6410260000000005D0,-0.2764765332428864D0,                     0000287P   1351
-0.5735211125465294D0,-1.666667000000003D0,                      0000287P   1352
-0.1445237749030019D0,-0.595765948189712D0,-0.641026000000002D0, 0000287P   1353
-0.1593098382283913D0,-0.6020472558853589D0,-1.666667D0,         0000287P   1354
-0.07222919959253564D0,-0.6115162669750405D0,                    0000287P   1355
-0.6410260000000009D0,-0.07966970079528721D0,                    0000287P   1356
-0.6143345921151859D0,-1.666667000000001D0,                      0000287P   1357
4.336808689942018D-19,-0.6249999999999996D0,                     0000287P   1358
-0.6410260000000005D0,4.336808689942018D-19,                     0000287P   1359
-0.6249999999999996D0,0.0D0,1.029133863083529D0,0.0D0,           0000287P   1360
0.9239259756022109D0;                                            0000287P   1361
126,3,3,1,0,1,0,0.0D0,0.0D0,0.0D0,0.0D0,1.02563724595398D0,      0000289P   1362
1.02563724595398D0,1.02563724595398D0,1.02563724595398D0,1.0D0,  0000289P   1363
1.0D0,1.0D0,1.0D0,1.029133863083529D0,0.9200592296220076D0,      0000289P   1364
0.0D0,0.6860890408159431D0,0.9194818353364391D0,0.0D0,           0000289P   1365
0.3430443645583612D0,0.9188125031046639D0,0.0D0,0.0D0,           0000289P   1366
0.918006523754382D0,0.0D0,0.0D0,1.02563724595398D0,0.0D0,0.0D0,  0000289P   1367
1.0D0;                                                           0000289P   1368
126,1,1,1,0,1,0,-0.9180065237543821D0,-0.9180065237543821D0,     0000291P   1369
-0.0D0,-0.0D0,1.0D0,1.0D0,0.0D0,0.918006523754382D0,0.0D0,0.0D0, 0000291P   1370
0.0D0,0.0D0,-0.9180065237543821D0,-0.0D0,0.0D0,0.0D0,1.0D0;      0000291P   1371
126,1,1,1,0,1,0,-1.029133863083529D0,-1.029133863083529D0,       0000293P   1372
-0.0D0,-0.0D0,1.0D0,1.0D0,0.0D0,0.0D0,0.0D0,1.029133863083529D0, 0000293P   1373
0.0D0,0.0D0,-1.029133863083529D0,-0.0D0,0.0D0,0.0D0,1.0D0;       0000293P   1374
126,1,1,1,0,1,0,-0.9239259756022109D0,-0.9239259756022109D0,     0000295P   1375
-0.003866745980203313D0,-0.003866745980203313D0,1.0D0,1.0D0,     0000295P   1376
1.029133863083529D0,0.0D0,0.0D0,1.029133863083529D0,             0000295P   1377
0.9200592296220076D0,0.0D0,-0.9239259756022109D0,                0000295P   1378
-0.003866745980203313D0,0.0D0,0.0D0,1.0D0;                       0000295P   1379
102,4,289,291,293,295;                                           0000297P   1380
126,3,3,1,0,1,0,0.0D0,0.0D0,0.0D0,0.0D0,1.02563724595398D0,      0000299P   1381
1.02563724595398D0,1.02563724595398D0,1.02563724595398D0,1.0D0,  0000299P   1382
1.0D0,1.0D0,1.0D0,-0.6410260000000004D0,-0.004001100280399727D0, 0000299P   1383
-0.6244629796053915D0,-0.9829060751894498D0,                     0000299P   1384
-0.004473703444754547D0,-0.6243350874750915D0,                   0000299P   1385
-1.324786363006133D0,-0.004987416018650873D0,                    0000299P   1386
-0.6241737018279713D0,-1.666667D0,-0.005553203785919949D0,       0000299P   1387
-0.6239587345889036D0,0.0D0,1.02563724595398D0,                  0000299P   1388
0.001382364013278256D0,-0.9999990445344111D0,0.0D0;              0000299P   1389
126,13,3,1,0,1,0,-0.9180065237543821D0,-0.9180065237543821D0,    0000301P   1390
-0.9180065237543821D0,-0.9180065237543821D0,                     0000301P   1391
-0.6929444817016581D0,-0.6929444817016581D0,                     0000301P   1392
-0.5774537347513818D0,-0.5774537347513818D0,                     0000301P   1393
-0.4619629878011055D0,-0.4619629878011055D0,                     0000301P   1394
-0.3464722408508291D0,-0.3464722408508291D0,                     0000301P   1395
-0.2309814939005527D0,-0.2309814939005527D0,-0.0D0,-0.0D0,       0000301P   1396
-0.0D0,-0.0D0,1.0D0,1.0D0,1.0D0,1.0D0,1.0D0,1.0D0,1.0D0,1.0D0,   0000301P   1397
1.0D0,1.0D0,1.0D0,1.0D0,1.0D0,1.0D0,-1.666667000000001D0,        0000301P   1398
-0.005553203785919741D0,-0.6239587345889037D0,-1.666667D0,       0000301P   1399
-0.07593227663022109D0,-0.6107019935618668D0,                    0000301P   1400
-1.666667000000003D0,-0.1462842156010669D0,                      0000301P   1401
-0.5950893810340706D0,-1.666667D0,-0.2475643687321939D0,         0000301P   1402
-0.5561657040240107D0,-1.666667000000001D0,                      0000301P   1403
-0.2808618807224628D0,-0.5396894399210845D0,                     0000301P   1404
-1.666667000000001D0,-0.3392704412780718D0,                      0000301P   1405
-0.4947078602339619D0,-1.666667D0,-0.362582573409086D0,          0000301P   1406
-0.4650751423421329D0,-1.666667000000002D0,                      0000301P   1407
-0.3948126260587798D0,-0.3988825529898696D0,                     0000301P   1408
-1.666666999999999D0,-0.4056083738233466D0,                      0000301P   1409
-0.3634878421650807D0,-1.666667000000003D0,                      0000301P   1410
-0.4237326899546211D0,-0.2922266103074045D0,                     0000301P   1411
-1.666666999999999D0,-0.430883735757253D0,-0.2560924354227034D0, 0000301P   1412
-1.666667000000006D0,-0.448390298310184D0,-0.1471400349919008D0, 0000301P   1413
-1.666666999999996D0,-0.4543255444428447D0,                      0000301P   1414
-0.07357207400474053D0,-1.666667D0,-0.454321D0,0.0D0,            0000301P   1415
-0.9180065237543821D0,-0.0D0,1.0D0,0.0D0,0.0D0;                  0000301P   1416
126,1,1,1,0,1,0,0.0D0,0.0D0,1.029133863083529D0,                 0000303P   1417
1.029133863083529D0,1.0D0,1.0D0,-1.666667D0,-0.454321D0,0.0D0,   0000303P   1418
-0.6410260000000004D0,-0.493398D0,0.0D0,0.0D0,                   0000303P   1419
1.029133863083529D0,0.0D0,0.0D0,1.0D0;                           0000303P   1420
126,13,3,1,0,1,0,0.0D0,0.0D0,0.0D0,0.0D0,0.2309814939005527D0,   0000305P   1421
0.2309814939005527D0,0.3464722408508291D0,0.3464722408508291D0,  0000305P   1422
0.4619629878011055D0,0.4619629878011055D0,0.5774537347513818D0,  0000305P   1423
0.5774537347513818D0,0.6929444817016581D0,0.6929444817016581D0,  0000305P   1424
0.9200592296220076D0,0.9200592296220076D0,0.9200592296220076D0,  0000305P   1425
0.9200592296220076D0,1.0D0,1.0D0,1.0D0,1.0D0,1.0D0,1.0D0,1.0D0,  0000305P   1426
1.0D0,1.0D0,1.0D0,1.0D0,1.0D0,1.0D0,1.0D0,-0.6410260000000004D0, 0000305P   1427
-0.493398D0,0.0D0,-0.6410259999999985D0,-0.4933693349751422D0,   0000305P   1428
-0.08041025067732122D0,-0.6410260000000025D0,                    0000305P   1429
-0.4922065520912307D0,-0.1608466312582424D0,                     0000305P   1430
-0.6410260000000004D0,-0.4881703462371557D0,                     0000305P   1431
-0.2813593631180211D0,-0.6410260000000005D0,                     0000305P   1432
-0.4868383579303339D0,-0.3216845809129829D0,                     0000305P   1433
-0.6410260000000017D0,-0.4788479790630145D0,                     0000305P   1434
-0.4013383903978431D0,-0.6410260000000005D0,                     0000305P   1435
-0.4716684610116433D0,-0.4424476019134453D0,                     0000305P   1436
-0.641026000000001D0,-0.4246978789326746D0,                      0000305P   1437
-0.5089574774749388D0,-0.6410260000000011D0,                     0000305P   1438
-0.3888385348866533D0,-0.5303186959565951D0,                     0000305P   1439
-0.6410260000000011D0,-0.3153143886060898D0,                     0000305P   1440
-0.5622082000964079D0,-0.6410260000000005D0,                     0000305P   1441
-0.2764765332428864D0,-0.5735211125465294D0,                     0000305P   1442
-0.641026000000002D0,-0.1606174576955337D0,                      0000305P   1443
-0.6017288945938013D0,-0.6410260000000009D0,                     0000305P   1444
-0.08233570393510493D0,-0.6139213137102664D0,                    0000305P   1445
-0.6410260000000004D0,-0.004001100280399727D0,                   0000305P   1446
-0.6244629796053917D0,0.0D0,0.9200592296220076D0,1.0D0,0.0D0,    0000305P   1447
0.0D0;                                                           0000305P   1448
102,4,299,301,303,305;                                           0000307P   1449
142,0,287,297,307,1;                                             0000309P   1450
144,287,1,0,309;                                                 0000311P   1451
128,2,3,2,3,0,0,0,0,0,0.0D0,0.0D0,0.0D0,0.00807438215074318D0,   0000313P   1452
0.00807438215074318D0,0.00807438215074318D0,0.0D0,0.0D0,0.0D0,   0000313P   1453
0.0D0,1.282052000000001D0,1.282052000000001D0,                   0000313P   1454
1.282052000000001D0,1.282052000000001D0,1.0D0,                   0000313P   1455
0.9910662100710788D0,1.0D0,0.9999999999999997D0,                 0000313P   1456
0.9910662640936077D0,0.9999999999999997D0,0.9999999999999996D0,  0000313P   1457
0.9910663181156851D0,0.9999999999999996D0,1.0D0,                 0000313P   1458
0.9910663721372811D0,1.0D0,0.6410260000000004D0,                 0000313P   1459
-0.004001123658400694D0,-0.6244629731411771D0,                   0000313P   1460
0.6410260000022608D0,-5.543442692232266D-18,                     0000313P   1461
-0.6250014164986821D0,0.6410260000000003D0,                      0000313P   1462
0.004001123658401877D0,-0.6244629731411767D0,                    0000313P   1463
0.2136753333673362D0,-0.004001111615305195D0,                    0000313P   1464
-0.6244629765559286D0,0.2136753566303037D0,                      0000313P   1465
7.984226076258624D-18,-0.6250014166427319D0,0.213675333300612D0, 0000313P   1466
0.004001111615303351D0,-0.6244629765559296D0,                    0000313P   1467
-0.2136753332653275D0,-0.004001099572255451D0,                   0000313P   1468
-0.6244629799706504D0,-0.2136753099004216D0,                     0000313P   1469
-1.065654957167207D-17,-0.6250014167867792D0,                    0000313P   1470
-0.2136753331310151D0,0.004001099572260036D0,                    0000313P   1471
-0.6244629799706495D0,-0.6410259998979919D0,                     0000313P   1472
-0.004001087529258205D0,-0.624462983385337D0,                    0000313P   1473
-0.6410259999476591D0,-4.065638132667465D-19,                    0000313P   1474
-0.6250014169308207D0,-0.6410259999999997D0,                     0000313P   1475
0.004001087529257014D0,-0.6244629833853375D0,0.0D0,              0000313P   1476
0.00807438215074318D0,0.0D0,1.282052000000001D0;                 0000313P   1477
126,1,1,1,0,1,0,-0.6410259999999991D0,-0.6410259999999991D0,     0000315P   1478
-0.0D0,-0.0D0,1.0D0,1.0D0,0.0D0,0.6410260000510045D0,0.0D0,      0000315P   1479
0.0D0,0.0D0,0.0D0,-0.6410259999999991D0,-0.0D0,0.0D0,0.0D0,      0000315P   1480
1.0D0;                                                           0000315P   1481
126,1,1,1,0,1,0,-1.0D0,-1.0D0,-0.5000000000000366D0,             0000317P   1482
-0.5000000000000366D0,1.0D0,1.0D0,0.0D0,0.0D0,0.0D0,             0000317P   1483
0.004037191075371294D0,0.0D0,0.0D0,-1.0D0,-0.5000000000000366D0, 0000317P   1484
0.0D0,0.0D0,1.0D0;                                               0000317P   1485
126,1,1,1,0,1,0,0.0D0,0.0D0,0.6410260000263979D0,                0000319P   1486
0.6410260000263979D0,1.0D0,1.0D0,0.004037191075371294D0,0.0D0,   0000319P   1487
0.0D0,0.004037191075371592D0,0.6410260000263979D0,0.0D0,0.0D0,   0000319P   1488
0.6410260000263979D0,0.0D0,0.0D0,1.0D0;                          0000319P   1489
126,1,1,1,0,1,0,-0.004037191075371592D0,-0.004037191075371592D0, 0000321P   1490
-0.0D0,-0.0D0,1.0D0,1.0D0,0.004037191075371592D0,                0000321P   1491
0.6410260000263979D0,0.0D0,0.0D0,0.6410260000510045D0,0.0D0,     0000321P   1492
-0.004037191075371592D0,-0.0D0,0.0D0,0.0D0,1.0D0;                0000321P   1493
102,4,315,317,319,321;                                           0000323P   1494
126,3,3,1,0,1,0,-0.6410259999999991D0,-0.6410259999999991D0,     0000325P   1495
-0.6410259999999991D0,-0.6410259999999991D0,-0.0D0,-0.0D0,       0000325P   1496
-0.0D0,-0.0D0,1.0D0,1.0D0,1.0D0,1.0D0,9.714451465470123D-17,     0000325P   1497
-0.004001105593792603D0,-0.6244629782632817D0,                   0000325P   1498
0.2136753333333336D0,-0.004001111615316632D0,                    0000325P   1499
-0.6244629765559212D0,0.427350666666667D0,                       0000325P   1500
-0.004001117636852944D0,-0.6244629748485528D0,                   0000325P   1501
0.6410260000000004D0,-0.004001123658400694D0,                    0000325P   1502
-0.6244629731411771D0,-0.6410259999999991D0,-0.0D0,0.0D0,0.0D0,  0000325P   1503
1.0D0;                                                           0000325P   1504
126,2,2,1,0,0,0,0.0D0,0.0D0,0.0D0,0.4999999999999634D0,          0000327P   1505
0.4999999999999634D0,0.4999999999999634D0,1.0D0,                 0000327P   1506
0.997764052787802D0,1.0D0,0.6410260000000003D0,                  0000327P   1507
-0.004001123658400694D0,-0.6244629731411769D0,                   0000327P   1508
0.6410260000011255D0,-0.002009538225380338D0,                    0000327P   1509
-0.6247309868390447D0,0.6410260000011255D0,0.0D0,                0000327P   1510
-0.6247309868390446D0,0.0D0,0.4999999999999634D0,1.0D0,0.0D0,    0000327P   1511
0.0D0;                                                           0000327P   1512
126,3,3,1,0,0,0,0.0D0,0.0D0,0.0D0,0.0D0,0.6410260000263979D0,    0000329P   1513
0.6410260000263979D0,0.6410260000263979D0,0.6410260000263979D0,  0000329P   1514
1.0D0,1.000000000000057D0,1.000000000000058D0,1.0D0,             0000329P   1515
0.6410260000011255D0,0.0D0,-0.6247309868390445D0,                0000329P   1516
0.4273506695579321D0,-2.287222012259492D-16,                     0000329P   1517
-0.6247309877360829D0,0.213675336249716D0,5.828322978124459D-17, 0000329P   1518
-0.6247309886331166D0,3.208582691591516D-11,                     0000329P   1519
2.589392630613713D-16,-0.6247309895301458D0,0.0D0,               0000329P   1520
0.6410260000263979D0,0.0D0,0.0D0,1.0D0;                          0000329P   1521
126,2,2,1,0,0,0,-0.004057377030748601D0,-0.004057377030748601D0, 0000331P   1522
-0.004057377030748601D0,-0.0D0,-0.0D0,-0.0D0,1.0D0,              0000331P   1523
0.9977640730915627D0,1.0D0,3.208582691591515D-11,                0000331P   1524
2.589392630613712D-16,-0.6247309895301455D0,                     0000331P   1525
2.470700510141498D-11,-0.002009529070763861D0,                   0000331P   1526
-0.6247309895301455D0,9.714451465470121D-17,                     0000331P   1527
-0.004001105593792602D0,-0.6244629782632815D0,                   0000331P   1528
-0.004057377030748601D0,-0.0D0,1.0D0,0.0D0,0.0D0;                0000331P   1529
102,4,325,327,329,331;                                           0000333P   1530
142,0,313,323,333,1;                                             0000335P   1531
144,313,1,0,335;                                                 0000337P   1532
128,13,1,3,1,0,0,1,0,0,0.0D0,0.0D0,0.0D0,0.0D0,                  0000339P   1533
0.2412479390957927D0,0.2412479390957927D0,0.3618719086436891D0,  0000339P   1534
0.3618719086436891D0,0.4824958781915855D0,0.4824958781915855D0,  0000339P   1535
0.6031198477394818D0,0.6031198477394818D0,0.7237438172873782D0,  0000339P   1536
0.7237438172873782D0,0.9649917563831709D0,0.9649917563831709D0,  0000339P   1537
0.9649917563831709D0,0.9649917563831709D0,-1.282052D0,           0000339P   1538
-1.282052D0,0.0D0,0.0D0,1.0D0,1.0D0,1.0D0,1.0D0,1.0D0,1.0D0,     0000339P   1539
1.0D0,1.0D0,1.0D0,1.0D0,1.0D0,1.0D0,1.0D0,1.0D0,1.0D0,1.0D0,     0000339P   1540
1.0D0,1.0D0,1.0D0,1.0D0,1.0D0,1.0D0,1.0D0,1.0D0,1.0D0,1.0D0,     0000339P   1541
1.0D0,1.0D0,0.6410260000000005D0,4.336808689942018D-19,          0000339P   1542
-0.6249999999999996D0,0.6410260000000019D0,                      0000339P   1543
-0.07966730190192146D0,-0.6143348411822167D0,                    0000339P   1544
0.6410259999999997D0,-0.1593073983356707D0,                      0000339P   1545
-0.6020479035687876D0,0.6410260000000003D0,-0.276479287589165D0, 0000339P   1546
-0.5735203155776141D0,0.6410260000000007D0,                      0000339P   1547
-0.3153121114545821D0,-0.5622088778435859D0,                     0000339P   1548
0.6410260000000004D0,-0.3888381537371733D0,                      0000339P   1549
-0.5303190221970215D0,0.6410260000000002D0,                      0000339P   1550
-0.4246973982028304D0,-0.5089578817105196D0,                     0000339P   1551
0.6410260000000003D0,-0.4716683015576485D0,                      0000339P   1552
-0.4424479239370665D0,0.6410260000000011D0,                      0000339P   1553
-0.4788476912570031D0,-0.4013398330934379D0,                     0000339P   1554
0.6410259999999999D0,-0.4868383236621073D0,                      0000339P   1555
-0.3216860905518475D0,0.6410260000000008D0,                      0000339P   1556
-0.4881703498947748D0,-0.2813588938915141D0,                     0000339P   1557
0.6410260000000001D0,-0.4922064865550815D0,-0.160849960338032D0, 0000339P   1558
0.6410260000000008D0,-0.4933693729651701D0,                      0000339P   1559
-0.08040817691655278D0,0.6410260000000005D0,                     0000339P   1560
-0.4933980000000001D0,4.440892098500626D-16,                     0000339P   1561
-0.6410259999999997D0,4.336808689942018D-19,                     0000339P   1562
-0.6249999999999996D0,-0.6410259999999997D0,                     0000339P   1563
-0.0796678005555034D0,-0.6143348909052173D0,                     0000339P   1564
-0.6410259999999997D0,-0.1593108236163652D0,                     0000339P   1565
-0.6020470901187633D0,-0.6410259999999997D0,                     0000339P   1566
-0.2764757231317483D0,-0.5735212775009591D0,                     0000339P   1567
-0.6410259999999991D0,-0.3153134545590384D0,                     0000339P   1568
-0.5622086163530466D0,-0.6410259999999999D0,                     0000339P   1569
-0.3888390384257761D0,-0.5303183248242971D0,                     0000339P   1570
-0.6410259999999994D0,-0.4246966592916371D0,                     0000339P   1571
-0.5089584416534048D0,-0.6410260000000002D0,                     0000339P   1572
-0.4716686594784315D0,-0.442447698579121D0,                      0000339P   1573
-0.6410259999999993D0,-0.4788478137468019D0,                     0000339P   1574
-0.4013385492849324D0,-0.6410259999999997D0,                     0000339P   1575
-0.4868382661329731D0,-0.3216867109783068D0,                     0000339P   1576
-0.6410259999999997D0,-0.4881703735860491D0,                     0000339P   1577
-0.2813590240045489D0,-0.6410259999999991D0,                     0000339P   1578
-0.4922065629595392D0,-0.1608451736439287D0,-0.641026D0,         0000339P   1579
-0.4933693066067716D0,-0.08041304668244642D0,                    0000339P   1580
-0.6410259999999997D0,-0.4933980000000001D0,                     0000339P   1581
4.440892098500626D-16,0.0D0,0.9649917563831709D0,-1.282052D0,    0000339P   1582
0.0D0;                                                           0000339P   1583
126,1,1,1,0,1,0,-0.9649917563831709D0,-0.9649917563831709D0,     0000341P   1584
-0.004038722739635763D0,-0.004038722739635763D0,1.0D0,1.0D0,     0000341P   1585
0.9649917563831709D0,-0.6410259999999997D0,0.0D0,                0000341P   1586
0.004038722739330196D0,-0.6410259999999997D0,0.0D0,              0000341P   1587
-0.9649917563831709D0,-0.004038722739635763D0,0.0D0,0.0D0,1.0D0; 0000341P   1588
126,3,3,1,0,1,0,-0.6410259999872484D0,-0.6410259999872484D0,     0000343P   1589
-0.6410259999872484D0,-0.6410259999872484D0,-0.0D0,-0.0D0,       0000343P   1590
-0.0D0,-0.0D0,1.0D0,1.0D0,1.0D0,1.0D0,0.004038722739330196D0,    0000343P   1591
-0.6410259999999997D0,0.0D0,0.004038733366300959D0,              0000343P   1592
-0.8547013333418336D0,0.0D0,0.004038743993322617D0,              0000343P   1593
-1.068376666670917D0,0.0D0,0.004038754620394314D0,-1.282052D0,   0000343P   1594
0.0D0,-0.6410259999872484D0,-0.0D0,0.0D0,0.0D0,1.0D0;            0000343P   1595
126,1,1,1,0,1,0,0.004038754620394314D0,0.004038754620394314D0,   0000345P   1596
0.9649917563831709D0,0.9649917563831709D0,1.0D0,1.0D0,           0000345P   1597
0.004038754620394314D0,-1.282052D0,0.0D0,0.9649917563831709D0,   0000345P   1598
-1.282052D0,0.0D0,0.004038754620394314D0,0.9649917563831709D0,   0000345P   1599
0.0D0,0.0D0,1.0D0;                                               0000345P   1600
126,1,1,1,0,1,0,-1.282052D0,-1.282052D0,-0.6410259999999997D0,   0000347P   1601
-0.6410259999999997D0,1.0D0,1.0D0,0.9649917563831709D0,          0000347P   1602
-1.282052D0,0.0D0,0.9649917563831709D0,-0.6410259999999997D0,    0000347P   1603
0.0D0,-1.282052D0,-0.6410259999999997D0,0.0D0,0.0D0,1.0D0;       0000347P   1604
102,4,341,343,345,347;                                           0000349P   1605
126,13,3,1,0,1,0,-0.9649917563831709D0,-0.9649917563831709D0,    0000351P   1606
-0.9649917563831709D0,-0.9649917563831709D0,                     0000351P   1607
-0.7237438172873782D0,-0.7237438172873782D0,                     0000351P   1608
-0.6031198477394818D0,-0.6031198477394818D0,                     0000351P   1609
-0.4824958781915855D0,-0.4824958781915855D0,                     0000351P   1610
-0.3618719086436891D0,-0.3618719086436891D0,                     0000351P   1611
-0.2412479390957927D0,-0.2412479390957927D0,                     0000351P   1612
-0.00403872273963555D0,-0.00403872273963555D0,                   0000351P   1613
-0.00403872273963555D0,-0.00403872273963555D0,1.0D0,1.0D0,1.0D0, 0000351P   1614
1.0D0,1.0D0,1.0D0,1.0D0,1.0D0,1.0D0,1.0D0,1.0D0,1.0D0,1.0D0,     0000351P   1615
1.0D0,0.0D0,-0.4933980000000001D0,4.440892098500626D-16,         0000351P   1616
-7.489005532382374D-17,-0.4933693397859588D0,                    0000351P   1617
-0.08041061179950122D0,1.653284443866181D-17,                    0000351P   1618
-0.4922065247572862D0,-0.1608475669909836D0,                     0000351P   1619
4.22468304025628D-17,-0.4881703617403692D0,                      0000351P   1620
-0.2813589589480373D0,-4.118100736133312D-16,                    0000351P   1621
-0.4868382948974911D0,-0.3216864007650838D0,                     0000351P   1622
3.446463566768335D-16,-0.4788477525018405D0,                     0000351P   1623
-0.4013391911891935D0,-4.992808888232999D-16,                    0000351P   1624
-0.4716684805179711D0,-0.442447811258103D0,                      0000351P   1625
-1.911076270147238D-16,-0.4246970287471492D0,                    0000351P   1626
-0.5089581616819734D0,-3.140471670516894D-16,                    0000351P   1627
-0.3888385960813828D0,-0.5303186735106716D0,                     0000351P   1628
1.639866753828702D-16,-0.3153127830067049D0,                     0000351P   1629
-0.5622087470983302D0,-2.901608647906508D-16,                    0000351P   1630
-0.276477505360345D0,-0.5735207965393016D0,                      0000351P   1631
-6.481836957924251D-16,-0.1606167854525855D0,                    0000351P   1632
-0.6017291205607642D0,4.038040589153087D-16,                     0000351P   1633
-0.08233367538355473D0,-0.6139215749964087D0,                    0000351P   1634
-1.942890293094024D-16,-0.004001105593792602D0,                  0000351P   1635
-0.6244629782632813D0,-0.9649917563831709D0,                     0000351P   1636
-0.00403872273963555D0,1.0D0,0.0D0,0.0D0;                        0000351P   1637
126,3,3,1,0,1,0,-0.6410259999999994D0,-0.6410259999999994D0,     0000353P   1638
-0.6410259999999994D0,-0.6410259999999994D0,-0.0D0,-0.0D0,       0000353P   1639
-0.0D0,-0.0D0,1.0D0,1.0D0,1.0D0,1.0D0,-1.942890293094024D-16,    0000353P   1640
-0.004001105593792602D0,-0.6244629782632813D0,                   0000353P   1641
0.2136753333333333D0,-0.004001111615316631D0,                    0000353P   1642
-0.6244629765559211D0,0.4273506666666668D0,                      0000353P   1643
-0.004001117636852943D0,-0.6244629748485527D0,                   0000353P   1644
0.6410260000000004D0,-0.004001123658400694D0,                    0000353P   1645
-0.6244629731411771D0,-0.6410259999999994D0,-0.0D0,0.0D0,0.0D0,  0000353P   1646
1.0D0;                                                           0000353P   1647
126,13,3,1,0,1,0,0.004038754620394314D0,0.004038754620394314D0,  0000355P   1648
0.004038754620394314D0,0.004038754620394314D0,                   0000355P   1649
0.2412479390957927D0,0.2412479390957927D0,0.3618719086436891D0,  0000355P   1650
0.3618719086436891D0,0.4824958781915855D0,0.4824958781915855D0,  0000355P   1651
0.6031198477394818D0,0.6031198477394818D0,0.7237438172873782D0,  0000355P   1652
0.7237438172873782D0,0.9649917563831709D0,0.9649917563831709D0,  0000355P   1653
0.9649917563831709D0,0.9649917563831709D0,1.0D0,1.0D0,1.0D0,     0000355P   1654
1.0D0,1.0D0,1.0D0,1.0D0,1.0D0,1.0D0,1.0D0,1.0D0,1.0D0,1.0D0,     0000355P   1655
1.0D0,0.6410260000000004D0,-0.004001123658400694D0,              0000355P   1656
-0.6244629731411771D0,0.6410260000000012D0,                      0000355P   1657
-0.08233339916746243D0,-0.6139215610212193D0,                    0000355P   1658
0.6410259999999993D0,-0.1606151221401422D0,                      0000355P   1659
-0.6017295148653375D0,0.641026D0,-0.276479287589165D0,           0000355P   1660
-0.5735203155776141D0,0.6410260000000003D0,                      0000355P   1661
-0.3153121114545821D0,-0.5622088778435859D0,                     0000355P   1662
0.6410260000000002D0,-0.3888381537371733D0,                      0000355P   1663
-0.5303190221970215D0,0.641026D0,-0.4246973982028304D0,          0000355P   1664
-0.5089578817105196D0,0.6410260000000001D0,                      0000355P   1665
-0.4716683015576485D0,-0.4424479239370665D0,                     0000355P   1666
0.6410260000000009D0,-0.4788476912570031D0,                      0000355P   1667
-0.4013398330934379D0,0.6410259999999998D0,                      0000355P   1668
-0.4868383236621073D0,-0.3216860905518475D0,                     0000355P   1669
0.6410260000000007D0,-0.4881703498947748D0,                      0000355P   1670
-0.2813588938915141D0,0.641026D0,-0.4922064865550815D0,          0000355P   1671
-0.160849960338032D0,0.6410260000000008D0,-0.4933693729651701D0, 0000355P   1672
-0.08040817691655278D0,0.6410260000000005D0,                     0000355P   1673
-0.4933980000000001D0,4.440892098500626D-16,                     0000355P   1674
0.004038754620394314D0,0.9649917563831709D0,1.0D0,0.0D0,0.0D0;   0000355P   1675
126,1,1,1,0,1,0,-1.282052D0,-1.282052D0,-0.6410259999999997D0,   0000357P   1676
-0.6410259999999997D0,1.0D0,1.0D0,0.6410260000000005D0,          0000357P   1677
-0.4933980000000001D0,4.440892098500626D-16,0.0D0,               0000357P   1678
-0.4933980000000001D0,4.440892098500626D-16,-1.282052D0,         0000357P   1679
-0.6410259999999997D0,0.0D0,0.0D0,1.0D0;                         0000357P   1680
102,4,351,353,355,357;                                           0000359P   1681
142,0,339,349,359,1;                                             0000361P   1682
144,339,1,0,361;                                                 0000363P   1683
128,4,10,2,3,0,0,0,0,0,0.0D0,0.0D0,0.0D0,0.5D0,0.5D0,1.0D0,      0000365P   1684
1.0D0,1.0D0,0.0D0,0.0D0,0.0D0,0.0D0,0.1215210426139862D0,        0000365P   1685
0.2158491363270824D0,0.3059653845716569D0,0.3895350481473102D0,  0000365P   1686
0.4725974961528077D0,0.5527763763571229D0,0.6341711036769193D0,  0000365P   1687
0.734422358284656D0,0.734422358284656D0,0.734422358284656D0,     0000365P   1688
0.734422358284656D0,1.0D0,0.7794702290543769D0,1.0D0,            0000365P   1689
0.7794702290543769D0,1.0D0,0.9999999999999988D0,                 0000365P   1690
0.7794852595152106D0,1.000019282918415D0,0.7794852595152106D0,   0000365P   1691
0.9999999999999988D0,1.000000000000001D0,0.7767266239118734D0,   0000365P   1692
0.9964801668617517D0,0.7767266239118734D0,1.000000000000001D0,   0000365P   1693
0.9999999999999988D0,0.7663718177661237D0,0.9831957516784911D0,  0000365P   1694
0.7663718177661237D0,0.9999999999999988D0,1.0D0,                 0000365P   1695
0.7543457668578035D0,0.9677672587610519D0,0.7543457668578035D0,  0000365P   1696
1.0D0,0.9999999999999985D0,0.7447737837639999D0,                 0000365P   1697
0.9554871449901693D0,0.7447737837639999D0,0.9999999999999985D0,  0000365P   1698
1.000000000000001D0,0.7484361279722021D0,0.9601856492712694D0,   0000365P   1699
0.7484361279722021D0,1.000000000000001D0,1.0D0,                  0000365P   1700
0.7690879654937975D0,0.9866803590777613D0,0.7690879654937975D0,  0000365P   1701
1.0D0,1.0D0,0.8000178756767848D0,1.026361040943585D0,            0000365P   1702
0.8000178756767848D0,1.0D0,1.0D0,0.8238503002491543D0,           0000365P   1703
1.05693619786944D0,0.8238503002491543D0,1.0D0,1.0D0,             0000365P   1704
0.8369233240187496D0,1.073707875968621D0,0.8369233240187496D0,   0000365P   1705
1.0D0,4.867015299907095D0,-0.02929744578926419D0,0.0D0,          0000365P   1706
4.890560865646789D0,-0.0241101936569294D0,1.369261704981965D-05, 0000365P   1707
4.890560865646788D0,4.596815434974376D-16,1.369261704981965D-05, 0000365P   1708
4.890560865646788D0,0.02411019365693033D0,1.369261704981965D-05, 0000365P   1709
4.867015299907094D0,0.0292974457892644D0,0.0D0,                  0000365P   1710
4.867018663828001D0,-0.02929709210728393D0,                      0000365P   1711
-0.04070035656019064D0,4.89056956867802D0,                       0000365P   1712
-0.02410943776322617D0,-0.04136854207228453D0,                   0000365P   1713
4.890569568664411D0,-8.025896835685567D-11,                      0000365P   1714
-0.04136854237869648D0,4.890569568650804D0,                      0000365P   1715
0.02410943760270823D0,-0.04136854268510843D0,                    0000365P   1716
4.867018663794929D0,0.02929709207632359D0,                       0000365P   1717
-0.04070035730487653D0,4.863940738991407D0,                      0000365P   1718
-0.02932641579343651D0,-0.112972619870493D0,4.887534953768979D0, 0000365P   1719
-0.02421928210748403D0,-0.1152311666970482D0,                    0000365P   1720
4.887534953791599D0,1.292915713146819D-10,-0.1152311661089079D0, 0000365P   1721
4.887534953814221D0,0.02421928236606717D0,-0.1152311655207675D0, 0000365P   1722
4.863940739046189D0,0.02932641584327807D0,-0.1129726184461693D0, 0000365P   1723
4.849998138301999D0,-0.02942723509121413D0,                      0000365P   1724
-0.2147753224205858D0,4.873739614452713D0,                       0000365P   1725
-0.02463090710157486D0,-0.2195714790525878D0,                    0000365P   1726
4.873739614426906D0,-9.208320656750203D-11,                      0000365P   1727
-0.2195714793734875D0,4.873739614401099D0,0.02463090691740844D0, 0000365P   1728
-0.2195714796943872D0,4.849998138240334D0,0.02942723505743929D0, 0000365P   1729
-0.2147753231873614D0,4.827170712073316D0,                       0000365P   1730
-0.02953391193540451D0,-0.3021985736243016D0,                    0000365P   1731
4.850561932085121D0,-0.02511429488591255D0,                      0000365P   1732
-0.3105594661655898D0,4.850561932125076D0,3.570301627374751D-11, 0000365P   1733
-0.3105594660285679D0,4.850561932165032D0,0.02511429495731859D0, 0000365P   1734
-0.310559465891546D0,4.827170712167289D0,0.02953391194726503D0,  0000365P   1735
-0.3021985733020317D0,4.78980991342022D0,-0.02960806761667487D0, 0000365P   1736
-0.3812308518868254D0,4.811277384311603D0,                       0000365P   1737
-0.02550093788277524D0,-0.3950305672401114D0,                    0000365P   1738
4.811277384253072D0,9.865228149132314D-11,-0.3950305671383847D0, 0000365P   1739
4.811277384194539D0,0.02550093808007981D0,-0.3950305670366579D0, 0000365P   1740
4.789809913284303D0,0.02960806765104555D0,-0.381230851650604D0,  0000365P   1741
4.733559682379413D0,-0.02958134368810583D0,                      0000365P   1742
-0.4447629867966034D0,4.749920806743071D0,                       0000365P   1743
-0.02535324918446567D0,-0.4641665664779602D0,                    0000365P   1744
4.749920806769927D0,6.257557380916496D-11,-0.4641665664199153D0, 0000365P   1745
4.749920806796784D0,0.02535324930961682D0,-0.4641665663618703D0, 0000365P   1746
4.733559682442084D0,0.0295813437051307D0,-0.4447629866611534D0,  0000365P   1747
4.662457573464473D0,-0.02940893115745334D0,-0.488780140001956D0, 0000365P   1748
4.673278570014118D0,-0.02452865285388633D0,                      0000365P   1749
-0.5103950327512872D0,4.67327856989017D0,9.375972798696379D-12,  0000365P   1750
-0.5103950327924537D0,4.673278569766222D0,0.02452865287263828D0, 0000365P   1751
-0.5103950328336203D0,4.662457573167254D0,0.02940893116820569D0, 0000365P   1752
-0.4887801401006704D0,4.579669623656384D0,                       0000365P   1753
-0.02908462169078629D0,-0.52020841044537D0,4.586889457792386D0,  0000365P   1754
-0.02332030363543149D0,-0.5416919025336242D0,                    0000365P   1755
4.586889457990503D0,-4.870315293827058D-11,                      0000365P   1756
-0.5416919025071437D0,4.586889458188621D0,0.02332030353802518D0, 0000365P   1757
-0.5416919024806632D0,4.579669624150561D0,0.0290846216591799D0,  0000365P   1758
-0.5202084103793182D0,4.520149793320583D0,                       0000365P   1759
-0.02876929096697138D0,-0.5344829167785267D0,                    0000365P   1760
4.525084468210211D0,-0.02240017051151654D0,                      0000365P   1761
-0.5554064619253041D0,4.525084467816821D0,1.301206061717191D-10, 0000365P   1762
-0.5554064619288224D0,4.52508446742343D0,0.02240017077175776D0,  0000365P   1763
-0.5554064619323407D0,4.520149792310095D0,0.0287692910434514D0,  0000365P   1764
-0.534482916787564D0,4.487179D0,-0.02857331385482268D0,          0000365P   1765
-0.5411498626415582D0,4.490927525505008D0,                       0000365P   1766
-0.02190006548069599D0,-0.5616688636038053D0,                    0000365P   1767
4.490927525505009D0,-7.896811814286506D-11,-0.561668863662406D0, 0000365P   1768
4.490927525505009D0,0.02190006532275975D0,-0.5616688637210067D0, 0000365P   1769
4.487179000000002D0,0.02857331380669773D0,-0.5411498627944722D0, 0000365P   1770
0.0D0,1.0D0,0.0D0,0.734422358284656D0;                           0000365P   1771
126,1,1,1,0,1,0,-0.500000001156503D0,-0.500000001156503D0,       0000367P   1772
-0.0D0,-0.0D0,1.0D0,1.0D0,0.5000000011565032D0,                  0000367P   1773
0.734422358284656D0,0.0D0,0.0D0,0.734422358284656D0,0.0D0,       0000367P   1774
-0.500000001156503D0,-0.0D0,0.0D0,0.0D0,1.0D0;                   0000367P   1775
126,1,1,1,0,1,0,-0.734422358284656D0,-0.734422358284656D0,       0000369P   1776
-0.0D0,-0.0D0,1.0D0,1.0D0,0.0D0,0.734422358284656D0,0.0D0,0.0D0, 0000369P   1777
0.0D0,0.0D0,-0.734422358284656D0,-0.0D0,0.0D0,0.0D0,1.0D0;       0000369P   1778
126,1,1,1,0,1,0,-1.0D0,-1.0D0,-0.5D0,-0.5D0,1.0D0,1.0D0,0.0D0,   0000371P   1779
0.0D0,0.0D0,0.499999999999994D0,0.0D0,0.0D0,-1.0D0,-0.5D0,0.0D0, 0000371P   1780
0.0D0,1.0D0;                                                     0000371P   1781
126,1,1,1,0,1,0,0.0D0,0.0D0,0.734422358284656D0,                 0000373P   1782
0.734422358284656D0,1.0D0,1.0D0,0.499999999999994D0,0.0D0,0.0D0, 0000373P   1783
0.5000000011565032D0,0.734422358284656D0,0.0D0,0.0D0,            0000373P   1784
0.734422358284656D0,0.0D0,0.0D0,1.0D0;                           0000373P   1785
102,4,367,369,371,373;                                           0000375P   1786
126,2,2,1,0,0,0,-0.500000001156503D0,-0.500000001156503D0,       0000377P   1787
-0.500000001156503D0,-0.0D0,-0.0D0,-0.0D0,1.0D0,                 0000377P   1788
0.8076860861871399D0,1.0D0,4.490927525505009D0,                  0000377P   1789
-1.590090681069661D-17,-0.5616688636624062D0,                    0000377P   1790
4.490927525515367D0,-0.02190006546225312D0,                      0000377P   1791
-0.5616688636605141D0,4.487179D0,-0.02857331385482268D0,         0000377P   1792
-0.5411498626415582D0,-0.500000001156503D0,-0.0D0,               0000377P   1793
0.9837193874532347D0,-0.0D0,0.1797113428491166D0;                0000377P   1794
126,10,3,1,0,1,0,-0.734422358284656D0,-0.734422358284656D0,      0000379P   1795
-0.734422358284656D0,-0.734422358284656D0,-0.6341711036769193D0, 0000379P   1796
-0.5527763763571229D0,-0.4725974961528077D0,                     0000379P   1797
-0.3895350481473102D0,-0.3059653845716569D0,                     0000379P   1798
-0.2158491363270824D0,-0.1215210426139862D0,-0.0D0,-0.0D0,       0000379P   1799
-0.0D0,-0.0D0,1.0D0,1.0D0,1.0D0,1.0D0,1.0D0,1.0D0,1.0D0,1.0D0,   0000379P   1800
1.0D0,1.0D0,1.0D0,4.487179D0,-0.02857331385482268D0,             0000379P   1801
-0.5411498626415582D0,4.520149793320583D0,                       0000379P   1802
-0.02876929096697138D0,-0.5344829167785267D0,                    0000379P   1803
4.579669623656386D0,-0.0290846216907863D0,-0.5202084104453703D0, 0000379P   1804
4.662457573464474D0,-0.02940893115745335D0,                      0000379P   1805
-0.4887801400019561D0,4.733559682379417D0,                       0000379P   1806
-0.02958134368810585D0,-0.4447629867966037D0,                    0000379P   1807
4.789809913420213D0,-0.02960806761667482D0,                      0000379P   1808
-0.3812308518868248D0,4.827170712073316D0,                       0000379P   1809
-0.02953391193540451D0,-0.3021985736243016D0,                    0000379P   1810
4.849998138301992D0,-0.0294272350912141D0,-0.2147753224205855D0, 0000379P   1811
4.863940738991412D0,-0.02932641579343654D0,                      0000379P   1812
-0.1129726198704931D0,4.867018663827995D0,                       0000379P   1813
-0.02929709210728389D0,-0.04070035656019059D0,                   0000379P   1814
4.867015299907095D0,-0.02929744578926419D0,0.0D0,                0000379P   1815
-0.734422358284656D0,-0.0D0,0.004131311892227797D0,              0000379P   1816
0.99998957455046D0,-0.001945007053778905D0;                      0000379P   1817
126,2,2,1,0,0,0,0.0D0,0.0D0,0.0D0,0.5D0,0.5D0,0.5D0,1.0D0,       0000381P   1818
0.7794702290543769D0,1.0D0,4.867015299907095D0,                  0000381P   1819
-0.02929744578926419D0,0.0D0,4.890560865646789D0,                0000381P   1820
-0.0241101936569294D0,1.369261704981965D-05,4.890560865646788D0, 0000381P   1821
4.596815434974376D-16,1.369261704981965D-05,0.0D0,0.5D0,         0000381P   1822
0.0005815368755999747D0,0.0D0,-0.9999998309074171D0;             0000381P   1823
126,24,3,1,0,0,0,0.0D0,0.0D0,0.0D0,0.0D0,0.1215210426139862D0,   0000383P   1824
0.1215210426139862D0,0.1215210426139862D0,0.2158491363270824D0,  0000383P   1825
0.2158491363270824D0,0.2158491363270824D0,0.3059653845716569D0,  0000383P   1826
0.3059653845716569D0,0.3059653845716569D0,0.3895350481473102D0,  0000383P   1827
0.3895350481473102D0,0.3895350481473102D0,0.4725974961528077D0,  0000383P   1828
0.4725974961528077D0,0.4725974961528077D0,0.5527763763571229D0,  0000383P   1829
0.5527763763571229D0,0.5527763763571229D0,0.6341711036769193D0,  0000383P   1830
0.6341711036769193D0,0.6341711036769193D0,0.734422358284656D0,   0000383P   1831
0.734422358284656D0,0.734422358284656D0,0.734422358284656D0,     0000383P   1832
1.0D0,1.000019282918415D0,0.9980267937175968D0,                  0000383P   1833
0.9941856034687496D0,0.9912039622157689D0,0.9871084219242272D0,  0000383P   1834
0.9823303690492622D0,0.9777656611021719D0,0.9725780296012698D0,  0000383P   1835
0.9678456479415811D0,0.9634570548641326D0,0.9594599700251096D0,  0000383P   1836
0.9582653839642231D0,0.9570780482932995D0,0.9586592958087735D0,  0000383P   1837
0.9640133448796101D0,0.9691815245969984D0,0.9778651021629623D0,  0000383P   1838
0.9882695697521402D0,0.9988318125793132D0,1.011167532930828D0,   0000383P   1839
1.024114843692987D0,1.015695887828156D0,1.007994152310547D0,     0000383P   1840
1.0D0,4.890560865646788D0,4.596815434974376D-16,                 0000383P   1841
1.369261704981965D-05,4.890569568664411D0,                       0000383P   1842
-8.025853818351183D-11,-0.04136854237869656D0,                   0000383P   1843
4.888863756480077D0,3.753360578073843D-11,                       0000383P   1844
-0.08288806587893034D0,4.885067296564163D0,                      0000383P   1845
4.008456285153287D-11,-0.1241153694824428D0,4.882100091503156D0, 0000383P   1846
4.207831832334578D-11,-0.1563374570623004D0,4.877841343754502D0, 0000383P   1847
-2.626212487150506D-11,-0.1885482684430442D0,                    0000383P   1848
4.871643386722597D0,-3.710778070925307D-11,                      0000383P   1849
-0.2204749049549125D0,4.865665596334146D0,-4.75681722365897D-11, 0000383P   1850
-0.2512674289904575D0,4.857867882344137D0,                       0000383P   1851
-4.576817865052174D-12,-0.2818786992298035D0,                    0000383P   1852
4.847031647465324D0,2.754488962583607D-11,-0.3118787356394702D0, 0000383P   1853
4.836887488305608D0,5.761508623134949D-11,-0.3399627655207314D0, 0000383P   1854
4.82409664179561D0,7.811102258332496D-11,-0.3674661210982635D0,  0000383P   1855
4.807235368815073D0,8.22616262480884D-11,-0.3930369710354043D0,  0000383P   1856
4.790434724520438D0,8.639730543792103D-11,-0.4185158749474197D0, 0000383P   1857
4.76978711531704D0,7.425681321825619D-11,-0.4417814017027816D0,  0000383P   1858
4.746071770881837D0,5.887401236560197D-11,-0.4614072705863312D0, 0000383P   1859
4.723428255167657D0,4.418644610288517D-11,-0.4801461369638926D0, 0000383P   1860
4.69831775794601D0,2.675650291205461D-11,-0.4952920907312626D0,  0000383P   1861
4.672125604146137D0,8.873411101546639D-12,-0.5078061240450352D0, 0000383P   1862
4.646094410696087D0,-8.899782579325091D-12,                      0000383P   1863
-0.5202432540542807D0,4.619166320242269D0,                       0000383P   1864
-2.700346833975918D-11,-0.5299987072597419D0,4.59167049062822D0, 0000383P   1865
1.782647658826429D-13,-0.5381619549913193D0,4.558745594422061D0, 0000383P   1866
3.272704593630025D-11,-0.5479370404511892D0,4.525084467816821D0, 0000383P   1867
1.301206075708149D-10,-0.5554064619288225D0,4.490927525505009D0, 0000383P   1868
-1.590090681069661D-17,-0.5616688636624062D0,0.0D0,              0000383P   1869
0.734422358284656D0,0.0D0,1.0D0,0.0D0;                           0000383P   1870
102,4,377,379,381,383;                                           0000385P   1871
142,0,365,375,385,1;                                             0000387P   1872
144,365,1,0,387;                                                 0000389P   1873
128,4,6,2,3,0,0,0,0,0,0.0D0,0.0D0,0.0D0,0.5D0,0.5D0,1.0D0,1.0D0, 0000391P   1874
1.0D0,0.0D0,0.0D0,0.0D0,0.0D0,0.1830608203285658D0,              0000391P   1875
0.3858504786309272D0,0.5878530667784924D0,0.7703922553257742D0,  0000391P   1876
0.7703922553257742D0,0.7703922553257742D0,0.7703922553257742D0,  0000391P   1877
1.0D0,0.8073622380346621D0,1.0D0,0.8073622380346621D0,1.0D0,     0000391P   1878
0.9999999999999993D0,0.8268082250715431D0,1.024085826808321D0,   0000391P   1879
0.8268082250715431D0,0.9999999999999993D0,1.000000000000001D0,   0000391P   1880
0.8691251282240358D0,1.076499602383834D0,0.8691251282240358D0,   0000391P   1881
1.000000000000001D0,1.0D0,0.9328800019832174D0,                  0000391P   1882
1.155466478410112D0,0.9328800019832174D0,1.0D0,                  0000391P   1883
0.9999999999999998D0,0.9919659469152965D0,1.228650412645022D0,   0000391P   1884
0.9919659469152965D0,0.9999999999999998D0,0.9999999999999996D0,  0000391P   1885
1.02621517031832D0,1.271071548771472D0,1.02621517031832D0,       0000391P   1886
0.9999999999999996D0,1.0D0,1.041310740011673D0,                  0000391P   1887
1.289768942558553D0,1.041310740011673D0,1.0D0,                   0000391P   1888
4.487178999999999D0,-0.02858334144185426D0,                      0000391P   1889
-0.5413328254281786D0,4.490451765053465D0,-0.0219253298690444D0, 0000391P   1890
-0.5619648389185669D0,4.490451765053466D0,                       0000391P   1891
-3.619364303284368D-16,-0.5619648389185669D0,                    0000391P   1892
4.490451765053467D0,0.02192532986904367D0,-0.561964838918567D0,  0000391P   1893
4.487179000000002D0,0.02858334144185423D0,-0.5413328254281788D0, 0000391P   1894
4.426757085543556D0,-0.02828331455115241D0,                      0000391P   1895
-0.5518321447045923D0,4.430681590829814D0,                       0000391P   1896
-0.02118493256954248D0,-0.5714148332819647D0,                    0000391P   1897
4.430681590662653D0,6.191101231105649D-11,-0.5714148332689047D0, 0000391P   1898
4.430681590495492D0,0.02118493269336451D0,-0.571414833255845D0,  0000391P   1899
4.426757085097213D0,0.02828331461022602D0,-0.5518321446697206D0, 0000391P   1900
4.29865867838282D0,-0.02751953328731795D0,-0.5683081355054032D0, 0000391P   1901
4.3048546818879D0,-0.01960922051742257D0,-0.5857466273488914D0,  0000391P   1902
4.304854681836511D0,-7.755099286683096D-11,                      0000391P   1903
-0.5857466273861898D0,4.30485468178512D0,0.01960922036232058D0,  0000391P   1904
-0.5857466274234882D0,4.298658678238579D0,0.02751953319793607D0, 0000391P   1905
-0.5683081356100921D0,4.102856488775703D0,                       0000391P   1906
-0.02595301322463335D0,-0.5843487972767242D0,4.10823812184496D0, 0000391P   1907
-0.01722913900063309D0,-0.5989084457389201D0,                    0000391P   1908
4.108238121862767D0,1.064357868217896D-10,-0.5989084456909366D0, 0000391P   1909
4.108238121880574D0,0.01722913921350466D0,-0.598908445642953D0,  0000391P   1910
4.10285648882935D0,0.02595301335547692D0,-0.5843487971321647D0,  0000391P   1911
3.907050099105276D0,-0.02403751792753482D0,                      0000391P   1912
-0.5952888597549431D0,3.910980437585294D0,                       0000391P   1913
-0.01500701900460049D0,-0.6071148266697739D0,                    0000391P   1914
3.910980437556615D0,-1.931759594308713D-10,                      0000391P   1915
-0.6071148267557559D0,3.910980437527936D0,0.01500701861824857D0, 0000391P   1916
-0.6071148268417378D0,3.907050099013402D0,0.02403751767598458D0, 0000391P   1917
-0.5952888600303865D0,3.778819604150832D0,                       0000391P   1918
-0.02263736396071996D0,-0.600471607995371D0,3.779982447479402D0, 0000391P   1919
-0.01366120437011235D0,-0.6107363461325563D0,                    0000391P   1920
3.779982447466953D0,3.293996507974693D-10,-0.6107363459889729D0, 0000391P   1921
3.779982447454505D0,0.01366120502891165D0,-0.6107363458453892D0, 0000391P   1922
3.778819604109576D0,0.02263736440353706D0,-0.6004716075195191D0, 0000391P   1923
3.717949000000002D0,-0.0219564999001285D0,-0.6026246356848966D0, 0000391P   1924
3.71817186634572D0,-0.0130582309498852D0,-0.6121791391418917D0,  0000391P   1925
3.718171866345719D0,-5.705693363921051D-10,                      0000391P   1926
-0.6121791393903134D0,3.71817186634572D0,0.01305822980874652D0,  0000391P   1927
-0.6121791396387352D0,3.717949000000002D0,0.02195649912252252D0, 0000391P   1928
-0.6026246365203041D0,0.0D0,1.0D0,0.0D0,0.7703922553257742D0;    0000391P   1929
126,1,1,1,0,1,0,-0.500000013529934D0,-0.500000013529934D0,       0000393P   1930
-0.0D0,-0.0D0,1.0D0,1.0D0,0.500000013529934D0,                   0000393P   1931
0.7703922553257742D0,0.0D0,0.0D0,0.7703922553257742D0,0.0D0,     0000393P   1932
-0.500000013529934D0,-0.0D0,0.0D0,0.0D0,1.0D0;                   0000393P   1933
126,1,1,1,0,1,0,-0.7703922553257742D0,-0.7703922553257742D0,     0000395P   1934
-0.0D0,-0.0D0,1.0D0,1.0D0,0.0D0,0.7703922553257742D0,0.0D0,      0000395P   1935
0.0D0,0.0D0,0.0D0,-0.7703922553257742D0,-0.0D0,0.0D0,0.0D0,      0000395P   1936
1.0D0;                                                           0000395P   1937
126,1,1,1,0,1,0,-1.0D0,-1.0D0,-0.5D0,-0.5D0,1.0D0,1.0D0,0.0D0,   0000397P   1938
0.0D0,0.0D0,0.5D0,0.0D0,0.0D0,-1.0D0,-0.5D0,0.0D0,0.0D0,1.0D0;   0000397P   1939
126,1,1,1,0,1,0,0.0D0,0.0D0,0.7703922553257742D0,                0000399P   1940
0.7703922553257742D0,1.0D0,1.0D0,0.5D0,0.0D0,0.0D0,              0000399P   1941
0.500000013529934D0,0.7703922553257742D0,0.0D0,0.0D0,            0000399P   1942
0.7703922553257742D0,0.0D0,0.0D0,1.0D0;                          0000399P   1943
102,4,393,395,397,399;                                           0000401P   1944
126,2,2,1,0,0,0,-0.500000013529934D0,-0.500000013529934D0,       0000403P   1945
-0.500000013529934D0,-0.0D0,-0.0D0,-0.0D0,1.0D0,                 0000403P   1946
0.9169051000978876D0,1.0D0,3.71817186634572D0,                   0000403P   1947
1.495015583083312D-18,-0.6121791393903135D0,3.718171866351512D0, 0000403P   1948
-0.01305823071865164D0,-0.6121791393901785D0,                    0000403P   1949
3.717949000000002D0,-0.0219564999001285D0,-0.6026246356848966D0, 0000403P   1950
-0.500000013529934D0,-0.0D0,0.9997280647031883D0,0.0D0,          0000403P   1951
0.02331944778115102D0;                                           0000403P   1952
126,6,3,1,0,1,0,-0.7703922553257742D0,-0.7703922553257742D0,     0000405P   1953
-0.7703922553257742D0,-0.7703922553257742D0,                     0000405P   1954
-0.5878530667784924D0,-0.3858504786309272D0,                     0000405P   1955
-0.1830608203285658D0,-0.0D0,-0.0D0,-0.0D0,-0.0D0,1.0D0,1.0D0,   0000405P   1956
1.0D0,1.0D0,1.0D0,1.0D0,1.0D0,3.717949000000002D0,               0000405P   1957
-0.0219564999001285D0,-0.6026246356848966D0,3.77881960415083D0,  0000405P   1958
-0.02263736396071995D0,-0.6004716079953708D0,                    0000405P   1959
3.907050099105275D0,-0.02403751792753481D0,-0.595288859754943D0, 0000405P   1960
4.102856488775704D0,-0.02595301322463336D0,                      0000405P   1961
-0.5843487972767244D0,4.298658678382824D0,                       0000405P   1962
-0.02751953328731798D0,-0.5683081355054038D0,                    0000405P   1963
4.426757085543553D0,-0.02828331455115239D0,-0.551832144704592D0, 0000405P   1964
4.487178999999999D0,-0.02858334144185426D0,                      0000405P   1965
-0.5413328254281786D0,-0.7703922553257742D0,-0.0D0,              0000405P   1966
0.01268765123561797D0,0.9985458449269837D0,                      0000405P   1967
-0.0523948383448167D0;                                           0000405P   1968
126,2,2,1,0,0,0,0.0D0,0.0D0,0.0D0,0.5D0,0.5D0,0.5D0,1.0D0,       0000407P   1969
0.8073622380346621D0,1.0D0,4.487178999999999D0,                  0000407P   1970
-0.02858334144185426D0,-0.5413328254281786D0,                    0000407P   1971
4.490451765053465D0,-0.0219253298690444D0,-0.5619648389185669D0, 0000407P   1972
4.490451765053466D0,-3.619364303284368D-16,                      0000407P   1973
-0.5619648389185669D0,0.0D0,0.5D0,-0.9876515156144863D0,-0.0D0,  0000407P   1974
-0.1566667919643741D0;                                           0000407P   1975
126,12,3,1,0,0,0,-0.0D0,-0.0D0,-0.0D0,-0.0D0,                    0000409P   1976
0.1830608306699752D0,0.1830608306699752D0,0.1830608306699752D0,  0000409P   1977
0.3858505004282608D0,0.3858505004282608D0,0.3858505004282608D0,  0000409P   1978
0.5878530999872873D0,0.5878530999872873D0,0.5878530999872873D0,  0000409P   1979
0.7703922553257742D0,0.7703922553257742D0,0.7703922553257742D0,  0000409P   1980
0.7703922553257742D0,1.0D0,1.024085826808321D0,                  0000409P   1981
1.048952735843695D0,1.073688620070062D0,1.101090340990292D0,     0000409P   1982
1.128331273651119D0,1.154584038838887D0,1.180734911414707D0,     0000409P   1983
1.205905272211663D0,1.229559475483437D0,1.149204399982204D0,     0000409P   1984
1.072742254442094D0,1.0D0,4.490451765053466D0,                   0000409P   1985
-3.619364303284368D-16,-0.5619648389185669D0,                    0000409P   1986
4.430681590662653D0,6.191084549139086D-11,-0.5714148332689051D0, 0000409P   1987
4.369417238973315D0,-5.99233668677573D-12,-0.5783928960960999D0, 0000409P   1988
4.30674385517952D0,-1.155586036785541D-11,-0.5840634565195075D0, 0000409P   1989
4.240603502002814D0,-1.742714733050407D-11,                      0000409P   1990
-0.5900477012883559D0,4.172697407357648D0,4.611697539559385D-11, 0000409P   1991
-0.5945934408721632D0,4.103364806926741D0,2.187039207986656D-11, 0000409P   1992
-0.5983146343389D0,4.037366492961151D0,-1.210144468866207D-12,   0000409P   1993
-0.6018568712262812D0,3.969722738926054D0,                       0000409P   1994
-1.039532148133871D-10,-0.6046710096169831D0,                    0000409P   1995
3.900959503497922D0,-2.565266185501365D-12,                      0000409P   1996
-0.6070101715035545D0,3.841058514720773D0,8.575574336392326D-11, 0000409P   1997
-0.6090478608159188D0,3.779982476128899D0,3.293995227024523D-10, 0000409P   1998
-0.6107363451965964D0,3.71817186634572D0,1.495015583083312D-18,  0000409P   1999
-0.6121791393903135D0,-0.0D0,0.7703922553257742D0,0.0D0,1.0D0,   0000409P   2000
0.0D0;                                                           0000409P   2001
102,4,403,405,407,409;                                           0000411P   2002
142,0,391,401,411,1;                                             0000413P   2003
144,391,1,0,413;                                                 0000415P   2004
128,4,5,2,3,0,0,0,0,0,0.0D0,0.0D0,0.0D0,0.5D0,0.5D0,1.0D0,1.0D0, 0000417P   2005
1.0D0,0.0D0,0.0D0,0.0D0,0.0D0,0.2435272099900123D0,              0000417P   2006
0.5126864125212394D0,1.025396945933037D0,1.025396945933037D0,    0000417P   2007
1.025396945933037D0,1.025396945933037D0,1.0D0,                   0000417P   2008
0.9173971259465285D0,1.0D0,0.9173971259465285D0,1.0D0,           0000417P   2009
0.9999999999999998D0,0.9342734991038471D0,1.018395929832357D0,   0000417P   2010
0.9342734991038471D0,0.9999999999999998D0,0.9999999999999992D0,  0000417P   2011
0.9669093964135213D0,1.053970378875897D0,0.9669093964135213D0,   0000417P   2012
0.9999999999999992D0,0.9999999999999986D0,1.019197556230299D0,   0000417P   2013
1.110966589500417D0,1.019197556230299D0,0.9999999999999986D0,    0000417P   2014
0.9999999999999997D0,1.04450054049955D0,1.13854786652169D0,      0000417P   2015
1.04450054049955D0,0.9999999999999997D0,1.0D0,                   0000417P   2016
1.056521478955503D0,1.151651176000178D0,1.056521478955503D0,     0000417P   2017
1.0D0,3.717949000000002D0,-0.02190595623899123D0,                0000417P   2018
-0.6028965819935579D0,3.718147854016414D0,                       0000417P   2019
-0.01301419973700612D0,-0.6123974524327116D0,3.71814785400602D0, 0000417P   2020
9.098088276460301D-11,-0.6123974523934523D0,3.718147853995626D0, 0000417P   2021
0.01301419991896789D0,-0.6123974523541932D0,3.717948999965012D0, 0000417P   2022
0.02190595636331389D0,-0.6028965818613927D0,3.636754685247547D0, 0000417P   2023
-0.02103661202866553D0,-0.6055227729368001D0,                    0000417P   2024
3.638360709552456D0,-0.01227197317921509D0,                      0000417P   2025
-0.6140660838410553D0,3.638360709549921D0,                       0000417P   2026
-4.817505486870238D-11,-0.6140660838619502D0,                    0000417P   2027
3.638360709547384D0,0.01227197308286498D0,-0.6140660838828449D0, 0000417P   2028
3.636754685238854D0,0.02103661196159657D0,-0.605522773008436D0,  0000417P   2029
3.465813217288805D0,-0.01912177351860196D0,                      0000417P   2030
-0.6102165575323721D0,3.469876655492321D0,                       0000417P   2031
-0.01077841789653731D0,-0.6169381369326302D0,                    0000417P   2032
3.469876655492034D0,2.271608265350502D-11,-0.6169381369228146D0, 0000417P   2033
3.469876655491748D0,0.01077841794196948D0,-0.6169381369129988D0, 0000417P   2034
3.46581321728779D0,0.01912177355133878D0,-0.6102165574975443D0,  0000417P   2035
3.12392088772788D0,-0.01513132535764357D0,-0.6169732994586186D0, 0000417P   2036
3.131018431310416D0,-0.008091540750330658D0,                     0000417P   2037
-0.6208073540857489D0,3.131018431311167D0,                       0000417P   2038
-1.642644426274636D-11,-0.6208073540928351D0,                    0000417P   2039
3.131018431311918D0,0.008091540717477769D0,                      0000417P   2040
-0.6208073540999211D0,3.123920887730688D0,0.01513132533268846D0, 0000417P   2041
-0.6169732994851208D0,2.863240662449615D0,                       0000417P   2042
-0.01215674115397141D0,-0.6198815997373679D0,                    0000417P   2043
2.865117845845886D0,-0.006343385854179742D0,                     0000417P   2044
-0.6223848066036715D0,2.865117845845213D0,7.677425984681555D-12, 0000417P   2045
-0.6223848066003617D0,2.86511784584454D0,0.006343385869534593D0, 0000417P   2046
-0.6223848065970519D0,2.863240662447037D0,0.0121567411659218D0,  0000417P   2047
-0.6198815997246823D0,2.692308D0,-0.01035841483238713D0,         0000417P   2048
-0.6212646754476153D0,2.692315707113836D0,                       0000417P   2049
-0.005343521954414963D0,-0.6231096732525395D0,                   0000417P   2050
2.692315707113835D0,5.503508861306841D-17,-0.6231096732525394D0, 0000417P   2051
2.692315707113836D0,0.005343521954415073D0,                      0000417P   2052
-0.6231096732525395D0,2.692308000000001D0,0.01035841483238735D0, 0000417P   2053
-0.6212646754476153D0,0.0D0,1.0D0,0.0D0,1.025396945933037D0;     0000417P   2054
126,1,1,1,0,1,0,-0.5D0,-0.5D0,-0.0D0,-0.0D0,1.0D0,1.0D0,0.5D0,   0000419P   2055
1.025396945933037D0,0.0D0,0.0D0,1.025396945933037D0,0.0D0,       0000419P   2056
-0.5D0,-0.0D0,0.0D0,0.0D0,1.0D0;                                 0000419P   2057
126,1,1,1,0,1,0,-1.025396945933037D0,-1.025396945933037D0,       0000421P   2058
-0.0D0,-0.0D0,1.0D0,1.0D0,0.0D0,1.025396945933037D0,0.0D0,0.0D0, 0000421P   2059
0.0D0,0.0D0,-1.025396945933037D0,-0.0D0,0.0D0,0.0D0,1.0D0;       0000421P   2060
126,1,1,1,0,1,0,-1.0D0,-1.0D0,-0.5000000019050892D0,             0000423P   2061
-0.5000000019050892D0,1.0D0,1.0D0,0.0D0,0.0D0,0.0D0,             0000423P   2062
0.4999999980949108D0,0.0D0,0.0D0,-1.0D0,-0.5000000019050892D0,   0000423P   2063
0.0D0,0.0D0,1.0D0;                                               0000423P   2064
126,1,1,1,0,1,0,0.0D0,0.0D0,1.025396945933037D0,                 0000425P   2065
1.025396945933037D0,1.0D0,1.0D0,0.4999999980949108D0,0.0D0,      0000425P   2066
0.0D0,0.5D0,1.025396945933037D0,0.0D0,0.0D0,1.025396945933037D0, 0000425P   2067
0.0D0,0.0D0,1.0D0;                                               0000425P   2068
102,4,419,421,423,425;                                           0000427P   2069
126,2,2,1,0,0,0,-0.5D0,-0.5D0,-0.5D0,-0.0D0,-0.0D0,-0.0D0,1.0D0, 0000429P   2070
0.9845048340635786D0,1.0D0,2.692315707113835D0,                  0000429P   2071
5.503508861306841D-17,-0.6231096732525394D0,2.692315707113835D0, 0000429P   2072
-0.005343521954414963D0,-0.6231096732525394D0,2.692308D0,        0000429P   2073
-0.01035841483238713D0,-0.6212646754476153D0,-0.5D0,-0.0D0,      0000429P   2074
0.0D0,0.1753559569199485D0,0.9845050981953771D0;                 0000429P   2075
126,5,3,1,0,1,0,-1.025396945933037D0,-1.025396945933037D0,       0000431P   2076
-1.025396945933037D0,-1.025396945933037D0,-0.5126864125212394D0, 0000431P   2077
-0.2435272099900123D0,-0.0D0,-0.0D0,-0.0D0,-0.0D0,1.0D0,1.0D0,   0000431P   2078
1.0D0,1.0D0,1.0D0,1.0D0,2.692308D0,-0.01035841483238713D0,       0000431P   2079
-0.6212646754476153D0,2.863240662449613D0,                       0000431P   2080
-0.01215674115397141D0,-0.6198815997373677D0,                    0000431P   2081
3.123920887727875D0,-0.01513132535764355D0,                      0000431P   2082
-0.6169732994586176D0,3.465813217288802D0,                       0000431P   2083
-0.01912177351860194D0,-0.6102165575323716D0,                    0000431P   2084
3.636754685247546D0,-0.02103661202866553D0,-0.6055227729368D0,   0000431P   2085
3.717949000000002D0,-0.02190595623899123D0,                      0000431P   2086
-0.6028965819935579D0,-1.025396945933037D0,-0.0D0,               0000431P   2087
0.01112626557020646D0,0.9998554668489693D0,0.0128550234029729D0; 0000431P   2088
126,2,2,1,0,0,0,0.0D0,0.0D0,0.0D0,0.4999999980949108D0,          0000433P   2089
0.4999999980949108D0,0.4999999980949108D0,1.0D0,                 0000433P   2090
0.9173971265499941D0,1.0D0,3.717949000000002D0,                  0000433P   2091
-0.02190595623899123D0,-0.6028965819935579D0,                    0000433P   2092
3.718147854015587D0,-0.0130141997739358D0,-0.6123974523932521D0, 0000433P   2093
3.71814785400602D0,-1.180204160585239D-18,-0.6123974523934525D0, 0000433P   2094
0.0D0,0.4999999980949108D0,-0.9997810377150922D0,0.0D0,          0000433P   2095
-0.02092550179407301D0;                                          0000433P   2096
126,9,3,1,0,0,0,0.0D0,0.0D0,0.0D0,0.0D0,0.2435272099900123D0,    0000435P   2097
0.2435272099900123D0,0.2435272099900123D0,0.5126864125212394D0,  0000435P   2098
0.5126864125212394D0,0.5126864125212394D0,1.025396945933037D0,   0000435P   2099
1.025396945933037D0,1.025396945933037D0,1.025396945933037D0,     0000435P   2100
1.0D0,1.018395929832357D0,1.035293873898987D0,                   0000435P   2101
1.050595051393243D0,1.06750672517422D0,1.082467813813935D0,      0000435P   2102
1.095547154203454D0,1.068948065684519D0,1.036264586835522D0,     0000435P   2103
1.0D0,3.71814785400602D0,-1.180204160585239D-18,                 0000435P   2104
-0.6123974523934525D0,3.63836070954992D0,-4.817505111332601D-11, 0000435P   2105
-0.6140660838619501D0,3.556886669763604D0,                       0000435P   2106
-1.389413272688876D-11,-0.615454926068162D0,3.474467831515208D0, 0000435P   2107
-8.937083210206134D-13,-0.6166323680379954D0,                    0000435P   2108
3.386122978463928D0,1.304146242573594D-11,-0.6178944695188225D0, 0000435P   2109
3.295990972615253D0,2.630049776031558D-12,-0.618923632394952D0,  0000435P   2110
3.205159199717779D0,-1.110703344911945D-12,                      0000435P   2111
-0.6197811312365371D0,3.038004394537991D0,                       0000435P   2112
-7.994691614774197D-12,-0.621359158916002D0,2.865117845845213D0, 0000435P   2113
7.677471849021401D-12,-0.6223848066003617D0,2.692315707113835D0, 0000435P   2114
5.503508861306841D-17,-0.6231096732525394D0,0.0D0,               0000435P   2115
1.025396945933037D0,-0.0D0,-1.0D0,-0.0D0;                        0000435P   2116
102,4,429,431,433,435;                                           0000437P   2117
142,0,417,427,437,1;                                             0000439P   2118
144,417,1,0,439;                                                 0000441P   2119
128,2,4,2,3,0,0,0,0,0,0.0D0,0.0D0,0.0D0,1.0D0,1.0D0,1.0D0,0.0D0, 0000443P   2120
0.0D0,0.0D0,0.0D0,0.512806233700606D0,1.025606505848572D0,       0000443P   2121
1.025606505848572D0,1.025606505848572D0,1.025606505848572D0,     0000443P   2122
1.0D0,0.9827187273703859D0,1.0D0,1.000000000000001D0,            0000443P   2123
0.9783449085217904D0,1.000000000000001D0,1.000000000000001D0,    0000443P   2124
0.9673278372117382D0,1.000000000000001D0,1.0D0,                  0000443P   2125
0.9496588757971716D0,1.0D0,1.0D0,0.9384621091764618D0,1.0D0,     0000443P   2126
1.666667000000001D0,0.005553150422351058D0,                      0000443P   2127
-0.6239587552967381D0,1.666667811593123D0,                       0000443P   2128
-2.964425478159536D-09,-0.6250047481857812D0,                    0000443P   2129
1.666667000000001D0,-0.005553156148056434D0,                     0000443P   2130
-0.6239587542182425D0,1.837606361748987D0,                       0000443P   2131
0.006249069843506984D0,-0.6236947451523691D0,                    0000443P   2132
1.838346960794636D0,1.862325479400396D-09,-0.6250079033122389D0, 0000443P   2133
1.837606361755048D0,-0.006249066231615701D0,                     0000443P   2134
-0.6236947457150777D0,2.17948450344272D0,0.007738629475270431D0, 0000443P   2135
-0.6230290612478573D0,2.183201973893036D0,                       0000443P   2136
-1.009010576355897D-09,-0.625017990270708D0,2.179484503426767D0, 0000443P   2137
-0.007738631474442905D0,-0.6230290611792405D0,                   0000443P   2138
2.521366610736278D0,0.009448124866180947D0,                      0000443P   2139
-0.6219517137697028D0,2.523343557010202D0,                       0000443P   2140
-3.449720597464371D-10,-0.6250483987713345D0,                    0000443P   2141
2.521366610754662D0,-0.009448125417202772D0,                     0000443P   2142
-0.6219517133120555D0,2.692308000000001D0,0.01036146766695092D0, 0000443P   2143
-0.621261906619667D0,2.692315903767468D0,1.500374466106383D-09,  0000443P   2144
-0.6250752290315674D0,2.692307999975457D0,                       0000443P   2145
-0.01036146502415796D0,-0.6212619075923471D0,0.0D0,1.0D0,0.0D0,  0000443P   2146
1.025606505848572D0;                                             0000443P   2147
126,1,1,1,0,1,0,-0.5000002600346517D0,-0.5000002600346517D0,     0000445P   2148
-0.0D0,-0.0D0,1.0D0,1.0D0,0.4999997399653483D0,0.0D0,0.0D0,      0000445P   2149
1.0D0,0.0D0,0.0D0,-0.5000002600346517D0,-0.0D0,0.0D0,0.0D0,      0000445P   2150
1.0D0;                                                           0000445P   2151
126,1,1,1,0,1,0,-1.025606505848572D0,-1.025606505848572D0,       0000447P   2152
-0.0D0,-0.0D0,1.0D0,1.0D0,1.0D0,0.0D0,0.0D0,1.0D0,               0000447P   2153
1.025606505848572D0,0.0D0,-1.025606505848572D0,-0.0D0,0.0D0,     0000447P   2154
0.0D0,1.0D0;                                                     0000447P   2155
126,1,1,1,0,1,0,-1.0D0,-1.0D0,-0.5000000658555694D0,             0000449P   2156
-0.5000000658555694D0,1.0D0,1.0D0,1.0D0,1.025606505848572D0,     0000449P   2157
0.0D0,0.5000000658555694D0,1.025606505848572D0,0.0D0,-1.0D0,     0000449P   2158
-0.5000000658555694D0,0.0D0,0.0D0,1.0D0;                         0000449P   2159
126,2,1,1,0,1,0,-1.025645428049218D0,-1.025645428049218D0,       0000451P   2160
-0.5128186796831517D0,-0.0D0,-0.0D0,1.0D0,1.0D0,1.0D0,           0000451P   2161
0.5000000658555694D0,1.025606505848572D0,0.0D0,                  0000451P   2162
0.4999998662028713D0,0.512806233700606D0,0.0D0,                  0000451P   2163
0.4999997399653483D0,0.0D0,0.0D0,-1.025645428049218D0,-0.0D0,    0000451P   2164
0.0D0,0.0D0,1.0D0;                                               0000451P   2165
102,4,445,447,449,451;                                           0000453P   2166
126,2,2,1,0,0,0,0.4999997399653483D0,0.4999997399653483D0,       0000455P   2167
0.4999997399653483D0,1.0D0,1.0D0,1.0D0,1.0D0,                    0000455P   2168
0.9956703042160749D0,1.0D0,1.66666740225966D0,0.0D0,             0000455P   2169
-0.624477193059655D0,1.666667402259871D0,                        0000455P   2170
-0.002800778608554923D0,-0.624477193059655D0,                    0000455P   2171
1.666667000000001D0,-0.005553156148056434D0,                     0000455P   2172
-0.6239587542182425D0,0.4999997399653483D0,1.0D0,0.0D0,          0000455P   2173
0.09295509509153423D0,0.995670302005902D0;                       0000455P   2174
126,4,3,1,0,1,0,0.0D0,0.0D0,0.0D0,0.0D0,0.512806233700606D0,     0000457P   2175
1.025606505848572D0,1.025606505848572D0,1.025606505848572D0,     0000457P   2176
1.025606505848572D0,1.0D0,1.0D0,1.0D0,1.0D0,1.0D0,               0000457P   2177
1.666667000000001D0,-0.005553156148056434D0,                     0000457P   2178
-0.6239587542182425D0,1.83760636175505D0,                        0000457P   2179
-0.006249066231615709D0,-0.6236947457150784D0,                   0000457P   2180
2.179484503426769D0,-0.007738631474442912D0,                     0000457P   2181
-0.6230290611792411D0,2.521366610754663D0,                       0000457P   2182
-0.009448125417202774D0,-0.6219517133120556D0,                   0000457P   2183
2.692307999975457D0,-0.01036146502415796D0,                      0000457P   2184
-0.6212619075923471D0,0.0D0,1.025606505848572D0,                 0000457P   2185
-0.004688049754129973D0,-0.9999890110343727D0,0.0D0;             0000457P   2186
126,2,2,1,0,0,0,-1.0D0,-1.0D0,-1.0D0,-0.5000000658555694D0,      0000459P   2187
-0.5000000658555694D0,-0.5000000658555694D0,1.0D0,               0000459P   2188
0.9844953340130445D0,1.0D0,2.692307999975458D0,                  0000459P   2189
-0.01036146502415796D0,-0.6212619075923472D0,                    0000459P   2190
2.692311826415128D0,-0.00534519859246145D0,                      0000459P   2191
-0.6231080397285211D0,2.692311826421978D0,8.948967677855657D-19, 0000459P   2192
-0.6231080397285067D0,-1.0D0,-0.5000000658555694D0,0.0D0,        0000459P   2193
-0.1754103878754509D0,-0.9844954016273433D0;                     0000459P   2194
126,6,3,1,0,0,0,-1.025645428049218D0,-1.025645428049218D0,       0000461P   2195
-1.025645428049218D0,-1.025645428049218D0,-0.5128186796831518D0, 0000461P   2196
-0.5128186796831518D0,-0.5128186796831518D0,-0.0D0,-0.0D0,       0000461P   2197
-0.0D0,-0.0D0,1.0D0,0.995352904672271D0,0.9895011923493825D0,    0000461P   2198
0.9828323906568849D0,0.9892757403305313D0,0.9949118535846797D0,  0000461P   2199
1.0D0,2.692311826421977D0,8.948967677855655D-19,                 0000461P   2200
-0.6231080397285066D0,2.522329478987832D0,                       0000461P   2201
-8.743540269455793D-10,-0.6234600773411804D0,                    0000461P   2202
2.351052775875167D0,-1.169923355699519D-09,                      0000461P   2203
-0.6237347757817581D0,2.179485805856628D0,2.004124223882681D-09, 0000461P   2204
-0.6239562133091064D0,2.009164192195228D0,2.316040923319583D-09, 0000461P   2205
-0.6241760434837554D0,1.837972689353982D0,3.524345308879052D-09, 0000461P   2206
-0.6243441373374644D0,1.66666740225966D0,0.0D0,                  0000461P   2207
-0.624477193059655D0,-1.025645428049218D0,-0.0D0,0.0D0,1.0D0,    0000461P   2208
0.0D0;                                                           0000461P   2209
102,4,455,457,459,461;                                           0000463P   2210
142,0,443,453,463,1;                                             0000465P   2211
144,443,1,0,465;                                                 0000467P   2212
128,2,3,2,3,0,0,0,0,0,0.0D0,0.0D0,0.0D0,1.0D0,1.0D0,1.0D0,0.0D0, 0000469P   2213
0.0D0,0.0D0,0.0D0,1.02563724595398D0,1.02563724595398D0,         0000469P   2214
1.02563724595398D0,1.02563724595398D0,1.0D0,                     0000469P   2215
0.9910663102352454D0,1.0D0,1.000000000000001D0,                  0000469P   2216
0.9889439000590532D0,1.000000000000001D0,0.9999999999999989D0,   0000469P   2217
0.9862682515856737D0,0.9999999999999989D0,1.0D0,                 0000469P   2218
0.982718415525807D0,1.0D0,0.6410260000000004D0,                  0000469P   2219
0.004001102413409327D0,-0.6244629793183476D0,                    0000469P   2220
0.6410261009921211D0,1.0858188772793D-09,-0.6250014166126814D0,  0000469P   2221
0.6410260000000004D0,-0.004001100280399727D0,                    0000469P   2222
-0.6244629796053915D0,0.9829060751873145D0,                      0000469P   2223
0.00447369960263682D0,-0.6243350880461548D0,                     0000469P   2224
0.9836158459397739D0,-1.964398944093233D-09,                     0000469P   2225
-0.6250020457133988D0,0.9829060751894487D0,                      0000469P   2226
-0.004473703444754542D0,-0.6243350874750908D0,                   0000469P   2227
1.32478636301042D0,0.004987419446822823D0,-0.6241737012584705D0, 0000469P   2228
1.325993568405242D0,1.762355952784185D-09,-0.6250029748826598D0, 0000469P   2229
1.324786363006134D0,-0.004987416018650878D0,                     0000469P   2230
-0.6241737018279719D0,1.666666999996778D0,                       0000469P   2231
0.005553202274484242D0,-0.6239587348736017D0,                    0000469P   2232
1.666667332194709D0,-7.82530898651034D-10,-0.6250047470503667D0, 0000469P   2233
1.666667D0,-0.005553203785919949D0,-0.6239587345889036D0,0.0D0,  0000469P   2234
1.0D0,0.0D0,1.02563724595398D0;                                  0000469P   2235
126,1,1,1,0,1,0,-0.4999998661229045D0,-0.4999998661229045D0,     0000471P   2236
-0.0D0,-0.0D0,1.0D0,1.0D0,0.5000001338770955D0,0.0D0,0.0D0,      0000471P   2237
1.0D0,0.0D0,0.0D0,-0.4999998661229045D0,-0.0D0,0.0D0,0.0D0,      0000471P   2238
1.0D0;                                                           0000471P   2239
126,1,1,1,0,1,0,-1.02563724595398D0,-1.02563724595398D0,-0.0D0,  0000473P   2240
-0.0D0,1.0D0,1.0D0,1.0D0,0.0D0,0.0D0,1.0D0,1.02563724595398D0,   0000473P   2241
0.0D0,-1.02563724595398D0,-0.0D0,0.0D0,0.0D0,1.0D0;              0000473P   2242
126,1,1,1,0,1,0,-1.0D0,-1.0D0,-0.4999999313582913D0,             0000475P   2243
-0.4999999313582913D0,1.0D0,1.0D0,1.0D0,1.02563724595398D0,      0000475P   2244
0.0D0,0.4999999313582913D0,1.02563724595398D0,0.0D0,-1.0D0,      0000475P   2245
-0.4999999313582913D0,0.0D0,0.0D0,1.0D0;                         0000475P   2246
126,1,1,1,0,1,0,-1.02563724595398D0,-1.02563724595398D0,-0.0D0,  0000477P   2247
-0.0D0,1.0D0,1.0D0,0.4999999313582913D0,1.02563724595398D0,      0000477P   2248
0.0D0,0.5000001338770955D0,0.0D0,0.0D0,-1.02563724595398D0,      0000477P   2249
-0.0D0,0.0D0,0.0D0,1.0D0;                                        0000477P   2250
102,4,471,473,475,477;                                           0000479P   2251
126,2,2,1,0,0,0,0.5000001338770955D0,0.5000001338770955D0,       0000481P   2252
0.5000001338770955D0,1.0D0,1.0D0,1.0D0,1.0D0,                    0000481P   2253
0.9977640790836556D0,1.0D0,0.6410260502694907D0,                 0000481P   2254
-2.178133730478128D-19,-0.6247309900839194D0,                    0000481P   2255
0.6410260502694771D0,-0.00200952637801063D0,                     0000481P   2256
-0.6247309900839195D0,0.6410260000000004D0,                      0000481P   2257
-0.004001100280399727D0,-0.6244629796053915D0,                   0000481P   2258
0.5000001338770955D0,1.0D0,0.0D0,0.06683442300219329D0,          0000481P   2259
0.9977640802824905D0;                                            0000481P   2260
126,3,3,1,0,1,0,0.0D0,0.0D0,0.0D0,0.0D0,1.02563724595398D0,      0000483P   2261
1.02563724595398D0,1.02563724595398D0,1.02563724595398D0,1.0D0,  0000483P   2262
1.0D0,1.0D0,1.0D0,0.6410260000000004D0,-0.004001100280399727D0,  0000483P   2263
-0.6244629796053915D0,0.9829060751894498D0,                      0000483P   2264
-0.004473703444754547D0,-0.6243350874750915D0,                   0000483P   2265
1.324786363006133D0,-0.004987416018650873D0,                     0000483P   2266
-0.6241737018279713D0,1.666667D0,-0.005553203785919949D0,        0000483P   2267
-0.6239587345889036D0,0.0D0,1.02563724595398D0,                  0000483P   2268
-0.001513299222927755D0,-0.9999988549620754D0,0.0D0;             0000483P   2269
126,2,2,1,0,0,0,-1.0D0,-1.0D0,-1.0D0,-0.4999999313582913D0,      0000485P   2270
-0.4999999313582913D0,-0.4999999313582913D0,1.0D0,               0000485P   2271
0.9956702292377876D0,1.0D0,1.666667000000001D0,                  0000485P   2272
-0.00555320378591995D0,-0.6239587345889036D0,                    0000485P   2273
1.666667164649655D0,-0.002800803056916652D0,                     0000485P   2274
-0.6244771823135266D0,1.66666716464882D0,6.561913163234402D-19,  0000485P   2275
-0.624477182313527D0,-1.0D0,-0.4999999313582913D0,0.0D0,         0000485P   2276
-0.09295588353814344D0,-0.9956702283967536D0;                    0000485P   2277
126,3,3,1,0,0,0,-1.02563724595398D0,-1.02563724595398D0,         0000487P   2278
-1.02563724595398D0,-1.02563724595398D0,-0.0D0,-0.0D0,-0.0D0,    0000487P   2279
-0.0D0,1.0D0,1.000388366321495D0,1.000334016887882D0,1.0D0,      0000487P   2280
1.666667164648821D0,6.561913163234406D-19,-0.6244771823135273D0, 0000487P   2281
1.325385629437346D0,1.410446945480744D-09,-0.6245854717273194D0, 0000487P   2282
0.9832589061528798D0,-2.236073853725636D-09,                     0000487P   2283
-0.6246667130163611D0,0.6410260502694906D0,                      0000487P   2284
-2.178133730478128D-19,-0.6247309900839194D0,                    0000487P   2285
-1.02563724595398D0,-0.0D0,0.0D0,1.0D0,0.0D0;                    0000487P   2286
102,4,481,483,485,487;                                           0000489P   2287
142,0,469,479,489,1;                                             0000491P   2288
144,469,1,0,491;                                                 0000493P   2289
128,3,1,3,1,0,0,1,0,0,0.0D0,0.0D0,0.0D0,0.0D0,                   0000495P   2290
0.631708993864408D0,0.631708993864408D0,0.631708993864408D0,     0000495P   2291
0.631708993864408D0,0.0D0,0.0D0,0.5251184690381778D0,            0000495P   2292
0.5251184690381778D0,1.0D0,1.0D0,1.0D0,1.0D0,1.0D0,1.0D0,1.0D0,  0000495P   2293
1.0D0,5.0D0,-4.336808689942018D-19,-0.625D0,5.000000000000004D0, 0000495P   2294
-1.357421119951852D-16,-0.4166677397652228D0,5.0D0,              0000495P   2295
5.117434254131581D-16,-0.208333791205116D0,5.0D0,                0000495P   2296
-4.336808689942018D-19,0.0D0,4.487179000000001D0,                0000495P   2297
-4.336808689942018D-19,-0.625D0,4.487178999999999D0,             0000495P   2298
-0.07332197133263146D0,-0.4253077355664852D0,                    0000495P   2299
4.487179000000005D0,-0.1130815113323899D0,-0.2128948462752078D0, 0000495P   2300
4.487179000000001D0,-0.112978D0,0.0D0,0.0D0,0.631708993864408D0, 0000495P   2301
0.0D0,0.5251184690381778D0;                                      0000495P   2302
126,1,1,1,0,1,0,0.1361736787656661D0,0.1361736787656661D0,       0000497P   2303
0.5251184690381778D0,0.5251184690381778D0,1.0D0,1.0D0,           0000497P   2304
0.631708993864408D0,0.1361736787656661D0,0.0D0,                  0000497P   2305
0.631708993864408D0,0.5251184690381778D0,0.0D0,                  0000497P   2306
0.1361736787656661D0,0.5251184690381778D0,0.0D0,0.0D0,1.0D0;     0000497P   2307
126,1,1,1,0,1,0,0.0D0,0.0D0,0.5440321425312553D0,                0000499P   2308
0.5440321425312553D0,1.0D0,1.0D0,0.631708993864408D0,            0000499P   2309
0.5251184690381778D0,0.0D0,0.08767685133315276D0,                0000499P   2310
0.5251184690381778D0,0.0D0,0.0D0,0.5440321425312553D0,0.0D0,     0000499P   2311
0.0D0,1.0D0;                                                     0000499P   2312
126,15,3,1,0,1,0,-0.734422358284656D0,-0.734422358284656D0,      0000501P   2313
-0.734422358284656D0,-0.734422358284656D0,-0.5510522033213031D0, 0000501P   2314
-0.5510522033213031D0,-0.5510522033213031D0,                     0000501P   2315
-0.4699182065323316D0,-0.4699182065323316D0,                     0000501P   2316
-0.4699182065323316D0,-0.3861890929550168D0,                     0000501P   2317
-0.3861890929550168D0,-0.3861890929550168D0,                     0000501P   2318
-0.2131811723051176D0,-0.2131811723051176D0,                     0000501P   2319
-0.2131811723051176D0,-0.0D0,-0.0D0,-0.0D0,-0.0D0,1.0D0,1.0D0,   0000501P   2320
1.0D0,1.0D0,1.0D0,1.0D0,1.0D0,1.0D0,1.0D0,1.0D0,1.0D0,1.0D0,     0000501P   2321
1.0D0,1.0D0,1.0D0,1.0D0,0.08767685133315276D0,                   0000501P   2322
0.5251184690381778D0,0.0D0,0.1000053947071375D0,                 0000501P   2323
0.4640515336884207D0,0.0D0,0.1157564871854316D0,                 0000501P   2324
0.4025892076966628D0,0.0D0,0.1430609000981866D0,                 0000501P   2325
0.3463365804020211D0,0.0D0,0.1551420162974446D0,                 0000501P   2326
0.3214470312646122D0,0.0D0,0.169484937996979D0,                  0000501P   2327
0.2975773902336877D0,0.0D0,0.18711033566034D0,                   0000501P   2328
0.276213187715471D0,0.0D0,0.2052994916394214D0,                  0000501P   2329
0.2541656390930459D0,0.0D0,0.2269844655075601D0,                 0000501P   2330
0.2347863679749127D0,0.0D0,0.2506446120844045D0,                 0000501P   2331
0.2188390791197317D0,0.0D0,0.2995331358802749D0,                 0000501P   2332
0.1858874907538697D0,0.0D0,0.3568546977725464D0,                 0000501P   2333
0.16758881706331D0,0.0D0,0.4148396413288947D0,                   0000501P   2334
0.1557754467289522D0,0.0D0,0.4862889610880915D0,                 0000501P   2335
0.1412189563249717D0,0.0D0,0.5587455120767479D0,                 0000501P   2336
0.1365092862758722D0,0.0D0,0.631708993864408D0,                  0000501P   2337
0.1361736787656661D0,0.0D0,-0.734422358284656D0,-0.0D0,0.0D0,    0000501P   2338
0.0D0,1.0D0;                                                     0000501P   2339
102,3,497,499,501;                                               0000503P   2340
126,1,1,1,0,1,0,0.1361736787656661D0,0.1361736787656661D0,       0000505P   2341
0.5251184690381778D0,0.5251184690381778D0,1.0D0,1.0D0,           0000505P   2342
4.867015299907095D0,-0.02929744578926419D0,0.0D0,                0000505P   2343
4.487179000000001D0,-0.112978D0,0.0D0,0.1361736787656661D0,      0000505P   2344
0.5251184690381778D0,0.0D0,0.0D0,1.0D0;                          0000505P   2345
126,3,3,1,0,1,0,-0.631708993864408D0,-0.631708993864408D0,       0000507P   2346
-0.631708993864408D0,-0.631708993864408D0,                       0000507P   2347
-0.08767685133315283D0,-0.08767685133315283D0,                   0000507P   2348
-0.08767685133315283D0,-0.08767685133315283D0,1.0D0,1.0D0,1.0D0, 0000507P   2349
1.0D0,4.487179000000001D0,-0.112978D0,0.0D0,4.487179000000004D0, 0000507P   2350
-0.1130671446733912D0,-0.1833465099878313D0,4.487179000000001D0, 0000507P   2351
-0.08359076827718318D0,-0.36633556341158D0,4.487179000000001D0,  0000507P   2352
-0.0285733138548227D0,-0.5411498626415582D0,                     0000507P   2353
-0.631708993864408D0,-0.08767685133315283D0,1.0D0,0.0D0,0.0D0;   0000507P   2354
126,10,3,1,0,1,0,-0.734422358284656D0,-0.734422358284656D0,      0000509P   2355
-0.734422358284656D0,-0.734422358284656D0,-0.6341711036769193D0, 0000509P   2356
-0.5527763763571229D0,-0.4725974961528077D0,                     0000509P   2357
-0.3895350481473102D0,-0.3059653845716569D0,                     0000509P   2358
-0.2158491363270824D0,-0.1215210426139862D0,-0.0D0,-0.0D0,       0000509P   2359
-0.0D0,-0.0D0,1.0D0,1.0D0,1.0D0,1.0D0,1.0D0,1.0D0,1.0D0,1.0D0,   0000509P   2360
1.0D0,1.0D0,1.0D0,4.487179D0,-0.02857331385482268D0,             0000509P   2361
-0.5411498626415582D0,4.520149793320583D0,                       0000509P   2362
-0.02876929096697138D0,-0.5344829167785267D0,                    0000509P   2363
4.579669623656386D0,-0.0290846216907863D0,-0.5202084104453703D0, 0000509P   2364
4.662457573464474D0,-0.02940893115745335D0,                      0000509P   2365
-0.4887801400019561D0,4.733559682379417D0,                       0000509P   2366
-0.02958134368810585D0,-0.4447629867966037D0,                    0000509P   2367
4.789809913420213D0,-0.02960806761667482D0,                      0000509P   2368
-0.3812308518868248D0,4.827170712073316D0,                       0000509P   2369
-0.02953391193540451D0,-0.3021985736243016D0,                    0000509P   2370
4.849998138301992D0,-0.0294272350912141D0,-0.2147753224205855D0, 0000509P   2371
4.863940738991412D0,-0.02932641579343654D0,                      0000509P   2372
-0.1129726198704931D0,4.867018663827995D0,                       0000509P   2373
-0.02929709210728389D0,-0.04070035656019059D0,                   0000509P   2374
4.867015299907095D0,-0.02929744578926419D0,0.0D0,                0000509P   2375
-0.734422358284656D0,-0.0D0,0.00413131189222794D0,               0000509P   2376
0.99998957455046D0,-0.001945007053778879D0;                      0000509P   2377
102,3,505,507,509;                                               0000511P   2378
142,0,495,503,511,1;                                             0000513P   2379
144,495,1,0,513;                                                 0000515P   2380
128,5,1,3,1,0,0,1,0,0,0.0D0,0.0D0,0.0D0,0.0D0,                   0000517P   2381
0.3317746791594897D0,0.3317746791594897D0,0.6635493583189793D0,  0000517P   2382
0.6635493583189793D0,0.6635493583189793D0,0.6635493583189793D0,  0000517P   2383
0.0D0,0.0D0,0.781034698807294D0,0.781034698807294D0,1.0D0,1.0D0, 0000517P   2384
1.0D0,1.0D0,1.0D0,1.0D0,1.0D0,1.0D0,1.0D0,1.0D0,1.0D0,1.0D0,     0000517P   2385
4.487179000000001D0,-0.112978D0,0.0D0,4.487178999999998D0,       0000517P   2386
-0.112996365156538D0,-0.1064063470312178D0,4.487179000000003D0,  0000517P   2387
-0.1031471088698068D0,-0.2127927521909823D0,4.487178999999998D0, 0000517P   2388
-0.06485627241420051D0,-0.4221134438233865D0,                    0000517P   2389
4.487179000000003D0,-0.036840872248846D0,-0.5251770296050768D0,  0000517P   2390
4.487179000000001D0,-4.336808689942018D-19,-0.625D0,3.717949D0,  0000517P   2391
-0.248257D0,0.0D0,3.717948999999998D0,-0.2483862390237329D0,     0000517P   2392
-0.1148262804029208D0,3.717949000000001D0,-0.2245836230703538D0, 0000517P   2393
-0.2293742645144501D0,3.717949D0,-0.1396184837947553D0,          0000517P   2394
-0.4420186865295168D0,3.717949000000005D0,                       0000517P   2395
-0.08292601657641435D0,-0.544903206671401D0,3.717949D0,          0000517P   2396
-4.336808689942018D-19,-0.625D0,0.0D0,0.6635493583189793D0,      0000517P   2397
0.0D0,0.781034698807294D0;                                       0000517P   2398
126,6,3,1,0,1,0,0.0D0,0.0D0,0.0D0,0.0D0,0.3861196167560569D0,    0000519P   2399
0.3861196167560569D0,0.3861196167560569D0,0.7703922553257742D0,  0000519P   2400
0.7703922553257742D0,0.7703922553257742D0,0.7703922553257742D0,  0000519P   2401
1.0D0,1.0D0,1.0D0,1.0D0,1.0D0,1.0D0,1.0D0,0.571644201354921D0,   0000519P   2402
0.0D0,0.0D0,0.5930441273592545D0,0.1292773141088861D0,0.0D0,     0000519P   2403
0.6046355787807115D0,0.2598426428130342D0,0.0D0,                 0000519P   2404
0.6135326679361091D0,0.3905259230706131D0,0.0D0,                 0000519P   2405
0.6223871984415992D0,0.5205840883185406D0,0.0D0,                 0000519P   2406
0.6285730816455367D0,0.6507590793915409D0,0.0D0,                 0000519P   2407
0.6334138869091419D0,0.781034698807294D0,0.0D0,0.0D0,            0000519P   2408
0.7703922553257742D0,0.0D0,0.0D0,1.0D0;                          0000519P   2409
126,1,1,1,0,1,0,0.03013547140983741D0,0.03013547140983741D0,     0000521P   2410
0.6635493583189793D0,0.6635493583189793D0,1.0D0,1.0D0,           0000521P   2411
0.6334138869091419D0,0.781034698807294D0,0.0D0,0.0D0,            0000521P   2412
0.781034698807294D0,0.0D0,0.03013547140983741D0,                 0000521P   2413
0.6635493583189793D0,0.0D0,0.0D0,1.0D0;                          0000521P   2414
126,1,1,1,0,1,0,0.0D0,0.0D0,0.781034698807294D0,                 0000523P   2415
0.781034698807294D0,1.0D0,1.0D0,0.0D0,0.781034698807294D0,0.0D0, 0000523P   2416
0.0D0,0.0D0,0.0D0,0.0D0,0.781034698807294D0,0.0D0,0.0D0,1.0D0;   0000523P   2417
126,1,1,1,0,1,0,0.0D0,0.0D0,0.5716442013549209D0,                0000525P   2418
0.5716442013549209D0,1.0D0,1.0D0,0.0D0,0.0D0,0.0D0,              0000525P   2419
0.571644201354921D0,0.0D0,0.0D0,0.0D0,0.5716442013549209D0,      0000525P   2420
0.0D0,0.0D0,1.0D0;                                               0000525P   2421
102,4,519,521,523,525;                                           0000527P   2422
126,6,3,1,0,1,0,0.0D0,0.0D0,0.0D0,0.0D0,0.1830608203285658D0,    0000529P   2423
0.3858504786309272D0,0.5878530667784924D0,0.7703922553257742D0,  0000529P   2424
0.7703922553257742D0,0.7703922553257742D0,0.7703922553257742D0,  0000529P   2425
1.0D0,1.0D0,1.0D0,1.0D0,1.0D0,1.0D0,1.0D0,4.487178999999999D0,   0000529P   2426
-0.02858334144185426D0,-0.5413328254281786D0,                    0000529P   2427
4.426757085543553D0,-0.02828331455115239D0,-0.551832144704592D0, 0000529P   2428
4.298658678382824D0,-0.02751953328731798D0,                      0000529P   2429
-0.5683081355054038D0,4.102856488775704D0,                       0000529P   2430
-0.02595301322463336D0,-0.5843487972767244D0,                    0000529P   2431
3.907050099105275D0,-0.02403751792753481D0,-0.595288859754943D0, 0000529P   2432
3.77881960415083D0,-0.02263736396071995D0,-0.6004716079953708D0, 0000529P   2433
3.717949000000002D0,-0.0219564999001285D0,-0.6026246356848966D0, 0000529P   2434
0.0D0,0.7703922553257742D0,0.01268765123561767D0,                0000529P   2435
0.9985458449269838D0,-0.05239483834481332D0;                     0000529P   2436
126,5,3,1,0,1,0,-0.6334138869091419D0,-0.6334138869091419D0,     0000531P   2437
-0.6334138869091419D0,-0.6334138869091419D0,                     0000531P   2438
-0.3317746791594897D0,-0.3317746791594897D0,-0.0D0,-0.0D0,       0000531P   2439
-0.0D0,-0.0D0,1.0D0,1.0D0,1.0D0,1.0D0,1.0D0,1.0D0,               0000531P   2440
3.717949000000002D0,-0.0219564999001285D0,-0.6026246356848964D0, 0000531P   2441
3.717949000000004D0,-0.09310766326133738D0,                      0000531P   2442
-0.5261846087717081D0,3.717949D0,-0.1434772239071099D0,          0000531P   2443
-0.4323613191916436D0,3.717949000000001D0,-0.2245836230703538D0, 0000531P   2444
-0.2293742645144501D0,3.717948999999998D0,-0.2483862390237329D0, 0000531P   2445
-0.1148262804029208D0,3.717949D0,-0.248257D0,0.0D0,              0000531P   2446
-0.6334138869091419D0,-0.0D0,1.0D0,0.0D0,0.0D0;                  0000531P   2447
126,1,1,1,0,1,0,-0.781034698807294D0,-0.781034698807294D0,       0000533P   2448
-0.0D0,-0.0D0,1.0D0,1.0D0,3.717949D0,-0.248257D0,0.0D0,          0000533P   2449
4.487179000000001D0,-0.112978D0,0.0D0,-0.781034698807294D0,      0000533P   2450
-0.0D0,0.0D0,0.0D0,1.0D0;                                        0000533P   2451
126,5,3,1,0,1,0,0.0D0,0.0D0,0.0D0,0.0D0,0.3317746791594897D0,    0000535P   2452
0.3317746791594897D0,0.5716442013549209D0,0.5716442013549209D0,  0000535P   2453
0.5716442013549209D0,0.5716442013549209D0,1.0D0,1.0D0,1.0D0,     0000535P   2454
1.0D0,1.0D0,1.0D0,4.487179000000001D0,-0.112978D0,0.0D0,         0000535P   2455
4.487178999999998D0,-0.112996365156538D0,-0.1064063470312178D0,  0000535P   2456
4.487179000000003D0,-0.1031471088698068D0,-0.2127927521909823D0, 0000535P   2457
4.487178999999999D0,-0.07015975932232271D0,                      0000535P   2458
-0.3931214015900286D0,4.487179D0,-0.05168136925746486D0,         0000535P   2459
-0.4679550572470841D0,4.487179000000002D0,                       0000535P   2460
-0.02858334144185426D0,-0.5413328254281786D0,0.0D0,              0000535P   2461
0.5716442013549209D0,1.0D0,0.0D0,0.0D0;                          0000535P   2462
102,4,529,531,533,535;                                           0000537P   2463
142,0,517,527,537,1;                                             0000539P   2464
144,517,1,0,539;                                                 0000541P   2465
128,7,1,3,1,0,0,1,0,0,0.0D0,0.0D0,0.0D0,0.0D0,                   0000543P   2466
0.367222827203366D0,0.367222827203366D0,0.550834240805049D0,     0000543P   2467
0.550834240805049D0,0.7344456544067319D0,0.7344456544067319D0,   0000543P   2468
0.7344456544067319D0,0.7344456544067319D0,0.0D0,0.0D0,           0000543P   2469
1.033518277768226D0,1.033518277768226D0,1.0D0,1.0D0,1.0D0,1.0D0, 0000543P   2470
1.0D0,1.0D0,1.0D0,1.0D0,1.0D0,1.0D0,1.0D0,1.0D0,1.0D0,1.0D0,     0000543P   2471
1.0D0,1.0D0,3.717949D0,-0.248257D0,0.0D0,3.717948999999993D0,    0000543P   2472
-0.2484466325681194D0,-0.1148973018964377D0,3.717949000000007D0, 0000543P   2473
-0.2244316813669771D0,-0.2292036041876422D0,3.717948999999999D0, 0000543P   2474
-0.1612101553391809D0,-0.3892451511610657D0,3.717949000000004D0, 0000543P   2475
-0.1359320110952155D0,-0.4410344961145918D0,3.717948999999995D0, 0000543P   2476
-0.07633494758108395D0,-0.5390686157588134D0,                    0000543P   2477
3.717949000000005D0,-0.04163949157330928D0,                      0000543P   2478
-0.5854018730260933D0,3.717949D0,-4.336808689942018D-19,         0000543P   2479
-0.625D0,2.692308000000001D0,-0.375617D0,0.0D0,                  0000543P   2480
2.692307999999993D0,-0.3757628870830481D0,-0.1301895737992487D0, 0000543P   2481
2.692308000000007D0,-0.3424794797806332D0,-0.2595184195707958D0, 0000543P   2482
2.692308D0,-0.2560340258562652D0,-0.4339697594243428D0,          0000543P   2483
2.692308000000001D0,-0.2195898837140218D0,-0.4893738416501252D0, 0000543P   2484
2.692307999999999D0,-0.1208516193420342D0,-0.5748143941342283D0, 0000543P   2485
2.692308000000002D0,-0.06112231102043082D0,                      0000543P   2486
-0.6033927019261398D0,2.692308000000001D0,                       0000543P   2487
-4.336808689942018D-19,-0.625D0,0.0D0,0.7344456544067319D0,      0000543P   2488
0.0D0,1.033518277768226D0;                                       0000543P   2489
126,3,3,1,0,1,0,0.0D0,0.0D0,0.0D0,0.0D0,1.025396945933037D0,     0000545P   2490
1.025396945933037D0,1.025396945933037D0,1.025396945933037D0,     0000545P   2491
1.0D0,1.0D0,1.0D0,1.0D0,0.7012649961230941D0,0.0D0,0.0D0,        0000545P   2492
0.712623646111936D0,0.3444107548816286D0,0.0D0,                  0000545P   2493
0.7192557645655864D0,0.6889595955673644D0,0.0D0,                 0000545P   2494
0.7240584109247793D0,1.033518277768226D0,0.0D0,0.0D0,            0000545P   2495
1.025396945933037D0,0.0D0,0.0D0,1.0D0;                           0000545P   2496
126,1,1,1,0,1,0,0.01038724348195275D0,0.01038724348195275D0,     0000547P   2497
0.7344456544067319D0,0.7344456544067319D0,1.0D0,1.0D0,           0000547P   2498
0.7240584109247793D0,1.033518277768226D0,0.0D0,0.0D0,            0000547P   2499
1.033518277768226D0,0.0D0,0.01038724348195275D0,                 0000547P   2500
0.7344456544067319D0,0.0D0,0.0D0,1.0D0;                          0000547P   2501
126,1,1,1,0,1,0,0.0D0,0.0D0,1.033518277768226D0,                 0000549P   2502
1.033518277768226D0,1.0D0,1.0D0,0.0D0,1.033518277768226D0,0.0D0, 0000549P   2503
0.0D0,0.0D0,0.0D0,0.0D0,1.033518277768226D0,0.0D0,0.0D0,1.0D0;   0000549P   2504
126,1,1,1,0,1,0,0.0D0,0.0D0,0.7012649961230942D0,                0000551P   2505
0.7012649961230942D0,1.0D0,1.0D0,0.0D0,0.0D0,0.0D0,              0000551P   2506
0.7012649961230941D0,0.0D0,0.0D0,0.0D0,0.7012649961230942D0,     0000551P   2507
0.0D0,0.0D0,1.0D0;                                               0000551P   2508
102,4,545,547,549,551;                                           0000553P   2509
126,5,3,1,0,1,0,0.0D0,0.0D0,0.0D0,0.0D0,0.2435272099900123D0,    0000555P   2510
0.5126864125212394D0,1.025396945933037D0,1.025396945933037D0,    0000555P   2511
1.025396945933037D0,1.025396945933037D0,1.0D0,1.0D0,1.0D0,1.0D0, 0000555P   2512
1.0D0,1.0D0,3.717949000000002D0,-0.02190595623899123D0,          0000555P   2513
-0.6028965819935579D0,3.636754685247546D0,                       0000555P   2514
-0.02103661202866553D0,-0.6055227729368D0,3.465813217288802D0,   0000555P   2515
-0.01912177351860194D0,-0.6102165575323716D0,                    0000555P   2516
3.123920887727875D0,-0.01513132535764355D0,                      0000555P   2517
-0.6169732994586176D0,2.863240662449613D0,                       0000555P   2518
-0.01215674115397141D0,-0.6198815997373677D0,2.692308D0,         0000555P   2519
-0.01035841483238713D0,-0.6212646754476153D0,0.0D0,              0000555P   2520
1.025396945933037D0,0.01112626557020658D0,0.9998554668489693D0,  0000555P   2521
0.01285502340296694D0;                                           0000555P   2522
126,7,3,1,0,1,0,-0.7240584109247794D0,-0.7240584109247794D0,     0000557P   2523
-0.7240584109247794D0,-0.7240584109247794D0,                     0000557P   2524
-0.550834240805049D0,-0.550834240805049D0,-0.367222827203366D0,  0000557P   2525
-0.367222827203366D0,-0.0D0,-0.0D0,-0.0D0,-0.0D0,1.0D0,1.0D0,    0000557P   2526
1.0D0,1.0D0,1.0D0,1.0D0,1.0D0,1.0D0,2.692308000000001D0,         0000557P   2527
-0.01035841483238713D0,-0.6212646754476153D0,                    0000557P   2528
2.692308000000002D0,-0.0678471534730993D0,-0.6001139848889638D0, 0000557P   2529
2.692307999999999D0,-0.1236445241318262D0,-0.5723976276476683D0, 0000557P   2530
2.692308000000001D0,-0.2195898837140218D0,-0.4893738416501252D0, 0000557P   2531
2.692308D0,-0.2560340258562652D0,-0.4339697594243428D0,          0000557P   2532
2.692308000000007D0,-0.3424794797806332D0,-0.2595184195707958D0, 0000557P   2533
2.692307999999993D0,-0.3757628870830481D0,-0.1301895737992487D0, 0000557P   2534
2.692308000000001D0,-0.375617D0,0.0D0,-0.7240584109247794D0,     0000557P   2535
-0.0D0,1.0D0,0.0D0,0.0D0;                                        0000557P   2536
126,1,1,1,0,1,0,-1.033518277768226D0,-1.033518277768226D0,       0000559P   2537
-0.0D0,-0.0D0,1.0D0,1.0D0,2.692308000000001D0,-0.375617D0,0.0D0, 0000559P   2538
3.717949D0,-0.248257D0,0.0D0,-1.033518277768226D0,-0.0D0,0.0D0,  0000559P   2539
0.0D0,1.0D0;                                                     0000559P   2540
126,7,3,1,0,1,0,0.0D0,0.0D0,0.0D0,0.0D0,0.367222827203366D0,     0000561P   2541
0.367222827203366D0,0.550834240805049D0,0.550834240805049D0,     0000561P   2542
0.7012649961230942D0,0.7012649961230942D0,0.7012649961230942D0,  0000561P   2543
0.7012649961230942D0,1.0D0,1.0D0,1.0D0,1.0D0,1.0D0,1.0D0,1.0D0,  0000561P   2544
1.0D0,3.717949D0,-0.248257D0,0.0D0,3.717948999999993D0,          0000561P   2545
-0.2484466325681194D0,-0.1148973018964377D0,3.717949000000007D0, 0000561P   2546
-0.2244316813669771D0,-0.2292036041876422D0,3.717948999999999D0, 0000561P   2547
-0.1612101553391809D0,-0.3892451511610657D0,3.717949000000004D0, 0000561P   2548
-0.1359320110952155D0,-0.4410344961145918D0,3.717948999999996D0, 0000561P   2549
-0.08171987916126465D0,-0.5302106788793863D0,                    0000561P   2550
3.717949000000002D0,-0.05401929710476632D0,-0.568568342392733D0, 0000561P   2551
3.717949000000002D0,-0.02190595623899116D0,                      0000561P   2552
-0.6028965819935579D0,0.0D0,0.7012649961230942D0,1.0D0,0.0D0,    0000561P   2553
0.0D0;                                                           0000561P   2554
102,4,555,557,559,561;                                           0000563P   2555
142,0,543,553,563,1;                                             0000565P   2556
144,543,1,0,565;                                                 0000567P   2557
128,13,1,3,1,0,0,1,0,0,0.0D0,0.0D0,0.0D0,0.0D0,                  0000569P   2558
0.2078838469466987D0,0.2078838469466987D0,0.311825770420048D0,   0000569P   2559
0.311825770420048D0,0.4157676938933973D0,0.4157676938933973D0,   0000569P   2560
0.5197096173667466D0,0.5197096173667466D0,0.623651540840096D0,   0000569P   2561
0.623651540840096D0,0.8315353877867946D0,0.8315353877867946D0,   0000569P   2562
0.8315353877867946D0,0.8315353877867946D0,-1.031442944363556D0,  0000569P   2563
-1.031442944363556D0,0.0D0,0.0D0,1.0D0,1.0D0,1.0D0,1.0D0,1.0D0,  0000569P   2564
1.0D0,1.0D0,1.0D0,1.0D0,1.0D0,1.0D0,1.0D0,1.0D0,1.0D0,1.0D0,     0000569P   2565
1.0D0,1.0D0,1.0D0,1.0D0,1.0D0,1.0D0,1.0D0,1.0D0,1.0D0,1.0D0,     0000569P   2566
1.0D0,1.0D0,1.0D0,2.692308000000001D0,-0.375617D0,0.0D0,         0000569P   2567
2.692307999999998D0,-0.375650365796619D0,-0.06503002003857494D0, 0000569P   2568
2.692307999999999D0,-0.3674300517009513D0,-0.1300009748722721D0, 0000569P   2569
2.692308000000002D0,-0.3441223924917559D0,-0.2246939700364625D0, 0000569P   2570
2.692308D0,-0.3345787428422281D0,-0.2558215820793623D0,          0000569P   2571
2.692308D0,-0.3122138830887403D0,-0.3168686381258092D0,          0000569P   2572
2.692307999999998D0,-0.2994414687856431D0,-0.3468223974649609D0, 0000569P   2573
2.692308000000001D0,-0.2704036714661172D0,-0.4049847779846343D0, 0000569P   2574
2.692308D0,-0.2541232446511988D0,-0.4332372102729492D0,          0000569P   2575
2.692307999999999D0,-0.2164152241868214D0,-0.4862240378161595D0, 0000569P   2576
2.692308000000001D0,-0.1947673207599558D0,-0.5107119259570614D0, 0000569P   2577
2.692308D0,-0.1209106009410402D0,-0.5748246808993853D0,          0000569P   2578
2.692307999999998D0,-0.06109801736319842D0,                      0000569P   2579
-0.6033888776082701D0,2.692308000000001D0,                       0000569P   2580
-4.336808689942018D-19,-0.625D0,1.666667D0,-0.454321D0,0.0D0,    0000569P   2581
1.666666999999996D0,-0.454325663120362D0,-0.07357211508693329D0, 0000569P   2582
1.666667000000002D0,-0.4483898904156723D0,-0.1471428117229396D0, 0000569P   2583
1.666667000000001D0,-0.4308841416987037D0,-0.2560902026628478D0, 0000569P   2584
1.666666999999998D0,-0.4237322582204461D0,-0.2922289147722896D0, 0000569P   2585
1.666667000000001D0,-0.4056083144702021D0,-0.3634873610858267D0, 0000569P   2586
1.666667D0,-0.3948138549661922D0,-0.3988797297997797D0,          0000569P   2587
1.666666999999999D0,-0.3625816511306182D0,-0.4650767157984279D0, 0000569P   2588
1.666667D0,-0.3392714258615613D0,-0.494706395194509D0,           0000569P   2589
1.666667D0,-0.2808631377884645D0,-0.5396890142679025D0,          0000569P   2590
1.666667000000002D0,-0.2475628579335423D0,-0.5561663254743809D0, 0000569P   2591
1.666667000000001D0,-0.1445261248157704D0,-0.5957652144299064D0, 0000569P   2592
1.666667D0,-0.07222750465801879D0,-0.6115167398530594D0,         0000569P   2593
1.666667D0,-4.336808689942018D-19,-0.625D0,0.0D0,                0000569P   2594
0.8315353877867946D0,-1.031442944363556D0,0.0D0;                 0000569P   2595
126,1,1,1,0,1,0,0.0053275882030972D0,0.0053275882030972D0,       0000571P   2596
0.8315353877867946D0,0.8315353877867946D0,1.0D0,1.0D0,           0000571P   2597
0.8262077995836974D0,0.0D0,0.0D0,0.0D0,0.0D0,0.0D0,              0000571P   2598
0.0053275882030972D0,0.8315353877867946D0,0.0D0,0.0D0,1.0D0;     0000571P   2599
126,1,1,1,0,1,0,-1.031442944363556D0,-1.031442944363556D0,0.0D0, 0000573P   2600
0.0D0,1.0D0,1.0D0,0.0D0,0.0D0,0.0D0,0.0D0,-1.031442944363556D0,  0000573P   2601
0.0D0,-1.031442944363556D0,0.0D0,0.0D0,0.0D0,1.0D0;              0000573P   2602
126,1,1,1,0,1,0,0.0D0,0.0D0,0.8197679564718475D0,                0000575P   2603
0.8197679564718475D0,1.0D0,1.0D0,0.0D0,-1.031442944363556D0,     0000575P   2604
0.0D0,0.8197679564718474D0,-1.031442944363556D0,0.0D0,0.0D0,     0000575P   2605
0.8197679564718475D0,0.0D0,0.0D0,1.0D0;                          0000575P   2606
126,3,3,1,0,1,0,-1.025606505848572D0,-1.025606505848572D0,       0000577P   2607
-1.025606505848572D0,-1.025606505848572D0,-0.0D0,-0.0D0,-0.0D0,  0000577P   2608
-0.0D0,1.0D0,1.0D0,1.0D0,1.0D0,0.8197679564718474D0,             0000577P   2609
-1.031442944363556D0,0.0D0,0.8225634634836893D0,                 0000577P   2610
-0.6876330584333056D0,0.0D0,0.8245945080831215D0,                0000577P   2611
-0.3438173382495877D0,0.0D0,0.8262077995836974D0,0.0D0,0.0D0,    0000577P   2612
-1.025606505848572D0,-0.0D0,0.0D0,0.0D0,1.0D0;                   0000577P   2613
102,4,571,573,575,577;                                           0000579P   2614
126,13,3,1,0,1,0,-0.8262077995836974D0,-0.8262077995836974D0,    0000581P   2615
-0.8262077995836974D0,-0.8262077995836974D0,                     0000581P   2616
-0.623651540840096D0,-0.623651540840096D0,-0.5197096173667466D0, 0000581P   2617
-0.5197096173667466D0,-0.4157676938933973D0,                     0000581P   2618
-0.4157676938933973D0,-0.311825770420048D0,-0.311825770420048D0, 0000581P   2619
-0.2078838469466987D0,-0.2078838469466987D0,-0.0D0,-0.0D0,       0000581P   2620
-0.0D0,-0.0D0,1.0D0,1.0D0,1.0D0,1.0D0,1.0D0,1.0D0,1.0D0,1.0D0,   0000581P   2621
1.0D0,1.0D0,1.0D0,1.0D0,1.0D0,1.0D0,1.666667000000001D0,         0000581P   2622
-0.005553156148056435D0,-0.6239587542182424D0,1.666667D0,        0000581P   2623
-0.07593083236586015D0,-0.6107023953940806D0,                    0000581P   2624
1.666667000000001D0,-0.1462865222425272D0,-0.5950886617082662D0, 0000581P   2625
1.666667000000002D0,-0.2475628579335423D0,-0.5561663254743809D0, 0000581P   2626
1.666667D0,-0.2808631377884645D0,-0.5396890142679025D0,          0000581P   2627
1.666667D0,-0.3392714258615613D0,-0.494706395194509D0,           0000581P   2628
1.666666999999999D0,-0.3625816511306182D0,-0.4650767157984279D0, 0000581P   2629
1.666667D0,-0.3948138549661922D0,-0.3988797297997797D0,          0000581P   2630
1.666667000000001D0,-0.4056083144702021D0,-0.3634873610858267D0, 0000581P   2631
1.666666999999998D0,-0.4237322582204461D0,-0.2922289147722896D0, 0000581P   2632
1.666667000000001D0,-0.4308841416987037D0,-0.2560902026628478D0, 0000581P   2633
1.666667000000002D0,-0.4483898904156723D0,-0.1471428117229396D0, 0000581P   2634
1.666666999999996D0,-0.454325663120362D0,-0.07357211508693329D0, 0000581P   2635
1.666667D0,-0.454321D0,0.0D0,-0.8262077995836974D0,-0.0D0,1.0D0, 0000581P   2636
0.0D0,0.0D0;                                                     0000581P   2637
126,1,1,1,0,1,0,-0.0D0,-0.0D0,1.031442944363556D0,               0000583P   2638
1.031442944363556D0,1.0D0,1.0D0,1.666667D0,-0.454321D0,0.0D0,    0000583P   2639
2.692308000000001D0,-0.375617D0,0.0D0,-0.0D0,                    0000583P   2640
1.031442944363556D0,0.0D0,0.0D0,1.0D0;                           0000583P   2641
126,13,3,1,0,1,0,0.0D0,0.0D0,0.0D0,0.0D0,0.2078838469466987D0,   0000585P   2642
0.2078838469466987D0,0.311825770420048D0,0.311825770420048D0,    0000585P   2643
0.4157676938933973D0,0.4157676938933973D0,0.5197096173667466D0,  0000585P   2644
0.5197096173667466D0,0.623651540840096D0,0.623651540840096D0,    0000585P   2645
0.8197679564718475D0,0.8197679564718475D0,0.8197679564718475D0,  0000585P   2646
0.8197679564718475D0,1.0D0,1.0D0,1.0D0,1.0D0,1.0D0,1.0D0,1.0D0,  0000585P   2647
1.0D0,1.0D0,1.0D0,1.0D0,1.0D0,1.0D0,1.0D0,2.692308000000001D0,   0000585P   2648
-0.375617D0,0.0D0,2.692307999999998D0,-0.375650365796619D0,      0000585P   2649
-0.06503002003857494D0,2.692307999999999D0,                      0000585P   2650
-0.3674300517009513D0,-0.1300009748722721D0,2.692308000000002D0, 0000585P   2651
-0.3441223924917559D0,-0.2246939700364625D0,2.692308D0,          0000585P   2652
-0.3345787428422281D0,-0.2558215820793623D0,2.692308D0,          0000585P   2653
-0.3122138830887403D0,-0.3168686381258092D0,2.692307999999998D0, 0000585P   2654
-0.2994414687856431D0,-0.3468223974649609D0,2.692308000000001D0, 0000585P   2655
-0.2704036714661172D0,-0.4049847779846343D0,2.692308D0,          0000585P   2656
-0.2541232446511988D0,-0.4332372102729492D0,2.692307999999999D0, 0000585P   2657
-0.2164152241868214D0,-0.4862240378161595D0,2.692308000000001D0, 0000585P   2658
-0.1947673207599558D0,-0.5107119259570614D0,2.692308D0,          0000585P   2659
-0.1236977467130065D0,-0.5724052450741181D0,2.692307999999998D0, 0000585P   2660
-0.06783561171087586D0,-0.6001096510090237D0,                    0000585P   2661
2.692308000000001D0,-0.0103614650241124D0,-0.6212619075923129D0, 0000585P   2662
0.0D0,0.8197679564718475D0,1.0D0,0.0D0,0.0D0;                    0000585P   2663
126,4,3,1,0,1,0,-1.025606505848572D0,-1.025606505848572D0,       0000587P   2664
-1.025606505848572D0,-1.025606505848572D0,-0.512806233700606D0,  0000587P   2665
-0.0D0,-0.0D0,-0.0D0,-0.0D0,1.0D0,1.0D0,1.0D0,1.0D0,1.0D0,       0000587P   2666
2.692307999975457D0,-0.01036146502415796D0,                      0000587P   2667
-0.6212619075923471D0,2.521366610754663D0,                       0000587P   2668
-0.009448125417202774D0,-0.6219517133120556D0,                   0000587P   2669
2.179484503426769D0,-0.007738631474442912D0,                     0000587P   2670
-0.6230290611792411D0,1.83760636175505D0,                        0000587P   2671
-0.006249066231615709D0,-0.6236947457150784D0,                   0000587P   2672
1.666667000000001D0,-0.005553156148056434D0,                     0000587P   2673
-0.6239587542182425D0,-1.025606505848572D0,-0.0D0,               0000587P   2674
0.004071059523966048D0,0.9999917132028406D0,0.0D0;               0000587P   2675
102,4,581,583,585,587;                                           0000589P   2676
142,0,569,579,589,1;                                             0000591P   2677
144,569,1,0,591;                                                 0000593P   2678
128,13,1,3,1,0,0,1,0,0,0.0D0,0.0D0,0.0D0,0.0D0,                  0000595P   2679
0.2309814939005527D0,0.2309814939005527D0,0.3464722408508291D0,  0000595P   2680
0.3464722408508291D0,0.4619629878011055D0,0.4619629878011055D0,  0000595P   2681
0.5774537347513818D0,0.5774537347513818D0,0.6929444817016581D0,  0000595P   2682
0.6929444817016581D0,0.9239259756022109D0,0.9239259756022109D0,  0000595P   2683
0.9239259756022109D0,0.9239259756022109D0,0.0D0,0.0D0,           0000595P   2684
1.029133863083529D0,1.029133863083529D0,1.0D0,1.0D0,1.0D0,1.0D0, 0000595P   2685
1.0D0,1.0D0,1.0D0,1.0D0,1.0D0,1.0D0,1.0D0,1.0D0,1.0D0,1.0D0,     0000595P   2686
1.0D0,1.0D0,1.0D0,1.0D0,1.0D0,1.0D0,1.0D0,1.0D0,1.0D0,1.0D0,     0000595P   2687
1.0D0,1.0D0,1.0D0,1.0D0,1.666667D0,-0.454321D0,0.0D0,            0000595P   2688
1.666666999999996D0,-0.4543255444428447D0,                       0000595P   2689
-0.07357207400474053D0,1.666667000000006D0,-0.448390298310184D0, 0000595P   2690
-0.1471400349919008D0,1.666666999999999D0,-0.430883735757253D0,  0000595P   2691
-0.2560924354227034D0,1.666667000000003D0,-0.4237326899546211D0, 0000595P   2692
-0.2922266103074045D0,1.666666999999999D0,-0.4056083738233466D0, 0000595P   2693
-0.3634878421650807D0,1.666667000000002D0,-0.3948126260587798D0, 0000595P   2694
-0.3988825529898696D0,1.666667D0,-0.362582573409086D0,           0000595P   2695
-0.4650751423421329D0,1.666667000000001D0,-0.3392704412780718D0, 0000595P   2696
-0.4947078602339619D0,1.666667000000001D0,-0.2808618807224628D0, 0000595P   2697
-0.5396894399210845D0,1.666667D0,-0.2475643687321939D0,          0000595P   2698
-0.5561657040240107D0,1.666667000000003D0,-0.1445237749030019D0, 0000595P   2699
-0.595765948189712D0,1.666667D0,-0.07222919959253564D0,          0000595P   2700
-0.6115162669750405D0,1.666667000000001D0,4.336808689942018D-19, 0000595P   2701
-0.6249999999999996D0,0.6410260000000004D0,-0.493398D0,0.0D0,    0000595P   2702
0.6410259999999985D0,-0.4933693349751422D0,                      0000595P   2703
-0.08041025067732122D0,0.6410260000000025D0,                     0000595P   2704
-0.4922065520912307D0,-0.1608466312582424D0,                     0000595P   2705
0.6410260000000004D0,-0.4881703462371557D0,                      0000595P   2706
-0.2813593631180211D0,0.6410260000000005D0,                      0000595P   2707
-0.4868383579303339D0,-0.3216845809129829D0,                     0000595P   2708
0.6410260000000017D0,-0.4788479790630145D0,                      0000595P   2709
-0.4013383903978431D0,0.6410260000000005D0,                      0000595P   2710
-0.4716684610116433D0,-0.4424476019134453D0,0.641026000000001D0, 0000595P   2711
-0.4246978789326746D0,-0.5089574774749388D0,                     0000595P   2712
0.6410260000000011D0,-0.3888385348866533D0,                      0000595P   2713
-0.5303186959565951D0,0.6410260000000011D0,                      0000595P   2714
-0.3153143886060898D0,-0.5622082000964079D0,                     0000595P   2715
0.6410260000000005D0,-0.2764765332428864D0,                      0000595P   2716
-0.5735211125465294D0,0.641026000000002D0,-0.1593098382283913D0, 0000595P   2717
-0.6020472558853589D0,0.6410260000000009D0,                      0000595P   2718
-0.07966970079528721D0,-0.6143345921151859D0,                    0000595P   2719
0.6410260000000005D0,4.336808689942018D-19,                      0000595P   2720
-0.6249999999999996D0,0.0D0,0.9239259756022109D0,0.0D0,          0000595P   2721
1.029133863083529D0;                                             0000595P   2722
126,1,1,1,0,1,0,0.003866745980203313D0,0.003866745980203313D0,   0000597P   2723
0.9239259756022109D0,0.9239259756022109D0,1.0D0,1.0D0,           0000597P   2724
0.9200592296220076D0,1.029133863083529D0,0.0D0,0.0D0,            0000597P   2725
1.029133863083529D0,0.0D0,0.003866745980203313D0,                0000597P   2726
0.9239259756022109D0,0.0D0,0.0D0,1.0D0;                          0000597P   2727
126,1,1,1,0,1,0,0.0D0,0.0D0,1.029133863083529D0,                 0000599P   2728
1.029133863083529D0,1.0D0,1.0D0,0.0D0,1.029133863083529D0,0.0D0, 0000599P   2729
0.0D0,0.0D0,0.0D0,0.0D0,1.029133863083529D0,0.0D0,0.0D0,1.0D0;   0000599P   2730
126,1,1,1,0,1,0,0.0D0,0.0D0,0.9180065237543821D0,                0000601P   2731
0.9180065237543821D0,1.0D0,1.0D0,0.0D0,0.0D0,0.0D0,              0000601P   2732
0.918006523754382D0,0.0D0,0.0D0,0.0D0,0.9180065237543821D0,      0000601P   2733
0.0D0,0.0D0,1.0D0;                                               0000601P   2734
126,3,3,1,0,1,0,-1.02563724595398D0,-1.02563724595398D0,         0000603P   2735
-1.02563724595398D0,-1.02563724595398D0,-0.0D0,-0.0D0,-0.0D0,    0000603P   2736
-0.0D0,1.0D0,1.0D0,1.0D0,1.0D0,0.918006523754382D0,0.0D0,0.0D0,  0000603P   2737
0.9188125031046639D0,0.3430443645583612D0,0.0D0,                 0000603P   2738
0.9194818353364391D0,0.6860890408159431D0,0.0D0,                 0000603P   2739
0.9200592296220076D0,1.029133863083529D0,0.0D0,                  0000603P   2740
-1.02563724595398D0,-0.0D0,0.0D0,0.0D0,1.0D0;                    0000603P   2741
102,4,597,599,601,603;                                           0000605P   2742
126,13,3,1,0,1,0,-0.9200592296220076D0,-0.9200592296220076D0,    0000607P   2743
-0.9200592296220076D0,-0.9200592296220076D0,                     0000607P   2744
-0.6929444817016581D0,-0.6929444817016581D0,                     0000607P   2745
-0.5774537347513818D0,-0.5774537347513818D0,                     0000607P   2746
-0.4619629878011055D0,-0.4619629878011055D0,                     0000607P   2747
-0.3464722408508291D0,-0.3464722408508291D0,                     0000607P   2748
-0.2309814939005527D0,-0.2309814939005527D0,-0.0D0,-0.0D0,       0000607P   2749
-0.0D0,-0.0D0,1.0D0,1.0D0,1.0D0,1.0D0,1.0D0,1.0D0,1.0D0,1.0D0,   0000607P   2750
1.0D0,1.0D0,1.0D0,1.0D0,1.0D0,1.0D0,0.6410260000000004D0,        0000607P   2751
-0.004001100280399727D0,-0.6244629796053917D0,                   0000607P   2752
0.6410260000000009D0,-0.08233570393510493D0,                     0000607P   2753
-0.6139213137102664D0,0.641026000000002D0,-0.1606174576955337D0, 0000607P   2754
-0.6017288945938013D0,0.6410260000000005D0,                      0000607P   2755
-0.2764765332428864D0,-0.5735211125465294D0,                     0000607P   2756
0.6410260000000011D0,-0.3153143886060898D0,                      0000607P   2757
-0.5622082000964079D0,0.6410260000000011D0,                      0000607P   2758
-0.3888385348866533D0,-0.5303186959565951D0,0.641026000000001D0, 0000607P   2759
-0.4246978789326746D0,-0.5089574774749388D0,                     0000607P   2760
0.6410260000000005D0,-0.4716684610116433D0,                      0000607P   2761
-0.4424476019134453D0,0.6410260000000017D0,                      0000607P   2762
-0.4788479790630145D0,-0.4013383903978431D0,                     0000607P   2763
0.6410260000000005D0,-0.4868383579303339D0,                      0000607P   2764
-0.3216845809129829D0,0.6410260000000004D0,                      0000607P   2765
-0.4881703462371557D0,-0.2813593631180211D0,                     0000607P   2766
0.6410260000000025D0,-0.4922065520912307D0,                      0000607P   2767
-0.1608466312582424D0,0.6410259999999985D0,                      0000607P   2768
-0.4933693349751422D0,-0.08041025067732122D0,                    0000607P   2769
0.6410260000000004D0,-0.493398D0,0.0D0,-0.9200592296220076D0,    0000607P   2770
-0.0D0,1.0D0,0.0D0,0.0D0;                                        0000607P   2771
126,1,1,1,0,1,0,-1.029133863083529D0,-1.029133863083529D0,       0000609P   2772
-0.0D0,-0.0D0,1.0D0,1.0D0,0.6410260000000004D0,-0.493398D0,      0000609P   2773
0.0D0,1.666667D0,-0.454321D0,0.0D0,-1.029133863083529D0,-0.0D0,  0000609P   2774
0.0D0,0.0D0,1.0D0;                                               0000609P   2775
126,13,3,1,0,1,0,0.0D0,0.0D0,0.0D0,0.0D0,0.2309814939005527D0,   0000611P   2776
0.2309814939005527D0,0.3464722408508291D0,0.3464722408508291D0,  0000611P   2777
0.4619629878011055D0,0.4619629878011055D0,0.5774537347513818D0,  0000611P   2778
0.5774537347513818D0,0.6929444817016581D0,0.6929444817016581D0,  0000611P   2779
0.9180065237543821D0,0.9180065237543821D0,0.9180065237543821D0,  0000611P   2780
0.9180065237543821D0,1.0D0,1.0D0,1.0D0,1.0D0,1.0D0,1.0D0,1.0D0,  0000611P   2781
1.0D0,1.0D0,1.0D0,1.0D0,1.0D0,1.0D0,1.0D0,1.666667D0,            0000611P   2782
-0.454321D0,0.0D0,1.666666999999996D0,-0.4543255444428447D0,     0000611P   2783
-0.07357207400474053D0,1.666667000000006D0,-0.448390298310184D0, 0000611P   2784
-0.1471400349919008D0,1.666666999999999D0,-0.430883735757253D0,  0000611P   2785
-0.2560924354227034D0,1.666667000000003D0,-0.4237326899546211D0, 0000611P   2786
-0.2922266103074045D0,1.666666999999999D0,-0.4056083738233466D0, 0000611P   2787
-0.3634878421650807D0,1.666667000000002D0,-0.3948126260587798D0, 0000611P   2788
-0.3988825529898696D0,1.666667D0,-0.362582573409086D0,           0000611P   2789
-0.4650751423421329D0,1.666667000000001D0,-0.3392704412780718D0, 0000611P   2790
-0.4947078602339619D0,1.666667000000001D0,-0.2808618807224628D0, 0000611P   2791
-0.5396894399210845D0,1.666667D0,-0.2475643687321939D0,          0000611P   2792
-0.5561657040240107D0,1.666667000000003D0,-0.1462842156010669D0, 0000611P   2793
-0.5950893810340706D0,1.666667D0,-0.07593227663022109D0,         0000611P   2794
-0.6107019935618668D0,1.666667000000001D0,                       0000611P   2795
-0.005553203785919741D0,-0.6239587345889037D0,0.0D0,             0000611P   2796
0.9180065237543821D0,1.0D0,0.0D0,0.0D0;                          0000611P   2797
126,3,3,1,0,1,0,-1.02563724595398D0,-1.02563724595398D0,         0000613P   2798
-1.02563724595398D0,-1.02563724595398D0,-0.0D0,-0.0D0,-0.0D0,    0000613P   2799
-0.0D0,1.0D0,1.0D0,1.0D0,1.0D0,1.666667D0,                       0000613P   2800
-0.005553203785919949D0,-0.6239587345889036D0,                   0000613P   2801
1.324786363006133D0,-0.004987416018650873D0,                     0000613P   2802
-0.6241737018279713D0,0.9829060751894498D0,                      0000613P   2803
-0.004473703444754547D0,-0.6243350874750915D0,                   0000613P   2804
0.6410260000000004D0,-0.004001100280399727D0,                    0000613P   2805
-0.6244629796053915D0,-1.02563724595398D0,-0.0D0,                0000613P   2806
0.001382364013278256D0,0.9999990445344111D0,0.0D0;               0000613P   2807
102,4,607,609,611,613;                                           0000615P   2808
142,0,595,605,615,1;                                             0000617P   2809
144,595,1,0,617;                                                 0000619P   2810
128,1,13,1,3,0,0,1,0,0,0.0D0,0.0D0,1.029133863083529D0,          0000621P   2811
1.029133863083529D0,0.0D0,0.0D0,0.0D0,0.0D0,                     0000621P   2812
0.2309814939005527D0,0.2309814939005527D0,0.3464722408508291D0,  0000621P   2813
0.3464722408508291D0,0.4619629878011055D0,0.4619629878011055D0,  0000621P   2814
0.5774537347513818D0,0.5774537347513818D0,0.6929444817016581D0,  0000621P   2815
0.6929444817016581D0,0.9239259756022109D0,0.9239259756022109D0,  0000621P   2816
0.9239259756022109D0,0.9239259756022109D0,1.0D0,1.0D0,1.0D0,     0000621P   2817
1.0D0,1.0D0,1.0D0,1.0D0,1.0D0,1.0D0,1.0D0,1.0D0,1.0D0,1.0D0,     0000621P   2818
1.0D0,1.0D0,1.0D0,1.0D0,1.0D0,1.0D0,1.0D0,1.0D0,1.0D0,1.0D0,     0000621P   2819
1.0D0,1.0D0,1.0D0,1.0D0,1.0D0,1.666667D0,0.454321D0,0.0D0,       0000621P   2820
0.6410260000000004D0,0.493398D0,0.0D0,1.666666999999996D0,       0000621P   2821
0.4543255444428447D0,-0.07357207400474053D0,                     0000621P   2822
0.6410259999999985D0,0.4933693349751422D0,                       0000621P   2823
-0.08041025067732122D0,1.666667000000006D0,0.448390298310184D0,  0000621P   2824
-0.1471400349919008D0,0.6410260000000025D0,0.4922065520912307D0, 0000621P   2825
-0.1608466312582424D0,1.666666999999999D0,0.430883735757253D0,   0000621P   2826
-0.2560924354227034D0,0.6410260000000004D0,0.4881703462371557D0, 0000621P   2827
-0.2813593631180211D0,1.666667000000003D0,0.4237326899546211D0,  0000621P   2828
-0.2922266103074045D0,0.6410260000000005D0,0.4868383579303339D0, 0000621P   2829
-0.3216845809129829D0,1.666666999999999D0,0.4056083738233466D0,  0000621P   2830
-0.3634878421650807D0,0.6410260000000017D0,0.4788479790630145D0, 0000621P   2831
-0.4013383903978431D0,1.666667000000002D0,0.3948126260587798D0,  0000621P   2832
-0.3988825529898696D0,0.6410260000000005D0,0.4716684610116433D0, 0000621P   2833
-0.4424476019134453D0,1.666667D0,0.362582573409086D0,            0000621P   2834
-0.4650751423421329D0,0.641026000000001D0,0.4246978789326746D0,  0000621P   2835
-0.5089574774749388D0,1.666667000000001D0,0.3392704412780718D0,  0000621P   2836
-0.4947078602339619D0,0.6410260000000011D0,0.3888385348866533D0, 0000621P   2837
-0.5303186959565951D0,1.666667000000001D0,0.2808618807224628D0,  0000621P   2838
-0.5396894399210845D0,0.6410260000000011D0,0.3153143886060898D0, 0000621P   2839
-0.5622082000964079D0,1.666667D0,0.2475643687321939D0,           0000621P   2840
-0.5561657040240107D0,0.6410260000000005D0,0.2764765332428864D0, 0000621P   2841
-0.5735211125465294D0,1.666667000000003D0,0.1445237749030019D0,  0000621P   2842
-0.595765948189712D0,0.641026000000002D0,0.1593098382283913D0,   0000621P   2843
-0.6020472558853589D0,1.666667D0,0.07222919959253564D0,          0000621P   2844
-0.6115162669750405D0,0.6410260000000009D0,                      0000621P   2845
0.07966970079528721D0,-0.6143345921151859D0,1.666667000000001D0, 0000621P   2846
-4.336808689942018D-19,-0.6249999999999996D0,                    0000621P   2847
0.6410260000000005D0,-4.336808689942018D-19,                     0000621P   2848
-0.6249999999999996D0,0.0D0,1.029133863083529D0,0.0D0,           0000621P   2849
0.9239259756022109D0;                                            0000621P   2850
126,3,3,1,0,1,0,0.0D0,0.0D0,0.0D0,0.0D0,1.02563724595398D0,      0000623P   2851
1.02563724595398D0,1.02563724595398D0,1.02563724595398D0,1.0D0,  0000623P   2852
1.0D0,1.0D0,1.0D0,1.029133863083529D0,0.9200592296220076D0,      0000623P   2853
0.0D0,0.6860890408159431D0,0.9194818353364391D0,0.0D0,           0000623P   2854
0.3430443645583612D0,0.9188125031046639D0,0.0D0,0.0D0,           0000623P   2855
0.918006523754382D0,0.0D0,0.0D0,1.02563724595398D0,0.0D0,0.0D0,  0000623P   2856
1.0D0;                                                           0000623P   2857
126,1,1,1,0,1,0,-0.9180065237543821D0,-0.9180065237543821D0,     0000625P   2858
-0.0D0,-0.0D0,1.0D0,1.0D0,0.0D0,0.918006523754382D0,0.0D0,0.0D0, 0000625P   2859
0.0D0,0.0D0,-0.9180065237543821D0,-0.0D0,0.0D0,0.0D0,1.0D0;      0000625P   2860
126,1,1,1,0,1,0,-1.029133863083529D0,-1.029133863083529D0,       0000627P   2861
-0.0D0,-0.0D0,1.0D0,1.0D0,0.0D0,0.0D0,0.0D0,1.029133863083529D0, 0000627P   2862
0.0D0,0.0D0,-1.029133863083529D0,-0.0D0,0.0D0,0.0D0,1.0D0;       0000627P   2863
126,1,1,1,0,1,0,-0.9239259756022109D0,-0.9239259756022109D0,     0000629P   2864
-0.003866745980203313D0,-0.003866745980203313D0,1.0D0,1.0D0,     0000629P   2865
1.029133863083529D0,0.0D0,0.0D0,1.029133863083529D0,             0000629P   2866
0.9200592296220076D0,0.0D0,-0.9239259756022109D0,                0000629P   2867
-0.003866745980203313D0,0.0D0,0.0D0,1.0D0;                       0000629P   2868
102,4,623,625,627,629;                                           0000631P   2869
126,3,3,1,0,1,0,0.0D0,0.0D0,0.0D0,0.0D0,1.02563724595398D0,      0000633P   2870
1.02563724595398D0,1.02563724595398D0,1.02563724595398D0,1.0D0,  0000633P   2871
1.0D0,1.0D0,1.0D0,0.6410260000000004D0,0.004001100280399727D0,   0000633P   2872
-0.6244629796053915D0,0.9829060751894498D0,                      0000633P   2873
0.004473703444754547D0,-0.6243350874750915D0,                    0000633P   2874
1.324786363006133D0,0.004987416018650873D0,                      0000633P   2875
-0.6241737018279713D0,1.666667D0,0.005553203785919949D0,         0000633P   2876
-0.6239587345889036D0,0.0D0,1.02563724595398D0,                  0000633P   2877
-0.001382364013278256D0,0.9999990445344111D0,0.0D0;              0000633P   2878
126,13,3,1,0,1,0,-0.9180065237543821D0,-0.9180065237543821D0,    0000635P   2879
-0.9180065237543821D0,-0.9180065237543821D0,                     0000635P   2880
-0.6929444817016581D0,-0.6929444817016581D0,                     0000635P   2881
-0.5774537347513818D0,-0.5774537347513818D0,                     0000635P   2882
-0.4619629878011055D0,-0.4619629878011055D0,                     0000635P   2883
-0.3464722408508291D0,-0.3464722408508291D0,                     0000635P   2884
-0.2309814939005527D0,-0.2309814939005527D0,-0.0D0,-0.0D0,       0000635P   2885
-0.0D0,-0.0D0,1.0D0,1.0D0,1.0D0,1.0D0,1.0D0,1.0D0,1.0D0,1.0D0,   0000635P   2886
1.0D0,1.0D0,1.0D0,1.0D0,1.0D0,1.0D0,1.666667000000001D0,         0000635P   2887
0.005553203785919741D0,-0.6239587345889037D0,1.666667D0,         0000635P   2888
0.07593227663022109D0,-0.6107019935618668D0,1.666667000000003D0, 0000635P   2889
0.1462842156010669D0,-0.5950893810340706D0,1.666667D0,           0000635P   2890
0.2475643687321939D0,-0.5561657040240107D0,1.666667000000001D0,  0000635P   2891
0.2808618807224628D0,-0.5396894399210845D0,1.666667000000001D0,  0000635P   2892
0.3392704412780718D0,-0.4947078602339619D0,1.666667D0,           0000635P   2893
0.362582573409086D0,-0.4650751423421329D0,1.666667000000002D0,   0000635P   2894
0.3948126260587798D0,-0.3988825529898696D0,1.666666999999999D0,  0000635P   2895
0.4056083738233466D0,-0.3634878421650807D0,1.666667000000003D0,  0000635P   2896
0.4237326899546211D0,-0.2922266103074045D0,1.666666999999999D0,  0000635P   2897
0.430883735757253D0,-0.2560924354227034D0,1.666667000000006D0,   0000635P   2898
0.448390298310184D0,-0.1471400349919008D0,1.666666999999996D0,   0000635P   2899
0.4543255444428447D0,-0.07357207400474053D0,1.666667D0,          0000635P   2900
0.454321D0,0.0D0,-0.9180065237543821D0,-0.0D0,1.0D0,0.0D0,0.0D0; 0000635P   2901
126,1,1,1,0,1,0,0.0D0,0.0D0,1.029133863083529D0,                 0000637P   2902
1.029133863083529D0,1.0D0,1.0D0,1.666667D0,0.454321D0,0.0D0,     0000637P   2903
0.6410260000000004D0,0.493398D0,0.0D0,0.0D0,1.029133863083529D0, 0000637P   2904
0.0D0,0.0D0,1.0D0;                                               0000637P   2905
126,13,3,1,0,1,0,0.0D0,0.0D0,0.0D0,0.0D0,0.2309814939005527D0,   0000639P   2906
0.2309814939005527D0,0.3464722408508291D0,0.3464722408508291D0,  0000639P   2907
0.4619629878011055D0,0.4619629878011055D0,0.5774537347513818D0,  0000639P   2908
0.5774537347513818D0,0.6929444817016581D0,0.6929444817016581D0,  0000639P   2909
0.9200592296220076D0,0.9200592296220076D0,0.9200592296220076D0,  0000639P   2910
0.9200592296220076D0,1.0D0,1.0D0,1.0D0,1.0D0,1.0D0,1.0D0,1.0D0,  0000639P   2911
1.0D0,1.0D0,1.0D0,1.0D0,1.0D0,1.0D0,1.0D0,0.6410260000000004D0,  0000639P   2912
0.493398D0,0.0D0,0.6410259999999985D0,0.4933693349751422D0,      0000639P   2913
-0.08041025067732122D0,0.6410260000000025D0,                     0000639P   2914
0.4922065520912307D0,-0.1608466312582424D0,0.6410260000000004D0, 0000639P   2915
0.4881703462371557D0,-0.2813593631180211D0,0.6410260000000005D0, 0000639P   2916
0.4868383579303339D0,-0.3216845809129829D0,0.6410260000000017D0, 0000639P   2917
0.4788479790630145D0,-0.4013383903978431D0,0.6410260000000005D0, 0000639P   2918
0.4716684610116433D0,-0.4424476019134453D0,0.641026000000001D0,  0000639P   2919
0.4246978789326746D0,-0.5089574774749388D0,0.6410260000000011D0, 0000639P   2920
0.3888385348866533D0,-0.5303186959565951D0,0.6410260000000011D0, 0000639P   2921
0.3153143886060898D0,-0.5622082000964079D0,0.6410260000000005D0, 0000639P   2922
0.2764765332428864D0,-0.5735211125465294D0,0.641026000000002D0,  0000639P   2923
0.1606174576955337D0,-0.6017288945938013D0,0.6410260000000009D0, 0000639P   2924
0.08233570393510493D0,-0.6139213137102664D0,                     0000639P   2925
0.6410260000000004D0,0.004001100280399727D0,                     0000639P   2926
-0.6244629796053917D0,0.0D0,0.9200592296220076D0,1.0D0,0.0D0,    0000639P   2927
0.0D0;                                                           0000639P   2928
102,4,633,635,637,639;                                           0000641P   2929
142,0,621,631,641,1;                                             0000643P   2930
144,621,1,0,643;                                                 0000645P   2931
128,1,13,1,3,0,0,1,0,0,-1.031442944363556D0,                     0000647P   2932
-1.031442944363556D0,0.0D0,0.0D0,0.0D0,0.0D0,0.0D0,0.0D0,        0000647P   2933
0.2078838469466987D0,0.2078838469466987D0,0.311825770420048D0,   0000647P   2934
0.311825770420048D0,0.4157676938933973D0,0.4157676938933973D0,   0000647P   2935
0.5197096173667466D0,0.5197096173667466D0,0.623651540840096D0,   0000647P   2936
0.623651540840096D0,0.8315353877867946D0,0.8315353877867946D0,   0000647P   2937
0.8315353877867946D0,0.8315353877867946D0,1.0D0,1.0D0,1.0D0,     0000647P   2938
1.0D0,1.0D0,1.0D0,1.0D0,1.0D0,1.0D0,1.0D0,1.0D0,1.0D0,1.0D0,     0000647P   2939
1.0D0,1.0D0,1.0D0,1.0D0,1.0D0,1.0D0,1.0D0,1.0D0,1.0D0,1.0D0,     0000647P   2940
1.0D0,1.0D0,1.0D0,1.0D0,1.0D0,2.692308000000001D0,0.375617D0,    0000647P   2941
0.0D0,1.666667D0,0.454321D0,0.0D0,2.692307999999998D0,           0000647P   2942
0.375650365796619D0,-0.06503002003857494D0,1.666666999999996D0,  0000647P   2943
0.454325663120362D0,-0.07357211508693329D0,2.692307999999999D0,  0000647P   2944
0.3674300517009513D0,-0.1300009748722721D0,1.666667000000002D0,  0000647P   2945
0.4483898904156723D0,-0.1471428117229396D0,2.692308000000002D0,  0000647P   2946
0.3441223924917559D0,-0.2246939700364625D0,1.666667000000001D0,  0000647P   2947
0.4308841416987037D0,-0.2560902026628478D0,2.692308D0,           0000647P   2948
0.3345787428422281D0,-0.2558215820793623D0,1.666666999999998D0,  0000647P   2949
0.4237322582204461D0,-0.2922289147722896D0,2.692308D0,           0000647P   2950
0.3122138830887403D0,-0.3168686381258092D0,1.666667000000001D0,  0000647P   2951
0.4056083144702021D0,-0.3634873610858267D0,2.692307999999998D0,  0000647P   2952
0.2994414687856431D0,-0.3468223974649609D0,1.666667D0,           0000647P   2953
0.3948138549661922D0,-0.3988797297997797D0,2.692308000000001D0,  0000647P   2954
0.2704036714661172D0,-0.4049847779846343D0,1.666666999999999D0,  0000647P   2955
0.3625816511306182D0,-0.4650767157984279D0,2.692308D0,           0000647P   2956
0.2541232446511988D0,-0.4332372102729492D0,1.666667D0,           0000647P   2957
0.3392714258615613D0,-0.494706395194509D0,2.692307999999999D0,   0000647P   2958
0.2164152241868214D0,-0.4862240378161595D0,1.666667D0,           0000647P   2959
0.2808631377884645D0,-0.5396890142679025D0,2.692308000000001D0,  0000647P   2960
0.1947673207599558D0,-0.5107119259570614D0,1.666667000000002D0,  0000647P   2961
0.2475628579335423D0,-0.5561663254743809D0,2.692308D0,           0000647P   2962
0.1209106009410402D0,-0.5748246808993853D0,1.666667000000001D0,  0000647P   2963
0.1445261248157704D0,-0.5957652144299064D0,2.692307999999998D0,  0000647P   2964
0.06109801736319842D0,-0.6033888776082701D0,1.666667D0,          0000647P   2965
0.07222750465801879D0,-0.6115167398530594D0,2.692308000000001D0, 0000647P   2966
4.336808689942018D-19,-0.625D0,1.666667D0,4.336808689942018D-19, 0000647P   2967
-0.625D0,-1.031442944363556D0,0.0D0,0.0D0,0.8315353877867946D0;  0000647P   2968
126,3,3,1,0,1,0,0.0D0,0.0D0,0.0D0,0.0D0,1.025606505848572D0,     0000649P   2969
1.025606505848572D0,1.025606505848572D0,1.025606505848572D0,     0000649P   2970
1.0D0,1.0D0,1.0D0,1.0D0,0.0D0,0.8262077995836974D0,0.0D0,        0000649P   2971
-0.3438173382495877D0,0.8245945080831215D0,0.0D0,                0000649P   2972
-0.6876330584333056D0,0.8225634634836893D0,0.0D0,                0000649P   2973
-1.031442944363556D0,0.8197679564718474D0,0.0D0,0.0D0,           0000649P   2974
1.025606505848572D0,0.0D0,0.0D0,1.0D0;                           0000649P   2975
126,1,1,1,0,1,0,-0.8197679564718475D0,-0.8197679564718475D0,     0000651P   2976
-0.0D0,-0.0D0,1.0D0,1.0D0,-1.031442944363556D0,                  0000651P   2977
0.8197679564718474D0,0.0D0,-1.031442944363556D0,0.0D0,0.0D0,     0000651P   2978
-0.8197679564718475D0,-0.0D0,0.0D0,0.0D0,1.0D0;                  0000651P   2979
126,1,1,1,0,1,0,-0.0D0,-0.0D0,1.031442944363556D0,               0000653P   2980
1.031442944363556D0,1.0D0,1.0D0,-1.031442944363556D0,0.0D0,      0000653P   2981
0.0D0,0.0D0,0.0D0,0.0D0,-0.0D0,1.031442944363556D0,0.0D0,0.0D0,  0000653P   2982
1.0D0;                                                           0000653P   2983
126,1,1,1,0,1,0,-0.8315353877867946D0,-0.8315353877867946D0,     0000655P   2984
-0.0053275882030972D0,-0.0053275882030972D0,1.0D0,1.0D0,0.0D0,   0000655P   2985
0.0D0,0.0D0,0.0D0,0.8262077995836974D0,0.0D0,                    0000655P   2986
-0.8315353877867946D0,-0.0053275882030972D0,0.0D0,0.0D0,1.0D0;   0000655P   2987
102,4,649,651,653,655;                                           0000657P   2988
126,4,3,1,0,1,0,0.0D0,0.0D0,0.0D0,0.0D0,0.512806233700606D0,     0000659P   2989
1.025606505848572D0,1.025606505848572D0,1.025606505848572D0,     0000659P   2990
1.025606505848572D0,1.0D0,1.0D0,1.0D0,1.0D0,1.0D0,               0000659P   2991
1.666667000000001D0,0.005553156148056434D0,                      0000659P   2992
-0.6239587542182425D0,1.83760636175505D0,0.006249066231615709D0, 0000659P   2993
-0.6236947457150784D0,2.179484503426769D0,                       0000659P   2994
0.007738631474442912D0,-0.6230290611792411D0,                    0000659P   2995
2.521366610754663D0,0.009448125417202774D0,                      0000659P   2996
-0.6219517133120556D0,2.692307999975457D0,0.01036146502415796D0, 0000659P   2997
-0.6212619075923471D0,0.0D0,1.025606505848572D0,                 0000659P   2998
-0.004071059523966048D0,0.9999917132028406D0,0.0D0;              0000659P   2999
126,13,3,1,0,1,0,-0.8197679564718475D0,-0.8197679564718475D0,    0000661P   3000
-0.8197679564718475D0,-0.8197679564718475D0,                     0000661P   3001
-0.623651540840096D0,-0.623651540840096D0,-0.5197096173667466D0, 0000661P   3002
-0.5197096173667466D0,-0.4157676938933973D0,                     0000661P   3003
-0.4157676938933973D0,-0.311825770420048D0,-0.311825770420048D0, 0000661P   3004
-0.2078838469466987D0,-0.2078838469466987D0,-0.0D0,-0.0D0,       0000661P   3005
-0.0D0,-0.0D0,1.0D0,1.0D0,1.0D0,1.0D0,1.0D0,1.0D0,1.0D0,1.0D0,   0000661P   3006
1.0D0,1.0D0,1.0D0,1.0D0,1.0D0,1.0D0,2.692308000000001D0,         0000661P   3007
0.0103614650241124D0,-0.6212619075923129D0,2.692307999999998D0,  0000661P   3008
0.06783561171087586D0,-0.6001096510090237D0,2.692308D0,          0000661P   3009
0.1236977467130065D0,-0.5724052450741181D0,2.692308000000001D0,  0000661P   3010
0.1947673207599558D0,-0.5107119259570614D0,2.692307999999999D0,  0000661P   3011
0.2164152241868214D0,-0.4862240378161595D0,2.692308D0,           0000661P   3012
0.2541232446511988D0,-0.4332372102729492D0,2.692308000000001D0,  0000661P   3013
0.2704036714661172D0,-0.4049847779846343D0,2.692307999999998D0,  0000661P   3014
0.2994414687856431D0,-0.3468223974649609D0,2.692308D0,           0000661P   3015
0.3122138830887403D0,-0.3168686381258092D0,2.692308D0,           0000661P   3016
0.3345787428422281D0,-0.2558215820793623D0,2.692308000000002D0,  0000661P   3017
0.3441223924917559D0,-0.2246939700364625D0,2.692307999999999D0,  0000661P   3018
0.3674300517009513D0,-0.1300009748722721D0,2.692307999999998D0,  0000661P   3019
0.375650365796619D0,-0.06503002003857494D0,2.692308000000001D0,  0000661P   3020
0.375617D0,0.0D0,-0.8197679564718475D0,-0.0D0,1.0D0,0.0D0,0.0D0; 0000661P   3021
126,1,1,1,0,1,0,-1.031442944363556D0,-1.031442944363556D0,0.0D0, 0000663P   3022
0.0D0,1.0D0,1.0D0,2.692308000000001D0,0.375617D0,0.0D0,          0000663P   3023
1.666667D0,0.454321D0,0.0D0,-1.031442944363556D0,0.0D0,0.0D0,    0000663P   3024
0.0D0,1.0D0;                                                     0000663P   3025
126,13,3,1,0,1,0,0.0D0,0.0D0,0.0D0,0.0D0,0.2078838469466987D0,   0000665P   3026
0.2078838469466987D0,0.311825770420048D0,0.311825770420048D0,    0000665P   3027
0.4157676938933973D0,0.4157676938933973D0,0.5197096173667466D0,  0000665P   3028
0.5197096173667466D0,0.623651540840096D0,0.623651540840096D0,    0000665P   3029
0.8262077995836974D0,0.8262077995836974D0,0.8262077995836974D0,  0000665P   3030
0.8262077995836974D0,1.0D0,1.0D0,1.0D0,1.0D0,1.0D0,1.0D0,1.0D0,  0000665P   3031
1.0D0,1.0D0,1.0D0,1.0D0,1.0D0,1.0D0,1.0D0,1.666667D0,0.454321D0, 0000665P   3032
0.0D0,1.666666999999996D0,0.454325663120362D0,                   0000665P   3033
-0.07357211508693329D0,1.666667000000002D0,0.4483898904156723D0, 0000665P   3034
-0.1471428117229396D0,1.666667000000001D0,0.4308841416987037D0,  0000665P   3035
-0.2560902026628478D0,1.666666999999998D0,0.4237322582204461D0,  0000665P   3036
-0.2922289147722896D0,1.666667000000001D0,0.4056083144702021D0,  0000665P   3037
-0.3634873610858267D0,1.666667D0,0.3948138549661922D0,           0000665P   3038
-0.3988797297997797D0,1.666666999999999D0,0.3625816511306182D0,  0000665P   3039
-0.4650767157984279D0,1.666667D0,0.3392714258615613D0,           0000665P   3040
-0.494706395194509D0,1.666667D0,0.2808631377884645D0,            0000665P   3041
-0.5396890142679025D0,1.666667000000002D0,0.2475628579335423D0,  0000665P   3042
-0.5561663254743809D0,1.666667000000001D0,0.1462865222425272D0,  0000665P   3043
-0.5950886617082662D0,1.666667D0,0.07593083236586015D0,          0000665P   3044
-0.6107023953940806D0,1.666667000000001D0,                       0000665P   3045
0.005553156148056435D0,-0.6239587542182424D0,0.0D0,              0000665P   3046
0.8262077995836974D0,1.0D0,0.0D0,0.0D0;                          0000665P   3047
102,4,659,661,663,665;                                           0000667P   3048
142,0,647,657,667,1;                                             0000669P   3049
144,647,1,0,669;                                                 0000671P   3050
128,1,7,1,3,0,0,1,0,0,0.0D0,0.0D0,1.033518277768226D0,           0000673P   3051
1.033518277768226D0,0.0D0,0.0D0,0.0D0,0.0D0,0.367222827203366D0, 0000673P   3052
0.367222827203366D0,0.550834240805049D0,0.550834240805049D0,     0000673P   3053
0.7344456544067319D0,0.7344456544067319D0,0.7344456544067319D0,  0000673P   3054
0.7344456544067319D0,1.0D0,1.0D0,1.0D0,1.0D0,1.0D0,1.0D0,1.0D0,  0000673P   3055
1.0D0,1.0D0,1.0D0,1.0D0,1.0D0,1.0D0,1.0D0,1.0D0,1.0D0,           0000673P   3056
3.717949D0,0.248257D0,0.0D0,2.692308000000001D0,0.375617D0,      0000673P   3057
0.0D0,3.717948999999993D0,0.2484466325681194D0,                  0000673P   3058
-0.1148973018964377D0,2.692307999999993D0,0.3757628870830481D0,  0000673P   3059
-0.1301895737992487D0,3.717949000000007D0,0.2244316813669771D0,  0000673P   3060
-0.2292036041876422D0,2.692308000000007D0,0.3424794797806332D0,  0000673P   3061
-0.2595184195707958D0,3.717948999999999D0,0.1612101553391809D0,  0000673P   3062
-0.3892451511610657D0,2.692308D0,0.2560340258562652D0,           0000673P   3063
-0.4339697594243428D0,3.717949000000004D0,0.1359320110952155D0,  0000673P   3064
-0.4410344961145918D0,2.692308000000001D0,0.2195898837140218D0,  0000673P   3065
-0.4893738416501252D0,3.717948999999995D0,0.07633494758108395D0, 0000673P   3066
-0.5390686157588134D0,2.692307999999999D0,0.1208516193420342D0,  0000673P   3067
-0.5748143941342283D0,3.717949000000005D0,0.04163949157330928D0, 0000673P   3068
-0.5854018730260933D0,2.692308000000002D0,0.06112231102043082D0, 0000673P   3069
-0.6033927019261398D0,3.717949D0,4.336808689942018D-19,-0.625D0, 0000673P   3070
2.692308000000001D0,4.336808689942018D-19,-0.625D0,0.0D0,        0000673P   3071
1.033518277768226D0,0.0D0,0.7344456544067319D0;                  0000673P   3072
126,1,1,1,0,1,0,-0.7012649961230942D0,-0.7012649961230942D0,     0000675P   3073
-0.0D0,-0.0D0,1.0D0,1.0D0,0.0D0,0.7012649961230941D0,0.0D0,      0000675P   3074
0.0D0,0.0D0,0.0D0,-0.7012649961230942D0,-0.0D0,0.0D0,0.0D0,      0000675P   3075
1.0D0;                                                           0000675P   3076
126,1,1,1,0,1,0,-1.033518277768226D0,-1.033518277768226D0,       0000677P   3077
-0.0D0,-0.0D0,1.0D0,1.0D0,0.0D0,0.0D0,0.0D0,1.033518277768226D0, 0000677P   3078
0.0D0,0.0D0,-1.033518277768226D0,-0.0D0,0.0D0,0.0D0,1.0D0;       0000677P   3079
126,1,1,1,0,1,0,-0.7344456544067319D0,-0.7344456544067319D0,     0000679P   3080
-0.01038724348195275D0,-0.01038724348195275D0,1.0D0,1.0D0,       0000679P   3081
1.033518277768226D0,0.0D0,0.0D0,1.033518277768226D0,             0000679P   3082
0.7240584109247793D0,0.0D0,-0.7344456544067319D0,                0000679P   3083
-0.01038724348195275D0,0.0D0,0.0D0,1.0D0;                        0000679P   3084
126,3,3,1,0,1,0,-1.025396945933037D0,-1.025396945933037D0,       0000681P   3085
-1.025396945933037D0,-1.025396945933037D0,-0.0D0,-0.0D0,-0.0D0,  0000681P   3086
-0.0D0,1.0D0,1.0D0,1.0D0,1.0D0,1.033518277768226D0,              0000681P   3087
0.7240584109247793D0,0.0D0,0.6889595955673644D0,                 0000681P   3088
0.7192557645655864D0,0.0D0,0.3444107548816286D0,                 0000681P   3089
0.712623646111936D0,0.0D0,0.0D0,0.7012649961230941D0,0.0D0,      0000681P   3090
-1.025396945933037D0,-0.0D0,0.0D0,0.0D0,1.0D0;                   0000681P   3091
102,4,675,677,679,681;                                           0000683P   3092
126,7,3,1,0,1,0,-0.7012649961230942D0,-0.7012649961230942D0,     0000685P   3093
-0.7012649961230942D0,-0.7012649961230942D0,                     0000685P   3094
-0.550834240805049D0,-0.550834240805049D0,-0.367222827203366D0,  0000685P   3095
-0.367222827203366D0,-0.0D0,-0.0D0,-0.0D0,-0.0D0,1.0D0,1.0D0,    0000685P   3096
1.0D0,1.0D0,1.0D0,1.0D0,1.0D0,1.0D0,3.717949000000002D0,         0000685P   3097
0.02190595623899116D0,-0.6028965819935579D0,3.717949000000002D0, 0000685P   3098
0.05401929710476632D0,-0.568568342392733D0,3.717948999999996D0,  0000685P   3099
0.08171987916126465D0,-0.5302106788793863D0,3.717949000000004D0, 0000685P   3100
0.1359320110952155D0,-0.4410344961145918D0,3.717948999999999D0,  0000685P   3101
0.1612101553391809D0,-0.3892451511610657D0,3.717949000000007D0,  0000685P   3102
0.2244316813669771D0,-0.2292036041876422D0,3.717948999999993D0,  0000685P   3103
0.2484466325681194D0,-0.1148973018964377D0,3.717949D0,           0000685P   3104
0.248257D0,0.0D0,-0.7012649961230942D0,-0.0D0,1.0D0,0.0D0,0.0D0; 0000685P   3105
126,1,1,1,0,1,0,0.0D0,0.0D0,1.033518277768226D0,                 0000687P   3106
1.033518277768226D0,1.0D0,1.0D0,3.717949D0,0.248257D0,0.0D0,     0000687P   3107
2.692308000000001D0,0.375617D0,0.0D0,0.0D0,1.033518277768226D0,  0000687P   3108
0.0D0,0.0D0,1.0D0;                                               0000687P   3109
126,7,3,1,0,1,0,0.0D0,0.0D0,0.0D0,0.0D0,0.367222827203366D0,     0000689P   3110
0.367222827203366D0,0.550834240805049D0,0.550834240805049D0,     0000689P   3111
0.7240584109247794D0,0.7240584109247794D0,0.7240584109247794D0,  0000689P   3112
0.7240584109247794D0,1.0D0,1.0D0,1.0D0,1.0D0,1.0D0,1.0D0,1.0D0,  0000689P   3113
1.0D0,2.692308000000001D0,0.375617D0,0.0D0,2.692307999999993D0,  0000689P   3114
0.3757628870830481D0,-0.1301895737992487D0,2.692308000000007D0,  0000689P   3115
0.3424794797806332D0,-0.2595184195707958D0,2.692308D0,           0000689P   3116
0.2560340258562652D0,-0.4339697594243428D0,2.692308000000001D0,  0000689P   3117
0.2195898837140218D0,-0.4893738416501252D0,2.692307999999999D0,  0000689P   3118
0.1236445241318262D0,-0.5723976276476683D0,2.692308000000002D0,  0000689P   3119
0.0678471534730993D0,-0.6001139848889638D0,2.692308000000001D0,  0000689P   3120
0.01035841483238713D0,-0.6212646754476153D0,0.0D0,               0000689P   3121
0.7240584109247794D0,1.0D0,0.0D0,0.0D0;                          0000689P   3122
126,5,3,1,0,1,0,-1.025396945933037D0,-1.025396945933037D0,       0000691P   3123
-1.025396945933037D0,-1.025396945933037D0,-0.5126864125212394D0, 0000691P   3124
-0.2435272099900123D0,-0.0D0,-0.0D0,-0.0D0,-0.0D0,1.0D0,1.0D0,   0000691P   3125
1.0D0,1.0D0,1.0D0,1.0D0,2.692308D0,0.01035841483238713D0,        0000691P   3126
-0.6212646754476153D0,2.863240662449613D0,0.01215674115397141D0, 0000691P   3127
-0.6198815997373677D0,3.123920887727875D0,0.01513132535764355D0, 0000691P   3128
-0.6169732994586176D0,3.465813217288802D0,0.01912177351860194D0, 0000691P   3129
-0.6102165575323716D0,3.636754685247546D0,0.02103661202866553D0, 0000691P   3130
-0.6055227729368D0,3.717949000000002D0,0.02190595623899123D0,    0000691P   3131
-0.6028965819935579D0,-1.025396945933037D0,-0.0D0,               0000691P   3132
0.01112626557020658D0,-0.9998554668489693D0,                     0000691P   3133
0.01285502340296694D0;                                           0000691P   3134
102,4,685,687,689,691;                                           0000693P   3135
142,0,673,683,693,1;                                             0000695P   3136
144,673,1,0,695;                                                 0000697P   3137
128,1,5,1,3,0,0,1,0,0,0.0D0,0.0D0,0.781034698807294D0,           0000699P   3138
0.781034698807294D0,0.0D0,0.0D0,0.0D0,0.0D0,                     0000699P   3139
0.3317746791594897D0,0.3317746791594897D0,0.6635493583189793D0,  0000699P   3140
0.6635493583189793D0,0.6635493583189793D0,0.6635493583189793D0,  0000699P   3141
1.0D0,1.0D0,1.0D0,1.0D0,1.0D0,1.0D0,1.0D0,1.0D0,1.0D0,1.0D0,     0000699P   3142
1.0D0,1.0D0,4.487179000000001D0,0.112978D0,0.0D0,3.717949D0,     0000699P   3143
0.248257D0,0.0D0,4.487178999999998D0,0.112996365156538D0,        0000699P   3144
-0.1064063470312178D0,3.717948999999998D0,0.2483862390237329D0,  0000699P   3145
-0.1148262804029208D0,4.487179000000003D0,0.1031471088698068D0,  0000699P   3146
-0.2127927521909823D0,3.717949000000001D0,0.2245836230703538D0,  0000699P   3147
-0.2293742645144501D0,4.487178999999998D0,0.06485627241420051D0, 0000699P   3148
-0.4221134438233865D0,3.717949D0,0.1396184837947553D0,           0000699P   3149
-0.4420186865295168D0,4.487179000000003D0,0.036840872248846D0,   0000699P   3150
-0.5251770296050768D0,3.717949000000005D0,0.08292601657641435D0, 0000699P   3151
-0.544903206671401D0,4.487179000000001D0,4.336808689942018D-19,  0000699P   3152
-0.625D0,3.717949D0,4.336808689942018D-19,-0.625D0,0.0D0,        0000699P   3153
0.781034698807294D0,0.0D0,0.6635493583189793D0;                  0000699P   3154
126,1,1,1,0,1,0,-0.5716442013549209D0,-0.5716442013549209D0,     0000701P   3155
-0.0D0,-0.0D0,1.0D0,1.0D0,0.0D0,0.571644201354921D0,0.0D0,0.0D0, 0000701P   3156
0.0D0,0.0D0,-0.5716442013549209D0,-0.0D0,0.0D0,0.0D0,1.0D0;      0000701P   3157
126,1,1,1,0,1,0,-0.781034698807294D0,-0.781034698807294D0,       0000703P   3158
-0.0D0,-0.0D0,1.0D0,1.0D0,0.0D0,0.0D0,0.0D0,0.781034698807294D0, 0000703P   3159
0.0D0,0.0D0,-0.781034698807294D0,-0.0D0,0.0D0,0.0D0,1.0D0;       0000703P   3160
126,1,1,1,0,1,0,-0.6635493583189793D0,-0.6635493583189793D0,     0000705P   3161
-0.03013547140983741D0,-0.03013547140983741D0,1.0D0,1.0D0,       0000705P   3162
0.781034698807294D0,0.0D0,0.0D0,0.781034698807294D0,             0000705P   3163
0.6334138869091419D0,0.0D0,-0.6635493583189793D0,                0000705P   3164
-0.03013547140983741D0,0.0D0,0.0D0,1.0D0;                        0000705P   3165
126,6,3,1,0,1,0,-0.7703922553257742D0,-0.7703922553257742D0,     0000707P   3166
-0.7703922553257742D0,-0.7703922553257742D0,                     0000707P   3167
-0.3861196167560569D0,-0.3861196167560569D0,                     0000707P   3168
-0.3861196167560569D0,-0.0D0,-0.0D0,-0.0D0,-0.0D0,1.0D0,1.0D0,   0000707P   3169
1.0D0,1.0D0,1.0D0,1.0D0,1.0D0,0.781034698807294D0,               0000707P   3170
0.6334138869091419D0,0.0D0,0.6507590793915409D0,                 0000707P   3171
0.6285730816455367D0,0.0D0,0.5205840883185406D0,                 0000707P   3172
0.6223871984415992D0,0.0D0,0.3905259230706131D0,                 0000707P   3173
0.6135326679361091D0,0.0D0,0.2598426428130342D0,                 0000707P   3174
0.6046355787807115D0,0.0D0,0.1292773141088861D0,                 0000707P   3175
0.5930441273592545D0,0.0D0,0.0D0,0.571644201354921D0,0.0D0,      0000707P   3176
-0.7703922553257742D0,-0.0D0,0.0D0,0.0D0,1.0D0;                  0000707P   3177
102,4,701,703,705,707;                                           0000709P   3178
126,5,3,1,0,1,0,-0.5716442013549209D0,-0.5716442013549209D0,     0000711P   3179
-0.5716442013549209D0,-0.5716442013549209D0,                     0000711P   3180
-0.3317746791594897D0,-0.3317746791594897D0,-0.0D0,-0.0D0,       0000711P   3181
-0.0D0,-0.0D0,1.0D0,1.0D0,1.0D0,1.0D0,1.0D0,1.0D0,               0000711P   3182
4.487179000000002D0,0.02858334144185426D0,-0.5413328254281786D0, 0000711P   3183
4.487179D0,0.05168136925746486D0,-0.4679550572470841D0,          0000711P   3184
4.487178999999999D0,0.07015975932232271D0,-0.3931214015900286D0, 0000711P   3185
4.487179000000003D0,0.1031471088698068D0,-0.2127927521909823D0,  0000711P   3186
4.487178999999998D0,0.112996365156538D0,-0.1064063470312178D0,   0000711P   3187
4.487179000000001D0,0.112978D0,0.0D0,-0.5716442013549209D0,      0000711P   3188
-0.0D0,1.0D0,0.0D0,0.0D0;                                        0000711P   3189
126,1,1,1,0,1,0,0.0D0,0.0D0,0.781034698807294D0,                 0000713P   3190
0.781034698807294D0,1.0D0,1.0D0,4.487179000000001D0,0.112978D0,  0000713P   3191
0.0D0,3.717949D0,0.248257D0,0.0D0,0.0D0,0.781034698807294D0,     0000713P   3192
0.0D0,0.0D0,1.0D0;                                               0000713P   3193
126,5,3,1,0,1,0,0.0D0,0.0D0,0.0D0,0.0D0,0.3317746791594897D0,    0000715P   3194
0.3317746791594897D0,0.6334138869091419D0,0.6334138869091419D0,  0000715P   3195
0.6334138869091419D0,0.6334138869091419D0,1.0D0,1.0D0,1.0D0,     0000715P   3196
1.0D0,1.0D0,1.0D0,3.717949D0,0.248257D0,0.0D0,                   0000715P   3197
3.717948999999998D0,0.2483862390237329D0,-0.1148262804029208D0,  0000715P   3198
3.717949000000001D0,0.2245836230703538D0,-0.2293742645144501D0,  0000715P   3199
3.717949D0,0.1434772239071099D0,-0.4323613191916436D0,           0000715P   3200
3.717949000000004D0,0.09310766326133738D0,-0.5261846087717081D0, 0000715P   3201
3.717949000000002D0,0.0219564999001285D0,-0.6026246356848964D0,  0000715P   3202
0.0D0,0.6334138869091419D0,1.0D0,0.0D0,0.0D0;                    0000715P   3203
126,6,3,1,0,1,0,-0.7703922553257742D0,-0.7703922553257742D0,     0000717P   3204
-0.7703922553257742D0,-0.7703922553257742D0,                     0000717P   3205
-0.5878530667784924D0,-0.3858504786309272D0,                     0000717P   3206
-0.1830608203285658D0,-0.0D0,-0.0D0,-0.0D0,-0.0D0,1.0D0,1.0D0,   0000717P   3207
1.0D0,1.0D0,1.0D0,1.0D0,1.0D0,3.717949000000002D0,               0000717P   3208
0.0219564999001285D0,-0.6026246356848966D0,3.77881960415083D0,   0000717P   3209
0.02263736396071995D0,-0.6004716079953708D0,3.907050099105275D0, 0000717P   3210
0.02403751792753481D0,-0.595288859754943D0,4.102856488775704D0,  0000717P   3211
0.02595301322463336D0,-0.5843487972767244D0,4.298658678382824D0, 0000717P   3212
0.02751953328731798D0,-0.5683081355054038D0,4.426757085543553D0, 0000717P   3213
0.02828331455115239D0,-0.551832144704592D0,4.487178999999999D0,  0000717P   3214
0.02858334144185426D0,-0.5413328254281786D0,                     0000717P   3215
-0.7703922553257742D0,-0.0D0,0.01268765123561767D0,              0000717P   3216
-0.9985458449269838D0,-0.05239483834481332D0;                    0000717P   3217
102,4,711,713,715,717;                                           0000719P   3218
142,0,699,709,719,1;                                             0000721P   3219
144,699,1,0,721;                                                 0000723P   3220
128,1,3,1,3,0,0,1,0,0,0.0D0,0.0D0,0.5251184690381778D0,          0000725P   3221
0.5251184690381778D0,0.0D0,0.0D0,0.0D0,0.0D0,                    0000725P   3222
0.631708993864408D0,0.631708993864408D0,0.631708993864408D0,     0000725P   3223
0.631708993864408D0,1.0D0,1.0D0,1.0D0,1.0D0,1.0D0,1.0D0,1.0D0,   0000725P   3224
1.0D0,5.0D0,4.336808689942018D-19,-0.625D0,4.487179000000001D0,  0000725P   3225
4.336808689942018D-19,-0.625D0,5.000000000000004D0,              0000725P   3226
1.357421119951852D-16,-0.4166677397652228D0,4.487178999999999D0, 0000725P   3227
0.07332197133263146D0,-0.4253077355664852D0,5.0D0,               0000725P   3228
-5.117434254131581D-16,-0.208333791205116D0,4.487179000000005D0, 0000725P   3229
0.1130815113323899D0,-0.2128948462752078D0,5.0D0,                0000725P   3230
4.336808689942018D-19,0.0D0,4.487179000000001D0,0.112978D0,      0000725P   3231
0.0D0,0.0D0,0.5251184690381778D0,0.0D0,0.631708993864408D0;      0000725P   3232
126,15,3,1,0,1,0,0.0D0,0.0D0,0.0D0,0.0D0,0.2131811723051176D0,   0000727P   3233
0.2131811723051176D0,0.2131811723051176D0,0.3861890929550168D0,  0000727P   3234
0.3861890929550168D0,0.3861890929550168D0,0.4699182065323316D0,  0000727P   3235
0.4699182065323316D0,0.4699182065323316D0,0.5510522033213031D0,  0000727P   3236
0.5510522033213031D0,0.5510522033213031D0,0.734422358284656D0,   0000727P   3237
0.734422358284656D0,0.734422358284656D0,0.734422358284656D0,     0000727P   3238
1.0D0,1.0D0,1.0D0,1.0D0,1.0D0,1.0D0,1.0D0,1.0D0,1.0D0,1.0D0,     0000727P   3239
1.0D0,1.0D0,1.0D0,1.0D0,1.0D0,1.0D0,0.1361736787656661D0,        0000727P   3240
0.631708993864408D0,0.0D0,0.1365092862758722D0,                  0000727P   3241
0.5587455120767479D0,0.0D0,0.1412189563249717D0,                 0000727P   3242
0.4862889610880915D0,0.0D0,0.1557754467289522D0,                 0000727P   3243
0.4148396413288947D0,0.0D0,0.16758881706331D0,                   0000727P   3244
0.3568546977725464D0,0.0D0,0.1858874907538697D0,                 0000727P   3245
0.2995331358802749D0,0.0D0,0.2188390791197317D0,                 0000727P   3246
0.2506446120844045D0,0.0D0,0.2347863679749127D0,                 0000727P   3247
0.2269844655075601D0,0.0D0,0.2541656390930459D0,                 0000727P   3248
0.2052994916394214D0,0.0D0,0.276213187715471D0,                  0000727P   3249
0.18711033566034D0,0.0D0,0.2975773902336877D0,                   0000727P   3250
0.169484937996979D0,0.0D0,0.3214470312646122D0,                  0000727P   3251
0.1551420162974446D0,0.0D0,0.3463365804020211D0,                 0000727P   3252
0.1430609000981866D0,0.0D0,0.4025892076966628D0,                 0000727P   3253
0.1157564871854316D0,0.0D0,0.4640515336884207D0,                 0000727P   3254
0.1000053947071375D0,0.0D0,0.5251184690381778D0,                 0000727P   3255
0.08767685133315276D0,0.0D0,0.0D0,0.734422358284656D0,0.0D0,     0000727P   3256
0.0D0,1.0D0;                                                     0000727P   3257
126,1,1,1,0,1,0,-0.5440321425312553D0,-0.5440321425312553D0,     0000729P   3258
-0.0D0,-0.0D0,1.0D0,1.0D0,0.5251184690381778D0,                  0000729P   3259
0.08767685133315276D0,0.0D0,0.5251184690381778D0,                0000729P   3260
0.631708993864408D0,0.0D0,-0.5440321425312553D0,-0.0D0,0.0D0,    0000729P   3261
0.0D0,1.0D0;                                                     0000729P   3262
126,1,1,1,0,1,0,-0.5251184690381778D0,-0.5251184690381778D0,     0000731P   3263
-0.1361736787656661D0,-0.1361736787656661D0,1.0D0,1.0D0,         0000731P   3264
0.5251184690381778D0,0.631708993864408D0,0.0D0,                  0000731P   3265
0.1361736787656661D0,0.631708993864408D0,0.0D0,                  0000731P   3266
-0.5251184690381778D0,-0.1361736787656661D0,0.0D0,0.0D0,1.0D0;   0000731P   3267
102,3,727,729,731;                                               0000733P   3268
126,10,3,1,0,1,0,0.0D0,0.0D0,0.0D0,0.0D0,0.1215210426139862D0,   0000735P   3269
0.2158491363270824D0,0.3059653845716569D0,0.3895350481473102D0,  0000735P   3270
0.4725974961528077D0,0.5527763763571229D0,0.6341711036769193D0,  0000735P   3271
0.734422358284656D0,0.734422358284656D0,0.734422358284656D0,     0000735P   3272
0.734422358284656D0,1.0D0,1.0D0,1.0D0,1.0D0,1.0D0,1.0D0,1.0D0,   0000735P   3273
1.0D0,1.0D0,1.0D0,1.0D0,4.867015299907095D0,                     0000735P   3274
0.02929744578926419D0,0.0D0,4.867018663827995D0,                 0000735P   3275
0.02929709210728389D0,-0.04070035656019059D0,                    0000735P   3276
4.863940738991412D0,0.02932641579343654D0,-0.1129726198704931D0, 0000735P   3277
4.849998138301992D0,0.0294272350912141D0,-0.2147753224205855D0,  0000735P   3278
4.827170712073316D0,0.02953391193540451D0,-0.3021985736243016D0, 0000735P   3279
4.789809913420213D0,0.02960806761667482D0,-0.3812308518868248D0, 0000735P   3280
4.733559682379417D0,0.02958134368810585D0,-0.4447629867966037D0, 0000735P   3281
4.662457573464474D0,0.02940893115745335D0,-0.4887801400019561D0, 0000735P   3282
4.579669623656386D0,0.0290846216907863D0,-0.5202084104453703D0,  0000735P   3283
4.520149793320583D0,0.02876929096697138D0,-0.5344829167785267D0, 0000735P   3284
4.487179D0,0.02857331385482268D0,-0.5411498626415582D0,0.0D0,    0000735P   3285
0.734422358284656D0,0.00413131189222794D0,-0.99998957455046D0,   0000735P   3286
-0.001945007053778879D0;                                         0000735P   3287
126,3,3,1,0,1,0,0.08767685133315283D0,0.08767685133315283D0,     0000737P   3288
0.08767685133315283D0,0.08767685133315283D0,0.631708993864408D0, 0000737P   3289
0.631708993864408D0,0.631708993864408D0,0.631708993864408D0,     0000737P   3290
1.0D0,1.0D0,1.0D0,1.0D0,4.487179000000001D0,                     0000737P   3291
0.0285733138548227D0,-0.5411498626415582D0,4.487179000000001D0,  0000737P   3292
0.08359076827718318D0,-0.36633556341158D0,4.487179000000004D0,   0000737P   3293
0.1130671446733912D0,-0.1833465099878313D0,4.487179000000001D0,  0000737P   3294
0.112978D0,0.0D0,0.08767685133315283D0,0.631708993864408D0,      0000737P   3295
1.0D0,0.0D0,0.0D0;                                               0000737P   3296
126,1,1,1,0,1,0,-0.5251184690381778D0,-0.5251184690381778D0,     0000739P   3297
-0.1361736787656661D0,-0.1361736787656661D0,1.0D0,1.0D0,         0000739P   3298
4.487179000000001D0,0.112978D0,0.0D0,4.867015299907095D0,        0000739P   3299
0.02929744578926419D0,0.0D0,-0.5251184690381778D0,               0000739P   3300
-0.1361736787656661D0,0.0D0,0.0D0,1.0D0;                         0000739P   3301
102,3,735,737,739;                                               0000741P   3302
142,0,725,733,741,1;                                             0000743P   3303
144,725,1,0,743;                                                 0000745P   3304
128,3,2,3,2,0,0,0,0,0,0.0D0,0.0D0,0.0D0,0.0D0,                   0000747P   3305
1.02563724595398D0,1.02563724595398D0,1.02563724595398D0,        0000747P   3306
1.02563724595398D0,0.0D0,0.0D0,0.0D0,1.0D0,1.0D0,1.0D0,1.0D0,    0000747P   3307
1.000000000000001D0,0.9999999999999989D0,1.0D0,                  0000747P   3308
0.9910663102352454D0,0.9889439000590532D0,0.9862682515856737D0,  0000747P   3309
0.982718415525807D0,1.0D0,1.000000000000001D0,                   0000747P   3310
0.9999999999999989D0,1.0D0,0.6410260000000004D0,                 0000747P   3311
-0.004001102413409327D0,-0.6244629793183476D0,                   0000747P   3312
0.9829060751873145D0,-0.00447369960263682D0,                     0000747P   3313
-0.6243350880461548D0,1.32478636301042D0,                        0000747P   3314
-0.004987419446822823D0,-0.6241737012584705D0,                   0000747P   3315
1.666666999996778D0,-0.005553202274484242D0,                     0000747P   3316
-0.6239587348736017D0,0.6410261009921211D0,-1.0858188772793D-09, 0000747P   3317
-0.6250014166126814D0,0.9836158459397739D0,                      0000747P   3318
1.964398944093233D-09,-0.6250020457133988D0,1.325993568405242D0, 0000747P   3319
-1.762355952784185D-09,-0.6250029748826598D0,                    0000747P   3320
1.666667332194709D0,7.82530898651034D-10,-0.6250047470503667D0,  0000747P   3321
0.6410260000000004D0,0.004001100280399727D0,                     0000747P   3322
-0.6244629796053915D0,0.9829060751894487D0,                      0000747P   3323
0.004473703444754542D0,-0.6243350874750908D0,                    0000747P   3324
1.324786363006134D0,0.004987416018650878D0,                      0000747P   3325
-0.6241737018279719D0,1.666667D0,0.005553203785919949D0,         0000747P   3326
-0.6239587345889036D0,0.0D0,1.02563724595398D0,0.0D0,1.0D0;      0000747P   3327
126,1,1,1,0,1,0,0.0D0,0.0D0,1.02563724595398D0,                  0000749P   3328
1.02563724595398D0,1.0D0,1.0D0,0.0D0,0.5000001338770955D0,0.0D0, 0000749P   3329
1.02563724595398D0,0.4999999313582913D0,0.0D0,0.0D0,             0000749P   3330
1.02563724595398D0,0.0D0,0.0D0,1.0D0;                            0000749P   3331
126,1,1,1,0,1,0,0.4999999313582913D0,0.4999999313582913D0,1.0D0, 0000751P   3332
1.0D0,1.0D0,1.0D0,1.02563724595398D0,0.4999999313582913D0,0.0D0, 0000751P   3333
1.02563724595398D0,1.0D0,0.0D0,0.4999999313582913D0,1.0D0,0.0D0, 0000751P   3334
0.0D0,1.0D0;                                                     0000751P   3335
126,1,1,1,0,1,0,0.0D0,0.0D0,1.02563724595398D0,                  0000753P   3336
1.02563724595398D0,1.0D0,1.0D0,1.02563724595398D0,1.0D0,0.0D0,   0000753P   3337
0.0D0,1.0D0,0.0D0,0.0D0,1.02563724595398D0,0.0D0,0.0D0,1.0D0;    0000753P   3338
126,1,1,1,0,1,0,0.0D0,0.0D0,0.4999998661229045D0,                0000755P   3339
0.4999998661229045D0,1.0D0,1.0D0,0.0D0,1.0D0,0.0D0,0.0D0,        0000755P   3340
0.5000001338770955D0,0.0D0,0.0D0,0.4999998661229045D0,0.0D0,     0000755P   3341
0.0D0,1.0D0;                                                     0000755P   3342
102,4,749,751,753,755;                                           0000757P   3343
126,3,3,1,0,0,0,0.0D0,0.0D0,0.0D0,0.0D0,1.02563724595398D0,      0000759P   3344
1.02563724595398D0,1.02563724595398D0,1.02563724595398D0,1.0D0,  0000759P   3345
1.000334016887882D0,1.000388366321495D0,1.0D0,                   0000759P   3346
0.6410260502694906D0,2.178133730478128D-19,                      0000759P   3347
-0.6247309900839194D0,0.9832589061528798D0,                      0000759P   3348
2.236073853725636D-09,-0.6246667130163611D0,1.325385629437346D0, 0000759P   3349
-1.410446945480744D-09,-0.6245854717273194D0,                    0000759P   3350
1.666667164648821D0,-6.561913163234406D-19,                      0000759P   3351
-0.6244771823135273D0,0.0D0,1.02563724595398D0,0.0D0,1.0D0,      0000759P   3352
0.0D0;                                                           0000759P   3353
126,2,2,1,0,0,0,0.4999999313582913D0,0.4999999313582913D0,       0000761P   3354
0.4999999313582913D0,1.0D0,1.0D0,1.0D0,1.0D0,                    0000761P   3355
0.9956702292377876D0,1.0D0,1.66666716464882D0,                   0000761P   3356
-6.561913163234402D-19,-0.624477182313527D0,1.666667164649655D0, 0000761P   3357
0.002800803056916652D0,-0.6244771823135266D0,                    0000761P   3358
1.666667000000001D0,0.00555320378591995D0,-0.6239587345889036D0, 0000761P   3359
0.4999999313582913D0,1.0D0,0.0D0,-0.09295588353814344D0,         0000761P   3360
0.9956702283967536D0;                                            0000761P   3361
126,3,3,1,0,1,0,-1.02563724595398D0,-1.02563724595398D0,         0000763P   3362
-1.02563724595398D0,-1.02563724595398D0,-0.0D0,-0.0D0,-0.0D0,    0000763P   3363
-0.0D0,1.0D0,1.0D0,1.0D0,1.0D0,1.666667D0,                       0000763P   3364
0.005553203785919949D0,-0.6239587345889036D0,                    0000763P   3365
1.324786363006133D0,0.004987416018650873D0,                      0000763P   3366
-0.6241737018279713D0,0.9829060751894498D0,                      0000763P   3367
0.004473703444754547D0,-0.6243350874750915D0,                    0000763P   3368
0.6410260000000004D0,0.004001100280399727D0,                     0000763P   3369
-0.6244629796053915D0,-1.02563724595398D0,-0.0D0,                0000763P   3370
0.001513299222927755D0,-0.9999988549620754D0,0.0D0;              0000763P   3371
126,2,2,1,0,0,0,-1.0D0,-1.0D0,-1.0D0,-0.5000001338770955D0,      0000765P   3372
-0.5000001338770955D0,-0.5000001338770955D0,1.0D0,               0000765P   3373
0.9977640790836556D0,1.0D0,0.6410260000000004D0,                 0000765P   3374
0.004001100280399727D0,-0.6244629796053915D0,                    0000765P   3375
0.6410260502694771D0,0.00200952637801063D0,                      0000765P   3376
-0.6247309900839195D0,0.6410260502694907D0,                      0000765P   3377
2.178133730478128D-19,-0.6247309900839194D0,-1.0D0,              0000765P   3378
-0.5000001338770955D0,0.0D0,0.06683442300219329D0,               0000765P   3379
-0.9977640802824905D0;                                           0000765P   3380
102,4,759,761,763,765;                                           0000767P   3381
142,0,747,757,767,1;                                             0000769P   3382
144,747,1,0,769;                                                 0000771P   3383
128,4,2,3,2,0,0,0,0,0,0.0D0,0.0D0,0.0D0,0.0D0,                   0000773P   3384
0.512806233700606D0,1.025606505848572D0,1.025606505848572D0,     0000773P   3385
1.025606505848572D0,1.025606505848572D0,0.0D0,0.0D0,0.0D0,1.0D0, 0000773P   3386
1.0D0,1.0D0,1.0D0,1.000000000000001D0,1.000000000000001D0,1.0D0, 0000773P   3387
1.0D0,0.9827187273703859D0,0.9783449085217904D0,                 0000773P   3388
0.9673278372117382D0,0.9496588757971716D0,0.9384621091764618D0,  0000773P   3389
1.0D0,1.000000000000001D0,1.000000000000001D0,1.0D0,1.0D0,       0000773P   3390
1.666667000000001D0,-0.005553150422351058D0,                     0000773P   3391
-0.6239587552967381D0,1.837606361748987D0,                       0000773P   3392
-0.006249069843506984D0,-0.6236947451523691D0,                   0000773P   3393
2.17948450344272D0,-0.007738629475270431D0,                      0000773P   3394
-0.6230290612478573D0,2.521366610736278D0,                       0000773P   3395
-0.009448124866180947D0,-0.6219517137697028D0,                   0000773P   3396
2.692308000000001D0,-0.01036146766695092D0,-0.621261906619667D0, 0000773P   3397
1.666667811593123D0,2.964425478159536D-09,-0.6250047481857812D0, 0000773P   3398
1.838346960794636D0,-1.862325479400396D-09,                      0000773P   3399
-0.6250079033122389D0,2.183201973893036D0,1.009010576355897D-09, 0000773P   3400
-0.625017990270708D0,2.523343557010202D0,3.449720597464371D-10,  0000773P   3401
-0.6250483987713345D0,2.692315903767468D0,                       0000773P   3402
-1.500374466106383D-09,-0.6250752290315674D0,                    0000773P   3403
1.666667000000001D0,0.005553156148056434D0,                      0000773P   3404
-0.6239587542182425D0,1.837606361755048D0,                       0000773P   3405
0.006249066231615701D0,-0.6236947457150777D0,                    0000773P   3406
2.179484503426767D0,0.007738631474442905D0,                      0000773P   3407
-0.6230290611792405D0,2.521366610754662D0,                       0000773P   3408
0.009448125417202772D0,-0.6219517133120555D0,                    0000773P   3409
2.692307999975457D0,0.01036146502415796D0,-0.6212619075923471D0, 0000773P   3410
0.0D0,1.025606505848572D0,0.0D0,1.0D0;                           0000773P   3411
126,2,1,1,0,1,0,0.0D0,0.0D0,0.5128186796831517D0,                0000775P   3412
1.025645428049218D0,1.025645428049218D0,1.0D0,1.0D0,1.0D0,0.0D0, 0000775P   3413
0.4999997399653483D0,0.0D0,0.512806233700606D0,                  0000775P   3414
0.4999998662028713D0,0.0D0,1.025606505848572D0,                  0000775P   3415
0.5000000658555694D0,0.0D0,0.0D0,1.025645428049218D0,0.0D0,      0000775P   3416
0.0D0,1.0D0;                                                     0000775P   3417
126,1,1,1,0,1,0,0.5000000658555694D0,0.5000000658555694D0,1.0D0, 0000777P   3418
1.0D0,1.0D0,1.0D0,1.025606505848572D0,0.5000000658555694D0,      0000777P   3419
0.0D0,1.025606505848572D0,1.0D0,0.0D0,0.5000000658555694D0,      0000777P   3420
1.0D0,0.0D0,0.0D0,1.0D0;                                         0000777P   3421
126,1,1,1,0,1,0,0.0D0,0.0D0,1.025606505848572D0,                 0000779P   3422
1.025606505848572D0,1.0D0,1.0D0,1.025606505848572D0,1.0D0,0.0D0, 0000779P   3423
0.0D0,1.0D0,0.0D0,0.0D0,1.025606505848572D0,0.0D0,0.0D0,1.0D0;   0000779P   3424
126,1,1,1,0,1,0,0.0D0,0.0D0,0.5000002600346517D0,                0000781P   3425
0.5000002600346517D0,1.0D0,1.0D0,0.0D0,1.0D0,0.0D0,0.0D0,        0000781P   3426
0.4999997399653483D0,0.0D0,0.0D0,0.5000002600346517D0,0.0D0,     0000781P   3427
0.0D0,1.0D0;                                                     0000781P   3428
102,4,775,777,779,781;                                           0000783P   3429
126,6,3,1,0,0,0,0.0D0,0.0D0,0.0D0,0.0D0,0.5128186796831518D0,    0000785P   3430
0.5128186796831518D0,0.5128186796831518D0,1.025645428049218D0,   0000785P   3431
1.025645428049218D0,1.025645428049218D0,1.025645428049218D0,     0000785P   3432
1.0D0,0.9949118535846797D0,0.9892757403305313D0,                 0000785P   3433
0.9828323906568849D0,0.9895011923493825D0,0.995352904672271D0,   0000785P   3434
1.0D0,1.66666740225966D0,0.0D0,-0.624477193059655D0,             0000785P   3435
1.837972689353982D0,-3.524345308879052D-09,                      0000785P   3436
-0.6243441373374644D0,2.009164192195228D0,                       0000785P   3437
-2.316040923319583D-09,-0.6241760434837554D0,                    0000785P   3438
2.179485805856628D0,-2.004124223882681D-09,                      0000785P   3439
-0.6239562133091064D0,2.351052775875167D0,1.169923355699519D-09, 0000785P   3440
-0.6237347757817581D0,2.522329478987832D0,8.743540269455793D-10, 0000785P   3441
-0.6234600773411804D0,2.692311826421977D0,                       0000785P   3442
-8.948967677855655D-19,-0.6231080397285066D0,0.0D0,              0000785P   3443
1.025645428049218D0,0.0D0,1.0D0,0.0D0;                           0000785P   3444
126,2,2,1,0,0,0,0.5000000658555694D0,0.5000000658555694D0,       0000787P   3445
0.5000000658555694D0,1.0D0,1.0D0,1.0D0,1.0D0,                    0000787P   3446
0.9844953340130445D0,1.0D0,2.692311826421978D0,                  0000787P   3447
-8.948967677855657D-19,-0.6231080397285067D0,                    0000787P   3448
2.692311826415128D0,0.00534519859246145D0,-0.6231080397285211D0, 0000787P   3449
2.692307999975458D0,0.01036146502415796D0,-0.6212619075923472D0, 0000787P   3450
0.5000000658555694D0,1.0D0,0.0D0,-0.1754103878754509D0,          0000787P   3451
0.9844954016273433D0;                                            0000787P   3452
126,4,3,1,0,1,0,-1.025606505848572D0,-1.025606505848572D0,       0000789P   3453
-1.025606505848572D0,-1.025606505848572D0,-0.512806233700606D0,  0000789P   3454
-0.0D0,-0.0D0,-0.0D0,-0.0D0,1.0D0,1.0D0,1.0D0,1.0D0,1.0D0,       0000789P   3455
2.692307999975457D0,0.01036146502415796D0,-0.6212619075923471D0, 0000789P   3456
2.521366610754663D0,0.009448125417202774D0,                      0000789P   3457
-0.6219517133120556D0,2.179484503426769D0,                       0000789P   3458
0.007738631474442912D0,-0.6230290611792411D0,1.83760636175505D0, 0000789P   3459
0.006249066231615709D0,-0.6236947457150784D0,                    0000789P   3460
1.666667000000001D0,0.005553156148056434D0,                      0000789P   3461
-0.6239587542182425D0,-1.025606505848572D0,-0.0D0,               0000789P   3462
0.004688049754129973D0,-0.9999890110343727D0,0.0D0;              0000789P   3463
126,2,2,1,0,0,0,-1.0D0,-1.0D0,-1.0D0,-0.4999997399653483D0,      0000791P   3464
-0.4999997399653483D0,-0.4999997399653483D0,1.0D0,               0000791P   3465
0.9956703042160749D0,1.0D0,1.666667000000001D0,                  0000791P   3466
0.005553156148056434D0,-0.6239587542182425D0,                    0000791P   3467
1.666667402259871D0,0.002800778608554923D0,-0.624477193059655D0, 0000791P   3468
1.66666740225966D0,0.0D0,-0.624477193059655D0,-1.0D0,            0000791P   3469
-0.4999997399653483D0,0.0D0,0.09295509509153423D0,               0000791P   3470
-0.995670302005902D0;                                            0000791P   3471
102,4,785,787,789,791;                                           0000793P   3472
142,0,773,783,793,1;                                             0000795P   3473
144,773,1,0,795;                                                 0000797P   3474
128,5,4,3,2,0,0,0,0,0,0.0D0,0.0D0,0.0D0,0.0D0,                   0000799P   3475
0.2435272099900123D0,0.5126864125212394D0,1.025396945933037D0,   0000799P   3476
1.025396945933037D0,1.025396945933037D0,1.025396945933037D0,     0000799P   3477
0.0D0,0.0D0,0.0D0,0.5D0,0.5D0,1.0D0,1.0D0,1.0D0,1.0D0,           0000799P   3478
0.9999999999999998D0,0.9999999999999992D0,0.9999999999999986D0,  0000799P   3479
0.9999999999999997D0,1.0D0,0.9173971259465285D0,                 0000799P   3480
0.9342734991038471D0,0.9669093964135213D0,1.019197556230299D0,   0000799P   3481
1.04450054049955D0,1.056521478955503D0,1.0D0,                    0000799P   3482
1.018395929832357D0,1.053970378875897D0,1.110966589500417D0,     0000799P   3483
1.13854786652169D0,1.151651176000178D0,0.9173971259465285D0,     0000799P   3484
0.9342734991038471D0,0.9669093964135213D0,1.019197556230299D0,   0000799P   3485
1.04450054049955D0,1.056521478955503D0,1.0D0,                    0000799P   3486
0.9999999999999998D0,0.9999999999999992D0,0.9999999999999986D0,  0000799P   3487
0.9999999999999997D0,1.0D0,3.717949000000002D0,                  0000799P   3488
0.02190595623899123D0,-0.6028965819935579D0,3.636754685247547D0, 0000799P   3489
0.02103661202866553D0,-0.6055227729368001D0,3.465813217288805D0, 0000799P   3490
0.01912177351860196D0,-0.6102165575323721D0,3.12392088772788D0,  0000799P   3491
0.01513132535764357D0,-0.6169732994586186D0,2.863240662449615D0, 0000799P   3492
0.01215674115397141D0,-0.6198815997373679D0,2.692308D0,          0000799P   3493
0.01035841483238713D0,-0.6212646754476153D0,3.718147854016414D0, 0000799P   3494
0.01301419973700612D0,-0.6123974524327116D0,3.638360709552456D0, 0000799P   3495
0.01227197317921509D0,-0.6140660838410553D0,3.469876655492321D0, 0000799P   3496
0.01077841789653731D0,-0.6169381369326302D0,3.131018431310416D0, 0000799P   3497
0.008091540750330658D0,-0.6208073540857489D0,                    0000799P   3498
2.865117845845886D0,0.006343385854179742D0,                      0000799P   3499
-0.6223848066036715D0,2.692315707113836D0,                       0000799P   3500
0.005343521954414963D0,-0.6231096732525395D0,3.71814785400602D0, 0000799P   3501
-9.098088276460301D-11,-0.6123974523934523D0,                    0000799P   3502
3.638360709549921D0,4.817505486870238D-11,-0.6140660838619502D0, 0000799P   3503
3.469876655492034D0,-2.271608265350502D-11,                      0000799P   3504
-0.6169381369228146D0,3.131018431311167D0,1.642644426274636D-11, 0000799P   3505
-0.6208073540928351D0,2.865117845845213D0,                       0000799P   3506
-7.677425984681555D-12,-0.6223848066003617D0,                    0000799P   3507
2.692315707113835D0,-5.503508861306841D-17,                      0000799P   3508
-0.6231096732525394D0,3.718147853995626D0,                       0000799P   3509
-0.01301419991896789D0,-0.6123974523541932D0,                    0000799P   3510
3.638360709547384D0,-0.01227197308286498D0,                      0000799P   3511
-0.6140660838828449D0,3.469876655491748D0,                       0000799P   3512
-0.01077841794196948D0,-0.6169381369129988D0,                    0000799P   3513
3.131018431311918D0,-0.008091540717477769D0,                     0000799P   3514
-0.6208073540999211D0,2.86511784584454D0,                        0000799P   3515
-0.006343385869534593D0,-0.6223848065970519D0,                   0000799P   3516
2.692315707113836D0,-0.005343521954415073D0,                     0000799P   3517
-0.6231096732525395D0,3.717948999965012D0,                       0000799P   3518
-0.02190595636331389D0,-0.6028965818613927D0,                    0000799P   3519
3.636754685238854D0,-0.02103661196159657D0,-0.605522773008436D0, 0000799P   3520
3.46581321728779D0,-0.01912177355133878D0,-0.6102165574975443D0, 0000799P   3521
3.123920887730688D0,-0.01513132533268846D0,                      0000799P   3522
-0.6169732994851208D0,2.863240662447037D0,-0.0121567411659218D0, 0000799P   3523
-0.6198815997246823D0,2.692308000000001D0,                       0000799P   3524
-0.01035841483238735D0,-0.6212646754476153D0,0.0D0,              0000799P   3525
1.025396945933037D0,0.0D0,1.0D0;                                 0000799P   3526
126,1,1,1,0,1,0,-1.025396945933037D0,-1.025396945933037D0,       0000801P   3527
-0.0D0,-0.0D0,1.0D0,1.0D0,1.025396945933037D0,0.5D0,0.0D0,0.0D0, 0000801P   3528
0.4999999980949108D0,0.0D0,-1.025396945933037D0,-0.0D0,0.0D0,    0000801P   3529
0.0D0,1.0D0;                                                     0000801P   3530
126,1,1,1,0,1,0,0.5000000019050892D0,0.5000000019050892D0,1.0D0, 0000803P   3531
1.0D0,1.0D0,1.0D0,0.0D0,0.4999999980949108D0,0.0D0,0.0D0,0.0D0,  0000803P   3532
0.0D0,0.5000000019050892D0,1.0D0,0.0D0,0.0D0,1.0D0;              0000803P   3533
126,1,1,1,0,1,0,0.0D0,0.0D0,1.025396945933037D0,                 0000805P   3534
1.025396945933037D0,1.0D0,1.0D0,0.0D0,0.0D0,0.0D0,               0000805P   3535
1.025396945933037D0,0.0D0,0.0D0,0.0D0,1.025396945933037D0,0.0D0, 0000805P   3536
0.0D0,1.0D0;                                                     0000805P   3537
126,1,1,1,0,1,0,0.0D0,0.0D0,0.5D0,0.5D0,1.0D0,1.0D0,             0000807P   3538
1.025396945933037D0,0.0D0,0.0D0,1.025396945933037D0,0.5D0,0.0D0, 0000807P   3539
0.0D0,0.5D0,0.0D0,0.0D0,1.0D0;                                   0000807P   3540
102,4,801,803,805,807;                                           0000809P   3541
126,9,3,1,0,0,0,-1.025396945933037D0,-1.025396945933037D0,       0000811P   3542
-1.025396945933037D0,-1.025396945933037D0,-0.5126864125212394D0, 0000811P   3543
-0.5126864125212394D0,-0.5126864125212394D0,                     0000811P   3544
-0.2435272099900123D0,-0.2435272099900123D0,                     0000811P   3545
-0.2435272099900123D0,-0.0D0,-0.0D0,-0.0D0,-0.0D0,1.0D0,         0000811P   3546
1.036264586835522D0,1.068948065684519D0,1.095547154203454D0,     0000811P   3547
1.082467813813935D0,1.06750672517422D0,1.050595051393243D0,      0000811P   3548
1.035293873898987D0,1.018395929832357D0,1.0D0,                   0000811P   3549
2.692315707113835D0,-5.503508861306841D-17,                      0000811P   3550
-0.6231096732525394D0,2.865117845845213D0,                       0000811P   3551
-7.677471849021401D-12,-0.6223848066003617D0,                    0000811P   3552
3.038004394537991D0,7.994691614774197D-12,-0.621359158916002D0,  0000811P   3553
3.205159199717779D0,1.110703344911945D-12,-0.6197811312365371D0, 0000811P   3554
3.295990972615253D0,-2.630049776031558D-12,-0.618923632394952D0, 0000811P   3555
3.386122978463928D0,-1.304146242573594D-11,                      0000811P   3556
-0.6178944695188225D0,3.474467831515208D0,8.937083210206134D-13, 0000811P   3557
-0.6166323680379954D0,3.556886669763604D0,1.389413272688876D-11, 0000811P   3558
-0.615454926068162D0,3.63836070954992D0,4.817505111332601D-11,   0000811P   3559
-0.6140660838619501D0,3.71814785400602D0,1.180204160585239D-18,  0000811P   3560
-0.6123974523934525D0,-1.025396945933037D0,-0.0D0,-0.0D0,-1.0D0, 0000811P   3561
-0.0D0;                                                          0000811P   3562
126,2,2,1,0,0,0,-0.4999999980949108D0,-0.4999999980949108D0,     0000813P   3563
-0.4999999980949108D0,-0.0D0,-0.0D0,-0.0D0,1.0D0,                0000813P   3564
0.9173971265499941D0,1.0D0,3.71814785400602D0,                   0000813P   3565
1.180204160585239D-18,-0.6123974523934525D0,3.718147854015587D0, 0000813P   3566
0.0130141997739358D0,-0.6123974523932521D0,3.717949000000002D0,  0000813P   3567
0.02190595623899123D0,-0.6028965819935579D0,                     0000813P   3568
-0.4999999980949108D0,-0.0D0,0.9997810377150922D0,-0.0D0,        0000813P   3569
0.02092550179407301D0;                                           0000813P   3570
126,5,3,1,0,1,0,0.0D0,0.0D0,0.0D0,0.0D0,0.2435272099900123D0,    0000815P   3571
0.5126864125212394D0,1.025396945933037D0,1.025396945933037D0,    0000815P   3572
1.025396945933037D0,1.025396945933037D0,1.0D0,1.0D0,1.0D0,1.0D0, 0000815P   3573
1.0D0,1.0D0,3.717949000000002D0,0.02190595623899123D0,           0000815P   3574
-0.6028965819935579D0,3.636754685247546D0,0.02103661202866553D0, 0000815P   3575
-0.6055227729368D0,3.465813217288802D0,0.01912177351860194D0,    0000815P   3576
-0.6102165575323716D0,3.123920887727875D0,0.01513132535764355D0, 0000815P   3577
-0.6169732994586176D0,2.863240662449613D0,0.01215674115397141D0, 0000815P   3578
-0.6198815997373677D0,2.692308D0,0.01035841483238713D0,          0000815P   3579
-0.6212646754476153D0,0.0D0,1.025396945933037D0,                 0000815P   3580
-0.01112626557020646D0,0.9998554668489693D0,                     0000815P   3581
-0.0128550234029729D0;                                           0000815P   3582
126,2,2,1,0,0,0,0.0D0,0.0D0,0.0D0,0.5D0,0.5D0,0.5D0,1.0D0,       0000817P   3583
0.9845048340635786D0,1.0D0,2.692308D0,0.01035841483238713D0,     0000817P   3584
-0.6212646754476153D0,2.692315707113835D0,                       0000817P   3585
0.005343521954414963D0,-0.6231096732525394D0,                    0000817P   3586
2.692315707113835D0,-5.503508861306841D-17,                      0000817P   3587
-0.6231096732525394D0,0.0D0,0.5D0,0.0D0,0.1753559569199485D0,    0000817P   3588
-0.9845050981953771D0;                                           0000817P   3589
102,4,811,813,815,817;                                           0000819P   3590
142,0,799,809,819,1;                                             0000821P   3591
144,799,1,0,821;                                                 0000823P   3592
128,6,4,3,2,0,0,0,0,0,0.0D0,0.0D0,0.0D0,0.0D0,                   0000825P   3593
0.1830608203285658D0,0.3858504786309272D0,0.5878530667784924D0,  0000825P   3594
0.7703922553257742D0,0.7703922553257742D0,0.7703922553257742D0,  0000825P   3595
0.7703922553257742D0,0.0D0,0.0D0,0.0D0,0.5D0,0.5D0,1.0D0,1.0D0,  0000825P   3596
1.0D0,1.0D0,0.9999999999999993D0,1.000000000000001D0,1.0D0,      0000825P   3597
0.9999999999999998D0,0.9999999999999996D0,1.0D0,                 0000825P   3598
0.8073622380346621D0,0.8268082250715431D0,0.8691251282240358D0,  0000825P   3599
0.9328800019832174D0,0.9919659469152965D0,1.02621517031832D0,    0000825P   3600
1.041310740011673D0,1.0D0,1.024085826808321D0,                   0000825P   3601
1.076499602383834D0,1.155466478410112D0,1.228650412645022D0,     0000825P   3602
1.271071548771472D0,1.289768942558553D0,0.8073622380346621D0,    0000825P   3603
0.8268082250715431D0,0.8691251282240358D0,0.9328800019832174D0,  0000825P   3604
0.9919659469152965D0,1.02621517031832D0,1.041310740011673D0,     0000825P   3605
1.0D0,0.9999999999999993D0,1.000000000000001D0,1.0D0,            0000825P   3606
0.9999999999999998D0,0.9999999999999996D0,1.0D0,                 0000825P   3607
4.487178999999999D0,0.02858334144185426D0,-0.5413328254281786D0, 0000825P   3608
4.426757085543556D0,0.02828331455115241D0,-0.5518321447045923D0, 0000825P   3609
4.29865867838282D0,0.02751953328731795D0,-0.5683081355054032D0,  0000825P   3610
4.102856488775703D0,0.02595301322463335D0,-0.5843487972767242D0, 0000825P   3611
3.907050099105276D0,0.02403751792753482D0,-0.5952888597549431D0, 0000825P   3612
3.778819604150832D0,0.02263736396071996D0,-0.600471607995371D0,  0000825P   3613
3.717949000000002D0,0.0219564999001285D0,-0.6026246356848966D0,  0000825P   3614
4.490451765053465D0,0.0219253298690444D0,-0.5619648389185669D0,  0000825P   3615
4.430681590829814D0,0.02118493256954248D0,-0.5714148332819647D0, 0000825P   3616
4.3048546818879D0,0.01960922051742257D0,-0.5857466273488914D0,   0000825P   3617
4.10823812184496D0,0.01722913900063309D0,-0.5989084457389201D0,  0000825P   3618
3.910980437585294D0,0.01500701900460049D0,-0.6071148266697739D0, 0000825P   3619
3.779982447479402D0,0.01366120437011235D0,-0.6107363461325563D0, 0000825P   3620
3.71817186634572D0,0.0130582309498852D0,-0.6121791391418917D0,   0000825P   3621
4.490451765053466D0,3.619364303284368D-16,-0.5619648389185669D0, 0000825P   3622
4.430681590662653D0,-6.191101231105649D-11,                      0000825P   3623
-0.5714148332689047D0,4.304854681836511D0,7.755099286683096D-11, 0000825P   3624
-0.5857466273861898D0,4.108238121862767D0,                       0000825P   3625
-1.064357868217896D-10,-0.5989084456909366D0,                    0000825P   3626
3.910980437556615D0,1.931759594308713D-10,-0.6071148267557559D0, 0000825P   3627
3.779982447466953D0,-3.293996507974693D-10,                      0000825P   3628
-0.6107363459889729D0,3.718171866345719D0,5.705693363921051D-10, 0000825P   3629
-0.6121791393903134D0,4.490451765053467D0,                       0000825P   3630
-0.02192532986904367D0,-0.561964838918567D0,4.430681590495492D0, 0000825P   3631
-0.02118493269336451D0,-0.571414833255845D0,4.30485468178512D0,  0000825P   3632
-0.01960922036232058D0,-0.5857466274234882D0,                    0000825P   3633
4.108238121880574D0,-0.01722913921350466D0,-0.598908445642953D0, 0000825P   3634
3.910980437527936D0,-0.01500701861824857D0,                      0000825P   3635
-0.6071148268417378D0,3.779982447454505D0,                       0000825P   3636
-0.01366120502891165D0,-0.6107363458453892D0,3.71817186634572D0, 0000825P   3637
-0.01305822980874652D0,-0.6121791396387352D0,                    0000825P   3638
4.487179000000002D0,-0.02858334144185423D0,                      0000825P   3639
-0.5413328254281788D0,4.426757085097213D0,                       0000825P   3640
-0.02828331461022602D0,-0.5518321446697206D0,                    0000825P   3641
4.298658678238579D0,-0.02751953319793607D0,                      0000825P   3642
-0.5683081356100921D0,4.10285648882935D0,-0.02595301335547692D0, 0000825P   3643
-0.5843487971321647D0,3.907050099013402D0,                       0000825P   3644
-0.02403751767598458D0,-0.5952888600303865D0,                    0000825P   3645
3.778819604109576D0,-0.02263736440353706D0,                      0000825P   3646
-0.6004716075195191D0,3.717949000000002D0,                       0000825P   3647
-0.02195649912252252D0,-0.6026246365203041D0,0.0D0,              0000825P   3648
0.7703922553257742D0,0.0D0,1.0D0;                                0000825P   3649
126,1,1,1,0,1,0,-0.7703922553257742D0,-0.7703922553257742D0,     0000827P   3650
-0.0D0,-0.0D0,1.0D0,1.0D0,0.7703922553257742D0,                  0000827P   3651
0.500000013529934D0,0.0D0,0.0D0,0.5D0,0.0D0,                     0000827P   3652
-0.7703922553257742D0,-0.0D0,0.0D0,0.0D0,1.0D0;                  0000827P   3653
126,1,1,1,0,1,0,0.5D0,0.5D0,1.0D0,1.0D0,1.0D0,1.0D0,0.0D0,0.5D0, 0000829P   3654
0.0D0,0.0D0,0.0D0,0.0D0,0.5D0,1.0D0,0.0D0,0.0D0,1.0D0;           0000829P   3655
126,1,1,1,0,1,0,0.0D0,0.0D0,0.7703922553257742D0,                0000831P   3656
0.7703922553257742D0,1.0D0,1.0D0,0.0D0,0.0D0,0.0D0,              0000831P   3657
0.7703922553257742D0,0.0D0,0.0D0,0.0D0,0.7703922553257742D0,     0000831P   3658
0.0D0,0.0D0,1.0D0;                                               0000831P   3659
126,1,1,1,0,1,0,0.0D0,0.0D0,0.500000013529934D0,                 0000833P   3660
0.500000013529934D0,1.0D0,1.0D0,0.7703922553257742D0,0.0D0,      0000833P   3661
0.0D0,0.7703922553257742D0,0.500000013529934D0,0.0D0,0.0D0,      0000833P   3662
0.500000013529934D0,0.0D0,0.0D0,1.0D0;                           0000833P   3663
102,4,827,829,831,833;                                           0000835P   3664
126,12,3,1,0,0,0,-0.7703922553257742D0,-0.7703922553257742D0,    0000837P   3665
-0.7703922553257742D0,-0.7703922553257742D0,                     0000837P   3666
-0.5878530999872873D0,-0.5878530999872873D0,                     0000837P   3667
-0.5878530999872873D0,-0.3858505004282608D0,                     0000837P   3668
-0.3858505004282608D0,-0.3858505004282608D0,                     0000837P   3669
-0.1830608306699752D0,-0.1830608306699752D0,                     0000837P   3670
-0.1830608306699752D0,0.0D0,0.0D0,0.0D0,0.0D0,1.0D0,             0000837P   3671
1.072742254442094D0,1.149204399982204D0,1.229559475483437D0,     0000837P   3672
1.205905272211663D0,1.180734911414707D0,1.154584038838887D0,     0000837P   3673
1.128331273651119D0,1.101090340990292D0,1.073688620070062D0,     0000837P   3674
1.048952735843695D0,1.024085826808321D0,1.0D0,                   0000837P   3675
3.71817186634572D0,-1.495015583083312D-18,-0.6121791393903135D0, 0000837P   3676
3.779982476128899D0,-3.293995227024523D-10,                      0000837P   3677
-0.6107363451965964D0,3.841058514720773D0,                       0000837P   3678
-8.575574336392326D-11,-0.6090478608159188D0,                    0000837P   3679
3.900959503497922D0,2.565266185501365D-12,-0.6070101715035545D0, 0000837P   3680
3.969722738926054D0,1.039532148133871D-10,-0.6046710096169831D0, 0000837P   3681
4.037366492961151D0,1.210144468866207D-12,-0.6018568712262812D0, 0000837P   3682
4.103364806926741D0,-2.187039207986656D-11,-0.5983146343389D0,   0000837P   3683
4.172697407357648D0,-4.611697539559385D-11,                      0000837P   3684
-0.5945934408721632D0,4.240603502002814D0,1.742714733050407D-11, 0000837P   3685
-0.5900477012883559D0,4.30674385517952D0,1.155586036785541D-11,  0000837P   3686
-0.5840634565195075D0,4.369417238973315D0,5.99233668677573D-12,  0000837P   3687
-0.5783928960960999D0,4.430681590662653D0,                       0000837P   3688
-6.191084549139086D-11,-0.5714148332689051D0,                    0000837P   3689
4.490451765053466D0,3.619364303284368D-16,-0.5619648389185669D0, 0000837P   3690
-0.7703922553257742D0,0.0D0,0.0D0,1.0D0,0.0D0;                   0000837P   3691
126,2,2,1,0,0,0,-0.5D0,-0.5D0,-0.5D0,-0.0D0,-0.0D0,-0.0D0,1.0D0, 0000839P   3692
0.8073622380346621D0,1.0D0,4.490451765053466D0,                  0000839P   3693
3.619364303284368D-16,-0.5619648389185669D0,4.490451765053465D0, 0000839P   3694
0.0219253298690444D0,-0.5619648389185669D0,4.487178999999999D0,  0000839P   3695
0.02858334144185426D0,-0.5413328254281786D0,-0.5D0,-0.0D0,       0000839P   3696
0.9876515156144863D0,0.0D0,0.1566667919643741D0;                 0000839P   3697
126,6,3,1,0,1,0,0.0D0,0.0D0,0.0D0,0.0D0,0.1830608203285658D0,    0000841P   3698
0.3858504786309272D0,0.5878530667784924D0,0.7703922553257742D0,  0000841P   3699
0.7703922553257742D0,0.7703922553257742D0,0.7703922553257742D0,  0000841P   3700
1.0D0,1.0D0,1.0D0,1.0D0,1.0D0,1.0D0,1.0D0,4.487178999999999D0,   0000841P   3701
0.02858334144185426D0,-0.5413328254281786D0,4.426757085543553D0, 0000841P   3702
0.02828331455115239D0,-0.551832144704592D0,4.298658678382824D0,  0000841P   3703
0.02751953328731798D0,-0.5683081355054038D0,4.102856488775704D0, 0000841P   3704
0.02595301322463336D0,-0.5843487972767244D0,3.907050099105275D0, 0000841P   3705
0.02403751792753481D0,-0.595288859754943D0,3.77881960415083D0,   0000841P   3706
0.02263736396071995D0,-0.6004716079953708D0,3.717949000000002D0, 0000841P   3707
0.0219564999001285D0,-0.6026246356848966D0,0.0D0,                0000841P   3708
0.7703922553257742D0,0.01268765123561797D0,                      0000841P   3709
-0.9985458449269837D0,-0.0523948383448167D0;                     0000841P   3710
126,2,2,1,0,0,0,0.0D0,0.0D0,0.0D0,0.500000013529934D0,           0000843P   3711
0.500000013529934D0,0.500000013529934D0,1.0D0,                   0000843P   3712
0.9169051000978876D0,1.0D0,3.717949000000002D0,                  0000843P   3713
0.0219564999001285D0,-0.6026246356848966D0,3.718171866351512D0,  0000843P   3714
0.01305823071865164D0,-0.6121791393901785D0,3.71817186634572D0,  0000843P   3715
-1.495015583083312D-18,-0.6121791393903135D0,0.0D0,              0000843P   3716
0.500000013529934D0,-0.9997280647031883D0,-0.0D0,                0000843P   3717
-0.02331944778115102D0;                                          0000843P   3718
102,4,837,839,841,843;                                           0000845P   3719
142,0,825,835,845,1;                                             0000847P   3720
144,825,1,0,847;                                                 0000849P   3721
128,10,4,3,2,0,0,0,0,0,0.0D0,0.0D0,0.0D0,0.0D0,                  0000851P   3722
0.1215210426139862D0,0.2158491363270824D0,0.3059653845716569D0,  0000851P   3723
0.3895350481473102D0,0.4725974961528077D0,0.5527763763571229D0,  0000851P   3724
0.6341711036769193D0,0.734422358284656D0,0.734422358284656D0,    0000851P   3725
0.734422358284656D0,0.734422358284656D0,0.0D0,0.0D0,0.0D0,0.5D0, 0000851P   3726
0.5D0,1.0D0,1.0D0,1.0D0,1.0D0,0.9999999999999988D0,              0000851P   3727
1.000000000000001D0,0.9999999999999988D0,1.0D0,                  0000851P   3728
0.9999999999999985D0,1.000000000000001D0,1.0D0,1.0D0,1.0D0,      0000851P   3729
1.0D0,0.7794702290543769D0,0.7794852595152106D0,                 0000851P   3730
0.7767266239118734D0,0.7663718177661237D0,0.7543457668578035D0,  0000851P   3731
0.7447737837639999D0,0.7484361279722021D0,0.7690879654937975D0,  0000851P   3732
0.8000178756767848D0,0.8238503002491543D0,0.8369233240187496D0,  0000851P   3733
1.0D0,1.000019282918415D0,0.9964801668617517D0,                  0000851P   3734
0.9831957516784911D0,0.9677672587610519D0,0.9554871449901693D0,  0000851P   3735
0.9601856492712694D0,0.9866803590777613D0,1.026361040943585D0,   0000851P   3736
1.05693619786944D0,1.073707875968621D0,0.7794702290543769D0,     0000851P   3737
0.7794852595152106D0,0.7767266239118734D0,0.7663718177661237D0,  0000851P   3738
0.7543457668578035D0,0.7447737837639999D0,0.7484361279722021D0,  0000851P   3739
0.7690879654937975D0,0.8000178756767848D0,0.8238503002491543D0,  0000851P   3740
0.8369233240187496D0,1.0D0,0.9999999999999988D0,                 0000851P   3741
1.000000000000001D0,0.9999999999999988D0,1.0D0,                  0000851P   3742
0.9999999999999985D0,1.000000000000001D0,1.0D0,1.0D0,1.0D0,      0000851P   3743
1.0D0,4.867015299907095D0,0.02929744578926419D0,0.0D0,           0000851P   3744
4.867018663828001D0,0.02929709210728393D0,                       0000851P   3745
-0.04070035656019064D0,4.863940738991407D0,                      0000851P   3746
0.02932641579343651D0,-0.112972619870493D0,4.849998138301999D0,  0000851P   3747
0.02942723509121413D0,-0.2147753224205858D0,4.827170712073316D0, 0000851P   3748
0.02953391193540451D0,-0.3021985736243016D0,4.78980991342022D0,  0000851P   3749
0.02960806761667487D0,-0.3812308518868254D0,4.733559682379413D0, 0000851P   3750
0.02958134368810583D0,-0.4447629867966034D0,4.662457573464473D0, 0000851P   3751
0.02940893115745334D0,-0.488780140001956D0,4.579669623656384D0,  0000851P   3752
0.02908462169078629D0,-0.52020841044537D0,4.520149793320583D0,   0000851P   3753
0.02876929096697138D0,-0.5344829167785267D0,4.487179D0,          0000851P   3754
0.02857331385482268D0,-0.5411498626415582D0,4.890560865646789D0, 0000851P   3755
0.0241101936569294D0,1.369261704981965D-05,4.89056956867802D0,   0000851P   3756
0.02410943776322617D0,-0.04136854207228453D0,                    0000851P   3757
4.887534953768979D0,0.02421928210748403D0,-0.1152311666970482D0, 0000851P   3758
4.873739614452713D0,0.02463090710157486D0,-0.2195714790525878D0, 0000851P   3759
4.850561932085121D0,0.02511429488591255D0,-0.3105594661655898D0, 0000851P   3760
4.811277384311603D0,0.02550093788277524D0,-0.3950305672401114D0, 0000851P   3761
4.749920806743071D0,0.02535324918446567D0,-0.4641665664779602D0, 0000851P   3762
4.673278570014118D0,0.02452865285388633D0,-0.5103950327512872D0, 0000851P   3763
4.586889457792386D0,0.02332030363543149D0,-0.5416919025336242D0, 0000851P   3764
4.525084468210211D0,0.02240017051151654D0,-0.5554064619253041D0, 0000851P   3765
4.490927525505008D0,0.02190006548069599D0,-0.5616688636038053D0, 0000851P   3766
4.890560865646788D0,-4.596815434974376D-16,                      0000851P   3767
1.369261704981965D-05,4.890569568664411D0,8.025896835685567D-11, 0000851P   3768
-0.04136854237869648D0,4.887534953791599D0,                      0000851P   3769
-1.292915713146819D-10,-0.1152311661089079D0,                    0000851P   3770
4.873739614426906D0,9.208320656750203D-11,-0.2195714793734875D0, 0000851P   3771
4.850561932125076D0,-3.570301627374751D-11,                      0000851P   3772
-0.3105594660285679D0,4.811277384253072D0,                       0000851P   3773
-9.865228149132314D-11,-0.3950305671383847D0,                    0000851P   3774
4.749920806769927D0,-6.257557380916496D-11,                      0000851P   3775
-0.4641665664199153D0,4.67327856989017D0,-9.375972798696379D-12, 0000851P   3776
-0.5103950327924537D0,4.586889457990503D0,4.870315293827058D-11, 0000851P   3777
-0.5416919025071437D0,4.525084467816821D0,                       0000851P   3778
-1.301206061717191D-10,-0.5554064619288224D0,                    0000851P   3779
4.490927525505009D0,7.896811814286506D-11,-0.561668863662406D0,  0000851P   3780
4.890560865646788D0,-0.02411019365693033D0,                      0000851P   3781
1.369261704981965D-05,4.890569568650804D0,                       0000851P   3782
-0.02410943760270823D0,-0.04136854268510843D0,                   0000851P   3783
4.887534953814221D0,-0.02421928236606717D0,                      0000851P   3784
-0.1152311655207675D0,4.873739614401099D0,                       0000851P   3785
-0.02463090691740844D0,-0.2195714796943872D0,                    0000851P   3786
4.850561932165032D0,-0.02511429495731859D0,-0.310559465891546D0, 0000851P   3787
4.811277384194539D0,-0.02550093808007981D0,                      0000851P   3788
-0.3950305670366579D0,4.749920806796784D0,                       0000851P   3789
-0.02535324930961682D0,-0.4641665663618703D0,                    0000851P   3790
4.673278569766222D0,-0.02452865287263828D0,                      0000851P   3791
-0.5103950328336203D0,4.586889458188621D0,                       0000851P   3792
-0.02332030353802518D0,-0.5416919024806632D0,4.52508446742343D0, 0000851P   3793
-0.02240017077175776D0,-0.5554064619323407D0,                    0000851P   3794
4.490927525505009D0,-0.02190006532275975D0,                      0000851P   3795
-0.5616688637210067D0,4.867015299907094D0,-0.0292974457892644D0, 0000851P   3796
0.0D0,4.867018663794929D0,-0.02929709207632359D0,                0000851P   3797
-0.04070035730487653D0,4.863940739046189D0,                      0000851P   3798
-0.02932641584327807D0,-0.1129726184461693D0,                    0000851P   3799
4.849998138240334D0,-0.02942723505743929D0,                      0000851P   3800
-0.2147753231873614D0,4.827170712167289D0,                       0000851P   3801
-0.02953391194726503D0,-0.3021985733020317D0,                    0000851P   3802
4.789809913284303D0,-0.02960806765104555D0,-0.381230851650604D0, 0000851P   3803
4.733559682442084D0,-0.0295813437051307D0,-0.4447629866611534D0, 0000851P   3804
4.662457573167254D0,-0.02940893116820569D0,                      0000851P   3805
-0.4887801401006704D0,4.579669624150561D0,-0.0290846216591799D0, 0000851P   3806
-0.5202084103793182D0,4.520149792310095D0,-0.0287692910434514D0, 0000851P   3807
-0.534482916787564D0,4.487179000000002D0,-0.02857331380669773D0, 0000851P   3808
-0.5411498627944722D0,0.0D0,0.734422358284656D0,0.0D0,1.0D0;     0000851P   3809
126,1,1,1,0,1,0,-0.734422358284656D0,-0.734422358284656D0,       0000853P   3810
-0.0D0,-0.0D0,1.0D0,1.0D0,0.734422358284656D0,                   0000853P   3811
0.5000000011565032D0,0.0D0,0.0D0,0.499999999999994D0,0.0D0,      0000853P   3812
-0.734422358284656D0,-0.0D0,0.0D0,0.0D0,1.0D0;                   0000853P   3813
126,1,1,1,0,1,0,0.5D0,0.5D0,1.0D0,1.0D0,1.0D0,1.0D0,0.0D0,       0000855P   3814
0.499999999999994D0,0.0D0,0.0D0,0.0D0,0.0D0,0.5D0,1.0D0,0.0D0,   0000855P   3815
0.0D0,1.0D0;                                                     0000855P   3816
126,1,1,1,0,1,0,0.0D0,0.0D0,0.734422358284656D0,                 0000857P   3817
0.734422358284656D0,1.0D0,1.0D0,0.0D0,0.0D0,0.0D0,               0000857P   3818
0.734422358284656D0,0.0D0,0.0D0,0.0D0,0.734422358284656D0,0.0D0, 0000857P   3819
0.0D0,1.0D0;                                                     0000857P   3820
126,1,1,1,0,1,0,0.0D0,0.0D0,0.500000001156503D0,                 0000859P   3821
0.500000001156503D0,1.0D0,1.0D0,0.734422358284656D0,0.0D0,0.0D0, 0000859P   3822
0.734422358284656D0,0.5000000011565032D0,0.0D0,0.0D0,            0000859P   3823
0.500000001156503D0,0.0D0,0.0D0,1.0D0;                           0000859P   3824
102,4,853,855,857,859;                                           0000861P   3825
126,24,3,1,0,0,0,-0.734422358284656D0,-0.734422358284656D0,      0000863P   3826
-0.734422358284656D0,-0.734422358284656D0,-0.6341711036769193D0, 0000863P   3827
-0.6341711036769193D0,-0.6341711036769193D0,                     0000863P   3828
-0.5527763763571229D0,-0.5527763763571229D0,                     0000863P   3829
-0.5527763763571229D0,-0.4725974961528077D0,                     0000863P   3830
-0.4725974961528077D0,-0.4725974961528077D0,                     0000863P   3831
-0.3895350481473102D0,-0.3895350481473102D0,                     0000863P   3832
-0.3895350481473102D0,-0.3059653845716569D0,                     0000863P   3833
-0.3059653845716569D0,-0.3059653845716569D0,                     0000863P   3834
-0.2158491363270824D0,-0.2158491363270824D0,                     0000863P   3835
-0.2158491363270824D0,-0.1215210426139862D0,                     0000863P   3836
-0.1215210426139862D0,-0.1215210426139862D0,-0.0D0,-0.0D0,       0000863P   3837
-0.0D0,-0.0D0,1.0D0,1.007994152310547D0,1.015695887828156D0,     0000863P   3838
1.024114843692987D0,1.011167532930828D0,0.9988318125793132D0,    0000863P   3839
0.9882695697521402D0,0.9778651021629623D0,0.9691815245969984D0,  0000863P   3840
0.9640133448796101D0,0.9586592958087735D0,0.9570780482932995D0,  0000863P   3841
0.9582653839642231D0,0.9594599700251096D0,0.9634570548641326D0,  0000863P   3842
0.9678456479415811D0,0.9725780296012698D0,0.9777656611021719D0,  0000863P   3843
0.9823303690492622D0,0.9871084219242272D0,0.9912039622157689D0,  0000863P   3844
0.9941856034687496D0,0.9980267937175968D0,1.000019282918415D0,   0000863P   3845
1.0D0,4.490927525505009D0,1.590090681069661D-17,                 0000863P   3846
-0.5616688636624062D0,4.525084467816821D0,                       0000863P   3847
-1.301206075708149D-10,-0.5554064619288225D0,                    0000863P   3848
4.558745594422061D0,-3.272704593630025D-11,                      0000863P   3849
-0.5479370404511892D0,4.59167049062822D0,-1.782647658826429D-13, 0000863P   3850
-0.5381619549913193D0,4.619166320242269D0,2.700346833975918D-11, 0000863P   3851
-0.5299987072597419D0,4.646094410696087D0,8.899782579325091D-12, 0000863P   3852
-0.5202432540542807D0,4.672125604146137D0,                       0000863P   3853
-8.873411101546639D-12,-0.5078061240450352D0,4.69831775794601D0, 0000863P   3854
-2.675650291205461D-11,-0.4952920907312626D0,                    0000863P   3855
4.723428255167657D0,-4.418644610288517D-11,                      0000863P   3856
-0.4801461369638926D0,4.746071770881837D0,                       0000863P   3857
-5.887401236560197D-11,-0.4614072705863312D0,4.76978711531704D0, 0000863P   3858
-7.425681321825619D-11,-0.4417814017027816D0,                    0000863P   3859
4.790434724520438D0,-8.639730543792103D-11,                      0000863P   3860
-0.4185158749474197D0,4.807235368815073D0,-8.22616262480884D-11, 0000863P   3861
-0.3930369710354043D0,4.82409664179561D0,-7.811102258332496D-11, 0000863P   3862
-0.3674661210982635D0,4.836887488305608D0,                       0000863P   3863
-5.761508623134949D-11,-0.3399627655207314D0,                    0000863P   3864
4.847031647465324D0,-2.754488962583607D-11,                      0000863P   3865
-0.3118787356394702D0,4.857867882344137D0,4.576817865052174D-12, 0000863P   3866
-0.2818786992298035D0,4.865665596334146D0,4.75681722365897D-11,  0000863P   3867
-0.2512674289904575D0,4.871643386722597D0,3.710778070925307D-11, 0000863P   3868
-0.2204749049549125D0,4.877841343754502D0,2.626212487150506D-11, 0000863P   3869
-0.1885482684430442D0,4.882100091503156D0,                       0000863P   3870
-4.207831832334578D-11,-0.1563374570623004D0,                    0000863P   3871
4.885067296564163D0,-4.008456285153287D-11,                      0000863P   3872
-0.1241153694824428D0,4.888863756480077D0,                       0000863P   3873
-3.753360578073843D-11,-0.08288806587893034D0,                   0000863P   3874
4.890569568664411D0,8.025853818351183D-11,                       0000863P   3875
-0.04136854237869656D0,4.890560865646788D0,                      0000863P   3876
-4.596815434974376D-16,1.369261704981965D-05,                    0000863P   3877
-0.734422358284656D0,-0.0D0,0.0D0,1.0D0,0.0D0;                   0000863P   3878
126,2,2,1,0,0,0,-0.5D0,-0.5D0,-0.5D0,-0.0D0,-0.0D0,-0.0D0,1.0D0, 0000865P   3879
0.7794702290543769D0,1.0D0,4.890560865646788D0,                  0000865P   3880
-4.596815434974376D-16,1.369261704981965D-05,                    0000865P   3881
4.890560865646789D0,0.0241101936569294D0,1.369261704981965D-05,  0000865P   3882
4.867015299907095D0,0.02929744578926419D0,0.0D0,-0.5D0,-0.0D0,   0000865P   3883
-0.0005815368755999747D0,-0.0D0,0.9999998309074171D0;            0000865P   3884
126,10,3,1,0,1,0,0.0D0,0.0D0,0.0D0,0.0D0,0.1215210426139862D0,   0000867P   3885
0.2158491363270824D0,0.3059653845716569D0,0.3895350481473102D0,  0000867P   3886
0.4725974961528077D0,0.5527763763571229D0,0.6341711036769193D0,  0000867P   3887
0.734422358284656D0,0.734422358284656D0,0.734422358284656D0,     0000867P   3888
0.734422358284656D0,1.0D0,1.0D0,1.0D0,1.0D0,1.0D0,1.0D0,1.0D0,   0000867P   3889
1.0D0,1.0D0,1.0D0,1.0D0,4.867015299907095D0,                     0000867P   3890
0.02929744578926419D0,0.0D0,4.867018663827995D0,                 0000867P   3891
0.02929709210728389D0,-0.04070035656019059D0,                    0000867P   3892
4.863940738991412D0,0.02932641579343654D0,-0.1129726198704931D0, 0000867P   3893
4.849998138301992D0,0.0294272350912141D0,-0.2147753224205855D0,  0000867P   3894
4.827170712073316D0,0.02953391193540451D0,-0.3021985736243016D0, 0000867P   3895
4.789809913420213D0,0.02960806761667482D0,-0.3812308518868248D0, 0000867P   3896
4.733559682379417D0,0.02958134368810585D0,-0.4447629867966037D0, 0000867P   3897
4.662457573464474D0,0.02940893115745335D0,-0.4887801400019561D0, 0000867P   3898
4.579669623656386D0,0.0290846216907863D0,-0.5202084104453703D0,  0000867P   3899
4.520149793320583D0,0.02876929096697138D0,-0.5344829167785267D0, 0000867P   3900
4.487179D0,0.02857331385482268D0,-0.5411498626415582D0,0.0D0,    0000867P   3901
0.734422358284656D0,0.004131311892227797D0,-0.99998957455046D0,  0000867P   3902
-0.001945007053778905D0;                                         0000867P   3903
126,2,2,1,0,0,0,0.0D0,0.0D0,0.0D0,0.500000001156503D0,           0000869P   3904
0.500000001156503D0,0.500000001156503D0,1.0D0,                   0000869P   3905
0.8076860861871399D0,1.0D0,4.487179D0,0.02857331385482268D0,     0000869P   3906
-0.5411498626415582D0,4.490927525515367D0,0.02190006546225312D0, 0000869P   3907
-0.5616688636605141D0,4.490927525505009D0,1.590090681069661D-17, 0000869P   3908
-0.5616688636624062D0,0.0D0,0.500000001156503D0,                 0000869P   3909
-0.9837193874532347D0,0.0D0,-0.1797113428491166D0;               0000869P   3910
102,4,863,865,867,869;                                           0000871P   3911
142,0,851,861,871,1;                                             0000873P   3912
144,851,1,0,873;                                                 0000875P   3913
128,1,13,1,3,0,0,1,0,0,-1.282052D0,-1.282052D0,0.0D0,0.0D0,      0000877P   3914
0.0D0,0.0D0,0.0D0,0.0D0,0.2412479390957927D0,                    0000877P   3915
0.2412479390957927D0,0.3618719086436891D0,0.3618719086436891D0,  0000877P   3916
0.4824958781915855D0,0.4824958781915855D0,0.6031198477394818D0,  0000877P   3917
0.6031198477394818D0,0.7237438172873782D0,0.7237438172873782D0,  0000877P   3918
0.9649917563831709D0,0.9649917563831709D0,0.9649917563831709D0,  0000877P   3919
0.9649917563831709D0,1.0D0,1.0D0,1.0D0,1.0D0,1.0D0,1.0D0,1.0D0,  0000877P   3920
1.0D0,1.0D0,1.0D0,1.0D0,1.0D0,1.0D0,1.0D0,1.0D0,1.0D0,1.0D0,     0000877P   3921
1.0D0,1.0D0,1.0D0,1.0D0,1.0D0,1.0D0,1.0D0,1.0D0,1.0D0,1.0D0,     0000877P   3922
1.0D0,0.6410260000000005D0,-4.336808689942018D-19,               0000877P   3923
-0.6249999999999996D0,-0.6410259999999997D0,                     0000877P   3924
-4.336808689942018D-19,-0.6249999999999996D0,                    0000877P   3925
0.6410260000000019D0,0.07966730190192146D0,                      0000877P   3926
-0.6143348411822167D0,-0.6410259999999997D0,                     0000877P   3927
0.0796678005555034D0,-0.6143348909052173D0,0.6410259999999997D0, 0000877P   3928
0.1593073983356707D0,-0.6020479035687876D0,                      0000877P   3929
-0.6410259999999997D0,0.1593108236163652D0,                      0000877P   3930
-0.6020470901187633D0,0.6410260000000003D0,0.276479287589165D0,  0000877P   3931
-0.5735203155776141D0,-0.6410259999999997D0,                     0000877P   3932
0.2764757231317483D0,-0.5735212775009591D0,0.6410260000000007D0, 0000877P   3933
0.3153121114545821D0,-0.5622088778435859D0,                      0000877P   3934
-0.6410259999999991D0,0.3153134545590384D0,                      0000877P   3935
-0.5622086163530466D0,0.6410260000000004D0,0.3888381537371733D0, 0000877P   3936
-0.5303190221970215D0,-0.6410259999999999D0,                     0000877P   3937
0.3888390384257761D0,-0.5303183248242971D0,0.6410260000000002D0, 0000877P   3938
0.4246973982028304D0,-0.5089578817105196D0,                      0000877P   3939
-0.6410259999999994D0,0.4246966592916371D0,                      0000877P   3940
-0.5089584416534048D0,0.6410260000000003D0,0.4716683015576485D0, 0000877P   3941
-0.4424479239370665D0,-0.6410260000000002D0,                     0000877P   3942
0.4716686594784315D0,-0.442447698579121D0,0.6410260000000011D0,  0000877P   3943
0.4788476912570031D0,-0.4013398330934379D0,                      0000877P   3944
-0.6410259999999993D0,0.4788478137468019D0,                      0000877P   3945
-0.4013385492849324D0,0.6410259999999999D0,0.4868383236621073D0, 0000877P   3946
-0.3216860905518475D0,-0.6410259999999997D0,                     0000877P   3947
0.4868382661329731D0,-0.3216867109783068D0,0.6410260000000008D0, 0000877P   3948
0.4881703498947748D0,-0.2813588938915141D0,                      0000877P   3949
-0.6410259999999997D0,0.4881703735860491D0,                      0000877P   3950
-0.2813590240045489D0,0.6410260000000001D0,0.4922064865550815D0, 0000877P   3951
-0.160849960338032D0,-0.6410259999999991D0,0.4922065629595392D0, 0000877P   3952
-0.1608451736439287D0,0.6410260000000008D0,0.4933693729651701D0, 0000877P   3953
-0.08040817691655278D0,-0.641026D0,0.4933693066067716D0,         0000877P   3954
-0.08041304668244642D0,0.6410260000000005D0,                     0000877P   3955
0.4933980000000001D0,4.440892098500626D-16,                      0000877P   3956
-0.6410259999999997D0,0.4933980000000001D0,                      0000877P   3957
4.440892098500626D-16,-1.282052D0,0.0D0,0.0D0,                   0000877P   3958
0.9649917563831709D0;                                            0000877P   3959
126,1,1,1,0,1,0,0.6410259999999997D0,0.6410259999999997D0,       0000879P   3960
1.282052D0,1.282052D0,1.0D0,1.0D0,-0.6410259999999997D0,         0000879P   3961
0.9649917563831709D0,0.0D0,-1.282052D0,0.9649917563831709D0,     0000879P   3962
0.0D0,0.6410259999999997D0,1.282052D0,0.0D0,0.0D0,1.0D0;         0000879P   3963
126,1,1,1,0,1,0,-0.9649917563831709D0,-0.9649917563831709D0,     0000881P   3964
-0.004038754620394314D0,-0.004038754620394314D0,1.0D0,1.0D0,     0000881P   3965
-1.282052D0,0.9649917563831709D0,0.0D0,-1.282052D0,              0000881P   3966
0.004038754620394314D0,0.0D0,-0.9649917563831709D0,              0000881P   3967
-0.004038754620394314D0,0.0D0,0.0D0,1.0D0;                       0000881P   3968
126,3,3,1,0,1,0,0.0D0,0.0D0,0.0D0,0.0D0,0.6410259999872484D0,    0000883P   3969
0.6410259999872484D0,0.6410259999872484D0,0.6410259999872484D0,  0000883P   3970
1.0D0,1.0D0,1.0D0,1.0D0,-1.282052D0,0.004038754620394314D0,      0000883P   3971
0.0D0,-1.068376666670917D0,0.004038743993322617D0,0.0D0,         0000883P   3972
-0.8547013333418336D0,0.004038733366300959D0,0.0D0,              0000883P   3973
-0.6410259999999997D0,0.004038722739330196D0,0.0D0,0.0D0,        0000883P   3974
0.6410259999872484D0,0.0D0,0.0D0,1.0D0;                          0000883P   3975
126,1,1,1,0,1,0,0.004038722739635763D0,0.004038722739635763D0,   0000885P   3976
0.9649917563831709D0,0.9649917563831709D0,1.0D0,1.0D0,           0000885P   3977
-0.6410259999999997D0,0.004038722739330196D0,0.0D0,              0000885P   3978
-0.6410259999999997D0,0.9649917563831709D0,0.0D0,                0000885P   3979
0.004038722739635763D0,0.9649917563831709D0,0.0D0,0.0D0,1.0D0;   0000885P   3980
102,4,879,881,883,885;                                           0000887P   3981
126,1,1,1,0,1,0,0.6410259999999997D0,0.6410259999999997D0,       0000889P   3982
1.282052D0,1.282052D0,1.0D0,1.0D0,0.0D0,0.4933980000000001D0,    0000889P   3983
4.440892098500626D-16,0.6410260000000005D0,0.4933980000000001D0, 0000889P   3984
4.440892098500626D-16,0.6410259999999997D0,1.282052D0,0.0D0,     0000889P   3985
0.0D0,1.0D0;                                                     0000889P   3986
126,13,3,1,0,1,0,-0.9649917563831709D0,-0.9649917563831709D0,    0000891P   3987
-0.9649917563831709D0,-0.9649917563831709D0,                     0000891P   3988
-0.7237438172873782D0,-0.7237438172873782D0,                     0000891P   3989
-0.6031198477394818D0,-0.6031198477394818D0,                     0000891P   3990
-0.4824958781915855D0,-0.4824958781915855D0,                     0000891P   3991
-0.3618719086436891D0,-0.3618719086436891D0,                     0000891P   3992
-0.2412479390957927D0,-0.2412479390957927D0,                     0000891P   3993
-0.004038754620394314D0,-0.004038754620394314D0,                 0000891P   3994
-0.004038754620394314D0,-0.004038754620394314D0,1.0D0,1.0D0,     0000891P   3995
1.0D0,1.0D0,1.0D0,1.0D0,1.0D0,1.0D0,1.0D0,1.0D0,1.0D0,1.0D0,     0000891P   3996
1.0D0,1.0D0,0.6410260000000005D0,0.4933980000000001D0,           0000891P   3997
4.440892098500626D-16,0.6410260000000008D0,0.4933693729651701D0, 0000891P   3998
-0.08040817691655278D0,0.641026D0,0.4922064865550815D0,          0000891P   3999
-0.160849960338032D0,0.6410260000000007D0,0.4881703498947748D0,  0000891P   4000
-0.2813588938915141D0,0.6410259999999998D0,0.4868383236621073D0, 0000891P   4001
-0.3216860905518475D0,0.6410260000000009D0,0.4788476912570031D0, 0000891P   4002
-0.4013398330934379D0,0.6410260000000001D0,0.4716683015576485D0, 0000891P   4003
-0.4424479239370665D0,0.641026D0,0.4246973982028304D0,           0000891P   4004
-0.5089578817105196D0,0.6410260000000002D0,0.3888381537371733D0, 0000891P   4005
-0.5303190221970215D0,0.6410260000000003D0,0.3153121114545821D0, 0000891P   4006
-0.5622088778435859D0,0.641026D0,0.276479287589165D0,            0000891P   4007
-0.5735203155776141D0,0.6410259999999993D0,0.1606151221401422D0, 0000891P   4008
-0.6017295148653375D0,0.6410260000000012D0,                      0000891P   4009
0.08233339916746243D0,-0.6139215610212193D0,                     0000891P   4010
0.6410260000000004D0,0.004001123658400694D0,                     0000891P   4011
-0.6244629731411771D0,-0.9649917563831709D0,                     0000891P   4012
-0.004038754620394314D0,1.0D0,0.0D0,0.0D0;                       0000891P   4013
126,3,3,1,0,1,0,0.0D0,0.0D0,0.0D0,0.0D0,0.6410259999999994D0,    0000893P   4014
0.6410259999999994D0,0.6410259999999994D0,0.6410259999999994D0,  0000893P   4015
1.0D0,1.0D0,1.0D0,1.0D0,0.6410260000000004D0,                    0000893P   4016
0.004001123658400694D0,-0.6244629731411771D0,                    0000893P   4017
0.4273506666666668D0,0.004001117636852943D0,                     0000893P   4018
-0.6244629748485527D0,0.2136753333333333D0,                      0000893P   4019
0.004001111615316631D0,-0.6244629765559211D0,                    0000893P   4020
-1.942890293094024D-16,0.004001105593792602D0,                   0000893P   4021
-0.6244629782632813D0,0.0D0,0.6410259999999994D0,0.0D0,0.0D0,    0000893P   4022
1.0D0;                                                           0000893P   4023
126,13,3,1,0,1,0,0.00403872273963555D0,0.00403872273963555D0,    0000895P   4024
0.00403872273963555D0,0.00403872273963555D0,                     0000895P   4025
0.2412479390957927D0,0.2412479390957927D0,0.3618719086436891D0,  0000895P   4026
0.3618719086436891D0,0.4824958781915855D0,0.4824958781915855D0,  0000895P   4027
0.6031198477394818D0,0.6031198477394818D0,0.7237438172873782D0,  0000895P   4028
0.7237438172873782D0,0.9649917563831709D0,0.9649917563831709D0,  0000895P   4029
0.9649917563831709D0,0.9649917563831709D0,1.0D0,1.0D0,1.0D0,     0000895P   4030
1.0D0,1.0D0,1.0D0,1.0D0,1.0D0,1.0D0,1.0D0,1.0D0,1.0D0,1.0D0,     0000895P   4031
1.0D0,-1.942890293094024D-16,0.004001105593792602D0,             0000895P   4032
-0.6244629782632813D0,4.038040589153087D-16,                     0000895P   4033
0.08233367538355473D0,-0.6139215749964087D0,                     0000895P   4034
-6.481836957924251D-16,0.1606167854525855D0,                     0000895P   4035
-0.6017291205607642D0,-2.901608647906508D-16,                    0000895P   4036
0.276477505360345D0,-0.5735207965393016D0,1.639866753828702D-16, 0000895P   4037
0.3153127830067049D0,-0.5622087470983302D0,                      0000895P   4038
-3.140471670516894D-16,0.3888385960813828D0,                     0000895P   4039
-0.5303186735106716D0,-1.911076270147238D-16,                    0000895P   4040
0.4246970287471492D0,-0.5089581616819734D0,                      0000895P   4041
-4.992808888232999D-16,0.4716684805179711D0,                     0000895P   4042
-0.442447811258103D0,3.446463566768335D-16,0.4788477525018405D0, 0000895P   4043
-0.4013391911891935D0,-4.118100736133312D-16,                    0000895P   4044
0.4868382948974911D0,-0.3216864007650838D0,4.22468304025628D-17, 0000895P   4045
0.4881703617403692D0,-0.2813589589480373D0,                      0000895P   4046
1.653284443866181D-17,0.4922065247572862D0,                      0000895P   4047
-0.1608475669909836D0,-7.489005532382374D-17,                    0000895P   4048
0.4933693397859588D0,-0.08041061179950122D0,0.0D0,               0000895P   4049
0.4933980000000001D0,4.440892098500626D-16,                      0000895P   4050
0.00403872273963555D0,0.9649917563831709D0,1.0D0,0.0D0,0.0D0;    0000895P   4051
102,4,889,891,893,895;                                           0000897P   4052
142,0,877,887,897,1;                                             0000899P   4053
144,877,1,0,899;                                                 0000901P   4054
128,3,2,3,2,0,0,0,0,0,0.0D0,0.0D0,0.0D0,0.0D0,                   0000903P   4055
1.282052000000001D0,1.282052000000001D0,1.282052000000001D0,     0000903P   4056
1.282052000000001D0,0.0D0,0.0D0,0.0D0,0.00807438215074318D0,     0000903P   4057
0.00807438215074318D0,0.00807438215074318D0,1.0D0,               0000903P   4058
0.9999999999999997D0,0.9999999999999996D0,1.0D0,                 0000903P   4059
0.9910662100710788D0,0.9910662640936077D0,0.9910663181156851D0,  0000903P   4060
0.9910663721372811D0,1.0D0,0.9999999999999997D0,                 0000903P   4061
0.9999999999999996D0,1.0D0,0.6410260000000004D0,                 0000903P   4062
0.004001123658400694D0,-0.6244629731411771D0,                    0000903P   4063
0.2136753333673362D0,0.004001111615305195D0,                     0000903P   4064
-0.6244629765559286D0,-0.2136753332653275D0,                     0000903P   4065
0.004001099572255451D0,-0.6244629799706504D0,                    0000903P   4066
-0.6410259998979919D0,0.004001087529258205D0,                    0000903P   4067
-0.624462983385337D0,0.6410260000022608D0,5.543442692232266D-18, 0000903P   4068
-0.6250014164986821D0,0.2136753566303037D0,                      0000903P   4069
-7.984226076258624D-18,-0.6250014166427319D0,                    0000903P   4070
-0.2136753099004216D0,1.065654957167207D-17,                     0000903P   4071
-0.6250014167867792D0,-0.6410259999476591D0,                     0000903P   4072
4.065638132667465D-19,-0.6250014169308207D0,                     0000903P   4073
0.6410260000000003D0,-0.004001123658401877D0,                    0000903P   4074
-0.6244629731411767D0,0.213675333300612D0,                       0000903P   4075
-0.004001111615303351D0,-0.6244629765559296D0,                   0000903P   4076
-0.2136753331310151D0,-0.004001099572260036D0,                   0000903P   4077
-0.6244629799706495D0,-0.6410259999999997D0,                     0000903P   4078
-0.004001087529257014D0,-0.6244629833853375D0,0.0D0,             0000903P   4079
1.282052000000001D0,0.0D0,0.00807438215074318D0;                 0000903P   4080
126,1,1,1,0,1,0,0.0D0,0.0D0,0.004037191075371592D0,              0000905P   4081
0.004037191075371592D0,1.0D0,1.0D0,0.6410260000510045D0,0.0D0,   0000905P   4082
0.0D0,0.6410260000263979D0,0.004037191075371592D0,0.0D0,0.0D0,   0000905P   4083
0.004037191075371592D0,0.0D0,0.0D0,1.0D0;                        0000905P   4084
126,1,1,1,0,1,0,-0.6410260000263979D0,-0.6410260000263979D0,     0000907P   4085
-0.0D0,-0.0D0,1.0D0,1.0D0,0.6410260000263979D0,                  0000907P   4086
0.004037191075371592D0,0.0D0,0.0D0,0.004037191075371294D0,0.0D0, 0000907P   4087
-0.6410260000263979D0,-0.0D0,0.0D0,0.0D0,1.0D0;                  0000907P   4088
126,1,1,1,0,1,0,0.5000000000000366D0,0.5000000000000366D0,1.0D0, 0000909P   4089
1.0D0,1.0D0,1.0D0,0.0D0,0.004037191075371294D0,0.0D0,0.0D0,      0000909P   4090
0.0D0,0.0D0,0.5000000000000366D0,1.0D0,0.0D0,0.0D0,1.0D0;        0000909P   4091
126,1,1,1,0,1,0,0.0D0,0.0D0,0.6410259999999991D0,                0000911P   4092
0.6410259999999991D0,1.0D0,1.0D0,0.0D0,0.0D0,0.0D0,              0000911P   4093
0.6410260000510045D0,0.0D0,0.0D0,0.0D0,0.6410259999999991D0,     0000911P   4094
0.0D0,0.0D0,1.0D0;                                               0000911P   4095
102,4,905,907,909,911;                                           0000913P   4096
126,2,2,1,0,0,0,0.0D0,0.0D0,0.0D0,0.004057377030748601D0,        0000915P   4097
0.004057377030748601D0,0.004057377030748601D0,1.0D0,             0000915P   4098
0.9977640730915627D0,1.0D0,9.714451465470121D-17,                0000915P   4099
0.004001105593792602D0,-0.6244629782632815D0,                    0000915P   4100
2.470700510141498D-11,0.002009529070763861D0,                    0000915P   4101
-0.6247309895301455D0,3.208582691591515D-11,                     0000915P   4102
-2.589392630613712D-16,-0.6247309895301455D0,0.0D0,              0000915P   4103
0.004057377030748601D0,1.0D0,0.0D0,0.0D0;                        0000915P   4104
126,3,3,1,0,0,0,-0.6410260000263979D0,-0.6410260000263979D0,     0000917P   4105
-0.6410260000263979D0,-0.6410260000263979D0,-0.0D0,-0.0D0,       0000917P   4106
-0.0D0,-0.0D0,1.0D0,1.000000000000058D0,1.000000000000057D0,     0000917P   4107
1.0D0,3.208582691591516D-11,-2.589392630613713D-16,              0000917P   4108
-0.6247309895301458D0,0.213675336249716D0,                       0000917P   4109
-5.828322978124459D-17,-0.6247309886331166D0,                    0000917P   4110
0.4273506695579321D0,2.287222012259492D-16,                      0000917P   4111
-0.6247309877360829D0,0.6410260000011255D0,0.0D0,                0000917P   4112
-0.6247309868390445D0,-0.6410260000263979D0,-0.0D0,0.0D0,0.0D0,  0000917P   4113
1.0D0;                                                           0000917P   4114
126,2,2,1,0,0,0,-0.4999999999999634D0,-0.4999999999999634D0,     0000919P   4115
-0.4999999999999634D0,-0.0D0,-0.0D0,-0.0D0,1.0D0,                0000919P   4116
0.997764052787802D0,1.0D0,0.6410260000011255D0,0.0D0,            0000919P   4117
-0.6247309868390446D0,0.6410260000011255D0,                      0000919P   4118
0.002009538225380338D0,-0.6247309868390447D0,                    0000919P   4119
0.6410260000000003D0,0.004001123658400694D0,                     0000919P   4120
-0.6244629731411769D0,-0.4999999999999634D0,-0.0D0,1.0D0,0.0D0,  0000919P   4121
0.0D0;                                                           0000919P   4122
126,3,3,1,0,1,0,0.0D0,0.0D0,0.0D0,0.0D0,0.6410259999999991D0,    0000921P   4123
0.6410259999999991D0,0.6410259999999991D0,0.6410259999999991D0,  0000921P   4124
1.0D0,1.0D0,1.0D0,1.0D0,0.6410260000000004D0,                    0000921P   4125
0.004001123658400694D0,-0.6244629731411771D0,                    0000921P   4126
0.427350666666667D0,0.004001117636852944D0,                      0000921P   4127
-0.6244629748485528D0,0.2136753333333336D0,                      0000921P   4128
0.004001111615316632D0,-0.6244629765559212D0,                    0000921P   4129
9.714451465470123D-17,0.004001105593792603D0,                    0000921P   4130
-0.6244629782632817D0,0.0D0,0.6410259999999991D0,0.0D0,0.0D0,    0000921P   4131
1.0D0;                                                           0000921P   4132
102,4,915,917,919,921;                                           0000923P   4133
142,0,903,913,923,1;                                             0000925P   4134
144,903,1,0,925;                                                 0000927P   4135
128,13,1,3,1,0,0,1,0,0,0.0D0,0.0D0,0.0D0,0.0D0,                  0000929P   4136
0.2309814939005527D0,0.2309814939005527D0,0.3464722408508291D0,  0000929P   4137
0.3464722408508291D0,0.4619629878011055D0,0.4619629878011055D0,  0000929P   4138
0.5774537347513818D0,0.5774537347513818D0,0.6929444817016581D0,  0000929P   4139
0.6929444817016581D0,0.9239259756022109D0,0.9239259756022109D0,  0000929P   4140
0.9239259756022109D0,0.9239259756022109D0,0.0D0,0.0D0,           0000929P   4141
1.029133863083529D0,1.029133863083529D0,1.0D0,1.0D0,1.0D0,1.0D0, 0000929P   4142
1.0D0,1.0D0,1.0D0,1.0D0,1.0D0,1.0D0,1.0D0,1.0D0,1.0D0,1.0D0,     0000929P   4143
1.0D0,1.0D0,1.0D0,1.0D0,1.0D0,1.0D0,1.0D0,1.0D0,1.0D0,1.0D0,     0000929P   4144
1.0D0,1.0D0,1.0D0,1.0D0,-1.666667D0,0.454321D0,0.0D0,            0000929P   4145
-1.666666999999996D0,0.4543255444428447D0,                       0000929P   4146
-0.07357207400474053D0,-1.666667000000006D0,0.448390298310184D0, 0000929P   4147
-0.1471400349919008D0,-1.666666999999999D0,0.430883735757253D0,  0000929P   4148
-0.2560924354227034D0,-1.666667000000003D0,0.4237326899546211D0, 0000929P   4149
-0.2922266103074045D0,-1.666666999999999D0,0.4056083738233466D0, 0000929P   4150
-0.3634878421650807D0,-1.666667000000002D0,0.3948126260587798D0, 0000929P   4151
-0.3988825529898696D0,-1.666667D0,0.362582573409086D0,           0000929P   4152
-0.4650751423421329D0,-1.666667000000001D0,0.3392704412780718D0, 0000929P   4153
-0.4947078602339619D0,-1.666667000000001D0,0.2808618807224628D0, 0000929P   4154
-0.5396894399210845D0,-1.666667D0,0.2475643687321939D0,          0000929P   4155
-0.5561657040240107D0,-1.666667000000003D0,0.1445237749030019D0, 0000929P   4156
-0.595765948189712D0,-1.666667D0,0.07222919959253564D0,          0000929P   4157
-0.6115162669750405D0,-1.666667000000001D0,                      0000929P   4158
-4.336808689942018D-19,-0.6249999999999996D0,                    0000929P   4159
-0.6410260000000004D0,0.493398D0,0.0D0,-0.6410259999999985D0,    0000929P   4160
0.4933693349751422D0,-0.08041025067732122D0,                     0000929P   4161
-0.6410260000000025D0,0.4922065520912307D0,                      0000929P   4162
-0.1608466312582424D0,-0.6410260000000004D0,                     0000929P   4163
0.4881703462371557D0,-0.2813593631180211D0,                      0000929P   4164
-0.6410260000000005D0,0.4868383579303339D0,                      0000929P   4165
-0.3216845809129829D0,-0.6410260000000017D0,                     0000929P   4166
0.4788479790630145D0,-0.4013383903978431D0,                      0000929P   4167
-0.6410260000000005D0,0.4716684610116433D0,                      0000929P   4168
-0.4424476019134453D0,-0.641026000000001D0,0.4246978789326746D0, 0000929P   4169
-0.5089574774749388D0,-0.6410260000000011D0,                     0000929P   4170
0.3888385348866533D0,-0.5303186959565951D0,                      0000929P   4171
-0.6410260000000011D0,0.3153143886060898D0,                      0000929P   4172
-0.5622082000964079D0,-0.6410260000000005D0,                     0000929P   4173
0.2764765332428864D0,-0.5735211125465294D0,-0.641026000000002D0, 0000929P   4174
0.1593098382283913D0,-0.6020472558853589D0,                      0000929P   4175
-0.6410260000000009D0,0.07966970079528721D0,                     0000929P   4176
-0.6143345921151859D0,-0.6410260000000005D0,                     0000929P   4177
-4.336808689942018D-19,-0.6249999999999996D0,0.0D0,              0000929P   4178
0.9239259756022109D0,0.0D0,1.029133863083529D0;                  0000929P   4179
126,1,1,1,0,1,0,0.003866745980203313D0,0.003866745980203313D0,   0000931P   4180
0.9239259756022109D0,0.9239259756022109D0,1.0D0,1.0D0,           0000931P   4181
0.9200592296220076D0,1.029133863083529D0,0.0D0,0.0D0,            0000931P   4182
1.029133863083529D0,0.0D0,0.003866745980203313D0,                0000931P   4183
0.9239259756022109D0,0.0D0,0.0D0,1.0D0;                          0000931P   4184
126,1,1,1,0,1,0,0.0D0,0.0D0,1.029133863083529D0,                 0000933P   4185
1.029133863083529D0,1.0D0,1.0D0,0.0D0,1.029133863083529D0,0.0D0, 0000933P   4186
0.0D0,0.0D0,0.0D0,0.0D0,1.029133863083529D0,0.0D0,0.0D0,1.0D0;   0000933P   4187
126,1,1,1,0,1,0,0.0D0,0.0D0,0.9180065237543821D0,                0000935P   4188
0.9180065237543821D0,1.0D0,1.0D0,0.0D0,0.0D0,0.0D0,              0000935P   4189
0.918006523754382D0,0.0D0,0.0D0,0.0D0,0.9180065237543821D0,      0000935P   4190
0.0D0,0.0D0,1.0D0;                                               0000935P   4191
126,3,3,1,0,1,0,-1.02563724595398D0,-1.02563724595398D0,         0000937P   4192
-1.02563724595398D0,-1.02563724595398D0,-0.0D0,-0.0D0,-0.0D0,    0000937P   4193
-0.0D0,1.0D0,1.0D0,1.0D0,1.0D0,0.918006523754382D0,0.0D0,0.0D0,  0000937P   4194
0.9188125031046639D0,0.3430443645583612D0,0.0D0,                 0000937P   4195
0.9194818353364391D0,0.6860890408159431D0,0.0D0,                 0000937P   4196
0.9200592296220076D0,1.029133863083529D0,0.0D0,                  0000937P   4197
-1.02563724595398D0,-0.0D0,0.0D0,0.0D0,1.0D0;                    0000937P   4198
102,4,931,933,935,937;                                           0000939P   4199
126,13,3,1,0,1,0,-0.9200592296220076D0,-0.9200592296220076D0,    0000941P   4200
-0.9200592296220076D0,-0.9200592296220076D0,                     0000941P   4201
-0.6929444817016581D0,-0.6929444817016581D0,                     0000941P   4202
-0.5774537347513818D0,-0.5774537347513818D0,                     0000941P   4203
-0.4619629878011055D0,-0.4619629878011055D0,                     0000941P   4204
-0.3464722408508291D0,-0.3464722408508291D0,                     0000941P   4205
-0.2309814939005527D0,-0.2309814939005527D0,-0.0D0,-0.0D0,       0000941P   4206
-0.0D0,-0.0D0,1.0D0,1.0D0,1.0D0,1.0D0,1.0D0,1.0D0,1.0D0,1.0D0,   0000941P   4207
1.0D0,1.0D0,1.0D0,1.0D0,1.0D0,1.0D0,-0.6410260000000004D0,       0000941P   4208
0.004001100280399727D0,-0.6244629796053917D0,                    0000941P   4209
-0.6410260000000009D0,0.08233570393510493D0,                     0000941P   4210
-0.6139213137102664D0,-0.641026000000002D0,0.1606174576955337D0, 0000941P   4211
-0.6017288945938013D0,-0.6410260000000005D0,                     0000941P   4212
0.2764765332428864D0,-0.5735211125465294D0,                      0000941P   4213
-0.6410260000000011D0,0.3153143886060898D0,                      0000941P   4214
-0.5622082000964079D0,-0.6410260000000011D0,                     0000941P   4215
0.3888385348866533D0,-0.5303186959565951D0,-0.641026000000001D0, 0000941P   4216
0.4246978789326746D0,-0.5089574774749388D0,                      0000941P   4217
-0.6410260000000005D0,0.4716684610116433D0,                      0000941P   4218
-0.4424476019134453D0,-0.6410260000000017D0,                     0000941P   4219
0.4788479790630145D0,-0.4013383903978431D0,                      0000941P   4220
-0.6410260000000005D0,0.4868383579303339D0,                      0000941P   4221
-0.3216845809129829D0,-0.6410260000000004D0,                     0000941P   4222
0.4881703462371557D0,-0.2813593631180211D0,                      0000941P   4223
-0.6410260000000025D0,0.4922065520912307D0,                      0000941P   4224
-0.1608466312582424D0,-0.6410259999999985D0,                     0000941P   4225
0.4933693349751422D0,-0.08041025067732122D0,                     0000941P   4226
-0.6410260000000004D0,0.493398D0,0.0D0,-0.9200592296220076D0,    0000941P   4227
-0.0D0,1.0D0,0.0D0,0.0D0;                                        0000941P   4228
126,1,1,1,0,1,0,-1.029133863083529D0,-1.029133863083529D0,       0000943P   4229
-0.0D0,-0.0D0,1.0D0,1.0D0,-0.6410260000000004D0,0.493398D0,      0000943P   4230
0.0D0,-1.666667D0,0.454321D0,0.0D0,-1.029133863083529D0,-0.0D0,  0000943P   4231
0.0D0,0.0D0,1.0D0;                                               0000943P   4232
126,13,3,1,0,1,0,0.0D0,0.0D0,0.0D0,0.0D0,0.2309814939005527D0,   0000945P   4233
0.2309814939005527D0,0.3464722408508291D0,0.3464722408508291D0,  0000945P   4234
0.4619629878011055D0,0.4619629878011055D0,0.5774537347513818D0,  0000945P   4235
0.5774537347513818D0,0.6929444817016581D0,0.6929444817016581D0,  0000945P   4236
0.9180065237543821D0,0.9180065237543821D0,0.9180065237543821D0,  0000945P   4237
0.9180065237543821D0,1.0D0,1.0D0,1.0D0,1.0D0,1.0D0,1.0D0,1.0D0,  0000945P   4238
1.0D0,1.0D0,1.0D0,1.0D0,1.0D0,1.0D0,1.0D0,-1.666667D0,           0000945P   4239
0.454321D0,0.0D0,-1.666666999999996D0,0.4543255444428447D0,      0000945P   4240
-0.07357207400474053D0,-1.666667000000006D0,0.448390298310184D0, 0000945P   4241
-0.1471400349919008D0,-1.666666999999999D0,0.430883735757253D0,  0000945P   4242
-0.2560924354227034D0,-1.666667000000003D0,0.4237326899546211D0, 0000945P   4243
-0.2922266103074045D0,-1.666666999999999D0,0.4056083738233466D0, 0000945P   4244
-0.3634878421650807D0,-1.666667000000002D0,0.3948126260587798D0, 0000945P   4245
-0.3988825529898696D0,-1.666667D0,0.362582573409086D0,           0000945P   4246
-0.4650751423421329D0,-1.666667000000001D0,0.3392704412780718D0, 0000945P   4247
-0.4947078602339619D0,-1.666667000000001D0,0.2808618807224628D0, 0000945P   4248
-0.5396894399210845D0,-1.666667D0,0.2475643687321939D0,          0000945P   4249
-0.5561657040240107D0,-1.666667000000003D0,0.1462842156010669D0, 0000945P   4250
-0.5950893810340706D0,-1.666667D0,0.07593227663022109D0,         0000945P   4251
-0.6107019935618668D0,-1.666667000000001D0,                      0000945P   4252
0.005553203785919741D0,-0.6239587345889037D0,0.0D0,              0000945P   4253
0.9180065237543821D0,1.0D0,0.0D0,0.0D0;                          0000945P   4254
126,3,3,1,0,1,0,-1.02563724595398D0,-1.02563724595398D0,         0000947P   4255
-1.02563724595398D0,-1.02563724595398D0,-0.0D0,-0.0D0,-0.0D0,    0000947P   4256
-0.0D0,1.0D0,1.0D0,1.0D0,1.0D0,-1.666667D0,                      0000947P   4257
0.005553203785919949D0,-0.6239587345889036D0,                    0000947P   4258
-1.324786363006133D0,0.004987416018650873D0,                     0000947P   4259
-0.6241737018279713D0,-0.9829060751894498D0,                     0000947P   4260
0.004473703444754547D0,-0.6243350874750915D0,                    0000947P   4261
-0.6410260000000004D0,0.004001100280399727D0,                    0000947P   4262
-0.6244629796053915D0,-1.02563724595398D0,-0.0D0,                0000947P   4263
-0.001382364013278256D0,-0.9999990445344111D0,0.0D0;             0000947P   4264
102,4,941,943,945,947;                                           0000949P   4265
142,0,929,939,949,1;                                             0000951P   4266
144,929,1,0,951;                                                 0000953P   4267
128,13,1,3,1,0,0,1,0,0,0.0D0,0.0D0,0.0D0,0.0D0,                  0000955P   4268
0.2078838469466987D0,0.2078838469466987D0,0.311825770420048D0,   0000955P   4269
0.311825770420048D0,0.4157676938933973D0,0.4157676938933973D0,   0000955P   4270
0.5197096173667466D0,0.5197096173667466D0,0.623651540840096D0,   0000955P   4271
0.623651540840096D0,0.8315353877867946D0,0.8315353877867946D0,   0000955P   4272
0.8315353877867946D0,0.8315353877867946D0,-1.031442944363556D0,  0000955P   4273
-1.031442944363556D0,0.0D0,0.0D0,1.0D0,1.0D0,1.0D0,1.0D0,1.0D0,  0000955P   4274
1.0D0,1.0D0,1.0D0,1.0D0,1.0D0,1.0D0,1.0D0,1.0D0,1.0D0,1.0D0,     0000955P   4275
1.0D0,1.0D0,1.0D0,1.0D0,1.0D0,1.0D0,1.0D0,1.0D0,1.0D0,1.0D0,     0000955P   4276
1.0D0,1.0D0,1.0D0,-2.692308000000001D0,0.375617D0,0.0D0,         0000955P   4277
-2.692307999999998D0,0.375650365796619D0,-0.06503002003857494D0, 0000955P   4278
-2.692307999999999D0,0.3674300517009513D0,-0.1300009748722721D0, 0000955P   4279
-2.692308000000002D0,0.3441223924917559D0,-0.2246939700364625D0, 0000955P   4280
-2.692308D0,0.3345787428422281D0,-0.2558215820793623D0,          0000955P   4281
-2.692308D0,0.3122138830887403D0,-0.3168686381258092D0,          0000955P   4282
-2.692307999999998D0,0.2994414687856431D0,-0.3468223974649609D0, 0000955P   4283
-2.692308000000001D0,0.2704036714661172D0,-0.4049847779846343D0, 0000955P   4284
-2.692308D0,0.2541232446511988D0,-0.4332372102729492D0,          0000955P   4285
-2.692307999999999D0,0.2164152241868214D0,-0.4862240378161595D0, 0000955P   4286
-2.692308000000001D0,0.1947673207599558D0,-0.5107119259570614D0, 0000955P   4287
-2.692308D0,0.1209106009410402D0,-0.5748246808993853D0,          0000955P   4288
-2.692307999999998D0,0.06109801736319842D0,                      0000955P   4289
-0.6033888776082701D0,-2.692308000000001D0,                      0000955P   4290
4.336808689942018D-19,-0.625D0,-1.666667D0,0.454321D0,0.0D0,     0000955P   4291
-1.666666999999996D0,0.454325663120362D0,-0.07357211508693329D0, 0000955P   4292
-1.666667000000002D0,0.4483898904156723D0,-0.1471428117229396D0, 0000955P   4293
-1.666667000000001D0,0.4308841416987037D0,-0.2560902026628478D0, 0000955P   4294
-1.666666999999998D0,0.4237322582204461D0,-0.2922289147722896D0, 0000955P   4295
-1.666667000000001D0,0.4056083144702021D0,-0.3634873610858267D0, 0000955P   4296
-1.666667D0,0.3948138549661922D0,-0.3988797297997797D0,          0000955P   4297
-1.666666999999999D0,0.3625816511306182D0,-0.4650767157984279D0, 0000955P   4298
-1.666667D0,0.3392714258615613D0,-0.494706395194509D0,           0000955P   4299
-1.666667D0,0.2808631377884645D0,-0.5396890142679025D0,          0000955P   4300
-1.666667000000002D0,0.2475628579335423D0,-0.5561663254743809D0, 0000955P   4301
-1.666667000000001D0,0.1445261248157704D0,-0.5957652144299064D0, 0000955P   4302
-1.666667D0,0.07222750465801879D0,-0.6115167398530594D0,         0000955P   4303
-1.666667D0,4.336808689942018D-19,-0.625D0,0.0D0,                0000955P   4304
0.8315353877867946D0,-1.031442944363556D0,0.0D0;                 0000955P   4305
126,1,1,1,0,1,0,0.0053275882030972D0,0.0053275882030972D0,       0000957P   4306
0.8315353877867946D0,0.8315353877867946D0,1.0D0,1.0D0,           0000957P   4307
0.8262077995836974D0,0.0D0,0.0D0,0.0D0,0.0D0,0.0D0,              0000957P   4308
0.0053275882030972D0,0.8315353877867946D0,0.0D0,0.0D0,1.0D0;     0000957P   4309
126,1,1,1,0,1,0,-1.031442944363556D0,-1.031442944363556D0,0.0D0, 0000959P   4310
0.0D0,1.0D0,1.0D0,0.0D0,0.0D0,0.0D0,0.0D0,-1.031442944363556D0,  0000959P   4311
0.0D0,-1.031442944363556D0,0.0D0,0.0D0,0.0D0,1.0D0;              0000959P   4312
126,1,1,1,0,1,0,0.0D0,0.0D0,0.8197679564718475D0,                0000961P   4313
0.8197679564718475D0,1.0D0,1.0D0,0.0D0,-1.031442944363556D0,     0000961P   4314
0.0D0,0.8197679564718474D0,-1.031442944363556D0,0.0D0,0.0D0,     0000961P   4315
0.8197679564718475D0,0.0D0,0.0D0,1.0D0;                          0000961P   4316
126,3,3,1,0,1,0,-1.025606505848572D0,-1.025606505848572D0,       0000963P   4317
-1.025606505848572D0,-1.025606505848572D0,-0.0D0,-0.0D0,-0.0D0,  0000963P   4318
-0.0D0,1.0D0,1.0D0,1.0D0,1.0D0,0.8197679564718474D0,             0000963P   4319
-1.031442944363556D0,0.0D0,0.8225634634836893D0,                 0000963P   4320
-0.6876330584333056D0,0.0D0,0.8245945080831215D0,                0000963P   4321
-0.3438173382495877D0,0.0D0,0.8262077995836974D0,0.0D0,0.0D0,    0000963P   4322
-1.025606505848572D0,-0.0D0,0.0D0,0.0D0,1.0D0;                   0000963P   4323
102,4,957,959,961,963;                                           0000965P   4324
126,13,3,1,0,1,0,-0.8262077995836974D0,-0.8262077995836974D0,    0000967P   4325
-0.8262077995836974D0,-0.8262077995836974D0,                     0000967P   4326
-0.623651540840096D0,-0.623651540840096D0,-0.5197096173667466D0, 0000967P   4327
-0.5197096173667466D0,-0.4157676938933973D0,                     0000967P   4328
-0.4157676938933973D0,-0.311825770420048D0,-0.311825770420048D0, 0000967P   4329
-0.2078838469466987D0,-0.2078838469466987D0,-0.0D0,-0.0D0,       0000967P   4330
-0.0D0,-0.0D0,1.0D0,1.0D0,1.0D0,1.0D0,1.0D0,1.0D0,1.0D0,1.0D0,   0000967P   4331
1.0D0,1.0D0,1.0D0,1.0D0,1.0D0,1.0D0,-1.666667000000001D0,        0000967P   4332
0.005553156148056435D0,-0.6239587542182424D0,-1.666667D0,        0000967P   4333
0.07593083236586015D0,-0.6107023953940806D0,                     0000967P   4334
-1.666667000000001D0,0.1462865222425272D0,-0.5950886617082662D0, 0000967P   4335
-1.666667000000002D0,0.2475628579335423D0,-0.5561663254743809D0, 0000967P   4336
-1.666667D0,0.2808631377884645D0,-0.5396890142679025D0,          0000967P   4337
-1.666667D0,0.3392714258615613D0,-0.494706395194509D0,           0000967P   4338
-1.666666999999999D0,0.3625816511306182D0,-0.4650767157984279D0, 0000967P   4339
-1.666667D0,0.3948138549661922D0,-0.3988797297997797D0,          0000967P   4340
-1.666667000000001D0,0.4056083144702021D0,-0.3634873610858267D0, 0000967P   4341
-1.666666999999998D0,0.4237322582204461D0,-0.2922289147722896D0, 0000967P   4342
-1.666667000000001D0,0.4308841416987037D0,-0.2560902026628478D0, 0000967P   4343
-1.666667000000002D0,0.4483898904156723D0,-0.1471428117229396D0, 0000967P   4344
-1.666666999999996D0,0.454325663120362D0,-0.07357211508693329D0, 0000967P   4345
-1.666667D0,0.454321D0,0.0D0,-0.8262077995836974D0,-0.0D0,1.0D0, 0000967P   4346
0.0D0,0.0D0;                                                     0000967P   4347
126,1,1,1,0,1,0,-0.0D0,-0.0D0,1.031442944363556D0,               0000969P   4348
1.031442944363556D0,1.0D0,1.0D0,-1.666667D0,0.454321D0,0.0D0,    0000969P   4349
-2.692308000000001D0,0.375617D0,0.0D0,-0.0D0,                    0000969P   4350
1.031442944363556D0,0.0D0,0.0D0,1.0D0;                           0000969P   4351
126,13,3,1,0,1,0,0.0D0,0.0D0,0.0D0,0.0D0,0.2078838469466987D0,   0000971P   4352
0.2078838469466987D0,0.311825770420048D0,0.311825770420048D0,    0000971P   4353
0.4157676938933973D0,0.4157676938933973D0,0.5197096173667466D0,  0000971P   4354
0.5197096173667466D0,0.623651540840096D0,0.623651540840096D0,    0000971P   4355
0.8197679564718475D0,0.8197679564718475D0,0.8197679564718475D0,  0000971P   4356
0.8197679564718475D0,1.0D0,1.0D0,1.0D0,1.0D0,1.0D0,1.0D0,1.0D0,  0000971P   4357
1.0D0,1.0D0,1.0D0,1.0D0,1.0D0,1.0D0,1.0D0,-2.692308000000001D0,  0000971P   4358
0.375617D0,0.0D0,-2.692307999999998D0,0.375650365796619D0,       0000971P   4359
-0.06503002003857494D0,-2.692307999999999D0,                     0000971P   4360
0.3674300517009513D0,-0.1300009748722721D0,-2.692308000000002D0, 0000971P   4361
0.3441223924917559D0,-0.2246939700364625D0,-2.692308D0,          0000971P   4362
0.3345787428422281D0,-0.2558215820793623D0,-2.692308D0,          0000971P   4363
0.3122138830887403D0,-0.3168686381258092D0,-2.692307999999998D0, 0000971P   4364
0.2994414687856431D0,-0.3468223974649609D0,-2.692308000000001D0, 0000971P   4365
0.2704036714661172D0,-0.4049847779846343D0,-2.692308D0,          0000971P   4366
0.2541232446511988D0,-0.4332372102729492D0,-2.692307999999999D0, 0000971P   4367
0.2164152241868214D0,-0.4862240378161595D0,-2.692308000000001D0, 0000971P   4368
0.1947673207599558D0,-0.5107119259570614D0,-2.692308D0,          0000971P   4369
0.1236977467130065D0,-0.5724052450741181D0,-2.692307999999998D0, 0000971P   4370
0.06783561171087586D0,-0.6001096510090237D0,                     0000971P   4371
-2.692308000000001D0,0.0103614650241124D0,-0.6212619075923129D0, 0000971P   4372
0.0D0,0.8197679564718475D0,1.0D0,0.0D0,0.0D0;                    0000971P   4373
126,4,3,1,0,1,0,-1.025606505848572D0,-1.025606505848572D0,       0000973P   4374
-1.025606505848572D0,-1.025606505848572D0,-0.512806233700606D0,  0000973P   4375
-0.0D0,-0.0D0,-0.0D0,-0.0D0,1.0D0,1.0D0,1.0D0,1.0D0,1.0D0,       0000973P   4376
-2.692307999975457D0,0.01036146502415796D0,                      0000973P   4377
-0.6212619075923471D0,-2.521366610754663D0,                      0000973P   4378
0.009448125417202774D0,-0.6219517133120556D0,                    0000973P   4379
-2.179484503426769D0,0.007738631474442912D0,                     0000973P   4380
-0.6230290611792411D0,-1.83760636175505D0,                       0000973P   4381
0.006249066231615709D0,-0.6236947457150784D0,                    0000973P   4382
-1.666667000000001D0,0.005553156148056434D0,                     0000973P   4383
-0.6239587542182425D0,-1.025606505848572D0,-0.0D0,               0000973P   4384
-0.004071059523966048D0,-0.9999917132028406D0,0.0D0;             0000973P   4385
102,4,967,969,971,973;                                           0000975P   4386
142,0,955,965,975,1;                                             0000977P   4387
144,955,1,0,977;                                                 0000979P   4388
128,7,1,3,1,0,0,1,0,0,0.0D0,0.0D0,0.0D0,0.0D0,                   0000981P   4389
0.367222827203366D0,0.367222827203366D0,0.550834240805049D0,     0000981P   4390
0.550834240805049D0,0.7344456544067319D0,0.7344456544067319D0,   0000981P   4391
0.7344456544067319D0,0.7344456544067319D0,0.0D0,0.0D0,           0000981P   4392
1.033518277768226D0,1.033518277768226D0,1.0D0,1.0D0,1.0D0,1.0D0, 0000981P   4393
1.0D0,1.0D0,1.0D0,1.0D0,1.0D0,1.0D0,1.0D0,1.0D0,1.0D0,1.0D0,     0000981P   4394
1.0D0,1.0D0,-3.717949D0,0.248257D0,0.0D0,-3.717948999999993D0,   0000981P   4395
0.2484466325681194D0,-0.1148973018964377D0,-3.717949000000007D0, 0000981P   4396
0.2244316813669771D0,-0.2292036041876422D0,-3.717948999999999D0, 0000981P   4397
0.1612101553391809D0,-0.3892451511610657D0,-3.717949000000004D0, 0000981P   4398
0.1359320110952155D0,-0.4410344961145918D0,-3.717948999999995D0, 0000981P   4399
0.07633494758108395D0,-0.5390686157588134D0,                     0000981P   4400
-3.717949000000005D0,0.04163949157330928D0,                      0000981P   4401
-0.5854018730260933D0,-3.717949D0,4.336808689942018D-19,         0000981P   4402
-0.625D0,-2.692308000000001D0,0.375617D0,0.0D0,                  0000981P   4403
-2.692307999999993D0,0.3757628870830481D0,-0.1301895737992487D0, 0000981P   4404
-2.692308000000007D0,0.3424794797806332D0,-0.2595184195707958D0, 0000981P   4405
-2.692308D0,0.2560340258562652D0,-0.4339697594243428D0,          0000981P   4406
-2.692308000000001D0,0.2195898837140218D0,-0.4893738416501252D0, 0000981P   4407
-2.692307999999999D0,0.1208516193420342D0,-0.5748143941342283D0, 0000981P   4408
-2.692308000000002D0,0.06112231102043082D0,                      0000981P   4409
-0.6033927019261398D0,-2.692308000000001D0,                      0000981P   4410
4.336808689942018D-19,-0.625D0,0.0D0,0.7344456544067319D0,0.0D0, 0000981P   4411
1.033518277768226D0;                                             0000981P   4412
126,3,3,1,0,1,0,0.0D0,0.0D0,0.0D0,0.0D0,1.025396945933037D0,     0000983P   4413
1.025396945933037D0,1.025396945933037D0,1.025396945933037D0,     0000983P   4414
1.0D0,1.0D0,1.0D0,1.0D0,0.7012649961230941D0,0.0D0,0.0D0,        0000983P   4415
0.712623646111936D0,0.3444107548816286D0,0.0D0,                  0000983P   4416
0.7192557645655864D0,0.6889595955673644D0,0.0D0,                 0000983P   4417
0.7240584109247793D0,1.033518277768226D0,0.0D0,0.0D0,            0000983P   4418
1.025396945933037D0,0.0D0,0.0D0,1.0D0;                           0000983P   4419
126,1,1,1,0,1,0,0.01038724348195275D0,0.01038724348195275D0,     0000985P   4420
0.7344456544067319D0,0.7344456544067319D0,1.0D0,1.0D0,           0000985P   4421
0.7240584109247793D0,1.033518277768226D0,0.0D0,0.0D0,            0000985P   4422
1.033518277768226D0,0.0D0,0.01038724348195275D0,                 0000985P   4423
0.7344456544067319D0,0.0D0,0.0D0,1.0D0;                          0000985P   4424
126,1,1,1,0,1,0,0.0D0,0.0D0,1.033518277768226D0,                 0000987P   4425
1.033518277768226D0,1.0D0,1.0D0,0.0D0,1.033518277768226D0,0.0D0, 0000987P   4426
0.0D0,0.0D0,0.0D0,0.0D0,1.033518277768226D0,0.0D0,0.0D0,1.0D0;   0000987P   4427
126,1,1,1,0,1,0,0.0D0,0.0D0,0.7012649961230942D0,                0000989P   4428
0.7012649961230942D0,1.0D0,1.0D0,0.0D0,0.0D0,0.0D0,              0000989P   4429
0.7012649961230941D0,0.0D0,0.0D0,0.0D0,0.7012649961230942D0,     0000989P   4430
0.0D0,0.0D0,1.0D0;                                               0000989P   4431
102,4,983,985,987,989;                                           0000991P   4432
126,5,3,1,0,1,0,0.0D0,0.0D0,0.0D0,0.0D0,0.2435272099900123D0,    0000993P   4433
0.5126864125212394D0,1.025396945933037D0,1.025396945933037D0,    0000993P   4434
1.025396945933037D0,1.025396945933037D0,1.0D0,1.0D0,1.0D0,1.0D0, 0000993P   4435
1.0D0,1.0D0,-3.717949000000002D0,0.02190595623899123D0,          0000993P   4436
-0.6028965819935579D0,-3.636754685247546D0,                      0000993P   4437
0.02103661202866553D0,-0.6055227729368D0,-3.465813217288802D0,   0000993P   4438
0.01912177351860194D0,-0.6102165575323716D0,                     0000993P   4439
-3.123920887727875D0,0.01513132535764355D0,                      0000993P   4440
-0.6169732994586176D0,-2.863240662449613D0,                      0000993P   4441
0.01215674115397141D0,-0.6198815997373677D0,-2.692308D0,         0000993P   4442
0.01035841483238713D0,-0.6212646754476153D0,0.0D0,               0000993P   4443
1.025396945933037D0,-0.01112626557020658D0,                      0000993P   4444
-0.9998554668489693D0,0.01285502340296694D0;                     0000993P   4445
126,7,3,1,0,1,0,-0.7240584109247794D0,-0.7240584109247794D0,     0000995P   4446
-0.7240584109247794D0,-0.7240584109247794D0,                     0000995P   4447
-0.550834240805049D0,-0.550834240805049D0,-0.367222827203366D0,  0000995P   4448
-0.367222827203366D0,-0.0D0,-0.0D0,-0.0D0,-0.0D0,1.0D0,1.0D0,    0000995P   4449
1.0D0,1.0D0,1.0D0,1.0D0,1.0D0,1.0D0,-2.692308000000001D0,        0000995P   4450
0.01035841483238713D0,-0.6212646754476153D0,                     0000995P   4451
-2.692308000000002D0,0.0678471534730993D0,-0.6001139848889638D0, 0000995P   4452
-2.692307999999999D0,0.1236445241318262D0,-0.5723976276476683D0, 0000995P   4453
-2.692308000000001D0,0.2195898837140218D0,-0.4893738416501252D0, 0000995P   4454
-2.692308D0,0.2560340258562652D0,-0.4339697594243428D0,          0000995P   4455
-2.692308000000007D0,0.3424794797806332D0,-0.2595184195707958D0, 0000995P   4456
-2.692307999999993D0,0.3757628870830481D0,-0.1301895737992487D0, 0000995P   4457
-2.692308000000001D0,0.375617D0,0.0D0,-0.7240584109247794D0,     0000995P   4458
-0.0D0,1.0D0,0.0D0,0.0D0;                                        0000995P   4459
126,1,1,1,0,1,0,-1.033518277768226D0,-1.033518277768226D0,       0000997P   4460
-0.0D0,-0.0D0,1.0D0,1.0D0,-2.692308000000001D0,0.375617D0,0.0D0, 0000997P   4461
-3.717949D0,0.248257D0,0.0D0,-1.033518277768226D0,-0.0D0,0.0D0,  0000997P   4462
0.0D0,1.0D0;                                                     0000997P   4463
126,7,3,1,0,1,0,0.0D0,0.0D0,0.0D0,0.0D0,0.367222827203366D0,     0000999P   4464
0.367222827203366D0,0.550834240805049D0,0.550834240805049D0,     0000999P   4465
0.7012649961230942D0,0.7012649961230942D0,0.7012649961230942D0,  0000999P   4466
0.7012649961230942D0,1.0D0,1.0D0,1.0D0,1.0D0,1.0D0,1.0D0,1.0D0,  0000999P   4467
1.0D0,-3.717949D0,0.248257D0,0.0D0,-3.717948999999993D0,         0000999P   4468
0.2484466325681194D0,-0.1148973018964377D0,-3.717949000000007D0, 0000999P   4469
0.2244316813669771D0,-0.2292036041876422D0,-3.717948999999999D0, 0000999P   4470
0.1612101553391809D0,-0.3892451511610657D0,-3.717949000000004D0, 0000999P   4471
0.1359320110952155D0,-0.4410344961145918D0,-3.717948999999996D0, 0000999P   4472
0.08171987916126465D0,-0.5302106788793863D0,                     0000999P   4473
-3.717949000000002D0,0.05401929710476632D0,-0.568568342392733D0, 0000999P   4474
-3.717949000000002D0,0.02190595623899116D0,                      0000999P   4475
-0.6028965819935579D0,0.0D0,0.7012649961230942D0,1.0D0,0.0D0,    0000999P   4476
0.0D0;                                                           0000999P   4477
102,4,993,995,997,999;                                           0001001P   4478
142,0,981,991,1001,1;                                            0001003P   4479
144,981,1,0,1003;                                                0001005P   4480
128,5,1,3,1,0,0,1,0,0,0.0D0,0.0D0,0.0D0,0.0D0,                   0001007P   4481
0.3317746791594897D0,0.3317746791594897D0,0.6635493583189793D0,  0001007P   4482
0.6635493583189793D0,0.6635493583189793D0,0.6635493583189793D0,  0001007P   4483
0.0D0,0.0D0,0.781034698807294D0,0.781034698807294D0,1.0D0,1.0D0, 0001007P   4484
1.0D0,1.0D0,1.0D0,1.0D0,1.0D0,1.0D0,1.0D0,1.0D0,1.0D0,1.0D0,     0001007P   4485
-4.487179000000001D0,0.112978D0,0.0D0,-4.487178999999998D0,      0001007P   4486
0.112996365156538D0,-0.1064063470312178D0,-4.487179000000003D0,  0001007P   4487
0.1031471088698068D0,-0.2127927521909823D0,-4.487178999999998D0, 0001007P   4488
0.06485627241420051D0,-0.4221134438233865D0,                     0001007P   4489
-4.487179000000003D0,0.036840872248846D0,-0.5251770296050768D0,  0001007P   4490
-4.487179000000001D0,4.336808689942018D-19,-0.625D0,-3.717949D0, 0001007P   4491
0.248257D0,0.0D0,-3.717948999999998D0,0.2483862390237329D0,      0001007P   4492
-0.1148262804029208D0,-3.717949000000001D0,0.2245836230703538D0, 0001007P   4493
-0.2293742645144501D0,-3.717949D0,0.1396184837947553D0,          0001007P   4494
-0.4420186865295168D0,-3.717949000000005D0,                      0001007P   4495
0.08292601657641435D0,-0.544903206671401D0,-3.717949D0,          0001007P   4496
4.336808689942018D-19,-0.625D0,0.0D0,0.6635493583189793D0,0.0D0, 0001007P   4497
0.781034698807294D0;                                             0001007P   4498
126,6,3,1,0,1,0,0.0D0,0.0D0,0.0D0,0.0D0,0.3861196167560569D0,    0001009P   4499
0.3861196167560569D0,0.3861196167560569D0,0.7703922553257742D0,  0001009P   4500
0.7703922553257742D0,0.7703922553257742D0,0.7703922553257742D0,  0001009P   4501
1.0D0,1.0D0,1.0D0,1.0D0,1.0D0,1.0D0,1.0D0,0.571644201354921D0,   0001009P   4502
0.0D0,0.0D0,0.5930441273592545D0,0.1292773141088861D0,0.0D0,     0001009P   4503
0.6046355787807115D0,0.2598426428130342D0,0.0D0,                 0001009P   4504
0.6135326679361091D0,0.3905259230706131D0,0.0D0,                 0001009P   4505
0.6223871984415992D0,0.5205840883185406D0,0.0D0,                 0001009P   4506
0.6285730816455367D0,0.6507590793915409D0,0.0D0,                 0001009P   4507
0.6334138869091419D0,0.781034698807294D0,0.0D0,0.0D0,            0001009P   4508
0.7703922553257742D0,0.0D0,0.0D0,1.0D0;                          0001009P   4509
126,1,1,1,0,1,0,0.03013547140983741D0,0.03013547140983741D0,     0001011P   4510
0.6635493583189793D0,0.6635493583189793D0,1.0D0,1.0D0,           0001011P   4511
0.6334138869091419D0,0.781034698807294D0,0.0D0,0.0D0,            0001011P   4512
0.781034698807294D0,0.0D0,0.03013547140983741D0,                 0001011P   4513
0.6635493583189793D0,0.0D0,0.0D0,1.0D0;                          0001011P   4514
126,1,1,1,0,1,0,0.0D0,0.0D0,0.781034698807294D0,                 0001013P   4515
0.781034698807294D0,1.0D0,1.0D0,0.0D0,0.781034698807294D0,0.0D0, 0001013P   4516
0.0D0,0.0D0,0.0D0,0.0D0,0.781034698807294D0,0.0D0,0.0D0,1.0D0;   0001013P   4517
126,1,1,1,0,1,0,0.0D0,0.0D0,0.5716442013549209D0,                0001015P   4518
0.5716442013549209D0,1.0D0,1.0D0,0.0D0,0.0D0,0.0D0,              0001015P   4519
0.571644201354921D0,0.0D0,0.0D0,0.0D0,0.5716442013549209D0,      0001015P   4520
0.0D0,0.0D0,1.0D0;                                               0001015P   4521
102,4,1009,1011,1013,1015;                                       0001017P   4522
126,6,3,1,0,1,0,0.0D0,0.0D0,0.0D0,0.0D0,0.1830608203285658D0,    0001019P   4523
0.3858504786309272D0,0.5878530667784924D0,0.7703922553257742D0,  0001019P   4524
0.7703922553257742D0,0.7703922553257742D0,0.7703922553257742D0,  0001019P   4525
1.0D0,1.0D0,1.0D0,1.0D0,1.0D0,1.0D0,1.0D0,-4.487178999999999D0,  0001019P   4526
0.02858334144185426D0,-0.5413328254281786D0,                     0001019P   4527
-4.426757085543553D0,0.02828331455115239D0,-0.551832144704592D0, 0001019P   4528
-4.298658678382824D0,0.02751953328731798D0,                      0001019P   4529
-0.5683081355054038D0,-4.102856488775704D0,                      0001019P   4530
0.02595301322463336D0,-0.5843487972767244D0,                     0001019P   4531
-3.907050099105275D0,0.02403751792753481D0,-0.595288859754943D0, 0001019P   4532
-3.77881960415083D0,0.02263736396071995D0,-0.6004716079953708D0, 0001019P   4533
-3.717949000000002D0,0.0219564999001285D0,-0.6026246356848966D0, 0001019P   4534
0.0D0,0.7703922553257742D0,-0.01268765123561767D0,               0001019P   4535
-0.9985458449269838D0,-0.05239483834481332D0;                    0001019P   4536
126,5,3,1,0,1,0,-0.6334138869091419D0,-0.6334138869091419D0,     0001021P   4537
-0.6334138869091419D0,-0.6334138869091419D0,                     0001021P   4538
-0.3317746791594897D0,-0.3317746791594897D0,-0.0D0,-0.0D0,       0001021P   4539
-0.0D0,-0.0D0,1.0D0,1.0D0,1.0D0,1.0D0,1.0D0,1.0D0,               0001021P   4540
-3.717949000000002D0,0.0219564999001285D0,-0.6026246356848964D0, 0001021P   4541
-3.717949000000004D0,0.09310766326133738D0,                      0001021P   4542
-0.5261846087717081D0,-3.717949D0,0.1434772239071099D0,          0001021P   4543
-0.4323613191916436D0,-3.717949000000001D0,0.2245836230703538D0, 0001021P   4544
-0.2293742645144501D0,-3.717948999999998D0,0.2483862390237329D0, 0001021P   4545
-0.1148262804029208D0,-3.717949D0,0.248257D0,0.0D0,              0001021P   4546
-0.6334138869091419D0,-0.0D0,1.0D0,0.0D0,0.0D0;                  0001021P   4547
126,1,1,1,0,1,0,-0.781034698807294D0,-0.781034698807294D0,       0001023P   4548
-0.0D0,-0.0D0,1.0D0,1.0D0,-3.717949D0,0.248257D0,0.0D0,          0001023P   4549
-4.487179000000001D0,0.112978D0,0.0D0,-0.781034698807294D0,      0001023P   4550
-0.0D0,0.0D0,0.0D0,1.0D0;                                        0001023P   4551
126,5,3,1,0,1,0,0.0D0,0.0D0,0.0D0,0.0D0,0.3317746791594897D0,    0001025P   4552
0.3317746791594897D0,0.5716442013549209D0,0.5716442013549209D0,  0001025P   4553
0.5716442013549209D0,0.5716442013549209D0,1.0D0,1.0D0,1.0D0,     0001025P   4554
1.0D0,1.0D0,1.0D0,-4.487179000000001D0,0.112978D0,0.0D0,         0001025P   4555
-4.487178999999998D0,0.112996365156538D0,-0.1064063470312178D0,  0001025P   4556
-4.487179000000003D0,0.1031471088698068D0,-0.2127927521909823D0, 0001025P   4557
-4.487178999999999D0,0.07015975932232271D0,                      0001025P   4558
-0.3931214015900286D0,-4.487179D0,0.05168136925746486D0,         0001025P   4559
-0.4679550572470841D0,-4.487179000000002D0,                      0001025P   4560
0.02858334144185426D0,-0.5413328254281786D0,0.0D0,               0001025P   4561
0.5716442013549209D0,1.0D0,0.0D0,0.0D0;                          0001025P   4562
102,4,1019,1021,1023,1025;                                       0001027P   4563
142,0,1007,1017,1027,1;                                          0001029P   4564
144,1007,1,0,1029;                                               0001031P   4565
128,3,1,3,1,0,0,1,0,0,0.0D0,0.0D0,0.0D0,0.0D0,                   0001033P   4566
0.631708993864408D0,0.631708993864408D0,0.631708993864408D0,     0001033P   4567
0.631708993864408D0,0.0D0,0.0D0,0.5251184690381778D0,            0001033P   4568
0.5251184690381778D0,1.0D0,1.0D0,1.0D0,1.0D0,1.0D0,1.0D0,1.0D0,  0001033P   4569
1.0D0,-5.0D0,4.336808689942018D-19,-0.625D0,                     0001033P   4570
-5.000000000000004D0,1.357421119951852D-16,                      0001033P   4571
-0.4166677397652228D0,-5.0D0,-5.117434254131581D-16,             0001033P   4572
-0.208333791205116D0,-5.0D0,4.336808689942018D-19,0.0D0,         0001033P   4573
-4.487179000000001D0,4.336808689942018D-19,-0.625D0,             0001033P   4574
-4.487178999999999D0,0.07332197133263146D0,                      0001033P   4575
-0.4253077355664852D0,-4.487179000000005D0,0.1130815113323899D0, 0001033P   4576
-0.2128948462752078D0,-4.487179000000001D0,0.112978D0,0.0D0,     0001033P   4577
0.0D0,0.631708993864408D0,0.0D0,0.5251184690381778D0;            0001033P   4578
126,1,1,1,0,1,0,0.1361736787656661D0,0.1361736787656661D0,       0001035P   4579
0.5251184690381778D0,0.5251184690381778D0,1.0D0,1.0D0,           0001035P   4580
0.631708993864408D0,0.1361736787656661D0,0.0D0,                  0001035P   4581
0.631708993864408D0,0.5251184690381778D0,0.0D0,                  0001035P   4582
0.1361736787656661D0,0.5251184690381778D0,0.0D0,0.0D0,1.0D0;     0001035P   4583
126,1,1,1,0,1,0,0.0D0,0.0D0,0.5440321425312553D0,                0001037P   4584
0.5440321425312553D0,1.0D0,1.0D0,0.631708993864408D0,            0001037P   4585
0.5251184690381778D0,0.0D0,0.08767685133315276D0,                0001037P   4586
0.5251184690381778D0,0.0D0,0.0D0,0.5440321425312553D0,0.0D0,     0001037P   4587
0.0D0,1.0D0;                                                     0001037P   4588
126,15,3,1,0,1,0,-0.734422358284656D0,-0.734422358284656D0,      0001039P   4589
-0.734422358284656D0,-0.734422358284656D0,-0.5510522033213031D0, 0001039P   4590
-0.5510522033213031D0,-0.5510522033213031D0,                     0001039P   4591
-0.4699182065323316D0,-0.4699182065323316D0,                     0001039P   4592
-0.4699182065323316D0,-0.3861890929550168D0,                     0001039P   4593
-0.3861890929550168D0,-0.3861890929550168D0,                     0001039P   4594
-0.2131811723051176D0,-0.2131811723051176D0,                     0001039P   4595
-0.2131811723051176D0,-0.0D0,-0.0D0,-0.0D0,-0.0D0,1.0D0,1.0D0,   0001039P   4596
1.0D0,1.0D0,1.0D0,1.0D0,1.0D0,1.0D0,1.0D0,1.0D0,1.0D0,1.0D0,     0001039P   4597
1.0D0,1.0D0,1.0D0,1.0D0,0.08767685133315276D0,                   0001039P   4598
0.5251184690381778D0,0.0D0,0.1000053947071375D0,                 0001039P   4599
0.4640515336884207D0,0.0D0,0.1157564871854316D0,                 0001039P   4600
0.4025892076966628D0,0.0D0,0.1430609000981866D0,                 0001039P   4601
0.3463365804020211D0,0.0D0,0.1551420162974446D0,                 0001039P   4602
0.3214470312646122D0,0.0D0,0.169484937996979D0,                  0001039P   4603
0.2975773902336877D0,0.0D0,0.18711033566034D0,                   0001039P   4604
0.276213187715471D0,0.0D0,0.2052994916394214D0,                  0001039P   4605
0.2541656390930459D0,0.0D0,0.2269844655075601D0,                 0001039P   4606
0.2347863679749127D0,0.0D0,0.2506446120844045D0,                 0001039P   4607
0.2188390791197317D0,0.0D0,0.2995331358802749D0,                 0001039P   4608
0.1858874907538697D0,0.0D0,0.3568546977725464D0,                 0001039P   4609
0.16758881706331D0,0.0D0,0.4148396413288947D0,                   0001039P   4610
0.1557754467289522D0,0.0D0,0.4862889610880915D0,                 0001039P   4611
0.1412189563249717D0,0.0D0,0.5587455120767479D0,                 0001039P   4612
0.1365092862758722D0,0.0D0,0.631708993864408D0,                  0001039P   4613
0.1361736787656661D0,0.0D0,-0.734422358284656D0,-0.0D0,0.0D0,    0001039P   4614
0.0D0,1.0D0;                                                     0001039P   4615
102,3,1035,1037,1039;                                            0001041P   4616
126,1,1,1,0,1,0,0.1361736787656661D0,0.1361736787656661D0,       0001043P   4617
0.5251184690381778D0,0.5251184690381778D0,1.0D0,1.0D0,           0001043P   4618
-4.867015299907095D0,0.02929744578926419D0,0.0D0,                0001043P   4619
-4.487179000000001D0,0.112978D0,0.0D0,0.1361736787656661D0,      0001043P   4620
0.5251184690381778D0,0.0D0,0.0D0,1.0D0;                          0001043P   4621
126,3,3,1,0,1,0,-0.631708993864408D0,-0.631708993864408D0,       0001045P   4622
-0.631708993864408D0,-0.631708993864408D0,                       0001045P   4623
-0.08767685133315283D0,-0.08767685133315283D0,                   0001045P   4624
-0.08767685133315283D0,-0.08767685133315283D0,1.0D0,1.0D0,1.0D0, 0001045P   4625
1.0D0,-4.487179000000001D0,0.112978D0,0.0D0,                     0001045P   4626
-4.487179000000004D0,0.1130671446733912D0,-0.1833465099878313D0, 0001045P   4627
-4.487179000000001D0,0.08359076827718318D0,-0.36633556341158D0,  0001045P   4628
-4.487179000000001D0,0.0285733138548227D0,-0.5411498626415582D0, 0001045P   4629
-0.631708993864408D0,-0.08767685133315283D0,1.0D0,0.0D0,0.0D0;   0001045P   4630
126,10,3,1,0,1,0,-0.734422358284656D0,-0.734422358284656D0,      0001047P   4631
-0.734422358284656D0,-0.734422358284656D0,-0.6341711036769193D0, 0001047P   4632
-0.5527763763571229D0,-0.4725974961528077D0,                     0001047P   4633
-0.3895350481473102D0,-0.3059653845716569D0,                     0001047P   4634
-0.2158491363270824D0,-0.1215210426139862D0,-0.0D0,-0.0D0,       0001047P   4635
-0.0D0,-0.0D0,1.0D0,1.0D0,1.0D0,1.0D0,1.0D0,1.0D0,1.0D0,1.0D0,   0001047P   4636
1.0D0,1.0D0,1.0D0,-4.487179D0,0.02857331385482268D0,             0001047P   4637
-0.5411498626415582D0,-4.520149793320583D0,                      0001047P   4638
0.02876929096697138D0,-0.5344829167785267D0,                     0001047P   4639
-4.579669623656386D0,0.0290846216907863D0,-0.5202084104453703D0, 0001047P   4640
-4.662457573464474D0,0.02940893115745335D0,                      0001047P   4641
-0.4887801400019561D0,-4.733559682379417D0,                      0001047P   4642
0.02958134368810585D0,-0.4447629867966037D0,                     0001047P   4643
-4.789809913420213D0,0.02960806761667482D0,                      0001047P   4644
-0.3812308518868248D0,-4.827170712073316D0,                      0001047P   4645
0.02953391193540451D0,-0.3021985736243016D0,                     0001047P   4646
-4.849998138301992D0,0.0294272350912141D0,-0.2147753224205855D0, 0001047P   4647
-4.863940738991412D0,0.02932641579343654D0,                      0001047P   4648
-0.1129726198704931D0,-4.867018663827995D0,                      0001047P   4649
0.02929709210728389D0,-0.04070035656019059D0,                    0001047P   4650
-4.867015299907095D0,0.02929744578926419D0,0.0D0,                0001047P   4651
-0.734422358284656D0,-0.0D0,-0.00413131189222794D0,              0001047P   4652
-0.99998957455046D0,-0.001945007053778879D0;                     0001047P   4653
102,3,1043,1045,1047;                                            0001049P   4654
142,0,1033,1041,1049,1;                                          0001051P   4655
144,1033,1,0,1051;                                               0001053P   4656
128,2,3,2,3,0,0,0,0,0,0.0D0,0.0D0,0.0D0,1.0D0,1.0D0,1.0D0,0.0D0, 0001055P   4657
0.0D0,0.0D0,0.0D0,1.02563724595398D0,1.02563724595398D0,         0001055P   4658
1.02563724595398D0,1.02563724595398D0,1.0D0,                     0001055P   4659
0.9910663102352454D0,1.0D0,1.000000000000001D0,                  0001055P   4660
0.9889439000590532D0,1.000000000000001D0,0.9999999999999989D0,   0001055P   4661
0.9862682515856737D0,0.9999999999999989D0,1.0D0,                 0001055P   4662
0.982718415525807D0,1.0D0,-0.6410260000000004D0,                 0001055P   4663
-0.004001102413409327D0,-0.6244629793183476D0,                   0001055P   4664
-0.6410261009921211D0,-1.0858188772793D-09,                      0001055P   4665
-0.6250014166126814D0,-0.6410260000000004D0,                     0001055P   4666
0.004001100280399727D0,-0.6244629796053915D0,                    0001055P   4667
-0.9829060751873145D0,-0.00447369960263682D0,                    0001055P   4668
-0.6243350880461548D0,-0.9836158459397739D0,                     0001055P   4669
1.964398944093233D-09,-0.6250020457133988D0,                     0001055P   4670
-0.9829060751894487D0,0.004473703444754542D0,                    0001055P   4671
-0.6243350874750908D0,-1.32478636301042D0,                       0001055P   4672
-0.004987419446822823D0,-0.6241737012584705D0,                   0001055P   4673
-1.325993568405242D0,-1.762355952784185D-09,                     0001055P   4674
-0.6250029748826598D0,-1.324786363006134D0,                      0001055P   4675
0.004987416018650878D0,-0.6241737018279719D0,                    0001055P   4676
-1.666666999996778D0,-0.005553202274484242D0,                    0001055P   4677
-0.6239587348736017D0,-1.666667332194709D0,7.82530898651034D-10, 0001055P   4678
-0.6250047470503667D0,-1.666667D0,0.005553203785919949D0,        0001055P   4679
-0.6239587345889036D0,0.0D0,1.0D0,0.0D0,1.02563724595398D0;      0001055P   4680
126,1,1,1,0,1,0,-0.4999998661229045D0,-0.4999998661229045D0,     0001057P   4681
-0.0D0,-0.0D0,1.0D0,1.0D0,0.5000001338770955D0,0.0D0,0.0D0,      0001057P   4682
1.0D0,0.0D0,0.0D0,-0.4999998661229045D0,-0.0D0,0.0D0,0.0D0,      0001057P   4683
1.0D0;                                                           0001057P   4684
126,1,1,1,0,1,0,-1.02563724595398D0,-1.02563724595398D0,-0.0D0,  0001059P   4685
-0.0D0,1.0D0,1.0D0,1.0D0,0.0D0,0.0D0,1.0D0,1.02563724595398D0,   0001059P   4686
0.0D0,-1.02563724595398D0,-0.0D0,0.0D0,0.0D0,1.0D0;              0001059P   4687
126,1,1,1,0,1,0,-1.0D0,-1.0D0,-0.4999999313582913D0,             0001061P   4688
-0.4999999313582913D0,1.0D0,1.0D0,1.0D0,1.02563724595398D0,      0001061P   4689
0.0D0,0.4999999313582913D0,1.02563724595398D0,0.0D0,-1.0D0,      0001061P   4690
-0.4999999313582913D0,0.0D0,0.0D0,1.0D0;                         0001061P   4691
126,1,1,1,0,1,0,-1.02563724595398D0,-1.02563724595398D0,-0.0D0,  0001063P   4692
-0.0D0,1.0D0,1.0D0,0.4999999313582913D0,1.02563724595398D0,      0001063P   4693
0.0D0,0.5000001338770955D0,0.0D0,0.0D0,-1.02563724595398D0,      0001063P   4694
-0.0D0,0.0D0,0.0D0,1.0D0;                                        0001063P   4695
102,4,1057,1059,1061,1063;                                       0001065P   4696
126,2,2,1,0,0,0,0.5000001338770955D0,0.5000001338770955D0,       0001067P   4697
0.5000001338770955D0,1.0D0,1.0D0,1.0D0,1.0D0,                    0001067P   4698
0.9977640790836556D0,1.0D0,-0.6410260502694907D0,                0001067P   4699
2.178133730478128D-19,-0.6247309900839194D0,                     0001067P   4700
-0.6410260502694771D0,0.00200952637801063D0,                     0001067P   4701
-0.6247309900839195D0,-0.6410260000000004D0,                     0001067P   4702
0.004001100280399727D0,-0.6244629796053915D0,                    0001067P   4703
0.5000001338770955D0,1.0D0,0.0D0,0.06683442300219329D0,          0001067P   4704
-0.9977640802824905D0;                                           0001067P   4705
126,3,3,1,0,1,0,0.0D0,0.0D0,0.0D0,0.0D0,1.02563724595398D0,      0001069P   4706
1.02563724595398D0,1.02563724595398D0,1.02563724595398D0,1.0D0,  0001069P   4707
1.0D0,1.0D0,1.0D0,-0.6410260000000004D0,0.004001100280399727D0,  0001069P   4708
-0.6244629796053915D0,-0.9829060751894498D0,                     0001069P   4709
0.004473703444754547D0,-0.6243350874750915D0,                    0001069P   4710
-1.324786363006133D0,0.004987416018650873D0,                     0001069P   4711
-0.6241737018279713D0,-1.666667D0,0.005553203785919949D0,        0001069P   4712
-0.6239587345889036D0,0.0D0,1.02563724595398D0,                  0001069P   4713
0.001513299222927755D0,0.9999988549620754D0,0.0D0;               0001069P   4714
126,2,2,1,0,0,0,-1.0D0,-1.0D0,-1.0D0,-0.4999999313582913D0,      0001071P   4715
-0.4999999313582913D0,-0.4999999313582913D0,1.0D0,               0001071P   4716
0.9956702292377876D0,1.0D0,-1.666667000000001D0,                 0001071P   4717
0.00555320378591995D0,-0.6239587345889036D0,                     0001071P   4718
-1.666667164649655D0,0.002800803056916652D0,                     0001071P   4719
-0.6244771823135266D0,-1.66666716464882D0,                       0001071P   4720
-6.561913163234402D-19,-0.624477182313527D0,-1.0D0,              0001071P   4721
-0.4999999313582913D0,0.0D0,-0.09295588353814344D0,              0001071P   4722
0.9956702283967536D0;                                            0001071P   4723
126,3,3,1,0,0,0,-1.02563724595398D0,-1.02563724595398D0,         0001073P   4724
-1.02563724595398D0,-1.02563724595398D0,-0.0D0,-0.0D0,-0.0D0,    0001073P   4725
-0.0D0,1.0D0,1.000388366321495D0,1.000334016887882D0,1.0D0,      0001073P   4726
-1.666667164648821D0,-6.561913163234406D-19,                     0001073P   4727
-0.6244771823135273D0,-1.325385629437346D0,                      0001073P   4728
-1.410446945480744D-09,-0.6245854717273194D0,                    0001073P   4729
-0.9832589061528798D0,2.236073853725636D-09,                     0001073P   4730
-0.6246667130163611D0,-0.6410260502694906D0,                     0001073P   4731
2.178133730478128D-19,-0.6247309900839194D0,-1.02563724595398D0, 0001073P   4732
-0.0D0,0.0D0,1.0D0,0.0D0;                                        0001073P   4733
102,4,1067,1069,1071,1073;                                       0001075P   4734
142,0,1055,1065,1075,1;                                          0001077P   4735
144,1055,1,0,1077;                                               0001079P   4736
128,2,4,2,3,0,0,0,0,0,0.0D0,0.0D0,0.0D0,1.0D0,1.0D0,1.0D0,0.0D0, 0001081P   4737
0.0D0,0.0D0,0.0D0,0.512806233700606D0,1.025606505848572D0,       0001081P   4738
1.025606505848572D0,1.025606505848572D0,1.025606505848572D0,     0001081P   4739
1.0D0,0.9827187273703859D0,1.0D0,1.000000000000001D0,            0001081P   4740
0.9783449085217904D0,1.000000000000001D0,1.000000000000001D0,    0001081P   4741
0.9673278372117382D0,1.000000000000001D0,1.0D0,                  0001081P   4742
0.9496588757971716D0,1.0D0,1.0D0,0.9384621091764618D0,1.0D0,     0001081P   4743
-1.666667000000001D0,-0.005553150422351058D0,                    0001081P   4744
-0.6239587552967381D0,-1.666667811593123D0,                      0001081P   4745
2.964425478159536D-09,-0.6250047481857812D0,                     0001081P   4746
-1.666667000000001D0,0.005553156148056434D0,                     0001081P   4747
-0.6239587542182425D0,-1.837606361748987D0,                      0001081P   4748
-0.006249069843506984D0,-0.6236947451523691D0,                   0001081P   4749
-1.838346960794636D0,-1.862325479400396D-09,                     0001081P   4750
-0.6250079033122389D0,-1.837606361755048D0,                      0001081P   4751
0.006249066231615701D0,-0.6236947457150777D0,                    0001081P   4752
-2.17948450344272D0,-0.007738629475270431D0,                     0001081P   4753
-0.6230290612478573D0,-2.183201973893036D0,                      0001081P   4754
1.009010576355897D-09,-0.625017990270708D0,-2.179484503426767D0, 0001081P   4755
0.007738631474442905D0,-0.6230290611792405D0,                    0001081P   4756
-2.521366610736278D0,-0.009448124866180947D0,                    0001081P   4757
-0.6219517137697028D0,-2.523343557010202D0,                      0001081P   4758
3.449720597464371D-10,-0.6250483987713345D0,                     0001081P   4759
-2.521366610754662D0,0.009448125417202772D0,                     0001081P   4760
-0.6219517133120555D0,-2.692308000000001D0,                      0001081P   4761
-0.01036146766695092D0,-0.621261906619667D0,                     0001081P   4762
-2.692315903767468D0,-1.500374466106383D-09,                     0001081P   4763
-0.6250752290315674D0,-2.692307999975457D0,                      0001081P   4764
0.01036146502415796D0,-0.6212619075923471D0,0.0D0,1.0D0,0.0D0,   0001081P   4765
1.025606505848572D0;                                             0001081P   4766
126,1,1,1,0,1,0,-0.5000002600346517D0,-0.5000002600346517D0,     0001083P   4767
-0.0D0,-0.0D0,1.0D0,1.0D0,0.4999997399653483D0,0.0D0,0.0D0,      0001083P   4768
1.0D0,0.0D0,0.0D0,-0.5000002600346517D0,-0.0D0,0.0D0,0.0D0,      0001083P   4769
1.0D0;                                                           0001083P   4770
126,1,1,1,0,1,0,-1.025606505848572D0,-1.025606505848572D0,       0001085P   4771
-0.0D0,-0.0D0,1.0D0,1.0D0,1.0D0,0.0D0,0.0D0,1.0D0,               0001085P   4772
1.025606505848572D0,0.0D0,-1.025606505848572D0,-0.0D0,0.0D0,     0001085P   4773
0.0D0,1.0D0;                                                     0001085P   4774
126,1,1,1,0,1,0,-1.0D0,-1.0D0,-0.5000000658555694D0,             0001087P   4775
-0.5000000658555694D0,1.0D0,1.0D0,1.0D0,1.025606505848572D0,     0001087P   4776
0.0D0,0.5000000658555694D0,1.025606505848572D0,0.0D0,-1.0D0,     0001087P   4777
-0.5000000658555694D0,0.0D0,0.0D0,1.0D0;                         0001087P   4778
126,2,1,1,0,1,0,-1.025645428049218D0,-1.025645428049218D0,       0001089P   4779
-0.5128186796831517D0,-0.0D0,-0.0D0,1.0D0,1.0D0,1.0D0,           0001089P   4780
0.5000000658555694D0,1.025606505848572D0,0.0D0,                  0001089P   4781
0.4999998662028713D0,0.512806233700606D0,0.0D0,                  0001089P   4782
0.4999997399653483D0,0.0D0,0.0D0,-1.025645428049218D0,-0.0D0,    0001089P   4783
0.0D0,0.0D0,1.0D0;                                               0001089P   4784
102,4,1083,1085,1087,1089;                                       0001091P   4785
126,2,2,1,0,0,0,0.4999997399653483D0,0.4999997399653483D0,       0001093P   4786
0.4999997399653483D0,1.0D0,1.0D0,1.0D0,1.0D0,                    0001093P   4787
0.9956703042160749D0,1.0D0,-1.66666740225966D0,-0.0D0,           0001093P   4788
-0.624477193059655D0,-1.666667402259871D0,                       0001093P   4789
0.002800778608554923D0,-0.624477193059655D0,                     0001093P   4790
-1.666667000000001D0,0.005553156148056434D0,                     0001093P   4791
-0.6239587542182425D0,0.4999997399653483D0,1.0D0,0.0D0,          0001093P   4792
0.09295509509153423D0,-0.995670302005902D0;                      0001093P   4793
126,4,3,1,0,1,0,0.0D0,0.0D0,0.0D0,0.0D0,0.512806233700606D0,     0001095P   4794
1.025606505848572D0,1.025606505848572D0,1.025606505848572D0,     0001095P   4795
1.025606505848572D0,1.0D0,1.0D0,1.0D0,1.0D0,1.0D0,               0001095P   4796
-1.666667000000001D0,0.005553156148056434D0,                     0001095P   4797
-0.6239587542182425D0,-1.83760636175505D0,                       0001095P   4798
0.006249066231615709D0,-0.6236947457150784D0,                    0001095P   4799
-2.179484503426769D0,0.007738631474442912D0,                     0001095P   4800
-0.6230290611792411D0,-2.521366610754663D0,                      0001095P   4801
0.009448125417202774D0,-0.6219517133120556D0,                    0001095P   4802
-2.692307999975457D0,0.01036146502415796D0,                      0001095P   4803
-0.6212619075923471D0,0.0D0,1.025606505848572D0,                 0001095P   4804
0.004688049754129973D0,0.9999890110343727D0,0.0D0;               0001095P   4805
126,2,2,1,0,0,0,-1.0D0,-1.0D0,-1.0D0,-0.5000000658555694D0,      0001097P   4806
-0.5000000658555694D0,-0.5000000658555694D0,1.0D0,               0001097P   4807
0.9844953340130445D0,1.0D0,-2.692307999975458D0,                 0001097P   4808
0.01036146502415796D0,-0.6212619075923472D0,                     0001097P   4809
-2.692311826415128D0,0.00534519859246145D0,                      0001097P   4810
-0.6231080397285211D0,-2.692311826421978D0,                      0001097P   4811
-8.948967677855657D-19,-0.6231080397285067D0,-1.0D0,             0001097P   4812
-0.5000000658555694D0,0.0D0,-0.1754103878754509D0,               0001097P   4813
0.9844954016273433D0;                                            0001097P   4814
126,6,3,1,0,0,0,-1.025645428049218D0,-1.025645428049218D0,       0001099P   4815
-1.025645428049218D0,-1.025645428049218D0,-0.5128186796831518D0, 0001099P   4816
-0.5128186796831518D0,-0.5128186796831518D0,-0.0D0,-0.0D0,       0001099P   4817
-0.0D0,-0.0D0,1.0D0,0.995352904672271D0,0.9895011923493825D0,    0001099P   4818
0.9828323906568849D0,0.9892757403305313D0,0.9949118535846797D0,  0001099P   4819
1.0D0,-2.692311826421977D0,-8.948967677855655D-19,               0001099P   4820
-0.6231080397285066D0,-2.522329478987832D0,                      0001099P   4821
8.743540269455793D-10,-0.6234600773411804D0,                     0001099P   4822
-2.351052775875167D0,1.169923355699519D-09,                      0001099P   4823
-0.6237347757817581D0,-2.179485805856628D0,                      0001099P   4824
-2.004124223882681D-09,-0.6239562133091064D0,                    0001099P   4825
-2.009164192195228D0,-2.316040923319583D-09,                     0001099P   4826
-0.6241760434837554D0,-1.837972689353982D0,                      0001099P   4827
-3.524345308879052D-09,-0.6243441373374644D0,                    0001099P   4828
-1.66666740225966D0,-0.0D0,-0.624477193059655D0,                 0001099P   4829
-1.025645428049218D0,-0.0D0,0.0D0,1.0D0,0.0D0;                   0001099P   4830
102,4,1093,1095,1097,1099;                                       0001101P   4831
142,0,1081,1091,1101,1;                                          0001103P   4832
144,1081,1,0,1103;                                               0001105P   4833
128,4,5,2,3,0,0,0,0,0,0.0D0,0.0D0,0.0D0,0.5D0,0.5D0,1.0D0,1.0D0, 0001107P   4834
1.0D0,0.0D0,0.0D0,0.0D0,0.0D0,0.2435272099900123D0,              0001107P   4835
0.5126864125212394D0,1.025396945933037D0,1.025396945933037D0,    0001107P   4836
1.025396945933037D0,1.025396945933037D0,1.0D0,                   0001107P   4837
0.9173971259465285D0,1.0D0,0.9173971259465285D0,1.0D0,           0001107P   4838
0.9999999999999998D0,0.9342734991038471D0,1.018395929832357D0,   0001107P   4839
0.9342734991038471D0,0.9999999999999998D0,0.9999999999999992D0,  0001107P   4840
0.9669093964135213D0,1.053970378875897D0,0.9669093964135213D0,   0001107P   4841
0.9999999999999992D0,0.9999999999999986D0,1.019197556230299D0,   0001107P   4842
1.110966589500417D0,1.019197556230299D0,0.9999999999999986D0,    0001107P   4843
0.9999999999999997D0,1.04450054049955D0,1.13854786652169D0,      0001107P   4844
1.04450054049955D0,0.9999999999999997D0,1.0D0,                   0001107P   4845
1.056521478955503D0,1.151651176000178D0,1.056521478955503D0,     0001107P   4846
1.0D0,-3.717949000000002D0,0.02190595623899123D0,                0001107P   4847
-0.6028965819935579D0,-3.718147854016414D0,                      0001107P   4848
0.01301419973700612D0,-0.6123974524327116D0,-3.71814785400602D0, 0001107P   4849
-9.098088276460301D-11,-0.6123974523934523D0,                    0001107P   4850
-3.718147853995626D0,-0.01301419991896789D0,                     0001107P   4851
-0.6123974523541932D0,-3.717948999965012D0,                      0001107P   4852
-0.02190595636331389D0,-0.6028965818613927D0,                    0001107P   4853
-3.636754685247547D0,0.02103661202866553D0,                      0001107P   4854
-0.6055227729368001D0,-3.638360709552456D0,                      0001107P   4855
0.01227197317921509D0,-0.6140660838410553D0,                     0001107P   4856
-3.638360709549921D0,4.817505486870238D-11,                      0001107P   4857
-0.6140660838619502D0,-3.638360709547384D0,                      0001107P   4858
-0.01227197308286498D0,-0.6140660838828449D0,                    0001107P   4859
-3.636754685238854D0,-0.02103661196159657D0,                     0001107P   4860
-0.605522773008436D0,-3.465813217288805D0,0.01912177351860196D0, 0001107P   4861
-0.6102165575323721D0,-3.469876655492321D0,                      0001107P   4862
0.01077841789653731D0,-0.6169381369326302D0,                     0001107P   4863
-3.469876655492034D0,-2.271608265350502D-11,                     0001107P   4864
-0.6169381369228146D0,-3.469876655491748D0,                      0001107P   4865
-0.01077841794196948D0,-0.6169381369129988D0,                    0001107P   4866
-3.46581321728779D0,-0.01912177355133878D0,                      0001107P   4867
-0.6102165574975443D0,-3.12392088772788D0,0.01513132535764357D0, 0001107P   4868
-0.6169732994586186D0,-3.131018431310416D0,                      0001107P   4869
0.008091540750330658D0,-0.6208073540857489D0,                    0001107P   4870
-3.131018431311167D0,1.642644426274636D-11,                      0001107P   4871
-0.6208073540928351D0,-3.131018431311918D0,                      0001107P   4872
-0.008091540717477769D0,-0.6208073540999211D0,                   0001107P   4873
-3.123920887730688D0,-0.01513132533268846D0,                     0001107P   4874
-0.6169732994851208D0,-2.863240662449615D0,                      0001107P   4875
0.01215674115397141D0,-0.6198815997373679D0,                     0001107P   4876
-2.865117845845886D0,0.006343385854179742D0,                     0001107P   4877
-0.6223848066036715D0,-2.865117845845213D0,                      0001107P   4878
-7.677425984681555D-12,-0.6223848066003617D0,                    0001107P   4879
-2.86511784584454D0,-0.006343385869534593D0,                     0001107P   4880
-0.6223848065970519D0,-2.863240662447037D0,                      0001107P   4881
-0.0121567411659218D0,-0.6198815997246823D0,-2.692308D0,         0001107P   4882
0.01035841483238713D0,-0.6212646754476153D0,                     0001107P   4883
-2.692315707113836D0,0.005343521954414963D0,                     0001107P   4884
-0.6231096732525395D0,-2.692315707113835D0,                      0001107P   4885
-5.503508861306841D-17,-0.6231096732525394D0,                    0001107P   4886
-2.692315707113836D0,-0.005343521954415073D0,                    0001107P   4887
-0.6231096732525395D0,-2.692308000000001D0,                      0001107P   4888
-0.01035841483238735D0,-0.6212646754476153D0,0.0D0,1.0D0,0.0D0,  0001107P   4889
1.025396945933037D0;                                             0001107P   4890
126,1,1,1,0,1,0,-0.5D0,-0.5D0,-0.0D0,-0.0D0,1.0D0,1.0D0,0.5D0,   0001109P   4891
1.025396945933037D0,0.0D0,0.0D0,1.025396945933037D0,0.0D0,       0001109P   4892
-0.5D0,-0.0D0,0.0D0,0.0D0,1.0D0;                                 0001109P   4893
126,1,1,1,0,1,0,-1.025396945933037D0,-1.025396945933037D0,       0001111P   4894
-0.0D0,-0.0D0,1.0D0,1.0D0,0.0D0,1.025396945933037D0,0.0D0,0.0D0, 0001111P   4895
0.0D0,0.0D0,-1.025396945933037D0,-0.0D0,0.0D0,0.0D0,1.0D0;       0001111P   4896
126,1,1,1,0,1,0,-1.0D0,-1.0D0,-0.5000000019050892D0,             0001113P   4897
-0.5000000019050892D0,1.0D0,1.0D0,0.0D0,0.0D0,0.0D0,             0001113P   4898
0.4999999980949108D0,0.0D0,0.0D0,-1.0D0,-0.5000000019050892D0,   0001113P   4899
0.0D0,0.0D0,1.0D0;                                               0001113P   4900
126,1,1,1,0,1,0,0.0D0,0.0D0,1.025396945933037D0,                 0001115P   4901
1.025396945933037D0,1.0D0,1.0D0,0.4999999980949108D0,0.0D0,      0001115P   4902
0.0D0,0.5D0,1.025396945933037D0,0.0D0,0.0D0,1.025396945933037D0, 0001115P   4903
0.0D0,0.0D0,1.0D0;                                               0001115P   4904
102,4,1109,1111,1113,1115;                                       0001117P   4905
126,2,2,1,0,0,0,-0.5D0,-0.5D0,-0.5D0,-0.0D0,-0.0D0,-0.0D0,1.0D0, 0001119P   4906
0.9845048340635786D0,1.0D0,-2.692315707113835D0,                 0001119P   4907
-5.503508861306841D-17,-0.6231096732525394D0,                    0001119P   4908
-2.692315707113835D0,0.005343521954414963D0,                     0001119P   4909
-0.6231096732525394D0,-2.692308D0,0.01035841483238713D0,         0001119P   4910
-0.6212646754476153D0,-0.5D0,-0.0D0,0.0D0,0.1753559569199485D0,  0001119P   4911
-0.9845050981953771D0;                                           0001119P   4912
126,5,3,1,0,1,0,-1.025396945933037D0,-1.025396945933037D0,       0001121P   4913
-1.025396945933037D0,-1.025396945933037D0,-0.5126864125212394D0, 0001121P   4914
-0.2435272099900123D0,-0.0D0,-0.0D0,-0.0D0,-0.0D0,1.0D0,1.0D0,   0001121P   4915
1.0D0,1.0D0,1.0D0,1.0D0,-2.692308D0,0.01035841483238713D0,       0001121P   4916
-0.6212646754476153D0,-2.863240662449613D0,                      0001121P   4917
0.01215674115397141D0,-0.6198815997373677D0,                     0001121P   4918
-3.123920887727875D0,0.01513132535764355D0,                      0001121P   4919
-0.6169732994586176D0,-3.465813217288802D0,                      0001121P   4920
0.01912177351860194D0,-0.6102165575323716D0,                     0001121P   4921
-3.636754685247546D0,0.02103661202866553D0,-0.6055227729368D0,   0001121P   4922
-3.717949000000002D0,0.02190595623899123D0,                      0001121P   4923
-0.6028965819935579D0,-1.025396945933037D0,-0.0D0,               0001121P   4924
-0.01112626557020646D0,-0.9998554668489693D0,                    0001121P   4925
0.0128550234029729D0;                                            0001121P   4926
126,2,2,1,0,0,0,0.0D0,0.0D0,0.0D0,0.4999999980949108D0,          0001123P   4927
0.4999999980949108D0,0.4999999980949108D0,1.0D0,                 0001123P   4928
0.9173971265499941D0,1.0D0,-3.717949000000002D0,                 0001123P   4929
0.02190595623899123D0,-0.6028965819935579D0,                     0001123P   4930
-3.718147854015587D0,0.0130141997739358D0,-0.6123974523932521D0, 0001123P   4931
-3.71814785400602D0,1.180204160585239D-18,-0.6123974523934525D0, 0001123P   4932
0.0D0,0.4999999980949108D0,0.9997810377150922D0,0.0D0,           0001123P   4933
-0.02092550179407301D0;                                          0001123P   4934
126,9,3,1,0,0,0,0.0D0,0.0D0,0.0D0,0.0D0,0.2435272099900123D0,    0001125P   4935
0.2435272099900123D0,0.2435272099900123D0,0.5126864125212394D0,  0001125P   4936
0.5126864125212394D0,0.5126864125212394D0,1.025396945933037D0,   0001125P   4937
1.025396945933037D0,1.025396945933037D0,1.025396945933037D0,     0001125P   4938
1.0D0,1.018395929832357D0,1.035293873898987D0,                   0001125P   4939
1.050595051393243D0,1.06750672517422D0,1.082467813813935D0,      0001125P   4940
1.095547154203454D0,1.068948065684519D0,1.036264586835522D0,     0001125P   4941
1.0D0,-3.71814785400602D0,1.180204160585239D-18,                 0001125P   4942
-0.6123974523934525D0,-3.63836070954992D0,4.817505111332601D-11, 0001125P   4943
-0.6140660838619501D0,-3.556886669763604D0,                      0001125P   4944
1.389413272688876D-11,-0.615454926068162D0,-3.474467831515208D0, 0001125P   4945
8.937083210206134D-13,-0.6166323680379954D0,                     0001125P   4946
-3.386122978463928D0,-1.304146242573594D-11,                     0001125P   4947
-0.6178944695188225D0,-3.295990972615253D0,                      0001125P   4948
-2.630049776031558D-12,-0.618923632394952D0,                     0001125P   4949
-3.205159199717779D0,1.110703344911945D-12,                      0001125P   4950
-0.6197811312365371D0,-3.038004394537991D0,                      0001125P   4951
7.994691614774197D-12,-0.621359158916002D0,-2.865117845845213D0, 0001125P   4952
-7.677471849021401D-12,-0.6223848066003617D0,                    0001125P   4953
-2.692315707113835D0,-5.503508861306841D-17,                     0001125P   4954
-0.6231096732525394D0,0.0D0,1.025396945933037D0,0.0D0,1.0D0,     0001125P   4955
0.0D0;                                                           0001125P   4956
102,4,1119,1121,1123,1125;                                       0001127P   4957
142,0,1107,1117,1127,1;                                          0001129P   4958
144,1107,1,0,1129;                                               0001131P   4959
128,4,6,2,3,0,0,0,0,0,0.0D0,0.0D0,0.0D0,0.5D0,0.5D0,1.0D0,1.0D0, 0001133P   4960
1.0D0,0.0D0,0.0D0,0.0D0,0.0D0,0.1830608203285658D0,              0001133P   4961
0.3858504786309272D0,0.5878530667784924D0,0.7703922553257742D0,  0001133P   4962
0.7703922553257742D0,0.7703922553257742D0,0.7703922553257742D0,  0001133P   4963
1.0D0,0.8073622380346621D0,1.0D0,0.8073622380346621D0,1.0D0,     0001133P   4964
0.9999999999999993D0,0.8268082250715431D0,1.024085826808321D0,   0001133P   4965
0.8268082250715431D0,0.9999999999999993D0,1.000000000000001D0,   0001133P   4966
0.8691251282240358D0,1.076499602383834D0,0.8691251282240358D0,   0001133P   4967
1.000000000000001D0,1.0D0,0.9328800019832174D0,                  0001133P   4968
1.155466478410112D0,0.9328800019832174D0,1.0D0,                  0001133P   4969
0.9999999999999998D0,0.9919659469152965D0,1.228650412645022D0,   0001133P   4970
0.9919659469152965D0,0.9999999999999998D0,0.9999999999999996D0,  0001133P   4971
1.02621517031832D0,1.271071548771472D0,1.02621517031832D0,       0001133P   4972
0.9999999999999996D0,1.0D0,1.041310740011673D0,                  0001133P   4973
1.289768942558553D0,1.041310740011673D0,1.0D0,                   0001133P   4974
-4.487178999999999D0,0.02858334144185426D0,                      0001133P   4975
-0.5413328254281786D0,-4.490451765053465D0,0.0219253298690444D0, 0001133P   4976
-0.5619648389185669D0,-4.490451765053466D0,                      0001133P   4977
3.619364303284368D-16,-0.5619648389185669D0,                     0001133P   4978
-4.490451765053467D0,-0.02192532986904367D0,                     0001133P   4979
-0.561964838918567D0,-4.487179000000002D0,                       0001133P   4980
-0.02858334144185423D0,-0.5413328254281788D0,                    0001133P   4981
-4.426757085543556D0,0.02828331455115241D0,                      0001133P   4982
-0.5518321447045923D0,-4.430681590829814D0,                      0001133P   4983
0.02118493256954248D0,-0.5714148332819647D0,                     0001133P   4984
-4.430681590662653D0,-6.191101231105649D-11,                     0001133P   4985
-0.5714148332689047D0,-4.430681590495492D0,                      0001133P   4986
-0.02118493269336451D0,-0.571414833255845D0,                     0001133P   4987
-4.426757085097213D0,-0.02828331461022602D0,                     0001133P   4988
-0.5518321446697206D0,-4.29865867838282D0,0.02751953328731795D0, 0001133P   4989
-0.5683081355054032D0,-4.3048546818879D0,0.01960922051742257D0,  0001133P   4990
-0.5857466273488914D0,-4.304854681836511D0,                      0001133P   4991
7.755099286683096D-11,-0.5857466273861898D0,-4.30485468178512D0, 0001133P   4992
-0.01960922036232058D0,-0.5857466274234882D0,                    0001133P   4993
-4.298658678238579D0,-0.02751953319793607D0,                     0001133P   4994
-0.5683081356100921D0,-4.102856488775703D0,                      0001133P   4995
0.02595301322463335D0,-0.5843487972767242D0,-4.10823812184496D0, 0001133P   4996
0.01722913900063309D0,-0.5989084457389201D0,                     0001133P   4997
-4.108238121862767D0,-1.064357868217896D-10,                     0001133P   4998
-0.5989084456909366D0,-4.108238121880574D0,                      0001133P   4999
-0.01722913921350466D0,-0.598908445642953D0,-4.10285648882935D0, 0001133P   5000
-0.02595301335547692D0,-0.5843487971321647D0,                    0001133P   5001
-3.907050099105276D0,0.02403751792753482D0,                      0001133P   5002
-0.5952888597549431D0,-3.910980437585294D0,                      0001133P   5003
0.01500701900460049D0,-0.6071148266697739D0,                     0001133P   5004
-3.910980437556615D0,1.931759594308713D-10,                      0001133P   5005
-0.6071148267557559D0,-3.910980437527936D0,                      0001133P   5006
-0.01500701861824857D0,-0.6071148268417378D0,                    0001133P   5007
-3.907050099013402D0,-0.02403751767598458D0,                     0001133P   5008
-0.5952888600303865D0,-3.778819604150832D0,                      0001133P   5009
0.02263736396071996D0,-0.600471607995371D0,-3.779982447479402D0, 0001133P   5010
0.01366120437011235D0,-0.6107363461325563D0,                     0001133P   5011
-3.779982447466953D0,-3.293996507974693D-10,                     0001133P   5012
-0.6107363459889729D0,-3.779982447454505D0,                      0001133P   5013
-0.01366120502891165D0,-0.6107363458453892D0,                    0001133P   5014
-3.778819604109576D0,-0.02263736440353706D0,                     0001133P   5015
-0.6004716075195191D0,-3.717949000000002D0,0.0219564999001285D0, 0001133P   5016
-0.6026246356848966D0,-3.71817186634572D0,0.0130582309498852D0,  0001133P   5017
-0.6121791391418917D0,-3.718171866345719D0,                      0001133P   5018
5.705693363921051D-10,-0.6121791393903134D0,-3.71817186634572D0, 0001133P   5019
-0.01305822980874652D0,-0.6121791396387352D0,                    0001133P   5020
-3.717949000000002D0,-0.02195649912252252D0,                     0001133P   5021
-0.6026246365203041D0,0.0D0,1.0D0,0.0D0,0.7703922553257742D0;    0001133P   5022
126,1,1,1,0,1,0,-0.500000013529934D0,-0.500000013529934D0,       0001135P   5023
-0.0D0,-0.0D0,1.0D0,1.0D0,0.500000013529934D0,                   0001135P   5024
0.7703922553257742D0,0.0D0,0.0D0,0.7703922553257742D0,0.0D0,     0001135P   5025
-0.500000013529934D0,-0.0D0,0.0D0,0.0D0,1.0D0;                   0001135P   5026
126,1,1,1,0,1,0,-0.7703922553257742D0,-0.7703922553257742D0,     0001137P   5027
-0.0D0,-0.0D0,1.0D0,1.0D0,0.0D0,0.7703922553257742D0,0.0D0,      0001137P   5028
0.0D0,0.0D0,0.0D0,-0.7703922553257742D0,-0.0D0,0.0D0,0.0D0,      0001137P   5029
1.0D0;                                                           0001137P   5030
126,1,1,1,0,1,0,-1.0D0,-1.0D0,-0.5D0,-0.5D0,1.0D0,1.0D0,0.0D0,   0001139P   5031
0.0D0,0.0D0,0.5D0,0.0D0,0.0D0,-1.0D0,-0.5D0,0.0D0,0.0D0,1.0D0;   0001139P   5032
126,1,1,1,0,1,0,0.0D0,0.0D0,0.7703922553257742D0,                0001141P   5033
0.7703922553257742D0,1.0D0,1.0D0,0.5D0,0.0D0,0.0D0,              0001141P   5034
0.500000013529934D0,0.7703922553257742D0,0.0D0,0.0D0,            0001141P   5035
0.7703922553257742D0,0.0D0,0.0D0,1.0D0;                          0001141P   5036
102,4,1135,1137,1139,1141;                                       0001143P   5037
126,2,2,1,0,0,0,-0.500000013529934D0,-0.500000013529934D0,       0001145P   5038
-0.500000013529934D0,-0.0D0,-0.0D0,-0.0D0,1.0D0,                 0001145P   5039
0.9169051000978876D0,1.0D0,-3.71817186634572D0,                  0001145P   5040
-1.495015583083312D-18,-0.6121791393903135D0,                    0001145P   5041
-3.718171866351512D0,0.01305823071865164D0,                      0001145P   5042
-0.6121791393901785D0,-3.717949000000002D0,0.0219564999001285D0, 0001145P   5043
-0.6026246356848966D0,-0.500000013529934D0,-0.0D0,               0001145P   5044
-0.9997280647031883D0,0.0D0,0.02331944778115102D0;               0001145P   5045
126,6,3,1,0,1,0,-0.7703922553257742D0,-0.7703922553257742D0,     0001147P   5046
-0.7703922553257742D0,-0.7703922553257742D0,                     0001147P   5047
-0.5878530667784924D0,-0.3858504786309272D0,                     0001147P   5048
-0.1830608203285658D0,-0.0D0,-0.0D0,-0.0D0,-0.0D0,1.0D0,1.0D0,   0001147P   5049
1.0D0,1.0D0,1.0D0,1.0D0,1.0D0,-3.717949000000002D0,              0001147P   5050
0.0219564999001285D0,-0.6026246356848966D0,-3.77881960415083D0,  0001147P   5051
0.02263736396071995D0,-0.6004716079953708D0,                     0001147P   5052
-3.907050099105275D0,0.02403751792753481D0,-0.595288859754943D0, 0001147P   5053
-4.102856488775704D0,0.02595301322463336D0,                      0001147P   5054
-0.5843487972767244D0,-4.298658678382824D0,                      0001147P   5055
0.02751953328731798D0,-0.5683081355054038D0,                     0001147P   5056
-4.426757085543553D0,0.02828331455115239D0,-0.551832144704592D0, 0001147P   5057
-4.487178999999999D0,0.02858334144185426D0,                      0001147P   5058
-0.5413328254281786D0,-0.7703922553257742D0,-0.0D0,              0001147P   5059
-0.01268765123561797D0,-0.9985458449269837D0,                    0001147P   5060
-0.0523948383448167D0;                                           0001147P   5061
126,2,2,1,0,0,0,0.0D0,0.0D0,0.0D0,0.5D0,0.5D0,0.5D0,1.0D0,       0001149P   5062
0.8073622380346621D0,1.0D0,-4.487178999999999D0,                 0001149P   5063
0.02858334144185426D0,-0.5413328254281786D0,                     0001149P   5064
-4.490451765053465D0,0.0219253298690444D0,-0.5619648389185669D0, 0001149P   5065
-4.490451765053466D0,3.619364303284368D-16,                      0001149P   5066
-0.5619648389185669D0,0.0D0,0.5D0,0.9876515156144863D0,-0.0D0,   0001149P   5067
-0.1566667919643741D0;                                           0001149P   5068
126,12,3,1,0,0,0,-0.0D0,-0.0D0,-0.0D0,-0.0D0,                    0001151P   5069
0.1830608306699752D0,0.1830608306699752D0,0.1830608306699752D0,  0001151P   5070
0.3858505004282608D0,0.3858505004282608D0,0.3858505004282608D0,  0001151P   5071
0.5878530999872873D0,0.5878530999872873D0,0.5878530999872873D0,  0001151P   5072
0.7703922553257742D0,0.7703922553257742D0,0.7703922553257742D0,  0001151P   5073
0.7703922553257742D0,1.0D0,1.024085826808321D0,                  0001151P   5074
1.048952735843695D0,1.073688620070062D0,1.101090340990292D0,     0001151P   5075
1.128331273651119D0,1.154584038838887D0,1.180734911414707D0,     0001151P   5076
1.205905272211663D0,1.229559475483437D0,1.149204399982204D0,     0001151P   5077
1.072742254442094D0,1.0D0,-4.490451765053466D0,                  0001151P   5078
3.619364303284368D-16,-0.5619648389185669D0,                     0001151P   5079
-4.430681590662653D0,-6.191084549139086D-11,                     0001151P   5080
-0.5714148332689051D0,-4.369417238973315D0,5.99233668677573D-12, 0001151P   5081
-0.5783928960960999D0,-4.30674385517952D0,1.155586036785541D-11, 0001151P   5082
-0.5840634565195075D0,-4.240603502002814D0,                      0001151P   5083
1.742714733050407D-11,-0.5900477012883559D0,                     0001151P   5084
-4.172697407357648D0,-4.611697539559385D-11,                     0001151P   5085
-0.5945934408721632D0,-4.103364806926741D0,                      0001151P   5086
-2.187039207986656D-11,-0.5983146343389D0,-4.037366492961151D0,  0001151P   5087
1.210144468866207D-12,-0.6018568712262812D0,                     0001151P   5088
-3.969722738926054D0,1.039532148133871D-10,                      0001151P   5089
-0.6046710096169831D0,-3.900959503497922D0,                      0001151P   5090
2.565266185501365D-12,-0.6070101715035545D0,                     0001151P   5091
-3.841058514720773D0,-8.575574336392326D-11,                     0001151P   5092
-0.6090478608159188D0,-3.779982476128899D0,                      0001151P   5093
-3.293995227024523D-10,-0.6107363451965964D0,                    0001151P   5094
-3.71817186634572D0,-1.495015583083312D-18,                      0001151P   5095
-0.6121791393903135D0,-0.0D0,0.7703922553257742D0,0.0D0,1.0D0,   0001151P   5096
0.0D0;                                                           0001151P   5097
102,4,1145,1147,1149,1151;                                       0001153P   5098
142,0,1133,1143,1153,1;                                          0001155P   5099
144,1133,1,0,1155;                                               0001157P   5100
128,4,10,2,3,0,0,0,0,0,0.0D0,0.0D0,0.0D0,0.5D0,0.5D0,1.0D0,      0001159P   5101
1.0D0,1.0D0,0.0D0,0.0D0,0.0D0,0.0D0,0.1215210426139862D0,        0001159P   5102
0.2158491363270824D0,0.3059653845716569D0,0.3895350481473102D0,  0001159P   5103
0.4725974961528077D0,0.5527763763571229D0,0.6341711036769193D0,  0001159P   5104
0.734422358284656D0,0.734422358284656D0,0.734422358284656D0,     0001159P   5105
0.734422358284656D0,1.0D0,0.7794702290543769D0,1.0D0,            0001159P   5106
0.7794702290543769D0,1.0D0,0.9999999999999988D0,                 0001159P   5107
0.7794852595152106D0,1.000019282918415D0,0.7794852595152106D0,   0001159P   5108
0.9999999999999988D0,1.000000000000001D0,0.7767266239118734D0,   0001159P   5109
0.9964801668617517D0,0.7767266239118734D0,1.000000000000001D0,   0001159P   5110
0.9999999999999988D0,0.7663718177661237D0,0.9831957516784911D0,  0001159P   5111
0.7663718177661237D0,0.9999999999999988D0,1.0D0,                 0001159P   5112
0.7543457668578035D0,0.9677672587610519D0,0.7543457668578035D0,  0001159P   5113
1.0D0,0.9999999999999985D0,0.7447737837639999D0,                 0001159P   5114
0.9554871449901693D0,0.7447737837639999D0,0.9999999999999985D0,  0001159P   5115
1.000000000000001D0,0.7484361279722021D0,0.9601856492712694D0,   0001159P   5116
0.7484361279722021D0,1.000000000000001D0,1.0D0,                  0001159P   5117
0.7690879654937975D0,0.9866803590777613D0,0.7690879654937975D0,  0001159P   5118
1.0D0,1.0D0,0.8000178756767848D0,1.026361040943585D0,            0001159P   5119
0.8000178756767848D0,1.0D0,1.0D0,0.8238503002491543D0,           0001159P   5120
1.05693619786944D0,0.8238503002491543D0,1.0D0,1.0D0,             0001159P   5121
0.8369233240187496D0,1.073707875968621D0,0.8369233240187496D0,   0001159P   5122
1.0D0,-4.867015299907095D0,0.02929744578926419D0,0.0D0,          0001159P   5123
-4.890560865646789D0,0.0241101936569294D0,1.369261704981965D-05, 0001159P   5124
-4.890560865646788D0,-4.596815434974376D-16,                     0001159P   5125
1.369261704981965D-05,-4.890560865646788D0,                      0001159P   5126
-0.02411019365693033D0,1.369261704981965D-05,                    0001159P   5127
-4.867015299907094D0,-0.0292974457892644D0,0.0D0,                0001159P   5128
-4.867018663828001D0,0.02929709210728393D0,                      0001159P   5129
-0.04070035656019064D0,-4.89056956867802D0,                      0001159P   5130
0.02410943776322617D0,-0.04136854207228453D0,                    0001159P   5131
-4.890569568664411D0,8.025896835685567D-11,                      0001159P   5132
-0.04136854237869648D0,-4.890569568650804D0,                     0001159P   5133
-0.02410943760270823D0,-0.04136854268510843D0,                   0001159P   5134
-4.867018663794929D0,-0.02929709207632359D0,                     0001159P   5135
-0.04070035730487653D0,-4.863940738991407D0,                     0001159P   5136
0.02932641579343651D0,-0.112972619870493D0,-4.887534953768979D0, 0001159P   5137
0.02421928210748403D0,-0.1152311666970482D0,                     0001159P   5138
-4.887534953791599D0,-1.292915713146819D-10,                     0001159P   5139
-0.1152311661089079D0,-4.887534953814221D0,                      0001159P   5140
-0.02421928236606717D0,-0.1152311655207675D0,                    0001159P   5141
-4.863940739046189D0,-0.02932641584327807D0,                     0001159P   5142
-0.1129726184461693D0,-4.849998138301999D0,                      0001159P   5143
0.02942723509121413D0,-0.2147753224205858D0,                     0001159P   5144
-4.873739614452713D0,0.02463090710157486D0,                      0001159P   5145
-0.2195714790525878D0,-4.873739614426906D0,                      0001159P   5146
9.208320656750203D-11,-0.2195714793734875D0,                     0001159P   5147
-4.873739614401099D0,-0.02463090691740844D0,                     0001159P   5148
-0.2195714796943872D0,-4.849998138240334D0,                      0001159P   5149
-0.02942723505743929D0,-0.2147753231873614D0,                    0001159P   5150
-4.827170712073316D0,0.02953391193540451D0,                      0001159P   5151
-0.3021985736243016D0,-4.850561932085121D0,                      0001159P   5152
0.02511429488591255D0,-0.3105594661655898D0,                     0001159P   5153
-4.850561932125076D0,-3.570301627374751D-11,                     0001159P   5154
-0.3105594660285679D0,-4.850561932165032D0,                      0001159P   5155
-0.02511429495731859D0,-0.310559465891546D0,                     0001159P   5156
-4.827170712167289D0,-0.02953391194726503D0,                     0001159P   5157
-0.3021985733020317D0,-4.78980991342022D0,0.02960806761667487D0, 0001159P   5158
-0.3812308518868254D0,-4.811277384311603D0,                      0001159P   5159
0.02550093788277524D0,-0.3950305672401114D0,                     0001159P   5160
-4.811277384253072D0,-9.865228149132314D-11,                     0001159P   5161
-0.3950305671383847D0,-4.811277384194539D0,                      0001159P   5162
-0.02550093808007981D0,-0.3950305670366579D0,                    0001159P   5163
-4.789809913284303D0,-0.02960806765104555D0,                     0001159P   5164
-0.381230851650604D0,-4.733559682379413D0,0.02958134368810583D0, 0001159P   5165
-0.4447629867966034D0,-4.749920806743071D0,                      0001159P   5166
0.02535324918446567D0,-0.4641665664779602D0,                     0001159P   5167
-4.749920806769927D0,-6.257557380916496D-11,                     0001159P   5168
-0.4641665664199153D0,-4.749920806796784D0,                      0001159P   5169
-0.02535324930961682D0,-0.4641665663618703D0,                    0001159P   5170
-4.733559682442084D0,-0.0295813437051307D0,                      0001159P   5171
-0.4447629866611534D0,-4.662457573464473D0,                      0001159P   5172
0.02940893115745334D0,-0.488780140001956D0,-4.673278570014118D0, 0001159P   5173
0.02452865285388633D0,-0.5103950327512872D0,-4.67327856989017D0, 0001159P   5174
-9.375972798696379D-12,-0.5103950327924537D0,                    0001159P   5175
-4.673278569766222D0,-0.02452865287263828D0,                     0001159P   5176
-0.5103950328336203D0,-4.662457573167254D0,                      0001159P   5177
-0.02940893116820569D0,-0.4887801401006704D0,                    0001159P   5178
-4.579669623656384D0,0.02908462169078629D0,-0.52020841044537D0,  0001159P   5179
-4.586889457792386D0,0.02332030363543149D0,                      0001159P   5180
-0.5416919025336242D0,-4.586889457990503D0,                      0001159P   5181
4.870315293827058D-11,-0.5416919025071437D0,                     0001159P   5182
-4.586889458188621D0,-0.02332030353802518D0,                     0001159P   5183
-0.5416919024806632D0,-4.579669624150561D0,                      0001159P   5184
-0.0290846216591799D0,-0.5202084103793182D0,                     0001159P   5185
-4.520149793320583D0,0.02876929096697138D0,                      0001159P   5186
-0.5344829167785267D0,-4.525084468210211D0,                      0001159P   5187
0.02240017051151654D0,-0.5554064619253041D0,                     0001159P   5188
-4.525084467816821D0,-1.301206061717191D-10,                     0001159P   5189
-0.5554064619288224D0,-4.52508446742343D0,                       0001159P   5190
-0.02240017077175776D0,-0.5554064619323407D0,                    0001159P   5191
-4.520149792310095D0,-0.0287692910434514D0,-0.534482916787564D0, 0001159P   5192
-4.487179D0,0.02857331385482268D0,-0.5411498626415582D0,         0001159P   5193
-4.490927525505008D0,0.02190006548069599D0,                      0001159P   5194
-0.5616688636038053D0,-4.490927525505009D0,                      0001159P   5195
7.896811814286506D-11,-0.561668863662406D0,-4.490927525505009D0, 0001159P   5196
-0.02190006532275975D0,-0.5616688637210067D0,                    0001159P   5197
-4.487179000000002D0,-0.02857331380669773D0,                     0001159P   5198
-0.5411498627944722D0,0.0D0,1.0D0,0.0D0,0.734422358284656D0;     0001159P   5199
126,1,1,1,0,1,0,-0.500000001156503D0,-0.500000001156503D0,       0001161P   5200
-0.0D0,-0.0D0,1.0D0,1.0D0,0.5000000011565032D0,                  0001161P   5201
0.734422358284656D0,0.0D0,0.0D0,0.734422358284656D0,0.0D0,       0001161P   5202
-0.500000001156503D0,-0.0D0,0.0D0,0.0D0,1.0D0;                   0001161P   5203
126,1,1,1,0,1,0,-0.734422358284656D0,-0.734422358284656D0,       0001163P   5204
-0.0D0,-0.0D0,1.0D0,1.0D0,0.0D0,0.734422358284656D0,0.0D0,0.0D0, 0001163P   5205
0.0D0,0.0D0,-0.734422358284656D0,-0.0D0,0.0D0,0.0D0,1.0D0;       0001163P   5206
126,1,1,1,0,1,0,-1.0D0,-1.0D0,-0.5D0,-0.5D0,1.0D0,1.0D0,0.0D0,   0001165P   5207
0.0D0,0.0D0,0.499999999999994D0,0.0D0,0.0D0,-1.0D0,-0.5D0,0.0D0, 0001165P   5208
0.0D0,1.0D0;                                                     0001165P   5209
126,1,1,1,0,1,0,0.0D0,0.0D0,0.734422358284656D0,                 0001167P   5210
0.734422358284656D0,1.0D0,1.0D0,0.499999999999994D0,0.0D0,0.0D0, 0001167P   5211
0.5000000011565032D0,0.734422358284656D0,0.0D0,0.0D0,            0001167P   5212
0.734422358284656D0,0.0D0,0.0D0,1.0D0;                           0001167P   5213
102,4,1161,1163,1165,1167;                                       0001169P   5214
126,2,2,1,0,0,0,-0.500000001156503D0,-0.500000001156503D0,       0001171P   5215
-0.500000001156503D0,-0.0D0,-0.0D0,-0.0D0,1.0D0,                 0001171P   5216
0.8076860861871399D0,1.0D0,-4.490927525505009D0,                 0001171P   5217
1.590090681069661D-17,-0.5616688636624062D0,                     0001171P   5218
-4.490927525515367D0,0.02190006546225312D0,                      0001171P   5219
-0.5616688636605141D0,-4.487179D0,0.02857331385482268D0,         0001171P   5220
-0.5411498626415582D0,-0.500000001156503D0,-0.0D0,               0001171P   5221
-0.9837193874532347D0,-0.0D0,0.1797113428491166D0;               0001171P   5222
126,10,3,1,0,1,0,-0.734422358284656D0,-0.734422358284656D0,      0001173P   5223
-0.734422358284656D0,-0.734422358284656D0,-0.6341711036769193D0, 0001173P   5224
-0.5527763763571229D0,-0.4725974961528077D0,                     0001173P   5225
-0.3895350481473102D0,-0.3059653845716569D0,                     0001173P   5226
-0.2158491363270824D0,-0.1215210426139862D0,-0.0D0,-0.0D0,       0001173P   5227
-0.0D0,-0.0D0,1.0D0,1.0D0,1.0D0,1.0D0,1.0D0,1.0D0,1.0D0,1.0D0,   0001173P   5228
1.0D0,1.0D0,1.0D0,-4.487179D0,0.02857331385482268D0,             0001173P   5229
-0.5411498626415582D0,-4.520149793320583D0,                      0001173P   5230
0.02876929096697138D0,-0.5344829167785267D0,                     0001173P   5231
-4.579669623656386D0,0.0290846216907863D0,-0.5202084104453703D0, 0001173P   5232
-4.662457573464474D0,0.02940893115745335D0,                      0001173P   5233
-0.4887801400019561D0,-4.733559682379417D0,                      0001173P   5234
0.02958134368810585D0,-0.4447629867966037D0,                     0001173P   5235
-4.789809913420213D0,0.02960806761667482D0,                      0001173P   5236
-0.3812308518868248D0,-4.827170712073316D0,                      0001173P   5237
0.02953391193540451D0,-0.3021985736243016D0,                     0001173P   5238
-4.849998138301992D0,0.0294272350912141D0,-0.2147753224205855D0, 0001173P   5239
-4.863940738991412D0,0.02932641579343654D0,                      0001173P   5240
-0.1129726198704931D0,-4.867018663827995D0,                      0001173P   5241
0.02929709210728389D0,-0.04070035656019059D0,                    0001173P   5242
-4.867015299907095D0,0.02929744578926419D0,0.0D0,                0001173P   5243
-0.734422358284656D0,-0.0D0,-0.004131311892227797D0,             0001173P   5244
-0.99998957455046D0,-0.001945007053778905D0;                     0001173P   5245
126,2,2,1,0,0,0,0.0D0,0.0D0,0.0D0,0.5D0,0.5D0,0.5D0,1.0D0,       0001175P   5246
0.7794702290543769D0,1.0D0,-4.867015299907095D0,                 0001175P   5247
0.02929744578926419D0,0.0D0,-4.890560865646789D0,                0001175P   5248
0.0241101936569294D0,1.369261704981965D-05,-4.890560865646788D0, 0001175P   5249
-4.596815434974376D-16,1.369261704981965D-05,0.0D0,0.5D0,        0001175P   5250
-0.0005815368755999747D0,0.0D0,-0.9999998309074171D0;            0001175P   5251
126,24,3,1,0,0,0,0.0D0,0.0D0,0.0D0,0.0D0,0.1215210426139862D0,   0001177P   5252
0.1215210426139862D0,0.1215210426139862D0,0.2158491363270824D0,  0001177P   5253
0.2158491363270824D0,0.2158491363270824D0,0.3059653845716569D0,  0001177P   5254
0.3059653845716569D0,0.3059653845716569D0,0.3895350481473102D0,  0001177P   5255
0.3895350481473102D0,0.3895350481473102D0,0.4725974961528077D0,  0001177P   5256
0.4725974961528077D0,0.4725974961528077D0,0.5527763763571229D0,  0001177P   5257
0.5527763763571229D0,0.5527763763571229D0,0.6341711036769193D0,  0001177P   5258
0.6341711036769193D0,0.6341711036769193D0,0.734422358284656D0,   0001177P   5259
0.734422358284656D0,0.734422358284656D0,0.734422358284656D0,     0001177P   5260
1.0D0,1.000019282918415D0,0.9980267937175968D0,                  0001177P   5261
0.9941856034687496D0,0.9912039622157689D0,0.9871084219242272D0,  0001177P   5262
0.9823303690492622D0,0.9777656611021719D0,0.9725780296012698D0,  0001177P   5263
0.9678456479415811D0,0.9634570548641326D0,0.9594599700251096D0,  0001177P   5264
0.9582653839642231D0,0.9570780482932995D0,0.9586592958087735D0,  0001177P   5265
0.9640133448796101D0,0.9691815245969984D0,0.9778651021629623D0,  0001177P   5266
0.9882695697521402D0,0.9988318125793132D0,1.011167532930828D0,   0001177P   5267
1.024114843692987D0,1.015695887828156D0,1.007994152310547D0,     0001177P   5268
1.0D0,-4.890560865646788D0,-4.596815434974376D-16,               0001177P   5269
1.369261704981965D-05,-4.890569568664411D0,                      0001177P   5270
8.025853818351183D-11,-0.04136854237869656D0,                    0001177P   5271
-4.888863756480077D0,-3.753360578073843D-11,                     0001177P   5272
-0.08288806587893034D0,-4.885067296564163D0,                     0001177P   5273
-4.008456285153287D-11,-0.1241153694824428D0,                    0001177P   5274
-4.882100091503156D0,-4.207831832334578D-11,                     0001177P   5275
-0.1563374570623004D0,-4.877841343754502D0,                      0001177P   5276
2.626212487150506D-11,-0.1885482684430442D0,                     0001177P   5277
-4.871643386722597D0,3.710778070925307D-11,                      0001177P   5278
-0.2204749049549125D0,-4.865665596334146D0,4.75681722365897D-11, 0001177P   5279
-0.2512674289904575D0,-4.857867882344137D0,                      0001177P   5280
4.576817865052174D-12,-0.2818786992298035D0,                     0001177P   5281
-4.847031647465324D0,-2.754488962583607D-11,                     0001177P   5282
-0.3118787356394702D0,-4.836887488305608D0,                      0001177P   5283
-5.761508623134949D-11,-0.3399627655207314D0,                    0001177P   5284
-4.82409664179561D0,-7.811102258332496D-11,                      0001177P   5285
-0.3674661210982635D0,-4.807235368815073D0,                      0001177P   5286
-8.22616262480884D-11,-0.3930369710354043D0,                     0001177P   5287
-4.790434724520438D0,-8.639730543792103D-11,                     0001177P   5288
-0.4185158749474197D0,-4.76978711531704D0,                       0001177P   5289
-7.425681321825619D-11,-0.4417814017027816D0,                    0001177P   5290
-4.746071770881837D0,-5.887401236560197D-11,                     0001177P   5291
-0.4614072705863312D0,-4.723428255167657D0,                      0001177P   5292
-4.418644610288517D-11,-0.4801461369638926D0,                    0001177P   5293
-4.69831775794601D0,-2.675650291205461D-11,                      0001177P   5294
-0.4952920907312626D0,-4.672125604146137D0,                      0001177P   5295
-8.873411101546639D-12,-0.5078061240450352D0,                    0001177P   5296
-4.646094410696087D0,8.899782579325091D-12,                      0001177P   5297
-0.5202432540542807D0,-4.619166320242269D0,                      0001177P   5298
2.700346833975918D-11,-0.5299987072597419D0,-4.59167049062822D0, 0001177P   5299
-1.782647658826429D-13,-0.5381619549913193D0,                    0001177P   5300
-4.558745594422061D0,-3.272704593630025D-11,                     0001177P   5301
-0.5479370404511892D0,-4.525084467816821D0,                      0001177P   5302
-1.301206075708149D-10,-0.5554064619288225D0,                    0001177P   5303
-4.490927525505009D0,1.590090681069661D-17,                      0001177P   5304
-0.5616688636624062D0,0.0D0,0.734422358284656D0,0.0D0,1.0D0,     0001177P   5305
0.0D0;                                                           0001177P   5306
102,4,1171,1173,1175,1177;                                       0001179P   5307
142,0,1159,1169,1179,1;                                          0001181P   5308
144,1159,1,0,1181;                                               0001183P   5309
128,13,1,3,1,0,0,1,0,0,0.0D0,0.0D0,0.0D0,0.0D0,                  0001185P   5310
0.2412479390957927D0,0.2412479390957927D0,0.3618719086436891D0,  0001185P   5311
0.3618719086436891D0,0.4824958781915855D0,0.4824958781915855D0,  0001185P   5312
0.6031198477394818D0,0.6031198477394818D0,0.7237438172873782D0,  0001185P   5313
0.7237438172873782D0,0.9649917563831709D0,0.9649917563831709D0,  0001185P   5314
0.9649917563831709D0,0.9649917563831709D0,-1.282052D0,           0001185P   5315
-1.282052D0,0.0D0,0.0D0,1.0D0,1.0D0,1.0D0,1.0D0,1.0D0,1.0D0,     0001185P   5316
1.0D0,1.0D0,1.0D0,1.0D0,1.0D0,1.0D0,1.0D0,1.0D0,1.0D0,1.0D0,     0001185P   5317
1.0D0,1.0D0,1.0D0,1.0D0,1.0D0,1.0D0,1.0D0,1.0D0,1.0D0,1.0D0,     0001185P   5318
1.0D0,1.0D0,-0.6410260000000005D0,-4.336808689942018D-19,        0001185P   5319
-0.6249999999999996D0,-0.6410260000000019D0,                     0001185P   5320
0.07966730190192146D0,-0.6143348411822167D0,                     0001185P   5321
-0.6410259999999997D0,0.1593073983356707D0,                      0001185P   5322
-0.6020479035687876D0,-0.6410260000000003D0,0.276479287589165D0, 0001185P   5323
-0.5735203155776141D0,-0.6410260000000007D0,                     0001185P   5324
0.3153121114545821D0,-0.5622088778435859D0,                      0001185P   5325
-0.6410260000000004D0,0.3888381537371733D0,                      0001185P   5326
-0.5303190221970215D0,-0.6410260000000002D0,                     0001185P   5327
0.4246973982028304D0,-0.5089578817105196D0,                      0001185P   5328
-0.6410260000000003D0,0.4716683015576485D0,                      0001185P   5329
-0.4424479239370665D0,-0.6410260000000011D0,                     0001185P   5330
0.4788476912570031D0,-0.4013398330934379D0,                      0001185P   5331
-0.6410259999999999D0,0.4868383236621073D0,                      0001185P   5332
-0.3216860905518475D0,-0.6410260000000008D0,                     0001185P   5333
0.4881703498947748D0,-0.2813588938915141D0,                      0001185P   5334
-0.6410260000000001D0,0.4922064865550815D0,-0.160849960338032D0, 0001185P   5335
-0.6410260000000008D0,0.4933693729651701D0,                      0001185P   5336
-0.08040817691655278D0,-0.6410260000000005D0,                    0001185P   5337
0.4933980000000001D0,4.440892098500626D-16,0.6410259999999997D0, 0001185P   5338
-4.336808689942018D-19,-0.6249999999999996D0,                    0001185P   5339
0.6410259999999997D0,0.0796678005555034D0,-0.6143348909052173D0, 0001185P   5340
0.6410259999999997D0,0.1593108236163652D0,-0.6020470901187633D0, 0001185P   5341
0.6410259999999997D0,0.2764757231317483D0,-0.5735212775009591D0, 0001185P   5342
0.6410259999999991D0,0.3153134545590384D0,-0.5622086163530466D0, 0001185P   5343
0.6410259999999999D0,0.3888390384257761D0,-0.5303183248242971D0, 0001185P   5344
0.6410259999999994D0,0.4246966592916371D0,-0.5089584416534048D0, 0001185P   5345
0.6410260000000002D0,0.4716686594784315D0,-0.442447698579121D0,  0001185P   5346
0.6410259999999993D0,0.4788478137468019D0,-0.4013385492849324D0, 0001185P   5347
0.6410259999999997D0,0.4868382661329731D0,-0.3216867109783068D0, 0001185P   5348
0.6410259999999997D0,0.4881703735860491D0,-0.2813590240045489D0, 0001185P   5349
0.6410259999999991D0,0.4922065629595392D0,-0.1608451736439287D0, 0001185P   5350
0.641026D0,0.4933693066067716D0,-0.08041304668244642D0,          0001185P   5351
0.6410259999999997D0,0.4933980000000001D0,4.440892098500626D-16, 0001185P   5352
0.0D0,0.9649917563831709D0,-1.282052D0,0.0D0;                    0001185P   5353
126,1,1,1,0,1,0,-0.9649917563831709D0,-0.9649917563831709D0,     0001187P   5354
-0.004038722739635763D0,-0.004038722739635763D0,1.0D0,1.0D0,     0001187P   5355
0.9649917563831709D0,-0.6410259999999997D0,0.0D0,                0001187P   5356
0.004038722739330196D0,-0.6410259999999997D0,0.0D0,              0001187P   5357
-0.9649917563831709D0,-0.004038722739635763D0,0.0D0,0.0D0,1.0D0; 0001187P   5358
126,3,3,1,0,1,0,-0.6410259999872484D0,-0.6410259999872484D0,     0001189P   5359
-0.6410259999872484D0,-0.6410259999872484D0,-0.0D0,-0.0D0,       0001189P   5360
-0.0D0,-0.0D0,1.0D0,1.0D0,1.0D0,1.0D0,0.004038722739330196D0,    0001189P   5361
-0.6410259999999997D0,0.0D0,0.004038733366300959D0,              0001189P   5362
-0.8547013333418336D0,0.0D0,0.004038743993322617D0,              0001189P   5363
-1.068376666670917D0,0.0D0,0.004038754620394314D0,-1.282052D0,   0001189P   5364
0.0D0,-0.6410259999872484D0,-0.0D0,0.0D0,0.0D0,1.0D0;            0001189P   5365
126,1,1,1,0,1,0,0.004038754620394314D0,0.004038754620394314D0,   0001191P   5366
0.9649917563831709D0,0.9649917563831709D0,1.0D0,1.0D0,           0001191P   5367
0.004038754620394314D0,-1.282052D0,0.0D0,0.9649917563831709D0,   0001191P   5368
-1.282052D0,0.0D0,0.004038754620394314D0,0.9649917563831709D0,   0001191P   5369
0.0D0,0.0D0,1.0D0;                                               0001191P   5370
126,1,1,1,0,1,0,-1.282052D0,-1.282052D0,-0.6410259999999997D0,   0001193P   5371
-0.6410259999999997D0,1.0D0,1.0D0,0.9649917563831709D0,          0001193P   5372
-1.282052D0,0.0D0,0.9649917563831709D0,-0.6410259999999997D0,    0001193P   5373
0.0D0,-1.282052D0,-0.6410259999999997D0,0.0D0,0.0D0,1.0D0;       0001193P   5374
102,4,1187,1189,1191,1193;                                       0001195P   5375
126,13,3,1,0,1,0,-0.9649917563831709D0,-0.9649917563831709D0,    0001197P   5376
-0.9649917563831709D0,-0.9649917563831709D0,                     0001197P   5377
-0.7237438172873782D0,-0.7237438172873782D0,                     0001197P   5378
-0.6031198477394818D0,-0.6031198477394818D0,                     0001197P   5379
-0.4824958781915855D0,-0.4824958781915855D0,                     0001197P   5380
-0.3618719086436891D0,-0.3618719086436891D0,                     0001197P   5381
-0.2412479390957927D0,-0.2412479390957927D0,                     0001197P   5382
-0.00403872273963555D0,-0.00403872273963555D0,                   0001197P   5383
-0.00403872273963555D0,-0.00403872273963555D0,1.0D0,1.0D0,1.0D0, 0001197P   5384
1.0D0,1.0D0,1.0D0,1.0D0,1.0D0,1.0D0,1.0D0,1.0D0,1.0D0,1.0D0,     0001197P   5385
1.0D0,0.0D0,0.4933980000000001D0,4.440892098500626D-16,          0001197P   5386
7.489005532382374D-17,0.4933693397859588D0,                      0001197P   5387
-0.08041061179950122D0,-1.653284443866181D-17,                   0001197P   5388
0.4922065247572862D0,-0.1608475669909836D0,                      0001197P   5389
-4.22468304025628D-17,0.4881703617403692D0,                      0001197P   5390
-0.2813589589480373D0,4.118100736133312D-16,                     0001197P   5391
0.4868382948974911D0,-0.3216864007650838D0,                      0001197P   5392
-3.446463566768335D-16,0.4788477525018405D0,                     0001197P   5393
-0.4013391911891935D0,4.992808888232999D-16,                     0001197P   5394
0.4716684805179711D0,-0.442447811258103D0,1.911076270147238D-16, 0001197P   5395
0.4246970287471492D0,-0.5089581616819734D0,                      0001197P   5396
3.140471670516894D-16,0.3888385960813828D0,                      0001197P   5397
-0.5303186735106716D0,-1.639866753828702D-16,                    0001197P   5398
0.3153127830067049D0,-0.5622087470983302D0,                      0001197P   5399
2.901608647906508D-16,0.276477505360345D0,-0.5735207965393016D0, 0001197P   5400
6.481836957924251D-16,0.1606167854525855D0,                      0001197P   5401
-0.6017291205607642D0,-4.038040589153087D-16,                    0001197P   5402
0.08233367538355473D0,-0.6139215749964087D0,                     0001197P   5403
1.942890293094024D-16,0.004001105593792602D0,                    0001197P   5404
-0.6244629782632813D0,-0.9649917563831709D0,                     0001197P   5405
-0.00403872273963555D0,1.0D0,0.0D0,0.0D0;                        0001197P   5406
126,3,3,1,0,1,0,-0.6410259999999994D0,-0.6410259999999994D0,     0001199P   5407
-0.6410259999999994D0,-0.6410259999999994D0,-0.0D0,-0.0D0,       0001199P   5408
-0.0D0,-0.0D0,1.0D0,1.0D0,1.0D0,1.0D0,1.942890293094024D-16,     0001199P   5409
0.004001105593792602D0,-0.6244629782632813D0,                    0001199P   5410
-0.2136753333333333D0,0.004001111615316631D0,                    0001199P   5411
-0.6244629765559211D0,-0.4273506666666668D0,                     0001199P   5412
0.004001117636852943D0,-0.6244629748485527D0,                    0001199P   5413
-0.6410260000000004D0,0.004001123658400694D0,                    0001199P   5414
-0.6244629731411771D0,-0.6410259999999994D0,-0.0D0,0.0D0,0.0D0,  0001199P   5415
1.0D0;                                                           0001199P   5416
126,13,3,1,0,1,0,0.004038754620394314D0,0.004038754620394314D0,  0001201P   5417
0.004038754620394314D0,0.004038754620394314D0,                   0001201P   5418
0.2412479390957927D0,0.2412479390957927D0,0.3618719086436891D0,  0001201P   5419
0.3618719086436891D0,0.4824958781915855D0,0.4824958781915855D0,  0001201P   5420
0.6031198477394818D0,0.6031198477394818D0,0.7237438172873782D0,  0001201P   5421
0.7237438172873782D0,0.9649917563831709D0,0.9649917563831709D0,  0001201P   5422
0.9649917563831709D0,0.9649917563831709D0,1.0D0,1.0D0,1.0D0,     0001201P   5423
1.0D0,1.0D0,1.0D0,1.0D0,1.0D0,1.0D0,1.0D0,1.0D0,1.0D0,1.0D0,     0001201P   5424
1.0D0,-0.6410260000000004D0,0.004001123658400694D0,              0001201P   5425
-0.6244629731411771D0,-0.6410260000000012D0,                     0001201P   5426
0.08233339916746243D0,-0.6139215610212193D0,                     0001201P   5427
-0.6410259999999993D0,0.1606151221401422D0,                      0001201P   5428
-0.6017295148653375D0,-0.641026D0,0.276479287589165D0,           0001201P   5429
-0.5735203155776141D0,-0.6410260000000003D0,                     0001201P   5430
0.3153121114545821D0,-0.5622088778435859D0,                      0001201P   5431
-0.6410260000000002D0,0.3888381537371733D0,                      0001201P   5432
-0.5303190221970215D0,-0.641026D0,0.4246973982028304D0,          0001201P   5433
-0.5089578817105196D0,-0.6410260000000001D0,                     0001201P   5434
0.4716683015576485D0,-0.4424479239370665D0,                      0001201P   5435
-0.6410260000000009D0,0.4788476912570031D0,                      0001201P   5436
-0.4013398330934379D0,-0.6410259999999998D0,                     0001201P   5437
0.4868383236621073D0,-0.3216860905518475D0,                      0001201P   5438
-0.6410260000000007D0,0.4881703498947748D0,                      0001201P   5439
-0.2813588938915141D0,-0.641026D0,0.4922064865550815D0,          0001201P   5440
-0.160849960338032D0,-0.6410260000000008D0,0.4933693729651701D0, 0001201P   5441
-0.08040817691655278D0,-0.6410260000000005D0,                    0001201P   5442
0.4933980000000001D0,4.440892098500626D-16,                      0001201P   5443
0.004038754620394314D0,0.9649917563831709D0,1.0D0,0.0D0,0.0D0;   0001201P   5444
126,1,1,1,0,1,0,-1.282052D0,-1.282052D0,-0.6410259999999997D0,   0001203P   5445
-0.6410259999999997D0,1.0D0,1.0D0,-0.6410260000000005D0,         0001203P   5446
0.4933980000000001D0,4.440892098500626D-16,0.0D0,                0001203P   5447
0.4933980000000001D0,4.440892098500626D-16,-1.282052D0,          0001203P   5448
-0.6410259999999997D0,0.0D0,0.0D0,1.0D0;                         0001203P   5449
102,4,1197,1199,1201,1203;                                       0001205P   5450
142,0,1185,1195,1205,1;                                          0001207P   5451
144,1185,1,0,1207;                                               0001209P   5452
128,2,3,2,3,0,0,0,0,0,0.0D0,0.0D0,0.0D0,0.00807438215074318D0,   0001211P   5453
0.00807438215074318D0,0.00807438215074318D0,0.0D0,0.0D0,0.0D0,   0001211P   5454
0.0D0,1.282052000000001D0,1.282052000000001D0,                   0001211P   5455
1.282052000000001D0,1.282052000000001D0,1.0D0,                   0001211P   5456
0.9910662100710788D0,1.0D0,0.9999999999999997D0,                 0001211P   5457
0.9910662640936077D0,0.9999999999999997D0,0.9999999999999996D0,  0001211P   5458
0.9910663181156851D0,0.9999999999999996D0,1.0D0,                 0001211P   5459
0.9910663721372811D0,1.0D0,-0.6410260000000004D0,                0001211P   5460
0.004001123658400694D0,-0.6244629731411771D0,                    0001211P   5461
-0.6410260000022608D0,5.543442692232266D-18,                     0001211P   5462
-0.6250014164986821D0,-0.6410260000000003D0,                     0001211P   5463
-0.004001123658401877D0,-0.6244629731411767D0,                   0001211P   5464
-0.2136753333673362D0,0.004001111615305195D0,                    0001211P   5465
-0.6244629765559286D0,-0.2136753566303037D0,                     0001211P   5466
-7.984226076258624D-18,-0.6250014166427319D0,                    0001211P   5467
-0.213675333300612D0,-0.004001111615303351D0,                    0001211P   5468
-0.6244629765559296D0,0.2136753332653275D0,                      0001211P   5469
0.004001099572255451D0,-0.6244629799706504D0,                    0001211P   5470
0.2136753099004216D0,1.065654957167207D-17,                      0001211P   5471
-0.6250014167867792D0,0.2136753331310151D0,                      0001211P   5472
-0.004001099572260036D0,-0.6244629799706495D0,                   0001211P   5473
0.6410259998979919D0,0.004001087529258205D0,                     0001211P   5474
-0.624462983385337D0,0.6410259999476591D0,4.065638132667465D-19, 0001211P   5475
-0.6250014169308207D0,0.6410259999999997D0,                      0001211P   5476
-0.004001087529257014D0,-0.6244629833853375D0,0.0D0,             0001211P   5477
0.00807438215074318D0,0.0D0,1.282052000000001D0;                 0001211P   5478
126,1,1,1,0,1,0,-0.6410259999999991D0,-0.6410259999999991D0,     0001213P   5479
-0.0D0,-0.0D0,1.0D0,1.0D0,0.0D0,0.6410260000510045D0,0.0D0,      0001213P   5480
0.0D0,0.0D0,0.0D0,-0.6410259999999991D0,-0.0D0,0.0D0,0.0D0,      0001213P   5481
1.0D0;                                                           0001213P   5482
126,1,1,1,0,1,0,-1.0D0,-1.0D0,-0.5000000000000366D0,             0001215P   5483
-0.5000000000000366D0,1.0D0,1.0D0,0.0D0,0.0D0,0.0D0,             0001215P   5484
0.004037191075371294D0,0.0D0,0.0D0,-1.0D0,-0.5000000000000366D0, 0001215P   5485
0.0D0,0.0D0,1.0D0;                                               0001215P   5486
126,1,1,1,0,1,0,0.0D0,0.0D0,0.6410260000263979D0,                0001217P   5487
0.6410260000263979D0,1.0D0,1.0D0,0.004037191075371294D0,0.0D0,   0001217P   5488
0.0D0,0.004037191075371592D0,0.6410260000263979D0,0.0D0,0.0D0,   0001217P   5489
0.6410260000263979D0,0.0D0,0.0D0,1.0D0;                          0001217P   5490
126,1,1,1,0,1,0,-0.004037191075371592D0,-0.004037191075371592D0, 0001219P   5491
-0.0D0,-0.0D0,1.0D0,1.0D0,0.004037191075371592D0,                0001219P   5492
0.6410260000263979D0,0.0D0,0.0D0,0.6410260000510045D0,0.0D0,     0001219P   5493
-0.004037191075371592D0,-0.0D0,0.0D0,0.0D0,1.0D0;                0001219P   5494
102,4,1213,1215,1217,1219;                                       0001221P   5495
126,3,3,1,0,1,0,-0.6410259999999991D0,-0.6410259999999991D0,     0001223P   5496
-0.6410259999999991D0,-0.6410259999999991D0,-0.0D0,-0.0D0,       0001223P   5497
-0.0D0,-0.0D0,1.0D0,1.0D0,1.0D0,1.0D0,-9.714451465470123D-17,    0001223P   5498
0.004001105593792603D0,-0.6244629782632817D0,                    0001223P   5499
-0.2136753333333336D0,0.004001111615316632D0,                    0001223P   5500
-0.6244629765559212D0,-0.427350666666667D0,                      0001223P   5501
0.004001117636852944D0,-0.6244629748485528D0,                    0001223P   5502
-0.6410260000000004D0,0.004001123658400694D0,                    0001223P   5503
-0.6244629731411771D0,-0.6410259999999991D0,-0.0D0,0.0D0,0.0D0,  0001223P   5504
1.0D0;                                                           0001223P   5505
126,2,2,1,0,0,0,0.0D0,0.0D0,0.0D0,0.4999999999999634D0,          0001225P   5506
0.4999999999999634D0,0.4999999999999634D0,1.0D0,                 0001225P   5507
0.997764052787802D0,1.0D0,-0.6410260000000003D0,                 0001225P   5508
0.004001123658400694D0,-0.6244629731411769D0,                    0001225P   5509
-0.6410260000011255D0,0.002009538225380338D0,                    0001225P   5510
-0.6247309868390447D0,-0.6410260000011255D0,-0.0D0,              0001225P   5511
-0.6247309868390446D0,0.0D0,0.4999999999999634D0,1.0D0,0.0D0,    0001225P   5512
0.0D0;                                                           0001225P   5513
126,3,3,1,0,0,0,0.0D0,0.0D0,0.0D0,0.0D0,0.6410260000263979D0,    0001227P   5514
0.6410260000263979D0,0.6410260000263979D0,0.6410260000263979D0,  0001227P   5515
1.0D0,1.000000000000057D0,1.000000000000058D0,1.0D0,             0001227P   5516
-0.6410260000011255D0,-0.0D0,-0.6247309868390445D0,              0001227P   5517
-0.4273506695579321D0,2.287222012259492D-16,                     0001227P   5518
-0.6247309877360829D0,-0.213675336249716D0,                      0001227P   5519
-5.828322978124459D-17,-0.6247309886331166D0,                    0001227P   5520
-3.208582691591516D-11,-2.589392630613713D-16,                   0001227P   5521
-0.6247309895301458D0,0.0D0,0.6410260000263979D0,0.0D0,0.0D0,    0001227P   5522
1.0D0;                                                           0001227P   5523
126,2,2,1,0,0,0,-0.004057377030748601D0,-0.004057377030748601D0, 0001229P   5524
-0.004057377030748601D0,-0.0D0,-0.0D0,-0.0D0,1.0D0,              0001229P   5525
0.9977640730915627D0,1.0D0,-3.208582691591515D-11,               0001229P   5526
-2.589392630613712D-16,-0.6247309895301455D0,                    0001229P   5527
-2.470700510141498D-11,0.002009529070763861D0,                   0001229P   5528
-0.6247309895301455D0,-9.714451465470121D-17,                    0001229P   5529
0.004001105593792602D0,-0.6244629782632815D0,                    0001229P   5530
-0.004057377030748601D0,-0.0D0,1.0D0,0.0D0,0.0D0;                0001229P   5531
102,4,1223,1225,1227,1229;                                       0001231P   5532
142,0,1211,1221,1231,1;                                          0001233P   5533
144,1211,1,0,1233;                                               0001235P   5534
S0000001G0000011D0001236P0005534                                        T      1
