o delft372_catamaran_full
v 0.000000000 -0.230000000 0.050000000
v 0.000000000 -0.230000000 0.040539230
v 0.000000000 -0.230622983 0.031100238
v 0.000000000 -0.234555912 0.022584784
v 0.000000000 -0.240713675 0.015561860
v 0.000000000 -0.247669262 0.009148907
v 0.000000000 -0.256241998 0.006219750
v 0.000000000 -0.265629711 0.005046286
v 0.000000000 -0.274887760 0.003204743
v 0.000000000 -0.284032871 0.000781289
v 0.000000000 -0.293282408 -0.000986003
v 0.000000000 -0.302728025 -0.001521255
v 0.000000000 -0.312173642 -0.002056506
v 0.000000000 -0.321621631 -0.002527027
v 0.000000000 -0.331081087 -0.002684685
v 0.000000000 -0.340540544 -0.002842342
v 0.000000000 -0.350000000 -0.003000000
v 0.000000000 -0.359459456 -0.002842342
v 0.000000000 -0.368918913 -0.002684685
v 0.000000000 -0.378378369 -0.002527027
v 0.000000000 -0.387826358 -0.002056506
v 0.000000000 -0.397271975 -0.001521255
v 0.000000000 -0.406717592 -0.000986003
v 0.000000000 -0.415967129 0.000781289
v 0.000000000 -0.425112240 0.003204743
v 0.000000000 -0.434370289 0.005046286
v 0.000000000 -0.443758002 0.006219750
v 0.000000000 -0.452330738 0.009148907
v 0.000000000 -0.459286325 0.015561860
v 0.000000000 -0.465444088 0.022584784
v 0.000000000 -0.469377017 0.031100238
v 0.000000000 -0.470000000 0.040539230
v 0.000000000 -0.470000000 0.050000000
v 0.075000000 -0.230000000 0.050000000
v 0.075000000 -0.230000000 0.040160503
v 0.075000000 -0.230760036 0.030431079
v 0.075000000 -0.233551520 0.020995862
v 0.075000000 -0.238184337 0.012597229
v 0.075000000 -0.244803099 0.005316591
v 0.075000000 -0.253376806 0.000520679
v 0.075000000 -0.262206392 -0.003717790
v 0.075000000 -0.271681474 -0.006370813
v 0.075000000 -0.281325665 -0.008227764
v 0.075000000 -0.291068946 -0.009585516
v 0.075000000 -0.300877107 -0.010370169
v 0.075000000 -0.310685268 -0.011154821
v 0.075000000 -0.320494783 -0.011914843
v 0.075000000 -0.330329855 -0.012209896
v 0.075000000 -0.340164928 -0.012504948
v 0.075000000 -0.350000000 -0.012800000
v 0.075000000 -0.359835072 -0.012504948
v 0.075000000 -0.369670145 -0.012209896
v 0.075000000 -0.379505217 -0.011914843
v 0.075000000 -0.389314732 -0.011154821
v 0.075000000 -0.399122893 -0.010370169
v 0.075000000 -0.408931054 -0.009585516
v 0.075000000 -0.418674335 -0.008227764
v 0.075000000 -0.428318526 -0.006370813
v 0.075000000 -0.437793608 -0.003717790
v 0.075000000 -0.446623194 0.000520679
v 0.075000000 -0.455196901 0.005316591
v 0.075000000 -0.461815663 0.012597229
v 0.075000000 -0.466448480 0.020995862
v 0.075000000 -0.469239964 0.030431079
v 0.075000000 -0.470000000 0.040160503
v 0.075000000 -0.470000000 0.050000000
v 0.150000000 -0.230000000 0.050000000
v 0.150000000 -0.230103318 0.039668243
v 0.150000000 -0.230381869 0.029361863
v 0.150000000 -0.233213800 0.019425262
v 0.150000000 -0.236221723 0.009576680
v 0.150000000 -0.242473609 0.001350514
v 0.150000000 -0.250325379 -0.005290991
v 0.150000000 -0.258814450 -0.011082952
v 0.150000000 -0.268241854 -0.015311420
v 0.150000000 -0.278191502 -0.017984045
v 0.150000000 -0.288260873 -0.020300001
v 0.150000000 -0.298496490 -0.021634614
v 0.150000000 -0.308766815 -0.022764350
v 0.150000000 -0.319037140 -0.023894085
v 0.150000000 -0.329354827 -0.024405376
v 0.150000000 -0.339677414 -0.024852688
v 0.150000000 -0.350000000 -0.025300000
v 0.150000000 -0.360322586 -0.024852688
v 0.150000000 -0.370645173 -0.024405376
v 0.150000000 -0.380962860 -0.023894085
v 0.150000000 -0.391233185 -0.022764350
v 0.150000000 -0.401503510 -0.021634614
v 0.150000000 -0.411739127 -0.020300001
v 0.150000000 -0.421808498 -0.017984045
v 0.150000000 -0.431758146 -0.015311420
v 0.150000000 -0.441185550 -0.011082952
v 0.150000000 -0.449674621 -0.005290991
v 0.150000000 -0.457526391 0.001350514
v 0.150000000 -0.463778277 0.009576680
v 0.150000000 -0.466786200 0.019425262
v 0.150000000 -0.469618131 0.029361863
v 0.150000000 -0.469896682 0.039668243
v 0.150000000 -0.470000000 0.050000000
v 0.225000000 -0.230000000 0.050000000
v 0.225000000 -0.230000000 0.039182314
v 0.225000000 -0.230359326 0.028404592
v 0.225000000 -0.232736203 0.017851261
v 0.225000000 -0.235281564 0.007369207
v 0.225000000 -0.241199942 -0.001685911
v 0.225000000 -0.247984230 -0.009966963
v 0.225000000 -0.256321878 -0.016859419
v 0.225000000 -0.265435945 -0.022545493
v 0.225000000 -0.275174755 -0.027247766
v 0.225000000 -0.285609660 -0.030099974
v 0.225000000 -0.296202903 -0.032189083
v 0.225000000 -0.306911151 -0.033723932
v 0.225000000 -0.317619399 -0.035258781
v 0.225000000 -0.328399281 -0.036075959
v 0.225000000 -0.339199640 -0.036687980
v 0.225000000 -0.350000000 -0.037300000
v 0.225000000 -0.360800360 -0.036687980
v 0.225000000 -0.371600719 -0.036075959
v 0.225000000 -0.382380601 -0.035258781
v 0.225000000 -0.393088849 -0.033723932
v 0.225000000 -0.403797097 -0.032189083
v 0.225000000 -0.414390340 -0.030099974
v 0.225000000 -0.424825245 -0.027247766
v 0.225000000 -0.434564055 -0.022545493
v 0.225000000 -0.443678122 -0.016859419
v 0.225000000 -0.452015770 -0.009966963
v 0.225000000 -0.458800058 -0.001685911
v 0.225000000 -0.464718436 0.007369207
v 0.225000000 -0.467263797 0.017851261
v 0.225000000 -0.469640674 0.028404592
v 0.225000000 -0.470000000 0.039182314
v 0.225000000 -0.470000000 0.050000000
v 0.300000000 -0.230000000 0.050000000
v 0.300000000 -0.230056439 0.038712107
v 0.300000000 -0.230469628 0.027450841
v 0.300000000 -0.232089453 0.016279633
v 0.300000000 -0.234755745 0.005379617
v 0.300000000 -0.239646757 -0.004744595
v 0.300000000 -0.246437538 -0.013658686
v 0.300000000 -0.254396214 -0.021663634
v 0.300000000 -0.263030523 -0.028704142
v 0.300000000 -0.273272593 -0.033449635
v 0.300000000 -0.283514664 -0.038195128
v 0.300000000 -0.294072513 -0.041946627
v 0.300000000 -0.305175497 -0.043982175
v 0.300000000 -0.316278482 -0.046017722
v 0.300000000 -0.327484393 -0.047248855
v 0.300000000 -0.338742196 -0.048074428
v 0.300000000 -0.350000000 -0.048900000
v 0.300000000 -0.361257804 -0.048074428
v 0.300000000 -0.372515607 -0.047248855
v 0.300000000 -0.383721518 -0.046017722
v 0.300000000 -0.394824503 -0.043982175
v 0.300000000 -0.405927487 -0.041946627
v 0.300000000 -0.416485336 -0.038195128
v 0.300000000 -0.426727407 -0.033449635
v 0.300000000 -0.436969477 -0.028704142
v 0.300000000 -0.445603786 -0.021663634
v 0.300000000 -0.453562462 -0.013658686
v 0.300000000 -0.460353243 -0.004744595
v 0.300000000 -0.465244255 0.005379617
v 0.300000000 -0.467910547 0.016279633
v 0.300000000 -0.469530372 0.027450841
v 0.300000000 -0.469943561 0.038712107
v 0.300000000 -0.470000000 0.050000000
v 0.375000000 -0.230000000 0.050000000
v 0.375000000 -0.230000000 0.038243230
v 0.375000000 -0.230274616 0.026511582
v 0.375000000 -0.232407758 0.014949950
v 0.375000000 -0.234540901 0.003388318
v 0.375000000 -0.239332862 -0.007245781
v 0.375000000 -0.244853994 -0.017625508
v 0.375000000 -0.252802304 -0.026274473
v 0.375000000 -0.260993611 -0.034669032
v 0.375000000 -0.270745725 -0.041235455
v 0.375000000 -0.281096272 -0.046701076
v 0.375000000 -0.292026545 -0.050952595
v 0.375000000 -0.303500645 -0.053515144
v 0.375000000 -0.314974746 -0.056077693
v 0.375000000 -0.326581116 -0.057792300
v 0.375000000 -0.338290558 -0.058846150
v 0.375000000 -0.350000000 -0.059900000
v 0.375000000 -0.361709442 -0.058846150
v 0.375000000 -0.373418884 -0.057792300
v 0.375000000 -0.385025254 -0.056077693
v 0.375000000 -0.396499355 -0.053515144
v 0.375000000 -0.407973455 -0.050952595
v 0.375000000 -0.418903728 -0.046701076
v 0.375000000 -0.429254275 -0.041235455
v 0.375000000 -0.439006389 -0.034669032
v 0.375000000 -0.447197696 -0.026274473
v 0.375000000 -0.455146006 -0.017625508
v 0.375000000 -0.460667138 -0.007245781
v 0.375000000 -0.465459099 0.003388318
v 0.375000000 -0.467592242 0.014949950
v 0.375000000 -0.469725384 0.026511582
v 0.375000000 -0.470000000 0.038243230
v 0.375000000 -0.470000000 0.050000000
v 0.450000000 -0.230000000 0.050000000
v 0.450000000 -0.230061008 0.037798487
v 0.450000000 -0.230472917 0.025612740
v 0.450000000 -0.231506332 0.013454916
v 0.450000000 -0.233918377 0.001526494
v 0.450000000 -0.238701621 -0.009673892
v 0.450000000 -0.243944060 -0.020662048
v 0.450000000 -0.251690928 -0.030088960
v 0.450000000 -0.259437796 -0.039515872
v 0.450000000 -0.269574514 -0.046231944
v 0.450000000 -0.279898239 -0.052735891
v 0.450000000 -0.290253058 -0.059169169
v 0.450000000 -0.302022971 -0.062386279
v 0.450000000 -0.313792883 -0.065603388
v 0.450000000 -0.325734324 -0.067911661
v 0.450000000 -0.337867162 -0.069205831
v 0.450000000 -0.350000000 -0.070500000
v 0.450000000 -0.362132838 -0.069205831
v 0.450000000 -0.374265676 -0.067911661
v 0.450000000 -0.386207117 -0.065603388
v 0.450000000 -0.397977029 -0.062386279
v 0.450000000 -0.409746942 -0.059169169
v 0.450000000 -0.420101761 -0.052735891
v 0.450000000 -0.430425486 -0.046231944
v 0.450000000 -0.440562204 -0.039515872
v 0.450000000 -0.448309072 -0.030088960
v 0.450000000 -0.456055940 -0.020662048
v 0.450000000 -0.461298379 -0.009673892
v 0.450000000 -0.466081623 0.001526494
v 0.450000000 -0.468493668 0.013454916
v 0.450000000 -0.469527083 0.025612740
v 0.450000000 -0.469938992 0.037798487
v 0.450000000 -0.470000000 0.050000000
v 0.600000000 -0.230000000 0.050000000
v 0.600000000 -0.230000000 0.036945700
v 0.600000000 -0.230122148 0.023892621
v 0.600000000 -0.231470139 0.010927577
v 0.600000000 -0.233633070 -0.001918394
v 0.600000000 -0.237723993 -0.014315132
v 0.600000000 -0.243168888 -0.026100663
v 0.600000000 -0.249760578 -0.037368510
v 0.600000000 -0.257972773 -0.047455613
v 0.600000000 -0.266678735 -0.057182944
v 0.600000000 -0.276841957 -0.065253845
v 0.600000000 -0.287599248 -0.072649483
v 0.600000000 -0.299500429 -0.077846827
v 0.600000000 -0.311730240 -0.082412623
v 0.600000000 -0.324180256 -0.086127038
v 0.600000000 -0.337090128 -0.088063519
v 0.600000000 -0.350000000 -0.090000000
v 0.600000000 -0.362909872 -0.088063519
v 0.600000000 -0.375819744 -0.086127038
v 0.600000000 -0.388269760 -0.082412623
v 0.600000000 -0.400499571 -0.077846827
v 0.600000000 -0.412400752 -0.072649483
v 0.600000000 -0.423158043 -0.065253845
v 0.600000000 -0.433321265 -0.057182944
v 0.600000000 -0.442027227 -0.047455613
v 0.600000000 -0.450239422 -0.037368510
v 0.600000000 -0.456831112 -0.026100663
v 0.600000000 -0.462276007 -0.014315132
v 0.600000000 -0.466366930 -0.001918394
v 0.600000000 -0.468529861 0.010927577
v 0.600000000 -0.469877852 0.023892621
v 0.600000000 -0.470000000 0.036945700
v 0.600000000 -0.470000000 0.050000000
v 0.750000000 -0.230000000 0.050000000
v 0.750000000 -0.230000000 0.036192154
v 0.750000000 -0.230228368 0.022387732
v 0.750000000 -0.230796123 0.008599121
v 0.750000000 -0.233148726 -0.004994462
v 0.750000000 -0.237273274 -0.018145956
v 0.750000000 -0.242192610 -0.031030626
v 0.750000000 -0.249075423 -0.043000735
v 0.750000000 -0.256735815 -0.054433921
v 0.750000000 -0.265491088 -0.065111083
v 0.750000000 -0.275289631 -0.074744673
v 0.750000000 -0.285969347 -0.083496831
v 0.750000000 -0.297760096 -0.090498979
v 0.750000000 -0.310224350 -0.096440274
v 0.750000000 -0.322920586 -0.101684117
v 0.750000000 -0.336460293 -0.104392059
v 0.750000000 -0.350000000 -0.107100000
v 0.750000000 -0.363539707 -0.104392059
v 0.750000000 -0.377079414 -0.101684117
v 0.750000000 -0.389775650 -0.096440274
v 0.750000000 -0.402239904 -0.090498979
v 0.750000000 -0.414030653 -0.083496831
v 0.750000000 -0.424710369 -0.074744673
v 0.750000000 -0.434508912 -0.065111083
v 0.750000000 -0.443264185 -0.054433921
v 0.750000000 -0.450924577 -0.043000735
v 0.750000000 -0.457807390 -0.031030626
v 0.750000000 -0.462726726 -0.018145956
v 0.750000000 -0.466851274 -0.004994462
v 0.750000000 -0.469203877 0.008599121
v 0.750000000 -0.469771632 0.022387732
v 0.750000000 -0.470000000 0.036192154
v 0.750000000 -0.470000000 0.050000000
v 0.900000000 -0.230000000 0.050000000
v 0.900000000 -0.230000000 0.035549622
v 0.900000000 -0.230000000 0.021099243
v 0.900000000 -0.230932298 0.006681456
v 0.900000000 -0.233209241 -0.007538504
v 0.900000000 -0.236813756 -0.021515447
v 0.900000000 -0.242238173 -0.034909070
v 0.900000000 -0.248880403 -0.047698157
v 0.900000000 -0.256284081 -0.060106431
v 0.900000000 -0.265241851 -0.071445381
v 0.900000000 -0.274662403 -0.082345729
v 0.900000000 -0.285504810 -0.091898511
v 0.900000000 -0.296624085 -0.101057106
v 0.900000000 -0.309288906 -0.108015249
v 0.900000000 -0.322106253 -0.114630008
v 0.900000000 -0.335759814 -0.119362208
v 0.900000000 -0.350000000 -0.121600000
v 0.900000000 -0.364240186 -0.119362208
v 0.900000000 -0.377893747 -0.114630008
v 0.900000000 -0.390711094 -0.108015249
v 0.900000000 -0.403375915 -0.101057106
v 0.900000000 -0.414495190 -0.091898511
v 0.900000000 -0.425337597 -0.082345729
v 0.900000000 -0.434758149 -0.071445381
v 0.900000000 -0.443715919 -0.060106431
v 0.900000000 -0.451119597 -0.047698157
v 0.900000000 -0.457761827 -0.034909070
v 0.900000000 -0.463186244 -0.021515447
v 0.900000000 -0.466790759 -0.007538504
v 0.900000000 -0.469067702 0.006681456
v 0.900000000 -0.470000000 0.021099243
v 0.900000000 -0.470000000 0.035549622
v 0.900000000 -0.470000000 0.050000000
v 1.050000000 -0.230000000 0.050000000
v 1.050000000 -0.230000000 0.035054630
v 1.050000000 -0.230000000 0.020109260
v 1.050000000 -0.230962316 0.005195133
v 1.050000000 -0.233392598 -0.009511808
v 1.050000000 -0.237194175 -0.023932038
v 1.050000000 -0.242503035 -0.037902725
v 1.050000000 -0.249291833 -0.051199689
v 1.050000000 -0.256887626 -0.064038637
v 1.050000000 -0.265580194 -0.076196076
v 1.050000000 -0.275148524 -0.087651982
v 1.050000000 -0.285115648 -0.098788433
v 1.050000000 -0.296325064 -0.108653901
v 1.050000000 -0.308775086 -0.116889195
v 1.050000000 -0.321518457 -0.124665017
v 1.050000000 -0.335317799 -0.130307680
v 1.050000000 -0.350000000 -0.133100000
v 1.050000000 -0.364682201 -0.130307680
v 1.050000000 -0.378481543 -0.124665017
v 1.050000000 -0.391224914 -0.116889195
v 1.050000000 -0.403674936 -0.108653901
v 1.050000000 -0.414884352 -0.098788433
v 1.050000000 -0.424851476 -0.087651982
v 1.050000000 -0.434419806 -0.076196076
v 1.050000000 -0.443112374 -0.064038637
v 1.050000000 -0.450708167 -0.051199689
v 1.050000000 -0.457496965 -0.037902725
v 1.050000000 -0.462805825 -0.023932038
v 1.050000000 -0.466607402 -0.009511808
v 1.050000000 -0.469037684 0.005195133
v 1.050000000 -0.470000000 0.020109260
v 1.050000000 -0.470000000 0.035054630
v 1.050000000 -0.470000000 0.050000000
v 1.200000000 -0.230000000 0.050000000
v 1.200000000 -0.230000000 0.034714281
v 1.200000000 -0.230037065 0.019429766
v 1.200000000 -0.231028545 0.004176236
v 1.200000000 -0.233941540 -0.010781797
v 1.200000000 -0.238138649 -0.025460983
v 1.200000000 -0.243252407 -0.039865936
v 1.200000000 -0.250286476 -0.053435531
v 1.200000000 -0.258067214 -0.066567239
v 1.200000000 -0.266531513 -0.079295508
v 1.200000000 -0.276020394 -0.091275492
v 1.200000000 -0.285985025 -0.102829408
v 1.200000000 -0.297078970 -0.113344996
v 1.200000000 -0.308701473 -0.123212349
v 1.200000000 -0.321330946 -0.131805402
v 1.200000000 -0.335134190 -0.138299650
v 1.200000000 -0.350000000 -0.141500000
v 1.200000000 -0.364865810 -0.138299650
v 1.200000000 -0.378669054 -0.131805402
v 1.200000000 -0.391298527 -0.123212349
v 1.200000000 -0.402921030 -0.113344996
v 1.200000000 -0.414014975 -0.102829408
v 1.200000000 -0.423979606 -0.091275492
v 1.200000000 -0.433468487 -0.079295508
v 1.200000000 -0.441932786 -0.066567239
v 1.200000000 -0.449713524 -0.053435531
v 1.200000000 -0.456747593 -0.039865936
v 1.200000000 -0.461861351 -0.025460983
v 1.200000000 -0.466058460 -0.010781797
v 1.200000000 -0.468971455 0.004176236
v 1.200000000 -0.469962935 0.019429766
v 1.200000000 -0.470000000 0.034714281
v 1.200000000 -0.470000000 0.050000000
v 1.350000000 -0.230600000 0.050000000
v 1.350000000 -0.230831265 0.034582343
v 1.350000000 -0.231728370 0.019195174
v 1.350000000 -0.232907064 0.003820899
v 1.350000000 -0.236080695 -0.011223487
v 1.350000000 -0.239914085 -0.026158773
v 1.350000000 -0.245800187 -0.040352508
v 1.350000000 -0.252397024 -0.054289487
v 1.350000000 -0.260183382 -0.067549578
v 1.350000000 -0.268795463 -0.080339797
v 1.350000000 -0.277782134 -0.092842139
v 1.350000000 -0.287924908 -0.104456001
v 1.350000000 -0.298067681 -0.116069863
v 1.350000000 -0.309382191 -0.126476179
v 1.350000000 -0.321444675 -0.136052358
v 1.350000000 -0.335075932 -0.143181132
v 1.350000000 -0.350000000 -0.146600000
v 1.350000000 -0.364924068 -0.143181132
v 1.350000000 -0.378555325 -0.136052358
v 1.350000000 -0.390617809 -0.126476179
v 1.350000000 -0.401932319 -0.116069863
v 1.350000000 -0.412075092 -0.104456001
v 1.350000000 -0.422217866 -0.092842139
v 1.350000000 -0.431204537 -0.080339797
v 1.350000000 -0.439816618 -0.067549578
v 1.350000000 -0.447602976 -0.054289487
v 1.350000000 -0.454199813 -0.040352508
v 1.350000000 -0.460085915 -0.026158773
v 1.350000000 -0.463919305 -0.011223487
v 1.350000000 -0.467092936 0.003820899
v 1.350000000 -0.468271630 0.019195174
v 1.350000000 -0.469168735 0.034582343
v 1.350000000 -0.469400000 0.050000000
v 1.500000000 -0.232100000 0.050000000
v 1.500000000 -0.232638690 0.034608862
v 1.500000000 -0.233873534 0.019264664
v 1.500000000 -0.235405947 0.003940532
v 1.500000000 -0.238782116 -0.011044873
v 1.500000000 -0.242796516 -0.025913024
v 1.500000000 -0.248677649 -0.040093624
v 1.500000000 -0.255266430 -0.054013584
v 1.500000000 -0.262951932 -0.067314471
v 1.500000000 -0.271464988 -0.080148224
v 1.500000000 -0.280241065 -0.092789708
v 1.500000000 -0.289886103 -0.104795979
v 1.500000000 -0.299531142 -0.116802251
v 1.500000000 -0.310361566 -0.127707718
v 1.500000000 -0.321843260 -0.137934984
v 1.500000000 -0.335128262 -0.145605153
v 1.500000000 -0.350000000 -0.149100000
v 1.500000000 -0.364871738 -0.145605153
v 1.500000000 -0.378156740 -0.137934984
v 1.500000000 -0.389638434 -0.127707718
v 1.500000000 -0.400468858 -0.116802251
v 1.500000000 -0.410113897 -0.104795979
v 1.500000000 -0.419758935 -0.092789708
v 1.500000000 -0.428535012 -0.080148224
v 1.500000000 -0.437048068 -0.067314471
v 1.500000000 -0.444733570 -0.054013584
v 1.500000000 -0.451322351 -0.040093624
v 1.500000000 -0.457203484 -0.025913024
v 1.500000000 -0.461217884 -0.011044873
v 1.500000000 -0.464594053 0.003940532
v 1.500000000 -0.466126466 0.019264664
v 1.500000000 -0.467361310 0.034608862
v 1.500000000 -0.467900000 0.050000000
v 1.650000000 -0.234900000 0.050000000
v 1.650000000 -0.235888928 0.034785720
v 1.650000000 -0.237513245 0.019632274
v 1.650000000 -0.239429146 0.004506745
v 1.650000000 -0.242886019 -0.010307212
v 1.650000000 -0.246996901 -0.024988933
v 1.650000000 -0.252696495 -0.039077102
v 1.650000000 -0.259219315 -0.052857709
v 1.650000000 -0.266602614 -0.066157867
v 1.650000000 -0.274911717 -0.078941102
v 1.650000000 -0.283337458 -0.091642643
v 1.650000000 -0.292511248 -0.103820240
v 1.650000000 -0.301685038 -0.115997837
v 1.650000000 -0.311751022 -0.127419702
v 1.650000000 -0.322604801 -0.138079648
v 1.650000000 -0.335371119 -0.146278137
v 1.650000000 -0.350000000 -0.150000000
v 1.650000000 -0.364628881 -0.146278137
v 1.650000000 -0.377395199 -0.138079648
v 1.650000000 -0.388248978 -0.127419702
v 1.650000000 -0.398314962 -0.115997837
v 1.650000000 -0.407488752 -0.103820240
v 1.650000000 -0.416662542 -0.091642643
v 1.650000000 -0.425088283 -0.078941102
v 1.650000000 -0.433397386 -0.066157867
v 1.650000000 -0.440780685 -0.052857709
v 1.650000000 -0.447303505 -0.039077102
v 1.650000000 -0.453003099 -0.024988933
v 1.650000000 -0.457113981 -0.010307212
v 1.650000000 -0.460570854 0.004506745
v 1.650000000 -0.462486755 0.019632274
v 1.650000000 -0.464111072 0.034785720
v 1.650000000 -0.465100000 0.050000000
v 1.800000000 -0.239400000 0.050000000
v 1.800000000 -0.240891373 0.035086273
v 1.800000000 -0.242928667 0.020242551
v 1.800000000 -0.245248507 0.005435060
v 1.800000000 -0.248714241 -0.009119444
v 1.800000000 -0.252844476 -0.023527241
v 1.800000000 -0.258128991 -0.037508738
v 1.800000000 -0.264355073 -0.051142496
v 1.800000000 -0.271188205 -0.064449264
v 1.800000000 -0.279147104 -0.077149633
v 1.800000000 -0.287106002 -0.089850003
v 1.800000000 -0.295747640 -0.102095716
v 1.800000000 -0.304397437 -0.114335996
v 1.800000000 -0.313559516 -0.126182523
v 1.800000000 -0.323687387 -0.137181774
v 1.800000000 -0.335752343 -0.145906265
v 1.800000000 -0.350000000 -0.150000000
v 1.800000000 -0.364247657 -0.145906265
v 1.800000000 -0.376312613 -0.137181774
v 1.800000000 -0.386440484 -0.126182523
v 1.800000000 -0.395602563 -0.114335996
v 1.800000000 -0.404252360 -0.102095716
v 1.800000000 -0.412893998 -0.089850003
v 1.800000000 -0.420852896 -0.077149633
v 1.800000000 -0.428811795 -0.064449264
v 1.800000000 -0.435644927 -0.051142496
v 1.800000000 -0.441871009 -0.037508738
v 1.800000000 -0.447155524 -0.023527241
v 1.800000000 -0.451285759 -0.009119444
v 1.800000000 -0.454751493 0.005435060
v 1.800000000 -0.457071333 0.020242551
v 1.800000000 -0.459108627 0.035086273
v 1.800000000 -0.460600000 0.050000000
v 1.950000000 -0.246000000 0.050000000
v 1.950000000 -0.248031842 0.035486845
v 1.950000000 -0.250443569 0.021035078
v 1.950000000 -0.253086219 0.006620625
v 1.950000000 -0.256506951 -0.007610175
v 1.950000000 -0.260588641 -0.021684970
v 1.950000000 -0.265353484 -0.035515977
v 1.950000000 -0.271104552 -0.048995044
v 1.950000000 -0.277143755 -0.062330211
v 1.950000000 -0.284464592 -0.075025304
v 1.950000000 -0.291785429 -0.087720397
v 1.950000000 -0.299628835 -0.100096136
v 1.950000000 -0.307586614 -0.112401980
v 1.950000000 -0.316089142 -0.124306970
v 1.950000000 -0.325470848 -0.135565017
v 1.950000000 -0.336355345 -0.145130974
v 1.950000000 -0.350000000 -0.150000000
v 1.950000000 -0.363644655 -0.145130974
v 1.950000000 -0.374529152 -0.135565017
v 1.950000000 -0.383910858 -0.124306970
v 1.950000000 -0.392413386 -0.112401980
v 1.950000000 -0.400371165 -0.100096136
v 1.950000000 -0.408214571 -0.087720397
v 1.950000000 -0.415535408 -0.075025304
v 1.950000000 -0.422856245 -0.062330211
v 1.950000000 -0.428895448 -0.048995044
v 1.950000000 -0.434646516 -0.035515977
v 1.950000000 -0.439411359 -0.021684970
v 1.950000000 -0.443493049 -0.007610175
v 1.950000000 -0.446913781 0.006620625
v 1.950000000 -0.449556431 0.021035078
v 1.950000000 -0.451968158 0.035486845
v 1.950000000 -0.454000000 0.050000000
v 2.100000000 -0.254700000 0.050000000
v 2.100000000 -0.257229546 0.035946968
v 2.100000000 -0.259966950 0.021934114
v 2.100000000 -0.262856847 0.007950738
v 2.100000000 -0.266160953 -0.005931975
v 2.100000000 -0.270010965 -0.019682020
v 2.100000000 -0.274185362 -0.033324212
v 2.100000000 -0.279334970 -0.046642164
v 2.100000000 -0.284484578 -0.059960117
v 2.100000000 -0.290967839 -0.072682037
v 2.100000000 -0.297455105 -0.085402166
v 2.100000000 -0.304354758 -0.097898424
v 2.100000000 -0.311487854 -0.110267954
v 2.100000000 -0.318867047 -0.122479345
v 2.100000000 -0.327154317 -0.134107220
v 2.100000000 -0.337179092 -0.144130438
v 2.100000000 -0.350000000 -0.150000000
v 2.100000000 -0.362820908 -0.144130438
v 2.100000000 -0.372845683 -0.134107220
v 2.100000000 -0.381132953 -0.122479345
v 2.100000000 -0.388512146 -0.110267954
v 2.100000000 -0.395645242 -0.097898424
v 2.100000000 -0.402544895 -0.085402166
v 2.100000000 -0.409032161 -0.072682037
v 2.100000000 -0.415515422 -0.059960117
v 2.100000000 -0.420665030 -0.046642164
v 2.100000000 -0.425814638 -0.033324212
v 2.100000000 -0.429989035 -0.019682020
v 2.100000000 -0.433839047 -0.005931975
v 2.100000000 -0.437143153 0.007950738
v 2.100000000 -0.440033050 0.021934114
v 2.100000000 -0.442770454 0.035946968
v 2.100000000 -0.445300000 0.050000000
v 2.250000000 -0.265200000 0.050000000
v 2.250000000 -0.268115450 0.036439767
v 2.250000000 -0.271064877 0.022886923
v 2.250000000 -0.274045032 0.009340763
v 2.250000000 -0.277222418 -0.004157104
v 2.250000000 -0.280837881 -0.017547706
v 2.250000000 -0.284510106 -0.030921107
v 2.250000000 -0.288935634 -0.044066239
v 2.250000000 -0.293361161 -0.057211371
v 2.250000000 -0.298616736 -0.070038921
v 2.250000000 -0.304095812 -0.082780958
v 2.250000000 -0.309859833 -0.095391554
v 2.250000000 -0.315996303 -0.107830345
v 2.250000000 -0.322162666 -0.120252195
v 2.250000000 -0.329680694 -0.131908053
v 2.250000000 -0.338435866 -0.142341633
v 2.250000000 -0.350000000 -0.150000000
v 2.250000000 -0.361564134 -0.142341633
v 2.250000000 -0.370319306 -0.131908053
v 2.250000000 -0.377837334 -0.120252195
v 2.250000000 -0.384003697 -0.107830345
v 2.250000000 -0.390140167 -0.095391554
v 2.250000000 -0.395904188 -0.082780958
v 2.250000000 -0.401383264 -0.070038921
v 2.250000000 -0.406638839 -0.057211371
v 2.250000000 -0.411064366 -0.044066239
v 2.250000000 -0.415489894 -0.030921107
v 2.250000000 -0.419162119 -0.017547706
v 2.250000000 -0.422777582 -0.004157104
v 2.250000000 -0.425954968 0.009340763
v 2.250000000 -0.428935123 0.022886923
v 2.250000000 -0.431884550 0.036439767
v 2.250000000 -0.434800000 0.050000000
v 2.400000000 -0.277600000 0.050000000
v 2.400000000 -0.280620086 0.036869190
v 2.400000000 -0.283620328 0.023733848
v 2.400000000 -0.286598799 0.010593536
v 2.400000000 -0.289625396 -0.002535388
v 2.400000000 -0.292852178 -0.015616938
v 2.400000000 -0.296078961 -0.028698489
v 2.400000000 -0.299743494 -0.041663350
v 2.400000000 -0.303456391 -0.054615319
v 2.400000000 -0.307556279 -0.067445474
v 2.400000000 -0.311931540 -0.080188951
v 2.400000000 -0.316476165 -0.092868695
v 2.400000000 -0.321587436 -0.105335210
v 2.400000000 -0.326698708 -0.117801726
v 2.400000000 -0.332873098 -0.129764996
v 2.400000000 -0.339794927 -0.141202524
v 2.400000000 -0.350000000 -0.150000000
v 2.400000000 -0.360205073 -0.141202524
v 2.400000000 -0.367126902 -0.129764996
v 2.400000000 -0.373301292 -0.117801726
v 2.400000000 -0.378412564 -0.105335210
v 2.400000000 -0.383523835 -0.092868695
v 2.400000000 -0.388068460 -0.080188951
v 2.400000000 -0.392443721 -0.067445474
v 2.400000000 -0.396543609 -0.054615319
v 2.400000000 -0.400256506 -0.041663350
v 2.400000000 -0.403921039 -0.028698489
v 2.400000000 -0.407147822 -0.015616938
v 2.400000000 -0.410374604 -0.002535388
v 2.400000000 -0.413401201 0.010593536
v 2.400000000 -0.416379672 0.023733848
v 2.400000000 -0.419379914 0.036869190
v 2.400000000 -0.422400000 0.050000000
v 2.550000000 -0.291600000 0.050000000
v 2.550000000 -0.294593689 0.037260899
v 2.550000000 -0.297491628 0.024500176
v 2.550000000 -0.300262661 0.011710796
v 2.550000000 -0.303033693 -0.001078584
v 2.550000000 -0.305804726 -0.013867964
v 2.550000000 -0.308575758 -0.026657345
v 2.550000000 -0.311526106 -0.039406084
v 2.550000000 -0.314539905 -0.052140442
v 2.550000000 -0.317690751 -0.064840318
v 2.550000000 -0.321062559 -0.077484596
v 2.550000000 -0.324440266 -0.090127155
v 2.550000000 -0.328390861 -0.102602718
v 2.550000000 -0.332341456 -0.115078281
v 2.550000000 -0.336817969 -0.127366676
v 2.550000000 -0.342535725 -0.139051444
v 2.550000000 -0.350000000 -0.149800000
v 2.550000000 -0.357464275 -0.139051444
v 2.550000000 -0.363182031 -0.127366676
v 2.550000000 -0.367658544 -0.115078281
v 2.550000000 -0.371609139 -0.102602718
v 2.550000000 -0.375559734 -0.090127155
v 2.550000000 -0.378937441 -0.077484596
v 2.550000000 -0.382309249 -0.064840318
v 2.550000000 -0.385460095 -0.052140442
v 2.550000000 -0.388473894 -0.039406084
v 2.550000000 -0.391424242 -0.026657345
v 2.550000000 -0.394195274 -0.013867964
v 2.550000000 -0.396966307 -0.001078584
v 2.550000000 -0.399737339 0.011710796
v 2.550000000 -0.402508372 0.024500176
v 2.550000000 -0.405406311 0.037260899
v 2.550000000 -0.408400000 0.050000000
v 2.700000000 -0.307400000 0.050000000
v 2.700000000 -0.310085240 0.037794364
v 2.700000000 -0.312657365 0.025565355
v 2.700000000 -0.315029624 0.013295047
v 2.700000000 -0.317401884 0.001024739
v 2.700000000 -0.319665441 -0.011266040
v 2.700000000 -0.321919092 -0.023558685
v 2.700000000 -0.324182175 -0.035849593
v 2.700000000 -0.326455639 -0.048138589
v 2.700000000 -0.328729103 -0.060427585
v 2.700000000 -0.331041806 -0.072709028
v 2.700000000 -0.333492771 -0.084963857
v 2.700000000 -0.336115971 -0.097182092
v 2.700000000 -0.338859329 -0.109374797
v 2.700000000 -0.341929704 -0.121489034
v 2.700000000 -0.345451725 -0.133459499
v 2.700000000 -0.350000000 -0.145100000
v 2.700000000 -0.354548275 -0.133459499
v 2.700000000 -0.358070296 -0.121489034
v 2.700000000 -0.361140671 -0.109374797
v 2.700000000 -0.363884029 -0.097182092
v 2.700000000 -0.366507229 -0.084963857
v 2.700000000 -0.368958194 -0.072709028
v 2.700000000 -0.371270897 -0.060427585
v 2.700000000 -0.373544361 -0.048138589
v 2.700000000 -0.375817825 -0.035849593
v 2.700000000 -0.378080908 -0.023558685
v 2.700000000 -0.380334559 -0.011266040
v 2.700000000 -0.382598116 0.001024739
v 2.700000000 -0.384970376 0.013295047
v 2.700000000 -0.387342635 0.025565355
v 2.700000000 -0.389914760 0.037794364
v 2.700000000 -0.392600000 0.050000000
v 2.850000000 -0.325000000 0.050000000
v 2.850000000 -0.326934705 0.039542136
v 2.850000000 -0.328844140 0.029079956
v 2.850000000 -0.330490261 0.018572801
v 2.850000000 -0.332136382 0.008065647
v 2.850000000 -0.333750635 -0.002446287
v 2.850000000 -0.335259609 -0.012974013
v 2.850000000 -0.336768582 -0.023501738
v 2.850000000 -0.338251198 -0.034033154
v 2.850000000 -0.339691304 -0.044570521
v 2.850000000 -0.341131411 -0.055107887
v 2.850000000 -0.342571518 -0.065645254
v 2.850000000 -0.344011625 -0.076182621
v 2.850000000 -0.345451732 -0.086719988
v 2.850000000 -0.346950228 -0.097249135
v 2.850000000 -0.348475114 -0.107774568
v 2.850000000 -0.350000000 -0.118300000
v 2.850000000 -0.351524886 -0.107774568
v 2.850000000 -0.353049772 -0.097249135
v 2.850000000 -0.354548268 -0.086719988
v 2.850000000 -0.355988375 -0.076182621
v 2.850000000 -0.357428482 -0.065645254
v 2.850000000 -0.358868589 -0.055107887
v 2.850000000 -0.360308696 -0.044570521
v 2.850000000 -0.361748802 -0.034033154
v 2.850000000 -0.363231418 -0.023501738
v 2.850000000 -0.364740391 -0.012974013
v 2.850000000 -0.366249365 -0.002446287
v 2.850000000 -0.367863618 0.008065647
v 2.850000000 -0.369509739 0.018572801
v 2.850000000 -0.371155860 0.029079956
v 2.850000000 -0.373065295 0.039542136
v 2.850000000 -0.375000000 0.050000000
v 0.000000000 -0.350000000 0.010307228
v 3.043500000 -0.350000000 0.050000000
v 3.033922798 -0.350000000 0.039542136
v 3.024341644 -0.350000000 0.029079956
v 3.014719302 -0.350000000 0.018572801
v 3.005096961 -0.350000000 0.008065647
v 2.995122005 -0.350000000 -0.002446287
v 2.984739632 -0.350000000 -0.012974013
v 2.974357260 -0.350000000 -0.023501738
v 2.963971249 -0.350000000 -0.034033154
v 2.953579368 -0.350000000 -0.044570521
v 2.941736977 -0.350000000 -0.055107887
v 2.929132471 -0.350000000 -0.065645254
v 2.916527965 -0.350000000 -0.076182621
v 2.903923460 -0.350000000 -0.086719988
v 2.887192341 -0.350000000 -0.097249135
v 2.868596170 -0.350000000 -0.107774568
v 0.000000000 0.470000000 0.050000000
v 0.000000000 0.470000000 0.040539230
v 0.000000000 0.469377017 0.031100238
v 0.000000000 0.465444088 0.022584784
v 0.000000000 0.459286325 0.015561860
v 0.000000000 0.452330738 0.009148907
v 0.000000000 0.443758002 0.006219750
v 0.000000000 0.434370289 0.005046286
v 0.000000000 0.425112240 0.003204743
v 0.000000000 0.415967129 0.000781289
v 0.000000000 0.406717592 -0.000986003
v 0.000000000 0.397271975 -0.001521255
v 0.000000000 0.387826358 -0.002056506
v 0.000000000 0.378378369 -0.002527027
v 0.000000000 0.368918913 -0.002684685
v 0.000000000 0.359459456 -0.002842342
v 0.000000000 0.350000000 -0.003000000
v 0.000000000 0.340540544 -0.002842342
v 0.000000000 0.331081087 -0.002684685
v 0.000000000 0.321621631 -0.002527027
v 0.000000000 0.312173642 -0.002056506
v 0.000000000 0.302728025 -0.001521255
v 0.000000000 0.293282408 -0.000986003
v 0.000000000 0.284032871 0.000781289
v 0.000000000 0.274887760 0.003204743
v 0.000000000 0.265629711 0.005046286
v 0.000000000 0.256241998 0.006219750
v 0.000000000 0.247669262 0.009148907
v 0.000000000 0.240713675 0.015561860
v 0.000000000 0.234555912 0.022584784
v 0.000000000 0.230622983 0.031100238
v 0.000000000 0.230000000 0.040539230
v 0.000000000 0.230000000 0.050000000
v 0.075000000 0.470000000 0.050000000
v 0.075000000 0.470000000 0.040160503
v 0.075000000 0.469239964 0.030431079
v 0.075000000 0.466448480 0.020995862
v 0.075000000 0.461815663 0.012597229
v 0.075000000 0.455196901 0.005316591
v 0.075000000 0.446623194 0.000520679
v 0.075000000 0.437793608 -0.003717790
v 0.075000000 0.428318526 -0.006370813
v 0.075000000 0.418674335 -0.008227764
v 0.075000000 0.408931054 -0.009585516
v 0.075000000 0.399122893 -0.010370169
v 0.075000000 0.389314732 -0.011154821
v 0.075000000 0.379505217 -0.011914843
v 0.075000000 0.369670145 -0.012209896
v 0.075000000 0.359835072 -0.012504948
v 0.075000000 0.350000000 -0.012800000
v 0.075000000 0.340164928 -0.012504948
v 0.075000000 0.330329855 -0.012209896
v 0.075000000 0.320494783 -0.011914843
v 0.075000000 0.310685268 -0.011154821
v 0.075000000 0.300877107 -0.010370169
v 0.075000000 0.291068946 -0.009585516
v 0.075000000 0.281325665 -0.008227764
v 0.075000000 0.271681474 -0.006370813
v 0.075000000 0.262206392 -0.003717790
v 0.075000000 0.253376806 0.000520679
v 0.075000000 0.244803099 0.005316591
v 0.075000000 0.238184337 0.012597229
v 0.075000000 0.233551520 0.020995862
v 0.075000000 0.230760036 0.030431079
v 0.075000000 0.230000000 0.040160503
v 0.075000000 0.230000000 0.050000000
v 0.150000000 0.470000000 0.050000000
v 0.150000000 0.469896682 0.039668243
v 0.150000000 0.469618131 0.029361863
v 0.150000000 0.466786200 0.019425262
v 0.150000000 0.463778277 0.009576680
v 0.150000000 0.457526391 0.001350514
v 0.150000000 0.449674621 -0.005290991
v 0.150000000 0.441185550 -0.011082952
v 0.150000000 0.431758146 -0.015311420
v 0.150000000 0.421808498 -0.017984045
v 0.150000000 0.411739127 -0.020300001
v 0.150000000 0.401503510 -0.021634614
v 0.150000000 0.391233185 -0.022764350
v 0.150000000 0.380962860 -0.023894085
v 0.150000000 0.370645173 -0.024405376
v 0.150000000 0.360322586 -0.024852688
v 0.150000000 0.350000000 -0.025300000
v 0.150000000 0.339677414 -0.024852688
v 0.150000000 0.329354827 -0.024405376
v 0.150000000 0.319037140 -0.023894085
v 0.150000000 0.308766815 -0.022764350
v 0.150000000 0.298496490 -0.021634614
v 0.150000000 0.288260873 -0.020300001
v 0.150000000 0.278191502 -0.017984045
v 0.150000000 0.268241854 -0.015311420
v 0.150000000 0.258814450 -0.011082952
v 0.150000000 0.250325379 -0.005290991
v 0.150000000 0.242473609 0.001350514
v 0.150000000 0.236221723 0.009576680
v 0.150000000 0.233213800 0.019425262
v 0.150000000 0.230381869 0.029361863
v 0.150000000 0.230103318 0.039668243
v 0.150000000 0.230000000 0.050000000
v 0.225000000 0.470000000 0.050000000
v 0.225000000 0.470000000 0.039182314
v 0.225000000 0.469640674 0.028404592
v 0.225000000 0.467263797 0.017851261
v 0.225000000 0.464718436 0.007369207
v 0.225000000 0.458800058 -0.001685911
v 0.225000000 0.452015770 -0.009966963
v 0.225000000 0.443678122 -0.016859419
v 0.225000000 0.434564055 -0.022545493
v 0.225000000 0.424825245 -0.027247766
v 0.225000000 0.414390340 -0.030099974
v 0.225000000 0.403797097 -0.032189083
v 0.225000000 0.393088849 -0.033723932
v 0.225000000 0.382380601 -0.035258781
v 0.225000000 0.371600719 -0.036075959
v 0.225000000 0.360800360 -0.036687980
v 0.225000000 0.350000000 -0.037300000
v 0.225000000 0.339199640 -0.036687980
v 0.225000000 0.328399281 -0.036075959
v 0.225000000 0.317619399 -0.035258781
v 0.225000000 0.306911151 -0.033723932
v 0.225000000 0.296202903 -0.032189083
v 0.225000000 0.285609660 -0.030099974
v 0.225000000 0.275174755 -0.027247766
v 0.225000000 0.265435945 -0.022545493
v 0.225000000 0.256321878 -0.016859419
v 0.225000000 0.247984230 -0.009966963
v 0.225000000 0.241199942 -0.001685911
v 0.225000000 0.235281564 0.007369207
v 0.225000000 0.232736203 0.017851261
v 0.225000000 0.230359326 0.028404592
v 0.225000000 0.230000000 0.039182314
v 0.225000000 0.230000000 0.050000000
v 0.300000000 0.470000000 0.050000000
v 0.300000000 0.469943561 0.038712107
v 0.300000000 0.469530372 0.027450841
v 0.300000000 0.467910547 0.016279633
v 0.300000000 0.465244255 0.005379617
v 0.300000000 0.460353243 -0.004744595
v 0.300000000 0.453562462 -0.013658686
v 0.300000000 0.445603786 -0.021663634
v 0.300000000 0.436969477 -0.028704142
v 0.300000000 0.426727407 -0.033449635
v 0.300000000 0.416485336 -0.038195128
v 0.300000000 0.405927487 -0.041946627
v 0.300000000 0.394824503 -0.043982175
v 0.300000000 0.383721518 -0.046017722
v 0.300000000 0.372515607 -0.047248855
v 0.300000000 0.361257804 -0.048074428
v 0.300000000 0.350000000 -0.048900000
v 0.300000000 0.338742196 -0.048074428
v 0.300000000 0.327484393 -0.047248855
v 0.300000000 0.316278482 -0.046017722
v 0.300000000 0.305175497 -0.043982175
v 0.300000000 0.294072513 -0.041946627
v 0.300000000 0.283514664 -0.038195128
v 0.300000000 0.273272593 -0.033449635
v 0.300000000 0.263030523 -0.028704142
v 0.300000000 0.254396214 -0.021663634
v 0.300000000 0.246437538 -0.013658686
v 0.300000000 0.239646757 -0.004744595
v 0.300000000 0.234755745 0.005379617
v 0.300000000 0.232089453 0.016279633
v 0.300000000 0.230469628 0.027450841
v 0.300000000 0.230056439 0.038712107
v 0.300000000 0.230000000 0.050000000
v 0.375000000 0.470000000 0.050000000
v 0.375000000 0.470000000 0.038243230
v 0.375000000 0.469725384 0.026511582
v 0.375000000 0.467592242 0.014949950
v 0.375000000 0.465459099 0.003388318
v 0.375000000 0.460667138 -0.007245781
v 0.375000000 0.455146006 -0.017625508
v 0.375000000 0.447197696 -0.026274473
v 0.375000000 0.439006389 -0.034669032
v 0.375000000 0.429254275 -0.041235455
v 0.375000000 0.418903728 -0.046701076
v 0.375000000 0.407973455 -0.050952595
v 0.375000000 0.396499355 -0.053515144
v 0.375000000 0.385025254 -0.056077693
v 0.375000000 0.373418884 -0.057792300
v 0.375000000 0.361709442 -0.058846150
v 0.375000000 0.350000000 -0.059900000
v 0.375000000 0.338290558 -0.058846150
v 0.375000000 0.326581116 -0.057792300
v 0.375000000 0.314974746 -0.056077693
v 0.375000000 0.303500645 -0.053515144
v 0.375000000 0.292026545 -0.050952595
v 0.375000000 0.281096272 -0.046701076
v 0.375000000 0.270745725 -0.041235455
v 0.375000000 0.260993611 -0.034669032
v 0.375000000 0.252802304 -0.026274473
v 0.375000000 0.244853994 -0.017625508
v 0.375000000 0.239332862 -0.007245781
v 0.375000000 0.234540901 0.003388318
v 0.375000000 0.232407758 0.014949950
v 0.375000000 0.230274616 0.026511582
v 0.375000000 0.230000000 0.038243230
v 0.375000000 0.230000000 0.050000000
v 0.450000000 0.470000000 0.050000000
v 0.450000000 0.469938992 0.037798487
v 0.450000000 0.469527083 0.025612740
v 0.450000000 0.468493668 0.013454916
v 0.450000000 0.466081623 0.001526494
v 0.450000000 0.461298379 -0.009673892
v 0.450000000 0.456055940 -0.020662048
v 0.450000000 0.448309072 -0.030088960
v 0.450000000 0.440562204 -0.039515872
v 0.450000000 0.430425486 -0.046231944
v 0.450000000 0.420101761 -0.052735891
v 0.450000000 0.409746942 -0.059169169
v 0.450000000 0.397977029 -0.062386279
v 0.450000000 0.386207117 -0.065603388
v 0.450000000 0.374265676 -0.067911661
v 0.450000000 0.362132838 -0.069205831
v 0.450000000 0.350000000 -0.070500000
v 0.450000000 0.337867162 -0.069205831
v 0.450000000 0.325734324 -0.067911661
v 0.450000000 0.313792883 -0.065603388
v 0.450000000 0.302022971 -0.062386279
v 0.450000000 0.290253058 -0.059169169
v 0.450000000 0.279898239 -0.052735891
v 0.450000000 0.269574514 -0.046231944
v 0.450000000 0.259437796 -0.039515872
v 0.450000000 0.251690928 -0.030088960
v 0.450000000 0.243944060 -0.020662048
v 0.450000000 0.238701621 -0.009673892
v 0.450000000 0.233918377 0.001526494
v 0.450000000 0.231506332 0.013454916
v 0.450000000 0.230472917 0.025612740
v 0.450000000 0.230061008 0.037798487
v 0.450000000 0.230000000 0.050000000
v 0.600000000 0.470000000 0.050000000
v 0.600000000 0.470000000 0.036945700
v 0.600000000 0.469877852 0.023892621
v 0.600000000 0.468529861 0.010927577
v 0.600000000 0.466366930 -0.001918394
v 0.600000000 0.462276007 -0.014315132
v 0.600000000 0.456831112 -0.026100663
v 0.600000000 0.450239422 -0.037368510
v 0.600000000 0.442027227 -0.047455613
v 0.600000000 0.433321265 -0.057182944
v 0.600000000 0.423158043 -0.065253845
v 0.600000000 0.412400752 -0.072649483
v 0.600000000 0.400499571 -0.077846827
v 0.600000000 0.388269760 -0.082412623
v 0.600000000 0.375819744 -0.086127038
v 0.600000000 0.362909872 -0.088063519
v 0.600000000 0.350000000 -0.090000000
v 0.600000000 0.337090128 -0.088063519
v 0.600000000 0.324180256 -0.086127038
v 0.600000000 0.311730240 -0.082412623
v 0.600000000 0.299500429 -0.077846827
v 0.600000000 0.287599248 -0.072649483
v 0.600000000 0.276841957 -0.065253845
v 0.600000000 0.266678735 -0.057182944
v 0.600000000 0.257972773 -0.047455613
v 0.600000000 0.249760578 -0.037368510
v 0.600000000 0.243168888 -0.026100663
v 0.600000000 0.237723993 -0.014315132
v 0.600000000 0.233633070 -0.001918394
v 0.600000000 0.231470139 0.010927577
v 0.600000000 0.230122148 0.023892621
v 0.600000000 0.230000000 0.036945700
v 0.600000000 0.230000000 0.050000000
v 0.750000000 0.470000000 0.050000000
v 0.750000000 0.470000000 0.036192154
v 0.750000000 0.469771632 0.022387732
v 0.750000000 0.469203877 0.008599121
v 0.750000000 0.466851274 -0.004994462
v 0.750000000 0.462726726 -0.018145956
v 0.750000000 0.457807390 -0.031030626
v 0.750000000 0.450924577 -0.043000735
v 0.750000000 0.443264185 -0.054433921
v 0.750000000 0.434508912 -0.065111083
v 0.750000000 0.424710369 -0.074744673
v 0.750000000 0.414030653 -0.083496831
v 0.750000000 0.402239904 -0.090498979
v 0.750000000 0.389775650 -0.096440274
v 0.750000000 0.377079414 -0.101684117
v 0.750000000 0.363539707 -0.104392059
v 0.750000000 0.350000000 -0.107100000
v 0.750000000 0.336460293 -0.104392059
v 0.750000000 0.322920586 -0.101684117
v 0.750000000 0.310224350 -0.096440274
v 0.750000000 0.297760096 -0.090498979
v 0.750000000 0.285969347 -0.083496831
v 0.750000000 0.275289631 -0.074744673
v 0.750000000 0.265491088 -0.065111083
v 0.750000000 0.256735815 -0.054433921
v 0.750000000 0.249075423 -0.043000735
v 0.750000000 0.242192610 -0.031030626
v 0.750000000 0.237273274 -0.018145956
v 0.750000000 0.233148726 -0.004994462
v 0.750000000 0.230796123 0.008599121
v 0.750000000 0.230228368 0.022387732
v 0.750000000 0.230000000 0.036192154
v 0.750000000 0.230000000 0.050000000
v 0.900000000 0.470000000 0.050000000
v 0.900000000 0.470000000 0.035549622
v 0.900000000 0.470000000 0.021099243
v 0.900000000 0.469067702 0.006681456
v 0.900000000 0.466790759 -0.007538504
v 0.900000000 0.463186244 -0.021515447
v 0.900000000 0.457761827 -0.034909070
v 0.900000000 0.451119597 -0.047698157
v 0.900000000 0.443715919 -0.060106431
v 0.900000000 0.434758149 -0.071445381
v 0.900000000 0.425337597 -0.082345729
v 0.900000000 0.414495190 -0.091898511
v 0.900000000 0.403375915 -0.101057106
v 0.900000000 0.390711094 -0.108015249
v 0.900000000 0.377893747 -0.114630008
v 0.900000000 0.364240186 -0.119362208
v 0.900000000 0.350000000 -0.121600000
v 0.900000000 0.335759814 -0.119362208
v 0.900000000 0.322106253 -0.114630008
v 0.900000000 0.309288906 -0.108015249
v 0.900000000 0.296624085 -0.101057106
v 0.900000000 0.285504810 -0.091898511
v 0.900000000 0.274662403 -0.082345729
v 0.900000000 0.265241851 -0.071445381
v 0.900000000 0.256284081 -0.060106431
v 0.900000000 0.248880403 -0.047698157
v 0.900000000 0.242238173 -0.034909070
v 0.900000000 0.236813756 -0.021515447
v 0.900000000 0.233209241 -0.007538504
v 0.900000000 0.230932298 0.006681456
v 0.900000000 0.230000000 0.021099243
v 0.900000000 0.230000000 0.035549622
v 0.900000000 0.230000000 0.050000000
v 1.050000000 0.470000000 0.050000000
v 1.050000000 0.470000000 0.035054630
v 1.050000000 0.470000000 0.020109260
v 1.050000000 0.469037684 0.005195133
v 1.050000000 0.466607402 -0.009511808
v 1.050000000 0.462805825 -0.023932038
v 1.050000000 0.457496965 -0.037902725
v 1.050000000 0.450708167 -0.051199689
v 1.050000000 0.443112374 -0.064038637
v 1.050000000 0.434419806 -0.076196076
v 1.050000000 0.424851476 -0.087651982
v 1.050000000 0.414884352 -0.098788433
v 1.050000000 0.403674936 -0.108653901
v 1.050000000 0.391224914 -0.116889195
v 1.050000000 0.378481543 -0.124665017
v 1.050000000 0.364682201 -0.130307680
v 1.050000000 0.350000000 -0.133100000
v 1.050000000 0.335317799 -0.130307680
v 1.050000000 0.321518457 -0.124665017
v 1.050000000 0.308775086 -0.116889195
v 1.050000000 0.296325064 -0.108653901
v 1.050000000 0.285115648 -0.098788433
v 1.050000000 0.275148524 -0.087651982
v 1.050000000 0.265580194 -0.076196076
v 1.050000000 0.256887626 -0.064038637
v 1.050000000 0.249291833 -0.051199689
v 1.050000000 0.242503035 -0.037902725
v 1.050000000 0.237194175 -0.023932038
v 1.050000000 0.233392598 -0.009511808
v 1.050000000 0.230962316 0.005195133
v 1.050000000 0.230000000 0.020109260
v 1.050000000 0.230000000 0.035054630
v 1.050000000 0.230000000 0.050000000
v 1.200000000 0.470000000 0.050000000
v 1.200000000 0.470000000 0.034714281
v 1.200000000 0.469962935 0.019429766
v 1.200000000 0.468971455 0.004176236
v 1.200000000 0.466058460 -0.010781797
v 1.200000000 0.461861351 -0.025460983
v 1.200000000 0.456747593 -0.039865936
v 1.200000000 0.449713524 -0.053435531
v 1.200000000 0.441932786 -0.066567239
v 1.200000000 0.433468487 -0.079295508
v 1.200000000 0.423979606 -0.091275492
v 1.200000000 0.414014975 -0.102829408
v 1.200000000 0.402921030 -0.113344996
v 1.200000000 0.391298527 -0.123212349
v 1.200000000 0.378669054 -0.131805402
v 1.200000000 0.364865810 -0.138299650
v 1.200000000 0.350000000 -0.141500000
v 1.200000000 0.335134190 -0.138299650
v 1.200000000 0.321330946 -0.131805402
v 1.200000000 0.308701473 -0.123212349
v 1.200000000 0.297078970 -0.113344996
v 1.200000000 0.285985025 -0.102829408
v 1.200000000 0.276020394 -0.091275492
v 1.200000000 0.266531513 -0.079295508
v 1.200000000 0.258067214 -0.066567239
v 1.200000000 0.250286476 -0.053435531
v 1.200000000 0.243252407 -0.039865936
v 1.200000000 0.238138649 -0.025460983
v 1.200000000 0.233941540 -0.010781797
v 1.200000000 0.231028545 0.004176236
v 1.200000000 0.230037065 0.019429766
v 1.200000000 0.230000000 0.034714281
v 1.200000000 0.230000000 0.050000000
v 1.350000000 0.469400000 0.050000000
v 1.350000000 0.469168735 0.034582343
v 1.350000000 0.468271630 0.019195174
v 1.350000000 0.467092936 0.003820899
v 1.350000000 0.463919305 -0.011223487
v 1.350000000 0.460085915 -0.026158773
v 1.350000000 0.454199813 -0.040352508
v 1.350000000 0.447602976 -0.054289487
v 1.350000000 0.439816618 -0.067549578
v 1.350000000 0.431204537 -0.080339797
v 1.350000000 0.422217866 -0.092842139
v 1.350000000 0.412075092 -0.104456001
v 1.350000000 0.401932319 -0.116069863
v 1.350000000 0.390617809 -0.126476179
v 1.350000000 0.378555325 -0.136052358
v 1.350000000 0.364924068 -0.143181132
v 1.350000000 0.350000000 -0.146600000
v 1.350000000 0.335075932 -0.143181132
v 1.350000000 0.321444675 -0.136052358
v 1.350000000 0.309382191 -0.126476179
v 1.350000000 0.298067681 -0.116069863
v 1.350000000 0.287924908 -0.104456001
v 1.350000000 0.277782134 -0.092842139
v 1.350000000 0.268795463 -0.080339797
v 1.350000000 0.260183382 -0.067549578
v 1.350000000 0.252397024 -0.054289487
v 1.350000000 0.245800187 -0.040352508
v 1.350000000 0.239914085 -0.026158773
v 1.350000000 0.236080695 -0.011223487
v 1.350000000 0.232907064 0.003820899
v 1.350000000 0.231728370 0.019195174
v 1.350000000 0.230831265 0.034582343
v 1.350000000 0.230600000 0.050000000
v 1.500000000 0.467900000 0.050000000
v 1.500000000 0.467361310 0.034608862
v 1.500000000 0.466126466 0.019264664
v 1.500000000 0.464594053 0.003940532
v 1.500000000 0.461217884 -0.011044873
v 1.500000000 0.457203484 -0.025913024
v 1.500000000 0.451322351 -0.040093624
v 1.500000000 0.444733570 -0.054013584
v 1.500000000 0.437048068 -0.067314471
v 1.500000000 0.428535012 -0.080148224
v 1.500000000 0.419758935 -0.092789708
v 1.500000000 0.410113897 -0.104795979
v 1.500000000 0.400468858 -0.116802251
v 1.500000000 0.389638434 -0.127707718
v 1.500000000 0.378156740 -0.137934984
v 1.500000000 0.364871738 -0.145605153
v 1.500000000 0.350000000 -0.149100000
v 1.500000000 0.335128262 -0.145605153
v 1.500000000 0.321843260 -0.137934984
v 1.500000000 0.310361566 -0.127707718
v 1.500000000 0.299531142 -0.116802251
v 1.500000000 0.289886103 -0.104795979
v 1.500000000 0.280241065 -0.092789708
v 1.500000000 0.271464988 -0.080148224
v 1.500000000 0.262951932 -0.067314471
v 1.500000000 0.255266430 -0.054013584
v 1.500000000 0.248677649 -0.040093624
v 1.500000000 0.242796516 -0.025913024
v 1.500000000 0.238782116 -0.011044873
v 1.500000000 0.235405947 0.003940532
v 1.500000000 0.233873534 0.019264664
v 1.500000000 0.232638690 0.034608862
v 1.500000000 0.232100000 0.050000000
v 1.650000000 0.465100000 0.050000000
v 1.650000000 0.464111072 0.034785720
v 1.650000000 0.462486755 0.019632274
v 1.650000000 0.460570854 0.004506745
v 1.650000000 0.457113981 -0.010307212
v 1.650000000 0.453003099 -0.024988933
v 1.650000000 0.447303505 -0.039077102
v 1.650000000 0.440780685 -0.052857709
v 1.650000000 0.433397386 -0.066157867
v 1.650000000 0.425088283 -0.078941102
v 1.650000000 0.416662542 -0.091642643
v 1.650000000 0.407488752 -0.103820240
v 1.650000000 0.398314962 -0.115997837
v 1.650000000 0.388248978 -0.127419702
v 1.650000000 0.377395199 -0.138079648
v 1.650000000 0.364628881 -0.146278137
v 1.650000000 0.350000000 -0.150000000
v 1.650000000 0.335371119 -0.146278137
v 1.650000000 0.322604801 -0.138079648
v 1.650000000 0.311751022 -0.127419702
v 1.650000000 0.301685038 -0.115997837
v 1.650000000 0.292511248 -0.103820240
v 1.650000000 0.283337458 -0.091642643
v 1.650000000 0.274911717 -0.078941102
v 1.650000000 0.266602614 -0.066157867
v 1.650000000 0.259219315 -0.052857709
v 1.650000000 0.252696495 -0.039077102
v 1.650000000 0.246996901 -0.024988933
v 1.650000000 0.242886019 -0.010307212
v 1.650000000 0.239429146 0.004506745
v 1.650000000 0.237513245 0.019632274
v 1.650000000 0.235888928 0.034785720
v 1.650000000 0.234900000 0.050000000
v 1.800000000 0.460600000 0.050000000
v 1.800000000 0.459108627 0.035086273
v 1.800000000 0.457071333 0.020242551
v 1.800000000 0.454751493 0.005435060
v 1.800000000 0.451285759 -0.009119444
v 1.800000000 0.447155524 -0.023527241
v 1.800000000 0.441871009 -0.037508738
v 1.800000000 0.435644927 -0.051142496
v 1.800000000 0.428811795 -0.064449264
v 1.800000000 0.420852896 -0.077149633
v 1.800000000 0.412893998 -0.089850003
v 1.800000000 0.404252360 -0.102095716
v 1.800000000 0.395602563 -0.114335996
v 1.800000000 0.386440484 -0.126182523
v 1.800000000 0.376312613 -0.137181774
v 1.800000000 0.364247657 -0.145906265
v 1.800000000 0.350000000 -0.150000000
v 1.800000000 0.335752343 -0.145906265
v 1.800000000 0.323687387 -0.137181774
v 1.800000000 0.313559516 -0.126182523
v 1.800000000 0.304397437 -0.114335996
v 1.800000000 0.295747640 -0.102095716
v 1.800000000 0.287106002 -0.089850003
v 1.800000000 0.279147104 -0.077149633
v 1.800000000 0.271188205 -0.064449264
v 1.800000000 0.264355073 -0.051142496
v 1.800000000 0.258128991 -0.037508738
v 1.800000000 0.252844476 -0.023527241
v 1.800000000 0.248714241 -0.009119444
v 1.800000000 0.245248507 0.005435060
v 1.800000000 0.242928667 0.020242551
v 1.800000000 0.240891373 0.035086273
v 1.800000000 0.239400000 0.050000000
v 1.950000000 0.454000000 0.050000000
v 1.950000000 0.451968158 0.035486845
v 1.950000000 0.449556431 0.021035078
v 1.950000000 0.446913781 0.006620625
v 1.950000000 0.443493049 -0.007610175
v 1.950000000 0.439411359 -0.021684970
v 1.950000000 0.434646516 -0.035515977
v 1.950000000 0.428895448 -0.048995044
v 1.950000000 0.422856245 -0.062330211
v 1.950000000 0.415535408 -0.075025304
v 1.950000000 0.408214571 -0.087720397
v 1.950000000 0.400371165 -0.100096136
v 1.950000000 0.392413386 -0.112401980
v 1.950000000 0.383910858 -0.124306970
v 1.950000000 0.374529152 -0.135565017
v 1.950000000 0.363644655 -0.145130974
v 1.950000000 0.350000000 -0.150000000
v 1.950000000 0.336355345 -0.145130974
v 1.950000000 0.325470848 -0.135565017
v 1.950000000 0.316089142 -0.124306970
v 1.950000000 0.307586614 -0.112401980
v 1.950000000 0.299628835 -0.100096136
v 1.950000000 0.291785429 -0.087720397
v 1.950000000 0.284464592 -0.075025304
v 1.950000000 0.277143755 -0.062330211
v 1.950000000 0.271104552 -0.048995044
v 1.950000000 0.265353484 -0.035515977
v 1.950000000 0.260588641 -0.021684970
v 1.950000000 0.256506951 -0.007610175
v 1.950000000 0.253086219 0.006620625
v 1.950000000 0.250443569 0.021035078
v 1.950000000 0.248031842 0.035486845
v 1.950000000 0.246000000 0.050000000
v 2.100000000 0.445300000 0.050000000
v 2.100000000 0.442770454 0.035946968
v 2.100000000 0.440033050 0.021934114
v 2.100000000 0.437143153 0.007950738
v 2.100000000 0.433839047 -0.005931975
v 2.100000000 0.429989035 -0.019682020
v 2.100000000 0.425814638 -0.033324212
v 2.100000000 0.420665030 -0.046642164
v 2.100000000 0.415515422 -0.059960117
v 2.100000000 0.409032161 -0.072682037
v 2.100000000 0.402544895 -0.085402166
v 2.100000000 0.395645242 -0.097898424
v 2.100000000 0.388512146 -0.110267954
v 2.100000000 0.381132953 -0.122479345
v 2.100000000 0.372845683 -0.134107220
v 2.100000000 0.362820908 -0.144130438
v 2.100000000 0.350000000 -0.150000000
v 2.100000000 0.337179092 -0.144130438
v 2.100000000 0.327154317 -0.134107220
v 2.100000000 0.318867047 -0.122479345
v 2.100000000 0.311487854 -0.110267954
v 2.100000000 0.304354758 -0.097898424
v 2.100000000 0.297455105 -0.085402166
v 2.100000000 0.290967839 -0.072682037
v 2.100000000 0.284484578 -0.059960117
v 2.100000000 0.279334970 -0.046642164
v 2.100000000 0.274185362 -0.033324212
v 2.100000000 0.270010965 -0.019682020
v 2.100000000 0.266160953 -0.005931975
v 2.100000000 0.262856847 0.007950738
v 2.100000000 0.259966950 0.021934114
v 2.100000000 0.257229546 0.035946968
v 2.100000000 0.254700000 0.050000000
v 2.250000000 0.434800000 0.050000000
v 2.250000000 0.431884550 0.036439767
v 2.250000000 0.428935123 0.022886923
v 2.250000000 0.425954968 0.009340763
v 2.250000000 0.422777582 -0.004157104
v 2.250000000 0.419162119 -0.017547706
v 2.250000000 0.415489894 -0.030921107
v 2.250000000 0.411064366 -0.044066239
v 2.250000000 0.406638839 -0.057211371
v 2.250000000 0.401383264 -0.070038921
v 2.250000000 0.395904188 -0.082780958
v 2.250000000 0.390140167 -0.095391554
v 2.250000000 0.384003697 -0.107830345
v 2.250000000 0.377837334 -0.120252195
v 2.250000000 0.370319306 -0.131908053
v 2.250000000 0.361564134 -0.142341633
v 2.250000000 0.350000000 -0.150000000
v 2.250000000 0.338435866 -0.142341633
v 2.250000000 0.329680694 -0.131908053
v 2.250000000 0.322162666 -0.120252195
v 2.250000000 0.315996303 -0.107830345
v 2.250000000 0.309859833 -0.095391554
v 2.250000000 0.304095812 -0.082780958
v 2.250000000 0.298616736 -0.070038921
v 2.250000000 0.293361161 -0.057211371
v 2.250000000 0.288935634 -0.044066239
v 2.250000000 0.284510106 -0.030921107
v 2.250000000 0.280837881 -0.017547706
v 2.250000000 0.277222418 -0.004157104
v 2.250000000 0.274045032 0.009340763
v 2.250000000 0.271064877 0.022886923
v 2.250000000 0.268115450 0.036439767
v 2.250000000 0.265200000 0.050000000
v 2.400000000 0.422400000 0.050000000
v 2.400000000 0.419379914 0.036869190
v 2.400000000 0.416379672 0.023733848
v 2.400000000 0.413401201 0.010593536
v 2.400000000 0.410374604 -0.002535388
v 2.400000000 0.407147822 -0.015616938
v 2.400000000 0.403921039 -0.028698489
v 2.400000000 0.400256506 -0.041663350
v 2.400000000 0.396543609 -0.054615319
v 2.400000000 0.392443721 -0.067445474
v 2.400000000 0.388068460 -0.080188951
v 2.400000000 0.383523835 -0.092868695
v 2.400000000 0.378412564 -0.105335210
v 2.400000000 0.373301292 -0.117801726
v 2.400000000 0.367126902 -0.129764996
v 2.400000000 0.360205073 -0.141202524
v 2.400000000 0.350000000 -0.150000000
v 2.400000000 0.339794927 -0.141202524
v 2.400000000 0.332873098 -0.129764996
v 2.400000000 0.326698708 -0.117801726
v 2.400000000 0.321587436 -0.105335210
v 2.400000000 0.316476165 -0.092868695
v 2.400000000 0.311931540 -0.080188951
v 2.400000000 0.307556279 -0.067445474
v 2.400000000 0.303456391 -0.054615319
v 2.400000000 0.299743494 -0.041663350
v 2.400000000 0.296078961 -0.028698489
v 2.400000000 0.292852178 -0.015616938
v 2.400000000 0.289625396 -0.002535388
v 2.400000000 0.286598799 0.010593536
v 2.400000000 0.283620328 0.023733848
v 2.400000000 0.280620086 0.036869190
v 2.400000000 0.277600000 0.050000000
v 2.550000000 0.408400000 0.050000000
v 2.550000000 0.405406311 0.037260899
v 2.550000000 0.402508372 0.024500176
v 2.550000000 0.399737339 0.011710796
v 2.550000000 0.396966307 -0.001078584
v 2.550000000 0.394195274 -0.013867964
v 2.550000000 0.391424242 -0.026657345
v 2.550000000 0.388473894 -0.039406084
v 2.550000000 0.385460095 -0.052140442
v 2.550000000 0.382309249 -0.064840318
v 2.550000000 0.378937441 -0.077484596
v 2.550000000 0.375559734 -0.090127155
v 2.550000000 0.371609139 -0.102602718
v 2.550000000 0.367658544 -0.115078281
v 2.550000000 0.363182031 -0.127366676
v 2.550000000 0.357464275 -0.139051444
v 2.550000000 0.350000000 -0.149800000
v 2.550000000 0.342535725 -0.139051444
v 2.550000000 0.336817969 -0.127366676
v 2.550000000 0.332341456 -0.115078281
v 2.550000000 0.328390861 -0.102602718
v 2.550000000 0.324440266 -0.090127155
v 2.550000000 0.321062559 -0.077484596
v 2.550000000 0.317690751 -0.064840318
v 2.550000000 0.314539905 -0.052140442
v 2.550000000 0.311526106 -0.039406084
v 2.550000000 0.308575758 -0.026657345
v 2.550000000 0.305804726 -0.013867964
v 2.550000000 0.303033693 -0.001078584
v 2.550000000 0.300262661 0.011710796
v 2.550000000 0.297491628 0.024500176
v 2.550000000 0.294593689 0.037260899
v 2.550000000 0.291600000 0.050000000
v 2.700000000 0.392600000 0.050000000
v 2.700000000 0.389914760 0.037794364
v 2.700000000 0.387342635 0.025565355
v 2.700000000 0.384970376 0.013295047
v 2.700000000 0.382598116 0.001024739
v 2.700000000 0.380334559 -0.011266040
v 2.700000000 0.378080908 -0.023558685
v 2.700000000 0.375817825 -0.035849593
v 2.700000000 0.373544361 -0.048138589
v 2.700000000 0.371270897 -0.060427585
v 2.700000000 0.368958194 -0.072709028
v 2.700000000 0.366507229 -0.084963857
v 2.700000000 0.363884029 -0.097182092
v 2.700000000 0.361140671 -0.109374797
v 2.700000000 0.358070296 -0.121489034
v 2.700000000 0.354548275 -0.133459499
v 2.700000000 0.350000000 -0.145100000
v 2.700000000 0.345451725 -0.133459499
v 2.700000000 0.341929704 -0.121489034
v 2.700000000 0.338859329 -0.109374797
v 2.700000000 0.336115971 -0.097182092
v 2.700000000 0.333492771 -0.084963857
v 2.700000000 0.331041806 -0.072709028
v 2.700000000 0.328729103 -0.060427585
v 2.700000000 0.326455639 -0.048138589
v 2.700000000 0.324182175 -0.035849593
v 2.700000000 0.321919092 -0.023558685
v 2.700000000 0.319665441 -0.011266040
v 2.700000000 0.317401884 0.001024739
v 2.700000000 0.315029624 0.013295047
v 2.700000000 0.312657365 0.025565355
v 2.700000000 0.310085240 0.037794364
v 2.700000000 0.307400000 0.050000000
v 2.850000000 0.375000000 0.050000000
v 2.850000000 0.373065295 0.039542136
v 2.850000000 0.371155860 0.029079956
v 2.850000000 0.369509739 0.018572801
v 2.850000000 0.367863618 0.008065647
v 2.850000000 0.366249365 -0.002446287
v 2.850000000 0.364740391 -0.012974013
v 2.850000000 0.363231418 -0.023501738
v 2.850000000 0.361748802 -0.034033154
v 2.850000000 0.360308696 -0.044570521
v 2.850000000 0.358868589 -0.055107887
v 2.850000000 0.357428482 -0.065645254
v 2.850000000 0.355988375 -0.076182621
v 2.850000000 0.354548268 -0.086719988
v 2.850000000 0.353049772 -0.097249135
v 2.850000000 0.351524886 -0.107774568
v 2.850000000 0.350000000 -0.118300000
v 2.850000000 0.348475114 -0.107774568
v 2.850000000 0.346950228 -0.097249135
v 2.850000000 0.345451732 -0.086719988
v 2.850000000 0.344011625 -0.076182621
v 2.850000000 0.342571518 -0.065645254
v 2.850000000 0.341131411 -0.055107887
v 2.850000000 0.339691304 -0.044570521
v 2.850000000 0.338251198 -0.034033154
v 2.850000000 0.336768582 -0.023501738
v 2.850000000 0.335259609 -0.012974013
v 2.850000000 0.333750635 -0.002446287
v 2.850000000 0.332136382 0.008065647
v 2.850000000 0.330490261 0.018572801
v 2.850000000 0.328844140 0.029079956
v 2.850000000 0.326934705 0.039542136
v 2.850000000 0.325000000 0.050000000
v 0.000000000 0.350000000 0.010307228
v 3.043500000 0.350000000 0.050000000
v 3.033922798 0.350000000 0.039542136
v 3.024341644 0.350000000 0.029079956
v 3.014719302 0.350000000 0.018572801
v 3.005096961 0.350000000 0.008065647
v 2.995122005 0.350000000 -0.002446287
v 2.984739632 0.350000000 -0.012974013
v 2.974357260 0.350000000 -0.023501738
v 2.963971249 0.350000000 -0.034033154
v 2.953579368 0.350000000 -0.044570521
v 2.941736977 0.350000000 -0.055107887
v 2.929132471 0.350000000 -0.065645254
v 2.916527965 0.350000000 -0.076182621
v 2.903923460 0.350000000 -0.086719988
v 2.887192341 0.350000000 -0.097249135
v 2.868596170 0.350000000 -0.107774568
f 1 34 35
f 1 35 2
f 2 35 36
f 2 36 3
f 3 36 37
f 3 37 4
f 4 37 38
f 4 38 5
f 5 38 39
f 5 39 6
f 6 39 40
f 6 40 7
f 7 40 41
f 7 41 8
f 8 41 42
f 8 42 9
f 9 42 43
f 9 43 10
f 10 43 44
f 10 44 11
f 11 44 45
f 11 45 12
f 12 45 46
f 12 46 13
f 13 46 47
f 13 47 14
f 14 47 48
f 14 48 15
f 15 48 49
f 15 49 16
f 16 49 50
f 16 50 17
f 17 50 51
f 17 51 18
f 18 51 52
f 18 52 19
f 19 52 53
f 19 53 20
f 20 53 54
f 20 54 21
f 21 54 55
f 21 55 22
f 22 55 56
f 22 56 23
f 23 56 57
f 23 57 24
f 24 57 58
f 24 58 25
f 25 58 59
f 25 59 26
f 26 59 60
f 26 60 27
f 27 60 61
f 27 61 28
f 28 61 62
f 28 62 29
f 29 62 63
f 29 63 30
f 30 63 64
f 30 64 31
f 31 64 65
f 31 65 32
f 32 65 66
f 32 66 33
f 33 66 34
f 33 34 1
f 34 67 68
f 34 68 35
f 35 68 69
f 35 69 36
f 36 69 70
f 36 70 37
f 37 70 71
f 37 71 38
f 38 71 72
f 38 72 39
f 39 72 73
f 39 73 40
f 40 73 74
f 40 74 41
f 41 74 75
f 41 75 42
f 42 75 76
f 42 76 43
f 43 76 77
f 43 77 44
f 44 77 78
f 44 78 45
f 45 78 79
f 45 79 46
f 46 79 80
f 46 80 47
f 47 80 81
f 47 81 48
f 48 81 82
f 48 82 49
f 49 82 83
f 49 83 50
f 50 83 84
f 50 84 51
f 51 84 85
f 51 85 52
f 52 85 86
f 52 86 53
f 53 86 87
f 53 87 54
f 54 87 88
f 54 88 55
f 55 88 89
f 55 89 56
f 56 89 90
f 56 90 57
f 57 90 91
f 57 91 58
f 58 91 92
f 58 92 59
f 59 92 93
f 59 93 60
f 60 93 94
f 60 94 61
f 61 94 95
f 61 95 62
f 62 95 96
f 62 96 63
f 63 96 97
f 63 97 64
f 64 97 98
f 64 98 65
f 65 98 99
f 65 99 66
f 66 99 67
f 66 67 34
f 67 100 101
f 67 101 68
f 68 101 102
f 68 102 69
f 69 102 103
f 69 103 70
f 70 103 104
f 70 104 71
f 71 104 105
f 71 105 72
f 72 105 106
f 72 106 73
f 73 106 107
f 73 107 74
f 74 107 108
f 74 108 75
f 75 108 109
f 75 109 76
f 76 109 110
f 76 110 77
f 77 110 111
f 77 111 78
f 78 111 112
f 78 112 79
f 79 112 113
f 79 113 80
f 80 113 114
f 80 114 81
f 81 114 115
f 81 115 82
f 82 115 116
f 82 116 83
f 83 116 117
f 83 117 84
f 84 117 118
f 84 118 85
f 85 118 119
f 85 119 86
f 86 119 120
f 86 120 87
f 87 120 121
f 87 121 88
f 88 121 122
f 88 122 89
f 89 122 123
f 89 123 90
f 90 123 124
f 90 124 91
f 91 124 125
f 91 125 92
f 92 125 126
f 92 126 93
f 93 126 127
f 93 127 94
f 94 127 128
f 94 128 95
f 95 128 129
f 95 129 96
f 96 129 130
f 96 130 97
f 97 130 131
f 97 131 98
f 98 131 132
f 98 132 99
f 99 132 100
f 99 100 67
f 100 133 134
f 100 134 101
f 101 134 135
f 101 135 102
f 102 135 136
f 102 136 103
f 103 136 137
f 103 137 104
f 104 137 138
f 104 138 105
f 105 138 139
f 105 139 106
f 106 139 140
f 106 140 107
f 107 140 141
f 107 141 108
f 108 141 142
f 108 142 109
f 109 142 143
f 109 143 110
f 110 143 144
f 110 144 111
f 111 144 145
f 111 145 112
f 112 145 146
f 112 146 113
f 113 146 147
f 113 147 114
f 114 147 148
f 114 148 115
f 115 148 149
f 115 149 116
f 116 149 150
f 116 150 117
f 117 150 151
f 117 151 118
f 118 151 152
f 118 152 119
f 119 152 153
f 119 153 120
f 120 153 154
f 120 154 121
f 121 154 155
f 121 155 122
f 122 155 156
f 122 156 123
f 123 156 157
f 123 157 124
f 124 157 158
f 124 158 125
f 125 158 159
f 125 159 126
f 126 159 160
f 126 160 127
f 127 160 161
f 127 161 128
f 128 161 162
f 128 162 129
f 129 162 163
f 129 163 130
f 130 163 164
f 130 164 131
f 131 164 165
f 131 165 132
f 132 165 133
f 132 133 100
f 133 166 167
f 133 167 134
f 134 167 168
f 134 168 135
f 135 168 169
f 135 169 136
f 136 169 170
f 136 170 137
f 137 170 171
f 137 171 138
f 138 171 172
f 138 172 139
f 139 172 173
f 139 173 140
f 140 173 174
f 140 174 141
f 141 174 175
f 141 175 142
f 142 175 176
f 142 176 143
f 143 176 177
f 143 177 144
f 144 177 178
f 144 178 145
f 145 178 179
f 145 179 146
f 146 179 180
f 146 180 147
f 147 180 181
f 147 181 148
f 148 181 182
f 148 182 149
f 149 182 183
f 149 183 150
f 150 183 184
f 150 184 151
f 151 184 185
f 151 185 152
f 152 185 186
f 152 186 153
f 153 186 187
f 153 187 154
f 154 187 188
f 154 188 155
f 155 188 189
f 155 189 156
f 156 189 190
f 156 190 157
f 157 190 191
f 157 191 158
f 158 191 192
f 158 192 159
f 159 192 193
f 159 193 160
f 160 193 194
f 160 194 161
f 161 194 195
f 161 195 162
f 162 195 196
f 162 196 163
f 163 196 197
f 163 197 164
f 164 197 198
f 164 198 165
f 165 198 166
f 165 166 133
f 166 199 200
f 166 200 167
f 167 200 201
f 167 201 168
f 168 201 202
f 168 202 169
f 169 202 203
f 169 203 170
f 170 203 204
f 170 204 171
f 171 204 205
f 171 205 172
f 172 205 206
f 172 206 173
f 173 206 207
f 173 207 174
f 174 207 208
f 174 208 175
f 175 208 209
f 175 209 176
f 176 209 210
f 176 210 177
f 177 210 211
f 177 211 178
f 178 211 212
f 178 212 179
f 179 212 213
f 179 213 180
f 180 213 214
f 180 214 181
f 181 214 215
f 181 215 182
f 182 215 216
f 182 216 183
f 183 216 217
f 183 217 184
f 184 217 218
f 184 218 185
f 185 218 219
f 185 219 186
f 186 219 220
f 186 220 187
f 187 220 221
f 187 221 188
f 188 221 222
f 188 222 189
f 189 222 223
f 189 223 190
f 190 223 224
f 190 224 191
f 191 224 225
f 191 225 192
f 192 225 226
f 192 226 193
f 193 226 227
f 193 227 194
f 194 227 228
f 194 228 195
f 195 228 229
f 195 229 196
f 196 229 230
f 196 230 197
f 197 230 231
f 197 231 198
f 198 231 199
f 198 199 166
f 199 232 233
f 199 233 200
f 200 233 234
f 200 234 201
f 201 234 235
f 201 235 202
f 202 235 236
f 202 236 203
f 203 236 237
f 203 237 204
f 204 237 238
f 204 238 205
f 205 238 239
f 205 239 206
f 206 239 240
f 206 240 207
f 207 240 241
f 207 241 208
f 208 241 242
f 208 242 209
f 209 242 243
f 209 243 210
f 210 243 244
f 210 244 211
f 211 244 245
f 211 245 212
f 212 245 246
f 212 246 213
f 213 246 247
f 213 247 214
f 214 247 248
f 214 248 215
f 215 248 249
f 215 249 216
f 216 249 250
f 216 250 217
f 217 250 251
f 217 251 218
f 218 251 252
f 218 252 219
f 219 252 253
f 219 253 220
f 220 253 254
f 220 254 221
f 221 254 255
f 221 255 222
f 222 255 256
f 222 256 223
f 223 256 257
f 223 257 224
f 224 257 258
f 224 258 225
f 225 258 259
f 225 259 226
f 226 259 260
f 226 260 227
f 227 260 261
f 227 261 228
f 228 261 262
f 228 262 229
f 229 262 263
f 229 263 230
f 230 263 264
f 230 264 231
f 231 264 232
f 231 232 199
f 232 265 266
f 232 266 233
f 233 266 267
f 233 267 234
f 234 267 268
f 234 268 235
f 235 268 269
f 235 269 236
f 236 269 270
f 236 270 237
f 237 270 271
f 237 271 238
f 238 271 272
f 238 272 239
f 239 272 273
f 239 273 240
f 240 273 274
f 240 274 241
f 241 274 275
f 241 275 242
f 242 275 276
f 242 276 243
f 243 276 277
f 243 277 244
f 244 277 278
f 244 278 245
f 245 278 279
f 245 279 246
f 246 279 280
f 246 280 247
f 247 280 281
f 247 281 248
f 248 281 282
f 248 282 249
f 249 282 283
f 249 283 250
f 250 283 284
f 250 284 251
f 251 284 285
f 251 285 252
f 252 285 286
f 252 286 253
f 253 286 287
f 253 287 254
f 254 287 288
f 254 288 255
f 255 288 289
f 255 289 256
f 256 289 290
f 256 290 257
f 257 290 291
f 257 291 258
f 258 291 292
f 258 292 259
f 259 292 293
f 259 293 260
f 260 293 294
f 260 294 261
f 261 294 295
f 261 295 262
f 262 295 296
f 262 296 263
f 263 296 297
f 263 297 264
f 264 297 265
f 264 265 232
f 265 298 299
f 265 299 266
f 266 299 300
f 266 300 267
f 267 300 301
f 267 301 268
f 268 301 302
f 268 302 269
f 269 302 303
f 269 303 270
f 270 303 304
f 270 304 271
f 271 304 305
f 271 305 272
f 272 305 306
f 272 306 273
f 273 306 307
f 273 307 274
f 274 307 308
f 274 308 275
f 275 308 309
f 275 309 276
f 276 309 310
f 276 310 277
f 277 310 311
f 277 311 278
f 278 311 312
f 278 312 279
f 279 312 313
f 279 313 280
f 280 313 314
f 280 314 281
f 281 314 315
f 281 315 282
f 282 315 316
f 282 316 283
f 283 316 317
f 283 317 284
f 284 317 318
f 284 318 285
f 285 318 319
f 285 319 286
f 286 319 320
f 286 320 287
f 287 320 321
f 287 321 288
f 288 321 322
f 288 322 289
f 289 322 323
f 289 323 290
f 290 323 324
f 290 324 291
f 291 324 325
f 291 325 292
f 292 325 326
f 292 326 293
f 293 326 327
f 293 327 294
f 294 327 328
f 294 328 295
f 295 328 329
f 295 329 296
f 296 329 330
f 296 330 297
f 297 330 298
f 297 298 265
f 298 331 332
f 298 332 299
f 299 332 333
f 299 333 300
f 300 333 334
f 300 334 301
f 301 334 335
f 301 335 302
f 302 335 336
f 302 336 303
f 303 336 337
f 303 337 304
f 304 337 338
f 304 338 305
f 305 338 339
f 305 339 306
f 306 339 340
f 306 340 307
f 307 340 341
f 307 341 308
f 308 341 342
f 308 342 309
f 309 342 343
f 309 343 310
f 310 343 344
f 310 344 311
f 311 344 345
f 311 345 312
f 312 345 346
f 312 346 313
f 313 346 347
f 313 347 314
f 314 347 348
f 314 348 315
f 315 348 349
f 315 349 316
f 316 349 350
f 316 350 317
f 317 350 351
f 317 351 318
f 318 351 352
f 318 352 319
f 319 352 353
f 319 353 320
f 320 353 354
f 320 354 321
f 321 354 355
f 321 355 322
f 322 355 356
f 322 356 323
f 323 356 357
f 323 357 324
f 324 357 358
f 324 358 325
f 325 358 359
f 325 359 326
f 326 359 360
f 326 360 327
f 327 360 361
f 327 361 328
f 328 361 362
f 328 362 329
f 329 362 363
f 329 363 330
f 330 363 331
f 330 331 298
f 331 364 365
f 331 365 332
f 332 365 366
f 332 366 333
f 333 366 367
f 333 367 334
f 334 367 368
f 334 368 335
f 335 368 369
f 335 369 336
f 336 369 370
f 336 370 337
f 337 370 371
f 337 371 338
f 338 371 372
f 338 372 339
f 339 372 373
f 339 373 340
f 340 373 374
f 340 374 341
f 341 374 375
f 341 375 342
f 342 375 376
f 342 376 343
f 343 376 377
f 343 377 344
f 344 377 378
f 344 378 345
f 345 378 379
f 345 379 346
f 346 379 380
f 346 380 347
f 347 380 381
f 347 381 348
f 348 381 382
f 348 382 349
f 349 382 383
f 349 383 350
f 350 383 384
f 350 384 351
f 351 384 385
f 351 385 352
f 352 385 386
f 352 386 353
f 353 386 387
f 353 387 354
f 354 387 388
f 354 388 355
f 355 388 389
f 355 389 356
f 356 389 390
f 356 390 357
f 357 390 391
f 357 391 358
f 358 391 392
f 358 392 359
f 359 392 393
f 359 393 360
f 360 393 394
f 360 394 361
f 361 394 395
f 361 395 362
f 362 395 396
f 362 396 363
f 363 396 364
f 363 364 331
f 364 397 398
f 364 398 365
f 365 398 399
f 365 399 366
f 366 399 400
f 366 400 367
f 367 400 401
f 367 401 368
f 368 401 402
f 368 402 369
f 369 402 403
f 369 403 370
f 370 403 404
f 370 404 371
f 371 404 405
f 371 405 372
f 372 405 406
f 372 406 373
f 373 406 407
f 373 407 374
f 374 407 408
f 374 408 375
f 375 408 409
f 375 409 376
f 376 409 410
f 376 410 377
f 377 410 411
f 377 411 378
f 378 411 412
f 378 412 379
f 379 412 413
f 379 413 380
f 380 413 414
f 380 414 381
f 381 414 415
f 381 415 382
f 382 415 416
f 382 416 383
f 383 416 417
f 383 417 384
f 384 417 418
f 384 418 385
f 385 418 419
f 385 419 386
f 386 419 420
f 386 420 387
f 387 420 421
f 387 421 388
f 388 421 422
f 388 422 389
f 389 422 423
f 389 423 390
f 390 423 424
f 390 424 391
f 391 424 425
f 391 425 392
f 392 425 426
f 392 426 393
f 393 426 427
f 393 427 394
f 394 427 428
f 394 428 395
f 395 428 429
f 395 429 396
f 396 429 397
f 396 397 364
f 397 430 431
f 397 431 398
f 398 431 432
f 398 432 399
f 399 432 433
f 399 433 400
f 400 433 434
f 400 434 401
f 401 434 435
f 401 435 402
f 402 435 436
f 402 436 403
f 403 436 437
f 403 437 404
f 404 437 438
f 404 438 405
f 405 438 439
f 405 439 406
f 406 439 440
f 406 440 407
f 407 440 441
f 407 441 408
f 408 441 442
f 408 442 409
f 409 442 443
f 409 443 410
f 410 443 444
f 410 444 411
f 411 444 445
f 411 445 412
f 412 445 446
f 412 446 413
f 413 446 447
f 413 447 414
f 414 447 448
f 414 448 415
f 415 448 449
f 415 449 416
f 416 449 450
f 416 450 417
f 417 450 451
f 417 451 418
f 418 451 452
f 418 452 419
f 419 452 453
f 419 453 420
f 420 453 454
f 420 454 421
f 421 454 455
f 421 455 422
f 422 455 456
f 422 456 423
f 423 456 457
f 423 457 424
f 424 457 458
f 424 458 425
f 425 458 459
f 425 459 426
f 426 459 460
f 426 460 427
f 427 460 461
f 427 461 428
f 428 461 462
f 428 462 429
f 429 462 430
f 429 430 397
f 430 463 464
f 430 464 431
f 431 464 465
f 431 465 432
f 432 465 466
f 432 466 433
f 433 466 467
f 433 467 434
f 434 467 468
f 434 468 435
f 435 468 469
f 435 469 436
f 436 469 470
f 436 470 437
f 437 470 471
f 437 471 438
f 438 471 472
f 438 472 439
f 439 472 473
f 439 473 440
f 440 473 474
f 440 474 441
f 441 474 475
f 441 475 442
f 442 475 476
f 442 476 443
f 443 476 477
f 443 477 444
f 444 477 478
f 444 478 445
f 445 478 479
f 445 479 446
f 446 479 480
f 446 480 447
f 447 480 481
f 447 481 448
f 448 481 482
f 448 482 449
f 449 482 483
f 449 483 450
f 450 483 484
f 450 484 451
f 451 484 485
f 451 485 452
f 452 485 486
f 452 486 453
f 453 486 487
f 453 487 454
f 454 487 488
f 454 488 455
f 455 488 489
f 455 489 456
f 456 489 490
f 456 490 457
f 457 490 491
f 457 491 458
f 458 491 492
f 458 492 459
f 459 492 493
f 459 493 460
f 460 493 494
f 460 494 461
f 461 494 495
f 461 495 462
f 462 495 463
f 462 463 430
f 463 496 497
f 463 497 464
f 464 497 498
f 464 498 465
f 465 498 499
f 465 499 466
f 466 499 500
f 466 500 467
f 467 500 501
f 467 501 468
f 468 501 502
f 468 502 469
f 469 502 503
f 469 503 470
f 470 503 504
f 470 504 471
f 471 504 505
f 471 505 472
f 472 505 506
f 472 506 473
f 473 506 507
f 473 507 474
f 474 507 508
f 474 508 475
f 475 508 509
f 475 509 476
f 476 509 510
f 476 510 477
f 477 510 511
f 477 511 478
f 478 511 512
f 478 512 479
f 479 512 513
f 479 513 480
f 480 513 514
f 480 514 481
f 481 514 515
f 481 515 482
f 482 515 516
f 482 516 483
f 483 516 517
f 483 517 484
f 484 517 518
f 484 518 485
f 485 518 519
f 485 519 486
f 486 519 520
f 486 520 487
f 487 520 521
f 487 521 488
f 488 521 522
f 488 522 489
f 489 522 523
f 489 523 490
f 490 523 524
f 490 524 491
f 491 524 525
f 491 525 492
f 492 525 526
f 492 526 493
f 493 526 527
f 493 527 494
f 494 527 528
f 494 528 495
f 495 528 496
f 495 496 463
f 496 529 530
f 496 530 497
f 497 530 531
f 497 531 498
f 498 531 532
f 498 532 499
f 499 532 533
f 499 533 500
f 500 533 534
f 500 534 501
f 501 534 535
f 501 535 502
f 502 535 536
f 502 536 503
f 503 536 537
f 503 537 504
f 504 537 538
f 504 538 505
f 505 538 539
f 505 539 506
f 506 539 540
f 506 540 507
f 507 540 541
f 507 541 508
f 508 541 542
f 508 542 509
f 509 542 543
f 509 543 510
f 510 543 544
f 510 544 511
f 511 544 545
f 511 545 512
f 512 545 546
f 512 546 513
f 513 546 547
f 513 547 514
f 514 547 548
f 514 548 515
f 515 548 549
f 515 549 516
f 516 549 550
f 516 550 517
f 517 550 551
f 517 551 518
f 518 551 552
f 518 552 519
f 519 552 553
f 519 553 520
f 520 553 554
f 520 554 521
f 521 554 555
f 521 555 522
f 522 555 556
f 522 556 523
f 523 556 557
f 523 557 524
f 524 557 558
f 524 558 525
f 525 558 559
f 525 559 526
f 526 559 560
f 526 560 527
f 527 560 561
f 527 561 528
f 528 561 529
f 528 529 496
f 529 562 563
f 529 563 530
f 530 563 564
f 530 564 531
f 531 564 565
f 531 565 532
f 532 565 566
f 532 566 533
f 533 566 567
f 533 567 534
f 534 567 568
f 534 568 535
f 535 568 569
f 535 569 536
f 536 569 570
f 536 570 537
f 537 570 571
f 537 571 538
f 538 571 572
f 538 572 539
f 539 572 573
f 539 573 540
f 540 573 574
f 540 574 541
f 541 574 575
f 541 575 542
f 542 575 576
f 542 576 543
f 543 576 577
f 543 577 544
f 544 577 578
f 544 578 545
f 545 578 579
f 545 579 546
f 546 579 580
f 546 580 547
f 547 580 581
f 547 581 548
f 548 581 582
f 548 582 549
f 549 582 583
f 549 583 550
f 550 583 584
f 550 584 551
f 551 584 585
f 551 585 552
f 552 585 586
f 552 586 553
f 553 586 587
f 553 587 554
f 554 587 588
f 554 588 555
f 555 588 589
f 555 589 556
f 556 589 590
f 556 590 557
f 557 590 591
f 557 591 558
f 558 591 592
f 558 592 559
f 559 592 593
f 559 593 560
f 560 593 594
f 560 594 561
f 561 594 562
f 561 562 529
f 562 595 596
f 562 596 563
f 563 596 597
f 563 597 564
f 564 597 598
f 564 598 565
f 565 598 599
f 565 599 566
f 566 599 600
f 566 600 567
f 567 600 601
f 567 601 568
f 568 601 602
f 568 602 569
f 569 602 603
f 569 603 570
f 570 603 604
f 570 604 571
f 571 604 605
f 571 605 572
f 572 605 606
f 572 606 573
f 573 606 607
f 573 607 574
f 574 607 608
f 574 608 575
f 575 608 609
f 575 609 576
f 576 609 610
f 576 610 577
f 577 610 611
f 577 611 578
f 578 611 612
f 578 612 579
f 579 612 613
f 579 613 580
f 580 613 614
f 580 614 581
f 581 614 615
f 581 615 582
f 582 615 616
f 582 616 583
f 583 616 617
f 583 617 584
f 584 617 618
f 584 618 585
f 585 618 619
f 585 619 586
f 586 619 620
f 586 620 587
f 587 620 621
f 587 621 588
f 588 621 622
f 588 622 589
f 589 622 623
f 589 623 590
f 590 623 624
f 590 624 591
f 591 624 625
f 591 625 592
f 592 625 626
f 592 626 593
f 593 626 627
f 593 627 594
f 594 627 595
f 594 595 562
f 595 628 629
f 595 629 596
f 596 629 630
f 596 630 597
f 597 630 631
f 597 631 598
f 598 631 632
f 598 632 599
f 599 632 633
f 599 633 600
f 600 633 634
f 600 634 601
f 601 634 635
f 601 635 602
f 602 635 636
f 602 636 603
f 603 636 637
f 603 637 604
f 604 637 638
f 604 638 605
f 605 638 639
f 605 639 606
f 606 639 640
f 606 640 607
f 607 640 641
f 607 641 608
f 608 641 642
f 608 642 609
f 609 642 643
f 609 643 610
f 610 643 644
f 610 644 611
f 611 644 645
f 611 645 612
f 612 645 646
f 612 646 613
f 613 646 647
f 613 647 614
f 614 647 648
f 614 648 615
f 615 648 649
f 615 649 616
f 616 649 650
f 616 650 617
f 617 650 651
f 617 651 618
f 618 651 652
f 618 652 619
f 619 652 653
f 619 653 620
f 620 653 654
f 620 654 621
f 621 654 655
f 621 655 622
f 622 655 656
f 622 656 623
f 623 656 657
f 623 657 624
f 624 657 658
f 624 658 625
f 625 658 659
f 625 659 626
f 626 659 660
f 626 660 627
f 627 660 628
f 627 628 595
f 628 661 662
f 628 662 629
f 629 662 663
f 629 663 630
f 630 663 664
f 630 664 631
f 631 664 665
f 631 665 632
f 632 665 666
f 632 666 633
f 633 666 667
f 633 667 634
f 634 667 668
f 634 668 635
f 635 668 669
f 635 669 636
f 636 669 670
f 636 670 637
f 637 670 671
f 637 671 638
f 638 671 672
f 638 672 639
f 639 672 673
f 639 673 640
f 640 673 674
f 640 674 641
f 641 674 675
f 641 675 642
f 642 675 676
f 642 676 643
f 643 676 677
f 643 677 644
f 644 677 678
f 644 678 645
f 645 678 679
f 645 679 646
f 646 679 680
f 646 680 647
f 647 680 681
f 647 681 648
f 648 681 682
f 648 682 649
f 649 682 683
f 649 683 650
f 650 683 684
f 650 684 651
f 651 684 685
f 651 685 652
f 652 685 686
f 652 686 653
f 653 686 687
f 653 687 654
f 654 687 688
f 654 688 655
f 655 688 689
f 655 689 656
f 656 689 690
f 656 690 657
f 657 690 691
f 657 691 658
f 658 691 692
f 658 692 659
f 659 692 693
f 659 693 660
f 660 693 661
f 660 661 628
f 661 694 695
f 661 695 662
f 662 695 696
f 662 696 663
f 663 696 697
f 663 697 664
f 664 697 698
f 664 698 665
f 665 698 699
f 665 699 666
f 666 699 700
f 666 700 667
f 667 700 701
f 667 701 668
f 668 701 702
f 668 702 669
f 669 702 703
f 669 703 670
f 670 703 704
f 670 704 671
f 671 704 705
f 671 705 672
f 672 705 706
f 672 706 673
f 673 706 707
f 673 707 674
f 674 707 708
f 674 708 675
f 675 708 709
f 675 709 676
f 676 709 710
f 676 710 677
f 677 710 711
f 677 711 678
f 678 711 712
f 678 712 679
f 679 712 713
f 679 713 680
f 680 713 714
f 680 714 681
f 681 714 715
f 681 715 682
f 682 715 716
f 682 716 683
f 683 716 717
f 683 717 684
f 684 717 718
f 684 718 685
f 685 718 719
f 685 719 686
f 686 719 720
f 686 720 687
f 687 720 721
f 687 721 688
f 688 721 722
f 688 722 689
f 689 722 723
f 689 723 690
f 690 723 724
f 690 724 691
f 691 724 725
f 691 725 692
f 692 725 726
f 692 726 693
f 693 726 694
f 693 694 661
f 694 727 728
f 694 728 695
f 695 728 729
f 695 729 696
f 696 729 730
f 696 730 697
f 697 730 731
f 697 731 698
f 698 731 732
f 698 732 699
f 699 732 733
f 699 733 700
f 700 733 734
f 700 734 701
f 701 734 735
f 701 735 702
f 702 735 736
f 702 736 703
f 703 736 737
f 703 737 704
f 704 737 738
f 704 738 705
f 705 738 739
f 705 739 706
f 706 739 740
f 706 740 707
f 707 740 741
f 707 741 708
f 708 741 742
f 708 742 709
f 709 742 743
f 709 743 710
f 710 743 744
f 710 744 711
f 711 744 745
f 711 745 712
f 712 745 746
f 712 746 713
f 713 746 747
f 713 747 714
f 714 747 748
f 714 748 715
f 715 748 749
f 715 749 716
f 716 749 750
f 716 750 717
f 717 750 751
f 717 751 718
f 718 751 752
f 718 752 719
f 719 752 753
f 719 753 720
f 720 753 754
f 720 754 721
f 721 754 755
f 721 755 722
f 722 755 756
f 722 756 723
f 723 756 757
f 723 757 724
f 724 757 758
f 724 758 725
f 725 758 759
f 725 759 726
f 726 759 727
f 726 727 694
f 2 760 1
f 3 760 2
f 4 760 3
f 5 760 4
f 6 760 5
f 7 760 6
f 8 760 7
f 9 760 8
f 10 760 9
f 11 760 10
f 12 760 11
f 13 760 12
f 14 760 13
f 15 760 14
f 16 760 15
f 17 760 16
f 18 760 17
f 19 760 18
f 20 760 19
f 21 760 20
f 22 760 21
f 23 760 22
f 24 760 23
f 25 760 24
f 26 760 25
f 27 760 26
f 28 760 27
f 29 760 28
f 30 760 29
f 31 760 30
f 32 760 31
f 33 760 32
f 1 760 33
f 727 761 762
f 727 762 728
f 759 758 762
f 759 762 761
f 728 762 763
f 728 763 729
f 758 757 763
f 758 763 762
f 729 763 764
f 729 764 730
f 757 756 764
f 757 764 763
f 730 764 765
f 730 765 731
f 756 755 765
f 756 765 764
f 731 765 766
f 731 766 732
f 755 754 766
f 755 766 765
f 732 766 767
f 732 767 733
f 754 753 767
f 754 767 766
f 733 767 768
f 733 768 734
f 753 752 768
f 753 768 767
f 734 768 769
f 734 769 735
f 752 751 769
f 752 769 768
f 735 769 770
f 735 770 736
f 751 750 770
f 751 770 769
f 736 770 771
f 736 771 737
f 750 749 771
f 750 771 770
f 737 771 772
f 737 772 738
f 749 748 772
f 749 772 771
f 738 772 773
f 738 773 739
f 748 747 773
f 748 773 772
f 739 773 774
f 739 774 740
f 747 746 774
f 747 774 773
f 740 774 775
f 740 775 741
f 746 745 775
f 746 775 774
f 741 775 776
f 741 776 742
f 745 744 776
f 745 776 775
f 742 776 743
f 744 743 776
f 727 759 761
f 777 810 811
f 777 811 778
f 778 811 812
f 778 812 779
f 779 812 813
f 779 813 780
f 780 813 814
f 780 814 781
f 781 814 815
f 781 815 782
f 782 815 816
f 782 816 783
f 783 816 817
f 783 817 784
f 784 817 818
f 784 818 785
f 785 818 819
f 785 819 786
f 786 819 820
f 786 820 787
f 787 820 821
f 787 821 788
f 788 821 822
f 788 822 789
f 789 822 823
f 789 823 790
f 790 823 824
f 790 824 791
f 791 824 825
f 791 825 792
f 792 825 826
f 792 826 793
f 793 826 827
f 793 827 794
f 794 827 828
f 794 828 795
f 795 828 829
f 795 829 796
f 796 829 830
f 796 830 797
f 797 830 831
f 797 831 798
f 798 831 832
f 798 832 799
f 799 832 833
f 799 833 800
f 800 833 834
f 800 834 801
f 801 834 835
f 801 835 802
f 802 835 836
f 802 836 803
f 803 836 837
f 803 837 804
f 804 837 838
f 804 838 805
f 805 838 839
f 805 839 806
f 806 839 840
f 806 840 807
f 807 840 841
f 807 841 808
f 808 841 842
f 808 842 809
f 809 842 810
f 809 810 777
f 810 843 844
f 810 844 811
f 811 844 845
f 811 845 812
f 812 845 846
f 812 846 813
f 813 846 847
f 813 847 814
f 814 847 848
f 814 848 815
f 815 848 849
f 815 849 816
f 816 849 850
f 816 850 817
f 817 850 851
f 817 851 818
f 818 851 852
f 818 852 819
f 819 852 853
f 819 853 820
f 820 853 854
f 820 854 821
f 821 854 855
f 821 855 822
f 822 855 856
f 822 856 823
f 823 856 857
f 823 857 824
f 824 857 858
f 824 858 825
f 825 858 859
f 825 859 826
f 826 859 860
f 826 860 827
f 827 860 861
f 827 861 828
f 828 861 862
f 828 862 829
f 829 862 863
f 829 863 830
f 830 863 864
f 830 864 831
f 831 864 865
f 831 865 832
f 832 865 866
f 832 866 833
f 833 866 867
f 833 867 834
f 834 867 868
f 834 868 835
f 835 868 869
f 835 869 836
f 836 869 870
f 836 870 837
f 837 870 871
f 837 871 838
f 838 871 872
f 838 872 839
f 839 872 873
f 839 873 840
f 840 873 874
f 840 874 841
f 841 874 875
f 841 875 842
f 842 875 843
f 842 843 810
f 843 876 877
f 843 877 844
f 844 877 878
f 844 878 845
f 845 878 879
f 845 879 846
f 846 879 880
f 846 880 847
f 847 880 881
f 847 881 848
f 848 881 882
f 848 882 849
f 849 882 883
f 849 883 850
f 850 883 884
f 850 884 851
f 851 884 885
f 851 885 852
f 852 885 886
f 852 886 853
f 853 886 887
f 853 887 854
f 854 887 888
f 854 888 855
f 855 888 889
f 855 889 856
f 856 889 890
f 856 890 857
f 857 890 891
f 857 891 858
f 858 891 892
f 858 892 859
f 859 892 893
f 859 893 860
f 860 893 894
f 860 894 861
f 861 894 895
f 861 895 862
f 862 895 896
f 862 896 863
f 863 896 897
f 863 897 864
f 864 897 898
f 864 898 865
f 865 898 899
f 865 899 866
f 866 899 900
f 866 900 867
f 867 900 901
f 867 901 868
f 868 901 902
f 868 902 869
f 869 902 903
f 869 903 870
f 870 903 904
f 870 904 871
f 871 904 905
f 871 905 872
f 872 905 906
f 872 906 873
f 873 906 907
f 873 907 874
f 874 907 908
f 874 908 875
f 875 908 876
f 875 876 843
f 876 909 910
f 876 910 877
f 877 910 911
f 877 911 878
f 878 911 912
f 878 912 879
f 879 912 913
f 879 913 880
f 880 913 914
f 880 914 881
f 881 914 915
f 881 915 882
f 882 915 916
f 882 916 883
f 883 916 917
f 883 917 884
f 884 917 918
f 884 918 885
f 885 918 919
f 885 919 886
f 886 919 920
f 886 920 887
f 887 920 921
f 887 921 888
f 888 921 922
f 888 922 889
f 889 922 923
f 889 923 890
f 890 923 924
f 890 924 891
f 891 924 925
f 891 925 892
f 892 925 926
f 892 926 893
f 893 926 927
f 893 927 894
f 894 927 928
f 894 928 895
f 895 928 929
f 895 929 896
f 896 929 930
f 896 930 897
f 897 930 931
f 897 931 898
f 898 931 932
f 898 932 899
f 899 932 933
f 899 933 900
f 900 933 934
f 900 934 901
f 901 934 935
f 901 935 902
f 902 935 936
f 902 936 903
f 903 936 937
f 903 937 904
f 904 937 938
f 904 938 905
f 905 938 939
f 905 939 906
f 906 939 940
f 906 940 907
f 907 940 941
f 907 941 908
f 908 941 909
f 908 909 876
f 909 942 943
f 909 943 910
f 910 943 944
f 910 944 911
f 911 944 945
f 911 945 912
f 912 945 946
f 912 946 913
f 913 946 947
f 913 947 914
f 914 947 948
f 914 948 915
f 915 948 949
f 915 949 916
f 916 949 950
f 916 950 917
f 917 950 951
f 917 951 918
f 918 951 952
f 918 952 919
f 919 952 953
f 919 953 920
f 920 953 954
f 920 954 921
f 921 954 955
f 921 955 922
f 922 955 956
f 922 956 923
f 923 956 957
f 923 957 924
f 924 957 958
f 924 958 925
f 925 958 959
f 925 959 926
f 926 959 960
f 926 960 927
f 927 960 961
f 927 961 928
f 928 961 962
f 928 962 929
f 929 962 963
f 929 963 930
f 930 963 964
f 930 964 931
f 931 964 965
f 931 965 932
f 932 965 966
f 932 966 933
f 933 966 967
f 933 967 934
f 934 967 968
f 934 968 935
f 935 968 969
f 935 969 936
f 936 969 970
f 936 970 937
f 937 970 971
f 937 971 938
f 938 971 972
f 938 972 939
f 939 972 973
f 939 973 940
f 940 973 974
f 940 974 941
f 941 974 942
f 941 942 909
f 942 975 976
f 942 976 943
f 943 976 977
f 943 977 944
f 944 977 978
f 944 978 945
f 945 978 979
f 945 979 946
f 946 979 980
f 946 980 947
f 947 980 981
f 947 981 948
f 948 981 982
f 948 982 949
f 949 982 983
f 949 983 950
f 950 983 984
f 950 984 951
f 951 984 985
f 951 985 952
f 952 985 986
f 952 986 953
f 953 986 987
f 953 987 954
f 954 987 988
f 954 988 955
f 955 988 989
f 955 989 956
f 956 989 990
f 956 990 957
f 957 990 991
f 957 991 958
f 958 991 992
f 958 992 959
f 959 992 993
f 959 993 960
f 960 993 994
f 960 994 961
f 961 994 995
f 961 995 962
f 962 995 996
f 962 996 963
f 963 996 997
f 963 997 964
f 964 997 998
f 964 998 965
f 965 998 999
f 965 999 966
f 966 999 1000
f 966 1000 967
f 967 1000 1001
f 967 1001 968
f 968 1001 1002
f 968 1002 969
f 969 1002 1003
f 969 1003 970
f 970 1003 1004
f 970 1004 971
f 971 1004 1005
f 971 1005 972
f 972 1005 1006
f 972 1006 973
f 973 1006 1007
f 973 1007 974
f 974 1007 975
f 974 975 942
f 975 1008 1009
f 975 1009 976
f 976 1009 1010
f 976 1010 977
f 977 1010 1011
f 977 1011 978
f 978 1011 1012
f 978 1012 979
f 979 1012 1013
f 979 1013 980
f 980 1013 1014
f 980 1014 981
f 981 1014 1015
f 981 1015 982
f 982 1015 1016
f 982 1016 983
f 983 1016 1017
f 983 1017 984
f 984 1017 1018
f 984 1018 985
f 985 1018 1019
f 985 1019 986
f 986 1019 1020
f 986 1020 987
f 987 1020 1021
f 987 1021 988
f 988 1021 1022
f 988 1022 989
f 989 1022 1023
f 989 1023 990
f 990 1023 1024
f 990 1024 991
f 991 1024 1025
f 991 1025 992
f 992 1025 1026
f 992 1026 993
f 993 1026 1027
f 993 1027 994
f 994 1027 1028
f 994 1028 995
f 995 1028 1029
f 995 1029 996
f 996 1029 1030
f 996 1030 997
f 997 1030 1031
f 997 1031 998
f 998 1031 1032
f 998 1032 999
f 999 1032 1033
f 999 1033 1000
f 1000 1033 1034
f 1000 1034 1001
f 1001 1034 1035
f 1001 1035 1002
f 1002 1035 1036
f 1002 1036 1003
f 1003 1036 1037
f 1003 1037 1004
f 1004 1037 1038
f 1004 1038 1005
f 1005 1038 1039
f 1005 1039 1006
f 1006 1039 1040
f 1006 1040 1007
f 1007 1040 1008
f 1007 1008 975
f 1008 1041 1042
f 1008 1042 1009
f 1009 1042 1043
f 1009 1043 1010
f 1010 1043 1044
f 1010 1044 1011
f 1011 1044 1045
f 1011 1045 1012
f 1012 1045 1046
f 1012 1046 1013
f 1013 1046 1047
f 1013 1047 1014
f 1014 1047 1048
f 1014 1048 1015
f 1015 1048 1049
f 1015 1049 1016
f 1016 1049 1050
f 1016 1050 1017
f 1017 1050 1051
f 1017 1051 1018
f 1018 1051 1052
f 1018 1052 1019
f 1019 1052 1053
f 1019 1053 1020
f 1020 1053 1054
f 1020 1054 1021
f 1021 1054 1055
f 1021 1055 1022
f 1022 1055 1056
f 1022 1056 1023
f 1023 1056 1057
f 1023 1057 1024
f 1024 1057 1058
f 1024 1058 1025
f 1025 1058 1059
f 1025 1059 1026
f 1026 1059 1060
f 1026 1060 1027
f 1027 1060 1061
f 1027 1061 1028
f 1028 1061 1062
f 1028 1062 1029
f 1029 1062 1063
f 1029 1063 1030
f 1030 1063 1064
f 1030 1064 1031
f 1031 1064 1065
f 1031 1065 1032
f 1032 1065 1066
f 1032 1066 1033
f 1033 1066 1067
f 1033 1067 1034
f 1034 1067 1068
f 1034 1068 1035
f 1035 1068 1069
f 1035 1069 1036
f 1036 1069 1070
f 1036 1070 1037
f 1037 1070 1071
f 1037 1071 1038
f 1038 1071 1072
f 1038 1072 1039
f 1039 1072 1073
f 1039 1073 1040
f 1040 1073 1041
f 1040 1041 1008
f 1041 1074 1075
f 1041 1075 1042
f 1042 1075 1076
f 1042 1076 1043
f 1043 1076 1077
f 1043 1077 1044
f 1044 1077 1078
f 1044 1078 1045
f 1045 1078 1079
f 1045 1079 1046
f 1046 1079 1080
f 1046 1080 1047
f 1047 1080 1081
f 1047 1081 1048
f 1048 1081 1082
f 1048 1082 1049
f 1049 1082 1083
f 1049 1083 1050
f 1050 1083 1084
f 1050 1084 1051
f 1051 1084 1085
f 1051 1085 1052
f 1052 1085 1086
f 1052 1086 1053
f 1053 1086 1087
f 1053 1087 1054
f 1054 1087 1088
f 1054 1088 1055
f 1055 1088 1089
f 1055 1089 1056
f 1056 1089 1090
f 1056 1090 1057
f 1057 1090 1091
f 1057 1091 1058
f 1058 1091 1092
f 1058 1092 1059
f 1059 1092 1093
f 1059 1093 1060
f 1060 1093 1094
f 1060 1094 1061
f 1061 1094 1095
f 1061 1095 1062
f 1062 1095 1096
f 1062 1096 1063
f 1063 1096 1097
f 1063 1097 1064
f 1064 1097 1098
f 1064 1098 1065
f 1065 1098 1099
f 1065 1099 1066
f 1066 1099 1100
f 1066 1100 1067
f 1067 1100 1101
f 1067 1101 1068
f 1068 1101 1102
f 1068 1102 1069
f 1069 1102 1103
f 1069 1103 1070
f 1070 1103 1104
f 1070 1104 1071
f 1071 1104 1105
f 1071 1105 1072
f 1072 1105 1106
f 1072 1106 1073
f 1073 1106 1074
f 1073 1074 1041
f 1074 1107 1108
f 1074 1108 1075
f 1075 1108 1109
f 1075 1109 1076
f 1076 1109 1110
f 1076 1110 1077
f 1077 1110 1111
f 1077 1111 1078
f 1078 1111 1112
f 1078 1112 1079
f 1079 1112 1113
f 1079 1113 1080
f 1080 1113 1114
f 1080 1114 1081
f 1081 1114 1115
f 1081 1115 1082
f 1082 1115 1116
f 1082 1116 1083
f 1083 1116 1117
f 1083 1117 1084
f 1084 1117 1118
f 1084 1118 1085
f 1085 1118 1119
f 1085 1119 1086
f 1086 1119 1120
f 1086 1120 1087
f 1087 1120 1121
f 1087 1121 1088
f 1088 1121 1122
f 1088 1122 1089
f 1089 1122 1123
f 1089 1123 1090
f 1090 1123 1124
f 1090 1124 1091
f 1091 1124 1125
f 1091 1125 1092
f 1092 1125 1126
f 1092 1126 1093
f 1093 1126 1127
f 1093 1127 1094
f 1094 1127 1128
f 1094 1128 1095
f 1095 1128 1129
f 1095 1129 1096
f 1096 1129 1130
f 1096 1130 1097
f 1097 1130 1131
f 1097 1131 1098
f 1098 1131 1132
f 1098 1132 1099
f 1099 1132 1133
f 1099 1133 1100
f 1100 1133 1134
f 1100 1134 1101
f 1101 1134 1135
f 1101 1135 1102
f 1102 1135 1136
f 1102 1136 1103
f 1103 1136 1137
f 1103 1137 1104
f 1104 1137 1138
f 1104 1138 1105
f 1105 1138 1139
f 1105 1139 1106
f 1106 1139 1107
f 1106 1107 1074
f 1107 1140 1141
f 1107 1141 1108
f 1108 1141 1142
f 1108 1142 1109
f 1109 1142 1143
f 1109 1143 1110
f 1110 1143 1144
f 1110 1144 1111
f 1111 1144 1145
f 1111 1145 1112
f 1112 1145 1146
f 1112 1146 1113
f 1113 1146 1147
f 1113 1147 1114
f 1114 1147 1148
f 1114 1148 1115
f 1115 1148 1149
f 1115 1149 1116
f 1116 1149 1150
f 1116 1150 1117
f 1117 1150 1151
f 1117 1151 1118
f 1118 1151 1152
f 1118 1152 1119
f 1119 1152 1153
f 1119 1153 1120
f 1120 1153 1154
f 1120 1154 1121
f 1121 1154 1155
f 1121 1155 1122
f 1122 1155 1156
f 1122 1156 1123
f 1123 1156 1157
f 1123 1157 1124
f 1124 1157 1158
f 1124 1158 1125
f 1125 1158 1159
f 1125 1159 1126
f 1126 1159 1160
f 1126 1160 1127
f 1127 1160 1161
f 1127 1161 1128
f 1128 1161 1162
f 1128 1162 1129
f 1129 1162 1163
f 1129 1163 1130
f 1130 1163 1164
f 1130 1164 1131
f 1131 1164 1165
f 1131 1165 1132
f 1132 1165 1166
f 1132 1166 1133
f 1133 1166 1167
f 1133 1167 1134
f 1134 1167 1168
f 1134 1168 1135
f 1135 1168 1169
f 1135 1169 1136
f 1136 1169 1170
f 1136 1170 1137
f 1137 1170 1171
f 1137 1171 1138
f 1138 1171 1172
f 1138 1172 1139
f 1139 1172 1140
f 1139 1140 1107
f 1140 1173 1174
f 1140 1174 1141
f 1141 1174 1175
f 1141 1175 1142
f 1142 1175 1176
f 1142 1176 1143
f 1143 1176 1177
f 1143 1177 1144
f 1144 1177 1178
f 1144 1178 1145
f 1145 1178 1179
f 1145 1179 1146
f 1146 1179 1180
f 1146 1180 1147
f 1147 1180 1181
f 1147 1181 1148
f 1148 1181 1182
f 1148 1182 1149
f 1149 1182 1183
f 1149 1183 1150
f 1150 1183 1184
f 1150 1184 1151
f 1151 1184 1185
f 1151 1185 1152
f 1152 1185 1186
f 1152 1186 1153
f 1153 1186 1187
f 1153 1187 1154
f 1154 1187 1188
f 1154 1188 1155
f 1155 1188 1189
f 1155 1189 1156
f 1156 1189 1190
f 1156 1190 1157
f 1157 1190 1191
f 1157 1191 1158
f 1158 1191 1192
f 1158 1192 1159
f 1159 1192 1193
f 1159 1193 1160
f 1160 1193 1194
f 1160 1194 1161
f 1161 1194 1195
f 1161 1195 1162
f 1162 1195 1196
f 1162 1196 1163
f 1163 1196 1197
f 1163 1197 1164
f 1164 1197 1198
f 1164 1198 1165
f 1165 1198 1199
f 1165 1199 1166
f 1166 1199 1200
f 1166 1200 1167
f 1167 1200 1201
f 1167 1201 1168
f 1168 1201 1202
f 1168 1202 1169
f 1169 1202 1203
f 1169 1203 1170
f 1170 1203 1204
f 1170 1204 1171
f 1171 1204 1205
f 1171 1205 1172
f 1172 1205 1173
f 1172 1173 1140
f 1173 1206 1207
f 1173 1207 1174
f 1174 1207 1208
f 1174 1208 1175
f 1175 1208 1209
f 1175 1209 1176
f 1176 1209 1210
f 1176 1210 1177
f 1177 1210 1211
f 1177 1211 1178
f 1178 1211 1212
f 1178 1212 1179
f 1179 1212 1213
f 1179 1213 1180
f 1180 1213 1214
f 1180 1214 1181
f 1181 1214 1215
f 1181 1215 1182
f 1182 1215 1216
f 1182 1216 1183
f 1183 1216 1217
f 1183 1217 1184
f 1184 1217 1218
f 1184 1218 1185
f 1185 1218 1219
f 1185 1219 1186
f 1186 1219 1220
f 1186 1220 1187
f 1187 1220 1221
f 1187 1221 1188
f 1188 1221 1222
f 1188 1222 1189
f 1189 1222 1223
f 1189 1223 1190
f 1190 1223 1224
f 1190 1224 1191
f 1191 1224 1225
f 1191 1225 1192
f 1192 1225 1226
f 1192 1226 1193
f 1193 1226 1227
f 1193 1227 1194
f 1194 1227 1228
f 1194 1228 1195
f 1195 1228 1229
f 1195 1229 1196
f 1196 1229 1230
f 1196 1230 1197
f 1197 1230 1231
f 1197 1231 1198
f 1198 1231 1232
f 1198 1232 1199
f 1199 1232 1233
f 1199 1233 1200
f 1200 1233 1234
f 1200 1234 1201
f 1201 1234 1235
f 1201 1235 1202
f 1202 1235 1236
f 1202 1236 1203
f 1203 1236 1237
f 1203 1237 1204
f 1204 1237 1238
f 1204 1238 1205
f 1205 1238 1206
f 1205 1206 1173
f 1206 1239 1240
f 1206 1240 1207
f 1207 1240 1241
f 1207 1241 1208
f 1208 1241 1242
f 1208 1242 1209
f 1209 1242 1243
f 1209 1243 1210
f 1210 1243 1244
f 1210 1244 1211
f 1211 1244 1245
f 1211 1245 1212
f 1212 1245 1246
f 1212 1246 1213
f 1213 1246 1247
f 1213 1247 1214
f 1214 1247 1248
f 1214 1248 1215
f 1215 1248 1249
f 1215 1249 1216
f 1216 1249 1250
f 1216 1250 1217
f 1217 1250 1251
f 1217 1251 1218
f 1218 1251 1252
f 1218 1252 1219
f 1219 1252 1253
f 1219 1253 1220
f 1220 1253 1254
f 1220 1254 1221
f 1221 1254 1255
f 1221 1255 1222
f 1222 1255 1256
f 1222 1256 1223
f 1223 1256 1257
f 1223 1257 1224
f 1224 1257 1258
f 1224 1258 1225
f 1225 1258 1259
f 1225 1259 1226
f 1226 1259 1260
f 1226 1260 1227
f 1227 1260 1261
f 1227 1261 1228
f 1228 1261 1262
f 1228 1262 1229
f 1229 1262 1263
f 1229 1263 1230
f 1230 1263 1264
f 1230 1264 1231
f 1231 1264 1265
f 1231 1265 1232
f 1232 1265 1266
f 1232 1266 1233
f 1233 1266 1267
f 1233 1267 1234
f 1234 1267 1268
f 1234 1268 1235
f 1235 1268 1269
f 1235 1269 1236
f 1236 1269 1270
f 1236 1270 1237
f 1237 1270 1271
f 1237 1271 1238
f 1238 1271 1239
f 1238 1239 1206
f 1239 1272 1273
f 1239 1273 1240
f 1240 1273 1274
f 1240 1274 1241
f 1241 1274 1275
f 1241 1275 1242
f 1242 1275 1276
f 1242 1276 1243
f 1243 1276 1277
f 1243 1277 1244
f 1244 1277 1278
f 1244 1278 1245
f 1245 1278 1279
f 1245 1279 1246
f 1246 1279 1280
f 1246 1280 1247
f 1247 1280 1281
f 1247 1281 1248
f 1248 1281 1282
f 1248 1282 1249
f 1249 1282 1283
f 1249 1283 1250
f 1250 1283 1284
f 1250 1284 1251
f 1251 1284 1285
f 1251 1285 1252
f 1252 1285 1286
f 1252 1286 1253
f 1253 1286 1287
f 1253 1287 1254
f 1254 1287 1288
f 1254 1288 1255
f 1255 1288 1289
f 1255 1289 1256
f 1256 1289 1290
f 1256 1290 1257
f 1257 1290 1291
f 1257 1291 1258
f 1258 1291 1292
f 1258 1292 1259
f 1259 1292 1293
f 1259 1293 1260
f 1260 1293 1294
f 1260 1294 1261
f 1261 1294 1295
f 1261 1295 1262
f 1262 1295 1296
f 1262 1296 1263
f 1263 1296 1297
f 1263 1297 1264
f 1264 1297 1298
f 1264 1298 1265
f 1265 1298 1299
f 1265 1299 1266
f 1266 1299 1300
f 1266 1300 1267
f 1267 1300 1301
f 1267 1301 1268
f 1268 1301 1302
f 1268 1302 1269
f 1269 1302 1303
f 1269 1303 1270
f 1270 1303 1304
f 1270 1304 1271
f 1271 1304 1272
f 1271 1272 1239
f 1272 1305 1306
f 1272 1306 1273
f 1273 1306 1307
f 1273 1307 1274
f 1274 1307 1308
f 1274 1308 1275
f 1275 1308 1309
f 1275 1309 1276
f 1276 1309 1310
f 1276 1310 1277
f 1277 1310 1311
f 1277 1311 1278
f 1278 1311 1312
f 1278 1312 1279
f 1279 1312 1313
f 1279 1313 1280
f 1280 1313 1314
f 1280 1314 1281
f 1281 1314 1315
f 1281 1315 1282
f 1282 1315 1316
f 1282 1316 1283
f 1283 1316 1317
f 1283 1317 1284
f 1284 1317 1318
f 1284 1318 1285
f 1285 1318 1319
f 1285 1319 1286
f 1286 1319 1320
f 1286 1320 1287
f 1287 1320 1321
f 1287 1321 1288
f 1288 1321 1322
f 1288 1322 1289
f 1289 1322 1323
f 1289 1323 1290
f 1290 1323 1324
f 1290 1324 1291
f 1291 1324 1325
f 1291 1325 1292
f 1292 1325 1326
f 1292 1326 1293
f 1293 1326 1327
f 1293 1327 1294
f 1294 1327 1328
f 1294 1328 1295
f 1295 1328 1329
f 1295 1329 1296
f 1296 1329 1330
f 1296 1330 1297
f 1297 1330 1331
f 1297 1331 1298
f 1298 1331 1332
f 1298 1332 1299
f 1299 1332 1333
f 1299 1333 1300
f 1300 1333 1334
f 1300 1334 1301
f 1301 1334 1335
f 1301 1335 1302
f 1302 1335 1336
f 1302 1336 1303
f 1303 1336 1337
f 1303 1337 1304
f 1304 1337 1305
f 1304 1305 1272
f 1305 1338 1339
f 1305 1339 1306
f 1306 1339 1340
f 1306 1340 1307
f 1307 1340 1341
f 1307 1341 1308
f 1308 1341 1342
f 1308 1342 1309
f 1309 1342 1343
f 1309 1343 1310
f 1310 1343 1344
f 1310 1344 1311
f 1311 1344 1345
f 1311 1345 1312
f 1312 1345 1346
f 1312 1346 1313
f 1313 1346 1347
f 1313 1347 1314
f 1314 1347 1348
f 1314 1348 1315
f 1315 1348 1349
f 1315 1349 1316
f 1316 1349 1350
f 1316 1350 1317
f 1317 1350 1351
f 1317 1351 1318
f 1318 1351 1352
f 1318 1352 1319
f 1319 1352 1353
f 1319 1353 1320
f 1320 1353 1354
f 1320 1354 1321
f 1321 1354 1355
f 1321 1355 1322
f 1322 1355 1356
f 1322 1356 1323
f 1323 1356 1357
f 1323 1357 1324
f 1324 1357 1358
f 1324 1358 1325
f 1325 1358 1359
f 1325 1359 1326
f 1326 1359 1360
f 1326 1360 1327
f 1327 1360 1361
f 1327 1361 1328
f 1328 1361 1362
f 1328 1362 1329
f 1329 1362 1363
f 1329 1363 1330
f 1330 1363 1364
f 1330 1364 1331
f 1331 1364 1365
f 1331 1365 1332
f 1332 1365 1366
f 1332 1366 1333
f 1333 1366 1367
f 1333 1367 1334
f 1334 1367 1368
f 1334 1368 1335
f 1335 1368 1369
f 1335 1369 1336
f 1336 1369 1370
f 1336 1370 1337
f 1337 1370 1338
f 1337 1338 1305
f 1338 1371 1372
f 1338 1372 1339
f 1339 1372 1373
f 1339 1373 1340
f 1340 1373 1374
f 1340 1374 1341
f 1341 1374 1375
f 1341 1375 1342
f 1342 1375 1376
f 1342 1376 1343
f 1343 1376 1377
f 1343 1377 1344
f 1344 1377 1378
f 1344 1378 1345
f 1345 1378 1379
f 1345 1379 1346
f 1346 1379 1380
f 1346 1380 1347
f 1347 1380 1381
f 1347 1381 1348
f 1348 1381 1382
f 1348 1382 1349
f 1349 1382 1383
f 1349 1383 1350
f 1350 1383 1384
f 1350 1384 1351
f 1351 1384 1385
f 1351 1385 1352
f 1352 1385 1386
f 1352 1386 1353
f 1353 1386 1387
f 1353 1387 1354
f 1354 1387 1388
f 1354 1388 1355
f 1355 1388 1389
f 1355 1389 1356
f 1356 1389 1390
f 1356 1390 1357
f 1357 1390 1391
f 1357 1391 1358
f 1358 1391 1392
f 1358 1392 1359
f 1359 1392 1393
f 1359 1393 1360
f 1360 1393 1394
f 1360 1394 1361
f 1361 1394 1395
f 1361 1395 1362
f 1362 1395 1396
f 1362 1396 1363
f 1363 1396 1397
f 1363 1397 1364
f 1364 1397 1398
f 1364 1398 1365
f 1365 1398 1399
f 1365 1399 1366
f 1366 1399 1400
f 1366 1400 1367
f 1367 1400 1401
f 1367 1401 1368
f 1368 1401 1402
f 1368 1402 1369
f 1369 1402 1403
f 1369 1403 1370
f 1370 1403 1371
f 1370 1371 1338
f 1371 1404 1405
f 1371 1405 1372
f 1372 1405 1406
f 1372 1406 1373
f 1373 1406 1407
f 1373 1407 1374
f 1374 1407 1408
f 1374 1408 1375
f 1375 1408 1409
f 1375 1409 1376
f 1376 1409 1410
f 1376 1410 1377
f 1377 1410 1411
f 1377 1411 1378
f 1378 1411 1412
f 1378 1412 1379
f 1379 1412 1413
f 1379 1413 1380
f 1380 1413 1414
f 1380 1414 1381
f 1381 1414 1415
f 1381 1415 1382
f 1382 1415 1416
f 1382 1416 1383
f 1383 1416 1417
f 1383 1417 1384
f 1384 1417 1418
f 1384 1418 1385
f 1385 1418 1419
f 1385 1419 1386
f 1386 1419 1420
f 1386 1420 1387
f 1387 1420 1421
f 1387 1421 1388
f 1388 1421 1422
f 1388 1422 1389
f 1389 1422 1423
f 1389 1423 1390
f 1390 1423 1424
f 1390 1424 1391
f 1391 1424 1425
f 1391 1425 1392
f 1392 1425 1426
f 1392 1426 1393
f 1393 1426 1427
f 1393 1427 1394
f 1394 1427 1428
f 1394 1428 1395
f 1395 1428 1429
f 1395 1429 1396
f 1396 1429 1430
f 1396 1430 1397
f 1397 1430 1431
f 1397 1431 1398
f 1398 1431 1432
f 1398 1432 1399
f 1399 1432 1433
f 1399 1433 1400
f 1400 1433 1434
f 1400 1434 1401
f 1401 1434 1435
f 1401 1435 1402
f 1402 1435 1436
f 1402 1436 1403
f 1403 1436 1404
f 1403 1404 1371
f 1404 1437 1438
f 1404 1438 1405
f 1405 1438 1439
f 1405 1439 1406
f 1406 1439 1440
f 1406 1440 1407
f 1407 1440 1441
f 1407 1441 1408
f 1408 1441 1442
f 1408 1442 1409
f 1409 1442 1443
f 1409 1443 1410
f 1410 1443 1444
f 1410 1444 1411
f 1411 1444 1445
f 1411 1445 1412
f 1412 1445 1446
f 1412 1446 1413
f 1413 1446 1447
f 1413 1447 1414
f 1414 1447 1448
f 1414 1448 1415
f 1415 1448 1449
f 1415 1449 1416
f 1416 1449 1450
f 1416 1450 1417
f 1417 1450 1451
f 1417 1451 1418
f 1418 1451 1452
f 1418 1452 1419
f 1419 1452 1453
f 1419 1453 1420
f 1420 1453 1454
f 1420 1454 1421
f 1421 1454 1455
f 1421 1455 1422
f 1422 1455 1456
f 1422 1456 1423
f 1423 1456 1457
f 1423 1457 1424
f 1424 1457 1458
f 1424 1458 1425
f 1425 1458 1459
f 1425 1459 1426
f 1426 1459 1460
f 1426 1460 1427
f 1427 1460 1461
f 1427 1461 1428
f 1428 1461 1462
f 1428 1462 1429
f 1429 1462 1463
f 1429 1463 1430
f 1430 1463 1464
f 1430 1464 1431
f 1431 1464 1465
f 1431 1465 1432
f 1432 1465 1466
f 1432 1466 1433
f 1433 1466 1467
f 1433 1467 1434
f 1434 1467 1468
f 1434 1468 1435
f 1435 1468 1469
f 1435 1469 1436
f 1436 1469 1437
f 1436 1437 1404
f 1437 1470 1471
f 1437 1471 1438
f 1438 1471 1472
f 1438 1472 1439
f 1439 1472 1473
f 1439 1473 1440
f 1440 1473 1474
f 1440 1474 1441
f 1441 1474 1475
f 1441 1475 1442
f 1442 1475 1476
f 1442 1476 1443
f 1443 1476 1477
f 1443 1477 1444
f 1444 1477 1478
f 1444 1478 1445
f 1445 1478 1479
f 1445 1479 1446
f 1446 1479 1480
f 1446 1480 1447
f 1447 1480 1481
f 1447 1481 1448
f 1448 1481 1482
f 1448 1482 1449
f 1449 1482 1483
f 1449 1483 1450
f 1450 1483 1484
f 1450 1484 1451
f 1451 1484 1485
f 1451 1485 1452
f 1452 1485 1486
f 1452 1486 1453
f 1453 1486 1487
f 1453 1487 1454
f 1454 1487 1488
f 1454 1488 1455
f 1455 1488 1489
f 1455 1489 1456
f 1456 1489 1490
f 1456 1490 1457
f 1457 1490 1491
f 1457 1491 1458
f 1458 1491 1492
f 1458 1492 1459
f 1459 1492 1493
f 1459 1493 1460
f 1460 1493 1494
f 1460 1494 1461
f 1461 1494 1495
f 1461 1495 1462
f 1462 1495 1496
f 1462 1496 1463
f 1463 1496 1497
f 1463 1497 1464
f 1464 1497 1498
f 1464 1498 1465
f 1465 1498 1499
f 1465 1499 1466
f 1466 1499 1500
f 1466 1500 1467
f 1467 1500 1501
f 1467 1501 1468
f 1468 1501 1502
f 1468 1502 1469
f 1469 1502 1470
f 1469 1470 1437
f 1470 1503 1504
f 1470 1504 1471
f 1471 1504 1505
f 1471 1505 1472
f 1472 1505 1506
f 1472 1506 1473
f 1473 1506 1507
f 1473 1507 1474
f 1474 1507 1508
f 1474 1508 1475
f 1475 1508 1509
f 1475 1509 1476
f 1476 1509 1510
f 1476 1510 1477
f 1477 1510 1511
f 1477 1511 1478
f 1478 1511 1512
f 1478 1512 1479
f 1479 1512 1513
f 1479 1513 1480
f 1480 1513 1514
f 1480 1514 1481
f 1481 1514 1515
f 1481 1515 1482
f 1482 1515 1516
f 1482 1516 1483
f 1483 1516 1517
f 1483 1517 1484
f 1484 1517 1518
f 1484 1518 1485
f 1485 1518 1519
f 1485 1519 1486
f 1486 1519 1520
f 1486 1520 1487
f 1487 1520 1521
f 1487 1521 1488
f 1488 1521 1522
f 1488 1522 1489
f 1489 1522 1523
f 1489 1523 1490
f 1490 1523 1524
f 1490 1524 1491
f 1491 1524 1525
f 1491 1525 1492
f 1492 1525 1526
f 1492 1526 1493
f 1493 1526 1527
f 1493 1527 1494
f 1494 1527 1528
f 1494 1528 1495
f 1495 1528 1529
f 1495 1529 1496
f 1496 1529 1530
f 1496 1530 1497
f 1497 1530 1531
f 1497 1531 1498
f 1498 1531 1532
f 1498 1532 1499
f 1499 1532 1533
f 1499 1533 1500
f 1500 1533 1534
f 1500 1534 1501
f 1501 1534 1535
f 1501 1535 1502
f 1502 1535 1503
f 1502 1503 1470
f 778 1536 777
f 779 1536 778
f 780 1536 779
f 781 1536 780
f 782 1536 781
f 783 1536 782
f 784 1536 783
f 785 1536 784
f 786 1536 785
f 787 1536 786
f 788 1536 787
f 789 1536 788
f 790 1536 789
f 791 1536 790
f 792 1536 791
f 793 1536 792
f 794 1536 793
f 795 1536 794
f 796 1536 795
f 797 1536 796
f 798 1536 797
f 799 1536 798
f 800 1536 799
f 801 1536 800
f 802 1536 801
f 803 1536 802
f 804 1536 803
f 805 1536 804
f 806 1536 805
f 807 1536 806
f 808 1536 807
f 809 1536 808
f 777 1536 809
f 1503 1537 1538
f 1503 1538 1504
f 1535 1534 1538
f 1535 1538 1537
f 1504 1538 1539
f 1504 1539 1505
f 1534 1533 1539
f 1534 1539 1538
f 1505 1539 1540
f 1505 1540 1506
f 1533 1532 1540
f 1533 1540 1539
f 1506 1540 1541
f 1506 1541 1507
f 1532 1531 1541
f 1532 1541 1540
f 1507 1541 1542
f 1507 1542 1508
f 1531 1530 1542
f 1531 1542 1541
f 1508 1542 1543
f 1508 1543 1509
f 1530 1529 1543
f 1530 1543 1542
f 1509 1543 1544
f 1509 1544 1510
f 1529 1528 1544
f 1529 1544 1543
f 1510 1544 1545
f 1510 1545 1511
f 1528 1527 1545
f 1528 1545 1544
f 1511 1545 1546
f 1511 1546 1512
f 1527 1526 1546
f 1527 1546 1545
f 1512 1546 1547
f 1512 1547 1513
f 1526 1525 1547
f 1526 1547 1546
f 1513 1547 1548
f 1513 1548 1514
f 1525 1524 1548
f 1525 1548 1547
f 1514 1548 1549
f 1514 1549 1515
f 1524 1523 1549
f 1524 1549 1548
f 1515 1549 1550
f 1515 1550 1516
f 1523 1522 1550
f 1523 1550 1549
f 1516 1550 1551
f 1516 1551 1517
f 1522 1521 1551
f 1522 1551 1550
f 1517 1551 1552
f 1517 1552 1518
f 1521 1520 1552
f 1521 1552 1551
f 1518 1552 1519
f 1520 1519 1552
f 1503 1535 1537
