                                                                        S      1
1H,,1H;,,                                                               G      1
39H\\10.49.32.64\rhino_jobs\mwig_s3_xz.igs,                             G      2
26HRhinoceros ( Feb 27 2023 ),31HTrout Lake IGES 012 Feb 27 2023,       G      3
32,38,6,308,15,                                                         G      4
,                                                                       G      5
1.0D0,2,2HMM,1,0.254D0,13H230504.140740,                                G      6
0.001D0,                                                                G      7
0.8418370000000008D0,                                                   G      8
4Hmaaf,                                                                 G      9
3Hdtu,                                                                  G     10
10,0,13H230504.140740;                                                  G     11
     314       1       0       0       0       0       0       000000200D      1
     314       0       1       1       0       0       0   COLOR       0D      2
     406       2       0       0       1       0       0       000000300D      3
     406       0      -1       1       3       0       0LEVELDEF       0D      4
     406       3       0       0       0       0       0       000010300D      5
     406       0       0       1      15       0       0 NAMETXT       0D      6
     128       4       0       0       1       0       0       000010000D      7
     128       0      -1    2485       0       0       0 TrimSrf       0D      8
     126    2489       0       0       1       0       0       000010500D      9
     126       0      -1      16       0       0       0 TrimBnd       1D     10
     126    2505       0       0       1       0       0       000010500D     11
     126       0      -1       6       1       0       0 TrimBnd       2D     12
     126    2511       0       0       1       0       0       000010500D     13
     126       0      -1       5       1       0       0 TrimBnd       3D     14
     126    2516       0       0       1       0       0       000010500D     15
     126       0      -1       4       1       0       0 TrimBnd       4D     16
     102    2520       0       0       1       0       0       000010500D     17
     102       0      -1       1       0       0       02D CURVE       0D     18
     126    2521       0       0       1       0       0       000010000D     19
     126       0      -1      13       0       0       0 TrimBnd       1D     20
     126    2534       0       0       1       0       0       000010000D     21
     126       0      -1      39       0       0       0 TrimBnd       2D     22
     126    2573       0       0       1       0       0       000010000D     23
     126       0      -1      73       1       0       0 TrimBnd       3D     24
     126    2646       0       0       1       0       0       000010000D     25
     126       0      -1      39       0       0       0 TrimBnd       4D     26
     102    2685       0       0       1       0       0       000010000D     27
     102       0      -1       1       0       0       03D CURVE       0D     28
     142    2686       0       0       1       0       0       000010000D     29
     142       0      -1       1       0       0       0 TrimBnd       1D     30
     144    2687       0       0       1       0       0       000000000D     31
     144       0      -1       1       0       0       0 TrimSrf       0D     32
     406    2688       0       0       0       0       0       000010300D     33
     406       0       0       1      15       0       0 NAMETXT       0D     34
     128    2689       0       0       1       0       0       000010000D     35
     128       0      -1    2727       0       0       0 TrimSrf       0D     36
     126    5416       0       0       1       0       0       000010500D     37
     126       0      -1       4       1       0       0 TrimBnd       1D     38
     126    5420       0       0       1       0       0       000010500D     39
     126       0      -1       5       1       0       0 TrimBnd       2D     40
     126    5425       0       0       1       0       0       000010500D     41
     126       0      -1       6       1       0       0 TrimBnd       3D     42
     126    5431       0       0       1       0       0       000010500D     43
     126       0      -1      17       0       0       0 TrimBnd       4D     44
     102    5448       0       0       1       0       0       000010500D     45
     102       0      -1       1       0       0       02D CURVE       0D     46
     126    5449       0       0       1       0       0       000010000D     47
     126       0      -1      40       0       0       0 TrimBnd       1D     48
     126    5489       0       0       1       0       0       000010000D     49
     126       0      -1      74       1       0       0 TrimBnd       2D     50
     126    5563       0       0       1       0       0       000010000D     51
     126       0      -1      36       0       0       0 TrimBnd       3D     52
     126    5599       0       0       1       0       0       000010000D     53
     126       0      -1      14       0       0       0 TrimBnd       4D     54
     102    5613       0       0       1       0       0       000010000D     55
     102       0      -1       1       0       0       03D CURVE       0D     56
     142    5614       0       0       1       0       0       000010000D     57
     142       0      -1       1       0       0       0 TrimBnd       1D     58
     144    5615       0       0       1       0       0       000000000D     59
     144       0      -1       1       0       0       0 TrimSrf       0D     60
314,0.0,0.0,0.0,20HRGB(   0,   0,   0 );                         0000001P      1
406,2,1,7HDefault;                                               0000003P      2
406,1,7HTrimSrf;                                                 0000005P      3
128,59,29,3,3,0,0,1,0,0,0.0D0,0.0D0,0.0D0,0.0D0,                 0000007P      4
0.01544152841589728D0,0.03088305683179456D0,                     0000007P      5
0.04632458524769183D0,0.06176611366358911D0,                     0000007P      6
0.07720764207948638D0,0.09264917049538367D0,0.108090698911281D0, 0000007P      7
0.1235322273271782D0,0.1389737557430755D0,0.1544152841589728D0,  0000007P      8
0.1698568125748701D0,0.1852983409907673D0,0.2007398694066646D0,  0000007P      9
0.2161813978225619D0,0.2316229262384592D0,0.2470644546543564D0,  0000007P     10
0.2625059830702537D0,0.277947511486151D0,0.2933890399020483D0,   0000007P     11
0.3088305683179455D0,0.3242720967338428D0,0.3397136251497401D0,  0000007P     12
0.3551551535656374D0,0.3705966819815347D0,0.386038210397432D0,   0000007P     13
0.4014797388133292D0,0.4169212672292265D0,0.4323627956451238D0,  0000007P     14
0.447804324061021D0,0.4632458524769183D0,0.4786873808928156D0,   0000007P     15
0.4941289093087128D0,0.5095704377246102D0,0.5250119661405075D0,  0000007P     16
0.5404534945564047D0,0.555895022972302D0,0.5713365513881993D0,   0000007P     17
0.5867780798040965D0,0.6022196082199938D0,0.6176611366358911D0,  0000007P     18
0.6331026650517884D0,0.6485441934676857D0,0.663985721883583D0,   0000007P     19
0.6794272502994803D0,0.6948687787153774D0,0.7103103071312747D0,  0000007P     20
0.725751835547172D0,0.7411933639630693D0,0.7566348923789665D0,   0000007P     21
0.7720764207948638D0,0.7875179492107611D0,0.8029594776266584D0,  0000007P     22
0.8184010060425557D0,0.833842534458453D0,0.8492840628743502D0,   0000007P     23
0.8647255912902475D0,0.8801671197061448D0,0.8801671197061448D0,  0000007P     24
0.8801671197061448D0,0.8801671197061448D0,0.0D0,0.0D0,0.0D0,     0000007P     25
0.0D0,0.01396558545330697D0,0.02793117090661394D0,               0000007P     26
0.04189675635992091D0,0.05586234181322788D0,                     0000007P     27
0.06982792726653486D0,0.08379351271984183D0,                     0000007P     28
0.09775909817314879D0,0.1117246836264558D0,0.1256902690797627D0, 0000007P     29
0.1396558545330697D0,0.1536214399863767D0,0.1675870254396837D0,  0000007P     30
0.1815526108929906D0,0.1955181963462976D0,0.2094837817996046D0,  0000007P     31
0.2234493672529115D0,0.2374149527062185D0,0.2513805381595254D0,  0000007P     32
0.2653461236128324D0,0.2793117090661394D0,0.2932772945194464D0,  0000007P     33
0.3072428799727533D0,0.3212084654260603D0,0.3351740508793673D0,  0000007P     34
0.3491396363326743D0,0.3631052217859813D0,0.3770708072392882D0,  0000007P     35
0.3770708072392882D0,0.3770708072392882D0,0.3770708072392882D0,  0000007P     36
1.0D0,1.0D0,1.0D0,1.0D0,1.0D0,1.0D0,1.0D0,1.0D0,1.0D0,1.0D0,     0000007P     37
1.0D0,1.0D0,1.0D0,1.0D0,1.0D0,1.0D0,1.0D0,1.0D0,1.0D0,1.0D0,     0000007P     38
1.0D0,1.0D0,1.0D0,1.0D0,1.0D0,1.0D0,1.0D0,1.0D0,1.0D0,1.0D0,     0000007P     39
1.0D0,1.0D0,1.0D0,1.0D0,1.0D0,1.0D0,1.0D0,1.0D0,1.0D0,1.0D0,     0000007P     40
1.0D0,1.0D0,1.0D0,1.0D0,1.0D0,1.0D0,1.0D0,1.0D0,1.0D0,1.0D0,     0000007P     41
1.0D0,1.0D0,1.0D0,1.0D0,1.0D0,1.0D0,1.0D0,1.0D0,1.0D0,1.0D0,     0000007P     42
1.0D0,1.0D0,1.0D0,1.0D0,1.0D0,1.0D0,1.0D0,1.0D0,1.0D0,1.0D0,     0000007P     43
1.0D0,1.0D0,1.0D0,1.0D0,1.0D0,1.0D0,1.0D0,1.0D0,1.0D0,1.0D0,     0000007P     44
1.0D0,1.0D0,1.0D0,1.0D0,1.0D0,1.0D0,1.0D0,1.0D0,1.0D0,1.0D0,     0000007P     45
1.0D0,1.0D0,1.0D0,1.0D0,1.0D0,1.0D0,1.0D0,1.0D0,1.0D0,1.0D0,     0000007P     46
1.0D0,1.0D0,1.0D0,1.0D0,1.0D0,1.0D0,1.0D0,1.0D0,1.0D0,1.0D0,     0000007P     47
1.0D0,1.0D0,1.0D0,1.0D0,1.0D0,1.0D0,1.0D0,1.0D0,1.0D0,1.0D0,     0000007P     48
1.0D0,1.0D0,1.0D0,1.0D0,1.0D0,1.0D0,1.0D0,1.0D0,1.0D0,1.0D0,     0000007P     49
1.0D0,1.0D0,1.0D0,1.0D0,1.0D0,1.0D0,1.0D0,1.0D0,1.0D0,1.0D0,     0000007P     50
1.0D0,1.0D0,1.0D0,1.0D0,1.0D0,1.0D0,1.0D0,1.0D0,1.0D0,1.0D0,     0000007P     51
1.0D0,1.0D0,1.0D0,1.0D0,1.0D0,1.0D0,1.0D0,1.0D0,1.0D0,1.0D0,     0000007P     52
1.0D0,1.0D0,1.0D0,1.0D0,1.0D0,1.0D0,1.0D0,1.0D0,1.0D0,1.0D0,     0000007P     53
1.0D0,1.0D0,1.0D0,1.0D0,1.0D0,1.0D0,1.0D0,1.0D0,1.0D0,1.0D0,     0000007P     54
1.0D0,1.0D0,1.0D0,1.0D0,1.0D0,1.0D0,1.0D0,1.0D0,1.0D0,1.0D0,     0000007P     55
1.0D0,1.0D0,1.0D0,1.0D0,1.0D0,1.0D0,1.0D0,1.0D0,1.0D0,1.0D0,     0000007P     56
1.0D0,1.0D0,1.0D0,1.0D0,1.0D0,1.0D0,1.0D0,1.0D0,1.0D0,1.0D0,     0000007P     57
1.0D0,1.0D0,1.0D0,1.0D0,1.0D0,1.0D0,1.0D0,1.0D0,1.0D0,1.0D0,     0000007P     58
1.0D0,1.0D0,1.0D0,1.0D0,1.0D0,1.0D0,1.0D0,1.0D0,1.0D0,1.0D0,     0000007P     59
1.0D0,1.0D0,1.0D0,1.0D0,1.0D0,1.0D0,1.0D0,1.0D0,1.0D0,1.0D0,     0000007P     60
1.0D0,1.0D0,1.0D0,1.0D0,1.0D0,1.0D0,1.0D0,1.0D0,1.0D0,1.0D0,     0000007P     61
1.0D0,1.0D0,1.0D0,1.0D0,1.0D0,1.0D0,1.0D0,1.0D0,1.0D0,1.0D0,     0000007P     62
1.0D0,1.0D0,1.0D0,1.0D0,1.0D0,1.0D0,1.0D0,1.0D0,1.0D0,1.0D0,     0000007P     63
1.0D0,1.0D0,1.0D0,1.0D0,1.0D0,1.0D0,1.0D0,1.0D0,1.0D0,1.0D0,     0000007P     64
1.0D0,1.0D0,1.0D0,1.0D0,1.0D0,1.0D0,1.0D0,1.0D0,1.0D0,1.0D0,     0000007P     65
1.0D0,1.0D0,1.0D0,1.0D0,1.0D0,1.0D0,1.0D0,1.0D0,1.0D0,1.0D0,     0000007P     66
1.0D0,1.0D0,1.0D0,1.0D0,1.0D0,1.0D0,1.0D0,1.0D0,1.0D0,1.0D0,     0000007P     67
1.0D0,1.0D0,1.0D0,1.0D0,1.0D0,1.0D0,1.0D0,1.0D0,1.0D0,1.0D0,     0000007P     68
1.0D0,1.0D0,1.0D0,1.0D0,1.0D0,1.0D0,1.0D0,1.0D0,1.0D0,1.0D0,     0000007P     69
1.0D0,1.0D0,1.0D0,1.0D0,1.0D0,1.0D0,1.0D0,1.0D0,1.0D0,1.0D0,     0000007P     70
1.0D0,1.0D0,1.0D0,1.0D0,1.0D0,1.0D0,1.0D0,1.0D0,1.0D0,1.0D0,     0000007P     71
1.0D0,1.0D0,1.0D0,1.0D0,1.0D0,1.0D0,1.0D0,1.0D0,1.0D0,1.0D0,     0000007P     72
1.0D0,1.0D0,1.0D0,1.0D0,1.0D0,1.0D0,1.0D0,1.0D0,1.0D0,1.0D0,     0000007P     73
1.0D0,1.0D0,1.0D0,1.0D0,1.0D0,1.0D0,1.0D0,1.0D0,1.0D0,1.0D0,     0000007P     74
1.0D0,1.0D0,1.0D0,1.0D0,1.0D0,1.0D0,1.0D0,1.0D0,1.0D0,1.0D0,     0000007P     75
1.0D0,1.0D0,1.0D0,1.0D0,1.0D0,1.0D0,1.0D0,1.0D0,1.0D0,1.0D0,     0000007P     76
1.0D0,1.0D0,1.0D0,1.0D0,1.0D0,1.0D0,1.0D0,1.0D0,1.0D0,1.0D0,     0000007P     77
1.0D0,1.0D0,1.0D0,1.0D0,1.0D0,1.0D0,1.0D0,1.0D0,1.0D0,1.0D0,     0000007P     78
1.0D0,1.0D0,1.0D0,1.0D0,1.0D0,1.0D0,1.0D0,1.0D0,1.0D0,1.0D0,     0000007P     79
1.0D0,1.0D0,1.0D0,1.0D0,1.0D0,1.0D0,1.0D0,1.0D0,1.0D0,1.0D0,     0000007P     80
1.0D0,1.0D0,1.0D0,1.0D0,1.0D0,1.0D0,1.0D0,1.0D0,1.0D0,1.0D0,     0000007P     81
1.0D0,1.0D0,1.0D0,1.0D0,1.0D0,1.0D0,1.0D0,1.0D0,1.0D0,1.0D0,     0000007P     82
1.0D0,1.0D0,1.0D0,1.0D0,1.0D0,1.0D0,1.0D0,1.0D0,1.0D0,1.0D0,     0000007P     83
1.0D0,1.0D0,1.0D0,1.0D0,1.0D0,1.0D0,1.0D0,1.0D0,1.0D0,1.0D0,     0000007P     84
1.0D0,1.0D0,1.0D0,1.0D0,1.0D0,1.0D0,1.0D0,1.0D0,1.0D0,1.0D0,     0000007P     85
1.0D0,1.0D0,1.0D0,1.0D0,1.0D0,1.0D0,1.0D0,1.0D0,1.0D0,1.0D0,     0000007P     86
1.0D0,1.0D0,1.0D0,1.0D0,1.0D0,1.0D0,1.0D0,1.0D0,1.0D0,1.0D0,     0000007P     87
1.0D0,1.0D0,1.0D0,1.0D0,1.0D0,1.0D0,1.0D0,1.0D0,1.0D0,1.0D0,     0000007P     88
1.0D0,1.0D0,1.0D0,1.0D0,1.0D0,1.0D0,1.0D0,1.0D0,1.0D0,1.0D0,     0000007P     89
1.0D0,1.0D0,1.0D0,1.0D0,1.0D0,1.0D0,1.0D0,1.0D0,1.0D0,1.0D0,     0000007P     90
1.0D0,1.0D0,1.0D0,1.0D0,1.0D0,1.0D0,1.0D0,1.0D0,1.0D0,1.0D0,     0000007P     91
1.0D0,1.0D0,1.0D0,1.0D0,1.0D0,1.0D0,1.0D0,1.0D0,1.0D0,1.0D0,     0000007P     92
1.0D0,1.0D0,1.0D0,1.0D0,1.0D0,1.0D0,1.0D0,1.0D0,1.0D0,1.0D0,     0000007P     93
1.0D0,1.0D0,1.0D0,1.0D0,1.0D0,1.0D0,1.0D0,1.0D0,1.0D0,1.0D0,     0000007P     94
1.0D0,1.0D0,1.0D0,1.0D0,1.0D0,1.0D0,1.0D0,1.0D0,1.0D0,1.0D0,     0000007P     95
1.0D0,1.0D0,1.0D0,1.0D0,1.0D0,1.0D0,1.0D0,1.0D0,1.0D0,1.0D0,     0000007P     96
1.0D0,1.0D0,1.0D0,1.0D0,1.0D0,1.0D0,1.0D0,1.0D0,1.0D0,1.0D0,     0000007P     97
1.0D0,1.0D0,1.0D0,1.0D0,1.0D0,1.0D0,1.0D0,1.0D0,1.0D0,1.0D0,     0000007P     98
1.0D0,1.0D0,1.0D0,1.0D0,1.0D0,1.0D0,1.0D0,1.0D0,1.0D0,1.0D0,     0000007P     99
1.0D0,1.0D0,1.0D0,1.0D0,1.0D0,1.0D0,1.0D0,1.0D0,1.0D0,1.0D0,     0000007P    100
1.0D0,1.0D0,1.0D0,1.0D0,1.0D0,1.0D0,1.0D0,1.0D0,1.0D0,1.0D0,     0000007P    101
1.0D0,1.0D0,1.0D0,1.0D0,1.0D0,1.0D0,1.0D0,1.0D0,1.0D0,1.0D0,     0000007P    102
1.0D0,1.0D0,1.0D0,1.0D0,1.0D0,1.0D0,1.0D0,1.0D0,1.0D0,1.0D0,     0000007P    103
1.0D0,1.0D0,1.0D0,1.0D0,1.0D0,1.0D0,1.0D0,1.0D0,1.0D0,1.0D0,     0000007P    104
1.0D0,1.0D0,1.0D0,1.0D0,1.0D0,1.0D0,1.0D0,1.0D0,1.0D0,1.0D0,     0000007P    105
1.0D0,1.0D0,1.0D0,1.0D0,1.0D0,1.0D0,1.0D0,1.0D0,1.0D0,1.0D0,     0000007P    106
1.0D0,1.0D0,1.0D0,1.0D0,1.0D0,1.0D0,1.0D0,1.0D0,1.0D0,1.0D0,     0000007P    107
1.0D0,1.0D0,1.0D0,1.0D0,1.0D0,1.0D0,1.0D0,1.0D0,1.0D0,1.0D0,     0000007P    108
1.0D0,1.0D0,1.0D0,1.0D0,1.0D0,1.0D0,1.0D0,1.0D0,1.0D0,1.0D0,     0000007P    109
1.0D0,1.0D0,1.0D0,1.0D0,1.0D0,1.0D0,1.0D0,1.0D0,1.0D0,1.0D0,     0000007P    110
1.0D0,1.0D0,1.0D0,1.0D0,1.0D0,1.0D0,1.0D0,1.0D0,1.0D0,1.0D0,     0000007P    111
1.0D0,1.0D0,1.0D0,1.0D0,1.0D0,1.0D0,1.0D0,1.0D0,1.0D0,1.0D0,     0000007P    112
1.0D0,1.0D0,1.0D0,1.0D0,1.0D0,1.0D0,1.0D0,1.0D0,1.0D0,1.0D0,     0000007P    113
1.0D0,1.0D0,1.0D0,1.0D0,1.0D0,1.0D0,1.0D0,1.0D0,1.0D0,1.0D0,     0000007P    114
1.0D0,1.0D0,1.0D0,1.0D0,1.0D0,1.0D0,1.0D0,1.0D0,1.0D0,1.0D0,     0000007P    115
1.0D0,1.0D0,1.0D0,1.0D0,1.0D0,1.0D0,1.0D0,1.0D0,1.0D0,1.0D0,     0000007P    116
1.0D0,1.0D0,1.0D0,1.0D0,1.0D0,1.0D0,1.0D0,1.0D0,1.0D0,1.0D0,     0000007P    117
1.0D0,1.0D0,1.0D0,1.0D0,1.0D0,1.0D0,1.0D0,1.0D0,1.0D0,1.0D0,     0000007P    118
1.0D0,1.0D0,1.0D0,1.0D0,1.0D0,1.0D0,1.0D0,1.0D0,1.0D0,1.0D0,     0000007P    119
1.0D0,1.0D0,1.0D0,1.0D0,1.0D0,1.0D0,1.0D0,1.0D0,1.0D0,1.0D0,     0000007P    120
1.0D0,1.0D0,1.0D0,1.0D0,1.0D0,1.0D0,1.0D0,1.0D0,1.0D0,1.0D0,     0000007P    121
1.0D0,1.0D0,1.0D0,1.0D0,1.0D0,1.0D0,1.0D0,1.0D0,1.0D0,1.0D0,     0000007P    122
1.0D0,1.0D0,1.0D0,1.0D0,1.0D0,1.0D0,1.0D0,1.0D0,1.0D0,1.0D0,     0000007P    123
1.0D0,1.0D0,1.0D0,1.0D0,1.0D0,1.0D0,1.0D0,1.0D0,1.0D0,1.0D0,     0000007P    124
1.0D0,1.0D0,1.0D0,1.0D0,1.0D0,1.0D0,1.0D0,1.0D0,1.0D0,1.0D0,     0000007P    125
1.0D0,1.0D0,1.0D0,1.0D0,1.0D0,1.0D0,1.0D0,1.0D0,1.0D0,1.0D0,     0000007P    126
1.0D0,1.0D0,1.0D0,1.0D0,1.0D0,1.0D0,1.0D0,1.0D0,1.0D0,1.0D0,     0000007P    127
1.0D0,1.0D0,1.0D0,1.0D0,1.0D0,1.0D0,1.0D0,1.0D0,1.0D0,1.0D0,     0000007P    128
1.0D0,1.0D0,1.0D0,1.0D0,1.0D0,1.0D0,1.0D0,1.0D0,1.0D0,1.0D0,     0000007P    129
1.0D0,1.0D0,1.0D0,1.0D0,1.0D0,1.0D0,1.0D0,1.0D0,1.0D0,1.0D0,     0000007P    130
1.0D0,1.0D0,1.0D0,1.0D0,1.0D0,1.0D0,1.0D0,1.0D0,1.0D0,1.0D0,     0000007P    131
1.0D0,1.0D0,1.0D0,1.0D0,1.0D0,1.0D0,1.0D0,1.0D0,1.0D0,1.0D0,     0000007P    132
1.0D0,1.0D0,1.0D0,1.0D0,1.0D0,1.0D0,1.0D0,1.0D0,1.0D0,1.0D0,     0000007P    133
1.0D0,1.0D0,1.0D0,1.0D0,1.0D0,1.0D0,1.0D0,1.0D0,1.0D0,1.0D0,     0000007P    134
1.0D0,1.0D0,1.0D0,1.0D0,1.0D0,1.0D0,1.0D0,1.0D0,1.0D0,1.0D0,     0000007P    135
1.0D0,1.0D0,1.0D0,1.0D0,1.0D0,1.0D0,1.0D0,1.0D0,1.0D0,1.0D0,     0000007P    136
1.0D0,1.0D0,1.0D0,1.0D0,1.0D0,1.0D0,1.0D0,1.0D0,1.0D0,1.0D0,     0000007P    137
1.0D0,1.0D0,1.0D0,1.0D0,1.0D0,1.0D0,1.0D0,1.0D0,1.0D0,1.0D0,     0000007P    138
1.0D0,1.0D0,1.0D0,1.0D0,1.0D0,1.0D0,1.0D0,1.0D0,1.0D0,1.0D0,     0000007P    139
1.0D0,1.0D0,1.0D0,1.0D0,1.0D0,1.0D0,1.0D0,1.0D0,1.0D0,1.0D0,     0000007P    140
1.0D0,1.0D0,1.0D0,1.0D0,1.0D0,1.0D0,1.0D0,1.0D0,1.0D0,1.0D0,     0000007P    141
1.0D0,1.0D0,1.0D0,1.0D0,1.0D0,1.0D0,1.0D0,1.0D0,1.0D0,1.0D0,     0000007P    142
1.0D0,1.0D0,1.0D0,1.0D0,1.0D0,1.0D0,1.0D0,1.0D0,1.0D0,1.0D0,     0000007P    143
1.0D0,1.0D0,1.0D0,1.0D0,1.0D0,1.0D0,1.0D0,1.0D0,1.0D0,1.0D0,     0000007P    144
1.0D0,1.0D0,1.0D0,1.0D0,1.0D0,1.0D0,1.0D0,1.0D0,1.0D0,1.0D0,     0000007P    145
1.0D0,1.0D0,1.0D0,1.0D0,1.0D0,1.0D0,1.0D0,1.0D0,1.0D0,1.0D0,     0000007P    146
1.0D0,1.0D0,1.0D0,1.0D0,1.0D0,1.0D0,1.0D0,1.0D0,1.0D0,1.0D0,     0000007P    147
1.0D0,1.0D0,1.0D0,1.0D0,1.0D0,1.0D0,1.0D0,1.0D0,1.0D0,1.0D0,     0000007P    148
1.0D0,1.0D0,1.0D0,1.0D0,1.0D0,1.0D0,1.0D0,1.0D0,1.0D0,1.0D0,     0000007P    149
1.0D0,1.0D0,1.0D0,1.0D0,1.0D0,1.0D0,1.0D0,1.0D0,1.0D0,1.0D0,     0000007P    150
1.0D0,1.0D0,1.0D0,1.0D0,1.0D0,1.0D0,1.0D0,1.0D0,1.0D0,1.0D0,     0000007P    151
1.0D0,1.0D0,1.0D0,1.0D0,1.0D0,1.0D0,1.0D0,1.0D0,1.0D0,1.0D0,     0000007P    152
1.0D0,1.0D0,1.0D0,1.0D0,1.0D0,1.0D0,1.0D0,1.0D0,1.0D0,1.0D0,     0000007P    153
1.0D0,1.0D0,1.0D0,1.0D0,1.0D0,1.0D0,1.0D0,1.0D0,1.0D0,1.0D0,     0000007P    154
1.0D0,1.0D0,1.0D0,1.0D0,1.0D0,1.0D0,1.0D0,1.0D0,1.0D0,1.0D0,     0000007P    155
1.0D0,1.0D0,1.0D0,1.0D0,1.0D0,1.0D0,1.0D0,1.0D0,1.0D0,1.0D0,     0000007P    156
1.0D0,1.0D0,1.0D0,1.0D0,1.0D0,1.0D0,1.0D0,1.0D0,1.0D0,1.0D0,     0000007P    157
1.0D0,1.0D0,1.0D0,1.0D0,1.0D0,1.0D0,1.0D0,1.0D0,1.0D0,1.0D0,     0000007P    158
1.0D0,1.0D0,1.0D0,1.0D0,1.0D0,1.0D0,1.0D0,1.0D0,1.0D0,1.0D0,     0000007P    159
1.0D0,1.0D0,1.0D0,1.0D0,1.0D0,1.0D0,1.0D0,1.0D0,1.0D0,1.0D0,     0000007P    160
1.0D0,1.0D0,1.0D0,1.0D0,1.0D0,1.0D0,1.0D0,1.0D0,1.0D0,1.0D0,     0000007P    161
1.0D0,1.0D0,1.0D0,1.0D0,1.0D0,1.0D0,1.0D0,1.0D0,1.0D0,1.0D0,     0000007P    162
1.0D0,1.0D0,1.0D0,1.0D0,1.0D0,1.0D0,1.0D0,1.0D0,1.0D0,1.0D0,     0000007P    163
1.0D0,1.0D0,1.0D0,1.0D0,1.0D0,1.0D0,1.0D0,1.0D0,1.0D0,1.0D0,     0000007P    164
1.0D0,1.0D0,1.0D0,1.0D0,1.0D0,1.0D0,1.0D0,1.0D0,1.0D0,1.0D0,     0000007P    165
1.0D0,1.0D0,1.0D0,1.0D0,1.0D0,1.0D0,1.0D0,1.0D0,1.0D0,1.0D0,     0000007P    166
1.0D0,1.0D0,1.0D0,1.0D0,1.0D0,1.0D0,1.0D0,1.0D0,1.0D0,1.0D0,     0000007P    167
1.0D0,1.0D0,1.0D0,1.0D0,1.0D0,1.0D0,1.0D0,1.0D0,1.0D0,1.0D0,     0000007P    168
1.0D0,1.0D0,1.0D0,1.0D0,1.0D0,1.0D0,1.0D0,1.0D0,1.0D0,1.0D0,     0000007P    169
1.0D0,1.0D0,1.0D0,1.0D0,1.0D0,1.0D0,1.0D0,1.0D0,1.0D0,1.0D0,     0000007P    170
1.0D0,1.0D0,1.0D0,1.0D0,1.0D0,1.0D0,1.0D0,1.0D0,1.0D0,1.0D0,     0000007P    171
1.0D0,1.0D0,1.0D0,1.0D0,1.0D0,1.0D0,1.0D0,1.0D0,1.0D0,1.0D0,     0000007P    172
1.0D0,1.0D0,1.0D0,1.0D0,1.0D0,1.0D0,1.0D0,1.0D0,1.0D0,1.0D0,     0000007P    173
1.0D0,1.0D0,1.0D0,1.0D0,1.0D0,1.0D0,1.0D0,1.0D0,1.0D0,1.0D0,     0000007P    174
1.0D0,1.0D0,1.0D0,1.0D0,1.0D0,1.0D0,1.0D0,1.0D0,1.0D0,1.0D0,     0000007P    175
1.0D0,1.0D0,1.0D0,1.0D0,1.0D0,1.0D0,1.0D0,1.0D0,1.0D0,1.0D0,     0000007P    176
1.0D0,1.0D0,1.0D0,1.0D0,1.0D0,1.0D0,1.0D0,1.0D0,1.0D0,1.0D0,     0000007P    177
1.0D0,1.0D0,1.0D0,1.0D0,1.0D0,1.0D0,1.0D0,1.0D0,1.0D0,1.0D0,     0000007P    178
1.0D0,1.0D0,1.0D0,1.0D0,1.0D0,1.0D0,1.0D0,1.0D0,1.0D0,1.0D0,     0000007P    179
1.0D0,1.0D0,1.0D0,1.0D0,1.0D0,1.0D0,1.0D0,1.0D0,1.0D0,1.0D0,     0000007P    180
1.0D0,1.0D0,1.0D0,1.0D0,1.0D0,1.0D0,1.0D0,1.0D0,1.0D0,1.0D0,     0000007P    181
1.0D0,1.0D0,1.0D0,1.0D0,1.0D0,1.0D0,1.0D0,1.0D0,1.0D0,1.0D0,     0000007P    182
1.0D0,1.0D0,1.0D0,1.0D0,1.0D0,1.0D0,1.0D0,1.0D0,1.0D0,1.0D0,     0000007P    183
1.0D0,1.0D0,1.0D0,1.0D0,1.0D0,1.0D0,1.0D0,1.0D0,1.0D0,1.0D0,     0000007P    184
1.0D0,1.0D0,1.0D0,1.0D0,1.0D0,1.0D0,1.0D0,1.0D0,1.0D0,1.0D0,     0000007P    185
1.0D0,1.0D0,1.0D0,1.0D0,1.0D0,1.0D0,1.0D0,1.0D0,1.0D0,1.0D0,     0000007P    186
1.0D0,1.0D0,1.0D0,1.0D0,1.0D0,1.0D0,1.0D0,1.0D0,1.0D0,1.0D0,     0000007P    187
1.0D0,1.0D0,1.0D0,1.0D0,1.0D0,1.0D0,1.0D0,1.0D0,1.0D0,1.0D0,     0000007P    188
1.0D0,1.0D0,1.0D0,1.0D0,1.0D0,1.0D0,1.0D0,1.0D0,1.0D0,1.0D0,     0000007P    189
1.0D0,1.0D0,1.0D0,1.0D0,1.0D0,1.0D0,1.0D0,1.0D0,1.0D0,1.0D0,     0000007P    190
1.0D0,1.0D0,1.0D0,1.0D0,1.0D0,1.0D0,1.0D0,1.0D0,1.0D0,1.0D0,     0000007P    191
1.0D0,1.0D0,1.0D0,1.0D0,1.0D0,1.0D0,1.0D0,1.0D0,1.0D0,1.0D0,     0000007P    192
1.0D0,1.0D0,1.0D0,1.0D0,1.0D0,1.0D0,1.0D0,1.0D0,1.0D0,1.0D0,     0000007P    193
1.0D0,1.0D0,1.0D0,1.0D0,1.0D0,1.0D0,1.0D0,1.0D0,1.0D0,1.0D0,     0000007P    194
1.0D0,1.0D0,1.0D0,1.0D0,1.0D0,1.0D0,1.0D0,1.0D0,1.0D0,1.0D0,     0000007P    195
1.0D0,1.0D0,1.0D0,1.0D0,1.0D0,1.0D0,1.0D0,1.0D0,1.0D0,1.0D0,     0000007P    196
1.0D0,1.0D0,1.0D0,1.0D0,1.0D0,1.0D0,1.0D0,1.0D0,1.0D0,1.0D0,     0000007P    197
1.0D0,1.0D0,1.0D0,1.0D0,1.0D0,1.0D0,1.0D0,1.0D0,1.0D0,1.0D0,     0000007P    198
1.0D0,1.0D0,1.0D0,1.0D0,1.0D0,1.0D0,1.0D0,1.0D0,1.0D0,1.0D0,     0000007P    199
1.0D0,1.0D0,1.0D0,1.0D0,1.0D0,1.0D0,1.0D0,1.0D0,1.0D0,1.0D0,     0000007P    200
1.0D0,1.0D0,1.0D0,1.0D0,1.0D0,1.0D0,1.0D0,1.0D0,1.0D0,1.0D0,     0000007P    201
1.0D0,1.0D0,1.0D0,1.0D0,1.0D0,1.0D0,1.0D0,1.0D0,1.0D0,1.0D0,     0000007P    202
1.0D0,1.0D0,1.0D0,1.0D0,1.0D0,1.0D0,1.0D0,1.0D0,1.0D0,1.0D0,     0000007P    203
1.0D0,1.0D0,1.0D0,1.0D0,1.0D0,1.0D0,1.0D0,1.0D0,1.0D0,1.0D0,     0000007P    204
1.0D0,1.0D0,1.0D0,1.0D0,1.0D0,1.0D0,1.0D0,1.0D0,1.0D0,1.0D0,     0000007P    205
1.0D0,1.0D0,1.0D0,1.0D0,1.0D0,1.0D0,1.0D0,1.0D0,1.0D0,1.0D0,     0000007P    206
1.0D0,1.0D0,1.0D0,1.0D0,1.0D0,1.0D0,1.0D0,1.0D0,1.0D0,1.0D0,     0000007P    207
1.0D0,1.0D0,1.0D0,1.0D0,1.0D0,1.0D0,1.0D0,1.0D0,1.0D0,1.0D0,     0000007P    208
1.0D0,1.0D0,1.0D0,1.0D0,1.0D0,1.0D0,1.0D0,1.0D0,1.0D0,1.0D0,     0000007P    209
1.0D0,1.0D0,1.0D0,1.0D0,1.0D0,1.0D0,1.0D0,1.0D0,1.0D0,1.0D0,     0000007P    210
1.0D0,1.0D0,1.0D0,1.0D0,1.0D0,1.0D0,1.0D0,1.0D0,1.0D0,1.0D0,     0000007P    211
1.0D0,1.0D0,1.0D0,1.0D0,1.0D0,1.0D0,1.0D0,1.0D0,1.0D0,1.0D0,     0000007P    212
1.0D0,1.0D0,1.0D0,1.0D0,1.0D0,1.0D0,1.0D0,1.0D0,1.0D0,1.0D0,     0000007P    213
1.0D0,1.0D0,1.0D0,1.0D0,1.0D0,1.0D0,1.0D0,1.0D0,1.0D0,1.0D0,     0000007P    214
1.0D0,1.0D0,1.0D0,1.0D0,1.0D0,1.0D0,1.0D0,1.0D0,1.0D0,1.0D0,     0000007P    215
1.0D0,1.0D0,1.0D0,1.0D0,1.0D0,1.0D0,1.0D0,1.0D0,1.0D0,1.0D0,     0000007P    216
0.8418369992384755D0,0.0D0,0.201889D0,0.8367558185143132D0,      0000007P    217
0.0D0,0.2026672977447493D0,0.8265897579186109D0,0.0D0,           0000007P    218
0.2042872626075478D0,0.8113372186054476D0,0.0D0,                 0000007P    219
0.2067771776903912D0,0.7960883270991334D0,0.0D0,                 0000007P    220
0.2092037903085105D0,0.7808516446471562D0,0.0D0,                 0000007P    221
0.2114207845053226D0,0.7656286395643054D0,0.0D0,                 0000007P    222
0.213425263029953D0,0.750417386412472D0,0.0D0,                   0000007P    223
0.215275857289265D0,0.7352164409968922D0,0.0D0,                  0000007P    224
0.2170197308012598D0,0.7200249218993889D0,0.0D0,                 0000007P    225
0.2186888329055601D0,0.7048436673785159D0,0.0D0,                 0000007P    226
0.2202755976958665D0,0.6896732494824976D0,0.0D0,                 0000007P    227
0.2217793819388678D0,0.6745143305381217D0,0.0D0,                 0000007P    228
0.2231976782303267D0,0.6593665334317661D0,0.0D0,                 0000007P    229
0.2245391404604432D0,0.64422936886626D0,0.0D0,                   0000007P    230
0.2258120990672449D0,0.6291023740133707D0,0.0D0,                 0000007P    231
0.2270254878984019D0,0.6139849695022812D0,0.0D0,                 0000007P    232
0.2281845872525295D0,0.5988764377728411D0,0.0D0,                 0000007P    233
0.2292927041719749D0,0.5837760850820178D0,0.0D0,                 0000007P    234
0.2303536177647978D0,0.5686831206145501D0,0.0D0,                 0000007P    235
0.2313708270955104D0,0.5535964490815789D0,0.0D0,                 0000007P    236
0.2323474698407571D0,0.5385149958459788D0,0.0D0,                 0000007P    237
0.2332866931759645D0,0.5234376658547998D0,0.0D0,                 0000007P    238
0.2341916884970544D0,0.5083631298670931D0,0.0D0,                 0000007P    239
0.2350645320430419D0,0.4932900075297552D0,0.0D0,                 0000007P    240
0.2359071529409242D0,0.4782169367240816D0,0.0D0,                 0000007P    241
0.2367216102639136D0,0.4631424995329691D0,0.0D0,                 0000007P    242
0.2375093945272713D0,0.4480652349397162D0,0.0D0,                 0000007P    243
0.2382714894025863D0,0.4329837124132099D0,0.0D0,                 0000007P    244
0.2390089938144977D0,0.417896510470094D0,0.0D0,                  0000007P    245
0.239722906460884D0,0.4028021658003738D0,0.0D0,                  0000007P    246
0.2404138242412358D0,0.3876992645531128D0,0.0D0,                 0000007P    247
0.2410823487547036D0,0.3725864433193164D0,0.0D0,                 0000007P    248
0.2417291519830702D0,0.3574623848605072D0,0.0D0,                 0000007P    249
0.2423542323525076D0,0.3423258447107311D0,0.0D0,                 0000007P    250
0.2429574019572334D0,0.3271756518824556D0,0.0D0,                 0000007P    251
0.2435384977432499D0,0.3120107585537581D0,0.0D0,                 0000007P    252
0.2440973867001801D0,0.2968302801169794D0,0.0D0,                 0000007P    253
0.2446340079433302D0,0.2816334315545467D0,0.0D0,                 0000007P    254
0.2451482810542529D0,0.2664195338982256D0,0.0D0,                 0000007P    255
0.2456401062791867D0,0.2511880970483445D0,0.0D0,                 0000007P    256
0.2461087906321258D0,0.2359387719484586D0,0.0D0,                 0000007P    257
0.2465536576871218D0,0.2206713153518243D0,0.0D0,                 0000007P    258
0.2469739789644487D0,0.2053858295363207D0,0.0D0,                 0000007P    259
0.2473692544608628D0,0.190082644214579D0,0.0D0,                  0000007P    260
0.2477390709161307D0,0.1747622167402153D0,0.0D0,                 0000007P    261
0.248083030480833D0,0.1594250212224247D0,0.0D0,                  0000007P    262
0.2484005599699125D0,0.1440715065129037D0,0.0D0,                 0000007P    263
0.2486906851814411D0,0.1287023700467228D0,0.0D0,                 0000007P    264
0.2489525026264725D0,0.1133185375109732D0,0.0D0,                 0000007P    265
0.2491850455319259D0,0.0979222853081165D0,0.0D0,                 0000007P    266
0.2493895851381938D0,0.08251558437029285D0,0.0D0,                0000007P    267
0.2495671143316263D0,0.06710053827770027D0,0.0D0,                0000007P    268
0.2497198167632659D0,0.05167707160353218D0,0.0D0,                0000007P    269
0.2498431514579824D0,0.03624540801688753D0,0.0D0,                0000007P    270
0.2499300957999684D0,0.02080748600079847D0,0.0D0,                0000007P    271
0.2499714238700846D0,0.005368057283894571D0,0.0D0,               0000007P    272
0.2499699067963059D0,-0.01007082456293161D0,0.0D0,               0000007P    273
0.2499550079462873D0,-0.02036368514846992D0,0.0D0,               0000007P    274
0.2499527879701684D0,-0.02551000076152425D0,0.0D0,0.249958D0,    0000007P    275
0.8418369992384752D0,-0.00418440213323183D0,                     0000007P    276
0.2018896479459095D0,0.836755818514314D0,                        0000007P    277
-0.004184402177268821D0,0.2026679367339053D0,                    0000007P    278
0.8265897579186107D0,-0.004184402234836971D0,                    0000007P    279
0.2042878032341957D0,0.8113372186054482D0,                       0000007P    280
-0.004184402292518961D0,0.2067774958551102D0,                    0000007P    281
0.7960883270991332D0,-0.004184402380118146D0,                    0000007P    282
0.2092039630006684D0,0.7808516446471565D0,                       0000007P    283
-0.004184402570394409D0,0.2114210885040695D0,                    0000007P    284
0.7656286395643053D0,-0.004184402848648962D0,                    0000007P    285
0.2134258823008492D0,0.7504173864124721D0,                       0000007P    286
-0.004184403163556939D0,0.2152767646803167D0,                    0000007P    287
0.7352164409968921D0,-0.004184403468035188D0,                    0000007P    288
0.2170206882921437D0,0.720024921899388D0,-0.00418440373600933D0, 0000007P    289
0.2186895202711528D0,0.704843667378516D0,                        0000007P    290
-0.004184403989191272D0,0.2202758904890825D0,                    0000007P    291
0.6896732494824973D0,-0.004184404241012176D0,                    0000007P    292
0.2217793024485603D0,0.6745143305381217D0,                       0000007P    293
-0.004184404506772814D0,0.2231974084097481D0,                    0000007P    294
0.6593665334317663D0,-0.004184404814228939D0,                    0000007P    295
0.2245388023805504D0,0.6442293688662609D0,                       0000007P    296
-0.004184405188083318D0,0.2258117585104294D0,0.62910237401337D0, 0000007P    297
-0.004184405664507389D0,0.227025143249257D0,                     0000007P    298
0.6139849695022801D0,-0.004184406214177981D0,                    0000007P    299
0.2281842337995466D0,0.5988764377728417D0,                       0000007P    300
-0.004184406774748853D0,0.2292923679021854D0,                    0000007P    301
0.5837760850820174D0,-0.00418440728555227D0,                     0000007P    302
0.2303533494741904D0,0.5686831206145504D0,                       0000007P    303
-0.004184407711520591D0,0.2313706948622301D0,                    0000007P    304
0.5535964490815796D0,-0.004184408098116659D0,                    0000007P    305
0.2323475314563069D0,0.5385149958459792D0,                       0000007P    306
-0.004184408477687107D0,0.2332869988173766D0,                    0000007P    307
0.5234376658547993D0,-0.004184408889414457D0,                    0000007P    308
0.2341922855814167D0,0.5083631298670935D0,                       0000007P    309
-0.004184409317454374D0,0.2350653840949652D0,                    0000007P    310
0.4932900075297552D0,-0.004184409742106434D0,                    0000007P    311
0.2359081403470436D0,0.4782169367240819D0,                       0000007P    312
-0.004184410141527056D0,0.2367225020270486D0,                    0000007P    313
0.4631424995329687D0,-0.004184410510200505D0,                    0000007P    314
0.2375099942432579D0,0.4480652349397159D0,                       0000007P    315
-0.004184410857448135D0,0.2382717633550905D0,0.43298371241321D0, 0000007P    316
-0.004184411189907093D0,0.2390090527820653D0,                    0000007P    317
0.4178965104700939D0,-0.004184411512837414D0,                    0000007P    318
0.2397229741405678D0,0.4028021658003738D0,                       0000007P    319
-0.004184411815863921D0,0.2404139683916997D0,                    0000007P    320
0.3876992645531125D0,-0.004184412090844506D0,                    0000007P    321
0.2410825170164319D0,0.3725864433193163D0,                       0000007P    322
-0.004184412326387912D0,0.2417291255011207D0,                    0000007P    323
0.3574623848605072D0,-0.004184412532481509D0,                    0000007P    324
0.2423539233847269D0,0.3423258447107309D0,                       0000007P    325
-0.004184412723943154D0,0.2429569193471154D0,                    0000007P    326
0.327175651882456D0,-0.004184412917296166D0,                     0000007P    327
0.2435381765454699D0,0.3120107585537576D0,                       0000007P    328
-0.004184413116080397D0,0.2440975826767104D0,                    0000007P    329
0.2968302801169796D0,-0.004184413302987196D0,                    0000007P    330
0.2446347691237676D0,0.2816334315545467D0,                       0000007P    331
-0.004184413464396774D0,0.2451494052887317D0,                    0000007P    332
0.2664195338982256D0,-0.004184413586256671D0,                    0000007P    333
0.2456411361142621D0,0.2511880970483444D0,                       0000007P    334
-0.004184413678704499D0,0.2461094558285441D0,                    0000007P    335
0.2359387719484586D0,-0.004184413750881935D0,                    0000007P    336
0.2465538576796736D0,0.220671315351824D0,                        0000007P    337
-0.004184413813398192D0,0.2469738080097388D0,                    0000007P    338
0.2053858295363207D0,-0.004184413869361054D0,                    0000007P    339
0.2473688740146634D0,0.1900826442145789D0,                       0000007P    340
-0.004184413918517808D0,0.2477386477664785D0,                    0000007P    341
0.1747622167402154D0,-0.00418441396152856D0,                     0000007P    342
0.2480827683004247D0,0.1594250212224245D0,                       0000007P    343
-0.004184413998427295D0,0.2484006232086063D0,                    0000007P    344
0.1440715065129037D0,-0.004184414028416307D0,                    0000007P    345
0.2486910430277997D0,0.1287023700467228D0,                       0000007P    346
-0.004184414050836011D0,0.2489529554295348D0,                    0000007P    347
0.1133185375109731D0,-0.004184414064957725D0,                    0000007P    348
0.249185212290056D0,0.09792228530811653D0,                       0000007P    349
-0.004184414073057125D0,0.2493893365575385D0,                    0000007P    350
0.08251558437029279D0,-0.004184414077356958D0,                   0000007P    351
0.2495665588589829D0,0.06710053827770039D0,                      0000007P    352
-0.004184414080404196D0,0.2497193676876014D0,                    0000007P    353
0.05167707160353216D0,-0.004184414082876436D0,                   0000007P    354
0.2498431373557644D0,0.03624540801688751D0,                      0000007P    355
-0.004184414084533451D0,0.2499305776412902D0,                    0000007P    356
0.02080748600079849D0,-0.004184414085307956D0,                   0000007P    357
0.249972202754035D0,0.005368057283894562D0,                      0000007P    358
-0.00418441408528057D0,0.249970667441536D0,                      0000007P    359
-0.01007082456293159D0,-0.004184414085001155D0,                  0000007P    360
0.2499556629317873D0,-0.02036368514846994D0,                     0000007P    361
-0.004184414084959528D0,0.2499534271608493D0,                    0000007P    362
-0.02551000076152425D0,-0.004184414085057266D0,                  0000007P    363
0.2499586762341534D0,0.8418369992384759D0,                       0000007P    364
-0.01255317719778591D0,0.2012717735568555D0,                     0000007P    365
0.8367558185143128D0,-0.01255317722981915D0,                     0000007P    366
0.2020509722737114D0,0.8265897579186111D0,-0.0125531772716973D0, 0000007P    367
0.2036721959065752D0,0.8113372186054481D0,                       0000007P    368
-0.01255317731366144D0,0.2061634853405337D0,                     0000007P    369
0.7960883270991331D0,-0.01255317737738569D0,0.208592014174275D0, 0000007P    370
0.7808516446471571D0,-0.01255317751579159D0,                     0000007P    371
0.2108127239270183D0,0.7656286395643056D0,                       0000007P    372
-0.01255317771818806D0,0.2128227174636848D0,                     0000007P    373
0.7504173864124721D0,-0.01255317794724413D0,                     0000007P    374
0.2146800904573228D0,0.7352164409968927D0,                       0000007P    375
-0.01255317816871407D0,0.2164315613187658D0,                     0000007P    376
0.7200249218993887D0,-0.01255317836363275D0,                     0000007P    377
0.2181088098589298D0,0.7048436673785154D0,-0.0125531785477922D0, 0000007P    378
0.219704431983118D0,0.6896732494824979D0,-0.01255317873096155D0, 0000007P    379
0.2212178705472972D0,0.6745143305381216D0,                       0000007P    380
-0.01255317892426966D0,0.2226467236586569D0,                     0000007P    381
0.6593665334317658D0,-0.01255317914790458D0,                     0000007P    382
0.2239996213718901D0,0.6442293688662599D0,                       0000007P    383
-0.01255317941983361D0,0.2252848669149956D0,                     0000007P    384
0.6291023740133709D0,-0.01255317976636588D0,                     0000007P    385
0.2265113850438249D0,0.6139849695022815D0,                       0000007P    386
-0.01255318016617327D0,0.2276843461001384D0,                     0000007P    387
0.5988764377728414D0,-0.01255318057390866D0,0.22880689854697D0,  0000007P    388
0.5837760850820178D0,-0.01255318094544569D0,                     0000007P    389
0.2298826591061937D0,0.5686831206145495D0,                       0000007P    390
-0.01255318125527811D0,0.2309150313961101D0,                     0000007P    391
0.5535964490815789D0,-0.01255318153647306D0,                     0000007P    392
0.2319072625591685D0,0.5385149958459786D0,                       0000007P    393
-0.01255318181255766D0,0.2328625719542371D0,                     0000007P    394
0.5234376658548007D0,-0.0125531821120311D0,0.233784256913195D0,  0000007P    395
0.5083631298670926D0,-0.0125531824233691D0,0.2346741325092787D0, 0000007P    396
0.4932900075297558D0,-0.01255318273224272D0,                     0000007P    397
0.2355338524061507D0,0.4782169367240813D0,                       0000007P    398
-0.01255318302276415D0,0.2363651413206427D0,                     0000007P    399
0.4631424995329698D0,-0.01255318329092159D0,                     0000007P    400
0.2371694822751466D0,0.4480652349397161D0,                       0000007P    401
-0.01255318354349486D0,0.2379481403036549D0,                     0000007P    402
0.4329837124132104D0,-0.0125531837853114D0,0.2387024524335781D0, 0000007P    403
0.417896510470094D0,-0.01255318402019709D0,0.2394335932413674D0, 0000007P    404
0.4028021658003738D0,-0.01255318424060559D0,                     0000007P    405
0.2401417925125922D0,0.3876992645531135D0,                       0000007P    406
-0.01255318444061483D0,0.2408273548346534D0,                     0000007P    407
0.3725864433193162D0,-0.01255318461193946D0,                     0000007P    408
0.2414905695757679D0,0.3574623848605071D0,                       0000007P    409
-0.01255318476184375D0,0.2421315924067217D0,                     0000007P    410
0.3423258447107315D0,-0.0125531849011054D0,0.2427505167547951D0, 0000007P    411
0.3271756518824551D0,-0.01255318504174256D0,                     0000007P    412
0.2433474938969599D0,0.3120107585537582D0,-0.0125531851863299D0, 0000007P    413
0.2439224194896099D0,0.296830280116979D0,-0.01255318532227813D0, 0000007P    414
0.2444748003852882D0,0.2816334315545466D0,                       0000007P    415
-0.01255318543968089D0,0.2450042053112407D0,                     0000007P    416
0.2664195338982258D0,-0.01255318552831726D0,                     0000007P    417
0.2455101731684396D0,0.2511880970483445D0,                       0000007P    418
-0.01255318559556076D0,0.2459921531994947D0,                     0000007P    419
0.2359387719484586D0,-0.01255318564806055D0,                     0000007P    420
0.2464495929754659D0,0.2206713153518244D0,                       0000007P    421
-0.01255318569353319D0,0.2468819067612877D0,                     0000007P    422
0.2053858295363207D0,-0.0125531857342391D0,0.247288648813783D0,  0000007P    423
0.1900826442145791D0,-0.01255318576999451D0,                     0000007P    424
0.2476694144634224D0,0.1747622167402154D0,-0.0125531858012795D0, 0000007P    425
0.2480238465393758D0,0.1594250212224247D0,                       0000007P    426
-0.01255318582811879D0,0.2483513175457263D0,                     0000007P    427
0.1440715065129038D0,-0.01255318584993225D0,0.248650599111826D0, 0000007P    428
0.1287023700467228D0,-0.01255318586624007D0,                     0000007P    429
0.2489205673388813D0,0.1133185375109732D0,                       0000007P    430
-0.01255318587651231D0,0.249160019100819D0,                      0000007P    431
0.09792228530811657D0,-0.01255318588240414D0,                    0000007P    432
0.2493704957743209D0,0.08251558437029288D0,                      0000007P    433
-0.01255318588553229D0,0.2495532388344696D0,                     0000007P    434
0.06710053827770021D0,-0.01255318588774928D0,                    0000007P    435
0.2497107800426578D0,0.05167707160353222D0,                      0000007P    436
-0.01255318588954792D0,0.249838354309552D0,                      0000007P    437
0.03624540801688758D0,-0.01255318589075346D0,                    0000007P    438
0.2499284673933017D0,0.02080748600079846D0,                      0000007P    439
-0.01255318589131698D0,0.2499713599471351D0,                     0000007P    440
0.005368057283894573D0,-0.01255318589129705D0,                   0000007P    441
0.2499697784753821D0,-0.01007082456293161D0,                     0000007P    442
-0.01255318589109376D0,0.2499543169792887D0,                     0000007P    443
-0.02036368514846991D0,-0.01255318589106346D0,                   0000007P    444
0.2499520131185035D0,-0.02551000076152426D0,                     0000007P    445
-0.01255318589113458D0,0.2499574220542223D0,                     0000007P    446
0.8418369992384761D0,-0.02505068346716575D0,                     0000007P    447
0.1985113017976889D0,0.8367558185143146D0,                       0000007P    448
-0.02505068344663989D0,0.1992944979248005D0,0.826589757918611D0, 0000007P    449
-0.02505068341980568D0,0.2009215754413933D0,                     0000007P    450
0.8113372186054482D0,-0.02505068339291611D0,                     0000007P    451
0.2034196159162661D0,0.7960883270991351D0,                       0000007P    452
-0.02505068335208354D0,0.2058570443204078D0,                     0000007P    453
0.7808516446471564D0,-0.02505068326339789D0,                     0000007P    454
0.2080937056392331D0,0.7656286395643065D0,                       0000007P    455
-0.02505068313370956D0,0.2101270661356524D0,                     0000007P    456
0.7504173864124729D0,-0.02505068298693883D0,                     0000007P    457
0.2120136271654809D0,0.735216440996893D0,-0.02505068284502899D0, 0000007P    458
0.213798914337315D0,0.7200249218993897D0,-0.02505068272013218D0, 0000007P    459
0.2155137350556625D0,0.7048436673785164D0,                       0000007P    460
-0.02505068260212947D0,0.2171507361847035D0,                     0000007P    461
0.6896732494824979D0,-0.02505068248476119D0,                     0000007P    462
0.2187092492441124D0,0.6745143305381225D0,                       0000007P    463
-0.02505068236089639D0,0.2201868041282082D0,                     0000007P    464
0.6593665334317672D0,-0.02505068221759935D0,                     0000007P    465
0.2215918239801993D0,0.6442293688662604D0,                       0000007P    466
-0.02505068204335736D0,0.2229324071901012D0,                     0000007P    467
0.6291023740133718D0,-0.02505068182131256D0,                     0000007P    468
0.2242172859629087D0,0.6139849695022813D0,                       0000007P    469
-0.02505068156513115D0,0.2254513770244279D0,                     0000007P    470
0.5988764377728415D0,-0.02505068130386977D0,0.22663754520662D0,  0000007P    471
0.5837760850820187D0,-0.02505068106580297D0,                     0000007P    472
0.2277791264566789D0,0.5686831206145507D0,                       0000007P    473
-0.02505068086727407D0,0.228879270409091D0,0.5535964490815796D0, 0000007P    474
-0.02505068068709496D0,0.2299410512042497D0,                     0000007P    475
0.5385149958459796D0,-0.02505068051019035D0,0.230967504416094D0, 0000007P    476
0.5234376658548001D0,-0.02505068031829917D0,                     0000007P    477
0.2319617477334391D0,0.5083631298670938D0,                       0000007P    478
-0.02505068011880559D0,0.2329254136846724D0,                     0000007P    479
0.4932900075297555D0,-0.02505067992089111D0,                     0000007P    480
0.2338599690744527D0,0.4782169367240819D0,                       0000007P    481
-0.02505067973473605D0,0.2347669709847285D0,0.463142499532969D0, 0000007P    482
-0.02505067956291094D0,0.2356476453398241D0,                     0000007P    483
0.4480652349397163D0,-0.02505067940107158D0,0.236502922410467D0, 0000007P    484
0.4329837124132105D0,-0.02505067924612472D0,                     0000007P    485
0.2373338137247826D0,0.417896510470094D0,-0.02505067909561894D0, 0000007P    486
0.238141194533353D0,0.402802165800374D0,-0.02505067895438952D0,  0000007P    487
0.2389252075360971D0,0.3876992645531129D0,                       0000007P    488
-0.02505067882623117D0,0.2396860411846532D0,                     0000007P    489
0.3725864433193166D0,-0.02505067871645287D0,0.240423905146123D0, 0000007P    490
0.3574623848605077D0,-0.02505067862039984D0,                     0000007P    491
0.2411386349523131D0,0.3423258447107312D0,                       0000007P    492
-0.02505067853116625D0,0.241829951359498D0,0.3271756518824555D0, 0000007P    493
-0.02505067844105127D0,0.242497603006181D0,0.3120107585537585D0, 0000007P    494
-0.02505067834840519D0,0.2431412673828639D0,                     0000007P    495
0.2968302801169796D0,-0.02505067826129471D0,0.24376052780811D0,  0000007P    496
0.2816334315545473D0,-0.02505067818606747D0,                     0000007P    497
0.2443549757033796D0,0.2664195338982261D0,                       0000007P    498
-0.02505067812927261D0,0.2449241767558781D0,                     0000007P    499
0.2511880970483446D0,-0.02505067808618548D0,                     0000007P    500
0.2454672340091734D0,0.2359387719484591D0,                       0000007P    501
-0.02505067805254556D0,0.2459832652038288D0,                     0000007P    502
0.2206713153518243D0,-0.02505067802340835D0,                     0000007P    503
0.2464713200263458D0,0.2053858295363211D0,                       0000007P    504
-0.02505067799732549D0,0.2469307661273369D0,0.190082644214579D0, 0000007P    505
-0.02505067797441475D0,0.2473610908800161D0,                     0000007P    506
0.1747622167402155D0,-0.02505067795436847D0,                     0000007P    507
0.2477618098615753D0,0.1594250212224248D0,                       0000007P    508
-0.02505067793717085D0,0.2481321693640407D0,                     0000007P    509
0.1440715065129037D0,-0.02505067792319356D0,                     0000007P    510
0.2484708041595177D0,0.1287023700467231D0,                       0000007P    511
-0.02505067791274408D0,0.2487764554794887D0,                     0000007P    512
0.1133185375109732D0,-0.025050677906162D0,0.249047779865289D0,   0000007P    513
0.09792228530811654D0,-0.02505067790238668D0,                    0000007P    514
0.2492863855771721D0,0.08251558437029287D0,                      0000007P    515
-0.02505067790038224D0,0.2494935486926465D0,                     0000007P    516
0.06710053827770038D0,-0.02505067789896166D0,                    0000007P    517
0.2496719727140868D0,0.05167707160353222D0,                      0000007P    518
-0.0250506778978091D0,0.2498162929529353D0,                      0000007P    519
0.03624540801688755D0,-0.02505067789703664D0,                    0000007P    520
0.2499181464143883D0,0.0208074860007985D0,                       0000007P    521
-0.02505067789667557D0,0.2499665985736733D0,                     0000007P    522
0.005368057283894579D0,-0.02505067789668831D0,                   0000007P    523
0.2499648155434435D0,-0.01007082456293161D0,                     0000007P    524
-0.02505067789681857D0,0.2499473493079616D0,                     0000007P    525
-0.02036368514846995D0,-0.02505067789683798D0,                   0000007P    526
0.2499447467522739D0,-0.02551000076152428D0,                     0000007P    527
-0.02505067789679242D0,0.2499508569734494D0,0.841836999238476D0, 0000007P    528
-0.03744007006712047D0,0.1939652103846801D0,                     0000007P    529
0.8367558185143137D0,-0.03744007006867822D0,                     0000007P    530
0.1947549173087088D0,0.8265897579186116D0,                       0000007P    531
-0.03744007007070505D0,0.1963912400328209D0,                     0000007P    532
0.8113372186054481D0,-0.03744007007272207D0,                     0000007P    533
0.1988995718298677D0,0.7960883270991335D0,                       0000007P    534
-0.03744007007580683D0,0.201351070726371D0,0.7808516446471568D0, 0000007P    535
-0.03744007008255595D0,0.2036142749078476D0,                     0000007P    536
0.7656286395643058D0,-0.03744007009244506D0,                     0000007P    537
0.2056869902186912D0,0.7504173864124724D0,                       0000007P    538
-0.03744007010364268D0,0.2076224787306967D0,                     0000007P    539
0.7352164409968927D0,-0.03744007011446866D0,                     0000007P    540
0.2094636895792779D0,0.7200249218993889D0,                       0000007P    541
-0.03744007012399259D0,0.2112397630883007D0,                     0000007P    542
0.7048436673785162D0,-0.03744007013298935D0,                     0000007P    543
0.2129440251080852D0,0.6896732494824974D0,                       0000007P    544
-0.03744007014193838D0,0.2145760726707256D0,                     0000007P    545
0.6745143305381219D0,-0.03744007015138575D0,                     0000007P    546
0.2161338123015829D0,0.6593665334317663D0,                       0000007P    547
-0.03744007016232227D0,0.2176249702237179D0,                     0000007P    548
0.6442293688662607D0,-0.03744007017562977D0,                     0000007P    549
0.2190569788119173D0,0.6291023740133713D0,-0.0374400701925994D0, 0000007P    550
0.2204378308596197D0,0.6139849695022812D0,                       0000007P    551
-0.03744007021218465D0,0.221772140746866D0,0.5988764377728414D0, 0000007P    552
-0.03744007023216014D0,0.2230626945312027D0,                     0000007P    553
0.5837760850820181D0,-0.03744007025036068D0,                     0000007P    554
0.2243127351177941D0,0.5686831206145498D0,                       0000007P    555
-0.03744007026553446D0,0.2255251767011581D0,                     0000007P    556
0.5535964490815793D0,-0.0374400702793043D0,0.2267023967397701D0, 0000007P    557
0.5385149958459788D0,-0.03744007029282464D0,                     0000007P    558
0.2278468152399801D0,0.5234376658548007D0,                       0000007P    559
-0.03744007030749413D0,0.2289608841685363D0,                     0000007P    560
0.5083631298670932D0,-0.03744007032274703D0,                     0000007P    561
0.2300460694686799D0,0.4932900075297557D0,                       0000007P    562
-0.03744007033788017D0,0.2311037007212339D0,                     0000007P    563
0.4782169367240818D0,-0.03744007035211371D0,                     0000007P    564
0.2321352465864091D0,0.4631424995329693D0,                       0000007P    565
-0.03744007036525082D0,0.2331415587431658D0,                     0000007P    566
0.4480652349397163D0,-0.03744007037762425D0,                     0000007P    567
0.2341229389703126D0,0.43298371241321D0,-0.03744007038947101D0,  0000007P    568
0.2350798088614516D0,0.4178965104700942D0,                       0000007P    569
-0.03744007040097873D0,0.2360125064260781D0,0.402802165800374D0, 0000007P    570
-0.03744007041177722D0,0.2369211001968384D0,                     0000007P    571
0.3876992645531131D0,-0.03744007042157558D0,                     0000007P    572
0.2378056469116691D0,0.3725864433193166D0,                       0000007P    573
-0.03744007042996733D0,0.2386662827194625D0,                     0000007P    574
0.3574623848605071D0,-0.03744007043730868D0,                     0000007P    575
0.2395024066505657D0,0.3423258447107312D0,                       0000007P    576
-0.03744007044412868D0,0.2403132117815656D0,                     0000007P    577
0.3271756518824556D0,-0.0374400704510169D0,0.2410979173820892D0, 0000007P    578
0.312010758553758D0,-0.03744007045809969D0,0.2418557626155098D0, 0000007P    579
0.2968302801169794D0,-0.03744007046475926D0,                     0000007P    580
0.2425860475630874D0,0.2816334315545466D0,                       0000007P    581
-0.03744007047050955D0,0.2432880471509833D0,                     0000007P    582
0.2664195338982258D0,-0.03744007047484905D0,                     0000007P    583
0.2439610194500804D0,0.2511880970483447D0,                       0000007P    584
-0.03744007047813937D0,0.2446038759904049D0,                     0000007P    585
0.2359387719484586D0,-0.03744007048070698D0,                     0000007P    586
0.2452155361863504D0,0.2206713153518245D0,-0.0374400704829304D0, 0000007P    587
0.2457948577413038D0,0.2053858295363209D0,                       0000007P    588
-0.03744007048492057D0,0.2463409667718193D0,                     0000007P    589
0.1900826442145792D0,-0.03744007048666843D0,                     0000007P    590
0.2468530800691976D0,0.1747622167402154D0,                       0000007P    591
-0.03744007048819756D0,0.2473304665123517D0,                     0000007P    592
0.1594250212224247D0,-0.03744007048950918D0,                     0000007P    593
0.2477720400512072D0,0.1440715065129038D0,                       0000007P    594
-0.03744007049057468D0,0.2481759204463687D0,                     0000007P    595
0.1287023700467227D0,-0.03744007049137058D0,0.248540365484077D0, 0000007P    596
0.1133185375109732D0,-0.03744007049187063D0,                     0000007P    597
0.2488635222424731D0,0.09792228530811652D0,                      0000007P    598
-0.03744007049215623D0,0.2491475830068641D0,                     0000007P    599
0.08251558437029292D0,-0.03744007049230665D0,                    0000007P    600
0.2493943278549027D0,0.06710053827770032D0,                      0000007P    601
-0.03744007049241281D0,0.2496073180842476D0,                     0000007P    602
0.05167707160353222D0,-0.03744007049249892D0,                    0000007P    603
0.2497800338584983D0,0.03624540801688755D0,                      0000007P    604
-0.0374400704925566D0,0.2499021652953057D0,                      0000007P    605
0.02080748600079848D0,-0.03744007049258355D0,                    0000007P    606
0.2499603404757194D0,0.005368057283894574D0,                     0000007P    607
-0.03744007049258261D0,0.2499581904797259D0,                     0000007P    608
-0.01007082456293163D0,-0.03744007049257288D0,                   0000007P    609
0.2499372210282864D0,-0.02036368514846991D0,                     0000007P    610
-0.03744007049257142D0,0.2499340964121471D0,                     0000007P    611
-0.02551000076152427D0,-0.03744007049257482D0,                   0000007P    612
0.2499414322658369D0,0.8418369992384761D0,                       0000007P    613
-0.04967426625010721D0,0.1877065206881551D0,                     0000007P    614
0.8367558185143139D0,-0.04967426625342947D0,                     0000007P    615
0.1885051695246103D0,0.8265897579186108D0,                       0000007P    616
-0.04967426625779822D0,0.1901542276358796D0,                     0000007P    617
0.8113372186054484D0,-0.04967426626221268D0,                     0000007P    618
0.1926767855517613D0,0.7960883270991334D0,                       0000007P    619
-0.04967426626885883D0,0.1951476657019154D0,                     0000007P    620
0.7808516446471571D0,-0.04967426628316449D0,                     0000007P    621
0.1974472458802003D0,0.7656286395643054D0,                       0000007P    622
-0.04967426630403295D0,0.1995738771499385D0,0.750417386412473D0, 0000007P    623
-0.04967426632763454D0,0.2015765204014407D0,                     0000007P    624
0.7352164409968931D0,-0.04967426635045653D0,                     0000007P    625
0.2034947448247771D0,0.7200249218993896D0,                       0000007P    626
-0.04967426637055346D0,0.2053554351030076D0,                     0000007P    627
0.7048436673785151D0,-0.04967426638954481D0,                     0000007P    628
0.2071526205399706D0,0.689673249482498D0,-0.04967426640843246D0, 0000007P    629
0.2088860808456136D0,0.6745143305381217D0,                       0000007P    630
-0.04967426642835766D0,0.2105540439616818D0,                     0000007P    631
0.6593665334317669D0,-0.04967426645139035D0,                     0000007P    632
0.2121635078760995D0,0.6442293688662597D0,                       0000007P    633
-0.04967426647937281D0,0.2137211987010157D0,0.629102374013372D0, 0000007P    634
-0.04967426651500249D0,0.2152343746848388D0,                     0000007P    635
0.6139849695022809D0,-0.04967426655609229D0,                     0000007P    636
0.2167071008967441D0,0.5988764377728416D0,                       0000007P    637
-0.04967426659799157D0,0.218141713877558D0,0.5837760850820179D0, 0000007P    638
-0.04967426663617552D0,0.2195409909467625D0,                     0000007P    639
0.5686831206145505D0,-0.04967426666802829D0,0.220907374276713D0, 0000007P    640
0.5535964490815793D0,-0.04967426669694082D0,                     0000007P    641
0.2222427268567555D0,0.5385149958459797D0,                       0000007P    642
-0.04967426672532586D0,0.2235489636148871D0,                     0000007P    643
0.5234376658548001D0,-0.04967426675610589D0,                     0000007P    644
0.2248280337423207D0,0.5083631298670939D0,                       0000007P    645
-0.04967426678809927D0,0.2260808812899811D0,                     0000007P    646
0.4932900075297548D0,-0.04967426681983698D0,                     0000007P    647
0.2273083159372373D0,0.4782169367240822D0,                       0000007P    648
-0.04967426684969001D0,0.2285112807051757D0,                     0000007P    649
0.4631424995329692D0,-0.04967426687724706D0,                     0000007P    650
0.2296901394416884D0,0.4480652349397163D0,                       0000007P    651
-0.04967426690320306D0,0.2308447384132247D0,                     0000007P    652
0.4329837124132105D0,-0.049674266928053D0,0.2319750407434032D0,  0000007P    653
0.417896510470094D0,-0.04967426695218917D0,0.23308091135249D0,   0000007P    654
0.4028021658003739D0,-0.04967426697483772D0,0.234161832112409D0, 0000007P    655
0.3876992645531133D0,-0.04967426699539178D0,                     0000007P    656
0.2352172900512991D0,0.3725864433193166D0,                       0000007P    657
-0.04967426701300187D0,0.236246816872191D0,0.3574623848605075D0, 0000007P    658
-0.04967426702841315D0,0.2372494312788848D0,                     0000007P    659
0.3423258447107312D0,-0.0496742670427308D0,0.238223996719833D0,  0000007P    660
0.3271756518824554D0,-0.0496742670571876D0,0.2391694107380815D0, 0000007P    661
0.3120107585537584D0,-0.04967426707204752D0,                     0000007P    662
0.2400844806520267D0,0.2968302801169794D0,                       0000007P    663
-0.04967426708601955D0,0.2409678980756557D0,                     0000007P    664
0.2816334315545471D0,-0.04967426709808777D0,                     0000007P    665
0.2418183555904943D0,0.2664195338982258D0,                       0000007P    666
-0.04967426710720395D0,0.2426345251138497D0,                     0000007P    667
0.2511880970483443D0,-0.04967426711412446D0,                     0000007P    668
0.2434150548940771D0,0.2359387719484591D0,                       0000007P    669
-0.04967426711953109D0,0.2441585818416911D0,                     0000007P    670
0.2206713153518242D0,-0.04967426712421539D0,                     0000007P    671
0.2448637072478725D0,0.2053858295363208D0,                       0000007P    672
-0.04967426712840907D0,0.2455291383232169D0,0.190082644214579D0, 0000007P    673
-0.04967426713209348D0,0.2461536070431088D0,                     0000007P    674
0.1747622167402156D0,-0.04967426713531771D0,                     0000007P    675
0.2467358848952473D0,0.1594250212224248D0,                       0000007P    676
-0.04967426713808444D0,0.2472744932426046D0,                     0000007P    677
0.1440715065129037D0,-0.04967426714033429D0,                     0000007P    678
0.2477673975050824D0,0.1287023700467228D0,                       0000007P    679
-0.04967426714201819D0,0.2482126614293542D0,                     0000007P    680
0.1133185375109732D0,-0.04967426714308211D0,                     0000007P    681
0.2486082395854772D0,0.09792228530811645D0,                      0000007P    682
-0.04967426714369559D0,0.2489564110646555D0,                     0000007P    683
0.08251558437029294D0,-0.04967426714402451D0,                    0000007P    684
0.2492589681727768D0,0.06710053827770034D0,                      0000007P    685
-0.04967426714425874D0,0.2495197965513888D0,                     0000007P    686
0.05167707160353224D0,-0.04967426714444886D0,                    0000007P    687
0.2497309454707961D0,0.03624540801688753D0,                      0000007P    688
-0.04967426714457635D0,0.2498800658363936D0,                     0000007P    689
0.0208074860007985D0,-0.04967426714463605D0,                     0000007P    690
0.2499510350519921D0,0.005368057283894574D0,                     0000007P    691
-0.04967426714463388D0,0.2499484196216799D0,                     0000007P    692
-0.01007082456293161D0,-0.0496742671446124D0,                    0000007P    693
0.2499228370772932D0,-0.02036368514846995D0,                     0000007P    694
-0.04967426714460912D0,0.2499190251250266D0,                     0000007P    695
-0.02551000076152428D0,-0.04967426714461669D0,                   0000007P    696
0.2499279747198255D0,0.8418369992384757D0,                       0000007P    697
-0.06171439450577719D0,0.1798316464697176D0,                     0000007P    698
0.8367558185143146D0,-0.06171439450434305D0,                     0000007P    699
0.1806415574547753D0,0.8265897579186108D0,                       0000007P    700
-0.06171439450247047D0,0.1823066910890509D0,                     0000007P    701
0.8113372186054472D0,-0.06171439450059719D0,                     0000007P    702
0.1848472531994951D0,0.7960883270991338D0,                       0000007P    703
-0.06171439449774767D0,0.1873425956965721D0,                     0000007P    704
0.7808516446471557D0,-0.06171439449154698D0,                     0000007P    705
0.1896879221981426D0,0.7656286395643054D0,-0.0617143944824748D0, 0000007P    706
0.1918822947992366D0,0.7504173864124725D0,                       0000007P    707
-0.06171439447220642D0,0.193969326679721D0,0.7352164409968919D0, 0000007P    708
-0.06171439446227828D0,0.1959843974998423D0,                     0000007P    709
0.7200249218993884D0,-0.06171439445354128D0,                     0000007P    710
0.1979515784439037D0,0.7048436673785173D0,                       0000007P    711
-0.06171439444528701D0,0.1998657246103645D0,                     0000007P    712
0.6896732494824965D0,-0.0617143944370768D0,0.201726801126555D0,  0000007P    713
0.6745143305381228D0,-0.06171439442841155D0,                     0000007P    714
0.2035333917819246D0,0.6593665334317659D0,                       0000007P    715
-0.06171439441838526D0,0.205291622122725D0,0.6442293688662603D0, 0000007P    716
-0.06171439440619152D0,0.207007370233038D0,0.6291023740133702D0, 0000007P    717
-0.06171439439064997D0,0.208687021787695D0,0.6139849695022812D0, 0000007P    718
-0.06171439437271735D0,0.2103339388637915D0,                     0000007P    719
0.5988764377728413D0,-0.06171439435442883D0,                     0000007P    720
0.2119498481859466D0,0.5837760850820181D0,                       0000007P    721
-0.06171439433776434D0,0.2135368997595222D0,                     0000007P    722
0.5686831206145501D0,-0.06171439432386828D0,                     0000007P    723
0.2150969204415042D0,0.553596449081579D0,-0.06171439431125707D0, 0000007P    724
0.2166311693208587D0,0.5385149958459793D0,                       0000007P    725
-0.06171439429887481D0,0.2181409581241508D0,                     0000007P    726
0.5234376658547997D0,-0.06171439428544272D0,                     0000007P    727
0.2196276432778642D0,0.508363129867093D0,-0.06171439427147801D0, 0000007P    728
0.2210914790029756D0,0.4932900075297555D0,-0.0617143942576235D0, 0000007P    729
0.2225325839117213D0,0.4782169367240813D0,                       0000007P    730
-0.06171439424459239D0,0.2239511944150014D0,                     0000007P    731
0.4631424995329696D0,-0.06171439423256447D0,0.225347063689896D0, 0000007P    732
0.4480652349397162D0,-0.06171439422123572D0,                     0000007P    733
0.2267195110101208D0,0.43298371241321D0,-0.0617143942103893D0,   0000007P    734
0.2280679619456303D0,0.4178965104700939D0,                       0000007P    735
-0.06171439419985363D0,0.2293917178084091D0,                     0000007P    736
0.4028021658003738D0,-0.06171439418996733D0,                     0000007P    737
0.2306894854282899D0,0.3876992645531132D0,                       0000007P    738
-0.06171439418099623D0,0.2319600051787112D0,                     0000007P    739
0.3725864433193161D0,-0.06171439417331204D0,                     0000007P    740
0.2332020146292027D0,0.3574623848605072D0,                       0000007P    741
-0.06171439416658879D0,0.2344140365890142D0,                     0000007P    742
0.3423258447107311D0,-0.06171439416034299D0,                     0000007P    743
0.2355945100857118D0,0.3271756518824557D0,                       0000007P    744
-0.06171439415403529D0,0.2367419044860685D0,                     0000007P    745
0.3120107585537579D0,-0.06171439414755014D0,                     0000007P    746
0.2378545147830441D0,0.2968302801169797D0,                       0000007P    747
-0.06171439414145251D0,0.2389303814697864D0,                     0000007P    748
0.2816334315545463D0,-0.06171439413618682D0,                     0000007P    749
0.2399675653754484D0,0.2664195338982258D0,                       0000007P    750
-0.06171439413221189D0,0.2409640997757227D0,                     0000007P    751
0.2511880970483445D0,-0.06171439412919656D0,                     0000007P    752
0.2419181437118928D0,0.2359387719484586D0,                       0000007P    753
-0.06171439412684282D0,0.242827837511918D0,0.2206713153518244D0, 0000007P    754
-0.0617143941248042D0,0.2436912769014022D0,0.2053858295363208D0, 0000007P    755
-0.06171439412297933D0,0.2445066954051272D0,                     0000007P    756
0.1900826442145791D0,-0.0617143941213764D0,0.2452723668554828D0, 0000007P    757
0.1747622167402154D0,-0.06171439411997409D0,                     0000007P    758
0.2459865893913786D0,0.1594250212224247D0,                       0000007P    759
-0.06171439411877096D0,0.2466474452489518D0,                     0000007P    760
0.1440715065129036D0,-0.06171439411779327D0,                     0000007P    761
0.2472525317985299D0,0.1287023700467229D0,                       0000007P    762
-0.06171439411706252D0,0.2477995334416372D0,                     0000007P    763
0.1133185375109731D0,-0.0617143941166025D0,0.2482860130884616D0, 0000007P    764
0.09792228530811656D0,-0.06171439411633899D0,                    0000007P    765
0.2487145237038045D0,0.08251558437029283D0,                      0000007P    766
-0.06171439411619928D0,0.2490870291891359D0,                     0000007P    767
0.06710053827770035D0,-0.06171439411610048D0,                    0000007P    768
0.2494080203003946D0,0.05167707160353217D0,                      0000007P    769
-0.06171439411602019D0,0.2496677061569D0,0.0362454080168876D0,   0000007P    770
-0.06171439411596648D0,0.2498510200858445D0,                     0000007P    771
0.02080748600079848D0,-0.06171439411594136D0,                    0000007P    772
0.2499382343878929D0,0.005368057283894575D0,                     0000007P    773
-0.06171439411594226D0,0.2499350236874912D0,                     0000007P    774
-0.01007082456293161D0,-0.06171439411595125D0,                   0000007P    775
0.2499035845517577D0,-0.02036368514846991D0,                     0000007P    776
-0.06171439411595265D0,0.249898899956159D0,                      0000007P    777
-0.02551000076152427D0,-0.06171439411594946D0,                   0000007P    778
0.2499098983369135D0,0.841836999238476D0,-0.07352434405399717D0, 0000007P    779
0.1704510396411202D0,0.8367558185143135D0,                       0000007P    780
-0.07352434405364916D0,0.1712742938930711D0,                     0000007P    781
0.8265897579186113D0,-0.0735243440530538D0,0.1729584592669262D0, 0000007P    782
0.8113372186054483D0,-0.07352434405225522D0,                     0000007P    783
0.1755203174784498D0,0.7960883270991342D0,                       0000007P    784
-0.07352434405135815D0,0.1780446217944096D0,                     0000007P    785
0.7808516446471566D0,-0.07352434405012186D0,                     0000007P    786
0.1804441751778682D0,0.7656286395643058D0,                       0000007P    787
-0.07352434404859745D0,0.182718877967958D0,0.7504173864124727D0, 0000007P    788
-0.07352434404695732D0,0.1849059883903689D0,                     0000007P    789
0.7352164409968931D0,-0.07352434404536018D0,                     0000007P    790
0.1870359015779818D0,0.7200249218993892D0,                       0000007P    791
-0.07352434404389466D0,0.1891293585212354D0,                     0000007P    792
0.7048436673785162D0,-0.07352434404248892D0,                     0000007P    793
0.1911822468234665D0,0.6896732494824976D0,                       0000007P    794
-0.07352434404109988D0,0.1931947960945055D0,                     0000007P    795
0.6745143305381216D0,-0.07352434403967717D0,                     0000007P    796
0.1951660596099183D0,0.6593665334317663D0,                       0000007P    797
-0.07352434403813266D0,0.1971010448037789D0,                     0000007P    798
0.6442293688662601D0,-0.07352434403638822D0,                     0000007P    799
0.1990045487996161D0,0.6291023740133709D0,                       0000007P    800
-0.07352434403432805D0,0.2008818177658391D0,                     0000007P    801
0.6139849695022813D0,-0.07352434403204838D0,                     0000007P    802
0.2027354435733645D0,0.5988764377728416D0,                       0000007P    803
-0.07352434402975155D0,0.2045665762990648D0,                     0000007P    804
0.5837760850820183D0,-0.07352434402763491D0,                     0000007P    805
0.2063767701348362D0,0.5686831206145498D0,-0.0735243440258127D0, 0000007P    806
0.208167181599232D0,0.5535964490815796D0,-0.07352434402413714D0, 0000007P    807
0.2099381383302244D0,0.5385149958459788D0,                       0000007P    808
-0.07352434402250362D0,0.2116900690421039D0,                     0000007P    809
0.5234376658548006D0,-0.07352434402078512D0,                     0000007P    810
0.2134234257473054D0,0.5083631298670933D0,                       0000007P    811
-0.07352434401903161D0,0.2151377810314317D0,                     0000007P    812
0.4932900075297555D0,-0.07352434401730565D0,                     0000007P    813
0.2168325886149909D0,0.4782169367240817D0,-0.0735243440156762D0, 0000007P    814
0.2185074372612313D0,0.4631424995329689D0,                       0000007P    815
-0.07352434401416118D0,0.2201613361448517D0,                     0000007P    816
0.4480652349397165D0,-0.07352434401273127D0,                     0000007P    817
0.2217927739914728D0,0.4329837124132102D0,                       0000007P    818
-0.07352434401136587D0,0.2234003591926883D0,                     0000007P    819
0.4178965104700944D0,-0.07352434401004845D0,                     0000007P    820
0.2249825926979725D0,0.4028021658003738D0,                       0000007P    821
-0.07352434400881153D0,0.2265375338179071D0,                     0000007P    822
0.3876992645531133D0,-0.07352434400767999D0,                     0000007P    823
0.2280632547164182D0,0.372586443319317D0,-0.07352434400668983D0, 0000007P    824
0.2295578406803386D0,0.3574623848605072D0,                       0000007P    825
-0.07352434400580758D0,0.231019048720668D0,0.3423258447107315D0, 0000007P    826
-0.0735243440049847D0,0.232444528524499D0,0.3271756518824555D0,  0000007P    827
-0.07352434400416633D0,0.2338319286272494D0,                     0000007P    828
0.3120107585537582D0,-0.07352434400334101D0,                     0000007P    829
0.2351788629110498D0,0.2968302801169793D0,                       0000007P    830
-0.07352434400256516D0,0.2364829131994718D0,                     0000007P    831
0.2816334315545472D0,-0.07352434400188304D0,                     0000007P    832
0.2377416359858785D0,0.2664195338982255D0,                       0000007P    833
-0.07352434400134068D0,0.2389525599548669D0,                     0000007P    834
0.2511880970483448D0,-0.07352434400090449D0,0.240113035740923D0, 0000007P    835
0.2359387719484589D0,-0.07352434400054432D0,                     0000007P    836
0.2412204170085015D0,0.2206713153518244D0,                       0000007P    837
-0.07352434400022517D0,0.2422719317067485D0,                     0000007P    838
0.2053858295363208D0,-0.07352434399993675D0,                     0000007P    839
0.2432653785126396D0,0.190082644214579D0,-0.07352434399967982D0, 0000007P    840
0.2441987713110398D0,0.1747622167402155D0,                       0000007P    841
-0.07352434399945201D0,0.2450701588092938D0,                     0000007P    842
0.1594250212224246D0,-0.07352434399925314D0,                     0000007P    843
0.2458771392630119D0,0.1440715065129038D0,                       0000007P    844
-0.07352434399908468D0,0.2466162853978158D0,                     0000007P    845
0.1287023700467229D0,-0.07352434399894792D0,                     0000007P    846
0.2472843494188988D0,0.1133185375109732D0,                       0000007P    847
-0.07352434399884467D0,0.247877904365696D0,                      0000007P    848
0.09792228530811656D0,-0.07352434399876714D0,                    0000007P    849
0.2484004962277133D0,0.08251558437029294D0,                      0000007P    850
-0.07352434399870858D0,0.2488549271327156D0,                     0000007P    851
0.06710053827770032D0,-0.07352434399866048D0,                    0000007P    852
0.2492472041357274D0,0.05167707160353222D0,                      0000007P    853
-0.07352434399862165D0,0.2495652010531421D0,                     0000007P    854
0.03624540801688757D0,-0.07352434399859475D0,                    0000007P    855
0.2497900249391978D0,0.02080748600079848D0,                      0000007P    856
-0.0735243439985821D0,0.2498971004783867D0,                      0000007P    857
0.00536805728389458D0,-0.07352434399858243D0,                    0000007P    858
0.2498931451938532D0,-0.01007082456293162D0,                     0000007P    859
-0.07352434399858716D0,0.2498545490557622D0,                     0000007P    860
-0.02036368514846995D0,-0.07352434399858779D0,                   0000007P    861
0.249848797935853D0,-0.02551000076152427D0,                      0000007P    862
-0.07352434399858615D0,0.2498623002047665D0,                     0000007P    863
0.8418369992384757D0,-0.08507127379395354D0,                     0000007P    864
0.1596889298988432D0,0.8367558185143136D0,                       0000007P    865
-0.08507127379462422D0,0.1605272266612604D0,                     0000007P    866
0.8265897579186104D0,-0.08507127379574334D0,                     0000007P    867
0.1622327696654251D0,0.8113372186054479D0,                       0000007P    868
-0.08507127379721255D0,0.1648184450701229D0,                     0000007P    869
0.7960883270991331D0,-0.08507127379890003D0,                     0000007P    870
0.1673752880662663D0,0.7808516446471566D0,                       0000007P    871
-0.08507127380133697D0,0.1698361140776056D0,                     0000007P    872
0.7656286395643056D0,-0.08507127380441228D0,                     0000007P    873
0.1722018244997162D0,0.750417386412472D0,-0.08507127380774601D0, 0000007P    874
0.1745025158571477D0,0.7352164409968929D0,                       0000007P    875
-0.08507127381098857D0,0.1767629884295706D0,                     0000007P    876
0.7200249218993884D0,-0.08507127381394605D0,                     0000007P    877
0.1790002124968331D0,0.7048436673785159D0,-0.0850712738167763D0, 0000007P    878
0.181211147533644D0,0.6896732494824976D0,-0.08507127381957581D0, 0000007P    879
0.1833962428668909D0,0.6745143305381218D0,                       0000007P    880
-0.08507127382245562D0,0.1855549981940349D0,                     0000007P    881
0.6593665334317659D0,-0.08507127382561229D0,                     0000007P    882
0.1876912548935047D0,0.64422936886626D0,-0.08507127382922068D0,  0000007P    883
0.1898086750113091D0,0.6291023740133709D0,                       0000007P    884
-0.08507127383353802D0,0.1919113434447395D0,                     0000007P    885
0.6139849695022805D0,-0.08507127383835154D0,                     0000007P    886
0.1940008807717149D0,0.5988764377728409D0,                       0000007P    887
-0.08507127384321228D0,0.1960775730290144D0,                     0000007P    888
0.5837760850820174D0,-0.08507127384768222D0,0.198142084205256D0, 0000007P    889
0.5686831206145502D0,-0.08507127385150846D0,                     0000007P    890
0.2001947262495003D0,0.5535964490815795D0,                       0000007P    891
-0.08507127385501834D0,0.2022350874020401D0,                     0000007P    892
0.5385149958459788D0,-0.08507127385844467D0,                     0000007P    893
0.2042628414256963D0,0.5234376658548002D0,                       0000007P    894
-0.08507127386206904D0,0.2062777142686762D0,                     0000007P    895
0.5083631298670931D0,-0.08507127386578012D0,                     0000007P    896
0.2082782554545401D0,0.4932900075297552D0,                       0000007P    897
-0.08507127386943809D0,0.2102628828125073D0,                     0000007P    898
0.4782169367240819D0,-0.08507127387288918D0,                     0000007P    899
0.2122301184287092D0,0.463142499532969D0,-0.08507127387609362D0, 0000007P    900
0.2141781009292038D0,0.4480652349397162D0,                       0000007P    901
-0.08507127387911695D0,0.2161046240136792D0,                     0000007P    902
0.4329837124132098D0,-0.08507127388200518D0,                     0000007P    903
0.2180075685367263D0,0.4178965104700938D0,                       0000007P    904
-0.08507127388479541D0,0.2198846948970693D0,                     0000007P    905
0.4028021658003742D0,-0.08507127388741498D0,                     0000007P    906
0.2217331659549744D0,0.3876992645531127D0,                       0000007P    907
-0.08507127388980751D0,0.2235501737660385D0,                     0000007P    908
0.3725864433193166D0,-0.08507127389189328D0,                     0000007P    909
0.2253329016431916D0,0.3574623848605072D0,                       0000007P    910
-0.08507127389374536D0,0.2270783132466001D0,0.342325844710731D0, 0000007P    911
-0.08507127389547189D0,0.2287832910624431D0,                     0000007P    912
0.3271756518824556D0,-0.08507127389719341D0,                     0000007P    913
0.2304447003531934D0,0.3120107585537579D0,                       0000007P    914
-0.08507127389893562D0,0.2320593832824214D0,                     0000007P    915
0.2968302801169792D0,-0.08507127390057365D0,                     0000007P    916
0.2336241668517181D0,0.2816334315545467D0,                       0000007P    917
-0.08507127390200897D0,0.2351358417589294D0,                     0000007P    918
0.2664195338982259D0,-0.08507127390313995D0,                     0000007P    919
0.2365911681869071D0,0.2511880970483443D0,                       0000007P    920
-0.08507127390404051D0,0.2379867665697178D0,                     0000007P    921
0.2359387719484591D0,-0.08507127390477738D0,                     0000007P    922
0.2393192633457059D0,0.2206713153518241D0,                       0000007P    923
-0.08507127390542815D0,0.2405851144600212D0,                     0000007P    924
0.2053858295363209D0,-0.08507127390601521D0,                     0000007P    925
0.2417815757590113D0,0.190082644214579D0,-0.08507127390653725D0, 0000007P    926
0.2429062109686953D0,0.1747622167402154D0,                       0000007P    927
-0.08507127390699901D0,0.2439566190830164D0,                     0000007P    928
0.1594250212224248D0,-0.08507127390740128D0,                     0000007P    929
0.2449298351948684D0,0.1440715065129037D0,                       0000007P    930
-0.08507127390773986D0,0.2458216054062863D0,                     0000007P    931
0.1287023700467229D0,-0.08507127390801156D0,                     0000007P    932
0.2466279004542581D0,0.1133185375109732D0,                       0000007P    933
-0.08507127390821249D0,0.2473444723487803D0,                     0000007P    934
0.09792228530811645D0,-0.08507127390835903D0,                    0000007P    935
0.2479754970577414D0,0.08251558437029288D0,                      0000007P    936
-0.0850712739084669D0,0.2485242578027539D0,                      0000007P    937
0.06710053827770027D0,-0.08507127390855487D0,                    0000007P    938
0.2489978851490182D0,0.05167707160353225D0,                      0000007P    939
-0.08507127390862561D0,0.24938174316221D0,0.03624540801688746D0, 0000007P    940
-0.08507127390867469D0,0.2496530866726952D0,                     0000007P    941
0.02080748600079852D0,-0.08507127390869786D0,                    0000007P    942
0.2497823032867107D0,0.005368057283894564D0,                     0000007P    943
-0.08507127390869711D0,0.2497775318756207D0,                     0000007P    944
-0.01007082456293161D0,-0.08507127390868861D0,                   0000007P    945
0.2497309544894773D0,-0.02036368514846991D0,                     0000007P    946
-0.08507127390868739D0,0.2497240141148201D0,                     0000007P    947
-0.02551000076152425D0,-0.08507127390869033D0,                   0000007P    948
0.249740308482038D0,0.8418369992384759D0,-0.09628184401061879D0, 0000007P    949
0.1477158831287645D0,0.836755818514314D0,-0.0962818440109727D0,  0000007P    950
0.1485697071179183D0,0.8265897579186111D0,                       0000007P    951
-0.09628184401173838D0,0.1502967386200877D0,                     0000007P    952
0.8113372186054483D0,-0.09628184401294196D0,                     0000007P    953
0.1529055841167587D0,0.7960883270991331D0,                       0000007P    954
-0.09628184401408825D0,0.1554951786968549D0,                     0000007P    955
0.7808516446471572D0,-0.09628184401503917D0,                     0000007P    956
0.1580203232671681D0,0.7656286395643053D0,                       0000007P    957
-0.09628184401581796D0,0.1604830208928134D0,                     0000007P    958
0.7504173864124721D0,-0.09628184401651507D0,                     0000007P    959
0.1629055025676599D0,0.735216440996893D0,-0.09628184401721378D0, 0000007P    960
0.1653064256345648D0,0.7200249218993894D0,                       0000007P    961
-0.09628184401795839D0,0.1676986151971914D0,0.704843667378516D0, 0000007P    962
-0.09628184401870704D0,0.1700801928938718D0,                     0000007P    963
0.6896732494824981D0,-0.09628184401943236D0,                     0000007P    964
0.1724518363808752D0,0.6745143305381216D0,                       0000007P    965
-0.09628184402010397D0,0.1748135219732247D0,                     0000007P    966
0.6593665334317668D0,-0.09628184402066194D0,                     0000007P    967
0.1771678318522669D0,0.6442293688662601D0,                       0000007P    968
-0.09628184402105222D0,0.1795172007605929D0,                     0000007P    969
0.6291023740133711D0,-0.09628184402119758D0,                     0000007P    970
0.1818644651215471D0,0.6139849695022812D0,                       0000007P    971
-0.09628184402115546D0,0.1842101622307858D0,                     0000007P    972
0.5988764377728409D0,-0.0962818440210516D0,0.186553590756354D0,  0000007P    973
0.5837760850820187D0,-0.09628184402100839D0,                     0000007P    974
0.1888943995081143D0,0.5686831206145495D0,                       0000007P    975
-0.09628184402109592D0,0.1912319529967031D0,                     0000007P    976
0.5535964490815793D0,-0.09628184402122214D0,                     0000007P    977
0.1935650626017424D0,0.5385149958459788D0,                       0000007P    978
-0.09628184402132092D0,0.1958925995852053D0,                     0000007P    979
0.5234376658548001D0,-0.0962818440213131D0,0.1982135220890062D0, 0000007P    980
0.5083631298670931D0,-0.09628184402123321D0,                     0000007P    981
0.2005252715588064D0,0.4932900075297554D0,                       0000007P    982
-0.09628184402112458D0,0.2028251413586571D0,                     0000007P    983
0.4782169367240819D0,-0.09628184402103523D0,                     0000007P    984
0.2051104998590348D0,0.4631424995329691D0,                       0000007P    985
-0.09628184402097675D0,0.2073785266660707D0,                     0000007P    986
0.4480652349397158D0,-0.09628184402092795D0,                     0000007P    987
0.2096262310743844D0,0.4329837124132102D0,                       0000007P    988
-0.09628184402087342D0,0.2118506769054567D0,0.417896510470094D0, 0000007P    989
-0.09628184402080123D0,0.2140487957572393D0,                     0000007P    990
0.4028021658003738D0,-0.09628184402073542D0,0.216216773437047D0, 0000007P    991
0.3876992645531132D0,-0.09628184402069478D0,                     0000007P    992
0.2183508420512693D0,0.3725864433193164D0,-0.0962818440207055D0, 0000007P    993
0.2204471964059024D0,0.357462384860507D0,-0.09628184402074898D0, 0000007P    994
0.2225019691788154D0,0.3423258447107311D0,                       0000007P    995
-0.09628184402079684D0,0.2245112469037039D0,                     0000007P    996
0.3271756518824553D0,-0.09628184402081724D0,                     0000007P    997
0.2264710934430265D0,0.3120107585537578D0,                       0000007P    998
-0.09628184402080377D0,0.228377500084552D0,0.2968302801169795D0, 0000007P    999
-0.09628184402079107D0,0.2302263639927552D0,                     0000007P   1000
0.2816334315545466D0,-0.09628184402080586D0,                     0000007P   1001
0.2320135506417265D0,0.2664195338982256D0,-0.0962818440208766D0, 0000007P   1002
0.2337348920254907D0,0.2511880970483445D0,                       0000007P   1003
-0.09628184402098333D0,0.2353863230849909D0,                     0000007P   1004
0.2359387719484586D0,-0.0962818440211094D0,0.2369637749809939D0, 0000007P   1005
0.2206713153518242D0,-0.09628184402123366D0,                     0000007P   1006
0.2384629911709722D0,0.2053858295363206D0,                       0000007P   1007
-0.09628184402135108D0,0.2398805867098601D0,0.190082644214579D0, 0000007P   1008
-0.09628184402146206D0,0.2412135135277475D0,                     0000007P   1009
0.1747622167402151D0,-0.09628184402156542D0,                     0000007P   1010
0.2424587514287793D0,0.1594250212224246D0,                       0000007P   1011
-0.09628184402166166D0,0.2436126964362086D0,                     0000007P   1012
0.1440715065129037D0,-0.09628184402175462D0,                     0000007P   1013
0.2446704062372722D0,0.1287023700467229D0,                       0000007P   1014
-0.09628184402184722D0,0.2456271720967029D0,                     0000007P   1015
0.1133185375109732D0,-0.09628184402194294D0,                     0000007P   1016
0.2464780394739382D0,0.09792228530811654D0,                      0000007P   1017
-0.09628184402203689D0,0.2472276337122805D0,                     0000007P   1018
0.0825155843702929D0,-0.09628184402212481D0,                     0000007P   1019
0.2478795371493943D0,0.06710053827770028D0,                      0000007P   1020
-0.09628184402220112D0,0.2484418211242197D0,                     0000007P   1021
0.05167707160353219D0,-0.09628184402226242D0,                    0000007P   1022
0.2488971701400904D0,0.03624540801688759D0,                      0000007P   1023
-0.09628184402230569D0,0.249218856841177D0,                      0000007P   1024
0.02080748600079846D0,-0.09628184402232619D0,                    0000007P   1025
0.2493719846964384D0,0.00536805728389458D0,                      0000007P   1026
-0.09628184402232538D0,0.2493663378529494D0,                     0000007P   1027
-0.01007082456293161D0,-0.09628184402231806D0,                   0000007P   1028
0.2493111399682574D0,-0.02036368514846993D0,                     0000007P   1029
-0.09628184402231685D0,0.2493029151280832D0,                     0000007P   1030
-0.02551000076152428D0,-0.0962818440223195D0,                    0000007P   1031
0.2493222251586282D0,0.841836999238476D0,-0.1070455678357387D0,  0000007P   1032
0.1347620723384094D0,0.8367558185143135D0,-0.1070455678330744D0, 0000007P   1033
0.1356301001880754D0,0.8265897579186111D0,-0.1070455678277824D0, 0000007P   1034
0.1373753753356309D0,0.8113372186054471D0,-0.1070455678198765D0, 0000007P   1035
0.1400019579857135D0,0.7960883270991346D0,-0.1070455678119372D0, 0000007P   1036
0.1426194676034402D0,0.7808516446471566D0,-0.1070455678038748D0, 0000007P   1037
0.1452060763620422D0,0.7656286395643058D0,-0.1070455677957359D0, 0000007P   1038
0.1477648822980565D0,0.7504173864124727D0,-0.1070455677876233D0, 0000007P   1039
0.1503096516884995D0,0.7352164409968927D0,-0.1070455677796334D0, 0000007P   1040
0.1528523964086618D0,0.7200249218993882D0,-0.1070455677718269D0, 0000007P   1041
0.1554015035131802D0,0.704843667378516D0,-0.1070455677641829D0,  0000007P   1042
0.1579564726371748D0,0.6896732494824978D0,-0.1070455677566945D0, 0000007P   1043
0.1605183356784379D0,0.6745143305381219D0,-0.107045567749351D0,  0000007P   1044
0.1630876964544135D0,0.6593665334317665D0,-0.1070455677421631D0, 0000007P   1045
0.165665659850522D0,0.64422936886626D0,-0.1070455677351419D0,    0000007P   1046
0.1682532324694515D0,0.6291023740133711D0,-0.1070455677282959D0, 0000007P   1047
0.1708517452435523D0,0.6139849695022815D0,-0.1070455677216489D0, 0000007P   1048
0.1734607175025844D0,0.5988764377728412D0,-0.1070455677152331D0, 0000007P   1049
0.1760786836932171D0,0.5837760850820179D0,-0.107045567709081D0,  0000007P   1050
0.1787045087956354D0,0.5686831206145502D0,-0.1070455677032127D0, 0000007P   1051
0.1813366524924901D0,0.553596449081579D0,-0.1070455676976082D0,  0000007P   1052
0.1839726091127826D0,0.5385149958459794D0,-0.1070455676922541D0, 0000007P   1053
0.1866100124049956D0,0.5234376658548D0,-0.1070455676871347D0,    0000007P   1054
0.1892465315301851D0,0.5083631298670936D0,-0.1070455676822393D0, 0000007P   1055
0.1918789079695652D0,0.4932900075297552D0,-0.1070455676775582D0, 0000007P   1056
0.1945037689366443D0,0.4782169367240817D0,-0.1070455676730787D0, 0000007P   1057
0.1971178875675018D0,0.4631424995329693D0,-0.1070455676688008D0, 0000007P   1058
0.1997174543089209D0,0.4480652349397165D0,-0.1070455676647339D0, 0000007P   1059
0.2022981379824838D0,0.43298371241321D0,-0.1070455676608866D0,   0000007P   1060
0.2048557190759887D0,0.4178965104700941D0,-0.1070455676572646D0, 0000007P   1061
0.2073859032838295D0,0.4028021658003741D0,-0.1070455676538551D0, 0000007P   1062
0.2098841835494625D0,0.3876992645531128D0,-0.1070455676506462D0, 0000007P   1063
0.2123460370835229D0,0.3725864433193169D0,-0.1070455676476264D0, 0000007P   1064
0.2147669452149653D0,0.3574623848605074D0,-0.1070455676447803D0, 0000007P   1065
0.2171420857403415D0,0.3423258447107312D0,-0.1070455676420924D0, 0000007P   1066
0.2194665305024557D0,0.3271756518824554D0,-0.107045567639544D0,  0000007P   1067
0.2217353124486016D0,0.3120107585537583D0,-0.1070455676371291D0, 0000007P   1068
0.2239434926701449D0,0.2968302801169795D0,-0.1070455676348597D0, 0000007P   1069
0.2260862053671785D0,0.2816334315545471D0,-0.107045567632745D0,  0000007P   1070
0.2281585135129459D0,0.2664195338982258D0,-0.1070455676307946D0, 0000007P   1071
0.2301554491264267D0,0.2511880970483448D0,-0.1070455676289963D0, 0000007P   1072
0.2320721228416399D0,0.2359387719484588D0,-0.1070455676273398D0, 0000007P   1073
0.2339036439257741D0,0.2206713153518245D0,-0.1070455676258125D0, 0000007P   1074
0.2356448949458504D0,0.2053858295363208D0,-0.1070455676244099D0, 0000007P   1075
0.237291815747453D0,0.1900826442145791D0,-0.1070455676231311D0,  0000007P   1076
0.2388407572539494D0,0.1747622167402154D0,-0.1070455676219749D0, 0000007P   1077
0.2402880971740601D0,0.1594250212224248D0,-0.1070455676209372D0, 0000007P   1078
0.2416295363414111D0,0.1440715065129037D0,-0.1070455676200063D0, 0000007P   1079
0.2428592207322083D0,0.1287023700467229D0,-0.1070455676191721D0, 0000007P   1080
0.2439715679728181D0,0.1133185375109732D0,-0.1070455676184239D0, 0000007P   1081
0.2449607064359029D0,0.09792228530811661D0,                      0000007P   1082
-0.1070455676177611D0,0.2458321532371601D0,                      0000007P   1083
0.08251558437029291D0,-0.1070455676171837D0,                     0000007P   1084
0.2465902012415111D0,0.06710053827770034D0,                      0000007P   1085
-0.1070455676166893D0,0.2472444150769397D0,                      0000007P   1086
0.05167707160353219D0,-0.1070455676162922D0,                     0000007P   1087
0.2477745377390998D0,0.03624540801688755D0,                      0000007P   1088
-0.1070455676160136D0,0.2481492300797832D0,                      0000007P   1089
0.02080748600079849D0,-0.1070455676158816D0,                     0000007P   1090
0.2483276472557893D0,0.00536805728389457D0,                      0000007P   1091
-0.1070455676158864D0,0.2483210609420525D0,                      0000007P   1092
-0.01007082456293161D0,-0.1070455676159338D0,                    0000007P   1093
0.2482567483719584D0,-0.02036368514846993D0,                     0000007P   1094
-0.1070455676159411D0,0.2482471653369291D0,                      0000007P   1095
-0.02551000076152427D0,-0.1070455676159244D0,                    0000007P   1096
0.2482696640592179D0,0.8418369992384763D0,-0.1170698572116304D0, 0000007P   1097
0.1213284663981756D0,0.8367558185143145D0,-0.1170698572142584D0, 0000007P   1098
0.1222050184198119D0,0.8265897579186111D0,-0.117069857219482D0,  0000007P   1099
0.1239574276878732D0,0.8113372186054488D0,-0.1170698572272873D0, 0000007P   1100
0.1265853198450179D0,0.7960883270991336D0,-0.1170698572351234D0, 0000007P   1101
0.1292140668790719D0,0.7808516446471566D0,-0.1170698572430714D0, 0000007P   1102
0.1318446366335593D0,0.7656286395643058D0,-0.1170698572510868D0, 0000007P   1103
0.1344812039892001D0,0.7504173864124722D0,-0.1170698572590731D0, 0000007P   1104
0.1371292894887623D0,0.7352164409968932D0,-0.1170698572669389D0, 0000007P   1105
0.1397944387448697D0,0.7200249218993896D0,-0.1170698572746269D0, 0000007P   1106
0.1424807002726758D0,0.7048436673785164D0,-0.1170698572821557D0, 0000007P   1107
0.1451888564461546D0,0.6896732494824972D0,-0.117069857289531D0,  0000007P   1108
0.1479202326846968D0,0.674514330538123D0,-0.1170698572967619D0,  0000007P   1109
0.1506759903879042D0,0.6593665334317662D0,-0.1170698573038349D0, 0000007P   1110
0.1534558156839978D0,0.6442293688662605D0,-0.1170698573107376D0, 0000007P   1111
0.1562593418190354D0,0.6291023740133713D0,-0.1170698573174573D0, 0000007P   1112
0.1590864595660005D0,0.6139849695022808D0,-0.1170698573239738D0, 0000007P   1113
0.1619356744186617D0,0.5988764377728418D0,-0.1170698573302607D0, 0000007P   1114
0.1648047324540884D0,0.5837760850820183D0,-0.1170698573362918D0, 0000007P   1115
0.1676916829383259D0,0.5686831206145505D0,-0.1170698573420504D0, 0000007P   1116
0.1705941084298053D0,0.5535964490815797D0,-0.117069857347552D0,  0000007P   1117
0.1735083944486725D0,0.5385149958459796D0,-0.1170698573528068D0, 0000007P   1118
0.17643111141071D0,0.5234376658548D0,-0.1170698573578267D0,      0000007P   1119
0.1793588453117313D0,0.5083631298670938D0,-0.1170698573626238D0, 0000007P   1120
0.1822874849206613D0,0.4932900075297555D0,-0.1170698573672095D0, 0000007P   1121
0.1852128228160281D0,0.4782169367240819D0,-0.1170698573715983D0, 0000007P   1122
0.1881308157121556D0,0.4631424995329697D0,-0.117069857375791D0,  0000007P   1123
0.1910367387119879D0,0.448065234939716D0,-0.117069857379777D0,   0000007P   1124
0.1939252560003573D0,0.4329837124132103D0,-0.1170698573835474D0, 0000007P   1125
0.1967911583275936D0,0.4178965104700944D0,-0.1170698573870961D0, 0000007P   1126
0.1996291750893218D0,0.4028021658003739D0,-0.1170698573904368D0, 0000007P   1127
0.2024339529518915D0,0.3876992645531138D0,-0.1170698573935818D0, 0000007P   1128
0.205200106268378D0,0.3725864433193167D0,-0.1170698573965436D0,  0000007P   1129
0.2079222590536415D0,0.3574623848605079D0,-0.1170698573993363D0, 0000007P   1130
0.2105946876070908D0,0.3423258447107313D0,-0.1170698574019744D0, 0000007P   1131
0.2132115547471457D0,0.327175651882456D0,-0.1170698574044743D0,  0000007P   1132
0.2157669543816345D0,0.3120107585537582D0,-0.1170698574068419D0, 0000007P   1133
0.2182551183543965D0,0.2968302801169794D0,-0.1170698574090669D0, 0000007P   1134
0.2206705259193837D0,0.2816334315545471D0,-0.1170698574111412D0, 0000007P   1135
0.2230075461214044D0,0.2664195338982259D0,-0.1170698574130571D0, 0000007P   1136
0.2252605166632768D0,0.2511880970483446D0,-0.1170698574148251D0, 0000007P   1137
0.2274236775365981D0,0.2359387719484589D0,-0.1170698574164551D0, 0000007P   1138
0.2294912813722974D0,0.2206713153518245D0,-0.1170698574179583D0, 0000007P   1139
0.2314572858833815D0,0.2053858295363208D0,-0.1170698574193389D0, 0000007P   1140
0.2333170617499027D0,0.190082644214579D0,-0.1170698574205978D0,  0000007P   1141
0.235066535470065D0,0.1747622167402154D0,-0.1170698574217362D0,  0000007P   1142
0.2367016619864734D0,0.1594250212224249D0,-0.1170698574227579D0, 0000007P   1143
0.2382175485412406D0,0.1440715065129037D0,-0.1170698574236748D0, 0000007P   1144
0.2396073505102403D0,0.1287023700467231D0,-0.117069857424497D0,  0000007P   1145
0.2408645629302844D0,0.1133185375109732D0,-0.1170698574252349D0, 0000007P   1146
0.2419823408520611D0,0.09792228530811656D0,                      0000007P   1147
-0.1170698574258891D0,0.2429670487847857D0,                      0000007P   1148
0.08251558437029298D0,-0.1170698574264592D0,                     0000007P   1149
0.2438236606361096D0,0.06710053827770027D0,                      0000007P   1150
-0.1170698574269474D0,0.2445631442383188D0,                      0000007P   1151
0.05167707160353224D0,-0.1170698574273393D0,0.245162554426706D0, 0000007P   1152
0.0362454080168876D0,-0.1170698574276145D0,0.2455863233985187D0, 0000007P   1153
0.02080748600079848D0,-0.117069857427745D0,0.2457881429157104D0, 0000007P   1154
0.005368057283894583D0,-0.1170698574277401D0,                    0000007P   1155
0.2457806886948915D0,-0.01007082456293162D0,                     0000007P   1156
-0.1170698574276933D0,0.2457079412525881D0,                      0000007P   1157
-0.02036368514846994D0,-0.1170698574276862D0,                    0000007P   1158
0.2456971013331106D0,-0.02551000076152428D0,                     0000007P   1159
-0.1170698574277026D0,0.2457225509043537D0,0.8418369992384755D0, 0000007P   1160
-0.1260554101142126D0,0.1080528481693102D0,0.836755818514313D0,  0000007P   1161
-0.1260554101235697D0,0.1089284330422648D0,0.8265897579186109D0, 0000007P   1162
-0.126055410142237D0,0.1106700313074779D0,0.8113372186054469D0,  0000007P   1163
-0.1260554101701946D0,0.113273298360743D0,0.7960883270991334D0,  0000007P   1164
-0.1260554101981953D0,0.1158863087494067D0,0.7808516446471562D0, 0000007P   1165
-0.126055410226365D0,0.1185304422087213D0,0.7656286395643049D0,  0000007P   1166
-0.1260554102545779D0,0.1212108277283057D0,0.7504173864124719D0, 0000007P   1167
-0.1260554102826023D0,0.1239255859942779D0,0.7352164409968917D0, 0000007P   1168
-0.1260554103102172D0,0.126674461377596D0,0.7200249218993887D0,  0000007P   1169
-0.1260554103372745D0,0.1294575885542595D0,0.7048436673785156D0, 0000007P   1170
-0.1260554103637934D0,0.1322768344733344D0,0.6896732494824972D0, 0000007P   1171
-0.1260554103897623D0,0.1351337299719691D0,0.6745143305381217D0, 0000007P   1172
-0.1260554104151798D0,0.1380298764456747D0,0.659366533431766D0,  0000007P   1173
-0.1260554104399356D0,0.1409637296963437D0,0.6442293688662599D0, 0000007P   1174
-0.1260554104639253D0,0.1439337286984292D0,0.629102374013371D0,  0000007P   1175
-0.1260554104870257D0,0.1469385260554962D0,0.6139849695022807D0, 0000007P   1176
-0.1260554105092269D0,0.1499756801025485D0,0.5988764377728406D0, 0000007P   1177
-0.1260554105305783D0,0.1530421503750233D0,0.5837760850820182D0, 0000007P   1178
-0.1260554105511215D0,0.1561351621290505D0,0.568683120614549D0,  0000007P   1179
-0.1260554105708769D0,0.1592515147318182D0,0.5535964490815796D0, 0000007P   1180
-0.1260554105897966D0,0.1623868917942156D0,0.5385149958459785D0, 0000007P   1181
-0.1260554106078447D0,0.1655371489580432D0,0.5234376658548003D0, 0000007P   1182
-0.1260554106249742D0,0.1686981880299244D0,0.5083631298670926D0, 0000007P   1183
-0.1260554106412646D0,0.1718648799085958D0,0.4932900075297555D0, 0000007P   1184
-0.1260554106568025D0,0.1750319899351252D0,0.4782169367240812D0, 0000007P   1185
-0.1260554106716886D0,0.1781943919873514D0,0.4631424995329693D0, 0000007P   1186
-0.1260554106859386D0,0.18134659849198D0,0.4480652349397158D0,   0000007P   1187
-0.1260554106994942D0,0.1844827950803462D0,0.4329837124132102D0, 0000007P   1188
-0.1260554107123077D0,0.1875972464326006D0,0.4178965104700938D0, 0000007P   1189
-0.126055410724344D0,0.1906841154882506D0,0.4028021658003741D0,  0000007P   1190
-0.1260554107356776D0,0.1937370969709873D0,0.3876992645531128D0, 0000007P   1191
-0.1260554107463709D0,0.1967498958116085D0,0.3725864433193166D0, 0000007P   1192
-0.1260554107564939D0,0.1997161842816617D0,0.3574623848605069D0, 0000007P   1193
-0.126055410766076D0,0.2026295116097674D0,0.3423258447107312D0,  0000007P   1194
-0.1260554107751344D0,0.2054833732525935D0,0.3271756518824551D0, 0000007P   1195
-0.1260554107836915D0,0.2082711633986798D0,0.3120107585537581D0, 0000007P   1196
-0.1260554107917603D0,0.2109864685286309D0,0.2968302801169793D0, 0000007P   1197
-0.1260554107993422D0,0.2136232013790668D0,0.2816334315545467D0, 0000007P   1198
-0.1260554108064405D0,0.2161751445953896D0,0.2664195338982258D0, 0000007P   1199
-0.1260554108130582D0,0.2186360460129705D0,0.2511880970483443D0, 0000007P   1200
-0.1260554108192106D0,0.2209994101407632D0,0.2359387719484587D0, 0000007P   1201
-0.1260554108249125D0,0.2232587679646408D0,0.220671315351824D0,  0000007P   1202
-0.1260554108301801D0,0.2254072897986112D0,0.2053858295363207D0, 0000007P   1203
-0.1260554108350211D0,0.2274399095579689D0,0.190082644214579D0,  0000007P   1204
-0.1260554108394397D0,0.2293522606049731D0,0.1747622167402153D0, 0000007P   1205
-0.1260554108434383D0,0.2311400055693886D0,0.1594250212224246D0, 0000007P   1206
-0.1260554108470319D0,0.2327977981163106D0,0.1440715065129037D0, 0000007P   1207
-0.1260554108502634D0,0.2343179645106949D0,0.1287023700467226D0, 0000007P   1208
-0.126055410853171D0,0.2356932343800438D0,0.1133185375109732D0,  0000007P   1209
-0.1260554108557947D0,0.2369159551667716D0,                      0000007P   1210
0.09792228530811639D0,-0.1260554108581305D0,                     0000007P   1211
0.2379930668622763D0,0.08251558437029283D0,                      0000007P   1212
-0.1260554108601719D0,0.2389299923115445D0,                      0000007P   1213
0.06710053827770023D0,-0.1260554108619222D0,                     0000007P   1214
0.2397386979723207D0,0.05167707160353214D0,                      0000007P   1215
-0.1260554108633272D0,0.2403941276311475D0,                      0000007P   1216
0.03624540801688752D0,-0.1260554108643135D0,                     0000007P   1217
0.2408574502862624D0,0.02080748600079848D0,-0.126055410864781D0, 0000007P   1218
0.2410780911046116D0,0.005368057283894574D0,                     0000007P   1219
-0.1260554108647641D0,0.241069943628131D0,-0.0100708245629316D0, 0000007P   1220
-0.1260554108645956D0,0.2409904115265073D0,                      0000007P   1221
-0.02036368514846993D0,-0.1260554108645704D0,                    0000007P   1222
0.2409785606548743D0,-0.02551000076152426D0,                     0000007P   1223
-0.1260554108646293D0,0.241006383713461D0,0.841836999238476D0,   0000007P   1224
-0.1336723774746704D0,0.09575167728660611D0,                     0000007P   1225
0.8367558185143137D0,-0.1336723774446288D0,                      0000007P   1226
0.09661301859407406D0,0.8265897579186109D0,                      0000007P   1227
-0.1336723773847073D0,0.09831907700482156D0,                     0000007P   1228
0.8113372186054486D0,-0.1336723772949723D0,0.1008623556615924D0, 0000007P   1229
0.7960883270991334D0,-0.1336723772050903D0,0.1034224339157517D0, 0000007P   1230
0.7808516446471571D0,-0.1336723771146294D0,0.106036932759617D0,  0000007P   1231
0.7656286395643056D0,-0.1336723770240006D0,0.1087115808849905D0, 0000007P   1232
0.7504173864124722D0,-0.133672376933964D0,0.1114383909034818D0,  0000007P   1233
0.7352164409968933D0,-0.1336723768452454D0,0.1142122561322024D0, 0000007P   1234
0.72002492189939D0,-0.133672376758327D0,0.1170300951234841D0,    0000007P   1235
0.7048436673785156D0,-0.1336723766731431D0,0.1198948155428607D0, 0000007P   1236
0.689673249482499D0,-0.1336723765897235D0,0.1228082403508253D0,  0000007P   1237
0.674514330538121D0,-0.1336723765080693D0,0.1257724634897295D0,  0000007P   1238
0.6593665334317669D0,-0.1336723764285241D0,0.128784857543298D0,  0000007P   1239
0.64422936886626D0,-0.1336723763514139D0,0.1318428169740498D0,   0000007P   1240
0.6291023740133711D0,-0.1336723762771227D0,0.1349438787963432D0, 0000007P   1241
0.6139849695022818D0,-0.133672376205692D0,0.1380849228892027D0,  0000007P   1242
0.5988764377728418D0,-0.1336723761369836D0,0.1412624625537986D0, 0000007P   1243
0.5837760850820175D0,-0.1336723760708868D0,0.1444732384033252D0, 0000007P   1244
0.5686831206145513D0,-0.1336723760073464D0,0.1477135303022392D0, 0000007P   1245
0.553596449081579D0,-0.1336723759465017D0,0.1509783502830617D0,  0000007P   1246
0.5385149958459797D0,-0.1336723758884558D0,0.1542629101532522D0, 0000007P   1247
0.5234376658548002D0,-0.1336723758333473D0,0.157562462602629D0,  0000007P   1248
0.5083631298670934D0,-0.1336723757809253D0,0.1608712682146786D0, 0000007P   1249
0.4932900075297555D0,-0.1336723757309192D0,0.1641834902132775D0, 0000007P   1250
0.4782169367240819D0,-0.1336723756830137D0,0.1674933904810864D0, 0000007P   1251
0.4631424995329694D0,-0.1336723756371591D0,0.1707949235018974D0, 0000007P   1252
0.4480652349397166D0,-0.1336723755935415D0,0.1740817654948926D0, 0000007P   1253
0.4329837124132102D0,-0.1336723755523096D0,0.1773476596577257D0, 0000007P   1254
0.4178965104700944D0,-0.133672375513575D0,0.1805862576311737D0,  0000007P   1255
0.4028021658003737D0,-0.133672375477102D0,0.1837907916551102D0,  0000007P   1256
0.3876992645531133D0,-0.1336723754426937D0,0.1869544989825098D0, 0000007P   1257
0.3725864433193167D0,-0.1336723754101284D0,0.1900705819679088D0, 0000007P   1258
0.3574623848605074D0,-0.1336723753793093D0,0.1931321316290312D0, 0000007P   1259
0.3423258447107314D0,-0.1336723753501757D0,0.1961321848579101D0, 0000007P   1260
0.3271756518824558D0,-0.1336723753226501D0,0.1990636799966595D0, 0000007P   1261
0.3120107585537581D0,-0.1336723752966897D0,0.2019197175270442D0, 0000007P   1262
0.2968302801169798D0,-0.1336723752722956D0,0.20469367895143D0,   0000007P   1263
0.2816334315545467D0,-0.1336723752494619D0,0.2073788176713266D0, 0000007P   1264
0.2664195338982258D0,-0.1336723752281846D0,0.2099683549665118D0, 0000007P   1265
0.2511880970483447D0,-0.1336723752084101D0,0.2124555818784386D0, 0000007P   1266
0.2359387719484589D0,-0.1336723751900881D0,0.2148337938996217D0, 0000007P   1267
0.2206713153518244D0,-0.1336723751731632D0,0.2170959668900248D0, 0000007P   1268
0.2053858295363207D0,-0.1336723751576096D0,0.2192365891567174D0, 0000007P   1269
0.1900826442145792D0,-0.1336723751434139D0,0.221250743971477D0,  0000007P   1270
0.1747622167402153D0,-0.1336723751305676D0,0.2231335360275185D0, 0000007P   1271
0.1594250212224248D0,-0.1336723751190232D0,0.2248791823141049D0, 0000007P   1272
0.1440715065129038D0,-0.1336723751086434D0,0.2264798527369916D0, 0000007P   1273
0.128702370046723D0,-0.1336723750993051D0,0.2279280741872257D0,  0000007P   1274
0.1133185375109732D0,-0.1336723750908812D0,0.2292159932855558D0, 0000007P   1275
0.09792228530811661D0,-0.1336723750833828D0,                     0000007P   1276
0.2303507776452949D0,0.0825155843702929D0,-0.1336723750768311D0, 0000007P   1277
0.2313380002810587D0,0.06710053827770038D0,                      0000007P   1278
-0.1336723750712134D0,0.2321901055132531D0,                      0000007P   1279
0.05167707160353221D0,-0.1336723750667036D0,                     0000007P   1280
0.2328806642247563D0,0.0362454080168876D0,-0.133672375063538D0,  0000007P   1281
0.2333687999300925D0,0.02080748600079847D0,                      0000007P   1282
-0.1336723750620378D0,0.2336012499936984D0,                      0000007P   1283
0.005368057283894576D0,-0.1336723750620922D0,                    0000007P   1284
0.2335926673172661D0,-0.01007082456293162D0,                     0000007P   1285
-0.1336723750626333D0,0.2335088782910114D0,                      0000007P   1286
-0.02036368514846993D0,-0.1336723750627137D0,                    0000007P   1287
0.233496393112138D0,-0.02551000076152428D0,                      0000007P   1288
-0.1336723750625245D0,0.233525705379493D0,0.8418369992384754D0,  0000007P   1289
-0.1399814213987852D0,0.08471044912138641D0,                     0000007P   1290
0.8367558185143134D0,-0.1399814214063841D0,                      0000007P   1291
0.08554540287035559D0,0.8265897579186108D0,                      0000007P   1292
-0.1399814214215405D0,0.08719362507033819D0,                     0000007P   1293
0.8113372186054466D0,-0.139981421444237D0,0.08964535787161899D0, 0000007P   1294
0.7960883270991338D0,-0.1399814214669716D0,                      0000007P   1295
0.09211895119515556D0,0.7808516446471562D0,                      0000007P   1296
-0.1399814214898547D0,0.09466369156667093D0,                     0000007P   1297
0.7656286395643058D0,-0.1399814215127823D0,0.0972856686512657D0, 0000007P   1298
0.7504173864124722D0,-0.1399814215355615D0,                      0000007P   1299
0.09997240664952108D0,0.7352164409968928D0,                      0000007P   1300
-0.1399814215580065D0,0.1027152205734061D0,0.7200249218993883D0, 0000007P   1301
-0.1399814215799958D0,0.1055086253475265D0,0.7048436673785167D0, 0000007P   1302
-0.1399814216015459D0,0.1083561883851714D0,0.6896732494824965D0, 0000007P   1303
-0.1399814216226495D0,0.1112598546537945D0,0.6745143305381218D0, 0000007P   1304
-0.1399814216433074D0,0.1142219840304139D0,0.6593665334317657D0, 0000007P   1305
-0.1399814216634326D0,0.1172392679547278D0,0.6442293688662604D0, 0000007P   1306
-0.1399814216829434D0,0.120308442584725D0,0.6291023740133711D0,  0000007P   1307
-0.1399814217017439D0,0.1234263518159146D0,0.6139849695022807D0, 0000007P   1308
-0.1399814217198227D0,0.1265894004061607D0,0.5988764377728409D0, 0000007P   1309
-0.139981421737213D0,0.1297937442328791D0,0.5837760850820186D0,  0000007P   1310
-0.1399814217539419D0,0.1330357420281789D0,0.5686831206145496D0, 0000007P   1311
-0.139981421770022D0,0.1363112997106741D0,0.5535964490815798D0,  0000007P   1312
-0.1399814217854195D0,0.1396150506733269D0,0.5385149958459785D0, 0000007P   1313
-0.1399814218001091D0,0.1429418321254313D0,0.5234376658548002D0, 0000007P   1314
-0.1399814218140565D0,0.1462865212674306D0,0.5083631298670929D0, 0000007P   1315
-0.1399814218273247D0,0.1496430417829205D0,0.4932900075297557D0, 0000007P   1316
-0.139981421839982D0,0.1530052253470749D0,0.4782169367240814D0,  0000007P   1317
-0.1399814218521072D0,0.1563670008474292D0,0.4631424995329694D0, 0000007P   1318
-0.1399814218637131D0,0.1597219990414687D0,0.4480652349397162D0, 0000007P   1319
-0.1399814218747526D0,0.1630635817085874D0,0.4329837124132101D0, 0000007P   1320
-0.1399814218851886D0,0.1663851719547237D0,0.4178965104700939D0, 0000007P   1321
-0.1399814218949926D0,0.1696801183595133D0,0.4028021658003739D0, 0000007P   1322
-0.1399814219042241D0,0.172941459591461D0,0.3876992645531128D0,  0000007P   1323
-0.1399814219129331D0,0.1761622277868042D0,0.3725864433193166D0, 0000007P   1324
-0.1399814219211748D0,0.1793354259506438D0,0.3574623848605069D0, 0000007P   1325
-0.1399814219289742D0,0.1824539172454311D0,0.3423258447107312D0, 0000007P   1326
-0.1399814219363469D0,0.1855105012690215D0,0.3271756518824554D0, 0000007P   1327
-0.139981421943313D0,0.1884978846722661D0,0.3120107585537581D0,  0000007P   1328
-0.1399814219498835D0,0.1914089133316369D0,0.296830280116979D0,  0000007P   1329
-0.1399814219560575D0,0.1942366805911399D0,0.2816334315545468D0, 0000007P   1330
-0.1399814219618363D0,0.1969741542747533D0,0.2664195338982256D0, 0000007P   1331
-0.1399814219672203D0,0.1996142733850187D0,0.2511880970483445D0, 0000007P   1332
-0.1399814219722237D0,0.202150296870104D0,0.2359387719484589D0,  0000007P   1333
-0.1399814219768593D0,0.2045754709134407D0,0.2206713153518242D0, 0000007P   1334
-0.1399814219811412D0,0.2068827595467852D0,0.2053858295363207D0, 0000007P   1335
-0.1399814219850763D0,0.2090664187062615D0,0.1900826442145791D0, 0000007P   1336
-0.1399814219886678D0,0.2111212078188929D0,0.1747622167402153D0, 0000007P   1337
-0.1399814219919177D0,0.2130419026750233D0,0.1594250212224247D0, 0000007P   1338
-0.1399814219948385D0,0.2148224953768806D0,0.1440715065129035D0, 0000007P   1339
-0.1399814219974641D0,0.2164551720535411D0,0.1287023700467229D0, 0000007P   1340
-0.1399814219998265D0,0.2179324356464968D0,0.1133185375109731D0, 0000007P   1341
-0.1399814220019576D0,0.2192464165177516D0,                      0000007P   1342
0.09792228530811659D0,-0.1399814220038541D0,                     0000007P   1343
0.2204043379089248D0,0.08251558437029283D0,                      0000007P   1344
-0.1399814220055112D0,0.2214117975606149D0,                      0000007P   1345
0.06710053827770027D0,-0.1399814220069322D0,                     0000007P   1346
0.2222813931090449D0,0.0516770716035322D0,-0.1399814220080727D0, 0000007P   1347
0.2229861230051678D0,0.03624540801688751D0,                      0000007P   1348
-0.1399814220088733D0,0.2234842778173665D0,                      0000007P   1349
0.02080748600079848D0,-0.1399814220092528D0,                     0000007P   1350
0.2237214990105821D0,0.005368057283894574D0,                     0000007P   1351
-0.1399814220092391D0,0.2237127401889856D0,                      0000007P   1352
-0.01007082456293161D0,-0.1399814220091021D0,                    0000007P   1353
0.2236272313569845D0,-0.02036368514846991D0,                     0000007P   1354
-0.1399814220090817D0,0.2236144899145258D0,                      0000007P   1355
-0.02551000076152425D0,-0.1399814220091296D0,                    0000007P   1356
0.2236444038286059D0,0.841836999238476D0,-0.1451645193186895D0,  0000007P   1357
0.07497150269266598D0,0.8367558185143132D0,                      0000007P   1358
-0.1451645194761863D0,0.07576982497264485D0,                     0000007P   1359
0.8265897579186109D0,-0.1451645197903487D0,                      0000007P   1360
0.07734163080006753D0,0.8113372186054483D0,                      0000007P   1361
-0.1451645202608302D0,0.0796757539741024D0,0.7960883270991334D0, 0000007P   1362
-0.1451645207320694D0,0.08203489024282112D0,                     0000007P   1363
0.7808516446471564D0,-0.1451645212062964D0,                      0000007P   1364
0.08447559705186673D0,0.7656286395643056D0,                      0000007P   1365
-0.1451645216813615D0,0.08700417695202371D0,                     0000007P   1366
0.7504173864124724D0,-0.1451645221533066D0,                      0000007P   1367
0.08960533159056086D0,0.7352164409968928D0,                      0000007P   1368
-0.1451645226183444D0,0.09226814270512176D0,                     0000007P   1369
0.7200249218993892D0,-0.1451645230739606D0,                      0000007P   1370
0.09498553666388192D0,0.704843667378516D0,-0.1451645235204884D0, 0000007P   1371
0.09776122662212672D0,0.6896732494824981D0,                      0000007P   1372
-0.1451645239577677D0,0.1005970004525746D0,0.6745143305381217D0, 0000007P   1373
-0.1451645243857831D0,0.1034951416197925D0,0.6593665334317668D0, 0000007P   1374
-0.1451645248027191D0,0.1064521345960519D0,0.6442293688662599D0, 0000007P   1375
-0.1451645252068599D0,0.1094645088759308D0,0.629102374013371D0,  0000007P   1376
-0.1451645255961702D0,0.112528927340473D0,0.6139849695022813D0,  0000007P   1377
-0.1451645259704469D0,0.1156414744721588D0,0.5988764377728416D0, 0000007P   1378
-0.1451645263304465D0,0.1187979191104488D0,0.5837760850820181D0, 0000007P   1379
-0.1451645266767742D0,0.1219942270499335D0,0.5686831206145503D0, 0000007P   1380
-0.145164527009738D0,0.1252260116739806D0,0.5535964490815789D0,  0000007P   1381
-0.1451645273285865D0,0.1284879146818739D0,0.5385149958459793D0, 0000007P   1382
-0.1451645276327625D0,0.1317747347722588D0,0.5234376658548D0,    0000007P   1383
-0.145164527921522D0,0.1350813331811936D0,0.5083631298670931D0,  0000007P   1384
-0.1451645281961883D0,0.1384014701203948D0,0.4932900075297549D0, 0000007P   1385
-0.1451645284581885D0,0.1417288074961817D0,0.4782169367240819D0, 0000007P   1386
-0.1451645287091857D0,0.1450570877685913D0,0.4631424995329691D0, 0000007P   1387
-0.145164528949444D0,0.1483798549586417D0,0.4480652349397163D0,  0000007P   1388
-0.1451645291779827D0,0.151690473464265D0,0.4329837124132102D0,  0000007P   1389
-0.1451645293940195D0,0.1549823530952205D0,0.4178965104700942D0, 0000007P   1390
-0.1451645295969679D0,0.1582488225469953D0,0.4028021658003743D0, 0000007P   1391
-0.1451645297880654D0,0.1614828171220553D0,0.3876992645531128D0, 0000007P   1392
-0.1451645299683502D0,0.1646772764376707D0,0.3725864433193167D0, 0000007P   1393
-0.1451645301389915D0,0.1678250998310272D0,0.3574623848605076D0, 0000007P   1394
-0.1451645303004887D0,0.1709191181522458D0,0.3423258447107306D0, 0000007P   1395
-0.1451645304531581D0,0.1739521195639837D0,0.3271756518824559D0, 0000007P   1396
-0.1451645305973916D0,0.1769167887033282D0,0.312010758553758D0,  0000007P   1397
-0.1451645307334189D0,0.1798059771877831D0,0.2968302801169797D0, 0000007P   1398
-0.1451645308612379D0,0.1826128245016235D0,0.2816334315545465D0, 0000007P   1399
-0.1451645309808859D0,0.185330338276495D0,0.2664195338982258D0,  0000007P   1400
-0.1451645310923933D0,0.1879514971203741D0,0.2511880970483442D0, 0000007P   1401
-0.1451645311960338D0,0.1904694874962741D0,0.2359387719484588D0, 0000007P   1402
-0.1451645312920678D0,0.1928774943741098D0,0.2206713153518242D0, 0000007P   1403
-0.1451645313807824D0,0.1951683886989599D0,0.2053858295363208D0, 0000007P   1404
-0.1451645314623077D0,0.197336519800786D0,0.190082644214579D0,   0000007P   1405
-0.1451645315367187D0,0.1993768173104793D0,0.1747622167402154D0, 0000007P   1406
-0.1451645316040552D0,0.2012842319620916D0,0.1594250212224248D0, 0000007P   1407
-0.1451645316645689D0,0.2030528377231884D0,0.1440715065129037D0, 0000007P   1408
-0.1451645317189803D0,0.2046746876743636D0,0.1287023700467229D0, 0000007P   1409
-0.1451645317679326D0,0.2061421874913905D0,0.1133185375109732D0, 0000007P   1410
-0.145164531812096D0,0.2074473599714159D0,0.09792228530811656D0, 0000007P   1411
-0.1451645318514086D0,0.2085974340472851D0,0.0825155843702929D0, 0000007P   1412
-0.1451645318857593D0,0.2095980229913795D0,                      0000007P   1413
0.06710053827770035D0,-0.1451645319152136D0,                     0000007P   1414
0.2104617017795688D0,0.05167707160353218D0,                      0000007P   1415
-0.1451645319388581D0,0.2111616602465629D0,                      0000007P   1416
0.03624540801688759D0,-0.1451645319554561D0,                     0000007P   1417
0.2116564534369235D0,0.02080748600079848D0,                      0000007P   1418
-0.1451645319633217D0,0.2118920776859238D0,                      0000007P   1419
0.005368057283894569D0,-0.1451645319630357D0,                    0000007P   1420
0.2118833773568372D0,-0.0100708245629316D0,                      0000007P   1421
-0.1451645319601997D0,0.2117984442505031D0,                      0000007P   1422
-0.02036368514846993D0,-0.1451645319597771D0,                    0000007P   1423
0.2117857885921682D0,-0.02551000076152426D0,                     0000007P   1424
-0.1451645319607693D0,0.2118155011028452D0,0.8418369992384754D0, 0000007P   1425
-0.1494920260836328D0,0.06629946451489939D0,                     0000007P   1426
0.8367558185143144D0,-0.149492025760065D0,0.06705382389882041D0, 0000007P   1427
0.8265897579186109D0,-0.1494920251146382D0,                      0000007P   1428
0.06853605638821335D0,0.8113372186054477D0,                      0000007P   1429
-0.1494920241480631D0,0.0707342619998437D0,0.7960883270991338D0, 0000007P   1430
-0.1494920231799317D0,0.0729591226723337D0,0.7808516446471566D0, 0000007P   1431
-0.1494920222056607D0,0.07527101503546785D0,0.765628639564306D0, 0000007P   1432
-0.149492021229668D0,0.07767621965894456D0,0.750417386412472D0,  0000007P   1433
-0.1494920202600843D0,0.08015777046872277D0,                     0000007P   1434
0.7352164409968931D0,-0.1494920193046918D0,                      0000007P   1435
0.08270337634692525D0,0.7200249218993887D0,                      0000007P   1436
-0.1494920183686553D0,0.08530504853522494D0,                     0000007P   1437
0.7048436673785167D0,-0.1494920174512906D0,                      0000007P   1438
0.08796674607261944D0,0.6896732494824975D0,                      0000007P   1439
-0.1494920165529266D0,0.0906902995509466D0,0.6745143305381218D0, 0000007P   1440
-0.1494920156735941D0,0.09347809084856415D0,                     0000007P   1441
0.6593665334317664D0,-0.1494920148170235D0,                      0000007P   1442
0.09632628111756357D0,0.6442293688662605D0,                      0000007P   1443
-0.1494920139867395D0,0.09923109405244357D0,                     0000007P   1444
0.6291023740133711D0,-0.1494920131869231D0,0.1021888368752946D0, 0000007P   1445
0.6139849695022808D0,-0.1494920124179914D0,0.1051955278237506D0, 0000007P   1446
0.5988764377728416D0,-0.1494920116783917D0,0.1082470200630953D0, 0000007P   1447
0.5837760850820182D0,-0.1494920109668804D0,0.1113393410703897D0, 0000007P   1448
0.5686831206145502D0,-0.149492010282824D0,0.1144681181354637D0,  0000007P   1449
0.5535964490815797D0,-0.149492009627768D0,0.1176278361461562D0,  0000007P   1450
0.5385149958459789D0,-0.1494920090028548D0,0.1208131684234801D0, 0000007P   1451
0.5234376658548D0,-0.1494920084096143D0,0.1240188239713096D0,    0000007P   1452
0.5083631298670932D0,-0.1494920078453272D0,0.1272387119333485D0, 0000007P   1453
0.4932900075297559D0,-0.1494920073070615D0,0.130466668404432D0,  0000007P   1454
0.4782169367240817D0,-0.1494920067914015D0,0.1336966100593361D0, 0000007P   1455
0.4631424995329694D0,-0.1494920062978033D0,0.1369222218480443D0, 0000007P   1456
0.4480652349397162D0,-0.1494920058282828D0,0.1401369755057973D0, 0000007P   1457
0.43298371241321D0,-0.1494920053844463D0,0.1433344007436035D0,   0000007P   1458
0.4178965104700943D0,-0.1494920049675004D0,0.1465079259674361D0, 0000007P   1459
0.4028021658003736D0,-0.1494920045749003D0,0.1496504543717527D0, 0000007P   1460
0.3876992645531134D0,-0.1494920042045143D0,0.1527549176430751D0, 0000007P   1461
0.3725864433193164D0,-0.1494920038539415D0,0.1558141622595929D0, 0000007P   1462
0.357462384860507D0,-0.1494920035221542D0,0.1588212884688149D0,  0000007P   1463
0.3423258447107318D0,-0.1494920032085035D0,0.161769431348578D0,  0000007P   1464
0.3271756518824551D0,-0.1494920029121834D0,0.1646516380656801D0, 0000007P   1465
0.3120107585537582D0,-0.1494920026327228D0,0.1674609778943695D0, 0000007P   1466
0.2968302801169793D0,-0.1494920023701257D0,0.1701905716091403D0, 0000007P   1467
0.281633431554547D0,-0.1494920021243153D0,0.1728334525998565D0,  0000007P   1468
0.2664195338982256D0,-0.1494920018952299D0,0.1753826199022895D0, 0000007P   1469
0.2511880970483447D0,-0.1494920016823058D0,0.1778314863317654D0, 0000007P   1470
0.2359387719484587D0,-0.1494920014850097D0,0.1801734559759201D0, 0000007P   1471
0.2206713153518241D0,-0.1494920013027508D0,0.1824016335111326D0, 0000007P   1472
0.2053858295363209D0,-0.149492001135262D0,0.1845105357579195D0,  0000007P   1473
0.190082644214579D0,-0.1494920009823891D0,0.1864952306472061D0,  0000007P   1474
0.1747622167402155D0,-0.1494920008440505D0,0.188350816296376D0,  0000007P   1475
0.1594250212224247D0,-0.1494920007197285D0,0.1900715089501075D0, 0000007P   1476
0.1440715065129038D0,-0.1494920006079437D0,0.1916494981179672D0, 0000007P   1477
0.1287023700467228D0,-0.149492000507374D0,0.1930773263027767D0,  0000007P   1478
0.1133185375109732D0,-0.1494920004166429D0,0.1943471598136682D0, 0000007P   1479
0.09792228530811652D0,-0.1494920003358776D0,                     0000007P   1480
0.1954660446386356D0,0.08251558437029294D0,                      0000007P   1481
-0.1494920002653061D0,0.1964394558190604D0,                      0000007P   1482
0.06710053827770027D0,-0.1494920002047942D0,                     0000007P   1483
0.1972796401679511D0,0.05167707160353224D0,-0.149492000156218D0, 0000007P   1484
0.1979605334131494D0,0.03624540801688753D0,                      0000007P   1485
-0.1494920001221186D0,0.1984418351053951D0,                      0000007P   1486
0.02080748600079849D0,-0.1494920001059594D0,                     0000007P   1487
0.1986710301260897D0,0.005368057283894567D0,                     0000007P   1488
-0.1494920001065466D0,0.1986625677202483D0,                      0000007P   1489
-0.0100708245629316D0,-0.149492000112373D0,0.1985799519905339D0, 0000007P   1490
-0.02036368514846993D0,-0.1494920001132413D0,                    0000007P   1491
0.1985676416420916D0,-0.02551000076152426D0,                     0000007P   1492
-0.149492000111203D0,0.1985965434491956D0,0.841836999238476D0,   0000007P   1493
-0.1531602765376002D0,0.05850599954349361D0,0.836755818514314D0, 0000007P   1494
-0.153160276482644D0,0.05921070438963204D0,0.8265897579186102D0, 0000007P   1495
-0.1531602763730224D0,0.06059311509186099D0,                     0000007P   1496
0.8113372186054485D0,-0.1531602762088553D0,                      0000007P   1497
0.06264110596049782D0,0.7960883270991332D0,                      0000007P   1498
-0.1531602760444244D0,0.06471625623800997D0,                     0000007P   1499
0.7808516446471561D0,-0.1531602758789506D0,                      0000007P   1500
0.06688015731147942D0,0.7656286395643056D0,                      0000007P   1501
-0.1531602757131855D0,0.0691389122487923D0,0.7504173864124722D0, 0000007P   1502
-0.1531602755485086D0,0.07147478426059034D0,                     0000007P   1503
0.7352164409968928D0,-0.153160275386242D0,0.07387480025383011D0, 0000007P   1504
0.7200249218993893D0,-0.1531602752272629D0,                      0000007P   1505
0.07633053011729755D0,0.7048436673785166D0,-0.153160275071455D0, 0000007P   1506
0.07884606507159406D0,0.6896732494824976D0,                      0000007P   1507
-0.1531602749188742D0,0.08142326812938629D0,                     0000007P   1508
0.6745143305381217D0,-0.1531602747695258D0,                      0000007P   1509
0.08406458198052486D0,0.6593665334317667D0,                      0000007P   1510
-0.1531602746240434D0,0.08676597002439382D0,                     0000007P   1511
0.6442293688662597D0,-0.1531602744830263D0,0.0895234739349991D0, 0000007P   1512
0.6291023740133704D0,-0.153160274347184D0,0.09233316426388702D0, 0000007P   1513
0.6139849695022813D0,-0.1531602742165879D0,                      0000007P   1514
0.09519113411211172D0,0.5988764377728406D0,                      0000007P   1515
-0.1531602740909737D0,0.09809347241478372D0,                     0000007P   1516
0.5837760850820178D0,-0.15316027397013D0,0.101036419576445D0,    0000007P   1517
0.5686831206145503D0,-0.1531602738539489D0,0.1040157533306512D0, 0000007P   1518
0.5535964490815792D0,-0.1531602737426933D0,0.1070258943507958D0, 0000007P   1519
0.5385149958459788D0,-0.153160273636557D0,0.1100614903373056D0,  0000007P   1520
0.5234376658548002D0,-0.1531602735358005D0,0.1131171903999319D0, 0000007P   1521
0.5083631298670938D0,-0.1531602734399615D0,0.1161872172021202D0, 0000007P   1522
0.493290007529755D0,-0.153160273348542D0,0.1192657470638754D0,   0000007P   1523
0.4782169367240821D0,-0.1531602732609619D0,0.122347051660821D0,  0000007P   1524
0.4631424995329695D0,-0.1531602731771287D0,0.1254250565578004D0, 0000007P   1525
0.448065234939716D0,-0.153160273097385D0,0.1284933700811391D0,   0000007P   1526
0.4329837124132108D0,-0.1531602730220034D0,0.131545678664746D0,  0000007P   1527
0.4178965104700939D0,-0.1531602729511892D0,0.1345755745607786D0, 0000007P   1528
0.4028021658003743D0,-0.1531602728845096D0,0.1375762073362315D0, 0000007P   1529
0.3876992645531125D0,-0.1531602728216028D0,0.1405407521364776D0, 0000007P   1530
0.3725864433193168D0,-0.1531602727620612D0,0.1434622880768571D0, 0000007P   1531
0.3574623848605072D0,-0.1531602727057098D0,0.1463342581384474D0, 0000007P   1532
0.3423258447107308D0,-0.153160272652439D0,0.1491501660829707D0,  0000007P   1533
0.3271756518824559D0,-0.1531602726021116D0,0.1519034431074155D0, 0000007P   1534
0.312010758553758D0,-0.1531602725546478D0,0.1545874599152715D0,  0000007P   1535
0.2968302801169796D0,-0.153160272510048D0,0.1571955057714545D0,  0000007P   1536
0.2816334315545466D0,-0.1531602724682992D0,0.1597208093316788D0, 0000007P   1537
0.2664195338982259D0,-0.1531602724293912D0,0.1621565642980674D0, 0000007P   1538
0.2511880970483444D0,-0.1531602723932274D0,0.1644965423936688D0, 0000007P   1539
0.2359387719484588D0,-0.1531602723597182D0,0.1667344966762422D0, 0000007P   1540
0.2206713153518244D0,-0.1531602723287627D0,0.1688639159427451D0, 0000007P   1541
0.2053858295363207D0,-0.1531602723003161D0,0.1708795166814792D0, 0000007P   1542
0.190082644214579D0,-0.1531602722743517D0,0.1727764906845986D0,  0000007P   1543
0.1747622167402152D0,-0.1531602722508559D0,0.1745500603190422D0, 0000007P   1544
0.1594250212224247D0,-0.1531602722297405D0,0.1761946466210416D0, 0000007P   1545
0.1440715065129035D0,-0.153160272210755D0,0.1777028324137559D0,  0000007P   1546
0.128702370046723D0,-0.1531602721936737D0,0.1790675211676764D0,  0000007P   1547
0.1133185375109732D0,-0.1531602721782635D0,0.1802812623353476D0, 0000007P   1548
0.09792228530811654D0,-0.1531602721645462D0,                     0000007P   1549
0.1813507436940211D0,0.08251558437029285D0,                      0000007P   1550
-0.1531602721525601D0,0.1822811546147435D0,                      0000007P   1551
0.06710053827770035D0,-0.1531602721422824D0,                     0000007P   1552
0.1830841432948803D0,0.05167707160353225D0,-0.153160272134032D0, 0000007P   1553
0.1837348189928846D0,0.03624540801688753D0,                      0000007P   1554
-0.1531602721282404D0,0.1841947206791479D0,                      0000007P   1555
0.02080748600079846D0,-0.1531602721254959D0,                     0000007P   1556
0.1844137121204937D0,0.005368057283894574D0,                     0000007P   1557
-0.1531602721255956D0,0.1844056279974764D0,                      0000007P   1558
-0.01007082456293162D0,-0.1531602721265851D0,                    0000007P   1559
0.184326689954354D0,-0.02036368514846993D0,                      0000007P   1560
-0.1531602721267327D0,0.1843149276189018D0,                      0000007P   1561
-0.02551000076152426D0,-0.1531602721263865D0,                    0000007P   1562
0.1843425428284898D0,0.8418369992384758D0,-0.1563298936542035D0, 0000007P   1563
0.05141037086427747D0,0.8367558185143136D0,                      0000007P   1564
-0.1563298964258521D0,0.0520609375884677D0,0.8265897579186116D0, 0000007P   1565
-0.1563299019545127D0,0.05333534341010904D0,                     0000007P   1566
0.8113372186054473D0,-0.1563299102340992D0,                      0000007P   1567
0.05522158723096282D0,0.7960883270991337D0,                      0000007P   1568
-0.1563299185270158D0,0.0571347108686354D0,0.7808516446471565D0, 0000007P   1569
-0.1563299268725148D0,0.05913571246772818D0,0.765628639564306D0, 0000007P   1570
-0.1563299352327538D0,0.06123046788270657D0,                     0000007P   1571
0.7504173864124725D0,-0.1563299435380929D0,                      0000007P   1572
0.06340116385426561D0,0.7352164409968927D0,                      0000007P   1573
-0.1563299517218713D0,0.06563473052212752D0,                     0000007P   1574
0.7200249218993892D0,-0.1563299597398514D0,                      0000007P   1575
0.06792256372385305D0,0.7048436673785164D0,                      0000007P   1576
-0.1563299675978929D0,0.07026840495305912D0,                     0000007P   1577
0.6896732494824981D0,-0.1563299752931737D0,                      0000007P   1578
0.07267380149409337D0,0.6745143305381219D0,                      0000007P   1579
-0.1563299828254333D0,0.07514087131875975D0,                     0000007P   1580
0.6593665334317667D0,-0.156329990162712D0,0.07766590579609348D0, 0000007P   1581
0.64422936886626D0,-0.1563299972748186D0,0.08024525847494433D0,  0000007P   1582
0.629102374013371D0,-0.1563300041259328D0,0.08287536173638824D0, 0000007P   1583
0.6139849695022809D0,-0.1563300107124881D0,0.0855523743267077D0, 0000007P   1584
0.5988764377728414D0,-0.1563300170477855D0,                      0000007P   1585
0.08827230099746583D0,0.5837760850820181D0,                      0000007P   1586
-0.1563300231424865D0,0.09103130140663884D0,                     0000007P   1587
0.5686831206145497D0,-0.1563300290020135D0,                      0000007P   1588
0.09382519789479538D0,0.5535964490815791D0,                      0000007P   1589
-0.1563300346131351D0,0.0966488475036605D0,0.5385149958459788D0, 0000007P   1590
-0.1563300399660518D0,0.09949727200443967D0,                     0000007P   1591
0.5234376658548006D0,-0.1563300450476635D0,0.1023655158291921D0, 0000007P   1592
0.5083631298670922D0,-0.1563300498812606D0,0.105248083194266D0,  0000007P   1593
0.4932900075297553D0,-0.156330054491961D0,0.1081394169718536D0,  0000007P   1594
0.4782169367240814D0,-0.1563300589090265D0,0.1110340760812956D0, 0000007P   1595
0.4631424995329692D0,-0.1563300631371129D0,0.1139261832078297D0, 0000007P   1596
0.4480652349397158D0,-0.1563300671589536D0,0.1168094711562997D0, 0000007P   1597
0.43298371241321D0,-0.1563300709607907D0,0.1196777468417455D0,   0000007P   1598
0.4178965104700938D0,-0.1563300745322847D0,0.122524801428324D0,  0000007P   1599
0.4028021658003737D0,-0.156330077895236D0,0.1253445457136273D0,  0000007P   1600
0.3876992645531129D0,-0.1563300810679073D0,0.128130842586985D0,  0000007P   1601
0.3725864433193162D0,-0.1563300840708622D0,0.1308775616547932D0, 0000007P   1602
0.3574623848605071D0,-0.1563300869129057D0,0.1335782850326651D0, 0000007P   1603
0.3423258447107315D0,-0.1563300895995925D0,0.1362265032402096D0, 0000007P   1604
0.3271756518824551D0,-0.1563300921378281D0,0.1388156118548703D0, 0000007P   1605
0.3120107585537582D0,-0.1563300945316451D0,0.1413392306804373D0, 0000007P   1606
0.2968302801169794D0,-0.1563300967810143D0,0.1437913603814028D0, 0000007P   1607
0.281633431554547D0,-0.156330098886589D0,0.1461658621151757D0,   0000007P   1608
0.2664195338982254D0,-0.1563301008489042D0,0.1484565776544635D0, 0000007P   1609
0.2511880970483447D0,-0.1563301026727853D0,0.1506575214416039D0, 0000007P   1610
0.2359387719484586D0,-0.1563301043627988D0,0.152762703181724D0,  0000007P   1611
0.2206713153518241D0,-0.1563301059240075D0,0.1547658728050872D0, 0000007P   1612
0.2053858295363208D0,-0.1563301073586957D0,0.1566619822600991D0, 0000007P   1613
0.190082644214579D0,-0.1563301086681864D0,0.1584464552885655D0,  0000007P   1614
0.1747622167402156D0,-0.1563301098531795D0,0.1601147248141067D0, 0000007P   1615
0.1594250212224247D0,-0.1563301109181075D0,0.1616615295436556D0, 0000007P   1616
0.1440715065129038D0,-0.1563301118756422D0,0.1630800049493705D0, 0000007P   1617
0.1287023700467228D0,-0.1563301127371112D0,0.1643635670367066D0, 0000007P   1618
0.1133185375109732D0,-0.1563301135143058D0,0.1655053067997723D0, 0000007P   1619
0.09792228530811659D0,-0.1563301142061314D0,                     0000007P   1620
0.1665114249809748D0,0.08251558437029287D0,                      0000007P   1621
-0.1563301148106399D0,0.1673867171299792D0,                      0000007P   1622
0.06710053827770027D0,-0.1563301153289793D0,                     0000007P   1623
0.1681420326368576D0,0.05167707160353219D0,-0.156330115745078D0, 0000007P   1624
0.1687539763689998D0,0.03624540801688755D0,-0.15633011603717D0,  0000007P   1625
0.1691864478600903D0,0.02080748600079847D0,                      0000007P   1626
-0.1563301161755887D0,0.1693923602442001D0,                      0000007P   1627
0.005368057283894563D0,-0.1563301161705594D0,                    0000007P   1628
0.1693847610465567D0,-0.0100708245629316D0,                      0000007P   1629
-0.1563301161206492D0,0.1693105370942277D0,                      0000007P   1630
-0.02036368514846993D0,-0.1563301161132127D0,                    0000007P   1631
0.1692994772068634D0,-0.02551000076152426D0,                     0000007P   1632
-0.1563301161306722D0,0.169325443244111D0,0.8418369992384758D0,  0000007P   1633
-0.1591065993603191D0,0.04487700119853978D0,                     0000007P   1634
0.8367558185143135D0,-0.1591065975296379D0,                      0000007P   1635
0.04547018399403109D0,0.8265897579186106D0,                      0000007P   1636
-0.1591065938779433D0,0.04663079176470307D0,                     0000007P   1637
0.8113372186054475D0,-0.1591065884092547D0,0.0483472616440464D0, 0000007P   1638
0.7960883270991336D0,-0.1591065829317617D0,0.0500896289828693D0, 0000007P   1639
0.7808516446471568D0,-0.159106577419538D0,0.05191670660198873D0, 0000007P   1640
0.7656286395643058D0,-0.1591065718975782D0,                      0000007P   1641
0.05383397374449102D0,0.7504173864124721D0,                      0000007P   1642
-0.1591065664118803D0,0.0558239927092638D0,0.7352164409968932D0, 0000007P   1643
-0.159106561006473D0,0.05787389624460919D0,0.7200249218993886D0, 0000007P   1644
-0.1591065557105764D0,0.05997521672901757D0,0.704843667378516D0, 0000007P   1645
-0.1591065505203192D0,0.0621315928271535D0,0.6896732494824975D0, 0000007P   1646
-0.1591065454375661D0,0.06434451303019048D0,                     0000007P   1647
0.6745143305381216D0,-0.1591065404624891D0,                      0000007P   1648
0.06661602603144319D0,0.6593665334317667D0,                      0000007P   1649
-0.1591065356161974D0,0.06894252506282703D0,                     0000007P   1650
0.6442293688662594D0,-0.1591065309186324D0,                      0000007P   1651
0.07132046617480706D0,0.629102374013371D0,-0.1591065263934536D0, 0000007P   1652
0.07374636928095955D0,0.6139849695022809D0,                      0000007P   1653
-0.1591065220430165D0,0.07621655818697687D0,                     0000007P   1654
0.5988764377728414D0,-0.1591065178585358D0,                      0000007P   1655
0.07872724830412955D0,0.5837760850820187D0,                      0000007P   1656
-0.1591065138329699D0,0.08127478085004822D0,0.56868312061455D0,  0000007P   1657
-0.1591065099627367D0,0.08385523052464644D0,                     0000007P   1658
0.5535964490815791D0,-0.1591065062565762D0,0.0864639045373706D0, 0000007P   1659
0.5385149958459791D0,-0.1591065027209607D0,                      0000007P   1660
0.08909624005244213D0,0.5234376658547992D0,-0.159106499364543D0, 0000007P   1661
0.09174771531612085D0,0.5083631298670935D0,                      0000007P   1662
-0.1591064961719393D0,0.09441308944595637D0,                     0000007P   1663
0.4932900075297551D0,-0.1591064931265597D0,                      0000007P   1664
0.09708705190023911D0,0.4782169367240814D0,                      0000007P   1665
-0.1591064902090762D0,0.09976438075849588D0,                     0000007P   1666
0.4631424995329692D0,-0.1591064874164141D0,0.1024395673891332D0, 0000007P   1667
0.448065234939716D0,-0.1591064847599776D0,0.1051068485576408D0,  0000007P   1668
0.4329837124132102D0,-0.1591064822488542D0,0.1077605074482411D0, 0000007P   1669
0.417896510470094D0,-0.1591064798898731D0,0.1103948155241024D0,  0000007P   1670
0.4028021658003737D0,-0.1591064776686348D0,0.1130041332765333D0, 0000007P   1671
0.3876992645531129D0,-0.1591064755730772D0,0.1155827759624146D0, 0000007P   1672
0.3725864433193165D0,-0.1591064735896175D0,0.1181250771928948D0, 0000007P   1673
0.357462384860507D0,-0.1591064717124402D0,0.1206250093798338D0,  0000007P   1674
0.342325844710731D0,-0.1591064699378767D0,0.1230764403965758D0,  0000007P   1675
0.3271756518824558D0,-0.1591064682613652D0,0.1254731350633547D0, 0000007P   1676
0.312010758553758D0,-0.1591064666802428D0,0.1278091558179913D0,  0000007P   1677
0.2968302801169794D0,-0.1591064651945288D0,0.1300790605010496D0, 0000007P   1678
0.2816334315545463D0,-0.1591064638037909D0,0.132277252655123D0,  0000007P   1679
0.266419533898226D0,-0.1591064625076768D0,0.1343981202263366D0,  0000007P   1680
0.2511880970483442D0,-0.1591064613029984D0,0.1364360205424213D0, 0000007P   1681
0.2359387719484587D0,-0.1591064601867401D0,0.138385315832718D0,  0000007P   1682
0.2206713153518242D0,-0.1591064591555575D0,0.1402401100531137D0, 0000007P   1683
0.2053858295363208D0,-0.1591064582079424D0,0.1419957159613749D0, 0000007P   1684
0.1900826442145791D0,-0.1591064573430203D0,0.1436479255845391D0, 0000007P   1685
0.1747622167402153D0,-0.1591064565603293D0,0.1451925304241929D0, 0000007P   1686
0.1594250212224247D0,-0.1591064558569417D0,0.1466246769046198D0, 0000007P   1687
0.1440715065129037D0,-0.1591064552244875D0,0.1479380151406086D0, 0000007P   1688
0.1287023700467228D0,-0.159106454655485D0,0.1491264571557666D0,  0000007P   1689
0.1133185375109732D0,-0.159106454142146D0,0.1501836132862679D0,  0000007P   1690
0.09792228530811646D0,-0.1591064536851932D0,0.151115238418082D0, 0000007P   1691
0.08251558437029283D0,-0.1591064532859138D0,                     0000007P   1692
0.1519257837471766D0,0.06710053827770025D0,                      0000007P   1693
-0.1591064529435493D0,0.1526253156350833D0,                      0000007P   1694
0.05167707160353221D0,-0.1591064526687149D0,                     0000007P   1695
0.1531921363177078D0,0.03624540801688749D0,                      0000007P   1696
-0.1591064524757876D0,0.1535927590401941D0,                      0000007P   1697
0.02080748600079847D0,-0.1591064523843616D0,                     0000007P   1698
0.1537835201104709D0,0.005368057283894578D0,                     0000007P   1699
-0.1591064523876835D0,0.1537764785501383D0,                      0000007P   1700
-0.0100708245629316D0,-0.1591064524206492D0,                     0000007P   1701
0.1537077163931581D0,-0.02036368514846993D0,                     0000007P   1702
-0.159106452425561D0,0.1536974703408181D0,                       0000007P   1703
-0.02551000076152425D0,-0.159106452414029D0,                     0000007P   1704
0.1537215256749573D0,0.8418369992384751D0,-0.1615730420924673D0, 0000007P   1705
0.03880057574524987D0,0.8367558185143131D0,                      0000007P   1706
-0.1615730339156688D0,0.0393338502236274D0,0.8265897579186109D0, 0000007P   1707
-0.1615730176052505D0,0.04037619145861208D0,                     0000007P   1708
0.8113372186054467D0,-0.1615729931791681D0,0.0419167352575639D0, 0000007P   1709
0.7960883270991338D0,-0.1615729687137606D0,                      0000007P   1710
0.04348161066439343D0,0.7808516446471553D0,                      0000007P   1711
-0.1615729440932268D0,0.04512612080912969D0,                     0000007P   1712
0.7656286395643054D0,-0.1615729194292074D0,                      0000007P   1713
0.04685521856828254D0,0.750417386412472D0,-0.1615728949271523D0, 0000007P   1714
0.04865223306541257D0,0.735216440996892D0,-0.1615728707837194D0, 0000007P   1715
0.05050476532981211D0,0.7200249218993888D0,                      0000007P   1716
-0.1615728471294186D0,0.05240474847371054D0,                     0000007P   1717
0.7048436673785153D0,-0.1615728239469605D0,0.0543559069994914D0, 0000007P   1718
0.6896732494824976D0,-0.1615728012446727D0,                      0000007P   1719
0.05635987156427906D0,0.6745143305381217D0,                      0000007P   1720
-0.1615727790233232D0,0.058418820339354D0,0.6593665334317652D0,  0000007P   1721
-0.1615727573771977D0,0.06052906777402325D0,                     0000007P   1722
0.6442293688662604D0,-0.1615727363953656D0,                      0000007P   1723
0.06268700681821394D0,0.6291023740133705D0,                      0000007P   1724
-0.1615727161835029D0,0.0648890209515211D0,0.6139849695022812D0, 0000007P   1725
-0.1615726967521303D0,0.06713170992772174D0,                     0000007P   1726
0.5988764377728409D0,-0.1615726780620079D0,                      0000007P   1727
0.06941178288366326D0,0.5837760850820176D0,                      0000007P   1728
-0.1615726600816822D0,0.07172602602559747D0,                     0000007P   1729
0.5686831206145498D0,-0.1615726427951577D0,                      0000007P   1730
0.07407094287831298D0,0.5535964490815789D0,                      0000007P   1731
-0.1615726262414673D0,0.07644218255153488D0,                     0000007P   1732
0.5385149958459782D0,-0.1615726104495224D0,                      0000007P   1733
0.07883553460603096D0,0.5234376658548D0,-0.1615725954579699D0,   0000007P   1734
0.08124682690450688D0,0.5083631298670926D0,                      0000007P   1735
-0.1615725811980994D0,0.08367114168017699D0,                     0000007P   1736
0.4932900075297551D0,-0.1615725675958089D0,                      0000007P   1737
0.08610350133560887D0,0.4782169367240813D0,-0.161572554564772D0, 0000007P   1738
0.08853896650990532D0,0.4631424995329692D0,                      0000007P   1739
-0.1615725420912532D0,0.09097255403595542D0,0.448065234939716D0, 0000007P   1740
-0.1615725302261916D0,0.09339923868007582D0,                     0000007P   1741
0.4329837124132096D0,-0.1615725190101749D0,                      0000007P   1742
0.09581401267909145D0,0.417896510470094D0,-0.1615725084737065D0, 0000007P   1743
0.09821180274158367D0,0.4028021658003735D0,                      0000007P   1744
-0.1615724985524726D0,0.1005871649560683D0,0.387699264553113D0,  0000007P   1745
-0.1615724891925936D0,0.1029346715457708D0,0.3725864433193158D0, 0000007P   1746
-0.1615724803334053D0,0.1052488441841641D0,0.3574623848605072D0, 0000007P   1747
-0.1615724719489302D0,0.1075242976011242D0,0.342325844710731D0,  0000007P   1748
-0.1615724640227823D0,0.109755653712531D0,0.3271756518824556D0,  0000007P   1749
-0.1615724565345885D0,0.1119374475201879D0,0.312010758553758D0,  0000007P   1750
-0.1615724494724525D0,0.1140643434456938D0,0.2968302801169794D0, 0000007P   1751
-0.1615724428364597D0,0.1161312230376175D0,0.2816334315545467D0, 0000007P   1752
-0.1615724366246837D0,0.1181328699592205D0,0.2664195338982255D0, 0000007P   1753
-0.1615724308355457D0,0.120064045386117D0,0.2511880970483447D0,  0000007P   1754
-0.1615724254548094D0,0.1219196177560669D0,0.2359387719484587D0, 0000007P   1755
-0.1615724204690041D0,0.1236944574299568D0,0.2206713153518242D0, 0000007P   1756
-0.1615724158631938D0,0.1253831940687562D0,0.2053858295363206D0, 0000007P   1757
-0.1615724116306372D0,0.1269815978494358D0,0.1900826442145788D0, 0000007P   1758
-0.1615724077674342D0,0.1284858903597501D0,0.1747622167402154D0, 0000007P   1759
-0.1615724042715186D0,0.1298922994247438D0,0.1594250212224246D0, 0000007P   1760
-0.1615724011298139D0,0.1311964223717754D0,0.1440715065129037D0, 0000007P   1761
-0.1615723983049353D0,0.132392397580751D0,0.1287023700467228D0,  0000007P   1762
-0.1615723957634666D0,0.1334746182935503D0,0.1133185375109731D0, 0000007P   1763
-0.1615723934706207D0,0.1344371964261815D0,                      0000007P   1764
0.09792228530811647D0,-0.1615723914296264D0,                     0000007P   1765
0.1352854701189163D0,0.0825155843702928D0,-0.1615723896462306D0, 0000007P   1766
0.1360235828745523D0,0.06710053827770027D0,                      0000007P   1767
-0.1615723881170484D0,0.1366608245903507D0,                      0000007P   1768
0.05167707160353214D0,-0.1615723868894911D0,                     0000007P   1769
0.1371773682811766D0,0.03624540801688753D0,                      0000007P   1770
-0.1615723860277744D0,0.1375425634823821D0,                      0000007P   1771
0.02080748600079847D0,-0.161572385619417D0,0.1377164898326184D0, 0000007P   1772
0.005368057283894567D0,-0.1615723856342548D0,                    0000007P   1773
0.1377100655819531D0,-0.0100708245629316D0,                      0000007P   1774
-0.1615723857814977D0,0.1376473725037597D0,                      0000007P   1775
-0.02036368514846991D0,-0.1615723858034363D0,                    0000007P   1776
0.1376380307588031D0,-0.02551000076152425D0,                     0000007P   1777
-0.1615723857519283D0,0.1376599629686609D0,0.8418369992384759D0, 0000007P   1778
-0.1637879290216149D0,0.03310745646897027D0,                     0000007P   1779
0.8367558185143134D0,-0.1637879294132255D0,                      0000007P   1780
0.03357860269554915D0,0.8265897579186104D0,                      0000007P   1781
-0.1637879301943788D0,0.03449869162187855D0,                     0000007P   1782
0.8113372186054481D0,-0.1637879313642147D0,                      0000007P   1783
0.03585775982000598D0,0.7960883270991332D0,-0.163787932535934D0, 0000007P   1784
0.03723914191868828D0,0.7808516446471566D0,                      0000007P   1785
-0.1637879337150827D0,0.0386935752947344D0,0.7656286395643054D0, 0000007P   1786
-0.1637879348963142D0,0.04022551866367349D0,0.750417386412472D0, 0000007P   1787
-0.1637879360697887D0,0.04181955443017807D0,                     0000007P   1788
0.7352164409968928D0,-0.1637879372260876D0,                      0000007P   1789
0.04346419142050837D0,0.7200249218993887D0,                      0000007P   1790
-0.1637879383589608D0,0.04515192026418134D0,                     0000007P   1791
0.7048436673785162D0,-0.1637879394692359D0,                      0000007P   1792
0.04688607058405685D0,0.6896732494824979D0,                      0000007P   1793
-0.1637879405565143D0,0.04866804833463828D0,                     0000007P   1794
0.6745143305381222D0,-0.1637879416207589D0,                      0000007P   1795
0.05049976269091108D0,0.6593665334317668D0,                      0000007P   1796
-0.1637879426574549D0,0.05237793040522379D0,                     0000007P   1797
0.6442293688662599D0,-0.1637879436623355D0,                      0000007P   1798
0.05429933827452788D0,0.6291023740133711D0,                      0000007P   1799
-0.1637879446303404D0,0.05626076939719628D0,                     0000007P   1800
0.6139849695022805D0,-0.1637879455609649D0,                      0000007P   1801
0.05825917190328153D0,0.5988764377728418D0,                      0000007P   1802
-0.1637879464560893D0,0.06029157378341608D0,                     0000007P   1803
0.5837760850820174D0,-0.1637879473172192D0,                      0000007P   1804
0.06235508458886552D0,0.5686831206145501D0,-0.163787948145121D0, 0000007P   1805
0.06444652545163422D0,0.5535964490815796D0,                      0000007P   1806
-0.1637879489379253D0,0.06656185163563147D0,                     0000007P   1807
0.5385149958459787D0,-0.1637879496942474D0,                      0000007P   1808
0.06869716444362661D0,0.5234376658547998D0,                      0000007P   1809
-0.1637879504122364D0,0.07084857729576269D0,                     0000007P   1810
0.5083631298670935D0,-0.163787951095183D0,0.07301180321943579D0, 0000007P   1811
0.4932900075297549D0,-0.163787951746636D0,0.07518251493010865D0, 0000007P   1812
0.4782169367240817D0,-0.1637879523707305D0,                      0000007P   1813
0.07735645354148216D0,0.4631424995329692D0,                      0000007P   1814
-0.1637879529681231D0,0.07952912591877412D0,0.448065234939716D0, 0000007P   1815
-0.1637879535363754D0,0.08169582845270267D0,                     0000007P   1816
0.4329837124132105D0,-0.1637879540735431D0,                      0000007P   1817
0.08385189936017365D0,0.4178965104700938D0,                      0000007P   1818
-0.1637879545781652D0,0.08599265453996779D0,                     0000007P   1819
0.4028021658003741D0,-0.1637879550533218D0,                      0000007P   1820
0.08811339311253302D0,0.3876992645531125D0,                      0000007P   1821
-0.1637879555015936D0,0.09020939265500692D0,                     0000007P   1822
0.3725864433193167D0,-0.163787955925886D0,0.0922759169894177D0,  0000007P   1823
0.3574623848605067D0,-0.1637879563274426D0,                      0000007P   1824
0.09430813490679463D0,0.3423258447107312D0,-0.163787956707049D0, 0000007P   1825
0.09630117349430024D0,0.3271756518824557D0,-0.16378795706568D0,  0000007P   1826
0.09825009834718916D0,0.312010758553758D0,-0.1637879574039063D0, 0000007P   1827
0.1001500686081855D0,0.2968302801169796D0,-0.1637879577217234D0, 0000007P   1828
0.1019964096061706D0,0.2816334315545466D0,-0.1637879580192233D0, 0000007P   1829
0.1037843622792828D0,0.2664195338982258D0,-0.163787958296482D0,  0000007P   1830
0.1055091521879541D0,0.2511880970483443D0,-0.1637879585541808D0, 0000007P   1831
0.1071663459551417D0,0.2359387719484588D0,-0.1637879587929657D0, 0000007P   1832
0.1087514966806234D0,0.2206713153518243D0,-0.1637879590135512D0, 0000007P   1833
0.1102599799414641D0,0.2053858295363208D0,-0.1637879592162607D0, 0000007P   1834
0.111687978490518D0,0.190082644214579D0,-0.1637879594012806D0,   0000007P   1835
0.1130319874943754D0,0.1747622167402154D0,-0.1637879595687102D0, 0000007P   1836
0.1142885161604161D0,0.1594250212224246D0,-0.1637879597191756D0, 0000007P   1837
0.1154535611070409D0,0.1440715065129038D0,-0.1637879598544673D0, 0000007P   1838
0.1165219406117827D0,0.1287023700467228D0,-0.1637879599761856D0, 0000007P   1839
0.1174886796720651D0,0.1133185375109732D0,-0.1637879600859967D0, 0000007P   1840
0.1183485579282716D0,0.0979222853081165D0,-0.1637879601837456D0, 0000007P   1841
0.1191063520383247D0,0.08251558437029281D0,                      0000007P   1842
-0.1637879602691576D0,0.1197657700905899D0,                      0000007P   1843
0.06710053827770025D0,-0.1637879603423947D0,                     0000007P   1844
0.1203351232262841D0,0.05167707160353217D0,-0.163787960401186D0, 0000007P   1845
0.1207966789803209D0,0.03624540801688757D0,                      0000007P   1846
-0.1637879604424559D0,0.1211230215127544D0,                      0000007P   1847
0.02080748600079845D0,-0.1637879604620135D0,                     0000007P   1848
0.1212784515474942D0,0.005368057283894574D0,                     0000007P   1849
-0.1637879604613029D0,0.1212727095987293D0,                      0000007P   1850
-0.0100708245629316D0,-0.1637879604542508D0,0.121216683831483D0, 0000007P   1851
-0.02036368514846993D0,-0.1637879604532002D0,                    0000007P   1852
0.121208335560278D0,-0.02551000076152426D0,-0.163787960455667D0, 0000007P   1853
0.1212279353236923D0,0.8418369992384754D0,-0.1657953153465726D0, 0000007P   1854
0.02773451480940241D0,0.8367558185143136D0,                      0000007P   1855
-0.1657953429467315D0,0.02814176276470141D0,                     0000007P   1856
0.8265897579186107D0,-0.1657953980013039D0,                      0000007P   1857
0.02893647422516252D0,0.8113372186054464D0,                      0000007P   1858
-0.1657954804496794D0,0.03010977165024723D0,                     0000007P   1859
0.7960883270991336D0,-0.1657955630307952D0,                      0000007P   1860
0.03130295108945481D0,0.780851644647156D0,-0.1657956461355268D0, 0000007P   1861
0.03256122489128885D0,0.7656286395643054D0,                      0000007P   1862
-0.1657957293870413D0,0.03388854949481809D0,                     0000007P   1863
0.7504173864124724D0,-0.165795812091858D0,0.03527115746071786D0, 0000007P   1864
0.7352164409968924D0,-0.1657958935861721D0,                      0000007P   1865
0.03669879475577796D0,0.7200249218993885D0,                      0000007P   1866
-0.1657959734294588D0,0.03816470186303301D0,                     0000007P   1867
0.7048436673785163D0,-0.1657960516800768D0,0.0396716710814283D0, 0000007P   1868
0.689673249482497D0,-0.1657961283099156D0,0.0412208003815239D0,  0000007P   1869
0.6745143305381222D0,-0.1657962033163853D0,                      0000007P   1870
0.04281363056856161D0,0.6593665334317659D0,-0.165796276381228D0, 0000007P   1871
0.04444740188352867D0,0.6442293688662603D0,-0.165796347203801D0, 0000007P   1872
0.04611940827196206D0,0.6291023740133702D0,                      0000007P   1873
-0.1657964154274001D0,0.04782696967179392D0,0.613984969502281D0, 0000007P   1874
-0.1657964810165155D0,0.04956738133239416D0,                     0000007P   1875
0.5988764377728407D0,-0.1657965441035962D0,                      0000007P   1876
0.05133791956015651D0,0.5837760850820183D0,                      0000007P   1877
-0.1657966047948129D0,0.05313594755695388D0,                     0000007P   1878
0.5686831206145496D0,-0.165796663144157D0,0.05495859724538833D0, 0000007P   1879
0.5535964490815789D0,-0.1657967190198757D0,                      0000007P   1880
0.05680232023956418D0,0.5385149958459787D0,                      0000007P   1881
-0.1657967723243797D0,0.05866368532117548D0,                     0000007P   1882
0.5234376658548001D0,-0.1657968229272216D0,                      0000007P   1883
0.06053927142147664D0,0.5083631298670928D0,                      0000007P   1884
-0.1657968710603258D0,0.06242535781108278D0,                     0000007P   1885
0.4932900075297552D0,-0.1657969169738188D0,                      0000007P   1886
0.06431819022522944D0,0.4782169367240816D0,                      0000007P   1887
-0.1657969609590887D0,0.06621408491499089D0,0.463142499532969D0, 0000007P   1888
-0.1657970030624997D0,0.06810909570750211D0,                     0000007P   1889
0.4480652349397162D0,-0.1657970431121092D0,                      0000007P   1890
0.06999904160576033D0,0.4329837124132098D0,                      0000007P   1891
-0.1657970809709175D0,0.07187978571631012D0,0.417896510470094D0, 0000007P   1892
-0.1657971165359615D0,0.07374718314907196D0,                     0000007P   1893
0.4028021658003734D0,-0.1657971500243306D0,                      0000007P   1894
0.07559717211832628D0,0.3876992645531128D0,                      0000007P   1895
-0.1657971816178866D0,0.07742566123422463D0,0.372586443319316D0, 0000007P   1896
-0.1657972115214006D0,0.07922855546235057D0,                     0000007P   1897
0.3574623848605072D0,-0.1657972398225561D0,                      0000007P   1898
0.08100163207965025D0,0.3423258447107309D0,-0.165797266576663D0, 0000007P   1899
0.08274061972238123D0,0.3271756518824557D0,-0.16579729185249D0,  0000007P   1900
0.08444119823007223D0,0.3120107585537581D0,                      0000007P   1901
-0.1657973156901909D0,0.08609912002898472D0,                     0000007P   1902
0.2968302801169791D0,-0.1657973380894776D0,                      0000007P   1903
0.08771027016487616D0,0.2816334315545468D0,                      0000007P   1904
-0.1657973590568532D0,0.08927046169863466D0,                     0000007P   1905
0.2664195338982255D0,-0.1657973785976471D0,                      0000007P   1906
0.09077549551963282D0,0.2511880970483444D0,                      0000007P   1907
-0.1657973967599108D0,0.09222154357405568D0,                     0000007P   1908
0.2359387719484587D0,-0.1657974135891163D0,                      0000007P   1909
0.09360476215049097D0,0.2206713153518241D0,                      0000007P   1910
-0.1657974291356782D0,0.09492116106188593D0,                     0000007P   1911
0.2053858295363207D0,-0.1657974434223484D0,                      0000007P   1912
0.09616740767984729D0,0.190082644214579D0,-0.1657974564622966D0, 0000007P   1913
0.09734042075863057D0,0.1747622167402152D0,                      0000007P   1914
-0.1657974682624926D0,0.09843713720721703D0,                     0000007P   1915
0.1594250212224247D0,-0.1657974788670772D0,                      0000007P   1916
0.09945404143722816D0,0.1440715065129035D0,                      0000007P   1917
-0.1657974884022389D0,0.1003865817689516D0,0.1287023700467228D0, 0000007P   1918
-0.1657974969807723D0,0.101230388091114D0,0.1133185375109732D0,  0000007P   1919
-0.1657975047200991D0,0.101980875535942D0,0.09792228530811645D0, 0000007P   1920
-0.1657975116093193D0,0.1026422156765683D0,                      0000007P   1921
0.08251558437029279D0,-0.1657975176290356D0,                     0000007P   1922
0.1032176490700659D0,0.06710053827770027D0,                      0000007P   1923
-0.1657975227906733D0,0.103714428733943D0,0.05167707160353215D0, 0000007P   1924
-0.1657975269341989D0,0.1041171058610853D0,                      0000007P   1925
0.03624540801688753D0,-0.1657975298428581D0,                     0000007P   1926
0.1044017921112685D0,0.02080748600079849D0,                      0000007P   1927
-0.1657975312212372D0,0.1045373739194981D0,                      0000007P   1928
0.005368057283894572D0,-0.165797531171154D0,                     0000007P   1929
0.1045323661835529D0,-0.0100708245629316D0,                      0000007P   1930
-0.1657975306741463D0,0.1044834946494909D0,                      0000007P   1931
-0.02036368514846992D0,-0.1657975306000942D0,                    0000007P   1932
0.1044762124209873D0,-0.02551000076152424D0,                     0000007P   1933
-0.1657975307739557D0,0.1044933093738927D0,0.8418369992384761D0, 0000007P   1934
-0.1676324634853773D0,0.02262568434918213D0,                     0000007P   1935
0.8367558185143136D0,-0.1676325101696889D0,                      0000007P   1936
0.02296762514153066D0,0.8265897579186113D0,                      0000007P   1937
-0.1676326032917914D0,0.0236344912224685D0,0.8113372186054485D0, 0000007P   1938
-0.1676327427491641D0,0.02461864752914757D0,                     0000007P   1939
0.7960883270991341D0,-0.1676328824310611D0,0.0256199033663642D0, 0000007P   1940
0.7808516446471566D0,-0.1676330229986276D0,                      0000007P   1941
0.02667714257830284D0,0.7656286395643053D0,                      0000007P   1942
-0.1676331638144714D0,0.02779377536117044D0,                     0000007P   1943
0.7504173864124726D0,-0.1676333037056014D0,                      0000007P   1944
0.02895796962043515D0,0.7352164409968931D0,                      0000007P   1945
-0.1676334415492272D0,0.03016092061067201D0,                     0000007P   1946
0.7200249218993889D0,-0.1676335766002201D0,                      0000007P   1947
0.03139680104016822D0,0.7048436673785162D0,                      0000007P   1948
-0.1676337089572929D0,0.03266794182828022D0,                     0000007P   1949
0.6896732494824979D0,-0.1676338385728975D0,                      0000007P   1950
0.03397522707145625D0,0.6745143305381219D0,                      0000007P   1951
-0.1676339654426524D0,0.03531991879133133D0,                     0000007P   1952
0.6593665334317669D0,-0.1676340890282414D0,                      0000007P   1953
0.03669968349364242D0,0.6442293688662601D0,                      0000007P   1954
-0.1676342088211409D0,0.03811222852364785D0,                     0000007P   1955
0.6291023740133713D0,-0.1676343242180044D0,                      0000007P   1956
0.03955530222148086D0,0.6139849695022813D0,                      0000007P   1957
-0.1676344351587676D0,0.04102652572453271D0,                     0000007P   1958
0.5988764377728413D0,-0.167634541867463D0,0.04252345363298325D0, 0000007P   1959
0.5837760850820182D0,-0.1676346445236718D0,                      0000007P   1960
0.04404370706254498D0,0.5686831206145501D0,                      0000007P   1961
-0.1676347432187182D0,0.04558479278345504D0,                     0000007P   1962
0.5535964490815793D0,-0.1676348377297487D0,                      0000007P   1963
0.04714388895030369D0,0.5385149958459796D0,                      0000007P   1964
-0.1676349278916963D0,0.04871822892879735D0,                     0000007P   1965
0.5234376658547999D0,-0.1676350134839149D0,                      0000007P   1966
0.05030509008232414D0,0.5083631298670938D0,-0.167635094898694D0, 0000007P   1967
0.05190112389448296D0,0.4932900075297555D0,                      0000007P   1968
-0.1676351725591095D0,0.05350293700548235D0,                     0000007P   1969
0.4782169367240818D0,-0.1676352469580314D0,                      0000007P   1970
0.05510714304462946D0,0.4631424995329697D0,                      0000007P   1971
-0.1676353181738804D0,0.05671043039452273D0,                     0000007P   1972
0.4480652349397159D0,-0.1676353859158257D0,                      0000007P   1973
0.05830955100203224D0,0.4329837124132103D0,                      0000007P   1974
-0.1676354499521381D0,0.0599012558790492D0,0.417896510470094D0,  0000007P   1975
-0.1676355101086617D0,0.06148222894287231D0,0.402802165800374D0, 0000007P   1976
-0.1676355667525907D0,0.06304870824154564D0,                     0000007P   1977
0.3876992645531131D0,-0.1676356201915372D0,                      0000007P   1978
0.06459696927092705D0,0.3725864433193167D0,                      0000007P   1979
-0.1676356707718612D0,0.06612321948840921D0,                     0000007P   1980
0.3574623848605071D0,-0.1676357186418742D0,                      0000007P   1981
0.06762395138536355D0,0.3423258447107315D0,                      0000007P   1982
-0.1676357638951303D0,0.06909571685381359D0,                     0000007P   1983
0.3271756518824556D0,-0.1676358066479486D0,                      0000007P   1984
0.07053501316224174D0,0.3120107585537581D0,                      0000007P   1985
-0.1676358469682476D0,0.07193835183528553D0,                     0000007P   1986
0.2968302801169797D0,-0.1676358848555401D0,                      0000007P   1987
0.07330226965362244D0,0.2816334315545466D0,-0.167635920320825D0, 0000007P   1988
0.07462326041091204D0,0.2664195338982261D0,                      0000007P   1989
-0.1676359533731166D0,0.07589779847348732D0,                     0000007P   1990
0.2511880970483444D0,-0.1676359840936929D0,                      0000007P   1991
0.07712247627004101D0,0.2359387719484591D0,                      0000007P   1992
-0.1676360125594665D0,0.07829388932270581D0,                     0000007P   1993
0.2206713153518245D0,-0.1676360388557114D0,0.0794084612846193D0, 0000007P   1994
0.2053858295363211D0,-0.1676360630209113D0,                      0000007P   1995
0.08046344833185831D0,0.190082644214579D0,-0.1676360850773427D0, 0000007P   1996
0.08145643476849648D0,0.1747622167402156D0,                      0000007P   1997
-0.1676361050367938D0,0.0823850204658052D0,0.1594250212224248D0, 0000007P   1998
-0.1676361229739271D0,0.08324631060196527D0,                     0000007P   1999
0.1440715065129038D0,-0.1676361391021844D0,                      0000007P   2000
0.08403627156074443D0,0.1287023700467229D0,-0.167636153612352D0, 0000007P   2001
0.08475106713662095D0,0.1133185375109732D0,                      0000007P   2002
-0.1676361667030424D0,0.08538666547786072D0,                     0000007P   2003
0.09792228530811665D0,-0.1676361783558201D0,                     0000007P   2004
0.08594663109303347D0,0.08251558437029288D0,                     0000007P   2005
-0.1676361885378733D0,0.08643374211763744D0,                     0000007P   2006
0.06710053827770039D0,-0.1676361972685307D0,                     0000007P   2007
0.08685417016579745D0,0.0516770716035322D0,                      0000007P   2008
-0.1676362042771003D0,0.08719488705468301D0,                     0000007P   2009
0.03624540801688755D0,-0.1676362091969544D0,                     0000007P   2010
0.08743572624291268D0,0.02080748600079848D0,                     0000007P   2011
-0.167636211528415D0,0.0875504128336535D0,                       0000007P   2012
0.005368057283894569D0,-0.1676362114437014D0,                    0000007P   2013
0.08754617840414013D0,-0.01007082456293161D0,                    0000007P   2014
-0.1676362106030376D0,0.08750483841660979D0,                     0000007P   2015
-0.02036368514846994D0,-0.167636210477782D0,                     0000007P   2016
0.0874986784563577D0,-0.02551000076152428D0,                     0000007P   2017
-0.1676362107718599D0,0.08751314059679012D0,                     0000007P   2018
0.8418369992384754D0,-0.1693376687880777D0,                      0000007P   2019
0.01770906872436258D0,0.8367558185143134D0,                      0000007P   2020
-0.1693375183677805D0,0.0179846520232193D0,0.8265897579186107D0, 0000007P   2021
-0.169337218321495D0,0.01852175544174891D0,0.8113372186054478D0, 0000007P   2022
-0.1693367689795481D0,0.01931406923712068D0,                     0000007P   2023
0.7960883270991335D0,-0.1693363189141693D0,                      0000007P   2024
0.02012051419965139D0,0.7808516446471564D0,-0.169335865995096D0, 0000007P   2025
0.02097323332854014D0,0.7656286395643057D0,                      0000007P   2026
-0.1693354122760558D0,0.02187500716504995D0,                     0000007P   2027
0.7504173864124724D0,-0.1693349615365114D0,                      0000007P   2028
0.02281600131418876D0,0.7352164409968923D0,                      0000007P   2029
-0.1693345173941774D0,0.02378888061945438D0,                     0000007P   2030
0.7200249218993889D0,-0.1693340822499115D0,                      0000007P   2031
0.02478880164456915D0,0.7048436673785166D0,                      0000007P   2032
-0.1693336557856564D0,0.02581772906341707D0,                     0000007P   2033
0.6896732494824975D0,-0.1693332381546132D0,                      0000007P   2034
0.02687642031576735D0,0.6745143305381218D0,                      0000007P   2035
-0.1693328293709002D0,0.027965948521375D0,0.6593665334317665D0,  0000007P   2036
-0.1693324311690128D0,0.02908434295144992D0,                     0000007P   2037
0.6442293688662595D0,-0.1693320451874503D0,                      0000007P   2038
0.03022966931673899D0,0.6291023740133713D0,                      0000007P   2039
-0.1693316733702404D0,0.03140001738451641D0,                     0000007P   2040
0.6139849695022807D0,-0.1693313159109144D0,                      0000007P   2041
0.03259342828429788D0,0.5988764377728414D0,                      0000007P   2042
-0.1693309720876232D0,0.03380791798755078D0,                     0000007P   2043
0.5837760850820174D0,-0.1693306413217426D0,                      0000007P   2044
0.03504155128217756D0,0.5686831206145505D0,                      0000007P   2045
-0.1693303233190206D0,0.03629229517843959D0,                     0000007P   2046
0.5535964490815786D0,-0.1693300187975059D0,                      0000007P   2047
0.03755782942516313D0,0.5385149958459787D0,                      0000007P   2048
-0.1693297282890569D0,0.03883588253137946D0,                     0000007P   2049
0.5234376658548003D0,-0.1693294525046125D0,                      0000007P   2050
0.04012421530262308D0,0.508363129867093D0,-0.1693291901801867D0, 0000007P   2051
0.04142011936565788D0,0.4932900075297554D0,                      0000007P   2052
-0.1693289399525964D0,0.04272085190406098D0,                     0000007P   2053
0.4782169367240817D0,-0.1693287002337802D0,                      0000007P   2054
0.04402368074835691D0,0.4631424995329693D0,                      0000007P   2055
-0.1693284707710591D0,0.04532590624402084D0,                     0000007P   2056
0.4480652349397158D0,-0.1693282525015122D0,                      0000007P   2057
0.04662485489700068D0,0.4329837124132098D0,                      0000007P   2058
-0.1693280461717877D0,0.04791785772092957D0,0.417896510470094D0, 0000007P   2059
-0.1693278523430298D0,0.04920219102919512D0,                     0000007P   2060
0.4028021658003739D0,-0.1693276698321098D0,                      0000007P   2061
0.05047477645128086D0,0.3876992645531128D0,                      0000007P   2062
-0.1693274976478805D0,0.05173256702860161D0,                     0000007P   2063
0.3725864433193164D0,-0.1693273346743447D0,                      0000007P   2064
0.05297245384862636D0,0.3574623848605073D0,                      0000007P   2065
-0.1693271804336297D0,0.0541916113693539D0,0.3423258447107309D0, 0000007P   2066
-0.1693270346242998D0,0.05538727473809237D0,                     0000007P   2067
0.3271756518824558D0,-0.1693268968715636D0,                      0000007P   2068
0.05655663695241842D0,0.312010758553758D0,-0.1693267669565853D0, 0000007P   2069
0.05769687925954158D0,0.2968302801169792D0,-0.169326644880933D0, 0000007P   2070
0.05880516529787062D0,0.2816334315545467D0,                      0000007P   2071
-0.1693265306091679D0,0.0598786310333217D0,0.2664195338982255D0, 0000007P   2072
-0.1693264241122449D0,0.06091439418450571D0,                     0000007P   2073
0.2511880970483446D0,-0.169326325128281D0,0.06190964649725127D0, 0000007P   2074
0.2359387719484586D0,-0.1693262334094578D0,                      0000007P   2075
0.06286158482667842D0,0.2206713153518242D0,                      0000007P   2076
-0.1693261486810161D0,0.06376725735538594D0,                     0000007P   2077
0.2053858295363207D0,-0.1693260708189589D0,                      0000007P   2078
0.06462444140955005D0,0.1900826442145791D0,                      0000007P   2079
-0.1693259997515095D0,0.06543120466037897D0,                     0000007P   2080
0.1747622167402152D0,-0.1693259354406857D0,                      0000007P   2081
0.06618562172812667D0,0.1594250212224247D0,                      0000007P   2082
-0.1693258776459181D0,0.0668853672812075D0,0.1440715065129035D0, 0000007P   2083
-0.169325825679483D0,0.06752719121069893D0,0.1287023700467229D0, 0000007P   2084
-0.1693257789266522D0,0.06810800371724197D0,                     0000007P   2085
0.1133185375109731D0,-0.1693257367474814D0,                      0000007P   2086
0.06862455684966769D0,0.09792228530811645D0,                     0000007P   2087
-0.1693256992013721D0,0.06907970556631056D0,                     0000007P   2088
0.08251558437029291D0,-0.1693256663940447D0,                     0000007P   2089
0.06947566689297158D0,0.06710053827770023D0,                     0000007P   2090
-0.1693256382632229D0,0.06981740859136956D0,                     0000007P   2091
0.05167707160353222D0,-0.1693256156810943D0,                     0000007P   2092
0.07009433640727664D0,0.03624540801688755D0,                     0000007P   2093
-0.1693255998289618D0,0.07029007525630572D0,                     0000007P   2094
0.02080748600079848D0,-0.1693255923168239D0,                     0000007P   2095
0.07038328172594252D0,0.00536805728389458D0,                     0000007P   2096
-0.1693255925897768D0,0.07037984080849152D0,                     0000007P   2097
-0.01007082456293163D0,-0.1693255952984574D0,                    0000007P   2098
0.07034624347326671D0,-0.02036368514846992D0,                    0000007P   2099
-0.1693255957020405D0,0.07034123722778009D0,                     0000007P   2100
-0.02551000076152427D0,-0.1693255947544996D0,                    0000007P   2101
0.07035299071911293D0,0.8418369992384763D0,                      0000007P   2102
-0.1709082631024012D0,0.01302390300849215D0,                     0000007P   2103
0.8367558185143144D0,-0.1709080877150206D0,                      0000007P   2104
0.01323193724895129D0,0.8265897579186111D0,                      0000007P   2105
-0.1709077378664093D0,0.01363714505063346D0,                     0000007P   2106
0.8113372186054482D0,-0.1709072139417218D0,                      0000007P   2107
0.01423465425023752D0,0.7960883270991335D0,                      0000007P   2108
-0.1709066891735265D0,0.0148430747612556D0,0.7808516446471571D0, 0000007P   2109
-0.170906161077974D0,0.01548723750997997D0,0.7656286395643058D0, 0000007P   2110
-0.1709056320496743D0,0.01616923899987499D0,0.750417386412472D0, 0000007P   2111
-0.1709051064954138D0,0.01688141137742798D0,                     0000007P   2112
0.7352164409968933D0,-0.1709045886333829D0,                      0000007P   2113
0.01761801092797821D0,0.7200249218993894D0,                      0000007P   2114
-0.1709040812629382D0,0.0183752689132773D0,0.7048436673785167D0, 0000007P   2115
-0.1709035840132313D0,0.01915478061602086D0,                     0000007P   2116
0.6896732494824976D0,-0.1709030970628921D0,                      0000007P   2117
0.01995719021265643D0,0.6745143305381232D0,                      0000007P   2118
-0.1709026204283818D0,0.02078339109258307D0,0.659366533431766D0, 0000007P   2119
-0.1709021561320907D0,0.02163179393118315D0,                     0000007P   2120
0.6442293688662608D0,-0.1709017060844809D0,                      0000007P   2121
0.02250084327070748D0,0.6291023740133711D0,                      0000007P   2122
-0.1709012725522526D0,0.02338898168691114D0,                     0000007P   2123
0.6139849695022813D0,-0.1709008557610613D0,                      0000007P   2124
0.02429473164788959D0,0.5988764377728415D0,                      0000007P   2125
-0.1709004548692427D0,0.02521665543827202D0,                     0000007P   2126
0.5837760850820185D0,-0.1709000692021322D0,                      0000007P   2127
0.02615334980528999D0,0.5686831206145498D0,                      0000007P   2128
-0.1708996984166361D0,0.0271032911848146D0,0.55359644908158D0,   0000007P   2129
-0.1708993433499873D0,0.02806459155462183D0,                     0000007P   2130
0.5385149958459789D0,-0.1708990046223229D0,                      0000007P   2131
0.02903542633312962D0,0.5234376658548006D0,                      0000007P   2132
-0.1708986830625847D0,0.03001397380329821D0,                     0000007P   2133
0.5083631298670935D0,-0.1708983771969882D0,                      0000007P   2134
0.03099828778524323D0,0.4932900075297552D0,                      0000007P   2135
-0.1708980854360855D0,0.03198640652406221D0,0.478216936724082D0, 0000007P   2136
-0.1708978059282263D0,0.032976408401027D0,0.4631424995329693D0,  0000007P   2137
-0.1708975383787907D0,0.03396621565270289D0,                     0000007P   2138
0.4480652349397165D0,-0.1708972838803962D0,0.0349536099142911D0, 0000007P   2139
0.4329837124132101D0,-0.1708970433036218D0,                      0000007P   2140
0.03593640155489074D0,0.417896510470094D0,-0.1708968173027507D0, 0000007P   2141
0.03691238887457286D0,0.4028021658003742D0,                      0000007P   2142
-0.1708966044982769D0,0.03787936430159621D0,                     0000007P   2143
0.3876992645531129D0,-0.1708964037345401D0,                      0000007P   2144
0.03883511454372253D0,0.3725864433193168D0,                      0000007P   2145
-0.1708962137103072D0,0.03977740303797016D0,                     0000007P   2146
0.3574623848605072D0,-0.1708960338683876D0,                      0000007P   2147
0.04070407840794051D0,0.3423258447107314D0,                      0000007P   2148
-0.1708958638573124D0,0.04161300103641251D0,                     0000007P   2149
0.3271756518824555D0,-0.1708957032400813D0,                      0000007P   2150
0.04250200874674735D0,0.3120107585537582D0,                      0000007P   2151
-0.1708955517615363D0,0.04336892428191266D0,                     0000007P   2152
0.2968302801169796D0,-0.1708954094235054D0,                      0000007P   2153
0.04421155190309638D0,0.2816334315545467D0,                      0000007P   2154
-0.1708952761846676D0,0.04502767507617998D0,                     0000007P   2155
0.2664195338982256D0,-0.1708951520111568D0,                      0000007P   2156
0.04581506491953945D0,0.2511880970483445D0,                      0000007P   2157
-0.1708950365976225D0,0.04657162288927504D0,                     0000007P   2158
0.2359387719484588D0,-0.1708949296551123D0,                      0000007P   2159
0.04729524921605309D0,0.2206713153518242D0,                      0000007P   2160
-0.1708948308632625D0,0.04798374416103028D0,                     0000007P   2161
0.2053858295363208D0,-0.1708947400774937D0,                      0000007P   2162
0.04863538801413556D0,0.190082644214579D0,-0.1708946572141166D0, 0000007P   2163
0.049248652723483D0,0.1747622167402156D0,-0.1708945822288445D0,  0000007P   2164
0.04982200880428343D0,0.1594250212224247D0,                      0000007P   2165
-0.1708945148411772D0,0.05035367986054257D0,                     0000007P   2166
0.1440715065129038D0,-0.1708944542492416D0,                      0000007P   2167
0.05084131557717605D0,0.1287023700467228D0,                      0000007P   2168
-0.1708943997362762D0,0.05128266593977444D0,                     0000007P   2169
0.1133185375109732D0,-0.1708943505561157D0,                      0000007P   2170
0.05167536845947179D0,0.09792228530811652D0,                     0000007P   2171
-0.1708943067780229D0,0.05202152851655149D0,                     0000007P   2172
0.08251558437029285D0,-0.1708942685252643D0,                     0000007P   2173
0.05232276683149813D0,0.06710053827770032D0,                     0000007P   2174
-0.170894235725229D0,0.05258278923184655D0,                      0000007P   2175
0.05167707160353221D0,-0.17089420939487D0,0.05279350674963447D0, 0000007P   2176
0.03624540801688753D0,-0.1708941909115665D0,                     0000007P   2177
0.0529424552955422D0,0.02080748600079848D0,                      0000007P   2178
-0.1708941821525482D0,0.05301338356880374D0,                     0000007P   2179
0.005368057283894575D0,-0.1708941824708063D0,                    0000007P   2180
0.05301076484217146D0,-0.01007082456293159D0,                    0000007P   2181
-0.1708941856290797D0,0.05298519798731059D0,                     0000007P   2182
-0.02036368514846997D0,-0.17089418609965D0,0.0529813883395405D0, 0000007P   2183
-0.02551000076152427D0,-0.1708941849948343D0,                    0000007P   2184
0.052990332498389D0,0.8418369992384757D0,-0.1723410290146066D0,  0000007P   2185
0.008604314390721823D0,0.8367558185143138D0,                     0000007P   2186
-0.1723413338495156D0,0.008743477463188518D0,                    0000007P   2187
0.8265897579186104D0,-0.172341941909624D0,0.00901446964435775D0, 0000007P   2188
0.8113372186054485D0,-0.1723428525255065D0,                      0000007P   2189
0.009414001096839373D0,0.7960883270991335D0,                     0000007P   2190
-0.1723437646074627D0,0.009820900117419847D0,                    0000007P   2191
0.7808516446471558D0,-0.1723446824725859D0,                      0000007P   2192
0.01025193683944787D0,0.7656286395643054D0,                      0000007P   2193
-0.1723456019588857D0,0.01070851098900917D0,                     0000007P   2194
0.7504173864124727D0,-0.1723465154070748D0,                      0000007P   2195
0.01118542182180712D0,0.7352164409968918D0,                      0000007P   2196
-0.1723474154856586D0,0.01167876565453498D0,                     0000007P   2197
0.7200249218993886D0,-0.1723482973291687D0,                      0000007P   2198
0.01218599001881416D0,0.7048436673785158D0,                      0000007P   2199
-0.1723491615821649D0,0.0127082013325596D0,0.6896732494824981D0, 0000007P   2200
-0.1723500079341766D0,0.01324585724830071D0,                     0000007P   2201
0.6745143305381206D0,-0.1723508363565928D0,                      0000007P   2202
0.01379958557284148D0,0.6593665334317671D0,                      0000007P   2203
-0.1723516433343648D0,0.01436828829013299D0,0.64422936886626D0,  0000007P   2204
-0.1723524255469831D0,0.01495089221738203D0,                     0000007P   2205
0.6291023740133713D0,-0.1723531790547719D0,                      0000007P   2206
0.01554631584016013D0,0.6139849695022808D0,                      0000007P   2207
-0.1723539034655278D0,0.01615357174302066D0,                     0000007P   2208
0.5988764377728414D0,-0.1723546002421179D0,0.0167717197829827D0, 0000007P   2209
0.5837760850820176D0,-0.1723552705571555D0,                      0000007P   2210
0.01739984158292927D0,0.5686831206145501D0,                      0000007P   2211
-0.1723559150069589D0,0.01803692384360599D0,                     0000007P   2212
0.5535964490815793D0,-0.1723565321363627D0,                      0000007P   2213
0.01868166319722866D0,0.5385149958459784D0,                      0000007P   2214
-0.1723571208675269D0,0.01933280698186366D0,                     0000007P   2215
0.5234376658548004D0,-0.172357679759696D0,0.01998909799135588D0, 0000007P   2216
0.5083631298670929D0,-0.1723582113744048D0,                      0000007P   2217
0.02064926361717551D0,0.4932900075297553D0,                      0000007P   2218
-0.1723587184742197D0,0.02131202392695276D0,                     0000007P   2219
0.4782169367240814D0,-0.1723592042774317D0,                      0000007P   2220
0.02197613522865568D0,0.4631424995329696D0,                      0000007P   2221
-0.1723596692961099D0,0.02264019645233116D0,0.448065234939716D0, 0000007P   2222
-0.1723601116312123D0,0.02330266546906933D0,                     0000007P   2223
0.4329837124132103D0,-0.1723605297696146D0,                      0000007P   2224
0.02396202689560653D0,0.4178965104700939D0,                      0000007P   2225
-0.1723609225741299D0,0.02461676545060321D0,                     0000007P   2226
0.4028021658003736D0,-0.1723612924424303D0,                      0000007P   2227
0.02526543597805954D0,0.3876992645531129D0,                      0000007P   2228
-0.1723616413831309D0,0.02590658126981519D0,                     0000007P   2229
0.3725864433193161D0,-0.1723619716578607D0,0.0265387347980972D0, 0000007P   2230
0.3574623848605074D0,-0.1723622842350541D0,                      0000007P   2231
0.02716045361807558D0,0.3423258447107309D0,-0.172362579725588D0, 0000007P   2232
0.02777029373896303D0,0.3271756518824558D0,                      0000007P   2233
-0.1723628588889965D0,0.02836679882703644D0,                     0000007P   2234
0.3120107585537581D0,-0.1723631221687624D0,0.0289484993502587D0, 0000007P   2235
0.2968302801169794D0,-0.1723633695617078D0,                      0000007P   2236
0.02951390973238756D0,0.2816334315545467D0,                      0000007P   2237
-0.1723636011396518D0,0.03006153093642514D0,0.266419533898226D0, 0000007P   2238
-0.1723638169614557D0,0.03058985591482785D0,                     0000007P   2239
0.2511880970483445D0,-0.172364017557839D0,0.03109748421766242D0, 0000007P   2240
0.2359387719484587D0,-0.1723642034310203D0,                      0000007P   2241
0.03158301329664854D0,0.2206713153518242D0,                      0000007P   2242
-0.1723643751378128D0,0.03204497666717199D0,                     0000007P   2243
0.2053858295363207D0,-0.1723645329295051D0,                      0000007P   2244
0.03248221211936338D0,0.1900826442145791D0,                      0000007P   2245
-0.1723646769515546D0,0.03289367928211817D0,                     0000007P   2246
0.1747622167402152D0,-0.1723648072809349D0,                      0000007P   2247
0.03327833449602882D0,0.1594250212224247D0,                      0000007P   2248
-0.1723649244051735D0,0.03363498504226307D0,                     0000007P   2249
0.1440715065129038D0,-0.1723650297179792D0,                      0000007P   2250
0.03396209037920976D0,0.1287023700467228D0,                      0000007P   2251
-0.1723651244651317D0,0.03425817104175229D0,                     0000007P   2252
0.1133185375109732D0,-0.172365209943515D0,0.03452167437573554D0, 0000007P   2253
0.09792228530811652D0,-0.172365286032746D0,                      0000007P   2254
0.03475399224725272D0,0.08251558437029291D0,                     0000007P   2255
-0.1723653525185794D0,0.03495619142304567D0,                     0000007P   2256
0.06710053827770024D0,-0.1723654095272182D0,                     0000007P   2257
0.03513073580485557D0,0.05167707160353219D0,                     0000007P   2258
-0.1723654552911297D0,0.03527218662118864D0,                     0000007P   2259
0.03624540801688755D0,-0.1723654874163381D0,                     0000007P   2260
0.03537217573848485D0,0.02080748600079848D0,                     0000007P   2261
-0.1723655026400935D0,0.03541979057946108D0,                     0000007P   2262
0.005368057283894576D0,-0.1723655020869397D0,                    0000007P   2263
0.03541803252360612D0,-0.01007082456293162D0,                    0000007P   2264
-0.172365496597651D0,0.03540086926032481D0,                      0000007P   2265
-0.0203636851484699D0,-0.1723654957797682D0,                     0000007P   2266
0.03539831180840311D0,-0.02551000076152426D0,                    0000007P   2267
-0.1723654977000114D0,0.03540431610484557D0,                     0000007P   2268
0.8418369992384755D0,-0.1736922326693748D0,                      0000007P   2269
0.004309952132555908D0,0.8367558185143126D0,                     0000007P   2270
-0.1736929190808215D0,0.004379571055626742D0,                    0000007P   2271
0.8265897579186114D0,-0.1736942882790537D0,                      0000007P   2272
0.00451515227161111D0,0.8113372186054472D0,                      0000007P   2273
-0.1736963387566949D0,0.004715055503526772D0,                    0000007P   2274
0.7960883270991329D0,-0.1736983925355639D0,                      0000007P   2275
0.004918632120867946D0,0.7808516446471567D0,                     0000007P   2276
-0.1737004593366698D0,0.005134243525636582D0,                    0000007P   2277
0.7656286395643047D0,-0.1737025297882563D0,                      0000007P   2278
0.005362587508775157D0,0.7504173864124714D0,                     0000007P   2279
-0.1737045866435387D0,0.005601070994778308D0,                    0000007P   2280
0.7352164409968934D0,-0.1737066133938368D0,                      0000007P   2281
0.005847747351044674D0,0.7200249218993883D0,                     0000007P   2282
-0.173708599083341D0,0.006101344775648032D0,                     0000007P   2283
0.7048436673785162D0,-0.1737105451634375D0,                      0000007P   2284
0.00636241802550105D0,0.6896732494824965D0,                      0000007P   2285
-0.1737124509350257D0,0.006631197974847979D0,                    0000007P   2286
0.6745143305381222D0,-0.1737143163336801D0,                      0000007P   2287
0.006908000443547867D0,0.6593665334317657D0,                     0000007P   2288
-0.1737161334443958D0,0.007192276671383709D0,0.64422936886626D0, 0000007P   2289
-0.1737178947902226D0,0.007483490386775974D0,                    0000007P   2290
0.6291023740133704D0,-0.1737195915000021D0,                      0000007P   2291
0.007781100805170057D0,0.613984969502281D0,                      0000007P   2292
-0.1737212226905908D0,0.008084616134679831D0,                    0000007P   2293
0.5988764377728407D0,-0.1737227916559983D0,                      0000007P   2294
0.008393569196584301D0,0.5837760850820181D0,                     0000007P   2295
-0.1737243010366529D0,0.008707503640864703D0,                    0000007P   2296
0.5686831206145503D0,-0.1737257521753146D0,                      0000007P   2297
0.009025914881970772D0,0.553596449081578D0,                      0000007P   2298
-0.1737271417953154D0,0.009348150871489434D0,                    0000007P   2299
0.5385149958459793D0,-0.1737284674696337D0,                      0000007P   2300
0.009673585314638791D0,0.5234376658547997D0,                     0000007P   2301
-0.1737297259540482D0,0.01000158939426045D0,                     0000007P   2302
0.5083631298670933D0,-0.173730923016493D0,0.01033152878325027D0, 0000007P   2303
0.4932900075297554D0,-0.1737320648775692D0,                      0000007P   2304
0.01066276557386098D0,0.4782169367240814D0,                      0000007P   2305
-0.1737331587840602D0,0.01099468032601441D0,                     0000007P   2306
0.4631424995329689D0,-0.1737342058890143D0,                      0000007P   2307
0.01132657298175786D0,0.4480652349397161D0,                      0000007P   2308
-0.1737352019162688D0,0.01165767123820038D0,0.43298371241321D0,  0000007P   2309
-0.1737361434586491D0,0.01198721645575027D0,                     0000007P   2310
0.4178965104700935D0,-0.1737370279554943D0,                      0000007P   2311
0.01231445028309684D0,0.402802165800374D0,-0.173737860805761D0,  0000007P   2312
0.01263865172673236D0,0.3876992645531125D0,                      0000007P   2313
-0.1737386465323428D0,0.0129590935032415D0,0.3725864433193167D0, 0000007P   2314
-0.1737393902278585D0,0.01327504390641022D0,                     0000007P   2315
0.3574623848605068D0,-0.1737400940729805D0,0.0135857816804007D0, 0000007P   2316
0.3423258447107316D0,-0.1737407594432465D0,                      0000007P   2317
0.01389058469186439D0,0.3271756518824548D0,                      0000007P   2318
-0.1737413880489388D0,0.01418872473859446D0,                     0000007P   2319
0.3120107585537585D0,-0.1737419808886681D0,                      0000007P   2320
0.01447946694874384D0,0.2968302801169794D0,-0.173742537955279D0, 0000007P   2321
0.01476206836329698D0,0.2816334315545466D0,                      0000007P   2322
-0.1737430594104886D0,0.01503577930208888D0,                     0000007P   2323
0.2664195338982258D0,-0.1737435453868394D0,                      0000007P   2324
0.01529984609124134D0,0.2511880970483444D0,                      0000007P   2325
-0.1737439970793775D0,0.01555356892305295D0,                     0000007P   2326
0.2359387719484587D0,-0.1737444156189711D0,                      0000007P   2327
0.01579624689654797D0,0.2206713153518242D0,                      0000007P   2328
-0.1737448022594266D0,0.01602714726990831D0,                     0000007P   2329
0.2053858295363208D0,-0.1737451575665792D0,0.0162456887179779D0, 0000007P   2330
0.1900826442145789D0,-0.1737454818679654D0,                      0000007P   2331
0.01645135055637306D0,0.1747622167402154D0,-0.173745775336908D0, 0000007P   2332
0.01664361038110515D0,0.1594250212224244D0,-0.173746039071197D0, 0000007P   2333
0.01682187185831975D0,0.1440715065129037D0,                      0000007P   2334
-0.1737462762091135D0,0.01698536609487249D0,                     0000007P   2335
0.1287023700467227D0,-0.1737464895558411D0,                      0000007P   2336
0.01713335450956321D0,0.1133185375109732D0,                      0000007P   2337
-0.1737466820316322D0,0.0172650620143977D0,                      0000007P   2338
0.09792228530811638D0,-0.1737468533654195D0,                     0000007P   2339
0.01738118369079179D0,0.08251558437029285D0,                     0000007P   2340
-0.1737470030747715D0,0.01748225211714206D0,                     0000007P   2341
0.06710053827770024D0,-0.1737471314438706D0,                     0000007P   2342
0.01756949818875654D0,0.05167707160353219D0,                     0000007P   2343
-0.1737472344926734D0,0.01764020289013869D0,                     0000007P   2344
0.0362454080168875D0,-0.1737473068305522D0,                      0000007P   2345
0.01769018310030529D0,0.02080748600079848D0,                     0000007P   2346
-0.1737473411106162D0,0.01771398377492928D0,                     0000007P   2347
0.005368057283894566D0,-0.173747339865053D0,                     0000007P   2348
0.01771310498593342D0,-0.01007082456293159D0,                    0000007P   2349
-0.1737473275045567D0,0.017704525787884D0,                       0000007P   2350
-0.02036368514846995D0,-0.1737473256628913D0,                    0000007P   2351
0.01770324742447493D0,-0.02551000076152427D0,                    0000007P   2352
-0.1737473299867953D0,0.01770624872145475D0,                     0000007P   2353
0.8418369992384752D0,-0.1745650049958516D0,                      0000007P   2354
0.001450252928265608D0,0.8367558185143139D0,                     0000007P   2355
-0.1745654199738956D0,0.001473414665549414D0,                    0000007P   2356
0.8265897579186102D0,-0.1745662477386528D0,                      0000007P   2357
0.001518536204698833D0,0.8113372186054475D0,                     0000007P   2358
-0.1745674873788202D0,0.001585078350701394D0,                    0000007P   2359
0.7960883270991336D0,-0.174568729014784D0,                       0000007P   2360
0.001652828032439798D0,0.7808516446471562D0,                     0000007P   2361
-0.1745699785234927D0,0.001724533269670938D0,                    0000007P   2362
0.765628639564306D0,-0.174571230239142D0,0.001800425925853779D0, 0000007P   2363
0.7504173864124725D0,-0.1745724737349872D0,                      0000007P   2364
0.001879657249138869D0,0.7352164409968919D0,                     0000007P   2365
-0.1745736990305131D0,0.001961591259682794D0,                    0000007P   2366
0.7200249218993893D0,-0.1745748995022571D0,                      0000007P   2367
0.002045811337352181D0,0.704843667378516D0,                      0000007P   2368
-0.1745760760276721D0,0.002132496094956687D0,                    0000007P   2369
0.6896732494824983D0,-0.1745772281841081D0,                      0000007P   2370
0.002221718596764907D0,0.6745143305381215D0,                     0000007P   2371
-0.1745783559326162D0,0.00231357956232756D0,                     0000007P   2372
0.6593665334317663D0,-0.174579454488088D0,0.00240790243531352D0, 0000007P   2373
0.6442293688662599D0,-0.1745805193302459D0,                      0000007P   2374
0.002504514469737107D0,0.6291023740133709D0,                     0000007P   2375
-0.174581545095928D0,0.002603242493103114D0,                     0000007P   2376
0.6139849695022809D0,-0.1745825312512189D0,                      0000007P   2377
0.002703923379430206D0,0.5988764377728405D0,                     0000007P   2378
-0.1745834797875509D0,0.002806399011814298D0,                    0000007P   2379
0.5837760850820174D0,-0.1745843923012262D0,                      0000007P   2380
0.002910515083371566D0,0.5686831206145496D0,                     0000007P   2381
-0.1745852696040251D0,0.003016103405536932D0,                    0000007P   2382
0.5535964490815795D0,-0.1745861097150007D0,                      0000007P   2383
0.003122953692387092D0,0.5385149958459784D0,                     0000007P   2384
-0.1745869111668677D0,0.003230862975850536D0,                    0000007P   2385
0.5234376658547996D0,-0.1745876719982955D0,                      0000007P   2386
0.003339628431461042D0,0.5083631298670929D0,                     0000007P   2387
-0.1745883956963547D0,0.003449035003649745D0,                    0000007P   2388
0.4932900075297547D0,-0.1745890860217832D0,                      0000007P   2389
0.003558865959756047D0,0.4782169367240817D0,                     0000007P   2390
-0.1745897473557079D0,0.003668909308666449D0,                    0000007P   2391
0.4631424995329693D0,-0.174590380395218D0,                       0000007P   2392
0.003778934169246874D0,0.448065234939716D0,                      0000007P   2393
-0.1745909825551089D0,0.003888692666353442D0,                    0000007P   2394
0.4329837124132099D0,-0.1745915517755338D0,                      0000007P   2395
0.003997940356316275D0,0.4178965104700939D0,                     0000007P   2396
-0.1745920865084154D0,0.004106431617215031D0,                    0000007P   2397
0.4028021658003739D0,-0.1745925900177556D0,                      0000007P   2398
0.004213921822679518D0,0.3876992645531128D0,                     0000007P   2399
-0.1745930650379227D0,0.004320165529594899D0,                    0000007P   2400
0.3725864433193163D0,-0.1745935146477187D0,                      0000007P   2401
0.00442491483906055D0,0.3574623848605072D0,                      0000007P   2402
-0.1745939401654943D0,0.00452793064570326D0,                     0000007P   2403
0.3423258447107309D0,-0.1745943424228473D0,                      0000007P   2404
0.004628974965154705D0,0.3271756518824557D0,                     0000007P   2405
-0.1745947224537485D0,0.004727807386780473D0,                    0000007P   2406
0.312010758553758D0,-0.1745950808619198D0,                       0000007P   2407
0.004824185654316748D0,0.2968302801169794D0,                     0000007P   2408
-0.174595417643035D0,0.004917865216374114D0,0.281633431554547D0, 0000007P   2409
-0.1745957328948627D0,0.005008599251096041D0,                    0000007P   2410
0.2664195338982254D0,-0.1745960266975322D0,                      0000007P   2411
0.005096139558227889D0,0.2511880970483446D0,                     0000007P   2412
-0.1745962997735229D0,0.005180252713578187D0,                    0000007P   2413
0.2359387719484587D0,-0.174596552806515D0,                       0000007P   2414
0.005260705141257311D0,0.2206713153518242D0,                     0000007P   2415
-0.1745967865545104D0,0.005337252177652089D0,                    0000007P   2416
0.2053858295363208D0,-0.1745970013595931D0,                      0000007P   2417
0.005409702378975255D0,0.190082644214579D0,                      0000007P   2418
-0.1745971974197773D0,0.005477885567871947D0,                    0000007P   2419
0.1747622167402153D0,-0.1745973748398487D0,                      0000007P   2420
0.005541631336928826D0,0.1594250212224247D0,                     0000007P   2421
-0.1745975342834884D0,0.005600742172015842D0,                    0000007P   2422
0.1440715065129036D0,-0.1745976776479811D0,                      0000007P   2423
0.005654957508877572D0,0.1287023700467229D0,                     0000007P   2424
-0.1745978066292328D0,0.005704027807700956D0,                    0000007P   2425
0.1133185375109731D0,-0.1745979229927169D0,                      0000007P   2426
0.005747691071951269D0,0.09792228530811656D0,                    0000007P   2427
-0.1745980265745557D0,0.005786180754487143D0,                    0000007P   2428
0.08251558437029283D0,-0.1745981170830905D0,                     0000007P   2429
0.005819676426566751D0,0.06710053827770027D0,                    0000007P   2430
-0.1745981946901256D0,0.005848589430000299D0,                    0000007P   2431
0.05167707160353217D0,-0.1745982569894814D0,                     0000007P   2432
0.00587202006653142D0,0.03624540801688755D0,                     0000007P   2433
-0.1745983007221895D0,0.005888582388518942D0,                    0000007P   2434
0.02080748600079846D0,-0.1745983214466018D0,                     0000007P   2435
0.005896469266420104D0,0.005368057283894561D0,                   0000007P   2436
-0.174598320693582D0,0.005896178075282659D0,                     0000007P   2437
-0.01007082456293161D0,-0.1745983132209002D0,                    0000007P   2438
0.005893335166068572D0,-0.02036368514846991D0,                   0000007P   2439
-0.1745983121074996D0,0.005892911551858635D0,                    0000007P   2440
-0.02551000076152424D0,-0.1745983147215661D0,                    0000007P   2441
0.005893906098593896D0,0.8418369992384754D0,                     0000007P   2442
-0.1749999999999999D0,0.0D0,0.8367558185143132D0,                0000007P   2443
-0.1749999999999999D0,0.0D0,0.8265897579186104D0,-0.175D0,0.0D0, 0000007P   2444
0.8113372186054474D0,-0.1749999999999999D0,0.0D0,                0000007P   2445
0.7960883270991331D0,-0.175D0,0.0D0,0.7808516446471562D0,        0000007P   2446
-0.1749999999999999D0,0.0D0,0.7656286395643054D0,-0.175D0,0.0D0, 0000007P   2447
0.750417386412472D0,-0.1749999999999999D0,0.0D0,                 0000007P   2448
0.7352164409968924D0,-0.175D0,0.0D0,0.7200249218993889D0,        0000007P   2449
-0.1749999999999999D0,0.0D0,0.704843667378516D0,-0.175D0,0.0D0,  0000007P   2450
0.6896732494824972D0,-0.175D0,0.0D0,0.6745143305381217D0,        0000007P   2451
-0.175D0,0.0D0,0.6593665334317662D0,-0.175D0,0.0D0,              0000007P   2452
0.6442293688662598D0,-0.175D0,0.0D0,0.6291023740133707D0,        0000007P   2453
-0.1749999999999999D0,0.0D0,0.6139849695022809D0,-0.175D0,0.0D0, 0000007P   2454
0.5988764377728411D0,-0.1749999999999999D0,0.0D0,                0000007P   2455
0.5837760850820179D0,-0.175D0,0.0D0,0.5686831206145498D0,        0000007P   2456
-0.1749999999999999D0,0.0D0,0.5535964490815789D0,-0.175D0,0.0D0, 0000007P   2457
0.5385149958459788D0,-0.1749999999999999D0,0.0D0,                0000007P   2458
0.5234376658547998D0,-0.175D0,0.0D0,0.5083631298670931D0,        0000007P   2459
-0.175D0,0.0D0,0.4932900075297553D0,-0.175D0,0.0D0,              0000007P   2460
0.4782169367240813D0,-0.175D0,0.0D0,0.463142499532969D0,         0000007P   2461
-0.175D0,0.0D0,0.448065234939716D0,-0.175D0,0.0D0,               0000007P   2462
0.43298371241321D0,-0.175D0,0.0D0,0.4178965104700939D0,          0000007P   2463
-0.1749999999999999D0,0.0D0,0.4028021658003736D0,-0.175D0,0.0D0, 0000007P   2464
0.3876992645531129D0,-0.1749999999999999D0,0.0D0,                0000007P   2465
0.3725864433193163D0,-0.1749999999999999D0,0.0D0,                0000007P   2466
0.3574623848605071D0,-0.1749999999999999D0,0.0D0,                0000007P   2467
0.342325844710731D0,-0.175D0,0.0D0,0.3271756518824555D0,         0000007P   2468
-0.175D0,0.0D0,0.3120107585537579D0,-0.1749999999999999D0,0.0D0, 0000007P   2469
0.2968302801169794D0,-0.175D0,0.0D0,0.2816334315545466D0,        0000007P   2470
-0.1749999999999999D0,0.0D0,0.2664195338982257D0,-0.175D0,0.0D0, 0000007P   2471
0.2511880970483444D0,-0.1749999999999998D0,0.0D0,                0000007P   2472
0.2359387719484587D0,-0.175D0,0.0D0,0.2206713153518242D0,        0000007P   2473
-0.1749999999999998D0,0.0D0,0.2053858295363208D0,                0000007P   2474
-0.1749999999999999D0,0.0D0,0.1900826442145789D0,                0000007P   2475
-0.1749999999999999D0,0.0D0,0.1747622167402154D0,-0.175D0,0.0D0, 0000007P   2476
0.1594250212224247D0,-0.175D0,0.0D0,0.1440715065129037D0,        0000007P   2477
-0.1749999999999999D0,0.0D0,0.1287023700467228D0,                0000007P   2478
-0.1749999999999999D0,0.0D0,0.1133185375109731D0,-0.175D0,0.0D0, 0000007P   2479
0.09792228530811647D0,-0.175D0,0.0D0,0.08251558437029285D0,      0000007P   2480
-0.175D0,0.0D0,0.06710053827770027D0,-0.175D0,0.0D0,             0000007P   2481
0.05167707160353219D0,-0.1749999999999999D0,0.0D0,               0000007P   2482
0.03624540801688754D0,-0.1749999999999999D0,0.0D0,               0000007P   2483
0.02080748600079847D0,-0.175D0,0.0D0,0.005368057283894572D0,     0000007P   2484
-0.175D0,0.0D0,-0.0100708245629316D0,-0.1749999999999999D0,      0000007P   2485
0.0D0,-0.02036368514846992D0,-0.1749999999999999D0,0.0D0,        0000007P   2486
-0.02551000076152425D0,-0.1749999999999999D0,0.0D0,0.0D0,        0000007P   2487
0.8801671197061448D0,0.0D0,0.3770708072392882D0,0,1,5;           0000007P   2488
126,9,3,1,0,1,0,0.0D0,0.0D0,0.0D0,0.0D0,0.2415486353842078D0,    0000009P   2489
0.2415486353842078D0,0.2415486353842078D0,0.4839506193176155D0,  0000009P   2490
0.4839506193176155D0,0.4839506193176155D0,0.8552146501220234D0,  0000009P   2491
0.8552146501220234D0,0.8552146501220234D0,0.8552146501220234D0,  0000009P   2492
1.0D0,1.0D0,1.0D0,1.0D0,1.0D0,1.0D0,1.0D0,1.0D0,1.0D0,1.0D0,     0000009P   2493
0.0D0,0.1410726190267601D0,0.0D0,0.07117507719946595D0,          0000009P   2494
0.1428508178592947D0,0.0D0,0.1423561729427641D0,                 0000009P   2495
0.1443697039946924D0,0.0D0,0.2135310047926407D0,                 0000009P   2496
0.1461587692090496D0,0.0D0,0.2849572847179827D0,                 0000009P   2497
0.1479541548739556D0,0.0D0,0.3563708466643561D0,                 0000009P   2498
0.1501637605035568D0,0.0D0,0.427787565847851D0,                  0000009P   2499
0.152280448101049D0,0.0D0,0.57007697876795D0,                    0000009P   2500
0.1564976991737086D0,0.0D0,0.7123585356262992D0,                 0000009P   2501
0.1609732925676394D0,0.0D0,0.8546531014328151D0,                 0000009P   2502
0.1650224397432116D0,0.0D0,0.0D0,0.8552146501220234D0,0.0D0,     0000009P   2503
0.0D0,1.0D0,0,1,5;                                               0000009P   2504
126,1,1,1,0,1,0,-50.05070504816199D0,-50.05070504816199D0,       0000011P   2505
-49.95836117700134D0,-49.95836117700134D0,1.0D0,1.0D0,           0000011P   2506
0.8546531014328151D0,0.1650224397432116D0,0.0D0,                 0000011P   2507
0.8546530635605185D0,0.3770708072392882D0,0.0D0,                 0000011P   2508
-50.05070504816199D0,-49.95836117700134D0,0.0D0,0.0D0,1.0D0,0,1, 0000011P   2509
5;                                                               0000011P   2510
126,1,1,1,0,1,0,-0.8546530635605186D0,-0.8546530635605186D0,     0000013P   2511
-0.0D0,-0.0D0,1.0D0,1.0D0,0.8546530635605185D0,                  0000013P   2512
0.3770708072392882D0,0.0D0,-1.110223024625157D-16,               0000013P   2513
0.3770708072392882D0,0.0D0,-0.8546530635605186D0,-0.0D0,0.0D0,   0000013P   2514
0.0D0,1.0D0,0,1,5;                                               0000013P   2515
126,1,1,1,0,1,0,-0.2359981882125281D0,-0.2359981882125281D0,     0000015P   2516
-0.0D0,-0.0D0,1.0D0,1.0D0,-1.110223024625157D-16,                0000015P   2517
0.3770708072392882D0,0.0D0,0.0D0,0.1410726190267601D0,0.0D0,     0000015P   2518
-0.2359981882125281D0,-0.0D0,0.0D0,0.0D0,1.0D0,0,1,5;            0000015P   2519
102,4,9,11,13,15,0,1,5;                                          0000017P   2520
126,5,3,1,0,1,0,-0.0D0,-0.0D0,-0.0D0,-0.0D0,                     0000019P   2521
0.4937682469980522D0,0.4937682469980522D0,0.8552146501220234D0,  0000019P   2522
0.8552146501220234D0,0.8552146501220234D0,0.8552146501220234D0,  0000019P   2523
1.0D0,1.0D0,1.0D0,1.0D0,1.0D0,1.0D0,0.841836999238476D0,         0000019P   2524
-0.117855576213256D0,0.1200009695375449D0,0.6492339551638889D0,  0000019P   2525
-0.1211356919203295D0,0.1485254405494282D0,0.6143354744989118D0, 0000019P   2526
-0.1215075295853866D0,0.1557115162383184D0,0.2825861837779949D0, 0000019P   2527
-0.1275844027441488D0,0.2158219448197714D0,0.1438882904906996D0, 0000019P   2528
-0.1300411055543115D0,0.2377152578865196D0,                      0000019P   2529
-3.862767593019512D-08,-0.1321536140861458D0,                    0000019P   2530
0.2347132758745925D0,-0.0D0,0.8552146501220234D0,                0000019P   2531
0.01517164466704366D0,-0.9997863057852715D0,                     0000019P   2532
-0.01404150854918236D0,0,1,5;                                    0000019P   2533
126,18,3,1,0,1,0,-50.05070504816199D0,-50.05070504816199D0,      0000021P   2534
-50.05070504816199D0,-50.05070504816199D0,-50.049588209707D0,    0000021P   2535
-50.04350640752663D0,-50.03742460534625D0,-50.03134280316588D0,  0000021P   2536
-50.02526100098549D0,-50.01917919880512D0,-50.01309739662474D0,  0000021P   2537
-50.00701559444436D0,-50.00093379226399D0,-49.99485199008361D0,  0000021P   2538
-49.98877018790323D0,-49.98268838572285D0,-49.97660658354248D0,  0000021P   2539
-49.9705247813621D0,-49.96444297918172D0,-49.95836117700134D0,   0000021P   2540
-49.95836117700134D0,-49.95836117700134D0,-49.95836117700134D0,  0000021P   2541
1.0D0,1.0D0,1.0D0,1.0D0,1.0D0,1.0D0,1.0D0,1.0D0,1.0D0,1.0D0,     0000021P   2542
1.0D0,1.0D0,1.0D0,1.0D0,1.0D0,1.0D0,1.0D0,1.0D0,1.0D0,           0000021P   2543
-1.969460014127654D-08,-0.1321536140861458D0,                    0000021P   2544
0.2347132759519522D0,-1.96946001414176D-08,                      0000021P   2545
-0.1325945984004235D0,0.2342093430723555D0,                      0000021P   2546
-1.969460014207053D-08,-0.1353892011117771D0,                    0000021P   2547
0.2308717925458554D0,-1.969460013907169D-08,                     0000021P   2548
-0.1399814220091865D0,0.2236799235995611D0,                      0000021P   2549
-1.969460014058957D-08,-0.1451645319619471D0,                    0000021P   2550
0.2118507817416503D0,-1.969460013882774D-08,                     0000021P   2551
-0.149492000108783D0,0.1986308614427149D0,                       0000021P   2552
-1.969460014359823D-08,-0.1531602721259754D0,                    0000021P   2553
0.1843753330703759D0,-1.969460014362534D-08,                     0000021P   2554
-0.156330116151401D0,0.1693562751989592D0,                       0000021P   2555
-1.969460013617145D-08,-0.1591064524003376D0,                    0000021P   2556
0.1537500889152391D0,-1.969460014245982D-08,                     0000021P   2557
-0.161572385690775D0,0.1376860053400397D0,-1.96946001396409D-08, 0000021P   2558
-0.1637879604585959D0,0.121251208167861D0,                       0000021P   2559
-1.969460013828564D-08,-0.1657975309803741D0,                    0000021P   2560
0.104513610340831D0,-1.969460014321876D-08,                      0000021P   2561
-0.1676362111210068D0,0.08753031293438446D0,                     0000021P   2562
-1.969460014392349D-08,-0.1693255936295225D0,                    0000021P   2563
0.07036694679540621D0,-1.969460013183464D-08,                    0000021P   2564
-0.1708941836831313D0,0.0530009527855748D0,                      0000021P   2565
-1.96946001428664D-08,-0.1723654999798384D0,                     0000021P   2566
0.03541144560408554D0,-1.969460013552093D-08,                    0000021P   2567
-0.1737473351203914D0,0.01770981246061487D0,                     0000021P   2568
-1.969460014855846D-08,-0.1745983178251416D0,                    0000021P   2569
0.005895087022650789D0,-1.9694600139153D-08,                     0000021P   2570
-0.1749999999999999D0,0.0D0,-50.05070504816199D0,                0000021P   2571
-49.95836117700134D0,1.0D0,0.0D0,0.0D0,0,1,5;                    0000021P   2572
126,58,3,1,0,1,0,-49.95836117700134D0,-49.95836117700134D0,      0000023P   2573
-49.95836117700134D0,-49.95836117700134D0,-49.95299141302613D0,  0000023P   2574
-49.93754768935076D0,-49.9221039656754D0,-49.90666024200003D0,   0000023P   2575
-49.89121651832467D0,-49.8757727946493D0,-49.86032907097394D0,   0000023P   2576
-49.84488534729857D0,-49.82944162362321D0,-49.81399789994785D0,  0000023P   2577
-49.79855417627248D0,-49.78311045259712D0,-49.76766672892175D0,  0000023P   2578
-49.75222300524639D0,-49.73677928157102D0,-49.72133555789566D0,  0000023P   2579
-49.7058918342203D0,-49.69044811054493D0,-49.67500438686957D0,   0000023P   2580
-49.65956066319421D0,-49.64411693951885D0,-49.62867321584348D0,  0000023P   2581
-49.61322949216812D0,-49.59778576849275D0,-49.58234204481739D0,  0000023P   2582
-49.56689832114202D0,-49.55145459746666D0,-49.5360108737913D0,   0000023P   2583
-49.52056715011593D0,-49.50512342644057D0,-49.4896797027652D0,   0000023P   2584
-49.47423597908984D0,-49.45879225541447D0,-49.44334853173911D0,  0000023P   2585
-49.42790480806374D0,-49.41246108438838D0,-49.39701736071302D0,  0000023P   2586
-49.38157363703765D0,-49.36612991336229D0,-49.35068618968693D0,  0000023P   2587
-49.33524246601156D0,-49.3197987423362D0,-49.30435501866084D0,   0000023P   2588
-49.28891129498547D0,-49.27346757131011D0,-49.25802384763474D0,  0000023P   2589
-49.24258012395938D0,-49.22713640028402D0,-49.21169267660865D0,  0000023P   2590
-49.19624895293329D0,-49.18080522925792D0,-49.16536150558256D0,  0000023P   2591
-49.14991778190719D0,-49.13447405823183D0,-49.11903033455646D0,  0000023P   2592
-49.1035866108811D0,-49.1035866108811D0,-49.1035866108811D0,     0000023P   2593
-49.1035866108811D0,1.0D0,1.0D0,1.0D0,1.0D0,1.0D0,1.0D0,1.0D0,   0000023P   2594
1.0D0,1.0D0,1.0D0,1.0D0,1.0D0,1.0D0,1.0D0,1.0D0,1.0D0,1.0D0,     0000023P   2595
1.0D0,1.0D0,1.0D0,1.0D0,1.0D0,1.0D0,1.0D0,1.0D0,1.0D0,1.0D0,     0000023P   2596
1.0D0,1.0D0,1.0D0,1.0D0,1.0D0,1.0D0,1.0D0,1.0D0,1.0D0,1.0D0,     0000023P   2597
1.0D0,1.0D0,1.0D0,1.0D0,1.0D0,1.0D0,1.0D0,1.0D0,1.0D0,1.0D0,     0000023P   2598
1.0D0,1.0D0,1.0D0,1.0D0,1.0D0,1.0D0,1.0D0,1.0D0,1.0D0,1.0D0,     0000023P   2599
1.0D0,1.0D0,-7.615243485174606D-10,-0.175D0,0.0D0,               0000023P   2600
0.001789375747602746D0,-0.175D0,0.0D0,0.008725109981736857D0,    0000023P   2601
-0.175D0,0.0D0,0.02080748600079847D0,-0.175D0,0.0D0,             0000023P   2602
0.03624540801688754D0,-0.1749999999999999D0,0.0D0,               0000023P   2603
0.05167707160353219D0,-0.1749999999999999D0,0.0D0,               0000023P   2604
0.06710053827770027D0,-0.175D0,0.0D0,0.08251558437029285D0,      0000023P   2605
-0.175D0,0.0D0,0.09792228530811647D0,-0.175D0,0.0D0,             0000023P   2606
0.1133185375109731D0,-0.175D0,0.0D0,0.1287023700467228D0,        0000023P   2607
-0.1749999999999999D0,0.0D0,0.1440715065129037D0,                0000023P   2608
-0.1749999999999999D0,0.0D0,0.1594250212224247D0,-0.175D0,0.0D0, 0000023P   2609
0.1747622167402154D0,-0.175D0,0.0D0,0.1900826442145789D0,        0000023P   2610
-0.1749999999999999D0,0.0D0,0.2053858295363208D0,                0000023P   2611
-0.1749999999999999D0,0.0D0,0.2206713153518242D0,                0000023P   2612
-0.1749999999999998D0,0.0D0,0.2359387719484587D0,-0.175D0,0.0D0, 0000023P   2613
0.2511880970483444D0,-0.1749999999999998D0,0.0D0,                0000023P   2614
0.2664195338982257D0,-0.175D0,0.0D0,0.2816334315545466D0,        0000023P   2615
-0.1749999999999999D0,0.0D0,0.2968302801169794D0,-0.175D0,0.0D0, 0000023P   2616
0.3120107585537579D0,-0.1749999999999999D0,0.0D0,                0000023P   2617
0.3271756518824555D0,-0.175D0,0.0D0,0.342325844710731D0,         0000023P   2618
-0.175D0,0.0D0,0.3574623848605071D0,-0.1749999999999999D0,0.0D0, 0000023P   2619
0.3725864433193163D0,-0.1749999999999999D0,0.0D0,                0000023P   2620
0.3876992645531129D0,-0.1749999999999999D0,0.0D0,                0000023P   2621
0.4028021658003736D0,-0.175D0,0.0D0,0.4178965104700939D0,        0000023P   2622
-0.1749999999999999D0,0.0D0,0.43298371241321D0,-0.175D0,0.0D0,   0000023P   2623
0.448065234939716D0,-0.175D0,0.0D0,0.463142499532969D0,-0.175D0, 0000023P   2624
0.0D0,0.4782169367240813D0,-0.175D0,0.0D0,0.4932900075297553D0,  0000023P   2625
-0.175D0,0.0D0,0.5083631298670931D0,-0.175D0,0.0D0,              0000023P   2626
0.5234376658547998D0,-0.175D0,0.0D0,0.5385149958459788D0,        0000023P   2627
-0.1749999999999999D0,0.0D0,0.5535964490815789D0,-0.175D0,0.0D0, 0000023P   2628
0.5686831206145498D0,-0.1749999999999999D0,0.0D0,                0000023P   2629
0.5837760850820179D0,-0.175D0,0.0D0,0.5988764377728411D0,        0000023P   2630
-0.1749999999999999D0,0.0D0,0.6139849695022809D0,-0.175D0,0.0D0, 0000023P   2631
0.6291023740133707D0,-0.1749999999999999D0,0.0D0,                0000023P   2632
0.6442293688662598D0,-0.175D0,0.0D0,0.6593665334317662D0,        0000023P   2633
-0.175D0,0.0D0,0.6745143305381217D0,-0.175D0,0.0D0,              0000023P   2634
0.6896732494824972D0,-0.175D0,0.0D0,0.704843667378516D0,         0000023P   2635
-0.175D0,0.0D0,0.7200249218993889D0,-0.1749999999999999D0,0.0D0, 0000023P   2636
0.7352164409968924D0,-0.175D0,0.0D0,0.750417386412472D0,         0000023P   2637
-0.1749999999999999D0,0.0D0,0.7656286395643054D0,-0.175D0,0.0D0, 0000023P   2638
0.7808516446471562D0,-0.1749999999999999D0,0.0D0,                0000023P   2639
0.7960883270991331D0,-0.175D0,0.0D0,0.8113372186054474D0,        0000023P   2640
-0.1749999999999999D0,0.0D0,0.8265897579186104D0,-0.175D0,0.0D0, 0000023P   2641
0.8367558185143135D0,-0.1749999999999999D0,0.0D0,                0000023P   2642
0.8418369992384754D0,-0.1749999999999999D0,0.0D0,                0000023P   2643
-49.95836117700134D0,-49.1035866108811D0,0.0D0,0.0D0,1.0D0,0,1,  0000023P   2644
5;                                                               0000023P   2645
126,19,3,1,0,1,0,-49.1035866108811D0,-49.1035866108811D0,        0000025P   2646
-49.1035866108811D0,-49.1035866108811D0,-48.15675998926448D0,    0000025P   2647
-47.20993336764786D0,-46.26310674603124D0,-45.31628012441461D0,  0000025P   2648
-44.369453502798D0,-43.42262688118137D0,-42.47580025956475D0,    0000025P   2649
-41.52897363794813D0,-40.5821470163315D0,-39.63532039471488D0,   0000025P   2650
-38.68849377309827D0,-37.74166715148164D0,-36.79484052986502D0,  0000025P   2651
-35.8480139082484D0,-34.90118728663177D0,-33.95436066501515D0,   0000025P   2652
-33.10358661088109D0,-33.10358661088109D0,-33.10358661088109D0,  0000025P   2653
-33.10358661088109D0,1.0D0,1.0D0,1.0D0,1.0D0,1.0D0,1.0D0,1.0D0,  0000025P   2654
1.0D0,1.0D0,1.0D0,1.0D0,1.0D0,1.0D0,1.0D0,1.0D0,1.0D0,1.0D0,     0000025P   2655
1.0D0,1.0D0,1.0D0,0.8418369992384757D0,-0.175D0,0.0D0,           0000025P   2656
0.8418369992384754D0,-0.1745650049958516D0,                      0000025P   2657
0.001450252928265608D0,0.8418369992384758D0,                     0000025P   2658
-0.1736922326693749D0,0.004309952132555908D0,                    0000025P   2659
0.8418369992384759D0,-0.1723410290146066D0,                      0000025P   2660
0.008604314390721823D0,0.8418369992384765D0,                     0000025P   2661
-0.1709082631024012D0,0.01302390300849215D0,                     0000025P   2662
0.8418369992384757D0,-0.1693376687880777D0,                      0000025P   2663
0.01770906872436258D0,0.8418369992384763D0,                      0000025P   2664
-0.1676324634853773D0,0.02262568434918213D0,                     0000025P   2665
0.8418369992384757D0,-0.1657953153465727D0,                      0000025P   2666
0.02773451480940241D0,0.8418369992384761D0,                      0000025P   2667
-0.1637879290216149D0,0.03310745646897027D0,                     0000025P   2668
0.8418369992384753D0,-0.1615730420924673D0,                      0000025P   2669
0.03880057574524987D0,0.841836999238476D0,-0.1591065993603191D0, 0000025P   2670
0.04487700119853977D0,0.841836999238476D0,-0.1563298936542035D0, 0000025P   2671
0.05141037086427747D0,0.8418369992384762D0,                      0000025P   2672
-0.1531602765376002D0,0.05850599954349361D0,                     0000025P   2673
0.8418369992384757D0,-0.1494920260836328D0,                      0000025P   2674
0.06629946451489939D0,0.8418369992384762D0,                      0000025P   2675
-0.1451645193186895D0,0.07497150269266598D0,                     0000025P   2676
0.8418369992384757D0,-0.1399814213987852D0,                      0000025P   2677
0.08471044912138641D0,0.8418369992384762D0,                      0000025P   2678
-0.1336723774746704D0,0.09575167728660611D0,                     0000025P   2679
0.8418369992384758D0,-0.1263129825337381D0,0.1076368765368593D0, 0000025P   2680
0.8418369992384763D0,-0.1206703980118233D0,0.1160070854030273D0, 0000025P   2681
0.8418369992384763D0,-0.117855576213256D0,0.1200009695375449D0,  0000025P   2682
-49.1035866108811D0,-33.10358661088109D0,1.0D0,0.0D0,0.0D0,0,1,  0000025P   2683
5;                                                               0000025P   2684
102,4,19,21,23,25,0,1,5;                                         0000027P   2685
142,0,7,17,27,1,0,1,5;                                           0000029P   2686
144,7,1,0,29,0,1,5;                                              0000031P   2687
406,1,7HTrimSrf;                                                 0000033P   2688
128,29,59,3,3,0,0,1,0,0,0.0D0,0.0D0,0.0D0,0.0D0,                 0000035P   2689
0.01396558545330697D0,0.02793117090661394D0,                     0000035P   2690
0.04189675635992091D0,0.05586234181322788D0,                     0000035P   2691
0.06982792726653486D0,0.08379351271984183D0,                     0000035P   2692
0.09775909817314879D0,0.1117246836264558D0,0.1256902690797627D0, 0000035P   2693
0.1396558545330697D0,0.1536214399863767D0,0.1675870254396837D0,  0000035P   2694
0.1815526108929906D0,0.1955181963462976D0,0.2094837817996046D0,  0000035P   2695
0.2234493672529115D0,0.2374149527062185D0,0.2513805381595254D0,  0000035P   2696
0.2653461236128324D0,0.2793117090661394D0,0.2932772945194464D0,  0000035P   2697
0.3072428799727533D0,0.3212084654260603D0,0.3351740508793673D0,  0000035P   2698
0.3491396363326743D0,0.3631052217859813D0,0.3770708072392882D0,  0000035P   2699
0.3770708072392882D0,0.3770708072392882D0,0.3770708072392882D0,  0000035P   2700
0.0D0,0.0D0,0.0D0,0.0D0,0.01544152841589728D0,                   0000035P   2701
0.03088305683179456D0,0.04632458524769183D0,                     0000035P   2702
0.06176611366358911D0,0.07720764207948638D0,                     0000035P   2703
0.09264917049538367D0,0.108090698911281D0,0.1235322273271782D0,  0000035P   2704
0.1389737557430755D0,0.1544152841589728D0,0.1698568125748701D0,  0000035P   2705
0.1852983409907673D0,0.2007398694066646D0,0.2161813978225619D0,  0000035P   2706
0.2316229262384592D0,0.2470644546543564D0,0.2625059830702537D0,  0000035P   2707
0.277947511486151D0,0.2933890399020483D0,0.3088305683179455D0,   0000035P   2708
0.3242720967338428D0,0.3397136251497401D0,0.3551551535656374D0,  0000035P   2709
0.3705966819815347D0,0.386038210397432D0,0.4014797388133292D0,   0000035P   2710
0.4169212672292265D0,0.4323627956451238D0,0.447804324061021D0,   0000035P   2711
0.4632458524769183D0,0.4786873808928156D0,0.4941289093087128D0,  0000035P   2712
0.5095704377246102D0,0.5250119661405075D0,0.5404534945564047D0,  0000035P   2713
0.555895022972302D0,0.5713365513881993D0,0.5867780798040965D0,   0000035P   2714
0.6022196082199938D0,0.6176611366358911D0,0.6331026650517884D0,  0000035P   2715
0.6485441934676857D0,0.663985721883583D0,0.6794272502994803D0,   0000035P   2716
0.6948687787153774D0,0.7103103071312747D0,0.725751835547172D0,   0000035P   2717
0.7411933639630693D0,0.7566348923789665D0,0.7720764207948638D0,  0000035P   2718
0.7875179492107611D0,0.8029594776266584D0,0.8184010060425557D0,  0000035P   2719
0.833842534458453D0,0.8492840628743502D0,0.8647255912902475D0,   0000035P   2720
0.8801671197061448D0,0.8801671197061448D0,0.8801671197061448D0,  0000035P   2721
0.8801671197061448D0,1.0D0,1.0D0,1.0D0,1.0D0,1.0D0,1.0D0,1.0D0,  0000035P   2722
1.0D0,1.0D0,1.0D0,1.0D0,1.0D0,1.0D0,1.0D0,1.0D0,1.0D0,1.0D0,     0000035P   2723
1.0D0,1.0D0,1.0D0,1.0D0,1.0D0,1.0D0,1.0D0,1.0D0,1.0D0,1.0D0,     0000035P   2724
1.0D0,1.0D0,1.0D0,1.0D0,1.0D0,1.0D0,1.0D0,1.0D0,1.0D0,1.0D0,     0000035P   2725
1.0D0,1.0D0,1.0D0,1.0D0,1.0D0,1.0D0,1.0D0,1.0D0,1.0D0,1.0D0,     0000035P   2726
1.0D0,1.0D0,1.0D0,1.0D0,1.0D0,1.0D0,1.0D0,1.0D0,1.0D0,1.0D0,     0000035P   2727
1.0D0,1.0D0,1.0D0,1.0D0,1.0D0,1.0D0,1.0D0,1.0D0,1.0D0,1.0D0,     0000035P   2728
1.0D0,1.0D0,1.0D0,1.0D0,1.0D0,1.0D0,1.0D0,1.0D0,1.0D0,1.0D0,     0000035P   2729
1.0D0,1.0D0,1.0D0,1.0D0,1.0D0,1.0D0,1.0D0,1.0D0,1.0D0,1.0D0,     0000035P   2730
1.0D0,1.0D0,1.0D0,1.0D0,1.0D0,1.0D0,1.0D0,1.0D0,1.0D0,1.0D0,     0000035P   2731
1.0D0,1.0D0,1.0D0,1.0D0,1.0D0,1.0D0,1.0D0,1.0D0,1.0D0,1.0D0,     0000035P   2732
1.0D0,1.0D0,1.0D0,1.0D0,1.0D0,1.0D0,1.0D0,1.0D0,1.0D0,1.0D0,     0000035P   2733
1.0D0,1.0D0,1.0D0,1.0D0,1.0D0,1.0D0,1.0D0,1.0D0,1.0D0,1.0D0,     0000035P   2734
1.0D0,1.0D0,1.0D0,1.0D0,1.0D0,1.0D0,1.0D0,1.0D0,1.0D0,1.0D0,     0000035P   2735
1.0D0,1.0D0,1.0D0,1.0D0,1.0D0,1.0D0,1.0D0,1.0D0,1.0D0,1.0D0,     0000035P   2736
1.0D0,1.0D0,1.0D0,1.0D0,1.0D0,1.0D0,1.0D0,1.0D0,1.0D0,1.0D0,     0000035P   2737
1.0D0,1.0D0,1.0D0,1.0D0,1.0D0,1.0D0,1.0D0,1.0D0,1.0D0,1.0D0,     0000035P   2738
1.0D0,1.0D0,1.0D0,1.0D0,1.0D0,1.0D0,1.0D0,1.0D0,1.0D0,1.0D0,     0000035P   2739
1.0D0,1.0D0,1.0D0,1.0D0,1.0D0,1.0D0,1.0D0,1.0D0,1.0D0,1.0D0,     0000035P   2740
1.0D0,1.0D0,1.0D0,1.0D0,1.0D0,1.0D0,1.0D0,1.0D0,1.0D0,1.0D0,     0000035P   2741
1.0D0,1.0D0,1.0D0,1.0D0,1.0D0,1.0D0,1.0D0,1.0D0,1.0D0,1.0D0,     0000035P   2742
1.0D0,1.0D0,1.0D0,1.0D0,1.0D0,1.0D0,1.0D0,1.0D0,1.0D0,1.0D0,     0000035P   2743
1.0D0,1.0D0,1.0D0,1.0D0,1.0D0,1.0D0,1.0D0,1.0D0,1.0D0,1.0D0,     0000035P   2744
1.0D0,1.0D0,1.0D0,1.0D0,1.0D0,1.0D0,1.0D0,1.0D0,1.0D0,1.0D0,     0000035P   2745
1.0D0,1.0D0,1.0D0,1.0D0,1.0D0,1.0D0,1.0D0,1.0D0,1.0D0,1.0D0,     0000035P   2746
1.0D0,1.0D0,1.0D0,1.0D0,1.0D0,1.0D0,1.0D0,1.0D0,1.0D0,1.0D0,     0000035P   2747
1.0D0,1.0D0,1.0D0,1.0D0,1.0D0,1.0D0,1.0D0,1.0D0,1.0D0,1.0D0,     0000035P   2748
1.0D0,1.0D0,1.0D0,1.0D0,1.0D0,1.0D0,1.0D0,1.0D0,1.0D0,1.0D0,     0000035P   2749
1.0D0,1.0D0,1.0D0,1.0D0,1.0D0,1.0D0,1.0D0,1.0D0,1.0D0,1.0D0,     0000035P   2750
1.0D0,1.0D0,1.0D0,1.0D0,1.0D0,1.0D0,1.0D0,1.0D0,1.0D0,1.0D0,     0000035P   2751
1.0D0,1.0D0,1.0D0,1.0D0,1.0D0,1.0D0,1.0D0,1.0D0,1.0D0,1.0D0,     0000035P   2752
1.0D0,1.0D0,1.0D0,1.0D0,1.0D0,1.0D0,1.0D0,1.0D0,1.0D0,1.0D0,     0000035P   2753
1.0D0,1.0D0,1.0D0,1.0D0,1.0D0,1.0D0,1.0D0,1.0D0,1.0D0,1.0D0,     0000035P   2754
1.0D0,1.0D0,1.0D0,1.0D0,1.0D0,1.0D0,1.0D0,1.0D0,1.0D0,1.0D0,     0000035P   2755
1.0D0,1.0D0,1.0D0,1.0D0,1.0D0,1.0D0,1.0D0,1.0D0,1.0D0,1.0D0,     0000035P   2756
1.0D0,1.0D0,1.0D0,1.0D0,1.0D0,1.0D0,1.0D0,1.0D0,1.0D0,1.0D0,     0000035P   2757
1.0D0,1.0D0,1.0D0,1.0D0,1.0D0,1.0D0,1.0D0,1.0D0,1.0D0,1.0D0,     0000035P   2758
1.0D0,1.0D0,1.0D0,1.0D0,1.0D0,1.0D0,1.0D0,1.0D0,1.0D0,1.0D0,     0000035P   2759
1.0D0,1.0D0,1.0D0,1.0D0,1.0D0,1.0D0,1.0D0,1.0D0,1.0D0,1.0D0,     0000035P   2760
1.0D0,1.0D0,1.0D0,1.0D0,1.0D0,1.0D0,1.0D0,1.0D0,1.0D0,1.0D0,     0000035P   2761
1.0D0,1.0D0,1.0D0,1.0D0,1.0D0,1.0D0,1.0D0,1.0D0,1.0D0,1.0D0,     0000035P   2762
1.0D0,1.0D0,1.0D0,1.0D0,1.0D0,1.0D0,1.0D0,1.0D0,1.0D0,1.0D0,     0000035P   2763
1.0D0,1.0D0,1.0D0,1.0D0,1.0D0,1.0D0,1.0D0,1.0D0,1.0D0,1.0D0,     0000035P   2764
1.0D0,1.0D0,1.0D0,1.0D0,1.0D0,1.0D0,1.0D0,1.0D0,1.0D0,1.0D0,     0000035P   2765
1.0D0,1.0D0,1.0D0,1.0D0,1.0D0,1.0D0,1.0D0,1.0D0,1.0D0,1.0D0,     0000035P   2766
1.0D0,1.0D0,1.0D0,1.0D0,1.0D0,1.0D0,1.0D0,1.0D0,1.0D0,1.0D0,     0000035P   2767
1.0D0,1.0D0,1.0D0,1.0D0,1.0D0,1.0D0,1.0D0,1.0D0,1.0D0,1.0D0,     0000035P   2768
1.0D0,1.0D0,1.0D0,1.0D0,1.0D0,1.0D0,1.0D0,1.0D0,1.0D0,1.0D0,     0000035P   2769
1.0D0,1.0D0,1.0D0,1.0D0,1.0D0,1.0D0,1.0D0,1.0D0,1.0D0,1.0D0,     0000035P   2770
1.0D0,1.0D0,1.0D0,1.0D0,1.0D0,1.0D0,1.0D0,1.0D0,1.0D0,1.0D0,     0000035P   2771
1.0D0,1.0D0,1.0D0,1.0D0,1.0D0,1.0D0,1.0D0,1.0D0,1.0D0,1.0D0,     0000035P   2772
1.0D0,1.0D0,1.0D0,1.0D0,1.0D0,1.0D0,1.0D0,1.0D0,1.0D0,1.0D0,     0000035P   2773
1.0D0,1.0D0,1.0D0,1.0D0,1.0D0,1.0D0,1.0D0,1.0D0,1.0D0,1.0D0,     0000035P   2774
1.0D0,1.0D0,1.0D0,1.0D0,1.0D0,1.0D0,1.0D0,1.0D0,1.0D0,1.0D0,     0000035P   2775
1.0D0,1.0D0,1.0D0,1.0D0,1.0D0,1.0D0,1.0D0,1.0D0,1.0D0,1.0D0,     0000035P   2776
1.0D0,1.0D0,1.0D0,1.0D0,1.0D0,1.0D0,1.0D0,1.0D0,1.0D0,1.0D0,     0000035P   2777
1.0D0,1.0D0,1.0D0,1.0D0,1.0D0,1.0D0,1.0D0,1.0D0,1.0D0,1.0D0,     0000035P   2778
1.0D0,1.0D0,1.0D0,1.0D0,1.0D0,1.0D0,1.0D0,1.0D0,1.0D0,1.0D0,     0000035P   2779
1.0D0,1.0D0,1.0D0,1.0D0,1.0D0,1.0D0,1.0D0,1.0D0,1.0D0,1.0D0,     0000035P   2780
1.0D0,1.0D0,1.0D0,1.0D0,1.0D0,1.0D0,1.0D0,1.0D0,1.0D0,1.0D0,     0000035P   2781
1.0D0,1.0D0,1.0D0,1.0D0,1.0D0,1.0D0,1.0D0,1.0D0,1.0D0,1.0D0,     0000035P   2782
1.0D0,1.0D0,1.0D0,1.0D0,1.0D0,1.0D0,1.0D0,1.0D0,1.0D0,1.0D0,     0000035P   2783
1.0D0,1.0D0,1.0D0,1.0D0,1.0D0,1.0D0,1.0D0,1.0D0,1.0D0,1.0D0,     0000035P   2784
1.0D0,1.0D0,1.0D0,1.0D0,1.0D0,1.0D0,1.0D0,1.0D0,1.0D0,1.0D0,     0000035P   2785
1.0D0,1.0D0,1.0D0,1.0D0,1.0D0,1.0D0,1.0D0,1.0D0,1.0D0,1.0D0,     0000035P   2786
1.0D0,1.0D0,1.0D0,1.0D0,1.0D0,1.0D0,1.0D0,1.0D0,1.0D0,1.0D0,     0000035P   2787
1.0D0,1.0D0,1.0D0,1.0D0,1.0D0,1.0D0,1.0D0,1.0D0,1.0D0,1.0D0,     0000035P   2788
1.0D0,1.0D0,1.0D0,1.0D0,1.0D0,1.0D0,1.0D0,1.0D0,1.0D0,1.0D0,     0000035P   2789
1.0D0,1.0D0,1.0D0,1.0D0,1.0D0,1.0D0,1.0D0,1.0D0,1.0D0,1.0D0,     0000035P   2790
1.0D0,1.0D0,1.0D0,1.0D0,1.0D0,1.0D0,1.0D0,1.0D0,1.0D0,1.0D0,     0000035P   2791
1.0D0,1.0D0,1.0D0,1.0D0,1.0D0,1.0D0,1.0D0,1.0D0,1.0D0,1.0D0,     0000035P   2792
1.0D0,1.0D0,1.0D0,1.0D0,1.0D0,1.0D0,1.0D0,1.0D0,1.0D0,1.0D0,     0000035P   2793
1.0D0,1.0D0,1.0D0,1.0D0,1.0D0,1.0D0,1.0D0,1.0D0,1.0D0,1.0D0,     0000035P   2794
1.0D0,1.0D0,1.0D0,1.0D0,1.0D0,1.0D0,1.0D0,1.0D0,1.0D0,1.0D0,     0000035P   2795
1.0D0,1.0D0,1.0D0,1.0D0,1.0D0,1.0D0,1.0D0,1.0D0,1.0D0,1.0D0,     0000035P   2796
1.0D0,1.0D0,1.0D0,1.0D0,1.0D0,1.0D0,1.0D0,1.0D0,1.0D0,1.0D0,     0000035P   2797
1.0D0,1.0D0,1.0D0,1.0D0,1.0D0,1.0D0,1.0D0,1.0D0,1.0D0,1.0D0,     0000035P   2798
1.0D0,1.0D0,1.0D0,1.0D0,1.0D0,1.0D0,1.0D0,1.0D0,1.0D0,1.0D0,     0000035P   2799
1.0D0,1.0D0,1.0D0,1.0D0,1.0D0,1.0D0,1.0D0,1.0D0,1.0D0,1.0D0,     0000035P   2800
1.0D0,1.0D0,1.0D0,1.0D0,1.0D0,1.0D0,1.0D0,1.0D0,1.0D0,1.0D0,     0000035P   2801
1.0D0,1.0D0,1.0D0,1.0D0,1.0D0,1.0D0,1.0D0,1.0D0,1.0D0,1.0D0,     0000035P   2802
1.0D0,1.0D0,1.0D0,1.0D0,1.0D0,1.0D0,1.0D0,1.0D0,1.0D0,1.0D0,     0000035P   2803
1.0D0,1.0D0,1.0D0,1.0D0,1.0D0,1.0D0,1.0D0,1.0D0,1.0D0,1.0D0,     0000035P   2804
1.0D0,1.0D0,1.0D0,1.0D0,1.0D0,1.0D0,1.0D0,1.0D0,1.0D0,1.0D0,     0000035P   2805
1.0D0,1.0D0,1.0D0,1.0D0,1.0D0,1.0D0,1.0D0,1.0D0,1.0D0,1.0D0,     0000035P   2806
1.0D0,1.0D0,1.0D0,1.0D0,1.0D0,1.0D0,1.0D0,1.0D0,1.0D0,1.0D0,     0000035P   2807
1.0D0,1.0D0,1.0D0,1.0D0,1.0D0,1.0D0,1.0D0,1.0D0,1.0D0,1.0D0,     0000035P   2808
1.0D0,1.0D0,1.0D0,1.0D0,1.0D0,1.0D0,1.0D0,1.0D0,1.0D0,1.0D0,     0000035P   2809
1.0D0,1.0D0,1.0D0,1.0D0,1.0D0,1.0D0,1.0D0,1.0D0,1.0D0,1.0D0,     0000035P   2810
1.0D0,1.0D0,1.0D0,1.0D0,1.0D0,1.0D0,1.0D0,1.0D0,1.0D0,1.0D0,     0000035P   2811
1.0D0,1.0D0,1.0D0,1.0D0,1.0D0,1.0D0,1.0D0,1.0D0,1.0D0,1.0D0,     0000035P   2812
1.0D0,1.0D0,1.0D0,1.0D0,1.0D0,1.0D0,1.0D0,1.0D0,1.0D0,1.0D0,     0000035P   2813
1.0D0,1.0D0,1.0D0,1.0D0,1.0D0,1.0D0,1.0D0,1.0D0,1.0D0,1.0D0,     0000035P   2814
1.0D0,1.0D0,1.0D0,1.0D0,1.0D0,1.0D0,1.0D0,1.0D0,1.0D0,1.0D0,     0000035P   2815
1.0D0,1.0D0,1.0D0,1.0D0,1.0D0,1.0D0,1.0D0,1.0D0,1.0D0,1.0D0,     0000035P   2816
1.0D0,1.0D0,1.0D0,1.0D0,1.0D0,1.0D0,1.0D0,1.0D0,1.0D0,1.0D0,     0000035P   2817
1.0D0,1.0D0,1.0D0,1.0D0,1.0D0,1.0D0,1.0D0,1.0D0,1.0D0,1.0D0,     0000035P   2818
1.0D0,1.0D0,1.0D0,1.0D0,1.0D0,1.0D0,1.0D0,1.0D0,1.0D0,1.0D0,     0000035P   2819
1.0D0,1.0D0,1.0D0,1.0D0,1.0D0,1.0D0,1.0D0,1.0D0,1.0D0,1.0D0,     0000035P   2820
1.0D0,1.0D0,1.0D0,1.0D0,1.0D0,1.0D0,1.0D0,1.0D0,1.0D0,1.0D0,     0000035P   2821
1.0D0,1.0D0,1.0D0,1.0D0,1.0D0,1.0D0,1.0D0,1.0D0,1.0D0,1.0D0,     0000035P   2822
1.0D0,1.0D0,1.0D0,1.0D0,1.0D0,1.0D0,1.0D0,1.0D0,1.0D0,1.0D0,     0000035P   2823
1.0D0,1.0D0,1.0D0,1.0D0,1.0D0,1.0D0,1.0D0,1.0D0,1.0D0,1.0D0,     0000035P   2824
1.0D0,1.0D0,1.0D0,1.0D0,1.0D0,1.0D0,1.0D0,1.0D0,1.0D0,1.0D0,     0000035P   2825
1.0D0,1.0D0,1.0D0,1.0D0,1.0D0,1.0D0,1.0D0,1.0D0,1.0D0,1.0D0,     0000035P   2826
1.0D0,1.0D0,1.0D0,1.0D0,1.0D0,1.0D0,1.0D0,1.0D0,1.0D0,1.0D0,     0000035P   2827
1.0D0,1.0D0,1.0D0,1.0D0,1.0D0,1.0D0,1.0D0,1.0D0,1.0D0,1.0D0,     0000035P   2828
1.0D0,1.0D0,1.0D0,1.0D0,1.0D0,1.0D0,1.0D0,1.0D0,1.0D0,1.0D0,     0000035P   2829
1.0D0,1.0D0,1.0D0,1.0D0,1.0D0,1.0D0,1.0D0,1.0D0,1.0D0,1.0D0,     0000035P   2830
1.0D0,1.0D0,1.0D0,1.0D0,1.0D0,1.0D0,1.0D0,1.0D0,1.0D0,1.0D0,     0000035P   2831
1.0D0,1.0D0,1.0D0,1.0D0,1.0D0,1.0D0,1.0D0,1.0D0,1.0D0,1.0D0,     0000035P   2832
1.0D0,1.0D0,1.0D0,1.0D0,1.0D0,1.0D0,1.0D0,1.0D0,1.0D0,1.0D0,     0000035P   2833
1.0D0,1.0D0,1.0D0,1.0D0,1.0D0,1.0D0,1.0D0,1.0D0,1.0D0,1.0D0,     0000035P   2834
1.0D0,1.0D0,1.0D0,1.0D0,1.0D0,1.0D0,1.0D0,1.0D0,1.0D0,1.0D0,     0000035P   2835
1.0D0,1.0D0,1.0D0,1.0D0,1.0D0,1.0D0,1.0D0,1.0D0,1.0D0,1.0D0,     0000035P   2836
1.0D0,1.0D0,1.0D0,1.0D0,1.0D0,1.0D0,1.0D0,1.0D0,1.0D0,1.0D0,     0000035P   2837
1.0D0,1.0D0,1.0D0,1.0D0,1.0D0,1.0D0,1.0D0,1.0D0,1.0D0,1.0D0,     0000035P   2838
1.0D0,1.0D0,1.0D0,1.0D0,1.0D0,1.0D0,1.0D0,1.0D0,1.0D0,1.0D0,     0000035P   2839
1.0D0,1.0D0,1.0D0,1.0D0,1.0D0,1.0D0,1.0D0,1.0D0,1.0D0,1.0D0,     0000035P   2840
1.0D0,1.0D0,1.0D0,1.0D0,1.0D0,1.0D0,1.0D0,1.0D0,1.0D0,1.0D0,     0000035P   2841
1.0D0,1.0D0,1.0D0,1.0D0,1.0D0,1.0D0,1.0D0,1.0D0,1.0D0,1.0D0,     0000035P   2842
1.0D0,1.0D0,1.0D0,1.0D0,1.0D0,1.0D0,1.0D0,1.0D0,1.0D0,1.0D0,     0000035P   2843
1.0D0,1.0D0,1.0D0,1.0D0,1.0D0,1.0D0,1.0D0,1.0D0,1.0D0,1.0D0,     0000035P   2844
1.0D0,1.0D0,1.0D0,1.0D0,1.0D0,1.0D0,1.0D0,1.0D0,1.0D0,1.0D0,     0000035P   2845
1.0D0,1.0D0,1.0D0,1.0D0,1.0D0,1.0D0,1.0D0,1.0D0,1.0D0,1.0D0,     0000035P   2846
1.0D0,1.0D0,1.0D0,1.0D0,1.0D0,1.0D0,1.0D0,1.0D0,1.0D0,1.0D0,     0000035P   2847
1.0D0,1.0D0,1.0D0,1.0D0,1.0D0,1.0D0,1.0D0,1.0D0,1.0D0,1.0D0,     0000035P   2848
1.0D0,1.0D0,1.0D0,1.0D0,1.0D0,1.0D0,1.0D0,1.0D0,1.0D0,1.0D0,     0000035P   2849
1.0D0,1.0D0,1.0D0,1.0D0,1.0D0,1.0D0,1.0D0,1.0D0,1.0D0,1.0D0,     0000035P   2850
1.0D0,1.0D0,1.0D0,1.0D0,1.0D0,1.0D0,1.0D0,1.0D0,1.0D0,1.0D0,     0000035P   2851
1.0D0,1.0D0,1.0D0,1.0D0,1.0D0,1.0D0,1.0D0,1.0D0,1.0D0,1.0D0,     0000035P   2852
1.0D0,1.0D0,1.0D0,1.0D0,1.0D0,1.0D0,1.0D0,1.0D0,1.0D0,1.0D0,     0000035P   2853
1.0D0,1.0D0,1.0D0,1.0D0,1.0D0,1.0D0,1.0D0,1.0D0,1.0D0,1.0D0,     0000035P   2854
1.0D0,1.0D0,1.0D0,1.0D0,1.0D0,1.0D0,1.0D0,1.0D0,1.0D0,1.0D0,     0000035P   2855
1.0D0,1.0D0,1.0D0,1.0D0,1.0D0,1.0D0,1.0D0,1.0D0,1.0D0,1.0D0,     0000035P   2856
1.0D0,1.0D0,1.0D0,1.0D0,1.0D0,1.0D0,1.0D0,1.0D0,1.0D0,1.0D0,     0000035P   2857
1.0D0,1.0D0,1.0D0,1.0D0,1.0D0,1.0D0,1.0D0,1.0D0,1.0D0,1.0D0,     0000035P   2858
1.0D0,1.0D0,1.0D0,1.0D0,1.0D0,1.0D0,1.0D0,1.0D0,1.0D0,1.0D0,     0000035P   2859
1.0D0,1.0D0,1.0D0,1.0D0,1.0D0,1.0D0,1.0D0,1.0D0,1.0D0,1.0D0,     0000035P   2860
1.0D0,1.0D0,1.0D0,1.0D0,1.0D0,1.0D0,1.0D0,1.0D0,1.0D0,1.0D0,     0000035P   2861
1.0D0,1.0D0,1.0D0,1.0D0,1.0D0,1.0D0,1.0D0,1.0D0,1.0D0,1.0D0,     0000035P   2862
1.0D0,1.0D0,1.0D0,1.0D0,1.0D0,1.0D0,1.0D0,1.0D0,1.0D0,1.0D0,     0000035P   2863
1.0D0,1.0D0,1.0D0,1.0D0,1.0D0,1.0D0,1.0D0,1.0D0,1.0D0,1.0D0,     0000035P   2864
1.0D0,1.0D0,1.0D0,1.0D0,1.0D0,1.0D0,1.0D0,1.0D0,1.0D0,1.0D0,     0000035P   2865
1.0D0,1.0D0,1.0D0,1.0D0,1.0D0,1.0D0,1.0D0,1.0D0,1.0D0,1.0D0,     0000035P   2866
1.0D0,1.0D0,1.0D0,1.0D0,1.0D0,1.0D0,1.0D0,1.0D0,1.0D0,1.0D0,     0000035P   2867
1.0D0,1.0D0,1.0D0,1.0D0,1.0D0,1.0D0,1.0D0,1.0D0,1.0D0,1.0D0,     0000035P   2868
1.0D0,1.0D0,1.0D0,1.0D0,1.0D0,1.0D0,1.0D0,1.0D0,1.0D0,1.0D0,     0000035P   2869
1.0D0,1.0D0,1.0D0,1.0D0,1.0D0,1.0D0,1.0D0,1.0D0,1.0D0,1.0D0,     0000035P   2870
1.0D0,1.0D0,1.0D0,1.0D0,1.0D0,1.0D0,1.0D0,1.0D0,1.0D0,1.0D0,     0000035P   2871
1.0D0,1.0D0,1.0D0,1.0D0,1.0D0,1.0D0,1.0D0,1.0D0,1.0D0,1.0D0,     0000035P   2872
1.0D0,1.0D0,1.0D0,1.0D0,1.0D0,1.0D0,1.0D0,1.0D0,1.0D0,1.0D0,     0000035P   2873
1.0D0,1.0D0,1.0D0,1.0D0,1.0D0,1.0D0,1.0D0,1.0D0,1.0D0,1.0D0,     0000035P   2874
1.0D0,1.0D0,1.0D0,1.0D0,1.0D0,1.0D0,1.0D0,1.0D0,1.0D0,1.0D0,     0000035P   2875
1.0D0,1.0D0,1.0D0,1.0D0,1.0D0,1.0D0,1.0D0,1.0D0,1.0D0,1.0D0,     0000035P   2876
1.0D0,1.0D0,1.0D0,1.0D0,1.0D0,1.0D0,1.0D0,1.0D0,1.0D0,1.0D0,     0000035P   2877
1.0D0,1.0D0,1.0D0,1.0D0,1.0D0,1.0D0,1.0D0,1.0D0,1.0D0,1.0D0,     0000035P   2878
1.0D0,1.0D0,1.0D0,1.0D0,1.0D0,1.0D0,1.0D0,1.0D0,1.0D0,1.0D0,     0000035P   2879
1.0D0,1.0D0,1.0D0,1.0D0,1.0D0,1.0D0,1.0D0,1.0D0,1.0D0,1.0D0,     0000035P   2880
1.0D0,1.0D0,1.0D0,1.0D0,1.0D0,1.0D0,1.0D0,1.0D0,1.0D0,1.0D0,     0000035P   2881
1.0D0,1.0D0,1.0D0,1.0D0,1.0D0,1.0D0,1.0D0,1.0D0,1.0D0,1.0D0,     0000035P   2882
1.0D0,1.0D0,1.0D0,1.0D0,1.0D0,1.0D0,1.0D0,1.0D0,1.0D0,1.0D0,     0000035P   2883
1.0D0,1.0D0,1.0D0,1.0D0,1.0D0,1.0D0,1.0D0,1.0D0,1.0D0,1.0D0,     0000035P   2884
1.0D0,1.0D0,1.0D0,1.0D0,1.0D0,1.0D0,1.0D0,1.0D0,1.0D0,1.0D0,     0000035P   2885
1.0D0,1.0D0,1.0D0,1.0D0,1.0D0,1.0D0,1.0D0,1.0D0,1.0D0,1.0D0,     0000035P   2886
1.0D0,1.0D0,1.0D0,1.0D0,1.0D0,1.0D0,1.0D0,1.0D0,1.0D0,1.0D0,     0000035P   2887
1.0D0,1.0D0,1.0D0,1.0D0,1.0D0,1.0D0,1.0D0,1.0D0,1.0D0,1.0D0,     0000035P   2888
1.0D0,1.0D0,1.0D0,1.0D0,1.0D0,1.0D0,1.0D0,1.0D0,1.0D0,1.0D0,     0000035P   2889
1.0D0,1.0D0,1.0D0,1.0D0,1.0D0,1.0D0,1.0D0,1.0D0,1.0D0,1.0D0,     0000035P   2890
1.0D0,1.0D0,1.0D0,1.0D0,1.0D0,1.0D0,1.0D0,1.0D0,1.0D0,1.0D0,     0000035P   2891
1.0D0,1.0D0,1.0D0,1.0D0,1.0D0,1.0D0,1.0D0,1.0D0,1.0D0,1.0D0,     0000035P   2892
1.0D0,1.0D0,1.0D0,1.0D0,1.0D0,1.0D0,1.0D0,1.0D0,1.0D0,1.0D0,     0000035P   2893
1.0D0,1.0D0,1.0D0,1.0D0,1.0D0,1.0D0,1.0D0,1.0D0,1.0D0,1.0D0,     0000035P   2894
1.0D0,1.0D0,1.0D0,1.0D0,1.0D0,1.0D0,1.0D0,1.0D0,1.0D0,1.0D0,     0000035P   2895
1.0D0,1.0D0,1.0D0,1.0D0,1.0D0,1.0D0,1.0D0,1.0D0,1.0D0,1.0D0,     0000035P   2896
1.0D0,1.0D0,1.0D0,1.0D0,1.0D0,1.0D0,1.0D0,1.0D0,1.0D0,1.0D0,     0000035P   2897
1.0D0,1.0D0,1.0D0,1.0D0,1.0D0,1.0D0,1.0D0,1.0D0,1.0D0,1.0D0,     0000035P   2898
1.0D0,1.0D0,1.0D0,1.0D0,1.0D0,1.0D0,1.0D0,1.0D0,1.0D0,1.0D0,     0000035P   2899
1.0D0,1.0D0,1.0D0,1.0D0,1.0D0,1.0D0,1.0D0,1.0D0,1.0D0,1.0D0,     0000035P   2900
1.0D0,1.0D0,1.0D0,1.0D0,1.0D0,1.0D0,1.0D0,1.0D0,1.0D0,1.0D0,     0000035P   2901
1.0D0,1.0D0,1.0D0,-0.8418369999999998D0,0.0D0,0.201889D0,        0000035P   2902
-0.8418369999999995D0,-0.00418440213323183D0,                    0000035P   2903
0.2018896479459095D0,-0.8418370000000002D0,                      0000035P   2904
-0.01255317719778591D0,0.2012717735568555D0,                     0000035P   2905
-0.8418370000000004D0,-0.02505068346716575D0,                    0000035P   2906
0.1985113017976889D0,-0.8418370000000003D0,                      0000035P   2907
-0.03744007006712047D0,0.1939652103846801D0,                     0000035P   2908
-0.8418370000000004D0,-0.04967426625010721D0,                    0000035P   2909
0.1877065206881551D0,-0.8418369999999999D0,                      0000035P   2910
-0.06171439450577719D0,0.1798316464697176D0,                     0000035P   2911
-0.8418370000000003D0,-0.07352434405399717D0,                    0000035P   2912
0.1704510396411202D0,-0.8418369999999999D0,                      0000035P   2913
-0.08507127379395354D0,0.1596889298988432D0,                     0000035P   2914
-0.8418370000000002D0,-0.09628184401061879D0,                    0000035P   2915
0.1477158831287645D0,-0.8418370000000003D0,                      0000035P   2916
-0.1070455678357387D0,0.1347620723384094D0,                      0000035P   2917
-0.8418370000000006D0,-0.1170698572116304D0,                     0000035P   2918
0.1213284663981756D0,-0.8418369999999998D0,                      0000035P   2919
-0.1260554101142126D0,0.1080528481693102D0,                      0000035P   2920
-0.8418370000000003D0,-0.1336723774746704D0,                     0000035P   2921
0.09575167728660611D0,-0.8418369999999997D0,                     0000035P   2922
-0.1399814213987852D0,0.08471044912138641D0,                     0000035P   2923
-0.8418370000000003D0,-0.1451645193186895D0,                     0000035P   2924
0.07497150269266598D0,-0.8418369999999997D0,                     0000035P   2925
-0.1494920260836328D0,0.06629946451489939D0,                     0000035P   2926
-0.8418370000000003D0,-0.1531602765376002D0,                     0000035P   2927
0.05850599954349361D0,-0.8418370000000001D0,                     0000035P   2928
-0.1563298936542035D0,0.05141037086427747D0,                     0000035P   2929
-0.8418370000000001D0,-0.1591065993603191D0,                     0000035P   2930
0.04487700119853978D0,-0.8418369999999994D0,                     0000035P   2931
-0.1615730420924673D0,0.03880057574524987D0,                     0000035P   2932
-0.8418370000000002D0,-0.1637879290216149D0,                     0000035P   2933
0.03310745646897027D0,-0.8418369999999997D0,                     0000035P   2934
-0.1657953153465726D0,0.02773451480940241D0,                     0000035P   2935
-0.8418370000000004D0,-0.1676324634853773D0,                     0000035P   2936
0.02262568434918213D0,-0.8418369999999997D0,                     0000035P   2937
-0.1693376687880777D0,0.01770906872436258D0,                     0000035P   2938
-0.8418370000000006D0,-0.1709082631024012D0,                     0000035P   2939
0.01302390300849215D0,-0.8418369999999999D0,                     0000035P   2940
-0.1723410290146066D0,0.008604314390721823D0,                    0000035P   2941
-0.8418369999999998D0,-0.1736922326693748D0,                     0000035P   2942
0.004309952132555908D0,-0.8418369999999995D0,                    0000035P   2943
-0.1745650049958516D0,0.001450252928265608D0,                    0000035P   2944
-0.8418369999999997D0,-0.1749999999999999D0,0.0D0,               0000035P   2945
-0.8367558192758375D0,0.0D0,0.2026672977447493D0,                0000035P   2946
-0.8367558192758383D0,-0.004184402177268821D0,                   0000035P   2947
0.2026679367339053D0,-0.8367558192758371D0,                      0000035P   2948
-0.01255317722981915D0,0.2020509722737114D0,                     0000035P   2949
-0.8367558192758389D0,-0.02505068344663989D0,                    0000035P   2950
0.1992944979248005D0,-0.836755819275838D0,                       0000035P   2951
-0.03744007006867822D0,0.1947549173087088D0,                     0000035P   2952
-0.8367558192758382D0,-0.04967426625342947D0,                    0000035P   2953
0.1885051695246103D0,-0.8367558192758389D0,                      0000035P   2954
-0.06171439450434305D0,0.1806415574547753D0,                     0000035P   2955
-0.8367558192758378D0,-0.07352434405364916D0,                    0000035P   2956
0.1712742938930711D0,-0.8367558192758379D0,                      0000035P   2957
-0.08507127379462422D0,0.1605272266612604D0,                     0000035P   2958
-0.8367558192758383D0,-0.0962818440109727D0,                     0000035P   2959
0.1485697071179183D0,-0.8367558192758378D0,                      0000035P   2960
-0.1070455678330744D0,0.1356301001880754D0,                      0000035P   2961
-0.8367558192758388D0,-0.1170698572142584D0,                     0000035P   2962
0.1222050184198119D0,-0.8367558192758373D0,                      0000035P   2963
-0.1260554101235697D0,0.1089284330422648D0,-0.836755819275838D0, 0000035P   2964
-0.1336723774446288D0,0.09661301859407406D0,                     0000035P   2965
-0.8367558192758376D0,-0.1399814214063841D0,                     0000035P   2966
0.08554540287035559D0,-0.8367558192758375D0,                     0000035P   2967
-0.1451645194761863D0,0.07576982497264485D0,                     0000035P   2968
-0.8367558192758386D0,-0.149492025760065D0,                      0000035P   2969
0.06705382389882041D0,-0.8367558192758383D0,                     0000035P   2970
-0.153160276482644D0,0.05921070438963204D0,                      0000035P   2971
-0.8367558192758379D0,-0.1563298964258521D0,                     0000035P   2972
0.0520609375884677D0,-0.8367558192758378D0,                      0000035P   2973
-0.1591065975296379D0,0.04547018399403109D0,                     0000035P   2974
-0.8367558192758374D0,-0.1615730339156688D0,                     0000035P   2975
0.0393338502236274D0,-0.8367558192758376D0,                      0000035P   2976
-0.1637879294132255D0,0.03357860269554915D0,                     0000035P   2977
-0.8367558192758379D0,-0.1657953429467315D0,                     0000035P   2978
0.02814176276470141D0,-0.8367558192758379D0,                     0000035P   2979
-0.1676325101696889D0,0.02296762514153066D0,                     0000035P   2980
-0.8367558192758376D0,-0.1693375183677805D0,                     0000035P   2981
0.0179846520232193D0,-0.8367558192758386D0,                      0000035P   2982
-0.1709080877150206D0,0.01323193724895129D0,                     0000035P   2983
-0.8367558192758381D0,-0.1723413338495156D0,                     0000035P   2984
0.008743477463188518D0,-0.8367558192758369D0,                    0000035P   2985
-0.1736929190808215D0,0.004379571055626742D0,                    0000035P   2986
-0.8367558192758382D0,-0.1745654199738956D0,                     0000035P   2987
0.001473414665549414D0,-0.8367558192758375D0,                    0000035P   2988
-0.1749999999999999D0,0.0D0,-0.8265897586801352D0,0.0D0,         0000035P   2989
0.2042872626075478D0,-0.826589758680135D0,                       0000035P   2990
-0.004184402234836971D0,0.2042878032341957D0,                    0000035P   2991
-0.8265897586801354D0,-0.0125531772716973D0,                     0000035P   2992
0.2036721959065752D0,-0.8265897586801353D0,                      0000035P   2993
-0.02505068341980568D0,0.2009215754413933D0,                     0000035P   2994
-0.8265897586801358D0,-0.03744007007070505D0,                    0000035P   2995
0.1963912400328209D0,-0.8265897586801351D0,                      0000035P   2996
-0.04967426625779822D0,0.1901542276358796D0,                     0000035P   2997
-0.8265897586801351D0,-0.06171439450247047D0,                    0000035P   2998
0.1823066910890509D0,-0.8265897586801356D0,                      0000035P   2999
-0.0735243440530538D0,0.1729584592669262D0,                      0000035P   3000
-0.8265897586801347D0,-0.08507127379574334D0,                    0000035P   3001
0.1622327696654251D0,-0.8265897586801354D0,                      0000035P   3002
-0.09628184401173838D0,0.1502967386200877D0,                     0000035P   3003
-0.8265897586801354D0,-0.1070455678277824D0,                     0000035P   3004
0.1373753753356309D0,-0.8265897586801354D0,-0.117069857219482D0, 0000035P   3005
0.1239574276878732D0,-0.8265897586801352D0,-0.126055410142237D0, 0000035P   3006
0.1106700313074779D0,-0.8265897586801352D0,                      0000035P   3007
-0.1336723773847073D0,0.09831907700482156D0,                     0000035P   3008
-0.8265897586801351D0,-0.1399814214215405D0,                     0000035P   3009
0.08719362507033819D0,-0.8265897586801352D0,                     0000035P   3010
-0.1451645197903487D0,0.07734163080006753D0,                     0000035P   3011
-0.8265897586801352D0,-0.1494920251146382D0,                     0000035P   3012
0.06853605638821335D0,-0.8265897586801345D0,                     0000035P   3013
-0.1531602763730224D0,0.06059311509186099D0,                     0000035P   3014
-0.8265897586801358D0,-0.1563299019545127D0,                     0000035P   3015
0.05333534341010904D0,-0.8265897586801348D0,                     0000035P   3016
-0.1591065938779433D0,0.04663079176470307D0,                     0000035P   3017
-0.8265897586801352D0,-0.1615730176052505D0,                     0000035P   3018
0.04037619145861208D0,-0.8265897586801347D0,                     0000035P   3019
-0.1637879301943788D0,0.03449869162187855D0,                     0000035P   3020
-0.826589758680135D0,-0.1657953980013039D0,                      0000035P   3021
0.02893647422516252D0,-0.8265897586801356D0,                     0000035P   3022
-0.1676326032917914D0,0.0236344912224685D0,-0.826589758680135D0, 0000035P   3023
-0.169337218321495D0,0.01852175544174891D0,                      0000035P   3024
-0.8265897586801354D0,-0.1709077378664093D0,                     0000035P   3025
0.01363714505063346D0,-0.8265897586801347D0,                     0000035P   3026
-0.172341941909624D0,0.00901446964435775D0,                      0000035P   3027
-0.8265897586801357D0,-0.1736942882790537D0,                     0000035P   3028
0.00451515227161111D0,-0.8265897586801345D0,                     0000035P   3029
-0.1745662477386528D0,0.001518536204698833D0,                    0000035P   3030
-0.8265897586801347D0,-0.175D0,0.0D0,-0.8113372193669719D0,      0000035P   3031
0.0D0,0.2067771776903912D0,-0.8113372193669725D0,                0000035P   3032
-0.004184402292518961D0,0.2067774958551102D0,                    0000035P   3033
-0.8113372193669723D0,-0.01255317731366144D0,                    0000035P   3034
0.2061634853405337D0,-0.8113372193669725D0,                      0000035P   3035
-0.02505068339291611D0,0.2034196159162661D0,                     0000035P   3036
-0.8113372193669723D0,-0.03744007007272207D0,                    0000035P   3037
0.1988995718298677D0,-0.8113372193669727D0,                      0000035P   3038
-0.04967426626221268D0,0.1926767855517613D0,                     0000035P   3039
-0.8113372193669715D0,-0.06171439450059719D0,                    0000035P   3040
0.1848472531994951D0,-0.8113372193669726D0,                      0000035P   3041
-0.07352434405225522D0,0.1755203174784498D0,                     0000035P   3042
-0.8113372193669722D0,-0.08507127379721255D0,                    0000035P   3043
0.1648184450701229D0,-0.8113372193669726D0,                      0000035P   3044
-0.09628184401294196D0,0.1529055841167587D0,                     0000035P   3045
-0.8113372193669713D0,-0.1070455678198765D0,                     0000035P   3046
0.1400019579857135D0,-0.8113372193669731D0,                      0000035P   3047
-0.1170698572272873D0,0.1265853198450179D0,                      0000035P   3048
-0.8113372193669712D0,-0.1260554101701946D0,0.113273298360743D0, 0000035P   3049
-0.8113372193669729D0,-0.1336723772949723D0,                     0000035P   3050
0.1008623556615924D0,-0.8113372193669709D0,-0.139981421444237D0, 0000035P   3051
0.08964535787161899D0,-0.8113372193669726D0,                     0000035P   3052
-0.1451645202608302D0,0.0796757539741024D0,-0.811337219366972D0, 0000035P   3053
-0.1494920241480631D0,0.0707342619998437D0,                      0000035P   3054
-0.8113372193669728D0,-0.1531602762088553D0,                     0000035P   3055
0.06264110596049782D0,-0.8113372193669716D0,                     0000035P   3056
-0.1563299102340992D0,0.05522158723096282D0,                     0000035P   3057
-0.8113372193669718D0,-0.1591065884092547D0,                     0000035P   3058
0.0483472616440464D0,-0.811337219366971D0,-0.1615729931791681D0, 0000035P   3059
0.0419167352575639D0,-0.8113372193669723D0,                      0000035P   3060
-0.1637879313642147D0,0.03585775982000598D0,                     0000035P   3061
-0.8113372193669707D0,-0.1657954804496794D0,                     0000035P   3062
0.03010977165024723D0,-0.8113372193669728D0,                     0000035P   3063
-0.1676327427491641D0,0.02461864752914757D0,                     0000035P   3064
-0.8113372193669721D0,-0.1693367689795481D0,                     0000035P   3065
0.01931406923712068D0,-0.8113372193669725D0,                     0000035P   3066
-0.1709072139417218D0,0.01423465425023752D0,                     0000035P   3067
-0.8113372193669728D0,-0.1723428525255065D0,                     0000035P   3068
0.009414001096839373D0,-0.8113372193669715D0,                    0000035P   3069
-0.1736963387566949D0,0.004715055503526772D0,                    0000035P   3070
-0.8113372193669718D0,-0.1745674873788202D0,                     0000035P   3071
0.001585078350701394D0,-0.8113372193669717D0,                    0000035P   3072
-0.1749999999999999D0,0.0D0,-0.7960883278606576D0,0.0D0,         0000035P   3073
0.2092037903085105D0,-0.7960883278606575D0,                      0000035P   3074
-0.004184402380118146D0,0.2092039630006684D0,                    0000035P   3075
-0.7960883278606574D0,-0.01255317737738569D0,                    0000035P   3076
0.208592014174275D0,-0.7960883278606594D0,                       0000035P   3077
-0.02505068335208354D0,0.2058570443204078D0,                     0000035P   3078
-0.7960883278606578D0,-0.03744007007580683D0,                    0000035P   3079
0.201351070726371D0,-0.7960883278606576D0,                       0000035P   3080
-0.04967426626885883D0,0.1951476657019154D0,                     0000035P   3081
-0.7960883278606581D0,-0.06171439449774767D0,                    0000035P   3082
0.1873425956965721D0,-0.7960883278606585D0,                      0000035P   3083
-0.07352434405135815D0,0.1780446217944096D0,                     0000035P   3084
-0.7960883278606574D0,-0.08507127379890003D0,                    0000035P   3085
0.1673752880662663D0,-0.7960883278606574D0,                      0000035P   3086
-0.09628184401408825D0,0.1554951786968549D0,                     0000035P   3087
-0.7960883278606589D0,-0.1070455678119372D0,                     0000035P   3088
0.1426194676034402D0,-0.7960883278606579D0,                      0000035P   3089
-0.1170698572351234D0,0.1292140668790719D0,                      0000035P   3090
-0.7960883278606576D0,-0.1260554101981953D0,                     0000035P   3091
0.1158863087494067D0,-0.7960883278606576D0,                      0000035P   3092
-0.1336723772050903D0,0.1034224339157517D0,                      0000035P   3093
-0.7960883278606581D0,-0.1399814214669716D0,                     0000035P   3094
0.09211895119515556D0,-0.7960883278606576D0,                     0000035P   3095
-0.1451645207320694D0,0.08203489024282112D0,                     0000035P   3096
-0.7960883278606581D0,-0.1494920231799317D0,                     0000035P   3097
0.0729591226723337D0,-0.7960883278606575D0,                      0000035P   3098
-0.1531602760444244D0,0.06471625623800997D0,                     0000035P   3099
-0.796088327860658D0,-0.1563299185270158D0,0.0571347108686354D0, 0000035P   3100
-0.7960883278606579D0,-0.1591065829317617D0,                     0000035P   3101
0.0500896289828693D0,-0.7960883278606581D0,                      0000035P   3102
-0.1615729687137606D0,0.04348161066439343D0,                     0000035P   3103
-0.7960883278606575D0,-0.163787932535934D0,                      0000035P   3104
0.03723914191868828D0,-0.7960883278606579D0,                     0000035P   3105
-0.1657955630307952D0,0.03130295108945481D0,                     0000035P   3106
-0.7960883278606584D0,-0.1676328824310611D0,                     0000035P   3107
0.0256199033663642D0,-0.7960883278606578D0,                      0000035P   3108
-0.1693363189141693D0,0.02012051419965139D0,                     0000035P   3109
-0.7960883278606578D0,-0.1709066891735265D0,                     0000035P   3110
0.0148430747612556D0,-0.7960883278606578D0,                      0000035P   3111
-0.1723437646074627D0,0.009820900117419847D0,                    0000035P   3112
-0.7960883278606572D0,-0.1736983925355639D0,                     0000035P   3113
0.004918632120867946D0,-0.7960883278606579D0,                    0000035P   3114
-0.174568729014784D0,0.001652828032439798D0,                     0000035P   3115
-0.7960883278606574D0,-0.175D0,0.0D0,-0.7808516454086805D0,      0000035P   3116
0.0D0,0.2114207845053226D0,-0.7808516454086808D0,                0000035P   3117
-0.004184402570394409D0,0.2114210885040695D0,                    0000035P   3118
-0.7808516454086813D0,-0.01255317751579159D0,                    0000035P   3119
0.2108127239270183D0,-0.7808516454086807D0,                      0000035P   3120
-0.02505068326339789D0,0.2080937056392331D0,                     0000035P   3121
-0.7808516454086811D0,-0.03744007008255595D0,                    0000035P   3122
0.2036142749078476D0,-0.7808516454086813D0,                      0000035P   3123
-0.04967426628316449D0,0.1974472458802003D0,-0.78085164540868D0, 0000035P   3124
-0.06171439449154698D0,0.1896879221981426D0,                     0000035P   3125
-0.7808516454086809D0,-0.07352434405012186D0,                    0000035P   3126
0.1804441751778682D0,-0.7808516454086809D0,                      0000035P   3127
-0.08507127380133697D0,0.1698361140776056D0,                     0000035P   3128
-0.7808516454086815D0,-0.09628184401503917D0,                    0000035P   3129
0.1580203232671681D0,-0.7808516454086809D0,                      0000035P   3130
-0.1070455678038748D0,0.1452060763620422D0,                      0000035P   3131
-0.7808516454086809D0,-0.1170698572430714D0,                     0000035P   3132
0.1318446366335593D0,-0.7808516454086805D0,-0.126055410226365D0, 0000035P   3133
0.1185304422087213D0,-0.7808516454086813D0,                      0000035P   3134
-0.1336723771146294D0,0.106036932759617D0,-0.7808516454086805D0, 0000035P   3135
-0.1399814214898547D0,0.09466369156667093D0,                     0000035P   3136
-0.7808516454086807D0,-0.1451645212062964D0,                     0000035P   3137
0.08447559705186673D0,-0.7808516454086809D0,                     0000035P   3138
-0.1494920222056607D0,0.07527101503546785D0,                     0000035P   3139
-0.7808516454086804D0,-0.1531602758789506D0,                     0000035P   3140
0.06688015731147942D0,-0.7808516454086808D0,                     0000035P   3141
-0.1563299268725148D0,0.05913571246772818D0,                     0000035P   3142
-0.7808516454086811D0,-0.159106577419538D0,                      0000035P   3143
0.05191670660198873D0,-0.7808516454086796D0,                     0000035P   3144
-0.1615729440932268D0,0.04512612080912969D0,                     0000035P   3145
-0.7808516454086809D0,-0.1637879337150827D0,                     0000035P   3146
0.0386935752947344D0,-0.7808516454086802D0,                      0000035P   3147
-0.1657956461355268D0,0.03256122489128885D0,                     0000035P   3148
-0.7808516454086809D0,-0.1676330229986276D0,                     0000035P   3149
0.02667714257830284D0,-0.7808516454086807D0,                     0000035P   3150
-0.169335865995096D0,0.02097323332854014D0,                      0000035P   3151
-0.7808516454086813D0,-0.170906161077974D0,                      0000035P   3152
0.01548723750997997D0,-0.7808516454086801D0,                     0000035P   3153
-0.1723446824725859D0,0.01025193683944787D0,                     0000035P   3154
-0.780851645408681D0,-0.1737004593366698D0,                      0000035P   3155
0.005134243525636582D0,-0.7808516454086805D0,                    0000035P   3156
-0.1745699785234927D0,0.001724533269670938D0,                    0000035P   3157
-0.7808516454086805D0,-0.1749999999999999D0,0.0D0,               0000035P   3158
-0.7656286403258297D0,0.0D0,0.213425263029953D0,                 0000035P   3159
-0.7656286403258296D0,-0.004184402848648962D0,                   0000035P   3160
0.2134258823008492D0,-0.7656286403258299D0,                      0000035P   3161
-0.01255317771818806D0,0.2128227174636848D0,                     0000035P   3162
-0.7656286403258308D0,-0.02505068313370956D0,                    0000035P   3163
0.2101270661356524D0,-0.7656286403258301D0,                      0000035P   3164
-0.03744007009244506D0,0.2056869902186912D0,                     0000035P   3165
-0.7656286403258297D0,-0.04967426630403295D0,                    0000035P   3166
0.1995738771499385D0,-0.7656286403258297D0,                      0000035P   3167
-0.0617143944824748D0,0.1918822947992366D0,                      0000035P   3168
-0.7656286403258301D0,-0.07352434404859745D0,                    0000035P   3169
0.182718877967958D0,-0.7656286403258299D0,                       0000035P   3170
-0.08507127380441228D0,0.1722018244997162D0,                     0000035P   3171
-0.7656286403258296D0,-0.09628184401581796D0,                    0000035P   3172
0.1604830208928134D0,-0.7656286403258301D0,                      0000035P   3173
-0.1070455677957359D0,0.1477648822980565D0,                      0000035P   3174
-0.7656286403258301D0,-0.1170698572510868D0,                     0000035P   3175
0.1344812039892001D0,-0.7656286403258292D0,                      0000035P   3176
-0.1260554102545779D0,0.1212108277283057D0,                      0000035P   3177
-0.7656286403258299D0,-0.1336723770240006D0,                     0000035P   3178
0.1087115808849905D0,-0.7656286403258301D0,                      0000035P   3179
-0.1399814215127823D0,0.0972856686512657D0,                      0000035P   3180
-0.7656286403258299D0,-0.1451645216813615D0,                     0000035P   3181
0.08700417695202371D0,-0.7656286403258303D0,                     0000035P   3182
-0.149492021229668D0,0.07767621965894456D0,                      0000035P   3183
-0.7656286403258299D0,-0.1531602757131855D0,                     0000035P   3184
0.0691389122487923D0,-0.7656286403258303D0,                      0000035P   3185
-0.1563299352327538D0,0.06123046788270657D0,                     0000035P   3186
-0.7656286403258301D0,-0.1591065718975782D0,                     0000035P   3187
0.05383397374449102D0,-0.7656286403258297D0,                     0000035P   3188
-0.1615729194292074D0,0.04685521856828254D0,                     0000035P   3189
-0.7656286403258297D0,-0.1637879348963142D0,                     0000035P   3190
0.04022551866367349D0,-0.7656286403258297D0,                     0000035P   3191
-0.1657957293870413D0,0.03388854949481809D0,                     0000035P   3192
-0.7656286403258296D0,-0.1676331638144714D0,                     0000035P   3193
0.02779377536117044D0,-0.76562864032583D0,-0.1693354122760558D0, 0000035P   3194
0.02187500716504995D0,-0.7656286403258301D0,                     0000035P   3195
-0.1709056320496743D0,0.01616923899987499D0,                     0000035P   3196
-0.7656286403258297D0,-0.1723456019588857D0,                     0000035P   3197
0.01070851098900917D0,-0.765628640325829D0,                      0000035P   3198
-0.1737025297882563D0,0.005362587508775157D0,                    0000035P   3199
-0.7656286403258303D0,-0.174571230239142D0,                      0000035P   3200
0.001800425925853779D0,-0.7656286403258297D0,-0.175D0,0.0D0,     0000035P   3201
-0.7504173871739963D0,0.0D0,0.215275857289265D0,                 0000035P   3202
-0.7504173871739964D0,-0.004184403163556939D0,                   0000035P   3203
0.2152767646803167D0,-0.7504173871739964D0,                      0000035P   3204
-0.01255317794724413D0,0.2146800904573228D0,                     0000035P   3205
-0.7504173871739972D0,-0.02505068298693883D0,                    0000035P   3206
0.2120136271654809D0,-0.7504173871739966D0,                      0000035P   3207
-0.03744007010364268D0,0.2076224787306967D0,                     0000035P   3208
-0.7504173871739973D0,-0.04967426632763454D0,                    0000035P   3209
0.2015765204014407D0,-0.7504173871739968D0,                      0000035P   3210
-0.06171439447220642D0,0.193969326679721D0,-0.750417387173997D0, 0000035P   3211
-0.07352434404695732D0,0.1849059883903689D0,                     0000035P   3212
-0.7504173871739963D0,-0.08507127380774601D0,                    0000035P   3213
0.1745025158571477D0,-0.7504173871739964D0,                      0000035P   3214
-0.09628184401651507D0,0.1629055025676599D0,                     0000035P   3215
-0.750417387173997D0,-0.1070455677876233D0,0.1503096516884995D0, 0000035P   3216
-0.7504173871739965D0,-0.1170698572590731D0,                     0000035P   3217
0.1371292894887623D0,-0.7504173871739962D0,                      0000035P   3218
-0.1260554102826023D0,0.1239255859942779D0,                      0000035P   3219
-0.7504173871739965D0,-0.133672376933964D0,0.1114383909034818D0, 0000035P   3220
-0.7504173871739965D0,-0.1399814215355615D0,                     0000035P   3221
0.09997240664952108D0,-0.7504173871739966D0,                     0000035P   3222
-0.1451645221533066D0,0.08960533159056086D0,                     0000035P   3223
-0.7504173871739963D0,-0.1494920202600843D0,                     0000035P   3224
0.08015777046872277D0,-0.7504173871739965D0,                     0000035P   3225
-0.1531602755485086D0,0.07147478426059034D0,                     0000035P   3226
-0.7504173871739968D0,-0.1563299435380929D0,                     0000035P   3227
0.06340116385426561D0,-0.7504173871739964D0,                     0000035P   3228
-0.1591065664118803D0,0.0558239927092638D0,                      0000035P   3229
-0.7504173871739963D0,-0.1615728949271523D0,                     0000035P   3230
0.04865223306541257D0,-0.7504173871739963D0,                     0000035P   3231
-0.1637879360697887D0,0.04181955443017807D0,                     0000035P   3232
-0.7504173871739966D0,-0.165795812091858D0,                      0000035P   3233
0.03527115746071786D0,-0.7504173871739969D0,                     0000035P   3234
-0.1676333037056014D0,0.02895796962043515D0,                     0000035P   3235
-0.7504173871739966D0,-0.1693349615365114D0,                     0000035P   3236
0.02281600131418876D0,-0.7504173871739963D0,                     0000035P   3237
-0.1709051064954138D0,0.01688141137742798D0,                     0000035P   3238
-0.750417387173997D0,-0.1723465154070748D0,                      0000035P   3239
0.01118542182180712D0,-0.7504173871739956D0,                     0000035P   3240
-0.1737045866435387D0,0.005601070994778308D0,                    0000035P   3241
-0.7504173871739968D0,-0.1745724737349872D0,                     0000035P   3242
0.001879657249138869D0,-0.7504173871739963D0,                    0000035P   3243
-0.1749999999999999D0,0.0D0,-0.7352164417584165D0,0.0D0,         0000035P   3244
0.2170197308012598D0,-0.7352164417584164D0,                      0000035P   3245
-0.004184403468035188D0,0.2170206882921437D0,                    0000035P   3246
-0.7352164417584169D0,-0.01255317816871407D0,                    0000035P   3247
0.2164315613187658D0,-0.7352164417584173D0,                      0000035P   3248
-0.02505068284502899D0,0.213798914337315D0,                      0000035P   3249
-0.7352164417584169D0,-0.03744007011446866D0,                    0000035P   3250
0.2094636895792779D0,-0.7352164417584174D0,                      0000035P   3251
-0.04967426635045653D0,0.2034947448247771D0,                     0000035P   3252
-0.7352164417584162D0,-0.06171439446227828D0,                    0000035P   3253
0.1959843974998423D0,-0.7352164417584174D0,                      0000035P   3254
-0.07352434404536018D0,0.1870359015779818D0,                     0000035P   3255
-0.7352164417584172D0,-0.08507127381098857D0,                    0000035P   3256
0.1767629884295706D0,-0.7352164417584173D0,                      0000035P   3257
-0.09628184401721378D0,0.1653064256345648D0,                     0000035P   3258
-0.7352164417584169D0,-0.1070455677796334D0,                     0000035P   3259
0.1528523964086618D0,-0.7352164417584175D0,                      0000035P   3260
-0.1170698572669389D0,0.1397944387448697D0,                      0000035P   3261
-0.7352164417584159D0,-0.1260554103102172D0,0.126674461377596D0, 0000035P   3262
-0.7352164417584176D0,-0.1336723768452454D0,                     0000035P   3263
0.1142122561322024D0,-0.735216441758417D0,-0.1399814215580065D0, 0000035P   3264
0.1027152205734061D0,-0.735216441758417D0,-0.1451645226183444D0, 0000035P   3265
0.09226814270512176D0,-0.7352164417584174D0,                     0000035P   3266
-0.1494920193046918D0,0.08270337634692525D0,                     0000035P   3267
-0.735216441758417D0,-0.153160275386242D0,0.07387480025383011D0, 0000035P   3268
-0.7352164417584169D0,-0.1563299517218713D0,                     0000035P   3269
0.06563473052212752D0,-0.7352164417584175D0,                     0000035P   3270
-0.159106561006473D0,0.05787389624460919D0,                      0000035P   3271
-0.7352164417584163D0,-0.1615728707837194D0,                     0000035P   3272
0.05050476532981211D0,-0.735216441758417D0,                      0000035P   3273
-0.1637879372260876D0,0.04346419142050837D0,                     0000035P   3274
-0.7352164417584167D0,-0.1657958935861721D0,                     0000035P   3275
0.03669879475577796D0,-0.7352164417584174D0,                     0000035P   3276
-0.1676334415492272D0,0.03016092061067201D0,                     0000035P   3277
-0.7352164417584166D0,-0.1693345173941774D0,                     0000035P   3278
0.02378888061945438D0,-0.7352164417584176D0,                     0000035P   3279
-0.1709045886333829D0,0.01761801092797821D0,                     0000035P   3280
-0.7352164417584161D0,-0.1723474154856586D0,                     0000035P   3281
0.01167876565453498D0,-0.7352164417584177D0,                     0000035P   3282
-0.1737066133938368D0,0.005847747351044674D0,                    0000035P   3283
-0.7352164417584162D0,-0.1745736990305131D0,                     0000035P   3284
0.001961591259682794D0,-0.7352164417584167D0,-0.175D0,0.0D0,     0000035P   3285
-0.7200249226609132D0,0.0D0,0.2186888329055601D0,                0000035P   3286
-0.7200249226609123D0,-0.00418440373600933D0,                    0000035P   3287
0.2186895202711528D0,-0.720024922660913D0,                       0000035P   3288
-0.01255317836363275D0,0.2181088098589298D0,                     0000035P   3289
-0.720024922660914D0,-0.02505068272013218D0,                     0000035P   3290
0.2155137350556625D0,-0.7200249226609132D0,                      0000035P   3291
-0.03744007012399259D0,0.2112397630883007D0,                     0000035P   3292
-0.7200249226609139D0,-0.04967426637055346D0,                    0000035P   3293
0.2053554351030076D0,-0.7200249226609127D0,                      0000035P   3294
-0.06171439445354128D0,0.1979515784439037D0,                     0000035P   3295
-0.7200249226609134D0,-0.07352434404389466D0,                    0000035P   3296
0.1891293585212354D0,-0.7200249226609127D0,                      0000035P   3297
-0.08507127381394605D0,0.1790002124968331D0,                     0000035P   3298
-0.7200249226609137D0,-0.09628184401795839D0,                    0000035P   3299
0.1676986151971914D0,-0.7200249226609124D0,                      0000035P   3300
-0.1070455677718269D0,0.1554015035131802D0,                      0000035P   3301
-0.7200249226609139D0,-0.1170698572746269D0,                     0000035P   3302
0.1424807002726758D0,-0.720024922660913D0,-0.1260554103372745D0, 0000035P   3303
0.1294575885542595D0,-0.7200249226609143D0,-0.133672376758327D0, 0000035P   3304
0.1170300951234841D0,-0.7200249226609126D0,                      0000035P   3305
-0.1399814215799958D0,0.1055086253475265D0,                      0000035P   3306
-0.7200249226609134D0,-0.1451645230739606D0,                     0000035P   3307
0.09498553666388192D0,-0.720024922660913D0,                      0000035P   3308
-0.1494920183686553D0,0.08530504853522494D0,                     0000035P   3309
-0.7200249226609136D0,-0.1531602752272629D0,                     0000035P   3310
0.07633053011729755D0,-0.7200249226609134D0,                     0000035P   3311
-0.1563299597398514D0,0.06792256372385305D0,                     0000035P   3312
-0.7200249226609129D0,-0.1591065557105764D0,                     0000035P   3313
0.05997521672901757D0,-0.7200249226609131D0,                     0000035P   3314
-0.1615728471294186D0,0.05240474847371054D0,                     0000035P   3315
-0.720024922660913D0,-0.1637879383589608D0,                      0000035P   3316
0.04515192026418134D0,-0.7200249226609128D0,                     0000035P   3317
-0.1657959734294588D0,0.03816470186303301D0,                     0000035P   3318
-0.7200249226609132D0,-0.1676335766002201D0,                     0000035P   3319
0.03139680104016822D0,-0.7200249226609132D0,                     0000035P   3320
-0.1693340822499115D0,0.02478880164456915D0,                     0000035P   3321
-0.7200249226609137D0,-0.1709040812629382D0,                     0000035P   3322
0.0183752689132773D0,-0.7200249226609129D0,                      0000035P   3323
-0.1723482973291687D0,0.01218599001881416D0,                     0000035P   3324
-0.7200249226609126D0,-0.173708599083341D0,                      0000035P   3325
0.006101344775648032D0,-0.7200249226609136D0,                    0000035P   3326
-0.1745748995022571D0,0.002045811337352181D0,                    0000035P   3327
-0.7200249226609132D0,-0.1749999999999999D0,0.0D0,               0000035P   3328
-0.7048436681400402D0,0.0D0,0.2202755976958665D0,                0000035P   3329
-0.7048436681400403D0,-0.004184403989191272D0,                   0000035P   3330
0.2202758904890825D0,-0.7048436681400397D0,                      0000035P   3331
-0.0125531785477922D0,0.219704431983118D0,-0.7048436681400407D0, 0000035P   3332
-0.02505068260212947D0,0.2171507361847035D0,                     0000035P   3333
-0.7048436681400405D0,-0.03744007013298935D0,                    0000035P   3334
0.2129440251080852D0,-0.7048436681400394D0,                      0000035P   3335
-0.04967426638954481D0,0.2071526205399706D0,                     0000035P   3336
-0.7048436681400416D0,-0.06171439444528701D0,                    0000035P   3337
0.1998657246103645D0,-0.7048436681400405D0,                      0000035P   3338
-0.07352434404248892D0,0.1911822468234665D0,                     0000035P   3339
-0.7048436681400402D0,-0.0850712738167763D0,0.181211147533644D0, 0000035P   3340
-0.7048436681400403D0,-0.09628184401870704D0,                    0000035P   3341
0.1700801928938718D0,-0.7048436681400403D0,                      0000035P   3342
-0.1070455677641829D0,0.1579564726371748D0,                      0000035P   3343
-0.7048436681400407D0,-0.1170698572821557D0,                     0000035P   3344
0.1451888564461546D0,-0.7048436681400398D0,                      0000035P   3345
-0.1260554103637934D0,0.1322768344733344D0,                      0000035P   3346
-0.7048436681400398D0,-0.1336723766731431D0,                     0000035P   3347
0.1198948155428607D0,-0.704843668140041D0,-0.1399814216015459D0, 0000035P   3348
0.1083561883851714D0,-0.7048436681400403D0,                      0000035P   3349
-0.1451645235204884D0,0.09776122662212672D0,                     0000035P   3350
-0.704843668140041D0,-0.1494920174512906D0,                      0000035P   3351
0.08796674607261944D0,-0.7048436681400408D0,                     0000035P   3352
-0.153160275071455D0,0.07884606507159406D0,                      0000035P   3353
-0.7048436681400407D0,-0.1563299675978929D0,                     0000035P   3354
0.07026840495305912D0,-0.7048436681400403D0,                     0000035P   3355
-0.1591065505203192D0,0.0621315928271535D0,                      0000035P   3356
-0.7048436681400396D0,-0.1615728239469605D0,                     0000035P   3357
0.0543559069994914D0,-0.7048436681400405D0,                      0000035P   3358
-0.1637879394692359D0,0.04688607058405685D0,                     0000035P   3359
-0.7048436681400406D0,-0.1657960516800768D0,                     0000035P   3360
0.0396716710814283D0,-0.7048436681400405D0,                      0000035P   3361
-0.1676337089572929D0,0.03266794182828022D0,                     0000035P   3362
-0.7048436681400408D0,-0.1693336557856564D0,                     0000035P   3363
0.02581772906341707D0,-0.704843668140041D0,                      0000035P   3364
-0.1709035840132313D0,0.01915478061602086D0,                     0000035P   3365
-0.7048436681400401D0,-0.1723491615821649D0,                     0000035P   3366
0.0127082013325596D0,-0.7048436681400405D0,                      0000035P   3367
-0.1737105451634375D0,0.00636241802550105D0,                     0000035P   3368
-0.7048436681400403D0,-0.1745760760276721D0,                     0000035P   3369
0.002132496094956687D0,-0.7048436681400403D0,-0.175D0,0.0D0,     0000035P   3370
-0.6896732502440219D0,0.0D0,0.2217793819388678D0,                0000035P   3371
-0.6896732502440216D0,-0.004184404241012176D0,                   0000035P   3372
0.2217793024485603D0,-0.6896732502440222D0,                      0000035P   3373
-0.01255317873096155D0,0.2212178705472972D0,                     0000035P   3374
-0.6896732502440222D0,-0.02505068248476119D0,                    0000035P   3375
0.2187092492441124D0,-0.6896732502440217D0,                      0000035P   3376
-0.03744007014193838D0,0.2145760726707256D0,                     0000035P   3377
-0.6896732502440223D0,-0.04967426640843246D0,                    0000035P   3378
0.2088860808456136D0,-0.6896732502440208D0,                      0000035P   3379
-0.0617143944370768D0,0.201726801126555D0,-0.6896732502440219D0, 0000035P   3380
-0.07352434404109988D0,0.1931947960945055D0,                     0000035P   3381
-0.6896732502440219D0,-0.08507127381957581D0,                    0000035P   3382
0.1833962428668909D0,-0.6896732502440224D0,                      0000035P   3383
-0.09628184401943236D0,0.1724518363808752D0,                     0000035P   3384
-0.689673250244022D0,-0.1070455677566945D0,0.1605183356784379D0, 0000035P   3385
-0.6896732502440215D0,-0.117069857289531D0,0.1479202326846968D0, 0000035P   3386
-0.6896732502440215D0,-0.1260554103897623D0,                     0000035P   3387
0.1351337299719691D0,-0.6896732502440233D0,                      0000035P   3388
-0.1336723765897235D0,0.1228082403508253D0,                      0000035P   3389
-0.6896732502440208D0,-0.1399814216226495D0,                     0000035P   3390
0.1112598546537945D0,-0.6896732502440224D0,                      0000035P   3391
-0.1451645239577677D0,0.1005970004525746D0,                      0000035P   3392
-0.6896732502440218D0,-0.1494920165529266D0,                     0000035P   3393
0.0906902995509466D0,-0.6896732502440219D0,                      0000035P   3394
-0.1531602749188742D0,0.08142326812938629D0,                     0000035P   3395
-0.6896732502440224D0,-0.1563299752931737D0,                     0000035P   3396
0.07267380149409337D0,-0.6896732502440218D0,                     0000035P   3397
-0.1591065454375661D0,0.06434451303019048D0,                     0000035P   3398
-0.6896732502440219D0,-0.1615728012446727D0,                     0000035P   3399
0.05635987156427906D0,-0.6896732502440222D0,                     0000035P   3400
-0.1637879405565143D0,0.04866804833463828D0,                     0000035P   3401
-0.6896732502440213D0,-0.1657961283099156D0,                     0000035P   3402
0.0412208003815239D0,-0.6896732502440222D0,                      0000035P   3403
-0.1676338385728975D0,0.03397522707145625D0,                     0000035P   3404
-0.6896732502440218D0,-0.1693332381546132D0,                     0000035P   3405
0.02687642031576735D0,-0.6896732502440219D0,                     0000035P   3406
-0.1709030970628921D0,0.01995719021265643D0,                     0000035P   3407
-0.6896732502440224D0,-0.1723500079341766D0,                     0000035P   3408
0.01324585724830071D0,-0.6896732502440208D0,                     0000035P   3409
-0.1737124509350257D0,0.006631197974847979D0,                    0000035P   3410
-0.6896732502440226D0,-0.1745772281841081D0,                     0000035P   3411
0.002221718596764907D0,-0.6896732502440215D0,-0.175D0,0.0D0,     0000035P   3412
-0.674514331299646D0,0.0D0,0.2231976782303267D0,                 0000035P   3413
-0.674514331299646D0,-0.004184404506772814D0,                    0000035P   3414
0.2231974084097481D0,-0.6745143312996459D0,                      0000035P   3415
-0.01255317892426966D0,0.2226467236586569D0,                     0000035P   3416
-0.6745143312996468D0,-0.02505068236089639D0,                    0000035P   3417
0.2201868041282082D0,-0.6745143312996462D0,                      0000035P   3418
-0.03744007015138575D0,0.2161338123015829D0,                     0000035P   3419
-0.674514331299646D0,-0.04967426642835766D0,                     0000035P   3420
0.2105540439616818D0,-0.6745143312996471D0,                      0000035P   3421
-0.06171439442841155D0,0.2035333917819246D0,                     0000035P   3422
-0.6745143312996459D0,-0.07352434403967717D0,                    0000035P   3423
0.1951660596099183D0,-0.6745143312996461D0,                      0000035P   3424
-0.08507127382245562D0,0.1855549981940349D0,                     0000035P   3425
-0.6745143312996459D0,-0.09628184402010397D0,                    0000035P   3426
0.1748135219732247D0,-0.6745143312996462D0,-0.107045567749351D0, 0000035P   3427
0.1630876964544135D0,-0.6745143312996473D0,                      0000035P   3428
-0.1170698572967619D0,0.1506759903879042D0,-0.674514331299646D0, 0000035P   3429
-0.1260554104151798D0,0.1380298764456747D0,                      0000035P   3430
-0.6745143312996453D0,-0.1336723765080693D0,                     0000035P   3431
0.1257724634897295D0,-0.6745143312996461D0,                      0000035P   3432
-0.1399814216433074D0,0.1142219840304139D0,-0.674514331299646D0, 0000035P   3433
-0.1451645243857831D0,0.1034951416197925D0,                      0000035P   3434
-0.6745143312996461D0,-0.1494920156735941D0,                     0000035P   3435
0.09347809084856415D0,-0.674514331299646D0,                      0000035P   3436
-0.1531602747695258D0,0.08406458198052486D0,                     0000035P   3437
-0.6745143312996462D0,-0.1563299828254333D0,                     0000035P   3438
0.07514087131875975D0,-0.6745143312996459D0,                     0000035P   3439
-0.1591065404624891D0,0.06661602603144319D0,                     0000035P   3440
-0.674514331299646D0,-0.1615727790233232D0,0.058418820339354D0,  0000035P   3441
-0.6745143312996464D0,-0.1637879416207589D0,                     0000035P   3442
0.05049976269091108D0,-0.6745143312996464D0,                     0000035P   3443
-0.1657962033163853D0,0.04281363056856161D0,                     0000035P   3444
-0.6745143312996462D0,-0.1676339654426524D0,                     0000035P   3445
0.03531991879133133D0,-0.6745143312996461D0,                     0000035P   3446
-0.1693328293709002D0,0.027965948521375D0,-0.6745143312996474D0, 0000035P   3447
-0.1709026204283818D0,0.02078339109258307D0,                     0000035P   3448
-0.6745143312996449D0,-0.1723508363565928D0,                     0000035P   3449
0.01379958557284148D0,-0.6745143312996464D0,                     0000035P   3450
-0.1737143163336801D0,0.006908000443547867D0,                    0000035P   3451
-0.6745143312996458D0,-0.1745783559326162D0,                     0000035P   3452
0.00231357956232756D0,-0.674514331299646D0,-0.175D0,0.0D0,       0000035P   3453
-0.6593665341932904D0,0.0D0,0.2245391404604432D0,                0000035P   3454
-0.6593665341932906D0,-0.004184404814228939D0,                   0000035P   3455
0.2245388023805504D0,-0.6593665341932901D0,                      0000035P   3456
-0.01255317914790458D0,0.2239996213718901D0,                     0000035P   3457
-0.6593665341932915D0,-0.02505068221759935D0,                    0000035P   3458
0.2215918239801993D0,-0.6593665341932906D0,                      0000035P   3459
-0.03744007016232227D0,0.2176249702237179D0,                     0000035P   3460
-0.6593665341932912D0,-0.04967426645139035D0,                    0000035P   3461
0.2121635078760995D0,-0.6593665341932902D0,                      0000035P   3462
-0.06171439441838526D0,0.205291622122725D0,                      0000035P   3463
-0.6593665341932906D0,-0.07352434403813266D0,                    0000035P   3464
0.1971010448037789D0,-0.6593665341932902D0,                      0000035P   3465
-0.08507127382561229D0,0.1876912548935047D0,                     0000035P   3466
-0.6593665341932911D0,-0.09628184402066194D0,                    0000035P   3467
0.1771678318522669D0,-0.6593665341932908D0,                      0000035P   3468
-0.1070455677421631D0,0.165665659850522D0,-0.6593665341932905D0, 0000035P   3469
-0.1170698573038349D0,0.1534558156839978D0,                      0000035P   3470
-0.6593665341932903D0,-0.1260554104399356D0,                     0000035P   3471
0.1409637296963437D0,-0.6593665341932912D0,                      0000035P   3472
-0.1336723764285241D0,0.128784857543298D0,-0.6593665341932899D0, 0000035P   3473
-0.1399814216634326D0,0.1172392679547278D0,                      0000035P   3474
-0.6593665341932911D0,-0.1451645248027191D0,                     0000035P   3475
0.1064521345960519D0,-0.6593665341932907D0,                      0000035P   3476
-0.1494920148170235D0,0.09632628111756357D0,                     0000035P   3477
-0.6593665341932909D0,-0.1531602746240434D0,                     0000035P   3478
0.08676597002439382D0,-0.6593665341932909D0,                     0000035P   3479
-0.156329990162712D0,0.07766590579609348D0,                      0000035P   3480
-0.6593665341932909D0,-0.1591065356161974D0,                     0000035P   3481
0.06894252506282703D0,-0.6593665341932895D0,                     0000035P   3482
-0.1615727573771977D0,0.06052906777402325D0,                     0000035P   3483
-0.6593665341932911D0,-0.1637879426574549D0,                     0000035P   3484
0.05237793040522379D0,-0.6593665341932902D0,                     0000035P   3485
-0.165796276381228D0,0.04444740188352867D0,                      0000035P   3486
-0.6593665341932912D0,-0.1676340890282414D0,                     0000035P   3487
0.03669968349364242D0,-0.6593665341932908D0,                     0000035P   3488
-0.1693324311690128D0,0.02908434295144992D0,                     0000035P   3489
-0.6593665341932903D0,-0.1709021561320907D0,                     0000035P   3490
0.02163179393118315D0,-0.6593665341932914D0,                     0000035P   3491
-0.1723516433343648D0,0.01436828829013299D0,                     0000035P   3492
-0.6593665341932899D0,-0.1737161334443958D0,                     0000035P   3493
0.007192276671383709D0,-0.6593665341932906D0,                    0000035P   3494
-0.174579454488088D0,0.00240790243531352D0,                      0000035P   3495
-0.6593665341932905D0,-0.175D0,0.0D0,-0.6442293696277843D0,      0000035P   3496
0.0D0,0.2258120990672449D0,-0.6442293696277852D0,                0000035P   3497
-0.004184405188083318D0,0.2258117585104294D0,                    0000035P   3498
-0.6442293696277842D0,-0.01255317941983361D0,                    0000035P   3499
0.2252848669149956D0,-0.6442293696277847D0,                      0000035P   3500
-0.02505068204335736D0,0.2229324071901012D0,                     0000035P   3501
-0.644229369627785D0,-0.03744007017562977D0,                     0000035P   3502
0.2190569788119173D0,-0.644229369627784D0,                       0000035P   3503
-0.04967426647937281D0,0.2137211987010157D0,                     0000035P   3504
-0.6442293696277845D0,-0.06171439440619152D0,                    0000035P   3505
0.207007370233038D0,-0.6442293696277844D0,                       0000035P   3506
-0.07352434403638822D0,0.1990045487996161D0,                     0000035P   3507
-0.6442293696277843D0,-0.08507127382922068D0,                    0000035P   3508
0.1898086750113091D0,-0.6442293696277844D0,                      0000035P   3509
-0.09628184402105222D0,0.1795172007605929D0,                     0000035P   3510
-0.6442293696277843D0,-0.1070455677351419D0,                     0000035P   3511
0.1682532324694515D0,-0.6442293696277848D0,                      0000035P   3512
-0.1170698573107376D0,0.1562593418190354D0,                      0000035P   3513
-0.6442293696277842D0,-0.1260554104639253D0,                     0000035P   3514
0.1439337286984292D0,-0.6442293696277843D0,                      0000035P   3515
-0.1336723763514139D0,0.1318428169740498D0,                      0000035P   3516
-0.6442293696277847D0,-0.1399814216829434D0,0.120308442584725D0, 0000035P   3517
-0.6442293696277842D0,-0.1451645252068599D0,                     0000035P   3518
0.1094645088759308D0,-0.6442293696277848D0,                      0000035P   3519
-0.1494920139867395D0,0.09923109405244357D0,                     0000035P   3520
-0.644229369627784D0,-0.1531602744830263D0,0.0895234739349991D0, 0000035P   3521
-0.6442293696277843D0,-0.1563299972748186D0,                     0000035P   3522
0.08024525847494433D0,-0.6442293696277837D0,                     0000035P   3523
-0.1591065309186324D0,0.07132046617480706D0,                     0000035P   3524
-0.6442293696277847D0,-0.1615727363953656D0,                     0000035P   3525
0.06268700681821394D0,-0.6442293696277842D0,                     0000035P   3526
-0.1637879436623355D0,0.05429933827452788D0,                     0000035P   3527
-0.6442293696277845D0,-0.165796347203801D0,                      0000035P   3528
0.04611940827196206D0,-0.6442293696277844D0,                     0000035P   3529
-0.1676342088211409D0,0.03811222852364785D0,                     0000035P   3530
-0.6442293696277838D0,-0.1693320451874503D0,                     0000035P   3531
0.03022966931673899D0,-0.6442293696277851D0,                     0000035P   3532
-0.1709017060844809D0,0.02250084327070748D0,                     0000035P   3533
-0.6442293696277843D0,-0.1723524255469831D0,                     0000035P   3534
0.01495089221738203D0,-0.6442293696277843D0,                     0000035P   3535
-0.1737178947902226D0,0.007483490386775974D0,                    0000035P   3536
-0.6442293696277842D0,-0.1745805193302459D0,                     0000035P   3537
0.002504514469737107D0,-0.6442293696277841D0,-0.175D0,0.0D0,     0000035P   3538
-0.6291023747748949D0,0.0D0,0.2270254878984019D0,                0000035P   3539
-0.6291023747748943D0,-0.004184405664507389D0,                   0000035P   3540
0.227025143249257D0,-0.6291023747748952D0,                       0000035P   3541
-0.01255317976636588D0,0.2265113850438249D0,                     0000035P   3542
-0.6291023747748961D0,-0.02505068182131256D0,                    0000035P   3543
0.2242172859629087D0,-0.6291023747748956D0,                      0000035P   3544
-0.0374400701925994D0,0.2204378308596197D0,                      0000035P   3545
-0.6291023747748963D0,-0.04967426651500249D0,                    0000035P   3546
0.2152343746848388D0,-0.6291023747748945D0,                      0000035P   3547
-0.06171439439064997D0,0.208687021787695D0,                      0000035P   3548
-0.6291023747748952D0,-0.07352434403432805D0,                    0000035P   3549
0.2008818177658391D0,-0.6291023747748952D0,                      0000035P   3550
-0.08507127383353802D0,0.1919113434447395D0,                     0000035P   3551
-0.6291023747748954D0,-0.09628184402119758D0,                    0000035P   3552
0.1818644651215471D0,-0.6291023747748954D0,                      0000035P   3553
-0.1070455677282959D0,0.1708517452435523D0,                      0000035P   3554
-0.6291023747748956D0,-0.1170698573174573D0,                     0000035P   3555
0.1590864595660005D0,-0.6291023747748953D0,                      0000035P   3556
-0.1260554104870257D0,0.1469385260554962D0,                      0000035P   3557
-0.6291023747748954D0,-0.1336723762771227D0,                     0000035P   3558
0.1349438787963432D0,-0.6291023747748954D0,                      0000035P   3559
-0.1399814217017439D0,0.1234263518159146D0,                      0000035P   3560
-0.6291023747748953D0,-0.1451645255961702D0,0.112528927340473D0, 0000035P   3561
-0.6291023747748954D0,-0.1494920131869231D0,                     0000035P   3562
0.1021888368752946D0,-0.6291023747748947D0,-0.153160274347184D0, 0000035P   3563
0.09233316426388702D0,-0.6291023747748953D0,                     0000035P   3564
-0.1563300041259328D0,0.08287536173638824D0,                     0000035P   3565
-0.6291023747748953D0,-0.1591065263934536D0,                     0000035P   3566
0.07374636928095955D0,-0.6291023747748948D0,                     0000035P   3567
-0.1615727161835029D0,0.0648890209515211D0,                      0000035P   3568
-0.6291023747748954D0,-0.1637879446303404D0,                     0000035P   3569
0.05626076939719628D0,-0.6291023747748945D0,                     0000035P   3570
-0.1657964154274001D0,0.04782696967179392D0,                     0000035P   3571
-0.6291023747748956D0,-0.1676343242180044D0,                     0000035P   3572
0.03955530222148086D0,-0.6291023747748956D0,                     0000035P   3573
-0.1693316733702404D0,0.03140001738451641D0,                     0000035P   3574
-0.6291023747748954D0,-0.1709012725522526D0,                     0000035P   3575
0.02338898168691114D0,-0.6291023747748956D0,                     0000035P   3576
-0.1723531790547719D0,0.01554631584016013D0,                     0000035P   3577
-0.6291023747748947D0,-0.1737195915000021D0,                     0000035P   3578
0.007781100805170057D0,-0.6291023747748952D0,                    0000035P   3579
-0.174581545095928D0,0.002603242493103114D0,                     0000035P   3580
-0.6291023747748949D0,-0.1749999999999999D0,0.0D0,               0000035P   3581
-0.6139849702638055D0,0.0D0,0.2281845872525295D0,                0000035P   3582
-0.6139849702638044D0,-0.004184406214177981D0,                   0000035P   3583
0.2281842337995466D0,-0.6139849702638058D0,                      0000035P   3584
-0.01255318016617327D0,0.2276843461001384D0,                     0000035P   3585
-0.6139849702638056D0,-0.02505068156513115D0,                    0000035P   3586
0.2254513770244279D0,-0.6139849702638055D0,                      0000035P   3587
-0.03744007021218465D0,0.221772140746866D0,                      0000035P   3588
-0.6139849702638052D0,-0.04967426655609229D0,                    0000035P   3589
0.2167071008967441D0,-0.6139849702638055D0,                      0000035P   3590
-0.06171439437271735D0,0.2103339388637915D0,                     0000035P   3591
-0.6139849702638056D0,-0.07352434403204838D0,                    0000035P   3592
0.2027354435733645D0,-0.6139849702638048D0,                      0000035P   3593
-0.08507127383835154D0,0.1940008807717149D0,                     0000035P   3594
-0.6139849702638055D0,-0.09628184402115546D0,                    0000035P   3595
0.1842101622307858D0,-0.6139849702638058D0,                      0000035P   3596
-0.1070455677216489D0,0.1734607175025844D0,                      0000035P   3597
-0.6139849702638051D0,-0.1170698573239738D0,                     0000035P   3598
0.1619356744186617D0,-0.6139849702638049D0,                      0000035P   3599
-0.1260554105092269D0,0.1499756801025485D0,                      0000035P   3600
-0.6139849702638061D0,-0.133672376205692D0,0.1380849228892027D0, 0000035P   3601
-0.6139849702638049D0,-0.1399814217198227D0,                     0000035P   3602
0.1265894004061607D0,-0.6139849702638056D0,                      0000035P   3603
-0.1451645259704469D0,0.1156414744721588D0,                      0000035P   3604
-0.6139849702638051D0,-0.1494920124179914D0,                     0000035P   3605
0.1051955278237506D0,-0.6139849702638056D0,                      0000035P   3606
-0.1531602742165879D0,0.09519113411211172D0,                     0000035P   3607
-0.6139849702638052D0,-0.1563300107124881D0,                     0000035P   3608
0.0855523743267077D0,-0.6139849702638052D0,                      0000035P   3609
-0.1591065220430165D0,0.07621655818697687D0,                     0000035P   3610
-0.6139849702638055D0,-0.1615726967521303D0,                     0000035P   3611
0.06713170992772174D0,-0.6139849702638048D0,                     0000035P   3612
-0.1637879455609649D0,0.05825917190328153D0,                     0000035P   3613
-0.6139849702638053D0,-0.1657964810165155D0,                     0000035P   3614
0.04956738133239416D0,-0.6139849702638056D0,                     0000035P   3615
-0.1676344351587676D0,0.04102652572453271D0,                     0000035P   3616
-0.6139849702638049D0,-0.1693313159109144D0,                     0000035P   3617
0.03259342828429788D0,-0.6139849702638056D0,                     0000035P   3618
-0.1709008557610613D0,0.02429473164788959D0,                     0000035P   3619
-0.6139849702638051D0,-0.1723539034655278D0,                     0000035P   3620
0.01615357174302066D0,-0.6139849702638053D0,                     0000035P   3621
-0.1737212226905908D0,0.008084616134679831D0,                    0000035P   3622
-0.6139849702638052D0,-0.1745825312512189D0,                     0000035P   3623
0.002703923379430206D0,-0.6139849702638052D0,-0.175D0,0.0D0,     0000035P   3624
-0.5988764385343653D0,0.0D0,0.2292927041719749D0,                0000035P   3625
-0.598876438534366D0,-0.004184406774748853D0,                    0000035P   3626
0.2292923679021854D0,-0.5988764385343657D0,                      0000035P   3627
-0.01255318057390866D0,0.22880689854697D0,-0.5988764385343658D0, 0000035P   3628
-0.02505068130386977D0,0.22663754520662D0,-0.5988764385343657D0, 0000035P   3629
-0.03744007023216014D0,0.2230626945312027D0,                     0000035P   3630
-0.5988764385343659D0,-0.04967426659799157D0,                    0000035P   3631
0.218141713877558D0,-0.5988764385343656D0,                       0000035P   3632
-0.06171439435442883D0,0.2119498481859466D0,                     0000035P   3633
-0.5988764385343659D0,-0.07352434402975155D0,                    0000035P   3634
0.2045665762990648D0,-0.5988764385343652D0,                      0000035P   3635
-0.08507127384321228D0,0.1960775730290144D0,                     0000035P   3636
-0.5988764385343652D0,-0.0962818440210516D0,0.186553590756354D0, 0000035P   3637
-0.5988764385343655D0,-0.1070455677152331D0,                     0000035P   3638
0.1760786836932171D0,-0.5988764385343661D0,                      0000035P   3639
-0.1170698573302607D0,0.1648047324540884D0,                      0000035P   3640
-0.5988764385343649D0,-0.1260554105305783D0,                     0000035P   3641
0.1530421503750233D0,-0.5988764385343661D0,                      0000035P   3642
-0.1336723761369836D0,0.1412624625537986D0,                      0000035P   3643
-0.5988764385343652D0,-0.139981421737213D0,0.1297937442328791D0, 0000035P   3644
-0.5988764385343659D0,-0.1451645263304465D0,                     0000035P   3645
0.1187979191104488D0,-0.5988764385343659D0,                      0000035P   3646
-0.1494920116783917D0,0.1082470200630953D0,                      0000035P   3647
-0.5988764385343649D0,-0.1531602740909737D0,                     0000035P   3648
0.09809347241478372D0,-0.5988764385343657D0,                     0000035P   3649
-0.1563300170477855D0,0.08827230099746583D0,                     0000035P   3650
-0.5988764385343657D0,-0.1591065178585358D0,                     0000035P   3651
0.07872724830412955D0,-0.5988764385343652D0,                     0000035P   3652
-0.1615726780620079D0,0.06941178288366326D0,                     0000035P   3653
-0.5988764385343661D0,-0.1637879464560893D0,                     0000035P   3654
0.06029157378341608D0,-0.598876438534365D0,                      0000035P   3655
-0.1657965441035962D0,0.05133791956015651D0,                     0000035P   3656
-0.5988764385343656D0,-0.167634541867463D0,                      0000035P   3657
0.04252345363298325D0,-0.5988764385343657D0,                     0000035P   3658
-0.1693309720876232D0,0.03380791798755078D0,                     0000035P   3659
-0.5988764385343658D0,-0.1709004548692427D0,                     0000035P   3660
0.02521665543827202D0,-0.5988764385343657D0,                     0000035P   3661
-0.1723546002421179D0,0.0167717197829827D0,-0.598876438534365D0, 0000035P   3662
-0.1737227916559983D0,0.008393569196584301D0,                    0000035P   3663
-0.5988764385343648D0,-0.1745834797875509D0,                     0000035P   3664
0.002806399011814298D0,-0.5988764385343653D0,                    0000035P   3665
-0.1749999999999999D0,0.0D0,-0.5837760858435421D0,0.0D0,         0000035P   3666
0.2303536177647978D0,-0.5837760858435417D0,                      0000035P   3667
-0.00418440728555227D0,0.2303533494741904D0,                     0000035P   3668
-0.5837760858435421D0,-0.01255318094544569D0,                    0000035P   3669
0.2298826591061937D0,-0.583776085843543D0,                       0000035P   3670
-0.02505068106580297D0,0.2277791264566789D0,                     0000035P   3671
-0.5837760858435423D0,-0.03744007025036068D0,                    0000035P   3672
0.2243127351177941D0,-0.5837760858435422D0,                      0000035P   3673
-0.04967426663617552D0,0.2195409909467625D0,                     0000035P   3674
-0.5837760858435423D0,-0.06171439433776434D0,                    0000035P   3675
0.2135368997595222D0,-0.5837760858435426D0,                      0000035P   3676
-0.07352434402763491D0,0.2063767701348362D0,                     0000035P   3677
-0.5837760858435417D0,-0.08507127384768222D0,                    0000035P   3678
0.198142084205256D0,-0.583776085843543D0,-0.09628184402100839D0, 0000035P   3679
0.1888943995081143D0,-0.5837760858435422D0,-0.107045567709081D0, 0000035P   3680
0.1787045087956354D0,-0.5837760858435426D0,                      0000035P   3681
-0.1170698573362918D0,0.1676916829383259D0,                      0000035P   3682
-0.5837760858435425D0,-0.1260554105511215D0,                     0000035P   3683
0.1561351621290505D0,-0.5837760858435418D0,                      0000035P   3684
-0.1336723760708868D0,0.1444732384033252D0,                      0000035P   3685
-0.5837760858435429D0,-0.1399814217539419D0,                     0000035P   3686
0.1330357420281789D0,-0.5837760858435423D0,                      0000035P   3687
-0.1451645266767742D0,0.1219942270499335D0,                      0000035P   3688
-0.5837760858435425D0,-0.1494920109668804D0,                     0000035P   3689
0.1113393410703897D0,-0.5837760858435421D0,-0.15316027397013D0,  0000035P   3690
0.101036419576445D0,-0.5837760858435423D0,-0.1563300231424865D0, 0000035P   3691
0.09103130140663884D0,-0.583776085843543D0,                      0000035P   3692
-0.1591065138329699D0,0.08127478085004822D0,                     0000035P   3693
-0.5837760858435419D0,-0.1615726600816822D0,                     0000035P   3694
0.07172602602559747D0,-0.5837760858435417D0,                     0000035P   3695
-0.1637879473172192D0,0.06235508458886552D0,                     0000035P   3696
-0.5837760858435426D0,-0.1657966047948129D0,                     0000035P   3697
0.05313594755695388D0,-0.5837760858435425D0,                     0000035P   3698
-0.1676346445236718D0,0.04404370706254498D0,                     0000035P   3699
-0.5837760858435417D0,-0.1693306413217426D0,                     0000035P   3700
0.03504155128217756D0,-0.5837760858435428D0,                     0000035P   3701
-0.1709000692021322D0,0.02615334980528999D0,                     0000035P   3702
-0.5837760858435419D0,-0.1723552705571555D0,                     0000035P   3703
0.01739984158292927D0,-0.5837760858435423D0,                     0000035P   3704
-0.1737243010366529D0,0.008707503640864703D0,                    0000035P   3705
-0.5837760858435417D0,-0.1745843923012262D0,                     0000035P   3706
0.002910515083371566D0,-0.5837760858435422D0,-0.175D0,0.0D0,     0000035P   3707
-0.5686831213760744D0,0.0D0,0.2313708270955104D0,                0000035P   3708
-0.5686831213760747D0,-0.004184407711520591D0,                   0000035P   3709
0.2313706948622301D0,-0.5686831213760738D0,                      0000035P   3710
-0.01255318125527811D0,0.2309150313961101D0,                     0000035P   3711
-0.568683121376075D0,-0.02505068086727407D0,0.228879270409091D0, 0000035P   3712
-0.5686831213760741D0,-0.03744007026553446D0,                    0000035P   3713
0.2255251767011581D0,-0.5686831213760748D0,                      0000035P   3714
-0.04967426666802829D0,0.220907374276713D0,                      0000035P   3715
-0.5686831213760744D0,-0.06171439432386828D0,                    0000035P   3716
0.2150969204415042D0,-0.5686831213760741D0,                      0000035P   3717
-0.0735243440258127D0,0.208167181599232D0,-0.5686831213760745D0, 0000035P   3718
-0.08507127385150846D0,0.2001947262495003D0,                     0000035P   3719
-0.5686831213760738D0,-0.09628184402109592D0,                    0000035P   3720
0.1912319529967031D0,-0.5686831213760745D0,                      0000035P   3721
-0.1070455677032127D0,0.1813366524924901D0,                      0000035P   3722
-0.5686831213760748D0,-0.1170698573420504D0,                     0000035P   3723
0.1705941084298053D0,-0.5686831213760732D0,                      0000035P   3724
-0.1260554105708769D0,0.1592515147318182D0,                      0000035P   3725
-0.5686831213760756D0,-0.1336723760073464D0,                     0000035P   3726
0.1477135303022392D0,-0.5686831213760739D0,-0.139981421770022D0, 0000035P   3727
0.1363112997106741D0,-0.5686831213760746D0,-0.145164527009738D0, 0000035P   3728
0.1252260116739806D0,-0.5686831213760745D0,-0.149492010282824D0, 0000035P   3729
0.1144681181354637D0,-0.5686831213760746D0,                      0000035P   3730
-0.1531602738539489D0,0.1040157533306512D0,-0.568683121376074D0, 0000035P   3731
-0.1563300290020135D0,0.09382519789479538D0,                     0000035P   3732
-0.5686831213760742D0,-0.1591065099627367D0,                     0000035P   3733
0.08385523052464644D0,-0.5686831213760741D0,                     0000035P   3734
-0.1615726427951577D0,0.07407094287831298D0,                     0000035P   3735
-0.5686831213760744D0,-0.163787948145121D0,                      0000035P   3736
0.06444652545163422D0,-0.5686831213760739D0,                     0000035P   3737
-0.165796663144157D0,0.05495859724538833D0,                      0000035P   3738
-0.5686831213760744D0,-0.1676347432187182D0,                     0000035P   3739
0.04558479278345504D0,-0.5686831213760748D0,                     0000035P   3740
-0.1693303233190206D0,0.03629229517843959D0,                     0000035P   3741
-0.5686831213760741D0,-0.1708996984166361D0,                     0000035P   3742
0.0271032911848146D0,-0.5686831213760744D0,                      0000035P   3743
-0.1723559150069589D0,0.01803692384360599D0,                     0000035P   3744
-0.5686831213760746D0,-0.1737257521753146D0,                     0000035P   3745
0.009025914881970772D0,-0.5686831213760739D0,                    0000035P   3746
-0.1745852696040251D0,0.003016103405536932D0,                    0000035P   3747
-0.5686831213760741D0,-0.1749999999999999D0,0.0D0,               0000035P   3748
-0.5535964498431032D0,0.0D0,0.2323474698407571D0,                0000035P   3749
-0.5535964498431039D0,-0.004184408098116659D0,                   0000035P   3750
0.2323475314563069D0,-0.5535964498431032D0,                      0000035P   3751
-0.01255318153647306D0,0.2319072625591685D0,                     0000035P   3752
-0.5535964498431039D0,-0.02505068068709496D0,                    0000035P   3753
0.2299410512042497D0,-0.5535964498431036D0,                      0000035P   3754
-0.0374400702793043D0,0.2267023967397701D0,                      0000035P   3755
-0.5535964498431036D0,-0.04967426669694082D0,                    0000035P   3756
0.2222427268567555D0,-0.5535964498431033D0,                      0000035P   3757
-0.06171439431125707D0,0.2166311693208587D0,                     0000035P   3758
-0.5535964498431039D0,-0.07352434402413714D0,                    0000035P   3759
0.2099381383302244D0,-0.5535964498431037D0,                      0000035P   3760
-0.08507127385501834D0,0.2022350874020401D0,                     0000035P   3761
-0.5535964498431036D0,-0.09628184402122214D0,                    0000035P   3762
0.1935650626017424D0,-0.5535964498431033D0,                      0000035P   3763
-0.1070455676976082D0,0.1839726091127826D0,-0.553596449843104D0, 0000035P   3764
-0.117069857347552D0,0.1735083944486725D0,-0.5535964498431039D0, 0000035P   3765
-0.1260554105897966D0,0.1623868917942156D0,                      0000035P   3766
-0.5535964498431033D0,-0.1336723759465017D0,                     0000035P   3767
0.1509783502830617D0,-0.5535964498431041D0,                      0000035P   3768
-0.1399814217854195D0,0.1396150506733269D0,                      0000035P   3769
-0.5535964498431032D0,-0.1451645273285865D0,                     0000035P   3770
0.1284879146818739D0,-0.553596449843104D0,-0.149492009627768D0,  0000035P   3771
0.1176278361461562D0,-0.5535964498431035D0,                      0000035P   3772
-0.1531602737426933D0,0.1070258943507958D0,                      0000035P   3773
-0.5535964498431034D0,-0.1563300346131351D0,                     0000035P   3774
0.0966488475036605D0,-0.5535964498431034D0,                      0000035P   3775
-0.1591065062565762D0,0.0864639045373706D0,                      0000035P   3776
-0.5535964498431032D0,-0.1615726262414673D0,                     0000035P   3777
0.07644218255153488D0,-0.5535964498431039D0,                     0000035P   3778
-0.1637879489379253D0,0.06656185163563147D0,                     0000035P   3779
-0.5535964498431032D0,-0.1657967190198757D0,                     0000035P   3780
0.05680232023956418D0,-0.5535964498431036D0,                     0000035P   3781
-0.1676348377297487D0,0.04714388895030369D0,                     0000035P   3782
-0.5535964498431029D0,-0.1693300187975059D0,                     0000035P   3783
0.03755782942516313D0,-0.5535964498431043D0,                     0000035P   3784
-0.1708993433499873D0,0.02806459155462183D0,                     0000035P   3785
-0.5535964498431036D0,-0.1723565321363627D0,                     0000035P   3786
0.01868166319722866D0,-0.5535964498431023D0,                     0000035P   3787
-0.1737271417953154D0,0.009348150871489434D0,                    0000035P   3788
-0.5535964498431037D0,-0.1745861097150007D0,                     0000035P   3789
0.003122953692387092D0,-0.5535964498431032D0,-0.175D0,0.0D0,     0000035P   3790
-0.5385149966075031D0,0.0D0,0.2332866931759645D0,                0000035P   3791
-0.5385149966075035D0,-0.004184408477687107D0,                   0000035P   3792
0.2332869988173766D0,-0.5385149966075029D0,                      0000035P   3793
-0.01255318181255766D0,0.2328625719542371D0,                     0000035P   3794
-0.5385149966075039D0,-0.02505068051019035D0,                    0000035P   3795
0.230967504416094D0,-0.5385149966075031D0,                       0000035P   3796
-0.03744007029282464D0,0.2278468152399801D0,                     0000035P   3797
-0.538514996607504D0,-0.04967426672532586D0,                     0000035P   3798
0.2235489636148871D0,-0.5385149966075036D0,                      0000035P   3799
-0.06171439429887481D0,0.2181409581241508D0,                     0000035P   3800
-0.5385149966075031D0,-0.07352434402250362D0,                    0000035P   3801
0.2116900690421039D0,-0.5385149966075031D0,                      0000035P   3802
-0.08507127385844467D0,0.2042628414256963D0,                     0000035P   3803
-0.5385149966075031D0,-0.09628184402132092D0,                    0000035P   3804
0.1958925995852053D0,-0.5385149966075037D0,                      0000035P   3805
-0.1070455676922541D0,0.1866100124049956D0,                      0000035P   3806
-0.5385149966075039D0,-0.1170698573528068D0,0.17643111141071D0,  0000035P   3807
-0.5385149966075028D0,-0.1260554106078447D0,                     0000035P   3808
0.1655371489580432D0,-0.538514996607504D0,-0.1336723758884558D0, 0000035P   3809
0.1542629101532522D0,-0.5385149966075028D0,                      0000035P   3810
-0.1399814218001091D0,0.1429418321254313D0,                      0000035P   3811
-0.5385149966075036D0,-0.1451645276327625D0,                     0000035P   3812
0.1317747347722588D0,-0.5385149966075032D0,                      0000035P   3813
-0.1494920090028548D0,0.1208131684234801D0,                      0000035P   3814
-0.5385149966075031D0,-0.153160273636557D0,0.1100614903373056D0, 0000035P   3815
-0.5385149966075031D0,-0.1563300399660518D0,                     0000035P   3816
0.09949727200443967D0,-0.5385149966075033D0,                     0000035P   3817
-0.1591065027209607D0,0.08909624005244213D0,                     0000035P   3818
-0.5385149966075025D0,-0.1615726104495224D0,                     0000035P   3819
0.07883553460603096D0,-0.538514996607503D0,                      0000035P   3820
-0.1637879496942474D0,0.06869716444362661D0,                     0000035P   3821
-0.538514996607503D0,-0.1657967723243797D0,                      0000035P   3822
0.05866368532117548D0,-0.5385149966075039D0,                     0000035P   3823
-0.1676349278916963D0,0.04871822892879735D0,                     0000035P   3824
-0.538514996607503D0,-0.1693297282890569D0,                      0000035P   3825
0.03883588253137946D0,-0.5385149966075032D0,                     0000035P   3826
-0.1708990046223229D0,0.02903542633312962D0,                     0000035P   3827
-0.5385149966075027D0,-0.1723571208675269D0,                     0000035P   3828
0.01933280698186366D0,-0.5385149966075036D0,                     0000035P   3829
-0.1737284674696337D0,0.009673585314638791D0,                    0000035P   3830
-0.5385149966075027D0,-0.1745869111668677D0,                     0000035P   3831
0.003230862975850536D0,-0.5385149966075031D0,                    0000035P   3832
-0.1749999999999999D0,0.0D0,-0.5234376666163241D0,0.0D0,         0000035P   3833
0.2341916884970544D0,-0.5234376666163236D0,                      0000035P   3834
-0.004184408889414457D0,0.2341922855814167D0,                    0000035P   3835
-0.523437666616325D0,-0.0125531821120311D0,0.233784256913195D0,  0000035P   3836
-0.5234376666163244D0,-0.02505068031829917D0,                    0000035P   3837
0.2319617477334391D0,-0.523437666616325D0,                       0000035P   3838
-0.03744007030749413D0,0.2289608841685363D0,                     0000035P   3839
-0.5234376666163244D0,-0.04967426675610589D0,                    0000035P   3840
0.2248280337423207D0,-0.523437666616324D0,                       0000035P   3841
-0.06171439428544272D0,0.2196276432778642D0,                     0000035P   3842
-0.5234376666163248D0,-0.07352434402078512D0,                    0000035P   3843
0.2134234257473054D0,-0.5234376666163245D0,                      0000035P   3844
-0.08507127386206904D0,0.2062777142686762D0,                     0000035P   3845
-0.5234376666163244D0,-0.0962818440213131D0,                     0000035P   3846
0.1982135220890062D0,-0.5234376666163243D0,                      0000035P   3847
-0.1070455676871347D0,0.1892465315301851D0,                      0000035P   3848
-0.5234376666163243D0,-0.1170698573578267D0,                     0000035P   3849
0.1793588453117313D0,-0.5234376666163246D0,                      0000035P   3850
-0.1260554106249742D0,0.1686981880299244D0,                      0000035P   3851
-0.5234376666163245D0,-0.1336723758333473D0,0.157562462602629D0, 0000035P   3852
-0.5234376666163245D0,-0.1399814218140565D0,                     0000035P   3853
0.1462865212674306D0,-0.5234376666163243D0,-0.145164527921522D0, 0000035P   3854
0.1350813331811936D0,-0.5234376666163243D0,                      0000035P   3855
-0.1494920084096143D0,0.1240188239713096D0,                      0000035P   3856
-0.5234376666163245D0,-0.1531602735358005D0,                     0000035P   3857
0.1131171903999319D0,-0.5234376666163248D0,                      0000035P   3858
-0.1563300450476635D0,0.1023655158291921D0,                      0000035P   3859
-0.5234376666163235D0,-0.159106499364543D0,                      0000035P   3860
0.09174771531612085D0,-0.5234376666163243D0,                     0000035P   3861
-0.1615725954579699D0,0.08124682690450688D0,                     0000035P   3862
-0.5234376666163241D0,-0.1637879504122364D0,                     0000035P   3863
0.07084857729576269D0,-0.5234376666163244D0,                     0000035P   3864
-0.1657968229272216D0,0.06053927142147664D0,                     0000035P   3865
-0.5234376666163242D0,-0.1676350134839149D0,                     0000035P   3866
0.05030509008232414D0,-0.5234376666163246D0,                     0000035P   3867
-0.1693294525046125D0,0.04012421530262308D0,                     0000035P   3868
-0.5234376666163248D0,-0.1708986830625847D0,                     0000035P   3869
0.03001397380329821D0,-0.5234376666163247D0,                     0000035P   3870
-0.172357679759696D0,0.01998909799135588D0,-0.523437666616324D0, 0000035P   3871
-0.1737297259540482D0,0.01000158939426045D0,                     0000035P   3872
-0.5234376666163238D0,-0.1745876719982955D0,                     0000035P   3873
0.003339628431461042D0,-0.5234376666163241D0,-0.175D0,0.0D0,     0000035P   3874
-0.5083631306286174D0,0.0D0,0.2350645320430419D0,                0000035P   3875
-0.5083631306286178D0,-0.004184409317454374D0,                   0000035P   3876
0.2350653840949652D0,-0.5083631306286169D0,                      0000035P   3877
-0.0125531824233691D0,0.2346741325092787D0,-0.508363130628618D0, 0000035P   3878
-0.02505068011880559D0,0.2329254136846724D0,                     0000035P   3879
-0.5083631306286175D0,-0.03744007032274703D0,                    0000035P   3880
0.2300460694686799D0,-0.5083631306286182D0,                      0000035P   3881
-0.04967426678809927D0,0.2260808812899811D0,                     0000035P   3882
-0.5083631306286173D0,-0.06171439427147801D0,                    0000035P   3883
0.2210914790029756D0,-0.5083631306286176D0,                      0000035P   3884
-0.07352434401903161D0,0.2151377810314317D0,                     0000035P   3885
-0.5083631306286174D0,-0.08507127386578012D0,                    0000035P   3886
0.2082782554545401D0,-0.5083631306286174D0,                      0000035P   3887
-0.09628184402123321D0,0.2005252715588064D0,                     0000035P   3888
-0.5083631306286179D0,-0.1070455676822393D0,                     0000035P   3889
0.1918789079695652D0,-0.508363130628618D0,-0.1170698573626238D0, 0000035P   3890
0.1822874849206613D0,-0.5083631306286169D0,                      0000035P   3891
-0.1260554106412646D0,0.1718648799085958D0,                      0000035P   3892
-0.5083631306286177D0,-0.1336723757809253D0,                     0000035P   3893
0.1608712682146786D0,-0.5083631306286172D0,                      0000035P   3894
-0.1399814218273247D0,0.1496430417829205D0,                      0000035P   3895
-0.5083631306286174D0,-0.1451645281961883D0,                     0000035P   3896
0.1384014701203948D0,-0.5083631306286175D0,                      0000035P   3897
-0.1494920078453272D0,0.1272387119333485D0,-0.508363130628618D0, 0000035P   3898
-0.1531602734399615D0,0.1161872172021202D0,                      0000035P   3899
-0.5083631306286165D0,-0.1563300498812606D0,0.105248083194266D0, 0000035P   3900
-0.5083631306286178D0,-0.1591064961719393D0,                     0000035P   3901
0.09441308944595637D0,-0.5083631306286169D0,                     0000035P   3902
-0.1615725811980994D0,0.08367114168017699D0,                     0000035P   3903
-0.5083631306286178D0,-0.163787951095183D0,                      0000035P   3904
0.07301180321943579D0,-0.508363130628617D0,                      0000035P   3905
-0.1657968710603258D0,0.06242535781108278D0,                     0000035P   3906
-0.508363130628618D0,-0.167635094898694D0,0.05190112389448296D0, 0000035P   3907
-0.5083631306286173D0,-0.1693291901801867D0,                     0000035P   3908
0.04142011936565788D0,-0.5083631306286178D0,                     0000035P   3909
-0.1708983771969882D0,0.03099828778524323D0,                     0000035P   3910
-0.5083631306286172D0,-0.1723582113744048D0,                     0000035P   3911
0.02064926361717551D0,-0.5083631306286176D0,                     0000035P   3912
-0.173730923016493D0,0.01033152878325027D0,                      0000035P   3913
-0.5083631306286172D0,-0.1745883956963547D0,                     0000035P   3914
0.003449035003649745D0,-0.5083631306286174D0,-0.175D0,0.0D0,     0000035P   3915
-0.4932900082912794D0,0.0D0,0.2359071529409242D0,                0000035P   3916
-0.4932900082912794D0,-0.004184409742106434D0,                   0000035P   3917
0.2359081403470436D0,-0.49329000829128D0,-0.01255318273224272D0, 0000035P   3918
0.2355338524061507D0,-0.4932900082912798D0,                      0000035P   3919
-0.02505067992089111D0,0.2338599690744527D0,                     0000035P   3920
-0.4932900082912799D0,-0.03744007033788017D0,                    0000035P   3921
0.2311037007212339D0,-0.4932900082912791D0,                      0000035P   3922
-0.04967426681983698D0,0.2273083159372373D0,                     0000035P   3923
-0.4932900082912798D0,-0.0617143942576235D0,                     0000035P   3924
0.2225325839117213D0,-0.4932900082912798D0,                      0000035P   3925
-0.07352434401730565D0,0.2168325886149909D0,                     0000035P   3926
-0.4932900082912794D0,-0.08507127386943809D0,                    0000035P   3927
0.2102628828125073D0,-0.4932900082912796D0,                      0000035P   3928
-0.09628184402112458D0,0.2028251413586571D0,                     0000035P   3929
-0.4932900082912794D0,-0.1070455676775582D0,                     0000035P   3930
0.1945037689366443D0,-0.4932900082912797D0,                      0000035P   3931
-0.1170698573672095D0,0.1852128228160281D0,                      0000035P   3932
-0.4932900082912798D0,-0.1260554106568025D0,                     0000035P   3933
0.1750319899351252D0,-0.4932900082912798D0,                      0000035P   3934
-0.1336723757309192D0,0.1641834902132775D0,                      0000035P   3935
-0.4932900082912799D0,-0.139981421839982D0,0.1530052253470749D0, 0000035P   3936
-0.4932900082912792D0,-0.1451645284581885D0,                     0000035P   3937
0.1417288074961817D0,-0.4932900082912801D0,                      0000035P   3938
-0.1494920073070615D0,0.130466668404432D0,-0.4932900082912792D0, 0000035P   3939
-0.153160273348542D0,0.1192657470638754D0,-0.4932900082912796D0, 0000035P   3940
-0.156330054491961D0,0.1081394169718536D0,-0.4932900082912793D0, 0000035P   3941
-0.1591064931265597D0,0.09708705190023911D0,                     0000035P   3942
-0.4932900082912793D0,-0.1615725675958089D0,                     0000035P   3943
0.08610350133560887D0,-0.4932900082912792D0,                     0000035P   3944
-0.163787951746636D0,0.07518251493010865D0,                      0000035P   3945
-0.4932900082912794D0,-0.1657969169738188D0,                     0000035P   3946
0.06431819022522944D0,-0.4932900082912798D0,                     0000035P   3947
-0.1676351725591095D0,0.05350293700548235D0,                     0000035P   3948
-0.4932900082912796D0,-0.1693289399525964D0,                     0000035P   3949
0.04272085190406098D0,-0.4932900082912794D0,                     0000035P   3950
-0.1708980854360855D0,0.03198640652406221D0,                     0000035P   3951
-0.4932900082912796D0,-0.1723587184742197D0,                     0000035P   3952
0.02131202392695276D0,-0.4932900082912797D0,                     0000035P   3953
-0.1737320648775692D0,0.01066276557386098D0,                     0000035P   3954
-0.4932900082912789D0,-0.1745890860217832D0,                     0000035P   3955
0.003558865959756047D0,-0.4932900082912795D0,-0.175D0,0.0D0,     0000035P   3956
-0.4782169374856058D0,0.0D0,0.2367216102639136D0,                0000035P   3957
-0.4782169374856061D0,-0.004184410141527056D0,                   0000035P   3958
0.2367225020270486D0,-0.4782169374856056D0,                      0000035P   3959
-0.01255318302276415D0,0.2363651413206427D0,                     0000035P   3960
-0.4782169374856061D0,-0.02505067973473605D0,                    0000035P   3961
0.2347669709847285D0,-0.478216937485606D0,                       0000035P   3962
-0.03744007035211371D0,0.2321352465864091D0,                     0000035P   3963
-0.4782169374856065D0,-0.04967426684969001D0,                    0000035P   3964
0.2285112807051757D0,-0.4782169374856056D0,                      0000035P   3965
-0.06171439424459239D0,0.2239511944150014D0,                     0000035P   3966
-0.4782169374856059D0,-0.0735243440156762D0,                     0000035P   3967
0.2185074372612313D0,-0.4782169374856061D0,                      0000035P   3968
-0.08507127387288918D0,0.2122301184287092D0,                     0000035P   3969
-0.4782169374856061D0,-0.09628184402103523D0,                    0000035P   3970
0.2051104998590348D0,-0.4782169374856059D0,                      0000035P   3971
-0.1070455676730787D0,0.1971178875675018D0,                      0000035P   3972
-0.4782169374856061D0,-0.1170698573715983D0,                     0000035P   3973
0.1881308157121556D0,-0.4782169374856055D0,                      0000035P   3974
-0.1260554106716886D0,0.1781943919873514D0,                      0000035P   3975
-0.4782169374856061D0,-0.1336723756830137D0,                     0000035P   3976
0.1674933904810864D0,-0.4782169374856057D0,                      0000035P   3977
-0.1399814218521072D0,0.1563670008474292D0,                      0000035P   3978
-0.4782169374856061D0,-0.1451645287091857D0,                     0000035P   3979
0.1450570877685913D0,-0.4782169374856059D0,                      0000035P   3980
-0.1494920067914015D0,0.1336966100593361D0,                      0000035P   3981
-0.4782169374856063D0,-0.1531602732609619D0,0.122347051660821D0, 0000035P   3982
-0.4782169374856056D0,-0.1563300589090265D0,                     0000035P   3983
0.1110340760812956D0,-0.4782169374856056D0,                      0000035P   3984
-0.1591064902090762D0,0.09976438075849588D0,                     0000035P   3985
-0.4782169374856056D0,-0.161572554564772D0,                      0000035P   3986
0.08853896650990532D0,-0.4782169374856059D0,                     0000035P   3987
-0.1637879523707305D0,0.07735645354148216D0,                     0000035P   3988
-0.4782169374856058D0,-0.1657969609590887D0,                     0000035P   3989
0.06621408491499089D0,-0.478216937485606D0,                      0000035P   3990
-0.1676352469580314D0,0.05510714304462946D0,                     0000035P   3991
-0.4782169374856059D0,-0.1693287002337802D0,                     0000035P   3992
0.04402368074835691D0,-0.4782169374856062D0,                     0000035P   3993
-0.1708978059282263D0,0.032976408401027D0,-0.4782169374856057D0, 0000035P   3994
-0.1723592042774317D0,0.02197613522865568D0,                     0000035P   3995
-0.4782169374856057D0,-0.1737331587840602D0,                     0000035P   3996
0.01099468032601441D0,-0.478216937485606D0,                      0000035P   3997
-0.1745897473557079D0,0.003668909308666449D0,                    0000035P   3998
-0.4782169374856056D0,-0.175D0,0.0D0,-0.4631425002944933D0,      0000035P   3999
0.0D0,0.2375093945272713D0,-0.4631425002944929D0,                0000035P   4000
-0.004184410510200505D0,0.2375099942432579D0,                    0000035P   4001
-0.463142500294494D0,-0.01255318329092159D0,                     0000035P   4002
0.2371694822751466D0,-0.4631425002944932D0,                      0000035P   4003
-0.02505067956291094D0,0.2356476453398241D0,                     0000035P   4004
-0.4631425002944936D0,-0.03744007036525082D0,                    0000035P   4005
0.2331415587431658D0,-0.4631425002944934D0,                      0000035P   4006
-0.04967426687724706D0,0.2296901394416884D0,                     0000035P   4007
-0.4631425002944938D0,-0.06171439423256447D0,                    0000035P   4008
0.225347063689896D0,-0.4631425002944931D0,                       0000035P   4009
-0.07352434401416118D0,0.2201613361448517D0,                     0000035P   4010
-0.4631425002944932D0,-0.08507127387609362D0,                    0000035P   4011
0.2141781009292038D0,-0.4631425002944933D0,                      0000035P   4012
-0.09628184402097675D0,0.2073785266660707D0,                     0000035P   4013
-0.4631425002944936D0,-0.1070455676688008D0,                     0000035P   4014
0.1997174543089209D0,-0.4631425002944939D0,-0.117069857375791D0, 0000035P   4015
0.1910367387119879D0,-0.4631425002944936D0,                      0000035P   4016
-0.1260554106859386D0,0.18134659849198D0,-0.4631425002944937D0,  0000035P   4017
-0.1336723756371591D0,0.1707949235018974D0,                      0000035P   4018
-0.4631425002944936D0,-0.1399814218637131D0,                     0000035P   4019
0.1597219990414687D0,-0.4631425002944933D0,-0.145164528949444D0, 0000035P   4020
0.1483798549586417D0,-0.4631425002944937D0,                      0000035P   4021
-0.1494920062978033D0,0.1369222218480443D0,                      0000035P   4022
-0.4631425002944938D0,-0.1531602731771287D0,                     0000035P   4023
0.1254250565578004D0,-0.4631425002944934D0,                      0000035P   4024
-0.1563300631371129D0,0.1139261832078297D0,                      0000035P   4025
-0.4631425002944934D0,-0.1591064874164141D0,                     0000035P   4026
0.1024395673891332D0,-0.4631425002944934D0,                      0000035P   4027
-0.1615725420912532D0,0.09097255403595542D0,                     0000035P   4028
-0.4631425002944934D0,-0.1637879529681231D0,                     0000035P   4029
0.07952912591877412D0,-0.4631425002944933D0,                     0000035P   4030
-0.1657970030624997D0,0.06810909570750211D0,                     0000035P   4031
-0.4631425002944939D0,-0.1676353181738804D0,                     0000035P   4032
0.05671043039452273D0,-0.4631425002944935D0,                     0000035P   4033
-0.1693284707710591D0,0.04532590624402084D0,                     0000035P   4034
-0.4631425002944936D0,-0.1708975383787907D0,                     0000035P   4035
0.03396621565270289D0,-0.4631425002944938D0,                     0000035P   4036
-0.1723596692961099D0,0.02264019645233116D0,                     0000035P   4037
-0.4631425002944931D0,-0.1737342058890143D0,                     0000035P   4038
0.01132657298175786D0,-0.4631425002944935D0,                     0000035P   4039
-0.174590380395218D0,0.003778934169246874D0,                     0000035P   4040
-0.4631425002944933D0,-0.175D0,0.0D0,-0.4480652357012404D0,      0000035P   4041
0.0D0,0.2382714894025863D0,-0.4480652357012401D0,                0000035P   4042
-0.004184410857448135D0,0.2382717633550905D0,                    0000035P   4043
-0.4480652357012403D0,-0.01255318354349486D0,                    0000035P   4044
0.2379481403036549D0,-0.4480652357012406D0,                      0000035P   4045
-0.02505067940107158D0,0.236502922410467D0,                      0000035P   4046
-0.4480652357012405D0,-0.03744007037762425D0,                    0000035P   4047
0.2341229389703126D0,-0.4480652357012405D0,                      0000035P   4048
-0.04967426690320306D0,0.2308447384132247D0,                     0000035P   4049
-0.4480652357012405D0,-0.06171439422123572D0,                    0000035P   4050
0.2267195110101208D0,-0.4480652357012407D0,                      0000035P   4051
-0.07352434401273127D0,0.2217927739914728D0,                     0000035P   4052
-0.4480652357012404D0,-0.08507127387911695D0,                    0000035P   4053
0.2161046240136792D0,-0.44806523570124D0,-0.09628184402092795D0, 0000035P   4054
0.2096262310743844D0,-0.4480652357012407D0,                      0000035P   4055
-0.1070455676647339D0,0.2022981379824838D0,                      0000035P   4056
-0.4480652357012402D0,-0.117069857379777D0,0.1939252560003573D0, 0000035P   4057
-0.4480652357012401D0,-0.1260554106994942D0,                     0000035P   4058
0.1844827950803462D0,-0.4480652357012408D0,                      0000035P   4059
-0.1336723755935415D0,0.1740817654948926D0,                      0000035P   4060
-0.4480652357012404D0,-0.1399814218747526D0,                     0000035P   4061
0.1630635817085874D0,-0.4480652357012406D0,                      0000035P   4062
-0.1451645291779827D0,0.151690473464265D0,-0.4480652357012404D0, 0000035P   4063
-0.1494920058282828D0,0.1401369755057973D0,                      0000035P   4064
-0.4480652357012402D0,-0.153160273097385D0,0.1284933700811391D0, 0000035P   4065
-0.4480652357012401D0,-0.1563300671589536D0,                     0000035P   4066
0.1168094711562997D0,-0.4480652357012402D0,                      0000035P   4067
-0.1591064847599776D0,0.1051068485576408D0,                      0000035P   4068
-0.4480652357012402D0,-0.1615725302261916D0,                     0000035P   4069
0.09339923868007582D0,-0.4480652357012402D0,                     0000035P   4070
-0.1637879535363754D0,0.08169582845270267D0,                     0000035P   4071
-0.4480652357012405D0,-0.1657970431121092D0,                     0000035P   4072
0.06999904160576033D0,-0.4480652357012401D0,                     0000035P   4073
-0.1676353859158257D0,0.05830955100203224D0,                     0000035P   4074
-0.4480652357012401D0,-0.1693282525015122D0,                     0000035P   4075
0.04662485489700068D0,-0.4480652357012407D0,                     0000035P   4076
-0.1708972838803962D0,0.0349536099142911D0,                      0000035P   4077
-0.4480652357012402D0,-0.1723601116312123D0,                     0000035P   4078
0.02330266546906933D0,-0.4480652357012403D0,                     0000035P   4079
-0.1737352019162688D0,0.01165767123820038D0,                     0000035P   4080
-0.4480652357012402D0,-0.1745909825551089D0,                     0000035P   4081
0.003888692666353442D0,-0.4480652357012402D0,-0.175D0,0.0D0,     0000035P   4082
-0.4329837131747341D0,0.0D0,0.2390089938144977D0,                0000035P   4083
-0.4329837131747343D0,-0.004184411189907093D0,                   0000035P   4084
0.2390090527820653D0,-0.4329837131747346D0,                      0000035P   4085
-0.0125531837853114D0,0.2387024524335781D0,                      0000035P   4086
-0.4329837131747347D0,-0.02505067924612472D0,                    0000035P   4087
0.2373338137247826D0,-0.4329837131747343D0,                      0000035P   4088
-0.03744007038947101D0,0.2350798088614516D0,                     0000035P   4089
-0.4329837131747347D0,-0.049674266928053D0,0.2319750407434032D0, 0000035P   4090
-0.4329837131747342D0,-0.0617143942103893D0,                     0000035P   4091
0.2280679619456303D0,-0.4329837131747344D0,                      0000035P   4092
-0.07352434401136587D0,0.2234003591926883D0,                     0000035P   4093
-0.4329837131747341D0,-0.08507127388200518D0,                    0000035P   4094
0.2180075685367263D0,-0.4329837131747344D0,                      0000035P   4095
-0.09628184402087342D0,0.2118506769054567D0,                     0000035P   4096
-0.4329837131747343D0,-0.1070455676608866D0,                     0000035P   4097
0.2048557190759887D0,-0.4329837131747346D0,                      0000035P   4098
-0.1170698573835474D0,0.1967911583275936D0,                      0000035P   4099
-0.4329837131747344D0,-0.1260554107123077D0,                     0000035P   4100
0.1875972464326006D0,-0.4329837131747344D0,                      0000035P   4101
-0.1336723755523096D0,0.1773476596577257D0,                      0000035P   4102
-0.4329837131747343D0,-0.1399814218851886D0,                     0000035P   4103
0.1663851719547237D0,-0.4329837131747344D0,                      0000035P   4104
-0.1451645293940195D0,0.1549823530952205D0,                      0000035P   4105
-0.4329837131747343D0,-0.1494920053844463D0,                     0000035P   4106
0.1433344007436035D0,-0.4329837131747351D0,                      0000035P   4107
-0.1531602730220034D0,0.131545678664746D0,-0.4329837131747343D0, 0000035P   4108
-0.1563300709607907D0,0.1196777468417455D0,                      0000035P   4109
-0.4329837131747344D0,-0.1591064822488542D0,                     0000035P   4110
0.1077605074482411D0,-0.4329837131747338D0,                      0000035P   4111
-0.1615725190101749D0,0.09581401267909145D0,                     0000035P   4112
-0.4329837131747347D0,-0.1637879540735431D0,                     0000035P   4113
0.08385189936017365D0,-0.432983713174734D0,                      0000035P   4114
-0.1657970809709175D0,0.07187978571631012D0,                     0000035P   4115
-0.4329837131747346D0,-0.1676354499521381D0,                     0000035P   4116
0.0599012558790492D0,-0.4329837131747341D0,                      0000035P   4117
-0.1693280461717877D0,0.04791785772092957D0,                     0000035P   4118
-0.4329837131747343D0,-0.1708970433036218D0,                     0000035P   4119
0.03593640155489074D0,-0.4329837131747345D0,                     0000035P   4120
-0.1723605297696146D0,0.02396202689560653D0,                     0000035P   4121
-0.4329837131747342D0,-0.1737361434586491D0,                     0000035P   4122
0.01198721645575027D0,-0.4329837131747341D0,                     0000035P   4123
-0.1745915517755338D0,0.003997940356316275D0,                    0000035P   4124
-0.4329837131747343D0,-0.175D0,0.0D0,-0.4178965112316182D0,      0000035P   4125
0.0D0,0.239722906460884D0,-0.4178965112316181D0,                 0000035P   4126
-0.004184411512837414D0,0.2397229741405678D0,                    0000035P   4127
-0.4178965112316183D0,-0.01255318402019709D0,                    0000035P   4128
0.2394335932413674D0,-0.4178965112316183D0,                      0000035P   4129
-0.02505067909561894D0,0.238141194533353D0,                      0000035P   4130
-0.4178965112316184D0,-0.03744007040097873D0,                    0000035P   4131
0.2360125064260781D0,-0.4178965112316182D0,                      0000035P   4132
-0.04967426695218917D0,0.23308091135249D0,-0.4178965112316181D0, 0000035P   4133
-0.06171439419985363D0,0.2293917178084091D0,                     0000035P   4134
-0.4178965112316186D0,-0.07352434401004845D0,                    0000035P   4135
0.2249825926979725D0,-0.417896511231618D0,                       0000035P   4136
-0.08507127388479541D0,0.2198846948970693D0,                     0000035P   4137
-0.4178965112316182D0,-0.09628184402080123D0,                    0000035P   4138
0.2140487957572393D0,-0.4178965112316183D0,                      0000035P   4139
-0.1070455676572646D0,0.2073859032838295D0,                      0000035P   4140
-0.4178965112316186D0,-0.1170698573870961D0,                     0000035P   4141
0.1996291750893218D0,-0.417896511231618D0,-0.126055410724344D0,  0000035P   4142
0.1906841154882506D0,-0.4178965112316186D0,-0.133672375513575D0, 0000035P   4143
0.1805862576311737D0,-0.4178965112316181D0,                      0000035P   4144
-0.1399814218949926D0,0.1696801183595133D0,                      0000035P   4145
-0.4178965112316185D0,-0.1451645295969679D0,                     0000035P   4146
0.1582488225469953D0,-0.4178965112316185D0,                      0000035P   4147
-0.1494920049675004D0,0.1465079259674361D0,                      0000035P   4148
-0.4178965112316181D0,-0.1531602729511892D0,                     0000035P   4149
0.1345755745607786D0,-0.417896511231618D0,-0.1563300745322847D0, 0000035P   4150
0.122524801428324D0,-0.4178965112316183D0,-0.1591064798898731D0, 0000035P   4151
0.1103948155241024D0,-0.4178965112316182D0,                      0000035P   4152
-0.1615725084737065D0,0.09821180274158367D0,                     0000035P   4153
-0.417896511231618D0,-0.1637879545781652D0,                      0000035P   4154
0.08599265453996779D0,-0.4178965112316183D0,                     0000035P   4155
-0.1657971165359615D0,0.07374718314907196D0,                     0000035P   4156
-0.4178965112316183D0,-0.1676355101086617D0,                     0000035P   4157
0.06148222894287231D0,-0.4178965112316183D0,                     0000035P   4158
-0.1693278523430298D0,0.04920219102919512D0,                     0000035P   4159
-0.4178965112316182D0,-0.1708968173027507D0,                     0000035P   4160
0.03691238887457286D0,-0.4178965112316181D0,                     0000035P   4161
-0.1723609225741299D0,0.02461676545060321D0,                     0000035P   4162
-0.4178965112316178D0,-0.1737370279554943D0,                     0000035P   4163
0.01231445028309684D0,-0.4178965112316181D0,                     0000035P   4164
-0.1745920865084154D0,0.004106431617215031D0,                    0000035P   4165
-0.4178965112316181D0,-0.1749999999999999D0,0.0D0,               0000035P   4166
-0.402802166561898D0,0.0D0,0.2404138242412358D0,                 0000035P   4167
-0.402802166561898D0,-0.004184411815863921D0,                    0000035P   4168
0.2404139683916997D0,-0.402802166561898D0,                       0000035P   4169
-0.01255318424060559D0,0.2401417925125922D0,                     0000035P   4170
-0.4028021665618983D0,-0.02505067895438952D0,                    0000035P   4171
0.2389252075360971D0,-0.4028021665618983D0,                      0000035P   4172
-0.03744007041177722D0,0.2369211001968384D0,                     0000035P   4173
-0.4028021665618982D0,-0.04967426697483772D0,                    0000035P   4174
0.234161832112409D0,-0.402802166561898D0,-0.06171439418996733D0, 0000035P   4175
0.2306894854282899D0,-0.402802166561898D0,                       0000035P   4176
-0.07352434400881153D0,0.2265375338179071D0,                     0000035P   4177
-0.4028021665618984D0,-0.08507127388741498D0,                    0000035P   4178
0.2217331659549744D0,-0.402802166561898D0,                       0000035P   4179
-0.09628184402073542D0,0.216216773437047D0,                      0000035P   4180
-0.4028021665618984D0,-0.1070455676538551D0,                     0000035P   4181
0.2098841835494625D0,-0.4028021665618982D0,                      0000035P   4182
-0.1170698573904368D0,0.2024339529518915D0,                      0000035P   4183
-0.4028021665618983D0,-0.1260554107356776D0,                     0000035P   4184
0.1937370969709873D0,-0.4028021665618979D0,-0.133672375477102D0, 0000035P   4185
0.1837907916551102D0,-0.4028021665618982D0,                      0000035P   4186
-0.1399814219042241D0,0.172941459591461D0,-0.4028021665618985D0, 0000035P   4187
-0.1451645297880654D0,0.1614828171220553D0,                      0000035P   4188
-0.4028021665618978D0,-0.1494920045749003D0,                     0000035P   4189
0.1496504543717527D0,-0.4028021665618985D0,                      0000035P   4190
-0.1531602728845096D0,0.1375762073362315D0,                      0000035P   4191
-0.4028021665618979D0,-0.156330077895236D0,0.1253445457136273D0, 0000035P   4192
-0.4028021665618979D0,-0.1591064776686348D0,                     0000035P   4193
0.1130041332765333D0,-0.4028021665618977D0,                      0000035P   4194
-0.1615724985524726D0,0.1005871649560683D0,                      0000035P   4195
-0.4028021665618984D0,-0.1637879550533218D0,                     0000035P   4196
0.08811339311253302D0,-0.4028021665618977D0,                     0000035P   4197
-0.1657971500243306D0,0.07559717211832628D0,                     0000035P   4198
-0.4028021665618983D0,-0.1676355667525907D0,                     0000035P   4199
0.06304870824154564D0,-0.4028021665618982D0,                     0000035P   4200
-0.1693276698321098D0,0.05047477645128086D0,                     0000035P   4201
-0.4028021665618984D0,-0.1708966044982769D0,                     0000035P   4202
0.03787936430159621D0,-0.4028021665618979D0,                     0000035P   4203
-0.1723612924424303D0,0.02526543597805954D0,                     0000035P   4204
-0.4028021665618983D0,-0.173737860805761D0,                      0000035P   4205
0.01263865172673236D0,-0.4028021665618981D0,                     0000035P   4206
-0.1745925900177556D0,0.004213921822679518D0,                    0000035P   4207
-0.4028021665618978D0,-0.175D0,0.0D0,-0.3876992653146371D0,      0000035P   4208
0.0D0,0.2410823487547036D0,-0.3876992653146368D0,                0000035P   4209
-0.004184412090844506D0,0.2410825170164319D0,                    0000035P   4210
-0.3876992653146378D0,-0.01255318444061483D0,                    0000035P   4211
0.2408273548346534D0,-0.3876992653146372D0,                      0000035P   4212
-0.02505067882623117D0,0.2396860411846532D0,                     0000035P   4213
-0.3876992653146373D0,-0.03744007042157558D0,                    0000035P   4214
0.2378056469116691D0,-0.3876992653146376D0,                      0000035P   4215
-0.04967426699539178D0,0.2352172900512991D0,                     0000035P   4216
-0.3876992653146374D0,-0.06171439418099623D0,                    0000035P   4217
0.2319600051787112D0,-0.3876992653146375D0,                      0000035P   4218
-0.07352434400767999D0,0.2280632547164182D0,                     0000035P   4219
-0.3876992653146369D0,-0.08507127388980751D0,                    0000035P   4220
0.2235501737660385D0,-0.3876992653146374D0,                      0000035P   4221
-0.09628184402069478D0,0.2183508420512693D0,                     0000035P   4222
-0.3876992653146371D0,-0.1070455676506462D0,                     0000035P   4223
0.2123460370835229D0,-0.3876992653146381D0,                      0000035P   4224
-0.1170698573935818D0,0.205200106268378D0,-0.3876992653146371D0, 0000035P   4225
-0.1260554107463709D0,0.1967498958116085D0,                      0000035P   4226
-0.3876992653146376D0,-0.1336723754426937D0,                     0000035P   4227
0.1869544989825098D0,-0.3876992653146371D0,                      0000035P   4228
-0.1399814219129331D0,0.1761622277868042D0,                      0000035P   4229
-0.3876992653146371D0,-0.1451645299683502D0,                     0000035P   4230
0.1646772764376707D0,-0.3876992653146376D0,                      0000035P   4231
-0.1494920042045143D0,0.1527549176430751D0,                      0000035P   4232
-0.3876992653146367D0,-0.1531602728216028D0,                     0000035P   4233
0.1405407521364776D0,-0.3876992653146372D0,                      0000035P   4234
-0.1563300810679073D0,0.128130842586985D0,-0.3876992653146371D0, 0000035P   4235
-0.1591064755730772D0,0.1155827759624146D0,                      0000035P   4236
-0.3876992653146372D0,-0.1615724891925936D0,                     0000035P   4237
0.1029346715457708D0,-0.3876992653146368D0,                      0000035P   4238
-0.1637879555015936D0,0.09020939265500692D0,                     0000035P   4239
-0.3876992653146371D0,-0.1657971816178866D0,                     0000035P   4240
0.07742566123422463D0,-0.3876992653146373D0,                     0000035P   4241
-0.1676356201915372D0,0.06459696927092705D0,                     0000035P   4242
-0.3876992653146371D0,-0.1693274976478805D0,                     0000035P   4243
0.05173256702860161D0,-0.3876992653146372D0,                     0000035P   4244
-0.1708964037345401D0,0.03883511454372253D0,                     0000035P   4245
-0.3876992653146372D0,-0.1723616413831309D0,                     0000035P   4246
0.02590658126981519D0,-0.3876992653146367D0,                     0000035P   4247
-0.1737386465323428D0,0.0129590935032415D0,-0.387699265314637D0, 0000035P   4248
-0.1745930650379227D0,0.004320165529594899D0,                    0000035P   4249
-0.3876992653146372D0,-0.1749999999999999D0,0.0D0,               0000035P   4250
-0.3725864440808406D0,0.0D0,0.2417291519830702D0,                0000035P   4251
-0.3725864440808405D0,-0.004184412326387912D0,                   0000035P   4252
0.2417291255011207D0,-0.3725864440808405D0,                      0000035P   4253
-0.01255318461193946D0,0.2414905695757679D0,                     0000035P   4254
-0.3725864440808409D0,-0.02505067871645287D0,                    0000035P   4255
0.240423905146123D0,-0.3725864440808408D0,                       0000035P   4256
-0.03744007042996733D0,0.2386662827194625D0,                     0000035P   4257
-0.3725864440808408D0,-0.04967426701300187D0,                    0000035P   4258
0.236246816872191D0,-0.3725864440808404D0,                       0000035P   4259
-0.06171439417331204D0,0.2332020146292027D0,                     0000035P   4260
-0.3725864440808412D0,-0.07352434400668983D0,                    0000035P   4261
0.2295578406803386D0,-0.3725864440808408D0,                      0000035P   4262
-0.08507127389189328D0,0.2253329016431916D0,                     0000035P   4263
-0.3725864440808406D0,-0.0962818440207055D0,                     0000035P   4264
0.2204471964059024D0,-0.3725864440808411D0,                      0000035P   4265
-0.1070455676476264D0,0.2147669452149653D0,                      0000035P   4266
-0.3725864440808409D0,-0.1170698573965436D0,                     0000035P   4267
0.2079222590536415D0,-0.3725864440808409D0,                      0000035P   4268
-0.1260554107564939D0,0.1997161842816617D0,                      0000035P   4269
-0.3725864440808409D0,-0.1336723754101284D0,                     0000035P   4270
0.1900705819679088D0,-0.3725864440808408D0,                      0000035P   4271
-0.1399814219211748D0,0.1793354259506438D0,                      0000035P   4272
-0.3725864440808409D0,-0.1451645301389915D0,                     0000035P   4273
0.1678250998310272D0,-0.3725864440808406D0,                      0000035P   4274
-0.1494920038539415D0,0.1558141622595929D0,                      0000035P   4275
-0.3725864440808411D0,-0.1531602727620612D0,                     0000035P   4276
0.1434622880768571D0,-0.3725864440808404D0,                      0000035P   4277
-0.1563300840708622D0,0.1308775616547932D0,                      0000035P   4278
-0.3725864440808407D0,-0.1591064735896175D0,                     0000035P   4279
0.1181250771928948D0,-0.3725864440808401D0,                      0000035P   4280
-0.1615724803334053D0,0.1052488441841641D0,-0.372586444080841D0, 0000035P   4281
-0.163787955925886D0,0.0922759169894177D0,-0.3725864440808402D0, 0000035P   4282
-0.1657972115214006D0,0.07922855546235057D0,                     0000035P   4283
-0.3725864440808409D0,-0.1676356707718612D0,                     0000035P   4284
0.06612321948840921D0,-0.3725864440808406D0,                     0000035P   4285
-0.1693273346743447D0,0.05297245384862636D0,                     0000035P   4286
-0.3725864440808411D0,-0.1708962137103072D0,                     0000035P   4287
0.03977740303797016D0,-0.3725864440808403D0,                     0000035P   4288
-0.1723619716578607D0,0.0265387347980972D0,-0.372586444080841D0, 0000035P   4289
-0.1737393902278585D0,0.01327504390641022D0,                     0000035P   4290
-0.3725864440808406D0,-0.1745935146477187D0,                     0000035P   4291
0.00442491483906055D0,-0.3725864440808406D0,                     0000035P   4292
-0.1749999999999999D0,0.0D0,-0.3574623856220314D0,0.0D0,         0000035P   4293
0.2423542323525076D0,-0.3574623856220315D0,                      0000035P   4294
-0.004184412532481509D0,0.2423539233847269D0,                    0000035P   4295
-0.3574623856220314D0,-0.01255318476184375D0,                    0000035P   4296
0.2421315924067217D0,-0.3574623856220319D0,                      0000035P   4297
-0.02505067862039984D0,0.2411386349523131D0,                     0000035P   4298
-0.3574623856220314D0,-0.03744007043730868D0,                    0000035P   4299
0.2395024066505657D0,-0.3574623856220317D0,                      0000035P   4300
-0.04967426702841315D0,0.2372494312788848D0,                     0000035P   4301
-0.3574623856220315D0,-0.06171439416658879D0,                    0000035P   4302
0.2344140365890142D0,-0.3574623856220314D0,                      0000035P   4303
-0.07352434400580758D0,0.231019048720668D0,                      0000035P   4304
-0.3574623856220314D0,-0.08507127389374536D0,                    0000035P   4305
0.2270783132466001D0,-0.3574623856220313D0,                      0000035P   4306
-0.09628184402074898D0,0.2225019691788154D0,                     0000035P   4307
-0.3574623856220316D0,-0.1070455676447803D0,                     0000035P   4308
0.2171420857403415D0,-0.3574623856220321D0,                      0000035P   4309
-0.1170698573993363D0,0.2105946876070908D0,                      0000035P   4310
-0.3574623856220311D0,-0.126055410766076D0,0.2026295116097674D0, 0000035P   4311
-0.3574623856220316D0,-0.1336723753793093D0,                     0000035P   4312
0.1931321316290312D0,-0.3574623856220311D0,                      0000035P   4313
-0.1399814219289742D0,0.1824539172454311D0,                      0000035P   4314
-0.3574623856220318D0,-0.1451645303004887D0,                     0000035P   4315
0.1709191181522458D0,-0.3574623856220313D0,                      0000035P   4316
-0.1494920035221542D0,0.1588212884688149D0,                      0000035P   4317
-0.3574623856220314D0,-0.1531602727057098D0,                     0000035P   4318
0.1463342581384474D0,-0.3574623856220314D0,                      0000035P   4319
-0.1563300869129057D0,0.1335782850326651D0,                      0000035P   4320
-0.3574623856220313D0,-0.1591064717124402D0,                     0000035P   4321
0.1206250093798338D0,-0.3574623856220314D0,                      0000035P   4322
-0.1615724719489302D0,0.1075242976011242D0,                      0000035P   4323
-0.3574623856220309D0,-0.1637879563274426D0,                     0000035P   4324
0.09430813490679463D0,-0.3574623856220314D0,                     0000035P   4325
-0.1657972398225561D0,0.08100163207965025D0,                     0000035P   4326
-0.3574623856220314D0,-0.1676357186418742D0,                     0000035P   4327
0.06762395138536355D0,-0.3574623856220315D0,                     0000035P   4328
-0.1693271804336297D0,0.0541916113693539D0,                      0000035P   4329
-0.3574623856220315D0,-0.1708960338683876D0,                     0000035P   4330
0.04070407840794051D0,-0.3574623856220316D0,                     0000035P   4331
-0.1723622842350541D0,0.02716045361807558D0,                     0000035P   4332
-0.357462385622031D0,-0.1737400940729805D0,0.0135857816804007D0, 0000035P   4333
-0.3574623856220315D0,-0.1745939401654943D0,                     0000035P   4334
0.00452793064570326D0,-0.3574623856220314D0,                     0000035P   4335
-0.1749999999999999D0,0.0D0,-0.3423258454722554D0,0.0D0,         0000035P   4336
0.2429574019572334D0,-0.3423258454722551D0,                      0000035P   4337
-0.004184412723943154D0,0.2429569193471154D0,                    0000035P   4338
-0.3423258454722558D0,-0.0125531849011054D0,                     0000035P   4339
0.2427505167547951D0,-0.3423258454722554D0,                      0000035P   4340
-0.02505067853116625D0,0.241829951359498D0,                      0000035P   4341
-0.3423258454722555D0,-0.03744007044412868D0,                    0000035P   4342
0.2403132117815656D0,-0.3423258454722554D0,                      0000035P   4343
-0.0496742670427308D0,0.238223996719833D0,-0.3423258454722554D0, 0000035P   4344
-0.06171439416034299D0,0.2355945100857118D0,                     0000035P   4345
-0.3423258454722557D0,-0.0735243440049847D0,0.232444528524499D0, 0000035P   4346
-0.3423258454722552D0,-0.08507127389547189D0,                    0000035P   4347
0.2287832910624431D0,-0.3423258454722553D0,                      0000035P   4348
-0.09628184402079684D0,0.2245112469037039D0,                     0000035P   4349
-0.3423258454722554D0,-0.1070455676420924D0,                     0000035P   4350
0.2194665305024557D0,-0.3423258454722555D0,                      0000035P   4351
-0.1170698574019744D0,0.2132115547471457D0,                      0000035P   4352
-0.3423258454722554D0,-0.1260554107751344D0,                     0000035P   4353
0.2054833732525935D0,-0.3423258454722556D0,                      0000035P   4354
-0.1336723753501757D0,0.1961321848579101D0,                      0000035P   4355
-0.3423258454722555D0,-0.1399814219363469D0,                     0000035P   4356
0.1855105012690215D0,-0.3423258454722549D0,                      0000035P   4357
-0.1451645304531581D0,0.1739521195639837D0,-0.342325845472256D0, 0000035P   4358
-0.1494920032085035D0,0.161769431348578D0,-0.342325845472255D0,  0000035P   4359
-0.153160272652439D0,0.1491501660829707D0,-0.3423258454722557D0, 0000035P   4360
-0.1563300895995925D0,0.1362265032402096D0,                      0000035P   4361
-0.3423258454722553D0,-0.1591064699378767D0,                     0000035P   4362
0.1230764403965758D0,-0.3423258454722553D0,                      0000035P   4363
-0.1615724640227823D0,0.109755653712531D0,-0.3423258454722555D0, 0000035P   4364
-0.163787956707049D0,0.09630117349430024D0,                      0000035P   4365
-0.3423258454722551D0,-0.165797266576663D0,                      0000035P   4366
0.08274061972238123D0,-0.3423258454722558D0,                     0000035P   4367
-0.1676357638951303D0,0.06909571685381359D0,                     0000035P   4368
-0.3423258454722551D0,-0.1693270346242998D0,                     0000035P   4369
0.05538727473809237D0,-0.3423258454722556D0,                     0000035P   4370
-0.1708958638573124D0,0.04161300103641251D0,                     0000035P   4371
-0.3423258454722551D0,-0.172362579725588D0,                      0000035P   4372
0.02777029373896303D0,-0.3423258454722559D0,                     0000035P   4373
-0.1737407594432465D0,0.01389058469186439D0,                     0000035P   4374
-0.3423258454722551D0,-0.1745943424228473D0,                     0000035P   4375
0.004628974965154705D0,-0.3423258454722553D0,-0.175D0,0.0D0,     0000035P   4376
-0.3271756526439799D0,0.0D0,0.2435384977432499D0,                0000035P   4377
-0.3271756526439802D0,-0.004184412917296166D0,                   0000035P   4378
0.2435381765454699D0,-0.3271756526439793D0,                      0000035P   4379
-0.01255318504174256D0,0.2433474938969599D0,                     0000035P   4380
-0.3271756526439797D0,-0.02505067844105127D0,                    0000035P   4381
0.242497603006181D0,-0.3271756526439798D0,-0.0374400704510169D0, 0000035P   4382
0.2410979173820892D0,-0.3271756526439796D0,                      0000035P   4383
-0.0496742670571876D0,0.2391694107380815D0,                      0000035P   4384
-0.3271756526439799D0,-0.06171439415403529D0,                    0000035P   4385
0.2367419044860685D0,-0.3271756526439797D0,                      0000035P   4386
-0.07352434400416633D0,0.2338319286272494D0,                     0000035P   4387
-0.3271756526439799D0,-0.08507127389719341D0,                    0000035P   4388
0.2304447003531934D0,-0.3271756526439796D0,                      0000035P   4389
-0.09628184402081724D0,0.2264710934430265D0,                     0000035P   4390
-0.3271756526439796D0,-0.107045567639544D0,0.2217353124486016D0, 0000035P   4391
-0.3271756526439802D0,-0.1170698574044743D0,                     0000035P   4392
0.2157669543816345D0,-0.3271756526439793D0,                      0000035P   4393
-0.1260554107836915D0,0.2082711633986798D0,                      0000035P   4394
-0.3271756526439801D0,-0.1336723753226501D0,                     0000035P   4395
0.1990636799966595D0,-0.3271756526439796D0,-0.139981421943313D0, 0000035P   4396
0.1884978846722661D0,-0.3271756526439801D0,                      0000035P   4397
-0.1451645305973916D0,0.1769167887033282D0,                      0000035P   4398
-0.3271756526439793D0,-0.1494920029121834D0,                     0000035P   4399
0.1646516380656801D0,-0.3271756526439801D0,                      0000035P   4400
-0.1531602726021116D0,0.1519034431074155D0,                      0000035P   4401
-0.3271756526439794D0,-0.1563300921378281D0,                     0000035P   4402
0.1388156118548703D0,-0.32717565264398D0,-0.1591064682613652D0,  0000035P   4403
0.1254731350633547D0,-0.3271756526439799D0,                      0000035P   4404
-0.1615724565345885D0,0.1119374475201879D0,-0.32717565264398D0,  0000035P   4405
-0.16378795706568D0,0.09825009834718916D0,-0.3271756526439799D0, 0000035P   4406
-0.16579729185249D0,0.08444119823007223D0,-0.3271756526439799D0, 0000035P   4407
-0.1676358066479486D0,0.07053501316224174D0,                     0000035P   4408
-0.3271756526439801D0,-0.1693268968715636D0,                     0000035P   4409
0.05655663695241842D0,-0.3271756526439797D0,                     0000035P   4410
-0.1708957032400813D0,0.04250200874674735D0,                     0000035P   4411
-0.3271756526439801D0,-0.1723628588889965D0,                     0000035P   4412
0.02836679882703644D0,-0.3271756526439791D0,                     0000035P   4413
-0.1737413880489388D0,0.01418872473859446D0,-0.32717565264398D0, 0000035P   4414
-0.1745947224537485D0,0.004727807386780473D0,                    0000035P   4415
-0.3271756526439797D0,-0.175D0,0.0D0,-0.3120107593152823D0,      0000035P   4416
0.0D0,0.2440973867001801D0,-0.3120107593152818D0,                0000035P   4417
-0.004184413116080397D0,0.2440975826767104D0,                    0000035P   4418
-0.3120107593152824D0,-0.0125531851863299D0,                     0000035P   4419
0.2439224194896099D0,-0.3120107593152827D0,                      0000035P   4420
-0.02505067834840519D0,0.2431412673828639D0,                     0000035P   4421
-0.3120107593152822D0,-0.03744007045809969D0,                    0000035P   4422
0.2418557626155098D0,-0.3120107593152826D0,                      0000035P   4423
-0.04967426707204752D0,0.2400844806520267D0,                     0000035P   4424
-0.3120107593152821D0,-0.06171439414755014D0,                    0000035P   4425
0.2378545147830441D0,-0.3120107593152824D0,                      0000035P   4426
-0.07352434400334101D0,0.2351788629110498D0,                     0000035P   4427
-0.3120107593152821D0,-0.08507127389893562D0,                    0000035P   4428
0.2320593832824214D0,-0.312010759315282D0,                       0000035P   4429
-0.09628184402080377D0,0.228377500084552D0,                      0000035P   4430
-0.3120107593152825D0,-0.1070455676371291D0,                     0000035P   4431
0.2239434926701449D0,-0.3120107593152824D0,                      0000035P   4432
-0.1170698574068419D0,0.2182551183543965D0,                      0000035P   4433
-0.3120107593152823D0,-0.1260554107917603D0,                     0000035P   4434
0.2109864685286309D0,-0.3120107593152823D0,                      0000035P   4435
-0.1336723752966897D0,0.2019197175270442D0,                      0000035P   4436
-0.3120107593152824D0,-0.1399814219498835D0,                     0000035P   4437
0.1914089133316369D0,-0.3120107593152822D0,                      0000035P   4438
-0.1451645307334189D0,0.1798059771877831D0,                      0000035P   4439
-0.3120107593152824D0,-0.1494920026327228D0,                     0000035P   4440
0.1674609778943695D0,-0.3120107593152822D0,                      0000035P   4441
-0.1531602725546478D0,0.1545874599152715D0,                      0000035P   4442
-0.3120107593152824D0,-0.1563300945316451D0,                     0000035P   4443
0.1413392306804373D0,-0.3120107593152823D0,                      0000035P   4444
-0.1591064666802428D0,0.1278091558179913D0,                      0000035P   4445
-0.3120107593152822D0,-0.1615724494724525D0,                     0000035P   4446
0.1140643434456938D0,-0.3120107593152822D0,                      0000035P   4447
-0.1637879574039063D0,0.1001500686081855D0,                      0000035P   4448
-0.3120107593152823D0,-0.1657973156901909D0,                     0000035P   4449
0.08609912002898472D0,-0.3120107593152823D0,                     0000035P   4450
-0.1676358469682476D0,0.07193835183528553D0,                     0000035P   4451
-0.3120107593152823D0,-0.1693267669565853D0,                     0000035P   4452
0.05769687925954158D0,-0.3120107593152824D0,                     0000035P   4453
-0.1708955517615363D0,0.04336892428191266D0,                     0000035P   4454
-0.3120107593152824D0,-0.1723631221687624D0,                     0000035P   4455
0.0289484993502587D0,-0.3120107593152828D0,                      0000035P   4456
-0.1737419808886681D0,0.01447946694874384D0,                     0000035P   4457
-0.3120107593152822D0,-0.1745950808619198D0,                     0000035P   4458
0.004824185654316748D0,-0.3120107593152822D0,                    0000035P   4459
-0.1749999999999999D0,0.0D0,-0.2968302808785036D0,0.0D0,         0000035P   4460
0.2446340079433302D0,-0.2968302808785038D0,                      0000035P   4461
-0.004184413302987196D0,0.2446347691237676D0,                    0000035P   4462
-0.2968302808785033D0,-0.01255318532227813D0,                    0000035P   4463
0.2444748003852882D0,-0.2968302808785038D0,                      0000035P   4464
-0.02505067826129471D0,0.24376052780811D0,-0.2968302808785036D0, 0000035P   4465
-0.03744007046475926D0,0.2425860475630874D0,                     0000035P   4466
-0.2968302808785036D0,-0.04967426708601955D0,                    0000035P   4467
0.2409678980756557D0,-0.2968302808785039D0,                      0000035P   4468
-0.06171439414145251D0,0.2389303814697864D0,                     0000035P   4469
-0.2968302808785035D0,-0.07352434400256516D0,                    0000035P   4470
0.2364829131994718D0,-0.2968302808785034D0,                      0000035P   4471
-0.08507127390057365D0,0.2336241668517181D0,                     0000035P   4472
-0.2968302808785038D0,-0.09628184402079107D0,                    0000035P   4473
0.2302263639927552D0,-0.2968302808785038D0,                      0000035P   4474
-0.1070455676348597D0,0.2260862053671785D0,                      0000035P   4475
-0.2968302808785037D0,-0.1170698574090669D0,                     0000035P   4476
0.2206705259193837D0,-0.2968302808785035D0,                      0000035P   4477
-0.1260554107993422D0,0.2136232013790668D0,-0.296830280878504D0, 0000035P   4478
-0.1336723752722956D0,0.20469367895143D0,-0.2968302808785033D0,  0000035P   4479
-0.1399814219560575D0,0.1942366805911399D0,                      0000035P   4480
-0.2968302808785039D0,-0.1451645308612379D0,                     0000035P   4481
0.1826128245016235D0,-0.2968302808785035D0,                      0000035P   4482
-0.1494920023701257D0,0.1701905716091403D0,                      0000035P   4483
-0.2968302808785038D0,-0.153160272510048D0,0.1571955057714545D0, 0000035P   4484
-0.2968302808785036D0,-0.1563300967810143D0,                     0000035P   4485
0.1437913603814028D0,-0.2968302808785037D0,                      0000035P   4486
-0.1591064651945288D0,0.1300790605010496D0,                      0000035P   4487
-0.2968302808785036D0,-0.1615724428364597D0,                     0000035P   4488
0.1161312230376175D0,-0.2968302808785038D0,                      0000035P   4489
-0.1637879577217234D0,0.1019964096061706D0,                      0000035P   4490
-0.2968302808785033D0,-0.1657973380894776D0,                     0000035P   4491
0.08771027016487616D0,-0.2968302808785039D0,                     0000035P   4492
-0.1676358848555401D0,0.07330226965362244D0,                     0000035P   4493
-0.2968302808785034D0,-0.169326644880933D0,                      0000035P   4494
0.05880516529787062D0,-0.2968302808785038D0,                     0000035P   4495
-0.1708954094235054D0,0.04421155190309638D0,                     0000035P   4496
-0.2968302808785037D0,-0.1723633695617078D0,                     0000035P   4497
0.02951390973238756D0,-0.2968302808785036D0,                     0000035P   4498
-0.173742537955279D0,0.01476206836329698D0,                      0000035P   4499
-0.2968302808785036D0,-0.174595417643035D0,                      0000035P   4500
0.004917865216374114D0,-0.2968302808785036D0,-0.175D0,0.0D0,     0000035P   4501
-0.281633432316071D0,0.0D0,0.2451482810542529D0,                 0000035P   4502
-0.2816334323160709D0,-0.004184413464396774D0,                   0000035P   4503
0.2451494052887317D0,-0.2816334323160709D0,                      0000035P   4504
-0.01255318543968089D0,0.2450042053112407D0,                     0000035P   4505
-0.2816334323160716D0,-0.02505067818606747D0,                    0000035P   4506
0.2443549757033796D0,-0.2816334323160708D0,                      0000035P   4507
-0.03744007047050955D0,0.2432880471509833D0,                     0000035P   4508
-0.2816334323160713D0,-0.04967426709808777D0,                    0000035P   4509
0.2418183555904943D0,-0.2816334323160705D0,                      0000035P   4510
-0.06171439413618682D0,0.2399675653754484D0,                     0000035P   4511
-0.2816334323160715D0,-0.07352434400188304D0,                    0000035P   4512
0.2377416359858785D0,-0.2816334323160709D0,                      0000035P   4513
-0.08507127390200897D0,0.2351358417589294D0,                     0000035P   4514
-0.2816334323160708D0,-0.09628184402080586D0,                    0000035P   4515
0.2320135506417265D0,-0.2816334323160713D0,-0.107045567632745D0, 0000035P   4516
0.2281585135129459D0,-0.2816334323160713D0,                      0000035P   4517
-0.1170698574111412D0,0.2230075461214044D0,                      0000035P   4518
-0.2816334323160709D0,-0.1260554108064405D0,                     0000035P   4519
0.2161751445953896D0,-0.281633432316071D0,-0.1336723752494619D0, 0000035P   4520
0.2073788176713266D0,-0.2816334323160711D0,                      0000035P   4521
-0.1399814219618363D0,0.1969741542747533D0,                      0000035P   4522
-0.2816334323160707D0,-0.1451645309808859D0,0.185330338276495D0, 0000035P   4523
-0.2816334323160712D0,-0.1494920021243153D0,                     0000035P   4524
0.1728334525998565D0,-0.2816334323160709D0,                      0000035P   4525
-0.1531602724682992D0,0.1597208093316788D0,                      0000035P   4526
-0.2816334323160712D0,-0.156330098886589D0,0.1461658621151757D0, 0000035P   4527
-0.2816334323160705D0,-0.1591064638037909D0,0.132277252655123D0, 0000035P   4528
-0.281633432316071D0,-0.1615724366246837D0,0.1181328699592205D0, 0000035P   4529
-0.2816334323160708D0,-0.1637879580192233D0,                     0000035P   4530
0.1037843622792828D0,-0.2816334323160711D0,                      0000035P   4531
-0.1657973590568532D0,0.08927046169863466D0,                     0000035P   4532
-0.2816334323160709D0,-0.167635920320825D0,                      0000035P   4533
0.07462326041091204D0,-0.281633432316071D0,                      0000035P   4534
-0.1693265306091679D0,0.0598786310333217D0,-0.281633432316071D0, 0000035P   4535
-0.1708952761846676D0,0.04502767507617998D0,                     0000035P   4536
-0.281633432316071D0,-0.1723636011396518D0,                      0000035P   4537
0.03006153093642514D0,-0.2816334323160709D0,                     0000035P   4538
-0.1737430594104886D0,0.01503577930208888D0,                     0000035P   4539
-0.2816334323160712D0,-0.1745957328948627D0,                     0000035P   4540
0.005008599251096041D0,-0.2816334323160709D0,                    0000035P   4541
-0.1749999999999999D0,0.0D0,-0.2664195346597499D0,0.0D0,         0000035P   4542
0.2456401062791867D0,-0.2664195346597498D0,                      0000035P   4543
-0.004184413586256671D0,0.2456411361142621D0,                    0000035P   4544
-0.26641953465975D0,-0.01255318552831726D0,0.2455101731684396D0, 0000035P   4545
-0.2664195346597503D0,-0.02505067812927261D0,                    0000035P   4546
0.2449241767558781D0,-0.26641953465975D0,-0.03744007047484905D0, 0000035P   4547
0.2439610194500804D0,-0.26641953465975D0,-0.04967426710720395D0, 0000035P   4548
0.2426345251138497D0,-0.26641953465975D0,-0.06171439413221189D0, 0000035P   4549
0.2409640997757227D0,-0.2664195346597498D0,                      0000035P   4550
-0.07352434400134068D0,0.2389525599548669D0,                     0000035P   4551
-0.2664195346597501D0,-0.08507127390313995D0,                    0000035P   4552
0.2365911681869071D0,-0.2664195346597499D0,                      0000035P   4553
-0.0962818440208766D0,0.2337348920254907D0,-0.26641953465975D0,  0000035P   4554
-0.1070455676307946D0,0.2301554491264267D0,                      0000035P   4555
-0.2664195346597501D0,-0.1170698574130571D0,                     0000035P   4556
0.2252605166632768D0,-0.26641953465975D0,-0.1260554108130582D0,  0000035P   4557
0.2186360460129705D0,-0.26641953465975D0,-0.1336723752281846D0,  0000035P   4558
0.2099683549665118D0,-0.2664195346597498D0,                      0000035P   4559
-0.1399814219672203D0,0.1996142733850187D0,-0.26641953465975D0,  0000035P   4560
-0.1451645310923933D0,0.1879514971203741D0,                      0000035P   4561
-0.2664195346597498D0,-0.1494920018952299D0,                     0000035P   4562
0.1753826199022895D0,-0.2664195346597501D0,                      0000035P   4563
-0.1531602724293912D0,0.1621565642980674D0,                      0000035P   4564
-0.2664195346597497D0,-0.1563301008489042D0,                     0000035P   4565
0.1484565776544635D0,-0.2664195346597502D0,                      0000035P   4566
-0.1591064625076768D0,0.1343981202263366D0,                      0000035P   4567
-0.2664195346597498D0,-0.1615724308355457D0,0.120064045386117D0, 0000035P   4568
-0.26641953465975D0,-0.163787958296482D0,0.1055091521879541D0,   0000035P   4569
-0.2664195346597498D0,-0.1657973785976471D0,                     0000035P   4570
0.09077549551963282D0,-0.2664195346597503D0,                     0000035P   4571
-0.1676359533731166D0,0.07589779847348732D0,                     0000035P   4572
-0.2664195346597498D0,-0.1693264241122449D0,                     0000035P   4573
0.06091439418450571D0,-0.2664195346597499D0,                     0000035P   4574
-0.1708951520111568D0,0.04581506491953945D0,                     0000035P   4575
-0.2664195346597502D0,-0.1723638169614557D0,                     0000035P   4576
0.03058985591482785D0,-0.26641953465975D0,-0.1737435453868394D0, 0000035P   4577
0.01529984609124134D0,-0.2664195346597497D0,                     0000035P   4578
-0.1745960266975322D0,0.005096139558227889D0,                    0000035P   4579
-0.2664195346597499D0,-0.175D0,0.0D0,-0.2511880978098687D0,      0000035P   4580
0.0D0,0.2461087906321258D0,-0.2511880978098687D0,                0000035P   4581
-0.004184413678704499D0,0.2461094558285441D0,                    0000035P   4582
-0.2511880978098688D0,-0.01255318559556076D0,                    0000035P   4583
0.2459921531994947D0,-0.2511880978098688D0,                      0000035P   4584
-0.02505067808618548D0,0.2454672340091734D0,                     0000035P   4585
-0.2511880978098689D0,-0.03744007047813937D0,                    0000035P   4586
0.2446038759904049D0,-0.2511880978098685D0,                      0000035P   4587
-0.04967426711412446D0,0.2434150548940771D0,                     0000035P   4588
-0.2511880978098687D0,-0.06171439412919656D0,                    0000035P   4589
0.2419181437118928D0,-0.2511880978098691D0,                      0000035P   4590
-0.07352434400090449D0,0.240113035740923D0,                      0000035P   4591
-0.2511880978098685D0,-0.08507127390404051D0,                    0000035P   4592
0.2379867665697178D0,-0.2511880978098688D0,                      0000035P   4593
-0.09628184402098333D0,0.2353863230849909D0,                     0000035P   4594
-0.251188097809869D0,-0.1070455676289963D0,0.2320721228416399D0, 0000035P   4595
-0.2511880978098688D0,-0.1170698574148251D0,                     0000035P   4596
0.2274236775365981D0,-0.2511880978098685D0,                      0000035P   4597
-0.1260554108192106D0,0.2209994101407632D0,                      0000035P   4598
-0.2511880978098689D0,-0.1336723752084101D0,                     0000035P   4599
0.2124555818784386D0,-0.2511880978098688D0,                      0000035P   4600
-0.1399814219722237D0,0.202150296870104D0,-0.2511880978098684D0, 0000035P   4601
-0.1451645311960338D0,0.1904694874962741D0,                      0000035P   4602
-0.2511880978098689D0,-0.1494920016823058D0,                     0000035P   4603
0.1778314863317654D0,-0.2511880978098686D0,                      0000035P   4604
-0.1531602723932274D0,0.1644965423936688D0,                      0000035P   4605
-0.2511880978098689D0,-0.1563301026727853D0,                     0000035P   4606
0.1506575214416039D0,-0.2511880978098684D0,                      0000035P   4607
-0.1591064613029984D0,0.1364360205424213D0,                      0000035P   4608
-0.2511880978098689D0,-0.1615724254548094D0,                     0000035P   4609
0.1219196177560669D0,-0.2511880978098685D0,                      0000035P   4610
-0.1637879585541808D0,0.1071663459551417D0,                      0000035P   4611
-0.2511880978098686D0,-0.1657973967599108D0,                     0000035P   4612
0.09222154357405568D0,-0.2511880978098686D0,                     0000035P   4613
-0.1676359840936929D0,0.07712247627004101D0,                     0000035P   4614
-0.2511880978098688D0,-0.169326325128281D0,                      0000035P   4615
0.06190964649725127D0,-0.2511880978098687D0,                     0000035P   4616
-0.1708950365976225D0,0.04657162288927504D0,                     0000035P   4617
-0.2511880978098688D0,-0.172364017557839D0,                      0000035P   4618
0.03109748421766242D0,-0.2511880978098687D0,                     0000035P   4619
-0.1737439970793775D0,0.01555356892305295D0,                     0000035P   4620
-0.2511880978098688D0,-0.1745962997735229D0,                     0000035P   4621
0.005180252713578187D0,-0.2511880978098686D0,                    0000035P   4622
-0.1749999999999998D0,0.0D0,-0.2359387727099829D0,0.0D0,         0000035P   4623
0.2465536576871218D0,-0.2359387727099828D0,                      0000035P   4624
-0.004184413750881935D0,0.2465538576796736D0,                    0000035P   4625
-0.2359387727099829D0,-0.01255318564806055D0,                    0000035P   4626
0.2464495929754659D0,-0.2359387727099833D0,                      0000035P   4627
-0.02505067805254556D0,0.2459832652038288D0,                     0000035P   4628
-0.2359387727099829D0,-0.03744007048070698D0,                    0000035P   4629
0.2452155361863504D0,-0.2359387727099833D0,                      0000035P   4630
-0.04967426711953109D0,0.2441585818416911D0,                     0000035P   4631
-0.2359387727099828D0,-0.06171439412684282D0,                    0000035P   4632
0.242827837511918D0,-0.2359387727099832D0,                       0000035P   4633
-0.07352434400054432D0,0.2412204170085015D0,                     0000035P   4634
-0.2359387727099833D0,-0.08507127390477738D0,                    0000035P   4635
0.2393192633457059D0,-0.2359387727099828D0,                      0000035P   4636
-0.0962818440211094D0,0.2369637749809939D0,                      0000035P   4637
-0.2359387727099831D0,-0.1070455676273398D0,                     0000035P   4638
0.2339036439257741D0,-0.2359387727099832D0,                      0000035P   4639
-0.1170698574164551D0,0.2294912813722974D0,-0.235938772709983D0, 0000035P   4640
-0.1260554108249125D0,0.2232587679646408D0,                      0000035P   4641
-0.2359387727099831D0,-0.1336723751900881D0,                     0000035P   4642
0.2148337938996217D0,-0.2359387727099831D0,                      0000035P   4643
-0.1399814219768593D0,0.2045754709134407D0,-0.235938772709983D0, 0000035P   4644
-0.1451645312920678D0,0.1928774943741098D0,                      0000035P   4645
-0.2359387727099829D0,-0.1494920014850097D0,                     0000035P   4646
0.1801734559759201D0,-0.2359387727099831D0,                      0000035P   4647
-0.1531602723597182D0,0.1667344966762422D0,                      0000035P   4648
-0.2359387727099829D0,-0.1563301043627988D0,0.152762703181724D0, 0000035P   4649
-0.235938772709983D0,-0.1591064601867401D0,0.138385315832718D0,  0000035P   4650
-0.2359387727099829D0,-0.1615724204690041D0,                     0000035P   4651
0.1236944574299568D0,-0.2359387727099831D0,                      0000035P   4652
-0.1637879587929657D0,0.1087514966806234D0,-0.235938772709983D0, 0000035P   4653
-0.1657974135891163D0,0.09360476215049097D0,                     0000035P   4654
-0.2359387727099834D0,-0.1676360125594665D0,                     0000035P   4655
0.07829388932270581D0,-0.2359387727099829D0,                     0000035P   4656
-0.1693262334094578D0,0.06286158482667842D0,                     0000035P   4657
-0.235938772709983D0,-0.1708949296551123D0,                      0000035P   4658
0.04729524921605309D0,-0.235938772709983D0,                      0000035P   4659
-0.1723642034310203D0,0.03158301329664854D0,                     0000035P   4660
-0.235938772709983D0,-0.1737444156189711D0,                      0000035P   4661
0.01579624689654797D0,-0.235938772709983D0,-0.174596552806515D0, 0000035P   4662
0.005260705141257311D0,-0.235938772709983D0,-0.175D0,0.0D0,      0000035P   4663
-0.2206713161133486D0,0.0D0,0.2469739789644487D0,                0000035P   4664
-0.2206713161133482D0,-0.004184413813398192D0,                   0000035P   4665
0.2469738080097388D0,-0.2206713161133487D0,                      0000035P   4666
-0.01255318569353319D0,0.2468819067612877D0,                     0000035P   4667
-0.2206713161133486D0,-0.02505067802340835D0,                    0000035P   4668
0.2464713200263458D0,-0.2206713161133487D0,                      0000035P   4669
-0.0374400704829304D0,0.2457948577413038D0,                      0000035P   4670
-0.2206713161133485D0,-0.04967426712421539D0,                    0000035P   4671
0.2448637072478725D0,-0.2206713161133487D0,                      0000035P   4672
-0.0617143941248042D0,0.2436912769014022D0,                      0000035P   4673
-0.2206713161133487D0,-0.07352434400022517D0,                    0000035P   4674
0.2422719317067485D0,-0.2206713161133483D0,                      0000035P   4675
-0.08507127390542815D0,0.2405851144600212D0,                     0000035P   4676
-0.2206713161133484D0,-0.09628184402123366D0,                    0000035P   4677
0.2384629911709722D0,-0.2206713161133487D0,                      0000035P   4678
-0.1070455676258125D0,0.2356448949458504D0,                      0000035P   4679
-0.2206713161133488D0,-0.1170698574179583D0,                     0000035P   4680
0.2314572858833815D0,-0.2206713161133483D0,                      0000035P   4681
-0.1260554108301801D0,0.2254072897986112D0,                      0000035P   4682
-0.2206713161133487D0,-0.1336723751731632D0,                     0000035P   4683
0.2170959668900248D0,-0.2206713161133485D0,                      0000035P   4684
-0.1399814219811412D0,0.2068827595467852D0,                      0000035P   4685
-0.2206713161133484D0,-0.1451645313807824D0,                     0000035P   4686
0.1951683886989599D0,-0.2206713161133483D0,                      0000035P   4687
-0.1494920013027508D0,0.1824016335111326D0,                      0000035P   4688
-0.2206713161133487D0,-0.1531602723287627D0,                     0000035P   4689
0.1688639159427451D0,-0.2206713161133484D0,                      0000035P   4690
-0.1563301059240075D0,0.1547658728050872D0,                      0000035P   4691
-0.2206713161133484D0,-0.1591064591555575D0,                     0000035P   4692
0.1402401100531137D0,-0.2206713161133484D0,                      0000035P   4693
-0.1615724158631938D0,0.1253831940687562D0,                      0000035P   4694
-0.2206713161133485D0,-0.1637879590135512D0,                     0000035P   4695
0.1102599799414641D0,-0.2206713161133484D0,                      0000035P   4696
-0.1657974291356782D0,0.09492116106188593D0,                     0000035P   4697
-0.2206713161133487D0,-0.1676360388557114D0,                     0000035P   4698
0.0794084612846193D0,-0.2206713161133484D0,                      0000035P   4699
-0.1693261486810161D0,0.06376725735538594D0,                     0000035P   4700
-0.2206713161133484D0,-0.1708948308632625D0,                     0000035P   4701
0.04798374416103028D0,-0.2206713161133484D0,                     0000035P   4702
-0.1723643751378128D0,0.03204497666717199D0,                     0000035P   4703
-0.2206713161133484D0,-0.1737448022594266D0,                     0000035P   4704
0.01602714726990831D0,-0.2206713161133485D0,                     0000035P   4705
-0.1745967865545104D0,0.005337252177652089D0,                    0000035P   4706
-0.2206713161133484D0,-0.1749999999999998D0,0.0D0,               0000035P   4707
-0.205385830297845D0,0.0D0,0.2473692544608628D0,                 0000035P   4708
-0.205385830297845D0,-0.004184413869361054D0,                    0000035P   4709
0.2473688740146634D0,-0.205385830297845D0,-0.0125531857342391D0, 0000035P   4710
0.247288648813783D0,-0.2053858302978454D0,                       0000035P   4711
-0.02505067799732549D0,0.2469307661273369D0,                     0000035P   4712
-0.2053858302978452D0,-0.03744007048492057D0,                    0000035P   4713
0.2463409667718193D0,-0.205385830297845D0,                       0000035P   4714
-0.04967426712840907D0,0.2455291383232169D0,                     0000035P   4715
-0.205385830297845D0,-0.06171439412297933D0,                     0000035P   4716
0.2445066954051272D0,-0.2053858302978451D0,                      0000035P   4717
-0.07352434399993675D0,0.2432653785126396D0,                     0000035P   4718
-0.2053858302978451D0,-0.08507127390601521D0,                    0000035P   4719
0.2417815757590113D0,-0.2053858302978449D0,                      0000035P   4720
-0.09628184402135108D0,0.2398805867098601D0,                     0000035P   4721
-0.2053858302978451D0,-0.1070455676244099D0,0.237291815747453D0, 0000035P   4722
-0.2053858302978451D0,-0.1170698574193389D0,                     0000035P   4723
0.2333170617499027D0,-0.205385830297845D0,-0.1260554108350211D0, 0000035P   4724
0.2274399095579689D0,-0.205385830297845D0,-0.1336723751576096D0, 0000035P   4725
0.2192365891567174D0,-0.205385830297845D0,-0.1399814219850763D0, 0000035P   4726
0.2090664187062615D0,-0.205385830297845D0,-0.1451645314623077D0, 0000035P   4727
0.197336519800786D0,-0.2053858302978452D0,-0.149492001135262D0,  0000035P   4728
0.1845105357579195D0,-0.205385830297845D0,-0.1531602723003161D0, 0000035P   4729
0.1708795166814792D0,-0.205385830297845D0,-0.1563301073586957D0, 0000035P   4730
0.1566619822600991D0,-0.2053858302978451D0,                      0000035P   4731
-0.1591064582079424D0,0.1419957159613749D0,                      0000035P   4732
-0.2053858302978449D0,-0.1615724116306372D0,                     0000035P   4733
0.1269815978494358D0,-0.2053858302978451D0,                      0000035P   4734
-0.1637879592162607D0,0.111687978490518D0,-0.205385830297845D0,  0000035P   4735
-0.1657974434223484D0,0.09616740767984729D0,                     0000035P   4736
-0.2053858302978453D0,-0.1676360630209113D0,                     0000035P   4737
0.08046344833185831D0,-0.205385830297845D0,                      0000035P   4738
-0.1693260708189589D0,0.06462444140955005D0,                     0000035P   4739
-0.205385830297845D0,-0.1708947400774937D0,                      0000035P   4740
0.04863538801413556D0,-0.205385830297845D0,                      0000035P   4741
-0.1723645329295051D0,0.03248221211936338D0,                     0000035P   4742
-0.205385830297845D0,-0.1737451575665792D0,0.0162456887179779D0, 0000035P   4743
-0.205385830297845D0,-0.1745970013595931D0,                      0000035P   4744
0.005409702378975255D0,-0.205385830297845D0,                     0000035P   4745
-0.1749999999999999D0,0.0D0,-0.1900826449761033D0,0.0D0,         0000035P   4746
0.2477390709161307D0,-0.1900826449761031D0,                      0000035P   4747
-0.004184413918517808D0,0.2477386477664785D0,                    0000035P   4748
-0.1900826449761034D0,-0.01255318576999451D0,                    0000035P   4749
0.2476694144634224D0,-0.1900826449761032D0,                      0000035P   4750
-0.02505067797441475D0,0.2473610908800161D0,                     0000035P   4751
-0.1900826449761035D0,-0.03744007048666843D0,                    0000035P   4752
0.2468530800691976D0,-0.1900826449761033D0,                      0000035P   4753
-0.04967426713209348D0,0.2461536070431088D0,                     0000035P   4754
-0.1900826449761034D0,-0.0617143941213764D0,                     0000035P   4755
0.2452723668554828D0,-0.1900826449761032D0,                      0000035P   4756
-0.07352434399967982D0,0.2441987713110398D0,                     0000035P   4757
-0.1900826449761032D0,-0.08507127390653725D0,                    0000035P   4758
0.2429062109686953D0,-0.1900826449761032D0,                      0000035P   4759
-0.09628184402146206D0,0.2412135135277475D0,                     0000035P   4760
-0.1900826449761033D0,-0.1070455676231311D0,                     0000035P   4761
0.2388407572539494D0,-0.1900826449761033D0,                      0000035P   4762
-0.1170698574205978D0,0.235066535470065D0,-0.1900826449761033D0, 0000035P   4763
-0.1260554108394397D0,0.2293522606049731D0,                      0000035P   4764
-0.1900826449761034D0,-0.1336723751434139D0,0.221250743971477D0, 0000035P   4765
-0.1900826449761034D0,-0.1399814219886678D0,                     0000035P   4766
0.2111212078188929D0,-0.1900826449761033D0,                      0000035P   4767
-0.1451645315367187D0,0.1993768173104793D0,                      0000035P   4768
-0.1900826449761033D0,-0.1494920009823891D0,                     0000035P   4769
0.1864952306472061D0,-0.1900826449761033D0,                      0000035P   4770
-0.1531602722743517D0,0.1727764906845986D0,                      0000035P   4771
-0.1900826449761033D0,-0.1563301086681864D0,                     0000035P   4772
0.1584464552885655D0,-0.1900826449761033D0,                      0000035P   4773
-0.1591064573430203D0,0.1436479255845391D0,                      0000035P   4774
-0.1900826449761031D0,-0.1615724077674342D0,                     0000035P   4775
0.1284858903597501D0,-0.1900826449761032D0,                      0000035P   4776
-0.1637879594012806D0,0.1130319874943754D0,                      0000035P   4777
-0.1900826449761032D0,-0.1657974564622966D0,                     0000035P   4778
0.09734042075863057D0,-0.1900826449761033D0,                     0000035P   4779
-0.1676360850773427D0,0.08145643476849648D0,                     0000035P   4780
-0.1900826449761034D0,-0.1693259997515095D0,                     0000035P   4781
0.06543120466037897D0,-0.1900826449761033D0,                     0000035P   4782
-0.1708946572141166D0,0.049248652723483D0,-0.1900826449761033D0, 0000035P   4783
-0.1723646769515546D0,0.03289367928211817D0,                     0000035P   4784
-0.1900826449761031D0,-0.1737454818679654D0,                     0000035P   4785
0.01645135055637306D0,-0.1900826449761033D0,                     0000035P   4786
-0.1745971974197773D0,0.005477885567871947D0,                    0000035P   4787
-0.1900826449761032D0,-0.1749999999999999D0,0.0D0,               0000035P   4788
-0.1747622175017396D0,0.0D0,0.248083030480833D0,                 0000035P   4789
-0.1747622175017397D0,-0.00418441396152856D0,                    0000035P   4790
0.2480827683004247D0,-0.1747622175017397D0,                      0000035P   4791
-0.0125531858012795D0,0.2480238465393758D0,                      0000035P   4792
-0.1747622175017397D0,-0.02505067795436847D0,                    0000035P   4793
0.2477618098615753D0,-0.1747622175017396D0,                      0000035P   4794
-0.03744007048819756D0,0.2473304665123517D0,                     0000035P   4795
-0.1747622175017398D0,-0.04967426713531771D0,                    0000035P   4796
0.2467358848952473D0,-0.1747622175017396D0,                      0000035P   4797
-0.06171439411997409D0,0.2459865893913786D0,                     0000035P   4798
-0.1747622175017398D0,-0.07352434399945201D0,                    0000035P   4799
0.2450701588092938D0,-0.1747622175017396D0,                      0000035P   4800
-0.08507127390699901D0,0.2439566190830164D0,                     0000035P   4801
-0.1747622175017394D0,-0.09628184402156542D0,                    0000035P   4802
0.2424587514287793D0,-0.1747622175017396D0,                      0000035P   4803
-0.1070455676219749D0,0.2402880971740601D0,                      0000035P   4804
-0.1747622175017397D0,-0.1170698574217362D0,                     0000035P   4805
0.2367016619864734D0,-0.1747622175017395D0,                      0000035P   4806
-0.1260554108434383D0,0.2311400055693886D0,                      0000035P   4807
-0.1747622175017395D0,-0.1336723751305676D0,                     0000035P   4808
0.2231335360275185D0,-0.1747622175017396D0,                      0000035P   4809
-0.1399814219919177D0,0.2130419026750233D0,                      0000035P   4810
-0.1747622175017397D0,-0.1451645316040552D0,                     0000035P   4811
0.2012842319620916D0,-0.1747622175017398D0,                      0000035P   4812
-0.1494920008440505D0,0.188350816296376D0,-0.1747622175017395D0, 0000035P   4813
-0.1531602722508559D0,0.1745500603190422D0,                      0000035P   4814
-0.1747622175017398D0,-0.1563301098531795D0,                     0000035P   4815
0.1601147248141067D0,-0.1747622175017395D0,                      0000035P   4816
-0.1591064565603293D0,0.1451925304241929D0,                      0000035P   4817
-0.1747622175017397D0,-0.1615724042715186D0,                     0000035P   4818
0.1298922994247438D0,-0.1747622175017397D0,                      0000035P   4819
-0.1637879595687102D0,0.1142885161604161D0,                      0000035P   4820
-0.1747622175017394D0,-0.1657974682624926D0,                     0000035P   4821
0.09843713720721703D0,-0.1747622175017399D0,                     0000035P   4822
-0.1676361050367938D0,0.0823850204658052D0,                      0000035P   4823
-0.1747622175017395D0,-0.1693259354406857D0,                     0000035P   4824
0.06618562172812667D0,-0.1747622175017398D0,                     0000035P   4825
-0.1708945822288445D0,0.04982200880428343D0,                     0000035P   4826
-0.1747622175017395D0,-0.1723648072809349D0,                     0000035P   4827
0.03327833449602882D0,-0.1747622175017397D0,                     0000035P   4828
-0.173745775336908D0,0.01664361038110515D0,                      0000035P   4829
-0.1747622175017395D0,-0.1745973748398487D0,                     0000035P   4830
0.005541631336928826D0,-0.1747622175017396D0,-0.175D0,0.0D0,     0000035P   4831
-0.159425021983949D0,0.0D0,0.2484005599699125D0,                 0000035P   4832
-0.1594250219839487D0,-0.004184413998427295D0,                   0000035P   4833
0.2484006232086063D0,-0.159425021983949D0,                       0000035P   4834
-0.01255318582811879D0,0.2483513175457263D0,                     0000035P   4835
-0.159425021983949D0,-0.02505067793717085D0,                     0000035P   4836
0.2481321693640407D0,-0.159425021983949D0,                       0000035P   4837
-0.03744007048950918D0,0.2477720400512072D0,                     0000035P   4838
-0.159425021983949D0,-0.04967426713808444D0,                     0000035P   4839
0.2472744932426046D0,-0.159425021983949D0,                       0000035P   4840
-0.06171439411877096D0,0.2466474452489518D0,                     0000035P   4841
-0.1594250219839489D0,-0.07352434399925314D0,                    0000035P   4842
0.2458771392630119D0,-0.159425021983949D0,                       0000035P   4843
-0.08507127390740128D0,0.2449298351948684D0,                     0000035P   4844
-0.1594250219839489D0,-0.09628184402166166D0,                    0000035P   4845
0.2436126964362086D0,-0.159425021983949D0,-0.1070455676209372D0, 0000035P   4846
0.2416295363414111D0,-0.1594250219839491D0,                      0000035P   4847
-0.1170698574227579D0,0.2382175485412406D0,                      0000035P   4848
-0.1594250219839489D0,-0.1260554108470319D0,                     0000035P   4849
0.2327977981163106D0,-0.1594250219839491D0,                      0000035P   4850
-0.1336723751190232D0,0.2248791823141049D0,-0.159425021983949D0, 0000035P   4851
-0.1399814219948385D0,0.2148224953768806D0,                      0000035P   4852
-0.1594250219839491D0,-0.1451645316645689D0,                     0000035P   4853
0.2030528377231884D0,-0.159425021983949D0,-0.1494920007197285D0, 0000035P   4854
0.1900715089501075D0,-0.159425021983949D0,-0.1531602722297405D0, 0000035P   4855
0.1761946466210416D0,-0.1594250219839489D0,                      0000035P   4856
-0.1563301109181075D0,0.1616615295436556D0,-0.159425021983949D0, 0000035P   4857
-0.1591064558569417D0,0.1466246769046198D0,                      0000035P   4858
-0.1594250219839489D0,-0.1615724011298139D0,                     0000035P   4859
0.1311964223717754D0,-0.1594250219839489D0,                      0000035P   4860
-0.1637879597191756D0,0.1154535611070409D0,-0.159425021983949D0, 0000035P   4861
-0.1657974788670772D0,0.09945404143722816D0,                     0000035P   4862
-0.1594250219839491D0,-0.1676361229739271D0,                     0000035P   4863
0.08324631060196527D0,-0.1594250219839489D0,                     0000035P   4864
-0.1693258776459181D0,0.0668853672812075D0,-0.159425021983949D0, 0000035P   4865
-0.1708945148411772D0,0.05035367986054257D0,                     0000035P   4866
-0.159425021983949D0,-0.1723649244051735D0,                      0000035P   4867
0.03363498504226307D0,-0.1594250219839487D0,                     0000035P   4868
-0.173746039071197D0,0.01682187185831975D0,-0.159425021983949D0, 0000035P   4869
-0.1745975342834884D0,0.005600742172015842D0,                    0000035P   4870
-0.1594250219839489D0,-0.175D0,0.0D0,-0.144071507274428D0,0.0D0, 0000035P   4871
0.2486906851814411D0,-0.144071507274428D0,                       0000035P   4872
-0.004184414028416307D0,0.2486910430277997D0,                    0000035P   4873
-0.1440715072744281D0,-0.01255318584993225D0,                    0000035P   4874
0.248650599111826D0,-0.1440715072744279D0,                       0000035P   4875
-0.02505067792319356D0,0.2484708041595177D0,                     0000035P   4876
-0.144071507274428D0,-0.03744007049057468D0,                     0000035P   4877
0.2481759204463687D0,-0.144071507274428D0,                       0000035P   4878
-0.04967426714033429D0,0.2477673975050824D0,                     0000035P   4879
-0.1440715072744279D0,-0.06171439411779327D0,                    0000035P   4880
0.2472525317985299D0,-0.144071507274428D0,                       0000035P   4881
-0.07352434399908468D0,0.2466162853978158D0,                     0000035P   4882
-0.1440715072744279D0,-0.08507127390773986D0,                    0000035P   4883
0.2458216054062863D0,-0.1440715072744279D0,                      0000035P   4884
-0.09628184402175462D0,0.2446704062372722D0,                     0000035P   4885
-0.144071507274428D0,-0.1070455676200063D0,0.2428592207322083D0, 0000035P   4886
-0.144071507274428D0,-0.1170698574236748D0,0.2396073505102403D0, 0000035P   4887
-0.144071507274428D0,-0.1260554108502634D0,0.2343179645106949D0, 0000035P   4888
-0.144071507274428D0,-0.1336723751086434D0,0.2264798527369916D0, 0000035P   4889
-0.1440715072744278D0,-0.1399814219974641D0,                     0000035P   4890
0.2164551720535411D0,-0.1440715072744279D0,                      0000035P   4891
-0.1451645317189803D0,0.2046746876743636D0,-0.144071507274428D0, 0000035P   4892
-0.1494920006079437D0,0.1916494981179672D0,                      0000035P   4893
-0.1440715072744278D0,-0.153160272210755D0,0.1777028324137559D0, 0000035P   4894
-0.1440715072744281D0,-0.1563301118756422D0,                     0000035P   4895
0.1630800049493705D0,-0.144071507274428D0,-0.1591064552244875D0, 0000035P   4896
0.1479380151406086D0,-0.1440715072744279D0,                      0000035P   4897
-0.1615723983049353D0,0.132392397580751D0,-0.144071507274428D0,  0000035P   4898
-0.1637879598544673D0,0.1165219406117827D0,                      0000035P   4899
-0.1440715072744278D0,-0.1657974884022389D0,                     0000035P   4900
0.1003865817689516D0,-0.1440715072744281D0,                      0000035P   4901
-0.1676361391021844D0,0.08403627156074443D0,                     0000035P   4902
-0.1440715072744278D0,-0.169325825679483D0,                      0000035P   4903
0.06752719121069893D0,-0.1440715072744281D0,                     0000035P   4904
-0.1708944542492416D0,0.05084131557717605D0,                     0000035P   4905
-0.1440715072744281D0,-0.1723650297179792D0,                     0000035P   4906
0.03396209037920976D0,-0.1440715072744279D0,                     0000035P   4907
-0.1737462762091135D0,0.01698536609487249D0,                     0000035P   4908
-0.1440715072744279D0,-0.1745976776479811D0,                     0000035P   4909
0.005654957508877572D0,-0.1440715072744279D0,                    0000035P   4910
-0.1749999999999999D0,0.0D0,-0.128702370808247D0,0.0D0,          0000035P   4911
0.2489525026264725D0,-0.128702370808247D0,                       0000035P   4912
-0.004184414050836011D0,0.2489529554295348D0,                    0000035P   4913
-0.128702370808247D0,-0.01255318586624007D0,                     0000035P   4914
0.2489205673388813D0,-0.1287023708082473D0,                      0000035P   4915
-0.02505067791274408D0,0.2487764554794887D0,                     0000035P   4916
-0.128702370808247D0,-0.03744007049137058D0,0.248540365484077D0, 0000035P   4917
-0.128702370808247D0,-0.04967426714201819D0,                     0000035P   4918
0.2482126614293542D0,-0.1287023708082471D0,                      0000035P   4919
-0.06171439411706252D0,0.2477995334416372D0,                     0000035P   4920
-0.1287023708082472D0,-0.07352434399894792D0,                    0000035P   4921
0.2472843494188988D0,-0.1287023708082471D0,                      0000035P   4922
-0.08507127390801156D0,0.2466279004542581D0,                     0000035P   4923
-0.1287023708082471D0,-0.09628184402184722D0,                    0000035P   4924
0.2456271720967029D0,-0.1287023708082471D0,                      0000035P   4925
-0.1070455676191721D0,0.2439715679728181D0,                      0000035P   4926
-0.1287023708082474D0,-0.117069857424497D0,0.2408645629302844D0, 0000035P   4927
-0.1287023708082469D0,-0.126055410853171D0,0.2356932343800438D0, 0000035P   4928
-0.1287023708082472D0,-0.1336723750993051D0,                     0000035P   4929
0.2279280741872257D0,-0.1287023708082471D0,                      0000035P   4930
-0.1399814219998265D0,0.2179324356464968D0,                      0000035P   4931
-0.1287023708082471D0,-0.1451645317679326D0,                     0000035P   4932
0.2061421874913905D0,-0.1287023708082471D0,-0.149492000507374D0, 0000035P   4933
0.1930773263027767D0,-0.1287023708082473D0,                      0000035P   4934
-0.1531602721936737D0,0.1790675211676764D0,-0.128702370808247D0, 0000035P   4935
-0.1563301127371112D0,0.1643635670367066D0,-0.128702370808247D0, 0000035P   4936
-0.159106454655485D0,0.1491264571557666D0,-0.128702370808247D0,  0000035P   4937
-0.1615723957634666D0,0.1334746182935503D0,-0.128702370808247D0, 0000035P   4938
-0.1637879599761856D0,0.1174886796720651D0,                      0000035P   4939
-0.1287023708082471D0,-0.1657974969807723D0,0.101230388091114D0, 0000035P   4940
-0.1287023708082472D0,-0.167636153612352D0,                      0000035P   4941
0.08475106713662095D0,-0.1287023708082472D0,                     0000035P   4942
-0.1693257789266522D0,0.06810800371724197D0,                     0000035P   4943
-0.1287023708082471D0,-0.1708943997362762D0,                     0000035P   4944
0.05128266593977444D0,-0.1287023708082471D0,                     0000035P   4945
-0.1723651244651317D0,0.03425817104175229D0,                     0000035P   4946
-0.1287023708082469D0,-0.1737464895558411D0,                     0000035P   4947
0.01713335450956321D0,-0.1287023708082471D0,                     0000035P   4948
-0.1745978066292328D0,0.005704027807700956D0,                    0000035P   4949
-0.128702370808247D0,-0.1749999999999999D0,0.0D0,                0000035P   4950
-0.1133185382724975D0,0.0D0,0.2491850455319259D0,                0000035P   4951
-0.1133185382724974D0,-0.004184414064957725D0,                   0000035P   4952
0.249185212290056D0,-0.1133185382724975D0,                       0000035P   4953
-0.01255318587651231D0,0.249160019100819D0,                      0000035P   4954
-0.1133185382724975D0,-0.025050677906162D0,0.249047779865289D0,  0000035P   4955
-0.1133185382724975D0,-0.03744007049187063D0,                    0000035P   4956
0.2488635222424731D0,-0.1133185382724975D0,                      0000035P   4957
-0.04967426714308211D0,0.2486082395854772D0,                     0000035P   4958
-0.1133185382724974D0,-0.0617143941166025D0,                     0000035P   4959
0.2482860130884616D0,-0.1133185382724975D0,                      0000035P   4960
-0.07352434399884467D0,0.247877904365696D0,                      0000035P   4961
-0.1133185382724974D0,-0.08507127390821249D0,                    0000035P   4962
0.2473444723487803D0,-0.1133185382724975D0,                      0000035P   4963
-0.09628184402194294D0,0.2464780394739382D0,                     0000035P   4964
-0.1133185382724975D0,-0.1070455676184239D0,                     0000035P   4965
0.2449607064359029D0,-0.1133185382724975D0,                      0000035P   4966
-0.1170698574252349D0,0.2419823408520611D0,                      0000035P   4967
-0.1133185382724975D0,-0.1260554108557947D0,                     0000035P   4968
0.2369159551667716D0,-0.1133185382724975D0,                      0000035P   4969
-0.1336723750908812D0,0.2292159932855558D0,                      0000035P   4970
-0.1133185382724974D0,-0.1399814220019576D0,                     0000035P   4971
0.2192464165177516D0,-0.1133185382724975D0,-0.145164531812096D0, 0000035P   4972
0.2074473599714159D0,-0.1133185382724975D0,                      0000035P   4973
-0.1494920004166429D0,0.1943471598136682D0,                      0000035P   4974
-0.1133185382724975D0,-0.1531602721782635D0,                     0000035P   4975
0.1802812623353476D0,-0.1133185382724975D0,                      0000035P   4976
-0.1563301135143058D0,0.1655053067997723D0,                      0000035P   4977
-0.1133185382724974D0,-0.159106454142146D0,0.1501836132862679D0, 0000035P   4978
-0.1133185382724973D0,-0.1615723934706207D0,                     0000035P   4979
0.1344371964261815D0,-0.1133185382724975D0,                      0000035P   4980
-0.1637879600859967D0,0.1183485579282716D0,                      0000035P   4981
-0.1133185382724974D0,-0.1657975047200991D0,0.101980875535942D0, 0000035P   4982
-0.1133185382724975D0,-0.1676361667030424D0,                     0000035P   4983
0.08538666547786072D0,-0.1133185382724974D0,                     0000035P   4984
-0.1693257367474814D0,0.06862455684966769D0,                     0000035P   4985
-0.1133185382724974D0,-0.1708943505561157D0,                     0000035P   4986
0.05167536845947179D0,-0.1133185382724975D0,                     0000035P   4987
-0.172365209943515D0,0.03452167437573554D0,                      0000035P   4988
-0.1133185382724975D0,-0.1737466820316322D0,                     0000035P   4989
0.0172650620143977D0,-0.1133185382724973D0,                      0000035P   4990
-0.1745979229927169D0,0.005747691071951269D0,                    0000035P   4991
-0.1133185382724974D0,-0.175D0,0.0D0,-0.09792228606964076D0,     0000035P   4992
0.0D0,0.2493895851381938D0,-0.09792228606964079D0,               0000035P   4993
-0.004184414073057125D0,0.2493893365575385D0,                    0000035P   4994
-0.09792228606964083D0,-0.01255318588240414D0,                   0000035P   4995
0.2493704957743209D0,-0.0979222860696408D0,                      0000035P   4996
-0.02505067790238668D0,0.2492863855771721D0,                     0000035P   4997
-0.09792228606964078D0,-0.03744007049215623D0,                   0000035P   4998
0.2491475830068641D0,-0.09792228606964071D0,                     0000035P   4999
-0.04967426714369559D0,0.2489564110646555D0,                     0000035P   5000
-0.09792228606964082D0,-0.06171439411633899D0,                   0000035P   5001
0.2487145237038045D0,-0.09792228606964082D0,                     0000035P   5002
-0.07352434399876714D0,0.2484004962277133D0,                     0000035P   5003
-0.09792228606964071D0,-0.08507127390835903D0,                   0000035P   5004
0.2479754970577414D0,-0.0979222860696408D0,                      0000035P   5005
-0.09628184402203689D0,0.2472276337122805D0,                     0000035P   5006
-0.09792228606964087D0,-0.1070455676177611D0,                    0000035P   5007
0.2458321532371601D0,-0.09792228606964082D0,                     0000035P   5008
-0.1170698574258891D0,0.2429670487847857D0,                      0000035P   5009
-0.09792228606964065D0,-0.1260554108581305D0,                    0000035P   5010
0.2379930668622763D0,-0.09792228606964087D0,                     0000035P   5011
-0.1336723750833828D0,0.2303507776452949D0,                      0000035P   5012
-0.09792228606964085D0,-0.1399814220038541D0,                    0000035P   5013
0.2204043379089248D0,-0.09792228606964082D0,                     0000035P   5014
-0.1451645318514086D0,0.2085974340472851D0,                      0000035P   5015
-0.09792228606964078D0,-0.1494920003358776D0,                    0000035P   5016
0.1954660446386356D0,-0.0979222860696408D0,                      0000035P   5017
-0.1531602721645462D0,0.1813507436940211D0,                      0000035P   5018
-0.09792228606964085D0,-0.1563301142061314D0,                    0000035P   5019
0.1665114249809748D0,-0.09792228606964072D0,                     0000035P   5020
-0.1591064536851932D0,0.151115238418082D0,                       0000035P   5021
-0.09792228606964073D0,-0.1615723914296264D0,                    0000035P   5022
0.1352854701189163D0,-0.09792228606964076D0,                     0000035P   5023
-0.1637879601837456D0,0.1191063520383247D0,                      0000035P   5024
-0.09792228606964071D0,-0.1657975116093193D0,                    0000035P   5025
0.1026422156765683D0,-0.09792228606964092D0,                     0000035P   5026
-0.1676361783558201D0,0.08594663109303347D0,                     0000035P   5027
-0.09792228606964071D0,-0.1693256992013721D0,                    0000035P   5028
0.06907970556631056D0,-0.09792228606964078D0,                    0000035P   5029
-0.1708943067780229D0,0.05202152851655149D0,                     0000035P   5030
-0.09792228606964078D0,-0.172365286032746D0,                     0000035P   5031
0.03475399224725272D0,-0.09792228606964064D0,                    0000035P   5032
-0.1737468533654195D0,0.01738118369079179D0,                     0000035P   5033
-0.09792228606964082D0,-0.1745980265745557D0,                    0000035P   5034
0.005786180754487143D0,-0.09792228606964073D0,-0.175D0,0.0D0,    0000035P   5035
-0.08251558513181712D0,0.0D0,0.2495671143316263D0,               0000035P   5036
-0.08251558513181705D0,-0.004184414077356958D0,                  0000035P   5037
0.2495665588589829D0,-0.08251558513181714D0,                     0000035P   5038
-0.01255318588553229D0,0.2495532388344696D0,                     0000035P   5039
-0.08251558513181713D0,-0.02505067790038224D0,                   0000035P   5040
0.2494935486926465D0,-0.08251558513181718D0,                     0000035P   5041
-0.03744007049230665D0,0.2493943278549027D0,                     0000035P   5042
-0.0825155851318172D0,-0.04967426714402451D0,                    0000035P   5043
0.2492589681727768D0,-0.08251558513181709D0,                     0000035P   5044
-0.06171439411619928D0,0.2490870291891359D0,                     0000035P   5045
-0.0825155851318172D0,-0.07352434399870858D0,                    0000035P   5046
0.2488549271327156D0,-0.08251558513181714D0,                     0000035P   5047
-0.0850712739084669D0,0.2485242578027539D0,                      0000035P   5048
-0.08251558513181716D0,-0.09628184402212481D0,                   0000035P   5049
0.2478795371493943D0,-0.08251558513181717D0,                     0000035P   5050
-0.1070455676171837D0,0.2465902012415111D0,                      0000035P   5051
-0.08251558513181724D0,-0.1170698574264592D0,                    0000035P   5052
0.2438236606361096D0,-0.08251558513181709D0,                     0000035P   5053
-0.1260554108601719D0,0.2389299923115445D0,                      0000035P   5054
-0.08251558513181716D0,-0.1336723750768311D0,                    0000035P   5055
0.2313380002810587D0,-0.08251558513181709D0,                     0000035P   5056
-0.1399814220055112D0,0.2214117975606149D0,                      0000035P   5057
-0.08251558513181716D0,-0.1451645318857593D0,                    0000035P   5058
0.2095980229913795D0,-0.0825155851318172D0,                      0000035P   5059
-0.1494920002653061D0,0.1964394558190604D0,                      0000035P   5060
-0.08251558513181712D0,-0.1531602721525601D0,                    0000035P   5061
0.1822811546147435D0,-0.08251558513181713D0,                     0000035P   5062
-0.1563301148106399D0,0.1673867171299792D0,                      0000035P   5063
-0.08251558513181709D0,-0.1591064532859138D0,                    0000035P   5064
0.1519257837471766D0,-0.08251558513181706D0,                     0000035P   5065
-0.1615723896462306D0,0.1360235828745523D0,                      0000035P   5066
-0.08251558513181707D0,-0.1637879602691576D0,                    0000035P   5067
0.1197657700905899D0,-0.08251558513181705D0,                     0000035P   5068
-0.1657975176290356D0,0.1032176490700659D0,                      0000035P   5069
-0.08251558513181714D0,-0.1676361885378733D0,                    0000035P   5070
0.08643374211763744D0,-0.08251558513181717D0,                    0000035P   5071
-0.1693256663940447D0,0.06947566689297158D0,                     0000035P   5072
-0.08251558513181712D0,-0.1708942685252643D0,                    0000035P   5073
0.05232276683149813D0,-0.08251558513181717D0,                    0000035P   5074
-0.1723653525185794D0,0.03495619142304567D0,                     0000035P   5075
-0.08251558513181712D0,-0.1737470030747715D0,                    0000035P   5076
0.01748225211714206D0,-0.08251558513181709D0,                    0000035P   5077
-0.1745981170830905D0,0.005819676426566751D0,                    0000035P   5078
-0.08251558513181712D0,-0.175D0,0.0D0,-0.06710053903922453D0,    0000035P   5079
0.0D0,0.2497198167632659D0,-0.06710053903922465D0,               0000035P   5080
-0.004184414080404196D0,0.2497193676876014D0,                    0000035P   5081
-0.06710053903922447D0,-0.01255318588774928D0,                   0000035P   5082
0.2497107800426578D0,-0.06710053903922464D0,                     0000035P   5083
-0.02505067789896166D0,0.2496719727140868D0,                     0000035P   5084
-0.06710053903922458D0,-0.03744007049241281D0,                   0000035P   5085
0.2496073180842476D0,-0.0671005390392246D0,                      0000035P   5086
-0.04967426714425874D0,0.2495197965513888D0,                     0000035P   5087
-0.06710053903922461D0,-0.06171439411610048D0,                   0000035P   5088
0.2494080203003946D0,-0.06710053903922458D0,                     0000035P   5089
-0.07352434399866048D0,0.2492472041357274D0,                     0000035P   5090
-0.06710053903922453D0,-0.08507127390855487D0,                   0000035P   5091
0.2489978851490182D0,-0.06710053903922454D0,                     0000035P   5092
-0.09628184402220112D0,0.2484418211242197D0,                     0000035P   5093
-0.0671005390392246D0,-0.1070455676166893D0,                     0000035P   5094
0.2472444150769397D0,-0.06710053903922453D0,                     0000035P   5095
-0.1170698574269474D0,0.2445631442383188D0,                      0000035P   5096
-0.06710053903922449D0,-0.1260554108619222D0,                    0000035P   5097
0.2397386979723207D0,-0.06710053903922464D0,                     0000035P   5098
-0.1336723750712134D0,0.2321901055132531D0,                      0000035P   5099
-0.06710053903922453D0,-0.1399814220069322D0,                    0000035P   5100
0.2222813931090449D0,-0.06710053903922461D0,                     0000035P   5101
-0.1451645319152136D0,0.2104617017795688D0,                      0000035P   5102
-0.06710053903922453D0,-0.1494920002047942D0,                    0000035P   5103
0.1972796401679511D0,-0.06710053903922461D0,                     0000035P   5104
-0.1531602721422824D0,0.1830841432948803D0,                      0000035P   5105
-0.06710053903922453D0,-0.1563301153289793D0,                    0000035P   5106
0.1681420326368576D0,-0.06710053903922451D0,                     0000035P   5107
-0.1591064529435493D0,0.1526253156350833D0,                      0000035P   5108
-0.06710053903922453D0,-0.1615723881170484D0,                    0000035P   5109
0.1366608245903507D0,-0.06710053903922451D0,                     0000035P   5110
-0.1637879603423947D0,0.1203351232262841D0,                      0000035P   5111
-0.06710053903922453D0,-0.1657975227906733D0,                    0000035P   5112
0.103714428733943D0,-0.06710053903922465D0,                      0000035P   5113
-0.1676361972685307D0,0.08685417016579745D0,                     0000035P   5114
-0.06710053903922449D0,-0.1693256382632229D0,                    0000035P   5115
0.06981740859136956D0,-0.06710053903922458D0,                    0000035P   5116
-0.170894235725229D0,0.05258278923184655D0,                      0000035P   5117
-0.0671005390392245D0,-0.1723654095272182D0,                     0000035P   5118
0.03513073580485557D0,-0.0671005390392245D0,                     0000035P   5119
-0.1737471314438706D0,0.01756949818875654D0,                     0000035P   5120
-0.06710053903922453D0,-0.1745981946901256D0,                    0000035P   5121
0.005848589430000299D0,-0.06710053903922453D0,-0.175D0,0.0D0,    0000035P   5122
-0.05167707236505643D0,0.0D0,0.2498431514579824D0,               0000035P   5123
-0.05167707236505641D0,-0.004184414082876436D0,                  0000035P   5124
0.2498431373557644D0,-0.05167707236505647D0,                     0000035P   5125
-0.01255318588954792D0,0.249838354309552D0,                      0000035P   5126
-0.05167707236505648D0,-0.0250506778978091D0,                    0000035P   5127
0.2498162929529353D0,-0.05167707236505648D0,                     0000035P   5128
-0.03744007049249892D0,0.2497800338584983D0,                     0000035P   5129
-0.0516770723650565D0,-0.04967426714444886D0,                    0000035P   5130
0.2497309454707961D0,-0.05167707236505642D0,                     0000035P   5131
-0.06171439411602019D0,0.2496677061569D0,-0.05167707236505648D0, 0000035P   5132
-0.07352434399862165D0,0.2495652010531421D0,                     0000035P   5133
-0.0516770723650565D0,-0.08507127390862561D0,0.24938174316221D0, 0000035P   5134
-0.05167707236505644D0,-0.09628184402226242D0,                   0000035P   5135
0.2488971701400904D0,-0.05167707236505645D0,                     0000035P   5136
-0.1070455676162922D0,0.2477745377390998D0,                      0000035P   5137
-0.05167707236505649D0,-0.1170698574273393D0,                    0000035P   5138
0.245162554426706D0,-0.05167707236505639D0,                      0000035P   5139
-0.1260554108633272D0,0.2403941276311475D0,                      0000035P   5140
-0.05167707236505646D0,-0.1336723750667036D0,                    0000035P   5141
0.2328806642247563D0,-0.05167707236505645D0,                     0000035P   5142
-0.1399814220080727D0,0.2229861230051678D0,                      0000035P   5143
-0.05167707236505643D0,-0.1451645319388581D0,                    0000035P   5144
0.2111616602465629D0,-0.05167707236505649D0,                     0000035P   5145
-0.149492000156218D0,0.1979605334131494D0,-0.0516770723650565D0, 0000035P   5146
-0.153160272134032D0,0.1837348189928846D0,                       0000035P   5147
-0.05167707236505645D0,-0.156330115745078D0,                     0000035P   5148
0.1687539763689998D0,-0.05167707236505646D0,                     0000035P   5149
-0.1591064526687149D0,0.1531921363177078D0,                      0000035P   5150
-0.05167707236505639D0,-0.1615723868894911D0,                    0000035P   5151
0.1371773682811766D0,-0.05167707236505642D0,                     0000035P   5152
-0.163787960401186D0,0.1207966789803209D0,                       0000035P   5153
-0.05167707236505641D0,-0.1657975269341989D0,                    0000035P   5154
0.1041171058610853D0,-0.05167707236505645D0,                     0000035P   5155
-0.1676362042771003D0,0.08719488705468301D0,                     0000035P   5156
-0.05167707236505648D0,-0.1693256156810943D0,                    0000035P   5157
0.07009433640727664D0,-0.05167707236505646D0,                    0000035P   5158
-0.17089420939487D0,0.05279350674963447D0,                       0000035P   5159
-0.05167707236505645D0,-0.1723654552911297D0,                    0000035P   5160
0.03527218662118864D0,-0.05167707236505644D0,                    0000035P   5161
-0.1737472344926734D0,0.01764020289013869D0,                     0000035P   5162
-0.05167707236505643D0,-0.1745982569894814D0,                    0000035P   5163
0.00587202006653142D0,-0.05167707236505645D0,                    0000035P   5164
-0.1749999999999999D0,0.0D0,-0.03624540877841179D0,0.0D0,        0000035P   5165
0.2499300957999684D0,-0.03624540877841177D0,                     0000035P   5166
-0.004184414084533451D0,0.2499305776412902D0,                    0000035P   5167
-0.03624540877841183D0,-0.01255318589075346D0,                   0000035P   5168
0.2499284673933017D0,-0.03624540877841181D0,                     0000035P   5169
-0.02505067789703664D0,0.2499181464143883D0,                     0000035P   5170
-0.03624540877841181D0,-0.0374400704925566D0,                    0000035P   5171
0.2499021652953057D0,-0.03624540877841179D0,                     0000035P   5172
-0.04967426714457635D0,0.2498800658363936D0,                     0000035P   5173
-0.03624540877841185D0,-0.06171439411596648D0,                   0000035P   5174
0.2498510200858445D0,-0.03624540877841182D0,                     0000035P   5175
-0.07352434399859475D0,0.2497900249391978D0,                     0000035P   5176
-0.03624540877841172D0,-0.08507127390867469D0,                   0000035P   5177
0.2496530866726952D0,-0.03624540877841184D0,                     0000035P   5178
-0.09628184402230569D0,0.249218856841177D0,                      0000035P   5179
-0.0362454087784118D0,-0.1070455676160136D0,                     0000035P   5180
0.2481492300797832D0,-0.03624540877841185D0,                     0000035P   5181
-0.1170698574276145D0,0.2455863233985187D0,                      0000035P   5182
-0.03624540877841177D0,-0.1260554108643135D0,                    0000035P   5183
0.2408574502862624D0,-0.03624540877841186D0,                     0000035P   5184
-0.133672375063538D0,0.2333687999300925D0,                       0000035P   5185
-0.03624540877841176D0,-0.1399814220088733D0,                    0000035P   5186
0.2234842778173665D0,-0.03624540877841184D0,                     0000035P   5187
-0.1451645319554561D0,0.2116564534369235D0,                      0000035P   5188
-0.03624540877841178D0,-0.1494920001221186D0,                    0000035P   5189
0.1984418351053951D0,-0.03624540877841179D0,                     0000035P   5190
-0.1531602721282404D0,0.1841947206791479D0,                      0000035P   5191
-0.0362454087784118D0,-0.15633011603717D0,0.1691864478600903D0,  0000035P   5192
-0.03624540877841174D0,-0.1591064524757876D0,                    0000035P   5193
0.1535927590401941D0,-0.03624540877841179D0,                     0000035P   5194
-0.1615723860277744D0,0.1375425634823821D0,                      0000035P   5195
-0.03624540877841182D0,-0.1637879604424559D0,                    0000035P   5196
0.1211230215127544D0,-0.03624540877841179D0,                     0000035P   5197
-0.1657975298428581D0,0.1044017921112685D0,                      0000035P   5198
-0.03624540877841181D0,-0.1676362091969544D0,                    0000035P   5199
0.08743572624291268D0,-0.03624540877841181D0,                    0000035P   5200
-0.1693255998289618D0,0.07029007525630572D0,                     0000035P   5201
-0.03624540877841179D0,-0.1708941909115665D0,                    0000035P   5202
0.0529424552955422D0,-0.03624540877841181D0,                     0000035P   5203
-0.1723654874163381D0,0.03537217573848485D0,                     0000035P   5204
-0.03624540877841175D0,-0.1737473068305522D0,                    0000035P   5205
0.01769018310030529D0,-0.0362454087784118D0,                     0000035P   5206
-0.1745983007221895D0,0.005888582388518942D0,                    0000035P   5207
-0.03624540877841179D0,-0.1749999999999999D0,0.0D0,              0000035P   5208
-0.02080748676232273D0,0.0D0,0.2499714238700846D0,               0000035P   5209
-0.02080748676232274D0,-0.004184414085307956D0,                  0000035P   5210
0.249972202754035D0,-0.02080748676232271D0,                      0000035P   5211
-0.01255318589131698D0,0.2499713599471351D0,                     0000035P   5212
-0.02080748676232276D0,-0.02505067789667557D0,                   0000035P   5213
0.2499665985736733D0,-0.02080748676232274D0,                     0000035P   5214
-0.03744007049258355D0,0.2499603404757194D0,                     0000035P   5215
-0.02080748676232275D0,-0.04967426714463605D0,                   0000035P   5216
0.2499510350519921D0,-0.02080748676232273D0,                     0000035P   5217
-0.06171439411594136D0,0.2499382343878929D0,                     0000035P   5218
-0.02080748676232274D0,-0.0735243439985821D0,                    0000035P   5219
0.2498971004783867D0,-0.02080748676232278D0,                     0000035P   5220
-0.08507127390869786D0,0.2497823032867107D0,                     0000035P   5221
-0.02080748676232272D0,-0.09628184402232619D0,                   0000035P   5222
0.2493719846964384D0,-0.02080748676232275D0,                     0000035P   5223
-0.1070455676158816D0,0.2483276472557893D0,                      0000035P   5224
-0.02080748676232273D0,-0.117069857427745D0,                     0000035P   5225
0.2457881429157104D0,-0.02080748676232273D0,                     0000035P   5226
-0.126055410864781D0,0.2410780911046116D0,                       0000035P   5227
-0.02080748676232273D0,-0.1336723750620378D0,                    0000035P   5228
0.2336012499936984D0,-0.02080748676232274D0,                     0000035P   5229
-0.1399814220092528D0,0.2237214990105821D0,                      0000035P   5230
-0.02080748676232273D0,-0.1451645319633217D0,                    0000035P   5231
0.2118920776859238D0,-0.02080748676232275D0,                     0000035P   5232
-0.1494920001059594D0,0.1986710301260897D0,                      0000035P   5233
-0.02080748676232271D0,-0.1531602721254959D0,                    0000035P   5234
0.1844137121204937D0,-0.02080748676232273D0,                     0000035P   5235
-0.1563301161755887D0,0.1693923602442001D0,                      0000035P   5236
-0.02080748676232272D0,-0.1591064523843616D0,                    0000035P   5237
0.1537835201104709D0,-0.02080748676232273D0,                     0000035P   5238
-0.161572385619417D0,0.1377164898326184D0,-0.0208074867623227D0, 0000035P   5239
-0.1637879604620135D0,0.1212784515474942D0,                      0000035P   5240
-0.02080748676232274D0,-0.1657975312212372D0,                    0000035P   5241
0.1045373739194981D0,-0.02080748676232274D0,                     0000035P   5242
-0.167636211528415D0,0.0875504128336535D0,                       0000035P   5243
-0.02080748676232273D0,-0.1693255923168239D0,                    0000035P   5244
0.07038328172594252D0,-0.02080748676232273D0,                    0000035P   5245
-0.1708941821525482D0,0.05301338356880374D0,                     0000035P   5246
-0.02080748676232273D0,-0.1723655026400935D0,                    0000035P   5247
0.03541979057946108D0,-0.02080748676232274D0,                    0000035P   5248
-0.1737473411106162D0,0.01771398377492928D0,                     0000035P   5249
-0.02080748676232271D0,-0.1745983214466018D0,                    0000035P   5250
0.005896469266420104D0,-0.02080748676232273D0,-0.175D0,0.0D0,    0000035P   5251
-0.005368058045418827D0,0.0D0,0.2499699067963059D0,              0000035P   5252
-0.005368058045418818D0,-0.00418441408528057D0,                  0000035P   5253
0.249970667441536D0,-0.005368058045418829D0,                     0000035P   5254
-0.01255318589129705D0,0.2499697784753821D0,                     0000035P   5255
-0.005368058045418835D0,-0.02505067789668831D0,                  0000035P   5256
0.2499648155434435D0,-0.00536805804541883D0,                     0000035P   5257
-0.03744007049258261D0,0.2499581904797259D0,                     0000035P   5258
-0.00536805804541883D0,-0.04967426714463388D0,                   0000035P   5259
0.2499484196216799D0,-0.005368058045418831D0,                    0000035P   5260
-0.06171439411594226D0,0.2499350236874912D0,                     0000035P   5261
-0.005368058045418836D0,-0.07352434399858243D0,                  0000035P   5262
0.2498931451938532D0,-0.00536805804541882D0,                     0000035P   5263
-0.08507127390869711D0,0.2497775318756207D0,                     0000035P   5264
-0.005368058045418836D0,-0.09628184402232538D0,                  0000035P   5265
0.2493663378529494D0,-0.005368058045418826D0,                    0000035P   5266
-0.1070455676158864D0,0.2483210609420525D0,                      0000035P   5267
-0.005368058045418839D0,-0.1170698574277401D0,                   0000035P   5268
0.2457806886948915D0,-0.00536805804541883D0,                     0000035P   5269
-0.1260554108647641D0,0.241069943628131D0,                       0000035P   5270
-0.005368058045418832D0,-0.1336723750620922D0,                   0000035P   5271
0.2335926673172661D0,-0.005368058045418829D0,                    0000035P   5272
-0.1399814220092391D0,0.2237127401889856D0,                      0000035P   5273
-0.005368058045418825D0,-0.1451645319630357D0,                   0000035P   5274
0.2118833773568372D0,-0.005368058045418823D0,                    0000035P   5275
-0.1494920001065466D0,0.1986625677202483D0,                      0000035P   5276
-0.005368058045418829D0,-0.1531602721255956D0,                   0000035P   5277
0.1844056279974764D0,-0.005368058045418819D0,                    0000035P   5278
-0.1563301161705594D0,0.1693847610465567D0,                      0000035P   5279
-0.005368058045418834D0,-0.1591064523876835D0,                   0000035P   5280
0.1537764785501383D0,-0.005368058045418823D0,                    0000035P   5281
-0.1615723856342548D0,0.1377100655819531D0,                      0000035P   5282
-0.00536805804541883D0,-0.1637879604613029D0,                    0000035P   5283
0.1212727095987293D0,-0.005368058045418828D0,                    0000035P   5284
-0.165797531171154D0,0.1045323661835529D0,                       0000035P   5285
-0.005368058045418825D0,-0.1676362114437014D0,                   0000035P   5286
0.08754617840414013D0,-0.005368058045418836D0,                   0000035P   5287
-0.1693255925897768D0,0.07037984080849152D0,                     0000035P   5288
-0.005368058045418831D0,-0.1708941824708063D0,                   0000035P   5289
0.05301076484217146D0,-0.005368058045418832D0,                   0000035P   5290
-0.1723655020869397D0,0.03541803252360612D0,                     0000035P   5291
-0.005368058045418822D0,-0.173747339865053D0,                    0000035P   5292
0.01771310498593342D0,-0.005368058045418817D0,                   0000035P   5293
-0.174598320693582D0,0.005896178075282659D0,                     0000035P   5294
-0.005368058045418828D0,-0.175D0,0.0D0,0.01007082380140735D0,    0000035P   5295
0.0D0,0.2499550079462873D0,0.01007082380140733D0,                0000035P   5296
-0.004184414085001155D0,0.2499556629317873D0,                    0000035P   5297
0.01007082380140736D0,-0.01255318589109376D0,                    0000035P   5298
0.2499543169792887D0,0.01007082380140735D0,                      0000035P   5299
-0.02505067789681857D0,0.2499473493079616D0,                     0000035P   5300
0.01007082380140737D0,-0.03744007049257288D0,                    0000035P   5301
0.2499372210282864D0,0.01007082380140735D0,                      0000035P   5302
-0.0496742671446124D0,0.2499228370772932D0,                      0000035P   5303
0.01007082380140735D0,-0.06171439411595125D0,                    0000035P   5304
0.2499035845517577D0,0.01007082380140736D0,                      0000035P   5305
-0.07352434399858716D0,0.2498545490557622D0,                     0000035P   5306
0.01007082380140735D0,-0.08507127390868861D0,                    0000035P   5307
0.2497309544894773D0,0.01007082380140735D0,                      0000035P   5308
-0.09628184402231806D0,0.2493111399682574D0,                     0000035P   5309
0.01007082380140735D0,-0.1070455676159338D0,                     0000035P   5310
0.2482567483719584D0,0.01007082380140736D0,                      0000035P   5311
-0.1170698574276933D0,0.2457079412525881D0,                      0000035P   5312
0.01007082380140735D0,-0.1260554108645956D0,                     0000035P   5313
0.2409904115265073D0,0.01007082380140736D0,                      0000035P   5314
-0.1336723750626333D0,0.2335088782910114D0,                      0000035P   5315
0.01007082380140735D0,-0.1399814220091021D0,                     0000035P   5316
0.2236272313569845D0,0.01007082380140735D0,                      0000035P   5317
-0.1451645319601997D0,0.2117984442505031D0,                      0000035P   5318
0.01007082380140734D0,-0.149492000112373D0,0.1985799519905339D0, 0000035P   5319
0.01007082380140736D0,-0.1531602721265851D0,0.184326689954354D0, 0000035P   5320
0.01007082380140735D0,-0.1563301161206492D0,                     0000035P   5321
0.1693105370942277D0,0.01007082380140735D0,                      0000035P   5322
-0.1591064524206492D0,0.1537077163931581D0,                      0000035P   5323
0.01007082380140735D0,-0.1615723857814977D0,                     0000035P   5324
0.1376473725037597D0,0.01007082380140735D0,                      0000035P   5325
-0.1637879604542508D0,0.121216683831483D0,0.01007082380140735D0, 0000035P   5326
-0.1657975306741463D0,0.1044834946494909D0,                      0000035P   5327
0.01007082380140735D0,-0.1676362106030376D0,                     0000035P   5328
0.08750483841660979D0,0.01007082380140737D0,                     0000035P   5329
-0.1693255952984574D0,0.07034624347326671D0,                     0000035P   5330
0.01007082380140733D0,-0.1708941856290797D0,                     0000035P   5331
0.05298519798731059D0,0.01007082380140736D0,                     0000035P   5332
-0.172365496597651D0,0.03540086926032481D0,                      0000035P   5333
0.01007082380140733D0,-0.1737473275045567D0,0.017704525787884D0, 0000035P   5334
0.01007082380140735D0,-0.1745983132209002D0,                     0000035P   5335
0.005893335166068572D0,0.01007082380140735D0,                    0000035P   5336
-0.1749999999999999D0,0.0D0,0.02036368438694566D0,0.0D0,         0000035P   5337
0.2499527879701684D0,0.02036368438694568D0,                      0000035P   5338
-0.004184414084959528D0,0.2499534271608493D0,                    0000035P   5339
0.02036368438694565D0,-0.01255318589106346D0,                    0000035P   5340
0.2499520131185035D0,0.02036368438694569D0,                      0000035P   5341
-0.02505067789683798D0,0.2499447467522739D0,                     0000035P   5342
0.02036368438694566D0,-0.03744007049257142D0,                    0000035P   5343
0.2499340964121471D0,0.0203636843869457D0,                       0000035P   5344
-0.04967426714460912D0,0.2499190251250266D0,                     0000035P   5345
0.02036368438694566D0,-0.06171439411595265D0,                    0000035P   5346
0.249898899956159D0,0.02036368438694569D0,                       0000035P   5347
-0.07352434399858779D0,0.249848797935853D0,                      0000035P   5348
0.02036368438694565D0,-0.08507127390868739D0,                    0000035P   5349
0.2497240141148201D0,0.02036368438694568D0,                      0000035P   5350
-0.09628184402231685D0,0.2493029151280832D0,                     0000035P   5351
0.02036368438694567D0,-0.1070455676159411D0,                     0000035P   5352
0.2482471653369291D0,0.02036368438694568D0,                      0000035P   5353
-0.1170698574276862D0,0.2456971013331106D0,                      0000035P   5354
0.02036368438694568D0,-0.1260554108645704D0,                     0000035P   5355
0.2409785606548743D0,0.02036368438694568D0,                      0000035P   5356
-0.1336723750627137D0,0.233496393112138D0,0.02036368438694566D0, 0000035P   5357
-0.1399814220090817D0,0.2236144899145258D0,                      0000035P   5358
0.02036368438694568D0,-0.1451645319597771D0,                     0000035P   5359
0.2117857885921682D0,0.02036368438694567D0,                      0000035P   5360
-0.1494920001132413D0,0.1985676416420916D0,                      0000035P   5361
0.02036368438694567D0,-0.1531602721267327D0,                     0000035P   5362
0.1843149276189018D0,0.02036368438694568D0,                      0000035P   5363
-0.1563301161132127D0,0.1692994772068634D0,                      0000035P   5364
0.02036368438694567D0,-0.159106452425561D0,0.1536974703408181D0, 0000035P   5365
0.02036368438694565D0,-0.1615723858034363D0,                     0000035P   5366
0.1376380307588031D0,0.02036368438694567D0,                      0000035P   5367
-0.1637879604532002D0,0.121208335560278D0,0.02036368438694566D0, 0000035P   5368
-0.1657975306000942D0,0.1044762124209873D0,                      0000035P   5369
0.02036368438694568D0,-0.167636210477782D0,0.0874986784563577D0, 0000035P   5370
0.02036368438694566D0,-0.1693255957020405D0,                     0000035P   5371
0.07034123722778009D0,0.02036368438694571D0,-0.17089418609965D0, 0000035P   5372
0.0529813883395405D0,0.02036368438694565D0,                      0000035P   5373
-0.1723654957797682D0,0.03539831180840311D0,                     0000035P   5374
0.02036368438694569D0,-0.1737473256628913D0,                     0000035P   5375
0.01770324742447493D0,0.02036368438694565D0,                     0000035P   5376
-0.1745983121074996D0,0.005892911551858635D0,                    0000035P   5377
0.02036368438694566D0,-0.1749999999999999D0,0.0D0,0.02551D0,     0000035P   5378
0.0D0,0.249958D0,0.02550999999999999D0,-0.004184414085057266D0,  0000035P   5379
0.2499586762341534D0,0.02551D0,-0.01255318589113458D0,           0000035P   5380
0.2499574220542223D0,0.02551000000000002D0,                      0000035P   5381
-0.02505067789679242D0,0.2499508569734494D0,                     0000035P   5382
0.02551000000000002D0,-0.03744007049257482D0,                    0000035P   5383
0.2499414322658369D0,0.02551000000000003D0,                      0000035P   5384
-0.04967426714461669D0,0.2499279747198255D0,                     0000035P   5385
0.02551000000000001D0,-0.06171439411594946D0,                    0000035P   5386
0.2499098983369135D0,0.02551000000000001D0,                      0000035P   5387
-0.07352434399858615D0,0.2498623002047665D0,                     0000035P   5388
0.02550999999999999D0,-0.08507127390869033D0,                    0000035P   5389
0.249740308482038D0,0.02551000000000002D0,-0.0962818440223195D0, 0000035P   5390
0.2493222251586282D0,0.02551000000000002D0,                      0000035P   5391
-0.1070455676159244D0,0.2482696640592179D0,                      0000035P   5392
0.02551000000000003D0,-0.1170698574277026D0,                     0000035P   5393
0.2457225509043537D0,0.02551D0,-0.1260554108646293D0,            0000035P   5394
0.241006383713461D0,0.02551000000000002D0,-0.1336723750625245D0, 0000035P   5395
0.233525705379493D0,0.02550999999999999D0,-0.1399814220091296D0, 0000035P   5396
0.2236444038286059D0,0.02551D0,-0.1451645319607693D0,            0000035P   5397
0.2118155011028452D0,0.02551D0,-0.149492000111203D0,             0000035P   5398
0.1985965434491956D0,0.02551D0,-0.1531602721263865D0,            0000035P   5399
0.1843425428284898D0,0.02551D0,-0.1563301161306722D0,            0000035P   5400
0.169325443244111D0,0.02550999999999999D0,-0.159106452414029D0,  0000035P   5401
0.1537215256749573D0,0.02550999999999999D0,                      0000035P   5402
-0.1615723857519283D0,0.1376599629686609D0,0.02551D0,            0000035P   5403
-0.163787960455667D0,0.1212279353236923D0,0.02550999999999998D0, 0000035P   5404
-0.1657975307739557D0,0.1044933093738927D0,                      0000035P   5405
0.02551000000000003D0,-0.1676362107718599D0,                     0000035P   5406
0.08751314059679012D0,0.02551000000000001D0,                     0000035P   5407
-0.1693255947544996D0,0.07035299071911293D0,                     0000035P   5408
0.02551000000000001D0,-0.1708941849948343D0,0.052990332498389D0, 0000035P   5409
0.02551D0,-0.1723654977000114D0,0.03540431610484557D0,           0000035P   5410
0.02551000000000001D0,-0.1737473299867953D0,                     0000035P   5411
0.01770624872145475D0,0.02550999999999998D0,                     0000035P   5412
-0.1745983147215661D0,0.005893906098593896D0,                    0000035P   5413
0.02550999999999999D0,-0.1749999999999999D0,0.0D0,0.0D0,         0000035P   5414
0.3770708072392882D0,0.0D0,0.8801671197061448D0,0,1,33;          0000035P   5415
126,1,1,1,0,1,0,0.0D0,0.0D0,0.2359981882125281D0,                0000037P   5416
0.2359981882125281D0,1.0D0,1.0D0,0.1410726190267601D0,0.0D0,     0000037P   5417
0.0D0,0.3770708072392882D0,-1.110223024625157D-16,0.0D0,0.0D0,   0000037P   5418
0.2359981882125281D0,0.0D0,0.0D0,1.0D0,0,1,33;                   0000037P   5419
126,1,1,1,0,1,0,0.0D0,0.0D0,0.8546530635605186D0,                0000039P   5420
0.8546530635605186D0,1.0D0,1.0D0,0.3770708072392882D0,           0000039P   5421
-1.110223024625157D-16,0.0D0,0.3770708072392882D0,               0000039P   5422
0.8546530635605185D0,0.0D0,0.0D0,0.8546530635605186D0,0.0D0,     0000039P   5423
0.0D0,1.0D0,0,1,33;                                              0000039P   5424
126,1,1,1,0,1,0,49.95836117700134D0,49.95836117700134D0,         0000041P   5425
50.05070504816199D0,50.05070504816199D0,1.0D0,1.0D0,             0000041P   5426
0.3770708072392882D0,0.8546530635605185D0,0.0D0,                 0000041P   5427
0.1650224397432116D0,0.8546531014328151D0,0.0D0,                 0000041P   5428
49.95836117700134D0,50.05070504816199D0,0.0D0,0.0D0,1.0D0,0,1,   0000041P   5429
33;                                                              0000041P   5430
126,9,3,1,0,1,0,-0.8552146501220234D0,-0.8552146501220234D0,     0000043P   5431
-0.8552146501220234D0,-0.8552146501220234D0,                     0000043P   5432
-0.4839506193176155D0,-0.4839506193176155D0,                     0000043P   5433
-0.4839506193176155D0,-0.2415486353842078D0,                     0000043P   5434
-0.2415486353842078D0,-0.2415486353842078D0,-0.0D0,-0.0D0,       0000043P   5435
-0.0D0,-0.0D0,1.0D0,1.0D0,1.0D0,1.0D0,1.0D0,1.0D0,1.0D0,1.0D0,   0000043P   5436
1.0D0,1.0D0,0.1650224397432116D0,0.8546531014328151D0,0.0D0,     0000043P   5437
0.1609732925676394D0,0.7123585356262992D0,0.0D0,                 0000043P   5438
0.1564976991737086D0,0.57007697876795D0,0.0D0,                   0000043P   5439
0.152280448101049D0,0.427787565847851D0,0.0D0,                   0000043P   5440
0.1501637605035568D0,0.3563708466643561D0,0.0D0,                 0000043P   5441
0.1479541548739556D0,0.2849572847179827D0,0.0D0,                 0000043P   5442
0.1461587692090496D0,0.2135310047926407D0,0.0D0,                 0000043P   5443
0.1443697039946924D0,0.1423561729427641D0,0.0D0,                 0000043P   5444
0.1428508178592947D0,0.07117507719946595D0,0.0D0,                0000043P   5445
0.1410726190267601D0,0.0D0,0.0D0,-0.8552146501220234D0,-0.0D0,   0000043P   5446
0.0D0,0.0D0,1.0D0,0,1,33;                                        0000043P   5447
102,4,37,39,41,43,0,1,33;                                        0000045P   5448
126,19,3,1,0,1,0,33.10358661088109D0,33.10358661088109D0,        0000047P   5449
33.10358661088109D0,33.10358661088109D0,33.95436066501515D0,     0000047P   5450
34.90118728663177D0,35.8480139082484D0,36.79484052986502D0,      0000047P   5451
37.74166715148164D0,38.68849377309827D0,39.63532039471488D0,     0000047P   5452
40.5821470163315D0,41.52897363794813D0,42.47580025956475D0,      0000047P   5453
43.42262688118137D0,44.369453502798D0,45.31628012441461D0,       0000047P   5454
46.26310674603124D0,47.20993336764786D0,48.15675998926448D0,     0000047P   5455
49.1035866108811D0,49.1035866108811D0,49.1035866108811D0,        0000047P   5456
49.1035866108811D0,1.0D0,1.0D0,1.0D0,1.0D0,1.0D0,1.0D0,1.0D0,    0000047P   5457
1.0D0,1.0D0,1.0D0,1.0D0,1.0D0,1.0D0,1.0D0,1.0D0,1.0D0,1.0D0,     0000047P   5458
1.0D0,1.0D0,1.0D0,-0.8418370000000006D0,-0.117855576213256D0,    0000047P   5459
0.1200009695375449D0,-0.8418370000000006D0,                      0000047P   5460
-0.1206703980118233D0,0.1160070854030273D0,                      0000047P   5461
-0.8418370000000001D0,-0.1263129825337381D0,                     0000047P   5462
0.1076368765368593D0,-0.8418370000000005D0,                      0000047P   5463
-0.1336723774746704D0,0.09575167728660611D0,                     0000047P   5464
-0.8418369999999999D0,-0.1399814213987852D0,                     0000047P   5465
0.08471044912138641D0,-0.8418370000000005D0,                     0000047P   5466
-0.1451645193186895D0,0.07497150269266598D0,                     0000047P   5467
-0.8418369999999999D0,-0.1494920260836328D0,                     0000047P   5468
0.06629946451489939D0,-0.8418370000000005D0,                     0000047P   5469
-0.1531602765376002D0,0.05850599954349361D0,                     0000047P   5470
-0.8418370000000003D0,-0.1563298936542035D0,                     0000047P   5471
0.05141037086427747D0,-0.8418370000000003D0,                     0000047P   5472
-0.1591065993603191D0,0.04487700119853977D0,                     0000047P   5473
-0.8418369999999996D0,-0.1615730420924673D0,                     0000047P   5474
0.03880057574524987D0,-0.8418370000000004D0,                     0000047P   5475
-0.1637879290216149D0,0.03310745646897027D0,                     0000047P   5476
-0.8418369999999999D0,-0.1657953153465727D0,                     0000047P   5477
0.02773451480940241D0,-0.8418370000000006D0,                     0000047P   5478
-0.1676324634853773D0,0.02262568434918213D0,                     0000047P   5479
-0.8418369999999999D0,-0.1693376687880777D0,                     0000047P   5480
0.01770906872436258D0,-0.8418370000000008D0,                     0000047P   5481
-0.1709082631024012D0,0.01302390300849215D0,                     0000047P   5482
-0.8418370000000002D0,-0.1723410290146066D0,                     0000047P   5483
0.008604314390721823D0,-0.8418370000000001D0,                    0000047P   5484
-0.1736922326693749D0,0.004309952132555908D0,                    0000047P   5485
-0.8418369999999997D0,-0.1745650049958516D0,                     0000047P   5486
0.001450252928265608D0,-0.8418369999999999D0,-0.175D0,0.0D0,     0000047P   5487
33.10358661088109D0,49.1035866108811D0,1.0D0,0.0D0,0.0D0,0,1,33; 0000047P   5488
126,58,3,1,0,1,0,49.1035866108811D0,49.1035866108811D0,          0000049P   5489
49.1035866108811D0,49.1035866108811D0,49.11903033455646D0,       0000049P   5490
49.13447405823183D0,49.14991778190719D0,49.16536150558256D0,     0000049P   5491
49.18080522925792D0,49.19624895293329D0,49.21169267660865D0,     0000049P   5492
49.22713640028402D0,49.24258012395938D0,49.25802384763474D0,     0000049P   5493
49.27346757131011D0,49.28891129498547D0,49.30435501866084D0,     0000049P   5494
49.3197987423362D0,49.33524246601156D0,49.35068618968693D0,      0000049P   5495
49.36612991336229D0,49.38157363703765D0,49.39701736071302D0,     0000049P   5496
49.41246108438838D0,49.42790480806374D0,49.44334853173911D0,     0000049P   5497
49.45879225541447D0,49.47423597908984D0,49.4896797027652D0,      0000049P   5498
49.50512342644057D0,49.52056715011593D0,49.5360108737913D0,      0000049P   5499
49.55145459746666D0,49.56689832114202D0,49.58234204481739D0,     0000049P   5500
49.59778576849275D0,49.61322949216812D0,49.62867321584348D0,     0000049P   5501
49.64411693951885D0,49.65956066319421D0,49.67500438686957D0,     0000049P   5502
49.69044811054493D0,49.7058918342203D0,49.72133555789566D0,      0000049P   5503
49.73677928157102D0,49.75222300524639D0,49.76766672892175D0,     0000049P   5504
49.78311045259712D0,49.79855417627248D0,49.81399789994785D0,     0000049P   5505
49.82944162362321D0,49.84488534729857D0,49.86032907097394D0,     0000049P   5506
49.8757727946493D0,49.89121651832467D0,49.90666024200003D0,      0000049P   5507
49.9221039656754D0,49.93754768935076D0,49.95299141302613D0,      0000049P   5508
49.95836117700134D0,49.95836117700134D0,49.95836117700134D0,     0000049P   5509
49.95836117700134D0,1.0D0,1.0D0,1.0D0,1.0D0,1.0D0,1.0D0,1.0D0,   0000049P   5510
1.0D0,1.0D0,1.0D0,1.0D0,1.0D0,1.0D0,1.0D0,1.0D0,1.0D0,1.0D0,     0000049P   5511
1.0D0,1.0D0,1.0D0,1.0D0,1.0D0,1.0D0,1.0D0,1.0D0,1.0D0,1.0D0,     0000049P   5512
1.0D0,1.0D0,1.0D0,1.0D0,1.0D0,1.0D0,1.0D0,1.0D0,1.0D0,1.0D0,     0000049P   5513
1.0D0,1.0D0,1.0D0,1.0D0,1.0D0,1.0D0,1.0D0,1.0D0,1.0D0,1.0D0,     0000049P   5514
1.0D0,1.0D0,1.0D0,1.0D0,1.0D0,1.0D0,1.0D0,1.0D0,1.0D0,1.0D0,     0000049P   5515
1.0D0,1.0D0,-0.8418369999999997D0,-0.1749999999999999D0,0.0D0,   0000049P   5516
-0.8367558192758378D0,-0.1749999999999999D0,0.0D0,               0000049P   5517
-0.8265897586801347D0,-0.175D0,0.0D0,-0.8113372193669717D0,      0000049P   5518
-0.1749999999999999D0,0.0D0,-0.7960883278606574D0,-0.175D0,      0000049P   5519
0.0D0,-0.7808516454086805D0,-0.1749999999999999D0,0.0D0,         0000049P   5520
-0.7656286403258297D0,-0.175D0,0.0D0,-0.7504173871739963D0,      0000049P   5521
-0.1749999999999999D0,0.0D0,-0.7352164417584167D0,-0.175D0,      0000049P   5522
0.0D0,-0.7200249226609132D0,-0.1749999999999999D0,0.0D0,         0000049P   5523
-0.7048436681400403D0,-0.175D0,0.0D0,-0.6896732502440215D0,      0000049P   5524
-0.175D0,0.0D0,-0.674514331299646D0,-0.175D0,0.0D0,              0000049P   5525
-0.6593665341932905D0,-0.175D0,0.0D0,-0.6442293696277841D0,      0000049P   5526
-0.175D0,0.0D0,-0.6291023747748949D0,-0.1749999999999999D0,      0000049P   5527
0.0D0,-0.6139849702638052D0,-0.175D0,0.0D0,                      0000049P   5528
-0.5988764385343653D0,-0.1749999999999999D0,0.0D0,               0000049P   5529
-0.5837760858435422D0,-0.175D0,0.0D0,-0.5686831213760741D0,      0000049P   5530
-0.1749999999999999D0,0.0D0,-0.5535964498431032D0,-0.175D0,      0000049P   5531
0.0D0,-0.5385149966075031D0,-0.1749999999999999D0,0.0D0,         0000049P   5532
-0.5234376666163241D0,-0.175D0,0.0D0,-0.5083631306286174D0,      0000049P   5533
-0.175D0,0.0D0,-0.4932900082912795D0,-0.175D0,0.0D0,             0000049P   5534
-0.4782169374856056D0,-0.175D0,0.0D0,-0.4631425002944933D0,      0000049P   5535
-0.175D0,0.0D0,-0.4480652357012402D0,-0.175D0,0.0D0,             0000049P   5536
-0.4329837131747343D0,-0.175D0,0.0D0,-0.4178965112316181D0,      0000049P   5537
-0.1749999999999999D0,0.0D0,-0.4028021665618978D0,-0.175D0,      0000049P   5538
0.0D0,-0.3876992653146372D0,-0.1749999999999999D0,0.0D0,         0000049P   5539
-0.3725864440808406D0,-0.1749999999999999D0,0.0D0,               0000049P   5540
-0.3574623856220314D0,-0.1749999999999999D0,0.0D0,               0000049P   5541
-0.3423258454722553D0,-0.175D0,0.0D0,-0.3271756526439797D0,      0000049P   5542
-0.175D0,0.0D0,-0.3120107593152822D0,-0.1749999999999999D0,      0000049P   5543
0.0D0,-0.2968302808785036D0,-0.175D0,0.0D0,                      0000049P   5544
-0.2816334323160709D0,-0.1749999999999999D0,0.0D0,               0000049P   5545
-0.2664195346597499D0,-0.175D0,0.0D0,-0.2511880978098686D0,      0000049P   5546
-0.1749999999999998D0,0.0D0,-0.235938772709983D0,-0.175D0,0.0D0, 0000049P   5547
-0.2206713161133484D0,-0.1749999999999998D0,0.0D0,               0000049P   5548
-0.205385830297845D0,-0.1749999999999999D0,0.0D0,                0000049P   5549
-0.1900826449761032D0,-0.1749999999999999D0,0.0D0,               0000049P   5550
-0.1747622175017396D0,-0.175D0,0.0D0,-0.1594250219839489D0,      0000049P   5551
-0.175D0,0.0D0,-0.1440715072744279D0,-0.1749999999999999D0,      0000049P   5552
0.0D0,-0.128702370808247D0,-0.1749999999999999D0,0.0D0,          0000049P   5553
-0.1133185382724974D0,-0.175D0,0.0D0,-0.09792228606964073D0,     0000049P   5554
-0.175D0,0.0D0,-0.08251558513181712D0,-0.175D0,0.0D0,            0000049P   5555
-0.06710053903922453D0,-0.175D0,0.0D0,-0.05167707236505645D0,    0000049P   5556
-0.1749999999999999D0,0.0D0,-0.03624540877841179D0,              0000049P   5557
-0.1749999999999999D0,0.0D0,-0.02080748676232273D0,-0.175D0,     0000049P   5558
0.0D0,-0.008725110743261114D0,-0.175D0,0.0D0,                    0000049P   5559
-0.001789376509127002D0,-0.175D0,0.0D0,9.237402509576498D-17,    0000049P   5560
-0.175D0,0.0D0,49.1035866108811D0,49.95836117700134D0,0.0D0,     0000049P   5561
0.0D0,1.0D0,0,1,33;                                              0000049P   5562
126,18,3,1,0,1,0,49.95836117700134D0,49.95836117700134D0,        0000051P   5563
49.95836117700134D0,49.95836117700134D0,49.96444297918172D0,     0000051P   5564
49.9705247813621D0,49.97660658354248D0,49.98268838572285D0,      0000051P   5565
49.98877018790323D0,49.99485199008361D0,50.00093379226399D0,     0000051P   5566
50.00701559444436D0,50.01309739662474D0,50.01917919880512D0,     0000051P   5567
50.02526100098549D0,50.03134280316588D0,50.03742460534625D0,     0000051P   5568
50.04350640752663D0,50.049588209707D0,50.05070504816199D0,       0000051P   5569
50.05070504816199D0,50.05070504816199D0,50.05070504816199D0,     0000051P   5570
1.0D0,1.0D0,1.0D0,1.0D0,1.0D0,1.0D0,1.0D0,1.0D0,1.0D0,1.0D0,     0000051P   5571
1.0D0,1.0D0,1.0D0,1.0D0,1.0D0,1.0D0,1.0D0,1.0D0,1.0D0,           0000051P   5572
1.893307588300957D-08,-0.1749999999999999D0,0.0D0,               0000051P   5573
1.893307589241502D-08,-0.1745983178251416D0,                     0000051P   5574
0.005895087022650789D0,1.893307587937749D-08,                    0000051P   5575
-0.1737473351203914D0,0.01770981246061487D0,                     0000051P   5576
1.893307588672296D-08,-0.1723654999798384D0,                     0000051P   5577
0.03541144560408554D0,1.89330758756912D-08,                      0000051P   5578
-0.1708941836831313D0,0.0530009527855748D0,                      0000051P   5579
1.893307588778006D-08,-0.1693255936295225D0,                     0000051P   5580
0.07036694679540621D0,1.893307588707533D-08,                     0000051P   5581
-0.1676362111210068D0,0.08753031293438446D0,                     0000051P   5582
1.893307588214221D-08,-0.1657975309803741D0,0.104513610340831D0, 0000051P   5583
1.893307588349746D-08,-0.1637879604585959D0,0.121251208167861D0, 0000051P   5584
1.893307588631639D-08,-0.161572385690775D0,0.1376860053400397D0, 0000051P   5585
1.893307588002801D-08,-0.1591064524003376D0,                     0000051P   5586
0.1537500889152391D0,1.89330758874819D-08,-0.156330116151401D0,  0000051P   5587
0.1693562751989592D0,1.89330758874548D-08,-0.1531602721259754D0, 0000051P   5588
0.1843753330703759D0,1.893307588268431D-08,-0.149492000108783D0, 0000051P   5589
0.1986308614427149D0,1.893307588444614D-08,                      0000051P   5590
-0.1451645319619471D0,0.2118507817416503D0,                      0000051P   5591
1.893307588292825D-08,-0.1399814220091865D0,                     0000051P   5592
0.2236799235995611D0,1.893307588592709D-08,                      0000051P   5593
-0.1353892011117771D0,0.2308717925458554D0,                      0000051P   5594
1.893307588527416D-08,-0.1325945984004235D0,                     0000051P   5595
0.2342093430723555D0,1.89330758851331D-08,-0.1321536140861458D0, 0000051P   5596
0.2347132759519522D0,49.95836117700134D0,50.05070504816199D0,    0000051P   5597
1.0D0,0.0D0,0.0D0,0,1,33;                                        0000051P   5598
126,5,3,1,0,1,0,-0.8552146501220234D0,-0.8552146501220234D0,     0000053P   5599
-0.8552146501220234D0,-0.8552146501220234D0,                     0000053P   5600
-0.4937682469980522D0,-0.4937682469980522D0,0.0D0,0.0D0,0.0D0,   0000053P   5601
0.0D0,1.0D0,1.0D0,1.0D0,1.0D0,1.0D0,1.0D0,3.786615167405169D-08, 0000053P   5602
-0.1321536140861458D0,0.2347132758745925D0,                      0000053P   5603
-0.1438882912522238D0,-0.1300411055543115D0,                     0000053P   5604
0.2377152578865196D0,-0.2825861845395191D0,                      0000053P   5605
-0.1275844027441488D0,0.2158219448197714D0,                      0000053P   5606
-0.6143354752604361D0,-0.1215075295853866D0,                     0000053P   5607
0.1557115162383184D0,-0.6492339559254132D0,                      0000053P   5608
-0.1211356919203295D0,0.1485254405494282D0,                      0000053P   5609
-0.8418370000000003D0,-0.117855576213256D0,0.1200009695375449D0, 0000053P   5610
-0.8552146501220234D0,0.0D0,-0.01517164466704369D0,              0000053P   5611
-0.9997863057852715D0,-0.01404150854918239D0,0,1,33;             0000053P   5612
102,4,47,49,51,53,0,1,33;                                        0000055P   5613
142,0,35,45,55,1,0,1,33;                                         0000057P   5614
144,35,1,0,57,0,1,33;                                            0000059P   5615
S0000001G0000011D0000060P0005615                                        T      1
