frequency_index,omega0_rad_s,omega_e_rad_s,wavenumber_rad_m,wavelength_m,wave_amplitude_m,heave_response_real_m_per_m,heave_response_imag_m_per_m,pitch_response_real_rad_per_m,pitch_response_imag_rad_per_m,heave_rao_m_per_m,pitch_rao_rad_per_m,pitch_rao_rad_per_wave_slope,point_vertical_rao_m_per_m,heave_phase_lead_deg,pitch_phase_lead_deg,point_phase_lead_deg,fridsma_heave_phase_lag_deg,fridsma_pitch_phase_lead_deg,cg_accel_rao_mps2_per_m,point_accel_rao_mps2_per_m,cg_accel_g,point_accel_g,dynamic_condition_number,equation_relative_residual,heave_finite_length_factor,pitch_finite_length_factor,provider_route,matrix_contract,configuration,lambda_over_l
0,5.655284970861961,16.74364272255437,3.2612816916742378,1.9265999999999999,0.01,-0.116453248718373,-0.14295096264211388,0.22442353156900216,-0.09743953056064308,0.1843809557882003,0.24466381759014022,0.07502075586256324,0.30209225246716875,-39.16755992006304,66.53062419833236,30.54510291655589,39.16755992006304,66.53062419833236,51.69112197020914,84.69143356905717,0.052710275140041854,0.08636122791071077,5.801299794685666,2.1454079927831204e-16,1.0,1.0,zarnick1978_linearized_momentum_strip_plus_matched_bie_delta_from_high_frequency,heave_pitch_2x2_v1,FnB=1.67,1.014
1,5.620244580566254,16.571620136368367,3.2209928105300336,1.9506983333333334,0.01,-0.1189075191630426,-0.14075118531913494,0.21406544419677315,-0.0974973100148785,0.18425497084814513,0.2352227451997343,0.07302802553012436,0.2929138021696065,-40.19134174232377,65.51284087317822,28.243637611463726,40.19134174232377,65.51284087317822,50.59984102152682,80.43957649863454,0.05159747826375656,0.08202554032073597,5.805753337024791,5.001314990749815e-17,1.0,1.0,zarnick1978_linearized_momentum_strip_plus_matched_bie_delta_from_high_frequency,heave_pitch_2x2_v1,FnB=1.67,1.0266833333333334
2,5.585847557002136,16.403584089072403,3.181687215314785,1.9747966666666668,0.01,-0.12146666044822345,-0.13852549285209378,0.20370373706862527,-0.09766466422734933,0.18423751455759355,0.2259061732984836,0.07100200554319204,0.2842858774887984,-41.246040059922365,64.3848612616622,25.76841353708579,41.246040059922365,64.3848612616622,49.57418289820419,76.49495337498459,0.05055159804643195,0.07800314416746247,5.810296674387687,3.282995612402608e-16,1.0,1.0,zarnick1978_linearized_momentum_strip_plus_matched_bie_delta_from_high_frequency,heave_pitch_2x2_v1,FnB=1.67,1.0393666666666668
3,5.552074450332887,16.23939421670911,3.1433293430518296,1.9988949999999999,0.01,-0.12413202982419784,-0.1362763874630267,0.19333729720652962,-0.09794542513636852,0.18433668817749907,0.21673167003525334,0.06894971744348957,0.27628103866585874,-42.32989948733686,63.133049492454404,23.112949340786486,42.32989948733686,63.133049492454404,48.61288882010847,72.86026210276086,0.04957135088955808,0.07429679054800656,5.814927220796025,0.0,1.0,1.0,zarnick1978_linearized_momentum_strip_plus_matched_bie_delta_from_high_frequency,heave_pitch_2x2_v1,FnB=1.67,1.05205
4,5.518906624083483,16.07891673010324,3.105885325299929,2.022993333333333,0.01,-0.1269049802144164,-0.13400644269086234,0.18296524465062625,-0.09834346170814419,0.1845605610250489,0.2077202859876828,0.06687957352952935,0.268977356323038,-43.440913804206986,61.7420571925079,20.27374140537208,43.440913804206986,61.7420571925079,47.714730349383785,69.53913639925487,0.04865548413513665,0.07091018482280378,5.819642175977593,0.0,1.0,1.0,zarnick1978_linearized_momentum_strip_plus_matched_bie_delta_from_high_frequency,heave_pitch_2x2_v1,FnB=1.67,1.0647333333333333
5,5.486326211925033,15.92202403252935,3.0693228884130344,2.0470916666666668,0.01,-0.12978685592412448,-0.13171830631767392,0.17258693209190715,-0.09886267692970088,0.1849171170818592,0.1988971543753278,0.064801639190905,0.262457230743832,-44.57682692489874,60.194698291836346,17.251312737644554,44.57682692489874,60.194698291836346,46.878495400132095,66.53575546881132,0.04780276179952593,0.06784758859428175,5.82443852003043,8.15005397612838e-17,1.0,1.0,zarnick1978_linearized_momentum_strip_plus_matched_bie_delta_from_high_frequency,heave_pitch_2x2_v1,FnB=1.67,1.0774166666666667
6,5.45431607723286,15.768594363826843,3.033611260762936,2.07119,0.01,-0.13277898817383774,-0.12941470315667192,0.16220194490862472,-0.09950700445712168,0.18541419873784654,0.1902921828877113,0.06272793925476591,0.25680557383444574,-45.73513879703876,58.47188229468253,14.051296169810087,45.73513879703876,58.47188229468253,46.102975042138965,63.85433824251649,0.04701195111698589,0.06511330397487063,5.829313008206291,3.915160895741458e-17,1.0,1.0,zarnick1978_linearized_momentum_strip_plus_matched_bie_delta_from_high_frequency,heave_pitch_2x2_v1,FnB=1.67,1.0901
7,5.422859775210269,15.618511468848578,2.998721086364209,2.0952883333333334,0.01,-0.13588269045060405,-0.12709843769096457,0.15181010156394578,-0.10028040490362682,0.18605944863827445,0.1819408325376436,0.060672809273581776,0.25210730107304236,-46.91311656067293,56.55265429082533,10.685418146451383,46.91311656067293,56.55265429082533,45.38695126948355,61.49852572512337,0.04628181006713154,0.0627110437561485,5.834262165838482,8.457251322796753e-17,1.0,1.0,zarnick1978_linearized_momentum_strip_plus_matched_bie_delta_from_high_frequency,heave_pitch_2x2_v1,FnB=1.67,1.1027833333333334
8,5.391941517387847,15.471664288320284,2.9646243443918934,2.1193866666666663,0.01,-0.1390992536709006,-0.12477239655094424,0.1414114543230623,-0.10118686175220598,0.18686025075672896,0.17388496313661966,0.058653287208395744,0.24844417005836808,-48.10781112793197,54.41441299852306,7.172203091754,48.10781112793197,54.41441299852306,44.72918591286065,59.47067622195694,0.04561107606864796,0.06064321274029046,5.839282283440497,1.282845264723786e-16,1.0,1.0,zarnick1978_linearized_momentum_strip_plus_matched_bie_delta_from_high_frequency,heave_pitch_2x2_v1,FnB=1.67,1.1154666666666666
9,5.361546138324173,15.327946670359896,2.931294274128154,2.143485,0.01,-0.14242994114999755,-0.12243955081700728,0.13100629024834753,-0.10223037687782749,0.18782367193797025,0.1661736984038597,0.05668953126628143,0.24589112778360941,-49.316079141018264,52.03340700654962,3.5371964630615196,49.316079141018264,52.03340700654962,44.12841087243492,57.77112439961796,0.04499845601957337,0.058910152192255226,5.844369412003911,1.2374430555834084e-16,1.0,1.0,zarnick1978_linearized_momentum_strip_plus_matched_bie_delta_from_high_frequency,heave_pitch_2x2_v1,FnB=1.67,1.12815
10,5.331659064348433,15.187257101060865,2.8987053049154214,2.1675833333333334,0.01,-0.1458759833736743,-0.12010295813320158,0.12059513243130023,-0.1034149656646928,0.18895640523036544,0.15886422218219065,0.05480523387900103,0.24451247068583115,-50.534610044068415,49.385640995824986,-0.1874707788046237,50.534610044068415,49.385640995824986,43.58331983522024,56.397480681369125,0.044442617851376605,0.0575094254219016,5.849519358525275,5.926906407574539e-17,1.0,1.0,zarnick1978_linearized_momentum_strip_plus_matched_bie_delta_from_high_frequency,heave_pitch_2x2_v1,FnB=1.67,1.1408333333333334
11,5.302266284198574,15.049498452682862,2.866832990730673,2.1916816666666668,0.01,-0.14943857256932036,-0.11776576461630031,0.11017874141988603,-0.10474465170458248,0.19026471634861225,0.15202235730833938,0.053027978190523496,0.24435824218738542,-51.75995777530619,46.44834901935917,-3.9642682943304806,51.75995777530619,46.44834901935917,43.092561617195855,55.34406384017074,0.04394218373980499,0.05643523918990761,5.854727681793801,1.5633998131208705e-16,1.0,1.0,zarnick1978_linearized_momentum_strip_plus_matched_bie_delta_from_high_frequency,heave_pitch_2x2_v1,FnB=1.67,1.1535166666666667
12,5.273354321420639,14.914577748119406,2.8356539490290493,2.2157799999999996,0.01,-0.15311885707468537,-0.115431206543759,0.09975811679959604,-0.10622346106308078,0.19175439456764967,0.14572270086579403,0.05138945142290393,0.2454613450022605,-52.98857636536016,43.202191851289854,-7.7521559287716,52.98857636536016,43.202191851289854,42.65473523632317,54.60155792220669,0.04349572508075966,0.055678093867127604,5.859989688473006,1.3988498247169242e-16,1.0,1.0,zarnick1978_linearized_momentum_strip_plus_matched_bie_delta_from_high_frequency,heave_pitch_2x2_v1,FnB=1.67,1.1662
13,5.244910208405784,14.782405940425722,2.8051458035352757,2.239878333333333,0.01,-0.15691793550387262,-0.11310261180301051,0.08933449888602919,-0.10785541610136219,0.19343070924612776,0.140048004175768,0.049925392113047376,0.24783579313142082,-54.21685853198126,39.634277636860645,-11.50897059803438,54.21685853198126,39.634277636860645,42.26838677983786,54.156959889121055,0.04310175929582259,0.05522473004453208,5.865300429511309,5.3602036583411755e-17,1.0,1.0,zarnick1978_linearized_momentum_strip_plus_matched_bie_delta_from_high_frequency,heave_pitch_2x2_v1,FnB=1.67,1.1788833333333333
14,5.216921461951359,14.652897706293068,2.7752871306887377,2.2639766666666667,0.01,-0.160836850711609,-0.11078340108360794,0.07890937048614667,-0.10964452884231704,0.19529837301544511,0.13508742152981398,0.0486751154632024,0.251476366310832,-55.441176206057605,35.74194675657799,-15.193978684926407,55.441176206057605,35.74194675657799,41.932008079977784,53.993839586340634,0.042758748481874845,0.05505839362712103,5.870654696918087,1.254091416321329e-16,1.0,1.0,zarnick1978_linearized_momentum_strip_plus_matched_bie_delta_from_high_frequency,heave_pitch_2x2_v1,FnB=1.67,1.1915666666666667
15,5.189376060241433,14.525971252449114,2.7460574094728476,2.288075,0.01,-0.16487658355836346,-0.10847708879284758,0.06848445868456077,-0.11159479387105481,0.1973615124558214,0.13093326200947,0.04768045327741523,0.25635969494943867,-56.657921821590094,31.536968263680308,-18.770218142393247,56.657921821590094,31.536968263680308,41.64403715959979,54.09288026756401,0.04246509986549923,0.05515938701550888,5.876047020943251,2.2443782008055826e-17,1.0,1.0,zarnick1978_linearized_momentum_strip_plus_matched_bie_delta_from_high_frequency,heave_pitch_2x2_v1,FnB=1.67,1.20425
16,5.162262421150358,14.401548134048436,2.717436974381788,2.3121733333333334,0.01,-0.16903804648054194,-0.10618728367470873,0.058061736610314524,-0.1137101807613177,0.19962364682614864,0.12767603716820586,0.04698399203803132,0.2624465641479046,-57.863549161836175,27.049383399920714,-22.206310216340114,57.863549161836175,27.049383399920714,41.40286035625029,54.432621681621534,0.04221916796892954,0.055505826843643385,5.8814716676998176,1.294426543248487e-16,1.0,1.0,zarnick1978_linearized_momentum_strip_plus_matched_bie_delta_from_high_frequency,heave_pitch_2x2_v1,FnB=1.67,1.2169333333333334
17,5.135569381780428,14.279553084194001,2.68940697129811,2.3362716666666663,0.01,-0.17332207687175258,-0.10391768911123336,0.04764342513863124,-0.11599462602102044,0.2020876751347213,0.12539796339931822,0.04662662242553485,0.2696850503020197,-59.05461257864212,22.32982930805565,-25.477553408266516,59.05461257864212,22.32982930805565,41.20681598356317,54.99030177820067,0.04201925834363741,0.05607450227978022,5.886922637270362,1.3796925469966533e-16,1.0,1.0,zarnick1978_linearized_momentum_strip_plus_matched_bie_delta_from_high_frequency,heave_pitch_2x2_v1,FnB=1.67,1.2296166666666666
18,5.109286179151524,14.15991385380024,2.6619493160731524,2.3603699999999996,0.01,-0.1777294302830182,-0.10167210308486709,0.037231994481073574,-0.11845202455206084,0.2047558715505518,0.12416562943713819,0.04664462568367174,0.27801403359190646,-60.22780348992963,17.44904408566657,-28.566271480985534,60.22780348992963,17.44904408566657,41.05419934549903,55.74269235600649,0.04186363268343321,0.056841727150460646,5.892393662339447,1.3347736625987263e-16,1.0,1.0,zarnick1978_linearized_momentum_strip_plus_matched_bie_delta_from_high_frequency,heave_pitch_2x2_v1,FnB=1.67,1.2423
19,5.08340243196688,14.042561061071728,2.6350466556190733,2.3844683333333334,0.01,-0.1822607734518081,-0.09945441777979543,0.026830165616497256,-0.12108622062170225,0.20762988887722647,0.12402310515164593,0.047066758718360586,0.2873666636459816,-61.379983203888855,12.493684186446927,-31.461521191346037,61.379983203888855,12.493684186446927,40.94326888449907,56.666844266607576,0.04175051509383844,0.05778409983695511,5.897878207395169,1.3778142526220113e-16,1.0,1.0,zarnick1978_linearized_momentum_strip_plus_matched_bie_delta_from_high_frequency,heave_pitch_2x2_v1,FnB=1.67,1.2549833333333333
20,5.057908123384797,13.927428049929185,2.608682331336585,2.4085666666666663,0.01,-0.1869114199670237,-0.09727762394749753,0.016452569293625593,-0.12387490162564888,0.21071026324068756,0.12496270759360865,0.047902615850348766,0.29764410780925177,-62.50537925974088,7.565518290922739,-34.15769170101791,62.50537925974088,7.565518290922739,40.87215500868367,57.73499555598294,0.04167799912170178,0.05887331102464445,5.903351073328956,1.4394389898154275e-16,1.0,1.0,zarnick1978_linearized_momentum_strip_plus_matched_bie_delta_from_high_frequency,heave_pitch_2x2_v1,FnB=1.67,1.2676666666666665
21,5.032793584731381,13.814450756767233,2.582840344716427,2.4326649999999996,0.01,-0.1916631363448023,-0.09517585516928598,0.006141072150924195,-0.12673246031621932,0.21399346074291892,0.12688116197830537,0.04912466317860456,0.30867544200292135,-63.5919784008358,2.774210379934175,-36.65445720045298,63.5919784008358,2.774210379934175,40.83830869257824,58.90732802100571,0.04164348548441949,0.06006875744622854,5.908748709999982,5.051980179971416e-17,1.0,1.0,zarnick1978_linearized_momentum_strip_plus_matched_bie_delta_from_high_frequency,heave_pitch_2x2_v1,FnB=1.67,1.2803499999999999
22,5.008049480094152,13.703567584976291,2.5575053249653354,2.456763333333333,0.01,-0.19653786691597563,-0.09311475920653488,-0.004150964533464745,-0.12977233879524758,0.21747986461733124,0.1298387092624792,0.05076771805518686,0.3205167222663603,-64.6495681804503,-1.832067517725278,-38.959474426793065,64.6495681804503,-1.832067517725278,40.84005761243297,60.18911877722026,0.04164526888635056,0.061375820261985764,5.914145966900247,1.378314390953348e-16,1.0,1.0,zarnick1978_linearized_momentum_strip_plus_matched_bie_delta_from_high_frequency,heave_pitch_2x2_v1,FnB=1.67,1.2930333333333333
23,4.983666791740764,13.594719286704784,2.5326624985188295,2.4808616666666663,0.01,-0.20153574292639292,-0.0910985069761104,-0.014420013141707263,-0.13299788926939318,0.22116869952633345,0.1337773348857002,0.05282082984366723,0.33310427605921267,-65.67600444474166,-6.18800080230298,-41.07912092905664,65.67600444474166,-6.18800080230298,40.87560117690173,61.563130622359076,0.041681513235306375,0.06277692241729753,5.919535615481589,4.184430762692661e-17,1.0,1.0,zarnick1978_linearized_momentum_strip_plus_matched_bie_delta_from_high_frequency,heave_pitch_2x2_v1,FnB=1.67,1.3057166666666666
24,4.959636806311129,13.487848851377954,2.508297660313772,2.50496,0.01,-0.20665677167835886,-0.08913134692359019,-0.02466230594572945,-0.13641236477004876,0.22505869964285927,0.13862381684514968,0.05526609502470641,0.3463783089872907,-66.6693976650795,-10.247938745710854,-43.02173632581673,66.6693976650795,-10.247938745710854,40.94314375380381,63.0138578094112,0.041750387496039744,0.06425625245054244,5.924910184450325,6.43229399687817e-17,1.0,1.0,zarnick1978_linearized_momentum_strip_plus_matched_bie_delta_from_high_frequency,heave_pitch_2x2_v1,FnB=1.67,1.3184
25,4.935951101734914,13.382901400526201,2.4843971467033197,2.5290583333333334,0.01,-0.21190082940841773,-0.08721760184976966,-0.034873835994166165,-0.14001890807455136,0.2291481432968644,0.14429649703072375,0.058081091109848736,0.36028335301810577,-67.62811453163339,-13.985822370054336,-44.79687993598776,67.62811453163339,-13.985822370054336,41.040902194378006,64.52748706902123,0.04185007336284868,0.06579972474700457,5.930261963502888,1.4773025867942521e-16,1.0,1.0,zarnick1978_linearized_momentum_strip_plus_matched_bie_delta_from_high_frequency,heave_pitch_2x2_v1,FnB=1.67,1.3310833333333334
26,4.9126015348298075,13.279824088509342,2.4609478099057456,2.5531566666666663,0.01,-0.21726765415653082,-0.08536166525211861,-0.04505035848037892,-0.14382054025464297,0.23343488907465534,0.15071125571219965,0.061241142581553526,0.37476841233564306,-68.55077523054238,-17.39264774623831,-46.41474376758731,68.55077523054238,-17.39264774623831,41.16711289197286,66.09180658523049,0.04197877245743742,0.06739488671996093,5.935583007881109,1.4748710021208568e-16,1.0,1.0,zarnick1978_linearized_momentum_strip_plus_matched_bie_delta_from_high_frequency,heave_pitch_2x2_v1,FnB=1.67,1.3437666666666666
27,4.8895802295390824,13.178566008754022,2.437936993886747,2.5772549999999996,0.01,-0.22275683865487994,-0.08356799716496678,-0.05518739263929821,-0.1478201488753435,0.2379164124596706,0.15778607264221003,0.06472114457341055,0.38978689506169245,-69.43624693914316,-20.472689013867324,-47.88570951474625,69.43624693914316,-20.472689013867324,41.320038254403876,67.69608388300905,0.04213471292888385,0.06903079429061816,5.940865143784257,1.4401385368584692e-16,1.0,1.0,zarnick1978_linearized_momentum_strip_plus_matched_bie_delta_from_high_frequency,heave_pitch_2x2_v1,FnB=1.67,1.35645
28,4.866879565769868,13.079078105149598,2.415352511582274,2.601353333333333,0.01,-0.22836782326689878,-0.0818411194835731,-0.06528022422043472,-0.15202047587134368,0.2425898422069358,0.16544404721361242,0.0684968535318398,0.40529640368129,-70.28363413109112,-23.23952303705093,-49.220029277562446,70.28363413109112,-23.23952303705093,41.49797250267166,69.33092854337582,0.04231615536668654,0.07069787189649455,5.9460999746734915,4.9607556993183883e-17,1.0,1.0,zarnick1978_linearized_momentum_strip_plus_matched_bie_delta_from_high_frequency,heave_pitch_2x2_v1,FnB=1.67,1.3691333333333333
29,4.844492168796216,12.98131308827379,2.3931826233757567,2.6254516666666667,0.01,-0.2340998890094766,-0.08018561075886721,-0.07532390858366954,-0.15642410513211563,0.24745199576285865,0.17361506809808927,0.07254568305915271,0.4212584405803773,-71.092266306238,-25.712510563842415,-50.427606935392134,71.092266306238,-25.712510563842415,41.699246740692125,70.9881510601942,0.04252139797045079,0.07238776856540634,5.951278888502363,1.4624471930912247e-16,1.0,1.0,zarnick1978_linearized_momentum_strip_plus_matched_bie_delta_from_high_frequency,heave_pitch_2x2_v1,FnB=1.67,1.3818166666666667
30,4.822410899193473,12.88522535614299,2.3714160167498584,2.6495499999999996,0.01,-0.23995215069358392,-0.07860610045154585,-0.08531327446340534,-0.16103344983119455,0.2524994131689714,0.18223645838361813,0.07684710615785674,0.4376380701255143,-71.86168375345856,-27.914018463424554,-51.51785798980396,71.86168375345856,-27.914018463424554,41.922233269856136,72.66062535873658,0.04274878094951501,0.07409321772341888,5.95639306590474,3.533027103370768e-17,1.0,1.0,zarnick1978_linearized_momentum_strip_plus_matched_bie_delta_from_high_frequency,heave_pitch_2x2_v1,FnB=1.67,1.3944999999999999
31,4.800628843272787,12.790770919204213,2.3500417870386547,2.673648333333333,0.01,-0.24592355022078988,-0.0771072626363819,-0.09524292844522855,-0.16585073953942298,0.25772838901539996,0.19125292997650115,0.08138277839625296,0.45440356625922546,-72.59162192394533,-29.86741297651821,-52.4996284199876,72.59162192394533,-29.86741297651821,42.16534914772382,74.34215958315028,0.042996690151809056,0.0758079054347308,5.96143348936878,1.4717026484701868e-16,1.0,1.0,zarnick1978_linearized_momentum_strip_plus_matched_bie_delta_from_high_frequency,heave_pitch_2x2_v1,FnB=1.67,1.4071833333333332
32,4.779139303986631,12.697907329305512,2.3290494192114357,2.6977466666666663,0.01,-0.2520128500752819,-0.07569380915004714,-0.10510726019745627,-0.17087800716640644,0.2631350021314349,0.2006161246744095,0.08613648255790711,0.47152606485708165,-73.28199494392183,-31.595720894398312,-53.38115647319543,73.28199494392183,-31.595720894398312,42.427059011464095,76.02737764678756,0.04326355994296126,0.077526349616625,5.966390953422387,3.5524659047872375e-17,1.0,1.0,zarnick1978_linearized_momentum_strip_plus_matched_bie_delta_from_high_frequency,heave_pitch_2x2_v1,FnB=1.67,1.4198666666666666
33,4.757935792278166,12.606593612400397,2.3084287706241855,2.721845,0.01,-0.258218627052986,-0.07437048217847617,-0.11490044849771508,-0.17611707577889452,0.26871514281221315,0.21028394481244866,0.09109397157426223,0.4889792328517406,-73.93287873519085,-33.120810011460776,-54.170064661238996,73.93287873519085,-33.120810011460776,42.70587720359757,77.7116125825071,0.043547875373952945,0.07924379128704205,5.971256075852009,7.960744042237873e-17,1.0,1.0,zarnick1978_linearized_momentum_strip_plus_matched_bie_delta_from_high_frequency,heave_pitch_2x2_v1,FnB=1.67,1.43255
34,4.73701201884909,12.516790204758703,2.2881700546792976,2.7459433333333334,0.01,-0.26453926627123825,-0.0731420462828149,-0.12461646809204467,-0.18156954534931666,0.2744645374793664,0.22021980818739523,0.09624276296119107,0.5067389609522227,-74.54449414481353,-34.46294372507066,-54.873372212231004,74.54449414481353,-34.46294372507066,43.000369250298625,79.39081177689978,0.043848173688567076,0.08095609793038376,5.976019309972516,2.0796466584464942e-16,1.0,1.0,zarnick1978_linearized_momentum_strip_plus_matched_bie_delta_from_high_frequency,heave_pitch_2x2_v1,FnB=1.67,1.4452333333333334
35,4.716361886322236,12.428458892472179,2.2682638253382184,2.7700416666666663,0.01,-0.27097295550408956,-0.0720132798662734,-0.13424909742089167,-0.18723677949214296,0.2803787707579151,0.230391909043945,0.10157191878223933,0.5247830832216153,-75.1171904160631,-35.64058919251809,-55.4975207094935,75.1171904160631,-35.64058919251809,43.30915275125805,81.06145358681543,0.044163045230795485,0.08265967847003354,5.980670957961419,2.993681343873103e-16,1.0,1.0,zarnick1978_linearized_momentum_strip_plus_matched_bie_delta_from_high_frequency,heave_pitch_2x2_v1,FnB=1.67,1.4579166666666665
36,4.6959794817767575,12.341562754057529,2.248700962435521,2.7941399999999996,0.01,-0.2775176798897499,-0.07098896608776699,-0.14379192724275375,-0.19311989225012646,0.28645330502125443,0.24077252983445982,0.10707183118456272,0.5430911244160488,-75.65142926522861,-36.67038772073056,-56.04840763076487,75.65142926522861,-36.67038772073056,43.630897745348015,82.72047450820833,0.04449113381771351,0.08435140900124745,5.9852011852656934,1.609111345722075e-16,1.0,1.0,zarnick1978_linearized_momentum_strip_plus_matched_bie_delta_from_high_frequency,heave_pitch_2x2_v1,FnB=1.67,1.4706
37,4.675859069635141,12.256066105973066,2.2294726577464483,2.818238333333333,0.01,-0.2841712170578247,-0.07007388323203534,-0.15323837018212463,-0.19921973499671686,0.29268349751112077,0.25133742440837564,0.11273402413574679,0.5616440744967904,-76.1477697655373,-37.56722243651245,-56.53142403224837,76.1477697655373,-37.56722243651245,43.96432661858054,84.36520591199054,0.04483113664562368,0.08602856827967813,5.98960003608395,1.431500125095591e-16,1.0,1.0,zarnick1978_linearized_momentum_strip_plus_matched_bie_delta_from_high_frequency,heave_pitch_2x2_v1,FnB=1.67,1.4832833333333333
38,4.655995084882608,12.171934450877462,2.210570401763192,2.8423366666666667,0.01,-0.29093113272484866,-0.0692727945499943,-0.1625816712237851,-0.20553688352498328,0.2990646151809492,0.2620652787133036,0.11855097603056453,0.5804241888450317,-76.60685418220808,-38.344339212018554,-56.95149377681409,76.60685418220808,-38.344339212018554,44.30821362065201,85.99331931789693,0.045181803797068334,0.08768878191624759,5.993857449921,1.432265042787676e-16,1.0,1.0,zarnick1978_linearized_momentum_strip_plus_matched_bie_delta_from_high_frequency,heave_pitch_2x2_v1,FnB=1.67,1.4959666666666667
39,4.636382126600722,12.089134428470675,2.1919859711382212,2.8664349999999996,0.01,-0.297794776807129,-0.06859043758734683,-0.1718149191703502,-0.2120716253971738,0.3055918474403915,0.2729372469050591,0.12451596428937563,0.5994148122406493,-77.02939485248501,-39.01349223340483,-57.31311255877098,77.02939485248501,-39.01349223340483,44.66138405425139,87.6027792021137,0.04554193741415406,0.08932997425432099,5.9979632792052815,1.476730879521022e-16,1.0,1.0,zarnick1978_linearized_momentum_strip_plus_matched_bie_delta_from_high_frequency,heave_pitch_2x2_v1,FnB=1.67,1.5086499999999998
40,4.617014951798112,12.007633768767505,2.1737114167557037,2.890533333333333,0.01,-0.3047592801000651,-0.06803151302396168,-0.18093105907437496,-0.21882394763253082,0.31226031699759643,0.28393655663767486,0.13062293110713583,0.6186002244710381,-77.41616216183753,-39.58509639740075,-57.62038559654614,77.41616216183753,-39.58509639740075,45.02271319776995,89.19180239815756,0.04591039060002137,0.09095032697012494,6.001907307953158,2.178611549473868e-16,1.0,1.0,zarnick1978_linearized_momentum_strip_plus_matched_bie_delta_from_high_frequency,heave_pitch_2x2_v1,FnB=1.67,1.5213333333333332
41,4.59788846952234,11.927401247664323,2.1557390523947006,2.9146316666666663,0.01,-0.3118215515728285,-0.06760067305117091,-0.18992290565017717,-0.22579352481406478,0.31906508900576613,0.29504817562317814,0.13686636854095313,0.6379655054143525,-77.7679736322934,-40.068376004017296,-57.87706330591806,77.7679736322934,-40.068376004017296,45.39112501752067,90.75882323372993,0.04628606610567387,0.09254824352223229,6.0056792714567955,1.4763889700363996e-16,1.0,1.0,zarnick1978_linearized_momentum_strip_plus_matched_bie_delta_from_high_frequency,heave_pitch_2x2_v1,FnB=1.67,1.5340166666666666
42,4.578997735237878,11.848406644668344,2.1380614439501375,2.9387299999999996,0.01,-0.3189782763266104,-0.06730250931891624,-0.19878315766395813,-0.23297970769767298,0.3260011787232038,0.30625853126035063,0.14324122074552176,0.6574964175247101,-78.08568411069066,-40.471503973606644,-58.086574575500634,78.08568411069066,-40.471503973606644,45.76559072042975,92.3024636365921,0.04666791485413444,0.09412231866803862,6.009268876965136,1.51848973145296e-16,1.0,1.0,zarnick1978_linearized_momentum_strip_plus_matched_bie_delta_from_high_frequency,heave_pitch_2x2_v1,FnB=1.67,1.5467
43,4.560337945456092,11.770620702667447,2.1206713991798107,2.9628283333333334,0.01,-0.3262259142634548,-0.06714154048954078,-0.20750441329374839,-0.24038151240911845,0.33306355789298775,0.3175552755733684,0.14974280112241142,0.6771793037885573,-78.37017702286788,-40.801728833826246,-58.252057478233354,78.37017702286788,-40.801728833826246,46.14512719270315,93.82150753229266,0.047054934348328074,0.09567131235670964,6.012665825319378,7.997753956601492e-17,1.0,1.0,zarnick1978_linearized_momentum_strip_plus_matched_bie_delta_from_high_frequency,heave_pitch_2x2_v1,FnB=1.67,1.5593833333333333
44,4.5419044326040146,11.694015089626257,2.1035619579477185,2.9869266666666667,0.01,-0.3335606995110495,-0.06712219943994475,-0.21607918644324256,-0.24799761031597112,0.34024716004098604,0.3289270884807237,0.15636672228168275,0.6970009993911461,-78.62235664370847,-41.06548857071479,-58.37638739451285,78.62235664370847,-41.06548857071479,46.52879536444367,95.31487894146356,0.04744616700345548,0.09719412739463891,6.015859833496966,2.083742671017925e-16,1.0,1.0,zarnick1978_linearized_momentum_strip_plus_matched_bie_delta_from_high_frequency,heave_pitch_2x2_v1,FnB=1.67,1.5720666666666667
45,4.52369266011943,11.61856236210151,2.086726382935906,3.0110249999999996,0.01,-0.34097994379668184,-0.06724856155611375,-0.22449882043285554,-0.2558298084786066,0.34754811336411356,0.3403654084685223,0.16310974512607035,0.7169507953766538,-78.84322471785549,-41.2679844104544,-58.46193325639331,78.84322471785549,-41.2679844104544,46.91586436902899,96.7818986256989,0.04784086754297236,0.09869007115141144,6.01883876120139,1.6358964760021908e-16,1.0,1.0,zarnick1978_linearized_momentum_strip_plus_matched_bie_delta_from_high_frequency,heave_pitch_2x2_v1,FnB=1.67,1.5847499999999999
46,4.505698217760588,11.544235930476468,2.0701581507987883,3.035123333333333,0.01,-0.348521122194935,-0.06751750216072386,-0.23271910990886222,-0.2639871675644593,0.3550008249483938,0.3519196055287045,0.16999648330873335,0.7370802729445607,-79.03614463231806,-41.39793789888253,-58.50267300100998,79.03614463231806,-41.39793789888253,47.31074098293251,98.2302333578481,0.04824352962829561,0.10016696155960304,6.021528198339795,1.0696349493597169e-16,1.0,1.0,zarnick1978_linearized_momentum_strip_plus_matched_bie_delta_from_high_frequency,heave_pitch_2x2_v1,FnB=1.67,1.5974333333333333
47,4.487916817119527,11.471010025820409,2.053850943735554,3.059221666666666,0.01,-0.35613774532964254,-0.06794238267202236,-0.2407666714487141,-0.272354182667121,0.36256069976161626,0.36351807506198175,0.17699340654235274,0.757310334583488,-79.19915020652479,-41.477340417784944,-58.5096800820678,79.19915020652479,-41.477340417784944,47.70721286376417,99.64997684431285,0.0486478184331695,0.10161469701102094,6.023975661880765,2.045356797504836e-16,1.0,1.0,zarnick1978_linearized_momentum_strip_plus_matched_bie_delta_from_high_frequency,heave_pitch_2x2_v1,FnB=1.67,1.6101166666666664
48,4.470344287328649,11.398859668285084,2.037798641457775,3.0833199999999996,0.01,-0.36382509743725244,-0.06852723890515718,-0.24863370421005385,-0.28092795989546043,0.37022247905440686,0.37515228577237536,0.18409683770522273,0.7776290859941147,-79.33318567302999,-41.51025358631108,-58.485006535319826,79.33318567302999,-41.51025358631108,48.10448823662664,101.04045901050036,0.04905292657189422,0.10303259421973902,6.026170873213777,1.6291242278330059e-16,1.0,1.0,zarnick1978_linearized_momentum_strip_plus_matched_bie_delta_from_high_frequency,heave_pitch_2x2_v1,FnB=1.67,1.6227999999999998
49,4.4529765709507725,11.32776063695538,2.021995313530767,3.107418333333333,0.01,-0.37157824069644785,-0.06927595152280862,-0.2563124202509262,-0.2897052120843849,0.37798088102238436,0.3868141242040495,0.19130317544040323,0.7980248281834086,-79.4391901213138,-41.50032170027774,-58.430547232991955,79.4391901213138,-41.50032170027774,48.50181156415412,102.40107842326545,0.049458083610768325,0.10442003989462809,6.028103697525241,2.9266509021368553e-16,1.0,1.0,zarnick1978_linearized_momentum_strip_plus_matched_bie_delta_from_high_frequency,heave_pitch_2x2_v1,FnB=1.67,1.6354833333333332
50,4.43580972004348,11.257689441076607,2.0064352120685673,3.1315166666666663,0.01,-0.37939202000438743,-0.0701922317974501,-0.2637950665301462,-0.2986822544591545,0.3858306030471358,0.39849582965753527,0.19860886973105873,0.818486024492233,-79.51809436994054,-41.45082350280052,-58.348055299782544,79.51809436994054,-41.45082350280052,48.898461999326535,103.73129412112456,0.0498625544903984,0.1057764824084928,6.029764171488656,1.2773328000511725e-16,1.0,1.0,zarnick1978_linearized_momentum_strip_plus_matched_bie_delta_from_high_frequency,heave_pitch_2x2_v1,FnB=1.67,1.6481666666666666
51,4.418839892389094,11.18862329258544,1.9911127647636315,3.1556149999999996,0.01,-0.38726106877362965,-0.0712796074365301,-0.27107394754411984,-0.3078550016225056,0.39376632388257854,0.4101899402242151,0.20601040156201775,0.8390012734891168,-79.57081838333315,-41.36471702407431,-58.23915593402202,79.57081838333315,-41.36471702407431,49.293751913451864,105.0306187249663,0.05026563802465864,0.10710142477295133,6.031142531340081,1.620340468020288e-16,1.0,1.0,zarnick1978_linearized_momentum_strip_plus_matched_bie_delta_from_high_frequency,heave_pitch_2x2_v1,FnB=1.67,1.66085
52,4.402063347882093,11.12054007987594,1.9760225682334844,3.179713333333333,0.01,-0.3951798157642743,-0.07254140854989886,-0.2781414485126992,-0.3172189659406447,0.4017827058770563,0.4218892481839214,0.21350426607783127,0.8595592870865246,-79.5982691679825,-41.24467843749039,-58.10535879399097,79.5982691679825,-41.24467843749039,49.68702550612611,106.29861265000409,0.050666665483244645,0.10839441873626987,6.032229241223233,1.7286970501921176e-16,1.0,1.0,zarnick1978_linearized_momentum_strip_plus_matched_bie_delta_from_high_frequency,heave_pitch_2x2_v1,FnB=1.67,1.6735333333333333
53,4.385476445066261,11.053418342736252,1.9611593816676447,3.2038116666666667,0.01,-0.4031424929592077,-0.07398075384177344,-0.28499005901802443,-0.3267692573980135,0.40987439730771413,0.433586763312196,0.22108695874758608,0.8801488733153333,-79.60133908770479,-41.09313575947192,-57.94806909633223,79.60133908770479,-41.09313575947192,50.07765750150575,107.53487926480909,0.051064999262241194,0.1096550598469499,6.033015021681221,3.521163208407155e-17,1.0,1.0,zarnick1978_linearized_momentum_strip_plus_matched_bie_delta_from_high_frequency,heave_pitch_2x2_v1,FnB=1.67,1.6862166666666667
54,4.369075637814305,10.98723724839533,1.946518120759125,3.2279099999999996,0.01,-0.41114314448325967,-0.07560053711189793,-0.2916123969921123,-0.336500584983572,0.4180360348907616,0.4452756828906913,0.22875496412899446,0.9007589232610276,-79.58090454257028,-40.912298110028814,-57.76859756030595,79.58090454257028,-40.912298110028814,50.46505193311165,108.7390608645974,0.05146003164496709,0.11088298334762373,6.033490878165609,2.107997891696231e-16,1.0,1.0,zarnick1978_linearized_momentum_strip_plus_matched_bie_delta_from_high_frequency,heave_pitch_2x2_v1,FnB=1.67,1.6988999999999999
55,4.3528574721430395,10.921976568622577,1.9320938519057465,3.252008333333333,0.01,-0.41917563655961176,-0.07740341415227303,-0.2980012329412886,-0.3464072596632408,0.42626224651918687,0.45694936741604547,0.23650474689173479,0.9213784017228169,-79.53782496116929,-40.7041811520254,-57.568169318831124,79.53782496116929,-40.7041811520254,50.848641017596,109.91083534408443,0.05185118365353715,0.11207786078231041,6.0336481294274344,1.6062925440721515e-16,1.0,1.0,zarnick1978_linearized_momentum_strip_plus_matched_bie_delta_from_high_frequency,heave_pitch_2x2_v1,FnB=1.67,1.7115833333333332
56,4.336818583157667,10.857616657826764,1.9178817866673816,3.2761066666666663,0.01,-0.4272336684889763,-0.0793917901268306,-0.304149514288554,-0.35648319898407665,0.43454765426831066,0.4686013211674548,0.24433274481516537,0.9419963412056875,-79.47294206082475,-40.47062923991086,-57.34793190514421,79.47294206082475,-40.47062923991086,51.227884116407374,111.0499134706382,0.05223790399005509,0.11323939721580581,6.033478435650064,1.4417901919912315e-16,1.0,1.0,zarnick1978_linearized_momentum_strip_plus_matched_bie_delta_from_high_frequency,heave_pitch_2x2_v1,FnB=1.67,1.7242666666666666
57,4.320955692119005,10.79413843210352,1.9038772764660337,3.3002049999999996,0.01,-0.4353107846290163,-0.0815678075216559,-0.3100503897087597,-0.3667219333458266,0.44288687769928303,0.48022517692792266,0.2522353635205489,0.9626018388966788,-79.38707933511247,-40.213334732717215,-57.10896241265249,79.38707933511247,-40.213334732717215,51.60226678305362,112.15603667158467,0.052619668065092176,0.11436732897736197,6.03297382617959,2.1218303210801854e-16,1.0,1.0,zarnick1978_linearized_momentum_strip_plus_matched_bie_delta_from_high_frequency,heave_pitch_2x2_v1,FnB=1.67,1.7369499999999998
58,4.30526560362785,10.731523349183739,1.8900758075164381,3.324303333333333,0.01,-0.4434003873432412,-0.08393333475278883,-0.31569723332613114,-0.37711661396478147,0.4512745374811879,0.4918146842643433,0.2602089727345849,0.9831840563114028,-79.28104173254273,-39.93385486056346,-56.85227391523965,79.28104173254273,-39.93385486056346,51.971299892658095,113.22897526069711,0.05299597711008153,0.11546142185220959,6.03212672670559,2.5568855019097793e-16,1.0,1.0,zarnick1978_linearized_momentum_strip_plus_matched_bie_delta_from_high_frequency,heave_pitch_2x2_v1,FnB=1.67,1.7496333333333332
59,4.289745202921009,10.669753389237941,1.8764729959755686,3.3484016666666663,0.01,-0.45149575088027905,-0.08648995551720745,-0.32108366863934523,-0.3876600225433559,0.459705259343762,0.5033637008617289,0.26824990391083814,1.0037322213259803,-79.1556154944522,-39.63362647763668,-56.57882122591238,79.1556154944522,-39.63362647763668,52.33451884969908,114.26852703843805,0.05336635736943716,0.11652146965420207,6.030929985743215,3.487825992211849e-16,1.0,1.0,zarnick1978_linearized_momentum_strip_plus_matched_bie_delta_from_high_frequency,heave_pitch_2x2_v1,FnB=1.67,1.7623166666666665
60,4.274391453273778,10.608811036494117,1.8630645833000998,3.3724999999999996,0.01,-0.45959003613613014,-0.08923895897029968,-0.32620359203615,-0.3983445826467598,0.4681736783648908,0.5148661864808256,0.276354449059854,1.0242356323341062,-79.0115681240335,-39.313978986516275,-56.289506063229936,79.0115681240335,-39.313978986516275,52.69148286919689,115.27451620868568,0.05373035936756884,0.11754729312118377,6.029376900266833,1.199063259898392e-16,1.0,1.0,zarnick1978_linearized_momentum_strip_plus_matched_bie_delta_from_high_frequency,heave_pitch_2x2_v1,FnB=1.67,1.775
61,4.259201393503972,10.54867926162907,1.8498464318014995,3.396598333333333,0.01,-0.4676763062437821,-0.09218133080994531,-0.33105119575746406,-0.4091623727755008,0.4766744435898787,0.5263161991690211,0.2845188606583199,1.0446836642894541,-78.84964846197934,-38.97614567769381,-55.98518168738744,78.84964846197934,-38.97614567769381,53.04177432613675,116.24679256167154,0.05408755724547807,0.11853873908181851,6.027461240346245,2.5367968604796796e-16,1.0,1.0,zarnick1978_linearized_momentum_strip_plus_matched_bie_delta_from_high_frequency,heave_pitch_2x2_v1,FnB=1.67,1.7876833333333333
62,4.244172135572825,10.489341504895426,1.8368145203890005,3.4206966666666667,0.01,-0.47574754292658444,-0.09531774534326277,-0.3356209901701377,-0.4201051411094889,0.48520222297306653,0.5377078934044089,0.29273935252348354,1.0650657764109621,-78.67058684744657,-38.6212736932288,-55.666657061065095,78.67058684744657,-38.6212736932288,53.384998167575986,117.18523087888514,0.05443754816127422,0.11949567984876093,6.025177272638151,2.754218158469003e-16,1.0,1.0,zarnick1978_linearized_momentum_strip_plus_matched_bie_delta_from_high_frequency,heave_pitch_2x2_v1,FnB=1.67,1.8003666666666667
63,4.229300862278374,10.430781659948654,1.823964940491259,3.4447949999999996,0.01,-0.48379666354408674,-0.0986485586071217,-0.3399078252081043,-0.43116432188626913,0.49375170862656564,0.549035519894068,0.30101210155179464,1.0853715213430544,-78.47509534595979,-38.25043279378389,-55.33470058414275,78.47509534595979,-38.25043279378389,53.72078138165709,118.08973052090347,0.05477995174871858,0.12041801279835977,6.022519782589037,1.7166516053122916e-16,1.0,1.0,zarnick1978_linearized_momentum_strip_plus_matched_bie_delta_from_high_frequency,heave_pitch_2x2_v1,FnB=1.67,1.8130499999999998
64,4.2145848250371225,10.372984058340325,1.811293892148001,3.468893333333333,0.01,-0.4918165387517932,-0.10217380260773297,-0.34390691084359815,-0.4423310533625999,0.5023176223557343,0.5602934267817656,0.30933325023103647,1.1055905555752898,-78.26386802849075,-37.86462308303422,-54.99004344604052,78.26386802849075,-37.86462308303422,54.04877251762258,118.96021516362923,0.055114409627775626,0.12130566010169551,6.019484095210011,2.5159329145713373e-16,1.0,1.0,zarnick1978_linearized_momentum_strip_plus_matched_bie_delta_from_high_frequency,heave_pitch_2x2_v1,FnB=1.67,1.8257333333333332
65,4.200021341750019,10.315933454645773,1.798797680263457,3.4929916666666663,0.01,-0.49980001068953717,-0.1058931807380028,-0.3476138364534442,-0.45359619729532236,0.510894721456459,0.5714760620486731,0.3176989098434756,1.125712650936498,-78.0375812882887,-37.46478182196887,-54.633382634717805,78.0375812882887,-37.46478182196887,54.368641250887045,119.79663265236451,0.05544058496111011,0.12215856857577714,6.0160660942903545,6.828262500669758e-17,1.0,1.0,zarnick1978_linearized_momentum_strip_plus_matched_bie_delta_from_high_frequency,heave_pitch_2x2_v1,FnB=1.67,1.8384166666666666
66,4.185607794749008,10.259615012195987,1.7864727110138177,3.517089999999999,0.01,-0.5077399116070678,-0.10980606442397536,-0.35102458895017435,-0.464950359864426,0.5194778047453378,0.5825779769144197,0.3261051642842104,1.1457277069877205,-77.79689418411301,-37.05178944732796,-54.26538363717698,77.79689418411301,-37.05178944732796,54.680077987257356,120.59895494661625,0.05575816205050385,0.12297670962725932,6.012262239923451,1.5225198259466994e-16,1.0,1.0,zarnick1978_linearized_momentum_strip_plus_matched_bie_delta_from_high_frequency,heave_pitch_2x2_v1,FnB=1.67,1.8510999999999997
67,4.171341628820558,10.204014289385235,1.7743154884013757,3.541188333333333,0.01,-0.5156290828300346,-0.1139114910436047,-0.3541355695538751,-0.4763839139485722,0.5280617187904459,0.5935938300658188,0.33454807442425893,1.1656257641464627,-77.54244880036138,-36.6264748928526,-53.88668286261711,77.54244880036138,-36.6264748928526,54.98279350048952,121.36717813159306,0.056066845967266625,0.12376007926416573,6.008069584227696,4.800892610408963e-17,1.0,1.0,zarnick1978_linearized_momentum_strip_plus_matched_bie_delta_from_high_frequency,heave_pitch_2x2_v1,FnB=1.67,1.8637833333333331
68,4.157220349302802,10.149117226527428,1.7623226109484194,3.5652866666666663,0.01,-0.5234603939649578,-0.11820816315242104,-0.35694360908815903,-0.48788702265124373,0.5366413643075031,0.6045183925575596,0.34302368295225427,1.185397017382167,-77.2748706162065,-36.18962029875169,-53.49788981610919,77.2748706162065,-36.18962029875169,55.276518597526334,122.10132247508054,0.05636636221087358,0.1245086981538859,6.003485785154473,3.385000910014094e-17,1.0,1.0,zarnick1978_linearized_momentum_strip_plus_matched_bie_delta_from_high_frequency,heave_pitch_2x2_v1,FnB=1.67,1.8764666666666665
69,4.14324152025305,10.094910133235663,1.7504907685242979,3.5893849999999996,0.01,-0.5312267622380522,-0.1226944490414167,-0.35944598169249403,-0.49944966396429546,0.5452117026839215,0.6153465532437217,0.3515280196321585,1.2050318303297283,-76.99476887728031,-35.74196518345991,-53.09958904777426,76.99476887728031,-35.74196518345991,55.56100380596129,122.80143251083044,0.05665645639026711,0.12522261170820867,5.998509118286458,1.7210417006964105e-16,1.0,1.0,zarnick1978_linearized_momentum_strip_plus_matched_bie_delta_from_high_frequency,heave_pitch_2x2_v1,FnB=1.67,1.8891499999999999
70,4.129402762682636,10.041379676300778,1.7388167392994536,3.613483333333333,0.01,-0.5389211718599893,-0.1273683846428386,-0.3616404168531344,-0.5110616564451788,0.5537677625913865,0.6260733246115815,0.3600571069173271,1.224520749674401,-76.70273696468837,-35.28421014206941,-52.69234189988481,76.70273696468837,-35.28421014206941,55.83601907851685,123.46757713180594,0.05693689392250856,0.12590189017840542,5.993138486541308,2.875461058048794e-16,1.0,1.0,zarnick1978_linearized_momentum_strip_plus_matched_bie_delta_from_high_frequency,heave_pitch_2x2_v1,FnB=1.67,1.9018333333333333
71,4.115701752856189,9.988512868045976,1.727297386820526,3.6375816666666663,0.01,-0.5465366933069147,-0.13222767678959027,-0.3635251096661027,-0.5227126857746143,0.5623046466463076,0.6366938489002879,0.36860696586374403,1.2438545196678954,-76.39935275722246,-34.817020127522824,-52.27668807204765,76.39935275722246,-34.817020127522824,56.10135350960313,124.09984967863758,0.057207459743748516,0.1265466287454305,5.987373427708853,1.6439538530779423e-16,1.0,1.0,zarnick1978_linearized_momentum_strip_plus_matched_bie_delta_from_high_frequency,heave_pitch_2x2_v1,FnB=1.67,1.9145166666666666
72,4.102136220652568,9.93629705513581,1.7159296572009535,3.6616799999999996,0.01,-0.5540665024072906,-0.13726970782376097,-0.3650987292578561,-0.5343923320531379,0.5708175380766335,0.6472034043968653,0.377173622287403,1.2630240966418278,-76.08517898357948,-34.34102736353421,-51.853147022620306,76.08517898357948,-34.34102736353421,56.35681505932908,124.69836801048604,0.05746795802779653,0.12715694759218085,5.981214119763761,1.706107226558759e-16,1.0,1.0,zarnick1978_linearized_momentum_strip_plus_matched_bie_delta_from_high_frequency,heave_pitch_2x2_v1,FnB=1.67,1.9271999999999998
73,4.088703947984823,9.884719907818887,1.7047105764217834,3.685778333333333,0.01,-0.5615038991244689,-0.14249154153953583,-0.36636042530234847,-0.5460900976878791,0.5793017073531675,0.6575974118109612,0.3857531131127663,1.282020663391184,-75.76076356220548,-33.85683393208663,-51.422219222733816,75.76076356220548,-33.85683393208663,56.602230280668785,125.2632745472035,0.05771821190790819,0.12773299194648888,5.9746613839097575,7.460003482232246e-17,1.0,1.0,zarnick1978_linearized_momentum_strip_plus_matched_bie_delta_from_high_frequency,heave_pitch_2x2_v1,FnB=1.67,1.9398833333333332
74,4.075402767276722,9.833769409584846,1.693637247737684,3.7098766666666663,0.01,-0.568842325926284,-0.14788993043548887,-0.36730983258703703,-0.5577954357151995,0.5877525187435937,0.6678714406379618,0.3943414928610521,1.3008356433071009,-75.42663992708083,-33.36501407308688,-50.98438727771645,75.42663992708083,-33.36501407308688,56.837444045835284,125.79473627326139,0.05795806319776405,0.12827493208512736,5.967716685326923,2.352193769181487e-16,1.0,1.0,zarnick1978_linearized_momentum_strip_plus_matched_bie_delta_from_high_frequency,heave_pitch_2x2_v1,FnB=1.67,1.9525666666666666
75,4.062230559993413,9.783433847216974,1.6827068491834005,3.733974999999999,0.01,-0.5760753856354466,-0.15346132424120254,-0.36794707359476797,-0.5694977784006137,0.5961654367479651,0.6780212154277977,0.402934840228905,1.3194607141452137,-75.0833273383552,-32.866116229207535,-50.54011692930422,75.0833273383552,-32.866116229207535,57.06231926827888,126.29294469537601,0.05818737210798681,0.12878296329059977,5.96038213160851,4.089258086972054e-16,1.0,1.0,zarnick1978_linearized_momentum_strip_plus_matched_bie_delta_from_high_frequency,heave_pitch_2x2_v1,FnB=1.67,1.9652499999999997
76,4.049185255224016,9.73370180122292,1.6719166311761489,3.758073333333333,0.01,-0.5831968586580146,-0.15920187967336263,-0.3682727590832839,-0.5811865659546492,0.6045360323753317,0.6880426218839734,0.41152926470978024,1.3378878213229517,-74.7313311772433,-32.3606648650146,-50.08985795077183,74.7313311772433,-32.3606648650146,57.27673661710268,126.75811574713167,0.05840601695492618,0.129257305753883,5.9526604688895235,3.741654941331605e-16,1.0,1.0,zarnick1978_linearized_momentum_strip_plus_matched_bie_delta_from_high_frequency,heave_pitch_2x2_v1,FnB=1.67,1.977933333333333
77,4.036264828313955,9.684562136626841,1.6612639142096723,3.7821716666666663,0.01,-0.590200719491744,-0.16510747136707504,-0.36828798665913803,-0.5928512752021282,0.6128599892224992,0.6979317127242686,0.42012091321221634,1.3561091906466434,-74.3711432250159,-31.849162086069327,-49.63404494599661,74.3711432250159,-31.849162086069327,57.4805942210694,127.19048963518284,0.05861389385882988,0.1296982044175971,5.944555075684827,2.0058468848825274e-16,1.0,1.0,zarnick1978_linearized_momentum_strip_plus_matched_bie_delta_from_high_frequency,heave_pitch_2x2_v1,FnB=1.67,1.9906166666666665
78,4.023467299544988,9.63600399410701,1.6507460866358894,3.8062699999999996,0.01,-0.5971598566675247,-0.17120355547549204,-0.3678557080526936,-0.6046927987728424,0.6212169925417595,0.7077931921364331,0.42877169170145873,1.3742364702833685,-74.00259574554052,-31.3136070434048,-49.1617344378476,74.00259574554052,-31.3136070434048,57.681596132949764,127.60139214113192,0.05881885876721386,0.13011720836486662,5.9357241918185295,2.278056425274965e-16,1.0,1.0,zarnick1978_linearized_momentum_strip_plus_matched_bie_delta_from_high_frequency,heave_pitch_2x2_v1,FnB=1.67,2.0033
79,4.0107907328609915,9.588016781463956,1.6403606025302842,3.830368333333333,0.01,-0.6039943779550251,-0.1774618673334717,-0.367097049402848,-0.616502381225379,0.6295251567322472,0.7175203340232523,0.4374162198948603,1.3921478708807817,-73.62648545849613,-30.77173207942306,-48.683874585768706,73.62648545849613,-30.77173207942306,57.87228908217972,127.98024537567555,0.05901331145924421,0.1305035311504699,5.926471202583064,2.937086339356001e-16,1.0,1.0,zarnick1978_linearized_momentum_strip_plus_matched_bie_delta_from_high_frequency,heave_pitch_2x2_v1,FnB=1.67,2.0159833333333332
80,3.9982332346376213,9.54059016540468,1.63010497963737,3.8544666666666654,0.01,-0.610692811683245,-0.18387535804953017,-0.3660245854177919,-0.6282535135459524,0.6377741430470745,0.7271014196197808,0.44604576312718847,1.4098272653228168,-73.2433172406786,-30.225356128649366,-48.20170713865227,73.2433172406786,-30.225356128649366,58.05202698332491,128.32651078848522,0.059196593111128584,0.13085662360590541,5.916826289237567,1.3479461876232474e-16,1.0,1.0,zarnick1978_linearized_momentum_strip_plus_matched_bie_delta_from_high_frequency,heave_pitch_2x2_v1,FnB=1.67,2.028666666666666
81,3.9857929524940894,9.493714063629419,1.619976797392744,3.878564999999999,0.01,-0.6172498354944227,-0.19043880788405582,-0.3646414176376226,-0.6399356241355243,0.6459599824804879,0.7365330722340294,0.4546565564515711,1.4272678565855728,-72.85354496804733,-29.674902588440602,-47.71561652643331,72.85354496804733,-29.674902588440602,58.22076513906981,128.64051786880196,0.059368658144289654,0.13117682171669423,5.906795343426344,1.8797581308173144e-16,1.0,1.0,zarnick1978_linearized_momentum_strip_plus_matched_bie_delta_from_high_frequency,heave_pitch_2x2_v1,FnB=1.67,2.0413499999999996
82,3.9734680741453596,9.447378637208002,1.6099736950184245,3.9026633333333325,0.01,-0.6236603968593861,-0.19714677089440033,-0.36295112672903396,-0.6515383216767803,0.6540788483699012,0.7458121110623445,0.46324490478945957,1.4444631901637357,-72.45760982801472,-29.12077881885847,-47.2259750464072,72.45760982801472,-29.12077881885847,58.37847532771273,128.92261983233288,0.05952947778060065,0.13146448566261962,5.896384868463904,1.3103749242523257e-16,1.0,1.0,zarnick1978_linearized_momentum_strip_plus_matched_bie_delta_from_high_frequency,heave_pitch_2x2_v1,FnB=1.67,2.054033333333333
83,3.9612568262931345,9.401574283233419,1.6000933696883193,3.926761666666666,0.01,-0.6299197245618855,-0.203993591948698,-0.3609577592136527,-0.6630514222403803,0.6621270610300213,0.7549355551777466,0.4718071891797163,1.461407162716781,-72.05594051133365,-28.563376916437306,-46.733143246102,72.05594051133365,-28.563376916437306,58.52514541358177,129.1731930928762,0.05967903964512017,0.1317199992789344,5.885601960109189,1.4586440832053238e-16,1.0,1.0,zarnick1978_linearized_momentum_strip_plus_matched_bie_delta_from_high_frequency,heave_pitch_2x2_v1,FnB=1.67,2.0667166666666663
84,3.9491574735541164,9.356291627740951,1.5903335747608338,3.950859999999999,0.01,-0.6360233389106471,-0.21097342440672642,-0.35866581241084716,-0.6744649752440168,0.6701010919592272,0.7639006269294752,0.4803398727492478,1.4780940296110778,-71.64895339308693,-28.003074403711594,-46.23747026371254,71.64895339308693,-28.003074403711594,58.660778935258584,129.3926366587934,0.059817347346197314,0.1319437694409339,5.8744542853758865,1.966125579933266e-16,1.0,1.0,zarnick1978_linearized_momentum_strip_plus_matched_bie_delta_from_high_frequency,heave_pitch_2x2_v1,FnB=1.67,2.0793999999999997
85,3.9371683174240495,9.311521518881658,1.5806921180757671,3.9749583333333325,0.01,-0.6419670606378217,-0.21808024835796902,-0.3560802177060515,-0.6857692881315793,0.6779975675972872,0.7727047547324153,0.48883950637588824,1.4945184113221954,-71.23705270409211,-27.440234844707476,-45.73929413146732,71.23705270409211,-27.440234844707476,58.78539467159418,129.58137145666467,0.059944420032930906,0.1321362253742763,5.862950059509867,2.971662489394284e-16,1.0,1.0,zarnick1978_linearized_momentum_strip_plus_matched_bie_delta_from_high_frequency,heave_pitch_2x2_v1,FnB=1.67,2.092083333333333
86,3.9252876952761557,9.267255020339633,1.571166860312787,3.9990566666666663,0.01,-0.647747018453147,-0.22530788930460557,-0.35320632226648396,-0.6969549496515814,0.6858132726171446,0.7813455752308666,0.497302734017262,1.5106752986711418,-70.82063069405073,-26.875208395519053,-45.238942046817755,70.82063069405073,-26.875208395519053,58.89902618582937,129.73983958515305,0.06006029193030176,0.1322978178941362,5.851098021275046,2.0137053148111668e-16,1.0,1.0,zarnick1978_linearized_momentum_strip_plus_matched_bie_delta_from_high_frequency,heave_pitch_2x2_v1,FnB=1.67,2.1047666666666665
87,3.9135139793926124,9.223483404982876,1.561755713408901,4.023154999999999,0.01,-0.6533596552339088,-0.2326500371758593,-0.3500498693356036,-0.7080128516268827,0.6935451527372252,0.7898209348268146,0.5057262976825253,1.5265600568776714,-70.40006778776606,-26.308332298124753,-44.73673061589787,70.40006778776606,-26.308332298124753,59.00172134843858,129.86850350272593,0.06016501185260878,0.1324290185769105,5.838907406698241,1.3312618541176772e-16,1.0,1.0,zarnick1978_linearized_momentum_strip_plus_matched_bie_delta_from_high_frequency,heave_pitch_2x2_v1,FnB=1.67,2.11745
88,3.9018455760277946,9.180198148738159,1.55245663903246,4.047253333333333,0.01,-0.6588017328414923,-0.24010026555996658,-0.3466169772456331,-0.7189342091213302,0.7011903170444665,0.7981288905683168,0.5141070420271036,1.5421684284229897,-69.97573273572537,-25.739931324734897,-44.232966073290754,69.97573273572537,-25.739931324734897,59.093541839598,129.96784515343188,0.06025864269612763,0.13253031886875935,5.826387921430782,1.2885330908717706e-16,1.0,1.0,zarnick1978_linearized_momentum_strip_plus_matched_bie_delta_from_high_frequency,heave_pitch_2x2_v1,FnB=1.67,2.130133333333333
89,3.8902809245020635,9.137390924680691,1.5432676471113613,4.071351666666667,0.01,-0.6640703355658526,-0.24765205104097315,-0.34291411729390064,-0.7297105789231315,0.7087460398219837,0.8062677103988394,0.5224419185537812,1.5574965347230585,-69.54798276029926,-25.170318179189024,-43.727944481759835,69.54798276029926,-25.170318179189024,59.17456263243421,130.0383650354051,0.06034126091217104,0.1326022291357447,5.813549711890893,2.6717720572220363e-16,1.0,1.0,zarnick1978_linearized_momentum_strip_plus_matched_bie_delta_from_high_frequency,heave_pitch_2x2_v1,FnB=1.67,2.1428166666666666
90,3.878818496324921,9.09505359732984,1.5341867944132115,4.09545,0.01,-0.6691628722094792,-0.25529879252956195,-0.338948090633638,-0.7403338762793671,0.7162097618789429,0.8142358727733765,0.5307279894067929,1.5725408766222972,-69.11716369875197,-24.599793861223105,-43.22195191524679,69.11716369875197,-24.599793861223105,59.24487145843779,130.08058121717454,0.060412955961962334,0.13264527766074508,5.800403335355047,1.35807160855139e-16,1.0,1.0,zarnick1978_linearized_momentum_strip_plus_matched_bie_delta_from_high_frequency,heave_pitch_2x2_v1,FnB=1.67,2.1555
91,3.867456794346416,9.053178217142506,1.5252121831753205,4.119548333333333,0.01,-0.6740770768322717,-0.26303383048013124,-0.33472600433312494,-0.7507963898308374,0.7235790913837897,0.8220320656518443,0.5389624307487931,1.587298333725604,-68.68361014418582,-24.028647998799613,-42.71526462810954,68.68361014418582,-24.028647998799613,59.304568256626425,130.09502830718242,0.06047382975493815,0.13266000959265645,5.786959729169412,2.7865276844332056e-16,1.0,1.0,zarnick1978_linearized_momentum_strip_plus_matched_bie_delta_from_high_frequency,heave_pitch_2x2_v1,FnB=1.67,2.1681833333333334
92,3.8561943519357427,9.011757015196267,1.5163419597825072,4.143646666666666,0.01,-0.6788110081880523,-0.2708504658902568,-0.33025524675882756,-0.7610907947112332,0.7308518042053732,0.8296551848846065,0.5471425357137819,1.6017661625942607,-68.24764558546556,-23.457159153127208,-42.208149213267745,68.24764558546556,-23.457159153127208,59.35376460821324,130.08225638217806,0.0605239960722706,0.13264698585365858,5.773230179253726,3.535086983804251e-17,1.0,1.0,zarnick1978_linearized_momentum_strip_plus_matched_bie_delta_from_high_frequency,heave_pitch_2x2_v1,FnB=1.67,2.1808666666666667
93,3.845029732185988,8.970782398054604,1.5075743134907693,4.167745,0.01,-0.6833630478921933,-0.278741978983508,-0.3255434624383038,-0.7712101637893274,0.7380258437698171,0.8371043320090277,0.5552657169322043,1.6159419938384696,-67.80958254707932,-22.885595100478554,-41.700862751633224,67.80958254707932,-22.885595100478554,59.392583158679344,130.04282988034095,0.06056357997754518,0.13260678201051426,5.759226288069716,1.520532975730671e-16,1.0,1.0,zarnick1978_linearized_momentum_strip_plus_matched_bie_delta_from_high_frequency,heave_pitch_2x2_v1,FnB=1.67,2.19355
94,3.8339615271440683,8.93024694280701,1.4989074751949827,4.191843333333333,0.01,-0.6877318973678422,-0.286701647482111,-0.32059852655739435,-0.781147977047174,0.7450993204440123,0.8443788114795778,0.5633295086274344,1.6298238281457504,-67.36972272980337,-22.31421309445247,-41.1936529549385,67.36972272980337,-22.31421309445247,59.4211570292624,129.97732646510897,0.06059271721664627,0.1325399871159968,5.744959942224427,1.3062510009592439e-16,1.0,1.0,zarnick1978_linearized_momentum_strip_plus_matched_bie_delta_from_high_frequency,heave_pitch_2x2_v1,FnB=1.67,2.206233333333333
95,3.8229883570649044,8.890143392277029,1.4903397162388603,4.215941666666666,0.01,-0.6919165736255412,-0.2947227643821974,-0.3154285192434998,-0.7908981291011977,0.7520705104594869,0.8514781273573161,0.571331568285769,1.6434100312903968,-66.92835715294328,-21.7432601118999,-40.686758303826,66.92835715294328,-21.7432601118999,59.4396292199598,129.88633586574568,0.060611553608989614,0.13244720252659745,5.730443279875795,1.2933404909148907e-16,1.0,1.0,zarnick1978_linearized_momentum_strip_plus_matched_bie_delta_from_high_frequency,heave_pitch_2x2_v1,FnB=1.67,2.2189166666666664
96,3.8121088696889496,8.85046465039163,1.4818693472654945,4.24004,0.01,-0.6959164039375126,-0.30279865515117727,-0.31004169978273427,-0.8004549348863047,0.75893785439302,0.8584019794874691,0.5792696779047932,1.6566993281744558,-66.48576629882612,-21.172973085348275,-40.180408182827534,66.48576629882612,-21.172973085348275,59.44815200620341,129.77045870067738,0.06062024443230196,0.13232904070266338,5.715688658103325,1.4337159767595455e-16,1.0,1.0,zarnick1978_linearized_momentum_strip_plus_matched_bie_delta_from_high_frequency,heave_pitch_2x2_v1,FnB=1.67,2.2316
97,3.8013217395422014,8.81120377770558,1.4734947171068764,4.2641383333333325,0.01,-0.6997310194735225,-0.3109226942740346,-0.3044464809135254,-0.8098131335356321,0.7656999552227228,0.8651502591963023,0.5871417448275457,1.6696907959552827,-66.04222026012289,-20.603579124407645,-39.674823013647824,66.04222026012289,-20.603579124407645,59.44688633139475,129.6303052895675,0.06061895380317923,0.13218612399705046,5.700708620401249,6.24104607425224e-17,1.0,1.0,zarnick1978_linearized_momentum_strip_plus_matched_bie_delta_from_high_frequency,heave_pitch_2x2_v1,FnB=1.67,2.244283333333333
98,3.7906256672578817,8.77235398707479,1.4652142117108555,4.288236666666666,0.01,-0.7033603479700199,-0.31908832108294494,-0.2986514033329553,-0.8189678905002271,0.7723555759804159,0.8717230445406016,0.5949458021723222,1.6823838563186702,-65.59797889048528,-20.03529572832423,-39.1702143879661,65.59797889048528,-20.03529572832423,59.436001197497674,129.46649445998526,0.060607854055663934,0.13201908343826407,5.685515864444757,1.7675638847026206e-16,1.0,1.0,zarnick1978_linearized_momentum_strip_plus_matched_bie_delta_from_high_frequency,heave_pitch_2x2_v1,FnB=1.67,2.2569666666666666
99,3.7800193789189938,8.733908639472869,1.4570262531040812,4.312334999999999,0.01,-0.7068046055081362,-0.32728905481251014,-0.2926651105448352,-0.8279147979636403,0.7789036370229492,0.8781205951447648,0.6026800088701196,1.6947782669597624,-65.15329195888538,-19.468330991553557,-38.66678520078159,65.15329195888538,-19.468330991553557,59.41567305586891,129.27965235435985,0.06058712512006538,0.13182855751389094,5.670123210272461,2.200747392489535e-16,1.0,1.0,zarnick1978_linearized_momentum_strip_plus_matched_bie_delta_from_high_frequency,heave_pitch_2x2_v1,FnB=1.67,2.2696499999999995
100,3.7695016254210016,8.695861239945364,1.4489292983895186,4.336433333333332,0.01,-0.7100642874791628,-0.335518508830894,-0.28649632417046444,-0.8366498736161196,0.7853432129466694,0.8843433466618363,0.6103426493237329,1.7068741123365463,-64.70839930795913,-18.902883803966006,-38.16472978515975,64.70839930795913,-18.902883803966006,59.386085200470966,129.07041124270822,0.06055695390420884,0.13161519095991825,5.654543569019568,1.667639497582533e-16,1.0,1.0,zarnick1978_linearized_momentum_strip_plus_matched_bie_delta_from_high_frequency,heave_pitch_2x2_v1,FnB=1.67,2.282333333333333
101,3.759071181853907,8.658205433696423,1.4409218387772105,4.360531666666666,0.01,-0.7131401588182613,-0.34377040400523146,-0.2801538198341972,-0.845169557861706,0.7916735291704876,0.8903919048957282,0.617932132704248,1.718671793762554,-64.26353101656554,-18.33914404705348,-37.664234049075816,64.26353101656554,-18.33914404705348,59.34742716555221,128.83940834637482,0.06051753367924033,0.13137963356128224,5.638789912327281,1.3814283019912794e-16,1.0,1.0,zarnick1978_linearized_momentum_strip_plus_matched_bie_delta_from_high_frequency,heave_pitch_2x2_v1,FnB=1.67,2.2950166666666663
102,3.7487268469030366,8.620935002302831,1.4330023986469982,4.384629999999999,0.01,-0.7160332435885031,-0.3520385811676932,-0.27364640372665155,-0.8534707095390528,0.7978939582140192,0.8962670396224687,0.6254469919022464,1.7301720189067098,-63.818907566693326,-17.77729278729305,-37.16547561490867,63.818907566693326,-17.77729278729305,59.29989412980712,128.5872846777496,0.060469063472038995,0.13112253896870962,5.622875242544142,3.5535183639792045e-16,1.0,1.0,zarnick1978_linearized_momentum_strip_plus_matched_bie_delta_from_high_frequency,heave_pitch_2x2_v1,FnB=1.67,2.3076999999999996
103,3.738467442267859,8.584043860050597,1.425169534641982,4.4087283333333325,0.01,-0.7187448139978299,-0.36031701265648447,-0.26698288993861946,-0.8615506002431755,0.8040040156979742,0.9019696781485246,0.6328858821523358,1.741375790768823,-63.37474001476947,-17.217502467625877,-36.66862396200605,63.37474001476947,-17.217502467625877,59.24368632893687,128.31468390061735,0.06041174746619576,0.13084456353659746,5.606812563824808,2.915967247051404e-16,1.0,1.0,zarnick1978_linearized_momentum_strip_plus_matched_bie_delta_from_high_frequency,heave_pitch_2x2_v1,FnB=1.67,2.320383333333333
104,3.7282918120982127,8.54752605038949,1.4174218347915521,4.432826666666666,0.01,-0.7212763789312749,-0.3685998129137347,-0.2601720786487142,-0.8694069073405816,0.8100033560944376,0.9075008986441321,0.6402475793507092,1.7522843961992587,-62.9312301673523,-16.659937097833676,-36.17384057262183,62.9312301673523,-16.659937097833676,59.17900847842657,128.02225121546334,0.06034579441340985,0.13054636518634127,5.590614854221417,5.248474819057606e-16,1.0,1.0,zarnick1978_linearized_momentum_strip_plus_matched_bie_delta_from_high_frequency,heave_pitch_2x2_v1,FnB=1.67,2.3330666666666664
105,3.718198822447313,8.511375742501071,1.40975791766287,4.456924999999999,0.01,-0.7236296720798463,-0.3768812481296444,-0.2532227352376023,-0.8770377057744084,0.8158917682549227,0.9128619232891964,0.6475309780863373,1.7628993940308488,-62.488570761127434,-16.10475244443674,-35.68127908141781,62.488570761127434,-16.10475244443674,59.10606920824141,127.71063227371334,0.06027141705703926,0.13022860229916777,5.574295038851863,1.3679225897850445e-16,1.0,1.0,zarnick1978_linearized_momentum_strip_plus_matched_bie_delta_from_high_frequency,heave_pitch_2x2_v1,FnB=1.67,2.34575
106,3.708187360740968,8.47558722797604,1.4021764315397272,4.481023333333333,0.01,-0.7258066397458283,-0.3851557449292935,-0.24614357039145113,-0.8844414587592032,0.8216691707440225,0.9180541112685889,0.6547350894070267,1.7732226028899936,-62.046945647064845,-15.552096220596837,-35.191085428626764,62.046945647064845,-15.552096220596837,59.0250805110165,127.38047212451961,0.06018883156941106,0.1298919326421557,5.557865964218728,1.8308564478973603e-16,1.0,1.0,zarnick1978_linearized_momentum_strip_plus_matched_bie_delta_from_high_frequency,heave_pitch_2x2_v1,FnB=1.67,2.358433333333333
107,3.6982563352624274,8.440154917596814,1.394676053627761,4.505121666666666,0.01,-0.727809428402069,-0.39341789810517885,-0.23894322124708733,-0.8916170074670076,0.8273356070062761,0.9230789516527589,0.6618590383420526,1.7832560887524582,-61.606529978542795,-15.002108276382728,-34.703398016886666,61.606529978542795,-15.002108276382728,58.93625720518453,127.03241419733672,0.06009825700436392,0.12953701233075182,5.541340373741745,2.855684366480713e-16,1.0,1.0,zarnick1978_linearized_momentum_strip_plus_matched_bie_delta_from_high_frequency,heave_pitch_2x2_v1,FnB=1.67,2.3711166666666665
108,3.6884046746523262,8.40507333822146,1.3872554892850395,4.52922,0.01,-0.7296403720800752,-0.4016624774047722,-0.23163023362138505,-0.8985635598074074,0.83289124039342,0.9279380561983961,0.6689020612033293,1.7930021523074333,-61.16749040319709,-14.454920789643523,-34.21834787168004,61.16749040319709,-14.454920789643523,58.83981641434672,126.66709932315358,0.059999914766354176,0.12916449483070525,5.524730884556307,1.48781732375373e-16,1.0,1.0,zarnick1978_linearized_momentum_strip_plus_matched_bie_delta_from_high_frequency,heave_pitch_2x2_v1,FnB=1.67,2.3838
109,3.6786313274232056,8.370337129765291,1.379913471277084,4.553318333333333,0.01,-0.7313019796585313,-0.409884433388103,-0.224213045357751,-0.9052806784042562,0.8383363490785624,0.932633152102512,0.6758635026871486,1.8024633161911259,-60.729985258213844,-13.91065845764004,-33.73605880524727,60.729985258213844,-13.91065845764004,58.73597706405097,126.28516479687315,0.059894028097312514,0.12877503000196108,5.508049965619995,1.843016653091941e-16,1.0,1.0,zarnick1978_linearized_momentum_strip_plus_matched_bie_delta_from_high_frequency,heave_pitch_2x2_v1,FnB=1.67,2.3964833333333333
110,3.668935261488108,8.335941042276527,1.3726487590554177,4.577416666666666,0.01,-0.7327969221202684,-0.41807890237562906,-0.21669997081321696,-0.9117682678709866,0.8436713208830495,0.9371660747417762,0.6827428127984343,1.811642312148545,-60.29416476874883,-13.369438689496889,-33.25664758378423,60.29416476874883,-13.369438689496889,58.62495939699848,125.88724348295759,0.0597808215822921,0.1283692631866719,5.491309917159266,3.4730339995507094e-16,1.0,1.0,zarnick1978_linearized_momentum_strip_plus_matched_bie_delta_from_high_frequency,heave_pitch_2x2_v1,FnB=1.67,2.4091666666666667
111,3.65931546370277,8.30187993310265,1.3654601380587885,4.601515,0.01,-0.7341280198417699,-0.42624121051133296,-0.20909918650080256,-0.9180265614847742,0.8488966480408346,0.9415387604272356,0.6895395436191771,1.820542068179232,-59.860171249128754,-12.83137179946715,-32.780224097688915,59.860171249128754,-12.83137179946715,58.506984507555615,125.4739629660923,0.05966052067480293,0.12794783434311646,5.474522851478788,1.834534327157802e-16,1.0,1.0,zarnick1978_linearized_momentum_strip_plus_matched_bie_delta_from_high_frequency,heave_pitch_2x2_v1,FnB=1.67,2.42185
112,3.6497709394209488,8.268148764144142,1.358346419036233,4.625613333333333,0.01,-0.7352982299751248,-0.434366876970194,-0.20141871789336904,-0.9240561073575309,0.8540129219241306,0.9457532392027854,0.696253345942349,1.8291656957195965,-59.42813930646555,-12.296561200937191,-32.30689153457857,59.42813930646555,-12.296561200937191,58.382273896306685,125.0459447482658,0.059533351242582015,0.12751137722694886,5.457700675146633,8.51102945650647e-17,1.0,1.0,zarnick1978_linearized_momentum_strip_plus_matched_bie_delta_from_high_frequency,heave_pitch_2x2_v1,FnB=1.67,2.4345333333333334
113,3.640300712062441,8.234742599192487,1.3513064373911903,4.649711666666666,0.01,-0.7363106339779387,-0.4424516163428046,-0.19366642738734907,-0.9298577541986729,0.8590208277529447,0.9498116277138214,0.7028839657920316,1.837516476911193,-58.99819604629779,-11.765103601046945,-31.83674655476824,58.99819604629779,-11.765103601046945,58.25104904524329,124.60380349331948,0.05939953913440706,0.12706051862085369,5.440855072560049,1.2737806429040982e-16,1.0,1.0,zarnick1978_linearized_momentum_strip_plus_matched_bie_delta_from_high_frequency,heave_pitch_2x2_v1,FnB=1.67,2.4472166666666664
114,3.6309038226933694,8.201656601349455,1.3443390525459074,4.67381,0.01,-0.7371684253421829,-0.4504913402330154,-0.18585000341745425,-0.935432636761084,0.8639211393098399,0.953716122170566,0.7094312408498584,1.8455978520008225,-58.570461279861036,-11.2370891957585,-31.36987946887595,58.570461279861036,-11.2370891957585,58.113531014049975,124.14814631969291,0.05925930976842242,0.12659587761334698,5.423997490888376,1.339688453852758e-16,1.0,1.0,zarnick1978_linearized_momentum_strip_plus_matched_bie_delta_from_high_frequency,heave_pitch_2x2_v1,FnB=1.67,2.4598999999999998
115,3.621579329618322,8.168886030524703,1.3374431473254063,4.6979083333333325,0.01,-0.7378748975683574,-0.4584821581071122,-0.17797695070675967,-0.9407821610576876,0.8687147136799681,0.9574689914285732,0.7158950968071441,1.8534134069148744,-58.14504773257963,-10.712601865167954,-30.906374417198407,58.14504773257963,-10.712601865167954,57.969940057815656,123.67957214177976,0.05911288774231328,0.12611806492714614,5.40713912638207,1.60963470584667e-16,1.0,1.0,zarnick1978_linearized_momentum_strip_plus_matched_bie_delta_from_high_frequency,heave_pitch_2x2_v1,FnB=1.67,2.472583333333333
116,3.6123263079839596,8.136426241009028,1.3306176273603143,4.722006666666666,0.01,-0.7384334324267,-0.4664203774350783,-0.17005458163055112,-0.9459079894315652,0.873402486035023,0.9610725702068538,0.722275543661205,1.8609668610466465,-57.72206125337149,-10.191719368830974,-30.44630955049081,57.72206125337149,-10.191719368830974,57.82049526637562,123.19867106001658,0.05896049646553677,0.1256276822972336,5.390290912030001,1.2297061366518864e-16,1.0,1.0,zarnick1978_linearized_momentum_strip_plus_matched_bie_delta_from_high_frequency,heave_pitch_2x2_v1,FnB=1.67,2.4852666666666665
117,3.6031438493937036,8.104272679120522,1.3238614205078876,4.746104999999999,0.01,-0.738847488542539,-0.47430250316615163,-0.16209000866684825,-0.950812025557847,0.8779854644783674,0.9645292524620676,0.728572671973502,1.8682620552918388,-57.30160102435502,-9.674513540848068,-29.989757211773338,57.30160102435502,-9.674513540848068,57.66541422536881,122.70602379955142,0.05880235781369663,0.12512532189845813,5.3734635065408165,1.6026305496115245e-16,1.0,1.0,zarnick1978_linearized_momentum_strip_plus_matched_bie_delta_from_high_frequency,heave_pitch_2x2_v1,FnB=1.67,2.4979499999999994
118,3.5940310615331406,8.072420880921118,1.3171734762905818,4.770203333333332,0.01,-0.73912059033836,-0.4821252365820168,-0.1540901379017627,-0.9554963994505858,0.8824647249671748,0.9678414849352232,0.7347866491062772,1.8753029403638335,-56.88375977055381,-9.161050484443223,-29.53678411878502,56.88375977055381,-9.161050484443223,57.50491269898639,122.20220119709153,0.05863869180503678,0.12461156582226503,5.356667284618576,3.6248832477464917e-16,1.0,1.0,zarnick1978_linearized_momentum_strip_plus_matched_bie_delta_from_high_frequency,heave_pitch_2x2_v1,FnB=1.67,2.510633333333333
119,3.584987067805805,8.040866470001104,1.3105527653515587,4.794301666666666,0.01,-0.7392758566537403,-0.4899356654503865,-0.14588725298282665,-0.9600304250709214,0.8868854201707426,0.971051753329723,0.7409482311604876,1.8821153458444853,-56.46661831004471,-8.640622550451212,-29.080454498647327,56.46661831004471,-8.640622550451212,57.34205007290106,121.68917196046863,0.058472618144729406,0.12408842159194898,5.339449511666677,2.256798356505732e-16,1.0,1.0,zarnick1978_linearized_momentum_strip_plus_matched_bie_delta_from_high_frequency,heave_pitch_2x2_v1,FnB=1.67,2.523316666666666
120,3.576011006978984,8.009605155329183,1.3039982789265292,4.818399999999999,0.01,-0.7393003276952396,-0.4976951087642863,-0.1376106405882937,-0.9643622139777477,0.891215684230357,0.9741309810036758,0.747033946858883,1.8886828117000645,-56.051659931190244,-8.121054588844373,-28.625877506664892,56.051659931190244,-8.121054588844373,57.174850254679974,121.16613166519144,0.05830212177928241,0.12355506892281408,5.322140993894223,9.351172186611557e-17,1.0,1.0,zarnick1978_linearized_momentum_strip_plus_matched_bie_delta_from_high_frequency,heave_pitch_2x2_v1,FnB=1.67,2.5359999999999996
121,3.5671020328392316,7.978632729165872,1.2975090283313648,4.8424983333333325,0.01,-0.7391917336262258,-0.5053861991294784,-0.1293171393227469,-0.9684743120631245,0.8954438169599955,0.9770698110415453,0.753035076987546,1.8950026864770257,-55.639540983838884,-7.605526363485978,-28.175139772849008,55.639540983838884,-7.605526363485978,57.00268206064452,120.63318054732069,0.05812655908046533,0.12301161002719656,5.304884542898614,2.950950793619762e-17,1.0,1.0,zarnick1978_linearized_momentum_strip_plus_matched_bie_delta_from_high_frequency,heave_pitch_2x2_v1,FnB=1.67,2.548683333333333
122,3.5582593138572807,7.947945065038072,1.2910840444649383,4.866596666666666,0.01,-0.7389538305050267,-0.5130062781269735,-0.12101309143875331,-0.9723696787296,0.8995711228222822,0.9798708896646892,0.7589520557283127,1.901079342376669,-55.230335217870845,-7.094084150974112,-27.72828961813383,55.230335217870845,-7.094084150974112,56.82575558244482,120.09086031330266,0.05794614428214,0.12245859729194236,5.287689861787744,1.5015960498119341e-16,1.0,1.0,zarnick1978_linearized_momentum_strip_plus_matched_bie_delta_from_high_frequency,heave_pitch_2x2_v1,FnB=1.67,2.5613666666666663
123,3.5494820328620404,7.917538115772668,1.2847223773266554,4.890694999999999,0.01,-0.7385903953279888,-0.5205528767968616,-0.1127046048571202,-0.9760514396907559,0.9035989539680993,0.9825368903396945,0.7647853790670552,1.9069172141799275,-54.82411071476943,-6.5867693301464385,-27.285370479866117,54.82411071476943,-6.5867693301464385,56.64427793554424,119.539700888028,0.057761088583302395,0.1218965710900542,5.270566330763985,1.4985322468715125e-16,1.0,1.0,zarnick1978_linearized_momentum_strip_plus_matched_bie_delta_from_high_frequency,heave_pitch_2x2_v1,FnB=1.67,2.5740499999999997
124,3.5407693867234022,7.887407911587234,1.278423095548186,4.914793333333333,0.01,-0.7381052170476131,-0.5280237117164275,-0.10439755172983135,-0.9795228723573142,0.9075287056439024,0.9850705082776086,0.7705356010133811,1.9125207891512728,-54.420930095226566,-6.083618568397412,-26.846421093180624,54.420930095226566,-6.083618568397412,56.45845304677651,118.98022013382975,0.057571599931451126,0.12132605949414914,5.253523003427103,2.932924154438683e-17,1.0,1.0,zarnick1978_linearized_momentum_strip_plus_matched_bie_delta_from_high_frequency,heave_pitch_2x2_v1,FnB=1.67,2.586733333333333
125,3.5321205860435625,7.857550558235825,1.2721852859389007,4.938891666666666,0.01,-0.7375020880763801,-0.5354166807257184,-0.096097567820059,-0.9827873915979706,0.911361811750068,0.9874744551758661,0.7762033298845209,1.9178945973627524,-54.020850724500846,-5.5846640060695165,-26.411475670951035,54.020850724500846,-5.5846640060695165,56.268481461959084,118.41292361204695,0.05737788282640769,0.12074757803332123,5.236568604140102,2.56847877201992e-16,1.0,1.0,zarnick1978_linearized_momentum_strip_plus_matched_bie_delta_from_high_frequency,heave_pitch_2x2_v1,FnB=1.67,2.5994166666666665
126,3.5235348548566066,7.827962235208087,1.2660080530445532,4.96299,0.01,-0.7367847962800531,-0.5427298583430074,-0.08781005264662374,-0.9858485359111866,0.9150997405564381,0.9897514542065765,0.7817892246628113,1.9230432024464819,-53.62392491521166,-5.089933438634773,-25.98056408198761,53.62392491521166,-5.089933438634773,56.07456017295157,117.8383043854881,0.05718013814396514,0.12016162949171033,5.2197115264021,1.3386848776586084e-16,1.0,1.0,zarnick1978_linearized_momentum_strip_plus_matched_bie_delta_from_high_frequency,heave_pitch_2x2_v1,FnB=1.67,2.6121
127,3.5150114303360778,7.798639193979845,1.2598905187187552,4.987088333333333,0.01,-0.7359571174611305,-0.5499614909110949,-0.07954017033992478,-0.9887099540389932,0.9187439905799931,0.9919042352533294,0.7872939914351016,1.927971192781127,-53.230200127271814,-4.599450496396258,-25.5537120271687,53.230200127271814,-4.599450496396258,55.87688246349805,117.25684286003656,0.05697856297869104,0.1195687037469845,5.202959832171211,3.461980333220812e-16,1.0,1.0,zarnick1978_linearized_momentum_strip_plus_matched_bie_delta_from_high_frequency,heave_pitch_2x2_v1,FnB=1.67,2.6247833333333332
128,3.5065495625102994,7.769577756313483,1.2538318217068187,5.011186666666666,0.01,-0.735022808330322,-0.5571099915137013,-0.07129285115651884,-0.9913753920489471,0.9222960866284696,0.9939355303973337,0.7927183799214054,1.9326831731154468,-52.839719164685874,-4.113234821457013,-25.130941213217227,52.839719164685874,-4.113234821457013,55.675637773154854,116.66900666357617,0.05677335050517236,0.11896927764687856,5.186321252079717,2.909842875849996e-17,1.0,1.0,zarnick1978_linearized_momentum_strip_plus_matched_bie_delta_from_high_frequency,heave_pitch_2x2_v1,FnB=1.67,2.6374666666666666
129,3.4981485139851887,7.740774312606437,1.2478311172415437,5.035285,0.01,-0.7339855999613445,-0.5641739346993675,-0.06307279360002555,-0.9938486809056812,0.9257575760126303,0.9958480696524314,0.7980631800991258,1.937183756629602,-52.452520368963576,-3.631302241724228,-24.712269523854246,52.452520368963576,-3.631302241724228,55.471011578571215,116.0752505603634,0.05656468985695545,0.11836381492187792,5.169803186483798,2.8455600324706884e-16,1.0,1.0,zarnick1978_linearized_momentum_strip_plus_matched_bie_delta_from_high_frequency,heave_pitch_2x2_v1,FnB=1.67,2.65015
130,3.4898075596743516,7.7122253202862705,1.2418875766505642,5.059383333333333,0.01,-0.7328491917220513,-0.5711520510483602,-0.054884467096847786,-0.9961337245490636,0.9291300249289184,0.997644576947369,0.8033292189282291,1.9414775574327776,-52.06863780892135,-3.1536649417336378,-24.297711188084577,52.06863780892135,-3.1536649417336378,55.26318529136675,115.47601639893828,0.05635276602241006,0.1177527661321025,5.153412707290157,3.9532950766368326e-16,1.0,1.0,zarnick1978_linearized_momentum_strip_plus_matched_bie_delta_from_high_frequency,heave_pitch_2x2_v1,FnB=1.67,2.6628333333333334
131,3.4815259865362163,7.683927302250728,1.2360003869748564,5.083481666666666,0.01,-0.7316172456728618,-0.5780432216160887,-0.046732115176316535,-0.9982344884918645,0.9324150150132994,0.9993277663526952,0.8085173571818827,1.9455691834937814,-51.68810146666726,-2.6803316300996016,-23.88727694539125,51.68810146666726,-2.6803316300996016,55.052336171830135,114.87173309164803,0.05613775975672645,0.11713656864642671,5.137156560502551,2.89321919338934e-17,1.0,1.0,zarnick1978_linearized_momentum_strip_plus_matched_bie_delta_from_high_frequency,heave_pitch_2x2_v1,FnB=1.67,2.6755166666666663
132,3.4733030933179965,7.655876845351365,1.2301687505980496,5.10758,0.01,-0.730293381421661,-0.5848464722844594,-0.038619759106230014,-1.0001549889459285,0.9356141400662243,1.0009003385486757,0.8136284863861851,1.949463229999429,-51.31093741958816,-2.211307703416537,-23.480974207638354,51.31093741958816,-2.211307703416537,54.83863725765112,114.26281662384945,0.05591984750924233,0.11651564665186326,5.121041169431962,8.663413657898209e-17,1.0,1.0,zarnick1978_linearized_momentum_strip_plus_matched_bie_delta_from_high_frequency,heave_pitch_2x2_v1,FnB=1.67,2.6881999999999997
133,3.465138190306281,7.6280705989193045,1.2243918848861832,5.1316783333333325,0.01,-0.7288811714227892,-0.5915609680505302,-0.030551201936332494,-1.001899282482316,0.938729002947889,1.002364977529809,0.8186635258718548,1.953164273134017,-50.9371680181801,-1.746595406455981,-23.07880721750385,50.9371680181801,-1.746595406455981,54.622257306891534,113.64967009086483,0.05569920136528941,0.1158904111912476,5.105072638515448,3.9205584011494434e-16,1.0,1.0,zarnick1978_linearized_momentum_strip_plus_matched_bie_delta_from_high_frequency,heave_pitch_2x2_v1,FnB=1.67,2.700883333333333
134,3.457030599084034,7.600505273331741,1.2186690218375609,5.155776666666666,0.01,-0.7273841367064094,-0.5981860072797368,-0.022530032904024062,-1.003471456227591,0.9417612126422503,1.003724347540787,0.8236234199400005,1.9566768642717656,-50.566812059583754,-1.2861939885235074,-22.68077720328469,50.566812059583754,-1.2861939885235074,54.40336075439846,113.03268376078196,0.05547598900174725,0.11526126022727637,5.089256757689967,3.164876358522387e-16,1.0,1.0,zarnick1978_linearized_momentum_strip_plus_matched_bie_delta_from_high_frequency,heave_pitch_2x2_v1,FnB=1.67,2.7135666666666665
135,3.448979652293829,7.573177638617939,1.2129994077423853,5.179874999999998,0.01,-0.7258057430234306,-0.6047210159488627,-0.014559632158517955,-1.0048756185954282,0.9447123814876245,1.0049810902380878,0.8285091351433899,1.9600055245728594,-50.19988495670958,-0.830099855860027,-22.286882529939334,50.19988495670958,-0.830099855860027,54.182107680867254,112.41223516121825,0.055250373655496274,0.1146285787309818,5.073599007269063,1.9478371154316273e-16,1.0,1.0,zarnick1978_linearized_momentum_strip_plus_matched_bie_delta_from_high_frequency,heave_pitch_2x2_v1,FnB=1.67,2.7262499999999994
136,3.440984693407112,7.5460845231033815,1.2073823028518442,5.203973333333332,0.01,-0.7241493973902479,-0.6111655419018944,-0.0066431757616279685,-1.0061158905500371,0.9475841225711285,1.0061378220708603,0.83332165768403,1.963154739972687,-49.83639890285514,-0.37830671998730736,-21.897118846250464,49.83639890285514,-0.37830671998730736,53.958653793767496,111.78868918820292,0.05502251410396772,0.11399273879276096,5.05810456327216,8.108414766245504e-17,1.0,1.0,zarnick1978_linearized_momentum_strip_plus_matched_bie_delta_from_high_frequency,heave_pitch_2x2_v1,FnB=1.67,2.7389333333333328
137,3.4330450764993286,7.519222812090927,1.2018169810563526,5.228071666666666,0.01,-0.722418445016852,-0.617519249139866,0.001216359074470741,-1.0071963973954499,0.9503780472837272,1.0071971318742776,0.8380619909272614,1.966128956552948,-49.476363031739055,0.0691942580798468,-21.511479228013116,49.476363031739055,0.0691942580798468,53.73315041935797,111.16239823537832,0.05479256465700109,0.11335409975412432,5.042778303157931,1.7406705177981996e-16,1.0,1.0,zarnick1978_linearized_momentum_strip_plus_matched_bie_delta_from_high_frequency,heave_pitch_2x2_v1,FnB=1.67,2.751616666666666
138,3.425160166030726,7.492589446577737,1.1963027295726505,5.252169999999999,0.01,-0.7206161666012958,-0.6237819121638571,0.009016188550067675,-1.0081212610825643,0.9530957630322068,1.0081615786681568,0.842731153032057,1.9689325762825225,-49.11978357289229,0.5124143278203803,-21.129954317169222,49.11978357289229,0.5124143278203803,53.50574450502918,110.5337023417673,0.05456067515923294,0.11271300835837651,5.027624811915396,2.3030563890483593e-16,1.0,1.0,zarnick1978_linearized_momentum_strip_plus_matched_bie_delta_from_high_frequency,heave_pitch_2x2_v1,FnB=1.67,2.7642999999999995
139,3.417329336632673,7.466181422006887,1.1908388486394748,5.2762683333333324,0.01,-0.7187457759731385,-0.6299534103883982,0.01675371667664405,-1.0088945930239512,0.9557388711040284,1.0090336896533463,0.8473301746967361,1.971569953115412,-48.76666400236559,0.9513670134375047,-20.752532456829044,48.76666400236559,0.9513670134375047,53.27657863123116,109.90292935641513,0.05432699100225985,0.11206979891850441,5.0126483884683966,1.996114602555766e-16,1.0,1.0,zarnick1978_linearized_momentum_strip_plus_matched_bie_delta_from_high_frequency,heave_pitch_2x2_v1,FnB=1.67,2.776983333333333
140,3.409551972899324,7.439995787052546,1.1854246512215358,5.300366666666665,0.01,-0.7168104180682413,-0.6360337226407085,0.024426529544630256,-1.0095204874047519,0.958308964680684,1.0098159583981243,0.8518600970188588,1.974045389432518,-48.41700518872926,1.3860679823647217,-20.379199822136798,48.41700518872926,1.3860679823647217,53.04579103226267,109.27039511827036,0.054091653145837436,0.11142479350060454,4.997853052351265,1.3044994454626182e-16,1.0,1.0,zarnick1978_linearized_momentum_strip_plus_matched_bie_delta_from_high_frequency,heave_pitch_2x2_v1,FnB=1.67,2.7896666666666663
141,3.40182746918448,7.414029642437679,1.1800594627215293,5.324464999999999,0.01,-0.7148131672171851,-0.6420229217594572,0.03203238949111157,-1.0100030149765848,0.9608076269949222,1.0105108432066932,0.8563219694676977,1.9763631328136786,-48.07080553435509,1.8165349180640646,-20.009940546951327,48.07080553435509,1.8165349180640646,52.8135156252205,108.63640364973558,0.05385479814740049,0.11077830212124996,4.983242550615767,1.2708762821051316e-16,1.0,1.0,zarnick1978_linearized_momentum_strip_plus_matched_bie_delta_from_high_frequency,heave_pitch_2x2_v1,FnB=1.67,2.8023499999999997
142,3.394155229403486,7.388280139783269,1.1747426206999363,5.348563333333333,0.01,-0.7127570257295971,-0.6479211693050567,0.039569229196205376,-1.010346217320171,0.9632364296269808,1.0111207656617283,0.8607168479673286,1.9785273731260873,-47.72806111198594,2.242787397118917,-19.64473684633066,47.72806111198594,2.242787397118917,52.57988204643103,108.00124736238563,0.05361655819921281,0.11013062295726435,4.9688203649315605,1.7942354296519738e-16,1.0,1.0,zarnick1978_linearized_momentum_strip_plus_matched_bie_delta_from_high_frequency,heave_pitch_2x2_v1,FnB=1.67,2.815033333333333
143,3.386534666840022,7.362744480488056,1.1694734746023627,5.372661666666666,0.01,-0.7106449227567995,-0.6537287103919364,0.04703514573469787,-1.0105541015613841,0.9655969309348087,1.0116481093328948,0.8650457930880983,1.9805422399150747,-47.38876579661084,2.6648467706119447,-19.283569134819288,47.38876579661084,2.6648467706119447,52.34501569471149,107.36520727341967,0.05337706117248143,0.10948204256644183,4.954589718844724,1.4160795380897497e-16,1.0,1.0,zarnick1978_linearized_momentum_strip_plus_matched_bie_delta_from_high_frequency,heave_pitch_2x2_v1,FnB=1.67,2.8277166666666664
144,3.378965203957645,7.3374199146378665,1.164251385494183,5.39676,0.01,-0.7084797134154097,-0.659445868651747,0.05442839460740402,-1.01063063552463,0.9678906746131188,1.0120952186432148,0.8693098683439545,1.9824118000831419,-47.05291139267635,3.082736049766112,-18.926416140552874,47.05291139267635,3.082736049766112,52.10903778083439,106.72855323148518,0.05313643066779623,0.1088328361178233,4.940553585160985,1.2956940990072352e-16,1.0,1.0,zarnick1978_linearized_momentum_strip_plus_matched_bie_delta_from_high_frequency,heave_pitch_2x2_v1,FnB=1.67,2.8404
145,3.371446272215943,7.312303739943642,1.1590757258022646,5.4208583333333324,0.01,-0.7062641781548237,-0.6650730413350515,0.061747383774684084,-1.0105797433068098,0.9701191883760282,1.0124643978852172,0.8735101385929129,1.984140055843127,-46.72048775667548,3.4964797958158726,-18.573255015204637,46.72048775667548,3.4964797958158726,51.87206538259612,106.09154415058244,0.05289478607128441,0.1081832676302126,4.92671469342272,1.1638563746177185e-16,1.0,1.0,zarnick1978_linearized_momentum_strip_plus_matched_bie_delta_from_high_frequency,heave_pitch_2x2_v1,FnB=1.67,2.853083333333333
146,3.3639773118911687,7.287393300707228,1.1539458790635468,5.444956666666666,0.01,-0.7040010223518826,-0.6706106945577648,0.06899066771257711,-1.0104053012546665,0.9722839827579921,1.0127579103788626,0.8776476685377468,1.9857309429314876,-46.39148291516594,3.906104014067296,-18.22406143980851,46.39148291516594,3.906104014067296,51.63421150491723,105.45442825082922,0.05265224261589557,0.10753359021768823,4.913075537450624,1.8044954164115613e-16,1.0,1.0,zarnick1978_linearized_momentum_strip_plus_matched_bie_delta_from_high_frequency,heave_pitch_2x2_v1,FnB=1.67,2.8657666666666666
147,3.3565577719012274,7.26268598681415,1.1488612396802713,5.469055,0.01,-0.701692876116467,-0.6760593586973741,0.07615694151008107,-1.0101111343279743,0.9743865500277107,1.0129779777633454,0.8817235213238265,1.9871883290678032,-46.06588317827877,4.311636052093576,-17.878809726505068,46.06588317827877,4.311636052093576,51.395585144431614,104.8174433049394,0.05240891144726447,0.10688404634094152,4.899638382923436,1.7794653379207581e-16,1.0,1.0,zarnick1978_linearized_momentum_strip_plus_matched_bie_delta_from_high_frequency,heave_pitch_2x2_v1,FnB=1.67,2.87845
148,3.34918710963489,7.238179232752503,1.143821212681651,5.493153333333333,0.01,-0.6993422942922404,-0.6814196239428745,0.0832450350243266,-1.0097010128308508,0.9764283632097047,1.0131267794150183,0.8857387572309279,1.9885160126468167,-45.74367324878628,4.713104502008321,-17.53747291626331,45.74367324878628,4.713104502008321,51.15629135804826,104.18081688933664,0.0521648996936245,0.10623486806334136,4.886405274970803,2.0450307223980131e-16,1.0,1.0,zarnick1978_linearized_momentum_strip_plus_matched_bie_delta_from_high_frequency,heave_pitch_2x2_v1,FnB=1.67,2.8911333333333333
149,3.3418647907851144,7.213870516657192,1.1388252134917876,5.517251666666666,0.01,-0.6969517566372925,-0.6866921360012938,0.09025390710861032,-1.0091786494933919,0.9784108752082773,1.0132064519838373,0.8896944324557176,1.9897177216495765,-45.42483632680609,5.110539106748064,-17.200022872640204,45.42483632680609,5.110539106748064,50.91643133499812,103.5447666388965,0.05192031053927501,0.10558627731069888,4.873378045756622,2.804599652808003e-17,1.0,1.0,zarnick1978_linearized_momentum_strip_plus_matched_bie_delta_from_high_frequency,heave_pitch_2x2_v1,FnB=1.67,2.9038166666666663
150,3.3345902891863552,7.189757359378744,1.133872667703644,5.541349999999999,0.01,-0.6945236681699998,-0.691877591962763,0.09718263992664787,-1.0085476968858678,0.980335518028651,1.0132190890409145,0.8935915979815608,1.9907971127605302,-45.10935421022367,5.503970670291807,-16.866430371646032,45.10935421022367,5.503970670291807,50.67610247190654,102.90950050437715,0.05167524330113397,0.10493848613377367,4.860558322031966,2.8001828158888666e-17,1.0,1.0,zarnick1978_linearized_momentum_strip_plus_matched_bie_delta_from_high_frequency,heave_pitch_2x2_v1,FnB=1.67,2.9164999999999996
151,3.327363086655757,7.16583732357598,1.1289630108588893,5.565448333333332,0.01,-0.6920603596660051,-0.6969767363251937,0.10403043336478895,-1.0078117451478557,0.9822037020901311,1.0131667408299743,0.8974312985322523,1.9917577706777665,-44.797207390922665,5.8934309717371605,-16.536665187791243,44.797207390922665,5.8934309717371605,50.43539845045841,102.27521701166602,0.05142979350793433,0.10429169697263187,4.847947532638629,1.1183258182251993e-16,1.0,1.0,zarnick1978_linearized_momentum_strip_plus_matched_bie_delta_from_high_frequency,heave_pitch_2x2_v1,FnB=1.67,2.929183333333333
152,3.3201826728381145,7.1421080128318035,1.124095688233438,5.589546666666666,0.01,-0.6895640882928258,-0.701990357178873,0.1107965995525341,-1.0069743200148995,0.9840168156262563,1.013051414115727,0.9012145716062467,1.9926032076039544,-44.4883751469159,6.278952683150806,-16.210696176393327,44.4883751469159,6.278952683150806,50.19440931725107,101.64210552203448,0.051184052981651296,0.10364610292203197,4.835546915945985,1.1165976694307324e-16,1.0,1.0,zarnick1978_linearized_momentum_strip_plus_matched_bie_delta_from_high_frequency,heave_pitch_2x2_v1,FnB=1.67,2.9418666666666664
153,3.3130485450544973,7.118567070791446,1.1192701546285144,5.613644999999999,0.01,-0.687037038369225,-0.7069192825505504,0.11748055750024174,-1.0060388811255745,0.9857762241669966,1.0128750721224042,0.904942446587953,1.9933368629059183,-44.18283563047498,6.660569291103201,-15.88849135222938,44.18283563047498,6.660569291103201,49.9532215654554,101.01034649265466,0.050938109920773564,0.10300188799707817,4.823357527205726,1.1148884161372084e-16,1.0,1.0,zarnick1978_linearized_momentum_strip_plus_matched_bie_delta_from_high_frequency,heave_pitch_2x2_v1,FnB=1.67,2.95455
154,3.3059602081544366,7.095212180322484,1.114485874167073,5.637743333333332,0.01,-0.6844813222370992,-0.711764376905981,0.1240818278616894,-1.0050088205921923,0.987483270098186,1.0126396345559496,0.908615943932677,1.9939621029311965,-43.88056595235909,7.038315021797473,-15.570017964621798,43.88056595235909,7.038315021797473,49.71191821793163,100.3801117366927,0.050692048985057726,0.10235922739844157,4.811380245810347,1.6697966969747168e-16,1.0,1.0,zarnick1978_linearized_momentum_strip_plus_matched_bie_delta_from_high_frequency,heave_pitch_2x2_v1,FnB=1.67,2.9672333333333327
155,3.2989171743715775,7.072041062696006,1.1097423200954202,5.661841666666666,0.01,-0.6818989812342807,-0.7165265378093042,0.13060002782788702,-1.0038874618187865,0.9891392722935118,1.0123469777035987,0.9122360744218108,1.9944822209703559,-43.581542262247666,7.412224769696138,-15.255242569049784,43.581542262247666,7.412224769696138,49.47057891147122,99.75156468235154,0.0504459513814312,0.10171828777651037,4.799615782443144,1.864085029951042e-16,1.0,1.0,zarnick1978_linearized_momentum_strip_plus_matched_bie_delta_from_high_frequency,heave_pitch_2x2_v1,FnB=1.67,2.979916666666666
156,3.2919189631826993,7.049051476788295,1.105038974589881,5.685939999999999,0.01,-0.679291986757267,-0.7212066927371582,0.13703486615748864,-1.002678058550484,0.9907455258145276,1.0119989346048583,0.9158038384849249,1.9949004373542807,-43.2857398254817,7.782334029550242,-14.94413109537959,43.2857398254817,7.782334029550242,49.22927998186002,99.12486063029046,0.05019989495073243,0.10107922749388473,4.788064686108539,1.2408739964434173e-16,1.0,1.0,zarnick1978_linearized_momentum_strip_plus_matched_bie_delta_from_high_frequency,heave_pitch_2x2_v1,FnB=1.67,2.9925999999999995
157,3.2849651011700094,7.026241218302427,1.1003753285683582,5.710038333333332,0.01,-0.6766622414035204,-0.7258057960449708,0.14338613834806185,-1.00138379413883,0.9923033016742965,1.011597295288124,0.9193202255854476,1.9952198996760682,-42.99313309622255,8.148678831730649,-14.636648912810983,42.99313309622255,8.148678831730649,48.988094549480586,98.50014700890135,0.049953954255001036,0.1004421968856861,4.7767273510331645,6.195223121640243e-17,1.0,1.0,zarnick1978_linearized_momentum_strip_plus_matched_bie_delta_from_high_frequency,heave_pitch_2x2_v1,FnB=1.67,3.005283333333333
158,3.278055121886629,7.003608119009229,1.0957508815066472,5.734136666666665,0.01,-0.6740115801835947,-0.7303248260825063,0.1496537219515621,-1.000007781008198,0.9938138466604445,1.0111438070674692,0.9227862136667012,1.9954436831276652,-42.703695787136326,8.511295680762345,-14.332760891636866,42.703695787136326,8.511295680762345,48.74709260519477,97.8775636269738,0.04970820066505359,0.09980733851720394,4.76560402342927,1.2372349613735611e-16,1.0,1.0,zarnick1978_linearized_momentum_strip_plus_matched_bie_delta_from_high_frequency,heave_pitch_2x2_v1,FnB=1.67,3.0179666666666662
159,3.2711885657251702,6.9811500460069915,1.0911651412593593,5.758234999999999,0.01,-0.6713417717939417,-0.7347647824554063,0.15583757203647416,-0.9985530603089137,0.9952783832135457,1.0106401748943687,0.9262027686551155,1.9955747909417667,-42.417400935713374,8.870221496960198,-14.032431461915365,42.417400935713374,8.870221496960198,48.50634109626743,97.25724292332494,0.04946270244810147,0.09917478743844732,4.754694808113239,1.2659541382319617e-16,1.0,1.0,zarnick1978_linearized_momentum_strip_plus_matched_bie_delta_from_high_frequency,heave_pitch_2x2_v1,FnB=1.67,3.0306499999999996
160,3.264364979789337,6.958864900999448,1.0866176238853267,5.782333333333332,0.01,-0.6686545199418423,-0.7391266834291874,0.16193771679828117,-0.9970226017433258,0.9966981093569336,1.0100880617594046,0.9295708440175287,1.9956161549300064,-42.13422096733282,9.225493561064923,-13.735624669153708,42.13422096733282,9.225493561064923,48.26590401211351,96.6393102130195,0.049217524855188585,0.09854467143521947,4.743999674973111,1.584682534398951e-16,1.0,1.0,zarnick1978_linearized_momentum_strip_plus_matched_bie_delta_from_high_frequency,heave_pitch_2x2_v1,FnB=1.67,3.043333333333333
161,3.257583917768454,6.936750619591449,1.0821078534773516,5.806431666666666,0.01,-0.6659514647144742,-0.7434115634719358,0.16795425331922081,-0.9954193035515985,0.9980741986741976,1.009489089139237,0.9328913803695682,1.9955706361088743,-41.85412775518114,9.577149461778134,-13.442304227103136,41.85412775518114,9.577149461778134,48.02584246966946,96.02388392984368,0.048972730208245906,0.09791711127637234,4.7335184652799756,1.8478822939813652e-16,1.0,1.0,zarnick1978_linearized_momentum_strip_plus_matched_bie_delta_from_high_frequency,heave_pitch_2x2_v1,FnB=1.67,3.0560166666666664
162,3.250844939814853,6.9148051706018645,1.0776353619961798,5.8305299999999995,0.01,-0.6632341839846836,-0.7476204709317265,0.17388734347759768,-0.9937459926445985,0.9994078003307787,1.0088448374843846,0.9361653051321834,1.9954410254052486,-41.57709267713446,9.925227046094705,-13.152433567765485,41.57709267713446,9.925227046094705,47.78621479820815,95.41107586473909,0.048728377986578655,0.09729222095694155,4.72325089783911,1.6732366127733041e-16,1.0,1.0,zarnick1978_linearized_momentum_strip_plus_matched_bie_delta_from_high_frequency,heave_pitch_2x2_v1,FnB=1.67,3.0686999999999998
163,3.2441476124240407,6.893026555393195,1.0731996891085749,5.854628333333332,0.01,-0.6605041948465535,-0.7517544658446689,0.1797372100063666,-0.9920054248718291,1.0007000391362526,1.008156846743606,0.9393935322335072,1.9952300444338735,-41.30308666971217,10.269764372332617,-12.86597588870913,41.30308666971217,10.269764372332617,47.5470766234338,94.80099139993911,0.0484845249126193,0.09667010793689905,4.713196574977636,1.2588101397022332e-16,1.0,1.0,zarnick1978_linearized_momentum_strip_plus_matched_bie_delta_from_high_frequency,heave_pitch_2x2_v1,FnB=1.67,3.081383333333333
164,3.237491508317564,6.8714128072174265,1.0688003820293714,5.878726666666666,0.01,-0.6577629550743798,-0.7558146178693443,0.18550413270015095,-0.9902002854129431,1.0019520156440445,1.0074266169209096,0.9425769618533172,1.9949403463395226,-41.03208027920877,10.610799665760453,-12.582894197793024,41.03208027920877,10.610799665760453,47.30848095070975,94.19372973858499,0.048241225036796204,0.09605087337529636,4.7033549883661365,9.502565463469501e-17,1.0,1.0,zarnick1978_linearized_momentum_strip_plus_matched_bie_delta_from_high_frequency,heave_pitch_2x2_v1,FnB=1.67,3.0940666666666665
165,3.230876206328515,6.849961990577683,1.0644369953674024,5.902824999999999,0.01,-0.6550118645991572,-0.7598020043433228,0.19118844476938754,-0.9883331892819516,1.0031648062854854,1.0066556086614582,0.9457164802074544,1.9945745166970068,-40.76404371011026,10.94837127672406,-12.303151355396466,40.76404371011026,10.94837127672406,47.07047824728756,93.58938412963239,0.04799852982138402,0.09543461235960536,4.6937255246726135,9.48955925540772e-17,1.0,1.0,zarnick1978_linearized_momentum_strip_plus_matched_bie_delta_from_high_frequency,heave_pitch_2x2_v1,FnB=1.67,3.10675
166,3.2243012912895956,6.828672200605209,1.0601090909751805,5.926923333333333,0.01,-0.6522522669971368,-0.7637177084573916,0.19679052933988528,-0.9864066819338039,1.0043394635352698,1.0058452438628562,0.9488129593696742,1.9941350744625888,-40.49894687089832,11.282517641175872,-12.026710114249653,40.49894687089832,11.282517641175872,46.83311652341935,92.98804208788741,0.04775648822321521,0.09482141413009276,4.684307471047643,1.1279516867410284e-16,1.0,1.0,zarnick1978_linearized_momentum_strip_plus_matched_bie_delta_from_high_frequency,heave_pitch_2x2_v1,FnB=1.67,3.1194333333333333
167,3.2177663539236794,6.807541562451279,1.055816237802235,5.951021666666667,0.01,-0.649485450985476,-0.7675628175430909,0.20231081609569584,-0.9844232399635954,1.0054770161055375,1.0049969063085364,0.9518672571284913,1.9936244729707582,-40.23675941734524,11.613277243510623,-11.753533156960003,40.23675941734524,11.613277243510623,46.596441412250336,92.3897856090425,0.04751514677514782,0.09421136229909552,4.675100020440431,2.334229049930643e-16,1.0,1.0,zarnick1978_linearized_momentum_strip_plus_matched_bie_delta_from_high_frequency,heave_pitch_2x2_v1,FnB=1.67,3.1321166666666667
168,3.2112709907368004,6.786568230693587,1.051558011751996,5.9751199999999995,0.01,-0.6467126519204134,-0.7713384214691575,0.20774977806289951,-0.9823852718891823,1.0065784691659492,1.0041119423201612,0.9548802168766846,1.993045100970688,-39.97745079339893,11.940688581615206,-11.483583131326668,39.97745079339893,11.940688581615206,46.36049624839948,91.794691379604,0.04727454966619537,0.09360453506508747,4.666102276745721,1.220164433355663e-16,1.0,1.0,zarnick1978_linearized_momentum_strip_plus_matched_bie_delta_from_high_frequency,heave_pitch_2x2_v1,FnB=1.67,3.1448
169,3.2048148039135134,6.765750388756748,1.0473339955421281,5.999218333333333,0.01,-0.6439350532938152,-0.7750456111424745,0.21310792853160287,-0.980295119008546,1.0076448045872715,1.0031916614261756,0.9578526675312364,1.9923992836970716,-39.72099026975741,12.264790134039458,-11.216822683534133,39.72099026975741,12.264790134039458,46.12532214514956,91.20283098163213,0.047034738820238876,0.09300100542145599,4.657313259782399,1.6348623746057355e-16,1.0,1.0,zarnick1978_linearized_momentum_strip_plus_matched_bie_delta_from_high_frequency,heave_pitch_2x2_v1,FnB=1.67,3.1574833333333334
170,3.1983974012145535,6.745086248346493,1.0431437785682176,6.023316666666665,0.01,-0.6411537882243108,-0.7786854771091692,0.2183858181132229,-0.9781550563237509,1.0086769812061336,1.0022373370438271,0.9607854234815671,1.9916892839703795,-39.46734698022743,12.585620329199372,-10.953214489314064,39.46734698022743,12.585620329199372,45.890958070177646,90.61427109223203,0.04679575397325045,0.0924008413599262,4.648731910104714,1.0884831857347135e-16,1.0,1.0,zarnick1978_linearized_momentum_strip_plus_matched_bie_delta_from_high_frequency,heave_pitch_2x2_v1,FnB=1.67,3.170166666666666
171,3.192018395876746,6.7245740488971855,1.0389869567707175,6.047414999999998,0.01,-0.638369940939597,-0.7822591082515474,0.2235840319299382,-0.975967293523844,1.009675935108751,1.0012502071721656,0.9636792845640317,1.9909173033219036,-39.21648995596172,12.903217516524876,-10.692721283161688,39.21648995596172,12.903217516524876,45.65744091976789,90.02907367775649,0.046557632748969215,0.09180410606859274,4.640357093647735,1.4635166151063466e-16,1.0,1.0,zarnick1978_linearized_momentum_strip_plus_matched_bie_delta_from_high_frequency,heave_pitch_2x2_v1,FnB=1.67,3.1828499999999993
172,3.1856774065151,6.704212057032313,1.0348631325050626,6.071513333333332,0.01,-0.6355768120996952,-0.7857886181097783,0.22879424608974147,-0.9737127089203332,1.0106540636784114,1.0002315964599133,0.9665351533382799,1.9900597625968623,-38.9672974736622,13.222976404530613,-10.432008881712136,38.9672974736622,13.222976404530613,45.425321745219044,89.44614013538619,0.0463209370633387,0.09120967928434909,4.631861044766152,1.213827447293317e-16,1.0,1.0,zarnick1978_linearized_momentum_strip_plus_matched_bie_delta_from_high_frequency,heave_pitch_2x2_v1,FnB=1.67,3.1955333333333327
173,3.1793740570270335,6.683998566037575,1.0307719144148653,6.095611666666665,0.01,-0.632779949042438,-0.7892609010506035,0.23395715861909447,-0.971405174281414,1.0116042871782231,0.9991816474945007,0.9693528059131322,1.989133826394857,-38.72045393339482,13.541451287772986,-10.173199644031712,38.72045393339482,13.541451287772986,45.19426807130431,88.86621826262628,0.04608532788597973,0.09061832354843528,4.623452050515412,1.2422252675214536e-16,1.0,1.0,zarnick1978_linearized_momentum_strip_plus_matched_bie_delta_from_high_frequency,heave_pitch_2x2_v1,FnB=1.67,3.208216666666666
174,3.173107976498678,6.663931895346238,1.0267129173081058,6.119709999999999,0.01,-0.6299830686862927,-0.7926693192543448,0.2390402131446707,-0.9690542101545057,1.0125232424584358,0.9981013404050825,0.9721328363355565,1.9881506779801772,-38.476325925742714,13.856732796770274,-9.917457496465289,38.476325925742714,13.856732796770274,44.96412031045798,88.2897720579377,0.04585064248286416,0.09003051200760474,4.615247186220093,1.7335498095230853e-16,1.0,1.0,zarnick1978_linearized_momentum_strip_plus_matched_bie_delta_from_high_frequency,heave_pitch_2x2_v1,FnB=1.67,3.2208999999999994
175,3.166878799113201,6.644010390036409,1.0226857620362377,6.143808333333332,0.01,-0.6271871059616599,-0.796014955714403,0.24404410527504078,-0.9666618606694966,1.013411799618282,0.9969918145062718,0.9748760093434689,1.9871123466844225,-38.23488246329413,14.168859398053826,-9.66474516052881,38.23488246329413,14.168859398053826,44.73490944441859,87.71685006854752,0.04561691244657309,0.08944629416625201,4.60724514952841,1.4561360471848597e-16,1.0,1.0,zarnick1978_linearized_momentum_strip_plus_matched_bie_delta_from_high_frequency,heave_pitch_2x2_v1,FnB=1.67,3.233583333333333
176,3.160686164061105,6.624232420339938,1.0186900753761277,6.167906666666665,0.01,-0.6243929527994574,-0.799298887056488,0.2489695551799972,-0.9642301080269491,1.014270807208492,0.9958541763893887,0.9775830750306393,1.986020804820083,-37.99609257018375,14.477869371819565,-9.415025520392788,37.99609257018375,14.477869371819565,44.50666467447316,87.1474968701186,0.045384167554132306,0.0888657154789032,4.599444579337261,1.8904464061441902e-16,1.0,1.0,zarnick1978_linearized_momentum_strip_plus_matched_bie_delta_from_high_frequency,heave_pitch_2x2_v1,FnB=1.67,3.246266666666666
177,3.1545297154524463,6.604596381162599,1.0147254899147509,6.192004999999999,0.01,-0.6216014595355434,-0.8025221826648216,0.2538173053611131,-0.9617608737041665,1.0151010925842938,0.9946895006427776,0.9802547689290267,1.984877968885736,-37.75992530718676,14.783800791797944,-9.168261643539324,37.75992530718676,14.783800791797944,44.27941348705735,86.58175323394576,0.04515243583390592,0.08828881752070866,4.591844059676322,1.0789329570348133e-16,1.0,1.0,zarnick1978_linearized_momentum_strip_plus_matched_bie_delta_from_high_frequency,heave_pitch_2x2_v1,FnB=1.67,3.2589499999999996
178,3.1484091022309277,6.5851006916152635,1.0107916439365692,6.216103333333332,0.01,-0.6188134362916116,-0.805685903879772,0.25858811853496744,-0.9592560196838812,1.0159034622667635,0.9934988305716403,0.9828918121072101,1.9836857007742226,-37.52634979519357,15.086691506584515,-8.924416799948432,37.52634979519357,15.086691506584515,44.05318171768112,86.01965628898067,0.0449217436307823,0.08771563815266241,4.584442123440948,5.3881206312733404e-17,1.0,1.0,zarnick1978_linearized_momentum_strip_plus_matched_bie_delta_from_high_frequency,heave_pitch_2x2_v1,FnB=1.67,3.271633333333333
179,3.1423239780898173,6.56574379455578,1.0068881813135184,6.240201666666666,0.01,-0.6160296543311243,-0.8087911032632225,0.2632827756252105,-0.9567173497008767,1.0166787023111408,0.9922831789159708,0.9854949112835003,1.9824458089811274,-37.295335237142154,15.386579122360587,-8.683454479883721,37.295335237142154,15.386579122360587,43.8279936131731,85.46123967874382,0.044692115669645704,0.0871462116816077,4.577237255977137,2.690821048913984e-17,1.0,1.0,zarnick1978_linearized_momentum_strip_plus_matched_bie_delta_from_high_frequency,heave_pitch_2x2_v1,FnB=1.67,3.2843166666666663
180,3.1362740013896504,6.546524156141274,1.0030147513975363,6.2642999999999995,0.01,-0.6132508473890473,-0.8118388239281,0.26790207385966475,-0.9541466105022123,1.0174275786808342,0.9910435285653045,0.9880647589523964,1.9811600498111133,-37.06685093848026,15.683500986935798,-8.445338410346125,37.06685093848026,15.683500986935798,43.60387189224231,84.90653371318868,0.044463575117132066,0.08658056901509556,4.57022789852196,7.601720779142282e-17,1.0,1.0,zarnick1978_linearized_momentum_strip_plus_matched_bie_delta_from_high_frequency,heave_pitch_2x2_v1,FnB=1.67,3.2969999999999997
181,3.1302588350776626,6.527440265390563,0.9991710089155591,6.288398333333332,0.01,-0.6104777129743373,-0.8148300989286102,0.2724468249686669,-0.9515454931170566,1.0181508376259316,0.989780833269108,0.9906020335231277,1.9798301285798614,-36.84086632622834,15.97749417504781,-8.210032570260125,36.84086632622834,15.97749417504781,43.380837804360254,84.35556551559154,0.04423614364167198,0.08601873781117052,4.563412451502914,1.20051770935629e-16,1.0,1.0,zarnick1978_linearized_momentum_strip_plus_matched_bie_delta_from_high_frequency,heave_pitch_2x2_v1,FnB=1.67,3.309683333333333
182,3.1242781466089222,6.508490633756468,0.9953566138669253,6.312496666666666,0.01,-0.6077109136443243,-0.8177659507078305,0.2769178534808558,-0.9489156341324724,1.0188492060651082,0.9884960183417416,0.9931073994690902,1.9784577008095854,-36.61735096671174,16.268595474854322,-7.977501204457496,36.61735096671174,16.268595474854322,43.15891118697088,83.80835916454834,0.04400984147182869,0.08546074262316727,4.5567892776998145,2.515278393771881e-16,1.0,1.0,zarnick1978_linearized_momentum_strip_plus_matched_bie_delta_from_high_frequency,heave_pitch_2x2_v1,FnB=1.67,3.3223666666666665
183,3.118331607869109,6.489673794707718,0.9915712314231203,6.336594999999999,0.01,-0.6049510782502777,-0.8206473905994589,0.28131599511270505,-0.9462586169717953,1.0195233919699314,0.987189981361048,0.9955815074870775,1.9770443734162657,-36.396274582027274,16.556841375558406,-7.74770883651783,36.396274582027274,16.556841375558406,42.93811052103975,83.2649358311644,0.04378468745294239,0.08490660503960516,4.550356705272835,1.339091725294233e-16,1.0,1.0,zarnick1978_linearized_momentum_strip_plus_matched_bie_delta_from_high_frequency,heave_pitch_2x2_v1,FnB=1.67,3.33505
184,3.1124188950989056,6.470988303320221,0.9878145318297984,6.360693333333333,0.01,-0.6021988031535986,-0.8234754183806162,0.28564209524808964,-0.94357597317253,1.0201740847506162,0.9858635928596844,0.9980249946652433,1.9755917058869228,-36.177607065307484,16.8422680561072,-7.520620280525861,36.177607065307484,16.8422680561072,42.71845298495643,82.72531391152788,0.043560699102095445,0.08435634381927355,4.544113030660443,8.025305449664433e-17,1.0,1.0,zarnick1978_linearized_momentum_strip_plus_matched_bie_delta_from_high_frequency,heave_pitch_2x2_v1,FnB=1.67,3.3477333333333332
185,3.1065396888199612,6.45243273587745,0.984086190311026,6.384791666666667,0.01,-0.5994546534122254,-0.8262510218727385,0.28989700750427627,-0.9408691836609836,1.020801955642384,0.9845176970084489,1.0004384846588352,1.9741012114454406,-35.96131849484314,17.124911374907754,-7.296200651801314,35.96131849484314,17.124911374907754,42.49995450680862,82.18950915456445,0.043337892661417125,0.08380997502160724,4.538056521350897,1.999579476038212e-16,1.0,1.0,zarnick1978_linearized_momentum_strip_plus_matched_bie_delta_from_high_frequency,heave_pitch_2x2_v1,FnB=1.67,3.3604166666666666
186,3.1006936737623865,6.43400568947971,0.9803858869756833,6.4088899999999995,0.01,-0.5967191639369487,-0.8289751765877046,0.2940815923807823,-0.9381396800210837,1.0214076580916296,0.9831531122908974,1.0028225878727717,1.9725743582055697,-35.74737914712276,17.40480686050705,-7.07441537665548,35.74737914712276,17.40480686050705,42.28262981504763,81.65753478537069,0.043116283149748004,0.08326751213245165,4.532185418531055,1.3345145068132715e-16,1.0,1.0,zarnick1978_linearized_momentum_strip_plus_matched_bie_delta_from_high_frequency,heave_pitch_2x2_v1,FnB=1.67,3.3731
187,3.0948805387937406,6.415705781662039,0.97671330672597,6.432988333333333,0.01,-0.5939928406174578,-0.831648845416477,0.29819671598761094,-0.9353888457550891,1.0219918281411824,0.9817706321686516,1.0051779016502131,1.9710125703099202,-35.53575950884402,17.681989703183035,-6.855230201226931,35.53575950884402,17.681989703183035,42.06649248756801,81.12940162412956,0.042895884412687324,0.08272896618532279,4.526497939616268,1.3060860836048991e-16,1.0,1.0,zarnick1978_linearized_momentum_strip_plus_matched_bie_delta_from_high_frequency,heave_pitch_2x2_v1,FnB=1.67,3.3857833333333334
188,3.089099976849485,6.397531650020554,0.9730681391679614,6.457086666666664,0.01,-0.5912761614180373,-0.8342729783576329,0.30224324884947,-0.9326180175341137,1.0225550848139988,0.9803710257368601,1.0075050104663206,1.9694172290538523,-35.326430287952036,17.956494747397784,-6.638611199445535,35.326430287952036,17.956494747397784,41.85155499922647,80.60511820071204,0.042676709171048696,0.08219434587826836,4.520992280665037,1.7051994992266653e-16,1.0,1.0,zarnick1978_linearized_momentum_strip_plus_matched_bie_delta_from_high_frequency,heave_pitch_2x2_v1,FnB=1.67,3.398466666666666
189,3.0833516848648523,6.379481951846985,0.9694500785241569,6.481184999999998,0.01,-0.5885695774429275,-0.8368485122833034,0.30622206478263614,-0.9298284864366084,1.0230980304946953,0.9789550383693498,1.0098044861264674,1.9677896739933531,-35.11936242375489,18.228356485064495,-6.424524780173726,35.11936242375489,18.228356485064495,41.63782876782623,80.08469086507215,0.0424587690677512,0.08166365768643948,4.5156666186821885,1.1896508131722728e-16,1.0,1.0,zarnick1978_linearized_momentum_strip_plus_matched_bie_delta_from_high_frequency,heave_pitch_2x2_v1,FnB=1.67,3.4111499999999992
190,3.077635363708111,6.361555363771229,0.9658588235479758,6.505283333333332,0.01,-0.5858735139714435,-0.8393763707401262,0.31013403984125043,-0.927021499173123,1.02362125130837,0.9775233923530623,1.0120768879682,1.966131204036038,-34.914527096166296,18.497609049583218,-6.2129376935693585,34.914527096166296,18.497609049583218,41.42532419859497,79.56812389354187,0.0422420747131742,0.08113690597048114,4.510519113814204,7.971702977597926e-17,1.0,1.0,zarnick1978_linearized_momentum_strip_plus_matched_bie_delta_from_high_frequency,heave_pitch_2x2_v1,FnB=1.67,3.4238333333333326
191,3.071950718115182,6.343750581411671,0.9622940774401437,6.529381666666665,0.01,-0.5831883714630256,-0.8418574637829545,0.3139800513298937,-0.9241982592958696,1.024125317496235,0.9760767875114325,1.01432276306631,1.9644430785145837,-34.71189573412215,18.764286210601966,-6.003817036714821,34.71189573412215,18.764286210601966,41.214050727186084,79.05541959113543,0.042026635729006424,0.08061409308085375,4.505547911440329,1.5926139307077853e-16,1.0,1.0,zarnick1978_linearized_momentum_strip_plus_matched_bie_delta_from_high_frequency,heave_pitch_2x2_v1,FnB=1.67,3.436516666666666
192,3.0662974566255823,6.326066319033127,0.958755547766925,6.553479999999999,0.01,-0.5805145265324625,-0.844292687839144,0.31776097687938515,-0.9213599283917804,1.0246107837876075,0.9746159018164272,1.016542646440423,1.9627265182419742,-34.51144002321641,19.028421369460148,-5.7971302585543185,34.51144002321641,19.028421369460148,41.00401686123353,78.54657838997213,0.04181246079062017,0.08009521945819635,4.500751144163112,2.001843432764868e-16,1.0,1.0,zarnick1978_linearized_momentum_strip_plus_matched_bie_delta_from_high_frequency,heave_pitch_2x2_v1,FnB=1.67,3.4491999999999994
193,3.060675291519655,6.308501309212174,0.9552429463801527,6.5775783333333315,0.01,-0.5778523328955825,-0.8466829256013756,0.3214776935828603,-0.9185076272578899,1.0250781897678691,0.9731413919889927,1.0187370612645352,1.9609827065480252,-34.31313191259909,19.29004755527629,-5.592845164178755,34.31313191259909,19.29004755527629,40.79523022049164,78.04159894392578,0.04159955766800247,0.07958028372984229,4.496126933701836,2.1841603811395e-16,1.0,1.0,zarnick1978_linearized_momentum_strip_plus_matched_bie_delta_from_high_frequency,heave_pitch_2x2_v1,FnB=1.67,3.4618833333333328
194,3.0550839387570674,6.2910543025097,0.9517559893390095,6.601676666666665,0.01,-0.5752021222857671,-0.849029045947046,0.3251310771892606,-0.9156424370580492,1.0255280602420402,0.9716538940877314,1.0209065190780053,1.9592127902967658,-34.116943621177825,19.54919742164074,-5.390929918496823,34.116943621177825,19.54919742164074,40.58769757559232,77.54047821961068,0.04138793326527645,0.07906928280259894,4.491673392692309,2.3665537653380783e-16,1.0,1.0,zarnick1978_linearized_momentum_strip_plus_matched_bie_delta_from_high_frequency,heave_pitch_2x2_v1,FnB=1.67,3.474566666666666
195,3.0495231179165367,6.27372406715049,0.9482943968335157,6.625774999999999,0.01,-0.5725642053416843,-0.8513319038823769,0.3287220013514657,-0.912765400460093,1.0259609055936523,0.9701540240856537,1.0230515199975136,1.9574178808843168,-33.92284764316216,19.80590324387731,-5.1913530493285975,33.92284764316216,19.80590324387731,40.38142488545208,77.04321158381171,0.041177593658845865,0.07856221195190173,4.487388626396526,7.475867049379607e-17,1.0,1.0,zarnick1978_linearized_momentum_strip_plus_matched_bie_delta_from_high_frequency,heave_pitch_2x2_v1,FnB=1.67,3.4872499999999995
196,3.043992552136759,6.256509388709675,0.9448578931096814,6.649873333333332,0.01,-0.5699388724666853,-0.8535923405094785,0.3322513369264113,-0.9098775227527178,1.0263772221386473,0.9686423784348949,1.0251725529295574,1.9555990552169908,-33.730816752988204,20.06019691684,-4.994083449956435,33.730816752988204,20.06019691684,40.17641733336239,76.54979288746685,0.04096854413419709,0.07805906490745246,4.483270734325399,1.6699197537802201e-16,1.0,1.0,zarnick1978_linearized_momentum_strip_plus_matched_bie_delta_from_high_frequency,heave_pitch_2x2_v1,FnB=1.67,3.499933333333333
197,3.038491968058509,6.239409069805859,0.9414462063962793,6.673971666666666,0.01,-0.5673263946603346,-0.8558111830146972,0.33571995132460114,-0.9069797729414384,1.0267774924740556,0.9671195346193229,1.0272700957830798,1.9537573566693833,-33.5408240096595,20.312109953210467,-4.799090381166337,33.5408240096595,20.312109953210467,39.97267936179631,76.06021454630718,0.04076078922139193,0.07755983393544909,4.479317811777885,1.973842267111156e-16,1.0,1.0,zarnick1978_linearized_momentum_strip_plus_matched_bie_delta_from_high_frequency,heave_pitch_2x2_v1,FnB=1.67,3.5126166666666663
198,3.033021095767897,6.222421929800775,0.9380590688331993,6.698069999999999,0.01,-0.5647270243225795,-0.857989244676669,0.3391287079065517,-0.9040730848231056,1.0271621858212443,0.965586051694997,1.0293446156818642,1.9518937960223268,-33.35284276053778,20.561673482266457,-4.606343472811034,33.35284276053778,20.561673482266457,39.7702147059654,75.57446761826097,0.04055433272928616,0.07706450991751615,4.475527951299748,1.8444761643000224e-16,1.0,1.0,zarnick1978_linearized_momentum_strip_plus_matched_bie_delta_from_high_frequency,heave_pitch_2x2_v1,FnB=1.67,3.5252999999999997
199,3.02757966874073,6.205546804505296,0.9346962164013428,6.722168333333332,0.01,-0.5621409960310961,-0.8601273248925845,0.34247846542377064,-0.9011583580385617,1.0275317583635586,0.9640424708184683,1.0313965691763587,1.9500093523805992,-33.16684664461684,20.80891824909014,-4.415812724925189,33.16684664461684,20.80891824909014,39.56902642616029,75.09254187772473,0.04034917777850774,0.07657308242643994,4.4718992440649625,7.445267170505171e-17,1.0,1.0,zarnick1978_linearized_momentum_strip_plus_matched_bie_delta_from_high_frequency,heave_pitch_2x2_v1,FnB=1.67,3.537983333333333
200,3.022167423787981,6.1887825458916526,0.931357388854021,6.746266666666666,0.01,-0.5595685272923597,-0.8622262092212458,0.34577007750198085,-0.8982364591031016,1.0278866535781948,0.9624893157629354,1.0334264024546156,1.948104974070346,-32.982809595310016,21.053874614188288,-4.227468508421225,32.982809595310016,21.053874614188288,39.369116938908505,74.6144258868036,0.04014532683322899,0.07608553979881368,4.468429781182871,1.3148289330560866e-16,1.0,1.0,zarnick1978_linearized_momentum_strip_plus_matched_bie_delta_from_high_frequency,heave_pitch_2x2_v1,FnB=1.67,3.5506666666666664
201,3.016784101002321,6.172128021811701,0.9280423296498176,6.770364999999999,0.01,-0.557009819267013,-0.8642866694415913,0.3490043921643846,-0.8953082224144897,1.0282273025621858,0.9609270934222975,1.0354345515520704,1.9461815795162278,-32.80070584278073,21.296572553497384,-4.041281565392751,32.80070584278073,21.296572553497384,39.17048804698324,74.14010706362166,0.039942781731766956,0.07560186920469443,4.465117654934028,2.4077227327552935e-16,1.0,1.0,zarnick1978_linearized_momentum_strip_plus_matched_bie_delta_from_high_frequency,heave_pitch_2x2_v1,FnB=1.67,3.56335
202,3.0114294437056905,6.155582115721081,0.9247507858868794,6.794463333333333,0.01,-0.554465057470115,-0.8663094636254197,0.35218225139286347,-0.8923744512383579,1.0285541243523844,0.9593562943031679,1.0374214425599002,1.9442400580983312,-32.62050991584425,21.537041658748308,-3.857223009051296,32.62050991584425,21.537041658748308,38.97314096829557,73.66957174779985,0.03974154371604531,0.07512205671437225,4.4619609599375645,1.892516487517076e-16,1.0,1.0,zarnick1978_linearized_momentum_strip_plus_matched_bie_delta_from_high_frequency,heave_pitch_2x2_v1,FnB=1.67,3.576033333333333
203,3.006103198397901,6.13914372640915,0.9214825082386027,6.818561666666666,0.01,-0.5519344124468734,-0.868295336223133,0.3553044907250719,-0.8894359186708886,1.0288675262393692,0.9577773930049353,1.0393874918317327,1.9422812709889408,-32.4421966434673,21.77531113816528,-3.675264323321528,32.4421966434673,21.77531113816528,38.777076363704026,73.20280526319944,0.039541613459952205,0.07464608736235048,4.458957794252909,1.2014960981176372e-16,1.0,1.0,zarnick1978_linearized_momentum_strip_plus_matched_bie_delta_from_high_frequency,heave_pitch_2x2_v1,FnB=1.67,3.5887166666666666
204,3.0008051147062247,6.12281176773452,0.9182372508906751,6.8426599999999995,0.01,-0.5494180404244592,-0.8702450181613777,0.3583719388854985,-0.8864933685787326,1.0291679040752044,0.9561908486879699,1.0413331061884936,1.9403060519692894,-32.26574115589091,22.01140981747713,-3.4953773621174378,32.26574115589091,22.01140981747713,38.58229436377312,72.73979197802426,0.0393429910966264,0.0741739452086332,4.456106260418517,1.571600628235711e-16,1.0,1.0,zarnick1978_linearized_momentum_strip_plus_matched_bie_delta_from_high_frequency,heave_pitch_2x2_v1,FnB=1.67,3.6014
205,2.9955349453359603,6.106585168366079,0.9150147714794467,6.866758333333333,0.01,-0.5469160839405183,-0.8721592269515316,0.361385417448628,-0.8835475165161856,1.0294556425750092,0.9545971055300966,1.0432586831212036,1.9383152082264403,-32.09111888540039,22.245366141217943,-3.317534348322056,32.09111888540039,22.245366141217943,38.38879459451358,72.28051536237504,0.03914567624470495,0.07370561339741405,4.453404466430327,5.23362540290575e-17,1.0,1.0,zarnick1978_linearized_momentum_strip_plus_matched_bie_delta_from_high_frequency,heave_pitch_2x2_v1,FnB=1.67,3.6140833333333333
206,2.9902924460219547,6.090462871529368,0.9118148310315923,6.890856666666664,0.01,-0.5444286724489924,-0.8740386668080511,0.36434574053243224,-0.880599050619688,1.0297311156123077,0.9529965931714669,1.0451646109915576,1.9363095211304888,-31.91830556676544,22.477208174297004,-3.1417078724914234,31.91830556676544,22.477208174297004,38.196576202135574,71.8249580433455,0.03894966803356455,0.07324107421325886,4.450850526662304,1.8112499439843547e-16,1.0,1.0,zarnick1978_linearized_momentum_strip_plus_matched_bie_delta_from_high_frequency,heave_pitch_2x2_v1,FnB=1.67,3.626766666666666
207,2.9850773754810453,6.074443834758163,0.9086371939050345,6.914954999999998,0.01,-0.5419559229038657,-0.8758840287757439,0.36725371452048444,-0.8776486324797621,1.0299946865081437,0.9513897271479705,1.0470512692301304,1.93428974699228,-31.747277237372003,22.706963603817968,-2.9678708913029084,31.747277237372003,22.706963603817968,38.0056378768463,71.37310185774827,0.03875496512758822,0.072780309134871,4.448442562731741,1.6518715866734882e-16,1.0,1.0,zarnick1978_linearized_momentum_strip_plus_matched_bie_delta_from_high_frequency,heave_pitch_2x2_v1,FnB=1.67,3.639449999999999
208,2.979889495365424,6.058527029651167,0.9054816277311009,6.939053333333332,0.01,-0.5394979403214518,-0.8776959908651027,0.3701101378110846,-0.874696897990553,1.0302467083139666,0.9497769093133586,1.0489190285320864,1.9322566178018978,-31.578010237066394,22.934659741128485,-2.7959967257664005,31.578010237066394,22.934659741128485,37.81597787572259,70.92492790255737,0.03856156574948896,0.0723232988865284,4.446178704311564,1.1669524572210855e-16,1.0,1.0,zarnick1978_linearized_momentum_strip_plus_matched_bie_delta_from_high_frequency,heave_pitch_2x2_v1,FnB=1.67,3.6521333333333326
209,2.9747285702168766,6.042711441633665,0.9023479033578791,6.963151666666665,0.01,-0.5370548183218314,-0.8794752181948757,0.3729158005918413,-0.8717444581771537,1.0304875240882927,0.9481585282502253,1.0507682510502574,1.9302108419481474,-31.41048120773121,23.160323524083367,-2.6260590592161748,31.41048120773121,23.160323524083367,37.627594044688394,70.4804165831494,0.0383694677027205,0.07187002348727589,4.444057089891933,1.8799012391093968e-16,1.0,1.0,zarnick1978_linearized_momentum_strip_plus_matched_bie_delta_from_high_frequency,heave_pitch_2x2_v1,FnB=1.67,3.664816666666666
210,2.9695943674219034,6.026996069724039,0.8992357947947458,6.987249999999999,0.01,-0.5346266396500512,-0.8812223631411078,0.375671484638229,-0.868791900000952,1.030717467167169,0.9465349596700353,1.0525992905854973,1.928153104919313,-31.24466709261185,23.38398151950355,-2.4580319351007347,31.24466709261185,23.38398151950355,37.4404838396265,70.03954765942544,0.038178668393005266,0.07142046229795641,4.442075867493444,7.36676534788373e-17,1.0,1.0,zarnick1978_linearized_momentum_strip_plus_matched_bie_delta_from_high_frequency,heave_pitch_2x2_v1,FnB=1.67,3.6774999999999993
211,2.9644866571676767,6.011379926305011,0.8961450791580394,7.0113483333333315,0.01,-0.5322134766776854,-0.8829380654919419,0.37837796313472316,-0.8658397871432587,1.0309368614284784,0.9449065668023825,1.0544124927742238,1.9260840699854835,-31.080545135410432,23.605659925815672,-2.2918897545859522,31.080545135410432,23.605659925815672,37.254644346653826,69.60230028989292,0.03798916484900942,0.07097459406616216,4.440233195334003,2.8505206693967273e-16,1.0,1.0,zarnick1978_linearized_momentum_strip_plus_matched_bie_delta_from_high_frequency,heave_pitch_2x2_v1,FnB=1.67,3.6901833333333327
212,2.95940521239884,5.995862036899525,0.8930755366178486,7.035446666666665,0.01,-0.5298153918853553,-0.8846229526075041,0.38103600051716563,-0.8628886607674958,1.0311460215501251,0.943273700773662,1.056208195273065,1.924004378862728,-30.91809287916422,23.825384575857584,-2.127607273986797,30.91809287916422,23.825384575857584,37.0700723015878,69.16865307378366,0.03780095374219311,0.07053239696918281,4.438527242451479,1.6493827733740545e-16,1.0,1.0,zarnick1978_linearized_momentum_strip_plus_matched_bie_delta_from_high_frequency,heave_pitch_2x2_v1,FnB=1.67,3.702866666666666
213,2.9543498087751114,5.980441439951143,0.8900269503458915,7.059544999999999,0.01,-0.527432438326799,-0.8862776395842429,0.3836463523350786,-0.8599390402602572,1.0313452532621505,0.9416367009753516,1.0579867279405448,1.9219146523594361,-30.757288164924574,24.04318093983474,-1.9651596020423483,30.757288164924574,24.04318093983474,36.88676410863187,68.73858409128286,0.037614031405864265,0.07009384865502784,4.436956189284072,1.330795377609856e-16,1.0,1.0,zarnick1978_linearized_momentum_strip_plus_matched_bie_delta_from_high_frequency,heave_pitch_2x2_v1,FnB=1.67,3.7155499999999995
214,2.949320224629683,5.965117186608843,0.8869991064644589,7.083643333333332,0.01,-0.5250646600750637,-0.8879027294231494,0.3862097651327281,-0.8569914239515667,1.031534853592849,0.9399958954221082,1.0597484130157608,1.9198154910051453,-30.598109130250066,24.259074128415563,-1.8045221970463103,30.598109130250066,24.259074128415563,36.704715858306734,68.31207094194106,0.03742839385346345,0.0696589262815957,4.43551822821041,2.798042915476845e-16,1.0,1.0,zarnick1978_linearized_momentum_strip_plus_matched_bie_delta_from_high_frequency,heave_pitch_2x2_v1,FnB=1.67,3.728233333333333
215,2.944316240928399,5.949888340516139,0.8839917939963942,7.107741666666666,0.01,-0.5227120926514024,-0.8894988132012991,0.3887269763477559,-0.854046289814679,1.0317151111089378,0.9383516010998688,1.0614935652939967,1.9177074756621726,-30.440534207529282,24.47308889595172,-1.6456708638474424,30.440534207529282,24.47308889595172,36.52392334465354,67.88909078133929,0.03724403679610625,0.06922760655406208,4.434211564051142,1.1881790955598208e-16,1.0,1.0,zarnick1978_linearized_momentum_strip_plus_matched_bie_delta_from_high_frequency,heave_pitch_2x2_v1,FnB=1.67,3.7409166666666662
216,2.9393376412296894,5.934753977604397,0.8810048048160906,7.131839999999999,0.01,-0.5203747634374234,-0.8910664702462188,0.39119871422630886,-0.8511040961457871,1.0318863061498635,0.9367041243041766,1.0632224922992484,1.9155911681203917,-30.284542122145496,24.68524964381271,-1.4885817507302193,30.284542122145496,24.68524964381271,36.344382081734665,67.46962035607507,0.037060955659409346,0.06879986576055541,4.433034414533812,2.151861174936342e-16,1.0,1.0,zarnick1978_linearized_momentum_strip_plus_matched_bie_delta_from_high_frequency,heave_pitch_2x2_v1,FnB=1.67,3.7535999999999996
217,2.934384211645249,5.919713185890266,0.8780379336014755,7.155938333333332,0.01,-0.5180526920710522,-0.8926062683125984,0.3936256977536012,-0.8481652822240046,1.0320487110563177,0.9350537609689267,1.0649354944536251,1.9134671116754896,-30.130111890496238,24.895580423822963,-1.3332313461878869,30.130111890496238,24.895580423822963,36.16608731945686,67.05363603713504,0.03687914559962562,0.06837567980618768,4.431985010722832,1.1647231426003198e-16,1.0,1.0,zarnick1978_linearized_momentum_strip_plus_matched_bie_delta_from_high_frequency,heave_pitch_2x2_v1,FnB=1.67,3.766283333333333
218,2.9294557408014428,5.90476506527712,0.875090977786964,7.180036666666666,0.01,-0.5157458908268385,-0.894118763760912,0.3960086365989282,-0.8452302689520081,1.0322025903930443,0.9334007969857461,1.066632865243615,1.9113358316910438,-29.977222817879408,25.10410494179098,-1.1795964755985437,29.977222817879408,25.10410494179098,35.98903405874079,66.64111385171755,0.03669860151911285,0.06795502424550438,4.43106159741601,2.1674887456920005e-16,1.0,1.0,zarnick1978_linearized_momentum_strip_plus_matched_bie_delta_from_high_frequency,heave_pitch_2x2_v1,FnB=1.67,3.7789666666666664
219,2.92455201980142,5.889908727360425,0.8721637375173545,7.204134999999999,0.01,-0.5134543649811382,-0.8956045017375408,0.39834823107419204,-0.8422994594777312,1.0323482011660274,0.9317455085142166,1.068314891383198,1.9091978361447626,-29.82585449625742,25.310846561121195,-1.0276542978135979,29.82585449625742,25.310846561121195,35.813217066060716,66.23202951356667,0.03651931808115994,0.0675378743134166,4.430262433509427,1.1627133886405782e-16,1.0,1.0,zarnick1978_linearized_momentum_strip_plus_matched_bie_delta_from_high_frequency,heave_pitch_2x2_v1,FnB=1.67,3.7916499999999997
220,2.919672842187925,5.875143295236931,0.8692560156026489,7.228233333333333,0.01,-0.5111781131626861,-0.8970640163560197,0.40064517210503825,-0.8393732397975081,1.0324857930341498,0.9300881622831465,1.069981852973802,1.9070536161592486,-29.675986801909346,25.515828306498236,-0.8773823016690869,29.675986801909346,25.515828306498236,35.638630887376905,65.82635845187738,0.0363412897241942,0.06712420495467604,4.4295857923320145,1.1545282796319279e-16,1.0,1.0,zarnick1978_linearized_momentum_strip_plus_matched_bie_delta_from_high_frequency,heave_pitch_2x2_v1,FnB=1.67,3.804333333333333
221,2.9148180039067895,5.860467903317613,0.8663676174737716,7.252331666666666,0.01,-0.5089171276890596,-0.8984978308790548,0.40290014121377377,-0.8364519793410697,1.0326156085154095,0.9284290158831057,1.0716340236611082,1.9049036465176052,-29.527599892981613,25.719072867636186,-0.7287583024271953,29.527599892981613,25.719072867636186,35.4652698614831,65.42407583882839,0.0361645106753918,0.06671399085195087,4.429029961951401,7.738257252377562e-17,1.0,1.0,zarnick1978_linearized_momentum_strip_plus_matched_bie_delta_from_high_frequency,heave_pitch_2x2_v1,FnB=1.67,3.8170166666666665
222,2.9099873032710875,5.8458816971442635,0.8634983511391694,7.2764299999999995,0.01,-0.5066713948895293,-0.8999064579009924,0.40511381051324524,-0.8335360315388035,1.0327378831877971,0.9267683180504278,1.0732716707887044,1.902748386164267,-29.38067420694634,25.920602603083267,-0.581760438158085,29.38067420694634,25.920602603083267,35.29312813279035,65.02515661579928,0.03598897496371376,0.06630720645255951,4.428593245452369,1.4635985882359493e-16,1.0,1.0,zarnick1978_linearized_momentum_strip_plus_matched_bie_delta_from_high_frequency,heave_pitch_2x2_v1,FnB=1.67,3.8297
223,2.905180540925943,5.831383833209665,0.8606480271422712,7.300528333333333,0.01,-0.5044408954147682,-0.9012903995304411,0.4072868427109366,-0.8306257343716764,1.0328528458849282,0.9251063089428857,1.0748950555486012,1.9005882786913662,-29.235190457975904,26.120439544075367,-0.4363671660681234,29.235190457975904,26.120439544075367,35.12219966356818,64.62957551832372,0.03581467643238842,0.0659038259939161,4.428273961189324,1.0617435920317002e-16,1.0,1.0,zarnick1978_linearized_momentum_strip_plus_matched_bie_delta_from_high_frequency,heave_pitch_2x2_v1,FnB=1.67,3.8423833333333333
224,2.9003975198139753,5.816973478781248,0.8578164585197862,7.324626666666666,0.01,-0.5022256045338936,-0.902650147572766,0.4094198911225547,-0.827721410904246,1.032960718886527,0.923443220407254,1.076504433128633,1.898423752811013,-29.091129634242634,26.318605398430464,-0.29255725878323346,29.091129634242634,26.318605398430464,34.952478245663315,64.23730709983236,0.03564160875086122,0.06550382352774124,4.428070443013995,1.0608660113400462e-16,1.0,1.0,zarnick1978_linearized_momentum_strip_plus_matched_bie_delta_from_high_frequency,heave_pitch_2x2_v1,FnB=1.67,3.8550666666666666
225,2.89563804514137,5.802649811728172,0.8550034607608242,7.348724999999998,0.01,-0.500025492419286,-0.9039861837122101,0.41151359969443274,-0.8248233698011519,1.0330617181038677,0.9217792762389473,1.0781000528567481,1.8962552228137994,-28.94847299515081,26.515121554477815,-0.15030980059304966,28.94847299515081,26.515121554477815,34.7839575117153,63.84832575423306,0.03546976542623148,0.06510717294308767,4.427981040479668,1.7996074946765362e-16,1.0,1.0,zarnick1978_linearized_momentum_strip_plus_matched_bie_delta_from_high_frequency,heave_pitch_2x2_v1,FnB=1.67,3.867749999999999
226,2.8909019243445537,5.788412020351728,0.8522088517668159,7.372823333333331,0.01,-0.49784052441963383,-0.9052989796934037,0.4135686030341018,-0.8219319058275163,1.033156053260268,0.920114692433955,1.0796821583422367,1.8940830890138938,-28.807202068508786,26.710009085014775,-0.009604183663299182,28.807202068508786,26.710009085014775,34.616630945888204,63.462605737377984,0.03529913981419568,0.06471384798823043,4.428004119023122,7.265595022338176e-17,1.0,1.0,zarnick1978_linearized_momentum_strip_plus_matched_bie_delta_from_high_frequency,heave_pitch_2x2_v1,FnB=1.67,3.8804333333333325
227,2.8861889670574743,5.774259303219017,0.8494324518122184,7.396921666666665,0.01,-0.495670661321628,-0.9065889975020544,0.415585526448427,-0.8190473003336447,1.0332439280667465,0.9184496774332537,1.0812509876138954,1.8919077381810476,-28.667298647647897,26.90328875128617,0.12957989577807894,28.667298647647897,26.90328875128617,34.45049189413673,63.080121187463064,0.035129725129515926,0.0643238222914686,4.428138060125378,5.133403027282957e-17,1.0,1.0,zarnick1978_linearized_momentum_strip_plus_matched_bie_delta_from_high_frequency,heave_pitch_2x2_v1,FnB=1.67,3.893116666666666
228,2.881498985079462,5.760190868999812,0.8466740835059854,7.421019999999999,0.01,-0.49351585960072214,-0.9078566895446152,0.41756498598873176,-0.8161698217244406,1.0333255403929333,0.9167844323599059,1.0828067732551836,1.8897295439598507,-28.52874478849475,27.094981006979964,0.2672624412755056,28.52874478849475,27.094981006979964,34.2855335740242,62.70084614440446,0.03496151445603157,0.06393706938088385,4.428381261452401,2.473253989094371e-16,1.0,1.0,zarnick1978_linearized_momentum_strip_plus_matched_bie_delta_from_high_frequency,heave_pitch_2x2_v1,FnB=1.67,3.9057999999999993
229,2.8768317923436637,5.7462059363065325,0.8439335717537851,7.4451183333333315,0.01,-0.4913760716613634,-0.9091024988267633,0.4195075885023732,-0.8132997259139296,1.0334010824333495,0.9151191512490324,1.0843497425363895,1.8875488672765623,-28.391522806602893,27.28510600223484,0.40346315999542526,28.391522806602893,27.28510600223484,34.12174908410984,62.32475456823471,0.03479450075623157,0.06355356270309913,4.42873213697675,1.5848841294336315e-16,1.0,1.0,zarnick1978_linearized_momentum_strip_plus_matched_bie_delta_from_high_frequency,heave_pitch_2x2_v1,FnB=1.67,3.9184833333333327
230,2.872187204886036,5.732303733537268,0.8412107437209507,7.469216666666665,0.01,-0.4892512460670835,-0.9103268591305178,0.4214139316902476,-0.810437256765296,1.0334707408691488,0.9134540212708525,1.0858801175438466,1.8853660567338468,-28.255615274149676,27.473683587653795,0.538201466586429,28.255615274149676,27.473683587653795,33.959131412921735,61.95182035656027,0.03462867688040435,0.06317327564108055,4.429189117081188,3.341046787546638e-16,1.0,1.0,zarnick1978_linearized_momentum_strip_plus_matched_bie_delta_from_high_frequency,heave_pitch_2x2_v1,FnB=1.67,3.931166666666666
231,2.8675650408148927,5.7184834987217865,0.8385054287961453,7.493314999999998,0.01,-0.48714132776083185,-0.911530195189857,0.4232846041697563,-0.8075826465168177,1.0335346970254289,0.9117892229469783,1.087398115306239,1.8831814489937295,-28.12100501690361,27.660733318320382,0.6714964870450899,28.12100501690361,27.660733318320382,33.797673447531714,61.58201736111982,0.03446403557538172,0.06279618153102212,4.429750648645262,7.348958446230154e-17,1.0,1.0,zarnick1978_linearized_momentum_strip_plus_matched_bie_delta_from_high_frequency,heave_pitch_2x2_v1,FnB=1.67,3.9438499999999994
232,2.8629651202809825,5.704744479370447,0.835817458555725,7.517413333333332,0.01,-0.48504625827591363,-0.9127129228646979,0.4251201855427663,-0.8047361161940905,1.0335931270242098,0.9101249303601482,1.0889039479180358,1.8809953691490864,-27.98767511116725,27.846274457812825,0.8033670625833906,27.98767511116725,27.846274457812825,33.63736798174727,61.21531940348163,0.03430056949289234,0.06242225367835258,4.430415195115665,2.559784593522179e-16,1.0,1.0,zarnick1978_linearized_momentum_strip_plus_matched_bie_delta_from_high_frequency,heave_pitch_2x2_v1,FnB=1.67,3.956533333333333
233,2.8583872654480973,5.69108593232597,0.8331466667287863,7.541511666666666,0.01,-0.4829659759378943,-0.9138754493131214,0.42692124646814095,-0.8018978760089231,1.0336462019331867,0.9084613113575797,1.0903978226600892,1.8788081310839837,-27.855608880700146,28.030325982211906,0.9338317534933935,27.855608880700146,28.030325982211906,33.4782077239358,60.85170028991691,0.034138271197540246,0.06205146537290199,4.431181236561359,1.9829179041911205e-16,1.0,1.0,zarnick1978_linearized_momentum_strip_plus_matched_bie_delta_from_high_frequency,heave_pitch_2x2_v1,FnB=1.67,3.969216666666666
234,2.853831300464197,5.677507123617994,0.8304928891628814,7.565609999999999,0.01,-0.48090041605780925,-0.9150181731617326,0.4286883487384385,-0.7990681257452749,1.0336940879103491,0.9067985277481185,1.0918799421174472,1.8766200378231597,-27.724789893626735,28.212906584099528,1.0629088430060847,27.724789893626735,28.212906584099528,33.320185304495396,60.49113382548428,0.03397713317442287,0.0616837899032639,4.432047269714218,1.2505450643866171e-16,1.0,1.0,zarnick1978_linearized_momentum_strip_plus_matched_bie_delta_from_high_frequency,heave_pitch_2x2_v1,FnB=1.67,3.9818999999999996
235,2.8492970514330342,5.664007328320345,0.8278559637903855,7.589708333333332,0.01,-0.478849511117013,-0.9161414846740662,0.4304220453603986,-0.796247055132611,1.033736946344574,0.905136735493364,1.0933505042944236,1.8744313818709626,-27.595201959332456,28.394034676544464,1.1906163411404407,27.595201959332456,28.394034676544464,33.163293282986025,60.13359382735947,0.033817147836402876,0.06131920057038792,4.4330118079960625,7.652177053435536e-17,1.0,1.0,zarnick1978_linearized_momentum_strip_plus_matched_bie_delta_from_high_frequency,heave_pitch_2x2_v1,FnB=1.67,3.994583333333333
236,2.8447843463862776,5.650585830410992,0.8252357305955043,7.613806666666665,0.01,-0.47681319094399355,-0.9172457659169426,0.4321228806388548,-0.7934348442070317,1.0337749339922844,0.903476084892931,1.0948097027269617,1.8722424455400186,-27.466829125352774,28.573728397071932,1.316971988539592,27.466829125352774,28.573728397071932,33.007524154934764,59.77905413744297,0.033658307531047565,0.060957670700435895,4.434073381532769,1.6567219572001688e-16,1.0,1.0,zarnick1978_linearized_momentum_strip_plus_matched_bie_delta_from_high_frequency,heave_pitch_2x2_v1,FnB=1.67,4.007266666666666
237,2.8402930152561168,5.637241922634592,0.8226320315819046,7.637904999999999,0.01,-0.4747913828834563,-0.9183313909247092,0.43379139026374086,-0.790631663660537,1.033808203110275,0.901816720764024,1.0962577265923488,1.8700535012699375,-27.33965567425824,28.752005611614265,1.4419932602913264,27.33965567425824,28.752005611614265,32.85287035832771,59.42748863427689,0.03350060454724878,0.06059917365693371,4.435230537156249,1.2013685435867727e-16,1.0,1.0,zarnick1978_linearized_momentum_strip_plus_matched_bie_delta_from_high_frequency,heave_pitch_2x2_v1,FnB=1.67,4.01995
238,2.8358228898483437,5.6239749063676,0.8200447107409576,7.662003333333333,0.01,-0.47278401195798303,-0.9193987258612928,0.4354281013998768,-0.7878376751787711,1.0338369015847977,0.9001587826154851,1.0976947608163217,1.8678648119363157,-27.213666120538704,28.92888391844022,1.5656973697302021,27.213666120538704,28.92888391844022,32.699324279801345,59.078871244301375,0.03334403112153625,0.06024368285224964,4.436481838394992,1.489426063051869e-16,1.0,1.0,zarnick1978_linearized_momentum_strip_plus_matched_bie_delta_from_high_frequency,heave_pitch_2x2_v1,FnB=1.67,4.032633333333333
239,2.8313738038158967,5.610784091485861,0.8174736140205778,7.686101666666666,0.01,-0.4707910010225551,-0.9204481291800148,0.4370335327792343,-0.785053031767591,1.0338611730570062,0.8985024048164726,1.0991209861776101,1.8656766311503323,-27.088845207490408,29.104380652060343,1.688101272218688,27.088845207490408,29.104380652060343,32.54687826054516,58.73317595247937,0.03318857944409677,0.0598911717584286,4.437825865453785,8.141987234435621e-17,1.0,1.0,zarnick1978_linearized_momentum_strip_plus_matched_bie_delta_from_high_frequency,heave_pitch_2x2_v1,FnB=1.67,4.0453166666666664
240,2.8269455926328595,5.597668796234659,0.8149185892946469,7.7101999999999995,0.01,-0.4688122709122187,-0.9214799517811066,0.43860819479540164,-0.7822778780687907,1.0338811570448425,0.896847716759925,1.1005365794099653,1.8634892035491857,-26.965177904108316,29.278512887105904,1.8092216689046268,26.965177904108316,29.278512887105904,32.395524601927136,58.39037681231759,0.03303424166451045,0.05954161391741073,4.439261215183318,5.682450949321457e-17,1.0,1.0,zarnick1978_linearized_momentum_strip_plus_matched_bie_delta_from_high_frequency,heave_pitch_2x2_v1,FnB=1.67,4.058
