                                                                        S      1
1H,,1H;,,                                                               G      1
44HC:\Users\Matilde\Desktop\Prismatic_barge.igs,                        G      2
26HRhinoceros ( May 23 2016 ),31HTrout Lake IGES 012 May 23 2016,       G      3
32,38,6,308,15,                                                         G      4
,                                                                       G      5
1.0D0,6,1HM,1,0.0002540000000000001D0,13H161012.100921,                 G      6
0.001D0,                                                                G      7
2.700000000000002D0,                                                    G      8
,                                                                       G      9
,                                                                       G     10
10,0,13H161012.100921;                                                  G     11
     314       1       0       0       0       0       0       000000200D      1
     314       0       1       1       0       0       0   COLOR       0D      2
     406       2       0       0       1       0       0       000000300D      3
     406       0      -1       1       3       0       0LEVELDEF       0D      4
     128       3       0       0       1       0       0       000010000D      5
     128       0      -1      19       0       0       0 TrimSrf       0D      6
     126      22       0       0       1       0       0       000010000D      7
     126       0      -1       6       2       0       0 TrimSrf       1D      8
     126      28       0       0       1       0       0       000010500D      9
     126       0      -1       5       1       0       0 TrimSrf       1D     10
     126      33       0       0       1       0       0       000010000D     11
     126       0      -1       7       2       0       0 TrimSrf       2D     12
     126      40       0       0       1       0       0       000010500D     13
     126       0      -1       8       0       0       0 TrimSrf       2D     14
     126      48       0       0       1       0       0       000010000D     15
     126       0      -1       8       2       0       0 TrimSrf       3D     16
     126      56       0       0       1       0       0       000010500D     17
     126       0      -1       8       0       0       0 TrimSrf       3D     18
     141      64       0       0       1       0       0       000010000D     19
     141       0      -1       1       0       0       0 TrimSrf       1D     20
     143      65       0       0       1       0       0       000000000D     21
     143       0      -1       1       0       0       0 TrimSrf       0D     22
     128      66       0       0       1       0       0       000010000D     23
     128       0      -1      12       8       0       0 TrimSrf       0D     24
     126      78       0       0       1       0       0       000010000D     25
     126       0      -1       5       1       0       0 TrimSrf       1D     26
     126      83       0       0       1       0       0       000010500D     27
     126       0      -1       5       1       0       0 TrimSrf       1D     28
     126      88       0       0       1       0       0       000010000D     29
     126       0      -1       6       2       0       0 TrimSrf       2D     30
     126      94       0       0       1       0       0       000010500D     31
     126       0      -1       4       1       0       0 TrimSrf       2D     32
     126      98       0       0       1       0       0       000010000D     33
     126       0      -1       5       1       0       0 TrimSrf       3D     34
     126     103       0       0       1       0       0       000010500D     35
     126       0      -1       5       1       0       0 TrimSrf       3D     36
     126     108       0       0       1       0       0       000010000D     37
     126       0      -1       6       2       0       0 TrimSrf       4D     38
     126     114       0       0       1       0       0       000010500D     39
     126       0      -1       4       1       0       0 TrimSrf       4D     40
     141     118       0       0       1       0       0       000010000D     41
     141       0      -1       1       0       0       0 TrimSrf       1D     42
     143     119       0       0       1       0       0       000000000D     43
     143       0      -1       1       0       0       0 TrimSrf       0D     44
     128     120       0       0       1       0       0       000010000D     45
     128       0      -1      29       0       0       0 TrimSrf       0D     46
     126     149       0       0       1       0       0       000010000D     47
     126       0      -1       9       0       0       0 TrimSrf       1D     48
     126     158       0       0       1       0       0       000010500D     49
     126       0      -1       4       1       0       0 TrimSrf       1D     50
     126     162       0       0       1       0       0       000010000D     51
     126       0      -1      10       0       0       0 TrimSrf       2D     52
     126     172       0       0       1       0       0       000010500D     53
     126       0      -1       4       1       0       0 TrimSrf       2D     54
     126     176       0       0       1       0       0       000010000D     55
     126       0      -1      35       0       0       0 TrimSrf       3D     56
     126     211       0       0       1       0       0       000010500D     57
     126       0      -1      34       1       0       0 TrimSrf       3D     58
     126     245       0       0       1       0       0       000010000D     59
     126       0      -1       8       1       0       0 TrimSrf       4D     60
     126     253       0       0       1       0       0       000010500D     61
     126       0      -1       7       1       0       0 TrimSrf       4D     62
     141     260       0       0       1       0       0       000010000D     63
     141       0      -1       1       0       0       0 TrimSrf       1D     64
     143     261       0       0       1       0       0       000000000D     65
     143       0      -1       1       0       0       0 TrimSrf       0D     66
     128     262       0       0       1       0       0       000010000D     67
     128       0      -1      29       0       0       0 TrimSrf       0D     68
     126     291       0       0       1       0       0       000010000D     69
     126       0      -1       8       1       0       0 TrimSrf       1D     70
     126     299       0       0       1       0       0       000010500D     71
     126       0      -1       8       1       0       0 TrimSrf       1D     72
     126     307       0       0       1       0       0       000010000D     73
     126       0      -1      35       0       0       0 TrimSrf       2D     74
     126     342       0       0       1       0       0       000010500D     75
     126       0      -1      33       1       0       0 TrimSrf       2D     76
     126     375       0       0       1       0       0       000010000D     77
     126       0      -1      11       0       0       0 TrimSrf       3D     78
     126     386       0       0       1       0       0       000010500D     79
     126       0      -1       4       1       0       0 TrimSrf       3D     80
     126     390       0       0       1       0       0       000010000D     81
     126       0      -1       9       0       0       0 TrimSrf       4D     82
     126     399       0       0       1       0       0       000010500D     83
     126       0      -1       4       1       0       0 TrimSrf       4D     84
     141     403       0       0       1       0       0       000010000D     85
     141       0      -1       1       0       0       0 TrimSrf       1D     86
     143     404       0       0       1       0       0       000000000D     87
     143       0      -1       1       0       0       0 TrimSrf       0D     88
     128     405       0       0       1       0       0       000010000D     89
     128       0      -1      11       8       0       0 TrimSrf       0D     90
     126     416       0       0       1       0       0       000010000D     91
     126       0      -1       5       1       0       0 TrimSrf       1D     92
     126     421       0       0       1       0       0       000010500D     93
     126       0      -1       5       1       0       0 TrimSrf       1D     94
     126     426       0       0       1       0       0       000010000D     95
     126       0      -1       8       0       0       0 TrimSrf       2D     96
     126     434       0       0       1       0       0       000010500D     97
     126       0      -1       4       1       0       0 TrimSrf       2D     98
     126     438       0       0       1       0       0       000010000D     99
     126       0      -1       6       1       0       0 TrimSrf       3D    100
     126     444       0       0       1       0       0       000010500D    101
     126       0      -1       5       1       0       0 TrimSrf       3D    102
     126     449       0       0       1       0       0       000010000D    103
     126       0      -1       7       2       0       0 TrimSrf       4D    104
     126     456       0       0       1       0       0       000010500D    105
     126       0      -1       4       1       0       0 TrimSrf       4D    106
     141     460       0       0       1       0       0       000010000D    107
     141       0      -1       1       0       0       0 TrimSrf       1D    108
     143     461       0       0       1       0       0       000000000D    109
     143       0      -1       1       0       0       0 TrimSrf       0D    110
     128     462       0       0       1       0       0       000010000D    111
     128       0      -1      11       8       0       0 TrimSrf       0D    112
     126     473       0       0       1       0       0       000010000D    113
     126       0      -1       3       1       0       0 TrimSrf       1D    114
     126     476       0       0       1       0       0       000010500D    115
     126       0      -1       5       1       0       0 TrimSrf       1D    116
     126     481       0       0       1       0       0       000010000D    117
     126       0      -1       6       2       0       0 TrimSrf       2D    118
     126     487       0       0       1       0       0       000010500D    119
     126       0      -1       4       1       0       0 TrimSrf       2D    120
     126     491       0       0       1       0       0       000010000D    121
     126       0      -1       5       1       0       0 TrimSrf       3D    122
     126     496       0       0       1       0       0       000010500D    123
     126       0      -1       4       1       0       0 TrimSrf       3D    124
     126     500       0       0       1       0       0       000010000D    125
     126       0      -1       6       2       0       0 TrimSrf       4D    126
     126     506       0       0       1       0       0       000010500D    127
     126       0      -1       4       1       0       0 TrimSrf       4D    128
     141     510       0       0       1       0       0       000010000D    129
     141       0      -1       1       0       0       0 TrimSrf       1D    130
     143     511       0       0       1       0       0       000000000D    131
     143       0      -1       1       0       0       0 TrimSrf       0D    132
     128     512       0       0       1       0       0       000010000D    133
     128       0      -1      11       8       0       0 TrimSrf       0D    134
     126     523       0       0       1       0       0       000010000D    135
     126       0      -1       4       1       0       0 TrimSrf       1D    136
     126     527       0       0       1       0       0       000010500D    137
     126       0      -1       5       1       0       0 TrimSrf       1D    138
     126     532       0       0       1       0       0       000010000D    139
     126       0      -1       6       2       0       0 TrimSrf       2D    140
     126     538       0       0       1       0       0       000010500D    141
     126       0      -1       4       1       0       0 TrimSrf       2D    142
     126     542       0       0       1       0       0       000010000D    143
     126       0      -1       5       1       0       0 TrimSrf       3D    144
     126     547       0       0       1       0       0       000010500D    145
     126       0      -1       4       1       0       0 TrimSrf       3D    146
     126     551       0       0       1       0       0       000010000D    147
     126       0      -1       6       2       0       0 TrimSrf       4D    148
     126     557       0       0       1       0       0       000010500D    149
     126       0      -1       4       1       0       0 TrimSrf       4D    150
     141     561       0       0       1       0       0       000010000D    151
     141       0      -1       1       0       0       0 TrimSrf       1D    152
     143     562       0       0       1       0       0       000000000D    153
     143       0      -1       1       0       0       0 TrimSrf       0D    154
     128     563       0       0       1       0       0       000010000D    155
     128       0      -1      11       8       0       0 TrimSrf       0D    156
     126     574       0       0       1       0       0       000010000D    157
     126       0      -1       5       1       0       0 TrimSrf       1D    158
     126     579       0       0       1       0       0       000010500D    159
     126       0      -1       5       1       0       0 TrimSrf       1D    160
     126     584       0       0       1       0       0       000010000D    161
     126       0      -1       7       2       0       0 TrimSrf       2D    162
     126     591       0       0       1       0       0       000010500D    163
     126       0      -1       4       1       0       0 TrimSrf       2D    164
     126     595       0       0       1       0       0       000010000D    165
     126       0      -1       5       1       0       0 TrimSrf       3D    166
     126     600       0       0       1       0       0       000010500D    167
     126       0      -1       5       1       0       0 TrimSrf       3D    168
     126     605       0       0       1       0       0       000010000D    169
     126       0      -1       6       2       0       0 TrimSrf       4D    170
     126     611       0       0       1       0       0       000010500D    171
     126       0      -1       4       1       0       0 TrimSrf       4D    172
     141     615       0       0       1       0       0       000010000D    173
     141       0      -1       1       0       0       0 TrimSrf       1D    174
     143     616       0       0       1       0       0       000000000D    175
     143       0      -1       1       0       0       0 TrimSrf       0D    176
     128     617       0       0       1       0       0       000010000D    177
     128       0      -1      11       8       0       0 TrimSrf       0D    178
     126     628       0       0       1       0       0       000010000D    179
     126       0      -1       7       2       0       0 TrimSrf       1D    180
     126     635       0       0       1       0       0       000010500D    181
     126       0      -1       4       1       0       0 TrimSrf       1D    182
     126     639       0       0       1       0       0       000010000D    183
     126       0      -1       6       1       0       0 TrimSrf       2D    184
     126     645       0       0       1       0       0       000010500D    185
     126       0      -1       5       1       0       0 TrimSrf       2D    186
     126     650       0       0       1       0       0       000010000D    187
     126       0      -1       7       2       0       0 TrimSrf       3D    188
     126     657       0       0       1       0       0       000010500D    189
     126       0      -1       4       1       0       0 TrimSrf       3D    190
     126     661       0       0       1       0       0       000010000D    191
     126       0      -1       5       1       0       0 TrimSrf       4D    192
     126     666       0       0       1       0       0       000010500D    193
     126       0      -1       5       1       0       0 TrimSrf       4D    194
     141     671       0       0       1       0       0       000010000D    195
     141       0      -1       1       0       0       0 TrimSrf       1D    196
     143     672       0       0       1       0       0       000000000D    197
     143       0      -1       1       0       0       0 TrimSrf       0D    198
     128     673       0       0       1       0       0       000010000D    199
     128       0      -1      11       8       0       0 TrimSrf       0D    200
     126     684       0       0       1       0       0       000010000D    201
     126       0      -1       6       2       0       0 TrimSrf       1D    202
     126     690       0       0       1       0       0       000010500D    203
     126       0      -1       4       1       0       0 TrimSrf       1D    204
     126     694       0       0       1       0       0       000010000D    205
     126       0      -1       4       1       0       0 TrimSrf       2D    206
     126     698       0       0       1       0       0       000010500D    207
     126       0      -1       4       1       0       0 TrimSrf       2D    208
     126     702       0       0       1       0       0       000010000D    209
     126       0      -1       6       2       0       0 TrimSrf       3D    210
     126     708       0       0       1       0       0       000010500D    211
     126       0      -1       4       1       0       0 TrimSrf       3D    212
     126     712       0       0       1       0       0       000010000D    213
     126       0      -1       3       1       0       0 TrimSrf       4D    214
     126     715       0       0       1       0       0       000010500D    215
     126       0      -1       5       1       0       0 TrimSrf       4D    216
     141     720       0       0       1       0       0       000010000D    217
     141       0      -1       1       0       0       0 TrimSrf       1D    218
     143     721       0       0       1       0       0       000000000D    219
     143       0      -1       1       0       0       0 TrimSrf       0D    220
     128     722       0       0       1       0       0       000010000D    221
     128       0      -1      11       0       0       0 TrimSrf       0D    222
     126     733       0       0       1       0       0       000010000D    223
     126       0      -1       7       2       0       0 TrimSrf       1D    224
     126     740       0       0       1       0       0       000010500D    225
     126       0      -1       4       1       0       0 TrimSrf       1D    226
     126     744       0       0       1       0       0       000010000D    227
     126       0      -1       5       1       0       0 TrimSrf       2D    228
     126     749       0       0       1       0       0       000010500D    229
     126       0      -1       5       1       0       0 TrimSrf       2D    230
     126     754       0       0       1       0       0       000010000D    231
     126       0      -1       9       0       0       0 TrimSrf       3D    232
     126     763       0       0       1       0       0       000010500D    233
     126       0      -1       4       1       0       0 TrimSrf       3D    234
     126     767       0       0       1       0       0       000010000D    235
     126       0      -1       5       1       0       0 TrimSrf       4D    236
     126     772       0       0       1       0       0       000010500D    237
     126       0      -1       4       1       0       0 TrimSrf       4D    238
     141     776       0       0       1       0       0       000010000D    239
     141       0      -1       1       0       0       0 TrimSrf       1D    240
     143     777       0       0       1       0       0       000000000D    241
     143       0      -1       1       0       0       0 TrimSrf       0D    242
     128     778       0       0       1       0       0       000010000D    243
     128       0      -1      11       0       0       0 TrimSrf       0D    244
     126     789       0       0       1       0       0       000010000D    245
     126       0      -1       5       1       0       0 TrimSrf       1D    246
     126     794       0       0       1       0       0       000010500D    247
     126       0      -1       4       1       0       0 TrimSrf       1D    248
     126     798       0       0       1       0       0       000010000D    249
     126       0      -1       9       0       0       0 TrimSrf       2D    250
     126     807       0       0       1       0       0       000010500D    251
     126       0      -1       4       1       0       0 TrimSrf       2D    252
     126     811       0       0       1       0       0       000010000D    253
     126       0      -1       5       1       0       0 TrimSrf       3D    254
     126     816       0       0       1       0       0       000010500D    255
     126       0      -1       5       1       0       0 TrimSrf       3D    256
     126     821       0       0       1       0       0       000010000D    257
     126       0      -1       7       2       0       0 TrimSrf       4D    258
     126     828       0       0       1       0       0       000010500D    259
     126       0      -1       4       1       0       0 TrimSrf       4D    260
     141     832       0       0       1       0       0       000010000D    261
     141       0      -1       1       0       0       0 TrimSrf       1D    262
     143     833       0       0       1       0       0       000000000D    263
     143       0      -1       1       0       0       0 TrimSrf       0D    264
     128     834       0       0       1       0       0       000010000D    265
     128       0      -1      11       8       0       0 TrimSrf       0D    266
     126     845       0       0       1       0       0       000010000D    267
     126       0      -1       5       1       0       0 TrimSrf       1D    268
     126     850       0       0       1       0       0       000010500D    269
     126       0      -1       5       1       0       0 TrimSrf       1D    270
     126     855       0       0       1       0       0       000010000D    271
     126       0      -1       8       0       0       0 TrimSrf       2D    272
     126     863       0       0       1       0       0       000010500D    273
     126       0      -1       4       1       0       0 TrimSrf       2D    274
     126     867       0       0       1       0       0       000010000D    275
     126       0      -1       5       1       0       0 TrimSrf       3D    276
     126     872       0       0       1       0       0       000010500D    277
     126       0      -1       5       1       0       0 TrimSrf       3D    278
     126     877       0       0       1       0       0       000010000D    279
     126       0      -1       6       2       0       0 TrimSrf       4D    280
     126     883       0       0       1       0       0       000010500D    281
     126       0      -1       4       1       0       0 TrimSrf       4D    282
     141     887       0       0       1       0       0       000010000D    283
     141       0      -1       1       0       0       0 TrimSrf       1D    284
     143     888       0       0       1       0       0       000000000D    285
     143       0      -1       1       0       0       0 TrimSrf       0D    286
     128     889       0       0       1       0       0       000010000D    287
     128       0      -1      11       8       0       0 TrimSrf       0D    288
     126     900       0       0       1       0       0       000010000D    289
     126       0      -1       6       1       0       0 TrimSrf       1D    290
     126     906       0       0       1       0       0       000010500D    291
     126       0      -1       5       1       0       0 TrimSrf       1D    292
     126     911       0       0       1       0       0       000010000D    293
     126       0      -1       7       2       0       0 TrimSrf       2D    294
     126     918       0       0       1       0       0       000010500D    295
     126       0      -1       4       1       0       0 TrimSrf       2D    296
     126     922       0       0       1       0       0       000010000D    297
     126       0      -1       4       1       0       0 TrimSrf       3D    298
     126     926       0       0       1       0       0       000010500D    299
     126       0      -1       4       1       0       0 TrimSrf       3D    300
     126     930       0       0       1       0       0       000010000D    301
     126       0      -1       6       2       0       0 TrimSrf       4D    302
     126     936       0       0       1       0       0       000010500D    303
     126       0      -1       4       1       0       0 TrimSrf       4D    304
     141     940       0       0       1       0       0       000010000D    305
     141       0      -1       1       0       0       0 TrimSrf       1D    306
     143     941       0       0       1       0       0       000000000D    307
     143       0      -1       1       0       0       0 TrimSrf       0D    308
     128     942       0       0       1       0       0       000010000D    309
     128       0      -1      11       8       0       0 TrimSrf       0D    310
     126     953       0       0       1       0       0       000010000D    311
     126       0      -1       5       1       0       0 TrimSrf       1D    312
     126     958       0       0       1       0       0       000010500D    313
     126       0      -1       5       1       0       0 TrimSrf       1D    314
     126     963       0       0       1       0       0       000010000D    315
     126       0      -1       6       2       0       0 TrimSrf       2D    316
     126     969       0       0       1       0       0       000010500D    317
     126       0      -1       4       1       0       0 TrimSrf       2D    318
     126     973       0       0       1       0       0       000010000D    319
     126       0      -1       4       1       0       0 TrimSrf       3D    320
     126     977       0       0       1       0       0       000010500D    321
     126       0      -1       4       1       0       0 TrimSrf       3D    322
     126     981       0       0       1       0       0       000010000D    323
     126       0      -1       7       2       0       0 TrimSrf       4D    324
     126     988       0       0       1       0       0       000010500D    325
     126       0      -1       4       1       0       0 TrimSrf       4D    326
     141     992       0       0       1       0       0       000010000D    327
     141       0      -1       1       0       0       0 TrimSrf       1D    328
     143     993       0       0       1       0       0       000000000D    329
     143       0      -1       1       0       0       0 TrimSrf       0D    330
     128     994       0       0       1       0       0       000010000D    331
     128       0      -1      11       8       0       0 TrimSrf       0D    332
     126    1005       0       0       1       0       0       000010000D    333
     126       0      -1       5       1       0       0 TrimSrf       1D    334
     126    1010       0       0       1       0       0       000010500D    335
     126       0      -1       5       1       0       0 TrimSrf       1D    336
     126    1015       0       0       1       0       0       000010000D    337
     126       0      -1       7       2       0       0 TrimSrf       2D    338
     126    1022       0       0       1       0       0       000010500D    339
     126       0      -1       4       1       0       0 TrimSrf       2D    340
     126    1026       0       0       1       0       0       000010000D    341
     126       0      -1       4       1       0       0 TrimSrf       3D    342
     126    1030       0       0       1       0       0       000010500D    343
     126       0      -1       4       1       0       0 TrimSrf       3D    344
     126    1034       0       0       1       0       0       000010000D    345
     126       0      -1       6       2       0       0 TrimSrf       4D    346
     126    1040       0       0       1       0       0       000010500D    347
     126       0      -1       4       1       0       0 TrimSrf       4D    348
     141    1044       0       0       1       0       0       000010000D    349
     141       0      -1       1       0       0       0 TrimSrf       1D    350
     143    1045       0       0       1       0       0       000000000D    351
     143       0      -1       1       0       0       0 TrimSrf       0D    352
     128    1046       0       0       1       0       0       000010000D    353
     128       0      -1      11       8       0       0 TrimSrf       0D    354
     126    1057       0       0       1       0       0       000010000D    355
     126       0      -1       6       2       0       0 TrimSrf       1D    356
     126    1063       0       0       1       0       0       000010500D    357
     126       0      -1       4       1       0       0 TrimSrf       1D    358
     126    1067       0       0       1       0       0       000010000D    359
     126       0      -1       5       1       0       0 TrimSrf       2D    360
     126    1072       0       0       1       0       0       000010500D    361
     126       0      -1       5       1       0       0 TrimSrf       2D    362
     126    1077       0       0       1       0       0       000010000D    363
     126       0      -1       7       2       0       0 TrimSrf       3D    364
     126    1084       0       0       1       0       0       000010500D    365
     126       0      -1       4       1       0       0 TrimSrf       3D    366
     126    1088       0       0       1       0       0       000010000D    367
     126       0      -1       5       1       0       0 TrimSrf       4D    368
     126    1093       0       0       1       0       0       000010500D    369
     126       0      -1       5       1       0       0 TrimSrf       4D    370
     141    1098       0       0       1       0       0       000010000D    371
     141       0      -1       1       0       0       0 TrimSrf       1D    372
     143    1099       0       0       1       0       0       000000000D    373
     143       0      -1       1       0       0       0 TrimSrf       0D    374
     128    1100       0       0       1       0       0       000010000D    375
     128       0      -1      11       8       0       0 TrimSrf       0D    376
     126    1111       0       0       1       0       0       000010000D    377
     126       0      -1       6       2       0       0 TrimSrf       1D    378
     126    1117       0       0       1       0       0       000010500D    379
     126       0      -1       4       1       0       0 TrimSrf       1D    380
     126    1121       0       0       1       0       0       000010000D    381
     126       0      -1       4       1       0       0 TrimSrf       2D    382
     126    1125       0       0       1       0       0       000010500D    383
     126       0      -1       4       1       0       0 TrimSrf       2D    384
     126    1129       0       0       1       0       0       000010000D    385
     126       0      -1       7       2       0       0 TrimSrf       3D    386
     126    1136       0       0       1       0       0       000010500D    387
     126       0      -1       4       1       0       0 TrimSrf       3D    388
     126    1140       0       0       1       0       0       000010000D    389
     126       0      -1       6       1       0       0 TrimSrf       4D    390
     126    1146       0       0       1       0       0       000010500D    391
     126       0      -1       5       1       0       0 TrimSrf       4D    392
     141    1151       0       0       1       0       0       000010000D    393
     141       0      -1       1       0       0       0 TrimSrf       1D    394
     143    1152       0       0       1       0       0       000000000D    395
     143       0      -1       1       0       0       0 TrimSrf       0D    396
     128    1153       0       0       1       0       0       000010000D    397
     128       0      -1      10       8       0       0 TrimSrf       0D    398
     126    1163       0       0       1       0       0       000010000D    399
     126       0      -1       5       1       0       0 TrimSrf       1D    400
     126    1168       0       0       1       0       0       000010500D    401
     126       0      -1       5       1       0       0 TrimSrf       1D    402
     126    1173       0       0       1       0       0       000010000D    403
     126       0      -1       6       2       0       0 TrimSrf       2D    404
     126    1179       0       0       1       0       0       000010500D    405
     126       0      -1       4       1       0       0 TrimSrf       2D    406
     126    1183       0       0       1       0       0       000010000D    407
     126       0      -1       5       1       0       0 TrimSrf       3D    408
     126    1188       0       0       1       0       0       000010500D    409
     126       0      -1       5       1       0       0 TrimSrf       3D    410
     126    1193       0       0       1       0       0       000010000D    411
     126       0      -1       6       2       0       0 TrimSrf       4D    412
     126    1199       0       0       1       0       0       000010500D    413
     126       0      -1       4       1       0       0 TrimSrf       4D    414
     141    1203       0       0       1       0       0       000010000D    415
     141       0      -1       1       0       0       0 TrimSrf       1D    416
     143    1204       0       0       1       0       0       000000000D    417
     143       0      -1       1       0       0       0 TrimSrf       0D    418
     128    1205       0       0       1       0       0       000010000D    419
     128       0      -1      10       8       0       0 TrimSrf       0D    420
     126    1215       0       0       1       0       0       000010000D    421
     126       0      -1       7       2       0       0 TrimSrf       1D    422
     126    1222       0       0       1       0       0       000010500D    423
     126       0      -1       4       1       0       0 TrimSrf       1D    424
     126    1226       0       0       1       0       0       000010000D    425
     126       0      -1       5       1       0       0 TrimSrf       2D    426
     126    1231       0       0       1       0       0       000010500D    427
     126       0      -1       5       1       0       0 TrimSrf       2D    428
     126    1236       0       0       1       0       0       000010000D    429
     126       0      -1       6       2       0       0 TrimSrf       3D    430
     126    1242       0       0       1       0       0       000010500D    431
     126       0      -1       4       1       0       0 TrimSrf       3D    432
     126    1246       0       0       1       0       0       000010000D    433
     126       0      -1       5       1       0       0 TrimSrf       4D    434
     126    1251       0       0       1       0       0       000010500D    435
     126       0      -1       5       1       0       0 TrimSrf       4D    436
     141    1256       0       0       1       0       0       000010000D    437
     141       0      -1       1       0       0       0 TrimSrf       1D    438
     143    1257       0       0       1       0       0       000000000D    439
     143       0      -1       1       0       0       0 TrimSrf       0D    440
     128    1258       0       0       1       0       0       000010000D    441
     128       0      -1       5       8       0       0 TrimSrf       0D    442
     126    1263       0       0       1       0       0       000010000D    443
     126       0      -1       6       1       0       0 TrimSrf       1D    444
     126    1269       0       0       1       0       0       000010500D    445
     126       0      -1       5       1       0       0 TrimSrf       1D    446
     126    1274       0       0       1       0       0       000010000D    447
     126       0      -1       7       1       0       0 TrimSrf       2D    448
     126    1281       0       0       1       0       0       000010500D    449
     126       0      -1      14       1       0       0 TrimSrf       2D    450
     126    1295       0       0       1       0       0       000010000D    451
     126       0      -1       5       1       0       0 TrimSrf       3D    452
     126    1300       0       0       1       0       0       000010500D    453
     126       0      -1       9       1       0       0 TrimSrf       3D    454
     141    1309       0       0       1       0       0       000010000D    455
     141       0      -1       1       0       0       0 TrimSrf       1D    456
     143    1310       0       0       1       0       0       000000000D    457
     143       0      -1       1       0       0       0 TrimSrf       0D    458
     128    1311       0       0       1       0       0       000010000D    459
     128       0      -1       5       8       0       0 TrimSrf       0D    460
     126    1316       0       0       1       0       0       000010000D    461
     126       0      -1       5       1       0       0 TrimSrf       1D    462
     126    1321       0       0       1       0       0       000010500D    463
     126       0      -1       9       1       0       0 TrimSrf       1D    464
     126    1330       0       0       1       0       0       000010000D    465
     126       0      -1       7       1       0       0 TrimSrf       2D    466
     126    1337       0       0       1       0       0       000010500D    467
     126       0      -1       9       1       0       0 TrimSrf       2D    468
     126    1346       0       0       1       0       0       000010000D    469
     126       0      -1       6       1       0       0 TrimSrf       3D    470
     126    1352       0       0       1       0       0       000010500D    471
     126       0      -1       5       1       0       0 TrimSrf       3D    472
     141    1357       0       0       1       0       0       000010000D    473
     141       0      -1       1       0       0       0 TrimSrf       1D    474
     143    1358       0       0       1       0       0       000000000D    475
     143       0      -1       1       0       0       0 TrimSrf       0D    476
     128    1359       0       0       1       0       0       000010000D    477
     128       0      -1       4       8       0       0 TrimSrf       0D    478
     126    1363       0       0       1       0       0       000010000D    479
     126       0      -1       5       1       0       0 TrimSrf       1D    480
     126    1368       0       0       1       0       0       000010500D    481
     126       0      -1       7       1       0       0 TrimSrf       1D    482
     126    1375       0       0       1       0       0       000010000D    483
     126       0      -1       5       1       0       0 TrimSrf       2D    484
     126    1380       0       0       1       0       0       000010500D    485
     126       0      -1       8       1       0       0 TrimSrf       2D    486
     126    1388       0       0       1       0       0       000010000D    487
     126       0      -1       4       1       0       0 TrimSrf       3D    488
     126    1392       0       0       1       0       0       000010500D    489
     126       0      -1       5       1       0       0 TrimSrf       3D    490
     126    1397       0       0       1       0       0       000010000D    491
     126       0      -1       5       1       0       0 TrimSrf       4D    492
     126    1402       0       0       1       0       0       000010500D    493
     126       0      -1       5       1       0       0 TrimSrf       4D    494
     141    1407       0       0       1       0       0       000010000D    495
     141       0      -1       1       0       0       0 TrimSrf       1D    496
     143    1408       0       0       1       0       0       000000000D    497
     143       0      -1       1       0       0       0 TrimSrf       0D    498
     128    1409       0       0       1       0       0       000010000D    499
     128       0      -1       4       8       0       0 TrimSrf       0D    500
     126    1413       0       0       1       0       0       000010000D    501
     126       0      -1       5       1       0       0 TrimSrf       1D    502
     126    1418       0       0       1       0       0       000010500D    503
     126       0      -1       4       1       0       0 TrimSrf       1D    504
     126    1422       0       0       1       0       0       000010000D    505
     126       0      -1       5       1       0       0 TrimSrf       2D    506
     126    1427       0       0       1       0       0       000010500D    507
     126       0      -1       5       1       0       0 TrimSrf       2D    508
     126    1432       0       0       1       0       0       000010000D    509
     126       0      -1       3       1       0       0 TrimSrf       3D    510
     126    1435       0       0       1       0       0       000010500D    511
     126       0      -1       8       1       0       0 TrimSrf       3D    512
     126    1443       0       0       1       0       0       000010000D    513
     126       0      -1       5       1       0       0 TrimSrf       4D    514
     126    1448       0       0       1       0       0       000010500D    515
     126       0      -1       4       1       0       0 TrimSrf       4D    516
     141    1452       0       0       1       0       0       000010000D    517
     141       0      -1       1       0       0       0 TrimSrf       1D    518
     143    1453       0       0       1       0       0       000000000D    519
     143       0      -1       1       0       0       0 TrimSrf       0D    520
     128    1454       0       0       1       0       0       000010000D    521
     128       0      -1       4       8       0       0 TrimSrf       0D    522
     126    1458       0       0       1       0       0       000010000D    523
     126       0      -1       4       1       0       0 TrimSrf       1D    524
     126    1462       0       0       1       0       0       000010500D    525
     126       0      -1       8       1       0       0 TrimSrf       1D    526
     126    1470       0       0       1       0       0       000010000D    527
     126       0      -1       5       1       0       0 TrimSrf       2D    528
     126    1475       0       0       1       0       0       000010500D    529
     126       0      -1       5       1       0       0 TrimSrf       2D    530
     126    1480       0       0       1       0       0       000010000D    531
     126       0      -1       5       1       0       0 TrimSrf       3D    532
     126    1485       0       0       1       0       0       000010500D    533
     126       0      -1       4       1       0       0 TrimSrf       3D    534
     126    1489       0       0       1       0       0       000010000D    535
     126       0      -1       5       1       0       0 TrimSrf       4D    536
     126    1494       0       0       1       0       0       000010500D    537
     126       0      -1       4       1       0       0 TrimSrf       4D    538
     141    1498       0       0       1       0       0       000010000D    539
     141       0      -1       1       0       0       0 TrimSrf       1D    540
     143    1499       0       0       1       0       0       000000000D    541
     143       0      -1       1       0       0       0 TrimSrf       0D    542
     128    1500       0       0       1       0       0       000010000D    543
     128       0      -1       4       8       0       0 TrimSrf       0D    544
     126    1504       0       0       1       0       0       000010000D    545
     126       0      -1       5       1       0       0 TrimSrf       1D    546
     126    1509       0       0       1       0       0       000010500D    547
     126       0      -1       5       1       0       0 TrimSrf       1D    548
     126    1514       0       0       1       0       0       000010000D    549
     126       0      -1       4       1       0       0 TrimSrf       2D    550
     126    1518       0       0       1       0       0       000010500D    551
     126       0      -1       8       1       0       0 TrimSrf       2D    552
     126    1526       0       0       1       0       0       000010000D    553
     126       0      -1       5       1       0       0 TrimSrf       3D    554
     126    1531       0       0       1       0       0       000010500D    555
     126       0      -1       5       1       0       0 TrimSrf       3D    556
     126    1536       0       0       1       0       0       000010000D    557
     126       0      -1       4       1       0       0 TrimSrf       4D    558
     126    1540       0       0       1       0       0       000010500D    559
     126       0      -1       8       1       0       0 TrimSrf       4D    560
     126    1548       0       0       1       0       0       000010000D    561
     126       0      -1       5       1       0       0 TrimSrf       5D    562
     126    1553       0       0       1       0       0       000010500D    563
     126       0      -1       5       1       0       0 TrimSrf       5D    564
     141    1558       0       0       1       0       0       000010000D    565
     141       0      -1       2       0       0       0 TrimSrf       1D    566
     143    1560       0       0       1       0       0       000000000D    567
     143       0      -1       1       0       0       0 TrimSrf       0D    568
     128    1561       0       0       1       0       0       000010000D    569
     128       0      -1       4       8       0       0 TrimSrf       0D    570
     126    1565       0       0       1       0       0       000010000D    571
     126       0      -1       5       1       0       0 TrimSrf       1D    572
     126    1570       0       0       1       0       0       000010500D    573
     126       0      -1       4       1       0       0 TrimSrf       1D    574
     126    1574       0       0       1       0       0       000010000D    575
     126       0      -1       3       1       0       0 TrimSrf       2D    576
     126    1577       0       0       1       0       0       000010500D    577
     126       0      -1       7       1       0       0 TrimSrf       2D    578
     126    1584       0       0       1       0       0       000010000D    579
     126       0      -1       4       1       0       0 TrimSrf       3D    580
     126    1588       0       0       1       0       0       000010500D    581
     126       0      -1       7       1       0       0 TrimSrf       3D    582
     126    1595       0       0       1       0       0       000010000D    583
     126       0      -1       5       1       0       0 TrimSrf       4D    584
     126    1600       0       0       1       0       0       000010500D    585
     126       0      -1       4       1       0       0 TrimSrf       4D    586
     141    1604       0       0       1       0       0       000010000D    587
     141       0      -1       1       0       0       0 TrimSrf       1D    588
     143    1605       0       0       1       0       0       000000000D    589
     143       0      -1       1       0       0       0 TrimSrf       0D    590
     128    1606       0       0       1       0       0       000010000D    591
     128       0      -1       4       8       0       0 TrimSrf       0D    592
     126    1610       0       0       1       0       0       000010000D    593
     126       0      -1       5       1       0       0 TrimSrf       1D    594
     126    1615       0       0       1       0       0       000010500D    595
     126       0      -1       7       1       0       0 TrimSrf       1D    596
     126    1622       0       0       1       0       0       000010000D    597
     126       0      -1       5       1       0       0 TrimSrf       2D    598
     126    1627       0       0       1       0       0       000010500D    599
     126       0      -1       4       1       0       0 TrimSrf       2D    600
     126    1631       0       0       1       0       0       000010000D    601
     126       0      -1       5       1       0       0 TrimSrf       3D    602
     126    1636       0       0       1       0       0       000010500D    603
     126       0      -1       4       1       0       0 TrimSrf       3D    604
     126    1640       0       0       1       0       0       000010000D    605
     126       0      -1       5       1       0       0 TrimSrf       4D    606
     126    1645       0       0       1       0       0       000010500D    607
     126       0      -1       8       1       0       0 TrimSrf       4D    608
     126    1653       0       0       1       0       0       000010000D    609
     126       0      -1       5       1       0       0 TrimSrf       5D    610
     126    1658       0       0       1       0       0       000010500D    611
     126       0      -1       5       1       0       0 TrimSrf       5D    612
     141    1663       0       0       1       0       0       000010000D    613
     141       0      -1       2       0       0       0 TrimSrf       1D    614
     143    1665       0       0       1       0       0       000000000D    615
     143       0      -1       1       0       0       0 TrimSrf       0D    616
     128    1666       0       0       1       0       0       000010000D    617
     128       0      -1       4       8       0       0 TrimSrf       0D    618
     126    1670       0       0       1       0       0       000010000D    619
     126       0      -1       5       1       0       0 TrimSrf       1D    620
     126    1675       0       0       1       0       0       000010500D    621
     126       0      -1       4       1       0       0 TrimSrf       1D    622
     126    1679       0       0       1       0       0       000010000D    623
     126       0      -1       4       1       0       0 TrimSrf       2D    624
     126    1683       0       0       1       0       0       000010500D    625
     126       0      -1       5       1       0       0 TrimSrf       2D    626
     126    1688       0       0       1       0       0       000010000D    627
     126       0      -1       5       1       0       0 TrimSrf       3D    628
     126    1693       0       0       1       0       0       000010500D    629
     126       0      -1       9       1       0       0 TrimSrf       3D    630
     126    1702       0       0       1       0       0       000010000D    631
     126       0      -1       5       1       0       0 TrimSrf       4D    632
     126    1707       0       0       1       0       0       000010500D    633
     126       0      -1       3       1       0       0 TrimSrf       4D    634
     141    1710       0       0       1       0       0       000010000D    635
     141       0      -1       1       0       0       0 TrimSrf       1D    636
     143    1711       0       0       1       0       0       000000000D    637
     143       0      -1       1       0       0       0 TrimSrf       0D    638
     128    1712       0       0       1       0       0       000010000D    639
     128       0      -1       4       8       0       0 TrimSrf       0D    640
     126    1716       0       0       1       0       0       000010000D    641
     126       0      -1       5       1       0       0 TrimSrf       1D    642
     126    1721       0       0       1       0       0       000010500D    643
     126       0      -1       9       1       0       0 TrimSrf       1D    644
     126    1730       0       0       1       0       0       000010000D    645
     126       0      -1       5       1       0       0 TrimSrf       2D    646
     126    1735       0       0       1       0       0       000010500D    647
     126       0      -1       5       1       0       0 TrimSrf       2D    648
     126    1740       0       0       1       0       0       000010000D    649
     126       0      -1       5       1       0       0 TrimSrf       3D    650
     126    1745       0       0       1       0       0       000010500D    651
     126       0      -1       4       1       0       0 TrimSrf       3D    652
     126    1749       0       0       1       0       0       000010000D    653
     126       0      -1       5       1       0       0 TrimSrf       4D    654
     126    1754       0       0       1       0       0       000010500D    655
     126       0      -1       4       1       0       0 TrimSrf       4D    656
     141    1758       0       0       1       0       0       000010000D    657
     141       0      -1       1       0       0       0 TrimSrf       1D    658
     143    1759       0       0       1       0       0       000000000D    659
     143       0      -1       1       0       0       0 TrimSrf       0D    660
     128    1760       0       0       1       0       0       000010000D    661
     128       0      -1       4       8       0       0 TrimSrf       0D    662
     126    1764       0       0       1       0       0       000010000D    663
     126       0      -1       5       1       0       0 TrimSrf       1D    664
     126    1769       0       0       1       0       0       000010500D    665
     126       0      -1       5       1       0       0 TrimSrf       1D    666
     126    1774       0       0       1       0       0       000010000D    667
     126       0      -1       5       1       0       0 TrimSrf       2D    668
     126    1779       0       0       1       0       0       000010500D    669
     126       0      -1       5       1       0       0 TrimSrf       2D    670
     126    1784       0       0       1       0       0       000010000D    671
     126       0      -1       5       1       0       0 TrimSrf       3D    672
     126    1789       0       0       1       0       0       000010500D    673
     126       0      -1       9       1       0       0 TrimSrf       3D    674
     126    1798       0       0       1       0       0       000010000D    675
     126       0      -1       5       1       0       0 TrimSrf       4D    676
     126    1803       0       0       1       0       0       000010500D    677
     126       0      -1       8       1       0       0 TrimSrf       4D    678
     141    1811       0       0       1       0       0       000010000D    679
     141       0      -1       1       0       0       0 TrimSrf       1D    680
     143    1812       0       0       1       0       0       000000000D    681
     143       0      -1       1       0       0       0 TrimSrf       0D    682
     128    1813       0       0       1       0       0       000010000D    683
     128       0      -1       4       8       0       0 TrimSrf       0D    684
     126    1817       0       0       1       0       0       000010000D    685
     126       0      -1       5       1       0       0 TrimSrf       1D    686
     126    1822       0       0       1       0       0       000010500D    687
     126       0      -1       5       1       0       0 TrimSrf       1D    688
     126    1827       0       0       1       0       0       000010000D    689
     126       0      -1       5       1       0       0 TrimSrf       2D    690
     126    1832       0       0       1       0       0       000010500D    691
     126       0      -1       4       1       0       0 TrimSrf       2D    692
     126    1836       0       0       1       0       0       000010000D    693
     126       0      -1       4       1       0       0 TrimSrf       3D    694
     126    1840       0       0       1       0       0       000010500D    695
     126       0      -1       7       1       0       0 TrimSrf       3D    696
     126    1847       0       0       1       0       0       000010000D    697
     126       0      -1       4       1       0       0 TrimSrf       4D    698
     126    1851       0       0       1       0       0       000010500D    699
     126       0      -1       8       1       0       0 TrimSrf       4D    700
     141    1859       0       0       1       0       0       000010000D    701
     141       0      -1       1       0       0       0 TrimSrf       1D    702
     143    1860       0       0       1       0       0       000000000D    703
     143       0      -1       1       0       0       0 TrimSrf       0D    704
     128    1861       0       0       1       0       0       000010000D    705
     128       0      -1       4       8       0       0 TrimSrf       0D    706
     126    1865       0       0       1       0       0       000010000D    707
     126       0      -1       5       1       0       0 TrimSrf       1D    708
     126    1870       0       0       1       0       0       000010500D    709
     126       0      -1       3       1       0       0 TrimSrf       1D    710
     126    1873       0       0       1       0       0       000010000D    711
     126       0      -1       5       1       0       0 TrimSrf       2D    712
     126    1878       0       0       1       0       0       000010500D    713
     126       0      -1       8       1       0       0 TrimSrf       2D    714
     126    1886       0       0       1       0       0       000010000D    715
     126       0      -1       5       1       0       0 TrimSrf       3D    716
     126    1891       0       0       1       0       0       000010500D    717
     126       0      -1      13       1       0       0 TrimSrf       3D    718
     126    1904       0       0       1       0       0       000010000D    719
     126       0      -1       5       1       0       0 TrimSrf       4D    720
     126    1909       0       0       1       0       0       000010500D    721
     126       0      -1       4       1       0       0 TrimSrf       4D    722
     141    1913       0       0       1       0       0       000010000D    723
     141       0      -1       1       0       0       0 TrimSrf       1D    724
     143    1914       0       0       1       0       0       000000000D    725
     143       0      -1       1       0       0       0 TrimSrf       0D    726
     128    1915       0       0       1       0       0       000010000D    727
     128       0      -1       4       8       0       0 TrimSrf       0D    728
     126    1919       0       0       1       0       0       000010000D    729
     126       0      -1       5       1       0       0 TrimSrf       1D    730
     126    1924       0       0       1       0       0       000010500D    731
     126       0      -1       4       1       0       0 TrimSrf       1D    732
     126    1928       0       0       1       0       0       000010000D    733
     126       0      -1       5       1       0       0 TrimSrf       2D    734
     126    1933       0       0       1       0       0       000010500D    735
     126       0      -1       9       1       0       0 TrimSrf       2D    736
     126    1942       0       0       1       0       0       000010000D    737
     126       0      -1       5       1       0       0 TrimSrf       3D    738
     126    1947       0       0       1       0       0       000010500D    739
     126       0      -1       6       1       0       0 TrimSrf       3D    740
     126    1953       0       0       1       0       0       000010000D    741
     126       0      -1       5       1       0       0 TrimSrf       4D    742
     126    1958       0       0       1       0       0       000010500D    743
     126       0      -1       4       1       0       0 TrimSrf       4D    744
     141    1962       0       0       1       0       0       000010000D    745
     141       0      -1       1       0       0       0 TrimSrf       1D    746
     143    1963       0       0       1       0       0       000000000D    747
     143       0      -1       1       0       0       0 TrimSrf       0D    748
     128    1964       0       0       1       0       0       000010000D    749
     128       0      -1       4       8       0       0 TrimSrf       0D    750
     126    1968       0       0       1       0       0       000010000D    751
     126       0      -1       5       1       0       0 TrimSrf       1D    752
     126    1973       0       0       1       0       0       000010500D    753
     126       0      -1       8       1       0       0 TrimSrf       1D    754
     126    1981       0       0       1       0       0       000010000D    755
     126       0      -1       4       1       0       0 TrimSrf       2D    756
     126    1985       0       0       1       0       0       000010500D    757
     126       0      -1       7       1       0       0 TrimSrf       2D    758
     126    1992       0       0       1       0       0       000010000D    759
     126       0      -1       3       1       0       0 TrimSrf       3D    760
     126    1995       0       0       1       0       0       000010500D    761
     126       0      -1       3       1       0       0 TrimSrf       3D    762
     126    1998       0       0       1       0       0       000010000D    763
     126       0      -1       5       1       0       0 TrimSrf       4D    764
     126    2003       0       0       1       0       0       000010500D    765
     126       0      -1       4       1       0       0 TrimSrf       4D    766
     141    2007       0       0       1       0       0       000010000D    767
     141       0      -1       1       0       0       0 TrimSrf       1D    768
     143    2008       0       0       1       0       0       000000000D    769
     143       0      -1       1       0       0       0 TrimSrf       0D    770
     128    2009       0       0       1       0       0       000010000D    771
     128       0      -1       4       8       0       0 TrimSrf       0D    772
     126    2013       0       0       1       0       0       000010000D    773
     126       0      -1       4       1       0       0 TrimSrf       1D    774
     126    2017       0       0       1       0       0       000010500D    775
     126       0      -1       4       1       0       0 TrimSrf       1D    776
     126    2021       0       0       1       0       0       000010000D    777
     126       0      -1       4       1       0       0 TrimSrf       2D    778
     126    2025       0       0       1       0       0       000010500D    779
     126       0      -1       3       1       0       0 TrimSrf       2D    780
     126    2028       0       0       1       0       0       000010000D    781
     126       0      -1       5       1       0       0 TrimSrf       3D    782
     126    2033       0       0       1       0       0       000010500D    783
     126       0      -1       8       1       0       0 TrimSrf       3D    784
     126    2041       0       0       1       0       0       000010000D    785
     126       0      -1       5       1       0       0 TrimSrf       4D    786
     126    2046       0       0       1       0       0       000010500D    787
     126       0      -1       8       1       0       0 TrimSrf       4D    788
     141    2054       0       0       1       0       0       000010000D    789
     141       0      -1       1       0       0       0 TrimSrf       1D    790
     143    2055       0       0       1       0       0       000000000D    791
     143       0      -1       1       0       0       0 TrimSrf       0D    792
     128    2056       0       0       1       0       0       000010000D    793
     128       0      -1       4       8       0       0 TrimSrf       0D    794
     126    2060       0       0       1       0       0       000010000D    795
     126       0      -1       4       1       0       0 TrimSrf       1D    796
     126    2064       0       0       1       0       0       000010500D    797
     126       0      -1       3       1       0       0 TrimSrf       1D    798
     126    2067       0       0       1       0       0       000010000D    799
     126       0      -1       4       1       0       0 TrimSrf       2D    800
     126    2071       0       0       1       0       0       000010500D    801
     126       0      -1       6       1       0       0 TrimSrf       2D    802
     126    2077       0       0       1       0       0       000010000D    803
     126       0      -1       5       1       0       0 TrimSrf       3D    804
     126    2082       0       0       1       0       0       000010500D    805
     126       0      -1       8       1       0       0 TrimSrf       3D    806
     126    2090       0       0       1       0       0       000010000D    807
     126       0      -1       5       1       0       0 TrimSrf       4D    808
     126    2095       0       0       1       0       0       000010500D    809
     126       0      -1       9       1       0       0 TrimSrf       4D    810
     126    2104       0       0       1       0       0       000010000D    811
     126       0      -1       5       1       0       0 TrimSrf       5D    812
     126    2109       0       0       1       0       0       000010500D    813
     126       0      -1       4       1       0       0 TrimSrf       5D    814
     141    2113       0       0       1       0       0       000010000D    815
     141       0      -1       2       0       0       0 TrimSrf       1D    816
     143    2115       0       0       1       0       0       000000000D    817
     143       0      -1       1       0       0       0 TrimSrf       0D    818
     128    2116       0       0       1       0       0       000010000D    819
     128       0      -1       4       8       0       0 TrimSrf       0D    820
     126    2120       0       0       1       0       0       000010000D    821
     126       0      -1       5       1       0       0 TrimSrf       1D    822
     126    2125       0       0       1       0       0       000010500D    823
     126       0      -1       3       1       0       0 TrimSrf       1D    824
     126    2128       0       0       1       0       0       000010000D    825
     126       0      -1       4       1       0       0 TrimSrf       2D    826
     126    2132       0       0       1       0       0       000010500D    827
     126       0      -1       4       1       0       0 TrimSrf       2D    828
     126    2136       0       0       1       0       0       000010000D    829
     126       0      -1       4       1       0       0 TrimSrf       3D    830
     126    2140       0       0       1       0       0       000010500D    831
     126       0      -1       8       1       0       0 TrimSrf       3D    832
     126    2148       0       0       1       0       0       000010000D    833
     126       0      -1       4       1       0       0 TrimSrf       4D    834
     126    2152       0       0       1       0       0       000010500D    835
     126       0      -1       4       1       0       0 TrimSrf       4D    836
     141    2156       0       0       1       0       0       000010000D    837
     141       0      -1       1       0       0       0 TrimSrf       1D    838
     143    2157       0       0       1       0       0       000000000D    839
     143       0      -1       1       0       0       0 TrimSrf       0D    840
     128    2158       0       0       1       0       0       000010000D    841
     128       0      -1       4       8       0       0 TrimSrf       0D    842
     126    2162       0       0       1       0       0       000010000D    843
     126       0      -1       4       1       0       0 TrimSrf       1D    844
     126    2166       0       0       1       0       0       000010500D    845
     126       0      -1       4       1       0       0 TrimSrf       1D    846
     126    2170       0       0       1       0       0       000010000D    847
     126       0      -1       5       1       0       0 TrimSrf       2D    848
     126    2175       0       0       1       0       0       000010500D    849
     126       0      -1       4       1       0       0 TrimSrf       2D    850
     126    2179       0       0       1       0       0       000010000D    851
     126       0      -1       5       1       0       0 TrimSrf       3D    852
     126    2184       0       0       1       0       0       000010500D    853
     126       0      -1       8       1       0       0 TrimSrf       3D    854
     126    2192       0       0       1       0       0       000010000D    855
     126       0      -1       4       1       0       0 TrimSrf       4D    856
     126    2196       0       0       1       0       0       000010500D    857
     126       0      -1       4       1       0       0 TrimSrf       4D    858
     141    2200       0       0       1       0       0       000010000D    859
     141       0      -1       1       0       0       0 TrimSrf       1D    860
     143    2201       0       0       1       0       0       000000000D    861
     143       0      -1       1       0       0       0 TrimSrf       0D    862
     128    2202       0       0       1       0       0       000010000D    863
     128       0      -1       4       8       0       0 TrimSrf       0D    864
     126    2206       0       0       1       0       0       000010000D    865
     126       0      -1       4       1       0       0 TrimSrf       1D    866
     126    2210       0       0       1       0       0       000010500D    867
     126       0      -1       3       1       0       0 TrimSrf       1D    868
     126    2213       0       0       1       0       0       000010000D    869
     126       0      -1       5       1       0       0 TrimSrf       2D    870
     126    2218       0       0       1       0       0       000010500D    871
     126       0      -1       4       1       0       0 TrimSrf       2D    872
     126    2222       0       0       1       0       0       000010000D    873
     126       0      -1       6       1       0       0 TrimSrf       3D    874
     126    2228       0       0       1       0       0       000010500D    875
     126       0      -1       8       1       0       0 TrimSrf       3D    876
     126    2236       0       0       1       0       0       000010000D    877
     126       0      -1       5       1       0       0 TrimSrf       4D    878
     126    2241       0       0       1       0       0       000010500D    879
     126       0      -1       4       1       0       0 TrimSrf       4D    880
     141    2245       0       0       1       0       0       000010000D    881
     141       0      -1       1       0       0       0 TrimSrf       1D    882
     143    2246       0       0       1       0       0       000000000D    883
     143       0      -1       1       0       0       0 TrimSrf       0D    884
     128    2247       0       0       1       0       0       000010000D    885
     128       0      -1       4       8       0       0 TrimSrf       0D    886
     126    2251       0       0       1       0       0       000010000D    887
     126       0      -1       5       1       0       0 TrimSrf       1D    888
     126    2256       0       0       1       0       0       000010500D    889
     126       0      -1       4       1       0       0 TrimSrf       1D    890
     126    2260       0       0       1       0       0       000010000D    891
     126       0      -1       5       1       0       0 TrimSrf       2D    892
     126    2265       0       0       1       0       0       000010500D    893
     126       0      -1       9       1       0       0 TrimSrf       2D    894
     126    2274       0       0       1       0       0       000010000D    895
     126       0      -1       5       1       0       0 TrimSrf       3D    896
     126    2279       0       0       1       0       0       000010500D    897
     126       0      -1       4       1       0       0 TrimSrf       3D    898
     126    2283       0       0       1       0       0       000010000D    899
     126       0      -1       4       1       0       0 TrimSrf       4D    900
     126    2287       0       0       1       0       0       000010500D    901
     126       0      -1       3       1       0       0 TrimSrf       4D    902
     141    2290       0       0       1       0       0       000010000D    903
     141       0      -1       1       0       0       0 TrimSrf       1D    904
     143    2291       0       0       1       0       0       000000000D    905
     143       0      -1       1       0       0       0 TrimSrf       0D    906
     128    2292       0       0       1       0       0       000010000D    907
     128       0      -1       4       8       0       0 TrimSrf       0D    908
     126    2296       0       0       1       0       0       000010000D    909
     126       0      -1       4       1       0       0 TrimSrf       1D    910
     126    2300       0       0       1       0       0       000010500D    911
     126       0      -1       4       1       0       0 TrimSrf       1D    912
     126    2304       0       0       1       0       0       000010000D    913
     126       0      -1       6       1       0       0 TrimSrf       2D    914
     126    2310       0       0       1       0       0       000010500D    915
     126       0      -1       8       1       0       0 TrimSrf       2D    916
     126    2318       0       0       1       0       0       000010000D    917
     126       0      -1       5       1       0       0 TrimSrf       3D    918
     126    2323       0       0       1       0       0       000010500D    919
     126       0      -1       6       1       0       0 TrimSrf       3D    920
     126    2329       0       0       1       0       0       000010000D    921
     126       0      -1       5       1       0       0 TrimSrf       4D    922
     126    2334       0       0       1       0       0       000010500D    923
     126       0      -1       3       1       0       0 TrimSrf       4D    924
     141    2337       0       0       1       0       0       000010000D    925
     141       0      -1       1       0       0       0 TrimSrf       1D    926
     143    2338       0       0       1       0       0       000000000D    927
     143       0      -1       1       0       0       0 TrimSrf       0D    928
     128    2339       0       0       1       0       0       000010000D    929
     128       0      -1       4       8       0       0 TrimSrf       0D    930
     126    2343       0       0       1       0       0       000010000D    931
     126       0      -1       6       1       0       0 TrimSrf       1D    932
     126    2349       0       0       1       0       0       000010500D    933
     126       0      -1       9       1       0       0 TrimSrf       1D    934
     126    2358       0       0       1       0       0       000010000D    935
     126       0      -1       5       1       0       0 TrimSrf       2D    936
     126    2363       0       0       1       0       0       000010500D    937
     126       0      -1      14       1       0       0 TrimSrf       2D    938
     126    2377       0       0       1       0       0       000010000D    939
     126       0      -1       5       1       0       0 TrimSrf       3D    940
     126    2382       0       0       1       0       0       000010500D    941
     126       0      -1       8       1       0       0 TrimSrf       3D    942
     126    2390       0       0       1       0       0       000010000D    943
     126       0      -1       4       1       0       0 TrimSrf       4D    944
     126    2394       0       0       1       0       0       000010500D    945
     126       0      -1       3       1       0       0 TrimSrf       4D    946
     126    2397       0       0       1       0       0       000010000D    947
     126       0      -1       5       1       0       0 TrimSrf       5D    948
     126    2402       0       0       1       0       0       000010500D    949
     126       0      -1       4       1       0       0 TrimSrf       5D    950
     141    2406       0       0       1       0       0       000010000D    951
     141       0      -1       2       0       0       0 TrimSrf       1D    952
     143    2408       0       0       1       0       0       000000000D    953
     143       0      -1       1       0       0       0 TrimSrf       0D    954
     128    2409       0       0       1       0       0       000010000D    955
     128       0      -1       4       8       0       0 TrimSrf       0D    956
     126    2413       0       0       1       0       0       000010000D    957
     126       0      -1       4       1       0       0 TrimSrf       1D    958
     126    2417       0       0       1       0       0       000010500D    959
     126       0      -1       9       1       0       0 TrimSrf       1D    960
     126    2426       0       0       1       0       0       000010000D    961
     126       0      -1       4       1       0       0 TrimSrf       2D    962
     126    2430       0       0       1       0       0       000010500D    963
     126       0      -1       4       1       0       0 TrimSrf       2D    964
     126    2434       0       0       1       0       0       000010000D    965
     126       0      -1       6       1       0       0 TrimSrf       3D    966
     126    2440       0       0       1       0       0       000010500D    967
     126       0      -1       4       1       0       0 TrimSrf       3D    968
     126    2444       0       0       1       0       0       000010000D    969
     126       0      -1       5       1       0       0 TrimSrf       4D    970
     126    2449       0       0       1       0       0       000010500D    971
     126       0      -1       4       1       0       0 TrimSrf       4D    972
     141    2453       0       0       1       0       0       000010000D    973
     141       0      -1       1       0       0       0 TrimSrf       1D    974
     143    2454       0       0       1       0       0       000000000D    975
     143       0      -1       1       0       0       0 TrimSrf       0D    976
     128    2455       0       0       1       0       0       000010000D    977
     128       0      -1       4       8       0       0 TrimSrf       0D    978
     126    2459       0       0       1       0       0       000010000D    979
     126       0      -1       4       1       0       0 TrimSrf       1D    980
     126    2463       0       0       1       0       0       000010500D    981
     126       0      -1       8       1       0       0 TrimSrf       1D    982
     126    2471       0       0       1       0       0       000010000D    983
     126       0      -1       4       1       0       0 TrimSrf       2D    984
     126    2475       0       0       1       0       0       000010500D    985
     126       0      -1       4       1       0       0 TrimSrf       2D    986
     126    2479       0       0       1       0       0       000010000D    987
     126       0      -1       4       1       0       0 TrimSrf       3D    988
     126    2483       0       0       1       0       0       000010500D    989
     126       0      -1       3       1       0       0 TrimSrf       3D    990
     126    2486       0       0       1       0       0       000010000D    991
     126       0      -1       5       1       0       0 TrimSrf       4D    992
     126    2491       0       0       1       0       0       000010500D    993
     126       0      -1       4       1       0       0 TrimSrf       4D    994
     141    2495       0       0       1       0       0       000010000D    995
     141       0      -1       1       0       0       0 TrimSrf       1D    996
     143    2496       0       0       1       0       0       000000000D    997
     143       0      -1       1       0       0       0 TrimSrf       0D    998
     128    2497       0       0       1       0       0       000010000D    999
     128       0      -1       4       8       0       0 TrimSrf       0D   1000
     126    2501       0       0       1       0       0       000010000D   1001
     126       0      -1       5       1       0       0 TrimSrf       1D   1002
     126    2506       0       0       1       0       0       000010500D   1003
     126       0      -1       9       1       0       0 TrimSrf       1D   1004
     126    2515       0       0       1       0       0       000010000D   1005
     126       0      -1       5       1       0       0 TrimSrf       2D   1006
     126    2520       0       0       1       0       0       000010500D   1007
     126       0      -1       4       1       0       0 TrimSrf       2D   1008
     126    2524       0       0       1       0       0       000010000D   1009
     126       0      -1       4       1       0       0 TrimSrf       3D   1010
     126    2528       0       0       1       0       0       000010500D   1011
     126       0      -1       3       1       0       0 TrimSrf       3D   1012
     126    2531       0       0       1       0       0       000010000D   1013
     126       0      -1       4       1       0       0 TrimSrf       4D   1014
     126    2535       0       0       1       0       0       000010500D   1015
     126       0      -1       4       1       0       0 TrimSrf       4D   1016
     141    2539       0       0       1       0       0       000010000D   1017
     141       0      -1       2       0       0       0 TrimSrf       1D   1018
     143    2541       0       0       1       0       0       000000000D   1019
     143       0      -1       1       0       0       0 TrimSrf       0D   1020
     128    2542       0       0       1       0       0       000010000D   1021
     128       0      -1       4       8       0       0 TrimSrf       0D   1022
     126    2546       0       0       1       0       0       000010000D   1023
     126       0      -1       5       1       0       0 TrimSrf       1D   1024
     126    2551       0       0       1       0       0       000010500D   1025
     126       0      -1       4       1       0       0 TrimSrf       1D   1026
     126    2555       0       0       1       0       0       000010000D   1027
     126       0      -1       5       1       0       0 TrimSrf       2D   1028
     126    2560       0       0       1       0       0       000010500D   1029
     126       0      -1       3       1       0       0 TrimSrf       2D   1030
     126    2563       0       0       1       0       0       000010000D   1031
     126       0      -1       5       1       0       0 TrimSrf       3D   1032
     126    2568       0       0       1       0       0       000010500D   1033
     126       0      -1       4       1       0       0 TrimSrf       3D   1034
     126    2572       0       0       1       0       0       000010000D   1035
     126       0      -1       6       1       0       0 TrimSrf       4D   1036
     126    2578       0       0       1       0       0       000010500D   1037
     126       0      -1       9       1       0       0 TrimSrf       4D   1038
     141    2587       0       0       1       0       0       000010000D   1039
     141       0      -1       2       0       0       0 TrimSrf       1D   1040
     143    2589       0       0       1       0       0       000000000D   1041
     143       0      -1       1       0       0       0 TrimSrf       0D   1042
     128    2590       0       0       1       0       0       000010000D   1043
     128       0      -1       4       8       0       0 TrimSrf       0D   1044
     126    2594       0       0       1       0       0       000010000D   1045
     126       0      -1       5       1       0       0 TrimSrf       1D   1046
     126    2599       0       0       1       0       0       000010500D   1047
     126       0      -1       4       1       0       0 TrimSrf       1D   1048
     126    2603       0       0       1       0       0       000010000D   1049
     126       0      -1       6       1       0       0 TrimSrf       2D   1050
     126    2609       0       0       1       0       0       000010500D   1051
     126       0      -1       5       1       0       0 TrimSrf       2D   1052
     126    2614       0       0       1       0       0       000010000D   1053
     126       0      -1       5       1       0       0 TrimSrf       3D   1054
     126    2619       0       0       1       0       0       000010500D   1055
     126       0      -1       8       1       0       0 TrimSrf       3D   1056
     126    2627       0       0       1       0       0       000010000D   1057
     126       0      -1       4       1       0       0 TrimSrf       4D   1058
     126    2631       0       0       1       0       0       000010500D   1059
     126       0      -1       8       1       0       0 TrimSrf       4D   1060
     141    2639       0       0       1       0       0       000010000D   1061
     141       0      -1       2       0       0       0 TrimSrf       1D   1062
     143    2641       0       0       1       0       0       000000000D   1063
     143       0      -1       1       0       0       0 TrimSrf       0D   1064
     128    2642       0       0       1       0       0       000010000D   1065
     128       0      -1       8       8       0       0 TrimSrf       0D   1066
     126    2650       0       0       1       0       0       000010000D   1067
     126       0      -1       6       1       0       0 TrimSrf       1D   1068
     126    2656       0       0       1       0       0       000010500D   1069
     126       0      -1       9       1       0       0 TrimSrf       1D   1070
     126    2665       0       0       1       0       0       000010000D   1071
     126       0      -1       7       1       0       0 TrimSrf       2D   1072
     126    2672       0       0       1       0       0       000010500D   1073
     126       0      -1       9       1       0       0 TrimSrf       2D   1074
     126    2681       0       0       1       0       0       000010000D   1075
     126       0      -1       6       1       0       0 TrimSrf       3D   1076
     126    2687       0       0       1       0       0       000010500D   1077
     126       0      -1       9       1       0       0 TrimSrf       3D   1078
     141    2696       0       0       1       0       0       000010000D   1079
     141       0      -1       1       0       0       0 TrimSrf       1D   1080
     143    2697       0       0       1       0       0       000000000D   1081
     143       0      -1       1       0       0       0 TrimSrf       0D   1082
     128    2698       0       0       1       0       0       000010000D   1083
     128       0      -1       6       8       0       0 TrimSrf       0D   1084
     126    2704       0       0       1       0       0       000010000D   1085
     126       0      -1       6       1       0       0 TrimSrf       1D   1086
     126    2710       0       0       1       0       0       000010500D   1087
     126       0      -1       9       1       0       0 TrimSrf       1D   1088
     126    2719       0       0       1       0       0       000010000D   1089
     126       0      -1       5       1       0       0 TrimSrf       2D   1090
     126    2724       0       0       1       0       0       000010500D   1091
     126       0      -1       9       1       0       0 TrimSrf       2D   1092
     126    2733       0       0       1       0       0       000010000D   1093
     126       0      -1       5       1       0       0 TrimSrf       3D   1094
     126    2738       0       0       1       0       0       000010500D   1095
     126       0      -1       9       1       0       0 TrimSrf       3D   1096
     141    2747       0       0       1       0       0       000010000D   1097
     141       0      -1       1       0       0       0 TrimSrf       1D   1098
     143    2748       0       0       1       0       0       000000000D   1099
     143       0      -1       1       0       0       0 TrimSrf       0D   1100
     128    2749       0       0       1       0       0       000010000D   1101
     128       0      -1      13       8       0       0 TrimSrf       0D   1102
     126    2762       0       0       1       0       0       000010000D   1103
     126       0      -1       6       1       0       0 TrimSrf       1D   1104
     126    2768       0       0       1       0       0       000010500D   1105
     126       0      -1       5       1       0       0 TrimSrf       1D   1106
     126    2773       0       0       1       0       0       000010000D   1107
     126       0      -1       8       0       0       0 TrimSrf       2D   1108
     126    2781       0       0       1       0       0       000010500D   1109
     126       0      -1       4       1       0       0 TrimSrf       2D   1110
     126    2785       0       0       1       0       0       000010000D   1111
     126       0      -1       5       1       0       0 TrimSrf       3D   1112
     126    2790       0       0       1       0       0       000010500D   1113
     126       0      -1       5       1       0       0 TrimSrf       3D   1114
     126    2795       0       0       1       0       0       000010000D   1115
     126       0      -1       8       2       0       0 TrimSrf       4D   1116
     126    2803       0       0       1       0       0       000010500D   1117
     126       0      -1       4       1       0       0 TrimSrf       4D   1118
     141    2807       0       0       1       0       0       000010000D   1119
     141       0      -1       2       0       0       0 TrimSrf       1D   1120
     143    2809       0       0       1       0       0       000000000D   1121
     143       0      -1       1       0       0       0 TrimSrf       0D   1122
     128    2810       0       0       1       0       0       000010000D   1123
     128       0      -1      13       0       0       0 TrimSrf       0D   1124
     126    2823       0       0       1       0       0       000010000D   1125
     126       0      -1      11       0       0       0 TrimSrf       1D   1126
     126    2834       0       0       1       0       0       000010500D   1127
     126       0      -1       4       1       0       0 TrimSrf       1D   1128
     126    2838       0       0       1       0       0       000010000D   1129
     126       0      -1       7       1       0       0 TrimSrf       2D   1130
     126    2845       0       0       1       0       0       000010500D   1131
     126       0      -1       5       1       0       0 TrimSrf       2D   1132
     126    2850       0       0       1       0       0       000010000D   1133
     126       0      -1       9       0       0       0 TrimSrf       3D   1134
     126    2859       0       0       1       0       0       000010500D   1135
     126       0      -1       4       1       0       0 TrimSrf       3D   1136
     126    2863       0       0       1       0       0       000010000D   1137
     126       0      -1       7       1       0       0 TrimSrf       4D   1138
     126    2870       0       0       1       0       0       000010500D   1139
     126       0      -1       4       1       0       0 TrimSrf       4D   1140
     141    2874       0       0       1       0       0       000010000D   1141
     141       0      -1       2       0       0       0 TrimSrf       1D   1142
     143    2876       0       0       1       0       0       000000000D   1143
     143       0      -1       1       0       0       0 TrimSrf       0D   1144
     128    2877       0       0       1       0       0       000010000D   1145
     128       0      -1      12       8       0       0 TrimSrf       0D   1146
     126    2889       0       0       1       0       0       000010000D   1147
     126       0      -1       6       1       0       0 TrimSrf       1D   1148
     126    2895       0       0       1       0       0       000010500D   1149
     126       0      -1       5       1       0       0 TrimSrf       1D   1150
     126    2900       0       0       1       0       0       000010000D   1151
     126       0      -1       8       2       0       0 TrimSrf       2D   1152
     126    2908       0       0       1       0       0       000010500D   1153
     126       0      -1       4       1       0       0 TrimSrf       2D   1154
     126    2912       0       0       1       0       0       000010000D   1155
     126       0      -1       5       1       0       0 TrimSrf       3D   1156
     126    2917       0       0       1       0       0       000010500D   1157
     126       0      -1       5       1       0       0 TrimSrf       3D   1158
     126    2922       0       0       1       0       0       000010000D   1159
     126       0      -1      10       0       0       0 TrimSrf       4D   1160
     126    2932       0       0       1       0       0       000010500D   1161
     126       0      -1       4       1       0       0 TrimSrf       4D   1162
     141    2936       0       0       1       0       0       000010000D   1163
     141       0      -1       2       0       0       0 TrimSrf       1D   1164
     143    2938       0       0       1       0       0       000000000D   1165
     143       0      -1       1       0       0       0 TrimSrf       0D   1166
     128    2939       0       0       1       0       0       000010000D   1167
     128       0      -1      12       8       0       0 TrimSrf       0D   1168
     126    2951       0       0       1       0       0       000010000D   1169
     126       0      -1       4       1       0       0 TrimSrf       1D   1170
     126    2955       0       0       1       0       0       000010500D   1171
     126       0      -1       5       1       0       0 TrimSrf       1D   1172
     126    2960       0       0       1       0       0       000010000D   1173
     126       0      -1       6       2       0       0 TrimSrf       2D   1174
     126    2966       0       0       1       0       0       000010500D   1175
     126       0      -1       4       1       0       0 TrimSrf       2D   1176
     126    2970       0       0       1       0       0       000010000D   1177
     126       0      -1       5       1       0       0 TrimSrf       3D   1178
     126    2975       0       0       1       0       0       000010500D   1179
     126       0      -1       5       1       0       0 TrimSrf       3D   1180
     126    2980       0       0       1       0       0       000010000D   1181
     126       0      -1       8       2       0       0 TrimSrf       4D   1182
     126    2988       0       0       1       0       0       000010500D   1183
     126       0      -1       4       1       0       0 TrimSrf       4D   1184
     141    2992       0       0       1       0       0       000010000D   1185
     141       0      -1       2       0       0       0 TrimSrf       1D   1186
     143    2994       0       0       1       0       0       000000000D   1187
     143       0      -1       1       0       0       0 TrimSrf       0D   1188
     128    2995       0       0       1       0       0       000010000D   1189
     128       0      -1      12       8       0       0 TrimSrf       0D   1190
     126    3007       0       0       1       0       0       000010000D   1191
     126       0      -1       5       1       0       0 TrimSrf       1D   1192
     126    3012       0       0       1       0       0       000010500D   1193
     126       0      -1       5       1       0       0 TrimSrf       1D   1194
     126    3017       0       0       1       0       0       000010000D   1195
     126       0      -1       6       2       0       0 TrimSrf       2D   1196
     126    3023       0       0       1       0       0       000010500D   1197
     126       0      -1       4       1       0       0 TrimSrf       2D   1198
     126    3027       0       0       1       0       0       000010000D   1199
     126       0      -1       4       1       0       0 TrimSrf       3D   1200
     126    3031       0       0       1       0       0       000010500D   1201
     126       0      -1       5       1       0       0 TrimSrf       3D   1202
     126    3036       0       0       1       0       0       000010000D   1203
     126       0      -1       6       2       0       0 TrimSrf       4D   1204
     126    3042       0       0       1       0       0       000010500D   1205
     126       0      -1       4       1       0       0 TrimSrf       4D   1206
     141    3046       0       0       1       0       0       000010000D   1207
     141       0      -1       2       0       0       0 TrimSrf       1D   1208
     143    3048       0       0       1       0       0       000000000D   1209
     143       0      -1       1       0       0       0 TrimSrf       0D   1210
     128    3049       0       0       1       0       0       000010000D   1211
     128       0      -1      13       8       0       0 TrimSrf       0D   1212
     126    3062       0       0       1       0       0       000010000D   1213
     126       0      -1       5       1       0       0 TrimSrf       1D   1214
     126    3067       0       0       1       0       0       000010500D   1215
     126       0      -1       5       1       0       0 TrimSrf       1D   1216
     126    3072       0       0       1       0       0       000010000D   1217
     126       0      -1       8       0       0       0 TrimSrf       2D   1218
     126    3080       0       0       1       0       0       000010500D   1219
     126       0      -1       4       1       0       0 TrimSrf       2D   1220
     126    3084       0       0       1       0       0       000010000D   1221
     126       0      -1       5       1       0       0 TrimSrf       3D   1222
     126    3089       0       0       1       0       0       000010500D   1223
     126       0      -1       5       1       0       0 TrimSrf       3D   1224
     126    3094       0       0       1       0       0       000010000D   1225
     126       0      -1       8       2       0       0 TrimSrf       4D   1226
     126    3102       0       0       1       0       0       000010500D   1227
     126       0      -1       4       1       0       0 TrimSrf       4D   1228
     141    3106       0       0       1       0       0       000010000D   1229
     141       0      -1       2       0       0       0 TrimSrf       1D   1230
     143    3108       0       0       1       0       0       000000000D   1231
     143       0      -1       1       0       0       0 TrimSrf       0D   1232
     128    3109       0       0       1       0       0       000010000D   1233
     128       0      -1      13       8       0       0 TrimSrf       0D   1234
     126    3122       0       0       1       0       0       000010000D   1235
     126       0      -1       5       1       0       0 TrimSrf       1D   1236
     126    3127       0       0       1       0       0       000010500D   1237
     126       0      -1       5       1       0       0 TrimSrf       1D   1238
     126    3132       0       0       1       0       0       000010000D   1239
     126       0      -1       9       0       0       0 TrimSrf       2D   1240
     126    3141       0       0       1       0       0       000010500D   1241
     126       0      -1       4       1       0       0 TrimSrf       2D   1242
     126    3145       0       0       1       0       0       000010000D   1243
     126       0      -1       5       1       0       0 TrimSrf       3D   1244
     126    3150       0       0       1       0       0       000010500D   1245
     126       0      -1       5       1       0       0 TrimSrf       3D   1246
     126    3155       0       0       1       0       0       000010000D   1247
     126       0      -1       7       2       0       0 TrimSrf       4D   1248
     126    3162       0       0       1       0       0       000010500D   1249
     126       0      -1       4       1       0       0 TrimSrf       4D   1250
     141    3166       0       0       1       0       0       000010000D   1251
     141       0      -1       2       0       0       0 TrimSrf       1D   1252
     143    3168       0       0       1       0       0       000000000D   1253
     143       0      -1       1       0       0       0 TrimSrf       0D   1254
     128    3169       0       0       1       0       0       000010000D   1255
     128       0      -1      12       0       0       0 TrimSrf       0D   1256
     126    3181       0       0       1       0       0       000010000D   1257
     126       0      -1       9       0       0       0 TrimSrf       1D   1258
     126    3190       0       0       1       0       0       000010500D   1259
     126       0      -1       4       1       0       0 TrimSrf       1D   1260
     126    3194       0       0       1       0       0       000010000D   1261
     126       0      -1       7       1       0       0 TrimSrf       2D   1262
     126    3201       0       0       1       0       0       000010500D   1263
     126       0      -1       5       1       0       0 TrimSrf       2D   1264
     126    3206       0       0       1       0       0       000010000D   1265
     126       0      -1      10       0       0       0 TrimSrf       3D   1266
     126    3216       0       0       1       0       0       000010500D   1267
     126       0      -1       4       1       0       0 TrimSrf       3D   1268
     126    3220       0       0       1       0       0       000010000D   1269
     126       0      -1       6       1       0       0 TrimSrf       4D   1270
     126    3226       0       0       1       0       0       000010500D   1271
     126       0      -1       4       1       0       0 TrimSrf       4D   1272
     141    3230       0       0       1       0       0       000010000D   1273
     141       0      -1       2       0       0       0 TrimSrf       1D   1274
     143    3232       0       0       1       0       0       000000000D   1275
     143       0      -1       1       0       0       0 TrimSrf       0D   1276
     128    3233       0       0       1       0       0       000010000D   1277
     128       0      -1      33       0       0       0 TrimSrf       0D   1278
     126    3266       0       0       1       0       0       000010000D   1279
     126       0      -1       8       2       0       0 TrimSrf       1D   1280
     126    3274       0       0       1       0       0       000010500D   1281
     126       0      -1       8       0       0       0 TrimSrf       1D   1282
     126    3282       0       0       1       0       0       000010000D   1283
     126       0      -1       6       2       0       0 TrimSrf       2D   1284
     126    3288       0       0       1       0       0       000010500D   1285
     126       0      -1       8       0       0       0 TrimSrf       2D   1286
     126    3296       0       0       1       0       0       000010000D   1287
     126       0      -1       7       2       0       0 TrimSrf       3D   1288
     126    3303       0       0       1       0       0       000010500D   1289
     126       0      -1       5       1       0       0 TrimSrf       3D   1290
     141    3308       0       0       1       0       0       000010000D   1291
     141       0      -1       1       0       0       0 TrimSrf       1D   1292
     143    3309       0       0       1       0       0       000000000D   1293
     143       0      -1       1       0       0       0 TrimSrf       0D   1294
     128    3310       0       0       1       0       0       000010000D   1295
     128       0      -1      29       0       0       0 TrimSrf       0D   1296
     126    3339       0       0       1       0       0       000010000D   1297
     126       0      -1       6       2       0       0 TrimSrf       1D   1298
     126    3345       0       0       1       0       0       000010500D   1299
     126       0      -1       8       0       0       0 TrimSrf       1D   1300
     126    3353       0       0       1       0       0       000010000D   1301
     126       0      -1       6       2       0       0 TrimSrf       2D   1302
     126    3359       0       0       1       0       0       000010500D   1303
     126       0      -1       5       1       0       0 TrimSrf       2D   1304
     126    3364       0       0       1       0       0       000010000D   1305
     126       0      -1       6       2       0       0 TrimSrf       3D   1306
     126    3370       0       0       1       0       0       000010500D   1307
     126       0      -1       8       0       0       0 TrimSrf       3D   1308
     141    3378       0       0       1       0       0       000010000D   1309
     141       0      -1       1       0       0       0 TrimSrf       1D   1310
     143    3379       0       0       1       0       0       000000000D   1311
     143       0      -1       1       0       0       0 TrimSrf       0D   1312
     128    3380       0       0       1       0       0       000000000D   1313
     128       0      -1      24       0       0       0 TrimSrf       0D   1314
     128    3404       0       0       1       0       0       000000000D   1315
     128       0      -1      24       0       0       0 TrimSrf       0D   1316
     128    3428       0       0       1       0       0       000010000D   1317
     128       0      -1      20       0       0       0 TrimSrf       0D   1318
     126    3448       0       0       1       0       0       000010000D   1319
     126       0      -1       7       2       0       0 TrimSrf       1D   1320
     126    3455       0       0       1       0       0       000010500D   1321
     126       0      -1       8       0       0       0 TrimSrf       1D   1322
     126    3463       0       0       1       0       0       000010000D   1323
     126       0      -1       6       2       0       0 TrimSrf       2D   1324
     126    3469       0       0       1       0       0       000010500D   1325
     126       0      -1       5       1       0       0 TrimSrf       2D   1326
     126    3474       0       0       1       0       0       000010000D   1327
     126       0      -1       8       2       0       0 TrimSrf       3D   1328
     126    3482       0       0       1       0       0       000010500D   1329
     126       0      -1       8       0       0       0 TrimSrf       3D   1330
     141    3490       0       0       1       0       0       000010000D   1331
     141       0      -1       1       0       0       0 TrimSrf       1D   1332
     143    3491       0       0       1       0       0       000000000D   1333
     143       0      -1       1       0       0       0 TrimSrf       0D   1334
     128    3492       0       0       1       0       0       000010000D   1335
     128       0      -1      11       8       0       0 TrimSrf       0D   1336
     126    3503       0       0       1       0       0       000010000D   1337
     126       0      -1       5       1       0       0 TrimSrf       1D   1338
     126    3508       0       0       1       0       0       000010500D   1339
     126       0      -1       4       1       0       0 TrimSrf       1D   1340
     126    3512       0       0       1       0       0       000010000D   1341
     126       0      -1       6       2       0       0 TrimSrf       2D   1342
     126    3518       0       0       1       0       0       000010500D   1343
     126       0      -1       4       1       0       0 TrimSrf       2D   1344
     126    3522       0       0       1       0       0       000010000D   1345
     126       0      -1       4       1       0       0 TrimSrf       3D   1346
     126    3526       0       0       1       0       0       000010500D   1347
     126       0      -1       5       1       0       0 TrimSrf       3D   1348
     126    3531       0       0       1       0       0       000010000D   1349
     126       0      -1       7       2       0       0 TrimSrf       4D   1350
     126    3538       0       0       1       0       0       000010500D   1351
     126       0      -1       3       1       0       0 TrimSrf       4D   1352
     141    3541       0       0       1       0       0       000010000D   1353
     141       0      -1       2       0       0       0 TrimSrf       1D   1354
     143    3543       0       0       1       0       0       000000000D   1355
     143       0      -1       1       0       0       0 TrimSrf       0D   1356
314,0.0,0.0,0.0,20HRGB(   0,   0,   0 );                         0000001P      1
406,2,1,7HDefault;                                               0000003P      2
128,2,2,2,2,0,0,0,0,0,0.03511411495162619D0,                     0000005P      3
0.03511411495162619D0,0.03511411495162619D0,                     0000005P      4
0.09794596802342229D0,0.09794596802342229D0,                     0000005P      5
0.09794596802342229D0,0.108763260575023D0,0.108763260575023D0,   0000005P      6
0.108763260575023D0,0.1531253511093906D0,0.1531253511093906D0,   0000005P      7
0.1531253511093906D0,1.0D0,0.707106781186545D0,1.0D0,            0000005P      8
0.8501500465740292D0,0.6011468629585531D0,0.8501500465740292D0,  0000005P      9
1.0D0,0.707106781186545D0,1.0D0,1.2225D0,                        0000005P     10
-0.002028404832994768D0,0.2599999999999991D0,1.2225D0,           0000005P     11
-0.002028404832994746D0,0.2999999999999996D0,1.1825D0,           0000005P     12
-0.002028404832994823D0,0.2999999999999996D0,1.2225D0,           0000005P     13
-0.02108875640210367D0,0.2599999999999991D0,1.2225D0,            0000005P     14
-0.03691450233995083D0,0.2999999999999996D0,1.1825D0,            0000005P     15
-0.01785415077084152D0,0.2999999999999996D0,1.209371261921033D0, 0000005P     16
-0.02958033750614498D0,0.2490992528354508D0,1.198470514756485D0, 0000005P     17
-0.05245661473539707D0,0.280048399049604D0,1.171599252835452D0,  0000005P     18
-0.0249046820622462D0,0.2909491462141525D0,                      0000005P     19
0.03511411495162619D0,0.09794596802342229D0,0.108763260575023D0, 0000005P     20
0.1531253511093906D0;                                            0000005P     21
126,2,2,1,0,0,0,-0.06283185307179581D0,-0.06283185307179581D0,   0000007P     22
-0.06283185307179581D0,-0.0D0,-0.0D0,-0.0D0,1.0D0,               0000007P     23
0.707106781186546D0,1.0D0,1.2225D0,-0.002028404832994721D0,      0000007P     24
0.2599999999999998D0,1.2225D0,-0.002028404832994782D0,0.3D0,     0000007P     25
1.1825D0,-0.00202840483299483D0,0.2999999999999999D0,            0000007P     26
-0.06283185307179581D0,-0.0D0,0.0D0,1.0D0,0.0D0;                 0000007P     27
126,1,1,1,0,1,0,-0.06283185307179581D0,-0.06283185307179581D0,   0000009P     28
0.0D0,0.0D0,1.0D0,1.0D0,0.03511411495162619D0,                   0000009P     29
0.108763260575023D0,0.0D0,0.09794596802342229D0,                 0000009P     30
0.108763260575023D0,0.0D0,-0.06283185307179581D0,0.0D0,0.0D0,    0000009P     31
0.0D0,1.0D0;                                                     0000009P     32
126,2,2,1,0,0,0,-0.05697462394084804D0,-0.05697462394084804D0,   0000011P     33
-0.05697462394084804D0,-0.0D0,-0.0D0,-0.0D0,1.0D0,               0000011P     34
0.756937248197416D0,1.0D0,1.1825D0,-0.00202840483299483D0,       0000011P     35
0.2999999999999999D0,1.198583737704423D0,-0.03258750647135689D0, 0000011P     36
0.300000000000001D0,1.200930483631675D0,-0.03704632373317777D0,  0000011P     37
0.2658363198166975D0,-0.05697462394084804D0,-0.0D0,              0000011P     38
-0.8849182223817254D0,-0.4657464328331107D0,-0.0D0;              0000011P     39
126,3,3,1,0,1,0,-0.05697462394084184D0,-0.05697462394084184D0,   0000013P     40
-0.05697462394084184D0,-0.05697462394084184D0,0.0D0,0.0D0,0.0D0, 0000013P     41
0.0D0,1.0D0,1.0D0,1.0D0,1.0D0,0.09794596802342229D0,             0000013P     42
0.108763260575023D0,0.0D0,0.09004982359746901D0,                 0000013P     43
0.1310315081366698D0,0.0D0,0.07234612985772357D0,                0000013P     44
0.1399830630887289D0,0.0D0,0.05601367780965201D0,                0000013P     45
0.1526634945050959D0,0.0D0,-0.05697462394084184D0,0.0D0,0.0D0,   0000013P     46
0.0D0,1.0D0;                                                     0000013P     47
126,2,2,1,0,0,0,-0.04367770594175266D0,-0.04367770594175266D0,   0000015P     48
-0.04367770594175266D0,-0.0D0,-0.0D0,-0.0D0,1.0D0,               0000015P     49
0.8546233353916527D0,1.0D0,1.200930483631675D0,                  0000015P     50
-0.03704632373317777D0,0.2658363198166975D0,1.2225D0,            0000015P     51
-0.02600076769818772D0,0.2639953938108726D0,1.2225D0,            0000015P     52
-0.002028404832994721D0,0.2599999999999998D0,                    0000015P     53
-0.04367770594175266D0,-0.0D0,-0.0D0,-0.1643989873056473D0,      0000015P     54
-0.9863939238320956D0;                                           0000015P     55
126,3,3,1,0,1,0,-0.04367770594174737D0,-0.04367770594174737D0,   0000017P     56
-0.04367770594174737D0,-0.04367770594174737D0,0.0D0,0.0D0,0.0D0, 0000017P     57
0.0D0,1.0D0,1.0D0,1.0D0,1.0D0,0.05601367780965201D0,             0000017P     58
0.1526634945050959D0,0.0D0,0.04595753551067671D0,                0000017P     59
0.1391758202002957D0,0.0D0,0.0374881542018673D0,                 0000017P     60
0.1263178139402882D0,0.0D0,0.03511411495162619D0,                0000017P     61
0.108763260575023D0,0.0D0,-0.04367770594174737D0,0.0D0,0.0D0,    0000017P     62
0.0D0,1.0D0;                                                     0000017P     63
141,1,3,5,3,7,1,1,9,11,1,1,13,15,1,1,17;                         0000019P     64
143,1,5,1,19;                                                    0000021P     65
128,1,2,1,2,0,0,0,0,0,-0.8000000000000009D0,                     0000023P     66
-0.8000000000000009D0,0.8200000000000008D0,0.8200000000000008D0, 0000023P     67
0.0D0,0.0D0,0.0D0,0.06283185307180091D0,0.06283185307180091D0,   0000023P     68
0.06283185307180091D0,1.0D0,1.0D0,0.7071067811865437D0,          0000023P     69
0.7071067811865659D0,1.0D0,1.0D0,1.2225D0,-0.8200000000000008D0, 0000023P     70
0.26D0,1.222499999999999D0,0.8000000000000007D0,                 0000023P     71
0.2600000000000007D0,1.2225D0,-0.8200000000000007D0,             0000023P     72
0.3000000000000004D0,1.222499999999998D0,0.8000000000000007D0,   0000023P     73
0.3D0,1.1825D0,-0.8200000000000011D0,0.3000000000000002D0,       0000023P     74
1.182499999999999D0,0.8000000000000007D0,0.2999999999999999D0,   0000023P     75
-0.8000000000000009D0,0.8200000000000008D0,0.0D0,                0000023P     76
0.06283185307180091D0;                                           0000023P     77
126,1,1,1,0,1,0,0.01797159516700535D0,0.01797159516700535D0,     0000025P     78
0.02000000000000009D0,0.02000000000000009D0,1.0D0,1.0D0,         0000025P     79
1.2225D0,-0.002028404832994721D0,0.2599999999999998D0,1.2225D0,  0000025P     80
0.0D0,0.2599999999999996D0,0.01797159516700535D0,                0000025P     81
0.02000000000000009D0,0.0D0,0.0D0,1.0D0;                         0000025P     82
126,1,1,1,0,1,0,0.01797159516700521D0,0.01797159516700521D0,     0000027P     83
0.02000000000000002D0,0.02000000000000002D0,1.0D0,1.0D0,         0000027P     84
0.01797159516700519D0,0.0D0,0.0D0,0.02000000000000002D0,0.0D0,   0000027P     85
0.0D0,0.01797159516700521D0,0.02000000000000002D0,0.0D0,0.0D0,   0000027P     86
1.0D0;                                                           0000027P     87
126,2,2,1,0,0,0,0.0D0,0.0D0,0.0D0,0.06283185307180091D0,         0000029P     88
0.06283185307180091D0,0.06283185307180091D0,1.0D0,               0000029P     89
0.707106781186555D0,1.0D0,1.2225D0,0.0D0,0.2599999999999996D0,   0000029P     90
1.222499999999999D0,1.27732600665697D-14,0.2999999999999999D0,   0000029P     91
1.1825D0,0.0D0,0.3D0,0.0D0,0.06283185307180091D0,-0.0D0,-1.0D0,  0000029P     92
-0.0D0;                                                          0000029P     93
126,1,1,1,0,1,0,0.0D0,0.0D0,0.06283185307180091D0,               0000031P     94
0.06283185307180091D0,1.0D0,1.0D0,0.02000000000000002D0,0.0D0,   0000031P     95
0.0D0,0.02000000000000002D0,0.06283185307180091D0,0.0D0,0.0D0,   0000031P     96
0.06283185307180091D0,0.0D0,0.0D0,1.0D0;                         0000031P     97
126,1,1,1,0,1,0,-0.02000000000000009D0,-0.02000000000000009D0,   0000033P     98
-0.01797159516700536D0,-0.01797159516700536D0,1.0D0,1.0D0,       0000033P     99
1.1825D0,0.0D0,0.3D0,1.1825D0,-0.00202840483299483D0,            0000033P    100
0.2999999999999999D0,-0.02000000000000009D0,                     0000033P    101
-0.01797159516700536D0,0.0D0,0.0D0,1.0D0;                        0000033P    102
126,1,1,1,0,1,0,-2.775557561562891D-16,-2.775557561562891D-16,   0000035P    103
0.002028404832994324D0,0.002028404832994324D0,1.0D0,1.0D0,       0000035P    104
0.02000000000000002D0,0.06283185307180091D0,0.0D0,               0000035P    105
0.01797159516700542D0,0.06283185307180091D0,0.0D0,               0000035P    106
-2.775557561562891D-16,0.002028404832994324D0,0.0D0,0.0D0,1.0D0; 0000035P    107
126,2,2,1,0,0,0,0.0D0,0.0D0,0.0D0,0.06283185307179581D0,         0000037P    108
0.06283185307179581D0,0.06283185307179581D0,1.0D0,               0000037P    109
0.707106781186546D0,1.0D0,1.1825D0,-0.00202840483299483D0,       0000037P    110
0.2999999999999999D0,1.2225D0,-0.002028404832994782D0,0.3D0,     0000037P    111
1.2225D0,-0.002028404832994721D0,0.2599999999999998D0,0.0D0,     0000037P    112
0.06283185307179581D0,0.0D0,1.0D0,0.0D0;                         0000037P    113
126,1,1,1,0,1,0,0.0D0,0.0D0,0.06283185307180091D0,               0000039P    114
0.06283185307180091D0,1.0D0,1.0D0,0.01797159516700542D0,         0000039P    115
0.06283185307180091D0,0.0D0,0.01797159516700519D0,0.0D0,0.0D0,   0000039P    116
0.0D0,0.06283185307180091D0,0.0D0,0.0D0,1.0D0;                   0000039P    117
141,1,3,23,4,25,1,1,27,29,1,1,31,33,1,1,35,37,1,1,39;            0000041P    118
143,1,23,1,41;                                                   0000043P    119
128,3,3,3,3,0,0,1,0,0,0.0D0,0.0D0,0.0D0,0.0D0,                   0000045P    120
0.07091652668422492D0,0.07091652668422492D0,                     0000045P    121
0.07091652668422492D0,0.07091652668422492D0,0.0D0,0.0D0,0.0D0,   0000045P    122
0.0D0,0.07091652668422779D0,0.07091652668422779D0,               0000045P    123
0.07091652668422779D0,0.07091652668422779D0,1.0D0,1.0D0,1.0D0,   0000045P    124
1.0D0,1.0D0,1.0D0,1.0D0,1.0D0,1.0D0,1.0D0,1.0D0,1.0D0,1.0D0,     0000045P    125
1.0D0,1.0D0,1.0D0,1.200930483631673D0,-0.0711947520579245D0,     0000045P    126
0.06094574986821919D0,1.202448185640166D0,                       0000045P    127
-0.07376161966790877D0,0.04079036747281132D0,                    0000045P    128
1.203217299221279D0,-0.07508021367970248D0,0.0203689246730651D0, 0000045P    129
1.203688195915019D0,-0.07495047475920576D0,                      0000045P    130
-2.220446049250313D-16,1.213575514194845D0,                      0000045P    131
-0.06829540644335845D0,0.04158244308147772D0,                    0000045P    132
1.213072652921493D0,-0.07214832242668272D0,                      0000045P    133
0.02091945327997111D0,1.208787328626403D0,                       0000045P    134
-0.07564359526463695D0,9.992007221626409D-16,                    0000045P    135
1.203217299221278D0,-0.07508021367970222D0,                      0000045P    136
-0.02036892467306661D0,1.222962863202647D0,                      0000045P    137
-0.05611676342470712D0,0.0206725867273846D0,1.221425926870115D0, 0000045P    138
-0.06386604927196965D0,2.921274333544943D-15,1.21307265292149D0, 0000045P    139
-0.07214832242668272D0,-0.02091945327996746D0,                   0000045P    140
1.202448185640164D0,-0.07376161966790834D0,                      0000045P    141
-0.04079036747281366D0,1.2225D0,-0.04536173816632784D0,          0000045P    142
-7.956598343146955D-16,1.222962863202646D0,                      0000045P    143
-0.0561167634247078D0,-0.02067258672737965D0,                    0000045P    144
1.213575514194847D0,-0.0682954064433587D0,                       0000045P    145
-0.04158244308147231D0,1.200930483631675D0,                      0000045P    146
-0.07119475205792379D0,-0.06094574986821924D0,0.0D0,             0000045P    147
0.07091652668422492D0,0.0D0,0.07091652668422779D0;               0000045P    148
126,3,3,0,0,1,0,-0.07091652668422779D0,-0.07091652668422779D0,   0000047P    149
-0.07091652668422779D0,-0.07091652668422779D0,-0.0D0,-0.0D0,     0000047P    150
-0.0D0,-0.0D0,1.0D0,1.0D0,1.0D0,1.0D0,1.2225D0,                  0000047P    151
-0.04536173816632784D0,-7.956598343146955D-16,                   0000047P    152
1.222962863202647D0,-0.05611676342470712D0,0.0206725867273846D0, 0000047P    153
1.213575514194845D0,-0.06829540644335845D0,                      0000047P    154
0.04158244308147772D0,1.200930483631673D0,-0.0711947520579245D0, 0000047P    155
0.06094574986821919D0,-0.07091652668422779D0,-0.0D0,0.0D0,0.0D0, 0000047P    156
0.0D0;                                                           0000047P    157
126,1,1,1,0,1,0,0.0D0,0.0D0,0.07091652668422779D0,               0000049P    158
0.07091652668422779D0,1.0D0,1.0D0,0.0D0,0.07091652668422779D0,   0000049P    159
0.0D0,0.0D0,0.0D0,0.0D0,0.0D0,0.07091652668422779D0,0.0D0,0.0D0, 0000049P    160
1.0D0;                                                           0000049P    161
126,3,3,1,0,1,0,0.0D0,0.0D0,0.0D0,0.0D0,0.07091652668422492D0,   0000051P    162
0.07091652668422492D0,0.07091652668422492D0,                     0000051P    163
0.07091652668422492D0,1.0D0,1.0D0,1.0D0,1.0D0,                   0000051P    164
1.200930483631673D0,-0.0711947520579245D0,0.06094574986821919D0, 0000051P    165
1.202448185640166D0,-0.07376161966790877D0,                      0000051P    166
0.04079036747281132D0,1.203217299221279D0,                       0000051P    167
-0.07508021367970248D0,0.0203689246730651D0,1.203688195915019D0, 0000051P    168
-0.07495047475920576D0,-2.220446049250313D-16,0.0D0,             0000051P    169
0.07091652668422492D0,-0.9315487687792374D0,                     0000051P    170
-0.3631221192906545D0,-0.01895304375953028D0;                    0000051P    171
126,1,1,1,0,1,0,0.0D0,0.0D0,0.07091652668422492D0,               0000053P    172
0.07091652668422492D0,1.0D0,1.0D0,0.0D0,0.0D0,0.0D0,             0000053P    173
0.07091652668422492D0,0.0D0,0.0D0,0.0D0,0.07091652668422492D0,   0000053P    174
0.0D0,0.0D0,1.0D0;                                               0000053P    175
126,15,3,1,0,1,0,-0.03810781689475051D0,-0.03810781689475051D0,  0000055P    176
-0.03810781689475051D0,-0.03810781689475051D0,                   0000055P    177
-0.03803728095678036D0,-0.03803728095678036D0,                   0000055P    178
-0.03802902187483651D0,-0.03802902187483651D0,                   0000055P    179
-0.03756690957320047D0,-0.03756690957320047D0,                   0000055P    180
-0.03562398056710076D0,-0.03562398056710076D0,                   0000055P    181
-0.03562398056710076D0,-0.02769845161683016D0,                   0000055P    182
-0.02769845161683016D0,-0.02769845161683016D0,                   0000055P    183
-0.002374997780079283D0,-0.002374997780079283D0,                 0000055P    184
-0.002374997780079283D0,-0.002374997780079283D0,1.0D0,1.0D0,     0000055P    185
1.0D0,1.0D0,1.0D0,1.0D0,1.0D0,1.0D0,1.0D0,1.0D0,1.0D0,1.0D0,     0000055P    186
1.0D0,1.0D0,1.0D0,1.0D0,1.203688195915019D0,                     0000055P    187
-0.07495047475920576D0,-2.220446049250313D-16,                   0000055P    188
1.203640299035547D0,-0.07496367104943351D0,                      0000055P    189
-2.221724332208215D-16,1.203632791495048D0,                      0000055P    190
-0.07497477284656746D0,-1.111660931240093D-16,                   0000055P    191
1.203698331212162D0,-0.07497064754996106D0,                      0000055P    192
-1.110296386474587D-16,1.203705404029082D0,                      0000055P    193
-0.0749700466801838D0,-2.822390171048943D-16,                    0000055P    194
1.203829054915723D0,-0.0749579015586235D0,                       0000055P    195
-2.819695327087183D-16,1.204003993536235D0,                      0000055P    196
-0.07491662321002487D0,-2.701376320505305D-16,                   0000055P    197
1.204709721280931D0,-0.07473258528735473D0,                      0000055P    198
-2.68282880251756D-16,1.205375983599266D0,                       0000055P    199
-0.07446013588140416D0,-8.042712275885779D-17,                   0000055P    200
1.205928530930919D0,-0.07420003478522182D0,                      0000055P    201
-7.865470271361869D-17,1.208238782722769D0,                      0000055P    202
-0.07311252790735998D0,-7.124404963314767D-17,                   0000055P    203
1.210489430683779D0,-0.0713908887388952D0,5.891920766527041D-16, 0000055P    204
1.212320302949804D0,-0.0696325365757061D0,5.975398466997173D-16, 0000055P    205
1.218180926553524D0,-0.06400404987979504D0,                      0000055P    206
6.242610653689768D-16,1.222150982367096D0,                       0000055P    207
-0.05592765367613707D0,-2.138445928364337D-17,1.2225D0,          0000055P    208
-0.04773673594640197D0,0.0D0,-0.03810781689475051D0,             0000055P    209
-0.002374997780079283D0,0.0D0,0.0D0,1.0D0;                       0000055P    210
126,18,3,1,0,1,0,-0.03810781689475051D0,-0.03810781689475051D0,  0000057P    211
-0.03810781689475051D0,-0.03810781689475051D0,                   0000057P    212
-0.03803717401888892D0,-0.03803717401888892D0,                   0000057P    213
-0.03803717401888892D0,-0.03802902187483651D0,                   0000057P    214
-0.03802902187483651D0,-0.03802902187483651D0,                   0000057P    215
-0.03756690957320047D0,-0.03756690957320047D0,                   0000057P    216
-0.03756690957320047D0,-0.03562398056710076D0,                   0000057P    217
-0.03562398056710076D0,-0.03562398056710076D0,                   0000057P    218
-0.02769845161683016D0,-0.02769845161683016D0,                   0000057P    219
-0.02769845161683016D0,-0.002374997780079283D0,                  0000057P    220
-0.002374997780079283D0,-0.002374997780079283D0,                 0000057P    221
-0.002374997780079283D0,1.0D0,1.0D0,1.0D0,1.0D0,1.0D0,1.0D0,     0000057P    222
1.0D0,1.0D0,1.0D0,1.0D0,1.0D0,1.0D0,1.0D0,1.0D0,1.0D0,1.0D0,     0000057P    223
1.0D0,1.0D0,1.0D0,0.07091652668422492D0,0.0D0,0.0D0,             0000057P    224
0.06957567494484082D0,0.001340851739384077D0,0.0D0,              0000057P    225
0.06825192924115237D0,0.002664597443072294D0,0.0D0,              0000057P    226
0.0669452895731598D0,0.003971237111064885D0,0.0D0,               0000057P    227
0.06679450416602357D0,0.00412202251820112D0,0.0D0,               0000057P    228
0.06664082223045739D0,0.004275704453767697D0,0.0D0,              0000057P    229
0.06648424376646087D0,0.004432282917764237D0,0.0D0,              0000057P    230
0.06512293189576128D0,0.005793594788463858D0,0.0D0,              0000057P    231
0.06364550425650659D0,0.007271022427718587D0,0.0D0,              0000057P    232
0.0620519608486968D0,0.008864565835528474D0,0.0D0,               0000057P    233
0.05928998093391333D0,0.01162654575031212D0,0.0D0,               0000057P    234
0.05633512565540391D0,0.01458140102882139D0,0.0D0,               0000057P    235
0.05318739501316869D0,0.01772913167105695D0,0.0D0,               0000057P    236
0.04760933442249654D0,0.02330719226172972D0,0.0D0,               0000057P    237
0.04169962386547763D0,0.02921690281874799D0,0.0D0,               0000057P    238
0.03545826334211246D0,0.0354582633421139D0,0.0D0,                0000057P    239
0.02491264268422168D0,0.04600388400000594D0,0.0D0,               0000057P    240
0.01397332865103677D0,0.05694319803319332D0,0.0D0,               0000057P    241
0.002640321242552723D0,0.06827620544167481D0,0.0D0,              0000057P    242
-0.03810781689475051D0,-0.002374997780079283D0,0.0D0,0.0D0,      0000057P    243
1.0D0;                                                           0000057P    244
126,3,3,1,0,1,0,-0.002374997780079283D0,-0.002374997780079283D0, 0000059P    245
-0.002374997780079283D0,-0.002374997780079283D0,-0.0D0,-0.0D0,   0000059P    246
-0.0D0,-0.0D0,1.0D0,1.0D0,1.0D0,1.0D0,1.2225D0,                  0000059P    247
-0.04773673594640197D0,0.0D0,1.2225D0,-0.0469450702084568D0,     0000059P    248
-1.326099407693801D-16,1.2225D0,-0.04615340447051163D0,          0000059P    249
-2.65219881538759D-16,1.2225D0,-0.04536173816632784D0,           0000059P    250
-7.956598343146955D-16,-0.002374997780079283D0,-0.0D0,0.0D0,     0000059P    251
0.0D0,1.0D0;                                                     0000059P    252
126,3,3,1,0,1,0,-0.002374997780079283D0,-0.002374997780079283D0, 0000061P    253
-0.002374997780079283D0,-0.002374997780079283D0,-0.0D0,-0.0D0,   0000061P    254
-0.0D0,-0.0D0,1.0D0,1.0D0,1.0D0,1.0D0,0.002640321242552723D0,    0000061P    255
0.06827620544167481D0,0.0D0,0.001760214161701589D0,              0000061P    256
0.06915631252252574D0,0.0D0,0.0008801070808511708D0,             0000061P    257
0.07003641960337687D0,0.0D0,0.0D0,0.07091652668422779D0,0.0D0,   0000061P    258
-0.002374997780079283D0,-0.0D0,0.0D0,0.0D0,1.0D0;                0000061P    259
141,1,3,45,4,47,1,1,49,51,1,1,53,55,1,1,57,59,1,1,61;            0000063P    260
143,1,45,1,63;                                                   0000065P    261
128,3,3,3,3,0,0,1,0,0,0.0D0,0.0D0,0.0D0,0.0D0,                   0000067P    262
0.07091652668422492D0,0.07091652668422492D0,                     0000067P    263
0.07091652668422492D0,0.07091652668422492D0,0.0D0,0.0D0,0.0D0,   0000067P    264
0.0D0,0.07091652668422779D0,0.07091652668422779D0,               0000067P    265
0.07091652668422779D0,0.07091652668422779D0,1.0D0,1.0D0,1.0D0,   0000067P    266
1.0D0,1.0D0,1.0D0,1.0D0,1.0D0,1.0D0,1.0D0,1.0D0,1.0D0,1.0D0,     0000067P    267
1.0D0,1.0D0,1.0D0,1.200930483631673D0,-0.0711947520579245D0,     0000067P    268
0.06094574986821919D0,1.202448185640166D0,                       0000067P    269
-0.07376161966790877D0,0.04079036747281132D0,                    0000067P    270
1.203217299221279D0,-0.07508021367970248D0,0.0203689246730651D0, 0000067P    271
1.203688195915019D0,-0.07495047475920576D0,                      0000067P    272
-2.220446049250313D-16,1.213575514194845D0,                      0000067P    273
-0.06829540644335845D0,0.04158244308147772D0,                    0000067P    274
1.213072652921493D0,-0.07214832242668272D0,                      0000067P    275
0.02091945327997111D0,1.208787328626403D0,                       0000067P    276
-0.07564359526463695D0,9.992007221626409D-16,                    0000067P    277
1.203217299221278D0,-0.07508021367970222D0,                      0000067P    278
-0.02036892467306661D0,1.222962863202647D0,                      0000067P    279
-0.05611676342470712D0,0.0206725867273846D0,1.221425926870115D0, 0000067P    280
-0.06386604927196965D0,2.921274333544943D-15,1.21307265292149D0, 0000067P    281
-0.07214832242668272D0,-0.02091945327996746D0,                   0000067P    282
1.202448185640164D0,-0.07376161966790834D0,                      0000067P    283
-0.04079036747281366D0,1.2225D0,-0.04536173816632784D0,          0000067P    284
-7.956598343146955D-16,1.222962863202646D0,                      0000067P    285
-0.0561167634247078D0,-0.02067258672737965D0,                    0000067P    286
1.213575514194847D0,-0.0682954064433587D0,                       0000067P    287
-0.04158244308147231D0,1.200930483631675D0,                      0000067P    288
-0.07119475205792379D0,-0.06094574986821924D0,0.0D0,             0000067P    289
0.07091652668422492D0,0.0D0,0.07091652668422779D0;               0000067P    290
126,3,3,1,0,1,0,0.0D0,0.0D0,0.0D0,0.0D0,0.002374997780079283D0,  0000069P    291
0.002374997780079283D0,0.002374997780079283D0,                   0000069P    292
0.002374997780079283D0,1.0D0,1.0D0,1.0D0,1.0D0,1.2225D0,         0000069P    293
-0.04536173816632784D0,-7.956598343146955D-16,1.2225D0,          0000069P    294
-0.04615340447051163D0,-2.65219881538759D-16,1.2225D0,           0000069P    295
-0.0469450702084568D0,-1.326099407693801D-16,1.2225D0,           0000069P    296
-0.04773673594640197D0,0.0D0,0.0D0,0.002374997780079283D0,0.0D0, 0000069P    297
0.0D0,1.0D0;                                                     0000069P    298
126,3,3,1,0,1,0,0.0D0,0.0D0,0.0D0,0.0D0,0.002374997780079283D0,  0000071P    299
0.002374997780079283D0,0.002374997780079283D0,                   0000071P    300
0.002374997780079283D0,1.0D0,1.0D0,1.0D0,1.0D0,0.0D0,            0000071P    301
0.07091652668422779D0,0.0D0,0.0008801070808511708D0,             0000071P    302
0.07003641960337687D0,0.0D0,0.001760214161701589D0,              0000071P    303
0.06915631252252574D0,0.0D0,0.002640321242552723D0,              0000071P    304
0.06827620544167481D0,0.0D0,0.0D0,0.002374997780079283D0,0.0D0,  0000071P    305
0.0D0,1.0D0;                                                     0000071P    306
126,15,3,1,0,1,0,0.002374997780079283D0,0.002374997780079283D0,  0000073P    307
0.002374997780079283D0,0.002374997780079283D0,                   0000073P    308
0.02769845161683016D0,0.02769845161683016D0,                     0000073P    309
0.02769845161683016D0,0.03562398056710076D0,                     0000073P    310
0.03562398056710076D0,0.03562398056710076D0,                     0000073P    311
0.03756690957320047D0,0.03756690957320047D0,                     0000073P    312
0.03802902187483651D0,0.03802902187483651D0,                     0000073P    313
0.03803728095678036D0,0.03803728095678036D0,                     0000073P    314
0.03810781689475051D0,0.03810781689475051D0,                     0000073P    315
0.03810781689475051D0,0.03810781689475051D0,1.0D0,1.0D0,1.0D0,   0000073P    316
1.0D0,1.0D0,1.0D0,1.0D0,1.0D0,1.0D0,1.0D0,1.0D0,1.0D0,1.0D0,     0000073P    317
1.0D0,1.0D0,1.0D0,1.2225D0,-0.04773673594640197D0,0.0D0,         0000073P    318
1.222150982367096D0,-0.05592765367613707D0,                      0000073P    319
-2.138445928364337D-17,1.218180926553524D0,                      0000073P    320
-0.06400404987979504D0,6.242610653689768D-16,                    0000073P    321
1.212320302949804D0,-0.0696325365757061D0,5.975398466997173D-16, 0000073P    322
1.210489430683779D0,-0.0713908887388952D0,5.891920766527041D-16, 0000073P    323
1.208238782722769D0,-0.07311252790735998D0,                      0000073P    324
-7.124404963314767D-17,1.205928530930919D0,                      0000073P    325
-0.07420003478522182D0,-7.865470271361869D-17,                   0000073P    326
1.205375983599266D0,-0.07446013588140416D0,                      0000073P    327
-8.042712275885779D-17,1.204709721280931D0,                      0000073P    328
-0.07473258528735473D0,-2.68282880251756D-16,                    0000073P    329
1.204003993536235D0,-0.07491662321002487D0,                      0000073P    330
-2.701376320505305D-16,1.203829054915723D0,                      0000073P    331
-0.0749579015586235D0,-2.819695327087183D-16,                    0000073P    332
1.203705404029082D0,-0.0749700466801838D0,                       0000073P    333
-2.822390171048943D-16,1.203698331212162D0,                      0000073P    334
-0.07497064754996106D0,-1.110296386474587D-16,                   0000073P    335
1.203632791495048D0,-0.07497477284656746D0,                      0000073P    336
-1.111660931240093D-16,1.203640299035547D0,                      0000073P    337
-0.07496367104943351D0,-2.221724332208215D-16,                   0000073P    338
1.203688195915019D0,-0.07495047475920576D0,                      0000073P    339
-2.220446049250313D-16,0.002374997780079283D0,                   0000073P    340
0.03810781689475051D0,0.0D0,0.0D0,1.0D0;                         0000073P    341
126,18,3,1,0,1,0,0.002374997780079283D0,0.002374997780079283D0,  0000075P    342
0.002374997780079283D0,0.002374997780079283D0,                   0000075P    343
0.02769845161683016D0,0.02769845161683016D0,                     0000075P    344
0.02769845161683016D0,0.03562398056710076D0,                     0000075P    345
0.03562398056710076D0,0.03562398056710076D0,                     0000075P    346
0.03756690957320047D0,0.03756690957320047D0,                     0000075P    347
0.03756690957320047D0,0.03802902187483651D0,                     0000075P    348
0.03802902187483651D0,0.03802902187483651D0,                     0000075P    349
0.03803717401888892D0,0.03803717401888892D0,                     0000075P    350
0.03803717401888892D0,0.03810781689475051D0,                     0000075P    351
0.03810781689475051D0,0.03810781689475051D0,                     0000075P    352
0.03810781689475051D0,1.0D0,1.0D0,1.0D0,1.0D0,1.0D0,1.0D0,1.0D0, 0000075P    353
1.0D0,1.0D0,1.0D0,1.0D0,1.0D0,1.0D0,1.0D0,1.0D0,1.0D0,1.0D0,     0000075P    354
1.0D0,1.0D0,0.002640321242552723D0,0.06827620544167481D0,0.0D0,  0000075P    355
0.01397332865103677D0,0.05694319803319332D0,0.0D0,               0000075P    356
0.02491264268422168D0,0.04600388400000594D0,0.0D0,               0000075P    357
0.03545826334211246D0,0.0354582633421139D0,0.0D0,                0000075P    358
0.04169962386547763D0,0.02921690281874799D0,0.0D0,               0000075P    359
0.04760933442249654D0,0.02330719226172972D0,0.0D0,               0000075P    360
0.05318739501316869D0,0.01772913167105695D0,0.0D0,               0000075P    361
0.05633512565540391D0,0.01458140102882139D0,0.0D0,               0000075P    362
0.05928998093391333D0,0.01162654575031212D0,0.0D0,               0000075P    363
0.0620519608486968D0,0.008864565835528474D0,0.0D0,               0000075P    364
0.06364550425650659D0,0.007271022427718587D0,0.0D0,              0000075P    365
0.06512293189576128D0,0.005793594788463858D0,0.0D0,              0000075P    366
0.06648424376646087D0,0.004432282917764237D0,0.0D0,              0000075P    367
0.06664082223045739D0,0.004275704453767697D0,0.0D0,              0000075P    368
0.06679450416602357D0,0.00412202251820112D0,0.0D0,               0000075P    369
0.0669452895731598D0,0.003971237111064885D0,0.0D0,               0000075P    370
0.06825192924115237D0,0.002664597443072294D0,0.0D0,              0000075P    371
0.06957567494484082D0,0.001340851739384077D0,0.0D0,              0000075P    372
0.07091652668422492D0,0.0D0,0.0D0,0.002374997780079283D0,        0000075P    373
0.03810781689475051D0,0.0D0,0.0D0,1.0D0;                         0000075P    374
126,3,3,1,0,1,0,0.0D0,0.0D0,0.0D0,0.0D0,0.07091652668422779D0,   0000077P    375
0.07091652668422779D0,0.07091652668422779D0,                     0000077P    376
0.07091652668422779D0,1.0D0,1.0D0,1.0D0,1.0D0,                   0000077P    377
1.203688195915019D0,-0.07495047475920576D0,                      0000077P    378
-2.220446049250313D-16,1.203217299221278D0,                      0000077P    379
-0.07508021367970222D0,-0.02036892467306661D0,                   0000077P    380
1.202448185640164D0,-0.07376161966790834D0,                      0000077P    381
-0.04079036747281366D0,1.200930483631675D0,                      0000077P    382
-0.07119475205792379D0,-0.06094574986821924D0,0.0D0,             0000077P    383
0.07091652668422779D0,0.9315487687798079D0,0.3631221192891864D0, 0000077P    384
-0.01895304375962412D0;                                          0000077P    385
126,1,1,1,0,1,0,0.0D0,0.0D0,0.07091652668422779D0,               0000079P    386
0.07091652668422779D0,1.0D0,1.0D0,0.07091652668422492D0,0.0D0,   0000079P    387
0.0D0,0.07091652668422492D0,0.07091652668422779D0,0.0D0,0.0D0,   0000079P    388
0.07091652668422779D0,0.0D0,0.0D0,1.0D0;                         0000079P    389
126,3,3,0,0,1,0,-0.07091652668422492D0,-0.07091652668422492D0,   0000081P    390
-0.07091652668422492D0,-0.07091652668422492D0,-0.0D0,-0.0D0,     0000081P    391
-0.0D0,-0.0D0,1.0D0,1.0D0,1.0D0,1.0D0,1.200930483631675D0,       0000081P    392
-0.07119475205792379D0,-0.06094574986821924D0,                   0000081P    393
1.213575514194847D0,-0.0682954064433587D0,                       0000081P    394
-0.04158244308147231D0,1.222962863202646D0,                      0000081P    395
-0.0561167634247078D0,-0.02067258672737965D0,1.2225D0,           0000081P    396
-0.04536173816632784D0,-7.956598343146955D-16,                   0000081P    397
-0.07091652668422492D0,-0.0D0,0.0D0,0.0D0,0.0D0;                 0000081P    398
126,1,1,1,0,1,0,0.0D0,0.0D0,0.07091652668422492D0,               0000083P    399
0.07091652668422492D0,1.0D0,1.0D0,0.07091652668422492D0,         0000083P    400
0.07091652668422779D0,0.0D0,0.0D0,0.07091652668422779D0,0.0D0,   0000083P    401
0.0D0,0.07091652668422492D0,0.0D0,0.0D0,1.0D0;                   0000083P    402
141,1,3,67,4,69,1,1,71,73,1,1,75,77,1,1,79,81,1,1,83;            0000085P    403
143,1,67,1,85;                                                   0000087P    404
128,1,2,1,2,0,0,0,0,0,-0.8000000000000007D0,                     0000089P    405
-0.8000000000000007D0,3.054999999999998D0,3.054999999999998D0,   0000089P    406
0.0D0,0.0D0,0.0D0,0.06283185307179617D0,0.06283185307179617D0,   0000089P    407
0.06283185307179617D0,1.0D0,1.0D0,0.707106781186545D0,           0000089P    408
0.7071067811865474D0,1.0D0,1.0D0,1.832500000000001D0,            0000089P    409
-0.07999999999999999D0,0.2999999999999999D0,-2.0225D0,           0000089P    410
-0.07999999999999999D0,0.3D0,1.832500000000001D0,-0.12D0,        0000089P    411
0.3000000000000001D0,-2.0225D0,-0.12D0,0.3000000000000001D0,     0000089P    412
1.832500000000001D0,-0.12D0,0.2600000000000001D0,-2.0225D0,      0000089P    413
-0.12D0,0.2600000000000001D0,-0.8000000000000007D0,              0000089P    414
3.054999999999998D0,0.0D0,0.06283185307179617D0;                 0000089P    415
126,1,1,1,0,1,0,-0.08250000000000031D0,-0.08250000000000031D0,   0000091P    416
-0.01552518490532348D0,-0.01552518490532348D0,1.0D0,1.0D0,       0000091P    417
0.9499999999999996D0,-0.12D0,0.2599999999999999D0,               0000091P    418
1.016974815094677D0,-0.12D0,0.2599999999999999D0,                0000091P    419
-0.08250000000000031D0,-0.01552518490532348D0,0.0D0,0.0D0,1.0D0; 0000091P    420
126,1,1,1,0,1,0,2.172499999999998D0,2.172499999999998D0,         0000093P    421
2.239474815094675D0,2.239474815094675D0,1.0D0,1.0D0,             0000093P    422
0.0824999999999998D0,0.06283185307179617D0,0.0D0,                0000093P    423
0.01552518490532218D0,0.06283185307179617D0,0.0D0,               0000093P    424
2.172499999999998D0,2.239474815094675D0,0.0D0,0.0D0,1.0D0;       0000093P    425
126,3,3,0,0,1,0,0.0D0,0.0D0,0.0D0,0.0D0,0.06519107881643568D0,   0000095P    426
0.06519107881643568D0,0.06519107881643568D0,                     0000095P    427
0.06519107881643568D0,1.0D0,1.0D0,1.0D0,1.0D0,                   0000095P    428
1.016974815094677D0,-0.12D0,0.2599999999999999D0,                0000095P    429
1.022767866457345D0,-0.1217886308173998D0,0.2797901703015805D0,  0000095P    430
1.028560917820018D0,-0.09979017030158084D0,0.3017886308173997D0, 0000095P    431
1.03435396918269D0,-0.08000000000000013D0,0.2999999999999999D0,  0000095P    432
0.0D0,0.06519107881643568D0,0.0D0,0.0D0,0.0D0;                   0000095P    433
126,1,1,1,0,1,0,0.0D0,0.0D0,0.06519107881643568D0,               0000097P    434
0.06519107881643568D0,1.0D0,1.0D0,0.01552518490532218D0,         0000097P    435
0.06283185307179617D0,0.0D0,-0.001853969182691873D0,0.0D0,0.0D0, 0000097P    436
0.0D0,0.06519107881643568D0,0.0D0,0.0D0,1.0D0;                   0000097P    437
126,1,1,1,0,1,0,-0.001853969182690457D0,-0.001853969182690457D0, 0000099P    438
0.08249999999999974D0,0.08249999999999974D0,1.0D0,1.0D0,         0000099P    439
1.03435396918269D0,-0.08000000000000013D0,0.2999999999999999D0,  0000099P    440
0.9500000000000002D0,-0.08000000000000013D0,                     0000099P    441
0.2999999999999999D0,-0.001853969182690457D0,                    0000099P    442
0.08249999999999974D0,0.0D0,0.0D0,1.0D0;                         0000099P    443
126,1,1,1,0,1,0,-0.001853969182691762D0,-0.001853969182691762D0, 0000101P    444
0.08249999999999932D0,0.08249999999999932D0,1.0D0,1.0D0,         0000101P    445
-0.001853969182691873D0,0.0D0,0.0D0,0.08249999999999945D0,0.0D0, 0000101P    446
0.0D0,-0.001853969182691762D0,0.08249999999999932D0,0.0D0,0.0D0, 0000101P    447
1.0D0;                                                           0000101P    448
126,2,2,1,0,0,0,-0.0D0,-0.0D0,-0.0D0,0.06283185307179617D0,      0000103P    449
0.06283185307179617D0,0.06283185307179617D0,1.0D0,               0000103P    450
0.7071069003958335D0,1.0D0,0.9500000000000002D0,                 0000103P    451
-0.08000000000000014D0,0.2999999999999999D0,                     0000103P    452
0.9499999999999979D0,-0.12D0,0.2999999865130099D0,               0000103P    453
0.9499999999999996D0,-0.12D0,0.2599999999999999D0,-0.0D0,        0000103P    454
0.06283185307179617D0,-1.0D0,-0.0D0,-0.0D0;                      0000103P    455
126,1,1,1,0,1,0,0.0D0,0.0D0,0.06283185307179617D0,               0000105P    456
0.06283185307179617D0,1.0D0,1.0D0,0.08249999999999945D0,0.0D0,   0000105P    457
0.0D0,0.0824999999999998D0,0.06283185307179617D0,0.0D0,0.0D0,    0000105P    458
0.06283185307179617D0,0.0D0,0.0D0,1.0D0;                         0000105P    459
141,1,3,89,4,91,1,1,93,95,1,1,97,99,1,1,101,103,1,1,105;         0000107P    460
143,1,89,1,107;                                                  0000109P    461
128,1,2,1,2,0,0,0,0,0,-0.8000000000000007D0,                     0000111P    462
-0.8000000000000007D0,3.054999999999998D0,3.054999999999998D0,   0000111P    463
0.0D0,0.0D0,0.0D0,0.06283185307179617D0,0.06283185307179617D0,   0000111P    464
0.06283185307179617D0,1.0D0,1.0D0,0.707106781186545D0,           0000111P    465
0.7071067811865474D0,1.0D0,1.0D0,1.832500000000001D0,            0000111P    466
-0.07999999999999999D0,0.2999999999999999D0,-2.0225D0,           0000111P    467
-0.07999999999999999D0,0.3D0,1.832500000000001D0,-0.12D0,        0000111P    468
0.3000000000000001D0,-2.0225D0,-0.12D0,0.3000000000000001D0,     0000111P    469
1.832500000000001D0,-0.12D0,0.2600000000000001D0,-2.0225D0,      0000111P    470
-0.12D0,0.2600000000000001D0,-0.8000000000000007D0,              0000111P    471
3.054999999999998D0,0.0D0,0.06283185307179617D0;                 0000111P    472
126,1,1,1,0,1,0,-2.0325D0,-2.0325D0,-1.9325D0,-1.9325D0,1.0D0,   0000113P    473
1.0D0,-1.0D0,-0.12D0,0.26D0,-0.8999999999999998D0,-0.12D0,       0000113P    474
0.26D0,-2.0325D0,-1.9325D0,0.0D0,0.0D0,1.0D0;                    0000113P    475
126,1,1,1,0,1,0,0.2224999999999991D0,0.2224999999999991D0,       0000115P    476
0.3224999999999993D0,0.3224999999999993D0,1.0D0,1.0D0,           0000115P    477
2.032499999999998D0,0.06283185307179617D0,0.0D0,                 0000115P    478
1.932499999999998D0,0.06283185307179617D0,0.0D0,                 0000115P    479
0.2224999999999991D0,0.3224999999999993D0,0.0D0,0.0D0,1.0D0;     0000115P    480
126,2,2,1,0,0,0,-0.06283185307179617D0,-0.06283185307179617D0,   0000117P    481
-0.06283185307179617D0,0.0D0,0.0D0,0.0D0,1.0D0,                  0000117P    482
0.7071069003958346D0,1.0D0,-0.8999999999999998D0,-0.12D0,0.26D0, 0000117P    483
-0.9000000000000018D0,-0.12D0,0.2999999865130099D0,              0000117P    484
-0.8999999999999996D0,-0.08000000000000004D0,0.3D0,              0000117P    485
-0.06283185307179617D0,0.0D0,-1.0D0,-0.0D0,-0.0D0;               0000117P    486
126,1,1,1,0,1,0,-0.06283185307179617D0,-0.06283185307179617D0,   0000119P    487
-0.0D0,-0.0D0,1.0D0,1.0D0,1.932499999999998D0,                   0000119P    488
0.06283185307179617D0,0.0D0,1.932499999999998D0,0.0D0,0.0D0,     0000119P    489
-0.06283185307179617D0,-0.0D0,0.0D0,0.0D0,1.0D0;                 0000119P    490
126,1,1,1,0,1,0,1.932499999999999D0,1.932499999999999D0,         0000121P    491
2.032500000000002D0,2.032500000000002D0,1.0D0,1.0D0,             0000121P    492
-0.8999999999999995D0,-0.08000000000000003D0,0.3D0,              0000121P    493
-1.000000000000002D0,-0.08000000000000003D0,0.3D0,               0000121P    494
1.932499999999999D0,2.032500000000002D0,0.0D0,0.0D0,1.0D0;       0000121P    495
126,1,1,1,0,1,0,1.932499999999998D0,1.932499999999998D0,         0000123P    496
2.0325D0,2.0325D0,1.0D0,1.0D0,1.932499999999998D0,0.0D0,0.0D0,   0000123P    497
2.032499999999999D0,0.0D0,0.0D0,1.932499999999998D0,2.0325D0,    0000123P    498
0.0D0,0.0D0,1.0D0;                                               0000123P    499
126,2,2,1,0,0,0,0.0D0,0.0D0,0.0D0,0.06283185307179617D0,         0000125P    500
0.06283185307179617D0,0.06283185307179617D0,1.0D0,               0000125P    501
0.7071067811865469D0,1.0D0,-1.000000000000002D0,                 0000125P    502
-0.08000000000000003D0,0.3D0,-1.000000000000004D0,-0.12D0,0.3D0, 0000125P    503
-1.0D0,-0.12D0,0.26D0,0.0D0,0.06283185307179617D0,-1.0D0,-0.0D0, 0000125P    504
-0.0D0;                                                          0000125P    505
126,1,1,1,0,1,0,0.0D0,0.0D0,0.06283185307179617D0,               0000127P    506
0.06283185307179617D0,1.0D0,1.0D0,2.032499999999999D0,0.0D0,     0000127P    507
0.0D0,2.032499999999998D0,0.06283185307179617D0,0.0D0,0.0D0,     0000127P    508
0.06283185307179617D0,0.0D0,0.0D0,1.0D0;                         0000127P    509
141,1,3,111,4,113,1,1,115,117,1,1,119,121,1,1,123,125,1,1,127;   0000129P    510
143,1,111,1,129;                                                 0000131P    511
128,1,2,1,2,0,0,0,0,0,-0.8000000000000007D0,                     0000133P    512
-0.8000000000000007D0,3.054999999999998D0,3.054999999999998D0,   0000133P    513
0.0D0,0.0D0,0.0D0,0.06283185307179617D0,0.06283185307179617D0,   0000133P    514
0.06283185307179617D0,1.0D0,1.0D0,0.707106781186545D0,           0000133P    515
0.7071067811865474D0,1.0D0,1.0D0,1.832500000000001D0,            0000133P    516
-0.07999999999999999D0,0.2999999999999999D0,-2.0225D0,           0000133P    517
-0.07999999999999999D0,0.3D0,1.832500000000001D0,-0.12D0,        0000133P    518
0.3000000000000001D0,-2.0225D0,-0.12D0,0.3000000000000001D0,     0000133P    519
1.832500000000001D0,-0.12D0,0.2600000000000001D0,-2.0225D0,      0000133P    520
-0.12D0,0.2600000000000001D0,-0.8000000000000007D0,              0000133P    521
3.054999999999998D0,0.0D0,0.06283185307179617D0;                 0000133P    522
126,1,1,1,0,1,0,-1.9325D0,-1.9325D0,-1.032499999999999D0,        0000135P    523
-1.032499999999999D0,1.0D0,1.0D0,-0.8999999999999998D0,-0.12D0,  0000135P    524
0.26D0,5.551115123125783D-16,-0.12D0,0.26D0,-1.9325D0,           0000135P    525
-1.032499999999999D0,0.0D0,0.0D0,1.0D0;                          0000135P    526
126,1,1,1,0,1,0,0.3224999999999993D0,0.3224999999999993D0,       0000137P    527
1.222499999999999D0,1.222499999999999D0,1.0D0,1.0D0,             0000137P    528
1.932499999999998D0,0.06283185307179617D0,0.0D0,                 0000137P    529
1.032499999999999D0,0.06283185307179617D0,0.0D0,                 0000137P    530
0.3224999999999993D0,1.222499999999999D0,0.0D0,0.0D0,1.0D0;      0000137P    531
126,2,2,1,0,0,0,-0.06283185307179617D0,-0.06283185307179617D0,   0000139P    532
-0.06283185307179617D0,0.0D0,0.0D0,0.0D0,1.0D0,                  0000139P    533
0.707106900395834D0,1.0D0,5.551115123125783D-16,-0.12D0,0.26D0,  0000139P    534
-2.082344146498311D-15,-0.12D0,0.2999999865130099D0,             0000139P    535
1.110223024625157D-16,-0.08000000000000009D0,0.3D0,              0000139P    536
-0.06283185307179617D0,0.0D0,-1.0D0,-0.0D0,-0.0D0;               0000139P    537
126,1,1,1,0,1,0,-0.06283185307179617D0,-0.06283185307179617D0,   0000141P    538
0.0D0,0.0D0,1.0D0,1.0D0,1.032499999999999D0,                     0000141P    539
0.06283185307179617D0,0.0D0,1.032499999999999D0,0.0D0,0.0D0,     0000141P    540
-0.06283185307179617D0,0.0D0,0.0D0,0.0D0,1.0D0;                  0000141P    541
126,1,1,1,0,1,0,1.0325D0,1.0325D0,1.932499999999999D0,           0000143P    542
1.932499999999999D0,1.0D0,1.0D0,1.110223024625157D-16,           0000143P    543
-0.08000000000000007D0,0.3D0,-0.8999999999999995D0,              0000143P    544
-0.08000000000000003D0,0.3D0,1.0325D0,1.932499999999999D0,0.0D0, 0000143P    545
0.0D0,1.0D0;                                                     0000143P    546
126,1,1,1,0,1,0,1.032499999999999D0,1.032499999999999D0,         0000145P    547
1.932499999999998D0,1.932499999999998D0,1.0D0,1.0D0,             0000145P    548
1.032499999999999D0,0.0D0,0.0D0,1.932499999999998D0,0.0D0,0.0D0, 0000145P    549
1.032499999999999D0,1.932499999999998D0,0.0D0,0.0D0,1.0D0;       0000145P    550
126,2,2,1,0,0,0,-0.0D0,-0.0D0,-0.0D0,0.06283185307179617D0,      0000147P    551
0.06283185307179617D0,0.06283185307179617D0,1.0D0,               0000147P    552
0.7071069003958346D0,1.0D0,-0.8999999999999996D0,                0000147P    553
-0.08000000000000004D0,0.3D0,-0.9000000000000018D0,-0.12D0,      0000147P    554
0.2999999865130099D0,-0.8999999999999998D0,-0.12D0,0.26D0,       0000147P    555
-0.0D0,0.06283185307179617D0,-1.0D0,-0.0D0,-0.0D0;               0000147P    556
126,1,1,1,0,1,0,0.0D0,0.0D0,0.06283185307179617D0,               0000149P    557
0.06283185307179617D0,1.0D0,1.0D0,1.932499999999998D0,0.0D0,     0000149P    558
0.0D0,1.932499999999998D0,0.06283185307179617D0,0.0D0,0.0D0,     0000149P    559
0.06283185307179617D0,0.0D0,0.0D0,1.0D0;                         0000149P    560
141,1,3,133,4,135,1,1,137,139,1,1,141,143,1,1,145,147,1,1,149;   0000151P    561
143,1,133,1,151;                                                 0000153P    562
128,1,2,1,2,0,0,0,0,0,-0.8000000000000007D0,                     0000155P    563
-0.8000000000000007D0,3.054999999999998D0,3.054999999999998D0,   0000155P    564
0.0D0,0.0D0,0.0D0,0.06283185307179617D0,0.06283185307179617D0,   0000155P    565
0.06283185307179617D0,1.0D0,1.0D0,0.707106781186545D0,           0000155P    566
0.7071067811865474D0,1.0D0,1.0D0,1.832500000000001D0,            0000155P    567
-0.07999999999999999D0,0.2999999999999999D0,-2.0225D0,           0000155P    568
-0.07999999999999999D0,0.3D0,1.832500000000001D0,-0.12D0,        0000155P    569
0.3000000000000001D0,-2.0225D0,-0.12D0,0.3000000000000001D0,     0000155P    570
1.832500000000001D0,-0.12D0,0.2600000000000001D0,-2.0225D0,      0000155P    571
-0.12D0,0.2600000000000001D0,-0.8000000000000007D0,              0000155P    572
3.054999999999998D0,0.0D0,0.06283185307179617D0;                 0000155P    573
126,1,1,1,0,1,0,-1.032499999999999D0,-1.032499999999999D0,       0000157P    574
-0.1325000000000001D0,-0.1325000000000001D0,1.0D0,1.0D0,         0000157P    575
5.551115123125783D-16,-0.12D0,0.26D0,0.8999999999999999D0,       0000157P    576
-0.12D0,0.2599999999999999D0,-1.032499999999999D0,               0000157P    577
-0.1325000000000001D0,0.0D0,0.0D0,1.0D0;                         0000157P    578
126,1,1,1,0,1,0,1.222499999999999D0,1.222499999999999D0,         0000159P    579
2.122499999999998D0,2.122499999999998D0,1.0D0,1.0D0,             0000159P    580
1.032499999999999D0,0.06283185307179617D0,0.0D0,                 0000159P    581
0.1324999999999996D0,0.06283185307179617D0,0.0D0,                0000159P    582
1.222499999999999D0,2.122499999999998D0,0.0D0,0.0D0,1.0D0;       0000159P    583
126,2,2,1,0,0,0,-0.06283185307179617D0,-0.06283185307179617D0,   0000161P    584
-0.06283185307179617D0,0.0D0,0.0D0,0.0D0,1.0D0,                  0000161P    585
0.7071069003958336D0,1.0D0,0.8999999999999999D0,-0.12D0,         0000161P    586
0.2599999999999999D0,0.8999999999999977D0,-0.12D0,               0000161P    587
0.2999999865130099D0,0.9000000000000002D0,                       0000161P    588
-0.08000000000000014D0,0.2999999999999999D0,                     0000161P    589
-0.06283185307179617D0,0.0D0,-1.0D0,-0.0D0,-0.0D0;               0000161P    590
126,1,1,1,0,1,0,-0.06283185307179617D0,-0.06283185307179617D0,   0000163P    591
-0.0D0,-0.0D0,1.0D0,1.0D0,0.1324999999999996D0,                  0000163P    592
0.06283185307179617D0,0.0D0,0.1324999999999993D0,0.0D0,0.0D0,    0000163P    593
-0.06283185307179617D0,-0.0D0,0.0D0,0.0D0,1.0D0;                 0000163P    594
126,1,1,1,0,1,0,0.1324999999999998D0,0.1324999999999998D0,       0000165P    595
1.0325D0,1.0325D0,1.0D0,1.0D0,0.9000000000000001D0,              0000165P    596
-0.08000000000000013D0,0.2999999999999999D0,                     0000165P    597
1.110223024625157D-16,-0.08000000000000007D0,0.3D0,              0000165P    598
0.1324999999999998D0,1.0325D0,0.0D0,0.0D0,1.0D0;                 0000165P    599
126,1,1,1,0,1,0,0.1324999999999994D0,0.1324999999999994D0,       0000167P    600
1.032499999999999D0,1.032499999999999D0,1.0D0,1.0D0,             0000167P    601
0.1324999999999993D0,0.0D0,0.0D0,1.032499999999999D0,0.0D0,      0000167P    602
0.0D0,0.1324999999999994D0,1.032499999999999D0,0.0D0,0.0D0,      0000167P    603
1.0D0;                                                           0000167P    604
126,2,2,1,0,0,0,-0.0D0,-0.0D0,-0.0D0,0.06283185307179617D0,      0000169P    605
0.06283185307179617D0,0.06283185307179617D0,1.0D0,               0000169P    606
0.707106900395834D0,1.0D0,1.110223024625157D-16,                 0000169P    607
-0.08000000000000009D0,0.3D0,-2.082344146498311D-15,-0.12D0,     0000169P    608
0.2999999865130099D0,5.551115123125783D-16,-0.12D0,0.26D0,       0000169P    609
-0.0D0,0.06283185307179617D0,-1.0D0,-0.0D0,-0.0D0;               0000169P    610
126,1,1,1,0,1,0,-0.0D0,-0.0D0,0.06283185307179617D0,             0000171P    611
0.06283185307179617D0,1.0D0,1.0D0,1.032499999999999D0,0.0D0,     0000171P    612
0.0D0,1.032499999999999D0,0.06283185307179617D0,0.0D0,-0.0D0,    0000171P    613
0.06283185307179617D0,0.0D0,0.0D0,1.0D0;                         0000171P    614
141,1,3,155,4,157,1,1,159,161,1,1,163,165,1,1,167,169,1,1,171;   0000173P    615
143,1,155,1,173;                                                 0000175P    616
128,1,2,1,2,0,0,0,0,0,-0.8000000000000007D0,                     0000177P    617
-0.8000000000000007D0,3.054999999999998D0,3.054999999999998D0,   0000177P    618
0.0D0,0.0D0,0.0D0,0.06283185307179617D0,0.06283185307179617D0,   0000177P    619
0.06283185307179617D0,1.0D0,1.0D0,0.707106781186545D0,           0000177P    620
0.7071067811865474D0,1.0D0,1.0D0,1.832500000000001D0,            0000177P    621
-0.07999999999999999D0,0.2999999999999999D0,-2.0225D0,           0000177P    622
-0.07999999999999999D0,0.3D0,1.832500000000001D0,-0.12D0,        0000177P    623
0.3000000000000001D0,-2.0225D0,-0.12D0,0.3000000000000001D0,     0000177P    624
1.832500000000001D0,-0.12D0,0.2600000000000001D0,-2.0225D0,      0000177P    625
-0.12D0,0.2600000000000001D0,-0.8000000000000007D0,              0000177P    626
3.054999999999998D0,0.0D0,0.06283185307179617D0;                 0000177P    627
126,2,2,1,0,0,0,-0.06283185307179617D0,-0.06283185307179617D0,   0000179P    628
-0.06283185307179617D0,0.0D0,0.0D0,0.0D0,1.0D0,                  0000179P    629
0.7071069003958335D0,1.0D0,0.9499999999999996D0,-0.12D0,         0000179P    630
0.2599999999999999D0,0.9499999999999979D0,-0.12D0,               0000179P    631
0.2999999865130099D0,0.9500000000000002D0,                       0000179P    632
-0.08000000000000014D0,0.2999999999999999D0,                     0000179P    633
-0.06283185307179617D0,0.0D0,-1.0D0,-0.0D0,-0.0D0;               0000179P    634
126,1,1,1,0,1,0,-0.06283185307179617D0,-0.06283185307179617D0,   0000181P    635
-0.0D0,-0.0D0,1.0D0,1.0D0,0.0824999999999998D0,                  0000181P    636
0.06283185307179617D0,0.0D0,0.08249999999999945D0,0.0D0,0.0D0,   0000181P    637
-0.06283185307179617D0,-0.0D0,0.0D0,0.0D0,1.0D0;                 0000181P    638
126,1,1,1,0,1,0,0.08249999999999974D0,0.08249999999999974D0,     0000183P    639
0.1324999999999998D0,0.1324999999999998D0,1.0D0,1.0D0,           0000183P    640
0.9500000000000002D0,-0.08000000000000013D0,                     0000183P    641
0.2999999999999999D0,0.9000000000000001D0,                       0000183P    642
-0.08000000000000013D0,0.2999999999999999D0,                     0000183P    643
0.08249999999999974D0,0.1324999999999998D0,0.0D0,0.0D0,1.0D0;    0000183P    644
126,1,1,1,0,1,0,0.08249999999999932D0,0.08249999999999932D0,     0000185P    645
0.1324999999999994D0,0.1324999999999994D0,1.0D0,1.0D0,           0000185P    646
0.08249999999999945D0,0.0D0,0.0D0,0.1324999999999993D0,0.0D0,    0000185P    647
0.0D0,0.08249999999999932D0,0.1324999999999994D0,0.0D0,0.0D0,    0000185P    648
1.0D0;                                                           0000185P    649
126,2,2,1,0,0,0,-0.0D0,-0.0D0,-0.0D0,0.06283185307179617D0,      0000187P    650
0.06283185307179617D0,0.06283185307179617D0,1.0D0,               0000187P    651
0.7071069003958336D0,1.0D0,0.9000000000000002D0,                 0000187P    652
-0.08000000000000014D0,0.2999999999999999D0,                     0000187P    653
0.8999999999999977D0,-0.12D0,0.2999999865130099D0,               0000187P    654
0.8999999999999999D0,-0.12D0,0.2599999999999999D0,-0.0D0,        0000187P    655
0.06283185307179617D0,-1.0D0,-0.0D0,-0.0D0;                      0000187P    656
126,1,1,1,0,1,0,0.0D0,0.0D0,0.06283185307179617D0,               0000189P    657
0.06283185307179617D0,1.0D0,1.0D0,0.1324999999999993D0,0.0D0,    0000189P    658
0.0D0,0.1324999999999996D0,0.06283185307179617D0,0.0D0,0.0D0,    0000189P    659
0.06283185307179617D0,0.0D0,0.0D0,1.0D0;                         0000189P    660
126,1,1,1,0,1,0,-0.1325000000000001D0,-0.1325000000000001D0,     0000191P    661
-0.08250000000000031D0,-0.08250000000000031D0,1.0D0,1.0D0,       0000191P    662
0.8999999999999999D0,-0.12D0,0.2599999999999999D0,               0000191P    663
0.9499999999999996D0,-0.12D0,0.2599999999999999D0,               0000191P    664
-0.1325000000000001D0,-0.08250000000000031D0,0.0D0,0.0D0,1.0D0;  0000191P    665
126,1,1,1,0,1,0,2.122499999999998D0,2.122499999999998D0,         0000193P    666
2.172499999999998D0,2.172499999999998D0,1.0D0,1.0D0,             0000193P    667
0.1324999999999996D0,0.06283185307179617D0,0.0D0,                0000193P    668
0.0824999999999998D0,0.06283185307179617D0,0.0D0,                0000193P    669
2.122499999999998D0,2.172499999999998D0,0.0D0,0.0D0,1.0D0;       0000193P    670
141,1,3,177,4,179,1,1,181,183,1,1,185,187,1,1,189,191,1,1,193;   0000195P    671
143,1,177,1,195;                                                 0000197P    672
128,1,2,1,2,0,0,0,0,0,-0.8000000000000007D0,                     0000199P    673
-0.8000000000000007D0,3.054999999999998D0,3.054999999999998D0,   0000199P    674
0.0D0,0.0D0,0.0D0,0.06283185307179617D0,0.06283185307179617D0,   0000199P    675
0.06283185307179617D0,1.0D0,1.0D0,0.707106781186545D0,           0000199P    676
0.7071067811865474D0,1.0D0,1.0D0,1.832500000000001D0,            0000199P    677
-0.07999999999999999D0,0.2999999999999999D0,-2.0225D0,           0000199P    678
-0.07999999999999999D0,0.3D0,1.832500000000001D0,-0.12D0,        0000199P    679
0.3000000000000001D0,-2.0225D0,-0.12D0,0.3000000000000001D0,     0000199P    680
1.832500000000001D0,-0.12D0,0.2600000000000001D0,-2.0225D0,      0000199P    681
-0.12D0,0.2600000000000001D0,-0.8000000000000007D0,              0000199P    682
3.054999999999998D0,0.0D0,0.06283185307179617D0;                 0000199P    683
126,2,2,1,0,0,0,-0.06283185307179617D0,-0.06283185307179617D0,   0000201P    684
-0.06283185307179617D0,-0.0D0,-0.0D0,-0.0D0,1.0D0,               0000201P    685
0.7071067811865469D0,1.0D0,-1.0D0,-0.12D0,0.26D0,                0000201P    686
-1.000000000000004D0,-0.12D0,0.3D0,-1.000000000000002D0,         0000201P    687
-0.08000000000000003D0,0.3D0,-0.06283185307179617D0,-0.0D0,      0000201P    688
-1.0D0,-0.0D0,-0.0D0;                                            0000201P    689
126,1,1,1,0,1,0,-0.06283185307179617D0,-0.06283185307179617D0,   0000203P    690
-0.0D0,-0.0D0,1.0D0,1.0D0,2.032499999999998D0,                   0000203P    691
0.06283185307179617D0,0.0D0,2.032499999999999D0,0.0D0,0.0D0,     0000203P    692
-0.06283185307179617D0,-0.0D0,0.0D0,0.0D0,1.0D0;                 0000203P    693
126,1,1,1,0,1,0,2.032500000000002D0,2.032500000000002D0,2.215D0, 0000205P    694
2.215D0,1.0D0,1.0D0,-1.000000000000002D0,-0.08000000000000003D0, 0000205P    695
0.3D0,-1.1825D0,-0.08000000000000002D0,0.3D0,                    0000205P    696
2.032500000000002D0,2.215D0,0.0D0,0.0D0,1.0D0;                   0000205P    697
126,1,1,1,0,1,0,2.0325D0,2.0325D0,2.214999999999999D0,           0000207P    698
2.214999999999999D0,1.0D0,1.0D0,2.032499999999999D0,0.0D0,0.0D0, 0000207P    699
2.214999999999999D0,0.0D0,0.0D0,2.0325D0,2.214999999999999D0,    0000207P    700
0.0D0,0.0D0,1.0D0;                                               0000207P    701
126,2,2,1,0,0,0,0.0D0,0.0D0,0.0D0,0.06283185307179617D0,         0000209P    702
0.06283185307179617D0,0.06283185307179617D0,1.0D0,               0000209P    703
0.7071067811865468D0,1.0D0,-1.1825D0,-0.08000000000000002D0,     0000209P    704
0.3D0,-1.182500000000002D0,-0.12D0,0.3000000000000002D0,         0000209P    705
-1.1825D0,-0.12D0,0.26D0,0.0D0,0.06283185307179617D0,1.0D0,      0000209P    706
0.0D0,0.0D0;                                                     0000209P    707
126,1,1,1,0,1,0,0.0D0,0.0D0,0.06283185307179617D0,               0000211P    708
0.06283185307179617D0,1.0D0,1.0D0,2.214999999999999D0,0.0D0,     0000211P    709
0.0D0,2.214999999999999D0,0.06283185307179617D0,0.0D0,0.0D0,     0000211P    710
0.06283185307179617D0,0.0D0,0.0D0,1.0D0;                         0000211P    711
126,1,1,1,0,1,0,-2.215D0,-2.215D0,-2.0325D0,-2.0325D0,1.0D0,     0000213P    712
1.0D0,-1.1825D0,-0.12D0,0.26D0,-1.0D0,-0.12D0,0.26D0,-2.215D0,   0000213P    713
-2.0325D0,0.0D0,0.0D0,1.0D0;                                     0000213P    714
126,1,1,1,0,1,0,0.03999999999999859D0,0.03999999999999859D0,     0000215P    715
0.2224999999999991D0,0.2224999999999991D0,1.0D0,1.0D0,           0000215P    716
2.214999999999999D0,0.06283185307179617D0,0.0D0,                 0000215P    717
2.032499999999998D0,0.06283185307179617D0,0.0D0,                 0000215P    718
0.03999999999999859D0,0.2224999999999991D0,0.0D0,0.0D0,1.0D0;    0000215P    719
141,1,3,199,4,201,1,1,203,205,1,1,207,209,1,1,211,213,1,1,215;   0000217P    720
143,1,199,1,217;                                                 0000219P    721
128,2,1,2,1,0,0,0,0,0,0.0D0,0.0D0,0.0D0,0.03087884579653461D0,   0000221P    722
0.03087884579653461D0,0.03087884579653461D0,                     0000221P    723
-2.400000000000002D0,-2.400000000000002D0,3.0D0,3.0D0,1.0D0,     0000221P    724
0.991734474862765D0,1.0D0,1.0D0,0.9917344748627637D0,1.0D0,      0000221P    725
1.016974815094675D0,-0.12D0,-2.700000000000002D0,                0000221P    726
1.032499999999999D0,-0.1199999999999999D0,-2.700000000000002D0,  0000221P    727
1.047514011008233D0,-0.1160489444715175D0,-2.700000000000002D0,  0000221P    728
1.016974815094677D0,-0.12D0,2.700000000000002D0,                 0000221P    729
1.032500000000001D0,-0.1200000000000001D0,2.700000000000001D0,   0000221P    730
1.047514011008234D0,-0.1160489444715177D0,2.700000000000001D0,   0000221P    731
0.0D0,0.03087884579653461D0,-2.400000000000002D0,3.0D0;          0000221P    732
126,2,2,1,0,0,0,0.0D0,0.0D0,0.0D0,0.03087884579653461D0,         0000223P    733
0.03087884579653461D0,0.03087884579653461D0,1.0D0,               0000223P    734
0.9917344787877847D0,1.0D0,1.016974815094676D0,-0.12D0,          0000223P    735
-2.498001805406602D-16,1.032499996267658D0,-0.12D0,              0000223P    736
-1.952143391225144D-15,1.047514011008232D0,-0.116048944471518D0, 0000223P    737
-6.245004513516506D-16,0.0D0,0.03087884579653461D0,0.0D0,0.0D0,  0000223P    738
1.0D0;                                                           0000223P    739
126,1,1,1,0,1,0,0.0D0,0.0D0,0.03087884579653461D0,               0000225P    740
0.03087884579653461D0,1.0D0,1.0D0,0.0D0,0.2999999999999989D0,    0000225P    741
0.0D0,0.03087884579653461D0,0.2999999999999991D0,0.0D0,0.0D0,    0000225P    742
0.03087884579653461D0,0.0D0,0.0D0,1.0D0;                         0000225P    743
126,1,1,1,0,1,0,0.2999999999999998D0,0.2999999999999998D0,       0000227P    744
0.5465908182738773D0,0.5465908182738773D0,1.0D0,1.0D0,           0000227P    745
1.047514011008232D0,-0.116048944471518D0,-6.245004513516506D-16, 0000227P    746
1.047514011008232D0,-0.1160489444715184D0,0.2465908182738758D0,  0000227P    747
0.2999999999999998D0,0.5465908182738773D0,1.0D0,0.0D0,0.0D0;     0000227P    748
126,1,1,1,0,1,0,-0.2999999999999988D0,-0.2999999999999988D0,     0000229P    749
-0.05340918172612197D0,-0.05340918172612197D0,1.0D0,1.0D0,       0000229P    750
0.03087884579653461D0,0.2999999999999991D0,0.0D0,                0000229P    751
0.03087884579653461D0,0.5465908182738759D0,0.0D0,                0000229P    752
-0.2999999999999988D0,-0.05340918172612197D0,0.0D0,0.0D0,1.0D0;  0000229P    753
126,3,3,1,0,1,0,-0.0336646590995714D0,-0.0336646590995714D0,     0000231P    754
-0.0336646590995714D0,-0.0336646590995714D0,-0.0D0,-0.0D0,       0000231P    755
-0.0D0,-0.0D0,1.0D0,1.0D0,1.0D0,1.0D0,1.047514011008232D0,       0000231P    756
-0.1160489444715184D0,0.2465908182738758D0,1.037588236298036D0,  0000231P    757
-0.118665823787669D0,0.2510605455159158D0,1.027239757330495D0,   0000231P    758
-0.1200046741998344D0,0.2555302727579575D0,1.016974815094677D0,  0000231P    759
-0.12D0,0.2599999999999999D0,-0.0336646590995714D0,-0.0D0,       0000231P    760
-0.3953841791971101D0,-0.05115343742147575D0,                    0000231P    761
-0.9170903317997605D0;                                           0000231P    762
126,1,1,1,0,1,0,-0.0336646590995714D0,-0.0336646590995714D0,     0000233P    763
-0.0D0,-0.0D0,1.0D0,1.0D0,0.03087884579653461D0,                 0000233P    764
0.5465908182738759D0,0.0D0,0.0D0,0.5599999999999988D0,0.0D0,     0000233P    765
-0.0336646590995714D0,-0.0D0,0.0D0,0.0D0,1.0D0;                  0000233P    766
126,1,1,1,0,1,0,-0.5600000000000001D0,-0.5600000000000001D0,     0000235P    767
-0.2999999999999998D0,-0.2999999999999998D0,1.0D0,1.0D0,         0000235P    768
1.016974815094677D0,-0.12D0,0.2599999999999999D0,                0000235P    769
1.016974815094676D0,-0.12D0,-2.498001805406602D-16,              0000235P    770
-0.5600000000000001D0,-0.2999999999999998D0,1.0D0,0.0D0,0.0D0;   0000235P    771
126,1,1,1,0,1,0,-0.5599999999999992D0,-0.5599999999999992D0,     0000237P    772
-0.2999999999999994D0,-0.2999999999999994D0,1.0D0,1.0D0,0.0D0,   0000237P    773
0.5599999999999988D0,0.0D0,0.0D0,0.2999999999999989D0,0.0D0,     0000237P    774
-0.5599999999999992D0,-0.2999999999999994D0,0.0D0,0.0D0,1.0D0;   0000237P    775
141,1,3,221,4,223,1,1,225,227,1,1,229,231,1,1,233,235,1,1,237;   0000239P    776
143,1,221,1,239;                                                 0000241P    777
128,2,1,2,1,0,0,0,0,0,0.0D0,0.0D0,0.0D0,0.03087884579653461D0,   0000243P    778
0.03087884579653461D0,0.03087884579653461D0,                     0000243P    779
-2.400000000000002D0,-2.400000000000002D0,3.0D0,3.0D0,1.0D0,     0000243P    780
0.991734474862765D0,1.0D0,1.0D0,0.9917344748627637D0,1.0D0,      0000243P    781
1.016974815094675D0,-0.12D0,-2.700000000000002D0,                0000243P    782
1.032499999999999D0,-0.1199999999999999D0,-2.700000000000002D0,  0000243P    783
1.047514011008233D0,-0.1160489444715175D0,-2.700000000000002D0,  0000243P    784
1.016974815094677D0,-0.12D0,2.700000000000002D0,                 0000243P    785
1.032500000000001D0,-0.1200000000000001D0,2.700000000000001D0,   0000243P    786
1.047514011008234D0,-0.1160489444715177D0,2.700000000000001D0,   0000243P    787
0.0D0,0.03087884579653461D0,-2.400000000000002D0,3.0D0;          0000243P    788
126,1,1,1,0,1,0,-0.2999999999999998D0,-0.2999999999999998D0,     0000245P    789
-0.03999999999999993D0,-0.03999999999999993D0,1.0D0,1.0D0,       0000245P    790
1.016974815094676D0,-0.12D0,-2.498001805406602D-16,              0000245P    791
1.016974815094676D0,-0.12D0,-0.2600000000000001D0,               0000245P    792
-0.2999999999999998D0,-0.03999999999999993D0,1.0D0,0.0D0,0.0D0;  0000245P    793
126,1,1,1,0,1,0,-0.2999999999999994D0,-0.2999999999999994D0,     0000247P    794
-0.03999999999999937D0,-0.03999999999999937D0,1.0D0,1.0D0,0.0D0, 0000247P    795
0.2999999999999989D0,0.0D0,0.0D0,0.03999999999999888D0,0.0D0,    0000247P    796
-0.2999999999999994D0,-0.03999999999999937D0,0.0D0,0.0D0,1.0D0;  0000247P    797
126,3,3,1,0,1,0,-0.03366465909957223D0,-0.03366465909957223D0,   0000249P    798
-0.03366465909957223D0,-0.03366465909957223D0,-0.0D0,-0.0D0,     0000249P    799
-0.0D0,-0.0D0,1.0D0,1.0D0,1.0D0,1.0D0,1.016974815094676D0,       0000249P    800
-0.12D0,-0.2600000000000001D0,1.027239757330496D0,               0000249P    801
-0.1200046741998342D0,-0.2555302727579596D0,1.037588236298035D0, 0000249P    802
-0.1186658237876683D0,-0.2510605455159182D0,1.047514011008233D0, 0000249P    803
-0.1160489444715176D0,-0.2465908182738756D0,                     0000249P    804
-0.03366465909957223D0,-0.0D0,0.3953841791969141D0,              0000249P    805
0.05115343742293346D0,-0.9170903317997635D0;                     0000249P    806
126,1,1,1,0,1,0,-0.03366465909957223D0,-0.03366465909957223D0,   0000251P    807
-0.0D0,-0.0D0,1.0D0,1.0D0,0.0D0,0.03999999999999888D0,0.0D0,     0000251P    808
0.03087884579653461D0,0.05340918172612374D0,0.0D0,               0000251P    809
-0.03366465909957223D0,-0.0D0,0.0D0,0.0D0,1.0D0;                 0000251P    810
126,1,1,1,0,1,0,0.05340918172612364D0,0.05340918172612364D0,     0000253P    811
0.2999999999999998D0,0.2999999999999998D0,1.0D0,1.0D0,           0000253P    812
1.047514011008233D0,-0.1160489444715176D0,-0.2465908182738756D0, 0000253P    813
1.047514011008232D0,-0.116048944471518D0,-6.245004513516506D-16, 0000253P    814
0.05340918172612364D0,0.2999999999999998D0,1.0D0,0.0D0,0.0D0;    0000253P    815
126,1,1,1,0,1,0,-0.5465908182738741D0,-0.5465908182738741D0,     0000255P    816
-0.2999999999999988D0,-0.2999999999999988D0,1.0D0,1.0D0,         0000255P    817
0.03087884579653461D0,0.05340918172612374D0,0.0D0,               0000255P    818
0.03087884579653461D0,0.2999999999999991D0,0.0D0,                0000255P    819
-0.5465908182738741D0,-0.2999999999999988D0,0.0D0,0.0D0,1.0D0;   0000255P    820
126,2,2,1,0,0,0,-0.03087884579653461D0,-0.03087884579653461D0,   0000257P    821
-0.03087884579653461D0,-0.0D0,-0.0D0,-0.0D0,1.0D0,               0000257P    822
0.9917344787877847D0,1.0D0,1.047514011008232D0,                  0000257P    823
-0.116048944471518D0,-6.245004513516506D-16,1.032499996267658D0, 0000257P    824
-0.12D0,-1.952143391225144D-15,1.016974815094676D0,-0.12D0,      0000257P    825
-2.498001805406602D-16,-0.03087884579653461D0,-0.0D0,0.0D0,      0000257P    826
0.0D0,1.0D0;                                                     0000257P    827
126,1,1,1,0,1,0,-0.03087884579653461D0,-0.03087884579653461D0,   0000259P    828
-0.0D0,-0.0D0,1.0D0,1.0D0,0.03087884579653461D0,                 0000259P    829
0.2999999999999991D0,0.0D0,0.0D0,0.2999999999999989D0,0.0D0,     0000259P    830
-0.03087884579653461D0,-0.0D0,0.0D0,0.0D0,1.0D0;                 0000259P    831
141,1,3,243,4,245,1,1,247,249,1,1,251,253,1,1,255,257,1,1,259;   0000261P    832
143,1,243,1,261;                                                 0000263P    833
128,1,2,1,2,0,0,0,0,0,-0.8000000000000007D0,                     0000265P    834
-0.8000000000000007D0,3.054999999999999D0,3.054999999999999D0,   0000265P    835
0.0D0,0.0D0,0.0D0,0.06283185307179592D0,0.06283185307179592D0,   0000265P    836
0.06283185307179592D0,1.0D0,1.0D0,0.7071067811865472D0,          0000265P    837
0.7071067811865479D0,1.0D0,1.0D0,1.832500000000001D0,-0.12D0,    0000265P    838
-0.26D0,-2.0225D0,-0.12D0,-0.26D0,1.832500000000001D0,-0.12D0,   0000265P    839
-0.3D0,-2.0225D0,-0.12D0,-0.2999999999999999D0,                  0000265P    840
1.832500000000001D0,-0.07999999999999999D0,-0.3D0,-2.0225D0,     0000265P    841
-0.07999999999999999D0,-0.2999999999999999D0,                    0000265P    842
-0.8000000000000007D0,3.054999999999999D0,0.0D0,                 0000265P    843
0.06283185307179592D0;                                           0000265P    844
126,1,1,1,0,1,0,-0.08249999999999938D0,-0.08249999999999938D0,   0000267P    845
0.001853969182689791D0,0.001853969182689791D0,1.0D0,1.0D0,       0000267P    846
0.9500000000000003D0,-0.08000000000000017D0,-0.3D0,              0000267P    847
1.03435396918269D0,-0.08000000000000018D0,-0.3D0,                0000267P    848
-0.08249999999999938D0,0.001853969182689791D0,0.0D0,0.0D0,1.0D0; 0000267P    849
126,1,1,1,0,1,0,2.172499999999999D0,2.172499999999999D0,         0000269P    850
2.256853969182687D0,2.256853969182687D0,1.0D0,1.0D0,             0000269P    851
0.08249999999999989D0,0.06283185307179592D0,0.0D0,               0000269P    852
-0.001853969182688542D0,0.06283185307179592D0,0.0D0,             0000269P    853
2.172499999999999D0,2.256853969182687D0,0.0D0,0.0D0,1.0D0;       0000269P    854
126,3,3,0,0,1,0,0.0D0,0.0D0,0.0D0,0.0D0,0.06519107881643506D0,   0000271P    855
0.06519107881643506D0,0.06519107881643506D0,                     0000271P    856
0.06519107881643506D0,1.0D0,1.0D0,1.0D0,1.0D0,                   0000271P    857
1.03435396918269D0,-0.08000000000000018D0,-0.3D0,                0000271P    858
1.028560917820017D0,-0.0997901703015809D0,-0.3017886308173999D0, 0000271P    859
1.022767866457347D0,-0.1217886308173998D0,-0.2797901703015808D0, 0000271P    860
1.016974815094676D0,-0.12D0,-0.2600000000000001D0,0.0D0,         0000271P    861
0.06519107881643506D0,0.0D0,0.0D0,0.0D0;                         0000271P    862
126,1,1,1,0,1,0,0.0D0,0.0D0,0.06519107881643506D0,               0000273P    863
0.06519107881643506D0,1.0D0,1.0D0,-0.001853969182688542D0,       0000273P    864
0.06283185307179592D0,0.0D0,0.01552518490532423D0,0.0D0,0.0D0,   0000273P    865
0.0D0,0.06519107881643506D0,0.0D0,0.0D0,1.0D0;                   0000273P    866
126,1,1,1,0,1,0,0.0155251849053242D0,0.0155251849053242D0,       0000275P    867
0.08249999999999985D0,0.08249999999999985D0,1.0D0,1.0D0,         0000275P    868
1.016974815094676D0,-0.12D0,-0.2600000000000001D0,0.95D0,        0000275P    869
-0.12D0,-0.2600000000000001D0,0.0155251849053242D0,              0000275P    870
0.08249999999999985D0,0.0D0,0.0D0,1.0D0;                         0000275P    871
126,1,1,1,0,1,0,0.01552518490532429D0,0.01552518490532429D0,     0000277P    872
0.08249999999999987D0,0.08249999999999987D0,1.0D0,1.0D0,         0000277P    873
0.01552518490532423D0,0.0D0,0.0D0,0.08249999999999984D0,0.0D0,   0000277P    874
0.0D0,0.01552518490532429D0,0.08249999999999987D0,0.0D0,0.0D0,   0000277P    875
1.0D0;                                                           0000277P    876
126,2,2,1,0,0,0,-0.0D0,-0.0D0,-0.0D0,0.06283185307179592D0,      0000279P    877
0.06283185307179592D0,0.06283185307179592D0,1.0D0,               0000279P    878
0.7071069003958351D0,1.0D0,0.95D0,-0.12D0,-0.2600000000000001D0, 0000279P    879
0.9499999999999996D0,-0.12D0,-0.29999998651301D0,                0000279P    880
0.9500000000000003D0,-0.08000000000000018D0,-0.3D0,-0.0D0,       0000279P    881
0.06283185307179592D0,-1.0D0,-0.0D0,-0.0D0;                      0000279P    882
126,1,1,1,0,1,0,0.0D0,0.0D0,0.06283185307179592D0,               0000281P    883
0.06283185307179592D0,1.0D0,1.0D0,0.08249999999999984D0,0.0D0,   0000281P    884
0.0D0,0.08249999999999989D0,0.06283185307179592D0,0.0D0,0.0D0,   0000281P    885
0.06283185307179592D0,0.0D0,0.0D0,1.0D0;                         0000281P    886
141,1,3,265,4,267,1,1,269,271,1,1,273,275,1,1,277,279,1,1,281;   0000283P    887
143,1,265,1,283;                                                 0000285P    888
128,1,2,1,2,0,0,0,0,0,-0.8000000000000007D0,                     0000287P    889
-0.8000000000000007D0,3.054999999999999D0,3.054999999999999D0,   0000287P    890
0.0D0,0.0D0,0.0D0,0.06283185307179592D0,0.06283185307179592D0,   0000287P    891
0.06283185307179592D0,1.0D0,1.0D0,0.7071067811865472D0,          0000287P    892
0.7071067811865479D0,1.0D0,1.0D0,1.832500000000001D0,-0.12D0,    0000287P    893
-0.26D0,-2.0225D0,-0.12D0,-0.26D0,1.832500000000001D0,-0.12D0,   0000287P    894
-0.3D0,-2.0225D0,-0.12D0,-0.2999999999999999D0,                  0000287P    895
1.832500000000001D0,-0.07999999999999999D0,-0.3D0,-2.0225D0,     0000287P    896
-0.07999999999999999D0,-0.2999999999999999D0,                    0000287P    897
-0.8000000000000007D0,3.054999999999999D0,0.0D0,                 0000287P    898
0.06283185307179592D0;                                           0000287P    899
126,1,1,1,0,1,0,-2.032500000000001D0,-2.032500000000001D0,       0000289P    900
-1.9325D0,-1.9325D0,1.0D0,1.0D0,-1.000000000000001D0,            0000289P    901
-0.07999999999999999D0,-0.2999999999999999D0,                    0000289P    902
-0.8999999999999999D0,-0.07999999999999999D0,                    0000289P    903
-0.2999999999999999D0,-2.032500000000001D0,-1.9325D0,0.0D0,      0000289P    904
0.0D0,1.0D0;                                                     0000289P    905
126,1,1,1,0,1,0,0.2224999999999981D0,0.2224999999999981D0,       0000291P    906
0.322499999999999D0,0.322499999999999D0,1.0D0,1.0D0,2.0325D0,    0000291P    907
0.06283185307179592D0,0.0D0,1.932499999999999D0,                 0000291P    908
0.06283185307179592D0,0.0D0,0.2224999999999981D0,                0000291P    909
0.322499999999999D0,0.0D0,0.0D0,1.0D0;                           0000291P    910
126,2,2,1,0,0,0,-0.06283185307179592D0,-0.06283185307179592D0,   0000293P    911
-0.06283185307179592D0,-0.0D0,-0.0D0,-0.0D0,1.0D0,               0000293P    912
0.7071067811865477D0,1.0D0,-0.8999999999999999D0,                0000293P    913
-0.07999999999999999D0,-0.2999999999999999D0,                    0000293P    914
-0.9000000000000005D0,-0.12D0,-0.3D0,-0.9000000000000004D0,      0000293P    915
-0.12D0,-0.26D0,-0.06283185307179592D0,-0.0D0,-1.0D0,-0.0D0,     0000293P    916
-0.0D0;                                                          0000293P    917
126,1,1,1,0,1,0,-0.06283185307179592D0,-0.06283185307179592D0,   0000295P    918
0.0D0,0.0D0,1.0D0,1.0D0,1.932499999999999D0,                     0000295P    919
0.06283185307179592D0,0.0D0,1.9325D0,0.0D0,0.0D0,                0000295P    920
-0.06283185307179592D0,0.0D0,0.0D0,0.0D0,1.0D0;                  0000295P    921
126,1,1,1,0,1,0,1.932500000000001D0,1.932500000000001D0,         0000297P    922
2.032500000000001D0,2.032500000000001D0,1.0D0,1.0D0,             0000297P    923
-0.9000000000000004D0,-0.12D0,-0.26D0,-1.0D0,-0.12D0,-0.26D0,    0000297P    924
1.932500000000001D0,2.032500000000001D0,0.0D0,0.0D0,1.0D0;       0000297P    925
126,1,1,1,0,1,0,1.932499999999999D0,1.932499999999999D0,         0000299P    926
2.032499999999999D0,2.032499999999999D0,1.0D0,1.0D0,1.9325D0,    0000299P    927
0.0D0,0.0D0,2.032499999999999D0,0.0D0,0.0D0,1.932499999999999D0, 0000299P    928
2.032499999999999D0,0.0D0,0.0D0,1.0D0;                           0000299P    929
126,2,2,1,0,0,0,-0.0D0,-0.0D0,-0.0D0,0.06283185307179592D0,      0000301P    930
0.06283185307179592D0,0.06283185307179592D0,1.0D0,               0000301P    931
0.7071069003958354D0,1.0D0,-1.0D0,-0.12D0,-0.26D0,               0000301P    932
-1.000000000000001D0,-0.12D0,-0.2999999865130099D0,              0000301P    933
-1.000000000000001D0,-0.08D0,-0.2999999999999999D0,-0.0D0,       0000301P    934
0.06283185307179592D0,-1.0D0,-0.0D0,-0.0D0;                      0000301P    935
126,1,1,1,0,1,0,-0.0D0,-0.0D0,0.06283185307179592D0,             0000303P    936
0.06283185307179592D0,1.0D0,1.0D0,2.032499999999999D0,0.0D0,     0000303P    937
0.0D0,2.0325D0,0.06283185307179592D0,0.0D0,-0.0D0,               0000303P    938
0.06283185307179592D0,0.0D0,0.0D0,1.0D0;                         0000303P    939
141,1,3,287,4,289,1,1,291,293,1,1,295,297,1,1,299,301,1,1,303;   0000305P    940
143,1,287,1,305;                                                 0000307P    941
128,1,2,1,2,0,0,0,0,0,-0.8000000000000007D0,                     0000309P    942
-0.8000000000000007D0,3.054999999999999D0,3.054999999999999D0,   0000309P    943
0.0D0,0.0D0,0.0D0,0.06283185307179592D0,0.06283185307179592D0,   0000309P    944
0.06283185307179592D0,1.0D0,1.0D0,0.7071067811865472D0,          0000309P    945
0.7071067811865479D0,1.0D0,1.0D0,1.832500000000001D0,-0.12D0,    0000309P    946
-0.26D0,-2.0225D0,-0.12D0,-0.26D0,1.832500000000001D0,-0.12D0,   0000309P    947
-0.3D0,-2.0225D0,-0.12D0,-0.2999999999999999D0,                  0000309P    948
1.832500000000001D0,-0.07999999999999999D0,-0.3D0,-2.0225D0,     0000309P    949
-0.07999999999999999D0,-0.2999999999999999D0,                    0000309P    950
-0.8000000000000007D0,3.054999999999999D0,0.0D0,                 0000309P    951
0.06283185307179592D0;                                           0000309P    952
126,1,1,1,0,1,0,-1.9325D0,-1.9325D0,-1.0325D0,-1.0325D0,1.0D0,   0000311P    953
1.0D0,-0.8999999999999999D0,-0.07999999999999999D0,              0000311P    954
-0.2999999999999999D0,2.220446049250313D-16,                     0000311P    955
-0.08000000000000009D0,-0.3D0,-1.9325D0,-1.0325D0,0.0D0,0.0D0,   0000311P    956
1.0D0;                                                           0000311P    957
126,1,1,1,0,1,0,0.322499999999999D0,0.322499999999999D0,         0000313P    958
1.222499999999999D0,1.222499999999999D0,1.0D0,1.0D0,             0000313P    959
1.932499999999999D0,0.06283185307179592D0,0.0D0,1.0325D0,        0000313P    960
0.06283185307179592D0,0.0D0,0.322499999999999D0,                 0000313P    961
1.222499999999999D0,0.0D0,0.0D0,1.0D0;                           0000313P    962
126,2,2,1,0,0,0,-0.06283185307179592D0,-0.06283185307179592D0,   0000315P    963
-0.06283185307179592D0,0.0D0,0.0D0,0.0D0,1.0D0,                  0000315P    964
0.7071069003958352D0,1.0D0,2.220446049250313D-16,                0000315P    965
-0.0800000000000001D0,-0.3D0,-6.970170512638795D-16,-0.12D0,     0000315P    966
-0.2999999865130099D0,1.110223024625157D-16,-0.12D0,-0.26D0,     0000315P    967
-0.06283185307179592D0,0.0D0,-1.0D0,-0.0D0,-0.0D0;               0000315P    968
126,1,1,1,0,1,0,-0.06283185307179592D0,-0.06283185307179592D0,   0000317P    969
-0.0D0,-0.0D0,1.0D0,1.0D0,1.0325D0,0.06283185307179592D0,0.0D0,  0000317P    970
1.032499999999999D0,0.0D0,0.0D0,-0.06283185307179592D0,-0.0D0,   0000317P    971
0.0D0,0.0D0,1.0D0;                                               0000317P    972
126,1,1,1,0,1,0,1.0325D0,1.0325D0,1.932500000000001D0,           0000319P    973
1.932500000000001D0,1.0D0,1.0D0,1.110223024625157D-16,-0.12D0,   0000319P    974
-0.26D0,-0.9000000000000004D0,-0.12D0,-0.26D0,1.0325D0,          0000319P    975
1.932500000000001D0,0.0D0,0.0D0,1.0D0;                           0000319P    976
126,1,1,1,0,1,0,1.0325D0,1.0325D0,1.932499999999999D0,           0000321P    977
1.932499999999999D0,1.0D0,1.0D0,1.032499999999999D0,0.0D0,0.0D0, 0000321P    978
1.9325D0,0.0D0,0.0D0,1.0325D0,1.932499999999999D0,0.0D0,0.0D0,   0000321P    979
1.0D0;                                                           0000321P    980
126,2,2,1,0,0,0,0.0D0,0.0D0,0.0D0,0.06283185307179592D0,         0000323P    981
0.06283185307179592D0,0.06283185307179592D0,1.0D0,               0000323P    982
0.7071067811865477D0,1.0D0,-0.9000000000000004D0,-0.12D0,        0000323P    983
-0.26D0,-0.9000000000000005D0,-0.12D0,-0.3D0,                    0000323P    984
-0.8999999999999999D0,-0.07999999999999999D0,                    0000323P    985
-0.2999999999999999D0,0.0D0,0.06283185307179592D0,-1.0D0,-0.0D0, 0000323P    986
-0.0D0;                                                          0000323P    987
126,1,1,1,0,1,0,-0.0D0,-0.0D0,0.06283185307179592D0,             0000325P    988
0.06283185307179592D0,1.0D0,1.0D0,1.9325D0,0.0D0,0.0D0,          0000325P    989
1.932499999999999D0,0.06283185307179592D0,0.0D0,-0.0D0,          0000325P    990
0.06283185307179592D0,0.0D0,0.0D0,1.0D0;                         0000325P    991
141,1,3,309,4,311,1,1,313,315,1,1,317,319,1,1,321,323,1,1,325;   0000327P    992
143,1,309,1,327;                                                 0000329P    993
128,1,2,1,2,0,0,0,0,0,-0.8000000000000007D0,                     0000331P    994
-0.8000000000000007D0,3.054999999999999D0,3.054999999999999D0,   0000331P    995
0.0D0,0.0D0,0.0D0,0.06283185307179592D0,0.06283185307179592D0,   0000331P    996
0.06283185307179592D0,1.0D0,1.0D0,0.7071067811865472D0,          0000331P    997
0.7071067811865479D0,1.0D0,1.0D0,1.832500000000001D0,-0.12D0,    0000331P    998
-0.26D0,-2.0225D0,-0.12D0,-0.26D0,1.832500000000001D0,-0.12D0,   0000331P    999
-0.3D0,-2.0225D0,-0.12D0,-0.2999999999999999D0,                  0000331P   1000
1.832500000000001D0,-0.07999999999999999D0,-0.3D0,-2.0225D0,     0000331P   1001
-0.07999999999999999D0,-0.2999999999999999D0,                    0000331P   1002
-0.8000000000000007D0,3.054999999999999D0,0.0D0,                 0000331P   1003
0.06283185307179592D0;                                           0000331P   1004
126,1,1,1,0,1,0,-1.0325D0,-1.0325D0,-0.1325000000000003D0,       0000333P   1005
-0.1325000000000003D0,1.0D0,1.0D0,2.220446049250313D-16,         0000333P   1006
-0.08000000000000009D0,-0.3D0,0.8999999999999995D0,              0000333P   1007
-0.08000000000000017D0,-0.3D0,-1.0325D0,-0.1325000000000003D0,   0000333P   1008
0.0D0,0.0D0,1.0D0;                                               0000333P   1009
126,1,1,1,0,1,0,1.222499999999999D0,1.222499999999999D0,         0000335P   1010
2.122499999999998D0,2.122499999999998D0,1.0D0,1.0D0,1.0325D0,    0000335P   1011
0.06283185307179592D0,0.0D0,0.1325000000000002D0,                0000335P   1012
0.06283185307179592D0,0.0D0,1.222499999999999D0,                 0000335P   1013
2.122499999999998D0,0.0D0,0.0D0,1.0D0;                           0000335P   1014
126,2,2,1,0,0,0,-0.06283185307179592D0,-0.06283185307179592D0,   0000337P   1015
-0.06283185307179592D0,0.0D0,0.0D0,0.0D0,1.0D0,                  0000337P   1016
0.7071069003958351D0,1.0D0,0.8999999999999996D0,                 0000337P   1017
-0.08000000000000018D0,-0.3D0,0.899999999999999D0,-0.12D0,       0000337P   1018
-0.2999999865130099D0,0.9000000000000001D0,-0.12D0,              0000337P   1019
-0.2600000000000001D0,-0.06283185307179592D0,0.0D0,-1.0D0,       0000337P   1020
-0.0D0,-0.0D0;                                                   0000337P   1021
126,1,1,1,0,1,0,-0.06283185307179592D0,-0.06283185307179592D0,   0000339P   1022
-0.0D0,-0.0D0,1.0D0,1.0D0,0.1325000000000002D0,                  0000339P   1023
0.06283185307179592D0,0.0D0,0.1324999999999997D0,0.0D0,0.0D0,    0000339P   1024
-0.06283185307179592D0,-0.0D0,0.0D0,0.0D0,1.0D0;                 0000339P   1025
126,1,1,1,0,1,0,0.1324999999999997D0,0.1324999999999997D0,       0000341P   1026
1.0325D0,1.0325D0,1.0D0,1.0D0,0.9000000000000001D0,-0.12D0,      0000341P   1027
-0.2600000000000001D0,1.110223024625157D-16,-0.12D0,-0.26D0,     0000341P   1028
0.1324999999999997D0,1.0325D0,0.0D0,0.0D0,1.0D0;                 0000341P   1029
126,1,1,1,0,1,0,0.1324999999999997D0,0.1324999999999997D0,       0000343P   1030
1.0325D0,1.0325D0,1.0D0,1.0D0,0.1324999999999997D0,0.0D0,0.0D0,  0000343P   1031
1.032499999999999D0,0.0D0,0.0D0,0.1324999999999997D0,1.0325D0,   0000343P   1032
0.0D0,0.0D0,1.0D0;                                               0000343P   1033
126,2,2,1,0,0,0,-0.0D0,-0.0D0,-0.0D0,0.06283185307179592D0,      0000345P   1034
0.06283185307179592D0,0.06283185307179592D0,1.0D0,               0000345P   1035
0.7071069003958352D0,1.0D0,1.110223024625157D-16,-0.12D0,        0000345P   1036
-0.26D0,-6.970170512638795D-16,-0.12D0,-0.2999999865130099D0,    0000345P   1037
2.220446049250313D-16,-0.0800000000000001D0,-0.3D0,-0.0D0,       0000345P   1038
0.06283185307179592D0,-1.0D0,-0.0D0,-0.0D0;                      0000345P   1039
126,1,1,1,0,1,0,0.0D0,0.0D0,0.06283185307179592D0,               0000347P   1040
0.06283185307179592D0,1.0D0,1.0D0,1.032499999999999D0,0.0D0,     0000347P   1041
0.0D0,1.0325D0,0.06283185307179592D0,0.0D0,0.0D0,                0000347P   1042
0.06283185307179592D0,0.0D0,0.0D0,1.0D0;                         0000347P   1043
141,1,3,331,4,333,1,1,335,337,1,1,339,341,1,1,343,345,1,1,347;   0000349P   1044
143,1,331,1,349;                                                 0000351P   1045
128,1,2,1,2,0,0,0,0,0,-0.8000000000000007D0,                     0000353P   1046
-0.8000000000000007D0,3.054999999999999D0,3.054999999999999D0,   0000353P   1047
0.0D0,0.0D0,0.0D0,0.06283185307179592D0,0.06283185307179592D0,   0000353P   1048
0.06283185307179592D0,1.0D0,1.0D0,0.7071067811865472D0,          0000353P   1049
0.7071067811865479D0,1.0D0,1.0D0,1.832500000000001D0,-0.12D0,    0000353P   1050
-0.26D0,-2.0225D0,-0.12D0,-0.26D0,1.832500000000001D0,-0.12D0,   0000353P   1051
-0.3D0,-2.0225D0,-0.12D0,-0.2999999999999999D0,                  0000353P   1052
1.832500000000001D0,-0.07999999999999999D0,-0.3D0,-2.0225D0,     0000353P   1053
-0.07999999999999999D0,-0.2999999999999999D0,                    0000353P   1054
-0.8000000000000007D0,3.054999999999999D0,0.0D0,                 0000353P   1055
0.06283185307179592D0;                                           0000353P   1056
126,2,2,1,0,0,0,-0.06283185307179592D0,-0.06283185307179592D0,   0000355P   1057
-0.06283185307179592D0,0.0D0,0.0D0,0.0D0,1.0D0,                  0000355P   1058
0.7071069003958351D0,1.0D0,0.9500000000000003D0,                 0000355P   1059
-0.08000000000000018D0,-0.3D0,0.9499999999999996D0,-0.12D0,      0000355P   1060
-0.29999998651301D0,0.95D0,-0.12D0,-0.2600000000000001D0,        0000355P   1061
-0.06283185307179592D0,0.0D0,-1.0D0,-0.0D0,-0.0D0;               0000355P   1062
126,1,1,1,0,1,0,-0.06283185307179592D0,-0.06283185307179592D0,   0000357P   1063
-0.0D0,-0.0D0,1.0D0,1.0D0,0.08249999999999989D0,                 0000357P   1064
0.06283185307179592D0,0.0D0,0.08249999999999984D0,0.0D0,0.0D0,   0000357P   1065
-0.06283185307179592D0,-0.0D0,0.0D0,0.0D0,1.0D0;                 0000357P   1066
126,1,1,1,0,1,0,0.08249999999999985D0,0.08249999999999985D0,     0000359P   1067
0.1324999999999997D0,0.1324999999999997D0,1.0D0,1.0D0,0.95D0,    0000359P   1068
-0.12D0,-0.2600000000000001D0,0.9000000000000001D0,-0.12D0,      0000359P   1069
-0.2600000000000001D0,0.08249999999999985D0,                     0000359P   1070
0.1324999999999997D0,0.0D0,0.0D0,1.0D0;                          0000359P   1071
126,1,1,1,0,1,0,0.08249999999999987D0,0.08249999999999987D0,     0000361P   1072
0.1324999999999997D0,0.1324999999999997D0,1.0D0,1.0D0,           0000361P   1073
0.08249999999999984D0,0.0D0,0.0D0,0.1324999999999997D0,0.0D0,    0000361P   1074
0.0D0,0.08249999999999987D0,0.1324999999999997D0,0.0D0,0.0D0,    0000361P   1075
1.0D0;                                                           0000361P   1076
126,2,2,1,0,0,0,-0.0D0,-0.0D0,-0.0D0,0.06283185307179592D0,      0000363P   1077
0.06283185307179592D0,0.06283185307179592D0,1.0D0,               0000363P   1078
0.7071069003958351D0,1.0D0,0.9000000000000001D0,-0.12D0,         0000363P   1079
-0.2600000000000001D0,0.899999999999999D0,-0.12D0,               0000363P   1080
-0.2999999865130099D0,0.8999999999999996D0,                      0000363P   1081
-0.08000000000000018D0,-0.3D0,-0.0D0,0.06283185307179592D0,      0000363P   1082
-1.0D0,-0.0D0,-0.0D0;                                            0000363P   1083
126,1,1,1,0,1,0,0.0D0,0.0D0,0.06283185307179592D0,               0000365P   1084
0.06283185307179592D0,1.0D0,1.0D0,0.1324999999999997D0,0.0D0,    0000365P   1085
0.0D0,0.1325000000000002D0,0.06283185307179592D0,0.0D0,0.0D0,    0000365P   1086
0.06283185307179592D0,0.0D0,0.0D0,1.0D0;                         0000365P   1087
126,1,1,1,0,1,0,-0.1325000000000003D0,-0.1325000000000003D0,     0000367P   1088
-0.08249999999999938D0,-0.08249999999999938D0,1.0D0,1.0D0,       0000367P   1089
0.8999999999999995D0,-0.08000000000000017D0,-0.3D0,              0000367P   1090
0.9500000000000003D0,-0.08000000000000017D0,-0.3D0,              0000367P   1091
-0.1325000000000003D0,-0.08249999999999938D0,0.0D0,0.0D0,1.0D0;  0000367P   1092
126,1,1,1,0,1,0,2.122499999999998D0,2.122499999999998D0,         0000369P   1093
2.172499999999999D0,2.172499999999999D0,1.0D0,1.0D0,             0000369P   1094
0.1325000000000002D0,0.06283185307179592D0,0.0D0,                0000369P   1095
0.08249999999999989D0,0.06283185307179592D0,0.0D0,               0000369P   1096
2.122499999999998D0,2.172499999999999D0,0.0D0,0.0D0,1.0D0;       0000369P   1097
141,1,3,353,4,355,1,1,357,359,1,1,361,363,1,1,365,367,1,1,369;   0000371P   1098
143,1,353,1,371;                                                 0000373P   1099
128,1,2,1,2,0,0,0,0,0,-0.8000000000000007D0,                     0000375P   1100
-0.8000000000000007D0,3.054999999999999D0,3.054999999999999D0,   0000375P   1101
0.0D0,0.0D0,0.0D0,0.06283185307179592D0,0.06283185307179592D0,   0000375P   1102
0.06283185307179592D0,1.0D0,1.0D0,0.7071067811865472D0,          0000375P   1103
0.7071067811865479D0,1.0D0,1.0D0,1.832500000000001D0,-0.12D0,    0000375P   1104
-0.26D0,-2.0225D0,-0.12D0,-0.26D0,1.832500000000001D0,-0.12D0,   0000375P   1105
-0.3D0,-2.0225D0,-0.12D0,-0.2999999999999999D0,                  0000375P   1106
1.832500000000001D0,-0.07999999999999999D0,-0.3D0,-2.0225D0,     0000375P   1107
-0.07999999999999999D0,-0.2999999999999999D0,                    0000375P   1108
-0.8000000000000007D0,3.054999999999999D0,0.0D0,                 0000375P   1109
0.06283185307179592D0;                                           0000375P   1110
126,2,2,1,0,0,0,-0.06283185307179592D0,-0.06283185307179592D0,   0000377P   1111
-0.06283185307179592D0,0.0D0,0.0D0,0.0D0,1.0D0,                  0000377P   1112
0.7071069003958354D0,1.0D0,-1.000000000000001D0,-0.08D0,         0000377P   1113
-0.2999999999999999D0,-1.000000000000001D0,-0.12D0,              0000377P   1114
-0.2999999865130099D0,-1.0D0,-0.12D0,-0.26D0,                    0000377P   1115
-0.06283185307179592D0,0.0D0,-1.0D0,-0.0D0,-0.0D0;               0000377P   1116
126,1,1,1,0,1,0,-0.06283185307179592D0,-0.06283185307179592D0,   0000379P   1117
0.0D0,0.0D0,1.0D0,1.0D0,2.0325D0,0.06283185307179592D0,0.0D0,    0000379P   1118
2.032499999999999D0,0.0D0,0.0D0,-0.06283185307179592D0,0.0D0,    0000379P   1119
0.0D0,0.0D0,1.0D0;                                               0000379P   1120
126,1,1,1,0,1,0,2.032500000000001D0,2.032500000000001D0,         0000381P   1121
2.215000000000001D0,2.215000000000001D0,1.0D0,1.0D0,-1.0D0,      0000381P   1122
-0.12D0,-0.26D0,-1.1825D0,-0.12D0,-0.26D0,2.032500000000001D0,   0000381P   1123
2.215000000000001D0,0.0D0,0.0D0,1.0D0;                           0000381P   1124
126,1,1,1,0,1,0,2.032499999999999D0,2.032499999999999D0,         0000383P   1125
2.214999999999999D0,2.214999999999999D0,1.0D0,1.0D0,             0000383P   1126
2.032499999999999D0,0.0D0,0.0D0,2.214999999999999D0,0.0D0,0.0D0, 0000383P   1127
2.032499999999999D0,2.214999999999999D0,0.0D0,0.0D0,1.0D0;       0000383P   1128
126,2,2,1,0,0,0,0.0D0,0.0D0,0.0D0,0.06283185307179592D0,         0000385P   1129
0.06283185307179592D0,0.06283185307179592D0,1.0D0,               0000385P   1130
0.7071067811865478D0,1.0D0,-1.1825D0,-0.12D0,-0.26D0,            0000385P   1131
-1.182500000000001D0,-0.12D0,-0.2999999999999999D0,              0000385P   1132
-1.182500000000001D0,-0.07999999999999997D0,                     0000385P   1133
-0.2999999999999999D0,0.0D0,0.06283185307179592D0,1.0D0,0.0D0,   0000385P   1134
0.0D0;                                                           0000385P   1135
126,1,1,1,0,1,0,0.0D0,0.0D0,0.06283185307179592D0,               0000387P   1136
0.06283185307179592D0,1.0D0,1.0D0,2.214999999999999D0,0.0D0,     0000387P   1137
0.0D0,2.215D0,0.06283185307179592D0,0.0D0,0.0D0,                 0000387P   1138
0.06283185307179592D0,0.0D0,0.0D0,1.0D0;                         0000387P   1139
126,1,1,1,0,1,0,-2.215000000000002D0,-2.215000000000002D0,       0000389P   1140
-2.032500000000001D0,-2.032500000000001D0,1.0D0,1.0D0,           0000389P   1141
-1.182500000000001D0,-0.07999999999999997D0,                     0000389P   1142
-0.2999999999999999D0,-1.000000000000001D0,                      0000389P   1143
-0.07999999999999999D0,-0.2999999999999999D0,                    0000389P   1144
-2.215000000000002D0,-2.032500000000001D0,0.0D0,0.0D0,1.0D0;     0000389P   1145
126,1,1,1,0,1,0,0.03999999999999793D0,0.03999999999999793D0,     0000391P   1146
0.2224999999999981D0,0.2224999999999981D0,1.0D0,1.0D0,2.215D0,   0000391P   1147
0.06283185307179592D0,0.0D0,2.0325D0,0.06283185307179592D0,      0000391P   1148
0.0D0,0.03999999999999793D0,0.2224999999999981D0,0.0D0,0.0D0,    0000391P   1149
1.0D0;                                                           0000391P   1150
141,1,3,375,4,377,1,1,379,381,1,1,383,385,1,1,387,389,1,1,391;   0000393P   1151
143,1,375,1,393;                                                 0000395P   1152
128,1,2,1,2,0,0,0,0,0,-0.8000000000000005D0,                     0000397P   1153
-0.8000000000000005D0,1.4D0,1.4D0,0.0D0,0.0D0,0.0D0,             0000397P   1154
0.06283185307179701D0,0.06283185307179701D0,                     0000397P   1155
0.06283185307179701D0,1.0D0,1.0D0,0.7071067811865551D0,          0000397P   1156
0.7071067811865551D0,1.0D0,1.0D0,-1.222500000000001D0,           0000397P   1157
-0.07999999999999999D0,1.1D0,-1.2225D0,-0.07999999999999999D0,   0000397P   1158
-1.1D0,-1.2225D0,-0.1199999999999999D0,1.1D0,-1.2225D0,          0000397P   1159
-0.1199999999999998D0,-1.1D0,-1.1825D0,-0.12D0,                  0000397P   1160
1.100000000000001D0,-1.1825D0,-0.12D0,-1.100000000000001D0,      0000397P   1161
-0.8000000000000005D0,1.4D0,0.0D0,0.06283185307179701D0;         0000397P   1162
126,1,1,1,0,1,0,-0.3000000000000001D0,-0.3000000000000001D0,     0000399P   1163
-0.03999999999999998D0,-0.03999999999999998D0,1.0D0,1.0D0,       0000399P   1164
-1.1825D0,-0.12D0,-1.110223024625157D-16,-1.1825D0,-0.12D0,      0000399P   1165
0.26D0,-0.3000000000000001D0,-0.03999999999999998D0,1.0D0,0.0D0, 0000399P   1166
0.0D0;                                                           0000399P   1167
126,1,1,1,0,1,0,0.2999999999999997D0,0.2999999999999997D0,       0000401P   1168
0.5599999999999998D0,0.5599999999999998D0,1.0D0,1.0D0,0.3D0,     0000401P   1169
0.06283185307179701D0,0.0D0,0.03999999999999993D0,               0000401P   1170
0.06283185307179701D0,0.0D0,0.2999999999999997D0,                0000401P   1171
0.5599999999999998D0,0.0D0,0.0D0,1.0D0;                          0000401P   1172
126,2,2,1,0,0,0,0.0D0,0.0D0,0.0D0,0.06283185307179701D0,         0000403P   1173
0.06283185307179701D0,0.06283185307179701D0,1.0D0,               0000403P   1174
0.7071067811865551D0,1.0D0,-1.1825D0,-0.12D0,0.26D0,-1.2225D0,   0000403P   1175
-0.1199999999999999D0,0.2600000000000001D0,-1.2225D0,            0000403P   1176
-0.07999999999999993D0,0.2600000000000005D0,0.0D0,               0000403P   1177
0.06283185307179701D0,-0.0D0,-0.0D0,-1.0D0;                      0000403P   1178
126,1,1,1,0,1,0,0.0D0,0.0D0,0.06283185307179701D0,               0000405P   1179
0.06283185307179701D0,1.0D0,1.0D0,0.03999999999999993D0,         0000405P   1180
0.06283185307179701D0,0.0D0,0.03999999999999809D0,0.0D0,0.0D0,   0000405P   1181
0.0D0,0.06283185307179701D0,0.0D0,0.0D0,1.0D0;                   0000405P   1182
126,1,1,1,0,1,0,0.04000000000000006D0,0.04000000000000006D0,     0000407P   1183
0.3000000000000008D0,0.3000000000000008D0,1.0D0,1.0D0,-1.2225D0, 0000407P   1184
-0.07999999999999993D0,0.2600000000000005D0,-1.2225D0,           0000407P   1185
-0.07999999999999993D0,-1.110223024625157D-16,                   0000407P   1186
0.04000000000000006D0,0.3000000000000008D0,1.0D0,0.0D0,0.0D0;    0000407P   1187
126,1,1,1,0,1,0,0.03999999999999815D0,0.03999999999999815D0,     0000409P   1188
0.3000000000000002D0,0.3000000000000002D0,1.0D0,1.0D0,           0000409P   1189
0.03999999999999809D0,0.0D0,0.0D0,0.3000000000000002D0,0.0D0,    0000409P   1190
0.0D0,0.03999999999999815D0,0.3000000000000002D0,0.0D0,0.0D0,    0000409P   1191
1.0D0;                                                           0000409P   1192
126,2,2,1,0,0,0,0.0D0,0.0D0,0.0D0,0.06283185307179701D0,         0000411P   1193
0.06283185307179701D0,0.06283185307179701D0,1.0D0,               0000411P   1194
0.707106781186555D0,1.0D0,-1.2225D0,-0.07999999999999993D0,      0000411P   1195
-1.110223024625157D-16,-1.2225D0,-0.1199999999999999D0,          0000411P   1196
-1.433357200257024D-16,-1.1825D0,-0.12D0,-1.110223024625157D-16, 0000411P   1197
0.0D0,0.06283185307179701D0,-0.0D0,-0.0D0,-1.0D0;                0000411P   1198
126,1,1,1,0,1,0,0.0D0,0.0D0,0.06283185307179701D0,               0000413P   1199
0.06283185307179701D0,1.0D0,1.0D0,0.3000000000000002D0,0.0D0,    0000413P   1200
0.0D0,0.3D0,0.06283185307179701D0,0.0D0,0.0D0,                   0000413P   1201
0.06283185307179701D0,0.0D0,0.0D0,1.0D0;                         0000413P   1202
141,1,3,397,4,399,1,1,401,403,1,1,405,407,1,1,409,411,1,1,413;   0000415P   1203
143,1,397,1,415;                                                 0000417P   1204
128,1,2,1,2,0,0,0,0,0,-0.8000000000000005D0,                     0000419P   1205
-0.8000000000000005D0,1.4D0,1.4D0,0.0D0,0.0D0,0.0D0,             0000419P   1206
0.06283185307179701D0,0.06283185307179701D0,                     0000419P   1207
0.06283185307179701D0,1.0D0,1.0D0,0.7071067811865551D0,          0000419P   1208
0.7071067811865551D0,1.0D0,1.0D0,-1.222500000000001D0,           0000419P   1209
-0.07999999999999999D0,1.1D0,-1.2225D0,-0.07999999999999999D0,   0000419P   1210
-1.1D0,-1.2225D0,-0.1199999999999999D0,1.1D0,-1.2225D0,          0000419P   1211
-0.1199999999999998D0,-1.1D0,-1.1825D0,-0.12D0,                  0000419P   1212
1.100000000000001D0,-1.1825D0,-0.12D0,-1.100000000000001D0,      0000419P   1213
-0.8000000000000005D0,1.4D0,0.0D0,0.06283185307179701D0;         0000419P   1214
126,2,2,1,0,0,0,-0.06283185307179701D0,-0.06283185307179701D0,   0000421P   1215
-0.06283185307179701D0,-0.0D0,-0.0D0,-0.0D0,1.0D0,               0000421P   1216
0.707106781186555D0,1.0D0,-1.1825D0,-0.12D0,                     0000421P   1217
-1.110223024625157D-16,-1.2225D0,-0.1199999999999999D0,          0000421P   1218
-1.433357200257024D-16,-1.2225D0,-0.07999999999999993D0,         0000421P   1219
-1.110223024625157D-16,-0.06283185307179701D0,-0.0D0,-0.0D0,     0000421P   1220
-0.0D0,-1.0D0;                                                   0000421P   1221
126,1,1,1,0,1,0,-0.06283185307179701D0,-0.06283185307179701D0,   0000423P   1222
-0.0D0,-0.0D0,1.0D0,1.0D0,0.3D0,0.06283185307179701D0,0.0D0,     0000423P   1223
0.3000000000000002D0,0.0D0,0.0D0,-0.06283185307179701D0,-0.0D0,  0000423P   1224
0.0D0,0.0D0,1.0D0;                                               0000423P   1225
126,1,1,1,0,1,0,0.3000000000000008D0,0.3000000000000008D0,       0000425P   1226
0.5600000000000001D0,0.5600000000000001D0,1.0D0,1.0D0,-1.2225D0, 0000425P   1227
-0.07999999999999993D0,-1.110223024625157D-16,-1.2225D0,         0000425P   1228
-0.07999999999999993D0,-0.2599999999999991D0,                    0000425P   1229
0.3000000000000008D0,0.5600000000000001D0,1.0D0,0.0D0,0.0D0;     0000425P   1230
126,1,1,1,0,1,0,0.3000000000000002D0,0.3000000000000002D0,       0000427P   1231
0.5599999999999973D0,0.5599999999999973D0,1.0D0,1.0D0,           0000427P   1232
0.3000000000000002D0,0.0D0,0.0D0,0.5599999999999973D0,0.0D0,     0000427P   1233
0.0D0,0.3000000000000002D0,0.5599999999999973D0,0.0D0,0.0D0,     0000427P   1234
1.0D0;                                                           0000427P   1235
126,2,2,1,0,0,0,0.0D0,0.0D0,0.0D0,0.06283185307179613D0,         0000429P   1236
0.06283185307179613D0,0.06283185307179613D0,1.0D0,               0000429P   1237
0.707106781186539D0,1.0D0,-1.2225D0,-0.07999999999999993D0,      0000429P   1238
-0.2599999999999992D0,-1.222500000000001D0,                      0000429P   1239
-0.1200000000000005D0,-0.2599999999999996D0,-1.1825D0,-0.12D0,   0000429P   1240
-0.26D0,0.0D0,0.06283185307179613D0,0.0D0,0.0D0,1.0D0;           0000429P   1241
126,1,1,1,0,1,0,0.0D0,0.0D0,0.06283185307179701D0,               0000431P   1242
0.06283185307179701D0,1.0D0,1.0D0,0.5599999999999973D0,0.0D0,    0000431P   1243
0.0D0,0.5600000000000001D0,0.06283185307179701D0,0.0D0,0.0D0,    0000431P   1244
0.06283185307179701D0,0.0D0,0.0D0,1.0D0;                         0000431P   1245
126,1,1,1,0,1,0,-0.5600000000000001D0,-0.5600000000000001D0,     0000433P   1246
-0.3000000000000001D0,-0.3000000000000001D0,1.0D0,1.0D0,         0000433P   1247
-1.1825D0,-0.12D0,-0.26D0,-1.1825D0,-0.12D0,                     0000433P   1248
-1.110223024625157D-16,-0.5600000000000001D0,                    0000433P   1249
-0.3000000000000001D0,1.0D0,0.0D0,0.0D0;                         0000433P   1250
126,1,1,1,0,1,0,0.03999999999999981D0,0.03999999999999981D0,     0000435P   1251
0.2999999999999997D0,0.2999999999999997D0,1.0D0,1.0D0,           0000435P   1252
0.5600000000000001D0,0.06283185307179701D0,0.0D0,0.3D0,          0000435P   1253
0.06283185307179701D0,0.0D0,0.03999999999999981D0,               0000435P   1254
0.2999999999999997D0,0.0D0,0.0D0,1.0D0;                          0000435P   1255
141,1,3,419,4,421,1,1,423,425,1,1,427,429,1,1,431,433,1,1,435;   0000437P   1256
143,1,419,1,437;                                                 0000439P   1257
128,1,1,1,1,0,0,1,0,0,0.0D0,0.0D0,0.1964688270438854D0,          0000441P   1258
0.1964688270438854D0,0.0D0,0.0D0,0.6D0,0.6D0,1.0D0,1.0D0,1.0D0,  0000441P   1259
1.0D0,1.2225D0,-0.06999999999999998D0,0.3D0,1.0325D0,-0.12D0,    0000441P   1260
0.3D0,1.2225D0,-0.06999999999999992D0,-0.3D0,1.0325D0,-0.12D0,   0000441P   1261
-0.3D0,0.0D0,0.1964688270438854D0,0.0D0,0.6D0;                   0000441P   1262
126,1,1,1,0,1,0,-0.1809436421385615D0,-0.1809436421385615D0,     0000443P   1263
-0.01945227938502747D0,-0.01945227938502747D0,1.0D0,1.0D0,       0000443P   1264
1.047514011008232D0,-0.116048944471518D0,2.914335439641036D-16,  0000443P   1265
1.203688195915019D0,-0.07495047475920576D0,                      0000443P   1266
-2.220446049250313D-16,-0.1809436421385615D0,                    0000443P   1267
-0.01945227938502747D0,0.0D0,0.0D0,1.0D0;                        0000443P   1268
126,1,1,1,0,1,0,-0.1809436421385615D0,-0.1809436421385615D0,     0000445P   1269
-0.01945227938502745D0,-0.01945227938502745D0,1.0D0,1.0D0,       0000445P   1270
0.1809436421385614D0,0.2999999999999998D0,0.0D0,                 0000445P   1271
0.01945227938502747D0,0.2999999999999998D0,0.0D0,                0000445P   1272
-0.1809436421385615D0,-0.01945227938502745D0,0.0D0,0.0D0,1.0D0;  0000445P   1273
126,1,1,1,0,1,0,-0.347951208032881D0,-0.347951208032881D0,       0000447P   1274
-0.05318606100736582D0,-0.05318606100736582D0,1.0D0,1.0D0,       0000447P   1275
1.203688195915019D0,-0.07495047475920576D0,                      0000447P   1276
-2.220446049250313D-16,1.047514011008232D0,                      0000447P   1277
-0.1160489444715184D0,0.2465908182738758D0,-0.347951208032881D0, 0000447P   1278
-0.05318606100736582D0,-0.8448190755542291D0,0.0D0,              0000447P   1279
-0.5350520811843443D0;                                           0000447P   1280
126,6,3,1,0,1,0,-0.3479512080328809D0,-0.3479512080328809D0,     0000449P   1281
-0.3479512080328809D0,-0.3479512080328809D0,                     0000449P   1282
-0.3367391278715753D0,-0.3367391278715753D0,                     0000449P   1283
-0.3367391278715753D0,-0.05318606100736571D0,                    0000449P   1284
-0.05318606100736571D0,-0.05318606100736571D0,                   0000449P   1285
-0.05318606100736571D0,1.0D0,1.0D0,1.0D0,1.0D0,1.0D0,1.0D0,      0000449P   1286
1.0D0,0.01945227938502747D0,0.2999999999999998D0,0.0D0,          0000449P   1287
0.02149984776444545D0,0.2968734454057277D0,0.0D0,                0000449P   1288
0.02354741467932873D0,0.2937468930477403D0,0.0D0,                0000449P   1289
0.02559498159421173D0,0.2906203406897527D0,0.0D0,                0000449P   1290
0.07737786844232905D0,0.2115499543685431D0,0.0D0,                0000449P   1291
0.1291607552904453D0,0.1324795680473331D0,0.0D0,                 0000449P   1292
0.1809436421385614D0,0.05340918172612279D0,0.0D0,                0000449P   1293
-0.3479512080328809D0,-0.05318606100736571D0,0.0D0,0.0D0,1.0D0;  0000449P   1294
126,1,1,1,0,1,0,-0.5465908182738773D0,-0.5465908182738773D0,     0000451P   1295
-0.3000000000000007D0,-0.3000000000000007D0,1.0D0,1.0D0,         0000451P   1296
1.047514011008232D0,-0.1160489444715184D0,0.2465908182738758D0,  0000451P   1297
1.047514011008232D0,-0.116048944471518D0,2.914335439641036D-16,  0000451P   1298
-0.5465908182738773D0,-0.3000000000000007D0,1.0D0,0.0D0,0.0D0;   0000451P   1299
126,3,3,1,0,1,0,-0.5465908182738773D0,-0.5465908182738773D0,     0000453P   1300
-0.5465908182738773D0,-0.5465908182738773D0,                     0000453P   1301
-0.3000000000000003D0,-0.3000000000000003D0,                     0000453P   1302
-0.3000000000000003D0,-0.3000000000000003D0,1.0D0,1.0D0,1.0D0,   0000453P   1303
1.0D0,0.1809436421385614D0,0.05340918172612279D0,0.0D0,          0000453P   1304
0.1809436421385614D0,0.1356061211507484D0,0.0D0,                 0000453P   1305
0.1809436421385614D0,0.217803060575374D0,0.0D0,                  0000453P   1306
0.1809436421385614D0,0.2999999999999998D0,0.0D0,                 0000453P   1307
-0.5465908182738773D0,-0.3000000000000003D0,0.0D0,0.0D0,1.0D0;   0000453P   1308
141,1,3,441,3,443,1,1,445,447,1,1,449,451,1,1,453;               0000455P   1309
143,1,441,1,455;                                                 0000457P   1310
128,1,1,1,1,0,0,1,0,0,0.0D0,0.0D0,0.1964688270438854D0,          0000459P   1311
0.1964688270438854D0,0.0D0,0.0D0,0.6D0,0.6D0,1.0D0,1.0D0,1.0D0,  0000459P   1312
1.0D0,1.2225D0,-0.06999999999999998D0,0.3D0,1.0325D0,-0.12D0,    0000459P   1313
0.3D0,1.2225D0,-0.06999999999999992D0,-0.3D0,1.0325D0,-0.12D0,   0000459P   1314
-0.3D0,0.0D0,0.1964688270438854D0,0.0D0,0.6D0;                   0000459P   1315
126,1,1,1,0,1,0,-0.3000000000000007D0,-0.3000000000000007D0,     0000461P   1316
-0.05340918172612364D0,-0.05340918172612364D0,1.0D0,1.0D0,       0000461P   1317
1.047514011008232D0,-0.116048944471518D0,2.914335439641036D-16,  0000461P   1318
1.047514011008233D0,-0.1160489444715176D0,-0.2465908182738756D0, 0000461P   1319
-0.3000000000000007D0,-0.05340918172612364D0,1.0D0,0.0D0,0.0D0;  0000461P   1320
126,3,3,1,0,1,0,-0.3000000000000003D0,-0.3000000000000003D0,     0000463P   1321
-0.3000000000000003D0,-0.3000000000000003D0,                     0000463P   1322
-0.05340918172612364D0,-0.05340918172612364D0,                   0000463P   1323
-0.05340918172612364D0,-0.05340918172612364D0,1.0D0,1.0D0,1.0D0, 0000463P   1324
1.0D0,0.1809436421385614D0,0.2999999999999998D0,0.0D0,           0000463P   1325
0.1809436421385615D0,0.3821969394246251D0,0.0D0,                 0000463P   1326
0.1809436421385615D0,0.4643938788492507D0,0.0D0,                 0000463P   1327
0.1809436421385616D0,0.5465908182738762D0,0.0D0,                 0000463P   1328
-0.3000000000000003D0,-0.05340918172612364D0,0.0D0,0.0D0,1.0D0;  0000463P   1329
126,1,1,1,0,1,0,-0.3054223605334558D0,-0.3054223605334558D0,     0000465P   1330
-0.01065721350794019D0,-0.01065721350794019D0,1.0D0,1.0D0,       0000465P   1331
1.047514011008233D0,-0.1160489444715176D0,-0.2465908182738756D0, 0000465P   1332
1.203688195915019D0,-0.07495047475920576D0,                      0000465P   1333
-2.220446049250313D-16,-0.3054223605334558D0,                    0000465P   1334
-0.01065721350794019D0,-0.8448190755542301D0,0.0D0,              0000465P   1335
0.5350520811843426D0;                                            0000465P   1336
126,3,3,1,0,1,0,-0.305422360533456D0,-0.305422360533456D0,       0000467P   1337
-0.305422360533456D0,-0.305422360533456D0,-0.0106572135079405D0, 0000467P   1338
-0.0106572135079405D0,-0.0106572135079405D0,                     0000467P   1339
-0.0106572135079405D0,1.0D0,1.0D0,1.0D0,1.0D0,                   0000467P   1340
0.1809436421385616D0,0.5465908182738762D0,0.0D0,                 0000467P   1341
0.1271132007215637D0,0.4643938984465284D0,0.0D0,                 0000467P   1342
0.07328275930456638D0,0.3821969786191805D0,0.0D0,                0000467P   1343
0.01945227938502747D0,0.2999999999999998D0,0.0D0,                0000467P   1344
-0.305422360533456D0,-0.0106572135079405D0,0.0D0,0.0D0,1.0D0;    0000467P   1345
126,1,1,1,0,1,0,0.01945227938502747D0,0.01945227938502747D0,     0000469P   1346
0.1809436421385615D0,0.1809436421385615D0,1.0D0,1.0D0,           0000469P   1347
1.203688195915019D0,-0.07495047475920576D0,                      0000469P   1348
-2.220446049250313D-16,1.047514011008232D0,-0.116048944471518D0, 0000469P   1349
2.914335439641036D-16,0.01945227938502747D0,                     0000469P   1350
0.1809436421385615D0,0.0D0,0.0D0,1.0D0;                          0000469P   1351
126,1,1,1,0,1,0,0.01945227938502745D0,0.01945227938502745D0,     0000471P   1352
0.1809436421385615D0,0.1809436421385615D0,1.0D0,1.0D0,           0000471P   1353
0.01945227938502747D0,0.2999999999999998D0,0.0D0,                0000471P   1354
0.1809436421385614D0,0.2999999999999998D0,0.0D0,                 0000471P   1355
0.01945227938502745D0,0.1809436421385615D0,0.0D0,0.0D0,1.0D0;    0000471P   1356
141,1,3,459,3,461,1,1,463,465,1,1,467,469,1,1,471;               0000473P   1357
143,1,459,1,473;                                                 0000475P   1358
128,1,1,1,1,0,0,1,0,0,-2.445D0,-2.445D0,0.0D0,0.0D0,0.0D0,0.0D0, 0000477P   1359
0.6D0,0.6D0,1.0D0,1.0D0,1.0D0,1.0D0,1.2225D0,-0.12D0,0.3D0,      0000477P   1360
-1.2225D0,-0.12D0,0.3D0,1.2225D0,-0.12D0,-0.3D0,-1.2225D0,       0000477P   1361
-0.12D0,-0.3D0,-2.445D0,0.0D0,0.0D0,0.6D0;                       0000477P   1362
126,1,1,1,0,1,0,0.3000000000000001D0,0.3000000000000001D0,       0000479P   1363
0.5600000000000001D0,0.5600000000000001D0,1.0D0,1.0D0,           0000479P   1364
1.016974815094676D0,-0.12D0,2.775557561562891D-17,               0000479P   1365
1.016974815094677D0,-0.12D0,0.2599999999999999D0,                0000479P   1366
0.3000000000000001D0,0.5600000000000001D0,1.0D0,0.0D0,0.0D0;     0000479P   1367
126,3,3,1,0,1,0,0.3D0,0.3D0,0.3D0,0.3D0,0.5600000000000001D0,    0000481P   1368
0.5600000000000001D0,0.5600000000000001D0,0.5600000000000001D0,  0000481P   1369
1.0D0,1.0D0,1.0D0,1.0D0,-2.239474815094676D0,                    0000481P   1370
0.2999999999999999D0,0.0D0,-2.239474815094676D0,                 0000481P   1371
0.2133333333333333D0,0.0D0,-2.239474815094676D0,                 0000481P   1372
0.1266666666666666D0,0.0D0,-2.239474815094676D0,0.04D0,0.0D0,    0000481P   1373
0.3D0,0.5600000000000001D0,0.0D0,0.0D0,1.0D0;                    0000481P   1374
126,1,1,1,0,1,0,0.01552518490532348D0,0.01552518490532348D0,     0000483P   1375
0.0825000000000022D0,0.0825000000000022D0,1.0D0,1.0D0,           0000483P   1376
1.016974815094677D0,-0.12D0,0.2599999999999999D0,                0000483P   1377
0.9499999999999979D0,-0.12D0,0.26D0,0.01552518490532348D0,       0000483P   1378
0.0825000000000022D0,0.0D0,0.0D0,1.0D0;                          0000483P   1379
126,3,3,1,0,1,0,0.01552518490532348D0,0.01552518490532348D0,     0000485P   1380
0.01552518490532348D0,0.01552518490532348D0,                     0000485P   1381
0.08250001595324048D0,0.08250001595324048D0,                     0000485P   1382
0.08250001595324048D0,0.08250001595324048D0,1.0D0,1.0D0,1.0D0,   0000485P   1383
1.0D0,-2.239474815094676D0,0.04D0,0.0D0,-2.217149882057399D0,    0000485P   1384
0.04D0,0.0D0,-2.194824949020121D0,0.04D0,0.0D0,                  0000485P   1385
-2.172499999999999D0,0.04000000000000002D0,0.0D0,                0000485P   1386
0.01552518490532348D0,0.08250001595324048D0,0.0D0,0.0D0,1.0D0;   0000485P   1387
126,1,1,1,0,1,0,0.04000000000000006D0,0.04000000000000006D0,     0000487P   1388
0.3D0,0.3D0,1.0D0,1.0D0,0.9499999999999979D0,-0.12D0,0.26D0,     0000487P   1389
0.9499999999999995D0,-0.12D0,5.551115123125783D-17,              0000487P   1390
0.04000000000000006D0,0.3D0,1.0D0,0.0D0,0.0D0;                   0000487P   1391
126,1,1,1,0,1,0,0.04000000000000006D0,0.04000000000000006D0,     0000489P   1392
0.3D0,0.3D0,1.0D0,1.0D0,-2.172499999999999D0,                    0000489P   1393
0.04000000000000002D0,0.0D0,-2.172499999999999D0,                0000489P   1394
0.2999999999999999D0,0.0D0,0.04000000000000006D0,0.3D0,0.0D0,    0000489P   1395
0.0D0,1.0D0;                                                     0000489P   1396
126,1,1,1,0,1,0,0.04999999999999935D0,0.04999999999999935D0,     0000491P   1397
0.1169748150946761D0,0.1169748150946761D0,1.0D0,1.0D0,           0000491P   1398
0.9499999999999995D0,-0.12D0,5.551115123125783D-17,              0000491P   1399
1.016974815094676D0,-0.12D0,2.775557561562891D-17,               0000491P   1400
0.04999999999999935D0,0.1169748150946761D0,0.0D0,0.0D0,1.0D0;    0000491P   1401
126,1,1,1,0,1,0,0.04999999999999935D0,0.04999999999999935D0,     0000493P   1402
0.1169748150946761D0,0.1169748150946761D0,1.0D0,1.0D0,           0000493P   1403
-2.172499999999999D0,0.2999999999999999D0,0.0D0,                 0000493P   1404
-2.239474815094676D0,0.2999999999999999D0,0.0D0,                 0000493P   1405
0.04999999999999935D0,0.1169748150946761D0,0.0D0,0.0D0,1.0D0;    0000493P   1406
141,1,3,477,4,479,1,1,481,483,1,1,485,487,1,1,489,491,1,1,493;   0000495P   1407
143,1,477,1,495;                                                 0000497P   1408
128,1,1,1,1,0,0,1,0,0,-2.445D0,-2.445D0,0.0D0,0.0D0,0.0D0,0.0D0, 0000499P   1409
0.6D0,0.6D0,1.0D0,1.0D0,1.0D0,1.0D0,1.2225D0,-0.12D0,0.3D0,      0000499P   1410
-1.2225D0,-0.12D0,0.3D0,1.2225D0,-0.12D0,-0.3D0,-1.2225D0,       0000499P   1411
-0.12D0,-0.3D0,-2.445D0,0.0D0,0.0D0,0.6D0;                       0000499P   1412
126,1,1,1,0,1,0,0.2224999999999999D0,0.2224999999999999D0,       0000501P   1413
0.3224999999999999D0,0.3224999999999999D0,1.0D0,1.0D0,           0000501P   1414
-0.9999999999999998D0,-0.12D0,-5.551115123125783D-17,            0000501P   1415
-0.9000000000000001D0,-0.12D0,-2.775557561562891D-17,            0000501P   1416
0.2224999999999999D0,0.3224999999999999D0,0.0D0,0.0D0,1.0D0;     0000501P   1417
126,1,1,1,0,1,0,0.2224999999999999D0,0.2224999999999999D0,       0000503P   1418
0.3224999999999999D0,0.3224999999999999D0,1.0D0,1.0D0,-0.2225D0, 0000503P   1419
0.3D0,0.0D0,-0.3224999999999998D0,0.3D0,0.0D0,                   0000503P   1420
0.2224999999999999D0,0.3224999999999999D0,0.0D0,0.0D0,1.0D0;     0000503P   1421
126,1,1,1,0,1,0,-0.3000000000000002D0,-0.3000000000000002D0,     0000505P   1422
-0.04000000000000006D0,-0.04000000000000006D0,1.0D0,1.0D0,       0000505P   1423
-0.9000000000000001D0,-0.12D0,-2.775557561562891D-17,            0000505P   1424
-0.8999999999999998D0,-0.12D0,0.26D0,-0.3000000000000002D0,      0000505P   1425
-0.04000000000000006D0,1.0D0,0.0D0,0.0D0;                        0000505P   1426
126,1,1,1,0,1,0,-0.3000000000000002D0,-0.3000000000000002D0,     0000507P   1427
-0.04000000000000006D0,-0.04000000000000006D0,1.0D0,1.0D0,       0000507P   1428
-0.3224999999999998D0,0.3D0,0.0D0,-0.3225000000000001D0,         0000507P   1429
0.03999999999999995D0,0.0D0,-0.3000000000000002D0,               0000507P   1430
-0.04000000000000006D0,0.0D0,0.0D0,1.0D0;                        0000507P   1431
126,1,1,1,0,1,0,1.9325D0,1.9325D0,2.0325D0,2.0325D0,1.0D0,1.0D0, 0000509P   1432
-0.8999999999999998D0,-0.12D0,0.26D0,-1.0D0,-0.12D0,0.26D0,      0000509P   1433
1.9325D0,2.0325D0,0.0D0,0.0D0,1.0D0;                             0000509P   1434
126,3,3,1,0,1,0,1.93250010986507D0,1.93250010986507D0,           0000511P   1435
1.93250010986507D0,1.93250010986507D0,2.032500076491329D0,       0000511P   1436
2.032500076491329D0,2.032500076491329D0,2.032500076491329D0,     0000511P   1437
1.0D0,1.0D0,1.0D0,1.0D0,-0.3225000000000001D0,                   0000511P   1438
0.03999999999999995D0,0.0D0,-0.2891666676278477D0,               0000511P   1439
0.03999999999999997D0,0.0D0,-0.2558333343109421D0,               0000511P   1440
0.03999999999999997D0,0.0D0,-0.2225D0,0.03999999999999998D0,     0000511P   1441
0.0D0,1.93250010986507D0,2.032500076491329D0,0.0D0,0.0D0,1.0D0;  0000511P   1442
126,1,1,1,0,1,0,0.04000000000000006D0,0.04000000000000006D0,     0000513P   1443
0.3000000000000002D0,0.3000000000000002D0,1.0D0,1.0D0,-1.0D0,    0000513P   1444
-0.12D0,0.26D0,-0.9999999999999998D0,-0.12D0,                    0000513P   1445
-5.551115123125783D-17,0.04000000000000006D0,                    0000513P   1446
0.3000000000000002D0,1.0D0,0.0D0,0.0D0;                          0000513P   1447
126,1,1,1,0,1,0,0.04000000000000006D0,0.04000000000000006D0,     0000515P   1448
0.3000000000000002D0,0.3000000000000002D0,1.0D0,1.0D0,-0.2225D0, 0000515P   1449
0.03999999999999998D0,0.0D0,-0.2225D0,0.3D0,0.0D0,               0000515P   1450
0.04000000000000006D0,0.3000000000000002D0,0.0D0,0.0D0,1.0D0;    0000515P   1451
141,1,3,499,4,501,1,1,503,505,1,1,507,509,1,1,511,513,1,1,515;   0000517P   1452
143,1,499,1,517;                                                 0000519P   1453
128,1,1,1,1,0,0,1,0,0,-2.445D0,-2.445D0,0.0D0,0.0D0,0.0D0,0.0D0, 0000521P   1454
0.6D0,0.6D0,1.0D0,1.0D0,1.0D0,1.0D0,1.2225D0,-0.12D0,0.3D0,      0000521P   1455
-1.2225D0,-0.12D0,0.3D0,1.2225D0,-0.12D0,-0.3D0,-1.2225D0,       0000521P   1456
-0.12D0,-0.3D0,-2.445D0,0.0D0,0.0D0,0.6D0;                       0000521P   1457
126,1,1,1,0,1,0,-2.032500000000001D0,-2.032500000000001D0,       0000523P   1458
-1.932500000000002D0,-1.932500000000002D0,1.0D0,1.0D0,-1.0D0,    0000523P   1459
-0.12D0,-0.26D0,-0.9000000000000011D0,-0.12D0,-0.26D0,           0000523P   1460
-2.032500000000001D0,-1.932500000000002D0,0.0D0,0.0D0,1.0D0;     0000523P   1461
126,3,3,1,0,1,0,-2.0325D0,-2.0325D0,-2.0325D0,-2.0325D0,         0000525P   1462
-1.932500000000001D0,-1.932500000000001D0,-1.932500000000001D0,  0000525P   1463
-1.932500000000001D0,1.0D0,1.0D0,1.0D0,1.0D0,                    0000525P   1464
-0.2224999999999999D0,0.5599999999999997D0,0.0D0,                0000525P   1465
-0.2558333333333329D0,0.5599999999999996D0,0.0D0,                0000525P   1466
-0.2891666666666658D0,0.5599999999999996D0,0.0D0,                0000525P   1467
-0.3224999999999992D0,0.5600000000000001D0,0.0D0,-2.0325D0,      0000525P   1468
-1.932500000000001D0,0.0D0,0.0D0,1.0D0;                          0000525P   1469
126,1,1,1,0,1,0,-0.5600000000000001D0,-0.5600000000000001D0,     0000527P   1470
-0.3000000000000002D0,-0.3000000000000002D0,1.0D0,1.0D0,         0000527P   1471
-0.9000000000000011D0,-0.12D0,-0.26D0,-0.9000000000000001D0,     0000527P   1472
-0.12D0,-2.775557561562891D-17,-0.5600000000000001D0,            0000527P   1473
-0.3000000000000002D0,1.0D0,0.0D0,0.0D0;                         0000527P   1474
126,1,1,1,0,1,0,-0.5600000000000001D0,-0.5600000000000001D0,     0000529P   1475
-0.3000000000000002D0,-0.3000000000000002D0,1.0D0,1.0D0,         0000529P   1476
-0.3224999999999992D0,0.5600000000000001D0,0.0D0,                0000529P   1477
-0.3224999999999999D0,0.3D0,0.0D0,-0.5600000000000001D0,         0000529P   1478
-0.3000000000000002D0,0.0D0,0.0D0,1.0D0;                         0000529P   1479
126,1,1,1,0,1,0,-0.3224999999999999D0,-0.3224999999999999D0,     0000531P   1480
-0.2224999999999999D0,-0.2224999999999999D0,1.0D0,1.0D0,         0000531P   1481
-0.9000000000000001D0,-0.12D0,-2.775557561562891D-17,            0000531P   1482
-0.9999999999999998D0,-0.12D0,-5.551115123125783D-17,            0000531P   1483
-0.3224999999999999D0,-0.2224999999999999D0,0.0D0,0.0D0,1.0D0;   0000531P   1484
126,1,1,1,0,1,0,-0.3224999999999999D0,-0.3224999999999999D0,     0000533P   1485
-0.2224999999999999D0,-0.2224999999999999D0,1.0D0,1.0D0,         0000533P   1486
-0.3224999999999999D0,0.3D0,0.0D0,-0.2225D0,0.3D0,0.0D0,         0000533P   1487
-0.3224999999999999D0,-0.2224999999999999D0,0.0D0,0.0D0,1.0D0;   0000533P   1488
126,1,1,1,0,1,0,0.3000000000000002D0,0.3000000000000002D0,       0000535P   1489
0.5600000000000001D0,0.5600000000000001D0,1.0D0,1.0D0,           0000535P   1490
-0.9999999999999998D0,-0.12D0,-5.551115123125783D-17,-1.0D0,     0000535P   1491
-0.12D0,-0.26D0,0.3000000000000002D0,0.5600000000000001D0,1.0D0, 0000535P   1492
0.0D0,0.0D0;                                                     0000535P   1493
126,1,1,1,0,1,0,0.3000000000000002D0,0.3000000000000002D0,       0000537P   1494
0.5600000000000001D0,0.5600000000000001D0,1.0D0,1.0D0,-0.2225D0, 0000537P   1495
0.3D0,0.0D0,-0.2224999999999999D0,0.5599999999999997D0,0.0D0,    0000537P   1496
0.3000000000000002D0,0.5600000000000001D0,0.0D0,0.0D0,1.0D0;     0000537P   1497
141,1,3,521,4,523,1,1,525,527,1,1,529,531,1,1,533,535,1,1,537;   0000539P   1498
143,1,521,1,539;                                                 0000541P   1499
128,1,1,1,1,0,0,1,0,0,-2.445D0,-2.445D0,0.0D0,0.0D0,0.0D0,0.0D0, 0000543P   1500
0.6D0,0.6D0,1.0D0,1.0D0,1.0D0,1.0D0,1.2225D0,-0.12D0,0.3D0,      0000543P   1501
-1.2225D0,-0.12D0,0.3D0,1.2225D0,-0.12D0,-0.3D0,-1.2225D0,       0000543P   1502
-0.12D0,-0.3D0,-2.445D0,0.0D0,0.0D0,0.6D0;                       0000543P   1503
126,1,1,1,0,1,0,0.3000000000000002D0,0.3000000000000002D0,       0000545P   1504
0.5600000000000001D0,0.5600000000000001D0,1.0D0,1.0D0,           0000545P   1505
-0.9000000000000001D0,-0.12D0,-2.775557561562891D-17,            0000545P   1506
-0.9000000000000011D0,-0.12D0,-0.26D0,0.3000000000000002D0,      0000545P   1507
0.5600000000000001D0,1.0D0,0.0D0,0.0D0;                          0000545P   1508
126,1,1,1,0,1,0,0.3000000000000002D0,0.3000000000000002D0,       0000547P   1509
0.5600000000000001D0,0.5600000000000001D0,1.0D0,1.0D0,           0000547P   1510
-0.3224999999999998D0,0.3D0,0.0D0,-0.3224999999999992D0,         0000547P   1511
0.5600000000000001D0,0.0D0,0.3000000000000002D0,                 0000547P   1512
0.5600000000000001D0,0.0D0,0.0D0,1.0D0;                          0000547P   1513
126,1,1,1,0,1,0,-1.932500000000002D0,-1.932500000000002D0,       0000549P   1514
-1.0325D0,-1.0325D0,1.0D0,1.0D0,-0.9000000000000011D0,-0.12D0,   0000549P   1515
-0.26D0,-1.110223024625157D-16,-0.12D0,-0.26D0,                  0000549P   1516
-1.932500000000002D0,-1.0325D0,0.0D0,0.0D0,1.0D0;                0000549P   1517
126,3,3,1,0,1,0,-1.932500000000001D0,-1.932500000000001D0,       0000551P   1518
-1.932500000000001D0,-1.932500000000001D0,-1.0325D0,-1.0325D0,   0000551P   1519
-1.0325D0,-1.0325D0,1.0D0,1.0D0,1.0D0,1.0D0,                     0000551P   1520
-0.3224999999999992D0,0.5600000000000001D0,0.0D0,                0000551P   1521
-0.6225001430511462D0,0.5599999999999996D0,0.0D0,                0000551P   1522
-0.9225000715255727D0,0.5599999999999995D0,0.0D0,-1.2225D0,      0000551P   1523
0.5599999999999998D0,0.0D0,-1.932500000000001D0,-1.0325D0,0.0D0, 0000551P   1524
0.0D0,1.0D0;                                                     0000551P   1525
126,1,1,1,0,1,0,-0.5600000000000001D0,-0.5600000000000001D0,     0000553P   1526
-0.04000000000000006D0,-0.04000000000000006D0,1.0D0,1.0D0,       0000553P   1527
-1.110223024625157D-16,-0.12D0,-0.26D0,-6.661338147750939D-16,   0000553P   1528
-0.12D0,0.26D0,-0.5600000000000001D0,-0.04000000000000006D0,     0000553P   1529
1.0D0,0.0D0,0.0D0;                                               0000553P   1530
126,1,1,1,0,1,0,-0.5600000000000001D0,-0.5600000000000001D0,     0000555P   1531
-0.04000000000000006D0,-0.04000000000000006D0,1.0D0,1.0D0,       0000555P   1532
-1.2225D0,0.5599999999999998D0,0.0D0,-1.2225D0,                  0000555P   1533
0.03999999999999997D0,0.0D0,-0.5600000000000001D0,               0000555P   1534
-0.04000000000000006D0,0.0D0,0.0D0,1.0D0;                        0000555P   1535
126,1,1,1,0,1,0,1.032500000000001D0,1.032500000000001D0,         0000557P   1536
1.9325D0,1.9325D0,1.0D0,1.0D0,-6.661338147750939D-16,-0.12D0,    0000557P   1537
0.26D0,-0.8999999999999998D0,-0.12D0,0.26D0,1.032500000000001D0, 0000557P   1538
1.9325D0,0.0D0,0.0D0,1.0D0;                                      0000557P   1539
126,3,3,1,0,1,0,1.032500190629561D0,1.032500190629561D0,         0000559P   1540
1.032500190629561D0,1.032500190629561D0,1.93250010986507D0,      0000559P   1541
1.93250010986507D0,1.93250010986507D0,1.93250010986507D0,1.0D0,  0000559P   1542
1.0D0,1.0D0,1.0D0,-1.2225D0,0.03999999999999997D0,0.0D0,         0000559P   1543
-0.922500052573219D0,0.03999999999999995D0,0.0D0,                0000559P   1544
-0.6225000645491223D0,0.03999999999999994D0,0.0D0,               0000559P   1545
-0.3225000000000001D0,0.03999999999999995D0,0.0D0,               0000559P   1546
1.032500190629561D0,1.93250010986507D0,0.0D0,0.0D0,1.0D0;        0000559P   1547
126,1,1,1,0,1,0,0.04000000000000006D0,0.04000000000000006D0,     0000561P   1548
0.3000000000000002D0,0.3000000000000002D0,1.0D0,1.0D0,           0000561P   1549
-0.8999999999999998D0,-0.12D0,0.26D0,-0.9000000000000001D0,      0000561P   1550
-0.12D0,-2.775557561562891D-17,0.04000000000000006D0,            0000561P   1551
0.3000000000000002D0,1.0D0,0.0D0,0.0D0;                          0000561P   1552
126,1,1,1,0,1,0,0.04000000000000006D0,0.04000000000000006D0,     0000563P   1553
0.3000000000000002D0,0.3000000000000002D0,1.0D0,1.0D0,           0000563P   1554
-0.3225000000000001D0,0.03999999999999995D0,0.0D0,               0000563P   1555
-0.3224999999999998D0,0.3D0,0.0D0,0.04000000000000006D0,         0000563P   1556
0.3000000000000002D0,0.0D0,0.0D0,1.0D0;                          0000563P   1557
141,1,3,543,5,545,1,1,547,549,1,1,551,553,1,1,555,557,1,1,559,   0000565P   1558
561,1,1,563;                                                     0000565P   1559
143,1,543,1,565;                                                 0000567P   1560
128,1,1,1,1,0,0,1,0,0,-2.445D0,-2.445D0,0.0D0,0.0D0,0.0D0,0.0D0, 0000569P   1561
0.6D0,0.6D0,1.0D0,1.0D0,1.0D0,1.0D0,1.2225D0,-0.12D0,0.3D0,      0000569P   1562
-1.2225D0,-0.12D0,0.3D0,1.2225D0,-0.12D0,-0.3D0,-1.2225D0,       0000569P   1563
-0.12D0,-0.3D0,-2.445D0,0.0D0,0.0D0,0.6D0;                       0000569P   1564
126,1,1,1,0,1,0,-0.3000000000000002D0,-0.3000000000000002D0,     0000571P   1565
-0.04000000000000006D0,-0.04000000000000006D0,1.0D0,1.0D0,       0000571P   1566
-0.9999999999999998D0,-0.12D0,-5.551115123125783D-17,-1.0D0,     0000571P   1567
-0.12D0,0.26D0,-0.3000000000000002D0,-0.04000000000000006D0,     0000571P   1568
1.0D0,0.0D0,0.0D0;                                               0000571P   1569
126,1,1,1,0,1,0,-0.3000000000000002D0,-0.3000000000000002D0,     0000573P   1570
-0.04000000000000006D0,-0.04000000000000006D0,1.0D0,1.0D0,       0000573P   1571
-0.2225D0,0.3D0,0.0D0,-0.2225D0,0.03999999999999998D0,0.0D0,     0000573P   1572
-0.3000000000000002D0,-0.04000000000000006D0,0.0D0,0.0D0,1.0D0;  0000573P   1573
126,1,1,1,0,1,0,2.0325D0,2.0325D0,2.215D0,2.215D0,1.0D0,1.0D0,   0000575P   1574
-1.0D0,-0.12D0,0.26D0,-1.1825D0,-0.12D0,0.26D0,2.0325D0,2.215D0, 0000575P   1575
0.0D0,0.0D0,1.0D0;                                               0000575P   1576
126,3,3,1,0,1,0,2.032500076491329D0,2.032500076491329D0,         0000577P   1577
2.032500076491329D0,2.032500076491329D0,2.215D0,2.215D0,2.215D0, 0000577P   1578
2.215D0,1.0D0,1.0D0,1.0D0,1.0D0,-0.2225D0,0.03999999999999998D0, 0000577P   1579
0.0D0,-0.1616666700772834D0,0.03999999999999999D0,0.0D0,         0000577P   1580
-0.1008333368438047D0,0.04D0,0.0D0,-0.03999999999999951D0,       0000577P   1581
0.04000000000000001D0,0.0D0,2.032500076491329D0,2.215D0,0.0D0,   0000577P   1582
0.0D0,1.0D0;                                                     0000577P   1583
126,1,1,1,0,1,0,0.03999999999999998D0,0.03999999999999998D0,     0000579P   1584
0.3000000000000001D0,0.3000000000000001D0,1.0D0,1.0D0,-1.1825D0, 0000579P   1585
-0.12D0,0.26D0,-1.1825D0,-0.12D0,-1.110223024625157D-16,         0000579P   1586
0.03999999999999998D0,0.3000000000000001D0,1.0D0,0.0D0,0.0D0;    0000579P   1587
126,3,3,1,0,1,0,0.03999999999999998D0,0.03999999999999998D0,     0000581P   1588
0.03999999999999998D0,0.03999999999999998D0,0.3D0,0.3D0,0.3D0,   0000581P   1589
0.3D0,1.0D0,1.0D0,1.0D0,1.0D0,-0.03999999999999951D0,            0000581P   1590
0.04000000000000001D0,0.0D0,-0.03999999999999972D0,              0000581P   1591
0.1266666666666667D0,0.0D0,-0.03999999999999986D0,               0000581P   1592
0.2133333333333333D0,0.0D0,-0.03999999999999991D0,0.3D0,0.0D0,   0000581P   1593
0.03999999999999998D0,0.3D0,0.0D0,0.0D0,1.0D0;                   0000581P   1594
126,1,1,1,0,1,0,0.03999999999999959D0,0.03999999999999959D0,     0000583P   1595
0.2224999999999999D0,0.2224999999999999D0,1.0D0,1.0D0,-1.1825D0, 0000583P   1596
-0.12D0,-1.110223024625157D-16,-0.9999999999999998D0,-0.12D0,    0000583P   1597
-5.551115123125783D-17,0.03999999999999959D0,                    0000583P   1598
0.2224999999999999D0,0.0D0,0.0D0,1.0D0;                          0000583P   1599
126,1,1,1,0,1,0,0.03999999999999959D0,0.03999999999999959D0,     0000585P   1600
0.2224999999999999D0,0.2224999999999999D0,1.0D0,1.0D0,           0000585P   1601
-0.03999999999999991D0,0.3D0,0.0D0,-0.2225D0,0.3D0,0.0D0,        0000585P   1602
0.03999999999999959D0,0.2224999999999999D0,0.0D0,0.0D0,1.0D0;    0000585P   1603
141,1,3,569,4,571,1,1,573,575,1,1,577,579,1,1,581,583,1,1,585;   0000587P   1604
143,1,569,1,587;                                                 0000589P   1605
128,1,1,1,1,0,0,1,0,0,-2.445D0,-2.445D0,0.0D0,0.0D0,0.0D0,0.0D0, 0000591P   1606
0.6D0,0.6D0,1.0D0,1.0D0,1.0D0,1.0D0,1.2225D0,-0.12D0,0.3D0,      0000591P   1607
-1.2225D0,-0.12D0,0.3D0,1.2225D0,-0.12D0,-0.3D0,-1.2225D0,       0000591P   1608
-0.12D0,-0.3D0,-2.445D0,0.0D0,0.0D0,0.6D0;                       0000591P   1609
126,1,1,1,0,1,0,-1.0325D0,-1.0325D0,-0.1324999999999997D0,       0000593P   1610
-0.1324999999999997D0,1.0D0,1.0D0,-1.110223024625157D-16,        0000593P   1611
-0.12D0,-0.26D0,0.9000000000000001D0,-0.12D0,                    0000593P   1612
-0.2600000000000001D0,-1.0325D0,-0.1324999999999997D0,0.0D0,     0000593P   1613
0.0D0,1.0D0;                                                     0000593P   1614
126,3,3,1,0,1,0,-1.0325D0,-1.0325D0,-1.0325D0,-1.0325D0,         0000595P   1615
-0.1324999999999999D0,-0.1324999999999999D0,                     0000595P   1616
-0.1324999999999999D0,-0.1324999999999999D0,1.0D0,1.0D0,1.0D0,   0000595P   1617
1.0D0,-1.2225D0,0.5599999999999998D0,0.0D0,-1.522499928474426D0, 0000595P   1618
0.5599999999999996D0,0.0D0,-1.822499856948853D0,                 0000595P   1619
0.5599999999999999D0,0.0D0,-2.1225D0,0.5600000000000001D0,0.0D0, 0000595P   1620
-1.0325D0,-0.1324999999999999D0,0.0D0,0.0D0,1.0D0;               0000595P   1621
126,1,1,1,0,1,0,-0.5600000000000001D0,-0.5600000000000001D0,     0000597P   1622
-0.3D0,-0.3D0,1.0D0,1.0D0,0.9000000000000001D0,-0.12D0,          0000597P   1623
-0.2600000000000001D0,0.9000000000000001D0,-0.12D0,              0000597P   1624
-5.551115123125783D-17,-0.5600000000000001D0,-0.3D0,1.0D0,0.0D0, 0000597P   1625
0.0D0;                                                           0000597P   1626
126,1,1,1,0,1,0,-0.5600000000000001D0,-0.5600000000000001D0,     0000599P   1627
-0.3D0,-0.3D0,1.0D0,1.0D0,-2.1225D0,0.5600000000000001D0,0.0D0,  0000599P   1628
-2.1225D0,0.3D0,0.0D0,-0.5600000000000001D0,-0.3D0,0.0D0,0.0D0,  0000599P   1629
1.0D0;                                                           0000599P   1630
126,1,1,1,0,1,0,-0.3D0,-0.3D0,-0.04000000000000006D0,            0000601P   1631
-0.04000000000000006D0,1.0D0,1.0D0,0.9000000000000001D0,-0.12D0, 0000601P   1632
-5.551115123125783D-17,0.9000000000000001D0,-0.12D0,             0000601P   1633
0.2599999999999999D0,-0.3D0,-0.04000000000000006D0,1.0D0,0.0D0,  0000601P   1634
0.0D0;                                                           0000601P   1635
126,1,1,1,0,1,0,-0.3D0,-0.3D0,-0.04000000000000006D0,            0000603P   1636
-0.04000000000000006D0,1.0D0,1.0D0,-2.1225D0,0.3D0,0.0D0,        0000603P   1637
-2.1225D0,0.04D0,0.0D0,-0.3D0,-0.04000000000000006D0,0.0D0,      0000603P   1638
0.0D0,1.0D0;                                                     0000603P   1639
126,1,1,1,0,1,0,0.1324999999999998D0,0.1324999999999998D0,       0000605P   1640
1.032500000000001D0,1.032500000000001D0,1.0D0,1.0D0,             0000605P   1641
0.9000000000000001D0,-0.12D0,0.2599999999999999D0,               0000605P   1642
-6.661338147750939D-16,-0.12D0,0.26D0,0.1324999999999998D0,      0000605P   1643
1.032500000000001D0,0.0D0,0.0D0,1.0D0;                           0000605P   1644
126,3,3,1,0,1,0,0.1325000278100931D0,0.1325000278100931D0,       0000607P   1645
0.1325000278100931D0,0.1325000278100931D0,1.032500190629561D0,   0000607P   1646
1.032500190629561D0,1.032500190629561D0,1.032500190629561D0,     0000607P   1647
1.0D0,1.0D0,1.0D0,1.0D0,-2.1225D0,0.04D0,0.0D0,                  0000607P   1648
-1.822499945119975D0,0.03999999999999999D0,0.0D0,                0000607P   1649
-1.522500100146953D0,0.03999999999999999D0,0.0D0,-1.2225D0,      0000607P   1650
0.03999999999999997D0,0.0D0,0.1325000278100931D0,                0000607P   1651
1.032500190629561D0,0.0D0,0.0D0,1.0D0;                           0000607P   1652
126,1,1,1,0,1,0,0.04000000000000006D0,0.04000000000000006D0,     0000609P   1653
0.5600000000000001D0,0.5600000000000001D0,1.0D0,1.0D0,           0000609P   1654
-6.661338147750939D-16,-0.12D0,0.26D0,-1.110223024625157D-16,    0000609P   1655
-0.12D0,-0.26D0,0.04000000000000006D0,0.5600000000000001D0,      0000609P   1656
1.0D0,0.0D0,0.0D0;                                               0000609P   1657
126,1,1,1,0,1,0,0.04000000000000006D0,0.04000000000000006D0,     0000611P   1658
0.5600000000000001D0,0.5600000000000001D0,1.0D0,1.0D0,-1.2225D0, 0000611P   1659
0.03999999999999997D0,0.0D0,-1.2225D0,0.5599999999999998D0,      0000611P   1660
0.0D0,0.04000000000000006D0,0.5600000000000001D0,0.0D0,0.0D0,    0000611P   1661
1.0D0;                                                           0000611P   1662
141,1,3,591,5,593,1,1,595,597,1,1,599,601,1,1,603,605,1,1,607,   0000613P   1663
609,1,1,611;                                                     0000613P   1664
143,1,591,1,613;                                                 0000615P   1665
128,1,1,1,1,0,0,1,0,0,-2.445D0,-2.445D0,0.0D0,0.0D0,0.0D0,0.0D0, 0000617P   1666
0.6D0,0.6D0,1.0D0,1.0D0,1.0D0,1.0D0,1.2225D0,-0.12D0,0.3D0,      0000617P   1667
-1.2225D0,-0.12D0,0.3D0,1.2225D0,-0.12D0,-0.3D0,-1.2225D0,       0000617P   1668
-0.12D0,-0.3D0,-2.445D0,0.0D0,0.0D0,0.6D0;                       0000617P   1669
126,1,1,1,0,1,0,-0.0D0,-0.0D0,0.04999999999999935D0,             0000619P   1670
0.04999999999999935D0,1.0D0,1.0D0,0.9000000000000001D0,-0.12D0,  0000619P   1671
-5.551115123125783D-17,0.9499999999999995D0,-0.12D0,             0000619P   1672
5.551115123125783D-17,-0.0D0,0.04999999999999935D0,0.0D0,0.0D0,  0000619P   1673
1.0D0;                                                           0000619P   1674
126,1,1,1,0,1,0,-0.0D0,-0.0D0,0.04999999999999935D0,             0000621P   1675
0.04999999999999935D0,1.0D0,1.0D0,-2.1225D0,0.3D0,0.0D0,         0000621P   1676
-2.172499999999999D0,0.2999999999999999D0,0.0D0,-0.0D0,          0000621P   1677
0.04999999999999935D0,0.0D0,0.0D0,1.0D0;                         0000621P   1678
126,1,1,1,0,1,0,-0.3D0,-0.3D0,-0.04000000000000006D0,            0000623P   1679
-0.04000000000000006D0,1.0D0,1.0D0,0.9499999999999995D0,-0.12D0, 0000623P   1680
5.551115123125783D-17,0.9499999999999979D0,-0.12D0,0.26D0,       0000623P   1681
-0.3D0,-0.04000000000000006D0,1.0D0,0.0D0,0.0D0;                 0000623P   1682
126,1,1,1,0,1,0,-0.3D0,-0.3D0,-0.04000000000000006D0,            0000625P   1683
-0.04000000000000006D0,1.0D0,1.0D0,-2.172499999999999D0,         0000625P   1684
0.2999999999999999D0,0.0D0,-2.172499999999999D0,                 0000625P   1685
0.04000000000000002D0,0.0D0,-0.3D0,-0.04000000000000006D0,0.0D0, 0000625P   1686
0.0D0,1.0D0;                                                     0000625P   1687
126,1,1,1,0,1,0,0.0825000000000022D0,0.0825000000000022D0,       0000627P   1688
0.1324999999999998D0,0.1324999999999998D0,1.0D0,1.0D0,           0000627P   1689
0.9499999999999979D0,-0.12D0,0.26D0,0.9000000000000001D0,        0000627P   1690
-0.12D0,0.2599999999999999D0,0.0825000000000022D0,               0000627P   1691
0.1324999999999998D0,0.0D0,0.0D0,1.0D0;                          0000627P   1692
126,3,3,1,0,1,0,0.08250001595324048D0,0.08250001595324048D0,     0000629P   1693
0.08250001595324048D0,0.08250001595324048D0,                     0000629P   1694
0.1325000278100931D0,0.1325000278100931D0,0.1325000278100931D0,  0000629P   1695
0.1325000278100931D0,1.0D0,1.0D0,1.0D0,1.0D0,                    0000629P   1696
-2.172499999999999D0,0.04000000000000002D0,0.0D0,                0000629P   1697
-2.155833333343637D0,0.03999999999999999D0,0.0D0,                0000629P   1698
-2.139166666679025D0,0.03999999999999999D0,0.0D0,-2.1225D0,      0000629P   1699
0.04D0,0.0D0,0.08250001595324048D0,0.1325000278100931D0,0.0D0,   0000629P   1700
0.0D0,1.0D0;                                                     0000629P   1701
126,1,1,1,0,1,0,0.04000000000000006D0,0.04000000000000006D0,     0000631P   1702
0.3D0,0.3D0,1.0D0,1.0D0,0.9000000000000001D0,-0.12D0,            0000631P   1703
0.2599999999999999D0,0.9000000000000001D0,-0.12D0,               0000631P   1704
-5.551115123125783D-17,0.04000000000000006D0,0.3D0,1.0D0,0.0D0,  0000631P   1705
0.0D0;                                                           0000631P   1706
126,1,1,1,0,1,0,0.04000000000000006D0,0.04000000000000006D0,     0000633P   1707
0.3D0,0.3D0,1.0D0,1.0D0,-2.1225D0,0.04D0,0.0D0,-2.1225D0,0.3D0,  0000633P   1708
0.0D0,0.04000000000000006D0,0.3D0,0.0D0,0.0D0,1.0D0;             0000633P   1709
141,1,3,617,4,619,1,1,621,623,1,1,625,627,1,1,629,631,1,1,633;   0000635P   1710
143,1,617,1,635;                                                 0000637P   1711
128,1,1,1,1,0,0,1,0,0,-2.445D0,-2.445D0,0.0D0,0.0D0,0.0D0,0.0D0, 0000639P   1712
0.6D0,0.6D0,1.0D0,1.0D0,1.0D0,1.0D0,1.2225D0,-0.12D0,0.3D0,      0000639P   1713
-1.2225D0,-0.12D0,0.3D0,1.2225D0,-0.12D0,-0.3D0,-1.2225D0,       0000639P   1714
-0.12D0,-0.3D0,-2.445D0,0.0D0,0.0D0,0.6D0;                       0000639P   1715
126,1,1,1,0,1,0,-0.1324999999999997D0,-0.1324999999999997D0,     0000641P   1716
-0.0825000000000012D0,-0.0825000000000012D0,1.0D0,1.0D0,         0000641P   1717
0.9000000000000001D0,-0.12D0,-0.2600000000000001D0,              0000641P   1718
0.9499999999999986D0,-0.12D0,-0.2600000000000001D0,              0000641P   1719
-0.1324999999999997D0,-0.0825000000000012D0,0.0D0,0.0D0,1.0D0;   0000641P   1720
126,3,3,1,0,1,0,-0.1324999999999999D0,-0.1324999999999999D0,     0000643P   1721
-0.1324999999999999D0,-0.1324999999999999D0,                     0000643P   1722
-0.08250000000000164D0,-0.08250000000000164D0,                   0000643P   1723
-0.08250000000000164D0,-0.08250000000000164D0,1.0D0,1.0D0,1.0D0, 0000643P   1724
1.0D0,-2.1225D0,0.5600000000000001D0,0.0D0,-2.139166666666666D0, 0000643P   1725
0.5600000000000001D0,0.0D0,-2.155833333333332D0,                 0000643P   1726
0.5600000000000001D0,0.0D0,-2.172499999999999D0,                 0000643P   1727
0.5600000000000001D0,0.0D0,-0.1324999999999999D0,                0000643P   1728
-0.08250000000000164D0,0.0D0,0.0D0,1.0D0;                        0000643P   1729
126,1,1,1,0,1,0,-0.5600000000000001D0,-0.5600000000000001D0,     0000645P   1730
-0.3D0,-0.3D0,1.0D0,1.0D0,0.9499999999999986D0,-0.12D0,          0000645P   1731
-0.2600000000000001D0,0.9499999999999995D0,-0.12D0,              0000645P   1732
5.551115123125783D-17,-0.5600000000000001D0,-0.3D0,1.0D0,0.0D0,  0000645P   1733
0.0D0;                                                           0000645P   1734
126,1,1,1,0,1,0,-0.5600000000000001D0,-0.5600000000000001D0,     0000647P   1735
-0.3D0,-0.3D0,1.0D0,1.0D0,-2.172499999999999D0,                  0000647P   1736
0.5600000000000001D0,0.0D0,-2.172499999999999D0,                 0000647P   1737
0.2999999999999999D0,0.0D0,-0.5600000000000001D0,-0.3D0,0.0D0,   0000647P   1738
0.0D0,1.0D0;                                                     0000647P   1739
126,1,1,1,0,1,0,-0.04999999999999935D0,-0.04999999999999935D0,   0000649P   1740
0.0D0,0.0D0,1.0D0,1.0D0,0.9499999999999995D0,-0.12D0,            0000649P   1741
5.551115123125783D-17,0.9000000000000001D0,-0.12D0,              0000649P   1742
-5.551115123125783D-17,-0.04999999999999935D0,0.0D0,0.0D0,0.0D0, 0000649P   1743
1.0D0;                                                           0000649P   1744
126,1,1,1,0,1,0,-0.04999999999999935D0,-0.04999999999999935D0,   0000651P   1745
0.0D0,0.0D0,1.0D0,1.0D0,-2.172499999999999D0,                    0000651P   1746
0.2999999999999999D0,0.0D0,-2.1225D0,0.3D0,0.0D0,                0000651P   1747
-0.04999999999999935D0,0.0D0,0.0D0,0.0D0,1.0D0;                  0000651P   1748
126,1,1,1,0,1,0,0.3D0,0.3D0,0.5600000000000001D0,                0000653P   1749
0.5600000000000001D0,1.0D0,1.0D0,0.9000000000000001D0,-0.12D0,   0000653P   1750
-5.551115123125783D-17,0.9000000000000001D0,-0.12D0,             0000653P   1751
-0.2600000000000001D0,0.3D0,0.5600000000000001D0,1.0D0,0.0D0,    0000653P   1752
0.0D0;                                                           0000653P   1753
126,1,1,1,0,1,0,0.3D0,0.3D0,0.5600000000000001D0,                0000655P   1754
0.5600000000000001D0,1.0D0,1.0D0,-2.1225D0,0.3D0,0.0D0,          0000655P   1755
-2.1225D0,0.5600000000000001D0,0.0D0,0.3D0,0.5600000000000001D0, 0000655P   1756
0.0D0,0.0D0,1.0D0;                                               0000655P   1757
141,1,3,639,4,641,1,1,643,645,1,1,647,649,1,1,651,653,1,1,655;   0000657P   1758
143,1,639,1,657;                                                 0000659P   1759
128,1,1,1,1,0,0,1,0,0,-2.445D0,-2.445D0,0.0D0,0.0D0,0.0D0,0.0D0, 0000661P   1760
0.6D0,0.6D0,1.0D0,1.0D0,1.0D0,1.0D0,1.2225D0,-0.12D0,0.3D0,      0000661P   1761
-1.2225D0,-0.12D0,0.3D0,1.2225D0,-0.12D0,-0.3D0,-1.2225D0,       0000661P   1762
-0.12D0,-0.3D0,-2.445D0,0.0D0,0.0D0,0.6D0;                       0000661P   1763
126,1,1,1,0,1,0,-0.1169748150946761D0,-0.1169748150946761D0,     0000663P   1764
-0.04999999999999935D0,-0.04999999999999935D0,1.0D0,1.0D0,       0000663P   1765
1.016974815094676D0,-0.12D0,2.775557561562891D-17,               0000663P   1766
0.9499999999999995D0,-0.12D0,5.551115123125783D-17,              0000663P   1767
-0.1169748150946761D0,-0.04999999999999935D0,0.0D0,0.0D0,1.0D0;  0000663P   1768
126,1,1,1,0,1,0,-0.1169748150946761D0,-0.1169748150946761D0,     0000665P   1769
-0.04999999999999935D0,-0.04999999999999935D0,1.0D0,1.0D0,       0000665P   1770
-2.239474815094676D0,0.2999999999999999D0,0.0D0,                 0000665P   1771
-2.172499999999999D0,0.2999999999999999D0,0.0D0,                 0000665P   1772
-0.1169748150946761D0,-0.04999999999999935D0,0.0D0,0.0D0,1.0D0;  0000665P   1773
126,1,1,1,0,1,0,0.3D0,0.3D0,0.5600000000000001D0,                0000667P   1774
0.5600000000000001D0,1.0D0,1.0D0,0.9499999999999995D0,-0.12D0,   0000667P   1775
5.551115123125783D-17,0.9499999999999986D0,-0.12D0,              0000667P   1776
-0.2600000000000001D0,0.3D0,0.5600000000000001D0,1.0D0,0.0D0,    0000667P   1777
0.0D0;                                                           0000667P   1778
126,1,1,1,0,1,0,0.3D0,0.3D0,0.5600000000000001D0,                0000669P   1779
0.5600000000000001D0,1.0D0,1.0D0,-2.172499999999999D0,           0000669P   1780
0.2999999999999999D0,0.0D0,-2.172499999999999D0,                 0000669P   1781
0.5600000000000001D0,0.0D0,0.3D0,0.5600000000000001D0,0.0D0,     0000669P   1782
0.0D0,1.0D0;                                                     0000669P   1783
126,1,1,1,0,1,0,-0.0825000000000012D0,-0.0825000000000012D0,     0000671P   1784
-0.0155251849053242D0,-0.0155251849053242D0,1.0D0,1.0D0,         0000671P   1785
0.9499999999999986D0,-0.12D0,-0.2600000000000001D0,              0000671P   1786
1.016974815094676D0,-0.12D0,-0.2600000000000001D0,               0000671P   1787
-0.0825000000000012D0,-0.0155251849053242D0,0.0D0,0.0D0,1.0D0;   0000671P   1788
126,3,3,1,0,1,0,-0.08250000000000164D0,-0.08250000000000164D0,   0000673P   1789
-0.08250000000000164D0,-0.08250000000000164D0,                   0000673P   1790
-0.0155251849053242D0,-0.0155251849053242D0,                     0000673P   1791
-0.0155251849053242D0,-0.0155251849053242D0,1.0D0,1.0D0,1.0D0,   0000673P   1792
1.0D0,-2.172499999999999D0,0.5600000000000001D0,0.0D0,           0000673P   1793
-2.194824949010251D0,0.5600000000000001D0,0.0D0,                 0000673P   1794
-2.217149882052464D0,0.5600000000000001D0,0.0D0,                 0000673P   1795
-2.239474815094676D0,0.5600000000000001D0,0.0D0,                 0000673P   1796
-0.08250000000000164D0,-0.0155251849053242D0,0.0D0,0.0D0,1.0D0;  0000673P   1797
126,1,1,1,0,1,0,0.03999999999999993D0,0.03999999999999993D0,     0000675P   1798
0.3000000000000001D0,0.3000000000000001D0,1.0D0,1.0D0,           0000675P   1799
1.016974815094676D0,-0.12D0,-0.2600000000000001D0,               0000675P   1800
1.016974815094676D0,-0.12D0,2.775557561562891D-17,               0000675P   1801
0.03999999999999993D0,0.3000000000000001D0,1.0D0,0.0D0,0.0D0;    0000675P   1802
126,3,3,1,0,1,0,0.03999999999999993D0,0.03999999999999993D0,     0000677P   1803
0.03999999999999993D0,0.03999999999999993D0,0.3D0,0.3D0,0.3D0,   0000677P   1804
0.3D0,1.0D0,1.0D0,1.0D0,1.0D0,-2.239474815094676D0,              0000677P   1805
0.5600000000000001D0,0.0D0,-2.239474815094675D0,                 0000677P   1806
0.4733333333333334D0,0.0D0,-2.239474815094676D0,                 0000677P   1807
0.3866666666666666D0,0.0D0,-2.239474815094676D0,                 0000677P   1808
0.2999999999999999D0,0.0D0,0.03999999999999993D0,0.3D0,0.0D0,    0000677P   1809
0.0D0,1.0D0;                                                     0000677P   1810
141,1,3,661,4,663,1,1,665,667,1,1,669,671,1,1,673,675,1,1,677;   0000679P   1811
143,1,661,1,679;                                                 0000681P   1812
128,1,1,1,1,0,0,1,0,0,-2.445D0,-2.445D0,0.0D0,0.0D0,0.0D0,0.0D0, 0000683P   1813
0.6D0,0.6D0,1.0D0,1.0D0,1.0D0,1.0D0,1.2225D0,-0.12D0,0.3D0,      0000683P   1814
-1.2225D0,-0.12D0,0.3D0,1.2225D0,-0.12D0,-0.3D0,-1.2225D0,       0000683P   1815
-0.12D0,-0.3D0,-2.445D0,0.0D0,0.0D0,0.6D0;                       0000683P   1816
126,1,1,1,0,1,0,-0.5600000000000001D0,-0.5600000000000001D0,     0000685P   1817
-0.3000000000000002D0,-0.3000000000000002D0,1.0D0,1.0D0,-1.0D0,  0000685P   1818
-0.12D0,-0.26D0,-0.9999999999999998D0,-0.12D0,                   0000685P   1819
-5.551115123125783D-17,-0.5600000000000001D0,                    0000685P   1820
-0.3000000000000002D0,1.0D0,0.0D0,0.0D0;                         0000685P   1821
126,1,1,1,0,1,0,-0.5600000000000001D0,-0.5600000000000001D0,     0000687P   1822
-0.3000000000000002D0,-0.3000000000000002D0,1.0D0,1.0D0,         0000687P   1823
-0.2224999999999999D0,0.5599999999999997D0,0.0D0,-0.2225D0,      0000687P   1824
0.3D0,0.0D0,-0.5600000000000001D0,-0.3000000000000002D0,0.0D0,   0000687P   1825
0.0D0,1.0D0;                                                     0000687P   1826
126,1,1,1,0,1,0,-0.2224999999999999D0,-0.2224999999999999D0,     0000689P   1827
-0.03999999999999959D0,-0.03999999999999959D0,1.0D0,1.0D0,       0000689P   1828
-0.9999999999999998D0,-0.12D0,-5.551115123125783D-17,-1.1825D0,  0000689P   1829
-0.12D0,-1.110223024625157D-16,-0.2224999999999999D0,            0000689P   1830
-0.03999999999999959D0,0.0D0,0.0D0,1.0D0;                        0000689P   1831
126,1,1,1,0,1,0,-0.2224999999999999D0,-0.2224999999999999D0,     0000691P   1832
-0.03999999999999959D0,-0.03999999999999959D0,1.0D0,1.0D0,       0000691P   1833
-0.2225D0,0.3D0,0.0D0,-0.03999999999999991D0,0.3D0,0.0D0,        0000691P   1834
-0.2224999999999999D0,-0.03999999999999959D0,0.0D0,0.0D0,1.0D0;  0000691P   1835
126,1,1,1,0,1,0,0.3000000000000001D0,0.3000000000000001D0,       0000693P   1836
0.5600000000000001D0,0.5600000000000001D0,1.0D0,1.0D0,-1.1825D0, 0000693P   1837
-0.12D0,-1.110223024625157D-16,-1.1825D0,-0.12D0,-0.26D0,        0000693P   1838
0.3000000000000001D0,0.5600000000000001D0,1.0D0,0.0D0,0.0D0;     0000693P   1839
126,3,3,1,0,1,0,0.3D0,0.3D0,0.3D0,0.3D0,0.5600000000000001D0,    0000695P   1840
0.5600000000000001D0,0.5600000000000001D0,0.5600000000000001D0,  0000695P   1841
1.0D0,1.0D0,1.0D0,1.0D0,-0.03999999999999991D0,0.3D0,0.0D0,      0000695P   1842
-0.03999999999999993D0,0.3866666666666666D0,0.0D0,               0000695P   1843
-0.03999999999999987D0,0.4733333333333333D0,0.0D0,               0000695P   1844
-0.0399999999999997D0,0.5600000000000001D0,0.0D0,0.3D0,          0000695P   1845
0.5600000000000001D0,0.0D0,0.0D0,1.0D0;                          0000695P   1846
126,1,1,1,0,1,0,-2.215000000000001D0,-2.215000000000001D0,       0000697P   1847
-2.032500000000001D0,-2.032500000000001D0,1.0D0,1.0D0,-1.1825D0, 0000697P   1848
-0.12D0,-0.26D0,-1.0D0,-0.12D0,-0.26D0,-2.215000000000001D0,     0000697P   1849
-2.032500000000001D0,0.0D0,0.0D0,1.0D0;                          0000697P   1850
126,3,3,1,0,1,0,-2.215000000000001D0,-2.215000000000001D0,       0000699P   1851
-2.215000000000001D0,-2.215000000000001D0,-2.0325D0,-2.0325D0,   0000699P   1852
-2.0325D0,-2.0325D0,1.0D0,1.0D0,1.0D0,1.0D0,                     0000699P   1853
-0.0399999999999997D0,0.5600000000000001D0,0.0D0,                0000699P   1854
-0.1008333333333331D0,0.5599999999999999D0,0.0D0,                0000699P   1855
-0.1616666666666665D0,0.5599999999999998D0,0.0D0,                0000699P   1856
-0.2224999999999999D0,0.5599999999999997D0,0.0D0,                0000699P   1857
-2.215000000000001D0,-2.0325D0,0.0D0,0.0D0,1.0D0;                0000699P   1858
141,1,3,683,4,685,1,1,687,689,1,1,691,693,1,1,695,697,1,1,699;   0000701P   1859
143,1,683,1,701;                                                 0000703P   1860
128,1,1,1,1,0,0,1,0,0,-3.045D0,-3.045D0,-2.445D0,-2.445D0,0.0D0, 0000705P   1861
0.0D0,0.12D0,0.12D0,1.0D0,1.0D0,1.0D0,1.0D0,1.2225D0,0.0D0,      0000705P   1862
-0.3D0,1.2225D0,0.0D0,0.3D0,1.2225D0,-0.12D0,-0.3D0,1.2225D0,    0000705P   1863
-0.12D0,0.3D0,-3.045D0,-2.445D0,0.0D0,0.12D0;                    0000705P   1864
126,1,1,1,0,1,0,-2.745000000000001D0,-2.745000000000001D0,       0000707P   1865
-2.485000000000001D0,-2.485000000000001D0,1.0D0,1.0D0,1.2225D0,  0000707P   1866
2.220446049250315D-17,-6.661338147750939D-16,1.2225D0,0.0D0,     0000707P   1867
0.2599999999999996D0,-2.745000000000001D0,-2.485000000000001D0,  0000707P   1868
1.0D0,0.0D0,0.0D0;                                               0000707P   1869
126,1,1,1,0,1,0,-2.745000000000001D0,-2.745000000000001D0,       0000709P   1870
-2.485D0,-2.485D0,1.0D0,1.0D0,-2.745D0,0.0D0,0.0D0,-2.485D0,     0000709P   1871
0.0D0,0.0D0,-2.745000000000001D0,-2.485D0,0.0D0,0.0D0,1.0D0;     0000709P   1872
126,1,1,1,0,1,0,-0.02000000000000009D0,-0.02000000000000009D0,   0000711P   1873
-0.01797159516700535D0,-0.01797159516700535D0,1.0D0,1.0D0,       0000711P   1874
1.2225D0,0.0D0,0.2599999999999996D0,1.2225D0,                    0000711P   1875
-0.002028404832994721D0,0.2599999999999998D0,                    0000711P   1876
-0.02000000000000009D0,-0.01797159516700535D0,0.0D0,0.0D0,1.0D0; 0000711P   1877
126,3,3,1,0,1,0,-0.02000000000000009D0,-0.02000000000000009D0,   0000713P   1878
-0.02000000000000009D0,-0.02000000000000009D0,                   0000713P   1879
-0.01797159516700535D0,-0.01797159516700535D0,                   0000713P   1880
-0.01797159516700535D0,-0.01797159516700535D0,1.0D0,1.0D0,1.0D0, 0000713P   1881
1.0D0,-2.485D0,0.0D0,0.0D0,-2.485D0,0.0006761349443315809D0,     0000713P   1882
0.0D0,-2.485D0,0.001352269888663162D0,0.0D0,                     0000713P   1883
-2.484999999999999D0,0.002028404832994763D0,0.0D0,               0000713P   1884
-0.02000000000000009D0,-0.01797159516700535D0,0.0D0,0.0D0,1.0D0; 0000713P   1885
126,1,1,1,0,1,0,0.03650124490756851D0,0.03650124490756851D0,     0000715P   1886
0.3000876212204914D0,0.3000876212204914D0,1.0D0,1.0D0,1.2225D0,  0000715P   1887
-0.002028404832994721D0,0.2599999999999998D0,1.2225D0,           0000715P   1888
-0.04536173816632784D0,-7.956598343146955D-16,                   0000715P   1889
0.03650124490756851D0,0.3000876212204914D0,1.0D0,0.0D0,0.0D0;    0000715P   1890
126,6,3,1,0,1,0,0.03650124490756813D0,0.03650124490756813D0,     0000717P   1891
0.03650124490756813D0,0.03650124490756813D0,                     0000717P   1892
0.2714775511326394D0,0.2714775511326394D0,0.2714775511326394D0,  0000717P   1893
0.3000876212204913D0,0.3000876212204913D0,0.3000876212204913D0,  0000717P   1894
0.3000876212204913D0,1.0D0,1.0D0,1.0D0,1.0D0,1.0D0,1.0D0,1.0D0,  0000717P   1895
-2.484999999999999D0,0.002028404832994763D0,0.0D0,               0000717P   1896
-2.562259729569603D0,0.01490502642792919D0,0.0D0,                0000717P   1897
-2.63951945913921D0,0.02778164802286307D0,0.0D0,                 0000717P   1898
-2.716779188708816D0,0.04065826961779748D0,0.0D0,                0000717P   1899
-2.726186121320301D0,0.04222609171971162D0,0.0D0,                0000717P   1900
-2.735593053931786D0,0.04379391382162576D0,0.0D0,                0000717P   1901
-2.744999999999999D0,0.04536173816632812D0,0.0D0,                0000717P   1902
0.03650124490756813D0,0.3000876212204913D0,0.0D0,0.0D0,1.0D0;    0000717P   1903
126,1,1,1,0,1,0,0.07441145314284017D0,0.07441145314284017D0,     0000719P   1904
0.12D0,0.12D0,1.0D0,1.0D0,1.2225D0,-0.04536173816632784D0,       0000719P   1905
-7.956598343146955D-16,1.2225D0,2.220446049250315D-17,           0000719P   1906
-6.661338147750939D-16,0.07441145314284017D0,0.12D0,0.0D0,0.0D0, 0000719P   1907
1.0D0;                                                           0000719P   1908
126,1,1,1,0,1,0,0.07463826183367181D0,0.07463826183367181D0,     0000721P   1909
0.12D0,0.12D0,1.0D0,1.0D0,-2.744999999999999D0,                  0000721P   1910
0.04536173816632812D0,0.0D0,-2.745D0,0.0D0,0.0D0,                0000721P   1911
0.07463826183367181D0,0.12D0,0.0D0,0.0D0,1.0D0;                  0000721P   1912
141,1,3,705,4,707,1,1,709,711,1,1,713,715,1,1,717,719,1,1,721;   0000723P   1913
143,1,705,1,723;                                                 0000725P   1914
128,1,1,1,1,0,0,1,0,0,-3.045D0,-3.045D0,-2.445D0,-2.445D0,0.0D0, 0000727P   1915
0.0D0,0.12D0,0.12D0,1.0D0,1.0D0,1.0D0,1.0D0,1.2225D0,0.0D0,      0000727P   1916
-0.3D0,1.2225D0,0.0D0,0.3D0,1.2225D0,-0.12D0,-0.3D0,1.2225D0,    0000727P   1917
-0.12D0,0.3D0,-3.045D0,-2.445D0,0.0D0,0.12D0;                    0000727P   1918
126,1,1,1,0,1,0,-0.12D0,-0.12D0,-0.07441145314284017D0,          0000729P   1919
-0.07441145314284017D0,1.0D0,1.0D0,1.2225D0,                     0000729P   1920
2.220446049250315D-17,-6.661338147750939D-16,1.2225D0,           0000729P   1921
-0.04536173816632784D0,-7.956598343146955D-16,-0.12D0,           0000729P   1922
-0.07441145314284017D0,0.0D0,0.0D0,1.0D0;                        0000729P   1923
126,1,1,1,0,1,0,-0.12D0,-0.12D0,-0.07463826183367181D0,          0000731P   1924
-0.07463826183367181D0,1.0D0,1.0D0,-2.745D0,0.0D0,0.0D0,         0000731P   1925
-2.744999999999999D0,0.04536173816632812D0,0.0D0,-0.12D0,        0000731P   1926
-0.07463826183367181D0,0.0D0,0.0D0,1.0D0;                        0000731P   1927
126,1,1,1,0,1,0,0.004050505294421025D0,0.004050505294421025D0,   0000733P   1928
0.2676368816073421D0,0.2676368816073421D0,1.0D0,1.0D0,1.2225D0,  0000733P   1929
-0.04536173816632784D0,-7.956598343146955D-16,1.2225D0,          0000733P   1930
-0.002028404832994621D0,-0.2599999999999997D0,                   0000733P   1931
0.004050505294421025D0,0.2676368816073421D0,1.0D0,0.0D0,0.0D0;   0000733P   1932
126,3,3,1,0,1,0,0.004050505294419908D0,0.004050505294419908D0,   0000735P   1933
0.004050505294419908D0,0.004050505294419908D0,                   0000735P   1934
0.2676368816073428D0,0.2676368816073428D0,0.2676368816073428D0,  0000735P   1935
0.2676368816073428D0,1.0D0,1.0D0,1.0D0,1.0D0,                    0000735P   1936
-2.744999999999999D0,0.04536173816632812D0,0.0D0,                0000735P   1937
-2.831666707992554D0,0.03091728683423563D0,0.0D0,                0000735P   1938
-2.918333353996273D0,0.01647284583361523D0,0.0D0,-3.005D0,       0000735P   1939
0.002028404832994747D0,0.0D0,0.004050505294419908D0,             0000735P   1940
0.2676368816073428D0,0.0D0,0.0D0,1.0D0;                          0000735P   1941
126,1,1,1,0,1,0,-0.002028404832994751D0,-0.002028404832994751D0, 0000737P   1942
-0.0D0,-0.0D0,1.0D0,1.0D0,1.2225D0,-0.002028404832994621D0,      0000737P   1943
-0.2599999999999997D0,1.2225D0,4.440892098500626D-17,            0000737P   1944
-0.2600000000000005D0,-0.002028404832994751D0,-0.0D0,0.0D0,      0000737P   1945
0.0D0,1.0D0;                                                     0000737P   1946
126,3,3,1,0,1,0,-0.002028404832994751D0,-0.002028404832994751D0, 0000739P   1947
-0.002028404832994751D0,-0.002028404832994751D0,-0.0D0,-0.0D0,   0000739P   1948
-0.0D0,-0.0D0,1.0D0,1.0D0,1.0D0,1.0D0,-3.005D0,                  0000739P   1949
0.002028404832994747D0,0.0D0,-3.005D0,0.001352269888663167D0,    0000739P   1950
0.0D0,-3.005D0,0.0006761349443315834D0,0.0D0,-3.005D0,0.0D0,     0000739P   1951
0.0D0,-0.002028404832994751D0,-0.0D0,0.0D0,0.0D0,1.0D0;          0000739P   1952
126,1,1,1,0,1,0,-3.005000000000001D0,-3.005000000000001D0,       0000741P   1953
-2.745000000000001D0,-2.745000000000001D0,1.0D0,1.0D0,1.2225D0,  0000741P   1954
4.440892098500626D-17,-0.2600000000000005D0,1.2225D0,            0000741P   1955
2.220446049250315D-17,-6.661338147750939D-16,                    0000741P   1956
-3.005000000000001D0,-2.745000000000001D0,1.0D0,0.0D0,0.0D0;     0000741P   1957
126,1,1,1,0,1,0,-3.005000000000001D0,-3.005000000000001D0,       0000743P   1958
-2.745000000000001D0,-2.745000000000001D0,1.0D0,1.0D0,-3.005D0,  0000743P   1959
0.0D0,0.0D0,-2.745D0,0.0D0,0.0D0,-3.005000000000001D0,           0000743P   1960
-2.745000000000001D0,0.0D0,0.0D0,1.0D0;                          0000743P   1961
141,1,3,727,4,729,1,1,731,733,1,1,735,737,1,1,739,741,1,1,743;   0000745P   1962
143,1,727,1,745;                                                 0000747P   1963
128,1,1,1,1,0,0,1,0,0,-6.09D0,-6.09D0,-5.49D0,-5.49D0,0.0D0,     0000749P   1964
0.0D0,0.12D0,0.12D0,1.0D0,1.0D0,1.0D0,1.0D0,-1.2225D0,0.0D0,     0000749P   1965
0.3D0,-1.2225D0,0.0D0,-0.3D0,-1.2225D0,-0.12D0,0.3D0,-1.2225D0,  0000749P   1966
-0.12D0,-0.3D0,-6.09D0,-5.49D0,0.0D0,0.12D0;                     0000749P   1967
126,1,1,1,0,1,0,-0.3000000000000016D0,-0.3000000000000016D0,     0000751P   1968
-0.04000000000000006D0,-0.04000000000000006D0,1.0D0,1.0D0,       0000751P   1969
-1.2225D0,-0.07999999999999993D0,-8.881784197001252D-16,         0000751P   1970
-1.2225D0,-0.07999999999999993D0,0.2600000000000005D0,           0000751P   1971
-0.3000000000000016D0,-0.04000000000000006D0,1.0D0,0.0D0,0.0D0;  0000751P   1972
126,3,3,1,0,1,0,-0.3D0,-0.3D0,-0.3D0,-0.3D0,                     0000753P   1973
-0.04000000000000006D0,-0.04000000000000006D0,                   0000753P   1974
-0.04000000000000006D0,-0.04000000000000006D0,1.0D0,1.0D0,1.0D0, 0000753P   1975
1.0D0,-5.789999999999999D0,0.07999999999999999D0,0.0D0,          0000753P   1976
-5.876666666666665D0,0.07999999999999999D0,0.0D0,                0000753P   1977
-5.963333333333331D0,0.07999999999999996D0,0.0D0,                0000753P   1978
-6.049999999999999D0,0.07999999999999996D0,0.0D0,-0.3D0,         0000753P   1979
-0.04000000000000006D0,0.0D0,0.0D0,1.0D0;                        0000753P   1980
126,1,1,1,0,1,0,-0.07999999999999996D0,-0.07999999999999996D0,   0000755P   1981
-0.0D0,-0.0D0,1.0D0,1.0D0,-1.2225D0,-0.07999999999999993D0,      0000755P   1982
0.2600000000000005D0,-1.2225D0,2.220446049250313D-17,0.26D0,     0000755P   1983
-0.07999999999999996D0,-0.0D0,0.0D0,0.0D0,1.0D0;                 0000755P   1984
126,3,3,1,0,1,0,-0.07999999999999996D0,-0.07999999999999996D0,   0000757P   1985
-0.07999999999999996D0,-0.07999999999999996D0,-0.0D0,-0.0D0,     0000757P   1986
-0.0D0,-0.0D0,1.0D0,1.0D0,1.0D0,1.0D0,-6.049999999999999D0,      0000757P   1987
0.07999999999999996D0,0.0D0,-6.049999999999999D0,                0000757P   1988
0.0533333333333333D0,0.0D0,-6.049999999999999D0,                 0000757P   1989
0.02666666666666665D0,0.0D0,-6.05D0,0.0D0,0.0D0,                 0000757P   1990
-0.07999999999999996D0,-0.0D0,0.0D0,0.0D0,1.0D0;                 0000757P   1991
126,1,1,1,0,1,0,-6.05D0,-6.05D0,-5.79D0,-5.79D0,1.0D0,1.0D0,     0000759P   1992
-1.2225D0,2.220446049250313D-17,0.26D0,-1.2225D0,                0000759P   1993
-1.110223024625157D-17,0.0D0,-6.05D0,-5.79D0,1.0D0,0.0D0,0.0D0;  0000759P   1994
126,1,1,1,0,1,0,-6.05D0,-6.05D0,-5.79D0,-5.79D0,1.0D0,1.0D0,     0000761P   1995
-6.05D0,0.0D0,0.0D0,-5.79D0,0.0D0,0.0D0,-6.05D0,-5.79D0,0.0D0,   0000761P   1996
0.0D0,1.0D0;                                                     0000761P   1997
126,1,1,1,0,1,0,-0.12D0,-0.12D0,-0.03960000000000004D0,          0000763P   1998
-0.03960000000000004D0,1.0D0,1.0D0,-1.2225D0,                    0000763P   1999
-1.110223024625157D-17,0.0D0,-1.2225D0,-0.07999999999999993D0,   0000763P   2000
-8.881784197001252D-16,-0.12D0,-0.03960000000000004D0,0.0D0,     0000763P   2001
0.0D0,1.0D0;                                                     0000763P   2002
126,1,1,1,0,1,0,-0.12D0,-0.12D0,-0.04000000000000004D0,          0000765P   2003
-0.04000000000000004D0,1.0D0,1.0D0,-5.79D0,0.0D0,0.0D0,          0000765P   2004
-5.789999999999999D0,0.07999999999999999D0,0.0D0,-0.12D0,        0000765P   2005
-0.04000000000000004D0,0.0D0,0.0D0,1.0D0;                        0000765P   2006
141,1,3,749,4,751,1,1,753,755,1,1,757,759,1,1,761,763,1,1,765;   0000767P   2007
143,1,749,1,767;                                                 0000769P   2008
128,1,1,1,1,0,0,1,0,0,-6.09D0,-6.09D0,-5.49D0,-5.49D0,0.0D0,     0000771P   2009
0.0D0,0.12D0,0.12D0,1.0D0,1.0D0,1.0D0,1.0D0,-1.2225D0,0.0D0,     0000771P   2010
0.3D0,-1.2225D0,0.0D0,-0.3D0,-1.2225D0,-0.12D0,0.3D0,-1.2225D0,  0000771P   2011
-0.12D0,-0.3D0,-6.09D0,-5.49D0,0.0D0,0.12D0;                     0000771P   2012
126,1,1,1,0,1,0,0.03960000000000004D0,0.03960000000000004D0,     0000773P   2013
0.12D0,0.12D0,1.0D0,1.0D0,-1.2225D0,-0.07999999999999993D0,      0000773P   2014
-8.881784197001252D-16,-1.2225D0,-1.110223024625157D-17,0.0D0,   0000773P   2015
0.03960000000000004D0,0.12D0,0.0D0,0.0D0,1.0D0;                  0000773P   2016
126,1,1,1,0,1,0,0.04000000000000004D0,0.04000000000000004D0,     0000775P   2017
0.12D0,0.12D0,1.0D0,1.0D0,-5.789999999999999D0,                  0000775P   2018
0.07999999999999999D0,0.0D0,-5.79D0,0.0D0,0.0D0,                 0000775P   2019
0.04000000000000004D0,0.12D0,0.0D0,0.0D0,1.0D0;                  0000775P   2020
126,1,1,1,0,1,0,-5.79D0,-5.79D0,-5.53D0,-5.53D0,1.0D0,1.0D0,     0000777P   2021
-1.2225D0,-1.110223024625157D-17,0.0D0,-1.2225D0,                0000777P   2022
-4.440892098500626D-17,-0.26D0,-5.79D0,-5.53D0,1.0D0,0.0D0,      0000777P   2023
0.0D0;                                                           0000777P   2024
126,1,1,1,0,1,0,-5.79D0,-5.79D0,-5.53D0,-5.53D0,1.0D0,1.0D0,     0000779P   2025
-5.79D0,0.0D0,0.0D0,-5.53D0,0.0D0,0.0D0,-5.79D0,-5.53D0,0.0D0,   0000779P   2026
0.0D0,1.0D0;                                                     0000779P   2027
126,1,1,1,0,1,0,-0.12D0,-0.12D0,-0.04000000000000003D0,          0000781P   2028
-0.04000000000000003D0,1.0D0,1.0D0,-1.2225D0,                    0000781P   2029
-4.440892098500626D-17,-0.26D0,-1.2225D0,-0.07999999999999993D0, 0000781P   2030
-0.2599999999999991D0,-0.12D0,-0.04000000000000003D0,0.0D0,      0000781P   2031
0.0D0,1.0D0;                                                     0000781P   2032
126,3,3,1,0,1,0,-0.12D0,-0.12D0,-0.12D0,-0.12D0,                 0000783P   2033
-0.04000000000000003D0,-0.04000000000000003D0,                   0000783P   2034
-0.04000000000000003D0,-0.04000000000000003D0,1.0D0,1.0D0,1.0D0, 0000783P   2035
1.0D0,-5.53D0,0.0D0,0.0D0,-5.530000000000001D0,                  0000783P   2036
0.02666666666666667D0,0.0D0,-5.529999999999998D0,                0000783P   2037
0.0533333333333333D0,0.0D0,-5.529999999999999D0,                 0000783P   2038
0.07999999999999996D0,0.0D0,-0.12D0,-0.04000000000000003D0,      0000783P   2039
0.0D0,0.0D0,1.0D0;                                               0000783P   2040
126,1,1,1,0,1,0,-0.5600000000000001D0,-0.5600000000000001D0,     0000785P   2041
-0.3000000000000016D0,-0.3000000000000016D0,1.0D0,1.0D0,         0000785P   2042
-1.2225D0,-0.07999999999999993D0,-0.2599999999999991D0,          0000785P   2043
-1.2225D0,-0.07999999999999993D0,-8.881784197001252D-16,         0000785P   2044
-0.5600000000000001D0,-0.3000000000000016D0,1.0D0,0.0D0,0.0D0;   0000785P   2045
126,3,3,1,0,1,0,-0.5600000000000001D0,-0.5600000000000001D0,     0000787P   2046
-0.5600000000000001D0,-0.5600000000000001D0,-0.3D0,-0.3D0,       0000787P   2047
-0.3D0,-0.3D0,1.0D0,1.0D0,1.0D0,1.0D0,-5.529999999999999D0,      0000787P   2048
0.07999999999999996D0,0.0D0,-5.616666666666667D0,                0000787P   2049
0.07999999999999999D0,0.0D0,-5.703333333333333D0,                0000787P   2050
0.07999999999999999D0,0.0D0,-5.789999999999999D0,                0000787P   2051
0.07999999999999999D0,0.0D0,-0.5600000000000001D0,-0.3D0,0.0D0,  0000787P   2052
0.0D0,1.0D0;                                                     0000787P   2053
141,1,3,771,4,773,1,1,775,777,1,1,779,781,1,1,783,785,1,1,787;   0000789P   2054
143,1,771,1,789;                                                 0000791P   2055
128,1,1,1,1,0,0,1,0,0,-5.49D0,-5.49D0,-3.045D0,-3.045D0,0.0D0,   0000793P   2056
0.0D0,0.12D0,0.12D0,1.0D0,1.0D0,1.0D0,1.0D0,-1.2225D0,0.0D0,     0000793P   2057
-0.3D0,1.2225D0,0.0D0,-0.3D0,-1.2225D0,-0.12D0,-0.3D0,1.2225D0,  0000793P   2058
-0.12D0,-0.3D0,-5.49D0,-3.045D0,0.0D0,0.12D0;                    0000793P   2059
126,1,1,1,0,1,0,-3.3175D0,-3.3175D0,-3.085D0,-3.085D0,1.0D0,     0000795P   2060
1.0D0,0.9500000000000002D0,1.129000581067018D-17,-0.3D0,         0000795P   2061
1.182500000000001D0,2.220446049250313D-17,-0.3D0,-3.3175D0,      0000795P   2062
-3.085D0,0.0D0,0.0D0,1.0D0;                                      0000795P   2063
126,1,1,1,0,1,0,-3.3175D0,-3.3175D0,-3.085D0,-3.085D0,1.0D0,     0000797P   2064
1.0D0,-3.3175D0,0.0D0,0.0D0,-3.085D0,0.0D0,0.0D0,-3.3175D0,      0000797P   2065
-3.085D0,0.0D0,0.0D0,1.0D0;                                      0000797P   2066
126,1,1,1,0,1,0,0.0D0,0.0D0,0.002028404832994501D0,              0000799P   2067
0.002028404832994501D0,1.0D0,1.0D0,1.182500000000001D0,          0000799P   2068
2.220446049250313D-17,-0.3D0,1.1825D0,-0.002028404832994693D0,   0000799P   2069
-0.3D0,0.0D0,0.002028404832994501D0,0.0D0,0.0D0,1.0D0;           0000799P   2070
126,3,3,1,0,1,0,0.0D0,0.0D0,0.0D0,0.0D0,0.002028404832994501D0,  0000801P   2071
0.002028404832994501D0,0.002028404832994501D0,                   0000801P   2072
0.002028404832994501D0,1.0D0,1.0D0,1.0D0,1.0D0,-3.085D0,0.0D0,   0000801P   2073
0.0D0,-3.085D0,0.0006761349443314995D0,0.0D0,-3.085D0,           0000801P   2074
0.001352269888662999D0,0.0D0,-3.085D0,0.002028404832994498D0,    0000801P   2075
0.0D0,0.0D0,0.002028404832994501D0,0.0D0,0.0D0,1.0D0;            0000801P   2076
126,1,1,1,0,1,0,0.02702652255393503D0,0.02702652255393503D0,     0000803P   2077
0.1944386371090374D0,0.1944386371090374D0,1.0D0,1.0D0,1.1825D0,  0000803P   2078
-0.002028404832994693D0,-0.3D0,1.03435396918269D0,               0000803P   2079
-0.08000000000000018D0,-0.3D0,0.02702652255393503D0,             0000803P   2080
0.1944386371090374D0,0.0D0,0.0D0,1.0D0;                          0000803P   2081
126,3,3,1,0,1,0,0.0270265225539339D0,0.0270265225539339D0,       0000805P   2082
0.0270265225539339D0,0.0270265225539339D0,0.194438637109037D0,   0000805P   2083
0.194438637109037D0,0.194438637109037D0,0.194438637109037D0,     0000805P   2084
1.0D0,1.0D0,1.0D0,1.0D0,-3.085D0,0.002028404832994498D0,0.0D0,   0000805P   2085
-3.134382010272438D0,0.02801893655532971D0,0.0D0,                0000805P   2086
-3.183764020544873D0,0.05400946827766481D0,0.0D0,                0000805P   2087
-3.23314603081731D0,0.08000000000000002D0,0.0D0,                 0000805P   2088
0.0270265225539339D0,0.194438637109037D0,0.0D0,0.0D0,1.0D0;      0000805P   2089
126,1,1,1,0,1,0,-0.001853969182689791D0,-0.001853969182689791D0, 0000807P   2090
0.08249999999999867D0,0.08249999999999867D0,1.0D0,1.0D0,         0000807P   2091
1.03435396918269D0,-0.08000000000000018D0,-0.3D0,                0000807P   2092
0.9500000000000011D0,-0.08000000000000017D0,-0.3D0,              0000807P   2093
-0.001853969182689791D0,0.08249999999999867D0,0.0D0,0.0D0,1.0D0; 0000807P   2094
126,3,3,1,0,1,0,-0.001853969182689791D0,-0.001853969182689791D0, 0000809P   2095
-0.001853969182689791D0,-0.001853969182689791D0,                 0000809P   2096
0.08250002008243754D0,0.08250002008243754D0,                     0000809P   2097
0.08250002008243754D0,0.08250002008243754D0,1.0D0,1.0D0,1.0D0,   0000809P   2098
1.0D0,-3.23314603081731D0,0.08000000000000002D0,0.0D0,           0000809P   2099
-3.261264020535166D0,0.08000000000000002D0,0.0D0,                0000809P   2100
-3.289382010253023D0,0.08000000000000002D0,0.0D0,                0000809P   2101
-3.317499999999999D0,0.08000000000000002D0,0.0D0,                0000809P   2102
-0.001853969182689791D0,0.08250002008243754D0,0.0D0,0.0D0,1.0D0; 0000809P   2103
126,1,1,1,0,1,0,0.03959999999999998D0,0.03959999999999998D0,     0000811P   2104
0.12D0,0.12D0,1.0D0,1.0D0,0.9500000000000011D0,                  0000811P   2105
-0.08000000000000017D0,-0.3D0,0.9500000000000002D0,              0000811P   2106
1.129000581067018D-17,-0.3D0,0.03959999999999998D0,0.12D0,0.0D0, 0000811P   2107
0.0D0,1.0D0;                                                     0000811P   2108
126,1,1,1,0,1,0,0.03999999999999997D0,0.03999999999999997D0,     0000813P   2109
0.12D0,0.12D0,1.0D0,1.0D0,-3.317499999999999D0,                  0000813P   2110
0.08000000000000002D0,0.0D0,-3.3175D0,0.0D0,0.0D0,               0000813P   2111
0.03999999999999997D0,0.12D0,0.0D0,0.0D0,1.0D0;                  0000813P   2112
141,1,3,793,5,795,1,1,797,799,1,1,801,803,1,1,805,807,1,1,809,   0000815P   2113
811,1,1,813;                                                     0000815P   2114
143,1,793,1,815;                                                 0000817P   2115
128,1,1,1,1,0,0,1,0,0,-5.49D0,-5.49D0,-3.045D0,-3.045D0,0.0D0,   0000819P   2116
0.0D0,0.12D0,0.12D0,1.0D0,1.0D0,1.0D0,1.0D0,-1.2225D0,0.0D0,     0000819P   2117
-0.3D0,1.2225D0,0.0D0,-0.3D0,-1.2225D0,-0.12D0,-0.3D0,1.2225D0,  0000819P   2118
-0.12D0,-0.3D0,-5.49D0,-3.045D0,0.0D0,0.12D0;                    0000819P   2119
126,1,1,1,0,1,0,-5.267499999999999D0,-5.267499999999999D0,       0000821P   2120
-5.1675D0,-5.1675D0,1.0D0,1.0D0,-0.9999999999999993D0,           0000821P   2121
-8.025058184341244D-17,-0.3D0,-0.8999999999999995D0,             0000821P   2122
-7.555619273294668D-17,-0.3D0,-5.267499999999999D0,-5.1675D0,    0000821P   2123
0.0D0,0.0D0,1.0D0;                                               0000821P   2124
126,1,1,1,0,1,0,-5.2675D0,-5.2675D0,-5.1675D0,-5.1675D0,1.0D0,   0000823P   2125
1.0D0,-5.2675D0,0.0D0,0.0D0,-5.1675D0,0.0D0,0.0D0,-5.2675D0,     0000823P   2126
-5.1675D0,0.0D0,0.0D0,1.0D0;                                     0000823P   2127
126,1,1,1,0,1,0,-0.12D0,-0.12D0,-0.0396D0,-0.0396D0,1.0D0,1.0D0, 0000825P   2128
-0.8999999999999995D0,-7.555619273294668D-17,-0.3D0,             0000825P   2129
-0.9000000000000002D0,-0.08D0,-0.2999999999999999D0,-0.12D0,     0000825P   2130
-0.0396D0,0.0D0,0.0D0,1.0D0;                                     0000825P   2131
126,1,1,1,0,1,0,-0.12D0,-0.12D0,-0.04000000000000001D0,          0000827P   2132
-0.04000000000000001D0,1.0D0,1.0D0,-5.1675D0,0.0D0,0.0D0,        0000827P   2133
-5.1675D0,0.07999999999999991D0,0.0D0,-0.12D0,                   0000827P   2134
-0.04000000000000001D0,0.0D0,0.0D0,1.0D0;                        0000827P   2135
126,1,1,1,0,1,0,1.9325D0,1.9325D0,2.0325D0,2.0325D0,1.0D0,1.0D0, 0000829P   2136
-0.9000000000000002D0,-0.08D0,-0.2999999999999999D0,             0000829P   2137
-0.9999999999999996D0,-0.07999999999999999D0,                    0000829P   2138
-0.2999999999999999D0,1.9325D0,2.0325D0,0.0D0,0.0D0,1.0D0;       0000829P   2139
126,3,3,1,0,1,0,1.932500110051179D0,1.932500110051179D0,         0000831P   2140
1.932500110051179D0,1.932500110051179D0,2.032500076571562D0,     0000831P   2141
2.032500076571562D0,2.032500076571562D0,2.032500076571562D0,     0000831P   2142
1.0D0,1.0D0,1.0D0,1.0D0,-5.1675D0,0.07999999999999991D0,0.0D0,   0000831P   2143
-5.200833332378734D0,0.07999999999999996D0,0.0D0,                0000831P   2144
-5.234166665695894D0,0.07999999999999996D0,0.0D0,-5.2675D0,      0000831P   2145
0.07999999999999995D0,0.0D0,1.932500110051179D0,                 0000831P   2146
2.032500076571562D0,0.0D0,0.0D0,1.0D0;                           0000831P   2147
126,1,1,1,0,1,0,0.0396D0,0.0396D0,0.12D0,0.12D0,1.0D0,1.0D0,     0000833P   2148
-0.9999999999999996D0,-0.07999999999999999D0,                    0000833P   2149
-0.2999999999999999D0,-0.9999999999999993D0,                     0000833P   2150
-8.025058184341244D-17,-0.3D0,0.0396D0,0.12D0,0.0D0,0.0D0,1.0D0; 0000833P   2151
126,1,1,1,0,1,0,0.04000000000000002D0,0.04000000000000002D0,     0000835P   2152
0.12D0,0.12D0,1.0D0,1.0D0,-5.2675D0,0.07999999999999995D0,0.0D0, 0000835P   2153
-5.2675D0,0.0D0,0.0D0,0.04000000000000002D0,0.12D0,0.0D0,0.0D0,  0000835P   2154
1.0D0;                                                           0000835P   2155
141,1,3,819,4,821,1,1,823,825,1,1,827,829,1,1,831,833,1,1,835;   0000837P   2156
143,1,819,1,837;                                                 0000839P   2157
128,1,1,1,1,0,0,1,0,0,-5.49D0,-5.49D0,-3.045D0,-3.045D0,0.0D0,   0000841P   2158
0.0D0,0.12D0,0.12D0,1.0D0,1.0D0,1.0D0,1.0D0,-1.2225D0,0.0D0,     0000841P   2159
-0.3D0,1.2225D0,0.0D0,-0.3D0,-1.2225D0,-0.12D0,-0.3D0,1.2225D0,  0000841P   2160
-0.12D0,-0.3D0,-5.49D0,-3.045D0,0.0D0,0.12D0;                    0000841P   2161
126,1,1,1,0,1,0,-5.1675D0,-5.1675D0,-4.2675D0,-4.2675D0,1.0D0,   0000843P   2162
1.0D0,-0.8999999999999995D0,-7.555619273294668D-17,-0.3D0,0.0D0, 0000843P   2163
-3.330669073875471D-17,-0.3D0,-5.1675D0,-4.2675D0,0.0D0,0.0D0,   0000843P   2164
1.0D0;                                                           0000843P   2165
126,1,1,1,0,1,0,-5.1675D0,-5.1675D0,-4.267500000000001D0,        0000845P   2166
-4.267500000000001D0,1.0D0,1.0D0,-5.1675D0,0.0D0,0.0D0,          0000845P   2167
-4.2675D0,0.0D0,0.0D0,-5.1675D0,-4.267500000000001D0,0.0D0,      0000845P   2168
0.0D0,1.0D0;                                                     0000845P   2169
126,1,1,1,0,1,0,-0.12D0,-0.12D0,-0.03959999999999999D0,          0000847P   2170
-0.03959999999999999D0,1.0D0,1.0D0,0.0D0,-3.330669073875471D-17, 0000847P   2171
-0.3D0,-8.881784197001252D-16,-0.08000000000000009D0,            0000847P   2172
-0.2999999999999999D0,-0.12D0,-0.03959999999999999D0,0.0D0,      0000847P   2173
0.0D0,1.0D0;                                                     0000847P   2174
126,1,1,1,0,1,0,-0.12D0,-0.12D0,-0.03999999999999999D0,          0000849P   2175
-0.03999999999999999D0,1.0D0,1.0D0,-4.2675D0,0.0D0,0.0D0,        0000849P   2176
-4.267500000000001D0,0.07999999999999999D0,0.0D0,-0.12D0,        0000849P   2177
-0.03999999999999999D0,0.0D0,0.0D0,1.0D0;                        0000849P   2178
126,1,1,1,0,1,0,1.032500000000001D0,1.032500000000001D0,         0000851P   2179
1.9325D0,1.9325D0,1.0D0,1.0D0,-8.881784197001252D-16,            0000851P   2180
-0.08000000000000009D0,-0.2999999999999999D0,                    0000851P   2181
-0.9000000000000002D0,-0.08D0,-0.2999999999999999D0,             0000851P   2182
1.032500000000001D0,1.9325D0,0.0D0,0.0D0,1.0D0;                  0000851P   2183
126,3,3,1,0,1,0,1.032500192921685D0,1.032500192921685D0,         0000853P   2184
1.032500192921685D0,1.032500192921685D0,1.932500110051179D0,     0000853P   2185
1.932500110051179D0,1.932500110051179D0,1.932500110051179D0,     0000853P   2186
1.0D0,1.0D0,1.0D0,1.0D0,-4.267500000000001D0,                    0000853P   2187
0.07999999999999999D0,0.0D0,-4.567499947564915D0,                0000853P   2188
0.07999999999999996D0,0.0D0,-4.867499935776049D0,                0000853P   2189
0.07999999999999993D0,0.0D0,-5.1675D0,0.07999999999999991D0,     0000853P   2190
0.0D0,1.032500192921685D0,1.932500110051179D0,0.0D0,0.0D0,1.0D0; 0000853P   2191
126,1,1,1,0,1,0,0.0396D0,0.0396D0,0.12D0,0.12D0,1.0D0,1.0D0,     0000855P   2192
-0.9000000000000002D0,-0.08D0,-0.2999999999999999D0,             0000855P   2193
-0.8999999999999995D0,-7.555619273294668D-17,-0.3D0,0.0396D0,    0000855P   2194
0.12D0,0.0D0,0.0D0,1.0D0;                                        0000855P   2195
126,1,1,1,0,1,0,0.04000000000000001D0,0.04000000000000001D0,     0000857P   2196
0.12D0,0.12D0,1.0D0,1.0D0,-5.1675D0,0.07999999999999991D0,0.0D0, 0000857P   2197
-5.1675D0,0.0D0,0.0D0,0.04000000000000001D0,0.12D0,0.0D0,0.0D0,  0000857P   2198
1.0D0;                                                           0000857P   2199
141,1,3,841,4,843,1,1,845,847,1,1,849,851,1,1,853,855,1,1,857;   0000859P   2200
143,1,841,1,859;                                                 0000861P   2201
128,1,1,1,1,0,0,1,0,0,-5.49D0,-5.49D0,-3.045D0,-3.045D0,0.0D0,   0000863P   2202
0.0D0,0.12D0,0.12D0,1.0D0,1.0D0,1.0D0,1.0D0,-1.2225D0,0.0D0,     0000863P   2203
-0.3D0,1.2225D0,0.0D0,-0.3D0,-1.2225D0,-0.12D0,-0.3D0,1.2225D0,  0000863P   2204
-0.12D0,-0.3D0,-5.49D0,-3.045D0,0.0D0,0.12D0;                    0000863P   2205
126,1,1,1,0,1,0,-4.2675D0,-4.2675D0,-3.3675D0,-3.3675D0,1.0D0,   0000865P   2206
1.0D0,0.0D0,-3.330669073875471D-17,-0.3D0,0.8999999999999999D0,  0000865P   2207
8.94281125543728D-18,-0.3D0,-4.2675D0,-3.3675D0,0.0D0,0.0D0,     0000865P   2208
1.0D0;                                                           0000865P   2209
126,1,1,1,0,1,0,-4.267500000000001D0,-4.267500000000001D0,       0000867P   2210
-3.3675D0,-3.3675D0,1.0D0,1.0D0,-4.2675D0,0.0D0,0.0D0,-3.3675D0, 0000867P   2211
0.0D0,0.0D0,-4.267500000000001D0,-3.3675D0,0.0D0,0.0D0,1.0D0;    0000867P   2212
126,1,1,1,0,1,0,-0.12D0,-0.12D0,-0.03959999999999998D0,          0000869P   2213
-0.03959999999999998D0,1.0D0,1.0D0,0.8999999999999999D0,         0000869P   2214
8.94281125543728D-18,-0.3D0,0.9000000000000008D0,                0000869P   2215
-0.08000000000000015D0,-0.3D0,-0.12D0,-0.03959999999999998D0,    0000869P   2216
0.0D0,0.0D0,1.0D0;                                               0000869P   2217
126,1,1,1,0,1,0,-0.12D0,-0.12D0,-0.03999999999999997D0,          0000871P   2218
-0.03999999999999997D0,1.0D0,1.0D0,-3.3675D0,0.0D0,0.0D0,        0000871P   2219
-3.367499999999999D0,0.08000000000000002D0,0.0D0,-0.12D0,        0000871P   2220
-0.03999999999999997D0,0.0D0,0.0D0,1.0D0;                        0000871P   2221
126,1,1,1,0,1,0,0.1324999999999989D0,0.1324999999999989D0,       0000873P   2222
1.032500000000001D0,1.032500000000001D0,1.0D0,1.0D0,             0000873P   2223
0.9000000000000008D0,-0.08000000000000015D0,-0.3D0,              0000873P   2224
-8.881784197001252D-16,-0.08000000000000009D0,                   0000873P   2225
-0.2999999999999999D0,0.1324999999999989D0,1.032500000000001D0,  0000873P   2226
0.0D0,0.0D0,1.0D0;                                               0000873P   2227
126,3,3,1,0,1,0,0.1325000319148321D0,0.1325000319148321D0,       0000875P   2228
0.1325000319148321D0,0.1325000319148321D0,1.032500192921685D0,   0000875P   2229
1.032500192921685D0,1.032500192921685D0,1.032500192921685D0,     0000875P   2230
1.0D0,1.0D0,1.0D0,1.0D0,-3.367499999999999D0,                    0000875P   2231
0.08000000000000002D0,0.0D0,-3.667499982931514D0,0.08D0,0.0D0,   0000875P   2232
-3.967499971142638D0,0.07999999999999999D0,0.0D0,                0000875P   2233
-4.267500000000001D0,0.07999999999999999D0,0.0D0,                0000875P   2234
0.1325000319148321D0,1.032500192921685D0,0.0D0,0.0D0,1.0D0;      0000875P   2235
126,1,1,1,0,1,0,0.03959999999999999D0,0.03959999999999999D0,     0000877P   2236
0.12D0,0.12D0,1.0D0,1.0D0,-8.881784197001252D-16,                0000877P   2237
-0.08000000000000009D0,-0.2999999999999999D0,0.0D0,              0000877P   2238
-3.330669073875471D-17,-0.3D0,0.03959999999999999D0,0.12D0,      0000877P   2239
0.0D0,0.0D0,1.0D0;                                               0000877P   2240
126,1,1,1,0,1,0,0.03999999999999999D0,0.03999999999999999D0,     0000879P   2241
0.12D0,0.12D0,1.0D0,1.0D0,-4.267500000000001D0,                  0000879P   2242
0.07999999999999999D0,0.0D0,-4.2675D0,0.0D0,0.0D0,               0000879P   2243
0.03999999999999999D0,0.12D0,0.0D0,0.0D0,1.0D0;                  0000879P   2244
141,1,3,863,4,865,1,1,867,869,1,1,871,873,1,1,875,877,1,1,879;   0000881P   2245
143,1,863,1,881;                                                 0000883P   2246
128,1,1,1,1,0,0,1,0,0,-5.49D0,-5.49D0,-3.045D0,-3.045D0,0.0D0,   0000885P   2247
0.0D0,0.12D0,0.12D0,1.0D0,1.0D0,1.0D0,1.0D0,-1.2225D0,0.0D0,     0000885P   2248
-0.3D0,1.2225D0,0.0D0,-0.3D0,-1.2225D0,-0.12D0,-0.3D0,1.2225D0,  0000885P   2249
-0.12D0,-0.3D0,-5.49D0,-3.045D0,0.0D0,0.12D0;                    0000885P   2250
126,1,1,1,0,1,0,-0.12D0,-0.12D0,-0.03959999999999998D0,          0000887P   2251
-0.03959999999999998D0,1.0D0,1.0D0,0.9500000000000002D0,         0000887P   2252
1.129000581067018D-17,-0.3D0,0.9500000000000011D0,               0000887P   2253
-0.08000000000000017D0,-0.3D0,-0.12D0,-0.03959999999999998D0,    0000887P   2254
0.0D0,0.0D0,1.0D0;                                               0000887P   2255
126,1,1,1,0,1,0,-0.12D0,-0.12D0,-0.03999999999999997D0,          0000889P   2256
-0.03999999999999997D0,1.0D0,1.0D0,-3.3175D0,0.0D0,0.0D0,        0000889P   2257
-3.317499999999999D0,0.08000000000000002D0,0.0D0,-0.12D0,        0000889P   2258
-0.03999999999999997D0,0.0D0,0.0D0,1.0D0;                        0000889P   2259
126,1,1,1,0,1,0,0.08249999999999867D0,0.08249999999999867D0,     0000891P   2260
0.1324999999999989D0,0.1324999999999989D0,1.0D0,1.0D0,           0000891P   2261
0.9500000000000011D0,-0.08000000000000017D0,-0.3D0,              0000891P   2262
0.9000000000000008D0,-0.08000000000000015D0,-0.3D0,              0000891P   2263
0.08249999999999867D0,0.1324999999999989D0,0.0D0,0.0D0,1.0D0;    0000891P   2264
126,3,3,1,0,1,0,0.08250002008243754D0,0.08250002008243754D0,     0000893P   2265
0.08250002008243754D0,0.08250002008243754D0,                     0000893P   2266
0.1325000319148321D0,0.1325000319148321D0,0.1325000319148321D0,  0000893P   2267
0.1325000319148321D0,1.0D0,1.0D0,1.0D0,1.0D0,                    0000893P   2268
-3.317499999999999D0,0.08000000000000002D0,0.0D0,                0000893P   2269
-3.334166666654414D0,0.08000000000000002D0,0.0D0,                0000893P   2270
-3.350833333319059D0,0.08000000000000002D0,0.0D0,                0000893P   2271
-3.367499999999999D0,0.08000000000000002D0,0.0D0,                0000893P   2272
0.08250002008243754D0,0.1325000319148321D0,0.0D0,0.0D0,1.0D0;    0000893P   2273
126,1,1,1,0,1,0,0.03959999999999998D0,0.03959999999999998D0,     0000895P   2274
0.12D0,0.12D0,1.0D0,1.0D0,0.9000000000000008D0,                  0000895P   2275
-0.08000000000000015D0,-0.3D0,0.8999999999999999D0,              0000895P   2276
8.94281125543728D-18,-0.3D0,0.03959999999999998D0,0.12D0,0.0D0,  0000895P   2277
0.0D0,1.0D0;                                                     0000895P   2278
126,1,1,1,0,1,0,0.03999999999999997D0,0.03999999999999997D0,     0000897P   2279
0.12D0,0.12D0,1.0D0,1.0D0,-3.367499999999999D0,                  0000897P   2280
0.08000000000000002D0,0.0D0,-3.3675D0,0.0D0,0.0D0,               0000897P   2281
0.03999999999999997D0,0.12D0,0.0D0,0.0D0,1.0D0;                  0000897P   2282
126,1,1,1,0,1,0,-3.3675D0,-3.3675D0,-3.3175D0,-3.3175D0,1.0D0,   0000899P   2283
1.0D0,0.8999999999999999D0,8.94281125543728D-18,-0.3D0,          0000899P   2284
0.9500000000000002D0,1.129000581067018D-17,-0.3D0,-3.3675D0,     0000899P   2285
-3.3175D0,0.0D0,0.0D0,1.0D0;                                     0000899P   2286
126,1,1,1,0,1,0,-3.3675D0,-3.3675D0,-3.3175D0,-3.3175D0,1.0D0,   0000901P   2287
1.0D0,-3.3675D0,0.0D0,0.0D0,-3.3175D0,0.0D0,0.0D0,-3.3675D0,     0000901P   2288
-3.3175D0,0.0D0,0.0D0,1.0D0;                                     0000901P   2289
141,1,3,885,4,887,1,1,889,891,1,1,893,895,1,1,897,899,1,1,901;   0000903P   2290
143,1,885,1,903;                                                 0000905P   2291
128,1,1,1,1,0,0,1,0,0,-5.49D0,-5.49D0,-3.045D0,-3.045D0,0.0D0,   0000907P   2292
0.0D0,0.12D0,0.12D0,1.0D0,1.0D0,1.0D0,1.0D0,-1.2225D0,0.0D0,     0000907P   2293
-0.3D0,1.2225D0,0.0D0,-0.3D0,-1.2225D0,-0.12D0,-0.3D0,1.2225D0,  0000907P   2294
-0.12D0,-0.3D0,-5.49D0,-3.045D0,0.0D0,0.12D0;                    0000907P   2295
126,1,1,1,0,1,0,-0.12D0,-0.12D0,-0.0396D0,-0.0396D0,1.0D0,1.0D0, 0000909P   2296
-0.9999999999999993D0,-8.025058184341244D-17,-0.3D0,             0000909P   2297
-0.9999999999999996D0,-0.07999999999999999D0,                    0000909P   2298
-0.2999999999999999D0,-0.12D0,-0.0396D0,0.0D0,0.0D0,1.0D0;       0000909P   2299
126,1,1,1,0,1,0,-0.12D0,-0.12D0,-0.04000000000000002D0,          0000911P   2300
-0.04000000000000002D0,1.0D0,1.0D0,-5.2675D0,0.0D0,0.0D0,        0000911P   2301
-5.2675D0,0.07999999999999995D0,0.0D0,-0.12D0,                   0000911P   2302
-0.04000000000000002D0,0.0D0,0.0D0,1.0D0;                        0000911P   2303
126,1,1,1,0,1,0,2.0325D0,2.0325D0,2.215000000000002D0,           0000913P   2304
2.215000000000002D0,1.0D0,1.0D0,-0.9999999999999996D0,           0000913P   2305
-0.07999999999999999D0,-0.2999999999999999D0,                    0000913P   2306
-1.182500000000001D0,-0.07999999999999997D0,                     0000913P   2307
-0.2999999999999999D0,2.0325D0,2.215000000000002D0,0.0D0,0.0D0,  0000913P   2308
1.0D0;                                                           0000913P   2309
126,3,3,1,0,1,0,2.032500076571562D0,2.032500076571562D0,         0000915P   2310
2.032500076571562D0,2.032500076571562D0,2.215000000000002D0,     0000915P   2311
2.215000000000002D0,2.215000000000002D0,2.215000000000002D0,     0000915P   2312
1.0D0,1.0D0,1.0D0,1.0D0,-5.2675D0,0.07999999999999995D0,0.0D0,   0000915P   2313
-5.328333358955495D0,0.07999999999999999D0,0.0D0,                0000915P   2314
-5.389166677686736D0,0.07999999999999999D0,0.0D0,                0000915P   2315
-5.450000000000001D0,0.07999999999999999D0,0.0D0,                0000915P   2316
2.032500076571562D0,2.215000000000002D0,0.0D0,0.0D0,1.0D0;       0000915P   2317
126,1,1,1,0,1,0,0.04000000000000002D0,0.04000000000000002D0,     0000917P   2318
0.12D0,0.12D0,1.0D0,1.0D0,-1.182500000000001D0,                  0000917P   2319
-0.07999999999999997D0,-0.2999999999999999D0,-1.1825D0,          0000917P   2320
-8.881784197001253D-17,-0.3D0,0.04000000000000002D0,0.12D0,      0000917P   2321
0.0D0,0.0D0,1.0D0;                                               0000917P   2322
126,3,3,1,0,1,0,0.04000000000000002D0,0.04000000000000002D0,     0000919P   2323
0.04000000000000002D0,0.04000000000000002D0,0.12D0,0.12D0,       0000919P   2324
0.12D0,0.12D0,1.0D0,1.0D0,1.0D0,1.0D0,-5.450000000000001D0,      0000919P   2325
0.07999999999999999D0,0.0D0,-5.45D0,0.05333333333333334D0,0.0D0, 0000919P   2326
-5.45D0,0.0266666666666667D0,0.0D0,-5.449999999999999D0,0.0D0,   0000919P   2327
0.0D0,0.04000000000000002D0,0.12D0,0.0D0,0.0D0,1.0D0;            0000919P   2328
126,1,1,1,0,1,0,-5.45D0,-5.45D0,-5.267499999999999D0,            0000921P   2329
-5.267499999999999D0,1.0D0,1.0D0,-1.1825D0,                      0000921P   2330
-8.881784197001253D-17,-0.3D0,-0.9999999999999993D0,             0000921P   2331
-8.025058184341244D-17,-0.3D0,-5.45D0,-5.267499999999999D0,      0000921P   2332
0.0D0,0.0D0,1.0D0;                                               0000921P   2333
126,1,1,1,0,1,0,-5.45D0,-5.45D0,-5.2675D0,-5.2675D0,1.0D0,1.0D0, 0000923P   2334
-5.449999999999999D0,0.0D0,0.0D0,-5.2675D0,0.0D0,0.0D0,-5.45D0,  0000923P   2335
-5.2675D0,0.0D0,0.0D0,1.0D0;                                     0000923P   2336
141,1,3,907,4,909,1,1,911,913,1,1,915,917,1,1,919,921,1,1,923;   0000925P   2337
143,1,907,1,925;                                                 0000927P   2338
128,1,1,1,1,0,0,1,0,0,-2.445D0,-2.445D0,-0.0D0,-0.0D0,0.0D0,     0000929P   2339
0.0D0,0.12D0,0.12D0,1.0D0,1.0D0,1.0D0,1.0D0,1.2225D0,0.0D0,      0000929P   2340
0.3D0,-1.2225D0,0.0D0,0.3D0,1.2225D0,-0.12D0,0.3D0,-1.2225D0,    0000929P   2341
-0.12D0,0.3D0,-2.445D0,-0.0D0,0.0D0,0.12D0;                      0000929P   2342
126,1,1,1,0,1,0,-0.08249999999999982D0,-0.08249999999999982D0,   0000931P   2343
0.001853969182690457D0,0.001853969182690457D0,1.0D0,1.0D0,       0000931P   2344
0.9500000000000001D0,-0.08000000000000011D0,                     0000931P   2345
0.2999999999999999D0,1.03435396918269D0,-0.08000000000000013D0,  0000931P   2346
0.2999999999999999D0,-0.08249999999999982D0,                     0000931P   2347
0.001853969182690457D0,0.0D0,0.0D0,1.0D0;                        0000931P   2348
126,3,3,1,0,1,0,-0.0824999821260257D0,-0.0824999821260257D0,     0000933P   2349
-0.0824999821260257D0,-0.0824999821260257D0,                     0000933P   2350
0.001853969182690457D0,0.001853969182690457D0,                   0000933P   2351
0.001853969182690457D0,0.001853969182690457D0,1.0D0,1.0D0,1.0D0, 0000933P   2352
1.0D0,-2.172499999999999D0,0.08000000000000003D0,0.0D0,          0000933P   2353
-2.200617989001121D0,0.08000000000000003D0,0.0D0,                0000933P   2354
-2.228735978709271D0,0.08000000000000003D0,0.0D0,                0000933P   2355
-2.25685396918269D0,0.08000000000000003D0,0.0D0,                 0000933P   2356
-0.0824999821260257D0,0.001853969182690457D0,0.0D0,0.0D0,1.0D0;  0000933P   2357
126,1,1,1,0,1,0,-0.1944386371090373D0,-0.1944386371090373D0,     0000935P   2358
-0.02702652255393451D0,-0.02702652255393451D0,1.0D0,1.0D0,       0000935P   2359
1.03435396918269D0,-0.08000000000000013D0,0.2999999999999999D0,  0000935P   2360
1.1825D0,-0.00202840483299483D0,0.2999999999999999D0,            0000935P   2361
-0.1944386371090373D0,-0.02702652255393451D0,0.0D0,0.0D0,1.0D0;  0000935P   2362
126,6,3,1,0,1,0,-0.1944386371090368D0,-0.1944386371090368D0,     0000937P   2363
-0.1944386371090368D0,-0.1944386371090368D0,                     0000937P   2364
-0.192910196852242D0,-0.192910196852242D0,-0.192910196852242D0,  0000937P   2365
-0.02702652255393435D0,-0.02702652255393435D0,                   0000937P   2366
-0.02702652255393435D0,-0.02702652255393435D0,1.0D0,1.0D0,1.0D0, 0000937P   2367
1.0D0,1.0D0,1.0D0,1.0D0,-2.25685396918269D0,                     0000937P   2368
0.08000000000000003D0,0.0D0,-2.257304817394377D0,                0000937P   2369
0.0797627114675334D0,0.0D0,-2.257755665606063D0,                 0000937P   2370
0.07952542293506672D0,0.0D0,-2.25820651381775D0,                 0000937P   2371
0.07928813440260003D0,0.0D0,-2.307137675878501D0,                0000937P   2372
0.05353489121273174D0,0.0D0,-2.356068837939252D0,                0000937P   2373
0.02778164802286297D0,0.0D0,-2.405D0,0.002028404832994722D0,     0000937P   2374
0.0D0,-0.1944386371090368D0,-0.02702652255393435D0,0.0D0,0.0D0,  0000937P   2375
1.0D0;                                                           0000937P   2376
126,1,1,1,0,1,0,0.01797159516700536D0,0.01797159516700536D0,     0000939P   2377
0.02000000000000009D0,0.02000000000000009D0,1.0D0,1.0D0,         0000939P   2378
1.1825D0,-0.00202840483299483D0,0.2999999999999999D0,1.1825D0,   0000939P   2379
0.0D0,0.3D0,0.01797159516700536D0,0.02000000000000009D0,0.0D0,   0000939P   2380
0.0D0,1.0D0;                                                     0000939P   2381
126,3,3,1,0,1,0,0.01797159516700536D0,0.01797159516700536D0,     0000941P   2382
0.01797159516700536D0,0.01797159516700536D0,                     0000941P   2383
0.02000000000000009D0,0.02000000000000009D0,                     0000941P   2384
0.02000000000000009D0,0.02000000000000009D0,1.0D0,1.0D0,1.0D0,   0000941P   2385
1.0D0,-2.405D0,0.002028404832994722D0,0.0D0,-2.405D0,            0000941P   2386
0.001352269888663152D0,0.0D0,-2.405D0,0.0006761349443315762D0,   0000941P   2387
0.0D0,-2.405D0,0.0D0,0.0D0,0.01797159516700536D0,                0000941P   2388
0.02000000000000009D0,0.0D0,0.0D0,1.0D0;                         0000941P   2389
126,1,1,1,0,1,0,-2.405D0,-2.405D0,-2.172500000000001D0,          0000943P   2390
-2.172500000000001D0,1.0D0,1.0D0,1.1825D0,0.0D0,0.3D0,           0000943P   2391
0.9500000000000004D0,1.309734561819949D-17,0.3D0,-2.405D0,       0000943P   2392
-2.172500000000001D0,0.0D0,0.0D0,1.0D0;                          0000943P   2393
126,1,1,1,0,1,0,-2.405D0,-2.405D0,-2.172500000000001D0,          0000945P   2394
-2.172500000000001D0,1.0D0,1.0D0,-2.405D0,0.0D0,0.0D0,-2.1725D0, 0000945P   2395
0.0D0,0.0D0,-2.405D0,-2.172500000000001D0,0.0D0,0.0D0,1.0D0;     0000945P   2396
126,1,1,1,0,1,0,-0.12D0,-0.12D0,-0.03959999999999996D0,          0000947P   2397
-0.03959999999999996D0,1.0D0,1.0D0,0.9500000000000004D0,         0000947P   2398
1.309734561819949D-17,0.3D0,0.9500000000000001D0,                0000947P   2399
-0.08000000000000011D0,0.2999999999999999D0,-0.12D0,             0000947P   2400
-0.03959999999999996D0,0.0D0,0.0D0,1.0D0;                        0000947P   2401
126,1,1,1,0,1,0,-0.12D0,-0.12D0,-0.03999999999999996D0,          0000949P   2402
-0.03999999999999996D0,1.0D0,1.0D0,-2.1725D0,0.0D0,0.0D0,        0000949P   2403
-2.172499999999999D0,0.08000000000000003D0,0.0D0,-0.12D0,        0000949P   2404
-0.03999999999999996D0,0.0D0,0.0D0,1.0D0;                        0000949P   2405
141,1,3,929,5,931,1,1,933,935,1,1,937,939,1,1,941,943,1,1,945,   0000951P   2406
947,1,1,949;                                                     0000951P   2407
143,1,929,1,951;                                                 0000953P   2408
128,1,1,1,1,0,0,1,0,0,-2.445D0,-2.445D0,-0.0D0,-0.0D0,0.0D0,     0000955P   2409
0.0D0,0.12D0,0.12D0,1.0D0,1.0D0,1.0D0,1.0D0,1.2225D0,0.0D0,      0000955P   2410
0.3D0,-1.2225D0,0.0D0,0.3D0,1.2225D0,-0.12D0,0.3D0,-1.2225D0,    0000955P   2411
-0.12D0,0.3D0,-2.445D0,-0.0D0,0.0D0,0.12D0;                      0000955P   2412
126,1,1,1,0,1,0,-2.0325D0,-2.0325D0,-1.9325D0,-1.9325D0,1.0D0,   0000957P   2413
1.0D0,-1.0D0,-0.08000000000000002D0,0.3D0,-0.9000000000000004D0, 0000957P   2414
-0.08000000000000002D0,0.3D0,-2.0325D0,-1.9325D0,0.0D0,0.0D0,    0000957P   2415
1.0D0;                                                           0000957P   2416
126,3,3,1,0,1,0,-2.032500033355064D0,-2.032500033355064D0,       0000959P   2417
-2.032500033355064D0,-2.032500033355064D0,-1.932500043791692D0,  0000959P   2418
-1.932500043791692D0,-1.932500043791692D0,-1.932500043791692D0,  0000959P   2419
1.0D0,1.0D0,1.0D0,1.0D0,-0.2224999999999998D0,                   0000959P   2420
0.07999999999999997D0,0.0D0,-0.2558333341993959D0,               0000959P   2421
0.07999999999999996D0,0.0D0,-0.2891666675003866D0,               0000959P   2422
0.07999999999999995D0,0.0D0,-0.3225D0,0.07999999999999993D0,     0000959P   2423
0.0D0,-2.032500033355064D0,-1.932500043791692D0,0.0D0,0.0D0,     0000959P   2424
1.0D0;                                                           0000959P   2425
126,1,1,1,0,1,0,0.0396D0,0.0396D0,0.12D0,0.12D0,1.0D0,1.0D0,     0000961P   2426
-0.9000000000000004D0,-0.08000000000000002D0,0.3D0,              0000961P   2427
-0.9000000000000001D0,1.173127838705398D-16,                     0000961P   2428
0.2999999999999999D0,0.0396D0,0.12D0,0.0D0,0.0D0,1.0D0;          0000961P   2429
126,1,1,1,0,1,0,0.04000000000000003D0,0.04000000000000003D0,     0000963P   2430
0.12D0,0.12D0,1.0D0,1.0D0,-0.3225D0,0.07999999999999993D0,0.0D0, 0000963P   2431
-0.3224999999999997D0,0.0D0,0.0D0,0.04000000000000003D0,0.12D0,  0000963P   2432
0.0D0,0.0D0,1.0D0;                                               0000963P   2433
126,1,1,1,0,1,0,-0.3225D0,-0.3225D0,-0.2225000000000001D0,       0000965P   2434
-0.2225000000000001D0,1.0D0,1.0D0,-0.9000000000000001D0,         0000965P   2435
1.173127838705398D-16,0.2999999999999999D0,                      0000965P   2436
-0.9999999999999999D0,1.229460508030987D-16,                     0000965P   2437
0.2999999999999999D0,-0.3225D0,-0.2225000000000001D0,0.0D0,      0000965P   2438
0.0D0,1.0D0;                                                     0000965P   2439
126,1,1,1,0,1,0,-0.3225D0,-0.3225D0,-0.2225000000000004D0,       0000967P   2440
-0.2225000000000004D0,1.0D0,1.0D0,-0.3224999999999997D0,0.0D0,   0000967P   2441
0.0D0,-0.2225000000000001D0,0.0D0,0.0D0,-0.3225D0,               0000967P   2442
-0.2225000000000004D0,0.0D0,0.0D0,1.0D0;                         0000967P   2443
126,1,1,1,0,1,0,-0.12D0,-0.12D0,-0.03959999999999999D0,          0000969P   2444
-0.03959999999999999D0,1.0D0,1.0D0,-0.9999999999999999D0,        0000969P   2445
1.229460508030987D-16,0.2999999999999999D0,-1.0D0,               0000969P   2446
-0.08000000000000002D0,0.3D0,-0.12D0,-0.03959999999999999D0,     0000969P   2447
0.0D0,0.0D0,1.0D0;                                               0000969P   2448
126,1,1,1,0,1,0,-0.12D0,-0.12D0,-0.04000000000000002D0,          0000971P   2449
-0.04000000000000002D0,1.0D0,1.0D0,-0.2225000000000001D0,0.0D0,  0000971P   2450
0.0D0,-0.2224999999999998D0,0.07999999999999997D0,0.0D0,-0.12D0, 0000971P   2451
-0.04000000000000002D0,0.0D0,0.0D0,1.0D0;                        0000971P   2452
141,1,3,955,4,957,1,1,959,961,1,1,963,965,1,1,967,969,1,1,971;   0000973P   2453
143,1,955,1,973;                                                 0000975P   2454
128,1,1,1,1,0,0,1,0,0,-2.445D0,-2.445D0,-0.0D0,-0.0D0,0.0D0,     0000977P   2455
0.0D0,0.12D0,0.12D0,1.0D0,1.0D0,1.0D0,1.0D0,1.2225D0,0.0D0,      0000977P   2456
0.3D0,-1.2225D0,0.0D0,0.3D0,1.2225D0,-0.12D0,0.3D0,-1.2225D0,    0000977P   2457
-0.12D0,0.3D0,-2.445D0,-0.0D0,0.0D0,0.12D0;                      0000977P   2458
126,1,1,1,0,1,0,-1.9325D0,-1.9325D0,-1.0325D0,-1.0325D0,1.0D0,   0000979P   2459
1.0D0,-0.9000000000000004D0,-0.08000000000000002D0,0.3D0,        0000979P   2460
3.33066907387547D-16,-0.08000000000000007D0,0.3D0,-1.9325D0,     0000979P   2461
-1.0325D0,0.0D0,0.0D0,1.0D0;                                     0000979P   2462
126,3,3,1,0,1,0,-1.932500043791692D0,-1.932500043791692D0,       0000981P   2463
-1.932500043791692D0,-1.932500043791692D0,-1.032499991209245D0,  0000981P   2464
-1.032499991209245D0,-1.032499991209245D0,-1.032499991209245D0,  0000981P   2465
1.0D0,1.0D0,1.0D0,1.0D0,-0.3225D0,0.07999999999999993D0,0.0D0,   0000981P   2466
-0.6225001843850238D0,0.07999999999999993D0,0.0D0,               0000981P   2467
-0.9225000892817236D0,0.07999999999999996D0,0.0D0,-1.2225D0,     0000981P   2468
0.07999999999999996D0,0.0D0,-1.932500043791692D0,                0000981P   2469
-1.032499991209245D0,0.0D0,0.0D0,1.0D0;                          0000981P   2470
126,1,1,1,0,1,0,0.03959999999999998D0,0.03959999999999998D0,     0000983P   2471
0.12D0,0.12D0,1.0D0,1.0D0,3.33066907387547D-16,                  0000983P   2472
-0.08000000000000007D0,0.3D0,0.0D0,6.66133814775094D-17,0.3D0,   0000983P   2473
0.03959999999999998D0,0.12D0,0.0D0,0.0D0,1.0D0;                  0000983P   2474
126,1,1,1,0,1,0,0.03999999999999999D0,0.03999999999999999D0,     0000985P   2475
0.12D0,0.12D0,1.0D0,1.0D0,-1.2225D0,0.07999999999999996D0,0.0D0, 0000985P   2476
-1.2225D0,0.0D0,0.0D0,0.03999999999999999D0,0.12D0,0.0D0,0.0D0,  0000985P   2477
1.0D0;                                                           0000985P   2478
126,1,1,1,0,1,0,-1.2225D0,-1.2225D0,-0.3225D0,-0.3225D0,1.0D0,   0000987P   2479
1.0D0,0.0D0,6.66133814775094D-17,0.3D0,-0.9000000000000001D0,    0000987P   2480
1.173127838705398D-16,0.2999999999999999D0,-1.2225D0,-0.3225D0,  0000987P   2481
0.0D0,0.0D0,1.0D0;                                               0000987P   2482
126,1,1,1,0,1,0,-1.2225D0,-1.2225D0,-0.3225D0,-0.3225D0,1.0D0,   0000989P   2483
1.0D0,-1.2225D0,0.0D0,0.0D0,-0.3224999999999997D0,0.0D0,0.0D0,   0000989P   2484
-1.2225D0,-0.3225D0,0.0D0,0.0D0,1.0D0;                           0000989P   2485
126,1,1,1,0,1,0,-0.12D0,-0.12D0,-0.0396D0,-0.0396D0,1.0D0,1.0D0, 0000991P   2486
-0.9000000000000001D0,1.173127838705398D-16,                     0000991P   2487
0.2999999999999999D0,-0.9000000000000004D0,                      0000991P   2488
-0.08000000000000002D0,0.3D0,-0.12D0,-0.0396D0,0.0D0,0.0D0,      0000991P   2489
1.0D0;                                                           0000991P   2490
126,1,1,1,0,1,0,-0.12D0,-0.12D0,-0.04000000000000003D0,          0000993P   2491
-0.04000000000000003D0,1.0D0,1.0D0,-0.3224999999999997D0,0.0D0,  0000993P   2492
0.0D0,-0.3225D0,0.07999999999999993D0,0.0D0,-0.12D0,             0000993P   2493
-0.04000000000000003D0,0.0D0,0.0D0,1.0D0;                        0000993P   2494
141,1,3,977,4,979,1,1,981,983,1,1,985,987,1,1,989,991,1,1,993;   0000995P   2495
143,1,977,1,995;                                                 0000997P   2496
128,1,1,1,1,0,0,1,0,0,-2.445D0,-2.445D0,-0.0D0,-0.0D0,0.0D0,     0000999P   2497
0.0D0,0.12D0,0.12D0,1.0D0,1.0D0,1.0D0,1.0D0,1.2225D0,0.0D0,      0000999P   2498
0.3D0,-1.2225D0,0.0D0,0.3D0,1.2225D0,-0.12D0,0.3D0,-1.2225D0,    0000999P   2499
-0.12D0,0.3D0,-2.445D0,-0.0D0,0.0D0,0.12D0;                      0000999P   2500
126,1,1,1,0,1,0,-1.0325D0,-1.0325D0,-0.1325000000000004D0,       0001001P   2501
-0.1325000000000004D0,1.0D0,1.0D0,3.33066907387547D-16,          0001001P   2502
-0.08000000000000007D0,0.3D0,0.8999999999999996D0,               0001001P   2503
-0.08000000000000011D0,0.2999999999999999D0,-1.0325D0,           0001001P   2504
-0.1325000000000004D0,0.0D0,0.0D0,1.0D0;                         0001001P   2505
126,3,3,1,0,1,0,-1.032499991209245D0,-1.032499991209245D0,       0001003P   2506
-1.032499991209245D0,-1.032499991209245D0,-0.1324999735562727D0, 0001003P   2507
-0.1324999735562727D0,-0.1324999735562727D0,                     0001003P   2508
-0.1324999735562727D0,1.0D0,1.0D0,1.0D0,1.0D0,-1.2225D0,         0001003P   2509
0.07999999999999996D0,0.0D0,-1.522499899075123D0,                0001003P   2510
0.07999999999999999D0,0.0D0,-1.822499803971822D0,                0001003P   2511
0.08000000000000002D0,0.0D0,-2.122499999999999D0,                0001003P   2512
0.08000000000000004D0,0.0D0,-1.032499991209245D0,                0001003P   2513
-0.1324999735562727D0,0.0D0,0.0D0,1.0D0;                         0001003P   2514
126,1,1,1,0,1,0,0.03959999999999996D0,0.03959999999999996D0,     0001005P   2515
0.12D0,0.12D0,1.0D0,1.0D0,0.8999999999999996D0,                  0001005P   2516
-0.08000000000000011D0,0.2999999999999999D0,                     0001005P   2517
0.8999999999999997D0,1.5913979084479D-17,0.3D0,                  0001005P   2518
0.03959999999999996D0,0.12D0,0.0D0,0.0D0,1.0D0;                  0001005P   2519
126,1,1,1,0,1,0,0.03999999999999996D0,0.03999999999999996D0,     0001007P   2520
0.12D0,0.12D0,1.0D0,1.0D0,-2.122499999999999D0,                  0001007P   2521
0.08000000000000004D0,0.0D0,-2.1225D0,0.0D0,0.0D0,               0001007P   2522
0.03999999999999996D0,0.12D0,0.0D0,0.0D0,1.0D0;                  0001007P   2523
126,1,1,1,0,1,0,-2.1225D0,-2.1225D0,-1.2225D0,-1.2225D0,1.0D0,   0001009P   2524
1.0D0,0.8999999999999997D0,1.5913979084479D-17,0.3D0,0.0D0,      0001009P   2525
6.66133814775094D-17,0.3D0,-2.1225D0,-1.2225D0,0.0D0,0.0D0,      0001009P   2526
1.0D0;                                                           0001009P   2527
126,1,1,1,0,1,0,-2.1225D0,-2.1225D0,-1.2225D0,-1.2225D0,1.0D0,   0001011P   2528
1.0D0,-2.1225D0,0.0D0,0.0D0,-1.2225D0,0.0D0,0.0D0,-2.1225D0,     0001011P   2529
-1.2225D0,0.0D0,0.0D0,1.0D0;                                     0001011P   2530
126,1,1,1,0,1,0,-0.12D0,-0.12D0,-0.03959999999999998D0,          0001013P   2531
-0.03959999999999998D0,1.0D0,1.0D0,0.0D0,6.66133814775094D-17,   0001013P   2532
0.3D0,3.33066907387547D-16,-0.08000000000000007D0,0.3D0,-0.12D0, 0001013P   2533
-0.03959999999999998D0,0.0D0,0.0D0,1.0D0;                        0001013P   2534
126,1,1,1,0,1,0,-0.12D0,-0.12D0,-0.03999999999999999D0,          0001015P   2535
-0.03999999999999999D0,1.0D0,1.0D0,-1.2225D0,0.0D0,0.0D0,        0001015P   2536
-1.2225D0,0.07999999999999996D0,0.0D0,-0.12D0,                   0001015P   2537
-0.03999999999999999D0,0.0D0,0.0D0,1.0D0;                        0001015P   2538
141,1,3,999,4,1001,1,1,1003,1005,1,1,1007,1009,1,1,1011,1013,1,  0001017P   2539
1,1015;                                                          0001017P   2540
143,1,999,1,1017;                                                0001019P   2541
128,1,1,1,1,0,0,1,0,0,-2.445D0,-2.445D0,-0.0D0,-0.0D0,0.0D0,     0001021P   2542
0.0D0,0.12D0,0.12D0,1.0D0,1.0D0,1.0D0,1.0D0,1.2225D0,0.0D0,      0001021P   2543
0.3D0,-1.2225D0,0.0D0,0.3D0,1.2225D0,-0.12D0,0.3D0,-1.2225D0,    0001021P   2544
-0.12D0,0.3D0,-2.445D0,-0.0D0,0.0D0,0.12D0;                      0001021P   2545
126,1,1,1,0,1,0,0.03959999999999996D0,0.03959999999999996D0,     0001023P   2546
0.12D0,0.12D0,1.0D0,1.0D0,0.9500000000000001D0,                  0001023P   2547
-0.08000000000000011D0,0.2999999999999999D0,                     0001023P   2548
0.9500000000000004D0,1.309734561819949D-17,0.3D0,                0001023P   2549
0.03959999999999996D0,0.12D0,0.0D0,0.0D0,1.0D0;                  0001023P   2550
126,1,1,1,0,1,0,0.03999999999999996D0,0.03999999999999996D0,     0001025P   2551
0.12D0,0.12D0,1.0D0,1.0D0,-2.172499999999999D0,                  0001025P   2552
0.08000000000000003D0,0.0D0,-2.1725D0,0.0D0,0.0D0,               0001025P   2553
0.03999999999999996D0,0.12D0,0.0D0,0.0D0,1.0D0;                  0001025P   2554
126,1,1,1,0,1,0,-2.172500000000001D0,-2.172500000000001D0,       0001027P   2555
-2.1225D0,-2.1225D0,1.0D0,1.0D0,0.9500000000000004D0,            0001027P   2556
1.309734561819949D-17,0.3D0,0.8999999999999997D0,                0001027P   2557
1.5913979084479D-17,0.3D0,-2.172500000000001D0,-2.1225D0,0.0D0,  0001027P   2558
0.0D0,1.0D0;                                                     0001027P   2559
126,1,1,1,0,1,0,-2.172500000000001D0,-2.172500000000001D0,       0001029P   2560
-2.1225D0,-2.1225D0,1.0D0,1.0D0,-2.1725D0,0.0D0,0.0D0,-2.1225D0, 0001029P   2561
0.0D0,0.0D0,-2.172500000000001D0,-2.1225D0,0.0D0,0.0D0,1.0D0;    0001029P   2562
126,1,1,1,0,1,0,-0.12D0,-0.12D0,-0.03959999999999996D0,          0001031P   2563
-0.03959999999999996D0,1.0D0,1.0D0,0.8999999999999997D0,         0001031P   2564
1.5913979084479D-17,0.3D0,0.8999999999999996D0,                  0001031P   2565
-0.08000000000000011D0,0.2999999999999999D0,-0.12D0,             0001031P   2566
-0.03959999999999996D0,0.0D0,0.0D0,1.0D0;                        0001031P   2567
126,1,1,1,0,1,0,-0.12D0,-0.12D0,-0.03999999999999996D0,          0001033P   2568
-0.03999999999999996D0,1.0D0,1.0D0,-2.1225D0,0.0D0,0.0D0,        0001033P   2569
-2.122499999999999D0,0.08000000000000004D0,0.0D0,-0.12D0,        0001033P   2570
-0.03999999999999996D0,0.0D0,0.0D0,1.0D0;                        0001033P   2571
126,1,1,1,0,1,0,-0.1325000000000004D0,-0.1325000000000004D0,     0001035P   2572
-0.08249999999999982D0,-0.08249999999999982D0,1.0D0,1.0D0,       0001035P   2573
0.8999999999999996D0,-0.08000000000000011D0,                     0001035P   2574
0.2999999999999999D0,0.9500000000000001D0,                       0001035P   2575
-0.08000000000000011D0,0.2999999999999999D0,                     0001035P   2576
-0.1325000000000004D0,-0.08249999999999982D0,0.0D0,0.0D0,1.0D0;  0001035P   2577
126,3,3,1,0,1,0,-0.1324999735562727D0,-0.1324999735562727D0,     0001037P   2578
-0.1324999735562727D0,-0.1324999735562727D0,                     0001037P   2579
-0.0824999821260257D0,-0.0824999821260257D0,                     0001037P   2580
-0.0824999821260257D0,-0.0824999821260257D0,1.0D0,1.0D0,1.0D0,   0001037P   2581
1.0D0,-2.122499999999999D0,0.08000000000000004D0,0.0D0,          0001037P   2582
-2.139166662452702D0,0.08000000000000004D0,0.0D0,                0001037P   2583
-2.155833325141682D0,0.08000000000000004D0,0.0D0,                0001037P   2584
-2.172499999999999D0,0.08000000000000003D0,0.0D0,                0001037P   2585
-0.1324999735562727D0,-0.0824999821260257D0,0.0D0,0.0D0,1.0D0;   0001037P   2586
141,1,3,1021,4,1023,1,1,1025,1027,1,1,1029,1031,1,1,1033,1035,1, 0001039P   2587
1,1037;                                                          0001039P   2588
143,1,1021,1,1039;                                               0001041P   2589
128,1,1,1,1,0,0,1,0,0,-2.445D0,-2.445D0,-0.0D0,-0.0D0,0.0D0,     0001043P   2590
0.0D0,0.12D0,0.12D0,1.0D0,1.0D0,1.0D0,1.0D0,1.2225D0,0.0D0,      0001043P   2591
0.3D0,-1.2225D0,0.0D0,0.3D0,1.2225D0,-0.12D0,0.3D0,-1.2225D0,    0001043P   2592
-0.12D0,0.3D0,-2.445D0,-0.0D0,0.0D0,0.12D0;                      0001043P   2593
126,1,1,1,0,1,0,0.03959999999999999D0,0.03959999999999999D0,     0001045P   2594
0.12D0,0.12D0,1.0D0,1.0D0,-1.0D0,-0.08000000000000002D0,0.3D0,   0001045P   2595
-0.9999999999999999D0,1.229460508030987D-16,                     0001045P   2596
0.2999999999999999D0,0.03959999999999999D0,0.12D0,0.0D0,0.0D0,   0001045P   2597
1.0D0;                                                           0001045P   2598
126,1,1,1,0,1,0,0.04000000000000002D0,0.04000000000000002D0,     0001047P   2599
0.12D0,0.12D0,1.0D0,1.0D0,-0.2224999999999998D0,                 0001047P   2600
0.07999999999999997D0,0.0D0,-0.2225000000000001D0,0.0D0,0.0D0,   0001047P   2601
0.04000000000000002D0,0.12D0,0.0D0,0.0D0,1.0D0;                  0001047P   2602
126,1,1,1,0,1,0,-0.2225000000000001D0,-0.2225000000000001D0,     0001049P   2603
-0.04000000000000013D0,-0.04000000000000013D0,1.0D0,1.0D0,       0001049P   2604
-0.9999999999999999D0,1.229460508030987D-16,                     0001049P   2605
0.2999999999999999D0,-1.1825D0,1.332267629550188D-16,            0001049P   2606
0.2999999999999999D0,-0.2225000000000001D0,                      0001049P   2607
-0.04000000000000013D0,0.0D0,0.0D0,1.0D0;                        0001049P   2608
126,1,1,1,0,1,0,-0.2225000000000004D0,-0.2225000000000004D0,     0001051P   2609
-0.04000000000000013D0,-0.04000000000000013D0,1.0D0,1.0D0,       0001051P   2610
-0.2225000000000001D0,0.0D0,0.0D0,-0.0399999999999999D0,0.0D0,   0001051P   2611
0.0D0,-0.2225000000000004D0,-0.04000000000000013D0,0.0D0,0.0D0,  0001051P   2612
1.0D0;                                                           0001051P   2613
126,1,1,1,0,1,0,0.0D0,0.0D0,0.07999999999999997D0,               0001053P   2614
0.07999999999999997D0,1.0D0,1.0D0,-1.1825D0,                     0001053P   2615
1.332267629550188D-16,0.2999999999999999D0,-1.1825D0,            0001053P   2616
-0.08000000000000002D0,0.3D0,0.0D0,0.07999999999999997D0,0.0D0,  0001053P   2617
0.0D0,1.0D0;                                                     0001053P   2618
126,3,3,1,0,1,0,0.0D0,0.0D0,0.0D0,0.0D0,0.07999999999999997D0,   0001055P   2619
0.07999999999999997D0,0.07999999999999997D0,                     0001055P   2620
0.07999999999999997D0,1.0D0,1.0D0,1.0D0,1.0D0,                   0001055P   2621
-0.0399999999999999D0,0.0D0,0.0D0,-0.03999999999999999D0,        0001055P   2622
0.02666666666666662D0,0.0D0,-0.04000000000000008D0,              0001055P   2623
0.0533333333333333D0,0.0D0,-0.03999999999999948D0,               0001055P   2624
0.07999999999999997D0,0.0D0,0.0D0,0.07999999999999997D0,0.0D0,   0001055P   2625
0.0D0,1.0D0;                                                     0001055P   2626
126,1,1,1,0,1,0,-2.215D0,-2.215D0,-2.0325D0,-2.0325D0,1.0D0,     0001057P   2627
1.0D0,-1.1825D0,-0.08000000000000002D0,0.3D0,-1.0D0,             0001057P   2628
-0.08000000000000002D0,0.3D0,-2.215D0,-2.0325D0,0.0D0,0.0D0,     0001057P   2629
1.0D0;                                                           0001057P   2630
126,3,3,1,0,1,0,-2.215D0,-2.215D0,-2.215D0,-2.215D0,             0001059P   2631
-2.032500033355064D0,-2.032500033355064D0,-2.032500033355064D0,  0001059P   2632
-2.032500033355064D0,1.0D0,1.0D0,1.0D0,1.0D0,                    0001059P   2633
-0.03999999999999948D0,0.07999999999999997D0,0.0D0,              0001059P   2634
-0.1008333367187653D0,0.07999999999999996D0,0.0D0,               0001059P   2635
-0.1616666698555081D0,0.07999999999999995D0,0.0D0,               0001059P   2636
-0.2224999999999998D0,0.07999999999999997D0,0.0D0,-2.215D0,      0001059P   2637
-2.032500033355064D0,0.0D0,0.0D0,1.0D0;                          0001059P   2638
141,1,3,1043,4,1045,1,1,1047,1049,1,1,1051,1053,1,1,1055,1057,1, 0001061P   2639
1,1059;                                                          0001061P   2640
143,1,1043,1,1061;                                               0001063P   2641
128,1,1,1,1,0,0,1,0,0,0.0D0,0.0D0,0.3032452813330478D0,          0001065P   2642
0.3032452813330478D0,0.0D0,0.0D0,0.2147091055358388D0,           0001065P   2643
0.2147091055358388D0,1.0D0,1.0D0,1.0D0,1.0D0,1.05310737527115D0, 0001065P   2644
-0.1591540130151844D0,1.387778780781446D-17,1.0325D0,            0001065P   2645
-0.1200000000000001D0,-0.3000000000000001D0,1.24310737527115D0,  0001065P   2646
-0.05915401301518444D0,1.387778780781446D-17,1.2225D0,           0001065P   2647
-0.02000000000000007D0,-0.3000000000000001D0,0.0D0,              0001065P   2648
0.3032452813330478D0,0.0D0,0.2147091055358388D0;                 0001065P   2649
126,1,1,1,0,1,0,-0.2676368816073426D0,-0.2676368816073426D0,     0001067P   2650
-0.05992010132500189D0,-0.05992010132500189D0,1.0D0,1.0D0,       0001067P   2651
1.200930483631675D0,-0.03704632373317742D0,                      0001067P   2652
-0.2658363198166971D0,1.200930483631675D0,                       0001067P   2653
-0.07119475205792379D0,-0.06094574986821924D0,                   0001067P   2654
-0.2676368816073426D0,-0.05992010132500189D0,1.0D0,0.0D0,0.0D0;  0001067P   2655
126,3,3,1,0,1,0,-0.2676368816073426D0,-0.2676368816073426D0,     0001069P   2656
-0.2676368816073426D0,-0.2676368816073426D0,                     0001069P   2657
-0.0599201013250018D0,-0.0599201013250018D0,                     0001069P   2658
-0.0599201013250018D0,-0.0599201013250018D0,1.0D0,1.0D0,1.0D0,   0001069P   2659
1.0D0,0.2687120319711879D0,0.1876825829819043D0,0.0D0,           0001069P   2660
0.1996763669417273D0,0.1823810800888741D0,0.0D0,                 0001069P   2661
0.1306407019122665D0,0.1770795771958436D0,0.0D0,                 0001069P   2662
0.06160503688280597D0,0.1717780743028132D0,0.0D0,                0001069P   2663
-0.2676368816073426D0,-0.0599201013250018D0,0.0D0,0.0D0,1.0D0;   0001069P   2664
126,1,1,1,0,1,0,0.06257987633675571D0,0.06257987633675571D0,     0001071P   2665
0.3074981559294991D0,0.3074981559294991D0,1.0D0,1.0D0,           0001071P   2666
1.200930483631675D0,-0.07119475205792379D0,                      0001071P   2667
-0.06094574986821924D0,1.071166455997639D0,                      0001071P   2668
-0.1053431803826703D0,-0.2658363198166968D0,                     0001071P   2669
0.06257987633675571D0,0.3074981559294991D0,                      0001071P   2670
-0.8448190755542276D0,0.0D0,0.5350520811843467D0;                0001071P   2671
126,3,3,1,0,1,0,0.06257987633675589D0,0.06257987633675589D0,     0001073P   2672
0.06257987633675589D0,0.06257987633675589D0,0.307498155929499D0, 0001073P   2673
0.307498155929499D0,0.307498155929499D0,0.307498155929499D0,     0001073P   2674
1.0D0,1.0D0,1.0D0,1.0D0,0.06160503688280597D0,                   0001073P   2675
0.1717780743028132D0,0.0D0,0.1306407019122666D0,                 0001073P   2676
0.1281997205221037D0,0.0D0,0.1996763669417273D0,                 0001073P   2677
0.08462136674139448D0,0.0D0,0.2687120319711879D0,                0001073P   2678
0.04104301296068489D0,0.0D0,0.06257987633675589D0,               0001073P   2679
0.307498155929499D0,0.0D0,0.0D0,1.0D0;                           0001073P   2680
126,1,1,1,0,1,0,-0.1736660925751538D0,-0.1736660925751538D0,     0001075P   2681
-0.02702652255393456D0,-0.02702652255393456D0,1.0D0,1.0D0,       0001075P   2682
1.071166455997639D0,-0.1053431803826703D0,-0.2658363198166968D0, 0001075P   2683
1.200930483631675D0,-0.03704632373317742D0,                      0001075P   2684
-0.2658363198166971D0,-0.1736660925751538D0,                     0001075P   2685
-0.02702652255393456D0,0.0D0,0.0D0,1.0D0;                        0001075P   2686
126,3,3,1,0,1,0,-0.1736660925751538D0,-0.1736660925751538D0,     0001077P   2687
-0.1736660925751538D0,-0.1736660925751538D0,                     0001077P   2688
-0.02702652255393456D0,-0.02702652255393456D0,                   0001077P   2689
-0.02702652255393456D0,-0.02702652255393456D0,1.0D0,1.0D0,1.0D0, 0001077P   2690
1.0D0,0.2687120319711879D0,0.04104301296068489D0,0.0D0,          0001077P   2691
0.2687120319711878D0,0.0899228696344246D0,0.0D0,                 0001077P   2692
0.268712031971188D0,0.1388027263081645D0,0.0D0,                  0001077P   2693
0.2687120319711879D0,0.1876825829819043D0,0.0D0,                 0001077P   2694
-0.1736660925751538D0,-0.02702652255393456D0,0.0D0,0.0D0,1.0D0;  0001077P   2695
141,1,3,1065,3,1067,1,1,1069,1071,1,1,1073,1075,1,1,1077;        0001079P   2696
143,1,1065,1,1079;                                               0001081P   2697
128,1,1,1,1,0,0,1,0,0,0.0D0,0.0D0,0.304138126514911D0,           0001083P   2698
0.304138126514911D0,0.0D0,0.0D0,0.3586084215408221D0,            0001083P   2699
0.3586084215408221D0,1.0D0,1.0D0,1.0D0,1.0D0,1.2225D0,           0001083P   2700
-0.07000000000000001D0,0.0D0,1.2225D0,-0.02D0,0.3D0,1.0325D0,    0001083P   2701
-0.12D0,0.3D0,1.0325D0,-0.06999999999999999D0,0.6D0,0.0D0,       0001083P   2702
0.304138126514911D0,0.0D0,0.3586084215408221D0;                  0001083P   2703
126,1,1,1,0,1,0,0.05111026561132388D0,0.05111026561132388D0,     0001085P   2704
0.2960285452040657D0,0.2960285452040657D0,1.0D0,1.0D0,           0001085P   2705
1.071166455997639D0,-0.1053431803826708D0,0.2658363198166964D0,  0001085P   2706
1.200930483631673D0,-0.0711947520579245D0,0.06094574986821919D0, 0001085P   2707
0.05111026561132388D0,0.2960285452040657D0,                      0001085P   2708
-0.8448190755542299D0,0.0D0,-0.5350520811843427D0;               0001085P   2709
126,3,3,1,0,1,0,0.05111026561132388D0,0.05111026561132388D0,     0001087P   2710
0.05111026561132388D0,0.05111026561132388D0,                     0001087P   2711
0.2960285452040657D0,0.2960285452040657D0,0.2960285452040657D0,  0001087P   2712
0.2960285452040657D0,1.0D0,1.0D0,1.0D0,1.0D0,                    0001087P   2713
0.0272595137811439D0,0.2856288596887626D0,0.0D0,                 0001087P   2714
0.02725951378114313D0,0.2039894331578486D0,0.0D0,                0001087P   2715
0.02725951378114316D0,0.1223500066269349D0,0.0D0,                0001087P   2716
0.02725951378114362D0,0.04071058009602087D0,0.0D0,               0001087P   2717
0.05111026561132388D0,0.2960285452040657D0,0.0D0,0.0D0,1.0D0;    0001087P   2718
126,1,1,1,0,1,0,-0.2442180251899084D0,-0.2442180251899084D0,     0001089P   2719
-0.03650124490756835D0,-0.03650124490756835D0,1.0D0,1.0D0,       0001089P   2720
1.200930483631673D0,-0.0711947520579245D0,0.06094574986821919D0, 0001089P   2721
1.200930483631675D0,-0.03704632373317777D0,0.2658363198166975D0, 0001089P   2722
-0.2442180251899084D0,-0.03650124490756835D0,1.0D0,0.0D0,0.0D0;  0001089P   2723
126,3,3,1,0,1,0,-0.2442180251899084D0,-0.2442180251899084D0,     0001091P   2724
-0.2442180251899084D0,-0.2442180251899084D0,                     0001091P   2725
-0.03650124490756835D0,-0.03650124490756835D0,                   0001091P   2726
-0.03650124490756835D0,-0.03650124490756835D0,1.0D0,1.0D0,1.0D0, 0001091P   2727
1.0D0,0.02725951378114362D0,0.04071058009602087D0,0.0D0,         0001091P   2728
0.09649844054192375D0,0.04071058009602023D0,0.0D0,               0001091P   2729
0.1657373673027039D0,0.0407105800960213D0,0.0D0,                 0001091P   2730
0.234976294063484D0,0.04071058009602066D0,0.0D0,                 0001091P   2731
-0.2442180251899084D0,-0.03650124490756835D0,0.0D0,0.0D0,1.0D0;  0001091P   2732
126,1,1,1,0,1,0,0.02702652255393534D0,0.02702652255393534D0,     0001093P   2733
0.1736660925751533D0,0.1736660925751533D0,1.0D0,1.0D0,           0001093P   2734
1.200930483631675D0,-0.03704632373317777D0,0.2658363198166975D0, 0001093P   2735
1.071166455997639D0,-0.1053431803826708D0,0.2658363198166964D0,  0001093P   2736
0.02702652255393534D0,0.1736660925751533D0,0.0D0,0.0D0,1.0D0;    0001093P   2737
126,3,3,1,0,1,0,0.02702652255393449D0,0.02702652255393449D0,     0001095P   2738
0.02702652255393449D0,0.02702652255393449D0,                     0001095P   2739
0.1736660925751534D0,0.1736660925751534D0,0.1736660925751534D0,  0001095P   2740
0.1736660925751534D0,1.0D0,1.0D0,1.0D0,1.0D0,                    0001095P   2741
0.234976294063484D0,0.04071058009602066D0,0.0D0,                 0001095P   2742
0.165737367302704D0,0.1223500066269346D0,0.0D0,                  0001095P   2743
0.09649844054192402D0,0.2039894331578486D0,0.0D0,                0001095P   2744
0.0272595137811439D0,0.2856288596887626D0,0.0D0,                 0001095P   2745
0.02702652255393449D0,0.1736660925751534D0,0.0D0,0.0D0,1.0D0;    0001095P   2746
141,1,3,1083,3,1085,1,1,1087,1089,1,1,1091,1093,1,1,1095;        0001097P   2747
143,1,1083,1,1097;                                               0001099P   2748
128,1,2,1,2,0,0,0,0,0,-0.8079999999999911D0,                     0001101P   2749
-0.8079999999999911D0,1.02270910553583D0,1.02270910553583D0,     0001101P   2750
0.0D0,0.0D0,0.0D0,0.05697462394084407D0,0.05697462394084407D0,   0001101P   2751
0.05697462394084407D0,1.0D0,1.0D0,0.7569372481974496D0,          0001101P   2752
0.7569372481974241D0,1.0D0,1.0D0,1.939860669611904D0,            0001101P   2753
0.3518643004669426D0,-0.2658363198166975D0,0.3198328222426357D0, 0001101P   2754
-0.5007819349905668D0,-0.2658363198166969D0,1.937513923684634D0, 0001101P   2755
0.3563231177287554D0,-0.3000000000000002D0,0.3174860763153667D0, 0001101P   2756
-0.4963231177287558D0,-0.3000000000000001D0,1.921430185980228D0, 0001101P   2757
0.3868822193671254D0,-0.3D0,0.3014023386109619D0,                0001101P   2758
-0.4657640160903844D0,-0.3000000000000002D0,                     0001101P   2759
-0.8079999999999911D0,1.02270910553583D0,0.0D0,                  0001101P   2760
0.05697462394084407D0;                                           0001101P   2761
126,1,1,1,0,1,0,0.02702652255393456D0,0.02702652255393456D0,     0001103P   2762
0.1736660925751538D0,0.1736660925751538D0,1.0D0,1.0D0,           0001103P   2763
1.200930483631675D0,-0.03704632373317742D0,                      0001103P   2764
-0.2658363198166971D0,1.071166455997639D0,-0.1053431803826703D0, 0001103P   2765
-0.2658363198166968D0,0.02702652255393456D0,                     0001103P   2766
0.1736660925751538D0,0.0D0,0.0D0,1.0D0;                          0001103P   2767
126,1,1,1,0,1,0,0.02702652255393481D0,0.02702652255393481D0,     0001105P   2768
0.1736660925751544D0,0.1736660925751544D0,1.0D0,1.0D0,           0001105P   2769
0.02702652255393456D0,0.0D0,0.0D0,0.1736660925751543D0,0.0D0,    0001105P   2770
0.0D0,0.02702652255393481D0,0.1736660925751544D0,0.0D0,0.0D0,    0001105P   2771
1.0D0;                                                           0001105P   2772
126,3,3,0,0,1,0,0.0D0,0.0D0,0.0D0,0.0D0,0.0606432715114608D0,    0001107P   2773
0.0606432715114608D0,0.0606432715114608D0,0.0606432715114608D0,  0001107P   2774
1.0D0,1.0D0,1.0D0,1.0D0,1.071166455997639D0,                     0001107P   2775
-0.1053431803826703D0,-0.2658363198166968D0,1.064392692683118D0, 0001107P   2776
-0.1073398782736404D0,-0.2838369315079598D0,1.048869622203432D0, 0001107P   2777
-0.09271289255081672D0,-0.3012533449411857D0,1.03435396918269D0, 0001107P   2778
-0.08000000000000018D0,-0.3D0,0.0D0,0.0606432715114608D0,0.0D0,  0001107P   2779
0.0D0,0.0D0;                                                     0001107P   2780
126,1,1,1,0,1,0,0.0D0,0.0D0,0.0606432715114608D0,                0001109P   2781
0.0606432715114608D0,1.0D0,1.0D0,0.1736660925751543D0,0.0D0,     0001109P   2782
0.0D0,0.1944386371090374D0,0.05697462394084407D0,0.0D0,0.0D0,    0001109P   2783
0.0606432715114608D0,0.0D0,0.0D0,1.0D0;                          0001109P   2784
126,1,1,1,0,1,0,-0.1944386371090374D0,-0.1944386371090374D0,     0001111P   2785
-0.02702652255393503D0,-0.02702652255393503D0,1.0D0,1.0D0,       0001111P   2786
1.03435396918269D0,-0.08000000000000018D0,-0.3D0,1.1825D0,       0001111P   2787
-0.002028404832994693D0,-0.3D0,-0.1944386371090374D0,            0001111P   2788
-0.02702652255393503D0,0.0D0,0.0D0,1.0D0;                        0001111P   2789
126,1,1,1,0,1,0,0.02027046842680097D0,0.02027046842680097D0,     0001113P   2790
0.1876825829819034D0,0.1876825829819034D0,1.0D0,1.0D0,           0001113P   2791
0.1944386371090374D0,0.05697462394084407D0,0.0D0,                0001113P   2792
0.02702652255393508D0,0.05697462394084407D0,0.0D0,               0001113P   2793
0.02027046842680097D0,0.1876825829819034D0,0.0D0,0.0D0,1.0D0;    0001113P   2794
126,2,2,1,0,0,0,0.0D0,0.0D0,0.0D0,0.05697462394084407D0,         0001115P   2795
0.05697462394084407D0,0.05697462394084407D0,1.0D0,               0001115P   2796
0.7569372481974379D0,1.0D0,1.1825D0,-0.002028404832994693D0,     0001115P   2797
-0.3D0,1.19858373770442D0,-0.03258750647135831D0,                0001115P   2798
-0.3000000000000002D0,1.200930483631675D0,                       0001115P   2799
-0.03704632373317742D0,-0.2658363198166971D0,0.0D0,              0001115P   2800
0.05697462394084407D0,-0.8849182223817694D0,                     0001115P   2801
-0.465746432833027D0,0.0D0;                                      0001115P   2802
126,1,1,1,0,1,0,0.0D0,0.0D0,0.05697462394084407D0,               0001117P   2803
0.05697462394084407D0,1.0D0,1.0D0,0.02702652255393508D0,         0001117P   2804
0.05697462394084407D0,0.0D0,0.02702652255393456D0,0.0D0,0.0D0,   0001117P   2805
0.0D0,0.05697462394084407D0,0.0D0,0.0D0,1.0D0;                   0001117P   2806
141,1,3,1101,4,1103,1,1,1105,1107,1,1,1109,1111,1,1,1113,1115,1, 0001119P   2807
1,1117;                                                          0001119P   2808
143,1,1101,1,1119;                                               0001121P   2809
128,2,1,2,1,0,0,0,0,0,0.0D0,0.0D0,0.0D0,0.03234893809297249D0,   0001123P   2810
0.03234893809297249D0,0.03234893809297249D0,                     0001123P   2811
-2.399999999999996D0,-2.399999999999996D0,2.758608421540825D0,   0001123P   2812
2.758608421540825D0,1.0D0,0.9909299439354783D0,1.0D0,1.0D0,      0001123P   2813
0.9909299439355106D0,1.0D0,2.505668879048081D0,                  0001123P   2814
0.2721574572621832D0,1.999167506052425D0,2.494081961295604D0,    0001123P   2815
0.2646268319198948D0,2.007760991519375D0,2.480916624066616D0,    0001123P   2816
0.2611622694912139D0,2.016676465502516D0,-0.2274950435431293D0,  0001123P   2817
-0.4470962065776096D0,-2.31635447698633D0,-0.2390819612956101D0, 0001123P   2818
-0.4546268319198958D0,-2.307760991519378D0,                      0001123P   2819
-0.2522472985246012D0,-0.4580913943485778D0,                     0001123P   2820
-2.298845517536237D0,0.0D0,0.03234893809297249D0,                0001123P   2821
-2.399999999999996D0,2.758608421540825D0;                        0001123P   2822
126,3,3,1,0,1,0,-0.06117529493985165D0,-0.06117529493985165D0,   0001125P   2823
-0.06117529493985165D0,-0.06117529493985165D0,-0.0D0,-0.0D0,     0001125P   2824
-0.0D0,-0.0D0,1.0D0,1.0D0,1.0D0,1.0D0,1.200930483631675D0,       0001125P   2825
-0.07119475205792379D0,-0.06094574986821924D0,                   0001125P   2826
1.202448185640164D0,-0.07376161966790834D0,                      0001125P   2827
-0.04079036747281366D0,1.203217299221278D0,                      0001125P   2828
-0.07508021367970222D0,-0.02036892467306661D0,                   0001125P   2829
1.203688195915019D0,-0.07495047475920576D0,                      0001125P   2830
-2.220446049250313D-16,-0.06117529493985165D0,-0.0D0,            0001125P   2831
0.9315487687798079D0,0.3631221192891864D0,                       0001125P   2832
-0.01895304375962412D0;                                          0001125P   2833
126,1,1,1,0,1,0,-0.06117529493985165D0,-0.06117529493985165D0,   0001127P   2834
-0.0D0,-0.0D0,1.0D0,1.0D0,0.0D0,0.06257987633675581D0,0.0D0,     0001127P   2835
0.03234893809297249D0,0.01065721350794041D0,0.0D0,               0001127P   2836
-0.06117529493985165D0,-0.0D0,0.0D0,0.0D0,1.0D0;                 0001127P   2837
126,1,1,1,0,1,0,0.01065721350794019D0,0.01065721350794019D0,     0001129P   2838
0.3054223605334558D0,0.3054223605334558D0,1.0D0,1.0D0,           0001129P   2839
1.203688195915019D0,-0.07495047475920576D0,                      0001129P   2840
-2.220446049250313D-16,1.047514011008233D0,                      0001129P   2841
-0.1160489444715176D0,-0.2465908182738756D0,                     0001129P   2842
0.01065721350794019D0,0.3054223605334558D0,                      0001129P   2843
-0.8448190755542301D0,0.0D0,0.5350520811843426D0;                0001129P   2844
126,1,1,1,0,1,0,-0.347951208032888D0,-0.347951208032888D0,       0001131P   2845
-0.05318606100737244D0,-0.05318606100737244D0,1.0D0,1.0D0,       0001131P   2846
0.03234893809297249D0,0.01065721350794041D0,0.0D0,               0001131P   2847
0.03234893809297249D0,0.3054223605334561D0,0.0D0,                0001131P   2848
-0.347951208032888D0,-0.05318606100737244D0,0.0D0,0.0D0,1.0D0;   0001131P   2849
126,3,3,1,0,1,0,-0.03241547041567035D0,-0.03241547041567035D0,   0001133P   2850
-0.03241547041567035D0,-0.03241547041567035D0,-0.0D0,-0.0D0,     0001133P   2851
-0.0D0,-0.0D0,1.0D0,1.0D0,1.0D0,1.0D0,1.047514011008233D0,       0001133P   2852
-0.1160489444715176D0,-0.2465908182738756D0,1.055846500072075D0, 0001133P   2853
-0.1138620029294923D0,-0.2530596601718101D0,1.063880772248544D0, 0001133P   2854
-0.1102267284551765D0,-0.2595810201964236D0,1.071166455997639D0, 0001133P   2855
-0.1053431803826703D0,-0.2658363198166968D0,                     0001133P   2856
-0.03241547041567035D0,-0.0D0,0.5779413463261527D0,              0001133P   2857
0.1609985748046098D0,0.800039535971566D0;                        0001133P   2858
126,1,1,1,0,1,0,-0.03241547041567035D0,-0.03241547041567035D0,   0001135P   2859
-0.0D0,-0.0D0,1.0D0,1.0D0,0.03234893809297249D0,                 0001135P   2860
0.3054223605334561D0,0.0D0,0.0D0,0.307498155929499D0,0.0D0,      0001135P   2861
-0.03241547041567035D0,-0.0D0,0.0D0,0.0D0,1.0D0;                 0001135P   2862
126,1,1,1,0,1,0,-0.3074981559294991D0,-0.3074981559294991D0,     0001137P   2863
-0.06257987633675571D0,-0.06257987633675571D0,1.0D0,1.0D0,       0001137P   2864
1.071166455997639D0,-0.1053431803826703D0,-0.2658363198166968D0, 0001137P   2865
1.200930483631675D0,-0.07119475205792379D0,                      0001137P   2866
-0.06094574986821924D0,-0.3074981559294991D0,                    0001137P   2867
-0.06257987633675571D0,-0.8448190755542276D0,0.0D0,              0001137P   2868
0.5350520811843467D0;                                            0001137P   2869
126,1,1,1,0,1,0,-0.3074981559294991D0,-0.3074981559294991D0,     0001139P   2870
-0.06257987633675571D0,-0.06257987633675571D0,1.0D0,1.0D0,0.0D0, 0001139P   2871
0.307498155929499D0,0.0D0,0.0D0,0.06257987633675581D0,0.0D0,     0001139P   2872
-0.3074981559294991D0,-0.06257987633675571D0,0.0D0,0.0D0,1.0D0;  0001139P   2873
141,1,3,1123,4,1125,1,1,1127,1129,1,1,1131,1133,1,1,1135,1137,1, 0001141P   2874
1,1139;                                                          0001141P   2875
143,1,1123,1,1141;                                               0001143P   2876
128,1,2,1,2,0,0,0,0,0,-0.8000000000000038D0,                     0001145P   2877
-0.8000000000000038D0,1.104138126514916D0,1.104138126514916D0,   0001145P   2878
0.0D0,0.0D0,0.0D0,0.04367770594175112D0,0.04367770594175112D0,   0001145P   2879
0.04367770594175112D0,1.0D0,1.0D0,0.8546233353916625D0,          0001145P   2880
0.8546233353916567D0,1.0D0,1.0D0,1.200930483631676D0,            0001145P   2881
-0.2125647458792745D0,0.7872742130598873D0,1.200930483631677D0,  0001145P   2882
0.1004736338092987D0,-1.090956065071551D0,1.2225D0,              0001145P   2883
-0.2015191898442853D0,0.7891151390657188D0,1.222500000000001D0,  0001145P   2884
0.1115191898442876D0,-1.08911513906572D0,1.2225D0,               0001145P   2885
-0.1775468269790916D0,0.7931105328765844D0,1.2225D0,             0001145P   2886
0.1354915527094814D0,-1.085119745254854D0,-0.8000000000000038D0, 0001145P   2887
1.104138126514916D0,0.0D0,0.04367770594175112D0;                 0001145P   2888
126,1,1,1,0,1,0,0.05992010132500189D0,0.05992010132500189D0,     0001147P   2889
0.2676368816073426D0,0.2676368816073426D0,1.0D0,1.0D0,           0001147P   2890
1.200930483631675D0,-0.07119475205792379D0,                      0001147P   2891
-0.06094574986821924D0,1.200930483631675D0,                      0001147P   2892
-0.03704632373317742D0,-0.2658363198166971D0,                    0001147P   2893
0.05992010132500189D0,0.2676368816073426D0,1.0D0,0.0D0,0.0D0;    0001147P   2894
126,1,1,1,0,1,0,0.05992010132500189D0,0.05992010132500189D0,     0001149P   2895
0.2676368816073426D0,0.2676368816073426D0,1.0D0,1.0D0,           0001149P   2896
0.05992010132500188D0,0.0D0,0.0D0,0.2676368816073426D0,0.0D0,    0001149P   2897
0.0D0,0.05992010132500189D0,0.2676368816073426D0,0.0D0,0.0D0,    0001149P   2898
1.0D0;                                                           0001149P   2899
126,2,2,1,0,0,0,0.0D0,0.0D0,0.0D0,0.04367770594175112D0,         0001151P   2900
0.04367770594175112D0,0.04367770594175112D0,1.0D0,               0001151P   2901
0.8546233353916592D0,1.0D0,1.200930483631675D0,                  0001151P   2902
-0.03704632373317742D0,-0.2658363198166971D0,1.2225D0,           0001151P   2903
-0.02600076769818892D0,-0.2639953938108623D0,1.2225D0,           0001151P   2904
-0.002028404832994621D0,-0.2599999999999997D0,0.0D0,             0001151P   2905
0.04367770594175112D0,0.0D0,-0.1643989873052306D0,               0001151P   2906
0.9863939238321647D0;                                            0001151P   2907
126,1,1,1,0,1,0,0.0D0,0.0D0,0.04367770594175112D0,               0001153P   2908
0.04367770594175112D0,1.0D0,1.0D0,0.2676368816073426D0,0.0D0,    0001153P   2909
0.0D0,0.2676368816073421D0,0.04367770594175112D0,0.0D0,0.0D0,    0001153P   2910
0.04367770594175112D0,0.0D0,0.0D0,1.0D0;                         0001153P   2911
126,1,1,1,0,1,0,-0.2676368816073421D0,-0.2676368816073421D0,     0001155P   2912
-0.004050505294421025D0,-0.004050505294421025D0,1.0D0,1.0D0,     0001155P   2913
1.2225D0,-0.002028404832994621D0,-0.2599999999999997D0,1.2225D0, 0001155P   2914
-0.04536173816632784D0,-7.956598343146955D-16,                   0001155P   2915
-0.2676368816073421D0,-0.004050505294421025D0,1.0D0,0.0D0,0.0D0; 0001155P   2916
126,1,1,1,0,1,0,0.03650124490757012D0,0.03650124490757012D0,     0001157P   2917
0.3000876212204911D0,0.3000876212204911D0,1.0D0,1.0D0,           0001157P   2918
0.2676368816073421D0,0.04367770594175112D0,0.0D0,                0001157P   2919
0.004050505294421041D0,0.04367770594175112D0,0.0D0,              0001157P   2920
0.03650124490757012D0,0.3000876212204911D0,0.0D0,0.0D0,1.0D0;    0001157P   2921
126,3,3,0,0,1,0,0.0D0,0.0D0,0.0D0,0.0D0,0.07091652668422492D0,   0001159P   2922
0.07091652668422492D0,0.07091652668422492D0,                     0001159P   2923
0.07091652668422492D0,1.0D0,1.0D0,1.0D0,1.0D0,1.2225D0,          0001159P   2924
-0.04536173816632784D0,-7.956598343146955D-16,                   0001159P   2925
1.222962863202646D0,-0.0561167634247078D0,                       0001159P   2926
-0.02067258672737965D0,1.213575514194847D0,                      0001159P   2927
-0.0682954064433587D0,-0.04158244308147231D0,                    0001159P   2928
1.200930483631675D0,-0.07119475205792379D0,                      0001159P   2929
-0.06094574986821924D0,0.0D0,0.07091652668422492D0,0.0D0,0.0D0,  0001159P   2930
0.0D0;                                                           0001159P   2931
126,1,1,1,0,1,0,0.0D0,0.0D0,0.07091652668422492D0,               0001161P   2932
0.07091652668422492D0,1.0D0,1.0D0,0.004050505294421041D0,        0001161P   2933
0.04367770594175112D0,0.0D0,0.05992010132500188D0,0.0D0,0.0D0,   0001161P   2934
0.0D0,0.07091652668422492D0,0.0D0,0.0D0,1.0D0;                   0001161P   2935
141,1,3,1145,4,1147,1,1,1149,1151,1,1,1153,1155,1,1,1157,1159,1, 0001163P   2936
1,1161;                                                          0001163P   2937
143,1,1145,1,1163;                                               0001165P   2938
128,1,2,1,2,0,0,0,0,0,-0.8000000000000008D0,                     0001167P   2939
-0.8000000000000008D0,0.9200000000000008D0,0.9200000000000008D0, 0001167P   2940
0.0D0,0.0D0,0.0D0,0.06283185307180154D0,0.06283185307180154D0,   0001167P   2941
0.06283185307180154D0,1.0D0,1.0D0,0.7071067811865492D0,          0001167P   2942
0.7071067811865511D0,1.0D0,1.0D0,-1.222500000000001D0,           0001167P   2943
-0.9200000000000007D0,-0.2599999999999998D0,-1.2225D0,           0001167P   2944
0.8000000000000007D0,-0.26D0,-1.222500000000001D0,               0001167P   2945
-0.9200000000000006D0,-0.2999999999999998D0,-1.2225D0,           0001167P   2946
0.8000000000000006D0,-0.2999999999999998D0,-1.182500000000001D0, 0001167P   2947
-0.9200000000000008D0,-0.2999999999999999D0,-1.1825D0,           0001167P   2948
0.8000000000000007D0,-0.3D0,-0.8000000000000008D0,               0001167P   2949
0.9200000000000008D0,0.0D0,0.06283185307180154D0;                0001167P   2950
126,1,1,1,0,1,0,0.04000000000000003D0,0.04000000000000003D0,     0001169P   2951
0.12D0,0.12D0,1.0D0,1.0D0,-1.2225D0,-0.07999999999999993D0,      0001169P   2952
-0.2599999999999991D0,-1.2225D0,-4.440892098500626D-17,-0.26D0,  0001169P   2953
0.04000000000000003D0,0.12D0,0.0D0,0.0D0,1.0D0;                  0001169P   2954
126,1,1,1,0,1,0,0.04000000000000013D0,0.04000000000000013D0,     0001171P   2955
0.1199999999999999D0,0.1199999999999999D0,1.0D0,1.0D0,           0001171P   2956
0.04000000000000015D0,0.0D0,0.0D0,0.1199999999999999D0,0.0D0,    0001171P   2957
0.0D0,0.04000000000000013D0,0.1199999999999999D0,0.0D0,0.0D0,    0001171P   2958
1.0D0;                                                           0001171P   2959
126,2,2,1,0,0,0,0.0D0,0.0D0,0.0D0,0.06283185307180154D0,         0001173P   2960
0.06283185307180154D0,0.06283185307180154D0,1.0D0,               0001173P   2961
0.7071067811865504D0,1.0D0,-1.2225D0,-4.440892098500626D-17,     0001173P   2962
-0.26D0,-1.2225D0,1.171229217679273D-15,-0.2999999999999998D0,   0001173P   2963
-1.1825D0,-8.881784197001253D-17,-0.3D0,0.0D0,                   0001173P   2964
0.06283185307180154D0,-0.0D0,-1.0D0,-0.0D0;                      0001173P   2965
126,1,1,1,0,1,0,0.0D0,0.0D0,0.06283185307180154D0,               0001175P   2966
0.06283185307180154D0,1.0D0,1.0D0,0.1199999999999999D0,0.0D0,    0001175P   2967
0.0D0,0.1199999999999999D0,0.06283185307180154D0,0.0D0,0.0D0,    0001175P   2968
0.06283185307180154D0,0.0D0,0.0D0,1.0D0;                         0001175P   2969
126,1,1,1,0,1,0,-0.12D0,-0.12D0,-0.04000000000000002D0,          0001177P   2970
-0.04000000000000002D0,1.0D0,1.0D0,-1.1825D0,                    0001177P   2971
-8.881784197001253D-17,-0.3D0,-1.182500000000001D0,              0001177P   2972
-0.07999999999999997D0,-0.2999999999999999D0,-0.12D0,            0001177P   2973
-0.04000000000000002D0,0.0D0,0.0D0,1.0D0;                        0001177P   2974
126,1,1,1,0,1,0,1.665334536937735D-16,1.665334536937735D-16,     0001179P   2975
0.08000000000000011D0,0.08000000000000011D0,1.0D0,1.0D0,         0001179P   2976
0.1199999999999999D0,0.06283185307180154D0,0.0D0,                0001179P   2977
0.04000000000000015D0,0.06283185307180154D0,0.0D0,               0001179P   2978
1.665334536937735D-16,0.08000000000000011D0,0.0D0,0.0D0,1.0D0;   0001179P   2979
126,2,2,1,0,0,0,0.0D0,0.0D0,0.0D0,0.06283185307180154D0,         0001181P   2980
0.06283185307180154D0,0.06283185307180154D0,1.0D0,               0001181P   2981
0.7071067811865502D0,1.0D0,-1.182500000000001D0,                 0001181P   2982
-0.07999999999999997D0,-0.2999999999999999D0,                    0001181P   2983
-1.222500000000001D0,-0.07999999999999877D0,                     0001181P   2984
-0.2999999999999994D0,-1.2225D0,-0.07999999999999993D0,          0001181P   2985
-0.2599999999999991D0,0.0D0,0.06283185307180154D0,0.0D0,1.0D0,   0001181P   2986
0.0D0;                                                           0001181P   2987
126,1,1,1,0,1,0,0.0D0,0.0D0,0.06283185307180154D0,               0001183P   2988
0.06283185307180154D0,1.0D0,1.0D0,0.04000000000000015D0,         0001183P   2989
0.06283185307180154D0,0.0D0,0.04000000000000015D0,0.0D0,0.0D0,   0001183P   2990
0.0D0,0.06283185307180154D0,0.0D0,0.0D0,1.0D0;                   0001183P   2991
141,1,3,1167,4,1169,1,1,1171,1173,1,1,1175,1177,1,1,1179,1181,1, 0001185P   2992
1,1183;                                                          0001185P   2993
143,1,1167,1,1185;                                               0001187P   2994
128,1,2,1,2,0,0,0,0,0,-0.8000000000000007D0,                     0001189P   2995
-0.8000000000000007D0,0.9200000000000006D0,0.9200000000000006D0, 0001189P   2996
0.0D0,0.0D0,0.0D0,0.06283185307180196D0,0.06283185307180196D0,   0001189P   2997
0.06283185307180196D0,1.0D0,1.0D0,0.7071067811865417D0,          0001189P   2998
0.7071067811865724D0,1.0D0,1.0D0,-1.2225D0,0.8000000000000005D0, 0001189P   2999
0.2600000000000002D0,-1.222500000000001D0,-0.9200000000000007D0, 0001189P   3000
0.2599999999999998D0,-1.222500000000001D0,0.8000000000000006D0,  0001189P   3001
0.2999999999999998D0,-1.222499999999999D0,-0.9200000000000007D0, 0001189P   3002
0.2999999999999998D0,-1.182500000000001D0,0.8000000000000009D0,  0001189P   3003
0.2999999999999998D0,-1.182499999999999D0,-0.9200000000000006D0, 0001189P   3004
0.2999999999999998D0,-0.8000000000000007D0,0.9200000000000006D0, 0001189P   3005
0.0D0,0.06283185307180196D0;                                     0001189P   3006
126,1,1,1,0,1,0,0.0D0,0.0D0,0.07999999999999996D0,               0001191P   3007
0.07999999999999996D0,1.0D0,1.0D0,-1.2225D0,                     0001191P   3008
2.220446049250313D-17,0.26D0,-1.2225D0,-0.07999999999999993D0,   0001191P   3009
0.2600000000000005D0,0.0D0,0.07999999999999996D0,0.0D0,0.0D0,    0001191P   3010
1.0D0;                                                           0001191P   3011
126,1,1,1,0,1,0,-2.220446049250313D-16,-2.220446049250313D-16,   0001193P   3012
0.0799999999999996D0,0.0799999999999996D0,1.0D0,1.0D0,           0001193P   3013
-1.909583602355271D-16,0.0D0,0.0D0,0.07999999999999961D0,0.0D0,  0001193P   3014
0.0D0,-2.220446049250313D-16,0.0799999999999996D0,0.0D0,0.0D0,   0001193P   3015
1.0D0;                                                           0001193P   3016
126,2,2,1,0,0,0,0.0D0,0.0D0,0.0D0,0.06283185307180196D0,         0001195P   3017
0.06283185307180196D0,0.06283185307180196D0,1.0D0,               0001195P   3018
0.7071067811865575D0,1.0D0,-1.2225D0,-0.07999999999999993D0,     0001195P   3019
0.2600000000000005D0,-1.2225D0,-0.08000000000001876D0,           0001195P   3020
0.3000000000000001D0,-1.1825D0,-0.08000000000000002D0,0.3D0,     0001195P   3021
0.0D0,0.06283185307180196D0,0.0D0,1.0D0,0.0D0;                   0001195P   3022
126,1,1,1,0,1,0,0.0D0,0.0D0,0.06283185307180196D0,               0001197P   3023
0.06283185307180196D0,1.0D0,1.0D0,0.07999999999999961D0,0.0D0,   0001197P   3024
0.0D0,0.08000000000000002D0,0.06283185307180196D0,0.0D0,0.0D0,   0001197P   3025
0.06283185307180196D0,0.0D0,0.0D0,1.0D0;                         0001197P   3026
126,1,1,1,0,1,0,-0.07999999999999997D0,-0.07999999999999997D0,   0001199P   3027
-0.0D0,-0.0D0,1.0D0,1.0D0,-1.1825D0,-0.08000000000000002D0,      0001199P   3028
0.3D0,-1.1825D0,1.332267629550188D-16,0.2999999999999999D0,      0001199P   3029
-0.07999999999999997D0,-0.0D0,0.0D0,0.0D0,1.0D0;                 0001199P   3030
126,1,1,1,0,1,0,0.03999999999999988D0,0.03999999999999988D0,     0001201P   3031
0.1200000000000001D0,0.1200000000000001D0,1.0D0,1.0D0,           0001201P   3032
0.08000000000000002D0,0.06283185307180196D0,0.0D0,               0001201P   3033
-1.909583602355271D-16,0.06283185307180196D0,0.0D0,              0001201P   3034
0.03999999999999988D0,0.1200000000000001D0,0.0D0,0.0D0,1.0D0;    0001201P   3035
126,2,2,1,0,0,0,-0.06283185307180196D0,-0.06283185307180196D0,   0001203P   3036
-0.06283185307180196D0,-0.0D0,-0.0D0,-0.0D0,1.0D0,               0001203P   3037
0.707106781186556D0,1.0D0,-1.1825D0,1.332267629550188D-16,       0001203P   3038
0.2999999999999999D0,-1.2225D0,-1.864366443005397D-14,           0001203P   3039
0.2999999999999998D0,-1.2225D0,2.220446049250313D-17,0.26D0,     0001203P   3040
-0.06283185307180196D0,-0.0D0,-0.0D0,-1.0D0,-0.0D0;              0001203P   3041
126,1,1,1,0,1,0,-0.06283185307180196D0,-0.06283185307180196D0,   0001205P   3042
-0.0D0,-0.0D0,1.0D0,1.0D0,-1.909583602355271D-16,                0001205P   3043
0.06283185307180196D0,0.0D0,-1.909583602355271D-16,0.0D0,0.0D0,  0001205P   3044
-0.06283185307180196D0,-0.0D0,0.0D0,0.0D0,1.0D0;                 0001205P   3045
141,1,3,1189,4,1191,1,1,1193,1195,1,1,1197,1199,1,1,1201,1203,1, 0001207P   3046
1,1205;                                                          0001207P   3047
143,1,1189,1,1207;                                               0001209P   3048
128,1,2,1,2,0,0,0,0,0,-0.8079999999999906D0,                     0001211P   3049
-0.8079999999999906D0,1.022709105535836D0,1.022709105535836D0,   0001211P   3050
0.0D0,0.0D0,0.0D0,0.05697462394084804D0,0.05697462394084804D0,   0001211P   3051
0.05697462394084804D0,1.0D0,1.0D0,0.7569372481974303D0,          0001211P   3052
0.7569372481973988D0,1.0D0,1.0D0,1.921430185980229D0,            0001211P   3053
0.3868822193671241D0,0.2999999999999998D0,0.3014023386109546D0,  0001211P   3054
-0.4657640160903862D0,0.3D0,1.937513923684635D0,                 0001211P   3055
0.3563231177287535D0,0.3000000000000005D0,0.3174860763153603D0,  0001211P   3056
-0.4963231177287575D0,0.3000000000000029D0,1.939860669611903D0,  0001211P   3057
0.3518643004669412D0,0.2658363198166978D0,0.3198328222426312D0,  0001211P   3058
-0.5007819349905693D0,0.2658363198166995D0,                      0001211P   3059
-0.8079999999999906D0,1.022709105535836D0,0.0D0,                 0001211P   3060
0.05697462394084804D0;                                           0001211P   3061
126,1,1,1,0,1,0,0.02702652255393451D0,0.02702652255393451D0,     0001213P   3062
0.1944386371090373D0,0.1944386371090373D0,1.0D0,1.0D0,1.1825D0,  0001213P   3063
-0.00202840483299483D0,0.2999999999999999D0,1.03435396918269D0,  0001213P   3064
-0.08000000000000013D0,0.2999999999999999D0,                     0001213P   3065
0.02702652255393451D0,0.1944386371090373D0,0.0D0,0.0D0,1.0D0;    0001213P   3066
126,1,1,1,0,1,0,0.02702652255393451D0,0.02702652255393451D0,     0001215P   3067
0.1944386371090373D0,0.1944386371090373D0,1.0D0,1.0D0,           0001215P   3068
0.02702652255393445D0,0.0D0,0.0D0,0.194438637109037D0,0.0D0,     0001215P   3069
0.0D0,0.02702652255393451D0,0.1944386371090373D0,0.0D0,0.0D0,    0001215P   3070
1.0D0;                                                           0001215P   3071
126,3,3,0,0,1,0,0.0D0,0.0D0,0.0D0,0.0D0,0.06064327151146465D0,   0001217P   3072
0.06064327151146465D0,0.06064327151146465D0,                     0001217P   3073
0.06064327151146465D0,1.0D0,1.0D0,1.0D0,1.0D0,                   0001217P   3074
1.03435396918269D0,-0.08000000000000013D0,0.2999999999999999D0,  0001217P   3075
1.048869622203434D0,-0.09271289255081514D0,0.3012533449411859D0, 0001217P   3076
1.06439269268312D0,-0.1073398782736401D0,0.2838369315079597D0,   0001217P   3077
1.071166455997639D0,-0.1053431803826708D0,0.2658363198166964D0,  0001217P   3078
0.0D0,0.06064327151146465D0,0.0D0,0.0D0,0.0D0;                   0001217P   3079
126,1,1,1,0,1,0,0.0D0,0.0D0,0.06064327151146465D0,               0001219P   3080
0.06064327151146465D0,1.0D0,1.0D0,0.194438637109037D0,0.0D0,     0001219P   3081
0.0D0,0.1736660925751533D0,0.05697462394084804D0,0.0D0,0.0D0,    0001219P   3082
0.06064327151146465D0,0.0D0,0.0D0,1.0D0;                         0001219P   3083
126,1,1,1,0,1,0,-0.1736660925751533D0,-0.1736660925751533D0,     0001221P   3084
-0.02702652255393534D0,-0.02702652255393534D0,1.0D0,1.0D0,       0001221P   3085
1.071166455997639D0,-0.1053431803826708D0,0.2658363198166964D0,  0001221P   3086
1.200930483631675D0,-0.03704632373317777D0,0.2658363198166975D0, 0001221P   3087
-0.1736660925751533D0,-0.02702652255393534D0,0.0D0,0.0D0,1.0D0;  0001221P   3088
126,1,1,1,0,1,0,0.04104301296069216D0,0.04104301296069216D0,     0001223P   3089
0.1876825829819101D0,0.1876825829819101D0,1.0D0,1.0D0,           0001223P   3090
0.1736660925751533D0,0.05697462394084804D0,0.0D0,                0001223P   3091
0.0270265225539351D0,0.05697462394084804D0,0.0D0,                0001223P   3092
0.04104301296069216D0,0.1876825829819101D0,0.0D0,0.0D0,1.0D0;    0001223P   3093
126,2,2,1,0,0,0,0.0D0,0.0D0,0.0D0,0.05697462394084804D0,         0001225P   3094
0.05697462394084804D0,0.05697462394084804D0,1.0D0,               0001225P   3095
0.756937248197416D0,1.0D0,1.200930483631675D0,                   0001225P   3096
-0.03704632373317777D0,0.2658363198166975D0,1.198583737704423D0, 0001225P   3097
-0.03258750647135689D0,0.300000000000001D0,1.1825D0,             0001225P   3098
-0.00202840483299483D0,0.2999999999999999D0,0.0D0,               0001225P   3099
0.05697462394084804D0,-0.8849182223817254D0,                     0001225P   3100
-0.4657464328331107D0,-0.0D0;                                    0001225P   3101
126,1,1,1,0,1,0,0.0D0,0.0D0,0.05697462394084804D0,               0001227P   3102
0.05697462394084804D0,1.0D0,1.0D0,0.0270265225539351D0,          0001227P   3103
0.05697462394084804D0,0.0D0,0.02702652255393445D0,0.0D0,0.0D0,   0001227P   3104
0.0D0,0.05697462394084804D0,0.0D0,0.0D0,1.0D0;                   0001227P   3105
141,1,3,1211,4,1213,1,1,1215,1217,1,1,1219,1221,1,1,1223,1225,1, 0001229P   3106
1,1227;                                                          0001229P   3107
143,1,1211,1,1229;                                               0001231P   3108
128,1,2,1,2,0,0,0,0,0,-0.8000000000000036D0,                     0001233P   3109
-0.8000000000000036D0,1.104138126514914D0,1.104138126514914D0,   0001233P   3110
0.0D0,0.0D0,0.0D0,0.04367770594175266D0,0.04367770594175266D0,   0001233P   3111
0.04367770594175266D0,1.0D0,1.0D0,0.8546233353916581D0,          0001233P   3112
0.8546233353916456D0,1.0D0,1.0D0,1.200930483631676D0,            0001233P   3113
0.1004736338092984D0,1.09095606507155D0,1.200930483631675D0,     0001233P   3114
-0.212564745879275D0,-0.7872742130598872D0,1.2225D0,             0001233P   3115
0.1115191898442874D0,1.089115139065718D0,1.2225D0,               0001233P   3116
-0.2015191898442864D0,-0.7891151390657185D0,1.2225D0,            0001233P   3117
0.1354915527094812D0,1.085119745254852D0,1.2225D0,               0001233P   3118
-0.1775468269790921D0,-0.7931105328765843D0,                     0001233P   3119
-0.8000000000000036D0,1.104138126514914D0,0.0D0,                 0001233P   3120
0.04367770594175266D0;                                           0001233P   3121
126,1,1,1,0,1,0,0.03650124490756835D0,0.03650124490756835D0,     0001235P   3122
0.2442180251899084D0,0.2442180251899084D0,1.0D0,1.0D0,           0001235P   3123
1.200930483631675D0,-0.03704632373317777D0,0.2658363198166975D0, 0001235P   3124
1.200930483631673D0,-0.0711947520579245D0,0.06094574986821919D0, 0001235P   3125
0.03650124490756835D0,0.2442180251899084D0,1.0D0,0.0D0,0.0D0;    0001235P   3126
126,1,1,1,0,1,0,0.03650124490756779D0,0.03650124490756779D0,     0001237P   3127
0.2442180251899081D0,0.2442180251899081D0,1.0D0,1.0D0,           0001237P   3128
0.03650124490756791D0,0.0D0,0.0D0,0.2442180251899082D0,0.0D0,    0001237P   3129
0.0D0,0.03650124490756779D0,0.2442180251899081D0,0.0D0,0.0D0,    0001237P   3130
1.0D0;                                                           0001237P   3131
126,3,3,0,0,1,0,0.0D0,0.0D0,0.0D0,0.0D0,0.07091652668422779D0,   0001239P   3132
0.07091652668422779D0,0.07091652668422779D0,                     0001239P   3133
0.07091652668422779D0,1.0D0,1.0D0,1.0D0,1.0D0,                   0001239P   3134
1.200930483631673D0,-0.0711947520579245D0,0.06094574986821919D0, 0001239P   3135
1.213575514194845D0,-0.06829540644335845D0,                      0001239P   3136
0.04158244308147772D0,1.222962863202647D0,                       0001239P   3137
-0.05611676342470712D0,0.0206725867273846D0,1.2225D0,            0001239P   3138
-0.04536173816632784D0,-7.956598343146955D-16,0.0D0,             0001239P   3139
0.07091652668422779D0,0.0D0,0.0D0,0.0D0;                         0001239P   3140
126,1,1,1,0,1,0,0.0D0,0.0D0,0.07091652668422779D0,               0001241P   3141
0.07091652668422779D0,1.0D0,1.0D0,0.2442180251899082D0,0.0D0,    0001241P   3142
0.0D0,0.3000876212204914D0,0.04367770594175266D0,0.0D0,0.0D0,    0001241P   3143
0.07091652668422779D0,0.0D0,0.0D0,1.0D0;                         0001241P   3144
126,1,1,1,0,1,0,-0.3000876212204914D0,-0.3000876212204914D0,     0001243P   3145
-0.03650124490756851D0,-0.03650124490756851D0,1.0D0,1.0D0,       0001243P   3146
1.2225D0,-0.04536173816632784D0,-7.956598343146955D-16,1.2225D0, 0001243P   3147
-0.002028404832994721D0,0.2599999999999998D0,                    0001243P   3148
-0.3000876212204914D0,-0.03650124490756851D0,1.0D0,0.0D0,0.0D0;  0001243P   3149
126,1,1,1,0,1,0,0.004050505294419415D0,0.004050505294419415D0,   0001245P   3150
0.2676368816073423D0,0.2676368816073423D0,1.0D0,1.0D0,           0001245P   3151
0.3000876212204914D0,0.04367770594175266D0,0.0D0,                0001245P   3152
0.0365012449075685D0,0.04367770594175266D0,0.0D0,                0001245P   3153
0.004050505294419415D0,0.2676368816073423D0,0.0D0,0.0D0,1.0D0;   0001245P   3154
126,2,2,1,0,0,0,0.0D0,0.0D0,0.0D0,0.04367770594175266D0,         0001247P   3155
0.04367770594175266D0,0.04367770594175266D0,1.0D0,               0001247P   3156
0.8546233353916527D0,1.0D0,1.2225D0,-0.002028404832994721D0,     0001247P   3157
0.2599999999999998D0,1.2225D0,-0.02600076769818772D0,            0001247P   3158
0.2639953938108726D0,1.200930483631675D0,-0.03704632373317777D0, 0001247P   3159
0.2658363198166975D0,0.0D0,0.04367770594175266D0,-0.0D0,         0001247P   3160
-0.1643989873056473D0,-0.9863939238320956D0;                     0001247P   3161
126,1,1,1,0,1,0,0.0D0,0.0D0,0.04367770594175266D0,               0001249P   3162
0.04367770594175266D0,1.0D0,1.0D0,0.0365012449075685D0,          0001249P   3163
0.04367770594175266D0,0.0D0,0.03650124490756791D0,0.0D0,0.0D0,   0001249P   3164
0.0D0,0.04367770594175266D0,0.0D0,0.0D0,1.0D0;                   0001249P   3165
141,1,3,1233,4,1235,1,1,1237,1239,1,1,1241,1243,1,1,1245,1247,1, 0001251P   3166
1,1249;                                                          0001251P   3167
143,1,1233,1,1251;                                               0001253P   3168
128,2,1,2,1,0,0,0,0,0,0.0D0,0.0D0,0.0D0,0.03234893809287692D0,   0001255P   3169
0.03234893809287692D0,0.03234893809287692D0,                     0001255P   3170
-2.400000000000002D0,-2.400000000000002D0,2.758608421540825D0,   0001255P   3171
2.758608421540825D0,1.0D0,0.9909299439355042D0,1.0D0,1.0D0,      0001255P   3172
0.9909299439354744D0,1.0D0,-0.2274950435431319D0,                0001255P   3173
-0.4470962065776112D0,2.316354476986327D0,-0.2390819612956124D0, 0001255P   3174
-0.4546268319198982D0,2.307760991519375D0,-0.2522472985246047D0, 0001255P   3175
-0.4580913943485805D0,2.298845517536235D0,2.505668879048081D0,   0001255P   3176
0.272157457262182D0,-1.999167506052431D0,2.494081961295604D0,    0001255P   3177
0.2646268319198931D0,-2.007760991519381D0,2.480916624066616D0,   0001255P   3178
0.2611622694912126D0,-2.016676465502522D0,0.0D0,                 0001255P   3179
0.03234893809287692D0,-2.400000000000002D0,2.758608421540825D0;  0001255P   3180
126,3,3,1,0,1,0,-0.03241547041557494D0,-0.03241547041557494D0,   0001257P   3181
-0.03241547041557494D0,-0.03241547041557494D0,-0.0D0,-0.0D0,     0001257P   3182
-0.0D0,-0.0D0,1.0D0,1.0D0,1.0D0,1.0D0,1.071166455997639D0,       0001257P   3183
-0.1053431803826708D0,0.2658363198166964D0,1.063880772248546D0,  0001257P   3184
-0.110226728455177D0,0.2595810201964213D0,1.055846500072075D0,   0001257P   3185
-0.1138620029294927D0,0.2530596601718067D0,1.047514011008232D0,  0001257P   3186
-0.1160489444715184D0,0.2465908182738758D0,                      0001257P   3187
-0.03241547041557494D0,-0.0D0,0.5779413463253825D0,              0001257P   3188
0.1609985748065237D0,-0.8000395359717373D0;                      0001257P   3189
126,1,1,1,0,1,0,-0.03241547041557494D0,-0.03241547041557494D0,   0001259P   3190
-0.0D0,-0.0D0,1.0D0,1.0D0,0.0D0,0.05111026561132399D0,0.0D0,     0001259P   3191
0.03234893809287692D0,0.05318606100736617D0,0.0D0,               0001259P   3192
-0.03241547041557494D0,-0.0D0,0.0D0,0.0D0,1.0D0;                 0001259P   3193
126,1,1,1,0,1,0,0.05318606100736582D0,0.05318606100736582D0,     0001261P   3194
0.347951208032881D0,0.347951208032881D0,1.0D0,1.0D0,             0001261P   3195
1.047514011008232D0,-0.1160489444715184D0,0.2465908182738758D0,  0001261P   3196
1.203688195915019D0,-0.07495047475920576D0,                      0001261P   3197
-2.220446049250313D-16,0.05318606100736582D0,                    0001261P   3198
0.347951208032881D0,-0.8448190755542291D0,0.0D0,                 0001261P   3199
-0.5350520811843443D0;                                           0001261P   3200
126,1,1,1,0,1,0,-0.3054223605334569D0,-0.3054223605334569D0,     0001263P   3201
-0.01065721350794169D0,-0.01065721350794169D0,1.0D0,1.0D0,       0001263P   3202
0.03234893809287692D0,0.05318606100736617D0,0.0D0,               0001263P   3203
0.03234893809287692D0,0.347951208032881D0,0.0D0,                 0001263P   3204
-0.3054223605334569D0,-0.01065721350794169D0,0.0D0,0.0D0,1.0D0;  0001263P   3205
126,3,3,1,0,1,0,-0.06117529493980055D0,-0.06117529493980055D0,   0001265P   3206
-0.06117529493980055D0,-0.06117529493980055D0,-0.0D0,-0.0D0,     0001265P   3207
-0.0D0,-0.0D0,1.0D0,1.0D0,1.0D0,1.0D0,1.203688195915019D0,       0001265P   3208
-0.07495047475920576D0,-2.220446049250313D-16,                   0001265P   3209
1.203217299221279D0,-0.07508021367970248D0,0.0203689246730651D0, 0001265P   3210
1.202448185640166D0,-0.07376161966790877D0,                      0001265P   3211
0.04079036747281132D0,1.200930483631673D0,-0.0711947520579245D0, 0001265P   3212
0.06094574986821919D0,-0.06117529493980055D0,-0.0D0,             0001265P   3213
-0.9315487687792374D0,-0.3631221192906545D0,                     0001265P   3214
-0.01895304375953028D0;                                          0001265P   3215
126,1,1,1,0,1,0,-0.06117529493980055D0,-0.06117529493980055D0,   0001267P   3216
-0.0D0,-0.0D0,1.0D0,1.0D0,0.03234893809287692D0,                 0001267P   3217
0.347951208032881D0,0.0D0,0.0D0,0.296028545204066D0,0.0D0,       0001267P   3218
-0.06117529493980055D0,-0.0D0,0.0D0,0.0D0,1.0D0;                 0001267P   3219
126,1,1,1,0,1,0,-0.2960285452040657D0,-0.2960285452040657D0,     0001269P   3220
-0.05111026561132388D0,-0.05111026561132388D0,1.0D0,1.0D0,       0001269P   3221
1.200930483631673D0,-0.0711947520579245D0,0.06094574986821919D0, 0001269P   3222
1.071166455997639D0,-0.1053431803826708D0,0.2658363198166964D0,  0001269P   3223
-0.2960285452040657D0,-0.05111026561132388D0,                    0001269P   3224
-0.8448190755542299D0,0.0D0,-0.5350520811843427D0;               0001269P   3225
126,1,1,1,0,1,0,-0.2960285452040663D0,-0.2960285452040663D0,     0001271P   3226
-0.05111026561132423D0,-0.05111026561132423D0,1.0D0,1.0D0,0.0D0, 0001271P   3227
0.296028545204066D0,0.0D0,0.0D0,0.05111026561132399D0,0.0D0,     0001271P   3228
-0.2960285452040663D0,-0.05111026561132423D0,0.0D0,0.0D0,1.0D0;  0001271P   3229
141,1,3,1255,4,1257,1,1,1259,1261,1,1,1263,1265,1,1,1267,1269,1, 0001273P   3230
1,1271;                                                          0001273P   3231
143,1,1255,1,1273;                                               0001275P   3232
128,2,4,2,2,0,0,0,0,0,0.03141592653589715D0,                     0001277P   3233
0.03141592653589715D0,0.03141592653589715D0,                     0001277P   3234
0.09424777960769343D0,0.09424777960769343D0,                     0001277P   3235
0.09424777960769343D0,0.1010445177967762D0,0.1010445177967762D0, 0001277P   3236
0.1010445177967762D0,0.1327746035980332D0,0.1327746035980332D0,  0001277P   3237
0.1645046893992902D0,0.1645046893992902D0,0.1645046893992902D0,  0001277P   3238
1.0D0,0.7071067811865466D0,1.0D0,0.9223696183664268D0,           0001277P   3239
0.6522138119073474D0,0.9223696183664268D0,1.0D0,                 0001277P   3240
0.7071067811865466D0,1.0D0,0.9223696183664268D0,                 0001277P   3241
0.6522138119073474D0,0.9223696183664268D0,1.0D0,                 0001277P   3242
0.7071067811865466D0,1.0D0,-1.1825D0,-0.1199999999999999D0,      0001277P   3243
-0.2599999999999991D0,-1.222500000000001D0,                      0001277P   3244
-0.1200000000000002D0,-0.2599999999999986D0,                     0001277P   3245
-1.222500000000001D0,-0.07999999999999985D0,                     0001277P   3246
-0.259999999999999D0,-1.1825D0,-0.1200000000000001D0,            0001277P   3247
-0.2718460704665132D0,-1.222500000000001D0,                      0001277P   3248
-0.1200000000000005D0,-0.2836921409330271D0,                     0001277P   3249
-1.222500000000001D0,-0.08000000000000003D0,                     0001277P   3250
-0.2718460704665134D0,-1.176530628515418D0,                      0001277P   3251
-0.1140306285154175D0,-0.2801564611706689D0,                     0001277P   3252
-1.210561257030835D0,-0.1080612570308351D0,                      0001277P   3253
-0.3003129223413391D0,-1.216530628515418D0,                      0001277P   3254
-0.07403062851541729D0,-0.2801564611706696D0,                    0001277P   3255
-1.170561257030835D0,-0.1080612570308349D0,                      0001277P   3256
-0.2884668518748247D0,-1.198622514061669D0,                      0001277P   3257
-0.09612251406166965D0,-0.316933703749651D0,                     0001277P   3258
-1.210561257030835D0,-0.0680612570308345D0,                      0001277P   3259
-0.2884668518748256D0,-1.162185853653765D0,                      0001277P   3260
-0.09968585365376451D0,-0.2882807818871092D0,                    0001277P   3261
-1.181871707307528D0,-0.07937170730752852D0,-0.31656156377422D0, 0001277P   3262
-1.202185853653764D0,-0.05968585365376385D0,                     0001277P   3263
-0.2882807818871102D0,0.03141592653589715D0,                     0001277P   3264
0.09424777960769343D0,0.1010445177967762D0,0.1645046893992902D0; 0001277P   3265
126,2,2,1,0,0,0,-0.06283185307180154D0,-0.06283185307180154D0,   0001279P   3266
-0.06283185307180154D0,-0.0D0,-0.0D0,-0.0D0,1.0D0,               0001279P   3267
0.7071067811865502D0,1.0D0,-1.2225D0,-0.07999999999999993D0,     0001279P   3268
-0.2599999999999991D0,-1.222500000000001D0,                      0001279P   3269
-0.07999999999999877D0,-0.2999999999999994D0,                    0001279P   3270
-1.182500000000001D0,-0.07999999999999997D0,                     0001279P   3271
-0.2999999999999999D0,-0.06283185307180154D0,-0.0D0,0.0D0,1.0D0, 0001279P   3272
0.0D0;                                                           0001279P   3273
126,3,3,1,0,1,0,-0.06283185307179555D0,-0.06283185307179555D0,   0001281P   3274
-0.06283185307179555D0,-0.06283185307179555D0,0.0D0,0.0D0,0.0D0, 0001281P   3275
0.0D0,1.0D0,1.0D0,1.0D0,1.0D0,0.09424777960769343D0,             0001281P   3276
0.1010445177967762D0,0.0D0,0.09424777960769443D0,                0001281P   3277
0.1291400137767939D0,0.0D0,0.07998454388448859D0,                0001281P   3278
0.1453423152272901D0,0.0D0,0.06283185307179667D0,                0001281P   3279
0.1638605930568289D0,0.0D0,-0.06283185307179555D0,0.0D0,0.0D0,   0001281P   3280
0.0D0,1.0D0;                                                     0001281P   3281
126,2,2,1,0,0,0,-0.06283185307179592D0,-0.06283185307179592D0,   0001283P   3282
-0.06283185307179592D0,-0.0D0,-0.0D0,-0.0D0,1.0D0,               0001283P   3283
0.7071067811865478D0,1.0D0,-1.182500000000001D0,                 0001283P   3284
-0.07999999999999997D0,-0.2999999999999999D0,                    0001283P   3285
-1.182500000000001D0,-0.12D0,-0.2999999999999999D0,-1.1825D0,    0001283P   3286
-0.12D0,-0.26D0,-0.06283185307179592D0,-0.0D0,1.0D0,0.0D0,0.0D0; 0001283P   3287
126,3,3,1,0,1,0,-0.06283185307179549D0,-0.06283185307179549D0,   0001285P   3288
-0.06283185307179549D0,-0.06283185307179549D0,0.0D0,0.0D0,0.0D0, 0001285P   3289
0.0D0,1.0D0,1.0D0,1.0D0,1.0D0,0.06283185307179667D0,             0001285P   3290
0.1638605930568289D0,0.0D0,0.04567916225910548D0,                0001285P   3291
0.1453423152272904D0,0.0D0,0.03141592653589862D0,                0001285P   3292
0.1291400137767945D0,0.0D0,0.03141592653589715D0,                0001285P   3293
0.1010445177967777D0,0.0D0,-0.06283185307179549D0,0.0D0,0.0D0,   0001285P   3294
0.0D0,1.0D0;                                                     0001285P   3295
126,2,2,1,0,0,0,-0.06283185307179613D0,-0.06283185307179613D0,   0001287P   3296
-0.06283185307179613D0,-0.0D0,-0.0D0,-0.0D0,1.0D0,               0001287P   3297
0.7071067811865404D0,1.0D0,-1.1825D0,-0.1200000000000001D0,      0001287P   3298
-0.26D0,-1.222500000000001D0,-0.1200000000000006D0,              0001287P   3299
-0.2599999999999996D0,-1.2225D0,-0.07999999999999993D0,          0001287P   3300
-0.2599999999999992D0,-0.06283185307179613D0,-0.0D0,0.0D0,0.0D0, 0001287P   3301
1.0D0;                                                           0001287P   3302
126,1,1,1,0,1,0,-0.06283185307179613D0,-0.06283185307179613D0,   0001289P   3303
0.0D0,0.0D0,1.0D0,1.0D0,0.03141592653589715D0,                   0001289P   3304
0.1010445177967777D0,0.0D0,0.09424777960769343D0,                0001289P   3305
0.1010445177967762D0,0.0D0,-0.06283185307179613D0,0.0D0,0.0D0,   0001289P   3306
0.0D0,1.0D0;                                                     0001289P   3307
141,1,3,1277,3,1279,1,1,1281,1283,1,1,1285,1287,1,1,1289;        0001291P   3308
143,1,1277,1,1291;                                               0001293P   3309
128,2,4,2,2,0,0,0,0,0,0.03141592653589769D0,                     0001295P   3310
0.03141592653589769D0,0.03141592653589769D0,                     0001295P   3311
0.09424777960769368D0,0.09424777960769368D0,                     0001295P   3312
0.09424777960769368D0,0.1010445177967763D0,0.1010445177967763D0, 0001295P   3313
0.1010445177967763D0,0.1327746035980332D0,0.1327746035980332D0,  0001295P   3314
0.1645046893992901D0,0.1645046893992901D0,0.1645046893992901D0,  0001295P   3315
1.0D0,0.7071067811865454D0,1.0D0,0.9223696183664274D0,           0001295P   3316
0.6522138119073467D0,0.9223696183664274D0,1.0D0,                 0001295P   3317
0.7071067811865454D0,1.0D0,0.9223696183664274D0,                 0001295P   3318
0.6522138119073467D0,0.9223696183664274D0,1.0D0,                 0001295P   3319
0.7071067811865454D0,1.0D0,-1.1825D0,-0.12D0,                    0001295P   3320
0.2600000000000001D0,-1.1825D0,-0.1200000000000004D0,            0001295P   3321
0.3000000000000003D0,-1.1825D0,-0.08000000000000018D0,           0001295P   3322
0.3000000000000003D0,-1.194346070466514D0,-0.1200000000000001D0, 0001295P   3323
0.2600000000000002D0,-1.206192140933029D0,-0.1200000000000005D0, 0001295P   3324
0.3000000000000004D0,-1.194346070466514D0,                       0001295P   3325
-0.08000000000000018D0,0.3000000000000003D0,-1.20265646117067D0, 0001295P   3326
-0.1140306285154173D0,0.2540306285154174D0,-1.22281292234134D0,  0001295P   3327
-0.1080612570308348D0,0.2880612570308346D0,-1.20265646117067D0,  0001295P   3328
-0.07403062851541731D0,0.2940306285154174D0,                     0001295P   3329
-1.210966851874826D0,-0.1080612570308345D0,0.2480612570308346D0, 0001295P   3330
-1.239433703749652D0,-0.09612251406166908D0,                     0001295P   3331
0.2761225140616689D0,-1.210966851874826D0,                       0001295P   3332
-0.06806125703083442D0,0.2880612570308345D0,-1.21078078188711D0, 0001295P   3333
-0.09968585365376401D0,0.2396858536537641D0,                     0001295P   3334
-1.239061563774221D0,-0.07937170730752782D0,                     0001295P   3335
0.2593717073075276D0,-1.21078078188711D0,-0.05968585365376378D0, 0001295P   3336
0.2796858536537638D0,0.03141592653589769D0,                      0001295P   3337
0.09424777960769368D0,0.1010445177967763D0,0.1645046893992901D0; 0001295P   3338
126,2,2,1,0,0,0,-0.06283185307179701D0,-0.06283185307179701D0,   0001297P   3339
-0.06283185307179701D0,-0.0D0,-0.0D0,-0.0D0,1.0D0,               0001297P   3340
0.7071067811865551D0,1.0D0,-1.2225D0,-0.07999999999999993D0,     0001297P   3341
0.2600000000000005D0,-1.2225D0,-0.1199999999999999D0,            0001297P   3342
0.2600000000000001D0,-1.1825D0,-0.12D0,0.26D0,                   0001297P   3343
-0.06283185307179701D0,-0.0D0,-0.0D0,-0.0D0,-1.0D0;              0001297P   3344
126,3,3,1,0,1,0,-0.06283185307179599D0,-0.06283185307179599D0,   0001299P   3345
-0.06283185307179599D0,-0.06283185307179599D0,0.0D0,0.0D0,0.0D0, 0001299P   3346
0.0D0,1.0D0,1.0D0,1.0D0,1.0D0,0.06283185307179569D0,             0001299P   3347
0.1638605930568287D0,0.0D0,0.045679162259104D0,                  0001299P   3348
0.1453423152272899D0,0.0D0,0.03141592653589759D0,                0001299P   3349
0.1291400137767938D0,0.0D0,0.03141592653589769D0,                0001299P   3350
0.1010445177967763D0,0.0D0,-0.06283185307179599D0,0.0D0,0.0D0,   0001299P   3351
0.0D0,1.0D0;                                                     0001299P   3352
126,2,2,1,0,0,0,-0.06283185307179617D0,-0.06283185307179617D0,   0001301P   3353
-0.06283185307179617D0,-0.0D0,-0.0D0,-0.0D0,1.0D0,               0001301P   3354
0.7071067811865468D0,1.0D0,-1.1825D0,-0.12D0,0.26D0,             0001301P   3355
-1.182500000000002D0,-0.12D0,0.3000000000000002D0,-1.1825D0,     0001301P   3356
-0.08000000000000002D0,0.3D0,-0.06283185307179617D0,-0.0D0,      0001301P   3357
1.0D0,0.0D0,0.0D0;                                               0001301P   3358
126,1,1,1,0,1,0,-0.06283185307179615D0,-0.06283185307179615D0,   0001303P   3359
0.0D0,0.0D0,1.0D0,1.0D0,0.03141592653589769D0,                   0001303P   3360
0.1010445177967763D0,0.0D0,0.09424777960769368D0,                0001303P   3361
0.1010445177967763D0,0.0D0,-0.06283185307179615D0,0.0D0,0.0D0,   0001303P   3362
0.0D0,1.0D0;                                                     0001303P   3363
126,2,2,1,0,0,0,-0.06283185307180196D0,-0.06283185307180196D0,   0001305P   3364
-0.06283185307180196D0,-0.0D0,-0.0D0,-0.0D0,1.0D0,               0001305P   3365
0.7071067811865575D0,1.0D0,-1.1825D0,-0.08000000000000002D0,     0001305P   3366
0.3D0,-1.2225D0,-0.08000000000001876D0,0.3000000000000001D0,     0001305P   3367
-1.2225D0,-0.07999999999999993D0,0.2600000000000005D0,           0001305P   3368
-0.06283185307180196D0,-0.0D0,0.0D0,1.0D0,0.0D0;                 0001305P   3369
126,3,3,1,0,1,0,-0.06283185307179508D0,-0.06283185307179508D0,   0001307P   3370
-0.06283185307179508D0,-0.06283185307179508D0,0.0D0,0.0D0,0.0D0, 0001307P   3371
0.0D0,1.0D0,1.0D0,1.0D0,1.0D0,0.09424777960769368D0,             0001307P   3372
0.1010445177967763D0,0.0D0,0.09424777960768363D0,                0001307P   3373
0.129140013776787D0,0.0D0,0.07998454388447422D0,                 0001307P   3374
0.1453423152272861D0,0.0D0,0.06283185307179569D0,                0001307P   3375
0.1638605930568287D0,0.0D0,-0.06283185307179508D0,0.0D0,0.0D0,   0001307P   3376
0.0D0,1.0D0;                                                     0001307P   3377
141,1,3,1295,3,1297,1,1,1299,1301,1,1,1303,1305,1,1,1307;        0001309P   3378
143,1,1295,1,1309;                                               0001311P   3379
128,3,3,3,3,0,0,1,0,0,0.0D0,0.0D0,0.0D0,0.0D0,                   0001313P   3380
0.06519107881643506D0,0.06519107881643506D0,                     0001313P   3381
0.06519107881643506D0,0.06519107881643506D0,0.0D0,0.0D0,0.0D0,   0001313P   3382
0.0D0,0.0606432715114608D0,0.0606432715114608D0,                 0001313P   3383
0.0606432715114608D0,0.0606432715114608D0,1.0D0,1.0D0,1.0D0,     0001313P   3384
1.0D0,1.0D0,1.0D0,1.0D0,1.0D0,1.0D0,1.0D0,1.0D0,1.0D0,1.0D0,     0001313P   3385
1.0D0,1.0D0,1.0D0,1.071166455997639D0,-0.1053431803826703D0,     0001313P   3386
-0.2658363198166968D0,1.063880772248544D0,-0.1102267284551765D0, 0001313P   3387
-0.2595810201964236D0,1.055846500072075D0,-0.1138620029294923D0, 0001313P   3388
-0.2530596601718101D0,1.047514011008233D0,-0.1160489444715176D0, 0001313P   3389
-0.2465908182738756D0,1.064392692683118D0,-0.1073398782736404D0, 0001313P   3390
-0.2838369315079598D0,1.055856850275227D0,-0.1141441124629925D0, 0001313P   3391
-0.2780587026013021D0,1.046821948915757D0,-0.1208522609916304D0, 0001313P   3392
-0.2641740696473438D0,1.037588236298035D0,-0.1186658237876683D0, 0001313P   3393
-0.2510605455159182D0,1.048869622203432D0,                       0001313P   3394
-0.09271289255081672D0,-0.3012533449411857D0,                    0001313P   3395
1.041859155439356D0,-0.1065530310936177D0,-0.2961469195008216D0, 0001313P   3396
1.034599159199489D0,-0.1214492719131805D0,-0.2750937463701977D0, 0001313P   3397
1.027239757330496D0,-0.1200046741998342D0,-0.2555302727579596D0, 0001313P   3398
1.03435396918269D0,-0.08000000000000018D0,-0.3D0,                0001313P   3399
1.028560917820017D0,-0.0997901703015809D0,-0.3017886308173999D0, 0001313P   3400
1.022767866457347D0,-0.1217886308173998D0,-0.2797901703015808D0, 0001313P   3401
1.016974815094676D0,-0.12D0,-0.2600000000000001D0,0.0D0,         0001313P   3402
0.06519107881643506D0,0.0D0,0.0606432715114608D0;                0001313P   3403
128,3,3,3,3,0,0,1,0,0,0.0D0,0.0D0,0.0D0,0.0D0,                   0001315P   3404
0.06064327151146465D0,0.06064327151146465D0,                     0001315P   3405
0.06064327151146465D0,0.06064327151146465D0,0.0D0,0.0D0,0.0D0,   0001315P   3406
0.0D0,0.06519107881643568D0,0.06519107881643568D0,               0001315P   3407
0.06519107881643568D0,0.06519107881643568D0,1.0D0,1.0D0,1.0D0,   0001315P   3408
1.0D0,1.0D0,1.0D0,1.0D0,1.0D0,1.0D0,1.0D0,1.0D0,1.0D0,1.0D0,     0001315P   3409
1.0D0,1.0D0,1.0D0,1.016974815094677D0,-0.12D0,                   0001315P   3410
0.2599999999999999D0,1.027239757330495D0,-0.1200046741998344D0,  0001315P   3411
0.2555302727579575D0,1.037588236298036D0,-0.118665823787669D0,   0001315P   3412
0.2510605455159158D0,1.047514011008232D0,-0.1160489444715184D0,  0001315P   3413
0.2465908182738758D0,1.022767866457345D0,-0.1217886308173998D0,  0001315P   3414
0.2797901703015804D0,1.034599159199487D0,-0.1214492719131801D0,  0001315P   3415
0.2750937463701952D0,1.046821948915757D0,-0.1208522609916306D0,  0001315P   3416
0.2641740696473403D0,1.055846500072074D0,-0.1138620029294927D0,  0001315P   3417
0.2530596601718067D0,1.028560917820019D0,-0.09979017030158083D0, 0001315P   3418
0.3017886308173998D0,1.041859155439356D0,-0.1065530310936166D0,  0001315P   3419
0.2961469195008203D0,1.055856850275233D0,-0.1141441124629925D0,  0001315P   3420
0.2780587026012993D0,1.063880772248546D0,-0.1102267284551771D0,  0001315P   3421
0.2595810201964213D0,1.03435396918269D0,-0.08000000000000013D0,  0001315P   3422
0.2999999999999999D0,1.048869622203434D0,-0.09271289255081514D0, 0001315P   3423
0.3012533449411859D0,1.06439269268312D0,-0.1073398782736401D0,   0001315P   3424
0.2838369315079597D0,1.071166455997639D0,-0.1053431803826708D0,  0001315P   3425
0.2658363198166964D0,0.0D0,0.06064327151146465D0,0.0D0,          0001315P   3426
0.06519107881643568D0;                                           0001315P   3427
128,2,2,2,2,0,0,0,0,0,0.02771773812016942D0,                     0001317P   3428
0.02771773812016942D0,0.02771773812016942D0,                     0001317P   3429
0.09054959119196505D0,0.09054959119196505D0,                     0001317P   3430
0.09054959119196505D0,0.1087632605750225D0,0.1087632605750225D0, 0001317P   3431
0.1087632605750225D0,0.1531253511093901D0,0.1531253511093901D0,  0001317P   3432
0.1531253511093901D0,1.0D0,0.7071067811865462D0,1.0D0,           0001317P   3433
0.8501500465740286D0,0.6011468629585537D0,0.8501500465740286D0,  0001317P   3434
1.0D0,0.7071067811865462D0,1.0D0,1.1825D0,                       0001317P   3435
-0.002028404832994379D0,-0.3D0,1.2225D0,-0.002028404832994193D0, 0001317P   3436
-0.2999999999999999D0,1.2225D0,-0.00202840483299449D0,           0001317P   3437
-0.2599999999999998D0,1.182500000000001D0,                       0001317P   3438
-0.01785415077084149D0,-0.3000000000000002D0,1.2225D0,           0001317P   3439
-0.03691450233995037D0,-0.3000000000000001D0,1.2225D0,           0001317P   3440
-0.0210887564021036D0,-0.2599999999999998D0,1.171599252835452D0, 0001317P   3441
-0.02490468206224652D0,-0.2909491462141529D0,                    0001317P   3442
1.198470514756485D0,-0.05245661473539685D0,                      0001317P   3443
-0.2800483990496043D0,1.209371261921033D0,                       0001317P   3444
-0.02958033750614506D0,-0.2490992528354513D0,                    0001317P   3445
0.02771773812016942D0,0.09054959119196505D0,                     0001317P   3446
0.1087632605750225D0,0.1531253511093901D0;                       0001317P   3447
126,2,2,1,0,0,0,-0.05697462394084407D0,-0.05697462394084407D0,   0001319P   3448
-0.05697462394084407D0,-0.0D0,-0.0D0,-0.0D0,1.0D0,               0001319P   3449
0.7569372481974379D0,1.0D0,1.200930483631675D0,                  0001319P   3450
-0.03704632373317742D0,-0.2658363198166971D0,1.19858373770442D0, 0001319P   3451
-0.03258750647135831D0,-0.3000000000000002D0,1.1825D0,           0001319P   3452
-0.002028404832994693D0,-0.3D0,-0.05697462394084407D0,-0.0D0,    0001319P   3453
-0.8849182223817694D0,-0.465746432833027D0,0.0D0;                0001319P   3454
126,3,3,1,0,1,0,-0.05697462394084228D0,-0.05697462394084228D0,   0001321P   3455
-0.05697462394084228D0,-0.05697462394084228D0,0.0D0,0.0D0,0.0D0, 0001321P   3456
0.0D0,1.0D0,1.0D0,1.0D0,1.0D0,0.06965002833394009D0,             0001321P   3457
0.1526634945050955D0,0.0D0,0.05331757628586645D0,                0001321P   3458
0.1399830630887299D0,0.0D0,0.03561388254612165D0,                0001321P   3459
0.1310315081366709D0,0.0D0,0.02771773812016942D0,                0001321P   3460
0.1087632605750225D0,0.0D0,-0.05697462394084228D0,0.0D0,0.0D0,   0001321P   3461
0.0D0,1.0D0;                                                     0001321P   3462
126,2,2,1,0,0,0,-0.0628318530718D0,-0.0628318530718D0,           0001323P   3463
-0.0628318530718D0,-0.0D0,-0.0D0,-0.0D0,1.0D0,                   0001323P   3464
0.7071067811865426D0,1.0D0,1.1825D0,-0.002028404832994693D0,     0001323P   3465
-0.3D0,1.2225D0,-0.002028404833000225D0,-0.2999999999999998D0,   0001323P   3466
1.2225D0,-0.002028404832994621D0,-0.2599999999999997D0,          0001323P   3467
-0.0628318530718D0,-0.0D0,0.0D0,1.0D0,0.0D0;                     0001323P   3468
126,1,1,1,0,1,0,-0.06283185307179576D0,-0.06283185307179576D0,   0001325P   3469
0.0D0,0.0D0,1.0D0,1.0D0,0.02771773812016942D0,                   0001325P   3470
0.1087632605750225D0,0.0D0,0.09054959119196505D0,                0001325P   3471
0.1087632605750225D0,0.0D0,-0.06283185307179576D0,0.0D0,0.0D0,   0001325P   3472
0.0D0,1.0D0;                                                     0001325P   3473
126,2,2,1,0,0,0,-0.04367770594175112D0,-0.04367770594175112D0,   0001327P   3474
-0.04367770594175112D0,-0.0D0,-0.0D0,-0.0D0,1.0D0,               0001327P   3475
0.8546233353916592D0,1.0D0,1.2225D0,-0.002028404832994621D0,     0001327P   3476
-0.2599999999999997D0,1.2225D0,-0.02600076769818892D0,           0001327P   3477
-0.2639953938108623D0,1.200930483631675D0,                       0001327P   3478
-0.03704632373317742D0,-0.2658363198166971D0,                    0001327P   3479
-0.04367770594175112D0,-0.0D0,0.0D0,-0.1643989873052306D0,       0001327P   3480
0.9863939238321647D0;                                            0001327P   3481
126,3,3,1,0,1,0,-0.0436777059417468D0,-0.0436777059417468D0,     0001329P   3482
-0.0436777059417468D0,-0.0436777059417468D0,0.0D0,0.0D0,0.0D0,   0001329P   3483
0.0D0,1.0D0,1.0D0,1.0D0,1.0D0,0.09054959119196505D0,             0001329P   3484
0.1087632605750225D0,0.0D0,0.08817555194172957D0,                0001329P   3485
0.1263178139402915D0,0.0D0,0.07970617063292232D0,                0001329P   3486
0.1391758202002973D0,0.0D0,0.06965002833394009D0,                0001329P   3487
0.1526634945050955D0,0.0D0,-0.0436777059417468D0,0.0D0,0.0D0,    0001329P   3488
0.0D0,1.0D0;                                                     0001329P   3489
141,1,3,1317,3,1319,1,1,1321,1323,1,1,1325,1327,1,1,1329;        0001331P   3490
143,1,1317,1,1331;                                               0001333P   3491
128,1,2,1,2,0,0,0,0,0,-0.8000000000000007D0,                     0001335P   3492
-0.8000000000000007D0,0.8200000000000008D0,0.8200000000000008D0, 0001335P   3493
0.0D0,0.0D0,0.0D0,0.0628318530718D0,0.0628318530718D0,           0001335P   3494
0.0628318530718D0,1.0D0,1.0D0,0.7071067811865378D0,              0001335P   3495
0.7071067811865475D0,1.0D0,1.0D0,1.2225D0,0.8000000000000007D0,  0001335P   3496
-0.26D0,1.2225D0,-0.8200000000000008D0,-0.26D0,                  0001335P   3497
1.222500000000001D0,0.8000000000000006D0,-0.2999999999999999D0,  0001335P   3498
1.2225D0,-0.8200000000000007D0,-0.3D0,1.182500000000001D0,       0001335P   3499
0.8000000000000007D0,-0.3D0,1.1825D0,-0.8200000000000008D0,      0001335P   3500
-0.2999999999999998D0,-0.8000000000000007D0,                     0001335P   3501
0.8200000000000008D0,0.0D0,0.0628318530718D0;                    0001335P   3502
126,1,1,1,0,1,0,0.0D0,0.0D0,0.002028404832994751D0,              0001337P   3503
0.002028404832994751D0,1.0D0,1.0D0,1.2225D0,                     0001337P   3504
4.440892098500626D-17,-0.2600000000000005D0,1.2225D0,            0001337P   3505
-0.002028404832994621D0,-0.2599999999999997D0,0.0D0,             0001337P   3506
0.002028404832994751D0,0.0D0,0.0D0,1.0D0;                        0001337P   3507
126,1,1,1,0,1,0,-2.602085213965211D-16,-2.602085213965211D-16,   0001339P   3508
0.002028404832994601D0,0.002028404832994601D0,1.0D0,1.0D0,0.0D0, 0001339P   3509
0.0D0,0.0D0,0.002028404832994657D0,0.0D0,0.0D0,                  0001339P   3510
-2.602085213965211D-16,0.002028404832994601D0,0.0D0,0.0D0,1.0D0; 0001339P   3511
126,2,2,1,0,0,0,0.0D0,0.0D0,0.0D0,0.0628318530718D0,             0001341P   3512
0.0628318530718D0,0.0628318530718D0,1.0D0,0.7071067811865426D0,  0001341P   3513
1.0D0,1.2225D0,-0.002028404832994621D0,-0.2599999999999997D0,    0001341P   3514
1.2225D0,-0.002028404833000225D0,-0.2999999999999998D0,1.1825D0, 0001341P   3515
-0.002028404832994693D0,-0.3D0,0.0D0,0.0628318530718D0,0.0D0,    0001341P   3516
1.0D0,0.0D0;                                                     0001341P   3517
126,1,1,1,0,1,0,0.0D0,0.0D0,0.0628318530718D0,0.0628318530718D0, 0001343P   3518
1.0D0,1.0D0,0.002028404832994657D0,0.0D0,0.0D0,                  0001343P   3519
0.002028404832994546D0,0.0628318530718D0,0.0D0,0.0D0,            0001343P   3520
0.0628318530718D0,0.0D0,0.0D0,1.0D0;                             0001343P   3521
126,1,1,1,0,1,0,-0.002028404832994501D0,-0.002028404832994501D0, 0001345P   3522
-0.0D0,-0.0D0,1.0D0,1.0D0,1.1825D0,-0.002028404832994693D0,      0001345P   3523
-0.3D0,1.182500000000001D0,2.220446049250313D-17,-0.3D0,         0001345P   3524
-0.002028404832994501D0,-0.0D0,0.0D0,0.0D0,1.0D0;                0001345P   3525
126,1,1,1,0,1,0,0.01797159516700564D0,0.01797159516700564D0,     0001347P   3526
0.02000000000000019D0,0.02000000000000019D0,1.0D0,1.0D0,         0001347P   3527
0.002028404832994546D0,0.0628318530718D0,0.0D0,0.0D0,            0001347P   3528
0.0628318530718D0,0.0D0,0.01797159516700564D0,                   0001347P   3529
0.02000000000000019D0,0.0D0,0.0D0,1.0D0;                         0001347P   3530
126,2,2,1,0,0,0,-0.0628318530718D0,-0.0628318530718D0,           0001349P   3531
-0.0628318530718D0,-0.0D0,-0.0D0,-0.0D0,1.0D0,                   0001349P   3532
0.7071067811865426D0,1.0D0,1.182500000000001D0,                  0001349P   3533
2.220446049250313D-17,-0.3D0,1.222500000000001D0,                0001349P   3534
-5.462016914654496D-15,-0.3000000000000002D0,1.2225D0,           0001349P   3535
4.440892098500626D-17,-0.2600000000000005D0,-0.0628318530718D0,  0001349P   3536
-0.0D0,-0.0D0,-1.0D0,-0.0D0;                                     0001349P   3537
126,1,1,1,0,1,0,-0.0628318530718D0,-0.0628318530718D0,-0.0D0,    0001351P   3538
-0.0D0,1.0D0,1.0D0,0.0D0,0.0628318530718D0,0.0D0,0.0D0,0.0D0,    0001351P   3539
0.0D0,-0.0628318530718D0,-0.0D0,0.0D0,0.0D0,1.0D0;               0001351P   3540
141,1,3,1335,4,1337,1,1,1339,1341,1,1,1343,1345,1,1,1347,1349,1, 0001353P   3541
1,1351;                                                          0001353P   3542
143,1,1335,1,1353;                                               0001355P   3543
S0000001G0000011D0001356P0003543                                        T      1
