lambda,thickness,s_lambda,s_tau,subiterations,body_xi,body_eta,free_xi,free_eta
0.0,0.06372799011587935,3.998364321704992,-4.133274477276066,0,4.503858488065982,0.16477700246439686,4.519814702489578,0.10307889920766893
0.0020598389152504323,0.0632504326370569,4.02441779866154,-4.1311600039368255,18,4.505852716251341,0.16529274494034876,4.521689359831453,0.1040569878298877
0.004119677830500865,0.06283350089266813,4.046988480267855,-4.129058393022251,21,4.5078469444367,0.16580848741630067,4.523579196644961,0.1049763817903683
0.006179516745751297,0.06247558276631568,4.0660419081614405,-4.126967689374683,25,4.509841172622059,0.16632422989225257,4.525483809288392,0.10583864185579689
0.00823935566100173,0.06217474873114858,4.081585906575122,-4.12488599836171,30,4.511835400807417,0.16683997236820447,4.527402714646806,0.10664563609304126
0.010299194576252162,0.06192858346661846,4.0936822886608395,-4.122811502352015,36,4.513829628992776,0.16735571484415634,4.529335307972234,0.107399702888991
0.012359033491502594,0.06173392405045083,4.102464315366229,-4.12074248600479,43,4.515823857178135,0.16787145732010825,4.531280797332183,0.108103904419383
0.014418872406753026,0.06158645698257453,4.108162942896934,-4.118677375137818,52,4.517818085363493,0.16838719979606015,4.533238102712489,0.10876241678913282
0.01647871132200346,0.06148014925406245,4.111143288868458,-4.116614794790311,62,4.519812313548852,0.16890294227201205,4.5352057135683514,0.10938108084159764
0.01853855023725389,0.061406686775759514,4.111939419199732,-4.114553646301604,74,4.521806541734211,0.16941868474796395,4.537181548218095,0.10996794584257485
0.020598389152504323,0.061355710085256476,4.111234388925073,-4.112493176699849,83,4.5238007699195695,0.16993442722391586,4.539163012859479,0.11053304128115156
0.022658228067754756,0.06131701482417147,4.109707884732494,-4.110432974360269,89,4.525794998104928,0.17045016969986776,4.54114755252521,0.11108624648281673
0.024718066983005188,0.06128355473193948,4.107830935601221,-4.108372863699516,91,4.527789226290287,0.17096591217581966,4.543133402972541,0.11163438326810987
0.02677790589825562,0.06125195237696633,4.105829592586184,-4.1063127823745145,92,4.529783454475646,0.17148165465177156,4.545119718560133,0.1121807214894594
0.028837744813506053,0.06122095152644203,4.103787969145887,-4.104252710189004,92,4.531777682661004,0.17199739712772344,4.547106184752412,0.1127264773656961
0.030897583728756485,0.06119013874616971,4.1017337509938985,-4.102192640825073,92,4.533771910846363,0.17251313960367534,4.549092698033721,0.11327205116216214
0.03295742264400692,0.0611593840788719,4.099675641091863,-4.100132572329526,92,4.535766139031722,0.17302888207962724,4.551079225865357,0.11381756869668903
0.03501726155925735,0.061128647297348654,4.097616333401903,-4.0980725041009185,92,4.53776036721708,0.17354462455557915,4.553065758175233,0.11436306891514547
0.03707710047450778,0.06109791600971034,4.095556657516546,-4.096012435954274,93,4.539754595402439,0.17406036703153105,4.555052291860668,0.11490856381471021
0.039136939389758214,0.06106718640933706,4.093496868639522,-4.093952367832798,93,4.541748823587798,0.17457610950748295,4.5570388259685615,0.11545405708075326
0.04119677830500865,0.06103645732693612,4.091437045077198,-4.091892299719049,93,4.5437430517731565,0.17509185198343485,4.559025360206143,0.11599954984532261
0.04325661722025908,0.061005728403506605,4.089377210871505,-4.089832231607671,93,4.545737279958515,0.17560759445938676,4.56101189448353,0.11654504245598415
0.04531645613550951,0.0609749995288697,4.087317373401013,-4.087772163497021,93,4.547731508143874,0.17612333693533866,4.562998428773132,0.11709053501940725
0.047376295050759944,0.06094427066922338,4.085257534929413,-4.0857120953865955,93,4.549725736329233,0.17663907941129056,4.564984963066488,0.11763602756831726
0.049436133966010376,0.060913541814201146,4.083197696150944,-4.083652027276238,93,4.551719964514591,0.17715482188724244,4.566971497361001,0.11818152011275043
0.05149597288126081,0.0608828129606249,4.081137857278445,-4.081591959165903,93,4.5537141926999505,0.17767056436319434,4.568958031655877,0.1187270126557837
0.05355581179651124,0.06085208410752071,4.079078018377144,-4.079531891055574,93,4.555708420885309,0.17818630683914624,4.570944565950871,0.11927250519835994
0.05561565071176167,0.06082135525459026,4.077018179467025,-4.077471822945247,93,4.557702649070667,0.17870204931509814,4.572931100245908,0.11981799774076798
0.057675489627012105,0.06079062640174225,4.0749583405542085,-4.0754117548349225,93,4.559696877256027,0.17921779179105005,4.5749176345409674,0.12036349028309622
0.05973532854226254,0.06075989754894878,4.072898501640567,-4.073351686724599,93,4.561691105441385,0.17973353426700195,4.576904168836038,0.12090898282537163
0.06179516745751297,0.060729168696201374,4.070838662726675,-4.071291618614275,93,4.563685333626744,0.18024927674295385,4.578890703131122,0.12145447536760247
0.0638550063727634,0.06069843984349749,4.068778823812707,-4.069231550503952,93,4.565679561812102,0.18076501921890575,4.580877237426216,0.12199996790979117
0.06591484528801383,0.060667710990836426,4.066718984898718,-4.06717148239363,93,4.567673789997461,0.18128076169485766,4.58286377172132,0.1225454604519384
0.06797468420326427,0.060636982138218005,4.064659145984724,-4.065111414283309,93,4.56966801818282,0.18179650417080956,4.584850306016436,0.12309095299404435
0.07003452311851471,0.06060625328564223,4.0625993070707285,-4.063051346172988,93,4.571662246368178,0.18231224664676143,4.586836840311562,0.123636445536109
0.07209436203376515,0.06057552443310919,4.060539468156735,-4.060991278062668,93,4.5736564745535375,0.18282798912271336,4.588823374606699,0.12418193807813231
0.07415420094901559,0.06054479558061895,4.0584796292427425,-4.058931209952348,93,4.575650702738896,0.18334373159866524,4.590809908901846,0.12472743062011415
0.07621403986426603,0.06051406672817157,4.056419790328752,-4.05687114184203,93,4.577644930924254,0.18385947407461714,4.592796443197005,0.12527292316205452
0.07827387877951647,0.06048333787576715,4.054359951414764,-4.054811073731711,93,4.579639159109614,0.18437521655056904,4.594782977492175,0.12581841570395327
0.08033371769476691,0.06045260902340578,4.0523001125007765,-4.052751005621394,93,4.581633387294972,0.18489095902652095,4.596769511787354,0.12636390824581037
0.08239355661001735,0.06042188017108753,4.050240273586792,-4.050690937511077,93,4.583627615480331,0.18540670150247285,4.598756046082545,0.1269094007876257
0.08445339552526779,0.060391151318812494,4.048180434672808,-4.0486308694007604,93,4.58562184366569,0.18592244397842475,4.600742580377747,0.12745489332939922
0.08651323444051823,0.060360422466580764,4.046120595758827,-4.046570801290445,93,4.587616071851048,0.18643818645437665,4.602729114672959,0.1280003858711308
0.08857307335576867,0.060329693614392416,4.044060756844848,-4.04451073318013,93,4.589610300036407,0.18695392893032856,4.604715648968182,0.12854587841282036
0.0906329122710191,0.06029896476224753,4.042000917930871,-4.042450665069816,93,4.591604528221765,0.18746967140628046,4.606702183263415,0.12909137095446788
0.09269275118626955,0.06026823591014621,4.039941079016894,-4.040390596959502,93,4.593598756407125,0.18798541388223236,4.608688717558661,0.1296368634960732
0.09475259010151998,0.060237507058088516,4.03788124010292,-4.038330528849189,93,4.595592984592483,0.18850115635818426,4.610675251853917,0.13018235603763628
0.09681242901677042,0.060206778206074556,4.035821401188948,-4.036270460738876,93,4.597587212777841,0.18901689883413617,4.612661786149183,0.13072784857915704
0.09887226793202086,0.06017604935410441,4.033761562274979,-4.034210392628565,93,4.599581440963201,0.18953264131008807,4.614648320444462,0.13127334112063535
0.1009321068472713,0.060145320502178135,4.03170172336101,-4.032150324518254,93,4.601575669148559,0.19004838378603997,4.61663485473975,0.1318188336620712
0.10299194576252174,0.060114591650295854,4.029641884447044,-4.030090256407943,93,4.603569897333918,0.19056412626199187,4.61862138903505,0.13236432620346447
0.10505178467777218,0.06008386279845764,4.027582045533079,-4.028030188297634,93,4.605564125519277,0.19107986873794378,4.620607923330361,0.13290981874481506
0.10711162359302262,0.060053133946663576,4.025522206619116,-4.025970120187324,93,4.607558353704635,0.19159561121389568,4.622594457625683,0.13345531128612292
0.10917146250827306,0.06002240509491376,4.0234623677051555,-4.0239100520770155,93,4.609552581889994,0.19211135368984758,4.6245809919210155,0.13400080382738794
0.1112313014235235,0.059991676243208274,4.021402528791197,-4.021849983966708,93,4.611546810075353,0.19262709616579948,4.626567526216361,0.13454629636861004
0.11329114033877394,0.0599609473915472,4.019342689877239,-4.019789915856401,93,4.613541038260712,0.19314283864175136,4.628554060511715,0.13509178890978912
0.11535097925402438,0.05993021853993063,4.017282850963284,-4.017729847746094,93,4.61553526644607,0.1936585811177033,4.630540594807082,0.13563728145092516
0.11741081816927482,0.059899489688358655,4.01522301204933,-4.015669779635788,93,4.6175294946314285,0.19417432359365516,4.632527129102459,0.13618277399201795
0.11947065708452526,0.059868760836831354,4.0131631731353785,-4.013609711525483,93,4.619523722816788,0.19469006606960707,4.634513663397848,0.13672826653306755
0.1215304959997757,0.059838031985348816,4.0111033342214295,-4.0115496434151785,93,4.621517951002146,0.19520580854555897,4.636500197693247,0.1372737590740738
0.12359033491502613,0.05980730313391114,4.009043495307481,-4.009489575304874,93,4.623512179187505,0.19572155102151087,4.6384867319886585,0.1378192516150366
0.12565017383027657,0.059776574282518403,4.006983656393535,-4.007429507194571,93,4.625506407372864,0.19623729349746277,4.640473266284082,0.13836474415595593
0.127710012745527,0.05974584543117069,4.004923817479591,-4.0053694390842685,93,4.627500635558222,0.19675303597341467,4.642459800579515,0.13891023669683164
0.12976985166077745,0.05971511657986811,4.00286397856565,-4.003309370973967,93,4.629494863743581,0.19726877844936658,4.64444633487496,0.13945572923766367
0.1318296905760279,0.05968438772861073,4.000804139651709,-4.001249302863665,93,4.63148909192894,0.19778452092531848,4.646432869170416,0.14000122177845192
0.13388952949127833,0.05965365887739863,3.9987443007377697,-3.999189234753365,93,4.633483320114299,0.19830026340127038,4.648419403465884,0.14054671431919635
0.13594936840652877,0.059622930026231896,3.9966844618238335,-3.9971291666430653,93,4.635477548299657,0.19881600587722228,4.650405937761363,0.14109220685989687
0.1380092073217792,0.05959220117511064,3.994624622909899,-3.9950690985327664,93,4.637471776485016,0.1993317483531742,4.652392472056854,0.14163769940055335
0.14006904623702965,0.05956147232403494,3.9925647839959666,-3.993009030422468,93,4.639466004670375,0.1998474908291261,4.654379006352356,0.14218319194116572
0.1421288851522801,0.059530743473004875,3.9905049450820353,-3.9909489623121703,93,4.641460232855733,0.200363233305078,4.656365540647868,0.14272868448173393
0.14418872406753053,0.05950001462202055,3.9884451061681068,-3.988888894201873,93,4.643454461041093,0.2008789757810299,4.6583520749433935,0.1432741770222578
0.14624856298278097,0.059469285771082056,3.98638526725418,-3.986828826091577,93,4.645448689226451,0.2013947182569818,4.66033860923893,0.14381966956273734
0.1483084018980314,0.05943855692018947,3.9843254283402545,-3.984768757981281,93,4.6474429174118095,0.2019104607329337,4.662325143534477,0.14436516210317243
0.15036824081328184,0.05940782806934288,3.9822655894263312,-3.9827086898709863,93,4.649437145597168,0.2024262032088856,4.664311677830035,0.144910654643563
0.15242807972853228,0.0593770992185424,3.98020575051241,-3.980648621760692,93,4.651431373782527,0.2029419456848375,4.666298212125607,0.14545614718390892
0.15448791864378272,0.059346370367788115,3.9781459115984905,-3.978588553650398,93,4.653425601967886,0.2034576881607894,4.668284746421189,0.14600163972421012
0.15654775755903316,0.05931564151708008,3.976086072684573,-3.976528485540105,93,4.655419830153244,0.20397343063674128,4.670271280716783,0.1465471322644665
0.1586075964742836,0.05928491266641843,3.9740262337706573,-3.974468417429813,93,4.6574140583386034,0.2044891731126932,4.672257815012388,0.14709262480467805
0.16066743538953404,0.05925418381580323,3.971966394856744,-3.9724083493195215,93,4.659408286523962,0.2050049155886451,4.6742443493080055,0.14763811734484455
0.16272727430478448,0.05922345496523458,3.9699065559428317,-3.9703482812092306,93,4.66140251470932,0.20552065806459702,4.676230883603634,0.14818360988496604
0.16478711322003492,0.05919272611471257,3.967846717028922,-3.9682882130989405,93,4.66339674289468,0.2060364005405489,4.678217417899275,0.14872910242504234
0.16684695213528536,0.05916199726423727,3.965786878115014,-3.966228144988651,93,4.665390971080038,0.20655214301650082,4.680203952194927,0.14927459496507348
0.1689067910505358,0.0591312684138088,3.963727039201108,-3.9641680768783623,93,4.6673851992653965,0.2070678854924527,4.68219048649059,0.1498200875050592
0.17096662996578624,0.05910053956342724,3.961667200287204,-3.962108008768074,93,4.669379427450756,0.2075836279684046,4.684177020786267,0.15036558004499953
0.17302646888103668,0.059069810713092696,3.959607361373302,-3.9600479406577866,93,4.671373655636114,0.2080993704443565,4.686163555081953,0.15091107258489436
0.17508630779628712,0.05903908186280523,3.9575475224594014,-3.9579878725475,93,4.673367883821473,0.2086151129203084,4.688150089377652,0.1514565651247436
0.17714614671153756,0.059008353012564956,3.955487683545504,-3.955927804437214,93,4.675362112006832,0.2091308553962603,4.690136623673364,0.15200205766454716
0.179205985626788,0.05897762416237197,3.953427844631608,-3.953867736326929,93,4.6773563401921905,0.2096465978722122,4.692123157969086,0.15254755020430494
0.18126582454203843,0.05894689531222635,3.9513680057177125,-3.9518076682166443,93,4.679350568377549,0.2101623403481641,4.694109692264821,0.15309304274401686
0.18332566345728887,0.05891616646212819,3.949308166803821,-3.9497476001063605,93,4.681344796562907,0.21067808282411601,4.6960962265605675,0.15363853528368282
0.1853855023725393,0.05888543761207759,3.94724832788993,-3.9476875319960776,93,4.683339024748267,0.21119382530006792,4.698082760856327,0.15418402782330276
0.18744534128778975,0.058854708762074624,3.9451884889760414,-3.945627463885795,93,4.685333252933625,0.21170956777601982,4.700069295152097,0.15472952036287657
0.1895051802030402,0.0588239799121194,3.9431286500621545,-3.9435673957755135,93,4.687327481118984,0.21222531025197172,4.702055829447879,0.15527501290240414
0.19156501911829063,0.058793251062212004,3.94106881114827,-3.9415073276652324,93,4.689321709304343,0.21274105272792362,4.704042363743674,0.15582050544188542
0.19362485803354107,0.05876252221235254,3.939008972234387,-3.939447259554952,93,4.691315937489701,0.21325679520387553,4.706028898039479,0.15636599798132028
0.1956846969487915,0.058731793362541106,3.9369491333205064,-3.9373871914446728,93,4.69331016567506,0.21377253767982743,4.708015432335298,0.15691149052070869
0.19774453586404195,0.05870106451277778,3.934889294406627,-3.935327123334394,93,4.695304393860419,0.21428828015577933,4.710001966631128,0.15745698306005046
0.1998043747792924,0.05867033566306267,3.932829455492751,-3.933267055224116,93,4.6972986220457775,0.21480402263173123,4.711988500926971,0.1580024755993456
0.20186421369454283,0.05863960681339587,3.9307696165788757,-3.931206987113838,93,4.699292850231136,0.21531976510768314,4.713975035222825,0.15854796813859395
0.20392405260979327,0.05860887796377744,3.928709777665002,-3.9291469190035615,93,4.701287078416495,0.215835507583635,4.715961569518692,0.15909346067779542
0.2059838915250437,0.05857814911420751,3.926649938751131,-3.9270868508932857,93,4.703281306601854,0.21635125005958694,4.717948103814571,0.15963895321695004
0.20804373044029414,0.05854742026468615,3.9245900998372623,-3.9250267827830103,93,4.705275534787212,0.21686699253553882,4.719934638110462,0.16018444575605753
0.21010356935554458,0.05851669141521349,3.9225302609233954,-3.922966714672736,93,4.707269762972571,0.21738273501149075,4.721921172406365,0.16072993829511795
0.21216340827079502,0.0584859625657896,3.92047042200953,-3.9209066465624622,93,4.70926399115793,0.21789847748744262,4.72390770670228,0.1612754308341311
0.21422324718604546,0.05845523371641457,3.918410583095667,-3.918846578452189,93,4.711258219343288,0.21841421996339452,4.725894240998207,0.16182092337309698
0.2162830861012959,0.0584245048670885,3.916350744181806,-3.916786510341917,93,4.713252447528647,0.21892996243934643,4.727880775294147,0.16236641591201545
0.21834292501654634,0.05839377601781149,3.914290905267947,-3.9147264422316455,93,4.715246675714006,0.21944570491529833,4.7298673095901,0.16291190845088643
0.22040276393179678,0.05836304716858364,3.9122310663540896,-3.9126663741213745,93,4.717240903899365,0.21996144739125023,4.731853843886064,0.1634574009897098
0.22246260284704722,0.05833231831940504,3.9101712274402343,-3.9106063060111045,93,4.719235132084723,0.22047718986720213,4.733840378182041,0.16400289352848552
0.22452244176229766,0.05830158947027578,3.9081113885263803,-3.908546237900835,93,4.721229360270082,0.22099293234315404,4.73582691247803,0.16454838606721345
0.2265822806775481,0.05827086062119594,3.9060515496125285,-3.906486169790566,93,4.723223588455441,0.22150867481910594,4.737813446774032,0.16509387860589353
0.22864211959279854,0.05824013177216565,3.9039917106986795,-3.9044261016802984,93,4.725217816640799,0.22202441729505784,4.739799981070045,0.16563937114452562
0.23070195850804898,0.05820940292318499,3.9019318717848313,-3.902366033570031,93,4.7272120448261585,0.22254015977100974,4.741786515366073,0.1661848636831097
0.23276179742329942,0.05817867407425405,3.899872032870986,-3.9003059654597645,93,4.729206273011517,0.22305590224696165,4.743773049662111,0.16673035622164561
0.23482163633854986,0.0581479452223312,3.8978121938712507,-3.8982458973494536,94,4.731200501196875,0.22357164472291355,4.7457595839574,0.16727584876307816
0.2368814752538003,0.058117216369551444,3.895752354931815,-3.89618582923913,94,4.733194729382235,0.22408738719886545,4.747746118252476,0.16782134130534032
0.23894131416905073,0.05808648751654826,3.8936925160102627,-3.8941257611288025,94,4.735188957567593,0.22460312967481735,4.749732652547495,0.16836683384781875
0.24100115308430117,0.05805575866350961,3.891632677094012,-3.8920656930184747,94,4.737183185752952,0.22511887215076926,4.751719186842505,0.16891232639033157
0.2430609919995516,0.05802502981049125,3.8895728381793333,-3.8900056249081474,94,4.73917741393831,0.22563461462672116,4.75370572113752,0.16945781893282472
0.24512083091480205,0.0579943009575098,3.8875129992651227,-3.8879455567978205,94,4.741171642123669,0.22615035710267306,4.755692255432545,0.17000331147528214
0.2471806698300525,0.05796357210457024,3.885453160351051,-3.885885488687494,94,4.743165870309028,0.22666609957862496,4.7576787897275805,0.170548804017699
0.24924050874530293,0.057932843251674075,3.8833933214370213,-3.8838254205771685,94,4.745160098494386,0.22718184205457687,4.759665324022626,0.17109429656007386
0.25130034766055337,0.05790211439882184,3.881333482523006,-3.8817653524668434,94,4.747154326679746,0.22769758453052874,4.761651858317683,0.17163978910240615
0.2533601865758038,0.05787138554601376,3.8792736436089967,-3.879705284356519,94,4.749148554865104,0.22821332700648067,4.7636383926127515,0.17218528164469574
0.2554200254910542,0.05784065669324995,3.877213804694989,-3.8776452162461954,94,4.7511427830504624,0.22872906948243255,4.76562492690783,0.17273077418694244
0.2574798644063046,0.05780992784053049,3.875153965780984,-3.8755851481358725,94,4.753137011235822,0.22924481195838442,4.767611461202921,0.17327626672914617
0.259539703321555,0.05777919898785549,3.873094126866981,-3.87352508002555,94,4.75513123942118,0.22976055443433635,4.769597995498022,0.17382175927130694
0.2615995422368054,0.05774847013522503,3.8710342879529795,-3.8714650119152285,94,4.757125467606539,0.23027629691028823,4.7715845297931345,0.17436725181342452
0.26365938115205584,0.05771774128263919,3.86897444903898,-3.8694049438049074,94,4.759119695791897,0.23079203938624013,4.773571064088258,0.17491274435549892
0.26571922006730625,0.05768701243009808,3.866914610124982,-3.867344875694587,94,4.761113923977256,0.23130778186219203,4.775557598383393,0.17545823689753004
0.26777905898255666,0.057656283577601775,3.864854771210987,-3.8652848075842674,94,4.763108152162615,0.2318235243381439,4.777544132678539,0.17600372943951773
0.2698388978978071,0.057625554725150366,3.8627949322969926,-3.8632247394739485,94,4.765102380347973,0.2323392668140958,4.779530666973696,0.176549221981462
0.2718987368130575,0.057594825872743935,3.860735093383,-3.86116467136363,94,4.767096608533333,0.2328550092900477,4.781517201268866,0.1770947145233627
0.2739585757283079,0.05756409702038258,3.8586752544690097,-3.8591046032533125,94,4.769090836718691,0.23337075176599958,4.783503735564045,0.17764020706521977
0.2760184146435583,0.057533368168066375,3.8566154155550203,-3.8570445351429954,94,4.7710850649040495,0.2338864942419515,4.785490269859236,0.17818569960703312
0.2780782535588087,0.05750263931579542,3.8545555766410335,-3.854984467032679,94,4.773079293089408,0.2344022367179034,4.787476804154438,0.17873119214880268
0.28013809247405913,0.0574719104635698,3.8524957377270477,-3.8529243989223634,94,4.775073521274767,0.23491797919385526,4.789463338449653,0.17927668469052832
0.28219793138930954,0.057441181611389606,3.850435898813065,-3.8508643308120485,94,4.777067749460126,0.23543372166980717,4.791449872744877,0.17982217723221
0.28425777030455995,0.05741045275925492,3.8483760598990835,-3.8488042627017345,94,4.779061977645484,0.23594946414575907,4.793436407040113,0.1803676697738476
0.28631760921981037,0.057379723907165836,3.8463162209851034,-3.846744194591421,94,4.7810562058308435,0.23646520662171094,4.795422941335363,0.18091316231544108
0.2883774481350608,0.05734899505512245,3.8442563820711264,-3.8446841264811082,94,4.783050434016202,0.23698094909766287,4.797409475630622,0.18145865485699034
0.2904372870503112,0.05731826620312486,3.8421965431571503,-3.842624058370796,94,4.78504466220156,0.23749669157361475,4.799396009925893,0.1820041473984952
0.2924971259655616,0.05728753735117313,3.840136704243176,-3.8405639902604847,94,4.787038890386919,0.23801243404956662,4.801382544221174,0.18254963993995565
0.294556964880812,0.057256808499267356,3.8380768653292034,-3.8385039221501738,94,4.789033118572278,0.23852817652551855,4.803369078516469,0.18309513248137171
0.2966168037960624,0.057226079647407634,3.836017026415233,-3.8364438540398638,94,4.7910273467576365,0.23904391900147043,4.805355612811774,0.1836406250227431
0.29867664271131283,0.05719535079559407,3.833957187501264,-3.834383785929554,94,4.793021574942995,0.23955966147742233,4.807342147107091,0.18418611756406983
0.30073648162656325,0.057164621943826724,3.831897348587297,-3.8323237178192455,94,4.795015803128353,0.24007540395337423,4.80932868140242,0.18473161010535183
0.30279632054181366,0.0571338930921057,3.8298375096733315,-3.8302636497089373,94,4.797010031313713,0.2405911464293261,4.8113152156977606,0.18527710264658892
0.30485615945706407,0.05710316424043108,3.827777670759368,-3.82820358159863,94,4.799004259499071,0.241106888905278,4.813301749993112,0.18582259518778116
0.3069159983723145,0.05707243538880298,3.825717831845407,-3.8261435134883235,94,4.80099848768443,0.2416226313812299,4.815288284288475,0.18636808772892832
0.3089758372875649,0.057041706537221466,3.823657992931447,-3.8240834453780175,94,4.802992715869789,0.2421383738571818,4.817274818583851,0.18691358027003036
0.3110356762028153,0.05701097768568665,3.8215981540174897,-3.8220233772677124,94,4.804986944055147,0.2426541163331337,4.819261352879237,0.18745907281108723
0.3130955151180657,0.05698024883419862,3.819538315103533,-3.8199633091574077,94,4.806981172240506,0.2431698588090856,4.821247887174636,0.1880045653520988
0.3151553540333161,0.056949519982757435,3.8174784761895797,-3.817903241047104,94,4.808975400425864,0.24368560128503747,4.823234421470046,0.188550057893065
0.31721519294856654,0.056918791131363236,3.8154186372756276,-3.8158431729368005,94,4.810969628611224,0.24420134376098937,4.825220955765468,0.1890955504339857
0.31927503186381695,0.0568880622800161,3.8133587983616763,-3.813783104826498,94,4.812963856796582,0.24471708623694127,4.827207490060902,0.18964104297486087
0.32133487077906736,0.05685733342871609,3.8112989594477282,-3.8117230367161965,94,4.8149580849819404,0.24523282871289315,4.829194024356347,0.19018653551569037
0.3233947096943178,0.05682660457746332,3.809239120533781,-3.8096629686058954,94,4.816952313167299,0.24574857118884505,4.831180558651805,0.19073202805647418
0.3254545486095682,0.05679587572625789,3.8071792816198364,-3.807602900495595,94,4.818946541352658,0.24626431366479695,4.833167092947274,0.19127752059721215
0.3275143875248186,0.05676514687509987,3.8051194427058928,-3.8055428323852953,94,4.820940769538017,0.24678005614074883,4.8351536272427555,0.1918230131379042
0.329574226440069,0.05673441802398936,3.8030596037919517,-3.8034827642749964,94,4.822934997723375,0.24729579861670076,4.837140161538248,0.1923685056785503
0.3316340653553194,0.05670368917292646,3.800999764878012,-3.8014226961646984,94,4.824929225908734,0.24781154109265263,4.8391266958337535,0.19291399821915026
0.33369390427056983,0.056672960321911256,3.7989399259640746,-3.799362628054401,94,4.826923454094093,0.24832728356860453,4.84111323012927,0.19345949075970406
0.33575374318582024,0.05664223147094385,3.7968800870501394,-3.797302559944104,94,4.828917682279451,0.24884302604455644,4.843099764424799,0.1940049833002116
0.33781358210107065,0.056611502620024345,3.7948202481362054,-3.795242491833808,94,4.83091191046481,0.2493587685205083,4.845086298720339,0.1945504758406727
0.33987342101632106,0.05658077376915282,3.7927604092222724,-3.7931824237235126,94,4.832906138650169,0.24987451099646021,4.847072833015893,0.1950959683810874
0.3419332599315715,0.05655004491832934,3.790700570308342,-3.791122355613218,94,4.8349003668355275,0.2503902534724121,4.849059367311458,0.1956414609214556
0.3439930988468219,0.05651931606755403,3.7886407313944144,-3.789062287502924,94,4.836894595020886,0.250905995948364,4.851045901607034,0.1961869534617771
0.3460529377620723,0.056488587216826994,3.786580892480488,-3.787002219392631,94,4.838888823206245,0.2514217384243159,4.853032435902624,0.19673244600205195
0.3481127766773227,0.05645785836614831,3.784521053566563,-3.7849421512823382,94,4.840883051391604,0.2519374809002678,4.855018970198225,0.19727793854227993
0.3501726155925731,0.056427129515518086,3.78246121465264,-3.7828820831720464,94,4.842877279576962,0.25245322337621967,4.857005504493838,0.19782343108246098
0.35223245450782353,0.056396400664936404,3.780401375738719,-3.7808220150617555,94,4.844871507762321,0.25296896585217155,4.858992038789463,0.19836892362259506
0.35429229342307395,0.056365671814403356,3.7783415368248,-3.778761946951465,94,4.84686573594768,0.2534847083281235,4.860978573085101,0.19891441616268207
0.35635213233832436,0.05633494296391904,3.7762816979108833,-3.7767018788411755,94,4.848859964133038,0.25400045080407535,4.862965107380751,0.19945990870272187
0.35841197125357477,0.056304214113483554,3.774221858996968,-3.774641810730887,94,4.850854192318397,0.2545161932800273,4.864951641676413,0.20000540124271446
0.3604718101688252,0.05627348526309701,3.7721620200830546,-3.7725817426205985,94,4.852848420503756,0.25503193575597916,4.866938175972088,0.20055089378265958
0.3625316490840756,0.05624275641275946,3.7701021811691433,-3.770521674510311,94,4.8548426486891145,0.25554767823193103,4.868924710267774,0.2010963863225573
0.364591487999326,0.05621202756247104,3.7680423422552334,-3.7684616064000247,94,4.856836876874473,0.25606342070788296,4.870911244563473,0.2016418788624075
0.3666513269145764,0.05618129871223182,3.7659825033413257,-3.7664015382897387,94,4.858831105059831,0.25657916318383484,4.872897778859184,0.20218737140221
0.3687111658298268,0.05615056986204192,3.7639226644274206,-3.7643414701794535,94,4.860825333245191,0.25709490565978677,4.874884313154908,0.20273286394196482
0.37077100474507724,0.05611984101190143,3.7618628255135165,-3.7622814020691693,94,4.862819561430549,0.25761064813573864,4.876870847450644,0.20327835648167175
0.37283084366032765,0.05608911216181043,3.759802986599614,-3.7602213339588855,94,4.864813789615908,0.2581263906116905,4.878857381746392,0.20382384902133074
0.37489068257557806,0.056058383311769024,3.7577431476857135,-3.7581612658486026,94,4.866808017801267,0.2586421330876424,4.880843916042153,0.20436934156094175
0.37695052149082847,0.0560276544617773,3.7556833087718156,-3.7561011977383205,94,4.868802245986625,0.2591578755635943,4.882830450337926,0.2049148341005047
0.3790103604060789,0.05599692561183538,3.7536234698579194,-3.754041129628039,94,4.870796474171984,0.2596736180395462,4.884816984633711,0.20546032664001937
0.3810701993213293,0.05596619676194333,3.751563630944024,-3.7519810615177582,94,4.872790702357342,0.2601893605154981,4.88680351892951,0.20600581917948582
0.3831300382365797,0.05593546791210127,3.7495037920301324,-3.7499209934074784,94,4.874784930542702,0.26070510299145,4.88879005322532,0.2065513117189038
0.3851898771518301,0.055904739062309285,3.747443953116241,-3.747860925297199,94,4.87677915872806,0.2612208454674019,4.8907765875211435,0.20709680425827334
0.38724971606708053,0.05587401021256748,3.745384114202352,-3.7458008571869206,94,4.878773386913418,0.26173658794335375,4.892763121816979,0.20764229679759427
0.38930955498233094,0.055843281362875946,3.7433242752884652,-3.743740789076643,94,4.880767615098778,0.2622523304193057,4.894749656112828,0.2081877893368666
0.39136939389758135,0.05581255251323478,3.74126443637458,-3.741680720966366,94,4.882761843284136,0.26276807289525755,4.896736190408689,0.20873328187609008
0.39342923281283176,0.05578182366364409,3.7392045974606964,-3.7396206528560896,94,4.884756071469495,0.2632838153712095,4.898722724704562,0.2092787744152648
0.3954890717280822,0.05575109481410395,3.737144758546815,-3.737560584745814,94,4.886750299654853,0.26379955784716136,4.900709259000448,0.2098242669543905
0.3975489106433326,0.05572036596461449,3.735084919632936,-3.7355005166355393,94,4.888744527840212,0.26431530032311323,4.902695793296347,0.21036975949346712
0.399608749558583,0.05568963711517579,3.7330250807190577,-3.7334404485252652,94,4.890738756025571,0.26483104279906516,4.904682327592259,0.21091525203249464
0.4016685884738334,0.05565890826578794,3.7309652418051824,-3.731380380414992,94,4.892732984210929,0.26534678527501704,4.906668861888183,0.2114607445714729
0.4037284273890838,0.05562817941645106,3.7289054028913085,-3.7293203123047194,94,4.894727212396289,0.2658625277509689,4.908655396184121,0.2120062371104018
0.40578826630433423,0.05559745056716524,3.7268455639774367,-3.7272602441944476,94,4.896721440581647,0.26637827022692084,4.910641930480071,0.21255172964928135
0.40784810521958464,0.055566721717930576,3.724785725063567,-3.7252001760841766,94,4.8987156687670055,0.2668940127028727,4.912628464776033,0.2130972221881113
0.40990794413483506,0.05553599286874719,3.7227258861496995,-3.7231401079739066,94,4.900709896952364,0.2674097551788246,4.9146149990720085,0.2136427147268916
0.41196778305008547,0.055505264019615155,3.7206660472358335,-3.721080039863637,94,4.902704125137723,0.2679254976547765,4.916601533367998,0.21418820726562227
0.4140276219653359,0.05547453517053458,3.718606208321969,-3.7190199717533683,94,4.904698353323082,0.2684412401307284,4.918588067663999,0.214733699804303
0.4160874608805863,0.055443806321505536,3.7165463694081065,-3.7169599036431005,94,4.90669258150844,0.26895698260668033,4.920574601960013,0.21527919234293397
0.4181472997958367,0.055413077472528174,3.7144865304942467,-3.7148998355328335,94,4.908686809693799,0.2694727250826322,4.922561136256039,0.2158246848815148
0.4202071387110871,0.05538234862360257,3.7124266915803883,-3.712839767422567,94,4.910681037879158,0.2699884675585841,4.92454767055208,0.21637017742004552
0.4222669776263375,0.05535161977472883,3.7103668526665317,-3.7107796993123014,94,4.912675266064516,0.27050421003453595,4.926534204848133,0.21691566995852607
0.42432681654158794,0.05532089092590703,3.7083070137526772,-3.7087196312020367,94,4.914669494249875,0.2710199525104879,4.928520739144199,0.21746116249695635
0.42638665545683835,0.05529016207713729,3.706247174838824,-3.706659563091773,94,4.916663722435234,0.27153569498643976,4.930507273440279,0.21800665503533617
0.42844649437208876,0.05525943322521408,3.704187335838948,-3.704599494981462,95,4.9186579506205925,0.2720514374623917,4.932493807735568,0.2185521475767691
0.43050633328733917,0.05522870437242114,3.7021274969003697,-3.702539426871138,95,4.920652178805951,0.27256717993834356,4.934480342030639,0.21909764011904398
0.4325661722025896,0.05519797551941213,3.7000676579793277,-3.7004793587608105,95,4.922646406991309,0.27308292241429544,4.936466876325657,0.21964313266152805
0.43462601111784,0.05516724666637411,3.6980078190633003,-3.6984192906504827,95,4.924640635176669,0.27359866489024737,4.938453410620668,0.22018862520404026
0.4366858500330904,0.05513651781336062,3.6959479801487065,-3.6963592225401554,95,4.926634863362027,0.27411440736619924,4.940439944915684,0.22073411774652868
0.4387456889483408,0.05510578896038704,3.6938881412345235,-3.6942991544298285,95,4.928629091547386,0.2746301498421511,4.94242647921071,0.22127961028897847
0.44080552786359123,0.05507506010745783,3.69182830232046,-3.6922390863195025,95,4.930623319732745,0.27514589231810305,4.944413013505749,0.22182510283138532
0.44286536677884164,0.0550443312545743,3.6897684634064305,-3.690179018209177,95,4.932617547918103,0.2756616347940549,4.946399547800798,0.22237059537374793
0.44492520569409205,0.05501360240173693,3.687708624492414,-3.6881189500988523,95,4.934611776103462,0.2761773772700068,4.948386082095858,0.22291608791606582
0.44698504460934246,0.0549828735489459,3.6856487855783997,-3.686058881988528,95,4.93660600428882,0.2766931197459587,4.95037261639093,0.22346158045833892
0.4490448835245929,0.05495214469620132,3.6835889466643894,-3.6839988138782047,95,4.93860023247418,0.2772088622219106,4.952359150686015,0.22400707300056696
0.4511047224398433,0.05492141584350329,3.681529107750381,-3.6819387457678823,95,4.940594460659538,0.27772460469786253,4.95434568498111,0.22455256554275002
0.4531645613550937,0.05489068699085192,3.6794692688363737,-3.6798786776575603,95,4.942588688844896,0.2782403471738144,4.956332219276217,0.22509805808488784
0.4552244002703441,0.0548599581382473,3.677409429922369,-3.677818609547239,95,4.944582917030255,0.2787560896497663,4.958318753571336,0.2256435506269804
0.4572842391855945,0.05482922928568952,3.675349591008366,-3.6757585414369185,95,4.946577145215614,0.27927183212571816,4.9603052878664675,0.22618904316902763
0.45934407810084493,0.054798500433178673,3.673289752094364,-3.6736984733265987,95,4.948571373400973,0.2797875746016701,4.9622918221616095,0.22673453571102947
0.46140391701609534,0.05476777158071484,3.6712299131803645,-3.6716384052162794,95,4.950565601586331,0.28030331707762196,4.964278356456763,0.2272800282529857
0.46346375593134576,0.054737042728298116,3.669170074266366,-3.669578337105961,95,4.95255982977169,0.2808190595535739,4.96626489075193,0.22782552079489643
0.46552359484659617,0.05470631387592859,3.6671102353523697,-3.6675182689956434,95,4.954554057957049,0.28133480202952577,4.968251425047107,0.22837101333676138
0.4675834337618466,0.05467558502360636,3.6650503964383754,-3.6654582008853263,95,4.956548286142407,0.28185054450547764,4.970237959342297,0.22891650587858056
0.469643272677097,0.054644856171331524,3.662990557524383,-3.66339813277501,95,4.958542514327766,0.28236628698142957,4.972224493637498,0.2294619984203539
0.4717031115923474,0.05461412731910416,3.6609307186103903,-3.6613380646646942,95,4.960536742513125,0.28288202945738145,4.9742110279327125,0.23000749096208123
0.4737629505075978,0.05458339846692435,3.6588708796964013,-3.6592779965543794,95,4.9625309706984835,0.2833977719333333,4.976197562227937,0.23055298350376252
0.4758227894228482,0.05455266961479223,3.656811040782414,-3.6572179284440653,95,4.964525198883842,0.28391351440928525,4.978184096523174,0.23109847604539768
0.47788262833809864,0.05452194076270788,3.6547512018684287,-3.655157860333752,95,4.966519427069201,0.2844292568852371,4.980170630818424,0.23164396858698655
0.47994246725334905,0.05449121191067138,3.652691362954444,-3.653097792223439,95,4.96851365525456,0.284944999361189,4.982157165113685,0.2321894611285291
0.48200230616859946,0.054460483058682826,3.650631524040462,-3.651037724113127,95,4.970507883439918,0.28546074183714093,4.984143699408958,0.23273495367002528
0.48406214508384987,0.054429754206742315,3.6485716851264813,-3.6489776560028155,95,4.9725021116252766,0.2859764843130928,4.986130233704243,0.23328044621147487
0.4861219839991003,0.05439902535484993,3.646511846212502,-3.646917587892505,95,4.974496339810636,0.28649222678904473,4.988116767999541,0.23382593875287794
0.4881818229143507,0.054368296503005786,3.644452007298526,-3.644857519782195,95,4.976490567995994,0.2870079692649966,4.99010330229485,0.23437143129423427
0.4902416618296011,0.054337567651209964,3.64239216838455,-3.642797451671886,95,4.978484796181353,0.2875237117409485,4.992089836590171,0.2349169238355438
0.4923015007448515,0.05430683879946255,3.6403323294705765,-3.6407373835615777,95,4.980479024366712,0.28803945421690036,4.994076370885505,0.23546241637680645
0.49436133966010193,0.05427610994776364,3.638272490556605,-3.63867731545127,95,4.9824732525520705,0.2885551966928523,4.996062905180851,0.2360079089180222
0.49642117857535234,0.05424538109611334,3.636212651642635,-3.636617247340963,95,4.984467480737429,0.28907093916880416,4.998049439476208,0.23655340145919085
0.49848101749060275,0.05421465224451174,3.634152812728667,-3.6345571792306566,95,4.986461708922787,0.2895866816447561,5.0000359737715785,0.2370988940003124
0.5005408564058532,0.054183923392958945,3.6320929738147,-3.632497111120351,95,4.988455937108147,0.29010242412070797,5.002022508066961,0.23764438654138664
0.5026006953211036,0.05415319454145505,3.630033134900736,-3.6304370430100463,95,4.990450165293505,0.29061816659665984,5.004009042362355,0.23818987908241354
0.504660534236354,0.05412246569000013,3.6279732959867728,-3.628376974899742,95,4.992444393478864,0.2911339090726118,5.005995576657762,0.2387353716233931
0.5067203731516045,0.05409173683859429,3.6259134570728118,-3.6263169067894387,95,4.994438621664223,0.2916496515485637,5.007982110953182,0.2392808641643251
0.5087802120668549,0.05406100798723764,3.6238536181588525,-3.6242568386791363,95,4.996432849849581,0.2921653940245156,5.009968645248613,0.23982635670520944
0.5108400509821053,0.05403027913593027,3.621793779244896,-3.6221967705688343,95,4.99842707803494,0.29268113650046745,5.0119551795440564,0.2403718492460461
0.5128998898973557,0.053999550284672265,3.6197339403309394,-3.620136702458533,95,5.000421306220298,0.29319687897641933,5.013941713839513,0.24091734178683494
0.5149597288126061,0.05396882143346373,3.617674101416986,-3.618076634348233,95,5.002415534405658,0.2937126214523712,5.015928248134982,0.24146283432757587
0.5170195677278565,0.05393809258230475,3.6156142625030334,-3.616016566237933,95,5.004409762591016,0.29422836392832313,5.017914782430463,0.2420083268682689
0.5190794066431069,0.05390736373119544,3.6135544235890826,-3.613956498127634,95,5.006403990776374,0.29474410640427506,5.019901316725956,0.24255381940891385
0.5211392455583573,0.053876634880135874,3.6114945846751345,-3.611896430017336,95,5.008398218961734,0.29525984888022694,5.021887851021462,0.24309931194951057
0.5231990844736077,0.05384590602912617,3.6094347457611877,-3.6098363619070386,95,5.010392447147092,0.2957755913561788,5.02387438531698,0.243644804490059
0.5252589233888582,0.05381517717816641,3.6073749068472427,-3.607776293796742,95,5.012386675332451,0.2962913338321307,5.02586091961251,0.2441902970305591
0.5273187623041086,0.05378444832725671,3.6053150679333004,-3.605716225686446,95,5.014380903517809,0.2968070763080826,5.027847453908054,0.24473578957101078
0.529378601219359,0.05375371947639716,3.6032552290193585,-3.6036561575761508,95,5.016375131703168,0.2973228187840345,5.0298339882036105,0.24528128211141387
0.5314384401346094,0.05372299062558786,3.6011953901054192,-3.6015960894658563,95,5.018369359888527,0.2978385612599864,5.031820522499179,0.24582677465176836
0.5334982790498598,0.0536922617748289,3.5991355511914818,-3.5995360213555627,95,5.020363588073885,0.2983543037359383,5.0338070567947595,0.24637226719207406
0.5355581179651102,0.05366153292412038,3.5970757122775456,-3.5974759532452696,95,5.022357816259245,0.2988700462118902,5.0357935910903535,0.2469177597323309
0.5376179568803606,0.0536308040734624,3.5950158733636113,-3.5954158851349773,95,5.024352044444603,0.29938578868784205,5.03778012538596,0.24746325227253885
0.539677795795611,0.053600075222855044,3.5929560344496787,-3.593355817024686,95,5.0263462726299615,0.299901531163794,5.039766659681578,0.2480087448126978
0.5417376347108614,0.05356934637229843,3.590896195535749,-3.5912957489143955,95,5.02834050081532,0.30041727363974585,5.04175319397721,0.2485542373528076
0.5437974736261119,0.05353861752179265,3.5888363566218198,-3.5892356808041055,95,5.030334729000679,0.3009330161156978,5.043739728272855,0.24909972989286824
0.5458573125413623,0.05350788867133779,3.586776517707892,-3.5871756126938164,95,5.032328957186038,0.30144875859164966,5.045726262568512,0.2496452224328795
0.5479171514566127,0.053477159820933956,3.584716678793968,-3.585115544583528,95,5.034323185371396,0.30196450106760153,5.0477127968641815,0.2501907149728414
0.5499769903718631,0.05344643097058127,3.5826568398800447,-3.5830554764732403,95,5.036317413556755,0.3024802435435534,5.049699331159865,0.2507362075127538
0.5520368292871135,0.05341570212027981,3.5805970009661228,-3.5809954083629534,95,5.038311641742114,0.30299598601950534,5.0516858654555605,0.2512817000526166
0.5540966682023639,0.05338497327002967,3.578537162052203,-3.5789353402526674,95,5.040305869927472,0.30351172849545727,5.053672399751269,0.2518271925924297
0.5561565071176143,0.053354244419830964,3.576477323138286,-3.576875272142382,95,5.042300098112831,0.30402747097140914,5.05565893404699,0.252372685132193
0.5582163460328647,0.05332351556968378,3.5744174842243694,-3.5748152040320975,95,5.04429432629819,0.304543213447361,5.0576454683427245,0.2529181776719064
0.5602761849481152,0.05329278671958823,3.5723576453104555,-3.5727551359218137,95,5.0462885544835485,0.3050589559233129,5.059632002638471,0.2534636702115698
0.5623360238633656,0.053262057869544396,3.5702978063965425,-3.570695067811531,95,5.048282782668907,0.3055746983992648,5.0616185369342315,0.25400916275118324
0.564395862778616,0.05323132901955238,3.5682379674826312,-3.5686349997012483,95,5.050277010854265,0.3060904408752167,5.063605071230004,0.2545546552907464
0.5664557016938664,0.05320060016961231,3.5661781285687226,-3.5665749315909667,95,5.052271239039625,0.3066061833511686,5.065591605525791,0.25510014783025936
0.5685155406091168,0.05316987131972427,3.564118289654816,-3.564514863480686,95,5.054265467224983,0.3071219258271205,5.06757813982159,0.25564564036972187
0.5705753795243672,0.05313914246988835,3.5620584507409108,-3.562454795370406,95,5.056259695410342,0.3076376683030724,5.069564674117402,0.2561911329091339
0.5726352184396176,0.05310841362010466,3.559998611827008,-3.560394727260127,95,5.0582539235957,0.30815341077902425,5.071551208413227,0.2567366254484954
0.574695057354868,0.05307768477037332,3.5579387729131056,-3.5583346591498484,95,5.060248151781059,0.3086691532549762,5.073537742709066,0.25728211798780626
0.5767548962701184,0.05304695592069441,3.5558789339992067,-3.5562745910395708,95,5.062242379966418,0.30918489573092806,5.075524277004917,0.25782761052706626
0.5788147351853689,0.05301622707106804,3.553819095085309,-3.554214522929294,95,5.064236608151776,0.30970063820688,5.077510811300781,0.25837310306627553
0.5808745741006193,0.052985498221494294,3.5517592561714126,-3.5521544548190183,95,5.066230836337136,0.31021638068283186,5.07949734559666,0.25891859560543373
0.5829344130158697,0.052954769371973284,3.5496994172575183,-3.550094386708743,95,5.068225064522494,0.31073212315878374,5.08148387989255,0.2594640881445409
0.5849942519311201,0.05292404052250512,3.5476395783436256,-3.5480343185984684,95,5.070219292707852,0.3112478656347356,5.083470414188454,0.2600095806835969
0.5870540908463705,0.052893311673089895,3.5455797394297357,-3.545974250488195,95,5.072213520893211,0.31176360811068754,5.085456948484372,0.26055507322260174
0.5891139297616209,0.05286258282372772,3.543519900515847,-3.543914182377922,95,5.07420774907857,0.31227935058663947,5.087443482780303,0.2611005657615552
0.5911737686768713,0.05283185397441869,3.5414600616019603,-3.54185411426765,95,5.076201977263929,0.31279509306259135,5.089430017076247,0.2616460583004572
0.5932336075921217,0.05280112512516292,3.539400222688075,-3.5397940461573785,95,5.078196205449287,0.3133108355385432,5.0914165513722045,0.26219155083930756
0.5952934465073721,0.052770396275960495,3.5373403837741924,-3.537733978047108,95,5.080190433634646,0.3138265780144951,5.093403085668176,0.26273704337810627
0.5973532854226226,0.05273966742681152,3.535280544860311,-3.5356739099368384,95,5.082184661820005,0.314342320490447,5.09538961996416,0.26328253591685336
0.599413124337873,0.05270893857771611,3.5332207059464316,-3.5336138418265697,95,5.084178890005363,0.3148580629663989,5.097376154260157,0.2638280284555485
0.6014729632531234,0.05267820972867436,3.5311608670325536,-3.5315537737163014,95,5.086173118190722,0.31537380544235083,5.099362688556168,0.2643735209941917
0.6035328021683738,0.052647480879686376,3.5291010281186783,-3.529493705606034,95,5.088167346376081,0.3158895479183027,5.1013492228521935,0.2649190135327828
0.6055926410836242,0.05261675203075227,3.527041189204805,-3.5274336374957675,95,5.0901615745614395,0.3164052903942546,5.103335757148231,0.26546450607132177
0.6076524799988746,0.05258602318187214,3.5249813502909326,-3.525373569385502,95,5.092155802746798,0.31692103287020645,5.105322291444282,0.2660099986098085
0.609712318914125,0.05255529433304609,3.5229215113770627,-3.5233135012752372,95,5.094150030932157,0.3174367753461584,5.107308825740348,0.2665554911482429
0.6117721578293754,0.052524565484274234,3.520861672463194,-3.521253433164973,95,5.096144259117516,0.31795251782211026,5.109295360036426,0.26710098368662477
0.6138319967446259,0.05249383663555665,3.518801833549327,-3.5191933650547096,95,5.098138487302874,0.3184682602980622,5.111281894332518,0.2676464762249542
0.6158918356598763,0.05246310778689346,3.5167419946354626,-3.517133296944447,95,5.1001327154882325,0.31898400277401406,5.113268428628624,0.26819196876323087
0.6179516745751267,0.05243237893828477,3.5146821557216006,-3.5150732288341855,95,5.102126943673592,0.31949974524996594,5.115254962924744,0.26873746130145476
0.6200115134903771,0.05240165008973069,3.51262231680774,-3.5130131607239248,95,5.10412117185895,0.3200154877259178,5.117241497220877,0.2692829538396258
0.6220713524056275,0.052370921237839485,3.510562477807613,-3.5109530926136143,96,5.106115400044309,0.32053123020186974,5.119228031516174,0.26982844638102776
0.6241311913208779,0.052340192385064335,3.5085026388698934,-3.5088930245032905,96,5.108109628229668,0.3210469726778217,5.1212145658112505,0.27037393892328543
0.6261910302361283,0.05230946353208083,3.50644279994935,-3.5068329563929637,96,5.1101038564150265,0.32156271515377355,5.123201100106274,0.2709194314657448
0.6282508691513787,0.052278734679074984,3.504382961033532,-3.5047728882826363,96,5.112098084600385,0.3220784576297254,5.125187634401293,0.27146492400822586
0.6303107080666291,0.05224800582609802,3.5023231221190145,-3.5027128201723094,96,5.114092312785743,0.3225942001056773,5.127174168696318,0.2720104165506789
0.6323705469818796,0.05221727697316412,3.500263283204856,-3.5006527520619835,96,5.116086540971103,0.32310994258162923,5.1291607029913555,0.2725559090930903
0.63443038589713,0.052186548120277225,3.4982034442907968,-3.498592683951658,96,5.118080769156461,0.3236256850575811,5.131147237286403,0.27310140163545615
0.6364902248123804,0.052155819267438494,3.4961436053767665,-3.4965326158413332,96,5.12007499734182,0.32414142753353303,5.1331337715814636,0.27364689417777543
0.6385500637276308,0.05212509041464832,3.4940837664627455,-3.4944725477310095,96,5.122069225527179,0.3246571700094849,5.135120305876537,0.27419238672004764
0.6406099026428812,0.052094361561906895,3.492023927548728,-3.492412479620686,96,5.124063453712537,0.3251729124854368,5.137106840171621,0.27473787926227267
0.6426697415581316,0.05206363270921433,3.4899640886347134,-3.4903524115103637,96,5.126057681897896,0.32568865496138866,5.139093374466718,0.27528337180445034
0.644729580473382,0.05203290385657072,3.4879042497206996,-3.4882923434000417,96,5.128051910083254,0.3262043974373406,5.141079908761827,0.2758288643465807
0.6467894193886324,0.052002175003976164,3.485844410806688,-3.4862322752897206,96,5.1300461382686136,0.32672013991329246,5.143066443056949,0.2763743568886635
0.6488492583038828,0.051971446151430734,3.483784571892678,-3.4841722071794003,96,5.132040366453972,0.3272358823892444,5.145052977352083,0.27691984943069886
0.6509090972191333,0.051940717298934555,3.48172473297867,-3.4821121390690806,96,5.13403459463933,0.32775162486519627,5.147039511647228,0.27746534197268646
0.6529689361343837,0.05190998844648771,3.4796648940646633,-3.4800520709587617,96,5.13602882282469,0.32826736734114814,5.149026045942388,0.27801083451462627
0.6550287750496341,0.051879259594090316,3.477605055150659,-3.4779920028484437,96,5.138023051010048,0.3287831098171,5.151012580237558,0.27855632705651817
0.6570886139648845,0.05184853074174244,3.4755452162366547,-3.475931934738126,96,5.140017279195407,0.32929885229305195,5.152999114532741,0.2791018195983622
0.6591484528801349,0.05181780188944419,3.4734853773226533,-3.4738718666278094,96,5.142011507380765,0.3298145947690039,5.154985648827936,0.27964731214015826
0.6612082917953853,0.05178707303719568,3.471425538408654,-3.4718117985174937,96,5.144005735566124,0.33033033724495575,5.156972183123146,0.28019280468190605
0.6632681307106357,0.051756344184996986,3.469365699494656,-3.4697517304071783,96,5.145999963751483,0.3308460797209076,5.158958717418366,0.2807382972236056
0.6653279696258861,0.05172561533284821,3.4673058605806593,-3.467691662296864,96,5.147994191936841,0.3313618221968595,5.160945251713598,0.28128378976525686
0.6673878085411366,0.05169488648074945,3.4652460216666645,-3.4656315941865503,96,5.149988420122201,0.33187756467281143,5.162931786008845,0.2818292823068597
0.669447647456387,0.051664157628700795,3.463186182752671,-3.463571526076237,96,5.151982648307559,0.3323933071487633,5.1649183203041025,0.28237477484841406
0.6715074863716374,0.05163342877670236,3.4611263438386803,-3.461511457965925,96,5.1539768764929175,0.33290904962471524,5.166904854599373,0.28292026738991977
0.6735673252868878,0.05160269992475424,3.459066504924691,-3.4594513898556136,96,5.155971104678276,0.3334247921006671,5.168891388894656,0.28346575993137674
0.6756271642021382,0.05157197107285653,3.457006666010703,-3.4573913217453027,96,5.157965332863635,0.333940534576619,5.170877923189953,0.2840112524727849
0.6776870031173886,0.05154124222100932,3.4549468270967165,-3.4553312536349927,96,5.159959561048994,0.33445627705257086,5.172864457485261,0.2845567450141442
0.679746842032639,0.05151051336921271,3.4528869881827315,-3.4532711855246836,96,5.161953789234352,0.3349720195285228,5.174850991780582,0.28510223755545455
0.6818066809478894,0.0514797845174668,3.4508271492687483,-3.4512111174143754,96,5.163948017419711,0.33548776200447467,5.176837526075917,0.28564773009671574
0.6838665198631398,0.05144905566577168,3.4487673103547674,-3.4491510493040676,96,5.16594224560507,0.3360035044804266,5.178824060371263,0.28619322263792785
0.6859263587783903,0.051418326814127474,3.446707471440788,-3.4470909811937607,96,5.167936473790428,0.33651924695637847,5.180810594666622,0.2867387151790906
0.6879861976936407,0.05138759796253427,3.444647632526811,-3.4450309130834547,96,5.169930701975787,0.33703498943233035,5.182797128961994,0.28728420772020397
0.6900460366088911,0.05135686911099216,3.4425877936128346,-3.442970844973149,96,5.171924930161146,0.3375507319082822,5.18478366325738,0.28782970026126786
0.6921058755241415,0.05132614025950124,3.44052795469886,-3.4409107768628444,96,5.1739191583465045,0.33806647438423415,5.186770197552778,0.28837519280228224
0.6941657144393919,0.05129541140806161,3.4384681157848873,-3.4388507087525406,96,5.175913386531863,0.3385822168601861,5.188756731848188,0.288920685343247
0.6962255533546423,0.05126468255667339,3.4364082768709165,-3.4367906406422377,96,5.177907614717221,0.33909795933613796,5.190743266143611,0.2894661778841619
0.6982853922698927,0.05123395370533665,3.434348437956948,-3.4347305725319353,96,5.179901842902581,0.33961370181208983,5.192729800439048,0.29001167042502696
0.7003452311851431,0.05120322485405151,3.43228859904298,-3.4326705044216337,96,5.181896071087939,0.3401294442880417,5.194716334734498,0.2905571629658421
0.7024050701003935,0.051172496002818056,3.4302287601290145,-3.430610436311333,96,5.183890299273298,0.3406451867639936,5.196702869029959,0.29110265550660713
0.704464909015644,0.05114176715163641,3.4281689212150512,-3.428550368201033,96,5.185884527458656,0.3411609292399455,5.198689403325434,0.29164814804732214
0.7065247479308944,0.05111103830050666,3.4261090823010885,-3.426490300090734,96,5.187878755644015,0.34167667171589744,5.200675937620923,0.29219364058798686
0.7085845868461448,0.0510803094494289,3.424049243387128,-3.4244302319804354,96,5.189872983829374,0.3421924141918493,5.202662471916424,0.29273913312860117
0.7106444257613952,0.05104958059840324,3.421989404473169,-3.422370163870138,96,5.191867212014732,0.3427081566678012,5.204649006211938,0.2932846256691651
0.7127042646766456,0.051018851747429775,3.419929565559212,-3.420310095759841,96,5.1938614402000916,0.34322389914375306,5.206635540507466,0.29383011820967847
0.714764103591896,0.05098812289650861,3.417869726645257,-3.418250027649545,96,5.19585566838545,0.343739641619705,5.2086220748030065,0.29437561075014124
0.7168239425071464,0.05095739404563984,3.4158098877313026,-3.4161899595392495,96,5.197849896570808,0.34425538409565687,5.21060860909856,0.2949211032905532
0.7188837814223968,0.050926665194823556,3.4137500488173504,-3.414129891428955,96,5.199844124756167,0.3447711265716088,5.212595143394126,0.2954665958309145
0.7209436203376473,0.05089593634405989,3.411690209903401,-3.4120698233186615,96,5.201838352941526,0.3452868690475607,5.214581677689707,0.2960120883712247
0.7230034592528977,0.050865207493348934,3.4096303709894524,-3.4100097552083684,96,5.203832581126885,0.34580261152351255,5.216568211985299,0.296557580911484
0.7250632981681481,0.050834478642690785,3.4075705320755065,-3.407949687098076,96,5.205826809312243,0.3463183539994644,5.218554746280906,0.29710307345169207
0.7271231370833985,0.05080374979208555,3.405510693161561,-3.4058896189877848,96,5.207821037497602,0.34683409647541635,5.2205412805765254,0.29764856599184897
0.7291829759986489,0.05077302094153331,3.4034508542476174,-3.4038295508774943,96,5.209815265682961,0.3473498389513683,5.222527814872159,0.2981940585319546
0.7312428149138993,0.050742292091034195,3.401391015333676,-3.4017694827672043,96,5.211809493868319,0.34786558142732016,5.224514349167804,0.2987395510720087
0.7333026538291497,0.050711563240588294,3.399331176419736,-3.399709414656915,96,5.213803722053678,0.34838132390327203,5.226500883463463,0.2992850436120113
0.7353624927444001,0.0506808343901957,3.397271337505798,-3.397649346546627,96,5.215797950239037,0.3488970663792239,5.228487417759137,0.2998305361519623
0.7374223316596505,0.05065010553985654,3.395211498591862,-3.3955892784363395,96,5.2177921784243955,0.3494128088551758,5.2304739520548225,0.3003760286918616
0.739482170574901,0.050619376689570915,3.3931516596779274,-3.393529210326053,96,5.219786406609754,0.3499285513311277,5.232460486350522,0.30092152123170907
0.7415420094901514,0.050588647839338904,3.3910918207639944,-3.391469142215767,96,5.221780634795113,0.35044429380707964,5.234447020646236,0.30146701377150464
0.7436018484054018,0.05055791898916064,3.3890319818500636,-3.389409074105482,96,5.223774862980472,0.3509600362830315,5.236433554941962,0.30201250631124815
0.7456616873206522,0.050527190139036206,3.3869721429361337,-3.3873490059951976,96,5.22576909116583,0.3514757787589834,5.238420089237701,0.30255799885093954
0.7477215262359026,0.05049646128896571,3.3849123040222064,-3.3852889378849143,96,5.2277633193511885,0.35199152123493527,5.240406623533455,0.3031034913905787
0.749781365151153,0.05046573243894927,3.3828524651082805,-3.3832288697746318,96,5.229757547536548,0.3525072637108872,5.242393157829222,0.30364898393016554
0.7518412040664034,0.05043500358898697,3.3807926261943564,-3.3811688016643497,96,5.231751775721906,0.3530230061868391,5.244379692125003,0.3041944764697
0.7539010429816538,0.05040427473907892,3.3787327872804336,-3.3791087335540686,96,5.233746003907265,0.353538748662791,5.246366226420797,0.3047399690091819
0.7559608818969042,0.05037354588922523,3.376672948366513,-3.3770486654437883,96,5.235740232092624,0.3540544911387429,5.248352760716605,0.30528546154861114
0.7580207208121547,0.050342817039426,3.3746131094525946,-3.374988597333509,96,5.2377344602779825,0.35457023361469475,5.250339295012426,0.3058309540879877
0.7600805597274051,0.050312088189681345,3.372553270538677,-3.3729285292232305,96,5.239728688463341,0.3550859760906466,5.252325829308261,0.3063764466273114
0.7621403986426555,0.050281359339991366,3.370493431624763,-3.370868461112953,96,5.241722916648699,0.35560171856659856,5.254312363604109,0.3069219391665822
0.7642002375579059,0.05025063049035616,3.368433592710849,-3.3688083930026758,96,5.243717144834059,0.3561174610425505,5.256298897899972,0.3074674317058
0.7662600764731563,0.050219901640775846,3.3663737537969367,-3.3667483248923995,96,5.245711373019417,0.35663320351850236,5.258285432195849,0.30801292424496457
0.7683199153884067,0.050189172791250514,3.3643139148830263,-3.364688256782124,96,5.247705601204776,0.35714894599445424,5.260271966491738,0.3085584167840759
0.7703797543036571,0.050158443941780276,3.362254075969118,-3.3626281886718496,96,5.249699829390135,0.3576646884704061,5.262258500787643,0.309103909323134
0.7724395932189075,0.05012771509236523,3.3601942370552114,-3.360568120561576,96,5.251694057575493,0.358180430946358,5.26424503508356,0.3096494018621386
0.774499432134158,0.050096986243005494,3.3581343981413063,-3.3585080524513033,96,5.253688285760852,0.3586961734223099,5.2662315693794906,0.31019489440108966
0.7765592710494084,0.05006625739370117,3.356074559227404,-3.3564479843410315,96,5.25568251394621,0.35921191589826185,5.268218103675436,0.31074038693998707
0.7786191099646588,0.050035528544452375,3.354014720313503,-3.35438791623076,96,5.2576767421315695,0.3597276583742137,5.270204637971395,0.31128587947883074
0.7806789488799092,0.05000479969525921,3.351954881399603,-3.3523278481204897,96,5.259670970316928,0.3602434008501656,5.272191172267369,0.3118313720176205
0.7827387877951596,0.04997407084612178,3.3498950424857057,-3.35026778001022,96,5.261665198502286,0.36075914332611747,5.274177706563355,0.3123768645563563
0.78479862671041,0.04994334199704019,3.3478352035718095,-3.3482077118999514,96,5.263659426687646,0.3612748858020694,5.276164240859357,0.31292235709503813
0.7868584656256604,0.04991261314801454,3.3457753646579147,-3.3461476437896835,96,5.265653654873004,0.3617906282780213,5.278150775155372,0.3134678496336657
0.7889183045409108,0.04988188429904494,3.343715525744022,-3.3440875756794166,96,5.267647883058363,0.3623063707539732,5.2801373094514,0.3140133421722391
0.7909781434561612,0.04985115545013151,3.341655686830132,-3.3420275075691506,96,5.269642111243721,0.3628221132299251,5.282123843747444,0.314558834710758
0.7930379823714117,0.04982042660127435,3.339595847916243,-3.3399674394588854,96,5.27163633942908,0.36333785570587696,5.2841103780435015,0.3151043272492225
0.7950978212866621,0.049789697752473584,3.3375360090023563,-3.337907371348621,96,5.273630567614439,0.36385359818182883,5.2860969123395725,0.3156498197876324
0.7971576602019125,0.049758968903729286,3.3354761700884707,-3.3358473032383573,96,5.275624795799797,0.36436934065778076,5.288083446635658,0.31619531232598763
0.7992174991171629,0.04972824005504159,3.3334163311745875,-3.3337872351280944,96,5.277619023985157,0.3648850831337327,5.290069980931758,0.3167408048642881
0.8012773380324133,0.0496975112064106,3.331356492260705,-3.3317271670178323,96,5.279613252170515,0.36540082560968457,5.292056515227872,0.3172862974025336
0.8033371769476637,0.049666782357836406,3.3292966533468253,-3.329667098907571,96,5.2816074803558735,0.36591656808563644,5.294043049523999,0.31783178994072414
0.8053970158629141,0.049636053509319135,3.3272368144329465,-3.327607030797311,96,5.283601708541232,0.3664323105615883,5.296029583820141,0.31837728247885955
0.8074568547781645,0.049605324660858895,3.3251769755190703,-3.3255469626870515,96,5.285595936726591,0.3669480530375402,5.2980161181162995,0.3189227750169397
0.809516693693415,0.04957459581245581,3.323117136605196,-3.323486894576793,96,5.28759016491195,0.3674637955134921,5.30000265241247,0.3194682675549646
0.8115765326086654,0.04954386696410998,3.3210572976913233,-3.3214268264665354,96,5.289584393097308,0.36797953798944405,5.301989186708655,0.32001376009293414
0.8136363715239158,0.04951313811222641,3.318997458691001,-3.319366758356225,97,5.2915786212826665,0.3684952804653959,5.303975721003954,0.3205592526343286
0.8156962104391662,0.04948240925944507,3.316937619754176,-3.317306690245901,97,5.293572849468026,0.3690110229413478,5.305962255299029,0.32110474517659227
0.8177560493544166,0.04945168040646381,3.3148777808341237,-3.3152466221355743,97,5.295567077653384,0.3695267654172997,5.307948789594054,0.32165023771904944
0.819815888269667,0.04942095155346708,3.3128179419185018,-3.3131865540252474,97,5.297561305838743,0.3700425078932516,5.309935323889074,0.3221957302615217
0.8218757271849174,0.04939022270050365,3.3107581030040505,-3.311126485914921,97,5.299555534024101,0.3705582503692035,5.311921858184103,0.3227412228039616
0.8239355661001678,0.04935949384758648,3.3086982640899087,-3.309066417804595,97,5.3015497622094605,0.3710739928451554,5.313908392479145,0.32328671534635683
0.8259954050154182,0.049328764994719054,3.30663842517585,-3.30700634969427,97,5.303543990394819,0.3715897353211073,5.315894926774197,0.32383220788870387
0.8280552439306686,0.04929803614190235,3.304578586261815,-3.3049462815839457,97,5.305538218580177,0.37210547779705916,5.317881461069263,0.3243777004310017
0.8301150828459191,0.04926730728913672,3.302518747347786,-3.302886213473622,97,5.307532446765537,0.37262122027301103,5.319867995364342,0.3249231929732502
0.8321749217611695,0.04923657843642232,3.3004589084337606,-3.300826145363299,97,5.309526674950895,0.37313696274896296,5.321854529659434,0.3254686855154491
0.8342347606764199,0.04920584958375926,3.298399069519737,-3.298766077252977,97,5.311520903136254,0.3736527052249149,5.3238410639545375,0.3260141780575983
0.8362945995916703,0.049175120731147645,3.2963392306057155,-3.296706009142656,97,5.313515131321612,0.37416844770086677,5.325827598249655,0.32655967059969765
0.8383544385069207,0.04914439187858758,3.294279391691695,-3.294645941032335,97,5.315509359506971,0.37468419017681864,5.327814132544785,0.32710516314174704
0.8404142774221711,0.04911366302607916,3.2922195527776763,-3.2925858729220154,97,5.31750358769233,0.3751999326527705,5.329800666839928,0.32765065568374646
0.8424741163374215,0.04908293417362249,3.29015971386366,-3.2905258048116965,97,5.319497815877688,0.3757156751287224,5.331787201135084,0.3281961482256958
0.8445339552526719,0.04905220532121767,3.2880998749496446,-3.288465736701378,97,5.3214920440630475,0.3762314176046743,5.3337737354302535,0.328741640767595
0.8465937941679224,0.0490214764688648,3.2860400360356308,-3.2864056685910605,97,5.323486272248406,0.37674716008062625,5.335760269725435,0.32928713330944387
0.8486536330831728,0.04899074761656399,3.283980197121619,-3.284345600480744,97,5.325480500433764,0.37726290255657813,5.33774680402063,0.3298326258512423
0.8507134719984232,0.04896001876431533,3.281920358207609,-3.282285532370428,97,5.327474728619123,0.37777864503253,5.339733338315837,0.33037811839299025
0.8527733109136736,0.04892928991211892,3.2798605192936,-3.2802254642601127,97,5.329468956804482,0.3782943875084819,5.341719872611059,0.3309236109346876
0.854833149828924,0.04889856105997488,3.277800680379593,-3.2781653961497983,97,5.331463184989841,0.3788101299844338,5.343706406906294,0.33146910347633435
0.8568929887441744,0.04886783220788328,3.2757408414655873,-3.2761053280394847,97,5.333457413175199,0.3793258724603857,5.34569294120154,0.3320145960179302
0.8589528276594248,0.048837103355844236,3.2736810025515837,-3.274045259929172,97,5.335451641360558,0.3798416149363376,5.347679475496802,0.3325600885594753
0.8610126665746752,0.048806374503857844,3.271621163637582,-3.2719851918188603,97,5.337445869545917,0.3803573574122895,5.349666009792076,0.33310558110096933
0.8630725054899256,0.04877564565192422,3.269561324723581,-3.269925123708549,97,5.339440097731275,0.38087309988824136,5.351652544087362,0.33365107364241225
0.8651323444051761,0.04874491680004347,3.2675014858095826,-3.2678650555982385,97,5.341434325916634,0.38138884236419324,5.353639078382662,0.334196566183804
0.8671921833204265,0.04871418794821568,3.265441646895585,-3.265804987487929,97,5.343428554101993,0.38190458484014517,5.355625612677976,0.3347420587251445
0.8692520222356769,0.048683459096440944,3.263381807981589,-3.2637449193776202,97,5.3454227822873515,0.3824203273160971,5.3576121469733025,0.33528755126643367
0.8713118611509273,0.048652730244719375,3.2613219690675948,-3.261684851267312,97,5.34741701047271,0.38293606979204897,5.3595986812686425,0.3358330438076713
0.8733717000661777,0.04862200139305108,3.2592621301536027,-3.2596247831570047,97,5.349411238658069,0.38345181226800085,5.361585215563997,0.3363785363488574
0.8754315389814281,0.04859127254143616,3.2572022912396115,-3.257564715046698,97,5.351405466843428,0.3839675547439527,5.363571749859363,0.3369240288899918
0.8774913778966785,0.04856054368987471,3.255142452325622,-3.2555046469363926,97,5.353399695028786,0.3844832972199046,5.365558284154743,0.3374695214310744
0.8795512168119289,0.04852981483836685,3.2530826134116353,-3.253444578826088,97,5.3553939232141445,0.3849990396958565,5.367544818450137,0.3380150139721052
0.8816110557271793,0.048499085986912674,3.2510227744976494,-3.2513845107157837,97,5.357388151399504,0.38551478217180846,5.369531352745544,0.338560506513084
0.8836708946424298,0.04846835713551229,3.248962935583665,-3.2493244426054804,97,5.359382379584862,0.38603052464776033,5.371517887040964,0.33910599905401073
0.8857307335576802,0.0484376282841658,3.2469030966696826,-3.247264374495178,97,5.361376607770221,0.3865462671237122,5.373504421336397,0.3396514915948852
0.8877905724729306,0.048406899432873296,3.2448432577557016,-3.2452043063848763,97,5.36337083595558,0.3870620095996641,5.375490955631846,0.3401969841357075
0.889850411388181,0.048376170581634896,3.242783418841722,-3.2431442382745757,97,5.3653650641409385,0.387577752075616,5.377477489927307,0.3407424766764774
0.8919102503034314,0.048345441730450696,3.2407235799277445,-3.2410841701642754,97,5.367359292326297,0.3880934945515679,5.379464024222781,0.3412879692171948
0.8939700892186818,0.04831471287932082,3.238663741013768,-3.239024102053976,97,5.369353520511655,0.3886092370275198,5.381450558518269,0.3418334617578596
0.8960299281339322,0.04828398402824534,3.236603902099793,-3.2369640339436776,97,5.371347748697015,0.3891249795034717,5.383437092813772,0.34237895429847176
0.8980897670491826,0.04825325517722436,3.2345440631858207,-3.23490396583338,97,5.373341976882373,0.38964072197942357,5.385423627109287,0.3429244468390311
0.900149605964433,0.04822252632625802,3.232484224271849,-3.2328438977230833,97,5.375336205067732,0.39015646445537544,5.387410161404816,0.34346993937953757
0.9022094448796835,0.048191797475346396,3.23042438535788,-3.2307838296127875,97,5.377330433253091,0.39067220693132737,5.389396695700359,0.3440154319199911
0.9042692837949339,0.04816106862448959,3.228364546443912,-3.228723761502492,97,5.379324661438449,0.3911879494072793,5.391383229995915,0.3445609244603916
0.9063291227101843,0.048130339773687726,3.2263047075299447,-3.2266636933921977,97,5.381318889623808,0.3917036918832312,5.393369764291485,0.34510641700073885
0.9083889616254347,0.0480996109229409,3.224244868615981,-3.224603625281904,97,5.383313117809166,0.39221943435918305,5.395356298587069,0.34565190954103275
0.9104488005406851,0.04806888207224922,3.2221850297020174,-3.2225435571716115,97,5.3853073459945255,0.3927351768351349,5.397342832882668,0.34619740208127336
0.9125086394559355,0.048038153221612805,3.2201251907880564,-3.2204834890613196,97,5.387301574179884,0.3932509193110868,5.39932936717828,0.3467428946214604
0.9145684783711859,0.048007424371031754,3.218065351874097,-3.2184234209510287,97,5.389295802365242,0.39376666178703873,5.401315901473905,0.3472883871615939
0.9166283172864363,0.04797669552050616,3.2160055129601393,-3.2163633528407387,97,5.391290030550602,0.39428240426299066,5.403302435769545,0.34783387970167373
0.9186881562016868,0.04794596667003613,3.2139456740461827,-3.214303284730449,97,5.39328425873596,0.39479814673894253,5.405288970065198,0.3483793722416997
0.9207479951169372,0.047915237819621787,3.211885835132228,-3.2122432166201604,97,5.395278486921319,0.3953138892148944,5.407275504360865,0.34892486478167173
0.9228078340321876,0.04788450896926324,3.2098259962182754,-3.2101831485098726,97,5.397272715106677,0.3958296316908463,5.409262038656546,0.34947035732158976
0.924867672947438,0.047853780118960576,3.2077661573043232,-3.2081230803995857,97,5.399266943292036,0.3963453741667982,5.411248572952243,0.35001584986145373
0.9269275118626884,0.04782305126871392,3.2057063183903733,-3.2060630122892997,97,5.401261171477395,0.3968611166427501,5.413235107247951,0.35056134240126346
0.9289873507779388,0.04779232241852335,3.2036464794764252,-3.2040029441790145,97,5.403255399662753,0.397376859118702,5.415221641543674,0.3511068349410189
0.9310471896931892,0.04776159356838901,3.201586640562479,-3.2019428760687303,97,5.405249627848112,0.3978926015946539,5.417208175839412,0.3516523274807199
0.9331070286084396,0.04773086471831098,3.1995268016485343,-3.199882807958447,97,5.407243856033471,0.39840834407060577,5.419194710135164,0.35219782002036637
0.93516686752369,0.04770013586828938,3.1974669627345906,-3.197822739848164,97,5.4092380842188295,0.39892408654655764,5.4211812444309295,0.35274331255995817
0.9372267064389405,0.04766940701832431,3.195407123820649,-3.195762671737882,97,5.411232312404188,0.3994398290225096,5.423167778726709,0.3532888050994953
0.9392865453541909,0.0476386781684159,3.1933472849067095,-3.193702603627601,97,5.413226540589546,0.3999555714984615,5.425154313022503,0.3538342976389776
0.9413463842694413,0.04760794931856423,3.1912874459927707,-3.1916425355173206,97,5.415220768774906,0.4004713139744134,5.427140847318311,0.35437979017840493
0.9434062231846917,0.047577220468769416,3.1892276070788346,-3.189582467407041,97,5.417214996960264,0.40098705645036525,5.429127381614133,0.3549252827177772
0.9454660620999421,0.047546491619031586,3.1871677681648998,-3.1875223992967627,97,5.4192092251456225,0.40150279892631713,5.43111391590997,0.35547077525709425
0.9475259010151925,0.047515762769350836,3.1851079292509668,-3.185462331186485,97,5.421203453330982,0.402018541402269,5.4331004502058216,0.3560162677963561
0.9495857399304429,0.047485033919727276,3.1830480903370346,-3.1834022630762084,97,5.42319768151634,0.40253428387822093,5.435086984501687,0.3565617603355626
0.9516455788456933,0.047454305070161,3.180988251423105,-3.1813421949659326,97,5.425191909701699,0.40305002635417286,5.4370735187975665,0.3571072528747136
0.9537054177609438,0.04742357622065213,3.178928412509177,-3.1792821268556577,97,5.427186137887057,0.40356576883012474,5.43906005309346,0.35765274541380904
0.9557652566761942,0.04739284737120078,3.1768685735952507,-3.1772220587453837,97,5.4291803660724165,0.4040815113060766,5.441046587389369,0.3581982379528488
0.9578250955914446,0.04736211852180706,3.1748087346813256,-3.1751619906351105,97,5.431174594257775,0.4045972537820285,5.443033121685292,0.3587437304918327
0.959884934506695,0.04733138967247107,3.172748895767403,-3.1731019225248382,97,5.433168822443133,0.4051129962579804,5.445019655981229,0.35928922303076083
0.9619447734219454,0.04730066082319294,3.1706890568534813,-3.1710418544145664,97,5.435163050628493,0.4056287387339323,5.447006190277182,0.35983471556963287
0.9640046123371958,0.04726993197397276,3.168629217939561,-3.1689817863042955,97,5.437157278813851,0.4061444812098842,5.448992724573148,0.36038020810844884
0.9660644512524462,0.04723920312481065,3.166569379025643,-3.1669217181940255,97,5.43915150699921,0.4066602236858361,5.450979258869128,0.3609257006472085
0.9681242901676966,0.04720847427570671,3.1645095401117262,-3.1648616500837563,97,5.441145735184568,0.40717596616178797,5.452965793165124,0.3614711931859119
0.970184129082947,0.04717774542666106,3.162449701197811,-3.162801581973488,97,5.443139963369927,0.40769170863773985,5.454952327461134,0.3620166857245589
0.9722439679981975,0.04714701657767381,3.1603898622838984,-3.1607415138632207,97,5.445134191555286,0.4082074511136918,5.456938861757159,0.36256217826314935
0.9743038069134479,0.04711628772874508,3.1583300233699867,-3.158681445752954,97,5.447128419740644,0.4087231935896437,5.458925396053198,0.36310767080168316
0.9763636458286983,0.04708555887987496,3.1562701844560768,-3.1566213776426886,97,5.4491226479260035,0.4092389360655956,5.460911930349252,0.3636531633401602
0.9784234847439487,0.04705483003106357,3.154210345542168,-3.154561309532424,97,5.451116876111362,0.40975467854154746,5.4628984646453205,0.36419865587858036
0.9804833236591991,0.04702410118231102,3.1521505066282614,-3.15250124142216,97,5.45311110429672,0.41027042101749933,5.464884998941404,0.3647441484169436
0.9825431625744495,0.04699337233361743,3.1500906677143568,-3.150441173311897,97,5.455105332482079,0.4107861634934512,5.4668715332375015,0.3652896409552497
0.9846030014896999,0.04696264348498291,3.1480308288004535,-3.148381105201635,97,5.457099560667438,0.41130190596940314,5.468858067533615,0.3658351334934986
0.9866628404049503,0.04693191463640757,3.145970989886552,-3.146321037091374,97,5.459093788852797,0.41181764844535507,5.470844601829743,0.3663806260316903
0.9887226793202007,0.04690118578789153,3.1439111509726523,-3.1442609689811136,97,5.461088017038155,0.41233339092130694,5.472831136125886,0.36692611856982454
0.9907825182354512,0.04687045693943489,3.141851312058754,-3.1422009008708542,97,5.463082245223514,0.4128491333972588,5.474817670422044,0.3674716111079013
0.9928423571507016,0.046839728091037765,3.1397914731448573,-3.1401408327605957,97,5.465076473408873,0.4133648758732107,5.476804204718216,0.36801710364592033
0.994902196065952,0.046808999242700274,3.1377316342309625,-3.138080764650338,97,5.467070701594231,0.4138806183491626,5.478790739014403,0.36856259618388176
0.9969620349812024,0.046778270394422526,3.13567179531707,-3.1360206965400814,97,5.46906492977959,0.4143963608251145,5.480777273310605,0.36910808872178524
0.9990218738964528,0.046747541546204634,3.1336119564031786,-3.1339606284298256,97,5.471059157964949,0.4149121033010664,5.482763807606823,0.3696535812596309
1.0010817128117033,0.046716812698046714,3.1315521174892886,-3.1319005603195706,97,5.4730533861503075,0.4154278457770183,5.484750341903055,0.37019907379741834
1.0031415517269537,0.04668608384994888,3.1294922785754005,-3.1298404922093166,97,5.475047614335666,0.41594358825297023,5.486736876199302,0.37074456633514774
1.0052013906422042,0.04665535499808586,3.1274324395748314,-3.1277804240990066,98,5.477041842521025,0.4164593307289221,5.488723410494607,0.37129005887652233
1.0072612295574546,0.04662462614531036,3.1253726006389178,-3.125720355988683,98,5.479036070706384,0.416975073204874,5.490709944789684,0.37183555141878033
1.009321068472705,0.04659389729234398,3.1233127617193484,-3.1236602878783564,98,5.481030298891742,0.4174908156808259,5.492696479084712,0.3723810439612232
1.0113809073879554,0.04656316843936924,3.121252922803909,-3.1216002197680295,98,5.4830245270771005,0.4180065581567778,5.4946830133797375,0.3729265365036741
1.0134407463032058,0.04653243958643233,3.119193083889513,-3.1195401516577035,98,5.48501875526246,0.41852230063272966,5.496669547674774,0.3734720290460884
1.0155005852184562,0.046501710733545,3.1171332449753826,-3.117480083547378,98,5.487012983447818,0.4190380431086816,5.498656081969822,0.3740175215884547
1.0175604241337066,0.046470981880710284,3.1150734060613194,-3.1154200154370533,98,5.489007211633177,0.41955378558463347,5.500642616264883,0.37456301413077003
1.019620263048957,0.04644025302792902,3.113013567147275,-3.1133599473267295,98,5.491001439818536,0.4200695280605854,5.502629150559958,0.37510850667303364
1.0216801019642074,0.04640952417520152,3.1109537282332367,-3.1112998792164066,98,5.4929956680038945,0.42058527053653727,5.504615684855046,0.37565399921524517
1.0237399408794579,0.04637879532252792,3.1088938893192,-3.109239811106084,98,5.494989896189253,0.42110101301248914,5.506602219150148,0.3761994917574045
1.0257997797947083,0.04634806646990835,3.1068340504051655,-3.1071797429957626,98,5.496984124374611,0.4216167554884411,5.508588753445262,0.37674498429951164
1.0278596187099587,0.0463173376173429,3.104774211491133,-3.105119674885442,98,5.498978352559971,0.42213249796439295,5.510575287740392,0.37729047684156625
1.029919457625209,0.04628660876483168,3.1027143725771014,-3.103059606775122,98,5.500972580745329,0.4226482404403448,5.512561822035534,0.3778359693835684
1.0319792965404595,0.04625587991237478,3.100654533663072,-3.1009995386648033,98,5.502966808930688,0.42316398291629675,5.51454835633069,0.378381461925518
1.03403913545571,0.046225151059972325,3.0985946947490444,-3.0989394705544853,98,5.504961037116047,0.42367972539224863,5.51653489062586,0.37892695446741487
1.0360989743709603,0.04619442220762441,3.0965348558350168,-3.0968794024441677,98,5.506955265301405,0.4241954678682005,5.518521424921043,0.3794724470092589
1.0381588132862107,0.04616369335533113,3.0944750169209914,-3.094819334333851,98,5.508949493486764,0.42471121034415243,5.52050795921624,0.38001793955105007
1.0402186522014611,0.046132964503092615,3.0924151780069677,-3.0927592662235353,98,5.510943721672122,0.4252269528201043,5.52249449351145,0.3805634320927882
1.0422784911167116,0.04610223565090894,3.090355339092946,-3.0906991981132204,98,5.5129379498574815,0.4257426952960562,5.524481027806675,0.3811089246344732
1.044338330031962,0.046071506798780235,3.088295500178925,-3.0886391300029064,98,5.51493217804284,0.4262584377720081,5.526467562101913,0.3816544171761051
1.0463981689472124,0.04604077794670658,3.086235661264906,-3.0865790618925932,98,5.516926406228198,0.42677418024796,5.528454096397165,0.3821999097176836
1.0484580078624628,0.04601004909468811,3.0841758223508884,-3.0845189937822806,98,5.518920634413558,0.42728992272391186,5.530440630692431,0.3827454022592087
1.0505178467777132,0.045979320242724914,3.0821159834368723,-3.0824589256719688,98,5.520914862598916,0.4278056651998638,5.53242716498771,0.38329089480068035
1.0525776856929636,0.04594859139081709,3.0800561445228576,-3.080398857561658,98,5.522909090784275,0.42832140767581567,5.534413699283004,0.3838363873420983
1.054637524608214,0.04591786253896475,3.077996305608845,-3.078338789451348,98,5.524903318969633,0.4288371501517676,5.53640023357831,0.3843818798834626
1.0566973635234644,0.045887133687168014,3.0759364666948334,-3.0762787213410387,98,5.526897547154992,0.4293528926277195,5.538386767873632,0.384927372424773
1.0587572024387149,0.045856404835426974,3.0738766277808236,-3.0742186532307305,98,5.528891775340351,0.42986863510367135,5.540373302168967,0.3854728649660295
1.0608170413539653,0.04582567598374175,3.071816788866815,-3.072158585120423,98,5.530886003525709,0.4303843775796233,5.542359836464316,0.386018357507232
1.0628768802692157,0.04579494713211243,3.069756949952809,-3.0700985170101163,98,5.532880231711069,0.43090012005557515,5.54434637075968,0.38656385004838034
1.064936719184466,0.045764218280539136,3.0676971110388034,-3.0680384488998103,98,5.534874459896427,0.43141586253152703,5.546332905055057,0.38710934258947444
1.0669965580997165,0.04573348942902196,3.065637272124799,-3.065978380789505,98,5.5368686880817855,0.43193160500747896,5.548319439350448,0.38765483513051424
1.069056397014967,0.04570276057756101,3.063577433210797,-3.063918312679201,98,5.538862916267144,0.43244734748343083,5.550305973645853,0.3882003276714996
1.0711162359302173,0.045672031726156415,3.0615175942967965,-3.0618582445688975,98,5.540857144452503,0.4329630899593827,5.552292507941273,0.3887458202124303
1.0731760748454677,0.04564130287480826,3.059457755382797,-3.059798176458595,98,5.542851372637862,0.43347883243533464,5.554279042236706,0.3892913127533065
1.0752359137607181,0.04561057402351666,3.057397916468799,-3.0577381083482935,98,5.54484560082322,0.4339945749112865,5.556265576532153,0.38983680529412784
1.0772957526759686,0.045579845172281724,3.055338077554804,-3.055678040237993,98,5.546839829008579,0.4345103173872384,5.558252110827616,0.39038229783489437
1.079355591591219,0.04554911632110355,3.053278238640809,-3.053617972127693,98,5.548834057193938,0.4350260598631903,5.560238645123092,0.390927790375606
1.0814154305064694,0.04551838746998225,3.0512183997268165,-3.051557904017394,98,5.550828285379296,0.4355418023391422,5.562225179418582,0.3914732829162625
1.0834752694217198,0.045487658618917945,3.049158560812825,-3.0494978359070957,98,5.552822513564655,0.43605754481509407,5.564211713714086,0.3920187754568638
1.0855351083369702,0.045456929767910735,3.047098721898834,-3.047437767796798,98,5.554816741750013,0.436573287291046,5.566198248009605,0.39256426799740984
1.0875949472522206,0.04542620091696073,3.045038882984846,-3.0453776996865014,98,5.5568109699353725,0.43708902976699787,5.568184782305139,0.39310976053790053
1.089654786167471,0.045395472066068025,3.0429790440708593,-3.0433176315762056,98,5.558805198120731,0.4376047722429498,5.570171316600686,0.39365525307833577
1.0917146250827214,0.04536474321523276,3.040919205156874,-3.0412575634659107,98,5.56079942630609,0.4381205147189017,5.572157850896249,0.3942007456187153
1.0937744639979718,0.045334014364455014,3.03885936624289,-3.0391974953556167,98,5.562793654491449,0.43863625719485355,5.5741443851918255,0.3947462381590392
1.0958343029132223,0.045303285513734914,3.036799527328908,-3.0371374272453235,98,5.564787882676807,0.4391519996708055,5.576130919487416,0.39529173069930734
1.0978941418284727,0.04527255666307255,3.0347396884149274,-3.0350773591350313,98,5.566782110862166,0.43966774214675736,5.578117453783021,0.39583722323951953
1.099953980743723,0.04524182781246805,3.032679849500948,-3.03301729102474,98,5.568776339047524,0.44018348462270923,5.5801039880786405,0.39638271577967565
1.1020138196589735,0.04521109896192152,3.030620010586971,-3.0309572229144495,98,5.570770567232883,0.44069922709866116,5.582090522374275,0.39692820831977577
1.104073658574224,0.04518037011143307,3.028560171672995,-3.02889715480416,98,5.572764795418242,0.44121496957461304,5.584077056669924,0.39747370085981953
1.1061334974894743,0.0451496412610028,3.0265003327590203,-3.026837086693871,98,5.574759023603601,0.4417307120505649,5.586063590965588,0.398019193399807
1.1081933364047247,0.04511891241063083,3.024440493845048,-3.0247770185835834,98,5.5767532517889595,0.44224645452651684,5.588050125261265,0.3985646859397381
1.1102531753199751,0.04508818356031727,3.022380654931076,-3.0227169504732965,98,5.578747479974318,0.4427621970024687,5.590036659556958,0.3991101784796126
1.1123130142352256,0.04505745471006223,3.020320816017107,-3.0206568823630104,98,5.580741708159676,0.4432779394784206,5.592023193852665,0.3996556710194304
1.114372853150476,0.04502672585986583,3.0182609771031395,-3.0185968142527253,98,5.582735936345035,0.4437936819543725,5.594009728148387,0.4002011635591915
1.1164326920657264,0.044995997009728166,3.0162011381891727,-3.016536746142441,98,5.584730164530394,0.4443094244303244,5.595996262444124,0.4007466560988957
1.1184925309809768,0.044965268159649345,3.0141412992752072,-3.0144766780321577,98,5.586724392715753,0.44482516690627627,5.597982796739875,0.4012921486385429
1.1205523698962272,0.04493453930962948,3.012081460361244,-3.012416609921875,98,5.588718620901111,0.4453409093822282,5.59996933103564,0.40183764117813314
1.1226122088114776,0.04490381045966868,3.0100216214472817,-3.0103565418115936,98,5.59071284908647,0.4458566518581801,5.601955865331422,0.4023831337176661
1.124672047726728,0.04487308160976708,3.007961782533322,-3.008296473701313,98,5.592707077271829,0.446372394334132,5.6039423996272175,0.40292862625714176
1.1267318866419784,0.044842352759924764,3.005901943619363,-3.006236405591033,98,5.594701305457187,0.4468881368100839,5.605928933923028,0.40347411879656003
1.1287917255572288,0.044811623910141846,3.003842104705406,-3.004176337480754,98,5.596695533642546,0.44740387928603575,5.607915468218853,0.40401961133592074
1.1308515644724793,0.04478089506041848,3.00178226579145,-3.002116269370476,98,5.598689761827905,0.4479196217619877,5.609902002514694,0.4045651038752239
1.1329114033877297,0.04475016621075473,2.9997224268774962,-3.000056201260199,98,5.6006839900132634,0.44843536423793956,5.611888536810549,0.4051105964144693
1.13497124230298,0.04471943736115072,2.9976625879635432,-2.9979961331499227,98,5.602678218198622,0.44895110671389143,5.61387507110642,0.4056560889536568
1.1370310812182305,0.04468870851160657,2.995602749049592,-2.9959360650396474,98,5.604672446383981,0.44946684918984336,5.615861605402305,0.4062015814927864
1.139090920133481,0.04465797966212239,2.993542910135643,-2.993875996929373,98,5.60666667456934,0.44998259166579524,5.617848139698205,0.40674707403185795
1.1411507590487313,0.044627250812698305,2.9914830712216953,-2.9918159288190993,98,5.608660902754698,0.4504983341417471,5.61983467399412,0.40729256657087126
1.1432105979639817,0.044596521963334426,2.9894232323077494,-2.9897558607088266,98,5.6106551309400565,0.45101407661769904,5.621821208290051,0.4078380591098264
1.1452704368792321,0.044565793114030854,2.987363393393804,-2.987695792598555,98,5.612649359125416,0.4515298190936509,5.6238077425859965,0.40838355164872303
1.1473302757944825,0.044535064264787705,2.985303554479861,-2.985635724488284,98,5.614643587310774,0.4520455615696028,5.625794276881956,0.4089290441875612
1.149390114709733,0.04450433541560509,2.9832437155659193,-2.983575656378014,98,5.616637815496133,0.4525613040455547,5.627780811177932,0.4094745367263408
1.1514499536249834,0.04447360656648313,2.981183876651979,-2.9815155882677447,98,5.618632043681492,0.4530770465215066,5.629767345473923,0.41002002926506165
1.1535097925402338,0.04444287771742195,2.9791240377380404,-2.9794555201574764,98,5.6206262718668505,0.4535927889974585,5.63175387976993,0.41056552180372363
1.1555696314554842,0.04441214886842164,2.977064198824104,-2.977395452047209,98,5.622620500052209,0.4541085314734104,5.633740414065951,0.4111110143423268
1.1576294703707346,0.04438142001948234,2.975004359910168,-2.9753353839369425,98,5.624614728237567,0.4546242739493623,5.635726948361987,0.41165650688087074
1.159689309285985,0.04435069117060413,2.972944520996234,-2.973275315826677,98,5.626608956422927,0.4551400164253142,5.6377134826580395,0.41220199941935565
1.1617491482012354,0.04431996232178715,2.9708846820823016,-2.971215247716412,98,5.628603184608285,0.4556557589012661,5.639700016954107,0.4127474919577812
1.1638089871164858,0.04428923347303151,2.9688248431683704,-2.9691551796061484,98,5.630597412793644,0.45617150137721796,5.6416865512501895,0.41329298449614743
1.1658688260317362,0.044258504624337315,2.966765004254441,-2.9670951114958855,98,5.632591640979003,0.4566872438531699,5.643673085546288,0.41383847703445414
1.1679286649469867,0.04422777577570469,2.964705165340513,-2.9650350433856234,98,5.634585869164361,0.45720298632912176,5.645659619842402,0.41438396957270124
1.169988503862237,0.044197046927133755,2.962645326426587,-2.9629749752753622,98,5.63658009734972,0.45771872880507364,5.64764615413853,0.4149294621108886
1.1720483427774875,0.044166318078624624,2.960585487512662,-2.960914907165102,98,5.638574325535078,0.45823447128102557,5.649632688434674,0.4154749546490162
1.174108181692738,0.04413558923017741,2.958525648598739,-2.9588548390548426,98,5.6405685537204375,0.45875021375697744,5.651619222730835,0.41602044718708375
1.1761680206079883,0.044104860381792226,2.956465809684817,-2.956794770944584,98,5.642562781905796,0.4592659562329293,5.65360575702701,0.4165659397250913
1.1782278595232387,0.04407413153346918,2.9544059707708965,-2.954734702834327,98,5.644557010091154,0.45978169870888125,5.655592291323201,0.4171114322630387
1.1802876984384891,0.0440434026852084,2.9523461318569786,-2.9526746347240707,98,5.646551238276514,0.4602974411848331,5.6575788256194075,0.4176569248009258
1.1823475373537395,0.04401267383701,2.9502862929430616,-2.9506145666138153,98,5.648545466461872,0.460813183660785,5.6595653599156295,0.4182024173387525
1.18440737626899,0.043981944988874096,2.9482264540291467,-2.9485544985035608,98,5.650539694647231,0.4613289261367369,5.661551894211867,0.4187479098765188
1.1864672151842404,0.0439512161408008,2.9461666151152324,-2.946494430393307,98,5.652533922832589,0.4618446686126888,5.6635384285081205,0.4192934024142243
1.1885270540994908,0.043920487292790245,2.9441067762013207,-2.9444343622830544,98,5.654528151017948,0.4623604110886407,5.66552496280439,0.41983889495186916
1.1905868930147412,0.04388975844484254,2.94204693728741,-2.9423742941728026,98,5.656522379203307,0.4628761535645926,5.667511497100675,0.42038438748945317
1.1926467319299916,0.04385902959695779,2.939987098373501,-2.9403142260625517,98,5.658516607388665,0.4633918960405445,5.669498031396976,0.42092988002697623
1.194706570845242,0.04382830074913613,2.9379272594595927,-2.9382541579523016,98,5.660510835574025,0.4639076385164964,5.671484565693293,0.42147537256443823
1.1967664097604924,0.04379757189729145,2.9358674204587616,-2.9361940898419916,99,5.662505063759383,0.4644233809924483,5.6734710999886016,0.42202086510579506
1.1988262486757428,0.043766843044519055,2.9338075815237894,-2.934134021731668,99,5.664499291944741,0.46493912346840016,5.675457634283679,0.42256635764805006
1.2008860875909932,0.043736114191565575,2.9317477426046925,-2.9320739536213414,99,5.6664935201301,0.4654548659443521,5.67744416857871,0.4231118501904804
1.2029459265062437,0.04370538533861108,2.929687903689421,-2.930013885511015,99,5.668487748315458,0.46597060842030397,5.6794307028737405,0.4236573427329117
1.205005765421494,0.04367465648569907,2.927628064775071,-2.927953817400689,99,5.670481976500818,0.46648635089625584,5.681417237168783,0.4242028352753019
1.2070656043367445,0.04364392763284006,2.9255682258609443,-2.925893749290364,99,5.672476204686176,0.46700209337220777,5.683403771463839,0.4247483278176408
1.209125443251995,0.04361319878003667,2.9235083869468723,-2.9238336811800396,99,5.674470432871535,0.46751783584815965,5.685390305758908,0.4252938203599258
1.2111852821672453,0.04358246992728961,2.921448548032814,-2.9217736130697163,99,5.676464661056894,0.4680335783241115,5.687376840053991,0.42583931290215626
1.2132451210824957,0.04355174107459914,2.9193887091187603,-2.919713544959394,99,5.678458889242252,0.46854932080006345,5.689363374349089,0.426384805444332
1.2153049599977461,0.043521012221965395,2.917328870204709,-2.9176534768490723,99,5.680453117427611,0.4690650632760153,5.6913499086442,0.42693029798645277
1.2173647989129965,0.04349028336938849,2.9152690312906597,-2.9155934087387516,99,5.682447345612969,0.4695808057519672,5.693336442939326,0.4274757905285185
1.219424637828247,0.043459554516868545,2.9132091923766112,-2.913533340628432,99,5.6844415737983285,0.47009654822791913,5.695322977234467,0.4280212830705291
1.2214844767434974,0.04342882566440565,2.9111493534625645,-2.9114732725181125,99,5.686435801983687,0.470612290703871,5.69730951152962,0.42856677561248446
1.2235443156587478,0.04339809681199994,2.909089514548519,-2.909413204407794,99,5.688430030169046,0.4711280331798229,5.69929604582479,0.42911226815438447
1.2256041545739982,0.043367367959651494,2.907029675634475,-2.9073531362974765,99,5.690424258354405,0.4716437756557748,5.7012825801199725,0.4296577606962291
1.2276639934892486,0.04333663910736045,2.904969836720433,-2.90529306818716,99,5.692418486539763,0.4721595181317267,5.70326911441517,0.43020325323801806
1.229723832404499,0.0433059102551269,2.9029099978063915,-2.903233000076844,99,5.694412714725122,0.4726752606076786,5.705255648710382,0.4307487457797514
1.2317836713197494,0.043275181402950946,2.9008501588923514,-2.901172931966529,99,5.69640694291048,0.4731910030836305,5.707242183005608,0.431294238321429
1.2338435102349998,0.043244452550832715,2.8987903199783136,-2.899112863856215,99,5.698401171095839,0.47370674555958237,5.709228717300849,0.43183973086305066
1.2359033491502502,0.0432137236987723,2.8967304810642767,-2.897052795745902,99,5.700395399281198,0.4742224880355343,5.711215251596104,0.4323852234046164
1.2379631880655007,0.043182994846769816,2.8946706421502415,-2.89499272763559,99,5.702389627466556,0.47473823051148617,5.713201785891373,0.432930715946126
1.240023026980751,0.04315226599482536,2.8926108032362072,-2.8929326595252784,99,5.7043838556519155,0.47525397298743804,5.715188320186658,0.43347620848757945
1.2420828658960015,0.043121537142939044,2.8905509643221743,-2.890872591414968,99,5.706378083837274,0.47576971546339,5.717174854481957,0.43402170102897664
1.2441427048112519,0.043090808291111,2.8884911254081436,-2.8888125233046584,99,5.708372312022632,0.47628545793934185,5.71916138877727,0.43456719357031737
1.2462025437265023,0.04306007943934133,2.886431286494114,-2.8867524551943498,99,5.710366540207991,0.4768012004152937,5.721147923072598,0.4351126861116016
1.2482623826417527,0.043029350587630126,2.884371447580086,-2.884692387084042,99,5.71236076839335,0.47731694289124565,5.723134457367941,0.43565817865282924
1.2503222215570031,0.042998621735977516,2.8823116086660594,-2.882632318973735,99,5.714354996578709,0.47783268536719753,5.725120991663299,0.4362036711940001
1.2523820604722535,0.0429678928843836,2.880251769752034,-2.880572250863429,99,5.716349224764067,0.4783484278431494,5.72710752595867,0.43674916373511413
1.254441899387504,0.04293716403284849,2.87819193083801,-2.878512182753124,99,5.718343452949426,0.47886417031910133,5.729094060254058,0.4372946562761713
1.2565017383027544,0.04290643518137229,2.876132091923988,-2.8764521146428197,99,5.720337681134785,0.4793799127950532,5.731080594549459,0.4378401488171714
1.2585615772180048,0.042875706329955125,2.8740722530099663,-2.8743920465325163,99,5.722331909320143,0.4798956552710051,5.7330671288448745,0.43838564135811436
1.2606214161332552,0.0428449774785971,2.872012414095947,-2.872331978422214,99,5.724326137505502,0.480411397746957,5.735053663140305,0.43893113389900007
1.2626812550485056,0.04281424862729832,2.8699525751819293,-2.8702719103119123,99,5.726320365690861,0.4809271402229089,5.737040197435752,0.43947662643982843
1.264741093963756,0.042783519776058904,2.8678927362679127,-2.8682118422016116,99,5.728314593876219,0.48144288269886076,5.7390267317312125,0.44002211898059923
1.2668009328790064,0.04275279092487896,2.865832897353897,-2.866151774091312,99,5.730308822061578,0.4819586251748127,5.7410132660266875,0.4405676115213126
1.2688607717942568,0.04272206207375859,2.8637730584398833,-2.864091705981013,99,5.732303050246937,0.48247436765076457,5.742999800322179,0.4411131040619682
1.2709206107095072,0.04269133322269791,2.8617132195258708,-2.862031637870715,99,5.734297278432296,0.4829901101267165,5.744986334617685,0.441658596602566
1.2729804496247576,0.04266060437169704,2.8596533806118596,-2.8599715697604178,99,5.736291506617654,0.4835058526026684,5.746972868913205,0.44220408914310594
1.275040288540008,0.042629875520756075,2.8575935416978497,-2.8579115016501215,99,5.7382857348030125,0.48402159507862025,5.748959403208739,0.4427495816835878
1.2771001274552585,0.042599146669875146,2.8555337027838417,-2.855851433539826,99,5.740279962988372,0.4845373375545722,5.750945937504291,0.44329507422401165
1.2791599663705089,0.042568417819054356,2.8534738638698345,-2.8537913654295317,99,5.74227419117373,0.48505308003052405,5.7529324717998565,0.4438405667643772
1.2812198052857593,0.0425376889682938,2.851414024955829,-2.851731297319238,99,5.744268419359089,0.48556882250647593,5.754919006095437,0.44438605930468444
1.2832796442010097,0.04250696011759361,2.849354186041825,-2.8496712292089454,99,5.746262647544448,0.48608456498242786,5.756905540391033,0.44493155184493327
1.2853394831162601,0.04247623126695391,2.8472943471278227,-2.8476111610986536,99,5.7482568757298065,0.48660030745837973,5.758892074686644,0.44547704438512353
1.2873993220315105,0.04244550241637479,2.8452345082138217,-2.8455510929883627,99,5.750251103915165,0.4871160499343316,5.76087860898227,0.4460225369252551
1.289459160946761,0.04241477356585638,2.843174669299822,-2.8434910248780727,99,5.752245332100523,0.48763179241028354,5.762865143277911,0.446568029465328
1.2915189998620114,0.04238404471539879,2.8411148303858234,-2.8414309567677836,99,5.754239560285883,0.4881475348862354,5.764851677573568,0.4471135220053419
1.2935788387772618,0.04235331586500213,2.8390549914718264,-2.8393708886574953,99,5.756233788471241,0.4886632773621873,5.766838211869239,0.44765901454529683
1.2956386776925122,0.042322587014666506,2.8369951525578307,-2.837310820547208,99,5.7582280166566,0.4891790198381392,5.768824746164927,0.4482045070851927
1.2976985166077626,0.042291858164392036,2.8349353136438364,-2.8352507524369215,99,5.760222244841959,0.4896947623140911,5.770811280460629,0.44874999962502937
1.299758355523013,0.04226112931417883,2.832875474729844,-2.833190684326636,99,5.762216473027317,0.49021050479004297,5.772797814756347,0.4492954921648067
1.3018181944382634,0.042230400464027026,2.8308156358158527,-2.831130616216351,99,5.764210701212676,0.4907262472659949,5.77478434905208,0.4498409847045246
1.3038780333535138,0.04219967161393671,2.8287557969018624,-2.8290705481060674,99,5.766204929398034,0.49124198974194677,5.776770883347828,0.45038647724418296
1.3059378722687642,0.042168942763908,2.8266959579878734,-2.8270104799957845,99,5.7681991575833935,0.4917577322178987,5.778757417643592,0.4509319697837817
1.3079977111840146,0.042138213913941014,2.8246361190738862,-2.8249504118855024,99,5.770193385768752,0.4922734746938506,5.780743951939371,0.45147746232332064
1.310057550099265,0.04210748506403588,2.822576280159901,-2.8228903437752213,99,5.77218761395411,0.49278921716980245,5.782730486235166,0.4520229548627997
1.3121173890145155,0.0420767562141927,2.8205164412459163,-2.820830275664941,99,5.77418184213947,0.4933049596457544,5.7847170205309775,0.45256844740221885
1.3141772279297659,0.04204602736441157,2.8184566023319335,-2.818770207554662,99,5.776176070324828,0.49382070212170626,5.786703554826802,0.4531139399415779
1.3162370668450163,0.04201529851469265,2.816396763417953,-2.816710139444384,99,5.778170298510187,0.49433644459765813,5.788690089122644,0.45365943248087665
1.3182969057602667,0.04198456966503602,2.814336924503973,-2.814650071334107,99,5.780164526695545,0.49485218707361006,5.790676623418501,0.45420492502011517
1.3203567446755171,0.04195384081544182,2.8122770855899946,-2.8125900032238307,99,5.7821587548809035,0.49536792954956194,5.792663157714373,0.45475041755929324
1.3224165835907675,0.04192311196591015,2.810217246676018,-2.8105299351135553,99,5.784152983066263,0.4958836720255138,5.794649692010262,0.4552959100984107
1.324476422506018,0.04189238311644114,2.808157407762042,-2.808469867003281,99,5.786147211251621,0.49639941450146574,5.796636226306166,0.4558414026374676
1.3265362614212683,0.04186165426703488,2.806097568848067,-2.8064097988930072,99,5.788141439436981,0.4969151569774176,5.798622760602086,0.4563868951764637
1.3285961003365188,0.0418309254176915,2.8040377299340946,-2.8043497307827345,99,5.790135667622339,0.4974308994533695,5.800609294898022,0.4569323877153989
1.3306559392517692,0.04180019656841111,2.8019778910201225,-2.8022896626724627,99,5.792129895807697,0.4979466419293214,5.802595829193972,0.45747788025427316
1.3327157781670196,0.041769467719193834,2.799918052106153,-2.8002295945621922,99,5.794124123993056,0.4984623844052733,5.804582363489939,0.45802337279308625
1.33477561708227,0.04173873887003979,2.7978582131921845,-2.7981695264519226,99,5.796118352178414,0.49897812688122517,5.8065688977859224,0.45856886533183816
1.3368354559975204,0.041708010020949086,2.7957983742782178,-2.796109458341654,99,5.798112580363774,0.4994938693571771,5.8085554320819215,0.4591143578705288
1.3388952949127708,0.04167728117192185,2.793738535364252,-2.794049390231386,99,5.800106808549132,0.500009611833129,5.810541966377936,0.4596598504091579
1.3409551338280212,0.04164655232295819,2.7916786964502878,-2.791989322121119,99,5.802101036734491,0.5005253543090808,5.8125285006739675,0.46020534294772547
1.3430149727432716,0.04161582347405823,2.7896188575363245,-2.789929254010853,99,5.80409526491985,0.5010410967850327,5.814515034970014,0.4607508354862314
1.345074811658522,0.041585094625222085,2.7875590186223635,-2.787869185900588,99,5.806089493105208,0.5015568392609846,5.816501569266076,0.4612963280246755
1.3471346505737725,0.04155436577644987,2.7854991797084026,-2.7858091177903237,99,5.808083721290567,0.5020725817369366,5.818488103562154,0.4618418205630579
1.3491944894890229,0.0415236369277417,2.783439340794444,-2.7837490496800608,99,5.810077949475925,0.5025883242128885,5.820474637858248,0.4623873131013781
1.3512543284042733,0.041492908079097696,2.781379501880487,-2.7816889815697987,99,5.8120721776612845,0.5031040666888403,5.82246117215436,0.4629328056396362
1.3533141673195237,0.04146217923051798,2.779319662966532,-2.7796289134595376,99,5.814066405846643,0.5036198091647923,5.824447706450486,0.46347829817783215
1.355374006234774,0.04143145038200267,2.777259824052577,-2.7775688453492773,99,5.816060634032001,0.5041355516407442,5.826434240746629,0.46402379071596567
1.3574338451500245,0.04140072153355188,2.7751999851386238,-2.775508777239018,99,5.818054862217361,0.5046512941166961,5.8284207750427885,0.46456928325403674
1.359493684065275,0.04136999268516572,2.773140146224672,-2.7734487091287594,99,5.820049090402719,0.5051670365926479,5.8304073093389635,0.4651147757920452
1.3615535229805253,0.0413392638368443,2.771080307310722,-2.7713886410185022,99,5.8220433185880776,0.5056827790685998,5.832393843635154,0.46566026832999097
1.3636133618957758,0.04130853498858779,2.7690204683967736,-2.769328572908246,99,5.824037546773436,0.5061985215445517,5.834380377931362,0.46620576086787396
1.3656732008110262,0.041277806140396264,2.766960629482827,-2.7672685047979906,99,5.826031774958795,0.5067142640205036,5.836366912227586,0.46675125340569396
1.3677330397262766,0.041247077292269854,2.7649007905688805,-2.765208436687736,99,5.828026003144154,0.5072300064964554,5.8383534465238265,0.46729674594345094
1.369792878641527,0.04121634844420867,2.7628409516549355,-2.7631483685774825,99,5.830020231329512,0.5077457489724073,5.840339980820082,0.4678422384811448
1.3718527175567774,0.041185619596212836,2.760781112740993,-2.76108830046723,99,5.8320144595148715,0.5082614914483593,5.842326515116356,0.4683877310187755
1.3739125564720278,0.04115489074828249,2.7587212738270512,-2.759028232356979,99,5.83400868770023,0.5087772339243112,5.844313049412645,0.4689332235563427
1.3759723953872782,0.04112416190041772,2.756661434913111,-2.7569681642467283,99,5.836002915885588,0.5092929764002632,5.846299583708951,0.4694787160938465
1.3780322343025286,0.04109343305261866,2.7546015959991723,-2.7549080961364787,99,5.837997144070947,0.509808718876215,5.848286118005272,0.4700242086312866
1.380092073217779,0.04106270420488545,2.7525417570852353,-2.75284802802623,99,5.839991372256306,0.5103244613521669,5.850272652301612,0.47056970116866287
1.3821519121330295,0.041031975357218184,2.7504819181712987,-2.7507879599159826,99,5.841985600441665,0.5108402038281188,5.8522591865979665,0.4711151937059754
1.3842117510482799,0.04100124650961699,2.7484220792573644,-2.748727891805736,99,5.843979828627023,0.5113559463040707,5.854245720894339,0.4716606862432239
1.3862715899635303,0.040970517662082005,2.7463622403434313,-2.7466678236954905,99,5.845974056812382,0.5118716887800225,5.8562322551907275,0.47220617878040827
1.3883314288787807,0.04093978881023169,2.7443024013423685,-2.7446077555851804,100,5.847968284997741,0.5123874312559744,5.858218789486035,0.47275167132177054
1.390391267794031,0.04090905995743839,2.742242562408379,-2.742547687474856,100,5.849962513183099,0.5129031737319263,5.8602053237811065,0.4732971638640458
1.3924511067092815,0.04087833110447467,2.7401827234897453,-2.74048761936453,100,5.851956741368458,0.5134189162078782,5.862191858076135,0.47384265640648604
1.394510945624532,0.040847602251517505,2.7381228845746253,-2.7384275512542033,100,5.853950969553817,0.5139346586838301,5.864178392371167,0.47438814894892
1.3965707845397823,0.040816873398607484,2.736063045660309,-2.7363674831438773,100,5.855945197739175,0.514450401159782,5.866164926666208,0.47493364149130823
1.3986306234550328,0.040786144545753945,2.7340032067461775,-2.7343074150335522,100,5.857939425924534,0.5149661436357339,5.868151460961265,0.4754791340336418
1.4006904623702832,0.04075541569295914,2.731943367832089,-2.732247346923228,100,5.859933654109893,0.5154818861116859,5.870137995256337,0.4760246265759186
1.4027503012855336,0.04072468684022363,2.729883528918012,-2.7301872788129047,100,5.861927882295252,0.5159976285876378,5.872124529551423,0.4765701191181379
1.404810140200784,0.04069395798754767,2.7278236900039388,-2.7281272107025822,100,5.86392211048061,0.5165133710635896,5.874111063846524,0.47711561166029953
1.4068699791160344,0.040663229134931374,2.725763851089866,-2.7260671425922607,100,5.8659163386659685,0.5170291135395415,5.876097598141639,0.4776611042024034
1.4089298180312848,0.04063250028237486,2.7237040121757956,-2.72400707448194,100,5.867910566851328,0.5175448560154934,5.878084132436771,0.4782065967444494
1.4109896569465352,0.04060177142987825,2.7216441732617267,-2.7219470063716202,100,5.869904795036686,0.5180605984914453,5.880070666731917,0.47875208928643737
1.4130494958617856,0.04057104257744165,2.7195843343476587,-2.7198869382613013,100,5.871899023222045,0.5185763409673971,5.882057201027077,0.4792975818283673
1.415109334777036,0.04054031372506518,2.717524495433592,-2.7178268701509833,100,5.873893251407404,0.519092083443349,5.884043735322254,0.47984307437023893
1.4171691736922865,0.040509584872748944,2.715464656519526,-2.7157668020406662,100,5.8758874795927625,0.519607825919301,5.886030269617446,0.48038856691205245
1.4192290126075369,0.04047885602049303,2.7134048176054617,-2.71370673393035,100,5.877881707778121,0.5201235683952529,5.8880168039126515,0.4809340594538074
1.4212888515227873,0.04044812716829756,2.711344978691399,-2.7116466658200347,100,5.879875935963479,0.5206393108712047,5.8900033382078725,0.48147955199550385
1.4233486904380377,0.04041739831616266,2.7092851397773376,-2.7095865977097207,100,5.881870164148839,0.5211550533471567,5.8919898725031095,0.4820250445371418
1.425408529353288,0.04038666946408844,2.7072253008632776,-2.7075265295994075,100,5.883864392334197,0.5216707958231086,5.893976406798361,0.48257053707872083
1.4274683682685385,0.04035594061207501,2.7051654619492194,-2.7054664614890953,100,5.8858586205195556,0.5221865382990605,5.895962941093628,0.483116029620241
1.429528207183789,0.040325211760122465,2.703105623035161,-2.703406393378784,100,5.887852848704915,0.5227022807750124,5.897949475388911,0.4836615221617023
1.4315880460990393,0.040294482908230914,2.701045784121105,-2.7013463252684735,100,5.889847076890273,0.5232180232509642,5.8999360096842075,0.4842070147031045
1.4336478850142897,0.040263754056400494,2.69898594520705,-2.699286257158164,100,5.891841305075632,0.5237337657269161,5.90192254397952,0.4847525072444475
1.4357077239295402,0.04023302520463132,2.696926106292997,-2.6972261890478553,100,5.89383553326099,0.524249508202868,5.9039090782748485,0.48529799978573124
1.4377675628447906,0.040202296352923494,2.694866267378945,-2.6951661209375475,100,5.895829761446349,0.5247652506788199,5.905895612570191,0.48584349232695556
1.439827401760041,0.040171567501277136,2.6928064284648934,-2.6931060528272406,100,5.897823989631708,0.5252809931547717,5.907882146865551,0.48638898486812043
1.4418872406752914,0.04014083864969234,2.6907465895508436,-2.6910459847169346,100,5.899818217817066,0.5257967356307237,5.909868681160925,0.48693447740922574
1.4439470795905418,0.04011010979816923,2.688686750636794,-2.6889859166066294,100,5.901812446002426,0.5263124781066756,5.911855215456315,0.48747996995027126
1.4460069185057922,0.04007938094670791,2.6866269117227475,-2.686925848496325,100,5.903806674187784,0.5268282205826276,5.913841749751721,0.48802546249125706
1.4480667574210426,0.0400486520953085,2.684567072808701,-2.684865780386022,100,5.905800902373143,0.5273439630585794,5.915828284047141,0.4885709550321828
1.450126596336293,0.04001792324397112,2.6825072338946563,-2.6828057122757194,100,5.907795130558501,0.5278597055345313,5.917814818342577,0.48911644757304845
1.4521864352515435,0.03998719439269588,2.6804473949806122,-2.680745644165418,100,5.9097893587438595,0.5283754480104832,5.919801352638029,0.489661940113854
1.4542462741667939,0.03995646554148288,2.6783875560665695,-2.678685576055117,100,5.911783586929219,0.5288911904864351,5.921787886933497,0.49020743265459926
1.4563061130820443,0.03992573669033225,2.676327717152529,-2.676625507944818,100,5.913777815114577,0.529406932962387,5.92377442122898,0.49075292519528413
1.4583659519972947,0.03989500783924411,2.67426787823849,-2.6745654398345193,100,5.9157720432999366,0.5299226754383388,5.925760955524479,0.49129841773590854
1.460425790912545,0.03986427898821855,2.672208039324451,-2.6725053717242218,100,5.917766271485295,0.5304384179142907,5.927747489819993,0.49184391027647234
1.4624856298277955,0.039833550137255695,2.6701482004104142,-2.670445303613925,100,5.919760499670653,0.5309541603902426,5.929734024115523,0.4923894028169754
1.464545468743046,0.039802821286355664,2.668088361496378,-2.6683852355036293,100,5.921754727856012,0.5314699028661946,5.931720558411068,0.4929348953574178
1.4666053076582963,0.03977209243551857,2.6660285225823435,-2.6663251673933344,100,5.92374895604137,0.5319856453421464,5.933707092706629,0.49348038789779913
1.4686651465735467,0.039741363584744525,2.6639686836683105,-2.6642650992830403,100,5.92574318422673,0.5325013878180983,5.935693627002207,0.49402588043811946
1.4707249854887972,0.03971063473403364,2.6619088447542776,-2.662205031172747,100,5.927737412412088,0.5330171302940503,5.9376801612978,0.4945713729783787
1.4727848244040476,0.03967990588338603,2.659849005840247,-2.660144963062455,100,5.9297316405974465,0.5335328727700022,5.9396666955934085,0.4951168655185766
1.474844663319298,0.039649177032801824,2.657789166926218,-2.658084894952164,100,5.931725868782806,0.534048615245954,5.941653229889034,0.4956623580587131
1.4769045022345484,0.039618448182281135,2.6557293280121903,-2.656024826841874,100,5.933720096968164,0.5345643577219059,5.943639764184675,0.49620785059878814
1.4789643411497988,0.03958771933182409,2.653669489098163,-2.653964758731585,100,5.935714325153523,0.5350801001978578,5.945626298480331,0.4967533431388015
1.4810241800650492,0.03955699048143077,2.6516096501841373,-2.6519046906212966,100,5.937708553338881,0.5355958426738097,5.947612832776003,0.4972988356787532
1.4830840189802996,0.0395262616311013,2.649549811270113,-2.6498446225110093,100,5.9397027815242405,0.5361115851497615,5.949599367071692,0.4978443282186431
1.48514385789555,0.039495532780835806,2.6474899723560896,-2.647784554400723,100,5.941697009709599,0.5366273276257134,5.951585901367397,0.49838982075847105
1.4872036968108004,0.0394648039306344,2.645430133442068,-2.645724486290437,100,5.943691237894957,0.5371430701016654,5.9535724356631174,0.49893531329823704
1.4892635357260509,0.03943407508049719,2.643370294528047,-2.643664418180153,100,5.945685466080317,0.5376588125776173,5.9555589699588545,0.4994808058379408
1.4913233746413013,0.0394033462304243,2.6413104556140277,-2.6416043500698696,100,5.947679694265675,0.5381745550535691,5.9575455042546075,0.5000262983775823
1.4933832135565517,0.03937261738041586,2.6392506167000094,-2.639544281959587,100,5.9496739224510335,0.5386902975295211,5.9595320385503765,0.5005717909171614
1.495443052471802,0.03934188853047196,2.637190777785993,-2.6374842138493055,100,5.951668150636392,0.539206040005473,5.961518572846161,0.501117283456678
1.4975028913870525,0.039311159680592754,2.6351309388719772,-2.635424145739025,100,5.953662378821751,0.5397217824814249,5.963505107141963,0.5016627759961321
1.499562730302303,0.03928043083077834,2.633071099957963,-2.633364077628745,100,5.95565660700711,0.5402375249573768,5.96549164143778,0.5022082685355233
1.5016225692175533,0.03924970198102881,2.6310112610439496,-2.6313040095184665,100,5.957650835192468,0.5407532674333286,5.967478175733614,0.5027537610748517
1.5036824081328037,0.0392189731313443,2.6289514221299384,-2.629243941408189,100,5.9596450633778275,0.5412690099092805,5.969464710029465,0.5032992536141171
1.5057422470480541,0.03918824428172493,2.6268915832159276,-2.6271838732979123,100,5.961639291563186,0.5417847523852324,5.971451244325331,0.5038447461533195
1.5078020859633046,0.03915751543217083,2.6248317443019187,-2.6251238051876364,100,5.963633519748544,0.5423004948611843,5.973437778621213,0.5043902386924588
1.509861924878555,0.03912678658268209,2.62277190538791,-2.6230637370773615,100,5.965627747933903,0.5428162373371361,5.975424312917112,0.5049357312315347
1.5119217637938054,0.039096057733258846,2.6207120664739043,-2.621003668967088,100,5.967621976119262,0.5433319798130881,5.9774108472130285,0.5054812237705473
1.5139816027090558,0.03906532888390121,2.6186522275598985,-2.618943600856815,100,5.969616204304621,0.54384772228904,5.97939738150896,0.5060267163094964
1.5160414416243062,0.039034600034609304,2.6165923886458944,-2.6168835327465434,100,5.971610432489979,0.544363464764992,5.9813839158049085,0.5065722088483818
1.5181012805395566,0.03900387118538325,2.6145325497318916,-2.6148234646362725,100,5.973604660675338,0.5448792072409439,5.983370450100874,0.5071177013872034
1.520161119454807,0.03897314233622316,2.61247271081789,-2.6127633965260024,100,5.975598888860697,0.5453949497168957,5.985356984396855,0.5076631939259612
1.5222209583700574,0.038942413487129145,2.6104128719038893,-2.6107033284157337,100,5.977593117046055,0.5459106921928476,5.987343518692852,0.5082086864646549
1.5242807972853079,0.03891168463810134,2.60835303298989,-2.608643260305466,100,5.979587345231414,0.5464264346687995,5.9893300529888664,0.5087541790032846
1.5263406362005583,0.038880955789139846,2.606293194075892,-2.606583192195199,100,5.981581573416773,0.5469421771447514,5.991316587284898,0.5092996715418501
1.5284004751158087,0.03885022694024479,2.6042333551618952,-2.604523124084933,100,5.983575801602131,0.5474579196207032,5.993303121580946,0.5098451640803513
1.530460314031059,0.038819498091416306,2.602173516247901,-2.602463055974668,100,5.98557002978749,0.5479736620966551,5.99528965587701,0.5103906566187879
1.5325201529463095,0.038788769242654494,2.6001136773339066,-2.6004029878644044,100,5.987564257972849,0.548489404572607,5.997276190173092,0.5109361491571601
1.53457999186156,0.03875804039395949,2.5980538384199137,-2.5983429197541414,100,5.989558486158208,0.549005147048559,5.999262724469189,0.5114816416954677
1.5366398307768103,0.03872731154533139,2.595993999505921,-2.5962828516438794,100,5.991552714343566,0.5495208895245108,6.001249258765304,0.5120271342337104
1.5386996696920607,0.03869658269677033,2.5939341605919317,-2.5942227835336187,100,5.9935469425289245,0.5500366320004627,6.003235793061435,0.5125726267718882
1.5407595086073111,0.03866585384827643,2.5918743216779423,-2.592162715423359,100,5.995541170714284,0.5505523744764147,6.0052223273575835,0.5131181193100011
1.5428193475225616,0.03863512499984979,2.5898144827639547,-2.5901026473131,100,5.997535398899642,0.5510681169523666,6.007208861653749,0.5136636118480488
1.544879186437812,0.03860439615149057,2.587754643849968,-2.588042579202842,100,5.999529627085001,0.5515838594283184,6.009195395949931,0.5142091043860312
1.5469390253530624,0.03857366730319887,2.5856948049359834,-2.585982511092585,100,6.00152385527036,0.5520996019042703,6.01118193024613,0.5147545969239482
1.5489988642683128,0.0385429384549748,2.583634966021999,-2.5839224429823293,100,6.0035180834557185,0.5526153443802222,6.013168464542345,0.5153000894617997
1.5510587031835632,0.03851220960681848,2.581575127108016,-2.5818623748720744,100,6.005512311641077,0.5531310868561741,6.015154998838578,0.5158455819995856
1.5531185420988136,0.03848148075873005,2.579515288194034,-2.5798023067618203,100,6.007506539826435,0.553646829332126,6.0171415331348275,0.5163910745373059
1.555178381014064,0.038450751910709596,2.5774554492800537,-2.5777422386515676,100,6.009500768011794,0.5541625718080778,6.019128067431094,0.5169365670749603
1.5572382199293144,0.038420023062757276,2.575395610366075,-2.5756821705413158,100,6.011494996197153,0.5546783142840298,6.021114601727378,0.5174820596125489
1.5592980588445648,0.03838929421487319,2.5733357714520966,-2.573622102431065,100,6.0134892243825115,0.5551940567599817,6.023101136023679,0.5180275521500712
1.5613578977598153,0.03835856536705747,2.57127593253812,-2.571562034320815,100,6.015483452567871,0.5557097992359336,6.025087670319997,0.5185730446875275
1.5634177366750657,0.03832783651931024,2.5692160936241444,-2.5695019662105665,100,6.017477680753229,0.5562255417118855,6.027074204616333,0.5191185372249175
1.565477575590316,0.038297107671631594,2.56715625471017,-2.5674418981003186,100,6.019471908938588,0.5567412841878374,6.029060738912684,0.519664029762241
1.5675374145055665,0.03826637882402169,2.5650964157961975,-2.565381829990072,100,6.021466137123946,0.5572570266637893,6.031047273209054,0.5202095222994979
1.569597253420817,0.03823564997648063,2.563036576882226,-2.5633217618798265,100,6.023460365309305,0.5577727691397412,6.03303380750544,0.5207550148366882
1.5716570923360673,0.03820492112900853,2.560976737968255,-2.561261693769582,100,6.025454593494664,0.558288511615693,6.035020341801845,0.5213005073738117
1.5737169312513177,0.03817419228160553,2.558916899054286,-2.559201625659338,100,6.027448821680022,0.5588042540916449,6.037006876098266,0.5218459999108683
1.5757767701665681,0.03814346343427175,2.556857060140318,-2.5571415575490954,100,6.029443049865382,0.5593199965675968,6.038993410394705,0.522391492447858
1.5778366090818186,0.038112734587007306,2.5547972212263512,-2.555081489438854,100,6.03143727805074,0.5598357390435487,6.040979944691161,0.5229369849847805
1.579896447997069,0.038082005735096,2.5527373822251405,-2.553021421328543,101,6.033431506236099,0.5603514815195005,6.042966478986453,0.5234824775262018
1.5819562869123194,0.03805127688222692,2.5506775432921867,-2.550961353218218,101,6.035425734421457,0.5608672239954525,6.044953013281506,0.5240279700685505
1.5840161258275698,0.038020548029199075,2.5486177043740046,-2.5489012851078905,101,6.0374199626068155,0.5613829664714044,6.046939547576518,0.5245734626110529
1.5860759647428202,0.037989819176185505,2.5465578654590173,-2.546841216997563,101,6.039414190792175,0.5618987089473563,6.048926081871536,0.5251189551535413
1.5881358036580706,0.03795909032322372,2.544498026544722,-2.5447811488872367,101,6.041408418977533,0.5624144514233083,6.050912616166565,0.5256644476959798
1.590195642573321,0.03792836147032189,2.542438187630576,-2.542721080776911,101,6.0434026471628925,0.5629301938992601,6.05289915046161,0.5262099402383601
1.5922554814885714,0.0378976326174819,2.540378348716464,-2.5406610126665865,101,6.045396875348251,0.563445936375212,6.05488568475667,0.5267554327806805
1.5943153204038218,0.03786690376470421,2.5383185098023597,-2.5386009445562627,101,6.047391103533609,0.5639616788511639,6.056872219051745,0.5273009253229406
1.5963751593190723,0.03783617491198904,2.5362586708882584,-2.53654087644594,101,6.049385331718968,0.5644774213271158,6.058858753346836,0.5278464178651402
1.5984349982343227,0.03780544605933652,2.5341988319741584,-2.534480808335618,101,6.051379559904326,0.5649931638030676,6.060845287641943,0.5283919104072792
1.600494837149573,0.037774717206746765,2.5321389930600597,-2.5324207402252967,101,6.053373788089686,0.5655089062790195,6.062831821937066,0.5289374029493573
1.6025546760648235,0.03774398835421988,2.5300791541459615,-2.5303606721149765,101,6.055368016275044,0.5660246487549714,6.064818356232204,0.5294828954913746
1.604614514980074,0.037713259501755976,2.5280193152318646,-2.528300604004657,101,6.0573622444604025,0.5665403912309234,6.066804890527359,0.5300283880333311
1.6066743538953243,0.03768253064935518,2.52595947631777,-2.526240535894339,101,6.059356472645762,0.5670561337068752,6.068791424822529,0.5305738805752264
1.6087341928105747,0.037651801797017596,2.5238996374036757,-2.524180467784022,101,6.06135070083112,0.5675718761828271,6.070777959117715,0.5311193731170604
1.6107940317258251,0.03762107294474334,2.5218397984895824,-2.522120399673706,101,6.063344929016479,0.5680876186587791,6.072764493412916,0.5316648656588332
1.6128538706410755,0.037590344092532514,2.5197799595754904,-2.5200603315633905,101,6.065339157201837,0.568603361134731,6.074751027708134,0.5322103582005445
1.614913709556326,0.03755961524038522,2.5177201206613993,-2.518000263453076,101,6.0673333853871965,0.5691191036106829,6.076737562003368,0.5327558507421943
1.6169735484715764,0.03752888638830161,2.5156602817473095,-2.5159401953427625,101,6.069327613572555,0.5696348460866347,6.078724096298616,0.5333013432837824
1.6190333873868268,0.03749815753628178,2.5136004428332206,-2.51388012723245,101,6.071321841757913,0.5701505885625866,6.080710630593882,0.5338468358253089
1.6210932263020772,0.03746742868432582,2.511540603919133,-2.5118200591221385,101,6.073316069943273,0.5706663310385385,6.082697164889164,0.5343923283667734
1.6231530652173276,0.037436699832433876,2.509480765005047,-2.509759991011828,101,6.075310298128631,0.5711820735144904,6.084683699184461,0.534937820908176
1.625212904132578,0.037405970980606044,2.507420926090961,-2.5076999229015184,101,6.0773045263139895,0.5716978159904422,6.086670233479774,0.5354833134495165
1.6272727430478284,0.037375242128842426,2.505361087176877,-2.5056398547912098,101,6.079298754499348,0.5722135584663942,6.088656767775103,0.5360288059907949
1.6293325819630788,0.037344513277143165,2.5033012482627934,-2.503579786680902,101,6.081292982684707,0.5727293009423461,6.09064330207045,0.536574298532011
1.6313924208783293,0.03731378442550836,2.5012414093487116,-2.501519718570595,101,6.083287210870066,0.573245043418298,6.092629836365811,0.5371197910731647
1.6334522597935797,0.03728305557393813,2.4991815704346307,-2.499459650460289,101,6.085281439055424,0.57376078589425,6.094616370661189,0.5376652836142559
1.63551209870883,0.037252326722432595,2.497121731520551,-2.4973995823499844,101,6.0872756672407835,0.5742765283702018,6.096602904956583,0.5382107761552843
1.6375719376240805,0.03722159787099186,2.495061892606472,-2.4953395142396806,101,6.089269895426142,0.5747922708461537,6.0985894392519935,0.5387562686962502
1.639631776539331,0.03719086901961604,2.4930020536923942,-2.4932794461293777,101,6.0912641236115,0.5753080133221056,6.1005759735474205,0.539301761237153
1.6416916154545813,0.03716014016830524,2.490942214778318,-2.4912193780190757,101,6.093258351796859,0.5758237557980574,6.102562507842863,0.539847253777993
1.6437514543698317,0.03712941131705959,2.4888823758642418,-2.4891593099087745,101,6.095252579982218,0.5763394982740093,6.104549042138323,0.5403927463187699
1.6458112932850821,0.03709868246587919,2.486822536950168,-2.4870992417984747,101,6.097246808167577,0.5768552407499612,6.106535576433798,0.5409382388594836
1.6478711322003325,0.03706795361476418,2.484762698036095,-2.485039173688176,101,6.099241036352935,0.5773709832259131,6.1085221107292895,0.541483731400134
1.649930971115583,0.03703722476371466,2.482702859122023,-2.482979105577878,101,6.101235264538294,0.577886725701865,6.110508645024798,0.542029223940721
1.6519908100308334,0.03700649591273075,2.4806430202079515,-2.4809190374675807,101,6.103229492723653,0.5784024681778169,6.112495179320323,0.5425747164812446
1.6540506489460838,0.036975767061812576,2.4785831812938817,-2.4788589693572844,101,6.105223720909011,0.5789182106537688,6.114481713615864,0.5431202090217044
1.6561104878613342,0.036945038210960235,2.4765233423798128,-2.4767989012469895,101,6.10721794909437,0.5794339531297207,6.116468247911421,0.5436657015621005
1.6581703267765846,0.03691430936017383,2.474463503465745,-2.4747388331366955,101,6.109212177279729,0.5799496956056727,6.118454782206996,0.5442111941024329
1.660230165691835,0.0368835805094535,2.472403664551678,-2.4726787650264024,101,6.111206405465087,0.5804654380816245,6.120441316502586,0.5447566866427012
1.6622900046070854,0.03685285165879935,2.4703438256376127,-2.47061869691611,101,6.113200633650446,0.5809811805575764,6.122427850798194,0.5453021791829054
1.6643498435223358,0.03682212280821149,2.4682839867235478,-2.4685586288058188,101,6.115194861835805,0.5814969230335283,6.124414385093818,0.5458476717230455
1.6664096824375862,0.036791393957690044,2.4662241478094846,-2.4664985606955288,101,6.117189090021164,0.5820126655094802,6.126400919389459,0.5463931642631212
1.6684695213528367,0.036760665107235135,2.4641643088954224,-2.4644384925852396,101,6.119183318206522,0.582528407985432,6.128387453685115,0.5469386568031325
1.670529360268087,0.03672993625684689,2.462104469981361,-2.4623784244749514,101,6.1211775463918805,0.5830441504613839,6.130373987980789,0.5474841493430793
1.6725891991833375,0.0366992074065254,2.4600446310673005,-2.460318356364664,101,6.123171774577239,0.5835598929373358,6.132360522276479,0.5480296418829614
1.674649038098588,0.036668478556270784,2.4579847921532414,-2.458258288254378,101,6.125166002762598,0.5840756354132878,6.134347056572188,0.5485751344227789
1.6767088770138383,0.036637749706083175,2.4559249532391836,-2.456198220144093,101,6.127160230947957,0.5845913778892396,6.1363335908679115,0.5491206269625315
1.6787687159290887,0.036607020855962666,2.4538651143251267,-2.4541381520338086,101,6.129154459133316,0.5851071203651915,6.138320125163653,0.5496661195022191
1.6808285548443391,0.03657629200590941,2.4518052754110706,-2.452078083923525,101,6.1311486873186745,0.5856228628411435,6.1403066594594105,0.5502116120418417
1.6828883937595895,0.03654556315592349,2.449745436497016,-2.450018015813243,101,6.133142915504033,0.5861386053170954,6.142293193755185,0.5507571045813989
1.68494823267484,0.036514834306005044,2.4476855975829626,-2.447957947702962,101,6.135137143689391,0.5866543477930473,6.144279728050976,0.5513025971208909
1.6870080715900904,0.036484105456154194,2.4456257586689096,-2.445897879592682,101,6.13713137187475,0.5871700902689991,6.146266262346784,0.5518480896603174
1.6890679105053408,0.03645337660637103,2.4435659197548585,-2.443837811482403,101,6.139125600060109,0.587685832744951,6.148252796642611,0.5523935821996784
1.6911277494205912,0.0364226477566557,2.4415060808408082,-2.441777743372125,101,6.1411198282454675,0.5882015752209029,6.150239330938453,0.5529390747389737
1.6931875883358416,0.036391918907008304,2.4394462419267584,-2.4397176752618477,101,6.143114056430827,0.5887173176968548,6.152225865234312,0.5534845672782033
1.695247427251092,0.036361190057428966,2.43738640301271,-2.4376576071515714,101,6.145108284616185,0.5892330601728066,6.154212399530189,0.5540300598173669
1.6973072661663424,0.036330461207917795,2.4353265640986628,-2.4355975390412965,101,6.147102512801544,0.5897488026487586,6.156198933826082,0.5545755523564646
1.6993671050815928,0.03629973235847491,2.4332667251846165,-2.4335374709310225,101,6.149096740986902,0.5902645451247105,6.158185468121992,0.5551210448954962
1.7014269439968432,0.036269003509100436,2.431206886270571,-2.4314774028207493,101,6.151090969172261,0.5907802876006624,6.160172002417919,0.5556665374344615
1.7034867829120937,0.0362382746597945,2.4291470473565275,-2.4294173347104775,101,6.15308519735762,0.5912960300766144,6.162158536713865,0.5562120299733605
1.705546621827344,0.036207545810557205,2.4270872084424844,-2.4273572666002066,101,6.155079425542978,0.5918117725525662,6.164145071009827,0.556757522512193
1.7076064607425945,0.036176816961388684,2.4250273695284426,-2.4252971984899365,101,6.157073653728338,0.5923275150285181,6.166131605305807,0.5573030150509589
1.709666299657845,0.036146088112289046,2.422967530614401,-2.4232371303796674,101,6.159067881913696,0.59284325750447,6.168118139601804,0.5578485075896582
1.7117261385730953,0.03611535926325841,2.420907691700362,-2.4211770622693995,101,6.161062110099055,0.5933589999804219,6.170104673897817,0.5583940001282907
1.7137859774883457,0.03608463041429691,2.4188478527863233,-2.4191169941591326,101,6.163056338284413,0.5938747424563737,6.172091208193848,0.558939492666856
1.7158458164035961,0.03605390156540464,2.416788013872285,-2.4170569260488666,101,6.1650505664697715,0.5943904849323256,6.174077742489896,0.5594849852053545
1.7179056553188465,0.036023172716581724,2.4147281749582485,-2.414996857938602,101,6.167044794655131,0.5949062274082775,6.176064276785962,0.5600304777437859
1.719965494234097,0.03599244386782828,2.4126683360442125,-2.412936789828338,101,6.169039022840489,0.5954219698842294,6.178050811082046,0.5605759702821499
1.7220253331493474,0.035961715019144434,2.410608497130178,-2.410876721718075,101,6.171033251025848,0.5959377123601813,6.180037345378146,0.5611214628204467
1.7240851720645978,0.03593098617053033,2.408548658216145,-2.4088166536078135,101,6.173027479211207,0.5964534548361332,6.182023879674264,0.5616669553586758
1.7261450109798482,0.03590025732198605,2.406488819302112,-2.406756585497553,101,6.175021707396565,0.5969691973120851,6.1840104139704,0.5622124478968374
1.7282048498950986,0.03586952847351173,2.4044289803880803,-2.404696517387293,101,6.177015935581924,0.5974849397880371,6.185996948266553,0.5627579404349313
1.730264688810349,0.03583879962510747,2.40236914147405,-2.4026364492770345,101,6.179010163767282,0.598000682263989,6.187983482562723,0.5633034329729574
1.7323245277255994,0.03580807077677342,2.40030930256002,-2.400576381166777,101,6.181004391952642,0.5985164247399408,6.189970016858912,0.5638489255109154
1.7343843666408498,0.03577734192850969,2.3982494636459926,-2.3985163130565206,101,6.182998620138,0.5990321672158927,6.191956551155117,0.5643944180488053
1.7364442055561002,0.0357466130803164,2.3961896247319654,-2.396456244946265,101,6.1849928483233585,0.5995479096918446,6.193943085451341,0.5649399105866271
1.7385040444713507,0.03571588423219366,2.3941297858179387,-2.3943961768360107,101,6.186987076508718,0.6000636521677964,6.195929619747583,0.5654854031243806
1.740563883386601,0.0356851553841416,2.3920699469039137,-2.3923361087257575,101,6.188981304694076,0.6005793946437483,6.197916154043841,0.5660308956620655
1.7426237223018515,0.03565442653616034,2.3900101079898897,-2.3902760406155052,101,6.190975532879435,0.6010951371197002,6.199902688340117,0.566576388199682
1.7446835612171019,0.03562369768825,2.3879502690758665,-2.388215972505254,101,6.192969761064793,0.6016108795956522,6.201889222636411,0.5671218807372299
1.7467434001323523,0.0355929688404107,2.385890430161844,-2.386155904395004,101,6.1949639892501525,0.6021266220716041,6.2038757569327245,0.567667373274709
1.7488032390476027,0.03556223999264254,2.383830591247823,-2.3840958362847546,101,6.196958217435511,0.6026423645475559,6.205862291229054,0.568212865812119
1.7508630779628531,0.03553151114494567,2.381770752333803,-2.382035768174507,101,6.198952445620869,0.6031581070235079,6.207848825525401,0.5687583583494603
1.7529229168781035,0.035500782297320205,2.3797109134197845,-2.37997570006426,101,6.200946673806229,0.6036738494994598,6.209835359821768,0.5693038508867323
1.754982755793354,0.035470053449766274,2.3776510745057657,-2.377915631954014,101,6.202940901991587,0.6041895919754117,6.211821894118151,0.5698493434239351
1.7570425947086044,0.03543932460228398,2.3755912355917492,-2.375855563843769,101,6.2049351301769455,0.6047053344513635,6.213808428414552,0.5703948359610685
1.7591024336238548,0.03540859575487347,2.373531396677733,-2.373795495733525,101,6.206929358362304,0.6052210769273154,6.215794962710971,0.5709403284981324
1.7611622725391052,0.03537786690753485,2.3714715577637184,-2.3717354276232827,101,6.208923586547663,0.6057368194032673,6.217781497007409,0.5714858210351267
1.7632221114543556,0.03534713806026822,2.369411718849704,-2.369675359513041,101,6.210917814733022,0.6062525618792192,6.219768031303865,0.5720313135720513
1.765281950369606,0.03531640921307372,2.367351879935691,-2.3676152914028004,101,6.21291204291838,0.606768304355171,6.221754565600338,0.572576806108906
1.7673417892848564,0.03528568036595148,2.365292041021679,-2.365555223292561,101,6.2149062711037395,0.607284046831123,6.22374109989683,0.573122298645691
1.7694016282001068,0.03525495151890161,2.3632322021076684,-2.3634951551823224,101,6.216900499289098,0.6077997893070749,6.22572763419334,0.5736677911824057
1.7714614671153572,0.03522422267192424,2.3611723631936585,-2.3614350870720853,101,6.218894727474456,0.6083155317830268,6.227714168489867,0.5742132837190503
1.7735213060306076,0.035193493825019496,2.35911252427965,-2.359375018961849,101,6.220888955659815,0.6088312742589788,6.229700702786413,0.5747587762556247
1.775581144945858,0.03516276497818749,2.3570526853656415,-2.357314950851614,101,6.222883183845174,0.6093470167349306,6.231687237082978,0.5753042687921285
1.7776409838611085,0.03513203612629727,2.354992846364064,-2.3552548827413036,102,6.224877412030533,0.6098627592108825,6.2336737713782755,0.5758497613335294
1.7797008227763589,0.0351013072734311,2.3529330074321715,-2.3531948146309785,102,6.226871640215891,0.6103785016868344,6.235660305673329,0.5763952538758752
1.7817606616916093,0.03507057842041867,2.350873168514429,-2.351134746520651,102,6.22886586840125,0.6108942441627863,6.237646839968346,0.5769407464183626
1.7838205006068597,0.035039849567428547,2.348813329599559,-2.3490746784103242,102,6.230860096586609,0.6114099866387381,6.239633374263368,0.5774862389608284
1.7858803395221101,0.03500912071449504,2.346753490685271,-2.3470146102999982,102,6.232854324771967,0.61192572911469,6.241619908558405,0.5780317315032393
1.7879401784373605,0.0349783918616252,2.3446936517711032,-2.344954542189673,102,6.234848552957326,0.6124414715906419,6.243606442853458,0.5785772240455886
1.790000017352611,0.03494766300882052,2.3426338128569584,-2.342894474079349,102,6.236842781142684,0.6129572140665938,6.245592977148526,0.579122716587875
1.7920598562678614,0.034916934156081415,2.34057397394282,-2.3408344059690256,102,6.238837009328043,0.6134729565425457,6.247579511443612,0.5796682091300978
1.7941196951831118,0.034886205303408045,2.3385141350286838,-2.338774337858703,102,6.240831237513402,0.6139886990184976,6.249566045738713,0.5802137016722569
1.7961795340983622,0.03485547645080055,2.3364542961145487,-2.336714269748382,102,6.242825465698761,0.6145044414944495,6.251552580033832,0.5807591942143523
1.7982393730136126,0.03482474759825903,2.3343944572004145,-2.334654201638062,102,6.24481969388412,0.6150201839704015,6.253539114328967,0.5813046867563838
1.800299211928863,0.034794018745783604,2.3323346182862816,-2.3325941335277425,102,6.246813922069478,0.6155359264463534,6.2555256486241175,0.5818501792983514
1.8023590508441134,0.03476328989337439,2.330274779372149,-2.330534065417424,102,6.2488081502548365,0.6160516689223052,6.257512182919285,0.5823956718402548
1.8044188897593638,0.03473256104103149,2.328214940458018,-2.328473997307107,102,6.250802378440195,0.6165674113982571,6.25949871721447,0.5829411643820939
1.8064787286746142,0.03470183218875502,2.326155101543887,-2.3264139291967907,102,6.252796606625554,0.617083153874209,6.261485251509671,0.5834866569238688
1.8085385675898646,0.034671103336545085,2.3240952626297573,-2.3243538610864753,102,6.254790834810913,0.6175988963501609,6.263471785804889,0.5840321494655792
1.810598406505115,0.0346403744844018,2.322035423715629,-2.322293792976161,102,6.256785062996272,0.6181146388261127,6.265458320100124,0.5845776420072252
1.8126582454203655,0.03460964563232529,2.3199755848015005,-2.3202337248658473,102,6.2587792911816305,0.6186303813020646,6.267444854395375,0.5851231345488064
1.8147180843356159,0.03457891678031566,2.317915745887374,-2.318173656755535,102,6.260773519366989,0.6191461237780166,6.269431388690642,0.5856686270903231
1.8167779232508663,0.03454818792837302,2.3158559069732476,-2.3161135886452238,102,6.262767747552347,0.6196618662539685,6.271417922985927,0.5862141196317747
1.8188377621661167,0.03451745907649748,2.3137960680591223,-2.3140535205349133,102,6.264761975737706,0.6201776087299203,6.273404457281228,0.5867596121731614
1.8208976010813671,0.03448673022468917,2.311736229144998,-2.3119934524246037,102,6.266756203923065,0.6206933512058723,6.275390991576547,0.5873051047144832
1.8229574399966175,0.03445600137294819,2.309676390230875,-2.3099333843142955,102,6.2687504321084235,0.6212090936818242,6.2773775258718825,0.5878505972557396
1.825017278911868,0.03442527252127466,2.3076165513167526,-2.307873316203988,102,6.270744660293783,0.6217248361577761,6.279364060167235,0.5883960897969307
1.8270771178271183,0.03439454366966869,2.3055567124026304,-2.3058132480936817,102,6.272738888479141,0.622240578633728,6.281350594462603,0.5889415823380565
1.8291369567423688,0.03436381481813039,2.30349687348851,-2.3037531799833766,102,6.2747331166645,0.6227563211096798,6.2833371287579896,0.5894870748791167
1.8311967956576192,0.034333085966659876,2.3014370345743904,-2.3016931118730724,102,6.276727344849858,0.6232720635856317,6.285323663053392,0.5900325674201112
1.8332566345728696,0.034302357115257275,2.2993771956602713,-2.299633043762769,102,6.278721573035217,0.6237878060615836,6.287310197348812,0.5905780599610401
1.83531647348812,0.03427162826392268,2.2973173567461536,-2.2975729756524665,102,6.280715801220576,0.6243035485375354,6.289296731644249,0.5911235525019031
1.8373763124033704,0.03424089941265621,2.295257517832036,-2.2955129075421654,102,6.282710029405934,0.6248192910134874,6.291283265939703,0.5916690450427002
1.8394361513186208,0.03421017056145798,2.29319767891792,-2.293452839431865,102,6.284704257591293,0.6253350334894393,6.293269800235174,0.5922145375834311
1.8414959902338712,0.034179441710328114,2.2911378400038043,-2.291392771321566,102,6.286698485776652,0.6258507759653912,6.295256334530663,0.592760030124096
1.8435558291491216,0.03414871285926672,2.2890780010896896,-2.289332703211268,102,6.288692713962011,0.6263665184413432,6.297242868826168,0.5933055226646946
1.845615668064372,0.0341179840082739,2.2870181621755763,-2.2872726351009707,102,6.290686942147369,0.626882260917295,6.29922940312169,0.5938510152052267
1.8476755069796225,0.03408725515734979,2.284958323261464,-2.2852125669906744,102,6.2926811703327274,0.6273980033932469,6.301215937417229,0.5943965077456923
1.8497353458948729,0.0340565263064945,2.2828984843473514,-2.283152498880379,102,6.294675398518087,0.6279137458691988,6.303202471712787,0.5949420002860912
1.8517951848101233,0.034025797455708134,2.2808386454332403,-2.281092430770085,102,6.296669626703445,0.6284294883451507,6.305189006008361,0.5954874928264234
1.8538550237253737,0.0339950686049908,2.2787788065191297,-2.279032362659792,102,6.298663854888804,0.6289452308211025,6.307175540303953,0.5960329853666888
1.855914862640624,0.03396433975434262,2.276718967605021,-2.2769722945494997,102,6.300658083074163,0.6294609732970544,6.309162074599562,0.5965784779068872
1.8579747015558745,0.03393361090376372,2.2746591286909124,-2.2749122264392088,102,6.302652311259521,0.6299767157730063,6.311148608895188,0.5971239704470186
1.860034540471125,0.0339028820532542,2.2725992897768044,-2.2728521583289187,102,6.30464653944488,0.6304924582489582,6.313135143190831,0.5976694629870828
1.8620943793863753,0.03387215320281419,2.2705394508626973,-2.2707920902186296,102,6.306640767630238,0.6310082007249102,6.315121677486491,0.5982149555270798
1.8641542183016258,0.03384142435244379,2.268479611948592,-2.268732022108342,102,6.308634995815598,0.631523943200862,6.317108211782171,0.5987604480670093
1.8662140572168762,0.03381069550214312,2.2664197730344866,-2.266671953998055,102,6.310629224000956,0.6320396856768139,6.319094746077866,0.5993059406068714
1.8682738961321266,0.03377996665191231,2.264359934120382,-2.264611885887769,102,6.3126234521863145,0.6325554281527659,6.321081280373579,0.5998514331466658
1.870333735047377,0.033749237801751444,2.2623000952062786,-2.262551817777484,102,6.314617680371674,0.6330711706287178,6.323067814669311,0.6003969256863925
1.8723935739626274,0.03371850895166066,2.2602402562921764,-2.2604917496672003,102,6.316611908557032,0.6335869131046696,6.325054348965059,0.6009424182260513
1.8744534128778778,0.033687780101640065,2.2581804173780746,-2.258431681556918,102,6.318606136742391,0.6341026555806215,6.327040883260825,0.6014879107656421
1.8765132517931282,0.03365705125168977,2.2561205784639737,-2.2563716134466363,102,6.320600364927749,0.6346183980565734,6.329027417556608,0.6020334033051649
1.8785730907083786,0.0336263224018099,2.2540607395498733,-2.2543115453363556,102,6.3225945931131085,0.6351341405325253,6.33101395185241,0.6025788958446195
1.880632929623629,0.03359559355200056,2.2520009006357746,-2.252251477226076,102,6.324588821298467,0.6356498830084771,6.3330004861482285,0.6031243883840058
1.8826927685388795,0.03356486470226189,2.2499410617216764,-2.2501914091157977,102,6.326583049483825,0.636165625484429,6.334987020444064,0.6036698809233237
1.8847526074541299,0.03353413585259399,2.247881222807579,-2.24813134100552,102,6.328577277669185,0.636681367960381,6.336973554739919,0.6042153734625733
1.8868124463693803,0.03350340700299697,2.245821383893482,-2.246071272895244,102,6.330571505854543,0.6371971104363329,6.338960089035791,0.604760866001754
1.8888722852846307,0.03347267815347095,2.2437615449793866,-2.2440112047849685,102,6.3325657340399015,0.6377128529122847,6.34094662333168,0.605306358540866
1.890932124199881,0.03344194930401605,2.2417017060652915,-2.2419511366746945,102,6.33455996222526,0.6382285953882367,6.342933157627588,0.6058518510799094
1.8929919631151315,0.033411220454632365,2.2396418671511973,-2.2398910685644213,102,6.336554190410619,0.6387443378641886,6.344919691923514,0.6063973436188835
1.895051802030382,0.033380491605320035,2.2375820282371035,-2.237831000454149,102,6.338548418595978,0.6392600803401405,6.346906226219457,0.6069428361577887
1.8971116409456323,0.03334976275607917,2.2355221893230115,-2.235770932343878,102,6.340542646781336,0.6397758228160924,6.348892760515418,0.6074883286966246
1.8991714798608827,0.03331903390690989,2.2334623504089195,-2.233710864233608,102,6.3425368749666955,0.6402915652920442,6.3508792948113975,0.6080338212353913
1.9012313187761332,0.033288305057812315,2.231402511494829,-2.2316507961233394,102,6.344531103152054,0.6408073077679961,6.352865829107395,0.6085793137740885
1.9032911576913836,0.033257576208786555,2.2293426725807386,-2.2295907280130716,102,6.346525331337412,0.641323050243948,6.354852363403409,0.6091248063127161
1.905350996606634,0.033226847359832716,2.227282833666649,-2.2275306599028046,102,6.348519559522771,0.6418387927198999,6.356838897699442,0.6096702988512742
1.9074108355218844,0.03319611851095092,2.225222994752561,-2.225470591792539,102,6.350513787708129,0.6423545351958517,6.358825431995493,0.6102157913897626
1.9094706744371348,0.03316538966214129,2.223163155838473,-2.2234105236822743,102,6.352508015893489,0.6428702776718037,6.360811966291562,0.6107612839281812
1.9115305133523852,0.03313466081340393,2.2211033169243857,-2.221350455572011,102,6.354502244078847,0.6433860201477556,6.362798500587649,0.6113067764665296
1.9135903522676356,0.033103931964738965,2.2190434780102994,-2.2192903874617484,102,6.356496472264206,0.6439017626237076,6.364785034883756,0.6118522690048082
1.915650191182886,0.03307320311614652,2.2169836390962145,-2.2172303193514873,102,6.358490700449565,0.6444175050996594,6.366771569179879,0.6123977615430163
1.9177100300981365,0.03304247426762671,2.21492380018213,-2.215170251241227,102,6.360484928634923,0.6449332475756113,6.36875810347602,0.6129432540811542
1.9197698690133869,0.03301174541917964,2.2128639612680465,-2.2131101831309676,102,6.362479156820282,0.6454489900515632,6.37074463777218,0.6134887466192216
1.9218297079286373,0.032981016570805426,2.210804122353963,-2.2110501150207096,102,6.36447338500564,0.6459647325275151,6.372731172068358,0.6140342391572186
1.9238895468438877,0.03295028772250419,2.208744283439881,-2.2089900469104524,102,6.366467613190999,0.646480475003467,6.374717706364555,0.6145797316951448
1.925949385759138,0.032919558874276056,2.2066844445258,-2.2069299788001966,102,6.368461841376358,0.6469962174794188,6.37670424066077,0.6151252242330003
1.9280092246743885,0.03288883002612113,2.204624605611719,-2.2048699106899416,102,6.370456069561717,0.6475119599553707,6.378690774957003,0.6156707167707849
1.930069063589639,0.03285810117803953,2.2025647666976393,-2.202809842579688,102,6.372450297747076,0.6480277024313226,6.3806773092532545,0.6162162093084985
1.9321289025048893,0.032827372330031385,2.20050492778356,-2.2007497744694353,102,6.374444525932434,0.6485434449072746,6.382663843549524,0.6167617018461411
1.9341887414201397,0.0327966434820968,2.198445088869482,-2.198689706359184,102,6.3764387541177925,0.6490591873832264,6.384650377845812,0.6173071943837124
1.9362485803353902,0.0327659146342359,2.196385249955404,-2.1966296382489334,102,6.378432982303151,0.6495749298591783,6.3866369121421185,0.6178526869212123
1.9383084192506406,0.032735185786448795,2.1943254110413277,-2.1945695701386843,102,6.38042721048851,0.6500906723351303,6.388623446438444,0.618398179458641
1.940368258165891,0.03270445693873561,2.1922655721272517,-2.192509502028436,102,6.382421438673869,0.6506064148110822,6.390609980734788,0.6189436719959979
1.9424280970811414,0.03267372809109644,2.1902057332131766,-2.190449433918189,102,6.384415666859228,0.651122157287034,6.39259651503115,0.6194891645332832
1.9444879359963918,0.03264299924353142,2.188145894299102,-2.188389365807943,102,6.3864098950445864,0.6516378997629859,6.394583049327531,0.6200346570704967
1.9465477749116422,0.03261227039604067,2.1860860553850285,-2.1863292976976982,102,6.388404123229945,0.6521536422389378,6.39656958362393,0.6205801496076382
1.9486076138268926,0.03258154154862431,2.1840262164709556,-2.1842692295874544,102,6.390398351415303,0.6526693847148897,6.398556117920348,0.6211256421447078
1.950667452742143,0.03255081270128245,2.1819663775568836,-2.182209161477212,102,6.392392579600662,0.6531851271908415,6.400542652216784,0.6216711346817052
1.9527272916573934,0.032520083854015204,2.1799065386428116,-2.1801490933669703,102,6.394386807786021,0.6537008696667934,6.40252918651324,0.6222166272186305
1.9547871305726439,0.03248935500682271,2.1778466997287413,-2.17808902525673,102,6.3963810359713795,0.6542166121427454,6.404515720809714,0.6227621197554833
1.9568469694878943,0.03245862615970506,2.1757868608146715,-2.1760289571464906,102,6.398375264156738,0.6547323546186973,6.406502255106207,0.6233076122922637
1.9589068084031447,0.03242789731266239,2.1737270219006026,-2.1739688890362525,102,6.400369492342097,0.6552480970946492,6.4084887894027185,0.6238531048289715
1.960966647318395,0.03239716846569482,2.1716671829865337,-2.1719088209260153,102,6.402363720527456,0.6557638395706011,6.410475323699249,0.6243985973656067
1.9630264862336455,0.03236643961880245,2.169607344072466,-2.1698487528157795,102,6.404357948712814,0.656279582046553,6.4124618579957975,0.624944089902169
1.965086325148896,0.0323357107719854,2.1675475051583986,-2.1677886847055445,102,6.406352176898173,0.6567953245225049,6.414448392292366,0.6254895824386583
1.9671461640641463,0.032304981925243795,2.1654876662443328,-2.165728616595311,102,6.408346405083532,0.6573110669984568,6.416434926588953,0.6260350749750746
1.9692060029793967,0.03227425307857776,2.163427827330267,-2.163668548485078,102,6.41034063326889,0.6578268094744086,6.4184214608855585,0.6265805675114177
1.9712658418946472,0.0322435242319874,2.161367988416202,-2.1616084803748468,102,6.412334861454249,0.6583425519503605,6.420407995182184,0.6271260600476876
1.9733256808098976,0.03221279538547282,2.1593081495021376,-2.1595484122646162,102,6.414329089639608,0.6588582944263124,6.422394529478828,0.6276715525838841
1.975385519725148,0.03218206653903417,2.1572483105880744,-2.157488344154387,102,6.416323317824967,0.6593740369022643,6.42438106377549,0.6282170451200071
1.9774453586403984,0.032151337687054846,2.1551884715862784,-2.1554282760440753,103,6.418317546010325,0.6598897793782161,6.426367598070765,0.6287625376614943
1.9795051975556488,0.03212060883408221,2.153128632655527,-2.1533682079337484,103,6.420311774195683,0.6604055218541681,6.428354132365792,0.6293080302039432
1.9815650364708992,0.032089879980977,2.15106879373821,-2.1513081398234197,103,6.422306002381043,0.66092126433012,6.430340666660786,0.6298535227465204
1.9836248753861496,0.032059151127902114,2.1490089548234312,-2.1492480717130915,103,6.424300230566401,0.661437006806072,6.432327200955787,0.6303990152890684
1.9856847143014,0.032028422274888405,2.146949115909133,-2.147188003602764,103,6.42629445875176,0.6619527492820239,6.434313735250804,0.6309445078315571
1.9877445532166504,0.0319976934219418,2.1448892769949257,-2.1451279354924377,103,6.428288686937119,0.6624684917579757,6.436300269545837,0.6314900003739807
1.9898043921319009,0.031966964569063484,2.142829438080736,-2.1430678673821126,103,6.430282915122477,0.6629842342339276,6.438286803840888,0.6320354929163382
1.9918642310471513,0.03193623571625379,2.1407695991665503,-2.1410077992717884,103,6.432277143307836,0.6634999767098795,6.440273338135955,0.6325809854586293
1.9939240699624017,0.03190550686351287,2.138709760252366,-2.138947731161465,103,6.434271371493194,0.6640157191858314,6.442259872431039,0.6331264780008539
1.995983908877652,0.03187477801084083,2.1366499213381815,-2.1368876630511426,103,6.436265599678554,0.6645314616617832,6.444246406726142,0.6336719705430117
1.9980437477929025,0.03184404915823777,2.1345900824239985,-2.1348275949408215,103,6.438259827863912,0.6650472041377352,6.446232941021261,0.6342174630851029
2.000103586708153,0.03181332030570381,2.1325302435098163,-2.1327675268305013,103,6.4402540560492705,0.6655629466136871,6.448219475316398,0.634762955627127
2.0021634256234035,0.03178259145323906,2.1304704045956346,-2.130707458720182,103,6.44224828423463,0.666078689089639,6.450206009611552,0.6353084481690842
2.004223264538654,0.03175186260084364,2.1284105656814534,-2.128647390609864,103,6.444242512419988,0.666594431565591,6.452192543906723,0.6358539407109743
2.006283103453905,0.03172113374851762,2.1263507267672725,-2.126587322499547,103,6.446236740605348,0.6671101740415429,6.454179078201913,0.6363994332527972
2.0083429423691554,0.03169040489626114,2.1242908878530926,-2.1245272543892306,103,6.448230968790706,0.6676259165174948,6.456165612497119,0.6369449257945528
2.010402781284406,0.0316596760440743,2.122231048938913,-2.1224671862789157,103,6.450225196976065,0.6681416589934468,6.458152146792343,0.637490418336241
2.0124626201996567,0.03162894719195722,2.1201712100247345,-2.1204071181686017,103,6.452219425161424,0.6686574014693988,6.460138681087583,0.6380359108778616
2.0145224591149073,0.03159821833990998,2.1181113711105564,-2.1183470500582886,103,6.454213653346783,0.6691731439453507,6.462125215382843,0.6385814034194146
2.016582298030158,0.03156748948793272,2.116051532196379,-2.116286981947977,103,6.456207881532142,0.6696888864213026,6.4641117496781195,0.6391268959608999
2.0186421369454086,0.031536760636025535,2.1139916932822027,-2.114226913837666,103,6.458202109717501,0.6702046288972546,6.466098283973413,0.6396723885023173
2.0207019758606592,0.03150603178418854,2.1119318543680263,-2.1121668457273564,103,6.460196337902859,0.6707203713732065,6.468084818268724,0.6402178810436667
2.02276181477591,0.031475302932421824,2.1098720154538513,-2.1101067776170477,103,6.462190566088219,0.6712361138491585,6.470071352564053,0.6407633735849482
2.0248216536911605,0.03144457408072552,2.1078121765396762,-2.10804670950674,103,6.464184794273578,0.6717518563251105,6.4720578868594005,0.6413088661261614
2.026881492606411,0.03141384522909973,2.105752337625502,-2.1059866413964334,103,6.466179022458936,0.6722675988010623,6.474044421154764,0.6418543586673063
2.028941331521662,0.031383116377544554,2.1036924987113284,-2.103926573286128,103,6.468173250644295,0.6727833412770143,6.476030955450145,0.642399851208383
2.0310011704369124,0.03135238752606011,2.101632659797155,-2.101866505175823,103,6.470167478829654,0.6732990837529663,6.478017489745546,0.6429453437493913
2.033061009352163,0.031321658674646494,2.0995728208829822,-2.09980643706552,103,6.4721617070150135,0.6738148262289183,6.480004024040963,0.6434908362903309
2.0351208482674137,0.03129092982330383,2.0975129819688108,-2.0977463689552174,103,6.474155935200372,0.6743305687048702,6.481990558336398,0.6440363288312017
2.0371806871826643,0.03126020097203222,2.0954531430546397,-2.0956863008449162,103,6.476150163385731,0.6748463111808222,6.483977092631851,0.6445818213720037
2.039240526097915,0.031229472120831776,2.093393304140469,-2.093626232734616,103,6.47814439157109,0.6753620536567742,6.4859636269273215,0.645127313912737
2.0413003650131656,0.03119874326970261,2.091333465226299,-2.0915661646243167,103,6.480138619756449,0.675877796132726,6.487950161222811,0.6456728064534011
2.043360203928416,0.031168014418644818,2.0892736263121297,-2.0895060965140186,103,6.482132847941807,0.676393538608678,6.489936695518317,0.6462182989939962
2.045420042843667,0.03113728556765852,2.0872137873979604,-2.0874460284037215,103,6.484127076127167,0.67690928108463,6.491923229813842,0.6467637915345221
2.0474798817589175,0.03110655671674382,2.0851539484837924,-2.0853859602934257,103,6.486121304312525,0.6774250235605819,6.493909764109383,0.6473092840749786
2.049539720674168,0.03107582786590083,2.0830941095696245,-2.083325892183131,103,6.4881155324978845,0.6779407660365339,6.4958962984049435,0.6478547766153657
2.0515995595894188,0.031045099015129658,2.0810342706554574,-2.081265824072837,103,6.490109760683243,0.6784565085124858,6.497882832700522,0.6484002691556834
2.0536593985046694,0.031014370164430413,2.078974431741291,-2.079205755962544,103,6.492103988868602,0.6789722509884377,6.499869366996118,0.6489457616959312
2.05571923741992,0.030983641313803198,2.0769145928271247,-2.0771456878522523,103,6.494098217053961,0.6794879934643897,6.501855901291732,0.6494912542361095
2.0577790763351707,0.030952912463248126,2.0748547539129594,-2.075085619741962,103,6.49609244523932,0.6800037359403417,6.503842435587365,0.6500367467762179
2.0598389152504213,0.030922183612765306,2.0727949149987945,-2.0730255516316722,103,6.4980866734246785,0.6805194784162936,6.505828969883015,0.6505822393162563
2.061898754165672,0.03089145476235486,2.07073507608463,-2.0709654835213835,103,6.500080901610038,0.6810352208922456,6.507815504178684,0.6511277318562246
2.0639585930809226,0.030860725912016877,2.068675237170466,-2.068905415411096,103,6.502075129795397,0.6815509633681975,6.509802038474371,0.6516732243961229
2.066018431996173,0.030829997061751473,2.0666153982563027,-2.0668453473008097,103,6.504069357980756,0.6820667058441494,6.511788572770075,0.6522187169359508
2.068078270911424,0.030799268211558747,2.06455555934214,-2.0647852791905246,103,6.506063586166114,0.6825824483201014,6.513775107065798,0.6527642094757083
2.0701381098266745,0.030768539361438824,2.062495720427978,-2.0627252110802403,103,6.508057814351473,0.6830981907960534,6.515761641361539,0.6533097020153955
2.072197948741925,0.03073781051139181,2.060435881513816,-2.0606651429699574,103,6.510052042536833,0.6836139332720053,6.5177481756572995,0.6538551945550118
2.0742577876571757,0.030707081661417807,2.0583760425996553,-2.0586050748596754,103,6.512046270722191,0.6841296757479572,6.519734709953077,0.6544006870945578
2.0763176265724264,0.030676352811516934,2.0563162036854945,-2.0565450067493947,103,6.5140404989075495,0.6846454182239092,6.521721244248873,0.6549461796340328
2.078377465487677,0.030645623961689288,2.0542563647713346,-2.054484938639115,103,6.516034727092909,0.6851611606998611,6.523707778544687,0.6554916721734368
2.0804373044029276,0.030614895111934985,2.052196525857175,-2.052424870528836,103,6.518028955278268,0.6856769031758131,6.525694312840521,0.65603716471277
2.0824971433181783,0.030584166262254138,2.050136686943016,-2.0503648024185583,103,6.520023183463627,0.6861926456517651,6.527680847136372,0.656582657252032
2.084556982233429,0.030553437412646843,2.048076848028857,-2.0483047343082816,103,6.522017411648985,0.686708388127717,6.52966738143224,0.6571281497912227
2.0866168211486795,0.030522708563113215,2.0460170091146996,-2.0462446661980063,103,6.524011639834344,0.6872241306036689,6.531653915728129,0.6576736423303422
2.08867666006393,0.030491979713653368,2.043957170200542,-2.044184598087732,103,6.526005868019704,0.6877398730796209,6.533640450024036,0.6582191348693903
2.090736498979181,0.03046125086426741,2.041897331286385,-2.0421245299774586,103,6.528000096205062,0.6882556155555728,6.535626984319961,0.6587646274083667
2.0927963378944314,0.03043052201495544,2.039837492372228,-2.0400644618671864,103,6.5299943243904215,0.6887713580315248,6.537613518615905,0.6593101199472716
2.094856176809682,0.030399793165717573,2.0377776534580723,-2.0380043937569154,103,6.531988552575781,0.6892871005074768,6.539600052911868,0.6598556124861048
2.0969160157249327,0.03036906431655392,2.0357178145439168,-2.0359443256466454,103,6.533982780761139,0.6898028429834288,6.541586587207847,0.6604011050248662
2.0989758546401833,0.030338335467464592,2.033657975629762,-2.0338842575363767,103,6.535977008946498,0.6903185854593806,6.543573121503846,0.6609465975635553
2.101035693555434,0.030307606618449688,2.0315981367156075,-2.031824189426109,103,6.537971237131857,0.6908343279353326,6.545559655799865,0.6614920901021727
2.1030955324706846,0.03027687776950932,2.0295382978014533,-2.0297641213158424,103,6.539965465317216,0.6913500704112846,6.547546190095902,0.6620375826407178
2.1051553713859352,0.030246148920643597,2.0274784588872996,-2.027704053205577,103,6.541959693502575,0.6918658128872365,6.549532724391957,0.6625830751791906
2.107215210301186,0.03021542007185263,2.0254186199731468,-2.0256439850953125,103,6.543953921687933,0.6923815553631885,6.55151925868803,0.663128567717591
2.1092750492164365,0.030184691223136523,2.023358781058994,-2.023583916985049,103,6.5459481498732925,0.6928972978391404,6.553505792984123,0.663674060255919
2.111334888131687,0.030153962374495392,2.021298942144842,-2.021523848874787,103,6.547942378058652,0.6934130403150923,6.555492327280236,0.6642195527941743
2.1133947270469378,0.03012323352592934,2.0192391032306904,-2.019463780764526,103,6.54993660624401,0.6939287827910443,6.5574788615763655,0.6647650453323571
2.1154545659621884,0.03009250467743848,2.0171792643165394,-2.017403712654266,103,6.551930834429369,0.6944445252669963,6.559465395872514,0.6653105378704671
2.117514404877439,0.030061775829022922,2.0151194254023883,-2.015343644544007,103,6.553925062614728,0.6949602677429482,6.5614519301686824,0.665856030408504
2.1195742437926897,0.03003104698068277,2.013059586488238,-2.0132835764337496,103,6.555919290800087,0.6954760102189002,6.56343846446487,0.666401522946468
2.1216340827079403,0.030000318132418134,2.010999747574089,-2.0112235083234933,103,6.557913518985446,0.6959917526948521,6.565424998761075,0.666947015484359
2.123693921623191,0.029969589284229117,2.0089399086599395,-2.009163440213238,103,6.559907747170804,0.696507495170804,6.5674115330572995,0.6674925080221766
2.1257537605384416,0.029938860436115836,2.0068800697457907,-2.007103372102984,103,6.561901975356164,0.697023237646756,6.569398067353544,0.668038000559921
2.127813599453692,0.02990813158807839,2.0048202308316427,-2.0050433039927307,103,6.563896203541523,0.697538980122708,6.5713846016498065,0.6685834930975919
2.129873438368943,0.02987740274011689,2.0027603919174943,-2.002983235882479,103,6.565890431726881,0.6980547225986599,6.573371135946088,0.6691289856351893
2.1319332772841935,0.029846673892231446,2.0007005530033473,-2.000923167772228,103,6.56788465991224,0.6985704650746118,6.575357670242388,0.6696744781727131
2.133993116199444,0.029815945044422174,1.9986407140892002,-1.9988630996619783,103,6.569878888097599,0.6990862075505638,6.577344204538709,0.6702199707101631
2.1360529551146947,0.029785216196689175,1.9965808751750538,-1.9968030315517298,103,6.5718731162829584,0.6996019500265157,6.579330738835048,0.6707654632475393
2.1381127940299454,0.02975448734903256,1.9945210362609076,-1.9947429634414824,103,6.573867344468317,0.7001176925024677,6.581317273131406,0.6713109557848416
2.140172632945196,0.029723758501452435,1.9924611973467616,-1.992682895331236,103,6.575861572653676,0.7006334349784197,6.583303807427783,0.6718564483220698
2.1422324718604466,0.029693029653948898,1.9904013584326161,-1.990622827220991,103,6.5778558008390355,0.7011491774543716,6.58529034172418,0.6724019408592238
2.1442923107756973,0.029662300806522067,1.9883415195184708,-1.9885627591107469,103,6.579850029024394,0.7016649199303235,6.587276876020595,0.6729474333963036
2.146352149690948,0.029631571959172043,1.9862816806043266,-1.986502691000504,103,6.581844257209752,0.7021806624062755,6.589263410317029,0.673492925933309
2.1484119886061985,0.029600843111898943,1.9842218416901822,-1.9844426228902623,103,6.583838485395112,0.7026964048822274,6.591249944613484,0.6740384184702399
2.150471827521449,0.02957011426470287,1.9821620027760385,-1.9823825547800218,103,6.585832713580471,0.7032121473581794,6.593236478909958,0.6745839110070962
2.1525316664367,0.029539385417583927,1.9801021638618952,-1.9803224866697824,103,6.5878269417658295,0.7037278898341314,6.59522301320645,0.6751294035438781
2.1545915053519504,0.029508656570542222,1.9780423249477523,-1.978262418559544,103,6.589821169951188,0.7042436323100832,6.5972095475029615,0.6756748960805848
2.156651344267201,0.02947792772357788,1.9759824860336097,-1.976202350449307,103,6.591815398136547,0.7047593747860352,6.5991960817994935,0.6762203886172169
2.1587111831824517,0.029447198876690988,1.9739226471194675,-1.974142282339071,103,6.593809626321907,0.7052751172619872,6.601182616096044,0.676765881153774
2.1607710220977023,0.029416470029881667,1.9718628082053256,-1.9720822142288363,103,6.595803854507265,0.7057908597379391,6.603169150392614,0.6773113736902558
2.162830861012953,0.029385741183150016,1.969802969291184,-1.9700221461186027,103,6.5977980826926235,0.7063066022138911,6.605155684689203,0.6778568662266626
2.1648906999282036,0.029355012336496147,1.967743130377043,-1.9679620780083702,103,6.599792310877983,0.7068223446898431,6.607142218985813,0.678402358762994
2.1669505388434542,0.02932428348992016,1.965683291462902,-1.9659020098981388,103,6.601786539063342,0.707338087165795,6.609128753282442,0.6789478512992502
2.169010377758705,0.02929355464342217,1.9636234525487621,-1.9638419417879087,103,6.603780767248701,0.7078538296417469,6.611115287579089,0.6794933438354306
2.1710702166739555,0.029262825797002283,1.961563613634622,-1.9617818736776798,103,6.605774995434059,0.7083695721176989,6.613101821875757,0.6800388363715355
2.173130055589206,0.0292320969506606,1.9595037747204826,-1.959721805567452,103,6.607769223619418,0.7088853145936509,6.6150883561724445,0.6805843289075648
2.1751898945044568,0.029201368104397232,1.9574439358063431,-1.9576617374572252,103,6.609763451804778,0.7094010570696028,6.617074890469152,0.6811298214435181
2.1772497334197074,0.029170639258212294,1.955384096892204,-1.9556016693469997,103,6.611757679990136,0.7099167995455548,6.619061424765878,0.6816753139793955
2.179309572334958,0.029139910412105875,1.9533242579780654,-1.9535416012367754,103,6.6137519081754945,0.7104325420215067,6.621047959062624,0.682220806515197
2.1813694112502087,0.0291091815660781,1.9512644190639272,-1.9514815331265523,103,6.615746136360855,0.7109482844974586,6.623034493359391,0.6827662990509222
2.1834292501654593,0.029078452720129055,1.9492045801497895,-1.9494214650163304,103,6.617740364546213,0.7114640269734106,6.625021027656176,0.6833117915865713
2.18548908908071,0.029047723868029264,1.947144741147729,-1.9473613969060166,104,6.619734592731572,0.7119797694493626,6.627007561951421,0.6838572841281753
2.1875489279959606,0.029016995014916627,1.9450849022181986,-1.9453013287956877,104,6.621728820916931,0.7124955119253145,6.628994096246413,0.6844027766707597
2.189608766911211,0.028986266161686293,1.9430250633012907,-1.943241260685357,104,6.62372304910229,0.7130112544012664,6.6309806305413765,0.6849482692134581
2.191668605826462,0.028955537308494164,1.9409652243865776,-1.941181192575027,104,6.625717277287649,0.7135269968772184,6.632967164836348,0.6854937617561195
2.1937284447417125,0.028924808455367417,1.938905385472246,-1.939121124464698,104,6.627711505473007,0.7140427393531703,6.634953699131336,0.6860392542987176
2.195788283656963,0.028894079602310864,1.9368455465579808,-1.93706105635437,104,6.6297057336583665,0.7145584818291223,6.636940233426342,0.6865847468412478
2.1978481225722137,0.028863350749325414,1.9347857076437276,-1.935000988244043,104,6.631699961843726,0.7150742243050743,6.638926767721367,0.6871302393837092
2.1999079614874644,0.028832621896411316,1.9327258687294768,-1.9329409201337173,104,6.633694190029084,0.7155899667810262,6.640913302016408,0.6876757319261014
2.201967800402715,0.02880189304356869,1.9306660298152265,-1.9308808520233924,104,6.635688418214443,0.7161057092569781,6.642899836311467,0.6882212244684245
2.2040276393179656,0.028771164190797633,1.9286061909009764,-1.9288207839130687,104,6.637682646399802,0.7166214517329301,6.644886370606545,0.6887667170106783
2.2060874782332163,0.028740435338098246,1.9265463519867272,-1.926760715802746,104,6.639676874585161,0.717137194208882,6.646872904901641,0.6893122095528627
2.208147317148467,0.02870970648547063,1.9244865130724775,-1.9247006476924244,104,6.64167110277052,0.717652936684834,6.6488594391967535,0.6898577020949775
2.2102071560637175,0.028678977632914875,1.9224266741582288,-1.922640579582104,104,6.643665330955878,0.718168679160786,6.650845973491885,0.6904031946370229
2.212266994978968,0.02864824878043109,1.9203668352439802,-1.9205805114717847,104,6.6456595591412375,0.7186844216367378,6.652832507787035,0.6909486871789985
2.214326833894219,0.028617519928019367,1.9183069963297317,-1.9185204433614662,104,6.647653787326597,0.7192001641126898,6.654819042082202,0.6914941797209044
2.2163866728094694,0.0285867910756798,1.9162471574154833,-1.9164603752511489,104,6.649648015511955,0.7197159065886418,6.656805576377388,0.6920396722627404
2.21844651172472,0.028556062223412487,1.9141873185012355,-1.9144003071408326,104,6.651642243697314,0.7202316490645937,6.65879211067259,0.6925851648045065
2.2205063506399707,0.02852533337121753,1.9121274795869876,-1.9123402390305175,104,6.653636471882673,0.7207473915405457,6.660778644967813,0.6931306573462025
2.2225661895552213,0.02849460451909501,1.9100676406727404,-1.9102801709202035,104,6.655630700068032,0.7212631340164977,6.662765179263054,0.6936761498878284
2.224626028470472,0.02846387566704505,1.9080078017584934,-1.9082201028098906,104,6.657624928253391,0.7217788764924495,6.664751713558311,0.694221642429384
2.2266858673857226,0.028433146815067735,1.9059479628442466,-1.9061600346995788,104,6.65961915643875,0.7222946189684015,6.666738247853587,0.6947671349708694
2.2287457063009732,0.02840241796316316,1.9038881239300005,-1.9040999665892682,104,6.6616133846241095,0.7228103614443535,6.668724782148883,0.6953126275122843
2.230805545216224,0.028371689111331425,1.901828285015754,-1.9020398984789584,104,6.663607612809468,0.7233261039203055,6.670711316444194,0.6958581200536287
2.2328653841314745,0.028340960259572626,1.8997684461015079,-1.8999798303686497,104,6.665601840994826,0.7238418463962574,6.672697850739525,0.6964036125949025
2.234925223046725,0.02831023140788685,1.8977086071872618,-1.8979197622583421,104,6.667596069180186,0.7243575888722094,6.674684385034874,0.6969491051361055
2.2369850619619758,0.028279502556274205,1.8956487682730165,-1.8958596941480357,104,6.669590297365545,0.7248733313481613,6.676670919330243,0.6974945976772379
2.2390449008772264,0.02824877370473479,1.893588929358771,-1.8937996260377303,104,6.671584525550903,0.7253890738241132,6.678657453625628,0.6980400902182992
2.241104739792477,0.02821804485326869,1.8915290904445259,-1.891739557927426,104,6.673578753736262,0.7259048163000652,6.680643987921032,0.6985855827592895
2.2431645787077277,0.028187316001876014,1.889469251530281,-1.889679489817123,104,6.675572981921621,0.7264205587760172,6.682630522216455,0.6991310753002089
2.2452244176229783,0.028156587150556838,1.8874094126160363,-1.887619421706821,104,6.6775672101069805,0.7269363012519691,6.684617056511896,0.6996765678410569
2.247284256538229,0.028125858299311274,1.8853495737017918,-1.88555935359652,104,6.679561438292339,0.727452043727921,6.686603590807355,0.7002220603818339
2.2493440954534796,0.02809512944813941,1.8832897347875477,-1.8834992854862203,104,6.681555666477697,0.727967786203873,6.688590125102833,0.7007675529225393
2.25140393436873,0.028064400597041357,1.8812298958733038,-1.8814392173759216,104,6.683549894663057,0.7284835286798249,6.69057665939833,0.7013130454631734
2.253463773283981,0.0280336717460172,1.87917005695906,-1.879379149265624,104,6.685544122848416,0.7289992711557769,6.692563193693845,0.7018585380037359
2.2555236121992315,0.028002942895067027,1.8771102180448163,-1.8773190811553275,104,6.6875383510337745,0.7295150136317289,6.6945497279893775,0.7024040305442268
2.257583451114482,0.02797221404419094,1.8750503791305728,-1.8752590130450322,104,6.689532579219133,0.7300307561076808,6.696536262284929,0.702949523084646
2.2596432900297327,0.027941485193389036,1.8729905402163296,-1.873198944934738,104,6.691526807404492,0.7305464985836327,6.6985227965805,0.7034950156249933
2.2617031289449834,0.0279107563426614,1.8709307013020864,-1.8711388768244448,104,6.693521035589852,0.7310622410595847,6.7005093308760895,0.7040405081652688
2.263762967860234,0.027880027492008144,1.8688708623878438,-1.8690788087141528,104,6.69551526377521,0.7315779835355366,6.702495865171697,0.7045860007054722
2.2658228067754846,0.027849298641429352,1.8668110234736008,-1.8670187406038619,104,6.697509491960568,0.7320937260114886,6.704482399467323,0.7051314932456035
2.2678826456907353,0.027818569790925108,1.8647511845593585,-1.864958672493572,104,6.699503720145928,0.7326094684874406,6.706468933762968,0.7056769857856627
2.269942484605986,0.027787840940495526,1.8626913456451164,-1.8628986043832834,104,6.701497948331287,0.7331252109633924,6.708455468058633,0.7062224783256495
2.2720023235212365,0.027757112090140697,1.8606315067308743,-1.8608385362729958,104,6.7034921765166455,0.7336409534393444,6.7104420023543145,0.7067679708655641
2.274062162436487,0.027726383239860715,1.8585716678166322,-1.8587784681627093,104,6.705486404702005,0.7341566959152964,6.712428536650016,0.7073134634054061
2.276122001351738,0.027695654389655672,1.8565118289023903,-1.856718400052424,104,6.707480632887364,0.7346724383912483,6.714415070945736,0.7078589559451756
2.2781818402669884,0.027664925539525653,1.8544519899881482,-1.8546583319421397,104,6.709474861072723,0.7351881808672003,6.716401605241475,0.7084044484848725
2.280241679182239,0.02763419668947076,1.852392151073907,-1.8525982638318566,104,6.711469089258081,0.7357039233431523,6.7183881395372325,0.7089499410244966
2.2823015180974897,0.02760346783949109,1.8503323121596653,-1.8505381957215745,104,6.71346331744344,0.7362196658191041,6.720374673833009,0.7094954335640479
2.2843613570127403,0.02757273898958673,1.8482724732454239,-1.8484781276112936,104,6.7154575456288,0.7367354082950561,6.722361208128804,0.7100409261035263
2.286421195927991,0.027542010139757774,1.8462126343311827,-1.8464180595010138,104,6.717451773814158,0.7372511507710081,6.7243477424246185,0.7105864186429317
2.2884810348432416,0.027511281290004325,1.8441527954169412,-1.844357991390735,104,6.719446001999517,0.73776689324696,6.726334276720451,0.7111319111822639
2.2905408737584922,0.027480552440326458,1.8420929565027004,-1.8422979232804575,104,6.721440230184876,0.738282635722912,6.728320811016303,0.7116774037215231
2.292600712673743,0.02744982359072428,1.8400331175884594,-1.840237855170181,104,6.723434458370235,0.738798378198864,6.730307345312174,0.7122228962607089
2.2946605515889935,0.027419094741197872,1.8379732786742184,-1.8381777870599056,104,6.725428686555594,0.7393141206748158,6.732293879608064,0.7127683887998213
2.296720390504244,0.02738836589174733,1.8359134397599775,-1.8361177189496314,104,6.727422914740952,0.7398298631507678,6.7342804139039725,0.7133138813388604
2.298780229419495,0.027357637042372752,1.833853600845737,-1.8340576508393582,104,6.729417142926311,0.7403456056267198,6.7362669481999005,0.7138593738778259
2.3008400683347454,0.027326908193074234,1.8317937619314963,-1.8319975827290864,104,6.731411371111671,0.7408613481026718,6.738253482495848,0.7144048664167179
2.302899907249996,0.027296179343851857,1.8297339230172558,-1.8299375146188157,104,6.733405599297029,0.7413770905786237,6.740240016791813,0.7149503589555358
2.3049597461652467,0.027265450494705714,1.8276740841030157,-1.827877446508546,104,6.735399827482388,0.7418928330545757,6.742226551087798,0.7154958514942802
2.3070195850804973,0.027234721645635906,1.8256142451887754,-1.8258173783982776,104,6.737394055667747,0.7424085755305276,6.7442130853838025,0.7160413440329507
2.309079423995748,0.027203992796642523,1.8235544062745352,-1.8237573102880102,104,6.739388283853106,0.7429243180064795,6.746199619679826,0.716586836571547
2.3111392629109986,0.027173263947725648,1.821494567360295,-1.821697242177744,104,6.741382512038465,0.7434400604824315,6.748186153975869,0.7171323291100694
2.313199101826249,0.02714253509888538,1.8194347284460548,-1.8196371740674788,104,6.743376740223823,0.7439558029583835,6.75017268827193,0.7176778216485177
2.3152589407415,0.0271118062501218,1.8173748895318147,-1.817577105957215,104,6.7453709684091825,0.7444715454343354,6.752159222568011,0.7182233141868916
2.3173187796567505,0.027081077401435012,1.815315050617575,-1.8155170378469523,104,6.747365196594542,0.7449872879102873,6.754145756864112,0.7187688067251912
2.319378618572001,0.027050348552825104,1.8132552117033351,-1.8134569697366907,104,6.7493594247799,0.7455030303862393,6.756132291160231,0.7193142992634164
2.3214384574872517,0.02701961970429216,1.811195372789095,-1.8113969016264302,104,6.75135365296526,0.7460187728621912,6.7581188254563695,0.7198597918015669
2.3234982964025024,0.026988890855836268,1.8091355338748552,-1.8093368335161708,104,6.753347881150619,0.7465345153381432,6.7601053597525285,0.720405284339643
2.325558135317753,0.02695816200745751,1.8070756949606148,-1.8072767654059125,104,6.755342109335977,0.7470502578140952,6.762091894048705,0.7209507768776444
2.3276179742330037,0.02692743315915599,1.8050158560463752,-1.8052166972956556,104,6.757336337521336,0.747566000290047,6.764078428344901,0.721496269415571
2.3296778131482543,0.0268967043109318,1.8029560171321355,-1.8031566291853998,104,6.759330565706695,0.748081742765999,6.766064962641117,0.7220417619534227
2.331737652063505,0.026865975462785033,1.8008961782178958,-1.801096561075145,104,6.761324793892054,0.748597485241951,6.768051496937353,0.7225872544911995
2.3337974909787556,0.026835246614715765,1.7988363393036562,-1.7990364929648914,104,6.763319022077413,0.7491132277179029,6.770038031233607,0.7231327470289013
2.335857329894006,0.02680451776672409,1.7967765003894165,-1.796976424854639,104,6.765313250262771,0.7496289701938549,6.772024565529881,0.7236782395665279
2.337917168809257,0.026773788918810104,1.7947166614751766,-1.7949163567443878,104,6.767307478448131,0.7501447126698069,6.7740110998261756,0.7242237321040793
2.3399770077245075,0.026743060070973882,1.7926568225609367,-1.7928562886341377,104,6.76930170663349,0.7506604551457587,6.775997634122489,0.7247692246415554
2.342036846639758,0.026712331223215514,1.7905969836466968,-1.7907962205238888,104,6.771295934818848,0.7511761976217107,6.777984168418821,0.7253147171789562
2.3440966855550087,0.026681602375535088,1.7885371447324567,-1.788736152413641,104,6.773290163004207,0.7516919400976627,6.779970702715173,0.7258602097162815
2.3461565244702594,0.026650873527932703,1.786477305818217,-1.7866760843033944,104,6.775284391189566,0.7522076825736146,6.781957237011545,0.7264057022535312
2.34821636338551,0.026620144680408436,1.7844174669039774,-1.784616016193149,104,6.7772786193749255,0.7527234250495666,6.783943771307936,0.7269511947907054
2.3502762023007606,0.026589415832962378,1.7823576279897375,-1.7825559480829047,104,6.779272847560284,0.7532391675255186,6.785930305604347,0.7274966873278037
2.3523360412160113,0.026558686985594618,1.7802977890754974,-1.7804958799726616,104,6.781267075745642,0.7537549100014704,6.7879168399007765,0.7280421798648262
2.354395880131262,0.026527958138305236,1.7782379501612573,-1.7784358118624197,104,6.783261303931002,0.7542706524774224,6.789903374197227,0.728587672401773
2.3564557190465125,0.026497229291094323,1.7761781112470172,-1.776375743752179,104,6.785255532116361,0.7547863949533744,6.791889908493697,0.7291331649386438
2.358515557961763,0.026466500443961965,1.774118272332777,-1.7743156756419394,104,6.7872497603017194,0.7553021374293263,6.793876442790186,0.7296786574754384
2.360575396877014,0.02643577159690825,1.772058433418537,-1.7722556075317009,104,6.789243988487078,0.7558178799052783,6.795862977086694,0.7302241500121569
2.3626352357922644,0.02640504274993326,1.7699985945042964,-1.7701955394214637,104,6.791238216672438,0.7563336223812303,6.797849511383224,0.7307696425487993
2.364695074707515,0.026374313903037086,1.7679387555900563,-1.7681354713112276,104,6.7932324448577965,0.7568493648571822,6.799836045679772,0.7313151350853654
2.3667549136227657,0.026343585056219806,1.7658789166758158,-1.7660754032009927,104,6.795226673043155,0.7573651073331341,6.801822579976339,0.7318606276218549
2.3688147525380163,0.026312856209481515,1.7638190777615754,-1.764015335090759,104,6.797220901228514,0.7578808498090861,6.803809114272928,0.7324061201582681
2.370874591453267,0.02628212736282229,1.7617592388473349,-1.7619552669805265,104,6.799215129413874,0.7583965922850381,6.805795648569537,0.7329516126946048
2.3729344303685176,0.026251398516242218,1.759699399933094,-1.759895198870295,104,6.801209357599232,0.75891233476099,6.8077821828661635,0.7334971052308648
2.3749942692837682,0.026220669669741386,1.7576395610188533,-1.757835130760065,104,6.8032035857845905,0.759428077236942,6.809768717162811,0.734042597767048
2.377054108199019,0.026189940823319872,1.7555797221046123,-1.755775062649836,104,6.80519781396995,0.7599438197128939,6.811755251459478,0.7345880903031545
2.3791139471142695,0.026159211976977768,1.7535198831903713,-1.7537149945396082,104,6.807192042155309,0.7604595621888458,6.813741785756166,0.7351335828391841
2.38117378602952,0.026128483130715148,1.7514600442761301,-1.7516549264293817,104,6.809186270340668,0.7609753046647978,6.815728320052872,0.7356790753751368
2.3832336249447708,0.0260977542845321,1.749400205361889,-1.7495948583191563,104,6.811180498526026,0.7614910471407498,6.817714854349599,0.7362245679110124
2.3852934638600214,0.026067025438428707,1.7473403664476475,-1.747534790208932,104,6.813174726711385,0.7620067896167017,6.8197013886463465,0.7367700604468108
2.387353302775272,0.02603629659240506,1.7452805275334062,-1.745474722098709,104,6.815168954896745,0.7625225320926536,6.821687922943114,0.7373155529825322
2.3894131416905227,0.02600556774646123,1.7432206886191643,-1.7434146539884872,104,6.817163183082103,0.7630382745686056,6.823674457239901,0.7378610455181762
2.3914729806057733,0.0259748389005973,1.7411608497049225,-1.7413545858782664,104,6.8191574112674616,0.7635540170445575,6.825660991536707,0.7384065380537428
2.393532819521024,0.025944110054813365,1.7391010107906808,-1.739294517768047,104,6.821151639452821,0.7640697595205095,6.827647525833534,0.738952030589232
2.3955926584362746,0.02591338120910949,1.737041171876438,-1.7372344496578287,104,6.82314586763818,0.7645855019964615,6.829634060130381,0.7394975231246438
2.397652497351525,0.02588265236348576,1.7349813329621957,-1.7351743815476115,104,6.825140095823539,0.7651012444724133,6.831620594427248,0.7400430156599778
2.399712336266776,0.025851923517942257,1.7329214940479534,-1.7331143134373956,104,6.827134324008897,0.7656169869483653,6.833607128724134,0.7405885081952343
2.4017721751820265,0.025821194672479075,1.7308616551337104,-1.7310542453271809,104,6.829128552194256,0.7661327294243173,6.835593663021042,0.7411340007304129
2.403832014097277,0.02579046582709627,1.7288018162194676,-1.7289941772169675,104,6.831122780379616,0.7666484719002692,6.83758019731797,0.7416794932655137
2.4058918530125277,0.02575973698179394,1.7267419773052244,-1.7269341091067552,104,6.833117008564974,0.7671642143762212,6.839566731614918,0.7422249858005368
2.4079516919277784,0.025729008129521367,1.7246821383028257,-1.724874040996439,105,6.8351112367503335,0.7676799568521732,6.84155326591012,0.7427704783423079
2.410011530843029,0.025698279276212554,1.7226222993746347,-1.7228139728861072,105,6.837105464935693,0.768195699328125,6.843539800205063,0.7433159708850823
2.4120713697582796,0.025667550422802044,1.720562460458116,-1.7207539047757738,105,6.839099693121051,0.768711441804077,6.84552633449998,0.7438614634279551
2.4141312086735303,0.025636821569436922,1.718502621543431,-1.7186938366654412,105,6.84109392130641,0.769227184280029,6.847512868794908,0.7444069559707841
2.416191047588781,0.02560609271614036,1.7164427826290336,-1.7166337685551096,105,6.843088149491769,0.7697429267559809,6.849499403089855,0.7449524485135466
2.4182508865040315,0.02557536386291606,1.7143829437146814,-1.7145737004447792,105,6.845082377677128,0.7702586692319329,6.851485937384819,0.7454979410562391
2.420310725419282,0.02554463500976466,1.7123231048003358,-1.7125136323344499,105,6.847076605862487,0.7707744117078849,6.853472471679801,0.7460434335988612
2.422370564334533,0.025513906156686326,1.7102632658859913,-1.7104535642241216,105,6.849070834047845,0.7712901541838367,6.855459005974801,0.7465889261414124
2.4244304032497834,0.025483177303681152,1.7082034269716468,-1.7083934961137945,105,6.8510650622332046,0.7718058966597887,6.85744554026982,0.7471344186838929
2.426490242165034,0.0254524484507492,1.7061435880573022,-1.7063334280034683,105,6.853059290418564,0.7723216391357407,6.859432074564858,0.7476799112263024
2.4285500810802847,0.025421719597890555,1.7040837491429572,-1.7042733598931432,105,6.855053518603922,0.7728373816116927,6.861418608859913,0.7482254037686411
2.4306099199955353,0.025390990745105285,1.7020239102286117,-1.7022132917828192,105,6.857047746789281,0.7733531240876446,6.863405143154987,0.7487708963109085
2.432669758910786,0.02536026189239346,1.6999640713142667,-1.7001532236724963,105,6.85904197497464,0.7738688665635965,6.865391677450079,0.749316388853105
2.4347295978260366,0.025329533039755155,1.697904232399921,-1.6980931555621745,105,6.861036203159999,0.7743846090395485,6.867378211745191,0.7498618813952302
2.4367894367412872,0.025298804187190434,1.6958443934855756,-1.6960330874518539,105,6.863030431345358,0.7749003515155004,6.869364746040319,0.7504073739372842
2.438849275656538,0.025268075334699387,1.6937845545712293,-1.6939730193415343,105,6.865024659530716,0.7754160939914524,6.871351280335467,0.750952866479267
2.4409091145717885,0.025237346482282076,1.6917247156568833,-1.6919129512312159,105,6.867018887716076,0.7759318364674044,6.8733378146306325,0.7514983590211782
2.442968953487039,0.025206617629938567,1.689664876742537,-1.6898528831208985,105,6.869013115901435,0.7764475789433563,6.875324348925818,0.752043851563018
2.4450287924022898,0.025175888777668933,1.6876050378281904,-1.6877928150105823,105,6.871007344086793,0.7769633214193082,6.87731088322102,0.7525893441047864
2.4470886313175404,0.025145159925473247,1.6855451989138437,-1.6857327469002672,105,6.873001572272152,0.7774790638952602,6.879297417516241,0.7531348366464832
2.449148470232791,0.025114431073351574,1.6834853599994966,-1.6836726787899532,105,6.874995800457511,0.7779948063712121,6.881283951811482,0.7536803291881081
2.4512083091480417,0.025083702221303985,1.6814255210851492,-1.6816126106796403,105,6.8769900286428705,0.7785105488471641,6.883270486106741,0.7542258217296616
2.4532681480632923,0.02505297336933055,1.6793656821708014,-1.6795525425693285,105,6.878984256828229,0.7790262913231161,6.885257020402018,0.7547713142711432
2.455327986978543,0.02502224451743134,1.6773058432564536,-1.6774924744590178,105,6.880978485013588,0.779542033799068,6.887243554697314,0.7553168068125528
2.4573878258937936,0.024991515665606416,1.6752460043421054,-1.6754324063487083,105,6.8829727131989475,0.7800577762750199,6.889230088992629,0.7558622993538906
2.459447664809044,0.024960786813855853,1.673186165427757,-1.6733723382383998,105,6.884966941384306,0.7805735187509719,6.891216623287962,0.7564077918951564
2.461507503724295,0.024930057962179716,1.6711263265134084,-1.6713122701280925,105,6.886961169569664,0.7810892612269238,6.893203157583312,0.75695328443635
2.4635673426395455,0.024899329110578072,1.669066487599059,-1.6692522020177862,105,6.888955397755024,0.7816050037028758,6.8951896918786835,0.7574987769774717
2.465627181554796,0.024868600259050983,1.66700664868471,-1.667192133907481,105,6.890949625940383,0.7821207461788278,6.897176226174072,0.7580442695185212
2.4676870204700467,0.024837871407598522,1.6649468097703604,-1.665132065797177,105,6.8929438541257415,0.7826364886547796,6.89916276046948,0.7585897620594982
2.4697468593852974,0.024807142556220754,1.6628869708560101,-1.6630719976868742,105,6.8949380823111,0.7831522311307316,6.901149294764906,0.7591352546004032
2.471806698300548,0.02477641370491775,1.66082713194166,-1.6610119295765724,105,6.896932310496459,0.7836679736066836,6.903135829060351,0.7596807471412357
2.4738665372157986,0.024745684853689567,1.6587672930273094,-1.6589518614662717,105,6.898926538681819,0.7841837160826355,6.905122363355815,0.7602262396819957
2.4759263761310493,0.024714956002536276,1.6567074541129583,-1.6568917933559721,105,6.900920766867177,0.7846994585585875,6.907108897651297,0.7607717322226832
2.4779862150463,0.02468422715145794,1.6546476151986074,-1.6548317252456737,105,6.9029149950525355,0.7852152010345395,6.909095431946798,0.7613172247632982
2.4800460539615505,0.024653498300454622,1.6525877762842553,-1.6527716571353763,105,6.904909223237895,0.7857309435104913,6.911081966242318,0.7618627173038405
2.482105892876801,0.024622769449526384,1.6505279373699036,-1.65071158902508,105,6.906903451423254,0.7862466859864433,6.913068500537858,0.7624082098443102
2.484165731792052,0.024592040598673308,1.6484680984555513,-1.648651520914785,105,6.908897679608613,0.7867624284623953,6.915055034833415,0.7629537023847072
2.4862255707073024,0.02456131174789544,1.6464082595411984,-1.646591452804491,105,6.910891907793971,0.7872781709383472,6.917041569128991,0.7634991949250312
2.488285409622553,0.024530582897192846,1.6443484206268455,-1.644531384694198,105,6.91288613597933,0.7877939134142992,6.919028103424587,0.7640446874652823
2.4903452485378037,0.024499854046565597,1.642288581712492,-1.6424713165839062,105,6.91488036416469,0.7883096558902511,6.921014637720202,0.7645901800054606
2.4924050874530543,0.024469125196013738,1.640228742798138,-1.6404112484736155,105,6.916874592350048,0.788825398366203,6.923001172015835,0.7651356725455658
2.494464926368305,0.024438396345537333,1.6381689038837837,-1.638351180363326,105,6.9188688205354065,0.789341140842155,6.924987706311486,0.7656811650855981
2.4965247652835556,0.024407667495136454,1.6361090649694292,-1.6362911122530377,105,6.920863048720766,0.789856883318107,6.926974240607158,0.7662266576255572
2.4985846041988062,0.024376938644811157,1.6340492260550743,-1.6342310441427506,105,6.922857276906125,0.790372625794059,6.928960774902848,0.7667721501654432
2.500644443114057,0.024346209794561507,1.631989387140719,-1.6321709760324645,105,6.924851505091484,0.7908883682700109,6.930947309198556,0.7673176427052558
2.5027042820293075,0.024315480944387555,1.6299295482263627,-1.6301109079221796,105,6.926845733276843,0.7914041107459628,6.932933843494284,0.7678631352449952
2.504764120944558,0.024284752094289364,1.627869709312007,-1.6280508398118958,105,6.928839961462202,0.7919198532219148,6.934920377790031,0.7684086277846612
2.5068239598598088,0.024254023244267,1.6258098703976498,-1.625990771701613,105,6.930834189647561,0.7924355956978667,6.936906912085797,0.7689541203242538
2.5088837987750594,0.02422329439432051,1.6237500314832929,-1.6239307035913315,105,6.932828417832919,0.7929513381738187,6.938893446381581,0.769499612863773
2.51094363769031,0.024192565544449963,1.6216901925689353,-1.621870635481051,105,6.9348226460182785,0.7934670806497707,6.940879980677385,0.7700451054032187
2.5130034766055607,0.024161836694655416,1.619630353654577,-1.6198105673707717,105,6.936816874203638,0.7939828231257225,6.9428665149732085,0.7705905979425908
2.5150633155208113,0.024131107844936925,1.6175705147402186,-1.6177504992604934,105,6.938811102388996,0.7944985656016745,6.9448530492690494,0.7711360904818892
2.517123154436062,0.024100378995294536,1.6155106758258595,-1.6156904311502163,105,6.940805330574355,0.7950143080776265,6.94683958356491,0.771681583021114
2.5191829933513126,0.02406965014572832,1.6134508369115002,-1.6136303630399405,105,6.942799558759714,0.7955300505535784,6.948826117860791,0.7722270755602649
2.521242832266563,0.024038921296238327,1.61139099799714,-1.6115702949296657,105,6.944793786945073,0.7960457930295304,6.9508126521566895,0.7727725680993422
2.523302671181814,0.024008192446824606,1.6093311590827797,-1.6095102268193922,105,6.946788015130432,0.7965615355054824,6.952799186452608,0.7733180606383456
2.5253625100970645,0.02397746359748722,1.6072713201684186,-1.6074501587091197,105,6.94878224331579,0.7970772779814342,6.954785720748545,0.7738635531772751
2.527422349012315,0.02394673474822623,1.6052114812540574,-1.6053900905988483,105,6.9507764715011495,0.7975930204573862,6.956772255044501,0.7744090457161306
2.5294821879275657,0.023916005899041675,1.6031516423396954,-1.603330022488578,105,6.952770699686509,0.7981087629333382,6.958758789340477,0.7749545382549121
2.5315420268428164,0.023885277049933616,1.601091803425333,-1.6012699543783089,105,6.954764927871867,0.7986245054092901,6.960745323636472,0.7755000307936195
2.533601865758067,0.023854548200902114,1.5990319645109698,-1.599209886268041,105,6.956759156057226,0.7991402478852421,6.962731857932485,0.7760455233322529
2.5356617046733176,0.023823819351947214,1.5969721255966067,-1.5971498181577743,105,6.958753384242585,0.7996559903611941,6.964718392228518,0.776591015870812
2.5377215435885683,0.023793090503068975,1.5949122866822427,-1.5950897500475087,105,6.960747612427944,0.8001717328371459,6.966704926524571,0.7771365084092969
2.539781382503819,0.02376236165426744,1.5928524477678778,-1.5930296819372443,105,6.962741840613303,0.8006874753130979,6.968691460820642,0.7776820009477077
2.5418412214190695,0.02373163280554266,1.590792608853513,-1.5909696138269809,105,6.964736068798661,0.8012032177890499,6.9706779951167315,0.7782274934860441
2.54390106033432,0.023700903956894684,1.5887327699391467,-1.5889095457167186,105,6.9667302969840215,0.8017189602650018,6.972664529412842,0.778772986024306
2.545960899249571,0.023670175108323564,1.5866729310247805,-1.5868494776064574,105,6.96872452516938,0.8022347027409538,6.974651063708971,0.7793184785624937
2.5480207381648214,0.023639446259829354,1.5846130921104138,-1.5847894094961976,105,6.970718753354738,0.8027504452169058,6.976637598005119,0.7798639711006069
2.550080577080072,0.023608717411412104,1.5825532531960464,-1.582729341385939,105,6.972712981540098,0.8032661876928576,6.978624132301287,0.7804094636386455
2.5521404159953227,0.02357798856307186,1.5804934142816782,-1.5806692732756813,105,6.974707209725457,0.8037819301688096,6.9806106665974745,0.7809549561766096
2.5542002549105733,0.02354725971480867,1.57843357536731,-1.5786092051654248,105,6.976701437910815,0.8042976726447616,6.9825972008936805,0.7815004487144991
2.556260093825824,0.023516530866622587,1.5763737364529404,-1.5765491370551694,105,6.978695666096174,0.8048134151207135,6.984583735189905,0.7820459412523139
2.5583199327410746,0.023485802018513652,1.5743138975385704,-1.5744890689449151,105,6.980689894281533,0.8053291575966655,6.98657026948615,0.782591433790054
2.5603797716563252,0.02345507317048191,1.5722540586242002,-1.5724290008346622,105,6.9826841224668925,0.8058449000726174,6.988556803782415,0.7831369263277195
2.562439610571576,0.023424344322527414,1.570194219709829,-1.5703689327244104,105,6.984678350652251,0.8063606425485694,6.990543338078698,0.7836824188653102
2.5644994494868265,0.023393615474650204,1.5681343807954573,-1.5683088646141596,105,6.986672578837609,0.8068763850245213,6.992529872375,0.7842279114028259
2.566559288402077,0.023362886626850318,1.5660745418810849,-1.56624879650391,105,6.988666807022969,0.8073921275004733,6.994516406671323,0.784773403940267
2.5686191273173278,0.02333215777912781,1.5640147029667117,-1.5641887283936615,105,6.990661035208328,0.8079078699764253,6.996502940967665,0.785318896477633
2.5706789662325784,0.023301428931482723,1.5619548640523382,-1.5621286602834143,105,6.9926552633936865,0.8084236124523771,6.998489475264026,0.785864389014924
2.572738805147829,0.023270700083915095,1.5598950251379637,-1.5600685921731683,105,6.994649491579045,0.8089393549283291,7.000476009560406,0.7864098815521401
2.5747986440630797,0.023239971236424975,1.5578351862235889,-1.5580085240629233,105,6.996643719764404,0.8094550974042811,7.002462543856805,0.7869553740892812
2.5768584829783303,0.0232092423890124,1.5557753473092129,-1.5559484559526795,105,6.998637947949764,0.809970839880233,7.004449078153225,0.7875008666263471
2.578918321893581,0.023178513541677413,1.5537155083948364,-1.5538883878424368,105,7.000632176135122,0.810486582356185,7.006435612449663,0.788046359163338
2.5809781608088316,0.023147784694420054,1.5516556694804593,-1.5518283197321954,105,7.0026264043204804,0.811002324832137,7.0084221467461205,0.7885918517002537
2.583037999724082,0.02311705584724036,1.5495958305660817,-1.549768251621955,105,7.00462063250584,0.8115180673080888,7.010408681042598,0.7891373442370941
2.585097838639333,0.02308632700013838,1.547535991651703,-1.547708183511716,105,7.006614860691199,0.8120338097840408,7.012395215339096,0.7896828367738594
2.5871576775545835,0.023055598153114146,1.545476152737324,-1.5456481154014778,105,7.0086090888765575,0.8125495522599928,7.014381749635612,0.7902283293105495
2.589217516469834,0.0230248693061677,1.5434163138229438,-1.543588047291241,105,7.010603317061917,0.8130652947359447,7.016368283932148,0.7907738218471642
2.5912773553850847,0.022994140459299067,1.541356474908563,-1.5415279791810055,105,7.012597545247276,0.8135810372118967,7.018354818228704,0.7913193143837035
2.5933371943003354,0.022963411612508297,1.5392966359941818,-1.539467911070771,105,7.014591773432635,0.8140967796878487,7.0203413525252785,0.7918648069201675
2.595397033215586,0.022932682765795426,1.5372367970797993,-1.5374078429605376,105,7.016586001617993,0.8146125221638005,7.022327886821873,0.792410299456556
2.5974568721308366,0.02290195391916049,1.5351769581654167,-1.5353477748503055,105,7.018580229803352,0.8151282646397525,7.024314421118486,0.7929557919928691
2.5995167110460873,0.02287122507260352,1.5331171192510327,-1.5332877067400745,105,7.020574457988712,0.8156440071157045,7.02630095541512,0.7935012845291068
2.601576549961338,0.022840496226124548,1.5310572803366482,-1.5312276386298447,105,7.02256868617407,0.8161597495916564,7.028287489711773,0.7940467770652688
2.6036363888765885,0.022809767379723626,1.5289974414222631,-1.529167570519616,105,7.024562914359429,0.8166754920676084,7.0302740240084445,0.7945922696013554
2.605696227791839,0.022779038533400766,1.5269376025078765,-1.5271075024093883,105,7.026557142544788,0.8171912345435604,7.032260558305137,0.7951377621373664
2.60775606670709,0.022748309687156004,1.5248777635934896,-1.525047434299162,105,7.028551370730147,0.8177069770195122,7.034247092601849,0.7956832546733017
2.6098159056223404,0.022717580840989376,1.5228179246791023,-1.5229873661889368,105,7.030545598915506,0.8182227194954642,7.0362336268985795,0.7962287472091615
2.611875744537591,0.022686851994900916,1.5207580857647136,-1.5209272980787127,105,7.032539827100864,0.8187384619714162,7.03822016119533,0.7967742397449455
2.6139355834528417,0.02265612314889065,1.518698246850324,-1.5188672299684898,105,7.034534055286223,0.8192542044473681,7.040206695492101,0.7973197322806538
2.6159954223680923,0.022625394302958606,1.5166384079359339,-1.5168071618582681,105,7.036528283471583,0.8197699469233201,7.042193229788891,0.7978652248162864
2.618055261283343,0.022594665457104823,1.5145785690215425,-1.5147470937480476,105,7.038522511656941,0.820285689399272,7.0441797640857,0.7984107173518433
2.6201151001985936,0.022563936611329313,1.5125187301071505,-1.5126870256378282,105,7.0405167398423,0.8208014318752239,7.046166298382529,0.7989562098873243
2.6221749391138442,0.022533207765632113,1.510458891192758,-1.5106269575276101,105,7.042510968027659,0.8213171743511759,7.048152832679378,0.7995017024227296
2.624234778029095,0.022502478920013256,1.5083990522783643,-1.5085668894173931,105,7.044505196213018,0.8218329168271279,7.050139366976246,0.800047194958059
2.6262946169443455,0.022471750074472756,1.50633921336397,-1.5065068213071773,105,7.046499424398377,0.8223486593030799,7.052125901273134,0.8005926874933125
2.628354455859596,0.022441021229010646,1.5042793744495744,-1.5044467531969625,105,7.048493652583735,0.8228644017790318,7.05411243557004,0.8011381800284901
2.630414294774847,0.022410292383626955,1.5022195355351784,-1.502386685086749,105,7.0504878807690945,0.8233801442549837,7.0560989698669685,0.8016836725635919
2.6324741336900974,0.022379563538321705,1.500159696620781,-1.5003266169765368,105,7.052482108954454,0.8238958867309357,7.058085504163915,0.8022291650986176
2.634533972605348,0.022348834693094902,1.4980998577063827,-1.4982665488663256,105,7.054476337139812,0.8244116292068876,7.0600720384608815,0.8027746576335674
2.6365938115205987,0.02231810584794659,1.4960400187919836,-1.4962064807561155,105,7.056470565325172,0.8249273716828396,7.062058572757868,0.8033201501684413
2.6386536504358493,0.02228737700287678,1.4939801798775836,-1.4941464126459068,105,7.058464793510531,0.8254431141587916,7.064045107054874,0.8038656427032391
2.6407134893511,0.0222566481578855,1.4919203409631825,-1.492086344535699,105,7.060459021695889,0.8259588566347434,7.066031641351899,0.8044111352379608
2.6427733282663506,0.022225919312972756,1.4898605020487803,-1.4900262764254926,105,7.062453249881248,0.8264745991106954,7.068018175648944,0.8049566277726067
2.644833167181601,0.022195190468138573,1.4878006631343776,-1.4879662083152871,105,7.064447478066607,0.8269903415866474,7.070004709946009,0.8055021203071764
2.646893006096852,0.022164461623382984,1.4857408242199739,-1.485906140205083,105,7.066441706251966,0.8275060840625993,7.071991244243094,0.8060476128416699
2.6489528450121025,0.022133732778705995,1.4836809853055688,-1.48384607209488,105,7.068435934437325,0.8280218265385513,7.073977778540197,0.8065931053760875
2.651012683927353,0.022103003934107624,1.4816211463911628,-1.4817860039846782,105,7.070430162622683,0.8285375690145033,7.07596431283732,0.807138597910429
2.6530725228426038,0.022072275089587888,1.4795613074767564,-1.4797259358744776,105,7.072424390808043,0.8290533114904551,7.077950847134464,0.8076840904446941
2.6551323617578544,0.02204154624514681,1.4775014685623484,-1.4776658677642782,105,7.074418618993402,0.8295690539664071,7.079937381431628,0.8082295829788833
2.657192200673105,0.022010817400784397,1.4754416296479396,-1.47560579965408,105,7.07641284717876,0.8300847964423591,7.081923915728811,0.8087750755129963
2.6592520395883557,0.021980088548220436,1.4733817906450695,-1.4735457315437592,106,7.078407075364119,0.830600538918311,7.083910450023939,0.8093205680550495
2.6613118785036063,0.021949359694588617,1.4713219517184268,-1.4714856634334226,106,7.080401303549478,0.831116281394263,7.0858969843188016,0.8098660605981367
2.663371717418857,0.021918630840871534,1.4692621128022678,-1.4694255953230848,106,7.0823955317348375,0.831632023870215,7.087883518613642,0.8104115531413064
2.6654315563341076,0.021887901987204368,1.4672022738875485,-1.4673655272127477,106,7.084389759920196,0.8321477663461668,7.089870052908496,0.8109570456844276
2.667491395249358,0.021857173133605717,1.4651424349730262,-1.4653054591024117,106,7.086383988105554,0.8326635088221188,7.091856587203365,0.8115025382274826
2.669551234164609,0.021826444280078138,1.4630825960585296,-1.4632453909920766,106,7.088378216290914,0.8331792512980708,7.093843121498254,0.8120480307704689
2.6716110730798595,0.021795715426622,1.4610227571440357,-1.4611853228817426,106,7.090372444476273,0.8336949937740227,7.09582965579316,0.8125935233133859
2.67367091199511,0.021764986573237364,1.458962918229542,-1.4591252547714098,106,7.0923666726616315,0.8342107362499747,7.097816190088084,0.8131390158562337
2.6757307509103607,0.021734257719924252,1.456903079315047,-1.457065186661078,106,7.09436090084699,0.8347264787259266,7.099802724383025,0.8136845083990123
2.6777905898256114,0.021703528866682666,1.4548432404005514,-1.4550051185507473,106,7.096355129032349,0.8352422212018785,7.101789258677985,0.8142300009417216
2.679850428740862,0.021672800013512628,1.4527834014860543,-1.4529450504404176,106,7.0983493572177085,0.8357579636778305,7.103775792972963,0.8147754934843616
2.6819102676561126,0.021642071160414132,1.4507235625715567,-1.450884982330089,106,7.100343585403067,0.8362737061537825,7.105762327267958,0.8153209860269325
2.6839701065713633,0.021611342307387205,1.4486637236570576,-1.4488249142197613,106,7.102337813588426,0.8367894486297344,7.107748861562972,0.8158664785694338
2.686029945486614,0.021580613454431838,1.446603884742558,-1.446764846109435,106,7.104332041773786,0.8373051911056864,7.109735395858004,0.8164119711118661
2.6880897844018645,0.02154988460154805,1.4445440458280574,-1.4447047779991096,106,7.106326269959144,0.8378209335816383,7.1117219301530525,0.816957463654229
2.690149623317115,0.021519155748735853,1.442484206913556,-1.4426447098887853,106,7.1083204981445025,0.8383366760575902,7.113708464448119,0.8175029561965226
2.692209462232366,0.021488426895995248,1.440424367999053,-1.440584641778462,106,7.110314726329862,0.8388524185335422,7.115694998743205,0.8180484487387469
2.6942693011476164,0.02145769804332623,1.4383645290845493,-1.4385245736681398,106,7.112308954515221,0.8393681610094942,7.117681533038308,0.818593941280902
2.696329140062867,0.021426969190728812,1.4363046901700445,-1.4364645055578187,106,7.11430318270058,0.8398839034854462,7.1196680673334285,0.8191394338229877
2.6983889789781177,0.021396240338203,1.4342448512555388,-1.4344044374474987,106,7.116297410885938,0.840399645961398,7.121654601628567,0.8196849263650039
2.7004488178933683,0.021365511485748792,1.4321850123410322,-1.4323443693371798,106,7.118291639071297,0.84091538843735,7.123641135923725,0.820230418906951
2.702508656808619,0.021334782633366196,1.4301251734265241,-1.4302843012268618,106,7.120285867256657,0.841431130913302,7.1256276702189,0.8207759114488287
2.7045684957238696,0.021304053781055203,1.4280653345120151,-1.428224233116545,106,7.122280095442015,0.8419468733892539,7.127614204514092,0.821321403990637
2.7066283346391202,0.021273324928815823,1.4260054955975054,-1.4261641650062291,106,7.124274323627374,0.8424626158652059,7.129600738809302,0.8218668965323761
2.708688173554371,0.02124259607664806,1.4239456566829942,-1.4241040968959144,106,7.126268551812733,0.8429783583411579,7.131587273104531,0.8224123890740458
2.7107480124696215,0.021211867224551897,1.421885817768482,-1.4220440287856009,106,7.128262779998092,0.8434941008171097,7.133573807399777,0.8229578816156461
2.712807851384872,0.02118113837252733,1.4198259788539689,-1.4199839606752882,106,7.130257008183451,0.8440098432930617,7.135560341695042,0.8235033741571772
2.7148676903001228,0.02115040952057437,1.4177661399394546,-1.4179238925649766,106,7.132251236368809,0.8445255857690137,7.137546875990323,0.824048866698639
2.7169275292153734,0.02111968066869301,1.415706301024939,-1.4158638244546662,106,7.134245464554168,0.8450413282449656,7.139533410285624,0.8245943592400313
2.718987368130624,0.021088951816883236,1.4136464621104223,-1.4138037563443568,106,7.136239692739528,0.8455570707209176,7.141519944580943,0.8251398517813545
2.7210472070458747,0.02105822296514504,1.4115866231959049,-1.4117436882340486,106,7.138233920924886,0.8460728131968696,7.1435064788762785,0.8256853443226083
2.7231070459611253,0.021027494113478425,1.4095267842813857,-1.4096836201237413,106,7.140228149110245,0.8465885556728214,7.145493013171632,0.8262308368637927
2.725166884876376,0.020996765261883377,1.4074669453668656,-1.407623552013435,106,7.142222377295605,0.8471042981487734,7.147479547467006,0.826776329404908
2.7272267237916266,0.020966036410359885,1.4054071064523446,-1.40556348390313,106,7.144216605480963,0.8476200406247254,7.1494660817623945,0.8273218219459539
2.729286562706877,0.020935307558907948,1.4033472675378225,-1.403503415792826,106,7.146210833666322,0.8481357831006773,7.151452616057802,0.8278673144869306
2.731346401622128,0.02090457870752755,1.401287428623299,-1.401443347682523,106,7.148205061851681,0.8486515255766293,7.153439150353228,0.828412807027838
2.7334062405373785,0.02087384985621868,1.3992275897087745,-1.3993832795722212,106,7.15019929003704,0.8491672680525812,7.155425684648672,0.8289582995686763
2.735466079452629,0.020843121004981317,1.3971677507942484,-1.3973232114619203,106,7.152193518222399,0.8496830105285331,7.157412218944133,0.8295037921094451
2.7375259183678797,0.020812392153815452,1.3951079118797214,-1.3952631433516205,106,7.154187746407757,0.8501987530044851,7.159398753239612,0.8300492846501448
2.7395857572831304,0.020781663302721076,1.3930480729651928,-1.3932030752413218,106,7.156181974593117,0.8507144954804371,7.16138528753511,0.8305947771907753
2.741645596198381,0.020750934451698164,1.3909882340506634,-1.3911430071310242,106,7.158176202778476,0.851230237956389,7.1633718218306255,0.8311402697313366
2.7437054351136316,0.020720205600746708,1.3889283951361326,-1.3890829390207278,106,7.160170430963834,0.851745980432341,7.165358356126158,0.8316857622718288
2.7457652740288823,0.020689476749866684,1.3868685562216008,-1.3870228709104322,106,7.162164659149193,0.8522617229082929,7.167344890421709,0.8322312548122518
2.747825112944133,0.020658747899058083,1.3848087173070673,-1.3849628028001377,106,7.164158887334552,0.8527774653842448,7.169331424717278,0.8327767473526055
2.7498849518593835,0.020628019048320873,1.3827488783925328,-1.3829027346898444,106,7.166153115519911,0.8532932078601968,7.171317959012865,0.8333222398928903
2.751944790774634,0.020597290197655035,1.380689039477997,-1.3808426665795521,106,7.16814734370527,0.8538089503361488,7.1733044933084695,0.833867732433106
2.754004629689885,0.020566561347060548,1.3786292005634597,-1.378782598469261,106,7.170141571890628,0.8543246928121007,7.175291027604091,0.8344132249732524
2.7560644686051354,0.020535832496537388,1.3765693616489214,-1.3767225303589707,106,7.172135800075988,0.8548404352880526,7.177277561899732,0.83495871751333
2.758124307520386,0.02050510364608553,1.3745095227343815,-1.3746624622486816,106,7.174130028261347,0.8553561777640046,7.17926409619539,0.8355042100533384
2.7601841464356367,0.02047437479570495,1.3724496838198408,-1.3726023941383936,106,7.176124256446705,0.8558719202399566,7.181250630491066,0.8360497025932778
2.7622439853508873,0.020443645945395626,1.3703898449052985,-1.3705423260281067,106,7.178118484632064,0.8563876627159085,7.183237164786759,0.8365951951331483
2.764303824266138,0.02041291709515753,1.3683300059907548,-1.3684822579178206,106,7.180112712817423,0.8569034051918605,7.185223699082472,0.8371406876729498
2.7663636631813886,0.020382188244990638,1.3662701670762096,-1.3664221898075357,106,7.1821069410027825,0.8574191476678125,7.1872102333782015,0.8376861802126824
2.7684235020966392,0.020351459394894904,1.3642103281616633,-1.364362121697252,106,7.184101169188141,0.8579348901437643,7.189196767673948,0.838231672752346
2.77048334101189,0.020320730544870304,1.3621504892471152,-1.3623020535869692,106,7.1860953973735,0.8584506326197163,7.191183301969714,0.8387771652919408
2.7725431799271405,0.02029000169491681,1.3600906503325665,-1.3602419854766876,106,7.1880896255588596,0.8589663750956683,7.193169836265498,0.8393226578314668
2.774603018842391,0.020259272845034395,1.3580308114180157,-1.358181917366407,106,7.190083853744218,0.8594821175716202,7.195156370561298,0.8398681503709239
2.7766628577576418,0.020228543995223017,1.3559709725034639,-1.3561218492561273,106,7.192078081929576,0.8599978600475722,7.197142904857116,0.8404136429103123
2.7787226966728924,0.020197815145482634,1.3539111335889107,-1.3540617811458489,106,7.194072310114936,0.8605136025235242,7.199129439152952,0.840959135449632
2.780782535588143,0.020167086295813215,1.351851294674356,-1.3520017130355715,106,7.196066538300295,0.861029344999476,7.2011159734488075,0.8415046279888828
2.7828423745033937,0.02013635744621473,1.3497914557597996,-1.349941644925295,106,7.1980607664856535,0.861545087475428,7.203102507744679,0.842050120528065
2.7849022134186443,0.02010562859668713,1.347731616845242,-1.3478815768150196,106,7.200054994671012,0.86206082995138,7.2050890420405675,0.8425956130671788
2.786962052333895,0.020074899747230382,1.345671777930683,-1.3458215087047454,106,7.202049222856371,0.8625765724273319,7.207075576336475,0.8431411056062237
2.7890218912491456,0.020044170897844445,1.3436119390161225,-1.3437614405944722,106,7.204043451041731,0.8630923149032839,7.2090621106324,0.8436865981452002
2.791081730164396,0.02001344204852927,1.3415521001015605,-1.3417013724842,106,7.206037679227089,0.8636080573792358,7.2110486449283435,0.8442320906841082
2.793141569079647,0.019982713199284817,1.3394922611869973,-1.3396413043739288,106,7.2080319074124475,0.8641237998551877,7.2130351792243035,0.8447775832229477
2.7952014079948975,0.01995198435011104,1.3374324222724319,-1.3375812362636588,106,7.210026135597807,0.8646395423311397,7.215021713520282,0.8453230757617188
2.797261246910148,0.019921255501007894,1.3353725833578658,-1.3355211681533898,106,7.212020363783166,0.8651552848070917,7.2170082478162785,0.8458685683004216
2.7993210858253987,0.019890526651975333,1.3333127444432977,-1.3334611000431218,106,7.214014591968525,0.8656710272830436,7.218994782112291,0.8464140608390558
2.8013809247406494,0.019859797803013304,1.331252905528728,-1.3314010319328549,106,7.216008820153883,0.8661867697589956,7.220981316408322,0.8469595533776219
2.8034407636559,0.01982906895412176,1.3291930666141571,-1.329340963822589,106,7.218003048339242,0.8667025122349475,7.2229678507043715,0.8475050459161197
2.8055006025711506,0.019798340105300648,1.3271332276995846,-1.3272808957123243,106,7.219997276524602,0.8672182547108994,7.224954385000438,0.8480505384545494
2.8075604414864013,0.019767611256549914,1.3250733887850104,-1.3252208276020605,106,7.22199150470996,0.8677339971868514,7.2269409192965215,0.8485960309929109
2.809620280401652,0.019736882407869513,1.3230135498704347,-1.3231607594917978,106,7.2239857328953185,0.8682497396628034,7.228927453592623,0.8491415235312043
2.8116801193169025,0.019706153559259386,1.3209537109558576,-1.3211006913815362,106,7.225979961080678,0.8687654821387553,7.2309139878887425,0.8496870160694296
2.813739958232153,0.01967542471071947,1.3188938720412788,-1.3190406232712757,106,7.227974189266037,0.8692812246147072,7.23290052218488,0.850232508607587
2.815799797147404,0.01964469586224972,1.3168340331266983,-1.316980555161016,106,7.229968417451396,0.8697969670906592,7.234887056481034,0.8507780011456766
2.8178596360626544,0.019613967013850066,1.3147741942121163,-1.3149204870507576,106,7.231962645636755,0.8703127095666111,7.236873590777207,0.8513234936836981
2.819919474977905,0.019583238165520454,1.3127143552975327,-1.3128604189405002,106,7.233956873822114,0.8708284520425631,7.238860125073397,0.851868986221652
2.8219793138931557,0.019552509317260814,1.3106545163829473,-1.3108003508302437,106,7.235951102007473,0.8713441945185151,7.240846659369603,0.852414478759538
2.8240391528084063,0.019521780469071076,1.3085946774683603,-1.3087402827199883,106,7.237945330192831,0.871859936994467,7.2428331936658275,0.8529599712973563
2.826098991723657,0.019491051620951192,1.3065348385537718,-1.306680214609734,106,7.2399395583781905,0.8723756794704189,7.24481972796207,0.8535054638351072
2.8281588306389076,0.019460322772901096,1.3044749996391813,-1.3046201464994807,106,7.24193378656355,0.8728914219463709,7.246806262258329,0.8540509563727904
2.8302186695541582,0.01942959392492071,1.3024151607245893,-1.3025600783892284,106,7.243928014748908,0.8734071644223229,7.248792796554606,0.8545964489104061
2.832278508469409,0.019398865077009973,1.300355321809996,-1.3005000102789772,106,7.245922242934267,0.8739229068982748,7.2507793308509,0.8551419414479543
2.8343383473846595,0.019368136229168813,1.2982954828954003,-1.298439942168727,106,7.247916471119626,0.8744386493742268,7.252765865147213,0.8556874339854352
2.83639818629991,0.019337407381397154,1.2962356439808034,-1.2963798740584778,106,7.249910699304985,0.8749543918501788,7.254752399443542,0.8562329265228489
2.8384580252151608,0.01930667853369493,1.2941758050662047,-1.2943198059482297,106,7.251904927490344,0.8754701343261306,7.256738933739888,0.8567784190601953
2.8405178641304114,0.019275949686062062,1.292115966151604,-1.2922597378379825,106,7.253899155675702,0.8759858768020826,7.258725468036252,0.8573239115974746
2.842577703045662,0.019245220838498476,1.2900561272370015,-1.2901996697277365,106,7.2558933838610615,0.8765016192780346,7.2607120023326335,0.8578694041346867
2.8446375419609127,0.019214491991004085,1.2879962883223977,-1.2881396016174915,106,7.257887612046421,0.8770173617539865,7.262698536629032,0.8584148966718318
2.8466973808761633,0.019183763143578822,1.2859364494077918,-1.2860795335072475,106,7.259881840231779,0.8775331042299385,7.264685070925448,0.8589603892089102
2.848757219791414,0.019153034296222605,1.2838766104931845,-1.2840194653970045,106,7.261876068417138,0.8780488467058905,7.266671605221881,0.8595058817459216
2.8508170587066646,0.019122305448935353,1.2818167715785749,-1.2819593972867627,106,7.263870296602497,0.8785645891818423,7.268658139518331,0.8600513742828662
2.852876897621915,0.019091576601716977,1.2797569326639637,-1.2798993291765217,106,7.265864524787856,0.8790803316577943,7.2706446738148,0.8605968668197441
2.854936736537166,0.019060847754567397,1.2776970937493508,-1.2778392610662819,106,7.267858752973215,0.8795960741337463,7.272631208111284,0.8611423593565555
2.8569965754524165,0.01903011890748652,1.2756372548347361,-1.2757791929560431,106,7.269852981158573,0.8801118166096982,7.274617742407786,0.8616878518933003
2.859056414367667,0.018999390060474262,1.2735774159201194,-1.2737191248458053,106,7.2718472093439335,0.8806275590856502,7.276604276704307,0.8622333444299788
2.8611162532829177,0.018968661213530535,1.2715175770055012,-1.2716590567355686,106,7.273841437529292,0.8811433015616021,7.278590811000843,0.8627788369665909
2.8631760921981684,0.01893793236665524,1.2694577380908807,-1.2695989886253327,106,7.27583566571465,0.881659044037554,7.280577345297396,0.8633243295031365
2.865235931113419,0.018907203519848287,1.2673978991762584,-1.267538920515098,106,7.27782989390001,0.882174786513506,7.282563879593967,0.8638698220396163
2.8672957700286696,0.018876474673109586,1.2653380602616342,-1.2654788524048644,106,7.279824122085369,0.882690528989458,7.284550413890556,0.8644153145760298
2.8693556089439203,0.018845745826439025,1.2632782213470082,-1.2634187842946316,106,7.281818350270727,0.8832062714654099,7.286536948187161,0.8649608071123773
2.871415447859171,0.01881501697983653,1.2612183824323804,-1.2613587161844,106,7.283812578456086,0.8837220139413619,7.2885234824837815,0.8655062996486591
2.8734752867744215,0.01878428813330198,1.2591585435177506,-1.2592986480741692,106,7.285806806641445,0.8842377564173138,7.290510016780421,0.866051792184875
2.875535125689672,0.018753559286835284,1.2570987046031186,-1.2572385799639396,106,7.2878010348268045,0.8847534988932657,7.292496551077077,0.8665972847210252
2.877594964604923,0.018722830440436336,1.255038865688485,-1.2551785118537109,106,7.289795263012163,0.8852692413692177,7.29448308537375,0.8671427772571099
2.8796548035201734,0.01869210159410504,1.2529790267738492,-1.2531184437434832,106,7.291789491197521,0.8857849838451697,7.2964696196704395,0.8676882697931291
2.881714642435424,0.01866137274784128,1.2509191878592114,-1.2510583756332565,106,7.293783719382881,0.8863007263211216,7.298456153967146,0.8682337623290827
2.8837744813506747,0.018630643901644952,1.2488593489445718,-1.2489983075230309,106,7.29577794756824,0.8868164687970735,7.300442688263871,0.8687792548649712
2.8858343202659253,0.018599915055515948,1.24679951002993,-1.2469382394128061,106,7.2977721757535985,0.8873322112730255,7.302429222560611,0.8693247474007946
2.887894159181176,0.01856918620945415,1.2447396711152865,-1.2448781713025825,106,7.299766403938957,0.8878479537489774,7.3044157568573675,0.8698702399365527
2.8899539980964266,0.018538457363459444,1.2426798322006407,-1.24281810319236,106,7.301760632124316,0.8883636962249294,7.306402291154142,0.870415732472246
2.8920138370116772,0.018507728517531723,1.240619993285993,-1.2407580350821383,106,7.303754860309676,0.8888794387008814,7.308388825450933,0.8709612250078744
2.894073675926928,0.018476999671670862,1.2385601543713434,-1.2386979669719178,106,7.305749088495034,0.8893951811768334,7.3103753597477406,0.8715067175434381
2.8961335148421785,0.01844627082587675,1.2365003154566916,-1.2366378988616982,106,7.3077433166803925,0.8899109236527852,7.312361894044565,0.8720522100789372
2.898193353757429,0.018415541980149257,1.2344404765420374,-1.2345778307514794,106,7.309737544865752,0.8904266661287372,7.314348428341407,0.8725977026143718
2.90025319267268,0.018384813134488264,1.2323806376273814,-1.2325177626412618,106,7.311731773051111,0.8909424086046892,7.3163349626382645,0.8731431951497419
2.9023130315879304,0.018354084288893655,1.2303207987127232,-1.230457694531045,106,7.3137260012364695,0.8914581510806411,7.3183214969351384,0.8736886876850478
2.904372870503181,0.018323355443365292,1.2282609597980632,-1.2283976264208294,106,7.315720229421829,0.8919738935565931,7.32030803123203,0.8742341802202896
2.9064327094184317,0.01829262659790305,1.2262011208834005,-1.2263375583106146,106,7.317714457607188,0.892489636032545,7.322294565528938,0.8747796727554674
2.9084925483336823,0.0182618977525068,1.224141281968736,-1.224277490200401,106,7.319708685792547,0.8930053785084969,7.324281099825861,0.8753251652905812
2.910552387248933,0.018231168907176413,1.2220814430540694,-1.2222174220901882,106,7.321702913977905,0.8935211209844489,7.326267634122801,0.8758706578256313
2.9126122261641836,0.018200440061911752,1.2200216041394008,-1.2201573539799766,106,7.323697142163264,0.8940368634604009,7.328254168419758,0.8764161503606178
2.914672065079434,0.01816971121671268,1.2179617652247294,-1.2180972858697658,106,7.325691370348624,0.8945526059363528,7.330240702716733,0.8769616428955408
2.916731903994685,0.018138982371579054,1.2159019263100563,-1.216037217759556,106,7.327685598533982,0.8950683484123048,7.332227237013722,0.8775071354304004
2.9187917429099355,0.018108253526510742,1.2138420873953808,-1.2139771496493472,106,7.329679826719341,0.8955840908882567,7.334213771310727,0.8780526279651968
2.920851581825186,0.018077524681507598,1.211782248480703,-1.2119170815391394,106,7.3316740549047,0.8960998333642086,7.3362003056077505,0.87859812049993
2.9229114207404367,0.01804679583656948,1.2097224095660233,-1.2098570134289324,106,7.333668283090059,0.8966155758401606,7.33818683990479,0.8791436130346004
2.9249712596556874,0.01801606699169625,1.207662570651341,-1.2077969453187265,106,7.335662511275418,0.8971313183161126,7.340173374201844,0.879689105569208
2.927031098570938,0.017985338146887752,1.2056027317366567,-1.2057368772085215,106,7.337656739460776,0.8976470607920645,7.342159908498914,0.8802345981037527
2.9290909374861887,0.017954609302143838,1.2035428928219702,-1.2036768090983176,106,7.3396509676461354,0.8981628032680165,7.344146442796002,0.880780090638235
2.9311507764014393,0.017923880457464354,1.2014830539072814,-1.2016167409881147,106,7.341645195831495,0.8986785457439684,7.346132977093106,0.8813255831726551
2.93321061531669,0.017893151612849156,1.1994232149925899,-1.1995566728779126,106,7.343639424016853,0.8991942882199203,7.348119511390225,0.8818710757070127
2.9352704542319406,0.01786242276829807,1.1973633760778966,-1.1974966047677114,106,7.345633652202212,0.8997100306958723,7.35010604568736,0.8824165682413083
2.937330293147191,0.017831693923810957,1.1953035371632006,-1.1954365366575113,106,7.347627880387571,0.9002257731718243,7.352092579984513,0.8829620607755421
2.939390132062442,0.01780096507938764,1.1932436982485022,-1.193376468547312,106,7.34962210857293,0.9007415156477762,7.354079114281681,0.883507553309714
2.9414499709776925,0.01777023623502796,1.1911838593338016,-1.1913164004371137,106,7.351616336758289,0.9012572581237281,7.356065648578864,0.8840530458438243
2.943509809892943,0.017739507390731758,1.1891240204190987,-1.1892563323269165,106,7.353610564943647,0.9017730005996801,7.3580521828760626,0.8845985383778732
2.9455696488081937,0.01770877854649886,1.1870641815043932,-1.1871962642167202,106,7.3556047931290065,0.902288743075632,7.360038717173278,0.8851440309118607
2.9476294877234444,0.017678049702329102,1.1850043425896857,-1.1851361961065248,106,7.357599021314366,0.902804485551584,7.362025251470509,0.8856895234457872
2.949689326638695,0.017647320858222314,1.1829445036749753,-1.1830761279963302,106,7.359593249499724,0.903320228027536,7.364011785767756,0.8862350159796527
2.9517491655539456,0.017616592014178326,1.1808846647602629,-1.1810160598861368,106,7.361587477685084,0.9038359705034879,7.365998320065019,0.8867805085134572
2.9538090044691963,0.017585863170196957,1.1788248258455478,-1.1789559917759442,106,7.363581705870443,0.9043517129794398,7.367984854362298,0.8873260010472014
2.955868843384447,0.017555134326278025,1.1767649869308305,-1.1768959236657526,106,7.365575934055801,0.9048674554553918,7.369971388659591,0.887871493580885
2.9579286822996975,0.01752440548242136,1.1747051480161108,-1.1748358555555618,106,7.36757016224116,0.9053831979313438,7.3719579229569,0.8884169861145084
2.959988521214948,0.017493676638626773,1.1726453091013882,-1.172775787445372,106,7.369564390426519,0.9058989404072957,7.373944457254225,0.8889624786480715
2.962048360130199,0.017462947794894074,1.1705854701866631,-1.170715719335183,106,7.371558618611878,0.9064146828832477,7.3759309915515665,0.8895079711815749
2.9641081990454494,0.017432218951223086,1.1685256312719359,-1.168655651224995,106,7.373552846797237,0.9069304253591997,7.377917525848922,0.8900534637150185
2.9661680379607,0.01740149010761361,1.166465792357206,-1.166595583114808,106,7.375547074982595,0.9074461678351515,7.379904060146293,0.8905989562484025
2.9682278768759507,0.01737076126406546,1.1644059534424733,-1.164535515004622,106,7.377541303167955,0.9079619103111035,7.38189059444368,0.8911444487817272
2.9702877157912013,0.01734003242057843,1.1623461145277385,-1.1624754468944367,106,7.379535531353314,0.9084776527870555,7.383877128741083,0.8916899413149926
2.972347554706452,0.017309303577152334,1.1602862756130006,-1.1604153787842524,106,7.381529759538672,0.9089933952630074,7.385863663038499,0.892235433848199
2.9744073936217026,0.017278574733786974,1.1582264366982604,-1.158355310674069,106,7.383523987724031,0.9095091377389594,7.387850197335932,0.8927809263813468
2.9764672325369532,0.017247845890482137,1.1561665977835178,-1.1562952425638864,106,7.38551821590939,0.9100248802149113,7.3898367316333795,0.8933264189144359
2.978527071452204,0.017217117047237634,1.1541067588687721,-1.1542351744537047,106,7.3875124440947495,0.9105406226908632,7.391823265930842,0.8938719114474665
2.9805869103674545,0.01718638820405325,1.1520469199540242,-1.152175106343524,106,7.389506672280108,0.9110563651668152,7.39380980022832,0.8944174039804389
2.982646749282705,0.017155659360928777,1.1499870810392732,-1.150115038233344,106,7.391500900465466,0.9115721076427672,7.395796334525812,0.8949628965133534
2.9847065881979558,0.017124930517863995,1.14792724212452,-1.148054970123165,106,7.393495128650826,0.9120878501187191,7.39778286882332,0.89550838904621
2.9867664271132064,0.017094201674858703,1.1458674032097638,-1.145994902012987,106,7.395489356836185,0.912603592594671,7.399769403120843,0.8960538815790091
2.988826266028457,0.017063472831912674,1.143807564295005,-1.1439348339028097,106,7.3974835850215435,0.913119335070623,7.401755937418381,0.8965993741117508
2.9908861049437077,0.01703274398902569,1.1417477253802437,-1.1418747657926334,106,7.399477813206902,0.9136350775465749,7.403742471715932,0.8971448666444353
2.9929459438589583,0.017002015146197532,1.1396878864654794,-1.139814697682458,106,7.401472041392261,0.9141508200225269,7.4057290060135,0.897690359177063
2.995005782774209,0.016971286303427972,1.1376280475507123,-1.1377546295722833,106,7.4034662695776206,0.9146665624984789,7.407715540311082,0.8982358517096338
2.9970656216894596,0.01694055744993639,1.1355682085471417,-1.135694561461949,107,7.405460497762979,0.9151823049744308,7.4097020746059785,0.898781344252585
2.99912546060471,0.01690982859531691,1.1335083696226176,-1.1336344933515976,107,7.407454725948338,0.9156980474503827,7.411688608900594,0.8993268367966284
3.001185299519961,0.016879099740621826,1.1314485307067466,-1.1315744252412452,107,7.409448954133698,0.9162137899263347,7.4136751431951895,0.899872329340745
3.0032451384352115,0.0168483708859662,1.1293886917918194,-1.1295143571308934,107,7.411443182319056,0.9167295324022866,7.415661677489795,0.9004178218848232
3.005304977350462,0.016817642031362448,1.1273288528769931,-1.1274542890205423,107,7.4134374105044145,0.9172452748782386,7.417648211784413,0.9009633144288514
3.0073648162657127,0.016786913176811732,1.1252690139621757,-1.1253942209101921,107,7.415431638689774,0.9177610173541906,7.419634746079046,0.9015088069728281
3.0094246551809634,0.016756184322314,1.1232091750473567,-1.1233341527998426,107,7.417425866875133,0.9182767598301425,7.421621280373691,0.9020542995167535
3.011484494096214,0.016725455467869042,1.1211493361325355,-1.121274084689494,107,7.419420095060492,0.9187925023060944,7.423607814668349,0.9025997920606279
3.0135443330114646,0.016694726613476662,1.119089497217712,-1.119214016579146,107,7.42141432324585,0.9193082447820464,7.4255943489630205,0.9031452846044514
3.0156041719267153,0.01666399775913663,1.1170296583028856,-1.117153948468799,107,7.423408551431209,0.9198239872579983,7.427580883257705,0.9036907771482241
3.017664010841966,0.01663326890484872,1.1149698193880568,-1.1150938803584525,107,7.425402779616569,0.9203397297339503,7.429567417552404,0.9042362696919465
3.0197238497572165,0.016602540050612728,1.1129099804732254,-1.113033812248107,107,7.427397007801927,0.9208554722099023,7.431553951847113,0.9047817622356186
3.021783688672467,0.016571811196428424,1.1108501415583916,-1.110973744137762,107,7.429391235987286,0.9213712146858541,7.433540486141837,0.9053272547792405
3.023843527587718,0.016541082342295576,1.108790302643555,-1.108913676027418,107,7.431385464172645,0.9218869571618061,7.435527020436574,0.9058727473228126
3.0259033665029684,0.01651035348821395,1.1067304637287159,-1.1068536079170748,107,7.433379692358004,0.9224026996377581,7.437513554731323,0.9064182398663353
3.027963205418219,0.016479624634183326,1.1046706248138742,-1.1047935398067323,107,7.435373920543363,0.9229184421137101,7.439500089026085,0.9069637324098085
3.0300230443334697,0.01644889578020346,1.1026107858990295,-1.1027334716963906,107,7.437368148728721,0.923434184589662,7.441486623320859,0.9075092249532326
3.0320828832487203,0.01641816692627411,1.1005509469841825,-1.1006734035860495,107,7.43936237691408,0.923949927065614,7.443473157615648,0.9080547174966078
3.034142722163971,0.016387438072395046,1.0984911080693325,-1.0986133354757093,107,7.44135660509944,0.924465669541566,7.445459691910448,0.9086002100399343
3.0362025610792216,0.01635670921856601,1.0964312691544802,-1.0965532673653697,107,7.443350833284798,0.9249814120175178,7.44744622620526,0.9091457025832123
3.0382623999944722,0.016325980364786764,1.094371430239625,-1.094493199255031,107,7.445345061470157,0.9254971544934698,7.449432760500085,0.9096911951264421
3.040322238909723,0.016295251511057058,1.0923115913247674,-1.092433131144693,107,7.447339289655517,0.9260128969694218,7.451419294794923,0.9102366876696241
3.0423820778249735,0.016264522657376643,1.0902517524099065,-1.0903730630343558,107,7.449333517840875,0.9265286394453737,7.453405829089773,0.9107821802127583
3.044441916740224,0.016233793803745254,1.0881919134950433,-1.0883129949240193,107,7.451327746026234,0.9270443819213257,7.455392363384634,0.9113276727558449
3.0465017556554748,0.01620306495016265,1.0861320745801772,-1.0862529268136836,107,7.453321974211593,0.9275601243972776,7.457378897679509,0.9118731652988845
3.0485615945707254,0.01617233609662856,1.0840722356653083,-1.0841928587033485,107,7.455316202396952,0.9280758668732295,7.459365431974396,0.9124186578418769
3.050621433485976,0.016141607243142713,1.0820123967504367,-1.082132790593014,107,7.457310430582311,0.9285916093491815,7.461351966269294,0.9129641503848227
3.0526812724012267,0.016110878389704857,1.0799525578355622,-1.0800727224826805,107,7.459304658767669,0.9291073518251335,7.463338500564205,0.9135096429277221
3.0547411113164773,0.016080149536314717,1.077892718920685,-1.0780126543723476,107,7.461298886953029,0.9296230943010854,7.465325034859127,0.9140551354705752
3.056800950231728,0.016049420682972017,1.0758328800058048,-1.0759525862620154,107,7.463293115138388,0.9301388367770373,7.467311569154062,0.9146006280133824
3.0588607891469786,0.016018691829676482,1.0737730410909219,-1.0738925181516839,107,7.465287343323746,0.9306545792529893,7.469298103449008,0.915146120556144
3.060920628062229,0.01598796297642784,1.071713202176036,-1.071832450041353,107,7.467281571509105,0.9311703217289412,7.471284637743965,0.91569161309886
3.06298046697748,0.015957234123225802,1.069653363261147,-1.0697723819310228,107,7.469275799694464,0.9316860642048932,7.473271172038935,0.9162371056415312
3.0650403058927305,0.015926505270070085,1.0675935243462553,-1.0677123138206932,107,7.471270027879823,0.9322018066808452,7.475257706333917,0.9167825981841573
3.067100144807981,0.015895776416960408,1.0655336854313608,-1.0656522457103645,107,7.473264256065182,0.932717549156797,7.477244240628909,0.9173280907267388
3.0691599837232317,0.01586504756389648,1.0634738465164635,-1.0635921776000365,107,7.47525848425054,0.933233291632749,7.479230774923913,0.9178735832692763
3.0712198226384824,0.01583431871087799,1.061414007601563,-1.0615321094897092,107,7.4772527124359,0.933749034108701,7.481217309218929,0.9184190758117696
3.073279661553733,0.015803589857904653,1.0593541686866597,-1.0594720413793826,107,7.479246940621259,0.9342647765846529,7.483203843513956,0.9189645683542191
3.0753395004689836,0.015772861004976175,1.0572943297717534,-1.0574119732690566,107,7.481241168806617,0.9347805190606049,7.485190377808993,0.9195100608966253
3.0773993393842343,0.015742132152092244,1.055234490856844,-1.0553519051587312,107,7.483235396991976,0.9352962615365569,7.487176912104042,0.9200555534389885
3.079459178299485,0.015711403299252556,1.0531746519419318,-1.0532918370484066,107,7.485229625177335,0.9358120040125087,7.489163446399103,0.9206010459813085
3.0815190172147355,0.015680674446456804,1.0511148130270165,-1.0512317689380826,107,7.4872238533626945,0.9363277464884607,7.491149980694175,0.9211465385235863
3.083578856129986,0.01564994559370467,1.049054974112098,-1.0491717008277592,107,7.489218081548053,0.9368434889644127,7.493136514989256,0.9216920310658218
3.085638695045237,0.015619216740995834,1.0469951351971762,-1.0471116327174363,107,7.491212309733412,0.9373592314403646,7.49512304928435,0.9222375236080153
3.0876985339604874,0.015588487888329977,1.0449352962822518,-1.0450515646071141,107,7.493206537918772,0.9378749739163166,7.497109583579454,0.9227830161501672
3.089758372875738,0.015557759035706787,1.042875457367324,-1.0429914964967926,107,7.49520076610413,0.9383907163922686,7.4990961178745685,0.9233285086922779
3.0918182117909887,0.015527030183125928,1.0408156184523933,-1.0409314283864717,107,7.497194994289488,0.9389064588682206,7.501082652169693,0.9238740012343475
3.0938780507062393,0.015496301330587069,1.0387557795374593,-1.0388713602761515,107,7.499189222474848,0.9394222013441724,7.503069186464829,0.9244194937763764
3.09593788962149,0.015465572478089879,1.0366959406225225,-1.036811292165832,107,7.501183450660207,0.9399379438201244,7.505055720759976,0.9249649863183651
3.0979977285367406,0.015434843625634017,1.0346361017075822,-1.0347512240555128,107,7.5031776788455655,0.9404536862960764,7.507042255055132,0.9255104788603138
3.1000575674519912,0.015404114773219145,1.032576262792639,-1.0326911559451943,107,7.505171907030924,0.9409694287720283,7.509028789350298,0.9260559714022226
3.102117406367242,0.01537338592084492,1.0305164238776923,-1.0306310878348766,107,7.507166135216283,0.9414851712479803,7.511015323645475,0.9266014639440923
3.1041772452824925,0.01534265706851099,1.0284565849627425,-1.0285710197245594,107,7.509160363401643,0.9420009137239322,7.5130018579406626,0.9271469564859228
3.106237084197743,0.015311928216217009,1.0263967460477894,-1.0265109516142428,107,7.511154591587001,0.9425166561998841,7.514988392235859,0.9276924490277146
3.1082969231129938,0.015281199363962612,1.0243369071328332,-1.0244508835039268,107,7.5131488197723595,0.9430323986758361,7.5169749265310655,0.9282379415694683
3.1103567620282444,0.01525047051174745,1.0222770682178737,-1.0223908153936114,107,7.515143047957719,0.9435481411517881,7.518961460826282,0.9287834341111839
3.112416600943495,0.015219741659571153,1.020217229302911,-1.0203307472832965,107,7.517137276143078,0.94406388362774,7.520947995121509,0.9293289266528618
3.1144764398587457,0.015189012807433358,1.0181573903879453,-1.0182706791729823,107,7.519131504328437,0.944579626103692,7.5229345294167445,0.9298744191945025
3.1165362787739963,0.015158283955333703,1.0160975514729755,-1.0162106110626685,107,7.521125732513795,0.9450953685796439,7.524921063711989,0.9304199117361063
3.118596117689247,0.015127555103271798,1.0140377125580031,-1.0141505429523554,107,7.523119960699154,0.9456111110555958,7.526907598007245,0.9309654042776734
3.1206559566044976,0.015096826251247282,1.0119778736430272,-1.0120904748420427,107,7.525114188884514,0.9461268535315478,7.5288941323025105,0.9315108968192045
3.122715795519748,0.015066097399259766,1.0099180347280479,-1.0100304067317307,107,7.527108417069872,0.9466425960074998,7.530880666597783,0.9320563893606997
3.124775634434999,0.015035368547308858,1.007858195813065,-1.0079703386214192,107,7.5291026452552305,0.9471583384834517,7.532867200893066,0.9326018819021594
3.1268354733502495,0.015004639695394175,1.0057983568980788,-1.0059102705111083,107,7.53109687344059,0.9476740809594036,7.534853735188358,0.9331473744435841
3.1288953122655,0.014973910843515324,1.0037385179830896,-1.0038502024007978,107,7.533091101625949,0.9481898234353556,7.536840269483659,0.9336928669849741
3.1309551511807507,0.014943181991671911,1.0016786790680967,-1.001790134290488,107,7.535085329811308,0.9487055659113075,7.538826803778969,0.9342383595263297
3.1330149900960014,0.014912453139863528,0.9996188401531003,-0.9997300661801787,107,7.537079557996667,0.9492213083872595,7.540813338074288,0.9347838520676515
3.135074829011252,0.014881724288089771,0.9975590012381005,-0.9976699980698699,107,7.539073786182026,0.9497370508632115,7.542799872369615,0.9353293446089398
3.1371346679265026,0.01485099543635023,0.9954991623230972,-0.9956099299595615,107,7.541068014367385,0.9502527933391633,7.544786406664951,0.9358748371501948
3.1391945068417533,0.014820266584644496,0.9934393234080906,-0.9935498618492538,107,7.543062242552743,0.9507685358151153,7.546772940960294,0.9364203296914173
3.141254345757004,0.014789537732972147,0.9913794844930801,-0.9914897937389464,107,7.5450564707381025,0.9512842782910673,7.548759475255648,0.9369658222326074
3.1433141846722545,0.01475880888133276,0.9893196455780663,-0.9894297256286396,107,7.547050698923462,0.9518000207670192,7.550746009551009,0.9375113147737655
3.145374023587505,0.014728080029725915,0.9872598066630491,-0.9873696575183333,107,7.54904492710882,0.9523157632429712,7.5527325438463775,0.9380568073148922
3.147433862502756,0.014697351178151179,0.9851999677480282,-0.9853095894080274,107,7.551039155294179,0.9528315057189232,7.554719078141754,0.9386022998559878
3.1494937014180064,0.014666622326608115,0.9831401288330037,-0.983249521297722,107,7.553033383479538,0.953347248194875,7.556705612437139,0.9391477923970525
3.151553540333257,0.01463589347509628,0.9810802899179755,-0.9811894531874171,107,7.555027611664897,0.953862990670827,7.5586921467325325,0.9396932849380872
3.1536133792485077,0.014605164623615238,0.9790204510029438,-0.9791293850771127,107,7.557021839850256,0.954378733146779,7.560678681027932,0.9402387774790921
3.1556732181637583,0.014574435772164539,0.9769606120879085,-0.9770693169668087,107,7.559016068035614,0.954894475622731,7.56266521532334,0.9407842700200676
3.157733057079009,0.014543706920743731,0.9749007731728696,-0.9750092488565051,107,7.5610102962209735,0.9554102180986829,7.564651749618756,0.9413297625610141
3.1597928959942596,0.01451297806935236,0.9728409342578269,-0.972949180746202,107,7.563004524406333,0.9559259605746349,7.5666382839141795,0.9418752551019322
3.1618527349095102,0.01448224921798996,0.9707810953427807,-0.9708891126358993,107,7.564998752591691,0.9564417030505868,7.568624818209609,0.9424207476428221
3.163912573824761,0.014451520366656067,0.9687212564277307,-0.968829044525597,107,7.56699298077705,0.9569574455265387,7.570611352505046,0.9429662401836845
3.1659724127400115,0.014420791515350211,0.9666614175126768,-0.9667689764152951,107,7.568987208962409,0.9574731880024907,7.572597886800491,0.9435117327245197
3.168032251655262,0.014390062664071918,0.9646015785976191,-0.9647089083049937,107,7.570981437147768,0.9579889304784427,7.574584421095943,0.9440572252653283
3.1700920905705128,0.014359333812820702,0.962541739682558,-0.9626488401946927,107,7.572975665333127,0.9585046729543946,7.5765709553914,0.9446027178061106
3.1721519294857634,0.014328604961596086,0.9604819007674928,-0.960588772084392,107,7.574969893518485,0.9590204154303466,7.578557489686864,0.9451482103468672
3.174211768401014,0.014297876110397576,0.9584220618524241,-0.9585287039740917,107,7.576964121703845,0.9595361579062985,7.580544023982336,0.9456937028875986
3.1762716073162647,0.014267147259224683,0.9563622229373513,-0.9564686358637918,107,7.578958349889204,0.9600519003822504,7.5825305582778135,0.946239195428305
3.1783314462315153,0.014236418408076903,0.9543023840222747,-0.9544085677534924,107,7.580952578074562,0.9605676428582024,7.584517092573297,0.9467846879689873
3.180391285146766,0.014205689556953734,0.9522425451071945,-0.9523484996431932,107,7.582946806259922,0.9610833853341544,7.5865036268687875,0.9473301805096457
3.1824511240620166,0.01417496070585467,0.9501827061921102,-0.9502884315328944,107,7.584941034445281,0.9615991278101063,7.588490161164285,0.9478756730502806
3.184510962977267,0.014144231854779199,0.948122867277022,-0.948228363422596,107,7.586935262630639,0.9621148702860582,7.590476695459786,0.948421165590893
3.186570801892518,0.014113503003726796,0.9460630283619301,-0.946168295312298,107,7.588929490815998,0.9626306127620102,7.592463229755293,0.9489666581314828
3.1886306408077685,0.014082774152696941,0.944003189446834,-0.9441082272020003,107,7.590923719001357,0.9631463552379621,7.5944497640508075,0.9495121506720507
3.190690479723019,0.014052045301689105,0.9419433505317341,-0.9420481590917028,107,7.5929179471867165,0.9636620977139141,7.596436298346327,0.9500576432125976
3.1927503186382697,0.014021316450702757,0.9398835116166302,-0.9399880909814057,107,7.594912175372075,0.9641778401898661,7.598422832641851,0.9506031357531235
3.1948101575535204,0.013990587599737356,0.9378236727015222,-0.9379280228711089,107,7.596906403557433,0.964693582665818,7.60040936693738,0.951148628293629
3.196869996468771,0.013959858748792358,0.9357638337864103,-0.9358679547608124,107,7.598900631742793,0.9652093251417699,7.6023959012329145,0.951694120834115
3.1989298353840216,0.013929129897867211,0.9337039948712945,-0.9338078866505163,107,7.600894859928152,0.9657250676177219,7.604382435528455,0.9522396133745816
3.2009896742992723,0.013898401046961365,0.9316441559561744,-0.9317478185402204,107,7.6028890881135105,0.9662408100936738,7.606368969823999,0.9527851059150295
3.203049513214523,0.013867672196074259,0.9295843170410507,-0.9296877504299248,107,7.604883316298869,0.9667565525696258,7.608355504119547,0.9533305984554594
3.2051093521297735,0.01383694334520533,0.9275244781259224,-0.9276276823196294,107,7.606877544484228,0.9672722950455778,7.6103420384151015,0.9538760909958717
3.207169191045024,0.013806214494354005,0.9254646392107903,-0.9255676142093344,107,7.608871772669588,0.9677880375215296,7.612328572710661,0.9544215835362668
3.209229029960275,0.013775485643519707,0.9234048002956541,-0.9235075460990396,107,7.610866000854946,0.9683037799974816,7.614315107006222,0.9549670760766455
3.2112888688755254,0.013744756792701856,0.9213449613805135,-0.921447477988745,107,7.6128602290403045,0.9688195224734336,7.6163016413017885,0.9555125686170084
3.213348707790776,0.013714027941899867,0.9192851224653689,-0.9193874098784507,107,7.614854457225664,0.9693352649493855,7.6182881755973595,0.9560580611573557
3.2154085467060267,0.013683299091113143,0.91722528355022,-0.9173273417681566,107,7.616848685411023,0.9698510074253375,7.620274709892934,0.9566035536976883
3.2174683856212773,0.013652570240341081,0.9151654446350671,-0.9152672736578626,107,7.6188429135963815,0.9703667499012895,7.622261244188512,0.9571490462380069
3.219528224536528,0.013621841389583085,0.9131056057199097,-0.913207205547569,107,7.62083714178174,0.9708824923772413,7.624247778484093,0.9576945387783117
3.2215880634517786,0.013591112538838542,0.9110457668047484,-0.9111471374372755,107,7.6228313699671,0.9713982348531933,7.626234312779679,0.9582400313186035
3.2236479023670292,0.013560383688106838,0.9089859278895824,-0.9090870693269822,107,7.624825598152459,0.9719139773291453,7.628220847075267,0.9587855238588829
3.22570774128228,0.013529654837387349,0.9069260889744125,-0.9070270012166891,107,7.626819826337817,0.9724297198050973,7.630207381370857,0.9593310163991505
3.2277675801975305,0.013498925986679448,0.9048662500592383,-0.9049669331063962,107,7.628814054523176,0.9729454622810492,7.632193915666452,0.9598765089394068
3.229827419112781,0.013468197135982502,0.9028064111440595,-0.9029068649961034,107,7.630808282708536,0.9734612047570012,7.634180449962049,0.9604220014796525
3.231887258028032,0.013437468285295871,0.9007465722288767,-0.9008467968858108,107,7.632802510893894,0.9739769472329531,7.636166984257648,0.9609674940198882
3.2339470969432824,0.013406739434618913,0.8986867333136892,-0.8987867287755184,107,7.634796739079253,0.974492689708905,7.638153518553249,0.9615129865601146
3.236006935858533,0.01337601058395097,0.8966268943984974,-0.896726660665226,107,7.636790967264612,0.975008432184857,7.640140052848854,0.9620584791003323
3.2380667747737837,0.013345281733291386,0.8945670554833013,-0.8946665925549337,107,7.638785195449971,0.975524174660809,7.64212658714446,0.9626039716405419
3.2401266136890343,0.013314552882639502,0.8925072165681007,-0.8926065244446416,107,7.64077942363533,0.9760399171367609,7.644113121440068,0.9631494641807439
3.242186452604285,0.01328382403199464,0.8904473776528956,-0.8905464563343496,107,7.642773651820688,0.9765556596127128,7.646099655735678,0.9636949567209392
3.2442462915195356,0.013253095181356127,0.8883875387376861,-0.8884863882240577,107,7.6447678800060475,0.9770714020886648,7.6480861900312895,0.9642404492611284
3.246306130434786,0.013222366330723278,0.8863276998224722,-0.8864263201137659,107,7.646762108191407,0.9775871445646167,7.650072724326902,0.964785941801312
3.248365969350037,0.01319163748009541,0.8842678609072536,-0.8843662520034742,107,7.648756336376765,0.9781028870405687,7.652059258622517,0.9653314343414909
3.2504258082652875,0.013160908629471824,0.8822080219920307,-0.8823061838931825,107,7.650750564562124,0.9786186295165207,7.654045792918131,0.9658769268816657
3.252485647180538,0.013130179778851815,0.8801481830768032,-0.8802461157828909,107,7.652744792747483,0.9791343719924726,7.656032327213747,0.9664224194218368
3.2545454860957888,0.013099450928234673,0.878088344161571,-0.8781860476725993,107,7.654739020932842,0.9796501144684245,7.6580188615093645,0.9669679119620054
3.2566053250110394,0.013068722077619686,0.8760285052463341,-0.8761259795623078,107,7.656733249118201,0.9801658569443765,7.660005395804982,0.9675134045021717
3.25866516392629,0.013037993227006127,0.8739686663310928,-0.8740659114520162,107,7.658727477303559,0.9806815994203284,7.661991930100599,0.9680588970423367
3.2607250028415407,0.013007264376393268,0.8719088274158469,-0.8720058433417247,107,7.6607217054889185,0.9811973418962804,7.663978464396217,0.9686043895825011
3.2627848417567913,0.012976535525780377,0.8698489885005963,-0.8699457752314332,107,7.662715933674278,0.9817130843722324,7.665964998691836,0.9691498821226654
3.264844680672042,0.012945806675166706,0.8677891495853408,-0.8678857071211417,107,7.664710161859636,0.9822288268481842,7.667951532987453,0.9696953746628304
3.2669045195872926,0.012915077824551507,0.8657293106700807,-0.8658256390108501,107,7.666704390044996,0.9827445693241362,7.66993806728307,0.9702408672029971
3.268964358502543,0.012884348973934024,0.8636694717548161,-0.8637655709005585,107,7.668698618230355,0.9832603118000882,7.671924601578687,0.9707863597431658
3.271024197417794,0.012853620123313491,0.8616096328395465,-0.8617055027902669,107,7.670692846415713,0.9837760542760401,7.673911135874303,0.9713318522833376
3.2730840363330445,0.012822891272689135,0.8595497939242723,-0.8596454346799752,107,7.672687074601072,0.9842917967519921,7.675897670169918,0.9718773448235131
3.275143875248295,0.012792162422060178,0.8574899550089933,-0.8575853665696834,107,7.674681302786431,0.9848075392279441,7.677884204465531,0.9724228373636931
3.2772037141635457,0.012761433571425838,0.8554301160937093,-0.8555252984593916,107,7.6766755309717905,0.9853232817038959,7.679870738761145,0.972968329903878
3.2792635530787964,0.012730704720785318,0.8533702771784207,-0.8534652303490997,107,7.678669759157149,0.9858390241798479,7.681857273056755,0.9735138224440691
3.281323391994047,0.012699975870137816,0.8513104382631271,-0.8514051622388077,107,7.680663987342507,0.9863547666557999,7.683843807352364,0.9740593149842671
3.2833832309092976,0.012669247019482528,0.8492505993478288,-0.8493450941285156,107,7.682658215527867,0.9868705091317518,7.685830341647971,0.9746048075244724
3.2854430698245483,0.01263851816881864,0.8471907604325254,-0.8472850260182233,107,7.684652443713226,0.9873862516077038,7.687816875943577,0.9751503000646862
3.287502908739799,0.012607789318145326,0.8451309215172171,-0.8452249579079308,107,7.686646671898584,0.9879019940836558,7.689803410239179,0.975695792604909
3.2895627476550495,0.012577060467461754,0.8430710826019038,-0.8431648897976383,107,7.688640900083943,0.9884177365596077,7.691789944534779,0.9762412851451419
3.2916225865703,0.012546331616767084,0.8410112436865856,-0.8411048216873456,107,7.690635128269302,0.9889334790355596,7.693776478830377,0.9767867776853854
3.293682425485551,0.012515602766060473,0.8389514047712626,-0.8390447535770527,107,7.6926293564546615,0.9894492215115116,7.695763013125972,0.9773322702256404
3.2957422644008014,0.012484873915341064,0.8368915658559343,-0.8369846854667595,107,7.69462358464002,0.9899649639874636,7.697749547421562,0.977877762765908
3.297802103316052,0.012454145064608,0.8348317269406011,-0.8349246173564662,107,7.696617812825378,0.9904807064634155,7.699736081717149,0.9784232553061886
3.2998619422313027,0.012423416213860403,0.832771888025263,-0.8328645492461726,107,7.698612041010738,0.9909964489393674,7.701722616012734,0.9789687478464834
3.3019217811465533,0.012392687363097402,0.8307120491099195,-0.8308044811358788,107,7.700606269196097,0.9915121914153194,7.703709150308315,0.9795142403867931
3.303981620061804,0.012361958512318107,0.8286522101945711,-0.8287444130255848,107,7.7026004973814555,0.9920279338912713,7.70569568460389,0.9800597329271185
3.3060414589770546,0.012331229661521625,0.8265923712792175,-0.8266843449152905,107,7.704594725566814,0.9925436763672233,7.707682218899462,0.9806052254674607
3.3081012978923052,0.012300500810707049,0.8245325323638587,-0.824624276804996,107,7.706588953752173,0.9930594188431753,7.70966875319503,0.9811507180078203
3.310161136807556,0.012269771959873466,0.8224726934484948,-0.8225642086947011,107,7.708583181937533,0.9935751613191272,7.711655287490593,0.9816962105481982
3.3122209757228065,0.012239043109019961,0.8204128545331256,-0.820504140584406,107,7.710577410122891,0.9940909037950791,7.71364182178615,0.9822417030885955
3.314280814638057,0.0122083142581456,0.8183530156177513,-0.8184440724741106,107,7.71257163830825,0.9946066462710311,7.7156283560817025,0.9827871956290131
3.3163406535533078,0.012177585407249452,0.8162931767023718,-0.8163840043638148,107,7.71456586649361,0.995122388746983,7.71761489037725,0.9833326881694515
3.3184004924685584,0.012146856556330575,0.8142333377869869,-0.8143239362535186,107,7.716560094678968,0.995638131222935,7.719601424672791,0.9838781807099122
3.320460331383809,0.012116127705388002,0.8121734988715968,-0.8122638681432222,107,7.7185543228643265,0.996153873698887,7.721587958968326,0.9844236732503958
3.3225201702990597,0.01208539885442078,0.8101136599562014,-0.8102038000329254,107,7.720548551049686,0.9966696161748388,7.723574493263856,0.9849691657909031
3.3245800092143103,0.012054670003427932,0.8080538210408007,-0.8081437319226282,107,7.722542779235045,0.9971853586507908,7.725561027559379,0.9855146583314354
3.326639848129561,0.012023941152408473,0.8059939821253945,-0.8060836638123307,107,7.724537007420404,0.9977011011267428,7.727547561854894,0.9860601508719933
3.3286996870448116,0.011993212301361418,0.803934143209983,-0.8040235957020326,107,7.726531235605762,0.9982168436026947,7.729534096150402,0.986605643412578
3.330759525960062,0.011962483450285765,0.8018743042945661,-0.8019635275917342,107,7.728525463791121,0.9987325860786467,7.731520630445905,0.9871511359531904
3.332819364875313,0.011931754599180505,0.7998144653791438,-0.7999034594814353,107,7.730519691976481,0.9992483285545987,7.7335071647414,0.9876966284938314
3.3348792037905635,0.011901025748044624,0.7977546264637159,-0.7978433913711359,107,7.732513920161839,0.9997640710305505,7.735493699036887,0.988242121034502
3.336939042705814,0.011870296896877084,0.7956947875482827,-0.7957833232608361,107,7.734508148347198,1.0002798135065025,7.737480233332365,0.9887876135752034
3.3389988816210647,0.01183956804567686,0.793634948632844,-0.7937232551505359,107,7.736502376532557,1.0007955559824544,7.739466767627836,0.9893331061159363
3.3410587205363154,0.0118088391944429,0.7915751097173997,-0.7916631870402351,107,7.738496604717916,1.0013112984584063,7.741453301923299,0.9898785986567019
3.343118559451566,0.011778110343174145,0.7895152708019497,-0.7896031189299337,107,7.740490832903275,1.0018270409343584,7.743439836218752,0.9904240911975013
3.3451783983668166,0.011747381491869525,0.7874554318864943,-0.7875430508196319,107,7.742485061088633,1.0023427834103105,7.745426370514196,0.9909695837383355
3.3472382372820673,0.011716652640527967,0.7853955929710332,-0.7854829827093296,107,7.744479289273992,1.0028585258862623,7.747412904809632,0.9915150762792053
3.349298076197318,0.01168592378914839,0.7833357540555667,-0.7834229145990267,107,7.746473517459352,1.0033742683622142,7.7493994391050585,0.9920605688201118
3.3513579151125685,0.011655194937729693,0.7812759151400944,-0.7813628464887231,107,7.74846774564471,1.003890010838166,7.751385973400474,0.9926060613610562
3.353417754027819,0.011624466086270767,0.7792160762246164,-0.779302778378419,107,7.750461973830069,1.004405753314118,7.75337250769588,0.9931515539020396
3.35547759294307,0.011593737234770501,0.7771562373091327,-0.7772427102681142,107,7.752456202015428,1.00492149579007,7.755359041991276,0.9936970464430632
3.3575374318583204,0.011563008383227762,0.7750963983936432,-0.7751826421578089,107,7.754450430200787,1.0054372382660222,7.757345576286661,0.994242538984128
3.359597270773571,0.011532279531641407,0.7730365594781481,-0.7731225740475028,107,7.756444658386146,1.005952980741974,7.759332110582035,0.9947880315252347
3.3616571096888217,0.0115015506800103,0.7709767205626471,-0.7710625059371962,107,7.758438886571505,1.006468723217926,7.761318644877399,0.9953335240663848
3.3637169486040723,0.011470821828333278,0.7689168816471404,-0.7690024378268888,107,7.760433114756864,1.0069844656938778,7.76330517917275,0.9958790166075793
3.365776787519323,0.011440092976609167,0.7668570427316278,-0.7669423697165807,107,7.762427342942223,1.0075002081698299,7.765291713468089,0.9964245091488195
3.3678366264345736,0.011409364124836788,0.7647972038161094,-0.7648823016062719,107,7.764421571127581,1.0080159506457818,7.767278247763416,0.9969700016901064
3.3698964653498242,0.011378635273014956,0.7627373649005851,-0.7628222334959623,107,7.766415799312941,1.0085316931217339,7.769264782058732,0.9975154942314414
3.371956304265075,0.011347906421142456,0.7606775259850549,-0.760762165385652,107,7.7684100274983,1.0090474355976857,7.771251316354035,0.9980609867728251
3.3740161431803255,0.011317177569218087,0.7586176870695186,-0.7587020972753409,107,7.770404255683658,1.0095631780736376,7.773237850649324,0.998606479314259
3.376075982095576,0.011286448717240617,0.7565578481539764,-0.756642029165029,107,7.772398483869017,1.0100789205495895,7.775224384944599,0.9991519718557444
3.3781358210108268,0.011255719865208812,0.7544980092384284,-0.7545819610547163,107,7.774392712054376,1.0105946630255416,7.777210919239863,0.9996974643972827
3.3801956599260774,0.011224991013121419,0.7524381703228742,-0.7525218929444027,107,7.776386940239735,1.0111104055014934,7.779197453535112,1.0002429569388744
3.382255498841328,0.011194262160977183,0.7503783314073142,-0.7504618248340884,107,7.778381168425094,1.0116261479774455,7.781183987830346,1.0007884494805215
3.3843153377565787,0.011163533308774832,0.7483184924917479,-0.7484017567237732,107,7.780375396610452,1.0121418904533974,7.783170522125565,1.0013339420222247
3.3863751766718293,0.011132804456513084,0.7462586535761757,-0.7463416886134571,107,7.782369624795812,1.0126576329293493,7.785157056420771,1.0018794345639852
3.38843501558708,0.01110207560419064,0.7441988146605973,-0.7442816205031401,107,7.784363852981171,1.0131733754053012,7.787143590715961,1.0024249271058046
3.3904948545023306,0.011071346751806196,0.7421389757450129,-0.7422215523928222,107,7.786358081166529,1.0136891178812533,7.789130125011135,1.0029704196476843
3.392554693417581,0.011040617899358432,0.7400791368294222,-0.7401614842825033,107,7.788352309351888,1.0142048603572051,7.791116659306293,1.0035159121896249
3.394614532332832,0.011009889046846015,0.7380192979138253,-0.7381014161721834,107,7.790346537537247,1.0147206028331572,7.793103193601436,1.0040614047316285
3.3966743712480825,0.010979160194267604,0.7359594589982221,-0.7360413480618625,107,7.7923407657226065,1.0152363453091091,7.795089727896562,1.0046068972736957
3.398734210163333,0.010948431341621838,0.7338996200826127,-0.7339812799515406,107,7.794334993907965,1.015752087785061,7.79707626219167,1.005152389815828
3.4007940490785837,0.010917702488907352,0.731839781166997,-0.7319212118412177,107,7.796329222093323,1.0162678302610129,7.799062796486761,1.005697882358027
3.4028538879938344,0.010886973636122762,0.7297799422513752,-0.7298611437308938,107,7.798323450278684,1.016783572736965,7.8010493307818365,1.0062433749002941
3.404913726909085,0.010856244783266675,0.7277201033357469,-0.7278010756205688,107,7.800317678464042,1.0172993152129168,7.803035865076892,1.00678886744263
3.4069735658243356,0.01082551593033768,0.7256602644201122,-0.7257410075102427,107,7.8023119066494,1.017815057688869,7.805022399371929,1.0073343599850368
3.4090334047395863,0.010794787077334358,0.7236004255044712,-0.7236809393999155,107,7.80430613483476,1.0183308001648208,7.80700893366695,1.0078798525275154
3.411093243654837,0.01076405822425527,0.7215405865888238,-0.7216208712895872,107,7.806300363020119,1.0188465426407727,7.80899546796195,1.0084253450700673
3.4131530825700875,0.010733329371098976,0.7194807476731699,-0.7195608031792577,107,7.8082945912054775,1.0193622851167246,7.810982002256931,1.008970837612694
3.415212921485338,0.010702600517864008,0.7174209087575097,-0.7175007350689271,107,7.810288819390836,1.0198780275926767,7.8129685365518915,1.009516330155397
3.417272760400589,0.010671871664548896,0.7153610698418429,-0.7154406669585952,107,7.812283047576195,1.0203937700686285,7.814955070846834,1.0100618226981775
3.4193325993158394,0.01064114281115215,0.7133012309261698,-0.7133805988482622,107,7.814277275761555,1.0209095125445806,7.816941605141754,1.0106073152410373
3.42139243823109,0.010610413957672265,0.7112413920104899,-0.7113205307379279,107,7.816271503946913,1.0214252550205325,7.818928139436655,1.011152807783977
3.4234522771463407,0.010579685104107724,0.7091815530948034,-0.7092604626275923,107,7.8182657321322715,1.0219409974964844,7.820914673731533,1.011698300326999
3.4255121160615913,0.010548956250456994,0.7071217141791103,-0.7072003945172555,107,7.820259960317631,1.0224567399724362,7.822901208026391,1.0122437928701045
3.427571954976842,0.010518227396718531,0.7050618752634108,-0.7051403264069174,107,7.82225418850299,1.0229724824483883,7.824887742321226,1.012789285413295
3.4296317938920926,0.010487498542890779,0.7030020363477045,-0.7030802582965779,107,7.824248416688349,1.0234882249243404,7.826874276616039,1.0133347779565718
3.4316916328073432,0.010456769688972158,0.7009421974319916,-0.7010201901862371,107,7.826242644873707,1.0240039674002923,7.828860810910828,1.0138802704999366
3.433751471722594,0.01042604083496108,0.6988823585162718,-0.6989601220758949,107,7.828236873059066,1.0245197098762442,7.830847345205596,1.0144257630433908
3.4358113106378445,0.010395311980855937,0.6968225196005454,-0.6969000539655512,107,7.830231101244426,1.025035452352196,7.832833879500339,1.0149712555869361
3.437871149553095,0.010364583126655115,0.6947626806848121,-0.6948399858552061,107,7.832225329429784,1.025551194828148,7.834820413795058,1.015516748130574
3.4399309884683458,0.01033385427235698,0.692702841769072,-0.6927799177448596,107,7.8342195576151425,1.0260669373041,7.8368069480897535,1.0160622406743065
3.4419908273835964,0.010303125417959878,0.6906430028533252,-0.6907198496345116,107,7.836213785800502,1.0265826797800521,7.838793482384424,1.0166077332181345
3.444050666298847,0.010272396563462141,0.6885831639375717,-0.6886597815241622,107,7.838208013985861,1.027098422256004,7.840780016679069,1.01715322576206
3.4461105052140977,0.010241667708862092,0.6865233250218111,-0.6865997134138112,107,7.84020224217122,1.0276141647319559,7.842766550973689,1.0176987183060844
3.4481703441293483,0.010210938854158032,0.6844634861060437,-0.6845396453034587,107,7.842196470356579,1.0281299072079078,7.844753085268283,1.0182442108502094
3.450230183044599,0.010180209999348247,0.6824036471902692,-0.6824795771931046,107,7.844190698541938,1.0286456496838596,7.84673961956285,1.018789703394437
3.4522900219598496,0.01014948116249675,0.6803438083637526,-0.6804195090830183,106,7.846184926727297,1.0291613921598117,7.8487261538619135,1.0193351959212784
3.4543498608751,0.010118752326764121,0.678283969454014,-0.6783594409729488,106,7.848179154912655,1.0296771346357638,7.850712688161257,1.0198806884470366
3.456409699790351,0.010088023490988234,0.6762241305385511,-0.6762993728628786,106,7.8501733830980145,1.0301928771117157,7.85269922246059,1.0204261809728365
3.4584695387056015,0.010057294655087375,0.6741642916226889,-0.6742393047528065,106,7.852167611283374,1.0307086195876676,7.854685756759891,1.0209716734987573
3.460529377620852,0.010026565819054062,0.6721044527067918,-0.6721792366427324,106,7.854161839468732,1.0312243620636194,7.8566722910591595,1.0215171660248066
3.4625892165361027,0.009995836982885887,0.670044613790885,-0.6701191685326563,106,7.856156067654091,1.0317401045395713,7.858658825358393,1.0220626585509862
3.4646490554513534,0.009965108146580765,0.6679847748749701,-0.6680591004225782,106,7.85815029583945,1.0322558470155234,7.860645359657594,1.0226081510772986
3.466708894366604,0.009934379310136618,0.6659249359590472,-0.665999032312498,106,7.860144524024809,1.0327715894914755,7.86263189395676,1.0231536436037456
3.4687687332818546,0.009903650473551346,0.6638650970431164,-0.6639389642024157,106,7.862138752210168,1.0332873319674274,7.8646184282558895,1.0236991361303291
3.4708285721971053,0.009872921636822834,0.6618052581271773,-0.6618788960923313,106,7.864132980395526,1.0338030744433793,7.866604962554983,1.0242446286570512
3.472888411112356,0.009842192799948942,0.6597454192112302,-0.6598188279822447,106,7.8661272085808855,1.0343188169193311,7.868591496854042,1.024790121183914
3.4749482500276065,0.009811463962927515,0.657685580295275,-0.6577587598721559,106,7.868121436766245,1.034834559395283,7.870578031153062,1.02533561371092
3.477008088942857,0.009780735125756378,0.6556257413793117,-0.655698691762065,106,7.870115664951603,1.0353503018712351,7.872564565452046,1.0258811062380708
3.479067927858108,0.009750006288433328,0.65356590246334,-0.6536386236519717,106,7.872109893136962,1.0358660443471872,7.874551099750991,1.0264265987653687
3.4811277667733584,0.009719277450956146,0.6515060635473603,-0.651578555541876,106,7.874104121322321,1.036381786823139,7.876537634049898,1.0269720912928157
3.483187605688609,0.009688548613322596,0.649446224631372,-0.6495184874317781,106,7.87609834950768,1.036897529299091,7.878524168348766,1.027517583820414
3.4852474446038597,0.009657819775530412,0.6473863857153758,-0.6474584193216778,106,7.878092577693039,1.0374132717750428,7.880510702647594,1.028063076348166
3.4873072835191103,0.00962709093757731,0.645326546799371,-0.6453983512115751,106,7.880086805878397,1.037929014250995,7.882497236946381,1.028608568876074
3.489367122434361,0.009596362099460987,0.6432667078833577,-0.64333828310147,106,7.882081034063757,1.0384447567269468,7.884483771245128,1.0291540614041397
3.4914269613496116,0.009565633261179114,0.6412068689673363,-0.6412782149913624,106,7.884075262249116,1.038960499202899,7.886470305543833,1.029699553932366
3.4934868002648622,0.00953490442272934,0.6391470300513062,-0.6392181468812523,106,7.886069490434474,1.0394762416788508,7.888456839842496,1.0302450464607547
3.495546639180113,0.009504175584109296,0.637087191135268,-0.6371580787711397,106,7.888063718619834,1.0399919841548027,7.8904433741411175,1.030790538989308
3.4976064780953635,0.009473446745316588,0.6350273522192211,-0.6350980106610246,106,7.890057946805193,1.0405077266307545,7.892429908439695,1.0313360315180287
3.499666317010614,0.009442717906348794,0.6329675133031655,-0.6330379425509067,106,7.8920521749905514,1.0410234691067066,7.894416442738228,1.031881524046919
3.501726155925865,0.009411989067203476,0.6309076743871015,-0.6309778744407862,106,7.89404640317591,1.0415392115826585,7.896402977036717,1.032427016575981
3.5037859948411154,0.009381260227878172,0.6288478354710288,-0.6289178063306631,106,7.896040631361269,1.0420549540586106,7.898389511335161,1.0329725091052173
3.505845833756366,0.009350531388370383,0.6267879965549475,-0.6268577382205373,106,7.8980348595466285,1.0425706965345625,7.90037604563356,1.0335180016346301
3.5079056726716167,0.009319802548677607,0.6247281576388575,-0.6247976701104087,106,7.900029087731987,1.0430864390105143,7.9023625799319115,1.0340634941642222
3.5099655115868673,0.009289073708797302,0.622668318722759,-0.6227376020002773,106,7.902023315917345,1.0436021814864662,7.904349114230216,1.0346089866939958
3.512025350502118,0.009258344868726906,0.6206084798066513,-0.620677533890143,106,7.904017544102705,1.0441179239624183,7.906335648528474,1.0351544792239535
3.5140851894173686,0.009227616028463831,0.6185486408905351,-0.6186174657800059,106,7.906011772288064,1.0446336664383702,7.908322182826684,1.0356999717540978
3.516145028332619,0.009196887188005468,0.61648880197441,-0.6165573976698658,106,7.9080060004734225,1.0451494089143223,7.910308717124844,1.0362454642844312
3.51820486724787,0.009166158347349185,0.6144289630582762,-0.6144973295597228,106,7.910000228658781,1.0456651513902742,7.912295251422954,1.036790956814956
3.5202647061631205,0.009135429506492316,0.6123691241421333,-0.6124372614495768,106,7.91199445684414,1.046180893866226,7.914281785721015,1.037336449345675
3.522324545078371,0.009104700665432168,0.6103092852259814,-0.6103771933394277,106,7.9139886850295,1.046696636342178,7.916268320019025,1.0378819418765908
3.5243843839936217,0.00907397182416603,0.6082494463098208,-0.6083171252292756,106,7.915982913214858,1.04721237881813,7.918254854316983,1.0384274344077062
3.5264442229088724,0.009043242982691163,0.6061896073936509,-0.6062570571191204,106,7.9179771414002165,1.0477281212940819,7.920241388614888,1.0389729269390235
3.528504061824123,0.009012514141004796,0.6041297684774724,-0.604196989008962,106,7.919971369585576,1.048243863770034,7.922227922912741,1.0395184194705458
3.5305639007393737,0.008981785299104136,0.6020699295612845,-0.6021369208988004,106,7.921965597770935,1.0487596062459859,7.924214457210541,1.0400639120022754
3.5326237396546243,0.008951056456986364,0.6000100906450875,-0.6000768527886357,106,7.923959825956294,1.0492753487219377,7.926200991508285,1.0406094045342151
3.534683578569875,0.008920327614648622,0.5979502517288813,-0.5980167846784675,106,7.925954054141652,1.0497910911978896,7.928187525805975,1.0411548970663678
3.5367434174851256,0.008889598772088036,0.5958904128126661,-0.5959567165682961,106,7.927948282327012,1.0503068336738417,7.93017406010361,1.0417003895987365
3.538803256400376,0.008858869929301698,0.5938305738964416,-0.5938966484581213,106,7.929942510512371,1.0508225761497936,7.932160594401187,1.0422458821313236
3.540863095315627,0.008828141086286673,0.5917707349802078,-0.5918365803479431,106,7.931936738697729,1.0513383186257457,7.934147128698707,1.0427913746641322
3.5429229342308775,0.008797412243039999,0.5897108960639648,-0.5897765122377614,106,7.933930966883088,1.0518540611016975,7.936133662996169,1.043336867197165
3.544982773146128,0.008766683399558677,0.5876510571477125,-0.5877164441275763,106,7.935925195068448,1.0523698035776494,7.938120197293573,1.0438823597304248
3.5470426120613787,0.008735954555839686,0.5855912182314508,-0.5856563760173876,106,7.937919423253806,1.0528855460536013,7.940106731590917,1.0444278522639148
3.5491024509766294,0.008705225711879974,0.5835313793151795,-0.5835963079071953,106,7.939913651439165,1.0534012885295534,7.9420932658882,1.044973344797638
3.55116228989188,0.008674496867676455,0.581471540398899,-0.5815362397969994,106,7.941907879624524,1.0539170310055053,7.944079800185423,1.0455188373315971
3.5532221288071306,0.008643768023226016,0.579411701482609,-0.5794761716867999,106,7.943902107809883,1.0544327734814574,7.946066334482584,1.0460643298657955
3.5552819677223813,0.008613039178525513,0.5773518625663095,-0.5774161035765966,106,7.945896335995242,1.0549485159574092,7.948052868779682,1.0466098224002356
3.557341806637632,0.008582310333571768,0.5752920236500005,-0.5753560354663895,106,7.9478905641806,1.0554642584333611,7.950039403076716,1.0471553149349209
3.5594016455528825,0.008551581488361572,0.5732321847336816,-0.5732959673561785,106,7.9498847923659595,1.055980000909313,7.952025937373687,1.0477008074698546
3.561461484468133,0.008520852642891685,0.5711723458173533,-0.5712358992459637,106,7.951879020551319,1.056495743385265,7.954012471670593,1.04824630000504
3.563521323383384,0.008490123797158827,0.5691125069010153,-0.569175831135745,106,7.953873248736677,1.0570114858612172,7.955999005967432,1.04879179254048
3.5655811622986344,0.0084593949511597,0.5670526679846676,-0.5671157630255222,106,7.955867476922036,1.057527228337169,7.957985540264205,1.0493372850761773
3.567641001213885,0.008428666104890958,0.5649928290683102,-0.5650556949152955,106,7.957861705107395,1.058042970813121,7.959972074560911,1.0498827776121358
3.5697008401291357,0.008397937258349236,0.5629329901519431,-0.5629956268050648,106,7.959855933292754,1.0585587132890728,7.9619586088575485,1.0504282701483587
3.5717606790443863,0.008367208411531117,0.560873151235566,-0.5609355586948298,106,7.961850161478113,1.0590744557650247,7.963945143154116,1.050973762684849
3.573820517959637,0.008336479564433168,0.5588133123191791,-0.5588754905845907,106,7.963844389663471,1.0595901982409768,7.965931677450614,1.0515192552216104
3.5758803568748876,0.008305750717051903,0.5567534734027825,-0.5568154224743475,106,7.9658386178488305,1.0601059407169289,7.967918211747041,1.0520647477586462
3.5779401957901382,0.008275021869383817,0.5546936344863755,-0.5547553543640998,106,7.96783284603419,1.0606216831928807,7.9699047460433965,1.0526102402959596
3.580000034705389,0.008244293021425358,0.5526337955699588,-0.5526952862538479,106,7.969827074219548,1.0611374256688326,7.971891280339679,1.053155732833554
3.5820598736206395,0.00821356417317294,0.5505739566535321,-0.5506352181435916,106,7.971821302404908,1.0616531681447845,7.973877814635888,1.0537012253714328
3.58411971253589,0.008182835324622948,0.5485141177370956,-0.5485751500333309,106,7.973815530590267,1.0621689106207364,7.9758643489320225,1.0542467179096
3.5861795514511408,0.008152106475771716,0.5464542788206488,-0.5465150819230656,106,7.975809758775625,1.0626846530966885,7.977850883228081,1.054792210448059
3.5882393903663914,0.00812137762661556,0.5443944399041918,-0.5444550138127958,106,7.977803986960984,1.0632003955726406,7.979837417524063,1.0553377029868132
3.590299229281642,0.008090648777150737,0.5423346009877246,-0.5423949457025214,106,7.979798215146343,1.0637161380485924,7.981823951819969,1.0558831955258658
3.5923590681968927,0.008059919927373477,0.5402747620712472,-0.5403348775922424,106,7.9817924433317025,1.0642318805245443,7.983810486115797,1.0564286880652212
3.5944189071121433,0.00802919107727997,0.5382149231547596,-0.5382748094819586,106,7.983786671517061,1.0647476230004962,7.985797020411544,1.0569741806048827
3.596478746027394,0.007998462226866367,0.5361550842382617,-0.53621474137167,106,7.985780899702419,1.065263365476448,7.987783554707211,1.057519673144854
3.5985385849426446,0.007967733376128773,0.5340952453217535,-0.5341546732613767,106,7.987775127887779,1.0657791079524002,7.989770089002799,1.0580651656851392
3.600598423857895,0.007937004525063263,0.5320354064052351,-0.5320946051510784,106,7.989769356073138,1.0662948504283523,7.991756623298303,1.058610658225742
3.602658262773146,0.007906275673665862,0.529975567488706,-0.5300345370407752,106,7.991763584258496,1.0668105929043041,7.993743157593724,1.0591561507666658
3.6047181016883965,0.007875546821932559,0.5279157285721666,-0.527974468930467,106,7.993757812443855,1.067326335380256,7.9957296918890615,1.0597016433079147
3.606777940603647,0.007844817969859301,0.5258558896556166,-0.5259144008201536,106,7.995752040629214,1.0678420778562079,7.9977162261843135,1.060247135849493
3.6088377795188977,0.007814089117441985,0.5237960507390562,-0.5238543327098352,106,7.9977462688145735,1.0683578203321598,7.99970276047948,1.060792628391404
3.6108976184341484,0.0077833602646764765,0.5217362118224851,-0.5217942645995115,106,7.999740496999932,1.0688735628081119,8.00168929477456,1.0613381209336525
3.612957457349399,0.0077526314115585904,0.5196763729059035,-0.5197341964891826,106,8.00173472518529,1.069389305284064,8.003675829069548,1.0618836134762424
3.6150172962646496,0.0077219025580841,0.5176165339893112,-0.5176741283788484,106,8.00372895337065,1.0699050477600158,8.005662363364452,1.062429106019177
3.6170771351799003,0.00769117370424873,0.5155566950727083,-0.5156140602685089,106,8.005723181556009,1.0704207902359677,8.007648897659262,1.0629745985624612
3.619136974095151,0.007660444850048164,0.5134968561560946,-0.5135539921581639,106,8.007717409741367,1.0709365327119196,8.009635431953981,1.063520091106099
3.6211968130104015,0.007629715995478041,0.5114370172394701,-0.5114939240478134,106,8.009711637926726,1.0714522751878717,8.011621966248608,1.0640655836500945
3.623256651925652,0.007598987140533948,0.5093771783228349,-0.5094338559374573,106,8.011705866112084,1.0719680176638235,8.01360850054314,1.064611076194452
3.625316490840903,0.007568258285211432,0.5073173394061887,-0.5073737878270955,106,8.013700094297445,1.0724837601397756,8.015595034837581,1.0651565687391762
3.6273763297561534,0.007537529429505986,0.5052575004895317,-0.505313719716728,106,8.015694322482803,1.0729995026157275,8.017581569131924,1.0657020612842707
3.629436168671404,0.0075068005734130585,0.5031976615728636,-0.5032536516063547,106,8.017688550668161,1.0735152450916794,8.019568103426169,1.0662475538297405
3.6314960075866547,0.007476071716928048,0.5011378226561847,-0.5011935834959756,106,8.019682778853522,1.0740309875676313,8.021554637720318,1.06679304637559
3.6335558465019053,0.007445342860046306,0.49907798373949463,-0.49913351538559064,106,8.02167700703888,1.0745467300435834,8.023541172014365,1.0673385389218235
3.635615685417156,0.007414614002763127,0.49701814482279355,-0.49707344727519964,106,8.023671235224239,1.0750624725195352,8.025527706308312,1.0678840314684457
3.6376755243324066,0.007383885145073765,0.49495830590608136,-0.4950133791648026,106,8.025665463409599,1.0755782149954873,8.02751424060216,1.0684295240154613
3.6397353632476572,0.007353156311906156,0.4928984670787136,-0.4929533110547713,105,8.027659691594957,1.0760939574714392,8.029500774902145,1.068975016538736
3.641795202162908,0.007322427479541504,0.49083862816632895,-0.490893242944752,105,8.029653919780316,1.076609699947391,8.031487309202332,1.0695205090612332
3.6438550410781585,0.007291698646765046,0.48877878924961493,-0.48883317483472655,105,8.031648147965674,1.077125442423343,8.033473843502415,1.0700660015841292
3.645914879993409,0.007260969813509811,0.48671895033267,-0.4867731067246939,105,8.033642376151032,1.077641184899295,8.035460377802378,1.070611494107489
3.6479747189086598,0.007230240979767082,0.48465911141570156,-0.48471303861465403,105,8.035636604336393,1.078156927375247,8.03744691210222,1.0711569866313204
3.6500345578239104,0.007199512145531033,0.4825992724987199,-0.4826529705046068,105,8.037630832521751,1.078672669851199,8.039433446401938,1.0717024791556296
3.652094396739161,0.007168783310795928,0.4805394335817256,-0.48059290239455216,105,8.03962506070711,1.079188412327151,8.041419980701532,1.0722479716804219
3.6541542356544117,0.00713805447555597,0.4784795946647185,-0.47853283428448995,105,8.04161928889247,1.0797041548031028,8.043406515001001,1.0727934642057029
3.6562140745696623,0.007107325639805301,0.4764197557476988,-0.47647276617442014,105,8.043613517077828,1.0802198972790547,8.045393049300339,1.0733389567314784
3.658273913484913,0.0070765968035380045,0.4743599168306662,-0.4744126980643426,105,8.045607745263187,1.0807356397550067,8.047379583599549,1.0738844492577542
3.6603337524001636,0.007045867966748087,0.4723000779136206,-0.47235262995425725,105,8.047601973448545,1.0812513822309586,8.049366117898627,1.0744299417845358
3.662393591315414,0.007015139129429497,0.47024023899656225,-0.470292561844164,105,8.049596201633904,1.0817671247069107,8.051352652197572,1.0749754343118294
3.664453430230665,0.006984410291576115,0.46818040007949097,-0.46823249373406284,105,8.051590429819264,1.0822828671828626,8.053339186496386,1.0755209268396406
3.6665132691459155,0.00695368145318175,0.4661205611624066,-0.46617242562395356,105,8.053584658004622,1.0827986096588145,8.055325720795063,1.0760664193679756
3.668573108061166,0.006922952614240146,0.4640607222453092,-0.4641123575138361,105,8.05557888618998,1.0833143521347663,8.057312255093603,1.0766119118968402
3.6706329469764167,0.006892223774744974,0.46200088332819866,-0.46205228940371046,105,8.05757311437534,1.0838300946107184,8.059298789392006,1.0771574044262413
3.6726927858916674,0.006861494934689834,0.45994104441107503,-0.4599922212935764,105,8.0595673425607,1.0843458370866703,8.061285323690267,1.077702896956184
3.674752624806918,0.006830766094068256,0.4578812054939381,-0.45793215318343394,105,8.061561570746058,1.0848615795626224,8.063271857988385,1.0782483894866755
3.6768124637221686,0.006800037252873692,0.45582136657678807,-0.4558720850732829,105,8.063555798931418,1.0853773220385743,8.065258392286363,1.0787938820177214
3.6788723026374193,0.006769308411099528,0.45376152765962463,-0.45381201696312323,105,8.065550027116776,1.0858930645145262,8.067244926584193,1.0793393745493285
3.68093214155267,0.006738579568739066,0.45170168874244787,-0.45175194885295483,105,8.067544255302135,1.086408806990478,8.069231460881877,1.079884867081503
3.6829919804679205,0.006707850725785541,0.4496418498252578,-0.44969188074277755,105,8.069538483487493,1.0869245494664301,8.071217995179412,1.0804303596142524
3.685051819383171,0.006677121882232101,0.4475820109080541,-0.44763181263259133,105,8.071532711672852,1.0874402919423822,8.073204529476797,1.0809758521475823
3.687111658298422,0.006646393038071823,0.4455221719908371,-0.44557174452239606,105,8.073526939858212,1.087956034418334,8.075191063774032,1.0815213446814993
3.6891714972136724,0.006615664193297704,0.4434623330736064,-0.44351167641219164,105,8.07552116804357,1.088471776894286,8.077177598071112,1.082066837216011
3.691231336128923,0.006584935347902653,0.4414024941563622,-0.44145160830197794,105,8.077515396228929,1.0889875193702379,8.079164132368035,1.0826123297511234
3.6932911750441737,0.006554206501879504,0.4393426552391043,-0.43939154019175486,105,8.079509624414289,1.0895032618461897,8.081150666664803,1.0831578222868443
3.6953510139594243,0.006523477655221009,0.4372828163218327,-0.43733147208152234,105,8.081503852599647,1.0900190043221418,8.08313720096141,1.0837033148231803
3.697410852874675,0.006492748807919829,0.43522297740454746,-0.4352714039712802,105,8.083498080785006,1.090534746798094,8.085123735257858,1.0842488073601386
3.6994706917899256,0.006462019959968544,0.4331631384872482,-0.4332113358610284,105,8.085492308970364,1.0910504892740458,8.087110269554142,1.084794299897726
3.7015305307051762,0.006431291111359643,0.4311032995699353,-0.4311512677507668,105,8.087486537155723,1.0915662317499977,8.08909680385026,1.0853397924359502
3.703590369620427,0.006400562262085535,0.4290434606526084,-0.42909119964049525,105,8.089480765341083,1.0920819742259495,8.091083338146214,1.0858852849748182
3.7056502085356775,0.006369833412138532,0.42698362173526755,-0.42703113153021366,105,8.091474993526441,1.0925977167019014,8.093069872442,1.0864307775143378
3.707710047450928,0.0063391045615108586,0.42492378281791277,-0.4249710634199219,105,8.0934692217118,1.0931134591778535,8.095056406737612,1.0869762700545167
3.7097698863661788,0.006308375710194648,0.42286394390054377,-0.4229109953096199,105,8.09546344989716,1.0936292016538056,8.097042941033056,1.0875217625953622
3.7118297252814294,0.006277646858181935,0.4208041049831608,-0.4208509271993075,105,8.097457678082518,1.0941449441297575,8.099029475328322,1.0880672551368815
3.71388956419668,0.006246918005464663,0.4187442660657636,-0.4187908590889846,105,8.099451906267877,1.0946606866057094,8.101016009623413,1.0886127476790832
3.7159494031119307,0.006216189152034678,0.4166844271483522,-0.41673079097865107,105,8.101446134453235,1.0951764290816612,8.103002543918326,1.0891582402219748
3.7180092420271813,0.006185460297883728,0.41462458823092657,-0.41467072286830675,105,8.103440362638596,1.0956921715576131,8.104989078213059,1.0897037327655645
3.720069080942432,0.006154731443003466,0.4125647493134866,-0.41261065475795156,105,8.105434590823954,1.0962079140335652,8.106975612507608,1.0902492253098606
3.7221289198576826,0.006124002587385436,0.4105049103960322,-0.41055058664758537,105,8.107428819009312,1.0967236565095173,8.108962146801971,1.0907947178548707
3.724188758772933,0.006093273731021085,0.40844507147856346,-0.4084905185372081,105,8.10942304719467,1.0972393989854692,8.110948681096149,1.0913402104006031
3.726248597688184,0.006062544873901755,0.4063852325610802,-0.4064304504268195,105,8.111417275380031,1.097755141461421,8.11293521539014,1.0918857029470668
3.7283084366034345,0.006031816016018679,0.4043253936435824,-0.4043703823164196,105,8.11341150356539,1.098270883937373,8.114921749683935,1.0924311954942696
3.730368275518685,0.006001087157362987,0.40226555472607006,-0.4023103142060081,105,8.115405731750748,1.0987866264133248,8.116908283977539,1.0929766880422205
3.7324281144339357,0.0059703582979256965,0.40020571580854314,-0.40025024609558496,105,8.117399959936108,1.099302368889277,8.118894818270949,1.0935221805909283
3.7344879533491864,0.005939629437697719,0.3981458768910014,-0.39819017798515,105,8.119394188121467,1.099818111365229,8.12088135256416,1.0940676731404015
3.736547792264437,0.005908900607661398,0.3960860380627897,-0.3961301098751654,104,8.121388416306825,1.1003338538411809,8.12286788686493,1.0946131656606448
3.7386076311796876,0.005878171778003206,0.39402619914862363,-0.39407004176518645,104,8.123382644492184,1.1008495963171328,8.124854421165793,1.0951586581805217
3.7406674700949383,0.005847442947476538,0.3919663602308954,-0.3920099736551945,104,8.125376872677542,1.1013653387930846,8.12684095546644,1.0957041507012395
3.742727309010189,0.005816714116019722,0.3899065213130051,-0.38994990554518877,104,8.127371100862902,1.1018810812690365,8.128827489766854,1.096249643222858
3.7447871479254395,0.005785985283619869,0.38784668239509235,-0.3878898374351689,104,8.12936532904826,1.1023968237449886,8.130814024067032,1.0967951357453896
3.74684698684069,0.0057552564502659645,0.3857868434771626,-0.38582976932513485,104,8.131359557233619,1.1029125662209407,8.132800558366972,1.0973406282688447
3.748906825755941,0.005724527615946935,0.3837270045592162,-0.38376970121508636,104,8.13335378541898,1.1034283086968926,8.13478709266667,1.0978861207932342
3.7509666646711914,0.00569379878065157,0.381667165641253,-0.3817096331050233,104,8.135348013604338,1.1039440511728444,8.136773626966123,1.098431613318569
3.753026503586442,0.005663069944368523,0.37960732672327313,-0.37964956499494557,104,8.137342241789696,1.1044597936487963,8.138760161265328,1.0989771058448599
3.7550863425016927,0.005632341107086296,0.3775474878052763,-0.3775894968848529,104,8.139336469975055,1.1049755361247484,8.140746695564284,1.0995225983721182
3.7571461814169433,0.0056016122687932435,0.3754876488872626,-0.37552942877474516,104,8.141330698160413,1.1054912786007003,8.142733229862985,1.100068090900355
3.759206020332194,0.005570883429477572,0.37342780996923186,-0.37346936066462216,104,8.143324926345773,1.1060070210766524,8.144719764161433,1.1006135834295823
3.7612658592474446,0.005540154589127334,0.3713679710511841,-0.37140929255448374,104,8.145319154531132,1.1065227635526043,8.14670629845962,1.1011590759598107
3.7633256981626952,0.005509425747730426,0.3693081321331192,-0.3693492244443297,104,8.14731338271649,1.1070385060285561,8.148692832757545,1.1017045684910525
3.765385537077946,0.005478696905274592,0.36724829321503716,-0.36728915633415987,104,8.14930761090185,1.107554248504508,8.150679367055206,1.1022500610233197
3.7674453759931965,0.00544796806174741,0.3651884542969378,-0.36522908822397404,104,8.151301839087209,1.10806999098046,8.152665901352597,1.102795553556624
3.769505214908447,0.005417239217136294,0.36312861537882124,-0.36316902011377206,104,8.153296067272567,1.108585733456412,8.154652435649718,1.1033410460909778
3.7715650538236978,0.005386510371428496,0.3610687764606872,-0.3611089520035537,104,8.155290295457927,1.109101475932364,8.156638969946565,1.1038865386263934
3.7736248927389484,0.005355781524611094,0.3590089375425359,-0.3590488838933188,104,8.157284523643286,1.109617218408316,8.158625504243133,1.104432031162883
3.775684731654199,0.005325052676670997,0.3569490986243669,-0.3569888157830671,104,8.159278751828644,1.1101329608842678,8.16061203853942,1.1049775237004598
3.7777445705694497,0.00529432382759494,0.3548892597061805,-0.35492874767279853,104,8.161272980014003,1.1106487033602197,8.162598572835421,1.105523016239136
3.7798044094847003,0.005263594977369475,0.3528294207879765,-0.3528686795625128,104,8.163267208199361,1.1111644458361718,8.164585107131137,1.1060685087789255
3.781864248399951,0.005232866125980978,0.3507695818697549,-0.3508086114522097,104,8.165261436384721,1.1116801883121237,8.166571641426561,1.1066140013198407
3.7839240873152016,0.005202137273415638,0.3487097429515154,-0.34874854334188904,104,8.16725566457008,1.1121959307880758,8.168558175721689,1.1071594938618954
3.785983926230452,0.005171408419659453,0.3466499040332582,-0.3466884752315506,104,8.169249892755438,1.1127116732640276,8.17054471001652,1.107704986405103
3.788043765145703,0.005140679564698233,0.3445900651149831,-0.34462840712119425,104,8.171244120940798,1.1132274157399795,8.17253124431105,1.108250478949477
3.7901036040609535,0.00510995070851759,0.3425302261966901,-0.3425683390108197,104,8.173238349126157,1.1137431582159314,8.174517778605274,1.1087959714950317
3.792163442976204,0.00507922185110294,0.3404703872783791,-0.3405082709004267,104,8.175232577311515,1.1142589006918835,8.176504312899187,1.1093414640417814
3.7942232818914547,0.005048492992439494,0.33841054836005,-0.3384482027900151,104,8.177226805496874,1.1147746431678354,8.178490847192789,1.1098869565897396
3.7962831208067054,0.005017764132512261,0.33635070944170287,-0.3363881346795846,104,8.179221033682232,1.1152903856437875,8.180477381486075,1.110432449138922
3.798342959721956,0.004987035271306034,0.33429087052333756,-0.3343280665691351,104,8.181215261867592,1.1158061281197393,8.182463915779042,1.110977941689342
3.8004027986372066,0.004956306408805398,0.33223103160495404,-0.3322679984586663,104,8.18320949005295,1.1163218705956912,8.184450450071683,1.1115234342410154
3.8024626375524573,0.004925577582156846,0.33017119277594936,-0.33020793034873225,103,8.18520371823831,1.116837613071643,8.1864369843733,1.1120689267579786
3.804522476467708,0.004894848755321578,0.3281113538602526,-0.3281478622387954,103,8.18719794642367,1.1173533555475952,8.188423518674872,1.1126144192751228
3.8065823153829585,0.004864119927025174,0.32605151494153084,-0.32608779412883676,103,8.189192174609028,1.117869098023547,8.190410052976079,1.1131599117936815
3.808642154298209,0.004833391097205876,0.3239916760226851,-0.32402772601885543,103,8.191186402794386,1.1183848404994992,8.192396587276901,1.1137054043137147
3.81070199321346,0.004802662265843743,0.32193183710381523,-0.32196765790885107,103,8.193180630979747,1.118900582975451,8.19438312157734,1.1142508968352414
3.8127618321287104,0.004771933432920012,0.3198719981849246,-0.3199075897988234,103,8.195174859165105,1.119416325451403,8.196369655877387,1.11479638935828
3.814821671043961,0.004741204598415699,0.31781215926601347,-0.31784752168877217,103,8.197169087350463,1.1199320679273548,8.198356190177037,1.1153418818828489
3.8168815099592117,0.004710475762311543,0.31575232034708145,-0.3157874535786971,103,8.199163315535822,1.1204478104033069,8.200342724476288,1.1158873744089668
3.8189413488744623,0.004679746924588,0.31369248142812867,-0.31372738546859785,103,8.20115754372118,1.120963552879259,8.202329258775132,1.1164328669366523
3.821001187789713,0.0046490180852252405,0.31163264250915496,-0.31166731735847414,103,8.20315177190654,1.1214792953552108,8.204315793073569,1.1169783594659248
3.8230610267049636,0.004618289244203138,0.3095728035901603,-0.30960724924832567,103,8.205146000091899,1.1219950378311627,8.206302327371587,1.1175238519968038
3.8251208656202142,0.004587560401501266,0.30751296467114464,-0.30754718113815216,103,8.207140228277257,1.1225107803071146,8.208288861669185,1.118069344529309
3.827180704535465,0.004556831557098894,0.3054531257521078,-0.3054871130279533,103,8.209134456462618,1.1230265227830665,8.21027539596636,1.1186148370634608
3.8292405434507155,0.004526102710974974,0.3033932868330498,-0.3034270449177287,103,8.211128684647976,1.1235422652590186,8.2122619302631,1.1191603295992791
3.831300382365966,0.004495373863108143,0.3013334479139706,-0.30136697680747815,103,8.213122912833335,1.1240580077349707,8.214248464559406,1.119705822136785
3.833360221281217,0.00446464501347671,0.29927360899487004,-0.2993069086972013,103,8.215117141018693,1.1245737502109225,8.216234998855269,1.1202513146759991
3.8354200601964674,0.004433916162058653,0.297213770075748,-0.29724684058689776,103,8.217111369204051,1.1250894926868744,8.218221533150684,1.120796807216943
3.837479899111718,0.004403187308831609,0.2951539311566046,-0.29518677247656727,103,8.219105597389412,1.1256052351628263,8.220208067445649,1.121342299759638
3.8395397380269687,0.004372458453772868,0.2930940922374396,-0.2931267043662094,103,8.22109982557477,1.1261209776387782,8.222194601740153,1.1218877923041066
3.8415995769422193,0.004341729596859366,0.2910342533182529,-0.2910666362558239,103,8.223094053760128,1.1266367201147303,8.224181136034193,1.122433284850371
3.84365941585747,0.004311000738067676,0.28897441439904453,-0.28900656814541037,103,8.225088281945489,1.1271524625906824,8.226167670327765,1.1229787773984539
3.8457192547727206,0.004280271877374004,0.2869145754798144,-0.28694650003496847,103,8.227082510130847,1.1276682050666342,8.228154204620859,1.1235242699483778
3.847779093687971,0.004249543014754174,0.2848547365605625,-0.28488643192449786,103,8.229076738316206,1.128183947542586,8.23014073891347,1.1240697625001665
3.849838932603222,0.00421881415018363,0.28279489764128857,-0.28282636381399817,103,8.231070966501564,1.128699690018538,8.232127273205592,1.124615255053844
3.8518987715184725,0.004188085327348362,0.2807350588114972,-0.280766295704121,102,8.233065194686922,1.1292154324944899,8.234113807508164,1.1251607475671153
3.853958610433723,0.004157356503584174,0.2786752198943585,-0.27870622759422997,102,8.235059422872283,1.129731174970442,8.236100341810506,1.1257062400812863
3.8560184493489738,0.004126627677588475,0.2766153809746053,-0.27664615948430565,102,8.237053651057641,1.130246917446394,8.238086876112288,1.1262517325976178
3.8580782882642244,0.004095898849294302,0.27455554205475124,-0.27458609137434703,102,8.239047879243,1.130762659922346,8.240073410413492,1.1267972251161742
3.860138127179475,0.004065170018670897,0.27249570313487026,-0.27252602326435366,102,8.24104210742836,1.1312784023982978,8.242059944714116,1.1273427176369857
3.8621979660947257,0.004034441185688089,0.27043586421496457,-0.2704659551543251,102,8.243036335613718,1.1317941448742497,8.244046479014148,1.1278882101600816
3.8642578050099763,0.004003712350315237,0.268376025295034,-0.2684058870442609,102,8.245030563799077,1.1323098873502015,8.246033013313582,1.1284337026854911
3.866317643925227,0.00397298351252119,0.26631618637507865,-0.2663458189341606,102,8.247024791984437,1.1328256298261536,8.24801954761241,1.128979195213245
3.8683774828404776,0.003942254672274267,0.2642563474550983,-0.2642857508240237,102,8.249019020169795,1.1333413723021057,8.250006081910623,1.1295246877433738
3.870437321755728,0.003911525829542252,0.2621965085350929,-0.2622256827138498,102,8.251013248355154,1.1338571147780576,8.251992616208213,1.1300701802759083
3.872497160670979,0.0038807969842923765,0.2601366696150623,-0.26016561460363824,102,8.253007476540512,1.1343728572540095,8.253979150505174,1.1306156728108803
3.8745569995862295,0.003850068136491311,0.25807683069500653,-0.2581055464933887,102,8.25500170472587,1.1348885997299614,8.255965684801495,1.1311611653483225
3.87661683850148,0.0038193392861051445,0.2560169917749254,-0.25604547838310054,102,8.25699593291123,1.1354043422059132,8.257952219097172,1.131706657888267
3.8786766774167307,0.003788610433099376,0.25395715285481885,-0.2539854102727733,102,8.25899016109659,1.1359200846818653,8.25993875339219,1.1322521504307483
3.8807365163319814,0.003757881577438897,0.2518973139346868,-0.25192534216240653,102,8.260984389281948,1.1364358271578174,8.261925287686543,1.1327976429757995
3.882796355247232,0.0037271527190879776,0.24983747501452924,-0.2498652740519996,102,8.262978617467308,1.1369515696337693,8.263911821980225,1.1333431355234553
3.8848561941624826,0.003696423858010254,0.24777763609434603,-0.24780520594155198,102,8.264972845652666,1.1374673121097212,8.265898356273222,1.1338886280737512
3.8869160330777333,0.003665694994168707,0.24571779717413703,-0.24574513783106314,102,8.266967073838025,1.137983054585673,8.267884890565528,1.1344341206267228
3.888975871992984,0.003634966127525647,0.24365795825390218,-0.2436850697205325,102,8.268961302023383,1.1384987970616252,8.269871424857131,1.1349796131824068
3.8910357109082345,0.003604237308839032,0.2415981194232596,-0.2416250016107172,101,8.270955530208742,1.139014539537577,8.271857959160743,1.1355251056916618
3.893095549823485,0.003573508488254687,0.23953828050468934,-0.2395649335008736,101,8.272949758394102,1.1395302820135291,8.27384449346388,1.1360705982027541
3.895155388738736,0.003542779664439214,0.23747844158383474,-0.2375048653909818,101,8.27494398657946,1.140046024489481,8.275831027766207,1.1366160907169747
3.8972152276539864,0.003512050837314401,0.23541860266289386,-0.23544479728104065,101,8.276938214764819,1.1405617669654329,8.277817562067705,1.137161583234399
3.899275066569237,0.0034813220068334364,0.23335876374192246,-0.23338472917104944,101,8.278932442950179,1.1410775094413848,8.279804096368364,1.1377070757550727
3.9013349054844877,0.0034505931729494595,0.23129892482092204,-0.23132466106100746,101,8.280926671135537,1.1415932519173368,8.281790630668171,1.138252568279041
3.9033947443997383,0.003419864335614743,0.2292390858998924,-0.229264592950914,101,8.282920899320896,1.1421089943932887,8.283777164967113,1.1387980608063502
3.905454583314989,0.0033891354947806394,0.22717924697883352,-0.22720452484076836,101,8.284915127506256,1.1426247368692408,8.28576369926518,1.1393435533370473
3.9075144222302396,0.0033584066503975626,0.22511940805774514,-0.22514445673056976,101,8.286909355691614,1.1431404793451927,8.287750233562358,1.1398890458711801
3.9095742611454902,0.0033276778024149568,0.2230595691366274,-0.2230843886203175,101,8.288903583876973,1.1436562218211446,8.289736767858633,1.140434538408798
3.911634100060741,0.0032969489507812763,0.22099973021548006,-0.22102432051001075,101,8.290897812062331,1.1441719642970964,8.291723302153995,1.1409800309499505
3.9136939389759915,0.0032662200954439494,0.21893989129430302,-0.21896425239964876,101,8.29289204024769,1.1446877067730485,8.29370983644843,1.1415255234946888
3.915753777891242,0.0032354912363493546,0.21688005237309624,-0.21690418428923072,101,8.29488626843305,1.1452034492490004,8.295696370741926,1.1420710160430647
3.9178136168064928,0.0032047623734427905,0.2148202134518596,-0.21484411617875582,101,8.296880496618408,1.1457191917249525,8.297682905034465,1.1426165085951314
3.9198734557217434,0.00317403350666844,0.212760374530593,-0.21278404806822324,101,8.298874724803767,1.1462349342009044,8.299669439326035,1.1431620011509422
3.921933294636994,0.0031433046359693453,0.2107005356092963,-0.2107239799576321,101,8.300868952989127,1.1467506766768563,8.301655973616626,1.143707493710553
3.9239931335522447,0.003112575819883872,0.20864069677736596,-0.2086639118478556,100,8.302863181174486,1.1472664191528081,8.303642507920888,1.1442529862172897
3.9260529724674953,0.0030818470006091104,0.2065808578572974,-0.20660384373803153,100,8.304857409359844,1.1477821616287602,8.305629042224352,1.1447984787271142
3.928112811382746,0.0030511181767792902,0.20452101893523353,-0.20454377562813952,100,8.306851637545202,1.148297904104712,8.307615576526675,1.1453439712413485
3.9301726502979966,0.0030203893482966364,0.20246118001309282,-0.2024837075181781,100,8.30884586573056,1.1488136465806642,8.309602110827834,1.1458894637600876
3.932232489213247,0.0029896605150901805,0.20040134109091742,-0.20042363940814623,100,8.310840093915921,1.149329389056616,8.311588645127811,1.1464349562834
3.934292328128498,0.0029589316770880563,0.19834150216870824,-0.19836357129804283,100,8.31283432210128,1.149845131532568,8.313575179426586,1.146980448811355
3.9363521670437485,0.002928202834216843,0.19628166324646512,-0.1963035031878668,100,8.314828550286638,1.1503608740085198,8.315561713724142,1.1475259413440244
3.938412005958999,0.0028974739864015,0.19422182432418797,-0.19424343507761702,100,8.316822778471998,1.150876616484472,8.317548248020461,1.1480714338814804
3.9404718448742497,0.002866745133565318,0.19216198540187668,-0.19218336696729232,100,8.318817006657357,1.1513923589604238,8.319534782315522,1.148616926423797
3.9425316837895004,0.002836016275629863,0.19010214647953116,-0.19012329885689158,100,8.320811234842715,1.151908101436376,8.321521316609306,1.149162418971051
3.944591522704751,0.0028052874125149207,0.1880423075571512,-0.18806323074641357,100,8.322805463028075,1.1524238439123278,8.323507850901795,1.149707911523319
3.9466513616200016,0.002774558544138437,0.18598246863473686,-0.1860031626358571,100,8.324799691213434,1.1529395863882796,8.325494385192965,1.150253404080681
3.9487112005352523,0.0027438296704164586,0.18392262971228793,-0.18394309452522087,100,8.326793919398792,1.1534553288642315,8.327480919482795,1.1507988966432183
3.950771039450503,0.002713100858376313,0.18186279087918142,-0.18188302641550472,99,8.32878814758415,1.1539710713401836,8.329467453788071,1.1513443891460389
3.9528308783657535,0.0026823720415086873,0.1798029519575741,-0.17982295830571657,99,8.330782375769509,1.1544868138161357,8.331453988092138,1.1518898816535328
3.954890717281004,0.0026516432184042257,0.1777431130342039,-0.17776289019583538,99,8.33277660395487,1.1550025562920876,8.333440522394644,1.152435374167065
3.956950556196255,0.0026209143889348264,0.17568327411076182,-0.17570282208585924,99,8.334770832140228,1.1555182987680395,8.335427056695556,1.1529808666867591
3.9590103951115054,0.0025901855529949194,0.1736234351872804,-0.1736427539757866,99,8.336765060325586,1.1560340412439913,8.337413590994847,1.1535263592127178
3.961070234026756,0.0025594567104768274,0.17156359626376017,-0.17158268586561584,99,8.338759288510946,1.1565497837199432,8.339400125292492,1.1540718517450452
3.9631300729420067,0.0025287278612701964,0.1695037573402009,-0.1695226177553453,99,8.340753516696305,1.1570655261958953,8.341386659588462,1.154617344283848
3.9651899118572573,0.0024979990052618906,0.16744391841660256,-0.1674625496449733,99,8.342747744881663,1.1575812686718474,8.343373193882728,1.1551628368292362
3.967249750772508,0.002467270142335886,0.16538407949296496,-0.16540248153449813,99,8.344741973067022,1.1580970111477993,8.345359728175263,1.1557083293813215
3.9693095896877586,0.0024365412723731644,0.16332424056928804,-0.16334241342391798,99,8.34673620125238,1.1586127536237512,8.347346262466036,1.1562538219402192
3.9713694286030092,0.0024058123952516008,0.16126440164557163,-0.16128234531323105,99,8.34873042943774,1.159128496099703,8.349332796755018,1.1567993145060478
3.97342926751826,0.002375083587345163,0.15920456281114193,-0.15922227720357657,98,8.350724657623099,1.159644238575655,8.351319331061328,1.157344807004866
3.9754891064335105,0.002344354772509338,0.1571447238879036,-0.15716220909381873,98,8.352718885808457,1.160159981051607,8.353305865365902,1.157890299510393
3.977548945348761,0.002313625949278201,0.1550848849631006,-0.15510214098393565,98,8.354713113993817,1.160675723527559,8.355292399668379,1.1584357920240478
3.9796087842640118,0.002282897117478125,0.15302504603822786,-0.15304207287392477,98,8.356707342179176,1.161191466003511,8.357278933968706,1.1589812845459986
3.9816686231792624,0.0022521682769535184,0.15096520711331055,-0.15098200476378373,98,8.358701570364534,1.1617072084794628,8.35926546826685,1.159526777076396
3.983728462094513,0.0022214394275448,0.14890536818834887,-0.14892193665351017,98,8.360695798549893,1.1622229509554147,8.361252002562768,1.1600722696153942
3.9857883010097637,0.0021907105690878517,0.14684552926334277,-0.14686186854310165,98,8.362690026735251,1.1627386934313666,8.363238536856421,1.1606177621631528
3.9878481399250143,0.0021599817014138203,0.14478569033829208,-0.14480180043255564,98,8.364684254920611,1.1632544359073187,8.36522507114777,1.161163254719835
3.989907978840265,0.0021292528243489163,0.14272585141319666,-0.14274173232186954,98,8.36667848310597,1.1637701783832708,8.367211605436763,1.161708747285609
3.9919678177555156,0.0020985240245065023,0.1406660125777511,-0.14068166421233533,97,8.368672711291328,1.1642859208592227,8.369198139745093,1.16225423977662
3.994027656670766,0.0020677952151409336,0.13860617365280106,-0.13862159610265906,97,8.370666939476688,1.1648016633351745,8.371184674051038,1.1627997322768506
3.996087495586017,0.0020370663947069864,0.1365463347264423,-0.1365615279928177,97,8.372661167662047,1.1653174058111264,8.373171208354213,1.1633452247877973
3.9981473345012675,0.002006337562966685,0.13448649580001332,-0.1345014598828077,97,8.374655395847405,1.1658331482870785,8.375157742654556,1.1638907173096904
4.000207173416518,0.0019756087196951973,0.13242665687353405,-0.1324413917726257,97,8.376649624032765,1.1663488907630304,8.377144276952013,1.164436209842747
4.002267012331768,0.0019448798646608456,0.13036681794700458,-0.13038132366226823,97,8.378643852218122,1.1668646332389823,8.37913081124652,1.164981702387192
4.0043268512470185,0.0019141509976244701,0.12830697902042482,-0.12832125555173174,97,8.380638080403482,1.1673803757149341,8.381117345538028,1.1655271949432566
4.006386690162269,0.0018834221183390643,0.12624714009379454,-0.12626118744101253,97,8.382632308588839,1.167896118190886,8.383103879826464,1.1660726875111802
4.008446529077519,0.00185269322654939,0.12418730116711366,-0.1242011193301068,97,8.3846265367742,1.1684118606668377,8.385090414111774,1.1666181800912094
4.010506367992769,0.0018219643219915694,0.122127462240382,-0.12214105121901062,97,8.386620764959556,1.1689276031427895,8.387076948393883,1.1671636726836003
4.012566206908019,0.001791235404392644,0.12006762331359937,-0.1200809831077199,97,8.388614993144916,1.1694433456187414,8.38906348267273,1.167709165288617
4.014626045823269,0.0017605064734701084,0.11800778438676562,-0.11802091499623045,97,8.390609221330273,1.1699590880946933,8.391050016948238,1.1682546579065327
4.01668588473852,0.001729777528931409,0.11594794545988066,-0.1159608468845379,97,8.392603449515633,1.1704748305706452,8.39303655122034,1.168800150537631
4.01874572365377,0.0016990485704734106,0.11388810653294426,-0.11390077877263771,97,8.39459767770099,1.170990573046597,8.395023085488953,1.1693456431822054
4.02080556256902,0.0016683195977818168,0.11182826760595625,-0.11184071066052521,97,8.39659190588635,1.1715063155225487,8.397009619754007,1.1698911358405597
4.02286540148427,0.001637590610530557,0.10976842867891652,-0.10978064254819553,97,8.398586134071708,1.1720220579985006,8.398996154015412,1.1704366285130101
4.02492524039952,0.00160686160838112,0.10770858975182489,-0.10772057443564362,97,8.400580362257067,1.1725378004744524,8.400982688273087,1.170982121199884
4.026985079314771,0.001576132500993582,0.10564875075449973,-0.10566050632152192,98,8.402574590442425,1.1730535429504043,8.402969222504414,1.1715276139886441
4.029044918230021,0.0015454033785161094,0.1035889118277058,-0.10360043820717514,98,8.404568818627784,1.1735692854263562,8.404955756731962,1.1720731067920134
4.031104757145271,0.00151467424166806,0.10152907290167645,-0.101540370092614,98,8.406563046813142,1.174085027902308,8.406942290955913,1.1726185996092957
4.033164596060521,0.0014839450901053782,0.09946923397560851,-0.09948030197783336,98,8.4085572749985,1.1746007703782597,8.408928825176178,1.1731640924408235
4.035224434975771,0.0014532159234569586,0.09740939504949275,-0.09742023386282771,98,8.410551503183859,1.1751165128542116,8.410915359392666,1.1737095852869568
4.0372842738910215,0.001422486741335643,0.09534955612332892,-0.09536016574759124,98,8.412545731369217,1.1756322553301635,8.41290189360528,1.1742550781480703
4.039344112806272,0.0013917575433373252,0.09328971719711686,-0.09330009763211794,98,8.414539959554576,1.1761479978061153,8.414888427813919,1.1748005710245548
4.041403951721522,0.0013610283290398264,0.0912298782708564,-0.09124002951640152,98,8.416534187739934,1.1766637402820672,8.416874962018477,1.1753460639168196
4.043463790636772,0.001330299098001672,0.08917003934454742,-0.08917996140043538,98,8.418528415925293,1.177179482758019,8.418861496218843,1.1758915568252917
4.045523629552022,0.0012995698497607513,0.08711020041818975,-0.08711989328421263,98,8.420522644110651,1.1776952252339707,8.420848030414904,1.1764370497504184
4.0475834684672725,0.0012688405838328543,0.08505036149178326,-0.08505982516772606,98,8.42251687229601,1.1782109677099226,8.422834564606534,1.1769825426926688
4.049643307382523,0.0012381112997100646,0.08299052256532775,-0.08299975705096808,98,8.424511100481368,1.1787267101858745,8.42482109879361,1.1775280356525348
4.051703146297773,0.0012073819968589897,0.08093068363882308,-0.08093968893393073,98,8.426505328666726,1.1792424526618264,8.426807632975995,1.1780735286305324
4.053762985213023,0.0011766526747188167,0.0788708447122691,-0.07887962081660566,98,8.428499556852085,1.1797581951377782,8.428794167153551,1.1786190216272046
4.055822824128273,0.0011459233326991621,0.07681100578566565,-0.07681955269898405,98,8.430493785037443,1.1802739376137301,8.43078070132613,1.179164514643123
4.057882663043523,0.0011151939701776886,0.07475116685901256,-0.07475948458105662,98,8.432488013222802,1.180789680089682,8.432767235493577,1.1797100076788907
4.059942501958774,0.001084464586497464,0.07269132793230966,-0.07269941646281358,98,8.43448224140816,1.1813054225656336,8.434753769655725,1.1802555007351425
4.062002340874024,0.0010537351809640153,0.07063148900555682,-0.07063934834424455,98,8.436476469593519,1.1818211650415855,8.436740303812401,1.1808009938125519
4.064062179789274,0.0010230057528420433,0.06857165007875386,-0.06857928022533859,98,8.438470697778877,1.1823369075175374,8.438726837963422,1.1813464869118302
4.066122018704524,0.0009922763013517375,0.0665118111519006,-0.06651921210608404,98,8.440464925964235,1.1828526499934893,8.440713372108592,1.1818919800337324
4.068181857619774,0.0009615468256646381,0.06445197222499688,-0.06445914398646856,98,8.442459154149594,1.1833683924694411,8.442699906247702,1.1824374731790608
4.0702416965350245,0.0009308173248989678,0.06239213329804254,-0.062399075866478984,98,8.444453382334952,1.183884134945393,8.444686440380535,1.182982966348669
4.072301535450275,0.0009000877981143442,0.0603322943710374,-0.06033900774610129,98,8.44644761052031,1.1843998774213447,8.446672974506852,1.1835284595434672
4.074361374365525,0.0008693582443057731,0.05827245544398127,-0.05827893962532049,98,8.44844183870567,1.1849156198972965,8.448659508626402,1.1840739527644286
4.076421213280775,0.0008386286623967862,0.05621261651687399,-0.05621887150412052,98,8.450436066891028,1.1854313623732484,8.450646042738919,1.1846194460125956
4.078481052196025,0.000807899051231577,0.05415277758971536,-0.05415880338248414,98,8.452430295076386,1.1859471048492003,8.45263257684411,1.1851649392890868
4.0805408911112755,0.0007771694095659365,0.05209293866250521,-0.05209873526039279,98,8.454424523261745,1.1864628473251522,8.454619110941662,1.185710432595107
4.082600730026526,0.0007464397360567533,0.05003309973524335,-0.05003866713782644,98,8.456418751447103,1.186978589801104,8.456605645031244,1.1862559259319563
4.084660568941776,0.0007157100292497819,0.047973260807929574,-0.04797859901476339,98,8.458412979632461,1.1874943322770557,8.458592179112486,1.1868014193010425
4.086720407857026,0.0006849802875653079,0.04591342188056367,-0.04591853089118007,98,8.46040720781782,1.1880100747530076,8.460578713184997,1.1873469127038958
4.088780246772276,0.0006542505092812353,0.04385358295314545,-0.04385846276705081,98,8.462401436003178,1.1885258172289594,8.462565247248344,1.1878924061421827
4.090840085687526,0.0006235206925129925,0.04179374402567466,-0.04179839464234748,98,8.464395664188537,1.1890415597049113,8.464551781302056,1.188437899617728
4.092899924602777,0.000592790835189467,0.039733905098151084,-0.039738326517039194,98,8.466389892373895,1.1895573021808632,8.466538315345613,1.1889833931325366
4.094959763518027,0.0005620609350239425,0.037674066170574456,-0.03767825839109183,98,8.468384120559254,1.190073044656815,8.468524849378444,1.189528886688823
4.097019602433277,0.0005313309894786621,0.03561422724294453,-0.035618190264467546,98,8.470378348744612,1.1905887871327667,8.470511383399913,1.1900743802890432
4.099079441348527,0.0005006009957211787,0.033554388315261,-0.03355812213712408,98,8.47237257692997,1.1911045296087186,8.472497917409308,1.1906198739359402
4.101139280263777,0.0004698709505699525,0.03149454938752354,-0.031498054009013975,98,8.47436680511533,1.1916202720846705,8.47448445140584,1.191165367632594
4.103199119179028,0.0004391408504256797,0.029434710459731773,-0.029437985880083537,98,8.476361033300687,1.1921360145606223,8.476470985388598,1.1917108613824892
4.105258958094278,0.00040841069118333604,0.02737487153188529,-0.02737791775027153,98,8.478355261486048,1.1926517570365742,8.478457519356562,1.1922563551896
4.107318797009528,0.0003776804681176526,0.025315032603983597,-0.025317849619507466,98,8.480349489671404,1.193167499512526,8.480444053308544,1.192801849058501
4.109378635924778,0.0003469501757311699,0.023255193676026107,-0.023257781487709336,98,8.482343717856764,1.1936832419884778,8.48243058724317,1.193347342994515
4.111438474840028,0.0003162198075482207,0.02119535474801208,-0.021197713354780538,98,8.484337946042121,1.1941989844644296,8.484417121158817,1.193892837003911
4.1134983137552785,0.0002854893558284244,0.01913551581994059,-0.01913764522060561,98,8.486332174227481,1.1947147269403815,8.486403655053552,1.194438331094183
4.115558152670529,0.00025475872096773885,0.01707567687931361,-0.01707757708369872,99,8.488326402412838,1.1952304694163334,8.488390188902427,1.1949838253617626
4.117617991585779,0.00022402799172799754,0.0150158379523934,-0.01501750894538395,99,8.490320630598198,1.1957462118922852,8.490376722727675,1.195529319720715
4.119677830501029,0.00019329715489905231,0.012955999025444503,-0.012957440805464232,99,8.492314858783555,1.1962619543682371,8.492363256525982,1.1960748141838298
4.121737669416279,0.00016256619273291535,0.010896160098435272,-0.010897372663674808,99,8.494309086968915,1.1967776968441888,8.49434979029291,1.1966203087682892
4.1237975083315295,0.0001318350807036488,0.008836321171360356,-0.008837304519649803,99,8.496303315154272,1.1972934393201407,8.496336324022312,1.1971658034978383
4.12585734724678,0.00010110378270747339,0.006776482244210563,-0.0067772363728506235,99,8.498297543339632,1.1978091817960925,8.498322857705157,1.197711298407431
4.12791718616203,7.037224033356222e-05,0.004716643316968303,-0.0047171682224058965,99,8.50029177152499,1.1983249242720444,8.50030939132681,1.1982567935536172
4.12997702507728,3.964034301834969e-05,0.0026568043895947822,-0.0026571000666662206,99,8.502285999710349,1.1988406667479963,8.502295924859595,1.1988022890434393
4.13203686399253,8.907803238084507e-06,0.0005969654619837427,-0.0005970319013422131,99,8.504280227895705,1.1993564092239482,8.504282458231517,1.1993477851552623
