lambda,thickness,s_lambda,s_tau,subiterations,body_xi,body_eta,free_xi,free_eta
0.0,0.14081348204277705,2.1038539347051968,-4.2567052518050215,0,4.276517714797403,0.5565251544983749,4.324678762107859,0.42420376451560804
0.0027267485608833794,0.13621764345463713,2.1692902370086498,-4.251361387094672,5,4.279080020298803,0.5574577574319813,4.325669198236642,0.4294550430568127
0.005453497121766759,0.13181611916834612,2.236181320252489,-4.246183687435838,5,4.281642325800204,0.5583903603655878,4.3267260937707945,0.4345237258824567
0.008180245682650139,0.12760321621481335,2.304466774601695,-4.241165350160389,5,4.284204631301605,0.5593229632991941,4.3278475016002105,0.43941516263358493
0.010906994243533518,0.1235734478626741,2.374073731591688,-4.236299737076082,5,4.286766936803006,0.5602555662328005,4.329031545152244,0.4441345091511732
0.013633742804416897,0.11972153037386697,2.4449158922972276,-4.231580369951683,5,4.289329242304406,0.5611881691664069,4.330276417282044,0.4486867305248879
0.016360491365300277,0.11604237965419181,2.51689257173241,-4.227000925909841,5,4.291891547805807,0.5621207721000133,4.331580379126985,0.4530766042405322
0.019087239926183656,0.11253110780220085,2.5898877795376394,-4.222555232743093,5,4.294453853307208,0.5630533750336196,4.332941758926312,0.4573087234230277
0.021813988487067035,0.10918301955616279,2.6637693602610146,-4.2182372641677635,5,4.297016158808608,0.563985977967226,4.334358950805936,0.46138750017517616
0.024540737047950414,0.1059936086350227,2.7383882202030563,-4.214041135030312,5,4.2995784643100095,0.5649185809008325,4.335830413526964,0.4653171690160319
0.027267485608833793,0.10295855397896306,2.8135776786331865,-4.209961096491334,971,4.30214076981141,0.5658511838344389,4.337354669199898,0.4691017904136195
0.029994234169717172,0.1000737158355449,2.8891529502140574,-4.205991531171554,322,4.30470307531281,0.5667837867680453,4.338930301946015,0.47274525446275767
0.032720982730600555,0.09733513171884389,2.964910839100712,-4.202126948311978,185,4.307265380814211,0.5677163897016516,4.3405559565153125,0.47625128468222944
0.03544773129148394,0.09473901218426808,3.0406296469150758,-4.198361978942636,125,4.309827686315612,0.568648992635258,4.342230336841407,0.4796234419851549
0.03817447985236732,0.09228173638655733,3.1160693531912425,-4.194691371082853,91,4.312389991817013,0.5695815955688645,4.343952204522284,0.4828651288531059
0.0409012284132507,0.08995984736627897,3.1909721063119547,-4.1911099849913,68,4.314952297318413,0.5705141985024709,4.345720377208183,0.4859795937653517
0.043627976974134085,0.08777004699414526,3.2650630678389776,-4.187612788487803,52,4.317514602819814,0.5714468014360772,4.347533726872451,0.48896993594964633
0.04635472553501747,0.08570919047710647,3.338051649440355,-4.184194852371065,46,4.320076908321215,0.5723794043696836,4.349391177932522,0.49183911054481266
0.04908147409590085,0.0837742803013182,3.4096331810268117,-4.1808513459627195,39,4.322639213822615,0.57331200730329,4.3512917051782765,0.4945899342924909
0.05180822265678423,0.08196245944340767,3.479491041995864,-4.177577532813586,33,4.3252015193240165,0.5742446102368964,4.3532343314501745,0.4972250919164618
0.054534971217667615,0.08027100362349844,3.5472992824253224,-4.174368766616901,28,4.327763824825417,0.5751772131705029,4.35521812498962,0.4997471434024223
0.057261719778551,0.07869731229294186,3.61272575446207,-4.1712204873856145,24,4.330326130326817,0.5761098161041092,4.3572421963565935,0.5021585324667474
0.05998846833943438,0.07723889793555835,3.6754357672048523,-4.1681282179678405,20,4.3328884358282185,0.5770424190377156,4.3593056947704545,0.5044615966100353
0.06271521690031776,0.07589337309513579,3.735096271687337,-4.165087560997633,16,4.335450741329619,0.577975021971322,4.361407803673085,0.506658579307271
0.06544196546120114,0.07465843429968,3.791380580441514,-4.162094196411953,13,4.33801304683102,0.5789076249049284,4.363547735230666,0.5087516451140894
0.06816871402208452,0.07353184168900417,3.8439736290533273,-4.1591438797129,11,4.34057535233242,0.5798402278385348,4.365724723365894,0.5107428988105799
0.0708954625829679,0.07251139259488566,3.8925778014825405,-4.156232441225147,10,4.343137657833821,0.5807728307721411,4.367938014721867,0.512634410227817
0.07362221114385128,0.07159488644973601,3.9369193745208877,-4.153355786704984,14,4.345699963335222,0.5817054337057476,4.370186856660145,0.5144282472229255
0.07634895970473467,0.07078007699784541,3.9767557029216793,-4.150509899820871,17,4.348262268836622,0.582638036639354,4.372470480916027,0.5161265205858201
0.07907570826561805,0.07006460547590251,4.011883388359611,-4.147690847282695,20,4.350824574338024,0.5835706395729604,4.374788080744948,0.5177314468289788
0.08180245682650143,0.06944590454058762,4.042147893347263,-4.144894787812363,24,4.353386879839424,0.5845032425065668,4.3771387780637765,0.5192454384659739
0.08452920538738481,0.068921056038478,4.067455447547748,-4.142117986835618,28,4.355949185340824,0.5854358454401731,4.379521574805261,0.5206712376640431
0.0872559539482682,0.06848657415422912,4.087788770843644,-4.139356839932243,34,4.3585114908422256,0.5863684483737795,4.381935278750339,0.5220121200181433
0.08998270250915158,0.06813806605608644,4.103229280395627,-4.136607910029762,40,4.361073796343626,0.587301051307386,4.384378387462062,0.5232722134398586
0.09270945107003496,0.06786969386209614,4.113990102369369,-4.133867986427034,49,4.363636101845027,0.5882336542409924,4.38684890426721,0.5244570037437819
0.09543619963091834,0.06767334420900839,4.120465159468172,-4.131134177563827,59,4.3661984073464275,0.5891662571745987,4.38934405423212,0.5255741149974886
0.09816294819180173,0.06753752721388138,4.12329237555949,-4.128404048634556,71,4.368760712847828,0.5900988601082051,4.39185990758538,0.5266343441591932
0.10088969675268511,0.06744669058864777,4.123388421752834,-4.1256757874654655,83,4.371323018349229,0.5910314630418115,4.3943911451312,0.5276523055992287
0.10361644531356849,0.06738305942564732,4.121826148668177,-4.122948296560039,91,4.3738853238506294,0.591964065975418,4.396931687493111,0.5286447022671587
0.10634319387445187,0.06733197051356693,4.119498067728049,-4.12022106943506,94,4.376447629352031,0.5928966689090244,4.3994765195574805,0.529625313074451
0.10906994243533526,0.06728540465938274,4.1168936445624515,-4.117493923290635,96,4.379009934853431,0.5938292718426307,4.402022898598759,0.5306016735976148
0.11179669099621864,0.06724025307442301,4.1142027974954525,-4.114766800928161,96,4.381572240354831,0.5947618747762371,4.4045697613486,0.5315767051424247
0.11452343955710202,0.0671955190733973,4.111486430956204,-4.112039685447451,96,4.384134545856233,0.5956944777098435,4.407116766920558,0.5325513442866932
0.1172501881179854,0.06715090606068022,4.108762670430656,-4.10931257194868,96,4.386696851357633,0.5966270806434499,4.409663813872955,0.5335258697391408
0.11997693667886879,0.06710632789347729,4.106036780376212,-4.106585459019725,96,4.389259156859034,0.5975596835770562,4.41221087274322,0.534500362447516
0.12270368523975217,0.06706175974128448,4.103310278272492,-4.10385834625446,96,4.391821462360435,0.5984922865106627,4.4147579350388195,0.53547484574486
0.12543043380063554,0.06701719446486966,4.100583600423775,-4.101131233536192,96,4.394383767861835,0.5994248894442691,4.417304998317993,0.5364493263398568
0.1281571823615189,0.0669726300137599,4.097856872141894,-4.09840412083141,96,4.396946073363236,0.6003574923778755,4.419852061879439,0.5374238061593204
0.13088393092240228,0.06692806579941409,4.0951301293947235,-4.095677008130497,96,4.3995083788646365,0.6012900953114819,4.422399125521862,0.5383982857562987
0.13361067948328564,0.06688350165299341,4.09240338250062,-4.092949895430695,96,4.402070684366038,0.6022226982450882,4.424946189187517,0.5393727652894481
0.136337428044169,0.06683893752608566,4.089676634418234,-4.090222782731211,96,4.404632989867438,0.6031553011786946,4.427493252859845,0.5403472448042614
0.13906417660505238,0.066794373404816,4.086949885995517,-4.087495670031819,96,4.4071952953688385,0.6040879041123011,4.430040316534101,0.5413217243137768
0.14179092516593575,0.06674980928520992,4.084223137475373,-4.084768557332454,96,4.40975760087024,0.6050205070459074,4.432587380208928,0.5422962038217287
0.14451767372681912,0.06670524516612951,4.081496388927355,-4.082041444633099,96,4.41231990637164,0.6059531099795138,4.435134443883933,0.5432706833291869
0.1472444222877025,0.06666068104724925,4.078769640371366,-4.0793143319337455,96,4.414882211873041,0.6068857129131202,4.437681507559008,0.5442451628364569
0.14997117084858586,0.06661611692847615,4.076042891813101,-4.076587219234394,96,4.417444517374442,0.6078183158467266,4.440228571234118,0.5452196423436262
0.15269791940946922,0.06657155280978372,4.073316143254188,-4.073860106535045,96,4.420006822875842,0.608750918780333,4.442775634909256,0.5461941218507198
0.1554246679703526,0.06652698869116454,4.0705893946950935,-4.071132993835696,96,4.422569128377243,0.6096835217139394,4.4453226985844205,0.5471686013577444
0.15815141653123596,0.06648242457261656,4.0678626461359455,-4.068405881136348,96,4.425131433878644,0.6106161246475458,4.447869762259607,0.5481430808647021
0.16087816509211933,0.06643786045413937,4.065135897576788,-4.065678768437002,96,4.427693739380044,0.6115487275811522,4.450416825934819,0.5491175603715934
0.1636049136530027,0.06639329633573295,4.062409149017628,-4.062951655737657,96,4.430256044881445,0.6124813305147585,4.452963889610055,0.550092039878418
0.16633166221388607,0.0663487322173974,4.0596824004584695,-4.060224543038313,96,4.4328183503828456,0.6134139334483649,4.455510953285316,0.5510665193851763
0.16905841077476944,0.06630416809559582,4.056955651813271,-4.057497430338913,97,4.435380655884247,0.6143465363819713,4.4580580169593915,0.5520409988951913
0.1717851593356528,0.06625960397285172,4.054228903229475,-4.0547703176394965,97,4.437942961385647,0.6152791393155778,4.460605080633144,0.5530154784060922
0.17451190789653617,0.06621503984988397,4.051502154663159,-4.052043204940077,97,4.4405052668870475,0.6162117422491841,4.463152144306819,0.5539899579172031
0.17723865645741954,0.0661704757268974,4.048775406101819,-4.049316092240657,97,4.443067572388449,0.6171443451827905,4.46569920798049,0.5549644374283318
0.1799654050183029,0.06612591160395033,4.046048657541894,-4.046588979541238,97,4.445629877889849,0.6180769481163969,4.468246271654173,0.5559389169394234
0.18269215357918628,0.06608134748105948,4.0433219089823735,-4.04386186684182,97,4.44819218339125,0.6190095510500033,4.470793335327875,0.5569133964504621
0.18541890214006965,0.06603678335822971,4.040595160422971,-4.041134754142403,97,4.450754488892651,0.6199421539836096,4.473340399001598,0.5578878759614434
0.18814565070095302,0.06599221923546254,4.037868411863603,-4.038407641442987,97,4.453316794394051,0.620874756917216,4.475887462675343,0.5588623554723658
0.19087239926183638,0.06594765511275849,4.035141663304247,-4.035680528743572,97,4.455879099895452,0.6218073598508225,4.478434526349109,0.5598368349832291
0.19359914782271975,0.06590309099011782,4.032414914744896,-4.032953416044157,97,4.458441405396853,0.6227399627844289,4.480981590022897,0.5608113144940328
0.19632589638360312,0.06585852686754069,4.029688166185548,-4.030226303344744,97,4.461003710898254,0.6236725657180352,4.483528653696707,0.5617857940047766
0.1990526449444865,0.0658139627450273,4.026961417626204,-4.027499190645332,97,4.463566016399654,0.6246051686516416,4.486075717370539,0.5627602735154607
0.20177939350536986,0.06576939862257776,4.024234669066861,-4.024772077945921,97,4.466128321901055,0.625537771585248,4.488622781044391,0.5637347530260847
0.20450614206625323,0.06572483450019226,4.021507920507522,-4.022044965246511,97,4.468690627402456,0.6264703745188545,4.491169844718267,0.5647092325366486
0.2072328906271366,0.06568027037787094,4.018781171948185,-4.019317852547102,97,4.471252932903856,0.6274029774524608,4.493716908392164,0.5656837120471521
0.20995963918801996,0.06563570625561395,4.016054423388851,-4.016590739847694,97,4.4738152384052565,0.6283355803860672,4.496263972066083,0.5666581915575951
0.21268638774890333,0.06559114213342146,4.01332767482952,-4.013863627148287,97,4.476377543906658,0.6292681833196736,4.498811035740024,0.5676326710679777
0.2154131363097867,0.06554657801129364,4.010600926270192,-4.011136514448881,97,4.478939849408058,0.63020078625328,4.501358099413988,0.5686071505782994
0.21813988487067007,0.06550201388923062,4.007874177710865,-4.008409401749477,97,4.481502154909459,0.6311333891868863,4.503905163087974,0.5695816300885601
0.22086663343155344,0.06545744976723254,4.005147429151542,-4.005682289050073,97,4.48406446041086,0.6320659921204927,4.506452226761981,0.5705561095987599
0.2235933819924368,0.0654128856452996,4.002420680592222,-4.00295517635067,97,4.48662676591226,0.6329985950540992,4.5089992904360106,0.5715305891088985
0.22632013055332018,0.06536832152343193,3.9996939320329035,-4.000228063651268,97,4.489189071413661,0.6339311979877056,4.511546354110063,0.5725050686189758
0.22904687911420354,0.0653237574016297,3.996967183473588,-3.9975009509518675,97,4.491751376915062,0.6348638009213119,4.514093417784138,0.5734795481289915
0.2317736276750869,0.06527919327989307,3.9942404349142753,-3.9947738382524682,97,4.494313682416463,0.6357964038549183,4.516640481458236,0.5744540276389456
0.23450037623597028,0.06523462915822219,3.991513686354966,-3.99204672555307,97,4.496875987917863,0.6367290067885247,4.519187545132355,0.575428507148838
0.23722712479685365,0.06519006503661723,3.988786937795659,-3.9893196128536723,97,4.499438293419264,0.6376616097221312,4.521734608806497,0.5764029866586684
0.23995387335773702,0.06514550091507833,3.9860601892363547,-3.986592500154276,97,4.502000598920665,0.6385942126557375,4.5242816724806625,0.5773774661684365
0.2426806219186204,0.06510093679360565,3.9833334406770526,-3.983865387454881,97,4.504562904422065,0.6395268155893439,4.526828736154849,0.5783519456781427
0.24540737047950376,0.06505637267219935,3.980606692117754,-3.981138274755487,97,4.5071252099234655,0.6404594185229503,4.529375799829059,0.5793264251877864
0.24813411904038712,0.06501180855085958,3.9778799435584578,-3.978411162056094,97,4.509687515424867,0.6413920214565567,4.531922863503293,0.5803009046973676
0.2508608676012705,0.06496724442958654,3.975153194999165,-3.975684049356702,97,4.512249820926267,0.642324624390163,4.534469927177548,0.5812753842068861
0.2535876161621539,0.06492268030838039,3.9724264464398744,-3.972956936657311,97,4.514812126427668,0.6432572273237694,4.537016990851827,0.5822498637163417
0.2563143647230373,0.06487811618724125,3.969699697880587,-3.9702298239579217,97,4.517374431929069,0.6441898302573759,4.539564054526128,0.5832243432257344
0.2590411132839207,0.06483355206616932,3.9669729493213013,-3.967502711258533,97,4.51993673743047,0.6451224331909823,4.542111118200453,0.5841988227350638
0.2617678618448041,0.06478898794516472,3.964246200762019,-3.9647755985591457,97,4.52249904293187,0.6460550361245887,4.544658181874801,0.5851733022443302
0.2644946104056875,0.06474442382422764,3.9615194522027393,-3.9620484858597593,97,4.525061348433271,0.646987639058195,4.54720524554917,0.5861477817535328
0.2672213589665709,0.06469985970335825,3.958792703643463,-3.9593213731603742,97,4.527623653934672,0.6479202419918014,4.549752309223565,0.587122261262672
0.2699481075274543,0.06465529558255667,3.956065955084188,-3.95659426046099,97,4.530185959436072,0.6488528449254078,4.5522993728979815,0.5880967407717475
0.2726748560883377,0.06461073146182308,3.9533392065249164,-3.953867147761607,97,4.5327482649374735,0.6497854478590143,4.554846436572422,0.5890712202807591
0.2754016046492211,0.06456616734115767,3.950612457965648,-3.951140035062225,97,4.535310570438874,0.6507180507926207,4.557393500246885,0.5900456997897066
0.2781283532101045,0.06452160322056058,3.9478857094063833,-3.9484129223628446,97,4.537872875940274,0.6516506537262271,4.559940563921372,0.5910201792985899
0.2808551017709879,0.064477039100032,3.9451589608471194,-3.945685809663465,97,4.5404351814416755,0.6525832566598335,4.562487627595883,0.5919946588074089
0.2835818503318713,0.06443247497957207,3.9424322122878594,-3.9429586969640864,97,4.542997486943076,0.6535158595934398,4.565034691270416,0.5929691383161632
0.2863085988927547,0.06438791085918097,3.939705463728602,-3.940231584264709,97,4.545559792444477,0.6544484625270462,4.567581754944974,0.5939436178248529
0.28903534745363807,0.06434334673885886,3.9369787151693476,-3.9375044715653327,97,4.548122097945877,0.6553810654606527,4.570128818619555,0.5949180973334778
0.29176209601452147,0.0642987826186059,3.934251966610095,-3.9347773588659574,97,4.550684403447279,0.6563136683942591,4.57267588229416,0.5958925768420378
0.29448884457540486,0.06425421849842225,3.931525218050846,-3.9320502461665834,97,4.553246708948679,0.6572462713278655,4.575222945968788,0.5968670563505326
0.29721559313628826,0.0642096543783081,3.928798469491599,-3.9293231334672103,97,4.555809014450079,0.6581788742614718,4.57777000964344,0.5978415358589619
0.29994234169717165,0.06416509025826359,3.9260717209323555,-3.9265960207678385,97,4.558371319951481,0.6591114771950782,4.580317073318116,0.5988160153673261
0.30266909025805505,0.0641205261382889,3.923344972373115,-3.9238689080684677,97,4.560933625452881,0.6600440801286847,4.582864136992815,0.5997904948756245
0.30539583881893845,0.0640759620183842,3.920618223813877,-3.921141795369098,97,4.563495930954282,0.6609766830622911,4.58541120066754,0.6007649743838572
0.30812258737982184,0.06403139789854964,3.9178914752546414,-3.91841468266973,97,4.5660582364556825,0.6619092859958975,4.587958264342287,0.601739453892024
0.31084933594070524,0.06398683377878542,3.915164726695409,-3.9156875699703626,97,4.568620541957083,0.6628418889295039,4.590505328017058,0.6027139334001246
0.31357608450158864,0.06394226965909168,3.912437978136179,-3.9129604572709966,97,4.571182847458484,0.6637744918631103,4.593052391691855,0.6036884129081591
0.31630283306247203,0.0638977055394686,3.909711229576952,-3.9102333445716315,97,4.5737451529598845,0.6647070947967166,4.595599455366674,0.604662892416127
0.31902958162335543,0.06385314141991631,3.906984481017727,-3.9075062318722678,97,4.576307458461286,0.665639697730323,4.598146519041519,0.6056373719240286
0.3217563301842388,0.06380857730043504,3.9042577324585066,-3.9047791191729053,97,4.578869763962686,0.6665723006639295,4.600693582716388,0.6066118514318634
0.3244830787451222,0.06376401318102495,3.9015309838992884,-3.9020520064735438,97,4.581432069464087,0.6675049035975359,4.603240646391281,0.6075863309396312
0.3272098273060056,0.06371944906168621,3.8988042353400734,-3.8993248937741836,97,4.583994374965488,0.6684375065311423,4.605787710066198,0.6085608104473321
0.329936575866889,0.06367488494241898,3.896077486780861,-3.8965977810748247,97,4.586556680466888,0.6693701094647486,4.608334773741139,0.6095352899549656
0.3326633244277724,0.06363032082322341,3.8933507382216503,-3.8938706683754667,97,4.589118985968289,0.670302712398355,4.610881837416106,0.610509769462532
0.3353900729886558,0.06358575670409967,3.890623989662442,-3.89114355567611,97,4.59168129146969,0.6712353153319615,4.613428901091097,0.6114842489700307
0.3381168215495392,0.06354119258504798,3.8878972411032384,-3.8884164429767543,97,4.594243596971091,0.6721679182655679,4.615975964766113,0.6124587284774619
0.3408435701104226,0.06349662846606849,3.8851704925440376,-3.8856893302774,97,4.596805902472491,0.6731005211991743,4.618523028441152,0.6134332079848251
0.343570318671306,0.06345206434716137,3.882443743984839,-3.8829622175780467,97,4.5993682079738925,0.6740331241327807,4.621070092116218,0.6144076874921204
0.3462970672321894,0.06340750022832678,3.879716995425642,-3.8802351048786945,97,4.601930513475293,0.674965727066387,4.623617155791307,0.6153821669993474
0.3490238157930728,0.0633629361095649,3.8769902468664497,-3.8775079921793436,97,4.604492818976693,0.6758983299999934,4.626164219466421,0.6163566465065062
0.3517505643539562,0.06331837199087591,3.8742634983072595,-3.874780879479994,97,4.607055124478094,0.6768309329335999,4.628711283141562,0.6173311260135965
0.3544773129148396,0.06327380787225996,3.871536749748072,-3.8720537667806454,97,4.609617429979495,0.6777635358672063,4.631258346816725,0.6183056055206182
0.357204061475723,0.06322924375371725,3.868810001188887,-3.869326654081298,97,4.612179735480896,0.6786961388008127,4.633805410491916,0.619280085027571
0.3599308100366064,0.06318467963524795,3.8660832526297053,-3.866599541381952,97,4.614742040982296,0.6796287417344191,4.63635247416713,0.6202545645344548
0.36265755859748977,0.06314011551685224,3.8633565040705276,-3.8638724286826074,97,4.617304346483697,0.6805613446680254,4.638899537842369,0.6212290440412694
0.36538430715837317,0.06309555139853028,3.8606297555113507,-3.8611453159832636,97,4.619866651985098,0.6814939476016318,4.641446601517635,0.6222035235480148
0.36811105571925656,0.06305098728028226,3.8579030069521782,-3.858418203283921,97,4.622428957486498,0.6824265505352383,4.643993665192925,0.6231780030546907
0.37083780428013996,0.06300642316210836,3.855176258393008,-3.85569109058458,97,4.6249912629878995,0.6833591534688447,4.646540728868241,0.624152482561297
0.37356455284102336,0.06296185904400874,3.8524495098338405,-3.85296397788524,97,4.6275535684893,0.6842917564024511,4.649087792543582,0.6251269620678335
0.37629130140190675,0.06291729492224557,3.849722761188387,-3.85023686518584,98,4.6301158739907,0.6852243593360574,4.65163485621767,0.6261014415778124
0.37901804996279015,0.06287273079952524,3.8469960126054237,-3.8475097524864244,98,4.6326781794921015,0.6861569622696639,4.654181919891431,0.627075921088691
0.38174479852367355,0.06282816667659018,3.8442692640395904,-3.8447826397870055,98,4.635240484993502,0.6870895652032702,4.6567289835651176,0.6280504005997712
0.38447154708455694,0.062783602553644,3.8415425154784506,-3.8420555270875862,98,4.637802790494903,0.6880221681368767,4.6592760472388015,0.629024880110862
0.38719829564544034,0.06273903843074262,3.8388157669185987,-3.839328414388168,98,4.640365095996303,0.6889547710704831,4.661823110912501,0.6299993596219106
0.38992504420632373,0.0626944743079015,3.836089018359102,-3.8366013016887504,98,4.642927401497705,0.6898873740040895,4.66437017458622,0.6309738391329026
0.39265179276720713,0.06264991018512496,3.8333622697997027,-3.8338741889893337,98,4.645489706999105,0.6908199769376959,4.666917238259962,0.6319483186438339
0.3953785413280905,0.06260534606241429,3.830635521240332,-3.8311470762899185,98,4.648052012500505,0.6917525798713022,4.669464301933725,0.6329227981547033
0.3981052898889739,0.06256078193977,3.8279087726809724,-3.828419963590504,98,4.650614318001907,0.6926851828049087,4.672011365607513,0.6338972776655103
0.4008320384498573,0.06251621781719228,3.825182024121616,-3.825692850891091,98,4.653176623503307,0.6936177857385151,4.674558429281322,0.6348717571762549
0.4035587870107407,0.062471653694681356,3.8224552755622643,-3.822965738191679,98,4.655738929004708,0.6945503886721215,4.677105492955154,0.6358462366869365
0.4062855355716241,0.06242708957223739,3.819728527002914,-3.820238625492268,98,4.658301234506109,0.6954829916057279,4.6796525566290095,0.6368207161975554
0.4090122841325075,0.06238252544986054,3.817001778443567,-3.817511512792858,98,4.66086354000751,0.6964155945393342,4.682199620302888,0.637795195708111
0.4117390326933909,0.06233796132755096,3.8142750298842225,-3.8147844000934494,98,4.66342584550891,0.6973481974729406,4.684746683976789,0.6387696752186035
0.4144657812542743,0.06229339720530883,3.8115482813248804,-3.8120572873940417,98,4.6659881510103105,0.698280800406547,4.687293747650712,0.6397441547290327
0.4171925298151577,0.06224883308313431,3.8088215327655415,-3.8093301746946353,98,4.668550456511712,0.6992134033401535,4.689840811324661,0.6407186342393983
0.4199192783760411,0.06220426896102754,3.8060947842062047,-3.80660306199523,98,4.671112762013112,0.7001460062737599,4.692387874998631,0.6416931137497003
0.4226460269369245,0.06215970483898871,3.8033680356468706,-3.8038759492958256,98,4.673675067514513,0.7010786092073663,4.694934938672625,0.6426675932599384
0.4253727754978079,0.062115140717017965,3.8006412870875392,-3.8011488365964223,98,4.676237373015914,0.7020112121409727,4.697482002346642,0.6436420727701125
0.4280995240586913,0.06207057659511549,3.79791453852821,-3.7984217238970204,98,4.678799678517314,0.702943815074579,4.700029066020682,0.6446165522802224
0.4308262726195747,0.06202601247328142,3.795187789968884,-3.7956946111976193,98,4.681361984018715,0.7038764180081855,4.702576129694746,0.6455910317902681
0.4335530211804581,0.06198144835151595,3.7924610414095605,-3.7929674984982196,98,4.683924289520116,0.7048090209417919,4.705123193368833,0.6465655113002493
0.43627976974134147,0.06193688422981923,3.7897342928502398,-3.7902403857988207,98,4.686486595021517,0.7057416238753983,4.7076702570429445,0.647539990810166
0.43900651830222487,0.061892320108191415,3.787007544290921,-3.787513273099423,98,4.689048900522917,0.7066742268090047,4.710217320717079,0.6485144703200179
0.44173326686310826,0.06184775598663268,3.7842807957316054,-3.7847861604000266,98,4.691611206024318,0.707606829742611,4.712764384391236,0.6494889498298047
0.44446001542399166,0.061803191865143194,3.781554047172292,-3.7820590477006313,98,4.694173511525719,0.7085394326762174,4.715311448065418,0.6504634293395266
0.44718676398487506,0.06175862774372312,3.778827298612981,-3.779331935001237,98,4.696735817027119,0.7094720356098239,4.717858511739624,0.6514379088491833
0.44991351254575845,0.06171406362237261,3.7761005500536737,-3.776604822301844,98,4.69929812252852,0.7104046385434303,4.720405575413853,0.6524123883587746
0.45264026110664185,0.06166949950109186,3.7733738014943685,-3.7738777096024516,98,4.701860428029921,0.7113372414770367,4.722952639088106,0.6533868678683004
0.45536700966752525,0.06162493537988103,3.770647052935066,-3.7711505969030608,98,4.704422733531322,0.712269844410643,4.7254997027623835,0.6543613473777602
0.45809375822840864,0.06158037125874027,3.767920304375766,-3.7684234842036712,98,4.706985039032722,0.7132024473442495,4.728046766436684,0.6553358268871545
0.46082050678929204,0.06153580713766977,3.7651935558164684,-3.7656963715042826,98,4.709547344534123,0.7141350502778558,4.730593830111009,0.6563103063964826
0.46354725535017544,0.061491243016669674,3.7624668072571734,-3.7629692588048953,98,4.712109650035524,0.7150676532114623,4.733140893785358,0.6572847859057447
0.46627400391105883,0.06144667889574016,3.759740058697881,-3.760242146105509,98,4.714671955536924,0.7160002561450687,4.7356879574597315,0.6582592654149403
0.46900075247194223,0.0614021147748814,3.7570133101385923,-3.757515033406124,98,4.7172342610383255,0.7169328590786751,4.7382350211341295,0.6592337449240695
0.4717275010328256,0.06135755065409357,3.7542865615793053,-3.75478792070674,98,4.719796566539726,0.7178654620122815,4.740782084808551,0.6602082244331321
0.474454249593709,0.06131298653337683,3.7515598130200214,-3.752060808007357,98,4.722358872041127,0.7187980649458878,4.743329148482998,0.6611827039421277
0.4771809981545924,0.06126842241273134,3.7488330644607397,-3.7493336953079757,98,4.7249211775425275,0.7197306678794942,4.745876212157468,0.6621571834510566
0.4799077467154758,0.06122385829215729,3.746106315901461,-3.746606582608595,98,4.727483483043928,0.7206632708131007,4.7484232758319616,0.6631316629599182
0.4826344952763592,0.061179294171654845,3.7433795673421852,-3.7438794699092157,98,4.730045788545329,0.7215958737467071,4.750970339506481,0.6641061424687126
0.4853612438372426,0.06113473005122419,3.740652818782912,-3.7411523572098377,98,4.732608094046729,0.7225284766803135,4.753517403181025,0.6650806219774394
0.488087992398126,0.061090165930865484,3.737926070223641,-3.7384252445104607,98,4.735170399548131,0.7234610796139198,4.756064466855594,0.6660551014860987
0.4908147409590094,0.06104560181057889,3.7351993216643735,-3.735698131811085,98,4.737732705049531,0.7243936825475263,4.758611530530187,0.6670295809946903
0.4935414895198928,0.06100103769036459,3.7324725731051083,-3.7329710191117105,98,4.740295010550931,0.7253262854811326,4.7611585942048045,0.6680040605032138
0.4962682380807762,0.060956473570222755,3.7297458245458457,-3.730243906412337,98,4.742857316052333,0.7262588884147391,4.763705657879448,0.6689785400116693
0.4989949866416596,0.060911909450153554,3.7270190759865853,-3.7275167937129647,98,4.745419621553733,0.7271914913483455,4.766252721554114,0.6699530195200566
0.5017217352025429,0.06086734533015717,3.7242923274273276,-3.724789681013594,98,4.747981927055134,0.7281240942819518,4.768799785228807,0.6709274990283753
0.5044484837634263,0.06082278121023375,3.721565578868073,-3.722062568314224,98,4.750544232556535,0.7290566972155583,4.771346848903524,0.6719019785366257
0.5071752323243097,0.060778217090383495,3.7188388303088207,-3.7193354556148552,98,4.753106538057935,0.7299893001491646,4.7738939125782665,0.6728764580448071
0.5099019808851931,0.060733652970606566,3.7161120817495714,-3.716608342915488,98,4.755668843559336,0.730921903082771,4.776440976253034,0.6738509375529198
0.5126287294460765,0.06068908885090315,3.713385333190325,-3.7138812302161215,98,4.7582311490607365,0.7318545060163775,4.778988039927826,0.6748254170609633
0.5153554780069599,0.06064452473127341,3.710658584631081,-3.7111541175167564,98,4.760793454562138,0.7327871089499839,4.7815351036026446,0.6757998965689376
0.5180822265678433,0.06059996061171754,3.7079318360718396,-3.7084270048173926,98,4.763355760063538,0.7337197118835903,4.784082167277488,0.6767743760768425
0.5208089751287267,0.060555396492235694,3.705205087512601,-3.70569989211803,98,4.765918065564939,0.7346523148171966,4.786629230952356,0.6777488555846778
0.5235357236896101,0.06051083237282805,3.702478338953365,-3.7029727794186686,98,4.76848037106634,0.735584917750803,4.789176294627249,0.6787233350924433
0.5262624722504935,0.0604662682534948,3.6997515903941323,-3.7002456667193084,98,4.77104267656774,0.7365175206844095,4.791723358302169,0.679697814600139
0.5289892208113769,0.06042170413423612,3.6970248418349017,-3.6975185540199496,98,4.773604982069141,0.7374501236180159,4.794270421977114,0.6806722941077646
0.5317159693722603,0.06037714001505218,3.694298093275675,-3.694791441320592,98,4.776167287570542,0.7383827265516223,4.796817485652084,0.68164677361532
0.5344427179331437,0.060332575895943166,3.6915713447164498,-3.6920643286212353,98,4.778729593071943,0.7393153294852286,4.79936454932708,0.682621253122805
0.5371694664940271,0.06028801177690925,3.6888445961572276,-3.68933721592188,98,4.781291898573343,0.740247932418835,4.801911613002101,0.6835957326302193
0.5398962150549105,0.0602434476579506,3.6861178475980076,-3.686610103222526,98,4.783854204074744,0.7411805353524414,4.8044586766771475,0.684570212137563
0.5426229636157939,0.060198883539067403,3.683391099038791,-3.6838829905231734,98,4.786416509576145,0.7421131382860479,4.8070057403522215,0.6855446916448358
0.5453497121766773,0.06015431942025985,3.680664350479577,-3.6811558778238216,98,4.788978815077545,0.7430457412196543,4.80955280402732,0.6865191711520375
0.5480764607375607,0.060109755301528116,3.6779376019203656,-3.678428765124471,98,4.791541120578946,0.7439783441532607,4.812099867702446,0.687493650659168
0.5508032092984441,0.06006519118287237,3.6752108533611567,-3.675701652425122,98,4.794103426080347,0.7449109470868671,4.814646931377596,0.688468130166227
0.5535299578593275,0.06002062706429278,3.672484104801951,-3.6729745397257743,98,4.796665731581747,0.7458435500204734,4.817193995052773,0.6894426096732144
0.5562567064202109,0.059976062945789554,3.6697573562427483,-3.670247427026428,98,4.799228037083148,0.7467761529540798,4.819741058727977,0.6904170891801301
0.5589834549810943,0.05993149882736286,3.667030607683547,-3.6675203143270823,98,4.801790342584549,0.7477087558876863,4.822288122403205,0.6913915686869739
0.5617102035419776,0.05988693470901288,3.6643038591243497,-3.664793201627738,98,4.80435264808595,0.7486413588212927,4.824835186078461,0.6923660481937457
0.564436952102861,0.0598423705907398,3.661577110565155,-3.662066088928395,98,4.80691495358735,0.7495739617548991,4.827382249753742,0.6933405277004452
0.5671637006637444,0.05979780647254382,3.6588503620059627,-3.6593389762290536,98,4.809477259088752,0.7505065646885054,4.8299293134290515,0.6943150072070721
0.5698904492246278,0.0597532423544251,3.656123613446774,-3.6566118635297133,98,4.812039564590152,0.7514391676221118,4.832476377104386,0.6952894867136264
0.5726171977855112,0.05970867823638382,3.653396864887587,-3.6538847508303745,98,4.814601870091552,0.7523717705557182,4.8350234407797466,0.6962639662201081
0.5753439463463946,0.05966411411842019,3.6506701163284028,-3.6511576381310364,98,4.8171641755929535,0.7533043734893247,4.837570504455134,0.6972384457265167
0.578070694907278,0.05961955000053436,3.6479433677692215,-3.6484305254316998,98,4.819726481094354,0.7542369764229311,4.840117568130548,0.6982129252328524
0.5807974434681614,0.05957498587877172,3.6452166191235955,-3.6457034127323,99,4.822288786595755,0.7551695793565375,4.842664631804637,0.6991874047428309
0.5835241920290448,0.05953042175603809,3.6424898705415036,-3.6429763000328843,99,4.8248510920971555,0.7561021822901439,4.845211695478393,0.7001618842537219
0.5862509405899282,0.05948585763309945,3.6397631219761455,-3.640249187333465,99,4.827413397598557,0.7570347852237502,4.84775875915208,0.7011363637648055
0.5889776891508116,0.0594412935101577,3.6370363734151945,-3.6375220746340458,99,4.829975703099957,0.7579673881573566,4.850305822825764,0.702110843275892
0.591704437711695,0.05939672938726613,3.6343096248554043,-3.6347949619346274,99,4.832538008601357,0.7588999910909631,4.852852886499466,0.7030853227869315
0.5944311862725784,0.05935216526443885,3.631582876295921,-3.6320678492352103,99,4.835100314102759,0.7598325940245695,4.85539995017319,0.7040598022979104
0.5971579348334618,0.05930760114167973,3.628856127736521,-3.629340736535794,99,4.837662619604159,0.7607651969581759,4.857947013846937,0.7050342818088254
0.5998846833943452,0.05926303701898989,3.6261293791771445,-3.6266136238363793,99,4.84022492510556,0.7616977998917822,4.860494077520709,0.7060087613196752
0.6026114319552286,0.05921847289636975,3.6234026306177753,-3.6238865111369654,99,4.842787230606961,0.7626304028253886,4.863041141194504,0.7069832408304595
0.605338180516112,0.05917390877381955,3.620675882058411,-3.6211593984375527,99,4.845349536108361,0.763563005758995,4.865588204868322,0.7079577203411782
0.6080649290769954,0.05912934465133947,3.617949133499048,-3.618432285738141,99,4.847911841609762,0.7644956086926015,4.868135268542166,0.708932199851831
0.6107916776378788,0.059084780528929674,3.6152223849396887,-3.6157051730387306,99,4.8504741471111625,0.7654282116262079,4.870682332216033,0.7099066793624176
0.6135184261987622,0.05904021640659034,3.6124956363803307,-3.612978060339321,99,4.853036452612564,0.7663608145598142,4.873229395889924,0.710881158872938
0.6162451747596456,0.05899565228432163,3.609768887820977,-3.610250947639913,99,4.855598758113964,0.7672934174934207,4.875776459563839,0.7118556383833923
0.618971923320529,0.058951088162123744,3.607042139261625,-3.607523834940506,99,4.8581610636153645,0.768226020427027,4.8783235232377775,0.7128301178937797
0.6216986718814124,0.05890652403999681,3.604315390702276,-3.6047967222411,99,4.860723369116766,0.7691586233606335,4.880870586911742,0.7138045974041006
0.6244254204422958,0.05886195991794103,3.601588642142928,-3.6020696095416955,99,4.863285674618166,0.7700912262942399,4.88341765058573,0.7147790769143547
0.6271521690031792,0.058817395795956545,3.5988618935835843,-3.5993424968422922,99,4.865847980119567,0.7710238292278463,4.885964714259742,0.7157535564245417
0.6298789175640626,0.05877283167404355,3.5961351450242423,-3.59661538414289,99,4.868410285620968,0.7719564321614527,4.888511777933779,0.7167280359346616
0.632605666124946,0.0587282675522022,3.593408396464903,-3.5938882714434888,99,4.870972591122369,0.772889035095059,4.891058841607841,0.717702515444714
0.6353324146858293,0.05868370343043268,3.5906816479055665,-3.5911611587440886,99,4.873534896623769,0.7738216380286654,4.893605905281927,0.718676994954699
0.6380591632467127,0.05863913930873516,3.587954899346232,-3.5884340460446897,99,4.87609720212517,0.7747542409622719,4.896152968956037,0.7196514744646164
0.6407859118075961,0.0585945751871098,3.5852281507869,-3.5857069333452922,99,4.878659507626571,0.7756868438958783,4.898700032630172,0.7206259539744659
0.6435126603684795,0.05855001106555679,3.5825014022275705,-3.5829798206458956,99,4.881221813127971,0.7766194468294847,4.901247096304332,0.7216004334842476
0.6462394089293629,0.05850544694407628,3.5797746536682435,-3.5802527079465003,99,4.8837841186293725,0.777552049763091,4.903794159978517,0.7225749129939609
0.6489661574902463,0.05846088282266845,3.5770479051089197,-3.5775255952471063,99,4.886346424130773,0.7784846526966975,4.906341223652727,0.7235493925036062
0.6516929060511297,0.05841631870133347,3.5743211565495976,-3.5747984825477133,99,4.888908729632174,0.7794172556303038,4.9088882873269615,0.7245238720131828
0.6544196546120131,0.05837175458007153,3.571594407990278,-3.5720713698483215,99,4.891471035133574,0.7803498585639103,4.911435351001221,0.7254983515226909
0.6571464031728965,0.0583271904588828,3.568867659430962,-3.569344257148931,99,4.894033340634975,0.7812824614975167,4.913982414675505,0.7264728310321301
0.6598731517337799,0.05828262633776745,3.566140910871648,-3.566617144449542,99,4.896595646136376,0.7822150644311231,4.9165294783498155,0.7274473105415005
0.6625999002946633,0.05823806221672566,3.5634141623123363,-3.563890031750154,99,4.899157951637776,0.7831476673647295,4.91907654202415,0.7284217900508017
0.6653266488555467,0.058193498095757586,3.5606874137530267,-3.561162919050767,99,4.901720257139178,0.7840802702983358,4.92162360569851,0.7293962695600335
0.6680533974164301,0.05814893397486342,3.5579606651937206,-3.5584358063513815,99,4.904282562640578,0.7850128732319422,4.924170669372895,0.730370749069196
0.6707801459773135,0.05810436985404333,3.555233916634416,-3.555708693651997,99,4.906844868141979,0.7859454761655487,4.926717733047306,0.7313452285782889
0.6735068945381969,0.05805980573329749,3.552507168075115,-3.5529815809526135,99,4.9094071736433795,0.7868780790991551,4.929264796721742,0.732319708087312
0.6762336430990803,0.058015241612626084,3.5497804195158156,-3.5502544682532315,99,4.91196947914478,0.7878106820327615,4.931811860396203,0.7332941875962651
0.6789603916599637,0.05797067749202928,3.5470536709565192,-3.547527355553851,99,4.914531784646181,0.7887432849663678,4.934358924070691,0.734268667105148
0.6816871402208471,0.057926113371507264,3.544326922397225,-3.544800242854471,99,4.9170940901475815,0.7896758878999742,4.936905987745203,0.7352431466139608
0.6844138887817305,0.05788154925106022,3.5416001738379346,-3.5420731301550927,99,4.919656395648982,0.7906084908335806,4.939453051419741,0.7362176261227031
0.6871406373426139,0.05783698513068833,3.538873425278646,-3.5393460174557156,99,4.922218701150383,0.7915410937671871,4.942000115094305,0.7371921056313748
0.6898673859034973,0.05779242101039175,3.5361466767193597,-3.53661890475634,99,4.924781006651783,0.7924736967007935,4.944547178768895,0.7381665851399758
0.6925941344643807,0.057747856890170673,3.533419928160076,-3.533891792056965,99,4.927343312153185,0.7934062996343999,4.9470942424435105,0.7391410646485057
0.6953208830252641,0.05770329277002526,3.5306931796007945,-3.5311646793575915,99,4.929905617654585,0.7943389025680063,4.949641306118152,0.7401155441569646
0.6980476315861475,0.05765872864995572,3.5279664310415164,-3.5284375666582193,99,4.932467923155986,0.7952715055016126,4.95218836979282,0.741090023665352
0.7007743801470309,0.05761416452996221,3.5252396824822396,-3.5257104539588484,99,4.935030228657387,0.796204108435219,4.954735433467513,0.7420645031736682
0.7035011287079143,0.0575696004100449,3.5225129339229664,-3.522983341259479,99,4.937592534158787,0.7971367113688255,4.957282497142232,0.7430389826819127
0.7062278772687977,0.057525036290204,3.5197861853636954,-3.5202562285601102,99,4.940154839660188,0.7980693143024319,4.959829560816978,0.7440134621900855
0.708954625829681,0.057480472170439674,3.517059436804427,-3.517529115860743,99,4.9427171451615886,0.7990019172360383,4.962376624491749,0.7449879416981863
0.7116813743905644,0.057435908050752105,3.5143326882451618,-3.514802003161377,99,4.94527945066299,0.7999345201696446,4.9649236881665475,0.7459624212062148
0.7144081229514478,0.057391343931141495,3.5116059396858987,-3.5120748904620123,99,4.94784175616439,0.800867123103251,4.967470751841372,0.7469369007141712
0.7171348715123312,0.05734677981160799,3.508879191126638,-3.509347777762649,99,4.950404061665791,0.8017997260368575,4.970017815516223,0.7479113802220551
0.7198616200732146,0.0573022156921518,3.5061524425673807,-3.506620665063287,99,4.952966367167192,0.8027323289704639,4.9725648791911,0.7488858597298662
0.722588368634098,0.05725765157277311,3.5034256940081256,-3.503893552363926,99,4.955528672668592,0.8036649319040703,4.975111942866003,0.7498603392376046
0.7253151171949814,0.05721308745347209,3.5006989454488715,-3.501166439664566,99,4.958090978169993,0.8045975348376766,4.977659006540933,0.7508348187452699
0.7280418657558648,0.05716852333424892,3.497972196889622,-3.4984393269652077,99,4.960653283671394,0.8055301377712831,4.98020607021589,0.7518092982528622
0.7307686143167482,0.05712395921510379,3.495245448330374,-3.4957122142658505,99,4.963215589172795,0.8064627407048894,4.982753133890874,0.7527837777603811
0.7334953628776316,0.05707939509603688,3.4925186997711286,-3.4929851015664948,99,4.965777894674195,0.8073953436384959,4.985300197565884,0.7537582572678265
0.736222111438515,0.05703483097704839,3.489791951211887,-3.4902579888671403,99,4.9683402001755965,0.8083279465721023,4.987847261240922,0.7547327367751983
0.7389488599993984,0.05699026685813848,3.487065202652647,-3.4875308761677872,99,4.970902505676997,0.8092605495057087,4.990394324915985,0.7557072162824962
0.7416756085602818,0.05694570273930735,3.4843384540934097,-3.4848037634684355,99,4.973464811178397,0.8101931524393151,4.992941388591076,0.75668169578972
0.7444023571211652,0.056901138620555194,3.4816117055341747,-3.4820766507690846,99,4.9760271166797985,0.8111257553729214,4.995488452266194,0.7576561752968696
0.7471291056820486,0.056856574501882175,3.4788849569749423,-3.479349538069735,99,4.978589422181199,0.812058358306528,4.998035515941339,0.758630654803945
0.749855854242932,0.0568120103832885,3.476158208415713,-3.476622425370387,99,4.981151727682599,0.8129909612401343,5.000582579616511,0.7596051343109456
0.7525826028038154,0.05676744626477434,3.473431459856486,-3.47389531267104,99,4.983714033184,0.8139235641737407,5.00312964329171,0.7605796138178715
0.7553093513646988,0.056722882146339894,3.470704711297261,-3.4711681999716943,99,4.986276338685401,0.8148561671073471,5.005676706966937,0.7615540933247227
0.7580360999255822,0.05667831802798535,3.46797796273804,-3.46844108727235,99,4.988838644186802,0.8157887700409534,5.008223770642191,0.7625285728314986
0.7607628484864656,0.05663375390971089,3.4652512141788203,-3.4657139745730072,99,4.991400949688202,0.8167213729745599,5.010770834317472,0.7635030523381994
0.763489597047349,0.056589189791516725,3.462524465619604,-3.4629868618736657,99,4.993963255189604,0.8176539759081662,5.013317897992781,0.7644775318448246
0.7662163456082324,0.056544625673403,3.4597977170603897,-3.4602597491743254,99,4.996525560691004,0.8185865788417727,5.015864961668117,0.7654520113513743
0.7689430941691158,0.05650006155536992,3.4570709685011787,-3.4575326364749865,99,4.999087866192404,0.8195191817753791,5.018412025343481,0.7664264908578483
0.7716698427299992,0.05645549743741771,3.4543442199419707,-3.454805523775649,99,5.0016501716938055,0.8204517847089854,5.020959089018873,0.7674009703642461
0.7743965912908826,0.056410933319546525,3.4516174713827636,-3.4520784110763127,99,5.004212477195206,0.8213843876425919,5.023506152694291,0.768375449870568
0.777123339851766,0.056366369201756555,3.448890722823561,-3.449351298376978,99,5.006774782696607,0.8223169905761982,5.026053216369739,0.7693499293768133
0.7798500884126494,0.05632180508404801,3.4461639742643597,-3.4466241856776443,99,5.0093370881980075,0.8232495935098046,5.028600280045214,0.7703244088829824
0.7825768369735328,0.056277240966421054,3.4434372257051615,-3.443897072978312,99,5.011899393699409,0.8241821964434111,5.031147343720717,0.7712988883890747
0.7853035855344161,0.05623267684467588,3.440710477059305,-3.4411699602789123,100,5.014461699200809,0.8251147993770175,5.033694407394811,0.7722733678990368
0.7880303340952995,0.05618811272194492,3.4379837284780974,-3.4384428475794966,100,5.017024004702209,0.8260474023106239,5.036241471068568,0.7732478474099254
0.7907570826561829,0.056143548599019336,3.4352569799132047,-3.4357157348800778,100,5.019586310203611,0.8269800052442302,5.038788534742259,0.7742223269209966
0.7934838312170663,0.05609898447609891,3.4325302313524273,-3.432988622180659,100,5.022148615705011,0.8279126081778367,5.041335598415951,0.7751968064320632
0.7962105797779497,0.056054420353234186,3.42980348279269,-3.430261509481241,100,5.024710921206412,0.828845211111443,5.043882662089662,0.7761712859430774
0.7989373283388331,0.056009856230438027,3.4270767342332156,-3.4275343967818244,100,5.027273226707813,0.8297778140450495,5.046429725763397,0.7771457654540271
0.8016640768997165,0.055965292107713796,3.4243499856738087,-3.4248072840824086,100,5.029835532209214,0.8307104169786559,5.048976789437157,0.7781202449649093
0.8043908254605999,0.05592072798506248,3.421623237114422,-3.4220801713829943,100,5.032397837710614,0.8316430199122622,5.0515238531109405,0.7790947244757228
0.8071175740214833,0.05587616386248446,3.418896488555042,-3.419353058683581,100,5.034960143212015,0.8325756228458687,5.05407091678475,0.7800692039864677
0.8098443225823667,0.05583159973997996,3.4161697399956643,-3.416625945984169,100,5.037522448713416,0.833508225779475,5.056617980458585,0.7810436834971433
0.8125710711432501,0.05578703561754916,3.4134429914362894,-3.413898833284758,100,5.040084754214816,0.8344408287130815,5.0591650441324445,0.7820181630077497
0.8152978197041335,0.05574247149519224,3.410716242876917,-3.4111717205853487,100,5.0426470597162165,0.8353734316466879,5.061712107806329,0.7829926425182868
0.8180245682650169,0.05569790737290939,3.4079894943175475,-3.4084446078859405,100,5.045209365217618,0.8363060345802943,5.06425917148024,0.7839671220287542
0.8207513168259003,0.05565334325070075,3.4052627457581797,-3.405717495186533,100,5.047771670719018,0.8372386375139007,5.066806235154175,0.7849416015391518
0.8234780653867837,0.055608779128566536,3.402535997198815,-3.4029903824871273,100,5.050333976220419,0.838171240447507,5.069353298828137,0.7859160810494795
0.8262048139476671,0.05556421500650691,3.3998092486394524,-3.4002632697877226,100,5.05289628172182,0.8391038433811135,5.071900362502123,0.7868905605597373
0.8289315625085505,0.05551965088452204,3.3970825000800926,-3.3975361570883194,100,5.055458587223221,0.8400364463147199,5.074447426176136,0.7878650400699245
0.8316583110694339,0.05547508676261211,3.394355751520734,-3.394809044388917,100,5.058020892724621,0.8409690492483263,5.076994489850174,0.7888395195800415
0.8343850596303173,0.055430522640777295,3.3916290029613787,-3.392081931689516,100,5.060583198226022,0.8419016521819327,5.079541553524237,0.789813999090088
0.8371118081912007,0.05538595851901778,3.3889022544020255,-3.389354818990116,100,5.063145503727423,0.842834255115539,5.082088617198327,0.7907884786000635
0.8398385567520841,0.055341394397333724,3.386175505842675,-3.3866277062907177,100,5.065707809228823,0.8437668580491455,5.0846356808724416,0.7917629581099683
0.8425653053129675,0.05529683027572532,3.383448757283326,-3.3839005935913202,100,5.0682701147302245,0.8446994609827518,5.087182744546583,0.7927374376198019
0.8452920538738509,0.05525226615419275,3.38072200872398,-3.381173480891924,100,5.070832420231625,0.8456320639163583,5.089729808220749,0.7937119171295642
0.8480188024347343,0.05520770203273619,3.377995260164637,-3.378446368192529,100,5.073394725733026,0.8465646668499647,5.092276871894943,0.7946863966392552
0.8507455509956177,0.055163137911355825,3.3752685116052956,-3.3757192554931357,100,5.075957031234426,0.8474972697835711,5.094823935569162,0.7956608761488745
0.8534722995565011,0.05511857379005183,3.3725417630459567,-3.3729921427937435,100,5.078519336735827,0.8484298727171775,5.097370999243407,0.7966353556584221
0.8561990481173845,0.05507400966882437,3.3698150144866204,-3.370265030094352,100,5.081081642237228,0.8493624756507838,5.099918062917678,0.7976098351678977
0.8589257966782678,0.05502944554767364,3.3670882659272863,-3.367537917394962,100,5.083643947738628,0.8502950785843904,5.102465126591976,0.7985843146773014
0.8616525452391512,0.054984881426599824,3.3643615173679544,-3.3648108046955736,100,5.08620625324003,0.8512276815179967,5.1050121902663,0.7995587941866326
0.8643792938000346,0.05494031730560311,3.3616347688086257,-3.3620836919961863,100,5.08876855874143,0.8521602844516031,5.10755925394065,0.8005332736958914
0.867106042360918,0.05489575318468365,3.3589080202492987,-3.3593565792968003,100,5.091330864242831,0.8530928873852095,5.110106317615027,0.8015077532050776
0.8698327909218014,0.05485118906384165,3.356181271689974,-3.3566294665974157,100,5.093893169744232,0.8540254903188158,5.11265338128943,0.802482232714191
0.8725595394826848,0.05480662494307728,3.3534545231306523,-3.353902353898032,100,5.096455475245632,0.8549580932524223,5.115200444963859,0.8034567122232316
0.8752862880435682,0.05476206082239073,3.350727774571332,-3.3511752411986495,100,5.099017780747033,0.8558906961860286,5.117747508638316,0.8044311917321989
0.8780130366044516,0.05471749670178219,3.3480010260120148,-3.3484481284992684,100,5.1015800862484335,0.8568232991196351,5.120294572312798,0.805405671241093
0.880739785165335,0.05467293258125184,3.3452742774526993,-3.3457210157998887,100,5.104142391749834,0.8577559020532415,5.122841635987308,0.8063801507499135
0.8834665337262184,0.054628368460799846,3.342547528893388,-3.3429939031005103,100,5.106704697251235,0.8586885049868479,5.125388699661845,0.8073546302586605
0.8861932822871018,0.05458380434042642,3.339820780334078,-3.340266790401133,100,5.1092670027526355,0.8596211079204543,5.127935763336408,0.8083291097673336
0.8889200308479852,0.054539240220131735,3.33709403177477,-3.3375396777017574,100,5.111829308254037,0.8605537108540606,5.130482827010999,0.8093035892759327
0.8916467794088686,0.05449467609991595,3.334367283215465,-3.334812565002383,100,5.114391613755437,0.861486313787667,5.1330298906856155,0.8102780687844577
0.894373527969752,0.0544501119797793,3.331640534656162,-3.33208545230301,100,5.116953919256838,0.8624189167212735,5.1355769543602605,0.8112525482929084
0.8971002765306354,0.05440554785972193,3.328913786096862,-3.3293583396036377,100,5.119516224758239,0.8633515196548799,5.138124018034932,0.8122270278012845
0.8998270250915188,0.054360983739744045,3.3261870375375633,-3.326631226904267,100,5.122078530259639,0.8642841225884863,5.14067108170963,0.813201507309586
0.9025537736524022,0.05431641961984581,3.3234602889782674,-3.3239041142048973,100,5.12464083576104,0.8652167255220926,5.143218145384357,0.8141759868178124
0.9052805222132856,0.05427185550002743,3.320733540418974,-3.321177001505529,100,5.127203141262441,0.8661493284556991,5.1457652090591095,0.8151504663259641
0.908007270774169,0.05422729138028911,3.318006791859684,-3.318449888806162,100,5.129765446763842,0.8670819313893054,5.148312272733891,0.8161249458340404
0.9107340193350524,0.05418272726063101,3.3152800433003953,-3.3157227761067967,100,5.132327752265242,0.8680145343229119,5.150859336408699,0.8170994253420414
0.9134607678959358,0.05413816314105333,3.31255329474111,-3.3129956634074325,100,5.134890057766643,0.8689471372565183,5.153406400083535,0.8180739048499667
0.9161875164568192,0.054093599021556256,3.309826546181826,-3.3102685507080696,100,5.137452363268044,0.8698797401901246,5.155953463758397,0.8190483843578162
0.9189142650177026,0.05404903490213997,3.3070997976225454,-3.307541438008708,100,5.140014668769444,0.8708123431237311,5.158500527433288,0.8200228638655901
0.921641013578586,0.05400447078280467,3.304373049063267,-3.304814325309348,100,5.142576974270845,0.8717449460573374,5.161047591108207,0.8209973433732876
0.9243677621394694,0.05395990666355053,3.30164630050399,-3.302087212609989,100,5.145139279772246,0.8726775489909439,5.163594654783153,0.821971822880909
0.9270945107003528,0.053915342544377756,3.2989195519447163,-3.2993600999106314,100,5.147701585273647,0.8736101519245503,5.166141718458127,0.8229463023884539
0.9298212592612362,0.053870778425286536,3.2961928033854453,-3.296632987211275,100,5.150263890775047,0.8745427548581567,5.168688782133128,0.8239207818959221
0.9325480078221196,0.053826214306277056,3.293466054826176,-3.2939058745119203,100,5.152826196276449,0.8754753577917631,5.171235845808159,0.8248952614033136
0.935274756383003,0.053781650187349504,3.2907393062669104,-3.2911787618125667,100,5.155388501777849,0.8764079607253694,5.173782909483217,0.8258697409106279
0.9380015049438863,0.053737086068504074,3.2880125577076456,-3.2884516491132145,100,5.157950807279249,0.877340563658976,5.176329973158302,0.8268442204178653
0.9407282535047697,0.053692521949740966,3.2852858091483843,-3.2857245364138636,100,5.1605131127806505,0.8782731665925823,5.178877036833417,0.8278186999250251
0.9434550020656531,0.05364795783106037,3.2825590605891253,-3.282997423714514,100,5.163075418282051,0.8792057695261887,5.1814241005085595,0.8287931794321075
0.9461817506265365,0.05360339371246246,3.2798323120298676,-3.280270311015166,100,5.165637723783451,0.8801383724597951,5.183971164183729,0.8297676589391123
0.9489084991874199,0.05355882959394744,3.277105563470614,-3.277543198315819,100,5.1682000292848524,0.8810709753934014,5.1865182278589295,0.830742138446039
0.9516352477483033,0.05351426547551551,3.2743788149113615,-3.2748160856164734,100,5.170762334786253,0.8820035783270079,5.189065291534156,0.8317166179528878
0.9543619963091867,0.053469701357166846,3.2716520663521123,-3.272088972917129,100,5.173324640287654,0.8829361812606142,5.191612355209413,0.8326910974596582
0.9570887448700701,0.05342513723890166,3.268925317792865,-3.2693618602177863,100,5.175886945789054,0.8838687841942207,5.194159418884697,0.8336655769663502
0.9598154934309535,0.053380573120720136,3.2661985692336195,-3.2666347475184447,100,5.178449251290456,0.8848013871278271,5.19670648256001,0.8346400564729637
0.9625422419918369,0.05333600900262246,3.2634718206743782,-3.263907634819105,100,5.181011556791856,0.8857339900614335,5.199253546235352,0.8356145359794983
0.9652689905527203,0.05329144488460885,3.2607450721151383,-3.2611805221197665,100,5.183573862293256,0.8866665929950399,5.201800609910722,0.8365890154859539
0.9679957391136037,0.05324688076667949,3.258018323555901,-3.2584534094204294,100,5.186136167794658,0.8875991959286462,5.204347673586121,0.8375634949923303
0.9707224876744871,0.053202316648834576,3.255291574996667,-3.2557262967210936,100,5.188698473296058,0.8885317988622528,5.20689473726155,0.8385379744986275
0.9734492362353705,0.0531577525310743,3.2525648264374345,-3.252999184021759,100,5.191260778797459,0.8894644017958591,5.209441800937007,0.839512454004845
0.9761759847962539,0.05311318841339887,3.249838077878205,-3.250272071322426,100,5.1938230842988595,0.8903970047294655,5.211988864612493,0.8404869335109828
0.9789027333571373,0.05306862429580848,3.247111329318977,-3.2475449586230942,100,5.196385389800261,0.8913296076630719,5.214535928288009,0.8414614130170408
0.9816294819180207,0.05302406017830331,3.2443845807597516,-3.2448178459237638,100,5.198947695301661,0.8922622105966782,5.217082991963553,0.8424358925230185
0.9843562304789041,0.05297949606088356,3.2416578322005294,-3.242090733224435,100,5.2015100008030615,0.8931948135302847,5.219630055639127,0.8434103720289162
0.9870829790397875,0.05293493194354945,3.2389310836413094,-3.2393636205251077,100,5.204072306304463,0.894127416463891,5.22217711931473,0.8443848515347333
0.9898097276006709,0.05289036782182392,3.236204334995197,-3.2366365078257084,101,5.206634611805863,0.8950600193974975,5.2247241829888305,0.845359331044677
0.9925364761615543,0.0528458036990972,3.233477586414899,-3.2339093951262927,101,5.209196917307264,0.8959926223311039,5.227271246662589,0.8463338105555614
0.9952632247224377,0.052801239576187015,3.23075083785046,-3.231182282426874,101,5.211759222808665,0.8969252252647103,5.2298183103362845,0.8473082900666185
0.9979899732833211,0.05275667545329059,3.2280240892898435,-3.2284551697274555,101,5.214321528310066,0.8978578281983167,5.232365374009986,0.8482827695776624
1.0007167218442043,0.052712111330455544,3.225297340730148,-3.225728057028038,101,5.216883833811466,0.898790431131923,5.234912437683707,0.8492572490886485
1.0034434704050876,0.05266754720769349,3.2225705921706744,-3.223000944328622,101,5.219446139312867,0.8997230340655293,5.237459501357453,0.8502317285995662
1.006170218965971,0.052622983085007353,3.2198438436112577,-3.220273831629207,101,5.222008444814267,0.9006556369991358,5.2400065650312255,0.8512062081104126
1.0088969675268542,0.05257841896239798,3.2171170950518553,-3.2175467189297935,101,5.224570750315668,0.9015882399327422,5.242553628705024,0.8521806876211868
1.0116237160877375,0.052533854839865696,3.2143903464924577,-3.214819606230381,101,5.2271330558170686,0.9025208428663485,5.245100692378849,0.8531551671318885
1.0143504646486208,0.05248929071741072,3.2116635979330637,-3.2120924935309696,101,5.229695361318469,0.9034534457999548,5.2476477560527,0.8541296466425176
1.017077213209504,0.05244472659503327,3.208936849373672,-3.2093653808315596,101,5.23225766681987,0.9043860487335612,5.250194819726579,0.8551041261530739
1.0198039617703873,0.0524001624727335,3.2062101008142827,-3.206638268132151,101,5.2348199723212705,0.9053186516671676,5.252741883400483,0.8560786056635572
1.0225307103312706,0.052355598350511616,3.2034833522548958,-3.2039111554327437,101,5.237382277822671,0.9062512546007739,5.255288947074414,0.8570530851739672
1.025257458892154,0.05231103422836778,3.20075660369551,-3.201184042733338,101,5.239944583324071,0.9071838575343802,5.257836010748371,0.8580275646843039
1.0279842074530372,0.05226647010630218,3.1980298551361273,-3.198456930033933,101,5.2425068888254724,0.9081164604679867,5.260383074422356,0.8590020441945672
1.0307109560139205,0.05222190598431499,3.1953031065767465,-3.1957298173345294,101,5.245069194326873,0.9090490634015931,5.262930138096367,0.8599765237047567
1.0334377045748038,0.052177341862406405,3.1925763580173676,-3.193002704635127,101,5.247631499828273,0.9099816663351994,5.2654772017704055,0.8609510032148723
1.036164453135687,0.0521327777405766,3.189849609457992,-3.190275591935726,101,5.250193805329674,0.9109142692688057,5.268024265444471,0.8619254827249139
1.0388912016965703,0.05208821361882578,3.1871228608986177,-3.1875484792363262,101,5.252756110831075,0.9118468722024121,5.270571329118563,0.8628999622348814
1.0416179502574536,0.052043649497154114,3.1843961123392464,-3.184821366536928,101,5.255318416332475,0.9127794751360185,5.273118392792682,0.8638744417447745
1.044344698818337,0.051999085375561784,3.1816693637798767,-3.1820942538375308,101,5.257880721833876,0.9137120780696248,5.27566545646683,0.8648489212545929
1.0470714473792202,0.05195452125404898,3.1789426152205094,-3.179367141138135,101,5.260443027335277,0.9146446810032312,5.278212520141003,0.8658234007643366
1.0497981959401035,0.05190995713261588,3.1762158666611446,-3.1766400284387406,101,5.263005332836677,0.9155772839368376,5.280759583815203,0.8667978802740055
1.0525249445009868,0.051865393011262695,3.1734891181017817,-3.1739129157393475,101,5.265567638338078,0.916509886870444,5.283306647489432,0.8677723597835993
1.05525169306187,0.05182082888998958,3.170762369542422,-3.171185803039956,101,5.268129943839479,0.9174424898040503,5.285853711163687,0.8687468392931178
1.0579784416227533,0.05177626476879674,3.1680356209830633,-3.1684586903405654,101,5.270692249340879,0.9183750927376566,5.28840077483797,0.8697213188025608
1.0607051901836366,0.05173170064768434,3.165308872423708,-3.1657315776411763,101,5.273254554842279,0.919307695671263,5.290947838512281,0.8706957983119283
1.06343193874452,0.0516871365266526,3.162582123864354,-3.1630044649417886,101,5.275816860343681,0.9202402986048694,5.2934949021866196,0.8716702778212201
1.0661586873054032,0.05164257240570168,3.159855375305002,-3.160277352242402,101,5.278379165845081,0.9211729015384758,5.296041965860985,0.8726447573304358
1.0688854358662865,0.05159800828483176,3.1571286267456533,-3.157550239543017,101,5.280941471346481,0.9221055044720821,5.298589029535378,0.8736192368395754
1.0716121844271698,0.05155344416404307,3.1544018781863064,-3.1548231268436333,101,5.283503776847882,0.9230381074056885,5.3011360932097995,0.8745937163486388
1.074338932988053,0.05150888004333575,3.1516751296269616,-3.152096014144251,101,5.286066082349283,0.9239707103392949,5.303683156884249,0.8755681958576257
1.0770656815489363,0.05146431592271004,3.1489483810676195,-3.14936890144487,101,5.288628387850683,0.9249033132729012,5.306230220558726,0.8765426753665357
1.0797924301098196,0.05141975180216608,3.1462216325082784,-3.14664178874549,101,5.291190693352084,0.9258359162065075,5.308777284233231,0.8775171548753691
1.082519178670703,0.051375187681704085,3.1434948839489403,-3.1439146760461116,101,5.293752998853485,0.9267685191401138,5.311324347907764,0.8784916343841253
1.0852459272315862,0.05133062356132422,3.1407681353896044,-3.1411875633467345,101,5.296315304354885,0.9277011220737202,5.313871411582325,0.8794661138928045
1.0879726757924695,0.0512860594410267,3.1380413868302712,-3.138460450647359,101,5.2988776098562855,0.9286337250073267,5.316418475256914,0.8804405934014063
1.0906994243533528,0.05124149532081172,3.13531463827094,-3.1357333379479844,101,5.301439915357687,0.929566327940933,5.318965538931532,0.8814150729099305
1.093426172914236,0.05119693120067946,3.1325878897116106,-3.1330062252486113,101,5.304002220859087,0.9304989308745393,5.321512602606178,0.8823895524183769
1.0961529214751193,0.05115236708063012,3.129861141152284,-3.1302791125492395,101,5.3065645263604875,0.9314315338081457,5.324059666280852,0.8833640319267455
1.0988796700360026,0.05110780296066387,3.1271343925929584,-3.127551999849869,101,5.309126831861889,0.9323641367417521,5.326606729955555,0.884338511435036
1.101606418596886,0.051063238840780914,3.124407644033637,-3.1248248871505,101,5.311689137363289,0.9332967396753584,5.329153793630286,0.8853129909432481
1.1043331671577692,0.051018674720981476,3.121680895474317,-3.1220977744511322,101,5.314251442864689,0.9342293426089647,5.331700857305045,0.8862874704513818
1.1070599157186525,0.0509741106012657,3.118954146914998,-3.119370661751766,101,5.316813748366091,0.9351619455425711,5.334247920979834,0.887261949959437
1.1097866642795358,0.05092954648163379,3.116227398355682,-3.1166435490524007,101,5.319376053867491,0.9360945484761776,5.3367949846546505,0.8882364294674133
1.112513412840419,0.05088498236208595,3.1135006497963684,-3.113916436353037,101,5.321938359368891,0.9370271514097839,5.339342048329496,0.8892109089753105
1.1152401614013023,0.050840418242622365,3.1107739012370565,-3.1111893236536745,101,5.324500664870292,0.9379597543433902,5.34188911200437,0.8901853884831286
1.1179669099621856,0.050795854123243236,3.108047152677748,-3.1084622109543134,101,5.327062970371693,0.9388923572769966,5.344436175679274,0.8911598679908673
1.120693658523069,0.05075129000394876,3.105320404118441,-3.105735098254954,101,5.329625275873093,0.939824960210603,5.3469832393542065,0.8921343474985266
1.1234204070839522,0.05070672588473914,3.102593655559137,-3.103007985555596,101,5.332187581374494,0.9407575631442093,5.349530303029168,0.893108827006106
1.1261471556448355,0.050662161765614555,3.0998669069998344,-3.1002808728562394,101,5.334749886875894,0.9416901660778156,5.352077366704157,0.8940833065136056
1.1288739042057188,0.0506175976465752,3.097140158440534,-3.097553760156884,101,5.337312192377295,0.9426227690114221,5.354624430379178,0.895057786021025
1.131600652766602,0.05057303352762127,3.0944134098812355,-3.09482664745753,101,5.339874497878696,0.9435553719450285,5.357171494054226,0.8960322655283643
1.1343274013274853,0.05052846940875296,3.09168666132194,-3.0920995347581774,101,5.342436803380096,0.9444879748786348,5.359718557729304,0.897006745035623
1.1370541498883686,0.050483905289970474,3.088959912762647,-3.089372422058826,101,5.344999108881497,0.9454205778122411,5.362265621404412,0.897981224542801
1.139780898449252,0.05043934117127403,3.086233164203356,-3.0866453093594766,101,5.347561414382898,0.9463531807458475,5.364812685079548,0.8989557040498983
1.1425076470101352,0.050394777052663785,3.0835064156440666,-3.0839181966601283,101,5.350123719884298,0.9472857836794539,5.367359748754715,0.8999301835569147
1.1452343955710185,0.05035021293413995,3.0807796670847805,-3.0811910839607815,101,5.352686025385699,0.9482183866130602,5.369906812429911,0.9009046630638496
1.1479611441319018,0.05030564881570275,3.078052918525496,-3.078463971261436,101,5.3552483308870995,0.9491509895466665,5.372453876105137,0.9018791425707032
1.150687892692785,0.05026108469735234,3.0753261699662136,-3.0757368585620917,101,5.3578106363885,0.950083592480273,5.375000939780391,0.9028536220774753
1.1534146412536683,0.05021652057908895,3.072599421406933,-3.0730097458627488,101,5.360372941889901,0.9510161954138794,5.3775480034556775,0.9038281015841657
1.1561413898145516,0.05017195646091278,3.069872672847656,-3.0702826331634077,101,5.3629352473913015,0.9519487983474857,5.380095067130992,0.9048025810907739
1.158868138375435,0.05012739234282402,3.0671459242883805,-3.067555520464068,101,5.365497552892702,0.952881401281092,5.382642130806336,0.9057770605973001
1.1615948869363182,0.05008282822482286,3.064419175729107,-3.0648284077647294,101,5.368059858394103,0.9538140042146984,5.385189194481711,0.906751540103744
1.1643216354972015,0.050038264106909494,3.0616924271698354,-3.0621012950653923,101,5.370622163895503,0.9547466071483048,5.3877362581571155,0.9077260196101055
1.1670483840580848,0.04999369998908414,3.0589656786105666,-3.059374182366057,101,5.373184469396904,0.9556792100819111,5.39028332183255,0.9087004991163842
1.169775132618968,0.04994913587134698,3.0562389300513004,-3.056647069666723,101,5.375746774898304,0.9566118130155175,5.392830385508015,0.9096749786225798
1.1725018811798513,0.04990457175369823,3.053512181492036,-3.0539199569673903,101,5.378309080399705,0.9575444159491239,5.395377449183511,0.9106494581286927
1.1752286297407346,0.049860007636138105,3.050785432932774,-3.051192844268059,101,5.380871385901106,0.9584770188827303,5.397924512859037,0.9116239376347222
1.177955378301618,0.049815443518666784,3.0480586843735136,-3.0484657315687294,101,5.383433691402506,0.9594096218163366,5.400471576534592,0.9125984171406681
1.1806821268625012,0.049770879401284475,3.0453319358142568,-3.045738618869401,101,5.385995996903906,0.9603422247499429,5.403018640210178,0.9135728966465304
1.1834088754233845,0.049726315283991386,3.0426051872550013,-3.043011506170074,101,5.388558302405308,0.9612748276835493,5.405565703885795,0.914547376152309
1.1861356239842678,0.049681751166787726,3.0398784386957485,-3.0402843934707486,101,5.391120607906708,0.9622074306171557,5.408112767561443,0.9155218556580035
1.188862372545151,0.04963718704967369,3.0371516901364974,-3.037557280771425,101,5.393682913408108,0.963140033550762,5.410659831237121,0.9164963351636137
1.1915891211060343,0.04959262293264948,3.0344249415772486,-3.0348301680721024,101,5.39624521890951,0.9640726364843684,5.41320689491283,0.9174708146691395
1.1943158696669176,0.04954805881092465,3.0316981929308957,-3.032103055372703,102,5.39880752441091,0.9650052394179748,5.415753958586931,0.9184452941790826
1.197042618227801,0.0495034946881831,3.0289714443515425,-3.0293759426732874,102,5.40136982991231,0.9659378423515811,5.4183010222606836,0.919419773689981
1.1997693667886842,0.04945893056527019,3.0262446957875486,-3.0266488299738685,102,5.4039321354137115,0.9668704452851875,5.420848085934379,0.9203942532010404
1.2024961153495675,0.049414366442379884,3.023517947227075,-3.02392171727445,102,5.406494440915112,0.9678030482187938,5.423395149608082,0.9213687327120785
1.2052228639104507,0.049369802319556774,3.0207911986674096,-3.021194604575033,102,5.409056746416512,0.9687356511524001,5.4259422132818065,0.9223432122230535
1.207949612471334,0.04932523819681119,3.0180644501079295,-3.0184674918756174,102,5.4116190519179135,0.9696682540860065,5.42848927695556,0.9233176917339557
1.2106763610322173,0.04928067407414565,3.0153377015484937,-3.0157403791762025,102,5.414181357419314,0.970600857019613,5.431036340629339,0.9242921712447828
1.2134031095931006,0.0492361099515609,3.01261095298907,-3.013013266476789,102,5.416743662920714,0.9715334599532193,5.433583404303145,0.9252666507555338
1.216129858153984,0.049191545829057215,3.0098842044296497,-3.010286153777377,102,5.419305968422115,0.9724660628868256,5.43613046797698,0.9262411302662086
1.2188566067148672,0.04914698170663481,3.007157455870232,-3.007559041077966,102,5.421868273923516,0.973398665820432,5.438677531650843,0.9272156097768072
1.2215833552757505,0.04910241758429389,3.0044307073108167,-3.0048319283785565,102,5.424430579424916,0.9743312687540384,5.441224595324733,0.9281900892873292
1.2243101038366337,0.049057853462034645,3.001703958751403,-3.0021048156791483,102,5.4269928849263165,0.9752638716876447,5.443771658998651,0.9291645687977742
1.227036852397517,0.049013289339857255,2.998977210191992,-2.9993777029797415,102,5.429555190427717,0.976196474621251,5.446318722672597,0.9301390483081424
1.2297636009584003,0.0489687252177619,2.996250461632583,-2.996650590280336,102,5.432117495929118,0.9771290775548575,5.448865786346572,0.9311135278184337
1.2324903495192836,0.04892416109574879,2.9935237130731753,-2.993923477580932,102,5.434679801430518,0.9780616804884639,5.451412850020574,0.9320880073286476
1.2352170980801669,0.04887959697381809,2.9907969645137706,-2.9911963648815294,102,5.437242106931919,0.9789942834220702,5.453959913694605,0.933062486838784
1.2379438466410502,0.04883503285197001,2.9880702159543686,-2.9884692521821283,102,5.43980441243332,0.9799268863556765,5.456506977368664,0.9340369663488428
1.2406705952019335,0.048790468730204734,2.9853434673949675,-2.9857421394827286,102,5.44236671793472,0.9808594892892829,5.4590540410427515,0.9350114458588238
1.2433973437628167,0.04874590460852244,2.982616718835569,-2.98301502678333,102,5.444929023436121,0.9817920922228893,5.461601104716867,0.9359859253687269
1.2461240923237,0.04870134048692333,2.9798899702761723,-2.980287914083933,102,5.447491328937522,0.9827246951564956,5.464148168391011,0.9369604048785517
1.2488508408845833,0.04865677636540759,2.9771632217167774,-2.9775608013845374,102,5.450053634438922,0.9836572980901019,5.466695232065184,0.9379348843882982
1.2515775894454666,0.048612212243975404,2.9744364731573847,-2.974833688685143,102,5.452615939940323,0.9845899010237084,5.4692422957393845,0.9389093638979662
1.2543043380063499,0.04856764812262697,2.9717097245979947,-2.97210657598575,102,5.455178245441724,0.9855225039573148,5.4717893594136155,0.9398838434075556
1.2570310865672332,0.048523084001362474,2.9689829760386055,-2.969379463286358,102,5.457740550943124,0.9864551068909211,5.474336423087873,0.940858322917066
1.2597578351281165,0.0484785198801821,2.966256227479219,-2.9666523505869677,102,5.460302856444525,0.9873877098245274,5.47688348676216,0.9418328024264973
1.2624845836889997,0.048433955759086066,2.9635294789198343,-2.9639252378875787,102,5.462865161945926,0.9883203127581338,5.4794305504364775,0.9428072819358494
1.265211332249883,0.04838939163807454,2.9608027303604514,-2.961198125188191,102,5.465427467447326,0.9892529156917402,5.481977614110822,0.9437817614451222
1.2679380808107663,0.048344827517147734,2.9580759818010707,-2.9584710124888045,102,5.467989772948727,0.9901855186253465,5.4845246777851955,0.9447562409543152
1.2706648293716496,0.04830026339630582,2.9553492332416926,-2.95574389978942,102,5.470552078450128,0.9911181215589528,5.4870717414596,0.9457307204634284
1.2733915779325329,0.048255699275549006,2.952622484682316,-2.9530167870900366,102,5.473114383951528,0.9920507244925593,5.4896188051340316,0.9467051999724618
1.2761183264934162,0.04821113515487746,2.949895736122942,-2.9502896743906546,102,5.4756766894529285,0.9929833274261657,5.492165868808493,0.9476796794814152
1.2788450750542995,0.04816657103429141,2.947168987563569,-2.947562561691274,102,5.478238994954329,0.993915930359772,5.494712932482983,0.9486541589902879
1.2815718236151827,0.048122006913791024,2.9444422390041987,-2.9448354489918946,102,5.480801300455729,0.9948485332933783,5.497259996157503,0.9496286384990803
1.284298572176066,0.048077442793376515,2.9417154904448304,-2.9421083362925167,102,5.4833636059571305,0.9957811362269847,5.499807059832053,0.9506031180077921
1.2870253207369493,0.04803287867304806,2.938988741885464,-2.93938122359314,102,5.485925911458531,0.9967137391605911,5.502354123506631,0.9515775975164229
1.2897520692978326,0.047988314552805875,2.9362619933260996,-2.936654110893765,102,5.488488216959931,0.9976463420941974,5.504901187181239,0.9525520770249727
1.2924788178587159,0.04794375043265014,2.933535244766737,-2.9339269981943916,102,5.491050522461332,0.9985789450278038,5.5074482508558775,0.9535265565334411
1.2952055664195992,0.047899186312581055,2.9308084962073773,-2.9311998854950194,102,5.493612827962733,0.9995115479614102,5.509995314530545,0.9545010360418282
1.2979323149804824,0.04785462219259881,2.928081747648019,-2.9284727727956485,102,5.496175133464133,1.0004441508950166,5.512542378205241,0.9554755155501339
1.3006590635413657,0.047810058072703616,2.9253549990886625,-2.925745660096279,102,5.498737438965534,1.001376753828623,5.515089441879969,0.9564499950583575
1.303385812102249,0.047765493952895643,2.922628250529308,-2.9230185473969112,102,5.501299744466935,1.0023093567622292,5.517636505554726,0.9574244745664992
1.3061125606631323,0.047720929833175114,2.919901501969956,-2.920291434697545,102,5.503862049968335,1.0032419596958357,5.520183569229512,0.9583989540745589
1.3088393092240156,0.047676365713542224,2.9171747534106065,-2.9175643219981797,102,5.506424355469736,1.004174562629442,5.522730632904329,0.959373433582536
1.3115660577848989,0.04763180159399717,2.9144480048512578,-2.914837209298816,102,5.508986660971137,1.0051071655630484,5.525277696579175,0.9603479130904307
1.3142928063457822,0.047587237474540134,2.911721256291912,-2.912110096599454,102,5.511548966472537,1.0060397684966547,5.527824760254052,0.9613223925982426
1.3170195549066654,0.04754267335517133,2.908994507732568,-2.9093829839000933,102,5.514111271973938,1.006972371430261,5.530371823928959,0.9622968721059716
1.3197463034675487,0.04749810923589094,2.9062677591732258,-2.906655871200734,102,5.516673577475339,1.0079049743638673,5.532918887603896,0.9632713516136174
1.322473052028432,0.047453545116699164,2.9035410106138855,-2.903928758501376,102,5.519235882976739,1.0088375772974738,5.535465951278863,0.9642458311211803
1.3251998005893153,0.04740898099759621,2.9008142620545474,-2.90120164580202,102,5.52179818847814,1.0097701802310801,5.538013014953862,0.9652203106286595
1.3279265491501986,0.04736441687858229,2.898087513495212,-2.898474533102665,102,5.5243604939795405,1.0107027831646864,5.540560078628889,0.966194790136055
1.3306532977110819,0.047319852759657596,2.8953607649358784,-2.8957474204033113,102,5.526922799480941,1.011635386098293,5.543107142303948,0.9671692696433669
1.3333800462719652,0.04727528864082232,2.892634016376546,-2.893020307703959,102,5.529485104982341,1.0125679890318993,5.545654205979037,0.9681437491505945
1.3361067948328484,0.04723072452207666,2.889907267817216,-2.8902931950046087,102,5.532047410483742,1.0135005919655056,5.548201269654157,0.969118228657738
1.3388335433937317,0.047186160403420836,2.887180519257888,-2.8875660823052596,102,5.534609715985143,1.0144331948991119,5.550748333329309,0.970092708164797
1.341560291954615,0.04714159628485502,2.884453770698562,-2.884838969605912,102,5.537172021486543,1.0153657978327182,5.55329539700449,0.9710671876717715
1.3442870405154983,0.04709703216637944,2.881727022139238,-2.882111856906566,102,5.5397343269879435,1.0162984007663247,5.555842460679702,0.9720416671786613
1.3470137890763816,0.04705246804799429,2.8790002735799165,-2.879384744207221,102,5.542296632489345,1.017231003699931,5.558389524354946,0.973016146685466
1.3497405376372649,0.047007903929699765,2.8762735250205966,-2.876657631507878,102,5.544858937990745,1.0181636066335373,5.56093658803022,0.9739906261921855
1.3524672861981482,0.04696333981149608,2.873546776461279,-2.8739305188085362,102,5.5474212434921455,1.0190962095671439,5.563483651705525,0.9749651056988198
1.3551940347590314,0.046918775693383416,2.8708200279019627,-2.871203406109196,102,5.549983548993547,1.0200288125007502,5.566030715380863,0.9759395852053685
1.3579207833199147,0.046874211575362,2.868093279342649,-2.868476293409857,102,5.552545854494947,1.0209614154343565,5.56857777905623,0.9769140647118313
1.360647531880798,0.04682964745743203,2.865366530783337,-2.86574918071052,102,5.555108159996347,1.0218940183679628,5.571124842731629,0.9778885442182083
1.3633742804416813,0.04678508333959369,2.862639782224027,-2.863022068011184,102,5.557670465497749,1.022826621301569,5.57367190640706,0.9788630237244991
1.3661010290025646,0.046740519221847215,2.8599130336647187,-2.8602949553118497,102,5.560232770999149,1.0237592242351756,5.576218970082521,0.9798375032307038
1.3688277775634479,0.04669595510419278,2.8571862851054135,-2.857567842612517,102,5.562795076500549,1.024691827168782,5.578766033758014,0.9808119827368218
1.3715545261243312,0.04665139098663061,2.854459536546109,-2.8548407299131857,102,5.565357382001951,1.0256244301023882,5.581313097433539,0.9817864622428532
1.3742812746852144,0.0466068268691609,2.8517327879868075,-2.852113617213856,102,5.567919687503351,1.0265570330359948,5.583860161109095,0.9827609417487978
1.3770080232460977,0.04656226275178387,2.849006039427508,-2.849386504514528,102,5.570481993004751,1.027489635969601,5.586407224784684,0.9837354212546551
1.379734771806981,0.04651769863449972,2.8462792908682095,-2.846659391815201,102,5.573044298506153,1.0284222389032074,5.588954288460304,0.9847099007604252
1.3824615203678643,0.04647313451730863,2.8435525423089136,-2.843932279115876,102,5.575606604007553,1.0293548418368137,5.591501352135956,0.9856843802661078
1.3851882689287476,0.04642857040021084,2.8408257937496195,-2.841205166416552,102,5.578168909508953,1.03028744477042,5.594048415811639,0.9866588597717028
1.3879150174896309,0.04638400628320653,2.8380990451903276,-2.83847805371723,102,5.580731215010354,1.0312200477040265,5.5965954794873545,0.9876333392772101
1.3906417660505141,0.04633944216629592,2.8353722966310375,-2.8357509410179094,102,5.583293520511754,1.0321526506376328,5.599142543163102,0.988607818782629
1.3933685146113974,0.04629487804947921,2.8326455480717496,-2.8330238283185905,102,5.585855826013155,1.0330852535712391,5.601689606838883,0.98958229828796
1.3960952631722807,0.04625031393275662,2.829918799512464,-2.830296715619273,102,5.588418131514556,1.0340178565048457,5.604236670514694,0.9905567777932025
1.398822011733164,0.046205749810983326,2.8271920508659347,-2.8275696029198727,103,5.590980437015956,1.034950459438452,5.606783734188778,0.991531257303191
1.4015487602940473,0.04616118568817816,2.8244653022875705,-2.8248424902204556,103,5.593542742517357,1.0358830623720583,5.60933079786251,0.9925057368141491
1.4042755088549306,0.046116621565214774,2.8217385537240096,-2.8221153775210364,103,5.5961050480187575,1.0368156653056646,5.611877861536188,0.9934802163252558
1.4070022574158139,0.046072057442283036,2.8190118051636612,-2.8193882648216175,103,5.598667353520158,1.037748268239271,5.6144249252098755,0.994454695836333
1.4097290059766971,0.04602749331942431,2.816285056604011,-2.8166611521221996,103,5.601229659021559,1.0386808711728774,5.61697198888359,0.9954291753473417
1.4124557545375804,0.045982929196647704,2.8135583080445135,-2.813934039422783,103,5.6037919645229595,1.0396134741064837,5.61951905255733,0.9964036548582729
1.4151825030984637,0.04593836507395535,2.81083155948505,-2.8112069267233677,103,5.60635427002436,1.04054607704009,5.6220661162311005,0.997378134369125
1.417909251659347,0.045893800951347846,2.808104810925596,-2.808479814023954,103,5.608916575525761,1.0414786799736966,5.624613179904901,0.9983526138798976
1.4206360002202303,0.04584923682882547,2.8053780623661457,-2.805752701324542,103,5.611478881027161,1.042411282907303,5.627160243578729,0.99932709339059
1.4233627487811136,0.04580467270638845,2.8026513138066966,-2.803025588625131,103,5.614041186528562,1.0433438858409092,5.629707307252586,1.0003015729012021
1.4260894973419969,0.04576010858403697,2.7999245652472498,-2.8002984759257217,103,5.616603492029963,1.0442764887745155,5.632254370926473,1.001276052411734
1.4288162459028801,0.045715544461771236,2.797197816687805,-2.7975713632263135,103,5.619165797531363,1.0452090917081218,5.634801434600389,1.0022505319221853
1.4315429944637634,0.04567098033959141,2.7944710681283618,-2.7948442505269067,103,5.621728103032764,1.0461416946417281,5.637348498274334,1.0032250114325556
1.4342697430246467,0.04562641621749771,2.7917443195689207,-2.7921171378275016,103,5.624290408534165,1.0470742975753347,5.63989556194831,1.0041994909428456
1.43699649158553,0.04558185209549032,2.7890175710094813,-2.789390025128098,103,5.626852714035565,1.048006900508941,5.642442625622314,1.005173970453054
1.4397232401464133,0.04553728797356943,2.786290822450043,-2.7866629124286955,103,5.629415019536966,1.0489395034425473,5.644989689296348,1.0061484499631812
1.4424499887072966,0.04549272385173522,2.783564073890607,-2.7839357997292944,103,5.631977325038366,1.0498721063761538,5.647536752970411,1.0071229294732271
1.4451767372681799,0.04544815972998792,2.7808373253311727,-2.7812086870298947,103,5.634539630539766,1.05080470930976,5.650083816644504,1.0080974089831911
1.4479034858290631,0.04540359560832767,2.77811057677174,-2.7784815743304963,103,5.637101936041168,1.0517373122433664,5.652630880318628,1.0090718884930734
1.4506302343899464,0.0453590314867547,2.77538382821231,-2.7757544616310996,103,5.639664241542568,1.0526699151769727,5.655177943992781,1.0100463680028735
1.4533569829508297,0.0453144673652692,2.772657079652881,-2.7730273489317043,103,5.642226547043968,1.053602518110579,5.657725007666964,1.0110208475125917
1.456083731511713,0.04526990324387136,2.7699303310934544,-2.7703002362323104,103,5.6447888525453696,1.0545351210441856,5.660272071341177,1.0119953270222275
1.4588104800725963,0.04522533912256139,2.767203582534029,-2.7675731235329177,103,5.64735115804677,1.0554677239777919,5.66281913501542,1.0129698065317807
1.4615372286334796,0.045180775001339456,2.7644768339746055,-2.764846010833527,103,5.64991346354817,1.0564003269113982,5.665366198689693,1.0139442860412509
1.4642639771943629,0.04513621088020576,2.7617500854151844,-2.7621188981341374,103,5.6524757690495715,1.0573329298450047,5.667913262363997,1.0149187655506386
1.4669907257552461,0.045091646759160504,2.7590233368557637,-2.759391785434749,103,5.655038074550972,1.058265532778611,5.67046032603833,1.015893245059943
1.4697174743161294,0.04504708263820388,2.7562965882963453,-2.7566646727353623,103,5.657600380052372,1.0591981357122173,5.673007389712693,1.016867724569164
1.4724442228770127,0.04500251851733608,2.7535698397369295,-2.7539375600359772,103,5.660162685553773,1.0601307386458236,5.675554453387089,1.0178422040783017
1.475170971437896,0.04495795439655731,2.7508430911775155,-2.7512104473365935,103,5.662724991055174,1.06106334157943,5.678101517061513,1.0188166835873556
1.4778977199987793,0.04491339027586776,2.7481163426181023,-2.748483334637211,103,5.665287296556574,1.0619959445130365,5.6806485807359675,1.019791163096326
1.4806244685596626,0.044868826155267626,2.745389594058691,-2.74575622193783,103,5.667849602057975,1.0629285474466428,5.683195644410454,1.0207656426052119
1.4833512171205459,0.0448242620347571,2.742662845499282,-2.7430291092384507,103,5.670411907559376,1.063861150380249,5.6857427080849705,1.0217401221140139
1.4860779656814291,0.044779697914336385,2.739936096939875,-2.7403019965390727,103,5.672974213060776,1.0647937533138556,5.688289771759518,1.0227146016227315
1.4888047142423124,0.04473513379400569,2.737209348380469,-2.737574883839696,103,5.6755365185621764,1.065726356247462,5.690836835434095,1.0236890811313644
1.4915314628031957,0.04469056967376521,2.7344825998210656,-2.734847771140321,103,5.678098824063578,1.0666589591810682,5.693383899108705,1.0246635606399124
1.494258211364079,0.044646005553615135,2.7317558512616635,-2.7321206584409476,103,5.680661129564978,1.0675915621146745,5.695930962783343,1.0256380401483756
1.4969849599249623,0.04460144143355567,2.7290291027022633,-2.7293935457415754,103,5.683223435066378,1.0685241650482808,5.698478026458014,1.0266125196567537
1.4997117084858456,0.04455687731358701,2.7263023541428644,-2.726666433042205,103,5.685785740567779,1.0694567679818872,5.701025090132716,1.0275869991650464
1.5024384570467288,0.044512313193709324,2.7235756055834677,-2.723939320342836,103,5.68834804606918,1.0703893709154937,5.703572153807449,1.0285614786732538
1.5051652056076121,0.044467749073922855,2.7208488570240728,-2.721212207643468,103,5.69091035157058,1.0713219738491,5.706119217482213,1.0295359581813752
1.5078919541684954,0.04442318495422777,2.718122108464679,-2.718485094944102,103,5.693472657071981,1.0722545767827065,5.708666281157008,1.030510437689411
1.5106187027293787,0.04437862083462429,2.7153953599052882,-2.7157579822447375,103,5.696034962573382,1.0731871797163128,5.711213344831836,1.0314849171973606
1.513345451290262,0.04433405671511261,2.712668611345898,-2.7130308695453746,103,5.698597268074782,1.0741197826499191,5.713760408506693,1.0324593967052238
1.5160721998511453,0.04428949259569291,2.7099418627865095,-2.710303756846013,103,5.701159573576183,1.0750523855835254,5.716307472181582,1.0334338762130006
1.5187989484120286,0.04424492847636541,2.7072151142271235,-2.707576644146653,103,5.703721879077584,1.0759849885171318,5.718854535856504,1.034408355720691
1.5215256969729118,0.04420036435713031,2.704488365667739,-2.7048495314472945,103,5.706284184578984,1.076917591450738,5.721401599531457,1.035382835228294
1.5242524455337951,0.04415580023798781,2.7017616171083563,-2.7021224187479373,103,5.708846490080385,1.0778501943843446,5.723948663206441,1.0363573147358107
1.5269791940946784,0.04411123611893812,2.699034868548976,-2.699395306048582,103,5.711408795581786,1.078782797317951,5.726495726881457,1.0373317942432398
1.5297059426555617,0.04406667199998144,2.6963081199895966,-2.696668193349228,103,5.713971101083186,1.0797154002515574,5.7290427905565044,1.0383062737505817
1.532432691216445,0.04402210788111796,2.693581371430219,-2.6939410806498754,103,5.7165334065845865,1.0806480031851637,5.731589854231585,1.0392807532578359
1.5351594397773283,0.04397754376234789,2.6908546228708436,-2.6912139679505245,103,5.719095712085988,1.08158060611877,5.734136917906697,1.0402552327650023
1.5378861883382116,0.04393297964367142,2.688127874311469,-2.688486855251175,103,5.721658017587388,1.0825132090523764,5.73668398158184,1.0412297122720806
1.5406129368990948,0.04388841552508876,2.685401125752097,-2.685759742551827,103,5.7242203230887885,1.0834458119859827,5.739231045257015,1.042204191779071
1.5433396854599781,0.04384385140660012,2.6826743771927264,-2.6830326298524807,103,5.726782628590189,1.084378414919589,5.741778108932223,1.043178671285973
1.5460664340208614,0.04379928728820569,2.6799476286333572,-2.680305517153136,103,5.72934493409159,1.0853110178531955,5.744325172607464,1.0441531507927866
1.5487931825817447,0.04375472316990568,2.6772208800739907,-2.6775784044537927,103,5.73190723959299,1.0862436207868018,5.746872236282736,1.0451276302995112
1.551519931142628,0.04371015905170031,2.6744941315146256,-2.674851291754451,103,5.734469545094391,1.0871762237204083,5.749419299958041,1.0461021098061472
1.5542466797035113,0.04366559493358976,2.6717673829552613,-2.672124179055111,103,5.737031850595791,1.0881088266540146,5.751966363633378,1.0470765893126937
1.5569734282643946,0.04362103081557425,2.6690406343958997,-2.6693970663557725,103,5.739594156097192,1.089041429587621,5.754513427308749,1.048051068819151
1.5597001768252778,0.043576466697653984,2.6663138858365394,-2.6666699536564353,103,5.742156461598593,1.0899740325212273,5.75706049098415,1.0490255483255189
1.5624269253861611,0.043531902579829154,2.6635871372771813,-2.6639428409571,103,5.744718767099993,1.0909066354548336,5.759607554659585,1.050000027831797
1.5651536739470444,0.04348733846209997,2.6608603887178246,-2.661215728257766,103,5.747281072601394,1.0918392383884399,5.762154618335053,1.0509745073379853
1.5678804225079277,0.043442774344466625,2.6581336401584688,-2.6584886155584337,103,5.749843378102795,1.0927718413220464,5.764701682010553,1.0519489868440837
1.570607171068811,0.04339821022692935,2.655406891599116,-2.655761502859103,103,5.752405683604195,1.0937044442556527,5.767248745686087,1.0529234663500915
1.5733339196296943,0.043353646109488345,2.6526801430397646,-2.6530343901597737,103,5.754967989105596,1.0946370471892592,5.7697958093616535,1.0538979458560092
1.5760606681905776,0.04330908199214381,2.649953394480414,-2.650307277460446,103,5.757530294606997,1.0955696501228656,5.772342873037252,1.054872425361836
1.5787874167514608,0.04326451787489593,2.647226645921066,-2.64758016476112,103,5.760092600108397,1.0965022530564719,5.774889936712885,1.055846904867572
1.5815141653123441,0.04321995375774495,2.6444998973617198,-2.644853052061795,103,5.762654905609798,1.0974348559900782,5.7774370003885505,1.056821384373217
1.5842409138732274,0.043175389640691064,2.6417731488023746,-2.6421259393624723,103,5.765217211111199,1.0983674589236845,5.779984064064249,1.0577958638787706
1.5869676624341107,0.04313082552373447,2.6390464002430316,-2.639398826663151,103,5.767779516612599,1.0993000618572908,5.782531127739981,1.0587703433842328
1.589694410994994,0.04308626140687539,2.6363196516836904,-2.6366717139638314,103,5.770341822114,1.1002326647908973,5.785078191415747,1.0597448228896038
1.5924211595558773,0.04304169729011402,2.6335929031243506,-2.6339446012645134,103,5.7729041276154005,1.1011652677245036,5.7876252550915455,1.0607193023948827
1.5951479081167605,0.042997133173450566,2.6308661545650116,-2.6312174885651967,103,5.775466433116801,1.10209787065811,5.790172318767377,1.0616937819000694
1.5978746566776438,0.04295256905688524,2.6281394060056757,-2.6284903758658817,103,5.778028738618201,1.1030304735917165,5.792719382443242,1.0626682614051641
1.6006014052385271,0.04290800494041828,2.6254126574463417,-2.6257632631665686,103,5.7805910441196025,1.1039630765253228,5.795266446119142,1.0636427409101663
1.6033281537994104,0.04286344082404985,2.622685908887008,-2.623036150467257,103,5.783153349621003,1.104895679458929,5.797813509795075,1.064617220415076
1.6060549023602937,0.04281887670778018,2.619959160327677,-2.6203090377679468,103,5.785715655122403,1.1058282823925354,5.800360573471042,1.0655916999198927
1.608781650921177,0.04277431258603209,2.6172324116807872,-2.617581925068547,104,5.7882779606238035,1.1067608853261417,5.802907637145135,1.0665661794298575
1.6115083994820603,0.042729748463233956,2.6145056631034365,-2.6148548123691304,104,5.790840266125205,1.107693488259748,5.80545470081887,1.067540658940809
1.6142351480429435,0.04268518434029166,2.6117789145402948,-2.612127699669711,104,5.793402571626605,1.1086260911933545,5.808001764492554,1.0685151384518963
1.6169618966038268,0.04264062021739048,2.6090521659800547,-2.6094005869702928,104,5.7959648771280055,1.1095586941269608,5.810548828166253,1.0694896179629445
1.6196886451647101,0.0425960560945684,2.6063254174204085,-2.6066734742708757,104,5.798527182629407,1.1104912970605674,5.813095891839979,1.0704640974739188
1.6224153937255934,0.04255149197183332,2.603598668860884,-2.60394636157146,104,5.801089488130807,1.1114238999941737,5.815642955513734,1.071438576984811
1.6251421422864767,0.042506927849187,2.600871920301385,-2.6012192488720456,104,5.803651793632207,1.11235650292778,5.8181900191875195,1.0724130564956198
1.62786889084736,0.04246236372662995,2.598145171741893,-2.5984921361726325,104,5.806214099133609,1.1132891058613863,5.820737082861337,1.0733875360063447
1.6305956394082433,0.04241779960416243,2.595418423182403,-2.5957650234732212,104,5.808776404635009,1.1142217087949926,5.823284146535184,1.0743620155169857
1.6333223879691265,0.04237323548178462,2.592691674622915,-2.5930379107738113,104,5.811338710136409,1.115154311728599,5.825831210209062,1.0753364950275421
1.6360491365300098,0.042328671359496764,2.5899649260634288,-2.5903107980744027,104,5.813901015637811,1.1160869146622054,5.82837827388297,1.0763109745380144
1.6387758850908931,0.04228410723729902,2.5872381775039437,-2.587583685374996,104,5.816463321139211,1.1170195175958118,5.83092533755691,1.0772854540484018
1.6415026336517764,0.04223954311519159,2.584511428944461,-2.5848565726755903,104,5.819025626640611,1.1179521205294183,5.83347240123088,1.0782599335587044
1.6442293822126597,0.04219497899317466,2.5817846803849784,-2.582129459976186,104,5.8215879321420125,1.1188847234630246,5.836019464904881,1.0792344130689218
1.646956130773543,0.04215041487124843,2.5790579318254987,-2.5794023472767837,104,5.824150237643413,1.119817326396631,5.838566528578913,1.080208892579054
1.6496828793344263,0.042105850749413094,2.5763311832660203,-2.5766752345773827,104,5.826712543144813,1.1207499293302372,5.841113592252976,1.0811833720891009
1.6524096278953095,0.04206128662766885,2.5736044347065428,-2.573948121877983,104,5.829274848646214,1.1216825322638435,5.843660655927071,1.082157851599062
1.6551363764561928,0.042016722506015874,2.5708776861470666,-2.571221009178585,104,5.831837154147615,1.1226151351974498,5.846207719601197,1.0831323311089374
1.6578631250170761,0.04197215838445438,2.568150937587593,-2.5684938964791884,104,5.834399459649015,1.1235477381310564,5.8487547832753535,1.084106810618727
1.6605898735779594,0.04192759426298457,2.56542418902812,-2.565766783779793,104,5.8369617651504155,1.1244803410646627,5.851301846949542,1.0850812901284304
1.6633166221388427,0.04188303014160662,2.5626974404686487,-2.5630396710803995,104,5.839524070651816,1.1254129439982692,5.8538489106237614,1.0860557696380475
1.666043370699726,0.04183846602032071,2.5599706919091787,-2.5603125583810074,104,5.842086376153217,1.1263455469318755,5.856395974298013,1.087030249147578
1.6687701192606093,0.04179390189912705,2.5572439433497105,-2.557585445681617,104,5.8446486816546175,1.1272781498654818,5.8589430379722955,1.0880047286570218
1.6714968678214925,0.04174933777802584,2.5545171947902436,-2.554858332982228,104,5.847210987156018,1.1282107527990881,5.86149010164661,1.0889792081663787
1.6742236163823758,0.04170477365701727,2.5517904462307786,-2.55213122028284,104,5.849773292657419,1.1291433557326944,5.864037165320957,1.0899536876756486
1.676950364943259,0.04166020953610154,2.5490636976713144,-2.549404107583454,104,5.852335598158819,1.1300759586663007,5.866584228995334,1.0909281671848312
1.6796771135041424,0.041615645415278846,2.546336949111852,-2.5466769948840695,104,5.85489790366022,1.1310085615999073,5.869131292669744,1.0919026466939268
1.6824038620650257,0.04157108129454938,2.5436102005523917,-2.5439498821846867,104,5.857460209161621,1.1319411645335136,5.8716783563441854,1.0928771262029344
1.685130610625909,0.04152651717391334,2.540883451992932,-2.541222769485305,104,5.860022514663021,1.13287376746712,5.874225420018659,1.0938516057118544
1.6878573591867922,0.041481953053370935,2.538156703433474,-2.5384956567859254,104,5.862584820164422,1.1338063704007264,5.8767724836931645,1.0948260852206861
1.6905841077476755,0.04143738893292235,2.5354299548740173,-2.535768544086547,104,5.865147125665823,1.1347389733343327,5.879319547367702,1.0958005647294298
1.6933108563085588,0.04139282481256776,2.5327032063145625,-2.5330414313871703,104,5.867709431167223,1.135671576267939,5.8818666110422715,1.0967750442380853
1.696037604869442,0.041348260692307404,2.529976457755109,-2.530314318687795,104,5.870271736668624,1.1366041792015453,5.884413674716874,1.097749523746652
1.6987643534303254,0.041303696572141446,2.527249709195657,-2.527587205988421,104,5.872834042170025,1.1375367821351516,5.886960738391508,1.09872400325513
1.7014911019912087,0.04125913245207011,2.5245229606362063,-2.524860093289049,104,5.875396347671425,1.1384693850687582,5.889507802066174,1.0996984827635194
1.704217850552092,0.041214568332093575,2.5217962120767567,-2.522132980589678,104,5.877958653172826,1.1394019880023645,5.892054865740874,1.1006729622718194
1.7069445991129752,0.04117000421221204,2.519069463517309,-2.519405867890309,104,5.880520958674226,1.1403345909359708,5.894601929415605,1.1016474417800304
1.7096713476738585,0.04112544009242571,2.5163427149578625,-2.516678755190941,104,5.883083264175626,1.1412671938695773,5.897148993090369,1.1026219212881518
1.7123980962347418,0.04108087597273478,2.5136159663984174,-2.513951642491575,104,5.885645569677028,1.1421997968031836,5.899696056765166,1.1035964007961836
1.715124844795625,0.04103631185313945,2.510889217838974,-2.5112245297922104,104,5.888207875178428,1.14313239973679,5.902243120439995,1.1045708803041254
1.7178515933565084,0.040991747733639915,2.508162469279532,-2.5084974170928476,104,5.890770180679828,1.1440650026703962,5.904790184114857,1.1055453598119773
1.7205783419173917,0.04094718361423638,2.5054357207200915,-2.5057703043934865,104,5.8933324861812295,1.1449976056040025,5.907337247789753,1.1065198393197389
1.723305090478275,0.04090261949492903,2.502708972160652,-2.5030431916941267,104,5.89589479168263,1.1459302085376089,5.909884311464681,1.1074943188274102
1.7260318390391582,0.04085805537571807,2.499982223601215,-2.5003160789947687,104,5.89845709718403,1.1468628114712154,5.912431375139641,1.108468798334991
1.7287585876000415,0.04081349125660372,2.4972554750417784,-2.497588966295412,104,5.9010194026854315,1.1477954144048217,5.914978438814636,1.109443277842481
1.7314853361609248,0.040768927137586154,2.4945287264823435,-2.494861853596057,104,5.903581708186832,1.1487280173384282,5.917525502489663,1.1104177573498801
1.734212084721808,0.04072436301866558,2.4918019779229095,-2.4921347408967036,104,5.906144013688232,1.1496606202720345,5.920072566164722,1.1113922368571878
1.7369388332826914,0.040679798899842204,2.4890752293634772,-2.489407628197352,104,5.908706319189633,1.1505932232056408,5.922619629839817,1.1123667163644044
1.7396655818435747,0.04063523478111622,2.486348480804047,-2.4866805154980014,104,5.911268624691034,1.1515258261392471,5.925166693514943,1.1133411958715294
1.742392330404458,0.040590670662487824,2.4836217322446172,-2.4839534027986527,104,5.913830930192434,1.1524584290728535,5.927713757190103,1.1143156753785626
1.7451190789653412,0.04054610654395722,2.480894983685189,-2.481226290099306,104,5.916393235693835,1.1533910320064598,5.930260820865297,1.1152901548855039
1.7478458275262245,0.04050154242552462,2.4781682351257626,-2.4784991773999603,104,5.918955541195236,1.1543236349400663,5.932807884540524,1.1162646343923532
1.7505725760871078,0.040456978307190215,2.4754414865663374,-2.4757720647006165,104,5.921517846696636,1.1552562378736726,5.935354948215784,1.1172391138991102
1.753299324647991,0.04041241418895421,2.472714738006913,-2.473044952001274,104,5.924080152198037,1.1561888408072791,5.9379020118910795,1.118213593405775
1.7560260732088744,0.04036785007081681,2.4699879894474908,-2.4703178393019334,104,5.926642457699438,1.1571214437408854,5.9404490755664074,1.119188072912347
1.7587528217697577,0.0403232859527782,2.46726124088807,-2.4675907266025945,104,5.929204763200838,1.1580540466744917,5.942996139241769,1.120162552418826
1.761479570330641,0.040278721834838584,2.4645344923286503,-2.464863613903257,104,5.931767068702238,1.158986649608098,5.945543202917165,1.1211370319252119
1.7642063188915242,0.040234157716998196,2.4618077437692323,-2.462136501203921,104,5.934329374203639,1.1599192525417044,5.948090266592594,1.1221115114315046
1.7669330674524075,0.04018959359925721,2.4590809952098147,-2.459409388504587,104,5.93689167970504,1.1608518554753107,5.950637330268058,1.123085990937704
1.7696598160132908,0.04014502948161584,2.4563542466503994,-2.4566822758052544,104,5.93945398520644,1.1617844584089172,5.953184393943555,1.12406047044381
1.772386564574174,0.04010046536407427,2.453627498090985,-2.4539551631059235,104,5.942016290707841,1.1627170613425235,5.955731457619087,1.125034949949822
1.7751133131350574,0.04005590124663271,2.450900749531572,-2.4512280504065944,104,5.944578596209242,1.16364966427613,5.958278521294654,1.1260094294557401
1.7778400616959407,0.04001133712929138,2.4481740009721604,-2.4485009377072666,104,5.947140901710642,1.1645822672097363,5.960825584970254,1.1269839089615639
1.780566810256824,0.03996677301205044,2.44544725241275,-2.4457738250079406,104,5.949703207212043,1.1655148701433427,5.963372648645889,1.1279583884672935
1.7832935588177072,0.03992220889491015,2.4427205038533413,-2.4430467123086164,104,5.952265512713444,1.166447473076949,5.965919712321558,1.1289328679729282
1.7860203073785905,0.039877644777870674,2.4399937552939335,-2.4403195996092935,104,5.954827818214844,1.1673800760105553,5.968466775997261,1.1299073474784684
1.7887470559394738,0.03983308066093223,2.437267006734527,-2.4375924869099723,104,5.9573901237162445,1.1683126789441616,5.971013839673,1.1308818269839136
1.791473804500357,0.03978851654409502,2.434540258175122,-2.434865374210653,104,5.959952429217646,1.169245281877768,5.973560903348773,1.131856306489264
1.7942005530612404,0.03974395242735926,2.4318135096157185,-2.4321382615113354,104,5.962514734719046,1.1701778848113744,5.97610796702458,1.1328307859945186
1.7969273016221237,0.039699388310725114,2.429086761056316,-2.429411148812019,104,5.9650770402204465,1.171110487744981,5.978655030700422,1.1338052654996782
1.799654050183007,0.03965482419419282,2.4263600124969145,-2.4266840361127047,104,5.967639345721848,1.1720430906785873,5.981202094376299,1.1347797450047417
1.8023807987438902,0.03961026007776257,2.4236332639375155,-2.423956923413392,104,5.970201651223248,1.1729756936121936,5.983749158052211,1.1357542245097094
1.8051075473047735,0.039565695961434576,2.420906515378117,-2.421229810714081,104,5.972763956724648,1.1739082965457999,5.986296221728158,1.1367287040145808
1.8078342958656568,0.03952113184520904,2.41817976681872,-2.4185026980147715,104,5.97532626222605,1.1748408994794062,5.9888432854041405,1.1377031835193563
1.81056104442654,0.039476567729086184,2.415453018259324,-2.4157755853154637,104,5.97788856772745,1.1757735024130125,5.991390349080158,1.138677663024035
1.8132877929874234,0.03943200361306619,2.412726269699929,-2.4130484726161576,104,5.98045087322885,1.176706105346619,5.9939374127562095,1.1396521425286175
1.8160145415483067,0.039387439497149256,2.409999521140536,-2.4103213599168534,104,5.983013178730251,1.1776387082802253,5.996484476432297,1.1406266220331027
1.81874129010919,0.039342875381335594,2.4072727725811442,-2.407594247217551,104,5.985575484231651,1.1785713112138316,5.999031540108419,1.141601101537491
1.8214680386700732,0.0392983112595396,2.4045460239339675,-2.4048671345181503,105,5.988137789733052,1.1795039141474382,6.001578603782496,1.142575581047501
1.8241947872309565,0.03925374713667541,2.4018192753576937,-2.4021400218187323,105,5.990700095234453,1.1804365170810445,6.004125667456208,1.1435500605585145
1.8269215357918398,0.039209183013682355,2.399092526794955,-2.399412909119312,105,5.993262400735853,1.1813691200146508,6.006672731129875,1.144524540069649
1.829648284352723,0.03916461889073991,2.3963657782347996,-2.396685796419893,105,5.995824706237254,1.182301722948257,6.00921979480356,1.1454990195807364
1.8323750329136064,0.03912005476788249,2.393639029675137,-2.393958683720475,105,5.998387011738655,1.1832343258818634,6.011766858477274,1.1464734990917436
1.8351017814744897,0.03907549064511678,2.3909122811155687,-2.3912315710210588,105,6.000949317240055,1.1841669288154697,6.014313922151018,1.1474479786026646
1.837828530035373,0.03903092652244423,2.38818553255602,-2.388504458321644,105,6.003511622741456,1.1850995317490762,6.016860985824796,1.1484224581134983
1.8405552785962562,0.03898636239986525,2.385458783996476,-2.385777345622231,105,6.006073928242857,1.1860321346826825,6.019408049498605,1.1493969376242439
1.8432820271571395,0.03894179827738009,2.3827320354369332,-2.383050232922819,105,6.008636233744257,1.186964737616289,6.021955113172446,1.1503714171349015
1.8460087757180228,0.03889723415498893,2.380005286877392,-2.380323120223409,105,6.011198539245658,1.1878973405498954,6.024502176846319,1.1513458966454706
1.848735524278906,0.03885267003269196,2.377278538317852,-2.3775960075240006,105,6.0137608447470585,1.1888299434835017,6.027049240520225,1.1523203761559513
1.8514622728397894,0.03880810591048938,2.3745517897583137,-2.3748688948245937,105,6.016323150248459,1.189762546417108,6.029596304194162,1.1532948556663432
1.8541890214006727,0.03876354178838139,2.3718250411987762,-2.3721417821251882,105,6.01888545574986,1.1906951493507143,6.032143367868133,1.154269335176646
1.856915769961556,0.038718977666368164,2.369098292639239,-2.369414669425784,105,6.0214477612512605,1.1916277522843206,6.034690431542135,1.15524381468686
1.8596425185224392,0.038674413544449886,2.366371544079704,-2.3666875567263816,105,6.024010066752661,1.1925603552179271,6.03723749521617,1.156218294196985
1.8623692670833225,0.038629849422626754,2.3636447955201696,-2.3639604440269806,105,6.026572372254062,1.1934929581515334,6.039784558890237,1.1571927737070202
1.8650960156442058,0.038585285300898955,2.360918046960636,-2.3612333313275813,105,6.029134677755462,1.19442556108514,6.042331622564338,1.1581672532169662
1.867822764205089,0.03854072117926668,2.358191298401104,-2.3585062186281833,105,6.031696983256863,1.1953581640187463,6.04487868623847,1.159141732726822
1.8705495127659724,0.038496157057730115,2.355464549841573,-2.355779105928787,105,6.034259288758263,1.1962907669523526,6.047425749912636,1.1601162122365882
1.8732762613268557,0.038451592936289455,2.3527378012820437,-2.3530519932293927,105,6.0368215942596635,1.197223369885959,6.049972813586833,1.161090691746264
1.876003009887739,0.038407028814944885,2.3500110527225146,-2.3503248805299997,105,6.039383899761065,1.1981559728195652,6.052519877261065,1.1620651712558496
1.8787297584486222,0.0383624646936966,2.347284304162987,-2.3475977678306084,105,6.041946205262465,1.1990885757531715,6.055066940935329,1.1630396507653449
1.8814565070095055,0.03831790057254477,2.3445575556034606,-2.3448706551312184,105,6.044508510763865,1.200021178686778,6.057614004609626,1.1640141302747495
1.8841832555703888,0.0382733364514896,2.3418308070439355,-2.34214354243183,105,6.047070816265267,1.2009537816203844,6.060161068283956,1.1649886097840632
1.886910004131272,0.03822877233053128,2.339104058484411,-2.3394164297324433,105,6.049633121766667,1.2018863845539909,6.06270813195832,1.165963089293286
1.8896367526921554,0.038184208209669994,2.3363773099248877,-2.3366893170330583,105,6.052195427268067,1.2028189874875972,6.065255195632716,1.1669375688024175
1.8923635012530386,0.038139644088905945,2.3336505613653653,-2.3339622043336745,105,6.054757732769469,1.2037515904212035,6.067802259307146,1.1679120483114576
1.895090249813922,0.03809507996823931,2.330923812805844,-2.3312350916342925,105,6.057320038270869,1.2046841933548098,6.070349322981609,1.1688865278204061
1.8978169983748052,0.038050515847670295,2.328197064246324,-2.3285079789349123,105,6.059882343772269,1.2056167962884161,6.0728963866561045,1.169861007329263
1.9005437469356885,0.03800595172719908,2.3254703156868053,-2.3257808662355335,105,6.0624446492736705,1.2065493992220224,6.075443450330636,1.170835486838028
1.9032704954965718,0.03796138760682587,2.3227435671272874,-2.3230537535361564,105,6.065006954775071,1.207482002155629,6.077990514005198,1.171809966346701
1.905997244057455,0.03791682348655083,2.3200168185677703,-2.3203266408367806,105,6.067569260276471,1.2084146050892353,6.080537577679795,1.1727844458552816
1.9087239926183384,0.03787225936637416,2.317290070008254,-2.3175995281374067,105,6.0701315657778725,1.2093472080228418,6.083084641354427,1.17375892536377
1.9114507411792216,0.03782769524629606,2.31456332144874,-2.3148724154380345,105,6.072693871279273,1.210279810956448,6.0856317050290905,1.1747334048721654
1.914177489740105,0.037783131126316725,2.311836572889226,-2.3121453027386636,105,6.075256176780673,1.2112124138900544,6.088178768703789,1.175707884380468
1.9169042383009882,0.03773856700643634,2.3091098243297137,-2.3094181900392945,105,6.077818482282074,1.2121450168236607,6.090725832378521,1.1766823638886779
1.9196309868618715,0.037694002886655094,2.3063830757702024,-2.306691077339927,105,6.080380787783475,1.213077619757267,6.0932728960532865,1.1776568433967944
1.9223577354227548,0.03764943876697319,2.3036563272106916,-2.303963964640561,105,6.082943093284875,1.2140102226908733,6.095819959728086,1.1786313229048178
1.925084483983638,0.03760487464739079,2.3009295786511816,-2.301236851941197,105,6.0855053987862755,1.2149428256244799,6.09836702340292,1.1796058024127476
1.9278112325445214,0.0375603105279081,2.2982028300916735,-2.2985097392418345,105,6.088067704287676,1.2158754285580862,6.100914087077787,1.1805802819205835
1.9305379811054046,0.03751574640852531,2.2954760815321658,-2.2957826265424734,105,6.090630009789077,1.2168080314916927,6.103461150752691,1.181554761428326
1.933264729666288,0.03747118228924263,2.292749332972659,-2.293055513843114,105,6.0931923152904774,1.217740634425299,6.106008214427626,1.182529240935974
1.9359914782271712,0.03742661817006023,2.290022584413154,-2.2903284011437566,105,6.095754620791878,1.2186732373589053,6.108555278102597,1.183503720443528
1.9387182267880545,0.037382054050978324,2.2872958358536493,-2.2876012884444004,105,6.098316926293279,1.2196058402925116,6.1111023417776025,1.1844781999509872
1.9414449753489378,0.03733748993199708,2.284569087294145,-2.284874175745046,105,6.100879231794679,1.220538443226118,6.113649405452642,1.185452679458352
1.944171723909821,0.03729292581311669,2.2818423387346423,-2.2821470630456933,105,6.10344153729608,1.2214710461597242,6.116196469127715,1.1864271589656221
1.9468984724707044,0.03724836169433736,2.2791155901751408,-2.279419950346342,105,6.106003842797481,1.2224036490933305,6.118743532802824,1.1874016384727972
1.9496252210315876,0.03720379757565928,2.27638884161564,-2.2766928376469924,105,6.108566148298881,1.223336252026937,6.121290596477968,1.1883761179798773
1.952351969592471,0.03715923345708265,2.273662093056141,-2.2739657249476446,105,6.111128453800282,1.2242688549605434,6.123837660153145,1.189350597486862
1.9550787181533542,0.03711466933860764,2.2709353444966416,-2.2712386122482986,105,6.113690759301683,1.22520145789415,6.126384723828358,1.1903250769937512
1.9578054667142375,0.037070105220234455,2.268208595937144,-2.268511499548954,105,6.116253064803083,1.2261340608277562,6.128931787503605,1.1912995565005446
1.9605322152751208,0.03702554110196329,2.265481847377647,-2.265784386849611,105,6.118815370304484,1.2270666637613625,6.131478851178888,1.1922740360072421
1.963258963836004,0.036980976983794316,2.262755098818151,-2.26305727415027,105,6.121377675805885,1.2279992666949688,6.134025914854205,1.1932485155138437
1.9659857123968874,0.03693641286572774,2.260028350258656,-2.2603301614509306,105,6.123939981307285,1.2289318696285751,6.136572978529557,1.1942229950203491
1.9687124609577706,0.03689184874776375,2.2573016016991616,-2.2576030487515926,105,6.126502286808686,1.2298644725621815,6.139120042204945,1.195197474526758
1.971439209518654,0.03684728462990255,2.2545748531396685,-2.2548759360522563,105,6.129064592310086,1.230797075495788,6.141667105880367,1.1961719540330704
1.9741659580795372,0.036802720512144324,2.2518481045801764,-2.252148823352922,105,6.131626897811487,1.2317296784293943,6.144214169555825,1.197146433539286
1.9768927066404205,0.03675815639448926,2.249121356020685,-2.249421710653589,105,6.1341892033128875,1.2326622813630008,6.1467612332313175,1.198120913045405
1.9796194552013038,0.036713592276937546,2.2463946074611947,-2.2466945979542583,105,6.136751508814288,1.2335948842966071,6.149308296906846,1.1990953925514263
1.982346203762187,0.03666902815948939,2.243667858901705,-2.2439674852549287,105,6.139313814315688,1.2345274872302134,6.15185536058241,1.2000698720573506
1.9850729523230703,0.03662446404214497,2.2409411103422157,-2.241240372555601,105,6.1418761198170895,1.2354600901638197,6.154402424258009,1.2010443515631772
1.9877997008839536,0.03657989992490448,2.2382143617827284,-2.238513259856275,105,6.14443842531849,1.236392693097426,6.156949487933644,1.2020188310689062
1.990526449444837,0.03653533580776814,2.235487613223242,-2.2357861471569507,105,6.14700073081989,1.2373252960310324,6.1594965516093145,1.2029933105745374
1.9932531980057202,0.03649077169073611,2.2327608646637556,-2.233059034457628,105,6.149563036321291,1.238257898964639,6.162043615285021,1.2039677900800707
1.9959799465666035,0.03644620757380859,2.2300341161042705,-2.2303319217583075,105,6.152125341822692,1.2391905018982452,6.164590678960763,1.2049422695855057
1.9987066951274868,0.03640164345698577,2.2273073675447863,-2.227604809058988,105,6.154687647324092,1.2401231048318517,6.16713774263654,1.2059167490908425
2.00143344368837,0.036357079340267856,2.224580618985303,-2.2248776963596706,105,6.157249952825493,1.241055707765458,6.169684806312354,1.2068912285960804
2.0041601922492536,0.03631251522365503,2.22185387042582,-2.222150583660355,105,6.159812258326894,1.2419883106990643,6.172231869988203,1.2078657081012196
2.006886940810137,0.03626795110714747,2.219127121866338,-2.2194234709610408,105,6.162374563828295,1.2429209136326709,6.17477893366409,1.2088401876062602
2.0096136893710206,0.03622338699074539,2.2164003733068576,-2.2166963582617285,105,6.164936869329695,1.2438535165662774,6.177325997340011,1.2098146671112016
2.012340437931904,0.03617882287444898,2.2136736247473774,-2.213969245562418,105,6.1674991748310966,1.2447861194998837,6.17987306101597,1.2107891466160434
2.0150671864927876,0.03613425875825842,2.2109468761878985,-2.2112421328631093,105,6.170061480332497,1.24571872243349,6.182420124691963,1.211763626120786
2.017793935053671,0.03608969464217392,2.20822012762842,-2.2085150201638024,105,6.172623785833898,1.2466513253670966,6.1849671883679935,1.212738105625429
2.0205206836145546,0.03604513052619563,2.205493379068942,-2.2057879074644973,105,6.1751860913352985,1.247583928300703,6.1875142520440605,1.2137125851299722
2.023247432175438,0.03600056641032377,2.2027666305094655,-2.2030607947651935,105,6.1777483968367,1.2485165312343094,6.190061315720164,1.214687064634415
2.0259741807363216,0.03595600229455855,2.2000398819499893,-2.2003336820658914,105,6.180310702338101,1.249449134167916,6.192608379396304,1.215661544138758
2.028700929297205,0.03591143817890015,2.197313133390514,-2.197606569366591,105,6.182873007839501,1.2503817371015225,6.19515544307248,1.2166360236430005
2.0314276778580886,0.03586687406334876,2.1945863848310396,-2.1948794566672927,105,6.185435313340902,1.2513143400351288,6.1977025067486915,1.2176105031471425
2.034154426418972,0.03582230994790456,2.1918596362715657,-2.192152343967996,105,6.187997618842303,1.252246942968735,6.200249570424941,1.2185849826511834
2.0368811749798557,0.03577774583256775,2.1891328877120926,-2.189425231268701,105,6.190559924343704,1.2531795459023416,6.202796634101228,1.2195594621551238
2.039607923540739,0.03573318171063491,2.1864061390646854,-2.186698118569298,106,6.1931222298451045,1.2541121488359481,6.205343697775258,1.2205339416652625
2.0423346721016227,0.035688617587615094,2.1836793904895613,-2.1839710058698776,106,6.195684535346506,1.2550447517695544,6.207890761448916,1.2215084211764222
2.045061420662506,0.0356440534644829,2.1809526419272074,-2.181243893170455,106,6.198246840847906,1.255977354703161,6.210437825122536,1.2224829006876878
2.0477881692233897,0.03559948934141065,2.1782258933671077,-2.178516780471034,106,6.200809146349307,1.2569099576367675,6.212984888796177,1.2234573801988973
2.050514917784273,0.0355549252184289,2.1754991448074055,-2.1757896677716144,106,6.203371451850708,1.2578425605703738,6.215531952469848,1.2244318597100212
2.0532416663451567,0.0355103610955432,2.172772396247774,-2.173062555072196,106,6.205933757352109,1.25877516350398,6.218079016143553,1.225406339221055
2.05596841490604,0.035465796972754676,2.1700456476881556,-2.1703354423727794,106,6.208496062853509,1.2597077664375869,6.22062607981729,1.226380818731998
2.0586951634669237,0.03542123285006364,2.1673188991285404,-2.1676083296733646,106,6.2110583683549105,1.2606403693711932,6.223173143491061,1.2273552982428488
2.0614219120278072,0.03537666872747032,2.164592150568926,-2.164881216973951,106,6.213620673856312,1.2615729723047995,6.225720207164866,1.228329777753608
2.0641486605886907,0.0353321046049749,2.161865402009312,-2.1621541042745394,106,6.216182979357712,1.262505575238406,6.228267270838703,1.2293042572642752
2.0668754091495742,0.03528754048257754,2.1591386534496992,-2.159426991575129,106,6.2187452848591125,1.2634381781720125,6.230814334512574,1.2302787367748504
2.0696021577104577,0.03524297636027843,2.1564119048900867,-2.1566998788757203,106,6.221307590360514,1.2643707811056188,6.233361398186479,1.231253216285333
2.0723289062713413,0.035198412238077736,2.1536851563304755,-2.1539727661763135,106,6.223869895861915,1.2653033840392254,6.235908461860418,1.2322276957957232
2.0750556548322248,0.03515384811597564,2.1509584077708643,-2.151245653476908,106,6.226432201363315,1.266235986972832,6.23845552553439,1.233202175306021
2.0777824033931083,0.03510928399397231,2.148231659211254,-2.1485185407775043,106,6.228994506864716,1.2671685899064382,6.241002589208396,1.2341766548162256
2.0805091519539918,0.03506471987206794,2.145504910651644,-2.145791428078102,106,6.231556812366117,1.2681011928400445,6.243549652882436,1.2351511343263373
2.0832359005148753,0.035020155750262676,2.1427781620920348,-2.1430643153787012,106,6.234119117867518,1.269033795773651,6.24609671655651,1.2361256138363559
2.085962649075759,0.034975591628556714,2.1400514135324267,-2.1403372026793024,106,6.2366814233689185,1.2699663987072576,6.248643780230617,1.2371000933462815
2.0886893976366423,0.03493102750695023,2.1373246649728186,-2.137610089979905,106,6.23924372887032,1.270899001640864,6.25119084390476,1.238074572856113
2.091416146197526,0.03488646338544339,2.1345979164132114,-2.134882977280509,106,6.24180603437172,1.2718316045744704,6.253737907578935,1.2390490523658515
2.0941428947584093,0.03484189926403639,2.131871167853605,-2.132155864581115,106,6.244368339873121,1.272764207508077,6.256284971253145,1.240023531875496
2.096869643319293,0.03479733514272938,2.1291444192939992,-2.1294287518817225,106,6.246930645374522,1.2736968104416833,6.258832034927389,1.2409980113850463
2.0995963918801763,0.034752771021522556,2.126417670734394,-2.1267016391823317,106,6.249492950875923,1.2746294133752896,6.261379098601668,1.2419724908945025
2.10232314044106,0.034708206900416066,2.123690922174789,-2.1239745264829426,106,6.252055256377323,1.2755620163088963,6.263926162275981,1.2429469704038647
2.1050498890019433,0.0346636427794101,2.1209641736151847,-2.1212474137835553,106,6.2546175618787245,1.2764946192425026,6.266473225950328,1.2439214499131321
2.107776637562827,0.03461907865850483,2.118237425055581,-2.1185203010841693,106,6.257179867380126,1.277427222176109,6.26902028962471,1.244895929422305
2.1105033861237104,0.03457451453770043,2.115510676495978,-2.115793188384785,106,6.259742172881526,1.2783598251097155,6.271567353299126,1.2458704089313832
2.113230134684594,0.03452995041699708,2.1127839279363756,-2.1130660756854027,106,6.2623044783829265,1.279292428043322,6.274114416973576,1.2468448884403665
2.1159568832454774,0.03448538629639495,2.1100571793767737,-2.1103389629860216,106,6.264866783884328,1.2802250309769283,6.276661480648062,1.2478193679492544
2.118683631806361,0.03444082217589421,2.1073304308171723,-2.1076118502866423,106,6.267429089385729,1.2811576339105348,6.279208544322582,1.2487938474580473
2.1214103803672444,0.03439625805549505,2.1046036822575713,-2.104884737587265,106,6.269991394887129,1.2820902368441414,6.281755607997137,1.2497683269667448
2.124137128928128,0.03435169393519762,2.1018769336979712,-2.102157624887889,106,6.2725537003885306,1.2830228397777477,6.2843026716717265,1.2507428064753463
2.1268638774890114,0.03430712981500213,2.0991501851383716,-2.0994305121885146,106,6.275116005889931,1.283955442711354,6.28684973534635,1.2517172859838521
2.129590626049895,0.034262565694908716,2.096423436578772,-2.096703399489142,106,6.277678311391332,1.2848880456449605,6.289396799021009,1.2526917654922622
2.1323173746107784,0.03421800157491757,2.093696688019173,-2.093976286789771,106,6.280240616892733,1.285820648578567,6.291943862695704,1.2536662450005764
2.135044123171662,0.034173437455028856,2.0909699394595753,-2.091249174090402,106,6.282802922394134,1.2867532515121733,6.294490926370433,1.2546407245087938
2.1377708717325454,0.03412887333524276,2.0882431908999775,-2.0885220613910342,106,6.285365227895534,1.2876858544457799,6.297037990045197,1.2556152040169153
2.140497620293429,0.034084309215559445,2.0855164423403805,-2.0857949486916683,106,6.287927533396935,1.2886184573793864,6.299585053719997,1.25658968352494
2.1432243688543124,0.03403974509597908,2.082789693780783,-2.083067835992304,106,6.290489838898337,1.2895510603129927,6.302132117394833,1.2575641630328678
2.145951117415196,0.03399518097650185,2.0800629452211874,-2.0803407232929416,106,6.293052144399737,1.290483663246599,6.304679181069702,1.2585386425406986
2.1486778659760795,0.03395061685712793,2.0773361966615917,-2.077613610593581,106,6.295614449901137,1.2914162661802056,6.307226244744607,1.2595131220484328
2.151404614536963,0.03390605273785748,2.074609448101996,-2.0748864978942216,106,6.2981767554025385,1.292348869113812,6.309773308419548,1.2604876015560695
2.1541313630978465,0.03386148861869068,2.071882699542401,-2.072159385194864,106,6.30073906090394,1.2932814720474184,6.312320372094525,1.2614620810636086
2.15685811165873,0.033816924499627685,2.0691559509828066,-2.0694322724955083,106,6.30330136640534,1.294214074981025,6.314867435769536,1.2624365605710506
2.1595848602196135,0.03377236038066868,2.0664292024232127,-2.0667051597961543,106,6.3058636719067405,1.2951466779146315,6.317414499444583,1.2634110400783947
2.162311608780497,0.033727796261813846,2.063702453863619,-2.063978047096802,106,6.308425977408142,1.2960792808482378,6.319961563119666,1.2643855195856406
2.1650383573413805,0.03368323214306333,2.0609757053040254,-2.0612509343974517,106,6.310988282909543,1.2970118837818443,6.322508626794785,1.2653599990927888
2.167765105902264,0.03363866802441733,2.0582489567444333,-2.0585238216981026,106,6.313550588410944,1.2979444867154508,6.32505569046994,1.266334478599839
2.1704918544631475,0.03359410390587601,2.0555222081848408,-2.055796708998755,106,6.3161128939123445,1.2988770896490571,6.327602754145129,1.2673089581067902
2.173218603024031,0.03354953978743953,2.0527954596252482,-2.0530695962994097,106,6.318675199413745,1.2998096925826634,6.330149817820355,1.2682834376136431
2.1759453515849145,0.03350497566910806,2.0500687110656566,-2.050342483600066,106,6.321237504915146,1.30074229551627,6.332696881495617,1.2692579171203977
2.178672100145798,0.033460411550881766,2.0473419625060654,-2.047615370900724,106,6.323799810416547,1.3016748984498765,6.335243945170916,1.2702323966270532
2.1813988487066815,0.03341584743276083,2.044615213946475,-2.0448882582013836,106,6.326362115917948,1.3026075013834828,6.337791008846249,1.2712068761336097
2.184125597267565,0.03337128331474543,2.0418884653868843,-2.042161145502045,106,6.328924421419348,1.3035401043170893,6.340338072521619,1.2721813556400672
2.1868523458284486,0.033326719196835726,2.0391617168272944,-2.039434032802708,106,6.331486726920749,1.3044727072506959,6.342885136197025,1.2731558351464252
2.189579094389332,0.03328215507903189,2.036434968267704,-2.0367069201033727,106,6.334049032422151,1.3054053101843022,6.345432199872468,1.2741303146526837
2.1923058429502156,0.033237590961334086,2.0337082197081147,-2.033979807404039,106,6.336611337923551,1.3063379131179085,6.347979263547947,1.2751047941588423
2.195032591511099,0.03319302684374248,2.0309814711485252,-2.0312526947047074,106,6.339173643424951,1.307270516051515,6.35052632722346,1.2760792736649016
2.1977593400719826,0.03314846272625723,2.0282547225889362,-2.0285255820053774,106,6.3417359489263525,1.3082031189851215,6.353073390899012,1.2770537531708608
2.200486088632866,0.03310389860887854,2.025527974029348,-2.025798469306049,106,6.344298254427754,1.3091357219187278,6.3556204545746,1.2780282326767196
2.2032128371937496,0.03305933449160655,2.0228012254697596,-2.0230713566067227,106,6.346860559929154,1.3100683248523344,6.358167518250225,1.2790027121824785
2.205939585754633,0.03301477037444143,2.0200744769101715,-2.020344243907398,106,6.3494228654305545,1.311000927785941,6.360714581925885,1.279977191688137
2.2086663343155166,0.03297020625738335,2.017347728350584,-2.017617131208075,106,6.351985170931956,1.3119335307195472,6.3632616456015825,1.2809516711936946
2.2113930828764,0.032925642140432476,2.0146209797909966,-2.014890018508754,106,6.354547476433357,1.3128661336531535,6.365808709277317,1.2819261506991515
2.2141198314372836,0.03288107802358898,2.0118942312314094,-2.0121629058094346,106,6.357109781934758,1.3137987365867603,6.368355772953088,1.2829006302045078
2.216846579998167,0.03283651390685302,2.009167482671823,-2.009435793110117,106,6.3596720874361585,1.3147313395203666,6.370902836628895,1.283875109709763
2.2195733285590507,0.032791949790224775,2.0064407341122363,-2.006708680410801,106,6.362234392937559,1.315663942453973,6.373449900304739,1.2848495892149165
2.222300077119934,0.03274738567370441,2.00371398555265,-2.003981567711487,106,6.36479669843896,1.3165965453875794,6.375996963980621,1.2858240687199691
2.2250268256808177,0.032702821557292074,2.000987236993064,-2.001254455012175,106,6.367359003940361,1.317529148321186,6.37854402765654,1.2867985482249202
2.227753574241701,0.03265825744098795,1.9982604884334783,-1.9985273423128642,106,6.369921309441762,1.3184617512547923,6.381091091332495,1.2877730277297694
2.2304803228025847,0.0326136933247922,1.9955337398738924,-1.9958002296135553,106,6.372483614943162,1.3193943541883988,6.383638155008486,1.288747507234517
2.233207071363468,0.032569129208704986,1.9928069913143067,-1.9930731169142482,106,6.375045920444563,1.3203269571220053,6.386185218684517,1.2897219867391625
2.2359338199243517,0.03252456509272647,1.9900802427547215,-1.9903460042149428,106,6.3776082259459645,1.3212595600556116,6.388732282360584,1.2906964662437055
2.238660568485235,0.032480000976856827,1.987353494195136,-1.9876188915156392,106,6.380170531447365,1.322192162989218,6.391279346036687,1.2916709457481463
2.2413873170461187,0.03243543686109619,1.9846267456355509,-1.9848917788163374,106,6.382732836948765,1.3231247659228245,6.393826409712828,1.292645425252485
2.244114065607002,0.032390872745444756,1.9818999970759663,-1.9821646661170373,106,6.3852951424501665,1.324057368856431,6.396373473389007,1.2936199047567212
2.2468408141678857,0.03234630862990267,1.9791732485163813,-1.979437553417739,106,6.387857447951568,1.3249899717900373,6.398920537065223,1.294594384260854
2.2495675627287692,0.03230174451447009,1.9764464999567968,-1.9767104407184426,106,6.390419753452969,1.3259225747236438,6.401467600741477,1.2955688637648846
2.2522943112896527,0.032257180399147205,1.9737197513972122,-1.9739833280191479,106,6.392982058954369,1.3268551776572504,6.404014664417767,1.2965433432688118
2.2550210598505362,0.032212616283934146,1.9709930028376275,-1.971256215319855,106,6.39554436445577,1.3277877805908567,6.406561728094095,1.2975178227726356
2.2577478084114198,0.0321680521688311,1.9682662542780434,-1.9685291026205638,106,6.398106669957171,1.328720383524463,6.409108791770462,1.2984923022763561
2.2604745569723033,0.0321234880538382,1.9655395057184593,-1.9658019899212746,106,6.400668975458572,1.3296529864580697,6.411655855446866,1.2994667817799737
2.2632013055331868,0.03207892393895563,1.9628127571588754,-1.9630748772219873,106,6.4032312809599725,1.330585589391676,6.414202919123307,1.300441261283487
2.2659280540940703,0.032034359824183546,1.9600860085992915,-1.9603477645227017,106,6.405793586461373,1.3315181923252823,6.416749982799786,1.3014157407868965
2.268654802654954,0.031989795709522095,1.9573592600397076,-1.9576206518234178,106,6.408355891962774,1.3324507952588889,6.419297046476304,1.3023902202902022
2.2713815512158373,0.031945231587452425,1.9546325113919354,-1.954893539124013,107,6.410918197464175,1.3333833981924954,6.421844110150287,1.3033646998004693
2.274108299776721,0.03190066746427263,1.9519057628180498,-1.95216642642459,107,6.413480502965576,1.3343160011261017,6.42439117382389,1.3043391793117796
2.2768350483376043,0.03185610334099799,1.949179014256057,-1.9494393137251653,107,6.416042808466976,1.3352486040597082,6.4269382374974615,1.305313658823179
2.279561796898488,0.03181153921779208,1.9464522656959764,-1.9467122010257418,107,6.418605113968377,1.3361812069933148,6.429485301171057,1.306288138334514
2.2822885454593713,0.03176697509468135,1.9437255171362031,-1.9439850883263199,107,6.4211674194697785,1.337113809926921,6.432032364844685,1.3072626178457591
2.285015294020255,0.031722410971670154,1.940998768576479,-1.9412579756268997,107,6.423729724971179,1.3380464128605274,6.4345794285183455,1.3082370973569108
2.2877420425811383,0.03167784684875932,1.9382720200167631,-1.9385308629274811,107,6.42629203047258,1.338979015794134,6.437126492192041,1.3092115768679686
2.290468791142022,0.031633282725949105,1.9355452714570482,-1.935803750228064,107,6.4288543359739805,1.3399116187277404,6.439673555865771,1.3101860563789316
2.2931955397029054,0.03158871860323967,1.9328185228973338,-1.9330766375286488,107,6.431416641475382,1.3408442216613468,6.442220619539536,1.3111605358897997
2.295922288263789,0.031544154480631165,1.9300917743376194,-1.930349524829235,107,6.433978946976783,1.3417768245949533,6.444767683213335,1.3121350154005733
2.2986490368246724,0.03149959035812374,1.9273650257779051,-1.927622412129823,107,6.436541252478183,1.3427094275285598,6.4473147468871685,1.3131094949112518
2.301375785385556,0.03145502623571753,1.9246382772181907,-1.9248952994304127,107,6.439103557979584,1.3436420304621661,6.449861810561036,1.314083974421835
2.3041025339464394,0.03141046211341269,1.9219115286584763,-1.9221681867310039,107,6.441665863480985,1.3445746333957724,6.45240887423494,1.3150584539323231
2.306829282507323,0.031365897991209354,1.9191847800987616,-1.9194410740315968,107,6.444228168982386,1.345507236329379,6.454955937908878,1.3160329334427159
2.3095560310682064,0.03132133386910767,1.9164580315390474,-1.9167139613321913,107,6.4467904744837865,1.3464398392629855,6.457503001582849,1.3170074129530132
2.31228277962909,0.03127676974710779,1.9137312829793331,-1.9139868486327876,107,6.449352779985187,1.3473724421965918,6.460050065256857,1.3179818924632145
2.3150095281899734,0.031232205625209834,1.911004534419618,-1.9112597359333854,107,6.451915085486588,1.3483050451301983,6.4625971289308985,1.3189563719733204
2.317736276750857,0.03118764150341396,1.9082777858599036,-1.908532623233985,107,6.454477390987989,1.3492376480638049,6.465144192604976,1.3199308514833303
2.3204630253117404,0.031143077381720306,1.9055510373001894,-1.9058055105345861,107,6.45703969648939,1.3501702509974112,6.467691256279088,1.320905330993244
2.323189773872624,0.031098513260129024,1.9028242887404745,-1.903078397835189,107,6.45960200199079,1.3511028539310175,6.470238319953235,1.3218798105030614
2.3259165224335074,0.03105394913864024,1.9000975401807603,-1.9003512851357938,107,6.462164307492191,1.3520354568646242,6.472785383627417,1.322854290012783
2.328643270994391,0.031009385017254105,1.8973707916210454,-1.8976241724364,107,6.4647266129935925,1.3529680597982305,6.475332447301635,1.3238287695224078
2.3313700195552745,0.030964820895970743,1.8946440430613305,-1.894897059737008,107,6.467288918494994,1.3539006627318368,6.477879510975887,1.3248032490319357
2.334096768116158,0.03092025677479031,1.8919172945016156,-1.8921699470376176,107,6.469851223996394,1.3548332656654434,6.480426574650174,1.3257777285413674
2.3368235166770415,0.03087569265371294,1.889190545941901,-1.889442834338229,107,6.4724135294977945,1.35576586859905,6.482973638324497,1.3267522080507022
2.339550265237925,0.03083112853273878,1.8864637973821856,-1.886715721638842,107,6.474975834999196,1.3566984715326562,6.485520701998855,1.3277266875599396
2.3422770137988085,0.030786564411867952,1.8837370488224703,-1.8839886089394566,107,6.477538140500597,1.3576310744662627,6.488067765673248,1.3287011670690803
2.345003762359692,0.030742000291100597,1.881010300262755,-1.881261496240073,107,6.480100446001997,1.3585636773998693,6.4906148293476775,1.3296756465781236
2.3477305109205755,0.03069743617043686,1.8782835517030392,-1.8785343835406911,107,6.482662751503398,1.3594962803334756,6.493161893022141,1.3306501260870696
2.350457259481459,0.030652872049876868,1.8755568031433238,-1.875807270841311,107,6.485225057004799,1.360428883267082,6.495708956696641,1.331624605595918
2.3531840080423425,0.03060830792942076,1.8728300545836079,-1.8730801581419325,107,6.4877873625062,1.3613614862006884,6.498256020371176,1.332599085104669
2.355910756603226,0.030563743809068674,1.8701033060238919,-1.8703530454425557,107,6.4903496680076005,1.362294089134295,6.500803084045747,1.333573564613322
2.3586375051641095,0.030519179688820744,1.8673765574641756,-1.8676259327431806,107,6.492911973509001,1.3632266920679013,6.503350147720353,1.334548044121877
2.361364253724993,0.030474615568677105,1.8646498089044594,-1.8648988200438072,107,6.495474279010402,1.3641592950015078,6.505897211394996,1.3355225236303345
2.3640910022858765,0.03043005144863789,1.8619230603447428,-1.8621717073444355,107,6.498036584511803,1.3650918979351143,6.508444275069674,1.3364970031386938
2.36681775084676,0.030385487328703227,1.8591963117850259,-1.8594445946450655,107,6.500598890013205,1.3660245008687206,6.510991338744388,1.3374714826469545
2.3695444994076436,0.030340923208873254,1.8564695632253085,-1.8567174819456973,107,6.503161195514605,1.366957103802327,6.513538402419137,1.3384459621551168
2.372271247968527,0.0302963590891481,1.8537428146655917,-1.8539903692463306,107,6.505723501016005,1.3678897067359337,6.516085466093921,1.339420441663181
2.3749979965294106,0.030251794969527904,1.8510160661058737,-1.8512632565469658,107,6.5082858065174065,1.36882230966954,6.518632529768743,1.3403949211711463
2.377724745090294,0.030207230850012787,1.8482893175461559,-1.8485361438476027,107,6.510848112018808,1.3697549126031463,6.5211795934436,1.341369400679013
2.3804514936511776,0.03016266673060288,1.845562568986438,-1.8458090311482414,107,6.513410417520208,1.3706875155367528,6.523726657118493,1.3423438801867806
2.383178242212061,0.03011810261129832,1.8428358204267195,-1.8430819184488816,107,6.5159727230216085,1.3716201184703594,6.526273720793422,1.3433183596944496
2.3859049907729446,0.03007353849209923,1.8401090718670008,-1.8403548057495236,107,6.51853502852301,1.3725527214039657,6.528820784468388,1.344292839202019
2.388631739333828,0.030028974373005734,1.837382323307282,-1.8376276930501674,107,6.521097334024411,1.3734853243375722,6.531367848143389,1.3452673187094895
2.3913584878947116,0.02998441025401797,1.8346555747475624,-1.834900580350813,107,6.523659639525811,1.3744179272711787,6.533914911818426,1.3462417982168606
2.394085236455595,0.02993984613513605,1.8319288261878426,-1.83217346765146,107,6.526221945027212,1.375350530204785,6.536461975493499,1.347216277724132
2.3968119850164786,0.02989528201636011,1.8292020776281228,-1.829446354952109,107,6.528784250528613,1.3762831331383913,6.53900903916861,1.348190757231304
2.399538733577362,0.02985071789769028,1.8264753290684022,-1.8267192422527596,107,6.531346556030014,1.3772157360719979,6.5415561028437565,1.3491652367383764
2.4022654821382456,0.029806153779126675,1.8237485805086813,-1.823992129553412,107,6.5339088615314145,1.3781483390056044,6.544103166518938,1.350139716245349
2.404992230699129,0.02976158966066942,1.8210218319489602,-1.8212650168540663,107,6.536471167032815,1.3790809419392107,6.546650230194157,1.3511141957522215
2.4077189792600127,0.029717025542318642,1.818295083389239,-1.818537904154722,107,6.539033472534216,1.3800135448728172,6.549197293869413,1.352088675258994
2.410445727820896,0.029672461424074467,1.8155683348295168,-1.8158107914553796,107,6.541595778035617,1.3809461478064238,6.551744357544704,1.3530631547656664
2.4131724763817797,0.029627897305937012,1.8128415862697944,-1.813083678756039,107,6.5441580835370186,1.38187875074003,6.554291421220033,1.3540376342722382
2.415899224942663,0.02958333318790641,1.8101148377100718,-1.8103565660567,107,6.546720389038419,1.3828113536736364,6.556838484895398,1.35501211377871
2.4186259735035467,0.02953876906998275,1.8073880891503482,-1.807629453357363,107,6.549282694539819,1.3837439566072431,6.559385548570798,1.3559865932850812
2.42135272206443,0.029494204952166182,1.8046613405906249,-1.8049023406580276,107,6.5518450000412205,1.3846765595408494,6.5619326122462365,1.3569610727913517
2.4240794706253137,0.029449640834456815,1.8019345920309007,-1.802175227958694,107,6.554407305542622,1.3856091624744558,6.564479675921712,1.3579355522975212
2.426806219186197,0.02940507671685477,1.799207843471176,-1.7994481152593622,107,6.556969611044022,1.3865417654080623,6.567026739597223,1.3589100318035903
2.4295329677470807,0.029360512599360157,1.796481094911451,-1.796721002560032,107,6.5595319165454224,1.3874743683416688,6.56957380327277,1.3598845113095583
2.4322597163079642,0.0293159484819731,1.7937543463517254,-1.7939938898607035,107,6.562094222046824,1.3884069712752751,6.572120866948356,1.3608589908154252
2.4349864648688477,0.029271384364693717,1.7910275977919992,-1.7912667771613768,107,6.564656527548225,1.3893395742088817,6.574667930623978,1.361833470321191
2.4377132134297312,0.029226820247522118,1.7883008492322725,-1.788539664462052,107,6.567218833049625,1.3902721771424882,6.577214994299636,1.3628079498268555
2.4404399619906147,0.029182256130458415,1.7855741006725452,-1.7858125517627288,107,6.569781138551026,1.3912047800760945,6.579762057975331,1.3637824293324183
2.4431667105514983,0.029137692013502723,1.7828473521128172,-1.7830854390634074,107,6.572343444052427,1.3921373830097008,6.582309121651064,1.3647569088378797
2.4458934591123818,0.029093127896655156,1.7801206035530892,-1.7803583263640879,107,6.574905749553828,1.3930699859433073,6.584856185326834,1.3657313883432398
2.4486202076732653,0.029048563779915826,1.7773938549933603,-1.77763121366477,107,6.577468055055229,1.3940025888769139,6.587403249002641,1.366705867848498
2.4513469562341488,0.029003999663284843,1.7746671064336308,-1.774904100965454,107,6.58003036055663,1.3949351918105202,6.589950312678484,1.3676803473536543
2.4540737047950323,0.028959435546762315,1.7719403578739006,-1.7721769882661398,107,6.58259266605803,1.3958677947441267,6.592497376354364,1.3686548268587089
2.456800453355916,0.028914871430348356,1.7692136093141704,-1.7694498755668273,107,6.585154971559431,1.3968003976777332,6.595044440030282,1.3696293063636615
2.4595272019167993,0.02887030731404308,1.766486860754439,-1.7667227628675166,107,6.5877172770608325,1.3977330006113395,6.597591503706237,1.3706037858685118
2.462253950477683,0.028825743197846577,1.7637601121947066,-1.7639956501682077,107,6.590279582562233,1.3986656035449458,6.6001385673822295,1.3715782653732598
2.4649806990385663,0.028781179081758954,1.7610333636349742,-1.7612685374689006,107,6.592841888063633,1.3995982064785524,6.602685631058258,1.3725527448779058
2.46770744759945,0.028736614965780328,1.7583066150752409,-1.7585414247695952,107,6.5954041935650345,1.400530809412159,6.605232694734325,1.3735272243824492
2.4704341961603333,0.028692050849910795,1.755579866515507,-1.7558143120702916,107,6.597966499066436,1.4014634123457652,6.607779758410429,1.3745017038868899
2.473160944721217,0.028647486734150473,1.7528531179557725,-1.7530871993709898,107,6.600528804567836,1.4023960152793717,6.61032682208657,1.3754761833912283
2.4758876932821003,0.028602922618499452,1.750126369396037,-1.7503600866716897,107,6.603091110069236,1.4033286182129783,6.612873885762748,1.376450662895464
2.478614441842984,0.028558358502957838,1.747399620836301,-1.7476329739723915,107,6.605653415570638,1.4042612211465846,6.615420949438965,1.3774251423995965
2.4813411904038674,0.02851379438752573,1.7446728722765639,-1.744905861273095,107,6.608215721072039,1.405193824080191,6.6179680131152185,1.3783996219036263
2.484067938964751,0.028469230272203223,1.7419461237168263,-1.7421787485738003,107,6.610778026573439,1.4061264270137976,6.620515076791509,1.3793741014075533
2.4867946875256344,0.028424666156990425,1.739219375157088,-1.7394516358745074,107,6.6133403320748405,1.407059029947404,6.623062140467838,1.3803485809113771
2.489521436086518,0.02838010204188743,1.736492626597349,-1.7367245231752162,107,6.615902637576241,1.4079916328810103,6.6256092041442045,1.3813230604150974
2.4922481846474014,0.02833553792689434,1.733765878037609,-1.733997410475927,107,6.618464943077642,1.4089242358146168,6.628156267820608,1.382297539918715
2.494974933208285,0.02829097381201124,1.7310391294778686,-1.7312702977766397,107,6.621027248579043,1.4098568387482233,6.63070333149705,1.383272019422229
2.4977016817691684,0.028246409697238233,1.7283123809181271,-1.728543185077354,107,6.623589554080444,1.4107894416818296,6.633250395173529,1.3842464989256393
2.500428430330052,0.02820184558257541,1.725585632358385,-1.7258160723780702,107,6.626151859581844,1.4117220446154362,6.635797458850044,1.3852209784289464
2.5031551788909354,0.028157281468022866,1.7228588837986416,-1.7230889596787882,107,6.628714165083245,1.4126546475490427,6.6383445225266,1.3861954579321498
2.505881927451819,0.028112717353580688,1.7201321352388976,-1.720361846979508,107,6.6312764705846465,1.413587250482649,6.640891586203192,1.3871699374352493
2.5086086760127024,0.028068153239248973,1.717405386679153,-1.7176347342802294,107,6.633838776086047,1.4145198534162553,6.643438649879822,1.3881444169382449
2.511335424573586,0.028023589125027806,1.714678638119407,-1.7149076215809527,107,6.636401081587447,1.4154524563498618,6.645985713556489,1.389118896441137
2.5140621731344694,0.02797902501091728,1.7119518895596604,-1.712180508881678,107,6.6389633870888485,1.4163850592834684,6.648532777233195,1.390093375943925
2.516788921695353,0.02793446089691747,1.7092251409999129,-1.709453396182405,107,6.64152569259025,1.4173176622170747,6.651079840909938,1.3910678554466087
2.5195156702562365,0.02788989678302847,1.7064983924401644,-1.7067262834831338,107,6.64408799809165,1.4182502651506812,6.653626904586719,1.3920423349491886
2.52224241881712,0.02784533266061133,1.7037716437920767,-1.7039991707837232,108,6.64665030359305,1.4191828680842877,6.656173968260584,1.3930168144597823
2.5249691673780035,0.027800768537056486,1.7010448952195782,-1.701272058084294,108,6.649212609094452,1.420115471017894,6.65872103193406,1.393991293971445
2.527695915938887,0.027756204413424683,1.6983181466579105,-1.6985449453848636,108,6.651774914595853,1.4210480739515003,6.661268095607509,1.39496577348318
2.5304226644997705,0.027711640289867997,1.6955913980977912,-1.6958178326854343,108,6.654337220097254,1.421980676885107,6.6638151592809844,1.3959402529948446
2.533149413060654,0.02766707616640827,1.692864649537893,-1.6930907199860066,108,6.6568995255986545,1.4229132798187134,6.666362222954492,1.3969147325064177
2.5358761616215375,0.0276225120430487,1.6901379009780255,-1.6903636072865806,108,6.659461831100055,1.4238458827523197,6.6689092866280335,1.397889212017897
2.538602910182421,0.0275779479197898,1.6874111524181616,-1.6876364945871563,108,6.662024136601456,1.4247784856859262,6.67145635030161,1.3988636915292816
2.5413296587433045,0.027533383796631707,1.6846844038582975,-1.6849093818877336,108,6.664586442102857,1.4257110886195328,6.674003413975222,1.3998381710405716
2.544056407304188,0.027488819673574506,1.6819576552984328,-1.6821822691883126,108,6.667148747604258,1.426643691553139,6.676550477648867,1.4008126505517666
2.5467831558650715,0.027444255550618288,1.679230906738567,-1.6794551564888933,108,6.669711053105658,1.4275762944867456,6.679097541322546,1.4017871300628668
2.549509904425955,0.027399691427763113,1.6765041581787004,-1.6767280437894756,108,6.672273358607059,1.4285088974203521,6.6816446049962614,1.4027616095738722
2.5522366529868385,0.027355127305009056,1.6737774096188325,-1.6740009310900594,108,6.6748356641084605,1.4294415003539584,6.684191668670011,1.4037360890847823
2.554963401547722,0.02731056318235619,1.6710506610589644,-1.671273818390645,108,6.677397969609861,1.4303741032875648,6.686738732343795,1.4047105685955972
2.5576901501086056,0.027265999059804594,1.668323912499095,-1.6685467056912322,108,6.679960275111261,1.4313067062211713,6.689285796017613,1.4056850481063174
2.560416898669489,0.027221434937354325,1.6655971639392246,-1.6658195929918211,108,6.6825225806126625,1.4322393091547778,6.691832859691466,1.4066595276169422
2.5631436472303726,0.027176870815005465,1.662870415379353,-1.6630924802924116,108,6.685084886114064,1.4331719120883841,6.6943799233653545,1.4076340071274716
2.565870395791256,0.027132306692758065,1.6601436668194807,-1.660365367593004,108,6.687647191615465,1.4341045150219907,6.696926987039278,1.4086084866379058
2.5685971443521396,0.027087742570612198,1.6574169182596072,-1.6576382548935977,108,6.690209497116865,1.4350371179555972,6.699474050713235,1.4095829661482446
2.571323892913023,0.027043178448567927,1.654690169699733,-1.6549111421941933,108,6.692771802618266,1.4359697208892035,6.702021114387226,1.4105574456584877
2.5740506414739066,0.026998614326625318,1.6519634211398575,-1.6521840294947905,108,6.695334108119667,1.4369023238228098,6.704568178061254,1.4115319251686351
2.57677739003479,0.026954050204784436,1.6492366725799814,-1.6494569167953894,108,6.697896413621068,1.4378349267564163,6.707115241735315,1.4125064046786875
2.5795041385956736,0.026909486083045338,1.6465099240201038,-1.64672980409599,108,6.7004587191224685,1.4387675296900229,6.709662305409411,1.413480884188644
2.582230887156557,0.026864921961408085,1.6437831754602255,-1.6440026913965922,108,6.703021024623869,1.4397001326236292,6.712209369083542,1.4144553636985047
2.5849576357174406,0.026820357839872744,1.6410564269003456,-1.641275578697196,108,6.70558333012527,1.4406327355572357,6.714756432757709,1.4154298432082697
2.587684384278324,0.026775793718439356,1.638329678340465,-1.6385484659978016,108,6.708145635626671,1.4415653384908422,6.71730349643191,1.416404322717939
2.5904111328392077,0.02673122959710799,1.635602929780583,-1.6358213532984087,108,6.710707941128072,1.4424979414244485,6.719850560106146,1.4173788022275122
2.593137881400091,0.026686665475878692,1.6328761812207,-1.6330942405990176,108,6.713270246629472,1.443430544358055,6.722397623780416,1.4183532817369897
2.5958646299609747,0.02664210135475152,1.6301494326608161,-1.6303671278996281,108,6.715832552130873,1.4443631472916616,6.724944687454722,1.4193277612463713
2.598591378521858,0.02659753723372652,1.6274226841009305,-1.6276400152002404,108,6.7183948576322745,1.445295750225268,6.7274917511290635,1.4203022407556567
2.6013181270827417,0.02655297311280375,1.624695935541044,-1.6249129025008542,108,6.720957163133675,1.4462283531588742,6.7300388148034385,1.4212767202648457
2.604044875643625,0.02650840899198325,1.6219691869811563,-1.6221857898014698,108,6.723519468635076,1.4471609560924807,6.73258587847785,1.4222511997739393
2.6067716242045087,0.026463844871265074,1.6192424384212674,-1.619458677102087,108,6.7260817741364765,1.4480935590260873,6.735132942152295,1.4232256792829365
2.609498372765392,0.026419280750649272,1.6165156898613773,-1.6167315644027058,108,6.728644079637878,1.4490261619596936,6.737680005826776,1.4242001587918371
2.6122251213262757,0.026374716630135884,1.6137889413014859,-1.6140044517033263,108,6.731206385139279,1.4499587648933001,6.740227069501292,1.425174638300642
2.614951869887159,0.026330152509724952,1.6110621927415931,-1.6112773390039485,108,6.733768690640679,1.4508913678269066,6.742774133175842,1.4261491178093504
2.6176786184480427,0.026285588389416525,1.6083354441816995,-1.6085502263045723,108,6.73633099614208,1.451823970760513,6.745321196850427,1.4271235973179623
2.6204053670089262,0.02624102426921063,1.6056086956218045,-1.605823113605198,108,6.738893301643481,1.4527565736941193,6.747868260525048,1.428098076826478
2.6231321155698097,0.02619646014910733,1.602881947061908,-1.6030960009058253,108,6.741455607144882,1.4536891766277258,6.750415324199705,1.4290725563348974
2.6258588641306932,0.026151896029106638,1.6001551985020102,-1.6003688882064542,108,6.7440179126462825,1.4546217795613323,6.752962387874395,1.4300470358432205
2.6285856126915768,0.026107331909208602,1.5974284499421114,-1.5976417755070849,108,6.746580218147683,1.4555543824949386,6.755509451549121,1.4310215153514467
2.6313123612524603,0.026062767789413254,1.5947017013822107,-1.594914662807717,108,6.749142523649084,1.4564869854285452,6.758056515223883,1.4319959948595768
2.6340391098133438,0.02601820366972063,1.5919749528223088,-1.5921875501083511,108,6.751704829150485,1.4574195883621517,6.76060357889868,1.4329704743676104
2.6367658583742273,0.02597363955013076,1.5892482042624059,-1.5894604374089867,108,6.754267134651886,1.458352191295758,6.76315064257351,1.433944953875547
2.639492606935111,0.025929075430643676,1.5865214557025011,-1.586733324709624,108,6.756829440153286,1.4592847942293643,6.7656977062483765,1.4349194333833872
2.6422193554959943,0.0258845113112594,1.5837947071425953,-1.584006212010263,108,6.759391745654687,1.460217397162971,6.768244769923279,1.4358939128911312
2.644946104056878,0.025839947191977963,1.5810679585826877,-1.5812790993109036,108,6.7619540511560885,1.4611500000965774,6.770791833598216,1.4368683923987782
2.6476728526177613,0.02579538307279939,1.5783412100227792,-1.578551986611546,108,6.76451635665749,1.4620826030301837,6.773338897273189,1.4378428719063283
2.650399601178645,0.025750818953723702,1.5756144614628684,-1.57582487391219,108,6.76707866215889,1.4630152059637902,6.775885960948196,1.438817351413782
2.6531263497395283,0.025706254834750922,1.5728877129029568,-1.5730977612128358,108,6.76964096766029,1.4639478088973967,6.778433024623238,1.439791830921139
2.655853098300412,0.02566169071588107,1.5701609643430436,-1.5703706485134832,108,6.772203273161692,1.464880411831003,6.780980088298316,1.4407663104283992
2.6585798468612953,0.025617126597114178,1.567434215783129,-1.5676435358141323,108,6.774765578663093,1.4658130147646096,6.78352715197343,1.441740789935563
2.661306595422179,0.025572562478450245,1.5647074672232126,-1.564916423114783,108,6.777327884164493,1.466745617698216,6.786074215648577,1.4427152694426297
2.6640333439830624,0.02552799835988929,1.5619807186632946,-1.5621893104154354,108,6.779890189665894,1.4676782206318224,6.788621279323761,1.4436897489495997
2.666760092543946,0.025483434241431326,1.559253970103375,-1.5594621977160896,108,6.782452495167295,1.4686108235654287,6.791168342998979,1.4446642284564728
2.6694868411048294,0.025438870123076364,1.5565272215434542,-1.5567350850167454,108,6.785014800668696,1.4695434264990352,6.793715406674234,1.4456387079632491
2.672213589665713,0.025394306004824417,1.5538004729835317,-1.554007972317403,108,6.7875771061700965,1.4704760294326418,6.7962624703495225,1.4466131874699288
2.6749403382265964,0.025349741886675492,1.5510737244236072,-1.551280859618062,108,6.790139411671497,1.471408632366248,6.798809534024846,1.4475876669765115
2.67766708678748,0.025305177768629596,1.5483469758636814,-1.548553746918723,108,6.792701717172898,1.4723412352998546,6.801356597700206,1.4485621464829976
2.6803938353483634,0.02526061365068673,1.5456202273037543,-1.5458266342193856,108,6.795264022674299,1.4732738382334611,6.803903661375601,1.449536625989387
2.683120583909247,0.025216049532846903,1.542893478743825,-1.5430995215200498,108,6.7978263281757,1.4742064411670674,6.806450725051031,1.4505111054956792
2.6858473324701304,0.025171485415110106,1.5401667301838942,-1.5403724088207158,108,6.800388633677101,1.4751390441006738,6.808997788726496,1.4514855850018746
2.688574081031014,0.025126921297476342,1.5374399816239617,-1.5376452961213833,108,6.802950939178501,1.4760716470342805,6.811544852401997,1.4524600645079737
2.6913008295918974,0.025082357179945614,1.5347132330640274,-1.5349181834220527,108,6.8055132446799025,1.4770042499678868,6.814091916077533,1.4534345440139755
2.694027578152781,0.02503779306251791,1.5319864845040916,-1.5321910707227235,108,6.808075550181304,1.4779368529014931,6.816638979753105,1.4544090235198803
2.6967543267136644,0.02499322894519323,1.5292597359441538,-1.5294639580233962,108,6.810637855682704,1.4788694558350997,6.819186043428711,1.4553835030256888
2.699481075274548,0.024948664827971555,1.5265329873842144,-1.5267368453240706,108,6.813200161184104,1.4798020587687062,6.821733107104351,1.4563579825314004
2.7022078238354315,0.024904100710852875,1.523806238824273,-1.5240097326247466,108,6.815762466685506,1.4807346617023125,6.824280170780028,1.457332462037015
2.704934572396315,0.024859536593837186,1.5210794902643303,-1.5212826199254244,108,6.818324772186907,1.481667264635919,6.826827234455741,1.458306941542533
2.7076613209571985,0.02481497247692447,1.5183527417043854,-1.5185555072261037,108,6.820887077688307,1.4825998675695256,6.829374298131487,1.459281421047954
2.710388069518082,0.024770408360114703,1.5156259931444385,-1.5158283945267848,108,6.823449383189708,1.4835324705031319,6.831921361807269,1.4602559005532785
2.7131148180789655,0.024725844243407874,1.51289924458449,-1.5131012818274674,108,6.826011688691109,1.4844650734367382,6.834468425483087,1.461230380058506
2.715841566639849,0.024681280126803953,1.5101724960245395,-1.5103741691281518,108,6.82857399419251,1.4853976763703447,6.83701548915894,1.462204859563637
2.7185683152007325,0.024636716010302928,1.5074457474645873,-1.507647056428838,108,6.8311362996939105,1.4863302793039512,6.839562552834828,1.4631793390686714
2.721295063761616,0.024592151893904762,1.5047189989046332,-1.5049199437295258,108,6.833698605195311,1.4872628822375575,6.842109616510751,1.464153818573609
2.7240218123224995,0.024547587777609438,1.501992250344677,-1.5021928310302153,108,6.836260910696712,1.488195485171164,6.844656680186709,1.4651282980784501
2.726748560883383,0.02450302366141692,1.4992655017847187,-1.4994657183309064,108,6.838823216198113,1.4891280881047706,6.847203743862703,1.4661027775831945
2.7294753094442665,0.02445845954532717,1.4965387532247587,-1.4967386056315992,108,6.8413855216995145,1.490060691038377,6.849750807538732,1.4670772570878423
2.73220205800515,0.024413895429340162,1.4938120046647967,-1.4940114929322936,108,6.843947827200915,1.4909932939719832,6.8522978712147955,1.4680517365923933
2.7349288065660335,0.024369331313455863,1.4910852561048327,-1.4912843802329898,108,6.846510132702315,1.4919258969055897,6.854844934890894,1.4690262160968484
2.737655555126917,0.02432476719767424,1.4883585075448666,-1.4885572675336878,108,6.8490724382037165,1.4928584998391963,6.857391998567028,1.4700006956012066
2.7403823036878006,0.024280203081995227,1.4856317589848982,-1.4858301548343873,108,6.851634743705118,1.4937911027728026,6.859939062243198,1.4709751751054683
2.743109052248684,0.024235638966418793,1.4829050104249282,-1.4831030421350886,108,6.854197049206518,1.4947237057064091,6.862486125919402,1.471949654609634
2.7458358008095676,0.024191074850944894,1.4801782618649557,-1.4803759294357914,108,6.856759354707918,1.4956563086400156,6.86503318959564,1.4729241341137032
2.748562549370451,0.024146510735573484,1.4774515133049815,-1.477648816736496,108,6.85932166020932,1.496588911573622,6.867580253271915,1.4738986136176757
2.7512892979313346,0.024101946620304508,1.474724764745005,-1.4749217040372022,108,6.861883965710721,1.4975215145072283,6.870127316948225,1.4748730931215521
2.754016046492218,0.024057382505137923,1.4719980161850266,-1.4721945913379102,108,6.864446271212121,1.498454117440835,6.872674380624569,1.4758475726253328
2.7567427950531016,0.02401281839007366,1.4692712676250455,-1.4694674786386197,108,6.867008576713522,1.4993867203744413,6.875221444300948,1.476822052129017
2.759469543613985,0.02396825427511167,1.4665445190650623,-1.466740365939331,108,6.869570882214923,1.5003193233080476,6.877768507977362,1.477796531632605
2.7621962921748686,0.023923690160251886,1.4638177705050772,-1.4640132532400438,108,6.872133187716324,1.5012519262416542,6.880315571653812,1.478771011136097
2.764923040735752,0.023879126045494255,1.4610910219450899,-1.4612861405407584,108,6.874695493217725,1.5021845291752607,6.882862635330297,1.4797454906394931
2.7676497892966356,0.023834561930838705,1.4583642733851,-1.4585590278414746,108,6.877257798719126,1.503117132108867,6.885409699006815,1.480719970142793
2.770376537857519,0.02378999781628517,1.4556375248251083,-1.4558319151421926,108,6.879820104220526,1.5040497350424735,6.887956762683369,1.4816944496459974
2.7731032864184026,0.023745433701833588,1.452910776265114,-1.453104802442912,108,6.882382409721927,1.50498233797608,6.890503826359958,1.482668929149106
2.775830034979286,0.02370086958748387,1.4501840277051177,-1.4503776897436333,108,6.8849447152233285,1.5059149409096864,6.893050890036583,1.4836434086521186
2.7785567835401697,0.023656305473235956,1.4474572791451186,-1.4476505770443562,108,6.887507020724729,1.5068475438432927,6.89559795371324,1.4846178881550356
2.781283532101053,0.023611741359089753,1.4447305305851175,-1.4449234643450808,108,6.890069326226129,1.5077801467768992,6.8981450173899335,1.485592367657857
2.7840102806619367,0.023567177245045187,1.4420037820251141,-1.442196351645807,108,6.8926316317275305,1.5087127497105057,6.900692081066662,1.486566847160583
2.78673702922282,0.02352261313110218,1.4392770334651082,-1.439469238946535,108,6.895193937228932,1.509645352644112,6.903239144743425,1.4875413266632136
2.7894637777837037,0.02347804901726064,1.4365502849050997,-1.4367421262472644,108,6.897756242730332,1.5105779555777186,6.905786208420222,1.4885158061657489
2.792190526344587,0.02343348490352047,1.4338235363450889,-1.4340150135479957,108,6.900318548231732,1.511510558511325,6.908333272097054,1.4894902856681889
2.7949172749054707,0.023388920789881595,1.4310967877850758,-1.4312879008487285,108,6.902880853733134,1.5124431614449314,6.910880335773921,1.4904647651705336
2.797644023466354,0.02334435667634391,1.4283700392250602,-1.428560788149463,108,6.905443159234535,1.5133757643785377,6.913427399450823,1.491439244672783
2.8003707720272377,0.023299792562907325,1.4256432906650423,-1.4258336754501992,108,6.908005464735935,1.5143083673121445,6.915974463127759,1.492413724174938
2.8030975205881212,0.023255228449571726,1.4229165421050214,-1.4231065627509372,108,6.9105677702373365,1.5152409702457508,6.91852152680473,1.4933882036769976
2.8058242691490047,0.023210664336337023,1.4201897935449983,-1.4203794500516767,108,6.913130075738737,1.516173573179357,6.921068590481735,1.4943626831789625
2.8085510177098882,0.023166100223203104,1.4174630449849726,-1.4176523373524177,108,6.915692381240138,1.5171061761129636,6.923615654158775,1.4953371626808327
2.8112777662707717,0.023121536110169864,1.4147362964249444,-1.4149252246531605,108,6.918254686741539,1.5180387790465701,6.926162717835849,1.4963116421826086
2.8140045148316553,0.023076971997237197,1.4120095478649135,-1.4121981119539049,108,6.92081699224294,1.5189713819801764,6.928709781512957,1.4972861216842897
2.8167312633925388,0.023032407884404974,1.40928279930488,-1.409470999254651,108,6.92337929774434,1.519903984913783,6.9312568451900995,1.4982606011858763
2.8194580119534223,0.022987843771673084,1.406556050744844,-1.4067438865553987,108,6.925941603245741,1.5208365878473895,6.933803908867277,1.4992350806873689
2.822184760514306,0.0229432796590414,1.403829302184805,-1.404016773856148,108,6.9285039087471425,1.5217691907809958,6.9363509725444885,1.500209560188767
2.8249115090751893,0.022898715546509796,1.4011025536247637,-1.401289661156899,108,6.931066214248543,1.5227017937146021,6.938898036221734,1.5011840396900713
2.827638257636073,0.022854151423518345,1.398375804976064,-1.398562548457479,109,6.933628519749943,1.5236343966482087,6.941445099895401,1.5021585192012046
2.8303650061969563,0.022809587299342057,1.3956490564052528,-1.3958354357580398,109,6.9361908252513444,1.5245669995818152,6.943992163568665,1.5031329987134514
2.83309175475784,0.02276502317510288,1.3929223078438435,-1.3931083230585994,109,6.938753130752746,1.5254996025154215,6.946539227241907,1.504107478225757
2.8358185033187233,0.022720459050936222,1.3901955592835653,-1.3903812103591602,109,6.941315436254146,1.526432205449028,6.949086290915172,1.5050819577379948
2.838545251879607,0.022675894926858307,1.387468810723421,-1.3876540976597225,109,6.943877741755546,1.5273648083826346,6.951633354588468,1.506056437250149
2.8412720004404903,0.022631330802870976,1.3847420621632909,-1.3849269849602863,109,6.946440047256948,1.5282974113162409,6.954180418261796,1.5070309167622182
2.843998749001374,0.022586766678974354,1.38201531360316,-1.3821998722608515,109,6.949002352758349,1.5292300142498472,6.956727481935155,1.508005396274202
2.8467254975622573,0.022542202555168346,1.379288565043027,-1.3794727595614182,109,6.95156465825975,1.530162617183454,6.959274545608545,1.508979875786101
2.849452246123141,0.022497638431452836,1.3765618164828917,-1.3767456468619865,109,6.9541269637611505,1.5310952201170602,6.961821609281965,1.5099543552979144
2.8521789946840244,0.022453074307827683,1.3738350679227536,-1.3740185341625561,109,6.956689269262551,1.5320278230506665,6.964368672955416,1.5109288348096432
2.854905743244908,0.022408510184292775,1.3711083193626132,-1.3712914214631273,109,6.959251574763952,1.532960425984273,6.9669157366288985,1.5119033143212872
2.8576324918057914,0.022363946060847968,1.36838157080247,-1.3685643087637,109,6.961813880265353,1.5338930289178796,6.969462800302412,1.5128777938328466
2.860359240366675,0.022319381937493114,1.3656548222423242,-1.3658371960642741,109,6.964376185766754,1.534825631851486,6.972009863975956,1.5138522733443214
2.8630859889275584,0.022274817814228087,1.362928073682176,-1.3631100833648497,109,6.966938491268154,1.5357582347850924,6.974556927649529,1.5148267528557118
2.865812737488442,0.02223025369105274,1.3602013251220249,-1.3603829706654267,109,6.969500796769555,1.536690837718699,6.977103991323135,1.515801232367018
2.8685394860493254,0.022185689567966932,1.3574745765618714,-1.3576558579660052,109,6.9720631022709565,1.5376234406523053,6.979651054996771,1.51677571187824
2.871266234610209,0.022141125444970513,1.3547478280017151,-1.3549287452665852,109,6.974625407772357,1.5385560435859116,6.982198118670437,1.5177501913893776
2.8739929831710924,0.022096561322063314,1.352021079441556,-1.3522016325671666,109,6.977187713273757,1.5394886465195181,6.984745182344134,1.5187246709004318
2.876719731731976,0.02205199719924519,1.3492943308813943,-1.3494745198677496,109,6.979750018775158,1.5404212494531246,6.987292246017861,1.5196991504114024
2.8794464802928594,0.022007433076515984,1.3465675823212298,-1.3467474071683339,109,6.98231232427656,1.541353852386731,6.98983930969162,1.5206736299222892
2.882173228853743,0.021962868953875527,1.3438408337610628,-1.3440202944689197,109,6.984874629777961,1.5422864553203375,6.992386373365409,1.5216481094330927
2.8848999774146264,0.021918304831323655,1.3411140852008923,-1.3412931817695068,109,6.987436935279361,1.543219058253944,6.994933437039226,1.522622588943813
2.88762672597551,0.021873740708860195,1.3383873366407197,-1.3385660690700956,109,6.989999240780762,1.5441516611875503,6.997480500713074,1.52359706845445
2.8903534745363935,0.021829176586484974,1.3356605880805437,-1.3358389563706856,109,6.992561546282163,1.5450842641211566,7.000027564386953,1.5245715479650042
2.893080223097277,0.02178461246419781,1.3329338395203654,-1.3331118436712772,109,6.995123851783564,1.5460168670547632,7.002574628060863,1.5255460274754757
2.8958069716581605,0.02174004834199854,1.3302070909601837,-1.3303847309718702,109,6.9976861572849645,1.5469494699883697,7.005121691734802,1.5265205069858647
2.898533720219044,0.021695484219886967,1.3274803423999995,-1.3276576182724646,109,7.000248462786365,1.547882072921976,7.00766875540877,1.527494986496171
2.9012604687799275,0.021650920097862902,1.3247535938398123,-1.3249305055730605,109,7.002810768287766,1.5488146758555825,7.010215819082769,1.5284694660063953
2.903987217340811,0.021606355975926163,1.3220268452796218,-1.3222033928736578,109,7.005373073789167,1.549747278789189,7.012762882756799,1.5294439455165376
2.9067139659016945,0.021561791854076546,1.3193000967194288,-1.3194762801742566,109,7.007935379290568,1.5506798817227954,7.015309946430857,1.530418425026598
2.909440714462578,0.021517227732313862,1.3165733481592325,-1.3167491674748566,109,7.010497684791968,1.5516124846564017,7.017857010104945,1.5313929045365764
2.9121674630234615,0.0214726636106379,1.3138465995990334,-1.3140220547754582,109,7.013059990293369,1.5525450875900084,7.020404073779063,1.5323673840464738
2.914894211584345,0.021428099489048457,1.311119851038831,-1.3112949420760611,109,7.0156222957947705,1.5534776905236147,7.022951137453211,1.5333418635562897
2.9176209601452285,0.021383535367545326,1.3083931024786255,-1.3085678293766654,109,7.018184601296171,1.554410293457221,7.025498201127388,1.5343163430660243
2.920347708706112,0.02133897124612829,1.3056663539184175,-1.3058407166772712,109,7.020746906797571,1.5553428963908276,7.0280452648015945,1.535290822575678
2.9230744572669956,0.02129440712479714,1.3029396053582059,-1.3031136039778783,109,7.023309212298972,1.556275499324434,7.030592328475831,1.5362653020852512
2.925801205827879,0.02124984300355164,1.3002128567979911,-1.3003864912784868,109,7.025871517800374,1.5572081022580404,7.033139392150097,1.5372397815947438
2.9285279543887626,0.02120527888239158,1.2974861082377735,-1.2976593785790969,109,7.028433823301775,1.558140705191647,7.035686455824391,1.5382142611041563
2.931254702949646,0.021160714761316722,1.2947593596775524,-1.2949322658797082,109,7.030996128803175,1.5590733081252532,7.038233519498714,1.5391887406134885
2.9339814515105296,0.021116150640326837,1.2920326111173284,-1.292205153180321,109,7.033558434304576,1.5600059110588598,7.040780583173066,1.5401632201227409
2.936708200071413,0.021071586519421686,1.289305862557101,-1.289478040480935,109,7.036120739805977,1.5609385139924663,7.043327646847448,1.541137699631914
2.9394349486322966,0.021027022398601027,1.2865791139968703,-1.2867509277815505,109,7.038683045307378,1.5618711169260726,7.0458747105218595,1.542112179141007
2.94216169719318,0.020982458277864612,1.2838523654366365,-1.2840238150821675,109,7.0412453508087784,1.5628037198596791,7.0484217741962985,1.5430866586500216
2.9448884457540636,0.020937894157212193,1.2811256168763991,-1.2812967023827857,109,7.043807656310179,1.5637363227932854,7.050968837870766,1.5440611381589566
2.947615194314947,0.020893330036643516,1.2783988683161587,-1.2785695896834053,109,7.04636996181158,1.564668925726892,7.053515901545263,1.5450356176678135
2.9503419428758306,0.020848765916158328,1.2756721197559147,-1.2758424769840262,109,7.048932267312981,1.5656015286604985,7.056062965219789,1.5460100971765918
2.953068691436714,0.020804201795756358,1.2729453711956673,-1.2731153642846487,109,7.051494572814382,1.5665341315941048,7.058610028894342,1.5469845766852917
2.9557954399975976,0.02075963767543734,1.2702186226354168,-1.2703882515852725,109,7.054056878315782,1.5674667345277113,7.061157092568924,1.5479590561939136
2.958522188558481,0.020715073555201004,1.267491874075163,-1.2676611388858976,109,7.056619183817183,1.5683993374613177,7.063704156243535,1.5489335357024578
2.9612489371193647,0.020670509435047085,1.2647651255149057,-1.264934026186524,109,7.0591814893185845,1.5693319403949242,7.066251219918174,1.5499080152109248
2.963975685680248,0.02062594531497529,1.2620383769546446,-1.2622069134871519,109,7.061743794819986,1.5702645433285305,7.068798283592841,1.5508824947193145
2.9667024342411317,0.020581381194985333,1.25931162839438,-1.259479800787781,109,7.064306100321386,1.571197146262137,7.071345347267535,1.5518569742276274
2.969429182802015,0.02053681707507694,1.2565848798341124,-1.2567526880884115,109,7.066868405822786,1.5721297491957436,7.073892410942257,1.5528314537358636
2.9721559313628987,0.020492252955249805,1.2538581312738408,-1.2540255753890432,109,7.069430711324188,1.5730623521293499,7.076439474617008,1.5538059332440233
2.974882679923782,0.02044768883550363,1.2511313827135657,-1.2512984626896764,109,7.071993016825589,1.5739949550629564,7.078986538291787,1.5547804127521072
2.9776094284846657,0.02040312471583811,1.248404634153287,-1.2485713499903108,109,7.074555322326989,1.5749275579965627,7.0815336019665915,1.555754892260115
2.980336177045549,0.020358560596252948,1.2456778855930049,-1.2458442372909466,109,7.07711762782839,1.5758601609301692,7.084080665641424,1.5567293717680475
2.9830629256064327,0.020313996476747812,1.242951137032719,-1.2431171245915837,109,7.079679933329791,1.5767927638637758,7.086627729316285,1.557703851275905
2.985789674167316,0.020269432357322408,1.240224388472429,-1.240390011892222,109,7.082242238831192,1.577725366797382,7.089174792991173,1.5586783307836871
2.9885164227281997,0.020224868237976396,1.237497639912136,-1.2376628991928615,109,7.084804544332592,1.5786579697309886,7.091721856666088,1.559652810291395
2.9912431712890832,0.020180304118709448,1.2347708913518387,-1.2349357864935024,109,7.087366849833993,1.579590572664595,7.09426892034103,1.560627289799028
2.9939699198499667,0.020135739999521247,1.2320441427915383,-1.2322086737941447,109,7.089929155335394,1.5805231755982014,7.096815984015999,1.5616017693065876
2.9966966684108503,0.02009117588041145,1.2293173942312337,-1.2294815610947882,109,7.092491460836795,1.5814557785318077,7.099363047690995,1.5625762488140733
2.9994234169717338,0.0200466117613797,1.226590645670925,-1.226754448395433,109,7.095053766338196,1.5823883814654143,7.101910111366017,1.5635507283214858
3.0021501655326173,0.020002047642425667,1.2238638971106128,-1.224027335696079,109,7.097616071839597,1.5833209843990208,7.104457175041066,1.5645252078288252
3.0048769140935008,0.019957483523548987,1.2211371485502966,-1.2213002229967262,109,7.100178377340997,1.5842535873326271,7.107004238716141,1.5654996873360918
3.0076036626543843,0.019912919404749305,1.218410399989977,-1.2185731102973747,109,7.1027406828423985,1.5851861902662336,7.109551302391243,1.5664741668432862
3.010330411215268,0.019868355286026262,1.2156836514296527,-1.2158459975980245,109,7.1053029883438,1.58611879319984,7.1120983660663715,1.5674486463504083
3.0130571597761513,0.019823791167379482,1.2129569028693252,-1.2131188848986756,109,7.1078652938452,1.5870513961334465,7.114645429741525,1.568423125857459
3.015783908337035,0.0197792270488086,1.2102301543089933,-1.2103917721993278,109,7.1104275993466,1.587983999067053,7.117192493416705,1.5693976053644385
3.0185106568979183,0.019734662930313226,1.2075034057486576,-1.2076646594999814,109,7.112989904848002,1.5889166020006593,7.119739557091911,1.5703720848713467
3.021237405458802,0.01969009881189298,1.2047766571883176,-1.204937546800636,109,7.115552210349403,1.5898492049342658,7.122286620767143,1.5713465643781845
3.0239641540196853,0.019645534693547476,1.202049908627974,-1.202210434101292,109,7.118114515850803,1.5907818078678722,7.124833684442399,1.572321043884952
3.026690902580569,0.019600970575276315,1.1993231600676257,-1.1994833214019491,109,7.120676821352204,1.5917144108014787,7.127380748117682,1.5732955233916497
3.0294176511414523,0.01955640645707909,1.196596411507274,-1.1967562087026076,109,7.123239126853605,1.5926470137350852,7.12992781179299,1.5742700028982781
3.032144399702336,0.019511842338955396,1.1938696629469177,-1.1940290960032671,109,7.125801432355006,1.5935796166686915,7.132474875468323,1.575244482404837
3.0348711482632194,0.01946727822090482,1.1911429143865575,-1.191301983303928,109,7.128363737856406,1.594512219602298,7.135021939143681,1.5762189619113276
3.037597896824103,0.019422714102926945,1.1884161658261931,-1.18857487060459,109,7.130926043357807,1.5954448225359044,7.137569002819063,1.5771934414177495
3.0403246453849864,0.019378149985021353,1.1856894172658243,-1.185847757905253,109,7.133488348859208,1.596377425469511,7.140116066494471,1.5781679209241037
3.04305139394587,0.019333585867187596,1.1829626687054515,-1.1831206452059175,109,7.136050654360609,1.5973100284031172,7.142663130169904,1.5791424004303902
3.0457781425067534,0.019289021749425244,1.1802359201450743,-1.180393532506583,109,7.1386129598620105,1.5982426313367237,7.145210193845361,1.5801168799366099
3.048504891067637,0.019244457631733856,1.1775091715846926,-1.1776664198072497,109,7.141175265363411,1.5991752342703303,7.1477572575208415,1.581091359442763
3.0512316396285204,0.019199893514112977,1.1747824230243067,-1.1749393071079175,109,7.143737570864811,1.6001078372039366,7.150304321196345,1.5820658389488493
3.053958388189404,0.01915532939656216,1.1720556744639166,-1.1722121944085864,109,7.1462998763662124,1.601040440137543,7.152851384871875,1.5830403184548703
3.0566851367502874,0.01911076527908094,1.1693289259035218,-1.1694850817092564,109,7.148862181867614,1.6019730430711494,7.1553984485474285,1.5840147979608254
3.059411885311171,0.019066201161668857,1.1666021773431228,-1.1667579690099277,109,7.151424487369014,1.602905646004756,7.157945512223004,1.584989277466716
3.0621386338720544,0.019021637044325423,1.1638754287827195,-1.1640308563106,109,7.153986792870414,1.6038382489383625,7.160492575898603,1.585963756972542
3.064865382432938,0.018977072927050167,1.1611486802223117,-1.1613037436112736,109,7.156549098371816,1.6047708518719688,7.163039639574227,1.5869382364783036
3.0675921309938214,0.018932508809842596,1.1584219316618993,-1.1585766309119483,109,7.159111403873217,1.6057034548055753,7.165586703249874,1.587912715984002
3.070318879554705,0.018887944692702212,1.1556951831014826,-1.155849518212624,109,7.161673709374617,1.6066360577391816,7.168133766925543,1.5888871954896369
3.0730456281155885,0.018843380575628524,1.1529684345410607,-1.1531224055133007,109,7.164236014876018,1.6075686606727881,7.170680830601234,1.5898616749952095
3.075772376676472,0.01879881645862102,1.1502416859806346,-1.1503952928139785,109,7.166798320377419,1.6085012636063944,7.173227894276949,1.5908361545007195
3.0784991252373555,0.018754252341679194,1.1475149374202038,-1.1476681801146573,109,7.16936062587882,1.609433866540001,7.175774957952687,1.5918106340061682
3.081225873798239,0.018709688224802512,1.1447881888597686,-1.1449410674153373,109,7.171922931380221,1.6103664694736075,7.178322021628447,1.5927851135115556
3.0839526223591225,0.01866512410799046,1.1420614402993285,-1.1422139547160184,109,7.174485236881622,1.6112990724072138,7.180869085304228,1.593759593016882
3.086679370920006,0.018620559991242503,1.1393346917388836,-1.1394868420167004,109,7.177047542383022,1.6122316753408203,7.183416148980031,1.5947340725221484
3.0894061194808895,0.018575995874558087,1.1366079431784342,-1.1367597293173834,109,7.179609847884423,1.6131642782744267,7.185963212655857,1.5957085520273548
3.092132868041773,0.018531431757936673,1.1338811946179796,-1.1340326166180676,109,7.1821721533858245,1.6140968812080332,7.188510276331704,1.5966830315325025
3.0948596166026565,0.0184868676413777,1.1311544460575207,-1.1313055039187527,109,7.184734458887225,1.6150294841416397,7.191057340007571,1.5976575110375912
3.09758636516354,0.01844230352488061,1.1284276974970566,-1.128578391219439,109,7.187296764388625,1.615962087075246,7.1936044036834605,1.5986319905426218
3.1003131137244235,0.01839773940844483,1.125700948936588,-1.125851278520126,109,7.189859069890026,1.6168946900088526,7.196151467359371,1.5996064700475947
3.103039862285307,0.018353175292069784,1.122974200376114,-1.1231241658208142,109,7.192421375391428,1.6178272929424589,7.198698531035302,1.6005809495525105
3.1057666108461905,0.018308611175754882,1.1202474518156353,-1.1203970531215033,109,7.194983680892828,1.6187598958760654,7.201245594711254,1.6015554290573701
3.108493359407074,0.01826404705949954,1.1175207032551517,-1.1176699404221935,109,7.197545986394228,1.619692498809672,7.203792658387225,1.6025299085621736
3.1112201079679576,0.018219482943303146,1.114793954694663,-1.1149428277228846,109,7.20010829189563,1.6206251017432782,7.206339722063218,1.6035043880669215
3.113946856528841,0.0181749188271651,1.1120672061341694,-1.1122157150235765,109,7.202670597397031,1.6215577046768848,7.20888678573923,1.6044788675716148
3.1166736050897246,0.01813035471108479,1.1093404575736707,-1.1094886023242696,109,7.205232902898431,1.622490307610491,7.211433849415261,1.6054533470762535
3.119400353650608,0.018085790595061574,1.1066137090131674,-1.1067614896249636,109,7.207795208399832,1.6234229105440976,7.213980913091312,1.606427826580839
3.1221271022114916,0.018041226479094844,1.1038869604526582,-1.1040343769256584,109,7.210357513901233,1.624355513477704,7.216527976767384,1.607402306085371
3.124853850772375,0.017996662363183952,1.1011602118921442,-1.1013072642263542,109,7.212919819402634,1.6252881164113104,7.219075040443474,1.608376785589851
3.1275805993332586,0.017952098247328248,1.098433463331625,-1.0985801515270508,109,7.215482124904035,1.626220719344917,7.221622104119583,1.609351265094279
3.130307347894142,0.01790753413152707,1.0957067147711004,-1.0958530388277483,109,7.218044430405436,1.6271533222785233,7.22416916779571,1.6103257445986554
3.1330340964550256,0.01786297001577976,1.0929799662105708,-1.0931259261284467,109,7.220606735906836,1.6280859252121298,7.226716231471855,1.6113002241029817
3.135760845015909,0.01781840590008565,1.090253217650036,-1.090398813429146,109,7.223169041408237,1.6290185281457361,7.229263295148019,1.6122747036072576
3.1384875935767926,0.017773841784444057,1.0875264690894955,-1.0876717007298462,109,7.2257313469096385,1.6299511310793426,7.231810358824202,1.6132491831114844
3.141214342137676,0.017729277668854286,1.08479972052895,-1.0849445880305473,109,7.228293652411039,1.6308837340129492,7.234357422500401,1.6142236626156623
3.1439410906985596,0.017684713553315648,1.0820729719683988,-1.082217475331249,109,7.230855957912439,1.6318163369465555,7.236904486176617,1.6151981421197923
3.146667839259443,0.01764014943782744,1.0793462234078424,-1.0794903626319516,109,7.23341826341384,1.632748939880162,7.239451549852852,1.6161726216238748
3.1493945878203267,0.01759558532238893,1.0766194748472806,-1.0767632499326552,109,7.235980568915242,1.6336815428137683,7.241998613529104,1.6171471011279106
3.15212133638121,0.0175510212069994,1.0738927262867128,-1.0740361372333593,109,7.238542874416642,1.6346141457473748,7.244545677205371,1.6181215806319005
3.1548480849420937,0.01750645709165812,1.0711659777261402,-1.0713090245340644,109,7.241105179918042,1.6355467486809812,7.247092740881656,1.6190960601358448
3.157574833502977,0.01746189297636435,1.0684392291655616,-1.0685819118347701,109,7.243667485419444,1.6364793516145877,7.249639804557957,1.6200705396397448
3.1603015820638607,0.017417328861117343,1.0657124806049776,-1.0658547991354768,109,7.246229790920845,1.6374119545481942,7.252186868234275,1.6210450191436008
3.163028330624744,0.01737276474591633,1.0629857320443878,-1.063127686436184,109,7.248792096422246,1.6383445574818005,7.254733931910607,1.6220194986474132
3.1657550791856277,0.01732820063076054,1.0602589834837925,-1.0604005737368922,109,7.251354401923646,1.639277160415407,7.257280995586955,1.6229939781511835
3.168481827746511,0.017283636515649202,1.0575322349231917,-1.057673461037601,109,7.253916707425047,1.6402097633490134,7.2598280592633175,1.6239684576549118
3.1712085763073947,0.01723907240058152,1.0548054863625849,-1.0549463483383106,109,7.256479012926448,1.64114236628262,7.262375122939696,1.6249429371585995
3.1739353248682782,0.0171945082855567,1.0520787378019725,-1.0522192356390208,109,7.259041318427849,1.6420749692162264,7.26492218661609,1.6259174166622465
3.1766620734291617,0.01714994417057394,1.049351989241354,-1.0494921229397316,109,7.26160362392925,1.6430075721498327,7.267469250292496,1.626891896165854
3.1793888219900452,0.017105380055632415,1.04662524068073,-1.046765010240443,109,7.26416592943065,1.6439401750834393,7.270016313968918,1.627866375669423
3.1821155705509288,0.01706081594073129,1.0438984921200998,-1.0440378975411553,109,7.266728234932051,1.6448727780170456,7.272563377645353,1.6288408551729538
3.1848423191118123,0.01701625182586974,1.0411717435594638,-1.0413107848418681,109,7.2692905404334525,1.645805380950652,7.275110441321802,1.6298153346764475
3.1875690676726958,0.01697168771104692,1.0384449949988221,-1.0385836721425816,109,7.271852845934853,1.6467379838842586,7.277657504998263,1.6307898141799049
3.1902958162335793,0.01692712359626196,1.0357182464381745,-1.0358565594432958,109,7.274415151436253,1.647670586817865,7.280204568674738,1.6317642936833265
3.193022564794463,0.016882559481514,1.0329914978775208,-1.0331294467440106,109,7.276977456937654,1.6486031897514715,7.282751632351226,1.6327387731867136
3.1957493133553463,0.01683799536680216,1.0302647493168609,-1.030402334044726,109,7.279539762439056,1.6495357926850778,7.285298696027726,1.6337132526900664
3.19847606191623,0.01679343125212555,1.027538000756195,-1.0276752213454419,109,7.282102067940456,1.6504683956186843,7.287845759704238,1.6346877321933864
3.2012028104771133,0.016748867137483275,1.024811252195523,-1.0249481086461583,109,7.284664373441857,1.6514009985522906,7.2903928233807616,1.635662211696674
3.203929559037997,0.016704303022874425,1.022084503634845,-1.0222209959468753,109,7.287226678943258,1.6523336014858971,7.292939887057297,1.6366366911999302
3.2066563075988803,0.01665973890829807,1.0193577550741602,-1.0194938832475928,109,7.289788984444659,1.6532662044195037,7.295486950733843,1.637611170703156
3.209383056159764,0.01661517479375328,1.01663100651347,-1.016766770548311,109,7.29235128994606,1.65419880735311,7.2980340144104,1.638585650206352
3.2121098047206473,0.01657061067923912,1.013904257952773,-1.0140396578490296,109,7.29491359544746,1.6551314102867165,7.300581078086967,1.6395601297095193
3.214836553281531,0.016526046564754624,1.01117750939207,-1.0113125451497487,109,7.297475900948861,1.6560640132203228,7.303128141763545,1.6405346092126585
3.2175633018424143,0.016481482450298842,1.0084507608313606,-1.0085854324504682,109,7.300038206450262,1.6569966161539293,7.305675205440132,1.641509088715771
3.220290050403298,0.016436918335870788,1.0057240122706446,-1.0058583197511881,109,7.302600511951663,1.6579292190875359,7.3082222691167305,1.6424835682188574
3.2230167989641814,0.016392354221469466,1.0029972637099225,-1.0031312070519085,109,7.305162817453064,1.6588618220211422,7.310769332793336,1.6434580477219185
3.225743547525065,0.016347790107093883,1.0002705151491935,-1.0004040943526293,109,7.307725122954464,1.6597944249547487,7.31331639646995,1.6444325272249556
3.2284702960859484,0.016303225992743024,0.9975437665884586,-0.9976769816533506,109,7.310287428455865,1.660727027888355,7.3158634601465735,1.6454070067279694
3.231197044646832,0.016258661878415872,0.9948170180277169,-0.9949498689540722,109,7.3128497339572665,1.6616596308219616,7.318410523823205,1.646381486230961
3.2339237932077154,0.01621409776411139,0.9920902694669685,-0.9922227562547943,109,7.315412039458667,1.6625922337555679,7.320957587499844,1.6473559657339312
3.236650541768599,0.016169533649828528,0.9893635209062138,-0.9894956435555167,109,7.317974344960067,1.6635248366891744,7.32350465117649,1.648330445236881
3.2393772903294824,0.016124969535566223,0.9866367723454524,-0.9867685308562394,109,7.320536650461468,1.664457439622781,7.326051714853144,1.6493049247398117
3.242104038890366,0.016080405421323402,0.9839100237846843,-0.9840414181569624,109,7.32309895596287,1.6653900425563872,7.3285987785298055,1.6502794042427238
3.2448307874512494,0.016035841307098987,0.9811832752239092,-0.9813143054576857,109,7.325661261464271,1.6663226454899938,7.331145842206473,1.651253883745619
3.247557536012133,0.015991277192891867,0.9784565266631275,-0.9785871927584093,109,7.328223566965671,1.6672552484236,7.333692905883145,1.6522283632484975
3.2502842845730164,0.015946713078700943,0.9757297781023391,-0.9758600800591332,109,7.330785872467072,1.6681878513572066,7.336239969559822,1.6532028427513612
3.2530110331339,0.015902148964525086,0.9730030295415438,-0.9731329673598572,109,7.333348177968473,1.6691204542908131,7.338787033236506,1.6541773222542107
3.2557377816947835,0.015857584850363166,0.9702762809807417,-0.9704058546605816,109,7.335910483469874,1.6700530572244194,7.341334096913194,1.6551518017570468
3.258464530255667,0.01581302073621403,0.9675495324199327,-0.9676787419613061,109,7.338472788971274,1.670985660158026,7.343881160589886,1.6561262812598712
3.2611912788165505,0.015768456622076512,0.9648227838591167,-0.9649516292620308,109,7.341035094472675,1.6719182630916323,7.346428224266582,1.6571007607626842
3.263918027377434,0.015723892507949436,0.9620960352982936,-0.9622245165627558,109,7.343597399974076,1.6728508660252388,7.348975287943282,1.658075240265488
3.2666447759383175,0.015679328393831606,0.9593692867374636,-0.9594974038634808,109,7.346159705475477,1.6737834689588453,7.351522351619986,1.6590497197682827
3.269371524499201,0.015634764279721824,0.9566425381766264,-0.956770291164206,109,7.348722010976878,1.6747160718924516,7.354069415296691,1.6600241992710698
3.2720982730600845,0.015590200165618875,0.9539157896157823,-0.9540431784649313,109,7.351284316478278,1.6756486748260582,7.3566164789733985,1.6609986787738509
3.274825021620968,0.015545636051521525,0.9511890410549309,-0.9513160657656566,109,7.353846621979679,1.6765812777596645,7.359163542650109,1.6619731582766264
3.2775517701818515,0.015501071937428522,0.9484622924940722,-0.9485889530663821,109,7.35640892748108,1.677513880693271,7.361710606326821,1.662947637779398
3.280278518742735,0.015456507823338609,0.9457355439332066,-0.9458618403671076,109,7.358971232982482,1.6784464836268773,7.364257670003534,1.6639221172821663
3.2830052673036185,0.015411943709250512,0.9430087953723334,-0.9431347276678331,109,7.361533538483882,1.6793790865604838,7.366804733680247,1.6648965967849334
3.285732015864502,0.015367379595162938,0.9402820468114529,-0.9404076149685586,109,7.364095843985282,1.6803116894940904,7.36935179735696,1.6658710762876998
3.2884587644253855,0.015322815481074586,0.9375552982505652,-0.9376805022692841,109,7.366658149486684,1.6812442924276967,7.3718988610336735,1.666845555790467
3.291185512986269,0.015278251366984132,0.9348285496896699,-0.9349533895700096,109,7.369220454988085,1.6821768953613032,7.374445924710386,1.667820035293236
3.2939122615471526,0.015233687252890244,0.9321018011287673,-0.9322262768707351,109,7.371782760489485,1.6831094982949095,7.376992988387097,1.6687945147960082
3.296639010108036,0.01518912313879157,0.9293750525678572,-0.9294991641714605,109,7.374345065990886,1.684042101228516,7.379540052063806,1.669768994298785
3.2993657586689196,0.015144559024686746,0.9266483040069395,-0.9267720514721858,109,7.376907371492287,1.6849747041621226,7.382087115740514,1.6707434738015678
3.302092507229803,0.015099994910574389,0.9239215554460144,-0.9240449387729109,109,7.379469676993688,1.685907307095729,7.38463417941722,1.6717179533043574
3.3048192557906866,0.0150554307964531,0.9211948068850816,-0.9213178260736359,109,7.382031982495088,1.6868399100293354,7.387181243093921,1.6726924328071555
3.30754600435157,0.015010866682321466,0.9184680583241409,-0.9185907133743607,109,7.384594287996489,1.6877725129629417,7.3897283067706185,1.6736669123099632
3.3102727529124536,0.014966302568178056,0.9157413097631929,-0.9158636006750853,109,7.38715659349789,1.6887051158965483,7.392275370447313,1.674641391812782
3.312999501473337,0.01492173845402143,0.9130145612022369,-0.9131364879758097,109,7.389718898999291,1.6896377188301546,7.394822434124004,1.6756158713156133
3.3157262500342206,0.014877174339850117,0.910287812641273,-0.9104093752765339,109,7.392281204500692,1.690570321763761,7.397369497800688,1.6765903508184585
3.318452998595104,0.014832610225662644,0.9075610640803018,-0.9076822625772578,109,7.394843510002093,1.6915029246973676,7.399916561477368,1.6775648303213189
3.3211797471559876,0.01478804611145752,0.9048343155193223,-0.9049551498779814,109,7.397405815503493,1.692435527630974,7.4024636251540405,1.6785393098241956
3.323906495716871,0.01474348199723322,0.9021075669583349,-0.9022280371787047,109,7.399968121004894,1.6933681305645805,7.405010688830708,1.6795137893270904
3.3266332442777546,0.014698917882988223,0.8993808183973396,-0.8995009244794276,109,7.402530426506296,1.6943007334981868,7.407557752507367,1.6804882688300047
3.329359992838638,0.014654353768720972,0.8966540698363362,-0.8967738117801503,109,7.405092732007696,1.6952333364317933,7.410104816184019,1.68146274833294
3.3320867413995217,0.014609789654429904,0.8939273212753249,-0.8940466990808725,109,7.407655037509096,1.6961659393653998,7.412651879860662,1.6824372278358977
3.334813489960405,0.014565225540113436,0.8912005727143056,-0.8913195863815944,109,7.410217343010498,1.6970985422990061,7.415198943537298,1.683411707338879
3.3375402385212887,0.014520661425769972,0.888473824153278,-0.8885924736823158,109,7.412779648511899,1.6980311452326127,7.417746007213924,1.684386186841886
3.340266987082172,0.014476097311397883,0.8857470755922424,-0.8858653609830367,109,7.415341954013299,1.698963748166219,7.42029307089054,1.6853606663449197
3.3429937356430557,0.014431533196995541,0.8830203270311984,-0.8831382482837571,109,7.4179042595147,1.6998963510998255,7.422840134567145,1.6863351458479818
3.345720484203939,0.014386969082561284,0.8802935784701461,-0.8804111355844769,109,7.420466565016101,1.7008289540334318,7.42538719824374,1.687309625351074
3.3484472327648227,0.014342404968093431,0.8775668299090854,-0.8776840228851962,109,7.423028870517502,1.7017615569670383,7.427934261920324,1.6882841048541977
3.351173981325706,0.014297840853590293,0.8748400813480165,-0.8749569101859149,109,7.425591176018902,1.7026941599006449,7.430481325596895,1.6892585843573547
3.3539007298865897,0.014253276739050151,0.8721133327869391,-0.8722297974866331,109,7.428153481520303,1.7036267628342512,7.433028389273453,1.6902330638605463
3.3566274784474732,0.014208712624471275,0.8693865842258532,-0.8695026847873506,109,7.430715787021704,1.7045593657678577,7.435575452949998,1.6912075433637745
3.3593542270083567,0.01416414850985191,0.866659835664759,-0.8667755720880674,109,7.433278092523105,1.705491968701464,7.438122516626531,1.6921820228670403
3.3620809755692402,0.014119584395190284,0.8639330871036561,-0.8640484593887836,109,7.4358403980245065,1.7064245716350706,7.440669580303048,1.6931565023703463
3.3648077241301237,0.014075020280484605,0.8612063385425446,-0.861321346689499,109,7.438402703525907,1.707357174568677,7.44321664397955,1.6941309818736936
3.3675344726910073,0.014030456165733052,0.8584795899814246,-0.8585942339902137,109,7.440965009027307,1.7082897775022834,7.4457637076560355,1.695105461377084
3.3702612212518908,0.013985892050933799,0.855752841420296,-0.8558671212909277,109,7.443527314528708,1.70922238043589,7.448310771332506,1.6960799408805192
3.3729879698127743,0.013941327936084984,0.8530260928591583,-0.8531400085916407,109,7.44608962003011,1.7101549833694962,7.45085783500896,1.6970544203840008
3.3757147183736578,0.013896763821184727,0.850299344298012,-0.850412895892353,109,7.44865192553151,1.7110875863031028,7.4534048986853945,1.6980288998875308
3.3784414669345413,0.013852199706231139,0.8475725957368568,-0.8476857831930644,109,7.45121423103291,1.7120201892367093,7.455951962361811,1.6990033793911112
3.381168215495425,0.013807635591222292,0.8448458471756929,-0.8449586704937749,109,7.453776536534312,1.7129527921703156,7.45849902603821,1.6999778588947432
3.3838949640563083,0.01376307147615625,0.8421190986145198,-0.8422315577944844,109,7.456338842035713,1.7138853951039221,7.461046089714589,1.700952338398429
3.386621712617192,0.013718507361031048,0.8393923500533379,-0.8395044450951931,109,7.458901147537113,1.7148179980375284,7.463593153390947,1.7019268179021703
3.3893484611780753,0.013673943245844698,0.8366656014921471,-0.8367773323959007,109,7.4614634530385135,1.715750600971135,7.466140217067284,1.7029012974059694
3.392075209738959,0.013629379130595191,0.8339388529309469,-0.8340502196966072,109,7.464025758539915,1.7166832039047413,7.468687280743601,1.7038757769098274
3.3948019582998423,0.0135848150152805,0.8312121043697379,-0.8313231069973127,109,7.466588064041316,1.7176158068383478,7.471234344419895,1.704850256413747
3.397528706860726,0.013540250899898569,0.8284853558085197,-0.8285959942980171,109,7.469150369542716,1.7185484097719543,7.4737814080961655,1.7058247359177299
3.4002554554216093,0.013495686784447314,0.8257586072472923,-0.8258688815987204,109,7.471712675044118,1.7194810127055606,7.476328471772413,1.7067992154217775
3.402982203982493,0.013451122668924642,0.8230318586860554,-0.8231417688994225,109,7.474274980545518,1.7204136156391672,7.478875535448634,1.7077736949258926
3.4057089525433764,0.013406558553328422,0.8203051101248093,-0.8204146562001233,109,7.476837286046919,1.7213462185727735,7.481422599124833,1.7087481744300765
3.40843570110426,0.013361994437656505,0.8175783615635538,-0.817687543500823,109,7.4793995915483205,1.72227882150638,7.483969662801004,1.7097226539343318
3.4111624496651434,0.013317430321906713,0.8148516130022889,-0.8149604308015214,109,7.481961897049721,1.7232114244399865,7.486516726477149,1.7106971334386603
3.413889198226027,0.013272866206076851,0.8121248644410146,-0.8122333181022184,109,7.484524202551121,1.7241440273735928,7.489063790153266,1.7116716129430638
3.4166159467869104,0.013228302090164694,0.8093981158797308,-0.8095062054029142,109,7.487086508052522,1.7250766303071994,7.491610853829355,1.7126460924475448
3.419342695347794,0.013183737974167992,0.8066713673184372,-0.8067790927036085,109,7.489648813553924,1.7260092332408057,7.494157917505417,1.713620571952105
3.4220694439086774,0.013139173858084467,0.8039446187571343,-0.8040519800043014,109,7.492211119055324,1.7269418361744122,7.496704981181447,1.7145950514567472
3.424796192469561,0.013094609741911819,0.8012178701958216,-0.801324867304993,109,7.494773424556724,1.7278744391080185,7.499252044857447,1.7155695309614727
3.4275229410304444,0.013050045625647719,0.7984911216344992,-0.7985977546056829,109,7.497335730058126,1.728807042041625,7.501799108533416,1.7165440104662844
3.430249689591328,0.013005481509289816,0.7957643730731668,-0.7958706419063714,109,7.499898035559527,1.7297396449752316,7.504346172209353,1.7175184899711844
3.4329764381522114,0.012960917392835723,0.7930376245118248,-0.7931435292070582,109,7.502460341060927,1.730672247908838,7.506893235885257,1.7184929694761744
3.435703186713095,0.012916353276283038,0.790310875950473,-0.7904164165077435,109,7.5050226465623275,1.7316048508424444,7.509440299561127,1.7194674489812574
3.4384299352739784,0.012871789159629322,0.7875841273891112,-0.7876893038084272,109,7.507584952063729,1.7325374537760507,7.511987363236963,1.720441928486435
3.441156683834862,0.012827225042872112,0.7848573788277394,-0.7849621911091091,109,7.51014725756513,1.7334700567096573,7.514534426912764,1.72141640799171
3.4438834323957455,0.012782660926008908,0.7821306302663578,-0.7822350784097893,109,7.512709563066531,1.7344026596432638,7.517081490588528,1.7223908874970848
3.446610180956629,0.012738096809037201,0.7794038817049658,-0.7795079657104678,109,7.515271868567932,1.73533526257687,7.519628554264255,1.7233653670025613
3.4493369295175125,0.012693532691954437,0.7766771331435637,-0.7767808530111444,109,7.517834174069332,1.7362678655104766,7.5221756179399435,1.7243398465081423
3.452063678078396,0.012648968574758031,0.7739503845821515,-0.7740537403118192,109,7.520396479570733,1.737200468444083,7.524722681615594,1.72531432601383
3.4547904266392795,0.012604404457445376,0.7712236360207291,-0.771326627612492,109,7.5229587850721344,1.7381330713776895,7.527269745291204,1.726288805519627
3.457517175200163,0.012559840340013837,0.7684968874592962,-0.7685995149131629,109,7.525521090573535,1.739065674311296,7.529816808966774,1.7272632850255358
3.4602439237610465,0.01251527622246074,0.7657701388978532,-0.7658724022138318,109,7.528083396074935,1.7399982772449023,7.532363872642302,1.7282377645315585
3.46297067232193,0.012470712104783392,0.7630433903363996,-0.7631452895144987,109,7.530645701576336,1.7409308801785088,7.534910936317788,1.7292122440376982
3.4656974208828135,0.012426147986979058,0.7603166417749355,-0.7604181768151634,109,7.533208007077738,1.7418634831121151,7.53745799999323,1.7301867235439572
3.468424169443697,0.012381583869044973,0.757589893213461,-0.7576910641158261,109,7.535770312579138,1.7427960860457217,7.5400050636686275,1.7311612030503383
3.4711509180045805,0.012337019750978347,0.754863144651976,-0.7549639514164866,109,7.538332618080538,1.743728688979328,7.5425521273439795,1.7321356825568437
3.473877666565464,0.01229245563277635,0.7521363960904802,-0.752236838717145,109,7.54089492358194,1.7446612919129345,7.545099191019286,1.7331101620634763
3.4766044151263475,0.012247891514436123,0.7494096475289739,-0.7495097260178011,109,7.543457229083341,1.745593894846541,7.547646254694546,1.7340846415702391
3.479331163687231,0.012203327395954767,0.7466828989674568,-0.7467826133184549,109,7.546019534584742,1.7465264977801473,7.5501933183697565,1.735059121077134
3.4820579122481146,0.012158763277329362,0.7439561504059291,-0.7440555006191063,109,7.548581840086142,1.7474591007137539,7.5527403820449175,1.7360336005841648
3.484784660808998,0.012114199158556953,0.7412294018443903,-0.7413283879197553,109,7.551144145587543,1.7483917036473602,7.555287445720028,1.7370080800913332
3.4875114093698816,0.012069635039634546,0.7385026532828407,-0.7386012752204019,109,7.553706451088944,1.7493243065809667,7.5578345093950885,1.7379825595986431
3.490238157930765,0.012025070920559103,0.7357759047212801,-0.7358741625210459,109,7.556268756590345,1.7502569095145732,7.560381573070096,1.7389570391060967
3.4929649064916486,0.011980506801327562,0.7330491561597084,-0.7331470498216873,109,7.558831062091746,1.7511895124481796,7.56292863674505,1.7399315186136965
3.495691655052532,0.011935942681936826,0.7303224075981258,-0.7304199371223262,109,7.561393367593146,1.752122115381786,7.565475700419949,1.7409059981214465
3.4984184036134156,0.011891378562383755,0.7275956590365321,-0.7276928244229625,109,7.563955673094547,1.7530547183153924,7.568022764094794,1.7418804776293486
3.501145152174299,0.01184681444266518,0.7248689104749272,-0.724965711723596,109,7.566517978595948,1.753987321248999,7.570569827769582,1.7428549571374066
3.5038719007351826,0.01180225032277789,0.722142161913311,-0.7222385990242268,109,7.569080284097349,1.7549199241826052,7.573116891444311,1.7438294366456226
3.506598649296066,0.011757686202718644,0.7194154133516836,-0.7195114863248547,109,7.571642589598749,1.7558525271162118,7.575663955118981,1.7448039161540008
3.5093253978569496,0.01171312208248415,0.7166886647900448,-0.7167843736254799,109,7.57420489510015,1.7567851300498183,7.578211018793593,1.7457783956625434
3.512052146417833,0.011668557962071086,0.7139619162283943,-0.714057260926102,109,7.576767200601552,1.7577177329834246,7.580758082468143,1.7467528751712538
3.5147788949787167,0.011623993841476086,0.7112351676667328,-0.7113301482267212,109,7.579329506102952,1.7586503359170311,7.583305146142631,1.7477273546801353
3.5175056435396,0.011579429720695754,0.7085084191050595,-0.7086030355273374,109,7.581891811604353,1.7595829388506374,7.585852209817055,1.7487018341891907
3.5202323921004837,0.011534865599726645,0.7057816705433746,-0.7058759228279505,109,7.584454117105754,1.760515541784244,7.588399273491414,1.7496763136984237
3.522959140661367,0.011490301478565277,0.7030549219816782,-0.7031488101285605,109,7.587016422607155,1.7614481447178505,7.590946337165708,1.7506507932078372
3.5256858892222507,0.011445737357208129,0.7003281734199699,-0.7004216974291672,109,7.589578728108556,1.7623807476514568,7.593493400839936,1.7516252727174346
3.528412637783134,0.01140117323565163,0.6976014248582499,-0.6976945847297706,109,7.592141033609956,1.7633133505850633,7.596040464514095,1.7525997522272196
3.5311393863440177,0.01135660911389218,0.6948746762965183,-0.6949674720303708,109,7.594703339111357,1.7642459535186696,7.598587528188184,1.7535742317371952
3.533866134904901,0.011312044991926127,0.6921479277347747,-0.6922403593309676,109,7.597265644612758,1.7651785564522762,7.601134591862203,1.754548711247365
3.5365928834657847,0.011267480869749777,0.6894211791730191,-0.689513246631561,109,7.599827950114159,1.7661111593858827,7.603681655536151,1.7555231907577324
3.539319632026668,0.011222916747359396,0.6866944306112515,-0.6867861339321508,109,7.60239025561556,1.767043762319489,7.606228719210024,1.7564976702683008
3.5420463805875517,0.011178352624751196,0.6839676820494718,-0.6840590212327371,109,7.60495256111696,1.7679763652530955,7.608775782883822,1.757472149779074
3.5447731291484352,0.011133788501921359,0.68124093348768,-0.6813319085333198,109,7.607514866618361,1.7689089681867018,7.611322846557546,1.7584466292900554
3.5474998777093187,0.011089224378866008,0.6785141849258762,-0.6786047958338989,109,7.610077172119762,1.7698415711203084,7.613869910231193,1.7594211088012488
3.5502266262702022,0.011044660255581228,0.6757874363640599,-0.6758776831344742,109,7.612639477621163,1.7707741740539147,7.61641697390476,1.7603955883126576
3.5529533748310858,0.011000096132063052,0.6730606878022315,-0.6731505704350456,109,7.615201783122563,1.7717067769875212,7.618964037578247,1.7613700678242858
3.5556801233919693,0.010955532008307475,0.6703339392403906,-0.6704234577356131,109,7.617764088623964,1.7726393799211277,7.621511101251655,1.7623445473361374
3.5584068719528528,0.010910967884310428,0.6676071906785374,-0.6676963450361767,109,7.620326394125366,1.773571982854734,7.624058164924979,1.7633190268482155
3.5611336205137363,0.010866403760067807,0.6648804421166716,-0.6649692323367363,109,7.622888699626767,1.7745045857883406,7.62660522859822,1.7642935063605245
3.56386036907462,0.010821839635575455,0.6621536935547934,-0.6622421196372918,109,7.625451005128167,1.775437188721947,7.629152292271374,1.7652679858730682
3.5665871176355033,0.010777275510829167,0.6594269449929024,-0.6595150069378433,109,7.628013310629568,1.7763697916555534,7.631699355944441,1.7662424653858506
3.569313866196387,0.01073271138582468,0.6567001964309988,-0.6567878942383905,109,7.630575616130969,1.77730239458916,7.634246419617422,1.7672169448988755
3.5720406147572703,0.010688147260557682,0.6539734478690824,-0.6540607815389333,109,7.63313792163237,1.7782349975227663,7.636793483290312,1.768191424412147
3.574767363318154,0.010643583135023817,0.6512466993071533,-0.6513336688394719,109,7.63570022713377,1.7791676004563728,7.63934054696311,1.7691659039256695
3.5774941118790373,0.010599019009218665,0.6485199507452113,-0.648606556140006,109,7.638262532635171,1.780100203389979,7.641887610635815,1.7701403834394467
3.580220860439921,0.010554454883137762,0.6457932021832564,-0.6458794434405355,109,7.640824838136572,1.7810328063235856,7.644434674308427,1.7711148629534832
3.5829476090008043,0.010509890756776585,0.6430664536212886,-0.6431523307410605,109,7.643387143637973,1.781965409257192,7.646981737980943,1.7720893424677828
3.585674357561688,0.010465326630130558,0.6403397050593074,-0.6404252180415808,109,7.645949449139374,1.7828980121907985,7.649528801653361,1.7730638219823505
3.5884011061225713,0.010420762503195038,0.6376129564973132,-0.6376981053420964,109,7.648511754640774,1.783830615124405,7.6520758653256795,1.77403830149719
3.591127854683455,0.010376198375965344,0.6348862079353059,-0.6349709926426071,109,7.651074060142175,1.7847632180580113,7.654622928997898,1.775012781012306
3.5938546032443384,0.010331634248436727,0.6321594593732853,-0.632243879943113,109,7.653636365643576,1.7856958209916178,7.657169992670015,1.775987260527703
3.596581351805222,0.01028707012060438,0.6294327108112514,-0.6295167672436139,109,7.656198671144978,1.7866284239252241,7.659717056342028,1.776961740043385
3.5993081003661054,0.010242505992463442,0.6267059622492042,-0.6267896545441098,109,7.658760976646378,1.7875610268588307,7.662264120013934,1.7779362195593573
3.602034848926989,0.010197941864008986,0.6239792136871435,-0.6240625418446006,109,7.661323282147778,1.7884936297924372,7.6648111836857336,1.7789106990756243
3.6047615974878724,0.0101533777591268,0.6212524652143955,-0.6213354291454766,108,7.66388558764918,1.7894262327260435,7.667358247365596,1.7798851785697403
3.607488346048756,0.010108813655260658,0.6185257166572944,-0.6186083164463692,108,7.666447893150581,1.79035883565965,7.669905311045805,1.7808596580629017
3.6102150946096394,0.010064249551099509,0.6157989680953178,-0.615881203747257,108,7.669010198651981,1.7912914385932563,7.672452374725913,1.7818341375563402
3.612941843170523,0.010019685446562315,0.6130722195330468,-0.6131540910481386,108,7.6715725041533815,1.7922240415268629,7.674999438405893,1.7828086170501323
3.6156685917314064,0.009975121341638887,0.6103454709707445,-0.6104269783490138,108,7.674134809654783,1.7931566444604694,7.677546502085741,1.7837830965442873
3.61839534029229,0.009930557236323034,0.607618722408426,-0.6076998656498828,108,7.676697115156184,1.7940892473940757,7.680093565765455,1.7847575760388108
3.6211220888531734,0.009885993130608735,0.6048919738460918,-0.6049727529507452,108,7.679259420657584,1.7950218503276822,7.682640629445031,1.785732055533709
3.623848837414057,0.009841429024489893,0.6021652252837422,-0.6022456402516009,108,7.681821726158985,1.7959544532612886,7.68518769312447,1.786706535028987
3.6265755859749405,0.009796864917960358,0.5994384767213768,-0.5995185275524499,108,7.684384031660386,1.796887056194895,7.687734756803769,1.7876810145246513
3.629302334535824,0.009752300811013876,0.596711728158996,-0.5967914148532922,108,7.686946337161787,1.7978196591285014,7.690281820482925,1.7886554940207071
3.6320290830967075,0.009707736703644134,0.5939849795965991,-0.5940643021541275,108,7.689508642663188,1.798752262062108,7.692828884161936,1.789629973517161
3.634755831657591,0.00966317259584473,0.5912582310341865,-0.5913371894549558,108,7.692070948164588,1.7996848649957145,7.695375947840799,1.7906044530140186
3.6374825802184745,0.009618608487609186,0.588531482471758,-0.588610076755777,108,7.694633253665989,1.8006174679293208,7.6979230115195145,1.7915789325112856
3.640209328779358,0.009574044378930948,0.5858047339093135,-0.585882964056591,108,7.69719555916739,1.8015500708629273,7.700470075198079,1.792553412008969
3.6429360773402415,0.009529480269803367,0.5830779853468528,-0.5831558513573977,108,7.699757864668792,1.8024826737965336,7.703017138876489,1.7935278915070745
3.645662825901125,0.009484916160219717,0.580351236784376,-0.5804287386581968,108,7.702320170170192,1.8034152767301401,7.705564202554743,1.7945023710056087
3.6483895744620085,0.009440352050173186,0.577624488221883,-0.5777016259589883,108,7.704882475671592,1.8043478796637467,7.708111266232837,1.7954768505045777
3.651116323022892,0.00939578793965687,0.5748977396593735,-0.5749745132597722,108,7.707444781172994,1.805280482597353,7.710658329910773,1.7964513300039882
3.6538430715837755,0.009351223828663791,0.5721709910968478,-0.5722474005605483,108,7.710007086674395,1.8062130855309595,7.713205393588545,1.7974258095038467
3.656569820144659,0.00930665971718686,0.5694442425343055,-0.5695202878613166,108,7.712569392175795,1.8071456884645658,7.71575245726615,1.7984002890041597
3.6592965687055425,0.009262095605218915,0.5667174939717468,-0.5667931751620767,108,7.7151316976771955,1.8080782913981723,7.718299520943589,1.7993747685049346
3.662023317266426,0.009217531492752696,0.5639907454091712,-0.5640660624628288,108,7.717694003178597,1.8090108943317786,7.7208465846208565,1.8003492480061771
3.6647500658273096,0.009172967379780848,0.5612639968465791,-0.5613389497635726,108,7.720256308679998,1.8099434972653852,7.723393648297952,1.8013237275078953
3.667476814388193,0.009128403266295928,0.5585372482839701,-0.558611837064308,108,7.722818614181398,1.8108761001989917,7.7259407119748715,1.8022982070100955
3.6702035629490766,0.009083839152290385,0.5558104997213444,-0.5558847243650349,108,7.725380919682799,1.811808703132598,7.728487775651613,1.8032726865127846
3.67293031150996,0.009039275037756584,0.5530837511587017,-0.5531576116657532,108,7.7279432251842,1.8127413060662045,7.731034839328173,1.8042471660159705
3.6756570600708436,0.008994710922686775,0.550357002596042,-0.5504304989664627,108,7.730505530685601,1.8136739089998108,7.733581903004551,1.8052216455196597
3.678383808631727,0.008950146807073121,0.5476302540333651,-0.5477033862671633,108,7.733067836187002,1.8146065119334174,7.736128966680743,1.8061961250238603
3.6811105571926106,0.008905582690907668,0.5449035054706711,-0.5449762735678549,108,7.735630141688403,1.815539114867024,7.7386760303567454,1.8071706045285791
3.683837305753494,0.00886101857418237,0.5421767569079597,-0.5422491608685374,108,7.738192447189803,1.8164717178006302,7.741223094032557,1.8081450840338242
3.6865640543143776,0.00881645445688907,0.539450008345231,-0.5395220481692106,108,7.740754752691204,1.8174043207342367,7.743770157708174,1.8091195635396031
3.689290802875261,0.008771890339019504,0.5367232597824849,-0.5367949354698743,108,7.743317058192606,1.818336923667843,7.7463172213835945,1.8100940430459231
3.6920175514361446,0.008727326220565301,0.5339965112197214,-0.5340678227705286,108,7.745879363694006,1.8192695266014496,7.748864285058813,1.811068522552793
3.694744299997028,0.008682762101517968,0.53126976265694,-0.531340710071173,108,7.748441669195406,1.8202021295350561,7.75141134873383,1.81204300206022
3.6974710485579116,0.008638197981868913,0.5285430140941411,-0.5286135973718077,108,7.751003974696808,1.8211347324686624,7.753958412408642,1.8130174815682125
3.700197797118795,0.008593633861609423,0.5258162655313244,-0.5258864846724324,108,7.753566280198209,1.822067335402269,7.756505476083245,1.8139919610767787
3.7029245456796787,0.008549069740730667,0.5230895169684899,-0.523159371973047,108,7.756128585699609,1.8229999383358753,7.759052539757635,1.8149664405859265
3.705651294240562,0.0085045056192237,0.5203627684056374,-0.5204322592736512,108,7.7586908912010095,1.8239325412694818,7.761599603431811,1.8159409200956649
3.7083780428014457,0.008459941497079449,0.517636019842767,-0.5177051465742452,108,7.761253196702411,1.824865144203088,7.764146667105768,1.8169153996060021
3.711104791362329,0.008415377374288723,0.5149092712798784,-0.5149780338748284,108,7.763815502203812,1.8257977471366946,7.766693730779505,1.8178898791169469
3.7138315399232127,0.008370813250842206,0.5121825227169716,-0.512250921175401,108,7.766377807705212,1.8267303500703012,7.769240794453018,1.8188643586285078
3.716558288484096,0.008326249126730455,0.5094557741540466,-0.5095238084759628,108,7.768940113206614,1.8276629530039075,7.771787858126303,1.8198388381406938
3.7192850370449797,0.008281685001943897,0.5067290255911033,-0.5067966957765135,108,7.771502418708014,1.828595555937514,7.7743349217993565,1.820813317653514
3.722011785605863,0.008237120876472829,0.5040022770281415,-0.5040695830770531,108,7.774064724209415,1.8295281588711203,7.776881985472177,1.8217877971669771
3.7247385341667467,0.008192556750307415,0.5012755284651612,-0.5013424703775813,108,7.776627029710816,1.8304607618047268,7.779429049144761,1.8227622766810931
3.7274652827276302,0.008147992623437681,0.4985487799021623,-0.49861535767809795,108,7.779189335212217,1.8313933647383334,7.781976112817102,1.8237367561958708
3.7301920312885137,0.008103428495853517,0.49582203133914465,-0.49588824497860295,108,7.781751640713617,1.8323259676719397,7.7845231764891984,1.8247112357113198
3.7329187798493972,0.008058864367544676,0.49309528277610826,-0.49316113227909614,108,7.784313946215018,1.8332585706055462,7.787070240161048,1.82568571522745
3.7356455284102807,0.008014300238500758,0.490368534213053,-0.4904340195795773,108,7.78687625171642,1.8341911735391525,7.789617303832647,1.8266601947442707
3.7383722769711643,0.007969736108711226,0.4876417856499788,-0.48770690688004625,108,7.78943855721782,1.835123776472759,7.792164367503989,1.8276346742617922
3.7410990255320478,0.007925171978165392,0.4849150370868855,-0.48497979418050285,108,7.79200086271922,1.8360563794063653,7.794711431175073,1.828609153780024
3.7438257740929313,0.007880607846852423,0.48218828852377305,-0.4822526814809469,108,7.794563168220622,1.8369889823399719,7.797258494845895,1.8295836332989772
3.7465525226538148,0.007836043745686375,0.4794615400499938,-0.4795255687818836,107,7.797125473722023,1.8379215852735784,7.799805558527028,1.8305581127896013
3.7492792712146983,0.007791479645037163,0.4767347914905953,-0.4767984560828288,107,7.799687779223423,1.8388541882071847,7.802352622208338,1.8315325922797396
3.752006019775582,0.007746915543548021,0.4740080429273126,-0.4740713433837602,107,7.8022500847248235,1.8397867911407912,7.804899685889359,1.8325070717706675
3.7547327683364653,0.00770235144114547,0.4712812943638348,-0.47134423068467673,107,7.804812390226225,1.8407193940743976,7.80744674957007,1.8334815512624534
3.757459516897349,0.0076577873378137935,0.46855454580032757,-0.46861711798557804,107,7.807374695727626,1.841651997008004,7.809993813250463,1.8344560307551128
3.7601862654582323,0.007613223233539695,0.4658277972367983,-0.46589000528646396,107,7.809937001229027,1.8425845999416106,7.812540876930533,1.8354305102486574
3.762913014019116,0.007568659128309807,0.463101048673247,-0.46316289258733423,107,7.812499306730428,1.843517202875217,7.815087940610275,1.8364049897431003
3.7656397625799993,0.0075240950221105675,0.46037430010967373,-0.4604357798881887,107,7.815061612231828,1.8444498058088235,7.817635004289686,1.8373794692384542
3.768366511140883,0.007479530914928226,0.45764755154607833,-0.4577086671890271,107,7.817623917733229,1.8453824087424298,7.820182067968761,1.8383539487347316
3.7710932597017663,0.0074349668067488234,0.45492080298246074,-0.45498155448984917,107,7.82018622323463,1.8463150116760363,7.822729131647496,1.8393284282319462
3.77382000826265,0.007390402697558202,0.4521940544188209,-0.4522544417906547,107,7.822748528736031,1.8472476146096426,7.825276195325884,1.840302907730111
3.7765467568235334,0.007345838587341994,0.44946730585515854,-0.44952732909144355,107,7.825310834237431,1.8481802175432491,7.827823259003921,1.8412773872292394
3.779273505384417,0.007301274476085617,0.44674055729147366,-0.44680021639221534,107,7.827873139738832,1.8491128204768557,7.8303703226816035,1.8422518667293455
3.7820002539453004,0.007256710363774279,0.44401380872776636,-0.44407310369296993,107,7.830435445240234,1.850045423410462,7.8329173863589245,1.8432263462304426
3.784727002506184,0.007212146250392965,0.4412870601640361,-0.441345990993707,107,7.832997750741634,1.8509780263440685,7.835464450035879,1.8442008257325455
3.7874537510670674,0.007167582135926431,0.43856031160028325,-0.43861887829442636,107,7.835560056243034,1.8519106292776748,7.838011513712463,1.8451753052356679
3.790180499627951,0.0071230180203592135,0.4358335630365074,-0.4358917655951277,107,7.8381223617444356,1.8528432322112813,7.84055857738867,1.8461497847398247
3.7929072481888344,0.0070784539036756085,0.4331068144727085,-0.43316465289581085,107,7.840684667245837,1.8537758351448879,7.843105641064496,1.8471242642450307
3.795633996749718,0.0070338897858596774,0.43038006590888644,-0.43043754019647545,107,7.843246972747238,1.8547084380784942,7.845652704739934,1.8480987437513003
3.7983607453106014,0.006989325666895237,0.42765331734504114,-0.4277104274971213,107,7.845809278248638,1.8556410410121007,7.84819976841498,1.8490732232586498
3.801087493871485,0.00694476154676586,0.4249265687811725,-0.4249833147977481,107,7.848371583750039,1.856573643945707,7.8507468320896265,1.8500477027670934
3.8038142424323684,0.006900197425454868,0.42219982021728053,-0.4222562020983556,107,7.85093388925144,1.8575062468793135,7.853293895763869,1.8510221822766477
3.806540990993252,0.006855633302945319,0.41947307165336506,-0.41952908939894357,107,7.853496194752841,1.85843884981292,7.855840959437702,1.8519966617873282
3.8092677395541354,0.00681106917922002,0.41674632308942583,-0.41680197669951163,107,7.856058500254242,1.8593714527465264,7.85838802311112,1.852971141299151
3.811994488115019,0.0067665050542615,0.4140195745254629,-0.41407486400005955,107,7.858620805755642,1.860304055680133,7.860935086784115,1.8539456208121328
3.8147212366759025,0.0067219409280520215,0.4112928259614761,-0.41134775130058704,107,7.861183111257043,1.8612366586137392,7.863482150456682,1.8549201003262898
3.817447985236786,0.0066773768005735645,0.40856607739746537,-0.40862063860109377,107,7.863745416758444,1.8621692615473457,7.866029214128816,1.8558945798416397
3.8201747337976695,0.006632812671807827,0.4058393288334305,-0.40589352590157945,107,7.866307722259845,1.863101864480952,7.868576277800509,1.856869059358199
3.822901482358553,0.006588248541736218,0.4031125802693714,-0.4031664132020438,107,7.868870027761245,1.8640344674145586,7.871123341471755,1.8578435388759855
3.8256282309194365,0.006543684410339845,0.40038583170528813,-0.40043930050248655,107,7.871432333262646,1.8649670703481651,7.873670405142549,1.858818018395017
3.82835497948032,0.006499120277599521,0.3976590831411804,-0.3977121878029073,107,7.873994638764048,1.8658996732817714,7.876217468812883,1.859792497915311
3.8310817280412035,0.006454556143495745,0.3949323345770482,-0.39498507510330577,107,7.876556944265448,1.866832276215378,7.87876453248275,1.8607669774368867
3.833808476602087,0.0064099920457537565,0.39220558610221407,-0.39225796240429844,106,7.879119249766848,1.8677648791489843,7.8813115961650535,1.8617414569242932
3.8365352251629705,0.006365427947856868,0.3894788375409666,-0.38953084970528856,106,7.8816815552682495,1.8686974820825908,7.883858659847305,1.8627159364118453
3.839261973723854,0.006320863848412859,0.3867520889764726,-0.3868037370062534,106,7.884243860769651,1.8696300850161973,7.886405723529027,1.8636904159008514
3.8419887222847375,0.006276299747347486,0.3840253404118318,-0.38407662430719175,106,7.886806166271052,1.8705626879498036,7.8889527872101946,1.8646648953913807
3.844715470845621,0.006231735644635283,0.3812985918471589,-0.3813495116081032,106,7.889368471772452,1.8714952908834102,7.891499850890798,1.8656393748834579
3.8474422194065045,0.006187171540252215,0.378571843282458,-0.37862239890898736,106,7.891930777273853,1.8724278938170165,7.89404691457083,1.866613854377105
3.850168967967388,0.0061426074341739125,0.3758450947177291,-0.3758952862098438,106,7.894493082775254,1.873360496750623,7.896593978250284,1.8675883338723451
3.8528957165282716,0.0060980433263756,0.37311834615297207,-0.3731681735106721,106,7.897055388276655,1.8742930996842293,7.899141041929148,1.8685628133692014
3.855622465089155,0.0060534792168320875,0.3703915975881868,-0.37044106081147193,106,7.899617693778056,1.8752257026178358,7.901688105607415,1.8695372928676979
3.8583492136500386,0.006008915105517754,0.3676648490233732,-0.3677139481122428,106,7.902179999279456,1.8761583055514424,7.9042351692850765,1.8705117723678584
3.861075962210922,0.00596435099240655,0.3649381004585312,-0.36498683541298427,106,7.904742304780857,1.8770909084850487,7.906782232962125,1.871486251869707
3.8638027107718056,0.0059197868774719786,0.3622113518936606,-0.362259722713696,106,7.907304610282258,1.8780235114186552,7.909329296638549,1.8724607313732695
3.866529459332689,0.005875222760687078,0.35948460332876125,-0.3595326100143775,106,7.909866915783659,1.8789561143522615,7.911876360314339,1.8734352108785703
3.8692562078935726,0.005830658642024428,0.35675785476383304,-0.35680549731502825,106,7.912429221285059,1.879888717285868,7.914423423989487,1.874409690385636
3.871982956454456,0.00578609452145613,0.35403110619887596,-0.3540783846156479,106,7.91499152678646,1.8808213202194746,7.916970487663985,1.8753841698944924
3.8747097050153396,0.0057415303989537935,0.35130435763388973,-0.35135127191623594,106,7.917553832287862,1.8817539231530809,7.919517551337821,1.876358649405166
3.877436453576223,0.005696966274488526,0.34857760906887425,-0.3486241592167919,106,7.920116137789263,1.8826865260866874,7.922064615010985,1.8773331289176844
3.8801632021371066,0.005652402148030925,0.3458508605038294,-0.3458970465173153,106,7.922678443290663,1.8836191290202937,7.924611678683467,1.8783076084320747
3.88288995069799,0.005607838019551064,0.34312411193875514,-0.34316993381780564,106,7.9252407487920635,1.8845517319539002,7.927158742355258,1.8792820879483654
3.8856166992588737,0.005563273889018479,0.3403973633736513,-0.34044282111826246,106,7.927803054293465,1.8854843348875068,7.929705806026347,1.8802565674665852
3.888343447819757,0.005518709756402152,0.3376706148085177,-0.3377157084186852,106,7.930365359794866,1.886416937821113,7.932252869696724,1.8812310469867628
3.8910701963806407,0.005474145621670501,0.3349438662433543,-0.3349885957190734,106,7.932927665296266,1.8873495407547196,7.934799933366375,1.8822055265089284
3.893796944941524,0.005429581484791368,0.33221711767816087,-0.33226148301942654,106,7.935489970797667,1.888282143688326,7.937346997035293,1.8831800060331116
3.8965236935024077,0.005385017390591301,0.3294903692022378,-0.32953437032047705,105,7.938052276299068,1.8892147466219325,7.939894060718809,1.8841544855171901
3.899250442063291,0.005340453295343749,0.3267636206392863,-0.32680725762151047,105,7.940614581800469,1.8901473495555388,7.942441124401967,1.8851289650022525
3.9019771906241747,0.005295889197621764,0.324036872073558,-0.3240801449225035,105,7.9431768873018695,1.8910799524891453,7.9449881880842765,1.8861034444896403
3.904703939185058,0.005251325097342966,0.32131012350771015,-0.3213530322234547,105,7.94573919280327,1.8920125554227518,7.9475352517657125,1.8870779239794309
3.9074306877459417,0.005206760994466684,0.31858337494182576,-0.3186259195243634,105,7.948301498304671,1.8929451583563581,7.950082315446261,1.888052403471662
3.910157436306825,0.00516219688895283,0.31585662637590733,-0.3158988068252291,105,7.950863803806072,1.8938777612899647,7.9526293791259075,1.8890268829663717
3.9128841848677087,0.005117632780760589,0.31312987780995466,-0.31317169412605095,105,7.953426109307473,1.894810364223571,7.955176442804636,1.890001362463598
3.9156109334285922,0.005073068669848361,0.31040312924396785,-0.3104445814268284,105,7.955988414808874,1.8957429671571775,7.957723506482436,1.8909758419633809
3.9183376819894757,0.005028504556173736,0.30767638067794645,-0.3077174687275607,105,7.958550720310274,1.896675570090784,7.960270570159291,1.8919503214657591
3.9210644305503592,0.004983940439693473,0.3049496321118906,-0.30499035602824714,105,7.961113025811676,1.8976081730243903,7.962817633835186,1.892924800970774
3.9237911791112428,0.004939376320363477,0.3022228835457999,-0.30226324332888704,105,7.963675331313077,1.8985407759579969,7.965364697510107,1.8938992804784667
3.9265179276721263,0.004894812198138777,0.2994961349796744,-0.29953613062947965,105,7.966237636814477,1.8994733788916032,7.967911761184037,1.8948737599888792
3.9292446762330098,0.004850248072973503,0.29676938641351386,-0.2968090179300242,105,7.9687999423158775,1.9004059818252097,7.970458824856961,1.8958482395020555
3.9319714247938933,0.004805683944820854,0.294042637847318,-0.29408190523051986,105,7.971362247817279,1.901338584758816,7.973005888528864,1.8968227190180385
3.934698173354777,0.004761119813633075,0.2913158892810869,-0.29135479253096597,105,7.97392455331868,1.9022711876924225,7.975552952199729,1.897797198536874
3.9374249219156603,0.00471655567936144,0.2885891407148204,-0.28862767983136167,105,7.97648685882008,1.903203790626029,7.978100015869539,1.8987716780586072
3.940151670476544,0.004671991541956213,0.2858623921485183,-0.2859005671317062,105,7.979049164321481,1.9041363935596354,7.980647079538277,1.899746157583285
3.9428784190374273,0.004627427401366615,0.2831356435821803,-0.28317345443199865,105,7.981611469822882,1.905068996493242,7.983194143205926,1.900720637110955
3.945605167598311,0.00458286331006675,0.28040889510492073,-0.28044634173309657,104,7.984173775324283,1.9060015994268482,7.9857412068904345,1.901695116592308
3.9483319161591943,0.004538299216527586,0.27768214654027484,-0.2777192290341579,104,7.9867360808256835,1.9069342023604547,7.988288270574175,1.9026695960757654
3.951058664720078,0.004493735119285693,0.2749553979732305,-0.27499211633515874,104,7.989298386327084,1.9078668052940613,7.99083533425665,1.903644075562702
3.9537854132809613,0.004449171018241676,0.2722286494060829,-0.27226500363609746,104,7.991860691828485,1.9087994082276676,7.9933823979378245,1.9046185550532113
3.956512161841845,0.004404606913331704,0.26950190083889336,-0.269537890936973,104,7.994422997329886,1.9097320111612741,7.995929461617678,1.9055930345473537
3.9592389104027284,0.00436004280449155,0.2667751522716632,-0.2668107782377843,104,7.996985302831288,1.9106646140948804,7.998476525296186,1.906567514045189
3.961965658963612,0.004315478691655601,0.26404840370439236,-0.2640836655385303,104,7.999547608332688,1.911597217028487,8.001023588973327,1.9075419935467794
3.9646924075244954,0.004270914574756779,0.2613216551370806,-0.2613565528392099,104,8.002109913834088,1.9125298199620935,8.003570652649078,1.9085164730521875
3.967419156085379,0.0042263504537265,0.25859490656972794,-0.258629440139822,104,8.00467221933549,1.9134624228956998,8.006117716323418,1.9094909525614778
3.9701459046462624,0.004181786328494626,0.25586815800233403,-0.2559023274403654,104,8.00723452483689,1.9143950258293063,8.00866477999632,1.9104654320747165
3.972872653207146,0.004137222198989412,0.2531414094348988,-0.253175214740839,104,8.009796830338292,1.9153276287629126,8.01121184366776,1.9114399115919707
3.9755994017680294,0.004092658065137453,0.2504146608674221,-0.25044810204124157,104,8.012359135839692,1.9162602316965192,8.013758907337714,1.9124143911133096
3.978326150328913,0.004048093926863631,0.2476879122999037,-0.24772098934157188,104,8.014921441341093,1.9171928346301255,8.016305971006155,1.9133888706388034
3.9810528988897964,0.004003529784091061,0.24496116373234336,-0.24499387664182867,104,8.017483746842494,1.918125437563732,8.018853034673057,1.914363350168525
3.98377964745068,0.0039589656975253735,0.24223441525396225,-0.24226676394300395,103,8.020046052343893,1.9190580404973385,8.021400098359182,1.9153378296454293
3.9865063960115634,0.003914401607205825,0.23950766668763018,-0.23953965124411788,103,8.022608357845295,1.9199906434309448,8.023947162044026,1.916312309125861
3.989233144572447,0.003869837511621031,0.2367809181191903,-0.23681253854514578,103,8.025170663346696,1.9209232463645514,8.026494225727067,1.9172867886112406
3.9919598931333304,0.0038252734106435757,0.23405416955065575,-0.23408542584608555,103,8.027732968848097,1.9218558492981577,8.029041289408266,1.9182612681016873
3.994686641694214,0.0037807093041762373,0.23132742098207293,-0.2313583131469356,103,8.030295274349498,1.9227884522317642,8.031588353087585,1.9192357475972932
3.9974133902550975,0.0037361451921201325,0.22860067241344276,-0.22863120044769436,103,8.032857579850898,1.9237210551653707,8.034135416764991,1.9202102270981507
4.000140138815981,0.003691581074373901,0.22587392384476507,-0.22590408774836013,103,8.0354198853523,1.924653658098977,8.036682480440454,1.921184706604355
4.0028668873768645,0.003647016950833589,0.22314717527603964,-0.2231769750489312,103,8.0379821908537,1.9255862610325836,8.039229544113935,1.9221591861160041
4.005593635937748,0.003602452821392562,0.22042042670726628,-0.22044986234940583,103,8.040544496355102,1.9265188639661899,8.041776607785398,1.9231336656331979
4.0083203844986315,0.0035578886859413965,0.21769367813844478,-0.21772274964978228,103,8.043106801856503,1.9274514668997964,8.044323671454805,1.9241081451560396
4.011047133059515,0.0035133245443677782,0.214966929569575,-0.21499563695005866,103,8.045669107357902,1.9283840698334027,8.046870735122116,1.9250826246846342
4.0137738816203985,0.0034687603965563927,0.21224018100065672,-0.21226852425023313,103,8.048231412859304,1.9293166727670092,8.049417798787296,1.9260571042190908
4.016500630181282,0.0034241963123040845,0.20951343252060553,-0.2095414115514462,102,8.050793718360705,1.9302492757006158,8.051964862474215,1.9270315836938212
4.0192273787421655,0.0033796322222750504,0.20678668395246988,-0.2068142988525649,102,8.053356023862104,1.931181878634222,8.054511926159154,1.92800606317398
4.021954127303049,0.003335068124901712,0.20405993538248626,-0.20408718615356355,102,8.055918329363505,1.9321144815678286,8.057058989841586,1.9289805426610402
4.0246808758639325,0.0032905040200119674,0.20133318681241227,-0.2013600734544394,102,8.058480634864907,1.933047084501435,8.059606053521446,1.9299550221551633
4.027407624424816,0.003245939907458197,0.19860643824228294,-0.19863296075519002,102,8.061042940366308,1.9339796874350415,8.062153117198683,1.9309295016564885
4.0301343729856995,0.0032013757870891354,0.19587968967209882,-0.19590584805581293,102,8.06360524586771,1.934912290368648,8.064700180873249,1.9319039811651577
4.032861121546583,0.0031568116587491323,0.1931529411018597,-0.1931787353563056,102,8.066167551369109,1.9358448933022543,8.067247244545086,1.9328784606813167
4.035587870107467,0.003112247522277952,0.19042619253156534,-0.19045162265666535,102,8.06872985687051,1.9367774962358608,8.069794308214144,1.933852940205117
4.03831461866835,0.003067683377510579,0.18769944396121557,-0.18772450995688955,102,8.071292162371911,1.9377100991694671,8.072341371880364,1.9348274197367128
4.041041367229234,0.003023119304011244,0.1849726954804883,-0.18499739725827835,101,8.073854467873312,1.9386427021030737,8.07488843557096,1.9358018992013388
4.043768115790117,0.0029785552223463804,0.18224594691055448,-0.18227028455953373,101,8.076416773374714,1.9395753050366802,8.077435499258764,1.936776378673638
4.046494864351001,0.0029339911308626093,0.17951919833894853,-0.17954317186062865,101,8.078979078876113,1.9405079079702865,8.079982562943208,1.9377508581551637
4.049221612911884,0.002889427029326437,0.17679244976725178,-0.1768160591615593,101,8.081541384377514,1.941440510903893,8.082529626624213,1.9387253376461355
4.051948361472768,0.0028448629175235295,0.17406570119549228,-0.17408894646232217,101,8.084103689878916,1.9423731138374993,8.085076690301708,1.939699817146755
4.054675110033651,0.0028002987952330765,0.17133895262367016,-0.17136183376291367,101,8.086665995380315,1.9433057167711059,8.087623753975615,1.9406742966572297
4.057401858594535,0.0027557346622270086,0.16861220405178529,-0.16863472106333008,101,8.089228300881716,1.9442383197047122,8.090170817645859,1.9416487761777734
4.060128607155418,0.0027111705182696357,0.16588545547983735,-0.16590760836356752,101,8.091790606383118,1.9451709226383187,8.092717881312357,1.9426232557086085
4.062855355716302,0.002666606363117272,0.16315870690782613,-0.16318049566362203,101,8.094352911884519,1.9461035255719252,8.095264944975025,1.9435977352499632
4.065582104277185,0.0026220421965178335,0.16043195833575133,-0.16045338296348946,101,8.09691521738592,1.9470361285055315,8.09781200863378,1.9445722148020745
4.068308852838069,0.0025774780182104043,0.15770520976361277,-0.15772627026316557,101,8.09947752288732,1.947968731439138,8.100359072288526,1.9455466943651878
4.071035601398952,0.002532913827924786,0.15497846119141012,-0.15499915756264596,101,8.10203982838872,1.9489013343727444,8.102906135939179,1.946521173939557
4.073762349959836,0.0024883496253809974,0.15225171261914322,-0.15227204486192603,101,8.104602133890122,1.949833937306351,8.10545319958564,1.947495653525445
4.076489098520719,0.0024437854102887565,0.14952496404681176,-0.14954493216100104,101,8.107164439391523,1.9507665402399574,8.108000263227808,1.948470133123125
4.079215847081603,0.0023992211823469097,0.14679821547441554,-0.14681781945986608,101,8.109726744892924,1.9516991431735637,8.11054732686558,1.949444612732879
4.081942595642486,0.0023546569412428286,0.14407146690195421,-0.14409070675851604,101,8.112289050394324,1.9526317461071703,8.113094390498851,1.950419092355002
4.08466934420337,0.002310092686651753,0.14134471832942763,-0.1413635940569456,101,8.114851355895725,1.9535643490407766,8.115641454127509,1.9513935719897983
4.087396092764253,0.0022655284182360926,0.13861796975683546,-0.13863648135514925,101,8.117413661397126,1.9544969519743831,8.11818851775144,1.9523680516375859
4.090122841325137,0.0022209641356446667,0.13589122118417746,-0.13590936865312125,101,8.119975966898526,1.9554295549079894,8.12073558137052,1.953342531298694
4.09284958988602,0.002176399838511883,0.1331644726114534,-0.13318225595085562,101,8.122538272399927,1.956362157841596,8.123282644984629,1.9543170109734667
4.095576338446904,0.002131835526456853,0.13043772403866297,-0.13045514324834614,101,8.125100577901328,1.9572947607752025,8.125829708593633,1.9552914906622618
4.098303087007787,0.0020872711990824297,0.12771097546580595,-0.12772803054558635,101,8.12766288340273,1.9582273637088088,8.128376772197399,1.9562659703654521
4.101029835568671,0.002042706855974166,0.12498422689288209,-0.12500091784256942,101,8.13022518890413,1.9591599666424153,8.130923835795784,1.9572404500834275
4.103756584129554,0.001998142496699182,0.1222574783198911,-0.12227380513928832,101,8.13278749440553,1.9600925695760216,8.133470899388637,1.9582149298165947
4.106483332690438,0.001953578120804926,0.11953072974683271,-0.11954669243573564,101,8.135349799906932,1.9610251725096282,8.136017962975806,1.959189409565379
4.109210081251321,0.0019090137278178314,0.11680398117370669,-0.11681957973190364,101,8.137912105408333,1.9619577754432347,8.138565026557131,1.9601638893302253
4.111936829812205,0.001864449317241839,0.11407723260051274,-0.11409246702778422,101,8.140474410909732,1.962890378376841,8.141112090132438,1.9611383691115996
4.114663578373088,0.0018198848885567834,0.11135048402725062,-0.11136535432336887,101,8.143036716411135,1.9638229813104475,8.143659153701556,1.9621128489099908
4.117390326933972,0.0017753204412166207,0.10862373545392001,-0.10863824161864867,101,8.145599021912535,1.9647555842440538,8.146206217264288,1.9630873287259123
4.120117075494855,0.0017307559746474758,0.1058969868805207,-0.10591112891361425,101,8.148161327413936,1.9656881871776604,8.148753280820447,1.964061808559903
4.122843824055739,0.001686191488245493,0.1031702383070524,-0.10318401620825574,101,8.150723632915337,1.966620790111267,8.15130034436982,1.9650362884125305
4.125570572616622,0.0016416269813744524,0.1004434897335148,-0.10045690350256273,101,8.153285938416737,1.9675533930448732,8.153847407912194,1.9660107682843926
4.128297321177506,0.001597062453363133,0.09771674115990767,-0.09772979079652426,101,8.155848243918138,1.9684859959784797,8.156394471447337,1.96698524817612
4.131024069738389,0.001552497903502379,0.0949899925862307,-0.09500267809012874,101,8.15841054941954,1.969418598912086,8.158941534975007,1.9679597280883792
4.133750818299273,0.001507933331041829,0.09226324401248362,-0.09227556538336391,101,8.16097285492094,1.9703512018456926,8.161488598494948,1.9689342080218755
4.136477566860156,0.0014633687351862604,0.08953649543866612,-0.08954845267621678,101,8.163535160422342,1.9712838047792989,8.164035662006889,1.9699086879773555
4.13920431542104,0.0014188041150914822,0.08680974686477799,-0.08682133996867354,101,8.166097465923741,1.9722164077129054,8.166582725510535,1.9708831679556134
4.141931063981923,0.0013742394698597208,0.08408299829081887,-0.08409422726071954,101,8.168659771425142,1.973149010646512,8.169129789005588,1.971857647957492
4.144657812542807,0.0013296747985343954,0.08135624971678852,-0.08136711455233914,101,8.171222076926544,1.9740816135801182,8.171676852491714,1.9728321279838905
4.14738456110369,0.0012851101000942024,0.0786295011426866,-0.07864000184351563,101,8.173784382427943,1.9750142165137248,8.174223915968566,1.9738066080357688
4.150111309664574,0.0012405453734463713,0.07590275256851287,-0.07591288913423118,101,8.176346687929344,1.975946819447331,8.176770979435773,1.9747810881141534
4.152838058225457,0.0011959806174189555,0.07317600399426695,-0.07318577642446662,101,8.178908993430746,1.9768794223809376,8.17931804289293,1.975755568220146
4.155564806786341,0.0011514158307519677,0.07044925541994859,-0.07045866371420138,101,8.181471298932147,1.9778120253145441,8.181865106339608,1.9767300483549304
4.158291555347224,0.0011068510120871447,0.06772250684555749,-0.06773155100341324,101,8.184033604433548,1.9787446282481505,8.184412169775342,1.9777045285197827
4.161018303908108,0.0010622861599560614,0.06499575827109326,-0.06500443829207822,101,8.186595909934947,1.979677231181757,8.186959233199628,1.9786790087160833
4.163745052468991,0.00101772118259291,0.06226900966143599,-0.06227732557869673,102,8.189158215436349,1.9806098341153633,8.189506296581085,1.9796534890300632
4.166471801029875,0.0009731561715447854,0.05954226108798375,-0.05955021286476478,102,8.19172052093775,1.9815424370489698,8.19205335995102,1.980627969375697
4.169198549590758,0.0009285911257237881,0.056815512514693745,-0.05682310015026459,102,8.194282826439151,1.9824750399825761,8.194600423309062,1.9816024497540061
4.171925298151642,0.0008840260432663033,0.054088763941337416,-0.0540959874351657,102,8.196845131940552,1.9834076429161827,8.197147486654574,1.9825769301667426
4.174652046712525,0.0008394609221154831,0.051362015367913044,-0.05136887471943451,102,8.199407437441952,1.9843402458497892,8.19969454998685,1.9835514106158392
4.177378795273409,0.0007948957599948858,0.04863526679442025,-0.04864176200303381,102,8.201969742943353,1.9852728487833955,8.202241613305116,1.9845258911034342
4.1801055438342924,0.0007503305543714913,0.04590851822085867,-0.045914649285922204,102,8.204532048444754,1.986205451717002,8.204788676608501,1.9855003716319088
4.182832292395176,0.0007057653024098781,0.043181769647227856,-0.04318753656805336,102,8.207094353946154,1.9871380546506083,8.207335739896038,1.986474852203927
4.1855590409560595,0.0006612000009147947,0.04045502107352738,-0.040460423849375066,102,8.209656659447555,1.9880706575842149,8.209882803166634,1.9874493328224916
4.188285789516943,0.0006166346462582015,0.037728272499756736,-0.03773331112982803,102,8.212218964948956,1.9890032605178214,8.212429866419049,1.9884238134910117
4.1910125380778265,0.0005720692342851486,0.035001523925915365,-0.035006198409344345,102,8.214781270450358,1.9899358634514277,8.21497692965186,1.9893982942133912
4.19373928663871,0.0005275037601902165,0.032274775352002606,-0.03227908568784549,102,8.217343575951759,1.9908684663850342,8.217523992863423,1.9903727749941467
4.1964660351995935,0.0004829382183520265,0.029548026778017704,-0.0295519729652396,102,8.219905881453158,1.9918010693186405,8.220071056051816,1.9913472558385596
4.199192783760477,0.00043837260210637905,0.026821278203959693,-0.026824860241417767,102,8.22246818695456,1.992733672252247,8.222618119214761,1.992321736752893
4.2019195323213605,0.0003938069034266486,0.0240945296298274,-0.02409774751624882,102,8.22503049245596,1.9936662751858534,8.225165182349514,1.993296217744689
4.204646280882244,0.0003492411124586268,0.021367781055619234,-0.021370634789571723,102,8.227592797957362,1.99459887811946,8.2277122454527,1.9942706988232075
4.2073730294431275,0.000304675216816271,0.01864103248133306,-0.018643522061184064,102,8.230155103458763,1.9955314810530664,8.230259308520086,1.9952451800000879
4.210099778004011,0.0002601092004620374,0.015914283906965733,-0.015916409330823753,102,8.232717408960163,1.9964640839866727,8.232806371546186,1.9962196612904
4.2128265265648945,0.0002155430418124605,0.013187535332512467,-0.013189296598138073,102,8.235279714461564,1.9973966869202793,8.235353434523617,1.9971941427144264
4.215553275125778,0.000170976710258864,0.010460786757965383,-0.01046218386262681,102,8.237842019962965,1.9983292898538856,8.237900497441913,1.9981686243009291
4.2182800236866616,0.00012641015900937338,0.007734038183310287,-0.00773507112352528,102,8.240404325464365,1.9992618927874921,8.240447560285066,1.9991431060938787
4.221006772247545,8.184321730600051e-05,0.005007289604330981,-0.005007958378042913,103,8.242966630965766,2.0001944957210984,8.24299462299468,2.0001175882537345
4.223733520808429,3.727585218177037e-05,0.002280541030742338,-0.0022808456256408973,103,8.245528936467167,2.001127098654705,8.245541685559473,2.0010920708114766
