time_s,wave_elevation_m,surge_m,sway_m,heave_m,roll_rad,pitch_rad,yaw_rad,cg_accel_mps2,bow_accel_mps2
0.0,0.0,0.0,0.0,0.02137262121302673,0.0,0.010212347527960165,0.0,-2.3374067820295927,-3.6809997550979103
0.0062585017761743545,0.0022891095230550074,0.0,0.0,0.02115475042567489,0.0,0.007997103812879457,0.0,-2.313579444667158,-3.3657226916987133
0.012517003552348709,0.0045684167277018056,0.0,0.0,0.020846291749263942,0.0,0.005747615271534283,0.0,-2.2798450049354804,-3.0360330870185144
0.018775505328523064,0.006828161270564489,0.0,0.0,0.020448566051201714,0.0,0.003473514559206452,0.0,-2.236347918884497,-2.6933427225594238
0.025034007104697418,0.009058666578588226,0.0,0.0,0.019963276453987266,0.0,0.001184539724272443,0.0,-2.1832744477144708,-2.3391190510728364
0.031292508880871775,0.011250381285610655,0.0,0.0,0.01939250104217889,0.0,-0.0011095074916147485,0.0,-2.1208518601769404,-1.974878912701465
0.03755101065704613,0.013393920132778143,0.0,0.0,0.018738683963716977,0.0,-0.0033988036260881585,0.0,-2.0493474593750314,-1.6021820396369792
0.04380951243322048,0.015480104157665046,0.0,0.0,0.01800462496370733,0.0,-0.0056735455616408305,0.0,-1.9690674381305326,-1.2226243771073066
0.050068014209394836,0.017499999999999998,0.0,0.0,0.017193467395482775,0.0,-0.007923992504079994,0.0,-1.8803555678192263,-0.8378312492941518
0.05632651598556919,0.019444958155686073,0.0,0.0,0.016308684760281633,0.0,-0.010140507694103228,0.0,-1.7835917262890797,-0.44945039944532605
0.06258501776174355,0.021306650015305222,0.0,0.0,0.015354065833182126,0.0,-0.012313599673381252,0.0,-1.6791902711649795,-0.05914493398519394
0.0688435195379179,0.023077103528502407,0.0,0.0,0.014333698438985862,0.0,-0.014433962928439643,0.0,-1.5675982655057705,0.33141379916235825
0.07510202131409226,0.024748737341529166,0.0,0.0,0.013251951947524442,0.0,-0.016492517738296155,0.0,-1.4492935634116018,0.7205533675423257
0.0813605230902666,0.026314393261764206,0.0,0.0,0.012113458563347052,0.0,-0.018480449055219887,0.0,-1.3247827637793093,1.1066074157811097
0.08761902486644096,0.027767366910193235,0.0,0.0,0.010923093489909412,0.0,-0.020389244252119024,0.0,-1.194599040968163,1.4879228011760597
0.09387752664261531,0.029101436430589083,0.0,0.0,0.009685954053204165,0.0,-0.022210729574916852,0.0,-1.0592998616654108,1.8628666727063075
0.10013602841878967,0.030310889132455353,0.0,0.0,0.008407337874228375,0.0,-0.023937105143821656,0.0,-0.9194645977283331,2.2298334631515337
0.10639453019496403,0.03139054595364409,0.0,0.0,0.0070927201837571495,0.0,-0.025560978353609373,0.0,-0.7756920452250101,2.587251764377283
0.11265303197113838,0.032335783637895035,0.0,0.0,0.005747730376564864,0.0,-0.027075395529894145,0.0,-0.6285978602976243,2.9335910563458523
0.11891153374731274,0.0331425545323287,0.0,0.0,0.004378127905492502,0.0,-0.02847387170582957,0.0,-0.47881192282834434,3.2673682610380563
0.1251700355234871,0.03380740392011739,0.0,0.0,0.002989777618586402,0.0,-0.029750418391732324,0.0,-0.32697563919697026,3.5871540932209944
0.13142853729966145,0.03432748481411307,0.0,0.0,0.001588624644918504,0.0,-0.030899569218714357,0.0,-0.17373919568034132,3.8915791808668447
0.1376870390758358,0.034700570148083365,0.0,0.0,0.00018066893663097326,0.0,-0.03191640334651368,0.0,-0.019758774254882663,4.179339929014118
0.14394554085201014,0.03492506231335112,0.0,0.0,-0.0012280604237800115,0.0,-0.032796566535287855,0.0,0.13430625727535767,4.449204101961414
0.15020404262818451,0.035,0.0,0.0,-0.002631531040921113,0.0,-0.03353628979113743,0.0,0.2877961687928742,4.700016099889872
0.15646254440435886,0.03492506231335112,0.0,0.0,-0.004023733038144981,0.0,-0.034132405505516474,0.0,0.44005369293234636,4.930701907319
0.1627210461805332,0.03470057014808337,0.0,0.0,-0.005398704792764783,0.0,-0.03458236101941868,0.0,0.5904268396004109,5.140273692205863
0.16897954795670758,0.03432748481411307,0.0,0.0,-0.006750558464637737,0.0,-0.03488422955425508,0.0,0.7382716878973299,5.3278340359935275
0.17523804973288193,0.03380740392011739,0.0,0.0,-0.008073505208800513,0.0,-0.03503671846261581,0.0,0.8829551434851399,5.492579776495103
0.18149655150905628,0.03314255453232871,0.0,0.0,-0.009361879964192132,0.0,-0.035039174763584736,0.0,1.0238576495948066,5.633805447157539
0.18775505328523062,0.03233578363789505,0.0,0.0,-0.010610165712315127,0.0,-0.034891587938904026,0.0,1.1603758400634228,5.750906297977699
0.194013555061405,0.03139054595364409,0.0,0.0,-0.01181301710195572,0.0,-0.03459458997801489,0.0,1.2919251230407482,5.843380885134722
0.20027205683757934,0.030310889132455356,0.0,0.0,-0.012965283338798353,0.0,-0.03414945267178182,0.0,1.4179421843012594,5.910833218249444
0.2065305586137537,0.02910143643058909,0.0,0.0,-0.01406203024191774,0.0,-0.03355808216648883,0.0,1.5378873994421478,5.952974456075996
0.21278906038992806,0.027767366910193242,0.0,0.0,-0.01509856137269908,0.0,-0.03282301080142844,0.0,1.6512471446378565,5.969624143364369
0.2190475621661024,0.026314393261764223,0.0,0.0,-0.016070438145709208,0.0,-0.031947386265036036,0.0,1.7575359960561519,5.960710983597481
0.22530606394227676,0.02474873734152918,0.0,0.0,-0.016973498835400863,0.0,-0.03093495811600478,0.0,1.8562988085175003,5.926273144293832
0.2315645657184511,0.023077103528502427,0.0,0.0,-0.01780387639726038,0.0,-0.02979006172709962,0.0,1.9471126644965988,5.866458093568311
0.23782306749462548,0.021306650015305233,0.0,0.0,-0.018558015027086008,0.0,-0.028517599720425533,0.0,2.0295886851201494,5.781521968651099
0.24408156927079983,0.01944495815568609,0.0,0.0,-0.019232685387487344,0.0,-0.027123020973647032,0.0,2.1033736954058906,5.671828479068722
0.2503400710469742,0.017500000000000012,0.0,0.0,-0.01982499843640389,0.0,-0.02561229728705744,0.0,2.1681517366121006,5.537847349184025
0.2565985728231485,0.015480104157665061,0.0,0.0,-0.020332417798426615,0.0,-0.023991897811413258,0.0,2.2236454192214263,5.380152306764328
0.2628570745993229,0.013393920132778162,0.0,0.0,-0.020752770625946913,0.0,-0.02226876134603744,0.0,2.269617110765391,5.1994186261910595
0.26911557637549727,0.011250381285610662,0.0,0.0,-0.0210842569036236,0.0,-0.02045026662581544,0.0,2.3058699534031004,4.9964202368311685
0.2753740781516716,0.009058666578588252,0.0,0.0,-0.021325457156324956,0.0,-0.018544200724319674,0.0,2.332248706896742,4.77202640895278
0.28163257992784596,0.006828161270564502,0.0,0.0,-0.02147533852753919,0.0,-0.016558725708364856,0.0,2.3486404133741163,4.527198031376431
0.2878910817040203,0.004568416727701836,0.0,0.0,-0.021533259202224545,0.0,-0.014502343686785027,0.0,2.3549748810315867,4.262983496801644
0.29414958348019465,0.0022891095230550247,0.0,0.0,-0.021498971155159887,0.0,-0.01238386040309805,0.0,2.351224984706159,3.980514212428416
0.30040808525636903,4.286263797015737e-18,0.0,0.0,-0.02137262121302673,0.0,-0.010212347527960169,0.0,2.3374067820295927,3.6809997550979103
0.30666658703254335,-0.002289109523054985,0.0,0.0,-0.021154750425674895,0.0,-0.007997103812879477,0.0,2.3135794446671585,3.365722691698717
0.3129250888087177,-0.004568416727701781,0.0,0.0,-0.02084629174926395,0.0,-0.005747615271534308,0.0,2.2798450049354813,3.0360330870185184
0.3191835905848921,-0.006828161270564478,0.0,0.0,-0.020448566051201718,0.0,-0.0034735145592064646,0.0,2.2363479188844972,2.693342722559426
0.3254420923610664,-0.009058666578588198,0.0,0.0,-0.019963276453987273,0.0,-0.0011845397242724732,0.0,2.1832744477144717,2.3391190510728412
0.3317005941372408,-0.01125038128561064,0.0,0.0,-0.019392501042178892,0.0,0.0011095074916147318,0.0,2.120851860176941,1.9748789127014676
0.33795909591341516,-0.01339392013277814,0.0,0.0,-0.018738683963716977,0.0,0.003398803626088154,0.0,2.0493474593750314,1.60218203963698
0.3442175976895895,-0.015480104157665025,0.0,0.0,-0.018004624963707336,0.0,0.005673545561640809,0.0,1.9690674381305335,1.2226243771073104
0.35047609946576386,-0.01749999999999999,0.0,0.0,-0.01719346739548278,0.0,0.007923992504079987,0.0,1.8803555678192265,0.8378312492941531
0.35673460124193823,-0.01944495815568607,0.0,0.0,-0.016308684760281633,0.0,0.010140507694103223,0.0,1.7835917262890797,0.4494503994453265
0.36299310301811255,-0.021306650015305198,0.0,0.0,-0.015354065833182136,0.0,0.012313599673381224,0.0,1.6791902711649807,0.0591449339851986
0.3692516047942869,-0.0230771035285024,0.0,0.0,-0.014333698438985867,0.0,0.014433962928439629,0.0,1.5675982655057712,-0.331413799162356
0.37551010657046124,-0.02474873734152914,0.0,0.0,-0.013251951947524458,0.0,0.016492517738296124,0.0,1.4492935634116035,-0.7205533675423199
0.3817686083466356,-0.026314393261764196,0.0,0.0,-0.01211345856334706,0.0,0.01848044905521987,0.0,1.3247827637793104,-1.1066074157811063
0.38802711012281,-0.027767366910193225,0.0,0.0,-0.010923093489909417,0.0,0.020389244252119014,0.0,1.1945990409681637,-1.4879228011760577
0.3942856118989843,-0.02910143643058907,0.0,0.0,-0.009685954053204177,0.0,0.022210729574916835,0.0,1.0592998616654121,-1.8628666727063035
0.4005441136751587,-0.03031088913245535,0.0,0.0,-0.008407337874228381,0.0,0.02393710514382165,0.0,0.9194645977283339,-2.229833463151532
0.40680261545133306,-0.03139054595364409,0.0,0.0,-0.007092720183757148,0.0,0.025560978353609373,0.0,0.7756920452250099,-2.5872517643772834
0.4130611172275074,-0.03233578363789503,0.0,0.0,-0.005747730376564871,0.0,0.027075395529894138,0.0,0.628597860297625,-2.9335910563458505
0.41931961900368175,-0.0331425545323287,0.0,0.0,-0.004378127905492505,0.0,0.02847387170582957,0.0,0.4788119228283446,-3.267368261038056
0.42557812077985613,-0.033807403920117385,0.0,0.0,-0.002989777618586414,0.0,0.02975041839173231,0.0,0.3269756391969716,-3.587154093220991
0.43183662255603045,-0.03432748481411307,0.0,0.0,-0.0015886246449185071,0.0,0.03089956921871435,0.0,0.17373919568034166,-3.8915791808668434
0.4380951243322048,-0.034700570148083365,0.0,0.0,-0.00018066893663098513,0.0,0.031916403346513675,0.0,0.01975877425488396,-4.179339929014115
0.44435362610837914,-0.03492506231335112,0.0,0.0,0.001228060423780009,0.0,0.03279656653528785,0.0,-0.13430625727535736,-4.449204101961413
0.4506121278845535,-0.035,0.0,0.0,0.0026315310409210915,0.0,0.033536289791137416,0.0,-0.2877961687928718,-4.700016099889868
0.4568706296607279,-0.03492506231335113,0.0,0.0,0.004023733038144974,0.0,0.034132405505516474,0.0,-0.4400536929323456,-4.930701907319
0.4631291314369022,-0.03470057014808337,0.0,0.0,0.005398704792764767,0.0,0.034582361019418674,0.0,-0.5904268396004091,-5.140273692205861
0.4693876332130766,-0.034327484814113074,0.0,0.0,0.006750558464637721,0.0,0.03488422955425508,0.0,-0.7382716878973281,-5.327834035993526
0.47564613498925096,-0.0338074039201174,0.0,0.0,0.008073505208800506,0.0,0.03503671846261581,0.0,-0.8829551434851393,-5.492579776495102
0.4819046367654253,-0.033142554532328714,0.0,0.0,0.009361879964192122,0.0,0.03503917476358474,0.0,-1.0238576495948053,-5.633805447157537
0.48816313854159965,-0.03233578363789505,0.0,0.0,0.010610165712315125,0.0,0.034891587938904026,0.0,-1.1603758400634225,-5.750906297977699
0.494421640317774,-0.03139054595364409,0.0,0.0,0.011813017101955718,0.0,0.034594589978014886,0.0,-1.291925123040748,-5.843380885134721
0.5006801420939484,-0.03031088913245537,0.0,0.0,0.012965283338798345,0.0,0.03414945267178183,0.0,-1.4179421843012583,-5.910833218249444
0.5069386438701227,-0.029101436430589114,0.0,0.0,0.014062030241917725,0.0,0.033558082166488847,0.0,-1.5378873994421463,-5.952974456075998
0.513197145646297,-0.027767366910193252,0.0,0.0,0.015098561372699071,0.0,0.03282301080142845,0.0,-1.6512471446378554,-5.969624143364369
0.5194556474224714,-0.026314393261764223,0.0,0.0,0.016070438145709205,0.0,0.031947386265036036,0.0,-1.7575359960561514,-5.9607109835974805
0.5257141491986458,-0.024748737341529194,0.0,0.0,0.016973498835400856,0.0,0.03093495811600479,0.0,-1.8562988085174996,-5.926273144293833
0.5319726509748202,-0.02307710352850243,0.0,0.0,0.01780387639726038,0.0,0.029790061727099623,0.0,-1.9471126644965988,-5.866458093568312
0.5382311527509945,-0.021306650015305236,0.0,0.0,0.018558015027086008,0.0,0.028517599720425536,0.0,-2.0295886851201494,-5.7815219686510995
0.5444896545271688,-0.019444958155686105,0.0,0.0,0.01923268538748734,0.0,0.027123020973647046,0.0,-2.10337369540589,-5.671828479068723
0.5507481563033432,-0.017500000000000043,0.0,0.0,0.019824998436403878,0.0,0.025612297287057464,0.0,-2.1681517366120993,-5.537847349184027
0.5570066580795175,-0.015480104157665079,0.0,0.0,0.02033241779842661,0.0,0.023991897811413268,0.0,-2.223645419221426,-5.38015230676433
0.5632651598556919,-0.013393920132778165,0.0,0.0,0.020752770625946913,0.0,0.022268761346037443,0.0,-2.269617110765391,-5.1994186261910595
0.5695236616318663,-0.011250381285610666,0.0,0.0,0.0210842569036236,0.0,0.020450266625815443,0.0,-2.3058699534031004,-4.9964202368311685
0.5757821634080406,-0.009058666578588285,0.0,0.0,0.021325457156324952,0.0,0.0185442007243197,0.0,-2.3322487068967415,-4.772026408952783
0.5820406651842149,-0.006828161270564536,0.0,0.0,0.02147533852753919,0.0,0.016558725708364884,0.0,-2.3486404133741163,-4.527198031376434
0.5882991669603893,-0.00456841672770184,0.0,0.0,0.02153325920222455,0.0,0.01450234368678503,0.0,-2.354974881031587,-4.2629834968016445
0.5945576687365637,-0.0022891095230550287,0.0,0.0,0.021498971155159887,0.0,0.012383860403098053,0.0,-2.351224984706159,-3.9805142124284165
0.6008161705127381,-8.572527594031473e-18,0.0,0.0,0.02137262121302673,0.0,0.010212347527960174,0.0,-2.3374067820295927,-3.680999755097911
0.6070746722889124,0.0022891095230549805,0.0,0.0,0.021154750425674895,0.0,0.007997103812879483,0.0,-2.3135794446671585,-3.3657226916987173
0.6133331740650867,0.004568416727701762,0.0,0.0,0.020846291749263952,0.0,0.005747615271534328,0.0,-2.2798450049354817,-3.036033087018522
0.6195916758412611,0.006828161270564458,0.0,0.0,0.02044856605120172,0.0,0.0034735145592064845,0.0,-2.2363479188844972,-2.6933427225594286
0.6258501776174354,0.009058666578588177,0.0,0.0,0.01996327645398728,0.0,0.0011845397242724917,0.0,-2.183274447714472,-2.339119051072844
0.6321086793936098,0.011250381285610622,0.0,0.0,0.0193925010421789,0.0,-0.0011095074916147138,0.0,-2.1208518601769417,-1.9748789127014708
0.6383671811697842,0.01339392013277812,0.0,0.0,0.018738683963716984,0.0,-0.0033988036260881346,0.0,-2.0493474593750323,-1.6021820396369832
0.6446256829459585,0.015480104157665008,0.0,0.0,0.018004624963707343,0.0,-0.0056735455616407915,0.0,-1.9690674381305342,-1.2226243771073135
0.6508841847221328,0.01749999999999995,0.0,0.0,0.017193467395482796,0.0,-0.007923992504079942,0.0,-1.8803555678192285,-0.8378312492941609
0.6571426864983072,0.01944495815568604,0.0,0.0,0.016308684760281647,0.0,-0.010140507694103186,0.0,-1.7835917262890812,-0.44945039944533294
0.6634011882744816,0.021306650015305198,0.0,0.0,0.015354065833182138,0.0,-0.012313599673381222,0.0,-1.6791902711649809,-0.05914493398519882
0.669659690050656,0.023077103528502396,0.0,0.0,0.01433369843898587,0.0,-0.014433962928439625,0.0,-1.5675982655057716,0.33141379916235514
0.6759181918268303,0.02474873734152916,0.0,0.0,0.013251951947524446,0.0,-0.016492517738296145,0.0,-1.4492935634116022,0.7205533675423239
0.6821766936030046,0.02631439326176417,0.0,0.0,0.01211345856334708,0.0,-0.018480449055219842,0.0,-1.3247827637793124,1.1066074157811003
0.688435195379179,0.027767366910193207,0.0,0.0,0.010923093489909434,0.0,-0.02038924425211899,0.0,-1.1945990409681657,1.4879228011760521
0.6946936971553533,0.029101436430589066,0.0,0.0,0.00968595405320418,0.0,-0.02221072957491683,0.0,-1.0592998616654123,1.8628666727063028
0.7009521989315277,0.030310889132455346,0.0,0.0,0.008407337874228383,0.0,-0.023937105143821646,0.0,-0.9194645977283341,2.2298334631515315
0.7072107007077021,0.03139054595364408,0.0,0.0,0.007092720183757169,0.0,-0.025560978353609348,0.0,-0.7756920452250122,2.587251764377278
0.7134692024838765,0.03233578363789503,0.0,0.0,0.005747730376564873,0.0,-0.027075395529894134,0.0,-0.6285978602976253,2.9335910563458496
0.7197277042600507,0.033142554532328686,0.0,0.0,0.0043781279054925255,0.0,-0.028473871705829552,0.0,-0.4788119228283469,3.2673682610380514
0.7259862060362251,0.03380740392011738,0.0,0.0,0.002989777618586435,0.0,-0.029750418391732297,0.0,-0.32697563919697387,3.5871540932209864
0.7322447078123995,0.03432748481411306,0.0,0.0,0.0015886246449185284,0.0,-0.03089956921871434,0.0,-0.173739195680344,3.8915791808668403
0.7385032095885739,0.034700570148083365,0.0,0.0,0.00018066893663098809,0.0,-0.03191640334651367,0.0,-0.019758774254884284,4.179339929014114
0.7447617113647482,0.03492506231335112,0.0,0.0,-0.001228060423780006,0.0,-0.03279656653528785,0.0,0.13430625727535705,4.449204101961413
0.7510202131409225,0.035,0.0,0.0,-0.00263153104092107,0.0,-0.03353628979113741,0.0,0.2877961687928694,4.700016099889865
0.7572787149170969,0.03492506231335113,0.0,0.0,-0.004023733038144952,0.0,-0.03413240550551646,0.0,0.4400536929323432,4.930701907318996
0.7635372166932712,0.03470057014808337,0.0,0.0,-0.005398704792764765,0.0,-0.034582361019418674,0.0,0.5904268396004089,5.14027369220586
0.7697957184694456,0.034327484814113074,0.0,0.0,-0.006750558464637719,0.0,-0.03488422955425508,0.0,0.7382716878973279,5.327834035993525
0.77605422024562,0.0338074039201174,0.0,0.0,-0.008073505208800505,0.0,-0.0350367184626158,0.0,0.882955143485139,5.492579776495101
0.7823127220217944,0.03314255453232871,0.0,0.0,-0.009361879964192138,0.0,-0.035039174763584736,0.0,1.023857649594807,5.633805447157539
0.7885712237979686,0.03233578363789506,0.0,0.0,-0.010610165712315106,0.0,-0.03489158793890403,0.0,1.1603758400634205,5.750906297977698
0.794829725574143,0.031390545953644114,0.0,0.0,-0.011813017101955701,0.0,-0.0345945899780149,0.0,1.2919251230407462,5.843380885134722
0.8010882273503174,0.030310889132455374,0.0,0.0,-0.012965283338798341,0.0,-0.03414945267178183,0.0,1.417942184301258,5.910833218249443
0.8073467291264917,0.029101436430589097,0.0,0.0,-0.014062030241917737,0.0,-0.03355808216648884,0.0,1.5378873994421476,5.952974456075998
0.8136052309026661,0.02776736691019324,0.0,0.0,-0.015098561372699082,0.0,-0.03282301080142844,0.0,1.6512471446378565,5.969624143364369
0.8198637326788404,0.026314393261764248,0.0,0.0,-0.01607043814570919,0.0,-0.03194738626503605,0.0,1.75753599605615,5.960710983597481
0.8261222344550148,0.024748737341529194,0.0,0.0,-0.016973498835400853,0.0,-0.03093495811600479,0.0,1.8562988085174992,5.926273144293832
0.8323807362311891,0.023077103528502434,0.0,0.0,-0.01780387639726038,0.0,-0.029790061727099623,0.0,1.9471126644965988,5.866458093568312
0.8386392380073635,0.021306650015305236,0.0,0.0,-0.018558015027086004,0.0,-0.028517599720425533,0.0,2.029588685120149,5.781521968651099
0.8448977397835379,0.019444958155686136,0.0,0.0,-0.01923268538748733,0.0,-0.027123020973647067,0.0,2.1033736954058893,5.671828479068726
0.8511562415597123,0.017500000000000047,0.0,0.0,-0.019824998436403878,0.0,-0.025612297287057467,0.0,2.1681517366120993,5.537847349184027
0.8574147433358865,0.015480104157665082,0.0,0.0,-0.02033241779842661,0.0,-0.02399189781141327,0.0,2.223645419221426,5.38015230676433
0.8636732451120609,0.013393920132778169,0.0,0.0,-0.02075277062594691,0.0,-0.022268761346037443,0.0,2.2696171107653904,5.199418626191059
0.8699317468882353,0.01125038128561073,0.0,0.0,-0.02108425690362359,0.0,-0.0204502666258155,0.0,2.305869953403099,4.996420236831175
0.8761902486644096,0.009058666578588288,0.0,0.0,-0.021325457156324952,0.0,-0.018544200724319705,0.0,2.3322487068967415,4.772026408952783
0.882448750440584,0.0068281612705645405,0.0,0.0,-0.02147533852753919,0.0,-0.01655872570836489,0.0,2.3486404133741163,4.527198031376435
0.8887072522167583,0.004568416727701845,0.0,0.0,-0.02153325920222455,0.0,-0.014502343686785036,0.0,2.354974881031587,4.262983496801645
0.8949657539929327,0.0022891095230550954,0.0,0.0,-0.021498971155159887,0.0,-0.012383860403098116,0.0,2.351224984706159,3.980514212428425
0.901224255769107,7.503128077005598e-17,0.0,0.0,-0.021372621213026737,0.0,-0.010212347527960236,0.0,2.3374067820295936,3.6809997550979205
0.9074827575452814,-0.002289109523054946,0.0,0.0,-0.021154750425674898,0.0,-0.007997103812879516,0.0,2.313579444667159,3.365722691698722
0.9137412593214558,-0.004568416727701757,0.0,0.0,-0.020846291749263952,0.0,-0.0057476152715343325,0.0,2.2798450049354817,3.0360330870185224
0.9199997610976302,-0.006828161270564455,0.0,0.0,-0.02044856605120172,0.0,-0.003473514559206488,0.0,2.2363479188844972,2.693342722559429
0.9262582628738044,-0.009058666578588144,0.0,0.0,-0.019963276453987287,0.0,-0.001184539724272527,0.0,2.183274447714473,2.3391190510728497
0.9325167646499788,-0.011250381285610586,0.0,0.0,-0.01939250104217891,0.0,0.0011095074916146759,0.0,2.1208518601769426,1.9748789127014768
0.9387752664261532,-0.013393920132778087,0.0,0.0,-0.018738683963716994,0.0,0.003398803626088098,0.0,2.049347459375033,1.6021820396369888
0.9450337682023275,-0.015480104157665004,0.0,0.0,-0.018004624963707343,0.0,0.005673545561640786,0.0,1.9690674381305342,1.222624377107314
0.9512922699785019,-0.017499999999999974,0.0,0.0,-0.01719346739548279,0.0,0.007923992504079966,0.0,1.8803555678192279,0.8378312492941571
0.9575507717546763,-0.019444958155686063,0.0,0.0,-0.016308684760281637,0.0,0.010140507694103216,0.0,1.7835917262890801,0.44945039944532805
0.9638092735308506,-0.02130665001530517,0.0,0.0,-0.015354065833182154,0.0,0.012313599673381193,0.0,1.6791902711649827,0.059144933985204595
0.9700677753070249,-0.02307710352850237,0.0,0.0,-0.014333698438985886,0.0,0.014433962928439594,0.0,1.5675982655057732,-0.33141379916234914
0.9763262770831993,-0.02474873734152913,0.0,0.0,-0.013251951947524465,0.0,0.016492517738296113,0.0,1.4492935634116042,-0.7205533675423179
0.9825847788593737,-0.026314393261764192,0.0,0.0,-0.012113458563347062,0.0,0.018480449055219866,0.0,1.3247827637793104,-1.1066074157811059
0.988843280635548,-0.02776736691019322,0.0,0.0,-0.010923093489909422,0.0,0.020389244252119007,0.0,1.1945990409681644,-1.4879228011760557
0.9951017824117223,-0.02910143643058905,0.0,0.0,-0.009685954053204198,0.0,0.0222107295749168,0.0,1.0592998616654143,-1.8628666727062968
1.0013602841878968,-0.030310889132455325,0.0,0.0,-0.008407337874228402,0.0,0.023937105143821618,0.0,0.9194645977283362,-2.2298334631515258
1.007618785964071,-0.03139054595364408,0.0,0.0,-0.00709272018375717,0.0,0.025560978353609348,0.0,0.7756920452250123,-2.5872517643772777
1.0138772877402453,-0.032335783637895,0.0,0.0,-0.005747730376564913,0.0,0.027075395529894093,0.0,0.6285978602976297,-2.93359105634584
1.0201357895164198,-0.03314255453232869,0.0,0.0,-0.004378127905492509,0.0,0.028473871705829566,0.0,0.4788119228283451,-3.2673682610380546
1.026394291292594,-0.03380740392011738,0.0,0.0,-0.0029897776185864376,0.0,0.029750418391732293,0.0,0.32697563919697414,-3.5871540932209864
1.0326527930687686,-0.03432748481411306,0.0,0.0,-0.0015886246449185316,0.0,0.030899569218714333,0.0,0.17373919568034435,-3.891579180866838
1.0389112948449428,-0.034700570148083365,0.0,0.0,-0.00018066893663099047,0.0,0.03191640334651367,0.0,0.019758774254884544,-4.179339929014114
1.045169796621117,-0.03492506231335112,0.0,0.0,0.0012280604237799653,0.0,0.03279656653528783,0.0,-0.13430625727535261,-4.4492041019614055
1.0514282983972916,-0.035,0.0,0.0,0.002631531040921067,0.0,0.03353628979113741,0.0,-0.2877961687928691,-4.700016099889864
1.0576868001734658,-0.03492506231335113,0.0,0.0,0.00402373303814495,0.0,0.03413240550551646,0.0,-0.4400536929323429,-4.930701907318996
1.0639453019496403,-0.03470057014808337,0.0,0.0,0.005398704792764762,0.0,0.034582361019418674,0.0,-0.5904268396004084,-5.14027369220586
1.0702038037258146,-0.03432748481411309,0.0,0.0,0.00675055846463768,0.0,0.03488422955425507,0.0,-0.7382716878973237,-5.327834035993519
1.076462305501989,-0.0338074039201174,0.0,0.0,0.008073505208800503,0.0,0.0350367184626158,0.0,-0.8829551434851388,-5.4925797764951
1.0827208072781633,-0.03314255453232873,0.0,0.0,0.0093618799641921,0.0,0.035039174763584736,0.0,-1.0238576495948029,-5.633805447157535
1.0889793090543376,-0.03233578363789506,0.0,0.0,0.010610165712315102,0.0,0.034891587938904026,0.0,-1.16037584006342,-5.750906297977696
1.095237810830512,-0.031390545953644114,0.0,0.0,0.011813017101955698,0.0,0.0345945899780149,0.0,-1.2919251230407458,-5.843380885134721
1.1014963126066863,-0.030310889132455405,0.0,0.0,0.012965283338798308,0.0,0.03414945267178184,0.0,-1.4179421843012545,-5.910833218249441
1.1077548143828608,-0.029101436430589097,0.0,0.0,0.014062030241917734,0.0,0.03355808216648884,0.0,-1.5378873994421471,-5.952974456075998
1.114013316159035,-0.027767366910193277,0.0,0.0,0.015098561372699054,0.0,0.03282301080142846,0.0,-1.6512471446378536,-5.969624143364368
1.1202718179352094,-0.026314393261764293,0.0,0.0,0.016070438145709166,0.0,0.03194738626503608,0.0,-1.7575359960561474,-5.960710983597482
1.1265303197113838,-0.024748737341529197,0.0,0.0,0.016973498835400853,0.0,0.03093495811600479,0.0,-1.8562988085174992,-5.926273144293832
1.132788821487558,-0.023077103528502486,0.0,0.0,0.017803876397260356,0.0,0.02979006172709966,0.0,-1.9471126644965961,-5.866458093568314
1.1390473232637326,-0.02130665001530524,0.0,0.0,0.018558015027086004,0.0,0.028517599720425536,0.0,-2.029588685120149,-5.781521968651099
1.1453058250399069,-0.01944495815568614,0.0,0.0,0.01923268538748733,0.0,0.02712302097364707,0.0,-2.1033736954058893,-5.671828479068726
1.1515643268160811,-0.017500000000000106,0.0,0.0,0.01982499843640386,0.0,0.025612297287057516,0.0,-2.1681517366120975,-5.537847349184032
1.1578228285922556,-0.015480104157665086,0.0,0.0,0.020332417798426608,0.0,0.023991897811413275,0.0,-2.2236454192214254,-5.38015230676433
1.1640813303684299,-0.013393920132778231,0.0,0.0,0.0207527706259469,0.0,0.0222687613460375,0.0,-2.2696171107653895,-5.199418626191065
1.1703398321446044,-0.011250381285610674,0.0,0.0,0.021084256903623595,0.0,0.02045026662581545,0.0,-2.3058699534031,-4.996420236831169
1.1765983339207786,-0.009058666578588295,0.0,0.0,0.021325457156324952,0.0,0.018544200724319712,0.0,-2.3322487068967415,-4.772026408952785
1.182856835696953,-0.006828161270564545,0.0,0.0,0.021475338527539186,0.0,0.016558725708364894,0.0,-2.348640413374116,-4.527198031376434
1.1891153374731274,-0.004568416727701848,0.0,0.0,0.02153325920222455,0.0,0.01450234368678504,0.0,-2.354974881031587,-4.262983496801645
1.1953738392493016,-0.0022891095230550998,0.0,0.0,0.02149897115515989,0.0,0.01238386040309812,0.0,-2.3512249847061595,-3.980514212428426
1.2016323410254761,-1.7145055188062947e-17,0.0,0.0,0.02137262121302673,0.0,0.010212347527960181,0.0,-2.3374067820295927,-3.680999755097912
1.2078908428016504,0.0022891095230549415,0.0,0.0,0.021154750425674898,0.0,0.00799710381287952,0.0,-2.313579444667159,-3.3657226916987226
1.2141493445778249,0.004568416727701753,0.0,0.0,0.020846291749263952,0.0,0.005747615271534336,0.0,-2.2798450049354817,-3.036033087018523
1.2204078463539991,0.00682816127056445,0.0,0.0,0.02044856605120172,0.0,0.0034735145592064915,0.0,-2.2363479188844972,-2.6933427225594295
1.2266663481301734,0.009058666578588141,0.0,0.0,0.019963276453987287,0.0,0.0011845397242725316,0.0,-2.183274447714473,-2.33911905107285
1.2329248499063479,0.011250381285610582,0.0,0.0,0.01939250104217891,0.0,-0.0011095074916146724,0.0,-2.1208518601769426,-1.9748789127014772
1.2391833516825221,0.013393920132778084,0.0,0.0,0.018738683963716994,0.0,-0.0033988036260880947,0.0,-2.049347459375033,-1.6021820396369895
1.2454418534586966,0.015480104157665,0.0,0.0,0.018004624963707343,0.0,-0.005673545561640781,0.0,-1.9690674381305342,-1.2226243771073149
1.2517003552348709,0.017499999999999915,0.0,0.0,0.01719346739548281,0.0,-0.007923992504079902,0.0,-1.88035556781923,-0.8378312492941677
1.2579588570110452,0.019444958155686008,0.0,0.0,0.016308684760281664,0.0,-0.010140507694103152,0.0,-1.7835917262890832,-0.4494503994453394
1.2642173587872196,0.021306650015305167,0.0,0.0,0.015354065833182155,0.0,-0.012313599673381187,0.0,-1.6791902711649829,-0.059144933985205705
1.270475860563394,0.023077103528502365,0.0,0.0,0.01433369843898589,0.0,-0.014433962928439589,0.0,-1.5675982655057736,0.33141379916234825
1.2767343623395684,0.02474873734152913,0.0,0.0,0.013251951947524467,0.0,-0.016492517738296113,0.0,-1.4492935634116044,0.7205533675423177
1.2829928641157426,0.02631439326176415,0.0,0.0,0.012113458563347097,0.0,-0.01848044905521981,0.0,-1.3247827637793141,1.1066074157810946
1.289251365891917,0.027767366910193183,0.0,0.0,0.010923093489909455,0.0,-0.020389244252118955,0.0,-1.194599040968168,1.487922801176046
1.2955098676680914,0.02910143643058905,0.0,0.0,0.009685954053204202,0.0,-0.0222107295749168,0.0,-1.0592998616654148,1.8628666727062964
1.3017683694442657,0.030310889132455294,0.0,0.0,0.00840733787422844,0.0,-0.02393710514382157,0.0,-0.9194645977283403,2.2298334631515155
1.3080268712204401,0.03139054595364407,0.0,0.0,0.007092720183757172,0.0,-0.025560978353609345,0.0,-0.7756920452250126,2.587251764377277
1.3142853729966144,0.032335783637895,0.0,0.0,0.005747730376564916,0.0,-0.027075395529894093,0.0,-0.62859786029763,2.9335910563458394
1.320543874772789,0.03314255453232869,0.0,0.0,0.004378127905492512,0.0,-0.028473871705829566,0.0,-0.4788119228283454,3.2673682610380546
1.3268023765489632,0.03380740392011738,0.0,0.0,0.0029897776185864415,0.0,-0.029750418391732293,0.0,-0.3269756391969746,3.587154093220986
1.3330608783251374,0.034327484814113046,0.0,0.0,0.0015886246449185724,0.0,-0.0308995692187143,0.0,-0.1737391956803488,3.891579180866829
1.339319380101312,0.034700570148083365,0.0,0.0,0.00018066893663099343,0.0,-0.03191640334651367,0.0,-0.019758774254884866,4.179339929014114
1.3455778818774862,0.03492506231335112,0.0,0.0,-0.0012280604237799627,0.0,-0.03279656653528782,0.0,0.1343062572753523,4.449204101961405
1.3518363836536607,0.035,0.0,0.0,-0.0026315310409211028,0.0,-0.03353628979113742,0.0,0.287796168792873,4.70001609988987
1.358094885429835,0.03492506231335113,0.0,0.0,-0.004023733038144947,0.0,-0.03413240550551646,0.0,0.44005369293234264,4.930701907318995
1.3643533872060092,0.03470057014808338,0.0,0.0,-0.005398704792764722,0.0,-0.03458236101941866,0.0,0.5904268396004041,5.140273692205854
1.3706118889821837,0.034327484814113074,0.0,0.0,-0.006750558464637714,0.0,-0.034884229554255075,0.0,0.7382716878973273,5.327834035993524
1.376870390758358,0.03380740392011742,0.0,0.0,-0.008073505208800465,0.0,-0.03503671846261581,0.0,0.8829551434851347,5.492579776495098
1.3831288925345324,0.03314255453232873,0.0,0.0,-0.009361879964192098,0.0,-0.035039174763584736,0.0,1.0238576495948029,5.633805447157535
1.3893873943107067,0.03233578363789506,0.0,0.0,-0.0106101657123151,0.0,-0.03489158793890403,0.0,1.1603758400634199,5.750906297977697
1.395645896086881,0.03139054595364415,0.0,0.0,-0.011813017101955663,0.0,-0.03459458997801491,0.0,1.291925123040742,5.843380885134718
1.4019043978630554,0.030310889132455377,0.0,0.0,-0.012965283338798338,0.0,-0.034149452671781835,0.0,1.4179421843012576,5.910833218249444
1.4081628996392297,0.029101436430589135,0.0,0.0,-0.014062030241917704,0.0,-0.03355808216648886,0.0,1.5378873994421438,5.952974456075997
1.4144214014154042,0.02776736691019328,0.0,0.0,-0.01509856137269905,0.0,-0.032823010801428465,0.0,1.6512471446378532,5.969624143364369
1.4206799031915784,0.026314393261764255,0.0,0.0,-0.01607043814570919,0.0,-0.03194738626503606,0.0,1.75753599605615,5.960710983597482
1.426938404967753,0.024748737341529204,0.0,0.0,-0.01697349883540085,0.0,-0.030934958116004795,0.0,1.8562988085174987,5.926273144293832
1.4331969067439272,0.02307710352850249,0.0,0.0,-0.017803876397260356,0.0,-0.02979006172709966,0.0,1.9471126644965961,5.866458093568314
1.4394554085201015,0.021306650015305295,0.0,0.0,-0.018558015027085983,0.0,-0.028517599720425578,0.0,2.029588685120147,5.781521968651102
1.445713910296276,0.01944495815568614,0.0,0.0,-0.019232685387487326,0.0,-0.02712302097364707,0.0,2.103373695405889,5.671828479068726
1.4519724120724502,0.01750000000000011,0.0,0.0,-0.019824998436403857,0.0,-0.025612297287057516,0.0,2.168151736612097,5.537847349184031
1.4582309138486247,0.015480104157665089,0.0,0.0,-0.020332417798426608,0.0,-0.02399189781141328,0.0,2.2236454192214254,5.38015230676433
1.464489415624799,0.013393920132778235,0.0,0.0,-0.0207527706259469,0.0,-0.0222687613460375,0.0,2.2696171107653895,5.199418626191065
1.4707479174009732,0.011250381285610738,0.0,0.0,-0.02108425690362359,0.0,-0.020450266625815505,0.0,2.305869953403099,4.996420236831176
1.4770064191771477,0.009058666578588299,0.0,0.0,-0.021325457156324952,0.0,-0.018544200724319716,0.0,2.3322487068967415,4.772026408952785
1.483264920953322,0.00682816127056461,0.0,0.0,-0.021475338527539183,0.0,-0.016558725708364953,0.0,2.348640413374116,4.527198031376443
1.4895234227294964,0.004568416727701853,0.0,0.0,-0.02153325920222455,0.0,-0.014502343686785043,0.0,2.354974881031587,4.262983496801646
1.4957819245056707,0.002289109523055104,0.0,0.0,-0.02149897115515989,0.0,-0.012383860403098124,0.0,2.3512249847061595,3.9805142124284263
1.502040426281845,1.4577629774309622e-16,0.0,0.0,-0.02137262121302674,0.0,-0.010212347527960306,0.0,2.3374067820295936,3.6809997550979294
1.5082989280580195,-0.002289109523054937,0.0,0.0,-0.021154750425674898,0.0,-0.007997103812879524,0.0,2.313579444667159,3.365722691698723
1.5145574298341937,-0.004568416727701687,0.0,0.0,-0.020846291749263963,0.0,-0.005747615271534402,0.0,2.2798450049354826,3.036033087018532
1.5208159316103682,-0.006828161270564446,0.0,0.0,-0.02044856605120172,0.0,-0.0034735145592064967,0.0,2.2363479188844972,2.6933427225594304
1.5270744333865425,-0.009058666578588137,0.0,0.0,-0.019963276453987287,0.0,-0.001184539724272535,0.0,2.183274447714473,2.3391190510728506
1.5333329351627167,-0.01125038128561052,0.0,0.0,-0.019392501042178927,0.0,0.0011095074916146065,0.0,2.120851860176945,1.974878912701488
1.5395914369388912,-0.01339392013277808,0.0,0.0,-0.018738683963716998,0.0,0.00339880362608809,0.0,2.0493474593750336,1.6021820396369906
1.5458499387150655,-0.01548010415766494,0.0,0.0,-0.018004624963707368,0.0,0.005673545561640715,0.0,1.9690674381305369,1.2226243771073262
1.55210844049124,-0.017499999999999964,0.0,0.0,-0.017193467395482793,0.0,0.007923992504079958,0.0,1.880355567819228,0.8378312492941584
1.5583669422674142,-0.019444958155686004,0.0,0.0,-0.016308684760281664,0.0,0.010140507694103148,0.0,1.7835917262890832,0.44945039944534004
1.5646254440435887,-0.02130665001530521,0.0,0.0,-0.015354065833182131,0.0,0.01231359967338124,0.0,1.6791902711649802,0.05914493398519616
1.570883945819763,-0.02307710352850236,0.0,0.0,-0.014333698438985892,0.0,0.014433962928439584,0.0,1.5675982655057739,-0.33141379916234714
1.5771424475959372,-0.024748737341529086,0.0,0.0,-0.013251951947524498,0.0,0.016492517738296054,0.0,1.4492935634116078,-0.7205533675423064
1.5834009493721117,-0.026314393261764185,0.0,0.0,-0.01211345856334707,0.0,0.018480449055219856,0.0,1.3247827637793113,-1.1066074157811032
1.589659451148286,-0.02776736691019318,0.0,0.0,-0.010923093489909459,0.0,0.02038924425211895,0.0,1.1945990409681684,-1.487922801176045
1.5959179529244605,-0.02910143643058908,0.0,0.0,-0.00968595405320417,0.0,0.022210729574916845,0.0,1.0592998616654112,-1.8628666727063061
1.6021764547006347,-0.03031088913245532,0.0,0.0,-0.008407337874228408,0.0,0.023937105143821608,0.0,0.9194645977283368,-2.229833463151524
1.608434956476809,-0.031390545953644045,0.0,0.0,-0.007092720183757211,0.0,0.0255609783536093,0.0,0.7756920452250168,-2.5872517643772666
1.6146934582529835,-0.03233578363789502,0.0,0.0,-0.005747730376564881,0.0,0.027075395529894124,0.0,0.6285978602976262,-2.933591056345847
1.6209519600291578,-0.03314255453232867,0.0,0.0,-0.004378127905492552,0.0,0.028473871705829528,0.0,0.47881192282834983,-3.2673682610380457
1.6272104618053322,-0.03380740392011739,0.0,0.0,-0.0029897776185864055,0.0,0.02975041839173232,0.0,0.32697563919697065,-3.587154093220993
1.6334689635815065,-0.03432748481411306,0.0,0.0,-0.0015886246449185364,0.0,0.03089956921871433,0.0,0.17373919568034485,-3.8915791808668376
1.6397274653576808,-0.03470057014808336,0.0,0.0,-0.00018066893663103403,0.0,0.03191640334651364,0.0,0.019758774254889307,-4.179339929014106
1.6459859671338553,-0.03492506231335112,0.0,0.0,0.0012280604237799985,0.0,0.03279656653528785,0.0,-0.13430625727535622,-4.449204101961412
1.6522444689100295,-0.035,0.0,0.0,0.002631531040921062,0.0,0.0335362897911374,0.0,-0.28779616879286857,-4.700016099889863
1.658502970686204,-0.03492506231335112,0.0,0.0,0.004023733038144983,0.0,0.034132405505516474,0.0,-0.44005369293234653,-4.930701907319001
1.6647614724623783,-0.03470057014808337,0.0,0.0,0.0053987047927647564,0.0,0.034582361019418674,0.0,-0.5904268396004079,-5.140273692205859
1.6710199742385528,-0.034327484814113095,0.0,0.0,0.006750558464637675,0.0,0.03488422955425507,0.0,-0.738271687897323,-5.327834035993519
1.677278476014727,-0.0338074039201174,0.0,0.0,0.008073505208800496,0.0,0.03503671846261581,0.0,-0.882955143485138,-5.492579776495101
1.6835369777909013,-0.03314255453232873,0.0,0.0,0.009361879964192096,0.0,0.03503917476358474,0.0,-1.0238576495948026,-5.633805447157535
1.6897954795670758,-0.03233578363789509,0.0,0.0,0.010610165712315066,0.0,0.03489158793890404,0.0,-1.160375840063416,-5.750906297977694
1.69605398134325,-0.03139054595364412,0.0,0.0,0.011813017101955694,0.0,0.0345945899780149,0.0,-1.2919251230407454,-5.843380885134721
1.7023124831194245,-0.03031088913245541,0.0,0.0,0.012965283338798305,0.0,0.03414945267178185,0.0,-1.417942184301254,-5.910833218249443
1.7085709848955988,-0.029101436430589104,0.0,0.0,0.014062030241917732,0.0,0.033558082166488847,0.0,-1.537887399442147,-5.952974456075998
1.714829486671773,-0.027767366910193284,0.0,0.0,0.015098561372699049,0.0,0.032823010801428465,0.0,-1.651247144637853,-5.969624143364369
1.7210879884479475,-0.026314393261764296,0.0,0.0,0.016070438145709163,0.0,0.031947386265036085,0.0,-1.757535996056147,-5.960710983597482
1.7273464902241218,-0.024748737341529208,0.0,0.0,0.01697349883540085,0.0,0.030934958116004798,0.0,-1.8562988085174987,-5.926273144293833
1.7336049920002963,-0.023077103528502493,0.0,0.0,0.017803876397260353,0.0,0.029790061727099665,0.0,-1.9471126644965957,-5.866458093568314
1.7398634937764705,-0.021306650015305347,0.0,0.0,0.018558015027085963,0.0,0.028517599720425616,0.0,-2.029588685120144,-5.781521968651104
1.7461219955526448,-0.019444958155686143,0.0,0.0,0.019232685387487326,0.0,0.027123020973647074,0.0,-2.103373695405889,-5.671828479068726
1.7523804973288193,-0.017500000000000113,0.0,0.0,0.019824998436403857,0.0,0.02561229728705752,0.0,-2.168151736612097,-5.537847349184031
1.7586389991049935,-0.015480104157665207,0.0,0.0,0.02033241779842658,0.0,0.023991897811413372,0.0,-2.2236454192214223,-5.38015230676434
1.764897500881168,-0.013393920132778238,0.0,0.0,0.0207527706259469,0.0,0.022268761346037502,0.0,-2.2696171107653895,-5.199418626191066
1.7711560026573423,-0.011250381285610801,0.0,0.0,0.021084256903623578,0.0,0.020450266625815557,0.0,-2.305869953403098,-4.996420236831182
1.7774145044335166,-0.009058666578588302,0.0,0.0,0.021325457156324952,0.0,0.01854420072431972,0.0,-2.3322487068967415,-4.772026408952786
1.783673006209691,-0.006828161270564613,0.0,0.0,0.021475338527539186,0.0,0.016558725708364957,0.0,-2.348640413374116,-4.527198031376443
1.7899315079858653,-0.004568416727701981,0.0,0.0,0.021533259202224545,0.0,0.014502343686785159,0.0,-2.3549748810315867,-4.262983496801661
1.7961900097620398,-0.002289109523055108,0.0,0.0,0.02149897115515989,0.0,0.012383860403098128,0.0,-2.3512249847061595,-3.980514212428427
1.802448511538214,-1.5006256154011195e-16,0.0,0.0,0.02137262121302674,0.0,0.01021234752796031,0.0,-2.3374067820295936,-3.68099975509793
1.8087070133143885,0.0022891095230549324,0.0,0.0,0.0211547504256749,0.0,0.00799710381287953,0.0,-2.3135794446671594,-3.3657226916987244
1.8149655150905628,0.004568416727701683,0.0,0.0,0.020846291749263963,0.0,0.005747615271534406,0.0,-2.2798450049354826,-3.0360330870185326
1.821224016866737,0.006828161270564319,0.0,0.0,0.02044856605120175,0.0,0.0034735145592066255,0.0,-2.2363479188845004,-2.6933427225594504
1.8274825186429116,0.009058666578588132,0.0,0.0,0.01996327645398729,0.0,0.0011845397242725402,0.0,-2.1832744477144734,-2.339119051072852
1.8337410204190858,0.011250381285610516,0.0,0.0,0.019392501042178927,0.0,-0.001109507491614603,0.0,-2.120851860176945,-1.9748789127014885
1.8399995221952603,0.013393920132778075,0.0,0.0,0.018738683963716998,0.0,-0.0033988036260880865,0.0,-2.0493474593750336,-1.602182039636991
1.8462580239714346,0.015480104157664936,0.0,0.0,0.018004624963707368,0.0,-0.005673545561640712,0.0,-1.9690674381305369,-1.2226243771073264
1.8525165257476088,0.017499999999999852,0.0,0.0,0.017193467395482838,0.0,-0.007923992504079833,0.0,-1.880355567819233,-0.8378312492941797
1.8587750275237833,0.019444958155686,0.0,0.0,0.016308684760281668,0.0,-0.010140507694103145,0.0,-1.7835917262890837,-0.44945039944534093
1.8650335292999576,0.021306650015305108,0.0,0.0,0.015354065833182187,0.0,-0.01231359967338112,0.0,-1.6791902711649862,-0.05914493398521792
1.871292031076132,0.023077103528502358,0.0,0.0,0.014333698438985892,0.0,-0.01443396292843958,0.0,-1.5675982655057739,0.3314137991623469
1.8775505328523063,0.024748737341529083,0.0,0.0,0.013251951947524498,0.0,-0.01649251773829605,0.0,-1.4492935634116078,0.7205533675423059
1.8838090346284806,0.0263143932617641,0.0,0.0,0.012113458563347135,0.0,-0.018480449055219745,0.0,-1.3247827637793184,1.106607415781082
1.890067536404655,0.027767366910193176,0.0,0.0,0.01092309348990946,0.0,-0.020389244252118945,0.0,-1.1945990409681684,1.4879228011760437
1.8963260381808293,0.029101436430589003,0.0,0.0,0.00968595405320424,0.0,-0.022210729574916745,0.0,-1.0592998616654188,1.8628666727062848
1.9025845399570038,0.03031088913245532,0.0,0.0,0.008407337874228411,0.0,-0.023937105143821608,0.0,-0.9194645977283371,2.2298334631515235
1.908843041733178,0.031390545953644045,0.0,0.0,0.007092720183757215,0.0,-0.025560978353609296,0.0,-0.7756920452250172,2.5872517643772657
1.9151015435093526,0.03233578363789502,0.0,0.0,0.005747730376564884,0.0,-0.027075395529894124,0.0,-0.6285978602976264,2.9335910563458465
1.9213600452855268,0.03314255453232867,0.0,0.0,0.004378127905492556,0.0,-0.028473871705829525,0.0,-0.4788119228283502,3.2673682610380443
1.927618547061701,0.03380740392011736,0.0,0.0,0.002989777618586484,0.0,-0.02975041839173225,0.0,-0.32697563919697925,3.5871540932209753
1.9338770488378756,0.03432748481411306,0.0,0.0,0.0015886246449185394,0.0,-0.03089956921871433,0.0,-0.17373919568034518,3.891579180866837
1.9401355506140499,0.03470057014808335,0.0,0.0,0.000180668936631037,0.0,-0.03191640334651363,0.0,-0.019758774254889633,4.179339929014104
1.9463940523902243,0.03492506231335112,0.0,0.0,-0.001228060423779996,0.0,-0.03279656653528785,0.0,0.13430625727535594,4.449204101961412
1.9526525541663986,0.035,0.0,0.0,-0.0026315310409210594,0.0,-0.0335362897911374,0.0,0.2877961687928683,4.700016099889863
1.9589110559425729,0.034925062313351136,0.0,0.0,-0.0040237330381449055,0.0,-0.034132405505516446,0.0,0.4400536929323381,4.930701907318989
1.9651695577187474,0.03470057014808337,0.0,0.0,-0.005398704792764754,0.0,-0.03458236101941867,0.0,0.5904268396004076,5.1402736922058585
1.9714280594949216,0.034327484814113095,0.0,0.0,-0.006750558464637672,0.0,-0.03488422955425507,0.0,0.7382716878973228,5.327834035993519
1.977686561271096,0.0338074039201174,0.0,0.0,-0.008073505208800494,0.0,-0.03503671846261581,0.0,0.8829551434851379,5.4925797764951
1.9839450630472704,0.03314255453232873,0.0,0.0,-0.009361879964192093,0.0,-0.03503917476358474,0.0,1.0238576495948022,5.633805447157535
1.9902035648234446,0.03233578363789509,0.0,0.0,-0.010610165712315064,0.0,-0.03489158793890404,0.0,1.1603758400634159,5.750906297977693
1.9964620665996191,0.03139054595364412,0.0,0.0,-0.01181301710195569,0.0,-0.0345945899780149,0.0,1.2919251230407451,5.843380885134721
2.0027205683757936,0.030310889132455412,0.0,0.0,-0.012965283338798303,0.0,-0.03414945267178185,0.0,1.4179421843012538,5.910833218249442
2.008979070151968,0.029101436430589104,0.0,0.0,-0.01406203024191773,0.0,-0.033558082166488847,0.0,1.5378873994421467,5.952974456075998
2.015237571928142,0.027767366910193284,0.0,0.0,-0.015098561372699047,0.0,-0.032823010801428465,0.0,1.6512471446378527,5.969624143364368
2.0214960737043164,0.0263143932617643,0.0,0.0,-0.01607043814570916,0.0,-0.031947386265036085,0.0,1.7575359960561465,5.960710983597482
2.0277545754804907,0.024748737341529294,0.0,0.0,-0.0169734988354008,0.0,-0.030934958116004857,0.0,1.8562988085174934,5.926273144293835
2.0340130772566654,0.023077103528502493,0.0,0.0,-0.01780387639726035,0.0,-0.029790061727099665,0.0,1.9471126644965953,5.866458093568314
2.0402715790328396,0.021306650015305253,0.0,0.0,-0.018558015027086,0.0,-0.028517599720425547,0.0,2.0295886851201486,5.7815219686510995
2.046530080809014,0.019444958155686146,0.0,0.0,-0.019232685387487326,0.0,-0.027123020973647074,0.0,2.103373695405889,5.671828479068726
2.052788582585188,0.01750000000000012,0.0,0.0,-0.019824998436403857,0.0,-0.025612297287057523,0.0,2.168151736612097,5.537847349184032
2.0590470843613624,0.01548010415766521,0.0,0.0,-0.02033241779842658,0.0,-0.023991897811413376,0.0,2.2236454192214223,5.380152306764341
2.065305586137537,0.013393920132778243,0.0,0.0,-0.0207527706259469,0.0,-0.022268761346037506,0.0,2.2696171107653895,5.199418626191067
2.0715640879137114,0.011250381285610804,0.0,0.0,-0.021084256903623578,0.0,-0.02045026662581556,0.0,2.305869953403098,4.996420236831182
2.0778225896898856,0.009058666578588306,0.0,0.0,-0.02132545715632495,0.0,-0.01854420072431972,0.0,2.332248706896741,4.772026408952785
2.08408109146606,0.006828161270564619,0.0,0.0,-0.021475338527539186,0.0,-0.01655872570836496,0.0,2.348640413374116,4.527198031376443
2.090339593242234,0.004568416727701984,0.0,0.0,-0.021533259202224545,0.0,-0.014502343686785163,0.0,2.3549748810315867,4.262983496801661
2.096598095018409,0.0022891095230551124,0.0,0.0,-0.021498971155159887,0.0,-0.012383860403098131,0.0,2.351224984706159,3.9805142124284267
2.102856596794583,1.5434882533712772e-16,0.0,0.0,-0.02137262121302674,0.0,-0.010212347527960313,0.0,2.3374067820295936,3.6809997550979303
2.1091150985707574,-0.002289109523054928,0.0,0.0,-0.0211547504256749,0.0,-0.007997103812879535,0.0,2.3135794446671594,3.365722691698725
2.1153736003469317,-0.004568416727701678,0.0,0.0,-0.020846291749263966,0.0,-0.0057476152715344115,0.0,2.279845004935483,3.036033087018534
2.1216321021231064,-0.006828161270564438,0.0,0.0,-0.020448566051201725,0.0,-0.003473514559206505,0.0,2.2363479188844977,2.6933427225594317
2.1278906038992806,-0.009058666578588127,0.0,0.0,-0.01996327645398729,0.0,-0.0011845397242725448,0.0,2.1832744477144734,2.3391190510728523
2.134149105675455,-0.011250381285610513,0.0,0.0,-0.019392501042178927,0.0,0.0011095074916145995,0.0,2.120851860176945,1.974878912701489
2.140407607451629,-0.013393920132777957,0.0,0.0,-0.018738683963717036,0.0,0.0033988036260879572,0.0,2.049347459375038,1.6021820396370123
2.1466661092278034,-0.015480104157664933,0.0,0.0,-0.01800462496370737,0.0,0.005673545561640707,0.0,1.9690674381305373,1.2226243771073277
2.152924611003978,-0.017499999999999957,0.0,0.0,-0.017193467395482793,0.0,0.007923992504079951,0.0,1.880355567819228,0.8378312492941593
2.1591831127801524,-0.019444958155685997,0.0,0.0,-0.01630868476028167,0.0,0.01014050769410314,0.0,1.783591726289084,0.4494503994453418
2.1654416145563267,-0.021306650015305104,0.0,0.0,-0.015354065833182188,0.0,0.012313599673381114,0.0,1.6791902711649864,0.059144933985218584
2.171700116332501,-0.023077103528502264,0.0,0.0,-0.01433369843898595,0.0,0.014433962928439466,0.0,1.5675982655057803,-0.33141379916232516
2.177958618108675,-0.02474873734152908,0.0,0.0,-0.013251951947524501,0.0,0.016492517738296048,0.0,1.4492935634116082,-0.720553367542305
2.18421711988485,-0.026314393261764178,0.0,0.0,-0.012113458563347073,0.0,0.018480449055219852,0.0,1.3247827637793117,-1.1066074157811023
2.190475621661024,-0.027767366910193176,0.0,0.0,-0.010923093489909464,0.0,0.020389244252118945,0.0,1.1945990409681688,-1.4879228011760433
2.1967341234371984,-0.029101436430589003,0.0,0.0,-0.009685954053204243,0.0,0.022210729574916745,0.0,1.0592998616654192,-1.8628666727062844
2.2029926252133727,-0.030310889132455256,0.0,0.0,-0.008407337874228484,0.0,0.023937105143821514,0.0,0.9194645977283451,-2.229833463151503
2.209251126989547,-0.03139054595364398,0.0,0.0,-0.007092720183757288,0.0,0.025560978353609206,0.0,0.7756920452250253,-2.587251764377246
2.2155096287657217,-0.03233578363789502,0.0,0.0,-0.0057477303765648856,0.0,0.027075395529894124,0.0,0.6285978602976267,-2.9335910563458465
2.221768130541896,-0.03314255453232867,0.0,0.0,-0.0043781279054925576,0.0,0.028473871705829525,0.0,0.47881192282835044,-3.267368261038044
2.22802663231807,-0.03380740392011736,0.0,0.0,-0.0029897776185864866,0.0,0.02975041839173225,0.0,0.32697563919697953,-3.5871540932209753
2.2342851340942445,-0.03432748481411303,0.0,0.0,-0.0015886246449186186,0.0,0.030899569218714264,0.0,0.17373919568035384,-3.8915791808668194
2.2405436358704187,-0.03470057014808334,0.0,0.0,-0.00018066893663111602,0.0,0.031916403346513585,0.0,0.019758774254898276,-4.179339929014089
2.2468021376465934,-0.03492506231335112,0.0,0.0,0.0012280604237799927,0.0,0.032796566535287834,0.0,-0.13430625727535558,-4.449204101961409
2.2530606394227677,-0.035,0.0,0.0,0.002631531040921057,0.0,0.0335362897911374,0.0,-0.287796168792868,-4.700016099889862
2.259319141198942,-0.034925062313351136,0.0,0.0,0.004023733038144902,0.0,0.034132405505516446,0.0,-0.4400536929323377,-4.930701907318989
2.265577642975116,-0.03470057014808339,0.0,0.0,0.0053987047927646775,0.0,0.034582361019418646,0.0,-0.5904268396003993,-5.140273692205847
2.2718361447512905,-0.034327484814113116,0.0,0.0,0.006750558464637597,0.0,0.034884229554255054,0.0,-0.7382716878973145,-5.327834035993507
2.278094646527465,-0.033807403920117406,0.0,0.0,0.008073505208800492,0.0,0.0350367184626158,0.0,-0.8829551434851377,-5.492579776495099
2.2843531483036394,-0.03314255453232873,0.0,0.0,0.00936187996419209,0.0,0.03503917476358474,0.0,-1.023857649594802,-5.633805447157535
2.2906116500798137,-0.03233578363789509,0.0,0.0,0.01061016571231506,0.0,0.03489158793890404,0.0,-1.1603758400634157,-5.750906297977693
2.296870151855988,-0.031390545953644176,0.0,0.0,0.011813017101955627,0.0,0.03459458997801492,0.0,-1.291925123040738,-5.8433808851347155
2.3031286536321622,-0.030310889132455474,0.0,0.0,0.012965283338798239,0.0,0.03414945267178188,0.0,-1.4179421843012467,-5.910833218249438
2.309387155408337,-0.02910143643058911,0.0,0.0,0.014062030241917729,0.0,0.033558082166488847,0.0,-1.5378873994421465,-5.952974456075998
2.315645657184511,-0.027767366910193287,0.0,0.0,0.015098561372699045,0.0,0.032823010801428465,0.0,-1.6512471446378525,-5.969624143364368
2.3219041589606855,-0.026314393261764303,0.0,0.0,0.01607043814570916,0.0,0.031947386265036085,0.0,-1.7575359960561465,-5.960710983597482
2.3281626607368597,-0.0247487373415293,0.0,0.0,0.016973498835400797,0.0,0.03093495811600486,0.0,-1.8562988085174932,-5.926273144293836
2.334421162513034,-0.02307710352850259,0.0,0.0,0.017803876397260308,0.0,0.029790061727099734,0.0,-1.9471126644965908,-5.866458093568317
2.3406796642892087,-0.021306650015305257,0.0,0.0,0.018558015027085997,0.0,0.02851759972042555,0.0,-2.029588685120148,-5.7815219686511
2.346938166065383,-0.019444958155686153,0.0,0.0,0.019232685387487323,0.0,0.027123020973647077,0.0,-2.1033736954058884,-5.671828479068726
2.3531966678415572,-0.017500000000000123,0.0,0.0,0.019824998436403857,0.0,0.025612297287057526,0.0,-2.168151736612097,-5.537847349184032
2.3594551696177315,-0.015480104157665214,0.0,0.0,0.02033241779842658,0.0,0.02399189781141338,0.0,-2.2236454192214223,-5.380152306764341
2.365713671393906,-0.013393920132778247,0.0,0.0,0.020752770625946895,0.0,0.02226876134603751,0.0,-2.269617110765389,-5.199418626191067
2.3719721731700805,-0.011250381285610692,0.0,0.0,0.021084256903623595,0.0,0.020450266625815464,0.0,-2.3058699534031,-4.996420236831172
2.3782306749462547,-0.009058666578588311,0.0,0.0,0.021325457156324952,0.0,0.018544200724319726,0.0,-2.3322487068967415,-4.772026408952787
2.384489176722429,-0.006828161270564622,0.0,0.0,0.021475338527539183,0.0,0.016558725708364964,0.0,-2.348640413374116,-4.527198031376444
2.3907476784986033,-0.0045684167277019894,0.0,0.0,0.021533259202224545,0.0,0.014502343686785168,0.0,-2.3549748810315867,-4.262983496801662
2.397006180274778,-0.0022891095230551167,0.0,0.0,0.021498971155159887,0.0,0.012383860403098136,0.0,-2.351224984706159,-3.9805142124284276
2.4032646820509522,-3.4290110376125894e-17,0.0,0.0,0.021372621213026733,0.0,0.010212347527960198,0.0,-2.337406782029593,-3.6809997550979148
2.4095231838271265,0.002289109523054924,0.0,0.0,0.0211547504256749,0.0,0.007997103812879538,0.0,-2.3135794446671594,-3.3657226916987253
2.4157816856033008,0.004568416727701675,0.0,0.0,0.020846291749263966,0.0,0.005747615271534415,0.0,-2.279845004935483,-3.0360330870185344
2.422040187379475,0.0068281612705643115,0.0,0.0,0.02044856605120175,0.0,0.0034735145592066333,0.0,-2.2363479188845004,-2.6933427225594513
2.4282986891556497,0.009058666578588124,0.0,0.0,0.01996327645398729,0.0,0.0011845397242725483,0.0,-2.1832744477144734,-2.339119051072853
2.434557190931824,0.01125038128561051,0.0,0.0,0.01939250104217893,0.0,-0.001109507491614595,0.0,-2.120851860176945,-1.9748789127014894
2.4408156927079983,0.013393920132778068,0.0,0.0,0.018738683963717,0.0,-0.0033988036260880782,0.0,-2.049347459375034,-1.6021820396369924
2.4470741944841725,0.015480104157664928,0.0,0.0,0.01800462496370737,0.0,-0.005673545561640704,0.0,-1.9690674381305373,-1.2226243771073282
2.453332696260347,0.017499999999999846,0.0,0.0,0.01719346739548284,0.0,-0.007923992504079823,0.0,-1.8803555678192334,-0.8378312492941815
2.4595911980365215,0.019444958155685994,0.0,0.0,0.01630868476028167,0.0,-0.010140507694103133,0.0,-1.783591726289084,-0.4494503994453427
2.4658496998126958,0.0213066500153051,0.0,0.0,0.015354065833182188,0.0,-0.012313599673381111,0.0,-1.6791902711649864,-0.05914493398521925
2.47210820158887,0.023077103528502355,0.0,0.0,0.014333698438985897,0.0,-0.014433962928439575,0.0,-1.5675982655057743,0.3314137991623456
2.4783667033650443,0.024748737341529076,0.0,0.0,0.013251951947524505,0.0,-0.01649251773829604,0.0,-1.4492935634116086,0.7205533675423037
2.4846252051412185,0.026314393261764095,0.0,0.0,0.012113458563347139,0.0,-0.018480449055219738,0.0,-1.3247827637793188,1.1066074157810801
2.4908837069173932,0.027767366910193172,0.0,0.0,0.010923093489909465,0.0,-0.02038924425211894,0.0,-1.194599040968169,1.4879228011760426
2.4971422086935675,0.029101436430589,0.0,0.0,0.009685954053204245,0.0,-0.02221072957491674,0.0,-1.0592998616654195,1.8628666727062837
2.5034007104697418,0.030310889132455252,0.0,0.0,0.008407337874228487,0.0,-0.023937105143821507,0.0,-0.9194645977283454,2.2298334631515018
2.509659212245916,0.03139054595364404,0.0,0.0,0.00709272018375722,0.0,-0.02556097835360929,0.0,-0.7756920452250178,2.587251764377265
2.5159177140220903,0.03233578363789497,0.0,0.0,0.005747730376564962,0.0,-0.02707539552989404,0.0,-0.628597860297635,2.9335910563458274
2.522176215798265,0.033142554532328665,0.0,0.0,0.00437812790549256,0.0,-0.028473871705829518,0.0,-0.4788119228283507,3.267368261038043
2.5284347175744393,0.03380740392011736,0.0,0.0,0.0029897776185864888,0.0,-0.029750418391732248,0.0,-0.32697563919697975,3.5871540932209744
2.5346932193506135,0.03432748481411303,0.0,0.0,0.001588624644918621,0.0,-0.030899569218714264,0.0,-0.17373919568035412,3.8915791808668194
2.540951721126788,0.03470057014808335,0.0,0.0,0.00018066893663104235,0.0,-0.03191640334651363,0.0,-0.01975877425489022,4.179339929014104
2.547210222902962,0.034925062313351116,0.0,0.0,-0.0012280604237799135,0.0,-0.03279656653528779,0.0,0.13430625727534692,4.449204101961396
2.5534687246791368,0.035,0.0,0.0,-0.002631531040921054,0.0,-0.0335362897911374,0.0,0.2877961687928677,4.700016099889862
2.559727226455311,0.034925062313351136,0.0,0.0,-0.004023733038144899,0.0,-0.03413240550551644,0.0,0.4400536929323374,4.930701907318987
2.5659857282314853,0.03470057014808339,0.0,0.0,-0.005398704792764675,0.0,-0.034582361019418646,0.0,0.590426839600399,5.140273692205847
2.5722442300076596,0.034327484814113116,0.0,0.0,-0.006750558464637595,0.0,-0.03488422955425506,0.0,0.7382716878973143,5.327834035993509
2.578502731783834,0.03380740392011744,0.0,0.0,-0.008073505208800418,0.0,-0.035036718462615794,0.0,0.8829551434851295,5.4925797764950905
2.5847612335600085,0.033142554532328734,0.0,0.0,-0.009361879964192089,0.0,-0.035039174763584736,0.0,1.0238576495948017,5.633805447157534
2.591019735336183,0.0323357836378951,0.0,0.0,-0.010610165712315059,0.0,-0.03489158793890404,0.0,1.1603758400634154,5.750906297977693
2.597278237112357,0.03139054595364418,0.0,0.0,-0.011813017101955623,0.0,-0.03459458997801492,0.0,1.2919251230407376,5.8433808851347155
2.6035367388885313,0.030310889132455478,0.0,0.0,-0.012965283338798237,0.0,-0.03414945267178188,0.0,1.4179421843012465,5.910833218249437
2.609795240664706,0.02910143643058911,0.0,0.0,-0.014062030241917725,0.0,-0.033558082166488847,0.0,1.5378873994421463,5.952974456075998
2.6160537424408803,0.02776736691019329,0.0,0.0,-0.015098561372699045,0.0,-0.03282301080142847,0.0,1.6512471446378525,5.969624143364369
2.6223122442170546,0.026314393261764303,0.0,0.0,-0.016070438145709156,0.0,-0.031947386265036085,0.0,1.757535996056146,5.960710983597481
2.628570745993229,0.024748737341529305,0.0,0.0,-0.016973498835400797,0.0,-0.030934958116004864,0.0,1.8562988085174932,5.926273144293836
2.634829247769403,0.023077103528502594,0.0,0.0,-0.017803876397260304,0.0,-0.029790061727099738,0.0,1.9471126644965904,5.866458093568317
2.641087749545578,0.02130665001530526,0.0,0.0,-0.018558015027085997,0.0,-0.028517599720425554,0.0,2.029588685120148,5.7815219686511
2.647346251321752,0.019444958155686157,0.0,0.0,-0.019232685387487323,0.0,-0.027123020973647084,0.0,2.1033736954058884,5.6718284790687274
2.6536047530979263,0.017500000000000123,0.0,0.0,-0.019824998436403854,0.0,-0.025612297287057526,0.0,2.1681517366120966,5.537847349184032
2.6598632548741006,0.015480104157665217,0.0,0.0,-0.02033241779842658,0.0,-0.023991897811413386,0.0,2.2236454192214223,5.380152306764342
2.666121756650275,0.013393920132778365,0.0,0.0,-0.020752770625946874,0.0,-0.02226876134603761,0.0,2.269617110765387,5.199418626191077
2.6723802584264496,0.011250381285610695,0.0,0.0,-0.021084256903623592,0.0,-0.020450266625815467,0.0,2.3058699534030995,4.996420236831171
2.678638760202624,0.009058666578588314,0.0,0.0,-0.021325457156324952,0.0,-0.01854420072431973,0.0,2.3322487068967415,4.772026408952787
2.684897261978798,0.006828161270564626,0.0,0.0,-0.021475338527539183,0.0,-0.016558725708364967,0.0,2.348640413374116,4.527198031376445
2.6911557637549723,0.004568416727701993,0.0,0.0,-0.021533259202224545,0.0,-0.014502343686785171,0.0,2.3549748810315867,4.262983496801663
2.6974142655311466,0.002289109523055245,0.0,0.0,-0.021498971155159894,0.0,-0.012383860403098256,0.0,2.35122498470616,3.980514212428444
2.7036727673073213,3.857637417314163e-17,0.0,0.0,-0.021372621213026733,0.0,-0.010212347527960202,0.0,2.337406782029593,3.680999755097915
2.7099312690834956,-0.00228910952305492,0.0,0.0,-0.0211547504256749,0.0,-0.007997103812879542,0.0,2.3135794446671594,3.3657226916987257
2.71618977085967,-0.00456841672770167,0.0,0.0,-0.020846291749263966,0.0,-0.005747615271534419,0.0,2.279845004935483,3.0360330870185352
2.722448272635844,-0.006828161270564306,0.0,0.0,-0.020448566051201753,0.0,-0.0034735145592066385,0.0,2.236347918884501,2.6933427225594526
2.7287067744120184,-0.009058666578587999,0.0,0.0,-0.019963276453987322,0.0,-0.001184539724272677,0.0,2.183274447714477,2.339119051072873
2.734965276188193,-0.011250381285610622,0.0,0.0,-0.0193925010421789,0.0,0.0011095074916147138,0.0,2.1208518601769417,1.9748789127014708
2.7412237779643673,-0.013393920132778065,0.0,0.0,-0.018738683963717,0.0,0.003398803626088072,0.0,2.049347459375034,1.6021820396369932
2.7474822797405416,-0.015480104157664924,0.0,0.0,-0.018004624963707375,0.0,0.005673545561640699,0.0,1.9690674381305378,1.222624377107329
2.753740781516716,-0.017499999999999842,0.0,0.0,-0.01719346739548284,0.0,0.007923992504079819,0.0,1.8803555678192334,0.837831249294182
2.75999928329289,-0.019444958155685883,0.0,0.0,-0.016308684760281723,0.0,0.010140507694103008,0.0,1.7835917262890897,0.4494503994453649
2.766257785069065,-0.0213066500153051,0.0,0.0,-0.015354065833182192,0.0,0.012313599673381111,0.0,1.6791902711649869,0.059144933985219694
2.772516286845239,-0.02307710352850235,0.0,0.0,-0.014333698438985897,0.0,0.014433962928439568,0.0,1.5675982655057743,-0.3314137991623449
2.7787747886214134,-0.02474873734152907,0.0,0.0,-0.013251951947524506,0.0,0.016492517738296037,0.0,1.4492935634116089,-0.720553367542303
2.7850332903975876,-0.02631439326176409,0.0,0.0,-0.01211345856334714,0.0,0.018480449055219735,0.0,1.324782763779319,-1.1066074157810795
2.791291792173762,-0.027767366910193093,0.0,0.0,-0.010923093489909533,0.0,0.020389244252118837,0.0,1.1945990409681764,-1.4879228011760215
2.7975502939499366,-0.029101436430589,0.0,0.0,-0.009685954053204247,0.0,0.022210729574916738,0.0,1.0592998616654197,-1.862866672706283
2.803808795726111,-0.030310889132455315,0.0,0.0,-0.008407337874228418,0.0,0.023937105143821597,0.0,0.9194645977283379,-2.229833463151521
2.810067297502285,-0.03139054595364404,0.0,0.0,-0.0070927201837572215,0.0,0.02556097835360929,0.0,0.775692045225018,-2.587251764377265
2.8163257992784594,-0.032335783637894966,0.0,0.0,-0.0057477303765649645,0.0,0.027075395529894037,0.0,0.6285978602976353,-2.9335910563458265
2.8225843010546336,-0.03314255453232863,0.0,0.0,-0.004378127905492638,0.0,0.028473871705829445,0.0,0.4788119228283592,-3.2673682610380244
2.8288428028308084,-0.03380740392011735,0.0,0.0,-0.002989777618586492,0.0,0.029750418391732248,0.0,0.3269756391969801,-3.587154093220974
2.8351013046069826,-0.03432748481411303,0.0,0.0,-0.0015886246449186233,0.0,0.03089956921871426,0.0,0.17373919568035437,-3.891579180866818
2.841359806383157,-0.03470057014808335,0.0,0.0,-0.0001806689366310447,0.0,0.031916403346513626,0.0,0.019758774254890477,-4.179339929014102
2.847618308159331,-0.034925062313351116,0.0,0.0,0.001228060423779911,0.0,0.03279656653528779,0.0,-0.13430625727534665,-4.449204101961395
2.853876809935506,-0.035,0.0,0.0,0.0026315310409210516,0.0,0.0335362897911374,0.0,-0.2877961687928674,-4.7000160998898615
2.86013531171168,-0.034925062313351136,0.0,0.0,0.004023733038144898,0.0,0.03413240550551644,0.0,-0.44005369293233726,-4.930701907318987
2.8663938134878544,-0.03470057014808339,0.0,0.0,0.005398704792764672,0.0,0.034582361019418646,0.0,-0.5904268396003987,-5.140273692205847
2.8726523152640286,-0.034327484814113095,0.0,0.0,0.006750558464637665,0.0,0.03488422955425507,0.0,-0.738271687897322,-5.327834035993518
2.878910817040203,-0.03380740392011744,0.0,0.0,0.008073505208800416,0.0,0.035036718462615794,0.0,-0.8829551434851294,-5.4925797764950905
2.8851693188163776,-0.033142554532328734,0.0,0.0,0.009361879964192086,0.0,0.035039174763584736,0.0,-1.0238576495948015,-5.633805447157534
2.891427820592552,-0.0323357836378951,0.0,0.0,0.010610165712315055,0.0,0.03489158793890404,0.0,-1.160375840063415,-5.750906297977693
2.897686322368726,-0.03139054595364418,0.0,0.0,0.011813017101955621,0.0,0.03459458997801492,0.0,-1.2919251230407374,-5.8433808851347155
2.9039448241449004,-0.030310889132455478,0.0,0.0,0.012965283338798235,0.0,0.03414945267178188,0.0,-1.4179421843012465,-5.910833218249437
2.9102033259210747,-0.029101436430589184,0.0,0.0,0.014062030241917664,0.0,0.03355808216648888,0.0,-1.5378873994421396,-5.952974456075995
2.9164618276972494,-0.02776736691019329,0.0,0.0,0.015098561372699043,0.0,0.032823010801428465,0.0,-1.6512471446378525,-5.969624143364368
2.9227203294734236,-0.026314393261764307,0.0,0.0,0.016070438145709156,0.0,0.03194738626503609,0.0,-1.757535996056146,-5.960710983597483
2.928978831249598,-0.024748737341529308,0.0,0.0,0.016973498835400797,0.0,0.030934958116004867,0.0,-1.8562988085174932,-5.926273144293836
2.935237333025772,-0.023077103528502597,0.0,0.0,0.017803876397260304,0.0,0.029790061727099738,0.0,-1.9471126644965904,-5.866458093568317
2.9414958348019464,-0.02130665001530536,0.0,0.0,0.018558015027085956,0.0,0.02851759972042563,0.0,-2.0295886851201437,-5.781521968651106
2.947754336578121,-0.01944495815568616,0.0,0.0,0.019232685387487323,0.0,0.027123020973647088,0.0,-2.1033736954058884,-5.6718284790687274
2.9540128383542954,-0.017500000000000127,0.0,0.0,0.019824998436403854,0.0,0.02561229728705753,0.0,-2.1681517366120966,-5.537847349184032
2.9602713401304697,-0.015480104157665223,0.0,0.0,0.020332417798426577,0.0,0.023991897811413386,0.0,-2.223645419221422,-5.380152306764341
2.966529841906644,-0.013393920132778368,0.0,0.0,0.020752770625946874,0.0,0.022268761346037613,0.0,-2.269617110765387,-5.199418626191077
2.972788343682818,-0.011250381285610934,0.0,0.0,0.02108425690362356,0.0,0.020450266625815672,0.0,-2.305869953403096,-4.996420236831195
2.979046845458993,-0.009058666578588318,0.0,0.0,0.02132545715632495,0.0,0.01854420072431973,0.0,-2.332248706896741,-4.772026408952787
2.985305347235167,-0.006828161270564632,0.0,0.0,0.021475338527539183,0.0,0.01655872570836497,0.0,-2.348640413374116,-4.527198031376445
2.9915638490113414,-0.004568416727701998,0.0,0.0,0.02153325920222455,0.0,0.014502343686785176,0.0,-2.354974881031587,-4.262983496801663
2.9978223507875157,-0.0022891095230552494,0.0,0.0,0.021498971155159894,0.0,0.012383860403098261,0.0,-2.35122498470616,-3.980514212428445
3.00408085256369,-2.9155259548619243e-16,0.0,0.0,0.02137262121302675,0.0,0.010212347527960445,0.0,-2.337406782029595,-3.680999755097949
3.0103393543398647,0.0022891095230549155,0.0,0.0,0.0211547504256749,0.0,0.007997103812879547,0.0,-2.3135794446671594,-3.3657226916987266
3.016597856116039,0.004568416727701666,0.0,0.0,0.020846291749263966,0.0,0.005747615271534424,0.0,-2.279845004935483,-3.0360330870185357
3.022856357892213,0.006828161270564303,0.0,0.0,0.020448566051201753,0.0,0.003473514559206642,0.0,-2.236347918884501,-2.6933427225594526
3.0291148596683874,0.009058666578587995,0.0,0.0,0.019963276453987322,0.0,0.0011845397242726816,0.0,-2.183274447714477,-2.339119051072874
3.0353733614445617,0.011250381285610383,0.0,0.0,0.019392501042178965,0.0,-0.001109507491614461,0.0,-2.120851860176949,-1.9748789127015112
3.0416318632207364,0.01339392013277806,0.0,0.0,0.018738683963717005,0.0,-0.0033988036260880687,0.0,-2.0493474593750345,-1.6021820396369941
3.0478903649969107,0.01548010415766492,0.0,0.0,0.018004624963707375,0.0,-0.0056735455616406935,0.0,-1.9690674381305378,-1.22262437710733
3.054148866773085,0.01749999999999984,0.0,0.0,0.017193467395482845,0.0,-0.007923992504079816,0.0,-1.8803555678192339,-0.8378312492941828
3.060407368549259,0.019444958155685983,0.0,0.0,0.016308684760281675,0.0,-0.010140507694103124,0.0,-1.7835917262890844,-0.44945039944534426
3.0666658703254335,0.021306650015304997,0.0,0.0,0.015354065833182247,0.0,-0.012313599673380988,0.0,-1.6791902711649929,-0.0591449339852419
3.072924372101608,0.023077103528502254,0.0,0.0,0.014333698438985958,0.0,-0.014433962928439454,0.0,-1.567598265505781,0.33141379916232294
3.0791828738777824,0.02474873734152907,0.0,0.0,0.013251951947524508,0.0,-0.016492517738296037,0.0,-1.449293563411609,0.7205533675423028
3.0854413756539567,0.026314393261764005,0.0,0.0,0.012113458563347206,0.0,-0.018480449055219627,0.0,-1.3247827637793261,1.1066074157810586
3.091699877430131,0.02776736691019309,0.0,0.0,0.010923093489909537,0.0,-0.02038924425211883,0.0,-1.1945990409681768,1.4879228011760202
3.0979583792063057,0.029101436430588996,0.0,0.0,0.00968595405320425,0.0,-0.022210729574916734,0.0,-1.0592998616654201,1.8628666727062826
3.10421688098248,0.03031088913245531,0.0,0.0,0.008407337874228421,0.0,-0.023937105143821594,0.0,-0.9194645977283382,2.229833463151521
3.110475382758654,0.03139054595364398,0.0,0.0,0.007092720183757296,0.0,-0.0255609783536092,0.0,-0.7756920452250261,2.587251764377244
3.1167338845348285,0.032335783637894966,0.0,0.0,0.005747730376564967,0.0,-0.027075395529894034,0.0,-0.6285978602976355,2.933591056345826
3.1229923863110027,0.033142554532328665,0.0,0.0,0.004378127905492565,0.0,-0.028473871705829514,0.0,-0.4788119228283513,3.2673682610380417
3.1292508880871774,0.033807403920117385,0.0,0.0,0.002989777618586418,0.0,-0.02975041839173231,0.0,-0.32697563919697203,3.587154093220991
3.1355093898633517,0.03432748481411303,0.0,0.0,0.0015886246449186264,0.0,-0.03089956921871426,0.0,-0.1737391956803547,3.8915791808668176
3.141767891639526,0.03470057014808335,0.0,0.0,0.0001806689366310471,0.0,-0.031916403346513626,0.0,-0.019758774254890737,4.179339929014102
3.1480263934157002,0.03492506231335111,0.0,0.0,-0.0012280604237798322,0.0,-0.032796566535287744,0.0,0.13430625727533804,4.449204101961381
3.1542848951918745,0.035,0.0,0.0,-0.002631531040920973,0.0,-0.03353628979113736,0.0,0.28779616879285885,4.700016099889848
3.160543396968049,0.034925062313351136,0.0,0.0,-0.004023733038144895,0.0,-0.03413240550551644,0.0,0.4400536929323369,4.930701907318987
3.1668018987442235,0.03470057014808338,0.0,0.0,-0.005398704792764744,0.0,-0.03458236101941867,0.0,0.5904268396004065,5.140273692205858
3.1730604005203977,0.034327484814113116,0.0,0.0,-0.00675055846463759,0.0,-0.034884229554255054,0.0,0.7382716878973138,5.327834035993506
3.179318902296572,0.03380740392011744,0.0,0.0,-0.008073505208800414,0.0,-0.0350367184626158,0.0,0.8829551434851292,5.492579776495091
3.1855774040727463,0.03314255453232882,0.0,0.0,-0.009361879964191947,0.0,-0.03503917476358474,0.0,1.0238576495947862,5.633805447157519
3.191835905848921,0.03233578363789505,0.0,0.0,-0.010610165712315121,0.0,-0.034891587938904026,0.0,1.160375840063422,5.750906297977698
3.1980944076250952,0.03139054595364418,0.0,0.0,-0.01181301710195562,0.0,-0.03459458997801493,0.0,1.2919251230407374,5.843380885134716
3.2043529094012695,0.03031088913245542,0.0,0.0,-0.012965283338798294,0.0,-0.03414945267178185,0.0,1.417942184301253,5.910833218249442
3.2106114111774438,0.029101436430589253,0.0,0.0,-0.014062030241917605,0.0,-0.033558082166488916,0.0,1.5378873994421332,5.952974456075993
3.216869912953618,0.027767366910193374,0.0,0.0,-0.015098561372698986,0.0,-0.03282301080142852,0.0,1.651247144637846,5.969624143364369
3.2231284147297927,0.026314393261764314,0.0,0.0,-0.016070438145709152,0.0,-0.03194738626503609,0.0,1.7575359960561459,5.960710983597483
3.229386916505967,0.024748737341529218,0.0,0.0,-0.01697349883540084,0.0,-0.0309349581160048,0.0,1.8562988085174976,5.926273144293832
3.2356454182821413,0.0230771035285026,0.0,0.0,-0.017803876397260304,0.0,-0.02979006172709974,0.0,1.9471126644965904,5.866458093568319
3.2419039200583155,0.021306650015305365,0.0,0.0,-0.018558015027085956,0.0,-0.028517599720425633,0.0,2.0295886851201437,5.781521968651107
3.2481624218344898,0.01944495815568637,0.0,0.0,-0.019232685387487253,0.0,-0.027123020973647247,0.0,2.103373695405881,5.671828479068741
3.2544209236106645,0.017500000000000026,0.0,0.0,-0.01982499843640388,0.0,-0.025612297287057446,0.0,2.1681517366120997,5.537847349184025
3.2606794253868387,0.015480104157665226,0.0,0.0,-0.020332417798426577,0.0,-0.02399189781141339,0.0,2.223645419221422,5.380152306764342
3.266937927163013,0.013393920132778259,0.0,0.0,-0.020752770625946895,0.0,-0.02226876134603752,0.0,2.269617110765389,5.1994186261910675
3.2731964289391873,0.011250381285610938,0.0,0.0,-0.02108425690362356,0.0,-0.020450266625815675,0.0,2.305869953403096,4.996420236831195
3.2794549307153615,0.009058666578588443,0.0,0.0,-0.021325457156324938,0.0,-0.01854420072431984,0.0,2.3322487068967397,4.7720264089528
3.2857134324915362,0.006828161270564635,0.0,0.0,-0.021475338527539183,0.0,-0.016558725708364974,0.0,2.348640413374116,4.527198031376445
3.2919719342677105,0.004568416727701878,0.0,0.0,-0.02153325920222455,0.0,-0.014502343686785065,0.0,2.354974881031587,4.262983496801649
3.2982304360438848,0.0022891095230552537,0.0,0.0,-0.021498971155159894,0.0,-0.012383860403098265,0.0,2.35122498470616,3.9805142124284454
3.304488937820059,1.7149388052519062e-16,0.0,0.0,-0.021372621213026743,0.0,-0.01021234752796033,0.0,2.337406782029594,3.6809997550979334
3.3107474395962333,-0.002289109523054663,0.0,0.0,-0.021154750425674933,0.0,-0.007997103812879793,0.0,2.3135794446671625,3.365722691698762
3.317005941372408,-0.004568416727701785,0.0,0.0,-0.020846291749263945,0.0,-0.005747615271534305,0.0,2.279845004935481,3.036033087018518
3.3232644431485823,-0.0068281612705642985,0.0,0.0,-0.020448566051201753,0.0,-0.0034735145592066463,0.0,2.236347918884501,2.6933427225594535
3.3295229449247565,-0.009058666578588111,0.0,0.0,-0.019963276453987294,0.0,-0.0011845397242725615,0.0,2.183274447714474,2.339119051072855
3.335781446700931,-0.01125038128561038,0.0,0.0,-0.019392501042178968,0.0,0.0011095074916144575,0.0,2.1208518601769493,1.974878912701512
3.3420399484771055,-0.013393920132777942,0.0,0.0,-0.018738683963717043,0.0,0.003398803626087941,0.0,2.0493474593750385,1.602182039637015
3.3482984502532798,-0.015480104157664917,0.0,0.0,-0.018004624963707378,0.0,0.005673545561640689,0.0,1.969067438130538,1.2226243771073309
3.354556952029454,-0.017499999999999943,0.0,0.0,-0.0171934673954828,0.0,0.00792399250407993,0.0,1.880355567819229,0.8378312492941629
3.3608154538056283,-0.01944495815568588,0.0,0.0,-0.016308684760281727,0.0,0.010140507694103002,0.0,1.7835917262890901,0.449450399445366
3.3670739555818026,-0.021306650015305094,0.0,0.0,-0.015354065833182193,0.0,0.012313599673381099,0.0,1.679190271164987,0.05914493398522147
3.3733324573579773,-0.02307710352850234,0.0,0.0,-0.014333698438985902,0.0,0.01443396292843956,0.0,1.567598265505775,-0.3314137991623429
3.3795909591341515,-0.02474873734152898,0.0,0.0,-0.01325195194752457,0.0,0.01649251773829592,0.0,1.4492935634116157,-0.7205533675422806
3.385849460910326,-0.026314393261764088,0.0,0.0,-0.012113458563347146,0.0,0.01848044905521973,0.0,1.3247827637793195,-1.1066074157810786
3.3921079626865,-0.027767366910193162,0.0,0.0,-0.010923093489909474,0.0,0.02038924425211893,0.0,1.19459904096817,-1.4879228011760408
3.3983664644626743,-0.029101436430588927,0.0,0.0,-0.00968595405320432,0.0,0.022210729574916634,0.0,1.0592998616654277,-1.8628666727062617
3.404624966238849,-0.03031088913245525,0.0,0.0,-0.008407337874228494,0.0,0.0239371051438215,0.0,0.9194645977283462,-2.2298334631515004
3.4108834680150233,-0.03139054595364403,0.0,0.0,-0.007092720183757227,0.0,0.025560978353609282,0.0,0.7756920452250186,-2.587251764377263
3.4171419697911976,-0.032335783637895014,0.0,0.0,-0.005747730376564896,0.0,0.02707539552989411,0.0,0.6285978602976278,-2.933591056345844
3.423400471567372,-0.03314255453232862,0.0,0.0,-0.004378127905492643,0.0,0.028473871705829438,0.0,0.4788119228283598,-3.2673682610380235
3.429658973343546,-0.03380740392011735,0.0,0.0,-0.0029897776185864966,0.0,0.029750418391732245,0.0,0.3269756391969806,-3.5871540932209736
3.435917475119721,-0.03432748481411305,0.0,0.0,-0.0015886246449185518,0.0,0.030899569218714316,0.0,0.17373919568034654,-3.891579180866834
3.442175976895895,-0.03470057014808333,0.0,0.0,-0.00018066893663112713,0.0,0.03191640334651358,0.0,0.01975877425489949,-4.179339929014088
3.4484344786720693,-0.034925062313351116,0.0,0.0,0.0012280604237799055,0.0,0.032796566535287786,0.0,-0.13430625727534606,-4.449204101961394
3.4546929804482436,-0.035,0.0,0.0,0.0026315310409210464,0.0,0.033536289791137396,0.0,-0.28779616879286685,-4.700016099889861
3.460951482224418,-0.03492506231335114,0.0,0.0,0.004023733038144817,0.0,0.03413240550551642,0.0,-0.44005369293232843,-4.9307019073189755
3.4672099840005925,-0.03470057014808339,0.0,0.0,0.005398704792764667,0.0,0.03458236101941864,0.0,-0.5904268396003981,-5.140273692205845
3.473468485776767,-0.034327484814113095,0.0,0.0,0.006750558464637659,0.0,0.03488422955425506,0.0,-0.7382716878973213,-5.327834035993516
3.479726987552941,-0.033807403920117475,0.0,0.0,0.00807350520880034,0.0,0.035036718462615794,0.0,-0.882955143485121,-5.4925797764950826
3.4859854893291153,-0.033142554532328776,0.0,0.0,0.009361879964192013,0.0,0.03503917476358474,0.0,-1.0238576495947935,-5.633805447157526
3.4922439911052896,-0.0323357836378951,0.0,0.0,0.01061016571231505,0.0,0.03489158793890404,0.0,-1.1603758400634143,-5.750906297977692
3.4985024928814643,-0.03139054595364413,0.0,0.0,0.01181301710195568,0.0,0.03459458997801491,0.0,-1.291925123040744,-5.84338088513472
3.5047609946576386,-0.03031088913245548,0.0,0.0,0.01296528333879823,0.0,0.03414945267178188,0.0,-1.4179421843012459,-5.9108332182494365
3.511019496433813,-0.029101436430589187,0.0,0.0,0.014062030241917661,0.0,0.03355808216648888,0.0,-1.5378873994421391,-5.952974456075995
3.517277998209987,-0.02776736691019345,0.0,0.0,0.015098561372698929,0.0,0.03282301080142856,0.0,-1.6512471446378398,-5.969624143364368
3.5235364999861614,-0.026314393261764397,0.0,0.0,0.0160704381457091,0.0,0.03194738626503615,0.0,-1.75753599605614,-5.960710983597483
3.529795001762336,-0.02474873734152931,0.0,0.0,0.01697349883540079,0.0,0.030934958116004867,0.0,-1.8562988085174923,-5.926273144293836
3.5360535035385103,-0.023077103528502514,0.0,0.0,0.017803876397260346,0.0,0.029790061727099682,0.0,-1.947112664496595,-5.8664580935683155
3.5423120053146846,-0.021306650015305465,0.0,0.0,0.018558015027085914,0.0,0.028517599720425703,0.0,-2.029588685120139,-5.781521968651111
3.548570507090859,-0.019444958155686268,0.0,0.0,0.019232685387487285,0.0,0.027123020973647168,0.0,-2.1033736954058844,-5.671828479068734
3.554829008867033,-0.017500000000000134,0.0,0.0,0.019824998436403854,0.0,0.025612297287057533,0.0,-2.1681517366120966,-5.537847349184033
3.561087510643208,-0.015480104157665117,0.0,0.0,0.0203324177984266,0.0,0.023991897811413303,0.0,-2.2236454192214246,-5.380152306764333
3.567346012419382,-0.013393920132778377,0.0,0.0,0.020752770625946874,0.0,0.02226876134603762,0.0,-2.269617110765387,-5.199418626191079
3.5736045141955564,-0.011250381285610825,0.0,0.0,0.021084256903623578,0.0,0.020450266625815578,0.0,-2.305869953403098,-4.9964202368311845
3.5798630159717306,-0.009058666578588566,0.0,0.0,0.021325457156324928,0.0,0.018544200724319948,0.0,-2.332248706896739,-4.772026408952813
3.5861215177479053,-0.006828161270564517,0.0,0.0,0.02147533852753919,0.0,0.01655872570836487,0.0,-2.3486404133741163,-4.527198031376432
3.5923800195240796,-0.004568416727702006,0.0,0.0,0.021533259202224545,0.0,0.014502343686785183,0.0,-2.3549748810315867,-4.262983496801664
3.598638521300254,-0.0022891095230551336,0.0,0.0,0.02149897115515989,0.0,0.012383860403098152,0.0,-2.3512249847061595,-3.98051421242843
3.604897023076428,-3.001251230802239e-16,0.0,0.0,0.021372621213026754,0.0,0.010212347527960453,0.0,-2.3374067820295954,-3.6809997550979503
3.6111555248526024,0.002289109523054783,0.0,0.0,0.02115475042567492,0.0,0.007997103812879675,0.0,-2.313579444667161,-3.3657226916987453
3.617414026628777,0.004568416727701658,0.0,0.0,0.020846291749263966,0.0,0.005747615271534431,0.0,-2.279845004935483,-3.0360330870185366
3.6236725284049514,0.0068281612705644165,0.0,0.0,0.020448566051201728,0.0,0.0034735145592065266,0.0,-2.236347918884498,-2.693342722559435
3.6299310301811256,0.009058666578587988,0.0,0.0,0.019963276453987325,0.0,0.0011845397242726903,0.0,-2.183274447714477,-2.339119051072875
3.6361895319573,0.011250381285610492,0.0,0.0,0.019392501042178933,0.0,-0.0011095074916145765,0.0,-2.1208518601769453,-1.9748789127014925
3.642448033733474,0.013393920132777824,0.0,0.0,0.01873868396371708,0.0,-0.003398803626087813,0.0,-2.049347459375043,-1.6021820396370363
3.648706535509649,0.015480104157665025,0.0,0.0,0.018004624963707336,0.0,-0.005673545561640809,0.0,-1.9690674381305335,-1.2226243771073104
3.654965037285823,0.01749999999999983,0.0,0.0,0.01719346739548285,0.0,-0.007923992504079807,0.0,-1.8803555678192343,-0.8378312492941844
3.6612235390619974,0.019444958155685976,0.0,0.0,0.01630868476028168,0.0,-0.010140507694103117,0.0,-1.7835917262890848,-0.4494503994453458
3.6674820408381716,0.021306650015304986,0.0,0.0,0.015354065833182249,0.0,-0.012313599673380976,0.0,-1.679190271164993,-0.059144933985243675
3.673740542614346,0.023077103528502247,0.0,0.0,0.014333698438985963,0.0,-0.014433962928439447,0.0,-1.5675982655057816,0.3314137991623216
3.6799990443905206,0.024748737341529062,0.0,0.0,0.013251951947524512,0.0,-0.016492517738296023,0.0,-1.4492935634116093,0.7205533675423008
3.686257546166695,0.026314393261764164,0.0,0.0,0.012113458563347085,0.0,-0.01848044905521983,0.0,-1.3247827637793128,1.1066074157810986
3.692516047942869,0.027767366910193086,0.0,0.0,0.010923093489909542,0.0,-0.020389244252118823,0.0,-1.1945990409681775,1.4879228011760186
3.6987745497190434,0.029101436430588993,0.0,0.0,0.009685954053204255,0.0,-0.022210729574916724,0.0,-1.0592998616654206,1.8628666727062804
3.7050330514952177,0.030310889132455183,0.0,0.0,0.008407337874228565,0.0,-0.023937105143821406,0.0,-0.919464597728354,2.22983346315148
3.7112915532713924,0.031390545953643975,0.0,0.0,0.0070927201837573004,0.0,-0.025560978353609192,0.0,-0.7756920452250265,2.587251764377243
3.7175500550475666,0.032335783637894966,0.0,0.0,0.005747730376564973,0.0,-0.027075395529894027,0.0,-0.6285978602976362,2.9335910563458243
3.723808556823741,0.033142554532328665,0.0,0.0,0.004378127905492571,0.0,-0.02847387170582951,0.0,-0.47881192282835183,3.2673682610380412
3.730067058599915,0.033807403920117315,0.0,0.0,0.002989777618586575,0.0,-0.029750418391732175,0.0,-0.3269756391969892,3.5871540932209554
3.7363255603760894,0.034327484814113025,0.0,0.0,0.0015886246449186312,0.0,-0.030899569218714257,0.0,-0.17373919568035523,3.891579180866817
3.742584062152264,0.03470057014808335,0.0,0.0,0.00018066893663105243,0.0,-0.031916403346513626,0.0,-0.01975877425489132,4.179339929014101
3.7488425639284384,0.03492506231335112,0.0,0.0,-0.0012280604237799796,0.0,-0.03279656653528783,0.0,0.13430625727535417,4.449204101961407
3.7551010657046127,0.035,0.0,0.0,-0.002631531040920968,0.0,-0.03353628979113736,0.0,0.28779616879285824,4.700016099889847
3.761359567480787,0.034925062313351136,0.0,0.0,-0.004023733038144889,0.0,-0.03413240550551644,0.0,0.4400536929323363,4.930701907318986
3.767618069256961,0.034700570148083414,0.0,0.0,-0.005398704792764591,0.0,-0.034582361019418625,0.0,0.5904268396003898,5.140273692205835
3.773876571033136,0.034327484814113116,0.0,0.0,-0.006750558464637585,0.0,-0.034884229554255054,0.0,0.7382716878973132,5.327834035993506
3.78013507280931,0.03380740392011744,0.0,0.0,-0.00807350520880041,0.0,-0.0350367184626158,0.0,0.8829551434851286,5.4925797764950905
3.7863935745854844,0.033142554532328734,0.0,0.0,-0.009361879964192079,0.0,-0.03503917476358474,0.0,1.0238576495948006,5.633805447157533
3.7926520763616587,0.032335783637895146,0.0,0.0,-0.010610165712314983,0.0,-0.03489158793890405,0.0,1.160375840063407,5.7509062979776875
3.798910578137833,0.03139054595364419,0.0,0.0,-0.011813017101955614,0.0,-0.03459458997801493,0.0,1.2919251230407367,5.8433808851347155
3.8051690799140077,0.030310889132455422,0.0,0.0,-0.01296528333879829,0.0,-0.034149452671781856,0.0,1.4179421843012525,5.910833218249441
3.811427581690182,0.029101436430589257,0.0,0.0,-0.014062030241917602,0.0,-0.03355808216648892,0.0,1.5378873994421327,5.952974456075994
3.817686083466356,0.027767366910193377,0.0,0.0,-0.015098561372698983,0.0,-0.03282301080142852,0.0,1.6512471446378458,5.969624143364369
3.8239445852425304,0.026314393261764317,0.0,0.0,-0.01607043814570915,0.0,-0.0319473862650361,0.0,1.7575359960561454,5.960710983597483
3.830203087018705,0.024748737341529225,0.0,0.0,-0.01697349883540084,0.0,-0.030934958116004812,0.0,1.8562988085174976,5.926273144293834
3.8364615887948794,0.023077103528502604,0.0,0.0,-0.0178038763972603,0.0,-0.029790061727099745,0.0,1.94711266449659,5.866458093568319
3.8427200905710537,0.02130665001530537,0.0,0.0,-0.018558015027085952,0.0,-0.028517599720425637,0.0,2.0295886851201432,5.781521968651107
3.848978592347228,0.01944495815568638,0.0,0.0,-0.01923268538748725,0.0,-0.02712302097364725,0.0,2.1033736954058804,5.671828479068741
3.855237094123402,0.017500000000000248,0.0,0.0,-0.019824998436403823,0.0,-0.025612297287057627,0.0,2.168151736612093,5.537847349184042
3.861495595899577,0.015480104157665233,0.0,0.0,-0.020332417798426577,0.0,-0.023991897811413396,0.0,2.223645419221422,5.380152306764343
3.867754097675751,0.013393920132778266,0.0,0.0,-0.020752770625946892,0.0,-0.022268761346037527,0.0,2.2696171107653886,5.199418626191068
3.8740125994519254,0.011250381285610947,0.0,0.0,-0.02108425690362356,0.0,-0.020450266625815682,0.0,2.305869953403096,4.996420236831195
3.8802711012280997,0.009058666578588451,0.0,0.0,-0.021325457156324938,0.0,-0.018544200724319847,0.0,2.3322487068967397,4.772026408952801
3.886529603004274,0.006828161270564644,0.0,0.0,-0.021475338527539183,0.0,-0.01655872570836498,0.0,2.348640413374116,4.527198031376447
3.8927881047804487,0.004568416727701887,0.0,0.0,-0.02153325920222455,0.0,-0.014502343686785074,0.0,2.354974881031587,4.262983496801651
3.899046606556623,0.002289109523055262,0.0,0.0,-0.021498971155159894,0.0,-0.012383860403098274,0.0,2.35122498470616,3.9805142124284467
3.905305108332797,1.8006640811922213e-16,0.0,0.0,-0.021372621213026743,0.0,-0.010212347527960337,0.0,2.337406782029594,3.680999755097934
3.9115636101089715,-0.002289109523054655,0.0,0.0,-0.021154750425674933,0.0,-0.0079971038128798,0.0,2.3135794446671625,3.365722691698763
3.9178221118851457,-0.00456841672770153,0.0,0.0,-0.020846291749263987,0.0,-0.005747615271534559,0.0,2.2798450049354853,3.0360330870185557
3.9240806136613204,-0.00682816127056429,0.0,0.0,-0.020448566051201753,0.0,-0.003473514559206654,0.0,2.236347918884501,2.6933427225594544
3.9303391154374947,-0.009058666578588103,0.0,0.0,-0.019963276453987298,0.0,-0.0011845397242725702,0.0,2.1832744477144743,2.3391190510728563
3.936597617213669,-0.01125038128561037,0.0,0.0,-0.019392501042178968,0.0,0.0011095074916144477,0.0,2.1208518601769493,1.9748789127015134
3.9428561189898432,-0.013393920132777935,0.0,0.0,-0.018738683963717046,0.0,0.003398803626087933,0.0,2.049347459375039,1.6021820396370166
3.9491146207660175,-0.015480104157664688,0.0,0.0,-0.018004624963707465,0.0,0.005673545561640438,0.0,1.9690674381305475,1.2226243771073733
3.955373122542192,-0.017499999999999936,0.0,0.0,-0.017193467395482803,0.0,0.007923992504079927,0.0,1.8803555678192292,0.8378312492941637
3.9616316243183665,-0.019444958155685872,0.0,0.0,-0.01630868476028173,0.0,0.010140507694102994,0.0,1.7835917262890904,0.44945039944536735
3.9678901260945407,-0.021306650015305083,0.0,0.0,-0.015354065833182197,0.0,0.01231359967338109,0.0,1.6791902711649873,0.0591449339852228
3.974148627870715,-0.023077103528502146,0.0,0.0,-0.01433369843898602,0.0,0.014433962928439327,0.0,1.5675982655057878,-0.3314137991622996
3.9804071296468893,-0.02474873734152897,0.0,0.0,-0.013251951947524574,0.0,0.016492517738295916,0.0,1.4492935634116162,-0.7205533675422797
3.986665631423064,-0.026314393261764078,0.0,0.0,-0.01211345856334715,0.0,0.01848044905521972,0.0,1.3247827637793201,-1.1066074157810766
3.9929241331992382,-0.02776736691019316,0.0,0.0,-0.010923093489909476,0.0,0.020389244252118924,0.0,1.1945990409681702,-1.4879228011760393
3.9991826349754125,-0.02910143643058892,0.0,0.0,-0.009685954053204325,0.0,0.022210729574916623,0.0,1.059299861665428,-1.8628666727062595
4.005441136751587,-0.030310889132455245,0.0,0.0,-0.0084073378742285,0.0,0.023937105143821497,0.0,0.9194645977283468,-2.229833463151499
4.0116996385277615,-0.03139054595364403,0.0,0.0,-0.007092720183757232,0.0,0.025560978353609275,0.0,0.7756920452250191,-2.5872517643772612
4.017958140303936,-0.032335783637895014,0.0,0.0,-0.005747730376564901,0.0,0.027075395529894106,0.0,0.6285978602976283,-2.933591056345843
4.02421664208011,-0.03314255453232862,0.0,0.0,-0.004378127905492648,0.0,0.028473871705829434,0.0,0.47881192282836027,-3.2673682610380226
4.030475143856284,-0.03380740392011735,0.0,0.0,-0.0029897776185865027,0.0,0.029750418391732238,0.0,0.32697563919698125,-3.587154093220972
4.0367336456324585,-0.034327484814113005,0.0,0.0,-0.00158862464491871,0.0,0.030899569218714194,0.0,0.17373919568036386,-3.8915791808668008
4.042992147408633,-0.03470057014808333,0.0,0.0,-0.00018066893663113188,0.0,0.03191640334651358,0.0,0.01975877425490001,-4.179339929014088
4.049250649184807,-0.034925062313351095,0.0,0.0,0.001228060423779748,0.0,0.0327965665352877,0.0,-0.13430625727532886,-4.4492041019613655
4.055509150960981,-0.035,0.0,0.0,0.0026315310409208894,0.0,0.03353628979113732,0.0,-0.2877961687928497,-4.700016099889834
4.0617676527371565,-0.03492506231335113,0.0,0.0,0.004023733038144962,0.0,0.03413240550551647,0.0,-0.44005369293234425,-4.930701907318998
4.068026154513331,-0.0347005701480834,0.0,0.0,0.005398704792764662,0.0,0.034582361019418646,0.0,-0.5904268396003975,-5.140273692205845
4.074284656289505,-0.034327484814113095,0.0,0.0,0.006750558464637655,0.0,0.03488422955425506,0.0,-0.7382716878973209,-5.327834035993515
4.080543158065679,-0.03380740392011741,0.0,0.0,0.008073505208800477,0.0,0.0350367184626158,0.0,-0.882955143485136,-5.492579776495098
4.0868016598418535,-0.03314255453232878,0.0,0.0,0.009361879964192008,0.0,0.03503917476358475,0.0,-1.0238576495947929,-5.633805447157526
4.093060161618028,-0.032335783637895105,0.0,0.0,0.010610165712315047,0.0,0.03489158793890404,0.0,-1.160375840063414,-5.750906297977691
4.099318663394202,-0.031390545953644246,0.0,0.0,0.011813017101955548,0.0,0.03459458997801494,0.0,-1.2919251230407296,-5.84338088513471
4.105577165170376,-0.030310889132455488,0.0,0.0,0.012965283338798227,0.0,0.034149452671781884,0.0,-1.4179421843012454,-5.910833218249437
4.111835666946551,-0.02910143643058933,0.0,0.0,0.014062030241917541,0.0,0.03355808216648896,0.0,-1.537887399442126,-5.952974456075991
4.118094168722725,-0.027767366910193454,0.0,0.0,0.015098561372698927,0.0,0.03282301080142856,0.0,-1.6512471446378396,-5.969624143364367
4.1243526704989,-0.026314393261764237,0.0,0.0,0.016070438145709198,0.0,0.03194738626503604,0.0,-1.7575359960561507,-5.960710983597481
4.130611172275074,-0.024748737341529315,0.0,0.0,0.01697349883540079,0.0,0.03093495811600487,0.0,-1.8562988085174923,-5.926273144293836
4.1368696740512485,-0.023077103528502518,0.0,0.0,0.01780387639726034,0.0,0.029790061727099682,0.0,-1.9471126644965941,-5.866458093568315
4.143128175827423,-0.021306650015305472,0.0,0.0,0.018558015027085914,0.0,0.02851759972042571,0.0,-2.029588685120139,-5.781521968651111
4.149386677603597,-0.019444958155686275,0.0,0.0,0.019232685387487285,0.0,0.027123020973647174,0.0,-2.1033736954058844,-5.6718284790687346
4.155645179379771,-0.01750000000000014,0.0,0.0,0.01982499843640385,0.0,0.025612297287057544,0.0,-2.168151736612096,-5.537847349184034
4.1619036811559456,-0.015480104157665348,0.0,0.0,0.02033241779842655,0.0,0.02399189781141349,0.0,-2.2236454192214192,-5.380152306764352
4.16816218293212,-0.013393920132778384,0.0,0.0,0.02075277062594687,0.0,0.022268761346037627,0.0,-2.2696171107653864,-5.199418626191079
4.174420684708294,-0.011250381285611068,0.0,0.0,0.021084256903623543,0.0,0.02045026662581579,0.0,-2.305869953403094,-4.9964202368312085
4.180679186484468,-0.009058666578588575,0.0,0.0,0.021325457156324928,0.0,0.01854420072431996,0.0,-2.332248706896739,-4.772026408952815
4.1869376882606435,-0.006828161270564525,0.0,0.0,0.021475338527539186,0.0,0.016558725708364874,0.0,-2.348640413374116,-4.527198031376432
4.193196190036818,-0.004568416727702015,0.0,0.0,0.021533259202224545,0.0,0.01450234368678519,0.0,-2.3549748810315867,-4.262983496801665
4.199454691812992,-0.0022891095230551423,0.0,0.0,0.02149897115515989,0.0,0.01238386040309816,0.0,-2.3512249847061595,-3.980514212428431
4.205713193589166,-3.0869765067425544e-16,0.0,0.0,0.021372621213026754,0.0,0.010212347527960462,0.0,-2.3374067820295954,-3.680999755097952
4.2119716953653406,0.002289109523054774,0.0,0.0,0.02115475042567492,0.0,0.007997103812879684,0.0,-2.313579444667161,-3.365722691698746
4.218230197141515,0.004568416727701649,0.0,0.0,0.02084629174926397,0.0,0.00574761527153444,0.0,-2.2798450049354835,-3.0360330870185384
4.224488698917689,0.006828161270564164,0.0,0.0,0.02044856605120178,0.0,0.0034735145592067833,0.0,-2.236347918884504,-2.693342722559475
4.230747200693863,0.009058666578587978,0.0,0.0,0.019963276453987325,0.0,0.0011845397242727,0.0,-2.183274447714477,-2.3391190510728763
4.237005702470038,0.01125038128561025,0.0,0.0,0.019392501042179003,0.0,-0.0011095074916143202,0.0,-2.120851860176953,-1.9748789127015336
4.243264204246213,0.013393920132778044,0.0,0.0,0.018738683963717008,0.0,-0.0033988036260880526,0.0,-2.049347459375035,-1.6021820396369968
4.249522706022387,0.015480104157665018,0.0,0.0,0.01800462496370734,0.0,-0.005673545561640801,0.0,-1.9690674381305338,-1.2226243771073118
4.255781207798561,0.01749999999999982,0.0,0.0,0.017193467395482852,0.0,-0.007923992504079798,0.0,-1.8803555678192345,-0.8378312492941857
4.2620397095747355,0.01944495815568597,0.0,0.0,0.016308684760281682,0.0,-0.010140507694103107,0.0,-1.783591726289085,-0.44945039944534737
4.26829821135091,0.021306650015304983,0.0,0.0,0.015354065833182254,0.0,-0.01231359967338097,0.0,-1.6791902711649935,-0.059144933985244785
4.274556713127084,0.02307710352850224,0.0,0.0,0.014333698438985965,0.0,-0.014433962928439436,0.0,-1.5675982655057819,0.33141379916232006
4.280815214903258,0.02474873734152888,0.0,0.0,0.013251951947524637,0.0,-0.016492517738295798,0.0,-1.449293563411623,0.7205533675422573
4.287073716679433,0.026314393261763998,0.0,0.0,0.012113458563347215,0.0,-0.018480449055219617,0.0,-1.3247827637793272,1.1066074157810557
4.293332218455607,0.02776736691019308,0.0,0.0,0.010923093489909547,0.0,-0.020389244252118816,0.0,-1.194599040968178,1.4879228011760173
4.299590720231781,0.02910143643058885,0.0,0.0,0.009685954053204396,0.0,-0.022210729574916526,0.0,-1.0592998616654359,1.8628666727062388
4.305849222007956,0.030310889132455304,0.0,0.0,0.00840733787422843,0.0,-0.02393710514382158,0.0,-0.9194645977283392,2.2298334631515173
4.3121077237841305,0.03139054595364408,0.0,0.0,0.0070927201837571625,0.0,-0.025560978353609355,0.0,-0.7756920452250116,2.5872517643772794
4.318366225560305,0.03233578363789496,0.0,0.0,0.005747730376564978,0.0,-0.027075395529894023,0.0,-0.6285978602976368,2.933591056345824
4.324624727336479,0.03314255453232866,0.0,0.0,0.004378127905492577,0.0,-0.0284738717058295,0.0,-0.4788119228283525,3.2673682610380386
4.330883229112653,0.033807403920117315,0.0,0.0,0.002989777618586581,0.0,-0.02975041839173217,0.0,-0.32697563919698985,3.5871540932209545
4.337141730888828,0.034327484814113025,0.0,0.0,0.0015886246449186366,0.0,-0.030899569218714257,0.0,-0.1737391956803558,3.8915791808668168
4.343400232665002,0.034700570148083316,0.0,0.0,0.00018066893663121149,0.0,-0.03191640334651352,0.0,-0.019758774254908715,4.179339929014071
4.349658734441176,0.03492506231335111,0.0,0.0,-0.0012280604237798218,0.0,-0.032796566535287744,0.0,0.1343062572753369,4.449204101961379
4.35591723621735,0.035,0.0,0.0,-0.0026315310409209627,0.0,-0.03353628979113736,0.0,0.2877961687928577,4.700016099889847
4.362175737993525,0.03492506231335115,0.0,0.0,-0.004023733038144734,0.0,-0.03413240550551638,0.0,0.44005369293231933,4.930701907318962
4.3684342397697,0.03470057014808338,0.0,0.0,-0.005398704792764734,0.0,-0.03458236101941867,0.0,0.5904268396004054,5.140273692205856
4.374692741545874,0.034327484814113074,0.0,0.0,-0.006750558464637725,0.0,-0.034884229554255075,0.0,0.7382716878973286,5.327834035993525
4.380951243322048,0.03380740392011745,0.0,0.0,-0.008073505208800404,0.0,-0.0350367184626158,0.0,0.882955143485128,5.49257977649509
4.387209745098223,0.03314255453232874,0.0,0.0,-0.009361879964192073,0.0,-0.035039174763584736,0.0,1.0238576495948002,5.633805447157533
4.393468246874397,0.03233578363789515,0.0,0.0,-0.010610165712314977,0.0,-0.03489158793890405,0.0,1.1603758400634065,5.750906297977687
4.399726748650571,0.03139054595364419,0.0,0.0,-0.011813017101955611,0.0,-0.03459458997801493,0.0,1.2919251230407363,5.8433808851347155
4.405985250426745,0.03031088913245555,0.0,0.0,-0.012965283338798162,0.0,-0.03414945267178191,0.0,1.4179421843012385,5.910833218249435
4.41224375220292,0.029101436430589264,0.0,0.0,-0.014062030241917597,0.0,-0.03355808216648893,0.0,1.537887399442132,5.952974456075994
4.418502253979094,0.027767366910193533,0.0,0.0,-0.015098561372698868,0.0,-0.03282301080142861,0.0,1.6512471446378332,5.969624143364367
4.424760755755268,0.026314393261764487,0.0,0.0,-0.016070438145709045,0.0,-0.0319473862650362,0.0,1.757535996056134,5.960710983597486
4.431019257531443,0.024748737341529232,0.0,0.0,-0.016973498835400835,0.0,-0.03093495811600482,0.0,1.8562988085174972,5.926273144293834
4.437277759307618,0.023077103528502615,0.0,0.0,-0.017803876397260297,0.0,-0.029790061727099748,0.0,1.9471126644965897,5.866458093568318
4.443536261083792,0.021306650015305375,0.0,0.0,-0.01855801502708595,0.0,-0.02851759972042564,0.0,2.029588685120143,5.781521968651106
4.449794762859966,0.019444958155686178,0.0,0.0,-0.019232685387487316,0.0,-0.0271230209736471,0.0,2.1033736954058875,5.6718284790687274
4.45605326463614,0.017500000000000255,0.0,0.0,-0.01982499843640382,0.0,-0.02561229728705763,0.0,2.1681517366120926,5.537847349184042
4.462311766412315,0.015480104157665242,0.0,0.0,-0.020332417798426573,0.0,-0.023991897811413403,0.0,2.223645419221422,5.380152306764343
4.468570268188489,0.013393920132778504,0.0,0.0,-0.02075277062594685,0.0,-0.022268761346037724,0.0,2.269617110765384,5.19941862619109
4.474828769964663,0.011250381285610954,0.0,0.0,-0.02108425690362356,0.0,-0.02045026662581569,0.0,2.305869953403096,4.996420236831197
4.481087271740837,0.0090586665785887,0.0,0.0,-0.021325457156324917,0.0,-0.018544200724320066,0.0,2.3322487068967375,4.7720264089528275
4.487345773517013,0.0068281612705646515,0.0,0.0,-0.021475338527539183,0.0,-0.01655872570836499,0.0,2.348640413374116,4.5271980313764475
4.493604275293187,0.004568416727701896,0.0,0.0,-0.021533259202224545,0.0,-0.014502343686785081,0.0,2.3549748810315867,4.262983496801651
4.499862777069361,0.0022891095230552706,0.0,0.0,-0.021498971155159894,0.0,-0.01238386040309828,0.0,2.35122498470616,3.9805142124284476
4.506121278845535,1.8863893571325358e-16,0.0,0.0,-0.021372621213026743,0.0,-0.010212347527960346,0.0,2.337406782029594,3.680999755097935
4.51237978062171,-0.002289109523054894,0.0,0.0,-0.021154750425674905,0.0,-0.007997103812879566,0.0,2.3135794446671594,3.3657226916987293
4.518638282397884,-0.004568416727701521,0.0,0.0,-0.020846291749263987,0.0,-0.005747615271534568,0.0,2.2798450049354853,3.0360330870185566
4.524896784174058,-0.006828161270564281,0.0,0.0,-0.020448566051201756,0.0,-0.003473514559206664,0.0,2.2363479188845012,2.693342722559456
4.531155285950232,-0.009058666578587856,0.0,0.0,-0.019963276453987357,0.0,-0.0011845397242728271,0.0,2.1832744477144805,2.3391190510728967
4.537413787726407,-0.011250381285610362,0.0,0.0,-0.01939250104217897,0.0,0.001109507491614439,0.0,2.1208518601769497,1.974878912701515
4.543672289502581,-0.013393920132777695,0.0,0.0,-0.018738683963717122,0.0,0.0033988036260876758,0.0,2.0493474593750474,1.6021820396370587
4.549930791278756,-0.015480104157664902,0.0,0.0,-0.018004624963707385,0.0,0.005673545561640673,0.0,1.9690674381305389,1.2226243771073337
4.55618929305493,-0.01749999999999993,0.0,0.0,-0.017193467395482807,0.0,0.007923992504079918,0.0,1.8803555678192296,0.8378312492941651
4.562447794831105,-0.019444958155685865,0.0,0.0,-0.016308684760281734,0.0,0.010140507694102985,0.0,1.7835917262890908,0.4494503994453689
4.568706296607279,-0.021306650015305077,0.0,0.0,-0.015354065833182202,0.0,0.012313599673381082,0.0,1.679190271164988,0.0591449339852248
4.574964798383453,-0.023077103528502143,0.0,0.0,-0.014333698438986025,0.0,0.01443396292843932,0.0,1.5675982655057885,-0.33141379916229785
4.581223300159627,-0.024748737341528965,0.0,0.0,-0.01325195194752458,0.0,0.016492517738295905,0.0,1.4492935634116169,-0.7205533675422777
4.587481801935802,-0.026314393261764074,0.0,0.0,-0.012113458563347152,0.0,0.018480449055219717,0.0,1.3247827637793204,-1.106607415781076
4.593740303711976,-0.027767366910193,0.0,0.0,-0.010923093489909615,0.0,0.020389244252118712,0.0,1.1945990409681853,-1.4879228011759966
4.59999880548815,-0.029101436430588917,0.0,0.0,-0.00968595405320433,0.0,0.02221072957491662,0.0,1.0592998616654288,-1.8628666727062584
4.6062573072643245,-0.030310889132455117,0.0,0.0,-0.008407337874228645,0.0,0.02393710514382131,0.0,0.9194645977283628,-2.2298334631514587
4.6125158090405,-0.031390545953644024,0.0,0.0,-0.007092720183757237,0.0,0.025560978353609272,0.0,0.7756920452250197,-2.5872517643772603
4.618774310816674,-0.03233578363789501,0.0,0.0,-0.005747730376564907,0.0,0.0270753955298941,0.0,0.628597860297629,-2.9335910563458407
4.625032812592848,-0.03314255453232862,0.0,0.0,-0.004378127905492653,0.0,0.02847387170582943,0.0,0.4788119228283609,-3.2673682610380217
4.631291314369022,-0.03380740392011735,0.0,0.0,-0.0029897776185865074,0.0,0.029750418391732234,0.0,0.3269756391969818,-3.5871540932209705
4.637549816145197,-0.034327484814113,0.0,0.0,-0.0015886246449187157,0.0,0.03089956921871419,0.0,0.17373919568036447,-3.891579180866799
4.643808317921371,-0.03470057014808333,0.0,0.0,-0.00018066893663113722,0.0,0.03191640334651357,0.0,0.019758774254900593,-4.179339929014085
4.650066819697545,-0.034925062313351116,0.0,0.0,0.001228060423779895,0.0,0.032796566535287786,0.0,-0.13430625727534493,-4.449204101961392
4.6563253214737195,-0.035,0.0,0.0,0.002631531040920884,0.0,0.03353628979113732,0.0,-0.28779616879284914,-4.700016099889833
4.662583823249894,-0.03492506231335114,0.0,0.0,0.004023733038144807,0.0,0.03413240550551641,0.0,-0.44005369293232727,-4.930701907318974
4.668842325026068,-0.03470057014808343,0.0,0.0,0.005398704792764509,0.0,0.0345823610194186,0.0,-0.5904268396003809,-5.140273692205823
4.675100826802243,-0.0343274848141131,0.0,0.0,0.00675055846463765,0.0,0.03488422955425507,0.0,-0.7382716878973203,-5.327834035993516
4.681359328578417,-0.03380740392011741,0.0,0.0,0.008073505208800473,0.0,0.0350367184626158,0.0,-0.8829551434851356,-5.492579776495098
4.687617830354592,-0.03314255453232878,0.0,0.0,0.009361879964192004,0.0,0.03503917476358474,0.0,-1.0238576495947924,-5.633805447157525
4.693876332130766,-0.032335783637895105,0.0,0.0,0.010610165712315042,0.0,0.03489158793890404,0.0,-1.1603758400634134,-5.750906297977691
4.70013483390694,-0.031390545953644246,0.0,0.0,0.011813017101955543,0.0,0.03459458997801495,0.0,-1.291925123040729,-5.84338088513471
4.7063933356831145,-0.030310889132455495,0.0,0.0,0.012965283338798223,0.0,0.03414945267178189,0.0,-1.4179421843012452,-5.910833218249439
4.712651837459289,-0.029101436430589336,0.0,0.0,0.014062030241917536,0.0,0.033558082166488964,0.0,-1.5378873994421254,-5.952974456075991
4.718910339235463,-0.02776736691019346,0.0,0.0,0.015098561372698922,0.0,0.03282301080142856,0.0,-1.6512471446378392,-5.969624143364367
4.725168841011637,-0.02631439326176441,0.0,0.0,0.016070438145709093,0.0,0.031947386265036154,0.0,-1.7575359960561394,-5.960710983597485
4.731427342787812,-0.024748737341529322,0.0,0.0,0.016973498835400787,0.0,0.030934958116004874,0.0,-1.856298808517492,-5.926273144293836
4.737685844563987,-0.023077103528502525,0.0,0.0,0.01780387639726034,0.0,0.02979006172709969,0.0,-1.9471126644965941,-5.8664580935683155
4.743944346340161,-0.021306650015305285,0.0,0.0,0.018558015027085987,0.0,0.02851759972042557,0.0,-2.029588685120147,-5.781521968651101
4.750202848116335,-0.019444958155686285,0.0,0.0,0.01923268538748728,0.0,0.02712302097364718,0.0,-2.103373695405884,-5.6718284790687346
4.7564613498925095,-0.01750000000000015,0.0,0.0,0.019824998436403847,0.0,0.025612297287057547,0.0,-2.1681517366120957,-5.537847349184034
4.762719851668684,-0.015480104157665356,0.0,0.0,0.02033241779842655,0.0,0.023991897811413497,0.0,-2.2236454192214192,-5.380152306764353
4.768978353444858,-0.013393920132778393,0.0,0.0,0.02075277062594687,0.0,0.022268761346037634,0.0,-2.2696171107653864,-5.19941862619108
4.775236855221032,-0.011250381285611077,0.0,0.0,0.021084256903623543,0.0,0.020450266625815793,0.0,-2.305869953403094,-4.996420236831209
4.7814953569972065,-0.009058666578588585,0.0,0.0,0.021325457156324928,0.0,0.018544200724319965,0.0,-2.332248706896739,-4.772026408952815
4.787753858773381,-0.006828161270564778,0.0,0.0,0.021475338527539176,0.0,0.016558725708365103,0.0,-2.348640413374115,-4.527198031376461
4.794012360549556,-0.004568416727702023,0.0,0.0,0.021533259202224545,0.0,0.014502343686785199,0.0,-2.3549748810315867,-4.262983496801667
4.80027086232573,-0.0022891095230551505,0.0,0.0,0.02149897115515989,0.0,0.012383860403098168,0.0,-2.3512249847061595,-3.980514212428432
4.8065293641019045,-6.858022075225179e-17,0.0,0.0,0.021372621213026733,0.0,0.010212347527960231,0.0,-2.337406782029593,-3.680999755097919
