lambda,thickness,s_lambda,s_tau,subiterations,body_xi,body_eta,free_xi,free_eta
0.0,0.06261493123262397,3.974436091755685,-4.095053271050922,0,4.448693711157258,0.36010215991296546,4.467000545342837,0.30022320338090874
0.004138453242345973,0.061819247673101936,4.017261401646267,-4.090839020516607,46,4.452651333675244,0.3613121265423455,4.470725532502106,0.3021940859825013
0.008276906484691947,0.061238678329408776,4.047030648985081,-4.086660042650918,57,4.4566089561932305,0.3625220931717255,4.474513412971367,0.3039592538364214
0.01241535972703792,0.06084975606181348,4.0645939583939485,-4.082503354573936,71,4.460566578711216,0.36373205980110557,4.478357325622971,0.3055411486800028
0.016553812969383894,0.0606168776361571,4.071916544620122,-4.078358354260279,88,4.464524201229202,0.36494202643048557,4.4822468610786546,0.3069738180553992
0.020692266211729867,0.06048864127048199,4.07226335946347,-4.0742179146936905,102,4.468481823747188,0.3661519930598656,4.486166990911801,0.30830641773116174
0.02483071945407584,0.06040928368536032,4.069330610663935,-4.0700787006541175,108,4.472439446265175,0.3673619596892456,4.490101411517343,0.30959227439661535
0.028969172696421814,0.060344213980026526,4.065437240594964,-4.0659397358915665,109,4.476397068783161,0.3685719263186257,4.494040009494655,0.3108644674946752
0.03310762593876779,0.06028212019250264,4.061343691285868,-4.061800816844577,109,4.480354691301147,0.3697818929480057,4.49797947754613,0.3121338147083801
0.037246079181113764,0.06022057448750038,4.057213270906117,-4.057661905983869,109,4.4843123138191325,0.37099185957738573,4.501919105841425,0.3134026377881629
0.04138453242345974,0.060159126937180105,4.053076247275957,-4.05352299658156,109,4.488269936337119,0.37220182620676573,4.505858762834373,0.3146713670021564
0.04552298566580572,0.06009769686160604,4.048938048052884,-4.049384087438649,109,4.492227558855105,0.3734117928361458,4.509798424936443,0.31594007950496716
0.049661438908151695,0.06003626989172505,4.044799639902378,-4.045245178341832,109,4.496185181373091,0.37462175946552584,4.513738087946529,0.31720878903778876
0.05379989215049767,0.059974843473302446,4.040661194658285,-4.0411062692532,109,4.500142803891078,0.37583172609490584,4.517677751117846,0.3184774980432481
0.05793834539284365,0.05991341715276656,4.036522742834211,-4.03696736016602,109,4.504100426409064,0.3770416927242859,4.521617414317783,0.3197462069550979
0.062076798635189626,0.05985199084964427,4.032384289843909,-4.032828451079099,109,4.508058048927049,0.3782516593536659,4.52555707752281,0.321014915850295
0.0662152518775356,0.059790564549670126,4.028245836647082,-4.028689541992224,109,4.5120156714450355,0.37946162598304595,4.529496740728757,0.3222836247424815
0.07035370511988158,0.059729138250317504,4.024107383413714,-4.024550632905359,109,4.515973293963022,0.38067159261242595,4.533436403934887,0.32355233363407365
0.07449215836222756,0.059667711951139395,4.019968930173887,-4.020411723818496,109,4.519930916481008,0.381881559241806,4.537376067141068,0.3248210425254989
0.07863061160457353,0.05960628565205685,4.015830476932917,-4.016272814731635,109,4.523888538998994,0.38309152587118606,4.541315730347277,0.32608975141683283
0.08276906484691951,0.059544859353056014,4.011692023691748,-4.012133905644775,109,4.52784616151698,0.38430149250056606,4.545255393553508,0.3273584603080886
0.08690751808926549,0.05948343305413456,4.007553570450544,-4.007994996557915,109,4.531803784034966,0.3855114591299461,4.549195056759764,0.3286271691992684
0.09104597133161146,0.05942200675529218,4.003415117209334,-4.003856087471058,109,4.535761406552952,0.3867214257593261,4.553134719966043,0.3298958780903726
0.09518442457395744,0.05936058045652893,3.999276663968124,-3.999717178384201,109,4.539719029070938,0.38793139238870616,4.557074383172345,0.33116458698140117
0.09932287781630342,0.0592991541578449,3.995138210726914,-3.995578269297346,109,4.543676651588925,0.38914135901808616,4.56101404637867,0.3324332958723539
0.1034613310586494,0.05923772785924024,3.9909997574857052,-3.991439360210492,109,4.547634274106911,0.3903513256474662,4.564953709585018,0.33370200476323075
0.10759978430099537,0.059176301560715065,3.986861304244497,-3.9873004511236387,109,4.551591896624896,0.3915612922768462,4.568893372791389,0.3349707136540316
0.11173823754334135,0.0591148752622695,3.9827228510032895,-3.983161542036787,109,4.5555495191428825,0.3927712589062263,4.5728330359977845,0.33623942254475636
0.11587669078568733,0.05905344896390369,3.9785843977620825,-3.9790226329499365,109,4.559507141660869,0.3939812255356063,4.576772699204202,0.33750813143540487
0.1200151440280333,0.05899202266561776,3.974445944520876,-3.974883723863087,109,4.563464764178855,0.3951911921649863,4.580712362410644,0.3387768403259769
0.12415359727037928,0.05893059636741184,3.9703074912796703,-3.9707448147762388,109,4.567422386696841,0.3964011587943664,4.584652025617109,0.34004554921647245
0.12829205051272524,0.058869170069286034,3.966169038038465,-3.966605905689392,109,4.571380009214827,0.3976111254237464,4.5885916888235965,0.34131425810689137
0.1324305037550712,0.058807743771240484,3.9620305847972603,-3.962466996602546,109,4.575337631732813,0.39882109205312644,4.592531352030108,0.34258296699723356
0.13656895699741717,0.05874631747327532,3.957892131556057,-3.958328087515701,109,4.579295254250799,0.40003105868250644,4.596471015236644,0.3438516758874989
0.14070741023976313,0.05868489117539067,3.9537536783148535,-3.954189178428858,109,4.5832528767687855,0.4012410253118865,4.600410678443203,0.34512038477768725
0.1448458634821091,0.05862346487758667,3.94961522507365,-3.9500502693420154,109,4.587210499286772,0.4024509919412665,4.604350341649785,0.3463890936677984
0.14898431672445506,0.05856203857986342,3.9454767718324484,-3.9459113602551743,109,4.591168121804758,0.40366095857064654,4.608290004856391,0.3476578025578324
0.15312276996680102,0.05850061228222107,3.9413383185912467,-3.9417724511683345,109,4.595125744322743,0.40487092520002654,4.61222966806302,0.34892651144778897
0.15726122320914698,0.058439185984659754,3.937199865350046,-3.9376335420814956,109,4.59908336684073,0.4060808918294066,4.616169331269673,0.3501952203376681
0.16139967645149295,0.05837775968717958,3.933061412108845,-3.933494632994658,109,4.603040989358716,0.4072908584587866,4.620108994476351,0.3514639292274696
0.1655381296938389,0.058316333389780685,3.9289229588676458,-3.929355723907822,109,4.606998611876702,0.40850082508816665,4.624048657683052,0.3527326381171934
0.16967658293618487,0.0582549070924632,3.924784505626447,-3.925216814820987,109,4.610956234394688,0.40971079171754665,4.627988320889776,0.35400134700683933
0.17381503617853084,0.058193480795227244,3.9206460523852487,-3.921077905734153,109,4.614913856912674,0.4109207583469267,4.631927984096524,0.3552700558964073
0.1779534894208768,0.05813205449807297,3.9165075991440506,-3.9169389966473203,109,4.61887147943066,0.4121307249763067,4.6358676473032965,0.3565387647858972
0.18209194266322276,0.05807062820100047,3.9123691459028533,-3.912800087560489,109,4.622829101948646,0.41334069160568676,4.639807310510093,0.35780747367530885
0.18623039590556872,0.058009201904009905,3.908230692661657,-3.908661178473659,109,4.6267867244666325,0.41455065823506676,4.6437469737169135,0.35907618256464213
0.1903688491479147,0.05794777560710138,3.9040922394204607,-3.90452226938683,109,4.630744346984619,0.41576062486444676,4.6476866369237575,0.3603448914538969
0.19450730239026065,0.057886349310275045,3.899953786179265,-3.900383360300002,109,4.634701969502604,0.4169705914938268,4.6516263001306255,0.3616136003430732
0.1986457556326066,0.057824923013531,3.89581533293807,-3.8962444512131755,109,4.63865959202059,0.41818055812320687,4.6555659633375175,0.3628823092321708
0.20278420887495258,0.05776349671686937,3.891676879696875,-3.89210554212635,109,4.642617214538577,0.41939052475258687,4.659505626544434,0.3641510181211895
0.20692266211729854,0.0577020704202903,3.887538426455681,-3.8879666330395257,109,4.646574837056563,0.42060049138196687,4.663445289751374,0.36541972701012926
0.2110611153596445,0.05764064412379391,3.8833999732144875,-3.883827723952703,109,4.650532459574549,0.4218104580113469,4.667384952958339,0.36668843589899003
0.21519956860199047,0.05757921782738035,3.879261519973295,-3.8796888148658812,109,4.654490082092535,0.423020424640727,4.671324616165328,0.36795714478777153
0.21933802184433643,0.05751779153104973,3.8751230667321037,-3.875549905779061,109,4.658447704610521,0.424230391270107,4.675264279372341,0.3692258536764737
0.2234764750866824,0.05745636523480219,3.8709846134909114,-3.8714109966922416,109,4.662405327128507,0.425440357899487,4.679203942579378,0.37049456256509644
0.22761492832902835,0.05739493893863783,3.8668461602497204,-3.8672720876054236,109,4.666362949646493,0.42665032452886703,4.68314360578644,0.3717632714536397
0.23175338157137432,0.05733351264255681,3.86270770700853,-3.863133178518607,109,4.67032057216448,0.4278602911582471,4.6870832689935265,0.37303198034210316
0.23589183481372028,0.05727208634655924,3.85856925376734,-3.8589942694317916,109,4.674278194682465,0.4290702577876271,4.691022932200636,0.37430068923048687
0.24003028805606624,0.05721066005064525,3.8544308005261496,-3.854855360344977,109,4.678235817200451,0.4302802244170071,4.694962595407771,0.3755693981187906
0.2441687412984122,0.05714923375481496,3.8502923472849604,-3.850716451258164,109,4.6821934397184375,0.43149019104638714,4.698902258614931,0.37683810700701437
0.24830719454075817,0.057087807459068496,3.846153894043772,-3.846577542171352,109,4.686151062236424,0.4327001576757672,4.702841921822115,0.37810681589515793
0.25244564778310413,0.057026381163406,3.8420154408025837,-3.8424386330845417,109,4.69010868475441,0.4339101243051472,4.706781585029324,0.3793755247832212
0.2565841010254501,0.056964954867827586,3.8378769875613963,-3.8382997239977326,109,4.694066307272396,0.4351200909345272,4.710721248236557,0.38064423367120404
0.26072255426779606,0.0569035285723334,3.8337385343202106,-3.8341608149109248,109,4.698023929790382,0.43633005756390725,4.714660911443814,0.38191294255910635
0.264861007510142,0.05684210227692356,3.8296000810790227,-3.830021905824118,109,4.701981552308368,0.43754002419328725,4.718600574651096,0.38318165144692795
0.268999460752488,0.05678067598159817,3.8254616278378366,-3.8258829967373122,109,4.705939174826354,0.4387499908226673,4.722540237858404,0.3844503603346689
0.27313791399483395,0.05671924968635738,3.8213231745966514,-3.821744087650508,109,4.70989679734434,0.4399599574520473,4.726479901065735,0.38571906922232885
0.2772763672371799,0.056657823391201324,3.817184721355467,-3.817605178563705,109,4.713854419862327,0.44116992408142736,4.730419564273092,0.3869877781099078
0.2814148204795259,0.056596397096130124,3.8130462681142823,-3.8134662694769035,109,4.717812042380312,0.44237989071080736,4.734359227480472,0.38825648699740556
0.28555327372187184,0.056534970801143884,3.8089078148730975,-3.809327360390103,109,4.721769664898298,0.4435898573401874,4.7382988906878785,0.38952519588482215
0.2896917269642178,0.05647354450624276,3.8047693616319145,-3.8051884513033034,109,4.725727287416285,0.4447998239695674,4.7422385538953105,0.3907939047721573
0.29383018020656376,0.056412118211426866,3.8006309083907306,-3.8010495422165054,109,4.729684909934271,0.44600979059894746,4.746178217102766,0.392062613659411
0.2979686334489097,0.05635069191669634,3.796492455149548,-3.7969106331297087,109,4.733642532452257,0.44721975722832746,4.750117880310247,0.393331322546583
0.3021070866912557,0.05628926562205129,3.7923540019083664,-3.7927717240429133,109,4.7376001549702424,0.4484297238577075,4.754057543517752,0.3946000314336733
0.30624553993360165,0.05622783932749186,3.7882155486671842,-3.7886328149561193,109,4.741557777488229,0.4496396904870875,4.757997206725284,0.39586874032068164
0.3103839931759476,0.05616641303301817,3.784077095426003,-3.7844939058693265,109,4.745515400006215,0.4508496571164676,4.76193686993284,0.3971374492076081
0.3145224464182936,0.05610498673863034,3.7799386421848222,-3.7803549967825347,109,4.749473022524201,0.45205962374584757,4.765876533140421,0.39840615809445235
0.31866089966063954,0.056043560444328504,3.775800188943641,-3.7762160876957442,109,4.7534306450421875,0.4532695903752276,4.769816196348027,0.39967486698121446
0.3227993529029855,0.05598213415011277,3.771661735702461,-3.772077178608955,109,4.757388267560174,0.4544795570046076,4.773755859555659,0.40094357586789414
0.32693780614533147,0.05592070785598329,3.7675232824612817,-3.7679382695221673,109,4.761345890078159,0.4556895236339877,4.777695522763315,0.4022122847544914
0.33107625938767743,0.05585928156194019,3.763384829220103,-3.7637993604353808,109,4.765303512596145,0.4568994902633677,4.781635185970997,0.403480993641006
0.3352147126300234,0.055797855267983594,3.7592463759789236,-3.7596604513485956,109,4.769261135114132,0.45810945689274774,4.785574849178705,0.4047497025274379
0.33935316587236936,0.05573642897411361,3.7551079227377455,-3.755521542261812,109,4.773218757632118,0.45931942352212773,4.789514512386437,0.406018411413787
0.3434916191147153,0.05567500268033038,3.7509694694965683,-3.7513826331750293,109,4.777176380150104,0.4605293901515078,4.793454175594196,0.4072871203000531
0.3476300723570613,0.05561357638663403,3.746831016255391,-3.747243724088248,109,4.7811340026680895,0.4617393567808878,4.797393838801978,0.4085558291862361
0.35176852559940724,0.05555215009302469,3.742692563014214,-3.743104815001468,109,4.785091625186076,0.46294932341026784,4.801333502009787,0.40982453807233593
0.3559069788417532,0.05549072379950245,3.7385541097730366,-3.738965905914689,109,4.789049247704062,0.46415929003964784,4.8052731652176215,0.4110932469583525
0.36004543208409917,0.055429297506067475,3.7344156565318603,-3.7348269968279113,109,4.793006870222048,0.46536925666902784,4.809212828425481,0.4123619558442855
0.36418388532644513,0.055367871212719875,3.730277203290684,-3.730688087741135,109,4.796964492740035,0.4665792232984079,4.813152491633367,0.41363066473013504
0.3683223385687911,0.05530644491945978,3.726138750049509,-3.72654917865436,109,4.80092211525802,0.46778918992778795,4.817092154841276,0.4148993736159009
0.37246079181113706,0.055245018626287314,3.7220002968083326,-3.7224102695675865,109,4.804879737776006,0.46899915655716795,4.821031818049213,0.41616808250158294
0.376599245053483,0.05518359233320259,3.7178618435671584,-3.718271360480814,109,4.8088373602939924,0.47020912318654795,4.824971481257175,0.41743679138718104
0.380737698295829,0.05512216603359561,3.7137233902378615,-3.714132451393945,110,4.812794982811979,0.471419089815928,4.82891114446323,0.41870550027901643
0.38487615153817495,0.05506073973297552,3.7095849369820244,-3.709993542307061,110,4.816752605329965,0.47262905644530806,4.83285080766899,0.4199742091718207
0.3890146047805209,0.05499931343225399,3.7054464837383287,-3.7058546332201754,110,4.82071022784795,0.47383902307468806,4.8367904708747185,0.4212429180647219
0.3931530580228669,0.054937887131581806,3.701308030496638,-3.7017157241332903,110,4.824667850365937,0.47504898970406806,4.840730134080462,0.42251162695757594
0.39729151126521284,0.05487646083098397,3.6971695772552793,-3.6975768150464066,110,4.828625472883923,0.4762589563334481,4.844669797286228,0.4237803358503589
0.4014299645075588,0.05481503453046471,3.693031124013975,-3.693437905959524,110,4.832583095401909,0.47746892296282817,4.848609460492017,0.42504904474306676
0.40556841774990476,0.054753608230024814,3.68889267077268,-3.6892989968726426,110,4.836540717919895,0.47867888959220817,4.852549123697829,0.4263177536356986
0.4097068709922507,0.054692181929664505,3.6847542175313865,-3.6851600877857624,110,4.840498340437881,0.47988885622158817,4.856488786903663,0.42758646252825444
0.4138453242345967,0.05463075562938392,3.6806157642900947,-3.6810211786988836,110,4.844455962955867,0.4810988228509682,4.860428450109521,0.428855171420734
0.41798377747694265,0.05456932932918318,3.676477311048802,-3.6768822696120056,110,4.848413585473853,0.4823087894803483,4.864368113315403,0.43012388031313725
0.4221222307192886,0.0545079030290624,3.6723388578075107,-3.672743360525129,110,4.8523712079918395,0.4835187561097283,4.868307776521308,0.43139258920546397
0.4262606839616346,0.05444647672902171,3.668200404566219,-3.6686044514382536,110,4.856328830509826,0.4847287227391083,4.872247439727237,0.4326612980977141
0.43039913720398054,0.054385050429061214,3.6640619513249284,-3.6644655423513792,110,4.860286453027811,0.48593868936848833,4.876187102933188,0.4339300069898876
0.4345375904463265,0.05432362412918103,3.6599234980836366,-3.660326633264506,110,4.864244075545797,0.4871486559978684,4.880126766139163,0.4351987158819843
0.43867604368867247,0.05426219782938124,3.6557850448423466,-3.6561877241776344,110,4.868201698063784,0.4883586226272484,4.884066429345162,0.436467424774004
0.44281449693101843,0.054200771529662,3.651646591601056,-3.6520488150907635,110,4.87215932058177,0.4895685892566284,4.888006092551184,0.4377361336659467
0.4469529501733644,0.05413934523002338,3.647508138359766,-3.647909906003894,110,4.876116943099756,0.49077855588600844,4.891945755757231,0.4390048425578124
0.45109140341571036,0.05407791893046554,3.643369685118477,-3.6437709969170258,110,4.880074565617742,0.4919885225153885,4.8958854189633,0.44027355144960084
0.4552298566580563,0.05401649263098858,3.6392312318771873,-3.6396320878301585,110,4.884032188135728,0.4931984891447685,4.899825082169393,0.44154226034131183
0.4593683099004023,0.053955066331592604,3.6350927786358977,-3.6354931787432925,110,4.887989810653714,0.4944084557741485,4.90376474537551,0.44281096923294544
0.46350676314274825,0.05389364003227772,3.6309543253946095,-3.631354269656428,110,4.8919474331717,0.49561842240352855,4.907704408581651,0.44407967812450155
0.4676452163850942,0.05383221373304405,3.6268158721533204,-3.6272153605695645,110,4.895905055689687,0.4968283890329086,4.911644071787816,0.44534838701597995
0.47178366962744017,0.05377078743389171,3.6226774189120325,-3.623076451482702,110,4.899862678207673,0.4980383556622886,4.915583734994003,0.4466170959073805
0.47592212286978614,0.05370936113482081,3.6185389656707443,-3.618937542395841,110,4.903820300725658,0.4992483222916686,4.919523398200215,0.4478858047987032
0.4800605761121321,0.05364793483583147,3.6144005124294565,-3.614798633308981,110,4.9077779232436445,0.5004582889210487,4.9234630614064505,0.4491545136899481
0.48419902935447806,0.05358650853692379,3.6102620591881687,-3.6106597242221223,110,4.911735545761631,0.5016682555504287,4.927402724612711,0.45042322258111467
0.488337482596824,0.05352508223809789,3.6061236059468813,-3.606520815135265,110,4.915693168279617,0.5028782221798087,4.931342387818995,0.4516919314722031
0.49247593583917,0.053463655939353885,3.601985152705595,-3.6023819060484086,110,4.919650790797603,0.5040881888091887,4.935282051025302,0.4529606403632132
0.49661438908151595,0.05340222964069189,3.597846699464308,-3.5982429969615537,110,4.923608413315589,0.5052981554385687,4.939221714231633,0.4542293492541449
0.500752842323862,0.05334080334211201,3.5937082462230214,-3.5941040878746997,110,4.927566035833575,0.5065081220679488,4.943161377437988,0.4554980581449981
0.5048912955662079,0.053279377043614365,3.5895697929817345,-3.589965178787847,110,4.931523658351561,0.5077180886973288,4.947101040644368,0.4567667670357726
0.5090297488085539,0.05321795074519906,3.5854313397404485,-3.5858262697009957,110,4.935481280869547,0.5089280553267088,4.951040703850772,0.45803547592646837
0.5131682020508999,0.0531565244468662,3.581292886499163,-3.5816873606141457,110,4.939438903387534,0.5101380219560889,4.9549803670572,0.4593041848170854
0.5173066552932458,0.05309509814861591,3.5771544332578773,-3.5775484515272966,110,4.94339652590552,0.5113479885854689,4.958920030263652,0.4605728937076234
0.5214451085355918,0.05303367185044831,3.5730159800165917,-3.573409542440449,110,4.947354148423505,0.5125579552148489,4.9628596934701275,0.46184160259808227
0.5255835617779377,0.052972245552363496,3.568877526775306,-3.5692706333536024,110,4.9513117709414916,0.5137679218442289,4.966799356676628,0.46311031148846193
0.5297220150202837,0.0529108192543616,3.5647390735340214,-3.5651317242667573,110,4.955269393459478,0.5149778884736089,4.970739019883152,0.4643790203787624
0.5338604682626297,0.0528493929564427,3.5606006202927367,-3.560992815179913,110,4.959227015977464,0.516187855102989,4.974678683089701,0.46564772926898357
0.5379989215049756,0.05278796665860691,3.556462167051451,-3.55685390609307,110,4.96318463849545,0.517397821732369,4.978618346296274,0.4669164381591251
0.5421373747473216,0.05272654036085436,3.5523237138101673,-3.5527149970062286,110,4.967142261013436,0.518607788361749,4.9825580095028705,0.46818514704918707
0.5462758279896676,0.05266511406318517,3.548185260568882,-3.5485760879193884,110,4.971099883531422,0.5198177549911291,4.9864976727094925,0.46945385593916944
0.5504142812320135,0.052603687765599406,3.5440468073275984,-3.5444371788325495,110,4.975057506049408,0.5210277216205091,4.990437335916139,0.4707225648290719
0.5545527344743595,0.05254226146809722,3.5399083540863145,-3.5402982697457115,110,4.9790151285673945,0.5222376882498891,4.99437699912281,0.47199127371889443
0.5586911877167055,0.052480835170678704,3.5357699008450303,-3.536159360658875,110,4.982972751085381,0.5234476548792691,4.998316662329505,0.47325998260863694
0.5628296409590514,0.05241940887334399,3.531631447603747,-3.5320204515720395,110,4.986930373603366,0.5246576215086491,5.002256325536224,0.47452869149829935
0.5669680942013974,0.05235798257609316,3.527492994362463,-3.5278815424852055,110,4.990887996121352,0.5258675881380293,5.006195988742968,0.47579740038788165
0.5711065474437433,0.052296556278926334,3.5233545411211797,-3.523742633398373,110,4.994845618639339,0.5270775547674093,5.010135651949737,0.47706610927738347
0.5752450006860893,0.052235129981843625,3.519216087879897,-3.519603724311541,110,4.998803241157325,0.5282875213967893,5.01407531515653,0.47833481816680484
0.5793834539284353,0.052173703684845134,3.5150776346386134,-3.5154648152247105,110,5.002760863675311,0.5294974880261694,5.0180149783633485,0.47960352705614584
0.5835219071707812,0.05211227738793099,3.51093918139733,-3.5113259061378814,110,5.0067184861932965,0.5307074546555494,5.02195464157019,0.480872235945406
0.5876603604131272,0.05205085109110128,3.5068007281560476,-3.5071869970510536,110,5.010676108711283,0.5319174212849294,5.025894304777057,0.48214094483458547
0.5917988136554732,0.05198942479435613,3.5026622749147647,-3.503048087964227,110,5.014633731229269,0.5331273879143094,5.02983396798395,0.48340965372368405
0.5959372668978191,0.05192799849769562,3.4985238216734826,-3.498909178877402,110,5.018591353747255,0.5343373545436894,5.033773631190866,0.4846783626127017
0.6000757201401651,0.0518665722011199,3.4943853684321997,-3.494770269790578,110,5.0225489762652415,0.5355473211730695,5.037713294397808,0.48594707150163835
0.604214173382511,0.051805145904629035,3.490246915190917,-3.490631360703755,110,5.026506598783227,0.5367572878024495,5.041652957604773,0.48721578039049374
0.608352626624857,0.05174371960822316,3.4861084619496348,-3.4864924516169333,110,5.030464221301213,0.5379672544318295,5.045592620811765,0.4884844892792679
0.612491079867203,0.051682293311902376,3.4819700087083523,-3.482353542530113,110,5.034421843819199,0.5391772210612096,5.049532284018781,0.48975319816796076
0.6166295331095489,0.051620867015666774,3.47783155546707,-3.478214633443294,110,5.038379466337186,0.5403871876905896,5.053471947225822,0.49102190705657206
0.6207679863518949,0.05155944071951648,3.473693102225788,-3.4740757243564766,110,5.042337088855172,0.5415971543199696,5.0574116104328874,0.49229061594510176
0.6249064395942409,0.051498014423451595,3.4695546489845057,-3.46993681526966,110,5.046294711373158,0.5428071209493496,5.061351273639979,0.4935593248335498
0.6290448928365868,0.05143658812747224,3.4654161957432232,-3.4657979061828446,110,5.050252333891144,0.5440170875787296,5.065290936847094,0.4948280337219161
0.6331833460789328,0.051375161831578496,3.461277742501941,-3.4616589970960305,110,5.05420995640913,0.5452270542081097,5.069230600054235,0.49609674261020054
0.6373217993212787,0.051313735535770476,3.4571392892606596,-3.457520088009218,110,5.058167578927116,0.5464370208374897,5.073170263261401,0.49736545149840294
0.6414602525636247,0.051252309240048304,3.4530008360193785,-3.4533811789224065,110,5.062125201445102,0.5476469874668697,5.077109926468593,0.49863416038652325
0.6455987058059707,0.05119088294441208,3.448862382778096,-3.4492422698355965,110,5.066082823963089,0.5488569540962497,5.081049589675809,0.4999028692745614
0.6497371590483166,0.05112945664886191,3.4447239295368144,-3.4451033607487878,110,5.070040446481074,0.5500669207256297,5.084989252883049,0.5011715781625172
0.6538756122906626,0.05106803035339788,3.4405854762955332,-3.4409644516619804,110,5.07399806899906,0.5512768873550098,5.088928916090316,0.5024402870503908
0.6580140655330086,0.05100660405802011,3.4364470230542503,-3.436825542575174,110,5.0779556915170465,0.5524868539843898,5.092868579297607,0.5037089959381817
0.6621525187753545,0.050945177762728694,3.4323085698129687,-3.4326866334883688,110,5.081913314035033,0.5536968206137698,5.096808242504925,0.5049777048258901
0.6662909720177005,0.05088375146752375,3.428170116571687,-3.428547724401565,110,5.085870936553019,0.5549067872431499,5.100747905712267,0.5062464137135159
0.6704294252600465,0.05082232517240537,3.424031663330405,-3.4244088153147625,110,5.089828559071005,0.5561167538725299,5.104687568919634,0.5075151226010588
0.6745678785023924,0.050760898877373666,3.4198932100891235,-3.4202699062279613,110,5.093786181588991,0.5573267205019099,5.108627232127027,0.5087838314885188
0.6787063317447384,0.05069947258242875,3.415754756847842,-3.4161309971411615,110,5.097743804106977,0.5585366871312899,5.112566895334445,0.5100525403758958
0.6828447849870843,0.05063804628757072,3.4116163036065603,-3.411992088054363,110,5.101701426624963,0.5597466537606699,5.116506558541889,0.5113212492631897
0.6869832382294303,0.050576619992799686,3.4074778503652787,-3.407853178967566,110,5.105659049142949,0.56095662039005,5.120446221749359,0.5125899581504005
0.6911216914717763,0.05051519369811572,3.4033393971239962,-3.40371426988077,110,5.109616671660936,0.56216658701943,5.124385884956853,0.513858667037528
0.6952601447141222,0.050453767403518944,3.3992009438827147,-3.3995753607939756,110,5.113574294178921,0.56337655364881,5.128325548164372,0.515127375924572
0.6993985979564682,0.050392341109009454,3.3950624906414326,-3.395436451707182,110,5.117531916696907,0.5645865202781901,5.1322652113719185,0.5163960848115328
0.7035370511988142,0.05033091481458737,3.3909240374001506,-3.3912975426203897,110,5.121489539214894,0.5657964869075701,5.136204874579489,0.5176647936984098
0.7076755044411601,0.05026948852025277,3.3867855841588685,-3.387158633533599,110,5.12544716173288,0.5670064535369501,5.140144537787086,0.5189335025852032
0.7118139576835061,0.05020806222600578,3.3826471309175856,-3.383019724446809,110,5.129404784250866,0.5682164201663301,5.144084200994708,0.5202022114719127
0.715952410925852,0.050146635931846484,3.3785086776763036,-3.378880815360021,110,5.1333624067688515,0.5694263867957101,5.148023864202356,0.5214709203585385
0.720090864168198,0.05008520963777499,3.3743702244350215,-3.374741906273234,110,5.137320029286838,0.5706363534250902,5.15196352741003,0.5227396292450803
0.724229317410544,0.0500237833437914,3.3702317711937386,-3.3706029971864484,110,5.141277651804824,0.5718463200544702,5.155903190617729,0.524008338131538
0.7283677706528899,0.0499623570498958,3.3660933179524566,-3.366464088099664,110,5.14523527432281,0.5730562866838502,5.159842853825454,0.5252770470179116
0.7325062238952359,0.049900930756088306,3.361954864711174,-3.362325179012881,110,5.1491928968407965,0.5742662533132303,5.163782517033205,0.5265457559042009
0.7366446771375819,0.04983950446236901,3.357816411469891,-3.3581862699260996,110,5.153150519358782,0.5754762199426103,5.167722180240981,0.527814464790406
0.7407831303799278,0.04977807816873801,3.3536779582286083,-3.3540473608393193,110,5.157108141876768,0.5766861865719903,5.171661843448784,0.5290831736765265
0.7449215836222738,0.04971665187519541,3.3495395049873258,-3.3499084517525404,110,5.161065764394754,0.5778961532013703,5.175601506656612,0.5303518825625624
0.7490600368646197,0.04965522558174131,3.345401051746043,-3.3457695426657628,110,5.165023386912741,0.5791061198307503,5.179541169864466,0.5316205914485137
0.7531984901069657,0.04959379928837579,3.34126259850476,-3.3416306335789865,110,5.168981009430727,0.5803160864601304,5.1834808330723465,0.5328893003343804
0.7573369433493117,0.04953237299509897,3.337124145263476,-3.3374917244922115,110,5.172938631948712,0.5815260530895104,5.187420496280252,0.5341580092201623
0.7614753965916576,0.049470946701910934,3.3329856920221936,-3.333352815405438,110,5.1768962544666985,0.5827360197188904,5.191360159488184,0.5354267181058592
0.7656138498340036,0.0494095204088118,3.32884723878091,-3.3292139063186657,110,5.180853876984685,0.5839459863482706,5.195299822696142,0.5366954269914712
0.7697523030763496,0.049348094115801634,3.324708785539626,-3.3250749972318947,110,5.184811499502671,0.5851559529776506,5.199239485904126,0.537964135876998
0.7738907563186955,0.04928666782288055,3.3205703322983426,-3.320936088145125,110,5.188769122020657,0.5863659196070306,5.203179149112136,0.5392328447624396
0.7780292095610415,0.04922524153004864,3.316431879057058,-3.3167971790583564,110,5.192726744538643,0.5875758862364105,5.2071188123201715,0.540501553647796
0.7821676628033875,0.049163815237306015,3.3122934258157737,-3.312658269971589,110,5.196684367056629,0.5887858528657905,5.211058475528234,0.5417702625330668
0.7863061160457334,0.04910238894465274,3.3081549725744885,-3.308519360884823,110,5.200641989574615,0.5899958194951707,5.2149981387363225,0.5430389714182524
0.7904445692880794,0.049040962652088925,3.304016519333204,-3.304380451798058,110,5.2045996120926015,0.5912057861245507,5.218937801944437,0.5443076803033524
0.7945830225304253,0.04897953635961468,3.299878066091919,-3.3002415427112948,110,5.208557234610588,0.5924157527539307,5.222877465152577,0.5455763891883667
0.7987214757727713,0.048918110059769614,3.2957396127623566,-3.296102633624422,111,5.212514857128573,0.5936257193833108,5.2268171283585625,0.5468450980804299
0.8028599290151173,0.04885668375889036,3.2916011595077888,-3.2919637245375344,111,5.216472479646559,0.5948356860126908,5.230756791564246,0.5481138069734819
0.8069983822574632,0.04879525745792536,3.287462706264431,-3.2878248154506453,111,5.220430102164546,0.5960456526420708,5.234696454769904,0.549382515866616
0.8111368354998092,0.0487338311570165,3.283324253022747,-3.283685906363757,111,5.224387724682532,0.5972556192714508,5.238636117975579,0.5506512247596963
0.8152752887421552,0.04867240485618503,3.2791857997813123,-3.27954699727687,111,5.228345347200518,0.5984655859008308,5.2425757811812765,0.5519199336527026
0.8194137419845011,0.04861097855543419,3.2750473465399144,-3.275408088189984,111,5.232302969718504,0.5996755525302109,5.246515444386997,0.553188642545632
0.8235521952268471,0.04854955225476455,3.2709088932985217,-3.2712691791030992,111,5.23626059223649,0.6008855191595909,5.250455107592741,0.5544573514384836
0.827690648469193,0.048488125954176266,3.26677044005713,-3.2671302700162155,111,5.240218214754476,0.6020954857889709,5.254394770798509,0.5557260603312574
0.831829101711539,0.04842669965366945,3.2626319868157383,-3.262991360929333,111,5.244175837272462,0.6033054524183509,5.2583344340043014,0.5569947692239533
0.835967554953885,0.04836527335324416,3.2584935335743466,-3.258852451842452,111,5.2481334597904485,0.6045154190477309,5.262274097210118,0.5582634781165712
0.8401060081962309,0.0483038470529005,3.254355080332954,-3.254713542755572,111,5.252091082308435,0.605725385677111,5.266213760415957,0.5595321870091112
0.8442444614385769,0.04824242075263855,3.250216627091562,-3.250574633668693,111,5.25604870482642,0.606935352306491,5.270153423621821,0.5608008959015729
0.8483829146809229,0.0481809944524584,3.246078173850169,-3.2464357245818154,111,5.260006327344406,0.608145318935871,5.274093086827708,0.5620696047939564
0.8525213679232688,0.04811956815236015,3.2419397206087766,-3.242296815494939,111,5.263963949862393,0.6093552855652511,5.27803275003362,0.5633383136862616
0.8566598211656148,0.04805814185234385,3.2378012673673826,-3.238157906408064,111,5.267921572380379,0.6105652521946311,5.281972413239556,0.5646070225784885
0.8607982744079608,0.047996715552409586,3.23366281412599,-3.23401899732119,111,5.271879194898365,0.6117752188240111,5.285912076445515,0.5658757314706369
0.8649367276503067,0.04793528925255746,3.229524360884596,-3.2298800882343173,111,5.2758368174163515,0.6129851854533912,5.289851739651499,0.5671444403627067
0.8690751808926527,0.04787386295278756,3.2253859076432025,-3.225741179147446,111,5.279794439934337,0.6141951520827711,5.293791402857506,0.5684131492546978
0.8732136341349986,0.04781243665309996,3.221247454401808,-3.2216022700605755,111,5.283752062452323,0.6154051187121512,5.2977310660635375,0.5696818581466103
0.8773520873773446,0.04775101035349476,3.2171090011604138,-3.2174633609737064,111,5.287709684970309,0.6166150853415312,5.301670729269594,0.570950567038444
0.8814905406196906,0.04768958405397201,3.2129705479190185,-3.2133244518868387,111,5.291667307488296,0.6178250519709112,5.305610392475674,0.5722192759301988
0.8856289938620365,0.047628157754531796,3.2088320946776245,-3.2091855427999723,111,5.295624930006282,0.6190350186002913,5.309550055681778,0.5734879848218748
0.8897674471043825,0.04756673145517422,3.204693641436229,-3.2050466337131067,111,5.299582552524267,0.6202449852296713,5.313489718887905,0.5747566937134717
0.8939059003467285,0.04750530515589935,3.200555188194833,-3.2009077246262425,111,5.3035401750422535,0.6214549518590513,5.3174293820940575,0.5760254026049895
0.8980443535890744,0.04744387885670726,3.1964167349534374,-3.1967688155393796,111,5.30749779756024,0.6226649184884314,5.3213690453002345,0.5772941114964282
0.9021828068314204,0.04738245255759804,3.1922782817120408,-3.192629906452518,111,5.311455420078226,0.6238748851178113,5.3253087085064355,0.5785628203877874
0.9063212600737663,0.04732102625857177,3.1881398284706446,-3.1884909973656574,111,5.315413042596212,0.6250848517471914,5.32924837171266,0.5798315292790676
0.9104597133161123,0.047259599959628515,3.1840013752292475,-3.184352088278798,111,5.319370665114198,0.6262948183765714,5.3331880349189085,0.5811002381702682
0.9145981665584583,0.04719817366076836,3.1798629219878505,-3.18021317919194,111,5.323328287632184,0.6275047850059514,5.337127698125182,0.5823689470613893
0.9187366198008042,0.047136747361991395,3.1757244687464525,-3.1760742701050835,111,5.32728591015017,0.6287147516353315,5.341067361331481,0.5836376559524311
0.9228750730431502,0.04707532106329768,3.171586015505055,-3.171935361018228,111,5.331243532668156,0.6299247182647114,5.345007024537803,0.584906364843393
0.9270135262854962,0.04701389476468731,3.1674475622636566,-3.1677964519313737,111,5.335201155186143,0.6311346848940915,5.348946687744149,0.5861750737342754
0.9311519795278421,0.046952468466160344,3.163309109022258,-3.1636575428445206,111,5.339158777704128,0.6323446515234715,5.35288635095052,0.5874437826250779
0.9352904327701881,0.04689104216771686,3.1591706557808585,-3.159518633757669,111,5.343116400222114,0.6335546181528515,5.3568260141569155,0.5887124915158006
0.939428886012534,0.046829615869356946,3.1550322025394597,-3.1553797246708184,111,5.347074022740101,0.6347645847822316,5.360765677363335,0.5899812004064435
0.94356733925488,0.04676818957108068,3.1508937492980604,-3.1512408155839693,111,5.351031645258087,0.6359745514116116,5.36470534056978,0.5912499092970064
0.947705792497226,0.04670676327288813,3.1467552960566603,-3.147101906497121,111,5.354989267776073,0.6371845180409916,5.3686450037762485,0.5925186181874891
0.9518442457395719,0.046645336974779364,3.142616842815259,-3.142962997410274,111,5.3589468902940585,0.6383944846703717,5.372584666982741,0.5937873270778918
0.9559826989819179,0.04658391067675445,3.1384783895738586,-3.1388240883234286,111,5.362904512812045,0.6396044512997516,5.376524330189259,0.5950560359682141
0.9601211522242639,0.04652248437881349,3.134339936332457,-3.1346851792365844,111,5.366862135330031,0.6408144179291317,5.380463993395802,0.5963247448584563
0.9642596054666098,0.04646105808095653,3.1302014830910556,-3.1305462701497415,111,5.370819757848017,0.6420243845585117,5.384403656602369,0.5975934537486182
0.9683980587089558,0.04639963178318367,3.1260630298496532,-3.1264073610628995,111,5.3747773803660035,0.6432343511878917,5.3883433198089605,0.5988621626386996
0.9725365119513018,0.04633820548549494,3.1219245766082504,-3.122268451976059,111,5.378735002883989,0.6444443178172719,5.392282983015575,0.6001308715287006
0.9766749651936477,0.04627677918789044,3.117786123366847,-3.1181295428892195,111,5.382692625401975,0.6456542844466518,5.396222646222216,0.601399580418621
0.9808134184359937,0.046215352890370244,3.113647670125444,-3.1139906338023815,111,5.386650247919961,0.6468642510760318,5.4001623094288815,0.6026682893084607
0.9849518716783396,0.0461539265929344,3.1095092168840406,-3.109851724715545,111,5.390607870437948,0.648074217705412,5.404101972635572,0.60393699819822
0.9890903249206856,0.04609250029558301,3.105370763642635,-3.105712815628709,111,5.394565492955934,0.6492841843347918,5.408041635842287,0.6052057070878982
0.9932287781630316,0.04603107399831612,3.10123231040123,-3.1015739065418746,111,5.398523115473919,0.650494150964172,5.4119812990490255,0.6064744159774959
0.9973672314053775,0.045969647701133806,3.097093857159825,-3.0974349974550415,111,5.4024807379919055,0.651704117593552,5.41592096225579,0.6077431248670124
1.0015056846477235,0.04590822140403613,3.0929554039184186,-3.0932960883682097,111,5.406438360509892,0.652914084222932,5.4198606254625785,0.6090118337564482
1.0056441378900696,0.04584679510702315,3.0888169506770122,-3.0891571792813792,111,5.410395983027878,0.6541240508523121,5.423800288669392,0.610280542645803
1.0097825911324156,0.04578536881009496,3.0846784974356054,-3.08501827019455,111,5.414353605545864,0.6553340174816922,5.427739951876231,0.6115492515350768
1.0139210443747617,0.04572394251325162,3.080540044194198,-3.080879361107722,111,5.418311228063851,0.6565439841110722,5.431679615083095,0.6128179604242692
1.0180594976171078,0.04566251621649318,3.07640159095279,-3.076740452020895,111,5.422268850581837,0.6577539507404522,5.435619278289982,0.6140866693133805
1.0221979508594539,0.045601089919819725,3.0722631377113814,-3.0726015429340694,111,5.426226473099823,0.6589639173698323,5.4395589414968955,0.6153553782024106
1.0263364041018,0.04553966362323131,3.0681246844699723,-3.068462633847245,111,5.430184095617809,0.6601738839992124,5.443498604703834,0.6166240870913594
1.030474857344146,0.045478237326728,3.0639862312285624,-3.0643237247604223,111,5.434141718135796,0.6613838506285924,5.447438267910797,0.6178927959802267
1.034613310586492,0.045416811030309846,3.0598477779871525,-3.0601848156736007,111,5.438099340653782,0.6625938172579724,5.451377931117784,0.6191615048690127
1.0387517638288382,0.04535538473397692,3.055709324745741,-3.05604590658678,111,5.442056963171767,0.6638037838873525,5.455317594324796,0.6204302137577171
1.0428902170711842,0.0452939584377293,3.05157087150433,-3.0519069974999606,111,5.4460145856897535,0.6650137505167326,5.459257257531833,0.6216989226463401
1.0470286703135303,0.04523253214156703,3.0474324182629173,-3.0477680884131426,111,5.44997220820774,0.6662237171461127,5.463196920738896,0.6229676315348813
1.0511671235558764,0.04517110584549017,3.043293965021505,-3.043629179326326,111,5.453929830725726,0.6674336837754927,5.467136583945983,0.6242363404233409
1.0553055767982225,0.0451096795494988,3.0391555117800917,-3.0394902702395106,111,5.457887453243712,0.6686436504048727,5.471076247153095,0.6255050493117186
1.0594440300405685,0.045048253253592956,3.035017058538678,-3.0353513611526965,111,5.4618450757616985,0.6698536170342528,5.475015910360233,0.6267737582000146
1.0635824832829146,0.044986826957772695,3.030878605297264,-3.031212452065884,111,5.465802698279685,0.671063583663633,5.478955573567395,0.6280424670882289
1.0677209365252607,0.0449254006620381,3.0267401520558486,-3.027073542979072,111,5.469760320797671,0.672273550293013,5.482895236774583,0.629311175976361
1.0718593897676068,0.044863974366389225,3.022601698814433,-3.0229346338922616,111,5.473717943315657,0.6734835169223929,5.486834899981796,0.6305798848644112
1.0759978430099528,0.04480254807082613,3.0184632455730163,-3.0187957248054524,111,5.477675565833644,0.674693483551773,5.490774563189033,0.6318485937523796
1.080136296252299,0.04474112177534885,3.0143247923315997,-3.0146568157186446,111,5.48163318835163,0.6759034501811532,5.4947142263962965,0.6331173026402658
1.084274749494645,0.04467969547995746,3.0101863390901813,-3.010517906631838,111,5.485590810869616,0.6771134168105332,5.498653889603584,0.6343860115280697
1.088413202736991,0.044618269184652,3.006047885848763,-3.006378997545033,111,5.489548433387602,0.6783233834399132,5.502593552810897,0.6356547204157915
1.0925516559793371,0.04455684288943252,3.001909432607344,-3.002240088458229,111,5.493506055905588,0.6795333500692933,5.5065332160182345,0.6369234293034312
1.0966901092216832,0.044495416594299085,2.997770979365925,-2.9981011793714267,111,5.497463678423575,0.6807433166986734,5.510472879225598,0.6381921381909886
1.1008285624640293,0.04443399029925177,2.9936325261245043,-2.993962270284625,111,5.50142130094156,0.6819532833280535,5.514412542432986,0.6394608470784636
1.1049670157063753,0.0443725640042906,2.9894940728830828,-2.989823361197825,111,5.5053789234595465,0.6831632499574335,5.5183522056404,0.6407295559658562
1.1091054689487214,0.044311137709415624,2.985355619641661,-2.985684452111026,111,5.509336545977533,0.6843732165868135,5.522291868847838,0.6419982648531664
1.1132439221910675,0.04424971141462692,2.981217166400238,-2.9815455430242284,111,5.513294168495519,0.6855831832161936,5.526231532055303,0.6432669737403941
1.1173823754334136,0.04418828511992452,2.977078713158815,-2.977406633937432,111,5.517251791013505,0.6867931498455737,5.530171195262792,0.6445356826275392
1.1215208286757596,0.04412685882530847,2.9729402599173906,-2.973267724850637,111,5.5212094135314915,0.6880031164749537,5.5341108584703065,0.6458043915146018
1.1256592819181057,0.04406543253077884,2.9688018066759656,-2.9691288157638436,111,5.525167036049478,0.6892130831043337,5.538050521677846,0.6470731004015816
1.1297977351604518,0.04400400623633566,2.9646633534345406,-2.9649899066770513,111,5.529124658567464,0.6904230497337138,5.541990184885411,0.648341809288479
1.1339361884027979,0.043942579941978976,2.9605249001931147,-2.9608509975902604,111,5.53308228108545,0.6916330163630939,5.545929848093002,0.6496105181752936
1.138074641645144,0.04388115364770886,2.9563864469516874,-2.9567120885034703,111,5.537039903603437,0.6928429829924739,5.549869511300617,0.6508792270620253
1.14221309488749,0.043819727353525344,2.9522479937102593,-2.9525731794166816,111,5.540997526121423,0.6940529496218539,5.553809174508259,0.6521479359486742
1.146351548129836,0.043758301059428475,2.9481095404688302,-2.9484342703298942,111,5.544955148639408,0.695262916251234,5.557748837715924,0.6534166448352403
1.1504900013721822,0.04369687476541829,2.9439710872274008,-2.944295361243108,111,5.548912771157395,0.6964728828806142,5.5616885009236166,0.6546853537217235
1.1546284546145282,0.04363544847149482,2.9398326339859704,-2.9401564521563235,111,5.552870393675381,0.6976828495099943,5.565628164131333,0.6559540626081238
1.1587669078568743,0.043574022177658135,2.9356941807445387,-2.93601754306954,111,5.556828016193368,0.6988928161393743,5.5695678273390765,0.657222771494441
1.1629053610992204,0.04351259588390825,2.931555727503107,-2.931878633982758,111,5.560785638711353,0.7001027827687543,5.573507490546843,0.6584914803806752
1.1670438143415665,0.04345116959024525,2.927417274261674,-2.9277397248959773,111,5.5647432612293395,0.7013127493981344,5.577447153754636,0.6597601892668264
1.1711822675839125,0.04338974329666914,2.923278821020241,-2.923600815809198,111,5.568700883747326,0.7025227160275145,5.581386816962455,0.6610288981528946
1.1753207208262586,0.04332831700317997,2.919140367778806,-2.91946190672242,111,5.572658506265312,0.7037326826568945,5.585326480170299,0.6622976070388794
1.1794591740686047,0.04326689070977778,2.91500191453737,-2.9153229976356427,111,5.576616128783298,0.7049426492862745,5.589266143378168,0.6635663159247811
1.1835976273109508,0.04320546441646259,2.910863461295934,-2.911184088548867,111,5.5805737513012845,0.7061526159156546,5.593205806586063,0.6648350248105998
1.1877360805532968,0.04314403812323447,2.9067250080544964,-2.9070451794620924,111,5.584531373819271,0.7073625825450347,5.5971454697939835,0.666103733696335
1.191874533795643,0.04308261183009344,2.9025865548130576,-2.9029062703753192,111,5.588488996337257,0.7085725491744147,5.60108513300193,0.667372442581987
1.196012987037989,0.04302118553703953,2.8984481015716184,-2.8987673612885474,111,5.592446618855243,0.7097825158037947,5.605024796209901,0.6686411514675557
1.200151440280335,0.042959759244072776,2.8943096483301787,-2.894628452201777,111,5.59640424137323,0.7109924824331748,5.608964459417898,0.669909860353041
1.2042898935226811,0.042898332951193226,2.8901711950887377,-2.8904895431150077,111,5.600361863891216,0.7122024490625549,5.6129041226259195,0.671178569238443
1.2084283467650272,0.042836906658400904,2.8860327418472957,-2.88635063402824,111,5.604319486409201,0.7134124156919349,5.616843785833967,0.6724472781237615
1.2125668000073733,0.042775480365695846,2.8818942886058534,-2.8822117249414734,111,5.608277108927188,0.714622382321315,5.620783449042041,0.6737159870089966
1.2167052532497193,0.042714054073078093,2.8777558353644093,-2.878072815854708,111,5.612234731445174,0.715832348950695,5.624723112250138,0.6749846958941482
1.2208437064920654,0.04265262778054765,2.8736173821229647,-2.8739339067679444,111,5.61619235396316,0.7170423155800751,5.628662775458263,0.6762534047792164
1.2249821597344115,0.04259120148810456,2.869478928881519,-2.8697949976811814,111,5.620149976481146,0.7182522822094553,5.632602438666413,0.6775221136642009
1.2291206129767576,0.04252977519574886,2.8653404756400715,-2.86565608859442,111,5.6241075989991325,0.7194622488388352,5.636542101874588,0.6787908225491018
1.2332590662191036,0.04246834890348057,2.861202022398624,-2.8615171795076595,111,5.628065221517119,0.7206722154682152,5.640481765082789,0.6800595314339192
1.2373975194614497,0.042406922611299726,2.857063569157175,-2.8573782704209005,111,5.632022844035105,0.7218821820975954,5.6444214282910155,0.681328240318653
1.2415359727037958,0.04234549631920634,2.852925115915725,-2.853239361334143,111,5.635980466553091,0.7230921487269755,5.648361091499268,0.6825969492033033
1.2456744259461419,0.04228407002720043,2.8487866626742733,-2.8491004522473866,111,5.6399380890710775,0.7243021153563555,5.652300754707546,0.6838656580878697
1.249812879188488,0.042222643735282034,2.8446482094328216,-2.8449615431606317,111,5.643895711589064,0.7255120819857355,5.656240417915849,0.6851343669723524
1.253951332430834,0.04216121744345118,2.8405097561913686,-2.840822634073878,111,5.64785333410705,0.7267220486151156,5.660180081124178,0.6864030758567515
1.25808978567318,0.04209979115170789,2.8363713029499147,-2.8366837249871257,111,5.651810956625036,0.7279320152444957,5.664119744332532,0.6876717847410669
1.2622282389155262,0.04203836486005218,2.832232849708459,-2.8325448159003748,111,5.655768579143022,0.7291419818738757,5.668059407540912,0.6889404936252984
1.2663666921578722,0.04197693856848406,2.828094396467003,-2.828405906813625,111,5.659726201661009,0.7303519485032558,5.671999070749318,0.6902092025094463
1.2705051454002183,0.04191551226827584,2.823955943137039,-2.824266997726747,112,5.663683824178994,0.7315619151326358,5.6759387339551965,0.6914779114018567
1.2746435986425644,0.041854085967004254,2.8198174898839246,-2.820128088639853,112,5.667641446696981,0.7327718817620159,5.679878397160766,0.692746620295284
1.2787820518849105,0.041792659665662556,2.81567903664087,-2.8159891795529584,112,5.671599069214967,0.733981848391396,5.683818060366313,0.6940153291887784
1.2829205051272565,0.04173123336438083,2.8115405833991294,-2.8118502704660644,112,5.675556691732953,0.735191815020776,5.687757723571879,0.6952840380822153
1.2870589583696026,0.0416698070631761,2.8074021301575596,-2.8077113613791718,112,5.679514314250939,0.736401781650156,5.691697386777467,0.6965527469755787
1.2911974116119487,0.041608380762050604,2.803263676916011,-2.80357245229228,112,5.6834719367689255,0.7376117482795361,5.695637049983079,0.6978214558688662
1.2953358648542947,0.04154695446100465,2.7991252236744644,-2.7994335432053896,112,5.687429559286912,0.7388217149089162,5.699576713188714,0.6990901647620779
1.2994743180966408,0.041485528160038296,2.7949867704329177,-2.7952946341185005,112,5.691387181804898,0.7400316815382962,5.703516376394371,0.7003588736552132
1.303612771338987,0.04142410185915157,2.7908483171913696,-2.7911557250316124,112,5.695344804322884,0.7412416481676762,5.707456039600053,0.7016275825482724
1.307751224581333,0.04136267555834446,2.7867098639498207,-2.7870168159447255,112,5.6993024268408705,0.7424516147970563,5.711395702805757,0.7028962914412555
1.311889677823679,0.04130124925761701,2.782571410708271,-2.78287790685784,112,5.703260049358857,0.7436615814264365,5.715335366011485,0.7041650003341625
1.3160281310660251,0.04123982295696921,2.7784329574667193,-2.7787389977709553,112,5.707217671876843,0.7448715480558165,5.719275029217236,0.7054337092269932
1.3201665843083712,0.04117839665640109,2.774294504225167,-2.774600088684072,112,5.711175294394829,0.7460815146851965,5.72321469242301,0.7067024181197478
1.3243050375507173,0.04111697035591267,2.7701560509836143,-2.77046117959719,112,5.715132916912815,0.7472914813145766,5.727154355628807,0.7079711270124261
1.3284434907930633,0.041055544055503955,2.7660175977420596,-2.766322270510309,112,5.719090539430802,0.7485014479439567,5.731094018834629,0.7092398359050283
1.3325819440354094,0.04099411775517494,2.761879144500505,-2.7621833614234292,112,5.723048161948787,0.7497114145733368,5.735033682040473,0.7105085447975543
1.3367203972777555,0.04093269145492564,2.7577406912589484,-2.758044452336551,112,5.727005784466773,0.7509213812027168,5.73897334524634,0.7117772536900039
1.3408588505201016,0.04087126515475608,2.7536022380173906,-2.7539055432496733,112,5.73096340698476,0.7521313478320968,5.742913008452231,0.7130459625823773
1.3449973037624476,0.040809838854666255,2.7494637847758323,-2.749766634162797,112,5.734921029502746,0.7533413144614769,5.746852671658145,0.7143146714746744
1.3491357570047937,0.04074841255465616,2.7453253315342727,-2.7456277250759222,112,5.738878652020732,0.754551281090857,5.750792334864083,0.7155833803668955
1.3532742102471398,0.04068698625472581,2.741186878292711,-2.7414888159890483,112,5.7428362745387185,0.755761247720237,5.754731998070043,0.7168520892590401
1.3574126634894859,0.04062555995487519,2.737048425051149,-2.7373499069021756,112,5.746793897056705,0.756971214349617,5.758671661276027,0.7181207981511084
1.361551116731832,0.04056413365510434,2.7329099718095864,-2.7332109978153043,112,5.750751519574691,0.7581811809789971,5.762611324482035,0.7193895070431006
1.365689569974178,0.04050270735541325,2.728771518568022,-2.729072088728434,112,5.754709142092677,0.7593911476083772,5.766550987688065,0.7206582159350166
1.369828023216524,0.040441281055801914,2.724633065326456,-2.724933179641565,112,5.7586667646106635,0.7606011142377572,5.77049065089412,0.721926924826856
1.3739664764588702,0.04037985475627032,2.7204946120848894,-2.720794270554697,112,5.76262438712865,0.7618110808671372,5.774430314100197,0.7231956337186193
1.3781049297012162,0.04031842845681847,2.7163561588433214,-2.71665536146783,112,5.766582009646635,0.7630210474965173,5.778369977306297,0.7244643426103065
1.3822433829435623,0.04025700215744638,2.7122177056017525,-2.7125164523809646,112,5.770539632164622,0.7642310141258974,5.7823096405124215,0.7257330515019172
1.3863818361859084,0.040195575858154045,2.708079252360182,-2.7083775432941004,112,5.774497254682608,0.7654409807552776,5.786249303718568,0.7270017603934519
1.3905202894282545,0.040134149558941457,2.7039407991186106,-2.704238634207237,112,5.778454877200595,0.7666509473846576,5.79018896692474,0.7282704692849101
1.3946587426706005,0.04007272325980859,2.6998023458770373,-2.700099725120375,112,5.78241249971858,0.7678609140140376,5.794128630130933,0.7295391781762921
1.3987971959129466,0.04001129696075543,2.695663892635463,-2.6959608160335145,112,5.786370122236566,0.7690708806434177,5.79806829333715,0.7308078870675979
1.4029356491552927,0.039949870661781996,2.6915254393938874,-2.6918219069466547,112,5.790327744754553,0.7702808472727978,5.802007956543391,0.7320765959588276
1.4070741023976387,0.039888444362888256,2.6873869861523105,-2.6876829978597963,112,5.794285367272539,0.7714908139021778,5.805947619749655,0.7333453048499808
1.4112125556399848,0.039827018064074224,2.6832485329107336,-2.683544088772939,112,5.798242989790525,0.7727007805315578,5.809887282955942,0.7346140137410578
1.415351008882331,0.039765591765339885,2.679110079669154,-2.679405179686083,112,5.8022006123085115,0.7739107471609379,5.813826946162252,0.7358827226320588
1.419489462124677,0.03970416546668522,2.6749716264275736,-2.675266270599228,112,5.806158234826498,0.775120713790318,5.8177666093685865,0.7371514315229836
1.423627915367023,0.0396427391681102,2.670833173185992,-2.6711273615123745,112,5.810115857344484,0.776330680419698,5.821706272574943,0.7384201404138321
1.4277663686093691,0.03958131286961483,2.666694719944408,-2.666988452425522,112,5.81407347986247,0.777540647049078,5.825645935781323,0.7396888493046044
1.4319048218517152,0.03951988657119909,2.6625562667028237,-2.6628495433386705,112,5.8180311023804565,0.7787506136784581,5.829585598987727,0.7409575581953007
1.4360432750940613,0.03945846027286296,2.658417813461238,-2.6587106342518205,112,5.821988724898443,0.7799605803078382,5.833525262194154,0.7422262670859209
1.4401817283364073,0.039397033974606414,2.6542793602196513,-2.6545717251649714,112,5.825946347416428,0.7811705469372183,5.837464925400603,0.743494975976465
1.4443201815787534,0.03933560767642945,2.6501409069780624,-2.6504328160781236,112,5.829903969934415,0.7823805135665983,5.841404588607078,0.7447636848669328
1.4484586348210995,0.03927418137833203,2.6460024537364726,-2.646293906991277,112,5.833861592452401,0.7835904801959783,5.845344251813573,0.7460323937573246
1.4525970880634456,0.039212755080314146,2.641864000494881,-2.6421549979044316,112,5.837819214970387,0.7848004468253584,5.849283915020093,0.7473011026476404
1.4567355413057916,0.039151328782375754,2.637725547253288,-2.6380160888175874,112,5.841776837488373,0.7860104134547385,5.853223578226637,0.7485698115378802
1.4608739945481377,0.03908990248451683,2.6335870940116934,-2.633877179730744,112,5.845734460006359,0.7872203800841185,5.857163241433203,0.7498385204280438
1.4650124477904838,0.03902847618673737,2.6294486407700983,-2.629738270643902,112,5.849692082524346,0.7884303467134985,5.861102904639793,0.7511072293181316
1.4691509010328299,0.03896704988903733,2.6253101875285014,-2.6255993615570614,112,5.853649705042332,0.7896403133428787,5.865042567846405,0.7523759382081434
1.473289354275176,0.038905623591416694,2.6211717342869023,-2.6214604524702216,112,5.857607327560318,0.7908502799722588,5.8689822310530415,0.7536446470980793
1.477427807517522,0.0388441972938754,2.617033281045302,-2.617321543383383,112,5.8615649500783045,0.7920602466016388,5.872921894259701,0.7549133559879393
1.481566260759868,0.03878277099641343,2.612894827803701,-2.613182634296546,112,5.865522572596291,0.7932702132310188,5.876861557466384,0.7561820648777233
1.4857047140022142,0.03872134469903077,2.6087563745620974,-2.60904372520971,112,5.869480195114277,0.7944801798603989,5.8808012206730895,0.7574507737674316
1.4898431672445602,0.03865991840172737,2.6046179213204925,-2.604904816122875,112,5.873437817632263,0.795690146489779,5.884740883879818,0.7587194826570642
1.4939816204869063,0.03859849210450318,2.6004794680788867,-2.6007659070360414,112,5.877395440150249,0.7969001131191591,5.88868054708657,0.759988191546621
1.4981200737292524,0.03853706580735819,2.596341014837279,-2.5966269979492087,112,5.881353062668236,0.7981100797485391,5.892620210293345,0.761256900436102
1.5022585269715985,0.038475639510292356,2.59220256159567,-2.5924880888623774,112,5.885310685186221,0.7993200463779191,5.896559873500143,0.7625256093255073
1.5063969802139445,0.03841421321330563,2.5880641083540596,-2.5883491797755473,112,5.889268307704207,0.8005300130072992,5.900499536706964,0.7637943182148369
1.5105354334562906,0.03835278691639797,2.583925655112447,-2.5842102706887182,112,5.893225930222194,0.8017399796366793,5.904439199913809,0.765063027104091
1.5146738866986367,0.03829136061956934,2.5797872018708334,-2.5800713616018904,112,5.89718355274018,0.8029499462660593,5.908378863120676,0.7663317359932694
1.5188123399409827,0.038229934322819695,2.5756487486292183,-2.575932452515064,112,5.901141175258166,0.8041599128954393,5.912318526327567,0.7676004448823723
1.5229507931833288,0.038168508026148976,2.5715102953876015,-2.5717935434282384,112,5.905098797776152,0.8053698795248194,5.9162581895344815,0.7688691537713999
1.527089246425675,0.03810708172955715,2.5673718421459832,-2.567654634341414,112,5.909056420294139,0.8065798461541995,5.920197852741418,0.7701378626603519
1.531227699668021,0.03804565543304417,2.5632333889043624,-2.563515725254591,112,5.913014042812125,0.8077898127835795,5.924137515948378,0.7714065715492285
1.535366152910367,0.03798422913660998,2.559094935662741,-2.559376816167769,112,5.916971665330111,0.8089997794129595,5.928077179155361,0.7726752804380297
1.5395046061527131,0.03792280284025452,2.554956482421117,-2.555237907080948,112,5.9209292878480975,0.8102097460423396,5.932016842362367,0.7739439893267558
1.5436430593950592,0.037861376543977726,2.550818029179492,-2.5510989979941283,112,5.924886910366084,0.8114197126717198,5.935956505569396,0.7752126982154065
1.5477815126374053,0.037799950247779567,2.5466795759378655,-2.54696008890731,112,5.92884453288407,0.8126296793010999,5.939896168776448,0.7764814071039822
1.5519199658797513,0.03773852395165998,2.542541122696237,-2.5428211798204927,112,5.932802155402056,0.8138396459304799,5.943835831983523,0.7777501159924824
1.5560584191220974,0.03767709765561892,2.538402669454607,-2.5386822707336765,112,5.936759777920042,0.8150496125598599,5.94777549519062,0.7790188248809078
1.5601968723644435,0.037615671359656294,2.534264216212975,-2.5345433616468616,112,5.940717400438029,0.81625957918924,5.951715158397742,0.7802875337692581
1.5643353256067896,0.03755424506377206,2.530125762971341,-2.5304044525600475,112,5.944675022956014,0.8174695458186201,5.955654821604885,0.7815562426575335
1.5684737788491356,0.03749281876796616,2.5259873097297056,-2.526265543473235,112,5.948632645474,0.8186795124480001,5.959594484812051,0.7828249515457338
1.5726122320914817,0.037431392472238534,2.521848856488069,-2.5221266343864235,112,5.952590267991987,0.8198894790773801,5.9635341480192405,0.7840936604338594
1.5767506853338278,0.03736996617658911,2.5177104032464297,-2.517987725299613,112,5.956547890509973,0.8210994457067602,5.967473811226453,0.7853623693219103
1.5808891385761739,0.0373085398810178,2.5135719500047893,-2.513848816212804,112,5.960505513027959,0.8223094123361403,5.971413474433689,0.7866310782098864
1.58502759181852,0.03724711358552455,2.509433496763147,-2.509709907125996,112,5.964463135545945,0.8235193789655203,5.975353137640947,0.7878997870977877
1.589166045060866,0.037185687290109314,2.5052950435215027,-2.505570998039189,112,5.968420758063932,0.8247293455949003,5.979292800848228,0.7891684959856146
1.593304498303212,0.03712426099477197,2.5011565902798565,-2.5014320889523836,112,5.972378380581918,0.8259393122242804,5.983232464055531,0.790437204873367
1.5974429515455582,0.037062834699512465,2.497018137038209,-2.497293179865579,112,5.976336003099904,0.8271492788536605,5.987172127262857,0.7917059137610449
1.6015814047879042,0.03700140840433074,2.492879683796559,-2.4931542707787755,112,5.9802936256178905,0.8283592454830406,5.991111790470207,0.7929746226486485
1.6057198580302503,0.03693998210922669,2.4887412305549077,-2.4890153616919735,112,5.984251248135877,0.8295692121124206,5.995051453677578,0.7942433315361777
1.6098583112725964,0.03687855581420026,2.4846027773132544,-2.4848764526051723,112,5.988208870653862,0.8307791787418006,5.998991116884972,0.7955120404236327
1.6139967645149425,0.03681712951925136,2.4804643240715993,-2.4807375435183725,112,5.992166493171849,0.8319891453711807,6.002930780092391,0.7967807493110136
1.6181352177572885,0.036755703224379904,2.476325870829942,-2.4765986344315736,112,5.996124115689835,0.8331991120005608,6.00687044329983,0.7980494581983205
1.6222736709996346,0.0366942769295858,2.4721874175882825,-2.472459725344776,112,6.000081738207821,0.8344090786299408,6.010810106507292,0.7993181670855533
1.6264121242419807,0.03663285063486897,2.4680489643466217,-2.4683208162579793,112,6.004039360725807,0.8356190452593208,6.014749769714777,0.8005868759727122
1.6305505774843267,0.03657142434022933,2.4639105111049586,-2.464181907171184,112,6.007996983243793,0.836829011888701,6.018689432922285,0.8018555848597974
1.6346890307266728,0.03650999804566677,2.4597720578632942,-2.46004299808439,112,6.01195460576178,0.8380389785180811,6.0226290961298155,0.8031242937468088
1.638827483969019,0.036448571751181214,2.4556336046216267,-2.4559040889975967,112,6.015912228279766,0.8392489451474611,6.026568759337367,0.8043930026337466
1.642965937211365,0.036387145456772546,2.451495151379958,-2.451765179910805,112,6.019869850797752,0.8404589117768411,6.030508422544943,0.8056617115206107
1.647104390453711,0.0363257191624407,2.4473566981382873,-2.447626270824014,112,6.023827473315738,0.8416688784062212,6.03444808575254,0.8069304204074016
1.6512428436960571,0.03626429286818557,2.443218244896615,-2.4434873617372244,112,6.027785095833725,0.8428788450356013,6.038387748960161,0.8081991292941191
1.6553812969384032,0.036202866574007064,2.4390797916549403,-2.4393484526504357,112,6.031742718351711,0.8440888116649813,6.042327412167803,0.8094678381807632
1.6595197501807493,0.03614144027990507,2.434941338413263,-2.4352095435636483,112,6.035700340869697,0.8452987782943614,6.046267075375468,0.8107365470673341
1.6636582034230953,0.03608001398587947,2.4308028851715844,-2.4310706344768622,112,6.0396579633876835,0.8465087449237414,6.050206738583155,0.812005255953832
1.6677966566654414,0.03601858769193017,2.426664431929903,-2.426931725390077,112,6.04361558590567,0.8477187115531215,6.054146401790865,0.813273964840257
1.6719351099077875,0.03595716139805707,2.4225259786882205,-2.4227928163032932,112,6.047573208423655,0.8489286781825016,6.058086064998595,0.8145426737266092
1.6760735631501336,0.03589573510426005,2.4183875254465352,-2.4186539072165103,112,6.051530830941642,0.8501386448118816,6.0620257282063505,0.8158113826128884
1.6802120163924796,0.035834308810539006,2.414249072204848,-2.4145149981297287,112,6.055488453459628,0.8513486114412616,6.065965391414126,0.8170800914990951
1.6843504696348257,0.03577288251689381,2.410110618963159,-2.410376089042948,112,6.059446075977614,0.8525585780706417,6.069905054621924,0.8183488003852293
1.6884889228771718,0.03571145622332437,2.4059721657214674,-2.4062371799561686,112,6.0634036984956,0.8537685447000218,6.073844717829745,0.819617509271291
1.6926273761195179,0.03565002992983055,2.401833712479774,-2.40209827086939,112,6.067361321013586,0.8549785113294018,6.077784381037588,0.8208862181572804
1.696765829361864,0.035588603636412246,2.3976952592380782,-2.397959361782613,112,6.071318943531573,0.8561884779587818,6.081724044245452,0.8221549270431974
1.70090428260421,0.03552717734306932,2.39355680599638,-2.3938204526958367,112,6.075276566049559,0.857398444588162,6.085663707453339,0.8234236359290426
1.705042735846556,0.035465751049801646,2.38941835275468,-2.3896815436090617,112,6.079234188567545,0.8586084112175421,6.089603370661248,0.8246923448148157
1.7091811890889022,0.03540432475660912,2.385279899512978,-2.3855426345222877,112,6.083191811085531,0.859818377846922,6.093543033869179,0.8259610537005169
1.7133196423312482,0.03534289846349158,2.381141446271273,-2.381403725435515,112,6.087149433603518,0.8610283444763022,6.097482697077131,0.8272297625861466
1.7174580955735943,0.03528147217044891,2.377002993029566,-2.377264816348743,112,6.091107056121504,0.8622383111056822,6.101422360285106,0.8284984714717044
1.7215965488159404,0.03522004587748099,2.3728645397878574,-2.3731259072619726,112,6.09506467863949,0.8634482777350623,6.105362023493102,0.8297671803571909
1.7257350020582864,0.03515861958458768,2.368726086546146,-2.368986998175203,112,6.099022301157476,0.8646582443644423,6.109301686701119,0.831035889242606
1.7298734553006325,0.03509719329176882,2.3645876333044327,-2.3648480890884347,112,6.102979923675463,0.8658682109938224,6.113241349909161,0.8323045981279499
1.7340119085429786,0.035035766999024325,2.360449180062717,-2.3607091800016673,112,6.106937546193448,0.8670781776232024,6.1171810131172215,0.8335733070132226
1.7381503617853247,0.034974340706354,2.356310726820999,-2.3565702709149012,112,6.110895168711434,0.8682881442525825,6.1211206763253045,0.8348420158984245
1.7422888150276707,0.03491291441375773,2.352172273579278,-2.352431361828136,112,6.114852791229421,0.8694981108819626,6.12506033953341,0.8361107247835556
1.7464272682700168,0.03485148812123534,2.3480338203375557,-2.348292452741372,112,6.118810413747407,0.8707080775113426,6.129000002741536,0.837379433668616
1.750565721512363,0.03479006182878671,2.3438953670958305,-2.3441535436546093,112,6.122768036265393,0.8719180441407227,6.132939665949685,0.8386481425536059
1.754704174754709,0.034728635536411666,2.3397569138541034,-2.3400146345678476,112,6.126725658783379,0.8731280107701027,6.136879329157854,0.8399168514385253
1.758842627997055,0.03466720924411007,2.3356184606123733,-2.335875725481087,112,6.130683281301366,0.8743379773994828,6.140818992366046,0.8411855603233747
1.7629810812394011,0.034605782951881756,2.331480007370641,-2.3317368163943275,112,6.134640903819352,0.8755479440288628,6.144758655574258,0.8424542692081538
1.7671195344817472,0.034544356659726584,2.327341554128907,-2.327597907307569,112,6.138598526337338,0.8767579106582429,6.148698318782492,0.843722978092863
1.7712579877240933,0.034482930367644396,2.32320310088717,-2.323458998220812,112,6.142556148855324,0.8779678772876229,6.152637981990748,0.8449916869775024
1.7753964409664393,0.03442150407563502,2.31906464764543,-2.3193200891340555,112,6.146513771373311,0.879177843917003,6.156577645199024,0.8462603958620722
1.7795348942087854,0.03436007778369827,2.314926194403688,-2.3151811800473,112,6.150471393891296,0.880387810546383,6.1605173084073215,0.8475291047465725
1.7836733474511315,0.034298651491834,2.310787741161944,-2.311042270960546,112,6.154429016409283,0.8815977771757632,6.164456971615642,0.8487978136310036
1.7878118006934776,0.03423722520004204,2.306649287920197,-2.306903361873793,112,6.158386638927269,0.8828077438051432,6.168396634823981,0.8500665225153654
1.7919502539358236,0.034175798908322216,2.302510834678448,-2.302764452787041,112,6.162344261445256,0.8840177104345233,6.172336298032343,0.8513352313996584
1.7960887071781697,0.03411437261667435,2.298372381436696,-2.29862554370029,112,6.166301883963241,0.8852276770639033,6.176275961240725,0.8526039402838824
1.8002271604205158,0.03405294632509826,2.2942339281949415,-2.29448663461354,112,6.170259506481227,0.8864376436932834,6.180215624449128,0.853872649168038
1.8043656136628619,0.03399152003359378,2.2900954749531848,-2.2903477255267912,112,6.174217128999214,0.8876476103226635,6.1841552876575525,0.855141358052125
1.808504066905208,0.033930093742160716,2.285957021711425,-2.2862088164400434,112,6.1781747515172,0.8888575769520435,6.188094950865998,0.8564100669361435
1.812642520147554,0.033868667450798876,2.2818185684696632,-2.282069907353297,112,6.182132374035186,0.8900675435814236,6.192034614074464,0.8576787758200942
1.8167809733899,0.033807241159508096,2.2776801152278985,-2.277930998266551,112,6.186089996553172,0.8912775102108036,6.19597427728295,0.8589474847039767
1.8209194266322462,0.033745814868288156,2.2735416619861315,-2.2737920891798065,112,6.190047619071159,0.8924874768401837,6.199913940491458,0.8602161935877917
1.8250578798745922,0.03368438857713889,2.2694032087443614,-2.269653180093063,112,6.194005241589145,0.8936974434695637,6.2038536036999865,0.8614849024715389
1.8291963331169383,0.03362296228606008,2.2652647555025887,-2.2655142710063205,112,6.197962864107131,0.8949074100989438,6.207793266908535,0.8627536113552188
1.8333347863592844,0.03356153599505153,2.2611263022608132,-2.261375361919579,112,6.201920486625117,0.8961173767283238,6.211732930117104,0.8640223202388314
1.8374732396016304,0.03350010970411304,2.256987849019035,-2.2572364528328386,112,6.205878109143104,0.8973273433577039,6.215672593325694,0.8652910291223772
1.8416116928439765,0.033438683413244415,2.2528493957772544,-2.253097543746099,112,6.209835731661089,0.8985373099870839,6.219612256534303,0.8665597380058561
1.8457501460863226,0.033377257122445436,2.248710942535471,-2.2489586346593606,112,6.213793354179076,0.899747276616464,6.223551919742935,0.8678284468892684
1.8498885993286687,0.033315830831715895,2.2445724892936854,-2.2448197255726234,112,6.217750976697062,0.900957243245844,6.2274915829515844,0.8690971557726141
1.8540270525710147,0.03325440454105559,2.2404340360518966,-2.240680816485887,112,6.221708599215048,0.9021672098752241,6.2314312461602555,0.8703658646558939
1.8581655058133608,0.0331929782504643,2.2362955828101048,-2.2365419073991517,112,6.225666221733034,0.9033771765046043,6.235370909368947,0.8716345735391077
1.862303959055707,0.033131551959941795,2.2321571295683102,-2.2324029983124176,112,6.22962384425102,0.9045871431339843,6.239310572577659,0.8729032824222555
1.866442412298053,0.03307012566948786,2.2280186763265135,-2.2282640892256844,112,6.233581466769007,0.9057971097633644,6.24325023578639,0.8741719913053378
1.870580865540399,0.03300869937910229,2.2238802230847137,-2.224125180138952,112,6.237539089286993,0.9070070763927444,6.247189898995141,0.8754407001883547
1.8747193187827451,0.03294727308878484,2.2197417698429107,-2.219986271052221,112,6.241496711804979,0.9082170430221245,6.2511295622039125,0.8767094090713066
1.8788577720250912,0.03288584679853527,2.215603316601105,-2.215847361965491,112,6.245454334322965,0.9094270096515045,6.255069225412704,0.8779781179541934
1.8829962252674373,0.03282442050835336,2.211464863359297,-2.211708452878762,112,6.249411956840952,0.9106369762808846,6.259008888621515,0.8792468268370157
1.8871346785097833,0.03276299421823888,2.2073264101174854,-2.2075695437920335,112,6.253369579358938,0.9118469429102646,6.262948551830346,0.8805155357197733
1.8912731317521294,0.03270156792819157,2.2031879568756714,-2.2034306347053065,112,6.257327201876924,0.9130569095396447,6.266888215039196,0.8817842446024668
1.8954115849944755,0.0326401416382112,2.199049503633854,-2.1992917256185804,112,6.2612848243949095,0.9142668761690247,6.270827878248065,0.8830529534850963
1.8995500382368216,0.03257871534829752,2.194911050392034,-2.1951528165318552,112,6.265242446912897,0.9154768427984048,6.2747675414569555,0.884321662367662
1.9036884914791676,0.03251728904716002,2.190772597061352,-2.1910139074449635,113,6.269200069430882,0.9166868094277848,6.278707204662562,0.885590371260961
1.9078269447215137,0.032455862744900664,2.186634143810193,-2.186874998358055,113,6.273157691948869,0.9178967760571649,6.282646867867843,0.8868590801553329
1.9119653979638598,0.032394436442578556,2.1824956905673547,-2.1827360892711454,113,6.277115314466855,0.919106742686545,6.2865865310731035,0.8881277890497649
1.9161038512062059,0.03233301014030437,2.178357237325384,-2.1785971801842368,113,6.281072936984841,0.920316709315925,6.290526194278379,0.8893964979441509
1.920242304448552,0.03227158383808945,2.1742187840835006,-2.174458271097329,113,6.285030559502827,0.9215266759453051,6.294465857483672,0.8906652068384804
1.924380757690898,0.0322101575359348,2.1700803308416243,-2.170319362010422,113,6.288988182020813,0.9227366425746851,6.298405520688982,0.891933915732752
1.928519210933244,0.032148731233840294,2.1659418775997468,-2.1661804529235162,113,6.2929458045388,0.9239466092040652,6.30234518389431,0.8932026246269664
1.9326576641755902,0.03208730493180573,2.1618034243578665,-2.162041543836611,113,6.296903427056786,0.9251565758334452,6.306284847099656,0.8944713335211233
1.9367961174179362,0.03202587862983087,2.157664971115983,-2.157902634749707,113,6.300861049574772,0.9263665424628253,6.310224510305019,0.8957400424152231
1.9409345706602823,0.03196445232791547,2.1535265178740977,-2.1537637256628037,113,6.304818672092758,0.9275765090922053,6.3141641735104,0.897008751309266
1.9450730239026284,0.031903026026059295,2.1493880646322086,-2.1496248165759013,113,6.308776294610745,0.9287864757215855,6.318103836715798,0.8982774602032525
1.9492114771449744,0.03184159972426208,2.1452496113903172,-2.145485907489,113,6.312733917128731,0.9299964423509655,6.322043499921213,0.8995461690971823
1.9533499303873205,0.03178017342252359,2.1411111581484232,-2.141346998402099,113,6.316691539646717,0.9312064089803456,6.3259831631266445,0.9008148779910562
1.9574883836296666,0.03171874712084357,2.136972704906526,-2.1372080893151995,113,6.3206491621647025,0.9324163756097256,6.329922826332093,0.902083586884874
1.9616268368720127,0.03165732081922177,2.132834251664627,-2.1330691802283006,113,6.32460678468269,0.9336263422391057,6.33386248953756,0.9033522957786363
1.9657652901143587,0.03159589451765793,2.1286957984227235,-2.1289302711414027,113,6.328564407200675,0.9348363088684858,6.337802152743042,0.9046210046723431
1.9699037433567048,0.03153446821615178,2.1245573451808184,-2.1247913620545056,113,6.332522029718661,0.9360462754978658,6.341741815948542,0.9058897135659947
1.974042196599051,0.031473041914703064,2.12041889193891,-2.1206524529676094,113,6.3364796522366476,0.9372562421272459,6.3456814791540594,0.9071584224595914
1.978180649841397,0.031411615613311517,2.1162804386969984,-2.1165135438807137,113,6.340437274754634,0.9384662087566259,6.349621142359593,0.9084271313531334
1.982319103083743,0.03135018931197686,2.1121419854550845,-2.112374634793819,113,6.34439489727262,0.939676175386006,6.353560805565143,0.909695840246621
1.9864575563260891,0.031288763010698835,2.108003532213167,-2.108235725706925,113,6.348352519790606,0.940886142015386,6.35750046877071,0.9109645491400544
1.9905960095684352,0.031227336709477145,2.1038650789712467,-2.104096816620032,113,6.352310142308593,0.9420961086447661,6.361440131976293,0.912233258033434
1.9947344628107813,0.031165910408311515,2.099726625729324,-2.0999579075331396,113,6.356267764826579,0.9433060752741461,6.365379795181893,0.91350196692676
1.9988729160531273,0.03110448410720167,2.095588172487398,-2.0958189984462483,113,6.360225387344565,0.9445160419035262,6.369319458387509,0.9147706758200326
2.003011369295473,0.031043057806147308,2.0914497192454693,-2.091680089359358,113,6.3641830098625505,0.9457260085329062,6.37325912159314,0.9160393847132521
2.0071498225378193,0.030981631505148148,2.087311266003537,-2.0875411802724684,113,6.368140632380538,0.9469359751622862,6.377198784798789,0.9173080936064189
2.0112882757801653,0.030920205204203893,2.083172812761602,-2.0834022711855793,113,6.372098254898523,0.9481459417916663,6.381138448004453,0.9185768024995331
2.0154267290225114,0.03085877890331424,2.079034359519664,-2.079263362098691,113,6.376055877416509,0.9493559084210463,6.385078111210134,0.9198455113925952
2.0195651822648575,0.030797352602478883,2.074895906277723,-2.075124453011804,113,6.3800134999344955,0.9505658750504264,6.389017774415829,0.9211142202856053
2.0237036355072036,0.030735926301697532,2.0707574530357786,-2.0709855439249174,113,6.383971122452482,0.9517758416798064,6.392957437621542,0.9223829291785638
2.0278420887495496,0.03067450000096987,2.0666189997938313,-2.066846634838032,113,6.387928744970468,0.9529858083091866,6.396897100827269,0.9236516380714709
2.0319805419918957,0.03061307370029559,2.0624805465518805,-2.062707725751147,113,6.391886367488454,0.9541957749385667,6.400836764033013,0.9249203469643271
2.036118995234242,0.030551647399674364,2.058342093309927,-2.0585688166642626,113,6.3958439900064405,0.9554057415679467,6.4047764272387715,0.9261890558571324
2.040257448476588,0.03049022109910588,2.0542036400679704,-2.0544299075773793,113,6.399801612524427,0.9566157081973268,6.408716090444545,0.9274577647498873
2.044395901718934,0.030428794798589814,2.050065186826011,-2.050290998490497,113,6.403759235042413,0.9578256748267068,6.412655753650335,0.9287264736425921
2.04853435496128,0.030367368498125845,2.0459267335840474,-2.046152089403615,113,6.407716857560399,0.9590356414560869,6.41659541685614,0.929995182535247
2.052672808203626,0.030305942197713633,2.041788280342081,-2.042013180316734,113,6.411674480078386,0.9602456080854669,6.42053508006196,0.9312638914278525
2.056811261445972,0.030244515897352837,2.0376498271001116,-2.0378742712298537,113,6.415632102596371,0.961455574714847,6.424474743267794,0.9325326003204089
2.0609497146883182,0.03018308959704314,2.0335113738581394,-2.0337353621429743,113,6.419589725114358,0.962665541344227,6.428414406473645,0.9338013092129163
2.0650881679306643,0.030121663296784184,2.0293729206161633,-2.0295964530560955,113,6.4235473476323435,0.9638755079736071,6.4323540696795085,0.9350700181053752
2.0692266211730104,0.030060236996575625,2.025234467374184,-2.0254575439692175,113,6.42750497015033,0.9650854746029871,6.436293732885388,0.9363387269977859
2.0733650744153564,0.029998810696417112,2.0210960141322016,-2.0213186348823404,113,6.431462592668316,0.9662954412323672,6.4402333960912825,0.9376074358901487
2.0775035276577025,0.029937384396308293,2.0169575608902157,-2.017179725795464,113,6.435420215186302,0.9675054078617472,6.44417305929719,0.9388761447824641
2.0816419809000486,0.029875958096248812,2.0128191076482267,-2.013040816708588,113,6.4393778377042885,0.9687153744911273,6.448112722503113,0.9401448536747322
2.0857804341423947,0.029814531796238313,2.008680654406234,-2.008901907621713,113,6.443335460222275,0.9699253411205074,6.4520523857090515,0.9414135625669536
2.0899188873847407,0.02975310549627641,2.0045422011642384,-2.0047629985348387,113,6.447293082740261,0.9711353077498874,6.455992048915003,0.9426822714591284
2.094057340627087,0.029691679196362748,2.000403747922239,-2.000624089447965,113,6.451250705258247,0.9723452743792675,6.4599317121209685,0.9439509803512571
2.098195793869433,0.029630252896496942,1.9962652946802366,-1.9964851803610923,113,6.4552083277762335,0.9735552410086475,6.463871375326948,0.94521968924334
2.102334247111779,0.02956882659667862,1.9921268414382305,-1.9923462712742201,113,6.45916595029422,0.9747652076380277,6.4678110385329415,0.9464883981353776
2.106472700354125,0.0295074002969074,1.987988388196221,-1.9882073621873486,113,6.463123572812206,0.9759751742674077,6.471750701738949,0.94775710702737
2.110611153596471,0.0294459739971829,1.9838499349542078,-1.9840684531004777,113,6.467081195330191,0.9771851408967878,6.4756903649449695,0.9490258159193179
2.114749606838817,0.02938454769750471,1.9797114817121912,-1.9799295440136075,113,6.471038817848179,0.9783951075261678,6.479630028151004,0.9502945248112213
2.1188880600811633,0.02932312139787245,1.9755730284701714,-1.975790634926738,113,6.474996440366164,0.9796050741555479,6.483569691357052,0.951563233703081
2.1230265133235093,0.02926169509828572,1.9714345752281477,-1.9716517258398691,113,6.478954062884151,0.9808150407849279,6.487509354563114,0.952831942594897
2.1271649665658554,0.02920026879874411,1.9672961219861207,-1.967512816753001,113,6.4829116854021365,0.982025007414308,6.491449017769187,0.95410065148667
2.1313034198082015,0.029138842499247208,1.96315766874409,-1.9633739076661334,113,6.486869307920124,0.983234974043688,6.495388680975275,0.9553693603784
2.1354418730505476,0.029077416199794606,1.9590192155020558,-1.9592349985792665,113,6.490826930438109,0.9844449406730681,6.499328344181375,0.9566380692700879
2.1395803262928936,0.029015989900385883,1.9548807622600177,-1.9550960894924003,113,6.494784552956095,0.9856549073024481,6.503268007387489,0.9579067781617336
2.1437187795352397,0.02895456360102062,1.9507423090179765,-1.9509571804055348,113,6.4987421754740815,0.9868648739318282,6.507207670593615,0.959175487053338
2.147857232777586,0.02889313730169839,1.9466038557759313,-1.94681827131867,113,6.502699797992068,0.9880748405612083,6.511147333799753,0.9604441959449012
2.151995686019932,0.028831711002418766,1.9424654025338828,-1.9426793622318057,113,6.506657420510054,0.9892848071905883,6.515086997005905,0.9617129048364235
2.156134139262278,0.028770284703181295,1.9383269492918305,-1.9385404531449422,113,6.51061504302804,0.9904947738199684,6.5190266602120674,0.9629816137279056
2.160272592504624,0.028708858403985557,1.9341884960497746,-1.9344015440580793,113,6.5145726655460265,0.9917047404493484,6.522966323418244,0.9642503226193476
2.16441104574697,0.028647432104831096,1.9300500428077152,-1.9302626349712169,113,6.518530288064012,0.9929147070787285,6.52690598662443,0.9655190315107504
2.168549498989316,0.028586005805717463,1.9259115895656516,-1.926123725884355,113,6.522487910581999,0.9941246737081085,6.53084564983063,0.966787740402114
2.1726879522316622,0.0285245795066442,1.9217731363235844,-1.921984816797494,113,6.526445533099984,0.9953346403374886,6.534785313036841,0.968056449293439
2.1768264054740083,0.02846315320761085,1.917634683081513,-1.9178459077106333,113,6.530403155617972,0.9965446069668686,6.538724976243065,0.9693251581847259
2.1809648587163544,0.028401726908616934,1.9134962298394382,-1.9137069986237734,113,6.534360778135957,0.9977545735962488,6.542664639449299,0.9705938670759751
2.1851033119587004,0.028340300609661997,1.90935777659736,-1.909568089536914,113,6.538318400653944,0.9989645402256287,6.546604302655545,0.9718625759671868
2.1892417652010465,0.02827887431074556,1.9052193233552777,-1.9054291804500552,113,6.5422760231719295,1.000174506855009,6.550543965861802,0.9731312848583621
2.1933802184433926,0.028217448011867145,1.9010808701131914,-1.901290271363197,113,6.546233645689916,1.0013844734843889,6.554483629068071,0.9743999937495006
2.1975186716857387,0.028156021713026266,1.896942416871101,-1.8971513622763392,113,6.550191268207902,1.002594440113769,6.55842329227435,0.9756687026406035
2.2016571249280847,0.02809459541422243,1.892803963629007,-1.893012453189482,113,6.554148890725888,1.003804406743149,6.56236295548064,0.9769374115316709
2.205795578170431,0.028033169115455142,1.888665510386909,-1.8888735441026254,113,6.5581065132438745,1.005014373372529,6.566302618686941,0.9782061204227032
2.209934031412777,0.027971742816723898,1.8845270571448076,-1.8847346350157694,113,6.562064135761861,1.0062243400019093,6.570242281893252,0.9794748293137013
2.214072484655123,0.02791031651802821,1.8803886039027018,-1.8805957259289139,113,6.566021758279847,1.0074343066312892,6.574181945099574,0.9807435382046652
2.218210937897469,0.027848890219367553,1.876250150660592,-1.8764568168420588,113,6.569979380797833,1.0086442732606693,6.578121608305906,0.9820122470955956
2.222349391139815,0.027787463920741398,1.8721116974184782,-1.8723179077552043,113,6.5739370033158195,1.0098542398900494,6.582061271512249,0.9832809559864931
2.226487844382161,0.02772603762214924,1.8679732441763603,-1.8681789986683504,113,6.577894625833805,1.0110642065194293,6.5860009347186,0.984549664877358
2.2306262976245073,0.02766461132359055,1.8638347909342388,-1.8640400895814968,113,6.581852248351792,1.0122741731488094,6.589940597924962,0.9858183737681909
2.2347647508668533,0.027603185025064786,1.8596963376921127,-1.8599011804946437,113,6.585809870869777,1.0134841397781895,6.593880261131333,0.9870870826589925
2.2389032041091994,0.027541758726571417,1.8555578844499825,-1.8557622714077913,113,6.589767493387765,1.0146941064075694,6.597819924337714,0.9883557915497627
2.2430416573515455,0.027480332428109905,1.8514194312078487,-1.8516233623209393,113,6.59372511590575,1.0159040730369497,6.6017595875441035,0.989624500440503
2.2471801105938916,0.027418906129679687,1.8472809779657107,-1.8474844532340877,113,6.597682738423736,1.0171140396663296,6.6056992507505035,0.9908932093312129
2.2513185638362376,0.027357479831280215,1.8431425247235682,-1.8433455441472366,113,6.6016403609417225,1.0183240062957097,6.609638913956911,0.9921619182218937
2.2554570170785837,0.027296053532910914,1.8390040714814215,-1.839206635060386,113,6.605597983459709,1.0195339729250898,6.613578577163329,0.9934306271125455
2.2595954703209298,0.02723462723457123,1.8348656182392713,-1.8350677259735357,113,6.609555605977695,1.0207439395544697,6.617518240369755,0.9946993360031688
2.263733923563276,0.027173200936260595,1.8307271649971164,-1.830928816886686,113,6.613513228495681,1.02195390618385,6.621457903576189,0.9959680448937649
2.267872376805622,0.027111774637978425,1.8265887117549575,-1.8267899077998366,113,6.6174708510136675,1.02316387281323,6.625397566782632,0.9972367537843332
2.272010830047968,0.02705034833972414,1.822450258512794,-1.8226509987129877,113,6.621428473531654,1.02437383944261,6.6293372299890825,0.998505462674875
2.276149283290314,0.026988922041497138,1.818311805270626,-1.818512089626139,113,6.62538609604964,1.0255838060719902,6.633276893195542,0.9997741715653908
2.28028773653266,0.026927495743296826,1.8141733520284544,-1.8143731805392909,113,6.629343718567625,1.02679377270137,6.637216556402008,1.0010428804558809
2.284426189775006,0.026866069445122605,1.810034898786278,-1.810234271452443,113,6.6333013410856125,1.0280037393307502,6.641156219608482,1.0023115893463463
2.2885646430173523,0.026804643146973863,1.8058964455440978,-1.8060953623655958,113,6.637258963603598,1.0292137059601303,6.645095882814963,1.0035802982367872
2.2927030962596984,0.026743216848849987,1.8017579923019125,-1.8019564532787486,113,6.641216586121585,1.0304236725895102,6.649035546021453,1.0048490071272043
2.2968415495020444,0.02668179055075035,1.7976195390597234,-1.797817544191902,113,6.64517420863957,1.0316336392188905,6.652975209227948,1.0061177160175985
2.3009800027443905,0.026620364252674337,1.7934810858175294,-1.7936786351050555,113,6.649131831157558,1.0328436058482704,6.656914872434452,1.0073864249079696
2.3051184559867366,0.026558937954621303,1.789342632575331,-1.7895397260182095,113,6.653089453675543,1.0340535724776505,6.6608545356409605,1.008655133798319
2.3092569092290827,0.026497511656590596,1.7852041793331284,-1.7854008169313638,113,6.657047076193529,1.0352635391070306,6.664794198847477,1.009923842688647
2.3133953624714287,0.026436085358581586,1.7810657260909215,-1.7812619078445184,113,6.6610046987115155,1.0364735057364105,6.668733862053999,1.0111925515789542
2.317533815713775,0.02637465906059363,1.77692727284871,-1.7771229987576733,113,6.664962321229502,1.0376834723657908,6.672673525260528,1.0124612604692416
2.321672268956121,0.026313232762626048,1.7727888196064938,-1.7729840896708287,113,6.668919943747488,1.0388934389951707,6.676613188467063,1.013729969359509
2.325810722198467,0.026251806464678167,1.7686503663642728,-1.7688451805839842,113,6.672877566265474,1.0401034056245508,6.680552851673603,1.014998678249758
2.329949175440813,0.02619038016674932,1.7645119131220475,-1.76470627149714,113,6.6768351887834605,1.041313372253931,6.68449251488015,1.0162673871399885
2.334087628683159,0.02612895386883883,1.7603734598798177,-1.7605673624102962,113,6.680792811301446,1.0425233388833108,6.6884321780867,1.0175360960302016
2.338226081925505,0.02606752757094602,1.7562350066375836,-1.7564284533234527,113,6.684750433819433,1.043733305512691,6.692371841293258,1.0188048049203977
2.3423645351678513,0.026006101273070188,1.7520965533953445,-1.7522895442366093,113,6.688708056337418,1.044943272142071,6.6963115044998185,1.0200735138105776
2.3465029884101973,0.02594467497521063,1.7479581001531008,-1.7481506351497662,113,6.6926656788554055,1.046153238771451,6.700251167706385,1.0213422227007418
2.3506414416525434,0.025883248677366636,1.7438196469108522,-1.7440117260629233,113,6.696623301373391,1.0473632054008313,6.704190830912955,1.0226109315908916
2.3547798948948895,0.025821822379537486,1.7396811936685992,-1.7398728169760806,113,6.700580923891378,1.0485731720302112,6.708130494119531,1.0238796404810266
2.3589183481372356,0.025760396081722464,1.7355427404263413,-1.7357339078892382,113,6.704538546409363,1.0497831386595913,6.712070157326109,1.0251483493711486
2.3630568013795816,0.025698969783920843,1.731404287184079,-1.731594998802396,113,6.70849616892735,1.0509931052889714,6.716009820532693,1.0264170582612575
2.3671952546219277,0.02563754348613188,1.7272658339418114,-1.727456089715554,113,6.712453791445336,1.0522030719183513,6.7199494837392795,1.0276857671513542
2.3713337078642738,0.025576117188354838,1.7231273806995395,-1.723317180628712,113,6.716411413963322,1.0534130385477316,6.72388914694587,1.02895447604144
2.37547216110662,0.025514690890588963,1.7189889274572623,-1.7191782715418702,113,6.7203690364813085,1.0546230051771115,6.727828810152464,1.0302231849315144
2.379610614348966,0.025453264592833497,1.7148504742149804,-1.7150393624550286,113,6.724326658999295,1.0558329718064916,6.73176847335906,1.0314918938215794
2.383749067591312,0.02539183829508767,1.710712020972694,-1.7109004533681873,113,6.728284281517281,1.0570429384358717,6.73570813656566,1.032760602711635
2.387887520833658,0.025330411997350703,1.7065735677304024,-1.706761544281346,113,6.732241904035267,1.0582529050652516,6.739647799772262,1.034029311601682
2.392025974076004,0.02526898569962181,1.702435114488106,-1.7026226351945049,113,6.7361995265532535,1.0594628716946317,6.743587462978867,1.0352980204917215
2.39616442731835,0.025207559401900212,1.6982966612458044,-1.6984837261076637,113,6.740157149071239,1.0606728383240118,6.747527126185472,1.036566729381754
2.4003028805606963,0.025146133104185103,1.694158208003498,-1.6943448170208228,113,6.744114771589226,1.0618828049533917,6.751466789392081,1.03783543827178
2.4044413338030424,0.025084706806475683,1.6900197547611866,-1.690205907933982,113,6.748072394107211,1.063092771582772,6.755406452598691,1.039104147161801
2.4085797870453884,0.02502328050877113,1.6858813015188703,-1.686066998847141,113,6.7520300166251985,1.064302738212152,6.759346115805303,1.040372856051817
2.4127182402877345,0.02496185421107064,1.6817428482765486,-1.6819280897603004,113,6.755987639143184,1.065512704841532,6.763285779011915,1.0416415649418294
2.4168566935300806,0.024900427913373366,1.677604395034222,-1.6777891806734597,113,6.759945261661171,1.0667226714709122,6.76722544221853,1.0429102738318385
2.4209951467724267,0.024839001615678466,1.6734659417918907,-1.673650271586619,113,6.763902884179156,1.067932638100292,6.771165105425143,1.0441789827218453
2.4251336000147727,0.024777575317985107,1.6693274885495542,-1.6695113624997784,113,6.767860506697143,1.0691426047296724,6.775104768631758,1.045447691611851
2.429272053257119,0.024716149020292434,1.665189035307212,-1.6653724534129377,113,6.771818129215129,1.0703525713590523,6.779044431838373,1.0467164005018554
2.433410506499465,0.024654722722599578,1.661050582064865,-1.661233544326097,113,6.775775751733115,1.0715625379884324,6.782984095044988,1.0479851093918604
2.437548959741811,0.024593296424905674,1.6569121288225128,-1.6570946352392564,113,6.7797333742511015,1.0727725046178125,6.786923758251603,1.0492538182818665
2.441687412984157,0.024531870127209823,1.6527736755801552,-1.6529557261524157,113,6.783690996769088,1.0739824712471924,6.790863421458217,1.050522527171874
2.445825866226503,0.024470443829511145,1.6486352223377927,-1.648816817065575,113,6.787648619287074,1.0751924378765725,6.79480308466483,1.0517912360618846
2.449964319468849,0.02440901753180875,1.6444967690954246,-1.6446779079787341,113,6.791606241805059,1.0764024045059526,6.798742747871441,1.0530599449518987
2.4541027727111953,0.024347591234101722,1.6403583158530513,-1.6405389988918933,113,6.7955638643230465,1.0776123711353325,6.802682411078053,1.054328653841917
2.4582412259535413,0.02428616493638915,1.6362198626106725,-1.6364000898050524,113,6.799521486841032,1.0788223377647128,6.806622074284662,1.0555973627319413
2.4623796791958874,0.02422473863867011,1.6320814093682887,-1.6322611807182112,113,6.803479109359019,1.0800323043940927,6.81056173749127,1.0568660716219709
2.4665181324382335,0.024163312340943655,1.6279429561258993,-1.6281222716313701,113,6.807436731877004,1.0812422710234728,6.814501400697874,1.058134780512008
2.4706565856805796,0.024101886043208853,1.6238045028835044,-1.6239833625445288,113,6.8113943543949915,1.082452237652853,6.818441063904477,1.0594034894020532
2.4747950389229256,0.02404045974546475,1.6196660496411046,-1.6198444534576875,113,6.815351976912977,1.0836622042822328,6.822380727111077,1.060672198292107
2.4789334921652717,0.02397903344771039,1.6155275963986988,-1.615705544370846,113,6.819309599430963,1.0848721709116131,6.826320390317674,1.061940907182171
2.4830719454076178,0.023917607149944793,1.611389143156288,-1.6115666352840041,113,6.823267221948949,1.086082137540993,6.830260053524268,1.0632096160722453
2.487210398649964,0.023856180852166987,1.6072506899138714,-1.6074277261971621,113,6.827224844466936,1.0872921041703731,6.834199716730858,1.0644783249623315
2.49134885189231,0.02379475455437598,1.6031122366714492,-1.6032888171103201,113,6.831182466984922,1.0885020707997533,6.838139379937444,1.0657470338524304
2.495487305134656,0.02373332825657077,1.5989737834290219,-1.599149908023478,113,6.835140089502908,1.0897120374291331,6.842079043144026,1.0670157427425426
2.499625758377002,0.023671901958750345,1.5948353301865885,-1.5950109989366354,113,6.8390977120208944,1.0909220040585133,6.846018706350604,1.0682844516326695
2.503764211619348,0.023610475660913684,1.5906968769441499,-1.5908720898497926,113,6.843055334538881,1.0921319706878934,6.849958369557177,1.0695531605228121
2.507902664861694,0.023549049363059762,1.5865584237017052,-1.5867331807629494,113,6.847012957056867,1.0933419373172732,6.853898032763745,1.070821869412971
2.5120411181040403,0.023487623065187528,1.582419970459255,-1.5825942716761061,113,6.850970579574852,1.0945519039466536,6.857837695970306,1.0720905783031476
2.5161795713463864,0.023426196767295942,1.5782815172167994,-1.5784553625892626,113,6.8549282020928395,1.0957618705760335,6.861777359176864,1.0733592871933424
2.5203180245887324,0.02336477046938395,1.5741430639743377,-1.5743164535024186,113,6.858885824610825,1.0969718372054136,6.865717022383414,1.074627996083557
2.5244564778310785,0.023303344171450465,1.5700046107318704,-1.5701775444155743,113,6.862843447128812,1.0981818038347937,6.86965668558996,1.0758967049737922
2.5285949310734246,0.02324191787349442,1.5658661574893975,-1.5660386353287297,113,6.866801069646797,1.0993917704641736,6.873596348796497,1.0771654138640485
2.5327333843157707,0.02318049157551472,1.5617277042469186,-1.5618997262418848,113,6.8707586921647845,1.100601737093554,6.877536012003029,1.0784341227543282
2.5368718375581167,0.023119065277510262,1.557589251004434,-1.5577608171550394,113,6.87471631468277,1.1018117037229338,6.881475675209551,1.0797028316446309
2.541010290800463,0.023057638979479936,1.5534507977619436,-1.553621908068194,113,6.878673937200756,1.103021670352314,6.885415338416069,1.0809715405349585
2.545148744042809,0.02299621268142261,1.5493123445194472,-1.549482998981348,113,6.882631559718742,1.104231636981694,6.889355001622577,1.082240249425312
2.549287197285155,0.022934786383337152,1.5451738912769453,-1.5453440898945014,113,6.886589182236729,1.105441603611074,6.893294664829077,1.0835089583156923
2.553425650527501,0.022873360085222415,1.541035438034437,-1.5412051808076546,113,6.890546804754715,1.106651570240454,6.897234328035569,1.0847776672061007
2.557564103769847,0.02281193378707725,1.5368969847919227,-1.5370662717208072,113,6.894504427272701,1.1078615368698341,6.901173991242051,1.0860463760965382
2.561702557012193,0.022750507488900475,1.5327585315494028,-1.5329273626339595,113,6.8984620497906874,1.109071503499214,6.905113654448525,1.087315084987006
2.5658410102545393,0.022689081190690914,1.5286200783068766,-1.5287884535471112,113,6.902419672308673,1.1102814701285943,6.909053317654988,1.0885837938775051
2.5699794634968853,0.02262765489244738,1.5244816250643443,-1.5246495444602624,113,6.90637729482666,1.1114914367579742,6.912992980861443,1.0898525027680366
2.5741179167392314,0.02256622859416867,1.5203431718218063,-1.520510635373413,113,6.910334917344645,1.1127014033873543,6.916932644067885,1.0911212116586018
2.5782563699815775,0.022504802295853575,1.5162047185792618,-1.516371726286563,113,6.9142925398626325,1.1139113700167345,6.920872307274319,1.0923899205492018
2.5823948232239236,0.022443375997500854,1.5120662653367112,-1.5122328171997126,113,6.918250162380618,1.1151213366461143,6.92481197048074,1.0936586294398376
2.5865332764662696,0.022381949699109276,1.5079278120941546,-1.5080939081128615,113,6.922207784898605,1.1163313032754945,6.928751633687152,1.094927338330511
2.5906717297086157,0.02232052340067759,1.5037893588515918,-1.50395499902601,113,6.92616540741659,1.1175412699048746,6.93269129689355,1.0961960472212224
2.5948101829509618,0.02225909710220453,1.4996509056090228,-1.4998160899391577,113,6.930123029934577,1.1187512365342547,6.936630960099937,1.0974647561119735
2.598948636193308,0.02219767080368882,1.4955124523664474,-1.4956771808523048,113,6.934080652452563,1.1199612031636348,6.940570623306312,1.0987334650027654
2.603087089435654,0.022136244505129174,1.4913739991238657,-1.4915382717654513,113,6.938038274970549,1.1211711697930147,6.944510286512673,1.100002173893599
2.607225542678,0.022074818206524297,1.487235545881278,-1.487399362678597,113,6.941995897488535,1.1223811364223948,6.948449949719022,1.1012708827844762
2.611363995920346,0.022013391907872867,1.4830970926386837,-1.4832604535917422,113,6.945953520006522,1.123591103051775,6.952389612925356,1.102539591675398
2.615502449162692,0.021951965609173573,1.4789586393960832,-1.4791215445048866,113,6.949911142524508,1.1248010696811548,6.956329276131677,1.103808300566365
2.619640902405038,0.021890539310425058,1.4748201861534762,-1.4749826354180304,113,6.953868765042494,1.1260110363105351,6.9602689393379835,1.1050770094573799
2.6237793556473843,0.021829113011625975,1.4706817329108628,-1.4708437263311733,113,6.95782638756048,1.127221002939915,6.964208602544275,1.1063457183484424
2.6279178088897304,0.021767686712774965,1.4665432796682432,-1.4667048172443156,113,6.961784010078466,1.1284309695692951,6.968148265750551,1.107614427239555
2.6320562621320764,0.021706260413870644,1.4624048264256169,-1.462565908157457,113,6.965741632596453,1.1296409361986752,6.972087928956812,1.1088831361307185
2.6361947153744225,0.02164483411491162,1.458266373182984,-1.4584269990705974,113,6.969699255114438,1.1308509028280551,6.976027592163056,1.110151845021934
2.6403331686167686,0.021583407815896488,1.4541279199403445,-1.4542880899837372,113,6.9736568776324255,1.1320608694574352,6.979967255369285,1.1114205539132036
2.6444716218591147,0.021521981516823826,1.4499894666976985,-1.450149180896876,113,6.977614500150411,1.1332708360868153,6.983906918575496,1.1126892628045282
2.6486100751014607,0.021460555217692204,1.4458510134550464,-1.446010271810014,113,6.981572122668398,1.1344808027161954,6.9878465817816915,1.1139579716959092
2.652748528343807,0.021399128918500175,1.441712560212387,-1.4418713627231512,113,6.985529745186383,1.1356907693455756,6.991786244987867,1.1152266805873476
2.656886981586153,0.021337702619246276,1.4375741069697214,-1.4377324536362874,113,6.98948736770437,1.1369007359749554,6.995725908194025,1.1164953894788454
2.661025434828499,0.021276276319929035,1.4334356537270485,-1.4335935445494226,113,6.993444990222356,1.1381107026043356,6.999665571400166,1.1177640983704038
2.665163888070845,0.02121485002054695,1.4292972004843696,-1.4294546354625568,113,6.997402612740342,1.1393206692337157,7.003605234606287,1.1190328072620241
2.669302341313191,0.02115342372109854,1.4251587472416836,-1.4253157263756902,113,7.001360235258328,1.1405306358630956,7.007544897812388,1.1203015161537078
2.673440794555537,0.021091997421582263,1.4210202939989907,-1.4211768172888224,113,7.005317857776315,1.1417406024924759,7.01148456101847,1.1215702250454567
2.6775792477978833,0.021030571121996595,1.416881840756291,-1.4170379082019537,113,7.009275480294301,1.1429505691218558,7.015424224224532,1.1228389339372715
2.6817177010402293,0.020969144822339976,1.412743387513585,-1.412898999115084,113,7.013233102812286,1.1441605357512359,7.019363887430572,1.1241076428291545
2.6858561542825754,0.020907718522610863,1.4086049342708717,-1.4087600900282131,113,7.017190725330273,1.145370502380616,7.023303550636593,1.1253763517211068
2.6899946075249215,0.020846292222807653,1.4044664810281515,-1.4046211809413411,113,7.021148347848259,1.1465804690099959,7.027243213842589,1.1266450606131297
2.6941330607672676,0.020784865922928754,1.4003280277854242,-1.400482271854468,113,7.025105970366246,1.147790435639376,7.0311828770485665,1.1279137695052253
2.6982715140096136,0.020723439622972566,1.3961895745426902,-1.3963433627675939,113,7.029063592884231,1.149000402268756,7.035122540254519,1.1291824783973947
2.7024099672519597,0.020662013322937454,1.3920511212999493,-1.3922044536807185,113,7.0330212154022185,1.1502103688981362,7.03906220346045,1.1304511872896394
2.7065484204943058,0.020600587022821776,1.387912668057201,-1.388065544593842,113,7.036978837920204,1.1514203355275163,7.043001866666355,1.1317198961819614
2.710686873736652,0.02053916072262387,1.3837742148144458,-1.3839266355069642,113,7.04093646043819,1.1526303021568962,7.046941529872238,1.1329886050743618
2.714825326978998,0.02047773442234206,1.3796357615716837,-1.379787726420085,113,7.044894082956176,1.1538402687862763,7.050881193078096,1.1342573139668426
2.718963780221344,0.02041630812197466,1.3754973083289144,-1.3756488173332047,113,7.048851705474163,1.1550502354156564,7.054820856283929,1.1355260228594053
2.72310223346369,0.020354881821519955,1.3713588550861375,-1.371509908246323,113,7.052809327992149,1.1562602020450363,7.058760519489737,1.1367947317520513
2.727240686706036,0.020293455520976236,1.3672204018433538,-1.36737099915944,113,7.056766950510135,1.1574701686744167,7.062700182695518,1.1380634406447827
2.731379139948382,0.020232029220341737,1.3630819486005628,-1.3632320900725556,113,7.060724573028121,1.1586801353037965,7.066639845901273,1.1393321495376005
2.7355175931907283,0.020170602919614714,1.3589434953577646,-1.35909318098567,113,7.064682195546108,1.1598901019331767,7.0705795091070005,1.1406008584305072
2.7396560464330744,0.020109176618793374,1.3548050421149591,-1.3549542718987828,113,7.068639818064094,1.1611000685625568,7.074519172312701,1.141869567323504
2.7437944996754204,0.020047750317875937,1.350666588872146,-1.3508153628118944,113,7.072597440582079,1.1623100351919367,7.078458835518372,1.1431382762165925
2.7479329529177665,0.019986324016860575,1.3465281356293262,-1.3466764537250044,113,7.076555063100066,1.1635200018213168,7.082398498724017,1.1444069851097747
2.7520714061601126,0.019924897715745477,1.3423896823864985,-1.342537544638113,113,7.080512685618052,1.1647299684506969,7.08633816192963,1.1456756940030524
2.7562098594024587,0.01986347141452879,1.3382512291436635,-1.33839863555122,113,7.084470308136039,1.165939935080077,7.090277825135216,1.1469444028964273
2.7603483126448047,0.019802045113208638,1.3341127759008211,-1.3342597264643257,113,7.088427930654024,1.167149901709457,7.09421748834077,1.148213111789901
2.764486765887151,0.01974061881178314,1.3299743226579714,-1.3301208173774297,113,7.0923855531720115,1.168359868338837,7.098157151546294,1.1494818206834754
2.768625219129497,0.019679192510250392,1.325835869415114,-1.325981908290532,113,7.096343175689997,1.169569834968217,7.102096814751786,1.1507505295771525
2.772763672371843,0.01961776620860847,1.321697416172249,-1.3218429992036327,113,7.100300798207983,1.1707798015975972,7.106036477957246,1.152019238470934
2.776902125614189,0.019556339906855437,1.3175589629293762,-1.3177040901167318,113,7.104258420725969,1.171989768226977,7.109976141162674,1.1532879473648214
2.781040578856535,0.019494913604989318,1.313420509686496,-1.3135651810298292,113,7.108216043243956,1.1731997348563574,7.113915804368069,1.1545566562588176
2.785179032098881,0.019433487303008142,1.309282056443608,-1.3094262719429248,113,7.112173665761942,1.1744097014857373,7.11785546757343,1.1558253651529233
2.7893174853412273,0.01937206100090991,1.3051436032007127,-1.3052873628560189,113,7.116131288279928,1.1756196681151174,7.121795130778757,1.1570940740471412
2.7934559385835733,0.0193106346986926,1.3010051499578097,-1.3011484537691111,113,7.120088910797914,1.1768296347444975,7.125734793984049,1.1583627829414729
2.7975943918259194,0.019249208396354175,1.2968666967148985,-1.2970095446822016,113,7.1240465333159,1.1780396013738774,7.129674457189305,1.1596314918359203
2.8017328450682655,0.019187782093892564,1.2927282434719798,-1.2928706355952901,113,7.128004155833887,1.1792495680032575,7.133614120394527,1.1609002007304856
2.8058712983106116,0.019126355791305685,1.288589790229053,-1.2887317265083769,113,7.131961778351872,1.1804595346326376,7.13755378359971,1.1621689096251708
2.8100097515529576,0.019064929488591446,1.2844513369861186,-1.2845928174214616,113,7.135919400869859,1.1816695012620175,7.141493446804858,1.1634376185199775
2.8141482047953037,0.019003503205135937,1.2803128838324735,-1.2804539083348323,112,7.139877023387845,1.1828794678913979,7.1454331100156345,1.1647063273963676
2.8182866580376498,0.018942076922774692,1.2761744305951512,-1.2763149992482192,112,7.143834645905832,1.1840894345207778,7.149372773226733,1.1659750362717107
2.822425111279996,0.018880650640338656,1.272035977352463,-1.272176090161605,112,7.147792268423817,1.1852994011501579,7.153312436437807,1.1672437451471254
2.826563564522342,0.018819224357750648,1.2678975241094241,-1.2680371810749886,112,7.151749890941804,1.186509367779538,7.157252099648839,1.1685124540226857
2.830702017764688,0.018757798075003423,1.263759070866354,-1.2638982719883698,112,7.15570751345979,1.1877193344089179,7.161191762859824,1.1697811628983978
2.834840471007034,0.018696371792094157,1.2596206176232738,-1.2597593629017485,112,7.159665135977776,1.1889293010382982,7.165131426070761,1.1710498717742654
2.83897892424938,0.01863494550902032,1.2554821643801843,-1.2556204538151248,112,7.163622758495762,1.190139267667678,7.16907108928165,1.17231858065029
2.843117377491726,0.018573519225779333,1.2513437111370862,-1.2514815447284986,112,7.167580381013749,1.1913492342970582,7.17301075249249,1.1735872895264745
2.8472558307340723,0.01851209294236863,1.2472052578939787,-1.24734263564187,112,7.171538003531735,1.1925592009264383,7.176950415703281,1.1748559984028215
2.8513942839764184,0.01845066665878559,1.2430668046508617,-1.2432037265552387,112,7.17549562604972,1.1937691675558182,7.18089007891402,1.1761247072793328
2.8555327372187644,0.01838924037502758,1.2389283514077358,-1.2390648174686048,112,7.179453248567707,1.1949791341851983,7.184829742124711,1.177393416156012
2.8596711904611105,0.018327814091091937,1.234789898164601,-1.2349259083819684,112,7.183410871085693,1.1961891008145784,7.188769405335346,1.1786621250328608
2.8638096437034566,0.018266387806975988,1.2306514449214565,-1.2307869992953293,112,7.18736849360368,1.1973990674439583,7.192709068545932,1.179930833909882
2.8679480969458027,0.018204961522677,1.2265129916783029,-1.2266480902086874,112,7.191326116121665,1.1986090340733386,7.196648731756462,1.1811995427870785
2.8720865501881487,0.018143535238192232,1.2223745384351399,-1.2225091811220428,112,7.195283738639652,1.1998190007027185,7.20058839496694,1.1824682516644525
2.876225003430495,0.018082108953518916,1.2182360851919674,-1.2183702720353953,112,7.199241361157638,1.2010289673320986,7.2045280581773605,1.1837369605420067
2.880363456672841,0.018020682668654253,1.2140976319487855,-1.214231362948745,112,7.203198983675624,1.2022389339614787,7.208467721387726,1.185005669419744
2.884501909915187,0.017959256383595423,1.2099591787055943,-1.2100924538620919,112,7.20715660619361,1.2034489005908586,7.212407384598035,1.1862743782976668
2.888640363157533,0.017897830098339562,1.2058207254623934,-1.2059535447754357,112,7.211114228711597,1.204658867220239,7.216347047808286,1.1875430871757784
2.892778816399879,0.01783640381288379,1.201682272219183,-1.2018146356887767,112,7.215071851229583,1.2058688338496188,7.2202867110184785,1.188811796054081
2.896917269642225,0.01777497752722519,1.197543818975963,-1.1976757266021145,112,7.219029473747569,1.207078800478999,7.224226374228612,1.1900805049325773
2.9010557228845713,0.01771355124136083,1.1934053657327335,-1.1935368175154495,112,7.222987096265555,1.208288767108379,7.228166037438686,1.1913492138112707
2.9051941761269173,0.01765212495528773,1.1892669124894943,-1.1893979084287813,112,7.226944718783542,1.209498733737759,7.232105700648698,1.1926179226901634
2.9093326293692634,0.017590698669002876,1.1851284592462454,-1.18525899934211,112,7.230902341301528,1.210708700367139,7.236045363858648,1.193886631569259
2.9134710826116095,0.017529272382503246,1.180990006002987,-1.1811200902554355,112,7.234859963819513,1.2119186669965192,7.239985027068535,1.1951553404485598
2.9176095358539555,0.017467846095785774,1.1768515527597183,-1.1769811811687578,112,7.2388175863375,1.213128633625899,7.24392469027836,1.196424049328069
2.9217479890963016,0.017406419808847357,1.17271309951644,-1.1728422720820768,112,7.242775208855486,1.2143386002552794,7.247864353488118,1.1976927582077894
2.9258864423386477,0.017344993521684865,1.1685746462731519,-1.1687033629953925,112,7.246732831373473,1.2155485668846593,7.251804016697813,1.198961467087724
2.9300248955809938,0.01728356723429515,1.164436193029854,-1.1645644539087048,112,7.250690453891458,1.2167585335140394,7.2557436799074395,1.200230175967876
2.93416334882334,0.01722214094667501,1.160297739786546,-1.1604255448220135,112,7.254648076409445,1.2179685001434195,7.2596833431170005,1.2014988848482484
2.938301802065686,0.017160714658821227,1.1561592865432277,-1.156286635735319,112,7.258605698927431,1.2191784667727994,7.26362300632649,1.202767593728844
2.942440255308032,0.01709928837073053,1.1520208332998993,-1.1521477266486209,112,7.262563321445417,1.2203884334021797,7.267562669535913,1.2040363026096668
2.946578708550378,0.01703786208239963,1.1478823800565614,-1.1480088175619192,112,7.266520943963403,1.2215984000315596,7.271502332745265,1.2053050114907187
2.950717161792724,0.016976435793825205,1.1437439268132132,-1.143869908475214,112,7.27047856648139,1.2228083666609397,7.275441995954546,1.2065737203720035
2.95485561503507,0.01691500950500389,1.1396054735698546,-1.139730999388505,112,7.274436188999376,1.2240183332903198,7.2793816591637555,1.2078424292535246
2.9589940682774163,0.016853583215932284,1.1354670203264858,-1.1355920903017922,112,7.278393811517362,1.2252282999196997,7.283321322372891,1.2091111381352848
2.9631325215197624,0.016792156926606964,1.1313285670831068,-1.1314531812150757,112,7.282351434035348,1.2264382665490798,7.287260985581952,1.210379847017288
2.9672709747621084,0.01673073063702446,1.1271901138397176,-1.1273142721283553,112,7.286309056553334,1.22764823317846,7.291200648790937,1.211648555899537
2.9714094280044545,0.016669304347181273,1.123051660596318,-1.1231753630416312,112,7.290266679071321,1.2288581998078398,7.295140311999848,1.212917264782035
2.9755478812468006,0.01660787805707386,1.118913207352908,-1.1190364539549031,112,7.294224301589306,1.2300681664372202,7.29907997520868,1.2141859736647862
2.9796863344891467,0.016546451766698642,1.1147747541094875,-1.114897544868171,112,7.298181924107293,1.2312781330666,7.303019638417435,1.2154546825477932
2.9838247877314927,0.016485025476052007,1.1106363008660562,-1.110758635781435,112,7.302139546625279,1.2324880996959802,7.30695930162611,1.2167233914310598
2.987963240973839,0.016423599185130297,1.106497847622615,-1.1066197266946949,112,7.306097169143266,1.2336980663253603,7.310898964834705,1.2179921003145895
2.992101694216185,0.016362172893929824,1.102359394379163,-1.1024808176079506,112,7.310054791661251,1.2349080329547402,7.314838628043217,1.2192608091983856
2.996240147458531,0.01630074660244686,1.0982209411357005,-1.098341908521202,112,7.3140124141792375,1.2361179995841205,7.318778291251649,1.2205295180824522
3.000378600700877,0.016239320310677638,1.0940824878922273,-1.0942029994344493,112,7.317970036697224,1.2373279662135004,7.322717954459995,1.2217982269667922
3.004517053943223,0.016177894018618355,1.0899440346487432,-1.0900640903476924,112,7.32192765921521,1.2385379328428805,7.326657617668257,1.22306693585141
3.008655507185569,0.01611646772626515,1.0858055814052487,-1.085925181260931,112,7.325885281733196,1.2397478994722606,7.330597280876433,1.2243356447363085
3.0127939604279153,0.016055041433614144,1.0816671281617434,-1.0817862721741651,112,7.329842904251183,1.2409578661016405,7.3345369440845225,1.2256043536214918
3.0169324136702613,0.0159936151406614,1.0775286749182271,-1.0776473630873948,112,7.333800526769169,1.2421678327310206,7.338476607292523,1.2268730625069637
3.0210708669126074,0.01593218884740294,1.0733902216746998,-1.07350845400062,112,7.337758149287155,1.2433777993604007,7.3424162705004345,1.228141771392728
3.0252093201549535,0.015870762553834756,1.0692517684311618,-1.0693695449138405,112,7.341715771805141,1.2445877659897806,7.346355933708256,1.2294104802787884
3.0293477733972995,0.015809336259952785,1.0651133151876127,-1.0652306358270565,112,7.345673394323127,1.245797732619161,7.350295596915984,1.2306791891651492
3.0334862266396456,0.015747909965752933,1.0609748619440527,-1.0610917267402677,112,7.349631016841114,1.2470076992485408,7.354235260123621,1.2319478980518137
3.0376246798819917,0.015686483671231048,1.0568364087004816,-1.0569528176534742,112,7.353588639359099,1.248217665877921,7.358174923331163,1.2332166069387862
3.0417631331243378,0.015625057376382947,1.0526979554568994,-1.0528139085666757,112,7.357546261877086,1.249427632507301,7.36211458653861,1.2344853158260707
3.045901586366684,0.015563631081204388,1.0485595022133058,-1.0486749994798723,112,7.361503884395072,1.250637599136681,7.366054249745959,1.2357540247136711
3.05004003960903,0.015502204785691096,1.0444210489697014,-1.044536090393064,112,7.365461506913059,1.2518475657660613,7.369993912953213,1.237022733601592
3.054178492851376,0.015440778489838741,1.0402825957260857,-1.0403971813062507,112,7.369419129431044,1.2530575323954412,7.373933576160365,1.2382914424898366
3.058316946093722,0.015379352193642953,1.0361441424824585,-1.0362582722194322,112,7.3733767519490305,1.2542674990248213,7.377873239367418,1.23956015137841
3.062455399336068,0.015317925897099306,1.0320056892388203,-1.0321193631326087,112,7.377334374467017,1.2554774656542014,7.381812902574368,1.2408288602673159
3.066593852578414,0.015256499600203335,1.0278672359951704,-1.0279804540457798,112,7.381291996985003,1.2566874322835813,7.385752565781217,1.2420975691565586
3.0707323058207603,0.015195073302950519,1.023728782751509,-1.0238415449589455,112,7.385249619502989,1.2578973989129614,7.38969222898796,1.2433662780461427
3.0748707590631064,0.01513364700533629,1.0195903295078363,-1.019702635872106,112,7.389207242020976,1.2591073655423415,7.393631892194598,1.2446349869360727
3.0790092123054524,0.015072220707356036,1.0154518762641522,-1.015563726785261,112,7.393164864538962,1.2603173321717214,7.397571555401129,1.2459036958263523
3.0831476655477985,0.015010794409005088,1.0113134230204566,-1.0114248176984106,112,7.397122487056947,1.2615272988011017,7.401511218607551,1.2471724047169868
3.0872861187901446,0.014949368110278728,1.0071749697767491,-1.0072859086115546,112,7.401080109574934,1.2627372654304816,7.405450881813865,1.2484411136079798
3.0914245720324907,0.014887941811172183,1.0030365165330304,-1.003146999524693,112,7.40503773209292,1.2639472320598617,7.409390545020065,1.2497098224993368
3.0955630252748367,0.014826515511680632,0.9988980632892994,-0.9990080904378258,112,7.408995354610907,1.2651571986892418,7.413330208226155,1.250978531391062
3.099701478517183,0.014765089211799191,0.994759610045557,-0.9948691813509527,112,7.412952977128892,1.2663671653186217,7.417269871432129,1.2522472402831597
3.103839931759529,0.01470366291152294,0.9906211568018028,-0.9907302722640737,112,7.416910599646879,1.267577131948002,7.42120953463799,1.2535159491756354
3.107978385001875,0.01464223661084689,0.9864827035580367,-0.9865913631771888,112,7.420868222164865,1.268787098577382,7.425149197843732,1.254784658068493
3.112116838244221,0.014580810309765995,0.9823442503142588,-0.9824524540902978,112,7.424825844682851,1.269997065206762,7.429088861049356,1.256053366961738
3.116255291486567,0.014519384008275163,0.9782057970704687,-0.9783135450034007,112,7.428783467200837,1.2712070318361421,7.433028524254861,1.257322075855375
3.120393744728913,0.014457957706369238,0.9740673438266667,-0.9741746359164976,112,7.4327410897188235,1.272416998465522,7.436968187460244,1.2585907847494087
3.1245321979712593,0.01439653140404301,0.9699288905828526,-0.9700357268295882,112,7.43669871223681,1.2736269650949021,7.440907850665504,1.2598594936438445
3.1286706512136053,0.014335105101291205,0.9657904373390266,-0.9658968177426724,112,7.440656334754796,1.2748369317242823,7.4448475138706405,1.2611282025386874
3.1328091044559514,0.0142736787981085,0.9616519840951884,-0.9617579086557503,112,7.444613957272782,1.2760468983536621,7.44878717707565,1.2623969114339422
3.1369475576982975,0.014212252494489498,0.9575135308513381,-0.9576189995688217,112,7.448571579790769,1.2772568649830425,7.4527268402805324,1.2636656203296146
3.1410860109406435,0.014150826190428751,0.9533750776074753,-0.9534800904818865,112,7.452529202308755,1.2784668316124224,7.456666503485286,1.2649343292257091
3.1452244641829896,0.014089399885920745,0.9492366243636002,-0.9493411813949447,112,7.45648682482674,1.2796767982418025,7.4606061666899075,1.2662030381222313
3.1493629174253357,0.014027973580959906,0.9450981711197131,-0.9452022723079962,112,7.460444447344727,1.2808867648711826,7.464545829894398,1.2674717470191867
3.1535013706676818,0.013966547275540597,0.9409597178758132,-0.9410633632210409,112,7.464402069862713,1.2820967315005625,7.468485493098753,1.2687404559165805
3.157639823910028,0.013905120996181474,0.936821264721396,-0.9369244541344723,111,7.4683596923807,1.2833066981299428,7.472425156310729,1.270009164789053
3.161778277152374,0.013843694717564787,0.9326828114815441,-0.9327855450479148,111,7.472317314898685,1.2845166647593227,7.476364819522921,1.2712778736608152
3.16591673039472,0.013782268438470763,0.9285443582376017,-0.9286466359613501,111,7.476274937416672,1.2857266313887028,7.480304482734974,1.272546582533034
3.170055183637066,0.013720842158834897,0.9244059049934518,-0.9245077268747774,111,7.480232559934658,1.286936598018083,7.484244145946868,1.273815291405771
3.174193636879412,0.01365941587864776,0.9202674517492783,-0.9203688177881966,111,7.484190182452644,1.2881465646474628,7.488183809158601,1.275084000279035
3.178332090121758,0.01359798959790247,0.9161289985050907,-0.9162299087016075,111,7.48814780497063,1.289356531276843,7.492123472370171,1.2763527091528328
3.1824705433641043,0.013536563316592204,0.9119905452608886,-0.91209099961501,111,7.4921054274886165,1.290566497906223,7.496063135581576,1.2776214180271712
3.1866089966064504,0.013475137034710045,0.9078520920166724,-0.907952090528404,111,7.496063050006603,1.291776464535603,7.5000027987928135,1.278890126902056
3.1907474498487964,0.013413710752249008,0.903713638772442,-0.9038131814417893,111,7.500020672524589,1.2929864311649832,7.503942462003882,1.280158835777495
3.1948859030911425,0.013352284469202029,0.8995751855281974,-0.8996742723551661,111,7.503978295042575,1.2941963977943631,7.5078821252147785,1.281427544653494
3.1990243563334886,0.013290858185561956,0.8954367322839383,-0.895535363268534,111,7.507935917560561,1.2954063644237432,7.511821788425501,1.2826962535300601
3.2031628095758347,0.013229431901321552,0.8912982790396649,-0.891396454181893,111,7.511893540078548,1.2966163310531233,7.515761451636051,1.2839649624072005
3.2073012628181807,0.013168005616473497,0.8871598257953766,-0.8872575450952429,111,7.515851162596533,1.2978262976825032,7.51970111484642,1.2852336712849217
3.211439716060527,0.013106579331010388,0.8830213725510742,-0.8831186360085838,111,7.51980878511452,1.2990362643118836,7.5236407780566115,1.2865023801632316
3.215578169302873,0.013045153044924733,0.8788829193067569,-0.8789797269219154,111,7.523766407632506,1.3002462309412635,7.527580441266619,1.2877710890421363
3.219716622545219,0.012983726758208941,0.8747444660624252,-0.8748408178352377,111,7.527724030150493,1.3014561975706436,7.531520104476445,1.289039797921644
3.223855075787565,0.012922300470855345,0.8706060128180786,-0.8707019087485505,111,7.531681652668478,1.3026661642000237,7.535459767686081,1.2903085068017612
3.227993529029911,0.012860874182856186,0.8664675595737173,-0.8665629996618537,111,7.5356392751864645,1.3038761308294036,7.539399430895531,1.291577215682496
3.232131982272257,0.012799447894203604,0.8623291063293413,-0.8624240905751472,111,7.539596897704451,1.3050860974587837,7.543339094104789,1.2928459245638557
3.2362704355146032,0.012738021604889647,0.8581906530849502,-0.8582851814884309,111,7.543554520222437,1.3062960640881638,7.547278757313854,1.294114633445848
3.2404088887569493,0.012676595314906267,0.8540521998405443,-0.8541462724017047,111,7.547512142740423,1.3075060307175437,7.551218420522723,1.2953833423284802
3.2445473419992954,0.01261516902424532,0.8499137465961234,-0.8500073633149684,111,7.5514697652584095,1.308715997346924,7.555158083731394,1.2966520512117607
3.2486857952416415,0.012553742732898566,0.8457752933516872,-0.8458684542282219,111,7.555427387776396,1.309925963976304,7.559097746939864,1.2979207600956966
3.2528242484839875,0.01249231644085766,0.841636840107236,-0.8417295451414651,111,7.559385010294382,1.311135930605684,7.563037410148131,1.2991894689802965
3.2569627017263336,0.012430890148114158,0.8374983868627698,-0.837590636054698,111,7.563342632812368,1.3123458972350641,7.566977073356194,1.3004581778655686
3.2611011549686797,0.012369463854659512,0.8333599336182882,-0.8334517269679202,111,7.567300255330354,1.313555863864444,7.570916736564047,1.3017268867515202
3.2652396082110258,0.012308037560485069,0.8292214803737913,-0.8293128178811318,111,7.571257877848341,1.3147658304938243,7.574856399771691,1.3029955956381607
3.269378061453372,0.012246611265582075,0.8250830271292791,-0.8251739087943325,111,7.575215500366326,1.3159757971232042,7.578796062979121,1.3042643045254976
3.273516514695718,0.012185184969941656,0.8209445738847514,-0.8210349997075223,111,7.579173122884313,1.3171857637525843,7.582735726186337,1.3055330134135399
3.277654967938064,0.012123758673554842,0.8168061206402082,-0.816896090620701,111,7.583130745402299,1.3183957303819644,7.586675389393333,1.3068017223022959
3.28179342118041,0.012062332376412535,0.8126676673956494,-0.8127571815338686,111,7.587088367920286,1.3196056970113443,7.59061505260011,1.3080704311917741
3.285931874422756,0.012000906078505538,0.8085292141510753,-0.8086182724470248,111,7.591045990438271,1.3208156636407244,7.5945547158066615,1.3093391400819838
3.290070327665102,0.01193947977982454,0.8043907609064852,-0.8044793633601695,111,7.5950036129562575,1.3220256302701046,7.598494379012988,1.3106078489729338
3.2942087809074483,0.011878053480360097,0.8002523076618795,-0.8003404542733025,111,7.598961235474244,1.3232355968994844,7.602434042219085,1.3118765578646328
3.2983472341497944,0.011816627180102662,0.796113854417258,-0.7962015451864237,111,7.60291885799223,1.3244455635288648,7.60637370542495,1.3131452667570904
3.3024856873921404,0.011755200879042556,0.7919754011726207,-0.7920626360995331,111,7.606876480510216,1.3256555301582447,7.61031336863058,1.3144139756503155
3.3066241406344865,0.011693774577169984,0.7878369479279673,-0.7879237270126304,111,7.6108341030282025,1.3268654967876248,7.614253031835973,1.3156826845443175
3.3107625938768326,0.011632348274475028,0.7836984946832981,-0.7837848179257154,111,7.614791725546189,1.3280754634170049,7.618192695041126,1.316951393439106
3.3149010471191787,0.01157092197094764,0.7795600414386128,-0.7796459088387881,111,7.618749348064174,1.3292854300463848,7.622132358246034,1.3182201023346904
3.3190395003615247,0.011509495666577638,0.7754215881939115,-0.7755069997518484,111,7.622706970582161,1.330495396675765,7.626072021450698,1.319488811231081
3.323177953603871,0.011448069361354715,0.7712831349491941,-0.7713680906648961,111,7.626664593100147,1.331705363305145,7.63001168465511,1.3207575201282868
3.327316406846217,0.011386643055268429,0.7671446817044604,-0.7672291815779309,111,7.630622215618134,1.332915329934525,7.633951347859272,1.3220262290263185
3.331454860088563,0.011325216748308206,0.7630062284597104,-0.7630902724909526,111,7.634579838136119,1.3341252965639052,7.637891011063177,1.323294937925186
3.335593313330909,0.011263790440463332,0.758867775214944,-0.7589513634039613,111,7.638537460654106,1.335335263193285,7.641830674266824,1.3245636468248991
3.339731766573255,0.011202364164636302,0.7547293220597225,-0.7548124543174451,110,7.642495083172092,1.3365452298226652,7.645770337479831,1.3258323556939937
3.343870219815601,0.011140937889079076,0.7505908688181067,-0.750673545230933,110,7.646452705690078,1.3377551964520453,7.649710000692918,1.3271010645628303
3.3480086730579472,0.011079511612539658,0.7464524155731171,-0.7465346361444063,110,7.650410328208064,1.3389651630814252,7.653649663905718,1.3283697734326059
3.3521471263002933,0.011018085334957293,0.7423139623279796,-0.742395727057864,110,7.6543679507260505,1.3401751297108055,7.657589327118212,1.3296384823033793
3.3562855795426394,0.010956659056317356,0.7381755090828187,-0.7382568179713062,110,7.658325573244037,1.3413850963401854,7.661528990330398,1.3309071911751638
3.3604240327849855,0.010895232776606851,0.734037055837639,-0.7341179088847324,110,7.662283195762023,1.3425950629695655,7.665468653542271,1.332175900047972
3.3645624860273315,0.01083380649581267,0.7298986025924407,-0.7299789997981425,110,7.666240818280009,1.3438050295989457,7.6694083167538265,1.3334446089218168
3.3687009392696776,0.010772380213921533,0.7257601493472235,-0.7258400907115363,110,7.6701984407979955,1.3450149962283255,7.673347979965061,1.3347133177967103
3.3728393925120237,0.010710953930919986,0.721621696101988,-0.7217011816249137,110,7.674156063315982,1.3462249628577059,7.677287643175972,1.335982026672666
3.3769778457543698,0.010649527646794388,0.7174832428567334,-0.7175622725382744,110,7.678113685833967,1.3474349294870858,7.681227306386552,1.3372507355496965
3.381116298996716,0.010588101361530915,0.71334478961146,-0.7134233634516183,110,7.682071308351954,1.3486448961164659,7.685166969596803,1.3385194444278152
3.385254752239062,0.010526675075115557,0.7092063363661676,-0.709284454364945,110,7.68602893086994,1.349854862745846,7.6891066328067135,1.3397881533070355
3.389393205481408,0.010465248787534107,0.7050678831208564,-0.7051455452782545,110,7.689986553387927,1.3510648293752259,7.693046296016286,1.3410568621873706
3.393531658723754,0.010403822498772168,0.7009294298755259,-0.7010066361915464,110,7.693944175905912,1.352274796004606,7.696985959225511,1.3423255710688349
3.3976701119661,0.01034239620881514,0.6967909766301761,-0.6968677271048205,110,7.697901798423898,1.353484762633986,7.700925622434387,1.3435942799514422
3.401808565208446,0.010280969917648224,0.6926525233848071,-0.6927288180180766,110,7.701859420941885,1.354694729263366,7.704865285642911,1.3448629888352062
3.4059470184507923,0.010219543625256412,0.688514070139419,-0.6885899089313147,110,7.705817043459871,1.3559046958927463,7.708804948851076,1.3461316977201419
3.4100854716931384,0.01015811733162449,0.6843756168940113,-0.6844509998445343,110,7.709774665977857,1.3571146625221262,7.712744612058878,1.3474004066062633
3.4142239249354844,0.010096691036737023,0.6802371636485843,-0.6803120907577352,110,7.7137322884958435,1.3583246291515063,7.716684275266313,1.3486691154935853
3.4183623781778305,0.010035264740578372,0.6760987104031376,-0.6761731816709173,110,7.71768991101383,1.3595345957808864,7.720623938473377,1.3499378243821232
3.4225008314201766,0.009973838443132654,0.6719602571576713,-0.6720342725840803,110,7.721647533531816,1.3607445624102663,7.724563601680064,1.3512065332718917
3.4266392846625227,0.009912412144383782,0.6678218039121854,-0.667895363497224,110,7.725605156049802,1.3619545290396464,7.7285032648863705,1.3524752421629065
3.4307777379048687,0.009850985844315426,0.6636833506666798,-0.6637564544103481,110,7.729562778567788,1.3631644956690265,7.73244292809229,1.3537439510551832
3.434916191147215,0.009789559542911028,0.6595448974211543,-0.6596175453234524,110,7.733520401085775,1.3643744622984066,7.73638259129782,1.3550126599487375
3.439054644389561,0.009728133240153784,0.6554064441756088,-0.6554786362365366,110,7.73747802360376,1.3655844289277868,7.740322254502954,1.3562813688435855
3.443193097631907,0.009666706936026647,0.6512679909300433,-0.6513397271496004,110,7.741435646121747,1.3667943955571666,7.744261917707688,1.3575500777397436
3.447331550874253,0.009605280630512327,0.6471295376844579,-0.6472008180626437,110,7.745393268639733,1.3680043621865468,7.748201580912016,1.358818786637228
3.451470004116599,0.009543854323593275,0.6429910844388523,-0.6430619089756662,110,7.74935089115772,1.3692143288159269,7.7521412441159345,1.3600874955360562
3.455608457358945,0.00948242801525168,0.6388526311932266,-0.6389229998886675,110,7.753308513675705,1.370424295445307,7.756080907319435,1.3613562044362446
3.4597469106012912,0.009421001705469483,0.6347141779475806,-0.6347840908016474,110,7.757266136193691,1.3716342620746869,7.760020570522515,1.3626249133378106
3.4638853638436373,0.009359575394228338,0.6305757247019141,-0.6306451817146057,110,7.761223758711678,1.372844228704067,7.763960233725169,1.3638936222407718
3.4680238170859834,0.009298149121028837,0.626437271545584,-0.6265062726281285,109,7.765181381229664,1.374054195333447,7.767899896938945,1.3651623311073537
3.4721622703283295,0.009236722847448845,0.6222988183023833,-0.6223673635416457,109,7.76913900374765,1.3752641619628272,7.7718395601526105,1.3664310399742994
3.4763007235706755,0.009175296572211023,0.6181603650563381,-0.6182284544551383,109,7.7730966262656365,1.376474128592207,7.775779223365791,1.3676997488428304
3.4804391768130216,0.009113870295252851,0.6140219118101788,-0.6140895453686054,109,7.777054248783623,1.3776840952215872,7.779718886578467,1.3689684577130066
3.4845776300553677,0.009052444016550991,0.6098834585639936,-0.6099506362820466,109,7.781011871301608,1.3788940618509673,7.783658549790634,1.3702371665848505
3.4887160832977138,0.008991017736083034,0.6057450053177855,-0.6058117271954616,109,7.784969493819595,1.3801040284803474,7.787598213002286,1.371505875458383
3.49285453654006,0.008929591453826278,0.6016065520715542,-0.6016728181088501,109,7.788927116337581,1.3813139951097275,7.791537876213414,1.3727745843336265
3.496992989782406,0.008868165169757658,0.5974680988252996,-0.5975339090222116,109,7.792884738855568,1.3825239617391074,7.795477539424013,1.3740432932106024
3.501131443024752,0.008806738883853756,0.5933296455790218,-0.5933949999355459,109,7.796842361373553,1.3837339283684875,7.799417202634073,1.3753120020893337
3.505269896267098,0.008745312596090786,0.5891911923327205,-0.5892560908488527,109,7.80079998389154,1.3849438949978676,7.803356865843592,1.3765807109698425
3.509408349509444,0.00868388630644459,0.5850527390863959,-0.5851171817621315,109,7.804757606409526,1.3861538616272477,7.807296529052559,1.3778494198521525
3.51354680275179,0.008622460014890624,0.5809142858400478,-0.5809782726753819,109,7.808715228927512,1.3873638282566276,7.811236192260969,1.3791181287362866
3.5176852559941363,0.008561033721403953,0.5767758325936758,-0.5768393635886037,109,7.812672851445498,1.3885737948860077,7.815175855468814,1.3803868376222692
3.5218237092364824,0.008499607425959243,0.5726373793472803,-0.5727004545017964,109,7.816630473963484,1.3897837615153878,7.819115518676086,1.3816555465101243
3.5259621624788284,0.008438181128530753,0.5684989261008608,-0.5685615454149596,109,7.820588096481471,1.390993728144768,7.823055181882778,1.3829242553998764
3.5301006157211745,0.008376754829092321,0.5643604728544176,-0.5644226363280931,109,7.824545718999457,1.3922036947741478,7.826994845088883,1.3841929642915505
3.5342390689635206,0.008315328527617363,0.5602220196079505,-0.5602837272411963,109,7.828503341517443,1.393413661403528,7.830934508294392,1.3854616731851723
3.5383775222058667,0.008253902224078855,0.5560835663614592,-0.556144818154269,109,7.8324609640354295,1.394623628032908,7.834874171499298,1.3867303820807675
3.5425159754482127,0.008192475918449323,0.5519451131149438,-0.5520059090673105,109,7.836418586553416,1.3958335946622882,7.8388138347035925,1.3879990909783624
3.546654428690559,0.008131049610700844,0.547806659868404,-0.5478669999803206,109,7.840376209071401,1.3970435612916683,7.842753497907267,1.3892677998779837
3.550792881932905,0.008069623300805023,0.5436682066218401,-0.5437280908932989,109,7.844333831589388,1.3982535279210482,7.846693161110315,1.3905365087796582
3.554931335175251,0.00800819698873299,0.5395297533752516,-0.5395891818062448,109,7.848291454107374,1.3994634945504283,7.850632824312725,1.3918052176834141
3.559069788417597,0.00794677067445538,0.5353913001286387,-0.535450272719158,109,7.852249076625361,1.4006734611798084,7.854572487514492,1.393073926589279
3.563208241659943,0.007885344404444978,0.5312528469712765,-0.5313113636327282,108,7.856206699143346,1.4018834278091885,7.8585121507292,1.3943426354528112
3.567346694902289,0.007823918133204082,0.5271143937265865,-0.5271724545462801,108,7.860164321661333,1.4030933944385684,7.862451813943549,1.39561134431752
3.5714851481446352,0.007762491859428057,0.5229759404794488,-0.5230335454597944,108,7.864121944179319,1.4043033610679485,7.866391477157156,1.396880053184653
3.5756236013869813,0.007701065583046677,0.5188374872322171,-0.51889463637327,108,7.868079566697305,1.4055133276973286,7.870331140370002,1.3981487620542778
3.5797620546293274,0.007639639304023361,0.514699033984956,-0.5147557272867065,108,7.872037189215291,1.4067232943267087,7.874270803582076,1.399417470926429
3.5839005078716735,0.007578213022321848,0.5105605807376672,-0.5106168182001032,108,7.875994811733277,1.4079332609560886,7.878210466793366,1.4006861798011412
3.5880389611140195,0.007516786737905259,0.5064221274903506,-0.5064779091134596,108,7.879952434251264,1.4091432275854687,7.882150130003862,1.40195488867845
3.5921774143563656,0.007455360450736053,0.5022836742430061,-0.5023390000267751,108,7.88391005676925,1.4103531942148488,7.8860897932135545,1.4032235975583913
3.5963158675987117,0.007393934160776018,0.49814522099563374,-0.49820009094004924,108,7.887867679287236,1.411563160844229,7.89002945642243,1.4044923064410013
3.6004543208410578,0.007332507867986258,0.49400676774823316,-0.49406118185328135,108,7.891825301805222,1.412773127473609,7.893969119630477,1.4057610153263174
3.604592774083404,0.007271081572327155,0.4898683145008044,-0.4899222727664709,108,7.895782924323209,1.413983094102989,7.897908782837688,1.4070297242143772
3.60873122732575,0.007209655273758376,0.4857298612533475,-0.4857833636796172,108,7.899740546841194,1.415193060732369,7.901848446044046,1.40829843310522
3.612869680568096,0.007148228972238838,0.4815914080058621,-0.48164445459271976,108,7.903698169359181,1.4164030273617492,7.905788109249543,1.4095671419988844
3.617008133810442,0.007086802667726691,0.4774529547583483,-0.4775055455057779,108,7.907655791877167,1.4176129939911293,7.909727772454164,1.4108358508954106
3.621146587052788,0.007025376360179305,0.4733145015108059,-0.473366636418791,108,7.911613414395154,1.4188229606205092,7.913667435657898,1.4121045597948394
3.625285040295134,0.00696395004955324,0.4691760482632348,-0.46922772733175844,108,7.915571036913139,1.4200329272498893,7.9176070988607306,1.4133732686972125
3.6294234935374803,0.00690252373580423,0.4650375950156349,-0.4650888182446795,108,7.919528659431125,1.4212428938792694,7.921546762062651,1.414641977602572
3.6335619467798264,0.0068410974188871584,0.46089914176800617,-0.4609499091575536,108,7.923486281949112,1.4224528605086495,7.925486425263646,1.4159106865109612
3.6377004000221724,0.0067796711527889275,0.45676068860964736,-0.4568110000711818,107,7.927443904467098,1.4236628271380294,7.929426088479499,1.4171793953707519
3.6418388532645185,0.0067182448843595075,0.4526222353634833,-0.45267209098477545,107,7.931401526985084,1.4248727937674095,7.933365751694669,1.4184481042327721
3.6459773065068646,0.006656818612262029,0.44848378211518397,-0.44853318189831465,107,7.93535914950307,1.4260827603967896,7.937305414908767,1.4197168130983002
3.6501157597492107,0.0065953923364114745,0.44434532886680256,-0.44439427281179816,107,7.939316772021057,1.4272927270261697,7.941245078121769,1.4209855219674172
3.6542542129915567,0.006533966056751777,0.44020687561838745,-0.44025536372522517,107,7.943274394539043,1.4285026936555498,7.945184741333656,1.422254230840177
3.658392666233903,0.006472539773226471,0.4360684223699397,-0.4361164546385948,107,7.947232017057029,1.4297126602849297,7.949124404544413,1.4235229397166334
3.662531119476249,0.006411113485777962,0.43192996912145915,-0.43197754555190615,107,7.951189639575015,1.4309226269143098,7.953064067754022,1.4247916485968417
3.666669572718595,0.0063496871943474805,0.42779151587294595,-0.42783863646515846,107,7.955147262093002,1.43213259354369,7.9570037309624695,1.426060357480858
3.670808025960941,0.006288260898875039,0.4236530626243998,-0.42369972737835077,107,7.959104884610987,1.43334256017307,7.960943394169733,1.4273290663687395
3.674946479203287,0.006226834599299411,0.4195146093758205,-0.4195608182914822,107,7.963062507128974,1.43455252680245,7.964883057375798,1.4285977752605448
3.679084932445633,0.006165408295558075,0.4153761561272082,-0.41542190920455174,107,7.96702012964696,1.43576249343183,7.9688227205806434,1.429866484156334
3.6832233856879792,0.006103981987587195,0.41123770287856254,-0.41128300011755853,107,7.970977752164947,1.4369724600612102,7.9727623837842545,1.4311351930561678
3.6873618389303253,0.006042555675321566,0.4070992496298834,-0.4071440910305016,107,7.974935374682932,1.4381824266905903,7.976702046986608,1.432403901960109
3.6915002921726714,0.005981129358694574,0.40296079638117094,-0.4030051819433799,107,7.978892997200918,1.4393923933199702,7.980641710187687,1.4336726108682203
3.6956387454150175,0.005919703037638164,0.3988223431324248,-0.3988662728561925,107,7.982850619718905,1.4406023599493503,7.9845813733874715,1.434941319780568
3.6997771986573635,0.005858276774384565,0.3946838899727418,-0.394727363769863,106,7.986808242236891,1.4418123265787304,7.988521036604156,1.4362100286376387
3.7039156518997096,0.005796850507346079,0.3905454367250392,-0.3905884546834773,106,7.990765864754877,1.4430222932081105,7.992460699819733,1.4374787374983287
3.7080541051420557,0.005735424235149132,0.38640698347546937,-0.38644954559701505,106,7.994723487272863,1.4442322598374906,7.996400363033802,1.4387474463639518
3.7121925583844018,0.0056739979576841395,0.3822685302258242,-0.3823106365104746,106,7.99868110979085,1.4454422264668705,8.000340026246331,1.4400161552346127
3.716331011626748,0.00561257167486598,0.3781300769761405,-0.3781717274238547,106,8.002638732308835,1.4466521930962506,8.004279689457293,1.4412848641103928
3.720469464869094,0.005551145386608121,0.37399162372641886,-0.37403281833715407,106,8.006596354826822,1.4478621597256307,8.008219352666668,1.442553572991375
3.72460791811144,0.00548971909282203,0.3698531704766593,-0.3698939092503714,106,8.010553977344808,1.4490721263550108,8.012159015874424,1.443822281877644
3.728746371353786,0.005428292793417098,0.36571471722686155,-0.3657550001635054,106,8.014511599862795,1.4502820929843907,8.01609867908054,1.4450909907692862
3.732884824596132,0.005366866488300561,0.3615762639770256,-0.36161609107655457,106,8.01846922238078,1.4514920596137708,8.020038342284984,1.4463596996663903
3.737023277838478,0.005305440177377434,0.35743781072715125,-0.35747718198951756,106,8.022426844898767,1.452702026243151,8.02397800548773,1.4476284085690476
3.7411617310808243,0.005244013860550426,0.3532993574772383,-0.35333827290239295,106,8.026384467416753,1.453911992872531,8.027917668688751,1.4488971174773506
3.7453001843231704,0.005182587537719864,0.34916090422728674,-0.34919936381517924,106,8.030342089934738,1.455121959501911,8.031857331888016,1.4501658263913946
3.7494386375655164,0.0051211612800854955,0.3450224510665671,-0.3450604547289331,105,8.034299712452725,1.456331926131291,8.035796995106343,1.4514345352430915
3.7535770908078625,0.005059735016849183,0.34088399781729056,-0.3409215456426038,105,8.038257334970712,1.4575418927606711,8.039736658323033,1.4527032441001455
3.7577155440502086,0.004998308746585681,0.336745544566355,-0.33678263655617025,105,8.042214957488698,1.4587518593900513,8.043676321537667,1.4539719529639197
3.7618539972925547,0.004936882469148696,0.33260709131534716,-0.3326437274696302,105,8.046172580006683,1.4599618260194314,8.047615984750204,1.455240661834554
3.7659924505349007,0.0048754561844121785,0.3284686380642954,-0.32850481838298184,105,8.05013020252467,1.4611717926488113,8.051555647960608,1.4565093707121686
3.770130903777247,0.0048140298922472145,0.32433018481320014,-0.3243659092962232,105,8.054087825042657,1.4623817592781914,8.05549531116884,1.457778079596887
3.774269357019593,0.004752603592521481,0.32019173156206115,-0.3202270002093524,105,8.058045447560643,1.4635917259075715,8.05943497437486,1.459046788488836
3.778407810261939,0.004691177285099101,0.31605327831087837,-0.31608809112236735,105,8.062003070078628,1.4648016925369516,8.06337463757863,1.4603154973881456
3.782546263504285,0.004629750969840513,0.3119148250596517,-0.311949182035266,105,8.065960692596615,1.4660116591663315,8.06731430078011,1.4615842062949485
3.786684716746631,0.004568324646602318,0.30777637180838086,-0.30781027294804625,105,8.0699183151146,1.4672216257957116,8.071253963979254,1.4628529152093825
3.790823169988977,0.00450689839643178,0.30363791864667355,-0.3036713638619109,104,8.073875937632588,1.4684315924250917,8.075193627199765,1.4641216240539419
3.7949616232313232,0.00444547213836871,0.2994994653957344,-0.2995324547756584,104,8.077833560150573,1.4696415590544718,8.079133290417966,1.4653903329060487
3.7991000764736693,0.004384045870919087,0.2953610121433078,-0.29539354568926657,104,8.08179118266856,1.4708515256838517,8.083072953633424,1.4666590417671317
3.8032385297160154,0.004322619593883267,0.2912225588908091,-0.2912546366027325,104,8.085748805186546,1.4720614923132318,8.087012616846078,1.4679277506373822
3.8073769829583615,0.004261193307077353,0.2870841056382607,-0.2871157275160534,104,8.089706427704531,1.473271458942612,8.090952280055875,1.469196459516976
3.8115154362007075,0.004199767010312332,0.28294565238566255,-0.2829768184292265,104,8.093664050222518,1.474481425571992,8.09489194326276,1.4704651684060936
3.8156538894430536,0.004138340703393496,0.2788071991330148,-0.27883790934224895,104,8.097621672740505,1.475691392201372,8.09883160646668,1.4717338773049213
3.8197923426853997,0.004076914386120202,0.27466874588031703,-0.2746990002551177,104,8.10157929525849,1.476901358830752,8.102771269667569,1.473002586213651
3.8239307959277458,0.004015488058285578,0.2705302926275693,-0.2705600911678297,104,8.105536917776476,1.4781113254601321,8.10671093286537,1.4742712951324808
3.828069249170092,0.0039540617196762605,0.2663918393747711,-0.2664211820803818,104,8.109494540294463,1.4793212920895122,8.110650596060024,1.4755400040616145
3.832207702412438,0.003892635370072078,0.2622533861219227,-0.26228227299277074,104,8.113452162812449,1.4805312587188924,8.114590259251461,1.4768087130012626
3.836346155654784,0.0038312090092457317,0.25811493286902365,-0.2581433639049931,104,8.117409785330436,1.4817412253482722,8.118529922439619,1.4780774219516422
3.84048460889713,0.003769782636962451,0.2539764796160737,-0.2540044548170454,104,8.121367407848421,1.4829511919776523,8.122469585624424,1.4793461309129783
3.844623062139476,0.0037083562529796246,0.24983802636307298,-0.2498655457289241,104,8.125325030366408,1.4841611586070325,8.12640924880581,1.4806148398855028
3.848761515381822,0.003646929857046421,0.24569957311002108,-0.24572663664062544,104,8.129282652884394,1.4853711252364126,8.130348911983702,1.4818835488694555
3.8528999686241683,0.0035855034489033605,0.24156111985691797,-0.24158772755214558,104,8.13324027540238,1.4865810918657925,8.134288575158026,1.4831522578650842
3.8570384218665144,0.0035240770282818764,0.23742266660376332,-0.2374488184634805,104,8.137197897920366,1.4877910584951726,8.138228238328699,1.4844209668726465
3.8611768751088604,0.003462650594903838,0.2332842133505571,-0.23330990937462612,104,8.141155520438353,1.4890010251245527,8.142167901495645,1.4856896758924079
3.8653153283512065,0.003401224148481039,0.22914576009729917,-0.22917100028557813,104,8.145113142956339,1.4902109917539328,8.146107564658774,1.486958384924644
3.8694537815935526,0.0033397976887146554,0.22500730684398917,-0.2250320911963321,104,8.149070765474324,1.4914209583833127,8.150047227818003,1.4882270939696405
3.8735922348358987,0.0032783712152946523,0.2208688535906271,-0.22089318210688344,104,8.153028387992311,1.4926309250126928,8.153986890973242,1.4894958030276941
3.8777306880782447,0.0032169447278991587,0.21673040033721266,-0.21675427301722736,104,8.156986010510298,1.493840891642073,8.157926554124392,1.4907645120991126
3.881869141320591,0.003155518226193786,0.21259194708374585,-0.2126153639273589,104,8.160943633028284,1.495050858271453,8.16186621727136,1.4920332211842158
3.886007594562937,0.0030940917098308974,0.20845349383022632,-0.20847645483727292,104,8.164901255546269,1.4962608249008331,8.165805880414041,1.4933019302833361
3.890146047805283,0.0030326651784488155,0.20431504057665392,-0.20433754574696403,104,8.168858878064256,1.497470791530213,8.169745543552333,1.494570639396819
3.894284501047629,0.002971238631670971,0.20017658732302854,-0.20019863665642665,104,8.172816500582242,1.4986807581595931,8.173685206686121,1.495839348525025
3.898422954289975,0.002909812069104975,0.19603813406935,-0.19605972756565496,104,8.176774123100229,1.4998907247889732,8.177624869815295,1.4971080576683296
3.902561407532321,0.0028483854903416203,0.1918996808156181,-0.19192081847464287,104,8.180731745618214,1.5011006914183533,8.181564532939733,1.4983767668271235
3.9066998607746672,0.0027869588949537877,0.18776122756183264,-0.18778190938338407,104,8.184689368136201,1.5023106580477332,8.185504196059311,1.4996454760018154
3.9108383140170133,0.0027255322824952643,0.18362277430799342,-0.18364300029187192,104,8.188646990654187,1.5035206246771133,8.189443859173897,1.5009141851928323
3.9149767672593594,0.0026641056524994468,0.17948432105410034,-0.17950409120009947,104,8.192604613172174,1.5047305913064934,8.193383522283357,1.5021828944006201
3.9191152205017055,0.0026026790044779355,0.17534586780015315,-0.17536518210805951,104,8.196562235690159,1.5059405579358736,8.197323185387544,1.5034516036256462
3.9232536737440515,0.0025412523379189826,0.17120741454615168,-0.17122627301574445,104,8.200519858208146,1.5071505245652534,8.201262848486314,1.5047203128683992
3.9273921269863976,0.0024798256522858024,0.16706896129209578,-0.16708736392314627,104,8.204477480726132,1.5083604911946336,8.205202511579506,1.5059890221293935
3.9315305802287437,0.002418398947014709,0.16293050803798523,-0.16294845483025666,104,8.208435103244117,1.5095704578240137,8.209142174666955,1.5072577314091675
3.9356690334710898,0.0023569722215130615,0.15879205478381986,-0.1588095457370668,104,8.212392725762104,1.5107804244533938,8.213081837748492,1.5085264407082881
3.939807486713436,0.002295545475157,0.15465360152959945,-0.15467063664356742,104,8.216350348280091,1.5119903910827739,8.21702150082393,1.5097951500273519
3.943945939955782,0.002234118707288936,0.15051514827532383,-0.15053172754974878,104,8.220307970798077,1.5132003577121538,8.22096116389308,1.5110638593669874
3.948084393198128,0.002172691917214769,0.14637669502099285,-0.14639281845560057,104,8.224265593316062,1.5144103243415339,8.224900826955736,1.512332568727859
3.952222846440474,0.0021112651042007853,0.14223824176660627,-0.1422539093611119,104,8.22822321583405,1.515620290970914,8.228840490011686,1.513601278110668
3.95636129968282,0.002049838267470197,0.13809978851216392,-0.13811500026627124,104,8.232180838352035,1.516830257600294,8.2327801530607,1.5148699875161573
3.960499752925166,0.001988411406199269,0.1339613352576656,-0.13397609117106637,104,8.236138460870022,1.518040224229674,8.236719816102543,1.5161386969451145
3.9646382061675123,0.0019269845195129592,0.1298228820031111,-0.1298371820754843,104,8.240096083388007,1.519250190859054,8.240659479136951,1.5174074063983767
3.9687766594098584,0.0018655576064800093,0.12568442874850022,-0.12569827297951122,104,8.244053705905994,1.5204601574884342,8.24459914216366,1.5186761158768343
3.9729151126522044,0.001804130666107385,0.12154597549383281,-0.12155936388313239,104,8.24801132842398,1.5216701241178143,8.248538805182372,1.5199448253814372
3.9770535658945505,0.0017427036072100387,0.1174075221998289,-0.1174204547849945,105,8.251968950941965,1.5228800907471942,8.252478468166432,1.5212135349993854
3.9811920191368966,0.0016812765211484044,0.11326906894604671,-0.11328154568645343,105,8.255926573459952,1.5240900573765743,8.256418131142551,1.522482244643311
3.9853304723792427,0.0016198494074397595,0.10913061569247155,-0.10914263658750206,105,8.25988419597794,1.5253000240059544,8.260357794110586,1.5237509543136758
3.9894689256215887,0.0015584222649064347,0.10499216243884583,-0.1050037274881229,105,8.263841818495925,1.5265099906353345,8.264297457070192,1.5250196640116058
3.993607378863935,0.0014969950922731345,0.10085370918516776,-0.100864818388297,105,8.26779944101391,1.5277199572647147,8.268237120021,1.5262883737383206
3.997745832106281,0.0014355678881592968,0.09671525593143704,-0.09672590928800388,105,8.271757063531897,1.5289299238940945,8.272176782962603,1.52755708349514
4.001884285348627,0.0013741406510655897,0.0925768026776535,-0.0925870001872213,105,8.275714686049882,1.5301398905234747,8.276116445894564,1.5288257932834985
4.006022738590973,0.0013127133793579607,0.08843834942381694,-0.088448091085925,105,8.27967230856787,1.5313498571528548,8.280056108816405,1.5300945031049584
4.010161191833319,0.0012512860712486948,0.0842998961699271,-0.08430918198408845,105,8.283629931085855,1.5325598237822349,8.283995771727602,1.5313632129612293
4.014299645075665,0.0011898587247737432,0.08016144291598376,-0.08017027288168249,105,8.287587553603842,1.5337697904116148,8.287935434627583,1.5326319228541896
4.018438098318011,0.0011284313377653654,0.07602298966198662,-0.07603136377867496,105,8.291545176121828,1.5349797570409949,8.291875097515712,1.5339006327859122
4.022576551560357,0.0010670039078187956,0.07188453640793543,-0.07189245467503017,105,8.295502798639815,1.536189723670375,8.29581476039129,1.5351693427586968
4.026715004802703,0.0010055764322512196,0.06774608315382989,-0.06775354557070828,105,8.2994604211578,1.537399690299755,8.299754423253527,1.536438052775109
4.0308534580450495,0.0009441489080506995,0.06360762989966968,-0.06361463646566462,105,8.303418043675787,1.538609656929135,8.303694086101546,1.5377067628380288
4.0349919112873955,0.0008827213318117668,0.05946917664545443,-0.059475727359848636,105,8.307375666193773,1.539819623558515,8.30763374893435,1.5389754729507135
4.039130364529742,0.0008212936996530311,0.0553307233911837,-0.05533681825320272,105,8.311333288711758,1.5410295901878952,8.311573411750803,1.5402441831168745
4.043268817772088,0.0007598660071100539,0.05119227013685703,-0.05119790914566061,105,8.315290911229745,1.5422395568172753,8.315513074549605,1.5415128933407813
4.047407271014434,0.0006984382489934447,0.047053816882473835,-0.047059000037145284,105,8.319248533747732,1.5434495234466554,8.319452737329234,1.5427816036273965
4.05154572425678,0.0006370104191968164,0.042915363628033415,-0.042920090927566115,105,8.323206156265718,1.5446594900760353,8.323392400087904,1.5440503139825594
4.055684177499126,0.0005755825104302958,0.03877691037353487,-0.03878118181681491,105,8.327163778783703,1.5458694567054154,8.327332062823485,1.5453190244132418
4.059822630741472,0.0005141545138396312,0.03463845711897705,-0.03464227270476026,105,8.33112140130169,1.5470794233347955,8.331271725533393,1.546587734927911
4.063961083983818,0.00045272641844209486,0.030500003864358364,-0.030503363591239153,105,8.335079023819675,1.5482893899641756,8.33521138821441,1.5478564455370694
4.068099537226164,0.0003912982102539322,0.026361550609676557,-0.02636445447604405,105,8.339036646337663,1.5494993565935555,8.33915105086245,1.54912515625409
4.07223799046851,0.0003298698708650807,0.022223097354928244,-0.022225545358901713,105,8.342994268855648,1.5507093232229356,8.34309071347213,1.5503938670965784
4.076376443710856,0.00026844137494113447,0.018084644100108033,-0.018086636239436127,105,8.346951891373635,1.5519192898523158,8.347030376036045,1.5516625780887623
4.080514896953202,0.00020701268540991013,0.013946190845206666,-0.013947727117097075,105,8.35090951389162,1.5531292564816959,8.350970038543354,1.5529312892660936
4.084653350195548,0.00014558365277914627,0.009807737585702306,-0.009808817989665809,106,8.354867136409608,1.5543392231110758,8.354909700950351,1.5542000007715326
4.0887918034378945,8.415429273984953e-05,0.005669284331841389,-0.005669908857375183,106,8.358824758927593,1.5555491897404559,8.358849363261621,1.5554687125900741
4.092930256680241,2.272435587981725e-05,0.001530831077768728,-0.00153099971652339,106,8.36278238144558,1.556759156369836,8.362789025404247,1.556737424960232
