frequency_index,omega0_rad_s,omega_e_rad_s,wavenumber_rad_m,wavelength_m,wave_amplitude_m,heave_response_real_m_per_m,heave_response_imag_m_per_m,pitch_response_real_rad_per_m,pitch_response_imag_rad_per_m,heave_rao_m_per_m,pitch_rao_rad_per_m,pitch_rao_rad_per_wave_slope,point_vertical_rao_m_per_m,heave_phase_lead_deg,pitch_phase_lead_deg,point_phase_lead_deg,fridsma_heave_phase_lag_deg,fridsma_pitch_phase_lead_deg,cg_accel_rao_mps2_per_m,point_accel_rao_mps2_per_m,cg_accel_g,point_accel_g,dynamic_condition_number,equation_relative_residual,heave_finite_length_factor,pitch_finite_length_factor,provider_route,matrix_contract,configuration,lambda_over_l
0,5.655284970861961,16.74364272255437,3.2612816916742378,1.9265999999999999,0.01,0.009386600272979793,-0.009298853604834316,0.049163027765403544,0.017715010457973617,0.013212756830005027,0.05225729513271764,0.01602354536442708,0.06957455236430894,45.26905831821631,109.81571262252226,99.94214683923019,-45.26905831821631,109.81571262252226,3.704190717218378,19.505195951025392,0.0037772233303099206,0.019889764548572032,6.09334234511816,4.1232582863939046e-16,0.013995610492069628,0.3166142589302131,faltinsen_ch9_reduced_order_planing_plus_matched_bie_delta_from_high_frequency,heave_pitch_2x2_v1,FnB=1.67,1.014
1,5.620244580566254,16.571620136368367,3.2209928105300336,1.9506983333333334,0.01,0.008724817684080304,-0.00909596469316505,0.047592396854633866,0.01819930749981907,0.012603928646249372,0.05095342021731156,0.015819166081568144,0.0672082018106136,43.80689394159651,110.92682776032507,100.97731020345475,-43.80689394159651,110.92682776032507,3.4612731630046345,18.45662188274132,0.003529516361861221,0.01882051657063454,6.113215001577189,2.0293885848001493e-16,0.02665369519297985,0.3278739711187729,faltinsen_ch9_reduced_order_planing_plus_matched_bie_delta_from_high_frequency,heave_pitch_2x2_v1,FnB=1.67,1.0266833333333334
2,5.585847557002136,16.403584089072403,3.181687215314785,1.9747966666666668,0.01,0.008050537394960438,-0.008764074943587562,0.04578322530841195,0.01871508454655784,0.01190042696563765,0.04946067234910602,0.015545422601892234,0.06460790186284919,42.5700791956815,112.23356657839884,102.28795154976547,-42.5700791956815,112.23356657839884,3.20213798138717,17.384537298547173,0.003265272015812913,0.01772729453844807,6.133577997341146,2.7784522425236126e-16,0.03927383644233807,0.3389410362575901,faltinsen_ch9_reduced_order_planing_plus_matched_bie_delta_from_high_frequency,heave_pitch_2x2_v1,FnB=1.67,1.0393666666666668
3,5.552074450332887,16.23939421670911,3.1433293430518296,1.9988949999999999,0.01,0.007362716524014725,-0.008300441248102723,0.043738274665450806,0.019262418336011142,0.01109535576384122,0.04779202266970832,0.015204268294491688,0.061796176904742234,41.57389542450284,113.76878281791187,103.925860426712,-41.57389542450284,113.76878281791187,2.926044193914306,16.296759516940707,0.0029837347044243505,0.01661806989842679,6.1544438050125505,7.125907272594996e-17,0.051840678746535564,0.349814767996201,faltinsen_ch9_reduced_order_planing_plus_matched_bie_delta_from_high_frequency,heave_pitch_2x2_v1,FnB=1.67,1.05205
4,5.518906624083483,16.07891673010324,3.105885325299929,2.022993333333333,0.01,0.006660168269862818,-0.007702480726567551,0.04146015914458891,0.019841254133875726,0.010182634763460392,0.0459632479476775,0.014798758850904748,0.05880272283134944,40.849261860294035,115.57400235941446,105.95775693745026,-40.849261860294035,115.57400235941446,2.6325324830304995,15.202359854804461,0.002684436054137243,0.015502092819468894,6.17582528925406,2.5774367496509675e-16,0.06434045463354054,0.3604950129221303,faltinsen_ch9_reduced_order_planing_plus_matched_bie_delta_from_high_frequency,heave_pitch_2x2_v1,FnB=1.67,1.0647333333333333
5,5.486326211925033,15.92202403252935,3.0693228884130344,2.0470916666666668,0.01,0.005941571415295437,-0.00696774957371951,0.0389513271875214,0.02045141215146171,0.009157063121171777,0.0439939330892147,0.0143334327109395,0.05566727658646427,40.45504334316621,117.70173909253555,108.46941042261864,-40.45504334316621,117.70173909253555,2.321414848872759,14.112258565231839,0.002367184358443259,0.014390498860703543,6.197735720873264,6.675032833486355e-17,0.07676085680614177,0.3709820890156251,faltinsen_ch9_reduced_order_planing_plus_matched_bie_delta_from_high_frequency,heave_pitch_2x2_v1,FnB=1.67,1.0774166666666667
6,5.45431607723286,15.768594363826843,3.033611260762936,2.07119,0.01,0.005205478330576237,-0.006093923370336711,0.03621404570619619,0.02109259314680871,0.008014543448858125,0.0419088844049477,0.013814849960178436,0.052443726121534744,40.504218874114514,120.21833271283589,111.57020768103439,-40.504218874114514,120.21833271283589,1.9928047534227147,13.040057411764801,0.0020320953163646253,0.01329715796093957,6.220188791512292,7.000454355284606e-17,0.08909091913558503,0.3812767299824449,faltinsen_ch9_reduced_order_planing_plus_matched_bie_delta_from_high_frequency,heave_pitch_2x2_v1,FnB=1.67,1.0901
7,5.422859775210269,15.618511468848578,2.998721086364209,2.0952883333333334,0.01,0.004450321587550819,-0.005078778766023563,0.0332503866547517,0.02176438322986554,0.00675272952122567,0.03974011311089769,0.013252353909006082,0.04920588891451119,41.22672950095239,123.20716597768353,115.39695762953716,-41.22672950095239,123.20716597768353,1.6472466620694104,12.003181234167783,0.001679724128085952,0.012239838511793307,6.243198628968063,2.5954080502500756e-16,0.10132090608094489,0.39138003495199986,faltinsen_ch9_reduced_order_planing_plus_matched_bie_delta_from_high_frequency,heave_pitch_2x2_v1,FnB=1.67,1.1027833333333334
8,5.391941517387847,15.471664288320284,2.9646243443918934,2.1193866666666663,0.01,0.003674419286214409,-0.003920176442767912,0.030062215590402886,0.02246625789246112,0.00537300106396201,0.037529582330402156,0.012659135853551206,0.046055271812640804,43.14658520478693,126.77169669852196,120.11368828585398,-43.14658520478693,126.77169669852196,1.2861481375877923,11.024360755337147,0.0013115061081896391,0.01124171939993489,6.266779813169953,1.7299256610807853e-16,0.1134422100990699,0.40129342306686006,faltinsen_ch9_reduced_order_planing_plus_matched_bie_delta_from_high_frequency,heave_pitch_2x2_v1,FnB=1.67,1.1154666666666666
9,5.361546138324173,15.327946670359896,2.931294274128154,2.143485,0.01,0.0028759791856764064,-0.002616045271084743,0.026651181927237866,0.02319758528301636,0.003887794893870917,0.035332894886798444,0.012053683998447206,0.04313044709391881,47.70974952370403,131.0367962106037,125.90024257373983,-47.70974952370403,131.0367962106037,0.913421661360926,10.133323828856,0.0009314308773749711,0.010333114599640042,6.290947392842892,7.734892337470859e-17,0.125447256600573,0.41101859252668527,faltinsen_ch9_reduced_order_planing_plus_matched_bie_delta_from_high_frequency,heave_pitch_2x2_v1,FnB=1.67,1.12815
10,5.331659064348433,15.187257101060865,2.8987053049154214,2.1675833333333334,0.01,0.0020531017219670477,-0.0011643675739796736,0.02301871062198184,0.023957628744504536,0.002360292042964041,0.033223922311461804,0.011461641945844927,0.040615670514767645,60.44129629326022,136.14502076269446,132.91680484395272,-60.44129629326022,136.14502076269446,0.5444079171998134,9.368117244869005,0.0005551415796421953,0.009552821039671045,6.315716902884787,1.682177134608289e-16,0.13732941600655907,0.42055748368469137,faltinsen_ch9_reduced_order_planing_plus_matched_bie_delta_from_high_frequency,heave_pitch_2x2_v1,FnB=1.67,1.1408333333333334
11,5.302266284198574,15.049498452682862,2.866832990730673,2.1916816666666668,0.01,0.0012037819859464464,0.00043683458208533245,0.019165995061866333,0.024745548632201592,0.001280591863864064,0.03129980101885855,0.010917901782231525,0.038742182447125954,109.94508168379997,142.2413964452943,141.2294549588488,-109.94508168379997,142.2413964452943,0.2900379264168512,8.774616315241971,0.0002957563759457626,0.008947618519312887,6.341104382488422,0.0,0.1490829224665656,0.4299122458278014,faltinsen_ch9_reduced_order_planing_plus_matched_bie_delta_from_high_frequency,heave_pitch_2x2_v1,FnB=1.67,1.1535166666666667
12,5.273354321420639,14.914577748119406,2.8356539490290493,2.2157799999999996,0.01,0.00032591072575636603,0.002189512145720214,0.01509399095225673,0.02556040342537422,0.0022136352990995097,0.02968438623476474,0.01046826826134018,0.037770544845802924,171.53363829773946,149.43719734034096,150.7004522613356,-171.53363829773946,149.43719734034096,0.4924112837453494,8.401854850638177,0.0005021197694884078,0.008567507610283,6.367126394038911,9.360265817820345e-17,0.16070279880884,0.4390852073025213,faltinsen_ch9_reduced_order_planing_plus_matched_bie_delta_from_high_frequency,heave_pitch_2x2_v1,FnB=1.67,1.1662
13,5.244910208405784,14.782405940425722,2.8051458035352757,2.239878333333333,0.01,-0.0005827255701746945,0.004095600960567287,0.010803411026010101,0.02640115014431846,0.0041368485974634245,0.028526030546498462,0.010169179267098205,0.03794427301371563,-171.90225923490064,157.74550992569198,160.9036231924353,171.90225923490064,157.74550992569198,0.9039821921177918,8.291564530132142,0.0009218052975458405,0.008455042782328462,6.393800042818937,6.429769635462029e-17,0.17218478730831263,0.44807884867737935,faltinsen_ch9_reduced_order_planing_plus_matched_bie_delta_from_high_frequency,heave_pitch_2x2_v1,FnB=1.67,1.1788833333333333
14,5.216921461951359,14.652897706293068,2.7752871306887377,2.2639766666666667,0.01,-0.001524445461591728,0.006157032833930255,0.006294720418028,0.02726664408114078,0.0063429478386206875,0.027983805755985875,0.010083211011410263,0.039425475153296585,-166.093564991762,167.00055935219518,171.17564065266458,166.093564991762,167.00055935219518,1.361877909750359,8.464941705142898,0.001388728984668933,0.008631838298647243,6.421142997554969,0.0,0.18352528587434622,0.45689577865948516,faltinsen_ch9_reduced_order_planing_plus_matched_bie_delta_from_high_frequency,heave_pitch_2x2_v1,FnB=1.67,1.1915666666666667
15,5.189376060241433,14.525971252449114,2.7460574094728476,2.288075,0.01,-0.0025016741759923663,0.00837574585653763,0.001568132567450834,0.02815563784941899,0.008741366731589194,0.028199272729216532,0.010269003347104044,0.04225145737530026,-163.37012644692257,176.81219618822365,-179.16570399404856,163.37012644692257,176.81219618822365,1.844461954442488,8.915219786725705,0.001880827759165962,0.00909099415878583,6.449173511838712,2.981474111568866e-17,0.1947212892787288,0.465538712507475,faltinsen_ch9_reduced_order_planing_plus_matched_bie_delta_from_high_frequency,heave_pitch_2x2_v1,FnB=1.67,1.20425
16,5.162262421150358,14.401548134048436,2.717436974381788,2.3121733333333334,0.01,-0.003516946026238012,0.01075369403111757,-0.0033763944732952476,0.029066779754415958,0.011314187759904155,0.029262223513106863,0.010768317274318373,0.04634490286087447,-161.8899060108545,-173.37422184010111,-170.5881920194438,161.8899060108545,-173.37422184010111,2.3466144583345385,9.612145514222844,0.002392880808772148,0.009801660622356101,6.477910446458871,2.550706410799151e-16,0.2057703350637651,0.47401045270590547,faltinsen_ch9_reduced_order_planing_plus_matched_bie_delta_from_high_frequency,heave_pitch_2x2_v1,FnB=1.67,1.2169333333333334
17,5.135569381780428,14.279553084194001,2.68940697129811,2.3362716666666663,0.01,-0.004572907600015697,0.013292856262689261,-0.008539161428575626,0.029998611481875454,0.014057436165204466,0.031190286448568947,0.01159745876374901,0.05156443490293207,-161.01614682752117,-164.11089669508382,-163.26758932233173,161.01614682752117,-164.11089669508382,2.8663904657921493,10.514278908523472,0.0029229048306936103,0.01072158067079326,6.5073732926793175,0.0,0.21667045379017566,0.48231387168712203,faltinsen_ch9_reduced_order_planing_plus_matched_bie_delta_from_high_frequency,heave_pitch_2x2_v1,FnB=1.67,1.2296166666666666
18,5.109286179151524,14.15991385380024,2.6619493160731524,2.3603699999999996,0.01,-0.005672321701556232,0.015995244758742044,-0.013920730981633066,0.030949565099607185,0.016971242982704908,0.033936150797016174,0.012748608920577803,0.057756248070559214,-160.47419558946945,-155.78237517894624,-157.15962399035686,160.47419558946945,-155.78237517894624,3.402787853049927,11.580310267934983,0.0034698779430793665,0.011808630131528079,6.537582196500381,1.1640167633332587e-16,0.22742012330446418,0.4904518964058896,faltinsen_ch9_reduced_order_planing_plus_matched_bie_delta_from_high_frequency,heave_pitch_2x2_v1,FnB=1.67,1.2423
19,5.08340243196688,14.042561061071728,2.6350466556190733,2.3844683333333334,0.01,-0.006818072032310412,0.018862912882785295,-0.01952193082996985,0.03191795936208319,0.02005730761247184,0.03741472855934841,0.01419888656603625,0.06478426997155037,-160.12741660279136,-148.5488593405433,-152.11154437441087,160.12741660279136,-148.5488593405433,3.955171112970806,12.775038311076697,0.004033152108998288,0.01302691368721908,6.5685579839407415,2.2192353510824773e-16,0.23801822672512268,0.498427494589712,faltinsen_ch9_reduced_order_planing_plus_matched_bie_delta_from_high_frequency,heave_pitch_2x2_v1,FnB=1.67,1.2549833333333333
20,5.057908123384797,13.927428049929185,2.608682331336585,2.4085666666666663,0.01,-0.008013168603333135,0.0218979625001123,-0.025343856685033958,0.032901995304104974,0.02331805379361169,0.04153134198003824,0.01592042905383548,0.0725400988655341,-159.9008023267391,-142.39354100737847,-147.94276562250798,159.9008023267391,-142.39354100737847,4.523078726662082,14.070838883584292,0.004612256710152889,0.014348262539791153,6.60032218737791,1.8757409506327578e-16,0.24846401386630743,0.50624366250392,faltinsen_ch9_reduced_order_planing_plus_matched_bie_delta_from_high_frequency,heave_pitch_2x2_v1,FnB=1.67,1.2676666666666665
21,5.032793584731381,13.814450756767233,2.582840344716427,2.4326649999999996,0.01,-0.009260753877956614,0.025102550850014962,-0.03138787527805685,0.033899751105262714,0.02675630059566672,0.046199478779198506,0.017887082673811495,0.08094201657701582,-159.75013270846827,-137.20331082845738,-144.48513078739384,159.75013270846827,-137.20331082845738,5.106146979462827,15.446897525261587,0.0052068208608065224,0.01575145184671788,6.6328970729855055,2.8696977106109937e-16,0.25875706583626323,0.513903414085365,faltinsen_ch9_reduced_order_planing_plus_matched_bie_delta_from_high_frequency,heave_pitch_2x2_v1,FnB=1.67,1.2803499999999999
22,5.008049480094152,13.703567584976291,2.5575053249653354,2.456763333333333,0.01,-0.010564109648991113,0.02847889697410172,-0.037655627425708604,0.03490917620237018,0.03037512116086794,0.051347802873656694,0.020077300474184805,0.08993020489021666,-159.64790703629373,-132.83248928601125,-141.59684376889123,159.64790703629373,-132.83248928601125,5.704076100917435,16.887792142398013,0.005816538880165435,0.017220755449004515,6.666305669305802,1.3982653582629273e-16,0.26889726256565943,0.5214097713120107,faltinsen_ch9_reduced_order_planing_plus_matched_bie_delta_from_high_frequency,heave_pitch_2x2_v1,FnB=1.67,1.2930333333333333
23,4.983666791740764,13.594719286704784,2.5326624985188295,2.4808616666666663,0.01,-0.01192666466021172,0.032029287725788946,-0.04414903120188173,0.035928084622313956,0.0341777793623067,0.05692068359298647,0.02247464224952012,0.09946161949193139,-159.57630639718633,-129.13838638881742,-139.1637082211919,159.57630639718633,-129.13838638881742,6.316613884865987,18.382137705145198,0.006441153589519345,0.018744563847129445,6.700571796995866,1.55963266483372e-16,0.27888475303810706,0.5287657556880218,faltinsen_ch9_reduced_order_planing_plus_matched_bie_delta_from_high_frequency,heave_pitch_2x2_v1,FnB=1.67,1.3057166666666666
24,4.959636806311129,13.487848851377954,2.508297660313772,2.50496,0.01,-0.013352002987307866,0.035756083381416434,-0.05087028525524158,0.03695414750277131,0.038167702086343666,0.06287602833835983,0.02506721165242184,0.10950570499569637,-159.52340975473942,-125.99610886183662,-137.09561611682608,159.52340975473942,-125.99610886183662,6.943547242356549,19.92150416142637,0.007080447698609157,0.020314280780313738,6.735720099784929,1.369200829707035e-16,0.2887199280113234,0.5359743807351126,faltinsen_ch9_reduced_order_planing_plus_matched_bie_delta_from_high_frequency,heave_pitch_2x2_v1,FnB=1.67,1.3184
25,4.935951101734914,13.382901400526201,2.4843971467033197,2.5290583333333334,0.01,-0.014843873198828642,0.03966172286875907,-0.05782187230607781,0.03798488476300771,0.04234846906868239,0.06918251504129742,0.027846801842088504,0.1200411377993083,-159.48103812631285,-123.302086217897,-135.3219638363606,159.48103812631285,-123.302086217897,7.584697620167097,21.499613851729073,0.0077342391338194975,0.02192350481737298,6.77177607668017,1.8073277522884914e-16,0.2984033950327487,0.543038645391121,faltinsen_ch9_reduced_order_planing_plus_matched_bie_delta_from_high_frequency,heave_pitch_2x2_v1,FnB=1.67,1.3310833333333334
26,4.9126015348298075,13.279824088509342,2.4609478099057456,2.5531566666666663,0.01,-0.01640619832298686,0.04374872862392698,-0.06500656285033886,0.03901765588143208,0.04672381191237702,0.07581708701933165,0.03080808406994842,0.13105345032776386,-159.4434666984028,-120.9726461338197,-133.78741273616683,159.4434666984028,-120.9726461338197,8.239918408790116,23.11176450920409,0.008402378395058575,0.023567440980563282,6.808766115456459,2.7772403603808575e-16,0.3079359555678567,0.549961528226031,faltinsen_ch9_reduced_order_planing_plus_matched_bie_delta_from_high_frequency,heave_pitch_2x2_v1,FnB=1.67,1.3437666666666666
27,4.8895802295390824,13.178566008754022,2.437936993886747,2.5772549999999996,0.01,-0.018043086651520154,0.048019711082711615,-0.07242741909340132,0.040049649730728804,0.05129761815505045,0.08276294750723454,0.03394794357473836,0.1425333270003616,-159.40662449149707,-118.9409501742175,-132.44839928549075,159.40662449149707,-118.9409501742175,8.909093419041806,24.754418845235104,0.009084747002331894,0.025242482239332602,6.846717527464092,1.3552685115232734e-16,0.3173185840729343,0.5567459823940938,faltinsen_ch9_reduced_order_planing_plus_matched_bie_delta_from_high_frequency,heave_pitch_2x2_v1,FnB=1.67,1.35645
28,4.866879565769868,13.079078105149598,2.415352511582274,2.601353333333333,0.01,-0.019758843417186627,0.05247737280731224,-0.08008779913103688,0.041077873415170475,0.056073938241776214,0.09000803994069685,0.037264970437683016,0.15447538742420966,-159.3675801977008,-117.15376403120865,-131.27040452276918,159.3675801977008,-117.15376403120865,9.592135953032946,26.424912607021454,0.009781256548396185,0.026945911811904633,6.885658583785869,6.281307969188824e-17,0.3265524088568018,0.5633949312483527,faltinsen_ch9_reduced_order_planing_plus_matched_bie_delta_from_high_frequency,heave_pitch_2x2_v1,FnB=1.67,1.3691333333333333
29,4.844492168796216,12.98131308827379,2.3931826233757567,2.6254516666666667,0.01,-0.021557983386923232,0.057124512243993696,-0.08799136139006047,0.042099140048100885,0.0610569942498404,0.09754392483422962,0.04075908118396618,0.16687731585459092,-159.32420238643243,-115.56861050207098,-130.22586633869494,159.32420238643243,-115.56861050207098,10.288988216159144,28.121245689663827,0.010491848099156334,0.028675690158885887,6.925618552771908,6.719066710838556e-17,0.33563869458777745,0.5699112645508312,faltinsen_ch9_reduced_order_planing_plus_matched_bie_delta_from_high_frequency,heave_pitch_2x2_v1,FnB=1.67,1.3818166666666667
30,4.822410899193473,12.88522535614299,2.3714160167498584,2.6495499999999996,0.01,-0.023445244418251708,0.06196402710153345,-0.0961420693361882,0.04311005540052151,0.06625118972872213,0.10536495799306549,0.04443124160790367,0.17973923529426422,-159.27492942253218,-114.1514400808962,-129.29259794505379,159.27492942253218,-114.1514400808962,10.999620931215253,29.841931334348374,0.01121649180017157,0.030430301208209096,6.966627738976516,9.972501825024087e-17,0.3445788263132279,0.5762978352179547,faltinsen_ch9_reduced_order_planing_plus_matched_bie_delta_from_high_frequency,heave_pitch_2x2_v1,FnB=1.67,1.3944999999999999
31,4.800628843272787,12.790770919204213,2.3500417870386547,2.673648333333333,0.01,-0.025425602032202687,0.06699891733423075,-0.10454419645157738,0.044107003344177616,0.07166112030005556,0.11346769036033694,0.04828326499816003,0.19306325476540523,-159.2186103649426,-112.87479130045658,-128.45259189576558,159.2186103649426,-112.87479130045658,11.724033077273193,31.585886117857374,0.011955186610384987,0.03220864017565364,7.008717523516326,1.852634464467492e-16,0.3533742948693128,0.5825574565465095,faltinsen_ch9_reduced_order_planing_plus_matched_bie_delta_from_high_frequency,heave_pitch_2x2_v1,FnB=1.67,1.4071833333333332
32,4.779139303986631,12.697907329305512,2.3290494192114357,2.6977466666666663,0.01,-0.027504285061878436,0.07223228770671176,-0.11320233147927228,0.045086130004463695,0.07729158482079568,0.12185042868665846,0.0523176656027824,0.2068531399483443,-159.15439291798407,-111.71636200504383,-127.6911134108128,159.15439291798407,-111.71636200504383,12.462251710030982,33.352348810331904,0.012707960118930503,0.03400993082279056,7.051920405862901,1.1864216250388814e-16,0.36202668356806095,0.588692899870636,faltinsen_ch9_reduced_order_planing_plus_matched_bie_delta_from_high_frequency,heave_pitch_2x2_v1,FnB=1.67,1.4198666666666666
33,4.757935792278166,12.606593612400397,2.3084287706241855,2.721845,0.01,-0.02968679244180137,0.0776673499106715,-0.12212138392620786,0.046043326529816186,0.08314759700453933,0.13051291250287664,0.05653755236622992,0.2211140724957622,-159.08164324663537,-110.6579072863731,-126.99600962560089,159.08164324663537,-110.6579072863731,13.214331839614825,35.14081986287752,0.013474868420525692,0.035833663751513034,7.09627004707525,1.8400253712814092e-16,0.3705376560577652,0.5947068926050814,faltinsen_ch9_reduced_order_planing_plus_matched_bie_delta_from_high_frequency,heave_pitch_2x2_v1,FnB=1.67,1.43255
34,4.73701201884909,12.516790204758703,2.2881700546792976,2.7459433333333334,0.01,-0.03197891120943167,0.0833074241959609,-0.1313065898104113,0.04697421037496531,0.08923439745023488,0.13945607540724464,0.06094655208080255,0.2358524737585074,-158.9998877802811,-109.68439034676696,-126.35718001372489,158.9998877802811,-109.68439034676696,13.980356352872988,36.951015797349115,0.014255996036233565,0.03767954989456044,7.14180131446872,6.019189859770897e-16,0.3789089452608693,0.6006021166342004,faltinsen_ch9_reduced_order_planing_plus_matched_bie_delta_from_high_frequency,heave_pitch_2x2_v1,FnB=1.67,1.4452333333333334
35,4.716361886322236,12.428458892472179,2.2682638253382184,2.7700416666666663,0.01,-0.034386735796688196,0.08915594046993962,-0.1407635176314546,0.04787410498543559,0.09555746606011827,0.1486818678391462,0.0655487541520777,0.25107587583725216,-158.90877044497833,-108.78332677922124,-125.76616750594299,158.90877044497833,-108.78332677922124,14.760435973571255,38.78283448278683,0.015051455872873262,0.0395474851073372,7.18855032770563,5.956438421966855e-16,0.3871423433011021,0.6063812070100824,faltinsen_ch9_reduced_order_planing_plus_matched_bie_delta_from_high_frequency,heave_pitch_2x2_v1,FnB=1.67,1.4579166666666665
36,4.6959794817767575,12.341562754057529,2.248700962435521,2.7941399999999996,0.01,-0.036916688695994945,0.09521643880966327,-0.15049807453590658,0.04873801775995061,0.10212253484844248,0.15819312505347555,0.07034867138676362,0.2667928278297956,-158.80802088237414,-107.94427605849184,-125.2158404558178,158.80802088237414,-107.94427605849184,15.554709257543832,40.63632845629185,0.01586138921807532,0.04143752296277715,7.236554506279871,7.488571663275921e-16,0.3952396923386254,0.6120467509266948,faltinsen_ch9_reduced_order_planing_plus_matched_bie_delta_from_high_frequency,heave_pitch_2x2_v1,FnB=1.67,1.4706
37,4.675859069635141,12.256066105973066,2.2294726577464483,2.818238333333333,0.01,-0.03957554259230044,0.10149256932111189,-0.16051651264134698,0.04956061615585493,0.10893560115442376,0.16799346863580053,0.07535121278661851,0.28301282858501775,-158.69743059528037,-107.15844505125219,-124.70014340742267,158.69743059528037,-107.15844505125219,16.36334262187957,42.51168425608726,0.01668596577004336,0.04334985367693072,7.2858526183521555,9.885070739815208e-17,0.403202876238431,0.6176012869401197,faltinsen_ch9_reduced_order_planing_plus_matched_bie_delta_from_high_frequency,heave_pitch_2x2_v1,FnB=1.67,1.4832833333333333
38,4.655995084882608,12.171934450877462,2.210570401763192,2.8423366666666667,0.01,-0.04237044405968201,0.10798809126815993,-0.17082543547326334,0.05033620179026064,0.11600294127975842,0.1780872331620094,0.08056166545067449,0.29974627968191475,-158.5768348787922,-106.41837697983794,-124.21390032200331,158.5768348787922,-106.41837697983794,17.18653040827849,44.40920629846554,0.017525383702159752,0.04528478766802685,7.336484830873894,2.2223444596570134e-16,0.4110338130032072,0.6230473044078553,faltinsen_ch9_reduced_order_planing_plus_matched_bie_delta_from_high_frequency,heave_pitch_2x2_v1,FnB=1.67,1.4959666666666667
39,4.636382126600722,12.089134428470675,2.1919859711382212,2.8664349999999996,0.01,-0.045308938928539676,0.11470687138114562,-0.18143180445864077,0.0510586823762859,0.12333112457478372,0.1884794119131342,0.08598568348284796,0.3170044540502482,-158.44609901748456,-105.71770584559394,-123.75265808340271,158.44609901748456,-105.71770584559394,18.024494981174364,46.329304226638584,0.018379869763042796,0.04724274265589022,7.388492760915955,9.261955541223056e-17,0.4187344479074008,0.628387243122762,faltinsen_ch9_reduced_order_planing_plus_matched_bie_delta_from_high_frequency,heave_pitch_2x2_v1,FnB=1.67,1.5086499999999998
40,4.617014951798112,12.007633768767505,2.1737114167557037,2.890533333333333,0.01,-0.048398999436992406,0.12165288124057069,-0.19234294540808997,0.051721541319438034,0.13092702799893682,0.19917561719426857,0.09162928236883491,0.33479947685739603,-158.30510765644547,-105.05096125466895,-123.31256114902831,158.30510765644547,-105.05096125466895,18.877486861316104,48.27248294066769,0.019249679412761858,0.04922423349529931,7.4419195280928605,3.454279677045551e-16,0.4263067472742925,0.6336234931196175,faltinsen_ch9_reduced_order_planing_plus_matched_bie_delta_from_high_frequency,heave_pitch_2x2_v1,FnB=1.67,1.5213333333333332
41,4.59788846952234,11.927401247664323,2.1557390523947006,2.9146316666666663,0.01,-0.05164905328786032,0.1288301936153784,-0.20356655490460573,0.05231780478383411,0.13879785118116245,0.21018205197668338,0.0974988376924391,0.353144316152463,-158.1537565517486,-104.41341227497193,-122.89025045277403,158.1537565517486,-104.41341227497193,19.74578489536195,50.23933471898458,0.020135096995775266,0.0512298641421735,7.496809807942395,1.6984815614315845e-16,0.4337526928425788,0.6387583946343836,faltinsen_ch9_reduced_order_planing_plus_matched_bie_delta_from_high_frequency,heave_pitch_2x2_v1,FnB=1.67,1.5340166666666666
42,4.578997735237878,11.848406644668344,2.1380614439501375,2.9387299999999996,0.01,-0.05506801474053554,0.1362429776172645,-0.21511070650134315,0.0528400060215044,0.1469511320047664,0.22150549042373557,0.10360108735439194,0.372052781385183,-157.99194611635636,-103.80094170048261,-122.48278132131716,157.99194611635636,-103.80094170048261,20.62969646175484,52.23053298751727,0.021036435950864813,0.05326032129984987,7.553209886085914,1.6496997327377231e-16,0.4410742766732852,0.6437942381982417,faltinsen_ch9_reduced_order_planing_plus_matched_bie_delta_from_high_frequency,heave_pitch_2x2_v1,FnB=1.67,1.5467
43,4.560337945456092,11.770620702667447,2.1206713991798107,2.9628283333333334,0.01,-0.058665317874994585,0.14389549251221548,-0.22698385661266843,0.05328014674045461,0.15539476273899072,0.23315326547025841,0.10994313666909102,0.3915395283729716,-157.81957632785682,-103.20994414966695,-122.08755639554396,157.81957632785682,-103.20994414966695,21.529557712749174,54.24682739847166,0.021954039057934336,0.05531636940083683,7.611167712952497,3.490429631185169e-16,0.4482734965517925,0.6487332648502161,faltinsen_ch9_reduced_order_planing_plus_matched_bie_delta_from_high_frequency,heave_pitch_2x2_v1,FnB=1.67,1.5593833333333333
44,4.5419044326040146,11.694015089626257,2.1035619579477185,2.9869266666666667,0.01,-0.06245095217313729,0.1517920800077249,-0.23919484996194718,0.053629655268428326,0.1641370067364549,0.2451332620688773,0.11653246586947918,0.4116200696230268,-157.63654267316278,-102.63724295981672,-121.70227046929986,157.63654267316278,-102.63724295981672,22.445733851982364,56.28903995871943,0.022888278721053947,0.057398846658868664,7.670732958802598,4.681177147961116e-16,0.4553523518434311,0.6535776664537991,faltinsen_ch9_reduced_order_planing_plus_matched_bie_delta_from_high_frequency,heave_pitch_2x2_v1,FnB=1.67,1.5720666666666667
45,4.52369266011943,11.61856236210151,2.086726382935906,3.0110249999999996,0.01,-0.066435500570393,0.1599371548085289,-0.25175292442556474,0.05387934124941325,0.1731865157114896,0.2574539150416921,0.12337693966348813,0.43231078916100396,-157.44273288469967,-102.08002199312733,-121.32486485076991,157.44273288469967,-102.08002199312733,23.378619446431813,58.35806200535057,0.0238395572865676,0.05950866198482721,7.731957068730237,2.810398934972203e-16,0.46231283976445897,0.6583295861044461,faltinsen_ch9_reduced_order_planing_plus_matched_bie_delta_from_high_frequency,heave_pitch_2x2_v1,FnB=1.67,1.5847499999999999
46,4.505698217760588,11.544235930476468,2.0701581507987883,3.035123333333333,0.01,-0.07063018013796657,0.1683351932048747,-0.2646677150850877,0.054019346588875077,0.1825523476092381,0.2701242107147195,0.1304848185683252,0.4536289611970838,-157.23802428113495,-101.53576934210703,-120.95348937714566,157.23802428113495,-101.53576934210703,24.328638770973086,60.454851868785994,0.024808307394444677,0.06164679260378009,7.794893317257804,2.980927853744038e-16,0.46915695203333907,0.6629911186161098,faltinsen_ch9_reduced_order_planing_plus_matched_bie_delta_from_high_frequency,heave_pitch_2x2_v1,FnB=1.67,1.5974333333333333
47,4.487916817119527,11.471010025820409,2.053850943735554,3.059221666666666,0.01,-0.07504688556299365,0.17699071942487715,-0.27794925726771824,0.054039092341518234,0.19224398506908,0.2831536916884033,0.13786477180929305,0.475592772090731,-157.022281569218,-101.00223058401455,-120.58647061402844,157.022281569218,-101.00223058401455,25.296246183050492,62.58043309580531,0.02579499236033762,0.0638142822429732,7.859596862061761,1.8741429433336265e-16,0.4758866718700806,0.6675643110761771,faltinsen_ch9_reduced_order_planing_plus_matched_bie_delta_from_high_frequency,heave_pitch_2x2_v1,FnB=1.67,1.6101166666666664
48,4.470344287328649,11.398859668285084,2.037798641457775,3.0833199999999996,0.01,-0.0796982355999655,0.1859082894459653,-0.2916079883186385,0.0539272212121582,0.20227135447826622,0.29655246422666637,0.1455258916133747,0.4982213451688298,-156.79535499591782,-100.47736973969637,-120.22228507875558,156.79535499591782,-100.47736973969637,26.28192652417623,64.73589312870492,0.026800106584997156,0.06601223978494687,7.926124796279552,3.0674980705531146e-16,0.48250397131403183,0.6720511634592424,faltinsen_ch9_reduced_order_planing_plus_matched_bie_delta_from_high_frequency,heave_pitch_2x2_v1,FnB=1.67,1.6227999999999998
49,4.4529765709507725,11.32776063695538,2.021995313530767,3.107418333333333,0.01,-0.08459762267175212,0.19509247191926946,-0.3056547478067946,0.053671535316140835,0.21264484560243424,0.31033120784095647,0.15347770875841568,0.5215347680164362,-156.55707876467844,-99.95933648059655,-119.8595365645982,156.55707876467844,-99.95933648059655,27.286195544073372,66.9223823545456,0.02782417598677772,0.06824183829803819,7.9945361987468075,5.29361935689625e-16,0.4890108088329242,0.6764536292911265,faltinsen_ch9_reduced_order_planing_plus_matched_bie_delta_from_high_frequency,heave_pitch_2x2_v1,FnB=1.67,1.6354833333333332
50,4.43580972004348,11.257689441076607,2.0064352120685673,3.1315166666666663,0.01,-0.0897592658019579,0.20454782581446496,-0.3201007758172883,0.05325892882089159,0.223375331768598,0.32450118671274325,0.16173020925913348,0.5455541219008605,-156.30726964834705,-99.44643842775794,-119.49693682761429,156.30726964834705,-99.44643842775794,28.30960034225007,69.1411134515065,0.02886775845191791,0.07050431436984751,8.064892181395775,9.759449124117388e-17,0.4954091271981797,0.680773616355426,faltinsen_ch9_reduced_order_planing_plus_matched_bie_delta_from_high_frequency,heave_pitch_2x2_v1,FnB=1.67,1.6481666666666666
51,4.418839892389094,11.18862329258544,1.9911127647636315,3.1556149999999996,0.01,-0.09519826706170637,0.21427887434048346,-0.33495770892797844,0.05267531506485386,0.2344741905630056,0.3390742626438373,0.17029385208330447,0.5703015130122868,-156.04572574567496,-98.9371176197364,-119.13328904247712,156.04572574567496,-98.9371176197364,29.352719820618468,71.39336096876842,0.02993144429608324,0.07280096767883877,8.13725593291063,3.7936518306230727e-16,0.5017008516035333,0.6850129874356805,faltinsen_ch9_reduced_order_planing_plus_matched_bie_delta_from_high_frequency,heave_pitch_2x2_v1,FnB=1.67,1.66085
52,4.402063347882093,11.12054007987594,1.9760225682334844,3.179713333333333,0.01,-0.10093067171261408,0.2242900746389273,-0.35023757340407013,0.05190554772468611,0.2459533249905255,0.35406290925282063,0.1791795877965828,0.5958001052102624,-155.77222533935168,-98.42993040847459,-118.76747354728774,155.77222533935168,-98.42993040847459,30.416165139423004,73.68046108284581,0.031015856729283704,0.07513316074586715,8.211692757578282,7.118486007492599e-16,0.5078878880059007,0.6891735610869623,faltinsen_ch9_reduced_order_planing_plus_matched_bie_delta_from_high_frequency,heave_pitch_2x2_v1,FnB=1.67,1.6735333333333333
53,4.385476445066261,11.053418342736252,1.9611593816676447,3.2038116666666667,0.01,-0.10697353222290024,0.2345857826812174,-0.3659527750712169,0.05093333557661683,0.2578251850235024,0.3694802271506351,0.18839887803328495,0.6220741539568001,-155.48652582211702,-97.92353018526555,-118.39843548730656,155.48652582211702,-97.92353018526555,31.50058016718748,76.0038114773979,0.03212165231469205,0.0775023188116206,8.288270108092686,3.5882877017216685e-16,0.5139721216691329,0.6932571124313444,faltinsen_ch9_reduced_order_planing_plus_matched_bie_delta_from_high_frequency,heave_pitch_2x2_v1,FnB=1.67,1.6862166666666667
54,4.369075637814305,10.98723724839533,1.946518120759125,3.2279099999999996,0.01,-0.11334497632436093,0.24517021272671607,-0.38211608524373064,0.04974115037396702,0.27010278944585736,0.38533995983095193,0.19796371568360882,0.6491490410945141,-155.18836266420993,-97.41665245196339,-118.02517403906751,155.18836266420993,-97.41665245196339,32.60664191359822,78.36487129566412,0.03324952141006176,0.07990992978811737,8.367057610862792,2.549432788183325e-16,0.5199554158928945,0.697265373972298,faltinsen_ch9_reduced_order_planing_plus_matched_bie_delta_from_high_frequency,heave_pitch_2x2_v1,FnB=1.67,1.6988999999999999
55,4.3528574721430395,10.921976568622577,1.9320938519057465,3.252008333333333,0.01,-0.12006427926314049,0.25604739061641135,-0.3987406219883875,0.0483101273409111,0.28279974787197126,0.40165651000249103,0.20788664567526666,0.6770513100923548,-154.87744840070908,-96.90810184236936,-117.6467329535456,154.87744840070908,-96.90810184236936,33.73506093217021,80.76516111503577,0.03440018857833226,0.08235754423277651,8.448127082135011,4.519970549842068e-16,0.5258396109103494,0.7012000364235967,faltinsen_ch9_reduced_order_planing_plus_matched_bie_delta_from_high_frequency,heave_pitch_2x2_v1,FnB=1.67,1.7115833333333332
56,4.336818583157667,10.857616657826764,1.9178817866673816,3.2761066666666663,0.01,-0.1271519403754427,0.2672211000842922,-0.41583982589437274,0.04661995776365497,0.29593028278886807,0.41844495607158083,0.21818078620929715,0.705808701331769,-154.55347162154408,-96.39674077040613,-117.26219220305481,154.55347162154408,-96.39674077040613,34.8865816771464,83.20626289205721,0.03557441295156492,0.0848467752923345,8.531552532966188,3.5815897286092874e-16,0.531626522939675,0.7050627495487926,faltinsen_ch9_reduced_order_planing_plus_matched_bie_delta_from_high_frequency,heave_pitch_2x2_v1,FnB=1.67,1.7242666666666666
57,4.320955692119005,10.79413843210352,1.9038772764660337,3.3002049999999996,0.01,-0.13462976408888214,0.27869482116543015,-0.4334274293944348,0.04464877314577679,0.3095092514337159,0.43572106845422426,0.22885985028562728,0.7354501869419484,-154.21609595037054,-95.88147943924551,-116.87066055375868,154.21609595037054,-95.88147943924551,36.06198279631639,85.68981982345719,0.03677298852953496,0.08737929856113677,8.617410160768344,5.742934581571443e-16,0.5373179433756644,0.7088551230077623,faltinsen_ch9_reduced_order_planing_plus_matched_bie_delta_from_high_frequency,heave_pitch_2x2_v1,FnB=1.67,1.7369499999999998
58,4.30526560362785,10.731523349183739,1.8900758075164381,3.324303333333333,0.01,-0.14252094540898297,0.2904716596649546,-0.4515174185392005,0.04237302038627931,0.32355216727567054,0.4535013253574455,0.239938167323218,0.7660060046128446,-153.86495900131084,-95.36126699202129,-116.47126891594284,153.86495900131084,-95.36126699202129,37.26207733824186,88.21753606466339,0.037996744391042676,0.08995685179410237,8.705778324784873,3.6438751426474534e-16,0.5429156381087905,0.7125787272072207,faltinsen_ch9_reduced_order_planing_plus_matched_bie_delta_from_high_frequency,heave_pitch_2x2_v1,FnB=1.67,1.7496333333333332
59,4.289745202921009,10.669753389237941,1.8764729959755686,3.3484016666666663,0.01,-0.15085015989596254,0.30255426652468115,-0.4701239859637756,0.03976732743917245,0.3380752208206411,0.471802927619279,0.2514307046417106,0.7975076897174052,-153.49967130493235,-94.83508362249185,-116.06316434897509,153.49967130493235,-94.83508362249185,38.487712848687266,90.79117624165563,0.03924654479224534,0.09258123440895275,8.796737502445446,4.137811886721317e-16,0.548421346960161,0.7162350941524412,faltinsen_ch9_reduced_order_planing_plus_matched_bie_delta_from_high_frequency,heave_pitch_2x2_v1,FnB=1.67,1.7623166666666665
60,4.274391453273778,10.608811036494117,1.8630645833000998,3.3724999999999996,0.01,-0.1596436580664178,0.31494474578322235,-0.4892614736008547,0.03680435892493406,0.35309529939845685,0.49064381213458225,0.26335308852551464,0.8299881049580214,-153.1198151968932,-94.30193349485315,-115.64550461830595,153.1198151968932,-94.30193349485315,39.73977132680035,93.41256468491035,0.04052328912197371,0.09525430670505254,8.890370223075273,2.0563906897678158e-16,0.5538367832217332,0.7198257182977625,faltinsen_ch9_reduced_order_planing_plus_matched_bie_delta_from_high_frequency,heave_pitch_2x2_v1,FnB=1.67,1.775
61,4.259201393503972,10.54867926162907,1.8498464318014995,3.396598333333333,0.01,-0.168929364064349,0.3276445496701448,-0.5089443034850963,0.03345466119042427,0.36863000552279696,0.5100426633187619,0.27572162453617816,0.8634814666140631,-152.72494366454274,-93.76083834727697,-115.2174532188366,152.72494366454274,-93.76083834727697,41.01916900668913,96.08358430549855,0.04182791167900265,0.09797798871734849,8.986760974896907,2.0669055924849263e-16,0.5591636332920459,0.7233520573937363,faltinsen_ch9_reduced_order_planing_plus_matched_bie_delta_from_high_frequency,heave_pitch_2x2_v1,FnB=1.67,1.7876833333333333
62,4.244172135572825,10.489341504895426,1.8368145203890005,3.4206966666666667,0.01,-0.17873697833190852,0.34065435920457504,-0.5291868947569128,0.029686496359022353,0.3846976733336202,0.5300189219721672,0.288553316673433,0.8980233663048967,-152.31457914851245,-93.21083167479794,-114.77817479322452,152.31457914851245,-93.21083167479794,42.32685592441333,98.80617502300379,0.04316138123050515,0.10075425861329179,9.085996080651945,7.883882403206051e-16,0.564403556398523,0.7268155333290369,faltinsen_ch9_reduced_order_planing_plus_matched_bie_delta_from_high_frequency,heave_pitch_2x2_v1,FnB=1.67,1.8003666666666667
63,4.229300862278374,10.430781659948654,1.823964940491259,3.4447949999999996,0.01,-0.1890980838673765,0.35397394848323077,-0.5500035647074154,0.025465664982161983,0.4013173825379637,0.5505927908026474,0.30186588490804717,0.9336507869927437,-151.88821229805805,-92.65095340479918,-114.32683088578608,151.88821229805805,-92.65095340479918,43.663815223951694,101.58233164269132,0.044524700304336036,0.10358515052815317,9.188163536476715,1.002218960236113e-15,0.5695581843981512,0.7302175329654919,faltinsen_ch9_reduced_order_planing_plus_matched_bie_delta_from_high_frequency,heave_pitch_2x2_v1,FnB=1.67,1.8130499999999998
64,4.2145848250371225,10.372984058340325,1.811293892148001,3.468893333333333,0.01,-0.20004625548030866,0.3676020306422745,-0.5714084114074702,0.020755317003395186,0.4185089691559986,0.5717852357407632,0.3156777805189234,0.970402111728565,-151.44530068068374,-92.08024499327244,-113.86257598305716,151.44530068068374,-92.08024499327244,45.03106214831977,104.41410106511076,0.04591890416025837,0.1064727517196094,9.293352807881348,3.9436236208705166e-16,0.5746291216490111,0.7335594089648011,faltinsen_ch9_reduced_order_planing_plus_matched_bie_delta_from_high_frequency,heave_pitch_2x2_v1,FnB=1.67,1.8257333333333332
65,4.200021341750019,10.315933454645773,1.798797680263457,3.4929916666666663,0.01,-0.21161717123464124,0.3815360832623156,-0.5934151751301773,0.015515750884461825,0.4362930322529802,0.5936179820391964,0.33000819856085944,1.0083171233878392,-150.98526744847828,-91.49774488284798,-113.38455380118455,150.98526744847828,-91.49774488284798,46.42964265358057,107.30357869487588,0.04734505937662767,0.10941919890571794,9.401654575797517,3.9592102525439344e-16,0.5796179449457688,0.736842480605706,faltinsen_ch9_reduced_order_planing_plus_matched_bie_delta_from_high_frequency,heave_pitch_2x2_v1,FnB=1.67,1.8384166666666666
66,4.185607794749008,10.259615012195987,1.7864727110138177,3.517089999999999,0.01,-0.22384872500178396,0.3957721507578054,-0.6160370754055252,0.0097042009288894,0.4546909356919086,0.6161135039827167,0.3448770866659778,1.047436993347255,-150.50749996568067,-90.90248427478237,-112.89189378845902,150.50749996568067,-90.90248427478237,47.8606315738954,110.25290389652646,0.048804261979264484,0.11242667363118544,9.51316042466524,3.2900681937033357e-16,0.584526203512808,0.7400680345905387,faltinsen_ch9_reduced_order_planing_plus_matched_bie_delta_from_high_frequency,heave_pitch_2x2_v1,FnB=1.67,1.8510999999999997
67,4.171341628820558,10.204014289385235,1.7743154884013757,3.541188333333333,0.01,-0.23678113871805334,0.41030462105362614,-0.6392866201370588,0.0032746130837358035,0.4737248037738554,0.6392950068451281,0.36030514923877527,1.0878042567133113,-150.01134840435532,-90.29348317706341,-112.38370781875227,150.01134840435532,-90.29348317706341,49.325130254886155,113.26425432394667,0.05029763502815555,0.11549739648498386,9.627962463417202,4.235758400248864e-16,0.5893554190492174,0.7432373258402432,faltinsen_ch9_reduced_order_planing_plus_matched_bie_delta_from_high_frequency,heave_pitch_2x2_v1,FnB=1.67,1.8637833333333331
68,4.157220349302802,10.149117226527428,1.7623226109484194,3.5652866666666663,0.01,-0.2504570725434765,0.4251259736068978,-0.6631753827625524,-0.0038225901823292683,0.4934175094402924,0.6631863995122034,0.3763138459395355,1.129462771324545,-149.49612431775947,-89.66974669988605,-111.85908705862266,149.49612431775947,-89.66974669988605,50.82426356029617,116.33983892557337,0.05182632556509733,0.11863361996764786,9.746152868979769,5.937879670591821e-16,0.5941070858203235,0.746351578277088,faltinsen_ch9_reduced_order_planing_plus_matched_bie_delta_from_high_frequency,heave_pitch_2x2_v1,FnB=1.67,1.8764666666666665
69,4.14324152025305,10.094910133235663,1.7504907685242979,3.5893849999999996,0.01,-0.2649217306397867,0.44022649558696847,-0.6877137429548431,-0.011640754920281514,0.5137926534916228,0.6878122559420369,0.39292538316090503,1.1724576573054946,-148.9610992041247,-89.03026157826787,-111.31709899763118,148.9610992041247,-89.03026157826787,52.359176143129524,119.48188940039077,0.05339150081131633,0.12183761977881415,9.867823340538877,5.60097174576611e-16,0.5987826707909197,0.749411985594429,faltinsen_ch9_reduced_order_planing_plus_matched_bie_delta_from_high_frequency,heave_pitch_2x2_v1,FnB=1.67,1.8891499999999999
70,4.129402762682636,10.041379676300778,1.7388167392994536,3.613483333333333,0.01,-0.2802229597105687,0.4555939627897659,-0.7129105858380458,-0.020237249143505304,0.5348745330256747,0.7131977633537854,0.41016269698503327,1.2168352134474818,-148.4055030772292,-88.37399290977123,-110.75678463815714,148.4055030772292,-88.37399290977123,53.93102785701758,122.69264984931705,0.05499434348836512,0.12511168426457256,9.99306445131112,7.457628706793065e-16,0.60338361379574,0.7524197120129775,faltinsen_ch9_reduced_order_planing_plus_matched_bie_delta_from_high_frequency,heave_pitch_2x2_v1,FnB=1.67,1.9018333333333333
71,4.115701752856189,9.988512868045976,1.727297386820526,3.6375816666666663,0.01,-0.29641133676064835,0.4712132816459848,-0.7387729541440922,-0.02967372251127234,0.5566880970164646,0.7393686547200016,0.4280494258611562,1.2626428061241652,-147.82852306441075,-87.69988110342227,-110.17715584791044,147.82852306441075,-87.69988110342227,55.540988166426,125.97436433294362,0.05663604611811985,0.12845810172989108,10.121964882918068,3.8833631410732395e-16,0.6079113277431106,0.7553758930231428,faltinsen_ch9_reduced_order_planing_plus_matched_bie_delta_from_high_frequency,heave_pitch_2x2_v1,FnB=1.67,1.9145166666666666
72,4.102136220652568,9.93629705513581,1.7159296572009535,3.6616799999999996,0.01,-0.3135402417181482,0.48706608850185384,-0.7653056471643668,-0.040016369294232,0.5792588866346122,0.7663511227845645,0.44660987096326915,1.3099287258143928,-147.2293020576695,-87.00683904418516,-109.57719288558644,147.2293020576695,-87.00683904418516,57.19022939543428,129.32926200966406,0.05831780413845124,0.13187914528372488,10.25461052568901,2.5704263706769846e-16,0.6123671988480573,0.7582816361130977,faltinsen_ch9_reduced_order_planing_plus_matched_bie_delta_from_high_frequency,heave_pitch_2x2_v1,FnB=1.67,1.9271999999999998
73,4.088703947984823,9.884719907818887,1.7047105764217834,3.685778333333333,0.01,-0.33166590960327913,0.503130302227637,-0.7925107597758568,-0.051336190681237855,0.6026129575545516,0.7941717124364014,0.46586894187245637,1.3587420055986235,-146.6069374493435,-86.29374948597282,-108.95584211787238,146.6069374493435,-86.29374948597282,58.879918634217205,132.75953948815948,0.060040807650132526,0.1353770548435597,10.391083426331743,2.4767034031480532e-16,0.616752586891467,0.7611380214823005,faltinsen_ch9_reduced_order_planing_plus_matched_bie_delta_from_high_frequency,heave_pitch_2x2_v1,FnB=1.67,1.9398833333333332
74,4.075402767276722,9.833769409584846,1.693637247737684,3.7098766666666663,0.01,-0.3508474558042125,0.5193796261700333,-0.820387154261815,-0.06370925128792987,0.6267767810989909,0.8228571878384898,0.48585208487687714,1.409132195216967,-145.96047999063762,-85.55946269535514,-108.31201395446836,145.96047999063762,-85.55946269535514,60.61120810012852,136.2673399852655,0.0618062315878802,0.13895401588235076,10.531460562434908,2.445603541288733e-16,0.62106882550219,0.763946102740279,faltinsen_ch9_reduced_order_planing_plus_matched_bie_delta_from_high_frequency,heave_pitch_2x2_v1,FnB=1.67,1.9525666666666666
75,4.062230559993413,9.783433847216974,1.6827068491834005,3.733974999999999,0.01,-0.37114686671405195,0.535782995545818,-0.8489298571335779,-0.07721692327552611,0.6517771206384191,0.8524343702438185,0.5065851907939257,1.4611490834293241,-145.28893281916584,-84.80279437804623,-107.64458103709228,145.28893281916584,-84.80279437804623,62.38522372666875,139.8547288350187,0.06361522408433945,0.14261213445470033,10.675812421243306,3.403969729009732e-16,0.6253172224592459,0.7667069075905397,faltinsen_ch9_reduced_order_planing_plus_matched_bie_delta_from_high_frequency,heave_pitch_2x2_v1,FnB=1.67,1.9652499999999997
76,4.049185255224016,9.73370180122292,1.6719166311761489,3.758073333333333,0.01,-0.39262894647683283,0.5523039666202314,-0.8781293727335331,-0.09194610974406173,0.6776408791948353,0.8829299419288347,0.528094478794506,1.5148423605070265,-144.59125071076494,-84.02252393110543,-106.95237672876739,144.59125071076494,-84.02252393110543,64.2030517289779,143.5236648480236,0.06546889277069937,0.14635340799154004,10.824201358136625,8.089260732154422e-16,0.629499060011538,0.7694214384995318,faltinsen_ch9_reduced_order_planing_plus_matched_bie_delta_from_high_frequency,heave_pitch_2x2_v1,FnB=1.67,1.977933333333333
77,4.036264828313955,9.684562136626841,1.6612639142096723,3.7821716666666663,0.01,-0.41536120887107086,0.5689000444813054,-0.9079709051142395,-0.10798943698710776,0.7043949136994592,0.9143702111479595,0.5504063522519604,1.5702612117234456,-143.8663396212753,-83.21739307573561,-106.2341939611965,143.8663396212753,-83.21739307573561,66.06572286944359,147.27596697357794,0.06736828873207831,0.15017969130495934,10.976679708330755,1.8737082197825529e-16,0.633615595212707,0.7720906733506329,faltinsen_ch9_reduced_order_planing_plus_matched_bie_delta_from_high_frequency,heave_pitch_2x2_v1,FnB=1.67,1.9906166666666665
78,4.023467299544988,9.63600399410701,1.6507460866358894,3.8062699999999996,0.01,-0.4394137014189429,0.5855219469800972,-0.9384334796172028,-0.12544540274447075,0.7320658108326461,0.9467808324718944,0.573547222154178,1.6274538317182727,-143.11305659587066,-82.38610493875268,-105.48878451083657,143.11305659587066,-82.38610493875268,67.97419412243545,151.1132756721631,0.06931438781075643,0.15409265719910786,11.133287623625831,1.7669030499698314e-16,0.637668060268974,0.7747155660831792,faltinsen_ch9_reduced_order_planing_plus_matched_bie_delta_from_high_frequency,heave_pitch_2x2_v1,FnB=1.67,2.0033
79,4.0107907328609915,9.588016781463956,1.6403606025302842,3.830368333333333,0.01,-0.46485874664918164,0.6021128035414742,-0.9694889558092592,-0.1444184647280229,0.7606796188441111,0.9801864763352568,0.597543293116954,1.6864668486168948,-142.33021013695176,-81.52732366536495,-104.71485878852661,142.33021013695176,-81.52732366536495,69.92932741430134,155.0370083656262,0.07130806892700498,0.15809375104202375,11.294050604705868,2.0265209852251053e-16,0.6416576628979995,0.7772970473165949,faltinsen_ch9_reduced_order_planing_plus_matched_bie_delta_from_high_frequency,heave_pitch_2x2_v1,FnB=1.67,2.0159833333333332
80,3.9982332346376213,9.54059016540468,1.63010497963737,3.8544666666666654,0.01,-0.49177058307854,0.6186072891624412,-1.0011009240926947,-0.16501905039453035,0.7902615292333997,1.0146104411114445,0.6224203065358114,1.7473446458371984,-141.51656113663594,-80.63967466189675,-103.91108624323887,141.51656113663594,-80.63967466189675,71.93186509531284,159.04830830029783,0.07335008906743165,0.16218413862052572,11.458976698760363,2.1027973296097697e-16,0.6455855866969754,0.7798360249597118,faltinsen_ch9_reduced_order_planing_plus_matched_bie_delta_from_high_frequency,heave_pitch_2x2_v1,FnB=1.67,2.028666666666666
81,3.9857929524940894,9.493714063629419,1.619976797392744,3.878564999999999,0.01,-0.5202248859465063,0.6349306961243766,-1.0332234795330375,-0.18736346518242605,0.8208355016926601,1.0500742005894266,0.6482032349348821,1.8101285686721509,-140.67082449647256,-79.7217455845417,-103.07609649773336,140.67082449647256,-79.7217455845417,73.98240178647978,163.14798613916497,0.07544105457672069,0.16636464658080485,11.62805333231645,2.0538417265509152e-16,0.6494529915183196,0.7823333848053999,faltinsen_ch9_reduced_order_planing_plus_matched_bie_delta_from_high_frequency,heave_pitch_2x2_v1,FnB=1.67,2.0413499999999996
82,3.9734680741453596,9.447378637208002,1.6099736950184245,3.9026633333333325,0.01,-0.5502981451062031,0.65099794888945,-1.0657998684249215,-0.2115736722244512,0.8524238253155519,1.0865968793959973,0.6749159211471231,1.8748560020809601,-139.7916715750812,-78.7720882090421,-102.20848135250029,139.7916715750812,-78.7720882090421,76.08135223904362,167.33645359924483,0.07758138838343738,0.17063569475737875,11.80124375048207,3.738387595495344e-16,0.6532610138514948,0.7847899911106568,faltinsen_ch9_reduced_order_planing_plus_matched_bie_delta_from_high_frequency,heave_pitch_2x2_v1,FnB=1.67,2.054033333333333
83,3.9612568262931345,9.401574283233419,1.6000933696883193,3.926761666666666,0.01,-0.5820668748448249,0.6667125714833929,-1.0987610060554647,-0.23777691193663283,0.8850466088097391,1.124194648750001,0.7025806556332284,1.9415593057638978,-138.87773362372,-77.7892213361485,-101.30679781415303,138.87773362372,-77.7892213361485,78.22891485179589,171.61364847731684,0.07977129279804612,0.17499721972061494,11.978483036729017,4.647636142040519e-16,0.657010767209613,0.7872066871623234,faltinsen_ch9_reduced_order_planing_plus_matched_bie_delta_from_high_frequency,heave_pitch_2x2_v1,FnB=1.67,2.0667166666666663
84,3.9491574735541164,9.356291627740951,1.5903335747608338,3.950859999999999,0.01,-0.6126479495444871,0.684258113967623,-1.1327206831644092,-0.26116824148262835,0.9184479716410685,1.1624392441876583,0.7309405162765771,2.0096783556990774,-138.16044329201534,-77.01637367729658,-100.61130258905936,138.16044329201534,-77.01637367729658,80.40111271935004,175.92763117271656,0.08198631818138716,0.17939625781762028,12.162728501669976,4.371425189129806e-16,0.6607033425196048,0.7895842958286179,faltinsen_ch9_reduced_order_planing_plus_matched_bie_delta_from_high_frequency,heave_pitch_2x2_v1,FnB=1.67,2.0793999999999997
85,3.9371683174240495,9.311521518881658,1.5806921180757671,3.9749583333333325,0.01,-0.6417742747251602,0.7042551927608115,-1.1682346759259912,-0.28106677692559634,0.9528114169286456,1.2015701357504058,0.7601544424812594,2.079643964645697,-137.65768701004154,-76.47225212505545,-100.14006239941648,137.65768701004154,-76.47225212505545,82.61297365748162,180.31435078939847,0.08424178864085251,0.18386946693253914,12.356554281672343,5.676330667463768e-16,0.664339808514856,0.7919236200966913,faltinsen_ch9_reduced_order_planing_plus_matched_bie_delta_from_high_frequency,heave_pitch_2x2_v1,FnB=1.67,2.092083333333333
86,3.9252876952761557,9.267255020339633,1.571166860312787,3.9990566666666663,0.01,-0.6726951512883104,0.7243652777665711,-1.2047404848852346,-0.30277557732593097,0.9885463176809899,1.2422047682031174,0.7906256169098551,2.1523397132481903,-137.1181126862874,-75.89258820286472,-99.63194758060976,137.1181126862874,-75.89258820286472,84.89835028827389,184.84727285553046,0.08657222424403226,0.18849176105553933,12.55769771297692,8.829027092137534e-16,0.6679212121293131,0.7942254435964249,faltinsen_ch9_reduced_order_planing_plus_matched_bie_delta_from_high_frequency,heave_pitch_2x2_v1,FnB=1.67,2.1047666666666665
87,3.9135139793926124,9.223483404982876,1.561755713408901,4.023154999999999,0.01,-0.7055290247442778,0.7445200070817166,-1.2422246682755758,-0.32645171305528026,1.025710117772839,1.2844036933258527,0.8224101133731971,2.227876473441246,-136.5402793163094,-75.27582929985051,-99.08546585465317,136.5402793163094,-75.27582929985051,87.25987387303802,189.5313468285842,0.088980308130746,0.19326818722865016,12.766375961428786,7.779522122251101e-16,0.6714485788921615,0.7964905311107036,faltinsen_ch9_reduced_order_planing_plus_matched_bie_delta_from_high_frequency,heave_pitch_2x2_v1,FnB=1.67,2.11745
88,3.9018455760277946,9.180198148738159,1.55245663903246,4.047253333333333,0.01,-0.7404005923588977,0.7646383156727681,-1.280663579772103,-0.3522649943192065,1.0643612126342703,1.3282280793513621,0.8555653317178352,2.30636647371886,-135.92263343282576,-74.62031692330234,-98.49901679825132,135.92263343282576,-74.62031692330234,89.70014605501156,194.37142869659525,0.09146869323878344,0.19820369718160152,12.982796739423431,1.626345879031875e-16,0.6749229133222652,0.7987196290724022,faltinsen_ch9_reduced_order_planing_plus_matched_bie_delta_from_high_frequency,heave_pitch_2x2_v1,FnB=1.67,2.130133333333333
89,3.8902809245020635,9.137390924680691,1.5432676471113613,4.071351666666667,0.01,-0.7774405254295509,0.7846245789055962,-1.320021294471536,-0.380398588389105,1.104558509270994,1.3737391688041558,0.8901496583405196,2.3879223515223846,-135.26350568921364,-73.92428291024707,-97.8708881175554,135.26350568921364,-73.92428291024707,92.221702860536,199.372205010193,0.09403996559532155,0.20330306986605315,13.207153952931781,1.8024081515789847e-16,0.6783451993216393,0.80091346604834,faltinsen_ch9_reduced_order_planing_plus_matched_bie_delta_from_high_frequency,heave_pitch_2x2_v1,FnB=1.67,2.1428166666666666
90,3.878818496324921,9.09505359732984,1.5341867944132115,4.09545,0.01,-0.8167849791258432,0.804366537124181,-1.3602472024552414,-0.41104952207863943,1.146360862979346,1.420997593730682,0.9262220212723044,2.4726559515910345,-134.56110802052447,-73.18584623605483,-97.19925252132695,134.56110802052447,-73.18584623605483,94.82697051492389,204.53810016305363,0.09669659926164785,0.20857081690796925,13.439622454007992,4.2078584360860767e-16,0.6817164005673035,0.803072753210454,faltinsen_ch9_reduced_order_planing_plus_matched_bie_delta_from_high_frequency,heave_pitch_2x2_v1,FnB=1.67,2.1555
91,3.867456794346416,9.053178217142506,1.5252121831753205,4.119548333333333,0.01,-0.8585748315396291,0.8237329916922104,-1.4012732314043506,-0.44442901322603984,1.189826366725625,1.4700625214076652,0.9638413183581842,2.560676821862114,-133.81353162988648,-72.40301066724777,-96.48216543915036,133.81353162988648,-72.40301066724777,97.51821164990955,209.8731640723098,0.09944090148002585,0.21401106807351114,13.68035175532489,4.890583628840249e-17,0.6850374609009323,0.8051981847944577,faltinsen_ch9_reduced_order_planing_plus_matched_bie_delta_from_high_frequency,heave_pitch_2x2_v1,FnB=1.67,2.1681833333333334
92,3.8561943519357427,9.011757015196267,1.5163419597825072,4.143646666666666,0.01,-0.9029545817782816,0.842571269237648,-1.4430106605680482,-0.4807625595208224,1.2350114657358986,1.520990599954532,1.003065693817964,2.6520903518241923,-133.01874610769724,-71.5736635651783,-95.71756389090254,133.01874610769724,-71.5736635651783,100.29746031130345,215.3809370875591,0.10227494639994644,0.21962743351456318,13.929458549042588,6.687285674859505e-16,0.6883093047157748,0.8072904385462417,faltinsen_ch9_reduced_order_planing_plus_matched_bie_delta_from_high_frequency,heave_pitch_2x2_v1,FnB=1.67,2.1808666666666667
93,3.845029732185988,8.970782398054604,1.5075743134907693,4.167745,0.01,-0.9500708237427051,0.8607044603747913,-1.4853464918919899,-0.5202896945803228,1.2819698663526389,1.5738346696087002,1.0439516351034834,2.7469954914929975,-132.1746000609406,-70.69557621715556,-94.90326688366613,132.1746000609406,-70.69557621715556,103.16644401685383,221.06428865911138,0.10520049559926566,0.2254228392561287,14.187017860133855,5.737632633247683e-16,0.6915328373403878,0.8093501761562948,faltinsen_ch9_reduced_order_planing_plus_matched_bie_delta_from_high_frequency,heave_pitch_2x2_v1,FnB=1.67,2.19355
94,3.8339615271440683,8.93024694280701,1.4989074751949827,4.191843333333333,0.01,-1.0000701979464854,0.8779284529139433,-1.5281393514717145,-0.5632632995540172,1.330751204867609,1.6286422020016769,1.086552858634465,2.845481982840538,-131.27882371100756,-69.76640615263496,-94.03697779336612,131.27882371100756,-69.76640615263496,106.1264909813592,226.92522605650342,0.10821890348014787,0.23139933214349798,14.453052656071621,9.304604056472305e-16,0.6947089454187636,0.8113780436824023,faltinsen_ch9_reduced_order_planing_plus_matched_bie_delta_from_high_frequency,heave_pitch_2x2_v1,FnB=1.67,2.206233333333333
95,3.8229883570649044,8.890143392277029,1.4903397162388603,4.215941666666666,0.01,-1.053096708934912,0.8940087986879786,-1.5712149072238124,-0.6099483337397421,1.3813994391562003,1.6854534269786932,1.1309189499641312,2.947627030233298,-130.32903401070018,-68.78370199438199,-93.11628928075777,130.32903401070018,-68.78370199438199,109.17842054189694,232.96466929510936,0.11133100553389481,0.2375578503312644,14.727521733195681,5.914594221330383e-16,0.6978384972864902,0.8133746719608977,faltinsen_ch9_reduced_order_planing_plus_matched_bie_delta_from_high_frequency,heave_pitch_2x2_v1,FnB=1.67,2.2189166666666664
96,3.8121088696889496,8.85046465039163,1.4818693472654945,4.24004,0.01,-1.1092882815473664,0.9086774789780678,-1.614360808661471,-0.6606198201143461,1.4339509239790065,1.7442991048756602,1.1770937215851245,3.0534913331847298,-129.32274293395074,-67.74491149738446,-92.1386913943015,129.32274293395074,-67.74491149738446,112.3224148126295,239.18218846781508,0.11453698746527051,0.2438979554361735,15.010305708715242,4.836203587675826e-16,0.7009223433426272,0.8153406770067351,faltinsen_ch9_reduced_order_planing_plus_matched_bie_delta_from_high_frequency,heave_pitch_2x2_v1,FnB=1.67,2.2316
97,3.8013217395422014,8.81120377770558,1.4734947171068764,4.2641383333333325,0.01,-1.168772417005769,0.9216296675656638,-1.6573211842114361,-0.7155598922406413,1.48843213042809,1.8051979024526466,1.2251132504886415,3.163114404832675,-128.2573697031512,-66.64739353965972,-91.10158362387341,128.2573697031512,-66.64739353965972,115.55786971910821,245.57569997844664,0.11783623328976585,0.25041752278142554,15.301190970903342,5.160960707395111e-16,0.7039613164170139,0.8172766604026466,faltinsen_ch9_reduced_order_planing_plus_matched_bie_delta_from_high_frequency,heave_pitch_2x2_v1,FnB=1.67,2.244283333333333
98,3.7906256672578817,8.77235398707479,1.4652142117108555,4.288236666666666,0.01,-1.2316608019430828,0.9325206341128037,-1.6997907732605722,-0.7750536794502677,1.544856972049265,1.8681533338811278,1.2750035584897725,3.276509104796653,-127.1302578348636,-65.48843494499813,-90.0022917851897,127.1302578348636,-65.48843494499813,118.88322386243894,252.14111884814548,0.1212271508236135,0.2571123868478486,15.599851484618004,6.022443582487514e-16,0.7069562321327707,0.8191832096776578,faltinsen_ch9_reduced_order_planing_plus_matched_bie_delta_from_high_frequency,heave_pitch_2x2_v1,FnB=1.67,2.2569666666666666
99,3.7800193789189938,8.733908639472869,1.4570262531040812,4.312334999999999,0.01,-1.2980427233217737,0.9409629850718793,-1.7414088269376369,-0.8393837803929591,1.6032237058015293,1.9331502355800212,1.3267779022248878,3.3936553277587436,-125.93869799833371,-64.265273131355,-88.83809072852492,125.93869799833371,-64.265273131355,122.29576421468892,258.8719654578789,0.12470697354824421,0.26397594026286136,15.905828422233974,5.888300379614677e-16,0.7099078892637807,0.8210608986752163,faltinsen_ch9_reduced_order_planing_plus_matched_bie_delta_from_high_frequency,heave_pitch_2x2_v1,FnB=1.67,2.2696499999999995
100,3.7695016254210016,8.695861239945364,1.4489292983895186,4.336433333333332,0.01,-1.3679771542171322,0.9465245052405783,-1.7817529863290116,-0.9088230553795312,1.6635113866399969,2.0001507568885244,1.3804336478748047,3.5144928121118886,-124.67995778227377,-62.975125679670384,-87.60623396639885,124.67995778227377,-62.975125679670384,125.79140853371707,265.75892697081537,0.12827153873516142,0.2709986865757576,16.218507700061604,7.320273046562886e-16,0.7128170700869778,0.822910287911203,faltinsen_ch9_reduced_order_planing_plus_matched_bie_delta_from_high_frequency,heave_pitch_2x2_v1,FnB=1.67,2.282333333333333
101,3.759071181853907,8.658205433696423,1.4409218387772105,4.360531666666666,0.01,-1.4414834054478354,0.9487269398607703,-1.8203334416564132,-0.9836254617443608,1.7256758718250278,2.069089869436436,1.4359487196004324,3.6389130697292282,-123.3513195387212,-61.61522799126216,-86.30399138829553,123.3513195387212,-61.61522799126216,129.36446570570078,272.78937644133885,0.13191504306333027,0.2781677498853725,16.537095656947724,1.4778003835840454e-15,0.7156845407292858,0.8247319249220774,faltinsen_ch9_reduced_order_planing_plus_matched_bie_delta_from_high_frequency,heave_pitch_2x2_v1,FnB=1.67,2.2950166666666663
102,3.7487268469030366,8.620935002302831,1.4330023986469982,4.384629999999999,0.01,-1.5185302931141176,0.9470461423861875,-1.8565877918424245,-1.0640146722987793,1.7896453969750004,2.13987042871418,1.4932776321481298,3.7667504921124073,-121.9501274976227,-60.182880226806574,-84.92869625536807,121.9501274976227,-60.182880226806574,133.00737708061203,279.9468564665464,0.135629778854769,0.28546634831114237,16.86059332466112,4.4024482639590554e-16,0.7185110515090877,0.826526344603415,faltinsen_ch9_reduced_order_planing_plus_matched_bie_delta_from_high_frequency,heave_pitch_2x2_v1,FnB=1.67,2.3076999999999996
103,3.738467442267859,8.584043860050597,1.425169534641982,4.4087283333333325,0.01,-1.5990238603420508,0.9409141014524421,-1.8898771593180077,-1.1501702658563924,1.8553157823549205,2.2123578638574877,1.552347148939902,3.897772763711504,-120.47384529484441,-58.67550466899817,-83.47780261717737,120.47384529484441,-58.67550466899817,136.71044435709769,287.21053935822965,0.13940585659434945,0.29287324352172217,17.187770017123164,1.92715409584997e-15,0.7212973372721202,0.8282940695390895,faltinsen_ch9_reduced_order_planing_plus_matched_bie_delta_from_high_frequency,heave_pitch_2x2_v1,FnB=1.67,2.320383333333333
104,3.7282918120982127,8.54752605038949,1.4174218347915521,4.432826666666666,0.01,-1.6827938212721856,0.9297234429626708,-1.919484264345209,-1.2422113739959255,1.9225453766572604,2.286374627823208,1.6130516489182243,4.031670813362537,-118.92012489559228,-57.090714490293294,-81.94895413184159,118.92012489559228,-57.090714490293294,140.46155276928872,294.55468233688345,0.14323092265889856,0.3003621851874834,17.517137312057553,2.841216887456327e-16,0.7240441177217143,0.8300356103213407,faltinsen_ch9_reduced_order_planing_plus_matched_bie_delta_from_high_frequency,heave_pitch_2x2_v1,FnB=1.67,2.3330666666666664
105,3.718198822447313,8.511375742501071,1.40975791766287,4.456924999999999,0.01,-1.7695790737486512,0.9128350652596278,-1.9446143151233433,-1.3401778241652589,1.991149907620389,2.361694610860379,1.6752483396409308,4.168048661348696,-117.28688758502508,-55.4263945969648,-80.34006496080907,117.28688758502508,-55.4263945969648,144.24590224205159,301.9481041804316,0.1470898851718493,0.30790137731073464,17.84692491155998,8.50591507823406e-16,0.7267520977433183,0.8317514658619766,faltinsen_ch9_reduced_order_planing_plus_matched_bie_delta_from_high_frequency,heave_pitch_2x2_v1,FnB=1.67,2.34575
106,3.708187360740968,8.47558722797604,1.4021764315397272,4.481023333333333,0.01,-1.8590128579839043,0.8895895868744352,-1.9643997052322228,-1.4440090496899303,2.0608974839193026,2.4380378047731046,1.7387525206766599,4.306413671489021,-115.57241719540269,-53.680794718285284,-78.6494129070681,115.57241719540269,-53.680794718285284,148.04576372646278,309.353718897857,0.15096466553457377,0.3154530027051613,18.175060333168332,1.1862779430730542e-15,0.7294219677232605,0.8334421236949455,faltinsen_ch9_reduced_order_planing_plus_matched_bie_delta_from_high_frequency,heave_pitch_2x2_v1,FnB=1.67,2.358433333333333
107,3.6982563352624274,8.440154917596814,1.394676053627761,4.505121666666666,0.01,-1.9506084186920594,0.859323241131054,-1.977909599728643,-1.5535213518980517,2.1315040783025294,2.5150656006358703,1.8033331784064182,4.446167889218001,-113.77546500399875,-51.85263417456744,-76.87574423052867,113.77546500399875,-51.85263417456744,151.84028286574727,316.72817182930305,0.1548339982213572,0.32297285192119946,18.499154869135296,3.541215381107568e-16,0.7320544038617213,0.8351080602705121,faltinsen_ch9_reduced_order_planing_plus_matched_bie_delta_from_high_frequency,heave_pitch_2x2_v1,FnB=1.67,2.3711166666666665
108,3.6884046746523262,8.40507333822146,1.3872554892850395,4.52922,0.01,-2.0437463439287455,0.8213887092162422,-1.9841654965925037,-1.6683844989482466,2.202629912161832,2.592377201373089,1.868709276262545,4.586601325570171,-111.89536473877534,-49.94121676058572,-75.01838857711421,111.89536473877534,-49.94121676058572,155.60535802865758,324.0216331665003,0.15867330640805738,0.33041011269546716,18.816498705538343,4.1892778463759093e-16,0.7346500684799009,0.8367497412412662,faltinsen_ch9_reduced_order_planing_plus_matched_bie_delta_from_high_frequency,heave_pitch_2x2_v1,FnB=1.67,2.3838
109,3.6786313274232056,8.370337129765291,1.379913471277084,4.553318333333333,0.01,-2.137665075943327,0.7751811117113225,-1.9821637240703487,-1.7880991149478638,2.273877246656422,2.669507721265808,1.9345471849008247,4.726888212609819,-109.93215486329204,-47.94655291540312,-73.0773811926079,109.93215486329204,-47.94655291540312,159.31362388482447,331.17781179993324,0.1624546852236232,0.3377073840709449,19.124068435534145,1.0266463157116223e-15,0.7372096103213782,0.8383676217401882,faltinsen_ch9_reduced_order_planing_plus_matched_bie_delta_from_high_frequency,heave_pitch_2x2_v1,FnB=1.67,2.3964833333333333
110,3.668935261488108,8.335941042276527,1.3726487590554177,4.577416666666666,0.01,-2.2314563695770646,0.7201689526537934,-1.9709055267586675,-1.911976813693091,2.3447901504596342,2.7459286100530447,2.000459762148216,4.8660873779300005,-107.88670381115243,-45.86948484848202,-71.0535880911592,107.88670381115243,-45.86948484848202,162.93457411981092,338.13425666147305,0.16614702688462515,0.34480098368094414,19.418550327656558,1.4149332487306207e-16,0.7397336648476743,0.8399621466509926,faltinsen_ch9_reduced_order_planing_plus_matched_bie_delta_from_high_frequency,heave_pitch_2x2_v1,FnB=1.67,2.4091666666666667
111,3.65931546370277,8.30187993310265,1.3654601380587885,4.601515,0.01,-2.324067644137939,0.6559292209135822,-1.9494348613368493,-2.0391254972865056,2.4148568399342367,2.8210510580773542,2.06600762588933,5.003147925356592,-105.76083219150343,-43.71180864319393,-68.94882819959618,105.76083219150343,-43.71180864319393,166.43485640810397,344.8230109441619,0.16971632148399707,0.35162161486762755,19.696382496934397,8.387911307516988e-16,0.7422228545280368,0.8415337508709609,faltinsen_ch9_reduced_order_planing_plus_matched_bie_delta_from_high_frequency,heave_pitch_2x2_v1,FnB=1.67,2.42185
112,3.6497709394209488,8.268148764144142,1.358346419036233,4.625613333333333,0.01,-2.414313151814074,0.5821851210230413,-1.9168832467915422,-2.16844257411177,2.483515151989821,2.8942329863109784,2.1307031444633098,5.136921321636447,-103.55742434790339,-41.4763857196663,-66.76598485951669,103.55742434790339,-41.4763857196663,169.77876810390754,351.17167420354326,0.17312616245497447,0.358095449723956,19.953818448107658,1.0334470219118857e-15,0.7446777891234753,0.843082859566478,faltinsen_ch9_reduced_order_planing_plus_matched_bie_delta_from_high_frequency,heave_pitch_2x2_v1,FnB=1.67,2.4345333333333334
113,3.640300712062441,8.234742599192487,1.3513064373911903,4.649711666666666,0.01,-2.500895582776472,0.498844091186184,-1.8725200156614086,-2.2986189324680244,2.5501615915981164,2.964790077855942,2.194017578706808,5.266180732426245,-101.28052025441812,-39.16723464046851,-64.5090976706987,101.28052025441812,-39.16723464046851,172.92897115668143,357.10490620828244,0.17633847558206056,0.36414566259454806,20.187013216981857,1.799120742528964e-16,0.7470990659650857,0.8446098884214702,faltinsen_ch9_reduced_order_planing_plus_matched_bie_delta_from_high_frequency,heave_pitch_2x2_v1,FnB=1.67,2.4472166666666664
114,3.6309038226933694,8.201656601349455,1.3443390525459074,4.67381,0.01,-2.582439075107067,0.40603298095925905,-1.8158051743496946,-2.4281562092587823,2.614164179669385,3.032011050071735,2.2553916322892777,5.389647996450207,-98.93537786845596,-36.789593378313214,-62.183424795044985,98.93537786845596,-36.789593378313214,175.84742891278037,362.5463734418357,0.17931447427284583,0.36969441495499045,20.39213149336393,1.2289723686577515e-15,0.7494872702267089,0.8461152438789534,faltinsen_ch9_reduced_order_planing_plus_matched_bie_delta_from_high_frequency,heave_pitch_2x2_v1,FnB=1.67,2.4598999999999998
115,3.621579329618322,8.168886030524703,1.3374431473254063,4.6979083333333325,0.01,-2.657742499609946,0.3110708083625195,-1.7540557622484363,-2.5525852399186686,2.6758849455924363,3.0971604776193935,2.315732436038898,5.5089458241833675,-96.67571077609313,-34.49561729051817,-59.93733497524781,96.67571077609313,-34.49561729051817,178.56367280864418,367.61580548906466,0.18208427221186052,0.37486379700413974,20.58991382858981,5.7259503230336595e-16,0.7518429751919713,0.8475993233758763,faltinsen_ch9_reduced_order_planing_plus_matched_bie_delta_from_high_frequency,heave_pitch_2x2_v1,FnB=1.67,2.472583333333333
116,3.6123263079839596,8.136426241009028,1.3306176273603143,4.722006666666666,0.01,-2.7292152078202396,0.23444546664714147,-1.7105159902528546,-2.6654953025127326,2.7392663848973635,3.1671327980727533,2.380197536053785,5.634597689569543,-94.90977786925,-32.689319443954105,-58.164560553541605,94.90977786925,-32.689319443954105,181.34335724222873,373.0184356546731,0.18491876149574904,0.3803729465767343,20.857390372328084,7.012178766533635e-16,0.7541667425157701,0.8490625155714588,faltinsen_ch9_reduced_order_planing_plus_matched_bie_delta_from_high_frequency,heave_pitch_2x2_v1,FnB=1.67,2.4852666666666665
117,3.6031438493937036,8.104272679120522,1.3238614205078876,4.746104999999999,0.01,-2.797147135626842,0.1505557506636295,-1.6575599480892114,-2.7783877162396795,2.8011960182042484,3.235265566110617,2.443809839907138,5.757029687757653,-93.08095812827071,-30.819904287934634,-56.32883895746963,93.08095812827071,-30.819904287934634,183.9804134025976,378.1173095496848,0.18760781041701052,0.3855723509554077,21.107712845974863,7.133619659898996e-16,0.7564591224802594,0.8505052005692031,faltinsen_ch9_reduced_order_planing_plus_matched_bie_delta_from_high_frequency,heave_pitch_2x2_v1,FnB=1.67,2.4979499999999994
118,3.5940310615331406,8.072420880921118,1.3171734762905818,4.770203333333332,0.01,-2.8605993950867696,0.059525127123025254,-1.5948388929956334,-2.8902154897348917,2.861218645949625,3.3010387261762073,2.5061533545851367,5.875313903342868,-91.19207409465609,-28.89018722951701,-54.43298829188507,91.19207409465609,-28.89018722951701,186.44839141209349,382.85883110335095,0.19012444760656647,0.3904073573578653,21.338023421272613,5.913787845924497e-16,0.7587206542454104,0.8519277501327617,faltinsen_ch9_reduced_order_planing_plus_matched_bie_delta_from_high_frequency,heave_pitch_2x2_v1,FnB=1.67,2.510633333333333
119,3.584987067805805,8.040866470001104,1.3105527653515587,4.794301666666666,0.01,-2.9186098984144935,-0.03837507593746838,-1.5221472654360904,-2.9998320190496868,2.918862173103805,3.363915046518013,2.566791002585566,5.98849104310494,-89.24669507970427,-26.90373085147678,-52.4805736672856,89.24669507970427,-26.90373085147678,188.7205912729883,387.18908378123217,0.19244144664384707,0.39482298621979195,21.545461096669623,5.313640036661099e-16,0.7609518660942094,0.8533305278958372,faltinsen_ch9_reduced_order_planing_plus_matched_bie_delta_from_high_frequency,heave_pitch_2x2_v1,FnB=1.67,2.523316666666666
120,3.576011006978984,8.009605155329183,1.3039982789265292,4.818399999999999,0.01,-2.970220841111484,-0.1427139341909185,-1.4394489847986955,-3.106013920719135,2.973647442449299,3.423351553016291,2.625273060816035,6.0955907647029735,-87.24915326212266,-24.864860991735384,-50.47592328871943,87.24915326212266,-24.864860991735384,190.77070819178422,391.05515685204256,0.1945319841044437,0.3987652836106546,21.727234217997715,1.1871816888916688e-15,0.7631532756725729,0.8547138895662848,faltinsen_ch9_reduced_order_planing_plus_matched_bie_delta_from_high_frequency,heave_pitch_2x2_v1,FnB=1.67,2.5359999999999996
121,3.5671020328392316,7.978632729165872,1.2975090283313648,4.8424983333333325,0.01,-3.014510338413704,-0.2528951040221559,-1.3468996629260956,-3.2074912289484563,3.025099752742293,3.4788128270678356,2.681147299253626,6.195655351786342,-85.20453726935263,-22.77866030748163,-48.42412202882062,85.20453726935263,-22.77866030748163,192.57355530437158,394.4066232700176,0.19637037653466943,0.4021828282543148,21.880700719294538,5.375186285540003e-16,0.7653253902240554,0.8560781831245863,faltinsen_ch9_reduced_order_planing_plus_matched_bie_delta_from_high_frequency,heave_pitch_2x2_v1,FnB=1.67,2.548683333333333
122,3.5582593138572807,7.947945065038072,1.2910840444649383,4.866596666666666,0.01,-3.050626757432967,-0.36815835797296836,-1.2448624769841725,-3.302984165560544,3.0727616552071413,3.5297856853563863,2.7339704959480224,6.287765881493881,-83.11866018706412,-20.650936268380633,-46.330979429402106,83.11866018706412,-20.650936268380633,194.10583371561344,397.1971065727462,0.1979328656734088,0.4050283293201513,22.003452596546747,5.789915616359081e-16,0.7674687068194262,0.8574237490168506,faltinsen_ch9_reduced_order_planing_plus_matched_bie_delta_from_high_frequency,heave_pitch_2x2_v1,FnB=1.67,2.5613666666666663
123,3.5494820328620404,7.917538115772668,1.2847223773266554,4.890694999999999,0.01,-3.0778237573706417,-0.48758951345765644,-1.1339156047985188,-3.3912449261662445,3.1162064461567707,3.5757945617797855,2.7833208363822237,6.37106967681253,-80.99800021436872,-18.48816179635648,-44.20297034912738,80.99800021436872,-18.48816179635648,195.3469105574799,399.3858557884383,0.1991984118506115,0.40726023238153525,22.093400159647693,7.597200022583402e-16,0.7695837125812022,0.8587509203425098,faltinsen_ch9_reduced_order_planing_plus_matched_bie_delta_from_high_frequency,heave_pitch_2x2_v1,FnB=1.67,2.5740499999999997
124,3.5407693867234022,7.887407911587234,1.278423095548186,4.914793333333333,0.01,-3.0954936543771283,-0.6101391695814365,-1.014849574135591,-3.4711021954115093,3.155051627239496,3.616416749921639,2.8288105577214444,6.444807545666042,-78.84961384865947,-16.2973884358033,-42.04714814114561,78.84961384865947,-16.2973884358033,196.2795590363966,400.9392341527439,0.20014944862557202,0.4088442374845069,22.148850935658317,3.1847025338873615e-16,0.7716708849032146,0.8600600230368531,faltinsen_ch9_reduced_order_planing_plus_matched_bie_delta_from_high_frequency,heave_pitch_2x2_v1,FnB=1.67,2.586733333333333
125,3.5321205860435625,7.857550558235825,1.2721852859389007,4.938891666666666,0.01,-3.1031965542490374,-0.7346498896705236,-0.8886536038278883,-3.541505526635693,3.1889715136225365,3.6512965673562388,2.8700980963331153,6.508339132937094,-76.68102341465274,-14.0861338687466,-39.87103217524191,76.68102341465274,-14.0861338687466,196.89061159191357,401.83202228605603,0.2007725488234143,0.4097546280187995,22.16857786982313,3.372495119059043e-16,0.773730691665297,0.8613513760485542,faltinsen_ch9_reduced_order_planing_plus_matched_bie_delta_from_high_frequency,heave_pitch_2x2_v1,FnB=1.67,2.5994166666666665
126,3.5235348548566066,7.827962235208087,1.2660080530445532,4.96299,0.01,-3.1006828105097486,-0.8598906238941949,-0.7564909567731273,-3.6015664117581574,3.217708155885456,3.6801574947254707,2.9068989615628924,6.561164693868817,-74.50008275346055,-11.862247590737098,-37.68247352031227,74.50008275346055,-11.862247590737098,197.17147935861323,402.04844141609885,0.20105895423882084,0.40997531411450283,22.151871794695715,3.168697275644943e-16,0.7757635914431799,0.8626252915123335,faltinsen_ch9_reduced_order_planing_plus_matched_bie_delta_from_high_frequency,heave_pitch_2x2_v1,FnB=1.67,2.6121
127,3.5150114303360778,7.798639193979845,1.2598905187187552,4.987088333333333,0.01,-3.087906790498067,-0.984596376457535,-0.6196643692956759,-3.6505929105605524,3.241079815638205,3.7028114358159763,2.9389946037387022,6.602941760773329,-72.31482672444508,-9.633760400183746,-35.4895044398948,72.31482672444508,-9.633760400183746,197.1184984828086,401.58281791550974,0.2010049287807851,0.4095005102818085,22.0985740412428,6.47226942718188e-16,0.777770033713677,0.863882074916898,faltinsen_ch9_reduced_order_planing_plus_matched_bie_delta_from_high_frequency,heave_pitch_2x2_v1,FnB=1.67,2.6247833333333332
128,3.5065495625102994,7.769577756313483,1.2538318217068187,5.011186666666666,0.01,-3.065030636336264,-1.1075105108483296,-0.47957362043818424,-3.6881151356171875,3.258986396614661,3.719164437207472,2.966238671582478,6.633495515469108,-70.13331160641968,-7.408724787649845,-33.300178787305725,70.13331160641968,-7.408724787649845,196.7330760220924,400.4398358006703,0.20061190724874695,0.408334992888163,22.009086483935555,5.285927617120615e-16,0.779750459055251,0.8651220252682968,faltinsen_ch9_reduced_order_planing_plus_matched_bie_delta_from_high_frequency,heave_pitch_2x2_v1,FnB=1.67,2.6374666666666666
129,3.4981485139851887,7.740774312606437,1.2478311172415437,5.035285,0.01,-3.0324176050394813,-1.2274267594121524,-0.3376681047097876,-3.7138996631795003,3.271411466183122,3.729218478059861,2.9885602518902346,6.652822163143092,-67.96345431631332,-5.195054143191214,-31.122411218480664,67.96345431631332,-5.195054143191214,196.0216238256729,398.6343561252701,0.1998864279092992,0.4064939159909553,21.884358087335354,1.247551848877618e-15,0.7817052993440469,0.8663454352488198,faltinsen_ch9_reduced_order_planing_plus_matched_bie_delta_from_high_frequency,heave_pitch_2x2_v1,FnB=1.67,2.65015
130,3.4898075596743516,7.7122253202862705,1.2418875766505642,5.059383333333333,0.01,-2.99061553622257,-1.3432280196055961,-0.1953977459501885,-3.727951959206524,3.278420778080413,3.7330692585691705,3.005963928423742,6.66108516957182,-65.81287847270337,-3.0003688091061633,-28.963823249912252,65.81287847270337,-3.0003688091061633,194.99528597839168,396.1908173140616,0.19883985456643366,0.40400219984812513,21.725848928967693,1.294798009020955e-15,0.7836349779454768,0.8675525913715728,faltinsen_ch9_reduced_order_planing_plus_matched_bie_delta_from_high_frequency,heave_pitch_2x2_v1,FnB=1.67,2.6628333333333334
131,3.4815259865362163,7.683927302250728,1.2360003869748564,5.083481666666666,0.01,-2.94033188560017,-1.4539193779131112,-0.05416566710629129,-3.7305070250109944,3.2801574893514336,3.730900237630249,3.0185267552882618,6.658604798188823,-63.68877470261194,-0.8318563764599674,-26.831603560065844,63.68877470261194,-0.8318563764599674,193.66948182161755,393.14226378049443,0.1974879105725376,0.4008935403838156,21.535474460184115,1.4389940264884097e-15,0.7855399099014488,0.8687437741308563,faltinsen_ch9_reduced_order_planing_plus_matched_bie_delta_from_high_frequency,heave_pitch_2x2_v1,FnB=1.67,2.6755166666666663
132,3.4733030933179965,7.655876845351365,1.2301687505980496,5.10758,0.01,-2.882402451401315,-1.5586534424664067,0.08471428939425858,-3.7220095150711536,3.2768345160469563,3.722973454257736,3.026392478631735,6.645841891313238,-61.5977813140878,1.3038476521241478,-24.732388656783684,61.5977813140878,1.3038476521241478,192.0633001187119,389.52907736476965,0.19585006104909622,0.3972091156151894,21.315534203396965,5.728753157082887e-16,0.787420502113322,0.8699192581484638,faltinsen_ch9_reduced_order_planing_plus_matched_bie_delta_from_high_frequency,heave_pitch_2x2_v1,FnB=1.67,2.6881999999999997
133,3.465138190306281,7.6280705989193045,1.2243918848861832,5.1316783333333325,0.01,-2.8177563231982967,-1.656746879957139,0.22005274493002439,-3.7030854161284066,3.2687246627961337,3.7096178792018635,3.02976352995569,6.623377219857872,-59.54588971398566,3.4007544540242804,-22.672168290077792,59.54588971398566,3.4007544540242804,190.19878903916654,385.39750408006097,0.1939487888720068,0.39299608335166547,21.068630006221827,2.323457388380128e-16,0.789277153520676,0.8710793123160216,faltinsen_ch9_reduced_order_planing_plus_matched_bie_delta_from_high_frequency,heave_pitch_2x2_v1,FnB=1.67,2.700883333333333
134,3.457030599084034,7.600505273331741,1.2186690218375609,5.155776666666666,0.01,-2.747379667982616,-1.7476879135827157,0.3508110851221876,-3.674507904651851,3.2561492722735204,3.6912161625666875,3.028891435183045,6.591887941327926,-57.53837697180566,5.453589331692001,-20.656218011164555,57.53837697180566,5.453589331692001,188.10019052776718,380.7980758927927,0.19180881394540153,0.3883059718586803,20.79757930828203,2.5408196945317525e-16,0.7911102552759822,0.8722241999334843,faltinsen_ch9_reduced_order_planing_plus_matched_bie_delta_from_high_frequency,heave_pitch_2x2_v1,FnB=1.67,2.7135666666666665
135,3.448979652293829,7.573177638617939,1.2129994077423853,5.179874999999998,0.01,-2.6722807617052324,-1.8311353250712403,0.47611822035350815,-3.6371601835701344,3.2394661671490956,3.6681906658052177,3.0240663287976326,6.552122748886283,-55.57976595679048,7.457831584064763,-18.689059304928605,55.57976595679048,7.457831584064763,185.79316640331118,375.78402408507765,0.18945630404196254,0.38319306193764197,20.505328648359658,5.466004948832758e-16,0.7929201909152608,0.8733541788438974,faltinsen_ch9_reduced_order_planing_plus_matched_bie_delta_from_high_frequency,heave_pitch_2x2_v1,FnB=1.67,2.7262499999999994
136,3.440984693407112,7.5460845231033815,1.2073823028518442,5.203973333333332,0.01,-2.5934582443099585,-1.9069101227925982,0.595278017177347,-3.5919979634191255,3.219057607652925,3.6409896026961874,3.0156062368117773,6.504877183031912,-53.673811715570565,9.409728137050365,-16.774445963098373,53.673811715570565,9.409728137050365,183.30405803153323,370.409768937269,0.1869181198794015,0.37771284683074147,20.194871951268702,5.380641127636033e-16,0.7947073365248083,0.8744695015645338,faltinsen_ch9_reduced_order_planing_plus_matched_bie_delta_from_high_frequency,heave_pitch_2x2_v1,FnB=1.67,2.7389333333333328
137,3.4330450764993286,7.519222812090927,1.2018169810563526,5.228071666666666,0.01,-2.5118740142905174,-1.9749814385117408,0.7077683174721647,-3.540013867915391,3.195318880195506,3.6100739848721477,3.0038467102528594,6.450970349343989,-51.82351136085259,11.306283662609417,-14.915373968619946,51.82351136085259,11.306283662609417,180.65921295013,364.7295527530584,0.18422112846907968,0.37192063829448224,19.869177137386174,1.0864841303750975e-15,0.7964720609040805,0.8755704154145103,faltinsen_ch9_reduced_order_planing_plus_matched_bie_delta_from_high_frequency,heave_pitch_2x2_v1,FnB=1.67,2.751616666666666
138,3.425160166030726,7.492589446577737,1.1963027295726505,5.252169999999999,0.01,-2.428431579045322,-2.035448389110086,0.8132329497544233,-3.4822055037676773,3.168647989101251,3.575905899354202,2.989131271673689,6.391223987347042,-50.031133785511884,13.14523087209463,-13.114111205582446,50.031133785511884,13.14523087209463,177.88440186938166,358.79626266877966,0.18139160862208975,0.365870366199242,19.531123459884757,4.0060112938854315e-16,0.7982147257248127,0.876657162638985,faltinsen_ch9_reduced_order_planing_plus_matched_bie_delta_from_high_frequency,heave_pitch_2x2_v1,FnB=1.67,2.7642999999999995
139,3.417329336632673,7.466181422006887,1.1908388486394748,5.2762683333333324,0.01,-2.343960119181732,-2.0885196130721884,0.9114683934600156,-3.419548335987657,3.1394367670812615,3.538938464346694,2.9718030012120504,6.326444513175679,-48.29826500993042,14.92498517602408,-11.37224280252994,48.29826500993042,14.92498517602408,175.0043394028467,352.66046903897274,0.1784547622305749,0.35961359795544123,19.18345084661815,1.189729290175312e-15,0.7999356856864589,0.8777299805300356,faltinsen_ch9_reduced_order_planing_plus_matched_bie_delta_from_high_frequency,heave_pitch_2x2_v1,FnB=1.67,2.776983333333333
140,3.409551972899324,7.439995787052546,1.1854246512215358,5.300366666666665,0.01,-2.259204063286025,-2.134492013162543,1.002406805101411,-3.352973935229532,3.1080635697846932,3.4996076370419344,2.9521974538286506,6.257408351273756,-46.62586486781666,16.64458800506827,-9.69072781438976,46.62586486781666,16.64458800506827,172.04231277615466,346.36968664464524,0.17543433565606464,0.3531987851556293,18.82872152112013,2.7538433971119157e-16,0.8016352886680332,0.8787891015443134,faltinsen_ch9_reduced_order_planing_plus_matched_bie_delta_from_high_frequency,heave_pitch_2x2_v1,FnB=1.67,2.7896666666666663
141,3.40182746918448,7.414029642437679,1.1800594627215293,5.324464999999999,0.01,-2.1748176323428345,-2.173729963263163,1.0860970003395563,-3.2833536708374935,3.07488758934979,3.4583258987476335,2.9306369788958087,6.184850605373433,-45.01433095650958,18.303642866265648,-8.069963169013107,45.01433095650958,18.303642866265648,169.01991531212101,339.96785090910873,0.1723523479599262,0.3466707294632813,18.46929337217529,3.900742241993243e-16,0.80331387587643,0.8798347534175652,faltinsen_ch9_reduced_order_planing_plus_matched_bie_delta_from_high_frequency,heave_pitch_2x2_v1,FnB=1.67,2.8023499999999997
142,3.394155229403486,7.388280139783269,1.1747426206999363,5.348563333333333,0.01,-2.0913636039735732,-2.206645922630946,1.1626847625522008,-3.211487543927935,3.0402447190792246,3.4154777267426804,2.9074264154199727,6.109456911701084,-43.46356622625623,19.902247759991468,-6.509851252812155,43.46356622625623,19.902247759991468,165.95687601160972,333.4949903310819,0.16922891712420624,0.34007024858752166,18.107303963356685,2.530359641166927e-16,0.8049717819913036,0.8808671592761149,faltinsen_ch9_reduced_order_planing_plus_matched_bie_delta_from_high_frequency,heave_pitch_2x2_v1,FnB=1.67,2.815033333333333
143,3.386534666840022,7.362744480488056,1.1694734746023627,5.372661666666666,0.01,-2.0093154526733756,-2.2336830884919157,1.232393568934563,-3.138097597260032,3.0044448286109025,3.3714166812603352,2.8828500641339163,6.031858172114918,-41.973047164913254,21.440927001243836,-5.009868091938955,41.973047164913254,21.440927001243836,162.87097304180458,326.9870694203209,0.16608217183421922,0.33343401612204066,17.744663717933637,6.942398935460011e-16,0.8066093353065843,0.8818865377453926,faltinsen_ch9_reduced_order_planing_plus_matched_bie_delta_from_high_frequency,heave_pitch_2x2_v1,FnB=1.67,2.8277166666666664
144,3.378965203957645,7.3374199146378665,1.164251385494183,5.39676,0.01,-1.9290620200144506,-2.255300438199379,1.2955065331142637,-3.0638251939070154,2.9677702646270556,3.3264638876983317,2.8571697909437033,5.952627777901052,-40.54189016835386,22.92056485497818,-3.569129719282415,40.54189016835386,22.92056485497818,159.77801718784326,320.4759730719343,0.16292823460390987,0.3267945456113293,17.38305665247783,5.617510318327289e-16,0.8082268578687073,0.8828931030555929,faltinsen_ch9_reduced_order_planing_plus_matched_bie_delta_from_high_frequency,heave_pitch_2x2_v1,FnB=1.67,2.8404
145,3.371446272215943,7.312303739943642,1.1590757258022646,5.4208583333333324,0.01,-1.8509139316455356,-2.2719602822118015,1.3523500901887016,-2.989231405528931,2.930475372069771,3.280907673530887,2.830624091674405,5.87228089735696,-39.16891430936133,24.342342772721963,-2.1864549400598037,39.16891430936133,24.342342772721963,156.69189097945176,313.98960282661835,0.15978126167391696,0.3201802887088031,17.023947023888276,7.95071618287707e-16,0.8098246656116278,0.8838870651445485,faltinsen_ch9_reduced_order_planing_plus_matched_bie_delta_from_high_frequency,heave_pitch_2x2_v1,FnB=1.67,2.853083333333333
146,3.3639773118911687,7.287393300707228,1.1539458790635468,5.444956666666666,0.01,-1.7751110804459582,-2.2841182749186,1.403279715252566,-2.9147997698020376,2.892786829640086,3.235004120132977,2.803427941315806,5.791275400871099,-37.85269928564773,25.707681449841573,-0.8604232766379596,37.85269928564773,25.707681449841573,153.62462989113496,307.5520570477532,0.15665352581272396,0.3136158189063066,16.668590355717456,6.248303270683146e-16,0.8114030684886991,0.884868629757897,faltinsen_ch9_reduced_order_planing_plus_matched_bie_delta_from_high_frequency,heave_pitch_2x2_v1,FnB=1.67,2.8657666666666666
147,3.3565577719012274,7.26268598681415,1.1488612396802713,5.469055,0.01,-1.7018306160996128,-2.292215709910973,1.4486677786755429,-2.8409407419728985,2.8549046055265404,3.1889783054097833,2.7757732572623635,5.7100140245613265,-36.591637815641434,27.01818843482937,0.41057263877746664,36.591637815641434,27.01818843482937,150.58653337158276,301.18386996094546,0.15355552953514479,0.3071220752866121,16.318047479961407,3.3209083614644276e-16,0.8129623706014831,0.8858379985466202,faltinsen_ch9_reduced_order_planing_plus_matched_bie_delta_from_high_frequency,heave_pitch_2x2_v1,FnB=1.67,2.87845
148,3.34918710963489,7.238179232752503,1.143821212681651,5.493153333333333,0.01,-1.6311950046344013,-2.2966738528230635,1.488893501598274,-2.7679972573184766,2.817003359846303,3.14302603801244,2.747829820924303,5.6288474174340255,-35.38398214837696,28.27561162428708,1.6282805572537882,35.38398214837696,28.27561162428708,147.5862951780609,294.9022881204549,0.15049613800641495,0.30071664444071616,15.973200435889991,6.175052247205677e-16,0.8145028703255647,0.8867953691620246,faltinsen_ch9_reduced_order_planing_plus_matched_bie_delta_from_high_frequency,heave_pitch_2x2_v1,FnB=1.67,2.8911333333333333
149,3.3418647907851144,7.213870516657192,1.1388252134917876,5.517251666666666,0.01,-1.5632798363839107,-2.2978900292204174,1.5243348792321068,-2.696250923594489,2.779234145090175,3.0973159133397576,2.719746521806433,5.548077769128483,-34.22788466154654,29.481798669555786,2.7945480179890865,34.22788466154654,29.481798669555786,144.6311443362102,288.7215667067538,0.14748272278118443,0.29441406260726527,15.634769282101729,3.7249919926561594e-16,0.8160248604334422,0.8877409353482493,faltinsen_ch9_reduced_order_planing_plus_matched_bie_delta_from_high_frequency,heave_pitch_2x2_v1,FnB=1.67,2.9038166666666663
150,3.3345902891863552,7.189757359378744,1.133872667703644,5.541349999999999,0.01,-1.4981211611663534,-2.296235177645519,1.5553623807316865,-2.625928463980655,2.741726281850756,3.051991551977027,2.6916528097974353,5.46796276936617,-33.121432746873296,30.638662095841482,3.911287465759216,33.121432746873296,30.638662095841482,141.7269898456618,282.6532717800311,0.14452130936217955,0.28822612388535446,15.303329083762845,3.1292104221773184e-16,0.8175286282145586,0.8886748870323545,faltinsen_ch9_reduced_order_planing_plus_matched_bie_delta_from_high_frequency,heave_pitch_2x2_v1,FnB=1.67,2.9164999999999996
151,3.327363086655757,7.16583732357598,1.1289630108588893,5.565448333333332,0.01,-1.4357222125540683,-2.292052590089801,1.5823342048506381,-2.5572081243086764,2.704589312143068,3.007173910313569,2.6636602629042554,5.38871970194518,-32.06267833569723,31.748149780953867,4.980446728065999,32.06267833569723,31.748149780953867,138.87856389923238,276.7065780011699,0.14161672324313848,0.2821621838254346,14.979326522766451,3.653900014480489e-16,0.819014455592543,0.889597410412076,faltinsen_ch9_reduced_order_planing_plus_matched_bie_delta_from_high_frequency,heave_pitch_2x2_v1,FnB=1.67,2.929183333333333
152,3.3201826728381145,7.1421080128318035,1.124095688233438,5.589546666666666,0.01,-1.3760594487040356,-2.285657586503381,1.605592862703343,-2.4902258395152086,2.6679149553739743,2.96296357934976,2.6358641976522277,5.31052952288204,-31.049662512759767,32.812220345679805,6.003984404004143,31.049662512759767,32.812220345679805,136.08955981959508,270.8885542705299,0.13877273056507075,0.27622945069981075,14.663095738603364,6.370996538254654e-16,0.820482619239728,0.8905086880412998,faltinsen_ch9_reduced_order_planing_plus_matched_bie_delta_from_high_frequency,heave_pitch_2x2_v1,FnB=1.67,2.9418666666666664
153,3.3130485450544973,7.118567070791446,1.1192701546285144,5.613644999999999,0.01,-1.3190878866612064,-2.2773379007427317,1.6254628660533867,-2.425081021766351,2.6317790117894853,2.9194430104130853,2.6083452670834846,5.23354081277075,-30.08043571525667,33.83282295873025,6.983849667779538,30.08043571525667,33.83282295873025,133.3627621201019,265.20443218551657,0.13599217074138661,0.27043325925317674,14.35487314029598,4.569377408521102e-16,0.8219333906890057,0.8914088989133293,faltinsen_ch9_reduced_order_planing_plus_matched_bie_delta_from_high_frequency,heave_pitch_2x2_v1,FnB=1.67,2.95455
154,3.3059602081544366,7.095212180322484,1.114485874167073,5.637743333333332,0.01,-1.2647457424816844,-2.2673545884048467,1.6422493161473999,-2.3618418866733677,2.5962431747981656,2.876678625434446,2.581171006392857,5.15787352719973,-29.15307402879344,34.81188104463229,7.921965975247957,29.15307402879344,34.81188104463229,130.7001670687511,259.65785419037303,0.13327707939892944,0.2647773237449823,14.054811035701308,2.6280709225069664e-16,0.8233670364430881,0.8922982185420023,faltinsen_ch9_reduced_order_planing_plus_matched_bie_delta_from_high_frequency,heave_pitch_2x2_v1,FnB=1.67,2.9672333333333327
155,3.2989171743715775,7.072041062696006,1.1097423200954202,5.661841666666666,0.01,-1.2129584134084765,-2.2559432994539113,1.6562372099729716,-2.3005502755849996,2.5613567270119577,2.834722784716924,2.5543972987109145,5.08362249635345,-28.26569208181013,35.75127939300759,8.820218171909744,28.26569208181013,35.75127939300759,128.10309289435727,254.25109982627197,0.13062880075699376,0.25926396866031926,13.762990006294256,1.0507984118000446e-15,0.824783818081229,0.8931768190407212,faltinsen_ch9_reduced_order_planing_plus_matched_bie_delta_from_high_frequency,heave_pitch_2x2_v1,FnB=1.67,2.979916666666666
156,3.2919189631826993,7.049051476788295,1.105038974589881,5.685939999999999,0.01,-1.163641853094082,-2.2433157886389665,1.667691304846394,-2.2412259627388535,2.5271581054277346,2.7936155970918706,2.528069743538847,5.010860646309725,-27.416453013424047,36.652854194293695,9.680442527414328,27.416453013424047,36.652854194293695,125.5722793481674,248.9852896428274,0.1280480891519198,0.25389433664179656,13.479430016456291,5.614927534111191e-16,0.8261839923634745,0.8940448691994564,faltinsen_ch9_reduced_order_planing_plus_matched_bie_delta_from_high_frequency,heave_pitch_2x2_v1,FnB=1.67,2.9925999999999995
157,3.2849651011700094,7.026241218302427,1.1003753285683582,5.710038333333332,0.01,-1.116705398700547,-2.2296615634644374,1.6768564062998288,-2.183870457897088,2.4936763292531827,2.7533865664349446,2.5022249181261036,4.939641930790879,-26.60357595284225,37.51838556376333,10.504419258425258,26.60357595284225,37.51838556376333,123.10797675180294,243.86056716516765,0.12553519984072334,0.24866857404431453,13.204100289801413,3.311865739395897e-16,0.8275678113324948,0.8949025345597764,faltinsen_ch9_reduced_order_planing_plus_matched_bie_delta_from_high_frequency,heave_pitch_2x2_v1,FnB=1.67,3.005283333333333
158,3.278055121886629,7.003608119009229,1.0957508815066472,5.734136666666665,0.01,-1.0720541114981075,-2.215149592523098,1.6839579669758882,-2.128470329752954,2.460932289851804,2.7140560751724006,2.476891527972671,4.870003974060952,-25.82534140632984,38.349592157860656,11.293867143861945,25.82534140632984,38.349592157860656,120.71002495249765,238.876259884038,0.12308996951303211,0.2435859950992826,12.936928014542582,2.496419227055483e-16,0.8289355224130586,0.8957499774879644,faltinsen_ch9_reduced_order_planing_plus_matched_bie_delta_from_high_frequency,heave_pitch_2x2_v1,FnB=1.67,3.0179666666666662
159,3.2711885657251702,6.9811500460069915,1.0911651412593593,5.758234999999999,0.01,-1.0295906918616062,-2.199930016330115,1.6892029048665982,-2.075000084480737,2.4289399065267716,2.6756367100944063,2.452091446952147,4.801970434078243,-25.08009490368363,39.14812753091104,12.050439880570792,25.08009490368363,39.14812753091104,118.37792279574147,234.0310206050304,0.12071188713346706,0.23864522605072105,12.677805958381626,4.193802913343219e-16,0.8302873685092065,0.8965873572462694,faltinsen_ch9_reduced_order_planing_plus_matched_bie_delta_from_high_frequency,heave_pitch_2x2_v1,FnB=1.67,3.0306499999999996
160,3.264364979789337,6.958864900999448,1.0866176238853267,5.782333333333332,0.01,-0.9892170265356399,-2.1841358186417255,1.6927805673848895,-2.0234246386957966,2.397707154733825,2.638134438916471,2.427840650590147,4.73555310064027,-24.366249212696545,39.91557792372325,12.775723870942187,24.366249212696545,39.91557792372325,116.11088883694944,229.3229507049428,0.1184001558503153,0.2338443308417684,12.426599083531684,5.338609257644521e-16,0.831623588099177,0.8974148300623517,faltinsen_ch9_reduced_order_planing_plus_matched_bie_delta_from_high_frequency,heave_pitch_2x2_v1,FnB=1.67,3.043333333333333
161,3.257583917768454,6.936750619591449,1.0821078534773516,5.806431666666666,0.01,-0.9508354216183076,-2.1678844289652157,1.6948637833448363,-1.9737014279359717,2.3672369751154836,2.601549647946482,2.4041500480625912,4.67075374672675,-23.682285388788983,40.65346121691334,13.471237175299706,23.682285388788983,40.65346121691334,113.90791406720308,224.74970693851324,0.11615374676082361,0.22918092002723994,12.183150256438607,4.714071158616103e-16,0.8329444153281413,0.8982325491969662,faltinsen_ch9_reduced_order_planing_plus_matched_bie_delta_from_high_frequency,heave_pitch_2x2_v1,FnB=1.67,3.0560166666666664
162,3.250844939814853,6.9148051706018645,1.0776353619961798,5.8305299999999995,0.01,-0.9143495695709752,-2.1512792369851184,1.695609958046959,-1.925782191486521,2.337528072742208,2.565878052222014,2.3810262197308165,4.607565753087681,-23.026752888808147,41.363226819953695,14.13842940006154,23.026752888808147,41.363226819953695,111.76780743949594,220.30859345008338,0.11397144533504913,0.22465224459941305,11.947285146335334,2.794389788745958e-16,0.8342500800987981,0.8990406650099351,faltinsen_ch9_reduced_order_planing_plus_matched_bie_delta_from_high_frequency,heave_pitch_2x2_v1,FnB=1.67,3.0686999999999998
163,3.2441476124240407,6.893026555393195,1.0731996891085749,5.854628333333332,0.01,-0.8796652931705821,-2.1344110073656726,1.6951621775182208,-1.8796144726587896,2.30857561634282,2.531111489823531,2.358472067696863,4.545975526771207,-22.39826894344526,42.04625630150139,14.778682327227244,22.39826894344526,42.04625630150139,109.68923496394261,215.99664059792778,0.11185189128187772,0.22025527636647357,11.718816403331521,7.577709226147127e-16,0.8355408081598804,0.8998393250244607,faltinsen_ch9_reduced_order_planing_plus_matched_bie_delta_from_high_frequency,heave_pitch_2x2_v1,FnB=1.67,3.081383333333333
164,3.237491508317564,6.8714128072174265,1.0688003820293714,5.878726666666666,0.01,-0.8466911040027641,-2.1173591892391923,1.6936502967962699,-1.8351428710366977,2.2803718472769017,2.497238611938176,2.3364873870989595,4.485963734086501,-21.795517351972478,42.703864597308836,15.393311121488608,21.795517351972478,42.703864597308836,107.67075310297105,211.81067211406378,0.10979361260264316,0.2159867764364628,11.49754720138375,3.405595099516712e-16,0.8368168211926259,0.9006286739898204,faltinsen_ch9_reduced_order_planing_plus_matched_bie_delta_from_high_frequency,heave_pitch_2x2_v1,FnB=1.67,3.0940666666666665
165,3.230876206328515,6.849961990577683,1.0644369953674024,5.902824999999999,0.01,-0.8153386080529036,-2.100193119011518,1.6911919942444804,-1.7923100801214638,2.2529066076792827,2.4642454797973414,2.3150693657981884,4.427506367720663,-21.217246836005614,43.337301659013605,15.98356597826114,21.217246836005614,43.337301659013605,105.71083714808789,207.74736201442636,0.10779505452737469,0.21184335324950554,11.283274225013605,7.756754718149053e-16,0.8380783368952581,0.9014088539424877,faltinsen_ch9_reduced_order_planing_plus_matched_bie_delta_from_high_frequency,heave_pitch_2x2_v1,FnB=1.67,3.10675
166,3.2243012912895956,6.828672200605209,1.0601090909751805,5.926923333333333,0.01,-0.7855227863076136,-2.08297311821964,1.6878937795030584,-1.7510577405168781,2.2261677966932605,2.4321160789545373,2.2942130198291815,4.370575666581785,-20.662269065560594,43.94775443054465,16.55063409936966,20.662269065560594,43.94775443054465,103.80790520391405,203.80328255443266,0.10585460397170701,0.20782151147887676,11.075790171626533,3.1279890159391754e-16,0.8393255690655286,0.902180004265729,faltinsen_ch9_reduced_order_planing_plus_matched_bie_delta_from_high_frequency,heave_pitch_2x2_v1,FnB=1.67,3.1194333333333333
167,3.2177663539236794,6.807541562451279,1.055816237802235,5.951021666666667,0.01,-0.7571621740907004,-2.0657514903258494,1.6838519470672904,-1.7113271355014565,2.200141763081921,2.400832760594941,2.2739115715746747,4.315140905578228,-20.129456450522923,44.53634905902757,17.095641903269666,20.129456450522923,44.53634905902757,101.9603383468402,199.97494440119146,0.10397061009298812,0.20391769299525475,10.874885834153673,1.4467835545747234e-16,0.8405587276813652,0.9029422617477119,faltinsen_ch9_reduced_order_planing_plus_matched_bie_delta_from_high_frequency,heave_pitch_2x2_v1,FnB=1.67,3.1321166666666667
168,3.2112709907368004,6.786568230693587,1.051558011751996,5.9751199999999995,0.01,-0.7301789591422633,-2.048573421745317,1.6791534708565723,-1.673059752658445,2.174813641822075,2.3703766187370334,2.254156777130878,4.261169071078844,-19.617739773466724,45.10415326425769,17.619657393870853,19.617739773466724,45.10415326425769,100.16649746760852,196.25883007137682,0.10214140146493302,0.20012831096386313,10.680351821772165,5.496348092409921e-16,0.8417780189796745,0.9036957606381706,faltinsen_ch9_reduced_order_planing_plus_matched_bie_delta_from_high_frequency,heave_pitch_2x2_v1,FnB=1.67,3.1448
169,3.2048148039135134,6.765750388756748,1.0473339955421281,5.999218333333333,0.01,-0.7044990151978902,-2.031477793257317,1.6738768376882105,-1.636197732260694,2.150167641583422,2.340727811345036,2.2349392087988247,4.208625436311487,-19.126105725217997,45.652178805347546,18.1236926265679,19.126105725217997,45.652178805347546,98.4247372512723,192.6514215667997,0.10036530033321502,0.19644977802491137,10.491979969845858,2.7557013966250833e-16,0.8429836455333403,0.904440632703663,faltinsen_ch9_reduced_order_planing_plus_matched_bie_delta_from_high_frequency,heave_pitch_2x2_v1,FnB=1.67,3.1574833333333334
170,3.1983974012145535,6.745086248346493,1.0431437785682176,6.023316666666665,0.01,-0.680051885009649,-2.014497908386824,1.6680928194610674,-1.6006842203785967,2.1261872893045113,2.3118658325488113,2.2162484980948616,4.157474049502136,-18.653594392331115,46.18138399538472,18.608706222312662,18.653594392331115,46.18138399538472,96.73341769546933,189.14922303016667,0.0986406343608361,0.19287852939603908,10.309564484074965,2.6929178473287997e-16,0.8441758063264652,0.9051770072814641,faltinsen_ch9_reduced_order_planing_plus_matched_bie_delta_from_high_frequency,heave_pitch_2x2_v1,FnB=1.67,3.170166666666666
171,3.192018395876746,6.7245740488971855,1.0389869567707175,6.047414999999998,0.01,-0.6554739183540936,-2.0000598214801872,1.6649273312550212,-1.5667318430460124,2.1047292812002754,2.286182776239538,2.2003960312892072,4.111878589414082,-18.14537502513508,46.740423784602456,19.128807158321592,18.14537502513508,46.740423784602456,95.17563949680218,185.9387227498999,0.09705214267543166,0.18960473020848093,10.144113915829063,4.871868306336086e-16,0.8453546968278948,0.9059050113321269,faltinsen_ch9_reduced_order_planing_plus_matched_bie_delta_from_high_frequency,heave_pitch_2x2_v1,FnB=1.67,3.1828499999999993
172,3.1856774065151,6.704212057032313,1.0348631325050626,6.071513333333332,0.01,-0.6301019662296904,-1.9888924653711628,1.6654592129451296,-1.5341841804341276,2.086317743455369,2.2643929626895916,2.1881086411960995,4.073065880757895,-17.57874712058063,47.349414712446276,19.706488800033412,17.57874712058063,47.349414712446276,93.7725955548878,183.0698898587465,0.09562143602034111,0.18667933479704743,9.998662737024977,5.670188501934948e-17,0.8465205090630689,0.9066247694907545,faltinsen_ch9_reduced_order_planing_plus_matched_bie_delta_from_high_frequency,heave_pitch_2x2_v1,FnB=1.67,3.1955333333333327
173,3.1793740570270335,6.683998566037575,1.0307719144148653,6.095611666666665,0.01,-0.6057575851349467,-1.9774329001253619,1.6651962607537025,-1.5025436049690788,2.0681351808928548,2.242881154154537,2.175923812813376,4.034737061602838,-17.03167772161123,47.93936181398894,20.264867437730828,17.03167772161123,47.93936181398894,92.39566988559041,180.255254619319,0.09421736259129307,0.1838092056097842,9.856270452611723,1.634815927403532e-16,0.8476734316842377,0.9073364041170098,faltinsen_ch9_reduced_order_planing_plus_matched_bie_delta_from_high_frequency,heave_pitch_2x2_v1,FnB=1.67,3.208216666666666
174,3.173107976498678,6.663931895346238,1.0267129173081058,6.119709999999999,0.01,-0.582405946088726,-1.9657311304961427,1.6642063028701526,-1.4717986023221157,2.0501940306812783,2.221660132493284,2.16385719419812,3.9969157221667655,-16.503479626010403,48.51094711752583,20.804625467545634,16.503479626010403,48.51094711752583,91.04499253914162,177.49498664930144,0.09284005500261723,0.18099451560859361,9.716937977816446,4.187138946502347e-16,0.8488136500390857,0.9080400353439056,faltinsen_ch9_reduced_order_planing_plus_matched_bie_delta_from_high_frequency,heave_pitch_2x2_v1,FnB=1.67,3.2208999999999994
175,3.166878799113201,6.644010390036409,1.0226857620362377,6.143808333333332,0.01,-0.56001193598259,-1.9538325912849646,1.6625526351274655,-1.4419351725632348,2.0325046526909323,2.2007403996028803,2.151922400113457,3.959621339577599,-15.993481803398197,49.06483645991341,21.326429160938062,15.993481803398197,49.06483645991341,89.72059691601802,174.7890661297919,0.0914895473133211,0.17823524458382006,9.58065650736364,2.0810015104887187e-16,0.8499413462377986,0.9087357811254012,faltinsen_ch9_reduced_order_planing_plus_matched_bie_delta_from_high_frequency,heave_pitch_2x2_v1,FnB=1.67,3.233583333333333
176,3.160686164061105,6.624232420339938,1.0186900753761277,6.167906666666665,0.01,-0.538540436975268,-1.9417784657522792,1.660294212077105,-1.4129372684666344,2.015075535139263,2.18013040786066,2.140131194520274,3.9228696909020084,-15.50103047394299,49.6016784131902,21.830927586737374,15.50103047394299,49.6016784131902,88.42243166103701,172.1373075649811,0.09016578715569232,0.1755312033823794,9.447408771050059,4.0394289115515706e-16,0.8510566992186129,0.9094237572828417,faltinsen_ch9_reduced_order_planing_plus_matched_bie_delta_from_high_frequency,heave_pitch_2x2_v1,FnB=1.67,3.246266666666666
177,3.1545297154524463,6.604596381162599,1.0147254899147509,6.192004999999999,0.01,-0.517956560507345,-1.9296059946630941,1.6574858502913166,-1.3847871829683975,1.9979134849167888,2.159836773006117,2.1284936610664715,3.886673234909486,-15.025489918607178,50.12210347926032,22.318751801500127,15.025489918607178,50.12210347926032,87.15037148150046,169.5393813629895,0.08886864676673528,0.1728820559140884,9.317170172140049,5.324518985700386e-16,0.8521598848118866,0.9101040775502734,faltinsen_ch9_reduced_order_planing_plus_matched_bie_delta_from_high_frequency,heave_pitch_2x2_v1,FnB=1.67,3.2589499999999996
178,3.1484091022309277,6.5851006916152635,1.0107916439365692,6.216103333333332,0.01,-0.4982258412268157,-1.917348773522979,1.6541784388555367,-1.3574658900062044,1.9810238030362584,2.1398644700318936,2.117018361665619,3.851041463554117,-14.56624305665099,50.626723516940615,22.790514272473956,14.56624305665099,50.626723516940615,85.90422695034768,166.99483336510772,0.08759793298460503,0.17028733906594784,9.18990981566636,4.3036065221499983e-16,0.853251075802722,0.9107768536186559,faltinsen_ch9_reduced_order_planing_plus_matched_bie_delta_from_high_frequency,heave_pitch_2x2_v1,FnB=1.67,3.271633333333333
179,3.1423239780898173,6.56574379455578,1.0068881813135184,6.240201666666666,0.01,-0.47931439571144074,-1.9050370362800675,1.6504191529431216,-1.330953342903209,1.9644104457915528,2.120217012804755,2.1057124834247856,3.815981224432752,-14.122691822579952,51.116131369211786,23.246808500994064,14.122691822579952,51.116131369211786,84.68375335893889,164.503102457283,0.08635339627593408,0.16774648066086076,9.065591434024858,5.114189186048466e-16,0.8543304419921811,0.9114421951790143,faltinsen_ch9_reduced_order_planing_plus_matched_bie_delta_from_high_frequency,heave_pitch_2x2_v1,FnB=1.67,3.2843166666666663
180,3.1362740013896504,6.546524156141274,1.0030147513975363,6.2642999999999995,0.01,-0.4611890504557001,-1.8926979243593136,1.6462516671687655,-1.3052287343148379,1.9480761723131579,2.100896618241139,2.094581974306843,3.7814970156686925,-13.694257371362397,51.590900661869256,23.68820881749744,13.694257371362397,51.590900661869256,83.48865868567086,162.06353640020546,0.0851347388615591,0.16525881559982813,8.944174217342612,5.370680484432251e-16,0.8553981502571241,0.9121002099645484,faltinsen_ch9_reduced_order_planing_plus_matched_bie_delta_from_high_frequency,heave_pitch_2x2_v1,FnB=1.67,3.2969999999999997
181,3.1302588350776626,6.527440265390563,0.9991710089155591,6.288398333333332,0.01,-0.4438174431731485,-1.88035574037386,1.6417163661060528,-1.2802707215612343,1.932022679272083,2.0819043559268966,2.08363166800293,3.7475912547905748,-13.280380137598797,52.05158574791443,24.115270322482957,13.280380137598797,52.05158574791443,82.31861074659406,159.67540601369947,0.08394162200812108,0.16282360032600274,8.825613556027124,2.818748551864216e-16,0.8564543646087057,0.9127510037917331,faltinsen_ch9_reduced_order_planing_plus_matched_bie_delta_from_high_frequency,heave_pitch_2x2_v1,FnB=1.67,3.309683333333333
182,3.1242781466089222,6.508490633756468,0.9953566138669253,6.312496666666666,0.01,-0.4271681010598417,-1.868032186240749,1.6368505499397097,-1.256057620937899,1.9162507235209236,2.063240284105103,2.0728653985524716,3.7142645232411624,-12.880519771414441,52.49872177493535,24.52852895065635,12.880519771414441,52.49872177493535,81.17324359295147,157.33791784810802,0.08277367255173934,0.16044002574590507,8.709861702711633,5.205579719548159e-16,0.8574992462495615,0.9133946806004326,faltinsen_ch9_reduced_order_planing_plus_matched_bie_delta_from_high_frequency,heave_pitch_2x2_v1,FnB=1.67,3.3223666666666665
183,3.118331607869109,6.489673794707718,0.9915712314231203,6.336594999999999,0.01,-0.4112104992780044,-1.855746585728824,1.6316886337157663,-1.232567574346732,1.9007602334751885,2.0449035729657794,2.0622861052865544,3.6815157881718705,-12.494154971164278,52.93282485540584,24.928501638178545,12.494154971164278,52.93282485540584,80.05216321840119,155.050225470588,0.08163048871775908,0.15810722873824193,8.596868360528951,3.0639606913747613e-16,0.8585329536297166,0.914031342493063,faltinsen_ch9_reduced_order_planing_plus_matched_bie_delta_from_high_frequency,heave_pitch_2x2_v1,FnB=1.67,3.33505
184,3.1124188950989056,6.470988303320221,0.9878145318297984,6.360693333333333,0.01,-0.39591510255666784,-1.8435160916984101,1.6262623390636286,-1.2097786913307642,1.8855504100350744,2.026892616162652,2.0518959286902736,3.6493426031659504,-12.120783230605412,53.354392322267586,25.31568657537207,12.120783230605412,53.354392322267586,78.95495263589127,152.81143948824365,0.08051164529772276,0.1558243023746577,8.486581204304235,3.7591497059647116e-16,0.8595556425012455,0.9146610897728129,faltinsen_ch9_reduced_order_planing_plus_matched_bie_delta_from_high_frequency,heave_pitch_2x2_v1,FnB=1.67,3.3477333333333332
185,3.1065396888199612,6.45243273587745,0.984086190311026,6.384791666666667,0.01,-0.3812533924697786,-1.8313558784671746,1.6206008776040304,-1.1876691693364303,1.8706198178320446,2.009205131459513,2.041696297785149,3.617741289495452,-11.759920515977456,53.763903054369734,25.690563529451254,11.759920515977456,53.763903054369734,77.88117638094346,150.62063642325566,0.07941669824144175,0.15359030496984769,8.378946340874954,1.7892790884671086e-16,0.8605674659717168,0.915284020980968,faltinsen_ch9_reduced_order_planing_plus_matched_bie_delta_from_high_frequency,heave_pitch_2x2_v1,FnB=1.67,3.3604166666666666
186,3.1006936737623865,6.43400568947971,0.9803858869756833,6.4088899999999995,0.01,-0.3671978826439733,-1.8192793198637731,1.6147311255348937,-1.1662173947734298,1.8559664675586707,1.991838251375676,2.031688009626642,3.586707099459833,-11.411100886444729,54.16181785832936,26.053594223829975,11.411100886444729,54.16181785832936,76.8303844946157,148.47686654788959,0.07834518871848767,0.1514042680710432,8.273908714342857,4.3070740768515017e-16,0.8615685745564476,0.9159002329333427,faltinsen_ch9_reduced_order_planing_plus_matched_bie_delta_from_high_frequency,heave_pitch_2x2_v1,FnB=1.67,3.3731
187,3.0948805387937406,6.415705781662039,0.97671330672597,6.432988333333333,0.01,-0.3537221238677391,-1.8072981536200183,1.6086777891127912,-1.145402027198556,1.8415878901078362,1.9747886046600989,2.0218713014976384,3.556234363284497,-11.073876069569366,54.54857989515736,26.40522276234404,11.073876069569366,54.54857989515736,75.80211603581981,146.37916077981825,0.07729664669975966,0.14926520348928357,8.171412461650476,5.888208593151186e-16,0.8625591162296008,0.9165098207558561,faltinsen_ch9_reduced_order_planing_plus_matched_bie_delta_from_high_frequency,heave_pitch_2x2_v1,FnB=1.67,3.3857833333333334
188,3.089099976849485,6.397531650020554,0.9730681391679614,6.457086666666664,0.01,-0.3408007008205962,-1.795422632809973,1.6024635609282052,-1.1252020687190962,1.8274812032100642,1.9580523893789046,2.012245916358099,3.5263166209787435,-10.747815001897976,54.92461514158205,26.74587608831186,10.747815001897976,54.92461514158205,74.7959021690364,144.32653673070652,0.07627059410607741,0.14717210946725592,8.07140122346439,3.691057379371851e-16,0.8635392364741492,0.917112877919271,faltinsen_ch9_reduced_order_planing_plus_matched_bie_delta_from_high_frequency,heave_pitch_2x2_v1,FnB=1.67,3.398466666666666
189,3.0833516848648523,6.379481951846985,0.9694500785241569,6.481184999999998,0.01,-0.32840922191391175,-1.7836616650774433,1.5961092670155572,-1.1055969204953826,1.8136431712177945,1.941625438353601,2.002811162086279,3.4969467404690064,-10.43250334333112,55.290332877413164,27.075964469768877,10.43250334333112,55.290332877413164,73.81126886989489,142.31800399366668,0.07526654756710488,0.14512397607099947,7.973818414946271,2.607680472723214e-16,0.8645090783307373,0.9177094962731153,faltinsen_ch9_reduced_order_planing_plus_matched_bie_delta_from_high_frequency,heave_pitch_2x2_v1,FnB=1.67,3.4111499999999992
190,3.077635363708111,6.361555363771229,0.9658588235479758,6.505283333333332,0.01,-0.3165243035325342,-1.7720229404067311,1.589634004949865,-1.0865664280217937,1.8000702586439432,1.9255032776385987,1.9935659650190645,3.4681170232371517,-10.127542972697768,55.64612619153647,27.395882003459064,10.127542972697768,55.64612619153647,72.84773928761469,140.3525687480912,0.07428402083036989,0.14311978988552787,7.878607460605986,2.435188639137228e-16,0.8654687824454637,0.9182997660788089,faltinsen_ch9_reduced_order_planing_plus_matched_bie_delta_from_high_frequency,heave_pitch_2x2_v1,FnB=1.67,3.4238333333333326
191,3.071950718115182,6.343750581411671,0.9622940774401437,6.529381666666665,0.01,-0.3051235497869386,-1.7605130481897602,1.5830552731663425,-1.0680909166812957,1.7867586780203373,1.909681178677963,1.98450891826958,3.43981929860736,-9.832551470858618,55.99237250022759,27.70600713126447,9.832551470858618,55.99237250022759,71.90483579998094,138.42923775359023,0.07332252685675633,0.1411585380875123,7.785711997063516,2.306025607339706e-16,0.8664184871166124,0.91888377604202,faltinsen_ch9_reduced_order_planing_plus_matched_bie_delta_from_high_frequency,heave_pitch_2x2_v1,FnB=1.67,3.436516666666666
192,3.0662974566255823,6.326066319033127,0.958755547766925,6.553479999999999,0.01,-0.294185528726966,-1.7491375843294361,1.5763890918018386,-1.0501512189002895,1.7737044326003641,1.8941542047334978,1.9756383252699257,3.4120450077402915,-9.547161596694082,56.32943407243786,28.00670316372026,9.547161596694082,56.32943407243786,70.98208179337887,136.5470217983497,0.07238157963563384,0.13923921196162778,7.6950760471989845,1.1948487288992604e-16,0.8673583283403582,0.9194616133442656,faltinsen_ch9_reduced_order_planing_plus_matched_bie_delta_from_high_frequency,heave_pitch_2x2_v1,FnB=1.67,3.4491999999999994
193,3.060675291519655,6.308501309212174,0.9552429463801527,6.5775783333333315,0.01,-0.2836897458288425,-1.7379012490971437,1.5696501154015834,-1.032728694077572,1.7609033543899693,1.8789172521298991,1.9669522389565564,3.3847852783107615,-9.271020760489364,56.65765855755163,28.298318806107943,9.271020760489364,56.65765855755163,70.07900319744611,134.70493866120356,0.07146069574976789,0.13736080992102662,7.606644168845318,8.587026352103303e-16,0.868288439855469,0.9200333636737769,faltinsen_ch9_reduced_order_planing_plus_matched_bie_delta_from_high_frequency,heave_pitch_2x2_v1,FnB=1.67,3.4618833333333328
194,3.0550839387570674,6.2910543025097,0.9517559893390095,6.601676666666665,0.01,-0.27361661544501764,-1.726807936434296,1.5628517378647506,-1.015805242323055,1.7483511379525736,1.8639650868183857,1.9584484969859781,3.3580309907663897,-9.003790498489849,56.97737951184999,28.581188683355805,9.003790498489849,56.97737951184999,69.19512980114239,132.90201564111786,0.07055939571733712,0.1355223400866941,7.520361580876174,3.5701599015353123e-16,0.869208953187031,0.9205991112556553,faltinsen_ch9_reduced_order_planing_plus_matched_bie_delta_from_high_frequency,heave_pitch_2x2_v1,FnB=1.67,3.474566666666666
195,3.0495231179165367,6.27372406715049,0.9482943968335157,6.625774999999999,0.01,-0.26394743079978056,-1.7158608153555523,1.5560061900205555,-0.9993633129174886,1.7360433703967266,1.8492923767181064,1.9501247533394122,3.331772836989635,-8.745145951759582,57.288916920557426,28.855633860618013,8.745145951759582,57.288916920557426,68.32999637447026,131.13729170258839,0.06967720513577039,0.13372282247514533,7.436174269262616,2.1484375700836415e-16,0.870119997689218,0.9211589388813257,faltinsen_ch9_reduced_order_planing_plus_matched_bie_delta_from_high_frequency,heave_pitch_2x2_v1,FnB=1.67,3.4872499999999995
196,3.043992552136759,6.256509388709675,0.9448578931096814,6.649873333333332,0.01,-0.25466433302086117,-1.7050624040763291,1.5491246302354242,-0.9833859082929146,1.7239755579205613,1.834893720254969,1.9419785066472108,3.3060013721149955,-8.494775351917667,57.59257771290436,29.121962356960267,8.494775351917667,57.59257771290436,67.48314361771405,129.40981928067222,0.06881365564970102,0.13196129083904518,7.354029075415036,2.439760726254561e-16,0.8710217005871311,0.9217129279373152,faltinsen_ch9_reduced_order_planing_plus_matched_bie_delta_from_high_frequency,heave_pitch_2x2_v1,FnB=1.67,3.499933333333333
197,3.038491968058509,6.239409069805859,0.9414462063962793,6.673971666666666,0.01,-0.2457502796168449,-1.6944146374508435,1.5422172284531812,-0.967856584233997,1.7121431492545915,1.8207636714804345,1.9340071255372688,3.2807070601869937,-8.25237951584677,57.88865626811943,29.380469650060064,8.25237951584677,57.88865626811943,66.65411895789025,127.7186657849823,0.06796828576312017,0.13023679420085588,7.273873768891531,3.966168146142239e-16,0.8719141870177256,0.9222611584333716,faltinsen_ch9_reduced_order_planing_plus_matched_bie_delta_from_high_frequency,heave_pitch_2x2_v1,FnB=1.67,3.5126166666666663
198,3.033021095767897,6.222421929800775,0.9380590688331993,6.698069999999999,0.01,-0.23718901274073823,-1.6839189282699758,1.535293244065862,-0.9527594469116578,1.7005415563139967,1.806896762118325,1.9262078712866404,3.2558803142829795,-8.017671351053139,58.17743491067887,29.631439170245187,8.017671351053139,58.17743491067887,65.8424772101121,126.06291483796375,0.06714064151378106,0.12854839811552748,7.19565710633925,1.046408109579404e-16,0.8727975800698524,0.922803709029936,faltinsen_ch9_reduced_order_planing_plus_matched_bie_delta_from_high_frequency,heave_pitch_2x2_v1,FnB=1.67,3.5252999999999997
199,3.02757966874073,6.205546804505296,0.9346962164013428,6.722168333333332,0.01,-0.22896502752016726,-1.6735762229315205,1.52836109800398,-0.9380791472816663,1.6891661723433387,1.7932875208556571,1.9185779180319797,3.231511531667613,-7.790375373000728,58.459184393497196,29.875142782549943,7.790375373000728,58.459184393497196,65.04778111975486,124.44166727911065,0.06633027702605361,0.1268951856945141,7.1193288783396245,1.5203681039308045e-16,0.8736720008234314,0.9233406570649858,faltinsen_ch9_reduced_order_planing_plus_matched_bie_delta_from_high_frequency,heave_pitch_2x2_v1,FnB=1.67,3.537983333333333
200,3.022167423787981,6.1887825458916526,0.931357388854021,6.746266666666666,0.01,-0.22106354068325706,-1.6633870519594574,1.5214284394230913,-0.9238008733110578,1.6780123878105884,1.7799304901640558,1.9111143707724838,3.2075911244932245,-7.570227235437301,58.73416436804774,30.11184125577313,7.570227235437301,58.73416436804774,64.2696017996566,122.8540419634627,0.06553675495674527,0.12527625842001366,7.044839945650975,3.4299132924383234e-16,0.8745375683877782,0.9238720785802729,faltinsen_ch9_reduced_order_planing_plus_matched_bie_delta_from_high_frequency,heave_pitch_2x2_v1,FnB=1.67,3.5506666666666664
201,3.016784101002321,6.172128021811701,0.9280423296498176,6.770364999999999,0.01,-0.21347045966525083,-1.6533515758140556,1.514502207349048,-0.9099103404335812,1.6670756042832953,1.766820240911082,1.9038142813784844,3.184109546511635,-7.3569732744701355,59.00262384066127,30.341784717782105,7.3569732744701355,59.00262384066127,63.507519075089824,121.29917637970533,0.06475964684687414,0.1236907367752549,6.972142266181645,3.1051608073057516e-16,0.8753943999391052,0.9243980483469613,faltinsen_ch9_reduced_order_planing_plus_matched_bie_delta_from_high_frequency,heave_pitch_2x2_v1,FnB=1.67,3.56335
202,3.0114294437056905,6.155582115721081,0.9247507858868794,6.794463333333333,0.01,-0.20617235234331166,-1.6434696264013182,1.5075886876283848,-0.8963937805809863,1.6563512464976935,1.7539513849959893,1.8966746627999538,3.1610573162185793,-7.150370066926911,59.26480161447191,30.565213096529334,7.150370066926911,59.26480161447191,62.76112174788252,119.77622711047677,0.06399853339099745,0.12213776071387965,6.9011889138813975,2.3966719156591746e-16,0.8762426107572152,0.9249186398906809,faltinsen_ch9_reduced_order_planing_plus_matched_bie_delta_from_high_frequency,heave_pitch_2x2_v1,FnB=1.67,3.576033333333333
203,3.006103198397901,6.13914372640915,0.9214825082386027,6.818561666666666,0.01,-0.1991564175151001,-1.6337407446585728,1.5006935655132025,-0.8832379300891792,1.6458347728113525,1.7413185862216443,1.8896925016516521,3.1384250368111837,-6.9501840033528595,59.52092671666534,30.78235654643106,6.9501840033528595,59.52092671666534,62.0300077898437,118.2843701550303,0.06325300463445081,0.12061648998896699,6.831934090608671,1.2649686398655284e-16,0.8770823142614079,0.9254339255160261,faltinsen_ch9_reduced_order_planing_plus_matched_bie_delta_from_high_frequency,heave_pitch_2x2_v1,FnB=1.67,3.5887166666666666
204,3.0008051147062247,6.12281176773452,0.9182372508906751,6.8426599999999995,0.01,-0.19241045620955252,-1.6241642145630042,1.4938219741923107,-0.870430016736131,1.635521684211441,1.728916569593534,1.8828647693354994,3.1162034133016157,-6.756190875834818,59.77121881084295,30.993435859920055,6.756190875834818,59.77121881084295,61.31378447453871,116.82280113217746,0.0625226601077215,0.11912610435997764,6.764333131913009,2.2033351444126654e-16,0.8779136220456166,0.9259439763304887,faltinsen_ch9_reduced_order_planing_plus_matched_bie_delta_from_high_frequency,heave_pitch_2x2_v1,FnB=1.67,3.6014
205,2.9955349453359603,6.106585168366079,0.9150147714794467,6.866758333333333,0.01,-0.18592284389555153,-1.614739093881864,1.4869785395626325,-0.8579577461317239,1.6254075320339305,1.7167401292179452,1.8761884318459958,3.094383267096376,-6.568175480714217,60.015888594443965,31.198662864110588,6.568175480714217,60.015888594443965,60.6120684554695,115.39073537945782,0.06180710890617031,0.117665803693879,6.698342507567053,3.261359435165605e-16,0.8787366439127945,0.9264488622678666,faltinsen_ch9_reduced_order_planing_plus_matched_bie_delta_from_high_frequency,heave_pitch_2x2_v1,FnB=1.67,3.6140833333333333
206,2.9902924460219547,6.090462871529368,0.9118148310315923,6.890856666666664,0.01,-0.17968250363492766,-1.6054642419567067,1.4801674215171925,-0.8458092876473795,1.6154879245336806,1.7047841349541653,1.8696604583909189,3.0729555483197677,-6.385931236139442,60.2551381812801,31.398240802626788,6.385931236139442,60.2551381812801,59.92448579781757,113.98740796268542,0.061105969722400184,0.11623480797487973,6.633919817587036,2.4177001964362423e-16,0.8795514879085659,0.9269486521111366,faltinsen_ch9_reduced_order_planing_plus_matched_bie_delta_from_high_frequency,heave_pitch_2x2_v1,FnB=1.67,3.626766666666666
207,2.9850773754810453,6.074443834758163,0.9086371939050345,6.914954999999998,0.01,-0.17367888021025055,-1.596338344789502,1.473392352008652,-0.8339732600452231,1.6057585324314407,1.6930435379599795,1.863277828947124,3.0519113461321634,-6.209259814319893,60.48916146932356,31.592364702732993,6.209259814319893,60.48916146932356,59.25067197010532,112.61207360842093,0.06041887083775328,0.1148323572355707,6.571023784396387,1.2730212819297398e-16,0.8803582603541645,0.9274434135148247,faltinsen_ch9_reduced_order_planing_plus_matched_bie_delta_from_high_frequency,heave_pitch_2x2_v1,FnB=1.67,3.639449999999999
208,2.979889495365424,6.058527029651167,0.9054816277311009,6.939053333333332,0.01,-0.1679019152444943,-1.5873599376757264,1.46665667013053,-0.8224387169419723,1.5962150935511965,1.6815133752556153,1.8570375408599358,3.0312418972684245,-6.037970788268666,60.71814449396544,31.781221727980295,6.037970788268666,60.71814449396544,58.590271801413145,111.26400657048538,0.05974545007868452,0.11345771142080668,6.509614241710884,2.0378534017666812e-16,0.8811570658786689,0.927933213026873,faltinsen_ch9_reduced_order_planing_plus_matched_bie_delta_from_high_frequency,heave_pitch_2x2_v1,FnB=1.67,3.6521333333333326
209,2.9747285702168766,6.042711441633665,0.9023479033578791,6.963151666666665,0.01,-0.16234202331871075,-1.5785274256084023,1.4599633544419506,-0.8111951322213661,1.5868534166497872,1.6701887734184517,1.8509366145842756,3.010938592998751,-5.871881292763248,60.94226576701851,31.964991516640197,5.871881292763248,60.94226576701851,57.94293940914225,109.94250044034024,0.0590853547431001,0.11211015019434796,6.449652120655741,1.353472699764498e-16,0.8819480074505558,0.9284181161100226,faltinsen_ch9_reduced_order_planing_plus_matched_bie_delta_from_high_frequency,heave_pitch_2x2_v1,FnB=1.67,3.664816666666666
210,2.9695943674219034,6.026996069724039,0.8992357947947458,6.987249999999999,0.01,-0.1569900690847679,-1.5698391016576683,1.4533150527462904,-0.800232385490412,1.5776693845304204,1.6590649515093217,1.8449720986562927,2.990992984693647,-5.710815699204858,61.16169660178679,32.14384650624609,5.710815699204858,61.16169660178679,57.308338101739494,108.64686791001704,0.05843824150116451,0.11078897269711577,6.391099433565002,2.3588164567816434e-16,0.8827311864085884,0.9288981871627227,faltinsen_ch9_reduced_order_planing_plus_matched_bie_delta_from_high_frequency,heave_pitch_2x2_v1,FnB=1.67,3.6774999999999993
211,2.9644866571676767,6.011379926305011,0.8961450791580394,7.0113483333333315,0.01,-0.15183734536293864,-1.5612931635124851,1.4467141095192397,-0.7895407476586367,1.5686589565223181,1.648137223320742,1.8391410739756853,2.9713967881558747,-5.554605304021351,61.37660142455974,32.31795224459751,5.554605304021351,61.37660142455974,56.68614026028436,107.37644049525173,0.05780377627455284,0.10949349726486796,6.333919255858962,2.910087487799532e-16,0.8835067024920499,0.9293734895395792,faltinsen_ch9_reduced_order_planing_plus_matched_bie_delta_from_high_frequency,heave_pitch_2x2_v1,FnB=1.67,3.6901833333333327
212,2.95940521239884,5.995862036899525,0.8930755366178486,7.035446666666665,0.01,-0.1468755522081911,-1.5528877283545832,1.440162591167798,-0.7791108667055534,1.5598181704002294,1.6374009990279794,1.8334406574710953,2.9521418868653013,-5.4030880302298385,61.58713807291838,32.487467687612565,5.4030880302298385,61.58713807291838,56.07602720237629,106.13056822556217,0.05718163409765444,0.10822306111216591,6.278075706347624,1.8460794265294917e-16,0.8842746538703428,0.929844085571346,faltinsen_ch9_reduced_order_planing_plus_matched_bie_delta_from_high_frequency,heave_pitch_2x2_v1,FnB=1.67,3.702866666666666
213,2.9543498087751114,5.980441439951143,0.8900269503458915,7.059544999999999,0.01,-0.142096776924446,-1.5446208462197022,1.4336623092885221,-0.7689337536896378,1.5511431438100045,1.626851786315439,1.8278680052139937,2.9332203342674683,-5.2561081417560445,61.79345808125794,32.652545484431016,5.2561081417560445,61.79345808125794,55.47768903135464,104.90861930719973,0.05657149896382011,0.1069770199886809,6.223533926265384,2.2236833591130134e-16,0.8850351371719661,0.9303100365844887,faltinsen_ch9_reduced_order_planing_plus_matched_bie_delta_from_high_frequency,heave_pitch_2x2_v1,FnB=1.67,3.7155499999999995
214,2.949320224629683,5.965117186608843,0.8869991064644589,7.083643333333332,0.01,-0.13749347500236186,-1.5364905119871946,1.427214842080881,-0.7590007690416168,1.542630075259424,1.6164851910431224,1.8224203150399603,2.914624355222757,-5.113515970091328,61.99570695394908,32.8133322501881,5.113515970091328,61.99570695394908,54.890824473512495,103.70997976417128,0.05597306365936635,0.10575474781313833,6.170260057303713,3.435085506819905e-16,0.8857882475128843,0.9307714029203072,faltinsen_ch9_reduced_order_planing_plus_matched_bie_delta_from_high_frequency,heave_pitch_2x2_v1,FnB=1.67,3.728233333333333
215,2.944316240928399,5.949888340516139,0.8839917939963942,7.107741666666666,0.01,-0.13305845195352548,-1.5284946761264553,1.4208215540599571,-0.7493036091760705,1.5342752447273555,1.6062969175110924,1.8170948287305533,2.8963463467208173,-4.9751676528612165,62.19402442656576,32.96996882688563,4.9751676528612165,62.19402442656576,54.31514070564438,102.53405306189086,0.05538602958772301,0.1045556362895493,6.118221218875259,9.898885799492297e-17,0.886534078524305,0.9312282439536476,faltinsen_ch9_reduced_order_planing_plus_matched_bie_delta_from_high_frequency,heave_pitch_2x2_v1,FnB=1.67,3.7409166666666662
216,2.9393376412296894,5.934753977604397,0.8810048048160906,7.131839999999999,0.01,-0.12878484601189247,-1.520631254316983,1.4144836142018047,-0.7398342934476655,1.5260750139386818,1.596282768373638,1.8118888338036494,2.8783788779536974,-4.840924883874607,62.388544715613136,33.122590532790895,4.840924883874607,62.388544715613136,53.75035317497545,101.3802597174409,0.05481010658581213,0.10337909450978766,6.0673854848123066,2.9100820144524495e-16,0.8872727223798758,0.9316806181112081,faltinsen_ch9_reduced_order_planing_plus_matched_bie_delta_from_high_frequency,heave_pitch_2x2_v1,FnB=1.67,3.7535999999999996
217,2.934384211645249,5.919713185890266,0.8780379336014755,7.155938333333332,0.01,-0.12466611167189673,-1.5128981360482954,1.4082020126446706,-0.7305851514718209,1.5180258263474296,1.586438644249315,1.8067996649554425,2.8607146898311577,-4.710654674221331,62.57939675718893,33.27132740079725,4.710654674221331,62.57939675718893,53.1961854132638,100.24803689991805,0.05424501273448507,0.10222454854605603,6.017721859676309,2.6370760561239226e-16,0.8880042698223148,0.9321285828894353,faltinsen_ch9_reduced_order_planing_plus_matched_bie_delta_from_high_frequency,heave_pitch_2x2_v1,FnB=1.67,3.766283333333333
218,2.9294557408014428,5.90476506527712,0.875090977786964,7.180036666666666,0.01,-0.12069600403179988,-1.5052931922962303,1.4019775760597604,-0.7215488108240615,1.5101242068659848,1.576760543067976,1.801824705192915,2.8433466940125998,-4.584229123989189,62.76670443500956,33.416304406173566,4.584229123989189,62.76670443500956,52.65236884663712,99.13683802388282,0.053690474164609855,0.10109144103632008,5.969200254831248,1.469764404584453e-16,0.8887288101894899,0.9325721948720506,faltinsen_ch9_reduced_order_planing_plus_matched_bie_delta_from_high_frequency,heave_pitch_2x2_v1,FnB=1.67,3.7789666666666664
219,2.92455201980142,5.889908727360425,0.8721637375173545,7.204134999999999,0.01,-0.11686856391035041,-1.497814282363341,1.3958109817964983,-0.7127181851275838,1.502366761374225,1.5672445591914688,1.7969613866917773,2.8262679715219816,-4.46152520417661,62.95058679822665,33.557641684128726,4.46152520417661,62.95058679822665,52.11864260252306,98.04613233853398,0.05314622486019493,0.09997923076538266,5.921791464413037,2.755432419391743e-16,0.8894464314399549,0.9330115097471783,faltinsen_ch9_reduced_order_planing_plus_matched_bie_delta_from_high_frequency,heave_pitch_2x2_v1,FnB=1.67,3.7916499999999997
220,2.919672842187925,5.875143295236931,0.8692560156026489,7.228233333333333,0.01,-0.11317810370471226,-1.4904592599630606,1.3897027708990406,-0.7040864625345723,1.494750176038735,1.5578868823406014,1.792207191411301,2.8094717710048247,-4.342424548382809,63.13115826945278,33.69545473760769,4.342424548382809,63.13115826945278,51.594753314851836,96.97540451487293,0.05261200645975113,0.09888739224390891,5.8754671413083965,2.939448448244833e-16,0.8901572201779612,0.9334465823241207,faltinsen_ch9_reduced_order_planing_plus_matched_bie_delta_from_high_frequency,heave_pitch_2x2_v1,FnB=1.67,3.804333333333333
221,2.9148180039067895,5.860467903317613,0.8663676174737716,7.252331666666666,0.01,-0.10961919395778706,-1.4832259786199942,1.3836533600832743,-0.6956470946034808,1.487271216469005,1.5486837963574098,1.787559651494355,2.79295150667994,-4.226813253867562,63.30852884340641,33.82985463572811,4.226813253867562,63.30852884340641,51.08045492855087,95.92415423281078,0.052087568056931655,0.09781541528739253,5.83019977324062,2.3463369191595885e-16,0.89086126167795,0.9338774665497622,faltinsen_ch9_reduced_order_planing_plus_matched_bie_delta_from_high_frequency,heave_pitch_2x2_v1,FnB=1.67,3.8170166666666665
222,2.9099873032710875,5.8458816971442635,0.8634983511391694,7.2764299999999995,0.01,-0.10618665060344136,-1.4761122964519915,1.377663052756494,-0.6873937855716379,1.4799267267345197,1.5396316778284505,1.7830163494780191,2.776700756032555,-4.114581691581748,63.48280427657653,33.960948203255896,4.114581691581748,63.48280427657653,50.57550850420821,94.89189576988954,0.051572666001344206,0.09676280459676806,5.785962659045003,1.4776092516578766e-16,0.8915586399085433,0.9343042155246264,faltinsen_ch9_reduced_order_planing_plus_matched_bie_delta_from_high_frequency,heave_pitch_2x2_v1,FnB=1.67,3.8297
223,2.905180540925943,5.831383833209665,0.8606480271422712,7.300528333333333,0.01,-0.10287552285872166,-1.4691160803936378,1.3717320491555147,-0.6793204820202534,1.4727136282640358,1.530726994591987,1.7785749183376065,2.7607132572903725,-4.005624324780854,63.65408626829509,34.08883820150828,4.005624324780854,63.65408626829509,50.07968202365795,93.87815759304678,0.051067063700303325,0.09572907934212681,5.742729885204159,7.376677706627488e-17,0.8922494375560407,0.9347268815185862,faltinsen_ch9_reduced_order_planing_plus_matched_bie_delta_from_high_frequency,heave_pitch_2x2_v1,FnB=1.67,3.8423833333333333
224,2.9003975198139753,5.816973478781248,0.8578164585197862,7.324626666666666,0.01,-0.0996810817328547,-1.4622352099152593,1.3658604556730074,-0.6714213629269694,1.4656289186459697,1.5219663041493345,1.774233041384609,2.7449829067193927,-3.899839535844876,63.82247263359548,34.213623501060056,3.899839535844876,63.82247263359548,49.59275019713091,92.8824819546375,0.050570531422178745,0.09471377275077371,5.700476302702217,1.8440394018761871e-16,0.8929337360474352,0.935145515986244,faltinsen_ch9_reduced_order_planing_plus_matched_bie_delta_from_high_frequency,heave_pitch_2x2_v1,FnB=1.67,3.8550666666666666
225,2.89563804514137,5.802649811728172,0.8550034607608242,7.348724999999998,0.01,-0.09659880912366846,-1.4554675802865191,1.3600482934362677,-0.6636908300995262,1.4586696703466506,1.513346251998234,1.7699884520368887,2.729503755772029,-3.7971294609415622,63.988057468221285,34.33539924661642,3.7971294609415622,63.988057468221285,49.11449427251378,91.90442449373164,0.0500828461018939,0.09371643170066399,5.659177504247162,1.8810995863918257e-16,0.8936116155729591,0.935560169581979,faltinsen_ch9_reduced_order_planing_plus_matched_bie_delta_from_high_frequency,heave_pitch_2x2_v1,FnB=1.67,3.867749999999999
226,2.8909019243445537,5.788412020351728,0.8522088517668159,7.372823333333331,0.01,-0.09362438747295365,-1.448811105429135,1.3542955061976203,-0.6561234989828562,1.4518330293613237,1.5048635699041208,1.7658389334776428,2.714270008116389,-3.69739983218048,64.15093130613877,34.45425701440578,3.69739983218048,64.15093130613877,48.64470184717696,90.94355384354344,0.04960379114904373,0.09273661632009243,5.618809801901751,2.247970798088506e-16,0.8942831551081698,0.9359708921746789,faltinsen_ch9_reduced_order_planing_plus_matched_bie_delta_from_high_frequency,heave_pitch_2x2_v1,FnB=1.67,3.8804333333333325
227,2.8861889670574743,5.774259303219017,0.8494324518122184,7.396921666666665,0.01,-0.09075368995328428,-1.4422637203991198,1.3486019675908931,-0.6487141898309423,1.4451162138110718,1.4965150741232258,1.7617823182178778,2.6992760165721514,-3.600559826919863,64.31118126989134,34.57028496242867,3.600559826919863,64.31118126989134,48.18316668275435,89.99945124569794,0.04913315625902255,0.09177389959435481,5.5793502051561505,1.9440780166260437e-16,0.8949484324355858,0.9363777328621604,faltinsen_ch9_reduced_order_planing_plus_matched_bie_delta_from_high_frequency,heave_pitch_2x2_v1,FnB=1.67,3.893116666666666
228,2.881498985079462,5.760190868999812,0.8466740835059854,7.421019999999999,0.01,-0.08798277115980498,-1.4358233835351426,1.342967487804109,-0.6414579192339609,1.4385165124972545,1.4882976635897949,1.757816487575616,2.6845162799754636,-3.50652192390001,64.46889121412437,34.683567973890945,3.50652192390001,64.46889121412437,47.72968852319109,89.07171017191162,0.048670737227484516,0.09082786697996934,5.540776399468611,2.4307877281909347e-16,0.8956075241658844,0.9367807399852834,faltinsen_ch9_reduced_order_planing_plus_matched_bie_delta_from_high_frequency,heave_pitch_2x2_v1,FnB=1.67,3.9057999999999993
229,2.8768317923436637,5.7462059363065325,0.8439335717537851,7.4451183333333315,0.01,-0.08530785828152472,-1.4294880783062314,1.337391819714536,-0.6343498919906653,1.4320312834237328,1.480208318078211,1.7539393710836486,2.669985439992564,-3.4152017658898615,64.62414186259343,34.79418779413314,3.4152017658898615,64.62414186259343,47.28407291631794,88.15993595354955,0.048216335768399954,0.08989811602693025,5.503066725294819,2.7970237448953083e-16,0.896260505758669,0.9371799611417645,faltinsen_ch9_reduced_order_planing_plus_matched_bie_delta_from_high_frequency,heave_pitch_2x2_v1,FnB=1.67,3.9184833333333327
230,2.872187204886036,5.732303733537268,0.8412107437209507,7.469216666666665,0.01,-0.0827253427277182,-1.4232558148889343,1.3318746645285944,-0.6273854933155646,1.4256579522959154,1.4722440963495047,1.750148945836434,2.6556782778995074,-3.3265180285462748,64.77701093895729,34.902223161357085,3.3265180285462748,64.77701093895729,46.846131039159985,87.26374541942607,0.047769759335919995,0.08898425600936719,5.466200157621456,1.8878134910750753e-16,0.8969074515428183,0.9375754431997106,faltinsen_ch9_reduced_order_planing_plus_matched_bie_delta_from_high_frequency,heave_pitch_2x2_v1,FnB=1.67,3.931166666666666
231,2.8675650408148927,5.7184834987217865,0.8385054287961453,7.493314999999998,0.01,-0.08023177218606482,-1.4171246315012067,1.326415676965697,-0.6205602813701139,1.4193940110045369,1.4644021342904834,1.746443235785542,2.641589711343071,-3.2403922951980633,64.92757329164493,35.00774993143742,3.2403922951980633,64.92757329164493,46.41567952714148,86.38276654212419,0.04733082095021387,0.08808590756489136,5.430156286015271,1.778032964355066e-16,0.8975484347364241,0.9379672323108637,faltinsen_ch9_reduced_order_planing_plus_matched_bie_delta_from_high_frequency,heave_pitch_2x2_v1,FnB=1.67,3.9438499999999994
232,2.8629651202809825,5.704744479370447,0.835817458555725,7.517413333333332,0.01,-0.07782384309019179,-1.4110925955177618,1.3210144700220252,-0.6138699801070086,1.413237016101114,1.4566796430527034,1.7428203109920857,2.627714791096126,-3.1567489372782234,65.07590101307312,35.11084119709443,3.1567489372782234,65.07590101307312,45.9925403073101,85.51663809303774,0.04689933902740498,0.08720270234283649,5.39491529519499,2.6509826474232226e-16,0.8981835274663278,0.9383553739235606,faltinsen_ch9_reduced_order_planing_plus_matched_bie_delta_from_high_frequency,heave_pitch_2x2_v1,FnB=1.67,3.956533333333333
233,2.8583872654480973,5.69108593232597,0.8331466667287863,7.541511666666666,0.01,-0.07549839347532565,-1.4051578043892934,1.3156706193473666,-0.6073104724165793,1.4071845872711564,1.4490739071975356,1.7392782868436436,2.614048697818963,-3.075515000140939,65.2220635534785,35.21156740169164,3.075515000140939,65.2220635534785,45.57654043567004,84.66500930627313,0.04647513721369687,0.08633428266153391,5.3604579461301505,1.3818812370149055e-16,0.8988128007872663,0.9387399127954411,faltinsen_ch9_reduced_order_planing_plus_matched_bie_delta_from_high_frequency,heave_pitch_2x2_v1,FnB=1.67,3.969216666666666
234,2.853831300464197,5.677507123617994,0.8304928891628814,7.565609999999999,0.01,-0.07325239620174523,-1.3993183863858816,1.3103836672655043,-0.6008777935643158,1.4012344058104214,1.4415822828527383,1.7358153232423477,2.600586738836572,-2.996620094011149,65.3661278296176,35.30999644791015,2.996620094011149,65.3661278296176,45.16751193868399,83.82753955149174,0.0460580442237502,0.08548030117470466,5.326765557668332,1.2219098338738856e-16,0.8994363247006337,0.9391208930058773,faltinsen_ch9_reduced_order_planing_plus_matched_bie_delta_from_high_frequency,heave_pitch_2x2_v1,FnB=1.67,3.9818999999999996
235,2.8492970514330342,5.664007328320345,0.8278559637903855,7.589708333333332,0.01,-0.07108295252668498,-1.39357250118294,1.305153126466227,-0.5945681249085771,1.395384213108772,1.4342021958851787,1.732429623770061,2.587324344940464,-2.9199962898245246,65.50815832857626,35.406193801541775,2.9199962898245246,65.50815832857626,44.76529165897677,83.00389801572335,0.04564789368334423,0.08464042054699958,5.293819988689414,1.1882413097388759e-16,0.9000541681728678,0.9394983579681497,faltinsen_ch9_reduced_order_planing_plus_matched_bie_delta_from_high_frequency,heave_pitch_2x2_v1,FnB=1.67,3.994583333333333
236,2.8447843463862776,5.650585830410992,0.8252357305955043,7.613806666666665,0.01,-0.06898728600633172,-1.3879183403063953,1.2999784833948194,-0.5883777878877499,1.3896318091456377,1.4269311400937246,1.7291194348359427,2.574257067222479,-2.845578019728748,65.64821720691944,35.50022259062979,2.845578019728748,65.64821720691944,44.3697211052543,82.19376339414288,0.04524452397633677,0.08381431313867924,5.261603620783924,6.613352082813846e-17,0.9006663991534712,0.9398723504413756,faltinsen_ch9_reduced_order_planing_plus_matched_bie_delta_from_high_frequency,heave_pitch_2x2_v1,FnB=1.67,4.007266666666666
237,2.8402930152561168,5.637241922634592,0.8226320315819046,7.637904999999999,0.01,-0.06696273671042727,-1.3823541274521292,1.294859201362789,-0.5823032382662201,1.383975051000446,1.4197666754256513,1.7258830448110183,2.561380573946837,-2.773301982026254,65.7863643854003,35.59214370017759,2.773301982026254,65.7863643854003,43.98064630642873,81.39682358976061,0.04484777809591322,0.0830016606993832,5.230099341450258,1.462599189413713e-16,0.901273084592674,0.9402429125421856,faltinsen_ch9_reduced_order_planing_plus_matched_bie_delta_from_high_frequency,heave_pitch_2x2_v1,FnB=1.67,4.01995
238,2.8358228898483437,5.6239749063676,0.8200447107409576,7.662003333333333,0.01,-0.0650067557328964,-1.376878118693373,1.2897947234017868,-0.5763410606288029,1.3784118513809718,1.4127064262194835,1.7227187831539355,2.5486906474658655,-2.7031070503482795,65.92265763943982,35.682015862634216,2.7031070503482795,65.92265763943982,43.59791766992826,80.61277542195316,0.044457503500102746,0.0822021540709143,5.199290527804582,3.082312628451337e-16,0.9018742904587448,0.9406100857561656,faltinsen_ch9_reduced_order_planing_plus_matched_bie_delta_from_high_frequency,heave_pitch_2x2_v1,FnB=1.67,4.032633333333333
239,2.8313738038158967,5.610784091485861,0.8174736140205778,7.686101666666666,0.01,-0.06311689998275927,-1.3714886025883712,1.2847844748808608,-0.5704879631134702,1.3729401771720562,1.4057480794766342,1.7196250195315148,2.5361831811838607,-2.6349341868614147,66.05715268557594,35.76989574435646,2.6349341868614147,66.05715268557594,43.221389844153016,79.84132434372965,0.0440735519715224,0.08141549289893048,5.169161030795559,1.5469281639165794e-16,0.9024700817549612,0.9409739109490611,faltinsen_ch9_reduced_order_planing_plus_matched_bie_delta_from_high_frequency,heave_pitch_2x2_v1,FnB=1.67,4.0453166666666664
240,2.8269455926328595,5.597668796234659,0.8149185892946469,7.7101999999999995,0.01,-0.06129082724041016,-1.3661839001994884,1.2798278659056297,-0.5647407723725062,1.3675580480067746,1.3988893831638203,1.7166001629372936,2.523854176572826,-2.5687263593157468,66.18990326407351,35.85583802823771,2.5687263593157468,66.18990326407351,42.850921585028345,79.08218416760961,0.04369577948129927,0.08064138535341796,5.139695159915278,3.2798065683780125e-16,0.9030605225362435,0.9413344283777534,faltinsen_ch9_reduced_order_planing_plus_matched_bie_delta_from_high_frequency,heave_pitch_2x2_v1,FnB=1.67,4.058
