iteration,residual_mode,shape_mode,value,finite_difference_step,jacobian_condition_number
1,0,0,0.9489026545505583,0.0001885677177994638,443.1139934583839
1,0,1,1.9470018377190241,9.222396405713682e-05,443.1139934583839
1,0,2,2.7242256294346228,6.63788700036536e-05,443.1139934583839
1,0,3,3.2810433120640177,5.567506251117753e-05,443.1139934583839
1,0,4,3.6931361872648507,5.014887842209857e-05,443.1139934583839
1,0,5,4.013000007176411,4.6865868647066955e-05,443.1139934583839
1,0,6,4.281044857631648,4.4711350973703265e-05,443.1139934583839
1,0,7,4.512309502435724,4.318779706748034e-05,443.1139934583839
1,0,8,1.0048685408809677,0.0002894727153352485,443.1139934583839
1,1,0,-3.159767114339671,0.0001885677177994638,443.1139934583839
1,1,1,-6.4600606280855954,9.222396405713682e-05,443.1139934583839
1,1,2,-8.973540496580826,6.63788700036536e-05,443.1139934583839
1,1,3,-10.695793737765712,5.567506251117753e-05,443.1139934583839
1,1,4,-11.869980121340694,5.014887842209857e-05,443.1139934583839
1,1,5,-12.696677697064896,4.6865868647066955e-05,443.1139934583839
1,1,6,-13.303007660337608,4.4711350973703265e-05,443.1139934583839
1,1,7,-13.767352888199602,4.318779706748034e-05,443.1139934583839
1,1,8,-2.13505023202208,0.0002894727153352485,443.1139934583839
1,2,0,9.204561938364243,0.0001885677177994638,443.1139934583839
1,2,1,18.82580203283249,9.222396405713682e-05,443.1139934583839
1,2,2,26.17115990412746,6.63788700036536e-05,443.1139934583839
1,2,3,31.229451005825172,5.567506251117753e-05,443.1139934583839
1,2,4,34.71172699927127,5.014887842209857e-05,443.1139934583839
1,2,5,37.19354532129652,4.6865868647066955e-05,443.1139934583839
1,2,6,39.04754313645197,4.4711350973703265e-05,443.1139934583839
1,2,7,40.49253213423046,4.318779706748034e-05,443.1139934583839
1,2,8,6.423461036861427,0.0002894727153352485,443.1139934583839
1,3,0,0.4374146753325721,0.0001885677177994638,443.1139934583839
1,3,1,0.8946834055102028,9.222396405713682e-05,443.1139934583839
1,3,2,1.2439096309704147,6.63788700036536e-05,443.1139934583839
1,3,3,1.4846845686616454,5.567506251117753e-05,443.1139934583839
1,3,4,1.650867184037175,5.014887842209857e-05,443.1139934583839
1,3,5,1.7700637871478073,4.6865868647066955e-05,443.1139934583839
1,3,6,1.8600209799138128,4.4711350973703265e-05,443.1139934583839
1,3,7,1.9313789814388158,4.318779706748034e-05,443.1139934583839
1,3,8,0.40287179673839923,0.0002894727153352485,443.1139934583839
1,4,0,1.7009389670413833,0.0001885677177994638,443.1139934583839
1,4,1,3.481436925190744,9.222396405713682e-05,443.1139934583839
1,4,2,4.847056657943446,6.63788700036536e-05,443.1139934583839
1,4,3,5.7956569958887085,5.567506251117753e-05,443.1139934583839
1,4,4,6.4593050669401455,5.014887842209857e-05,443.1139934583839
1,4,5,6.939389093437755,4.6865868647066955e-05,443.1139934583839
1,4,6,7.3054712347960695,4.4711350973703265e-05,443.1139934583839
1,4,7,7.592785421846899,4.318779706748034e-05,443.1139934583839
1,4,8,0.7580929724051233,0.0002894727153352485,443.1139934583839
1,5,0,1.9148098848501491,0.0001885677177994638,443.1139934583839
1,5,1,3.9155468786003556,9.222396405713682e-05,443.1139934583839
1,5,2,5.441167486221959,6.63788700036536e-05,443.1139934583839
1,5,3,6.489303421585804,5.567506251117753e-05,443.1139934583839
1,5,4,7.207654907964594,5.014887842209857e-05,443.1139934583839
1,5,5,7.71722431307618,4.6865868647066955e-05,443.1139934583839
1,5,6,8.095320175137916,4.4711350973703265e-05,443.1139934583839
1,5,7,8.388803311926358,4.318779706748034e-05,443.1139934583839
1,5,8,1.3968108790990632,0.0002894727153352485,443.1139934583839
1,6,0,-0.9531952779299395,0.0001885677177994638,443.1139934583839
1,6,1,-1.9463117363868174,9.222396405713682e-05,443.1139934583839
1,6,2,-2.6965478149600863,6.63788700036536e-05,443.1139934583839
1,6,3,-3.2030624087943877,5.567506251117753e-05,443.1139934583839
1,6,4,-3.538727137817237,5.014887842209857e-05,443.1139934583839
1,6,5,-3.770092762830451,4.6865868647066955e-05,443.1139934583839
1,6,6,-3.93488813068115,4.4711350973703265e-05,443.1139934583839
1,6,7,-4.06299610692778,4.318779706748034e-05,443.1139934583839
1,6,8,-1.1811266477746456,0.0002894727153352485,443.1139934583839
1,7,0,-0.38673101623400397,0.0001885677177994638,443.1139934583839
1,7,1,-0.7907293061350263,9.222396405713682e-05,443.1139934583839
1,7,2,-1.0985820711911662,6.63788700036536e-05,443.1139934583839
1,7,3,-1.309748939582452,5.567506251117753e-05,443.1139934583839
1,7,4,-1.45401414272416,5.014887842209857e-05,443.1139934583839
1,7,5,-1.555786207287113,4.6865868647066955e-05,443.1139934583839
1,7,6,-1.6306457056903418,4.4711350973703265e-05,443.1139934583839
1,7,7,-1.6880370913665068,4.318779706748034e-05,443.1139934583839
1,7,8,-0.29920979093582983,0.0002894727153352485,443.1139934583839
1,8,0,-0.309296826839387,0.0001885677177994638,443.1139934583839
1,8,1,-0.6302120769272951,9.222396405713682e-05,443.1139934583839
1,8,2,-0.8692770345925639,6.63788700036536e-05,443.1139934583839
1,8,3,-1.0268653262215446,5.567506251117753e-05,443.1139934583839
1,8,4,-1.1264744739935004,5.014887842209857e-05,443.1139934583839
1,8,5,-1.1941757232025767,4.6865868647066955e-05,443.1139934583839
1,8,6,-1.2418877180631693,4.4711350973703265e-05,443.1139934583839
1,8,7,-1.2838664539655833,4.318779706748034e-05,443.1139934583839
1,8,8,-0.6965323327172211,0.0002894727153352485,443.1139934583839
1,9,0,0.021024235292731012,0.0001885677177994638,443.1139934583839
1,9,1,0.04305969077054002,9.222396405713682e-05,443.1139934583839
1,9,2,0.06002224073561595,6.63788700036536e-05,443.1139934583839
1,9,3,0.07191536261162348,5.567506251117753e-05,443.1139934583839
1,9,4,0.08038488143060706,5.014887842209857e-05,443.1139934583839
1,9,5,0.08673649323215166,4.6865868647066955e-05,443.1139934583839
1,9,6,0.0918378067800199,4.4711350973703265e-05,443.1139934583839
1,9,7,0.09617443164856933,4.318779706748034e-05,443.1139934583839
1,9,8,-8.364806942366347e-05,0.0002894727153352485,443.1139934583839
1,10,0,-0.303150920333395,0.0001885677177994638,443.1139934583839
1,10,1,-0.6182029325042522,9.222396405713682e-05,443.1139934583839
1,10,2,-0.8541173598302318,6.63788700036536e-05,443.1139934583839
1,10,3,-1.0116411626734874,5.567506251117753e-05,443.1139934583839
1,10,4,-1.1140544397922423,5.014887842209857e-05,443.1139934583839
1,10,5,-1.187161779528023,4.6865868647066955e-05,443.1139934583839
1,10,6,-1.2427903422536783,4.4711350973703265e-05,443.1139934583839
1,10,7,-1.2950889060041935,4.318779706748034e-05,443.1139934583839
1,10,8,-0.6740497308227358,0.0002894727153352485,443.1139934583839
1,11,0,-0.023749749910690832,0.0001885677177994638,443.1139934583839
1,11,1,-0.04850885279609709,9.222396405713682e-05,443.1139934583839
1,11,2,-0.06725331597083647,6.63788700036536e-05,443.1139934583839
1,11,3,-0.0799274744523346,5.567506251117753e-05,443.1139934583839
1,11,4,-0.08833908250293625,5.014887842209857e-05,443.1139934583839
1,11,5,-0.09401010160173728,4.6865868647066955e-05,443.1139934583839
1,11,6,-0.09788076947479661,4.4711350973703265e-05,443.1139934583839
1,11,7,-0.10056008109737605,4.318779706748034e-05,443.1139934583839
1,11,8,-0.028988718553844734,0.0002894727153352485,443.1139934583839
1,12,0,-0.2405429640330143,0.0001885677177994638,443.1139934583839
1,12,1,-0.49070545945900373,9.222396405713682e-05,443.1139934583839
1,12,2,-0.6783929619634987,6.63788700036536e-05,443.1139934583839
1,12,3,-0.8047899765558393,5.567506251117753e-05,443.1139934583839
1,12,4,-0.8886030483245362,5.014887842209857e-05,443.1139934583839
1,12,5,-0.9518132469927837,4.6865868647066955e-05,443.1139934583839
1,12,6,-1.0038689059915313,4.4711350973703265e-05,443.1139934583839
1,12,7,-1.0574326101159603,4.318779706748034e-05,443.1139934583839
1,12,8,-0.6141121115449977,0.0002894727153352485,443.1139934583839
1,13,0,-0.011511544163371556,0.0001885677177994638,443.1139934583839
1,13,1,-0.0234946993051409,9.222396405713682e-05,443.1139934583839
1,13,2,-0.03252336099057141,6.63788700036536e-05,443.1139934583839
1,13,3,-0.03855986596944642,5.567506251117753e-05,443.1139934583839
1,13,4,-0.04246965674088531,5.014887842209857e-05,443.1139934583839
1,13,5,-0.044994634310425934,4.6865868647066955e-05,443.1139934583839
1,13,6,-0.04658258807294105,4.4711350973703265e-05,443.1139934583839
1,13,7,-0.04753670445121756,4.318779706748034e-05,443.1139934583839
1,13,8,-0.016876224367872342,0.0002894727153352485,443.1139934583839
1,14,0,-0.19711657281432446,0.0001885677177994638,443.1139934583839
1,14,1,-0.4024166352953249,9.222396405713682e-05,443.1139934583839
1,14,2,-0.5571139796128705,6.63788700036536e-05,443.1139934583839
1,14,3,-0.6628093566349677,5.567506251117753e-05,443.1139934583839
1,14,4,-0.7351145172320132,5.014887842209857e-05,443.1139934583839
1,14,5,-0.7934188701651953,4.6865868647066955e-05,443.1139934583839
1,14,6,-0.8455558268394268,4.4711350973703265e-05,443.1139934583839
1,14,7,-0.9031810291517329,4.318779706748034e-05,443.1139934583839
1,14,8,-0.5739105843881972,0.0002894727153352485,443.1139934583839
1,15,0,-0.010702519502411268,0.0001885677177994638,443.1139934583839
1,15,1,-0.02184977132079956,9.222396405713682e-05,443.1139934583839
1,15,2,-0.0302634832805531,6.63788700036536e-05,443.1139934583839
1,15,3,-0.03591070627514988,5.567506251117753e-05,443.1139934583839
1,15,4,-0.03959796069756513,5.014887842209857e-05,443.1139934583839
1,15,5,-0.04201146459635676,4.6865868647066955e-05,443.1139934583839
1,15,6,-0.04356952812494513,4.4711350973703265e-05,443.1139934583839
1,15,7,-0.044550637004888136,4.318779706748034e-05,443.1139934583839
1,15,8,-0.014448338302612726,0.0002894727153352485,443.1139934583839
1,16,0,-0.1569816440557429,0.0001885677177994638,443.1139934583839
1,16,1,-0.3208612644384559,9.222396405713682e-05,443.1139934583839
1,16,2,-0.4451986818995581,6.63788700036536e-05,443.1139934583839
1,16,3,-0.5320106269265552,5.567506251117753e-05,443.1139934583839
1,16,4,-0.5940650469996871,5.014887842209857e-05,443.1139934583839
1,16,5,-0.6483719486532586,4.6865868647066955e-05,443.1139934583839
1,16,6,-0.701268710982715,4.4711350973703265e-05,443.1139934583839
1,16,7,-0.7634777238573924,4.318779706748034e-05,443.1139934583839
1,16,8,-0.5401280049283502,0.0002894727153352485,443.1139934583839
1,17,0,-0.008186919987979569,0.0001885677177994638,443.1139934583839
1,17,1,-0.016713672574082575,9.222396405713682e-05,443.1139934583839
1,17,2,-0.023148390078077077,6.63788700036536e-05,443.1139934583839
1,17,3,-0.027467622361826368,5.567506251117753e-05,443.1139934583839
1,17,4,-0.03028884963408,5.014887842209857e-05,443.1139934583839
1,17,5,-0.03214311005477245,4.6865868647066955e-05,443.1139934583839
1,17,6,-0.03335084173081572,4.4711350973703265e-05,443.1139934583839
1,17,7,-0.03413215802475743,4.318779706748034e-05,443.1139934583839
1,17,8,-0.011910957360340322,0.0002894727153352485,443.1139934583839
1,18,0,-0.1271369249857939,0.0001885677177994638,443.1139934583839
1,18,1,-0.2603492148356823,9.222396405713682e-05,443.1139934583839
1,18,2,-0.3625265684776824,6.63788700036536e-05,443.1139934583839
1,18,3,-0.4360824732110718,5.567506251117753e-05,443.1139934583839
1,18,4,-0.4917239408088099,5.014887842209857e-05,443.1139934583839
1,18,5,-0.5447151584695447,4.6865868647066955e-05,443.1139934583839
1,18,6,-0.6002927783150408,4.4711350973703265e-05,443.1139934583839
1,18,7,-0.6684706212801848,4.318779706748034e-05,443.1139934583839
1,18,8,-0.5142338634574879,0.0002894727153352485,443.1139934583839
1,19,0,-0.006205256771360926,0.0001885677177994638,443.1139934583839
1,19,1,-0.01266710573220418,9.222396405713682e-05,443.1139934583839
1,19,2,-0.017540748872235275,6.63788700036536e-05,443.1139934583839
1,19,3,-0.020810044195539175,5.567506251117753e-05,443.1139934583839
1,19,4,-0.02294292256639538,5.014887842209857e-05,443.1139934583839
1,19,5,-0.024349515898507045,4.6865868647066955e-05,443.1139934583839
1,19,6,-0.025272780160037703,4.4711350973703265e-05,443.1139934583839
1,19,7,-0.025888251012428348,4.318779706748034e-05,443.1139934583839
1,19,8,-0.009765223083777702,0.0002894727153352485,443.1139934583839
1,20,0,-0.10261519732163053,0.0001885677177994638,443.1139934583839
1,20,1,-0.21072056080846058,9.222396405713682e-05,443.1139934583839
1,20,2,-0.294973142160141,6.63788700036536e-05,443.1139934583839
1,20,3,-0.3581710814712978,5.567506251117753e-05,443.1139934583839
1,20,4,-0.4093619693927314,5.014887842209857e-05,443.1139934583839
1,20,5,-0.4623853467161201,4.6865868647066955e-05,443.1139934583839
1,20,6,-0.5215722541178233,4.4711350973703265e-05,443.1139934583839
1,20,7,-0.5963311241825429,4.318779706748034e-05,443.1139934583839
1,20,8,-0.49284093400349116,0.0002894727153352485,443.1139934583839
1,21,0,-0.005321042043161872,0.0001885677177994638,443.1139934583839
1,21,1,-0.010863018331204587,9.222396405713682e-05,443.1139934583839
1,21,2,-0.015044700708134153,6.63788700036536e-05,443.1139934583839
1,21,3,-0.017853195867567357,5.567506251117753e-05,443.1139934583839
1,21,4,-0.01968987750032487,5.014887842209857e-05,443.1139934583839
1,21,5,-0.020909210029175587,4.6865868647066955e-05,443.1139934583839
1,21,6,-0.021719881418194375,4.4711350973703265e-05,443.1139934583839
1,21,7,-0.02227612170220902,4.318779706748034e-05,443.1139934583839
1,21,8,-0.008144005669977559,0.0002894727153352485,443.1139934583839
1,22,0,-0.08031059392185089,0.0001885677177994638,443.1139934583839
1,22,1,-0.16563010686763674,9.222396405713682e-05,443.1139934583839
1,22,2,-0.23373738532026175,6.63788700036536e-05,443.1139934583839
1,22,3,-0.28781168792745765,5.567506251117753e-05,443.1139934583839
1,22,4,-0.33540620203197236,5.014887842209857e-05,443.1139934583839
1,22,5,-0.3890631146392442,4.6865868647066955e-05,443.1139934583839
1,22,6,-0.4522781224941748,4.4711350973703265e-05,443.1139934583839
1,22,7,-0.5338817398406798,4.318779706748034e-05,443.1139934583839
1,22,8,-0.4745196191566288,0.0002894727153352485,443.1139934583839
1,23,0,-0.004445780978380155,0.0001885677177994638,443.1139934583839
1,23,1,-0.009077210591217027,9.222396405713682e-05,443.1139934583839
1,23,2,-0.012573938531747616,6.63788700036536e-05,443.1139934583839
1,23,3,-0.01492739041927071,5.567506251117753e-05,443.1139934583839
1,23,4,-0.016473507003994792,5.014887842209857e-05,443.1139934583839
1,23,5,-0.017514080518847876,4.6865868647066955e-05,443.1139934583839
1,23,6,-0.018224027856144107,4.4711350973703265e-05,443.1139934583839
1,23,7,-0.018738468696363437,4.318779706748034e-05,443.1139934583839
1,23,8,-0.006922389189720778,0.0002894727153352485,443.1139934583839
1,24,0,-0.06233064322512247,0.0001885677177994638,443.1139934583839
1,24,1,-0.12938304751091084,9.222396405713682e-05,443.1139934583839
1,24,2,-0.18478886180703535,6.63788700036536e-05,443.1139934583839
1,24,3,-0.23209645279287794,5.567506251117753e-05,443.1139934583839
1,24,4,-0.27768667301410893,5.014887842209857e-05,443.1139934583839
1,24,5,-0.3330583326917173,4.6865868647066955e-05,443.1139934583839
1,24,6,-0.40102256082914156,4.4711350973703265e-05,443.1139934583839
1,24,7,-0.4899050042128202,4.318779706748034e-05,443.1139934583839
1,24,8,-0.45930116249930264,0.0002894727153352485,443.1139934583839
1,25,0,-0.0036433948508766403,0.0001885677177994638,443.1139934583839
1,25,1,-0.007439336609320069,9.222396405713682e-05,443.1139934583839
1,25,2,-0.010305881611246834,6.63788700036536e-05,443.1139934583839
1,25,3,-0.01223754592079773,5.567506251117753e-05,443.1139934583839
1,25,4,-0.013509987633656406,5.014887842209857e-05,443.1139934583839
1,25,5,-0.01437577582269233,4.6865868647066955e-05,443.1139934583839
1,25,6,-0.014978581365431986,4.4711350973703265e-05,443.1139934583839
1,25,7,-0.015435338658147892,4.318779706748034e-05,443.1139934583839
1,25,8,-0.0057893753254879,0.0002894727153352485,443.1139934583839
1,26,0,-0.0467016856724981,0.0001885677177994638,443.1139934583839
1,26,1,-0.09794465577983066,9.222396405713682e-05,443.1139934583839
1,26,2,-0.14252419309153228,6.63788700036536e-05,443.1139934583839
1,26,3,-0.1843496771884789,5.567506251117753e-05,443.1139934583839
1,26,4,-0.22880038275669926,5.014887842209857e-05,443.1139934583839
1,26,5,-0.28646161914997387,4.6865868647066955e-05,443.1139934583839
1,26,6,-0.35953047893797035,4.4711350973703265e-05,443.1139934583839
1,26,7,-0.4558516442731755,4.318779706748034e-05,443.1139934583839
1,26,8,-0.4460827585200253,0.0002894727153352485,443.1139934583839
1,27,0,-0.0031961536322799265,0.0001885677177994638,443.1139934583839
1,27,1,-0.006526951159228937,9.222396405713682e-05,443.1139934583839
1,27,2,-0.009043828510495027,6.63788700036536e-05,443.1139934583839
1,27,3,-0.010743379900374739,5.567506251117753e-05,443.1139934583839
1,27,4,-0.011867628868070409,5.014887842209857e-05,443.1139934583839
1,27,5,-0.012641953213494272,4.6865868647066955e-05,443.1139934583839
1,27,6,-0.01319271340200256,4.4711350973703265e-05,443.1139934583839
1,27,7,-0.013626970819725942,4.318779706748034e-05,443.1139934583839
1,27,8,-0.004927644083758988,0.0002894727153352485,443.1139934583839
1,28,0,-0.032784564730788716,0.0001885677177994638,443.1139934583839
1,28,1,-0.07000811020412875,9.222396405713682e-05,443.1139934583839
1,28,2,-0.10512783779569497,6.63788700036536e-05,443.1139934583839
1,28,3,-0.14240631493582465,5.567506251117753e-05,443.1139934583839
1,28,4,-0.1863421931919118,5.014887842209857e-05,443.1139934583839
1,28,5,-0.24669541302335235,4.6865868647066955e-05,443.1139934583839
1,28,6,-0.325092374809657,4.4711350973703265e-05,443.1139934583839
1,28,7,-0.4289033421726936,4.318779706748034e-05,443.1139934583839
1,28,8,-0.4343319727271239,0.0002894727153352485,443.1139934583839
1,29,0,-0.002761624329087035,0.0001885677177994638,443.1139934583839
1,29,1,-0.005640318671564426,9.222396405713682e-05,443.1139934583839
1,29,2,-0.00781694299377638,6.63788700036536e-05,443.1139934583839
1,29,3,-0.00929007037618955,5.567506251117753e-05,443.1139934583839
1,29,4,-0.010269084066914673,5.014887842209857e-05,443.1139934583839
1,29,5,-0.010952948245240297,4.6865868647066955e-05,443.1139934583839
1,29,6,-0.011450999227741879,4.4711350973703265e-05,443.1139934583839
1,29,7,-0.011860487842569606,4.318779706748034e-05,443.1139934583839
1,29,8,-0.004189545305734353,0.0002894727153352485,443.1139934583839
1,30,0,-0.021024468303480485,0.0001885677177994638,443.1139934583839
1,30,1,-0.04648197315304078,9.222396405713682e-05,443.1139934583839
1,30,2,-0.07385703694115335,6.63788700036536e-05,443.1139934583839
1,30,3,-0.10775484475579354,5.567506251117753e-05,443.1139934583839
1,30,4,-0.15194620998900263,5.014887842209857e-05,443.1139934583839
1,30,5,-0.21547934535786245,4.6865868647066955e-05,443.1139934583839
1,30,6,-0.29946896608401746,4.4711350973703265e-05,443.1139934583839
1,30,7,-0.41082580597012464,4.318779706748034e-05,443.1139934583839
1,30,8,-0.4239113191423242,0.0002894727153352485,443.1139934583839
1,31,0,-0.0023543511672330622,0.0001885677177994638,443.1139934583839
1,31,1,-0.004809212525919719,9.222396405713682e-05,443.1139934583839
1,31,2,-0.006666654923509542,6.63788700036536e-05,443.1139934583839
1,31,3,-0.007927059511714202,5.567506251117753e-05,443.1139934583839
1,31,4,-0.008769203970701677,5.014887842209857e-05,443.1139934583839
1,31,5,-0.00936747400816259,4.6865868647066955e-05,443.1139934583839
1,31,6,-0.009815180647064948,4.4711350973703265e-05,443.1139934583839
1,31,7,-0.010200558720084707,4.318779706748034e-05,443.1139934583839
1,31,8,-0.0035622430708198475,0.0002894727153352485,443.1139934583839
1,32,0,-0.011422365433903662,0.0001885677177994638,443.1139934583839
1,32,1,-0.027365937450815107,9.222396405713682e-05,443.1139934583839
1,32,2,-0.04870484898209626,6.63788700036536e-05,443.1139934583839
1,32,3,-0.080374260555371,5.567506251117753e-05,443.1139934583839
1,32,4,-0.12556812998019132,5.014887842209857e-05,443.1139934583839
1,32,5,-0.19273474432109336,4.6865868647066955e-05,443.1139934583839
1,32,6,-0.28253421629204145,4.4711350973703265e-05,443.1139934583839
1,32,7,-0.4014307137431215,4.318779706748034e-05,443.1139934583839
1,32,8,-0.414516273126608,0.0002894727153352485,443.1139934583839
1,33,0,-0.0020475083412902647,0.0001885677177994638,443.1139934583839
1,33,1,-0.0041828785018948305,9.222396405713682e-05,443.1139934583839
1,33,2,-0.0057993076657388235,6.63788700036536e-05,443.1139934583839
1,33,3,-0.006898347165525196,5.567506251117753e-05,443.1139934583839
1,33,4,-0.007635473720438955,5.014887842209857e-05,443.1139934583839
1,33,5,-0.008166323213727534,4.6865868647066955e-05,443.1139934583839
1,33,6,-0.00857194091690648,4.4711350973703265e-05,443.1139934583839
1,33,7,-0.008933546981268196,4.318779706748034e-05,443.1139934583839
1,33,8,-0.00302027255457998,0.0002894727153352485,443.1139934583839
1,34,0,-0.0033819745443267684,0.0001885677177994638,443.1139934583839
1,34,1,-0.011440362429211278,9.222396405713682e-05,443.1139934583839
1,34,2,-0.027975686116001576,6.63788700036536e-05,443.1139934583839
1,34,3,-0.058240781663821566,5.567506251117753e-05,443.1139934583839
1,34,4,-0.10495734710945237,5.014887842209857e-05,443.1139934583839
1,34,5,-0.17604740360905083,4.6865868647066955e-05,443.1139934583839
1,34,6,-0.27174845342191734,4.4711350973703265e-05,443.1139934583839
1,34,7,-0.39807577925023685,4.318779706748034e-05,443.1139934583839
1,34,8,-0.40577540135815976,0.0002894727153352485,443.1139934583839
1,35,0,-0.0017970286674924337,0.0001885677177994638,443.1139934583839
1,35,1,-0.00367157069247955,9.222396405713682e-05,443.1139934583839
1,35,2,-0.005091045223066727,6.63788700036536e-05,443.1139934583839
1,35,3,-0.0060579470416158845,5.567506251117753e-05,443.1139934583839
1,35,4,-0.006708624617046774,5.014887842209857e-05,443.1139934583839
1,35,5,-0.007183304013981734,4.6865868647066955e-05,443.1139934583839
1,35,6,-0.007552908121217181,4.4711350973703265e-05,443.1139934583839
1,35,7,-0.007892769352097276,4.318779706748034e-05,443.1139934583839
1,35,8,-0.002561253160205528,0.0002894727153352485,443.1139934583839
1,36,0,0.0030021445222602923,0.0001885677177994638,443.1139934583839
1,36,1,0.0011031993885211807,9.222396405713682e-05,443.1139934583839
1,36,2,-0.011930487486442229,6.63788700036536e-05,443.1139934583839
1,36,3,-0.04165546223771527,5.567506251117753e-05,443.1139934583839
1,36,4,-0.09043139058796325,5.014887842209857e-05,443.1139934583839
1,36,5,-0.1657321413066469,4.6865868647066955e-05,443.1139934583839
1,36,6,-0.2674071353872,4.4711350973703265e-05,443.1139934583839
1,36,7,-0.4010215870565914,4.318779706748034e-05,443.1139934583839
1,36,8,-0.39753687881170624,0.0002894727153352485,443.1139934583839
1,37,0,-0.001598780863048851,0.0001885677177994638,443.1139934583839
1,37,1,-0.003266673080309198,9.222396405713682e-05,443.1139934583839
1,37,2,-0.004529736832283767,6.63788700036536e-05,443.1139934583839
1,37,3,-0.005390887919975966,5.567506251117753e-05,443.1139934583839
1,37,4,-0.005971170153497152,5.014887842209857e-05,443.1139934583839
1,37,5,-0.006398593690804775,4.6865868647066955e-05,443.1139934583839
1,37,6,-0.006735715977647214,4.4711350973703265e-05,443.1139934583839
1,37,7,-0.007053162650459086,4.318779706748034e-05,443.1139934583839
1,37,8,-0.002164479873027665,0.0002894727153352485,443.1139934583839
1,38,0,0.008060592510791147,0.0001885677177994638,443.1139934583839
1,38,1,0.010941615920267727,9.222396405713682e-05,443.1139934583839
1,38,2,0.00037361208958376483,6.63788700036536e-05,443.1139934583839
1,38,3,-0.0294894047109447,5.567506251117753e-05,443.1139934583839
1,38,4,-0.08072905187432916,5.014887842209857e-05,443.1139934583839
1,38,5,-0.16042779314115582,4.6865868647066955e-05,443.1139934583839
1,38,6,-0.2680671031252995,4.4711350973703265e-05,443.1139934583839
1,38,7,-0.40875262370113824,4.318779706748034e-05,443.1139934583839
1,38,8,-0.38956396350204625,0.0002894727153352485,443.1139934583839
1,39,0,-0.0013784096189518018,0.0001885677177994638,443.1139934583839
1,39,1,-0.0028164402106025436,9.222396405713682e-05,443.1139934583839
1,39,2,-0.0039049679569960424,6.63788700036536e-05,443.1139934583839
1,39,3,-0.0046473919509818565,5.567506251117753e-05,443.1139934583839
1,39,4,-0.005147654480998803,5.014887842209857e-05,443.1139934583839
1,39,5,-0.005519717040156675,4.6865868647066955e-05,443.1139934583839
1,39,6,-0.00581710600530313,4.4711350973703265e-05,443.1139934583839
1,39,7,-0.0061047319846039534,4.318779706748034e-05,443.1139934583839
1,39,8,-0.001804015810591321,0.0002894727153352485,443.1139934583839
1,40,0,0.010631907011917366,0.0001885677177994638,443.1139934583839
1,40,1,0.015704491059797543,9.222396405713682e-05,443.1139934583839
1,40,2,0.005655798727199147,6.63788700036536e-05,443.1139934583839
1,40,3,-0.025629790204709537,5.567506251117753e-05,443.1139934583839
1,40,4,-0.08012594041356914,5.014887842209857e-05,443.1139934583839
1,40,5,-0.16465156327840275,4.6865868647066955e-05,443.1139934583839
1,40,6,-0.2783848315884908,4.4711350973703265e-05,443.1139934583839
1,40,7,-0.4259895893509165,4.318779706748034e-05,443.1139934583839
1,40,8,-0.38199820508438637,0.0002894727153352485,443.1139934583839
1,41,0,-0.0011694818276246693,0.0001885677177994638,443.1139934583839
1,41,1,-0.0023892346436247243,9.222396405713682e-05,443.1139934583839
1,41,2,-0.0033113428355907976,6.63788700036536e-05,443.1139934583839
1,41,3,-0.0039392921029593,5.567506251117753e-05,443.1139934583839
1,41,4,-0.004360594155139043,5.014887842209857e-05,443.1139934583839
1,41,5,-0.004676075893800411,4.6865868647066955e-05,443.1139934583839
1,41,6,-0.00493028935637957,4.4711350973703265e-05,443.1139934583839
1,41,7,-0.005183074756436993,4.318779706748034e-05,443.1139934583839
1,41,8,-0.0014817994179114383,0.0002894727153352485,443.1139934583839
1,42,0,0.01249295355187648,0.0001885677177994638,443.1139934583839
1,42,1,0.019021643041263452,9.222396405713682e-05,443.1139934583839
1,42,2,0.008949858891517384,6.63788700036536e-05,443.1139934583839
1,42,3,-0.02409389051433026,5.567506251117753e-05,443.1139934583839
1,42,4,-0.08201117548342068,5.014887842209857e-05,443.1139934583839
1,42,5,-0.17137568559967217,4.6865868647066955e-05,443.1139934583839
1,42,6,-0.29105642372243384,4.4711350973703265e-05,443.1139934583839
1,42,7,-0.4452516012226129,4.318779706748034e-05,443.1139934583839
1,42,8,-0.3743458005636732,0.0002894727153352485,443.1139934583839
1,43,0,-0.0012528985448659851,0.0001885677177994638,443.1139934583839
1,43,1,-0.002557712172482809,9.222396405713682e-05,443.1139934583839
1,43,2,-0.0035395299486164914,6.63788700036536e-05,443.1139934583839
1,43,3,-0.004199676785816145,5.567506251117753e-05,443.1139934583839
1,43,4,-0.004630592161343158,5.014887842209857e-05,443.1139934583839
1,43,5,-0.004936493341946074,4.6865868647066955e-05,443.1139934583839
1,43,6,-0.005164739307034621,4.4711350973703265e-05,443.1139934583839
1,43,7,-0.005375899827285257,4.318779706748034e-05,443.1139934583839
1,43,8,-0.0011895284655911457,0.0002894727153352485,443.1139934583839
1,44,0,0.017661060147746776,0.0001885677177994638,443.1139934583839
1,44,1,0.029090794275293597,9.222396405713682e-05,443.1139934583839
1,44,2,0.021599606749741353,6.63788700036536e-05,443.1139934583839
1,44,3,-0.01144483734913743,5.567506251117753e-05,443.1139934583839
1,44,4,-0.07160761762615765,5.014887842209857e-05,443.1139934583839
1,44,5,-0.16498883437172623,4.6865868647066955e-05,443.1139934583839
1,44,6,-0.2899840986881202,4.4711350973703265e-05,443.1139934583839
1,44,7,-0.4502065400614323,4.318779706748034e-05,443.1139934583839
1,44,8,-0.3659966367220887,0.0002894727153352485,443.1139934583839
1,45,0,-0.00138022943176667,0.0001885677177994638,443.1139934583839
1,45,1,-0.0028164736890608643,9.222396405713682e-05,443.1139934583839
1,45,2,-0.0038946964756317063,6.63788700036536e-05,443.1139934583839
1,45,3,-0.00461438777843447,5.567506251117753e-05,443.1139934583839
1,45,4,-0.005076786011883269,5.014887842209857e-05,443.1139934583839
1,45,5,-0.005392396903617896,4.6865868647066955e-05,443.1139934583839
1,45,6,-0.005613187975808149,4.4711350973703265e-05,443.1139934583839
1,45,7,-0.005801626244508888,4.318779706748034e-05,443.1139934583839
1,45,8,-0.0009810399448512612,0.0002894727153352485,443.1139934583839
1,46,0,0.023771119310147443,0.0001885677177994638,443.1139934583839
1,46,1,0.04108141077117727,9.222396405713682e-05,443.1139934583839
1,46,2,0.036909523578208356,6.63788700036536e-05,443.1139934583839
1,46,3,0.004366849856997616,5.567506251117753e-05,443.1139934583839
1,46,4,-0.05768711230359008,5.014887842209857e-05,443.1139934583839
1,46,5,-0.15479465812371698,4.6865868647066955e-05,443.1139934583839
1,46,6,-0.28480559933267113,4.4711350973703265e-05,443.1139934583839
1,46,7,-0.45068342644581627,4.318779706748034e-05,443.1139934583839
1,46,8,-0.3574572477318649,0.0002894727153352485,443.1139934583839
1,47,0,-0.0011967432165219157,0.0001885677177994638,443.1139934583839
1,47,1,-0.002442273968756679,9.222396405713682e-05,443.1139934583839
1,47,2,-0.003377473211814201,6.63788700036536e-05,443.1139934583839
1,47,3,-0.004002765433425987,5.567506251117753e-05,443.1139934583839
1,47,4,-0.004405623978739408,5.014887842209857e-05,443.1139934583839
1,47,5,-0.004684972948667689,4.6865868647066955e-05,443.1139934583839
1,47,6,-0.004885136535068576,4.4711350973703265e-05,443.1139934583839
1,47,7,-0.005063474706451053,4.318779706748034e-05,443.1139934583839
1,47,8,-0.0008210479059588195,0.0002894727153352485,443.1139934583839
1,48,0,0.026024749317606267,0.0001885677177994638,443.1139934583839
1,48,1,0.045204130104906676,9.222396405713682e-05,443.1139934583839
1,48,2,0.041339595735296844,6.63788700036536e-05,443.1139934583839
1,48,3,0.0073160249404459745,5.567506251117753e-05,443.1139934583839
1,48,4,-0.05785042146877651,5.014887842209857e-05,443.1139934583839
1,48,5,-0.1593525732440074,4.6865868647066955e-05,443.1139934583839
1,48,6,-0.2946091680504532,4.4711350973703265e-05,443.1139934583839
1,48,7,-0.465983611106445,4.318779706748034e-05,443.1139934583839
1,48,8,-0.34926526860968476,0.0002894727153352485,443.1139934583839
1,49,0,-0.0008245516321977977,0.0001885677177994638,443.1139934583839
1,49,1,-0.0016830541510964934,9.222396405713682e-05,443.1139934583839
1,49,2,-0.002327521244972206,6.63788700036536e-05,443.1139934583839
1,49,3,-0.002760301358816161,5.567506251117753e-05,443.1139934583839
1,49,4,-0.0030408421680947913,5.014887842209857e-05,443.1139934583839
1,49,5,-0.0032453646129065915,4.6865868647066955e-05,443.1139934583839
1,49,6,-0.00340294726528246,4.4711350973703265e-05,443.1139934583839
1,49,7,-0.0035617594173612535,4.318779706748034e-05,443.1139934583839
1,49,8,-0.0006590340602179408,0.0002894727153352485,443.1139934583839
1,50,0,0.024142253715224264,0.0001885677177994638,443.1139934583839
1,50,1,0.040893852652637695,9.222396405713682e-05,443.1139934583839
1,50,2,0.034123086195461255,6.63788700036536e-05,443.1139934583839
1,50,3,-0.0034772856635410924,5.567506251117753e-05,443.1139934583839
1,50,4,-0.07302139348570941,5.014887842209857e-05,443.1139934583839
1,50,5,-0.17957747392581577,4.6865868647066955e-05,443.1139934583839
1,50,6,-0.3202589827035252,4.4711350973703265e-05,443.1139934583839
1,50,7,-0.49688677172725004,4.318779706748034e-05,443.1139934583839
1,50,8,-0.34118617500737775,0.0002894727153352485,443.1139934583839
1,51,0,-0.0008669137449965563,0.0001885677177994638,443.1139934583839
1,51,1,-0.0017678983011268448,9.222396405713682e-05,443.1139934583839
1,51,2,-0.002440347363996011,6.63788700036536e-05,443.1139934583839
1,51,3,-0.0028849589010529167,5.567506251117753e-05,443.1139934583839
1,51,4,-0.0031631733040965136,5.014887842209857e-05,443.1139934583839
1,51,5,-0.0033529767336985907,4.6865868647066955e-05,443.1139934583839
1,51,6,-0.0034844026376527606,4.4711350973703265e-05,443.1139934583839
1,51,7,-0.0036062643553360363,4.318779706748034e-05,443.1139934583839
1,51,8,-0.000493524343969597,0.0002894727153352485,443.1139934583839
1,52,0,0.027651178284182804,0.0001885677177994638,443.1139934583839
1,52,1,0.04758883684525723,9.222396405713682e-05,443.1139934583839
1,52,2,0.04214776803027489,6.63788700036536e-05,443.1139934583839
1,52,3,0.003814763879219407,5.567506251117753e-05,443.1139934583839
1,52,4,-0.0682334076426915,5.014887842209857e-05,443.1139934583839
1,52,5,-0.1785811388231152,4.6865868647066955e-05,443.1139934583839
1,52,6,-0.3237896742360893,4.4711350973703265e-05,443.1139934583839
1,52,7,-0.5049675242374988,4.318779706748034e-05,443.1139934583839
1,52,8,-0.33210001696471697,0.0002894727153352485,443.1139934583839
1,53,0,-0.0011331608066497165,0.0001885677177994638,443.1139934583839
1,53,1,-0.0023084273545159704,9.222396405713682e-05,443.1139934583839
1,53,2,-0.003180847358657057,6.63788700036536e-05,443.1139934583839
1,53,3,-0.0037473178793193413,5.567506251117753e-05,443.1139934583839
1,53,4,-0.0040879124975600365,5.014887842209857e-05,443.1139934583839
1,53,5,-0.004294501487806529,4.6865868647066955e-05,443.1139934583839
1,53,6,-0.00440772281392919,4.4711350973703265e-05,443.1139934583839
1,53,7,-0.004481371964303432,4.318779706748034e-05,443.1139934583839
1,53,8,-0.00033199905455309585,0.0002894727153352485,443.1139934583839
1,54,0,0.03325487683369769,0.0001885677177994638,443.1139934583839
1,54,1,0.05855519026850354,9.222396405713682e-05,443.1139934583839
1,54,2,0.05607786473009007,6.63788700036536e-05,443.1139934583839
1,54,3,0.018102709146764113,5.567506251117753e-05,443.1139934583839
1,54,4,-0.05572739663403081,5.014887842209857e-05,443.1139934583839
1,54,5,-0.16935578889884653,4.6865868647066955e-05,443.1139934583839
1,54,6,-0.31867214291498447,4.4711350973703265e-05,443.1139934583839
1,54,7,-0.5039804859184591,4.318779706748034e-05,443.1139934583839
1,54,8,-0.3226930238018252,0.0002894727153352485,443.1139934583839
1,55,0,-0.000899841406120855,0.0001885677177994638,443.1139934583839
1,55,1,-0.0018342708810778498,9.222396405713682e-05,443.1139934583839
1,55,2,-0.002529990853582745,6.63788700036536e-05,443.1139934583839
1,55,3,-0.0029864526438499565,5.567506251117753e-05,443.1139934583839
1,55,4,-0.0032668026803967377,5.014887842209857e-05,443.1139934583839
1,55,5,-0.0034490644439458575,4.6865868647066955e-05,443.1139934583839
1,55,6,-0.003563779217897261,4.4711350973703265e-05,443.1139934583839
1,55,7,-0.0036583614418594563,4.318779706748034e-05,443.1139934583839
1,55,8,-0.0002990294362669572,0.0002894727153352485,443.1139934583839
1,56,0,0.03255911379065042,0.0001885677177994638,443.1139934583839
1,56,1,0.056679059319050006,9.222396405713682e-05,443.1139934583839
1,56,2,0.052274168235080076,6.63788700036536e-05,443.1139934583839
1,56,3,0.011466827567820618,5.567506251117753e-05,443.1139934583839
1,56,4,-0.06607799600870523,5.014887842209857e-05,443.1139934583839
1,56,5,-0.18401819694055455,4.6865868647066955e-05,443.1139934583839
1,56,6,-0.3377819636021385,4.4711350973703265e-05,443.1139934583839
1,56,7,-0.5269811668660351,4.318779706748034e-05,443.1139934583839
1,56,8,-0.31343789687800655,0.0002894727153352485,443.1139934583839
1,57,0,-0.0006442095218194175,0.0001885677177994638,443.1139934583839
1,57,1,-0.0013127852681670959,9.222396405713682e-05,443.1139934583839
1,57,2,-0.0018086695232174474,6.63788700036536e-05,443.1139934583839
1,57,3,-0.002132430079834039,5.567506251117753e-05,443.1139934583839
1,57,4,-0.0023277819965477277,5.014887842209857e-05,443.1139934583839
1,57,5,-0.002456821426163935,4.6865868647066955e-05,443.1139934583839
1,57,6,-0.002539282647088559,4.4711350973703265e-05,443.1139934583839
1,57,7,-0.0026158817205753763,4.318779706748034e-05,443.1139934583839
1,57,8,-0.00020560684779735423,0.0002894727153352485,443.1139934583839
1,58,0,0.030631892515172933,0.0001885677177994638,443.1139934583839
1,58,1,0.05230111708586168,9.222396405713682e-05,443.1139934583839
1,58,2,0.045042261854430846,6.63788700036536e-05,443.1139934583839
1,58,3,0.0008443075146031564,5.567506251117753e-05,443.1139934583839
1,58,4,-0.08067377003211737,5.014887842209857e-05,443.1139934583839
1,58,5,-0.20292912173258745,4.6865868647066955e-05,443.1139934583839
1,58,6,-0.3609014144267271,4.4711350973703265e-05,443.1139934583839
1,58,7,-0.5535024169052052,4.318779706748034e-05,443.1139934583839
1,58,8,-0.3037436303483283,0.0002894727153352485,443.1139934583839
1,59,0,-0.0006809427106130123,0.0001885677177994638,443.1139934583839
1,59,1,-0.0013863388450167753,9.222396405713682e-05,443.1139934583839
1,59,2,-0.0019065187685193686,6.63788700036536e-05,443.1139934583839
1,59,3,-0.0022406201107425866,5.567506251117753e-05,443.1139934583839
1,59,4,-0.0024341010743316655,5.014887842209857e-05,443.1139934583839
1,59,5,-0.0025505242138077456,4.6865868647066955e-05,443.1139934583839
1,59,6,-0.0026106024607037187,4.4711350973703265e-05,443.1139934583839
1,59,7,-0.002655528703788262,4.318779706748034e-05,443.1139934583839
1,59,8,-0.00010949938381845055,0.0002894727153352485,443.1139934583839
1,60,0,0.030331340298532513,0.0001885677177994638,443.1139934583839
1,60,1,0.05124718812732911,9.222396405713682e-05,443.1139934583839
1,60,2,0.04242594681644779,6.63788700036536e-05,443.1139934583839
1,60,3,-0.004270763436965949,5.567506251117753e-05,443.1139934583839
1,60,4,-0.08912731627123843,5.014887842209857e-05,443.1139934583839
1,60,5,-0.2151906979174225,4.6865868647066955e-05,443.1139934583839
1,60,6,-0.3768929862344873,4.4711350973703265e-05,443.1139934583839
1,60,7,-0.5723696803954182,4.318779706748034e-05,443.1139934583839
1,60,8,-0.29351229821252256,0.0002894727153352485,443.1139934583839
1,61,0,-0.0007395325815475312,0.0001885677177994638,443.1139934583839
1,61,1,-0.0015040928210647243,9.222396405713682e-05,443.1139934583839
1,61,2,-0.002064451054253511,6.63788700036536e-05,443.1139934583839
1,61,3,-0.002417896276091174,5.567506251117753e-05,443.1139934583839
1,61,4,-0.002613390281664711,5.014887842209857e-05,443.1139934583839
1,61,5,-0.002716910444695179,4.6865868647066955e-05,443.1139934583839
1,61,6,-0.002751421840338522,4.4711350973703265e-05,443.1139934583839
1,61,7,-0.002759080506201592,4.318779706748034e-05,443.1139934583839
1,61,8,-1.5837185418085594e-05,0.0002894727153352485,443.1139934583839
1,62,0,0.03123131345910828,0.0001885677177994638,443.1139934583839
1,62,1,0.0526452713615954,9.222396405713682e-05,443.1139934583839
1,62,2,0.0432123618745277,6.63788700036536e-05,443.1139934583839
1,62,3,-0.005326149187659938,5.567506251117753e-05,443.1139934583839
1,62,4,-0.0930470316497271,5.014887842209857e-05,443.1139934583839
1,62,5,-0.22252405481168389,4.6865868647066955e-05,443.1139934583839
1,62,6,-0.3875588672934815,4.4711350973703265e-05,443.1139934583839
1,62,7,-0.5854454613886495,4.318779706748034e-05,443.1139934583839
1,62,8,-0.2828799221786603,0.0002894727153352485,443.1139934583839
1,63,0,-0.0006892810549423294,0.0001885677177994638,443.1139934583839
1,63,1,-0.0014009220025674668,9.222396405713682e-05,443.1139934583839
1,63,2,-0.0019199915293114551,6.63788700036536e-05,443.1139934583839
1,63,3,-0.002243367550769416,5.567506251117753e-05,443.1139934583839
1,63,4,-0.002415787106951597,5.014887842209857e-05,443.1139934583839
1,63,5,-0.00249940893599629,4.6865868647066955e-05,443.1139934583839
1,63,6,-0.002514967138709555,4.4711350973703265e-05,443.1139934583839
1,63,7,-0.0025027683844845946,4.318779706748034e-05,443.1139934583839
1,63,8,4.357869465625274e-05,0.0002894727153352485,443.1139934583839
1,64,0,0.030501618397951926,0.0001885677177994638,443.1139934583839
1,64,1,0.05072669263654409,9.222396405713682e-05,443.1139934583839
1,64,2,0.03943748013163335,6.63788700036536e-05,443.1139934583839
1,64,3,-0.01171996291337826,5.567506251117753e-05,443.1139934583839
1,64,4,-0.10271177541746634,5.014887842209857e-05,443.1139934583839
1,64,5,-0.2357085567058868,4.6865868647066955e-05,443.1139934583839
1,64,6,-0.40391025885064136,4.4711350973703265e-05,443.1139934583839
1,64,7,-0.603775044276009,4.318779706748034e-05,443.1139934583839
1,64,8,-0.2719305489542257,0.0002894727153352485,443.1139934583839
1,65,0,-0.0006138087744372287,0.0001885677177994638,443.1139934583839
1,65,1,-0.0012464137300729,9.222396405713682e-05,443.1139934583839
1,65,2,-0.0017047493219516287,6.63788700036536e-05,443.1139934583839
1,65,3,-0.0019854816421008737,5.567506251117753e-05,443.1139934583839
1,65,4,-0.0021272829055533475,5.014887842209857e-05,443.1139934583839
1,65,5,-0.002187164546830246,4.6865868647066955e-05,443.1139934583839
1,65,6,-0.002182496822215757,4.4711350973703265e-05,443.1139934583839
1,65,7,-0.002151387666879558,4.318779706748034e-05,443.1139934583839
1,65,8,9.44640327300663e-05,0.0002894727153352485,443.1139934583839
1,66,0,0.029697276014491687,0.0001885677177994638,443.1139934583839
1,66,1,0.048662433191308814,9.222396405713682e-05,443.1139934583839
1,66,2,0.03548296552331502,6.63788700036536e-05,443.1139934583839
1,66,3,-0.01827404558240913,5.567506251117753e-05,443.1139934583839
1,66,4,-0.11244632234964055,5.014887842209857e-05,443.1139934583839
1,66,5,-0.248776212128992,4.6865868647066955e-05,443.1139934583839
1,66,6,-0.4198306662386792,4.4711350973703265e-05,443.1139934583839
1,66,7,-0.6212014871644409,4.318779706748034e-05,443.1139934583839
1,66,8,-0.2605806551812069,0.0002894727153352485,443.1139934583839
1,67,0,-0.0006240314342763455,0.0001885677177994638,443.1139934583839
1,67,1,-0.0012655556903613588,9.222396405713682e-05,443.1139934583839
1,67,2,-0.001726547692339655,6.63788700036536e-05,443.1139934583839
1,67,3,-0.002002255808870081,5.567506251117753e-05,443.1139934583839
1,67,4,-0.0021313990150479563,5.014887842209857e-05,443.1139934583839
1,67,5,-0.0021707788834135437,4.6865868647066955e-05,443.1139934583839
1,67,6,-0.002138469646075677,4.4711350973703265e-05,443.1139934583839
1,67,7,-0.0020728224407332314,4.318779706748034e-05,443.1139934583839
1,67,8,0.00015846965435209744,0.0002894727153352485,443.1139934583839
1,68,0,0.030000802540202973,0.0001885677177994638,443.1139934583839
1,68,1,0.04886015993916816,9.222396405713682e-05,443.1139934583839
1,68,2,0.034665893635128,6.63788700036536e-05,443.1139934583839
1,68,3,-0.021086400478579244,5.567506251117753e-05,443.1139934583839
1,68,4,-0.11800157288867989,5.014887842209857e-05,443.1139934583839
1,68,5,-0.2572963823338942,4.6865868647066955e-05,443.1139934583839
1,68,6,-0.4308267769623923,4.4711350973703265e-05,443.1139934583839
1,68,7,-0.6332593731536341,4.318779706748034e-05,443.1139934583839
1,68,8,-0.2488786415221546,0.0002894727153352485,443.1139934583839
1,69,0,-0.0006169282564298621,0.0001885677177994638,443.1139934583839
1,69,1,-0.001250048599976633,9.222396405713682e-05,443.1139934583839
1,69,2,-0.0017023228514648511,6.63788700036536e-05,443.1139934583839
1,69,3,-0.001968186801578234,5.567506251117753e-05,443.1139934583839
1,69,4,-0.0020854224860404136,5.014887842209857e-05,443.1139934583839
1,69,5,-0.002109747426541117,4.6865868647066955e-05,443.1139934583839
1,69,6,-0.0020591262334567124,4.4711350973703265e-05,443.1139934583839
1,69,7,-0.0019715216386194407,4.318779706748034e-05,443.1139934583839
1,69,8,0.00019926212472584732,0.0002894727153352485,443.1139934583839
1,70,0,0.029935739195081988,0.0001885677177994638,443.1139934583839
1,70,1,0.04831115158294701,9.222396405713682e-05,443.1139934583839
1,70,2,0.03283446339226795,6.63788700036536e-05,443.1139934583839
1,70,3,-0.02505275432569908,5.567506251117753e-05,443.1139934583839
1,70,4,-0.12472594492527003,5.014887842209857e-05,443.1139934583839
1,70,5,-0.26686941261743563,4.6865868647066955e-05,443.1139934583839
1,70,6,-0.44260880395640434,4.4711350973703265e-05,443.1139934583839
1,70,7,-0.645665037467312,4.318779706748034e-05,443.1139934583839
1,70,8,-0.23683919300078973,0.0002894727153352485,443.1139934583839
1,71,0,-0.0005452961635933298,0.0001885677177994638,443.1139934583839
1,71,1,-0.0011031561223787897,9.222396405713682e-05,443.1139934583839
1,71,2,-0.0014971020739523143,6.63788700036536e-05,443.1139934583839
1,71,3,-0.0017212570231890198,5.567506251117753e-05,443.1139934583839
1,71,4,-0.0018078255278760995,5.014887842209857e-05,443.1139934583839
1,71,5,-0.0018076217327367653,4.6865868647066955e-05,443.1139934583839
1,71,6,-0.001735932987378787,4.4711350973703265e-05,443.1139934583839
1,71,7,-0.0016289612623265949,4.318779706748034e-05,443.1139934583839
1,71,8,0.000231175783065982,0.0002894727153352485,443.1139934583839
1,72,0,0.028581729790087777,0.0001885677177994638,443.1139934583839
1,72,1,0.04514078429446332,9.222396405713682e-05,443.1139934583839
1,72,2,0.027404261710458188,6.63788700036536e-05,443.1139934583839
1,72,3,-0.033216033784844,5.567506251117753e-05,443.1139934583839
1,72,4,-0.13593685583375648,5.014887842209857e-05,443.1139934583839
1,72,5,-0.2809595931885899,4.6865868647066955e-05,443.1139934583839
1,72,6,-0.45869717238106383,4.4711350973703265e-05,443.1139934583839
1,72,7,-0.6619292131772838,4.318779706748034e-05,443.1139934583839
1,72,8,-0.22443157242880538,0.0002894727153352485,443.1139934583839
1,73,0,-0.0005318739257117491,0.0001885677177994638,443.1139934583839
1,73,1,-0.0010744559679727922,9.222396405713682e-05,443.1139934583839
1,73,2,-0.001453828385434883,6.63788700036536e-05,443.1139934583839
1,73,3,-0.0016632366358947312,5.567506251117753e-05,443.1139934583839
1,73,4,-0.0017333923474497463,5.014887842209857e-05,443.1139934583839
1,73,5,-0.0017140007391062864,4.6865868647066955e-05,443.1139934583839
1,73,6,-0.0016202858200615013,4.4711350973703265e-05,443.1139934583839
1,73,7,-0.0014885132808095595,4.318779706748034e-05,443.1139934583839
1,73,8,0.0002643602244513909,0.0002894727153352485,443.1139934583839
1,74,0,0.030057228940059355,0.0001885677177994638,443.1139934583839
1,74,1,0.04773621767848716,9.222396405713682e-05,443.1139934583839
1,74,2,0.02993459775887741,6.63788700036536e-05,443.1139934583839
1,74,3,-0.03197169773750802,5.567506251117753e-05,443.1139934583839
1,74,4,-0.1368103781054335,5.014887842209857e-05,443.1139934583839
1,74,5,-0.2840973528408535,4.6865868647066955e-05,443.1139934583839
1,74,6,-0.4633878583321054,4.4711350973703265e-05,443.1139934583839
1,74,7,-0.6664220741827838,4.318779706748034e-05,443.1139934583839
1,74,8,-0.21179694775783334,0.0002894727153352485,443.1139934583839
1,75,0,-0.0006601607188572048,0.0001885677177994638,443.1139934583839
1,75,1,-0.0013328753502628318,9.222396405713682e-05,443.1139934583839
1,75,2,-0.0018024321062657877,6.63788700036536e-05,443.1139934583839
1,75,3,-0.0020592425762732793,5.567506251117753e-05,443.1139934583839
1,75,4,-0.002143138775111444,5.014887842209857e-05,443.1139934583839
1,75,5,-0.002110994562944881,4.6865868647066955e-05,443.1139934583839
1,75,6,-0.0019849519517620286,4.4711350973703265e-05,443.1139934583839
1,75,7,-0.0018056361615535442,4.318779706748034e-05,443.1139934583839
1,75,8,0.0003195515570621355,0.0002894727153352485,443.1139934583839
1,76,0,0.03670317129401852,0.0001885677177994638,443.1139934583839
1,76,1,0.06085872285399218,9.222396405713682e-05,443.1139934583839
1,76,2,0.046971575183409435,6.63788700036536e-05,443.1139934583839
1,76,3,-0.01364428787661307,5.567506251117753e-05,443.1139934583839
1,76,4,-0.11902653604935892,5.014887842209857e-05,443.1139934583839
1,76,5,-0.26765859571432904,4.6865868647066955e-05,443.1139934583839
1,76,6,-0.44799966195817353,4.4711350973703265e-05,443.1139934583839
1,76,7,-0.6505915570757441,4.318779706748034e-05,443.1139934583839
1,76,8,-0.19919840448713466,0.0002894727153352485,443.1139934583839
1,77,0,-0.0006629393255391698,0.0001885677177994638,443.1139934583839
1,77,1,-0.0013389242427385062,9.222396405713682e-05,443.1139934583839
1,77,2,-0.0018119864683146148,6.63788700036536e-05,443.1139934583839
1,77,3,-0.0020727264147587347,5.567506251117753e-05,443.1139934583839
1,77,4,-0.0021614333577208416,5.014887842209857e-05,443.1139934583839
1,77,5,-0.0021346118001010187,4.6865868647066955e-05,443.1139934583839
1,77,6,-0.002014379042188932,4.4711350973703265e-05,443.1139934583839
1,77,7,-0.0018406336627324578,4.318779706748034e-05,443.1139934583839
1,77,8,0.0003142953775936876,0.0002894727153352485,443.1139934583839
1,78,0,0.03999814273099525,0.0001885677177994638,443.1139934583839
1,78,1,0.06715971408020474,9.222396405713682e-05,443.1139934583839
1,78,2,0.05461934959624067,6.63788700036536e-05,443.1139934583839
1,78,3,-0.006330116186820933,5.567506251117753e-05,443.1139934583839
1,78,4,-0.11315657760814744,5.014887842209857e-05,443.1139934583839
1,78,5,-0.26348645099560175,4.6865868647066955e-05,443.1139934583839
1,78,6,-0.44478564287729166,4.4711350973703265e-05,443.1139934583839
1,78,7,-0.6464611355778506,4.318779706748034e-05,443.1139934583839
1,78,8,-0.18622957700012982,0.0002894727153352485,443.1139934583839
1,79,0,-0.0004555046623505655,0.0001885677177994638,443.1139934583839
1,79,1,-0.0009201545715377287,9.222396405713682e-05,443.1139934583839
1,79,2,-0.0012446219226558996,6.63788700036536e-05,443.1139934583839
1,79,3,-0.0014231654175017455,5.567506251117753e-05,443.1139934583839
1,79,4,-0.0014810722408982288,5.014887842209857e-05,443.1139934583839
1,79,5,-0.0014616863747359584,4.6865868647066955e-05,443.1139934583839
1,79,6,-0.0013761875607362039,4.4711350973703265e-05,443.1139934583839
1,79,7,-0.0012561936573931604,4.318779706748034e-05,443.1139934583839
1,79,8,0.000258959476918665,0.0002894727153352485,443.1139934583839
1,80,0,0.03690311773782527,0.0001885677177994638,443.1139934583839
1,80,1,0.06046514517027888,9.222396405713682e-05,443.1139934583839
1,80,2,0.04440859625102881,6.63788700036536e-05,443.1139934583839
1,80,3,-0.019923753754189855,5.567506251117753e-05,443.1139934583839
1,80,4,-0.12987081588644162,5.014887842209857e-05,443.1139934583839
1,80,5,-0.2825662029009288,4.6865868647066955e-05,443.1139934583839
1,80,6,-0.46471377801502345,4.4711350973703265e-05,443.1139934583839
1,80,7,-0.6647382307093657,4.318779706748034e-05,443.1139934583839
1,80,8,-0.17244989893602666,0.0002894727153352485,443.1139934583839
1,81,0,-0.00033162388329233356,0.0001885677177994638,443.1139934583839
1,81,1,-0.0006694234230439665,9.222396405713682e-05,443.1139934583839
1,81,2,-0.0009030528884210778,6.63788700036536e-05,443.1139934583839
1,81,3,-0.001028337493493346,5.567506251117753e-05,443.1139934583839
1,81,4,-0.001061163118810097,5.014887842209857e-05,443.1139934583839
1,81,5,-0.0010369748731459288,4.6865868647066955e-05,443.1139934583839
1,81,6,-0.000960348937859946,4.4711350973703265e-05,443.1139934583839
1,81,7,-0.0008584202396375058,4.318779706748034e-05,443.1139934583839
1,81,8,0.00024150695069982572,0.0002894727153352485,443.1139934583839
1,82,0,0.031292191825224316,0.0001885677177994638,443.1139934583839
1,82,1,0.0486661832024307,9.222396405713682e-05,443.1139934583839
1,82,2,0.027218990220376535,6.63788700036536e-05,443.1139934583839
1,82,3,-0.041614300502374864,5.567506251117753e-05,443.1139934583839
1,82,4,-0.15520246255420606,5.014887842209857e-05,443.1139934583839
1,82,5,-0.3103143746855335,4.6865868647066955e-05,443.1139934583839
1,82,6,-0.4929723935940478,4.4711350973703265e-05,443.1139934583839
1,82,7,-0.6906764897848242,4.318779706748034e-05,443.1139934583839
1,82,8,-0.15798829221378238,0.0002894727153352485,443.1139934583839
1,83,0,-0.0002518024123172191,0.0001885677177994638,443.1139934583839
1,83,1,-0.0005063183667840446,9.222396405713682e-05,443.1139934583839
1,83,2,-0.0006766079355729023,6.63788700036536e-05,443.1139934583839
1,83,3,-0.0007585248721952405,5.567506251117753e-05,443.1139934583839
1,83,4,-0.0007615658542609003,5.014887842209857e-05,443.1139934583839
1,83,5,-0.0007162523583025518,4.6865868647066955e-05,443.1139934583839
1,83,6,-0.0006239048365369709,4.4711350973703265e-05,443.1139934583839
1,83,7,-0.000509973235387053,4.318779706748034e-05,443.1139934583839
1,83,8,0.00024886381987015364,0.0002894727153352485,443.1139934583839
1,84,0,0.022874127384569246,0.0001885677177994638,443.1139934583839
1,84,1,0.031166445040238456,9.222396405713682e-05,443.1139934583839
1,84,2,0.0022199439853141526,6.63788700036536e-05,443.1139934583839
1,84,3,-0.07239555987825017,5.567506251117753e-05,443.1139934583839
1,84,4,-0.19025864677480503,5.014887842209857e-05,443.1139934583839
1,84,5,-0.3479202007784361,4.6865868647066955e-05,443.1139934583839
1,84,6,-0.5308105026644934,4.4711350973703265e-05,443.1139934583839
1,84,7,-0.7255695713780768,4.318779706748034e-05,443.1139934583839
1,84,8,-0.14283877902981684,0.0002894727153352485,443.1139934583839
1,85,0,-0.00032482865392860765,0.0001885677177994638,443.1139934583839
1,85,1,-0.0006514750243674479,9.222396405713682e-05,443.1139934583839
1,85,2,-0.0008669558872250908,6.63788700036536e-05,443.1139934583839
1,85,3,-0.0009643969684906723,5.567506251117753e-05,443.1139934583839
1,85,4,-0.0009581362747833733,5.014887842209857e-05,443.1139934583839
1,85,5,-0.0008837998187953368,4.6865868647066955e-05,443.1139934583839
1,85,6,-0.0007480237866307499,4.4711350973703265e-05,443.1139934583839
1,85,7,-0.0005813333739296912,4.318779706748034e-05,443.1139934583839
1,85,8,0.0002910523335602391,0.0002894727153352485,443.1139934583839
1,86,0,0.025308697791719466,0.0001885677177994638,443.1139934583839
1,86,1,0.03574812247337871,9.222396405713682e-05,443.1139934583839
1,86,2,0.007604355142315253,6.63788700036536e-05,443.1139934583839
1,86,3,-0.06749690534585662,5.567506251117753e-05,443.1139934583839
1,86,4,-0.1865324905368212,5.014887842209857e-05,443.1139934583839
1,86,5,-0.3451402650293571,4.6865868647066955e-05,443.1139934583839
1,86,6,-0.5276936503886115,4.4711350973703265e-05,443.1139934583839
1,86,7,-0.7196699115933857,4.318779706748034e-05,443.1139934583839
1,86,8,-0.1284121994491843,0.0002894727153352485,443.1139934583839
1,87,0,-0.0006722747194796541,0.0001885677177994638,443.1139934583839
1,87,1,-0.0013495290901331955,9.222396405713682e-05,443.1139934583839
1,87,2,-0.0018039670237199542,6.63788700036536e-05,443.1139934583839
1,87,3,-0.002021088783557048,5.567506251117753e-05,443.1139934583839
1,87,4,-0.0020412115964052982,5.014887842209857e-05,443.1139934583839
1,87,5,-0.0019224768171555609,4.6865868647066955e-05,443.1139934583839
1,87,6,-0.0016938547491130533,4.4711350973703265e-05,443.1139934583839
1,87,7,-0.0014024563829268485,4.318779706748034e-05,443.1139934583839
1,87,8,0.0003916480835499169,0.0002894727153352485,443.1139934583839
1,88,0,0.042516067253460604,0.0001885677177994638,443.1139934583839
1,88,1,0.070365686847277,9.222396405713682e-05,443.1139934583839
1,88,2,0.05425800086736331,6.63788700036536e-05,443.1139934583839
1,88,3,-0.014246594797468853,5.567506251117753e-05,443.1139934583839
1,88,4,-0.13042770486174757,5.014887842209857e-05,443.1139934583839
1,88,5,-0.28806843379421093,4.6865868647066955e-05,443.1139934583839
1,88,6,-0.4698547551048395,4.4711350973703265e-05,443.1139934583839
1,88,7,-0.6596827528232108,4.318779706748034e-05,443.1139934583839
1,88,8,-0.11556654368945762,0.0002894727153352485,443.1139934583839
1,89,0,-0.0006744347281264249,0.0001885677177994638,443.1139934583839
1,89,1,-0.0013564201897445613,9.222396405713682e-05,443.1139934583839
1,89,2,-0.001820497288001602,6.63788700036536e-05,443.1139934583839
1,89,3,-0.0020537128024362902,5.567506251117753e-05,443.1139934583839
1,89,4,-0.002097329293804659,5.014887842209857e-05,443.1139934583839
1,89,5,-0.0020082761897973964,4.6865868647066955e-05,443.1139934583839
1,89,6,-0.001814287299979749,4.4711350973703265e-05,443.1139934583839
1,89,7,-0.0015593662400837966,4.318779706748034e-05,443.1139934583839
1,89,8,0.00035819706584935276,0.0002894727153352485,443.1139934583839
1,90,0,0.0480669544310833,0.0001885677177994638,443.1139934583839
1,90,1,0.081271578715779,9.222396405713682e-05,443.1139934583839
1,90,2,0.06831040050356751,6.63788700036536e-05,443.1139934583839
1,90,3,0.0007962385720693527,5.567506251117753e-05,443.1139934583839
1,90,4,-0.11567422741374099,5.014887842209857e-05,443.1139934583839
1,90,5,-0.2737210910683451,4.6865868647066955e-05,443.1139934583839
1,90,6,-0.45479254319927404,4.4711350973703265e-05,443.1139934583839
1,90,7,-0.6415126238148926,4.318779706748034e-05,443.1139934583839
1,90,8,-0.10147929234281451,0.0002894727153352485,443.1139934583839
1,91,0,-0.0002563403040903112,0.0001885677177994638,443.1139934583839
1,91,1,-0.0005174016531922377,9.222396405713682e-05,443.1139934583839
1,91,2,-0.0006971086126026828,6.63788700036536e-05,443.1139934583839
1,91,3,-0.0007917548113397684,5.567506251117753e-05,443.1139934583839
1,91,4,-0.0008111707341602899,5.014887842209857e-05,443.1139934583839
1,91,5,-0.0007830609619176248,4.6865868647066955e-05,443.1139934583839
1,91,6,-0.0007072221098599978,4.4711350973703265e-05,443.1139934583839
1,91,7,-0.0006048532717503445,4.318779706748034e-05,443.1139934583839
1,91,8,0.00023727306133799854,0.0002894727153352485,443.1139934583839
1,92,0,0.03847986913340849,0.0001885677177994638,443.1139934583839
1,92,1,0.06142272694742175,9.222396405713682e-05,443.1139934583839
1,92,2,0.04017964953017652,6.63788700036536e-05,443.1139934583839
1,92,3,-0.03341866108056678,5.567506251117753e-05,443.1139934583839
1,92,4,-0.15397370127474028,5.014887842209857e-05,443.1139934583839
1,92,5,-0.3138605726818358,4.6865868647066955e-05,443.1139934583839
1,92,6,-0.4939066455167048,4.4711350973703265e-05,443.1139934583839
1,92,7,-0.675900063434219,4.318779706748034e-05,443.1139934583839
1,92,8,-0.08515368591116176,0.0002894727153352485,443.1139934583839
1,93,0,-0.00011644532976091859,0.0001885677177994638,443.1139934583839
1,93,1,-0.00023592314793463158,9.222396405713682e-05,443.1139934583839
1,93,2,-0.00031783295727731806,6.63788700036536e-05,443.1139934583839
1,93,3,-0.0003606936564400803,5.567506251117753e-05,443.1139934583839
1,93,4,-0.0003629066497672197,5.014887842209857e-05,443.1139934583839
1,93,5,-0.00034247235440483547,4.6865868647066955e-05,443.1139934583839
1,93,6,-0.00028953698246124654,4.4711350973703265e-05,443.1139934583839
1,93,7,-0.0002185607602010519,4.318779706748034e-05,443.1139934583839
1,93,8,0.00021410364887569644,0.0002894727153352485,443.1139934583839
1,94,0,0.028406024148195243,0.0001885677177994638,443.1139934583839
1,94,1,0.040613316116970125,9.222396405713682e-05,443.1139934583839
1,94,2,0.010811149313500043,6.63788700036536e-05,443.1139934583839
1,94,3,-0.06892054010670738,5.567506251117753e-05,443.1139934583839
1,94,4,-0.19339598556239299,5.014887842209857e-05,443.1139934583839
1,94,5,-0.3547592460976598,4.6865868647066955e-05,443.1139934583839
1,94,6,-0.5332388039580492,4.4711350973703265e-05,443.1139934583839
1,94,7,-0.709823623506492,4.318779706748034e-05,443.1139934583839
1,94,8,-0.06826163584769074,0.0002894727153352485,443.1139934583839
1,95,0,-0.00021593809093497384,0.0001885677177994638,443.1139934583839
1,95,1,-0.00043597226575028465,9.222396405713682e-05,443.1139934583839
1,95,2,-0.0005864475158511751,6.63788700036536e-05,443.1139934583839
1,95,3,-0.0006634826846186664,5.567506251117753e-05,443.1139934583839
1,95,4,-0.0006721068651310162,5.014887842209857e-05,443.1139934583839
1,95,5,-0.0006370334936271591,4.6865868647066955e-05,443.1139934583839
1,95,6,-0.0005540195116699231,4.4711350973703265e-05,443.1139934583839
1,95,7,-0.0004426737967153924,4.318779706748034e-05,443.1139934583839
1,95,8,0.0002454853319149608,0.0002894727153352485,443.1139934583839
1,96,0,0.02357823104911073,0.0001885677177994638,443.1139934583839
1,96,1,0.03048085568410422,9.222396405713682e-05,443.1139934583839
1,96,2,-0.0038563187369086336,6.63788700036536e-05,443.1139934583839
1,96,3,-0.08713482946007242,5.567506251117753e-05,443.1139934583839
1,96,4,-0.21398101747979778,5.014887842209857e-05,443.1139934583839
1,96,5,-0.375963130569324,4.6865868647066955e-05,443.1139934583839
1,96,6,-0.5524866502764874,4.4711350973703265e-05,443.1139934583839
1,96,7,-0.7236072305369142,4.318779706748034e-05,443.1139934583839
1,96,8,-0.05177560212247051,0.0002894727153352485,443.1139934583839
1,97,0,-0.00031457027109350704,0.0001885677177994638,443.1139934583839
1,97,1,-0.000632019495985314,9.222396405713682e-05,443.1139934583839
1,97,2,-0.0008438509131403708,6.63788700036536e-05,443.1139934583839
1,97,3,-0.000942927786728802,5.567506251117753e-05,443.1139934583839
1,97,4,-0.0009417842738001873,5.014887842209857e-05,443.1139934583839
1,97,5,-0.0008726438101301933,4.6865868647066955e-05,443.1139934583839
1,97,6,-0.000739787732406619,4.4711350973703265e-05,443.1139934583839
1,97,7,-0.0005704458514584813,4.318779706748034e-05,443.1139934583839
1,97,8,0.00027717356821698624,0.0002894727153352485,443.1139934583839
1,98,0,0.02353600988361833,0.0001885677177994638,443.1139934583839
1,98,1,0.030076571626948354,9.222396405713682e-05,443.1139934583839
1,98,2,-0.005159251270084487,6.63788700036536e-05,443.1139934583839
1,98,3,-0.08968610690187234,5.567506251117753e-05,443.1139934583839
1,98,4,-0.2175742424723237,5.014887842209857e-05,443.1139934583839
1,98,5,-0.3794965763760183,4.6865868647066955e-05,443.1139934583839
1,98,6,-0.553822975260903,4.4711350973703265e-05,443.1139934583839
1,98,7,-0.7195471980555942,4.318779706748034e-05,443.1139934583839
1,98,8,-0.03583049729447202,0.0002894727153352485,443.1139934583839
1,99,0,-0.00033069969681617713,0.0001885677177994638,443.1139934583839
1,99,1,-0.0006629138256477513,9.222396405713682e-05,443.1139934583839
1,99,2,-0.0008812643752613268,6.63788700036536e-05,443.1139934583839
1,99,3,-0.00097753212952048,5.567506251117753e-05,443.1139934583839
1,99,4,-0.0009657332397186734,5.014887842209857e-05,443.1139934583839
1,99,5,-0.0008795298812896758,4.6865868647066955e-05,443.1139934583839
1,99,6,-0.0007260524546637356,4.4711350973703265e-05,443.1139934583839
1,99,7,-0.0005349176152049577,4.318779706748034e-05,443.1139934583839
1,99,8,0.0002811198111698453,0.0002894727153352485,443.1139934583839
1,100,0,0.023439750682474562,0.0001885677177994638,443.1139934583839
1,100,1,0.029564205004004016,9.222396405713682e-05,443.1139934583839
1,100,2,-0.00660068052370688,6.63788700036536e-05,443.1139934583839
1,100,3,-0.09236716356261952,5.567506251117753e-05,443.1139934583839
1,100,4,-0.2212308923928538,5.014887842209857e-05,443.1139934583839
1,100,5,-0.3829514255394682,4.6865868647066955e-05,443.1139934583839
1,100,6,-0.5548518142280401,4.4711350973703265e-05,443.1139934583839
1,100,7,-0.7148759626423837,4.318779706748034e-05,443.1139934583839
1,100,8,-0.019768560225791088,0.0002894727153352485,443.1139934583839
1,101,0,-0.0002995769570635261,0.0001885677177994638,443.1139934583839
1,101,1,-0.0005992773136794874,9.222396405713682e-05,443.1139934583839
1,101,2,-0.0007929178615819325,6.63788700036536e-05,443.1139934583839
1,101,3,-0.0008722941134566912,5.567506251117753e-05,443.1139934583839
1,101,4,-0.0008492117526274566,5.014887842209857e-05,443.1139934583839
1,101,5,-0.0007553084231515137,4.6865868647066955e-05,443.1139934583839
1,101,6,-0.0005970244213182893,4.4711350973703265e-05,443.1139934583839
1,101,7,-0.0004035305286599043,4.318779706748034e-05,443.1139934583839
1,101,8,0.0002721775361122455,0.0002894727153352485,443.1139934583839
1,102,0,0.022818580629006758,0.0001885677177994638,443.1139934583839
1,102,1,0.027989868939040922,9.222396405713682e-05,443.1139934583839
1,102,2,-0.00948172210872776,6.63788700036536e-05,443.1139934583839
1,102,3,-0.09668470178568712,5.567506251117753e-05,443.1139934583839
1,102,4,-0.2265563413870641,5.014887842209857e-05,443.1139934583839
1,102,5,-0.38795618132049975,4.6865868647066955e-05,443.1139934583839
1,102,6,-0.5571736405800308,4.4711350973703265e-05,443.1139934583839
1,102,7,-0.7111345294358989,4.318779706748034e-05,443.1139934583839
1,102,8,-0.003516086465206477,0.0002894727153352485,443.1139934583839
1,103,0,-0.00028231903723144173,0.0001885677177994638,443.1139934583839
1,103,1,-0.0005636652247349264,9.222396405713682e-05,443.1139934583839
1,103,2,-0.0007426241451068263,6.63788700036536e-05,443.1139934583839
1,103,3,-0.0008108308849865308,5.567506251117753e-05,443.1139934583839
1,103,4,-0.0007789618839323361,5.014887842209857e-05,443.1139934583839
1,103,5,-0.0006776416681450854,4.6865868647066955e-05,443.1139934583839
1,103,6,-0.0005134355348805714,4.4711350973703265e-05,443.1139934583839
1,103,7,-0.0003157454770632336,4.318779706748034e-05,443.1139934583839
1,103,8,0.00026394199522760797,0.0002894727153352485,443.1139934583839
1,104,0,0.02217226597878308,0.0001885677177994638,443.1139934583839
1,104,1,0.026369633932410524,9.222396405713682e-05,443.1139934583839
1,104,2,-0.012406705357185958,6.63788700036536e-05,443.1139934583839
1,104,3,-0.1010048308735019,5.567506251117753e-05,443.1139934583839
1,104,4,-0.23178427481255376,5.014887842209857e-05,443.1139934583839
1,104,5,-0.3926878205657873,4.6865868647066955e-05,443.1139934583839
1,104,6,-0.5589665463537264,4.4711350973703265e-05,443.1139934583839
1,104,7,-0.7065496041210112,4.318779706748034e-05,443.1139934583839
1,104,8,0.012833377734581736,0.0002894727153352485,443.1139934583839
1,105,0,-0.00026695328687229486,0.0001885677177994638,443.1139934583839
1,105,1,-0.0005321518469172899,9.222396405713682e-05,443.1139934583839
1,105,2,-0.0006986225634447065,6.63788700036536e-05,443.1139934583839
1,105,3,-0.0007579639847575105,5.567506251117753e-05,443.1139934583839
1,105,4,-0.0007197770453194986,5.014887842209857e-05,443.1139934583839
1,105,5,-0.0006138025238274489,4.6865868647066955e-05,443.1139934583839
1,105,6,-0.0004465180288611455,4.4711350973703265e-05,443.1139934583839
1,105,7,-0.00024737948672747656,4.318779706748034e-05,443.1139934583839
1,105,8,0.0002544870212999275,0.0002894727153352485,443.1139934583839
1,106,0,0.021316156493362718,0.0001885677177994638,443.1139934583839
1,106,1,0.02432882485183108,9.222396405713682e-05,443.1139934583839
1,106,2,-0.01588835813712639,6.63788700036536e-05,443.1139934583839
1,106,3,-0.10592433918464841,5.567506251117753e-05,443.1139934583839
1,106,4,-0.2375552243642446,5.014887842209857e-05,443.1139934583839
1,106,5,-0.3978030075358239,4.6865868647066955e-05,443.1139934583839
1,106,6,-0.5608859366812159,4.4711350973703265e-05,443.1139934583839
1,106,7,-0.7017671534184357,4.318779706748034e-05,443.1139934583839
1,106,8,0.029294845737373978,0.0002894727153352485,443.1139934583839
1,107,0,-0.0002572909738304956,0.0001885677177994638,443.1139934583839
1,107,1,-0.0005121458950022548,9.222396405713682e-05,443.1139934583839
1,107,2,-0.000670177003988182,6.63788700036536e-05,443.1139934583839
1,107,3,-0.0007228483203847596,5.567506251117753e-05,443.1139934583839
1,107,4,-0.0006792165640158343,5.014887842209857e-05,443.1139934583839
1,107,5,-0.0005685400523025191,4.6865868647066955e-05,443.1139934583839
1,107,6,-0.00039765537458439693,4.4711350973703265e-05,443.1139934583839
1,107,7,-0.00019642459942521403,4.318779706748034e-05,443.1139934583839
1,107,8,0.0002449119437628512,0.0002894727153352485,443.1139934583839
1,108,0,0.020896698630135522,0.0001885677177994638,443.1139934583839
1,108,1,0.023180103717855633,9.222396405713682e-05,443.1139934583839
1,108,2,-0.018127902229305652,6.63788700036536e-05,443.1139934583839
1,108,3,-0.10934530100333306,5.567506251117753e-05,443.1139934583839
1,108,4,-0.2416128590307702,5.014887842209857e-05,443.1139934583839
1,108,5,-0.4009883160607257,4.6865868647066955e-05,443.1139934583839
1,108,6,-0.5606376148948033,4.4711350973703265e-05,443.1139934583839
1,108,7,-0.6945727589535791,4.318779706748034e-05,443.1139934583839
1,108,8,0.04573115514967166,0.0002894727153352485,443.1139934583839
1,109,0,-0.0002474696232912161,0.0001885677177994638,443.1139934583839
1,109,1,-0.0004918099324646819,9.222396405713682e-05,443.1139934583839
1,109,2,-0.0006413169456522474,6.63788700036536e-05,443.1139934583839
1,109,3,-0.0006873779410711251,5.567506251117753e-05,443.1139934583839
1,109,4,-0.0006385118229796455,5.014887842209857e-05,443.1139934583839
1,109,5,-0.0005235456750313263,4.6865868647066955e-05,443.1139934583839
1,109,6,-0.0003497130437801609,4.4711350973703265e-05,443.1139934583839
1,109,7,-0.0001473200750450909,4.318779706748034e-05,443.1139934583839
1,109,8,0.0002340968389236235,0.0002894727153352485,443.1139934583839
1,110,0,0.019972646325525766,0.0001885677177994638,443.1139934583839
1,110,1,0.02101287567050382,9.222396405713682e-05,443.1139934583839
1,110,2,-0.021741586168860513,6.63788700036536e-05,443.1139934583839
1,110,3,-0.11431576320828725,5.567506251117753e-05,443.1139934583839
1,110,4,-0.24723152523065375,5.014887842209857e-05,443.1139934583839
1,110,5,-0.4055994690278433,4.6865868647066955e-05,443.1139934583839
1,110,6,-0.561556439804575,4.4711350973703265e-05,443.1139934583839
1,110,7,-0.6882105372118767,4.318779706748034e-05,443.1139934583839
1,110,8,0.062289451510637486,0.0002894727153352485,443.1139934583839
1,111,0,-0.00021684051319287743,0.0001885677177994638,443.1139934583839
1,111,1,-0.00043001720623502313,9.222396405713682e-05,443.1139934583839
1,111,2,-0.0005576714312376263,6.63788700036536e-05,443.1139934583839
1,111,3,-0.0005915450426903122,5.567506251117753e-05,443.1139934583839
1,111,4,-0.0005378602148215038,5.014887842209857e-05,443.1139934583839
1,111,5,-0.00042322768626087054,4.6865868647066955e-05,443.1139934583839
1,111,6,-0.00025341821127972976,4.4711350973703265e-05,443.1139934583839
1,111,7,-5.760853341561937e-05,4.318779706748034e-05,443.1139934583839
1,111,8,0.00022088908855772446,0.0002894727153352485,443.1139934583839
1,112,0,0.017443740583051908,0.0001885677177994638,443.1139934583839
1,112,1,0.015594934992027729,9.222396405713682e-05,443.1139934583839
1,112,2,-0.02978300587014614,6.63788700036536e-05,443.1139934583839
1,112,3,-0.12438777277433219,5.567506251117753e-05,443.1139934583839
1,112,4,-0.2582185416129621,5.014887842209857e-05,443.1139934583839
1,112,5,-0.41552683144735303,4.6865868647066955e-05,443.1139934583839
1,112,6,-0.5674934138326767,4.4711350973703265e-05,443.1139934583839
1,112,7,-0.6864076720365384,4.318779706748034e-05,443.1139934583839
1,112,8,0.07917784127180665,0.0002894727153352485,443.1139934583839
1,113,0,-0.00021403440924828648,0.0001885677177994638,443.1139934583839
1,113,1,-0.0004236788366687316,9.222396405713682e-05,443.1139934583839
1,113,2,-0.0005472911764725661,6.63788700036536e-05,443.1139934583839
1,113,3,-0.0005763959558356966,5.567506251117753e-05,443.1139934583839
1,113,4,-0.0005172369551361059,5.014887842209857e-05,443.1139934583839
1,113,5,-0.00039683931126609624,4.6865868647066955e-05,443.1139934583839
1,113,6,-0.00022203291067716727,4.4711350973703265e-05,443.1139934583839
1,113,7,-2.323028023980534e-05,4.318779706748034e-05,443.1139934583839
1,113,8,0.0002093043458967558,0.0002894727153352485,443.1139934583839
1,114,0,0.01746636226238884,0.0001885677177994638,443.1139934583839
1,114,1,0.015359059281451745,9.222396405713682e-05,443.1139934583839
1,114,2,-0.030715559846786013,6.63788700036536e-05,443.1139934583839
1,114,3,-0.12614022462992613,5.567506251117753e-05,443.1139934583839
1,114,4,-0.2601875920482964,5.014887842209857e-05,443.1139934583839
1,114,5,-0.4160745083861934,4.6865868647066955e-05,443.1139934583839
1,114,6,-0.563919274591495,4.4711350973703265e-05,443.1139934583839
1,114,7,-0.675149368025737,4.318779706748034e-05,443.1139934583839
1,114,8,0.09557762257951873,0.0002894727153352485,443.1139934583839
1,115,0,-0.00024320591774590233,0.0001885677177994638,443.1139934583839
1,115,1,-0.00048037496910450226,9.222396405713682e-05,443.1139934583839
1,115,2,-0.0006184676996639437,6.63788700036536e-05,443.1139934583839
1,115,3,-0.000648037103993826,5.567506251117753e-05,443.1139934583839
1,115,4,-0.0005787416047152672,5.014887842209857e-05,443.1139934583839
1,115,5,-0.0004414144750008443,4.6865868647066955e-05,443.1139934583839
1,115,6,-0.0002482495895513389,4.4711350973703265e-05,443.1139934583839
1,115,7,-3.4375147306593e-05,4.318779706748034e-05,443.1139934583839
1,115,8,0.00019282233064909612,0.0002894727153352485,443.1139934583839
1,116,0,0.020257491035785478,0.0001885677177994638,443.1139934583839
1,116,1,0.02074117536441084,9.222396405713682e-05,443.1139934583839
1,116,2,-0.023954064843963514,6.63788700036536e-05,443.1139934583839
1,116,3,-0.11891223329390857,5.567506251117753e-05,443.1139934583839
1,116,4,-0.25245946768688254,5.014887842209857e-05,443.1139934583839
1,116,5,-0.4065875085474496,4.6865868647066955e-05,443.1139934583839
1,116,6,-0.55023528150295,4.4711350973703265e-05,443.1139934583839
1,116,7,-0.6539178533091815,4.318779706748034e-05,443.1139934583839
1,116,8,0.11136968882086297,0.0002894727153352485,443.1139934583839
1,117,0,-0.0002309691525048828,0.0001885677177994638,443.1139934583839
1,117,1,-0.0004563345243777605,9.222396405713682e-05,443.1139934583839
1,117,2,-0.0005877476826175403,6.63788700036536e-05,443.1139934583839
1,117,3,-0.0006161652125650767,5.567506251117753e-05,443.1139934583839
1,117,4,-0.0005503674089319423,5.014887842209857e-05,443.1139934583839
1,117,5,-0.0004197755317659877,4.6865868647066955e-05,443.1139934583839
1,117,6,-0.00023551993431369575,4.4711350973703265e-05,443.1139934583839
1,117,7,-3.137658000866442e-05,4.318779706748034e-05,443.1139934583839
1,117,8,0.00018237079463034135,0.0002894727153352485,443.1139934583839
1,118,0,0.020936912307410967,0.0001885677177994638,443.1139934583839
1,118,1,0.021844900636049873,9.222396405713682e-05,443.1139934583839
1,118,2,-0.023024360689192835,6.63788700036536e-05,443.1139934583839
1,118,3,-0.11841596222083292,5.567506251117753e-05,443.1139934583839
1,118,4,-0.2518442976094285,5.014887842209857e-05,443.1139934583839
1,118,5,-0.4042014078846113,4.6865868647066955e-05,443.1139934583839
1,118,6,-0.5433516878909783,4.4711350973703265e-05,443.1139934583839
1,118,7,-0.6390120967287747,4.318779706748034e-05,443.1139934583839
1,118,8,0.12748376424068752,0.0002894727153352485,443.1139934583839
1,119,0,-0.00018421675025429243,0.0001885677177994638,443.1139934583839
1,119,1,-0.00036413628135495456,9.222396405713682e-05,443.1139934583839
1,119,2,-0.00046845692115921804,6.63788700036536e-05,443.1139934583839
1,119,3,-0.0004893042937640907,5.567506251117753e-05,443.1139934583839
1,119,4,-0.0004308920294259509,5.014887842209857e-05,443.1139934583839
1,119,5,-0.0003174840052224384,4.6865868647066955e-05,443.1139934583839
1,119,6,-0.00015467289227442943,4.4711350973703265e-05,443.1139934583839
1,119,7,2.8678252989769795e-05,4.318779706748034e-05,443.1139934583839
1,119,8,0.0001787698962937254,0.0002894727153352485,443.1139934583839
1,120,0,0.017987738681777225,0.0001885677177994638,443.1139934583839
1,120,1,0.01560190555911498,9.222396405713682e-05,443.1139934583839
1,120,2,-0.03210000060391659,6.63788700036536e-05,443.1139934583839
1,120,3,-0.12946434946609747,5.567506251117753e-05,443.1139934583839
1,120,4,-0.2634415990650872,5.014887842209857e-05,443.1139934583839
1,120,5,-0.41405373189977346,4.6865868647066955e-05,443.1139934583839
1,120,6,-0.548273858762075,4.4711350973703265e-05,443.1139934583839
1,120,7,-0.6351971246600712,4.318779706748034e-05,443.1139934583839
1,120,8,0.14423151048869878,0.0002894727153352485,443.1139934583839
1,121,0,-0.0001440740276063086,0.0001885677177994638,443.1139934583839
1,121,1,-0.00028510960709177623,9.222396405713682e-05,443.1139934583839
1,121,2,-0.000366496279465401,6.63788700036536e-05,443.1139934583839
1,121,3,-0.00038118428249670714,5.567506251117753e-05,443.1139934583839
1,121,4,-0.0003290947929884144,5.014887842209857e-05,443.1139934583839
1,121,5,-0.00022984690599450877,4.6865868647066955e-05,443.1139934583839
1,121,6,-8.397940558178436e-05,4.4711350973703265e-05,443.1139934583839
1,121,7,8.387764064596699e-05,4.318779706748034e-05,443.1139934583839
1,121,8,0.0001791910124878069,0.0002894727153352485,443.1139934583839
1,122,0,0.011507937650017291,0.0001885677177994638,443.1139934583839
1,122,1,0.0022150768408842627,9.222396405713682e-05,443.1139934583839
1,122,2,-0.05089262445716359,6.63788700036536e-05,443.1139934583839
1,122,3,-0.15170315407092178,5.567506251117753e-05,443.1139934583839
1,122,4,-0.2868450159854156,5.014887842209857e-05,443.1139934583839
1,122,5,-0.43569696171540057,4.6865868647066955e-05,443.1139934583839
1,122,6,-0.5645248627684358,4.4711350973703265e-05,443.1139934583839
1,122,7,-0.6419818901623704,4.318779706748034e-05,443.1139934583839
1,122,8,0.1616263067737751,0.0002894727153352485,443.1139934583839
1,123,0,-0.00011160779300789,0.0001885677177994638,443.1139934583839
1,123,1,-0.00021953106329647453,9.222396405713682e-05,443.1139934583839
1,123,2,-0.0002773415431415965,6.63788700036536e-05,443.1139934583839
1,123,3,-0.00027816882225401815,5.567506251117753e-05,443.1139934583839
1,123,4,-0.000219156707767311,5.014887842209857e-05,443.1139934583839
1,123,5,-0.00011789091283645738,4.6865868647066955e-05,443.1139934583839
1,123,6,2.6693145071948435e-05,4.4711350973703265e-05,443.1139934583839
1,123,7,0.0001905259268607617,4.318779706748034e-05,443.1139934583839
1,123,8,0.00016754584989238098,0.0002894727153352485,443.1139934583839
1,124,0,0.0029014563837189483,0.0001885677177994638,443.1139934583839
1,124,1,-0.015474105609987477,9.222396405713682e-05,443.1139934583839
1,124,2,-0.07553285146833855,6.63788700036536e-05,443.1139934583839
1,124,3,-0.18066214798060617,5.567506251117753e-05,443.1139934583839
1,124,4,-0.31730557278986,5.014887842209857e-05,443.1139934583839
1,124,5,-0.4643305363706493,4.6865868647066955e-05,443.1139934583839
1,124,6,-0.587409390126919,4.4711350973703265e-05,443.1139934583839
1,124,7,-0.6548807305624418,4.318779706748034e-05,443.1139934583839
1,124,8,0.17943383801550108,0.0002894727153352485,443.1139934583839
1,125,0,-0.00014095206191199982,0.0001885677177994638,443.1139934583839
1,125,1,-0.0002747285952602519,9.222396405713682e-05,443.1139934583839
1,125,2,-0.00034160425924168505,6.63788700036536e-05,443.1139934583839
1,125,3,-0.00033344295208823126,5.567506251117753e-05,443.1139934583839
1,125,4,-0.0002518957146787456,5.014887842209857e-05,443.1139934583839
1,125,5,-0.00012101868484496355,4.6865868647066955e-05,443.1139934583839
1,125,6,5.178149625006221e-05,4.4711350973703265e-05,443.1139934583839
1,125,7,0.00023397052858265872,4.318779706748034e-05,443.1139934583839
1,125,8,0.0001304233921934323,0.0002894727153352485,443.1139934583839
1,126,0,0.0029136948086657816,0.0001885677177994638,443.1139934583839
1,126,1,-0.01569847265850308,9.222396405713682e-05,443.1139934583839
1,126,2,-0.07633145746013167,6.63788700036536e-05,443.1139934583839
1,126,3,-0.18196143676044535,5.567506251117753e-05,443.1139934583839
1,126,4,-0.3181998219523985,5.014887842209857e-05,443.1139934583839
1,126,5,-0.46282737395070883,4.6865868647066955e-05,443.1139934583839
1,126,6,-0.580535256300518,4.4711350973703265e-05,443.1139934583839
1,126,7,-0.639097800581705,4.318779706748034e-05,443.1139934583839
1,126,8,0.19536016547318336,0.0002894727153352485,443.1139934583839
1,127,0,-0.00022099102212841742,0.0001885677177994638,443.1139934583839
1,127,1,-0.0004265470063837314,9.222396405713682e-05,443.1139934583839
1,127,2,-0.0005224977967551823,6.63788700036536e-05,443.1139934583839
1,127,3,-0.0004984872203139119,5.567506251117753e-05,443.1139934583839
1,127,4,-0.00036911192740505486,5.014887842209857e-05,443.1139934583839
1,127,5,-0.00017461920504735154,4.6865868647066955e-05,443.1139934583839
1,127,6,5.629461751197462e-05,4.4711350973703265e-05,443.1139934583839
1,127,7,0.0002724733596456704,4.318779706748034e-05,443.1139934583839
1,127,8,3.9752347698279824e-05,0.0002894727153352485,443.1139934583839
1,128,0,0.013784460811649699,0.0001885677177994638,443.1139934583839
1,128,1,0.006065989839254055,9.222396405713682e-05,443.1139934583839
1,128,2,-0.04715194278542073,6.63788700036536e-05,443.1139934583839
1,128,3,-0.14855370036631965,5.567506251117753e-05,443.1139934583839
1,128,4,-0.28210297093469233,5.014887842209857e-05,443.1139934583839
1,128,5,-0.42376220356605004,4.6865868647066955e-05,443.1139934583839
1,128,6,-0.5367378833970832,4.4711350973703265e-05,443.1139934583839
1,128,7,-0.5879007667816911,4.318779706748034e-05,443.1139934583839
1,128,8,0.2088264646184817,0.0002894727153352485,443.1139934583839
1,129,0,-0.00025297635078316534,0.0001885677177994638,443.1139934583839
1,129,1,-0.0004890558032307506,9.222396405713682e-05,443.1139934583839
1,129,2,-0.0006024504339075575,6.63788700036536e-05,443.1139934583839
1,129,3,-0.0005827863001587703,5.567506251117753e-05,443.1139934583839
1,129,4,-0.0004499317533061078,5.014887842209857e-05,443.1139934583839
1,129,5,-0.0002489123244516912,4.6865868647066955e-05,443.1139934583839
1,129,6,-1.4992895313652185e-05,4.4711350973703265e-05,443.1139934583839
1,129,7,0.00019652222151230194,4.318779706748034e-05,443.1139934583839
1,129,8,1.7613228087860706e-06,0.0002894727153352485,443.1139934583839
1,130,0,0.024329300306760584,0.0001885677177994638,443.1139934583839
1,130,1,0.027157162222963025,9.222396405713682e-05,443.1139934583839
1,130,2,-0.018918199820954846,6.63788700036536e-05,443.1139934583839
1,130,3,-0.11627289839881999,5.567506251117753e-05,443.1139934583839
1,130,4,-0.24722305348518955,5.014887842209857e-05,443.1139934583839
1,130,5,-0.3859180073823023,4.6865868647066955e-05,443.1139934583839
1,130,6,-0.4940997662385796,4.4711350973703265e-05,443.1139934583839
1,130,7,-0.5377927445023617,4.318779706748034e-05,443.1139934583839
1,130,8,0.22211262296662795,0.0002894727153352485,443.1139934583839
1,131,0,-0.0002052852466467986,0.0001885677177994638,443.1139934583839
1,131,1,-0.0003975159914005062,9.222396405713682e-05,443.1139934583839
1,131,2,-0.0004908942952344086,6.63788700036536e-05,443.1139934583839
1,131,3,-0.00047676930107154035,5.567506251117753e-05,443.1139934583839
1,131,4,-0.0003692229589164064,5.014887842209857e-05,443.1139934583839
1,131,5,-0.0002048918784779384,4.6865868647066955e-05,443.1139934583839
1,131,6,-9.445918557693553e-06,4.4711350973703265e-05,443.1139934583839
1,131,7,0.00017148824427747208,4.318779706748034e-05,443.1139934583839
1,131,8,2.230359601222749e-05,0.0002894727153352485,443.1139934583839
1,132,0,0.02840502637695103,0.0001885677177994638,443.1139934583839
1,132,1,0.03514858506164644,9.222396405713682e-05,443.1139934583839
1,132,2,-0.00853312615338918,6.63788700036536e-05,443.1139934583839
1,132,3,-0.10461329145123516,5.567506251117753e-05,443.1139934583839
1,132,4,-0.2342196739465854,5.014887842209857e-05,443.1139934583839
1,132,5,-0.3701174710302336,4.6865868647066955e-05,443.1139934583839
1,132,6,-0.47291994310710556,4.4711350973703265e-05,443.1139934583839
1,132,7,-0.5081075533808499,4.318779706748034e-05,443.1139934583839
1,132,8,0.23643130465839066,0.0002894727153352485,443.1139934583839
1,133,0,-0.0001187576892722575,0.0001885677177994638,443.1139934583839
1,133,1,-0.00023127705832593282,9.222396405713682e-05,443.1139934583839
1,133,2,-0.00028718873931522684,6.63788700036536e-05,443.1139934583839
1,133,3,-0.00027995003837755824,5.567506251117753e-05,443.1139934583839
1,133,4,-0.00021123208517998863,5.014887842209857e-05,443.1139934583839
1,133,5,-0.00010209759586369276,4.6865868647066955e-05,443.1139934583839
1,133,6,4.033341943770488e-05,4.4711350973703265e-05,443.1139934583839
1,133,7,0.0001870339410330814,4.318779706748034e-05,443.1139934583839
1,133,8,8.543477218741826e-05,0.0002894727153352485,443.1139934583839
1,134,0,0.023059649509793393,0.0001885677177994638,443.1139934583839
1,134,1,0.024084025795649305,9.222396405713682e-05,443.1139934583839
1,134,2,-0.024059430643937983,6.63788700036536e-05,443.1139934583839
1,134,3,-0.12280550073989852,5.567506251117753e-05,443.1139934583839
1,134,4,-0.2527785647449793,5.014887842209857e-05,443.1139934583839
1,134,5,-0.38600398597027386,4.6865868647066955e-05,443.1139934583839
1,134,6,-0.4824689600315045,4.4711350973703265e-05,443.1139934583839
1,134,7,-0.5075466950431458,4.318779706748034e-05,443.1139934583839
1,134,8,0.25244376228914867,0.0002894727153352485,443.1139934583839
1,135,0,-6.142297186351361e-05,0.0001885677177994638,443.1139934583839
1,135,1,-0.0001227357348094615,9.222396405713682e-05,443.1139934583839
1,135,2,-0.0001581404083977595,6.63788700036536e-05,443.1139934583839
1,135,3,-0.0001620224391410684,5.567506251117753e-05,443.1139934583839
1,135,4,-0.00012590566170199538,5.014887842209857e-05,443.1139934583839
1,135,5,-5.8495458568694e-05,4.6865868647066955e-05,443.1139934583839
1,135,6,4.8353140218874166e-05,4.4711350973703265e-05,443.1139934583839
1,135,7,0.00017798825473912296,4.318779706748034e-05,443.1139934583839
1,135,8,0.00015021888635203423,0.0002894727153352485,443.1139934583839
1,136,0,0.013298489035192401,0.0001885677177994638,443.1139934583839
1,136,1,0.004109230428301027,9.222396405713682e-05,443.1139934583839
1,136,2,-0.05164313684589349,6.63788700036536e-05,443.1139934583839
1,136,3,-0.15478077975754956,5.567506251117753e-05,443.1139934583839
1,136,4,-0.28574843050637877,5.014887842209857e-05,443.1139934583839
1,136,5,-0.4161517928852824,4.6865868647066955e-05,443.1139934583839
1,136,6,-0.5056286800857325,4.4711350973703265e-05,443.1139934583839
1,136,7,-0.5197119875515553,4.318779706748034e-05,443.1139934583839
1,136,8,0.2690882267327228,0.0002894727153352485,443.1139934583839
1,137,0,-7.613362533789611e-05,0.0001885677177994638,443.1139934583839
1,137,1,-0.00015312422596686797,9.222396405713682e-05,443.1139934583839
1,137,2,-0.00020074179439023536,6.63788700036536e-05,443.1139934583839
1,137,3,-0.00021276566378415564,5.567506251117753e-05,443.1139934583839
1,137,4,-0.0001806332646416826,5.014887842209857e-05,443.1139934583839
1,137,5,-0.00011357643732771061,4.6865868647066955e-05,443.1139934583839
1,137,6,-3.356860526544624e-06,4.4711350973703265e-05,443.1139934583839
1,137,7,0.00013239761988474436,4.318779706748034e-05,443.1139934583839
1,137,8,0.00015741565689661728,0.0002894727153352485,443.1139934583839
1,138,0,0.005863479245611382,0.0001885677177994638,443.1139934583839
1,138,1,-0.011137696480031349,9.222396405713682e-05,443.1139934583839
1,138,2,-0.0727330004227585,6.63788700036536e-05,443.1139934583839
1,138,3,-0.17914538904812638,5.567506251117753e-05,443.1139934583839
1,138,4,-0.31046504196456276,5.014887842209857e-05,443.1139934583839
1,138,5,-0.4377380816871249,4.6865868647066955e-05,443.1139934583839
1,138,6,-0.5201931277666463,4.4711350973703265e-05,443.1139934583839
1,138,7,-0.5235284094719279,4.318779706748034e-05,443.1139934583839
1,138,8,0.28488315259688446,0.0002894727153352485,443.1139934583839
1,139,0,-0.00010594701677148656,0.0001885677177994638,443.1139934583839
1,139,1,-0.00021017579290240047,9.222396405713682e-05,443.1139934583839
1,139,2,-0.0002699358458045463,6.63788700036536e-05,443.1139934583839
1,139,3,-0.00027816897923580065,5.567506251117753e-05,443.1139934583839
1,139,4,-0.00023079392133488693,5.014887842209857e-05,443.1139934583839
1,139,5,-0.0001433100634178006,4.6865868647066955e-05,443.1139934583839
1,139,6,-1.5005399557689826e-05,4.4711350973703265e-05,443.1139934583839
1,139,7,0.0001291668087626772,4.318779706748034e-05,443.1139934583839
1,139,8,0.00011932202775478912,0.0002894727153352485,443.1139934583839
1,140,0,0.0021318382563934465,0.0001885677177994638,443.1139934583839
1,140,1,-0.018884664021298576,9.222396405713682e-05,443.1139934583839
1,140,2,-0.08359365786556651,6.63788700036536e-05,443.1139934583839
1,140,3,-0.19165195231413257,5.567506251117753e-05,443.1139934583839
1,140,4,-0.32251070334168597,5.014887842209857e-05,443.1139934583839
1,140,5,-0.4464103277322555,4.6865868647066955e-05,443.1139934583839
1,140,6,-0.5220247204472019,4.4711350973703265e-05,443.1139934583839
1,140,7,-0.5151543288808038,4.318779706748034e-05,443.1139934583839
1,140,8,0.29955528420542793,0.0002894727153352485,443.1139934583839
1,141,0,-0.0001217623392177984,0.0001885677177994638,443.1139934583839
1,141,1,-0.00023788113286283055,9.222396405713682e-05,443.1139934583839
1,141,2,-0.0002968075428436353,6.63788700036536e-05,443.1139934583839
1,141,3,-0.000291182052554667,5.567506251117753e-05,443.1139934583839
1,141,4,-0.00022171015358926014,5.014887842209857e-05,443.1139934583839
1,141,5,-0.0001106049117455698,4.6865868647066955e-05,443.1139934583839
1,141,6,3.3915222563507015e-05,4.4711350973703265e-05,443.1139934583839
1,141,7,0.00017910003523353477,4.318779706748034e-05,443.1139934583839
1,141,8,6.0469089209457624e-05,0.0002894727153352485,443.1139934583839
1,142,0,0.001690071137013542,0.0001885677177994638,443.1139934583839
1,142,1,-0.01997726494624625,9.222396405713682e-05,443.1139934583839
1,142,2,-0.0853985167602907,6.63788700036536e-05,443.1139934583839
1,142,3,-0.19369282797975704,5.567506251117753e-05,443.1139934583839
1,142,4,-0.32341328902109845,5.014887842209857e-05,443.1139934583839
1,142,5,-0.4437690013146895,4.6865868647066955e-05,443.1139934583839
1,142,6,-0.5127442853786103,4.4711350973703265e-05,443.1139934583839
1,142,7,-0.49618664474514973,4.318779706748034e-05,443.1139934583839
1,142,8,0.31320424756422144,0.0002894727153352485,443.1139934583839
1,143,0,-0.00012559628089782313,0.0001885677177994638,443.1139934583839
1,143,1,-0.00024201984285263973,9.222396405713682e-05,443.1139934583839
1,143,2,-0.00029346638608550204,6.63788700036536e-05,443.1139934583839
1,143,3,-0.0002726967378452972,5.567506251117753e-05,443.1139934583839
1,143,4,-0.0001842402028681357,5.014887842209857e-05,443.1139934583839
1,143,5,-5.559898861568417e-05,4.6865868647066955e-05,443.1139934583839
1,143,6,9.766601034515561e-05,4.4711350973703265e-05,443.1139934583839
1,143,7,0.0002368454429832022,4.318779706748034e-05,443.1139934583839
1,143,8,2.4615529855763952e-06,0.0002894727153352485,443.1139934583839
1,144,0,0.0034133228094506587,0.0001885677177994638,443.1139934583839
1,144,1,-0.016694546164172985,9.222396405713682e-05,443.1139934583839
1,144,2,-0.08125662610607087,6.63788700036536e-05,443.1139934583839
1,144,3,-0.1888684952977108,5.567506251117753e-05,443.1139934583839
1,144,4,-0.31700743488966254,5.014887842209857e-05,443.1139934583839
1,144,5,-0.4337004984312636,4.6865868647066955e-05,443.1139934583839
1,144,6,-0.4961619405705166,4.4711350973703265e-05,443.1139934583839
1,144,7,-0.4702739124730719,4.318779706748034e-05,443.1139934583839
1,144,8,0.3260592031772885,0.0002894727153352485,443.1139934583839
1,145,0,-0.00012780528622959007,0.0001885677177994638,443.1139934583839
1,145,1,-0.00024439695291113316,9.222396405713682e-05,443.1139934583839
1,145,2,-0.00029166267336023935,6.63788700036536e-05,443.1139934583839
1,145,3,-0.0002626792520940733,5.567506251117753e-05,443.1139934583839
1,145,4,-0.00016467803275636609,5.014887842209857e-05,443.1139934583839
1,145,5,-2.8408444673520163e-05,4.6865868647066955e-05,443.1139934583839
1,145,6,0.00012595658533693489,4.4711350973703265e-05,443.1139934583839
1,145,7,0.000256354211412299,4.318779706748034e-05,443.1139934583839
1,145,8,-3.839406105774254e-05,0.0002894727153352485,443.1139934583839
1,146,0,0.006832101470682152,0.0001885677177994638,443.1139934583839
1,146,1,-0.009984618121397861,9.222396405713682e-05,443.1139934583839
1,146,2,-0.0724536892175701,6.63788700036536e-05,443.1139934583839
1,146,3,-0.17865550099180727,5.567506251117753e-05,443.1139934583839
1,146,4,-0.30485142064648896,5.014887842209857e-05,443.1139934583839
1,146,5,-0.4177724182570671,4.6865868647066955e-05,443.1139934583839
1,146,6,-0.4738125828646068,4.4711350973703265e-05,443.1139934583839
1,146,7,-0.43890074991638045,4.318779706748034e-05,443.1139934583839
1,146,8,0.33814469961758226,0.0002894727153352485,443.1139934583839
1,147,0,-0.00011322032525874373,0.0001885677177994638,443.1139934583839
1,147,1,-0.0002148988597608748,9.222396405713682e-05,443.1139934583839
1,147,2,-0.00025177200627661057,6.63788700036536e-05,443.1139934583839
1,147,3,-0.00021744577246350584,5.567506251117753e-05,443.1139934583839
1,147,4,-0.0001187499827896316,5.014887842209857e-05,443.1139934583839
1,147,5,1.4216495468729291e-05,4.6865868647066955e-05,443.1139934583839
1,147,6,0.000161209889091383,4.4711350973703265e-05,443.1139934583839
1,147,7,0.00028078019927089845,4.318779706748034e-05,443.1139934583839
1,147,8,-5.525384468219709e-05,0.0002894727153352485,443.1139934583839
1,148,0,0.006926770874897655,0.0001885677177994638,443.1139934583839
1,148,1,-0.009995489915217684,9.222396405713682e-05,443.1139934583839
1,148,2,-0.07277725361039612,6.63788700036536e-05,443.1139934583839
1,148,3,-0.1789255627155843,5.567506251117753e-05,443.1139934583839
1,148,4,-0.30371963708360494,5.014887842209857e-05,443.1139934583839
1,148,5,-0.4128306285005967,4.6865868647066955e-05,443.1139934583839
1,148,6,-0.4620414803143275,4.4711350973703265e-05,443.1139934583839
1,148,7,-0.41754445696351034,4.318779706748034e-05,443.1139934583839
1,148,8,0.3505714310406037,0.0002894727153352485,443.1139934583839
1,149,0,-8.554135158142216e-05,0.0001885677177994638,443.1139934583839
1,149,1,-0.0001626487437917946,9.222396405713682e-05,443.1139934583839
1,149,2,-0.00019002201206568401,6.63788700036536e-05,443.1139934583839
1,149,3,-0.00016151562104547293,5.567506251117753e-05,443.1139934583839
1,149,4,-7.868517466486826e-05,5.014887842209857e-05,443.1139934583839
1,149,5,3.500006436689556e-05,4.6865868647066955e-05,443.1139934583839
1,149,6,0.00016673977263499277,4.4711350973703265e-05,443.1139934583839
1,149,7,0.00028111266457331524,4.318779706748034e-05,443.1139934583839
1,149,8,-2.026380964978894e-05,0.0002894727153352485,443.1139934583839
1,150,0,0.004024380774672625,0.0001885677177994638,443.1139934583839
1,150,1,-0.016059478379209232,9.222396405713682e-05,443.1139934583839
1,150,2,-0.0813036878630767,6.63788700036536e-05,443.1139934583839
1,150,3,-0.18858793917037855,5.567506251117753e-05,443.1139934583839
1,150,4,-0.3124233139795906,5.014887842209857e-05,443.1139934583839
1,150,5,-0.417642619100438,4.6865868647066955e-05,443.1139934583839
1,150,6,-0.45962050832345114,4.4711350973703265e-05,443.1139934583839
1,150,7,-0.4050257767931858,4.318779706748034e-05,443.1139934583839
1,150,8,0.36323473819029023,0.0002894727153352485,443.1139934583839
1,151,0,-9.012347875378376e-05,0.0001885677177994638,443.1139934583839
1,151,1,-0.00017089429629279506,9.222396405713682e-05,443.1139934583839
1,151,2,-0.00019874662752641389,6.63788700036536e-05,443.1139934583839
1,151,3,-0.00016765011630288744,5.567506251117753e-05,443.1139934583839
1,151,4,-8.087015625577194e-05,5.014887842209857e-05,443.1139934583839
1,151,5,3.5824064283366215e-05,4.6865868647066955e-05,443.1139934583839
1,151,6,0.000166862663116692,4.4711350973703265e-05,443.1139934583839
1,151,7,0.0002745733220905671,4.318779706748034e-05,443.1139934583839
1,151,8,-4.557632061618628e-05,0.0002894727153352485,443.1139934583839
1,152,0,0.005138699304769339,0.0001885677177994638,443.1139934583839
1,152,1,-0.013998031396063142,9.222396405713682e-05,443.1139934583839
1,152,2,-0.07877227957205557,6.63788700036536e-05,443.1139934583839
1,152,3,-0.18547647556031832,5.567506251117753e-05,443.1139934583839
1,152,4,-0.3075481869219379,5.014887842209857e-05,443.1139934583839
1,152,5,-0.408717426935378,4.6865868647066955e-05,443.1139934583839
1,152,6,-0.44379799469775805,4.4711350973703265e-05,443.1139934583839
1,152,7,-0.37986706046328433,4.318779706748034e-05,443.1139934583839
1,152,8,0.37446119178327325,0.0002894727153352485,443.1139934583839
1,153,0,-0.000101775170601996,0.0001885677177994638,443.1139934583839
1,153,1,-0.00019245159792346386,9.222396405713682e-05,443.1139934583839
1,153,2,-0.0002232584151083693,6.63788700036536e-05,443.1139934583839
1,153,3,-0.00018856396713404124,5.567506251117753e-05,443.1139934583839
1,153,4,-9.513923728396414e-05,5.014887842209857e-05,443.1139934583839
1,153,5,2.7135807176043077e-05,4.6865868647066955e-05,443.1139934583839
1,153,6,0.0001576989547010197,4.4711350973703265e-05,443.1139934583839
1,153,7,0.00025559603733816947,4.318779706748034e-05,443.1139934583839
1,153,8,-8.51892185117482e-05,0.0002894727153352485,443.1139934583839
1,154,0,0.007645847860424096,0.0001885677177994638,443.1139934583839
1,154,1,-0.009119242389110863,9.222396405713682e-05,443.1139934583839
1,154,2,-0.07240356760179242,6.63788700036536e-05,443.1139934583839
1,154,3,-0.17791771358690847,5.567506251117753e-05,443.1139934583839
1,154,4,-0.29791370351608404,5.014887842209857e-05,443.1139934583839
1,154,5,-0.3949349818501289,4.6865868647066955e-05,443.1139934583839
1,154,6,-0.42321379262014325,4.4711350973703265e-05,443.1139934583839
1,154,7,-0.35027124311312446,4.318779706748034e-05,443.1139934583839
1,154,8,0.3848338696069471,0.0002894727153352485,443.1139934583839
1,155,0,-8.902106867257814e-05,0.0001885677177994638,443.1139934583839
1,155,1,-0.00016904861357937336,9.222396405713682e-05,443.1139934583839
1,155,2,-0.00019744758603014,6.63788700036536e-05,443.1139934583839
1,155,3,-0.00016865156706071405,5.567506251117753e-05,443.1139934583839
1,155,4,-8.648834517693238e-05,5.014887842209857e-05,443.1139934583839
1,155,5,2.3246018991859674e-05,4.6865868647066955e-05,443.1139934583839
1,155,6,0.00014438871006439786,4.4711350973703265e-05,443.1139934583839
1,155,7,0.00023956307087971462,4.318779706748034e-05,443.1139934583839
1,155,8,-6.262527497135498e-05,0.0002894727153352485,443.1139934583839
1,156,0,0.006581342868896696,0.0001885677177994638,443.1139934583839
1,156,1,-0.011449915329846959,9.222396405713682e-05,443.1139934583839
1,156,2,-0.07579545601082667,6.63788700036536e-05,443.1139934583839
1,156,3,-0.18152338544060273,5.567506251117753e-05,443.1139934583839
1,156,4,-0.2999639721059197,5.014887842209857e-05,443.1139934583839
1,156,5,-0.39274818981564297,4.6865868647066955e-05,443.1139934583839
1,156,6,-0.4137744441814449,4.4711350973703265e-05,443.1139934583839
1,156,7,-0.3312564305827801,4.318779706748034e-05,443.1139934583839
1,156,8,0.3954318291112485,0.0002894727153352485,443.1139934583839
1,157,0,-5.9567926248837166e-05,0.0001885677177994638,443.1139934583839
1,157,1,-0.00011370341796459785,9.222396405713682e-05,443.1139934583839
1,157,2,-0.00013254329347782166,6.63788700036536e-05,443.1139934583839
1,157,3,-0.00011017521577048582,5.567506251117753e-05,443.1139934583839
1,157,4,-4.386065456881991e-05,5.014887842209857e-05,443.1139934583839
1,157,5,4.8638381047685624e-05,4.6865868647066955e-05,443.1139934583839
1,157,6,0.0001596570433919918,4.4711350973703265e-05,443.1139934583839
1,157,7,0.0002579730850068934,4.318779706748034e-05,443.1139934583839
1,157,8,-1.3562710837458062e-05,0.0002894727153352485,443.1139934583839
1,158,0,-0.0006349249273137735,0.0001885677177994638,443.1139934583839
1,158,1,-0.02619615678359007,9.222396405713682e-05,443.1139934583839
1,158,2,-0.09599514875265025,6.63788700036536e-05,443.1139934583839
1,158,3,-0.20436123022641348,5.567506251117753e-05,443.1139934583839
1,158,4,-0.3221631630941592,5.014887842209857e-05,443.1139934583839
1,158,5,-0.41058288695943956,4.6865868647066955e-05,443.1139934583839
1,158,6,-0.42357616822512234,4.4711350973703265e-05,443.1139934583839
1,158,7,-0.3304133435414671,4.318779706748034e-05,443.1139934583839
1,158,8,0.4068573888019429,0.0002894727153352485,443.1139934583839
1,159,0,-5.061116784674625e-05,0.0001885677177994638,443.1139934583839
1,159,1,-9.788678148587307e-05,9.222396405713682e-05,443.1139934583839
1,159,2,-0.00011644519282757173,6.63788700036536e-05,443.1139934583839
1,159,3,-9.985065962578466e-05,5.567506251117753e-05,443.1139934583839
1,159,4,-4.1945832204645655e-05,5.014887842209857e-05,443.1139934583839
1,159,5,4.297722837410429e-05,4.6865868647066955e-05,443.1139934583839
1,159,6,0.00015128430630045807,4.4711350973703265e-05,443.1139934583839
1,159,7,0.00025362997249243706,4.318779706748034e-05,443.1139934583839
1,159,8,1.1475552869028561e-05,0.0002894727153352485,443.1139934583839
1,160,0,-0.006977530823987797,0.0001885677177994638,443.1139934583839
1,160,1,-0.0391698764225597,9.222396405713682e-05,443.1139934583839
1,160,2,-0.11376490343168015,6.63788700036536e-05,443.1139934583839
1,160,3,-0.22435120781633208,5.567506251117753e-05,443.1139934583839
1,160,4,-0.34126566097912997,5.014887842209857e-05,443.1139934583839
1,160,5,-0.42519961223321356,4.6865868647066955e-05,443.1139934583839
1,160,6,-0.4301805753304875,4.4711350973703265e-05,443.1139934583839
1,160,7,-0.3265994420859422,4.318779706748034e-05,443.1139934583839
1,160,8,0.41754974575033316,0.0002894727153352485,443.1139934583839
1,161,0,-7.750532557738645e-05,0.0001885677177994638,443.1139934583839
1,161,1,-0.00014508541861905238,9.222396405713682e-05,443.1139934583839
1,161,2,-0.0001630643287551916,6.63788700036536e-05,443.1139934583839
1,161,3,-0.00012634502843895674,5.567506251117753e-05,443.1139934583839
1,161,4,-3.931588090830051e-05,5.014887842209857e-05,443.1139934583839
1,161,5,6.988634765928832e-05,4.6865868647066955e-05,443.1139934583839
1,161,6,0.00018232128871750083,4.4711350973703265e-05,443.1139934583839
1,161,7,0.0002578488329386348,4.318779706748034e-05,443.1139934583839
1,161,8,-0.00011001501827873792,0.0002894727153352485,443.1139934583839
1,162,0,-0.003007770585571135,0.0001885677177994638,443.1139934583839
1,162,1,-0.03131978177073512,9.222396405713682e-05,443.1139934583839
1,162,2,-0.10329982480666898,6.63788700036536e-05,443.1139934583839
1,162,3,-0.21192191331156163,5.567506251117753e-05,443.1139934583839
1,162,4,-0.32620300990026524,5.014887842209857e-05,443.1139934583839
1,162,5,-0.4056150040295955,4.6865868647066955e-05,443.1139934583839
1,162,6,-0.4037554218587513,4.4711350973703265e-05,443.1139934583839
1,162,7,-0.29178666055971864,4.318779706748034e-05,443.1139934583839
1,162,8,0.4253493072985804,0.0002894727153352485,443.1139934583839
1,163,0,-8.930886154299087e-05,0.0001885677177994638,443.1139934583839
1,163,1,-0.0001624043064865779,9.222396405713682e-05,443.1139934583839
1,163,2,-0.00017109783089425267,6.63788700036536e-05,443.1139934583839
1,163,3,-0.00011229367421647543,5.567506251117753e-05,443.1139934583839
1,163,4,-9.765682284565191e-08,5.014887842209857e-05,443.1139934583839
1,163,5,0.00012568566900314745,4.6865868647066955e-05,443.1139934583839
1,163,6,0.0002328394458291182,4.4711350973703265e-05,443.1139934583839
1,163,7,0.00027358474970948395,4.318779706748034e-05,443.1139934583839
1,163,8,-0.0002280312688836407,0.0002894727153352485,443.1139934583839
1,164,0,0.0016723975316812886,0.0001885677177994638,443.1139934583839
1,164,1,-0.022044035119006888,9.222396405713682e-05,443.1139934583839
1,164,2,-0.09091742143655443,6.63788700036536e-05,443.1139934583839
1,164,3,-0.19730167749168864,5.567506251117753e-05,443.1139934583839
1,164,4,-0.30882247596238066,5.014887842209857e-05,443.1139934583839
1,164,5,-0.38368578450234525,4.6865868647066955e-05,443.1139934583839
1,164,6,-0.37506345476848857,4.4711350973703265e-05,443.1139934583839
1,164,7,-0.2549466922133509,4.318779706748034e-05,443.1139934583839
1,164,8,0.4324890813235854,0.0002894727153352485,443.1139934583839
1,165,0,-7.086942314263497e-05,0.0001885677177994638,443.1139934583839
1,165,1,-0.00012865368864066297,9.222396405713682e-05,443.1139934583839
1,165,2,-0.000134036882096186,6.63788700036536e-05,443.1139934583839
1,165,3,-8.375577952146771e-05,5.567506251117753e-05,443.1139934583839
1,165,4,1.2846923014070127e-05,5.014887842209857e-05,443.1139934583839
1,165,5,0.0001225818070693741,4.6865868647066955e-05,443.1139934583839
1,165,6,0.0002200818423214157,4.4711350973703265e-05,443.1139934583839
1,165,7,0.0002631769025020137,4.318779706748034e-05,443.1139934583839
1,165,8,-0.0001847418054900748,0.0002894727153352485,443.1139934583839
1,166,0,0.0014967718831797447,0.0001885677177994638,443.1139934583839
1,166,1,-0.022571993024464703,9.222396405713682e-05,443.1139934583839
1,166,2,-0.09181399807069077,6.63788700036536e-05,443.1139934583839
1,166,3,-0.19788336641399873,5.567506251117753e-05,443.1139934583839
1,166,4,-0.30737355305690284,5.014887842209857e-05,443.1139934583839
1,166,5,-0.3775949839345362,4.6865868647066955e-05,443.1139934583839
1,166,6,-0.3616157953981413,4.4711350973703265e-05,443.1139934583839
1,166,7,-0.23256616674001257,4.318779706748034e-05,443.1139934583839
1,166,8,0.4401288793504165,0.0002894727153352485,443.1139934583839
1,167,0,-5.827559225297424e-05,0.0001885677177994638,443.1139934583839
1,167,1,-0.00010456482042161568,9.222396405713682e-05,443.1139934583839
1,167,2,-0.00010476251807726263,6.63788700036536e-05,443.1139934583839
1,167,3,-5.571074615067335e-05,5.567506251117753e-05,443.1139934583839
1,167,4,3.5251759233879506e-05,5.014887842209857e-05,443.1139934583839
1,167,5,0.0001374447084310593,4.6865868647066955e-05,443.1139934583839
1,167,6,0.0002281290640115116,4.4711350973703265e-05,443.1139934583839
1,167,7,0.0002672904412698791,4.318779706748034e-05,443.1139934583839
1,167,8,-0.00017538095812168178,0.0002894727153352485,443.1139934583839
1,168,0,0.0012962318403103986,0.0001885677177994638,443.1139934583839
1,168,1,-0.023144150828489442,9.222396405713682e-05,443.1139934583839
1,168,2,-0.09274917265908933,6.63788700036536e-05,443.1139934583839
1,168,3,-0.19846078948692966,5.567506251117753e-05,443.1139934583839
1,168,4,-0.30584152168833406,5.014887842209857e-05,443.1139934583839
1,168,5,-0.37133684294182656,4.6865868647066955e-05,443.1139934583839
1,168,6,-0.34798335423510457,4.4711350973703265e-05,443.1139934583839
1,168,7,-0.2101572785701434,4.318779706748034e-05,443.1139934583839
1,168,8,0.4470595230991274,0.0002894727153352485,443.1139934583839
1,169,0,-5.827003009282183e-05,0.0001885677177994638,443.1139934583839
1,169,1,-0.00010494917397061866,9.222396405713682e-05,443.1139934583839
1,169,2,-0.00010637920783186472,6.63788700036536e-05,443.1139934583839
1,169,3,-5.9621817764696045e-05,5.567506251117753e-05,443.1139934583839
1,169,4,2.7852792834802994e-05,5.014887842209857e-05,443.1139934583839
1,169,5,0.00012553831094042571,4.6865868647066955e-05,443.1139934583839
1,169,6,0.000210883141073363,4.4711350973703265e-05,443.1139934583839
1,169,7,0.0002444734365593048,4.318779706748034e-05,443.1139934583839
1,169,8,-0.00017876633595805588,0.0002894727153352485,443.1139934583839
1,170,0,0.0015782241773316169,0.0001885677177994638,443.1139934583839
1,170,1,-0.022738293314643096,9.222396405713682e-05,443.1139934583839
1,170,2,-0.09234343153632803,6.63788700036536e-05,443.1139934583839
1,170,3,-0.19746130888308588,5.567506251117753e-05,443.1139934583839
1,170,4,-0.3025850259234187,5.014887842209857e-05,443.1139934583839
1,170,5,-0.363287170097837,4.6865868647066955e-05,443.1139934583839
1,170,6,-0.3326157072147979,4.4711350973703265e-05,443.1139934583839
1,170,7,-0.18627614091818034,4.318779706748034e-05,443.1139934583839
1,170,8,0.45316784644282965,0.0002894727153352485,443.1139934583839
1,171,0,-5.7868824834990297e-05,0.0001885677177994638,443.1139934583839
1,171,1,-0.00010417769720311374,9.222396405713682e-05,443.1139934583839
1,171,2,-0.00010556850804222029,6.63788700036536e-05,443.1139934583839
1,171,3,-5.9466742754310784e-05,5.567506251117753e-05,443.1139934583839
1,171,4,2.6153175273697823e-05,5.014887842209857e-05,443.1139934583839
1,171,5,0.00012027903552945282,4.6865868647066955e-05,443.1139934583839
1,171,6,0.00019997338299062965,4.4711350973703265e-05,443.1139934583839
1,171,7,0.00022619695081387958,4.318779706748034e-05,443.1139934583839
1,171,8,-0.00018793683725699503,0.0002894727153352485,443.1139934583839
1,172,0,0.002612324076828872,0.0001885677177994638,443.1139934583839
1,172,1,-0.020810772741198285,9.222396405713682e-05,443.1139934583839
1,172,2,-0.08986177719450764,6.63788700036536e-05,443.1139934583839
1,172,3,-0.19404565309826827,5.567506251117753e-05,443.1139934583839
1,172,4,-0.29672821672384775,5.014887842209857e-05,443.1139934583839
1,172,5,-0.352583232726474,4.6865868647066955e-05,443.1139934583839
1,172,6,-0.3146999337405636,4.4711350973703265e-05,443.1139934583839
1,172,7,-0.16018421359599305,4.318779706748034e-05,443.1139934583839
1,172,8,0.4583566611204332,0.0002894727153352485,443.1139934583839
1,173,0,-5.4861536726910965e-05,0.0001885677177994638,443.1139934583839
1,173,1,-9.891939755591064e-05,9.222396405713682e-05,443.1139934583839
1,173,2,-0.00010055186776300172,6.63788700036536e-05,443.1139934583839
1,173,3,-5.723256052495916e-05,5.567506251117753e-05,443.1139934583839
1,173,4,2.3701437305550267e-05,5.014887842209857e-05,443.1139934583839
1,173,5,0.00011248578908138907,4.6865868647066955e-05,443.1139934583839
1,173,6,0.00018735085586393384,4.4711350973703265e-05,443.1139934583839
1,173,7,0.00021048678582836496,4.318779706748034e-05,443.1139934583839
1,173,8,-0.0001833424875397228,0.0002894727153352485,443.1139934583839
1,174,0,0.002892194007520954,0.0001885677177994638,443.1139934583839
1,174,1,-0.02039959475327905,9.222396405713682e-05,443.1139934583839
1,174,2,-0.08941296780071958,6.63788700036536e-05,443.1139934583839
1,174,3,-0.19291242297135455,5.567506251117753e-05,443.1139934583839
1,174,4,-0.29319603924648857,5.014887842209857e-05,443.1139934583839
1,174,5,-0.34412798444784365,4.6865868647066955e-05,443.1139934583839
1,174,6,-0.29895613382065245,4.4711350973703265e-05,443.1139934583839
1,174,7,-0.13632651870745,4.318779706748034e-05,443.1139934583839
1,174,8,0.46292810128658946,0.0002894727153352485,443.1139934583839
1,175,0,-4.94879307389175e-05,0.0001885677177994638,443.1139934583839
1,175,1,-9.016603630932949e-05,9.222396405713682e-05,443.1139934583839
1,175,2,-9.376847286380268e-05,6.63788700036536e-05,443.1139934583839
1,175,3,-5.727874922075992e-05,5.567506251117753e-05,443.1139934583839
1,175,4,1.483445113736945e-05,5.014887842209857e-05,443.1139934583839
1,175,5,9.640336571452255e-05,4.6865868647066955e-05,443.1139934583839
1,175,6,0.00016920474829416098,4.4711350973703265e-05,443.1139934583839
1,175,7,0.00019765677918350417,4.318779706748034e-05,443.1139934583839
1,175,8,-0.0001562236353477187,0.0002894727153352485,443.1139934583839
1,176,0,0.0023730054988543897,0.0001885677177994638,443.1139934583839
1,176,1,-0.021592050541425593,9.222396405713682e-05,443.1139934583839
1,176,2,-0.09110762831981135,6.63788700036536e-05,443.1139934583839
1,176,3,-0.1941770528784999,5.567506251117753e-05,443.1139934583839
1,176,4,-0.2920982438479226,5.014887842209857e-05,443.1139934583839
1,176,5,-0.33802448210889774,4.6865868647066955e-05,443.1139934583839
1,176,6,-0.2854884498670014,4.4711350973703265e-05,443.1139934583839
1,176,7,-0.1148203057739485,4.318779706748034e-05,443.1139934583839
1,176,8,0.46683646230021275,0.0002894727153352485,443.1139934583839
1,177,0,-4.651575918266611e-05,0.0001885677177994638,443.1139934583839
1,177,1,-8.569608824407259e-05,9.222396405713682e-05,443.1139934583839
1,177,2,-9.137594751353952e-05,6.63788700036536e-05,443.1139934583839
1,177,3,-6.007020220766638e-05,5.567506251117753e-05,443.1139934583839
1,177,4,5.7146457334459595e-06,5.014887842209857e-05,443.1139934583839
1,177,5,8.230130565824462e-05,4.6865868647066955e-05,443.1139934583839
1,177,6,0.00015380649885853197,4.4711350973703265e-05,443.1139934583839
1,177,7,0.00018587523729935628,4.318779706748034e-05,443.1139934583839
1,177,8,-0.00013835942225905038,0.0002894727153352485,443.1139934583839
1,178,0,0.0014068196118442557,0.0001885677177994638,443.1139934583839
1,178,1,-0.023676069258870888,9.222396405713682e-05,443.1139934583839
1,178,2,-0.09397795088756597,6.63788700036536e-05,443.1139934583839
1,178,3,-0.19672609108202127,5.567506251117753e-05,443.1139934583839
1,178,4,-0.29226209295794864,5.014887842209857e-05,443.1139934583839
1,178,5,-0.33310516155767456,4.6865868647066955e-05,443.1139934583839
1,178,6,-0.27318323330960026,4.4711350973703265e-05,443.1139934583839
1,178,7,-0.09463904878812678,4.318779706748034e-05,443.1139934583839
1,178,8,0.4699604588194401,0.0002894727153352485,443.1139934583839
1,179,0,-4.19766435508915e-05,0.0001885677177994638,443.1139934583839
1,179,1,-7.869207101915692e-05,9.222396405713682e-05,443.1139934583839
1,179,2,-8.697909645267333e-05,6.63788700036536e-05,443.1139934583839
1,179,3,-6.253493395429744e-05,5.567506251117753e-05,443.1139934583839
1,179,4,-4.599070100351263e-06,5.014887842209857e-05,443.1139934583839
1,179,5,6.687813322610817e-05,4.6865868647066955e-05,443.1139934583839
1,179,6,0.00013946963242937087,4.4711350973703265e-05,443.1139934583839
1,179,7,0.00018029819882730926,4.318779706748034e-05,443.1139934583839
1,179,8,-0.0001095497889788322,0.0002894727153352485,443.1139934583839
1,180,0,-0.0011686445670647375,0.0001885677177994638,443.1139934583839
1,180,1,-0.028993385284347598,9.222396405713682e-05,443.1139934583839
1,180,2,-0.10118495175137528,6.63788700036536e-05,443.1139934583839
1,180,3,-0.2041642092428437,5.567506251117753e-05,443.1139934583839
1,180,4,-0.2974523292942933,5.014887842209857e-05,443.1139934583839
1,180,5,-0.3331025392680157,4.6865868647066955e-05,443.1139934583839
1,180,6,-0.2656179751284206,4.4711350973703265e-05,443.1139934583839
1,180,7,-0.07913642741631394,4.318779706748034e-05,443.1139934583839
1,180,8,0.4725390002282743,0.0002894727153352485,443.1139934583839
1,181,0,-3.766337805242343e-05,0.0001885677177994638,443.1139934583839
1,181,1,-7.21444453903246e-05,9.222396405713682e-05,443.1139934583839
1,181,2,-8.309510203329153e-05,6.63788700036536e-05,443.1139934583839
1,181,3,-6.516676231982031e-05,5.567506251117753e-05,443.1139934583839
1,181,4,-1.4218113667209957e-05,5.014887842209857e-05,443.1139934583839
1,181,5,5.354229354056702e-05,4.6865868647066955e-05,443.1139934583839
1,181,6,0.0001289092222409106,4.4711350973703265e-05,443.1139934583839
1,181,7,0.0001798100228996053,4.318779706748034e-05,443.1139934583839
1,181,8,-8.135830429018669e-05,0.0002894727153352485,443.1139934583839
1,182,0,-0.005514596852855419,0.0001885677177994638,443.1139934583839
1,182,1,-0.03786783855083623,9.222396405713682e-05,443.1139934583839
1,182,2,-0.11316325618624407,6.63788700036536e-05,443.1139934583839
1,182,3,-0.2169827243282032,5.567506251117753e-05,443.1139934583839
1,182,4,-0.3081761795061221,5.014887842209857e-05,443.1139934583839
1,182,5,-0.3385129887036999,4.6865868647066955e-05,443.1139934583839
1,182,6,-0.2632622039181501,4.4711350973703265e-05,443.1139934583839
1,182,7,-0.06874645930741095,4.318779706748034e-05,443.1139934583839
1,182,8,0.47460763339633366,0.0002894727153352485,443.1139934583839
1,183,0,-3.3570756385979985e-05,0.0001885677177994638,443.1139934583839
1,183,1,-6.47860480098782e-05,9.222396405713682e-05,443.1139934583839
1,183,2,-7.509596985886574e-05,6.63788700036536e-05,443.1139934583839
1,183,3,-5.864772011267435e-05,5.567506251117753e-05,443.1139934583839
1,183,4,-9.618477819025788e-06,5.014887842209857e-05,443.1139934583839
1,183,5,5.707745716206739e-05,4.6865868647066955e-05,443.1139934583839
1,183,6,0.00013319955830735938,4.4711350973703265e-05,443.1139934583839
1,183,7,0.00018634827339273363,4.318779706748034e-05,443.1139934583839
1,183,8,-7.629386652106501e-05,0.0002894727153352485,443.1139934583839
1,184,0,-0.0116067394658091,0.0001885677177994638,443.1139934583839
1,184,1,-0.05025525729291681,9.222396405713682e-05,443.1139934583839
1,184,2,-0.1298640808376138,6.63788700036536e-05,443.1139934583839
1,184,3,-0.2351409019368678,5.567506251117753e-05,443.1139934583839
1,184,4,-0.32440397284266553,5.014887842209857e-05,443.1139934583839
1,184,5,-0.34931057526185755,4.6865868647066955e-05,443.1139934583839
1,184,6,-0.2660770852256618,4.4711350973703265e-05,443.1139934583839
1,184,7,-0.06339627275642042,4.318779706748034e-05,443.1139934583839
1,184,8,0.476251356411774,0.0002894727153352485,443.1139934583839
1,185,0,-4.001036596457239e-05,0.0001885677177994638,443.1139934583839
1,185,1,-7.564268588325588e-05,9.222396405713682e-05,443.1139934583839
1,185,2,-8.471594764982973e-05,6.63788700036536e-05,443.1139934583839
1,185,3,-6.231514481553638e-05,5.567506251117753e-05,443.1139934583839
1,185,4,-6.484100175256189e-06,5.014887842209857e-05,443.1139934583839
1,185,5,6.277169892920919e-05,4.6865868647066955e-05,443.1139934583839
1,185,6,0.00013248421672215716,4.4711350973703265e-05,443.1139934583839
1,185,7,0.00016773442808597604,4.318779706748034e-05,443.1139934583839
1,185,8,-0.0001224622659716287,0.0002894727153352485,443.1139934583839
1,186,0,-0.01286553350726845,0.0001885677177994638,443.1139934583839
1,186,1,-0.052906189547434736,9.222396405713682e-05,443.1139934583839
1,186,2,-0.13341958642206977,6.63788700036536e-05,443.1139934583839
1,186,3,-0.23829136052028238,5.567506251117753e-05,443.1139934583839
1,186,4,-0.3249240668088414,5.014887842209857e-05,443.1139934583839
1,186,5,-0.3445156774037397,4.6865868647066955e-05,443.1139934583839
1,186,6,-0.25401427712433944,4.4711350973703265e-05,443.1139934583839
1,186,7,-0.04435011008796161,4.318779706748034e-05,443.1139934583839
1,186,8,0.4761058758790398,0.0002894727153352485,443.1139934583839
1,187,0,-4.417808358774608e-05,0.0001885677177994638,443.1139934583839
1,187,1,-7.591968513033575e-05,9.222396405713682e-05,443.1139934583839
1,187,2,-6.643706211609077e-05,6.63788700036536e-05,443.1139934583839
1,187,3,-1.5712951062219706e-05,5.567506251117753e-05,443.1139934583839
1,187,4,6.443420069461429e-05,5.014887842209857e-05,443.1139934583839
1,187,5,0.00013821954015940597,4.6865868647066955e-05,443.1139934583839
1,187,6,0.00017868162146840815,4.4711350973703265e-05,443.1139934583839
1,187,7,0.00014764279352174893,4.318779706748034e-05,443.1139934583839
1,187,8,-0.00027217418745582254,0.0002894727153352485,443.1139934583839
1,188,0,-0.00829078978291866,0.0001885677177994638,443.1139934583839
1,188,1,-0.043812964108350255,9.222396405713682e-05,443.1139934583839
1,188,2,-0.12113766129878545,6.63788700036536e-05,443.1139934583839
1,188,3,-0.2233918390964328,5.567506251117753e-05,443.1139934583839
1,188,4,-0.30659228292630375,5.014887842209857e-05,443.1139934583839
1,188,5,-0.32104427437292893,4.6865868647066955e-05,443.1139934583839
1,188,6,-0.2241455738377516,4.4711350973703265e-05,443.1139934583839
1,188,7,-0.00887960475219728,4.318779706748034e-05,443.1139934583839
1,188,8,0.47397916439141063,0.0002894727153352485,443.1139934583839
1,189,0,-4.109357515810701e-05,0.0001885677177994638,443.1139934583839
1,189,1,-6.75616654399851e-05,9.222396405713682e-05,443.1139934583839
1,189,2,-5.060541968287369e-05,6.63788700036536e-05,443.1139934583839
1,189,3,7.887048450369152e-06,5.567506251117753e-05,443.1139934583839
1,189,4,9.191320341712715e-05,5.014887842209857e-05,443.1139934583839
1,189,5,0.00016180642486041,4.6865868647066955e-05,443.1139934583839
1,189,6,0.00018741915202610568,4.4711350973703265e-05,443.1139934583839
1,189,7,0.0001316000981532646,4.318779706748034e-05,443.1139934583839
1,189,8,-0.0003143721423686686,0.0002894727153352485,443.1139934583839
1,190,0,-0.004887866319204868,0.0001885677177994638,443.1139934583839
1,190,1,-0.03708650303986757,9.222396405713682e-05,443.1139934583839
1,190,2,-0.11205725709910012,6.63788700036536e-05,443.1139934583839
1,190,3,-0.21213802276454558,5.567506251117753e-05,443.1139934583839
1,190,4,-0.29204444793601614,5.014887842209857e-05,443.1139934583839
1,190,5,-0.30130736591004126,4.6865868647066955e-05,443.1139934583839
1,190,6,-0.19791337573056897,4.4711350973703265e-05,443.1139934583839
1,190,7,0.022949050083829206,4.318779706748034e-05,443.1139934583839
1,190,8,0.4713074226753014,0.0002894727153352485,443.1139934583839
1,191,0,-3.4571729980550675e-05,0.0001885677177994638,443.1139934583839
1,191,1,-5.616099888748267e-05,9.222396405713682e-05,443.1139934583839
1,191,2,-3.9496975790530134e-05,6.63788700036536e-05,443.1139934583839
1,191,3,1.394086667209961e-05,5.567506251117753e-05,443.1139934583839
1,191,4,9.065382512591055e-05,5.014887842209857e-05,443.1139934583839
1,191,5,0.00015455092592575953,4.6865868647066955e-05,443.1139934583839
1,191,6,0.0001786498083696066,4.4711350973703265e-05,443.1139934583839
1,191,7,0.00012817227950893007,4.318779706748034e-05,443.1139934583839
1,191,8,-0.0002890458164093806,0.0002894727153352485,443.1139934583839
1,192,0,-0.003475475165039089,0.0001885677177994638,443.1139934583839
1,192,1,-0.03436658696513791,9.222396405713682e-05,443.1139934583839
1,192,2,-0.10836908532708717,6.63788700036536e-05,443.1139934583839
1,192,3,-0.20699539644618353,5.567506251117753e-05,443.1139934583839
1,192,4,-0.28382401297099663,5.014887842209857e-05,443.1139934583839
1,192,5,-0.2878111046607419,4.6865868647066955e-05,443.1139934583839
1,192,6,-0.1777351526360982,4.4711350973703265e-05,443.1139934583839
1,192,7,0.04881709540613274,4.318779706748034e-05,443.1139934583839
1,192,8,0.46810933428547574,0.0002894727153352485,443.1139934583839
1,193,0,-2.98264007950307e-05,0.0001885677177994638,443.1139934583839
1,193,1,-4.9183964731138596e-05,9.222396405713682e-05,443.1139934583839
1,193,2,-3.617378497738018e-05,6.63788700036536e-05,443.1139934583839
1,193,3,8.893661027114135e-06,5.567506251117753e-05,443.1139934583839
1,193,4,7.657402934722245e-05,5.014887842209857e-05,443.1139934583839
1,193,5,0.0001356483058201841,4.6865868647066955e-05,443.1139934583839
1,193,6,0.00016338790422119084,4.4711350973703265e-05,443.1139934583839
1,193,7,0.00012674201371603056,4.318779706748034e-05,443.1139934583839
1,193,8,-0.0002498532833181221,0.0002894727153352485,443.1139934583839
1,194,0,-0.0039836825899532925,0.0001885677177994638,443.1139934583839
1,194,1,-0.03550617447577183,9.222396405713682e-05,443.1139934583839
1,194,2,-0.10986022522380758,6.63788700036536e-05,443.1139934583839
1,194,3,-0.20770029539265347,5.567506251117753e-05,443.1139934583839
1,194,4,-0.2816350599796416,5.014887842209857e-05,443.1139934583839
1,194,5,-0.28025113621322273,4.6865868647066955e-05,443.1139934583839
1,194,6,-0.16332657757798005,4.4711350973703265e-05,443.1139934583839
1,194,7,0.0689637695930611,4.318779706748034e-05,443.1139934583839
1,194,8,0.4642884562221634,0.0002894727153352485,443.1139934583839
1,195,0,-2.491768190038368e-05,0.0001885677177994638,443.1139934583839
1,195,1,-4.221172504707086e-05,9.222396405713682e-05,443.1139934583839
1,195,2,-3.3466377046888755e-05,6.63788700036536e-05,443.1139934583839
1,195,3,2.6462049996887015e-06,5.567506251117753e-05,443.1139934583839
1,195,4,6.151419546096925e-05,5.014887842209857e-05,443.1139934583839
1,195,5,0.00011740566783315979,4.6865868647066955e-05,443.1139934583839
1,195,6,0.00015198952728301128,4.4711350973703265e-05,443.1139934583839
1,195,7,0.00013314713482110214,4.318779706748034e-05,443.1139934583839
1,195,8,-0.00020704723883713518,0.0002894727153352485,443.1139934583839
1,196,0,-0.006845739888548803,0.0001885677177994638,443.1139934583839
1,196,1,-0.04137492833677954,9.222396405713682e-05,443.1139934583839
1,196,2,-0.11769636632948209,6.63788700036536e-05,443.1139934583839
1,196,3,-0.21556858803944423,5.567506251117753e-05,443.1139934583839
1,196,4,-0.2868347078822945,5.014887842209857e-05,443.1139934583839
1,196,5,-0.27995501330226225,4.6865868647066955e-05,443.1139934583839
1,196,6,-0.1559440565010842,4.4711350973703265e-05,443.1139934583839
1,196,7,0.08222462917814943,4.318779706748034e-05,443.1139934583839
1,196,8,0.4599247831942813,0.0002894727153352485,443.1139934583839
1,197,0,-2.3382152777013456e-05,0.0001885677177994638,443.1139934583839
1,197,1,-4.088786069574743e-05,9.222396405713682e-05,443.1139934583839
1,197,2,-3.5693217376849484e-05,6.63788700036536e-05,443.1139934583839
1,197,3,-5.3647002465269255e-06,5.567506251117753e-05,443.1139934583839
1,197,4,4.839279283299558e-05,5.014887842209857e-05,443.1139934583839
1,197,5,0.00010268301617821147,4.6865868647066955e-05,443.1139934583839
1,197,6,0.00014146785596989218,4.4711350973703265e-05,443.1139934583839
1,197,7,0.00013260484516051154,4.318779706748034e-05,443.1139934583839
1,197,8,-0.0001847836149556928,0.0002894727153352485,443.1139934583839
1,198,0,-0.009731044534878887,0.0001885677177994638,443.1139934583839
1,198,1,-0.04728327600283389,9.222396405713682e-05,443.1139934583839
1,198,2,-0.12556225183300015,6.63788700036536e-05,443.1139934583839
1,198,3,-0.22342225564229481,5.567506251117753e-05,443.1139934583839
1,198,4,-0.2919558346463784,5.014887842209857e-05,443.1139934583839
1,198,5,-0.2795506639136937,4.6865868647066955e-05,443.1139934583839
1,198,6,-0.14854964306686053,4.4711350973703265e-05,443.1139934583839
1,198,7,0.0951806958858648,4.318779706748034e-05,443.1139934583839
1,198,8,0.4545646809084915,0.0002894727153352485,443.1139934583839
1,199,0,-2.5738161429695234e-05,0.0001885677177994638,443.1139934583839
1,199,1,-4.387821994151679e-05,9.222396405713682e-05,443.1139934583839
1,199,2,-3.578439225238877e-05,6.63788700036536e-05,443.1139934583839
1,199,3,-4.97426135446173e-07,5.567506251117753e-05,443.1139934583839
1,199,4,5.6623334490430284e-05,5.014887842209857e-05,443.1139934583839
1,199,5,0.00010862271303606338,4.6865868647066955e-05,443.1139934583839
1,199,6,0.00013643326767141697,4.4711350973703265e-05,443.1139934583839
1,199,7,0.0001080958587251886,4.318779706748034e-05,443.1139934583839
1,199,8,-0.00022008753819834737,0.0002894727153352485,443.1139934583839
1,200,0,-0.009948512057007869,0.0001885677177994638,443.1139934583839
1,200,1,-0.04782094462993576,9.222396405713682e-05,443.1139934583839
1,200,2,-0.12618346133223873,6.63788700036536e-05,443.1139934583839
1,200,3,-0.22301109749867767,5.567506251117753e-05,443.1139934583839
1,200,4,-0.2884378046267098,5.014887842209857e-05,443.1139934583839
1,200,5,-0.2706079264579525,4.6865868647066955e-05,443.1139934583839
1,200,6,-0.13311227582244836,4.4711350973703265e-05,443.1139934583839
1,200,7,0.1153317946614553,4.318779706748034e-05,443.1139934583839
1,200,8,0.4476991305622965,0.0002894727153352485,443.1139934583839
1,201,0,-2.5935696919797088e-05,0.0001885677177994638,443.1139934583839
1,201,1,-4.1824436574786526e-05,9.222396405713682e-05,443.1139934583839
1,201,2,-2.7711910921484462e-05,6.63788700036536e-05,443.1139934583839
1,201,3,1.5189415424293203e-05,5.567506251117753e-05,443.1139934583839
1,201,4,7.653265164571663e-05,5.014887842209857e-05,443.1139934583839
1,201,5,0.00012431962186769686,4.6865868647066955e-05,443.1139934583839
1,201,6,0.0001360950109769431,4.4711350973703265e-05,443.1139934583839
1,201,7,8.12160029808216e-05,4.318779706748034e-05,443.1139934583839
1,201,8,-0.000263892675687177,0.0002894727153352485,443.1139934583839
1,202,0,-0.00864270863767041,0.0001885677177994638,443.1139934583839
1,202,1,-0.04529502193240254,9.222396405713682e-05,443.1139934583839
1,202,2,-0.1226760494471902,6.63788700036536e-05,443.1139934583839
1,202,3,-0.2178899928565172,5.567506251117753e-05,443.1139934583839
1,202,4,-0.279992310483059,5.014887842209857e-05,443.1139934583839
1,202,5,-0.2568020044890327,4.6865868647066955e-05,443.1139934583839
1,202,6,-0.11314459453064434,4.4711350973703265e-05,443.1139934583839
1,202,7,0.13940012427341794,4.318779706748034e-05,443.1139934583839
1,202,8,0.4395746468405539,0.0002894727153352485,443.1139934583839
1,203,0,-2.4055777819933444e-05,0.0001885677177994638,443.1139934583839
1,203,1,-3.7470358510176684e-05,9.222396405713682e-05,443.1139934583839
1,203,2,-2.0779356160178378e-05,6.63788700036536e-05,443.1139934583839
1,203,3,2.3873636957674295e-05,5.567506251117753e-05,443.1139934583839
1,203,4,8.458534438529139e-05,5.014887842209857e-05,443.1139934583839
1,203,5,0.00012826354985853543,4.6865868647066955e-05,443.1139934583839
1,203,6,0.0001318859229385125,4.4711350973703265e-05,443.1139934583839
1,203,7,6.638972115229689e-05,4.318779706748034e-05,443.1139934583839
1,203,8,-0.00027541688141481283,0.0002894727153352485,443.1139934583839
1,204,0,-0.007298968899929794,0.0001885677177994638,443.1139934583839
1,204,1,-0.04269258264028212,9.222396405713682e-05,443.1139934583839
1,204,2,-0.11905859393596073,6.63788700036536e-05,443.1139934583839
1,204,3,-0.21262084496797481,5.567506251117753e-05,443.1139934583839
1,204,4,-0.2713605710801942,5.014887842209857e-05,443.1139934583839
1,204,5,-0.24281506424236354,4.6865868647066955e-05,443.1139934583839
1,204,6,-0.09312663166337762,4.4711350973703265e-05,443.1139934583839
1,204,7,0.16318025629449567,4.318779706748034e-05,443.1139934583839
1,204,8,0.4304429644082689,0.0002894727153352485,443.1139934583839
1,205,0,-2.1891520374220162e-05,0.0001885677177994638,443.1139934583839
1,205,1,-3.3769056540658916e-05,9.222396405713682e-05,443.1139934583839
1,205,2,-1.745886993032489e-05,6.63788700036536e-05,443.1139934583839
1,205,3,2.497058258649458e-05,5.567506251117753e-05,443.1139934583839
1,205,4,8.240822143395588e-05,5.014887842209857e-05,443.1139934583839
1,205,5,0.00012297062087373033,4.6865868647066955e-05,443.1139934583839
1,205,6,0.0001248143119195246,4.4711350973703265e-05,443.1139934583839
1,205,7,5.996733525903947e-05,4.318779706748034e-05,443.1139934583839
1,205,8,-0.0002670089035698482,0.0002894727153352485,443.1139934583839
1,206,0,-0.006548729256943785,0.0001885677177994638,443.1139934583839
1,206,1,-0.041280253861681,9.222396405713682e-05,443.1139934583839
1,206,2,-0.11702775927713341,6.63788700036536e-05,443.1139934583839
1,206,3,-0.20911996473314093,5.567506251117753e-05,443.1139934583839
1,206,4,-0.2645264800049061,5.014887842209857e-05,443.1139934583839
1,206,5,-0.2306059933577387,4.6865868647066955e-05,443.1139934583839
1,206,6,-0.07494389706390436,4.4711350973703265e-05,443.1139934583839
1,206,7,0.18488106664975348,4.318779706748034e-05,443.1139934583839
1,206,8,0.4203671194089247,0.0002894727153352485,443.1139934583839
1,207,0,-1.914545388503628e-05,0.0001885677177994638,443.1139934583839
1,207,1,-3.0089151052599068e-05,9.222396405713682e-05,443.1139934583839
1,207,2,-1.6726558138216182e-05,6.63788700036536e-05,443.1139934583839
1,207,3,2.0080087351462473e-05,5.567506251117753e-05,443.1139934583839
1,207,4,7.233439295497825e-05,5.014887842209857e-05,443.1139934583839
1,207,5,0.0001116831350987222,4.6865868647066955e-05,443.1139934583839
1,207,6,0.00011869311782057405,4.4711350973703265e-05,443.1139934583839
1,207,7,6.562102561583905e-05,4.318779706748034e-05,443.1139934583839
1,207,8,-0.00024171531404497664,0.0002894727153352485,443.1139934583839
1,208,0,-0.007345392067529372,0.0001885677177994638,443.1139934583839
1,208,1,-0.0429720242694545,9.222396405713682e-05,443.1139934583839
1,208,2,-0.11915044212815183,6.63788700036536e-05,443.1139934583839
1,208,3,-0.2102892242990389,5.567506251117753e-05,443.1139934583839
1,208,4,-0.2624923889225258,5.014887842209857e-05,443.1139934583839
1,208,5,-0.22312830250904586,4.6865868647066955e-05,443.1139934583839
1,208,6,-0.06141556701959182,4.4711350973703265e-05,443.1139934583839
1,208,7,0.20185899661720227,4.318779706748034e-05,443.1139934583839
1,208,8,0.40949537687669363,0.0002894727153352485,443.1139934583839
1,209,0,-1.670609156173866e-05,0.0001885677177994638,443.1139934583839
1,209,1,-2.7419540146930858e-05,9.222396405713682e-05,443.1139934583839
1,209,2,-1.8092911091648048e-05,6.63788700036536e-05,443.1139934583839
1,209,3,1.2105896279993606e-05,5.567506251117753e-05,443.1139934583839
1,209,4,5.926322579839945e-05,5.014887842209857e-05,443.1139934583839
1,209,5,9.908236178590729e-05,4.6865868647066955e-05,443.1139934583839
1,209,6,0.00011472992917001435,4.4711350973703265e-05,443.1139934583839
1,209,7,7.761041019122399e-05,4.318779706748034e-05,443.1139934583839
1,209,8,-0.00021322695769687027,0.0002894727153352485,443.1139934583839
1,210,0,-0.009217008908380894,0.0001885677177994638,443.1139934583839
1,210,1,-0.046817476787289904,9.222396405713682e-05,443.1139934583839
1,210,2,-0.1241449498296909,6.63788700036536e-05,443.1139934583839
1,210,3,-0.2146693551671731,5.567506251117753e-05,443.1139934583839
1,210,4,-0.26373841132701115,5.014887842209857e-05,443.1139934583839
1,210,5,-0.2188816864776877,4.6865868647066955e-05,443.1139934583839
1,210,6,-0.051112427999784514,4.4711350973703265e-05,443.1139934583839
1,210,7,0.2154471224436131,4.318779706748034e-05,443.1139934583839
1,210,8,0.3977254674515474,0.0002894727153352485,443.1139934583839
1,211,0,-1.9168432230079975e-05,0.0001885677177994638,443.1139934583839
1,211,1,-3.291883416771428e-05,9.222396405713682e-05,443.1139934583839
1,211,2,-2.6718850301718786e-05,6.63788700036536e-05,443.1139934583839
1,211,3,6.646670207363011e-07,5.567506251117753e-05,443.1139934583839
1,211,4,4.5847634536211325e-05,5.014887842209857e-05,443.1139934583839
1,211,5,8.49269893448714e-05,4.6865868647066955e-05,443.1139934583839
1,211,6,0.0001012155967524251,4.4711350973703265e-05,443.1139934583839
1,211,7,6.584492900587094e-05,4.318779706748034e-05,443.1139934583839
1,211,8,-0.00021001155779792888,0.0002894727153352485,443.1139934583839
1,212,0,-0.008991746881388828,0.0001885677177994638,443.1139934583839
1,212,1,-0.0464410126943055,9.222396405713682e-05,443.1139934583839
1,212,2,-0.12344327782098065,6.63788700036536e-05,443.1139934583839
1,212,3,-0.2125528955109651,5.567506251117753e-05,443.1139934583839
1,212,4,-0.2582105578510836,5.014887842209857e-05,443.1139934583839
1,212,5,-0.20799359878180115,4.6865868647066955e-05,443.1139934583839
1,212,6,-0.03466706664925109,4.4711350973703265e-05,443.1139934583839
1,212,7,0.2343508911343435,4.318779706748034e-05,443.1139934583839
1,212,8,0.384428630053273,0.0002894727153352485,443.1139934583839
1,213,0,-1.7326591485176704e-05,0.0001885677177994638,443.1139934583839
1,213,1,-2.856541158224554e-05,9.222396405713682e-05,443.1139934583839
1,213,2,-1.9544243341265467e-05,6.63788700036536e-05,443.1139934583839
1,213,3,1.0124284558823568e-05,5.567506251117753e-05,443.1139934583839
1,213,4,5.5539890606707236e-05,5.014887842209857e-05,443.1139934583839
1,213,5,9.146027061648974e-05,4.6865868647066955e-05,443.1139934583839
1,213,6,0.00010046917042366592,4.4711350973703265e-05,443.1139934583839
1,213,7,5.4830736115332306e-05,4.318779706748034e-05,443.1139934583839
1,213,8,-0.00022327465487543248,0.0002894727153352485,443.1139934583839
1,214,0,-0.010113970335543452,0.0001885677177994638,443.1139934583839
1,214,1,-0.048766119198632094,9.222396405713682e-05,443.1139934583839
1,214,2,-0.12635009140149656,6.63788700036536e-05,443.1139934583839
1,214,3,-0.2144836545155283,5.567506251117753e-05,443.1139934583839
1,214,4,-0.25683423603812583,5.014887842209857e-05,443.1139934583839
1,214,5,-0.20120365256973338,4.6865868647066955e-05,443.1139934583839
1,214,6,-0.022285962742020205,4.4711350973703265e-05,443.1139934583839
1,214,7,0.24907311131898166,4.318779706748034e-05,443.1139934583839
1,214,8,0.3702746957546231,0.0002894727153352485,443.1139934583839
1,215,0,-1.327876031674209e-05,0.0001885677177994638,443.1139934583839
1,215,1,-2.453798304041614e-05,9.222396405713682e-05,443.1139934583839
1,215,2,-2.2968626163622672e-05,6.63788700036536e-05,443.1139934583839
1,215,3,-4.302855214194332e-06,5.567506251117753e-05,443.1139934583839
1,215,4,3.481477447443882e-05,5.014887842209857e-05,443.1139934583839
1,215,5,7.676847214847487e-05,4.6865868647066955e-05,443.1139934583839
1,215,6,0.00010786240304879675,4.4711350973703265e-05,443.1139934583839
1,215,7,9.653950611675719e-05,4.318779706748034e-05,443.1139934583839
1,215,8,-0.00017561559521182994,0.0002894727153352485,443.1139934583839
1,216,0,-0.014863843990630477,0.0001885677177994638,443.1139934583839
1,216,1,-0.058372212936820905,9.222396405713682e-05,443.1139934583839
1,216,2,-0.13901019493139494,6.63788700036536e-05,443.1139934583839
1,216,3,-0.22740972574212007,5.567506251117753e-05,443.1139934583839
1,216,4,-0.2667909022054235,5.014887842209857e-05,443.1139934583839
1,216,5,-0.20555392284265553,4.6865868647066955e-05,443.1139934583839
1,216,6,-0.020649196152400847,4.4711350973703265e-05,443.1139934583839
1,216,7,0.2534033717444775,4.318779706748034e-05,443.1139934583839
1,216,8,0.3556890763276249,0.0002894727153352485,443.1139934583839
1,217,0,-1.6000367390706984e-05,0.0001885677177994638,443.1139934583839
1,217,1,-3.0202547186459985e-05,9.222396405713682e-05,443.1139934583839
1,217,2,-3.0850719272411784e-05,6.63788700036536e-05,443.1139934583839
1,217,3,-1.3374919503657385e-05,5.567506251117753e-05,443.1139934583839
1,217,4,2.5622760438392485e-05,5.014887842209857e-05,443.1139934583839
1,217,5,6.785548768762728e-05,4.6865868647066955e-05,443.1139934583839
1,217,6,9.88984207685355e-05,4.4711350973703265e-05,443.1139934583839
1,217,7,8.608979980133303e-05,4.318779706748034e-05,443.1139934583839
1,217,8,-0.00018254361784666342,0.0002894727153352485,443.1139934583839
1,218,0,-0.018399489115897415,0.0001885677177994638,443.1139934583839
1,218,1,-0.06553488924943274,9.222396405713682e-05,443.1139934583839
1,218,2,-0.1483734993130208,6.63788700036536e-05,443.1139934583839
1,218,3,-0.23656919997665876,5.567506251117753e-05,443.1139934583839
1,218,4,-0.27280978722684257,5.014887842209857e-05,443.1139934583839
1,218,5,-0.20604816959134803,4.6865868647066955e-05,443.1139934583839
1,218,6,-0.015499404419098145,4.4711350973703265e-05,443.1139934583839
1,218,7,0.26064418305327025,4.318779706748034e-05,443.1139934583839
1,218,8,0.33979675514127694,0.0002894727153352485,443.1139934583839
1,219,0,-1.637114887885506e-05,0.0001885677177994638,443.1139934583839
1,219,1,-2.7472869148111613e-05,9.222396405713682e-05,443.1139934583839
1,219,2,-1.9768684560084025e-05,6.63788700036536e-05,443.1139934583839
1,219,3,7.676013283515222e-06,5.567506251117753e-05,443.1139934583839
1,219,4,5.089624422448701e-05,5.014887842209857e-05,443.1139934583839
1,219,5,8.451100729101171e-05,4.6865868647066955e-05,443.1139934583839
1,219,6,9.075099983698218e-05,4.4711350973703265e-05,443.1139934583839
1,219,7,4.107822050701019e-05,4.318779706748034e-05,443.1139934583839
1,219,8,-0.00023183520913498567,0.0002894727153352485,443.1139934583839
1,220,0,-0.0186237875652382,0.0001885677177994638,443.1139934583839
1,220,1,-0.066050565080574,9.222396405713682e-05,443.1139934583839
1,220,2,-0.1488172814547831,6.63788700036536e-05,443.1139934583839
1,220,3,-0.23562602969300694,5.567506251117753e-05,443.1139934583839
1,220,4,-0.2683565569023732,5.014887842209857e-05,443.1139934583839
1,220,5,-0.1962750978823458,4.6865868647066955e-05,443.1139934583839
1,220,6,-0.0007253902735724941,4.4711350973703265e-05,443.1139934583839
1,220,7,0.27653312571137223,4.318779706748034e-05,443.1139934583839
1,220,8,0.32227180283586687,0.0002894727153352485,443.1139934583839
1,221,0,-1.473455513537699e-05,0.0001885677177994638,443.1139934583839
1,221,1,-1.9260874138162772e-05,9.222396405713682e-05,443.1139934583839
1,221,2,1.5126916091072247e-06,6.63788700036536e-05,443.1139934583839
1,221,3,4.287740076085393e-05,5.567506251117753e-05,443.1139934583839
1,221,4,9.033281115181386e-05,5.014887842209857e-05,443.1139934583839
1,221,5,0.00010936618627552476,4.6865868647066955e-05,443.1139934583839
1,221,6,7.893187931815877e-05,4.4711350973703265e-05,443.1139934583839
1,221,7,-2.1571499601127884e-05,4.318779706748034e-05,443.1139934583839
1,221,8,-0.0002890524675561422,0.0002894727153352485,443.1139934583839
1,222,0,-0.014051297025350875,0.0001885677177994638,443.1139934583839
1,222,1,-0.05693643196748834,9.222396405713682e-05,443.1139934583839
1,222,2,-0.13634082145462192,6.63788700036536e-05,443.1139934583839
1,222,3,-0.2200608220355052,5.567506251117753e-05,443.1139934583839
1,222,4,-0.24876997747253518,5.014887842209857e-05,443.1139934583839
1,222,5,-0.17168283712481994,4.6865868647066955e-05,443.1139934583839
1,222,6,0.027961430817517,4.4711350973703265e-05,443.1139934583839
1,222,7,0.3050243562298058,4.318779706748034e-05,443.1139934583839
1,222,8,0.3027915348565005,0.0002894727153352485,443.1139934583839
1,223,0,-9.946173266643045e-06,0.0001885677177994638,443.1139934583839
1,223,1,-7.3084480485082604e-06,9.222396405713682e-05,443.1139934583839
1,223,2,2.205011387807861e-05,6.63788700036536e-05,443.1139934583839
1,223,3,7.024363945349088e-05,5.567506251117753e-05,443.1139934583839
1,223,4,0.0001175290450078467,5.014887842209857e-05,443.1139934583839
1,223,5,0.0001259647506574095,4.6865868647066955e-05,443.1139934583839
1,223,6,7.416522684802672e-05,4.4711350973703265e-05,443.1139934583839
1,223,7,-5.231865746574912e-05,4.318779706748034e-05,443.1139934583839
1,223,8,-0.0003078274256659465,0.0002894727153352485,443.1139934583839
1,224,0,-0.013596865346092755,0.0001885677177994638,443.1139934583839
1,224,1,-0.05609400479927911,9.222396405713682e-05,443.1139934583839
1,224,2,-0.13495895410946326,6.63788700036536e-05,443.1139934583839
1,224,3,-0.21702250582712998,5.567506251117753e-05,443.1139934583839
1,224,4,-0.24211165444900337,5.014887842209857e-05,443.1139934583839
1,224,5,-0.15980216313734588,4.6865868647066955e-05,443.1139934583839
1,224,6,0.04441731920681084,4.4711350973703265e-05,443.1139934583839
1,224,7,0.32176720979722007,4.318779706748034e-05,443.1139934583839
1,224,8,0.282976999141987,0.0002894727153352485,443.1139934583839
1,225,0,-7.312745305277271e-06,0.0001885677177994638,443.1139934583839
1,225,1,-8.55771158744207e-06,9.222396405713682e-05,443.1139934583839
1,225,2,6.594751446636442e-06,6.63788700036536e-05,443.1139934583839
1,225,3,3.713825714615165e-05,5.567506251117753e-05,443.1139934583839
1,225,4,7.685720888364675e-05,5.014887842209857e-05,443.1139934583839
1,225,5,9.974724130400014e-05,4.6865868647066955e-05,443.1139934583839
1,225,6,8.893289933217143e-05,4.4711350973703265e-05,443.1139934583839
1,225,7,2.1248816201542267e-05,4.318779706748034e-05,443.1139934583839
1,225,8,-0.00023905513894998247,0.0002894727153352485,443.1139934583839
1,226,0,-0.01705235963191402,0.0001885677177994638,443.1139934583839
1,226,1,-0.06309836295258721,9.222396405713682e-05,443.1139934583839
1,226,2,-0.14408597318321364,6.63788700036536e-05,443.1139934583839
1,226,3,-0.22582802946034977,5.567506251117753e-05,443.1139934583839
1,226,4,-0.24765857978208897,5.014887842209857e-05,443.1139934583839
1,226,5,-0.15992080546826942,4.6865868647066955e-05,443.1139934583839
1,226,6,0.049301056823527,4.4711350973703265e-05,443.1139934583839
1,226,7,0.3273420845733368,4.318779706748034e-05,443.1139934583839
1,226,8,0.26273079926983806,0.0002894727153352485,443.1139934583839
1,227,0,-7.697582107255267e-06,0.0001885677177994638,443.1139934583839
1,227,1,-6.741688682371293e-06,9.222396405713682e-05,443.1139934583839
1,227,2,1.432090815676651e-05,6.63788700036536e-05,443.1139934583839
1,227,3,5.122065616359804e-05,5.567506251117753e-05,443.1139934583839
1,227,4,9.177535538131356e-05,5.014887842209857e-05,443.1139934583839
1,227,5,0.00010488465165942094,4.6865868647066955e-05,443.1139934583839
1,227,6,7.256265275651011e-05,4.4711350973703265e-05,443.1139934583839
1,227,7,-2.299530457385262e-05,4.318779706748034e-05,443.1139934583839
1,227,8,-0.00026424172614786636,0.0002894727153352485,443.1139934583839
1,228,0,-0.015512672845477712,0.0001885677177994638,443.1139934583839
1,228,1,-0.06007172881051239,9.222396405713682e-05,443.1139934583839
1,228,2,-0.13974927726002068,6.63788700036536e-05,443.1139934583839
1,228,3,-0.2193930215349406,5.567506251117753e-05,443.1139934583839
1,228,4,-0.2374388809329812,5.014887842209857e-05,443.1139934583839
1,228,5,-0.14462314705310128,4.6865868647066955e-05,443.1139934583839
1,228,6,0.06861948312738383,4.4711350973703265e-05,443.1139934583839
1,228,7,0.34595605872293744,4.318779706748034e-05,443.1139934583839
1,228,8,0.24041798145291143,0.0002894727153352485,443.1139934583839
1,229,0,-7.5169912408374816e-06,0.0001885677177994638,443.1139934583839
1,229,1,-3.4187018650765674e-06,9.222396405713682e-05,443.1139934583839
1,229,2,2.4597101886471884e-05,6.63788700036536e-05,443.1139934583839
1,229,3,6.820769061251095e-05,5.567506251117753e-05,443.1139934583839
1,229,4,0.00010825303572939262,5.014887842209857e-05,443.1139934583839
1,229,5,0.00010857312692599657,4.6865868647066955e-05,443.1139934583839
1,229,6,5.0825329306236e-05,4.4711350973703265e-05,443.1139934583839
1,229,7,-7.524070886396437e-05,4.318779706748034e-05,443.1139934583839
1,229,8,-0.00028325712048847345,0.0002894727153352485,443.1139934583839
1,230,0,-0.012733442253814986,0.0001885677177994638,443.1139934583839
1,230,1,-0.05455881097786951,9.222396405713682e-05,443.1139934583839
1,230,2,-0.13207665887283987,6.63788700036536e-05,443.1139934583839
1,230,3,-0.20917487868153198,5.567506251117753e-05,443.1139934583839
1,230,4,-0.22329972853271088,5.014887842209857e-05,443.1139934583839
1,230,5,-0.12553023004318445,4.6865868647066955e-05,443.1139934583839
1,230,6,0.09134892228944332,4.4711350973703265e-05,443.1139934583839
1,230,7,0.3673633541720849,4.318779706748034e-05,443.1139934583839
1,230,8,0.21674588931890454,0.0002894727153352485,443.1139934583839
1,231,0,-6.751302493767375e-06,0.0001885677177994638,443.1139934583839
1,231,1,-3.202605304625385e-06,9.222396405713682e-05,443.1139934583839
1,231,2,2.18608631288452e-05,6.63788700036536e-05,443.1139934583839
1,231,3,6.116679376284165e-05,5.567506251117753e-05,443.1139934583839
1,231,4,9.784322962534691e-05,5.014887842209857e-05,443.1139934583839
1,231,5,9.84880938863163e-05,4.6865868647066955e-05,443.1139934583839
1,231,6,4.628894224642816e-05,4.4711350973703265e-05,443.1139934583839
1,231,7,-6.91300132609832e-05,4.318779706748034e-05,443.1139934583839
1,231,8,-0.0002636809751324115,0.0002894727153352485,443.1139934583839
1,232,0,-0.01205400281605846,0.0001885677177994638,443.1139934583839
1,232,1,-0.053256281835622324,9.222396405713682e-05,443.1139934583839
1,232,2,-0.13003205400387158,6.63788700036536e-05,443.1139934583839
1,232,3,-0.20528308355615635,5.567506251117753e-05,443.1139934583839
1,232,4,-0.2156740952934974,5.014887842209857e-05,443.1139934583839
1,232,5,-0.1128824205420884,4.6865868647066955e-05,443.1139934583839
1,232,6,0.10773442473080405,4.4711350973703265e-05,443.1139934583839
1,232,7,0.3824321844711894,4.318779706748034e-05,443.1139934583839
1,232,8,0.19227428925469994,0.0002894727153352485,443.1139934583839
1,233,0,-3.6817019801536474e-06,0.0001885677177994638,443.1139934583839
1,233,1,-6.818920592907411e-07,9.222396405713682e-05,443.1139934583839
1,233,2,1.7669398575559757e-05,6.63788700036536e-05,443.1139934583839
1,233,3,4.819126453828335e-05,5.567506251117753e-05,443.1139934583839
1,233,4,8.185006739966652e-05,5.014887842209857e-05,443.1139934583839
1,233,5,9.176057515515286e-05,4.6865868647066955e-05,443.1139934583839
1,233,6,6.289095405991544e-05,4.4711350973703265e-05,443.1139934583839
1,233,7,-2.101206564576671e-05,4.318779706748034e-05,443.1139934583839
1,233,8,-0.00023366953515829107,0.0002894727153352485,443.1139934583839
1,234,0,-0.016152285911553554,0.0001885677177994638,443.1139934583839
1,234,1,-0.06153332614390035,9.222396405713682e-05,443.1139934583839
1,234,2,-0.14079799308179156,6.63788700036536e-05,443.1139934583839
1,234,3,-0.21580642870998382,5.567506251117753e-05,443.1139934583839
1,234,4,-0.22288592529112786,5.014887842209857e-05,443.1139934583839
1,234,5,-0.1148121038820271,4.6865868647066955e-05,443.1139934583839
1,234,6,0.11007990229104904,4.4711350973703265e-05,443.1139934583839
1,234,7,0.38401348156210946,4.318779706748034e-05,443.1139934583839
1,234,8,0.1674713022738267,0.0002894727153352485,443.1139934583839
1,235,0,-5.332244265512559e-06,0.0001885677177994638,443.1139934583839
1,235,1,-6.886014500281857e-06,9.222396405713682e-05,443.1139934583839
1,235,2,3.5516936959082174e-06,6.63788700036536e-05,443.1139934583839
1,235,3,2.637935856451266e-05,5.567506251117753e-05,443.1139934583839
1,235,4,5.8505437459917835e-05,5.014887842209857e-05,443.1139934583839
1,235,5,7.728341259580604e-05,4.6865868647066955e-05,443.1139934583839
1,235,6,6.797297496298073e-05,4.4711350973703265e-05,443.1139934583839
1,235,7,8.378855333967395e-06,4.318779706748034e-05,443.1139934583839
1,235,8,-0.00021812205824737975,0.0002894727153352485,443.1139934583839
1,236,0,-0.01769382327566008,0.0001885677177994638,443.1139934583839
1,236,1,-0.06467669688865783,9.222396405713682e-05,443.1139934583839
1,236,2,-0.144671945193931,6.63788700036536e-05,443.1139934583839
1,236,3,-0.21852232842395056,5.567506251117753e-05,443.1139934583839
1,236,4,-0.22202182149514946,5.014887842209857e-05,443.1139934583839
1,236,5,-0.10888451043309075,4.6865868647066955e-05,443.1139934583839
1,236,6,0.11966556938226453,4.4711350973703265e-05,443.1139934583839
1,236,7,0.3919325595290381,4.318779706748034e-05,443.1139934583839
1,236,8,0.1410350847461396,0.0002894727153352485,443.1139934583839
1,237,0,-5.943930748461687e-06,0.0001885677177994638,443.1139934583839
1,237,1,-1.4970700727234312e-06,9.222396405713682e-05,443.1139934583839
1,237,2,2.38740705696944e-05,6.63788700036536e-05,443.1139934583839
1,237,3,6.151751411403687e-05,5.567506251117753e-05,443.1139934583839
1,237,4,9.307787843285212e-05,5.014887842209857e-05,443.1139934583839
1,237,5,8.471037790909437e-05,4.6865868647066955e-05,443.1139934583839
1,237,6,2.1783079811587184e-05,4.4711350973703265e-05,443.1139934583839
1,237,7,-0.0001010594573615191,4.318779706748034e-05,443.1139934583839
1,237,8,-0.000249752060629105,0.0002894727153352485,443.1139934583839
1,238,0,-0.012344023678032452,0.0001885677177994638,443.1139934583839
1,238,1,-0.05399762962510837,9.222396405713682e-05,443.1139934583839
1,238,2,-0.13003480859210623,6.63788700036536e-05,443.1139934583839
1,238,3,-0.20035054235476618,5.567506251117753e-05,443.1139934583839
1,238,4,-0.1996254955069312,5.014887842209857e-05,443.1139934583839
1,238,5,-0.08195458456214577,4.6865868647066955e-05,443.1139934583839
1,238,6,0.14893686113168778,4.4711350973703265e-05,443.1139934583839
1,238,7,0.4177754567885377,4.318779706748034e-05,443.1139934583839
1,238,8,0.11221989421309479,0.0002894727153352485,443.1139934583839
1,239,0,-4.295163555883855e-06,0.0001885677177994638,443.1139934583839
1,239,1,2.2013547140257143e-06,9.222396405713682e-05,443.1139934583839
1,239,2,2.9198356596994853e-05,6.63788700036536e-05,443.1139934583839
1,239,3,6.689888301794363e-05,5.567506251117753e-05,443.1139934583839
1,239,4,9.558844260261301e-05,5.014887842209857e-05,443.1139934583839
1,239,5,8.166849050178134e-05,4.6865868647066955e-05,443.1139934583839
1,239,6,1.2023092349921179e-05,4.4711350973703265e-05,443.1139934583839
1,239,7,-0.00011494558405039022,4.318779706748034e-05,443.1139934583839
1,239,8,-0.00023776540609410967,0.0002894727153352485,443.1139934583839
1,240,0,-0.011216900645211058,0.0001885677177994638,443.1139934583839
1,240,1,-0.05178631895754094,9.222396405713682e-05,443.1139934583839
1,240,2,-0.12672317001555558,6.63788700036536e-05,443.1139934583839
1,240,3,-0.1949262407134341,5.567506251117753e-05,443.1139934583839
1,240,4,-0.19035977354778422,5.014887842209857e-05,443.1139934583839
1,240,5,-0.0679509980711244,4.6865868647066955e-05,443.1139934583839
1,240,6,0.16571386575100014,4.4711350973703265e-05,443.1139934583839
1,240,7,0.4315695505658366,4.318779706748034e-05,443.1139934583839
1,240,8,0.08298967607652274,0.0002894727153352485,443.1139934583839
1,241,0,-1.3896632671696379e-06,0.0001885677177994638,443.1139934583839
1,241,1,5.194579554490115e-07,9.222396405713682e-05,443.1139934583839
1,241,2,1.1979785357818744e-05,6.63788700036536e-05,443.1139934583839
1,241,3,3.319198828840048e-05,5.567506251117753e-05,443.1139934583839
1,241,4,6.13810165613789e-05,5.014887842209857e-05,443.1139934583839
1,241,5,7.537083718949747e-05,4.6865868647066955e-05,443.1139934583839
1,241,6,6.170374914958091e-05,4.4711350973703265e-05,443.1139934583839
1,241,7,8.865469371079024e-07,4.318779706748034e-05,443.1139934583839
1,241,8,-0.00020814031148795294,0.0002894727153352485,443.1139934583839
1,242,0,-0.01544715196126374,0.0001885677177994638,443.1139934583839
1,242,1,-0.0603045282636748,9.222396405713682e-05,443.1139934583839
1,242,2,-0.137733714156069,6.63788700036536e-05,443.1139934583839
1,242,3,-0.20558846514996215,5.567506251117753e-05,443.1139934583839
1,242,4,-0.19763625918947225,5.014887842209857e-05,443.1139934583839
1,242,5,-0.07021082264339286,4.6865868647066955e-05,443.1139934583839
1,242,6,0.16680038755016519,4.4711350973703265e-05,443.1139934583839
1,242,7,0.43028836481077287,4.318779706748034e-05,443.1139934583839
1,242,8,0.05349858634202624,0.0002894727153352485,443.1139934583839
1,243,0,-4.151796577325515e-06,0.0001885677177994638,443.1139934583839
1,243,1,-7.4897938537533125e-06,9.222396405713682e-05,443.1139934583839
1,243,2,-3.467593784647444e-06,6.63788700036536e-05,443.1139934583839
1,243,3,1.165086198223485e-05,5.567506251117753e-05,443.1139934583839
1,243,4,4.0320593835341374e-05,5.014887842209857e-05,443.1139934583839
1,243,5,6.421460841329921e-05,4.6865868647066955e-05,443.1139934583839
1,243,6,6.869849902317516e-05,4.4711350973703265e-05,443.1139934583839
1,243,7,2.7272085847291535e-05,4.318779706748034e-05,443.1139934583839
1,243,8,-0.00020890909447952654,0.0002894727153352485,443.1139934583839
1,244,0,-0.01918655608547807,0.0001885677177994638,443.1139934583839
1,244,1,-0.06782786541022928,9.222396405713682e-05,443.1139934583839
1,244,2,-0.14738353926610576,6.63788700036536e-05,443.1139934583839
1,244,3,-0.21467203411054026,5.567506251117753e-05,443.1139934583839
1,244,4,-0.2032631877000451,5.014887842209857e-05,443.1139934583839
1,244,5,-0.0709330786363249,4.6865868647066955e-05,443.1139934583839
1,244,6,0.16908786751665872,4.4711350973703265e-05,443.1139934583839
1,244,7,0.4296928823690316,4.318779706748034e-05,443.1139934583839
1,244,8,0.022745809986096377,0.0002894727153352485,443.1139934583839
1,245,0,-6.5220493193064365e-06,0.0001885677177994638,443.1139934583839
1,245,1,-1.084253981800396e-05,9.222396405713682e-05,443.1139934583839
1,245,2,-5.1243043889572875e-06,6.63788700036536e-05,443.1139934583839
1,245,3,1.2333679164725773e-05,5.567506251117753e-05,443.1139934583839
1,245,4,4.039882494418595e-05,5.014887842209857e-05,443.1139934583839
1,245,5,5.7659680174712083e-05,4.6865868647066955e-05,443.1139934583839
1,245,6,4.9340355169136796e-05,4.4711350973703265e-05,443.1139934583839
1,245,7,-7.175821975605209e-06,4.318779706748034e-05,443.1139934583839
1,245,8,-0.00021739598779751767,0.0002894727153352485,443.1139934583839
1,246,0,-0.020109094830398785,0.0001885677177994638,443.1139934583839
1,246,1,-0.06970356299984969,9.222396405713682e-05,443.1139934583839
1,246,2,-0.14947139993751343,6.63788700036536e-05,443.1139934583839
1,246,3,-0.21521939309590965,5.567506251117753e-05,443.1139934583839
1,246,4,-0.2000946188427768,5.014887842209857e-05,443.1139934583839
1,246,5,-0.06312367442477985,4.6865868647066955e-05,443.1139934583839
1,246,6,0.17924014034117142,4.4711350973703265e-05,443.1139934583839
1,246,7,0.4360460353337599,4.318779706748034e-05,443.1139934583839
1,246,8,-0.009645308051829893,0.0002894727153352485,443.1139934583839
1,247,0,-4.498242078710538e-06,0.0001885677177994638,443.1139934583839
1,247,1,-3.494762684214738e-06,9.222396405713682e-05,443.1139934583839
1,247,2,1.0971847144408454e-05,6.63788700036536e-05,443.1139934583839
1,247,3,3.5581352105042575e-05,5.567506251117753e-05,443.1139934583839
1,247,4,6.137322077775657e-05,5.014887842209857e-05,443.1139934583839
1,247,5,6.207234867654041e-05,4.6865868647066955e-05,443.1139934583839
1,247,6,2.4632409198469733e-05,4.4711350973703265e-05,443.1139934583839
1,247,7,-6.284016211499153e-05,4.318779706748034e-05,443.1139934583839
1,247,8,-0.00021860211381205443,0.0002894727153352485,443.1139934583839
1,248,0,-0.01908511588851892,0.0001885677177994638,443.1139934583839
1,248,1,-0.0676793341027755,9.222396405713682e-05,443.1139934583839
1,248,2,-0.1463410466360628,6.63788700036536e-05,443.1139934583839
1,248,3,-0.20987782706984964,5.567506251117753e-05,443.1139934583839
1,248,4,-0.190862247710415,5.014887842209857e-05,443.1139934583839
1,248,5,-0.04945690375695782,4.6865868647066955e-05,443.1139934583839
1,248,6,0.19472517026146652,4.4711350973703265e-05,443.1139934583839
1,248,7,0.4470012566947924,4.318779706748034e-05,443.1139934583839
1,248,8,-0.0435239800442932,0.0002894727153352485,443.1139934583839
1,249,0,-1.4237991377255502e-06,0.0001885677177994638,443.1139934583839
1,249,1,2.9497594589175275e-06,9.222396405713682e-05,443.1139934583839
1,249,2,1.996273264096445e-05,6.63788700036536e-05,443.1139934583839
1,249,3,4.5550531169274766e-05,5.567506251117753e-05,443.1139934583839
1,249,4,7.000647264091387e-05,5.014887842209857e-05,443.1139934583839
1,249,5,6.704139690616414e-05,4.6865868647066955e-05,443.1139934583839
1,249,6,2.4510531812585723e-05,4.4711350973703265e-05,443.1139934583839
1,249,7,-6.703311385600751e-05,4.318779706748034e-05,443.1139934583839
1,249,8,-0.0002138428714435097,0.0002894727153352485,443.1139934583839
1,250,0,-0.020323616372129875,0.0001885677177994638,443.1139934583839
1,250,1,-0.07018895908560306,9.222396405713682e-05,443.1139934583839
1,250,2,-0.1492625763567309,6.63788700036536e-05,443.1139934583839
1,250,3,-0.21132360065025496,5.567506251117753e-05,443.1139934583839
1,250,4,-0.18859717473351345,5.014887842209857e-05,443.1139934583839
1,250,5,-0.04266065973791725,4.6865868647066955e-05,443.1139934583839
1,250,6,0.20348844808178115,4.4711350973703265e-05,443.1139934583839
1,250,7,0.45133914315581686,4.318779706748034e-05,443.1139934583839
1,250,8,-0.0781731726137863,0.0002894727153352485,443.1139934583839
1,251,0,-1.9853577832396027e-06,0.0001885677177994638,443.1139934583839
1,251,1,5.040742663834336e-07,9.222396405713682e-05,443.1139934583839
1,251,2,1.4136350927259884e-05,6.63788700036536e-05,443.1139934583839
1,251,3,3.660689277306308e-05,5.567506251117753e-05,443.1139934583839
1,251,4,6.0984993401557836e-05,5.014887842209857e-05,443.1139934583839
1,251,5,6.258402895262357e-05,4.6865868647066955e-05,443.1139934583839
1,251,6,2.878953221249085e-05,4.4711350973703265e-05,443.1139934583839
1,251,7,-5.309262778553878e-05,4.318779706748034e-05,443.1139934583839
1,251,8,-0.0002138904222333252,0.0002894727153352485,443.1139934583839
1,252,0,-0.02095534634309757,0.0001885677177994638,443.1139934583839
1,252,1,-0.07148195916752986,9.222396405713682e-05,443.1139934583839
1,252,2,-0.15054917518302421,6.63788700036536e-05,443.1139934583839
1,252,3,-0.21090884521497855,5.567506251117753e-05,443.1139934583839
1,252,4,-0.18441187796975045,5.014887842209857e-05,443.1139934583839
1,252,5,-0.03406425990656288,4.6865868647066955e-05,443.1139934583839
1,252,6,0.21372604018244565,4.4711350973703265e-05,443.1139934583839
1,252,7,0.4566784774960064,4.318779706748034e-05,443.1139934583839
1,252,8,-0.11409425057260435,0.0002894727153352485,443.1139934583839
1,253,0,-4.250170333706092e-07,0.0001885677177994638,443.1139934583839
1,253,1,6.708906442494535e-06,9.222396405713682e-05,443.1139934583839
1,253,2,2.804147379186646e-05,6.63788700036536e-05,443.1139934583839
1,253,3,5.614784238598441e-05,5.567506251117753e-05,443.1139934583839
1,253,4,7.657410278275352e-05,5.014887842209857e-05,443.1139934583839
1,253,5,6.075221885095503e-05,4.6865868647066955e-05,443.1139934583839
1,253,6,-8.462778479144357e-07,4.4711350973703265e-05,443.1139934583839
1,253,7,-0.00010905032832291423,4.318779706748034e-05,443.1139934583839
1,253,8,-0.0001982425047876427,0.0002894727153352485,443.1139934583839
1,254,0,-0.019005608320844913,0.0001885677177994638,443.1139934583839
1,254,1,-0.06760378669734025,9.222396405713682e-05,443.1139934583839
1,254,2,-0.14492150330560263,6.63788700036536e-05,443.1139934583839
1,254,3,-0.20270288747798537,5.567506251117753e-05,443.1139934583839
1,254,4,-0.17221849697581695,5.014887842209857e-05,443.1139934583839
1,254,5,-0.017730441750411857,4.6865868647066955e-05,443.1139934583839
1,254,6,0.23105556288690118,4.4711350973703265e-05,443.1139934583839
1,254,7,0.4682543277684988,4.318779706748034e-05,443.1139934583839
1,254,8,-0.15162471675515762,0.0002894727153352485,443.1139934583839
1,255,0,9.043574784225143e-07,0.0001885677177994638,443.1139934583839
1,255,1,9.592465458963574e-06,9.222396405713682e-05,443.1139934583839
1,255,2,3.207190760405425e-05,6.63788700036536e-05,443.1139934583839
1,255,3,6.0079274691232466e-05,5.567506251117753e-05,443.1139934583839
1,255,4,7.835536891924731e-05,5.014887842209857e-05,443.1139934583839
1,255,5,5.8632404609661934e-05,4.6865868647066955e-05,443.1139934583839
1,255,6,-7.18066321783186e-06,4.4711350973703265e-05,443.1139934583839
1,255,7,-0.00011709783220621986,4.318779706748034e-05,443.1139934583839
1,255,8,-0.00018546557774035423,0.0002894727153352485,443.1139934583839
1,256,0,-0.017922786838033132,0.0001885677177994638,443.1139934583839
1,256,1,-0.06546085624727836,9.222396405713682e-05,443.1139934583839
1,256,2,-0.14160195444987128,6.63788700036536e-05,443.1139934583839
1,256,3,-0.19707245997789655,5.567506251117753e-05,443.1139934583839
1,256,4,-0.16267350207965758,5.014887842209857e-05,443.1139934583839
1,256,5,-0.004077499988747222,4.6865868647066955e-05,443.1139934583839
1,256,6,0.24559228163070088,4.4711350973703265e-05,443.1139934583839
1,256,7,0.47685051778287774,4.318779706748034e-05,443.1139934583839
1,256,8,-0.19015491081801703,0.0002894727153352485,443.1139934583839
1,257,0,1.1535517450360646e-06,0.0001885677177994638,443.1139934583839
1,257,1,8.094246568114192e-06,9.222396405713682e-05,443.1139934583839
1,257,2,2.6181964764272047e-05,6.63788700036536e-05,443.1139934583839
1,257,3,5.006637514315429e-05,5.567506251117753e-05,443.1139934583839
1,257,4,6.893357753870887e-05,5.014887842209857e-05,443.1139934583839
1,257,5,5.737294538061124e-05,4.6865868647066955e-05,443.1139934583839
1,257,6,6.222634690136704e-06,4.4711350973703265e-05,443.1139934583839
1,257,7,-8.800300501397303e-05,4.318779706748034e-05,443.1139934583839
1,257,8,-0.0001873276166938558,0.0002894727153352485,443.1139934583839
1,258,0,-0.018925592546134153,0.0001885677177994638,443.1139934583839
1,258,1,-0.0674885742462928,9.222396405713682e-05,443.1139934583839
1,258,2,-0.1438313742405398,6.63788700036536e-05,443.1139934583839
1,258,3,-0.19764863266565016,5.567506251117753e-05,443.1139934583839
1,258,4,-0.15950539922060883,5.014887842209857e-05,443.1139934583839
1,258,5,0.003239422919499626,4.6865868647066955e-05,443.1139934583839
1,258,6,0.25384706000276824,4.4711350973703265e-05,443.1139934583839
1,258,7,0.47919566587260637,4.318779706748034e-05,443.1139934583839
1,258,8,-0.2294436190260092,0.0002894727153352485,443.1139934583839
1,259,0,7.19309041390251e-07,0.0001885677177994638,443.1139934583839
1,259,1,4.47393938481186e-06,9.222396405713682e-05,443.1139934583839
1,259,2,1.6246334482098153e-05,6.63788700036536e-05,443.1139934583839
1,259,3,3.508980071563641e-05,5.567506251117753e-05,443.1139934583839
1,259,4,5.647611314425301e-05,5.014887842209857e-05,443.1139934583839
1,259,5,5.816043622964191e-05,4.6865868647066955e-05,443.1139934583839
1,259,6,2.8230755857130462e-05,4.4711350973703265e-05,443.1139934583839
1,259,7,-4.601780290761716e-05,4.318779706748034e-05,443.1139934583839
1,259,8,-0.00020349997234974984,0.0002894727153352485,443.1139934583839
1,260,0,-0.022178723903730862,0.0001885677177994638,443.1139934583839
1,260,1,-0.07401573235431207,9.222396405713682e-05,443.1139934583839
1,260,2,-0.15204553844354632,6.63788700036536e-05,443.1139934583839
1,260,3,-0.20491464403767956,5.567506251117753e-05,443.1139934583839
1,260,4,-0.1632003791883592,5.014887842209857e-05,443.1139934583839
1,260,5,0.0037589815793294965,4.6865868647066955e-05,443.1139934583839
1,260,6,0.25539965526798747,4.4711350973703265e-05,443.1139934583839
1,260,7,0.4749201924868588,4.318779706748034e-05,443.1139934583839
1,260,8,-0.26946422522294683,0.0002894727153352485,443.1139934583839
1,261,0,-1.2294178045325451e-06,0.0001885677177994638,443.1139934583839
1,261,1,-2.975534970750168e-08,9.222396405713682e-05,443.1139934583839
1,261,2,9.18559973203187e-06,6.63788700036536e-05,443.1139934583839
1,261,3,2.6427370059659365e-05,5.567506251117753e-05,443.1139934583839
1,261,4,4.81661617330519e-05,5.014887842209857e-05,443.1139934583839
1,261,5,5.217332067506366e-05,4.6865868647066955e-05,443.1139934583839
1,261,6,2.568883192618297e-05,4.4711350973703265e-05,443.1139934583839
1,261,7,-4.5773806112773027e-05,4.318779706748034e-05,443.1139934583839
1,261,8,-0.00021007737567106191,0.0002894727153352485,443.1139934583839
1,262,0,-0.023443353782324997,0.0001885677177994638,443.1139934583839
1,262,1,-0.07655934240762353,9.222396405713682e-05,443.1139934583839
1,262,2,-0.15493176787387436,6.63788700036536e-05,443.1139934583839
1,262,3,-0.20617472685371213,5.567506251117753e-05,443.1139934583839
1,262,4,-0.16072989912994654,5.014887842209857e-05,443.1139934583839
1,262,5,0.01020112863781484,4.6865868647066955e-05,443.1139934583839
1,262,6,0.2623118073648353,4.4711350973703265e-05,443.1139934583839
1,262,7,0.47528520537407093,4.318779706748034e-05,443.1139934583839
1,262,8,-0.31096795647610426,0.0002894727153352485,443.1139934583839
1,263,0,1.3960495148909682e-06,0.0001885677177994638,443.1139934583839
1,263,1,8.902069516504682e-06,9.222396405713682e-05,443.1139934583839
1,263,2,2.7624339745903853e-05,6.63788700036536e-05,443.1139934583839
1,263,3,5.0883943423900485e-05,5.567506251117753e-05,443.1139934583839
1,263,4,6.62725877315719e-05,5.014887842209857e-05,443.1139934583839
1,263,5,4.773115138227793e-05,4.6865868647066955e-05,443.1139934583839
1,263,6,-1.176691676254014e-05,4.4711350973703265e-05,443.1139934583839
1,263,7,-0.00011089236414387455,4.318779706748034e-05,443.1139934583839
1,263,8,-0.0001699567680002987,0.0002894727153352485,443.1139934583839
1,264,0,-0.022610036647015556,0.0001885677177994638,443.1139934583839
1,264,1,-0.07490486053199848,9.222396405713682e-05,443.1139934583839
1,264,2,-0.15221270938418685,6.63788700036536e-05,443.1139934583839
1,264,3,-0.2011261384290775,5.567506251117753e-05,443.1139934583839
1,264,4,-0.1517849764351144,5.014887842209857e-05,443.1139934583839
1,264,5,0.0228768611829565,4.6865868647066955e-05,443.1139934583839
1,264,6,0.2748993065829287,4.4711350973703265e-05,443.1139934583839
1,264,7,0.4806145416750219,4.318779706748034e-05,443.1139934583839
1,264,8,-0.35399892954063755,0.0002894727153352485,443.1139934583839
1,265,0,3.0320818059567306e-06,0.0001885677177994638,443.1139934583839
1,265,1,1.2654248351141013e-05,9.222396405713682e-05,443.1139934583839
1,265,2,3.326930495658161e-05,6.63788700036536e-05,443.1139934583839
1,265,3,5.6986928072335216e-05,5.567506251117753e-05,443.1139934583839
1,265,4,7.005183352761009e-05,5.014887842209857e-05,443.1139934583839
1,265,5,4.6506084497725946e-05,4.6865868647066955e-05,443.1139934583839
1,265,6,-1.881883316638662e-05,4.4711350973703265e-05,443.1139934583839
1,265,7,-0.00012086543979004882,4.318779706748034e-05,443.1139934583839
1,265,8,-0.00015313509795725973,0.0002894727153352485,443.1139934583839
1,266,0,-0.022497528624580224,0.0001885677177994638,443.1139934583839
1,266,1,-0.07469484942942677,9.222396405713682e-05,443.1139934583839
1,266,2,-0.15141559646279285,6.63788700036536e-05,443.1139934583839
1,266,3,-0.19821800770286493,5.567506251117753e-05,443.1139934583839
1,266,4,-0.1450351384898035,5.014887842209857e-05,443.1139934583839
1,266,5,0.03332612261960281,4.6865868647066955e-05,443.1139934583839
1,266,6,0.2851492547310103,4.4711350973703265e-05,443.1139934583839
1,266,7,0.4834469766016206,4.318779706748034e-05,443.1139934583839
1,266,8,-0.39807045186216583,0.0002894727153352485,443.1139934583839
1,267,0,3.9635097162191345e-06,0.0001885677177994638,443.1139934583839
1,267,1,1.4962526099597033e-05,9.222396405713682e-05,443.1139934583839
1,267,2,3.692571223006473e-05,6.63788700036536e-05,443.1139934583839
1,267,3,6.0750475685294885e-05,5.567506251117753e-05,443.1139934583839
1,267,4,7.140762537339669e-05,5.014887842209857e-05,443.1139934583839
1,267,5,4.302020068663746e-05,4.6865868647066955e-05,443.1139934583839
1,267,6,-2.7645307930309076e-05,4.4711350973703265e-05,443.1139934583839
1,267,7,-0.00013185249355655786,4.318779706748034e-05,443.1139934583839
1,267,8,-0.0001347923333205913,0.0002894727153352485,443.1139934583839
1,268,0,-0.021923612538994046,0.0001885677177994638,443.1139934583839
1,268,1,-0.07356126207739819,9.222396405713682e-05,443.1139934583839
1,268,2,-0.1493788878479777,6.63788700036536e-05,443.1139934583839
1,268,3,-0.1939008959334197,5.567506251117753e-05,443.1139934583839
1,268,4,-0.13684451544193613,5.014887842209857e-05,443.1139934583839
1,268,5,0.045081373511742434,4.6865868647066955e-05,443.1139934583839
1,268,6,0.29638752609670477,4.4711350973703265e-05,443.1139934583839
1,268,7,0.4868715104822853,4.318779706748034e-05,443.1139934583839
1,268,8,-0.4433677939812465,0.0002894727153352485,443.1139934583839
1,269,0,4.810783187521363e-06,0.0001885677177994638,443.1139934583839
1,269,1,1.7313025526112628e-05,9.222396405713682e-05,443.1139934583839
1,269,2,4.09677943954941e-05,6.63788700036536e-05,443.1139934583839
1,269,3,6.502227839584074e-05,5.567506251117753e-05,443.1139934583839
1,269,4,7.262970222962253e-05,5.014887842209857e-05,443.1139934583839
1,269,5,3.797095490150124e-05,4.6865868647066955e-05,443.1139934583839
1,269,6,-3.9612158779761806e-05,4.4711350973703265e-05,443.1139934583839
1,269,7,-0.0001467009785970361,4.318779706748034e-05,443.1139934583839
1,269,8,-0.00011004025938469357,0.0002894727153352485,443.1139934583839
1,270,0,-0.020668683932818333,0.0001885677177994638,443.1139934583839
1,270,1,-0.07106474685262397,9.222396405713682e-05,443.1139934583839
1,270,2,-0.14551731283018943,6.63788700036536e-05,443.1139934583839
1,270,3,-0.1875201531750572,5.567506251117753e-05,443.1139934583839
1,270,4,-0.12654661003280815,5.014887842209857e-05,443.1139934583839
1,270,5,0.058784511474547614,4.6865868647066955e-05,443.1139934583839
1,270,6,0.30921438532437373,4.4711350973703265e-05,443.1139934583839
1,270,7,0.49144992163457063,4.318779706748034e-05,443.1139934583839
1,270,8,-0.48991614347132956,0.0002894727153352485,443.1139934583839
1,271,0,4.743872568691702e-06,0.0001885677177994638,443.1139934583839
1,271,1,1.7366712208108938e-05,9.222396405713682e-05,443.1139934583839
1,271,2,4.108173448727198e-05,6.63788700036536e-05,443.1139934583839
1,271,3,6.432975302191753e-05,5.567506251117753e-05,443.1139934583839
1,271,4,6.952111357931537e-05,5.014887842209857e-05,443.1139934583839
1,271,5,3.146747165190728e-05,4.6865868647066955e-05,443.1139934583839
1,271,6,-4.87139143312371e-05,4.4711350973703265e-05,443.1139934583839
1,271,7,-0.00015479000779941837,4.318779706748034e-05,443.1139934583839
1,271,8,-8.928301446898592e-05,0.0002894727153352485,443.1139934583839
1,272,0,-0.01834299206133865,0.0001885677177994638,443.1139934583839
1,272,1,-0.06642298722930268,9.222396405713682e-05,443.1139934583839
1,272,2,-0.13878478037381878,6.63788700036536e-05,443.1139934583839
1,272,3,-0.17790480923061888,5.567506251117753e-05,443.1139934583839
1,272,4,-0.11295670896997444,5.014887842209857e-05,443.1139934583839
1,272,5,0.07555940128540659,4.6865868647066955e-05,443.1139934583839
1,272,6,0.3246571757441784,4.4711350973703265e-05,443.1139934583839
1,272,7,0.4981211552611372,4.318779706748034e-05,443.1139934583839
1,272,8,-0.5377038768000258,0.0002894727153352485,443.1139934583839
1,273,0,5.118586639449842e-06,0.0001885677177994638,443.1139934583839
1,273,1,1.6699680745165107e-05,9.222396405713682e-05,443.1139934583839
1,273,2,3.7508672628033174e-05,6.63788700036536e-05,443.1139934583839
1,273,3,5.824590304520489e-05,5.567506251117753e-05,443.1139934583839
1,273,4,6.451670209029206e-05,5.014887842209857e-05,443.1139934583839
1,273,5,3.3068025947878004e-05,4.6865868647066955e-05,443.1139934583839
1,273,6,-3.6360990073694617e-05,4.4711350973703265e-05,443.1139934583839
1,273,7,-0.00013198086057775076,4.318779706748034e-05,443.1139934583839
1,273,8,-9.580376756525234e-05,0.0002894727153352485,443.1139934583839
1,274,0,-0.019475143597514306,0.0001885677177994638,443.1139934583839
1,274,1,-0.06869110944572403,9.222396405713682e-05,443.1139934583839
1,274,2,-0.14123915354062913,6.63788700036536e-05,443.1139934583839
1,274,3,-0.17856400646326168,5.567506251117753e-05,443.1139934583839
1,274,4,-0.10991821149045038,5.014887842209857e-05,443.1139934583839
1,274,5,0.08190057314117667,4.6865868647066955e-05,443.1139934583839
1,274,6,0.3299178157741427,4.4711350973703265e-05,443.1139934583839
1,274,7,0.4949630895237084,4.318779706748034e-05,443.1139934583839
1,274,8,-0.5858437213467007,0.0002894727153352485,443.1139934583839
1,275,0,2.931794297750479e-06,0.0001885677177994638,443.1139934583839
1,275,1,6.478765940398653e-06,9.222396405713682e-05,443.1139934583839
1,275,2,1.3971860009051848e-05,6.63788700036536e-05,443.1139934583839
1,275,3,2.7341430302381984e-05,5.567506251117753e-05,443.1139934583839
1,275,4,4.607600984730453e-05,5.014887842209857e-05,443.1139934583839
1,275,5,5.064202754488765e-05,4.6865868647066955e-05,443.1139934583839
1,275,6,2.861941182781091e-05,4.4711350973703265e-05,443.1139934583839
1,275,7,-3.420701830688368e-05,4.318779706748034e-05,443.1139934583839
1,275,8,-0.0002012079062626697,0.0002894727153352485,443.1139934583839
1,276,0,-0.023633071609402964,0.0001885677177994638,443.1139934583839
1,276,1,-0.07700097455726541,9.222396405713682e-05,443.1139934583839
1,276,2,-0.15171481930045216,6.63788700036536e-05,443.1139934583839
1,276,3,-0.1881785944369991,5.567506251117753e-05,443.1139934583839
1,276,4,-0.1160668410927207,5.014887842209857e-05,443.1139934583839
1,276,5,0.07914712245580745,4.6865868647066955e-05,443.1139934583839
1,276,6,0.3262703763261595,4.4711350973703265e-05,443.1139934583839
1,276,7,0.483172162680474,4.318779706748034e-05,443.1139934583839
1,276,8,-0.6344075920494893,0.0002894727153352485,443.1139934583839
1,277,0,4.5502163744071804e-07,0.0001885677177994638,443.1139934583839
1,277,1,1.9921409655289875e-06,9.222396405713682e-05,443.1139934583839
1,277,2,8.91989959967835e-06,6.63788700036536e-05,443.1139934583839
1,277,3,2.220445916577775e-05,5.567506251117753e-05,443.1139934583839
1,277,4,3.9718342142991214e-05,5.014887842209857e-05,443.1139934583839
1,277,5,4.0679708770401936e-05,4.6865868647066955e-05,443.1139934583839
1,277,6,1.3382148111232658e-05,4.4711350973703265e-05,443.1139934583839
1,277,7,-5.3824412638133716e-05,4.318779706748034e-05,443.1139934583839
1,277,8,-0.0001956411588664565,0.0002894727153352485,443.1139934583839
1,278,0,-0.02488426314932981,0.0001885677177994638,443.1139934583839
1,278,1,-0.07949422577784736,9.222396405713682e-05,443.1139934583839
1,278,2,-0.15442953639362705,6.63788700036536e-05,443.1139934583839
1,278,3,-0.18907713255410052,5.567506251117753e-05,443.1139934583839
1,278,4,-0.1133022950380012,5.014887842209857e-05,443.1139934583839
1,278,5,0.08495723466750552,4.6865868647066955e-05,443.1139934583839
1,278,6,0.33046424058940566,4.4711350973703265e-05,443.1139934583839
1,278,7,0.4783955639425689,4.318779706748034e-05,443.1139934583839
1,278,8,-0.6845273496794895,0.0002894727153352485,443.1139934583839
1,279,0,2.6642213655543764e-06,0.0001885677177994638,443.1139934583839
1,279,1,9.252119937116444e-06,9.222396405713682e-05,443.1139934583839
1,279,2,2.32141826592318e-05,6.63788700036536e-05,443.1139934583839
1,279,3,3.966613410496823e-05,5.567506251117753e-05,443.1139934583839
1,279,4,4.955214626330421e-05,5.014887842209857e-05,443.1139934583839
1,279,5,3.0641458851297494e-05,4.6865868647066955e-05,443.1139934583839
1,279,6,-2.1470210769858627e-05,4.4711350973703265e-05,443.1139934583839
1,279,7,-0.00010382100272675386,4.318779706748034e-05,443.1139934583839
1,279,8,-0.0001294744893497645,0.0002894727153352485,443.1139934583839
1,280,0,-0.02417467854437712,0.0001885677177994638,443.1139934583839
1,280,1,-0.07806873582126542,9.222396405713682e-05,443.1139934583839
1,280,2,-0.1519221817855244,6.63788700036536e-05,443.1139934583839
1,280,3,-0.18411313104994606,5.567506251117753e-05,443.1139934583839
1,280,4,-0.10454471462921548,5.014887842209857e-05,443.1139934583839
1,280,5,0.0965032972632702,4.6865868647066955e-05,443.1139934583839
1,280,6,0.3398534631014389,4.4711350973703265e-05,443.1139934583839
1,280,7,0.4782004981750453,4.318779706748034e-05,443.1139934583839
1,280,8,-0.7361094506041579,0.0002894727153352485,443.1139934583839
1,281,0,4.528510010197537e-06,0.0001885677177994638,443.1139934583839
1,281,1,1.409009094023883e-05,9.222396405713682e-05,443.1139934583839
1,281,2,3.130783824816958e-05,6.63788700036536e-05,443.1139934583839
1,281,3,4.873840406253272e-05,5.567506251117753e-05,443.1139934583839
1,281,4,5.455135722408802e-05,5.014887842209857e-05,443.1139934583839
1,281,5,2.6610199673742792e-05,4.6865868647066955e-05,443.1139934583839
1,281,6,-3.5672697378067864e-05,4.4711350973703265e-05,443.1139934583839
1,281,7,-0.00012247903726952489,4.318779706748034e-05,443.1139934583839
1,281,8,-9.186367143964364e-05,0.0002894727153352485,443.1139934583839
1,282,0,-0.023362269345623125,0.0001885677177994638,443.1139934583839
1,282,1,-0.07643797507929494,9.222396405713682e-05,443.1139934583839
1,282,2,-0.1491345589340943,6.63788700036536e-05,443.1139934583839
1,282,3,-0.17882081178713724,5.567506251117753e-05,443.1139934583839
1,282,4,-0.09546692401743401,5.014887842209857e-05,443.1139934583839
1,282,5,0.10824311307207103,4.6865868647066955e-05,443.1139934583839
1,282,6,0.34917588609194533,4.4711350973703265e-05,443.1139934583839
1,282,7,0.4776810603992513,4.318779706748034e-05,443.1139934583839
1,282,8,-0.7887656886618628,0.0002894727153352485,443.1139934583839
1,283,0,4.9875682000956675e-06,0.0001885677177994638,443.1139934583839
1,283,1,1.4583203376896467e-05,9.222396405713682e-05,443.1139934583839
1,283,2,3.1110262407691766e-05,6.63788700036536e-05,443.1139934583839
1,283,3,4.770259311766782e-05,5.567506251117753e-05,443.1139934583839
1,283,4,5.343293378760431e-05,5.014887842209857e-05,443.1139934583839
1,283,5,2.6816700321041462e-05,4.6865868647066955e-05,443.1139934583839
1,283,6,-3.285027007292228e-05,4.4711350973703265e-05,443.1139934583839
1,283,7,-0.00011648344171301285,4.318779706748034e-05,443.1139934583839
1,283,8,-9.005149139102609e-05,0.0002894727153352485,443.1139934583839
1,284,0,-0.02340821270287752,0.0001885677177994638,443.1139934583839
1,284,1,-0.07652028967066192,9.222396405713682e-05,443.1139934583839
1,284,2,-0.14861448577669356,6.63788700036536e-05,443.1139934583839
1,284,3,-0.17604978080046813,5.567506251117753e-05,443.1139934583839
1,284,4,-0.08899259313358945,5.014887842209857e-05,443.1139934583839
1,284,5,0.1173099472701229,4.6865868647066955e-05,443.1139934583839
1,284,6,0.35569761113441856,4.4711350973703265e-05,443.1139934583839
1,284,7,0.47428665823746424,4.318779706748034e-05,443.1139934583839
1,284,8,-0.8422336852424166,0.0002894727153352485,443.1139934583839
1,285,0,4.40149973660443e-06,0.0001885677177994638,443.1139934583839
1,285,1,1.2067980872833673e-05,9.222396405713682e-05,443.1139934583839
1,285,2,2.5524411523992148e-05,6.63788700036536e-05,443.1139934583839
1,285,3,4.0503116774467125e-05,5.567506251117753e-05,443.1139934583839
1,285,4,4.907544035223368e-05,5.014887842209857e-05,443.1139934583839
1,285,5,3.0376529578709368e-05,4.6865868647066955e-05,443.1139934583839
1,285,6,-1.938391892093786e-05,4.4711350973703265e-05,443.1139934583839
1,285,7,-9.66952733486192e-05,4.318779706748034e-05,443.1139934583839
1,285,8,-0.00011699301465452767,0.0002894727153352485,443.1139934583839
1,286,0,-0.024302584509414756,0.0001885677177994638,443.1139934583839
1,286,1,-0.07829387106464256,9.222396405713682e-05,443.1139934583839
1,286,2,-0.15032924794877273,6.63788700036536e-05,443.1139934583839
1,286,3,-0.17576087876085658,5.567506251117753e-05,443.1139934583839
1,286,4,-0.08508399472327802,5.014887842209857e-05,443.1139934583839
1,286,5,0.12373260313851948,4.6865868647066955e-05,443.1139934583839
1,286,6,0.3594389016877195,4.4711350973703265e-05,443.1139934583839
1,286,7,0.4680427641448723,4.318779706748034e-05,443.1139934583839
1,286,8,-0.8964625444475927,0.0002894727153352485,443.1139934583839
1,287,0,3.7684144068146993e-06,0.0001885677177994638,443.1139934583839
1,287,1,9.999962476455254e-06,9.222396405713682e-05,443.1139934583839
1,287,2,2.1447800221094307e-05,6.63788700036536e-05,443.1139934583839
1,287,3,3.545186002794828e-05,5.567506251117753e-05,443.1139934583839
1,287,4,4.572251329821782e-05,5.014887842209857e-05,443.1139934583839
1,287,5,3.1503252542966086e-05,4.6865868647066955e-05,443.1139934583839
1,287,6,-1.2881231541050932e-05,4.4711350973703265e-05,443.1139934583839
1,287,7,-8.701196713582425e-05,4.318779706748034e-05,443.1139934583839
1,287,8,-0.00013409810632862635,0.0002894727153352485,443.1139934583839
1,288,0,-0.025429631640865057,0.0001885677177994638,443.1139934583839
1,288,1,-0.08052824418376911,9.222396405713682e-05,443.1139934583839
1,288,2,-0.1526419225231768,6.63788700036536e-05,443.1139934583839
1,288,3,-0.17612217158201338,5.567506251117753e-05,443.1139934583839
1,288,4,-0.08186618260725982,5.014887842209857e-05,443.1139934583839
1,288,5,0.12933931060494586,4.6865868647066955e-05,443.1139934583839
1,288,6,0.36213660205843123,4.4711350973703265e-05,443.1139934583839
1,288,7,0.46058382030141043,4.318779706748034e-05,443.1139934583839
1,288,8,-0.9515589886311783,0.0002894727153352485,443.1139934583839
1,289,0,3.5585852336738687e-06,0.0001885677177994638,443.1139934583839
1,289,1,9.323716285439228e-06,9.222396405713682e-05,443.1139934583839
1,289,2,2.0128523821134012e-05,6.63788700036536e-05,443.1139934583839
1,289,3,3.370384534887629e-05,5.567506251117753e-05,443.1139934583839
1,289,4,4.4214792142185445e-05,5.014887842209857e-05,443.1139934583839
1,289,5,3.078821780654738e-05,4.6865868647066955e-05,443.1139934583839
1,289,6,-1.2631100902577656e-05,4.4711350973703265e-05,443.1139934583839
1,289,7,-8.602260805929035e-05,4.318779706748034e-05,443.1139934583839
1,289,8,-0.00013711316921214173,0.0002894727153352485,443.1139934583839
1,290,0,-0.026616064685689646,0.0001885677177994638,443.1139934583839
1,290,1,-0.08287860833761254,9.222396405713682e-05,443.1139934583839
1,290,2,-0.15509629338552666,6.63788700036536e-05,443.1139934583839
1,290,3,-0.17662423027308113,5.567506251117753e-05,443.1139934583839
1,290,4,-0.07881515631665838,5.014887842209857e-05,443.1139934583839
1,290,5,0.13464826339967145,4.6865868647066955e-05,443.1139934583839
1,290,6,0.36429464307571674,4.4711350973703265e-05,443.1139934583839
1,290,7,0.45239861184019153,4.318779706748034e-05,443.1139934583839
1,290,8,-1.0075802906957034,0.0002894727153352485,443.1139934583839
1,291,0,3.825100557174062e-06,0.0001885677177994638,443.1139934583839
1,291,1,1.010652179444357e-05,9.222396405713682e-05,443.1139934583839
1,291,2,2.152666104327742e-05,6.63788700036536e-05,443.1139934583839
1,291,3,3.5108582583401886e-05,5.567506251117753e-05,443.1139934583839
1,291,4,4.421819310319289e-05,5.014887842209857e-05,443.1139934583839
1,291,5,2.794779575413768e-05,4.6865868647066955e-05,443.1139934583839
1,291,6,-1.8499632857180902e-05,4.4711350973703265e-05,443.1139934583839
1,291,7,-9.276751901577238e-05,4.318779706748034e-05,443.1139934583839
1,291,8,-0.00012315605947097458,0.0002894727153352485,443.1139934583839
1,292,0,-0.027559332252022655,0.0001885677177994638,443.1139934583839
1,292,1,-0.08474218623408272,9.222396405713682e-05,443.1139934583839
1,292,2,-0.15689357761390388,6.63788700036536e-05,443.1139934583839
1,292,3,-0.17637511597518749,5.567506251117753e-05,443.1139934583839
1,292,4,-0.07501607235123822,5.014887842209857e-05,443.1139934583839
1,292,5,0.14055799200679986,4.6865868647066955e-05,443.1139934583839
1,292,6,0.3667761452598669,4.4711350973703265e-05,443.1139934583839
1,292,7,0.44430887304078465,4.318779706748034e-05,443.1139934583839
1,292,8,-1.0646193654689213,0.0002894727153352485,443.1139934583839
1,293,0,4.819541244744082e-06,0.0001885677177994638,443.1139934583839
1,293,1,1.2964660446437214e-05,9.222396405713682e-05,443.1139934583839
1,293,2,2.655974519436124e-05,6.63788700036536e-05,443.1139934583839
1,293,3,4.0508717938681025e-05,5.567506251117753e-05,443.1139934583839
1,293,4,4.598208668353239e-05,5.014887842209857e-05,443.1139934583839
1,293,5,2.2319590967874162e-05,4.6865868647066955e-05,443.1139934583839
1,293,6,-3.167174521301841e-05,4.4711350973703265e-05,443.1139934583839
1,293,7,-0.00010792151623851825,4.318779706748034e-05,443.1139934583839
1,293,8,-8.462888813859468e-05,0.0002894727153352485,443.1139934583839
1,294,0,-0.027928480096048272,0.0001885677177994638,443.1139934583839
1,294,1,-0.08545935371823792,9.222396405713682e-05,443.1139934583839
1,294,2,-0.1571593256001087,6.63788700036536e-05,443.1139934583839
1,294,3,-0.17439836906016096,5.567506251117753e-05,443.1139934583839
1,294,4,-0.0694686714779363,5.014887842209857e-05,443.1139934583839
1,294,5,0.14804810241480987,4.6865868647066955e-05,443.1139934583839
1,294,6,0.37051795163798645,4.4711350973703265e-05,443.1139934583839
1,294,7,0.4372022520612213,4.318779706748034e-05,443.1139934583839
1,294,8,-1.122775648301986,0.0002894727153352485,443.1139934583839
1,295,0,6.304085944249901e-06,0.0001885677177994638,443.1139934583839
1,295,1,1.7092497420986957e-05,9.222396405713682e-05,443.1139934583839
1,295,2,3.36535533229653e-05,6.63788700036536e-05,443.1139934583839
1,295,3,4.7942774305744816e-05,5.567506251117753e-05,443.1139934583839
1,295,4,4.8369180329486495e-05,5.014887842209857e-05,443.1139934583839
1,295,5,1.4960312924143892e-05,4.6865868647066955e-05,443.1139934583839
1,295,6,-4.839579237412723e-05,4.4711350973703265e-05,443.1139934583839
1,295,7,-0.00012614064771261383,4.318779706748034e-05,443.1139934583839
1,295,8,-2.868649619630312e-05,0.0002894727153352485,443.1139934583839
1,296,0,-0.027552326050213908,0.0001885677177994638,443.1139934583839
1,296,1,-0.08468875180137969,9.222396405713682e-05,443.1139934583839
1,296,2,-0.15544085775502833,6.63788700036536e-05,443.1139934583839
1,296,3,-0.17018905392979625,5.567506251117753e-05,443.1139934583839
1,296,4,-0.06165812736387247,5.014887842209857e-05,443.1139934583839
1,296,5,0.1576184483932145,4.6865868647066955e-05,443.1139934583839
1,296,6,0.3759946315647414,4.4711350973703265e-05,443.1139934583839
1,296,7,0.4315311618993587,4.318779706748034e-05,443.1139934583839
1,296,8,-1.1820880673111875,0.0002894727153352485,443.1139934583839
1,297,0,7.667716149724222e-06,0.0001885677177994638,443.1139934583839
1,297,1,2.0814573909416932e-05,9.222396405713682e-05,443.1139934583839
1,297,2,3.9873694903701614e-05,6.63788700036536e-05,443.1139934583839
1,297,3,5.413071165000826e-05,5.567506251117753e-05,443.1139934583839
1,297,4,4.9641458565591005e-05,5.014887842209857e-05,443.1139934583839
1,297,5,7.5288477902392484e-06,4.6865868647066955e-05,443.1139934583839
1,297,6,-6.336758378092061e-05,4.4711350973703265e-05,443.1139934583839
1,297,7,-0.00014079722061272385,4.318779706748034e-05,443.1139934583839
1,297,8,2.8456739924816174e-05,0.0002894727153352485,443.1139934583839
1,298,0,-0.026806756338766898,0.0001885677177994638,443.1139934583839
1,298,1,-0.08318053198896501,9.222396405713682e-05,443.1139934583839
1,298,2,-0.15273429165746633,6.63788700036536e-05,443.1139934583839
1,298,3,-0.164861553411746,5.567506251117753e-05,443.1139934583839
1,298,4,-0.052729011925097345,5.014887842209857e-05,443.1139934583839
1,298,5,0.16814498173400327,4.6865868647066955e-05,443.1139934583839
1,298,6,0.38213556727695175,4.4711350973703265e-05,443.1139934583839
1,298,7,0.42630582942030043,4.318779706748034e-05,443.1139934583839
1,298,8,-1.2424344320262302,0.0002894727153352485,443.1139934583839
1,299,0,8.038243895155496e-06,0.0001885677177994638,443.1139934583839
1,299,1,2.1622713576834324e-05,9.222396405713682e-05,443.1139934583839
1,299,2,4.0792084304646494e-05,6.63788700036536e-05,443.1139934583839
1,299,3,5.436008233121684e-05,5.567506251117753e-05,443.1139934583839
1,299,4,4.818056440873241e-05,5.014887842209857e-05,443.1139934583839
1,299,5,4.29559698908687e-06,4.6865868647066955e-05,443.1139934583839
1,299,6,-6.685810494290333e-05,4.4711350973703265e-05,443.1139934583839
1,299,7,-0.0001413770917326003,4.318779706748034e-05,443.1139934583839
1,299,8,5.239142953690122e-05,0.0002894727153352485,443.1139934583839
1,300,0,-0.026423290665997173,0.0001885677177994638,443.1139934583839
1,300,1,-0.0823941738690362,9.222396405713682e-05,443.1139934583839
1,300,2,-0.15097686233701285,6.63788700036536e-05,443.1139934583839
1,300,3,-0.1605812649160427,5.567506251117753e-05,443.1139934583839
1,300,4,-0.044901589263427896,5.014887842209857e-05,443.1139934583839
1,300,5,0.17745298249719788,4.6865868647066955e-05,443.1139934583839
1,300,6,0.3868729417836395,4.4711350973703265e-05,443.1139934583839
1,300,7,0.41960813477897857,4.318779706748034e-05,443.1139934583839
1,300,8,-1.3035840019485625,0.0002894727153352485,443.1139934583839
1,301,0,7.712081488663568e-06,0.0001885677177994638,443.1139934583839
1,301,1,2.030880591299961e-05,9.222396405713682e-05,443.1139934583839
1,301,2,3.792301447062927e-05,6.63788700036536e-05,443.1139934583839
1,301,3,5.056444548140266e-05,5.567506251117753e-05,443.1139934583839
1,301,4,4.5522601042367334e-05,5.014887842209857e-05,443.1139934583839
1,301,5,5.275486287503519e-06,4.6865868647066955e-05,443.1139934583839
1,301,6,-6.0980883851191206e-05,4.4711350973703265e-05,443.1139934583839
1,301,7,-0.00013181025731767002,4.318779706748034e-05,443.1139934583839
1,301,8,4.535188675726881e-05,0.0002894727153352485,443.1139934583839
1,302,0,-0.026533030989704144,0.0001885677177994638,443.1139934583839
1,302,1,-0.08258999481969964,9.222396405713682e-05,443.1139934583839
1,302,2,-0.1505120878607276,6.63788700036536e-05,443.1139934583839
1,302,3,-0.1577317765886329,5.567506251117753e-05,443.1139934583839
1,302,4,-0.038573134048783105,5.014887842209857e-05,443.1139934583839
1,302,5,0.18514579292537087,4.6865868647066955e-05,443.1139934583839
1,302,6,0.38982561741262867,4.4711350973703265e-05,443.1139934583839
1,302,7,0.41109439695660044,4.318779706748034e-05,443.1139934583839
1,302,8,-1.3654344818997448,0.0002894727153352485,443.1139934583839
1,303,0,7.339067014786749e-06,0.0001885677177994638,443.1139934583839
1,303,1,1.892316135768319e-05,9.222396405713682e-05,443.1139934583839
1,303,2,3.5002515736432335e-05,6.63788700036536e-05,443.1139934583839
1,303,3,4.6886862745462295e-05,5.567506251117753e-05,443.1139934583839
1,303,4,4.3223752592355104e-05,5.014887842209857e-05,443.1139934583839
1,303,5,6.722647440248338e-06,4.6865868647066955e-05,443.1139934583839
1,303,6,-5.4912857611812165e-05,4.4711350973703265e-05,443.1139934583839
1,303,7,-0.00012273226463018172,4.318779706748034e-05,443.1139934583839
1,303,8,3.530885610858077e-05,0.0002894727153352485,443.1139934583839
1,304,0,-0.026918682283209025,0.0001885677177994638,443.1139934583839
1,304,1,-0.0833335859271421,9.222396405713682e-05,443.1139934583839
1,304,2,-0.15076195175214366,6.63788700036536e-05,443.1139934583839
1,304,3,-0.1556670342575267,5.567506251117753e-05,443.1139934583839
1,304,4,-0.03308520928230491,5.014887842209857e-05,443.1139934583839
1,304,5,0.1918617352211789,4.6865868647066955e-05,443.1139934583839
1,304,6,0.3915998794162451,4.4711350973703265e-05,443.1139934583839
1,304,7,0.40134414329290313,4.318779706748034e-05,443.1139934583839
1,304,8,-1.4279950443043576,0.0002894727153352485,443.1139934583839
1,305,0,7.09835885764236e-06,0.0001885677177994638,443.1139934583839
1,305,1,1.7985329252466347e-05,9.222396405713682e-05,443.1139934583839
1,305,2,3.300311904993892e-05,6.63788700036536e-05,443.1139934583839
1,305,3,4.4277213704589055e-05,5.567506251117753e-05,443.1139934583839
1,305,4,4.141678559498119e-05,5.014887842209857e-05,443.1139934583839
1,305,5,7.295724545400141e-06,4.6865868647066955e-05,443.1139934583839
1,305,6,-5.1251747086706796e-05,4.4711350973703265e-05,443.1139934583839
1,305,7,-0.00011672883313121087,4.318779706748034e-05,443.1139934583839
1,305,8,3.182428190131801e-05,0.0002894727153352485,443.1139934583839
1,306,0,-0.027387380063481247,0.0001885677177994638,443.1139934583839
1,306,1,-0.08424018495829122,9.222396405713682e-05,443.1139934583839
1,306,2,-0.1512158212592049,6.63788700036536e-05,443.1139934583839
1,306,3,-0.15381675615861534,5.567506251117753e-05,443.1139934583839
1,306,4,-0.0278548262467355,5.014887842209857e-05,443.1139934583839
1,306,5,0.19817008049103466,4.6865868647066955e-05,443.1139934583839
1,306,6,0.3927410915335323,4.4711350973703265e-05,443.1139934583839
1,306,7,0.39088126712871857,4.318779706748034e-05,443.1139934583839
1,306,8,-1.4913004278575597,0.0002894727153352485,443.1139934583839
1,307,0,7.10268819523281e-06,0.0001885677177994638,443.1139934583839
1,307,1,1.784347781832026e-05,9.222396405713682e-05,443.1139934583839
1,307,2,3.2479172236917916e-05,6.63788700036536e-05,443.1139934583839
1,307,3,4.327492800053975e-05,5.567506251117753e-05,443.1139934583839
1,307,4,4.0082625648305455e-05,5.014887842209857e-05,443.1139934583839
1,307,5,6.136058915203925e-06,4.6865868647066955e-05,443.1139934583839
1,307,6,-5.136979600389844e-05,4.4711350973703265e-05,443.1139934583839
1,307,7,-0.00011487253290023831,4.318779706748034e-05,443.1139934583839
1,307,8,4.176522866713478e-05,0.0002894727153352485,443.1139934583839
1,308,0,-0.027720548895580215,0.0001885677177994638,443.1139934583839
1,308,1,-0.08487402019016811,9.222396405713682e-05,443.1139934583839
1,308,2,-0.15129588015187692,6.63788700036536e-05,443.1139934583839
1,308,3,-0.15153624947758793,5.567506251117753e-05,443.1139934583839
1,308,4,-0.022223309945100578,5.014887842209857e-05,443.1139934583839
1,308,5,0.20471382212968534,4.6865868647066955e-05,443.1139934583839
1,308,6,0.39386461957545654,4.4711350973703265e-05,443.1139934583839
1,308,7,0.38029463512434625,4.318779706748034e-05,443.1139934583839
1,308,8,-1.5553975534805295,0.0002894727153352485,443.1139934583839
1,309,0,7.304807799432603e-06,0.0001885677177994638,443.1139934583839
1,309,1,1.8291938551011037e-05,9.222396405713682e-05,443.1139934583839
1,309,2,3.299130841150742e-05,6.63788700036536e-05,443.1139934583839
1,309,3,4.331119046513427e-05,5.567506251117753e-05,443.1139934583839
1,309,4,3.896536046669287e-05,5.014887842209857e-05,443.1139934583839
1,309,5,3.7367395391473733e-06,4.6865868647066955e-05,443.1139934583839
1,309,6,-5.3998373245149855e-05,4.4711350973703265e-05,443.1139934583839
1,309,7,-0.00011542051481215892,4.318779706748034e-05,443.1139934583839
1,309,8,6.252224704431877e-05,0.0002894727153352485,443.1139934583839
1,310,0,-0.027898254699630576,0.0001885677177994638,443.1139934583839
1,310,1,-0.08519564502892704,9.222396405713682e-05,443.1139934583839
1,310,2,-0.15095037864008407,6.63788700036536e-05,443.1139934583839
1,310,3,-0.14876849450630694,5.567506251117753e-05,443.1139934583839
1,310,4,-0.016133467041746827,5.014887842209857e-05,443.1139934583839
1,310,5,0.21154836678664618,4.6865868647066955e-05,443.1139934583839
1,310,6,0.39502778872357,4.4711350973703265e-05,443.1139934583839
1,310,7,0.3696527207251823,4.318779706748034e-05,443.1139934583839
1,310,8,-1.6202780731172677,0.0002894727153352485,443.1139934583839
1,311,0,7.441058699630313e-06,0.0001885677177994638,443.1139934583839
1,311,1,1.85129477613394e-05,9.222396405713682e-05,443.1139934583839
1,311,2,3.308815295365271e-05,6.63788700036536e-05,443.1139934583839
1,311,3,4.293446903837004e-05,5.567506251117753e-05,443.1139934583839
1,311,4,3.780697371287887e-05,5.014887842209857e-05,443.1139934583839
1,311,5,2.0430290363783663e-06,4.6865868647066955e-05,443.1139934583839
1,311,6,-5.518009126708069e-05,4.4711350973703265e-05,443.1139934583839
1,311,7,-0.00011445948608494197,4.318779706748034e-05,443.1139934583839
1,311,8,7.958454189460779e-05,0.0002894727153352485,443.1139934583839
1,312,0,-0.02813789487581733,0.0001885677177994638,443.1139934583839
1,312,1,-0.08563892972977437,9.222396405713682e-05,443.1139934583839
1,312,2,-0.15075521333980252,6.63788700036536e-05,443.1139934583839
1,312,3,-0.14615679305561072,5.567506251117753e-05,443.1139934583839
1,312,4,-0.010243951606053922,5.014887842209857e-05,443.1139934583839
1,312,5,0.21803081820013015,4.6865868647066955e-05,443.1139934583839
1,312,6,0.3956255536093013,4.4711350973703265e-05,443.1139934583839
1,312,7,0.3584066529459706,4.318779706748034e-05,443.1139934583839
1,312,8,-1.685866424617734,0.0002894727153352485,443.1139934583839
1,313,0,7.417501547657504e-06,0.0001885677177994638,443.1139934583839
1,313,1,1.8261068438500245e-05,9.222396405713682e-05,443.1139934583839
1,313,2,3.235272311786463e-05,6.63788700036536e-05,443.1139934583839
1,313,3,4.174484992933715e-05,5.567506251117753e-05,443.1139934583839
1,313,4,3.664762122843078e-05,5.014887842209857e-05,443.1139934583839
1,313,5,1.6498824411466875e-06,4.6865868647066955e-05,443.1139934583839
1,313,6,-5.4073100979868675e-05,4.4711350973703265e-05,443.1139934583839
1,313,7,-0.00011138735479487452,4.318779706748034e-05,443.1139934583839
1,313,8,8.804776351932467e-05,0.0002894727153352485,443.1139934583839
1,314,0,-0.028438798150465967,0.0001885677177994638,443.1139934583839
1,314,1,-0.08620241409812734,9.222396405713682e-05,443.1139934583839
1,314,2,-0.15070821969440557,6.63788700036536e-05,443.1139934583839
1,314,3,-0.14369916914164124,5.567506251117753e-05,443.1139934583839
1,314,4,-0.004554636497571609,5.014887842209857e-05,443.1139934583839
1,314,5,0.2241592306453434,4.6865868647066955e-05,443.1139934583839
1,314,6,0.39565941002766886,4.4711350973703265e-05,443.1139934583839
1,314,7,0.3465728357404557,4.318779706748034e-05,443.1139934583839
1,314,8,-1.7521336799992735,0.0002894727153352485,443.1139934583839
1,315,0,7.491856416613065e-06,0.0001885677177994638,443.1139934583839
1,315,1,1.8327446292391975e-05,9.222396405713682e-05,443.1139934583839
1,315,2,3.2191063049004125e-05,6.63788700036536e-05,443.1139934583839
1,315,3,4.116950419232903e-05,5.567506251117753e-05,443.1139934583839
1,315,4,3.553856655299182e-05,5.014887842209857e-05,443.1139934583839
1,315,5,3.6134555925451384e-07,4.6865868647066955e-05,443.1139934583839
1,315,6,-5.461844190157459e-05,4.4711350973703265e-05,443.1139934583839
1,315,7,-0.00010994284001043545,4.318779706748034e-05,443.1139934583839
1,315,8,0.0001041930796409188,0.0002894727153352485,443.1139934583839
1,316,0,-0.02870226382275825,0.0001885677177994638,443.1139934583839
1,316,1,-0.08668919386027632,9.222396405713682e-05,443.1139934583839
1,316,2,-0.15054825059840407,6.63788700036536e-05,443.1139934583839
1,316,3,-0.14110467283902497,5.567506251117753e-05,443.1139934583839
1,316,4,0.001230129867517722,5.014887842209857e-05,443.1139934583839
1,316,5,0.23022037694168165,4.6865868647066955e-05,443.1139934583839
1,316,6,0.39540533918305487,4.4711350973703265e-05,443.1139934583839
1,316,7,0.3344238445801929,4.318779706748034e-05,443.1139934583839
1,316,8,-1.8190811595369305,0.0002894727153352485,443.1139934583839
1,317,0,7.559793739518003e-06,0.0001885677177994638,443.1139934583839
1,317,1,1.8371641348433794e-05,9.222396405713682e-05,443.1139934583839
1,317,2,3.202972588123529e-05,6.63788700036536e-05,443.1139934583839
1,317,3,4.056064133408481e-05,5.567506251117753e-05,443.1139934583839
1,317,4,3.447590899662513e-05,5.014887842209857e-05,443.1139934583839
1,317,5,-7.852994097156911e-07,4.6865868647066955e-05,443.1139934583839
1,317,6,-5.4970982203126887e-05,4.4711350973703265e-05,443.1139934583839
1,317,7,-0.00010827921917885571,4.318779706748034e-05,443.1139934583839
1,317,8,0.00012101020897505797,0.0002894727153352485,443.1139934583839
1,318,0,-0.028967387627959962,0.0001885677177994638,443.1139934583839
1,318,1,-0.0871773671541589,9.222396405713682e-05,443.1139934583839
1,318,2,-0.1503790640377415,6.63788700036536e-05,443.1139934583839
1,318,3,-0.13848949724394416,5.567506251117753e-05,443.1139934583839
1,318,4,0.006990514163007861,5.014887842209857e-05,443.1139934583839
1,318,5,0.23609690715212522,4.6865868647066955e-05,443.1139934583839
1,318,6,0.39475706452152287,4.4711350973703265e-05,443.1139934583839
1,318,7,0.3218759748397502,4.318779706748034e-05,443.1139934583839
1,318,8,-1.8866800530893795,0.0002894727153352485,443.1139934583839
1,319,0,7.623918960269197e-06,0.0001885677177994638,443.1139934583839
1,319,1,1.8418400725128402e-05,9.222396405713682e-05,443.1139934583839
1,319,2,3.185169582243599e-05,6.63788700036536e-05,443.1139934583839
1,319,3,3.998769837236763e-05,5.567506251117753e-05,443.1139934583839
1,319,4,3.3424357229858044e-05,5.014887842209857e-05,443.1139934583839
1,319,5,-1.92201322516997e-06,4.6865868647066955e-05,443.1139934583839
1,319,6,-5.527127961972517e-05,4.4711350973703265e-05,443.1139934583839
1,319,7,-0.00010659694767519292,4.318779706748034e-05,443.1139934583839
1,319,8,0.0001392747434678433,0.0002894727153352485,443.1139934583839
1,320,0,-0.029227412397495673,0.0001885677177994638,443.1139934583839
1,320,1,-0.08765348263819023,9.222396405713682e-05,443.1139934583839
1,320,2,-0.1501828401892555,6.63788700036536e-05,443.1139934583839
1,320,3,-0.1358342581041017,5.567506251117753e-05,443.1139934583839
1,320,4,0.012744777171591089,5.014887842209857e-05,443.1139934583839
1,320,5,0.24180550309387083,4.6865868647066955e-05,443.1139934583839
1,320,6,0.3937350513160429,4.4711350973703265e-05,443.1139934583839
1,320,7,0.30896381272749357,4.318779706748034e-05,443.1139934583839
1,320,8,-1.954909409473213,0.0002894727153352485,443.1139934583839
1,321,0,7.689948832124461e-06,0.0001885677177994638,443.1139934583839
1,321,1,1.847283788037189e-05,9.222396405713682e-05,443.1139934583839
1,321,2,3.170992288018319e-05,6.63788700036536e-05,443.1139934583839
1,321,3,3.942737829159348e-05,5.567506251117753e-05,443.1139934583839
1,321,4,3.242894338582941e-05,5.014887842209857e-05,443.1139934583839
1,321,5,-3.0013799687937422e-06,4.6865868647066955e-05,443.1139934583839
1,321,6,-5.556145667798236e-05,4.4711350973703265e-05,443.1139934583839
1,321,7,-0.00010488341631365879,4.318779706748034e-05,443.1139934583839
1,321,8,0.00015943282162307726,0.0002894727153352485,443.1139934583839
1,322,0,-0.029482021461219365,0.0001885677177994638,443.1139934583839
1,322,1,-0.08811694099322663,9.222396405713682e-05,443.1139934583839
1,322,2,-0.14995885694330874,6.63788700036536e-05,443.1139934583839
1,322,3,-0.13313860758678836,5.567506251117753e-05,443.1139934583839
1,322,4,0.018491816040437894,5.014887842209857e-05,443.1139934583839
1,322,5,0.24734415596485215,4.6865868647066955e-05,443.1139934583839
1,322,6,0.3923423398272561,4.4711350973703265e-05,443.1139934583839
1,322,7,0.2957057994574701,4.318779706748034e-05,443.1139934583839
1,322,8,-2.023748196461829,0.0002894727153352485,443.1139934583839
1,323,0,7.748116267409292e-06,0.0001885677177994638,443.1139934583839
1,323,1,1.8515665315955037e-05,9.222396405713682e-05,443.1139934583839
1,323,2,3.1550602934050595e-05,6.63788700036536e-05,443.1139934583839
1,323,3,3.8881872167445066e-05,5.567506251117753e-05,443.1139934583839
1,323,4,3.141807465032265e-05,5.014887842209857e-05,443.1139934583839
1,323,5,-4.087037540403981e-06,4.6865868647066955e-05,443.1139934583839
1,323,6,-5.5805594991351305e-05,4.4711350973703265e-05,443.1139934583839
1,323,7,-0.0001031563259220181,4.318779706748034e-05,443.1139934583839
1,323,8,0.00018184387539035124,0.0002894727153352485,443.1139934583839
1,324,0,-0.029729469472454185,0.0001885677177994638,443.1139934583839
1,324,1,-0.0885642750369661,9.222396405713682e-05,443.1139934583839
1,324,2,-0.14970255611426875,6.63788700036536e-05,443.1139934583839
1,324,3,-0.1303979810701228,5.567506251117753e-05,443.1139934583839
1,324,4,0.024234803516345223,5.014887842209857e-05,443.1139934583839
1,324,5,0.25271501994368284,4.6865868647066955e-05,443.1139934583839
1,324,6,0.3905860000487435,4.4711350973703265e-05,443.1139934583839
1,324,7,0.28212427375792926,4.318779706748034e-05,443.1139934583839
1,324,8,-2.093176904808451,0.0002894727153352485,443.1139934583839
1,325,0,7.808443920885322e-06,0.0001885677177994638,443.1139934583839
1,325,1,1.8556680089156228e-05,9.222396405713682e-05,443.1139934583839
1,325,2,3.139567004830652e-05,6.63788700036536e-05,443.1139934583839
1,325,3,3.834352430070118e-05,5.567506251117753e-05,443.1139934583839
1,325,4,3.0470376740333714e-05,5.014887842209857e-05,443.1139934583839
1,325,5,-5.069546068529705e-06,4.6865868647066955e-05,443.1139934583839
1,325,6,-5.5934209146745614e-05,4.4711350973703265e-05,443.1139934583839
1,325,7,-0.00010132949865544246,4.318779706748034e-05,443.1139934583839
1,325,8,0.00020680963942699225,0.0002894727153352485,443.1139934583839
1,326,0,-0.029978597515435447,0.0001885677177994638,443.1139934583839
1,326,1,-0.08901313359463209,9.222396405713682e-05,443.1139934583839
1,326,2,-0.14943738039984072,6.63788700036536e-05,443.1139934583839
1,326,3,-0.12763896600353705,5.567506251117753e-05,443.1139934583839
1,326,4,0.029945083337899227,5.014887842209857e-05,443.1139934583839
1,326,5,0.25788930012304256,4.6865868647066955e-05,443.1139934583839
1,326,6,0.38844407882673465,4.4711350973703265e-05,443.1139934583839
1,326,7,0.2682145341260864,4.318779706748034e-05,443.1139934583839
1,326,8,-2.1631730066261836,0.0002894727153352485,443.1139934583839
1,327,0,7.840553690486463e-06,0.0001885677177994638,443.1139934583839
1,327,1,1.8541192018081398e-05,9.222396405713682e-05,443.1139934583839
1,327,2,3.116472459352599e-05,6.63788700036536e-05,443.1139934583839
1,327,3,3.773815629680805e-05,5.567506251117753e-05,443.1139934583839
1,327,4,2.951692457859201e-05,5.014887842209857e-05,443.1139934583839
1,327,5,-5.931645701273848e-06,4.6865868647066955e-05,443.1139934583839
1,327,6,-5.588297629678633e-05,4.4711350973703265e-05,443.1139934583839
1,327,7,-9.935709799797042e-05,4.318779706748034e-05,443.1139934583839
1,327,8,0.0002346820169647664,0.0002894727153352485,443.1139934583839
1,328,0,-0.030234115693194907,0.0001885677177994638,443.1139934583839
1,328,1,-0.08947293136763582,9.222396405713682e-05,443.1139934583839
1,328,2,-0.14917579741209006,6.63788700036536e-05,443.1139934583839
1,328,3,-0.12487593943634856,5.567506251117753e-05,443.1139934583839
1,328,4,0.03560649702609554,5.014887842209857e-05,443.1139934583839
1,328,5,0.26285051897839934,4.6865868647066955e-05,443.1139934583839
1,328,6,0.38590642988832724,4.4711350973703265e-05,443.1139934583839
1,328,7,0.2539830025047653,4.318779706748034e-05,443.1139934583839
1,328,8,-2.2337271818787534,0.0002894727153352485,443.1139934583839
1,329,0,7.881054985039694e-06,0.0001885677177994638,443.1139934583839
1,329,1,1.8547319336602897e-05,9.222396405713682e-05,443.1139934583839
1,329,2,3.0948649745716766e-05,6.63788700036536e-05,443.1139934583839
1,329,3,3.7166701052565144e-05,5.567506251117753e-05,443.1139934583839
1,329,4,2.8613533768292216e-05,5.014887842209857e-05,443.1139934583839
1,329,5,-6.785954139386532e-06,4.6865868647066955e-05,443.1139934583839
1,329,6,-5.581397246006515e-05,4.4711350973703265e-05,443.1139934583839
1,329,7,-9.741989798224837e-05,4.318779706748034e-05,443.1139934583839
1,329,8,0.0002678676098815051,0.0002894727153352485,443.1139934583839
1,330,0,-0.030489059929588287,0.0001885677177994638,443.1139934583839
1,330,1,-0.08992978747046863,9.222396405713682e-05,443.1139934583839
1,330,2,-0.14889947891414257,6.63788700036536e-05,443.1139934583839
1,330,3,-0.12208895156150923,5.567506251117753e-05,443.1139934583839
1,330,4,0.041238008549237634,5.014887842209857e-05,443.1139934583839
1,330,5,0.26761654968162185,4.6865868647066955e-05,443.1139934583839
1,330,6,0.3829957280563095,4.4711350973703265e-05,443.1139934583839
1,330,7,0.23946665996133412,4.318779706748034e-05,443.1139934583839
1,330,8,-2.304811231900083,0.0002894727153352485,443.1139934583839
1,331,0,7.923361641368604e-06,0.0001885677177994638,443.1139934583839
1,331,1,1.855512266858439e-05,9.222396405713682e-05,443.1139934583839
1,331,2,3.078639960554061e-05,6.63788700036536e-05,443.1139934583839
1,331,3,3.664915080467626e-05,5.567506251117753e-05,443.1139934583839
1,331,4,2.770697962039287e-05,5.014887842209857e-05,443.1139934583839
1,331,5,-7.650700336576498e-06,4.6865868647066955e-05,443.1139934583839
1,331,6,-5.580296233230133e-05,4.4711350973703265e-05,443.1139934583839
1,331,7,-9.548862759970024e-05,4.318779706748034e-05,443.1139934583839
1,331,8,0.0003106437712570352,0.0002894727153352485,443.1139934583839
1,332,0,-0.030738815227170084,0.0001885677177994638,443.1139934583839
1,332,1,-0.09037453838942713,9.222396405713682e-05,443.1139934583839
1,332,2,-0.14859635469838195,6.63788700036536e-05,443.1139934583839
1,332,3,-0.11926501741161827,5.567506251117753e-05,443.1139934583839
1,332,4,0.046851480756492085,5.014887842209857e-05,443.1139934583839
1,332,5,0.2721984955057331,4.6865868647066955e-05,443.1139934583839
1,332,6,0.37972846166956037,4.4711350973703265e-05,443.1139934583839
1,332,7,0.2246966989023198,4.318779706748034e-05,443.1139934583839
1,332,8,-2.376517161629834,0.0002894727153352485,443.1139934583839
1,333,0,7.963609160575655e-06,0.0001885677177994638,443.1139934583839
1,333,1,1.857685976058036e-05,9.222396405713682e-05,443.1139934583839
1,333,2,3.062095841931996e-05,6.63788700036536e-05,443.1139934583839
1,333,3,3.61318028291539e-05,5.567506251117753e-05,443.1139934583839
1,333,4,2.6828016791857836e-05,5.014887842209857e-05,443.1139934583839
1,333,5,-8.536552439744877e-06,4.6865868647066955e-05,443.1139934583839
1,333,6,-5.5794874894060995e-05,4.4711350973703265e-05,443.1139934583839
1,333,7,-9.35892831967249e-05,4.318779706748034e-05,443.1139934583839
1,333,8,0.0003587398005871762,0.0002894727153352485,443.1139934583839
1,334,0,-0.030981004035220368,0.0001885677177994638,443.1139934583839
1,334,1,-0.09080250436697336,9.222396405713682e-05,443.1139934583839
1,334,2,-0.14826023301406202,6.63788700036536e-05,443.1139934583839
1,334,3,-0.1163977231812624,5.567506251117753e-05,443.1139934583839
1,334,4,0.05245205880488049,5.014887842209857e-05,443.1139934583839
1,334,5,0.2766009792353969,4.6865868647066955e-05,443.1139934583839
1,334,6,0.37611509148639727,4.4711350973703265e-05,443.1139934583839
1,334,7,0.20969871436292573,4.318779706748034e-05,443.1139934583839
1,334,8,-2.4486041469272535,0.0002894727153352485,443.1139934583839
1,335,0,8.006565637003128e-06,0.0001885677177994638,443.1139934583839
1,335,1,1.8610747145523774e-05,9.222396405713682e-05,443.1139934583839
1,335,2,3.0480595748712067e-05,6.63788700036536e-05,443.1139934583839
1,335,3,3.5645268792175016e-05,5.567506251117753e-05,443.1139934583839
1,335,4,2.594736501096729e-05,5.014887842209857e-05,443.1139934583839
1,335,5,-9.391234205250471e-06,4.6865868647066955e-05,443.1139934583839
1,335,6,-5.573999234757385e-05,4.4711350973703265e-05,443.1139934583839
1,335,7,-9.161497784982705e-05,4.318779706748034e-05,443.1139934583839
1,335,8,0.0004890408696007383,0.0002894727153352485,443.1139934583839
1,336,0,-0.03121690359816376,0.0001885677177994638,443.1139934583839
1,336,1,-0.09121622762074062,9.222396405713682e-05,443.1139934583839
1,336,2,-0.14789455095264997,6.63788700036536e-05,443.1139934583839
1,336,3,-0.1134914134522318,5.567506251117753e-05,443.1139934583839
1,336,4,0.0580338862585317,5.014887842209857e-05,443.1139934583839
1,336,5,0.28081784487733674,4.6865868647066955e-05,443.1139934583839
1,336,6,0.3721561082309206,4.4711350973703265e-05,443.1139934583839
1,336,7,0.1944890265976111,4.318779706748034e-05,443.1139934583839
1,336,8,-2.5220801099967973,0.0002894727153352485,443.1139934583839
1,337,0,8.035394768308395e-06,0.0001885677177994638,443.1139934583839
1,337,1,1.8594881432215582e-05,9.222396405713682e-05,443.1139934583839
1,337,2,3.028563532753246e-05,6.63788700036536e-05,443.1139934583839
1,337,3,3.5124257158493126e-05,5.567506251117753e-05,443.1139934583839
1,337,4,2.510360382270638e-05,5.014887842209857e-05,443.1139934583839
1,337,5,-1.0134762462354353e-05,4.6865868647066955e-05,443.1139934583839
1,337,6,-5.557221322322481e-05,4.4711350973703265e-05,443.1139934583839
1,337,7,-8.960113029742828e-05,4.318779706748034e-05,443.1139934583839
1,337,8,0.0003411732750075815,0.0002894727153352485,443.1139934583839
1,338,0,-0.03145432105692673,0.0001885677177994638,443.1139934583839
1,338,1,-0.0916312706467856,9.222396405713682e-05,443.1139934583839
1,338,2,-0.1475199511034768,6.63788700036536e-05,443.1139934583839
1,338,3,-0.11056955037173369,5.567506251117753e-05,443.1139934583839
1,338,4,0.06357151398275789,5.014887842209857e-05,443.1139934583839
1,338,5,0.28482403044280874,4.6865868647066955e-05,443.1139934583839
1,338,6,0.3678341958708961,4.4711350973703265e-05,443.1139934583839
1,338,7,0.17906743788814092,4.318779706748034e-05,443.1139934583839
1,338,8,1.8849029800857489,0.0002894727153352485,443.1139934583839
1,339,0,8.056919525450037e-06,0.0001885677177994638,443.1139934583839
1,339,1,1.8572954322616995e-05,9.222396405713682e-05,443.1139934583839
1,339,2,3.0072500979824522e-05,6.63788700036536e-05,443.1139934583839
1,339,3,3.457745801881717e-05,5.567506251117753e-05,443.1139934583839
1,339,4,2.4305473975098575e-05,5.014887842209857e-05,443.1139934583839
1,339,5,-1.0794945323469049e-05,4.6865868647066955e-05,443.1139934583839
1,339,6,-5.5234223548207554e-05,4.4711350973703265e-05,443.1139934583839
1,339,7,-8.749681690602461e-05,4.318779706748034e-05,443.1139934583839
1,339,8,0.000527880011485549,0.0002894727153352485,443.1139934583839
1,340,0,-0.0316967245003937,0.0001885677177994638,443.1139934583839
1,340,1,-0.09205455852354658,9.222396405713682e-05,443.1139934583839
1,340,2,-0.14714561773882542,6.63788700036536e-05,443.1139934583839
1,340,3,-0.1076428766160652,5.567506251117753e-05,443.1139934583839
1,340,4,0.06905260591555246,5.014887842209857e-05,443.1139934583839
1,340,5,0.2886073061139233,4.6865868647066955e-05,443.1139934583839
1,340,6,0.3631444259759847,4.4711350973703265e-05,443.1139934583839
1,340,7,0.16344509890493955,4.318779706748034e-05,443.1139934583839
1,340,8,2.2587199454769,0.0002894727153352485,443.1139934583839
1,341,0,8.072042364144438e-06,0.0001885677177994638,443.1139934583839
1,341,1,1.8529989942737693e-05,9.222396405713682e-05,443.1139934583839
1,341,2,2.9842046183879393e-05,6.63788700036536e-05,443.1139934583839
1,341,3,3.4058408602889816e-05,5.567506251117753e-05,443.1139934583839
1,341,4,2.3504990203289133e-05,5.014887842209857e-05,443.1139934583839
1,341,5,-1.1410247706968096e-05,4.6865868647066955e-05,443.1139934583839
1,341,6,-5.490841142238064e-05,4.4711350973703265e-05,443.1139934583839
1,341,7,-8.537889768307644e-05,4.318779706748034e-05,443.1139934583839
1,341,8,0.0005818425982754249,0.0002894727153352485,443.1139934583839
1,342,0,-0.031938854082615604,0.0001885677177994638,443.1139934583839
1,342,1,-0.09247565013339032,9.222396405713682e-05,443.1139934583839
1,342,2,-0.14675774448837753,6.63788700036536e-05,443.1139934583839
1,342,3,-0.10469652030075863,5.567506251117753e-05,443.1139934583839
1,342,4,0.07449097793629282,5.014887842209857e-05,443.1139934583839
1,342,5,0.29218103994546174,4.6865868647066955e-05,443.1139934583839
1,342,6,0.3581063493574242,4.4711350973703265e-05,443.1139934583839
1,342,7,0.1476559426474187,4.318779706748034e-05,443.1139934583839
1,342,8,2.2038859614284285,0.0002894727153352485,443.1139934583839
1,343,0,8.08848565209832e-06,0.0001885677177994638,443.1139934583839
1,343,1,1.8519148633914736e-05,9.222396405713682e-05,443.1139934583839
1,343,2,2.964900353837203e-05,6.63788700036536e-05,443.1139934583839
1,343,3,3.3546585809882625e-05,5.567506251117753e-05,443.1139934583839
1,343,4,2.27173866662555e-05,5.014887842209857e-05,443.1139934583839
1,343,5,-1.2067697364499182e-05,4.6865868647066955e-05,443.1139934583839
1,343,6,-5.459819981179707e-05,4.4711350973703265e-05,443.1139934583839
1,343,7,-8.332916681027062e-05,4.318779706748034e-05,443.1139934583839
1,343,8,0.0003782625377216703,0.0002894727153352485,443.1139934583839
1,344,0,-0.03217638660213044,0.0001885677177994638,443.1139934583839
1,344,1,-0.09288594934655667,9.222396405713682e-05,443.1139934583839
1,344,2,-0.14634500208300513,6.63788700036536e-05,443.1139934583839
1,344,3,-0.10171832033790656,5.567506251117753e-05,443.1139934583839
1,344,4,0.07989770698548578,5.014887842209857e-05,443.1139934583839
1,344,5,0.29555614476448244,4.6865868647066955e-05,443.1139934583839
1,344,6,0.352737323795714,4.4711350973703265e-05,443.1139934583839
1,344,7,0.13173169039175991,4.318779706748034e-05,443.1139934583839
1,344,8,2.149476393103142,0.0002894727153352485,443.1139934583839
1,345,0,8.118752217894926e-06,0.0001885677177994638,443.1139934583839
1,345,1,1.8510925672477805e-05,9.222396405713682e-05,443.1139934583839
1,345,2,2.948198373434684e-05,6.63788700036536e-05,443.1139934583839
1,345,3,3.307625103602022e-05,5.567506251117753e-05,443.1139934583839
1,345,4,2.1936280190116522e-05,5.014887842209857e-05,443.1139934583839
1,345,5,-1.272673122511042e-05,4.6865868647066955e-05,443.1139934583839
1,345,6,-5.430863192410826e-05,4.4711350973703265e-05,443.1139934583839
1,345,7,-8.123114216055193e-05,4.318779706748034e-05,443.1139934583839
1,345,8,0.0002967427705262142,0.0002894727153352485,443.1139934583839
1,346,0,-0.032406900486141685,0.0001885677177994638,443.1139934583839
1,346,1,-0.09328064308726311,9.222396405713682e-05,443.1139934583839
1,346,2,-0.1459011000845629,6.63788700036536e-05,443.1139934583839
1,346,3,-0.09870177518456916,5.567506251117753e-05,443.1139934583839
1,346,4,0.08527809613044093,5.014887842209857e-05,443.1139934583839
1,346,5,0.298737962216962,4.6865868647066955e-05,443.1139934583839
1,346,6,0.34704960241102634,4.4711350973703265e-05,443.1139934583839
1,346,7,0.11569916258111573,4.318779706748034e-05,443.1139934583839
1,346,8,2.095021613188488,0.0002894727153352485,443.1139934583839
1,347,0,8.136039592926525e-06,0.0001885677177994638,443.1139934583839
1,347,1,1.849922837774713e-05,9.222396405713682e-05,443.1139934583839
1,347,2,2.931762649353531e-05,6.63788700036536e-05,443.1139934583839
1,347,3,3.2600987296693984e-05,5.567506251117753e-05,443.1139934583839
1,347,4,2.1175885245925632e-05,5.014887842209857e-05,443.1139934583839
1,347,5,-1.3375132473457781e-05,4.6865868647066955e-05,443.1139934583839
1,347,6,-5.397343412233545e-05,4.4711350973703265e-05,443.1139934583839
1,347,7,-7.913503338990166e-05,4.318779706748034e-05,443.1139934583839
1,347,8,0.0002329003957224445,0.0002894727153352485,443.1139934583839
1,348,0,-0.03263066628532104,0.0001885677177994638,443.1139934583839
1,348,1,-0.09366034283937258,9.222396405713682e-05,443.1139934583839
1,348,2,-0.1454268636144257,6.63788700036536e-05,443.1139934583839
1,348,3,-0.09564831019778353,5.567506251117753e-05,443.1139934583839
1,348,4,0.0906293268950178,5.014887842209857e-05,443.1139934583839
1,348,5,0.30172391591352066,4.6865868647066955e-05,443.1139934583839
1,348,6,0.34104812018065656,4.4711350973703265e-05,443.1139934583839
1,348,7,0.09957835894845635,4.318779706748034e-05,443.1139934583839
1,348,8,2.0405662943679226,0.0002894727153352485,443.1139934583839
1,349,0,8.143358428804176e-06,0.0001885677177994638,443.1139934583839
1,349,1,1.8475514778565832e-05,9.222396405713682e-05,443.1139934583839
1,349,2,2.912062314253839e-05,6.63788700036536e-05,443.1139934583839
1,349,3,3.210885197476396e-05,5.567506251117753e-05,443.1139934583839
1,349,4,2.0410145671372272e-05,5.014887842209857e-05,443.1139934583839
1,349,5,-1.3951692319494469e-05,4.6865868647066955e-05,443.1139934583839
1,349,6,-5.358801452162803e-05,4.4711350973703265e-05,443.1139934583839
1,349,7,-7.70156914913558e-05,4.318779706748034e-05,443.1139934583839
1,349,8,0.00018541560101615638,0.0002894727153352485,443.1139934583839
1,350,0,-0.032854729491053544,0.0001885677177994638,443.1139934583839
1,350,1,-0.09403904873472545,9.222396405713682e-05,443.1139934583839
1,350,2,-0.14494082314812323,6.63788700036536e-05,443.1139934583839
1,350,3,-0.09257910669430043,5.567506251117753e-05,443.1139934583839
1,350,4,0.09592839181258278,5.014887842209857e-05,443.1139934583839
1,350,5,0.3044918302212504,4.6865868647066955e-05,443.1139934583839
1,350,6,0.3347194244350596,4.4711350973703265e-05,443.1139934583839
1,350,7,0.08337203912230831,4.318779706748034e-05,443.1139934583839
1,350,8,1.9860793812405446,0.0002894727153352485,443.1139934583839
1,351,0,8.153264825235995e-06,0.0001885677177994638,443.1139934583839
1,351,1,1.841561431834594e-05,9.222396405713682e-05,443.1139934583839
1,351,2,2.8880045511214065e-05,6.63788700036536e-05,443.1139934583839
1,351,3,3.1609430591164505e-05,5.567506251117753e-05,443.1139934583839
1,351,4,1.97455247784163e-05,5.014887842209857e-05,443.1139934583839
1,351,5,-1.4366288719719881e-05,4.6865868647066955e-05,443.1139934583839
1,351,6,-5.300462618690564e-05,4.4711350973703265e-05,443.1139934583839
1,351,7,-7.482563016233418e-05,4.318779706748034e-05,443.1139934583839
1,351,8,0.00014797321389928977,0.0002894727153352485,443.1139934583839
1,352,0,-0.033083259411670854,0.0001885677177994638,443.1139934583839
1,352,1,-0.09442505930338593,9.222396405713682e-05,443.1139934583839
1,352,2,-0.14445401100262076,6.63788700036536e-05,443.1139934583839
1,352,3,-0.08950695055108336,5.567506251117753e-05,443.1139934583839
1,352,4,0.10116094138915149,5.014887842209857e-05,443.1139934583839
1,352,5,0.30702812440686184,4.6865868647066955e-05,443.1139934583839
1,352,6,0.328058211847474,4.4711350973703265e-05,443.1139934583839
1,352,7,0.06709046795197941,4.318779706748034e-05,443.1139934583839
1,352,8,1.9315704825727922,0.0002894727153352485,443.1139934583839
1,353,0,8.15225593953216e-06,0.0001885677177994638,443.1139934583839
1,353,1,1.8363614789090767e-05,9.222396405713682e-05,443.1139934583839
1,353,2,2.866781597281665e-05,6.63788700036536e-05,443.1139934583839
1,353,3,3.112807796953723e-05,5.567506251117753e-05,443.1139934583839
1,353,4,1.9041139672853954e-05,5.014887842209857e-05,443.1139934583839
1,353,5,-1.4812774346783551e-05,4.6865868647066955e-05,443.1139934583839
1,353,6,-5.2403966448431625e-05,4.4711350973703265e-05,443.1139934583839
1,353,7,-7.267747953010664e-05,4.318779706748034e-05,443.1139934583839
1,353,8,0.0001172628184053723,0.0002894727153352485,443.1139934583839
1,354,0,-0.03331191360511693,0.0001885677177994638,443.1139934583839
1,354,1,-0.09480976643748822,9.222396405713682e-05,443.1139934583839
1,354,2,-0.14395505170479514,6.63788700036536e-05,443.1139934583839
1,354,3,-0.08641967976690511,5.567506251117753e-05,443.1139934583839
1,354,4,0.10633805807794972,5.014887842209857e-05,443.1139934583839
1,354,5,0.30934409450457184,4.6865868647066955e-05,443.1139934583839
1,354,6,0.3210831395576776,4.4711350973703265e-05,443.1139934583839
1,354,7,0.05076573055555191,4.318779706748034e-05,443.1139934583839
1,354,8,1.877050372619096,0.0002894727153352485,443.1139934583839
1,355,0,8.146826759331423e-06,0.0001885677177994638,443.1139934583839
1,355,1,1.829328718875447e-05,9.222396405713682e-05,443.1139934583839
1,355,2,2.8413443511933285e-05,6.63788700036536e-05,443.1139934583839
1,355,3,3.060969602900222e-05,5.567506251117753e-05,443.1139934583839
1,355,4,1.8358923664921427e-05,5.014887842209857e-05,443.1139934583839
1,355,5,-1.5247845068056581e-05,4.6865868647066955e-05,443.1139934583839
1,355,6,-5.1913840311970515e-05,4.4711350973703265e-05,443.1139934583839
1,355,7,-7.0509472116759e-05,4.318779706748034e-05,443.1139934583839
1,355,8,9.130173062056661e-05,0.0002894727153352485,443.1139934583839
1,356,0,-0.03353678981648059,0.0001885677177994638,443.1139934583839
1,356,1,-0.09518544403624714,9.222396405713682e-05,443.1139934583839
1,356,2,-0.14343377427342766,6.63788700036536e-05,443.1139934583839
1,356,3,-0.08330645677868821,5.567506251117753e-05,443.1139934583839
1,356,4,0.11146949640554178,5.014887842209857e-05,443.1139934583839
1,356,5,0.31144997294899823,4.6865868647066955e-05,443.1139934583839
1,356,6,0.31381186383950616,4.4711350973703265e-05,443.1139934583839
1,356,7,0.03442895268197193,4.318779706748034e-05,443.1139934583839
1,356,8,1.8225369108041833,0.0002894727153352485,443.1139934583839
1,357,0,8.152634437728758e-06,0.0001885677177994638,443.1139934583839
1,357,1,1.827492783828035e-05,9.222396405713682e-05,443.1139934583839
1,357,2,2.826170340563103e-05,6.63788700036536e-05,443.1139934583839
1,357,3,3.0176497672362377e-05,5.567506251117753e-05,443.1139934583839
1,357,4,1.770171792509317e-05,5.014887842209857e-05,443.1139934583839
1,357,5,-1.571963366100711e-05,4.6865868647066955e-05,443.1139934583839
1,357,6,-5.132271491050494e-05,4.4711350973703265e-05,443.1139934583839
1,357,7,-6.841090319125175e-05,4.318779706748034e-05,443.1139934583839
1,357,8,6.908280371606942e-05,0.0002894727153352485,443.1139934583839
1,358,0,-0.03375564805678913,0.0001885677177994638,443.1139934583839
1,358,1,-0.0955476671221113,9.222396405713682e-05,443.1139934583839
1,358,2,-0.1428843554807306,6.63788700036536e-05,443.1139934583839
1,358,3,-0.08016133511760815,5.567506251117753e-05,443.1139934583839
1,358,4,0.1165601774839796,5.014887842209857e-05,443.1139934583839
1,358,5,0.3133511837282095,4.6865868647066955e-05,443.1139934583839
1,358,6,0.3062576649824283,4.4711350973703265e-05,443.1139934583839
1,358,7,0.018106865102145778,4.318779706748034e-05,443.1139934583839
1,358,8,1.7680505123743484,0.0002894727153352485,443.1139934583839
1,359,0,8.156909534368722e-06,0.0001885677177994638,443.1139934583839
1,359,1,1.823547142379472e-05,9.222396405713682e-05,443.1139934583839
1,359,2,2.8049003818471965e-05,6.63788700036536e-05,443.1139934583839
1,359,3,2.9715787379589533e-05,5.567506251117753e-05,443.1139934583839
1,359,4,1.700816286646193e-05,5.014887842209857e-05,443.1139934583839
1,359,5,-1.6103952911236926e-05,4.6865868647066955e-05,443.1139934583839
1,359,6,-5.078486762119573e-05,4.4711350973703265e-05,443.1139934583839
1,359,7,-6.619574629869119e-05,4.318779706748034e-05,443.1139934583839
1,359,8,5.00312534422808e-05,0.0002894727153352485,443.1139934583839
1,360,0,-0.033968592837257706,0.0001885677177994638,443.1139934583839
1,360,1,-0.09589659786404399,9.222396405713682e-05,443.1139934583839
1,360,2,-0.1423070545355231,6.63788700036536e-05,443.1139934583839
1,360,3,-0.07698514276046516,5.567506251117753e-05,443.1139934583839
1,360,4,0.12160791912801325,5.014887842209857e-05,443.1139934583839
1,360,5,0.31504648956712344,4.6865868647066955e-05,443.1139934583839
1,360,6,0.29842757930195196,4.4711350973703265e-05,443.1139934583839
1,360,7,0.0018202406772558212,4.318779706748034e-05,443.1139934583839
1,360,8,1.7136136517600147,0.0002894727153352485,443.1139934583839
1,361,0,8.15378725018121e-06,0.0001885677177994638,443.1139934583839
1,361,1,1.816212138065473e-05,9.222396405713682e-05,443.1139934583839
1,361,2,2.7833606913176663e-05,6.63788700036536e-05,443.1139934583839
1,361,3,2.9231287795801525e-05,5.567506251117753e-05,443.1139934583839
1,361,4,1.636861319556565e-05,5.014887842209857e-05,443.1139934583839
1,361,5,-1.6568548608489198e-05,4.6865868647066955e-05,443.1139934583839
1,361,6,-5.013975338311596e-05,4.4711350973703265e-05,443.1139934583839
1,361,7,-6.412327140882157e-05,4.318779706748034e-05,443.1139934583839
1,361,8,3.3843676988017174e-05,0.0002894727153352485,443.1139934583839
1,362,0,-0.0341814570087731,0.0001885677177994638,443.1139934583839
1,362,1,-0.09624387598429908,9.222396405713682e-05,443.1139934583839
1,362,2,-0.1417173374630883,6.63788700036536e-05,443.1139934583839
1,362,3,-0.07379560724399867,5.567506251117753e-05,443.1139934583839
1,362,4,0.1265933622609639,5.014887842209857e-05,443.1139934583839
1,362,5,0.3165178864282623,4.6865868647066955e-05,443.1139934583839
1,362,6,0.2903130023777043,4.4711350973703265e-05,443.1139934583839
1,362,7,-0.01442486000243039,4.318779706748034e-05,443.1139934583839
1,362,8,1.6592506334898784,0.0002894727153352485,443.1139934583839
1,363,0,8.138513561991626e-06,0.0001885677177994638,443.1139934583839
1,363,1,1.8087289123328833e-05,9.222396405713682e-05,443.1139934583839
1,363,2,2.7604762147298938e-05,6.63788700036536e-05,443.1139934583839
1,363,3,2.8782763130643628e-05,5.567506251117753e-05,443.1139934583839
1,363,4,1.5780778974857252e-05,5.014887842209857e-05,443.1139934583839
1,363,5,-1.6736610970029537e-05,4.6865868647066955e-05,443.1139934583839
1,363,6,-4.940793980966741e-05,4.4711350973703265e-05,443.1139934583839
1,363,7,-6.191787182811259e-05,4.318779706748034e-05,443.1139934583839
1,363,8,2.0294689103893582e-05,0.0002894727153352485,443.1139934583839
1,364,0,-0.034397845166863394,0.0001885677177994638,443.1139934583839
1,364,1,-0.09659674218969673,9.222396405713682e-05,443.1139934583839
1,364,2,-0.14112468938499165,6.63788700036536e-05,443.1139934583839
1,364,3,-0.07060390285901916,5.567506251117753e-05,443.1139934583839
1,364,4,0.13150390923215405,5.014887842209857e-05,443.1139934583839
1,364,5,0.31775403995181906,4.6865868647066955e-05,443.1139934583839
1,364,6,0.2819117939435412,4.4711350973703265e-05,443.1139934583839
1,364,7,-0.030616818977201345,4.318779706748034e-05,443.1139934583839
1,364,8,1.6049871877054378,0.0002894727153352485,443.1139934583839
1,365,0,8.123732919370366e-06,0.0001885677177994638,443.1139934583839
1,365,1,1.801986496908304e-05,9.222396405713682e-05,443.1139934583839
1,365,2,2.7338252795249233e-05,6.63788700036536e-05,443.1139934583839
1,365,3,2.8323622880130564e-05,5.567506251117753e-05,443.1139934583839
1,365,4,1.5205011440764974e-05,5.014887842209857e-05,443.1139934583839
1,365,5,-1.7042366043517546e-05,4.6865868647066955e-05,443.1139934583839
1,365,6,-4.864631921880845e-05,4.4711350973703265e-05,443.1139934583839
1,365,7,-5.9808077732949594e-05,4.318779706748034e-05,443.1139934583839
1,365,8,8.540623517841343e-06,0.0002894727153352485,443.1139934583839
1,366,0,-0.03461431225328865,0.0001885677177994638,443.1139934583839
1,366,1,-0.09694832193565207,9.222396405713682e-05,443.1139934583839
1,366,2,-0.14052011684677196,6.63788700036536e-05,443.1139934583839
1,366,3,-0.0674003975320616,5.567506251117753e-05,443.1139934583839
1,366,4,0.13634803949504265,5.014887842209857e-05,443.1139934583839
1,366,5,0.31876441101300446,4.6865868647066955e-05,443.1139934583839
1,366,6,0.273241465142038,4.4711350973703265e-05,443.1139934583839
1,366,7,-0.04672580821858759,4.318779706748034e-05,443.1139934583839
1,366,8,1.5508500227257933,0.0002894727153352485,443.1139934583839
1,367,0,8.103275627152893e-06,0.0001885677177994638,443.1139934583839
1,367,1,1.792047542363979e-05,9.222396405713682e-05,443.1139934583839
1,367,2,2.7122283579733682e-05,6.63788700036536e-05,443.1139934583839
1,367,3,2.7799860546348847e-05,5.567506251117753e-05,443.1139934583839
1,367,4,1.4611847382412406e-05,5.014887842209857e-05,443.1139934583839
1,367,5,-1.7265776249418092e-05,4.6865868647066955e-05,443.1139934583839
1,367,6,-4.791742169734653e-05,4.4711350973703265e-05,443.1139934583839
1,367,7,-5.7738769403983506e-05,4.318779706748034e-05,443.1139934583839
1,367,8,-1.8650045609610994e-06,0.0002894727153352485,443.1139934583839
1,368,0,-0.03482766064919958,0.0001885677177994638,443.1139934583839
1,368,1,-0.09729224103382014,9.222396405713682e-05,443.1139934583839
1,368,2,-0.13989527929152681,6.63788700036536e-05,443.1139934583839
1,368,3,-0.06417643867158056,5.567506251117753e-05,443.1139934583839
1,368,4,0.14113355692731253,5.014887842209857e-05,443.1139934583839
1,368,5,0.31955781664679134,4.6865868647066955e-05,443.1139934583839
1,368,6,0.26431922503889294,4.4711350973703265e-05,443.1139934583839
1,368,7,-0.06272299207004498,4.318779706748034e-05,443.1139934583839
1,368,8,1.4968668071180657,0.0002894727153352485,443.1139934583839
1,369,0,8.103184987484491e-06,0.0001885677177994638,443.1139934583839
1,369,1,1.7870414166041073e-05,9.222396405713682e-05,443.1139934583839
1,369,2,2.6914155632215154e-05,6.63788700036536e-05,443.1139934583839
1,369,3,2.7458200320191984e-05,5.567506251117753e-05,443.1139934583839
1,369,4,1.4051439550555836e-05,5.014887842209857e-05,443.1139934583839
1,369,5,-1.7551465903795058e-05,4.6865868647066955e-05,443.1139934583839
1,369,6,-4.7195395959769e-05,4.4711350973703265e-05,443.1139934583839
1,369,7,-5.5573664471832095e-05,4.318779706748034e-05,443.1139934583839
1,369,8,-1.1049896940703939e-05,0.0002894727153352485,443.1139934583839
1,370,0,-0.03503600536472483,0.0001885677177994638,443.1139934583839
1,370,1,-0.09762482849861608,9.222396405713682e-05,443.1139934583839
1,370,2,-0.13924524657196685,6.63788700036536e-05,443.1139934583839
1,370,3,-0.060927133330949484,5.567506251117753e-05,443.1139934583839
1,370,4,0.14586430365330785,5.014887842209857e-05,443.1139934583839
1,370,5,0.3201394012753916,4.6865868647066955e-05,443.1139934583839
1,370,6,0.25515871766529935,4.4711350973703265e-05,443.1139934583839
1,370,7,-0.07858294628912292,4.318779706748034e-05,443.1139934583839
1,370,8,1.4430656635875887,0.0002894727153352485,443.1139934583839
1,371,0,8.082249152091636e-06,0.0001885677177994638,443.1139934583839
1,371,1,1.7808095963953746e-05,9.222396405713682e-05,443.1139934583839
1,371,2,2.6686338817908793e-05,6.63788700036536e-05,443.1139934583839
1,371,3,2.6953785396665077e-05,5.567506251117753e-05,443.1139934583839
1,371,4,1.34698150593903e-05,5.014887842209857e-05,443.1139934583839
1,371,5,-1.7793920530149703e-05,4.6865868647066955e-05,443.1139934583839
1,371,6,-4.642839670345625e-05,4.4711350973703265e-05,443.1139934583839
1,371,7,-5.35306720740931e-05,4.318779706748034e-05,443.1139934583839
1,371,8,-1.9072885613543776e-05,0.0002894727153352485,443.1139934583839
1,372,0,-0.0352392595580877,0.0001885677177994638,443.1139934583839
1,372,1,-0.0979459291181209,9.222396405713682e-05,443.1139934583839
1,372,2,-0.1385699264604281,6.63788700036536e-05,443.1139934583839
1,372,3,-0.05765277004427071,5.567506251117753e-05,443.1139934583839
1,372,4,0.15053868975570664,5.014887842209857e-05,443.1139934583839
1,372,5,0.3205090166879077,4.6865868647066955e-05,443.1139934583839
1,372,6,0.24576882731812955,4.4711350973703265e-05,443.1139934583839
1,372,7,-0.09428498400249534,4.318779706748034e-05,443.1139934583839
1,372,8,1.3894749191826192,0.0002894727153352485,443.1139934583839
1,373,0,8.06433802984682e-06,0.0001885677177994638,443.1139934583839
1,373,1,1.7722636726614536e-05,9.222396405713682e-05,443.1139934583839
1,373,2,2.6480817132695547e-05,6.63788700036536e-05,443.1139934583839
1,373,3,2.65378801586946e-05,5.567506251117753e-05,443.1139934583839
1,373,4,1.2936108013257566e-05,5.014887842209857e-05,443.1139934583839
1,373,5,-1.800987417000068e-05,4.6865868647066955e-05,443.1139934583839
1,373,6,-4.5671115903204274e-05,4.4711350973703265e-05,443.1139934583839
1,373,7,-5.143882396147747e-05,4.318779706748034e-05,443.1139934583839
1,373,8,-2.5886126916434155e-05,0.0002894727153352485,443.1139934583839
1,374,0,-0.03544231201224613,0.0001885677177994638,443.1139934583839
1,374,1,-0.09826521730854883,9.222396405713682e-05,443.1139934583839
1,374,2,-0.137882141592651,6.63788700036536e-05,443.1139934583839
1,374,3,-0.054368252589784935,5.567506251117753e-05,443.1139934583839
1,374,4,0.15514044780339192,5.014887842209857e-05,443.1139934583839
1,374,5,0.3206522700523101,4.6865868647066955e-05,443.1139934583839
1,374,6,0.2361450740430197,4.4711350973703265e-05,443.1139934583839
1,374,7,-0.10982125823755513,4.318779706748034e-05,443.1139934583839
1,374,8,1.336123478179613,0.0002894727153352485,443.1139934583839
1,375,0,8.042019809172993e-06,0.0001885677177994638,443.1139934583839
1,375,1,1.7615469629038477e-05,9.222396405713682e-05,443.1139934583839
1,375,2,2.620509057615442e-05,6.63788700036536e-05,443.1139934583839
1,375,3,2.6069263654450757e-05,5.567506251117753e-05,443.1139934583839
1,375,4,1.2417364679171797e-05,5.014887842209857e-05,443.1139934583839
1,375,5,-1.808447308815463e-05,4.6865868647066955e-05,443.1139934583839
1,375,6,-4.47956900424125e-05,4.4711350973703265e-05,443.1139934583839
1,375,7,-4.9433705328195486e-05,4.318779706748034e-05,443.1139934583839
1,375,8,-3.1473482078555096e-05,0.0002894727153352485,443.1139934583839
1,376,0,-0.03564816327149798,0.0001885677177994638,443.1139934583839
1,376,1,-0.09858871789500123,9.222396405713682e-05,443.1139934583839
1,376,2,-0.13718984260213735,6.63788700036536e-05,443.1139934583839
1,376,3,-0.051082992579906915,5.567506251117753e-05,443.1139934583839
1,376,4,0.15965884556984494,5.014887842209857e-05,443.1139934583839
1,376,5,0.3205604070710706,4.6865868647066955e-05,443.1139934583839
1,376,6,0.22628827676584454,4.4711350973703265e-05,443.1139934583839
1,376,7,-0.12517931936525964,4.318779706748034e-05,443.1139934583839
1,376,8,1.2830405000242417,0.0002894727153352485,443.1139934583839
1,377,0,8.011573544623898e-06,0.0001885677177994638,443.1139934583839
1,377,1,1.7528505292625736e-05,9.222396405713682e-05,443.1139934583839
1,377,2,2.5983755344409963e-05,6.63788700036536e-05,443.1139934583839
1,377,3,2.567485098283167e-05,5.567506251117753e-05,443.1139934583839
1,377,4,1.1962673879095268e-05,5.014887842209857e-05,443.1139934583839
1,377,5,-1.8220104809070506e-05,4.6865868647066955e-05,443.1139934583839
1,377,6,-4.39448528129058e-05,4.4711350973703265e-05,443.1139934583839
1,377,7,-4.740977947452777e-05,4.318779706748034e-05,443.1139934583839
1,377,8,-3.629936170797383e-05,0.0002894727153352485,443.1139934583839
1,378,0,-0.03585387486739569,0.0001885677177994638,443.1139934583839
1,378,1,-0.09891060683880423,9.222396405713682e-05,443.1139934583839
1,378,2,-0.13648537727100948,6.63788700036536e-05,443.1139934583839
1,378,3,-0.047789024588212596,5.567506251117753e-05,443.1139934583839
1,378,4,0.1641009128918182,5.014887842209857e-05,443.1139934583839
1,378,5,0.3202420244641079,4.6865868647066955e-05,443.1139934583839
1,378,6,0.21621578210520273,4.4711350973703265e-05,443.1139934583839
1,378,7,-0.14033189307574467,4.318779706748034e-05,443.1139934583839
1,378,8,1.2302550579931915,0.0002894727153352485,443.1139934583839
1,379,0,7.992078474075056e-06,0.0001885677177994638,443.1139934583839
1,379,1,1.7434519836244684e-05,9.222396405713682e-05,443.1139934583839
1,379,2,2.5737904655953865e-05,6.63788700036536e-05,443.1139934583839
1,379,3,2.523594226293247e-05,5.567506251117753e-05,443.1139934583839
1,379,4,1.1467319793002479e-05,5.014887842209857e-05,443.1139934583839
1,379,5,-1.8277286446259993e-05,4.6865868647066955e-05,443.1139934583839
1,379,6,-4.3044646965897545e-05,4.4711350973703265e-05,443.1139934583839
1,379,7,-4.538990754759625e-05,4.318779706748034e-05,443.1139934583839
1,379,8,-4.0562034606077826e-05,0.0002894727153352485,443.1139934583839
1,380,0,-0.036056839955072875,0.0001885677177994638,443.1139934583839
1,380,1,-0.0992257131462936,9.222396405713682e-05,443.1139934583839
1,380,2,-0.1357619208003001,6.63788700036536e-05,443.1139934583839
1,380,3,-0.04447928032824783,5.567506251117753e-05,443.1139934583839
1,380,4,0.16847278586168757,5.014887842209857e-05,443.1139934583839
1,380,5,0.3197048645623235,4.6865868647066955e-05,443.1139934583839
1,380,6,0.20594437007284833,4.4711350973703265e-05,443.1139934583839
1,380,7,-0.1552525411785168,4.318779706748034e-05,443.1139934583839
1,380,8,1.177796440606381,0.0002894727153352485,443.1139934583839
1,381,0,7.952645583510867e-06,0.0001885677177994638,443.1139934583839
1,381,1,1.7331587065957635e-05,9.222396405713682e-05,443.1139934583839
1,381,2,2.5484455541728083e-05,6.63788700036536e-05,443.1139934583839
1,381,3,2.4786244036168527e-05,5.567506251117753e-05,443.1139934583839
1,381,4,1.095185858254685e-05,5.014887842209857e-05,443.1139934583839
1,381,5,-1.8422840074549218e-05,4.6865868647066955e-05,443.1139934583839
1,381,6,-4.2290373664569925e-05,4.4711350973703265e-05,443.1139934583839
1,381,7,-4.3533944170743804e-05,4.318779706748034e-05,443.1139934583839
1,381,8,-4.428257296037999e-05,0.0002894727153352485,443.1139934583839
1,382,0,-0.03625554626171469,0.0001885677177994638,443.1139934583839
1,382,1,-0.09953104712453956,9.222396405713682e-05,443.1139934583839
1,382,2,-0.13501560430331172,6.63788700036536e-05,443.1139934583839
1,382,3,-0.041150029792779846,5.567506251117753e-05,443.1139934583839
1,382,4,0.1727772517925313,5.014887842209857e-05,443.1139934583839
1,382,5,0.31895384417504713,4.6865868647066955e-05,443.1139934583839
1,382,6,0.1954878938190717,4.4711350973703265e-05,443.1139934583839
1,382,7,-0.16991817873997764,4.318779706748034e-05,443.1139934583839
1,382,8,1.1256938624435169,0.0002894727153352485,443.1139934583839
1,383,0,7.949074371692567e-06,0.0001885677177994638,443.1139934583839
1,383,1,1.727148380504513e-05,9.222396405713682e-05,443.1139934583839
1,383,2,2.531364958920296e-05,6.63788700036536e-05,443.1139934583839
1,383,3,2.4442008640926737e-05,5.567506251117753e-05,443.1139934583839
1,383,4,1.0538411339872903e-05,5.014887842209857e-05,443.1139934583839
1,383,5,-1.8533904240009025e-05,4.6865868647066955e-05,443.1139934583839
1,383,6,-4.1344364044145255e-05,4.4711350973703265e-05,443.1139934583839
1,383,7,-4.145127856289144e-05,4.318779706748034e-05,443.1139934583839
1,383,8,-4.743940724975389e-05,0.0002894727153352485,443.1139934583839
1,384,0,-0.03644996898655865,0.0001885677177994638,443.1139934583839
1,384,1,-0.09982657338763891,9.222396405713682e-05,443.1139934583839
1,384,2,-0.1342464205215106,6.63788700036536e-05,443.1139934583839
1,384,3,-0.03780178315309682,5.567506251117753e-05,443.1139934583839
1,384,4,0.1770127626423608,5.014887842209857e-05,443.1139934583839
1,384,5,0.3179893509118314,4.6865868647066955e-05,443.1139934583839
1,384,6,0.18485621830512006,4.4711350973703265e-05,443.1139934583839
1,384,7,-0.18430972916046529,4.318779706748034e-05,443.1139934583839
1,384,8,1.0739764026371823,0.0002894727153352485,443.1139934583839
1,385,0,7.901746300042877e-06,0.0001885677177994638,443.1139934583839
1,385,1,1.7151527492206557e-05,9.222396405713682e-05,443.1139934583839
1,385,2,2.5044815887320127e-05,6.63788700036536e-05,443.1139934583839
1,385,3,2.3960227175222872e-05,5.567506251117753e-05,443.1139934583839
1,385,4,1.0008291742772948e-05,5.014887842209857e-05,443.1139934583839
1,385,5,-1.8580137945851846e-05,4.6865868647066955e-05,443.1139934583839
1,385,6,-4.054136899811222e-05,4.4711350973703265e-05,443.1139934583839
1,385,7,-3.963867978574899e-05,4.318779706748034e-05,443.1139934583839
1,385,8,-4.998879378366268e-05,0.0002894727153352485,443.1139934583839
1,386,0,-0.036644331592207875,0.0001885677177994638,443.1139934583839
1,386,1,-0.10012071312020347,9.222396405713682e-05,443.1139934583839
1,386,2,-0.1334654618992149,6.63788700036536e-05,443.1139934583839
1,386,3,-0.03444748530771325,5.567506251117753e-05,443.1139934583839
1,386,4,0.18116508864060354,5.014887842209857e-05,443.1139934583839
1,386,5,0.3167996069859855,4.6865868647066955e-05,443.1139934583839
1,386,6,0.17404782104688618,4.4711350973703265e-05,443.1139934583839
1,386,7,-0.19841909304985242,4.318779706748034e-05,443.1139934583839
1,386,8,1.0226733766731235,0.0002894727153352485,443.1139934583839
1,387,0,7.886326984208512e-06,0.0001885677177994638,443.1139934583839
1,387,1,1.7069495610143713e-05,9.222396405713682e-05,443.1139934583839
1,387,2,2.4818665582433516e-05,6.63788700036536e-05,443.1139934583839
1,387,3,2.3614330525603765e-05,5.567506251117753e-05,443.1139934583839
1,387,4,9.66353941058567e-06,5.014887842209857e-05,443.1139934583839
1,387,5,-1.8535546591939273e-05,4.6865868647066955e-05,443.1139934583839
1,387,6,-3.954542483999927e-05,4.4711350973703265e-05,443.1139934583839
1,387,7,-3.769555568428983e-05,4.318779706748034e-05,443.1139934583839
1,387,8,-5.187128152438846e-05,0.0002894727153352485,443.1139934583839
1,388,0,-0.03684088619940597,0.0001885677177994638,443.1139934583839
1,388,1,-0.10041795192555666,9.222396405713682e-05,443.1139934583839
1,388,2,-0.1326786891558543,6.63788700036536e-05,443.1139934583839
1,388,3,-0.031094360593861885,5.567506251117753e-05,443.1139934583839
1,388,4,0.1852258371613483,5.014887842209857e-05,443.1139934583839
1,388,5,0.3153789031270424,4.6865868647066955e-05,443.1139934583839
1,388,6,0.16306673149816928,4.4711350973703265e-05,443.1139934583839
1,388,7,-0.2122336048884444,4.318779706748034e-05,443.1139934583839
1,388,8,0.9718138830869091,0.0002894727153352485,443.1139934583839
1,389,0,7.833277253969948e-06,0.0001885677177994638,443.1139934583839
1,389,1,1.6934218819200028e-05,9.222396405713682e-05,443.1139934583839
1,389,2,2.4542236302942677e-05,6.63788700036536e-05,443.1139934583839
1,389,3,2.3164632827065256e-05,5.567506251117753e-05,443.1139934583839
1,389,4,9.227448833104663e-06,5.014887842209857e-05,443.1139934583839
1,389,5,-1.8579632368603587e-05,4.6865868647066955e-05,443.1139934583839
1,389,6,-3.8702683774102155e-05,4.4711350973703265e-05,443.1139934583839
1,389,7,-3.594516773565891e-05,4.318779706748034e-05,443.1139934583839
1,389,8,-5.342380378208349e-05,0.0002894727153352485,443.1139934583839
1,390,0,-0.037036734705923925,0.0001885677177994638,443.1139934583839
1,390,1,-0.10071254870749831,9.222396405713682e-05,443.1139934583839
1,390,2,-0.13187862121629118,6.63788700036536e-05,443.1139934583839
1,390,3,-0.02773459995921795,5.567506251117753e-05,443.1139934583839
1,390,4,0.18920205464066703,5.014887842209857e-05,443.1139934583839
1,390,5,0.3137363411126836,4.6865868647066955e-05,443.1139934583839
1,390,6,0.15193120464888996,4.4711350973703265e-05,443.1139934583839
1,390,7,-0.22572779894214157,4.318779706748034e-05,443.1139934583839
1,390,8,0.9214264388431536,0.0002894727153352485,443.1139934583839
1,391,0,7.815121362231002e-06,0.0001885677177994638,443.1139934583839
1,391,1,1.6853624329978225e-05,9.222396405713682e-05,443.1139934583839
1,391,2,2.4360948670350464e-05,6.63788700036536e-05,443.1139934583839
1,391,3,2.2830299656279228e-05,5.567506251117753e-05,443.1139934583839
1,391,4,8.860012049823053e-06,5.014887842209857e-05,443.1139934583839
1,391,5,-1.848594732490134e-05,4.6865868647066955e-05,443.1139934583839
1,391,6,-3.770993057378893e-05,4.4711350973703265e-05,443.1139934583839
1,391,7,-3.4085908801011994e-05,4.318779706748034e-05,443.1139934583839
1,391,8,-5.4699003391834874e-05,0.0002894727153352485,443.1139934583839
1,392,0,-0.03722966597355076,0.0001885677177994638,443.1139934583839
1,392,1,-0.10100012982011727,9.222396405713682e-05,443.1139934583839
1,392,2,-0.1310594748723809,6.63788700036536e-05,443.1139934583839
1,392,3,-0.024362354071729254,5.567506251117753e-05,443.1139934583839
1,392,4,0.1930988539896795,5.014887842209857e-05,443.1139934583839
1,392,5,0.31187942123567247,4.6865868647066955e-05,443.1139934583839
1,392,6,0.1406579019124578,4.4711350973703265e-05,443.1139934583839
1,392,7,-0.2388784526980131,4.318779706748034e-05,443.1139934583839
1,392,8,0.8715394375279225,0.0002894727153352485,443.1139934583839
1,393,0,7.76360043535409e-06,0.0001885677177994638,443.1139934583839
1,393,1,1.6727470120349165e-05,9.222396405713682e-05,443.1139934583839
1,393,2,2.4075025129450244e-05,6.63788700036536e-05,443.1139934583839
1,393,3,2.2372917257726204e-05,5.567506251117753e-05,443.1139934583839
1,393,4,8.36456083898694e-06,5.014887842209857e-05,443.1139934583839
1,393,5,-1.8614298185972565e-05,4.6865868647066955e-05,443.1139934583839
1,393,6,-3.693581228125216e-05,4.4711350973703265e-05,443.1139934583839
1,393,7,-3.2347651481212144e-05,4.318779706748034e-05,443.1139934583839
1,393,8,-5.572839783593856e-05,0.0002894727153352485,443.1139934583839
1,394,0,-0.03741825111201393,0.0001885677177994638,443.1139934583839
1,394,1,-0.10127786705159052,9.222396405713682e-05,443.1139934583839
1,394,2,-0.1302175195228001,6.63788700036536e-05,443.1139934583839
1,394,3,-0.0209740421105903,5.567506251117753e-05,443.1139934583839
1,394,4,0.1969189326282071,5.014887842209857e-05,443.1139934583839
1,394,5,0.3098133884151929,4.6865868647066955e-05,443.1139934583839
1,394,6,0.1292613686789593,4.4711350973703265e-05,443.1139934583839
1,394,7,-0.25166471465867646,4.318779706748034e-05,443.1139934583839
1,394,8,0.8221808946905023,0.0002894727153352485,443.1139934583839
1,395,0,7.76029802923837e-06,0.0001885677177994638,443.1139934583839
1,395,1,1.6675207046182857e-05,9.222396405713682e-05,443.1139934583839
1,395,2,2.3915788051551502e-05,6.63788700036536e-05,443.1139934583839
1,395,3,2.2059160109141043e-05,5.567506251117753e-05,443.1139934583839
1,395,4,8.046893200019507e-06,5.014887842209857e-05,443.1139934583839
1,395,5,-1.8489350688459045e-05,4.6865868647066955e-05,443.1139934583839
1,395,6,-3.590249273632823e-05,4.4711350973703265e-05,443.1139934583839
1,395,7,-3.0483037288056953e-05,4.318779706748034e-05,443.1139934583839
1,395,8,-5.642651764153588e-05,0.0002894727153352485,443.1139934583839
1,396,0,-0.03760256587702929,0.0001885677177994638,443.1139934583839
1,396,1,-0.10154595149351009,9.222396405713682e-05,443.1139934583839
1,396,2,-0.12935310071336995,6.63788700036536e-05,443.1139934583839
1,396,3,-0.01757059879176525,5.567506251117753e-05,443.1139934583839
1,396,4,0.2006604041820606,5.014887842209857e-05,443.1139934583839
1,396,5,0.307539079259299,4.6865868647066955e-05,443.1139934583839
1,396,6,0.11775204579885466,4.4711350973703265e-05,443.1139934583839
1,396,7,-0.2640699139832137,4.318779706748034e-05,443.1139934583839
1,396,8,0.7733785133426604,0.0002894727153352485,443.1139934583839
1,397,0,7.702335552444278e-06,0.0001885677177994638,443.1139934583839
1,397,1,1.655020343162742e-05,9.222396405713682e-05,443.1139934583839
1,397,2,2.3669114176177684e-05,6.63788700036536e-05,443.1139934583839
1,397,3,2.1638518764463175e-05,5.567506251117753e-05,443.1139934583839
1,397,4,7.634241260125742e-06,5.014887842209857e-05,443.1139934583839
1,397,5,-1.851978837617384e-05,4.6865868647066955e-05,443.1139934583839
1,397,6,-3.506118040008634e-05,4.4711350973703265e-05,443.1139934583839
1,397,7,-2.883745627850913e-05,4.318779706748034e-05,443.1139934583839
1,397,8,-5.680272026400615e-05,0.0002894727153352485,443.1139934583839
1,398,0,-0.03778684491019216,0.0001885677177994638,443.1139934583839
1,398,1,-0.10181277833236729,9.222396405713682e-05,443.1139934583839
1,398,2,-0.1284772755648598,6.63788700036536e-05,443.1139934583839
1,398,3,-0.0141649612718523,5.567506251117753e-05,443.1139934583839
1,398,4,0.20430924767180436,5.014887842209857e-05,443.1139934583839
1,398,5,0.3050456432048387,4.6865868647066955e-05,443.1139934583839
1,398,6,0.10612939328709245,4.4711350973703265e-05,443.1139934583839
1,398,7,-0.27608832062892097,4.318779706748034e-05,443.1139934583839
1,398,8,0.7251601356207533,0.0002894727153352485,443.1139934583839
1,399,0,7.677654255874232e-06,0.0001885677177994638,443.1139934583839
1,399,1,1.6431593470247804e-05,9.222396405713682e-05,443.1139934583839
1,399,2,2.3399287575324902e-05,6.63788700036536e-05,443.1139934583839
1,399,3,2.127290005571169e-05,5.567506251117753e-05,443.1139934583839
1,399,4,7.301812658100773e-06,5.014887842209857e-05,443.1139934583839
1,399,5,-1.838908577808527e-05,4.6865868647066955e-05,443.1139934583839
1,399,6,-3.4105396658982325e-05,4.4711350973703265e-05,443.1139934583839
1,399,7,-2.7150388247219356e-05,4.318779706748034e-05,443.1139934583839
1,399,8,-5.678808333315251e-05,0.0002894727153352485,443.1139934583839
1,400,0,-0.03797300448111307,0.0001885677177994638,443.1139934583839
1,400,1,-0.10208219803861102,9.222396405713682e-05,443.1139934583839
1,400,2,-0.12759518091171204,6.63788700036536e-05,443.1139934583839
1,400,3,-0.010763429133065128,5.567506251117753e-05,443.1139934583839
1,400,4,0.20785826139135247,5.014887842209857e-05,443.1139934583839
1,400,5,0.30232884486278083,4.6865868647066955e-05,443.1139934583839
1,400,6,0.09439903892080208,4.4711350973703265e-05,443.1139934583839
1,400,7,-0.28770892086692806,4.318779706748034e-05,443.1139934583839
1,400,8,0.6775529747578838,0.0002894727153352485,443.1139934583839
1,401,0,7.6190475545605365e-06,0.0001885677177994638,443.1139934583839
1,401,1,1.632142947444605e-05,9.222396405713682e-05,443.1139934583839
1,401,2,2.3194071167105536e-05,6.63788700036536e-05,443.1139934583839
1,401,3,2.09222556684454e-05,5.567506251117753e-05,443.1139934583839
1,401,4,6.96057711862371e-06,5.014887842209857e-05,443.1139934583839
1,401,5,-1.827326959966781e-05,4.6865868647066955e-05,443.1139934583839
1,401,6,-3.315293709987528e-05,4.4711350973703265e-05,443.1139934583839
1,401,7,-2.554596066132937e-05,4.318779706748034e-05,443.1139934583839
1,401,8,-5.6617347296269986e-05,0.0002894727153352485,443.1139934583839
1,402,0,-0.03815816999866331,0.0001885677177994638,443.1139934583839
1,402,1,-0.10234850744099735,9.222396405713682e-05,443.1139934583839
1,402,2,-0.126699343378393,6.63788700036536e-05,443.1139934583839
1,402,3,-0.007358249269334109,5.567506251117753e-05,443.1139934583839
1,402,4,0.21131449982197578,5.014887842209857e-05,443.1139934583839
1,402,5,0.2993986195773539,4.6865868647066955e-05,443.1139934583839
1,402,6,0.08257997653797,4.4711350973703265e-05,443.1139934583839
1,402,7,-0.2989088820142767,4.318779706748034e-05,443.1139934583839
1,402,8,0.6305833247938429,0.0002894727153352485,443.1139934583839
1,403,0,7.602699840354469e-06,0.0001885677177994638,443.1139934583839
1,403,1,1.6219196193615016e-05,9.222396405713682e-05,443.1139934583839
1,403,2,2.2959545133314074e-05,6.63788700036536e-05,443.1139934583839
1,403,3,2.0570847432395576e-05,5.567506251117753e-05,443.1139934583839
1,403,4,6.656774623874912e-06,5.014887842209857e-05,443.1139934583839
1,403,5,-1.816778878480746e-05,4.6865868647066955e-05,443.1139934583839
1,403,6,-3.2213873281964474e-05,4.4711350973703265e-05,443.1139934583839
1,403,7,-2.39447988804832e-05,4.318779706748034e-05,443.1139934583839
1,403,8,-5.630460853409383e-05,0.0002894727153352485,443.1139934583839
1,404,0,-0.03834045638828578,0.0001885677177994638,443.1139934583839
1,404,1,-0.10260795770262003,9.222396405713682e-05,443.1139934583839
1,404,2,-0.12578481742445002,6.63788700036536e-05,443.1139934583839
1,404,3,-0.003944463389193425,5.567506251117753e-05,443.1139934583839
1,404,4,0.21468218601680616,5.014887842209857e-05,443.1139934583839
1,404,5,0.2962622056390256,4.6865868647066955e-05,443.1139934583839
1,404,6,0.07068869030254886,4.4711350973703265e-05,443.1139934583839
1,404,7,-0.30966851544631824,4.318779706748034e-05,443.1139934583839
1,404,8,0.584277180442648,0.0002894727153352485,443.1139934583839
1,405,0,7.545280809658904e-06,0.0001885677177994638,443.1139934583839
1,405,1,1.6102792502781406e-05,9.222396405713682e-05,443.1139934583839
1,405,2,2.2729328008600525e-05,6.63788700036536e-05,443.1139934583839
1,405,3,2.016086232914816e-05,5.567506251117753e-05,443.1139934583839
1,405,4,6.283684321095942e-06,5.014887842209857e-05,443.1139934583839
1,405,5,-1.810641778588809e-05,4.6865868647066955e-05,443.1139934583839
1,405,6,-3.134531779073856e-05,4.4711350973703265e-05,443.1139934583839
1,405,7,-2.2377039988392398e-05,4.318779706748034e-05,443.1139934583839
1,405,8,-5.587726593942879e-05,0.0002894727153352485,443.1139934583839
1,406,0,-0.03851855564328397,0.0001885677177994638,443.1139934583839
1,406,1,-0.10285799725689435,9.222396405713682e-05,443.1139934583839
1,406,2,-0.12484830434304708,6.63788700036536e-05,443.1139934583839
1,406,3,-0.000519033410207012,5.567506251117753e-05,443.1139934583839
1,406,4,0.21796376799787162,5.014887842209857e-05,443.1139934583839
1,406,5,0.2929251098845929,4.6865868647066955e-05,443.1139934583839
1,406,6,0.05873990752836414,4.4711350973703265e-05,443.1139934583839
1,406,7,-0.3199702383334586,4.318779706748034e-05,443.1139934583839
1,406,8,0.5386599819364913,0.0002894727153352485,443.1139934583839
1,407,0,7.5228623153131635e-06,0.0001885677177994638,443.1139934583839
1,407,1,1.6007474449680255e-05,9.222396405713682e-05,443.1139934583839
1,407,2,2.2524840010074164e-05,6.63788700036536e-05,443.1139934583839
1,407,3,1.986452461521603e-05,5.567506251117753e-05,443.1139934583839
1,407,4,5.980654540085997e-06,5.014887842209857e-05,443.1139934583839
1,407,5,-1.7961325970813316e-05,4.6865868647066955e-05,443.1139934583839
1,407,6,-3.0351167172800052e-05,4.4711350973703265e-05,443.1139934583839
1,407,7,-2.0768516383906916e-05,4.318779706748034e-05,443.1139934583839
1,407,8,-5.525909819326366e-05,0.0002894727153352485,443.1139934583839
1,408,0,-0.03869330753200085,0.0001885677177994638,443.1139934583839
1,408,1,-0.10310031659312073,9.222396405713682e-05,443.1139934583839
1,408,2,-0.12389201666171155,6.63788700036536e-05,443.1139934583839
1,408,3,0.0029149275511209174,5.567506251117753e-05,443.1139934583839
1,408,4,0.2211553688895173,5.014887842209857e-05,443.1139934583839
1,408,5,0.2893869018375147,4.6865868647066955e-05,443.1139934583839
1,408,6,0.04674277201036014,4.4711350973703265e-05,443.1139934583839
1,408,7,-0.329802175263353,4.318779706748034e-05,443.1139934583839
1,408,8,0.4937568127163889,0.0002894727153352485,443.1139934583839
1,409,0,7.470980323814423e-06,0.0001885677177994638,443.1139934583839
1,409,1,1.5905226038489525e-05,9.222396405713682e-05,443.1139934583839
1,409,2,2.228755360740116e-05,6.63788700036536e-05,443.1139934583839
1,409,3,1.949361618080068e-05,5.567506251117753e-05,443.1139934583839
1,409,4,5.659135084876586e-06,5.014887842209857e-05,443.1139934583839
1,409,5,-1.787349633303557e-05,4.6865868647066955e-05,443.1139934583839
1,409,6,-2.949094435009692e-05,4.4711350973703265e-05,443.1139934583839
1,409,7,-1.933574601397857e-05,4.318779706748034e-05,443.1139934583839
1,409,8,-5.4456174592371175e-05,0.0002894727153352485,443.1139934583839
1,410,0,-0.03886835417444495,0.0001885677177994638,443.1139934583839
1,410,1,-0.10334213915080641,9.222396405713682e-05,443.1139934583839
1,410,2,-0.12292554700492163,6.63788700036536e-05,443.1139934583839
1,410,3,0.0063462252815507285,5.567506251117753e-05,443.1139934583839
1,410,4,0.22424483336236273,5.014887842209857e-05,443.1139934583839
1,410,5,0.2856390762800079,4.6865868647066955e-05,443.1139934583839
1,410,6,0.03469882020313211,4.4711350973703265e-05,443.1139934583839
1,410,7,-0.3391601692964049,4.318779706748034e-05,443.1139934583839
1,410,8,0.4495926327742945,0.0002894727153352485,443.1139934583839
1,411,0,7.430486131253724e-06,0.0001885677177994638,443.1139934583839
1,411,1,1.5756094074702794e-05,9.222396405713682e-05,443.1139934583839
1,411,2,2.2039116606021693e-05,6.63788700036536e-05,443.1139934583839
1,411,3,1.9142177828598595e-05,5.567506251117753e-05,443.1139934583839
1,411,4,5.375768278335417e-06,5.014887842209857e-05,443.1139934583839
1,411,5,-1.765995948054821e-05,4.6865868647066955e-05,443.1139934583839
1,411,6,-2.8523694281969573e-05,4.4711350973703265e-05,443.1139934583839
1,411,7,-1.7901832584309212e-05,4.318779706748034e-05,443.1139934583839
1,411,8,-5.3473635115813587e-05,0.0002894727153352485,443.1139934583839
1,412,0,-0.039044552270024915,0.0001885677177994638,443.1139934583839
1,412,1,-0.10358518845738278,9.222396405713682e-05,443.1139934583839
1,412,2,-0.12195122787120598,6.63788700036536e-05,443.1139934583839
1,412,3,0.009771647413464524,5.567506251117753e-05,443.1139934583839
1,412,4,0.227228116535488,5.014887842209857e-05,443.1139934583839
1,412,5,0.281681226855544,4.6865868647066955e-05,443.1139934583839
1,412,6,0.022617134570067293,4.4711350973703265e-05,443.1139934583839
1,412,7,-0.34803365223035765,4.318779706748034e-05,443.1139934583839
1,412,8,0.40619146922763505,0.0002894727153352485,443.1139934583839
1,413,0,7.381447681947498e-06,0.0001885677177994638,443.1139934583839
1,413,1,1.566443359784826e-05,9.222396405713682e-05,443.1139934583839
1,413,2,2.1837014505387747e-05,6.63788700036536e-05,443.1139934583839
1,413,3,1.883600593903451e-05,5.567506251117753e-05,443.1139934583839
1,413,4,5.201744205639375e-06,5.014887842209857e-05,443.1139934583839
1,413,5,-1.7454001381765947e-05,4.6865868647066955e-05,443.1139934583839
1,413,6,-2.7597312130505148e-05,4.4711350973703265e-05,443.1139934583839
1,413,7,-1.653802569251067e-05,4.318779706748034e-05,443.1139934583839
1,413,8,-5.242398918438631e-05,0.0002894727153352485,443.1139934583839
1,414,0,-0.039219512846602536,0.0001885677177994638,443.1139934583839
1,414,1,-0.10382476820450026,9.222396405713682e-05,443.1139934583839
1,414,2,-0.12096284384072631,6.63788700036536e-05,443.1139934583839
1,414,3,0.013197480473869063,5.567506251117753e-05,443.1139934583839
1,414,4,0.23011110944977617,5.014887842209857e-05,443.1139934583839
1,414,5,0.2775225955132877,4.6865868647066955e-05,443.1139934583839
1,414,6,0.010515878248763608,4.4711350973703265e-05,443.1139934583839
1,414,7,-0.3564044562701096,4.318779706748034e-05,443.1139934583839
1,414,8,0.3635763277661632,0.0002894727153352485,443.1139934583839
1,415,0,7.335055202728634e-06,0.0001885677177994638,443.1139934583839
1,415,1,1.5525725317124176e-05,9.222396405713682e-05,443.1139934583839
1,415,2,2.1571893079878517e-05,6.63788700036536e-05,443.1139934583839
1,415,3,1.8470725785541185e-05,5.567506251117753e-05,443.1139934583839
1,415,4,4.82890551284318e-06,5.014887842209857e-05,443.1139934583839
1,415,5,-1.7292642522172287e-05,4.6865868647066955e-05,443.1139934583839
1,415,6,-2.6719937491864954e-05,4.4711350973703265e-05,443.1139934583839
1,415,7,-1.5162719892445089e-05,4.318779706748034e-05,443.1139934583839
1,415,8,-5.130976746840797e-05,0.0002894727153352485,443.1139934583839
1,416,0,-0.03939184740185875,0.0001885677177994638,443.1139934583839
1,416,1,-0.10405805710096924,9.222396405713682e-05,443.1139934583839
1,416,2,-0.11995677430085569,6.63788700036536e-05,443.1139934583839
1,416,3,0.01662715682320278,5.567506251117753e-05,443.1139934583839
1,416,4,0.2328967938917103,5.014887842209857e-05,443.1139934583839
1,416,5,0.27316979600121005,4.6865868647066955e-05,443.1139934583839
1,416,6,-0.0015895692566688406,4.4711350973703265e-05,443.1139934583839
1,416,7,-0.3642575402171492,4.318779706748034e-05,443.1139934583839
1,416,8,0.3217696781842563,0.0002894727153352485,443.1139934583839
1,417,0,7.309877563010708e-06,0.0001885677177994638,443.1139934583839
1,417,1,1.5437524413670537e-05,9.222396405713682e-05,443.1139934583839
1,417,2,2.1413816711369134e-05,6.63788700036536e-05,443.1139934583839
1,417,3,1.8204289146783926e-05,5.567506251117753e-05,443.1139934583839
1,417,4,4.647074336465907e-06,5.014887842209857e-05,443.1139934583839
1,417,5,-1.7119168841666397e-05,4.6865868647066955e-05,443.1139934583839
1,417,6,-2.5739259029849015e-05,4.4711350973703265e-05,443.1139934583839
1,417,7,-1.38013898781479e-05,4.318779706748034e-05,443.1139934583839
1,417,8,-5.012351481715491e-05,0.0002894727153352485,443.1139934583839
1,418,0,-0.03956053437754826,0.0001885677177994638,443.1139934583839
1,418,1,-0.1042831404507533,9.222396405713682e-05,443.1139934583839
1,418,2,-0.11893046262751934,6.63788700036536e-05,443.1139934583839
1,418,3,0.02006295660526558,5.567506251117753e-05,443.1139934583839
1,418,4,0.23558674235243135,5.014887842209857e-05,443.1139934583839
1,418,5,0.26862820434299683,4.6865868647066955e-05,443.1139934583839
1,418,6,-0.01368482287389204,4.4711350973703265e-05,443.1139934583839
1,418,7,-0.3715794350042737,4.318779706748034e-05,443.1139934583839
1,418,8,0.28079334988532956,0.0002894727153352485,443.1139934583839
1,419,0,7.2416285577475654e-06,0.0001885677177994638,443.1139934583839
1,419,1,1.5313244779941705e-05,9.222396405713682e-05,443.1139934583839
1,419,2,2.1130323439249405e-05,6.63788700036536e-05,443.1139934583839
1,419,3,1.779300063632986e-05,5.567506251117753e-05,443.1139934583839
1,419,4,4.335972397330292e-06,5.014887842209857e-05,443.1139934583839
1,419,5,-1.6943323684637995e-05,4.6865868647066955e-05,443.1139934583839
1,419,6,-2.491483092872495e-05,4.4711350973703265e-05,443.1139934583839
1,419,7,-1.2539767217308975e-05,4.318779706748034e-05,443.1139934583839
1,419,8,-4.88712530893648e-05,0.0002894727153352485,443.1139934583839
1,420,0,-0.03972699528993217,0.0001885677177994638,443.1139934583839
1,420,1,-0.1045028179418757,9.222396405713682e-05,443.1139934583839
1,420,2,-0.11788764974722002,6.63788700036536e-05,443.1139934583839
1,420,3,0.023500029830427958,5.567506251117753e-05,443.1139934583839
1,420,4,0.238175617676638,5.014887842209857e-05,443.1139934583839
1,420,5,0.2638963510937539,4.6865868647066955e-05,443.1139934583839
1,420,6,-0.02576202457121666,4.4711350973703265e-05,443.1139934583839
1,420,7,-0.37836348311260365,4.318779706748034e-05,443.1139934583839
1,420,8,0.24066879363534896,0.0002894727153352485,443.1139934583839
1,421,0,7.2104883122554615e-06,0.0001885677177994638,443.1139934583839
1,421,1,1.5189745845645637e-05,9.222396405713682e-05,443.1139934583839
1,421,2,2.0939537572929992e-05,6.63788700036536e-05,443.1139934583839
1,421,3,1.7554815834646755e-05,5.567506251117753e-05,443.1139934583839
1,421,4,4.124236952065517e-06,5.014887842209857e-05,443.1139934583839
1,421,5,-1.6717109932870088e-05,4.6865868647066955e-05,443.1139934583839
1,421,6,-2.3985056127819113e-05,4.4711350973703265e-05,443.1139934583839
1,421,7,-1.1274639084143793e-05,4.318779706748034e-05,443.1139934583839
1,421,8,-4.751770345881318e-05,0.0002894727153352485,443.1139934583839
1,422,0,-0.03989400738444856,0.0001885677177994638,443.1139934583839
1,422,1,-0.10472258881501939,9.222396405713682e-05,443.1139934583839
1,422,2,-0.11683568131701103,6.63788700036536e-05,443.1139934583839
1,422,3,0.02692965293695359,5.567506251117753e-05,443.1139934583839
1,422,4,0.24065398825821227,5.014887842209857e-05,443.1139934583839
1,422,5,0.25896911133012146,4.6865868647066955e-05,443.1139934583839
1,422,6,-0.03781709457342331,4.4711350973703265e-05,443.1139934583839
1,422,7,-0.38460699695876743,4.318779706748034e-05,443.1139934583839
1,422,8,0.20141693887414655,0.0002894727153352485,443.1139934583839
1,423,0,7.159108186247136e-06,0.0001885677177994638,443.1139934583839
1,423,1,1.5080275883106529e-05,9.222396405713682e-05,443.1139934583839
1,423,2,2.071842750521021e-05,6.63788700036536e-05,443.1139934583839
1,423,3,1.7208535279303672e-05,5.567506251117753e-05,443.1139934583839
1,423,4,3.934198335994473e-06,5.014887842209857e-05,443.1139934583839
1,423,5,-1.6478688730463263e-05,4.6865868647066955e-05,443.1139934583839
1,423,6,-2.3082653803533248e-05,4.4711350973703265e-05,443.1139934583839
1,423,7,-1.0126773492372696e-05,4.318779706748034e-05,443.1139934583839
1,423,8,-4.610901034610134e-05,0.0002894727153352485,443.1139934583839
1,424,0,-0.04006130512115056,0.0001885677177994638,443.1139934583839
1,424,1,-0.10494198733171832,9.222396405713682e-05,443.1139934583839
1,424,2,-0.11577393416898087,6.63788700036536e-05,443.1139934583839
1,424,3,0.030351924131319055,5.567506251117753e-05,443.1139934583839
1,424,4,0.24302138834472856,5.014887842209857e-05,443.1139934583839
1,424,5,0.2538500127827917,4.6865868647066955e-05,443.1139934583839
1,424,6,-0.04983765161621393,4.4711350973703265e-05,443.1139934583839
1,424,7,-0.3903003238495077,4.318779706748034e-05,443.1139934583839
1,424,8,0.16305758811070556,0.0002894727153352485,443.1139934583839
1,425,0,7.100047395248818e-06,0.0001885677177994638,443.1139934583839
1,425,1,1.4929429938225035e-05,9.222396405713682e-05,443.1139934583839
1,425,2,2.0470349816474662e-05,6.63788700036536e-05,443.1139934583839
1,425,3,1.690148081949093e-05,5.567506251117753e-05,443.1139934583839
1,425,4,3.7140469477012404e-06,5.014887842209857e-05,443.1139934583839
1,425,5,-1.6229193788848483e-05,4.6865868647066955e-05,443.1139934583839
1,425,6,-2.2226893886257725e-05,4.4711350973703265e-05,443.1139934583839
1,425,7,-9.033930591898103e-06,4.318779706748034e-05,443.1139934583839
1,425,8,-4.468998648599907e-05,0.0002894727153352485,443.1139934583839
1,426,0,-0.04022713705660157,0.0001885677177994638,443.1139934583839
1,426,1,-0.10515748907665061,9.222396405713682e-05,443.1139934583839
1,426,2,-0.11469780325755627,6.63788700036536e-05,443.1139934583839
1,426,3,0.033771238300697,5.567506251117753e-05,443.1139934583839
1,426,4,0.2452819931701394,5.014887842209857e-05,443.1139934583839
1,426,5,0.2485472751159892,4.6865868647066955e-05,443.1139934583839
1,426,6,-0.06180711558858519,4.4711350973703265e-05,443.1139934583839
1,426,7,-0.39543086364713714,4.318779706748034e-05,443.1139934583839
1,426,8,0.1256095211622443,0.0002894727153352485,443.1139934583839
1,427,0,7.068245164506112e-06,0.0001885677177994638,443.1139934583839
1,427,1,1.4825227665939052e-05,9.222396405713682e-05,443.1139934583839
1,427,2,2.0260222708339982e-05,6.63788700036536e-05,443.1139934583839
1,427,3,1.6623981588379992e-05,5.567506251117753e-05,443.1139934583839
1,427,4,3.511436852217579e-06,5.014887842209857e-05,443.1139934583839
1,427,5,-1.602418458332778e-05,4.6865868647066955e-05,443.1139934583839
1,427,6,-2.1373081103662875e-05,4.4711350973703265e-05,443.1139934583839
1,427,7,-7.855803266031312e-06,4.318779706748034e-05,443.1139934583839
1,427,8,-4.323881235949126e-05,0.0002894727153352485,443.1139934583839
1,428,0,-0.040390456507239006,0.0001885677177994638,443.1139934583839
1,428,1,-0.10536711021813785,9.222396405713682e-05,443.1139934583839
1,428,2,-0.11360464725416261,6.63788700036536e-05,443.1139934583839
1,428,3,0.037189961998941055,5.567506251117753e-05,443.1139934583839
1,428,4,0.24743777029647804,5.014887842209857e-05,443.1139934583839
1,428,5,0.2430670435157072,4.6865868647066955e-05,443.1139934583839
1,428,6,-0.07371109696132193,4.4711350973703265e-05,443.1139934583839
1,428,7,-0.3999885464816837,4.318779706748034e-05,443.1139934583839
1,428,8,0.08909080290261043,0.0002894727153352485,443.1139934583839
1,429,0,7.013644566906166e-06,0.0001885677177994638,443.1139934583839
1,429,1,1.473003138136609e-05,9.222396405713682e-05,443.1139934583839
1,429,2,2.005082584497194e-05,6.63788700036536e-05,443.1139934583839
1,429,3,1.633058745667262e-05,5.567506251117753e-05,443.1139934583839
1,429,4,3.329721849674342e-06,5.014887842209857e-05,443.1139934583839
1,429,5,-1.5748800133091106e-05,4.6865868647066955e-05,443.1139934583839
1,429,6,-2.0455019773302966e-05,4.4711350973703265e-05,443.1139934583839
1,429,7,-6.748771891538133e-06,4.318779706748034e-05,443.1139934583839
1,429,8,-4.176433576720967e-05,0.0002894727153352485,443.1139934583839
1,430,0,-0.04055049475521078,0.0001885677177994638,443.1139934583839
1,430,1,-0.10556932740049044,9.222396405713682e-05,443.1139934583839
1,430,2,-0.11249257758578791,6.63788700036536e-05,443.1139934583839
1,430,3,0.040609668774604236,5.567506251117753e-05,443.1139934583839
1,430,4,0.24948995576536345,5.014887842209857e-05,443.1139934583839
1,430,5,0.23741476802214972,4.6865868647066955e-05,443.1139934583839
1,430,6,-0.08553586184560269,4.4711350973703265e-05,443.1139934583839
1,430,7,-0.4039644456094717,4.318779706748034e-05,443.1139934583839
1,430,8,0.0535187378613328,0.0002894727153352485,443.1139934583839
1,431,0,6.966110345434086e-06,0.0001885677177994638,443.1139934583839
1,431,1,1.4587795762962446e-05,9.222396405713682e-05,443.1139934583839
1,431,2,1.9839640077387107e-05,6.63788700036536e-05,443.1139934583839
1,431,3,1.5998176047415186e-05,5.567506251117753e-05,443.1139934583839
1,431,4,3.073698666485605e-06,5.014887842209857e-05,443.1139934583839
1,431,5,-1.556717379809212e-05,4.6865868647066955e-05,443.1139934583839
1,431,6,-1.9666692417609605e-05,4.4711350973703265e-05,443.1139934583839
1,431,7,-5.766210303526821e-06,4.318779706748034e-05,443.1139934583839
1,431,8,-4.027081370742912e-05,0.0002894727153352485,443.1139934583839
1,432,0,-0.040709168797596666,0.0001885677177994638,443.1139934583839
1,432,1,-0.10576790689254593,9.222396405713682e-05,443.1139934583839
1,432,2,-0.1113666165969753,6.63788700036536e-05,443.1139934583839
1,432,3,0.04402409586669773,5.567506251117753e-05,443.1139934583839
1,432,4,0.25143180042713553,5.014887842209857e-05,443.1139934583839
1,432,5,0.23158835276473055,4.6865868647066955e-05,443.1139934583839
1,432,6,-0.09727493403190772,4.4711350973703265e-05,443.1139934583839
1,432,7,-0.4073572979326188,4.318779706748034e-05,443.1139934583839
1,432,8,0.018910213546388742,0.0002894727153352485,443.1139934583839
1,433,0,6.923576018051917e-06,0.0001885677177994638,443.1139934583839
1,433,1,1.4484270837795014e-05,9.222396405713682e-05,443.1139934583839
1,433,2,1.9637939074685193e-05,6.63788700036536e-05,443.1139934583839
1,433,3,1.5767586168844332e-05,5.567506251117753e-05,443.1139934583839
1,433,4,3.0003418477716718e-06,5.014887842209857e-05,443.1139934583839
1,433,5,-1.5236543274104104e-05,4.6865868647066955e-05,443.1139934583839
1,433,6,-1.8768347961994444e-05,4.4711350973703265e-05,443.1139934583839
1,433,7,-4.711358053741241e-06,4.318779706748034e-05,443.1139934583839
1,433,8,-3.8751262165525016e-05,0.0002894727153352485,443.1139934583839
1,434,0,-0.040868455710671006,0.0001885677177994638,443.1139934583839
1,434,1,-0.1059668426007748,9.222396405713682e-05,443.1139934583839
1,434,2,-0.11023198898624159,6.63788700036536e-05,443.1139934583839
1,434,3,0.047426767994208086,5.567506251117753e-05,443.1139934583839
1,434,4,0.2532564047675529,5.014887842209857e-05,443.1139934583839
1,434,5,0.22558551514101038,4.6865868647066955e-05,443.1139934583839
1,434,6,-0.1089221757521461,4.4711350973703265e-05,443.1139934583839
1,434,7,-0.4101667287222795,4.318779706748034e-05,443.1139934583839
1,434,8,-0.014718695731350734,0.0002894727153352485,443.1139934583839
1,435,0,6.863082678560058e-06,0.0001885677177994638,443.1139934583839
1,435,1,1.4347218488171342e-05,9.222396405713682e-05,443.1139934583839
1,435,2,1.9397222902243393e-05,6.63788700036536e-05,443.1139934583839
1,435,3,1.5448651409834628e-05,5.567506251117753e-05,443.1139934583839
1,435,4,2.783556843608116e-06,5.014887842209857e-05,443.1139934583839
1,435,5,-1.4998244869226917e-05,4.6865868647066955e-05,443.1139934583839
1,435,6,-1.7994346949380847e-05,4.4711350973703265e-05,443.1139934583839
1,435,7,-3.841618529041371e-06,4.318779706748034e-05,443.1139934583839
1,435,8,-3.723812220456926e-05,0.0002894727153352485,443.1139934583839
1,436,0,-0.04102725054799516,0.0001885677177994638,443.1139934583839
1,436,1,-0.10616394900557785,9.222396405713682e-05,443.1139934583839
1,436,2,-0.10908586290365127,6.63788700036536e-05,443.1139934583839
1,436,3,0.050820227036512955,5.567506251117753e-05,443.1139934583839
1,436,4,0.2549662217891819,5.014887842209857e-05,443.1139934583839
1,436,5,0.21941313366061893,4.6865868647066955e-05,443.1139934583839
1,436,6,-0.12046300533097738,4.4711350973703265e-05,443.1139934583839
1,436,7,-0.4123851901585282,4.318779706748034e-05,443.1139934583839
1,436,8,-0.04735326783909167,0.0002894727153352485,443.1139934583839
1,437,0,6.809698055263726e-06,0.0001885677177994638,443.1139934583839
1,437,1,1.4219703504152188e-05,9.222396405713682e-05,443.1139934583839
1,437,2,1.9172069670567986e-05,6.63788700036536e-05,443.1139934583839
1,437,3,1.5178595219011118e-05,5.567506251117753e-05,443.1139934583839
1,437,4,2.5968253351274225e-06,5.014887842209857e-05,443.1139934583839
1,437,5,-1.4751401253066633e-05,4.6865868647066955e-05,443.1139934583839
1,437,6,-1.7191163553464373e-05,4.4711350973703265e-05,443.1139934583839
1,437,7,-2.9429248671256937e-06,4.318779706748034e-05,443.1139934583839
1,437,8,-3.573040286868951e-05,0.0002894727153352485,443.1139934583839
1,438,0,-0.04118426034674649,0.0001885677177994638,443.1139934583839
1,438,1,-0.10635662951333283,9.222396405713682e-05,443.1139934583839
1,438,2,-0.10792489964468033,6.63788700036536e-05,443.1139934583839
1,438,3,0.054207602856485876,5.567506251117753e-05,443.1139934583839
1,438,4,0.2565640547493518,5.014887842209857e-05,443.1139934583839
1,438,5,0.2130787081684609,4.6865868647066955e-05,443.1139934583839
1,438,6,-0.1318825461367532,4.4711350973703265e-05,443.1139934583839
1,438,7,-0.4140056709888236,4.318779706748034e-05,443.1139934583839
1,438,8,-0.07897976327803466,0.0002894727153352485,443.1139934583839
1,439,0,6.7849885945814375e-06,0.0001885677177994638,443.1139934583839
1,439,1,1.4128983601322479e-05,9.222396405713682e-05,443.1139934583839
1,439,2,1.9019059537939417e-05,6.63788700036536e-05,443.1139934583839
1,439,3,1.4925871704856258e-05,5.567506251117753e-05,443.1139934583839
1,439,4,2.537379521085602e-06,5.014887842209857e-05,443.1139934583839
1,439,5,-1.444962249715911e-05,4.6865868647066955e-05,443.1139934583839
1,439,6,-1.6301294591021535e-05,4.4711350973703265e-05,443.1139934583839
1,439,7,-1.959132353786009e-06,4.318779706748034e-05,443.1139934583839
1,439,8,-3.420842619608049e-05,0.0002894727153352485,443.1139934583839
1,440,0,-0.04133846587927028,0.0001885677177994638,443.1139934583839
1,440,1,-0.10654294100255876,9.222396405713682e-05,443.1139934583839
1,440,2,-0.10674653979557132,6.63788700036536e-05,443.1139934583839
1,440,3,0.057591061074454615,5.567506251117753e-05,443.1139934583839
1,440,4,0.2580520610887502,5.014887842209857e-05,443.1139934583839
1,440,5,0.20658889199666577,4.6865868647066955e-05,443.1139934583839
1,440,6,-0.14316663450346925,4.4711350973703265e-05,443.1139934583839
1,440,7,-0.4150224602402728,4.318779706748034e-05,443.1139934583839
1,440,8,-0.10958528518030108,0.0002894727153352485,443.1139934583839
1,441,0,6.70911161638953e-06,0.0001885677177994638,443.1139934583839
1,441,1,1.3995142627743818e-05,9.222396405713682e-05,443.1139934583839
1,441,2,1.8764386737692426e-05,6.63788700036536e-05,443.1139934583839
1,441,3,1.4650110762620901e-05,5.567506251117753e-05,443.1139934583839
1,441,4,2.2642860285042847e-06,5.014887842209857e-05,443.1139934583839
1,441,5,-1.4205293032493526e-05,4.6865868647066955e-05,443.1139934583839
1,441,6,-1.560157571549701e-05,4.4711350973703265e-05,443.1139934583839
1,441,7,-1.1830840968450105e-06,4.318779706748034e-05,443.1139934583839
1,441,8,-3.269857414625147e-05,0.0002894727153352485,443.1139934583839
1,442,0,-0.04148959291668739,0.0001885677177994638,443.1139934583839
1,442,1,-0.1067223263866827,9.222396405713682e-05,443.1139934583839
1,442,2,-0.10555010806102201,6.63788700036536e-05,443.1139934583839
1,442,3,0.06097074025669547,5.567506251117753e-05,443.1139934583839
1,442,4,0.25943024107659374,5.014887842209857e-05,443.1139934583839
1,442,5,0.1999484899131239,4.6865868647066955e-05,443.1139934583839
1,442,6,-0.15430322844434952,4.4711350973703265e-05,443.1139934583839
1,442,7,-0.41543243749829034,4.318779706748034e-05,443.1139934583839
1,442,8,-0.1391577236586402,0.0002894727153352485,443.1139934583839
1,443,0,6.681863838849647e-06,0.0001885677177994638,443.1139934583839
1,443,1,1.388330646202047e-05,9.222396405713682e-05,443.1139934583839
1,443,2,1.8596779925095203e-05,6.63788700036536e-05,443.1139934583839
1,443,3,1.4373374866673372e-05,5.567506251117753e-05,443.1139934583839
1,443,4,2.181077886644407e-06,5.014887842209857e-05,443.1139934583839
1,443,5,-1.3947062719171979e-05,4.6865868647066955e-05,443.1139934583839
1,443,6,-1.475109193740398e-05,4.4711350973703265e-05,443.1139934583839
1,443,7,-3.084089145645477e-07,4.318779706748034e-05,443.1139934583839
1,443,8,-3.1189446736749016e-05,0.0002894727153352485,443.1139934583839
1,444,0,-0.04163999513254015,0.0001885677177994638,443.1139934583839
1,444,1,-0.10689946447302236,9.222396405713682e-05,443.1139934583839
1,444,2,-0.1043418019945783,6.63788700036536e-05,443.1139934583839
1,444,3,0.06433914148891155,5.567506251117753e-05,443.1139934583839
1,444,4,0.2606907099318155,5.014887842209857e-05,443.1139934583839
1,444,5,0.19315478276335551,4.6865868647066955e-05,443.1139934583839
1,444,6,-0.16528757447266648,4.4711350973703265e-05,443.1139934583839
1,444,7,-0.4152399354414473,4.318779706748034e-05,443.1139934583839
1,444,8,-0.16768543848603615,0.0002894727153352485,443.1139934583839
1,445,0,6.620299039706561e-06,0.0001885677177994638,443.1139934583839
1,445,1,1.3772919130259407e-05,9.222396405713682e-05,443.1139934583839
1,445,2,1.8377018265927816e-05,6.63788700036536e-05,443.1139934583839
1,445,3,1.4147737631697309e-05,5.567506251117753e-05,443.1139934583839
1,445,4,2.060335541352877e-06,5.014887842209857e-05,443.1139934583839
1,445,5,-1.3618328102635509e-05,4.6865868647066955e-05,443.1139934583839
1,445,6,-1.400048573393554e-05,4.4711350973703265e-05,443.1139934583839
1,445,7,4.1099031946837957e-07,4.318779706748034e-05,443.1139934583839
1,445,8,-2.971784201971361e-05,0.0002894727153352485,443.1139934583839
1,446,0,-0.04179087763762869,0.0001885677177994638,443.1139934583839
1,446,1,-0.10707679113957266,9.222396405713682e-05,443.1139934583839
1,446,2,-0.10312484498269302,6.63788700036536e-05,443.1139934583839
1,446,3,0.06769206438486111,5.567506251117753e-05,443.1139934583839
1,446,4,0.2618291802086861,5.014887842209857e-05,443.1139934583839
1,446,5,0.18620838811894258,4.6865868647066955e-05,443.1139934583839
1,446,6,-0.17611177512803536,4.4711350973703265e-05,443.1139934583839
1,446,7,-0.4144471192922465,4.318779706748034e-05,443.1139934583839
1,446,8,-0.1951579074447911,0.0002894727153352485,443.1139934583839
1,447,0,6.571700138594259e-06,0.0001885677177994638,443.1139934583839
1,447,1,1.3635801101316843e-05,9.222396405713682e-05,443.1139934583839
1,447,2,1.8167645263825395e-05,6.63788700036536e-05,443.1139934583839
1,447,3,1.3830063680582273e-05,5.567506251117753e-05,443.1139934583839
1,447,4,1.912916430060463e-06,5.014887842209857e-05,443.1139934583839
1,447,5,-1.3353820355712866e-05,4.6865868647066955e-05,443.1139934583839
1,447,6,-1.3277666159620906e-05,4.4711350973703265e-05,443.1139934583839
1,447,7,1.1234362641584707e-06,4.318779706748034e-05,443.1139934583839
1,447,8,-2.8259160060224933e-05,0.0002894727153352485,443.1139934583839
1,448,0,-0.04194070201420342,0.0001885677177994638,443.1139934583839
1,448,1,-0.10725123422354886,9.222396405713682e-05,443.1139934583839
1,448,2,-0.1018952446578371,6.63788700036536e-05,443.1139934583839
1,448,3,0.07103319964820508,5.567506251117753e-05,443.1139934583839
1,448,4,0.2628494216634294,5.014887842209857e-05,443.1139934583839
1,448,5,0.1791180829206595,4.6865868647066955e-05,443.1139934583839
1,448,6,-0.18676074904291493,4.4711350973703265e-05,443.1139934583839
1,448,7,-0.41305010611142456,4.318779706748034e-05,443.1139934583839
1,448,8,-0.22156608924537122,0.0002894727153352485,443.1139934583839
1,449,0,6.522383496027179e-06,0.0001885677177994638,443.1139934583839
1,449,1,1.353180857160498e-05,9.222396405713682e-05,443.1139934583839
1,449,2,1.7964688492755777e-05,6.63788700036536e-05,443.1139934583839
1,449,3,1.368084181425108e-05,5.567506251117753e-05,443.1139934583839
1,449,4,1.838357446656595e-06,5.014887842209857e-05,443.1139934583839
1,449,5,-1.305607775705333e-05,4.6865868647066955e-05,443.1139934583839
1,449,6,-1.2488862994865922e-05,4.4711350973703265e-05,443.1139934583839
1,449,7,1.8445843754999956e-06,4.318779706748034e-05,443.1139934583839
1,449,8,-2.6811027749186807e-05,0.0002894727153352485,443.1139934583839
1,450,0,-0.042088442939162946,0.0001885677177994638,443.1139934583839
1,450,1,-0.10742080399605113,9.222396405713682e-05,443.1139934583839
1,450,2,-0.10065043019517642,6.63788700036536e-05,443.1139934583839
1,450,3,0.07436485354228747,5.567506251117753e-05,443.1139934583839
1,450,4,0.263753772113657,5.014887842209857e-05,443.1139934583839
1,450,5,0.17189113246130885,4.6865868647066955e-05,443.1139934583839
1,450,6,-0.19722083266992627,4.4711350973703265e-05,443.1139934583839
1,450,7,-0.4110470475523428,4.318779706748034e-05,443.1139934583839
1,450,8,-0.24690182423913723,0.0002894727153352485,443.1139934583839
1,451,0,6.475630800190958e-06,0.0001885677177994638,443.1139934583839
1,451,1,1.3416542827069439e-05,9.222396405713682e-05,443.1139934583839
1,451,2,1.779009052247597e-05,6.63788700036536e-05,443.1139934583839
1,451,3,1.3348986721307727e-05,5.567506251117753e-05,443.1139934583839
1,451,4,1.6847599432618738e-06,5.014887842209857e-05,443.1139934583839
1,451,5,-1.2766521073726088e-05,4.6865868647066955e-05,443.1139934583839
1,451,6,-1.1813956465747582e-05,4.4711350973703265e-05,443.1139934583839
1,451,7,2.5021490486789827e-06,4.318779706748034e-05,443.1139934583839
1,451,8,-2.5380016133278528e-05,0.0002894727153352485,443.1139934583839
1,452,0,-0.04223315791222669,0.0001885677177994638,443.1139934583839
1,452,1,-0.10758359524766407,9.222396405713682e-05,443.1139934583839
1,452,2,-0.09938796780564345,6.63788700036536e-05,443.1139934583839
1,452,3,0.07768920777632489,5.567506251117753e-05,443.1139934583839
1,452,4,0.26454444798686316,5.014887842209857e-05,443.1139934583839
1,452,5,0.1645347889073934,4.6865868647066955e-05,443.1139934583839
1,452,6,-0.20747878245441287,4.4711350973703265e-05,443.1139934583839
1,452,7,-0.40843712108507685,4.318779706748034e-05,443.1139934583839
1,452,8,-0.27115793225478135,0.0002894727153352485,443.1139934583839
1,453,0,6.4342759109773714e-06,0.0001885677177994638,443.1139934583839
1,453,1,1.3300142913645687e-05,9.222396405713682e-05,443.1139934583839
1,453,2,1.7590595598009073e-05,6.63788700036536e-05,443.1139934583839
1,453,3,1.3135313566463687e-05,5.567506251117753e-05,443.1139934583839
1,453,4,1.5727760254784732e-06,5.014887842209857e-05,443.1139934583839
1,453,5,-1.2498019363936987e-05,4.6865868647066955e-05,443.1139934583839
1,453,6,-1.1022810353845886e-05,4.4711350973703265e-05,443.1139934583839
1,453,7,3.2007766285938127e-06,4.318779706748034e-05,443.1139934583839
1,453,8,-2.395690281818492e-05,0.0002894727153352485,443.1139934583839
1,454,0,-0.042375595521294905,0.0001885677177994638,443.1139934583839
1,454,1,-0.107741178663215,9.222396405713682e-05,443.1139934583839
1,454,2,-0.09810991944983324,6.63788700036536e-05,443.1139934583839
1,454,3,0.08100311556039803,5.567506251117753e-05,443.1139934583839
1,454,4,0.26521847305540763,5.014887842209857e-05,443.1139934583839
1,454,5,0.15705137089190266,4.6865868647066955e-05,443.1139934583839
1,454,6,-0.2175261487317394,4.4711350973703265e-05,443.1139934583839
1,454,7,-0.40522448001762706,4.318779706748034e-05,443.1139934583839
1,454,8,-0.2943278545228854,0.0002894727153352485,443.1139934583839
1,455,0,6.363140532288482e-06,0.0001885677177994638,443.1139934583839
1,455,1,1.3177032775559359e-05,9.222396405713682e-05,443.1139934583839
1,455,2,1.7381590034080214e-05,6.63788700036536e-05,443.1139934583839
1,455,3,1.2901274438870237e-05,5.567506251117753e-05,443.1139934583839
1,455,4,1.4476270480978935e-06,5.014887842209857e-05,443.1139934583839
1,455,5,-1.2207601350406203e-05,4.6865868647066955e-05,443.1139934583839
1,455,6,-1.0393032702078247e-05,4.4711350973703265e-05,443.1139934583839
1,455,7,3.696396260644097e-06,4.318779706748034e-05,443.1139934583839
1,455,8,-2.2600646011103895e-05,0.0002894727153352485,443.1139934583839
1,456,0,-0.04251790713523231,0.0001885677177994638,443.1139934583839
1,456,1,-0.1078978468943279,9.222396405713682e-05,443.1139934583839
1,456,2,-0.09682196384017862,6.63788700036536e-05,443.1139934583839
1,456,3,0.08429976952237282,5.567506251117753e-05,443.1139934583839
1,456,4,0.2657688921072655,5.014887842209857e-05,443.1139934583839
1,456,5,0.14943930346904044,4.6865868647066955e-05,443.1139934583839
1,456,6,-0.2273582740082049,4.4711350973703265e-05,443.1139934583839
1,456,7,-0.40141758824919804,4.318779706748034e-05,443.1139934583839
1,456,8,-0.3164057913828191,0.0002894727153352485,443.1139934583839
1,457,0,6.324579471607174e-06,0.0001885677177994638,443.1139934583839
1,457,1,1.3071044565349741e-05,9.222396405713682e-05,443.1139934583839
1,457,2,1.7193645164730673e-05,6.63788700036536e-05,443.1139934583839
1,457,3,1.2639353171879613e-05,5.567506251117753e-05,443.1139934583839
1,457,4,1.3921263002561244e-06,5.014887842209857e-05,443.1139934583839
1,457,5,-1.186667177335998e-05,4.6865868647066955e-05,443.1139934583839
1,457,6,-9.666506470512178e-06,4.4711350973703265e-05,443.1139934583839
1,457,7,4.283701009544218e-06,4.318779706748034e-05,443.1139934583839
1,457,8,-2.1264294359241678e-05,0.0002894727153352485,443.1139934583839
1,458,0,-0.04266013818591348,0.0001885677177994638,443.1139934583839
1,458,1,-0.10805360628726525,9.222396405713682e-05,443.1139934583839
1,458,2,-0.09552417419667447,6.63788700036536e-05,443.1139934583839
1,458,3,0.08757837827526684,5.567506251117753e-05,443.1139934583839
1,458,4,0.2661950490198283,5.014887842209857e-05,443.1139934583839
1,458,5,0.1417033945568226,4.6865868647066955e-05,443.1139934583839
1,458,6,-0.23696503143272793,4.4711350973703265e-05,443.1139934583839
1,458,7,-0.3970205207139832,4.318779706748034e-05,443.1139934583839
1,458,8,-0.33738737284157266,0.0002894727153352485,443.1139934583839
1,459,0,6.28435795305524e-06,0.0001885677177994638,443.1139934583839
1,459,1,1.295331073381046e-05,9.222396405713682e-05,443.1139934583839
1,459,2,1.7007662188363186e-05,6.63788700036536e-05,443.1139934583839
1,459,3,1.2475681782845408e-05,5.567506251117753e-05,443.1139934583839
1,459,4,1.3526623010815559e-06,5.014887842209857e-05,443.1139934583839
1,459,5,-1.1588657498261363e-05,4.6865868647066955e-05,443.1139934583839
1,459,6,-8.988095348914412e-06,4.4711350973703265e-05,443.1139934583839
1,459,7,4.835347138411805e-06,4.318779706748034e-05,443.1139934583839
1,459,8,-1.995801910151293e-05,0.0002894727153352485,443.1139934583839
1,460,0,-0.04280096432715634,0.0001885677177994638,443.1139934583839
1,460,1,-0.1082058976867719,9.222396405713682e-05,443.1139934583839
1,460,2,-0.09421326143097293,6.63788700036536e-05,443.1139934583839
1,460,3,0.09084197286899146,5.567506251117753e-05,443.1139934583839
1,460,4,0.2665003421037612,5.014887842209857e-05,443.1139934583839
1,460,5,0.13385219335388743,4.6865868647066955e-05,443.1139934583839
1,460,6,-0.24633274060290825,4.4711350973703265e-05,443.1139934583839
1,460,7,-0.3920346014912781,4.318779706748034e-05,443.1139934583839
1,460,8,-0.35726941756870206,0.0002894727153352485,443.1139934583839
1,461,0,6.216822645216398e-06,0.0001885677177994638,443.1139934583839
1,461,1,1.2822073106870091e-05,9.222396405713682e-05,443.1139934583839
1,461,2,1.680804530316317e-05,6.63788700036536e-05,443.1139934583839
1,461,3,1.2185031751341029e-05,5.567506251117753e-05,443.1139934583839
1,461,4,1.2047572350213345e-06,5.014887842209857e-05,443.1139934583839
1,461,5,-1.1283266504866986e-05,4.6865868647066955e-05,443.1139934583839
1,461,6,-8.387856924287849e-06,4.4711350973703265e-05,443.1139934583839
1,461,7,5.29066640187521e-06,4.318779706748034e-05,443.1139934583839
1,461,8,-1.8691649905600878e-05,0.0002894727153352485,443.1139934583839
1,462,0,-0.042939593554166315,0.0001885677177994638,443.1139934583839
1,462,1,-0.10835318776983371,9.222396405713682e-05,443.1139934583839
1,462,2,-0.09288723389176372,6.63788700036536e-05,443.1139934583839
1,462,3,0.09409215172422852,5.567506251117753e-05,443.1139934583839
1,462,4,0.26668663483075283,5.014887842209857e-05,443.1139934583839
1,462,5,0.12589286565802188,4.6865868647066955e-05,443.1139934583839
1,462,6,-0.2554494458832932,4.4711350973703265e-05,443.1139934583839
1,462,7,-0.38646318155729276,4.318779706748034e-05,443.1139934583839
1,462,8,-0.37604974391038054,0.0002894727153352485,443.1139934583839
1,463,0,6.176753376635545e-06,0.0001885677177994638,443.1139934583839
1,463,1,1.2718648004956473e-05,9.222396405713682e-05,443.1139934583839
1,463,2,1.6631715644457567e-05,6.63788700036536e-05,443.1139934583839
1,463,3,1.2014751521423818e-05,5.567506251117753e-05,443.1139934583839
1,463,4,1.1666589549572196e-06,5.014887842209857e-05,443.1139934583839
1,463,5,-1.0984199603479218e-05,4.6865868647066955e-05,443.1139934583839
1,463,6,-7.701294503088501e-06,4.4711350973703265e-05,443.1139934583839
1,463,7,5.721814103685761e-06,4.318779706748034e-05,443.1139934583839
1,463,8,-1.7420356438887885e-05,0.0002894727153352485,443.1139934583839
1,464,0,-0.04307561624149664,0.0001885677177994638,443.1139934583839
1,464,1,-0.1084946421547457,9.222396405713682e-05,443.1139934583839
1,464,2,-0.09154499708164177,6.63788700036536e-05,443.1139934583839
1,464,3,0.0973293870598249,5.567506251117753e-05,443.1139934583839
1,464,4,0.26675471839922854,5.014887842209857e-05,443.1139934583839
1,464,5,0.11783173446518849,4.6865868647066955e-05,443.1139934583839
1,464,6,-0.26430439285245927,4.4711350973703265e-05,443.1139934583839
1,464,7,-0.3803116453357598,4.318779706748034e-05,443.1139934583839
1,464,8,-0.39372709106800347,0.0002894727153352485,443.1139934583839
1,465,0,6.130304897067138e-06,0.0001885677177994638,443.1139934583839
1,465,1,1.2608582483092162e-05,9.222396405713682e-05,443.1139934583839
1,465,2,1.6437612282902732e-05,6.63788700036536e-05,443.1139934583839
1,465,3,1.1789300220826017e-05,5.567506251117753e-05,443.1139934583839
1,465,4,1.0771900441091947e-06,5.014887842209857e-05,443.1139934583839
1,465,5,-1.06901244696023e-05,4.6865868647066955e-05,443.1139934583839
1,465,6,-7.053817076072322e-06,4.4711350973703265e-05,443.1139934583839
1,465,7,6.273509146209725e-06,4.318779706748034e-05,443.1139934583839
1,465,8,-1.6214761913505334e-05,0.0002894727153352485,443.1139934583839
1,466,0,-0.043210437187787464,0.0001885677177994638,443.1139934583839
1,466,1,-0.10863312691969725,9.222396405713682e-05,443.1139934583839
1,466,2,-0.09019038534702274,6.63788700036536e-05,443.1139934583839
1,466,3,0.10054894971589778,5.567506251117753e-05,443.1139934583839
1,466,4,0.2667000266772543,5.014887842209857e-05,443.1139934583839
1,466,5,0.10966979741095684,4.6865868647066955e-05,443.1139934583839
1,466,6,-0.27289182509945464,4.4711350973703265e-05,443.1139934583839
1,466,7,-0.37359045209578157,4.318779706748034e-05,443.1139934583839
1,466,8,-0.4103008260488049,0.0002894727153352485,443.1139934583839
1,467,0,6.060336890001636e-06,0.0001885677177994638,443.1139934583839
1,467,1,1.248308367442556e-05,9.222396405713682e-05,443.1139934583839
1,467,2,1.6247149978571004e-05,6.63788700036536e-05,443.1139934583839
1,467,3,1.151837395070307e-05,5.567506251117753e-05,443.1139934583839
1,467,4,1.000440562827669e-06,5.014887842209857e-05,443.1139934583839
1,467,5,-1.0408243355253462e-05,4.6865868647066955e-05,443.1139934583839
1,467,6,-6.524918007868094e-06,4.4711350973703265e-05,443.1139934583839
1,467,7,6.498923338198235e-06,4.318779706748034e-05,443.1139934583839
1,467,8,-1.5053231896136977e-05,0.0002894727153352485,443.1139934583839
1,468,0,-0.043345291764503385,0.0001885677177994638,443.1139934583839
1,468,1,-0.10877104065451383,9.222396405713682e-05,443.1139934583839
1,468,2,-0.08882657435511616,6.63788700036536e-05,443.1139934583839
1,468,3,0.10374654216668386,5.567506251117753e-05,443.1139934583839
1,468,4,0.2665185993868955,5.014887842209857e-05,443.1139934583839
1,468,5,0.10140873013675378,4.6865868647066955e-05,443.1139934583839
1,468,6,-0.2812057674104975,4.4711350973703265e-05,443.1139934583839
1,468,7,-0.36631046415044133,4.318779706748034e-05,443.1139934583839
1,468,8,-0.42577142068241886,0.0002894727153352485,443.1139934583839
1,469,0,6.039217048419051e-06,0.0001885677177994638,443.1139934583839
1,469,1,1.2385056084428343e-05,9.222396405713682e-05,443.1139934583839
1,469,2,1.605833273363279e-05,6.63788700036536e-05,443.1139934583839
1,469,3,1.1384840742147862e-05,5.567506251117753e-05,443.1139934583839
1,469,4,9.94386287355691e-07,5.014887842209857e-05,443.1139934583839
1,469,5,-1.0039838969657167e-05,4.6865868647066955e-05,443.1139934583839
1,469,6,-5.871660229236349e-06,4.4711350973703265e-05,443.1139934583839
1,469,7,7.022003025641648e-06,4.318779706748034e-05,443.1139934583839
1,469,8,-1.3936799725565884e-05,0.0002894727153352485,443.1139934583839
1,470,0,-0.04347931294135789,0.0001885677177994638,443.1139934583839
1,470,1,-0.10890667197824244,9.222396405713682e-05,443.1139934583839
1,470,2,-0.08745146342941394,6.63788700036536e-05,443.1139934583839
1,470,3,0.10692381047443386,5.567506251117753e-05,443.1139934583839
1,470,4,0.2662126448532535,5.014887842209857e-05,443.1139934583839
1,470,5,0.09305629489948546,4.6865868647066955e-05,443.1139934583839
1,470,6,-0.28923498364911615,4.4711350973703265e-05,443.1139934583839
1,470,7,-0.3584781534164281,4.318779706748034e-05,443.1139934583839
1,470,8,-0.4401407444135511,0.0002894727153352485,443.1139934583839
1,471,0,5.959106357915927e-06,0.0001885677177994638,443.1139934583839
1,471,1,1.2237158843283712e-05,9.222396405713682e-05,443.1139934583839
1,471,2,1.5900361844290107e-05,6.63788700036536e-05,443.1139934583839
1,471,3,1.1172604765045113e-05,5.567506251117753e-05,443.1139934583839
1,471,4,9.12360094984117e-07,5.014887842209857e-05,443.1139934583839
1,471,5,-9.793043765760368e-06,4.6865868647066955e-05,443.1139934583839
1,471,6,-5.315177393833713e-06,4.4711350973703265e-05,443.1139934583839
1,471,7,7.229098838831914e-06,4.318779706748034e-05,443.1139934583839
1,471,8,-1.2842962116839078e-05,0.0002894727153352485,443.1139934583839
1,472,0,-0.043611739360951425,0.0001885677177994638,443.1139934583839
1,472,1,-0.10903857463543354,9.222396405713682e-05,443.1139934583839
1,472,2,-0.08606311578439513,6.63788700036536e-05,443.1139934583839
1,472,3,0.11008237369807432,5.567506251117753e-05,443.1139934583839
1,472,4,0.26578418605783416,5.014887842209857e-05,443.1139934583839
1,472,5,0.08462007112369188,4.6865868647066955e-05,443.1139934583839
1,472,6,-0.2969685221849537,4.4711350973703265e-05,443.1139934583839
1,472,7,-0.35010071834014533,4.318779706748034e-05,443.1139934583839
1,472,8,-0.4534117047542829,0.0002894727153352485,443.1139934583839
1,473,0,5.933479402967574e-06,0.0001885677177994638,443.1139934583839
1,473,1,1.2159355531505076e-05,9.222396405713682e-05,443.1139934583839
1,473,2,1.569226467468044e-05,6.63788700036536e-05,443.1139934583839
1,473,3,1.0951730897346887e-05,5.567506251117753e-05,443.1139934583839
1,473,4,8.695295816916091e-07,5.014887842209857e-05,443.1139934583839
1,473,5,-9.46751084658697e-06,4.6865868647066955e-05,443.1139934583839
1,473,6,-4.755613795928126e-06,4.4711350973703265e-05,443.1139934583839
1,473,7,7.5755742823390855e-06,4.318779706748034e-05,443.1139934583839
1,473,8,-1.177726710140415e-05,0.0002894727153352485,443.1139934583839
1,474,0,-0.043741926636556724,0.0001885677177994638,443.1139934583839
1,474,1,-0.10916544657134551,9.222396405713682e-05,443.1139934583839
1,474,2,-0.08465983013451236,6.63788700036536e-05,443.1139934583839
1,474,3,0.11322344849472023,5.567506251117753e-05,443.1139934583839
1,474,4,0.26523489445805154,5.014887842209857e-05,443.1139934583839
1,474,5,0.07610729697828586,4.6865868647066955e-05,443.1139934583839
1,474,6,-0.3043960865617013,4.4711350973703265e-05,443.1139934583839
1,474,7,-0.3411868966303039,4.318779706748034e-05,443.1139934583839
1,474,8,-0.4655882064618413,0.0002894727153352485,443.1139934583839
1,475,0,5.867030453181429e-06,0.0001885677177994638,443.1139934583839
1,475,1,1.2016955946474567e-05,9.222396405713682e-05,443.1139934583839
1,475,2,1.5521971349198625e-05,6.63788700036536e-05,443.1139934583839
1,475,3,1.0741440458976393e-05,5.567506251117753e-05,443.1139934583839
1,475,4,8.33986014455035e-07,5.014887842209857e-05,443.1139934583839
1,475,5,-9.163809111642142e-06,4.6865868647066955e-05,443.1139934583839
1,475,6,-4.188350163630571e-06,4.4711350973703265e-05,443.1139934583839
1,475,7,7.936284562290244e-06,4.318779706748034e-05,443.1139934583839
1,475,8,-1.0740608213242083e-05,0.0002894727153352485,443.1139934583839
1,476,0,-0.043870236663756036,0.0001885677177994638,443.1139934583839
1,476,1,-0.10928808469381848,9.222396405713682e-05,443.1139934583839
1,476,2,-0.08324276384474762,6.63788700036536e-05,443.1139934583839
1,476,3,0.11634513067990788,5.567506251117753e-05,443.1139934583839
1,476,4,0.2645634812708978,5.014887842209857e-05,443.1139934583839
1,476,5,0.06752246709215413,4.6865868647066955e-05,443.1139934583839
1,476,6,-0.31151038949771365,4.4711350973703265e-05,443.1139934583839
1,476,7,-0.3317483011817595,4.318779706748034e-05,443.1139934583839
1,476,8,-0.47667492736005357,0.0002894727153352485,443.1139934583839
1,477,0,5.826199168457883e-06,0.0001885677177994638,443.1139934583839
1,477,1,1.1946569454841784e-05,9.222396405713682e-05,443.1139934583839
1,477,2,1.536115653856924e-05,6.63788700036536e-05,443.1139934583839
1,477,3,1.0565378964315266e-05,5.567506251117753e-05,443.1139934583839
1,477,4,7.87894703444533e-07,5.014887842209857e-05,443.1139934583839
1,477,5,-8.892807787281693e-06,4.6865868647066955e-05,443.1139934583839
1,477,6,-3.6761009489274133e-06,4.4711350973703265e-05,443.1139934583839
1,477,7,8.123912596520352e-06,4.318779706748034e-05,443.1139934583839
1,477,8,-9.77483263650016e-06,0.0002894727153352485,443.1139934583839
1,478,0,-0.04399806481620291,0.0001885677177994638,443.1139934583839
1,478,1,-0.10940916887850415,9.222396405713682e-05,443.1139934583839
1,478,2,-0.08181553756309075,6.63788700036536e-05,443.1139934583839
1,478,3,0.1194426383486409,5.567506251117753e-05,443.1139934583839
1,478,4,0.26376575699892457,5.014887842209857e-05,443.1139934583839
1,478,5,0.0588671772375863,4.6865868647066955e-05,443.1139934583839
1,478,6,-0.3183070512894845,4.4711350973703265e-05,443.1139934583839
1,478,7,-0.32179983204734913,4.318779706748034e-05,443.1139934583839
1,478,8,-0.48667740860250364,0.0002894727153352485,443.1139934583839
1,479,0,5.771535639137323e-06,0.0001885677177994638,443.1139934583839
1,479,1,1.1768823278568688e-05,9.222396405713682e-05,443.1139934583839
1,479,2,1.5175991819451824e-05,6.63788700036536e-05,443.1139934583839
1,479,3,1.0419844601018542e-05,5.567506251117753e-05,443.1139934583839
1,479,4,7.839990460262009e-07,5.014887842209857e-05,443.1139934583839
1,479,5,-8.552098860605172e-06,4.6865868647066955e-05,443.1139934583839
1,479,6,-3.168238160665881e-06,4.4711350973703265e-05,443.1139934583839
1,479,7,8.360445939611733e-06,4.318779706748034e-05,443.1139934583839
1,479,8,-8.832646684628767e-06,0.0002894727153352485,443.1139934583839
1,480,0,-0.04412546220060287,0.0001885677177994638,443.1139934583839
1,480,1,-0.10952885746026733,9.222396405713682e-05,443.1139934583839
1,480,2,-0.08037836872740584,6.63788700036536e-05,443.1139934583839
1,480,3,0.12251522619603722,5.567506251117753e-05,443.1139934583839
1,480,4,0.2628415151047082,5.014887842209857e-05,443.1139934583839
1,480,5,0.0501469657363009,4.6865868647066955e-05,443.1139934583839
1,480,6,-0.324778469408773,4.4711350973703265e-05,443.1139934583839
1,480,7,-0.31135400561050436,4.318779706748034e-05,443.1139934583839
1,480,8,-0.49560243453282266,0.0002894727153352485,443.1139934583839
1,481,0,5.722750722038101e-06,0.0001885677177994638,443.1139934583839
1,481,1,1.170825454744751e-05,9.222396405713682e-05,443.1139934583839
1,481,2,1.5007019692267821e-05,6.63788700036536e-05,443.1139934583839
1,481,3,1.0157932203833577e-05,5.567506251117753e-05,443.1139934583839
1,481,4,7.071809593180001e-07,5.014887842209857e-05,443.1139934583839
1,481,5,-8.327626988809426e-06,4.6865868647066955e-05,443.1139934583839
1,481,6,-2.6859686469358026e-06,4.4711350973703265e-05,443.1139934583839
1,481,7,8.548498868652253e-06,4.318779706748034e-05,443.1139934583839
1,481,8,-7.94979400167805e-06,0.0002894727153352485,443.1139934583839
1,482,0,-0.04425156339817632,0.0001885677177994638,443.1139934583839
1,482,1,-0.10964550709460473,9.222396405713682e-05,443.1139934583839
1,482,2,-0.0789290150282761,6.63788700036536e-05,443.1139934583839
1,482,3,0.12556468760387718,5.567506251117753e-05,443.1139934583839
1,482,4,0.261793239754211,5.014887842209857e-05,443.1139934583839
1,482,5,0.041369952498274895,4.6865868647066955e-05,443.1139934583839
1,482,6,-0.33091486024907457,4.4711350973703265e-05,443.1139934583839
1,482,7,-0.3004216612074464,4.318779706748034e-05,443.1139934583839
1,482,8,-0.5034579744578961,0.0002894727153352485,443.1139934583839
1,483,0,5.671161041180871e-06,0.0001885677177994638,443.1139934583839
1,483,1,1.1571079463965737e-05,9.222396405713682e-05,443.1139934583839
1,483,2,1.480056846038798e-05,6.63788700036536e-05,443.1139934583839
1,483,3,1.0017525626888678e-05,5.567506251117753e-05,443.1139934583839
1,483,4,7.245838632724844e-07,5.014887842209857e-05,443.1139934583839
1,483,5,-7.947496037873518e-06,4.6865868647066955e-05,443.1139934583839
1,483,6,-2.1665576645539336e-06,4.4711350973703265e-05,443.1139934583839
1,483,7,8.77729093564437e-06,4.318779706748034e-05,443.1139934583839
1,483,8,-7.073489589490428e-06,0.0002894727153352485,443.1139934583839
1,484,0,-0.04437579246047252,0.0001885677177994638,443.1139934583839
1,484,1,-0.10975795719428033,9.222396405713682e-05,443.1139934583839
1,484,2,-0.07746610798684186,6.63788700036536e-05,443.1139934583839
1,484,3,0.12859184837137483,5.567506251117753e-05,443.1139934583839
1,484,4,0.2606225051746613,5.014887842209857e-05,443.1139934583839
1,484,5,0.032543496123463404,4.6865868647066955e-05,443.1139934583839
1,484,6,-0.3367074865985448,4.4711350973703265e-05,443.1139934583839
1,484,7,-0.28901504608844636,4.318779706748034e-05,443.1139934583839
1,484,8,-0.5102530225719626,0.0002894727153352485,443.1139934583839
1,485,0,5.629424181688643e-06,0.0001885677177994638,443.1139934583839
1,485,1,1.1506309831481348e-05,9.222396405713682e-05,443.1139934583839
1,485,2,1.468872165208837e-05,6.63788700036536e-05,443.1139934583839
1,485,3,9.84777203018077e-06,5.567506251117753e-05,443.1139934583839
1,485,4,7.425408412491352e-07,5.014887842209857e-05,443.1139934583839
1,485,5,-7.674285879628497e-06,4.6865868647066955e-05,443.1139934583839
1,485,6,-1.675895864804718e-06,4.4711350973703265e-05,443.1139934583839
1,485,7,8.955660263325112e-06,4.318779706748034e-05,443.1139934583839
1,485,8,-6.21296032833926e-06,0.0002894727153352485,443.1139934583839
1,486,0,-0.04449774272316739,0.0001885677177994638,443.1139934583839
1,486,1,-0.10986535601597332,9.222396405713682e-05,443.1139934583839
1,486,2,-0.07598865098428458,6.63788700036536e-05,443.1139934583839
1,486,3,0.13159725060562394,5.567506251117753e-05,443.1139934583839
1,486,4,0.2593308142044939,5.014887842209857e-05,443.1139934583839
1,486,5,0.023674838214457778,4.6865868647066955e-05,443.1139934583839
1,486,6,-0.342148194592805,4.4711350973703265e-05,443.1139934583839
1,486,7,-0.277147336477922,4.318779706748034e-05,443.1139934583839
1,486,8,-0.5159974128364546,0.0002894727153352485,443.1139934583839
1,487,0,5.572520445269282e-06,0.0001885677177994638,443.1139934583839
1,487,1,1.1324490331105256e-05,9.222396405713682e-05,443.1139934583839
1,487,2,1.4466090993315486e-05,6.63788700036536e-05,443.1139934583839
1,487,3,9.645821201050566e-06,5.567506251117753e-05,443.1139934583839
1,487,4,6.001374778545196e-07,5.014887842209857e-05,443.1139934583839
1,487,5,-7.457447754021959e-06,4.6865868647066955e-05,443.1139934583839
1,487,6,-1.2792382410009035e-06,4.4711350973703265e-05,443.1139934583839
1,487,7,9.039470517165619e-06,4.318779706748034e-05,443.1139934583839
1,487,8,-5.425987029126285e-06,0.0002894727153352485,443.1139934583839
1,488,0,-0.04461855238351276,0.0001885677177994638,443.1139934583839
1,488,1,-0.10997003869250815,9.222396405713682e-05,443.1139934583839
1,488,2,-0.07449971233619898,6.63788700036536e-05,443.1139934583839
1,488,3,0.13457682285271136,5.567506251117753e-05,443.1139934583839
1,488,4,0.2579148132227207,5.014887842209857e-05,443.1139934583839
1,488,5,0.014766413163537363,4.6865868647066955e-05,443.1139934583839
1,488,6,-0.3472334782714562,4.4711350973703265e-05,443.1139934583839
1,488,7,-0.2648365111899216,4.318779706748034e-05,443.1139934583839
1,488,8,-0.5207016862238474,0.0002894727153352485,443.1139934583839
1,489,0,5.5285650398417185e-06,0.0001885677177994638,443.1139934583839
1,489,1,1.129278023035914e-05,9.222396405713682e-05,443.1139934583839
1,489,2,1.4369756611644243e-05,6.63788700036536e-05,443.1139934583839
1,489,3,9.518248404772715e-06,5.567506251117753e-05,443.1139934583839
1,489,4,6.918762153629018e-07,5.014887842209857e-05,443.1139934583839
1,489,5,-7.071023157359759e-06,4.6865868647066955e-05,443.1139934583839
1,489,6,-8.051117761758572e-07,4.4711350973703265e-05,443.1139934583839
1,489,7,9.212329684254066e-06,4.318779706748034e-05,443.1139934583839
1,489,8,-4.666174852561528e-06,0.0002894727153352485,443.1139934583839
1,490,0,-0.044739117166512264,0.0001885677177994638,443.1139934583839
1,490,1,-0.11007377647702828,9.222396405713682e-05,443.1139934583839
1,490,2,-0.07300162301813656,6.63788700036536e-05,443.1139934583839
1,490,3,0.13752738823562807,5.567506251117753e-05,443.1139934583839
1,490,4,0.2563719195097956,5.014887842209857e-05,443.1139934583839
1,490,5,0.005821694909343746,4.6865868647066955e-05,443.1139934583839
1,490,6,-0.35195954201753116,4.4711350973703265e-05,443.1139934583839
1,490,7,-0.252100475074214,4.318779706748034e-05,443.1139934583839
1,490,8,-0.5243774077804054,0.0002894727153352485,443.1139934583839
1,491,0,5.480354085933888e-06,0.0001885677177994638,443.1139934583839
1,491,1,1.1117547427685751e-05,9.222396405713682e-05,443.1139934583839
1,491,2,1.4129977154048853e-05,6.63788700036536e-05,443.1139934583839
1,491,3,9.277168443314514e-06,5.567506251117753e-05,443.1139934583839
1,491,4,6.451022114037505e-07,5.014887842209857e-05,443.1139934583839
1,491,5,-6.882388730373077e-06,4.6865868647066955e-05,443.1139934583839
1,491,6,-3.6375800344375916e-07,4.4711350973703265e-05,443.1139934583839
1,491,7,9.254743787246144e-06,4.318779706748034e-05,443.1139934583839
1,491,8,-3.970597161328857e-06,0.0002894727153352485,443.1139934583839
1,492,0,-0.0448586455011523,0.0001885677177994638,443.1139934583839
1,492,1,-0.11017498978727604,9.222396405713682e-05,443.1139934583839
1,492,2,-0.07149237764386032,6.63788700036536e-05,443.1139934583839
1,492,3,0.14045038071107366,5.567506251117753e-05,443.1139934583839
1,492,4,0.25470475462866965,5.014887842209857e-05,443.1139934583839
1,492,5,-0.003151095505315773,4.6865868647066955e-05,443.1139934583839
1,492,6,-0.35631813410755575,4.4711350973703265e-05,443.1139934583839
1,492,7,-0.23895359433193644,4.318779706748034e-05,443.1139934583839
1,492,8,-0.5270374280153041,0.0002894727153352485,443.1139934583839
1,493,0,5.425432345468523e-06,0.0001885677177994638,443.1139934583839
1,493,1,1.1051289190058268e-05,9.222396405713682e-05,443.1139934583839
1,493,2,1.3999174751150366e-05,6.63788700036536e-05,443.1139934583839
1,493,3,9.198004602610083e-06,5.567506251117753e-05,443.1139934583839
1,493,4,6.447815430622276e-07,5.014887842209857e-05,443.1139934583839
1,493,5,-6.517362321493416e-06,4.6865868647066955e-05,443.1139934583839
1,493,6,-1.9888794163199424e-08,4.4711350973703265e-05,443.1139934583839
1,493,7,9.394919840640956e-06,4.318779706748034e-05,443.1139934583839
1,493,8,-3.265691591037984e-06,0.0002894727153352485,443.1139934583839
1,494,0,-0.04497653854200701,0.0001885677177994638,443.1139934583839
1,494,1,-0.11027260828652591,9.222396405713682e-05,443.1139934583839
1,494,2,-0.06997068507575663,6.63788700036536e-05,443.1139934583839
1,494,3,0.14334678906327067,5.567506251117753e-05,443.1139934583839
1,494,4,0.25291530254852373,5.014887842209857e-05,443.1139934583839
1,494,5,-0.012144294193874574,4.6865868647066955e-05,443.1139934583839
1,494,6,-0.36030206372055773,4.4711350973703265e-05,443.1139934583839
1,494,7,-0.22541134025577553,4.318779706748034e-05,443.1139934583839
1,494,8,-0.5286955372573102,0.0002894727153352485,443.1139934583839
1,495,0,5.380385131804085e-06,0.0001885677177994638,443.1139934583839
1,495,1,1.0942243601477787e-05,9.222396405713682e-05,443.1139934583839
1,495,2,1.388279745067345e-05,6.63788700036536e-05,443.1139934583839
1,495,3,8.981492030622725e-06,5.567506251117753e-05,443.1139934583839
1,495,4,6.166248960973384e-07,5.014887842209857e-05,443.1139934583839
1,495,5,-6.279706691825969e-06,4.6865868647066955e-05,443.1139934583839
1,495,6,4.5327063931598693e-07,4.4711350973703265e-05,443.1139934583839
1,495,7,9.440655824922043e-06,4.318779706748034e-05,443.1139934583839
1,495,8,-2.609974591162461e-06,0.0002894727153352485,443.1139934583839
1,496,0,-0.045092193514305,0.0001885677177994638,443.1139934583839
1,496,1,-0.11036528459396543,9.222396405713682e-05,443.1139934583839
1,496,2,-0.0684348065254214,6.63788700036536e-05,443.1139934583839
1,496,3,0.14621785247741362,5.567506251117753e-05,443.1139934583839
1,496,4,0.251005576619303,5.014887842209857e-05,443.1139934583839
1,496,5,-0.021149844764758362,4.6865868647066955e-05,443.1139934583839
1,496,6,-0.36390435632902,4.4711350973703265e-05,443.1139934583839
1,496,7,-0.21148960386327967,4.318779706748034e-05,443.1139934583839
1,496,8,-0.5293664240530888,0.0002894727153352485,443.1139934583839
1,497,0,5.345076603306208e-06,0.0001885677177994638,443.1139934583839
1,497,1,1.0819431018510889e-05,9.222396405713682e-05,443.1139934583839
1,497,2,1.3664762181126121e-05,6.63788700036536e-05,443.1139934583839
1,497,3,8.836525482645229e-06,5.567506251117753e-05,443.1139934583839
1,497,4,6.996795237111682e-07,5.014887842209857e-05,443.1139934583839
1,497,5,-6.014203385717654e-06,4.6865868647066955e-05,443.1139934583839
1,497,6,8.116604364732897e-07,4.4711350973703265e-05,443.1139934583839
1,497,7,9.529168824017408e-06,4.318779706748034e-05,443.1139934583839
1,497,8,-1.9642554779775215e-06,0.0002894727153352485,443.1139934583839
1,498,0,-0.04520614336537393,0.0001885677177994638,443.1139934583839
1,498,1,-0.11045422367687523,9.222396405713682e-05,443.1139934583839
1,498,2,-0.06688624462418993,6.63788700036536e-05,443.1139934583839
1,498,3,0.14906113815769487,5.567506251117753e-05,443.1139934583839
1,498,4,0.24897446562335815,5.014887842209857e-05,443.1139934583839
1,498,5,-0.0301633349145581,4.6865868647066955e-05,443.1139934583839
1,498,6,-0.36712144737277125,4.4711350973703265e-05,443.1139934583839
1,498,7,-0.19720779791633078,4.318779706748034e-05,443.1139934583839
1,498,8,-0.5290654494317591,0.0002894727153352485,443.1139934583839
1,499,0,5.2739645712965794e-06,0.0001885677177994638,443.1139934583839
1,499,1,1.0736833296616766e-05,9.222396405713682e-05,443.1139934583839
1,499,2,1.3506465465149923e-05,6.63788700036536e-05,443.1139934583839
1,499,3,8.655377467479319e-06,5.567506251117753e-05,443.1139934583839
1,499,4,5.373158316172468e-07,5.014887842209857e-05,443.1139934583839
1,499,5,-5.7463943104430445e-06,4.6865868647066955e-05,443.1139934583839
1,499,6,1.1772797130966443e-06,4.4711350973703265e-05,443.1139934583839
1,499,7,9.449020345724489e-06,4.318779706748034e-05,443.1139934583839
1,499,8,-1.3922446761291088e-06,0.0002894727153352485,443.1139934583839
1,500,0,-0.045319618670154695,0.0001885677177994638,443.1139934583839
1,500,1,-0.11054186996388365,9.222396405713682e-05,443.1139934583839
1,500,2,-0.06532841429959704,6.63788700036536e-05,443.1139934583839
1,500,3,0.15187243711416026,5.567506251117753e-05,443.1139934583839
1,500,4,0.24681874643254803,5.014887842209857e-05,443.1139934583839
1,500,5,-0.03918222216361208,4.6865868647066955e-05,443.1139934583839
1,500,6,-0.3699520489046425,4.4711350973703265e-05,443.1139934583839
1,500,7,-0.18258770763937573,4.318779706748034e-05,443.1139934583839
1,500,8,-0.5278087237395795,0.0002894727153352485,443.1139934583839
1,501,0,5.252129887099148e-06,0.0001885677177994638,443.1139934583839
1,501,1,1.0635824083207693e-05,9.222396405713682e-05,443.1139934583839
1,501,2,1.3404583797377869e-05,6.63788700036536e-05,443.1139934583839
1,501,3,8.526371065432519e-06,5.567506251117753e-05,443.1139934583839
1,501,4,6.726197533759682e-07,5.014887842209857e-05,443.1139934583839
1,501,5,-5.385578239318904e-06,4.6865868647066955e-05,443.1139934583839
1,501,6,1.5607497854514372e-06,4.4711350973703265e-05,443.1139934583839
1,501,7,9.541311108490824e-06,4.318779706748034e-05,443.1139934583839
1,501,8,-8.550966493619392e-07,0.0002894727153352485,443.1139934583839
1,502,0,-0.04543238425468015,0.0001885677177994638,443.1139934583839
1,502,1,-0.11062767814219741,9.222396405713682e-05,443.1139934583839
1,502,2,-0.06376071700181976,6.63788700036536e-05,443.1139934583839
1,502,3,0.15465158017143832,5.567506251117753e-05,443.1139934583839
1,502,4,0.24453923335783376,5.014887842209857e-05,443.1139934583839
1,502,5,-0.048199437492183764,4.6865868647066955e-05,443.1139934583839
1,502,6,-0.3723911323768782,4.4711350973703265e-05,443.1139934583839
1,502,7,-0.16764820702799815,4.318779706748034e-05,443.1139934583839
1,502,8,-0.5256135661197318,0.0002894727153352485,443.1139934583839
1,503,0,5.174159495055095e-06,0.0001885677177994638,443.1139934583839
1,503,1,1.048694439720242e-05,9.222396405713682e-05,443.1139934583839
1,503,2,1.3195443368399708e-05,6.63788700036536e-05,443.1139934583839
1,503,3,8.407252636221965e-06,5.567506251117753e-05,443.1139934583839
1,503,4,6.713477109418144e-07,5.014887842209857e-05,443.1139934583839
1,503,5,-5.265549321242492e-06,4.6865868647066955e-05,443.1139934583839
1,503,6,1.8216252920975885e-06,4.4711350973703265e-05,443.1139934583839
1,503,7,9.564585205453029e-06,4.318779706748034e-05,443.1139934583839
1,503,8,-3.341163646603115e-07,0.0002894727153352485,443.1139934583839
1,504,0,-0.04554379755796034,0.0001885677177994638,443.1139934583839
1,504,1,-0.11071038832412136,9.222396405713682e-05,443.1139934583839
1,504,2,-0.062181440798839104,6.63788700036536e-05,443.1139934583839
1,504,3,0.15739990229326478,5.567506251117753e-05,443.1139934583839
1,504,4,0.2421386939123063,5.014887842209857e-05,443.1139934583839
1,504,5,-0.057206919595826036,4.6865868647066955e-05,443.1139934583839
1,504,6,-0.3744329825802413,4.4711350973703265e-05,443.1139934583839
1,504,7,-0.1524070190868014,4.318779706748034e-05,443.1139934583839
1,504,8,-0.522498239201908,0.0002894727153352485,443.1139934583839
1,505,0,5.176379098282894e-06,0.0001885677177994638,443.1139934583839
1,505,1,1.0434453137135313e-05,9.222396405713682e-05,443.1139934583839
1,505,2,1.3091748565802987e-05,6.63788700036536e-05,443.1139934583839
1,505,3,8.237481011082706e-06,5.567506251117753e-05,443.1139934583839
1,505,4,6.450887238378697e-07,5.014887842209857e-05,443.1139934583839
1,505,5,-4.850874151106003e-06,4.6865868647066955e-05,443.1139934583839
1,505,6,2.2162615501100443e-06,4.4711350973703265e-05,443.1139934583839
1,505,7,9.471900568554208e-06,4.318779706748034e-05,443.1139934583839
1,505,8,1.5747667614725908e-07,0.0002894727153352485,443.1139934583839
1,506,0,-0.04565324851449985,0.0001885677177994638,443.1139934583839
1,506,1,-0.11078893248692909,9.222396405713682e-05,443.1139934583839
1,506,2,-0.060589213580347176,6.63788700036536e-05,443.1139934583839
1,506,3,0.16011846325958312,5.567506251117753e-05,443.1139934583839
1,506,4,0.23961925983125326,5.014887842209857e-05,443.1139934583839
1,506,5,-0.06619678863791187,4.6865868647066955e-05,443.1139934583839
1,506,6,-0.3760726216929267,4.4711350973703265e-05,443.1139934583839
1,506,7,-0.13688292457192902,4.318779706748034e-05,443.1139934583839
1,506,8,-0.5184818001343214,0.0002894727153352485,443.1139934583839
1,507,0,5.062809659738789e-06,0.0001885677177994638,443.1139934583839
1,507,1,1.0289424011873512e-05,9.222396405713682e-05,443.1139934583839
1,507,2,1.2872239458235894e-05,6.63788700036536e-05,443.1139934583839
1,507,3,8.011907345846547e-06,5.567506251117753e-05,443.1139934583839
1,507,4,6.48804418992957e-07,5.014887842209857e-05,443.1139934583839
1,507,5,-4.781597221121126e-06,4.6865868647066955e-05,443.1139934583839
1,507,6,2.4917653598709695e-06,4.4711350973703265e-05,443.1139934583839
1,507,7,9.439577399033163e-06,4.318779706748034e-05,443.1139934583839
1,507,8,6.193951338084512e-07,0.0002894727153352485,443.1139934583839
1,508,0,-0.045760836615900746,0.0001885677177994638,443.1139934583839
1,508,1,-0.11086349036405656,9.222396405713682e-05,443.1139934583839
1,508,2,-0.058984424083988525,6.63788700036536e-05,443.1139934583839
1,508,3,0.1628059978013998,5.567506251117753e-05,443.1139934583839
1,508,4,0.23698109224662417,5.014887842209857e-05,443.1139934583839
1,508,5,-0.07516317228160647,4.6865868647066955e-05,443.1139934583839
1,508,6,-0.37730707000757385,4.4711350973703265e-05,443.1139934583839
1,508,7,-0.1210971698075339,4.318779706748034e-05,443.1139934583839
1,508,8,-0.5135840480599518,0.0002894727153352485,443.1139934583839
1,509,0,5.07438065592391e-06,0.0001885677177994638,443.1139934583839
1,509,1,1.0237728546109875e-05,9.222396405713682e-05,443.1139934583839
1,509,2,1.282443429120827e-05,6.63788700036536e-05,443.1139934583839
1,509,3,8.028346881794076e-06,5.567506251117753e-05,443.1139934583839
1,509,4,7.271946433345521e-07,5.014887842209857e-05,443.1139934583839
1,509,5,-4.284504380651667e-06,4.6865868647066955e-05,443.1139934583839
1,509,6,2.855203050784348e-06,4.4711350973703265e-05,443.1139934583839
1,509,7,9.521431999706372e-06,4.318779706748034e-05,443.1139934583839
1,509,8,1.066186171767423e-06,0.0002894727153352485,443.1139934583839
1,510,0,-0.04586762611433252,0.0001885677177994638,443.1139934583839
1,510,1,-0.11093613495143798,9.222396405713682e-05,443.1139934583839
1,510,2,-0.05736978994892495,6.63788700036536e-05,443.1139934583839
1,510,3,0.1654589511272802,5.567506251117753e-05,443.1139934583839
1,510,4,0.23422193455325777,5.014887842209857e-05,443.1139934583839
1,510,5,-0.08410270354113328,4.6865868647066955e-05,443.1139934583839
1,510,6,-0.3781361791919235,4.4711350973703265e-05,443.1139934583839
1,510,7,-0.10507319278438891,4.318779706748034e-05,443.1139934583839
1,510,8,-0.507825331528298,0.0002894727153352485,443.1139934583839
1,511,0,4.987881246958399e-06,0.0001885677177994638,443.1139934583839
1,511,1,1.011826129513487e-05,9.222396405713682e-05,443.1139934583839
1,511,2,1.2602641641839828e-05,6.63788700036536e-05,443.1139934583839
1,511,3,7.760920270074306e-06,5.567506251117753e-05,443.1139934583839
1,511,4,6.862794197975275e-07,5.014887842209857e-05,443.1139934583839
1,511,5,-4.211558146719015e-06,4.6865868647066955e-05,443.1139934583839
1,511,6,3.0618341895907452e-06,4.4711350973703265e-05,443.1139934583839
1,511,7,9.31049870019109e-06,4.318779706748034e-05,443.1139934583839
1,511,8,1.4269629816288139e-06,0.0002894727153352485,443.1139934583839
1,512,0,-0.04597382807264514,0.0001885677177994638,443.1139934583839
1,512,1,-0.11100722007068893,9.222396405713682e-05,443.1139934583839
1,512,2,-0.05574590351076674,6.63788700036536e-05,443.1139934583839
1,512,3,0.16807599451244734,5.567506251117753e-05,443.1139934583839
1,512,4,0.23134181067904314,5.014887842209857e-05,443.1139934583839
1,512,5,-0.09300943032047454,4.6865868647066955e-05,443.1139934583839
1,512,6,-0.3785581388988789,4.4711350973703265e-05,443.1139934583839
1,512,7,-0.08883312233270775,4.318779706748034e-05,443.1139934583839
1,512,8,-0.5012269677691035,0.0002894727153352485,443.1139934583839
1,513,0,4.97562745347768e-06,0.0001885677177994638,443.1139934583839
1,513,1,9.974884893371319e-06,9.222396405713682e-05,443.1139934583839
1,513,2,1.2474364512697396e-05,6.63788700036536e-05,443.1139934583839
1,513,3,7.722197535771674e-06,5.567506251117753e-05,443.1139934583839
1,513,4,7.208148753620694e-07,5.014887842209857e-05,443.1139934583839
1,513,5,-3.937623025860434e-06,4.6865868647066955e-05,443.1139934583839
1,513,6,3.3708259251415056e-06,4.4711350973703265e-05,443.1139934583839
1,513,7,9.333641705616997e-06,4.318779706748034e-05,443.1139934583839
1,513,8,1.8131968742784913e-06,0.0002894727153352485,443.1139934583839
1,514,0,-0.04607886016125766,0.0001885677177994638,443.1139934583839
1,514,1,-0.11107572685244346,9.222396405713682e-05,443.1139934583839
1,514,2,-0.05411144372979276,6.63788700036536e-05,443.1139934583839
1,514,3,0.17065807122768514,5.567506251117753e-05,443.1139934583839
1,514,4,0.22834301624328238,5.014887842209857e-05,443.1139934583839
1,514,5,-0.10187576955284228,4.6865868647066955e-05,443.1139934583839
1,514,6,-0.3785693526229986,4.4711350973703265e-05,443.1139934583839
1,514,7,-0.0723975740628471,4.318779706748034e-05,443.1139934583839
1,514,8,-0.493811196596851,0.0002894727153352485,443.1139934583839
1,515,0,4.898098743761357e-06,0.0001885677177994638,443.1139934583839
1,515,1,9.944767825332771e-06,9.222396405713682e-05,443.1139934583839
1,515,2,1.2344290125955599e-05,6.63788700036536e-05,443.1139934583839
1,515,3,7.500825858446337e-06,5.567506251117753e-05,443.1139934583839
1,515,4,7.867034480397802e-07,5.014887842209857e-05,443.1139934583839
1,515,5,-3.6261134506827613e-06,4.6865868647066955e-05,443.1139934583839
1,515,6,3.5967689457353706e-06,4.4711350973703265e-05,443.1139934583839
1,515,7,9.204958893649783e-06,4.318779706748034e-05,443.1139934583839
1,515,8,2.1321289350424384e-06,0.0002894727153352485,443.1139934583839
1,516,0,-0.04618227176136467,0.0001885677177994638,443.1139934583839
1,516,1,-0.11114081377421506,9.222396405713682e-05,443.1139934583839
1,516,2,-0.05246536197028282,6.63788700036536e-05,443.1139934583839
1,516,3,0.17320570386383918,5.567506251117753e-05,443.1139934583839
1,516,4,0.22522771330725236,5.014887842209857e-05,443.1139934583839
1,516,5,-0.11069401369483624,4.6865868647066955e-05,443.1139934583839
1,516,6,-0.37816703381980726,4.4711350973703265e-05,443.1139934583839
1,516,7,-0.05578772220505847,4.318779706748034e-05,443.1139934583839
1,516,8,-0.4856009478260544,0.0002894727153352485,443.1139934583839
1,517,0,4.877077244069332e-06,0.0001885677177994638,443.1139934583839
1,517,1,9.806354207779578e-06,9.222396405713682e-05,443.1139934583839
1,517,2,1.2219587400315403e-05,6.63788700036536e-05,443.1139934583839
1,517,3,7.482025804025302e-06,5.567506251117753e-05,443.1139934583839
1,517,4,7.589156862787342e-07,5.014887842209857e-05,443.1139934583839
1,517,5,-3.4497279762824123e-06,4.6865868647066955e-05,443.1139934583839
1,517,6,3.914304481556891e-06,4.4711350973703265e-05,443.1139934583839
1,517,7,9.184053663447875e-06,4.318779706748034e-05,443.1139934583839
1,517,8,2.469880926780054e-06,0.0002894727153352485,443.1139934583839
1,518,0,-0.04628393000864294,0.0001885677177994638,443.1139934583839
1,518,1,-0.11120201335523724,9.222396405713682e-05,443.1139934583839
1,518,2,-0.05080719265500253,6.63788700036536e-05,443.1139934583839
1,518,3,0.1757186671855046,5.567506251117753e-05,443.1139934583839
1,518,4,0.22199722449036285,5.014887842209857e-05,443.1139934583839
1,518,5,-0.1194572942388164,4.6865868647066955e-05,443.1139934583839
1,518,6,-0.37734931514720504,4.4711350973703265e-05,443.1139934583839
1,518,7,-0.03902568385116676,4.318779706748034e-05,443.1139934583839
1,518,8,-0.47661984189871276,0.0002894727153352485,443.1139934583839
1,519,0,4.815376750160016e-06,0.0001885677177994638,443.1139934583839
1,519,1,9.682987092376015e-06,9.222396405713682e-05,443.1139934583839
1,519,2,1.2016299866615371e-05,6.63788700036536e-05,443.1139934583839
1,519,3,7.2562609496632336e-06,5.567506251117753e-05,443.1139934583839
1,519,4,8.128359362960731e-07,5.014887842209857e-05,443.1139934583839
1,519,5,-3.2012087434487953e-06,4.6865868647066955e-05,443.1139934583839
1,519,6,4.023917591365988e-06,4.4711350973703265e-05,443.1139934583839
1,519,7,8.958602872277981e-06,4.318779706748034e-05,443.1139934583839
1,519,8,2.7587059715737557e-06,0.0002894727153352485,443.1139934583839
1,520,0,-0.04638453966432975,0.0001885677177994638,443.1139934583839
1,520,1,-0.11126099355205354,9.222396405713682e-05,443.1139934583839
1,520,2,-0.049138990236101826,6.63788700036536e-05,443.1139934583839
1,520,3,0.17819424646971488,5.567506251117753e-05,443.1139934583839
1,520,4,0.21865026872266732,5.014887842209857e-05,443.1139934583839
1,520,5,-0.12816145489854822,4.6865868647066955e-05,443.1139934583839
1,520,6,-0.37611744817172604,4.4711350973703265e-05,443.1139934583839
1,520,7,-0.022136400057389257,4.318779706748034e-05,443.1139934583839
1,520,8,-0.46689192026532267,0.0002894727153352485,443.1139934583839
1,521,0,4.7827998319359935e-06,0.0001885677177994638,443.1139934583839
1,521,1,9.67130300359069e-06,9.222396405713682e-05,443.1139934583839
1,521,2,1.1943861467307304e-05,6.63788700036536e-05,443.1139934583839
1,521,3,7.2027727999744e-06,5.567506251117753e-05,443.1139934583839
1,521,4,8.130289131949306e-07,5.014887842209857e-05,443.1139934583839
1,521,5,-2.9776992463422275e-06,4.6865868647066955e-05,443.1139934583839
1,521,6,4.417484031085339e-06,4.4711350973703265e-05,443.1139934583839
1,521,7,9.000955608280178e-06,4.318779706748034e-05,443.1139934583839
1,521,8,3.001294017194616e-06,0.0002894727153352485,443.1139934583839
1,522,0,-0.046484540798789394,0.0001885677177994638,443.1139934583839
1,522,1,-0.11131846417769398,9.222396405713682e-05,443.1139934583839
1,522,2,-0.04746200480371852,6.63788700036536e-05,443.1139934583839
1,522,3,0.18063045037463385,5.567506251117753e-05,443.1139934583839
1,522,4,0.21518649394160613,5.014887842209857e-05,443.1139934583839
1,522,5,-0.1368014208142986,4.6865868647066955e-05,443.1139934583839
1,522,6,-0.3744719748472005,4.4711350973703265e-05,443.1139934583839
1,522,7,-0.005144295404039354,4.318779706748034e-05,443.1139934583839
1,522,8,-0.4564420422244057,0.0002894727153352485,443.1139934583839
1,523,0,4.7310576452473615e-06,0.0001885677177994638,443.1139934583839
1,523,1,9.467031234012707e-06,9.222396405713682e-05,443.1139934583839
1,523,2,1.1781591520463582e-05,6.63788700036536e-05,443.1139934583839
1,523,3,7.027210932206263e-06,5.567506251117753e-05,443.1139934583839
1,523,4,8.96603802748962e-07,5.014887842209857e-05,443.1139934583839
1,523,5,-2.7191580546831336e-06,4.6865868647066955e-05,443.1139934583839
1,523,6,4.433067406279538e-06,4.4711350973703265e-05,443.1139934583839
1,523,7,8.817345746366726e-06,4.318779706748034e-05,443.1139934583839
1,523,8,3.264070677433969e-06,0.0002894727153352485,443.1139934583839
1,524,0,-0.046583422288888995,0.0001885677177994638,443.1139934583839
1,524,1,-0.11137350797145618,9.222396405713682e-05,443.1139934583839
1,524,2,-0.04577498499262363,6.63788700036536e-05,443.1139934583839
1,524,3,0.18302799343752235,5.567506251117753e-05,443.1139934583839
1,524,4,0.21160824678094192,5.014887842209857e-05,443.1139934583839
1,524,5,-0.1453694685486391,4.6865868647066955e-05,443.1139934583839
1,524,6,-0.37241145842430945,4.4711350973703265e-05,443.1139934583839
1,524,7,0.011928663747401815,4.318779706748034e-05,443.1139934583839
1,524,8,-0.4452957685961303,0.0002894727153352485,443.1139934583839
1,525,0,4.666303848961533e-06,0.0001885677177994638,443.1139934583839
1,525,1,9.440412292835312e-06,9.222396405713682e-05,443.1139934583839
1,525,2,1.1624073670436419e-05,6.63788700036536e-05,443.1139934583839
1,525,3,6.921361951097446e-06,5.567506251117753e-05,443.1139934583839
1,525,4,8.766696703328274e-07,5.014887842209857e-05,443.1139934583839
1,525,5,-2.577199478386081e-06,4.6865868647066955e-05,443.1139934583839
1,525,6,4.7286587483263466e-06,4.4711350973703265e-05,443.1139934583839
1,525,7,8.61797561413108e-06,4.318779706748034e-05,443.1139934583839
1,525,8,3.444371601381361e-06,0.0002894727153352485,443.1139934583839
1,526,0,-0.046680915377561846,0.0001885677177994638,443.1139934583839
1,526,1,-0.11142557896293333,9.222396405713682e-05,443.1139934583839
1,526,2,-0.04407722053407326,6.63788700036536e-05,443.1139934583839
1,526,3,0.18538700220923401,5.567506251117753e-05,443.1139934583839
1,526,4,0.20791759970485815,5.014887842209857e-05,443.1139934583839
1,526,5,-0.15385841252370952,4.6865868647066955e-05,443.1139934583839
1,526,6,-0.36993560463228997,4.4711350973703265e-05,443.1139934583839
1,526,7,0.02905923774105303,4.318779706748034e-05,443.1139934583839
1,526,8,-0.4334793288949213,0.0002894727153352485,443.1139934583839
1,527,0,4.6737350194862985e-06,0.0001885677177994638,443.1139934583839
1,527,1,9.338600477335274e-06,9.222396405713682e-05,443.1139934583839
1,527,2,1.1561920552889126e-05,6.63788700036536e-05,443.1139934583839
1,527,3,6.8942074512390175e-06,5.567506251117753e-05,443.1139934583839
1,527,4,9.855124456746588e-07,5.014887842209857e-05,443.1139934583839
1,527,5,-2.235503027882731e-06,4.6865868647066955e-05,443.1139934583839
1,527,6,4.939618267105208e-06,4.4711350973703265e-05,443.1139934583839
1,527,7,8.675176615944877e-06,4.318779706748034e-05,443.1139934583839
1,527,8,3.6961590830217706e-06,0.0002894727153352485,443.1139934583839
1,528,0,-0.046776644107298884,0.0001885677177994638,443.1139934583839
1,528,1,-0.11147395305763239,9.222396405713682e-05,443.1139934583839
1,528,2,-0.042367948392316127,6.63788700036536e-05,443.1139934583839
1,528,3,0.18770780168315016,5.567506251117753e-05,443.1139934583839
1,528,4,0.20411654248642785,5.014887842209857e-05,443.1139934583839
1,528,5,-0.16226110025673837,4.6865868647066955e-05,443.1139934583839
1,528,6,-0.36704411510314877,4.4711350973703265e-05,443.1139934583839
1,528,7,0.04622436895417382,4.318779706748034e-05,443.1139934583839
1,528,8,-0.42101943848706946,0.0002894727153352485,443.1139934583839
1,529,0,4.553742495731247e-06,0.0001885677177994638,443.1139934583839
1,529,1,9.208213041457597e-06,9.222396405713682e-05,443.1139934583839
1,529,2,1.133705850644279e-05,6.63788700036536e-05,443.1139934583839
1,529,3,6.6730098844403286e-06,5.567506251117753e-05,443.1139934583839
1,529,4,9.143169136923131e-07,5.014887842209857e-05,443.1139934583839
1,529,5,-2.150935213131524e-06,4.6865868647066955e-05,443.1139934583839
1,529,6,5.052017703975063e-06,4.4711350973703265e-05,443.1139934583839
1,529,7,8.366273337774206e-06,4.318779706748034e-05,443.1139934583839
1,529,8,3.828250373970331e-06,0.0002894727153352485,443.1139934583839
1,530,0,-0.0468711999343604,0.0001885677177994638,443.1139934583839
1,530,1,-0.11151977227360269,9.222396405713682e-05,443.1139934583839
1,530,2,-0.040648632449307005,6.63788700036536e-05,443.1139934583839
1,530,3,0.18998827419489803,5.567506251117753e-05,443.1139934583839
1,530,4,0.200204565338326,5.014887842209857e-05,443.1139934583839
1,530,5,-0.17057267545950308,4.6865868647066955e-05,443.1139934583839
1,530,6,-0.36373961740898425,4.4711350973703265e-05,443.1139934583839
1,530,7,0.06339878602829296,4.318779706748034e-05,443.1139934583839
1,530,8,-0.40794319334188905,0.0002894727153352485,443.1139934583839
1,531,0,4.589379626177525e-06,0.0001885677177994638,443.1139934583839
1,531,1,9.13800750847707e-06,9.222396405713682e-05,443.1139934583839
1,531,2,1.1257228670238987e-05,6.63788700036536e-05,443.1139934583839
1,531,3,6.57650556138024e-06,5.567506251117753e-05,443.1139934583839
1,531,4,1.0571891797458621e-06,5.014887842209857e-05,443.1139934583839
1,531,5,-1.9054983703520777e-06,4.6865868647066955e-05,443.1139934583839
1,531,6,5.249478736136725e-06,4.4711350973703265e-05,443.1139934583839
1,531,7,8.297628171053747e-06,4.318779706748034e-05,443.1139934583839
1,531,8,4.020052589184653e-06,0.0002894727153352485,443.1139934583839
1,532,0,-0.04696515163230738,0.0001885677177994638,443.1139934583839
1,532,1,-0.11156417630378015,9.222396405713682e-05,443.1139934583839
1,532,2,-0.038920863051169444,6.63788700036536e-05,443.1139934583839
1,532,3,0.19222594723862943,5.567506251117753e-05,443.1139934583839
1,532,4,0.1961812431484963,5.014887842209857e-05,443.1139934583839
1,532,5,-0.17878876023552404,4.6865868647066955e-05,443.1139934583839
1,532,6,-0.3600252221867234,4.4711350973703265e-05,443.1139934583839
1,532,7,0.08055655139113992,4.318779706748034e-05,443.1139934583839
1,532,8,-0.3942782710445681,0.0002894727153352485,443.1139934583839
1,533,0,4.50245528737469e-06,0.0001885677177994638,443.1139934583839
1,533,1,9.07442273043229e-06,9.222396405713682e-05,443.1139934583839
1,533,2,1.113492959174478e-05,6.63788700036536e-05,443.1139934583839
1,533,3,6.545339392382046e-06,5.567506251117753e-05,443.1139934583839
1,533,4,1.0530387630345384e-06,5.014887842209857e-05,443.1139934583839
1,533,5,-1.6041017190796766e-06,4.6865868647066955e-05,443.1139934583839
1,533,6,5.439732368387394e-06,4.4711350973703265e-05,443.1139934583839
1,533,7,8.216471955582841e-06,4.318779706748034e-05,443.1139934583839
1,533,8,4.134204452245949e-06,0.0002894727153352485,443.1139934583839
1,534,0,-0.04705797100880343,0.0001885677177994638,443.1139934583839
1,534,1,-0.11160628851489399,9.222396405713682e-05,443.1139934583839
1,534,2,-0.037183662993910745,6.63788700036536e-05,443.1139934583839
1,534,3,0.19442131477034058,5.567506251117753e-05,443.1139934583839
1,534,4,0.19204919778964777,5.014887842209857e-05,443.1139934583839
1,534,5,-0.18690174763215303,4.6865868647066955e-05,443.1139934583839
1,534,6,-0.35590162312846435,4.4711350973703265e-05,443.1139934583839
1,534,7,0.09767460662127636,4.318779706748034e-05,443.1139934583839
1,534,8,-0.3800528896937378,0.0002894727153352485,443.1139934583839
1,535,0,4.44345914340326e-06,0.0001885677177994638,443.1139934583839
1,535,1,8.908073364716436e-06,9.222396405713682e-05,443.1139934583839
1,535,2,1.0988346758881143e-05,6.63788700036536e-05,443.1139934583839
1,535,3,6.3803062232145305e-06,5.567506251117753e-05,443.1139934583839
1,535,4,1.0074093862581522e-06,5.014887842209857e-05,443.1139934583839
1,535,5,-1.585253535957458e-06,4.6865868647066955e-05,443.1139934583839
1,535,6,5.446362594185826e-06,4.4711350973703265e-05,443.1139934583839
1,535,7,7.931062952668436e-06,4.318779706748034e-05,443.1139934583839
1,535,8,4.266091299010931e-06,0.0002894727153352485,443.1139934583839
1,536,0,-0.04714943684158851,0.0001885677177994638,443.1139934583839
1,536,1,-0.11164547859612192,9.222396405713682e-05,443.1139934583839
1,536,2,-0.0354362590293858,6.63788700036536e-05,443.1139934583839
1,536,3,0.19657480525686843,5.567506251117753e-05,443.1139934583839
1,536,4,0.18781046536378568,5.014887842209857e-05,443.1139934583839
1,536,5,-0.19490450288148983,4.6865868647066955e-05,443.1139934583839
1,536,6,-0.35137049732601217,4.4711350973703265e-05,443.1139934583839
1,536,7,0.11472931967863133,4.318779706748034e-05,443.1139934583839
1,536,8,-0.36529579767130566,0.0002894727153352485,443.1139934583839
1,537,0,4.4382943892016966e-06,0.0001885677177994638,443.1139934583839
1,537,1,8.889371986055065e-06,9.222396405713682e-05,443.1139934583839
1,537,2,1.0914382006249932e-05,6.63788700036536e-05,443.1139934583839
1,537,3,6.318441467936045e-06,5.567506251117753e-05,443.1139934583839
1,537,4,1.1795844784813726e-06,5.014887842209857e-05,443.1139934583839
1,537,5,-1.2587897791505095e-06,4.6865868647066955e-05,443.1139934583839
1,537,6,5.7736438070014004e-06,4.4711350973703265e-05,443.1139934583839
1,537,7,7.922379198655782e-06,4.318779706748034e-05,443.1139934583839
1,537,8,4.372291603677611e-06,0.0002894727153352485,443.1139934583839
1,538,0,-0.04723923554653547,0.0001885677177994638,443.1139934583839
1,538,1,-0.11168118362342457,9.222396405713682e-05,443.1139934583839
1,538,2,-0.03367783660455214,6.63788700036536e-05,443.1139934583839
1,538,3,0.19868661730345846,5.567506251117753e-05,443.1139934583839
1,538,4,0.1834672255771438,5.014887842209857e-05,443.1139934583839
1,538,5,-0.20279019969000822,4.6865868647066955e-05,443.1139934583839
1,538,6,-0.3464338159631851,4.4711350973703265e-05,443.1139934583839
1,538,7,0.13169701265784514,4.318779706748034e-05,443.1139934583839
1,538,8,-0.3500361168861964,0.0002894727153352485,443.1139934583839
1,539,0,4.386609093199027e-06,0.0001885677177994638,443.1139934583839
1,539,1,8.764796514932683e-06,9.222396405713682e-05,443.1139934583839
1,539,2,1.0736860530002275e-05,6.63788700036536e-05,443.1139934583839
1,539,3,6.196820730427654e-06,5.567506251117753e-05,443.1139934583839
1,539,4,1.1942106346576726e-06,5.014887842209857e-05,443.1139934583839
1,539,5,-1.1193102051837234e-06,4.6865868647066955e-05,443.1139934583839
1,539,6,5.791001026938927e-06,4.4711350973703265e-05,443.1139934583839
1,539,7,7.659837097881822e-06,4.318779706748034e-05,443.1139934583839
1,539,8,4.479968407260846e-06,0.0002894727153352485,443.1139934583839
1,540,0,-0.04732772987164708,0.0001885677177994638,443.1139934583839
1,540,1,-0.11171420346246985,9.222396405713682e-05,443.1139934583839
1,540,2,-0.03190959769758792,6.63788700036536e-05,443.1139934583839
1,540,3,0.20075495289724019,5.567506251117753e-05,443.1139934583839
1,540,4,0.17901984823567196,5.014887842209857e-05,443.1139934583839
1,540,5,-0.21055377830686386,4.6865868647066955e-05,443.1139934583839
1,540,6,-0.34109569695736647,4.4711350973703265e-05,443.1139934583839
1,540,7,0.14855214410381573,4.318779706748034e-05,443.1139934583839
1,540,8,-0.33430318426867467,0.0002894727153352485,443.1139934583839
1,541,0,4.331893038773285e-06,0.0001885677177994638,443.1139934583839
1,541,1,8.688560832504815e-06,9.222396405713682e-05,443.1139934583839
1,541,2,1.0633135081185891e-05,6.63788700036536e-05,443.1139934583839
1,541,3,6.047787435707133e-06,5.567506251117753e-05,443.1139934583839
1,541,4,1.195635924334957e-06,5.014887842209857e-05,443.1139934583839
1,541,5,-9.492843266298985e-07,4.6865868647066955e-05,443.1139934583839
1,541,6,5.923198518496635e-06,4.4711350973703265e-05,443.1139934583839
1,541,7,7.617572481491769e-06,4.318779706748034e-05,443.1139934583839
1,541,8,4.542117121976583e-06,0.0002894727153352485,443.1139934583839
1,542,0,-0.047415514287091155,0.0001885677177994638,443.1139934583839
1,542,1,-0.11174573403489843,9.222396405713682e-05,443.1139934583839
1,542,2,-0.03013317248404952,6.63788700036536e-05,443.1139934583839
1,542,3,0.20277727627208575,5.567506251117753e-05,443.1139934583839
1,542,4,0.1744681012982518,5.014887842209857e-05,443.1139934583839
1,542,5,-0.2181910246362367,4.6865868647066955e-05,443.1139934583839
1,542,6,-0.33536145948535545,4.4711350973703265e-05,443.1139934583839
1,542,7,0.16526889099439038,4.318779706748034e-05,443.1139934583839
1,542,8,-0.318126661866704,0.0002894727153352485,443.1139934583839
1,543,0,4.302113954840778e-06,0.0001885677177994638,443.1139934583839
1,543,1,8.611651838563509e-06,9.222396405713682e-05,443.1139934583839
1,543,2,1.051063125814872e-05,6.63788700036536e-05,443.1139934583839
1,543,3,6.088304199082904e-06,5.567506251117753e-05,443.1139934583839
1,543,4,1.2336997411596892e-06,5.014887842209857e-05,443.1139934583839
1,543,5,-6.823036821907714e-07,4.6865868647066955e-05,443.1139934583839
1,543,6,6.032226781833471e-06,4.4711350973703265e-05,443.1139934583839
1,543,7,7.341102778853317e-06,4.318779706748034e-05,443.1139934583839
1,543,8,4.607184892029943e-06,0.0002894727153352485,443.1139934583839
1,544,0,-0.04750228132567198,0.0001885677177994638,443.1139934583839
1,544,1,-0.11177504979355282,9.222396405713682e-05,443.1139934583839
1,544,2,-0.02834781759633579,6.63788700036536e-05,443.1139934583839
1,544,3,0.20475388775207065,5.567506251117753e-05,443.1139934583839
1,544,4,0.1698142968083499,5.014887842209857e-05,443.1139934583839
1,544,5,-0.2256949101184055,4.6865868647066955e-05,443.1139934583839
1,544,6,-0.32923431669508446,4.4711350973703265e-05,443.1139934583839
1,544,7,0.18182374129409876,4.318779706748034e-05,443.1139934583839
1,544,8,-0.3015366811173938,0.0002894727153352485,443.1139934583839
1,545,0,4.240386474064178e-06,0.0001885677177994638,443.1139934583839
1,545,1,8.448284287591455e-06,9.222396405713682e-05,443.1139934583839
1,545,2,1.0369205279155799e-05,6.63788700036536e-05,443.1139934583839
1,545,3,5.879300649555202e-06,5.567506251117753e-05,443.1139934583839
1,545,4,1.2531866089630138e-06,5.014887842209857e-05,443.1139934583839
1,545,5,-6.393189795836434e-07,4.6865868647066955e-05,443.1139934583839
1,545,6,6.130354708200899e-06,4.4711350973703265e-05,443.1139934583839
1,545,7,7.227619872974331e-06,4.318779706748034e-05,443.1139934583839
1,545,8,4.641406120946817e-06,0.0002894727153352485,443.1139934583839
1,546,0,-0.047587682952417755,0.0001885677177994638,443.1139934583839
1,546,1,-0.11180157226415696,9.222396405713682e-05,443.1139934583839
1,546,2,-0.026552776495121545,6.63788700036536e-05,443.1139934583839
1,546,3,0.206685461753113,5.567506251117753e-05,443.1139934583839
1,546,4,0.16506088220424264,5.014887842209857e-05,443.1139934583839
1,546,5,-0.23305843865124717,4.6865868647066955e-05,443.1139934583839
1,546,6,-0.3227176455812117,4.4711350973703265e-05,443.1139934583839
1,546,7,0.1981932367744671,4.318779706748034e-05,443.1139934583839
1,546,8,-0.2845637103208445,0.0002894727153352485,443.1139934583839
1,547,0,4.223313478321872e-06,0.0001885677177994638,443.1139934583839
1,547,1,8.454670360892194e-06,9.222396405713682e-05,443.1139934583839
1,547,2,1.0312583452882501e-05,6.63788700036536e-05,443.1139934583839
1,547,3,5.770602957699955e-06,5.567506251117753e-05,443.1139934583839
1,547,4,1.3851542742769879e-06,5.014887842209857e-05,443.1139934583839
1,547,5,-3.8910998715688657e-07,4.6865868647066955e-05,443.1139934583839
1,547,6,6.178933577637145e-06,4.4711350973703265e-05,443.1139934583839
1,547,7,7.010077124153183e-06,4.318779706748034e-05,443.1139934583839
1,547,8,4.709257581003631e-06,0.0002894727153352485,443.1139934583839
1,548,0,-0.047671414437457,0.0001885677177994638,443.1139934583839
1,548,1,-0.11182477959348462,9.222396405713682e-05,443.1139934583839
1,548,2,-0.02474742028893411,6.63788700036536e-05,443.1139934583839
1,548,3,0.20857187704796895,5.567506251117753e-05,443.1139934583839
1,548,4,0.1602103427480602,5.014887842209857e-05,443.1139934583839
1,548,5,-0.24027507359210354,4.6865868647066955e-05,443.1139934583839
1,548,6,-0.31581571512001844,4.4711350973703265e-05,443.1139934583839
1,548,7,0.21435381939784479,4.318779706748034e-05,443.1139934583839
1,548,8,-0.2672383910694216,0.0002894727153352485,443.1139934583839
1,549,0,4.164812088936338e-06,0.0001885677177994638,443.1139934583839
1,549,1,8.338746760408432e-06,9.222396405713682e-05,443.1139934583839
1,549,2,1.0220433154958743e-05,6.63788700036536e-05,443.1139934583839
1,549,3,5.775197822038775e-06,5.567506251117753e-05,443.1139934583839
1,549,4,1.4044587122020508e-06,5.014887842209857e-05,443.1139934583839
1,549,5,-2.299650677337031e-07,4.6865868647066955e-05,443.1139934583839
1,549,6,6.4025293476579845e-06,4.4711350973703265e-05,443.1139934583839
1,549,7,6.998556116200823e-06,4.318779706748034e-05,443.1139934583839
1,549,8,4.715148888137957e-06,0.0002894727153352485,443.1139934583839
1,550,0,-0.04775390715418432,0.0001885677177994638,443.1139934583839
1,550,1,-0.11184530781878968,9.222396405713682e-05,443.1139934583839
1,550,2,-0.022932643173669828,6.63788700036536e-05,443.1139934583839
1,550,3,0.21041134157524746,5.567506251117753e-05,443.1139934583839
1,550,4,0.1552634836455048,5.014887842209857e-05,443.1139934583839
1,550,5,-0.24734000986947624,4.6865868647066955e-05,443.1139934583839
1,550,6,-0.30853486073327374,4.4711350973703265e-05,443.1139934583839
1,550,7,0.23028055639931944,4.318779706748034e-05,443.1139934583839
1,550,8,-0.2495914220898823,0.0002894727153352485,443.1139934583839
1,551,0,4.1643378721361735e-06,0.0001885677177994638,443.1139934583839
1,551,1,8.245967016661446e-06,9.222396405713682e-05,443.1139934583839
1,551,2,1.0022548303230635e-05,6.63788700036536e-05,443.1139934583839
1,551,3,5.6645748283274304e-06,5.567506251117753e-05,443.1139934583839
1,551,4,1.3342268005038242e-06,5.014887842209857e-05,443.1139934583839
1,551,5,-7.135529360881497e-08,4.6865868647066955e-05,443.1139934583839
1,551,6,6.423426555017533e-06,4.4711350973703265e-05,443.1139934583839
1,551,7,6.728321949686175e-06,4.318779706748034e-05,443.1139934583839
1,551,8,4.738199056604892e-06,0.0002894727153352485,443.1139934583839
1,552,0,-0.047835551737842805,0.0001885677177994638,443.1139934583839
1,552,1,-0.11186417444431611,9.222396405713682e-05,443.1139934583839
1,552,2,-0.021109740690745837,6.63788700036536e-05,443.1139934583839
1,552,3,0.21220210089008046,5.567506251117753e-05,443.1139934583839
1,552,4,0.15022021585997627,5.014887842209857e-05,443.1139934583839
1,552,5,-0.25424886443227024,4.6865868647066955e-05,443.1139934583839
1,552,6,-0.30088158485215055,4.4711350973703265e-05,443.1139934583839
1,552,7,0.24594881427477072,4.318779706748034e-05,443.1139934583839
1,552,8,-0.23165368385802168,0.0002894727153352485,443.1139934583839
1,553,0,4.027978036065098e-06,0.0001885677177994638,443.1139934583839
1,553,1,8.11098656502702e-06,9.222396405713682e-05,443.1139934583839
1,553,2,9.836876656455803e-06,6.63788700036536e-05,443.1139934583839
1,553,3,5.445388408658963e-06,5.567506251117753e-05,443.1139934583839
1,553,4,1.4894777582432413e-06,5.014887842209857e-05,443.1139934583839
1,553,5,-5.115753557593718e-10,4.6865868647066955e-05,443.1139934583839
1,553,6,6.29151859228371e-06,4.4711350973703265e-05,443.1139934583839
1,553,7,6.423383927598771e-06,4.318779706748034e-05,443.1139934583839
1,553,8,4.720401313121076e-06,0.0002894727153352485,443.1139934583839
1,554,0,-0.047916253233604426,0.0001885677177994638,443.1139934583839
1,554,1,-0.11188113675172132,9.222396405713682e-05,443.1139934583839
1,554,2,-0.019278772065843046,6.63788700036536e-05,443.1139934583839
1,554,3,0.2139436974739878,5.567506251117753e-05,443.1139934583839
1,554,4,0.14508277349963916,5.014887842209857e-05,443.1139934583839
1,554,5,-0.2609957230206907,4.6865868647066955e-05,443.1139934583839
1,554,6,-0.29286197913709644,4.4711350973703265e-05,443.1139934583839
1,554,7,0.2613348292276345,4.318779706748034e-05,443.1139934583839
1,554,8,-0.21345635771791027,0.0002894727153352485,443.1139934583839
1,555,0,4.108413139019491e-06,0.0001885677177994638,443.1139934583839
1,555,1,8.140890826020865e-06,9.222396405713682e-05,443.1139934583839
1,555,2,9.970831791601213e-06,6.63788700036536e-05,443.1139934583839
1,555,3,5.625769950953712e-06,5.567506251117753e-05,443.1139934583839
1,555,4,1.5210240622363065e-06,5.014887842209857e-05,443.1139934583839
1,555,5,3.933888333807756e-07,4.6865868647066955e-05,443.1139934583839
1,555,6,6.6721952876576235e-06,4.4711350973703265e-05,443.1139934583839
1,555,7,6.594633575154334e-06,4.318779706748034e-05,443.1139934583839
1,555,8,4.748158978363199e-06,0.0002894727153352485,443.1139934583839
1,556,0,-0.047995695413928334,0.0001885677177994638,443.1139934583839
1,556,1,-0.11189551394766988,9.222396405713682e-05,443.1139934583839
1,556,2,-0.01743878527096868,6.63788700036536e-05,443.1139934583839
1,556,3,0.21563665863595882,5.567506251117753e-05,443.1139934583839
1,556,4,0.1398540505119169,5.014887842209857e-05,443.1139934583839
1,556,5,-0.2675735616434215,4.6865868647066955e-05,443.1139934583839
1,556,6,-0.28448171042798,4.4711350973703265e-05,443.1139934583839
1,556,7,0.27641637904691196,4.318779706748034e-05,443.1139934583839
1,556,8,-0.1950306901123318,0.0002894727153352485,443.1139934583839
1,557,0,3.981623571473001e-06,0.0001885677177994638,443.1139934583839
1,557,1,7.988085182656387e-06,9.222396405713682e-05,443.1139934583839
1,557,2,9.679536100511845e-06,6.63788700036536e-05,443.1139934583839
1,557,3,5.294556607972203e-06,5.567506251117753e-05,443.1139934583839
1,557,4,1.5913067615106685e-06,5.014887842209857e-05,443.1139934583839
1,557,5,1.7638981465661557e-07,4.6865868647066955e-05,443.1139934583839
1,557,6,6.576787015175359e-06,4.4711350973703265e-05,443.1139934583839
1,557,7,6.132018445374432e-06,4.318779706748034e-05,443.1139934583839
1,557,8,4.709766042501393e-06,0.0002894727153352485,443.1139934583839
1,558,0,-0.04807353620483793,0.0001885677177994638,443.1139934583839
1,558,1,-0.11190664991356637,9.222396405713682e-05,443.1139934583839
1,558,2,-0.015588936560242187,6.63788700036536e-05,443.1139934583839
1,558,3,0.2172812077209716,5.567506251117753e-05,443.1139934583839
1,558,4,0.13453657608962358,5.014887842209857e-05,443.1139934583839
1,558,5,-0.27397642931240096,4.6865868647066955e-05,443.1139934583839
1,558,6,-0.27574645289789124,4.4711350973703265e-05,443.1139934583839
1,558,7,0.2911712269324266,4.318779706748034e-05,443.1139934583839
1,558,8,-0.17640789864964843,0.0002894727153352485,443.1139934583839
1,559,0,3.9853917359054335e-06,0.0001885677177994638,443.1139934583839
1,559,1,7.872625245602297e-06,9.222396405713682e-05,443.1139934583839
1,559,2,9.584198579613656e-06,6.63788700036536e-05,443.1139934583839
1,559,3,5.336381297924837e-06,5.567506251117753e-05,443.1139934583839
1,559,4,1.5665657774689132e-06,5.014887842209857e-05,443.1139934583839
1,559,5,6.530450377133743e-07,4.6865868647066955e-05,443.1139934583839
1,559,6,6.5773038479611696e-06,4.4711350973703265e-05,443.1139934583839
1,559,7,6.141546871954041e-06,4.318779706748034e-05,443.1139934583839
1,559,8,4.679595160418794e-06,0.0002894727153352485,443.1139934583839
1,560,0,-0.048150258416272095,0.0001885677177994638,443.1139934583839
1,560,1,-0.11191558648261953,9.222396405713682e-05,443.1139934583839
1,560,2,-0.013730785793160874,6.63788700036536e-05,443.1139934583839
1,560,3,0.21887517318625518,5.567506251117753e-05,443.1139934583839
1,560,4,0.12913105485508983,5.014887842209857e-05,443.1139934583839
1,560,5,-0.2802002654993906,4.6865868647066955e-05,443.1139934583839
1,560,6,-0.2666648566346278,4.4711350973703265e-05,443.1139934583839
1,560,7,0.3055752335787988,4.318779706748034e-05,443.1139934583839
1,560,8,-0.15761932569545206,0.0002894727153352485,443.1139934583839
1,561,0,3.9315908387564e-06,0.0001885677177994638,443.1139934583839
1,561,1,7.908573062358342e-06,9.222396405713682e-05,443.1139934583839
1,561,2,9.603036745629447e-06,6.63788700036536e-05,443.1139934583839
1,561,3,5.314689855428687e-06,5.567506251117753e-05,443.1139934583839
1,561,4,1.7104754510626436e-06,5.014887842209857e-05,443.1139934583839
1,561,5,6.320576101182484e-07,4.6865868647066955e-05,443.1139934583839
1,561,6,6.713744601826019e-06,4.4711350973703265e-05,443.1139934583839
1,561,7,5.977638617949567e-06,4.318779706748034e-05,443.1139934583839
1,561,8,4.696818548933603e-06,0.0002894727153352485,443.1139934583839
1,562,0,-0.04822616033641626,0.0001885677177994638,443.1139934583839
1,562,1,-0.11192277057564878,9.222396405713682e-05,443.1139934583839
1,562,2,-0.011865068953584124,6.63788700036536e-05,443.1139934583839
1,562,3,0.22041735292385944,5.567506251117753e-05,443.1139934583839
1,562,4,0.12363848231065061,5.014887842209857e-05,443.1139934583839
1,562,5,-0.2862401820415665,4.6865868647066955e-05,443.1139934583839
1,562,6,-0.2572455416128751,4.4711350973703265e-05,443.1139934583839
1,562,7,0.31960576844562,4.318779706748034e-05,443.1139934583839
1,562,8,-0.13869607324154404,0.0002894727153352485,443.1139934583839
1,563,0,3.90120524548105e-06,0.0001885677177994638,443.1139934583839
1,563,1,7.636730560557451e-06,9.222396405713682e-05,443.1139934583839
1,563,2,9.339587224305274e-06,6.63788700036536e-05,443.1139934583839
1,563,3,5.107781003810898e-06,5.567506251117753e-05,443.1139934583839
1,563,4,1.6161299088089054e-06,5.014887842209857e-05,443.1139934583839
1,563,5,7.750497159753545e-07,4.6865868647066955e-05,443.1139934583839
1,563,6,6.703060727427519e-06,4.4711350973703265e-05,443.1139934583839
1,563,7,5.618250722603834e-06,4.318779706748034e-05,443.1139934583839
1,563,8,4.593704514951504e-06,0.0002894727153352485,443.1139934583839
1,564,0,-0.04830098826119314,0.0001885677177994638,443.1139934583839
1,564,1,-0.1119278876725315,9.222396405713682e-05,443.1139934583839
1,564,2,-0.00999126756777213,6.63788700036536e-05,443.1139934583839
1,564,3,0.2219077947995068,5.567506251117753e-05,443.1139934583839
1,564,4,0.11806143099806407,5.014887842209857e-05,443.1139934583839
1,564,5,-0.29209049944966037,4.6865868647066955e-05,443.1139934583839
1,564,6,-0.24749571059712933,4.4711350973703265e-05,443.1139934583839
1,564,7,0.3332409437207946,4.318779706748034e-05,443.1139934583839
1,564,8,-0.11966937703430497,0.0002894727153352485,443.1139934583839
1,565,0,3.823764500902202e-06,0.0001885677177994638,443.1139934583839
1,565,1,7.729555060769845e-06,9.222396405713682e-05,443.1139934583839
1,565,2,9.321014610471783e-06,6.63788700036536e-05,443.1139934583839
1,565,3,5.065064515486977e-06,5.567506251117753e-05,443.1139934583839
1,565,4,1.7676313078294324e-06,5.014887842209857e-05,443.1139934583839
1,565,5,8.468660660226446e-07,4.6865868647066955e-05,443.1139934583839
1,565,6,6.678085800621476e-06,4.4711350973703265e-05,443.1139934583839
1,565,7,5.711708628668858e-06,4.318779706748034e-05,443.1139934583839
1,565,8,4.593665681967102e-06,0.0002894727153352485,443.1139934583839
1,566,0,-0.04837456418325944,0.0001885677177994638,443.1139934583839
1,566,1,-0.11193066855505228,9.222396405713682e-05,443.1139934583839
1,566,2,-0.008109122404813466,6.63788700036536e-05,443.1139934583839
1,566,3,0.22334621976352423,5.567506251117753e-05,443.1139934583839
1,566,4,0.1124024491873817,5.014887842209857e-05,443.1139934583839
1,566,5,-0.29774567389257256,4.6865868647066955e-05,443.1139934583839
1,566,6,-0.23742342829519109,4.4711350973703265e-05,443.1139934583839
1,566,7,0.3464596772697651,4.318779706748034e-05,443.1139934583839
1,566,8,-0.10057050959141295,0.0002894727153352485,443.1139934583839
1,567,0,3.845292554868754e-06,0.0001885677177994638,443.1139934583839
1,567,1,7.602814542832651e-06,9.222396405713682e-05,443.1139934583839
1,567,2,9.250970057366822e-06,6.63788700036536e-05,443.1139934583839
1,567,3,5.120119806090467e-06,5.567506251117753e-05,443.1139934583839
1,567,4,1.8137248603942827e-06,5.014887842209857e-05,443.1139934583839
1,567,5,1.1958809012679942e-06,4.6865868647066955e-05,443.1139934583839
1,567,6,6.871563860249871e-06,4.4711350973703265e-05,443.1139934583839
1,567,7,5.4657556834341185e-06,4.318779706748034e-05,443.1139934583839
1,567,8,4.541872146486459e-06,0.0002894727153352485,443.1139934583839
1,568,0,-0.04844680052260784,0.0001885677177994638,443.1139934583839
1,568,1,-0.11193056685987961,9.222396405713682e-05,443.1139934583839
1,568,2,-0.006218136458631523,6.63788700036536e-05,443.1139934583839
1,568,3,0.22473271007463835,5.567506251117753e-05,443.1139934583839
1,568,4,0.10666422118875997,5.014887842209857e-05,443.1139934583839
1,568,5,-0.30319987057861375,4.6865868647066955e-05,443.1139934583839
1,568,6,-0.22703701341777607,4.4711350973703265e-05,443.1139934583839
1,568,7,0.35924164985629026,4.318779706748034e-05,443.1139934583839
1,568,8,-0.08143040462452218,0.0002894727153352485,443.1139934583839
1,569,0,3.792524744970958e-06,0.0001885677177994638,443.1139934583839
1,569,1,7.524359749383892e-06,9.222396405713682e-05,443.1139934583839
1,569,2,9.082244544233732e-06,6.63788700036536e-05,443.1139934583839
1,569,3,4.906636807533393e-06,5.567506251117753e-05,443.1139934583839
1,569,4,1.8229733625684706e-06,5.014887842209857e-05,443.1139934583839
1,569,5,1.0218408878784757e-06,4.6865868647066955e-05,443.1139934583839
1,569,6,6.76882042345628e-06,4.4711350973703265e-05,443.1139934583839
1,569,7,5.293634794264995e-06,4.318779706748034e-05,443.1139934583839
1,569,8,4.484537584862011e-06,0.0002894727153352485,443.1139934583839
1,570,0,-0.04851784619797993,0.0001885677177994638,443.1139934583839
1,570,1,-0.1119282366110161,9.222396405713682e-05,443.1139934583839
1,570,2,-0.004319253573362354,6.63788700036536e-05,443.1139934583839
1,570,3,0.2260659433773229,5.567506251117753e-05,443.1139934583839
1,570,4,0.10084794595081166,5.014887842209857e-05,443.1139934583839
1,570,5,-0.3084489070583771,4.6865868647066955e-05,443.1139934583839
1,570,6,-0.21634607600590738,4.4711350973703265e-05,443.1139934583839
1,570,7,0.37156530445799607,4.318779706748034e-05,443.1139934583839
1,570,8,-0.06227979391124473,0.0002894727153352485,443.1139934583839
1,571,0,3.7055177173951097e-06,0.0001885677177994638,443.1139934583839
1,571,1,7.38493317194965e-06,9.222396405713682e-05,443.1139934583839
1,571,2,8.99295919060283e-06,6.63788700036536e-05,443.1139934583839
1,571,3,4.831397204679488e-06,5.567506251117753e-05,443.1139934583839
1,571,4,1.8241543501166087e-06,5.014887842209857e-05,443.1139934583839
1,571,5,1.2522690928231216e-06,4.6865868647066955e-05,443.1139934583839
1,571,6,6.692146452176328e-06,4.4711350973703265e-05,443.1139934583839
1,571,7,5.094542691290229e-06,4.318779706748034e-05,443.1139934583839
1,571,8,4.397930683816844e-06,0.0002894727153352485,443.1139934583839
1,572,0,-0.048588056117036885,0.0001885677177994638,443.1139934583839
1,572,1,-0.11192425002496055,9.222396405713682e-05,443.1139934583839
1,572,2,-0.0024135369210630565,6.63788700036536e-05,443.1139934583839
1,572,3,0.22734418393461828,5.567506251117753e-05,443.1139934583839
1,572,4,0.09495478751312447,5.014887842209857e-05,443.1139934583839
1,572,5,-0.3134894099538407,4.6865868647066955e-05,443.1139934583839
1,572,6,-0.20536160419317662,4.4711350973703265e-05,443.1139934583839
1,572,7,0.38340974728443183,4.318779706748034e-05,443.1139934583839
1,572,8,-0.043149355395242374,0.0002894727153352485,443.1139934583839
1,573,0,3.724962609997854e-06,0.0001885677177994638,443.1139934583839
1,573,1,7.369087177881814e-06,9.222396405713682e-05,443.1139934583839
1,573,2,9.033496483992637e-06,6.63788700036536e-05,443.1139934583839
1,573,3,4.907128433515045e-06,5.567506251117753e-05,443.1139934583839
1,573,4,2.0147549865193084e-06,5.014887842209857e-05,443.1139934583839
1,573,5,1.5389171092704427e-06,4.6865868647066955e-05,443.1139934583839
1,573,6,7.0741258667601504e-06,4.4711350973703265e-05,443.1139934583839
1,573,7,5.038628678968525e-06,4.318779706748034e-05,443.1139934583839
1,573,8,4.3814729022721115e-06,0.0002894727153352485,443.1139934583839
1,574,0,-0.048657247651115634,0.0001885677177994638,443.1139934583839
1,574,1,-0.11191827408892,9.222396405713682e-05,443.1139934583839
1,574,2,-0.0005000698068120745,6.63788700036536e-05,443.1139934583839
1,574,3,0.22856764152774062,5.567506251117753e-05,443.1139934583839
1,574,4,0.08898778705107493,5.014887842209857e-05,443.1139934583839
1,574,5,-0.3183151338752429,4.6865868647066955e-05,443.1139934583839
1,574,6,-0.19409206560571393,4.4711350973703265e-05,443.1139934583839
1,574,7,0.39475599271746403,4.318779706748034e-05,443.1139934583839
1,574,8,-0.024069505576103874,0.0002894727153352485,443.1139934583839
1,575,0,3.6655666276057593e-06,0.0001885677177994638,443.1139934583839
1,575,1,7.296103839092228e-06,9.222396405713682e-05,443.1139934583839
1,575,2,8.699829448463183e-06,6.63788700036536e-05,443.1139934583839
1,575,3,4.765074093362461e-06,5.567506251117753e-05,443.1139934583839
1,575,4,1.9143006492571488e-06,5.014887842209857e-05,443.1139934583839
1,575,5,1.2637141334505434e-06,4.6865868647066955e-05,443.1139934583839
1,575,6,6.539976287455472e-06,4.4711350973703265e-05,443.1139934583839
1,575,7,4.838924082391306e-06,4.318779706748034e-05,443.1139934583839
1,575,8,4.279356388955774e-06,0.0002894727153352485,443.1139934583839
1,576,0,-0.04872506502857106,0.0001885677177994638,443.1139934583839
1,576,1,-0.1119095941045039,9.222396405713682e-05,443.1139934583839
1,576,2,0.0014216636042945138,6.63788700036536e-05,443.1139934583839
1,576,3,0.2297367169707902,5.567506251117753e-05,443.1139934583839
1,576,4,0.08295017052420144,5.014887842209857e-05,443.1139934583839
1,576,5,-0.3229212942133107,4.6865868647066955e-05,443.1139934583839
1,576,6,-0.18254713459591757,4.4711350973703265e-05,443.1139934583839
1,576,7,0.40558581443053404,4.318779706748034e-05,443.1139934583839
1,576,8,-0.005070346949098809,0.0002894727153352485,443.1139934583839
1,577,0,3.6230951587437175e-06,0.0001885677177994638,443.1139934583839
1,577,1,7.146851497240328e-06,9.222396405713682e-05,443.1139934583839
1,577,2,8.754128278852038e-06,6.63788700036536e-05,443.1139934583839
1,577,3,4.697686849883642e-06,5.567506251117753e-05,443.1139934583839
1,577,4,1.952668361613634e-06,5.014887842209857e-05,443.1139934583839
1,577,5,1.8514024541010175e-06,4.6865868647066955e-05,443.1139934583839
1,577,6,6.991580046155726e-06,4.4711350973703265e-05,443.1139934583839
1,577,7,4.701729010910956e-06,4.318779706748034e-05,443.1139934583839
1,577,8,4.223362354433629e-06,0.0002894727153352485,443.1139934583839
1,578,0,-0.048791492924539444,0.0001885677177994638,443.1139934583839
1,578,1,-0.11189830978394184,9.222396405713682e-05,443.1139934583839
1,578,2,0.0033513025501267575,6.63788700036536e-05,443.1139934583839
1,578,3,0.23085107390702694,5.567506251117753e-05,443.1139934583839
1,578,4,0.07684395018457424,5.014887842209857e-05,443.1139934583839
1,578,5,-0.3273029598558091,4.6865868647066955e-05,443.1139934583839
1,578,6,-0.17073779836211514,4.4711350973703265e-05,443.1139934583839
1,578,7,0.4158809557986617,4.318779706748034e-05,443.1139934583839
1,578,8,0.01381824029803644,0.0002894727153352485,443.1139934583839
1,579,0,3.5774547845299385e-06,0.0001885677177994638,443.1139934583839
1,579,1,7.171605481062364e-06,9.222396405713682e-05,443.1139934583839
1,579,2,8.625199288394062e-06,6.63788700036536e-05,443.1139934583839
1,579,3,4.495194346872662e-06,5.567506251117753e-05,443.1139934583839
1,579,4,2.0734797364827286e-06,5.014887842209857e-05,443.1139934583839
1,579,5,1.3779161908337557e-06,4.6865868647066955e-05,443.1139934583839
1,579,6,6.762466640246533e-06,4.4711350973703265e-05,443.1139934583839
1,579,7,4.481906571207765e-06,4.318779706748034e-05,443.1139934583839
1,579,8,4.15248196089713e-06,0.0002894727153352485,443.1139934583839
1,580,0,-0.04885698586035097,0.0001885677177994638,443.1139934583839
1,580,1,-0.11188515588368153,9.222396405713682e-05,443.1139934583839
1,580,2,0.005287931728715472,6.63788700036536e-05,443.1139934583839
1,580,3,0.23190859950748585,5.567506251117753e-05,443.1139934583839
1,580,4,0.07067032042446725,5.014887842209857e-05,443.1139934583839
1,580,5,-0.3314568835936301,4.6865868647066955e-05,443.1139934583839
1,580,6,-0.1586753220705385,4.4711350973703265e-05,443.1139934583839
1,580,7,0.42562234389149156,4.318779706748034e-05,443.1139934583839
1,580,8,0.032566848709316,0.0002894727153352485,443.1139934583839
1,581,0,3.5918329691448923e-06,0.0001885677177994638,443.1139934583839
1,581,1,7.034730147506667e-06,9.222396405713682e-05,443.1139934583839
1,581,2,8.612143643562622e-06,6.63788700036536e-05,443.1139934583839
1,581,3,4.7426742729340505e-06,5.567506251117753e-05,443.1139934583839
1,581,4,2.165075549734752e-06,5.014887842209857e-05,443.1139934583839
1,581,5,2.021096225406446e-06,4.6865868647066955e-05,443.1139934583839
1,581,6,6.8757913604529995e-06,4.4711350973703265e-05,443.1139934583839
1,581,7,4.585897175529853e-06,4.318779706748034e-05,443.1139934583839
1,581,8,4.09215855293739e-06,0.0002894727153352485,443.1139934583839
1,582,0,-0.048921633492913986,0.0001885677177994638,443.1139934583839
1,582,1,-0.11187033999236495,9.222396405713682e-05,443.1139934583839
1,582,2,0.007231098506142873,6.63788700036536e-05,443.1139934583839
1,582,3,0.23290847330898198,5.567506251117753e-05,443.1139934583839
1,582,4,0.06443156667802448,5.014887842209857e-05,443.1139934583839
1,582,5,-0.33537979764051906,4.6865868647066955e-05,443.1139934583839
1,582,6,-0.146371677244161,4.4711350973703265e-05,443.1139934583839
1,582,7,0.43479272528769464,4.318779706748034e-05,443.1139934583839
1,582,8,0.051146465674421514,0.0002894727153352485,443.1139934583839
1,583,0,3.524215428697489e-06,0.0001885677177994638,443.1139934583839
1,583,1,7.0291976525934905e-06,9.222396405713682e-05,443.1139934583839
1,583,2,8.490321375406727e-06,6.63788700036536e-05,443.1139934583839
1,583,3,4.491171778519208e-06,5.567506251117753e-05,443.1139934583839
1,583,4,2.1184477467631035e-06,5.014887842209857e-05,443.1139934583839
1,583,5,1.8907162634440653e-06,4.6865868647066955e-05,443.1139934583839
1,583,6,6.88598301730047e-06,4.4711350973703265e-05,443.1139934583839
1,583,7,4.270356661758868e-06,4.318779706748034e-05,443.1139934583839
1,583,8,3.988552643405021e-06,0.0002894727153352485,443.1139934583839
1,584,0,-0.04898508542866092,0.0001885677177994638,443.1139934583839
1,584,1,-0.11185337751758102,9.222396405713682e-05,443.1139934583839
1,584,2,0.009181576930593906,6.63788700036536e-05,443.1139934583839
1,584,3,0.2338513422991298,5.567506251117753e-05,443.1139934583839
1,584,4,0.058130907552762824,5.014887842209857e-05,443.1139934583839
1,584,5,-0.3390658575928769,4.6865868647066955e-05,443.1139934583839
1,584,6,-0.13383741380905162,4.4711350973703265e-05,443.1139934583839
1,584,7,0.44337677838343453,4.318779706748034e-05,443.1139934583839
1,584,8,0.06952837594285788,0.0002894727153352485,443.1139934583839
1,585,0,3.4693503346289764e-06,0.0001885677177994638,443.1139934583839
1,585,1,6.871345789963072e-06,9.222396405713682e-05,443.1139934583839
1,585,2,8.31185696123252e-06,6.63788700036536e-05,443.1139934583839
1,585,3,4.440974386489836e-06,5.567506251117753e-05,443.1139934583839
1,585,4,2.1306264746134544e-06,5.014887842209857e-05,443.1139934583839
1,585,5,1.9028193825233916e-06,4.6865868647066955e-05,443.1139934583839
1,585,6,6.7947898880725385e-06,4.4711350973703265e-05,443.1139934583839
1,585,7,4.082793094123066e-06,4.318779706748034e-05,443.1139934583839
1,585,8,3.9315798604237155e-06,0.0002894727153352485,443.1139934583839
1,586,0,-0.049047245937751324,0.0001885677177994638,443.1139934583839
1,586,1,-0.11183388945418751,9.222396405713682e-05,443.1139934583839
1,586,2,0.011139464592228409,6.63788700036536e-05,443.1139934583839
1,586,3,0.23473684561858257,5.567506251117753e-05,443.1139934583839
1,586,4,0.05177099468178511,5.014887842209857e-05,443.1139934583839
1,586,5,-0.34251100526878436,4.6865868647066955e-05,443.1139934583839
1,586,6,-0.12108384417243302,4.4711350973703265e-05,443.1139934583839
1,586,7,0.45135874118119496,4.318779706748034e-05,443.1139934583839
1,586,8,0.08768431677783038,0.0002894727153352485,443.1139934583839
1,587,0,3.4507336707231813e-06,0.0001885677177994638,443.1139934583839
1,587,1,6.849200339462106e-06,9.222396405713682e-05,443.1139934583839
1,587,2,8.33992036845573e-06,6.63788700036536e-05,443.1139934583839
1,587,3,4.395312960689965e-06,5.567506251117753e-05,443.1139934583839
1,587,4,2.2718695619680983e-06,5.014887842209857e-05,443.1139934583839
1,587,5,2.012588715852381e-06,4.6865868647066955e-05,443.1139934583839
1,587,6,6.788326619150163e-06,4.4711350973703265e-05,443.1139934583839
1,587,7,4.0700806059171665e-06,4.318779706748034e-05,443.1139934583839
1,587,8,3.835839072413791e-06,0.0002894727153352485,443.1139934583839
1,588,0,-0.04910827471710373,0.0001885677177994638,443.1139934583839
1,588,1,-0.11181213902577192,9.222396405713682e-05,443.1139934583839
1,588,2,0.013104368547265259,6.63788700036536e-05,443.1139934583839
1,588,3,0.23556418097497,5.567506251117753e-05,443.1139934583839
1,588,4,0.04535403309051772,5.014887842209857e-05,443.1139934583839
1,588,5,-0.34571193591158844,4.6865868647066955e-05,443.1139934583839
1,588,6,-0.1081235356270038,4.4711350973703265e-05,443.1139934583839
1,588,7,0.45872349682833885,4.318779706748034e-05,443.1139934583839
1,588,8,0.1055866275433817,0.0002894727153352485,443.1139934583839
1,589,0,3.4257237409768376e-06,0.0001885677177994638,443.1139934583839
1,589,1,6.715665636525623e-06,9.222396405713682e-05,443.1139934583839
1,589,2,8.16147117163166e-06,6.63788700036536e-05,443.1139934583839
1,589,3,4.332588939276104e-06,5.567506251117753e-05,443.1139934583839
1,589,4,2.2678036069543595e-06,5.014887842209857e-05,443.1139934583839
1,589,5,2.1459456505946263e-06,4.6865868647066955e-05,443.1139934583839
1,589,6,6.786429631245281e-06,4.4711350973703265e-05,443.1139934583839
1,589,7,3.820872912541875e-06,4.318779706748034e-05,443.1139934583839
1,589,8,3.7471289880929303e-06,0.0002894727153352485,443.1139934583839
1,590,0,-0.049168372353755964,0.0001885677177994638,443.1139934583839
1,590,1,-0.11178877630764286,9.222396405713682e-05,443.1139934583839
1,590,2,0.015075531825119807,6.63788700036536e-05,443.1139934583839
1,590,3,0.23633198960987992,5.567506251117753e-05,443.1139934583839
1,590,4,0.03888200562341824,5.014887842209857e-05,443.1139934583839
1,590,5,-0.3486657497976424,4.6865868647066955e-05,443.1139934583839
1,590,6,-0.09496955890611299,4.4711350973703265e-05,443.1139934583839
1,590,7,0.46545610436014534,4.318779706748034e-05,443.1139934583839
1,590,8,0.12320806718804521,0.0002894727153352485,443.1139934583839
1,591,0,3.3779791381407727e-06,0.0001885677177994638,443.1139934583839
1,591,1,6.777982658144817e-06,9.222396405713682e-05,443.1139934583839
1,591,2,8.185198003714424e-06,6.63788700036536e-05,443.1139934583839
1,591,3,4.363469537069708e-06,5.567506251117753e-05,443.1139934583839
1,591,4,2.3037668957502914e-06,5.014887842209857e-05,443.1139934583839
1,591,5,2.2937051034488946e-06,4.6865868647066955e-05,443.1139934583839
1,591,6,6.773514131662502e-06,4.4711350973703265e-05,443.1139934583839
1,591,7,3.8797154530925565e-06,4.318779706748034e-05,443.1139934583839
1,591,8,3.6912509647977087e-06,0.0002894727153352485,443.1139934583839
1,592,0,-0.04922746744886852,0.0001885677177994638,443.1139934583839
1,592,1,-0.1117635371839441,9.222396405713682e-05,443.1139934583839
1,592,2,0.017052970866932953,6.63788700036536e-05,443.1139934583839
1,592,3,0.23704010565569142,5.567506251117753e-05,443.1139934583839
1,592,4,0.032357499783953275,5.014887842209857e-05,443.1139934583839
1,592,5,-0.35136837663631526,4.6865868647066955e-05,443.1139934583839
1,592,6,-0.08163450558430643,4.4711350973703265e-05,443.1139934583839
1,592,7,0.4715433973071939,4.318779706748034e-05,443.1139934583839
1,592,8,0.1405219763503785,0.0002894727153352485,443.1139934583839
1,593,0,3.3510660867026126e-06,0.0001885677177994638,443.1139934583839
1,593,1,6.5655567618094e-06,9.222396405713682e-05,443.1139934583839
1,593,2,8.032755825456259e-06,6.63788700036536e-05,443.1139934583839
1,593,3,4.221998067391419e-06,5.567506251117753e-05,443.1139934583839
1,593,4,2.4047988080206292e-06,5.014887842209857e-05,443.1139934583839
1,593,5,2.2290403236949507e-06,4.6865868647066955e-05,443.1139934583839
1,593,6,6.826992252282082e-06,4.4711350973703265e-05,443.1139934583839
1,593,7,3.598342325464604e-06,4.318779706748034e-05,443.1139934583839
1,593,8,3.5962218333888854e-06,0.0002894727153352485,443.1139934583839
1,594,0,-0.0492853673598694,0.0001885677177994638,443.1139934583839
1,594,1,-0.11173582790300177,9.222396405713682e-05,443.1139934583839
1,594,2,0.01903744565503636,6.63788700036536e-05,443.1139934583839
1,594,3,0.23768889597945725,5.567506251117753e-05,443.1139934583839
1,594,4,0.025784230153332015,5.014887842209857e-05,443.1139934583839
1,594,5,-0.35381572381355003,4.6865868647066955e-05,443.1139934583839
1,594,6,-0.06813047379429076,4.4711350973703265e-05,443.1139934583839
1,594,7,0.4769737130840336,4.318779706748034e-05,443.1139934583839
1,594,8,0.1575023440924444,0.0002894727153352485,443.1139934583839
1,595,0,3.3186829745498133e-06,0.0001885677177994638,443.1139934583839
1,595,1,6.532034625506527e-06,9.222396405713682e-05,443.1139934583839
1,595,2,7.879277517013075e-06,6.63788700036536e-05,443.1139934583839
1,595,3,4.122469182226835e-06,5.567506251117753e-05,443.1139934583839
1,595,4,2.171843390232551e-06,5.014887842209857e-05,443.1139934583839
1,595,5,2.3284470730995467e-06,4.6865868647066955e-05,443.1139934583839
1,595,6,6.667840224471789e-06,4.4711350973703265e-05,443.1139934583839
1,595,7,3.447929186326964e-06,4.318779706748034e-05,443.1139934583839
1,595,8,3.483884421726803e-06,0.0002894727153352485,443.1139934583839
1,596,0,-0.049341913461955204,0.0001885677177994638,443.1139934583839
1,596,1,-0.11170575612896912,9.222396405713682e-05,443.1139934583839
1,596,2,0.021028719601960105,6.63788700036536e-05,443.1139934583839
1,596,3,0.2382778587389634,5.567506251117753e-05,443.1139934583839
1,596,4,0.019164562632851878,5.014887842209857e-05,443.1139934583839
1,596,5,-0.35600457059179386,4.6865868647066955e-05,443.1139934583839
1,596,6,-0.05447048852265019,4.4711350973703265e-05,443.1139934583839
1,596,7,0.4817349879161803,4.318779706748034e-05,443.1139934583839
1,596,8,0.17412359609305886,0.0002894727153352485,443.1139934583839
1,597,0,3.2858531027512137e-06,0.0001885677177994638,443.1139934583839
1,597,1,6.547471801402448e-06,9.222396405713682e-05,443.1139934583839
1,597,2,8.018045933408815e-06,6.63788700036536e-05,443.1139934583839
1,597,3,4.239678067373554e-06,5.567506251117753e-05,443.1139934583839
1,597,4,2.685689711915137e-06,5.014887842209857e-05,443.1139934583839
1,597,5,2.5140382239565355e-06,4.6865868647066955e-05,443.1139934583839
1,597,6,6.854544661377594e-06,4.4711350973703265e-05,443.1139934583839
1,597,7,3.569086008432968e-06,4.318779706748034e-05,443.1139934583839
1,597,8,3.4436939994750314e-06,0.0002894727153352485,443.1139934583839
1,598,0,-0.04939731178552823,0.0001885677177994638,443.1139934583839
1,598,1,-0.11167366981307435,9.222396405713682e-05,443.1139934583839
1,598,2,0.023026341773443534,6.63788700036536e-05,443.1139934583839
1,598,3,0.23880596654803712,5.567506251117753e-05,443.1139934583839
1,598,4,0.012500857090255647,5.014887842209857e-05,443.1139934583839
1,598,5,-0.3579322417698925,4.6865868647066955e-05,443.1139934583839
1,598,6,-0.040668317099848236,4.4711350973703265e-05,443.1139934583839
1,598,7,0.48581619018996175,4.318779706748034e-05,443.1139934583839
1,598,8,0.19036100716112647,0.0002894727153352485,443.1139934583839
1,599,0,3.2313701370054003e-06,0.0001885677177994638,443.1139934583839
1,599,1,6.431833911459229e-06,9.222396405713682e-05,443.1139934583839
1,599,2,7.690485520466676e-06,6.63788700036536e-05,443.1139934583839
1,599,3,4.0566844075986206e-06,5.567506251117753e-05,443.1139934583839
1,599,4,2.2289162631412815e-06,5.014887842209857e-05,443.1139934583839
1,599,5,2.4438509562339606e-06,4.6865868647066955e-05,443.1139934583839
1,599,6,6.506840044726485e-06,4.4711350973703265e-05,443.1139934583839
1,599,7,3.149523327878414e-06,4.318779706748034e-05,443.1139934583839
1,599,8,3.3073162230953795e-06,0.0002894727153352485,443.1139934583839
1,600,0,-0.04945189064456437,0.0001885677177994638,443.1139934583839
1,600,1,-0.11163987251858679,9.222396405713682e-05,443.1139934583839
1,600,2,0.025029500294509965,6.63788700036536e-05,443.1139934583839
1,600,3,0.23927222913917254,5.567506251117753e-05,443.1139934583839
1,600,4,0.005795223576187927,5.014887842209857e-05,443.1139934583839
1,600,5,-0.359596542878399,4.6865868647066955e-05,443.1139934583839
1,600,6,-0.026738595252167718,4.4711350973703265e-05,443.1139934583839
1,600,7,0.48920666951455055,4.318779706748034e-05,443.1139934583839
1,600,8,0.2061904715964439,0.0002894727153352485,443.1139934583839
1,601,0,3.256396071210069e-06,0.0001885677177994638,443.1139934583839
1,601,1,6.358314232197687e-06,9.222396405713682e-05,443.1139934583839
1,601,2,7.887834322033164e-06,6.63788700036536e-05,443.1139934583839
1,601,3,4.10157475766342e-06,5.567506251117753e-05,443.1139934583839
1,601,4,2.712796593536813e-06,5.014887842209857e-05,443.1139934583839
1,601,5,2.672484773764129e-06,4.6865868647066955e-05,443.1139934583839
1,601,6,6.8997657578427035e-06,4.4711350973703265e-05,443.1139934583839
1,601,7,3.3137918756337448e-06,4.318779706748034e-05,443.1139934583839
1,601,8,3.276371564984441e-06,0.0002894727153352485,443.1139934583839
1,602,0,-0.04950537986325204,0.0001885677177994638,443.1139934583839
1,602,1,-0.11160401009644462,9.222396405713682e-05,443.1139934583839
1,602,2,0.02703861395955009,6.63788700036536e-05,443.1139934583839
1,602,3,0.23967679146594198,5.567506251117753e-05,443.1139934583839
1,602,4,-0.0009494138596493368,5.014887842209857e-05,443.1139934583839
1,602,5,-0.36099394500272025,4.6865868647066955e-05,443.1139934583839
1,602,6,-0.012694503699832526,4.4711350973703265e-05,443.1139934583839
1,602,7,0.4918977479980177,4.318779706748034e-05,443.1139934583839
1,602,8,0.2215885701954604,0.0002894727153352485,443.1139934583839
1,603,0,3.1494952268504883e-06,0.0001885677177994638,443.1139934583839
1,603,1,6.239953934831767e-06,9.222396405713682e-05,443.1139934583839
1,603,2,7.517308326546219e-06,6.63788700036536e-05,443.1139934583839
1,603,3,3.871399145851197e-06,5.567506251117753e-05,443.1139934583839
1,603,4,2.461043890947576e-06,5.014887842209857e-05,443.1139934583839
1,603,5,2.450238591541367e-06,4.6865868647066955e-05,443.1139934583839
1,603,6,6.425674734790988e-06,4.4711350973703265e-05,443.1139934583839
1,603,7,2.910443740005741e-06,4.318779706748034e-05,443.1139934583839
1,603,8,3.123900771543141e-06,0.0002894727153352485,443.1139934583839
1,604,0,-0.04955763015755643,0.0001885677177994638,443.1139934583839
1,604,1,-0.11156599533958848,9.222396405713682e-05,443.1139934583839
1,604,2,0.029054031204748466,6.63788700036536e-05,443.1139934583839
1,604,3,0.2400194446693866,5.567506251117753e-05,443.1139934583839
1,604,4,-0.007729217030285088,5.014887842209857e-05,443.1139934583839
1,604,5,-0.36212180623590084,4.6865868647066955e-05,443.1139934583839
1,604,6,0.0014501878708138374,4.4711350973703265e-05,443.1139934583839
1,604,7,0.49388158878140426,4.318779706748034e-05,443.1139934583839
1,604,8,0.23653256957143887,0.0002894727153352485,443.1139934583839
1,605,0,3.2020808857255547e-06,0.0001885677177994638,443.1139934583839
1,605,1,6.337740067882949e-06,9.222396405713682e-05,443.1139934583839
1,605,2,7.738275942591913e-06,6.63788700036536e-05,443.1139934583839
1,605,3,4.107976144215392e-06,5.567506251117753e-05,443.1139934583839
1,605,4,2.6724597403415545e-06,5.014887842209857e-05,443.1139934583839
1,605,5,2.972627173680077e-06,4.6865868647066955e-05,443.1139934583839
1,605,6,6.941822162336839e-06,4.4711350973703265e-05,443.1139934583839
1,605,7,3.1616734320473715e-06,4.318779706748034e-05,443.1139934583839
1,605,8,3.1054524177940026e-06,0.0002894727153352485,443.1139934583839
1,606,0,-0.049608639952899325,0.0001885677177994638,443.1139934583839
1,606,1,-0.11152569695918765,9.222396405713682e-05,443.1139934583839
1,606,2,0.03107550821895724,6.63788700036536e-05,443.1139934583839
1,606,3,0.24029988695124474,5.567506251117753e-05,443.1139934583839
1,606,4,-0.014541514320306257,5.014887842209857e-05,443.1139934583839
1,606,5,-0.36297736364126804,4.6865868647066955e-05,443.1139934583839
1,606,6,0.015681465861797087,4.4711350973703265e-05,443.1139934583839
1,606,7,0.495150990427025,4.318779706748034e-05,443.1139934583839
1,606,8,0.25100061301745863,0.0002894727153352485,443.1139934583839
1,607,0,3.062312721822146e-06,0.0001885677177994638,443.1139934583839
1,607,1,6.077078375218142e-06,9.222396405713682e-05,443.1139934583839
1,607,2,7.35454238704632e-06,6.63788700036536e-05,443.1139934583839
1,607,3,3.710790966523025e-06,5.567506251117753e-05,443.1139934583839
1,607,4,2.4168516926398027e-06,5.014887842209857e-05,443.1139934583839
1,607,5,2.4623430794396044e-06,4.6865868647066955e-05,443.1139934583839
1,607,6,6.227040803825435e-06,4.4711350973703265e-05,443.1139934583839
1,607,7,2.651179259173746e-06,4.318779706748034e-05,443.1139934583839
1,607,8,2.924835958631031e-06,0.0002894727153352485,443.1139934583839
1,608,0,-0.04965867760327773,0.0001885677177994638,443.1139934583839
1,608,1,-0.11148350759346316,9.222396405713682e-05,443.1139934583839
1,608,2,0.03310232183453497,6.63788700036536e-05,443.1139934583839
1,608,3,0.2405167535721396,5.567506251117753e-05,443.1139934583839
1,608,4,-0.021384384888305154,5.014887842209857e-05,443.1139934583839
1,608,5,-0.3635589186627215,4.6865868647066955e-05,443.1139934583839
1,608,6,0.02998403296890605,4.4711350973703265e-05,443.1139934583839
1,608,7,0.4956992485647341,4.318779706748034e-05,443.1139934583839
1,608,8,0.2649715873373135,0.0002894727153352485,443.1139934583839
1,609,0,3.130701049875397e-06,0.0001885677177994638,443.1139934583839
1,609,1,6.123055270756359e-06,9.222396405713682e-05,443.1139934583839
1,609,2,7.560690724128588e-06,6.63788700036536e-05,443.1139934583839
1,609,3,4.092486185981611e-06,5.567506251117753e-05,443.1139934583839
1,609,4,2.7646354576482038e-06,5.014887842209857e-05,443.1139934583839
1,609,5,2.9083908429206422e-06,4.6865868647066955e-05,443.1139934583839
1,609,6,6.851956966198919e-06,4.4711350973703265e-05,443.1139934583839
1,609,7,2.7883784828374292e-06,4.318779706748034e-05,443.1139934583839
1,609,8,2.924374351149193e-06,0.0002894727153352485,443.1139934583839
1,610,0,-0.04970784932251737,0.0001885677177994638,443.1139934583839
1,610,1,-0.11143968874121704,9.222396405713682e-05,443.1139934583839
1,610,2,0.0351341349921591,6.63788700036536e-05,443.1139934583839
1,610,3,0.24066988272966158,5.567506251117753e-05,443.1139934583839
1,610,4,-0.028255086609183713,5.014887842209857e-05,443.1139934583839
1,610,5,-0.3638651614710596,4.6865868647066955e-05,443.1139934583839
1,610,6,0.044343092925647365,4.4711350973703265e-05,443.1139934583839
1,610,7,0.49552035037182957,4.318779706748034e-05,443.1139934583839
1,610,8,0.2784251036523224,0.0002894727153352485,443.1139934583839
1,611,0,3.0528847325680433e-06,0.0001885677177994638,443.1139934583839
1,611,1,6.011743872971597e-06,9.222396405713682e-05,443.1139934583839
1,611,2,7.300859378315139e-06,6.63788700036536e-05,443.1139934583839
1,611,3,3.5525634964769298e-06,5.567506251117753e-05,443.1139934583839
1,611,4,2.5969128535760154e-06,5.014887842209857e-05,443.1139934583839
1,611,5,2.8426954973808116e-06,4.6865868647066955e-05,443.1139934583839
1,611,6,6.235522731222531e-06,4.4711350973703265e-05,443.1139934583839
1,611,7,2.6752881732788083e-06,4.318779706748034e-05,443.1139934583839
1,611,8,2.7933302417956527e-06,0.0002894727153352485,443.1139934583839
1,612,0,-0.04975589221144714,0.0001885677177994638,443.1139934583839
1,612,1,-0.1113939810878798,9.222396405713682e-05,443.1139934583839
1,612,2,0.03717139363481578,6.63788700036536e-05,443.1139934583839
1,612,3,0.24075914621523958,5.567506251117753e-05,443.1139934583839
1,612,4,-0.03515024681706814,5.014887842209857e-05,443.1139934583839
1,612,5,-0.36389336621854956,4.6865868647066955e-05,443.1139934583839
1,612,6,0.05874421597735143,4.4711350973703265e-05,443.1139934583839
1,612,7,0.49461055000245174,4.318779706748034e-05,443.1139934583839
1,612,8,0.2913417884472016,0.0002894727153352485,443.1139934583839
1,613,0,3.0726580593006923e-06,0.0001885677177994638,443.1139934583839
1,613,1,6.1092582500395345e-06,9.222396405713682e-05,443.1139934583839
1,613,2,7.444077688098146e-06,6.63788700036536e-05,443.1139934583839
1,613,3,4.0729367055829815e-06,5.567506251117753e-05,443.1139934583839
1,613,4,2.9854236337109163e-06,5.014887842209857e-05,443.1139934583839
1,613,5,3.1056362828183063e-06,4.6865868647066955e-05,443.1139934583839
1,613,6,6.935638248298976e-06,4.4711350973703265e-05,443.1139934583839
1,613,7,2.7261332158457335e-06,4.318779706748034e-05,443.1139934583839
1,613,8,2.727018951595302e-06,0.0002894727153352485,443.1139934583839
1,614,0,-0.04980262602174267,0.0001885677177994638,443.1139934583839
1,614,1,-0.11134582663843795,9.222396405713682e-05,443.1139934583839
1,614,2,0.039214443158956634,6.63788700036536e-05,443.1139934583839
1,614,3,0.24078449781311315,5.567506251117753e-05,443.1139934583839
1,614,4,-0.042065909006441055,5.014887842209857e-05,443.1139934583839
1,614,5,-0.36364099457404897,4.6865868647066955e-05,443.1139934583839
1,614,6,0.07317308525074971,4.4711350973703265e-05,443.1139934583839
1,614,7,0.49296763544481914,4.318779706748034e-05,443.1139934583839
1,614,8,0.3037030828208983,0.0002894727153352485,443.1139934583839
1,615,0,2.9283051861186485e-06,0.0001885677177994638,443.1139934583839
1,615,1,5.74717583179e-06,9.222396405713682e-05,443.1139934583839
1,615,2,7.008243319692826e-06,6.63788700036536e-05,443.1139934583839
1,615,3,3.441173079636347e-06,5.567506251117753e-05,443.1139934583839
1,615,4,2.347262921921157e-06,5.014887842209857e-05,443.1139934583839
1,615,5,2.6748440714564157e-06,4.6865868647066955e-05,443.1139934583839
1,615,6,6.069973709376874e-06,4.4711350973703265e-05,443.1139934583839
1,615,7,2.050021699722242e-06,4.318779706748034e-05,443.1139934583839
1,615,8,2.571456923066624e-06,0.0002894727153352485,443.1139934583839
1,616,0,-0.04984836480360168,0.0001885677177994638,443.1139934583839
1,616,1,-0.11129573694307301,9.222396405713682e-05,443.1139934583839
1,616,2,0.041262336216696324,6.63788700036536e-05,443.1139934583839
1,616,3,0.2407454019378778,5.567506251117753e-05,443.1139934583839
1,616,4,-0.049000239611114514,5.014887842209857e-05,443.1139934583839
1,616,5,-0.36310735760385077,4.6865868647066955e-05,443.1139934583839
1,616,6,0.08761435013872919,4.4711350973703265e-05,443.1139934583839
1,616,7,0.4905878428145673,4.318779706748034e-05,443.1139934583839
1,616,8,0.3154912203172535,0.0002894727153352485,443.1139934583839
1,617,0,3.0321682430295336e-06,0.0001885677177994638,443.1139934583839
1,617,1,5.9450825533465065e-06,9.222396405713682e-05,443.1139934583839
1,617,2,7.372074006259232e-06,6.63788700036536e-05,443.1139934583839
1,617,3,3.7727781557542415e-06,5.567506251117753e-05,443.1139934583839
1,617,4,3.116166723723459e-06,5.014887842209857e-05,443.1139934583839
1,617,5,3.15270208199449e-06,4.6865868647066955e-05,443.1139934583839
1,617,6,6.683299515949277e-06,4.4711350973703265e-05,443.1139934583839
1,617,7,2.675505044229831e-06,4.318779706748034e-05,443.1139934583839
1,617,8,2.5595431682361876e-06,0.0002894727153352485,443.1139934583839
1,618,0,-0.04989319664135631,0.0001885677177994638,443.1139934583839
1,618,1,-0.11124429572656579,9.222396405713682e-05,443.1139934583839
1,618,2,0.0433145330875365,6.63788700036536e-05,443.1139934583839
1,618,3,0.24064027221457848,5.567506251117753e-05,443.1139934583839
1,618,4,-0.05595067458106952,5.014887842209857e-05,443.1139934583839
1,618,5,-0.36229183015180866,4.6865868647066955e-05,443.1139934583839
1,618,6,0.1020520869682104,4.4711350973703265e-05,443.1139934583839
1,618,7,0.487469604889276,4.318779706748034e-05,443.1139934583839
1,618,8,0.3266894055406916,0.0002894727153352485,443.1139934583839
1,619,0,2.8877929022927905e-06,0.0001885677177994638,443.1139934583839
1,619,1,5.816800411479074e-06,9.222396405713682e-05,443.1139934583839
1,619,2,7.04072179279854e-06,6.63788700036536e-05,443.1139934583839
1,619,3,3.6978264308313086e-06,5.567506251117753e-05,443.1139934583839
1,619,4,2.587095674441523e-06,5.014887842209857e-05,443.1139934583839
1,619,5,2.998826374146653e-06,4.6865868647066955e-05,443.1139934583839
1,619,6,6.120443776605286e-06,4.4711350973703265e-05,443.1139934583839
1,619,7,2.0084944150523505e-06,4.318779706748034e-05,443.1139934583839
1,619,8,2.4170321568834626e-06,0.0002894727153352485,443.1139934583839
1,620,0,-0.049936954640452065,0.0001885677177994638,443.1139934583839
1,620,1,-0.11119080720156467,9.222396405713682e-05,443.1139934583839
1,620,2,0.045371785332779246,6.63788700036536e-05,443.1139934583839
1,620,3,0.24046991212536528,5.567506251117753e-05,443.1139934583839
1,620,4,-0.06291324568987518,5.014887842209857e-05,443.1139934583839
1,620,5,-0.3611923821106102,4.6865868647066955e-05,443.1139934583839
1,620,6,0.11647148347760261,4.4711350973703265e-05,443.1139934583839
1,620,7,0.48361322684705677,4.318779706748034e-05,443.1139934583839
1,620,8,0.33728179748058434,0.0002894727153352485,443.1139934583839
1,621,0,2.978284660054193e-06,0.0001885677177994638,443.1139934583839
1,621,1,5.774621395263014e-06,9.222396405713682e-05,443.1139934583839
1,621,2,7.1099022986356186e-06,6.63788700036536e-05,443.1139934583839
1,621,3,3.5965983535668635e-06,5.567506251117753e-05,443.1139934583839
1,621,4,3.060816214004647e-06,5.014887842209857e-05,443.1139934583839
1,621,5,3.2153928902666515e-06,4.6865868647066955e-05,443.1139934583839
1,621,6,6.6992825520653806e-06,4.4711350973703265e-05,443.1139934583839
1,621,7,2.492273921027886e-06,4.318779706748034e-05,443.1139934583839
1,621,8,2.3846491327594446e-06,0.0002894727153352485,443.1139934583839
1,622,0,-0.04997958425574295,0.0001885677177994638,443.1139934583839
1,622,1,-0.1111350534518431,9.222396405713682e-05,443.1139934583839
1,622,2,0.04743396403620541,6.63788700036536e-05,443.1139934583839
1,622,3,0.24023411283234994,5.567506251117753e-05,443.1139934583839
1,622,4,-0.06988499865402338,5.014887842209857e-05,443.1139934583839
1,622,5,-0.3598077647535198,4.6865868647066955e-05,443.1139934583839
1,622,6,0.1308574655362839,4.4711350973703265e-05,443.1139934583839
1,622,7,0.4790196100876315,4.318779706748034e-05,443.1139934583839
1,622,8,0.34725347758161357,0.0002894727153352485,443.1139934583839
1,623,0,2.88190321922538e-06,0.0001885677177994638,443.1139934583839
1,623,1,5.675771526918032e-06,9.222396405713682e-05,443.1139934583839
1,623,2,6.982613971806214e-06,6.63788700036536e-05,443.1139934583839
1,623,3,3.6705818401781326e-06,5.567506251117753e-05,443.1139934583839
1,623,4,2.826572878324049e-06,5.014887842209857e-05,443.1139934583839
1,623,5,3.1328534463071943e-06,4.6865868647066955e-05,443.1139934583839
1,623,6,6.194723903534298e-06,4.4711350973703265e-05,443.1139934583839
1,623,7,1.9263638687804647e-06,4.318779706748034e-05,443.1139934583839
1,623,8,2.239854212098858e-06,0.0002894727153352485,443.1139934583839
1,624,0,-0.05002087437040397,0.0001885677177994638,443.1139934583839
1,624,1,-0.11107707314268325,9.222396405713682e-05,443.1139934583839
1,624,2,0.049501115158647774,6.63788700036536e-05,443.1139934583839
1,624,3,0.2399327133497739,5.567506251117753e-05,443.1139934583839
1,624,4,-0.0768622157038534,5.014887842209857e-05,443.1139934583839
1,624,5,-0.35813680380157403,4.6865868647066955e-05,443.1139934583839
1,624,6,0.1451954303562119,4.4711350973703265e-05,443.1139934583839
1,624,7,0.473691236234361,4.318779706748034e-05,443.1139934583839
1,624,8,0.35659065527617634,0.0002894727153352485,443.1139934583839
1,625,0,2.7928936268615866e-06,0.0001885677177994638,443.1139934583839
1,625,1,5.5396117908519475e-06,9.222396405713682e-05,443.1139934583839
1,625,2,6.79854789001837e-06,6.63788700036536e-05,443.1139934583839
1,625,3,3.303200306723185e-06,5.567506251117753e-05,443.1139934583839
1,625,4,2.7697542287431928e-06,5.014887842209857e-05,443.1139934583839
1,625,5,2.963523563298809e-06,4.6865868647066955e-05,443.1139934583839
1,625,6,6.151370404444063e-06,4.4711350973703265e-05,443.1139934583839
1,625,7,1.8542377202959237e-06,4.318779706748034e-05,443.1139934583839
1,625,8,2.137371564393701e-06,0.0002894727153352485,443.1139934583839
1,626,0,-0.05006135043339119,0.0001885677177994638,443.1139934583839
1,626,1,-0.11101768844014188,9.222396405713682e-05,443.1139934583839
1,626,2,0.05157201927405299,6.63788700036536e-05,443.1139934583839
1,626,3,0.23956453961537472,5.567506251117753e-05,443.1139934583839
1,626,4,-0.08384331615118826,5.014887842209857e-05,443.1139934583839
1,626,5,-0.3561802715150315,4.6865868647066955e-05,443.1139934583839
1,626,6,0.15946823772658947,4.4711350973703265e-05,443.1139934583839
1,626,7,0.46762925194679644,4.318779706748034e-05,443.1139934583839
1,626,8,0.3652802520363571,0.0002894727153352485,443.1139934583839
1,627,0,2.8954505798680665e-06,0.0001885677177994638,443.1139934583839
1,627,1,5.706698131875338e-06,9.222396405713682e-05,443.1139934583839
1,627,2,7.026664538930814e-06,6.63788700036536e-05,443.1139934583839
1,627,3,3.5689019701805866e-06,5.567506251117753e-05,443.1139934583839
1,627,4,3.11627528905534e-06,5.014887842209857e-05,443.1139934583839
1,627,5,3.374656281928111e-06,4.6865868647066955e-05,443.1139934583839
1,627,6,6.331739422305285e-06,4.4711350973703265e-05,443.1139934583839
1,627,7,1.9876030489707454e-06,4.318779706748034e-05,443.1139934583839
1,627,8,2.0898920252667572e-06,0.0002894727153352485,443.1139934583839
1,628,0,-0.05010091075693925,0.0001885677177994638,443.1139934583839
1,628,1,-0.11095657256298226,9.222396405713682e-05,443.1139934583839
1,628,2,0.05364697796524103,6.63788700036536e-05,443.1139934583839
1,628,3,0.2391291283602904,5.567506251117753e-05,443.1139934583839
1,628,4,-0.09082472889434931,5.014887842209857e-05,443.1139934583839
1,628,5,-0.3539378960800275,4.6865868647066955e-05,443.1139934583839
1,628,6,0.17366064303324485,4.4711350973703265e-05,443.1139934583839
1,628,7,0.46083772974785964,4.318779706748034e-05,443.1139934583839
1,628,8,0.3733103396580849,0.0002894727153352485,443.1139934583839
1,629,0,2.783315298611137e-06,0.0001885677177994638,443.1139934583839
1,629,1,5.450432715323853e-06,9.222396405713682e-05,443.1139934583839
1,629,2,6.6820853846920965e-06,6.63788700036536e-05,443.1139934583839
1,629,3,3.391257459909196e-06,5.567506251117753e-05,443.1139934583839
1,629,4,2.9123441558319827e-06,5.014887842209857e-05,443.1139934583839
1,629,5,3.3819500557629867e-06,4.6865868647066955e-05,443.1139934583839
1,629,6,6.233514296094365e-06,4.4711350973703265e-05,443.1139934583839
1,629,7,1.8837296087545853e-06,4.318779706748034e-05,443.1139934583839
1,629,8,1.977914978941817e-06,0.0002894727153352485,443.1139934583839
1,630,0,-0.050139232583597766,0.0001885677177994638,443.1139934583839
1,630,1,-0.11089324051025994,9.222396405713682e-05,443.1139934583839
1,630,2,0.055726385902152946,6.63788700036536e-05,443.1139934583839
1,630,3,0.2386267909455168,5.567506251117753e-05,443.1139934583839
1,630,4,-0.09780238506308984,5.014887842209857e-05,443.1139934583839
1,630,5,-0.35140799389024413,4.6865868647066955e-05,443.1139934583839
1,630,6,0.1877580322928073,4.4711350973703265e-05,443.1139934583839
1,630,7,0.4533224596433906,4.318779706748034e-05,443.1139934583839
1,630,8,0.3806700843130787,0.0002894727153352485,443.1139934583839
1,631,0,2.769974927745774e-06,0.0001885677177994638,443.1139934583839
1,631,1,5.475094402643884e-06,9.222396405713682e-05,443.1139934583839
1,631,2,6.78553936240725e-06,6.63788700036536e-05,443.1139934583839
1,631,3,3.5062094414087385e-06,5.567506251117753e-05,443.1139934583839
1,631,4,2.9384412368125157e-06,5.014887842209857e-05,443.1139934583839
1,631,5,3.14016750640848e-06,4.6865868647066955e-05,443.1139934583839
1,631,6,6.0745405151562485e-06,4.4711350973703265e-05,443.1139934583839
1,631,7,1.6876974754371654e-06,4.318779706748034e-05,443.1139934583839
1,631,8,1.8721995924281142e-06,0.0002894727153352485,443.1139934583839
1,632,0,-0.05017653692312414,0.0001885677177994638,443.1139934583839
1,632,1,-0.11082818967128949,9.222396405713682e-05,443.1139934583839
1,632,2,0.05780948404493357,6.63788700036536e-05,443.1139934583839
1,632,3,0.23805714990954974,5.567506251117753e-05,443.1139934583839
1,632,4,-0.10477403706989594,5.014887842209857e-05,443.1139934583839
1,632,5,-0.34859097312713716,4.6865868647066955e-05,443.1139934583839
1,632,6,0.2017443406225019,4.4711350973703265e-05,443.1139934583839
1,632,7,0.4450891922700941,4.318779706748034e-05,443.1139934583839
1,632,8,0.38734954298051916,0.0002894727153352485,443.1139934583839
1,633,0,2.7602481261052215e-06,0.0001885677177994638,443.1139934583839
1,633,1,5.45444002134608e-06,9.222396405713682e-05,443.1139934583839
1,633,2,6.7336498642584304e-06,6.63788700036536e-05,443.1139934583839
1,633,3,3.3082465373808663e-06,5.567506251117753e-05,443.1139934583839
1,633,4,3.19922376159262e-06,5.014887842209857e-05,443.1139934583839
1,633,5,3.316530021029576e-06,4.6865868647066955e-05,443.1139934583839
1,633,6,6.212489034332501e-06,4.4711350973703265e-05,443.1139934583839
1,633,7,1.6433310611393294e-06,4.318779706748034e-05,443.1139934583839
1,633,8,1.7995846441154627e-06,0.0002894727153352485,443.1139934583839
1,634,0,-0.05021285673185417,0.0001885677177994638,443.1139934583839
1,634,1,-0.11076136260816011,9.222396405713682e-05,443.1139934583839
1,634,2,0.05989636554814029,6.63788700036536e-05,443.1139934583839
1,634,3,0.2374198202656891,5.567506251117753e-05,443.1139934583839
1,634,4,-0.11173625508901956,5.014887842209857e-05,443.1139934583839
1,634,5,-0.3454879598453413,4.6865868647066955e-05,443.1139934583839
1,634,6,0.21560389376825204,4.4711350973703265e-05,443.1139934583839
1,634,7,0.43614455622771564,4.318779706748034e-05,443.1139934583839
1,634,8,0.39333988182180113,0.0002894727153352485,443.1139934583839
1,635,0,2.7055875635425727e-06,0.0001885677177994638,443.1139934583839
1,635,1,5.325004332830571e-06,9.222396405713682e-05,443.1139934583839
1,635,2,6.546178117081998e-06,6.63788700036536e-05,443.1139934583839
1,635,3,3.3138653053766857e-06,5.567506251117753e-05,443.1139934583839
1,635,4,2.916244814150094e-06,5.014887842209857e-05,443.1139934583839
1,635,5,3.4427960130084705e-06,4.6865868647066955e-05,443.1139934583839
1,635,6,5.9731913976574e-06,4.4711350973703265e-05,443.1139934583839
1,635,7,1.5176648941889964e-06,4.318779706748034e-05,443.1139934583839
1,635,8,1.7019058124900531e-06,0.0002894727153352485,443.1139934583839
1,636,0,-0.05024826685815631,0.0001885677177994638,443.1139934583839
1,636,1,-0.110692768283161,9.222396405713682e-05,443.1139934583839
1,636,2,0.0619865625561474,6.63788700036536e-05,443.1139934583839
1,636,3,0.23671417189821078,5.567506251117753e-05,443.1139934583839
1,636,4,-0.11868605925534473,5.014887842209857e-05,443.1139934583839
1,636,5,-0.3420990533655009,4.6865868647066955e-05,443.1139934583839
1,636,6,0.22932101458386528,4.4711350973703265e-05,443.1139934583839
1,636,7,0.4264962103004768,4.318779706748034e-05,443.1139934583839
1,636,8,0.39863335588163457,0.0002894727153352485,443.1139934583839
1,637,0,2.76332526952482e-06,0.0001885677177994638,443.1139934583839
1,637,1,5.356088021828508e-06,9.222396405713682e-05,443.1139934583839
1,637,2,6.7456911144618475e-06,6.63788700036536e-05,443.1139934583839
1,637,3,3.397633042222842e-06,5.567506251117753e-05,443.1139934583839
1,637,4,3.3851035429286885e-06,5.014887842209857e-05,443.1139934583839
1,637,5,3.5188379026246433e-06,4.6865868647066955e-05,443.1139934583839
1,637,6,6.273259302883852e-06,4.4711350973703265e-05,443.1139934583839
1,637,7,1.7671872971250267e-06,4.318779706748034e-05,443.1139934583839
1,637,8,1.6045285501487005e-06,0.0002894727153352485,443.1139934583839
1,638,0,-0.050282487521543386,0.0001885677177994638,443.1139934583839
1,638,1,-0.1106223060160535,9.222396405713682e-05,443.1139934583839
1,638,2,0.06408054770269583,6.63788700036536e-05,443.1139934583839
1,638,3,0.2359409435776515,5.567506251117753e-05,443.1139934583839
1,638,4,-0.12561937639903892,5.014887842209857e-05,443.1139934583839
1,638,5,-0.3384238452054115,4.6865868647066955e-05,443.1139934583839
1,638,6,0.24288101135406232,4.4711350973703265e-05,443.1139934583839
1,638,7,0.4161544865621697,4.318779706748034e-05,443.1139934583839
1,638,8,0.4032232350704752,0.0002894727153352485,443.1139934583839
1,639,0,2.6193137579231705e-06,0.0001885677177994638,443.1139934583839
1,639,1,5.310128054905747e-06,9.222396405713682e-05,443.1139934583839
1,639,2,6.390002467380404e-06,6.63788700036536e-05,443.1139934583839
1,639,3,3.039705104183586e-06,5.567506251117753e-05,443.1139934583839
1,639,4,2.828217204911883e-06,5.014887842209857e-05,443.1139934583839
1,639,5,3.2715471972707163e-06,4.6865868647066955e-05,443.1139934583839
1,639,6,5.777832989129868e-06,4.4711350973703265e-05,443.1139934583839
1,639,7,1.1159781557911155e-06,4.318779706748034e-05,443.1139934583839
1,639,8,1.503362692597019e-06,0.0002894727153352485,443.1139934583839
1,640,0,-0.050315501984965996,0.0001885677177994638,443.1139934583839
1,640,1,-0.11054965531533724,9.222396405713682e-05,443.1139934583839
1,640,2,0.06617832643338906,6.63788700036536e-05,443.1139934583839
1,640,3,0.23509953970949088,5.567506251117753e-05,443.1139934583839
1,640,4,-0.13253287438275463,5.014887842209857e-05,443.1139934583839
1,640,5,-0.33446355479815293,4.6865868647066955e-05,443.1139934583839
1,640,6,0.2562689681970976,4.4711350973703265e-05,443.1139934583839
1,640,7,0.405129399646502,4.318779706748034e-05,443.1139934583839
1,640,8,0.4071038815571205,0.0002894727153352485,443.1139934583839
1,641,0,2.6666641770133588e-06,0.0001885677177994638,443.1139934583839
1,641,1,5.153381644656064e-06,9.222396405713682e-05,443.1139934583839
1,641,2,6.501435915391109e-06,6.63788700036536e-05,443.1139934583839
1,641,3,3.32858931330518e-06,5.567506251117753e-05,443.1139934583839
1,641,4,3.2483742453518123e-06,5.014887842209857e-05,443.1139934583839
1,641,5,3.5890294876862146e-06,4.6865868647066955e-05,443.1139934583839
1,641,6,5.786304658246802e-06,4.4711350973703265e-05,443.1139934583839
1,641,7,1.4402904856822146e-06,4.318779706748034e-05,443.1139934583839
1,641,8,1.403383450784522e-06,0.0002894727153352485,443.1139934583839
1,642,0,-0.050347545196342144,0.0001885677177994638,443.1139934583839
1,642,1,-0.1104752340585642,9.222396405713682e-05,443.1139934583839
1,642,2,0.06827893596847989,6.63788700036536e-05,443.1139934583839
1,642,3,0.23418897888043413,5.567506251117753e-05,443.1139934583839
1,642,4,-0.1394246553014909,5.014887842209857e-05,443.1139934583839
1,642,5,-0.330219771304142,4.6865868647066955e-05,443.1139934583839
1,642,6,0.2694676298735889,4.4711350973703265e-05,443.1139934583839
1,642,7,0.3934310215267107,4.318779706748034e-05,443.1139934583839
1,642,8,0.41027074740826425,0.0002894727153352485,443.1139934583839
1,643,0,2.577297238231596e-06,0.0001885677177994638,443.1139934583839
1,643,1,5.187580699601207e-06,9.222396405713682e-05,443.1139934583839
1,643,2,6.4079870874229224e-06,6.63788700036536e-05,443.1139934583839
1,643,3,3.1756842012052464e-06,5.567506251117753e-05,443.1139934583839
1,643,4,3.245305695679571e-06,5.014887842209857e-05,443.1139934583839
1,643,5,3.4504333098563885e-06,4.6865868647066955e-05,443.1139934583839
1,643,6,6.174007082105175e-06,4.4711350973703265e-05,443.1139934583839
1,643,7,1.2246537000979861e-06,4.318779706748034e-05,443.1139934583839
1,643,8,1.3068444288825045e-06,0.0002894727153352485,443.1139934583839
1,644,0,-0.050378679793743546,0.0001885677177994638,443.1139934583839
1,644,1,-0.11039910967975472,9.222396405713682e-05,443.1139934583839
1,644,2,0.0703826049107691,6.63788700036536e-05,443.1139934583839
1,644,3,0.23320965778851457,5.567506251117753e-05,443.1139934583839
1,644,4,-0.14629067171559126,5.014887842209857e-05,443.1139934583839
1,644,5,-0.3256932339994038,4.6865868647066955e-05,443.1139934583839
1,644,6,0.28246260819045865,4.4711350973703265e-05,443.1139934583839
1,644,7,0.3810719981528054,4.318779706748034e-05,443.1139934583839
1,644,8,0.41272033825767707,0.0002894727153352485,443.1139934583839
1,645,0,2.6601164507051154e-06,0.0001885677177994638,443.1139934583839
1,645,1,5.0673602090379944e-06,9.222396405713682e-05,443.1139934583839
1,645,2,6.301042068631166e-06,6.63788700036536e-05,443.1139934583839
1,645,3,3.112009192604226e-06,5.567506251117753e-05,443.1139934583839
1,645,4,3.2200577062708396e-06,5.014887842209857e-05,443.1139934583839
1,645,5,3.4958337136786503e-06,4.6865868647066955e-05,443.1139934583839
1,645,6,5.675235793810831e-06,4.4711350973703265e-05,443.1139934583839
1,645,7,1.2930710859031385e-06,4.318779706748034e-05,443.1139934583839
1,645,8,1.2166436619280375e-06,0.0002894727153352485,443.1139934583839
1,646,0,-0.05040873830211981,0.0001885677177994638,443.1139934583839
1,646,1,-0.11032118530156736,9.222396405713682e-05,443.1139934583839
1,646,2,0.07248910523483364,6.63788700036536e-05,443.1139934583839
1,646,3,0.2321616218401072,5.567506251117753e-05,443.1139934583839
1,646,4,-0.15312730617324025,5.014887842209857e-05,443.1139934583839
1,646,5,-0.32088548203485195,4.6865868647066955e-05,443.1139934583839
1,646,6,0.29523934103289223,4.4711350973703265e-05,443.1139934583839
1,646,7,0.36806605016375055,4.318779706748034e-05,443.1139934583839
1,646,8,0.41445022479180965,0.0002894727153352485,443.1139934583839
1,647,0,2.5536334928549298e-06,0.0001885677177994638,443.1139934583839
1,647,1,5.202482205605429e-06,9.222396405713682e-05,443.1139934583839
1,647,2,6.460327503823488e-06,6.63788700036536e-05,443.1139934583839
1,647,3,3.0475601716876958e-06,5.567506251117753e-05,443.1139934583839
1,647,4,3.2609988965847327e-06,5.014887842209857e-05,443.1139934583839
1,647,5,3.656503836790295e-06,4.6865868647066955e-05,443.1139934583839
1,647,6,5.931650410872777e-06,4.4711350973703265e-05,443.1139934583839
1,647,7,9.901437112301426e-07,4.318779706748034e-05,443.1139934583839
1,647,8,1.1305759907810886e-06,0.0002894727153352485,443.1139934583839
1,648,0,-0.05043760038688891,0.0001885677177994638,443.1139934583839
1,648,1,-0.11024118307343486,9.222396405713682e-05,443.1139934583839
1,648,2,0.07459859174496483,6.63788700036536e-05,443.1139934583839
1,648,3,0.23104447330139916,5.567506251117753e-05,443.1139934583839
1,648,4,-0.1599313168749373,5.014887842209857e-05,443.1139934583839
1,648,5,-0.31579796042482106,4.6865868647066955e-05,443.1139934583839
1,648,6,0.30778258408704073,4.4711350973703265e-05,443.1139934583839
1,648,7,0.35442698430545183,4.318779706748034e-05,443.1139934583839
1,648,8,0.41545916527237026,0.0002894727153352485,443.1139934583839
1,649,0,2.5654535119065547e-06,0.0001885677177994638,443.1139934583839
1,649,1,4.917963672959594e-06,9.222396405713682e-05,443.1139934583839
1,649,2,6.173768535704779e-06,6.63788700036536e-05,443.1139934583839
1,649,3,3.1030736355371703e-06,5.567506251117753e-05,443.1139934583839
1,649,4,3.2665384868426703e-06,5.014887842209857e-05,443.1139934583839
1,649,5,3.596520709781287e-06,4.6865868647066955e-05,443.1139934583839
1,649,6,5.544151660172106e-06,4.4711350973703265e-05,443.1139934583839
1,649,7,1.2976357002796183e-06,4.318779706748034e-05,443.1139934583839
1,649,8,1.0084240672227982e-06,0.0002894727153352485,443.1139934583839
1,650,0,-0.050465523917755516,0.0001885677177994638,443.1139934583839
1,650,1,-0.11015939859063327,9.222396405713682e-05,443.1139934583839
1,650,2,0.07671067195256967,6.63788700036536e-05,443.1139934583839
1,650,3,0.2298577690808364,5.567506251117753e-05,443.1139934583839
1,650,4,-0.1666999228336752,5.014887842209857e-05,443.1139934583839
1,650,5,-0.3104327704721017,4.6865868647066955e-05,443.1139934583839
1,650,6,0.3200772331396244,4.4711350973703265e-05,443.1139934583839
1,650,7,0.3401697785323865,4.318779706748034e-05,443.1139934583839
1,650,8,0.41574700068326037,0.0002894727153352485,443.1139934583839
1,651,0,2.5356153677938086e-06,0.0001885677177994638,443.1139934583839
1,651,1,5.08055339635169e-06,9.222396405713682e-05,443.1139934583839
1,651,2,6.28600358090413e-06,6.63788700036536e-05,443.1139934583839
1,651,3,2.989242451034905e-06,5.567506251117753e-05,443.1139934583839
1,651,4,3.404350653597867e-06,5.014887842209857e-05,443.1139934583839
1,651,5,3.7105818876194603e-06,4.6865868647066955e-05,443.1139934583839
1,651,6,5.7183146767110615e-06,4.4711350973703265e-05,443.1139934583839
1,651,7,9.526118886848377e-07,4.318779706748034e-05,443.1139934583839
1,651,8,9.073434321551717e-07,0.0002894727153352485,443.1139934583839
1,652,0,-0.05049237807395825,0.0001885677177994638,443.1139934583839
1,652,1,-0.11007581397416877,9.222396405713682e-05,443.1139934583839
1,652,2,0.07882528412466863,6.63788700036536e-05,443.1139934583839
1,652,3,0.22860159467833882,5.567506251117753e-05,443.1139934583839
1,652,4,-0.1734294521005119,5.014887842209857e-05,443.1139934583839
1,652,5,-0.3047914791035473,4.6865868647066955e-05,443.1139934583839
1,652,6,0.33210801389926986,4.4711350973703265e-05,443.1139934583839
1,652,7,0.32531172151074855,4.318779706748034e-05,443.1139934583839
1,652,8,0.415314600015832,0.0002894727153352485,443.1139934583839
1,653,0,2.475655690258704e-06,0.0001885677177994638,443.1139934583839
1,653,1,4.792643766530966e-06,9.222396405713682e-05,443.1139934583839
1,653,2,5.957215097507237e-06,6.63788700036536e-05,443.1139934583839
1,653,3,2.9161952769240917e-06,5.567506251117753e-05,443.1139934583839
1,653,4,3.218343531260462e-06,5.014887842209857e-05,443.1139934583839
1,653,5,3.391504300791423e-06,4.6865868647066955e-05,443.1139934583839
1,653,6,5.637020691752338e-06,4.4711350973703265e-05,443.1139934583839
1,653,7,6.411040526104077e-07,4.318779706748034e-05,443.1139934583839
1,653,8,7.945745946654015e-07,0.0002894727153352485,443.1139934583839
1,654,0,-0.050518175245846474,0.0001885677177994638,443.1139934583839
1,654,1,-0.10999030668205595,9.222396405713682e-05,443.1139934583839
1,654,2,0.08094222884408127,6.63788700036536e-05,443.1139934583839
1,654,3,0.2272758567739717,5.567506251117753e-05,443.1139934583839
1,654,4,-0.18011658884002454,5.014887842209857e-05,443.1139934583839
1,654,5,-0.2988767465037228,4.6865868647066955e-05,443.1139934583839
1,654,6,0.34386130811373294,4.4711350973703265e-05,443.1139934583839
1,654,7,0.3098689912703212,4.318779706748034e-05,443.1139934583839
1,654,8,0.41416383759340664,0.0002894727153352485,443.1139934583839
1,655,0,2.521802068395773e-06,0.0001885677177994638,443.1139934583839
1,655,1,5.0205147792951605e-06,9.222396405713682e-05,443.1139934583839
1,655,2,6.274688921500504e-06,6.63788700036536e-05,443.1139934583839
1,655,3,2.971642887310645e-06,5.567506251117753e-05,443.1139934583839
1,655,4,3.5639195706225175e-06,5.014887842209857e-05,443.1139934583839
1,655,5,3.943064415754672e-06,4.6865868647066955e-05,443.1139934583839
1,655,6,5.431858379940661e-06,4.4711350973703265e-05,443.1139934583839
1,655,7,1.0389892458165192e-06,4.318779706748034e-05,443.1139934583839
1,655,8,7.410075002810855e-07,0.0002894727153352485,443.1139934583839
1,656,0,-0.05054295014231523,0.0001885677177994638,443.1139934583839
1,656,1,-0.10990325496306164,9.222396405713682e-05,443.1139934583839
1,656,2,0.0830610011181279,6.63788700036536e-05,443.1139934583839
1,656,3,0.22588015174032072,5.567506251117753e-05,443.1139934583839
1,656,4,-0.1867582617341682,5.014887842209857e-05,443.1139934583839
1,656,5,-0.2926914662900985,4.6865868647066955e-05,443.1139934583839
1,656,6,0.355322003167821,4.4711350973703265e-05,443.1139934583839
1,656,7,0.29385922561919636,4.318779706748034e-05,443.1139934583839
1,656,8,0.4122977339583564,0.0002894727153352485,443.1139934583839
1,657,0,2.4687377200880916e-06,0.0001885677177994638,443.1139934583839
1,657,1,4.9248416438631725e-06,9.222396405713682e-05,443.1139934583839
1,657,2,6.11433562887812e-06,6.63788700036536e-05,443.1139934583839
1,657,3,3.02033273734621e-06,5.567506251117753e-05,443.1139934583839
1,657,4,3.4915205748783522e-06,5.014887842209857e-05,443.1139934583839
1,657,5,3.843023291151264e-06,4.6865868647066955e-05,443.1139934583839
1,657,6,5.7184295313629e-06,4.4711350973703265e-05,443.1139934583839
1,657,7,9.67910778141775e-07,4.318779706748034e-05,443.1139934583839
1,657,8,6.544010212180565e-07,0.0002894727153352485,443.1139934583839
1,658,0,-0.05056664714640414,0.0001885677177994638,443.1139934583839
1,658,1,-0.10981401017999391,9.222396405713682e-05,443.1139934583839
1,658,2,0.08518216573307336,6.63788700036536e-05,443.1139934583839
1,658,3,0.224414981362941,5.567506251117753e-05,443.1139934583839
1,658,4,-0.19335041790796104,5.014887842209857e-05,443.1139934583839
1,658,5,-0.28623688101883055,4.6865868647066955e-05,443.1139934583839
1,658,6,0.3664764854708665,4.4711350973703265e-05,443.1139934583839
1,658,7,0.27730277862744407,4.318779706748034e-05,443.1139934583839
1,658,8,0.40972075499716837,0.0002894727153352485,443.1139934583839
1,659,0,2.430444619243051e-06,0.0001885677177994638,443.1139934583839
1,659,1,4.674764947700154e-06,9.222396405713682e-05,443.1139934583839
1,659,2,5.880464027455108e-06,6.63788700036536e-05,443.1139934583839
1,659,3,2.570474080972591e-06,5.567506251117753e-05,443.1139934583839
1,659,4,3.2724959978090657e-06,5.014887842209857e-05,443.1139934583839
1,659,5,3.4293206389456005e-06,4.6865868647066955e-05,443.1139934583839
1,659,6,5.023517223388841e-06,4.4711350973703265e-05,443.1139934583839
1,659,7,4.761293334558679e-07,4.318779706748034e-05,443.1139934583839
1,659,8,4.232479835278747e-07,0.0002894727153352485,443.1139934583839
1,660,0,-0.05058931260107761,0.0001885677177994638,443.1139934583839
1,660,1,-0.10972294012755253,9.222396405713682e-05,443.1139934583839
1,660,2,0.08730537492180566,6.63788700036536e-05,443.1139934583839
1,660,3,0.22287972692430374,5.567506251117753e-05,443.1139934583839
1,660,4,-0.1998904259774252,5.014887842209857e-05,443.1139934583839
1,660,5,-0.2795166500999586,4.6865868647066955e-05,443.1139934583839
1,660,6,0.37731026998715805,4.4711350973703265e-05,443.1139934583839
1,660,7,0.26021871880785485,4.318779706748034e-05,443.1139934583839
1,660,8,0.4064378488081121,0.0002894727153352485,443.1139934583839
1,661,0,2.460503395034025e-06,0.0001885677177994638,443.1139934583839
1,661,1,4.9032018451895665e-06,9.222396405713682e-05,443.1139934583839
1,661,2,5.976425932207694e-06,6.63788700036536e-05,443.1139934583839
1,661,3,3.081103088764073e-06,5.567506251117753e-05,443.1139934583839
1,661,4,3.7745346442170017e-06,5.014887842209857e-05,443.1139934583839
1,661,5,3.948788916496462e-06,4.6865868647066955e-05,443.1139934583839
1,661,6,5.739304181312021e-06,4.4711350973703265e-05,443.1139934583839
1,661,7,1.057097440367961e-06,4.318779706748034e-05,443.1139934583839
1,661,8,4.837313000932332e-07,0.0002894727153352485,443.1139934583839
1,662,0,-0.050610702539620814,0.0001885677177994638,443.1139934583839
1,662,1,-0.10962974680568868,9.222396405713682e-05,443.1139934583839
1,662,2,0.08943038760524635,6.63788700036536e-05,443.1139934583839
1,662,3,0.22127478996194538,5.567506251117753e-05,443.1139934583839
1,662,4,-0.20637412084465295,5.014887842209857e-05,443.1139934583839
1,662,5,-0.2725340377851973,4.6865868647066955e-05,443.1139934583839
1,662,6,0.38781016005364305,4.4711350973703265e-05,443.1139934583839
1,662,7,0.24262823522641172,4.318779706748034e-05,443.1139934583839
1,662,8,0.4024552153028188,0.0002894727153352485,443.1139934583839
1,663,0,2.3980714381181267e-06,0.0001885677177994638,443.1139934583839
1,663,1,4.712253477943228e-06,9.222396405713682e-05,443.1139934583839
1,663,2,6.092709381724949e-06,6.63788700036536e-05,443.1139934583839
1,663,3,2.685406864581321e-06,5.567506251117753e-05,443.1139934583839
1,663,4,3.420851307942787e-06,5.014887842209857e-05,443.1139934583839
1,663,5,3.978195646301477e-06,4.6865868647066955e-05,443.1139934583839
1,663,6,5.0235259102629195e-06,4.4711350973703265e-05,443.1139934583839
1,663,7,6.582510252320757e-07,4.318779706748034e-05,443.1139934583839
1,663,8,2.83180456709515e-07,0.0002894727153352485,443.1139934583839
1,664,0,-0.05063082312962612,0.0001885677177994638,443.1139934583839
1,664,1,-0.10953417771417505,9.222396405713682e-05,443.1139934583839
1,664,2,0.09155775927968617,6.63788700036536e-05,443.1139934583839
1,664,3,0.21960090327931703,5.567506251117753e-05,443.1139934583839
1,664,4,-0.2127978728075339,5.014887842209857e-05,443.1139934583839
1,664,5,-0.26529085636050487,4.6865868647066955e-05,443.1139934583839
1,664,6,0.39796334739603323,4.4711350973703265e-05,443.1139934583839
1,664,7,0.22455441541556576,4.318779706748034e-05,443.1139934583839
1,664,8,0.3977804355948825,0.0002894727153352485,443.1139934583839
1,665,0,2.3835427109864718e-06,0.0001885677177994638,443.1139934583839
1,665,1,4.700117589961992e-06,9.222396405713682e-05,443.1139934583839
1,665,2,5.651102596626865e-06,6.63788700036536e-05,443.1139934583839
1,665,3,2.594857024285553e-06,5.567506251117753e-05,443.1139934583839
1,665,4,3.6178731423606945e-06,5.014887842209857e-05,443.1139934583839
1,665,5,3.514716825178728e-06,4.6865868647066955e-05,443.1139934583839
1,665,6,5.192157615202123e-06,4.4711350973703265e-05,443.1139934583839
1,665,7,3.21644921721811e-07,4.318779706748034e-05,443.1139934583839
1,665,8,2.1455177444665202e-07,0.0002894727153352485,443.1139934583839
1,666,0,-0.050649967138887274,0.0001885677177994638,443.1139934583839
1,666,1,-0.10943684260048164,9.222396405713682e-05,443.1139934583839
1,666,2,0.09368644005223407,6.63788700036536e-05,443.1139934583839
1,666,3,0.21785621788653797,5.567506251117753e-05,443.1139934583839
1,666,4,-0.21915946495675473,5.014887842209857e-05,443.1139934583839
1,666,5,-0.2577920124885853,4.6865868647066955e-05,443.1139934583839
1,666,6,0.40775492972592625,4.4711350973703265e-05,443.1139934583839
1,666,7,0.20601775017648552,4.318779706748034e-05,443.1139934583839
1,666,8,0.39242177044204024,0.0002894727153352485,443.1139934583839
1,667,0,2.363210951783873e-06,0.0001885677177994638,443.1139934583839
1,667,1,4.610780239564993e-06,9.222396405713682e-05,443.1139934583839
1,667,2,5.952265702150894e-06,6.63788700036536e-05,443.1139934583839
1,667,3,2.8712925102754527e-06,5.567506251117753e-05,443.1139934583839
1,667,4,3.5448370064464377e-06,5.014887842209857e-05,443.1139934583839
1,667,5,4.005100166172359e-06,4.6865868647066955e-05,443.1139934583839
1,667,6,5.075998950625038e-06,4.4711350973703265e-05,443.1139934583839
1,667,7,7.929874720448874e-07,4.318779706748034e-05,443.1139934583839
1,667,8,1.0989749299558662e-07,0.0002894727153352485,443.1139934583839
1,668,0,-0.050668025351762035,0.0001885677177994638,443.1139934583839
1,668,1,-0.10933783403586664,9.222396405713682e-05,443.1139934583839
1,668,2,0.09581618939326389,6.63788700036536e-05,443.1139934583839
1,668,3,0.21604143657854633,5.567506251117753e-05,443.1139934583839
1,668,4,-0.22545569933668294,5.014887842209857e-05,443.1139934583839
1,668,5,-0.2500413801723413,4.6865868647066955e-05,443.1139934583839
1,668,6,0.41717234442078205,4.4711350973703265e-05,443.1139934583839
1,668,7,0.18704167366465613,4.318779706748034e-05,443.1139934583839
1,668,8,0.3863886820830678,0.0002894727153352485,443.1139934583839
1,669,0,2.3515377951186865e-06,0.0001885677177994638,443.1139934583839
1,669,1,4.783236799965463e-06,9.222396405713682e-05,443.1139934583839
1,669,2,5.726531364335715e-06,6.63788700036536e-05,443.1139934583839
1,669,3,2.541125350440767e-06,5.567506251117753e-05,443.1139934583839
1,669,4,4.015930574233901e-06,5.014887842209857e-05,443.1139934583839
1,669,5,3.835876451069249e-06,4.6865868647066955e-05,443.1139934583839
1,669,6,5.170898831220543e-06,4.4711350973703265e-05,443.1139934583839
1,669,7,5.853378926750912e-07,4.318779706748034e-05,443.1139934583839
1,669,8,9.888701969592268e-09,0.0002894727153352485,443.1139934583839
1,670,0,-0.05068483321479424,0.0001885677177994638,443.1139934583839
1,670,1,-0.1092364404455208,9.222396405713682e-05,443.1139934583839
1,670,2,0.09794788328094947,6.63788700036536e-05,443.1139934583839
1,670,3,0.21415740015268617,5.567506251117753e-05,443.1139934583839
1,670,4,-0.23168192743506216,5.014887842209857e-05,443.1139934583839
1,670,5,-0.24204171045983205,4.6865868647066955e-05,443.1139934583839
1,670,6,0.42620390698921934,4.4711350973703265e-05,443.1139934583839
1,670,7,0.1676517328361608,4.318779706748034e-05,443.1139934583839
1,670,8,0.37969150592119133,0.0002894727153352485,443.1139934583839
1,671,0,2.3385429947898896e-06,0.0001885677177994638,443.1139934583839
1,671,1,4.486387198602106e-06,9.222396405713682e-05,443.1139934583839
1,671,2,5.692681410679443e-06,6.63788700036536e-05,443.1139934583839
1,671,3,2.611784573956074e-06,5.567506251117753e-05,443.1139934583839
1,671,4,3.483170447731164e-06,5.014887842209857e-05,443.1139934583839
1,671,5,3.958137349328592e-06,4.6865868647066955e-05,443.1139934583839
1,671,6,4.73957122908135e-06,4.4711350973703265e-05,443.1139934583839
1,671,7,5.154290726162343e-07,4.318779706748034e-05,443.1139934583839
1,671,8,-4.6322764979527953e-08,0.0002894727153352485,443.1139934583839
1,672,0,-0.05070054623045424,0.0001885677177994638,443.1139934583839
1,672,1,-0.10913288564668999,9.222396405713682e-05,443.1139934583839
1,672,2,0.10008050309393778,6.63788700036536e-05,443.1139934583839
1,672,3,0.21220316323902036,5.567506251117753e-05,443.1139934583839
1,672,4,-0.23783497464482398,5.014887842209857e-05,443.1139934583839
1,672,5,-0.23379763653491595,4.6865868647066955e-05,443.1139934583839
1,672,6,0.4348365874488007,4.4711350973703265e-05,443.1139934583839
1,672,7,0.14787176569703986,4.318779706748034e-05,443.1139934583839
1,672,8,0.37234177348369696,0.0002894727153352485,443.1139934583839
1,673,0,2.3312590287209987e-06,0.0001885677177994638,443.1139934583839
1,673,1,4.62026080129425e-06,9.222396405713682e-05,443.1139934583839
1,673,2,5.738916308180866e-06,6.63788700036536e-05,443.1139934583839
1,673,3,2.577467142750026e-06,5.567506251117753e-05,443.1139934583839
1,673,4,3.796255087089272e-06,5.014887842209857e-05,443.1139934583839
1,673,5,3.856443957352402e-06,4.6865868647066955e-05,443.1139934583839
1,673,6,4.967578654200606e-06,4.4711350973703265e-05,443.1139934583839
1,673,7,7.217267445702395e-07,4.318779706748034e-05,443.1139934583839
1,673,8,-1.7675993624026292e-07,0.0002894727153352485,443.1139934583839
1,674,0,-0.05071530485379383,0.0001885677177994638,443.1139934583839
1,674,1,-0.10902801119777172,9.222396405713682e-05,443.1139934583839
1,674,2,0.10221340739648024,6.63788700036536e-05,443.1139934583839
1,674,3,0.21017804923952327,5.567506251117753e-05,443.1139934583839
1,674,4,-0.2439136054461347,5.014887842209857e-05,443.1139934583839
1,674,5,-0.22531419231348998,4.6865868647066955e-05,443.1139934583839
1,674,6,0.4430573092091307,4.4711350973703265e-05,443.1139934583839
1,674,7,0.1277274610781986,4.318779706748034e-05,443.1139934583839
1,674,8,0.36435194308162927,0.0002894727153352485,443.1139934583839
1,675,0,2.2406287767508557e-06,0.0001885677177994638,443.1139934583839
1,675,1,4.4965121365987685e-06,9.222396405713682e-05,443.1139934583839
1,675,2,5.56861257955883e-06,6.63788700036536e-05,443.1139934583839
1,675,3,2.5873832165706818e-06,5.567506251117753e-05,443.1139934583839
1,675,4,4.0074717487938644e-06,5.014887842209857e-05,443.1139934583839
1,675,5,3.952766919833756e-06,4.6865868647066955e-05,443.1139934583839
1,675,6,4.683664557686134e-06,4.4711350973703265e-05,443.1139934583839
1,675,7,2.3730469702997367e-07,4.318779706748034e-05,443.1139934583839
1,675,8,-2.14758004630742e-07,0.0002894727153352485,443.1139934583839
1,676,0,-0.05072947034189758,0.0001885677177994638,443.1139934583839
1,676,1,-0.10892219904800902,9.222396405713682e-05,443.1139934583839
1,676,2,0.10434566074197463,6.63788700036536e-05,443.1139934583839
1,676,3,0.20808163010351577,5.567506251117753e-05,443.1139934583839
1,676,4,-0.24991410899025243,5.014887842209857e-05,443.1139934583839
1,676,5,-0.21659649916996832,4.6865868647066955e-05,443.1139934583839
1,676,6,0.45085378796321346,4.4711350973703265e-05,443.1139934583839
1,676,7,0.10724416814815273,4.318779706748034e-05,443.1139934583839
1,676,8,0.35573541526954394,0.0002894727153352485,443.1139934583839
1,677,0,2.3118873086122536e-06,0.0001885677177994638,443.1139934583839
1,677,1,4.595081418153648e-06,9.222396405713682e-05,443.1139934583839
1,677,2,5.721813906881909e-06,6.63788700036536e-05,443.1139934583839
1,677,3,2.440180327398902e-06,5.567506251117753e-05,443.1139934583839
1,677,4,3.7141852538610917e-06,5.014887842209857e-05,443.1139934583839
1,677,5,3.841398159706104e-06,4.6865868647066955e-05,443.1139934583839
1,677,6,4.872235304045812e-06,4.4711350973703265e-05,443.1139934583839
1,677,7,7.051947588850627e-07,4.318779706748034e-05,443.1139934583839
1,677,8,-3.1409020223305706e-07,0.0002894727153352485,443.1139934583839
1,678,0,-0.050743081312582955,0.0001885677177994638,443.1139934583839
1,678,1,-0.10881503294325942,9.222396405713682e-05,443.1139934583839
1,678,2,0.10647746414155271,6.63788700036536e-05,443.1139934583839
1,678,3,0.20591396763337927,5.567506251117753e-05,443.1139934583839
1,678,4,-0.255833156124278,5.014887842209857e-05,443.1139934583839
1,678,5,-0.20764938334516767,4.6865868647066955e-05,443.1139934583839
1,678,6,0.45821508019884877,4.4711350973703265e-05,443.1139934583839
1,678,7,0.08644871287879312,4.318779706748034e-05,443.1139934583839
1,678,8,0.3465066321155108,0.0002894727153352485,443.1139934583839
1,679,0,2.26885488608585e-06,0.0001885677177994638,443.1139934583839
1,679,1,4.282592928494032e-06,9.222396405713682e-05,443.1139934583839
1,679,2,5.403650077389164e-06,6.63788700036536e-05,443.1139934583839
1,679,3,2.5089421834202605e-06,5.567506251117753e-05,443.1139934583839
1,679,4,3.985932499425012e-06,5.014887842209857e-05,443.1139934583839
1,679,5,4.084467794286552e-06,4.6865868647066955e-05,443.1139934583839
1,679,6,4.39397728178173e-06,4.4711350973703265e-05,443.1139934583839
1,679,7,4.1049485432983976e-07,4.318779706748034e-05,443.1139934583839
1,679,8,-3.9693147166566137e-07,0.0002894727153352485,443.1139934583839
1,680,0,-0.050755800734497925,0.0001885677177994638,443.1139934583839
1,680,1,-0.10870647302124695,9.222396405713682e-05,443.1139934583839
1,680,2,0.1086090054576117,6.63788700036536e-05,443.1139934583839
1,680,3,0.20367542819329776,5.567506251117753e-05,443.1139934583839
1,680,4,-0.26166742854971153,5.014887842209857e-05,443.1139934583839
1,680,5,-0.19847702960030938,4.6865868647066955e-05,443.1139934583839
1,680,6,0.465130177065117,4.4711350973703265e-05,443.1139934583839
1,680,7,0.06536953402454598,4.318779706748034e-05,443.1139934583839
1,680,8,0.3366806727167701,0.0002894727153352485,443.1139934583839
1,681,0,2.286712975996774e-06,0.0001885677177994638,443.1139934583839
1,681,1,4.639120226350377e-06,9.222396405713682e-05,443.1139934583839
1,681,2,5.715896802197718e-06,6.63788700036536e-05,443.1139934583839
1,681,3,2.586273557888212e-06,5.567506251117753e-05,443.1139934583839
1,681,4,4.090127676801444e-06,5.014887842209857e-05,443.1139934583839
1,681,5,3.965011924938362e-06,4.6865868647066955e-05,443.1139934583839
1,681,6,4.947445139815928e-06,4.4711350973703265e-05,443.1139934583839
1,681,7,8.000272157175806e-07,4.318779706748034e-05,443.1139934583839
1,681,8,-3.8890234237784866e-07,0.0002894727153352485,443.1139934583839
1,682,0,-0.05076808663670439,0.0001885677177994638,443.1139934583839
1,682,1,-0.1085976142292972,9.222396405713682e-05,443.1139934583839
1,682,2,0.11073870618750668,6.63788700036536e-05,443.1139934583839
1,682,3,0.20136519324738184,5.567506251117753e-05,443.1139934583839
1,682,4,-0.26741445133513986,5.014887842209857e-05,443.1139934583839
1,682,5,-0.1890853368053203,4.6865868647066955e-05,443.1139934583839
1,682,6,0.4715873076811154,4.4711350973703265e-05,443.1139934583839
1,682,7,0.04403375861026726,4.318779706748034e-05,443.1139934583839
1,682,8,0.32627400456112815,0.0002894727153352485,443.1139934583839
1,683,0,2.1334501269456705e-06,0.0001885677177994638,443.1139934583839
1,683,1,4.21951943892745e-06,9.222396405713682e-05,443.1139934583839
1,683,2,5.240383030077633e-06,6.63788700036536e-05,443.1139934583839
1,683,3,2.0935373170919472e-06,5.567506251117753e-05,443.1139934583839
1,683,4,3.7378922044498833e-06,5.014887842209857e-05,443.1139934583839
1,683,5,3.61063637437358e-06,4.6865868647066955e-05,443.1139934583839
1,683,6,4.104762578465312e-06,4.4711350973703265e-05,443.1139934583839
1,683,7,2.3610605371690994e-07,4.318779706748034e-05,443.1139934583839
1,683,8,-5.560732236566352e-07,0.0002894727153352485,443.1139934583839
1,684,0,-0.05078116232415886,0.0001885677177994638,443.1139934583839
1,684,1,-0.10849022207790898,9.222396405713682e-05,443.1139934583839
1,684,2,0.11286364298459131,6.63788700036536e-05,443.1139934583839
1,684,3,0.1989796320517682,5.567506251117753e-05,443.1139934583839
1,684,4,-0.2730746998129558,5.014887842209857e-05,443.1139934583839
1,684,5,-0.17948385076788811,4.6865868647066955e-05,443.1139934583839
1,684,6,0.4775734035287239,4.4711350973703265e-05,443.1139934583839
1,684,7,0.02246733867417533,4.318779706748034e-05,443.1139934583839
1,684,8,0.3153038147441357,0.0002894727153352485,443.1139934583839
1,685,0,2.2896047579575244e-06,0.0001885677177994638,443.1139934583839
1,685,1,4.473976062609213e-06,9.222396405713682e-05,443.1139934583839
1,685,2,5.670746238384373e-06,6.63788700036536e-05,443.1139934583839
1,685,3,2.687785039841857e-06,5.567506251117753e-05,443.1139934583839
1,685,4,4.350757142902471e-06,5.014887842209857e-05,443.1139934583839
1,685,5,4.338036868439708e-06,4.6865868647066955e-05,443.1139934583839
1,685,6,4.748897140597559e-06,4.4711350973703265e-05,443.1139934583839
1,685,7,8.791064518470842e-07,4.318779706748034e-05,443.1139934583839
1,685,8,-5.035309756487672e-07,0.0002894727153352485,443.1139934583839
1,686,0,-0.05079411707791568,0.0001885677177994638,443.1139934583839
1,686,1,-0.10838281037518697,9.222396405713682e-05,443.1139934583839
1,686,2,0.11498628486660843,6.63788700036536e-05,443.1139934583839
1,686,3,0.19652163175602871,5.567506251117753e-05,443.1139934583839
1,686,4,-0.27864187805391055,5.014887842209857e-05,443.1139934583839
1,686,5,-0.16967484676725386,4.6865868647066955e-05,443.1139934583839
1,686,6,0.4830809315241631,4.4711350973703265e-05,443.1139934583839
1,686,7,0.0007017520291843523,4.318779706748034e-05,443.1139934583839
1,686,8,0.30378794054803304,0.0002894727153352485,443.1139934583839
1,687,0,2.161286476007559e-06,0.0001885677177994638,443.1139934583839
1,687,1,4.2878423339085716e-06,9.222396405713682e-05,443.1139934583839
1,687,2,5.095104004626388e-06,6.63788700036536e-05,443.1139934583839
1,687,3,2.1665954598525335e-06,5.567506251117753e-05,443.1139934583839
1,687,4,3.843980032882789e-06,5.014887842209857e-05,443.1139934583839
1,687,5,3.702371834907239e-06,4.6865868647066955e-05,443.1139934583839
1,687,6,4.042271272811219e-06,4.4711350973703265e-05,443.1139934583839
1,687,7,5.076200909890176e-07,4.318779706748034e-05,443.1139934583839
1,687,8,-6.840878194323381e-07,0.0002894727153352485,443.1139934583839
1,688,0,-0.05080543143930309,0.0001885677177994638,443.1139934583839
1,688,1,-0.10827261824065289,9.222396405713682e-05,443.1139934583839
1,688,2,0.11710943183291844,6.63788700036536e-05,443.1139934583839
1,688,3,0.19399545846703808,5.567506251117753e-05,443.1139934583839
1,688,4,-0.284109277442448,5.014887842209857e-05,443.1139934583839
1,688,5,-0.15965955232797274,4.6865868647066955e-05,443.1139934583839
1,688,6,0.48810457842300936,4.4711350973703265e-05,443.1139934583839
1,688,7,-0.02122882510011821,4.318779706748034e-05,443.1139934583839
1,688,8,0.2917451480972617,0.0002894727153352485,443.1139934583839
1,689,0,2.1297795243712073e-06,0.0001885677177994638,443.1139934583839
1,689,1,4.314562112898723e-06,9.222396405713682e-05,443.1139934583839
1,689,2,5.592762335067196e-06,6.63788700036536e-05,443.1139934583839
1,689,3,2.344087541182161e-06,5.567506251117753e-05,443.1139934583839
1,689,4,4.4582203493709445e-06,5.014887842209857e-05,443.1139934583839
1,689,5,3.829460006439728e-06,4.6865868647066955e-05,443.1139934583839
1,689,6,4.155497123256854e-06,4.4711350973703265e-05,443.1139934583839
1,689,7,4.251753779598106e-07,4.318779706748034e-05,443.1139934583839
1,689,8,-7.194979503741142e-07,0.0002894727153352485,443.1139934583839
1,690,0,-0.050816104046559216,0.0001885677177994638,443.1139934583839
1,690,1,-0.1081610310831602,9.222396405713682e-05,443.1139934583839
1,690,2,0.11923115022936936,6.63788700036536e-05,443.1139934583839
1,690,3,0.19139898242788192,5.567506251117753e-05,443.1139934583839
1,690,4,-0.28947570614693013,5.014887842209857e-05,443.1139934583839
1,690,5,-0.1494473812808323,4.6865868647066955e-05,443.1139934583839
1,690,6,0.49263275568775583,4.4711350973703265e-05,443.1139934583839
1,690,7,-0.043297106163040555,4.318779706748034e-05,443.1139934583839
1,690,8,0.2791950201799956,0.0002894727153352485,443.1139934583839
1,691,0,2.256378558073577e-06,0.0001885677177994638,443.1139934583839
1,691,1,4.294531146623541e-06,9.222396405713682e-05,443.1139934583839
1,691,2,5.199084303376829e-06,6.63788700036536e-05,443.1139934583839
1,691,3,2.2081857672353786e-06,5.567506251117753e-05,443.1139934583839
1,691,4,4.184532268182611e-06,5.014887842209857e-05,443.1139934583839
1,691,5,4.33749972008524e-06,4.6865868647066955e-05,443.1139934583839
1,691,6,4.070298960523132e-06,4.4711350973703265e-05,443.1139934583839
1,691,7,1.0259543293994036e-06,4.318779706748034e-05,443.1139934583839
1,691,8,-8.266974384587398e-07,0.0002894727153352485,443.1139934583839
1,692,0,-0.05082623161480693,0.0001885677177994638,443.1139934583839
1,692,1,-0.10804848119093266,9.222396405713682e-05,443.1139934583839
1,692,2,0.1213517426269328,6.63788700036536e-05,443.1139934583839
1,692,3,0.18873221106731827,5.567506251117753e-05,443.1139934583839
1,692,4,-0.2947378955640065,5.014887842209857e-05,443.1139934583839
1,692,5,-0.1390436133639431,4.6865868647066955e-05,443.1139934583839
1,692,6,0.49665710063544355,4.4711350973703265e-05,443.1139934583839
1,692,7,-0.06547203704285603,4.318779706748034e-05,443.1139934583839
1,692,8,0.26615811043923115,0.0002894727153352485,443.1139934583839
1,693,0,2.149305997605856e-06,0.0001885677177994638,443.1139934583839
1,693,1,4.3134572858369255e-06,9.222396405713682e-05,443.1139934583839
1,693,2,5.079145564301101e-06,6.63788700036536e-05,443.1139934583839
1,693,3,2.09192999447035e-06,5.567506251117753e-05,443.1139934583839
1,693,4,4.374495965815952e-06,5.014887842209857e-05,443.1139934583839
1,693,5,3.6559225326396e-06,4.6865868647066955e-05,443.1139934583839
1,693,6,3.709322685634718e-06,4.4711350973703265e-05,443.1139934583839
1,693,7,4.652339701838773e-07,4.318779706748034e-05,443.1139934583839
1,693,8,-9.274620642670569e-07,0.0002894727153352485,443.1139934583839
1,694,0,-0.05083409166668845,0.0001885677177994638,443.1139934583839
1,694,1,-0.10793193771384342,9.222396405713682e-05,443.1139934583839
1,694,2,0.12347407615418884,6.63788700036536e-05,443.1139934583839
1,694,3,0.1859993633632672,5.567506251117753e-05,443.1139934583839
1,694,4,-0.29988947895505125,5.014887842209857e-05,443.1139934583839
1,694,5,-0.12845019555262432,4.6865868647066955e-05,443.1139934583839
1,694,6,0.5001735496673301,4.4711350973703265e-05,443.1139934583839
1,694,7,-0.08771857122492444,4.318779706748034e-05,443.1139934583839
1,694,8,0.2526553638408431,0.0002894727153352485,443.1139934583839
1,695,0,2.1554667860282815e-06,0.0001885677177994638,443.1139934583839
1,695,1,4.275046277867762e-06,9.222396405713682e-05,443.1139934583839
1,695,2,5.188794062139686e-06,6.63788700036536e-05,443.1139934583839
1,695,3,2.1241491700951773e-06,5.567506251117753e-05,443.1139934583839
1,695,4,4.800609825527979e-06,5.014887842209857e-05,443.1139934583839
1,695,5,4.184414712570752e-06,4.6865868647066955e-05,443.1139934583839
1,695,6,3.6334483842464197e-06,4.4711350973703265e-05,443.1139934583839
1,695,7,1.0386634883743975e-06,4.318779706748034e-05,443.1139934583839
1,695,8,-1.053021758172015e-06,0.0002894727153352485,443.1139934583839
1,696,0,-0.05083659083993389,0.0001885677177994638,443.1139934583839
1,696,1,-0.10780506216987476,9.222396405713682e-05,443.1139934583839
1,696,2,0.12560678837103834,6.63788700036536e-05,443.1139934583839
1,696,3,0.18321070025355332,5.567506251117753e-05,443.1139934583839
1,696,4,-0.3049172436445485,5.014887842209857e-05,443.1139934583839
1,696,5,-0.11766451067734877,4.6865868647066955e-05,443.1139934583839
1,696,6,0.503183913872522,4.4711350973703265e-05,443.1139934583839
1,696,7,-0.1099974923426977,4.318779706748034e-05,443.1139934583839
1,696,8,0.2387080988885555,0.0002894727153352485,443.1139934583839
1,697,0,2.2340550170862463e-06,0.0001885677177994638,443.1139934583839
1,697,1,4.536902773131142e-06,9.222396405713682e-05,443.1139934583839
1,697,2,5.080225622990375e-06,6.63788700036536e-05,443.1139934583839
1,697,3,1.8454365749833632e-06,5.567506251117753e-05,443.1139934583839
1,697,4,4.91749121384887e-06,5.014887842209857e-05,443.1139934583839
1,697,5,3.9053775756483525e-06,4.6865868647066955e-05,443.1139934583839
1,697,6,3.109929392252951e-06,4.4711350973703265e-05,443.1139934583839
1,697,7,1.0082289968727826e-06,4.318779706748034e-05,443.1139934583839
1,697,8,-1.1471232610395789e-06,0.0002894727153352485,443.1139934583839
1,698,0,-0.05083303385272702,0.0001885677177994638,443.1139934583839
1,698,1,-0.10766629646458782,9.222396405713682e-05,443.1139934583839
1,698,2,0.1277519579039267,6.63788700036536e-05,443.1139934583839
1,698,3,0.18036806713112155,5.567506251117753e-05,443.1139934583839
1,698,4,-0.3098156946648742,5.014887842209857e-05,443.1139934583839
1,698,5,-0.10669122996669769,4.6865868647066955e-05,443.1139934583839
1,698,6,0.5056832892738807,4.4711350973703265e-05,443.1139934583839
1,698,7,-0.13227502693334223,4.318779706748034e-05,443.1139934583839
1,698,8,0.22433892631679656,0.0002894727153352485,443.1139934583839
1,699,0,2.142831273224054e-06,0.0001885677177994638,443.1139934583839
1,699,1,4.203214020747732e-06,9.222396405713682e-05,443.1139934583839
1,699,2,4.671203787480675e-06,6.63788700036536e-05,443.1139934583839
1,699,3,1.8013750236439356e-06,5.567506251117753e-05,443.1139934583839
1,699,4,4.8602001126727865e-06,5.014887842209857e-05,443.1139934583839
1,699,5,4.203422294922667e-06,4.6865868647066955e-05,443.1139934583839
1,699,6,2.5418239614979346e-06,4.4711350973703265e-05,443.1139934583839
1,699,7,1.2293380724887912e-06,4.318779706748034e-05,443.1139934583839
1,699,8,-1.3413544767807052e-06,0.0002894727153352485,443.1139934583839
1,700,0,-0.05082681597538955,0.0001885677177994638,443.1139934583839
1,700,1,-0.1075220239940898,9.222396405713682e-05,443.1139934583839
1,700,2,0.1299003877642001,6.63788700036536e-05,443.1139934583839
1,700,3,0.17746184988963096,5.567506251117753e-05,443.1139934583839
1,700,4,-0.31459192258111446,5.014887842209857e-05,443.1139934583839
1,700,5,-0.09554644954254489,4.6865868647066955e-05,443.1139934583839
1,700,6,0.5076550204264278,4.4711350973703265e-05,443.1139934583839
1,700,7,-0.15452777170466028,4.318779706748034e-05,443.1139934583839
1,700,8,0.20957135322643503,0.0002894727153352485,443.1139934583839
1,701,0,2.2887913359188724e-06,0.0001885677177994638,443.1139934583839
1,701,1,4.409626597646245e-06,9.222396405713682e-05,443.1139934583839
1,701,2,4.867371422711025e-06,6.63788700036536e-05,443.1139934583839
1,701,3,1.7711096077769154e-06,5.567506251117753e-05,443.1139934583839
1,701,4,5.352936612966702e-06,5.014887842209857e-05,443.1139934583839
1,701,5,3.9451804316583875e-06,4.6865868647066955e-05,443.1139934583839
1,701,6,2.686306591844274e-06,4.4711350973703265e-05,443.1139934583839
1,701,7,1.4491971984541295e-06,4.318779706748034e-05,443.1139934583839
1,701,8,-1.2837786344004864e-06,0.0002894727153352485,443.1139934583839
1,702,0,-0.05081327089276775,0.0001885677177994638,443.1139934583839
1,702,1,-0.1073638578572562,9.222396405713682e-05,443.1139934583839
1,702,2,0.13206368608090835,6.63788700036536e-05,443.1139934583839
1,702,3,0.1745059719875631,5.567506251117753e-05,443.1139934583839
1,702,4,-0.31923037855378367,5.014887842209857e-05,443.1139934583839
1,702,5,-0.08422348559351317,4.6865868647066955e-05,443.1139934583839
1,702,6,0.5091061991500544,4.4711350973703265e-05,443.1139934583839
1,702,7,-0.17671230245872765,4.318779706748034e-05,443.1139934583839
1,702,8,0.19442844728692224,0.0002894727153352485,443.1139934583839
1,703,0,2.1976108445251192e-06,0.0001885677177994638,443.1139934583839
1,703,1,4.565548636652963e-06,9.222396405713682e-05,443.1139934583839
1,703,2,4.621221498120096e-06,6.63788700036536e-05,443.1139934583839
1,703,3,1.5512482744743923e-06,5.567506251117753e-05,443.1139934583839
1,703,4,5.9284261721596135e-06,5.014887842209857e-05,443.1139934583839
1,703,5,4.0524705130974366e-06,4.6865868647066955e-05,443.1139934583839
1,703,6,1.6937194951480794e-06,4.4711350973703265e-05,443.1139934583839
1,703,7,2.044344489122703e-06,4.318779706748034e-05,443.1139934583839
1,703,8,-1.4530056983051356e-06,0.0002894727153352485,443.1139934583839
1,704,0,-0.05078790891006857,0.0001885677177994638,443.1139934583839
1,704,1,-0.10718237468681528,9.222396405713682e-05,443.1139934583839
1,704,2,0.1342536423293718,6.63788700036536e-05,443.1139934583839
1,704,3,0.1715135848695089,5.567506251117753e-05,443.1139934583839
1,704,4,-0.3237136114140574,5.014887842209857e-05,443.1139934583839
1,704,5,-0.07271686282433078,4.6865868647066955e-05,443.1139934583839
1,704,6,0.5100426185039156,4.4711350973703265e-05,443.1139934583839
1,704,7,-0.19878445941026854,4.318779706748034e-05,443.1139934583839
1,704,8,0.1789338586447837,0.0002894727153352485,443.1139934583839
1,705,0,2.2927720276538863e-06,0.0001885677177994638,443.1139934583839
1,705,1,4.360830562794377e-06,9.222396405713682e-05,443.1139934583839
1,705,2,4.478862337736689e-06,6.63788700036536e-05,443.1139934583839
1,705,3,1.3640126948325212e-06,5.567506251117753e-05,443.1139934583839
1,705,4,5.494951691287625e-06,5.014887842209857e-05,443.1139934583839
1,705,5,3.773446914498214e-06,4.6865868647066955e-05,443.1139934583839
1,705,6,2.0488897663172925e-06,4.4711350973703265e-05,443.1139934583839
1,705,7,1.933677310975915e-06,4.318779706748034e-05,443.1139934583839
1,705,8,-1.3393180778755569e-06,0.0002894727153352485,443.1139934583839
1,706,0,-0.050759059150926523,0.0001885677177994638,443.1139934583839
1,706,1,-0.10699425112082599,9.222396405713682e-05,443.1139934583839
1,706,2,0.13644800366313037,6.63788700036536e-05,443.1139934583839
1,706,3,0.1684601222346716,5.567506251117753e-05,443.1139934583839
1,706,4,-0.3280633178934864,5.014887842209857e-05,443.1139934583839
1,706,5,-0.061058014063868654,4.6865868647066955e-05,443.1139934583839
1,706,6,0.5104358274849847,4.4711350973703265e-05,443.1139934583839
1,706,7,-0.22073260456598406,4.318779706748034e-05,443.1139934583839
1,706,8,0.1631136590365968,0.0002894727153352485,443.1139934583839
1,707,0,2.1895779089978083e-06,0.0001885677177994638,443.1139934583839
1,707,1,4.612722371512422e-06,9.222396405713682e-05,443.1139934583839
1,707,2,4.494861612074297e-06,6.63788700036536e-05,443.1139934583839
1,707,3,1.656586296794178e-06,5.567506251117753e-05,443.1139934583839
1,707,4,6.309799861490705e-06,5.014887842209857e-05,443.1139934583839
1,707,5,4.145525521061899e-06,4.6865868647066955e-05,443.1139934583839
1,707,6,1.5465991772826092e-06,4.4711350973703265e-05,443.1139934583839
1,707,7,2.4998170250831062e-06,4.318779706748034e-05,443.1139934583839
1,707,8,-1.3349626408463197e-06,0.0002894727153352485,443.1139934583839
1,708,0,-0.05072896839068878,0.0001885677177994638,443.1139934583839
1,708,1,-0.10680376784074441,9.222396405713682e-05,443.1139934583839
1,708,2,0.13864086078041754,6.63788700036536e-05,443.1139934583839
1,708,3,0.1653395464871573,5.567506251117753e-05,443.1139934583839
1,708,4,-0.3322831364057447,5.014887842209857e-05,443.1139934583839
1,708,5,-0.049259934629242844,4.6865868647066955e-05,443.1139934583839
1,708,6,0.5102761860150765,4.4711350973703265e-05,443.1139934583839
1,708,7,-0.24253010953892348,4.318779706748034e-05,443.1139934583839
1,708,8,0.14699359317600977,0.0002894727153352485,443.1139934583839
1,709,0,2.278249636389187e-06,0.0001885677177994638,443.1139934583839
1,709,1,4.304249587082875e-06,9.222396405713682e-05,443.1139934583839
1,709,2,4.280171014992585e-06,6.63788700036536e-05,443.1139934583839
1,709,3,1.3810044340558538e-06,5.567506251117753e-05,443.1139934583839
1,709,4,5.9028002778209635e-06,5.014887842209857e-05,443.1139934583839
1,709,5,3.391841184519457e-06,4.6865868647066955e-05,443.1139934583839
1,709,6,1.2887866603448906e-06,4.4711350973703265e-05,443.1139934583839
1,709,7,2.6159953340273997e-06,4.318779706748034e-05,443.1139934583839
1,709,8,-1.1267756833045295e-06,0.0002894727153352485,443.1139934583839
1,710,0,-0.05069368298882971,0.0001885677177994638,443.1139934583839
1,710,1,-0.10660301649782213,9.222396405713682e-05,443.1139934583839
1,710,2,0.14084176690453035,6.63788700036536e-05,443.1139934583839
1,710,3,0.16216370041896938,5.567506251117753e-05,443.1139934583839
1,710,4,-0.33635797438175696,5.014887842209857e-05,443.1139934583839
1,710,5,-0.037318790184061056,4.6865868647066955e-05,443.1139934583839
1,710,6,0.5095681803199668,4.4711350973703265e-05,443.1139934583839
1,710,7,-0.26413343063343664,4.318779706748034e-05,443.1139934583839
1,710,8,0.13059887496387948,0.0002894727153352485,443.1139934583839
1,711,0,2.1068720546126854e-06,0.0001885677177994638,443.1139934583839
1,711,1,4.3727716182428935e-06,9.222396405713682e-05,443.1139934583839
1,711,2,4.399305971247354e-06,6.63788700036536e-05,443.1139934583839
1,711,3,1.3632433332133175e-06,5.567506251117753e-05,443.1139934583839
1,711,4,6.1447255096374566e-06,5.014887842209857e-05,443.1139934583839
1,711,5,3.485334256321563e-06,4.6865868647066955e-05,443.1139934583839
1,711,6,1.7869609089741962e-06,4.4711350973703265e-05,443.1139934583839
1,711,7,2.5349076322880613e-06,4.318779706748034e-05,443.1139934583839
1,711,8,-1.0109358304990363e-06,0.0002894727153352485,443.1139934583839
1,712,0,-0.05065760954741736,0.0001885677177994638,443.1139934583839
1,712,1,-0.10640115111102971,9.222396405713682e-05,443.1139934583839
1,712,2,0.14303844428823345,6.63788700036536e-05,443.1139934583839
1,712,3,0.15891873295778172,5.567506251117753e-05,443.1139934583839
1,712,4,-0.3402979569699693,5.014887842209857e-05,443.1139934583839
1,712,5,-0.02525652741071722,4.6865868647066955e-05,443.1139934583839
1,712,6,0.5082956477703369,4.4711350973703265e-05,443.1139934583839
1,712,7,-0.28552196580112793,4.318779706748034e-05,443.1139934583839
1,712,8,0.11395661282649572,0.0002894727153352485,443.1139934583839
1,713,0,2.182896577802649e-06,0.0001885677177994638,443.1139934583839
1,713,1,4.2959279304717534e-06,9.222396405713682e-05,443.1139934583839
1,713,2,4.545571316772368e-06,6.63788700036536e-05,443.1139934583839
1,713,3,1.937172595144023e-06,5.567506251117753e-05,443.1139934583839
1,713,4,5.825462151720033e-06,5.014887842209857e-05,443.1139934583839
1,713,5,3.6885733095495137e-06,4.6865868647066955e-05,443.1139934583839
1,713,6,1.9423082634859187e-06,4.4711350973703265e-05,443.1139934583839
1,713,7,3.226112477923964e-06,4.318779706748034e-05,443.1139934583839
1,713,8,-7.53544329675823e-07,0.0002894727153352485,443.1139934583839
1,714,0,-0.0506283229472233,0.0001885677177994638,443.1139934583839
1,714,1,-0.10621220666559839,9.222396405713682e-05,443.1139934583839
1,714,2,0.14521179357620778,6.63788700036536e-05,443.1139934583839
1,714,3,0.15558432452005794,5.567506251117753e-05,443.1139934583839
1,714,4,-0.34412045297834465,5.014887842209857e-05,443.1139934583839
1,714,5,-0.013100936917477048,4.6865868647066955e-05,443.1139934583839
1,714,6,0.5064358036790261,4.4711350973703265e-05,443.1139934583839
1,714,7,-0.30668007316036433,4.318779706748034e-05,443.1139934583839
1,714,8,0.09709469742796467,0.0002894727153352485,443.1139934583839
1,715,0,2.114310069203374e-06,0.0001885677177994638,443.1139934583839
1,715,1,4.0260654468781975e-06,9.222396405713682e-05,443.1139934583839
1,715,2,4.531680694909915e-06,6.63788700036536e-05,443.1139934583839
1,715,3,1.5985324874864945e-06,5.567506251117753e-05,443.1139934583839
1,715,4,5.332554174410184e-06,5.014887842209857e-05,443.1139934583839
1,715,5,3.15840224770393e-06,4.6865868647066955e-05,443.1139934583839
1,715,6,2.3915464829985385e-06,4.4711350973703265e-05,443.1139934583839
1,715,7,2.2383677181315294e-06,4.318779706748034e-05,443.1139934583839
1,715,8,-5.26488996468531e-07,0.0002894727153352485,443.1139934583839
1,716,0,-0.050606182107232764,0.0001885677177994638,443.1139934583839
1,716,1,-0.10603805419052206,9.222396405713682e-05,443.1139934583839
1,716,2,0.14735976483081237,6.63788700036536e-05,443.1139934583839
1,716,3,0.152158684301566,5.567506251117753e-05,443.1139934583839
1,716,4,-0.34782568025342375,5.014887842209857e-05,443.1139934583839
1,716,5,-0.0008619131794898232,4.6865868647066955e-05,443.1139934583839
1,716,6,0.5039822278160334,4.4711350973703265e-05,443.1139934583839
1,716,7,-0.3275769248990631,4.318779706748034e-05,443.1139934583839
1,716,8,0.08004066173292354,0.0002894727153352485,443.1139934583839
1,717,0,2.020748183967498e-06,0.0001885677177994638,443.1139934583839
1,717,1,4.290060422379987e-06,9.222396405713682e-05,443.1139934583839
1,717,2,4.777373156040849e-06,6.63788700036536e-05,443.1139934583839
1,717,3,2.332404137406298e-06,5.567506251117753e-05,443.1139934583839
1,717,4,5.681195452459672e-06,5.014887842209857e-05,443.1139934583839
1,717,5,3.392943731969156e-06,4.6865868647066955e-05,443.1139934583839
1,717,6,3.839990465202492e-06,4.4711350973703265e-05,443.1139934583839
1,717,7,3.0115769653179206e-06,4.318779706748034e-05,443.1139934583839
1,717,8,-3.6774738893776214e-07,0.0002894727153352485,443.1139934583839
1,718,0,-0.05058564336842889,0.0001885677177994638,443.1139934583839
1,718,1,-0.10586712236002749,9.222396405713682e-05,443.1139934583839
1,718,2,0.14949583487149137,6.63788700036536e-05,443.1139934583839
1,718,3,0.14865748450758023,5.567506251117753e-05,443.1139934583839
1,718,4,-0.35139380227899,5.014887842209857e-05,443.1139934583839
1,718,5,0.011467055760489153,4.6865868647066955e-05,443.1139934583839
1,718,6,0.5009493032278569,4.4711350973703265e-05,443.1139934583839
1,718,7,-0.34816589937581127,4.318779706748034e-05,443.1139934583839
1,718,8,0.06282147538488488,0.0002894727153352485,443.1139934583839
1,719,0,1.8020779126456722e-06,0.0001885677177994638,443.1139934583839
1,719,1,3.3780302737486976e-06,9.222396405713682e-05,443.1139934583839
1,719,2,4.76416408048456e-06,6.63788700036536e-05,443.1139934583839
1,719,3,1.912697550402195e-06,5.567506251117753e-05,443.1139934583839
1,719,4,4.223041160223258e-06,5.014887842209857e-05,443.1139934583839
1,719,5,3.084984681575837e-06,4.6865868647066955e-05,443.1139934583839
1,719,6,3.1114898485448796e-06,4.4711350973703265e-05,443.1139934583839
1,719,7,1.5443571148046399e-06,4.318779706748034e-05,443.1139934583839
1,719,8,-2.7708609206403406e-07,0.0002894727153352485,443.1139934583839
1,720,0,-0.050572340653660564,0.0001885677177994638,443.1139934583839
1,720,1,-0.10571026395968244,9.222396405713682e-05,443.1139934583839
1,720,2,0.15160583761904053,6.63788700036536e-05,443.1139934583839
1,720,3,0.14506611457071736,5.567506251117753e-05,443.1139934583839
1,720,4,-0.3548372348046932,5.014887842209857e-05,443.1139934583839
1,720,5,0.023862909611938585,4.6865868647066955e-05,443.1139934583839
1,720,6,0.49732067196160434,4.4711350973703265e-05,443.1139934583839
1,720,7,-0.36842655879423947,4.318779706748034e-05,443.1139934583839
1,720,8,0.04546606019913496,0.0002894727153352485,443.1139934583839
1,721,0,1.8644253496354143e-06,0.0001885677177994638,443.1139934583839
1,721,1,3.790489415359201e-06,9.222396405713682e-05,443.1139934583839
1,721,2,5.068543581559747e-06,6.63788700036536e-05,443.1139934583839
1,721,3,2.429267933816776e-06,5.567506251117753e-05,443.1139934583839
1,721,4,4.326448178025838e-06,5.014887842209857e-05,443.1139934583839
1,721,5,3.0687277099924617e-06,4.6865868647066955e-05,443.1139934583839
1,721,6,4.944100872131717e-06,4.4711350973703265e-05,443.1139934583839
1,721,7,1.3604930973311966e-06,4.318779706748034e-05,443.1139934583839
1,721,8,-2.198367234868381e-07,0.0002894727153352485,443.1139934583839
1,722,0,-0.0505665761373848,0.0001885677177994638,443.1139934583839
1,722,1,-0.10556838980496731,9.222396405713682e-05,443.1139934583839
1,722,2,0.1536884256256939,6.63788700036536e-05,443.1139934583839
1,722,3,0.1413831607479919,5.567506251117753e-05,443.1139934583839
1,722,4,-0.35815489131763817,5.014887842209857e-05,443.1139934583839
1,722,5,0.036315674244809186,4.6865868647066955e-05,443.1139934583839
1,722,6,0.4930931842436503,4.4711350973703265e-05,443.1139934583839
1,722,7,-0.388329356746386,4.318779706748034e-05,443.1139934583839
1,722,8,0.02800260510954838,0.0002894727153352485,443.1139934583839
1,723,0,1.7478295089327547e-06,0.0001885677177994638,443.1139934583839
1,723,1,3.2687921748130836e-06,9.222396405713682e-05,443.1139934583839
1,723,2,5.536106208071443e-06,6.63788700036536e-05,443.1139934583839
1,723,3,2.8562965279570853e-06,5.567506251117753e-05,443.1139934583839
1,723,4,3.596979994278436e-06,5.014887842209857e-05,443.1139934583839
1,723,5,3.4740054221590208e-06,4.6865868647066955e-05,443.1139934583839
1,723,6,5.4337610857040425e-06,4.4711350973703265e-05,443.1139934583839
1,723,7,1.1597820920675474e-06,4.318779706748034e-05,443.1139934583839
1,723,8,-1.5126779527237385e-07,0.0002894727153352485,443.1139934583839
1,724,0,-0.0505660068450627,0.0001885677177994638,443.1139934583839
1,724,1,-0.10543705881416543,9.222396405713682e-05,443.1139934583839
1,724,2,0.1557489415856928,6.63788700036536e-05,443.1139934583839
1,724,3,0.13761568411470945,5.567506251117753e-05,443.1139934583839
1,724,4,-0.36133741838747796,5.014887842209857e-05,443.1139934583839
1,724,5,0.048821939579198954,4.6865868647066955e-05,443.1139934583839
1,724,6,0.4882738294753426,4.4711350973703265e-05,443.1139934583839
1,724,7,-0.40783514754320344,4.318779706748034e-05,443.1139934583839
1,724,8,0.010459665855665028,0.0002894727153352485,443.1139934583839
1,725,0,1.578651108319417e-06,0.0001885677177994638,443.1139934583839
1,725,1,3.3413591050302125e-06,9.222396405713682e-05,443.1139934583839
1,725,2,5.546068381636314e-06,6.63788700036536e-05,443.1139934583839
1,725,3,2.7623754755786244e-06,5.567506251117753e-05,443.1139934583839
1,725,4,3.1036428489649287e-06,5.014887842209857e-05,443.1139934583839
1,725,5,3.7060307606932727e-06,4.6865868647066955e-05,443.1139934583839
1,725,6,6.180169288771079e-06,4.4711350973703265e-05,443.1139934583839
1,725,7,-4.4806707407220436e-07,4.318779706748034e-05,443.1139934583839
1,725,8,-4.0049537260026426e-07,0.0002894727153352485,443.1139934583839
1,726,0,-0.050579437434485015,0.0001885677177994638,443.1139934583839
1,726,1,-0.10533347189100448,9.222396405713682e-05,443.1139934583839
1,726,2,0.1577647239639591,6.63788700036536e-05,443.1139934583839
1,726,3,0.13373943489167672,5.567506251117753e-05,443.1139934583839
1,726,4,-0.36440665891993046,5.014887842209857e-05,443.1139934583839
1,726,5,0.061349294908960926,4.6865868647066955e-05,443.1139934583839
1,726,6,0.4828389666892521,4.4711350973703265e-05,443.1139934583839
1,726,7,-0.42693373159474146,4.318779706748034e-05,443.1139934583839
1,726,8,-0.007132533908354794,0.0002894727153352485,443.1139934583839
1,727,0,1.5122679903066397e-06,0.0001885677177994638,443.1139934583839
1,727,1,2.8088860541919173e-06,9.222396405713682e-05,443.1139934583839
1,727,2,5.972615833526413e-06,6.63788700036536e-05,443.1139934583839
1,727,3,3.0160368123014354e-06,5.567506251117753e-05,443.1139934583839
1,727,4,1.8685624142361418e-06,5.014887842209857e-05,443.1139934583839
1,727,5,3.545919829928217e-06,4.6865868647066955e-05,443.1139934583839
1,727,6,7.073195331636946e-06,4.4711350973703265e-05,443.1139934583839
1,727,7,-1.0567307264898487e-06,4.318779706748034e-05,443.1139934583839
1,727,8,-5.103538333658396e-07,0.0002894727153352485,443.1139934583839
1,728,0,-0.050605382613931826,0.0001885677177994638,443.1139934583839
1,728,1,-0.10525439888988618,9.222396405713682e-05,443.1139934583839
1,728,2,0.1597382618984223,6.63788700036536e-05,443.1139934583839
1,728,3,0.12975822969206957,5.567506251117753e-05,443.1139934583839
1,728,4,-0.3673558943841188,5.014887842209857e-05,443.1139934583839
1,728,5,0.07389242976276898,4.6865868647066955e-05,443.1139934583839
1,728,6,0.47679192685697275,4.4711350973703265e-05,443.1139934583839
1,728,7,-0.44559040402107136,4.318779706748034e-05,443.1139934583839
1,728,8,-0.024745354844921918,0.0002894727153352485,443.1139934583839
1,729,0,1.3020269942315702e-06,0.0001885677177994638,443.1139934583839
1,729,1,2.6393695199192613e-06,9.222396405713682e-05,443.1139934583839
1,729,2,6.547315860130802e-06,6.63788700036536e-05,443.1139934583839
1,729,3,3.3302224591824354e-06,5.567506251117753e-05,443.1139934583839
1,729,4,1.3590438732154503e-06,5.014887842209857e-05,443.1139934583839
1,729,5,4.121627279773605e-06,4.6865868647066955e-05,443.1139934583839
1,729,6,8.709115411615043e-06,4.4711350973703265e-05,443.1139934583839
1,729,7,-2.6979020539488977e-06,4.318779706748034e-05,443.1139934583839
1,729,8,-8.949373633358071e-07,0.0002894727153352485,443.1139934583839
1,730,0,-0.05068152216395405,0.0001885677177994638,443.1139934583839
1,730,1,-0.10527461736915623,9.222396405713682e-05,443.1139934583839
1,730,2,0.16157194354701945,6.63788700036536e-05,443.1139934583839
1,730,3,0.1255643074907154,5.567506251117753e-05,443.1139934583839
1,730,4,-0.37029147129956086,5.014887842209857e-05,443.1139934583839
1,730,5,0.08633432209784789,4.6865868647066955e-05,443.1139934583839
1,730,6,0.4700334663226631,4.4711350973703265e-05,443.1139934583839
1,730,7,-0.4638672946074968,4.318779706748034e-05,443.1139934583839
1,730,8,-0.04234328370177849,0.0002894727153352485,443.1139934583839
1,731,0,1.1809304073208811e-06,0.0001885677177994638,443.1139934583839
1,731,1,2.1798343316325917e-06,9.222396405713682e-05,443.1139934583839
1,731,2,6.841129221124657e-06,6.63788700036536e-05,443.1139934583839
1,731,3,3.542270931653371e-06,5.567506251117753e-05,443.1139934583839
1,731,4,-4.028072130440784e-07,5.014887842209857e-05,443.1139934583839
1,731,5,4.4659555310485865e-06,4.6865868647066955e-05,443.1139934583839
1,731,6,9.295026123741723e-06,4.4711350973703265e-05,443.1139934583839
1,731,7,-4.66315921819838e-06,4.318779706748034e-05,443.1139934583839
1,731,8,-1.4125338365568091e-06,0.0002894727153352485,443.1139934583839
1,732,0,-0.05082201895620595,0.0001885677177994638,443.1139934583839
1,732,1,-0.1054220248451428,9.222396405713682e-05,443.1139934583839
1,732,2,0.16322959557023953,6.63788700036536e-05,443.1139934583839
1,732,3,0.1211181361433397,5.567506251117753e-05,443.1139934583839
1,732,4,-0.37325310743955803,5.014887842209857e-05,443.1139934583839
1,732,5,0.09862555058288161,4.6865868647066955e-05,443.1139934583839
1,732,6,0.46252928177107205,4.4711350973703265e-05,443.1139934583839
1,732,7,-0.48177162652475164,4.318779706748034e-05,443.1139934583839
1,732,8,-0.059895151612339395,0.0002894727153352485,443.1139934583839
1,733,0,1.0792319001331469e-06,0.0001885677177994638,443.1139934583839
1,733,1,2.1732850803981844e-06,9.222396405713682e-05,443.1139934583839
1,733,2,7.326193485073053e-06,6.63788700036536e-05,443.1139934583839
1,733,3,3.82186354926939e-06,5.567506251117753e-05,443.1139934583839
1,733,4,-7.48649063876809e-09,5.014887842209857e-05,443.1139934583839
1,733,5,5.469828105284778e-06,4.6865868647066955e-05,443.1139934583839
1,733,6,1.0364015048008825e-05,4.4711350973703265e-05,443.1139934583839
1,733,7,-5.037915415704198e-06,4.318779706748034e-05,443.1139934583839
1,733,8,-1.8847657542632595e-06,0.0002894727153352485,443.1139934583839
1,734,0,-0.050969467816734323,0.0001885677177994638,443.1139934583839
1,734,1,-0.10558338233023053,9.222396405713682e-05,443.1139934583839
1,734,2,0.16486156716545688,6.63788700036536e-05,443.1139934583839
1,734,3,0.1165869729161644,5.567506251117753e-05,443.1139934583839
1,734,4,-0.3760731417989532,5.014887842209857e-05,443.1139934583839
1,734,5,0.11092268211100971,4.6865868647066955e-05,443.1139934583839
1,734,6,0.45444114991458034,4.4711350973703265e-05,443.1139934583839
1,734,7,-0.499131422641522,4.318779706748034e-05,443.1139934583839
1,734,8,-0.07738173210073657,0.0002894727153352485,443.1139934583839
1,735,0,1.157100467891128e-06,0.0001885677177994638,443.1139934583839
1,735,1,2.2275911811033865e-06,9.222396405713682e-05,443.1139934583839
1,735,2,6.865468048068939e-06,6.63788700036536e-05,443.1139934583839
1,735,3,3.362467341250857e-06,5.567506251117753e-05,443.1139934583839
1,735,4,-2.728296736334234e-07,5.014887842209857e-05,443.1139934583839
1,735,5,4.885465376049717e-06,4.6865868647066955e-05,443.1139934583839
1,735,6,8.744314500572913e-06,4.4711350973703265e-05,443.1139934583839
1,735,7,-5.172381005337536e-06,4.318779706748034e-05,443.1139934583839
1,735,8,-2.268758679897023e-06,0.0002894727153352485,443.1139934583839
1,736,0,-0.05113368603450458,0.0001885677177994638,443.1139934583839
1,736,1,-0.10577798465200934,9.222396405713682e-05,443.1139934583839
1,736,2,0.16644533338709405,6.63788700036536e-05,443.1139934583839
1,736,3,0.11194664689232195,5.567506251117753e-05,443.1139934583839
1,736,4,-0.37877908220375045,5.014887842209857e-05,443.1139934583839
1,736,5,0.12319112338358494,4.6865868647066955e-05,443.1139934583839
1,736,6,0.44575255409854414,4.4711350973703265e-05,443.1139934583839
1,736,7,-0.5159451035152887,4.318779706748034e-05,443.1139934583839
1,736,8,-0.09477352524290264,0.0002894727153352485,443.1139934583839
1,737,0,1.3211404590308564e-06,0.0001885677177994638,443.1139934583839
1,737,1,2.6576464116340267e-06,9.222396405713682e-05,443.1139934583839
1,737,2,6.226904984685349e-06,6.63788700036536e-05,443.1139934583839
1,737,3,2.3917125904977996e-06,5.567506251117753e-05,443.1139934583839
1,737,4,1.6407725228143793e-06,5.014887842209857e-05,443.1139934583839
1,737,5,5.188238533350852e-06,4.6865868647066955e-05,443.1139934583839
1,737,6,6.827661853367799e-06,4.4711350973703265e-05,443.1139934583839
1,737,7,-3.259758053232241e-06,4.318779706748034e-05,443.1139934583839
1,737,8,-2.3124808916039075e-06,0.0002894727153352485,443.1139934583839
1,738,0,-0.05126147966138521,0.0001885677177994638,443.1139934583839
1,738,1,-0.10590073892441189,9.222396405713682e-05,443.1139934583839
1,738,2,0.16812232455497916,6.63788700036536e-05,443.1139934583839
1,738,3,0.10735292112578661,5.567506251117753e-05,443.1139934583839
1,738,4,-0.38121860508729816,5.014887842209857e-05,443.1139934583839
1,738,5,0.135576619509466,4.6865868647066955e-05,443.1139934583839
1,738,6,0.4366172073597403,4.4711350973703265e-05,443.1139934583839
1,738,7,-0.5320575576984137,4.318779706748034e-05,443.1139934583839
1,738,8,-0.11205296869259992,0.0002894727153352485,443.1139934583839
1,739,0,1.8536198458255736e-06,0.0001885677177994638,443.1139934583839
1,739,1,3.628656073873899e-06,9.222396405713682e-05,443.1139934583839
1,739,2,4.522251876982382e-06,6.63788700036536e-05,443.1139934583839
1,739,3,1.6773030728463788e-06,5.567506251117753e-05,443.1139934583839
1,739,4,5.3144195848364054e-06,5.014887842209857e-05,443.1139934583839
1,739,5,3.628372921541091e-06,4.6865868647066955e-05,443.1139934583839
1,739,6,2.4841680992408948e-06,4.4711350973703265e-05,443.1139934583839
1,739,7,2.0085110172350148e-06,4.318779706748034e-05,443.1139934583839
1,739,8,-1.3186267071385297e-06,0.0002894727153352485,443.1139934583839
1,740,0,-0.051164325419569306,0.0001885677177994638,443.1139934583839
1,740,1,-0.10557900230316627,9.222396405713682e-05,443.1139934583839
1,740,2,0.17038533452752644,6.63788700036536e-05,443.1139934583839
1,740,3,0.10335122415381813,5.567506251117753e-05,443.1139934583839
1,740,4,-0.3828457858247971,5.014887842209857e-05,443.1139934583839
1,740,5,0.1486128310209072,4.6865868647066955e-05,443.1139934583839
1,740,6,0.4275569994735332,4.4711350973703265e-05,443.1139934583839
1,740,7,-0.5469748331237232,4.318779706748034e-05,443.1139934583839
1,740,8,-0.12922580778528012,0.0002894727153352485,443.1139934583839
1,741,0,2.5383319625436156e-06,0.0001885677177994638,443.1139934583839
1,741,1,5.218531618318832e-06,9.222396405713682e-05,443.1139934583839
1,741,2,2.122342694466217e-06,6.63788700036536e-05,443.1139934583839
1,741,3,-1.1025277727196179e-07,5.567506251117753e-05,443.1139934583839
1,741,4,1.1323712971723892e-05,5.014887842209857e-05,443.1139934583839
1,741,5,1.3880329484296388e-06,4.6865868647066955e-05,443.1139934583839
1,741,6,-4.210753115229447e-06,4.4711350973703265e-05,443.1139934583839
1,741,7,1.0464667281785796e-05,4.318779706748034e-05,443.1139934583839
1,741,8,7.405797648219745e-07,0.0002894727153352485,443.1139934583839
1,742,0,-0.05090475351143071,0.0001885677177994638,443.1139934583839
1,742,1,-0.1049360365006502,9.222396405713682e-05,443.1139934583839
1,742,2,0.17307195084518692,6.63788700036536e-05,443.1139934583839
1,742,3,0.09976240936618433,5.567506251117753e-05,443.1139934583839
1,742,4,-0.38383845232499353,5.014887842209857e-05,443.1139934583839
1,742,5,0.1621126713211982,4.6865868647066955e-05,443.1139934583839
1,742,6,0.4184055891704,4.4711350973703265e-05,443.1139934583839
1,742,7,-0.560825998160073,4.318779706748034e-05,443.1139934583839
1,742,8,-0.14625513058386663,0.0002894727153352485,443.1139934583839
1,743,0,3.031792185801481e-06,0.0001885677177994638,443.1139934583839
1,743,1,6.021479322319102e-06,9.222396405713682e-05,443.1139934583839
1,743,2,7.785724401563326e-07,6.63788700036536e-05,443.1139934583839
1,743,3,-5.865291879491202e-07,5.567506251117753e-05,443.1139934583839
1,743,4,1.4008939984068616e-05,5.014887842209857e-05,443.1139934583839
1,743,5,-4.752859414625144e-08,4.6865868647066955e-05,443.1139934583839
1,743,6,-6.413137925243459e-06,4.4711350973703265e-05,443.1139934583839
1,743,7,1.5035242074175134e-05,4.318779706748034e-05,443.1139934583839
1,743,8,2.569435761171834e-06,0.0002894727153352485,443.1139934583839
1,744,0,-0.05060155849729141,0.0001885677177994638,443.1139934583839
1,744,1,-0.10420675161667678,9.222396405713682e-05,443.1139934583839
1,744,2,0.17586931280154036,6.63788700036536e-05,443.1139934583839
1,744,3,0.09624000056102949,5.567506251117753e-05,443.1139934583839
1,744,4,-0.38453544936328127,5.014887842209857e-05,443.1139934583839
1,744,5,0.17572515504269856,4.6865868647066955e-05,443.1139934583839
1,744,6,0.40883781176414613,4.4711350973703265e-05,443.1139934583839
1,744,7,-0.5738774557764013,4.318779706748034e-05,443.1139934583839
1,744,8,-0.1630922296874644,0.0002894727153352485,443.1139934583839
1,745,0,3.0913223344998433e-06,0.0001885677177994638,443.1139934583839
1,745,1,6.369700375392853e-06,9.222396405713682e-05,443.1139934583839
1,745,2,-1.3150151769183642e-07,6.63788700036536e-05,443.1139934583839
1,745,3,-5.365400271012144e-07,5.567506251117753e-05,443.1139934583839
1,745,4,1.5623871777315202e-05,5.014887842209857e-05,443.1139934583839
1,745,5,-1.8805393749072383e-06,4.6865868647066955e-05,443.1139934583839
1,745,6,-7.947205412381161e-06,4.4711350973703265e-05,443.1139934583839
1,745,7,1.8135681521929486e-05,4.318779706748034e-05,443.1139934583839
1,745,8,3.930361929526173e-06,0.0002894727153352485,443.1139934583839
1,746,0,-0.05025834679102674,0.0001885677177994638,443.1139934583839
1,746,1,-0.10339815958212326,9.222396405713682e-05,443.1139934583839
1,746,2,0.17876212171800923,6.63788700036536e-05,443.1139934583839
1,746,3,0.09277008484788447,5.567506251117753e-05,443.1139934583839
1,746,4,-0.3849421993090653,5.014887842209857e-05,443.1139934583839
1,746,5,0.1894245733367636,4.6865868647066955e-05,443.1139934583839
1,746,6,0.398840199976191,4.4711350973703265e-05,443.1139934583839
1,746,7,-0.5861054583276476,4.318779706748034e-05,443.1139934583839
1,746,8,-0.1797062295254285,0.0002894727153352485,443.1139934583839
1,747,0,3.0015473709889708e-06,0.0001885677177994638,443.1139934583839
1,747,1,5.876814443721696e-06,9.222396405713682e-05,443.1139934583839
1,747,2,2.2069350529067781e-07,6.63788700036536e-05,443.1139934583839
1,747,3,-3.197224708335298e-07,5.567506251117753e-05,443.1139934583839
1,747,4,1.4796456019375119e-05,5.014887842209857e-05,443.1139934583839
1,747,5,-1.6676417233306965e-06,4.6865868647066955e-05,443.1139934583839
1,747,6,-5.83797802432215e-06,4.4711350973703265e-05,443.1139934583839
1,747,7,1.7063948644819914e-05,4.318779706748034e-05,443.1139934583839
1,747,8,4.476369416731777e-06,0.0002894727153352485,443.1139934583839
1,748,0,-0.050104467108502845,0.0001885677177994638,443.1139934583839
1,748,1,-0.1029640947057863,9.222396405713682e-05,443.1139934583839
1,748,2,0.1811478726998962,6.63788700036536e-05,443.1139934583839
1,748,3,0.08868896456335292,5.567506251117753e-05,443.1139934583839
1,748,4,-0.3857157573462018,5.014887842209857e-05,443.1139934583839
1,748,5,0.2025391534360801,4.6865868647066955e-05,443.1139934583839
1,748,6,0.38778868443069026,4.4711350973703265e-05,443.1139934583839
1,748,7,-0.5980493521747172,4.318779706748034e-05,443.1139934583839
1,748,8,-0.19602667794589582,0.0002894727153352485,443.1139934583839
1,749,0,2.212663402360398e-06,0.0001885677177994638,443.1139934583839
1,749,1,4.631941536388422e-06,9.222396405713682e-05,443.1139934583839
1,749,2,2.3002222623743603e-06,6.63788700036536e-05,443.1139934583839
1,749,3,9.142412856907888e-07,5.567506251117753e-05,443.1139934583839
1,749,4,9.438732614559274e-06,5.014887842209857e-05,443.1139934583839
1,749,5,-1.635123077496715e-07,4.6865868647066955e-05,443.1139934583839
1,749,6,-9.942052428086495e-07,4.4711350973703265e-05,443.1139934583839
1,749,7,1.0031271032390258e-05,4.318779706748034e-05,443.1139934583839
1,749,8,2.6133960730376124e-06,0.0002894727153352485,443.1139934583839
1,750,0,-0.05017286921093544,0.0001885677177994638,443.1139934583839
1,750,1,-0.1029695931779585,9.222396405713682e-05,443.1139934583839
1,750,2,0.1829394711311301,6.63788700036536e-05,443.1139934583839
1,750,3,0.0839016100724346,5.567506251117753e-05,443.1139934583839
1,750,4,-0.3869485021593941,5.014887842209857e-05,443.1139934583839
1,750,5,0.21496261910437572,4.6865868647066955e-05,443.1139934583839
1,750,6,0.3756005497753332,4.4711350973703265e-05,443.1139934583839
1,750,7,-0.6097645520330757,4.318779706748034e-05,443.1139934583839
1,750,8,-0.21201857665572846,0.0002894727153352485,443.1139934583839
1,751,0,2.1240988740018004e-06,0.0001885677177994638,443.1139934583839
1,751,1,4.16823731256321e-06,9.222396405713682e-05,443.1139934583839
1,751,2,3.761985584207135e-06,6.63788700036536e-05,443.1139934583839
1,751,3,1.8387326019780766e-06,5.567506251117753e-05,443.1139934583839
1,751,4,7.884928370625217e-06,5.014887842209857e-05,443.1139934583839
1,751,5,1.8654047296790808e-06,4.6865868647066955e-05,443.1139934583839
1,751,6,2.266818857125669e-06,4.4711350973703265e-05,443.1139934583839
1,751,7,6.900227457259888e-06,4.318779706748034e-05,443.1139934583839
1,751,8,1.7139932930466888e-06,0.0002894727153352485,443.1139934583839
1,752,0,-0.050240567707660076,0.0001885677177994638,443.1139934583839
1,752,1,-0.1029731156727638,9.222396405713682e-05,443.1139934583839
1,752,2,0.18471975361787674,6.63788700036536e-05,443.1139934583839
1,752,3,0.0790538711282079,5.567506251117753e-05,443.1139934583839
1,752,4,-0.3879953578906825,5.014887842209857e-05,443.1139934583839
1,752,5,0.22732657568866113,4.6865868647066955e-05,443.1139934583839
1,752,6,0.36289461023110914,4.4711350973703265e-05,443.1139934583839
1,752,7,-0.6206742385342643,4.318779706748034e-05,443.1139934583839
1,752,8,-0.2276944272465138,0.0002894727153352485,443.1139934583839
1,753,0,1.8716458025842352e-06,0.0001885677177994638,443.1139934583839
1,753,1,3.7079272342554524e-06,9.222396405713682e-05,443.1139934583839
1,753,2,3.6022792289749064e-06,6.63788700036536e-05,443.1139934583839
1,753,3,1.50240289436345e-06,5.567506251117753e-05,443.1139934583839
1,753,4,7.067298446136573e-06,5.014887842209857e-05,443.1139934583839
1,753,5,7.378807217369456e-07,4.6865868647066955e-05,443.1139934583839
1,753,6,1.9732095025113364e-06,4.4711350973703265e-05,443.1139934583839
1,753,7,6.039013064296505e-06,4.318779706748034e-05,443.1139934583839
1,753,8,1.6766312946446151e-06,0.0002894727153352485,443.1139934583839
1,754,0,-0.050254191961310986,0.0001885677177994638,443.1139934583839
1,754,1,-0.10286990576864072,9.222396405713682e-05,443.1139934583839
1,754,2,0.18663199617303614,6.63788700036536e-05,443.1139934583839
1,754,3,0.07430240786997173,5.567506251117753e-05,443.1139934583839
1,754,4,-0.3887032187695283,5.014887842209857e-05,443.1139934583839
1,754,5,0.23977892052169722,4.6865868647066955e-05,443.1139934583839
1,754,6,0.3498312753856844,4.4711350973703265e-05,443.1139934583839
1,754,7,-0.6306302549231859,4.318779706748034e-05,443.1139934583839
1,754,8,-0.24303985384282578,0.0002894727153352485,443.1139934583839
1,755,0,2.050183780109568e-06,0.0001885677177994638,443.1139934583839
1,755,1,4.202591677962845e-06,9.222396405713682e-05,443.1139934583839
1,755,2,2.54341307361701e-06,6.63788700036536e-05,443.1139934583839
1,755,3,1.537031084972547e-06,5.567506251117753e-05,443.1139934583839
1,755,4,8.481208872568534e-06,5.014887842209857e-05,443.1139934583839
1,755,5,9.449040411215933e-08,4.6865868647066955e-05,443.1139934583839
1,755,6,1.2419729361229864e-06,4.4711350973703265e-05,443.1139934583839
1,755,7,8.492195358594747e-06,4.318779706748034e-05,443.1139934583839
1,755,8,2.721637912248991e-06,0.0002894727153352485,443.1139934583839
1,756,0,-0.05011631905039439,0.0001885677177994638,443.1139934583839
1,756,1,-0.10246740448371655,9.222396405713682e-05,443.1139934583839
1,756,2,0.18893113657379793,6.63788700036536e-05,443.1139934583839
1,756,3,0.06993051053190022,5.567506251117753e-05,443.1139934583839
1,756,4,-0.388790057626687,5.014887842209857e-05,443.1139934583839
1,756,5,0.2525906130570587,4.6865868647066955e-05,443.1139934583839
1,756,6,0.3366866686446168,4.4711350973703265e-05,443.1139934583839
1,756,7,-0.6393726447798077,4.318779706748034e-05,443.1139934583839
1,756,8,-0.25804810544815404,0.0002894727153352485,443.1139934583839
1,757,0,2.435134812625515e-06,0.0001885677177994638,443.1139934583839
1,757,1,4.981577913625611e-06,9.222396405713682e-05,443.1139934583839
1,757,2,2.021978574629433e-06,6.63788700036536e-05,443.1139934583839
1,757,3,1.197715356297044e-06,5.567506251117753e-05,443.1139934583839
1,757,4,1.1059567493923207e-05,5.014887842209857e-05,443.1139934583839
1,757,5,-1.5181960861581827e-06,4.6865868647066955e-05,443.1139934583839
1,757,6,-2.8547332762949114e-07,4.4711350973703265e-05,443.1139934583839
1,757,7,1.305743019856724e-05,4.318779706748034e-05,443.1139934583839
1,757,8,4.628614405497815e-06,0.0002894727153352485,443.1139934583839
1,758,0,-0.04983503694963578,0.0001885677177994638,443.1139934583839
1,758,1,-0.1017809076196458,9.222396405713682e-05,443.1139934583839
1,758,2,0.1915961906329696,6.63788700036536e-05,443.1139934583839
1,758,3,0.06591673209168854,5.567506251117753e-05,443.1139934583839
1,758,4,-0.3882780996954116,5.014887842209857e-05,443.1139934583839
1,758,5,0.2657299893717236,4.6865868647066955e-05,443.1139934583839
1,758,6,0.3234502450331234,4.4711350973703265e-05,443.1139934583839
1,758,7,-0.646901370639913,4.318779706748034e-05,443.1139934583839
1,758,8,-0.27269324164867575,0.0002894727153352485,443.1139934583839
1,759,0,2.571268368048325e-06,0.0001885677177994638,443.1139934583839
1,759,1,4.905497252652094e-06,9.222396405713682e-05,443.1139934583839
1,759,2,6.292588171061325e-07,6.63788700036536e-05,443.1139934583839
1,759,3,4.80313130695027e-07,5.567506251117753e-05,443.1139934583839
1,759,4,1.2466997922108973e-05,5.014887842209857e-05,443.1139934583839
1,759,5,-3.0238852959384537e-06,4.6865868647066955e-05,443.1139934583839
1,759,6,-1.8074210208315859e-06,4.4711350973703265e-05,443.1139934583839
1,759,7,1.5230260702822321e-05,4.318779706748034e-05,443.1139934583839
1,759,8,6.17606504840891e-06,0.0002894727153352485,443.1139934583839
1,760,0,-0.04894669600969636,0.0001885677177994638,443.1139934583839
1,760,1,-0.0998958682818704,9.222396405713682e-05,443.1139934583839
1,760,2,0.195817329916246,6.63788700036536e-05,443.1139934583839
1,760,3,0.0635841806647714,5.567506251117753e-05,443.1139934583839
1,760,4,-0.385815795435699,5.014887842209857e-05,443.1139934583839
1,760,5,0.28049574795758125,4.6865868647066955e-05,443.1139934583839
1,760,6,0.31136578512512064,4.4711350973703265e-05,443.1139934583839
1,760,7,-0.6520209653398935,4.318779706748034e-05,443.1139934583839
1,760,8,-0.2870194135067498,0.0002894727153352485,443.1139934583839
1,761,0,2.442822711338372e-06,0.0001885677177994638,443.1139934583839
1,761,1,5.176581050019594e-06,9.222396405713682e-05,443.1139934583839
1,761,2,2.4000372134321428e-06,6.63788700036536e-05,443.1139934583839
1,761,3,2.5919039116994976e-06,5.567506251117753e-05,443.1139934583839
1,761,4,1.1017753814285421e-05,5.014887842209857e-05,443.1139934583839
1,761,5,-1.8951686333101336e-06,4.6865868647066955e-05,443.1139934583839
1,761,6,1.5541921308111424e-06,4.4711350973703265e-05,443.1139934583839
1,761,7,1.3114629866280223e-05,4.318779706748034e-05,443.1139934583839
1,761,8,5.15795032441253e-06,0.0002894727153352485,443.1139934583839
1,762,0,-0.04982653775929451,0.0001885677177994638,443.1139934583839
1,762,1,-0.10150319392246489,9.222396405713682e-05,443.1139934583839
1,762,2,0.19541198244355765,6.63788700036536e-05,443.1139934583839
1,762,3,0.0560945432329841,5.567506251117753e-05,443.1139934583839
1,762,4,-0.3882605126620577,5.014887842209857e-05,443.1139934583839
1,762,5,0.29006787306545256,4.6865868647066955e-05,443.1139934583839
1,762,6,0.294006385616065,4.4711350973703265e-05,443.1139934583839
1,762,7,-0.6606115442319695,4.318779706748034e-05,443.1139934583839
1,762,8,-0.3005736190581745,0.0002894727153352485,443.1139934583839
1,763,0,-1.6609054749612587e-06,0.0001885677177994638,443.1139934583839
1,763,1,-3.7503519967909776e-06,9.222396405713682e-05,443.1139934583839
1,763,2,1.8248125340010844e-05,6.63788700036536e-05,443.1139934583839
1,763,3,6.124938639813422e-06,5.567506251117753e-05,443.1139934583839
1,763,4,-2.129065047881128e-05,5.014887842209857e-05,443.1139934583839
1,763,5,2.2853241411778652e-05,4.6865868647066955e-05,443.1139934583839
1,763,6,2.541693396199058e-05,4.4711350973703265e-05,443.1139934583839
1,763,7,-4.28954618168261e-05,4.318779706748034e-05,443.1139934583839
1,763,8,-2.0041932753089593e-05,0.0002894727153352485,443.1139934583839
1,764,0,-0.0509035782693961,0.0001885677177994638,443.1139934583839
1,764,1,-0.10349869443049849,9.222396405713682e-05,443.1139934583839
1,764,2,0.19449019490071287,6.63788700036536e-05,443.1139934583839
1,764,3,0.047987170933936556,5.567506251117753e-05,443.1139934583839
1,764,4,-0.39108821176499003,5.014887842209857e-05,443.1139934583839
1,764,5,0.2989653533860146,4.6865868647066955e-05,443.1139934583839
1,764,6,0.2756709200585882,4.4711350973703265e-05,443.1139934583839
1,764,7,-0.6687867120189677,4.318779706748034e-05,443.1139934583839
1,764,8,-0.3136319877754547,0.0002894727153352485,443.1139934583839
1,765,0,1.8204874092351115e-06,0.0001885677177994638,443.1139934583839
1,765,1,3.967014796287835e-06,9.222396405713682e-05,443.1139934583839
1,765,2,-3.3430062509667374e-07,6.63788700036536e-05,443.1139934583839
1,765,3,-7.025882922535001e-07,5.567506251117753e-05,443.1139934583839
1,765,4,1.0722599362282568e-05,5.014887842209857e-05,443.1139934583839
1,765,5,-4.3965335419724715e-06,4.6865868647066955e-05,443.1139934583839
1,765,6,-2.494785217411233e-06,4.4711350973703265e-05,443.1139934583839
1,765,7,1.376780543333855e-05,4.318779706748034e-05,443.1139934583839
1,765,8,5.753844970560684e-06,0.0002894727153352485,443.1139934583839
1,766,0,-0.04825420708425099,0.0001885677177994638,443.1139934583839
1,766,1,-0.09813734808243821,9.222396405713682e-05,443.1139934583839
1,766,2,0.20324341849974836,6.63788700036536e-05,443.1139934583839
1,766,3,0.05054899876715249,5.567506251117753e-05,443.1139934583839
1,766,4,-0.3829579606972901,5.014887842209857e-05,443.1139934583839
1,766,5,0.31840663658675267,4.6865868647066955e-05,443.1139934583839
1,766,6,0.26698247170989814,4.4711350973703265e-05,443.1139934583839
1,766,7,-0.6667622984820981,4.318779706748034e-05,443.1139934583839
1,766,8,-0.32686682209528806,0.0002894727153352485,443.1139934583839
1,767,0,4.7078753213668745e-06,0.0001885677177994638,443.1139934583839
1,767,1,9.308762979433815e-06,9.222396405713682e-05,443.1139934583839
1,767,2,-4.585407839019891e-06,6.63788700036536e-05,443.1139934583839
1,767,3,1.3155634555279741e-06,5.567506251117753e-05,443.1139934583839
1,767,4,2.5921362188299725e-05,5.014887842209857e-05,443.1139934583839
1,767,5,-1.3221259162850395e-05,4.6865868647066955e-05,443.1139934583839
1,767,6,-7.140307932828578e-06,4.4711350973703265e-05,443.1139934583839
1,767,7,3.864957991961719e-05,4.318779706748034e-05,443.1139934583839
1,767,8,1.7910312423082986e-05,0.0002894727153352485,443.1139934583839
1,768,0,-0.048932285603523556,0.0001885677177994638,443.1139934583839
1,768,1,-0.09934572616731471,9.222396405713682e-05,443.1139934583839
1,768,2,0.20331153604620372,6.63788700036536e-05,443.1139934583839
1,768,3,0.043469571312583756,5.567506251117753e-05,443.1139934583839
1,768,4,-0.38422919198904315,5.014887842209857e-05,443.1139934583839
1,768,5,0.32814771312722,4.6865868647066955e-05,443.1139934583839
1,768,6,0.24884187370899905,4.4711350973703265e-05,443.1139934583839
1,768,7,-0.6720260217551175,4.318779706748034e-05,443.1139934583839
1,768,8,-0.33897038158188764,0.0002894727153352485,443.1139934583839
1,769,0,-4.3251362645573635e-06,0.0001885677177994638,443.1139934583839
1,769,1,-8.681410724074616e-06,9.222396405713682e-05,443.1139934583839
1,769,2,3.261410404258574e-05,6.63788700036536e-05,443.1139934583839
1,769,3,9.210694591216737e-06,5.567506251117753e-05,443.1139934583839
1,769,4,-4.277347034986943e-05,5.014887842209857e-05,443.1139934583839
1,769,5,4.6839976450881547e-05,4.6865868647066955e-05,443.1139934583839
1,769,6,3.812938435766417e-05,4.4711350973703265e-05,443.1139934583839
1,769,7,-8.342258123530284e-05,4.318779706748034e-05,443.1139934583839
1,769,8,-4.374257726374688e-05,0.0002894727153352485,443.1139934583839
1,770,0,-0.051030011051826106,0.0001885677177994638,443.1139934583839
1,770,1,-0.10335166415590472,9.222396405713682e-05,443.1139934583839
1,770,2,0.19965882316046651,6.63788700036536e-05,443.1139934583839
1,770,3,0.03224183732332854,5.567506251117753e-05,443.1139934583839
1,770,4,-0.3893845501010471,5.014887842209857e-05,443.1139934583839
1,770,5,0.3336429402807443,4.6865868647066955e-05,443.1139934583839
1,770,6,0.226425900379615,4.4711350973703265e-05,443.1139934583839
1,770,7,-0.6798172850813246,4.318779706748034e-05,443.1139934583839
1,770,8,-0.3502580902469085,0.0002894727153352485,443.1139934583839
1,771,0,-1.0832373044354618e-06,0.0001885677177994638,443.1139934583839
1,771,1,-2.469568784214732e-06,9.222396405713682e-05,443.1139934583839
1,771,2,1.022790264312213e-05,6.63788700036536e-05,443.1139934583839
1,771,3,7.433964686237463e-07,5.567506251117753e-05,443.1139934583839
1,771,4,-1.1594807604899969e-05,5.014887842209857e-05,443.1139934583839
1,771,5,1.4007962039787292e-05,4.6865868647066955e-05,443.1139934583839
1,771,6,9.381373348548699e-06,4.4711350973703265e-05,443.1139934583839
1,771,7,-2.471966260735302e-05,4.318779706748034e-05,443.1139934583839
1,771,8,-1.4125193350270352e-05,0.0002894727153352485,443.1139934583839
1,772,0,-0.050502788507439465,0.0001885677177994638,443.1139934583839
1,772,1,-0.10217944707184107,9.222396405713682e-05,443.1139934583839
1,772,2,0.2028189381429203,6.63788700036536e-05,443.1139934583839
1,772,3,0.028519241485656918,5.567506251117753e-05,443.1139934583839
1,772,4,-0.3867709568513014,5.014887842209857e-05,443.1139934583839
1,772,5,0.34650264055702157,4.6865868647066955e-05,443.1139934583839
1,772,6,0.21072355378123112,4.4711350973703265e-05,443.1139934583839
1,772,7,-0.6801232872050822,4.318779706748034e-05,443.1139934583839
1,772,8,-0.36146723484445514,0.0002894727153352485,443.1139934583839
1,773,0,8.930150576598581e-08,0.0001885677177994638,443.1139934583839
1,773,1,5.153895797455762e-07,9.222396405713682e-05,443.1139934583839
1,773,2,1.2246269211879668e-05,6.63788700036536e-05,443.1139934583839
1,773,3,2.5193969119299578e-06,5.567506251117753e-05,443.1139934583839
1,773,4,-6.419929030301898e-06,5.014887842209857e-05,443.1139934583839
1,773,5,1.590600636936333e-05,4.6865868647066955e-05,443.1139934583839
1,773,6,9.575310982583788e-06,4.4711350973703265e-05,443.1139934583839
1,773,7,-1.9139142621603967e-05,4.318779706748034e-05,443.1139934583839
1,773,8,-1.2811736687078332e-05,0.0002894727153352485,443.1139934583839
1,774,0,-0.05058883956514211,0.0001885677177994638,443.1139934583839
1,774,1,-0.10221725198595567,9.222396405713682e-05,443.1139934583839
1,774,2,0.20439268078906725,6.63788700036536e-05,443.1139934583839
1,774,3,0.022993058139455055,5.567506251117753e-05,443.1139934583839
1,774,4,-0.3857442699056814,5.014887842209857e-05,443.1139934583839
1,774,5,0.35746576845141564,4.6865868647066955e-05,443.1139934583839
1,774,6,0.19300443531501865,4.4711350973703265e-05,443.1139934583839
1,774,7,-0.681003315961697,4.318779706748034e-05,443.1139934583839
1,774,8,-0.37201224078384604,0.0002894727153352485,443.1139934583839
1,775,0,2.0191609033163812e-07,0.0001885677177994638,443.1139934583839
1,775,1,2.801377032622223e-07,9.222396405713682e-05,443.1139934583839
1,775,2,9.502304693988788e-06,6.63788700036536e-05,443.1139934583839
1,775,3,1.4430315434067983e-06,5.567506251117753e-05,443.1139934583839
1,775,4,-4.537506108725717e-06,5.014887842209857e-05,443.1139934583839
1,775,5,1.2671902627571822e-05,4.6865868647066955e-05,443.1139934583839
1,775,6,6.062667563677678e-06,4.4711350973703265e-05,443.1139934583839
1,775,7,-1.3711915042261973e-05,4.318779706748034e-05,443.1139934583839
1,775,8,-1.0277849200958175e-05,0.0002894727153352485,443.1139934583839
1,776,0,-0.05051151867846888,0.0001885677177994638,443.1139934583839
1,776,1,-0.10193181882126298,9.222396405713682e-05,443.1139934583839
1,776,2,0.20638296803513537,6.63788700036536e-05,443.1139934583839
1,776,3,0.017889642692995044,5.567506251117753e-05,443.1139934583839
1,776,4,-0.3840510403444086,5.014887842209857e-05,443.1139934583839
1,776,5,0.36872689705454775,4.6865868647066955e-05,443.1139934583839
1,776,6,0.17536601898772358,4.4711350973703265e-05,443.1139934583839
1,776,7,-0.6804924262372863,4.318779706748034e-05,443.1139934583839
1,776,8,-0.38199776514543443,0.0002894727153352485,443.1139934583839
1,777,0,5.604096864276273e-07,0.0001885677177994638,443.1139934583839
1,777,1,1.087726796514393e-06,9.222396405713682e-05,443.1139934583839
1,777,2,9.238550659723286e-06,6.63788700036536e-05,443.1139934583839
1,777,3,1.2325344199791968e-06,5.567506251117753e-05,443.1139934583839
1,777,4,-1.6902079935762444e-06,5.014887842209857e-05,443.1139934583839
1,777,5,1.1469749475222899e-05,4.6865868647066955e-05,443.1139934583839
1,777,6,4.603708672595783e-06,4.4711350973703265e-05,443.1139934583839
1,777,7,-1.0708530663567584e-05,4.318779706748034e-05,443.1139934583839
1,777,8,-8.980534453449191e-06,0.0002894727153352485,443.1139934583839
1,778,0,-0.05047822499608968,0.0001885677177994638,443.1139934583839
1,778,1,-0.10173333069776012,9.222396405713682e-05,443.1139934583839
1,778,2,0.20825133296681442,6.63788700036536e-05,443.1139934583839
1,778,3,0.012612985784331782,5.567506251117753e-05,443.1139934583839
1,778,4,-0.3822905933965893,5.014887842209857e-05,443.1139934583839
1,778,5,0.37968228691959666,4.6865868647066955e-05,443.1139934583839
1,778,6,0.15726304688061724,4.4711350973703265e-05,443.1139934583839
1,778,7,-0.6791006069126132,4.318779706748034e-05,443.1139934583839
1,778,8,-0.39136976655119005,0.0002894727153352485,443.1139934583839
1,779,0,7.127173135034228e-07,0.0001885677177994638,443.1139934583839
1,779,1,1.4944755769326233e-06,9.222396405713682e-05,443.1139934583839
1,779,2,8.526299814824296e-06,6.63788700036536e-05,443.1139934583839
1,779,3,1.6679711792313259e-06,5.567506251117753e-05,443.1139934583839
1,779,4,-4.318512403193111e-07,5.014887842209857e-05,443.1139934583839
1,779,5,1.165938636224078e-05,4.6865868647066955e-05,443.1139934583839
1,779,6,3.7635571142192235e-06,4.4711350973703265e-05,443.1139934583839
1,779,7,-7.333069648637666e-06,4.318779706748034e-05,443.1139934583839
1,779,8,-7.902107434202425e-06,0.0002894727153352485,443.1139934583839
1,780,0,-0.05043287357947941,0.0001885677177994638,443.1139934583839
1,780,1,-0.10151093580901363,9.222396405713682e-05,443.1139934583839
1,780,2,0.2101418045829688,6.63788700036536e-05,443.1139934583839
1,780,3,0.007325714381894862,5.567506251117753e-05,443.1139934583839
1,780,4,-0.3802965576187832,5.014887842209857e-05,443.1139934583839
1,780,5,0.39048105984180714,4.6865868647066955e-05,443.1139934583839
1,780,6,0.13886063090578965,4.4711350973703265e-05,443.1139934583839
1,780,7,-0.6766768674863823,4.318779706748034e-05,443.1139934583839
1,780,8,-0.4001187241722749,0.0002894727153352485,443.1139934583839
1,781,0,8.152668778513964e-07,0.0001885677177994638,443.1139934583839
1,781,1,1.7056396450283614e-06,9.222396405713682e-05,443.1139934583839
1,781,2,7.830245457613058e-06,6.63788700036536e-05,443.1139934583839
1,781,3,1.9667377479115488e-07,5.567506251117753e-05,443.1139934583839
1,781,4,3.8306932675862264e-08,5.014887842209857e-05,443.1139934583839
1,781,5,9.963989057327054e-06,4.6865868647066955e-05,443.1139934583839
1,781,6,2.4202004596176245e-06,4.4711350973703265e-05,443.1139934583839
1,781,7,-6.6500112802440405e-06,4.318779706748034e-05,443.1139934583839
1,781,8,-7.146404157288077e-06,0.0002894727153352485,443.1139934583839
1,782,0,-0.050390024762436154,0.0001885677177994638,443.1139934583839
1,782,1,-0.10129311485001055,9.222396405713682e-05,443.1139934583839
1,782,2,0.21201409281760947,6.63788700036536e-05,443.1139934583839
1,782,3,0.001985554302232405,5.567506251117753e-05,443.1139934583839
1,782,4,-0.3781119788868361,5.014887842209857e-05,443.1139934583839
1,782,5,0.40107300363475196,4.6865868647066955e-05,443.1139934583839
1,782,6,0.12013612921210252,4.4711350973703265e-05,443.1139934583839
1,782,7,-0.6732517592429477,4.318779706748034e-05,443.1139934583839
1,782,8,-0.4082251810980737,0.0002894727153352485,443.1139934583839
1,783,0,7.738142878893725e-07,0.0001885677177994638,443.1139934583839
1,783,1,1.5931172371614324e-06,9.222396405713682e-05,443.1139934583839
1,783,2,8.059223031126086e-06,6.63788700036536e-05,443.1139934583839
1,783,3,9.305771378627465e-07,5.567506251117753e-05,443.1139934583839
1,783,4,1.6494979825899766e-06,5.014887842209857e-05,443.1139934583839
1,783,5,9.227740236992095e-06,4.6865868647066955e-05,443.1139934583839
1,783,6,1.1207220164285203e-06,4.4711350973703265e-05,443.1139934583839
1,783,7,-4.080979679300333e-06,4.318779706748034e-05,443.1139934583839
1,783,8,-6.366480810987437e-06,0.0002894727153352485,443.1139934583839
1,784,0,-0.05034605716301505,0.0001885677177994638,443.1139934583839
1,784,1,-0.10107247164346672,9.222396405713682e-05,443.1139934583839
1,784,2,0.2138790983922701,6.63788700036536e-05,443.1139934583839
1,784,3,-0.00339710330243847,5.567506251117753e-05,443.1139934583839
1,784,4,-0.3757242169863226,5.014887842209857e-05,443.1139934583839
1,784,5,0.4114564488165199,4.6865868647066955e-05,443.1139934583839
1,784,6,0.10111355471705685,4.4711350973703265e-05,443.1139934583839
1,784,7,-0.6688108032684719,4.318779706748034e-05,443.1139934583839
1,784,8,-0.4156740426006607,0.0002894727153352485,443.1139934583839
1,785,0,1.0782402777599417e-06,0.0001885677177994638,443.1139934583839
1,785,1,2.070053906948132e-06,9.222396405713682e-05,443.1139934583839
1,785,2,6.84949054187885e-06,6.63788700036536e-05,443.1139934583839
1,785,3,5.952341192063485e-07,5.567506251117753e-05,443.1139934583839
1,785,4,1.875315747395279e-06,5.014887842209857e-05,443.1139934583839
1,785,5,9.529431726320227e-06,4.6865868647066955e-05,443.1139934583839
1,785,6,1.8751886858408293e-06,4.4711350973703265e-05,443.1139934583839
1,785,7,-3.5756629526869427e-06,4.318779706748034e-05,443.1139934583839
1,785,8,-5.681141450534597e-06,0.0002894727153352485,443.1139934583839
1,786,0,-0.05030193242494171,0.0001885677177994638,443.1139934583839
1,786,1,-0.10085147117764187,9.222396405713682e-05,443.1139934583839
1,786,2,0.21573343087435276,6.63788700036536e-05,443.1139934583839
1,786,3,-0.008822028311570166,5.567506251117753e-05,443.1139934583839
1,786,4,-0.3731348143963984,5.014887842209857e-05,443.1139934583839
1,786,5,0.42161913856135114,4.6865868647066955e-05,443.1139934583839
1,786,6,0.08180982421297779,4.4711350973703265e-05,443.1139934583839
1,786,7,-0.66335443288711,4.318779706748034e-05,443.1139934583839
1,786,8,-0.4224502278756659,0.0002894727153352485,443.1139934583839
1,787,0,9.79531563592888e-07,0.0001885677177994638,443.1139934583839
1,787,1,2.1823964385218825e-06,9.222396405713682e-05,443.1139934583839
1,787,2,7.316614453056887e-06,6.63788700036536e-05,443.1139934583839
1,787,3,8.586676127531514e-09,5.567506251117753e-05,443.1139934583839
1,787,4,2.9503168037607237e-06,5.014887842209857e-05,443.1139934583839
1,787,5,8.69876406357975e-06,4.6865868647066955e-05,443.1139934583839
1,787,6,-7.593135872867518e-07,4.4711350973703265e-05,443.1139934583839
1,787,7,-7.018624036239639e-07,4.318779706748034e-05,443.1139934583839
1,787,8,-5.062596736066497e-06,0.0002894727153352485,443.1139934583839
1,788,0,-0.050257013098658154,0.0001885677177994638,443.1139934583839
1,788,1,-0.10062875991513592,9.222396405713682e-05,443.1139934583839
1,788,2,0.21757626632746527,6.63788700036536e-05,443.1139934583839
1,788,3,-0.014289107870544075,5.567506251117753e-05,443.1139934583839
1,788,4,-0.3703425501547694,5.014887842209857e-05,443.1139934583839
1,788,5,0.43155399949148016,4.6865868647066955e-05,443.1139934583839
1,788,6,0.062242607033331794,4.4711350973703265e-05,443.1139934583839
1,788,7,-0.6568796390688815,4.318779706748034e-05,443.1139934583839
1,788,8,-0.42854006908286757,0.0002894727153352485,443.1139934583839
1,789,0,1.0773874729964535e-06,0.0001885677177994638,443.1139934583839
1,789,1,2.208254613359258e-06,9.222396405713682e-05,443.1139934583839
1,789,2,6.863866597118787e-06,6.63788700036536e-05,443.1139934583839
1,789,3,6.510553941333294e-07,5.567506251117753e-05,443.1139934583839
1,789,4,3.2443097684140656e-06,5.014887842209857e-05,443.1139934583839
1,789,5,8.154998720330208e-06,4.6865868647066955e-05,443.1139934583839
1,789,6,5.521912041068636e-07,4.4711350973703265e-05,443.1139934583839
1,789,7,-7.418766320045765e-07,4.318779706748034e-05,443.1139934583839
1,789,8,-4.425277331767169e-06,0.0002894727153352485,443.1139934583839
1,790,0,-0.05021177672808965,0.0001885677177994638,443.1139934583839
1,790,1,-0.10040482958284544,9.222396405713682e-05,443.1139934583839
1,790,2,0.21940778183723558,6.63788700036536e-05,443.1139934583839
1,790,3,-0.01979817595952276,5.567506251117753e-05,443.1139934583839
1,790,4,-0.3673476418419096,5.014887842209857e-05,443.1139934583839
1,790,5,0.4412491312228478,4.6865868647066955e-05,443.1139934583839
1,790,6,0.042426387270551924,4.4711350973703265e-05,443.1139934583839
1,790,7,-0.649385493922998,4.318779706748034e-05,443.1139934583839
1,790,8,-0.4339309529506596,0.0002894727153352485,443.1139934583839
1,791,0,1.209476184003217e-06,0.0001885677177994638,443.1139934583839
1,791,1,2.5268461727880937e-06,9.222396405713682e-05,443.1139934583839
1,791,2,6.974547921734224e-06,6.63788700036536e-05,443.1139934583839
1,791,3,4.308465454574769e-07,5.567506251117753e-05,443.1139934583839
1,791,4,4.567548727485341e-06,5.014887842209857e-05,443.1139934583839
1,791,5,8.728192244419628e-06,4.6865868647066955e-05,443.1139934583839
1,791,6,1.2018976910363346e-08,4.4711350973703265e-05,443.1139934583839
1,791,7,1.4375014452224847e-06,4.318779706748034e-05,443.1139934583839
1,791,8,-3.8050741532891524e-06,0.0002894727153352485,443.1139934583839
1,792,0,-0.050165868053916,0.0001885677177994638,443.1139934583839
1,792,1,-0.10017887725328815,9.222396405713682e-05,443.1139934583839
1,792,2,0.22122885103490178,6.63788700036536e-05,443.1139934583839
1,792,3,-0.02534515246594804,5.567506251117753e-05,443.1139934583839
1,792,4,-0.3641471253857244,5.014887842209857e-05,443.1139934583839
1,792,5,0.45069840379767095,4.6865868647066955e-05,443.1139934583839
1,792,6,0.02238489119593283,4.4711350973703265e-05,443.1139934583839
1,792,7,-0.6408725662623691,4.318779706748034e-05,443.1139934583839
1,792,8,-0.4386107873370461,0.0002894727153352485,443.1139934583839
1,793,0,1.1127065089535866e-06,0.0001885677177994638,443.1139934583839
1,793,1,2.1214436892360267e-06,9.222396405713682e-05,443.1139934583839
1,793,2,5.906266607221569e-06,6.63788700036536e-05,443.1139934583839
1,793,3,-6.529635919830078e-07,5.567506251117753e-05,443.1139934583839
1,793,4,3.3853726693365174e-06,5.014887842209857e-05,443.1139934583839
1,793,5,6.468887705973808e-06,4.6865868647066955e-05,443.1139934583839
1,793,6,-1.5357204445135624e-06,4.4711350973703265e-05,443.1139934583839
1,793,7,8.785008335061604e-07,4.318779706748034e-05,443.1139934583839
1,793,8,-3.4794887243208045e-06,0.0002894727153352485,443.1139934583839
1,794,0,-0.050119251230823884,0.0001885677177994638,443.1139934583839
1,794,1,-0.0999513086929485,9.222396405713682e-05,443.1139934583839
1,794,2,0.22303808482460497,6.63788700036536e-05,443.1139934583839
1,794,3,-0.030932090476907266,5.567506251117753e-05,443.1139934583839
1,794,4,-0.36074226457486797,5.014887842209857e-05,443.1139934583839
1,794,5,0.4598916081166397,4.6865868647066955e-05,443.1139934583839
1,794,6,0.0021351462520960095,4.4711350973703265e-05,443.1139934583839
1,794,7,-0.6313444748855256,4.318779706748034e-05,443.1139934583839
1,794,8,-0.44256957632647714,0.0002894727153352485,443.1139934583839
1,795,0,1.21934194513558e-06,0.0001885677177994638,443.1139934583839
1,795,1,2.6762496697783263e-06,9.222396405713682e-05,443.1139934583839
1,795,2,6.66679407108884e-06,6.63788700036536e-05,443.1139934583839
1,795,3,9.073102180748562e-07,5.567506251117753e-05,443.1139934583839
1,795,4,5.575415181829175e-06,5.014887842209857e-05,443.1139934583839
1,795,5,7.691418535145189e-06,4.6865868647066955e-05,443.1139934583839
1,795,6,-8.808236441355136e-07,4.4711350973703265e-05,443.1139934583839
1,795,7,3.419717709310999e-06,4.318779706748034e-05,443.1139934583839
1,795,8,-2.5765807222863736e-06,0.0002894727153352485,443.1139934583839
1,796,0,-0.05007224086852923,0.0001885677177994638,443.1139934583839
1,796,1,-0.09972291413224815,9.222396405713682e-05,443.1139934583839
1,796,2,0.2248340749253868,6.63788700036536e-05,443.1139934583839
1,796,3,-0.036557372536205286,5.567506251117753e-05,443.1139934583839
1,796,4,-0.35713382227183244,5.014887842209857e-05,443.1139934583839
1,796,5,0.46881744068072884,4.6865868647066955e-05,443.1139934583839
1,796,6,-0.018306284072242544,4.4711350973703265e-05,443.1139934583839
1,796,7,-0.6208071596959622,4.318779706748034e-05,443.1139934583839
1,796,8,-0.4457978417860602,0.0002894727153352485,443.1139934583839
1,797,0,1.3037176623513398e-06,0.0001885677177994638,443.1139934583839
1,797,1,2.7386694205052392e-06,9.222396405713682e-05,443.1139934583839
1,797,2,6.272193685284399e-06,6.63788700036536e-05,443.1139934583839
1,797,3,-4.89436411747418e-07,5.567506251117753e-05,443.1139934583839
1,797,4,4.937559275928154e-06,5.014887842209857e-05,443.1139934583839
1,797,5,6.791784641793021e-06,4.6865868647066955e-05,443.1139934583839
1,797,6,-7.320826201910547e-07,4.4711350973703265e-05,443.1139934583839
1,797,7,3.735669046621867e-06,4.318779706748034e-05,443.1139934583839
1,797,8,-2.2979575818140906e-06,0.0002894727153352485,443.1139934583839
1,798,0,-0.050024626578295255,0.0001885677177994638,443.1139934583839
1,798,1,-0.09949252250435488,9.222396405713682e-05,443.1139934583839
1,798,2,0.22661836488114492,6.63788700036536e-05,443.1139934583839
1,798,3,-0.042218648536441604,5.567506251117753e-05,443.1139934583839
1,798,4,-0.353319914115529,5.014887842209857e-05,443.1139934583839
1,798,5,0.4774691883966552,4.6865868647066955e-05,443.1139934583839
1,798,6,-0.03891692161205783,4.4711350973703265e-05,443.1139934583839
1,798,7,-0.609263711714407,4.318779706748034e-05,443.1139934583839
1,798,8,-0.4482868803134729,0.0002894727153352485,443.1139934583839
1,799,0,1.2874214002362359e-06,0.0001885677177994638,443.1139934583839
1,799,1,2.6263970465126722e-06,9.222396405713682e-05,443.1139934583839
1,799,2,5.997064110985414e-06,6.63788700036536e-05,443.1139934583839
1,799,3,3.3648342264534845e-07,5.567506251117753e-05,443.1139934583839
1,799,4,6.0842641000047935e-06,5.014887842209857e-05,443.1139934583839
1,799,5,6.782374111291623e-06,4.6865868647066955e-05,443.1139934583839
1,799,6,-1.589343619395509e-06,4.4711350973703265e-05,443.1139934583839
1,799,7,4.654528074891165e-06,4.318779706748034e-05,443.1139934583839
1,799,8,-1.6353604611294568e-06,0.0002894727153352485,443.1139934583839
1,800,0,-0.04997626721753495,0.0001885677177994638,443.1139934583839
1,800,1,-0.0992598154357489,9.222396405713682e-05,443.1139934583839
1,800,2,0.22839025214617473,6.63788700036536e-05,443.1139934583839
1,800,3,-0.047916455029870936,5.567506251117753e-05,443.1139934583839
1,800,4,-0.34930104366681775,5.014887842209857e-05,443.1139934583839
1,800,5,0.48583867786598184,4.6865868647066955e-05,443.1139934583839
1,800,6,-0.059676191850579964,4.4711350973703265e-05,443.1139934583839
1,800,7,-0.5967212776837176,4.318779706748034e-05,443.1139934583839
1,800,8,-0.4500297268008786,0.0002894727153352485,443.1139934583839
1,801,0,1.2889127433650958e-06,0.0001885677177994638,443.1139934583839
1,801,1,2.5144296601948955e-06,9.222396405713682e-05,443.1139934583839
1,801,2,5.863830844459191e-06,6.63788700036536e-05,443.1139934583839
1,801,3,-1.133736841960063e-07,5.567506251117753e-05,443.1139934583839
1,801,4,5.7342354928705174e-06,5.014887842209857e-05,443.1139934583839
1,801,5,5.5655048091674596e-06,4.6865868647066955e-05,443.1139934583839
1,801,6,-1.6552052035320855e-06,4.4711350973703265e-05,443.1139934583839
1,801,7,4.8429129250835226e-06,4.318779706748034e-05,443.1139934583839
1,801,8,-1.2420041851360508e-06,0.0002894727153352485,443.1139934583839
1,802,0,-0.049927109505735374,0.0001885677177994638,443.1139934583839
1,802,1,-0.09902545790698519,9.222396405713682e-05,443.1139934583839
1,802,2,0.23014943995520717,6.63788700036536e-05,443.1139934583839
1,802,3,-0.053647261366950166,5.567506251117753e-05,443.1139934583839
1,802,4,-0.3450758423084781,5.014887842209857e-05,443.1139934583839
1,802,5,0.4939165987761049,4.6865868647066955e-05,443.1139934583839
1,802,6,-0.0805645048221698,4.4711350973703265e-05,443.1139934583839
1,802,7,-0.5831895656545522,4.318779706748034e-05,443.1139934583839
1,802,8,-0.45102016527230754,0.0002894727153352485,443.1139934583839
1,803,0,1.2403151830309463e-06,0.0001885677177994638,443.1139934583839
1,803,1,2.7953899175058385e-06,9.222396405713682e-05,443.1139934583839
1,803,2,5.6150052708063935e-06,6.63788700036536e-05,443.1139934583839
1,803,3,-6.821697060907274e-07,5.567506251117753e-05,443.1139934583839
1,803,4,6.0323829960589355e-06,5.014887842209857e-05,443.1139934583839
1,803,5,5.965596765926191e-06,4.6865868647066955e-05,443.1139934583839
1,803,6,-1.9679850414621042e-06,4.4711350973703265e-05,443.1139934583839
1,803,7,6.261306597102582e-06,4.318779706748034e-05,443.1139934583839
1,803,8,-6.90670726111992e-07,0.0002894727153352485,443.1139934583839
1,804,0,-0.04987761890038446,0.0001885677177994638,443.1139934583839
1,804,1,-0.09878944760601206,9.222396405713682e-05,443.1139934583839
1,804,2,0.2318949478120981,6.63788700036536e-05,443.1139934583839
1,804,3,-0.059412982900743865,5.567506251117753e-05,443.1139934583839
1,804,4,-0.34064745303469035,5.014887842209857e-05,443.1139934583839
1,804,5,0.5016935219053624,4.6865868647066955e-05,443.1139934583839
1,804,6,-0.10156190979591821,4.4711350973703265e-05,443.1139934583839
1,804,7,-0.5686797036604092,4.318779706748034e-05,443.1139934583839
1,804,8,-0.4512536458654475,0.0002894727153352485,443.1139934583839
1,805,0,1.5090246882842641e-06,0.0001885677177994638,443.1139934583839
1,805,1,2.6925594191761533e-06,9.222396405713682e-05,443.1139934583839
1,805,2,5.902370369769529e-06,6.63788700036536e-05,443.1139934583839
1,805,3,6.271898104784351e-07,5.567506251117753e-05,443.1139934583839
1,805,4,7.3877220708718275e-06,5.014887842209857e-05,443.1139934583839
1,805,5,5.307672284171572e-06,4.6865868647066955e-05,443.1139934583839
1,805,6,-1.518500328108627e-06,4.4711350973703265e-05,443.1139934583839
1,805,7,6.921738989857409e-06,4.318779706748034e-05,443.1139934583839
1,805,8,-1.1220165302178683e-07,0.0002894727153352485,443.1139934583839
1,806,0,-0.04982734789797456,0.0001885677177994638,443.1139934583839
1,806,1,-0.09855223542447394,9.222396405713682e-05,443.1139934583839
1,806,2,0.23362698044796018,6.63788700036536e-05,443.1139934583839
1,806,3,-0.06521165662471524,5.567506251117753e-05,443.1139934583839
1,806,4,-0.33601456952201647,5.014887842209857e-05,443.1139934583839
1,806,5,0.5091620614239493,4.6865868647066955e-05,443.1139934583839
1,806,6,-0.12264778315615313,4.4711350973703265e-05,443.1139934583839
1,806,7,-0.5532023157193068,4.318779706748034e-05,443.1139934583839
1,806,8,-0.45072607723534924,0.0002894727153352485,443.1139934583839
1,807,0,1.201210673295423e-06,0.0001885677177994638,443.1139934583839
1,807,1,3.2438707865795506e-06,9.222396405713682e-05,443.1139934583839
1,807,2,5.390399684169012e-06,6.63788700036536e-05,443.1139934583839
1,807,3,-4.0828279133131515e-07,5.567506251117753e-05,443.1139934583839
1,807,4,6.771806291688453e-06,5.014887842209857e-05,443.1139934583839
1,807,5,5.1661420684893344e-06,4.6865868647066955e-05,443.1139934583839
1,807,6,-1.534219283434627e-06,4.4711350973703265e-05,443.1139934583839
1,807,7,7.670791256946899e-06,4.318779706748034e-05,443.1139934583839
1,807,8,2.1632179197996286e-07,0.0002894727153352485,443.1139934583839
1,808,0,-0.04977649411736197,0.0001885677177994638,443.1139934583839
1,808,1,-0.0983128647083315,9.222396405713682e-05,443.1139934583839
1,808,2,0.23534538270885727,6.63788700036536e-05,443.1139934583839
1,808,3,-0.0710403506224023,5.567506251117753e-05,443.1139934583839
1,808,4,-0.3311759954034645,5.014887842209857e-05,443.1139934583839
1,808,5,0.5163139049841527,4.6865868647066955e-05,443.1139934583839
1,808,6,-0.14380023371351563,4.4711350973703265e-05,443.1139934583839
1,808,7,-0.53676943025107,4.318779706748034e-05,443.1139934583839
1,808,8,-0.44943500310579987,0.0002894727153352485,443.1139934583839
1,809,0,1.5818745860452046e-06,0.0001885677177994638,443.1139934583839
1,809,1,2.600045368618163e-06,9.222396405713682e-05,443.1139934583839
1,809,2,5.619892203731257e-06,6.63788700036536e-05,443.1139934583839
1,809,3,-1.2069837076788611e-07,5.567506251117753e-05,443.1139934583839
1,809,4,7.219112466826574e-06,5.014887842209857e-05,443.1139934583839
1,809,5,4.587388656277627e-06,4.6865868647066955e-05,443.1139934583839
1,809,6,-1.3629298397679853e-06,4.4711350973703265e-05,443.1139934583839
1,809,7,7.62578956059953e-06,4.318779706748034e-05,443.1139934583839
1,809,8,8.368327706062452e-07,0.0002894727153352485,443.1139934583839
1,810,0,-0.049725096424142884,0.0001885677177994638,443.1139934583839
1,810,1,-0.0980709474452182,9.222396405713682e-05,443.1139934583839
1,810,2,0.23704947366266443,6.63788700036536e-05,443.1139934583839
1,810,3,-0.07689947124364942,5.567506251117753e-05,443.1139934583839
1,810,4,-0.32613380243246426,5.014887842209857e-05,443.1139934583839
1,810,5,0.5231410067430045,4.6865868647066955e-05,443.1139934583839
1,810,6,-0.16499654826664234,4.4711350973703265e-05,443.1139934583839
1,810,7,-0.5193978158116863,4.318779706748034e-05,443.1139934583839
1,810,8,-0.4473790569054218,0.0002894727153352485,443.1139934583839
1,811,0,1.2958400345954541e-06,0.0001885677177994638,443.1139934583839
1,811,1,2.9365276199059344e-06,9.222396405713682e-05,443.1139934583839
1,811,2,5.354744873196233e-06,6.63788700036536e-05,443.1139934583839
1,811,3,-2.3841379127206128e-07,5.567506251117753e-05,443.1139934583839
1,811,4,7.530845267712724e-06,5.014887842209857e-05,443.1139934583839
1,811,5,4.459518768343195e-06,4.6865868647066955e-05,443.1139934583839
1,811,6,-1.9843435211371397e-06,4.4711350973703265e-05,443.1139934583839
1,811,7,9.561135868955603e-06,4.318779706748034e-05,443.1139934583839
1,811,8,1.1535150039466425e-06,0.0002894727153352485,443.1139934583839
1,812,0,-0.04967270922539299,0.0001885677177994638,443.1139934583839
1,812,1,-0.09782797874241107,9.222396405713682e-05,443.1139934583839
1,812,2,0.23873958267355758,6.63788700036536e-05,443.1139934583839
1,812,3,-0.08278790845246635,5.567506251117753e-05,443.1139934583839
1,812,4,-0.3208886616885983,5.014887842209857e-05,443.1139934583839
1,812,5,0.5296355988760066,4.6865868647066955e-05,443.1139934583839
1,812,6,-0.18621599972659103,4.4711350973703265e-05,443.1139934583839
1,812,7,-0.501102160095563,4.318779706748034e-05,443.1139934583839
1,812,8,-0.44455805447714325,0.0002894727153352485,443.1139934583839
1,813,0,1.4172667278377633e-06,0.0001885677177994638,443.1139934583839
1,813,1,3.1674789985748275e-06,9.222396405713682e-05,443.1139934583839
1,813,2,5.246357356626855e-06,6.63788700036536e-05,443.1139934583839
1,813,3,1.0001353288055349e-07,5.567506251117753e-05,443.1139934583839
1,813,4,8.04323364317361e-06,5.014887842209857e-05,443.1139934583839
1,813,5,3.82807100073899e-06,4.6865868647066955e-05,443.1139934583839
1,813,6,-1.1382325434467444e-06,4.4711350973703265e-05,443.1139934583839
1,813,7,8.666416751306343e-06,4.318779706748034e-05,443.1139934583839
1,813,8,1.7565853425884776e-06,0.0002894727153352485,443.1139934583839
1,814,0,-0.049620098171205905,0.0001885677177994638,443.1139934583839
1,814,1,-0.0975826335922503,9.222396405713682e-05,443.1139934583839
1,814,2,0.24041525509438574,6.63788700036536e-05,443.1139934583839
1,814,3,-0.08870393758871847,5.567506251117753e-05,443.1139934583839
1,814,4,-0.3154406316150949,5.014887842209857e-05,443.1139934583839
1,814,5,0.5357900155722463,4.6865868647066955e-05,443.1139934583839
1,814,6,-0.20743663160633347,4.4711350973703265e-05,443.1139934583839
1,814,7,-0.4818990663953662,4.318779706748034e-05,443.1139934583839
1,814,8,-0.4409729223321222,0.0002894727153352485,443.1139934583839
1,815,0,1.5720552610365128e-06,0.0001885677177994638,443.1139934583839
1,815,1,2.7503885606194394e-06,9.222396405713682e-05,443.1139934583839
1,815,2,5.095539993049409e-06,6.63788700036536e-05,443.1139934583839
1,815,3,-3.1182460669359746e-07,5.567506251117753e-05,443.1139934583839
1,815,4,8.012525509272319e-06,5.014887842209857e-05,443.1139934583839
1,815,5,3.6841231832986612e-06,4.6865868647066955e-05,443.1139934583839
1,815,6,-1.6680366017446998e-06,4.4711350973703265e-05,443.1139934583839
1,815,7,1.0018561620292669e-05,4.318779706748034e-05,443.1139934583839
1,815,8,2.0070780410941076e-06,0.0002894727153352485,443.1139934583839
1,816,0,-0.04956670937406045,0.0001885677177994638,443.1139934583839
1,816,1,-0.09733516860219751,9.222396405713682e-05,443.1139934583839
1,816,2,0.24207590639140253,6.63788700036536e-05,443.1139934583839
1,816,3,-0.09464647965155397,5.567506251117753e-05,443.1139934583839
1,816,4,-0.3097900475649731,5.014887842209857e-05,443.1139934583839
1,816,5,0.5415960057693084,4.6865868647066955e-05,443.1139934583839
1,816,6,-0.22863554573847297,4.4711350973703265e-05,443.1139934583839
1,816,7,-0.46180878725845975,4.318779706748034e-05,443.1139934583839
1,816,8,-0.43662576983504264,0.0002894727153352485,443.1139934583839
1,817,0,1.3725713089434082e-06,0.0001885677177994638,443.1139934583839
1,817,1,3.1396959121242387e-06,9.222396405713682e-05,443.1139934583839
1,817,2,5.1757909618843975e-06,6.63788700036536e-05,443.1139934583839
1,817,3,1.126286241111438e-07,5.567506251117753e-05,443.1139934583839
1,817,4,8.286781692135066e-06,5.014887842209857e-05,443.1139934583839
1,817,5,3.476207729826756e-06,4.6865868647066955e-05,443.1139934583839
1,817,6,-1.1651790779710342e-06,4.4711350973703265e-05,443.1139934583839
1,817,7,9.826010880529349e-06,4.318779706748034e-05,443.1139934583839
1,817,8,2.5334839084274154e-06,0.0002894727153352485,443.1139934583839
1,818,0,-0.04951235262173311,0.0001885677177994638,443.1139934583839
1,818,1,-0.09708617645136323,9.222396405713682e-05,443.1139934583839
1,818,2,0.24372099438788744,6.63788700036536e-05,443.1139934583839
1,818,3,-0.10061429107071271,5.567506251117753e-05,443.1139934583839
1,818,4,-0.3039377781597263,5.014887842209857e-05,443.1139934583839
1,818,5,0.5470471797121109,4.6865868647066955e-05,443.1139934583839
1,818,6,-0.2497917552898764,4.4711350973703265e-05,443.1139934583839
1,818,7,-0.4408511313483551,4.318779706748034e-05,443.1139934583839
1,818,8,-0.43152021613478675,0.0002894727153352485,443.1139934583839
1,819,0,1.4156793309444877e-06,0.0001885677177994638,443.1139934583839
1,819,1,3.077135404808504e-06,9.222396405713682e-05,443.1139934583839
1,819,2,5.189325021288871e-06,6.63788700036536e-05,443.1139934583839
1,819,3,-2.971712684511942e-07,5.567506251117753e-05,443.1139934583839
1,819,4,8.272180724562658e-06,5.014887842209857e-05,443.1139934583839
1,819,5,2.7857689372169437e-06,4.6865868647066955e-05,443.1139934583839
1,819,6,-8.324022695313308e-07,4.4711350973703265e-05,443.1139934583839
1,819,7,1.080262579409307e-05,4.318779706748034e-05,443.1139934583839
1,819,8,2.885938566444122e-06,0.0002894727153352485,443.1139934583839
1,820,0,-0.0494574556007302,0.0001885677177994638,443.1139934583839
1,820,1,-0.09683464096466594,9.222396405713682e-05,443.1139934583839
1,820,2,0.2453519449121596,6.63788700036536e-05,443.1139934583839
1,820,3,-0.1066054248943523,5.567506251117753e-05,443.1139934583839
1,820,4,-0.29788486134122866,5.014887842209857e-05,443.1139934583839
1,820,5,0.5521370444017669,4.6865868647066955e-05,443.1139934583839
1,820,6,-0.27088108244659853,4.4711350973703265e-05,443.1139934583839
1,820,7,-0.4190478951565523,4.318779706748034e-05,443.1139934583839
1,820,8,-0.4256607092974805,0.0002894727153352485,443.1139934583839
1,821,0,1.4618154046305755e-06,0.0001885677177994638,443.1139934583839
1,821,1,2.8912897384736244e-06,9.222396405713682e-05,443.1139934583839
1,821,2,4.297061490629537e-06,6.63788700036536e-05,443.1139934583839
1,821,3,-2.6977227820417614e-07,5.567506251117753e-05,443.1139934583839
1,821,4,8.604811780367227e-06,5.014887842209857e-05,443.1139934583839
1,821,5,2.1980235169586483e-06,4.6865868647066955e-05,443.1139934583839
1,821,6,-1.2218956415056792e-06,4.4711350973703265e-05,443.1139934583839
1,821,7,1.0575793689040053e-05,4.318779706748034e-05,443.1139934583839
1,821,8,3.298855226410269e-06,0.0002894727153352485,443.1139934583839
1,822,0,-0.04940218403383207,0.0001885677177994638,443.1139934583839
1,822,1,-0.09658135038456608,9.222396405713682e-05,443.1139934583839
1,822,2,0.24696639576874843,6.63788700036536e-05,443.1139934583839
1,822,3,-0.11262127334825611,5.567506251117753e-05,443.1139934583839
1,822,4,-0.29163424309020064,5.014887842209857e-05,443.1139934583839
1,822,5,0.5568559711495317,4.6865868647066955e-05,443.1139934583839
1,822,6,-0.2918822519397393,4.4711350973703265e-05,443.1139934583839
1,822,7,-0.3964238260316535,4.318779706748034e-05,443.1139934583839
1,822,8,-0.4190531547723722,0.0002894727153352485,443.1139934583839
1,823,0,1.5992109697286622e-06,0.0001885677177994638,443.1139934583839
1,823,1,3.295148488943649e-06,9.222396405713682e-05,443.1139934583839
1,823,2,5.522260563428834e-06,6.63788700036536e-05,443.1139934583839
1,823,3,8.607283388911387e-07,5.567506251117753e-05,443.1139934583839
1,823,4,9.695804841737442e-06,5.014887842209857e-05,443.1139934583839
1,823,5,3.0501121847689937e-06,4.6865868647066955e-05,443.1139934583839
1,823,6,-3.242061794241386e-08,4.4711350973703265e-05,443.1139934583839
1,823,7,1.2420391105904051e-05,4.318779706748034e-05,443.1139934583839
1,823,8,3.686754957919654e-06,0.0002894727153352485,443.1139934583839
1,824,0,-0.049346193217982934,0.0001885677177994638,443.1139934583839
1,824,1,-0.0963265683092303,9.222396405713682e-05,443.1139934583839
1,824,2,0.24856434817723722,6.63788700036536e-05,443.1139934583839
1,824,3,-0.11865714717244802,5.567506251117753e-05,443.1139934583839
1,824,4,-0.28518464730866516,5.014887842209857e-05,443.1139934583839
1,824,5,0.561199080746935,4.6865868647066955e-05,443.1139934583839
1,824,6,-0.3127719935593625,4.4711350973703265e-05,443.1139934583839
1,824,7,-0.3730013540055558,4.318779706748034e-05,443.1139934583839
1,824,8,-0.4117043311530877,0.0002894727153352485,443.1139934583839
1,825,0,1.4452106172921447e-06,0.0001885677177994638,443.1139934583839
1,825,1,3.274483908979068e-06,9.222396405713682e-05,443.1139934583839
1,825,2,4.481638679854144e-06,6.63788700036536e-05,443.1139934583839
1,825,3,-1.0712674943512932e-06,5.567506251117753e-05,443.1139934583839
1,825,4,8.643186994394297e-06,5.014887842209857e-05,443.1139934583839
1,825,5,1.381801075301617e-06,4.6865868647066955e-05,443.1139934583839
1,825,6,-6.503972346497124e-07,4.4711350973703265e-05,443.1139934583839
1,825,7,1.0941668672590147e-05,4.318779706748034e-05,443.1139934583839
1,825,8,3.948557189006506e-06,0.0002894727153352485,443.1139934583839
1,826,0,-0.04928943861829872,0.0001885677177994638,443.1139934583839
1,826,1,-0.0960687831865799,9.222396405713682e-05,443.1139934583839
1,826,2,0.25014685074470283,6.63788700036536e-05,443.1139934583839
1,826,3,-0.1247132791399852,5.567506251117753e-05,443.1139934583839
1,826,4,-0.27853616977270035,5.014887842209857e-05,443.1139934583839
1,826,5,0.565160612287553,4.6865868647066955e-05,443.1139934583839
1,826,6,-0.3335272459642731,4.4711350973703265e-05,443.1139934583839
1,826,7,-0.3488055526023054,4.318779706748034e-05,443.1139934583839
1,826,8,-0.4036224149977018,0.0002894727153352485,443.1139934583839
1,827,0,1.5551305103999466e-06,0.0001885677177994638,443.1139934583839
1,827,1,2.8179953591618377e-06,9.222396405713682e-05,443.1139934583839
1,827,2,4.9481592813411056e-06,6.63788700036536e-05,443.1139934583839
1,827,3,9.430902559040169e-07,5.567506251117753e-05,443.1139934583839
1,827,4,9.080856427348037e-06,5.014887842209857e-05,443.1139934583839
1,827,5,1.7758738082648696e-06,4.6865868647066955e-05,443.1139934583839
1,827,6,4.770344110214006e-07,4.4711350973703265e-05,443.1139934583839
1,827,7,1.2278847440646756e-05,4.318779706748034e-05,443.1139934583839
1,827,8,4.304610280359823e-06,0.0002894727153352485,443.1139934583839
1,828,0,-0.049232092427452585,0.0001885677177994638,443.1139934583839
1,828,1,-0.09580934471202483,9.222396405713682e-05,443.1139934583839
1,828,2,0.25171275882097116,6.63788700036536e-05,443.1139934583839
1,828,3,-0.13078909328315372,5.567506251117753e-05,443.1139934583839
1,828,4,-0.2716940032960465,5.014887842209857e-05,443.1139934583839
1,828,5,0.5687320506188812,4.6865868647066955e-05,443.1139934583839
1,828,6,-0.3541250947649617,4.4711350973703265e-05,443.1139934583839
1,828,7,-0.3238657842534973,4.318779706748034e-05,443.1139934583839
1,828,8,-0.39481701077613834,0.0002894727153352485,443.1139934583839
1,829,0,1.4993765455088745e-06,0.0001885677177994638,443.1139934583839
1,829,1,3.587981956508812e-06,9.222396405713682e-05,443.1139934583839
1,829,2,4.418009029596916e-06,6.63788700036536e-05,443.1139934583839
1,829,3,-5.542977085969125e-07,5.567506251117753e-05,443.1139934583839
1,829,4,1.0265570527819582e-05,5.014887842209857e-05,443.1139934583839
1,829,5,1.367111061480237e-06,4.6865868647066955e-05,443.1139934583839
1,829,6,-7.70364714828944e-08,4.4711350973703265e-05,443.1139934583839
1,829,7,1.2015290559037916e-05,4.318779706748034e-05,443.1139934583839
1,829,8,4.675677300511374e-06,0.0002894727153352485,443.1139934583839
1,830,0,-0.04917405520557595,0.0001885677177994638,443.1139934583839
1,830,1,-0.09554768861397511,9.222396405713682e-05,443.1139934583839
1,830,2,0.25326196537303286,6.63788700036536e-05,443.1139934583839
1,830,3,-0.13688174656192964,5.567506251117753e-05,443.1139934583839
1,830,4,-0.26465621400395395,5.014887842209857e-05,443.1139934583839
1,830,5,0.5719090937972718,4.6865868647066955e-05,443.1139934583839
1,830,6,-0.37454135634066027,4.4711350973703265e-05,443.1139934583839
1,830,7,-0.29820974587555593,4.318779706748034e-05,443.1139934583839
1,830,8,-0.3852984356598844,0.0002894727153352485,443.1139934583839
1,831,0,1.550248687865697e-06,0.0001885677177994638,443.1139934583839
1,831,1,2.8202411592347205e-06,9.222396405713682e-05,443.1139934583839
1,831,2,4.793019945653459e-06,6.63788700036536e-05,443.1139934583839
1,831,3,5.856142293877285e-07,5.567506251117753e-05,443.1139934583839
1,831,4,8.77217637107481e-06,5.014887842209857e-05,443.1139934583839
1,831,5,7.124423977224839e-07,4.6865868647066955e-05,443.1139934583839
1,831,6,4.0148748310928626e-07,4.4711350973703265e-05,443.1139934583839
1,831,7,1.2857127635871074e-05,4.318779706748034e-05,443.1139934583839
1,831,8,4.874128073157569e-06,0.0002894727153352485,443.1139934583839
1,832,0,-0.049115534318030146,0.0001885677177994638,443.1139934583839
1,832,1,-0.0952838071617643,9.222396405713682e-05,443.1139934583839
1,832,2,0.2547935003117607,6.63788700036536e-05,443.1139934583839
1,832,3,-0.14299178169226615,5.567506251117753e-05,443.1139934583839
1,832,4,-0.25742555166192277,5.014887842209857e-05,443.1139934583839
1,832,5,0.5746851738471837,4.6865868647066955e-05,443.1139934583839
1,832,6,-0.3947558499671709,4.4711350973703265e-05,443.1139934583839
1,832,7,-0.27186620354211155,4.318779706748034e-05,443.1139934583839
1,832,8,-0.3750784365106636,0.0002894727153352485,443.1139934583839
1,833,0,1.6129310568357789e-06,0.0001885677177994638,443.1139934583839
1,833,1,3.596874653548538e-06,9.222396405713682e-05,443.1139934583839
1,833,2,4.671470030546349e-06,6.63788700036536e-05,443.1139934583839
1,833,3,1.8342332658697555e-07,5.567506251117753e-05,443.1139934583839
1,833,4,1.0668046828514721e-05,5.014887842209857e-05,443.1139934583839
1,833,5,6.92531134756481e-07,4.6865868647066955e-05,443.1139934583839
1,833,6,1.523209746965676e-06,4.4711350973703265e-05,443.1139934583839
1,833,7,1.1989593338410927e-05,4.318779706748034e-05,443.1139934583839
1,833,8,5.240253397720052e-06,0.0002894727153352485,443.1139934583839
1,834,0,-0.04905609499094605,0.0001885677177994638,443.1139934583839
1,834,1,-0.09501787923160014,9.222396405713682e-05,443.1139934583839
1,834,2,0.2563091975432129,6.63788700036536e-05,443.1139934583839
1,834,3,-0.14911540798699652,5.567506251117753e-05,443.1139934583839
1,834,4,-0.2500035134232946,5.014887842209857e-05,443.1139934583839
1,834,5,0.5770545215985116,4.6865868647066955e-05,443.1139934583839
1,834,6,-0.41474299895248234,4.4711350973703265e-05,443.1139934583839
1,834,7,-0.24486575774256855,4.318779706748034e-05,443.1139934583839
1,834,8,-0.3641696763857931,0.0002894727153352485,443.1139934583839
1,835,0,1.4115261946405885e-06,0.0001885677177994638,443.1139934583839
1,835,1,2.9476031359925642e-06,9.222396405713682e-05,443.1139934583839
1,835,2,3.834586454320532e-06,6.63788700036536e-05,443.1139934583839
1,835,3,-7.897718599524888e-08,5.567506251117753e-05,443.1139934583839
1,835,4,9.115281078086973e-06,5.014887842209857e-05,443.1139934583839
1,835,5,1.0008547479881373e-07,4.6865868647066955e-05,443.1139934583839
1,835,6,5.614429117924288e-07,4.4711350973703265e-05,443.1139934583839
1,835,7,1.2570930089922843e-05,4.318779706748034e-05,443.1139934583839
1,835,8,5.297928621716087e-06,0.0002894727153352485,443.1139934583839
1,836,0,-0.048996212842702815,0.0001885677177994638,443.1139934583839
1,836,1,-0.09474955538015445,9.222396405713682e-05,443.1139934583839
1,836,2,0.2578067152834422,6.63788700036536e-05,443.1139934583839
1,836,3,-0.15525326268690595,5.567506251117753e-05,443.1139934583839
1,836,4,-0.24239183461637123,5.014887842209857e-05,443.1139934583839
1,836,5,0.5790111003819994,4.6865868647066955e-05,443.1139934583839
1,836,6,-0.43448121996238315,4.4711350973703265e-05,443.1139934583839
1,836,7,-0.21724361010836632,4.318779706748034e-05,443.1139934583839
1,836,8,-0.3525862700185701,0.0002894727153352485,443.1139934583839
1,837,0,1.7468389798099117e-06,0.0001885677177994638,443.1139934583839
1,837,1,3.5342299396958145e-06,9.222396405713682e-05,443.1139934583839
1,837,2,4.909536554056683e-06,6.63788700036536e-05,443.1139934583839
1,837,3,6.812039975255077e-07,5.567506251117753e-05,443.1139934583839
1,837,4,1.1024824575352336e-05,5.014887842209857e-05,443.1139934583839
1,837,5,4.3164771945822896e-07,4.6865868647066955e-05,443.1139934583839
1,837,6,2.5275150181581436e-06,4.4711350973703265e-05,443.1139934583839
1,837,7,1.3410004246896563e-05,4.318779706748034e-05,443.1139934583839
1,837,8,5.7035242933136e-06,0.0002894727153352485,443.1139934583839
1,838,0,-0.04893550374216352,0.0001885677177994638,443.1139934583839
1,838,1,-0.09447848762216955,9.222396405713682e-05,443.1139934583839
1,838,2,0.25928577287655186,6.63788700036536e-05,443.1139934583839
1,838,3,-0.16140289446869488,5.567506251117753e-05,443.1139934583839
1,838,4,-0.23459188048025253,5.014887842209857e-05,443.1139934583839
1,838,5,0.5805510426862227,4.6865868647066955e-05,443.1139934583839
1,838,6,-0.45394757783606,4.4711350973703265e-05,443.1139934583839
1,838,7,-0.18902964485868531,4.318779706748034e-05,443.1139934583839
1,838,8,-0.340343372118085,0.0002894727153352485,443.1139934583839
1,839,0,1.3230340598034949e-06,0.0001885677177994638,443.1139934583839
1,839,1,2.6991390074716867e-06,9.222396405713682e-05,443.1139934583839
1,839,2,4.0835410112369886e-06,6.63788700036536e-05,443.1139934583839
1,839,3,-1.9147694249874254e-07,5.567506251117753e-05,443.1139934583839
1,839,4,9.225086431155038e-06,5.014887842209857e-05,443.1139934583839
1,839,5,-9.198028654862604e-07,4.6865868647066955e-05,443.1139934583839
1,839,6,1.6078448390075846e-06,4.4711350973703265e-05,443.1139934583839
1,839,7,1.1955255018929361e-05,4.318779706748034e-05,443.1139934583839
1,839,8,5.753973666559799e-06,0.0002894727153352485,443.1139934583839
1,840,0,-0.04887439895394936,0.0001885677177994638,443.1139934583839
1,840,1,-0.09420601314677426,9.222396405713682e-05,443.1139934583839
1,840,2,0.2607467097263666,6.63788700036536e-05,443.1139934583839
1,840,3,-0.1675640967127823,5.567506251117753e-05,443.1139934583839
1,840,4,-0.22660570733915444,5.014887842209857e-05,443.1139934583839
1,840,5,0.5816688677473383,4.6865868647066955e-05,443.1139934583839
1,840,6,-0.4731178631997907,4.4711350973703265e-05,443.1139934583839
1,840,7,-0.16025967453797274,4.318779706748034e-05,443.1139934583839
1,840,8,-0.3274571959663904,0.0002894727153352485,443.1139934583839
1,841,0,1.9048237938559712e-06,0.0001885677177994638,443.1139934583839
1,841,1,4.069559388042559e-06,9.222396405713682e-05,443.1139934583839
1,841,2,4.806207353934622e-06,6.63788700036536e-05,443.1139934583839
1,841,3,1.2581051126651214e-06,5.567506251117753e-05,443.1139934583839
1,841,4,1.1221676463156657e-05,5.014887842209857e-05,443.1139934583839
1,841,5,-2.771868617863173e-07,4.6865868647066955e-05,443.1139934583839
1,841,6,2.830418575334164e-06,4.4711350973703265e-05,443.1139934583839
1,841,7,1.3522569473246984e-05,4.318779706748034e-05,443.1139934583839
1,841,8,6.124691797034084e-06,0.0002894727153352485,443.1139934583839
1,842,0,-0.04881269938784161,0.0001885677177994638,443.1139934583839
1,842,1,-0.09393156241616636,9.222396405713682e-05,443.1139934583839
1,842,2,0.262189640671765,6.63788700036536e-05,443.1139934583839
1,842,3,-0.17373495012258386,5.567506251117753e-05,443.1139934583839
1,842,4,-0.21843655552519867,5.014887842209857e-05,443.1139934583839
1,842,5,0.5823582510438772,4.6865868647066955e-05,443.1139934583839
1,842,6,-0.4919708401074817,4.4711350973703265e-05,443.1139934583839
1,842,7,-0.1309696313445409,4.318779706748034e-05,443.1139934583839
1,842,8,-0.3139448574512128,0.0002894727153352485,443.1139934583839
1,843,0,1.3661656088752433e-06,0.0001885677177994638,443.1139934583839
1,843,1,2.9233706777068012e-06,9.222396405713682e-05,443.1139934583839
1,843,2,3.761165504950268e-06,6.63788700036536e-05,443.1139934583839
1,843,3,9.980787985605403e-08,5.567506251117753e-05,443.1139934583839
1,843,4,1.0146595036160023e-05,5.014887842209857e-05,443.1139934583839
1,843,5,-6.795114461770118e-07,4.6865868647066955e-05,443.1139934583839
1,843,6,2.8333590791405623e-06,4.4711350973703265e-05,443.1139934583839
1,843,7,1.2242039185981475e-05,4.318779706748034e-05,443.1139934583839
1,843,8,6.035374147999825e-06,0.0002894727153352485,443.1139934583839
1,844,0,-0.04874997040640047,0.0001885677177994638,443.1139934583839
1,844,1,-0.09365367128222174,9.222396405713682e-05,443.1139934583839
1,844,2,0.26361450131812986,6.63788700036536e-05,443.1139934583839
1,844,3,-0.17991211611127284,5.567506251117753e-05,443.1139934583839
1,844,4,-0.21008343426656576,5.014887842209857e-05,443.1139934583839
1,844,5,0.5826181389147704,4.6865868647066955e-05,443.1139934583839
1,844,6,-0.5104826368739542,4.4711350973703265e-05,443.1139934583839
1,844,7,-0.10119488676677847,4.318779706748034e-05,443.1139934583839
1,844,8,-0.29982463161179035,0.0002894727153352485,443.1139934583839
1,845,0,1.6941326566597738e-06,0.0001885677177994638,443.1139934583839
1,845,1,3.4597735292957537e-06,9.222396405713682e-05,443.1139934583839
1,845,2,4.363071039098529e-06,6.63788700036536e-05,443.1139934583839
1,845,3,4.4489530095433155e-07,5.567506251117753e-05,443.1139934583839
1,845,4,1.0361380962036077e-05,5.014887842209857e-05,443.1139934583839
1,845,5,-1.984796398138178e-06,4.6865868647066955e-05,443.1139934583839
1,845,6,3.383541313733587e-06,4.4711350973703265e-05,443.1139934583839
1,845,7,1.3044173204063714e-05,4.318779706748034e-05,443.1139934583839
1,845,8,6.319577063705425e-06,0.0002894727153352485,443.1139934583839
1,846,0,-0.04868704457734655,0.0001885677177994638,443.1139934583839
1,846,1,-0.09337425755970515,9.222396405713682e-05,443.1139934583839
1,846,2,0.2650197563426185,6.63788700036536e-05,443.1139934583839
1,846,3,-0.18609720116198816,5.567506251117753e-05,443.1139934583839
1,846,4,-0.20155146199787463,5.014887842209857e-05,443.1139934583839
1,846,5,0.5824412446231131,4.6865868647066955e-05,443.1139934583839
1,846,6,-0.528632248854536,4.4711350973703265e-05,443.1139934583839
1,846,7,-0.0709746066610928,4.318779706748034e-05,443.1139934583839
1,846,8,-0.28511631382079156,0.0002894727153352485,443.1139934583839
1,847,0,1.6355592715580365e-06,0.0001885677177994638,443.1139934583839
1,847,1,3.4367746054597766e-06,9.222396405713682e-05,443.1139934583839
1,847,2,4.050431506601164e-06,6.63788700036536e-05,443.1139934583839
1,847,3,1.0485848832196773e-06,5.567506251117753e-05,443.1139934583839
1,847,4,1.0979456902258767e-05,5.014887842209857e-05,443.1139934583839
1,847,5,-5.869573930040223e-07,4.6865868647066955e-05,443.1139934583839
1,847,6,4.2872513175741925e-06,4.4711350973703265e-05,443.1139934583839
1,847,7,1.2610225868712905e-05,4.318779706748034e-05,443.1139934583839
1,847,8,6.420706944646307e-06,0.0002894727153352485,443.1139934583839
1,848,0,-0.04862303318862647,0.0001885677177994638,443.1139934583839
1,848,1,-0.0930913073502529,9.222396405713682e-05,443.1139934583839
1,848,2,0.2664063762830698,6.63788700036536e-05,443.1139934583839
1,848,3,-0.19228671495603292,5.567506251117753e-05,443.1139934583839
1,848,4,-0.1928410106795444,5.014887842209857e-05,443.1139934583839
1,848,5,0.5818254609863961,4.6865868647066955e-05,443.1139934583839
1,848,6,-0.5463940788201082,4.4711350973703265e-05,443.1139934583839
1,848,7,-0.04034385191358662,4.318779706748034e-05,443.1139934583839
1,848,8,-0.2698397150783709,0.0002894727153352485,443.1139934583839
1,849,0,1.4488309035870406e-06,0.0001885677177994638,443.1139934583839
1,849,1,2.8252653044868506e-06,9.222396405713682e-05,443.1139934583839
1,849,2,3.93523299090211e-06,6.63788700036536e-05,443.1139934583839
1,849,3,2.210805454983205e-07,5.567506251117753e-05,443.1139934583839
1,849,4,1.0092749978913722e-05,5.014887842209857e-05,443.1139934583839
1,849,5,-2.9204779146875383e-06,4.6865868647066955e-05,443.1139934583839
1,849,6,2.9904933894859594e-06,4.4711350973703265e-05,443.1139934583839
1,849,7,1.1326153049196226e-05,4.318779706748034e-05,443.1139934583839
1,849,8,6.316030698183977e-06,0.0002894727153352485,443.1139934583839
1,850,0,-0.04855868167764382,0.0001885677177994638,443.1139934583839
1,850,1,-0.09280710547822893,9.222396405713682e-05,443.1139934583839
1,850,2,0.26777271044788264,6.63788700036536e-05,443.1139934583839
1,850,3,-0.19847966347419785,5.567506251117753e-05,443.1139934583839
1,850,4,-0.18395683654146905,5.014887842209857e-05,443.1139934583839
1,850,5,0.5807660899605128,4.6865868647066955e-05,443.1139934583839
1,850,6,-0.5637496323790824,4.4711350973703265e-05,443.1139934583839
1,850,7,-0.009346916116292259,4.318779706748034e-05,443.1139934583839
1,850,8,-0.2540167644920853,0.0002894727153352485,443.1139934583839
1,851,0,1.8186888430349729e-06,0.0001885677177994638,443.1139934583839
1,851,1,4.1347892745613445e-06,9.222396405713682e-05,443.1139934583839
1,851,2,4.418936970191266e-06,6.63788700036536e-05,443.1139934583839
1,851,3,1.096782117733309e-06,5.567506251117753e-05,443.1139934583839
1,851,4,1.2081289872794549e-05,5.014887842209857e-05,443.1139934583839
1,851,5,-9.076184884177092e-07,4.6865868647066955e-05,443.1139934583839
1,851,6,6.030990184837071e-06,4.4711350973703265e-05,443.1139934583839
1,851,7,1.3600234344970717e-05,4.318779706748034e-05,443.1139934583839
1,851,8,6.677638360821416e-06,0.0002894727153352485,443.1139934583839
1,852,0,-0.048493875899596924,0.0001885677177994638,443.1139934583839
1,852,1,-0.0925207138018154,9.222396405713682e-05,443.1139934583839
1,852,2,0.2691194327841248,6.63788700036536e-05,443.1139934583839
1,852,3,-0.20467565399377974,5.567506251117753e-05,443.1139934583839
1,852,4,-0.17489881023044246,5.014887842209857e-05,443.1139934583839
1,852,5,0.5792596848095144,4.6865868647066955e-05,443.1139934583839
1,852,6,-0.5806779093805873,4.4711350973703265e-05,443.1139934583839
1,852,7,0.021977483610187698,4.318779706748034e-05,443.1139934583839
1,852,8,-0.23766954529332623,0.0002894727153352485,443.1139934583839
1,853,0,1.5656246957248455e-06,0.0001885677177994638,443.1139934583839
1,853,1,3.0005615158358923e-06,9.222396405713682e-05,443.1139934583839
1,853,2,3.7591818752372475e-06,6.63788700036536e-05,443.1139934583839
1,853,3,9.000355860505562e-07,5.567506251117753e-05,443.1139934583839
1,853,4,9.697007296553206e-06,5.014887842209857e-05,443.1139934583839
1,853,5,-3.1765643997387295e-06,4.6865868647066955e-05,443.1139934583839
1,853,6,5.311537703435082e-06,4.4711350973703265e-05,443.1139934583839
1,853,7,1.1307216586053693e-05,4.318779706748034e-05,443.1139934583839
1,853,8,6.366507703757653e-06,0.0002894727153352485,443.1139934583839
1,854,0,-0.048428081320690444,0.0001885677177994638,443.1139934583839
1,854,1,-0.09223119671656523,9.222396405713682e-05,443.1139934583839
1,854,2,0.270446216937408,6.63788700036536e-05,443.1139934583839
1,854,3,-0.21087222276938514,5.567506251117753e-05,443.1139934583839
1,854,4,-0.16566937032874715,5.014887842209857e-05,443.1139934583839
1,854,5,0.5773044760523462,4.6865868647066955e-05,443.1139934583839
1,854,6,-0.5971525278126243,4.4711350973703265e-05,443.1139934583839
1,854,7,0.053590552228655754,4.318779706748034e-05,443.1139934583839
1,854,8,-0.2208214140868349,0.0002894727153352485,443.1139934583839
1,855,0,1.624677996250577e-06,0.0001885677177994638,443.1139934583839
1,855,1,3.7822304722197737e-06,9.222396405713682e-05,443.1139934583839
1,855,2,4.2722502917705085e-06,6.63788700036536e-05,443.1139934583839
1,855,3,1.214750443658846e-06,5.567506251117753e-05,443.1139934583839
1,855,4,1.1603423049288813e-05,5.014887842209857e-05,443.1139934583839
1,855,5,-1.9166494254715242e-06,4.6865868647066955e-05,443.1139934583839
1,855,6,5.673166006005264e-06,4.4711350973703265e-05,443.1139934583839
1,855,7,1.2124957972799653e-05,4.318779706748034e-05,443.1139934583839
1,855,8,6.714437657345715e-06,0.0002894727153352485,443.1139934583839
1,856,0,-0.048361753556394375,0.0001885677177994638,443.1139934583839
1,856,1,-0.09193904995800901,9.222396405713682e-05,443.1139934583839
1,856,2,0.2717534324704654,6.63788700036536e-05,443.1139934583839
1,856,3,-0.2170672741051388,5.567506251117753e-05,443.1139934583839
1,856,4,-0.15627371457155165,5.014887842209857e-05,443.1139934583839
1,856,5,0.5748973428779436,4.6865868647066955e-05,443.1139934583839
1,856,6,-0.6131540600609243,4.4711350973703265e-05,443.1139934583839
1,856,7,0.08544879876883915,4.318779706748034e-05,443.1139934583839
1,856,8,-0.20349654961540853,0.0002894727153352485,443.1139934583839
1,857,0,1.6333740395437747e-06,0.0001885677177994638,443.1139934583839
1,857,1,2.952198636529661e-06,9.222396405713682e-05,443.1139934583839
1,857,2,3.243000738164785e-06,6.63788700036536e-05,443.1139934583839
1,857,3,6.777395132460957e-07,5.567506251117753e-05,443.1139934583839
1,857,4,1.0687364624000512e-05,5.014887842209857e-05,443.1139934583839
1,857,5,-3.983058748828931e-06,4.6865868647066955e-05,443.1139934583839
1,857,6,6.1409595124453376e-06,4.4711350973703265e-05,443.1139934583839
1,857,7,1.064440649392117e-05,4.318779706748034e-05,443.1139934583839
1,857,8,6.343160337377838e-06,0.0002894727153352485,443.1139934583839
1,858,0,-0.04829487855729087,0.0001885677177994638,443.1139934583839
1,858,1,-0.09164435097757177,9.222396405713682e-05,443.1139934583839
1,858,2,0.27303908964484397,6.63788700036536e-05,443.1139934583839
1,858,3,-0.22326034131534203,5.567506251117753e-05,443.1139934583839
1,858,4,-0.1467127854801998,5.014887842209857e-05,443.1139934583839
1,858,5,0.5720338814122208,4.6865868647066955e-05,443.1139934583839
1,858,6,-0.6286611943626387,4.4711350973703265e-05,443.1139934583839
1,858,7,0.11750851879543821,4.318779706748034e-05,443.1139934583839
1,858,8,-0.18571992406678425,0.0002894727153352485,443.1139934583839
1,859,0,1.6829000026741785e-06,0.0001885677177994638,443.1139934583839
1,859,1,3.792253801684588e-06,9.222396405713682e-05,443.1139934583839
1,859,2,4.7440053828347536e-06,6.63788700036536e-05,443.1139934583839
1,859,3,1.5969757176818065e-06,5.567506251117753e-05,443.1139934583839
1,859,4,1.154274042520574e-05,5.014887842209857e-05,443.1139934583839
1,859,5,-1.6214536014565743e-06,4.6865868647066955e-05,443.1139934583839
1,859,6,6.4365146746042875e-06,4.4711350973703265e-05,443.1139934583839
1,859,7,1.196953322845739e-05,4.318779706748034e-05,443.1139934583839
1,859,8,6.582388615481641e-06,0.0002894727153352485,443.1139934583839
1,860,0,-0.04822737603229555,0.0001885677177994638,443.1139934583839
1,860,1,-0.09134769487540789,9.222396405713682e-05,443.1139934583839
1,860,2,0.2743040088181126,6.63788700036536e-05,443.1139934583839
1,860,3,-0.22944958641646865,5.567506251117753e-05,443.1139934583839
1,860,4,-0.13699011666561078,5.014887842209857e-05,443.1139934583839
1,860,5,0.5687132586755499,4.6865868647066955e-05,443.1139934583839
1,860,6,-0.6436559323935169,4.4711350973703265e-05,443.1139934583839
1,860,7,0.14972587166810156,4.318779706748034e-05,443.1139934583839
1,860,8,-0.1675179347414312,0.0002894727153352485,443.1139934583839
1,861,0,1.6439121137132964e-06,0.0001885677177994638,443.1139934583839
1,861,1,3.3244888226449737e-06,9.222396405713682e-05,443.1139934583839
1,861,2,3.0871467536798343e-06,6.63788700036536e-05,443.1139934583839
1,861,3,8.833929796018742e-07,5.567506251117753e-05,443.1139934583839
1,861,4,1.1022388062071183e-05,5.014887842209857e-05,443.1139934583839
1,861,5,-4.465194402976413e-06,4.6865868647066955e-05,443.1139934583839
1,861,6,8.5713588387219e-06,4.4711350973703265e-05,443.1139934583839
1,861,7,1.0691260315137789e-05,4.318779706748034e-05,443.1139934583839
1,861,8,6.441578229872677e-06,0.0002894727153352485,443.1139934583839
1,862,0,-0.04815923081927072,0.0001885677177994638,443.1139934583839
1,862,1,-0.09104840155068834,9.222396405713682e-05,443.1139934583839
1,862,2,0.27554868669283816,6.63788700036536e-05,443.1139934583839
1,862,3,-0.23563297121102048,5.567506251117753e-05,443.1139934583839
1,862,4,-0.12710706262575694,5.014887842209857e-05,443.1139934583839
1,862,5,0.5649357537358286,4.6865868647066955e-05,443.1139934583839
1,862,6,-0.6581136135086038,4.4711350973703265e-05,443.1139934583839
1,862,7,0.18205975514033004,4.318779706748034e-05,443.1139934583839
1,862,8,-0.148916638295631,0.0002894727153352485,443.1139934583839
1,863,0,1.6831015170271713e-06,0.0001885677177994638,443.1139934583839
1,863,1,3.786996836040659e-06,9.222396405713682e-05,443.1139934583839
1,863,2,4.1378258724646995e-06,6.63788700036536e-05,443.1139934583839
1,863,3,1.5120203441822215e-06,5.567506251117753e-05,443.1139934583839
1,863,4,1.0957338336434256e-05,5.014887842209857e-05,443.1139934583839
1,863,5,-3.3656769266546304e-06,4.6865868647066955e-05,443.1139934583839
1,863,6,6.4999803255155815e-06,4.4711350973703265e-05,443.1139934583839
1,863,7,1.0269285735687536e-05,4.318779706748034e-05,443.1139934583839
1,863,8,6.248173250669619e-06,0.0002894727153352485,443.1139934583839
1,864,0,-0.048090458657179376,0.0001885677177994638,443.1139934583839
1,864,1,-0.0907464030023637,9.222396405713682e-05,443.1139934583839
1,864,2,0.2767706031288556,6.63788700036536e-05,443.1139934583839
1,864,3,-0.24180961143685792,5.567506251117753e-05,443.1139934583839
1,864,4,-0.11706883440656153,5.014887842209857e-05,443.1139934583839
1,864,5,0.560694670677183,4.6865868647066955e-05,443.1139934583839
1,864,6,-0.6720152085693774,4.4711350973703265e-05,443.1139934583839
1,864,7,0.21446335753397255,4.318779706748034e-05,443.1139934583839
1,864,8,-0.12994370516139425,0.0002894727153352485,443.1139934583839
1,865,0,1.6518216652592708e-06,0.0001885677177994638,443.1139934583839
1,865,1,3.298074600724e-06,9.222396405713682e-05,443.1139934583839
1,865,2,3.7800268007696536e-06,6.63788700036536e-05,443.1139934583839
1,865,3,1.1841857568507131e-06,5.567506251117753e-05,443.1139934583839
1,865,4,1.1690675759343619e-05,5.014887842209857e-05,443.1139934583839
1,865,5,-3.258638605418172e-06,4.6865868647066955e-05,443.1139934583839
1,865,6,9.30047489846266e-06,4.4711350973703265e-05,443.1139934583839
1,865,7,1.0213562998731187e-05,4.318779706748034e-05,443.1139934583839
1,865,8,6.161738960889655e-06,0.0002894727153352485,443.1139934583839
1,866,0,-0.04802138924734969,0.0001885677177994638,443.1139934583839
1,866,1,-0.09044114321077965,9.222396405713682e-05,443.1139934583839
1,866,2,0.27797084595513544,6.63788700036536e-05,443.1139934583839
1,866,3,-0.24797879403435213,5.567506251117753e-05,443.1139934583839
1,866,4,-0.1068779355117443,5.014887842209857e-05,443.1139934583839
1,866,5,0.5559920053249241,4.6865868647066955e-05,443.1139934583839
1,866,6,-0.6853441404578486,4.4711350973703265e-05,443.1139934583839
1,866,7,0.2468916647901817,4.318779706748034e-05,443.1139934583839
1,866,8,-0.11062779583906228,0.0002894727153352485,443.1139934583839
1,867,0,1.8798188428208545e-06,0.0001885677177994638,443.1139934583839
1,867,1,3.4551029650634485e-06,9.222396405713682e-05,443.1139934583839
1,867,2,4.042224988257714e-06,6.63788700036536e-05,443.1139934583839
1,867,3,2.3006845160282502e-06,5.567506251117753e-05,443.1139934583839
1,867,4,1.1265255345477518e-05,5.014887842209857e-05,443.1139934583839
1,867,5,-4.052783079017221e-06,4.6865868647066955e-05,443.1139934583839
1,867,6,9.105325967887512e-06,4.4711350973703265e-05,443.1139934583839
1,867,7,9.680514266152084e-06,4.318779706748034e-05,443.1139934583839
1,867,8,6.1716541711046336e-06,0.0002894727153352485,443.1139934583839
1,868,0,-0.04795117217471243,0.0001885677177994638,443.1139934583839
1,868,1,-0.09013412816195997,9.222396405713682e-05,443.1139934583839
1,868,2,0.27915034190728416,6.63788700036536e-05,443.1139934583839
1,868,3,-0.25413753565647956,5.567506251117753e-05,443.1139934583839
1,868,4,-0.09653541081778289,5.014887842209857e-05,443.1139934583839
1,868,5,0.5508277388377646,4.6865868647066955e-05,443.1139934583839
1,868,6,-0.6980754192341583,4.4711350973703265e-05,443.1139934583839
1,868,7,0.27930095245933434,4.318779706748034e-05,443.1139934583839
1,868,8,-0.09099739526653375,0.0002894727153352485,443.1139934583839
1,869,0,1.356774007769545e-06,0.0001885677177994638,443.1139934583839
1,869,1,3.853410493253115e-06,9.222396405713682e-05,443.1139934583839
1,869,2,2.9904803157615163e-06,6.63788700036536e-05,443.1139934583839
1,869,3,1.1602260019356808e-06,5.567506251117753e-05,443.1139934583839
1,869,4,1.0739554506635157e-05,5.014887842209857e-05,443.1139934583839
1,869,5,-4.500542021063771e-06,4.6865868647066955e-05,443.1139934583839
1,869,6,8.68305775422884e-06,4.4711350973703265e-05,443.1139934583839
1,869,7,8.504085462574385e-06,4.318779706748034e-05,443.1139934583839
1,869,8,5.786820040063633e-06,0.0002894727153352485,443.1139934583839
1,870,0,-0.04788056637861235,0.0001885677177994638,443.1139934583839
1,870,1,-0.08982407300028898,9.222396405713682e-05,443.1139934583839
1,870,2,0.2803067660655326,6.63788700036536e-05,443.1139934583839
1,870,3,-0.2602838279287444,5.567506251117753e-05,443.1139934583839
1,870,4,-0.08604738414968746,5.014887842209857e-05,443.1139934583839
1,870,5,0.545198662910876,4.6865868647066955e-05,443.1139934583839
1,870,6,-0.7101946649331699,4.4711350973703265e-05,443.1139934583839
1,870,7,0.31164213471145413,4.318779706748034e-05,443.1139934583839
1,870,8,-0.0710821804300514,0.0002894727153352485,443.1139934583839
1,871,0,2.0198637651369712e-06,0.0001885677177994638,443.1139934583839
1,871,1,3.2873364432487545e-06,9.222396405713682e-05,443.1139934583839
1,871,2,4.431701953066782e-06,6.63788700036536e-05,443.1139934583839
1,871,3,2.025862469607815e-06,5.567506251117753e-05,443.1139934583839
1,871,4,1.193432697209768e-05,5.014887842209857e-05,443.1139934583839
1,871,5,-3.826905266688216e-06,4.6865868647066955e-05,443.1139934583839
1,871,6,1.1143965967083192e-05,4.4711350973703265e-05,443.1139934583839
1,871,7,9.71343100735163e-06,4.318779706748034e-05,443.1139934583839
1,871,8,5.807656442218414e-06,0.0002894727153352485,443.1139934583839
1,872,0,-0.04780956949754032,0.0001885677177994638,443.1139934583839
1,872,1,-0.08951058371416676,9.222396405713682e-05,443.1139934583839
1,872,2,0.28144075580733985,6.63788700036536e-05,443.1139934583839
1,872,3,-0.2664168503581492,5.567506251117753e-05,443.1139934583839
1,872,4,-0.07541596232448974,5.014887842209857e-05,443.1139934583839
1,872,5,0.5391056465717913,4.6865868647066955e-05,443.1139934583839
1,872,6,-0.7216809315103658,4.4711350973703265e-05,443.1139934583839
1,872,7,0.34387183546415034,4.318779706748034e-05,443.1139934583839
1,872,8,-0.05091251413002287,0.0002894727153352485,443.1139934583839
1,873,0,1.4960127156852376e-06,0.0001885677177994638,443.1139934583839
1,873,1,3.4741472438905085e-06,9.222396405713682e-05,443.1139934583839
1,873,2,2.8560405603938856e-06,6.63788700036536e-05,443.1139934583839
1,873,3,1.332066708881193e-06,5.567506251117753e-05,443.1139934583839
1,873,4,1.0662726412654917e-05,5.014887842209857e-05,443.1139934583839
1,873,5,-4.975398758978846e-06,4.6865868647066955e-05,443.1139934583839
1,873,6,9.336854782810895e-06,4.4711350973703265e-05,443.1139934583839
1,873,7,6.794427114590318e-06,4.318779706748034e-05,443.1139934583839
1,873,8,5.47693284284823e-06,0.0002894727153352485,443.1139934583839
1,874,0,-0.04773737158430273,0.0001885677177994638,443.1139934583839
1,874,1,-0.08919535577553905,9.222396405713682e-05,443.1139934583839
1,874,2,0.2825523557234892,6.63788700036536e-05,443.1139934583839
1,874,3,-0.2725353593704711,5.567506251117753e-05,443.1139934583839
1,874,4,-0.06464419319701502,5.014887842209857e-05,443.1139934583839
1,874,5,0.5325491909264728,4.6865868647066955e-05,443.1139934583839
1,874,6,-0.7325161688069367,4.4711350973703265e-05,443.1139934583839
1,874,7,0.3759425558617772,4.318779706748034e-05,443.1139934583839
1,874,8,-0.03051905156804313,0.0002894727153352485,443.1139934583839
1,875,0,1.6883601269975782e-06,0.0001885677177994638,443.1139934583839
1,875,1,3.9055129076518355e-06,9.222396405713682e-05,443.1139934583839
1,875,2,4.1058671988824234e-06,6.63788700036536e-05,443.1139934583839
1,875,3,2.4006625198151153e-06,5.567506251117753e-05,443.1139934583839
1,875,4,1.1595325879688526e-05,5.014887842209857e-05,443.1139934583839
1,875,5,-4.612291196491172e-06,4.6865868647066955e-05,443.1139934583839
1,875,6,1.1799685062451923e-05,4.4711350973703265e-05,443.1139934583839
1,875,7,8.467470239677742e-06,4.318779706748034e-05,443.1139934583839
1,875,8,5.3898865423646125e-06,0.0002894727153352485,443.1139934583839
1,876,0,-0.04766527447725771,0.0001885677177994638,443.1139934583839
1,876,1,-0.08887702089238442,9.222396405713682e-05,443.1139934583839
1,876,2,0.2836398716521034,6.63788700036536e-05,443.1139934583839
1,876,3,-0.278638087426609,5.567506251117753e-05,443.1139934583839
1,876,4,-0.05373766091815961,5.014887842209857e-05,443.1139934583839
1,876,5,0.5255275417166939,4.6865868647066955e-05,443.1139934583839
1,876,6,-0.7426847369932943,4.4711350973703265e-05,443.1139934583839
1,876,7,0.40780519004087523,4.318779706748034e-05,443.1139934583839
1,876,8,-0.009932859327670211,0.0002894727153352485,443.1139934583839
1,877,0,1.9152309163867407e-06,0.0001885677177994638,443.1139934583839
1,877,1,3.321984168701051e-06,9.222396405713682e-05,443.1139934583839
1,877,2,3.351341163877203e-06,6.63788700036536e-05,443.1139934583839
1,877,3,1.9068766198535385e-06,5.567506251117753e-05,443.1139934583839
1,877,4,1.1481448988056853e-05,5.014887842209857e-05,443.1139934583839
1,877,5,-4.579231507089723e-06,4.6865868647066955e-05,443.1139934583839
1,877,6,1.1115154418300706e-05,4.4711350973703265e-05,443.1139934583839
1,877,7,6.8286728342525885e-06,4.318779706748034e-05,443.1139934583839
1,877,8,4.884741428243811e-06,0.0002894727153352485,443.1139934583839
1,878,0,-0.047592589314242324,0.0001885677177994638,443.1139934583839
1,878,1,-0.08855591110697673,9.222396405713682e-05,443.1139934583839
1,878,2,0.284704149436535,6.63788700036536e-05,443.1139934583839
1,878,3,-0.28472324035791163,5.567506251117753e-05,443.1139934583839
1,878,4,-0.04269841064832167,5.014887842209857e-05,443.1139934583839
1,878,5,0.5180429930974362,4.6865868647066955e-05,443.1139934583839
1,878,6,-0.7521689888483919,4.4711350973703265e-05,443.1139934583839
1,878,7,0.43941566971922014,4.318779706748034e-05,443.1139934583839
1,878,8,0.010814006096203812,0.0002894727153352485,443.1139934583839
1,879,0,1.709122511481043e-06,0.0001885677177994638,443.1139934583839
1,879,1,3.961731202173017e-06,9.222396405713682e-05,443.1139934583839
1,879,2,3.949118248356678e-06,6.63788700036536e-05,443.1139934583839
1,879,3,2.8716072703775925e-06,5.567506251117753e-05,443.1139934583839
1,879,4,1.1474319497715384e-05,5.014887842209857e-05,443.1139934583839
1,879,5,-5.1865061417611476e-06,4.6865868647066955e-05,443.1139934583839
1,879,6,1.3234678907703942e-05,4.4711350973703265e-05,443.1139934583839
1,879,7,6.773009190242621e-06,4.318779706748034e-05,443.1139934583839
1,879,8,4.914154274513906e-06,0.0002894727153352485,443.1139934583839
1,880,0,-0.047518687294235126,0.0001885677177994638,443.1139934583839
1,880,1,-0.08823198456839046,9.222396405713682e-05,443.1139934583839
1,880,2,0.285744800757132,6.63788700036536e-05,443.1139934583839
1,880,3,-0.29078789330259985,5.567506251117753e-05,443.1139934583839
1,880,4,-0.03152953637344307,5.014887842209857e-05,443.1139934583839
1,880,5,0.510096579506444,4.6865868647066955e-05,443.1139934583839
1,880,6,-0.7609513152465922,4.4711350973703265e-05,443.1139934583839
1,880,7,0.47072645140052605,4.318779706748034e-05,443.1139934583839
1,880,8,0.031689331267073774,0.0002894727153352485,443.1139934583839
1,881,0,1.570791839031134e-06,0.0001885677177994638,443.1139934583839
1,881,1,3.374861337731834e-06,9.222396405713682e-05,443.1139934583839
1,881,2,3.2591669538369096e-06,6.63788700036536e-05,443.1139934583839
1,881,3,1.6307047057569647e-06,5.567506251117753e-05,443.1139934583839
1,881,4,1.0976176991266667e-05,5.014887842209857e-05,443.1139934583839
1,881,5,-5.210913701542067e-06,4.6865868647066955e-05,443.1139934583839
1,881,6,1.1928672854519289e-05,4.4711350973703265e-05,443.1139934583839
1,881,7,5.363074184195413e-06,4.318779706748034e-05,443.1139934583839
1,881,8,4.364499099317138e-06,0.0002894727153352485,443.1139934583839
1,882,0,-0.04744455414163349,0.0001885677177994638,443.1139934583839
1,882,1,-0.08790507298726875,9.222396405713682e-05,443.1139934583839
1,882,2,0.2867620204810151,6.63788700036536e-05,443.1139934583839
1,882,3,-0.29683081879155243,5.567506251117753e-05,443.1139934583839
1,882,4,-0.020236139246148643,5.014887842209857e-05,443.1139934583839
1,882,5,0.5016873783702442,4.6865868647066955e-05,443.1139934583839
1,882,6,-0.7690149532089227,4.4711350973703265e-05,443.1139934583839
1,882,7,0.5016897348622246,4.318779706748034e-05,443.1139934583839
1,882,8,0.05266063744790177,0.0002894727153352485,443.1139934583839
1,883,0,1.9318380217675673e-06,0.0001885677177994638,443.1139934583839
1,883,1,3.934598632769849e-06,9.222396405713682e-05,443.1139934583839
1,883,2,3.580325560689821e-06,6.63788700036536e-05,443.1139934583839
1,883,3,2.8259821769178985e-06,5.567506251117753e-05,443.1139934583839
1,883,4,1.1692012425908546e-05,5.014887842209857e-05,443.1139934583839
1,883,5,-4.554922394317053e-06,4.6865868647066955e-05,443.1139934583839
1,883,6,1.3582743498994621e-05,4.4711350973703265e-05,443.1139934583839
1,883,7,5.662888640636189e-06,4.318779706748034e-05,443.1139934583839
1,883,8,4.273952118821498e-06,0.0002894727153352485,443.1139934583839
1,884,0,-0.04736993795612192,0.0001885677177994638,443.1139934583839
1,884,1,-0.08757528474092809,9.222396405713682e-05,443.1139934583839
1,884,2,0.28775472418665243,6.63788700036536e-05,443.1139934583839
1,884,3,-0.30285118082281626,5.567506251117753e-05,443.1139934583839
1,884,4,-0.0088208150284306,5.014887842209857e-05,443.1139934583839
1,884,5,0.49281958521438185,4.6865868647066955e-05,443.1139934583839
1,884,6,-0.7763463734918694,4.4711350973703265e-05,443.1139934583839
1,884,7,0.5322592184375841,4.318779706748034e-05,443.1139934583839
1,884,8,0.07369480278144767,0.0002894727153352485,443.1139934583839
1,885,0,1.647749449987815e-06,0.0001885677177994638,443.1139934583839
1,885,1,3.4314109112900306e-06,9.222396405713682e-05,443.1139934583839
1,885,2,3.355386953182004e-06,6.63788700036536e-05,443.1139934583839
1,885,3,2.054153982740852e-06,5.567506251117753e-05,443.1139934583839
1,885,4,1.0425020288610582e-05,5.014887842209857e-05,443.1139934583839
1,885,5,-6.078919800521393e-06,4.6865868647066955e-05,443.1139934583839
1,885,6,1.3354907397035495e-05,4.4711350973703265e-05,443.1139934583839
1,885,7,3.7684106453832474e-06,4.318779706748034e-05,443.1139934583839
1,885,8,3.77739956706946e-06,0.0002894727153352485,443.1139934583839
1,886,0,-0.04729463720678581,0.0001885677177994638,443.1139934583839
1,886,1,-0.08724283406384177,9.222396405713682e-05,443.1139934583839
1,886,2,0.2887220711485525,6.63788700036536e-05,443.1139934583839
1,886,3,-0.30884836599113175,5.567506251117753e-05,443.1139934583839
1,886,4,0.0027097887598404066,5.014887842209857e-05,443.1139934583839
1,886,5,0.4834937053691156,4.6865868647066955e-05,443.1139934583839
1,886,6,-0.7829305813289044,4.4711350973703265e-05,443.1139934583839
1,886,7,0.5623848640164287,4.318779706748034e-05,443.1139934583839
1,886,8,0.09475853567347349,0.0002894727153352485,443.1139934583839
1,887,0,1.889996782858325e-06,0.0001885677177994638,443.1139934583839
1,887,1,4.132754073656945e-06,9.222396405713682e-05,443.1139934583839
1,887,2,3.99878183507366e-06,6.63788700036536e-05,443.1139934583839
1,887,3,3.844998199963871e-06,5.567506251117753e-05,443.1139934583839
1,887,4,1.2655904577539298e-05,5.014887842209857e-05,443.1139934583839
1,887,5,-4.6082132037844236e-06,4.6865868647066955e-05,443.1139934583839
1,887,6,1.4889984790705459e-05,4.4711350973703265e-05,443.1139934583839
1,887,7,5.790514528523731e-06,4.318779706748034e-05,443.1139934583839
1,887,8,3.6643317525309836e-06,0.0002894727153352485,443.1139934583839
1,888,0,-0.04721842823395979,0.0001885677177994638,443.1139934583839
1,888,1,-0.08690618550041336,9.222396405713682e-05,443.1139934583839
1,888,2,0.28966594398424855,6.63788700036536e-05,443.1139934583839
1,888,3,-0.3148174157331183,5.567506251117753e-05,443.1139934583839
1,888,4,0.014354281237849766,5.014887842209857e-05,443.1139934583839
1,888,5,0.4737129916677808,4.6865868647066955e-05,443.1139934583839
1,888,6,-0.788752395680129,4.4711350973703265e-05,443.1139934583839
1,888,7,0.5920244432000791,4.318779706748034e-05,443.1139934583839
1,888,8,0.11581844864302597,0.0002894727153352485,443.1139934583839
1,889,0,1.4760876553378193e-06,0.0001885677177994638,443.1139934583839
1,889,1,2.7652583083221812e-06,9.222396405713682e-05,443.1139934583839
1,889,2,2.5264659722893703e-06,6.63788700036536e-05,443.1139934583839
1,889,3,1.172937078208314e-06,5.567506251117753e-05,443.1139934583839
1,889,4,9.832570280189376e-06,5.014887842209857e-05,443.1139934583839
1,889,5,-6.7021352866552825e-06,4.6865868647066955e-05,443.1139934583839
1,889,6,1.4085380485923399e-05,4.4711350973703265e-05,443.1139934583839
1,889,7,1.2167066531579274e-06,4.318779706748034e-05,443.1139934583839
1,889,8,3.0574479948798995e-06,0.0002894727153352485,443.1139934583839
1,890,0,-0.04714213821724737,0.0001885677177994638,443.1139934583839
1,890,1,-0.08656759593267101,9.222396405713682e-05,443.1139934583839
1,890,2,0.2905843623131929,6.63788700036536e-05,443.1139934583839
1,890,3,-0.3207590443041707,5.567506251117753e-05,443.1139934583839
1,890,4,0.026108231628002236,5.014887842209857e-05,443.1139934583839
1,890,5,0.46347880898174154,4.6865868647066955e-05,443.1139934583839
1,890,6,-0.7937988226832079,4.4711350973703265e-05,443.1139934583839
1,890,7,0.621129969468852,4.318779706748034e-05,443.1139934583839
1,890,8,0.13684079437970612,0.0002894727153352485,443.1139934583839
1,891,0,2.192991102421101e-06,0.0001885677177994638,443.1139934583839
1,891,1,4.7851068985677725e-06,9.222396405713682e-05,443.1139934583839
1,891,2,4.145355596414743e-06,6.63788700036536e-05,443.1139934583839
1,891,3,4.327756664321294e-06,5.567506251117753e-05,443.1139934583839
1,891,4,1.219754081731703e-05,5.014887842209857e-05,443.1139934583839
1,891,5,-4.531079834097314e-06,4.6865868647066955e-05,443.1139934583839
1,891,6,1.593129668716844e-05,4.4711350973703265e-05,443.1139934583839
1,891,7,3.993489789451788e-06,4.318779706748034e-05,443.1139934583839
1,891,8,2.9239005652198892e-06,0.0002894727153352485,443.1139934583839
1,892,0,-0.04706507959292214,0.0001885677177994638,443.1139934583839
1,892,1,-0.0862268705267938,9.222396405713682e-05,443.1139934583839
1,892,2,0.29147625729229104,6.63788700036536e-05,443.1139934583839
1,892,3,-0.3266732972058867,5.567506251117753e-05,443.1139934583839
1,892,4,0.03796540429399591,5.014887842209857e-05,443.1139934583839
1,892,5,0.45279320435706294,4.6865868647066955e-05,443.1139934583839
1,892,6,-0.7980569652632148,4.4711350973703265e-05,443.1139934583839
1,892,7,0.6496527659920635,4.318779706748034e-05,443.1139934583839
1,892,8,0.15779178445012096,0.0002894727153352485,443.1139934583839
1,893,0,1.3830528133933189e-06,0.0001885677177994638,443.1139934583839
1,893,1,3.33237373607118e-06,9.222396405713682e-05,443.1139934583839
1,893,2,3.132504603675905e-06,6.63788700036536e-05,443.1139934583839
1,893,3,2.6572651953107713e-06,5.567506251117753e-05,443.1139934583839
1,893,4,1.0520975213749401e-05,5.014887842209857e-05,443.1139934583839
1,893,5,-6.110981826451004e-06,4.6865868647066955e-05,443.1139934583839
1,893,6,1.5124258507532046e-05,4.4711350973703265e-05,443.1139934583839
1,893,7,7.674074966815285e-07,4.318779706748034e-05,443.1139934583839
1,893,8,2.234203019984844e-06,0.0002894727153352485,443.1139934583839
1,894,0,-0.04698733009559035,0.0001885677177994638,443.1139934583839
1,894,1,-0.08588115056748288,9.222396405713682e-05,443.1139934583839
1,894,2,0.29234331759276233,6.63788700036536e-05,443.1139934583839
1,894,3,-0.3325536065051451,5.567506251117753e-05,443.1139934583839
1,894,4,0.04992379706047227,5.014887842209857e-05,443.1139934583839
1,894,5,0.44166160345336847,4.6865868647066955e-05,443.1139934583839
1,894,6,-0.8015144777382966,4.4711350973703265e-05,443.1139934583839
1,894,7,0.6775491064979954,4.318779706748034e-05,443.1139934583839
1,894,8,0.1786372776191892,0.0002894727153352485,443.1139934583839
1,895,0,2.1405154147912477e-06,0.0001885677177994638,443.1139934583839
1,895,1,3.7174310660436006e-06,9.222396405713682e-05,443.1139934583839
1,895,2,3.6096395177773283e-06,6.63788700036536e-05,443.1139934583839
1,895,3,2.9826880602592502e-06,5.567506251117753e-05,443.1139934583839
1,895,4,1.152843405434259e-05,5.014887842209857e-05,443.1139934583839
1,895,5,-5.19616348831711e-06,4.6865868647066955e-05,443.1139934583839
1,895,6,1.688822484565367e-05,4.4711350973703265e-05,443.1139934583839
1,895,7,2.2204438663557454e-06,4.318779706748034e-05,443.1139934583839
1,895,8,2.1607313164227207e-06,0.0002894727153352485,443.1139934583839
1,896,0,-0.046909611572605446,0.0001885677177994638,443.1139934583839
1,896,1,-0.08553409276797612,9.222396405713682e-05,443.1139934583839
1,896,2,0.29318345538098023,6.63788700036536e-05,443.1139934583839
1,896,3,-0.33840251995771414,5.567506251117753e-05,443.1139934583839
1,896,4,0.06197705258103853,5.014887842209857e-05,443.1139934583839
1,896,5,0.4300862194196821,4.6865868647066955e-05,443.1139934583839
1,896,6,-0.8041614611496745,4.4711350973703265e-05,443.1139934583839
1,896,7,0.7047711430236326,4.318779706748034e-05,443.1139934583839
1,896,8,0.19934292902303546,0.0002894727153352485,443.1139934583839
1,897,0,1.748455385181437e-06,0.0001885677177994638,443.1139934583839
1,897,1,4.398122093426152e-06,9.222396405713682e-05,443.1139934583839
1,897,2,3.6402242437038376e-06,6.63788700036536e-05,443.1139934583839
1,897,3,3.7560586747658827e-06,5.567506251117753e-05,443.1139934583839
1,897,4,1.0972451266172671e-05,5.014887842209857e-05,443.1139934583839
1,897,5,-5.975210827957887e-06,4.6865868647066955e-05,443.1139934583839
1,897,6,1.7021858974971316e-05,4.4711350973703265e-05,443.1139934583839
1,897,7,3.1180071533143835e-07,4.318779706748034e-05,443.1139934583839
1,897,8,1.6210039921632579e-06,0.0002894727153352485,443.1139934583839
1,898,0,-0.046830527616783094,0.0001885677177994638,443.1139934583839
1,898,1,-0.08518264738076609,9.222396405713682e-05,443.1139934583839
1,898,2,0.29399860809607054,6.63788700036536e-05,443.1139934583839
1,898,3,-0.3442169387850216,5.567506251117753e-05,443.1139934583839
1,898,4,0.07412246217574307,5.014887842209857e-05,443.1139934583839
1,898,5,0.41807144113494843,4.6865868647066955e-05,443.1139934583839
1,898,6,-0.8059840870990627,4.4711350973703265e-05,443.1139934583839
1,898,7,0.7312773574378202,4.318779706748034e-05,443.1139934583839
1,898,8,0.21987546495394172,0.0002894727153352485,443.1139934583839
1,899,0,1.6967904188713584e-06,0.0001885677177994638,443.1139934583839
1,899,1,3.04604581486595e-06,9.222396405713682e-05,443.1139934583839
1,899,2,2.8351342610989693e-06,6.63788700036536e-05,443.1139934583839
1,899,3,3.270365663485797e-06,5.567506251117753e-05,443.1139934583839
1,899,4,1.0943614721496593e-05,5.014887842209857e-05,443.1139934583839
1,899,5,-5.3278334378475785e-06,4.6865868647066955e-05,443.1139934583839
1,899,6,1.704313456969028e-05,4.4711350973703265e-05,443.1139934583839
1,899,7,-3.010766797326214e-07,4.318779706748034e-05,443.1139934583839
1,899,8,1.0769018119244127e-06,0.0002894727153352485,443.1139934583839
1,900,0,-0.04675103276810384,0.0001885677177994638,443.1139934583839
1,900,1,-0.08482720138239991,9.222396405713682e-05,443.1139934583839
1,900,2,0.2947876507795336,6.63788700036536e-05,443.1139934583839
1,900,3,-0.3499937837232323,5.567506251117753e-05,443.1139934583839
1,900,4,0.08635536227076634,5.014887842209857e-05,443.1139934583839
1,900,5,0.4056228821235291,4.6865868647066955e-05,443.1139934583839
1,900,6,-0.8069717254260215,4.4711350973703265e-05,443.1139934583839
1,900,7,0.7570216186481181,4.318779706748034e-05,443.1139934583839
1,900,8,0.24020045691782044,0.0002894727153352485,443.1139934583839
1,901,0,1.8541223485097043e-06,0.0001885677177994638,443.1139934583839
1,901,1,3.9668347851107785e-06,9.222396405713682e-05,443.1139934583839
1,901,2,3.3483095692676413e-06,6.63788700036536e-05,443.1139934583839
1,901,3,3.2426513007328858e-06,5.567506251117753e-05,443.1139934583839
1,901,4,1.043769500349852e-05,5.014887842209857e-05,443.1139934583839
1,901,5,-6.882411854368668e-06,4.6865868647066955e-05,443.1139934583839
1,901,6,1.68615384563001e-05,4.4711350973703265e-05,443.1139934583839
1,901,7,-1.2868296414084575e-06,4.318779706748034e-05,443.1139934583839
1,901,8,7.621189101283783e-07,0.0002894727153352485,443.1139934583839
1,902,0,-0.04667120055301801,0.0001885677177994638,443.1139934583839
1,902,1,-0.08447069941980001,9.222396405713682e-05,443.1139934583839
1,902,2,0.295547889795415,6.63788700036536e-05,443.1139934583839
1,902,3,-0.35573349861355397,5.567506251117753e-05,443.1139934583839
1,902,4,0.09866887331403518,5.014887842209857e-05,443.1139934583839
1,902,5,0.39274163228985426,4.6865868647066955e-05,443.1139934583839
1,902,6,-0.8071185324743123,4.4711350973703265e-05,443.1139934583839
1,902,7,0.7819580461989141,4.318779706748034e-05,443.1139934583839
1,902,8,0.2602836132900881,0.0002894727153352485,443.1139934583839
1,903,0,1.8439404691576227e-06,0.0001885677177994638,443.1139934583839
1,903,1,4.339909809993952e-06,9.222396405713682e-05,443.1139934583839
1,903,2,3.9360756866044e-06,6.63788700036536e-05,443.1139934583839
1,903,3,3.994529896085253e-06,5.567506251117753e-05,443.1139934583839
1,903,4,1.1693183181796125e-05,5.014887842209857e-05,443.1139934583839
1,903,5,-4.212902089186378e-06,4.6865868647066955e-05,443.1139934583839
1,903,6,1.8902458323896335e-05,4.4711350973703265e-05,443.1139934583839
1,903,7,-7.64443412788967e-07,4.318779706748034e-05,443.1139934583839
1,903,8,4.232094123700871e-07,0.0002894727153352485,443.1139934583839
1,904,0,-0.04659096189960692,0.0001885677177994638,443.1139934583839
1,904,1,-0.0841099674759689,9.222396405713682e-05,443.1139934583839
1,904,2,0.29628194371219213,6.63788700036536e-05,443.1139934583839
1,904,3,-0.3614341268995467,5.567506251117753e-05,443.1139934583839
1,904,4,0.11105963765537287,5.014887842209857e-05,443.1139934583839
1,904,5,0.3794349559866945,4.6865868647066955e-05,443.1139934583839
1,904,6,-0.8064155406300101,4.4711350973703265e-05,443.1139934583839
1,904,7,0.806046035039371,4.318779706748034e-05,443.1139934583839
1,904,8,0.28009183726145226,0.0002894727153352485,443.1139934583839
1,905,0,1.9598012952869587e-06,0.0001885677177994638,443.1139934583839
1,905,1,3.451589684082245e-06,9.222396405713682e-05,443.1139934583839
1,905,2,2.775121847505479e-06,6.63788700036536e-05,443.1139934583839
1,905,3,3.824129297771485e-06,5.567506251117753e-05,443.1139934583839
1,905,4,1.0401936425541892e-05,5.014887842209857e-05,443.1139934583839
1,905,5,-7.1013818422856935e-06,4.6865868647066955e-05,443.1139934583839
1,905,6,1.850787474492939e-05,4.4711350973703265e-05,443.1139934583839
1,905,7,-3.2592284523760855e-06,4.318779706748034e-05,443.1139934583839
1,905,8,-2.8820548220685104e-07,0.0002894727153352485,443.1139934583839
1,906,0,-0.04650992917776039,0.0001885677177994638,443.1139934583839
1,906,1,-0.08374560613311206,9.222396405713682e-05,443.1139934583839
1,906,2,0.29698890996957555,6.63788700036536e-05,443.1139934583839
1,906,3,-0.36709342361685543,5.567506251117753e-05,443.1139934583839
1,906,4,0.12352389061561832,5.014887842209857e-05,443.1139934583839
1,906,5,0.3657078135916498,4.6865868647066955e-05,443.1139934583839
1,906,6,-0.8048519592460569,4.4711350973703265e-05,443.1139934583839
1,906,7,0.8292422492981434,4.318779706748034e-05,443.1139934583839
1,906,8,0.29959119938291773,0.0002894727153352485,443.1139934583839
1,907,0,1.7247123886517154e-06,0.0001885677177994638,443.1139934583839
1,907,1,4.190530271497576e-06,9.222396405713682e-05,443.1139934583839
1,907,2,3.715212384926813e-06,6.63788700036536e-05,443.1139934583839
1,907,3,4.26620333125315e-06,5.567506251117753e-05,443.1139934583839
1,907,4,1.1056094694115512e-05,5.014887842209857e-05,443.1139934583839
1,907,5,-4.262452201499104e-06,4.6865868647066955e-05,443.1139934583839
1,907,6,1.882902987989262e-05,4.4711350973703265e-05,443.1139934583839
1,907,7,-2.246860770237027e-06,4.318779706748034e-05,443.1139934583839
1,907,8,-4.266183580879392e-07,0.0002894727153352485,443.1139934583839
1,908,0,-0.0464279964564163,0.0001885677177994638,443.1139934583839
1,908,1,-0.08337803816861095,9.222396405713682e-05,443.1139934583839
1,908,2,0.2976683262037261,6.63788700036536e-05,443.1139934583839
1,908,3,-0.37270858245365096,5.567506251117753e-05,443.1139934583839
1,908,4,0.1360561873999056,5.014887842209857e-05,443.1139934583839
1,908,5,0.3515662181441139,4.6865868647066955e-05,443.1139934583839
1,908,6,-0.8024213882529153,4.4711350973703265e-05,443.1139934583839
1,908,7,0.8515054022512825,4.318779706748034e-05,443.1139934583839
1,908,8,0.3187485153975903,0.0002894727153352485,443.1139934583839
1,909,0,1.7769968840957285e-06,0.0001885677177994638,443.1139934583839
1,909,1,3.5716177440854434e-06,9.222396405713682e-05,443.1139934583839
1,909,2,2.6599025336544705e-06,6.63788700036536e-05,443.1139934583839
1,909,3,3.466506694220539e-06,5.567506251117753e-05,443.1139934583839
1,909,4,1.00996065568041e-05,5.014887842209857e-05,443.1139934583839
1,909,5,-7.3754734669720694e-06,4.6865868647066955e-05,443.1139934583839
1,909,6,1.879830003726666e-05,4.4711350973703265e-05,443.1139934583839
1,909,7,-4.951704815211736e-06,4.318779706748034e-05,443.1139934583839
1,909,8,-1.2182351083231692e-06,0.0002894727153352485,443.1139934583839
1,910,0,-0.04634640323458802,0.0001885677177994638,443.1139934583839
1,910,1,-0.08300728519563233,9.222396405713682e-05,443.1139934583839
1,910,2,0.29831809877993065,6.63788700036536e-05,443.1139934583839
1,910,3,-0.37827989064554474,5.567506251117753e-05,443.1139934583839
1,910,4,0.1486505929002984,5.014887842209857e-05,443.1139934583839
1,910,5,0.3370141473979487,4.6865868647066955e-05,443.1139934583839
1,910,6,-0.7991215784479402,4.4711350973703265e-05,443.1139934583839
1,910,7,0.8727921579952489,4.318779706748034e-05,443.1139934583839
1,910,8,0.33753095769229574,0.0002894727153352485,443.1139934583839
1,911,0,2.2561666672684607e-06,0.0001885677177994638,443.1139934583839
1,911,1,4.343688501813602e-06,9.222396405713682e-05,443.1139934583839
1,911,2,4.639937588021594e-06,6.63788700036536e-05,443.1139934583839
1,911,3,5.063034998876168e-06,5.567506251117753e-05,443.1139934583839
1,911,4,1.13255000440538e-05,5.014887842209857e-05,443.1139934583839
1,911,5,-3.415754280970289e-06,4.6865868647066955e-05,443.1139934583839
1,911,6,2.1416839539293756e-05,4.4711350973703265e-05,443.1139934583839
1,911,7,-2.472934315633596e-06,4.318779706748034e-05,443.1139934583839
1,911,8,-1.4681050536377285e-06,0.0002894727153352485,443.1139934583839
1,912,0,-0.04626385269356803,0.0001885677177994638,443.1139934583839
1,912,1,-0.08263320712913476,9.222396405713682e-05,443.1139934583839
1,912,2,0.29894002440818196,6.63788700036536e-05,443.1139934583839
1,912,3,-0.3838054852793249,5.567506251117753e-05,443.1139934583839
1,912,4,0.16130289855847807,5.014887842209857e-05,443.1139934583839
1,912,5,0.32205979681362434,4.6865868647066955e-05,443.1139934583839
1,912,6,-0.7949422458955937,4.4711350973703265e-05,443.1139934583839
1,912,7,0.8930653059458441,4.318779706748034e-05,443.1139934583839
1,912,8,0.3559054393702237,0.0002894727153352485,443.1139934583839
1,913,0,1.559976383939307e-06,0.0001885677177994638,443.1139934583839
1,913,1,3.669989603375731e-06,9.222396405713682e-05,443.1139934583839
1,913,2,2.38964513061056e-06,6.63788700036536e-05,443.1139934583839
1,913,3,4.187419536180158e-06,5.567506251117753e-05,443.1139934583839
1,913,4,9.912768364831734e-06,5.014887842209857e-05,443.1139934583839
1,913,5,-7.625278819325332e-06,4.6865868647066955e-05,443.1139934583839
1,913,6,1.858533249733424e-05,4.4711350973703265e-05,443.1139934583839
1,913,7,-6.685202868320945e-06,4.318779706748034e-05,443.1139934583839
1,913,8,-2.012854403553084e-06,0.0002894727153352485,443.1139934583839
1,914,0,-0.046180136017066935,0.0001885677177994638,443.1139934583839
1,914,1,-0.08225516918928377,9.222396405713682e-05,443.1139934583839
1,914,2,0.2995350185251945,6.63788700036536e-05,443.1139934583839
1,914,3,-0.389280691086047,5.567506251117753e-05,443.1139934583839
1,914,4,0.17400898862196434,5.014887842209857e-05,443.1139934583839
1,914,5,0.30671052400375215,4.6865868647066955e-05,443.1139934583839
1,914,6,-0.7898790913970906,4.4711350973703265e-05,443.1139934583839
1,914,7,0.9122887582420144,4.318779706748034e-05,443.1139934583839
1,914,8,0.3738402180644442,0.0002894727153352485,443.1139934583839
1,915,0,1.91438889636035e-06,0.0001885677177994638,443.1139934583839
1,915,1,4.096532002287049e-06,9.222396405713682e-05,443.1139934583839
1,915,2,3.6674824061135634e-06,6.63788700036536e-05,443.1139934583839
1,915,3,4.0769032436713065e-06,5.567506251117753e-05,443.1139934583839
1,915,4,1.058059557162482e-05,5.014887842209857e-05,443.1139934583839
1,915,5,-4.1183515641640985e-06,4.6865868647066955e-05,443.1139934583839
1,915,6,2.1361666412090903e-05,4.4711350973703265e-05,443.1139934583839
1,915,7,-5.808005464978262e-06,4.318779706748034e-05,443.1139934583839
1,915,8,-2.557201500259214e-06,0.0002894727153352485,443.1139934583839
1,916,0,-0.04609679332804733,0.0001885677177994638,443.1139934583839
1,916,1,-0.08187458902906676,9.222396405713682e-05,443.1139934583839
1,916,2,0.30009981650083944,6.63788700036536e-05,443.1139934583839
1,916,3,-0.3947079846553036,5.567506251117753e-05,443.1139934583839
1,916,4,0.18676157746584252,5.014887842209857e-05,443.1139934583839
1,916,5,0.29096794257300046,4.6865868647066955e-05,443.1139934583839
1,916,6,-0.7839318551819475,4.4711350973703265e-05,443.1139934583839
1,916,7,0.9304177101833174,4.318779706748034e-05,443.1139934583839
1,916,8,0.3913030416077982,0.0002894727153352485,443.1139934583839
1,917,0,2.10718059328485e-06,0.0001885677177994638,443.1139934583839
1,917,1,4.26677585998256e-06,9.222396405713682e-05,443.1139934583839
1,917,2,3.1415216269484963e-06,6.63788700036536e-05,443.1139934583839
1,917,3,5.627899229311903e-06,5.567506251117753e-05,443.1139934583839
1,917,4,1.041024357716091e-05,5.014887842209857e-05,443.1139934583839
1,917,5,-5.245502328809585e-06,4.6865868647066955e-05,443.1139934583839
1,917,6,2.0558262555202154e-05,4.4711350973703265e-05,443.1139934583839
1,917,7,-5.9551896085809695e-06,4.318779706748034e-05,443.1139934583839
1,917,8,-2.836824120685736e-06,0.0002894727153352485,443.1139934583839
1,918,0,-0.046012618901987296,0.0001885677177994638,443.1139934583839
1,918,1,-0.08148942589054313,9.222396405713682e-05,443.1139934583839
1,918,2,0.30063630896408333,6.63788700036536e-05,443.1139934583839
1,918,3,-0.40008248955692843,5.567506251117753e-05,443.1139934583839
1,918,4,0.19955701074292165,5.014887842209857e-05,443.1139934583839
1,918,5,0.2748472519948455,4.6865868647066955e-05,443.1139934583839
1,918,6,-0.7770930012175294,4.4711350973703265e-05,443.1139934583839
1,918,7,0.9474212833411748,4.318779706748034e-05,443.1139934583839
1,918,8,0.4082631389510162,0.0002894727153352485,443.1139934583839
1,919,0,1.764627198494266e-06,0.0001885677177994638,443.1139934583839
1,919,1,3.5398341535036607e-06,9.222396405713682e-05,443.1139934583839
1,919,2,3.160317919730248e-06,6.63788700036536e-05,443.1139934583839
1,919,3,3.706602341072526e-06,5.567506251117753e-05,443.1139934583839
1,919,4,1.0184293640016883e-05,5.014887842209857e-05,443.1139934583839
1,919,5,-6.329079534010816e-06,4.6865868647066955e-05,443.1139934583839
1,919,6,2.0658855781097687e-05,4.4711350973703265e-05,443.1139934583839
1,919,7,-8.407650247951715e-06,4.318779706748034e-05,443.1139934583839
1,919,8,-3.6758725168279638e-06,0.0002894727153352485,443.1139934583839
1,920,0,-0.04592771830201146,0.0001885677177994638,443.1139934583839
1,920,1,-0.08110083866711688,9.222396405713682e-05,443.1139934583839
1,920,2,0.30114196197820897,6.63788700036536e-05,443.1139934583839
1,920,3,-0.40540351325724694,5.567506251117753e-05,443.1139934583839
1,920,4,0.21239057168159126,5.014887842209857e-05,443.1139934583839
1,920,5,0.2583504357414417,4.6865868647066955e-05,443.1139934583839
1,920,6,-0.7693650983410798,4.4711350973703265e-05,443.1139934583839
1,920,7,0.9632612896967361,4.318779706748034e-05,443.1139934583839
1,920,8,0.4246893374923844,0.0002894727153352485,443.1139934583839
1,921,0,2.0154666428123507e-06,0.0001885677177994638,443.1139934583839
1,921,1,4.400779148122349e-06,9.222396405713682e-05,443.1139934583839
1,921,2,3.931811387292643e-06,6.63788700036536e-05,443.1139934583839
1,921,3,5.850295831753211e-06,5.567506251117753e-05,443.1139934583839
1,921,4,9.697646344355095e-06,5.014887842209857e-05,443.1139934583839
1,921,5,-4.229175187208216e-06,4.6865868647066955e-05,443.1139934583839
1,921,6,2.252205605240638e-05,4.4711350973703265e-05,443.1139934583839
1,921,7,-6.989176815191106e-06,4.318779706748034e-05,443.1139934583839
1,921,8,-3.6974406979945904e-06,0.0002894727153352485,443.1139934583839
1,922,0,-0.04584229645869936,0.0001885677177994638,443.1139934583839
1,922,1,-0.08070958036869588,9.222396405713682e-05,443.1139934583839
1,922,2,0.3016182486148735,6.63788700036536e-05,443.1139934583839
1,922,3,-0.4106703538239926,5.567506251117753e-05,443.1139934583839
1,922,4,0.2252546143089003,5.014887842209857e-05,443.1139934583839
1,922,5,0.2414848800038153,4.6865868647066955e-05,443.1139934583839
1,922,6,-0.7607450304757539,4.4711350973703265e-05,443.1139934583839
1,922,7,0.97790170496352,4.318779706748034e-05,443.1139934583839
1,922,8,0.44055169598529853,0.0002894727153352485,443.1139934583839
1,923,0,1.7906366618544478e-06,0.0001885677177994638,443.1139934583839
1,923,1,4.136658352965415e-06,9.222396405713682e-05,443.1139934583839
1,923,2,2.937436057665582e-06,6.63788700036536e-05,443.1139934583839
1,923,3,4.533085479447228e-06,5.567506251117753e-05,443.1139934583839
1,923,4,1.081097718297164e-05,5.014887842209857e-05,443.1139934583839
1,923,5,-5.0066154381273225e-06,4.6865868647066955e-05,443.1139934583839
1,923,6,2.1513419363874216e-05,4.4711350973703265e-05,443.1139934583839
1,923,7,-8.392533059016526e-06,4.318779706748034e-05,443.1139934583839
1,923,8,-4.634662338621583e-06,0.0002894727153352485,443.1139934583839
1,924,0,-0.04575657389601189,0.0001885677177994638,443.1139934583839
1,924,1,-0.08031396454630196,9.222396405713682e-05,443.1139934583839
1,924,2,0.3020653208029509,6.63788700036536e-05,443.1139934583839
1,924,3,-0.41588007448519476,5.567506251117753e-05,443.1139934583839
1,924,4,0.23814465869159704,5.014887842209857e-05,443.1139934583839
1,924,5,0.2242622007434136,4.6865868647066955e-05,443.1139934583839
1,924,6,-0.7512295571460955,4.4711350973703265e-05,443.1139934583839
1,924,7,0.9913140424845021,4.318779706748034e-05,443.1139934583839
1,924,8,0.45582086727381116,0.0002894727153352485,443.1139934583839
1,925,0,2.166310180236079e-06,0.0001885677177994638,443.1139934583839
1,925,1,4.047951924467546e-06,9.222396405713682e-05,443.1139934583839
1,925,2,3.4514787127714524e-06,6.63788700036536e-05,443.1139934583839
1,925,3,5.977961981150335e-06,5.567506251117753e-05,443.1139934583839
1,925,4,9.808411192505452e-06,5.014887842209857e-05,443.1139934583839
1,925,5,-4.869516592807964e-06,4.6865868647066955e-05,443.1139934583839
1,925,6,2.1678676972148334e-05,4.4711350973703265e-05,443.1139934583839
1,925,7,-9.537224752211952e-06,4.318779706748034e-05,443.1139934583839
1,925,8,-4.721328654126799e-06,0.0002894727153352485,443.1139934583839
1,926,0,-0.04567035315629396,0.0001885677177994638,443.1139934583839
1,926,1,-0.07991444520932037,9.222396405713682e-05,443.1139934583839
1,926,2,0.3024809515900125,6.63788700036536e-05,443.1139934583839
1,926,3,-0.4210308727326395,5.567506251117753e-05,443.1139934583839
1,926,4,0.2510578879779106,5.014887842209857e-05,443.1139934583839
1,926,5,0.2066899091053375,4.6865868647066955e-05,443.1139934583839
1,926,6,-0.7408224027975276,4.4711350973703265e-05,443.1139934583839
1,926,7,1.0034653420294772,4.318779706748034e-05,443.1139934583839
1,926,8,0.4704677910484107,0.0002894727153352485,443.1139934583839
1,927,0,1.827397100967799e-06,0.0001885677177994638,443.1139934583839
1,927,1,4.070919377606137e-06,9.222396405713682e-05,443.1139934583839
1,927,2,3.5789740081089184e-06,6.63788700036536e-05,443.1139934583839
1,927,3,4.628422086220775e-06,5.567506251117753e-05,443.1139934583839
1,927,4,9.404684717958898e-06,5.014887842209857e-05,443.1139934583839
1,927,5,-5.05354012770016e-06,4.6865868647066955e-05,443.1139934583839
1,927,6,2.2487886032788056e-05,4.4711350973703265e-05,443.1139934583839
1,927,7,-1.0136842619153789e-05,4.318779706748034e-05,443.1139934583839
1,927,8,-5.478481972486414e-06,0.0002894727153352485,443.1139934583839
1,928,0,-0.045583479538544164,0.0001885677177994638,443.1139934583839
1,928,1,-0.07951172298306755,9.222396405713682e-05,443.1139934583839
1,928,2,0.30286631511038886,6.63788700036536e-05,443.1139934583839
1,928,3,-0.42612133541428016,5.567506251117753e-05,443.1139934583839
1,928,4,0.2639856250796605,5.014887842209857e-05,443.1139934583839
1,928,5,0.18877478359397973,4.6865868647066955e-05,443.1139934583839
1,928,6,-0.7295254735547029,4.4711350973703265e-05,443.1139934583839
1,928,7,1.0143227791081788,4.318779706748034e-05,443.1139934583839
1,928,8,0.48446481143477194,0.0002894727153352485,443.1139934583839
1,929,0,2.1107846325841647e-06,0.0001885677177994638,443.1139934583839
1,929,1,4.412501340565197e-06,9.222396405713682e-05,443.1139934583839
1,929,2,3.2496637527472993e-06,6.63788700036536e-05,443.1139934583839
1,929,3,6.254995990887532e-06,5.567506251117753e-05,443.1139934583839
1,929,4,1.023917631179481e-05,5.014887842209857e-05,443.1139934583839
1,929,5,-3.720367581082288e-06,4.6865868647066955e-05,443.1139934583839
1,929,6,2.290949554682495e-05,4.4711350973703265e-05,443.1139934583839
1,929,7,-9.739512466271737e-06,4.318779706748034e-05,443.1139934583839
1,929,8,-5.763906230686337e-06,0.0002894727153352485,443.1139934583839
1,930,0,-0.04549637936962448,0.0001885677177994638,443.1139934583839
1,930,1,-0.07910529190299691,9.222396405713682e-05,443.1139934583839
1,930,2,0.3032209555976859,6.63788700036536e-05,443.1139934583839
1,930,3,-0.43115069403511275,5.567506251117753e-05,443.1139934583839
1,930,4,0.27692222608892464,5.014887842209857e-05,443.1139934583839
1,930,5,0.1705274778968128,4.6865868647066955e-05,443.1139934583839
1,930,6,-0.7173403075091691,4.4711350973703265e-05,443.1139934583839
1,930,7,1.0238600171665913,4.318779706748034e-05,443.1139934583839
1,930,8,0.4977844568207605,0.0002894727153352485,443.1139934583839
1,931,0,2.0175679428446536e-06,0.0001885677177994638,443.1139934583839
1,931,1,4.170675896267469e-06,9.222396405713682e-05,443.1139934583839
1,931,2,3.4728623917945646e-06,6.63788700036536e-05,443.1139934583839
1,931,3,5.471664714278692e-06,5.567506251117753e-05,443.1139934583839
1,931,4,9.895922014253238e-06,5.014887842209857e-05,443.1139934583839
1,931,5,-4.760532316597188e-06,4.6865868647066955e-05,443.1139934583839
1,931,6,2.324330377019508e-05,4.4711350973703265e-05,443.1139934583839
1,931,7,-1.1693603274153161e-05,4.318779706748034e-05,443.1139934583839
1,931,8,-6.3627217148836644e-06,0.0002894727153352485,443.1139934583839
1,932,0,-0.04540823170378814,0.0001885677177994638,443.1139934583839
1,932,1,-0.0786938237850402,9.222396405713682e-05,443.1139934583839
1,932,2,0.3035442392763567,6.63788700036536e-05,443.1139934583839
1,932,3,-0.43611536314007443,5.567506251117753e-05,443.1139934583839
1,932,4,0.289865644735403,5.014887842209857e-05,443.1139934583839
1,932,5,0.15195812592275412,4.6865868647066955e-05,443.1139934583839
1,932,6,-0.7042670403446774,4.4711350973703265e-05,443.1139934583839
1,932,7,1.03204917382202,4.318779706748034e-05,443.1139934583839
1,932,8,0.5104005257941991,0.0002894727153352485,443.1139934583839
1,933,0,1.8250037981663608e-06,0.0001885677177994638,443.1139934583839
1,933,1,3.7707835496110054e-06,9.222396405713682e-05,443.1139934583839
1,933,2,3.344235060335695e-06,6.63788700036536e-05,443.1139934583839
1,933,3,6.028400218067338e-06,5.567506251117753e-05,443.1139934583839
1,933,4,8.67947448308786e-06,5.014887842209857e-05,443.1139934583839
1,933,5,-3.816037686110508e-06,4.6865868647066955e-05,443.1139934583839
1,933,6,2.1858455114174838e-05,4.4711350973703265e-05,443.1139934583839
1,933,7,-1.0892562381447426e-05,4.318779706748034e-05,443.1139934583839
1,933,8,-6.736515804403406e-06,0.0002894727153352485,443.1139934583839
1,934,0,-0.045319816771757886,0.0001885677177994638,443.1139934583839
1,934,1,-0.07827967619689209,9.222396405713682e-05,443.1139934583839
1,934,2,0.30383586595643575,6.63788700036536e-05,443.1139934583839
1,934,3,-0.4410142548582028,5.567506251117753e-05,443.1139934583839
1,934,4,0.30280737378482736,5.014887842209857e-05,443.1139934583839
1,934,5,0.1330748944729632,4.6865868647066955e-05,443.1139934583839
1,934,6,-0.6903127295050624,4.4711350973703265e-05,443.1139934583839
1,934,7,1.0388646030609652,4.318779706748034e-05,443.1139934583839
1,934,8,0.5222876086776307,0.0002894727153352485,443.1139934583839
1,935,0,2.1798440011917222e-06,0.0001885677177994638,443.1139934583839
1,935,1,4.915052400095711e-06,9.222396405713682e-05,443.1139934583839
1,935,2,3.574019065485565e-06,6.63788700036536e-05,443.1139934583839
1,935,3,5.622429530016879e-06,5.567506251117753e-05,443.1139934583839
1,935,4,9.983682627769602e-06,5.014887842209857e-05,443.1139934583839
1,935,5,-3.92625307974169e-06,4.6865868647066955e-05,443.1139934583839
1,935,6,2.38514641437763e-05,4.4711350973703265e-05,443.1139934583839
1,935,7,-1.2818816279542076e-05,4.318779706748034e-05,443.1139934583839
1,935,8,-7.366187691540435e-06,0.0002894727153352485,443.1139934583839
1,936,0,-0.04523102234230047,0.0001885677177994638,443.1139934583839
1,936,1,-0.0778616194089207,9.222396405713682e-05,443.1139934583839
1,936,2,0.3040966588214498,6.63788700036536e-05,443.1139934583839
1,936,3,-0.4458466706920579,5.567506251117753e-05,443.1139934583839
1,936,4,0.31574090021078244,5.014887842209857e-05,443.1139934583839
1,936,5,0.11388980025356411,4.6865868647066955e-05,443.1139934583839
1,936,6,-0.6754839935933027,4.4711350973703265e-05,443.1139934583839
1,936,7,1.0442834043347347,4.318779706748034e-05,443.1139934583839
1,936,8,0.5334205288488592,0.0002894727153352485,443.1139934583839
1,937,0,1.9223363913876613e-06,0.0001885677177994638,443.1139934583839
1,937,1,3.836865292584963e-06,9.222396405713682e-05,443.1139934583839
1,937,2,2.8048015719981543e-06,6.63788700036536e-05,443.1139934583839
1,937,3,6.7771494872334325e-06,5.567506251117753e-05,443.1139934583839
1,937,4,9.246428174633655e-06,5.014887842209857e-05,443.1139934583839
1,937,5,-4.106471503177587e-06,4.6865868647066955e-05,443.1139934583839
1,937,6,2.3360486006160643e-05,4.4711350973703265e-05,443.1139934583839
1,937,7,-1.2654124672487782e-05,4.318779706748034e-05,443.1139934583839
1,937,8,-7.367536316448428e-06,0.0002894727153352485,443.1139934583839
1,938,0,-0.04514168368235325,0.0001885677177994638,443.1139934583839
1,938,1,-0.07743905181412895,9.222396405713682e-05,443.1139934583839
1,938,2,0.3043243479434568,6.63788700036536e-05,443.1139934583839
1,938,3,-0.4506102231202374,5.567506251117753e-05,443.1139934583839
1,938,4,0.3286624388722317,5.014887842209857e-05,443.1139934583839
1,938,5,0.09441129652701159,4.6865868647066955e-05,443.1139934583839
1,938,6,-0.6597826461260112,4.4711350973703265e-05,443.1139934583839
1,938,7,1.0482800591446935,4.318779706748034e-05,443.1139934583839
1,938,8,0.5437764794718064,0.0002894727153352485,443.1139934583839
1,939,0,2.1793789570154834e-06,0.0001885677177994638,443.1139934583839
1,939,1,4.656584388156796e-06,9.222396405713682e-05,443.1139934583839
1,939,2,4.175595982758908e-06,6.63788700036536e-05,443.1139934583839
1,939,3,5.999811239635675e-06,5.567506251117753e-05,443.1139934583839
1,939,4,9.420412467678486e-06,5.014887842209857e-05,443.1139934583839
1,939,5,-3.1141795279423954e-06,4.6865868647066955e-05,443.1139934583839
1,939,6,2.293541937744709e-05,4.4711350973703265e-05,443.1139934583839
1,939,7,-1.2737415923985403e-05,4.318779706748034e-05,443.1139934583839
1,939,8,-8.426833987712932e-06,0.0002894727153352485,443.1139934583839
1,940,0,-0.04505212520679531,0.0001885677177994638,443.1139934583839
1,940,1,-0.07701314708452955,9.222396405713682e-05,443.1139934583839
1,940,2,0.3045183732772055,6.63788700036536e-05,443.1139934583839
1,940,3,-0.45530242062918436,5.567506251117753e-05,443.1139934583839
1,940,4,0.34156599324153936,5.014887842209857e-05,443.1139934583839
1,940,5,0.0746494571568813,4.6865868647066955e-05,443.1139934583839
1,940,6,-0.6432197261911659,4.4711350973703265e-05,443.1139934583839
1,940,7,1.0508357346765367,4.318779706748034e-05,443.1139934583839
1,940,8,0.5533327560933985,0.0002894727153352485,443.1139934583839
1,941,0,2.108630540727119e-06,0.0001885677177994638,443.1139934583839
1,941,1,4.287082460698941e-06,9.222396405713682e-05,443.1139934583839
1,941,2,3.569133885928333e-06,6.63788700036536e-05,443.1139934583839
1,941,3,6.714366667908775e-06,5.567506251117753e-05,443.1139934583839
1,941,4,8.808518686202778e-06,5.014887842209857e-05,443.1139934583839
1,941,5,-2.9552710423635598e-06,4.6865868647066955e-05,443.1139934583839
1,941,6,2.482419781965519e-05,4.4711350973703265e-05,443.1139934583839
1,941,7,-1.360576948254185e-05,4.318779706748034e-05,443.1139934583839
1,941,8,-8.333964582883471e-06,0.0002894727153352485,443.1139934583839
1,942,0,-0.04496184425141561,0.0001885677177994638,443.1139934583839
1,942,1,-0.07658230584071979,9.222396405713682e-05,443.1139934583839
1,942,2,0.30468148129831746,6.63788700036536e-05,443.1139934583839
1,942,3,-0.45992222002772637,5.567506251117753e-05,443.1139934583839
1,942,4,0.35444475802058023,5.014887842209857e-05,443.1139934583839
1,942,5,0.05461778225234358,4.6865868647066955e-05,443.1139934583839
1,942,6,-0.6258005759878392,4.4711350973703265e-05,443.1139934583839
1,942,7,1.0519323972322867,4.318779706748034e-05,443.1139934583839
1,942,8,0.5620670247463243,0.0002894727153352485,443.1139934583839
1,943,0,2.0735350535119058e-06,0.0001885677177994638,443.1139934583839
1,943,1,4.209775083377352e-06,9.222396405713682e-05,443.1139934583839
1,943,2,3.1853192170733145e-06,6.63788700036536e-05,443.1139934583839
1,943,3,6.338316106482932e-06,5.567506251117753e-05,443.1139934583839
1,943,4,9.547649864046155e-06,5.014887842209857e-05,443.1139934583839
1,943,5,-3.440600956469868e-06,4.6865868647066955e-05,443.1139934583839
1,943,6,2.297021241865735e-05,4.4711350973703265e-05,443.1139934583839
1,943,7,-1.4176723528261465e-05,4.318779706748034e-05,443.1139934583839
1,943,8,-8.89744134287046e-06,0.0002894727153352485,443.1139934583839
1,944,0,-0.044870495972517986,0.0001885677177994638,443.1139934583839
1,944,1,-0.0761476694947193,9.222396405713682e-05,443.1139934583839
1,944,2,0.3048117886384782,6.63788700036536e-05,443.1139934583839
1,944,3,-0.4644676551262121,5.567506251117753e-05,443.1139934583839
1,944,4,0.36729517016904945,5.014887842209857e-05,443.1139934583839
1,944,5,0.03432498556430525,4.6865868647066955e-05,443.1139934583839
1,944,6,-0.6075313497786442,4.4711350973703265e-05,443.1139934583839
1,944,7,1.051553047027792,4.318779706748034e-05,443.1139934583839
1,944,8,0.5699602801362648,0.0002894727153352485,443.1139934583839
1,945,0,1.801907787751999e-06,0.0001885677177994638,443.1139934583839
1,945,1,4.527224159823089e-06,9.222396405713682e-05,443.1139934583839
1,945,2,3.4981696326549354e-06,6.63788700036536e-05,443.1139934583839
1,945,3,6.9154420240512665e-06,5.567506251117753e-05,443.1139934583839
1,945,4,7.6122800064560235e-06,5.014887842209857e-05,443.1139934583839
1,945,5,-1.8367876462660145e-06,4.6865868647066955e-05,443.1139934583839
1,945,6,2.335332043732094e-05,4.4711350973703265e-05,443.1139934583839
1,945,7,-1.5094769593305427e-05,4.318779706748034e-05,443.1139934583839
1,945,8,-9.600266631588576e-06,0.0002894727153352485,443.1139934583839
1,946,0,-0.044779364654680874,0.0001885677177994638,443.1139934583839
1,946,1,-0.07570912821592116,9.222396405713682e-05,443.1139934583839
1,946,2,0.304908758529043,6.63788700036536e-05,443.1139934583839
1,946,3,-0.46893786769974505,5.567506251117753e-05,443.1139934583839
1,946,4,0.38010928518105663,5.014887842209857e-05,443.1139934583839
1,946,5,0.013783911711074438,4.6865868647066955e-05,443.1139934583839
1,946,6,-0.5884269323151053,4.4711350973703265e-05,443.1139934583839
1,946,7,1.0496796443589866,4.318779706748034e-05,443.1139934583839
1,946,8,0.5769920554456075,0.0002894727153352485,443.1139934583839
1,947,0,2.5054778405387854e-06,0.0001885677177994638,443.1139934583839
1,947,1,4.416494881975208e-06,9.222396405713682e-05,443.1139934583839
1,947,2,3.2591584145199086e-06,6.63788700036536e-05,443.1139934583839
1,947,3,7.044306107858131e-06,5.567506251117753e-05,443.1139934583839
1,947,4,9.524574483260517e-06,5.014887842209857e-05,443.1139934583839
1,947,5,-3.0940783797949215e-06,4.6865868647066955e-05,443.1139934583839
1,947,6,2.4514418873812195e-05,4.4711350973703265e-05,443.1139934583839
1,947,7,-1.4060300642131086e-05,4.318779706748034e-05,443.1139934583839
1,947,8,-9.461442123863893e-06,0.0002894727153352485,443.1139934583839
1,948,0,-0.04468814817468024,0.0001885677177994638,443.1139934583839
1,948,1,-0.0752667473261962,9.222396405713682e-05,443.1139934583839
1,948,2,0.30497035997541866,6.63788700036536e-05,443.1139934583839
1,948,3,-0.4733305947913947,5.567506251117753e-05,443.1139934583839
1,948,4,0.3928785450542995,5.014887842209857e-05,443.1139934583839
1,948,5,-0.00699411963140175,4.6865868647066955e-05,443.1139934583839
1,948,6,-0.5684972861981571,4.4711350973703265e-05,443.1139934583839
1,948,7,1.0462990841164632,4.318779706748034e-05,443.1139934583839
1,948,8,0.5831442499583295,0.0002894727153352485,443.1139934583839
1,949,0,2.060831716379393e-06,0.0001885677177994638,443.1139934583839
1,949,1,4.800166854585124e-06,9.222396405713682e-05,443.1139934583839
1,949,2,4.57714596637348e-06,6.63788700036536e-05,443.1139934583839
1,949,3,7.311864427682819e-06,5.567506251117753e-05,443.1139934583839
1,949,4,9.113054532214386e-06,5.014887842209857e-05,443.1139934583839
1,949,5,-1.238363570932718e-06,4.6865868647066955e-05,443.1139934583839
1,949,6,2.454567115740344e-05,4.4711350973703265e-05,443.1139934583839
1,949,7,-1.5135688053601194e-05,4.318779706748034e-05,443.1139934583839
1,949,8,-1.0148716564636595e-05,0.0002894727153352485,443.1139934583839
1,950,0,-0.04459560305945493,0.0001885677177994638,443.1139934583839
1,950,1,-0.07481952358621083,9.222396405713682e-05,443.1139934583839
1,950,2,0.30499881776425836,6.63788700036536e-05,443.1139934583839
1,950,3,-0.47764356676093356,5.567506251117753e-05,443.1139934583839
1,950,4,0.40560237684287503,5.014887842209857e-05,443.1139934583839
1,950,5,-0.02799695544276001,4.6865868647066955e-05,443.1139934583839
1,950,6,-0.5477487301880939,4.4711350973703265e-05,443.1139934583839
1,950,7,1.0414033225864507,4.318779706748034e-05,443.1139934583839
1,950,8,0.5884010056830149,0.0002894727153352485,443.1139934583839
1,951,0,2.0428944332455858e-06,0.0001885677177994638,443.1139934583839
1,951,1,4.1412154225499875e-06,9.222396405713682e-05,443.1139934583839
1,951,2,2.893005096626099e-06,6.63788700036536e-05,443.1139934583839
1,951,3,7.125973667573741e-06,5.567506251117753e-05,443.1139934583839
1,951,4,7.910108528304301e-06,5.014887842209857e-05,443.1139934583839
1,951,5,-2.558431917597052e-06,4.6865868647066955e-05,443.1139934583839
1,951,6,2.2719133968668357e-05,4.4711350973703265e-05,443.1139934583839
1,951,7,-1.6092245159771862e-05,4.318779706748034e-05,443.1139934583839
1,951,8,-1.059706979209695e-05,0.0002894727153352485,443.1139934583839
1,952,0,-0.04450296980614724,0.0001885677177994638,443.1139934583839
1,952,1,-0.0743677421030634,9.222396405713682e-05,443.1139934583839
1,952,2,0.3049942726535725,6.63788700036536e-05,443.1139934583839
1,952,3,-0.4818746738807313,5.567506251117753e-05,443.1139934583839
1,952,4,0.4182733396402362,5.014887842209857e-05,443.1139934583839
1,952,5,-0.04921143797119927,4.6865868647066955e-05,443.1139934583839
1,952,6,-0.5261970015854417,4.4711350973703265e-05,443.1139934583839
1,952,7,1.0349802270267878,4.318779706748034e-05,443.1139934583839
1,952,8,0.5927455427168491,0.0002894727153352485,443.1139934583839
1,953,0,2.3127226385695497e-06,0.0001885677177994638,443.1139934583839
1,953,1,4.7162599096082275e-06,9.222396405713682e-05,443.1139934583839
1,953,2,3.955892431021734e-06,6.63788700036536e-05,443.1139934583839
1,953,3,7.167116365428114e-06,5.567506251117753e-05,443.1139934583839
1,953,4,8.327267130013058e-06,5.014887842209857e-05,443.1139934583839
1,953,5,-1.2102452545160895e-06,4.6865868647066955e-05,443.1139934583839
1,953,6,2.4666840568487157e-05,4.4711350973703265e-05,443.1139934583839
1,953,7,-1.5680713056279928e-05,4.318779706748034e-05,443.1139934583839
1,953,8,-1.0623350344823175e-05,0.0002894727153352485,443.1139934583839
1,954,0,-0.04440967205897454,0.0001885677177994638,443.1139934583839
1,954,1,-0.07391181871633916,9.222396405713682e-05,443.1139934583839
1,954,2,0.30495480977346884,6.63788700036536e-05,443.1139934583839
1,954,3,-0.4860242865402717,5.567506251117753e-05,443.1139934583839
1,954,4,0.43088241801705246,5.014887842209857e-05,443.1139934583839
1,954,5,-0.07062728107767295,4.6865868647066955e-05,443.1139934583839
1,954,6,-0.5038563805363463,4.4711350973703265e-05,443.1139934583839
1,954,7,1.027019645115637,4.318779706748034e-05,443.1139934583839
1,954,8,0.5961638526950492,0.0002894727153352485,443.1139934583839
1,955,0,1.96155651830189e-06,0.0001885677177994638,443.1139934583839
1,955,1,4.3299839449683105e-06,9.222396405713682e-05,443.1139934583839
1,955,2,3.2156007100532335e-06,6.63788700036536e-05,443.1139934583839
1,955,3,8.18542370361729e-06,5.567506251117753e-05,443.1139934583839
1,955,4,8.852819280204035e-06,5.014887842209857e-05,443.1139934583839
1,955,5,-1.2220747781954724e-06,4.6865868647066955e-05,443.1139934583839
1,955,6,2.3409234079628354e-05,4.4711350973703265e-05,443.1139934583839
1,955,7,-1.5153528268600099e-05,4.318779706748034e-05,443.1139934583839
1,955,8,-1.1275873481508175e-05,0.0002894727153352485,443.1139934583839
1,956,0,-0.04431572695257013,0.0001885677177994638,443.1139934583839
1,956,1,-0.07345247580250136,9.222396405713682e-05,443.1139934583839
1,956,2,0.3048806960306721,6.63788700036536e-05,443.1139934583839
1,956,3,-0.49008917411628883,5.567506251117753e-05,443.1139934583839
1,956,4,0.4434261943808841,5.014887842209857e-05,443.1139934583839
1,956,5,-0.09223047771098625,4.6865868647066955e-05,443.1139934583839
1,956,6,-0.48073906430909735,4.4711350973703265e-05,443.1139934583839
1,956,7,1.0175211763656924,4.318779706748034e-05,443.1139934583839
1,956,8,0.5986429069448972,0.0002894727153352485,443.1139934583839
1,957,0,2.238038838449807e-06,0.0001885677177994638,443.1139934583839
1,957,1,5.350746850212438e-06,9.222396405713682e-05,443.1139934583839
1,957,2,3.9547063821746735e-06,6.63788700036536e-05,443.1139934583839
1,957,3,7.353651390305463e-06,5.567506251117753e-05,443.1139934583839
1,957,4,7.751997243610777e-06,5.014887842209857e-05,443.1139934583839
1,957,5,-5.77553694849369e-07,4.6865868647066955e-05,443.1139934583839
1,957,6,2.4188924431771217e-05,4.4711350973703265e-05,443.1139934583839
1,957,7,-1.773756295386935e-05,4.318779706748034e-05,443.1139934583839
1,957,8,-1.1324308340229692e-05,0.0002894727153352485,443.1139934583839
1,958,0,-0.04422228030309012,0.0001885677177994638,443.1139934583839
1,958,1,-0.07298813780586287,9.222396405713682e-05,443.1139934583839
1,958,2,0.30476967662497617,6.63788700036536e-05,443.1139934583839
1,958,3,-0.49406746552003944,5.567506251117753e-05,443.1139934583839
1,958,4,0.45589844858552453,5.014887842209857e-05,443.1139934583839
1,958,5,-0.11400972228977653,4.6865868647066955e-05,443.1139934583839
1,958,6,-0.4568634099764661,4.4711350973703265e-05,443.1139934583839
1,958,7,1.0064779813933853,4.318779706748034e-05,443.1139934583839
1,958,8,0.6001706051761003,0.0002894727153352485,443.1139934583839
1,959,0,2.547989365748929e-06,0.0001885677177994638,443.1139934583839
1,959,1,4.090188640247142e-06,9.222396405713682e-05,443.1139934583839
1,959,2,4.353202498185299e-06,6.63788700036536e-05,443.1139934583839
1,959,3,8.272905930698009e-06,5.567506251117753e-05,443.1139934583839
1,959,4,8.356344071410799e-06,5.014887842209857e-05,443.1139934583839
1,959,5,4.082735710453376e-07,4.6865868647066955e-05,443.1139934583839
1,959,6,2.4812051034251233e-05,4.4711350973703265e-05,443.1139934583839
1,959,7,-1.5337442083835006e-05,4.318779706748034e-05,443.1139934583839
1,959,8,-1.176556147908197e-05,0.0002894727153352485,443.1139934583839
1,960,0,-0.04412809066635255,0.0001885677177994638,443.1139934583839
1,960,1,-0.07251843665252744,9.222396405713682e-05,443.1139934583839
1,960,2,0.3046252927843704,6.63788700036536e-05,443.1139934583839
1,960,3,-0.49795771277302986,5.567506251117753e-05,443.1139934583839
1,960,4,0.4682923964275578,5.014887842209857e-05,443.1139934583839
1,960,5,-0.13594793369453484,4.6865868647066955e-05,443.1139934583839
1,960,6,-0.43224030927696794,4.4711350973703265e-05,443.1139934583839
1,960,7,0.9938864700956175,4.318779706748034e-05,443.1139934583839
1,960,8,0.6007367827854553,0.0002894727153352485,443.1139934583839
1,961,0,2.1074727734605064e-06,0.0001885677177994638,443.1139934583839
1,961,1,4.923851060111571e-06,9.222396405713682e-05,443.1139934583839
1,961,2,2.883299355734809e-06,6.63788700036536e-05,443.1139934583839
1,961,3,7.59140965389288e-06,5.567506251117753e-05,443.1139934583839
1,961,4,7.655267391377224e-06,5.014887842209857e-05,443.1139934583839
1,961,5,-1.147445150555993e-06,4.6865868647066955e-05,443.1139934583839
1,961,6,2.2648895584941582e-05,4.4711350973703265e-05,443.1139934583839
1,961,7,-1.6723219151651767e-05,4.318779706748034e-05,443.1139934583839
1,961,8,-1.1939970233244534e-05,0.0002894727153352485,443.1139934583839
1,962,0,-0.04403227566501923,0.0001885677177994638,443.1139934583839
1,962,1,-0.07204467528488227,9.222396405713682e-05,443.1139934583839
1,962,2,0.30444591422887796,6.63788700036536e-05,443.1139934583839
1,962,3,-0.5017588769683746,5.567506251117753e-05,443.1139934583839
1,962,4,0.4806036607679961,5.014887842209857e-05,443.1139934583839
1,962,5,-0.15803306391018873,4.6865868647066955e-05,443.1139934583839
1,962,6,-0.4068880359566205,4.4711350973703265e-05,443.1139934583839
1,962,7,0.9797524483619154,4.318779706748034e-05,443.1139934583839
1,962,8,0.6003324331675148,0.0002894727153352485,443.1139934583839
1,963,0,1.9042763380722623e-06,0.0001885677177994638,443.1139934583839
1,963,1,4.45082789362955e-06,9.222396405713682e-05,443.1139934583839
1,963,2,4.050052707305904e-06,6.63788700036536e-05,443.1139934583839
1,963,3,8.886682180115839e-06,5.567506251117753e-05,443.1139934583839
1,963,4,7.252413066269713e-06,5.014887842209857e-05,443.1139934583839
1,963,5,6.632257302640324e-07,4.6865868647066955e-05,443.1139934583839
1,963,6,2.407004497721844e-05,4.4711350973703265e-05,443.1139934583839
1,963,7,-1.7376440039245552e-05,4.318779706748034e-05,443.1139934583839
1,963,8,-1.237818602786691e-05,0.0002894727153352485,443.1139934583839
1,964,0,-0.043937030623839086,0.0001885677177994638,443.1139934583839
1,964,1,-0.07156684282346971,9.222396405713682e-05,443.1139934583839
1,964,2,0.30422797240548427,6.63788700036536e-05,443.1139934583839
1,964,3,-0.5054687634177499,5.567506251117753e-05,443.1139934583839
1,964,4,0.4928221407747361,5.014887842209857e-05,443.1139934583839
1,964,5,-0.1802545669295309,4.6865868647066955e-05,443.1139934583839
1,964,6,-0.38082675722384834,4.4711350973703265e-05,443.1139934583839
1,964,7,0.9640739965461657,4.318779706748034e-05,443.1139934583839
1,964,8,0.598949440869829,0.0002894727153352485,443.1139934583839
1,965,0,2.7286087543329257e-06,0.0001885677177994638,443.1139934583839
1,965,1,5.307903955495889e-06,9.222396405713682e-05,443.1139934583839
1,965,2,4.479635557696478e-06,6.63788700036536e-05,443.1139934583839
1,965,3,7.919622558591064e-06,5.567506251117753e-05,443.1139934583839
1,965,4,8.840175332352078e-06,5.014887842209857e-05,443.1139934583839
1,965,5,9.42112872559219e-07,4.6865868647066955e-05,443.1139934583839
1,965,6,2.3311118332131685e-05,4.4711350973703265e-05,443.1139934583839
1,965,7,-1.615093998986407e-05,4.318779706748034e-05,443.1139934583839
1,965,8,-1.2255668737228415e-05,0.0002894727153352485,443.1139934583839
1,966,0,-0.04384166517412525,0.0001885677177994638,443.1139934583839
1,966,1,-0.07108440422741961,9.222396405713682e-05,443.1139934583839
1,966,2,0.3039753565608368,6.63788700036536e-05,443.1139934583839
1,966,3,-0.5090845590716432,5.567506251117753e-05,443.1139934583839
1,966,4,0.5049447901828457,5.014887842209857e-05,443.1139934583839
1,966,5,-0.20259535760423036,4.6865868647066955e-05,443.1139934583839
1,966,6,-0.3540727758097397,4.4711350973703265e-05,443.1139934583839
1,966,7,0.9468567748508042,4.318779706748034e-05,443.1139934583839
1,966,8,0.5965820414660948,0.0002894727153352485,443.1139934583839
1,967,0,2.1289687609171313e-06,0.0001885677177994638,443.1139934583839
1,967,1,4.562187148146975e-06,9.222396405713682e-05,443.1139934583839
1,967,2,3.2367798922290203e-06,6.63788700036536e-05,443.1139934583839
1,967,3,8.558343023613683e-06,5.567506251117753e-05,443.1139934583839
1,967,4,6.6539899780007894e-06,5.014887842209857e-05,443.1139934583839
1,967,5,9.276821392390458e-07,4.6865868647066955e-05,443.1139934583839
1,967,6,2.339729737464889e-05,4.4711350973703265e-05,443.1139934583839
1,967,7,-1.735034076554317e-05,4.318779706748034e-05,443.1139934583839
1,967,8,-1.2929943257208253e-05,0.0002894727153352485,443.1139934583839
1,968,0,-0.04374497526852536,0.0001885677177994638,443.1139934583839
1,968,1,-0.07059642964918625,9.222396405713682e-05,443.1139934583839
1,968,2,0.3036870525489718,6.63788700036536e-05,443.1139934583839
1,968,3,-0.5126073274230304,5.567506251117753e-05,443.1139934583839
1,968,4,0.5169658960100086,5.014887842209857e-05,443.1139934583839
1,968,5,-0.22504132115818748,4.6865868647066955e-05,443.1139934583839
1,968,6,-0.3266473523368697,4.4711350973703265e-05,443.1139934583839
1,968,7,0.9281077446235093,4.318779706748034e-05,443.1139934583839
1,968,8,0.5932252809395322,0.0002894727153352485,443.1139934583839
1,969,0,2.2536421552767384e-06,0.0001885677177994638,443.1139934583839
1,969,1,4.9115925055580346e-06,9.222396405713682e-05,443.1139934583839
1,969,2,4.08001191110229e-06,6.63788700036536e-05,443.1139934583839
1,969,3,9.176458803990898e-06,5.567506251117753e-05,443.1139934583839
1,969,4,7.973241866767948e-06,5.014887842209857e-05,443.1139934583839
1,969,5,1.2137191856173243e-06,4.6865868647066955e-05,443.1139934583839
1,969,6,2.3677901467891417e-05,4.4711350973703265e-05,443.1139934583839
1,969,7,-1.6216048269490864e-05,4.318779706748034e-05,443.1139934583839
1,969,8,-1.2682262118893752e-05,0.0002894727153352485,443.1139934583839
1,970,0,-0.04364839449861913,0.0001885677177994638,443.1139934583839
1,970,1,-0.0701042160814728,9.222396405713682e-05,443.1139934583839
1,970,2,0.30336102222096895,6.63788700036536e-05,443.1139934583839
1,970,3,-0.5160327913695877,5.567506251117753e-05,443.1139934583839
1,970,4,0.5288773397937012,5.014887842209857e-05,443.1139934583839
1,970,5,-0.2475795402834757,4.6865868647066955e-05,443.1139934583839
1,970,6,-0.29856899920963603,4.4711350973703265e-05,443.1139934583839
1,970,7,0.9078345986731495,4.318779706748034e-05,443.1139934583839
1,970,8,0.5888755468205606,0.0002894727153352485,443.1139934583839
1,971,0,2.4805834857267934e-06,0.0001885677177994638,443.1139934583839
1,971,1,4.9492896378919085e-06,9.222396405713682e-05,443.1139934583839
1,971,2,3.85186289203483e-06,6.63788700036536e-05,443.1139934583839
1,971,3,8.312965053495674e-06,5.567506251117753e-05,443.1139934583839
1,971,4,6.917956080478473e-06,5.014887842209857e-05,443.1139934583839
1,971,5,2.0133454672319974e-06,4.6865868647066955e-05,443.1139934583839
1,971,6,2.273233241693992e-05,4.4711350973703265e-05,443.1139934583839
1,971,7,-1.6694624887384723e-05,4.318779706748034e-05,443.1139934583839
1,971,8,-1.3158817760260773e-05,0.0002894727153352485,443.1139934583839
1,972,0,-0.0435513916149148,0.0001885677177994638,443.1139934583839
1,972,1,-0.06960676738835364,9.222396405713682e-05,443.1139934583839
1,972,2,0.30299697280689086,6.63788700036536e-05,443.1139934583839
1,972,3,-0.519361240023417,5.567506251117753e-05,443.1139934583839
1,972,4,0.540674554928524,5.014887842209857e-05,443.1139934583839
1,972,5,-0.2701963516480013,4.6865868647066955e-05,443.1139934583839
1,972,6,-0.2698587693507383,4.4711350973703265e-05,443.1139934583839
1,972,7,0.886052280907827,4.318779706748034e-05,443.1139934583839
1,972,8,0.5835312506037309,0.0002894727153352485,443.1139934583839
1,973,0,2.2979045419300815e-06,0.0001885677177994638,443.1139934583839
1,973,1,4.7572003228873255e-06,9.222396405713682e-05,443.1139934583839
1,973,2,4.6971341134554105e-06,6.63788700036536e-05,443.1139934583839
1,973,3,1.0053823152012636e-05,5.567506251117753e-05,443.1139934583839
1,973,4,7.301901681759732e-06,5.014887842209857e-05,443.1139934583839
1,973,5,2.794940385167108e-06,4.6865868647066955e-05,443.1139934583839
1,973,6,2.2963818919763446e-05,4.4711350973703265e-05,443.1139934583839
1,973,7,-1.780561854766383e-05,4.318779706748034e-05,443.1139934583839
1,973,8,-1.3033841974217168e-05,0.0002894727153352485,443.1139934583839
1,974,0,-0.04345370293511203,0.0001885677177994638,443.1139934583839
1,974,1,-0.0691054795890337,9.222396405713682e-05,443.1139934583839
1,974,2,0.3025968200919356,6.63788700036536e-05,443.1139934583839
1,974,3,-0.522590105136602,5.567506251117753e-05,443.1139934583839
1,974,4,0.5523485998309496,5.014887842209857e-05,443.1139934583839
1,974,5,-0.2928744911030546,4.6865868647066955e-05,443.1139934583839
1,974,6,-0.24054011829444125,4.4711350973703265e-05,443.1139934583839
1,974,7,0.8627678583479221,4.318779706748034e-05,443.1139934583839
1,974,8,0.5771919207167251,0.0002894727153352485,443.1139934583839
1,975,0,2.3700287216784595e-06,0.0001885677177994638,443.1139934583839
1,975,1,5.633750785547915e-06,9.222396405713682e-05,443.1139934583839
1,975,2,3.2011430982523286e-06,6.63788700036536e-05,443.1139934583839
1,975,3,8.67144850939489e-06,5.567506251117753e-05,443.1139934583839
1,975,4,7.840979661217658e-06,5.014887842209857e-05,443.1139934583839
1,975,5,2.116362879275026e-06,4.6865868647066955e-05,443.1139934583839
1,975,6,2.289082305303368e-05,4.4711350973703265e-05,443.1139934583839
1,975,7,-1.4754218025256896e-05,4.318779706748034e-05,443.1139934583839
1,975,8,-1.3415925477125987e-05,0.0002894727153352485,443.1139934583839
1,976,0,-0.043355905180000945,0.0001885677177994638,443.1139934583839
1,976,1,-0.06859858978058936,9.222396405713682e-05,443.1139934583839
1,976,2,0.30215738512833407,6.63788700036536e-05,443.1139934583839
1,976,3,-0.5257167345761384,5.567506251117753e-05,443.1139934583839
1,976,4,0.5638965098453861,5.014887842209857e-05,443.1139934583839
1,976,5,-0.31560186358880105,4.6865868647066955e-05,443.1139934583839
1,976,6,-0.21063471550325125,4.4711350973703265e-05,443.1139934583839
1,976,7,0.8379996317981092,4.318779706748034e-05,443.1139934583839
1,976,8,0.569858896781881,0.0002894727153352485,443.1139934583839
1,977,0,2.5189473750616955e-06,0.0001885677177994638,443.1139934583839
1,977,1,4.4622360484021515e-06,9.222396405713682e-05,443.1139934583839
1,977,2,5.70889772751891e-06,6.63788700036536e-05,443.1139934583839
1,977,3,9.825288249772919e-06,5.567506251117753e-05,443.1139934583839
1,977,4,6.367723914524198e-06,5.014887842209857e-05,443.1139934583839
1,977,5,4.49756640921371e-06,4.6865868647066955e-05,443.1139934583839
1,977,6,2.2499643052242653e-05,4.4711350973703265e-05,443.1139934583839
1,977,7,-1.7569079560483843e-05,4.318779706748034e-05,443.1139934583839
1,977,8,-1.337903201964248e-05,0.0002894727153352485,443.1139934583839
1,978,0,-0.04325763319002853,0.0001885677177994638,443.1139934583839
1,978,1,-0.0680862234465486,9.222396405713682e-05,443.1139934583839
1,978,2,0.3016807158585473,6.63788700036536e-05,443.1139934583839
1,978,3,-0.5287400427848258,5.567506251117753e-05,443.1139934583839
1,978,4,0.5753119207131997,5.014887842209857e-05,443.1139934583839
1,978,5,-0.3383603660745018,4.6865868647066955e-05,443.1139934583839
1,978,6,-0.18016530565964392,4.4711350973703265e-05,443.1139934583839
1,978,7,0.8117670096651463,4.318779706748034e-05,443.1139934583839
1,978,8,0.5615343153412972,0.0002894727153352485,443.1139934583839
1,979,0,2.3792533899591014e-06,0.0001885677177994638,443.1139934583839
1,979,1,5.440192037596741e-06,9.222396405713682e-05,443.1139934583839
1,979,2,2.877062910161042e-06,6.63788700036536e-05,443.1139934583839
1,979,3,8.767691265566641e-06,5.567506251117753e-05,443.1139934583839
1,979,4,7.002348353850906e-06,5.014887842209857e-05,443.1139934583839
1,979,5,2.0604349488947564e-06,4.6865868647066955e-05,443.1139934583839
1,979,6,2.1968777830897873e-05,4.4711350973703265e-05,443.1139934583839
1,979,7,-1.565793854858351e-05,4.318779706748034e-05,443.1139934583839
1,979,8,-1.3436460288043469e-05,0.0002894727153352485,443.1139934583839
1,980,0,-0.04315870037570417,0.0001885677177994638,443.1139934583839
1,980,1,-0.06756908428023536,9.222396405713682e-05,443.1139934583839
1,980,2,0.30116843074553357,6.63788700036536e-05,443.1139934583839
1,980,3,-0.5316591447658499,5.567506251117753e-05,443.1139934583839
1,980,4,0.5865868014721689,5.014887842209857e-05,443.1139934583839
1,980,5,-0.361134943609121,4.6865868647066955e-05,443.1139934583839
1,980,6,-0.14915710817124508,4.4711350973703265e-05,443.1139934583839
1,980,7,0.7840850238611454,4.318779706748034e-05,443.1139934583839
1,980,8,0.5522226690461084,0.0002894727153352485,443.1139934583839
1,981,0,2.41804387789447e-06,0.0001885677177994638,443.1139934583839
1,981,1,4.714698120639343e-06,9.222396405713682e-05,443.1139934583839
1,981,2,4.271136409566225e-06,6.63788700036536e-05,443.1139934583839
1,981,3,1.0346251446133596e-05,5.567506251117753e-05,443.1139934583839
1,981,4,6.598447749951906e-06,5.014887842209857e-05,443.1139934583839
1,981,5,4.51039791877356e-06,4.6865868647066955e-05,443.1139934583839
1,981,6,2.2102625590426802e-05,4.4711350973703265e-05,443.1139934583839
1,981,7,-1.5833630970937593e-05,4.318779706748034e-05,443.1139934583839
1,981,8,-1.3560844881917509e-05,0.0002894727153352485,443.1139934583839
1,982,0,-0.04305970534684889,0.0001885677177994638,443.1139934583839
1,982,1,-0.06704764131444496,9.222396405713682e-05,443.1139934583839
1,982,2,0.30061342922262907,6.63788700036536e-05,443.1139934583839
1,982,3,-0.5344742346012263,5.567506251117753e-05,443.1139934583839
1,982,4,0.597714388034337,5.014887842209857e-05,443.1139934583839
1,982,5,-0.3839164479921686,4.6865868647066955e-05,443.1139934583839
1,982,6,-0.11763569818884784,4.4711350973703265e-05,443.1139934583839
1,982,7,0.7549780856579379,4.318779706748034e-05,443.1139934583839
1,982,8,0.5419292569055951,0.0002894727153352485,443.1139934583839
1,983,0,2.6224126434193655e-06,0.0001885677177994638,443.1139934583839
1,983,1,5.995295503373449e-06,9.222396405713682e-05,443.1139934583839
1,983,2,5.380257952366388e-06,6.63788700036536e-05,443.1139934583839
1,983,3,1.0343949409799488e-05,5.567506251117753e-05,443.1139934583839
1,983,4,7.568588708770866e-06,5.014887842209857e-05,443.1139934583839
1,983,5,5.661983267026349e-06,4.6865868647066955e-05,443.1139934583839
1,983,6,2.1869659807067716e-05,4.4711350973703265e-05,443.1139934583839
1,983,7,-1.5482817244810035e-05,4.318779706748034e-05,443.1139934583839
1,983,8,-1.3367818441346528e-05,0.0002894727153352485,443.1139934583839
1,984,0,-0.042960197825848465,0.0001885677177994638,443.1139934583839
1,984,1,-0.06652097878354994,9.222396405713682e-05,443.1139934583839
1,984,2,0.3000218862457104,6.63788700036536e-05,443.1139934583839
1,984,3,-0.5371792762341262,5.567506251117753e-05,443.1139934583839
1,984,4,0.6086908133883691,5.014887842209857e-05,443.1139934583839
1,984,5,-0.40668234415210947,4.6865868647066955e-05,443.1139934583839
1,984,6,-0.08562550009282295,4.4711350973703265e-05,443.1139934583839
1,984,7,0.7244703820630031,4.318779706748034e-05,443.1139934583839
1,984,8,0.53066169050913,0.0002894727153352485,443.1139934583839
1,985,0,2.4005016803512814e-06,0.0001885677177994638,443.1139934583839
1,985,1,4.7832498130726055e-06,9.222396405713682e-05,443.1139934583839
1,985,2,3.0495120888690935e-06,6.63788700036536e-05,443.1139934583839
1,985,3,9.36752795688998e-06,5.567506251117753e-05,443.1139934583839
1,985,4,5.8384502677678695e-06,5.014887842209857e-05,443.1139934583839
1,985,5,4.046422271962239e-06,4.6865868647066955e-05,443.1139934583839
1,985,6,2.1209643648397858e-05,4.4711350973703265e-05,443.1139934583839
1,985,7,-1.586602620543783e-05,4.318779706748034e-05,443.1139934583839
1,985,8,-1.3696210398335648e-05,0.0002894727153352485,443.1139934583839
1,986,0,-0.0428603067213281,0.0001885677177994638,443.1139934583839
1,986,1,-0.06598819334890849,9.222396405713682e-05,443.1139934583839
1,986,2,0.29939057488569515,6.63788700036536e-05,443.1139934583839
1,986,3,-0.5397757859684817,5.567506251117753e-05,443.1139934583839
1,986,4,0.6195097004080197,5.014887842209857e-05,443.1139934583839
1,986,5,-0.4294190670658954,4.6865868647066955e-05,443.1139934583839
1,986,6,-0.05315345985410275,4.4711350973703265e-05,443.1139934583839
1,986,7,0.692585078349867,4.318779706748034e-05,443.1139934583839
1,986,8,0.5184285887850099,0.0002894727153352485,443.1139934583839
1,987,0,2.676473493849774e-06,0.0001885677177994638,443.1139934583839
1,987,1,5.572522179674848e-06,9.222396405713682e-05,443.1139934583839
1,987,2,5.84498183889769e-06,6.63788700036536e-05,443.1139934583839
1,987,3,1.1159926105930709e-05,5.567506251117753e-05,443.1139934583839
1,987,4,6.923714229354002e-06,5.014887842209857e-05,443.1139934583839
1,987,5,6.373179309006481e-06,4.6865868647066955e-05,443.1139934583839
1,987,6,2.122130489215019e-05,4.4711350973703265e-05,443.1139934583839
1,987,7,-1.3922725737849866e-05,4.318779706748034e-05,443.1139934583839
1,987,8,-1.3411940258515794e-05,0.0002894727153352485,443.1139934583839
1,988,0,-0.04275977325333101,0.0001885677177994638,443.1139934583839
1,988,1,-0.06545028081834516,9.222396405713682e-05,443.1139934583839
1,988,2,0.29871934955580226,6.63788700036536e-05,443.1139934583839
1,988,3,-0.5422605543237539,5.567506251117753e-05,443.1139934583839
1,988,4,0.6301645040334763,5.014887842209857e-05,443.1139934583839
1,988,5,-0.4521120806468579,4.6865868647066955e-05,443.1139934583839
1,988,6,-0.02024639692394436,4.4711350973703265e-05,443.1139934583839
1,988,7,0.6593528534055341,4.318779706748034e-05,443.1139934583839
1,988,8,0.5052397686074843,0.0002894727153352485,443.1139934583839
1,989,0,2.304773896252375e-06,0.0001885677177994638,443.1139934583839
1,989,1,4.976041837552837e-06,9.222396405713682e-05,443.1139934583839
1,989,2,3.4474031550409734e-06,6.63788700036536e-05,443.1139934583839
1,989,3,9.257684160189547e-06,5.567506251117753e-05,443.1139934583839
1,989,4,5.426797890115433e-06,5.014887842209857e-05,443.1139934583839
1,989,5,5.462427178228522e-06,4.6865868647066955e-05,443.1139934583839
1,989,6,2.0332052554736124e-05,4.4711350973703265e-05,443.1139934583839
1,989,7,-1.5834350910070076e-05,4.318779706748034e-05,443.1139934583839
1,989,8,-1.3459202113234092e-05,0.0002894727153352485,443.1139934583839
1,990,0,-0.04265922314481345,0.0001885677177994638,443.1139934583839
1,990,1,-0.06490761707803402,9.222396405713682e-05,443.1139934583839
1,990,2,0.29800893724878497,6.63788700036536e-05,443.1139934583839
1,990,3,-0.5446339514321547,5.567506251117753e-05,443.1139934583839
1,990,4,0.6406470657596819,5.014887842209857e-05,443.1139934583839
1,990,5,-0.4747439391553646,4.6865868647066955e-05,443.1139934583839
1,990,6,0.01306624576961257,4.4711350973703265e-05,443.1139934583839
1,990,7,0.6247997131695886,4.318779706748034e-05,443.1139934583839
1,990,8,0.4911073863448836,0.0002894727153352485,443.1139934583839
1,991,0,2.9383868606353957e-06,0.0001885677177994638,443.1139934583839
1,991,1,6.016373644685972e-06,9.222396405713682e-05,443.1139934583839
1,991,2,5.646224555683179e-06,6.63788700036536e-05,443.1139934583839
1,991,3,1.2165984795711753e-05,5.567506251117753e-05,443.1139934583839
1,991,4,7.67217718865903e-06,5.014887842209857e-05,443.1139934583839
1,991,5,6.862892919381437e-06,4.6865868647066955e-05,443.1139934583839
1,991,6,2.1231874283407424e-05,4.4711350973703265e-05,443.1139934583839
1,991,7,-1.1545918574707821e-05,4.318779706748034e-05,443.1139934583839
1,991,8,-1.3369950411775103e-05,0.0002894727153352485,443.1139934583839
1,992,0,-0.042558361404571005,0.0001885677177994638,443.1139934583839
1,992,1,-0.06436004585219057,9.222396405713682e-05,443.1139934583839
1,992,2,0.2972573072162292,6.63788700036536e-05,443.1139934583839
1,992,3,-0.5468939968762004,5.567506251117753e-05,443.1139934583839
1,992,4,0.6509516894035297,5.014887842209857e-05,443.1139934583839
1,992,5,-0.49729920142206296,4.6865868647066955e-05,443.1139934583839
1,992,6,0.04675781898433145,4.4711350973703265e-05,443.1139934583839
1,992,7,0.5889607561340992,4.318779706748034e-05,443.1139934583839
1,992,8,0.47604447047283777,0.0002894727153352485,443.1139934583839
1,993,0,2.3978458099428753e-06,0.0001885677177994638,443.1139934583839
1,993,1,5.372541191436501e-06,9.222396405713682e-05,443.1139934583839
1,993,2,4.267667109029625e-06,6.63788700036536e-05,443.1139934583839
1,993,3,1.0040708588857495e-05,5.567506251117753e-05,443.1139934583839
1,993,4,5.9428305037294515e-06,5.014887842209857e-05,443.1139934583839
1,993,5,6.254747709701341e-06,4.6865868647066955e-05,443.1139934583839
1,993,6,1.9246191248784338e-05,4.4711350973703265e-05,443.1139934583839
1,993,7,-1.5147154503112316e-05,4.318779706748034e-05,443.1139934583839
1,993,8,-1.3242340941257473e-05,0.0002894727153352485,443.1139934583839
1,994,0,-0.04245656622100541,0.0001885677177994638,443.1139934583839
1,994,1,-0.06380541128239182,9.222396405713682e-05,443.1139934583839
1,994,2,0.29646804767020296,6.63788700036536e-05,443.1139934583839
1,994,3,-0.5490354286219934,5.567506251117753e-05,443.1139934583839
1,994,4,0.6610776541541725,5.014887842209857e-05,443.1139934583839
1,994,5,-0.5197633575210509,4.6865868647066955e-05,443.1139934583839
1,994,6,0.08079939958544416,4.4711350973703265e-05,443.1139934583839
1,994,7,0.5518736790127419,4.318779706748034e-05,443.1139934583839
1,994,8,0.46006588216517624,0.0002894727153352485,443.1139934583839
1,995,0,2.6679210783043795e-06,0.0001885677177994638,443.1139934583839
1,995,1,5.2028270224566875e-06,9.222396405713682e-05,443.1139934583839
1,995,2,4.22330684572416e-06,6.63788700036536e-05,443.1139934583839
1,995,3,1.079881511931508e-05,5.567506251117753e-05,443.1139934583839
1,995,4,5.074331306884458e-06,5.014887842209857e-05,443.1139934583839
1,995,5,8.539422109446462e-06,4.6865868647066955e-05,443.1139934583839
1,995,6,1.9979239513642717e-05,4.4711350973703265e-05,443.1139934583839
1,995,7,-1.2918766227814449e-05,4.318779706748034e-05,443.1139934583839
1,995,8,-1.3168199393880537e-05,0.0002894727153352485,443.1139934583839
1,996,0,-0.042355009022734876,0.0001885677177994638,443.1139934583839
1,996,1,-0.06324625779428583,9.222396405713682e-05,443.1139934583839
1,996,2,0.2956362159528309,6.63788700036536e-05,443.1139934583839
1,996,3,-0.5510617147522316,5.567506251117753e-05,443.1139934583839
1,996,4,0.6710120185429175,5.014887842209857e-05,443.1139934583839
1,996,5,-0.5421199873998267,4.6865868647066955e-05,443.1139934583839
1,996,6,0.11515961868541454,4.4711350973703265e-05,443.1139934583839
1,996,7,0.5135655460469145,4.318779706748034e-05,443.1139934583839
1,996,8,0.4431877551848792,0.0002894727153352485,443.1139934583839
1,997,0,2.803331689692387e-06,0.0001885677177994638,443.1139934583839
1,997,1,6.065589261293467e-06,9.222396405713682e-05,443.1139934583839
1,997,2,5.533873418820433e-06,6.63788700036536e-05,443.1139934583839
1,997,3,1.1571642311205918e-05,5.567506251117753e-05,443.1139934583839
1,997,4,7.303993048310054e-06,5.014887842209857e-05,443.1139934583839
1,997,5,7.776448026330169e-06,4.6865868647066955e-05,443.1139934583839
1,997,6,1.889717720616337e-05,4.4711350973703265e-05,443.1139934583839
1,997,7,-1.1256786808116104e-05,4.318779706748034e-05,443.1139934583839
1,997,8,-1.292883537273414e-05,0.0002894727153352485,443.1139934583839
1,998,0,-0.04225278238741013,0.0001885677177994638,443.1139934583839
1,998,1,-0.06268115025929433,9.222396405713682e-05,443.1139934583839
1,998,2,0.2947626935814668,6.63788700036536e-05,443.1139934583839
1,998,3,-0.5529697643256078,5.567506251117753e-05,443.1139934583839
1,998,4,0.6807506108077772,5.014887842209857e-05,443.1139934583839
1,998,5,-0.5643486948987159,4.6865868647066955e-05,443.1139934583839
1,998,6,0.14980771039242197,4.4711350973703265e-05,443.1139934583839
1,998,7,0.47408051664806355,4.318779706748034e-05,443.1139934583839
1,998,8,0.4254277195484228,0.0002894727153352485,443.1139934583839
1,999,0,2.548439524649115e-06,0.0001885677177994638,443.1139934583839
1,999,1,5.110603029192965e-06,9.222396405713682e-05,443.1139934583839
1,999,2,4.82325556063774e-06,6.63788700036536e-05,443.1139934583839
1,999,3,1.143396582860929e-05,5.567506251117753e-05,443.1139934583839
1,999,4,5.361840572595367e-06,5.014887842209857e-05,443.1139934583839
1,999,5,7.637930642521544e-06,4.6865868647066955e-05,443.1139934583839
1,999,6,1.9834046806663726e-05,4.4711350973703265e-05,443.1139934583839
1,999,7,-1.2499864798028317e-05,4.318779706748034e-05,443.1139934583839
1,999,8,-1.2751412304789657e-05,0.0002894727153352485,443.1139934583839
1,1000,0,-0.042150143205305975,0.0001885677177994638,443.1139934583839
1,1000,1,-0.06211053472071614,9.222396405713682e-05,443.1139934583839
1,1000,2,0.2938504016996691,6.63788700036536e-05,443.1139934583839
1,1000,3,-0.5547564844527852,5.567506251117753e-05,443.1139934583839
1,1000,4,0.6902893035457258,5.014887842209857e-05,443.1139934583839
1,1000,5,-0.5864395732811858,4.6865868647066955e-05,443.1139934583839
1,1000,6,0.1847149720857529,4.4711350973703265e-05,443.1139934583839
1,1000,7,0.4334576756354187,4.318779706748034e-05,443.1139934583839
1,1000,8,0.40680537305748427,0.0002894727153352485,443.1139934583839
1,1001,0,2.8290600418610805e-06,0.0001885677177994638,443.1139934583839
1,1001,1,6.26522340325958e-06,9.222396405713682e-05,443.1139934583839
1,1001,2,4.279684846612015e-06,6.63788700036536e-05,443.1139934583839
1,1001,3,1.1297861580560118e-05,5.567506251117753e-05,443.1139934583839
1,1001,4,6.486406269984511e-06,5.014887842209857e-05,443.1139934583839
1,1001,5,1.0548527608058256e-05,4.6865868647066955e-05,443.1139934583839
1,1001,6,1.744647712850346e-05,4.4711350973703265e-05,443.1139934583839
1,1001,7,-1.0274881165016877e-05,4.318779706748034e-05,443.1139934583839
1,1001,8,-1.2699261333184007e-05,0.0002894727153352485,443.1139934583839
1,1002,0,-0.04204759674323772,0.0001885677177994638,443.1139934583839
1,1002,1,-0.06153474365382905,9.222396405713682e-05,443.1139934583839
1,1002,2,0.29289469765959775,6.63788700036536e-05,443.1139934583839
1,1002,3,-0.5564220273938634,5.567506251117753e-05,443.1139934583839
1,1002,4,0.6996205515913494,5.014887842209857e-05,443.1139934583839
1,1002,5,-0.6083733595327588,4.6865868647066955e-05,443.1139934583839
1,1002,6,0.21984834185816,4.4711350973703265e-05,443.1139934583839
1,1002,7,0.3917381348897908,4.318779706748034e-05,443.1139934583839
1,1002,8,0.38734105037887595,0.0002894727153352485,443.1139934583839
1,1003,0,2.865581098200249e-06,0.0001885677177994638,443.1139934583839
1,1003,1,5.548053962790905e-06,9.222396405713682e-05,443.1139934583839
1,1003,2,6.0828821006637694e-06,6.63788700036536e-05,443.1139934583839
1,1003,3,1.2117228765541134e-05,5.567506251117753e-05,443.1139934583839
1,1003,4,5.445823053748327e-06,5.014887842209857e-05,443.1139934583839
1,1003,5,8.72945447941744e-06,4.6865868647066955e-05,443.1139934583839
1,1003,6,1.9262655486449254e-05,4.4711350973703265e-05,443.1139934583839
1,1003,7,-1.1007428289840838e-05,4.318779706748034e-05,443.1139934583839
1,1003,8,-1.2299076750108171e-05,0.0002894727153352485,443.1139934583839
1,1004,0,-0.04194409715334009,0.0001885677177994638,443.1139934583839
1,1004,1,-0.060951853800227024,9.222396405713682e-05,443.1139934583839
1,1004,2,0.29189701826394954,6.63788700036536e-05,443.1139934583839
1,1004,3,-0.5579636334268974,5.567506251117753e-05,443.1139934583839
1,1004,4,0.7087394481009639,5.014887842209857e-05,443.1139934583839
1,1004,5,-0.6301308997630161,4.6865868647066955e-05,443.1139934583839
1,1004,6,0.25517701618232796,4.4711350973703265e-05,443.1139934583839
1,1004,7,0.34896726160365443,4.318779706748034e-05,443.1139934583839
1,1004,8,0.36705657397318947,0.0002894727153352485,443.1139934583839
1,1005,0,2.540787347745061e-06,0.0001885677177994638,443.1139934583839
1,1005,1,5.628703211519185e-06,9.222396405713682e-05,443.1139934583839
1,1005,2,4.55582212459856e-06,6.63788700036536e-05,443.1139934583839
1,1005,3,1.125421361454265e-05,5.567506251117753e-05,443.1139934583839
1,1005,4,5.956251252164065e-06,5.014887842209857e-05,443.1139934583839
1,1005,5,1.002333390197763e-05,4.6865868647066955e-05,443.1139934583839
1,1005,6,1.6172819552284686e-05,4.4711350973703265e-05,443.1139934583839
1,1005,7,-9.666103354740878e-06,4.318779706748034e-05,443.1139934583839
1,1005,8,-1.2056413043679825e-05,0.0002894727153352485,443.1139934583839
1,1006,0,-0.041840544824174715,0.0001885677177994638,443.1139934583839
1,1006,1,-0.06036528199158386,9.222396405713682e-05,443.1139934583839
1,1006,2,0.2908579699130954,6.63788700036536e-05,443.1139934583839
1,1006,3,-0.559381468262832,5.567506251117753e-05,443.1139934583839
1,1006,4,0.7176379042659298,5.014887842209857e-05,443.1139934583839
1,1006,5,-0.6517017633816683,4.6865868647066955e-05,443.1139934583839
1,1006,6,0.29066727758905747,4.4711350973703265e-05,443.1139934583839
1,1006,7,0.30518533498635825,4.318779706748034e-05,443.1139934583839
1,1006,8,0.34597556549399944,0.0002894727153352485,443.1139934583839
1,1007,0,3.093617370744877e-06,0.0001885677177994638,443.1139934583839
1,1007,1,6.925376560625067e-06,9.222396405713682e-05,443.1139934583839
1,1007,2,5.83744248592169e-06,6.63788700036536e-05,443.1139934583839
1,1007,3,1.3018716638512489e-05,5.567506251117753e-05,443.1139934583839
1,1007,4,6.167291285468222e-06,5.014887842209857e-05,443.1139934583839
1,1007,5,1.1660476371684458e-05,4.6865868647066955e-05,443.1139934583839
1,1007,6,1.865782341368691e-05,4.4711350973703265e-05,443.1139934583839
1,1007,7,-7.278680037600693e-06,4.318779706748034e-05,443.1139934583839
1,1007,8,-1.1692778289385895e-05,0.0002894727153352485,443.1139934583839
1,1008,0,-0.04173716922824987,0.0001885677177994638,443.1139934583839
1,1008,1,-0.05977139644136155,9.222396405713682e-05,443.1139934583839
1,1008,2,0.2897766497251712,6.63788700036536e-05,443.1139934583839
1,1008,3,-0.5606732173858531,5.567506251117753e-05,443.1139934583839
1,1008,4,0.7263138116239413,5.014887842209857e-05,443.1139934583839
1,1008,5,-0.6730652377510158,4.6865868647066955e-05,443.1139934583839
1,1008,6,0.3262863920957084,4.4711350973703265e-05,443.1139934583839
1,1008,7,0.2604463739045209,4.318779706748034e-05,443.1139934583839
1,1008,8,0.3241233981381346,0.0002894727153352485,443.1139934583839
1,1009,0,2.9024873476024917e-06,0.0001885677177994638,443.1139934583839
1,1009,1,4.95736166109216e-06,9.222396405713682e-05,443.1139934583839
1,1009,2,4.6754633529167535e-06,6.63788700036536e-05,443.1139934583839
1,1009,3,1.1674831475401054e-05,5.567506251117753e-05,443.1139934583839
1,1009,4,4.49682026539668e-06,5.014887842209857e-05,443.1139934583839
1,1009,5,1.0490078223246304e-05,4.6865868647066955e-05,443.1139934583839
1,1009,6,1.542913201002993e-05,4.4711350973703265e-05,443.1139934583839
1,1009,7,-9.713947915676765e-06,4.318779706748034e-05,443.1139934583839
1,1009,8,-1.1698425687613859e-05,0.0002894727153352485,443.1139934583839
1,1010,0,-0.04163263772501028,0.0001885677177994638,443.1139934583839
1,1010,1,-0.059171214584762315,9.222396405713682e-05,443.1139934583839
1,1010,2,0.2886525691498778,6.63788700036536e-05,443.1139934583839
1,1010,3,-0.5618363473747408,5.567506251117753e-05,443.1139934583839
1,1010,4,0.7347570813729093,5.014887842209857e-05,443.1139934583839
1,1010,5,-0.6942054952989452,4.6865868647066955e-05,443.1139934583839
1,1010,6,0.3620012061029053,4.4711350973703265e-05,443.1139934583839
1,1010,7,0.21479612556641878,4.318779706748034e-05,443.1139934583839
1,1010,8,0.3015257094660848,0.0002894727153352485,443.1139934583839
1,1011,0,2.683102377115597e-06,0.0001885677177994638,443.1139934583839
1,1011,1,6.87246376694464e-06,9.222396405713682e-05,443.1139934583839
1,1011,2,6.069974574812211e-06,6.63788700036536e-05,443.1139934583839
1,1011,3,1.2806724949811435e-05,5.567506251117753e-05,443.1139934583839
1,1011,4,7.1478152309198015e-06,5.014887842209857e-05,443.1139934583839
1,1011,5,1.2476309937845866e-05,4.6865868647066955e-05,443.1139934583839
1,1011,6,1.7732704123020587e-05,4.4711350973703265e-05,443.1139934583839
1,1011,7,-5.349442772000369e-06,4.318779706748034e-05,443.1139934583839
1,1011,8,-1.0953702856876536e-05,0.0002894727153352485,443.1139934583839
1,1012,0,-0.04152813356558268,0.0001885677177994638,443.1139934583839
1,1012,1,-0.05856560547679075,9.222396405713682e-05,443.1139934583839
1,1012,2,0.28748510737216537,6.63788700036536e-05,443.1139934583839
1,1012,3,-0.5628708443366424,5.567506251117753e-05,443.1139934583839
1,1012,4,0.7429650824438979,5.014887842209857e-05,443.1139934583839
1,1012,5,-0.7151066156968646,4.6865868647066955e-05,443.1139934583839
1,1012,6,0.3977781345131071,4.4711350973703265e-05,443.1139934583839
1,1012,7,0.16828414917395018,4.318779706748034e-05,443.1139934583839
1,1012,8,0.2782100301915492,0.0002894727153352485,443.1139934583839
1,1013,0,3.172096487516763e-06,0.0001885677177994638,443.1139934583839
1,1013,1,5.458779678156279e-06,9.222396405713682e-05,443.1139934583839
1,1013,2,5.111342999430038e-06,6.63788700036536e-05,443.1139934583839
1,1013,3,1.2289749123825106e-05,5.567506251117753e-05,443.1139934583839
1,1013,4,3.659834525367212e-06,5.014887842209857e-05,443.1139934583839
1,1013,5,1.162048326992549e-05,4.6865868647066955e-05,443.1139934583839
1,1013,6,1.4363604734306362e-05,4.4711350973703265e-05,443.1139934583839
1,1013,7,-6.995197499156805e-06,4.318779706748034e-05,443.1139934583839
1,1013,8,-1.0899360109519447e-05,0.0002894727153352485,443.1139934583839
1,1014,0,-0.041423303612974284,0.0001885677177994638,443.1139934583839
1,1014,1,-0.057953138555272614,9.222396405713682e-05,443.1139934583839
1,1014,2,0.2862756356055437,6.63788700036536e-05,443.1139934583839
1,1014,3,-0.5637750412395024,5.567506251117753e-05,443.1139934583839
1,1014,4,0.7509311539061825,5.014887842209857e-05,443.1139934583839
1,1014,5,-0.7357503213689242,4.6865868647066955e-05,443.1139934583839
1,1014,6,0.43358351231917763,4.4711350973703265e-05,443.1139934583839
1,1014,7,0.1209670320098343,4.318779706748034e-05,443.1139934583839
1,1014,8,0.2542056132813214,0.0002894727153352485,443.1139934583839
1,1015,0,2.7497063306930496e-06,0.0001885677177994638,443.1139934583839
1,1015,1,6.582813258304844e-06,9.222396405713682e-05,443.1139934583839
1,1015,2,5.546523904939291e-06,6.63788700036536e-05,443.1139934583839
1,1015,3,1.327623800720093e-05,5.567506251117753e-05,443.1139934583839
1,1015,4,6.812887021505221e-06,5.014887842209857e-05,443.1139934583839
1,1015,5,1.2540702013903984e-05,4.6865868647066955e-05,443.1139934583839
1,1015,6,1.6320401603970937e-05,4.4711350973703265e-05,443.1139934583839
1,1015,7,-4.984698064598107e-06,4.318779706748034e-05,443.1139934583839
1,1015,8,-1.0342153893831867e-05,0.0002894727153352485,443.1139934583839
1,1016,0,-0.04131824801674234,0.0001885677177994638,443.1139934583839
1,1016,1,-0.05733549249877905,9.222396405713682e-05,443.1139934583839
1,1016,2,0.2850196899624594,6.63788700036536e-05,443.1139934583839
1,1016,3,-0.5645476124046733,5.567506251117753e-05,443.1139934583839
1,1016,4,0.7586461239151339,5.014887842209857e-05,443.1139934583839
1,1016,5,-0.7561253043871068,4.6865868647066955e-05,443.1139934583839
1,1016,6,0.4693794087831341,4.4711350973703265e-05,443.1139934583839
1,1016,7,0.07289523352922263,4.318779706748034e-05,443.1139934583839
1,1016,8,0.22954213992739372,0.0002894727153352485,443.1139934583839
1,1017,0,3.292379035651333e-06,0.0001885677177994638,443.1139934583839
1,1017,1,6.187622149563697e-06,9.222396405713682e-05,443.1139934583839
1,1017,2,7.005333550496801e-06,6.63788700036536e-05,443.1139934583839
1,1017,3,1.2810020119788742e-05,5.567506251117753e-05,443.1139934583839
1,1017,4,5.341172582078745e-06,5.014887842209857e-05,443.1139934583839
1,1017,5,1.4642383436192812e-05,4.6865868647066955e-05,443.1139934583839
1,1017,6,1.4891650332979478e-05,4.4711350973703265e-05,443.1139934583839
1,1017,7,-4.510133962223212e-06,4.318779706748034e-05,443.1139934583839
1,1017,8,-9.987753713787054e-06,0.0002894727153352485,443.1139934583839
1,1018,0,-0.04121316622866552,0.0001885677177994638,443.1139934583839
1,1018,1,-0.05671159361604413,9.222396405713682e-05,443.1139934583839
1,1018,2,0.28372174435233627,6.63788700036536e-05,443.1139934583839
1,1018,3,-0.5651870653525004,5.567506251117753e-05,443.1139934583839
1,1018,4,0.7661086590224336,5.014887842209857e-05,443.1139934583839
1,1018,5,-0.7762125356663061,4.6865868647066955e-05,443.1139934583839
1,1018,6,0.5051355985961362,4.4711350973703265e-05,443.1139934583839
1,1018,7,0.02412222545960668,4.318779706748034e-05,443.1139934583839
1,1018,8,0.20425115242700312,0.0002894727153352485,443.1139934583839
1,1019,0,2.986333328904701e-06,0.0001885677177994638,443.1139934583839
1,1019,1,6.733253448428787e-06,9.222396405713682e-05,443.1139934583839
1,1019,2,4.703697716725278e-06,6.63788700036536e-05,443.1139934583839
1,1019,3,1.3733682220353801e-05,5.567506251117753e-05,443.1139934583839
1,1019,4,5.988803918603668e-06,5.014887842209857e-05,443.1139934583839
1,1019,5,1.4052347399511878e-05,4.6865868647066955e-05,443.1139934583839
1,1019,6,1.4133618807082856e-05,4.4711350973703265e-05,443.1139934583839
1,1019,7,-1.2428877799329145e-06,4.318779706748034e-05,443.1139934583839
1,1019,8,-9.49374404067828e-06,0.0002894727153352485,443.1139934583839
1,1020,0,-0.041107271499192286,0.0001885677177994638,443.1139934583839
1,1020,1,-0.05608143570185137,9.222396405713682e-05,443.1139934583839
1,1020,2,0.28238118648707056,6.63788700036536e-05,443.1139934583839
1,1020,3,-0.5656913916198432,5.567506251117753e-05,443.1139934583839
1,1020,4,0.7733127345619102,5.014887842209857e-05,443.1139934583839
1,1020,5,-0.7959913664930396,4.6865868647066955e-05,443.1139934583839
1,1020,6,0.5408141050875005,4.4711350973703265e-05,443.1139934583839
1,1020,7,-0.025288439848671806,4.318779706748034e-05,443.1139934583839
1,1020,8,0.17836555662216166,0.0002894727153352485,443.1139934583839
1,1021,0,3.071252124682554e-06,0.0001885677177994638,443.1139934583839
1,1021,1,6.381612454531342e-06,9.222396405713682e-05,443.1139934583839
1,1021,2,6.341489999812609e-06,6.63788700036536e-05,443.1139934583839
1,1021,3,1.2904960945617077e-05,5.567506251117753e-05,443.1139934583839
1,1021,4,4.763032697703741e-06,5.014887842209857e-05,443.1139934583839
1,1021,5,1.3671252251611372e-05,4.6865868647066955e-05,443.1139934583839
1,1021,6,1.4298558594990861e-05,4.4711350973703265e-05,443.1139934583839
1,1021,7,-4.46549647260271e-06,4.318779706748034e-05,443.1139934583839
1,1021,8,-9.29744372053333e-06,0.0002894727153352485,443.1139934583839
1,1022,0,-0.04100102813369684,0.0001885677177994638,443.1139934583839
1,1022,1,-0.055443698980985175,9.222396405713682e-05,443.1139934583839
1,1022,2,0.28099345807208875,6.63788700036536e-05,443.1139934583839
1,1022,3,-0.5660606895767694,5.567506251117753e-05,443.1139934583839
1,1022,4,0.7802522478457754,5.014887842209857e-05,443.1139934583839
1,1022,5,-0.8154510355992499,4.6865868647066955e-05,443.1139934583839
1,1022,6,0.5763798032710793,4.4711350973703265e-05,443.1139934583839
1,1022,7,-0.07528005225221714,4.318779706748034e-05,443.1139934583839
1,1022,8,0.1519183830414547,0.0002894727153352485,443.1139934583839
1,1023,0,3.03191371042934e-06,0.0001885677177994638,443.1139934583839
1,1023,1,6.2079893892347984e-06,9.222396405713682e-05,443.1139934583839
1,1023,2,6.5193367305157105e-06,6.63788700036536e-05,443.1139934583839
1,1023,3,1.4662849158151468e-05,5.567506251117753e-05,443.1139934583839
1,1023,4,5.723491748686966e-06,5.014887842209857e-05,443.1139934583839
1,1023,5,1.627902099813208e-05,4.6865868647066955e-05,443.1139934583839
1,1023,6,1.3340260896571106e-05,4.4711350973703265e-05,443.1139934583839
1,1023,7,-1.661754067277214e-07,4.318779706748034e-05,443.1139934583839
1,1023,8,-8.365647168833663e-06,0.0002894727153352485,443.1139934583839
1,1024,0,-0.040894694797896945,0.0001885677177994638,443.1139934583839
1,1024,1,-0.05479963179423137,9.222396405713682e-05,443.1139934583839
1,1024,2,0.27956298136097674,6.63788700036536e-05,443.1139934583839
1,1024,3,-0.5662911900505034,5.567506251117753e-05,443.1139934583839
1,1024,4,0.78692020832602,5.014887842209857e-05,443.1139934583839
1,1024,5,-0.8345732298174335,4.6865868647066955e-05,443.1139934583839
1,1024,6,0.6117983843683097,4.4711350973703265e-05,443.1139934583839
1,1024,7,-0.125799443831408,4.318779706748034e-05,443.1139934583839
1,1024,8,0.12494481733079454,0.0002894727153352485,443.1139934583839
1,1025,0,3.264113269660149e-06,0.0001885677177994638,443.1139934583839
1,1025,1,6.6212719714896245e-06,9.222396405713682e-05,443.1139934583839
1,1025,2,5.443866400669456e-06,6.63788700036536e-05,443.1139934583839
1,1025,3,1.2440074383852377e-05,5.567506251117753e-05,443.1139934583839
1,1025,4,5.369499026456166e-06,5.014887842209857e-05,443.1139934583839
1,1025,5,1.471757840470356e-05,4.6865868647066955e-05,443.1139934583839
1,1025,6,1.2692593795699154e-05,4.4711350973703265e-05,443.1139934583839
1,1025,7,5.099187784902997e-07,4.318779706748034e-05,443.1139934583839
1,1025,8,-8.325176402955205e-06,0.0002894727153352485,443.1139934583839
1,1026,0,-0.04078838149358896,0.0001885677177994638,443.1139934583839
1,1026,1,-0.054150492102190896,9.222396405713682e-05,443.1139934583839
1,1026,2,0.27808792675834665,6.63788700036536e-05,443.1139934583839
1,1026,3,-0.5663828884310949,5.567506251117753e-05,443.1139934583839
1,1026,4,0.7933124279709045,5.014887842209857e-05,443.1139934583839
1,1026,5,-0.8533411891356762,4.6865868647066955e-05,443.1139934583839
1,1026,6,0.647032558487168,4.4711350973703265e-05,443.1139934583839
1,1026,7,-0.17677874402860927,4.318779706748034e-05,443.1139934583839
1,1026,8,0.09748098102825446,0.0002894727153352485,443.1139934583839
1,1027,0,3.2877728401227324e-06,0.0001885677177994638,443.1139934583839
1,1027,1,7.221932846388845e-06,9.222396405713682e-05,443.1139934583839
1,1027,2,6.510981878616829e-06,6.63788700036536e-05,443.1139934583839
1,1027,3,1.494463001959439e-05,5.567506251117753e-05,443.1139934583839
1,1027,4,5.611785845596636e-06,5.014887842209857e-05,443.1139934583839
1,1027,5,1.6976396064559175e-05,4.6865868647066955e-05,443.1139934583839
1,1027,6,1.2528034569104533e-05,4.4711350973703265e-05,443.1139934583839
1,1027,7,9.402578035181648e-07,4.318779706748034e-05,443.1139934583839
1,1027,8,-7.472271435110358e-06,0.0002894727153352485,443.1139934583839
1,1028,0,-0.04068114727799401,0.0001885677177994638,443.1139934583839
1,1028,1,-0.053493698905191116,9.222396405713682e-05,443.1139934583839
1,1028,2,0.2765655502995522,6.63788700036536e-05,443.1139934583839
1,1028,3,-0.5663356525954532,5.567506251117753e-05,443.1139934583839
1,1028,4,0.7994239948444996,5.014887842209857e-05,443.1139934583839
1,1028,5,-0.8717413338561408,4.6865868647066955e-05,443.1139934583839
1,1028,6,0.682045973014952,4.4711350973703265e-05,443.1139934583839
1,1028,7,-0.2281564450760588,4.318779706748034e-05,443.1139934583839
1,1028,8,0.06956334271375023,0.0002894727153352485,443.1139934583839
1,1029,0,2.9750023118940178e-06,0.0001885677177994638,443.1139934583839
1,1029,1,6.194782264768474e-06,9.222396405713682e-05,443.1139934583839
1,1029,2,6.865226320548534e-06,6.63788700036536e-05,443.1139934583839
1,1029,3,1.3411329751563583e-05,5.567506251117753e-05,443.1139934583839
1,1029,4,4.997915508554733e-06,5.014887842209857e-05,443.1139934583839
1,1029,5,1.687645394057514e-05,4.6865868647066955e-05,443.1139934583839
1,1029,6,1.2037848007506324e-05,4.4711350973703265e-05,443.1139934583839
1,1029,7,2.1220147711996873e-06,4.318779706748034e-05,443.1139934583839
1,1029,8,-7.109367920041862e-06,0.0002894727153352485,443.1139934583839
1,1030,0,-0.04057417147489214,0.0001885677177994638,443.1139934583839
1,1030,1,-0.05283063003683824,9.222396405713682e-05,443.1139934583839
1,1030,2,0.27499819012718957,6.63788700036536e-05,443.1139934583839
1,1030,3,-0.5661471828561043,5.567506251117753e-05,443.1139934583839
1,1030,4,0.8052483750602111,5.014887842209857e-05,443.1139934583839
1,1030,5,-0.8897546210933289,4.6865868647066955e-05,443.1139934583839
1,1030,6,0.7168022902435902,4.4711350973703265e-05,443.1139934583839
1,1030,7,-0.27987102339490477,4.318779706748034e-05,443.1139934583839
1,1030,8,0.041230232462303326,0.0002894727153352485,443.1139934583839
1,1031,0,3.6759027866051487e-06,0.0001885677177994638,443.1139934583839
1,1031,1,7.63177208290017e-06,9.222396405713682e-05,443.1139934583839
1,1031,2,6.424236419860352e-06,6.63788700036536e-05,443.1139934583839
1,1031,3,1.5320314000816565e-05,5.567506251117753e-05,443.1139934583839
1,1031,4,5.950341962561272e-06,5.014887842209857e-05,443.1139934583839
1,1031,5,1.7374731782618632e-05,4.6865868647066955e-05,443.1139934583839
1,1031,6,1.194085817480792e-05,4.4711350973703265e-05,443.1139934583839
1,1031,7,3.7152057037957007e-06,4.318779706748034e-05,443.1139934583839
1,1031,8,-6.440743272653763e-06,0.0002894727153352485,443.1139934583839
1,1032,0,-0.040466569177191485,0.0001885677177994638,443.1139934583839
1,1032,1,-0.052159444999856634,9.222396405713682e-05,443.1139934583839
1,1032,2,0.27338672156446236,6.63788700036536e-05,443.1139934583839
1,1032,3,-0.5658153282013203,5.567506251117753e-05,443.1139934583839
1,1032,4,0.8107817311445689,5.014887842209857e-05,443.1139934583839
1,1032,5,-0.9073639357134939,4.6865868647066955e-05,443.1139934583839
1,1032,6,0.7512697023011369,4.4711350973703265e-05,443.1139934583839
1,1032,7,-0.33185682280102663,4.318779706748034e-05,443.1139934583839
1,1032,8,0.012520970149332442,0.0002894727153352485,443.1139934583839
1,1033,0,2.85443534947456e-06,0.0001885677177994638,443.1139934583839
1,1033,1,5.59769053790456e-06,9.222396405713682e-05,443.1139934583839
1,1033,2,6.110479620599623e-06,6.63788700036536e-05,443.1139934583839
1,1033,3,1.3286217205413594e-05,5.567506251117753e-05,443.1139934583839
1,1033,4,4.538924452678837e-06,5.014887842209857e-05,443.1139934583839
1,1033,5,1.657043420783211e-05,4.6865868647066955e-05,443.1139934583839
1,1033,6,8.845127145096915e-06,4.4711350973703265e-05,443.1139934583839
1,1033,7,4.29730571347131e-06,4.318779706748034e-05,443.1139934583839
1,1033,8,-6.288267668966636e-06,0.0002894727153352485,443.1139934583839
1,1034,0,-0.040359410797703124,0.0001885677177994638,443.1139934583839
1,1034,1,-0.05148264220130644,9.222396405713682e-05,443.1139934583839
1,1034,2,0.27172632499292987,6.63788700036536e-05,443.1139934583839
1,1034,3,-0.565341692574505,5.567506251117753e-05,443.1139934583839
1,1034,4,0.8160161485851172,5.014887842209857e-05,443.1139934583839
1,1034,5,-0.9245601256445991,4.6865868647066955e-05,443.1139934583839
1,1034,6,0.7854044974360636,4.4711350973703265e-05,443.1139934583839
1,1034,7,-0.384050904817397,4.318779706748034e-05,443.1139934583839
1,1034,8,-0.016525767991400875,0.0002894727153352485,443.1139934583839
1,1035,0,4.166690569118692e-06,0.0001885677177994638,443.1139934583839
1,1035,1,8.51308778903998e-06,9.222396405713682e-05,443.1139934583839
1,1035,2,8.29058853921596e-06,6.63788700036536e-05,443.1139934583839
1,1035,3,1.682831076265637e-05,5.567506251117753e-05,443.1139934583839
1,1035,4,7.075266174933576e-06,5.014887842209857e-05,443.1139934583839
1,1035,5,2.0887243735238862e-05,4.6865868647066955e-05,443.1139934583839
1,1035,6,1.2956587930661533e-05,4.4711350973703265e-05,443.1139934583839
1,1035,7,7.432082323788309e-06,4.318779706748034e-05,443.1139934583839
1,1035,8,-4.946183694502951e-06,0.0002894727153352485,443.1139934583839
1,1036,0,-0.04025159229592973,0.0001885677177994638,443.1139934583839
1,1036,1,-0.05080057573159784,9.222396405713682e-05,443.1139934583839
1,1036,2,0.2700205152238054,6.63788700036536e-05,443.1139934583839
1,1036,3,-0.5647234052186983,5.567506251117753e-05,443.1139934583839
1,1036,4,0.8209502740733285,5.014887842209857e-05,443.1139934583839
1,1036,5,-0.9413241052166584,4.6865868647066955e-05,443.1139934583839
1,1036,6,0.8191720414389206,4.4711350973703265e-05,443.1139934583839
1,1036,7,-0.43638415644012263,4.318779706748034e-05,443.1139934583839
1,1036,8,-0.04586942885589752,0.0002894727153352485,443.1139934583839
1,1037,0,2.7136592139413375e-06,0.0001885677177994638,443.1139934583839
1,1037,1,6.749008441714715e-06,9.222396405713682e-05,443.1139934583839
1,1037,2,5.8009573260594e-06,6.63788700036536e-05,443.1139934583839
1,1037,3,1.386535004690266e-05,5.567506251117753e-05,443.1139934583839
1,1037,4,3.525927383233492e-06,5.014887842209857e-05,443.1139934583839
1,1037,5,1.8123224975474667e-05,4.6865868647066955e-05,443.1139934583839
1,1037,6,8.848942355443554e-06,4.4711350973703265e-05,443.1139934583839
1,1037,7,6.54063921716587e-06,4.318779706748034e-05,443.1139934583839
1,1037,8,-4.710745244069332e-06,0.0002894727153352485,443.1139934583839
1,1038,0,-0.04014304214975599,0.0001885677177994638,443.1139934583839
1,1038,1,-0.05010872990298616,9.222396405713682e-05,443.1139934583839
1,1038,2,0.2682688002574852,6.63788700036536e-05,443.1139934583839
1,1038,3,-0.5639567025665112,5.567506251117753e-05,443.1139934583839
1,1038,4,0.8255771334451326,5.014887842209857e-05,443.1139934583839
1,1038,5,-0.9576368254039253,4.6865868647066955e-05,443.1139934583839
1,1038,6,0.8525405261895697,4.4711350973703265e-05,443.1139934583839
1,1038,7,-0.4887886015017269,4.318779706748034e-05,443.1139934583839
1,1038,8,-0.07546718387259468,0.0002894727153352485,443.1139934583839
1,1039,0,3.974166531219396e-06,0.0001885677177994638,443.1139934583839
1,1039,1,7.095861609416058e-06,9.222396405713682e-05,443.1139934583839
1,1039,2,8.091303085026453e-06,6.63788700036536e-05,443.1139934583839
1,1039,3,1.591325406950038e-05,5.567506251117753e-05,443.1139934583839
1,1039,4,7.177972394555823e-06,5.014887842209857e-05,443.1139934583839
1,1039,5,2.0380283636862117e-05,4.6865868647066955e-05,443.1139934583839
1,1039,6,1.026630861014741e-05,4.4711350973703265e-05,443.1139934583839
1,1039,7,9.324228681140584e-06,4.318779706748034e-05,443.1139934583839
1,1039,8,-4.149915342918784e-06,0.0002894727153352485,443.1139934583839
1,1040,0,-0.040034827888096466,0.0001885677177994638,443.1139934583839
1,1040,1,-0.049410452735943994,9.222396405713682e-05,443.1139934583839
1,1040,2,0.2664696199448195,6.63788700036536e-05,443.1139934583839
1,1040,3,-0.5630416938750518,5.567506251117753e-05,443.1139934583839
1,1040,4,0.8298910482231712,5.014887842209857e-05,443.1139934583839
1,1040,5,-0.9734849582936871,4.6865868647066955e-05,443.1139934583839
1,1040,6,0.8854701024241266,4.4711350973703265e-05,443.1139934583839
1,1040,7,-0.5411951292942211,4.318779706748034e-05,443.1139934583839
1,1040,8,-0.1052773762520011,0.0002894727153352485,443.1139934583839
1,1041,0,3.1430947648306247e-06,0.0001885677177994638,443.1139934583839
1,1041,1,7.316350117494847e-06,9.222396405713682e-05,443.1139934583839
1,1041,2,6.357255897951554e-06,6.63788700036536e-05,443.1139934583839
1,1041,3,1.3710038670591947e-05,5.567506251117753e-05,443.1139934583839
1,1041,4,4.0848483447994105e-06,5.014887842209857e-05,443.1139934583839
1,1041,5,1.8803248786225453e-05,4.6865868647066955e-05,443.1139934583839
1,1041,6,8.157432918258823e-06,4.4711350973703265e-05,443.1139934583839
1,1041,7,7.892456565579605e-06,4.318779706748034e-05,443.1139934583839
1,1041,8,-3.5921981098902913e-06,0.0002894727153352485,443.1139934583839
1,1042,0,-0.03992601932074535,0.0001885677177994638,443.1139934583839
1,1042,1,-0.04870572227405208,9.222396405713682e-05,443.1139934583839
1,1042,2,0.26462440691004485,6.63788700036536e-05,443.1139934583839
1,1042,3,-0.561980556519391,5.567506251117753e-05,443.1139934583839
1,1042,4,0.8338871724071135,5.014887842209857e-05,443.1139934583839
1,1042,5,-0.9888569434003803,4.6865868647066955e-05,443.1139934583839
1,1042,6,0.9179247543338319,4.4711350973703265e-05,443.1139934583839
1,1042,7,-0.5935392503965526,4.318779706748034e-05,443.1139934583839
1,1042,8,-0.1352579385089586,0.0002894727153352485,443.1139934583839
1,1043,0,3.85969272496675e-06,0.0001885677177994638,443.1139934583839
1,1043,1,7.702017364844151e-06,9.222396405713682e-05,443.1139934583839
1,1043,2,7.651674485945633e-06,6.63788700036536e-05,443.1139934583839
1,1043,3,1.7674414114473938e-05,5.567506251117753e-05,443.1139934583839
1,1043,4,7.719755285626583e-06,5.014887842209857e-05,443.1139934583839
1,1043,5,2.3152598330977396e-05,4.6865868647066955e-05,443.1139934583839
1,1043,6,9.376600413905991e-06,4.4711350973703265e-05,443.1139934583839
1,1043,7,1.3176072768608887e-05,4.318779706748034e-05,443.1139934583839
1,1043,8,-2.552955496792909e-06,0.0002894727153352485,443.1139934583839
1,1044,0,-0.039817561067427766,0.0001885677177994638,443.1139934583839
1,1044,1,-0.04799321724787406,9.222396405713682e-05,443.1139934583839
1,1044,2,0.2627295878407349,6.63788700036536e-05,443.1139934583839
1,1044,3,-0.5607714351437988,5.567506251117753e-05,443.1139934583839
1,1044,4,0.8375623285069299,5.014887842209857e-05,443.1139934583839
1,1044,5,-1.0037346661155666,4.6865868647066955e-05,443.1139934583839
1,1044,6,0.9498689539795858,4.4711350973703265e-05,443.1139934583839
1,1044,7,-0.6457513640715028,4.318779706748034e-05,443.1139934583839
1,1044,8,-0.1653650582321953,0.0002894727153352485,443.1139934583839
1,1045,0,3.5764649471665275e-06,0.0001885677177994638,443.1139934583839
1,1045,1,7.212685678592585e-06,9.222396405713682e-05,443.1139934583839
1,1045,2,7.830277359135736e-06,6.63788700036536e-05,443.1139934583839
1,1045,3,1.508440617737809e-05,5.567506251117753e-05,443.1139934583839
1,1045,4,3.735347773506407e-06,5.014887842209857e-05,443.1139934583839
1,1045,5,1.9820728414357948e-05,4.6865868647066955e-05,443.1139934583839
1,1045,6,6.865468812060108e-06,4.4711350973703265e-05,443.1139934583839
1,1045,7,1.1683299307188092e-05,4.318779706748034e-05,443.1139934583839
1,1045,8,-2.1606533288758575e-06,0.0002894727153352485,443.1139934583839
1,1046,0,-0.039708354112858064,0.0001885677177994638,443.1139934583839
1,1046,1,-0.047272874137828394,9.222396405713682e-05,443.1139934583839
1,1046,2,0.2607872308014663,6.63788700036536e-05,443.1139934583839
1,1046,3,-0.5594084513566789,5.567506251117753e-05,443.1139934583839
1,1046,4,0.8409118511319013,5.014887842209857e-05,443.1139934583839
1,1046,5,-1.0181007710328915,4.6865868647066955e-05,443.1139934583839
1,1046,6,0.981265530374528,4.4711350973703265e-05,443.1139934583839
1,1046,7,-0.6977579265514051,4.318779706748034e-05,443.1139934583839
1,1046,8,-0.19555421808179918,0.0002894727153352485,443.1139934583839
1,1047,0,3.654925640283926e-06,0.0001885677177994638,443.1139934583839
1,1047,1,7.610082228650658e-06,9.222396405713682e-05,443.1139934583839
1,1047,2,7.774072112725683e-06,6.63788700036536e-05,443.1139934583839
1,1047,3,1.628734484671325e-05,5.567506251117753e-05,443.1139934583839
1,1047,4,7.342256329218133e-06,5.014887842209857e-05,443.1139934583839
1,1047,5,2.2702225506893585e-05,4.6865868647066955e-05,443.1139934583839
1,1047,6,8.685848170354474e-06,4.4711350973703265e-05,443.1139934583839
1,1047,7,1.4889938689675239e-05,4.318779706748034e-05,443.1139934583839
1,1047,8,-1.3703520049798263e-06,0.0002894727153352485,443.1139934583839
1,1048,0,-0.03959900820284597,0.0001885677177994638,443.1139934583839
1,1048,1,-0.04654656015282773,9.222396405713682e-05,443.1139934583839
1,1048,2,0.25879647650483817,6.63788700036536e-05,443.1139934583839
1,1048,3,-0.5578943621417495,5.567506251117753e-05,443.1139934583839
1,1048,4,0.8439289929353396,5.014887842209857e-05,443.1139934583839
1,1048,5,-1.0319461320997627,4.6865868647066955e-05,443.1139934583839
1,1048,6,1.0120771836327023,4.4711350973703265e-05,443.1139934583839
1,1048,7,-0.7494916547364441,4.318779706748034e-05,443.1139934583839
1,1048,8,-0.22578134436770037,0.0002894727153352485,443.1139934583839
1,1049,0,3.722341294256767e-06,0.0001885677177994638,443.1139934583839
1,1049,1,8.253106389982247e-06,9.222396405713682e-05,443.1139934583839
1,1049,2,8.290980339287823e-06,6.63788700036536e-05,443.1139934583839
1,1049,3,1.5931989455067163e-05,5.567506251117753e-05,443.1139934583839
1,1049,4,4.629698872596977e-06,5.014887842209857e-05,443.1139934583839
1,1049,5,2.2579990821956483e-05,4.6865868647066955e-05,443.1139934583839
1,1049,6,6.9745168227264435e-06,4.4711350973703265e-05,443.1139934583839
1,1049,7,1.5215092007239256e-05,4.318779706748034e-05,443.1139934583839
1,1049,8,-6.751424786345972e-07,0.0002894727153352485,443.1139934583839
1,1050,0,-0.03948988899967723,0.0001885677177994638,443.1139934583839
1,1050,1,-0.04581137417839554,9.222396405713682e-05,443.1139934583839
1,1050,2,0.25675937495559775,6.63788700036536e-05,443.1139934583839
1,1050,3,-0.5562264157298015,5.567506251117753e-05,443.1139934583839
1,1050,4,0.8466122458334697,5.014887842209857e-05,443.1139934583839
1,1050,5,-1.0452518004621298,4.6865868647066955e-05,443.1139934583839
1,1050,6,1.0422723014797681,4.4711350973703265e-05,443.1139934583839
1,1050,7,-0.8008774965215322,4.318779706748034e-05,443.1139934583839
1,1050,8,-0.2560009426251653,0.0002894727153352485,443.1139934583839
1,1051,0,4.010413115074323e-06,0.0001885677177994638,443.1139934583839
1,1051,1,7.031999111807279e-06,9.222396405713682e-05,443.1139934583839
1,1051,2,6.897253687008475e-06,6.63788700036536e-05,443.1139934583839
1,1051,3,1.6166776941724007e-05,5.567506251117753e-05,443.1139934583839
1,1051,4,6.498131447628311e-06,5.014887842209857e-05,443.1139934583839
1,1051,5,2.286396318523675e-05,4.6865868647066955e-05,443.1139934583839
1,1051,6,6.407367914856426e-06,4.4711350973703265e-05,443.1139934583839
1,1051,7,1.5938603028830625e-05,4.318779706748034e-05,443.1139934583839
1,1051,8,-1.4423674893423487e-07,0.0002894727153352485,443.1139934583839
1,1052,0,-0.039379682571339995,0.0001885677177994638,443.1139934583839
1,1052,1,-0.045069439321628386,9.222396405713682e-05,443.1139934583839
1,1052,2,0.25467372043615144,6.63788700036536e-05,443.1139934583839
1,1052,3,-0.5544056924522786,5.567506251117753e-05,443.1139934583839
1,1052,4,0.8489549829428107,5.014887842209857e-05,443.1139934583839
1,1052,5,-1.0580045212819624,4.6865868647066955e-05,443.1139934583839
1,1052,6,1.0718121270704672,4.4711350973703265e-05,443.1139934583839
1,1052,7,-0.8518478055933023,4.318779706748034e-05,443.1139934583839
1,1052,8,-0.2861682567342595,0.0002894727153352485,443.1139934583839
1,1053,0,3.3191387388337195e-06,0.0001885677177994638,443.1139934583839
1,1053,1,8.946411218835788e-06,9.222396405713682e-05,443.1139934583839
1,1053,2,8.522290725432158e-06,6.63788700036536e-05,443.1139934583839
1,1053,3,1.704650473199722e-05,5.567506251117753e-05,443.1139934583839
1,1053,4,5.085138843669139e-06,5.014887842209857e-05,443.1139934583839
1,1053,5,2.3310131081025827e-05,4.6865868647066955e-05,443.1139934583839
1,1053,6,6.5788261234500816e-06,4.4711350973703265e-05,443.1139934583839
1,1053,7,1.820987104208699e-05,4.318779706748034e-05,443.1139934583839
1,1053,8,9.40045455263602e-07,0.0002894727153352485,443.1139934583839
1,1054,0,-0.039269914288840635,0.0001885677177994638,443.1139934583839
1,1054,1,-0.04432040025111417,9.222396405713682e-05,443.1139934583839
1,1054,2,0.25253542727294287,6.63788700036536e-05,443.1139934583839
1,1054,3,-0.5524322323183555,5.567506251117753e-05,443.1139934583839
1,1054,4,0.8509519905704651,5.014887842209857e-05,443.1139934583839
1,1054,5,-1.070194673463741,4.6865868647066955e-05,443.1139934583839
1,1054,6,1.100661531040576,4.4711350973703265e-05,443.1139934583839
1,1054,7,-0.9023338273909411,4.318779706748034e-05,443.1139934583839
1,1054,8,-0.316237090063609,0.0002894727153352485,443.1139934583839
1,1055,0,4.48167058319064e-06,0.0001885677177994638,443.1139934583839
1,1055,1,7.585826542873964e-06,9.222396405713682e-05,443.1139934583839
1,1055,2,9.341111175691495e-06,6.63788700036536e-05,443.1139934583839
1,1055,3,1.790649447996758e-05,5.567506251117753e-05,443.1139934583839
1,1055,4,7.4730290580957245e-06,5.014887842209857e-05,443.1139934583839
1,1055,5,2.6131223759638664e-05,4.6865868647066955e-05,443.1139934583839
1,1055,6,5.963585996324674e-06,4.4711350973703265e-05,443.1139934583839
1,1055,7,2.0349039388787528e-05,4.318779706748034e-05,443.1139934583839
1,1055,8,1.219022628714757e-06,0.0002894727153352485,443.1139934583839
1,1056,0,-0.03916012527663703,0.0001885677177994638,443.1139934583839
1,1056,1,-0.043561793996006536,9.222396405713682e-05,443.1139934583839
1,1056,2,0.2503501806954038,6.63788700036536e-05,443.1139934583839
1,1056,3,-0.5502993754974967,5.567506251117753e-05,443.1139934583839
1,1056,4,0.8526002073069744,5.014887842209857e-05,443.1139934583839
1,1056,5,-1.081802245207973,4.6865868647066955e-05,443.1139934583839
1,1056,6,1.128787175595928,4.4711350973703265e-05,443.1139934583839
1,1056,7,-0.9522600830739762,4.318779706748034e-05,443.1139934583839
1,1056,8,-0.34616144106191726,0.0002894727153352485,443.1139934583839
1,1057,0,3.530843326322743e-06,0.0001885677177994638,443.1139934583839
1,1057,1,8.124186079072844e-06,9.222396405713682e-05,443.1139934583839
1,1057,2,7.532935906303631e-06,6.63788700036536e-05,443.1139934583839
1,1057,3,1.5529928656867872e-05,5.567506251117753e-05,443.1139934583839
1,1057,4,5.417849734545149e-06,5.014887842209857e-05,443.1139934583839
1,1057,5,2.299389334929891e-05,4.6865868647066955e-05,443.1139934583839
1,1057,6,5.226780407702206e-06,4.4711350973703265e-05,443.1139934583839
1,1057,7,2.0200686149982616e-05,4.318779706748034e-05,443.1139934583839
1,1057,8,2.309774807431565e-06,0.0002894727153352485,443.1139934583839
1,1058,0,-0.039049632728891566,0.0001885677177994638,443.1139934583839
1,1058,1,-0.04279647129552049,9.222396405713682e-05,443.1139934583839
1,1058,2,0.24811654822998447,6.63788700036536e-05,443.1139934583839
1,1058,3,-0.5480094725490262,5.567506251117753e-05,443.1139934583839
1,1058,4,0.8538974549158533,5.014887842209857e-05,443.1139934583839
1,1058,5,-1.0928149108919343,4.6865868647066955e-05,443.1139934583839
1,1058,6,1.1561545018398096,4.4711350973703265e-05,443.1139934583839
1,1058,7,-1.001556589884894,4.318779706748034e-05,443.1139934583839
1,1058,8,-0.3758959784619735,0.0002894727153352485,443.1139934583839
1,1059,0,4.291252804959895e-06,0.0001885677177994638,443.1139934583839
1,1059,1,8.467813228003263e-06,9.222396405713682e-05,443.1139934583839
1,1059,2,9.011760893484916e-06,6.63788700036536e-05,443.1139934583839
1,1059,3,1.8301744936929762e-05,5.567506251117753e-05,443.1139934583839
1,1059,4,6.684736400779967e-06,5.014887842209857e-05,443.1139934583839
1,1059,5,2.648895236874441e-05,4.6865868647066955e-05,443.1139934583839
1,1059,6,4.607120471763321e-06,4.4711350973703265e-05,443.1139934583839
1,1059,7,2.307440760426594e-05,4.318779706748034e-05,443.1139934583839
1,1059,8,3.1010294425867388e-06,0.0002894727153352485,443.1139934583839
1,1060,0,-0.0389393928815673,0.0001885677177994638,443.1139934583839
1,1060,1,-0.042023204804065975,9.222396405713682e-05,443.1139934583839
1,1060,2,0.2458319655460521,6.63788700036536e-05,443.1139934583839
1,1060,3,-0.5455632159726875,5.567506251117753e-05,443.1139934583839
1,1060,4,0.8548384643736591,5.014887842209857e-05,443.1139934583839
1,1060,5,-1.103223081056449,4.6865868647066955e-05,443.1139934583839
1,1060,6,1.1827278435806523,4.4711350973703265e-05,443.1139934583839
1,1060,7,-1.0501522106679961,4.318779706748034e-05,443.1139934583839
1,1060,8,-0.40539277433425597,0.0002894727153352485,443.1139934583839
1,1061,0,3.895408000386825e-06,0.0001885677177994638,443.1139934583839
1,1061,1,8.355463625815464e-06,9.222396405713682e-05,443.1139934583839
1,1061,2,8.538123662910351e-06,6.63788700036536e-05,443.1139934583839
1,1061,3,1.689844269594015e-05,5.567506251117753e-05,443.1139934583839
1,1061,4,5.373951356479585e-06,5.014887842209857e-05,443.1139934583839
1,1061,5,2.549824934818172e-05,4.6865868647066955e-05,443.1139934583839
1,1061,6,4.7258752930865515e-06,4.4711350973703265e-05,443.1139934583839
1,1061,7,2.295547258523745e-05,4.318779706748034e-05,443.1139934583839
1,1061,8,3.27938661583422e-06,0.0002894727153352485,443.1139934583839
1,1062,0,-0.03882867618683282,0.0001885677177994638,443.1139934583839
1,1062,1,-0.041242026511864434,9.222396405713682e-05,443.1139934583839
1,1062,2,0.24349549634294632,6.63788700036536e-05,443.1139934583839
1,1062,3,-0.5429581628881338,5.567506251117753e-05,443.1139934583839
1,1062,4,0.8554155549900221,5.014887842209857e-05,443.1139934583839
1,1062,5,-1.1130077039133304,4.6865868647066955e-05,443.1139934583839
1,1062,6,1.2084721558967866,4.4711350973703265e-05,443.1139934583839
1,1062,7,-1.0979761033542792,4.318779706748034e-05,443.1139934583839
1,1062,8,-0.4346066314420727,0.0002894727153352485,443.1139934583839
1,1063,0,4.230187662265998e-06,0.0001885677177994638,443.1139934583839
1,1063,1,8.77319221297885e-06,9.222396405713682e-05,443.1139934583839
1,1063,2,1.0399681379720989e-05,6.63788700036536e-05,443.1139934583839
1,1063,3,1.8792826398777103e-05,5.567506251117753e-05,443.1139934583839
1,1063,4,8.823020914376142e-06,5.014887842209857e-05,443.1139934583839
1,1063,5,2.5493662709494884e-05,4.6865868647066955e-05,443.1139934583839
1,1063,6,4.8481661499154355e-06,4.4711350973703265e-05,443.1139934583839
1,1063,7,2.589910288702282e-05,4.318779706748034e-05,443.1139934583839
1,1063,8,4.769386442816466e-06,0.0002894727153352485,443.1139934583839
1,1064,0,-0.03871865271287918,0.0001885677177994638,443.1139934583839
1,1064,1,-0.04045290560621293,9.222396405713682e-05,443.1139934583839
1,1064,2,0.24110964549816774,6.63788700036536e-05,443.1139934583839
1,1064,3,-0.5401941278790431,5.567506251117753e-05,443.1139934583839
1,1064,4,0.8556288111014394,5.014887842209857e-05,443.1139934583839
1,1064,5,-1.122165393852771,4.6865868647066955e-05,443.1139934583839
1,1064,6,1.2333556359408764,4.4711350973703265e-05,443.1139934583839
1,1064,7,-1.1449584098191534,4.318779706748034e-05,443.1139934583839
1,1064,8,-0.46349148426507447,0.0002894727153352485,443.1139934583839
1,1065,0,4.510103295227754e-06,0.0001885677177994638,443.1139934583839
1,1065,1,8.702725432723734e-06,9.222396405713682e-05,443.1139934583839
1,1065,2,8.337288895951051e-06,6.63788700036536e-05,443.1139934583839
1,1065,3,1.7822432891534383e-05,5.567506251117753e-05,443.1139934583839
1,1065,4,5.304432225198974e-06,5.014887842209857e-05,443.1139934583839
1,1065,5,2.9893274641120423e-05,4.6865868647066955e-05,443.1139934583839
1,1065,6,4.097909585754499e-06,4.4711350973703265e-05,443.1139934583839
1,1065,7,2.627316674417277e-05,4.318779706748034e-05,443.1139934583839
1,1065,8,5.15390826337934e-06,0.0002894727153352485,443.1139934583839
1,1066,0,-0.03860695497875791,0.0001885677177994638,443.1139934583839
1,1066,1,-0.03965332205391512,9.222396405713682e-05,443.1139934583839
1,1066,2,0.23867704689423677,6.63788700036536e-05,443.1139934583839
1,1066,3,-0.537264447628518,5.567506251117753e-05,443.1139934583839
1,1066,4,0.8554800617967669,5.014887842209857e-05,443.1139934583839
1,1066,5,-1.1306716089109161,4.6865868647066955e-05,443.1139934583839
1,1066,6,1.2573509112158625,4.4711350973703265e-05,443.1139934583839
1,1066,7,-1.1910258076403293,4.318779706748034e-05,443.1139934583839
1,1066,8,-0.49199906150402073,0.0002894727153352485,443.1139934583839
1,1067,0,3.47789530867168e-06,0.0001885677177994638,443.1139934583839
1,1067,1,7.722765837540484e-06,9.222396405713682e-05,443.1139934583839
1,1067,2,8.510804603990225e-06,6.63788700036536e-05,443.1139934583839
1,1067,3,1.6376806657648e-05,5.567506251117753e-05,443.1139934583839
1,1067,4,5.558060912292212e-06,5.014887842209857e-05,443.1139934583839
1,1067,5,2.2925819159383888e-05,4.6865868647066955e-05,443.1139934583839
1,1067,6,1.068479343647863e-06,4.4711350973703265e-05,443.1139934583839
1,1067,7,2.747464519580995e-05,4.318779706748034e-05,443.1139934583839
1,1067,8,5.531320602724602e-06,0.0002894727153352485,443.1139934583839
1,1068,0,-0.03849588511715077,0.0001885677177994638,443.1139934583839
1,1068,1,-0.0388481904389455,9.222396405713682e-05,443.1139934583839
1,1068,2,0.23618734473308675,6.63788700036536e-05,443.1139934583839
1,1068,3,-0.5341794660954856,5.567506251117753e-05,443.1139934583839
1,1068,4,0.8549519052917828,5.014887842209857e-05,443.1139934583839
1,1068,5,-1.1385242775518867,4.6865868647066955e-05,443.1139934583839
1,1068,6,1.2804141936714215,4.4711350973703265e-05,443.1139934583839
1,1068,7,-1.2361136319605108,4.318779706748034e-05,443.1139934583839
1,1068,8,-0.5200856393630541,0.0002894727153352485,443.1139934583839
1,1069,0,5.078338810369261e-06,0.0001885677177994638,443.1139934583839
1,1069,1,1.0541695037070216e-05,9.222396405713682e-05,443.1139934583839
1,1069,2,1.2274671843689271e-05,6.63788700036536e-05,443.1139934583839
1,1069,3,2.1867761376883353e-05,5.567506251117753e-05,443.1139934583839
1,1069,4,1.0036588277127371e-05,5.014887842209857e-05,443.1139934583839
1,1069,5,3.308923688331285e-05,4.6865868647066955e-05,443.1139934583839
1,1069,6,6.930362260478079e-06,4.4711350973703265e-05,443.1139934583839
1,1069,7,3.083766879902153e-05,4.318779706748034e-05,443.1139934583839
1,1069,8,7.351824017529592e-06,0.0002894727153352485,443.1139934583839
1,1070,0,-0.03838501382326223,0.0001885677177994638,443.1139934583839
1,1070,1,-0.038034355224900986,9.222396405713682e-05,443.1139934583839
1,1070,2,0.2336489867136293,6.63788700036536e-05,443.1139934583839
1,1070,3,-0.5309313109740629,5.567506251117753e-05,443.1139934583839
1,1070,4,0.8540494680110869,5.014887842209857e-05,443.1139934583839
1,1070,5,-1.1457106723186818,4.6865868647066955e-05,443.1139934583839
1,1070,6,1.3025196918352868,4.4711350973703265e-05,443.1139934583839
1,1070,7,-1.2801483704886054,4.318779706748034e-05,443.1139934583839
1,1070,8,-0.5477038184004521,0.0002894727153352485,443.1139934583839
1,1071,0,3.806740249558262e-06,0.0001885677177994638,443.1139934583839
1,1071,1,7.817293485153885e-06,9.222396405713682e-05,443.1139934583839
1,1071,2,7.442238973103365e-06,6.63788700036536e-05,443.1139934583839
1,1071,3,1.639692060966236e-05,5.567506251117753e-05,443.1139934583839
1,1071,4,5.375349800016838e-06,5.014887842209857e-05,443.1139934583839
1,1071,5,2.566592234955238e-05,4.6865868647066955e-05,443.1139934583839
1,1071,6,5.017906387905447e-07,4.4711350973703265e-05,443.1139934583839
1,1071,7,2.960738912654641e-05,4.318779706748034e-05,443.1139934583839
1,1071,8,6.93663922125205e-06,0.0002894727153352485,443.1139934583839
1,1072,0,-0.038273569578407704,0.0001885677177994638,443.1139934583839
1,1072,1,-0.0372102134389545,9.222396405713682e-05,443.1139934583839
1,1072,2,0.23106081381612462,6.63788700036536e-05,443.1139934583839
1,1072,3,-0.527514913773521,5.567506251117753e-05,443.1139934583839
1,1072,4,0.852772368914371,5.014887842209857e-05,443.1139934583839
1,1072,5,-1.152211614532767,4.6865868647066955e-05,443.1139934583839
1,1072,6,1.3236401157450857,4.4711350973703265e-05,443.1139934583839
1,1072,7,-1.323062851646777,4.318779706748034e-05,443.1139934583839
1,1072,8,-0.574807601152378,0.0002894727153352485,443.1139934583839
1,1073,0,4.9515087866625986e-06,0.0001885677177994638,443.1139934583839
1,1073,1,9.752694244200469e-06,9.222396405713682e-05,443.1139934583839
1,1073,2,1.1690716020800248e-05,6.63788700036536e-05,443.1139934583839
1,1073,3,1.9394582751309178e-05,5.567506251117753e-05,443.1139934583839
1,1073,4,8.127257063307217e-06,5.014887842209857e-05,443.1139934583839
1,1073,5,3.134930860068567e-05,4.6865868647066955e-05,443.1139934583839
1,1073,6,4.090534145570972e-06,4.4711350973703265e-05,443.1139934583839
1,1073,7,3.3788230274847736e-05,4.318779706748034e-05,443.1139934583839
1,1073,8,8.60451257125035e-06,0.0002894727153352485,443.1139934583839
1,1074,0,-0.03816213581301233,0.0001885677177994638,443.1139934583839
1,1074,1,-0.03637929296815575,9.222396405713682e-05,443.1139934583839
1,1074,2,0.22841930068335214,6.63788700036536e-05,443.1139934583839
1,1074,3,-0.5239363013099124,5.567506251117753e-05,443.1139934583839
1,1074,4,0.8511115914972361,5.014887842209857e-05,443.1139934583839
1,1074,5,-1.1580217426868205,4.6865868647066955e-05,443.1139934583839
1,1074,6,1.343738145000466,4.4711350973703265e-05,443.1139934583839
1,1074,7,-1.3647894876031386,4.318779706748034e-05,443.1139934583839
1,1074,8,-0.6013521455331134,0.0002894727153352485,443.1139934583839
1,1075,0,4.022364311441499e-06,0.0001885677177994638,443.1139934583839
1,1075,1,9.138285880527819e-06,9.222396405713682e-05,443.1139934583839
1,1075,2,8.769175687651188e-06,6.63788700036536e-05,443.1139934583839
1,1075,3,1.7876866925683482e-05,5.567506251117753e-05,443.1139934583839
1,1075,4,6.843063552860278e-06,5.014887842209857e-05,443.1139934583839
1,1075,5,2.7318772088301745e-05,4.6865868647066955e-05,443.1139934583839
1,1075,6,1.60651268475763e-06,4.4711350973703265e-05,443.1139934583839
1,1075,7,3.273555452487817e-05,4.318779706748034e-05,443.1139934583839
1,1075,8,8.523351241956823e-06,0.0002894727153352485,443.1139934583839
1,1076,0,-0.038050254714109805,0.0001885677177994638,443.1139934583839
1,1076,1,-0.035538306230796735,9.222396405713682e-05,443.1139934583839
1,1076,2,0.225726737048708,6.63788700036536e-05,443.1139934583839
1,1076,3,-0.5201955050893944,5.567506251117753e-05,443.1139934583839
1,1076,4,0.8490659322771589,5.014887842209857e-05,443.1139934583839
1,1076,5,-1.1631266675672478,4.6865868647066955e-05,443.1139934583839
1,1076,6,1.3627908904891766,4.4711350973703265e-05,443.1139934583839
1,1076,7,-1.405257574064126,4.318779706748034e-05,443.1139934583839
1,1076,8,-0.6272918870590909,0.0002894727153352485,443.1139934583839
1,1077,0,4.894679905013228e-06,0.0001885677177994638,443.1139934583839
1,1077,1,9.232698209534843e-06,9.222396405713682e-05,443.1139934583839
1,1077,2,1.152426084570615e-05,6.63788700036536e-05,443.1139934583839
1,1077,3,2.132089614151311e-05,5.567506251117753e-05,443.1139934583839
1,1077,4,8.505390260802101e-06,5.014887842209857e-05,443.1139934583839
1,1077,5,3.092231103339822e-05,4.6865868647066955e-05,443.1139934583839
1,1077,6,1.1481946451795966e-06,4.4711350973703265e-05,443.1139934583839
1,1077,7,3.477048225053836e-05,4.318779706748034e-05,443.1139934583839
1,1077,8,9.863368287104584e-06,0.0002894727153352485,443.1139934583839
1,1078,0,-0.037939337436990704,0.0001885677177994638,443.1139934583839
1,1078,1,-0.03469020579229721,9.222396405713682e-05,443.1139934583839
1,1078,2,0.22297897204997336,6.63788700036536e-05,443.1139934583839
1,1078,3,-0.5162915491953362,5.567506251117753e-05,443.1139934583839
1,1078,4,0.8466301246721973,5.014887842209857e-05,443.1139934583839
1,1078,5,-1.1675241270748966,4.6865868647066955e-05,443.1139934583839
1,1078,6,1.3807585944159444,4.4711350973703265e-05,443.1139934583839
1,1078,7,-1.4444072820787555,4.318779706748034e-05,443.1139934583839
1,1078,8,-0.6525834642303806,0.0002894727153352485,443.1139934583839
1,1079,0,4.784151111526328e-06,0.0001885677177994638,443.1139934583839
1,1079,1,1.038547663133385e-05,9.222396405713682e-05,443.1139934583839
1,1079,2,1.0866009898909758e-05,6.63788700036536e-05,443.1139934583839
1,1079,3,1.968546199409897e-05,5.567506251117753e-05,443.1139934583839
1,1079,4,8.569101689480782e-06,5.014887842209857e-05,443.1139934583839
1,1079,5,3.166249607408377e-05,4.6865868647066955e-05,443.1139934583839
1,1079,6,4.7697479411848145e-06,4.4711350973703265e-05,443.1139934583839
1,1079,7,3.73274481772604e-05,4.318779706748034e-05,443.1139934583839
1,1079,8,1.0463206336959591e-05,0.0002894727153352485,443.1139934583839
1,1080,0,-0.037827229910559194,0.0001885677177994638,443.1139934583839
1,1080,1,-0.03383134579655902,9.222396405713682e-05,443.1139934583839
1,1080,2,0.22018178306609532,6.63788700036536e-05,443.1139934583839
1,1080,3,-0.5122147067725871,5.567506251117753e-05,443.1139934583839
1,1080,4,0.8438065564603395,5.014887842209857e-05,443.1139934583839
1,1080,5,-1.1711934366579282,4.6865868647066955e-05,443.1139934583839
1,1080,6,1.397623005706061,4.4711350973703265e-05,443.1139934583839
1,1080,7,-1.482168718727307,4.318779706748034e-05,443.1139934583839
1,1080,8,-0.6771813892088461,0.0002894727153352485,443.1139934583839
1,1081,0,4.4101560959608244e-06,0.0001885677177994638,443.1139934583839
1,1081,1,8.445335900534585e-06,9.222396405713682e-05,443.1139934583839
1,1081,2,1.0129990437899998e-05,6.63788700036536e-05,443.1139934583839
1,1081,3,1.7909812914581987e-05,5.567506251117753e-05,443.1139934583839
1,1081,4,7.222797592947226e-06,5.014887842209857e-05,443.1139934583839
1,1081,5,2.9174050626272857e-05,4.6865868647066955e-05,443.1139934583839
1,1081,6,-1.55327917916561e-06,4.4711350973703265e-05,443.1139934583839
1,1081,7,3.656750477727843e-05,4.318779706748034e-05,443.1139934583839
1,1081,8,1.0940049498118564e-05,0.0002894727153352485,443.1139934583839
1,1082,0,-0.037714760739775824,0.0001885677177994638,443.1139934583839
1,1082,1,-0.0329636162821072,9.222396405713682e-05,443.1139934583839
1,1082,2,0.21733204970856074,6.63788700036536e-05,443.1139934583839
1,1082,3,-0.5079740866026978,5.567506251117753e-05,443.1139934583839
1,1082,4,0.8405906365227324,5.014887842209857e-05,443.1139934583839
1,1082,5,-1.1741299030211874,4.6865868647066955e-05,443.1139934583839
1,1082,6,1.4133537455664396,4.4711350973703265e-05,443.1139934583839
1,1082,7,-1.5184800557931282,4.318779706748034e-05,443.1139934583839
1,1082,8,-0.7010430561552664,0.0002894727153352485,443.1139934583839
1,1083,0,4.773509118637725e-06,0.0001885677177994638,443.1139934583839
1,1083,1,1.0739617712080239e-05,9.222396405713682e-05,443.1139934583839
1,1083,2,1.1117613661356202e-05,6.63788700036536e-05,443.1139934583839
1,1083,3,2.1912236219137414e-05,5.567506251117753e-05,443.1139934583839
1,1083,4,8.371881219663146e-06,5.014887842209857e-05,443.1139934583839
1,1083,5,3.2820013661545325e-05,4.6865868647066955e-05,443.1139934583839
1,1083,6,3.5766687914201643e-06,4.4711350973703265e-05,443.1139934583839
1,1083,7,4.0312163244023764e-05,4.318779706748034e-05,443.1139934583839
1,1083,8,1.1989201945582229e-05,0.0002894727153352485,443.1139934583839
1,1084,0,-0.03760285324319943,0.0001885677177994638,443.1139934583839
1,1084,1,-0.03208878623165744,9.222396405713682e-05,443.1139934583839
1,1084,2,0.21442751664087464,6.63788700036536e-05,443.1139934583839
1,1084,3,-0.5035665415463939,5.567506251117753e-05,443.1139934583839
1,1084,4,0.8369764185359334,5.014887842209857e-05,443.1139934583839
1,1084,5,-1.1763267404383908,4.6865868647066955e-05,443.1139934583839
1,1084,6,1.427920074631022,4.4711350973703265e-05,443.1139934583839
1,1084,7,-1.5532786764184277,4.318779706748034e-05,443.1139934583839
1,1084,8,-0.7241257052090478,0.0002894727153352485,443.1139934583839
1,1085,0,4.933100430505629e-06,0.0001885677177994638,443.1139934583839
1,1085,1,9.900426659060833e-06,9.222396405713682e-05,443.1139934583839
1,1085,2,1.1540061990908188e-05,6.63788700036536e-05,443.1139934583839
1,1085,3,1.8721473985202764e-05,5.567506251117753e-05,443.1139934583839
1,1085,4,8.986140023683768e-06,5.014887842209857e-05,443.1139934583839
1,1085,5,3.185259266143596e-05,4.6865868647066955e-05,443.1139934583839
1,1085,6,-4.952087846566492e-07,4.4711350973703265e-05,443.1139934583839
1,1085,7,3.961050144940093e-05,4.318779706748034e-05,443.1139934583839
1,1085,8,1.2440829326854321e-05,0.0002894727153352485,443.1139934583839
1,1086,0,-0.03749070860866376,0.0001885677177994638,443.1139934583839
1,1086,1,-0.031201768307734364,9.222396405713682e-05,443.1139934583839
1,1086,2,0.2114701247974234,6.63788700036536e-05,443.1139934583839
1,1086,3,-0.49898876051678054,5.567506251117753e-05,443.1139934583839
1,1086,4,0.8329642070006715,5.014887842209857e-05,443.1139934583839
1,1086,5,-1.1777686620031964,4.6865868647066955e-05,443.1139934583839
1,1086,6,1.441301163371664,4.4711350973703265e-05,443.1139934583839
1,1086,7,-1.586499038444993,4.318779706748034e-05,443.1139934583839
1,1086,8,-0.7463866945951678,0.0002894727153352485,443.1139934583839
1,1087,0,4.834398974391977e-06,0.0001885677177994638,443.1139934583839
1,1087,1,9.31675731006026e-06,9.222396405713682e-05,443.1139934583839
1,1087,2,1.1260278895752996e-05,6.63788700036536e-05,443.1139934583839
1,1087,3,2.11490429980612e-05,5.567506251117753e-05,443.1139934583839
1,1087,4,8.560226755174595e-06,5.014887842209857e-05,443.1139934583839
1,1087,5,3.1856483330160476e-05,4.6865868647066955e-05,443.1139934583839
1,1087,6,1.5774575550836998e-06,4.4711350973703265e-05,443.1139934583839
1,1087,7,4.093712428252282e-05,4.318779706748034e-05,443.1139934583839
1,1087,8,1.3100846442340257e-05,0.0002894727153352485,443.1139934583839
1,1088,0,-0.03737851228854949,0.0001885677177994638,443.1139934583839
1,1088,1,-0.030306381380943152,9.222396405713682e-05,443.1139934583839
1,1088,2,0.2084585704415454,6.63788700036536e-05,443.1139934583839
1,1088,3,-0.49424395135280685,5.567506251117753e-05,443.1139934583839
1,1088,4,0.828551678606876,5.014887842209857e-05,443.1139934583839
1,1088,5,-1.1784518630722953,4.6865868647066955e-05,443.1139934583839
1,1088,6,1.4534641750539925,4.4711350973703265e-05,443.1139934583839
1,1088,7,-1.6180880300219325,4.318779706748034e-05,443.1139934583839
1,1088,8,-0.7677860477802239,0.0002894727153352485,443.1139934583839
1,1089,0,5.098430355408853e-06,0.0001885677177994638,443.1139934583839
1,1089,1,1.0744066416939515e-05,9.222396405713682e-05,443.1139934583839
1,1089,2,1.228414156907903e-05,6.63788700036536e-05,443.1139934583839
1,1089,3,2.016874696037764e-05,5.567506251117753e-05,443.1139934583839
1,1089,4,9.187386003822632e-06,5.014887842209857e-05,443.1139934583839
1,1089,5,3.3654107827554055e-05,4.6865868647066955e-05,443.1139934583839
1,1089,6,1.916524086734375e-06,4.4711350973703265e-05,443.1139934583839
1,1089,7,4.419794076757243e-05,4.318779706748034e-05,443.1139934583839
1,1089,8,1.4237134207975133e-05,0.0002894727153352485,443.1139934583839
1,1090,0,-0.037266246693024224,0.0001885677177994638,443.1139934583839
1,1090,1,-0.02940344523665393,9.222396405713682e-05,443.1139934583839
1,1090,2,0.2053928453613621,6.63788700036536e-05,443.1139934583839
1,1090,3,-0.4893300494156122,5.567506251117753e-05,443.1139934583839
1,1090,4,0.8237348421850135,5.014887842209857e-05,443.1139934583839
1,1090,5,-1.178366031656205,4.6865868647066955e-05,443.1139934583839
1,1090,6,1.4643923467492013,4.4711350973703265e-05,443.1139934583839
1,1090,7,-1.6479825868517974,4.318779706748034e-05,443.1139934583839
1,1090,8,-0.7882823353872104,0.0002894727153352485,443.1139934583839
1,1091,0,4.989396048063064e-06,0.0001885677177994638,443.1139934583839
1,1091,1,1.0709883461192461e-05,9.222396405713682e-05,443.1139934583839
1,1091,2,1.1867195093295507e-05,6.63788700036536e-05,443.1139934583839
1,1091,3,2.1722679134087264e-05,5.567506251117753e-05,443.1139934583839
1,1091,4,9.824047928551518e-06,5.014887842209857e-05,443.1139934583839
1,1091,5,3.244431464953025e-05,4.6865868647066955e-05,443.1139934583839
1,1091,6,-3.802030562026684e-07,4.4711350973703265e-05,443.1139934583839
1,1091,7,4.289292199657514e-05,4.318779706748034e-05,443.1139934583839
1,1091,8,1.4241911954503456e-05,0.0002894727153352485,443.1139934583839
1,1092,0,-0.03715348569204867,0.0001885677177994638,443.1139934583839
1,1092,1,-0.02848793131849589,9.222396405713682e-05,443.1139934583839
1,1092,2,0.20227420737095383,6.63788700036536e-05,443.1139934583839
1,1092,3,-0.4842450682151748,5.567506251117753e-05,443.1139934583839
1,1092,4,0.8185136112345791,5.014887842209857e-05,443.1139934583839
1,1092,5,-1.1775038709978327,4.6865868647066955e-05,443.1139934583839
1,1092,6,1.4740592403564137,4.4711350973703265e-05,443.1139934583839
1,1092,7,-1.6761262748731607,4.318779706748034e-05,443.1139934583839
1,1092,8,-0.8078362574389755,0.0002894727153352485,443.1139934583839
1,1093,0,5.0047100866626865e-06,0.0001885677177994638,443.1139934583839
1,1093,1,9.301078342878772e-06,9.222396405713682e-05,443.1139934583839
1,1093,2,1.2013719950437268e-05,6.63788700036536e-05,443.1139934583839
1,1093,3,1.9914456360964253e-05,5.567506251117753e-05,443.1139934583839
1,1093,4,9.339726619077801e-06,5.014887842209857e-05,443.1139934583839
1,1093,5,3.450951517794125e-05,4.6865868647066955e-05,443.1139934583839
1,1093,6,1.6868305338607883e-06,4.4711350973703265e-05,443.1139934583839
1,1093,7,4.640584645552911e-05,4.318779706748034e-05,443.1139934583839
1,1093,8,1.540255895357953e-05,0.0002894727153352485,443.1139934583839
1,1094,0,-0.037041326357207215,0.0001885677177994638,443.1139934583839
1,1094,1,-0.027565343363199348,9.222396405713682e-05,443.1139934583839
1,1094,2,0.19910025767806244,6.63788700036536e-05,443.1139934583839
1,1094,3,-0.4789911377652873,5.567506251117753e-05,443.1139934583839
1,1094,4,0.8128843143591798,5.014887842209857e-05,443.1139934583839
1,1094,5,-1.1758614886684569,4.6865868647066955e-05,443.1139934583839
1,1094,6,1.482438994807786,4.4711350973703265e-05,443.1139934583839
1,1094,7,-1.7024651525265049,4.318779706748034e-05,443.1139934583839
1,1094,8,-0.8264101692499898,0.0002894727153352485,443.1139934583839
1,1095,0,5.527185438650962e-06,0.0001885677177994638,443.1139934583839
1,1095,1,1.2502647045708213e-05,9.222396405713682e-05,443.1139934583839
1,1095,2,1.2834747740136408e-05,6.63788700036536e-05,443.1139934583839
1,1095,3,2.297664615321114e-05,5.567506251117753e-05,443.1139934583839
1,1095,4,1.1008408253578147e-05,5.014887842209857e-05,443.1139934583839
1,1095,5,3.5311693162647135e-05,4.6865868647066955e-05,443.1139934583839
1,1095,6,1.3620161602332045e-06,4.4711350973703265e-05,443.1139934583839
1,1095,7,4.586222920206504e-05,4.318779706748034e-05,443.1139934583839
1,1095,8,1.5816277844478e-05,0.0002894727153352485,443.1139934583839
1,1096,0,-0.036929093879045874,0.0001885677177994638,443.1139934583839
1,1096,1,-0.02663296071889419,9.222396405713682e-05,443.1139934583839
1,1096,2,0.19587181605545723,6.63788700036536e-05,443.1139934583839
1,1096,3,-0.47356799210445844,5.567506251117753e-05,443.1139934583839
1,1096,4,0.8068454960700926,5.014887842209857e-05,443.1139934583839
1,1096,5,-1.1734239003161473,4.6865868647066955e-05,443.1139934583839
1,1096,6,1.4895135684538445,4.4711350973703265e-05,443.1139934583839
1,1096,7,-1.7269441503516028,4.318779706748034e-05,443.1139934583839
1,1096,8,-0.8439658603428093,0.0002894727153352485,443.1139934583839
1,1097,0,5.1545916941865915e-06,0.0001885677177994638,443.1139934583839
1,1097,1,9.614382488580062e-06,9.222396405713682e-05,443.1139934583839
1,1097,2,1.2366341386223067e-05,6.63788700036536e-05,443.1139934583839
1,1097,3,2.131004159642427e-05,5.567506251117753e-05,443.1139934583839
1,1097,4,1.0374449775214336e-05,5.014887842209857e-05,443.1139934583839
1,1097,5,3.272742244029218e-05,4.6865868647066955e-05,443.1139934583839
1,1097,6,1.433565934353205e-06,4.4711350973703265e-05,443.1139934583839
1,1097,7,4.844405107131995e-05,4.318779706748034e-05,443.1139934583839
1,1097,8,1.6438191585146213e-05,0.0002894727153352485,443.1139934583839
1,1098,0,-0.03681567176570129,0.0001885677177994638,443.1139934583839
1,1098,1,-0.025687569259106088,9.222396405713682e-05,443.1139934583839
1,1098,2,0.1925898596288769,6.63788700036536e-05,443.1139934583839
1,1098,3,-0.46796809101706505,5.567506251117753e-05,443.1139934583839
1,1098,4,0.8004012430685655,5.014887842209857e-05,443.1139934583839
1,1098,5,-1.1701863086881568,4.6865868647066955e-05,443.1139934583839
1,1098,6,1.4952690696803077,4.4711350973703265e-05,443.1139934583839
1,1098,7,-1.749509666199254,4.318779706748034e-05,443.1139934583839
1,1098,8,-0.8604670783691576,0.0002894727153352485,443.1139934583839
1,1099,0,5.02785287089614e-06,0.0001885677177994638,443.1139934583839
1,1099,1,1.1009618824624668e-05,9.222396405713682e-05,443.1139934583839
1,1099,2,1.2472943388892948e-05,6.63788700036536e-05,443.1139934583839
1,1099,3,2.0263415264889026e-05,5.567506251117753e-05,443.1139934583839
1,1099,4,8.761087006474316e-06,5.014887842209857e-05,443.1139934583839
1,1099,5,3.448451454235859e-05,4.6865868647066955e-05,443.1139934583839
1,1099,6,-2.6993687922955855e-06,4.4711350973703265e-05,443.1139934583839
1,1099,7,4.677663659465149e-05,4.318779706748034e-05,443.1139934583839
1,1099,8,1.6793251974623875e-05,0.0002894727153352485,443.1139934583839
1,1100,0,-0.03670299346596605,0.0001885677177994638,443.1139934583839
1,1100,1,-0.024733931149051272,9.222396405713682e-05,443.1139934583839
1,1100,2,0.18925239400774851,6.63788700036536e-05,443.1139934583839
1,1100,3,-0.46219754365488536,5.567506251117753e-05,443.1139934583839
1,1100,4,0.7935440729032454,5.014887842209857e-05,443.1139934583839
1,1100,5,-1.1661499529924448,4.6865868647066955e-05,443.1139934583839
1,1100,6,1.4996756952137555,4.4711350973703265e-05,443.1139934583839
1,1100,7,-1.7701150596929422,4.318779706748034e-05,443.1139934583839
1,1100,8,-0.8758793792498013,0.0002894727153352485,443.1139934583839
1,1101,0,5.768658592406449e-06,0.0001885677177994638,443.1139934583839
1,1101,1,1.09512130236903e-05,9.222396405713682e-05,443.1139934583839
1,1101,2,1.3010341188254923e-05,6.63788700036536e-05,443.1139934583839
1,1101,3,2.235513006104117e-05,5.567506251117753e-05,443.1139934583839
1,1101,4,1.1602373694026812e-05,5.014887842209857e-05,443.1139934583839
1,1101,5,3.611287587615592e-05,4.6865868647066955e-05,443.1139934583839
1,1101,6,3.317363478965131e-06,4.4711350973703265e-05,443.1139934583839
1,1101,7,5.111415147565455e-05,4.318779706748034e-05,443.1139934583839
1,1101,8,1.7711213517476e-05,0.0002894727153352485,443.1139934583839
1,1102,0,-0.03659041987742913,0.0001885677177994638,443.1139934583839
1,1102,1,-0.023770698744090216,9.222396405713682e-05,443.1139934583839
1,1102,2,0.1858569365190963,6.63788700036536e-05,443.1139934583839
1,1102,3,-0.45625936943012285,5.567506251117753e-05,443.1139934583839
1,1102,4,0.7862682615325768,5.014887842209857e-05,443.1139934583839
1,1102,5,-1.1613067285164393,4.6865868647066955e-05,443.1139934583839
1,1102,6,1.502712427749783,4.4711350973703265e-05,443.1139934583839
1,1102,7,-1.788715692185904,4.318779706748034e-05,443.1139934583839
1,1102,8,-0.8901689408597462,0.0002894727153352485,443.1139934583839
1,1103,0,5.2762211699536155e-06,0.0001885677177994638,443.1139934583839
1,1103,1,1.1639294997116163e-05,9.222396405713682e-05,443.1139934583839
1,1103,2,1.4408214273090112e-05,6.63788700036536e-05,443.1139934583839
1,1103,3,2.328725322079301e-05,5.567506251117753e-05,443.1139934583839
1,1103,4,1.25664206701907e-05,5.014887842209857e-05,443.1139934583839
1,1103,5,3.642474766343926e-05,4.6865868647066955e-05,443.1139934583839
1,1103,6,7.420355328366061e-07,4.4711350973703265e-05,443.1139934583839
1,1103,7,5.124380189847976e-05,4.318779706748034e-05,443.1139934583839
1,1103,8,1.8003182659549697e-05,0.0002894727153352485,443.1139934583839
1,1104,0,-0.03647721428833571,0.0001885677177994638,443.1139934583839
1,1104,1,-0.022796242585251907,9.222396405713682e-05,443.1139934583839
1,1104,2,0.1824073784695805,6.63788700036536e-05,443.1139934583839
1,1104,3,-0.45014364870648876,5.567506251117753e-05,443.1139934583839
1,1104,4,0.7785837264541432,5.014887842209857e-05,443.1139934583839
1,1104,5,-1.1556444444116238,4.6865868647066955e-05,443.1139934583839
1,1104,6,1.504373702484734,4.4711350973703265e-05,443.1139934583839
1,1104,7,-1.8052560094347312,4.318779706748034e-05,443.1139934583839
1,1104,8,-0.9033031696781669,0.0002894727153352485,443.1139934583839
1,1105,0,5.586167411073554e-06,0.0001885677177994638,443.1139934583839
1,1105,1,1.0717322596608829e-05,9.222396405713682e-05,443.1139934583839
1,1105,2,1.2563578044546604e-05,6.63788700036536e-05,443.1139934583839
1,1105,3,1.986125684830224e-05,5.567506251117753e-05,443.1139934583839
1,1105,4,9.027961022652184e-06,5.014887842209857e-05,443.1139934583839
1,1105,5,3.397253118209155e-05,4.6865868647066955e-05,443.1139934583839
1,1105,6,-3.852433457801991e-08,4.4711350973703265e-05,443.1139934583839
1,1105,7,4.98434656342368e-05,4.318779706748034e-05,443.1139934583839
1,1105,8,1.8806516736216766e-05,0.0002894727153352485,443.1139934583839
1,1106,0,-0.036364623487282734,0.0001885677177994638,443.1139934583839
1,1106,1,-0.02181296093904082,9.222396405713682e-05,443.1139934583839
1,1106,2,0.17890132588141822,6.63788700036536e-05,443.1139934583839
1,1106,3,-0.4438599346537357,5.567506251117753e-05,443.1139934583839
1,1106,4,0.7704805648704218,5.014887842209857e-05,443.1139934583839
1,1106,5,-1.1491662911955327,4.6865868647066955e-05,443.1139934583839
1,1106,6,1.5046346989589439,4.4711350973703265e-05,443.1139934583839
1,1106,7,-1.819701142243827,4.318779706748034e-05,443.1139934583839
1,1106,8,-0.915251019785217,0.0002894727153352485,443.1139934583839
1,1107,0,5.81381840422471e-06,0.0001885677177994638,443.1139934583839
1,1107,1,1.285649583089942e-05,9.222396405713682e-05,443.1139934583839
1,1107,2,1.5185429132413951e-05,6.63788700036536e-05,443.1139934583839
1,1107,3,2.6468662301548956e-05,5.567506251117753e-05,443.1139934583839
1,1107,4,1.511085470100663e-05,5.014887842209857e-05,443.1139934583839
1,1107,5,3.87935161256502e-05,4.6865868647066955e-05,443.1139934583839
1,1107,6,2.3620632768357505e-06,4.4711350973703265e-05,443.1139934583839
1,1107,7,5.4918647077253675e-05,4.318779706748034e-05,443.1139934583839
1,1107,8,1.9091324180873227e-05,0.0002894727153352485,443.1139934583839
1,1108,0,-0.036251359404237744,0.0001885677177994638,443.1139934583839
1,1108,1,-0.020816334220752585,9.222396405713682e-05,443.1139934583839
1,1108,2,0.1753397809846912,6.63788700036536e-05,443.1139934583839
1,1108,3,-0.4374018541437015,5.567506251117753e-05,443.1139934583839
1,1108,4,0.7619643427349642,5.014887842209857e-05,443.1139934583839
1,1108,5,-1.1418626168104518,4.6865868647066955e-05,443.1139934583839
1,1108,6,1.5034846741874697,4.4711350973703265e-05,443.1139934583839
1,1108,7,-1.8320065536667762,4.318779706748034e-05,443.1139934583839
1,1108,8,-0.9259820798370025,0.0002894727153352485,443.1139934583839
1,1109,0,5.379727172716188e-06,0.0001885677177994638,443.1139934583839
1,1109,1,9.41462838526658e-06,9.222396405713682e-05,443.1139934583839
1,1109,2,1.2636827571034403e-05,6.63788700036536e-05,443.1139934583839
1,1109,3,1.957700098890409e-05,5.567506251117753e-05,443.1139934583839
1,1109,4,7.918614057774514e-06,5.014887842209857e-05,443.1139934583839
1,1109,5,3.321296947136521e-05,4.6865868647066955e-05,443.1139934583839
1,1109,6,-8.896375390764643e-07,4.4711350973703265e-05,443.1139934583839
1,1109,7,5.1637456134540756e-05,4.318779706748034e-05,443.1139934583839
1,1109,8,1.9427814488751243e-05,0.0002894727153352485,443.1139934583839
1,1110,0,-0.0361382866671785,0.0001885677177994638,443.1139934583839
1,1110,1,-0.019810497774463098,9.222396405713682e-05,443.1139934583839
1,1110,2,0.17172177341833506,6.63788700036536e-05,443.1139934583839
1,1110,3,-0.4307654890936812,5.567506251117753e-05,443.1139934583839
1,1110,4,0.7530294881889011,5.014887842209857e-05,443.1139934583839
1,1110,5,-1.1337344394558933,4.6865868647066955e-05,443.1139934583839
1,1110,6,1.5009066654317251,4.4711350973703265e-05,443.1139934583839
1,1110,7,-1.8421316385022963,4.318779706748034e-05,443.1139934583839
1,1110,8,-0.9354689694596651,0.0002894727153352485,443.1139934583839
1,1111,0,6.101431707906145e-06,0.0001885677177994638,443.1139934583839
1,1111,1,1.399111711160138e-05,9.222396405713682e-05,443.1139934583839
1,1111,2,1.5656469683691348e-05,6.63788700036536e-05,443.1139934583839
1,1111,3,2.40194914803145e-05,5.567506251117753e-05,443.1139934583839
1,1111,4,1.67714490093295e-05,5.014887842209857e-05,443.1139934583839
1,1111,5,4.071151928561634e-05,4.6865868647066955e-05,443.1139934583839
1,1111,6,3.2615418082104962e-06,4.4711350973703265e-05,443.1139934583839
1,1111,7,5.57067777066281e-05,4.318779706748034e-05,443.1139934583839
1,1111,8,2.0142080388023313e-05,0.0002894727153352485,443.1139934583839
1,1112,0,-0.03602488183579678,0.0001885677177994638,443.1139934583839
1,1112,1,-0.018794433229723115,9.222396405713682e-05,443.1139934583839
1,1112,2,0.16804812545922126,6.63788700036536e-05,443.1139934583839
1,1112,3,-0.42396067380468855,5.567506251117753e-05,443.1139934583839
1,1112,4,0.7436758659379675,5.014887842209857e-05,443.1139934583839
1,1112,5,-1.124774789424098,4.6865868647066955e-05,443.1139934583839
1,1112,6,1.4968888238134221,4.4711350973703265e-05,443.1139934583839
1,1112,7,-1.8500408148284442,4.318779706748034e-05,443.1139934583839
1,1112,8,-0.943684582471726,0.0002894727153352485,443.1139934583839
1,1113,0,5.368420878030399e-06,0.0001885677177994638,443.1139934583839
1,1113,1,1.0070657028116028e-05,9.222396405713682e-05,443.1139934583839
1,1113,2,1.2512012701222921e-05,6.63788700036536e-05,443.1139934583839
1,1113,3,2.296695187228828e-05,5.567506251117753e-05,443.1139934583839
1,1113,4,9.418117718247495e-06,5.014887842209857e-05,443.1139934583839
1,1113,5,3.300955134366293e-05,4.6865868647066955e-05,443.1139934583839
1,1113,6,-4.526752834545854e-07,4.4711350973703265e-05,443.1139934583839
1,1113,7,5.299810612580583e-05,4.318779706748034e-05,443.1139934583839
1,1113,8,2.0184331752261484e-05,0.0002894727153352485,443.1139934583839
1,1114,0,-0.03591131998199125,0.0001885677177994638,443.1139934583839
1,1114,1,-0.017764679775847135,9.222396405713682e-05,443.1139934583839
1,1114,2,0.16431723688033562,6.63788700036536e-05,443.1139934583839
1,1114,3,-0.41697809000873653,5.567506251117753e-05,443.1139934583839
1,1114,4,0.7339084781119631,5.014887842209857e-05,443.1139934583839
1,1114,5,-1.1149803435404135,4.6865868647066955e-05,443.1139934583839
1,1114,6,1.4914204486666074,4.4711350973703265e-05,443.1139934583839
1,1114,7,-1.8557000978188427,4.318779706748034e-05,443.1139934583839
1,1114,8,-0.9506036775466803,0.0002894727153352485,443.1139934583839
1,1115,0,6.1837704493196785e-06,0.0001885677177994638,443.1139934583839
1,1115,1,1.2696791399032492e-05,9.222396405713682e-05,443.1139934583839
1,1115,2,1.6289552016827722e-05,6.63788700036536e-05,443.1139934583839
1,1115,3,2.2131332977251348e-05,5.567506251117753e-05,443.1139934583839
1,1115,4,1.5116297632881158e-05,5.014887842209857e-05,443.1139934583839
1,1115,5,4.0093455560806876e-05,4.6865868647066955e-05,443.1139934583839
1,1115,6,3.2138488496437075e-06,4.4711350973703265e-05,443.1139934583839
1,1115,7,5.7096638621370945e-05,4.318779706748034e-05,443.1139934583839
1,1115,8,2.076151577949747e-05,0.0002894727153352485,443.1139934583839
1,1116,0,-0.03579801922272971,0.0001885677177994638,443.1139934583839
1,1116,1,-0.01672758449002698,9.222396405713682e-05,443.1139934583839
1,1116,2,0.16052634551265707,6.63788700036536e-05,443.1139934583839
1,1116,3,-0.40982431403535696,5.567506251117753e-05,443.1139934583839
1,1116,4,0.7237202868728441,5.014887842209857e-05,443.1139934583839
1,1116,5,-1.1043533064715882,4.6865868647066955e-05,443.1139934583839
1,1116,6,1.4844885760837,4.4711350973703265e-05,443.1139934583839
1,1116,7,-1.8590801618120385,4.318779706748034e-05,443.1139934583839
1,1116,8,-0.9562035449994722,0.0002894727153352485,443.1139934583839
1,1117,0,5.6961937141729815e-06,0.0001885677177994638,443.1139934583839
1,1117,1,1.2537958065931872e-05,9.222396405713682e-05,443.1139934583839
1,1117,2,1.462569493754149e-05,6.63788700036536e-05,443.1139934583839
1,1117,3,2.496011671400291e-05,5.567506251117753e-05,443.1139934583839
1,1117,4,1.1748404804673458e-05,5.014887842209857e-05,443.1139934583839
1,1117,5,3.498749283618561e-05,4.6865868647066955e-05,443.1139934583839
1,1117,6,1.0873447020413258e-06,4.4711350973703265e-05,443.1139934583839
1,1117,7,5.5703703060552666e-05,4.318779706748034e-05,443.1139934583839
1,1117,8,2.118888889924994e-05,0.0002894727153352485,443.1139934583839
1,1118,0,-0.035685541181769254,0.0001885677177994638,443.1139934583839
1,1118,1,-0.0156781243510433,9.222396405713682e-05,443.1139934583839
1,1118,2,0.15667949236834555,6.63788700036536e-05,443.1139934583839
1,1118,3,-0.40249770704069865,5.567506251117753e-05,443.1139934583839
1,1118,4,0.7131145328761882,5.014887842209857e-05,443.1139934583839
1,1118,5,-1.0928901239773847,4.6865868647066955e-05,443.1139934583839
1,1118,6,1.4760861276995532,4.4711350973703265e-05,443.1139934583839
1,1118,7,-1.8601492321484405,4.318779706748034e-05,443.1139934583839
1,1118,8,-0.9604622078537994,0.0002894727153352485,443.1139934583839
1,1119,0,6.830174186051871e-06,0.0001885677177994638,443.1139934583839
1,1119,1,1.2341423456801932e-05,9.222396405713682e-05,443.1139934583839
1,1119,2,1.5916118573259343e-05,6.63788700036536e-05,443.1139934583839
1,1119,3,2.327060807976368e-05,5.567506251117753e-05,443.1139934583839
1,1119,4,1.5523568560562536e-05,5.014887842209857e-05,443.1139934583839
1,1119,5,4.095833010235533e-05,4.6865868647066955e-05,443.1139934583839
1,1119,6,3.623789933200642e-06,4.4711350973703265e-05,443.1139934583839
1,1119,7,5.8171966775593475e-05,4.318779706748034e-05,443.1139934583839
1,1119,8,2.1601952668125277e-05,0.0002894727153352485,443.1139934583839
1,1120,0,-0.03557249023495702,0.0001885677177994638,443.1139934583839
1,1120,1,-0.014615659742660329,9.222396405713682e-05,443.1139934583839
1,1120,2,0.15277692970447895,6.63788700036536e-05,443.1139934583839
1,1120,3,-0.39499347660271117,5.567506251117753e-05,443.1139934583839
1,1120,4,0.7020864324169261,5.014887842209857e-05,443.1139934583839
1,1120,5,-1.0805885012979652,4.6865868647066955e-05,443.1139934583839
1,1120,6,1.466205884006661,4.4711350973703265e-05,443.1139934583839
1,1120,7,-1.8588807461043213,4.318779706748034e-05,443.1139934583839
1,1120,8,-0.9633584632926979,0.0002894727153352485,443.1139934583839
1,1121,0,5.543297426974111e-06,0.0001885677177994638,443.1139934583839
1,1121,1,1.1891380455513116e-05,9.222396405713682e-05,443.1139934583839
1,1121,2,1.3975231610764912e-05,6.63788700036536e-05,443.1139934583839
1,1121,3,2.3371637872790233e-05,5.567506251117753e-05,443.1139934583839
1,1121,4,1.5013087343209652e-05,5.014887842209857e-05,443.1139934583839
1,1121,5,3.525231611624521e-05,4.6865868647066955e-05,443.1139934583839
1,1121,6,1.2182909141819813e-06,4.4711350973703265e-05,443.1139934583839
1,1121,7,5.666016331017966e-05,4.318779706748034e-05,443.1139934583839
1,1121,8,2.1314342121511577e-05,0.0002894727153352485,443.1139934583839
1,1122,0,-0.03545769569694613,0.0001885677177994638,443.1139934583839
1,1122,1,-0.013541803984485245,9.222396405713682e-05,443.1139934583839
1,1122,2,0.14881581775868774,6.63788700036536e-05,443.1139934583839
1,1122,3,-0.38731696886683725,5.567506251117753e-05,443.1139934583839
1,1122,4,0.6906478999379254,5.014887842209857e-05,443.1139934583839
1,1122,5,-1.0674421421556537,4.6865868647066955e-05,443.1139934583839
1,1122,6,1.4548443333335142,4.4711350973703265e-05,443.1139934583839
1,1122,7,-1.8552487151627253,4.318779706748034e-05,443.1139934583839
1,1122,8,-0.9648744303593276,0.0002894727153352485,443.1139934583839
1,1123,0,5.989694070280423e-06,0.0001885677177994638,443.1139934583839
1,1123,1,1.2703435549140972e-05,9.222396405713682e-05,443.1139934583839
1,1123,2,1.6750117259731083e-05,6.63788700036536e-05,443.1139934583839
1,1123,3,2.4801731581403267e-05,5.567506251117753e-05,443.1139934583839
1,1123,4,1.2067780521862271e-05,5.014887842209857e-05,443.1139934583839
1,1123,5,3.792509583301822e-05,4.6865868647066955e-05,443.1139934583839
1,1123,6,2.043821823711497e-06,4.4711350973703265e-05,443.1139934583839
1,1123,7,5.7750702700501704e-05,4.318779706748034e-05,443.1139934583839
1,1123,8,2.190167325265744e-05,0.0002894727153352485,443.1139934583839
1,1124,0,-0.03534389707293022,0.0001885677177994638,443.1139934583839
1,1124,1,-0.012455698317751373,9.222396405713682e-05,443.1139934583839
1,1124,2,0.14479416432365794,6.63788700036536e-05,443.1139934583839
1,1124,3,-0.37946238135099447,5.567506251117753e-05,443.1139934583839
1,1124,4,0.6787926435924005,5.014887842209857e-05,443.1139934583839
1,1124,5,-1.053461520423,4.6865868647066955e-05,443.1139934583839
1,1124,6,1.4419875290011412,4.4711350973703265e-05,443.1139934583839
1,1124,7,-1.8492357151771825,4.318779706748034e-05,443.1139934583839
1,1124,8,-0.9649946928898068,0.0002894727153352485,443.1139934583839
1,1125,0,6.285802643282144e-06,0.0001885677177994638,443.1139934583839
1,1125,1,1.1845133737849983e-05,9.222396405713682e-05,443.1139934583839
1,1125,2,1.5840481983646676e-05,6.63788700036536e-05,443.1139934583839
1,1125,3,2.1575739853230803e-05,5.567506251117753e-05,443.1139934583839
1,1125,4,1.5425292390277137e-05,5.014887842209857e-05,443.1139934583839
1,1125,5,3.836334491362715e-05,4.6865868647066955e-05,443.1139934583839
1,1125,6,4.732559189195265e-06,4.4711350973703265e-05,443.1139934583839
1,1125,7,5.823216466294606e-05,4.318779706748034e-05,443.1139934583839
1,1125,8,2.217043701358588e-05,0.0002894727153352485,443.1139934583839
1,1126,0,-0.0352308323981872,0.0001885677177994638,443.1139934583839
1,1126,1,-0.011359698446186419,9.222396405713682e-05,443.1139934583839
1,1126,2,0.14071697895138455,6.63788700036536e-05,443.1139934583839
1,1126,3,-0.3714366582452283,5.567506251117753e-05,443.1139934583839
1,1126,4,0.6665131832112052,5.014887842209857e-05,443.1139934583839
1,1126,5,-1.038642742584718,4.6865868647066955e-05,443.1139934583839
1,1126,6,1.42763535717155,4.4711350973703265e-05,443.1139934583839
1,1126,7,-1.8408247401047226,4.318779706748034e-05,443.1139934583839
1,1126,8,-0.9637036695994148,0.0002894727153352485,443.1139934583839
1,1127,0,6.581165899943487e-06,0.0001885677177994638,443.1139934583839
1,1127,1,1.4093232632637724e-05,9.222396405713682e-05,443.1139934583839
1,1127,2,1.557695788143841e-05,6.63788700036536e-05,443.1139934583839
1,1127,3,2.6982873857678605e-05,5.567506251117753e-05,443.1139934583839
1,1127,4,1.7178404373905153e-05,5.014887842209857e-05,443.1139934583839
1,1127,5,3.856265119742882e-05,4.6865868647066955e-05,443.1139934583839
1,1127,6,3.446318901318467e-06,4.4711350973703265e-05,443.1139934583839
1,1127,7,5.992934929398191e-05,4.318779706748034e-05,443.1139934583839
1,1127,8,2.2145708888184287e-05,0.0002894727153352485,443.1139934583839
1,1128,0,-0.03511743079083411,0.0001885677177994638,443.1139934583839
1,1128,1,-0.010251590179706595,9.222396405713682e-05,443.1139934583839
1,1128,2,0.13657934428893725,6.63788700036536e-05,443.1139934583839
1,1128,3,-0.3632371553143701,5.567506251117753e-05,443.1139934583839
1,1128,4,0.6538206384662659,5.014887842209857e-05,443.1139934583839
1,1128,5,-1.0229864285309105,4.6865868647066955e-05,443.1139934583839
1,1128,6,1.4117902736156902,4.4711350973703265e-05,443.1139934583839
1,1128,7,-1.82999771506392,4.318779706748034e-05,443.1139934583839
1,1128,8,-0.9609886531646546,0.0002894727153352485,443.1139934583839
1,1129,0,6.259279891108236e-06,0.0001885677177994638,443.1139934583839
1,1129,1,1.205728416610573e-05,9.222396405713682e-05,443.1139934583839
1,1129,2,1.7365546135359203e-05,6.63788700036536e-05,443.1139934583839
1,1129,3,2.224380233600533e-05,5.567506251117753e-05,443.1139934583839
1,1129,4,1.4580842788089237e-05,5.014887842209857e-05,443.1139934583839
1,1129,5,3.8822960086765706e-05,4.6865868647066955e-05,443.1139934583839
1,1129,6,3.2850336401867343e-06,4.4711350973703265e-05,443.1139934583839
1,1129,7,5.875718778986697e-05,4.318779706748034e-05,443.1139934583839
1,1129,8,2.23670139226113e-05,0.0002894727153352485,443.1139934583839
1,1130,0,-0.03500278837379586,0.0001885677177994638,443.1139934583839
1,1130,1,-0.009127714154298387,9.222396405713682e-05,443.1139934583839
1,1130,2,0.13238414069559087,6.63788700036536e-05,443.1139934583839
1,1130,3,-0.35485945715097833,5.567506251117753e-05,443.1139934583839
1,1130,4,0.6407174033221514,5.014887842209857e-05,443.1139934583839
1,1130,5,-1.0064892008073183,4.6865868647066955e-05,443.1139934583839
1,1130,6,1.3944462553409684,4.4711350973703265e-05,443.1139934583839
1,1130,7,-1.8167359888136256,4.318779706748034e-05,443.1139934583839
1,1130,8,-0.9568386114605119,0.0002894727153352485,443.1139934583839
1,1131,0,6.028235188180389e-06,0.0001885677177994638,443.1139934583839
1,1131,1,1.226144461374926e-05,9.222396405713682e-05,443.1139934583839
1,1131,2,1.5314766508984275e-05,6.63788700036536e-05,443.1139934583839
1,1131,3,2.501703836939427e-05,5.567506251117753e-05,443.1139934583839
1,1131,4,1.5481005558135393e-05,5.014887842209857e-05,443.1139934583839
1,1131,5,3.622575173602889e-05,4.6865868647066955e-05,443.1139934583839
1,1131,6,4.836257884415582e-06,4.4711350973703265e-05,443.1139934583839
1,1131,7,5.676596235449762e-05,4.318779706748034e-05,443.1139934583839
1,1131,8,2.2150919300504196e-05,0.0002894727153352485,443.1139934583839
1,1132,0,-0.03488861345256397,0.0001885677177994638,443.1139934583839
1,1132,1,-0.007995002159193156,9.222396405713682e-05,443.1139934583839
1,1132,2,0.12813133546333272,6.63788700036536e-05,443.1139934583839
1,1132,3,-0.34630899140293203,5.567506251117753e-05,443.1139934583839
1,1132,4,0.627196215401664,5.014887842209857e-05,443.1139934583839
1,1132,5,-0.989155833861151,4.6865868647066955e-05,443.1139934583839
1,1132,6,1.3756038992575903,4.4711350973703265e-05,443.1139934583839
1,1132,7,-1.801038279002769,4.318779706748034e-05,443.1139934583839
1,1132,8,-0.9512450733343496,0.0002894727153352485,443.1139934583839
1,1133,0,6.688830024584855e-06,0.0001885677177994638,443.1139934583839
1,1133,1,1.4314709698553332e-05,9.222396405713682e-05,443.1139934583839
1,1133,2,1.696889895093346e-05,6.63788700036536e-05,443.1139934583839
1,1133,3,2.3364470825087714e-05,5.567506251117753e-05,443.1139934583839
1,1133,4,1.77311108925447e-05,5.014887842209857e-05,443.1139934583839
1,1133,5,3.806050919560318e-05,4.6865868647066955e-05,443.1139934583839
1,1133,6,4.49622034069761e-06,4.4711350973703265e-05,443.1139934583839
1,1133,7,6.022211601197113e-05,4.318779706748034e-05,443.1139934583839
1,1133,8,2.252396438772123e-05,0.0002894727153352485,443.1139934583839
1,1134,0,-0.03477509100161574,0.0001885677177994638,443.1139934583839
1,1134,1,-0.006849846036039546,9.222396405713682e-05,443.1139934583839
1,1134,2,0.12381741683171574,6.63788700036536e-05,443.1139934583839
1,1134,3,-0.33758500449112183,5.567506251117753e-05,443.1139934583839
1,1134,4,0.6132639477798314,5.014887842209857e-05,443.1139934583839
1,1134,5,-0.9709945119735861,4.6865868647066955e-05,443.1139934583839
1,1134,6,1.355267878922341,4.4711350973703265e-05,443.1139934583839
1,1134,7,-1.7829009779325835,4.318779706748034e-05,443.1139934583839
1,1134,8,-0.9442012504486351,0.0002894727153352485,443.1139934583839
1,1135,0,6.567659660429414e-06,0.0001885677177994638,443.1139934583839
1,1135,1,1.2538245548375489e-05,9.222396405713682e-05,443.1139934583839
1,1135,2,1.682157097911157e-05,6.63788700036536e-05,443.1139934583839
1,1135,3,2.5600352798859587e-05,5.567506251117753e-05,443.1139934583839
1,1135,4,1.5427603659018825e-05,5.014887842209857e-05,443.1139934583839
1,1135,5,3.872509946001247e-05,4.6865868647066955e-05,443.1139934583839
1,1135,6,4.2995861071012924e-06,4.4711350973703265e-05,443.1139934583839
1,1135,7,5.983025678820937e-05,4.318779706748034e-05,443.1139934583839
1,1135,8,2.228595916861463e-05,0.0002894727153352485,443.1139934583839
1,1136,0,-0.03466081153036029,0.0001885677177994638,443.1139934583839
1,1136,1,-0.005688014579627385,9.222396405713682e-05,443.1139934583839
1,1136,2,0.11944407853313642,6.63788700036536e-05,443.1139934583839
1,1136,3,-0.32868544019373985,5.567506251117753e-05,443.1139934583839
1,1136,4,0.5989219293775367,5.014887842209857e-05,443.1139934583839
1,1136,5,-0.9520040873800855,4.6865868647066955e-05,443.1139934583839
1,1136,6,1.3334351345025723,4.4711350973703265e-05,443.1139934583839
1,1136,7,-1.7623127184201302,4.318779706748034e-05,443.1139934583839
1,1136,8,-0.9357018843587718,0.0002894727153352485,443.1139934583839
1,1137,0,6.411513050704858e-06,0.0001885677177994638,443.1139934583839
1,1137,1,1.2222395217749294e-05,9.222396405713682e-05,443.1139934583839
1,1137,2,1.7360448198810446e-05,6.63788700036536e-05,443.1139934583839
1,1137,3,2.2667978490233397e-05,5.567506251117753e-05,443.1139934583839
1,1137,4,1.773917150917876e-05,5.014887842209857e-05,443.1139934583839
1,1137,5,3.81070264570612e-05,4.6865868647066955e-05,443.1139934583839
1,1137,6,7.484226347036813e-06,4.4711350973703265e-05,443.1139934583839
1,1137,7,5.862614368196348e-05,4.318779706748034e-05,443.1139934583839
1,1137,8,2.2349420506078843e-05,0.0002894727153352485,443.1139934583839
1,1138,0,-0.03454594489575467,0.0001885677177994638,443.1139934583839
1,1138,1,-0.004517111778834217,9.222396405713682e-05,443.1139934583839
1,1138,2,0.11501222962782438,6.63788700036536e-05,443.1139934583839
1,1138,3,-0.31961261533338275,5.567506251117753e-05,443.1139934583839
1,1138,4,0.5841688183286269,5.014887842209857e-05,443.1139934583839
1,1138,5,-0.9321850658527515,4.6865868647066955e-05,443.1139934583839
1,1138,6,1.310113241499168,4.4711350973703265e-05,443.1139934583839
1,1138,7,-1.7392736084363862,4.318779706748034e-05,443.1139934583839
1,1138,8,-0.9257442236183732,0.0002894727153352485,443.1139934583839
1,1139,0,6.385121757070502e-06,0.0001885677177994638,443.1139934583839
1,1139,1,1.4922305550274781e-05,9.222396405713682e-05,443.1139934583839
1,1139,2,1.655697236919437e-05,6.63788700036536e-05,443.1139934583839
1,1139,3,2.6087244114284393e-05,5.567506251117753e-05,443.1139934583839
1,1139,4,1.717590565427322e-05,5.014887842209857e-05,443.1139934583839
1,1139,5,3.694401063832805e-05,4.6865868647066955e-05,443.1139934583839
1,1139,6,5.510920923054971e-06,4.4711350973703265e-05,443.1139934583839
1,1139,7,5.842323178145835e-05,4.318779706748034e-05,443.1139934583839
1,1139,8,2.207063811828147e-05,0.0002894727153352485,443.1139934583839
1,1140,0,-0.03443153837054279,0.0001885677177994638,443.1139934583839
1,1140,1,-0.0033323563873057637,9.222396405713682e-05,443.1139934583839
1,1140,2,0.11052042646046868,6.63788700036536e-05,443.1139934583839
1,1140,3,-0.3103656609668653,5.567506251117753e-05,443.1139934583839
1,1140,4,0.5690088549605041,5.014887842209857e-05,443.1139934583839
1,1140,5,-0.9115415989960702,4.6865868647066955e-05,443.1139934583839
1,1140,6,1.2853116950222772,4.4711350973703265e-05,443.1139934583839
1,1140,7,-1.713787913221731,4.318779706748034e-05,443.1139934583839
1,1140,8,-0.9143274801417645,0.0002894727153352485,443.1139934583839
1,1141,0,6.831323850869876e-06,0.0001885677177994638,443.1139934583839
1,1141,1,1.1957212765071446e-05,9.222396405713682e-05,443.1139934583839
1,1141,2,1.7787965215420063e-05,6.63788700036536e-05,443.1139934583839
1,1141,3,2.2527863705123453e-05,5.567506251117753e-05,443.1139934583839
1,1141,4,1.808293733989636e-05,5.014887842209857e-05,443.1139934583839
1,1141,5,3.627731260917216e-05,4.6865868647066955e-05,443.1139934583839
1,1141,6,6.58793664209027e-06,4.4711350973703265e-05,443.1139934583839
1,1141,7,5.8028798700699024e-05,4.318779706748034e-05,443.1139934583839
1,1141,8,2.2029755977944177e-05,0.0002894727153352485,443.1139934583839
1,1142,0,-0.03431706299903849,0.0001885677177994638,443.1139934583839
1,1142,1,-0.002131631347829809,9.222396405713682e-05,443.1139934583839
1,1142,2,0.10596555671299934,6.63788700036536e-05,443.1139934583839
1,1142,3,-0.3009451568770696,5.567506251117753e-05,443.1139934583839
1,1142,4,0.5534428607979831,5.014887842209857e-05,443.1139934583839
1,1142,5,-0.8900866417937684,4.6865868647066955e-05,443.1139934583839
1,1142,6,1.2590314270417542,4.4711350973703265e-05,443.1139934583839
1,1142,7,-1.685865336734505,4.318779706748034e-05,443.1139934583839
1,1142,8,-0.9014531771077195,0.0002894727153352485,443.1139934583839
1,1143,0,6.501065280560298e-06,0.0001885677177994638,443.1139934583839
1,1143,1,1.350223019682339e-05,9.222396405713682e-05,443.1139934583839
1,1143,2,1.8656926835544187e-05,6.63788700036536e-05,443.1139934583839
1,1143,3,2.6079870399868885e-05,5.567506251117753e-05,443.1139934583839
1,1143,4,1.8202419433450035e-05,5.014887842209857e-05,443.1139934583839
1,1143,5,3.9829665611163836e-05,4.6865868647066955e-05,443.1139934583839
1,1143,6,8.297761838897447e-06,4.4711350973703265e-05,443.1139934583839
1,1143,7,5.9971749261481396e-05,4.318779706748034e-05,443.1139934583839
1,1143,8,2.1776692059799438e-05,0.0002894727153352485,443.1139934583839
1,1144,0,-0.03420226859295724,0.0001885677177994638,443.1139934583839
1,1144,1,-0.0009202473420550731,9.222396405713682e-05,443.1139934583839
1,1144,2,0.10135641884728298,6.63788700036536e-05,443.1139934583839
1,1144,3,-0.29135126819097734,5.567506251117753e-05,443.1139934583839
1,1144,4,0.5374754270085869,5.014887842209857e-05,443.1139934583839
1,1144,5,-0.8678188332497484,4.6865868647066955e-05,443.1139934583839
1,1144,6,1.2312867701632477,4.4711350973703265e-05,443.1139934583839
1,1144,7,-1.655505585921507,4.318779706748034e-05,443.1139934583839
1,1144,8,-0.8871244340368714,0.0002894727153352485,443.1139934583839
1,1145,0,6.7980836751897756e-06,0.0001885677177994638,443.1139934583839
1,1145,1,1.370755112304737e-05,9.222396405713682e-05,443.1139934583839
1,1145,2,1.4681451489715938e-05,6.63788700036536e-05,443.1139934583839
1,1145,3,2.244904921081537e-05,5.567506251117753e-05,443.1139934583839
1,1145,4,1.771149474377163e-05,5.014887842209857e-05,443.1139934583839
1,1145,5,3.5322279277134233e-05,4.6865868647066955e-05,443.1139934583839
1,1145,6,6.1530929089193184e-06,4.4711350973703265e-05,443.1139934583839
1,1145,7,5.415401132272285e-05,4.318779706748034e-05,443.1139934583839
1,1145,8,2.1464946850422998e-05,0.0002894727153352485,443.1139934583839
1,1146,0,-0.03408748119115172,0.0001885677177994638,443.1139934583839
1,1146,1,0.0003048049248530125,9.222396405713682e-05,443.1139934583839
1,1146,2,0.09668309704265077,6.63788700036536e-05,443.1139934583839
1,1146,3,-0.28158655362446294,5.567506251117753e-05,443.1139934583839
1,1146,4,0.5211029860839684,5.014887842209857e-05,443.1139934583839
1,1146,5,-0.844741623342914,4.6865868647066955e-05,443.1139934583839
1,1146,6,1.202081254974174,4.4711350973703265e-05,443.1139934583839
1,1146,7,-1.6227295994428252,4.318779706748034e-05,443.1139934583839
1,1146,8,-0.8713470022079319,0.0002894727153352485,443.1139934583839
1,1147,0,6.656394583574794e-06,0.0001885677177994638,443.1139934583839
1,1147,1,1.3610099295013757e-05,9.222396405713682e-05,443.1139934583839
1,1147,2,2.1110357278187236e-05,6.63788700036536e-05,443.1139934583839
1,1147,3,2.7232341579449417e-05,5.567506251117753e-05,443.1139934583839
1,1147,4,2.1241068441828846e-05,5.014887842209857e-05,443.1139934583839
1,1147,5,3.742185442678866e-05,4.6865868647066955e-05,443.1139934583839
1,1147,6,1.1677068524769142e-05,4.4711350973703265e-05,443.1139934583839
1,1147,7,6.104221691131193e-05,4.318779706748034e-05,443.1139934583839
1,1147,8,2.1234730525664768e-05,0.0002894727153352485,443.1139934583839
1,1148,0,-0.03397172661149413,0.0001885677177994638,443.1139934583839
1,1148,1,0.0015467148635749334,9.222396405713682e-05,443.1139934583839
1,1148,2,0.0919488221026324,6.63788700036536e-05,443.1139934583839
1,1148,3,-0.2716445648799778,5.567506251117753e-05,443.1139934583839
1,1148,4,0.5043362443372116,5.014887842209857e-05,443.1139934583839
1,1148,5,-0.8208662840195314,4.6865868647066955e-05,443.1139934583839
1,1148,6,1.171431629207605,4.4711350973703265e-05,443.1139934583839
1,1148,7,-1.5875497191520593,4.318779706748034e-05,443.1139934583839
1,1148,8,-0.8541284239857005,0.0002894727153352485,443.1139934583839
1,1149,0,6.387745189209011e-06,0.0001885677177994638,443.1139934583839
1,1149,1,1.2067539421833136e-05,9.222396405713682e-05,443.1139934583839
1,1149,2,1.5189305408536988e-05,6.63788700036536e-05,443.1139934583839
1,1149,3,1.9678552286895603e-05,5.567506251117753e-05,443.1139934583839
1,1149,4,1.6054773550628967e-05,5.014887842209857e-05,443.1139934583839
1,1149,5,3.5704220530123584e-05,4.6865868647066955e-05,443.1139934583839
1,1149,6,6.610577250345746e-06,4.4711350973703265e-05,443.1139934583839
1,1149,7,5.347224990400711e-05,4.318779706748034e-05,443.1139934583839
1,1149,8,2.0748159125539834e-05,0.0002894727153352485,443.1139934583839
1,1150,0,-0.03385561743842933,0.0001885677177994638,443.1139934583839
1,1150,1,0.0028016092654496384,9.222396405713682e-05,443.1139934583839
1,1150,2,0.08715728509987854,6.63788700036536e-05,443.1139934583839
1,1150,3,-0.2615285992303937,5.567506251117753e-05,443.1139934583839
1,1150,4,0.48717488983145857,5.014887842209857e-05,443.1139934583839
1,1150,5,-0.7961949372570388,4.6865868647066955e-05,443.1139934583839
1,1150,6,1.1393530483122885,4.4711350973703265e-05,443.1139934583839
1,1150,7,-1.549977983724998,4.318779706748034e-05,443.1139934583839
1,1150,8,-0.835478245125404,0.0002894727153352485,443.1139934583839
1,1151,0,6.595450544853007e-06,0.0001885677177994638,443.1139934583839
1,1151,1,1.4289271235551954e-05,9.222396405713682e-05,443.1139934583839
1,1151,2,1.9307455828111076e-05,6.63788700036536e-05,443.1139934583839
1,1151,3,2.604354499172197e-05,5.567506251117753e-05,443.1139934583839
1,1151,4,2.1283104123557066e-05,5.014887842209857e-05,443.1139934583839
1,1151,5,3.495292717500953e-05,4.6865868647066955e-05,443.1139934583839
1,1151,6,1.0881222958106584e-05,4.4711350973703265e-05,443.1139934583839
1,1151,7,5.64728308808099e-05,4.318779706748034e-05,443.1139934583839
1,1151,8,2.0259826233751362e-05,0.0002894727153352485,443.1139934583839
1,1152,0,-0.0337395762114242,0.0001885677177994638,443.1139934583839
1,1152,1,0.004070849148955055,9.222396405713682e-05,443.1139934583839
1,1152,2,0.08230261740306964,6.63788700036536e-05,443.1139934583839
1,1152,3,-0.25124738947959063,5.567506251117753e-05,443.1139934583839
1,1152,4,0.4696187471228155,5.014887842209857e-05,443.1139934583839
1,1152,5,-0.7707381059137959,4.6865868647066955e-05,443.1139934583839
1,1152,6,1.1058552999186195,4.4711350973703265e-05,443.1139934583839
1,1152,7,-1.510045513328695,4.318779706748034e-05,443.1139934583839
1,1152,8,-0.815408596511099,0.0002894727153352485,443.1139934583839
1,1153,0,6.570363970764201e-06,0.0001885677177994638,443.1139934583839
1,1153,1,1.2075732669192714e-05,9.222396405713682e-05,443.1139934583839
1,1153,2,1.6677387897996882e-05,6.63788700036536e-05,443.1139934583839
1,1153,3,2.3300715993210698e-05,5.567506251117753e-05,443.1139934583839
1,1153,4,1.7905405048673637e-05,5.014887842209857e-05,443.1139934583839
1,1153,5,3.491429186429178e-05,4.6865868647066955e-05,443.1139934583839
1,1153,6,8.572957906050544e-06,4.4711350973703265e-05,443.1139934583839
1,1153,7,5.426941500465395e-05,4.318779706748034e-05,443.1139934583839
1,1153,8,1.9765840447509165e-05,0.0002894727153352485,443.1139934583839
1,1154,0,-0.033624791151739906,0.0001885677177994638,443.1139934583839
1,1154,1,0.005352885605730015,9.222396405713682e-05,443.1139934583839
1,1154,2,0.07738646070658543,6.63788700036536e-05,443.1139934583839
1,1154,3,-0.24079114992112918,5.567506251117753e-05,443.1139934583839
1,1154,4,0.4516711277500769,5.014887842209857e-05,443.1139934583839
1,1154,5,-0.7445085449520157,4.6865868647066955e-05,443.1139934583839
1,1154,6,1.070950473013663,4.4711350973703265e-05,443.1139934583839
1,1154,7,-1.4677734046331972,4.318779706748034e-05,443.1139934583839
1,1154,8,-0.7939345660788025,0.0002894727153352485,443.1139934583839
1,1155,0,7.4617665156858875e-06,0.0001885677177994638,443.1139934583839
1,1155,1,1.5271476863656364e-05,9.222396405713682e-05,443.1139934583839
1,1155,2,1.969599107644279e-05,6.63788700036536e-05,443.1139934583839
1,1155,3,2.3688426752816517e-05,5.567506251117753e-05,443.1139934583839
1,1155,4,2.2962978921021587e-05,5.014887842209857e-05,443.1139934583839
1,1155,5,3.680846209656629e-05,4.6865868647066955e-05,443.1139934583839
1,1155,6,1.505615490929942e-05,4.4711350973703265e-05,443.1139934583839
1,1155,7,5.495645614689712e-05,4.318779706748034e-05,443.1139934583839
1,1155,8,1.9733402019052416e-05,0.0002894727153352485,443.1139934583839
1,1156,0,-0.03350860231935987,0.0001885677177994638,443.1139934583839
1,1156,1,0.006650182026984474,9.222396405713682e-05,443.1139934583839
1,1156,2,0.0724084763939825,6.63788700036536e-05,443.1139934583839
1,1156,3,-0.2301653356991983,5.567506251117753e-05,443.1139934583839
1,1156,4,0.4333375095667452,5.014887842209857e-05,443.1139934583839
1,1156,5,-0.7175071630820397,4.6865868647066955e-05,443.1139934583839
1,1156,6,1.0346606173941792,4.4711350973703265e-05,443.1139934583839
1,1156,7,-1.423184825356714,4.318779706748034e-05,443.1139934583839
1,1156,8,-0.7710712567621892,0.0002894727153352485,443.1139934583839
1,1157,0,5.906241906649781e-06,0.0001885677177994638,443.1139934583839
1,1157,1,1.1761219947178776e-05,9.222396405713682e-05,443.1139934583839
1,1157,2,1.7156828411029675e-05,6.63788700036536e-05,443.1139934583839
1,1157,3,2.3770717213487535e-05,5.567506251117753e-05,443.1139934583839
1,1157,4,1.833781751365743e-05,5.014887842209857e-05,443.1139934583839
1,1157,5,3.226299842761182e-05,4.6865868647066955e-05,443.1139934583839
1,1157,6,1.011889768010894e-05,4.4711350973703265e-05,443.1139934583839
1,1157,7,4.980779989090966e-05,4.318779706748034e-05,443.1139934583839
1,1157,8,1.846326430585931e-05,0.0002894727153352485,443.1139934583839
1,1158,0,-0.033391307732501235,0.0001885677177994638,443.1139934583839
1,1158,1,0.007965203869330575,9.222396405713682e-05,443.1139934583839
1,1158,2,0.06737095919549307,6.63788700036536e-05,443.1139934583839
1,1158,3,-0.21936641099598045,5.567506251117753e-05,443.1139934583839
1,1158,4,0.41462569552204,5.014887842209857e-05,443.1139934583839
1,1158,5,-0.6897419653113873,4.6865868647066955e-05,443.1139934583839
1,1158,6,0.9970119251321943,4.4711350973703265e-05,443.1139934583839
1,1158,7,-1.3763167561023069,4.318779706748034e-05,443.1139934583839
1,1158,8,-0.7468363881394928,0.0002894727153352485,443.1139934583839
1,1159,0,6.954676964603782e-06,0.0001885677177994638,443.1139934583839
1,1159,1,1.3604768618641836e-05,9.222396405713682e-05,443.1139934583839
1,1159,2,1.870086165377374e-05,6.63788700036536e-05,443.1139934583839
1,1159,3,2.1767565519133292e-05,5.567506251117753e-05,443.1139934583839
1,1159,4,2.0830296664566873e-05,5.014887842209857e-05,443.1139934583839
1,1159,5,3.336537913435216e-05,4.6865868647066955e-05,443.1139934583839
1,1159,6,1.2323084422717544e-05,4.4711350973703265e-05,443.1139934583839
1,1159,7,5.362695347115498e-05,4.318779706748034e-05,443.1139934583839
1,1159,8,1.7911928364514615e-05,0.0002894727153352485,443.1139934583839
1,1160,0,-0.0332746091521694,0.0001885677177994638,443.1139934583839
1,1160,1,0.009293866187108944,9.222396405713682e-05,443.1139934583839
1,1160,2,0.06227170797031312,6.63788700036536e-05,443.1139934583839
1,1160,3,-0.2083949677065621,5.567506251117753e-05,443.1139934583839
1,1160,4,0.3955312517670239,5.014887842209857e-05,443.1139934583839
1,1160,5,-0.6612296218195398,4.6865868647066955e-05,443.1139934583839
1,1160,6,0.9580128661926542,4.4711350973703265e-05,443.1139934583839
1,1160,7,-1.3272031533028745,4.318779706748034e-05,443.1139934583839
1,1160,8,-0.7212521017932249,0.0002894727153352485,443.1139934583839
1,1161,0,6.388297559154916e-06,0.0001885677177994638,443.1139934583839
1,1161,1,1.2569909739443132e-05,9.222396405713682e-05,443.1139934583839
1,1161,2,1.731737824649747e-05,6.63788700036536e-05,443.1139934583839
1,1161,3,2.180188266188824e-05,5.567506251117753e-05,443.1139934583839
1,1161,4,2.0869288465214578e-05,5.014887842209857e-05,443.1139934583839
1,1161,5,3.274906332260824e-05,4.6865868647066955e-05,443.1139934583839
1,1161,6,1.4232251943456637e-05,4.4711350973703265e-05,443.1139934583839
1,1161,7,4.809421793449658e-05,4.318779706748034e-05,443.1139934583839
1,1161,8,1.744145680939691e-05,0.0002894727153352485,443.1139934583839
1,1162,0,-0.03315704571357862,0.0001885677177994638,443.1139934583839
1,1162,1,0.010639047349771832,9.222396405713682e-05,443.1139934583839
1,1162,2,0.057111055429042504,6.63788700036536e-05,443.1139934583839
1,1162,3,-0.1972581883111868,5.567506251117753e-05,443.1139934583839
1,1162,4,0.37606151867242277,5.014887842209857e-05,443.1139934583839
1,1162,5,-0.6319747646920155,4.6865868647066955e-05,443.1139934583839
1,1162,6,0.9176878875468487,4.4711350973703265e-05,443.1139934583839
1,1162,7,-1.2758722804829552,4.318779706748034e-05,443.1139934583839
1,1162,8,-0.6943403021987365,0.0002894727153352485,443.1139934583839
1,1163,0,6.58640704608261e-06,0.0001885677177994638,443.1139934583839
1,1163,1,1.2845850904813993e-05,9.222396405713682e-05,443.1139934583839
1,1163,2,1.8530528453103282e-05,6.63788700036536e-05,443.1139934583839
1,1163,3,2.3549860839837416e-05,5.567506251117753e-05,443.1139934583839
1,1163,4,2.131292740988384e-05,5.014887842209857e-05,443.1139934583839
1,1163,5,3.0487646461983176e-05,4.6865868647066955e-05,443.1139934583839
1,1163,6,1.4888228084917234e-05,4.4711350973703265e-05,443.1139934583839
1,1163,7,4.6326030049734975e-05,4.318779706748034e-05,443.1139934583839
1,1163,8,1.6317865549361605e-05,0.0002894727153352485,443.1139934583839
1,1164,0,-0.0330384462969971,0.0001885677177994638,443.1139934583839
1,1164,1,0.011999170859613524,9.222396405713682e-05,443.1139934583839
1,1164,2,0.05188913660944958,6.63788700036536e-05,443.1139934583839
1,1164,3,-0.1859505301269591,5.567506251117753e-05,443.1139934583839
1,1164,4,0.35622258394310946,5.014887842209857e-05,443.1139934583839
1,1164,5,-0.6019886542441165,4.6865868647066955e-05,443.1139934583839
1,1164,6,0.8760675820873606,4.4711350973703265e-05,443.1139934583839
1,1164,7,-1.2223780805705957,4.318779706748034e-05,443.1139934583839
1,1164,8,-0.666125241271919,0.0002894727153352485,443.1139934583839
1,1165,0,5.920794688428135e-06,0.0001885677177994638,443.1139934583839
1,1165,1,1.282770713025135e-05,9.222396405713682e-05,443.1139934583839
1,1165,2,1.695289125127869e-05,6.63788700036536e-05,443.1139934583839
1,1165,3,1.997997052932472e-05,5.567506251117753e-05,443.1139934583839
1,1165,4,2.0135614216850015e-05,5.014887842209857e-05,443.1139934583839
1,1165,5,2.999253315013532e-05,4.6865868647066955e-05,443.1139934583839
1,1165,6,1.2519260868394579e-05,4.4711350973703265e-05,443.1139934583839
1,1165,7,4.823394581511351e-05,4.318779706748034e-05,443.1139934583839
1,1165,8,1.539547878978107e-05,0.0002894727153352485,443.1139934583839
1,1166,0,-0.03292058374316132,0.0001885677177994638,443.1139934583839
1,1166,1,0.013376328712025485,9.222396405713682e-05,443.1139934583839
1,1166,2,0.046604654073818946,6.63788700036536e-05,443.1139934583839
1,1166,3,-0.17447278127839036,5.567506251117753e-05,443.1139934583839
1,1166,4,0.3360155125893543,5.014887842209857e-05,443.1139934583839
1,1166,5,-0.5712868248695023,4.6865868647066955e-05,443.1139934583839
1,1166,6,0.8331681130109142,4.4711350973703265e-05,443.1139934583839
1,1166,7,-1.1667587741421945,4.318779706748034e-05,443.1139934583839
1,1166,8,-0.6366349953897539,0.0002894727153352485,443.1139934583839
1,1167,0,7.134612870930162e-06,0.0001885677177994638,443.1139934583839
1,1167,1,1.2001053895005723e-05,9.222396405713682e-05,443.1139934583839
1,1167,2,1.8775936565451324e-05,6.63788700036536e-05,443.1139934583839
1,1167,3,2.171029089730503e-05,5.567506251117753e-05,443.1139934583839
1,1167,4,2.23546396820357e-05,5.014887842209857e-05,443.1139934583839
1,1167,5,3.0007379861908055e-05,4.6865868647066955e-05,443.1139934583839
1,1167,6,1.802741858146629e-05,4.4711350973703265e-05,443.1139934583839
1,1167,7,4.3042053930575025e-05,4.318779706748034e-05,443.1139934583839
1,1167,8,1.4808424822007372e-05,0.0002894727153352485,443.1139934583839
1,1168,0,-0.032802006859573796,0.0001885677177994638,443.1139934583839
1,1168,1,0.014769923799545503,9.222396405713682e-05,443.1139934583839
1,1168,2,0.041258911704611934,6.63788700036536e-05,443.1139934583839
1,1168,3,-0.16282779736058461,5.567506251117753e-05,443.1139934583839
1,1168,4,0.3154453217397845,5.014887842209857e-05,443.1139934583839
1,1168,5,-0.5398778393229817,4.6865868647066955e-05,443.1139934583839
1,1168,6,0.7890164397716588,4.4711350973703265e-05,443.1139934583839
1,1168,7,-1.109054152424017,4.318779706748034e-05,443.1139934583839
1,1168,8,-0.6058974029399552,0.0002894727153352485,443.1139934583839
1,1169,0,5.639335636994667e-06,0.0001885677177994638,443.1139934583839
1,1169,1,1.2427376432785833e-05,9.222396405713682e-05,443.1139934583839
1,1169,2,1.6336112882739096e-05,6.63788700036536e-05,443.1139934583839
1,1169,3,1.9338085457434146e-05,5.567506251117753e-05,443.1139934583839
1,1169,4,2.0805911087380996e-05,5.014887842209857e-05,443.1139934583839
1,1169,5,2.7441066115734422e-05,4.6865868647066955e-05,443.1139934583839
1,1169,6,1.5164902466920888e-05,4.4711350973703265e-05,443.1139934583839
1,1169,7,4.0567883780940113e-05,4.318779706748034e-05,443.1139934583839
1,1169,8,1.3076461454833502e-05,0.0002894727153352485,443.1139934583839
1,1170,0,-0.032682582860749335,0.0001885677177994638,443.1139934583839
1,1170,1,0.016178118131636804,9.222396405713682e-05,443.1139934583839
1,1170,2,0.035850221994210854,6.63788700036536e-05,443.1139934583839
1,1170,3,-0.15101657159298762,5.567506251117753e-05,443.1139934583839
1,1170,4,0.29451530576838786,5.014887842209857e-05,443.1139934583839
1,1170,5,-0.5077750887007476,4.6865868647066955e-05,443.1139934583839
1,1170,6,0.7436379065566371,4.4711350973703265e-05,443.1139934583839
1,1170,7,-1.0493231749497853,4.318779706748034e-05,443.1139934583839
1,1170,8,-0.573944173100193,0.0002894727153352485,443.1139934583839
1,1171,0,6.761606058685298e-06,0.0001885677177994638,443.1139934583839
1,1171,1,1.2773840712840935e-05,9.222396405713682e-05,443.1139934583839
1,1171,2,1.8988672757708746e-05,6.63788700036536e-05,443.1139934583839
1,1171,3,2.113260593634092e-05,5.567506251117753e-05,443.1139934583839
1,1171,4,2.3722439895713786e-05,5.014887842209857e-05,443.1139934583839
1,1171,5,2.782537622191919e-05,4.6865868647066955e-05,443.1139934583839
1,1171,6,2.1856104160776838e-05,4.4711350973703265e-05,443.1139934583839
1,1171,7,4.029536245914327e-05,4.318779706748034e-05,443.1139934583839
1,1171,8,1.27049679587925e-05,0.0002894727153352485,443.1139934583839
1,1172,0,-0.032562738102206286,0.0001885677177994638,443.1139934583839
1,1172,1,0.017607208198900458,9.222396405713682e-05,443.1139934583839
1,1172,2,0.030380133895108272,6.63788700036536e-05,443.1139934583839
1,1172,3,-0.13903967052502564,5.567506251117753e-05,443.1139934583839
1,1172,4,0.27323645092830595,5.014887842209857e-05,443.1139934583839
1,1172,5,-0.47498706698817444,4.6865868647066955e-05,443.1139934583839
1,1172,6,0.6970725439741703,4.4711350973703265e-05,443.1139934583839
1,1172,7,-0.9876167045418094,4.318779706748034e-05,443.1139934583839
1,1172,8,-0.5408080596588937,0.0002894727153352485,443.1139934583839
1,1173,0,5.520005578811146e-06,0.0001885677177994638,443.1139934583839
1,1173,1,9.677557491692175e-06,9.222396405713682e-05,443.1139934583839
1,1173,2,1.5554227778653246e-05,6.63788700036536e-05,443.1139934583839
1,1173,3,1.8590210106824635e-05,5.567506251117753e-05,443.1139934583839
1,1173,4,1.8574954818993282e-05,5.014887842209857e-05,443.1139934583839
1,1173,5,2.2502049060291378e-05,4.6865868647066955e-05,443.1139934583839
1,1173,6,1.2588540696219787e-05,4.4711350973703265e-05,443.1139934583839
1,1173,7,3.631402161193046e-05,4.318779706748034e-05,443.1139934583839
1,1173,8,1.0616677563272886e-05,0.0002894727153352485,443.1139934583839
1,1174,0,-0.03244163944886042,0.0001885677177994638,443.1139934583839
1,1174,1,0.019052350408103817,9.222396405713682e-05,443.1139934583839
1,1174,2,0.024849224727538432,6.63788700036536e-05,443.1139934583839
1,1174,3,-0.12689101637812655,5.567506251117753e-05,443.1139934583839
1,1174,4,0.25160998566191856,5.014887842209857e-05,443.1139934583839
1,1174,5,-0.4415312707019174,4.6865868647066955e-05,443.1139934583839
1,1174,6,0.6493446738572469,4.4711350973703265e-05,443.1139934583839
1,1174,7,-0.923987267980767,4.318779706748034e-05,443.1139934583839
1,1174,8,-0.5065242370985263,0.0002894727153352485,443.1139934583839
1,1175,0,6.1480878687743585e-06,0.0001885677177994638,443.1139934583839
1,1175,1,1.2903814079565384e-05,9.222396405713682e-05,443.1139934583839
1,1175,2,1.7720570926105593e-05,6.63788700036536e-05,443.1139934583839
1,1175,3,1.6315887242139142e-05,5.567506251117753e-05,443.1139934583839
1,1175,4,2.356199958644101e-05,5.014887842209857e-05,443.1139934583839
1,1175,5,2.4953330151037063e-05,4.6865868647066955e-05,443.1139934583839
1,1175,6,2.260758129229159e-05,4.4711350973703265e-05,443.1139934583839
1,1175,7,3.3711832334945226e-05,4.318779706748034e-05,443.1139934583839
1,1175,8,1.0100102594008042e-05,0.0002894727153352485,443.1139934583839
1,1176,0,-0.03231883568039078,0.0001885677177994638,443.1139934583839
1,1176,1,0.020516082657069848,9.222396405713682e-05,443.1139934583839
1,1176,2,0.01925484634276737,6.63788700036536e-05,443.1139934583839
1,1176,3,-0.11457626830203675,5.567506251117753e-05,443.1139934583839
1,1176,4,0.22963866331275085,5.014887842209857e-05,443.1139934583839
1,1176,5,-0.4074226480250471,4.6865868647066955e-05,443.1139934583839
1,1176,6,0.6004806330817224,4.4711350973703265e-05,443.1139934583839
1,1176,7,-0.8584897031419402,4.318779706748034e-05,443.1139934583839
1,1176,8,-0.4711290712776666,0.0002894727153352485,443.1139934583839
1,1177,0,4.649079151759937e-06,0.0001885677177994638,443.1139934583839
1,1177,1,8.482158835876156e-06,9.222396405713682e-05,443.1139934583839
1,1177,2,1.5711779584174917e-05,6.63788700036536e-05,443.1139934583839
1,1177,3,1.6459535094210667e-05,5.567506251117753e-05,443.1139934583839
1,1177,4,1.9799071670187757e-05,5.014887842209857e-05,443.1139934583839
1,1177,5,1.9972144628626547e-05,4.6865868647066955e-05,443.1139934583839
1,1177,6,1.6466519961477772e-05,4.4711350973703265e-05,443.1139934583839
1,1177,7,2.7019968951330575e-05,4.318779706748034e-05,443.1139934583839
1,1177,8,7.413390657766476e-06,0.0002894727153352485,443.1139934583839
1,1178,0,-0.032195780650389395,0.0001885677177994638,443.1139934583839
1,1178,1,0.02199890498112635,9.222396405713682e-05,443.1139934583839
1,1178,2,0.013599807169208068,6.63788700036536e-05,443.1139934583839
1,1178,3,-0.10210079286617298,5.567506251117753e-05,443.1139934583839
1,1178,4,0.20733286848850108,5.014887842209857e-05,443.1139934583839
1,1178,5,-0.37266823237393004,4.6865868647066955e-05,443.1139934583839
1,1178,6,0.5505177804016002,4.4711350973703265e-05,443.1139934583839
1,1178,7,-0.791193974096841,4.318779706748034e-05,443.1139934583839
1,1178,8,-0.43466184329953206,0.0002894727153352485,443.1139934583839
1,1179,0,6.101972156050308e-06,0.0001885677177994638,443.1139934583839
1,1179,1,1.1496804640154458e-05,9.222396405713682e-05,443.1139934583839
1,1179,2,1.6120499594504463e-05,6.63788700036536e-05,443.1139934583839
1,1179,3,1.670274406436889e-05,5.567506251117753e-05,443.1139934583839
1,1179,4,2.1798116727776943e-05,5.014887842209857e-05,443.1139934583839
1,1179,5,1.7815366800805148e-05,4.6865868647066955e-05,443.1139934583839
1,1179,6,2.389672871092835e-05,4.4711350973703265e-05,443.1139934583839
1,1179,7,2.8705687360917662e-05,4.318779706748034e-05,443.1139934583839
1,1179,8,6.826372513050119e-06,0.0002894727153352485,443.1139934583839
1,1180,0,-0.032073315608390114,0.0001885677177994638,443.1139934583839
1,1180,1,0.023497261303504713,9.222396405713682e-05,443.1139934583839
1,1180,2,0.007883224624559648,6.63788700036536e-05,443.1139934583839
1,1180,3,-0.0894581884187839,5.567506251117753e-05,443.1139934583839
1,1180,4,0.18469067936345043,5.014887842209857e-05,443.1139934583839
1,1180,5,-0.3372903036197465,4.6865868647066955e-05,443.1139934583839
1,1180,6,0.4994876106469671,4.4711350973703265e-05,443.1139934583839
1,1180,7,-0.7221623695908318,4.318779706748034e-05,443.1139934583839
1,1180,8,-0.39716420346247583,0.0002894727153352485,443.1139934583839
1,1181,0,5.099595433423696e-06,0.0001885677177994638,443.1139934583839
1,1181,1,9.27125021144152e-06,9.222396405713682e-05,443.1139934583839
1,1181,2,1.4506140864648684e-05,6.63788700036536e-05,443.1139934583839
1,1181,3,1.2545067019370843e-05,5.567506251117753e-05,443.1139934583839
1,1181,4,2.2307834131904842e-05,5.014887842209857e-05,443.1139934583839
1,1181,5,1.6734457083553623e-05,4.6865868647066955e-05,443.1139934583839
1,1181,6,1.944749533306468e-05,4.4711350973703265e-05,443.1139934583839
1,1181,7,2.026817824668032e-05,4.318779706748034e-05,443.1139934583839
1,1181,8,4.339484045355644e-06,0.0002894727153352485,443.1139934583839
1,1182,0,-0.03194735452966715,0.0001885677177994638,443.1139934583839
1,1182,1,0.025019684303330344,9.222396405713682e-05,443.1139934583839
1,1182,2,0.0021066338352704983,6.63788700036536e-05,443.1139934583839
1,1182,3,-0.07664703468189521,5.567506251117753e-05,443.1139934583839
1,1182,4,0.1617299593630935,5.014887842209857e-05,443.1139934583839
1,1182,5,-0.3013000475340058,4.6865868647066955e-05,443.1139934583839
1,1182,6,0.447432271708879,4.4711350973703265e-05,443.1139934583839
1,1182,7,-0.651452723010134,4.318779706748034e-05,443.1139934583839
1,1182,8,-0.35867703549662305,0.0002894727153352485,443.1139934583839
1,1183,0,4.180293923536982e-06,0.0001885677177994638,443.1139934583839
1,1183,1,7.4503698514795145e-06,9.222396405713682e-05,443.1139934583839
1,1183,2,1.3889293258603448e-05,6.63788700036536e-05,443.1139934583839
1,1183,3,1.1289082795194876e-05,5.567506251117753e-05,443.1139934583839
1,1183,4,1.7241827538845795e-05,5.014887842209857e-05,443.1139934583839
1,1183,5,1.1756302014499817e-05,4.6865868647066955e-05,443.1139934583839
1,1183,6,2.3074187897466852e-05,4.4711350973703265e-05,443.1139934583839
1,1183,7,1.589241813495858e-05,4.318779706748034e-05,443.1139934583839
1,1183,8,2.398853841205297e-06,0.0002894727153352485,443.1139934583839
1,1184,0,-0.03181958324184127,0.0001885677177994638,443.1139934583839
1,1184,1,0.026563402892377044,9.222396405713682e-05,443.1139934583839
1,1184,2,-0.0037294054825094533,6.63788700036536e-05,443.1139934583839
1,1184,3,-0.0636720240253316,5.567506251117753e-05,443.1139934583839
1,1184,4,0.1384525137075486,5.014887842209857e-05,443.1139934583839
1,1184,5,-0.2647100007030295,4.6865868647066955e-05,443.1139934583839
1,1184,6,0.3943873587940385,4.4711350973703265e-05,443.1139934583839
1,1184,7,-0.5791399618700507,4.318779706748034e-05,443.1139934583839
1,1184,8,-0.3192449244712145,0.0002894727153352485,443.1139934583839
1,1185,0,4.1395688841399e-06,0.0001885677177994638,443.1139934583839
1,1185,1,6.921900458984954e-06,9.222396405713682e-05,443.1139934583839
1,1185,2,1.1824373965510608e-05,6.63788700036536e-05,443.1139934583839
1,1185,3,9.164278439879181e-06,5.567506251117753e-05,443.1139934583839
1,1185,4,2.0016806656956417e-05,5.014887842209857e-05,443.1139934583839
1,1185,5,8.288417133894093e-06,4.6865868647066955e-05,443.1139934583839
1,1185,6,1.943488160596664e-05,4.4711350973703265e-05,443.1139934583839
1,1185,7,9.687493084769764e-06,4.318779706748034e-05,443.1139934583839
1,1185,8,-3.7042533184194876e-07,0.0002894727153352485,443.1139934583839
1,1186,0,-0.03169115588049165,0.0001885677177994638,443.1139934583839
1,1186,1,0.028127169849010387,9.222396405713682e-05,443.1139934583839
1,1186,2,-0.00962797910970256,6.63788700036536e-05,443.1139934583839
1,1186,3,-0.05052988066907049,5.567506251117753e-05,443.1139934583839
1,1186,4,0.11485842147700034,5.014887842209857e-05,443.1139934583839
1,1186,5,-0.2275362333193036,4.6865868647066955e-05,443.1139934583839
1,1186,6,0.34038932577753117,4.4711350973703265e-05,443.1139934583839
1,1186,7,-0.5052943890532798,4.318779706748034e-05,443.1139934583839
1,1186,8,-0.2789139781258502,0.0002894727153352485,443.1139934583839
1,1187,0,3.888872668630105e-06,0.0001885677177994638,443.1139934583839
1,1187,1,5.951960479076018e-06,9.222396405713682e-05,443.1139934583839
1,1187,2,1.2867836310359603e-05,6.63788700036536e-05,443.1139934583839
1,1187,3,5.337224997163935e-06,5.567506251117753e-05,443.1139934583839
1,1187,4,1.8409110725890373e-05,5.014887842209857e-05,443.1139934583839
1,1187,5,2.695127964528464e-06,4.6865868647066955e-05,443.1139934583839
1,1187,6,2.4074865541484914e-05,4.4711350973703265e-05,443.1139934583839
1,1187,7,3.3056530556441245e-06,4.318779706748034e-05,443.1139934583839
1,1187,8,-2.7659625919179057e-06,0.0002894727153352485,443.1139934583839
1,1188,0,-0.03155829167936105,0.0001885677177994638,443.1139934583839
1,1188,1,0.029715617159121327,9.222396405713682e-05,443.1139934583839
1,1188,2,-0.015583144046300351,6.63788700036536e-05,443.1139934583839
1,1188,3,-0.03721934889719354,5.567506251117753e-05,443.1139934583839
1,1188,4,0.09096325856431202,5.014887842209857e-05,443.1139934583839
1,1188,5,-0.18979617958621717,4.6865868647066955e-05,443.1139934583839
1,1188,6,0.28548002406467177,4.4711350973703265e-05,443.1139934583839
1,1188,7,-0.429983139559756,4.318779706748034e-05,443.1139934583839
1,1188,8,-0.23773101314485112,0.0002894727153352485,443.1139934583839
1,1189,0,1.663517980558062e-06,0.0001885677177994638,443.1139934583839
1,1189,1,2.8759895292014313e-06,9.222396405713682e-05,443.1139934583839
1,1189,2,7.274216988103076e-06,6.63788700036536e-05,443.1139934583839
1,1189,3,1.7648491357499141e-06,5.567506251117753e-05,443.1139934583839
1,1189,4,1.575662028845466e-05,5.014887842209857e-05,443.1139934583839
1,1189,5,-9.29640234646313e-07,4.6865868647066955e-05,443.1139934583839
1,1189,6,1.913423366098256e-05,4.4711350973703265e-05,443.1139934583839
1,1189,7,-8.279322615623406e-06,4.318779706748034e-05,443.1139934583839
1,1189,8,-6.594580043460331e-06,0.0002894727153352485,443.1139934583839
1,1190,0,-0.03142112544257483,0.0001885677177994638,443.1139934583839
1,1190,1,0.03133054744563254,9.222396405713682e-05,443.1139934583839
1,1190,2,-0.021589048682129942,6.63788700036536e-05,443.1139934583839
1,1190,3,-0.023737212335361017,5.567506251117753e-05,443.1139934583839
1,1190,4,0.06678220242847827,5.014887842209857e-05,443.1139934583839
1,1190,5,-0.1514927292817207,4.6865868647066955e-05,443.1139934583839
1,1190,6,0.22970559042432692,4.4711350973703265e-05,443.1139934583839
1,1190,7,-0.3532825238178289,4.318779706748034e-05,443.1139934583839
1,1190,8,-0.19574380912776604,0.0002894727153352485,443.1139934583839
1,1191,0,1.4582923320960417e-06,0.0001885677177994638,443.1139934583839
1,1191,1,9.220428119923079e-07,9.222396405713682e-05,443.1139934583839
1,1191,2,4.742656974218558e-06,6.63788700036536e-05,443.1139934583839
1,1191,3,-4.738448416125597e-06,5.567506251117753e-05,443.1139934583839
1,1191,4,9.002163958541816e-06,5.014887842209857e-05,443.1139934583839
1,1191,5,-1.543849231433447e-05,4.6865868647066955e-05,443.1139934583839
1,1191,6,2.0592610418061728e-05,4.4711350973703265e-05,443.1139934583839
1,1191,7,-1.636292109018997e-05,4.318779706748034e-05,443.1139934583839
1,1191,8,-1.0499821491879803e-05,0.0002894727153352485,443.1139934583839
1,1192,0,-0.03128121185979285,0.0001885677177994638,443.1139934583839
1,1192,1,0.032972722189339575,9.222396405713682e-05,443.1139934583839
1,1192,2,-0.027654016538233375,6.63788700036536e-05,443.1139934583839
1,1192,3,-0.010084834137439956,5.567506251117753e-05,443.1139934583839
1,1192,4,0.0423096158189478,5.014887842209857e-05,443.1139934583839
1,1192,5,-0.11264606435052461,4.6865868647066955e-05,443.1139934583839
1,1192,6,0.17310047619460286,4.4711350973703265e-05,443.1139934583839
1,1192,7,-0.27526010548878405,4.318779706748034e-05,443.1139934583839
1,1192,8,-0.15300143093984753,0.0002894727153352485,443.1139934583839
1,1193,0,1.226940009601012e-07,0.0001885677177994638,443.1139934583839
1,1193,1,-2.5291043135417732e-06,9.222396405713682e-05,443.1139934583839
1,1193,2,3.797957391746591e-06,6.63788700036536e-05,443.1139934583839
1,1193,3,-8.397820085188803e-06,5.567506251117753e-05,443.1139934583839
1,1193,4,1.3300714115252713e-05,5.014887842209857e-05,443.1139934583839
1,1193,5,-1.8397361568499208e-05,4.6865868647066955e-05,443.1139934583839
1,1193,6,1.9992397460432362e-05,4.4711350973703265e-05,443.1139934583839
1,1193,7,-3.613033082039274e-05,4.318779706748034e-05,443.1139934583839
1,1193,8,-1.6058750074346507e-05,0.0002894727153352485,443.1139934583839
1,1194,0,-0.031120248313598484,0.0001885677177994638,443.1139934583839
1,1194,1,0.03467925567063334,9.222396405713682e-05,443.1139934583839
1,1194,2,-0.033724913816283494,6.63788700036536e-05,443.1139934583839
1,1194,3,0.0038014290799844746,5.567506251117753e-05,443.1139934583839
1,1194,4,0.01762111211467123,5.014887842209857e-05,443.1139934583839
1,1194,5,-0.07320582401624987,4.6865868647066955e-05,443.1139934583839
1,1194,6,0.11579171260798282,4.4711350973703265e-05,443.1139934583839
1,1194,7,-0.19592300811818864,4.318779706748034e-05,443.1139934583839
1,1194,8,-0.10954440707058405,0.0002894727153352485,443.1139934583839
1,1195,0,-1.0647724663457872e-05,0.0001885677177994638,443.1139934583839
1,1195,1,-2.574194100757437e-05,9.222396405713682e-05,443.1139934583839
1,1195,2,-2.9477908980807317e-05,6.63788700036536e-05,443.1139934583839
1,1195,3,-5.236153863076788e-05,5.567506251117753e-05,443.1139934583839
1,1195,4,-3.31212341463272e-05,5.014887842209857e-05,443.1139934583839
1,1195,5,-7.300838966531738e-05,4.6865868647066955e-05,443.1139934583839
1,1195,6,-2.6909589410849283e-05,4.4711350973703265e-05,443.1139934583839
1,1195,7,-8.868256927776707e-05,4.318779706748034e-05,443.1139934583839
1,1195,8,-2.7559207461688672e-05,0.0002894727153352485,443.1139934583839
1,1196,0,-0.03101322209524553,0.0001885677177994638,443.1139934583839
1,1196,1,0.03628379301270558,9.222396405713682e-05,443.1139934583839
1,1196,2,-0.040027557708523384,6.63788700036536e-05,443.1139934583839
1,1196,3,0.01764391132855146,5.567506251117753e-05,443.1139934583839
1,1196,4,-0.007593195226556304,5.014887842209857e-05,443.1139934583839
1,1196,5,-0.03349938808374009,4.6865868647066955e-05,443.1139934583839
1,1196,6,0.057419371807142024,4.4711350973703265e-05,443.1139934583839
1,1196,7,-0.1156784650420249,4.318779706748034e-05,443.1139934583839
1,1196,8,-0.06545672512685813,0.0002894727153352485,443.1139934583839
1,1197,0,3.1196150812358117e-05,0.0001885677177994638,443.1139934583839
1,1197,1,6.686758813190031e-05,9.222396405713682e-05,443.1139934583839
1,1197,2,9.953403927763845e-05,6.63788700036536e-05,443.1139934583839
1,1197,3,0.00010321561122520704,5.567506251117753e-05,443.1139934583839
1,1197,4,0.00015365460825420116,5.014887842209857e-05,443.1139934583839
1,1197,5,0.00010130578766453241,4.6865868647066955e-05,443.1139934583839
1,1197,6,0.00020546249282874004,4.4711350973703265e-05,443.1139934583839
1,1197,7,7.648712382051514e-05,4.318779706748034e-05,443.1139934583839
1,1197,8,-1.6518539126067506e-05,0.0002894727153352485,443.1139934583839
1,1198,0,-0.0306266469568994,0.0001885677177994638,443.1139934583839
1,1198,1,0.03936645472621274,9.222396405713682e-05,443.1139934583839
1,1198,2,-0.0452493533599472,6.63788700036536e-05,443.1139934583839
1,1198,3,0.03394683621416159,5.567506251117753e-05,443.1139934583839
1,1198,4,-0.03138808301232118,5.014887842209857e-05,443.1139934583839
1,1198,5,0.009350135739995831,4.6865868647066955e-05,443.1139934583839
1,1198,6,0.00040720487060184814,4.4711350973703265e-05,443.1139934583839
1,1198,7,-0.03157686331548489,4.318779706748034e-05,443.1139934583839
1,1198,8,-0.020264485108227606,0.0002894727153352485,443.1139934583839
1,1199,0,-0.0003023353665483697,0.0001885677177994638,443.1139934583839
1,1199,1,-0.000677366468497946,9.222396405713682e-05,443.1139934583839
1,1199,2,-0.0009065621595266651,6.63788700036536e-05,443.1139934583839
1,1199,3,-0.0011574437979854837,5.567506251117753e-05,443.1139934583839
1,1199,4,-0.0012465377273212816,5.014887842209857e-05,443.1139934583839
1,1199,5,-0.0013834407183983758,4.6865868647066955e-05,443.1139934583839
1,1199,6,-0.0014571583704426128,4.4711350973703265e-05,443.1139934583839
1,1199,7,-0.0014817855482088212,4.318779706748034e-05,443.1139934583839
1,1199,8,-0.00021946891240685795,0.0002894727153352485,443.1139934583839
