x_m,side,body_trace_real,body_trace_imag,free_trace_real,free_trace_imag,gap_over_incident_potential,nearest_body_distance_m,nearest_free_distance_m
2.999997,-1,-1.2965300039032142e-10,-9.954192043243186e-11,0.0,0.0,6.358001079926716e-11,0.0029296875000288038,0.001874640000599991
2.999997,1,-1.296530211298789e-10,-9.954192107080345e-11,0.0,0.0,6.358001734916415e-11,0.0029296875000287934,0.001874640000599991
2.995309509375,-1,4.445489627514531e-06,3.5310354210766855e-06,-1.0839709031062092e-06,-8.609745597246191e-07,2.746699497185368e-06,0.002929757517673696,0.0013136060053595183
2.995309509375,1,4.445489627508874e-06,3.531035421063508e-06,-1.0839709031065374e-06,-8.609745597248032e-07,2.7466994971806023e-06,0.0029297575176736664,0.0013136060053595183
2.9906220187500003,-1,1.0238150806610627e-05,8.510356272943774e-06,-6.661033985146035e-06,-5.3614410067904595e-06,8.504185734177094e-06,0.0029299659198235043,0.0007554907126558238
2.9906220187500003,1,1.023815080661112e-05,8.510356272937853e-06,-6.661033985147354e-06,-5.361441006791352e-06,8.5041857341764e-06,0.0029299659198235867,0.0007554907126558238
2.985934528125,-1,8.79158942594966e-06,8.051104575232557e-06,-2.3203318482238203e-05,-1.904549709573059e-05,1.6308412340573416e-05,0.0029303104923081532,0.0002002831877466649
2.985934528125,1,8.791589425949058e-06,8.051104575227907e-06,-2.3203318482250434e-05,-1.9045497095740196e-05,1.6308412340578115e-05,0.002930310492307707,0.0002002831877466649
2.9812470375,-1,-1.1483191758203409e-05,-8.219290125128524e-06,-3.753245472599734e-05,-3.108150080200445e-05,1.3481256212489721e-05,0.0029307890126579446,0.0015229725302218881
2.9812470375,1,-1.148319175816513e-05,-8.21929012512283e-06,-3.7532454725997795e-05,-3.108150080200391e-05,1.3481256212502368e-05,0.002930789012657992,0.0015229725302218881
2.9765595468750004,-1,-3.5964408787779936e-05,-2.7903500172033457e-05,-7.471064246773805e-05,-6.2985517948592e-05,2.033089192363522e-05,0.0029313992528778115,0.0009735478740032699
2.9765595468750004,1,-3.596440878778714e-05,-2.790350017204248e-05,-7.471064246773604e-05,-6.298551794859057e-05,2.0330891923629836e-05,0.0029313992528778635,0.0009735478740032699
2.97187205625,-1,-7.51047055156868e-05,-6.038298420226464e-05,-0.0001320132794492762,-0.00011343054916160465,3.02612363058968e-05,0.0029321389821217623,0.00042699838734445213
2.97187205625,1,-7.510470551572041e-05,-6.0382984202265156e-05,-0.00013201327944927248,-0.00011343054916160347,3.0261236305885728e-05,0.0029321389821217844,0.00042699838734445213
2.967184565625,-1,-0.00014632608542432385,-0.00012321822187794389,-0.00018552200385545494,-0.00016102092392923846,2.118134986915025e-05,0.0029330059692806,0.0017583132728313305
2.967184565625,1,-0.000146326085424316,-0.00012321822187790968,-0.00018552200385545605,-0.0001610209239292315,2.118134986916011e-05,0.0029330059692805233,0.0017583132728313305
2.9624970750000004,-1,-0.0002234643344997974,-0.00019154169516761118,-0.0002777949827860448,-0.0002456026193415804,2.9812367742111805e-05,0.0029339979854678265,0.0012174817673816299
2.9624970750000004,1,-0.00022346433449977783,-0.00019154169516760768,-0.0002777949827860481,-0.0002456026193415735,2.981236774211719e-05,0.002933997985467772,0.0012174817673816299
2.957809584375,-1,-0.00032242385298345634,-0.0002812074549625799,-0.00039774509894122974,-0.00035838717417233345,4.194734207452775e-05,0.0029351128064051507,0.000679493142245087
2.957809584375,1,-0.0003224238529833717,-0.00028120745496243123,-0.0003977450989412369,-0.0003583871741723321,4.194734207459369e-05,0.0029351128064046867,0.000679493142245087
2.9531220937500002,-1,-0.00044605693057503344,-0.00039622275142443613,-0.0005534949270249551,-0.0005096282951136725,6.0763503238891626e-05,0.002936348214700069,0.00014433670300358255
2.9531220937500002,1,-0.0004460569305748226,-0.0003962227514242455,-0.0005534949270250234,-0.0005096282951137398,6.076350323903914e-05,0.0029363482146997685,0.00014433670300358255
2.9484346031250004,-1,-0.0006109016877474739,-0.0005562953308441558,-0.0006778885140453529,-0.0006287730926807205,3.838839016975362e-05,0.0029377020020222326,0.0014870017895707733
2.9484346031250004,1,-0.0006109016877475325,-0.0005562953308441646,-0.0006778885140453138,-0.0006287730926807156,3.838839016972393e-05,0.0029377020020222794,0.0014870017895707733
2.9437471125,-1,-0.0007867695908150576,-0.0007283190308026675,-0.0008746993813481355,-0.0008267297345810761,5.133253804339023e-05,0.002939171971168045,0.0009574777761924402
2.9437471125,1,-0.0007867695908149816,-0.0007283190308025728,-0.0008746993813480956,-0.0008267297345810603,5.1332538043422494e-05,0.0029391719711681632,0.0009574777761924402
2.9390596218750002,-1,-0.0009913065946850208,-0.0009330791163669873,-0.0011079796241846842,-0.0010679995449330933,6.938062368697295e-05,0.0029407559380179903,0.00043075407144642884
2.9390596218750002,1,-0.0009913065946850074,-0.0009330791163669927,-0.0011079796241846517,-0.0010679995449330722,6.938062368696032e-05,0.0029407559380180775,0.00043075407144642884
2.9343721312500004,-1,-0.0012458411266871436,-0.0011996634407406355,-0.0013278584911756073,-0.001294748935574233,4.884321927827632e-05,0.0029424517333876492,0.0017818201182425164
2.9343721312500004,1,-0.0012458411266871336,-0.0011996634407406795,-0.001327858491175581,-0.001294748935574175,4.884321927824218e-05,0.0029424517333878153,0.0017818201182425164
2.929684640625,-1,-0.0015108165426986175,-0.0014789659876357354,-0.0016125270922672308,-0.0016017836191153964,6.202703339776064e-05,0.0029442572047719312,0.0012606653938223578
2.929684640625,1,-0.0015108165426986413,-0.001478965987635694,-0.0016125270922671979,-0.0016017836191153415,6.202703339774252e-05,0.0029442572047719165,0.0012606653938223578
2.9249971500000003,-1,-0.001807656130753007,-0.0017992360441527876,-0.001935648750815831,-0.001960085784807,7.995624199065674e-05,0.002946170217982019,0.000742279409759853
2.9249971500000003,1,-0.0018076561307529201,-0.0017992360441526235,-0.00193564875081581,-0.0019600857848069662,7.995624199071236e-05,0.002946170217981779,0.000742279409759853
2.9203096593750004,-1,-0.002136089607977071,-0.002162287173272027,-0.0023000325916595443,-0.0023768761099113096,0.00010504005730552419,0.0029481886586802722,0.00022665171196073475
2.9203096593750004,1,-0.002136089607976961,-0.002162287173271947,-0.002300032591659614,-0.0023768761099113764,0.00010504005730561204,0.00294818865868005,0.00022665171196073475
2.91562216875,-1,-0.0025157487997696233,-0.0026004110813056783,-0.002632259840979039,-0.002749751971183475,7.367596597960033e-05,0.0029503104338134576,0.0015887718806627295
2.91562216875,1,-0.0025157487997696476,-0.0026004110813057143,-0.0026322598409790395,-0.002749751971183456,7.367596597957773e-05,0.002950310433813411,0.0015887718806627295
2.9109346781250003,-1,-0.0029090605641864113,-0.00305801337187484,-0.0030464839362433515,-0.0032431500122317583,8.968301327885843e-05,0.002952533472946191,0.0010786295304357554
2.9109346781250003,1,-0.002909060564186339,-0.003058013371874789,-0.00304648393624333,-0.0032431500122317176,8.968301327887343e-05,0.002952533472946231,0.0010786295304357554
2.9062471875000004,-1,-0.0033352214743884545,-0.0035661573129506016,-0.003500396625750066,-0.003800181568868489,0.00011141774979303465,0.0029548557294977445,0.0005712143101814608
2.9062471875000004,1,-0.00333522147438843,-0.003566157312950575,-0.003500396625750021,-0.00380018156886843,0.00011141774979301964,0.002954855729497832,0.0005712143101814608
2.901559696875,-1,-0.0037964664281467963,-0.004132237957836376,-0.004008262254683302,-0.004451822468422818,0.00014912864063357548,0.002957275181886356,6.651590313363001e-05
2.901559696875,1,-0.003796466428146644,-0.004132237957836136,-0.004008262254683455,-0.004451822468422989,0.00014912864063377416,0.0029572751818863104,6.651590313363001e-05
2.8968722062500003,-1,-0.004301299486842788,-0.004775539757990779,-0.004453463717478828,-0.004991948272273947,0.00010290158120059916,0.002959789834582236,0.0014395240268581175
2.8968722062500003,1,-0.004301299486842646,-0.004775539757990639,-0.004453463717478705,-0.004991948272273837,0.00010290158120061328,0.002959789834582055,0.0014395240268581175
2.8921847156250005,-1,-0.004823107867378238,-0.005448461884314854,-0.0049945002054002634,-0.005707700672452335,0.00012088109708494137,0.002962397719074139,0.0009402284332526989
2.8921847156250005,1,-0.004823107867378263,-0.0054484618843148955,-0.004994500205400156,-0.005707700672452239,0.00012088109708486845,0.00296239771907421,0.0009402284332526989
2.887497225,-1,-0.005375924487560019,-0.006180063986894148,-0.005572840577440633,-0.006497814172268557,0.00014540412475026724,0.002965096894753677,0.0004436189085470568
2.887497225,1,-0.005375924487559668,-0.006180063986893808,-0.0055728405774405935,-0.00649781417226853,0.00014540412475043456,0.0029650968947534466,0.0004436189085470568
2.8828097343750003,-1,-0.005974216429846722,-0.0070100691378942,-0.006149143057854869,-0.007270021095530851,0.00012187471508254704,0.0029678854497145026,0.0018246852733030776
2.8828097343750003,1,-0.00597421642984658,-0.007010069137894037,-0.006149143057854763,-0.007270021095530765,0.00012187471508257969,0.002967885449714413,0.0018246852733030776
2.87812224375,-1,-0.006585934333465509,-0.007865963073031924,-0.0067714325907969174,-0.008161638118990962,0.00013576807948505892,0.0029707615014812443,0.001333417382414468
2.87812224375,1,-0.006585934333465408,-0.00786596307303171,-0.00677143259079679,-0.008161638118990846,0.00013576807948508613,0.002970761501481303,0.001333417382414468
2.873434753125,-1,-0.007226059304427222,-0.008786768479246454,-0.007426309185098662,-0.009131582540950626,0.00015509890520869833,0.0029737231976598483,0.0008448051251070988
2.873434753125,1,-0.007226059304427036,-0.008786768479246202,-0.0074263091850985275,-0.009131582540950497,0.00015509890520874994,0.0029737231976599255,0.0008448051251070988
2.8687472625000003,-1,-0.007892642322664319,-0.009771813814642559,-0.00811220193647838,-0.010182687395310582,0.0001812040962927246,0.0029767687165195345,0.0003588384249387337
2.8687472625000003,1,-0.007892642322664326,-0.009771813814642743,-0.008112201936478262,-0.010182687395310449,0.00018120409629259282,0.0029767687165196434,0.0003588384249387337
2.864059771875,-1,-0.008594907318762762,-0.010861976863264624,-0.008802587472283883,-0.011205935427570687,0.00015628533103637565,0.0029798962675086256,0.0017505072397990713
2.864059771875,1,-0.008594907318762538,-0.010861976863264351,-0.008802587472283865,-0.011205935427570661,0.00015628533103649917,0.002979896267508481,0.0017505072397990713
2.85937228125,-1,-0.009310437871759551,-0.011984572249075212,-0.009521206495887526,-0.012364243973676973,0.00016891007275387365,0.0029831040917045236,0.0012698015619099917
2.85937228125,1,-0.009310437871759466,-0.011984572249075016,-0.009521206495887516,-0.012364243973676982,0.00016891007275395733,0.0029831040917046004,0.0012698015619099917
2.8546847906250004,-1,-0.010048483410428645,-0.013177729346506944,-0.010265180451571015,-0.013607578517263793,0.00018724222158692644,0.002986390462207246,0.0007917114178252402
2.8546847906250004,1,-0.010048483410428601,-0.01317772934650676,-0.010265180451571003,-0.013607578517263805,0.000187242221587,0.002986390462207299,0.0007917114178252402
2.8499973,-1,-0.010807415004945075,-0.014440853513774119,-0.011032687546312049,-0.014939281713924175,0.00021275497070700068,0.002989753684470556,0.0003162268684305941
2.8499973,1,-0.010807415004944887,-0.014440853513774044,-0.011032687546312071,-0.014939281713924222,0.00021275497070707736,0.002989753684470498,0.0003162268684305941
2.845309809375,-1,-0.011589907859360407,-0.01581400485790222,-0.011822878994108277,-0.016248884085008235,0.00019189818676410816,0.0029931920965817743,0.0017183380089439149
2.845309809375,1,-0.011589907859360178,-0.0158140048579017,-0.011822878994108235,-0.016248884085008086,0.00019189818676426985,0.0029931920965816277,0.0017183380089439149
2.8406223187500004,-1,-0.012383226621306927,-0.0172235885220062,-0.01260926770065199,-0.01769039475660329,0.00020174039618474273,0.0029967040694891,0.0012480349689149156
2.8406223187500004,1,-0.012383226621306113,-0.017223588522004875,-0.01260926770065197,-0.017690394756603178,0.00020174039618530256,0.0029967040694886663,0.0012480349689149156
2.835934828125,-1,-0.01319153135027756,-0.018707968429873923,-0.013411902899207285,-0.01922174731991475,0.00021745134940519707,0.0030002880071780575,0.0007803079122253725
2.835934828125,1,-0.01319153135027723,-0.01870796842987338,-0.013411902899207333,-0.019221747319914762,0.00021745134940545473,0.003000288007177942,0.0007803079122253725
2.8312473375000002,-1,-0.014013638761872817,-0.02026656260296963,-0.014228752321721374,-0.020846094179514257,0.00024044766638760503,0.0030039423468051435,0.0003151470370891529
2.8312473375000002,1,-0.014013638761872768,-0.02026656260296961,-0.014228752321721449,-0.02084609417951433,0.00024044766638765588,0.0030039423468051843,0.0003151470370891529
2.8265598468750004,-1,-0.014845143737741732,-0.021937308916552437,-0.015093402062759359,-0.022467519388652803,0.00022772290818566323,0.0030076655587821795,0.001727542576052031
2.8265598468750004,1,-0.014845143737741514,-0.021937308916552035,-0.01509340206275908,-0.022467519388652355,0.0002277229081856373,0.003007665558782175,0.001727542576052031
2.82187235625,-1,-0.015683689900255336,-0.023647544064546538,-0.01591334862247816,-0.0242019696328905,0.00023342360009017375,0.0030114561468210315,0.0012674847959917163
2.82187235625,1,-0.01568368990025516,-0.02364754406454649,-0.015913348622477903,-0.024201969632890098,0.00023342360009003473,0.0030114561468211885,0.0012674847959917163
2.8171848656250003,-1,-0.016528283769630954,-0.02543519183440552,-0.01673898085064065,-0.026028963537671486,0.0002450681869701411,0.0030153126479392084,0.000809963998118092
2.8171848656250003,1,-0.01652828376963077,-0.02543519183440527,-0.016738980850640416,-0.026028963537671142,0.00024506818697010046,0.0030153126479392986,0.000809963998118092
2.8124973750000004,-1,-0.017378314273877985,-0.02729960711712918,-0.017568441707837862,-0.027950859045777963,0.0002638909437964972,0.003019233632424498,0.0003549705179729315
2.8124973750000004,1,-0.01737831427387742,-0.02729960711712823,-0.017568441707837695,-0.027950859045777713,0.00026389094379680234,0.003019233632424478,0.0003549705179729315
2.807809884375,-1,-0.018222743590345772,-0.029275955169014996,-0.018474611309884433,-0.02990421440497469,0.0002632794955539653,0.0030232177037653025,0.0017774947254299775
2.807809884375,1,-0.018222743590345557,-0.029275955169014812,-0.018474611309884165,-0.029904214404974296,0.0002632794955538814,0.0030232177037653077,0.0017774947254299775
2.8031223937500003,-1,-0.019068824228399377,-0.031293491763335145,-0.019289791967414843,-0.03193433127546877,0.00026366854314357406,0.003027263498545955,0.001327527024695123
2.8031223937500003,1,-0.01906882422839914,-0.031293491763334985,-0.019289791967414555,-0.03193433127546833,0.0002636685431434654,0.003027263498545963,0.001327527024695123
2.7984349031250004,-1,-0.019910843633630902,-0.03338929432177782,-0.02009907916843254,-0.03405750247791133,0.00027002795678046296,0.0030313696863080736,0.0008800578543060877
2.7984349031250004,1,-0.019910843633630715,-0.03338929432177723,-0.020099079168432267,-0.03405750247791093,0.00027002795678052394,0.0030313696863080563,0.0008800578543060877
2.7937474125,-1,-0.020748844337687058,-0.03556275452245187,-0.020901289000342573,-0.03627540393295873,0.0002834694464880498,0.0030355349693810163,0.0004350776871326553
2.7937474125,1,-0.02074884433768588,-0.0355627545224499,-0.020901289000342486,-0.03627540393295868,0.00028346944648886954,0.003035534969380796,0.0004350776871326553
2.7890599218750003,-1,-0.02156690696068802,-0.0378462821004393,-0.021809584285221884,-0.038574514458204735,0.00029857357942640844,0.003039758082680865,0.0018675770303766895
2.7890599218750003,1,-0.021566906960687752,-0.03784628210043872,-0.02180958428522163,-0.03857451445820435,0.0002985735794264793,0.0030397580826808162,0.0018675770303766895
2.7843724312500004,-1,-0.022379179075943615,-0.040170741723032914,-0.022579119300319403,-0.04089631334045792,0.0002927438845453312,0.003044037793483098,0.0014275464255719753
2.7843724312500004,1,-0.0223791790759429,-0.04017074172303151,-0.0225791193003191,-0.04089631334045741,0.00029274388454570696,0.003044037793482951,0.0014275464255719753
2.779684940625,-1,-0.023176381431842405,-0.04257241341164863,-0.02333057127209255,-0.043309410179267885,0.0002928752512332293,0.003048372901163052,0.0009899764485842358
2.779684940625,1,-0.023176381431842134,-0.04257241341164806,-0.02333057127209225,-0.043309410179267364,0.0002928752512332453,0.003048372901163147,0.0009899764485842358
2.7749974500000003,-1,-0.02395914798131228,-0.04505092837102308,-0.024063642391665915,-0.045815382835002645,0.00030011388515137344,0.003052762236914712,0.0005548577096113547
2.7749974500000003,1,-0.02395914798131151,-0.04505092837102188,-0.024063642391665686,-0.04581538283500228,0.0003001138851517228,0.0030527622369146126,0.0005548577096113547
2.770309959375,-1,-0.02472555393107747,-0.047608604053177905,-0.024769193672396703,-0.048425559080212274,0.0003182229437828826,0.0030572046634381247,0.00012218085318305844
2.770309959375,1,-0.024725553931077317,-0.04760860405317778,-0.024769193672396547,-0.04842555908021213,0.00031822294378287445,0.0030572046634382813,0.00012218085318305844
2.76562246875,-1,-0.02544668793988684,-0.05025839140598036,-0.02561539541475781,-0.05106508417405043,0.0003205666798527268,0.0030616990746086346,0.0015669365581612374
2.76562246875,1,-0.02544668793988641,-0.05025839140597987,-0.025615395414757363,-0.0510650841740498,0.0003205666798526726,0.003061699074608565,0.0015669365581612374
2.7609349781250003,-1,-0.02615592662391424,-0.05295518041671894,-0.026269207397049337,-0.053752119785847555,0.0003131004135941156,0.0030662443951155545,0.0011391155377396822
2.7609349781250003,1,-0.026155926623913455,-0.05295518041671779,-0.026269207397048928,-0.053752119785846986,0.00031310041359436055,0.003066244395115358,0.0011391155377396822
2.7562474875,-1,-0.026838558345878588,-0.05572743495234113,-0.02689131020969727,-0.05653057886717503,0.0003130709394722626,0.0030708395800831396,0.000713708539444087
2.7562474875,1,-0.026838558345878276,-0.05572743495234055,-0.026891310209696956,-0.05653057886717459,0.00031307093947231373,0.0030708395800832164,0.000713708539444087
2.751559996875,-1,-0.02749510930293769,-0.05857511169375066,-0.027479346035274473,-0.05940315791863332,0.00032214238281290603,0.0030754836146684493,0.0002907063451323688
2.751559996875,1,-0.027495109302937394,-0.05857511169375053,-0.027479346035274212,-0.05940315791863297,0.00032214238281282206,0.003075483614668584,0.0002907063451323688
2.7468725062500003,-1,-0.02809405711367822,-0.06151525149035724,-0.028218291518197852,-0.062405253648012186,0.00034953936878747425,0.0030801755136360726,0.0017450997709942892
2.7468725062500003,1,-0.028094057113677583,-0.061515251490356186,-0.02821829151819744,-0.06240525364801144,0.0003495393687876038,0.0030801755136359485,0.0017450997709942892
2.742185015625,-1,-0.02867059913936189,-0.06449240532273119,-0.028731974441151307,-0.0653507972821665,0.0003347399447454313,0.0030849143209138756,0.0013268796675516212
2.742185015625,1,-0.028670599139361257,-0.06449240532272983,-0.028731974441150915,-0.0653507972821658,0.0003347399447456965,0.003084914320913784,0.0013268796675516212
2.737497525,-1,-0.029208445950333038,-0.06754039928892384,-0.029201419194016153,-0.06838215788027863,0.0003274291156127634,0.003089699109131064,0.0009110369196582771
2.737497525,1,-0.029208445950332684,-0.06754039928892255,-0.029201419194015806,-0.06838215788027804,0.0003274291156130387,0.0030896991091311186,0.0009110369196582771
2.7328100343750004,-1,-0.02970902362619977,-0.07065922224375844,-0.02962663008845317,-0.07150102356611333,0.00032899900657638127,0.003094528979135691,0.0004975624464999481
2.7328100343750004,1,-0.02970902362619878,-0.07065922224375665,-0.029626630088452954,-0.07150102356611307,0.00032899900657694294,0.0030945289791355956,0.0004975624464999481
2.72812254375,-1,-0.030168195728874685,-0.07385031812664136,-0.02998902498871523,-0.07471889325397071,0.00034496167338481315,0.0030994030594939416,8.644720159445979e-05
2.72812254375,1,-0.030168195728873377,-0.07385031812663834,-0.02998902498871599,-0.07471889325397293,0.0003449616733866491,0.003099403059493885,8.644720159445979e-05
2.7234350531250002,-1,-0.030548805971903816,-0.07710583953981615,-0.03055010790415515,-0.07802606170267039,0.00035793793606132726,0.0031043205059752563,0.0015526821727916626
2.7234350531250002,1,-0.030548805971903327,-0.07710583953981502,-0.030550107904154487,-0.07802606170266912,0.0003579379360612732,0.003104320505975305,0.0015526821727916626
2.7187475625000004,-1,-0.03089990321929161,-0.08040495636594813,-0.03083072999861293,-0.08128309865664221,0.00034262791884296013,0.003109280501019445,0.0011462583822733768
2.7187475625000004,1,-0.03089990321929097,-0.08040495636594719,-0.030830729998612173,-0.08128309865664061,0.00034262791884271087,0.0031092805010195733,0.0011462583822733768
2.714060071875,-1,-0.0312008600254252,-0.08376920325866723,-0.03105398572200139,-0.08462130372084928,0.00033632796443313777,0.003114282253190007,0.0007421668865533332
2.714060071875,1,-0.03120086002542239,-0.08376920325866025,-0.031053985722000785,-0.08462130372084813,0.0003363279644352262,0.003114282253189563,0.0007421668865533332
2.7093725812500002,-1,-0.03145264905591272,-0.08719799712281727,-0.03121831389909404,-0.08804193028630206,0.00034068328837545876,0.003119324996610137,0.00034039877647739497
2.7093725812500002,1,-0.03145264905591133,-0.08719799712281419,-0.031218313899093957,-0.08804193028630243,0.0003406832883766181,0.0031193249966100203,0.00034039877647739497
2.7046850906250004,-1,-0.031619179199610034,-0.09069948219362764,-0.031547006259655716,-0.09168718119421462,0.00038520825988940877,0.0031244079903930966,0.001815945177223388
2.7046850906250004,1,-0.03161917919960923,-0.09069948219362618,-0.03154700625965473,-0.09168718119421294,0.0003852082598893277,0.0031244079903932067,0.001815945177223388
2.6999976,-1,-0.03174220965351742,-0.09422169076598001,-0.0316008654699744,-0.09514270864890043,0.0003624411770179105,0.003129530518052362,0.0014187972483010527
2.6999976,1,-0.03174220965351675,-0.09422169076597807,-0.03160086546997329,-0.09514270864889827,0.0003624411770178563,0.003129530518052428,0.0014187972483010527
2.6953101093750003,-1,-0.03180331902410278,-0.09780048365284594,-0.0315859334217146,-0.09866963199658764,0.00034848538369662996,0.0031346918869045114,0.001023946183552324
2.6953101093750003,1,-0.03180331902410185,-0.09780048365284284,-0.03158593342171346,-0.09866963199658527,0.00034848538369692194,0.0031346918869044928,0.001023946183552324
2.6906226187500004,-1,-0.03180414347648462,-0.10143589229832249,-0.03150262966987461,-0.102269444109935,0.000344784940582782,0.0031398914274621734,0.0006313832111508946
2.6906226187500004,1,-0.03180414347648351,-0.10143589229831976,-0.03150262966987357,-0.10226944410993268,0.0003447849405829201,0.0031398914274621222,0.0006313832111508946
2.685935128125,-1,-0.03174444903397432,-0.10512645017172756,-0.03134667835491351,-0.10594271875997713,0.0003531946604018291,0.0031451284928172055,0.00024109959360262
2.685935128125,1,-0.031744449033973464,-0.10512645017172524,-0.0313466783549126,-0.10594271875997509,0.0003531946604019356,0.0031451284928173864,0.00024109959360262
2.6812476375000003,-1,-0.03158250920341236,-0.10886635040723965,-0.03135941332889089,-0.10983742092160219,0.00038755602358006683,0.00315040245801753,0.0017280866277453177
2.6812476375000003,1,-0.031582509203410686,-0.10886635040723543,-0.031359413328889855,-0.10983742092159976,0.0003875560235806899,0.00315040245801726,0.0017280866277453177
2.6765601468750004,-1,-0.03136953213160506,-0.11262442195646949,-0.03107935196070104,-0.11351786786328828,0.00036539255097884157,0.003155712719432477,0.0013423356447488516
2.6765601468750004,1,-0.03136953213160397,-0.11262442195646719,-0.031079351960700084,-0.11351786786328609,0.00036539255097886683,0.003155712719432414,0.0013423356447488516
2.67187265625,-1,-0.031084080364504364,-0.11642954122144915,-0.030718702165212865,-0.11726069782696764,0.00035315323714184917,0.0031610586941204317,0.0009588380101149124
2.67187265625,1,-0.03108408036450347,-0.11642954122144641,-0.03071870216521204,-0.11726069782696581,0.00035315323714215957,0.0031610586941203758,0.0009588380101149124
2.6671851656250003,-1,-0.030727661694865314,-0.12028110281617994,-0.03027751604058013,-0.12106644766493065,0.00035209670508791696,0.003166439819184325,0.0005775851236774349
2.6671851656250003,1,-0.030727661694863826,-0.12028110281617573,-0.03027751604057947,-0.12106644766492938,0.0003520967050887541,0.0031664398191841984,0.0005775851236774349
2.662497675,-1,-0.03029943752984737,-0.12417648283769583,-0.02974933255495326,-0.1249343508594312,0.00036425817518098697,0.00317185555112789,0.00019856841960215477
2.662497675,1,-0.030299437529845992,-0.12417648283769157,-0.029749332554952934,-0.12493435085943132,0.00036425817518212283,0.0031718555511278347,0.00019856841960215477
2.657810184375,-1,-0.02975729012450325,-0.12810024391546507,-0.029380119154840137,-0.12903053770651818,0.0003904641811105227,0.0031773053652092167,0.001696779366386944
2.657810184375,1,-0.02975729012450228,-0.1281002439154626,-0.029380119154838964,-0.12903053770651504,0.000390464181110312,0.003177305365209349,0.001696779366386944
2.6531226937500003,-1,-0.02915743289630314,-0.13203560036752549,-0.028720353712843705,-0.13287883249771382,0.00036943395167063765,0.0031827887547932238,0.0013222094668616513
2.6531226937500003,1,-0.02915743289630199,-0.1320356003675223,-0.028720353712842466,-0.1328788324977105,0.0003694339516706059,0.0031827887547931665,0.0013222094668616513
2.648435203125,-1,-0.028475467287524276,-0.1360065482758388,-0.027969101176212128,-0.1367781050940366,0.0003589711967603708,0.0031883052307028164,0.0009498502581880008
2.648435203125,1,-0.028475467287522316,-0.13600654827583064,-0.02796910117621098,-0.13677810509403365,0.0003589711967618944,0.003188305230702525,0.0009498502581880008
2.6437477125,-1,-0.027712855226503418,-0.14001186652581377,-0.027126232556196384,-0.1407279331496321,0.000360059266799279,0.0031938543205733286,0.0005796933118598635
2.6437477125,1,-0.027712855226501947,-0.14001186652580994,-0.02712623255619545,-0.1407279331496301,0.00036005926679969765,0.0031938543205732943,0.0005796933118598635
2.6390602218750003,-1,-0.02686922758905062,-0.14404802870076708,-0.026186120844228254,-0.14472575914664973,0.0003742908128987811,0.0031994355682102528,0.00021173023370309185
2.6390602218750003,1,-0.02686922758904947,-0.1440480287007641,-0.02618612084422749,-0.14472575914664845,0.0003742908128991386,0.0031994355682103143,0.00021173023370309185
2.63437273125,-1,-0.025904975882086078,-0.14809646401139473,-0.025377840510836077,-0.14896831998117585,0.0003962910196919631,0.003205048532947402,0.0017209526638754247
2.63437273125,1,-0.025904975882084964,-0.14809646401139165,-0.025377840510834807,-0.1489683199811723,0.0003962910196918374,0.0032050485329474,0.0017209526638754247
2.629685240625,-1,-0.0248764452080173,-0.15214446703891674,-0.02430140907999346,-0.15292194631603673,0.00037614306293328126,0.003210692789012054,0.0013573522768667995
2.629685240625,1,-0.0248764452080162,-0.15214446703891352,-0.024301409079992203,-0.15292194631603306,0.0003761430629331785,0.0032106927890120968,0.0013573522768667995
2.6249977500000004,-1,-0.02375759730495381,-0.15621498878618748,-0.023124057430703077,-0.1569129863970673,0.00036665808794661967,0.0032163679248962264,0.0009959207814989324
2.6249977500000004,1,-0.02375759730495273,-0.15621498878618406,-0.023124057430701846,-0.15691298639706347,0.00036665808794653966,0.003216367924896305,0.0009959207814989324
2.620310259375,-1,-0.02254996560171351,-0.1603064295467709,-0.021845677135539737,-0.16094026148705065,0.00036854963282777914,0.0032220735427337713,0.0006366499209256582
2.620310259375,1,-0.02254996560171259,-0.16030642954676708,-0.021845677135538567,-0.1609402614870467,0.0003685496328278225,0.003222073542733784,0.0006366499209256582
2.61562276875,-1,-0.021254345053417487,-0.1644149648131044,-0.020463543283166036,-0.16500003821894238,0.00038263096583866427,0.0032278092576858647,0.0002795314726328768
2.61562276875,1,-0.021254345053414836,-0.1644149648130869,-0.02046354328316531,-0.16500003821894177,0.00038263096584196626,0.0032278092576855737,0.0002795314726328768
2.6109352781250004,-1,-0.019835188885951684,-0.16852552722122446,-0.019166589301203824,-0.1693282717429381,0.00040636041027689273,0.003233574697334328,0.0017995572484383882
2.6109352781250004,1,-0.01983518888595064,-0.16852552722121894,-0.01916658930120252,-0.16932827174293208,0.0004063604102768082,0.0032335746973342766,0.0017995572484383882
2.6062477875,-1,-0.01834683715893304,-0.17261764557108583,-0.017646600466839763,-0.17332130411148985,0.0003861318249444415,0.003239369501088163,0.0014467190944919273
2.6062477875,1,-0.01834683715893176,-0.17261764557107984,-0.017646600466838365,-0.17332130411148322,0.0003861318249442978,0.0032393695010881278,0.0014467190944919273
2.6015602968750002,-1,-0.01676182126428605,-0.17671804948339803,-0.016018221487102937,-0.17733649202153787,0.0003761976069542938,0.0032451933195958116,0.0010960088912754379
2.6015602968750002,1,-0.01676182126428471,-0.17671804948339023,-0.016018221487101518,-0.17733649202153132,0.0003761976069546273,0.0032451933195957,0.0010960088912754379
2.5968728062500004,-1,-0.015081751727993852,-0.18082505578760744,-0.014281388236030505,-0.18137221819451824,0.00037711276859463887,0.003251045814172053,0.0007474185536026912
2.5968728062500004,1,-0.01508175172799264,-0.18082505578760277,-0.014281388236029128,-0.18137221819451219,0.0003771127685943871,0.003251045814172064,0.0007474185536026912
2.592185315625,-1,-0.01330840546607136,-0.18493519792827495,-0.01243579749801386,-0.185424534619273,0.00038914269271783224,0.0032569266562372024,0.00040094003061949546
2.592185315625,1,-0.013308405466069973,-0.18493519792826804,-0.012435797498012564,-0.1854245346192679,0.00038914269271814487,0.0032569266562371365,0.00040094003061949546
2.5874978250000003,-1,-0.011436670325487364,-0.18904175004753643,-0.010449208405853562,-0.18948184141714455,0.00042051117989292335,0.0032628355267668332,5.656530580376573e-05
2.5874978250000003,1,-0.011436670325485872,-0.18904175004753176,-0.01044920840585233,-0.18948184141714036,0.0004205111798929056,0.003262835526766889,5.656530580376573e-05
2.5828103343750004,-1,-0.00944538385411629,-0.19310968254100533,-0.008636039064956982,-0.19373885216492798,0.0003987437961368533,0.0032687721157581436,0.0015892863969652476
2.5828103343750004,1,-0.00944538385411515,-0.19310968254099828,-0.00863603906495555,-0.19373885216492112,0.00039874379613698974,0.0032687721157580608,0.0015892863969652476
2.57812284375,-1,-0.007378319876093399,-0.1971694868389716,-0.0065466020740979625,-0.19771041860625296,0.00038591526304051593,0.0032747361217068775,0.0012490953562457746
2.57812284375,1,-0.007378319876092208,-0.197169486838966,-0.006546602074096553,-0.19771041860624627,0.00038591526304035173,0.003274736121706878,0.0012490953562457746
2.5734353531250003,-1,-0.005210899081695339,-0.20122090782277818,-0.004341565352333098,-0.20168559131730543,0.000383419700950166,0.003280727251102164,0.0009109842701192084
2.5734353531250003,1,-0.005210899081694205,-0.20122090782277272,-0.004341565352331716,-0.20168559131729905,0.00038341970095008316,0.0032807272511022963,0.0009109842701192084
2.5687478625000004,-1,-0.0029456511875138947,-0.20526116912697165,-0.002021863744321262,-0.20566081314578366,0.00039150783695798537,0.0032867452179341367,0.0005749452593914045
2.5687478625000004,1,-0.0029456511875129514,-0.2052611691269658,-0.0020218637443199334,-0.20566081314577758,0.0003915078369580885,0.0032867452179341653,0.0005749452593914045
2.564060371875,-1,-0.0005848446080086977,-0.2092856732275418,0.0004142923793311223,-0.2096293863807374,0.00041098610245894406,0.003292789743216598,0.00024097047920011716
2.564060371875,1,-0.0005848446080075658,-0.20928567322753605,0.0004142923793323812,-0.20962938638073164,0.0004109861024589908,0.0032927897432166297,0.00024097047920011716
2.5593728812500003,-1,0.0019006403222139672,-0.2132710122426933,0.00280877553167214,-0.21383034173271034,0.000414860014933673,0.0032988605545271107,0.0017840521190152642
2.5593728812500003,1,0.0019006403222147667,-0.21327101224268644,0.0028087755316734495,-0.21383034173270407,0.00041486001493396083,0.0032988605545270677,0.0017840521190152642
2.554685390625,-1,0.004456370409900663,-0.2172205062430954,0.005364611288820637,-0.21769144870817658,0.0003979452185646672,0.0033049573855606002,0.0014541824026386013
2.554685390625,1,0.004456370409901468,-0.2172205062430898,0.0053646112888218415,-0.21769144870817045,0.00039794521856471084,0.0033049573855607477,0.0014541824026386013
2.5499979,-1,0.007114794744369173,-0.22114637600467207,0.008039410961872955,-0.22153859347715724,0.0003906666284440994,0.0033110799757014647,0.0011263535882040238
2.5499979,1,0.0071147947443699735,-0.22114637600466225,0.008039410961874077,-0.22153859347715152,0.00039066662844483856,0.003311079975701339,0.0011263535882040238
2.5453104093750003,-1,0.009873268477771781,-0.2250465849058526,0.010831920448275594,-0.22536885277083052,0.0003933914026841009,0.003317228069607471,0.0008005579681773928
2.5453104093750003,1,0.009873268477772588,-0.2250465849058418,0.010831920448276695,-0.225368852770826,0.0003933914026849871,0.003317228069607338,0.0008005579681773928
2.54062291875,-1,0.012728249729376334,-0.22891809250912673,0.013739768506963075,-0.2291776765398659,0.00040619840605807695,0.0033234014168143852,0.00047678786935644035
2.54062291875,1,0.012728249729377755,-0.228918092509122,0.013739768506964225,-0.22917767653986285,0.000406198406058136,0.0033234014168144217,0.00047678786935644035
2.535935428125,-1,0.01567741979037123,-0.2327559178810051,0.016767422139170002,-0.23295512134055918,0.00043099888441841956,0.0033295997713537495,0.00015503565287107446
2.535935428125,1,0.015677419790371717,-0.23275591788098993,0.016767422139171574,-0.23295512134056168,0.00043099888442007145,0.003329599771353646,0.00015503565287107446
2.5312479375000003,-1,0.018744832900376453,-0.2365294280338166,0.01972090048108202,-0.2369425514947565,0.0004122662097269869,0.0033358228913853856,0.0017102937141831448
2.5312479375000003,1,0.01874483290037741,-0.23652942803381002,0.019720900481083135,-0.2369425514947484,0.0004122662097268156,0.003335822891385402,0.0017102937141831448
2.526560446875,-1,0.021884548999165844,-0.24026379180848798,0.02285176864124873,-0.2405996414516017,0.0003982531557393923,0.0033420705388489003,0.0013925544830864084
2.526560446875,1,0.021884548999166833,-0.24026379180848118,0.02285176864124973,-0.24059964145159274,0.00039825315573911995,0.0033420705388489164,0.0013925544830864084
2.52187295625,-1,0.02512535445779099,-0.24395741426221956,0.026102583720675174,-0.24422182371447987,0.0003937795015597622,0.003348342479127302,0.001076810423706831
2.52187295625,1,0.025125354457791342,-0.24395741426220602,0.02610258372067615,-0.24422182371447101,0.0003937795015604732,0.003348342479127085,0.001076810423706831
2.5171854656250003,-1,0.028463570130703487,-0.24760848414902814,0.029470467722230248,-0.2478060283203971,0.0003991179420433999,0.003354638480726395,0.0007630540345021503
2.5171854656250003,1,0.02846357013070474,-0.24760848414902065,0.029470467722231265,-0.247806028320389,0.0003991179420432641,0.003354638480726376,0.0007630540345021503
2.512497975,-1,0.031894597566058454,-0.2512145623604514,0.0329512917738003,-0.2513478845200718,0.00041427945661288437,0.003360958314971357,0.0004512778482621965
2.512497975,1,0.03189459756605924,-0.25121456236044354,0.03295129177380131,-0.2513478845200647,0.00041427945661300786,0.0033609583149714376,0.0004512778482621965
2.507810484375,-1,0.03541522916087858,-0.25477133075138547,0.03654805264364961,-0.25483618158644533,0.000441354264008647,0.003367301755714129,0.00014147443210889288
2.507810484375,1,0.03541522916087864,-0.254771330751372,0.03654805264365097,-0.25483618158644156,0.0004413542640093669,0.003367301755714081,0.00014147443210889288
2.5031229937500004,-1,0.039045923953998606,-0.2582467824083959,0.04005730606275213,-0.25854246335582837,0.0004098631577175251,0.003373668579056242,0.0017086363874960764
2.5031229937500004,1,0.03904592395399935,-0.25824678240838767,0.04005730606275254,-0.25854246335581776,0.00040986315771714024,0.0033736685790562177,0.0017086363874960764
2.498435503125,-1,0.04274757175933865,-0.26167283780924744,0.043742941379698766,-0.26189972792959987,0.00039709867191901725,0.003380058563086111,0.0014027563502095053
2.498435503125,1,0.042747571759338986,-0.2616728378092386,0.0437429413796991,-0.26189972792958904,0.00039709867191884454,0.003380058563086311,0.0014027563502095053
2.4937480125,-1,0.04654586299478768,-0.2650417525643153,0.04754552776720323,-0.26520133292416087,0.00039376147327752786,0.0033864714876288356,0.0010988269903670772
2.4937480125,1,0.04654586299478835,-0.26504175256430695,0.04754552776720352,-0.26520133292415016,0.00039376147327723756,0.0033864714876288638,0.0010988269903670772
2.4890605218750004,-1,0.050436365154078094,-0.26835245699577454,0.05146070126819013,-0.26844498188978366,0.0004000567360917203,0.003392907134006621,0.000796841012418642
2.4890605218750004,1,0.05043636515407725,-0.2683524569957598,0.05146070126819056,-0.26844498188977395,0.00040005673609238977,0.003392907134006466,0.000796841012418642
2.48437303125,-1,0.05441377353417188,-0.2716036202996554,0.0554825514013073,-0.27162765904920905,0.00041582622996817157,0.0033993652848137938,0.0004967911551460175
2.48437303125,1,0.05441377353417281,-0.2716036202996473,0.05548255140130797,-0.2716276590492012,0.00041582622996807415,0.003399365284813871,0.0004967911551460175
2.4796855406250002,-1,0.058473393135349196,-0.27479268841458704,0.05960787437380667,-0.27474180543794763,0.0004417212654909655,0.003405845723703359,0.00019867019166310007
2.4796855406250002,1,0.058473393135349425,-0.27479268841457827,0.05960787437380753,-0.27474180543794086,0.00044172126549117604,0.0034058457237035496,0.00019867019166310007
2.4749980500000004,-1,0.06263365440307175,-0.27788902408796096,0.06366020665422115,-0.2780958690244558,0.00040732175710263193,0.003412348235182224,0.0017774709294157004
2.4749980500000004,1,0.06263365440307236,-0.2778890240879521,0.06366020665422131,-0.2780958690244454,0.00040732175710234315,0.0034123482351821896,0.0017774709294157004
2.470310559375,-1,0.06686007158310676,-0.28092104367746074,0.06786463969142704,-0.28106472557722395,0.00039472204440918116,0.003418872604417549,0.0014831862101816057
2.470310559375,1,0.06686007158310706,-0.2809210436774517,0.06786463969142706,-0.2810647255772135,0.0003947220444089978,0.0034188726044175645,0.0014831862101816057
2.4656230687500003,-1,0.07117625954980884,-0.28388066729333666,0.07217923081482566,-0.28395841297497876,0.0003912946863601149,0.0034254186170555086,0.0011908089100707703
2.4656230687500003,1,0.07117625954980648,-0.2838806672933187,0.07217923081482572,-0.283958412974969,0.0003912946863612983,0.003425418617055188,0.0011908089100707703
2.4609355781250004,-1,0.07557748905969155,-0.2867677460538824,0.07659865150246906,-0.28677598142626554,0.00039721309946448303,0.003431986059044128,0.0009003319395250314
2.4609355781250004,1,0.07557748905969201,-0.2867677460538736,0.07659865150246932,-0.2867759814262571,0.0003972130994644085,0.0034319860590441976,0.0009003319395250314
2.4562480875,-1,0.08005825914411602,-0.28958215248692476,0.08111587884867387,-0.2895164255881352,0.00041217455328765307,0.003438574716471805,0.0006117482433181526
2.4562480875,1,0.0800582591441164,-0.28958215248691727,0.08111587884867442,-0.28951642558812796,0.000412174553287711,0.0034385747164718617,0.0006117482433181526
2.4515605968750003,-1,0.08461315439752731,-0.2923231688211461,0.08572365956140886,-0.29217698482085536,0.0004356781433917046,0.0034451843754065305,0.0003250508005560454
2.4515605968750003,1,0.08461315439751715,-0.2923231688211042,0.08572365956141167,-0.292176984820856,0.00043567814339454716,0.0034451843754061324,0.0003250508005560454
2.44687310625,-1,0.08924198152543435,-0.2949833073363695,0.09043996681353535,-0.29472029371024383,0.0004770768222365897,0.0034518148217456746,4.023262467654776e-05
2.44687310625,1,0.08924198152543479,-0.2949833073363614,0.09043996681354062,-0.29472029371025277,0.0004770768222370031,0.0034518148217456955,4.023262467654776e-05
2.442185615625,-1,0.09395562978069923,-0.29753132237307667,0.09496281320477823,-0.29761553097491167,0.0003931296677085047,0.0034584658410769247,0.0016322867634495225
2.442185615625,1,0.09395562978069831,-0.29753132237306457,0.09496281320477645,-0.29761553097489585,0.00039312966770805056,0.003458465841076894,0.0016322867634495225
2.4374981250000003,-1,0.09873685611460715,-0.30000740639357376,0.09973442805588682,-0.30002689549656575,0.00038809825994431447,0.003465137218536859,0.001351206298976837
2.4374981250000003,1,0.09873685611460617,-0.3000074063935606,0.09973442805588453,-0.3000268954965487,0.0003880982599437776,0.003465137218537006,0.001351206298976837
2.432810634375,-1,0.1035947966547523,-0.30239713977269495,0.10460124864271919,-0.3023447734583145,0.0003920078208572816,0.0034718287386835624,0.0010719843476922897
2.432810634375,1,0.10359479665474726,-0.30239713977267046,0.10460124864271687,-0.30234477345829774,0.00039200782085818225,0.003471828738683306,0.0010719843476922897
2.42812314375,-1,0.10852418524463485,-0.30470147651673,0.10955617550049299,-0.30457009137386776,0.0004046519172756439,0.003478540185367478,0.0007946140603617563
2.42812314375,1,0.10852418524463238,-0.3047014765167139,0.10955617550049127,-0.3045700913738532,0.0004046519172758567,0.003478540185367359,0.0007946140603617563
2.4234356531250003,-1,0.1135195980253018,-0.306921195779158,0.1145910225679438,-0.3067035911840472,0.0004252589726280776,0.003485271341613939,0.000519088622083122
2.4234356531250003,1,0.11351959802530104,-0.30692119577914645,0.11459102256794287,-0.3067035911840356,0.0004252589726280184,0.003485271341614031,0.000519088622083122
2.4187481625,-1,0.11857637424041308,-0.30905591487865836,0.11969834077228236,-0.30874273503619715,0.0004530926415516432,0.003492021989504641,0.00024540125228619813
2.4187481625,1,0.11857637424041191,-0.30905591487864587,0.11969834077228185,-0.30874273503618715,0.0004530926415516263,0.003492021989504702,0.00024540125228619813
2.414060671875,-1,0.12370388703407931,-0.3110772064461966,0.12472290502923752,-0.3111172277114799,0.00039667163435782676,0.0034987919100642507,0.0018485452047329043
2.414060671875,1,0.12370388703407705,-0.3110772064461812,0.1247229050292349,-0.3111172277114637,0.00039667163435767373,0.003498791910064181,0.0018485452047329043
2.4093731812500003,-1,0.12888929664567958,-0.3130034408398937,0.12989035459010947,-0.31297902317866616,0.0003894959792357663,0.00350558088315077,0.0015785137675170535
2.4093731812500003,1,0.12888929664567744,-0.31300344083987963,0.12989035459010684,-0.3129790231786499,0.0003894959792355932,0.003505580883150839,0.0015785137675170535
2.404685690625,-1,0.13414107084858598,-0.31483084161301783,0.13514009553555423,-0.31473234215277346,0.00039047347871233135,0.0035123886873493996,0.0013103002630644595
2.404685690625,1,0.1341410708485838,-0.3148308416130037,0.1351400955355516,-0.31473234215275736,0.0003904734787122336,0.0035123886873495084,0.0013103002630644595
2.3999982,-1,0.13945469283140474,-0.31656105676060187,0.14046579097415537,-0.31637957413074436,0.000399570482091928,0.0035192148453927364,0.0010438980481330545
2.3999982,1,0.13945469283140097,-0.3165610567605838,0.14046579097415285,-0.3163795741307287,0.0003995704820922421,0.0035192148453926844,0.0010438980481330545
2.3953107093750003,-1,0.14482528825203092,-0.31819574724108374,0.14586010194663646,-0.3179235276016486,0.00041620426196258643,0.0035260590944679216,0.0007793005138126974
2.3953107093750003,1,0.14482528825202845,-0.3181957472410696,0.14586010194663415,-0.3179235276016337,0.00041620426196272055,0.0035260590944680495,0.0007793005138126974
2.39062321875,-1,0.1502482054053815,-0.319736057008666,0.15131514579373115,-0.31936660016492396,0.00043918336251171585,0.0035329215045835864,0.0005165010855251728
2.39062321875,1,0.1502482054053758,-0.3197360570086449,0.1513151457937295,-0.31936660016491064,0.00043918336251221615,0.003532921504583465,0.0005165010855251728
2.385935728125,-1,0.15571972170507953,-0.32118172383080507,0.15682357791857554,-0.3207079330437123,0.0004672444997627959,0.003539801848668529,0.00025549322302440003
2.385935728125,1,0.15571972170507756,-0.3211817238307917,0.15682357791857482,-0.3207079330437013,0.00046724449976287606,0.0035398018486685508,0.00025549322302440003
2.3812482375000004,-1,0.16124374933401026,-0.32250721440435537,0.16226870012248,-0.32244571958488316,0.00039939064669139803,0.0035466998978635595,0.0018712704203962538
2.3812482375000004,1,0.16124374933400754,-0.3225072144043402,0.16226870012247652,-0.3224457195848664,0.0003993906466911446,0.0035466998978637013,0.0018712704203962538
2.376560746875,-1,0.16681855390847874,-0.3237193455976296,0.1678281657008241,-0.32358563741572305,0.000396136237635504,0.0035536154214205217,0.0016138262060585301
2.376560746875,1,0.16681855390847597,-0.3237193455976148,0.16782816570082051,-0.32358563741570706,0.0003961362376352531,0.0035536154214205287,0.0016138262060585301
2.3718732562500002,-1,0.17244380745418514,-0.3248227756609147,0.17344932742604938,-0.3246063999972012,0.00040006874545337205,0.0035605481866026432,0.0013581541427611643
2.3718732562500002,1,0.17244380745417653,-0.3248227756608915,0.1734493274260461,-0.32460639999718643,0.00040006874545470806,0.003560548186602403,0.0013581541427611643
2.3671857656250004,-1,0.1781155123765974,-0.32581964844674804,0.17912643796105224,-0.32551175566062696,0.0004110514503900948,0.003567497958584715,0.0011042478275860024
2.3671857656250004,1,0.17811551237659384,-0.325819648446733,0.17912643796104957,-0.32551175566061397,0.00041105145039019243,0.0035674979585848393,0.0011042478275860024
2.362498275,-1,0.18382966736613796,-0.3267119725027639,0.1848532241977002,-0.3263057214011344,0.0004283441352278585,0.0035744645003554175,0.0008521008919468304
2.362498275,1,0.18382966736613476,-0.3267119725027481,0.18485322419769823,-0.32630572140112296,0.00042834413522767074,0.003574464500355409,0.0008521008919468304
2.3578107843750002,-1,0.1895825657384154,-0.3275011164985232,0.19062315656979723,-0.32699188660726575,0.0004506238996818527,0.0035814475726131745,0.0006017070015896242
2.3578107843750002,1,0.18958256573840498,-0.3275011164984961,0.19062315656979673,-0.32699188660725675,0.0004506238996822205,0.0035814475726129525,0.0006017070015896242
2.3531232937500004,-1,0.19537109588546925,-0.328187198235536,0.19642982387321442,-0.32757187757591305,0.00047631184770879925,0.003588446933666143,0.00035305985659220274
2.3531232937500004,1,0.1953710958854535,-0.32818719823550146,0.1964298238732184,-0.3275718775759115,0.0004763118477089817,0.00358844693366584,0.00035305985659220274
2.348435803125,-1,0.2011929473130383,-0.3287672886077943,0.20226800630816233,-0.32803528436962925,0.0005058958769225281,0.0035954623393292034,0.00010615319136439427
2.348435803125,1,0.20119294731302553,-0.3287672886077636,0.20226800630817965,-0.3280352843696492,0.0005058958769211185,0.003595462339329094,0.00010615319136439427
2.3437483125000003,-1,0.20705168028336915,-0.329199499978779,0.20808275519765893,-0.32895056816334173,0.000412578693513228,0.003602493542820249,0.0017359807746481076
2.3437483125000003,1,0.20705168028336077,-0.32919949997875614,0.20808275519765007,-0.32895056816331747,0.00041257869351317634,0.003602493542820142,0.0017359807746481076
2.339060821875,-1,0.21294463438397923,-0.32951981699137073,0.213960887396287,-0.3291861747152199,0.0004160487281142415,0.0036095402946531552,0.0014925364095172144
2.339060821875,1,0.2129446343839694,-0.3295198169913461,0.2139608873962766,-0.32918617471519374,0.00041604872811421825,0.003609540294653059,0.0014925364095172144
2.33437333125,-1,0.21886809486829273,-0.329725195831875,0.21987482944892436,-0.32929864636953876,0.0004252868376813636,0.003616602342531108,0.001250813933377573
2.33437333125,1,0.21886809486828504,-0.3297251958318534,0.21987482944891315,-0.3292986463695121,0.00042528683768086763,0.0036166023425311267,0.001250813933377573
2.3296858406250003,-1,0.22481893350707335,-0.3298177952655413,0.2258200605522564,-0.3292923696233318,0.00043978019378008293,0.0036236794312375768,0.0010108072179670774
2.3296858406250003,1,0.22481893350706506,-0.3298177952655193,0.22582006055224507,-0.32929236962330544,0.0004397801937798336,0.0036236794312375763,0.0010108072179670774
2.32499835,-1,0.23079417170010824,-0.32979927104522294,0.2317919398130841,-0.32917147365499244,0.00045853296928984435,0.0036307713025243143,0.0007725101693555475
2.32499835,1,0.23079417170009967,-0.3297992710452002,0.23179193981307306,-0.3291714736549671,0.0004585329692895716,0.003630771302524397,0.0007725101693555475
2.320310859375,-1,0.23679109747029206,-0.3296703604763381,0.23778580025510243,-0.3289390880416144,0.00048021374670671654,0.0036378776949991865,0.0005359167279448823
2.320310859375,1,0.23679109747028138,-0.3296703604763135,0.23778580025509236,-0.3289390880415907,0.00048021374670670326,0.0036378776949991033,0.0005359167279448823
2.3156233687500003,-1,0.24280730621733787,-0.3294304501815976,0.2437969604035153,-0.32859558792359256,0.0005036220994457279,0.003644998344009673,0.0003010208684689625
2.3156233687500003,1,0.24280730621731206,-0.32943045018155176,0.243796960403511,-0.32859558792357674,0.000503622099444591,0.0036449983440093856,0.0003010208684689625
2.310935878125,-1,0.24884036168954474,-0.3290752622493571,0.24981944417957494,-0.32812290735141014,0.0005312779862794057,0.003652132981525786,6.781659999360867e-05
2.310935878125,1,0.2488403616895021,-0.32907526224929134,0.24981944417962385,-0.3281229073514641,0.0005312779862724544,0.003652132981525568,6.781659999360867e-05
2.3062483875,-1,0.25488682135297475,-0.32856290798470894,0.2559168638170368,-0.32810726514028177,0.0004381033728637688,0.0036592813360207884,0.0017112979659167776
2.3062483875,1,0.25488682135296103,-0.3285629079846807,0.25591686381701617,-0.3281072651402433,0.0004381033728629077,0.0036592813360208165,0.0017112979659167776
2.3015608968750003,-1,0.2609480600391675,-0.3279357359826902,0.26194869380747976,-0.32739412779048743,0.00044257170438834887,0.0036664431323490767,0.0014814590439682779
2.3015608968750003,1,0.2609480600391508,-0.3279357359826581,0.26194869380745384,-0.3273941277904427,0.00044257170438754,0.0036664431323490823,0.0014814590439682779
2.29687340625,-1,0.2670203137985647,-0.32718939682014764,0.2679931103840542,-0.3265567945102191,0.00045135767285657167,0.0036736180916206954,0.0012532939462100018
2.29687340625,1,0.2670203137985463,-0.3271893968201138,0.26799311038402496,-0.3265567945101707,0.0004513576728561142,0.003673618091620717,0.0012532939462100018
2.292185915625,-1,0.27310124177184,-0.32632571309236047,0.2740473749966865,-0.3255991909211046,0.0004639994272823316,0.0036808059310758276,0.0010267968190358218
2.292185915625,1,0.2731012417718193,-0.32632571309232383,0.2740473749966562,-0.3255991909210554,0.0004639994272823369,0.0036808059310757986,0.0010267968190358218
2.2874984250000003,-1,0.2791885184322034,-0.3253459606184709,0.28010862823440547,-0.32452475884469484,0.00047970645071401227,0.0036880063639552194,0.0008019618431716474
2.2874984250000003,1,0.279188518432182,-0.3253459606184338,0.28010862823437643,-0.32452475884464754,0.0004797064507144347,0.003688006363955139,0.0008019618431716474
2.282810934375,-1,0.2852797883194759,-0.3242506232570793,0.28617381277604503,-0.3233359106822261,0.0004975118678730044,0.003695219099369275,0.0005787832336752868
2.282810934375,1,0.2852797883194435,-0.3242506232570297,0.2861738127760205,-0.3233359106821847,0.0004975118678728622,0.0036952190993690052,0.0005787832336752868
2.27812344375,-1,0.2913726370505645,-0.32303919853959195,0.2922394761725998,-0.3220329483875686,0.0005166038894365414,0.0037024438421635417,0.0003572552399366685
2.27812344375,1,0.2913726370505464,-0.32303919853955965,0.29223947617258217,-0.32203294838753577,0.0005166038894368013,0.0037024438421635808,0.0003572552399366685
2.2734359531250004,-1,0.297464367413312,-0.3217095982547921,0.2983005559894771,-0.3206087127472492,0.0005377286257137923,0.0037096802927852443,0.00013737214567767497
2.2734359531250004,1,0.2974643674132935,-0.32170959825475853,0.29830055598946387,-0.32060871274722214,0.0005377286257130212,0.003709680292785223,0.00013737214567767497
2.2687484625,-1,0.30354528482438653,-0.3202319246261682,0.3045381922768276,-0.31957868135086004,0.0004622990225313382,0.0037169281471424844,0.0017941282689521304
2.2687484625,1,0.3035452848243651,-0.3202319246261323,0.3045381922767985,-0.31957868135081435,0.0004622990225309495,0.0037169281471425546,0.0017941282689521304
2.264060971875,-1,0.3096180805291543,-0.31862772411081225,0.3105608175779473,-0.3179003677603514,0.0004631505178975729,0.0037241870964663665,0.0015775179621460023
2.264060971875,1,0.3096180805291321,-0.31862772411077606,0.31056081757791826,-0.31790036776030633,0.0004631505178975806,0.003724187096466467,0.0015775179621460023
2.2593734812500004,-1,0.3156823369941023,-0.31690229780300017,0.31657540610117607,-0.3160978050350239,0.00046753661005412793,0.003731456827168074,0.0013625356119770782
2.2593734812500004,1,0.31568233699408044,-0.3169022978029642,0.31657540610114787,-0.3160978050349804,0.00046753661005425,0.0037314568271681167,0.0013625356119770782
2.254685990625,-1,0.321736133068014,-0.3150572934172965,0.32258056590922046,-0.3141741028322422,0.00047528920815798813,0.0037387370206950717,0.0011491756394952785
2.254685990625,1,0.32173613306799065,-0.31505729341725836,0.32258056590919376,-0.3141741028322008,0.000475289208157998,0.003738737020694989,0.0011491756394952785
2.2499985000000002,-1,0.32777738046275107,-0.3130940054984304,0.328574595763625,-0.31213203507989246,0.00048596793730950537,0.0037460273533851474,0.0009374325000825051
2.2499985000000002,1,0.3277773804627295,-0.31309400549839467,0.3285745957636003,-0.3121320350798536,0.00048596793730966485,0.0037460273533851496,0.0009374325000825051
2.2453110093750004,-1,0.333803762080319,-0.31101323751053306,0.33455533803143517,-0.3099737339772558,0.0004989474879951041,0.0037533274963197647,0.000727300683452628
2.2453110093750004,1,0.33380376208029844,-0.31101323751049736,0.3345553380314126,-0.3099737339772194,0.0004989474879948634,0.003753327496319769,0.000727300683452628
2.24062351875,-1,0.33981270132002084,-0.30881521500132453,0.3405199931400584,-0.3077002457360991,0.0005135886192470001,0.0037606371151743725,0.0005187747136515125
2.24062351875,1,0.33981270131997793,-0.30881521500126957,0.3405199931400402,-0.30770024573606714,0.0005135886192446102,0.003760637115174066,0.0005187747136515125
2.2359360281250003,-1,0.3458013345257572,-0.30649953912990135,0.34646470517073064,-0.3053104648318977,0.0005296202559195876,0.00376795587006675,0.0003118491490570613
2.2359360281250003,1,0.3458013345257369,-0.30649953912986716,0.34646470517071964,-0.3053104648318723,0.0005296202559183651,0.0037679558700667664,0.0003118491490570613
2.2312485375,-1,0.35176621073036896,-0.30406448611196846,0.3523819121245784,-0.3027944258847411,0.0005490029315498723,0.003775283415408153,0.00010651858237913092
2.2312485375,1,0.35176621073034825,-0.30406448611193426,0.3523819121245701,-0.3027944258847181,0.000549002931548048,0.0037752834154082394,0.00010651858237913092
2.226561046875,-1,0.3576921879351013,-0.3014836117056597,0.3585385692218063,-0.30061657903070477,0.0004712956727842905,0.0037826193997475576,0.0017777776406596446
2.226561046875,1,0.3576921879350751,-0.30148361170562005,0.3585385692217786,-0.3006165790306632,0.00047129567278442403,0.003782619399747443,0.0017777776406596446
2.2218735562500003,-1,0.3635878710632372,-0.29878317246825226,0.3643676148666841,-0.29786206661060965,0.0004694186805967664,0.0037899634656178866,0.0015756209852724884
2.2218735562500003,1,0.3635878710632118,-0.29878317246821484,0.36436761486665814,-0.2978620666105707,0.00046941868059708833,0.0037899634656178463,0.0015756209852724884
2.217186065625,-1,0.3694532895383144,-0.29596368372448567,0.37016809300556197,-0.2949860875975579,0.0004710598614920037,0.003797315249382574,0.0013750433119234934
2.217186065625,1,0.3694532895382864,-0.29596368372444687,0.3701680930055381,-0.2949860875975219,0.000471059861492088,0.003797315249382467,0.0013750433119234934
2.212498575,-1,0.3752865398404577,-0.293026761286178,0.37593885411380323,-0.2919910385329442,0.00047610709404966104,0.003804674381078087,0.0011760393506506095
2.212498575,1,0.37528653984043614,-0.29302676128614413,0.37593885411378164,-0.2919910385329111,0.00047610709404941206,0.003804674381078205,0.0011760393506506095
2.2078110843750003,-1,0.3810854435539862,-0.28997385960504196,0.3816782217932125,-0.28887922220557827,0.0004842022498547353,0.003812040484259622,0.000978603865823699
2.2078110843750003,1,0.3810854435539634,-0.28997385960500843,0.38167822179319283,-0.28887922220554757,0.00048420224985435296,0.003812040484259671,0.000978603865823699
2.20312359375,-1,0.38684751107751536,-0.2868061997810123,0.38738386528941077,-0.28565265656519784,0.0004948222208200323,0.003819413175843005,0.0007827316561446335
2.20312359375,1,0.3868475110774711,-0.2868061997809626,0.38738386528939406,-0.2856526565651701,0.000494822220816814,0.003819413175842644,0.0007827316561446335
2.198436103125,-1,0.3925700545304627,-0.28352465288788026,0.3930526623315061,-0.28231280938130665,0.0005073730428011585,0.003826792065947687,0.0005884175546473774
2.198436103125,1,0.3925700545304225,-0.2835246528878342,0.39305266233149616,-0.28231280938128434,0.0005073730427969268,0.0038267920659473976,0.0005884175546473774
2.1937486125000003,-1,0.3982501399432344,-0.28012978327426774,0.39868043580466095,-0.2788600840377409,0.000521463322297122,0.0038341767577421823,0.00039565642869769657
2.1937486125000003,1,0.3982501399432041,-0.28012978327422944,0.3986804358046607,-0.2788600840377258,0.0005214633222923303,0.0038341767577420626,0.00039565642869769657
2.189061121875,-1,0.40388462159536087,-0.2766217170125206,0.40426084959198394,-0.27529198098301816,0.0005375295500045765,0.0038415668472863143,0.00020444317999358808
2.189061121875,1,0.40388462159533395,-0.276621717012485,0.40426084959199227,-0.2752919809830088,0.0005375295499985028,0.0038415668472862306,0.00020444317999358808
2.18437363125,-1,0.4094667504560956,-0.2729951278405919,0.40975839107712436,-0.2715614560668449,0.0005690744378600934,0.003848961923375167,1.4772744564892082e-05
2.18437363125,1,0.4094667504559769,-0.2729951278404961,0.40975839107774925,-0.2715614560672416,0.0005690744377300483,0.003848961923375031,1.4772744564892082e-05
2.1796861406250003,-1,0.4149828876914012,-0.2692347857850735,0.41556950381113683,-0.2682170583207594,0.00045691611151832764,0.003856361567383838,0.0017016400927735292
2.1796861406250003,1,0.4149828876913636,-0.269234785785032,0.41556950381108737,-0.26821705832071074,0.0004569161115184521,0.003856361567383865,0.0017016400927735292
2.17499865,-1,0.4204505100705683,-0.2653668650311971,0.42096813396846505,-0.2643135797416,0.0004564948476623529,0.003863765353114121,0.0015150402293133691
2.17499865,1,0.4204505100705228,-0.26536686503114987,0.420968133968401,-0.26431357974154257,0.0004564948476627282,0.0038637653531140436,0.0015150402293133691
2.170311159375,-1,0.4258642993263127,-0.26138765840501893,0.42631554910976066,-0.2602953827060357,0.0004596899589699972,0.003871172846639816,0.0013299681932103236
2.170311159375,1,0.425864299326252,-0.2613876584049629,0.42631554910968733,-0.26029538270597286,0.0004596899589705721,0.00387117284663953,0.0013299681932103236
2.1656236687500003,-1,0.4312222800144597,-0.2572991071173078,0.4316100182479923,-0.25616515608153057,0.00046614382326104253,0.0038785836061556644,0.0011464190578222844
2.1656236687500003,1,0.43122228001437746,-0.25729910711723947,0.43161001824791706,-0.25616515608146667,0.00046614382326029525,0.0038785836061550486,0.0011464190578222844
2.160936178125,-1,0.4365222808961052,-0.2531030671802256,0.4368493426569992,-0.2519256666121029,0.00047531293242262574,0.0038859971818257953,0.0009643879308391112
2.160936178125,1,0.43652228089605183,-0.2531030671801757,0.4368493426569295,-0.2519256666120427,0.0004753129324247905,0.0038859971818257684,0.0009643879308391112
2.1562486875,-1,0.4417619704992627,-0.24880121927403234,0.4420307943373826,-0.2475795792856805,0.00048654840793710164,0.0038934131156387734,0.0007838699542827843
2.1562486875,1,0.4417619704992133,-0.24880121927398505,0.44203079433732134,-0.247579579285626,0.00048654840793884997,0.0038934131156388102,0.0007838699542827843
2.1515611968750004,-1,0.4469388909661104,-0.24439501794874785,0.44715104260278743,-0.243129227397759,0.0004992203263206849,0.003900830941256751,0.0006048603045070988
2.1515611968750004,1,0.44693889096606165,-0.24439501794870133,0.4471510426027345,-0.24312922739771012,0.0004992203263213223,0.0039008309412568287,0.0006048603045070988
2.14687370625,-1,0.45205053434331427,-0.23988565179888913,0.4522059746817771,-0.2385762529218844,0.0005128912906028378,0.003908250183874062,0.00042735419219802617
2.14687370625,1,0.4520505343432545,-0.2398856517988375,0.45220597468173207,-0.23857625292184093,0.0005128912906003629,0.003908250183873914,0.00042735419219802617
2.1421862156250002,-1,0.4570943382766407,-0.23527403431422095,0.4571899549740402,-0.2339207004359167,0.0005277166781809866,0.0039156703600739615,0.0002513468623734083
2.1421862156250002,1,0.45709433827658735,-0.23527403431417346,0.45718995497400133,-0.2339207004358777,0.0005277166781780885,0.0039156703600740465,0.0002513468623734083
2.1374987250000004,-1,0.46206703684119316,-0.230560173621874,0.4620895307636119,-0.22915486292760479,0.0005466918307158002,0.003923090977692654,7.683359438323545e-05
2.1374987250000004,1,0.46206703684108175,-0.23056017362179834,0.4620895307636396,-0.22915486292759943,0.0005466918306893233,0.0039230909776924,7.683359438323545e-05
2.132811234375,-1,0.4669507820974814,-0.2257282180553167,0.4673066604586413,-0.22466058170288053,0.0004377404224412559,0.0039305115356796086,0.0017788097019093008
2.132811234375,1,0.46695078209741586,-0.2257282180552644,0.4673066604585598,-0.22466058170281938,0.00043774042244256345,0.003930511535679702,0.0017788097019093008
2.1281237437500002,-1,0.4717625540453601,-0.22079644000538717,0.4720551096330229,-0.21970565394205885,0.0004392768582617887,0.00393793152396988,0.0016072705329655546
2.1281237437500002,1,0.4717625540452942,-0.22079644000533516,0.4720551096329365,-0.21970565394199598,0.0004392768582638018,0.003937931523969962,0.0016072705329655546
2.123436253125,-1,0.47649843453882434,-0.21576590275620472,0.47672804708467975,-0.2146483367930701,0.00044377822496721443,0.0039453504233517775,0.0014372114698979477
2.123436253125,1,0.4764984345387562,-0.21576590275615218,0.4767280470845913,-0.2146483367930072,0.00044377822496957284,0.003945350423351773,0.0014372114698979477
2.1187487625,-1,0.48115696122351903,-0.21063884239082473,0.48132413573931143,-0.20949186711128598,0.00045085135434761364,0.003952767705343392,0.0012686279293842584
2.1187487625,1,0.48115696122345025,-0.21063884239077155,0.48132413573922367,-0.2094918671112242,0.0004508513543498604,0.003952767705343517,0.0012686279293842584
2.1140612718750003,-1,0.4857366003634362,-0.20541741580402553,0.48584193492727507,-0.20423954003149672,0.0004599851140113121,0.003960182832072603,0.0011015153624345242
2.1140612718750003,1,0.48573660036336747,-0.20541741580397305,0.4858419349271899,-0.20423954003143704,0.00045998511401352794,0.003960182832072682,0.0011015153624345242
2.10937378125,-1,0.4902357330877634,-0.20010362970613954,0.49027982698164435,-0.19889454865410108,0.00047060726970561223,0.003967595256159816,0.0009358692543905422
2.10937378125,1,0.49023573308768137,-0.20010362970608245,0.4902798269815646,-0.19889454865404468,0.0004706072697053747,0.0039675952561596,0.0009358692543905422
2.104686290625,-1,0.4946526618087573,-0.19469927807326193,0.49463593663985006,-0.1934598142575656,0.00048215646509327625,0.003975004420605754,0.0007716851249262857
2.104686290625,1,0.49465266180868644,-0.19469927807321025,0.4946359366397781,-0.1934598142575135,0.0004821564650934439,0.003975004420605839,0.0007716851249262857
2.0999988000000003,-1,0.4989856084272375,-0.18920593025140445,0.49890802651840455,-0.1879378047744465,0.0004941832886026971,0.003982409758687683,0.0006089585280476262
2.0999988000000003,1,0.49898560842716166,-0.18920593025135132,0.4989080265183412,-0.18793780477439878,0.0004941832886002992,0.003982409758687559,0.0006089585280476262
2.095311309375,-1,0.5032327258201563,-0.18362495379170374,0.5030933108071214,-0.18233030648132775,0.0005064886023707255,0.003989810693854052,0.00044768505209247245
2.095311309375,1,0.5032327258200896,-0.18362495379165494,0.5030933108070658,-0.18233030648128393,0.0005064886023683418,0.003989810693854065,0.00044768505209247245
2.09062381875,-1,0.5073921257806878,-0.1779575326818761,0.5071879321436179,-0.17663798342876205,0.0005193722491097052,0.0039972066396317925,0.0002878603197307428
2.09062381875,1,0.5073921257806219,-0.1779575326818276,0.5071879321435663,-0.17663798342872047,0.000519372249106186,0.00399720663963183,0.0002878603197307428
2.0859363281250003,-1,0.5114616798144153,-0.17220459414899508,0.5111843194809935,-0.1708585437696548,0.0005345709291054248,0.004004596999534242,0.00012947998796436488
2.0859363281250003,1,0.511461679814348,-0.17220459414894737,0.5111843194809401,-0.17085854376961285,0.0005345709291021466,0.004004596999534297,0.00012947998796436488
2.0812488375,-1,0.5154278817056522,-0.16635928177924073,0.5155563720243432,-0.1652650698374079,0.0004285385330871344,0.004011981166977722,0.0018475397481271805
2.0812488375,1,0.5154278817055783,-0.16635928177919113,0.5155563720242701,-0.16526506983735822,0.00042853853308720183,0.004011981166977665,0.0018475397481271805
2.076561346875,-1,0.5192954399027511,-0.1604273734376771,0.5193618849606593,-0.15932032618697675,0.0004313815946273194,0.004019358525202927,0.0016920353258851328
2.076561346875,1,0.5192954399026839,-0.1604273734376303,0.5193618849605918,-0.15932032618693062,0.00043138159462705294,0.0040193585252029556,0.0016920353258851328
2.0718738562500003,-1,0.5230679326280467,-0.15441497555790165,0.5230703403403002,-0.15329400167768378,0.00043602470926885147,0.004026728447204622,0.0015379624812361659
2.0718738562500003,1,0.5230679326279817,-0.15441497555785683,0.5230703403402382,-0.15329400167764087,0.00043602470926810917,0.004026728447204647,0.0015379624812361659
2.067186365625,-1,0.5267445943466434,-0.14832419037008956,0.5266816990067466,-0.14718896059483857,0.00044224598102489984,0.004034090295666014,0.0013853170085101618
2.067186365625,1,0.5267445943465803,-0.14832419037004593,0.5266816990066895,-0.14718896059479847,0.0004422459810233994,0.0040340902956660886,0.0013853170085101618
2.062498875,-1,0.5303245843912253,-0.14215704059377768,0.5301959237157646,-0.14100795508685973,0.0004497512333876075,0.004041443422901757,0.0012340947363690125
2.062498875,1,0.5303245843911638,-0.14215704059373527,0.5301959237157113,-0.1410079550868218,0.00044975123338552464,0.004041443422901967,0.0012340947363690125
2.0578113843750003,-1,0.5338069394413649,-0.13591544899663655,0.5336128341920237,-0.13475355641593292,0.0004582029662101043,0.0040487871708085,0.0010842915278066467
2.0578113843750003,1,0.5338069394412768,-0.13591544899658822,0.5336128341919747,-0.134753556415897,0.00045820296620283253,0.00404878717080812,0.0010842915278066467
2.05312389375,-1,0.5371905382605071,-0.12960123575502044,0.5369319650172248,-0.12842809436440122,0.0004672679094691974,0.004056120870818882,0.0009359032801489753
2.05312389375,1,0.5371905382604508,-0.12960123575498067,0.5369319650171818,-0.12842809436436742,0.00046726790946582453,0.0040561208708188795,0.0009359032801489753
2.048436403125,-1,0.5404740997698062,-0.12321611327976756,0.5401524321215984,-0.12203360760194482,0.00047667148713077676,0.0040634438438724545,0.000788925925053946
2.048436403125,1,0.5404740997697345,-0.1232161132797254,0.5401524321215617,-0.12203360760191298,0.00047667148712331956,0.004063443843872233,0.000788925925053946
2.0437489125000003,-1,0.5436561946988492,-0.11676171315402026,0.5432728054675094,-0.11557180576519067,0.0004862679010657396,0.0040707554003831005,0.0006433554285113774
2.0437489125000003,1,0.543656194698797,-0.11676171315398323,0.5432728054674785,-0.11557180576516055,0.00048626790106065656,0.004070755400383048,0.0006433554285113774
2.039061421875,-1,0.5467352830044868,-0.11023962645078617,0.5462909656845952,-0.10904403286388911,0.000496123673973145,0.0040780548402245265,0.0004991877908433195
2.039061421875,1,0.5467352830044362,-0.11023962645075085,0.5462909656845668,-0.10904403286386001,0.0004961236739678695,0.004078054840224557,0.0004991877908433195
2.03437393125,-1,0.549709767486115,-0.10365145188820879,0.5492038510889032,-0.10245118869354972,0.0005066431547316361,0.004085341452718255,0.0003564190467035544
2.03437393125,1,0.5497097674860664,-0.103651451888174,0.5492038510888732,-0.10245118869352059,0.0005066431547268056,0.0040853414527183725,0.0003564190467035544
2.0296864406250004,-1,0.5525780281776432,-0.09699881705402474,0.5520066528116895,-0.09579341916704838,0.00051886929789651,0.004092614516633201,0.00021504526507812316
2.0296864406250004,1,0.5525780281775934,-0.09699881705399126,0.5520066528116541,-0.09579341916701868,0.0005188692978927739,0.004092614516633219,0.00021504526507812316
2.02499895,-1,0.5553379926517259,-0.09028320583920132,0.5546874089317833,-0.08906785514970592,0.0005362037640500238,0.004099873300192935,7.50625492848267e-05
2.02499895,1,0.5553379926515767,-0.09028320583915342,0.5546874089318683,-0.08906785514969608,0.0005362037639939671,0.004099873300192638,7.50625492848267e-05
2.0203114593750002,-1,0.557974090440621,-0.08350121217534116,0.5577839373914847,-0.0824414976232633,0.00041877910972141293,0.004107116891403227,0.0018114670369736297
2.0203114593750002,1,0.5579740904405647,-0.08350121217530915,0.5577839373914305,-0.08244149762323602,0.0004187791097194562,0.0041071168914033115,0.0018114670369736297
2.01562396875,-1,0.5604993191808693,-0.07666110634572508,0.5602471589144591,-0.0756091241109771,0.0004207791335190902,0.004114344657715224,0.0016742549001264595
2.01562396875,1,0.5604993191807859,-0.07666110634569104,0.560247158914392,-0.07560912411094836,0.00042077913351560523,0.004114344657714818,0.0016742549001264595
2.010936478125,-1,0.5629138792546143,-0.06976427786337609,0.562599562062104,-0.06871980987387491,0.0004242627679209143,0.00412155589864228,0.001538422345057272
2.010936478125,1,0.5629138792545502,-0.0697642778633448,0.562599562062028,-0.06871980987384503,0.00042426276792171863,0.00412155589864229,0.001538422345057272
2.0062489875000002,-1,0.5652171712327266,-0.0628127748283088,0.5648413938270501,-0.06177555155528405,0.0004291085529072702,0.0041287498401789136,0.0014039656124118782
2.0062489875000002,1,0.5652171712326606,-0.06281277482827775,0.5648413938269687,-0.06177555155525335,0.0004291085529091758,0.0041287498401789465,0.0014039656124118782
2.001561496875,-1,0.5674084907796072,-0.05580866875664242,0.5669726806410186,-0.05477842722667551,0.0004351111400150817,0.0041359256979461535,0.0012708809771683205
2.001561496875,1,0.5674084907795405,-0.05580866875661224,0.5669726806409346,-0.05477842722664434,0.0004351111400180424,0.004135925697946147,0.0012708809771683205
1.99687400625,-1,0.5694870032356087,-0.04875407604281155,0.5689931347391761,-0.047730605226037205,0.00044202289290207707,0.004143082677259501,0.0011391647486364287
1.99687400625,1,0.5694870032355347,-0.048754076042781404,0.5689931347390923,-0.04773060522600606,0.0004420228929040762,0.0041430826772593955,0.0011391647486364287
1.9921865156250003,-1,0.5714517528648689,-0.04165114052980849,0.5709020828131016,-0.04063434321060949,0.0004495935822840696,0.004150219973204557,0.001008813270458181
1.9921865156250003,1,0.5714517528648029,-0.04165114052977969,0.5709020828130218,-0.04063434321057892,0.00044959358228722156,0.004150219973204553,0.001008813270458181
1.9874990250000002,-1,0.5733016838793993,-0.03450202658886727,0.5726984227063303,-0.033491976611966526,0.00045761711882442123,0.004157336770724449,0.0008798229206074815
1.9874990250000002,1,0.573301683879334,-0.03450202658884038,0.5726984227062559,-0.033491976611937,0.00045761711882711515,0.004157336770724414,0.0008798229206074815
1.9828115343750001,-1,0.5750356831034966,-0.02730889896646166,0.5743806098540345,-0.026305898781169672,0.00046597249060554733,0.004164432244715624,0.000752190111390244
1.9828115343750001,1,0.5750356831034319,-0.0273088989664356,0.5743806098539662,-0.02630589878114155,0.0004659724906069753,0.004164432244715762,0.000752190111390244
1.97812404375,-1,0.5766526280238491,-0.020073924928943308,0.5759466701697398,-0.019078534228600147,0.00047466594900461907,0.004171505560136738,0.0006259112894444196
1.97812404375,1,0.5766526280237889,-0.020073924928918456,0.5759466701696772,-0.019078534228573637,0.0004746659490056948,0.004171505560137025,0.0006259112894444196
1.9734365531250002,-1,0.5781514497745062,-0.012799262001239466,0.5773942243606006,-0.011812304499357152,0.00048386753972492764,0.0041785558721265876,0.0005009829357399131
1.9734365531250002,1,0.5781514497744448,-0.012799262001215254,0.5773942243605423,-0.011812304499332325,0.0004838675397243817,0.004178555872126642,0.0005009829357399131
1.9687490625000001,-1,0.5795311889090906,-0.0054870695355024954,0.5787204758961042,-0.004509582002278647,0.0004939653025271683,0.004185582326132354,0.00037740156557861115
1.9687490625000001,1,0.5795311889090171,-0.0054870695354793785,0.5787204758960518,-0.004509582002255371,0.0004939653025219779,0.004185582326132226,0.00037740156557861115
1.964061571875,-1,0.5807910463379221,0.001860503589518352,0.5799219936694573,0.00282738623729564,0.0005056763962093798,0.004192584058050642,0.000255163728594493
1.964061571875,1,0.5807910463378462,0.001860503589540619,0.5799219936694177,0.0028273862373177023,0.0005056763961998808,0.004192584058050596,0.000255163728594493
1.9593740812500002,-1,0.5819303532626703,0.009241343636389695,0.5809934034988693,0.010196675985279178,0.0005204823226939208,0.004199560194378766,0.00013426600875351968
1.9593740812500002,1,0.5819303532626136,0.009241343636411846,0.5809934034988443,0.01019667598530056,0.0005204823226850594,0.0041995601943787715,0.00013426600875351968
1.9546865906250002,-1,0.5829465061086029,0.016653555282272484,0.5819046341908339,0.017599362155693035,0.0005473340117140501,0.004206509852376311,1.47050243535507e-05
1.9546865906250002,1,0.5829465061082921,0.016653555282286035,0.5819046341925938,0.017599362155770095,0.0005473340111343328,0.004206509852375954,1.47050243535507e-05
1.9499991,-1,0.5838278546029615,0.024096595106709695,0.5833220469463334,0.024980436414711052,0.0003961024341905477,0.004213432140236444,0.001771477428024526
1.9499991,1,0.583827854602874,0.0240965951067286,0.5833220469462089,0.024980436414731536,0.00039610243419822334,0.004213432140236549,0.001771477428024526
1.9453116093750003,-1,0.5845890743079365,0.031566099524623095,0.5840361127092376,0.0324329017782185,0.0003999219547889834,0.004220326157274354,0.0016545799067283762
1.9453116093750003,1,0.5845890743078233,0.031566099524641074,0.58403611270907,0.0324329017782363,0.00039992195480030693,0.004220326157274236,0.0016545799067283762
1.9406241187500002,-1,0.5852277279954221,0.039060041923639044,0.5846266059167483,0.039910074134225586,0.00040495775265767046,0.004227190994117427,0.0015390091817590323
1.9406241187500002,1,0.5852277279952871,0.03906004192365618,0.5846266059165488,0.03991007413424104,0.0004049577526716217,0.00422719099411715,0.0015390091817590323
1.9359366281250001,-1,0.5857438086809789,0.04657620258152454,0.5850939253532311,0.04740943036297774,0.0004110235441254394,0.004234025732914402,0.001424762008742475
1.9359366281250001,1,0.5857438086808238,0.046576202581538044,0.5850939253530132,0.04740943036299129,0.0004110235441404867,0.004234025732914084,0.001424762008742475
1.9312491375,-1,0.5861373167141889,0.054112386264484856,0.5854385363284252,0.05492844387655712,0.00041789139563012533,0.004240829447551613,0.0013118351776365555
1.9312491375,1,0.5861373167140475,0.05411238626449984,0.5854385363282022,0.05492844387656936,0.00041789139564996,0.0042408294475517775,0.0013118351776365555
1.9265616468750002,-1,0.58640823903001,0.06166643404365301,0.5856609027731899,0.06246461846727905,0.0004253136774673454,0.004247601203883657,0.0012002255127312456
1.9265616468750002,1,0.5864082390298367,0.061666434043663496,0.5856609027729736,0.06246461846729061,0.0004253136774791027,0.0042476012038832126,0.0012002255127312456
1.9218741562500001,-1,0.5865565329118292,0.06923623049021685,0.5857614183421355,0.0700155233349636,0.00043305061831222736,0.0042543400599667795,0.0010899298726484985
1.9218741562500001,1,0.5865565329116843,0.06923623049023002,0.5857614183419367,0.07001552333497517,0.00043305061832675084,0.004254340059966874,0.0010899298726484985
1.917186665625,-1,0.5865821176645102,0.07681971842610613,0.5857403421098691,0.07757882553563415,0.0004408972476978833,0.004261045066317345,0.000980945150342194
1.917186665625,1,0.5865821176643344,0.07681971842611487,0.5857403421096959,0.07757882553564636,0.00044089724769804945,0.004261045066316925,0.000980945150342194
1.9124991750000002,-1,0.5864848722311414,0.08441489714604254,0.5855977443698832,0.0851523155588528,0.0004487123528832894,0.004267715266164716,0.0008732682730983321
1.9124991750000002,1,0.5864848722309582,0.08441489714604891,0.5855977443697428,0.0851523155588667,0.0004487123528723741,0.004267715266164197,0.0008732682730983321
1.9078116843750001,-1,0.586264640730595,0.09201980667197872,0.585333467487946,0.09273392367009353,0.0004564455104521599,0.004274349695727847,0.0007668962025348114
1.9078116843750001,1,0.58626464073046,0.09201980667199149,0.5853334674878415,0.0927339236701099,0.0004564455104435872,0.004274349695727948,0.0007668962025348114
1.90312419375,-1,0.5859212475292913,0.09963252576998274,0.5849471050574271,0.1003217255229018,0.0004641538466713384,0.004280947384498148,0.0006618259346015398
1.90312419375,1,0.5859212475291584,0.09963252576999582,0.5849471050573499,0.10032172552292005,0.0004641538466548041,0.004280947384498192,0.0006618259346015398
1.8984367031250002,-1,0.5854545176996641,0.10725115622045645,0.5844379991226609,0.10791393379465768,0.00047201376529282333,0.004287507355528553,0.0005580544995805181
1.8984367031250002,1,0.5854545176995284,0.10725115622046823,0.5844379991225961,0.10791393379467631,0.00047201376527120054,0.004287507355528584,0.0005580544995805181
1.8937492125000002,-1,0.5848643017750321,0.11487380848298344,0.5838052487805491,0.11550887180598324,0.0004803248976679662,0.004294028625739449,0.0004555789620856454
1.8937492125000002,1,0.5848643017748945,0.11487380848299429,0.5838052487804802,0.11550887180600072,0.0004803248976463309,0.00429402862573965,0.0004555789620856454
1.889061721875,-1,0.5841505009120768,0.12249856761070065,0.583047708502874,0.12310492543769305,0.0004895168467185589,0.004300510206232209,0.0003543964210628303
1.889061721875,1,0.5841505009119352,0.12249856761071029,0.5830477085027863,0.12310492543770796,0.0004895168467011918,0.004300510206232202,0.0003543964210628303
1.8843742312500003,-1,0.5833130905557598,0.1301234891531534,0.5821639084683946,0.130700463485138,0.0005001717757562905,0.004306951102611256,0.0002545040097901019
1.8843742312500003,1,0.5833130905555454,0.13012348915314678,0.582163908468301,0.13070046348515435,0.0005001717757183073,0.004306951102610837,0.0002545040097901019
1.8796867406250002,-1,0.5823521262658701,0.13774657364569753,0.5811516250079871,0.1382936850791556,0.0005131636501649581,0.0043133503153172156,0.00015589889587730443
1.8796867406250002,1,0.5823521262657354,0.13774657364570703,0.581151625007916,0.13829368507917963,0.0005131636501448268,0.004313350315317276,0.00015589889587730443
1.8749992500000001,-1,0.581267588132116,0.14536570788372635,0.5800049624468123,0.1458820905697809,0.0005306072403580643,0.004319706839973344,5.857828126643039e-05
1.8749992500000001,1,0.5812675881319834,0.14536570788373523,0.5800049624467474,0.1458820905698069,0.0005306072403362397,0.004319706839973356,5.857828126643039e-05
1.870311759375,-1,0.5800522633827894,0.15297730157734973,0.579294941364326,0.15357144709030232,0.0003744104734454827,0.004326019667733398,0.0018375394022313862
1.870311759375,1,0.5800522633826558,0.15297730157735503,0.5792949413642208,0.1535714470903081,0.00037441047343693206,0.004326019667733495,0.0018375394022313862
1.8656242687500002,-1,0.5787096743531032,0.16057947056166536,0.577920602320363,0.16114395613325383,0.0003773755043300616,0.0043322877856464435,0.0017427795293781523
1.8656242687500002,1,0.5787096743529714,0.16057947056166896,0.5779206023202713,0.16114395613325955,0.0003773755043178598,0.004332287785646349,0.0017427795293781523
1.8609367781250001,-1,0.5772433577512824,0.16817116870476848,0.5764228241725933,0.16870656296723627,0.000381094483718379,0.004338510177025647,0.0016492959676446262
1.8609367781250001,1,0.5772433577511552,0.1681711687047712,0.5764228241725112,0.16870656296724199,0.0003810944837042965,0.004338510177025514,0.0016492959676446262
1.8562492875,-1,0.5756536176929105,0.17575033670442736,0.5748021936937944,0.1762574630537203,0.0003854716589840344,0.00434468582182917,0.0015570860563008104
1.8562492875,1,0.575653617692778,0.1757503367044267,0.5748021936937193,0.1762574630537263,0.0003854716589661788,0.004344685821828891,0.0015570860563008104
1.8515617968750002,-1,0.5739407649065137,0.18331487404680455,0.573059246526062,0.18379470873570855,0.0003903889071949561,0.004350813697046639,0.0014661471689486338
1.8515617968750002,1,0.5739407649064052,0.1833148740468085,0.573059246525992,0.18379470873571502,0.00039038890718226434,0.004350813697046584,0.0014661471689486338
1.8468743062500002,-1,0.5721051166602656,0.19086265981218975,0.5711944426399655,0.1913161890596688,0.00039572011565330536,0.004356892777096835,0.0013764767135220068
1.8468743062500002,1,0.572105116660163,0.1908626598121931,0.571194442639898,0.1913161890596757,0.0003957201156416676,0.004356892777096952,0.0013764767135220068
1.842186815625,-1,0.5701470017159831,0.19839155722905402,0.5692081538389419,0.19881962415947985,0.00040135018495742543,0.004362922034231131,0.0012880721322868494
1.842186815625,1,0.5701470017158543,0.19839155722904617,0.5692081538388758,0.19881962415948742,0.00040135018493771534,0.004362922034230593,0.0012880721322868494
1.8374993250000002,-1,0.5680667697170794,0.20589941938393497,0.5671006651454554,0.20630257823113224,0.0004071918703035797,0.0043689004389422135,0.0012009309018412018
1.8374993250000002,1,0.5680667697169702,0.20589941938393097,0.5671006651453934,0.2063025782311414,0.00040719187028865267,0.004368900438941907,0.0012009309018412018
1.8328118343750002,-1,0.5658648008328687,0.21338411330933035,0.5648721903908186,0.21376249489060198,0.00041319532871543735,0.004374826960387812,0.0011150505331149474
1.8328118343750002,1,0.5658648008327865,0.21338411330933504,0.5648721903907628,0.21376249489061333,0.0004131953287067565,0.004374826960387974,0.0011150505331149474
1.82812434375,-1,0.5635415149303485,0.22084354982420942,0.5625229012729545,0.22119675317867057,0.00041935193937586235,0.004380700566814394,0.0010304285713700623
1.82812434375,1,0.5635415149302719,0.22084354982421386,0.5625229012729036,0.22119675317868337,0.0004193519393674612,0.0043807005668143805,0.0010304285713700623
1.823436853125,-1,0.5610973816044101,0.2282756986084411,0.5600529678017732,0.22860273944961357,0.0004256952126204253,0.004386520225987666,0.0009470625962004486
1.823436853125,1,0.5610973816043399,0.22827569860844435,0.5600529678017251,0.22860273944962653,0.00042569521261331234,0.004386520225987704,0.0009470625962004486
1.8187493625000002,-1,0.5585329259774068,0.2356786106467433,0.5574626063966835,0.23597792953924693,0.0004322937872179743,0.004392284905634139,0.0008649502215320737
1.8187493625000002,1,0.5585329259773392,0.23567861064674675,0.5574626063966371,0.23597792953925892,0.0004322937872109263,0.004392284905634273,0.0008649502215320737
1.8140618718750001,-1,0.5558487333389456,0.2430504260474852,0.5547521306567424,0.2433199725815056,0.00043924065264314415,0.0043979935738849485,0.0007840890956229418
1.8140618718750001,1,0.5558487333388739,0.2430504260474851,0.5547521306566967,0.24331997258151583,0.0004392406526342898,0.004397993573884878,0.0007840890956229418
1.80937438125,-1,0.5530454448387838,0.25038937626883145,0.5519219983586865,0.2506267667847092,0.0004466346460168384,0.004403645199725065,0.0007044769010629282
1.80937438125,1,0.5530454448387239,0.25038937626883484,0.5519219983586415,0.2506267667847175,0.00044663464601153176,0.004403645199725068,0.0007044769010629282
1.8046868906250002,-1,0.5501237511402512,0.2576937754419442,0.5489728467924475,0.25789651805041386,0.00045455866068154526,0.00440923875345083,0.0006261113547740282
1.8046868906250002,1,0.5501237511401734,0.2576937754419381,0.548972846792405,0.2578965180504212,0.0004545586606689275,0.004409238753450648,0.0006261113547740282
1.7999994000000001,-1,0.5470843850795384,0.2649619911160947,0.5459055077927041,0.265127771291368,0.00046305811383717734,0.004414773207127977,0.0005489902080101638
1.7999994000000001,1,0.5470843850794829,0.2649619911160979,0.545905507792666,0.2651277712913758,0.000463058113830713,0.004414773207128031,0.0005489902080101638
1.795311909375,-1,0.5439280971716105,0.2721924404408001,0.5427209940550504,0.27231940151878853,0.00047211519054140915,0.004420247535058798,0.00047311124635734947
1.795311909375,1,0.5439280971715567,0.2721924404408039,0.5427209940550153,0.27231940151879697,0.00047211519053434075,0.004420247535059042,0.00047311124635734947
1.7906244187500002,-1,0.5406556393791444,0.2793835404685694,0.5394204479591097,0.2794705516107289,0.00048164133666415157,0.004425660714249733,0.00039847228973347026
1.7906244187500002,1,0.5406556393790897,0.2793835404685729,0.5394204479590731,0.279470551610737,0.0004816413366572544,0.004425660714249771,0.00039847228973347026
1.7859369281250002,-1,0.537267734961885,0.2865336919447736,0.5360050423478249,0.2865805038920745,0.0004914852537056842,0.004431011724883585,0.0003250711923885041
1.7859369281250002,1,0.5372677349617613,0.28653369194473993,0.5360050423477991,0.2865805038920904,0.0004914852536683364,0.0044310117248831235,0.0003250711923885041
1.7812494375,-1,0.5337650646502461,0.2936412127339427,0.5324758154203176,0.2936484695289044,0.0005014854840051321,0.004436299550794455,0.0002529058429043829
1.7812494375,1,0.5337650646501971,0.2936412127339484,0.532475815420324,0.2936484695289407,0.0005014854839836937,0.004436299550794634,0.0002529058429043829
1.7765619468750002,-1,0.5301482406998046,0.30070430942682413,0.5288333929748171,0.30067326478298234,0.0005115770874752439,0.004441523179950828,0.00018197416419510337
1.7765619468750002,1,0.5301482406997587,0.30070430942683246,0.5288333929748452,0.3006732647830341,0.0005115770874460927,0.0044415231799511444,0.00018197416419510337
1.7718744562500002,-1,0.5264177820066828,0.3077210287824126,0.5250774209795951,0.3076527515308856,0.0005220344064847546,0.004446681604931925,0.00011227411350664407
1.7718744562500002,1,0.5264177820066324,0.30772102878241775,0.525077420979607,0.3076527515309318,0.0005220344064597479,0.004446681604931935,0.00011227411350664407
1.767186965625,-1,0.5225740085240315,0.31468914552740784,0.5212044255576571,0.31458217226856355,0.0005343473499093292,0.004451773823411908,4.380368241688193e-05
1.767186965625,1,0.5225740085239738,0.3146891455274073,0.5212044255576147,0.31458217226858076,0.0005343473499028929,0.004451773823411933,4.380368241688193e-05
1.762499475,-1,0.5186126596771524,0.32160333809029035,0.5177591026400072,0.3217926792901572,0.0003400773458349466,0.0044567988386464245,0.0018515608968358022
1.762499475,1,0.5186126596770956,0.3216033380902876,0.5177591026399224,0.32179267929015487,0.0003400773458456035,0.0044567988386465225,0.0018515608968358022
1.7578119843750002,-1,0.5145346700822293,0.3284622015969436,0.5136683441066147,0.3286208052316985,0.0003425742612269335,0.004461755659957515,0.0017855438170054083
1.7578119843750002,1,0.5145346700821775,0.32846220159694245,0.5136683441065375,0.3286208052316968,0.0003425742612365796,0.004461755659957597,0.0017855438170054083
1.7531244937500001,-1,0.5103452392434334,0.3352668571892809,0.5094658632811042,0.33539479793551447,0.0003456508889472834,0.004466643303220509,0.0017207505374996213
1.7531244937500001,1,0.5103452392433808,0.3352668571892753,0.5094658632810369,0.33539479793551336,0.00034565088895317607,0.004466643303220396,0.0017207505374996213
1.748437003125,-1,0.5060453336491582,0.34201567972457464,0.5051526907311918,0.34211310459029187,0.00034927197466822824,0.004471460791350887,0.0016571791872244113
1.748437003125,1,0.5060453336491119,0.34201567972456975,0.5051526907311364,0.34211310459029165,0.0003492719746719452,0.004471460791350739,0.0016571791872244113
1.7437495125000002,-1,0.501635959157854,0.348707050777109,0.5007299409198981,0.34877416522305055,0.00035337826930012046,0.0044762071547921715,0.0015948279294177303
1.7437495125000002,1,0.5016359591578181,0.34870705077710795,0.5007299409198558,0.3487741652230512,0.00035337826930266773,0.004476207154792215,0.0015948279294177303
1.7390620218750001,-1,0.49711815214860183,0.355339359578419,0.4961988026131257,0.35537640721301983,0.0003578883874121311,0.004480881432002644,0.0015336949616495121
1.7390620218750001,1,0.49711815214857125,0.3553393595784192,0.4961988026130968,0.3553764072130214,0.0003578883874115047,0.00448088143200291,0.0015336949616495121
1.73437453125,-1,0.49249297440727957,0.3619109962119692,0.49156052471466477,0.3619182415114935,0.0003627046524120602,0.004485482669941084,0.0014737785158218109
1.73437453125,1,0.4924929744072531,0.3619109962119691,0.49156052471464784,0.36191824151149576,0.0003627046524083537,0.004485482669941266,0.0014737785158218109
1.7296870406250002,-1,0.48776150080008457,0.3684203570619812,0.48681639770356794,0.3683980611477681,0.000367717762295515,0.004490009924550536,0.0014150768581684958
1.7296870406250002,1,0.48776150080006087,0.3684203570619813,0.4868163977035614,0.3683980611477707,0.000367717762288822,0.0044900099245506675,0.0014150768581684958
1.7249995500000002,-1,0.4829248106755838,0.374865843224808,0.48196773162060474,0.37481424177283773,0.0003728144399283078,0.004494462261242744,0.0013575882892555846
1.7249995500000002,1,0.48292481067554127,0.3748658432247899,0.4819677316206068,0.37481424177284084,0.0003728144399105505,0.00449446226124228,0.0013575882892555846
1.720312059375,-1,0.4779839830650321,0.38124585509987446,0.47701583126958924,0.3811651449493269,0.00037788700843447375,0.004498838755375682,0.001301311143981021
1.720312059375,1,0.47798398306501405,0.38124585509987435,0.47701583126959846,0.3811651449493314,0.00037788700842375977,0.004498838755375806,0.001301311143981021
1.71562456875,-1,0.47294007508341984,0.3875588145116268,0.4719619701618828,0.3874491239867527,0.0003828371012487719,0.004503138492738147,0.0012462437915747582
1.71562456875,1,0.47294007508337893,0.3875588145116106,0.47196197016189706,0.38744912398675946,0.0003828371012264468,0.004503138492737698,0.0012462437915747582
1.7109370781250002,-1,0.4677941231449559,0.3938031538359123,0.4668073663317447,0.39366453003613305,0.0003875864438721911,0.004507360570016857,0.0011923846355987866
1.7109370781250002,1,0.46779412314491775,0.3938031538358955,0.4668073663317627,0.3936645300361437,0.0003875864438490869,0.00450736057001644,0.0011923846355987866
1.7062495875,-1,0.4625471423233253,0.3999773130758978,0.4615531615476356,0.39980971889786016,0.0003920845709130094,0.004511504095274692,0.0011397321139470784
1.7062495875,1,0.46254714232329946,0.39997731307589307,0.46155316154765624,0.3998097188978765,0.0003920845708938277,0.004511504095274473,0.0011397321139470784
1.701562096875,-1,0.4572001230991794,0.4060797451647179,0.45620040473986645,0.4058830599504686,0.00039631341814393395,0.004515568188416693,0.001088284698845532
1.701562096875,1,0.4572001230991472,0.4060797451647091,0.45620040473988793,0.4058830599504914,0.00039631341812107544,0.004515568188416412,0.001088284698845532
1.6968746062500002,-1,0.4517540311470475,0.4121089205941622,0.45075004186316425,0.4118829462353919,0.0004002899272918904,0.00451955198165372,0.0010380408968521937
1.6968746062500002,1,0.4517540311469966,0.4121089205941379,0.4507500418631859,0.4118829462354225,0.0004002899272596692,0.004519551981653101,0.0010380408968521937
1.6921871156250001,-1,0.446209813743992,0.4180633274070004,0.44520291433646053,0.41780780446098487,0.00040406680914888425,0.004523454619961422,0.0009889992488570365
1.6921871156250001,1,0.4462098137439666,0.41806332740700075,0.4452029143364829,0.417807804461025,0.00040406680912707753,0.004523454619961164,0.0009889992488570365
1.687499625,-1,0.44056840353938953,0.42394147794634873,0.43955976766550947,0.42365610385854374,0.00040772834760275967,0.004527275261537425,0.0009411583300819593
1.687499625,1,0.4405684035393779,0.42394147794636367,0.439559767665531,0.42365610385859237,0.0004077283475867672,0.004527275261537646,0.0009411583300819593
1.6828121343750002,-1,0.43483073169724756,0.429741906546282,0.43382127145687954,0.42942636253362443,0.000411384328154616,0.004531013078249607,0.0008945167500810092
1.6828121343750002,1,0.43483073169722397,0.429741906546286,0.4338212714568972,0.42942636253367794,0.0004113843281335575,0.004531013078249353,0.0008945167500810092
1.6781246437500001,-1,0.4289977461953899,0.4354631638786163,0.4279880500693887,0.435117151288395,0.00041516113171089327,0.004534667256076559,0.0008490731527400763
1.6781246437500001,1,0.4289977461953785,0.4354631638786334,0.4279880500694002,0.4351171512884497,0.0004151611316977389,0.004534667256076576,0.0008490731527400763
1.673437153125,-1,0.4230704138668135,0.441103829995013,0.42206072265331857,0.44072709433834956,0.00041918589210708724,0.004538236995550914,0.0008048262162771991
1.673437153125,1,0.42307041386679534,0.4411038299950227,0.42206072265332206,0.44072709433840124,0.0004191858920934836,0.0045382369955507375,0.0008048262162771991
1.6687496625000002,-1,0.41704974320014815,0.4466625031615925,0.4160399514242366,0.4462548650680828,0.00042357387296051795,0.004541721512185599,0.000761774653242342
1.6687496625000002,1,0.4170497432001358,0.4466625031616051,0.4160399514242311,0.44625486506812734,0.00042357387295340764,0.004541721512185704,0.000761774653242342
1.6640621718750002,-1,0.4109367982370543,0.4521377969715313,0.4099264940452911,0.45169917719933605,0.0004284135923198571,0.00454512003690197,0.0007199172105174512
1.6640621718750002,1,0.4109367982370408,0.45213779697154166,0.40992649404527637,0.4516991771993693,0.0004284135923167502,0.004545120036902326,0.0007199172105174512
1.65937468125,-1,0.4047327055568832,0.4575283411031222,0.4037212547154216,0.45705877221085817,0.00043375285529285366,0.004548431816445774,0.0006792526693165379
1.65937468125,1,0.40473270555686974,0.4575283411031286,0.4037212547153984,0.4570587722108771,0.0004337528552942548,0.004548431816445937,0.0006792526693165379
1.654687190625,-1,0.3984386665215222,0.4628327723258692,0.3974253282698444,0.4623324034960534,0.0004395902342812584,0.004551656113796327,0.0006397798451855397
1.654687190625,1,0.3984386665215089,0.46283277232587056,0.39742532826981475,0.46233240349605637,0.00043959023428667314,0.004551656113796403,0.0006397798451855397
1.6499997000000002,-1,0.3920559560001462,0.4680497340074882,0.39104003024398304,0.4675188190437422,0.00044587004527124065,0.004554792208570361,0.0006014975880024309
1.6499997000000002,1,0.3920559560001333,0.4680497340074867,0.3910400302439501,0.4675188190437295,0.00044587004528015914,0.004554792208570448,0.0006014975880024309
1.6453122093750001,-1,0.38558591748551324,0.4731778733045852,0.384566906285088,0.47261674455008723,0.00045248429761454614,0.004557839397415857,0.0005644047819772235
1.6453122093750001,1,0.3855859174855024,0.47317787330458005,0.38456690628505563,0.47261674455006114,0.0004524842976258114,0.004557839397415895,0.0005644047819772235
1.64062471875,-1,0.37902995158989644,0.47821583929000716,0.3780077153500506,0.47762486919250974,0.0004592816622446904,0.00456079699439765,0.0005285003456518556
1.64062471875,1,0.3790299515898809,0.47821583928999034,0.3780077153500237,0.47762486919247554,0.00045928166225190503,0.004560796994397543,0.0005285003456518556
1.6359372281250002,-1,0.3723894938864098,0.48316228599991906,0.3713643832549508,0.48254183658530164,0.00046608270154840486,0.004563664331374291,0.0004937832319003299
1.6359372281250002,1,0.3723894938864064,0.48316228599991257,0.37136438325493465,0.4825418365852668,0.00046608270155836656,0.004563664331374354,0.0004937832319003299
1.6312497375000001,-1,0.365665994164817,0.48801587184111384,0.36463892663473396,0.4873662432780391,0.0004727025479449387,0.004566440758367616,0.0004602524279286313
1.6312497375000001,1,0.3656659941648178,0.4880158718411085,0.3646389266347316,0.4873662432780101,0.0004727025479509256,0.00456644075836764,0.0004602524279286313
1.626562246875,-1,0.3588608904119827,0.4927752632571889,0.35783335102776875,0.492096647430837,0.00047897768743137816,0.0045691256439201475,0.0004279069552746706
1.626562246875,1,0.3588608904119779,0.4927752632571762,0.35783335102778135,0.4920966474308201,0.00047897768742661314,0.004569125643920016,0.0004279069552746706
1.6218747562500002,-1,0.35197558097396237,0.49743914206271433,0.35094953230134024,0.4967315893045659,0.0004847939651012262,0.004571718375444829,0.00039674586980853466
1.6218747562500002,1,0.3519755809739614,0.4974391420627043,0.3509495323013691,0.4967315893045688,0.0004847939650888248,0.0045717183754447645,0.00039674586980853466
1.6171872656250001,-1,0.3450114050507336,0.5020062113842094,0.3439890967776075,0.5012696234181837,0.0004901122428198917,0.004574218359565869,0.00036676826173215327
1.6171872656250001,1,0.34501140505070904,0.5020062113841667,0.34398909677765693,0.5012696234182193,0.000490112242778717,0.004574218359565418,0.00036676826173215327
1.612499775,-1,0.3379696148762706,0.5064752143567437,0.336953322814285,0.5057093587193217,0.0004949822021758693,0.004576625022445554,0.0003379732555794934
1.612499775,1,0.3379696148762599,0.5064752143567228,0.33695332281436313,0.5057093587194088,0.0004949822021229911,0.004576625022445233,0.0003379732555794934
1.607812284375,-1,0.3308513910500976,0.5108449305246937,0.32984309076257035,0.5100495001820611,0.0004995452380502141,0.0045789378101063136,0.0003103600102165316
1.607812284375,1,0.3308513910501208,0.5108449305247271,0.3298430907626764,0.5100495001822043,0.0004995452379984523,0.004578937810106353,0.0003103600102165316
1.6031247937500002,-1,0.3236578556480637,0.5151141837599841,0.32265890482440407,0.5142888848592069,0.000504014084997054,0.004581156188738284,0.00028392771884128143
1.6031247937500002,1,0.32365785564808774,0.5151141837600222,0.32265890482451964,0.5142888848593825,0.0005040140849355263,0.0045811561887383855,0.00028392771884128143
1.598437303125,-1,0.31639010817697055,0.5192818420583922,0.31540100487550227,0.5184265026830852,0.000508632225266763,0.004583279644996124,0.0002586756089837383
1.598437303125,1,0.31639010817698904,0.519281842058427,0.315401004875601,0.5184265026832536,0.000508632225209137,0.004583279644996187,0.0002586756089837383
1.5937498125,-1,0.3090492764705843,0.5233468114893407,0.3080695736331351,0.5224614905932097,0.0005136169809836802,0.0045853076862868635,0.0002346029425058238
1.5937498125,1,0.3090492764705711,0.5233468114893284,0.30806957363319876,0.5224614905933409,0.0005136169809240716,0.004585307686286596,0.0002346029425058238
1.5890623218750002,-1,0.30163657771488256,0.5273080220578458,0.300665020145709,0.5263930914270256,0.0005190978963329571,0.004587239841043931,0.00021170901560157995
1.5890623218750002,1,0.3016365777148831,0.5273080220578584,0.3006650201457321,0.5263930914271058,0.0005190978963085748,0.004587239841043952,0.00021170901560157995
1.5843748312500001,-1,0.2941533688232779,0.5311644110354099,0.2931882897704169,0.5302205747817046,0.0005250651063930716,0.004589075658993938,0.00018999315879697498
1.5843748312500001,1,0.2941533688232703,0.5311644110354085,0.2931882897703979,0.5302205747817216,0.000525065106391224,0.004589075658994129,0.00018999315879697498
1.579687340625,-1,0.2866011845452192,0.5349148976394692,0.2856411166707101,0.5339431278320103,0.0005313469706227794,0.004590814711407375,0.00016945473694995883
1.579687340625,1,0.2866011845451552,0.5349148976393638,0.28564111667067255,0.5339431278319947,0.0005313469705907033,0.004590814711406965,0.00016945473694995883
1.5749998500000002,-1,0.2789817283921885,0.5385583644444137,0.2780261072864347,0.5375597399832578,0.0005376304601827278,0.004592456591337133,0.0001500931492506019
1.5749998500000002,1,0.2789817283921575,0.538558364444366,0.2780261072864369,0.5375597399833045,0.0005376304601472492,0.004592456591336815,0.0001500931492506019
1.5703123593750001,-1,0.2712968092467726,0.5420936488293954,0.2703465441690402,0.5410691210511305,0.0005435356316793975,0.004594000913851704,0.00013190782922081756
1.5703123593750001,1,0.2712968092467169,0.5420936488292878,0.27034654416915266,0.541069121051365,0.0005435356315373716,0.0045940009138511545,0.00013190782922081756
1.56562486875,-1,0.26354822611875395,0.5455195512431193,0.2626058505325479,0.5444697029596252,0.0005487427149788363,0.004595447316246885,0.00011489824471461185
1.56562486875,1,0.2635482261187993,0.5455195512432044,0.26260585053280056,0.5444697029601057,0.0005487427148105098,0.0045954473162469495,0.00011489824471461185
1.5609373781250002,-1,0.25573762082533796,0.5488348671121893,0.2548067766349751,0.5477597696059343,0.0005531437295047603,0.004596795458254846,9.906389791802805e-05
1.5609373781250002,1,0.25573762082537727,0.5488348671122539,0.2548067766352985,0.5477597696065367,0.0005531437292742811,0.004596795458254743,9.906389791802805e-05
1.5562498875000002,-1,0.24786635608774654,0.5520384374693643,0.2469505633621944,0.5509377232832351,0.0005569520520594253,0.004598045022230162,8.440432534898012e-05
1.5562498875000002,1,0.2478663560877903,0.5520384374694414,0.24695056336245413,0.5509377232837147,0.0005569520518853265,0.004598045022230243,8.440432534898012e-05
1.551562396875,-1,0.23993549800841416,0.5551292018790928,0.23903655385613376,0.5540024196334359,0.0005606735686748874,0.004599195713333186,7.09190978575025e-05
1.551562396875,1,0.23993549800842592,0.555129201879108,0.2390365538562061,0.554002419633567,0.0005606735686249534,0.004599195713333297,7.09190978575025e-05
1.54687490625,-1,0.23194597365938815,0.5581062235421961,0.23106281692182087,0.5569533967071142,0.0005648724281882077,0.004600247259694362,5.8607820625555807e-05
1.54687490625,1,0.23194597365932554,0.5581062235420475,0.23106281692172023,0.5569533967069487,0.0005648724282024474,0.004600247259694127,5.8607820625555807e-05
1.5421874156250002,-1,0.22389891522637456,0.5609686472554386,0.22302805833857883,0.5597907461613245,0.000569788327738188,0.004601199412566569,4.7470133167137885e-05
1.5421874156250002,1,0.2238989152263607,0.5609686472554165,0.22302805833847586,0.5597907461612078,0.000569788327788382,0.004601199412566697,4.7470133167137885e-05
1.537499925,-1,0.21579602449437255,0.5637155837360006,0.21493416509730393,0.5625144539883834,0.0005750312294717328,0.004602051946469559,3.750570932825603e-05
1.537499925,1,0.21579602449428162,0.5637155837357587,0.21493416509750973,0.562514453988989,0.000575031229136595,0.004602051946469121,3.750570932825603e-05
1.532812434375,-1,0.2076396289145247,0.5663459727814616,0.20678728453717313,0.5651234336601565,0.0005796928747438814,0.004602804659310962,2.8714257286927003e-05
1.532812434375,1,0.2076396289146262,0.5663459727816962,0.20678728453782755,0.5651234336617839,0.0005796928741764799,0.0046028046593109715,2.8714257286927003e-05
1.5281249437500002,-1,0.19943210060365574,0.5688585695490658,0.19859468534065208,0.5676151626871917,0.0005831060434431637,0.004603457372507403,2.1095519553149256e-05
1.5281249437500002,1,0.19943210060373479,0.5688585695492315,0.19859468534118566,0.5676151626884345,0.0005831060429969302,0.004603457372507474,2.1095519553149256e-05
1.5234374531250001,-1,0.19117487792852159,0.5712521852092356,0.19035771400507734,0.5699871038186188,0.0005858063992199878,0.004604009931081017,1.4649272968819682e-05
1.5234374531250001,1,0.19117487792827684,0.5712521852084819,0.19035771400597423,0.569987103821327,0.0005858063978479272,0.004604009931080402,1.4649272968819682e-05
1.5187499625,-1,0.18286837817182705,0.5735260174968444,0.18206939832306843,0.5722393054295445,0.0005891298181746077,0.004604462203745497,9.375328708038921e-06
1.5187499625,1,0.18286837817205098,0.5735260174975138,0.1820693983248225,0.5722393054350248,0.0005891298162708914,0.00460446220374571,9.375328708038921e-06
1.5140624718750002,-1,0.17451385782871776,0.5756794716269722,0.17372741584940485,0.5743737252698384,0.0005929016107447976,0.004604814082987907,5.273532276750537e-06
1.5140624718750002,1,0.1745138578286875,0.5756794716268241,0.1737274158502798,0.5743737252726128,0.0005929016095893817,0.004604814082987762,5.273532276750537e-06
1.5093749812500001,-1,0.1661143330740353,0.5777114576482887,0.1653442647387062,0.5763885430638157,0.0005954026753242456,0.004605065485120662,2.3437635130185708e-06
1.5093749812500001,1,0.16611433307371418,0.5777114576471479,0.16534426474809447,0.5763885430967104,0.0005954026619828402,0.00460506548512014,2.3437635130185708e-06
1.504687490625,-1,0.15767129234946414,0.5796208206112301,0.15692099153055547,0.5782807338035116,0.0005973910201914795,0.004605216350333159,5.85936586749991e-07
1.504687490625,1,0.1576712923496,0.579620820611633,0.156920991550976,0.5782807338781282,0.0005973909911493075,0.004605216350332988,5.85936586749991e-07
1.5,-1,0.1491858275125805,0.5814069103269124,0.14862220597853668,0.5811384533428683,0.00024282936114726426,0.004605266642727249,0.004261363636363619
1.5,1,0.1491858275125605,0.5814069103267961,0.14862220597851197,0.5811384533427137,0.00024282936115531812,0.004605266642726851,0.004261363636363619
1.4953125093750002,-1,0.14066343300751505,0.5830774026663723,0.13998360556641457,0.5817939401778052,0.0005649348017453104,0.004605216350333159,5.85936586749991e-07
1.4953125093750002,1,0.14066343300736692,0.5830774026657302,0.13998360558187545,0.5817939402421014,0.0005649347765823364,0.004605216350332988,5.85936586749991e-07
1.49062501875,-1,0.13206441528759633,0.5845286295810855,0.1311123370757699,0.5825095909006549,0.0008682779004310916,0.004605065485120662,2.3437635130185708e-06
1.49062501875,1,0.13206441528884816,0.5845286295861991,0.13111233709759496,0.5825095909935832,0.0008682778661234205,0.00460506548512014,2.3437635130185708e-06
1.485937528125,-1,0.12353330462787145,0.586113054673882,0.12316155555718543,0.585466134854882,0.00029021926658164465,0.004604814082987907,5.273532276750537e-06
1.485937528125,1,0.12353330462620689,0.5861130546672884,0.12316155554379471,0.5854661348027193,0.00029021928422240243,0.004604814082987762,5.273532276750537e-06
1.4812500375000002,-1,0.1149102505358445,0.5874323866217249,0.11462309954329401,0.5869461722647752,0.00021964164651539926,0.004604462203745497,9.375328708038921e-06
1.4812500375000002,1,0.11491025053310572,0.5874323866101309,0.11462309952189904,0.5869461721742799,0.00021964167663125143,0.00460446220374571,9.375328708038921e-06
1.476562546875,-1,0.10611724734916052,0.5882856376747072,0.10502572206393569,0.5857543995496564,0.0010722133822447018,0.004604009931081017,1.4649272968819682e-05
1.476562546875,1,0.10611724735180336,0.588285637684824,0.10502572208602329,0.5857543996372206,0.0010722133515874846,0.004604009931080402,1.4649272968819682e-05
1.47187505625,-1,0.09737299061632054,0.5892072677154753,0.09608136438471271,0.5861126416408383,0.0013043510953497715,0.004603457372507403,2.1095519553149256e-05
1.47187505625,1,0.09737299062185012,0.5892072677387277,0.09608136442434612,0.5861126418076861,0.0013043510386957016,0.004603457372507474,2.1095519553149256e-05
1.4671875656250002,-1,0.08875908261408656,0.590396335965324,0.08821836220050377,0.5890941670757784,0.0005484350987921613,0.004602804659310962,2.8714257286927003e-05
1.4671875656250002,1,0.08875908261462453,0.5903963359686816,0.08821836220376225,0.5890941670970713,0.0005484350919434626,0.0046028046593109715,2.8714257286927003e-05
1.4625000750000001,-1,0.08013998837343617,0.5915142810392628,0.08038805239033436,0.5921119263389689,0.0002516947799133376,0.004602051946469559,3.750570932825603e-05
1.4625000750000001,1,0.08013998836693868,0.5915142810129119,0.08038805234799708,0.5921119261682234,0.00025169472269514695,0.004602051946469121,3.750570932825603e-05
1.457812584375,-1,0.07137297762201232,0.5922022032117346,0.07168402782576666,0.5929129907077351,0.00030178831816098247,0.004601199412566569,4.7470133167137885e-05
1.457812584375,1,0.07137297761375323,0.5922022031770675,0.07168402777463986,0.592912990492997,0.000301788247309377,0.004601199412566697,4.7470133167137885e-05
1.4531250937500002,-1,0.062442831345617955,0.5924152893081884,0.06211408950623924,0.5914989365927135,0.00037867521970215266,0.004600247259694362,5.8607820625555807e-05
1.4531250937500002,1,0.062442831342308894,0.5924152892930231,0.06211408948800123,0.59149893650878,0.0003786752468404802,0.004600247259694127,5.8607820625555807e-05
1.4484376031250001,-1,0.05344074428016804,0.5923724287451173,0.05230259935175799,0.5894013179979238,0.0012375606709526406,0.004599195713333186,7.09190978575025e-05
1.4484376031250001,1,0.053440744284891456,0.5923724287632698,0.05230259938134146,0.5894013181124101,0.0012375606325022229,0.004599195713333297,7.09190978575025e-05
1.4437501125,-1,0.04447726272117613,0.5923416389857653,0.04289036588124876,0.5882007155309926,0.0017249121336831183,0.004598045022230162,8.440432534898012e-05
1.4437501125,1,0.044477262731818235,0.5923416390293097,0.04289036594265143,0.5882007157826684,0.0017249120510220172,0.004598045022230243,8.440432534898012e-05
1.439062621875,-1,0.03561470510803605,0.5924726252209148,0.034163114842250375,0.5886047987476926,0.0016069253175126231,0.004596795458254846,9.906389791802805e-05
1.439062621875,1,0.03561470511922721,0.5924726252679577,0.03416311490332194,0.5886047990050535,0.0016069252341045454,0.004596795458254743,9.906389791802805e-05
1.4343751312500002,-1,0.026847958129638156,0.592748573472393,0.026008247731042395,0.590336670852357,0.0009933857246843636,0.004595447316246885,0.00011489824471461185
1.4343751312500002,1,0.02684795813585072,0.5927485734998607,0.026008247762285084,0.5903366709913542,0.0009933856805136917,0.0045954473162469495,0.00011489824471461185
1.429687640625,-1,0.01812292410662394,0.5930311496270437,0.018073984287414177,0.5925251663789501,0.0001977300855422822,0.004594000913851704,0.00013190782922081756
1.429687640625,1,0.018122924104630976,0.5930311496207221,0.018073984274504823,0.5925251663363285,0.00019773010000507504,0.0045940009138511545,0.00013190782922081756
1.42500015,-1,0.00936972162997934,0.5931423256354917,0.009974266623305928,0.594210588814092,0.00047744391258278644,0.004592456591337133,0.0001500931492506019
1.42500015,1,0.009369721619890702,0.5931423255952835,0.009974266570243466,0.5942105886023602,0.0004774438462859135,0.004592456591336815,0.0001500931492506019
1.4203126593750002,-1,0.0005321569852414837,0.5929373016122189,0.0014395641936097935,0.5947184004274791,0.0007775191389855039,0.004590814711407375,0.00016945473694995883
1.4203126593750002,1,0.0005321569700636018,0.5929373015498277,0.0014395641183590296,0.5947184001182833,0.0007775190428402629,0.004590814711406965,0.00016945473694995883
1.41562516875,-1,-0.008415584780880534,0.5923460110674552,-0.007619536003437436,0.5938180237224149,0.0006509288957310422,0.004589075658994049,0.00018999315879697498
1.41562516875,1,-0.008415584796530137,0.5923460110019121,-0.0076195360769575745,0.5938180234140167,0.0006509288019323502,0.004589075658994129,0.00018999315879697498
1.410937678125,-1,-0.01746603863515554,0.5913805814193103,-0.017124394195023897,0.5916945420459685,0.00018047986297491182,0.004587239841043931,0.00021170901560157995
1.410937678125,1,-0.017466038646600176,0.5913805813700068,-0.017124394244992656,0.591694541829833,0.00018047980803241622,0.004587239841043952,0.00021170901560157995
1.4062501875000002,-1,-0.02658573588999559,0.5901175718357018,-0.026885580190417646,0.5888081612706672,0.000522502716426415,0.0045853076862868635,0.0002346029425058238
1.4062501875000002,1,-0.026585735893797993,0.590117571817269,-0.026885580202866077,0.5888081612070936,0.0005225027342924332,0.004585307686286596,0.0002346029425058238
1.4015626968750001,-1,-0.03572756493967975,0.5886675415172375,-0.036674171004044354,0.5857183603669414,0.0012047818287651095,0.00458327964499618,0.0002586756089837383
1.4015626968750001,1,-0.03572756493441354,0.58866754153631,-0.03667417097539452,0.5857183604737756,0.0012047817934820607,0.004583279644996187,0.0002586756089837383
1.39687520625,-1,-0.044843656958243175,0.5871432357222847,-0.04628429083374385,0.5829291735256146,0.0017322755734781989,0.004581156188738284,0.00028392771884128143
1.39687520625,1,-0.04484365694464982,0.5871432357763784,-0.0462842907703386,0.5829291737793771,0.0017322754937214426,0.0045811561887383855,0.00028392771884128143
1.3921877156250002,-1,-0.05389566335156784,0.5856341137470735,-0.05557476190819243,0.5807857806833676,0.0019957430022256102,0.0045789378101063136,0.0003103600102165316
1.3921877156250002,1,-0.053895663332226146,0.5856341138260275,-0.05557476182367513,0.5807857810295131,0.0019957428957229108,0.004578937810106353,0.0003103600102165316
1.3875002250000001,-1,-0.06286093175753138,0.5841909857812064,-0.06448688064895575,0.5794299859227482,0.001956896222524586,0.004576625022445554,0.0003379732555794934
1.3875002250000001,1,-0.0628609317361696,0.5841909858697883,-0.06448688056057826,0.5794299862906692,0.0019568961112768203,0.004576625022445233,0.0003379732555794934
1.382812734375,-1,-0.07173438474758778,0.5828212535686859,-0.07304148412316512,0.578806918630566,0.0016421385905888656,0.004574218359565758,0.00036676826173215327
1.382812734375,1,-0.07173438472829717,0.5828212536500589,-0.07304148404801326,0.5788069189491992,0.0016421384961094175,0.004574218359565418,0.00036676826173215327
1.37812524375,-1,-0.08052680164919265,0.581493055731532,-0.08132158612514805,0.5787075341736961,0.0011267215995311673,0.004571718375444829,0.00039674586980853466
1.37812524375,1,-0.08052680163564246,0.5814930557903252,-0.08132158607701671,0.5787075343846263,0.0011267215389350782,0.0045717183754447645,0.00039674586980853466
1.3734377531250002,-1,-0.08926064193923772,0.5801455051106028,-0.08944758724308266,0.5788296452401578,0.0005169678417210448,0.0045691256439201475,0.0004279069552746706
1.3734377531250002,1,-0.08926064193406924,0.5801455051354224,-0.08944758723042318,0.578829645306424,0.0005169678253500377,0.004569125643920016,0.0004279069552746706
1.3687502625,-1,-0.0979646821212887,0.5787019453085567,-0.09755123271135709,0.5788422197851488,0.00016982272775993017,0.004566440758367616,0.00046025242792860355
1.3687502625,1,-0.09796468212575467,0.5787019452936903,-0.09755123273642657,0.5788422196951624,0.00016982271078281257,0.00456644075836764,0.00046025242792860355
1.364062771875,-1,-0.10666851203695041,0.5770835089249777,-0.1057528743388893,0.578441649286548,0.0006371180293438436,0.004563664331374291,0.0004937832319003299
1.364062771875,1,-0.10666851205080227,0.577083508870869,-0.10575287439800005,0.5784416490534376,0.0006371179617716623,0.004563664331374354,0.0004937832319003299
1.3593752812500002,-1,-0.1153977848647633,0.5752208876928028,-0.11414477036749615,0.5773931903706352,0.0009754465538410532,0.00456079699439765,0.0005285003456518556
1.3593752812500002,1,-0.11539778488637346,0.5752208876056659,-0.11414477045211906,0.5773931900279923,0.000975446455505679,0.004560796994397543,0.0005285003456518556
1.354687790625,-1,-0.12417072208572148,0.5730630096548953,-0.12278149386625334,0.5755548900433691,0.0011097148902193198,0.004557839397415857,0.0005644047819772235
1.354687790625,1,-0.12417072211239173,0.5730630095455678,-0.12278149396465922,0.5755548896386596,0.0011097147762795644,0.004557839397415895,0.0005644047819772235
1.3500003,-1,-0.13299611183135407,0.5705820410212241,-0.1316772157711405,0.5728845295250891,0.0010321193776796267,0.004554792208570361,0.0006014975880024309
1.3500003,1,-0.13299611185971863,0.5705820409034164,-0.13167721587025766,0.5728845291120502,0.0010321192643549392,0.004554792208570448,0.0006014975880024309
1.3453128093750002,-1,-0.1418727866880559,0.5677747389694112,-0.14080875150501232,0.5694322991713558,0.0007661474741617989,0.004551656113796327,0.0006397798451855397
1.3453128093750002,1,-0.14187278671454853,0.567774738857861,-0.14080875159222042,0.5694322988025579,0.0007661473771991263,0.004551656113796403,0.0006397798451855397
1.3406253187500001,-1,-0.15079037644669155,0.5646606305955809,-0.15012278740033042,0.5653230966685237,0.00036582423149555965,0.004548431816445774,0.0006792526693165379
1.3406253187500001,1,-0.15079037646799234,0.5646606305042006,-0.15012278746497631,0.5653230963889985,0.00036582416797988873,0.004548431816445937,0.0006792526693165379
1.335937828125,-1,-0.15973104501309465,0.5612777604659198,-0.15954556685215618,0.5607326905458241,0.00022395387298979305,0.00454512003690197,0.0007199172105174512
1.335937828125,1,-0.1597310450265049,0.5612777604062006,-0.15954556688665306,0.5607326903883573,0.0002239539063414633,0.004545120036902326,0.0007199172105174512
1.3312503375,-1,-0.16867185267785517,0.5576768793010168,-0.16899342571023765,0.55586172865905,0.0007170308875721336,0.004541721512185654,0.000761774653242342
1.3312503375,1,-0.1686718526815718,0.5576768792808486,-0.16899342571068582,0.5558617286414201,0.0007170308863781754,0.004541721512185704,0.000761774653242342
1.3265628468750001,-1,-0.17758738757503015,0.5539149463896593,-0.17838283482348963,0.5509109144929343,0.0012087443631149785,0.004538236995550914,0.0008048262162771991
1.3265628468750001,1,-0.17758738756830428,0.5539149464126195,-0.17838283478982236,0.5509109146171127,0.001208744322373495,0.0045382369955507375,0.0008048262162771991
1.32187535625,-1,-0.18645236549490818,0.5500487199270176,-0.1876389568082407,0.5460598151697919,0.0016187527800917525,0.004534667256076448,0.0008490731527400763
1.32187535625,1,-0.18645236547808686,0.5500487199922052,-0.18763895674394873,0.5460598154229008,0.0016187527047656512,0.004534667256076578,0.0008490731527400763
1.317187865625,-1,-0.19524392032622964,0.5461290757772806,-0.19670209210784326,0.54145085663632,0.0019060257649217433,0.004531013078249384,0.0008945167500809814
1.317187865625,1,-0.1952439203006641,0.5461290758795366,-0.19670209201936628,0.541450856992999,0.0019060256631604766,0.004531013078249354,0.0008945167500809814
1.3125003750000002,-1,-0.2039434214244216,0.542196499313878,-0.20553173382760687,0.5371792126489441,0.0020470212980618647,0.004527275261537425,0.0009411583300819593
1.3125003750000002,1,-0.2039434213923068,0.5421964994444807,-0.20553173372349848,0.5371792130746993,0.0020470211801586527,0.004527275261537646,0.0009411583300819593
1.307812884375,-1,-0.2125377160697432,0.5382780133828674,-0.21410824011386356,0.5332885762623192,0.002034608318747078,0.004523454619961422,0.0009889992488570365
1.307812884375,1,-0.2125377160338732,0.5382780135304637,-0.21410824000384113,0.5332885767173999,0.0020346081960034845,0.004523454619961164,0.0009889992488570365
1.30312539375,-1,-0.22101972204249926,0.5343856552930526,-0.22243235575016765,0.5297722499343798,0.001876709996835086,0.00451955198165372,0.0010380408968521937
1.30312539375,1,-0.22101972200599534,0.5343856554448003,-0.22243235564414873,0.5297722503777589,0.0018767098804538837,0.004519551981653101,0.0010380408968521937
1.2984379031250002,-1,-0.22938844594739277,0.5305164210465414,-0.230522968605068,0.5265786119674186,0.0015939877622071423,0.00451556818841636,0.001088284698845532
1.2984379031250002,1,-0.22938844591345278,0.5305164211893814,-0.23052296851228093,0.5265786123604982,0.0015939876623393028,0.004515568188416413,0.001088284698845532
1.2937504125000001,-1,-0.237648471233365,0.526653515379195,-0.23841356927517862,0.5236198064525248,0.001216966306813318,0.004511504095274914,0.0011397321139470507
1.2937504125000001,1,-0.2376484712048912,0.5266535155007509,-0.23841356920341528,0.523619806762283,0.0012169662317134335,0.004511504095274473,0.0011397321139470507
1.289062921875,-1,-0.24580901512151204,0.5227686538587363,-0.24614790777055492,0.5207824369493306,0.0007837410361669256,0.004507360570016857,0.0011923846355987866
1.289062921875,1,-0.24580901510098377,0.5227686539485553,-0.24614790772561349,0.5207824371507184,0.0007837409917912532,0.00450736057001644,0.0011923846355987866
1.2843754312500002,-1,-0.25388269645455686,0.5188251009059189,-0.25377532216489357,0.5179390917607116,0.00034715129890173493,0.004503138492738147,0.0012462437915747582
1.2843754312500002,1,-0.25388269644378864,0.5188251009561282,-0.25377532215023363,0.5179390918381864,0.00034715128855545077,0.004503138492737698,0.0012462437915747582
1.2796879406250001,-1,-0.2618841326884817,0.5147811273716718,-0.26134615906970515,0.5149596623407516,0.0002204770791487488,0.004498838755375682,0.001301311143981021
1.2796879406250001,1,-0.2618841326885252,0.5147811273775612,-0.26134615908631575,0.5149596622889228,0.00022047706596130395,0.004498838755375806,0.001301311143981021
1.27500045,-1,-0.2698284973199652,0.5105935717008376,-0.2689076290033831,0.5117216051702979,0.0005664080798400704,0.004494462261242854,0.0013575882892555846
1.27500045,1,-0.26982849733101044,0.5105935716610147,-0.26890762904985327,0.5117216049937385,0.0005664080299254703,0.004494462261242278,0.0013575882892555846
1.270312959375,-1,-0.27773015990944705,0.5062212176711385,-0.2765003510608094,0.5081185153403684,0.0008794621952962074,0.004490009924550536,0.0014150768581684958
1.270312959375,1,-0.2777301599309239,0.5062212175877007,-0.27650035113357296,0.5081185150526977,0.0008794621177843578,0.0044900099245506675,0.0014150768581684958
1.2656254687500001,-1,-0.28560150126742384,0.5016277546939694,-0.28415574818960804,0.5040666058536907,0.0011027928138084475,0.004485482669940918,0.0014737785158218109
1.2656254687500001,1,-0.28560150129797396,0.5016277545720458,-0.2841557482833244,0.5040666054760693,0.0011027927157240753,0.004485482669941267,0.0014737785158218109
1.260937978125,-1,-0.2934519350270276,0.49678417387838736,-0.2918943693334071,0.49950889908451823,0.0012207754055234533,0.004480881432002644,0.0015336949616495121
1.260937978125,1,-0.2934519350646902,0.4967841737257814,-0.2918943694414386,0.4995088986437288,0.0012207752946234798,0.00448088143200291,0.0015336949616495121
1.2562504875,-1,-0.30128724041990346,0.491670446115446,-0.29972514101694975,0.4944171241457006,0.0012290667723111682,0.0044762071547921715,0.0015948279294177303
1.2562504875,1,-0.3012872404622476,0.49167044594196774,-0.2997251411318919,0.49441712367198937,0.0012290666568385339,0.004476207154792215,0.0015948279294177303
1.2515629968750002,-1,-0.30910919471151543,0.48627645230114713,-0.30764548553356746,0.4887914723544617,0.0011318767620492889,0.004471460791350887,0.0016571791872244113
1.2515629968750002,1,-0.3091091947558264,0.4862764521178789,-0.3076454856477902,0.4887914718793104,0.0011318766502457162,0.004471460791350739,0.0016571791872244113
1.24687550625,-1,-0.316915499937292,0.48060217442769676,-0.3156421934730591,0.48265848428149893,0.0009407671182557355,0.004466643303220509,0.0017207505374996213
1.24687550625,1,-0.31691549998076807,0.48060217424622326,-0.31564219357922174,0.4826584838354829,0.0009407670179344868,0.004466643303220396,0.0017207505374996213
1.242188015625,-1,-0.3246999982268956,0.4746571903292891,-0.3236929058788227,0.47606742458814266,0.0006740497603489923,0.004461755659957515,0.0017855438170054083
1.242188015625,1,-0.32469999826683027,0.47465719016091656,-0.32369290597033223,0.47606742419900694,0.0006740496788100771,0.004461755659957597,0.0017855438170054083
1.2375005250000002,-1,-0.3324531184490923,0.4684595825099004,-0.3317680416559438,0.4690855489693892,0.00036095876748813157,0.0044567988386464245,0.0018515608968358022
1.2375005250000002,1,-0.3324531184830307,0.4684595823649338,-0.3317680417273318,0.46908554866044405,0.0003609587137105348,0.0044567988386465225,0.0018515608968358022
1.2328130343750001,-1,-0.3401976978270542,0.46212074882540477,-0.3398636027042401,0.46146212465525344,0.0002872594353529066,0.004451773823411908,4.380368241688193e-05
1.2328130343750001,1,-0.34019769785329246,0.4621207487110469,-0.33986360274038535,0.46146212449525176,0.0002872594494430375,0.004451773823411933,4.380368241688193e-05
1.22812554375,-1,-0.34781364434142054,0.4553837012239701,-0.34737515750542625,0.45367305376338374,0.0006868998627909688,0.004446681604931925,0.00011227411350664407
1.22812554375,1,-0.3478136443575154,0.45538370115085536,-0.3473751575211762,0.45367305368761335,0.0006868998638248954,0.004446681604931935,0.00011227411350664407
1.223438053125,-1,-0.35532045723364475,0.44840622427611765,-0.35469376446453066,0.44557757215266697,0.0011269366928255873,0.004441523179950828,0.00018197416419510337
1.223438053125,1,-0.35532045723846684,0.44840622424936843,-0.35469376445941186,0.44557757216388055,0.001126936679245225,0.0044415231799511444,0.00018197416419510337
1.2187505625000001,-1,-0.3627333825102769,0.44130516494952693,-0.36199054412340337,0.4376956793643492,0.0014334006931906037,0.004436299550794455,0.0002529058429043829
1.2187505625000001,1,-0.3627333825036608,0.44130516497019356,-0.3619905440995507,0.4376956794539681,0.0014334006682723604,0.004436299550794634,0.0002529058429043829
1.214063071875,-1,-0.37005837984297957,0.43416203851646945,-0.3693276118904365,0.430223186806964,0.0015582345829686583,0.004431011724883585,0.00032507119238847637
1.214063071875,1,-0.37005837982547735,0.4341620385823437,-0.36932761185101964,0.43022318696197925,0.0015582345504322798,0.004431011724883124,0.00032507119238847637
1.20937558125,-1,-0.3772938624791723,0.42702976300449896,-0.3767047549752793,0.42318364402540476,0.0015134669361567012,0.0044256607142497875,0.00039847228973347026
1.20937558125,1,-0.3772938624520758,0.4270297631110402,-0.376704754923744,0.423183644231676,0.0015134668992512787,0.004425660714249771,0.00039847228973347026
1.2046880906250002,-1,-0.38443196727974754,0.41993624124614076,-0.38408269416274626,0.41649990668061326,0.0013435129941774483,0.004420247535058798,0.0004731112463573217
1.2046880906250002,1,-0.3844319672446411,0.4199362413867705,-0.38408269410239576,0.41649990692454913,0.0013435129551934812,0.004420247535059041,0.0004731112463573217
1.2000006,-1,-0.39146032351245247,0.41288883124758413,-0.3914011586717016,0.410044795893365,0.0011064799572276518,0.004414773207127977,0.0005489902080101638
1.2000006,1,-0.39146032347126913,0.41288883141448585,-0.3914011586055327,0.41004479616263295,0.001106479917621145,0.004414773207128033,0.0005489902080101638
1.195313109375,-1,-0.3983641317699952,0.40587940012689006,-0.3985934623715587,0.4036783904552046,0.0008607583788692655,0.00440923875345083,0.0006261113547740282
1.195313109375,1,-0.39836413172483087,0.4058794003114509,-0.39859346230225984,0.40367839073882616,0.0008607583395723665,0.004409238753450648,0.0006261113547740282
1.1906256187500002,-1,-0.40512821833181706,0.3988894668545378,-0.40559764540424037,0.39727386702815415,0.0006544072032923226,0.004403645199725398,0.0007044769010629282
1.1906256187500002,1,-0.4051282182848626,0.39888946704783074,-0.40559764533425824,0.3972738673162273,0.0006544071653907275,0.0044036451997250675,0.0007044769010629282
1.185938128125,-1,-0.41173890278274516,0.3918948821641781,-0.41236419404242974,0.39073318848680255,0.0005131617586271731,0.004397993573884782,0.0007840890956229141
1.185938128125,1,-0.41173890273618713,0.3918948823573318,-0.4123641939740586,0.39073318877008045,0.0005131617237378184,0.00439799357388488,0.0007840890956229141
1.1812506375,-1,-0.4181854676826574,0.3848697657002497,-0.41886054097882847,0.3839941510267194,0.0004300567017348884,0.004392284905634222,0.0008649502215320737
1.1812506375,1,-0.4181854676385392,0.3848697658847043,-0.4188605409142902,0.38399415129621195,0.00043005667068956254,0.004392284905634276,0.0008649502215320737
1.1765631468750002,-1,-0.42446118073274736,0.377789443358454,-0.4250727336913114,0.3770305491258777,0.0003791032829226843,0.004386520225987888,0.0009470625962004486
1.1765631468750002,1,-0.424461180692956,0.3777894435262881,-0.42507273363281023,0.37703054937259506,0.0003791032544650907,0.004386520225987705,0.0009470625962004486
1.1718756562500001,-1,-0.43056380330348887,0.3706323658361491,-0.4310047853887279,0.36984733348266424,0.00035023187817866455,0.004380700566814339,0.0010304285713700345
1.1718756562500001,1,-0.43056380326972304,0.3706323659803323,-0.4310047853384588,0.3698473336975542,0.00035023185105629467,0.004380700566814381,0.0010304285713700345
1.167188165625,-1,-0.4364956081060157,0.36338105964638723,-0.4366762842760977,0.3624726025181466,0.0003602820432190059,0.004374826960387701,0.0011150505331149474
1.167188165625,1,-0.4364956080796753,0.36338105976092,-0.43667628423620347,0.36247260269223985,0.0003602820194684971,0.004374826960387974,0.0011150505331149474
1.162500675,-1,-0.4422629598862589,0.35602224579212854,-0.4421188434990448,0.354948104258353,0.00042155115237152603,0.0043689004389422135,0.0012009309018412018
1.162500675,1,-0.4422629598684303,0.3560222458722263,-0.4421188434715311,0.35494810438310215,0.00042155113565872887,0.004368900438941907,0.0012009309018412018
1.1578131843750001,-1,-0.4478755432151312,0.3485463452822745,-0.4473719379242999,0.3473196688849021,0.0005157837712146323,0.004362922034230686,0.0012880721322868494
1.1578131843750001,1,-0.44787554320660533,0.3485463453245464,-0.4473719379109203,0.3473196689526685,0.0005157837627580926,0.004362922034230595,0.0012880721322868494
1.15312569375,-1,-0.45334535442771173,0.34094658682265605,-0.45247860565228654,0.33962868258484485,0.0006135510523873055,0.004356892777096946,0.001376476713521979
1.15312569375,1,-0.4533453544288864,0.3409465868251479,-0.45247860565440523,0.3396286825894684,0.0006135510514927729,0.004356892777096953,0.001376476713521979
1.148438203125,-1,-0.4586855570499131,0.33321796862943415,-0.45748140364830164,0.3319053838130513,0.0006928518106927417,0.004350813697046639,0.0014661471689486338
1.148438203125,1,-0.4586855570608125,0.33321796859171604,-0.4574814036667584,0.3319053837504353,0.0006928518158419348,0.004350813697046584,0.0014661471689486338
1.1437507125000002,-1,-0.46390932195237183,0.3253562651795726,-0.46241891071560565,0.3241644376608577,0.0007422861705566014,0.004344685821829392,0.0015570860563008104
1.1437507125000002,1,-0.46390932197262513,0.32535626510274845,-0.46241891075059766,0.3241644375295025,0.0007422861793261386,0.004344685821828891,0.0015570860563008104
1.139063221875,-1,-0.4690287548683896,0.3173572304168096,-0.4673229730705421,0.3164029476330656,0.0007602667929814524,0.004338510177025647,0.0016492959676446262
1.139063221875,1,-0.4690287548973281,0.31735723030354623,-0.4673229731215349,0.316402947434483,0.0007602668016976302,0.004338510177025514,0.0016492959676446262
1.13437573125,-1,-0.4740539803591383,0.30921611901733365,-0.4722167945113127,0.30860081225599806,0.0007536215511028142,0.0043322877856463325,0.0017427795293781245
1.13437573125,1,-0.47405398039569563,0.3092161188716929,-0.4722167945769889,0.30860081199495604,0.0007536215546181965,0.004332287785646349,0.0017427795293781245
1.1296882406250002,-1,-0.4789924302730349,0.3009275882916225,-0.47711389319844283,0.30072312962319775,0.0007350071861429776,0.004326019667733731,0.0018375394022313862
1.1296882406250002,1,-0.4789924303158393,0.3009275881189567,-0.47711389327670267,0.30072312930776396,0.0007350071784415085,0.004326019667733495,0.0018375394022313862
1.12500075,-1,-0.4839036430785721,0.2925843817824093,-0.48280420422477915,0.29235630167688176,0.00043675245160737936,0.004319706839973233,5.857828126640263e-05
1.12500075,1,-0.48390364312684847,0.29258438158583966,-0.4828042042918942,0.29235630140303603,0.0004367524505380696,0.004319706839973356,5.857828126640263e-05
1.120313259375,-1,-0.4886215537775378,0.28388514597816467,-0.4872572745917431,0.2831980129468697,0.0005941691336141178,0.0043133503153172156,0.00015589889587730443
1.120313259375,1,-0.48862155382792893,0.28388514577130547,-0.4872572746568637,0.283198012678911,0.0005941691391876909,0.004313350315317276,0.00015589889587730443
1.11562576875,-1,-0.49319604428904135,0.2749291956198792,-0.49148012382451683,0.27361280504211216,0.0008412221437842735,0.004306951102611146,0.00025450400979007415
1.11562576875,1,-0.4931960443389118,0.2749291954133517,-0.491480123883514,0.2736128047971899,0.0008412221500578771,0.0043069511026108355,0.00025450400979007415
1.1109382781250001,-1,-0.4976602744201554,0.2657860879208975,-0.4956807231619463,0.26398172635560185,0.0010418512082795916,0.004300510206232209,0.0003543964210628303
1.1109382781250001,1,-0.4976602744675589,0.26578608772321194,-0.4956807232137805,0.2639817261383138,0.0010418512121423025,0.004300510206232202,0.0003543964210628303
1.1062507875,-1,-0.50203567621694,0.2565079933940198,-0.4999507513641028,0.25447509701934323,0.0011326657269222907,0.0042940286257395046,0.0004555789620856454
1.1062507875,1,-0.5020356762602441,0.25650799321181544,-0.49995075140909395,0.254475096828633,0.0011326657287621872,0.00429402862573965,0.0004555789620856454
1.101563296875,-1,-0.5063341531100227,0.247133976173113,-0.5043190873407895,0.2451522546883251,0.0010993241112711737,0.0042875073555284976,0.0005580544995805181
1.101563296875,1,-0.5063341531480188,0.24713397601152487,-0.5043190873797443,0.24515225452104358,0.0010993241125580807,0.004287507355528586,0.0005580544995805181
1.0968758062500001,-1,-0.510558170648027,0.23769010461699636,-0.5087711262369763,0.23599827130036788,0.0009571970713951697,0.004280947384498148,0.0006618259346015398
1.0968758062500001,1,-0.5105581706798186,0.2376901044799115,-0.5087711262706431,0.23599827115360222,0.0009571970734542634,0.004280947384498192,0.0006618259346015398
1.092188315625,-1,-0.5147014698146363,0.22819050703980354,-0.5132628587501858,0.22695062165497196,0.0007387248599946684,0.004274349695727847,0.0007668962025347836
1.092188315625,1,-0.5147014698395703,0.2281905069301248,-0.5132628587789123,0.22695062152746448,0.000738724863404675,0.004274349695727948,0.0007668962025347836
1.087500825,-1,-0.5187504926405825,0.21863948581238257,-0.5177328176350684,0.21792153598925407,0.00048443611900553214,0.004267715266164716,0.0008732682730983321
1.087500825,1,-0.5187504926581593,0.21863948573223738,-0.5177328176586465,0.21792153588207494,0.0004844361231598269,0.004267715266164197,0.0008732682730983321
1.0828133343750002,-1,-0.5226862978681505,0.20903438467007665,-0.5221122188717098,0.208816667315755,0.00023881774002985575,0.0042610450663171226,0.000980945150342194
1.0828133343750002,1,-0.5226862978781239,0.20903438462102394,-0.5221122188893664,0.20881666723235806,0.00023881774197260404,0.004261045066316924,0.000980945150342194
1.07812584375,-1,-0.526486725969813,0.19936875886086322,-0.526333198314297,0.1995499076363954,9.236316061715468e-05,0.0042543400599667795,0.0010899298726484985
1.07812584375,1,-0.5264867259719975,0.19936875884389868,-0.5263331983247918,0.19954990758219357,9.236314747769576e-05,0.004254340059966874,0.0010899298726484985
1.073438353125,-1,-0.5301285716215629,0.1896354561769383,-0.5303350607292959,0.1900542040276514,0.0001816060931121335,0.004247601203883657,0.0012002255127312456
1.073438353125,1,-0.5301285716158677,0.18963545619251507,-0.5303350607311036,0.19005420400925915,0.00018160608255239207,0.0042476012038832126,0.0012002255127312456
1.0687508625000002,-1,-0.5335895690762205,0.17982924554233012,-0.5340685628116794,0.18028841475694582,0.0002580921686543404,0.004240829447551891,0.0013118351776365555
1.0687508625000002,1,-0.5335895690627838,0.17982924559034683,-0.5340685628032235,0.1802884147812301,0.00025809216366483973,0.0042408294475517775,0.0013118351776365555
1.064063371875,-1,-0.5368500316649717,0.16994877939361355,-0.5374983582344887,0.17024044723515883,0.00027652292249253263,0.004234025732914624,0.0014247620087424473
1.064063371875,1,-0.5368500316440031,0.16994877947325604,-0.5374983582143842,0.17024044730822488,0.00027652292174955886,0.004234025732914084,0.0014247620087424473
1.05937588125,-1,-0.5398940516858077,0.1599977593463258,-0.5406038181894591,0.15992708693541702,0.0002774421234943288,0.004227190994117317,0.0015390091817590323
1.05937588125,1,-0.5398940516577941,0.15999775945602426,-0.5406038181567413,0.15992708706164827,0.0002774421210363661,0.004227190994117152,0.0015390091817590323
1.054688390625,-1,-0.5427102283190361,0.14998525338542232,-0.5433784995904777,0.14939105095435634,0.0003478308619024046,0.004220326157274354,0.0016545799067283762
1.054688390625,1,-0.5427102282845977,0.1499852535227065,-0.5433784995447927,0.14939105113560353,0.0003478308472705303,0.004220326157274236,0.0016545799067283762
1.0500009000000001,-1,-0.5452919322253985,0.13992524158966732,-0.5458285653112293,0.13869588491274937,0.0005217537032594409,0.004213432140236388,0.001771477428024526
1.0500009000000001,1,-0.5452919321853995,0.1399252417511471,-0.5458285652529714,0.13869588514774217,0.0005217536742118482,0.004213432140236549,0.001771477428024526
1.045313409375,-1,-0.5477071491177529,0.1298403603105769,-0.5471406420469,0.12853069890287538,0.0005550329576656969,0.0042065098523762,1.47050243535507e-05
1.045313409375,1,-0.5477071490727039,0.1298403604935677,-0.5471406419922935,0.12853069913083517,0.0005550329430876398,0.004206509852375955,1.47050243535507e-05
1.04062591875,-1,-0.5495473079771768,0.11971513910537358,-0.547509518561816,0.1181430277549462,0.001001102844310803,0.004199560194378766,0.00013426600875351968
1.04062591875,1,-0.5495473079312923,0.11971513929701517,-0.5475095185153469,0.11814302796474457,0.0010011028401768962,0.0041995601943787715,0.00013426600875351968
1.0359384281250001,-1,-0.5509410418266575,0.10958027425752792,-0.5473638280857012,0.10777349121259724,0.0015588339572744228,0.004192584058050642,0.000255163728594493
1.0359384281250001,1,-0.550941041782539,0.10958027444695213,-0.5473638280507328,0.10777349138998978,0.0015588339562074385,0.004192584058050596,0.000255163728594493
1.0312509375,-1,-0.5521231928842151,0.09946877223659027,-0.5476701306518357,0.09750604906251815,0.0018928849219202587,0.004185582326132465,0.00037740156557861115
1.0312509375,1,-0.5521231928430694,0.0994687724179494,-0.5476701306243963,0.09750604921559917,0.001892884921478032,0.004185582326132225,0.00037740156557861115
1.026563446875,-1,-0.5532124662340473,0.08940188452535121,-0.5486076767877984,0.08736214460132741,0.00195897470132553,0.004178555872126643,0.0005009829357398854
1.026563446875,1,-0.5532124661963524,0.08940188469524088,-0.5486076767630266,0.08736214474234714,0.0019589747012776055,0.004178555872126642,0.0005009829357398854
1.0218759562500002,-1,-0.5542800026956212,0.0793941521506298,-0.5501469578750894,0.07734646499078637,0.0017941148028110553,0.004171505560136793,0.0006259112894444196
1.0218759562500002,1,-0.554280002661364,0.07939415230714385,-0.5501469578486818,0.07734646513127792,0.0017941148028419443,0.004171505560137026,0.0006259112894444196
1.017188465625,-1,-0.5553575494318295,0.06945384636097704,-0.5521450061980309,0.0674549945066465,0.0014717127964355566,0.004164432244715846,0.000752190111390244
1.017188465625,1,-0.5553575494008383,0.06945384650299113,-0.552145006167014,0.06745499465476247,0.0014717127951901648,0.004164432244715762,0.000752190111390244
1.012500975,-1,-0.5564441108638306,0.05958342152315829,-0.5544018662940562,0.05767938999417875,0.0010860586461845763,0.004157336770724449,0.0008798229206074815
1.012500975,1,-0.5564441108359894,0.05958342164974371,-0.5544018662571353,0.05767939015335567,0.0010860586401229791,0.004157336770724414,0.0008798229206074815
1.007813484375,-1,-0.5575137784164389,0.049780164294623605,-0.5567011975323989,0.04800954698242766,0.0007577777662363777,0.004150219973204557,0.001008813270458181
1.007813484375,1,-0.5575137783917661,0.04978016440463036,-0.5567011974899938,0.04800954715103341,0.000757777748397409,0.0041502199732045535,0.001008813270458181
1.0031259937500001,-1,-0.5585243273203171,0.04003702651245093,-0.5588396662398261,0.03843484355108108,0.0006351548345152867,0.004143082677259335,0.0011391647486364287
1.0031259937500001,1,-0.5585243272990671,0.04003702660429946,-0.5588396661938846,0.03843484372280557,0.000635154802176174,0.0041430826772593955,0.0011391647486364287
0.998438503125,-1,-0.5594256924944424,0.030343505785663454,-0.5606468821009862,0.028944358294761947,0.0007223638854023561,0.0041359256979461535,0.0012708809771682927
0.998438503125,1,-0.5594256924771032,0.030343505857296827,-0.5606468820546432,0.02894435845954289,0.0007223638506873618,0.004135925697946147,0.0012708809771682927
0.9937510125000001,-1,-0.5601674840485594,0.020686535790606347,-0.5619971204084826,0.01952634777900813,0.0008426901063275091,0.004128749840178969,0.0014039656124118782
0.9937510125000001,1,-0.5601674840358091,0.0206865358396158,-0.5619971203656303,0.019526347924302568,0.0008426900763830573,0.0041287498401789465,0.0014039656124118782
0.989063521875,-1,-0.5607049395295459,0.011051304130103445,-0.5628140568397855,0.010167284103838364,0.0008895286454402842,0.00412155589864228,0.001538422345057272
0.989063521875,1,-0.560704939522166,0.011051304153963042,-0.5628140568046062,0.010167284216069864,0.0008895286221801716,0.00412155589864229,0.001538422345057272
0.9843760312500001,-1,-0.5610029991138691,0.00142201089618629,-0.5630698103064345,0.0008507577423689943,0.0008340669565016855,0.004114344657715224,0.0016742549001264595
0.9843760312500001,1,-0.5610029991126214,0.001422010892564353,-0.5630698102829447,0.000850757808399806,0.0008340669409451806,0.004114344657714818,0.0016742549001264595
0.9796885406250001,-1,-0.561038464030227,-0.008217476527839978,-0.5627796341149296,-0.008443462599156527,0.0006829411225627464,0.004107116891403061,0.0018114670369736297
0.9796885406250001,1,-0.5610384640358337,-0.008217476560753625,-0.5627796341065695,-0.008443462590656222,0.0006829411151019177,0.004107116891403312,0.0018114670369736297
0.97500105,-1,-0.5609354964558879,-0.01783428531249617,-0.5608007391169194,-0.017856317777134565,5.311234167779083e-05,0.004099873300193046,7.50625492848267e-05
0.97500105,1,-0.5609354964689509,-0.017834285377103062,-0.5608007391317568,-0.017856317851850673,5.3112341631139545e-05,0.004099873300192638,7.50625492848267e-05
0.9703135593750001,-1,-0.5603074082425977,-0.02758123366455875,-0.5593959377025015,-0.027689884868982145,0.00035704348651609,0.004092614516633201,0.0002150452650780954
0.9703135593750001,1,-0.5603074082631948,-0.027581233758322724,-0.5593959377272142,-0.027689884978455124,0.00035704348564976045,0.004092614516633219,0.0002150452650780954
0.96562606875,-1,-0.5592829201121325,-0.03743502253448787,-0.5574365704250192,-0.03772831945287162,0.0007271769021691288,0.004085341452718255,0.0003564190467035544
0.96562606875,1,-0.5592829201396109,-0.037435022654333454,-0.5574365704580624,-0.037728319589839306,0.0007271769010762178,0.0040853414527183725,0.0003564190467035544
0.960938578125,-1,-0.5579524834194938,-0.047377632895591965,-0.5553089677634192,-0.04783926759780136,0.0010438053147647493,0.004078054840224471,0.0004991877908433195
0.960938578125,1,-0.5579524834531309,-0.04737763303806408,-0.555308967803554,-0.04783926775811309,0.001043805313468724,0.0040780548402245586,0.0004991877908433195
0.9562510875000001,-1,-0.5563923047239756,-0.057392470197747535,-0.5532025567583269,-0.057953664619173936,0.0012597680128999594,0.0040707554003829895,0.0006433554285113774
0.9562510875000001,1,-0.556392304762866,-0.057392470359063995,-0.5532025568046003,-0.057953664800303804,0.0012597680114070497,0.0040707554003830485,0.0006433554285113774
0.951563596875,-1,-0.5546680204176948,-0.0674633475739942,-0.5512142762545426,-0.06803348165524689,0.0013615792999523127,0.004063443843872177,0.000788925925053946
0.951563596875,1,-0.5546680204608037,-0.06746334775012208,-0.5512142763061739,-0.06803348185549336,0.0013615792982095577,0.004063443843872233,0.000788925925053946
0.9468761062500001,-1,-0.5528311861023516,-0.07757587518020961,-0.549377755678487,-0.07806395063797808,0.0013566253896453147,0.004056120870818882,0.0009359032801489753
0.9468761062500001,1,-0.5528311861485431,-0.07757587536692336,-0.5493777557347448,-0.07806395085576755,0.0013566253874598966,0.0040561208708188795,0.0009359032801489753
0.9421886156250001,-1,-0.5509172776538039,-0.08771840442903772,-0.5476822447500804,-0.088048341137193,0.001264853830242883,0.004048787170808278,0.001084291527806619
0.9421886156250001,1,-0.5509172777018583,-0.08771840462194327,-0.54768224481016,-0.08804834137046608,0.0012648538271827002,0.004048787170808121,0.001084291527806619
0.937501125,-1,-0.5489457568537448,-0.09788227194259722,-0.5460878915800864,-0.09800311767590619,0.0011126133853185253,0.004041443422901757,0.0012340947363690125
0.937501125,1,-0.5489457569024389,-0.09788227213716252,-0.5460878916429996,-0.09800311792161828,0.0011126133806331417,0.004041443422901967,0.0012340947363690125
0.9328136343750001,-1,-0.546921801277262,-0.10806142090342549,-0.5445383801190442,-0.10795320324816628,0.0009280312410046858,0.004034090295666015,0.001385317008510134
0.9328136343750001,1,-0.5469218013253039,-0.10806142109499405,-0.5445383801835332,-0.10795320350193596,0.000928031233516482,0.004034090295666087,0.001385317008510134
0.92812614375,-1,-0.5448390906581114,-0.11825155634746716,-0.5429710274491084,-0.11792741724616818,0.0007374753714812525,0.004026728447204566,0.0015379624812361659
0.92812614375,1,-0.5448390907042203,-0.11825155653131747,-0.5429710275135979,-0.11792741750210109,0.0007374753596436219,0.004026728447204648,0.0015379624812361659
0.9234386531250001,-1,-0.5426830385352288,-0.12844908151968754,-0.5413243679821771,-0.12795422480951932,0.000562442332851957,0.004019358525202927,0.0016920353258851328
0.9234386531250001,1,-0.5426830385781443,-0.12844908169110866,-0.5413243680447711,-0.12795422506022128,0.0005624423151062393,0.0040193585252029556,0.0016920353258851328
0.9187511625000001,-1,-0.5404339880509308,-0.1386499868494819,-0.5395433541632019,-0.13805794093298357,0.00041598685476433236,0.004011981166977555,0.0018475397481271527
0.9187511625000001,1,-0.5404339880894511,-0.13864998700388884,-0.5395433542217256,-0.13805794116976394,0.0004159868305471608,0.004011981166977665,0.0018475397481271527
0.914063671875,-1,-0.5381897283429062,-0.1488557815827019,-0.5373629024574967,-0.14892177045233032,0.0003226319914889926,0.004004596999534353,0.00012947998796433713
0.914063671875,1,-0.5381897283761884,-0.14885578171696173,-0.5373629024965559,-0.1489217706107133,0.00032263198999551984,0.004004596999534298,0.00012947998796433713
0.9093761812500001,-1,-0.5356280502434031,-0.1590456925814145,-0.5346387973993757,-0.15915529110496165,0.00038714264010459215,0.003997206639631959,0.00028786031973077053
0.9093761812500001,1,-0.5356280502699793,-0.15904569268954924,-0.5346387974294414,-0.15915529122836872,0.0003871426394096593,0.00399720663963183,0.00028786031973077053
0.904688690625,-1,-0.5328191601211548,-0.1692018635027331,-0.5315003562421672,-0.1693382143917435,0.0005157077868867152,0.003989810693854164,0.00044768505209247245
0.904688690625,1,-0.5328191601401827,-0.16920186358131034,-0.5315003562624766,-0.16933821447688738,0.0005157077866535627,0.003989810693854065,0.00044768505209247245
0.9000012000000001,-1,-0.5297793708919828,-0.17931093602479942,-0.5281200498379495,-0.17946419779116662,0.0006481711323342342,0.003982409758687461,0.0006089585280475984
0.9000012000000001,1,-0.5297793709029646,-0.17931093607169993,-0.5281200498484148,-0.17946419783755113,0.0006481711325158157,0.003982409758687561,0.0006089585280475984
0.8953137093750001,-1,-0.5265288562870912,-0.18936077150169567,-0.524604088181781,-0.18953157048924557,0.0007516163387732228,0.0039750044206058105,0.000771685124926258
0.8953137093750001,1,-0.526528856289809,-0.18936077151598213,-0.524604088182665,-0.18953157049781416,0.0007516163392871183,0.003975004420605839,0.000771685124926258
0.89062621875,-1,-0.5230892888515903,-0.1993401275227814,-0.5210188523472002,-0.19954088028893527,0.0008091117442967272,0.003967595256159816,0.0009358692543905422
0.89062621875,1,-0.5230892888460968,-0.19934012750457622,-0.5210188523389361,-0.19954088026131603,0.0008091117450160075,0.0039675952561596,0.0009358692543905422
0.8859387281250001,-1,-0.5194801248812649,-0.20923839044756273,-0.5173984868232402,-0.20949289574995883,0.000815721149669975,0.003960182832072491,0.0011015153624344964
0.8859387281250001,1,-0.51948012486789,-0.20923839039792527,-0.5173984868063145,-0.20949289568797752,0.0008157211504581973,0.003960182832072684,0.0011015153624344964
0.8812512375,-1,-0.5157159738705839,-0.21904532758137063,-0.5137506658231009,-0.21938687743640567,0.0007759015113239016,0.003952767705343392,0.0012686279293842584
0.8812512375,1,-0.5157159738498008,-0.21904532750210576,-0.5137506657979848,-0.2193868773418076,0.00077590151196325,0.003952767705343517,0.0012686279293842584
0.876563746875,-1,-0.5118053503083476,-0.22875085889202226,-0.5100624043677123,-0.22921912083206392,0.0007019919613073087,0.0039453504233517775,0.0014372114698979477
0.876563746875,1,-0.5118053502808048,-0.22875085878556886,-0.5100624043348391,-0.22921912070641953,0.0007019919613728709,0.003945350423351773,0.0014372114698979477
0.8718762562500001,-1,-0.50775066858871,-0.23834487706179733,-0.5063059498186242,-0.2389818299489017,0.0006141421298163937,0.003937931523969852,0.0016072705329655823
0.8718762562500001,1,-0.5077506685551798,-0.23834487693110387,-0.5063059497784065,-0.2389818297936685,0.0006141421283458947,0.003937931523969962,0.0016072705329655823
0.867188765625,-1,-0.5035491372914045,-0.24781720062901527,-0.5024444830535015,-0.24866240520144692,0.0005410205507045121,0.003930511535679525,0.0017788097019093008
0.867188765625,1,-0.5035491372527664,-0.24781720047745157,-0.5024444830063775,-0.2486624050181541,0.000541020545826427,0.003930511535679704,0.0017788097019093008
0.8625012750000001,-1,-0.49931513443078784,-0.25723098316498005,-0.49843949743192395,-0.2577924146128531,0.00040459199279982026,0.003923090977692654,7.683359438323545e-05
0.8625012750000001,1,-0.4993151343873317,-0.2572309829938263,-0.4984394973823376,-0.25779241441734785,0.00040459198969459856,0.003923090977692401,7.683359438323545e-05
0.857813784375,-1,-0.4946847060985734,-0.2663625455208459,-0.49341587982590385,-0.266659040426093,0.0005068291944289223,0.0039156703600739615,0.0002513468623734083
0.857813784375,1,-0.49468470605270165,-0.26636254533892273,-0.4934158797762459,-0.2666590402285428,0.0005068291944798729,0.0039156703600740465,0.0002513468623734083
0.85312629375,-1,-0.48974028496368455,-0.2752620345887251,-0.4879073829485016,-0.2752048952345844,0.0007132877795535549,0.003908250183873951,0.0004273541921979984
0.85312629375,1,-0.4897402849171271,-0.27526203440297237,-0.4879073829013257,-0.2752048950450101,0.0007132877798403342,0.003908250183873914,0.0004273541921979984
0.8484388031250001,-1,-0.4845468242919086,-0.2839682324977016,-0.48222741794156776,-0.2836188633202786,0.0009123537090043734,0.0039008309412567233,0.0006048603045070988
0.8484388031250001,1,-0.4845468242460524,-0.2839682323136378,-0.4822274178976585,-0.2836188631421403,0.000912353707912221,0.0039008309412568295,0.0006048603045070988
0.8437513125,-1,-0.47915667749092045,-0.2925121016752299,-0.4765251945849792,-0.29198939198837515,0.0010435622157807635,0.0038934131156385787,0.0007838699542827565
0.8437513125,1,-0.47915667744682816,-0.2925121014971519,-0.47652519454430264,-0.2919893918219407,0.0010435622135952344,0.0038934131156388107,0.0007838699542827565
0.8390638218750001,-1,-0.47361538544067583,-0.3009201807734389,-0.47087986261607023,-0.3003618641562211,0.0010859683446038603,0.0038859971818257953,0.0009643879308391112
0.8390638218750001,1,-0.4736153853991188,-0.30092018060454967,-0.4708798625781544,-0.3003618640000035,0.0010859683422305049,0.0038859971818257684,0.0009643879308391112
0.8343763312500001,-1,-0.46795821518708103,-0.3092125552711472,-0.46532061639515965,-0.30875070415139383,0.0010415527405621362,0.0038785836061551097,0.0011464190578222566
0.8343763312500001,1,-0.467958215148602,-0.30921255511375784,-0.46532061635936955,-0.30875070400320054,0.0010415527389149354,0.0038785836061550494,0.0011464190578222566
0.829688840625,-1,-0.4622081288678345,-0.3174017073392039,-0.45983922203027644,-0.3171467745454591,0.0009267508076742187,0.003871172846639871,0.0013299681932103097
0.829688840625,1,-0.4622081288327909,-0.31740170719496164,-0.4598392219960254,-0.3171467744032082,0.0009267508072848162,0.00387117284663953,0.0013299681932103097
0.8250013500000001,-1,-0.4563758133303403,-0.32549268441506235,-0.45440073627415245,-0.3255236860229222,0.0007683377007915235,0.0038637653531140657,0.0015150402293133552
0.8250013500000001,1,-0.45637581329903143,-0.325492684285231,-0.45440073624105826,-0.32552368588525565,0.0007683377014380519,0.0038637653531140444,0.0015150402293133552
0.820313859375,-1,-0.4504613785211587,-0.3334842513932816,-0.44895325393037094,-0.3338436344841957,0.0006030389186405875,0.00385636156738381,0.0017016400927735154
0.820313859375,1,-0.4504613784937859,-0.3334842512788792,-0.44895325389835894,-0.33384363435089986,0.0006030389186924111,0.003856361567383866,0.0017016400927735154
0.81562636875,-1,-0.444511337156304,-0.3414046600245274,-0.4432904906363614,-0.3413984783846126,0.0004748771172855216,0.0038489619233751113,1.4772744564892082e-05
0.81562636875,1,-0.4445113371329371,-0.3414046599261571,-0.4432904906116719,-0.3413984782790272,0.00047487711781417835,0.003848961923375032,1.4772744564892082e-05
0.8109388781250001,-1,-0.4381452448971693,-0.34901578648341114,-0.4360676695846416,-0.34842482614658804,0.0008401680918394122,0.0038415668472861477,0.00020444317999358808
0.8109388781250001,1,-0.43814524487894085,-0.3490157864043276,-0.4360676695670915,-0.34842482606606373,0.0008401680917389734,0.0038415668472862314,0.00020444317999358808
0.8062513875,-1,-0.4314010486641549,-0.35635076152645295,-0.4283265811642793,-0.35510838841096454,0.0012898192047090173,0.0038341767577421823,0.00039565642869769657
0.8062513875,1,-0.43140104865158485,-0.3563507614687617,-0.42832658115461375,-0.3551083883581762,0.0012898192029470366,0.003834176757742063,0.00039565642869769657
0.8015638968750001,-1,-0.4244664718107863,-0.36353080368683605,-0.42076002419852493,-0.3618849632334563,0.0015774367011892113,0.0038267920659477424,0.0005884175546473497
0.8015638968750001,1,-0.4244664718039881,-0.3635308036511772,-0.4207600241957639,-0.3618849632061291,0.0015774366984388005,0.003826792065947399,0.0005884175546473497
0.79687640625,-1,-0.4174433617833813,-0.3706212613612235,-0.4135294128172525,-0.3688522435032377,0.0016706835750370306,0.003819413175843005,0.0007827316561446473
0.79687640625,1,-0.4174433617822093,-0.3706212613473619,-0.4135294128201341,-0.36885224349801526,0.0016706835722162259,0.0038194131758426445,0.0007827316561446473
0.792188915625,-1,-0.4104029647091889,-0.3776668675378061,-0.40667537094860423,-0.3760297911900264,0.001583583751092815,0.003812040484260094,0.000978603865823685
0.792188915625,1,-0.410402964713284,-0.37766686754484224,-0.4066753709558671,-0.3760297912033874,0.0015835837489754068,0.0038120404842596697,0.000978603865823685
0.7875014250000001,-1,-0.403386400810367,-0.38469228717946374,-0.4001629141052263,-0.3833883305184013,0.001352535774754118,0.003804674381078087,0.0011760393506505956
0.7875014250000001,1,-0.4033864008192787,-0.3846922872060973,-0.40016291411578864,-0.383388330547248,0.0013525357738361184,0.003804674381078205,0.0011760393506505956
0.782813934375,-1,-0.39640673993724407,-0.3917038926634681,-0.39390856250266243,-0.3908674964265968,0.0010247275083653826,0.00379731524938274,0.0013750433119234934
0.782813934375,1,-0.39640673995041736,-0.3917038927081189,-0.39390856251573136,-0.39086749646862845,0.0010247275087273122,0.0037973152493824664,0.0013750433119234934
0.7781264437500001,-1,-0.38945423751495184,-0.3986932788205037,-0.38780127397631237,-0.39838963026637825,0.000653709349592723,0.00378996346561772,0.0015756209852724606
0.7781264437500001,1,-0.389454237531893,-0.3986932788815743,-0.3878012739914378,-0.39838963032028724,0.0006537093507906548,0.0037899634656178476,0.0015756209852724606
0.773438953125,-1,-0.3825031467413881,-0.40564185394536145,-0.3817194047855641,-0.405871060888757,0.00031762030477469085,0.0037826193997475576,0.0017777776406596446
0.773438953125,1,-0.38250314676160485,-0.4056418540212352,-0.38171940480264027,-0.40587106095426095,0.0003176203048149825,0.003782619399747443,0.0017777776406596446
0.7687514625,-1,-0.3756122709870964,-0.4125852850872664,-0.37500033399339866,-0.41253417480766696,0.00023885308941346014,0.003775283415408153,0.00010651858237913092
0.7687514625,1,-0.3756122710104742,-0.4125852851776609,-0.3750003340169612,-0.4125341748999534,0.00023885308928060016,0.0037752834154082394,0.00010651858237913092
0.7640639718750001,-1,-0.3684973078175056,-0.4193429760714571,-0.3678156519144726,-0.41921253089836613,0.000269953974977585,0.003767955870066722,0.00031184914905703354
0.7640639718750001,1,-0.36849730784306833,-0.41934297617258276,-0.3678156519394258,-0.41921253099859696,0.0002699539752758612,0.0037679558700667672,0.00031184914905703354
0.75937648125,-1,-0.3611868846007722,-0.42593459551934904,-0.3602870771919189,-0.42564695395881386,0.0003674448855497892,0.0037606371151743174,0.0005187747136514986
0.75937648125,1,-0.36118688462775483,-0.42593459562816416,-0.36028707721719205,-0.4256469540625453,0.0003674448867852386,0.0037606371151740667,0.0005187747136514986
0.7546889906250001,-1,-0.35369447981922186,-0.43236723131796173,-0.3525737042910736,-0.43193407101081116,0.00046737228631534163,0.003753327496320015,0.0007273006834526141
0.7546889906250001,1,-0.3536944798470495,-0.4323672314319725,-0.352573704316182,-0.4319340711158853,0.0004673722885550209,0.00375332749631977,0.0007273006834526141
0.7500015,-1,-0.34603673029381216,-0.4386485320735172,-0.34475944148404697,-0.43812010205475066,0.0005376645771576284,0.0037460273533851474,0.0009374325000825051
0.7500015,1,-0.3460367303220176,-0.4386485321906571,-0.34475944150884513,-0.43812010216034103,0.0005376645800996698,0.0037460273533851496,0.0009374325000825051
0.745314009375,-1,-0.3382331236158885,-0.444786744189255,-0.336892614944459,-0.44422733200013814,0.0005649969557756319,0.0037387370206950717,0.0011491756394952785
0.745314009375,1,-0.33823312364409985,-0.4447867443078624,-0.3368926149690347,-0.444227332106343,0.0005649969589386157,0.003738737020694989,0.0011491756394952785
0.7406265187500001,-1,-0.3303017624886164,-0.4507882981515907,-0.328994170252571,-0.45026019318265514,0.0005485274978911768,0.003731456827168046,0.0013625356119770643
0.7406265187500001,1,-0.3303017625165736,-0.4507882982703673,-0.3289941702771682,-0.4502601932901826,0.0005485275007415957,0.0037314568271681167,0.0013625356119770643
0.735939028125,-1,-0.32225669899662607,-0.4566564043784272,-0.32106344230661904,-0.4562096596869524,0.0004956019898049129,0.0037241870964665885,0.0015775179621459884
0.735939028125,1,-0.32225669902412046,-0.45665640449630446,-0.32106344233156703,-0.4562096597968361,0.0004956019918226796,0.0037241870964664675,0.0015775179621459884
0.7312515375,-1,-0.31410710674836007,-0.46239079280213413,-0.31308394590036304,-0.4620575420220621,0.00041855525291794845,0.0037169281471424844,0.0017941282689521304
0.7312515375,1,-0.3141071067752302,-0.4623907929181911,-0.3130839459260082,-0.4620575421353928,0.0004185552536994054,0.0037169281471425546,0.0017941282689521304
0.7265640468750001,-1,-0.3059528884448515,-0.468081573459138,-0.3052164340228106,-0.4677631556205772,0.0003120864591194917,0.0037096802927852443,0.00013737214567764722
0.7265640468750001,1,-0.30595288847116386,-0.46808157357351776,-0.30521643405001503,-0.4677631557394256,0.00031208645811119405,0.003709680292785223,0.00013737214567764722
0.72187655625,-1,-0.29754226729851807,-0.47348078005516814,-0.2966329422570947,-0.47298076203693906,0.0004036456608491101,0.0037024438421634303,0.00035725523993664077
0.72187655625,1,-0.29754226732367584,-0.473480780165054,-0.2966329422830325,-0.47298076215044305,0.00040364565990513857,0.003702443842163581,0.00035725523993664077
0.7171890656250001,-1,-0.2889512562768511,-0.4786524456475293,-0.2877751838024182,-0.4778910300229161,0.0005449588600978006,0.00369521909936933,0.0005787832336752591
0.7171890656250001,1,-0.28895125630041935,-0.47865244575092614,-0.2877751838263886,-0.47789103012792433,0.0005449588596258529,0.0036952190993690065,0.0005787832336752591
0.712501575,-1,-0.2802130509924061,-0.48362081183159367,-0.27878233838936234,-0.4826179353313336,0.0006796051436973921,0.0036880063639552194,0.0008019618431716197
0.712501575,1,-0.2802130510140743,-0.48362081192694467,-0.27878233841104577,-0.4826179354263965,0.0006796051437568531,0.003688006363955139,0.0008019618431716197
0.707814084375,-1,-0.27136043271750976,-0.48840950400262995,-0.26973561358144127,-0.487230319477516,0.0007808988606788253,0.0036808059310758276,0.0010267968190358218
0.707814084375,1,-0.27136043273699234,-0.4884095040886498,-0.26973561360075354,-0.48723031956223284,0.0007808988610301294,0.0036808059310757986,0.0010267968190358218
0.7031265937500001,-1,-0.2624245859751726,-0.4930403613180952,-0.2606867567632727,-0.4917695689055151,0.0008374092927828295,0.0036736180916206954,0.0012532939462100018
0.7031265937500001,1,-0.26242458599227175,-0.49304036139386653,-0.2606867567802886,-0.4917695689801895,0.0008374092930608309,0.003673618091620717,0.0012532939462100018
0.698439103125,-1,-0.2534318163823337,-0.4975303268704667,-0.25166467258328906,-0.4962562052929143,0.0008473968512706667,0.0036664431323491873,0.001481459043968264
0.698439103125,1,-0.25343181639690415,-0.4975303269353527,-0.2516646725981777,-0.4962562053582627,0.0008473968510650836,0.0036664431323490823,0.001481459043968264
0.6937516125000001,-1,-0.24440180908658254,-0.5018898701908144,-0.24267984042560922,-0.500694201937635,0.0008154251401783587,0.003659281336020733,0.0017112979659167638
0.6937516125000001,1,-0.24440180909854103,-0.5018898702444244,-0.24267984043857166,-0.5006942019945152,0.0008154251391321185,0.003659281336020818,0.0017112979659167638
0.689064121875,-1,-0.2353923115975272,-0.5062122281488205,-0.2343719497003691,-0.5055288721702192,0.00047767406522919296,0.003652132981525786,6.781659999360867e-05
0.689064121875,1,-0.23539231160681798,-0.5062122281909963,-0.23437194971064468,-0.5055288722158819,0.0004776740641562094,0.003652132981525568,6.781659999360867e-05
0.68437663125,-1,-0.2262614184606314,-0.5102089048051003,-0.2251195348298636,-0.5092258573358256,0.0005860765849435704,0.0036449983440093956,0.0003010208684689347
0.68437663125,1,-0.22626141846718767,-0.5102089048353518,-0.22511953483731736,-0.5092258573691054,0.0005860765839104832,0.0036449983440093865,0.0003010208684689347
0.6796891406250001,-1,-0.2170371978849828,-0.5139246917502814,-0.2157033487654975,-0.5125328098330837,0.0007498614324316534,0.0036378776949990755,0.0005359167279448684
0.6796891406250001,1,-0.21703719788871753,-0.5139246917682915,-0.21570334877004949,-0.5125328098536001,0.0007498614315078432,0.0036378776949991037,0.0005359167279448684
0.67500165,-1,-0.20775502788811875,-0.5174216891317508,-0.20625217819511493,-0.5156929319371701,0.0008909979470870535,0.0036307713025243143,0.0007725101693555475
0.67500165,1,-0.20775502788903116,-0.5174216891375337,-0.20625217819680136,-0.5156929319451768,0.000890997946236733,0.003630771302524397,0.0007725101693555475
0.670314159375,-1,-0.19844172578545688,-0.520745328565484,-0.19682371642921412,-0.5188087597715121,0.0009815778724701805,0.0036236794312375768,0.0010108072179670635
0.670314159375,1,-0.19844172578359107,-0.5207453285592583,-0.19682371642815033,-0.5188087597676146,0.0009815778715751892,0.003623679431237576,0.0010108072179670635
0.66562666875,-1,-0.1891199606516533,-0.523932469522412,-0.18745139146981468,-0.5219354072940058,0.0010122441756139436,0.003616602342531108,0.001250813933377573
0.66562666875,1,-0.18911996064708347,-0.5239324695045517,-0.18745139146616188,-0.5219354072790047,0.0010122441745318027,0.0036166023425311267,0.001250813933377573
0.660939178125,-1,-0.17980661847807802,-0.527008130733692,-0.17815137689598362,-0.525095110513815,0.0009839808486359286,0.0036095402946531552,0.0014925364095172144
0.660939178125,1,-0.1798066184709068,-0.5270081307046932,-0.17815137688992,-0.5250951104885714,0.00098398084724945,0.003609540294653059,0.0014925364095172144
0.6562516875000001,-1,-0.1705122282121615,-0.5299845025437716,-0.168926493194596,-0.5282852548082341,0.0009040487130652995,0.003602493542820415,0.0017359807746481076
0.6562516875000001,1,-0.17051222820251383,-0.5299845025042225,-0.1689264931862894,-0.5282852547735506,0.0009040487113257186,0.003602493542820143,0.0017359807746481076
0.651564196875,-1,-0.1612691146775819,-0.5329696674362758,-0.16041462639780804,-0.5322094630464027,0.000444865363897595,0.003595462339329342,0.00010615319136436652
0.651564196875,1,-0.16126911466545565,-0.53296966738623,-0.1604146263860473,-0.5322094629976316,0.0004448653634617958,0.0035954623393290954,0.00010615319136436652
0.64687670625,-1,-0.1519975753548379,-0.5356507000639283,-0.15114563674895626,-0.5347348096962157,0.0004865459259769421,0.0035884469336660324,0.0003530598565921611
0.64687670625,1,-0.15199757534065356,-0.5356507000051833,-0.1511456367353868,-0.5347348096398875,0.00048654592512571265,0.0035884469336658407,0.0003530598565921611
0.6421892156250001,-1,-0.1427049208519408,-0.5380772293549543,-0.1418004081721821,-0.5368780635028715,0.00058424878040101,0.003581447572613008,0.0006017070015895964
0.6421892156250001,1,-0.14270492083604416,-0.538077229289006,-0.14180040815731065,-0.5368780634411278,0.000584248778855221,0.003581447572612953,0.0006017070015895964
0.637501725,-1,-0.1333979598500691,-0.5402843055604558,-0.13242623536486525,-0.5388217512060667,0.0006830043403119646,0.0035744645003554175,0.0008521008919468304
0.637501725,1,-0.13339795983276204,-0.5402843054886024,-0.1324262353489709,-0.5388217511400915,0.0006830043381034573,0.003574464500355409,0.0008521008919468304
0.6328142343750001,-1,-0.1240839502454189,-0.5423028469437066,-0.12305047231593752,-0.5406598665898319,0.0007549861645716258,0.003567497958584743,0.0011042478275859746
0.6328142343750001,1,-0.1240839502269646,-0.5423028468670676,-0.12305047229918392,-0.5406598665203184,0.0007549861618733752,0.00356749795858484,0.0011042478275859746
0.62812674375,-1,-0.11477074013397183,-0.5441606795071552,-0.11369257687557947,-0.5424507990239502,0.0007862679103605761,0.0035605481866025877,0.0013581541427611504
0.62812674375,1,-0.11477074011458761,-0.5441606794266487,-0.11369257685804984,-0.5424507989512516,0.0007862679074068594,0.0035605481866024034,0.0013581541427611504
0.623439253125,-1,-0.10546531446267869,-0.5458780605887691,-0.10436548488229919,-0.5442259168388569,0.0007720027484680438,0.0035536154214205217,0.0016138262060585301
0.623439253125,1,-0.10546531444255781,-0.5458780605052117,-0.10436548486401911,-0.5442259167630824,0.0007720027455512793,0.0035536154214205287,0.0016138262060585301
0.6187517625000001,-1,-0.09617290597121485,-0.5474657032793251,-0.09507623628684053,-0.5459940631784027,0.0007138829582321224,0.0035466998978636705,0.00187127042039624
0.6187517625000001,1,-0.09617290595052018,-0.5474657031933958,-0.09507623626779439,-0.5459940630994885,0.00071388295566103,0.003546699897863702,0.00187127042039624
0.614064271875,-1,-0.08692397517533243,-0.5490671944311338,-0.08634211993617105,-0.5484638823391976,0.0003260246544953022,0.0035398018486685846,0.00025549322302438615
0.614064271875,1,-0.08692397515402757,-0.5490671943426854,-0.08634211991484454,-0.5484638822507739,0.0003260246544942163,0.0035398018486685516,0.00025549322302438615
0.60937678125,-1,-0.0776536013853624,-0.5503300250846871,-0.07707861992553375,-0.5496664236252753,0.00034153365667675636,0.003532921504583531,0.0005165010855251589
0.60937678125,1,-0.07765360136388993,-0.5503300249955407,-0.07707861990407376,-0.5496664235363002,0.00034153365662321927,0.003532921504583466,0.0005165010855251589
0.604689290625,-1,-0.0683767391080531,-0.5513552905827557,-0.0677708637779532,-0.550522863047299,0.0004004716174883017,0.003526059094467894,0.0007793005138126696
0.604689290625,1,-0.06837673908671059,-0.5513552904941464,-0.06777086375681486,-0.5505228629596519,0.00040047161713899297,0.00352605909446805,0.0007793005138126696
0.6000018,-1,-0.059095156488672376,-0.5521541495430529,-0.05843793450490498,-0.5511317233996209,0.000472768312938881,0.0035192148453927364,0.0010438980481330545
0.6000018,1,-0.05909515646773032,-0.5521541494560925,-0.05843793448439518,-0.551131723314568,0.00047276831222387884,0.0035192148453926844,0.0010438980481330545
0.5953143093750001,-1,-0.049813367333582666,-0.5527450408762247,-0.04909651603183442,-0.551565207621852,0.0005369856056295206,0.0035123886873493996,0.0013103002630644595
0.5953143093750001,1,-0.049813367313280135,-0.5527450407918976,-0.04909651601214315,-0.5515652075401756,0.0005369856046249301,0.0035123886873495084,0.0013103002630644595
0.59062681875,-1,-0.04053749549234777,-0.5531481473676513,-0.03976149775728495,-0.5518778448102586,0.0005790071279508876,0.003505580883150826,0.0015785137675170258
0.59062681875,1,-0.04053749547288037,-0.5531481472867652,-0.039761497738504875,-0.5518778447323388,0.0005790071268269012,0.0035055808831508392,0.0015785137675170258
0.585939328125,-1,-0.031274143306811636,-0.5533806440581457,-0.030445509626259994,-0.5521072640064106,0.0005909419068122644,0.003498791910064084,0.0018485452047329043
0.585939328125,1,-0.03127414328834388,-0.5533806439813679,-0.0304455096084062,-0.5521072639323065,0.0005909419058103552,0.0034987919100641814,0.0018485452047329043
0.5812518375,-1,-0.022043564128473157,-0.5535987414152829,-0.02158039651347494,-0.5529782470721556,0.00030117767158349923,0.003492021989504641,0.00024540125228619813
0.5812518375,1,-0.022043564111014054,-0.5535987413426443,-0.021580396495769275,-0.5529782469985761,0.00030117767193415563,0.003492021989504702,0.00024540125228619813
0.576564346875,-1,-0.01281534695663505,-0.5534500960975678,-0.012353171134139163,-0.5527168642956883,0.00033713405076364177,0.0034852713416139943,0.0005190886220831081
0.576564346875,1,-0.012815346940509184,-0.5534500960304075,-0.012353171117840388,-0.5527168642278819,0.0003371340510121236,0.003485271341614031,0.0005190886220831081
0.5718768562500001,-1,-0.0035994662500759486,-0.553051157671303,-0.0031144576295318413,-0.5521090209597129,0.0004121700531101604,0.003478540185367589,0.0007946140603617424
0.5718768562500001,1,-0.00359946623547384,-0.5530511576103865,-0.0031144576149203526,-0.5521090208988372,0.00041217005309773943,0.003478540185367359,0.0007946140603617424
0.567189365625,-1,0.005600221540456126,-0.5524261337892951,0.006123809817599543,-0.5512635508154806,0.0004959531657040492,0.0034718287386835624,0.0010719843476922897
0.567189365625,1,0.005600221553383761,-0.5524261337352562,0.006123809830370447,-0.5512635507621734,0.0004959531654195324,0.003471828738683306,0.0010719843476922897
0.562501875,-1,0.014778349412626391,-0.5516037429530674,0.015350610603996149,-0.5502571859221627,0.0005691049718232449,0.0034651372185369135,0.0013512062989768092
0.562501875,1,0.014778349423770723,-0.5516037429063787,0.015350610614868436,-0.5502571858766689,0.0005691049713540922,0.003465137218537006,0.0013512062989768092
0.557814384375,-1,0.02392867571327995,-0.5506118610854233,0.02455534479002638,-0.5491473913721269,0.0006195949192633068,0.0034584658410769247,0.0016322867634495225
0.557814384375,1,0.023928675722573338,-0.5506118610463505,0.02455534479901785,-0.5491473913343757,0.0006195949187444938,0.003458465841076894,0.0016322867634495225
0.55312689375,-1,0.033049058685647656,-0.5495581773185472,0.033431520023272564,-0.5486241583913012,0.00039258250753362444,0.0034518148217456746,4.023262467654776e-05
0.55312689375,1,0.03304905869307477,-0.5495581772871467,0.033431520030831836,-0.5486241583593982,0.0003925825077340191,0.0034518148217456955,4.023262467654776e-05
0.5484394031250001,-1,0.04211691451412878,-0.5480922415204899,0.04245933054023627,-0.546659522186343,0.0005729778203791628,0.003445184375406253,0.0003250508005560454
0.5484394031250001,1,0.042116914519589516,-0.5480922414971479,0.04245933054572833,-0.5466595221629564,0.0005729778203988373,0.0034451843754061333,0.0003250508005560454
0.5437519125,-1,0.051132626913037216,-0.5462565308939829,0.05144211033545943,-0.5442214078378518,0.0008006998758496377,0.003438574716471694,0.0006117482433181248
0.5437519125,1,0.051132626916487775,-0.5462565308789589,0.051442110338810916,-0.5442214078233069,0.0008006998756596223,0.0034385747164718617,0.0006117482433181248
0.539064421875,-1,0.06010013632851831,-0.5441911477030525,0.060397124156150686,-0.5416993953650583,0.0009760735370875747,0.0034319860590441833,0.0009003319395249759
0.539064421875,1,0.060100136329964825,-0.5441911476962965,0.06039712415741161,-0.5416993953591582,0.0009760735367484207,0.0034319860590441985,0.0009003319395249759
0.5343769312500001,-1,0.06902052156155462,-0.541988705031047,0.0693270993390351,-0.5392276266543233,0.0010805731097693562,0.0034254186170552866,0.0011908089100707564
0.5343769312500001,1,0.06902052156104128,-0.5419887050323724,0.06932709933830815,-0.5392276266566431,0.0010805731093757487,0.003425418617055189,0.0011908089100707564
0.529689440625,-1,0.0778930664947638,-0.5397173803058501,0.07823043453690472,-0.5368761991064575,0.0011128941679051374,0.003418872604417549,0.0014831862101816057
0.529689440625,1,0.07789306649236609,-0.5397173803149604,0.0782304345343268,-0.5368761991164277,0.0011128941675647014,0.0034188726044175645,0.0014831862101816057
0.52500195,-1,0.08671527990717819,-0.5374189741227552,0.08710261686480021,-0.5346735392458172,0.0010784637420281312,0.003412348235182391,0.0017774709294156726
0.52500195,1,0.08671527990298783,-0.5374189741392505,0.08710261686052916,-0.5346735392627804,0.0010784637418435525,0.0034123482351821905,0.0017774709294156726
0.520314459375,-1,0.09550628529233934,-0.5351970446157137,0.09575048567218009,-0.5340969641761183,0.0004383127604253244,0.003405845723703415,0.00019867019166310007
0.520314459375,1,0.09550628528639647,-0.53519704463946,0.09575048566639374,-0.5340969641992532,0.0004383127606706826,0.003405845723703549,0.00019867019166310007
0.51562696875,-1,0.10420284121836756,-0.5328308765920112,0.1044136744517174,-0.531773029598474,0.0004195619587173772,0.0033993652848137938,0.0004967911551460175
0.51562696875,1,0.10420284121087484,-0.5328308766221592,0.1044136744444862,-0.531773029627573,0.0004195619591373951,0.003399365284813871,0.0004967911551460175
0.5109394781250001,-1,0.11282110107520052,-0.5303563172724111,0.11299559037659976,-0.5292328837539287,0.0004422197952382381,0.0033929071340065655,0.0007968410124186281
0.5109394781250001,1,0.11282110106632277,-0.5303563173082648,0.11299559036811924,-0.5292328837881946,0.0004422197958722971,0.003392907134006467,0.0007968410124186281
0.5062519875,-1,0.12136397009633551,-0.5277752289801202,0.12151532640455356,-0.5265471226659535,0.0004813090432584352,0.00338647148762878,0.0010988269903670633
0.5062519875,1,0.12136397008623226,-0.5277752290210606,0.12151532639497313,-0.526547122704778,0.00048130904410013427,0.0033864714876288638,0.0010988269903670633
0.501564496875,-1,0.12983383687624553,-0.5250948987913053,0.12998250892059982,-0.5237655120629778,0.0005203133625020082,0.003380058563086222,0.0014027563502094914
0.501564496875,1,0.12983383686505579,-0.5250948988367488,0.12998250891004287,-0.5237655121058564,0.0005203133635208251,0.003380058563086311,0.0014027563502094914
0.49687700625000003,-1,0.13823179231937888,-0.5223243684067596,0.1384017789774316,-0.5209275192416238,0.000547338893242663,0.0033736685790562424,0.0017086363874960347
0.49687700625000003,1,0.13823179230722993,-0.5223243684561849,0.13840177896600428,-0.52092751928812,0.0005473388944075981,0.0033736685790562186,0.0017086363874960347
0.492189515625,-1,0.14659505283773858,-0.5195619253294698,0.14671508275362014,-0.518812611187617,0.00029517541042335687,0.003367301755714129,0.00014147443210889288
0.492189515625,1,0.1465950528246541,-0.5195619253827489,0.14671508274089132,-0.5188126112394814,0.00029517541098860725,0.003367301755714081,0.00014147443210889288
0.487502025,-1,0.154817176145937,-0.5165603121993628,0.15486889338358692,-0.5157038811787157,0.00033373165359182897,0.003360958314971357,0.0004512778482621965
0.487502025,1,0.15481717613218574,-0.5165603122554636,0.15486889337031598,-0.5157038812328957,0.00033373165434886224,0.0033609583149714376,0.0004512778482621965
0.482814534375,-1,0.16292304234043448,-0.5133681011205113,0.1628905344799025,-0.5123219533781694,0.00040711509121029734,0.003354638480726506,0.0007630540345021225
0.482814534375,1,0.16292304232621538,-0.5133681011785838,0.1628905344663564,-0.512321953433589,0.00040711509223355553,0.0033546384807263763,0.0007630540345021225
0.47812704375000004,-1,0.1709258242778183,-0.5100159636995731,0.1708270570264323,-0.5087790304618466,0.0004826596062211199,0.0033483424791270243,0.0010768104237068171
0.47812704375000004,1,0.17092582426330502,-0.5100159637589556,0.1708270570127657,-0.5087790305178665,0.0004826596074986766,0.003348342479127086,0.0010768104237068171
0.473439553125,-1,0.17883623128825166,-0.5065326758144981,0.178701698617724,-0.5051377824241472,0.0005450874416791448,0.0033420705388489003,0.0013925544830864084
0.473439553125,1,0.1788362312735745,-0.5065326758746314,0.17870169860403132,-0.5051377824803677,0.0005450874431572947,0.0033420705388489164,0.0013925544830864084
0.4687520625,-1,0.18666192792863903,-0.5029431249374062,0.18652791061373988,-0.5014422041482818,0.000586133801824088,0.0033358228913854967,0.001710293714183117
0.4687520625,1,0.18666192791390018,-0.5029431249978537,0.18652791060007437,-0.5014422042044677,0.0005861338034379714,0.003335822891385403,0.001710293714183117
0.464064571875,-1,0.19445681385510946,-0.4993567673210427,0.19443153706849872,-0.4985783724664297,0.0003029307934025351,0.003329599771353583,0.00015503565287107446
0.464064571875,1,0.19445681384031752,-0.49935676738178886,0.19443153705409577,-0.49857837252560827,0.0003029307940070423,0.003329599771353646,0.00015503565287107446
0.45937708125000004,-1,0.20208436513706607,-0.49553506813074194,0.2019897748769203,-0.4946611540465143,0.00034191056052036,0.0033234014168143575,0.0004767878693564126
0.45937708125000004,1,0.202084365122427,-0.4955350681909199,0.201989774862731,-0.4946611541048637,0.00034191056120864754,0.0033234014168144217,0.0004767878693564126
0.45468959062500003,-1,0.20957767275945782,-0.49153398478736987,0.209387374408518,-0.4904871008400386,0.00041387790521413417,0.0033172280696074715,0.000800557968177365
0.45468959062500003,1,0.20957767274511757,-0.4915339848463397,0.20938737439475869,-0.49048710089666936,0.00041387790606887937,0.0033172280696073387,0.000800557968177365
0.4500021,-1,0.21695295928578912,-0.48738484721053,0.21668091043113258,-0.4861593702850474,0.00048827641048387877,0.0033110799757014647,0.0011263535882040238
0.4500021,1,0.21695295927187325,-0.48738484726781195,0.2166809104179264,-0.4861593703394584,0.0004882764115142367,0.003311079975701339,0.0011263535882040238
0.445314609375,-1,0.22422397545646686,-0.4831169400488186,0.22390013973525455,-0.4817371194194736,0.0005512901135483974,0.0033049573855606002,0.0014541824026386013
0.445314609375,1,0.22422397544306943,-0.48311694010404854,0.22390013972266928,-0.48173711947139014,0.0005512901147309363,0.0033049573855607477,0.0014541824026386013
0.44062711875,-1,0.231400919075649,-0.4787552297694843,0.23106382608578943,-0.47726271505803525,0.0005951642245198035,0.003298860554527055,0.0017840521190152364
0.44062711875,1,0.23140091906283042,-0.47875522982238466,0.2310638260738509,-0.4772627151073491,0.0005951642258051589,0.0032988605545270686,0.0017840521190152364
0.43593962812500003,-1,0.2385533282868785,-0.47440843467861005,0.23843150714527733,-0.4736639715485405,0.0002934241311215166,0.003292789743216598,0.0002409704792000894
0.43593962812500003,1,0.23855332827462872,-0.47440843472921945,0.23843150713327108,-0.4736639715981494,0.0002934241314902876,0.00329278974321663,0.0002409704792000894
0.4312521375,-1,0.24551994525070342,-0.4698588363239428,0.24535352891158957,-0.4690756475103183,0.0003114371531064277,0.0032867452179341367,0.000574945259391349
0.4312521375,1,0.24551994523914714,-0.4698588363717444,0.24535352890027423,-0.46907564755712494,0.00031143715346551327,0.003286745217934166,0.000574945259391349
0.426564646875,-1,0.2523483394038562,-0.4651698261487723,0.25210619373549603,-0.46427917269720365,0.0003590115574934828,0.0032807272511022195,0.0009109842701191945
0.426564646875,1,0.2523483393930697,-0.4651698261934503,0.25210619372499415,-0.4642791727407006,0.0003590115579077627,0.003280727251102297,0.0009109842701191945
0.42187715625,-1,0.2590496292369893,-0.4603587049497963,0.25873441303140177,-0.45933758130431945,0.00041567898550640966,0.0032747361217068775,0.0012490953562457746
0.42187715625,1,0.25904962922703034,-0.46035870499110054,0.258734413021789,-0.45933758134419356,0.00041567898599821526,0.003274736121706878,0.0012490953562457746
0.41718966562500004,-1,0.2656350894898772,-0.45544500156994794,0.2652665428222979,-0.4542944055374339,0.0004699439839030255,0.003268772115758088,0.00158928639696522
0.41718966562500004,1,0.2656350894807913,-0.4554450016076965,0.2652665428136151,-0.4542944055735145,0.00046994398447305035,0.0032687721157580616,0.00158928639696522
0.412502175,-1,0.27216917406399654,-0.45050631697909643,0.2719169282288083,-0.44974977506507957,0.0003101969865225468,0.0032628355267669447,5.656530580375185e-05
0.412502175,1,0.27216917405577856,-0.4505063170132404,0.2719169282207453,-0.4497497750987348,0.00031019698668381554,0.00326283552676689,5.656530580375185e-05
0.407814684375,-1,0.2784447915804075,-0.4453291201450127,0.2779683271105806,-0.44435322086162826,0.00042242028308519803,0.0032569266562372024,0.00040094003061949546
0.407814684375,1,0.27844479157317925,-0.4453291201752772,0.27796832710358926,-0.44435322089122203,0.0004224202832792134,0.0032569266562371365,0.00040094003061949546
0.40312719375,-1,0.28448536590780443,-0.4399380112935367,0.2837438143158747,-0.4386820702210208,0.0005673193841803634,0.0032510458141720255,0.0007474185536026634
0.40312719375,1,0.28448536590163553,-0.43993801131967747,0.28374381431006046,-0.43868207024622263,0.0005673193844247082,0.0032510458141720646,0.0007474185536026634
0.398439703125,-1,0.29036236435081636,-0.4344122696122816,0.28941807920321994,-0.43292362283837793,0.0006857048173468802,0.0032451933195960054,0.001096008891275424
0.398439703125,1,0.29036236434572454,-0.434412269634168,0.2894180791985856,-0.43292362285911345,0.0006857048176295963,0.0032451933195957,0.001096008891275424
0.39375221250000003,-1,0.29612304872642314,-0.4288063699267707,0.29505377881208805,-0.4271476704824298,0.0007676217335720834,0.0032393695010879686,0.0014467190944919134
0.39375221250000003,1,0.2961230487224323,-0.4288063699444174,0.29505377880859995,-0.42714767049874414,0.0007676217339017146,0.003239369501088128,0.0014467190944919134
0.389064721875,-1,0.30179899784325454,-0.4231591033421959,0.30068480555139554,-0.42139495317208875,0.000811598763172174,0.0032335746973342168,0.0017995572484383326
0.389064721875,1,0.3017989978403326,-0.4231591033556272,0.3006848055489965,-0.4213949531841104,0.0008115987635271341,0.0032335746973342775,0.0017995572484383326
0.38437723125,-1,0.3074798479459912,-0.417555865425164,0.3070758583410406,-0.41678891396086604,0.00033717595979971534,0.0032278092576858647,0.0002795314726328768
0.38437723125,1,0.30747984794408695,-0.41755586543440976,0.30707585833923107,-0.4167889139700747,0.0003371759597953094,0.0032278092576855737,0.0002795314726328768
0.379689740625,-1,0.3129862121980541,-0.41185417723285783,0.31257859207883215,-0.41111090344221696,0.0003297321249758002,0.0032220735427337713,0.0006366499209256582
0.379689740625,1,0.3129862121971803,-0.4118541772381197,0.31257859207799427,-0.41111090344755674,0.00032973212494250215,0.003222073542733784,0.0006366499209256582
0.37500225,-1,0.31836613107969386,-0.40608965514222733,0.3179044611485901,-0.4053060179987712,0.0003537747008238302,0.0032163679248962814,0.0009959207814989046
0.37500225,1,0.3183661310797876,-0.40608965514360107,0.3179044611487027,-0.4053060180003321,0.0003537747007573832,0.003216367924896305,0.0009959207814989046
0.370314759375,-1,0.32362594587439536,-0.40026753674431753,0.3230946493204444,-0.39940757562233997,0.00039318731834152114,0.003210692789012082,0.0013573522768667717
0.370314759375,1,0.32362594587541693,-0.40026753674193416,0.32309464932147647,-0.39940757562020857,0.0003931873182559987,0.0032106927890120976,0.0013573522768667717
0.36562726875,-1,0.328774010568825,-0.3943966560670566,0.32817841614376336,-0.3934421181087109,0.0004376330293691673,0.003205048532947402,0.0017209526638754247
0.36562726875,1,0.3287740105707325,-0.39439665606104957,0.3281784161456787,-0.3934421181029898,0.0004376330292731965,0.0032050485329474,0.0017209526638754247
0.360939778125,-1,0.3338985535599992,-0.38853892430939757,0.33356557905389334,-0.3879826827320982,0.000252163526932539,0.003199435568210281,0.00021173023370307797
0.360939778125,1,0.3338985535627768,-0.3885389242998083,0.33356557905658435,-0.3879826827229478,0.0002521635268033701,0.0031994355682103143,0.00021173023370307797
0.3562522875,-1,0.3387930665722046,-0.3825682105242158,0.3383987300765154,-0.3819923364401525,0.0002714801244590697,0.0031938543205732453,0.0005796933118598635
0.3562522875,1,0.33879306657577324,-0.38256821051132106,0.33839873007995674,-0.3819923364278246,0.0002714801243051284,0.003193854320573294,0.0005796933118598635
0.35156479687500003,-1,0.34351362941217917,-0.3765173736102801,0.3430156804463604,-0.3758790829231132,0.00031488884780544985,0.0031883052307028724,0.000949850258187987
0.35156479687500003,1,0.3435136294164586,-0.3765173735942856,0.3430156804504848,-0.3758790829078597,0.0003148888476152728,0.0031883052307025254,0.000949850258187987
0.34687730625,-1,0.34808185971975203,-0.3704010222715432,0.3474796670032582,-0.3696822060264111,0.000364746604832148,0.0031827887547933903,0.0013222094668616236
0.34687730625,1,0.34808185972471223,-0.3704010222526837,0.34747966700801836,-0.3696822060084253,0.00036474660462161807,0.003182788754793167,0.0013222094668616236
0.342189815625,-1,0.3525173717236932,-0.3642339004019788,0.3518276054189856,-0.3634264983537884,0.0004130538764195244,0.0031773053652092167,0.001696779366386944
0.342189815625,1,0.3525173717292853,-0.36423390038044146,0.3518276054243425,-0.36342649833323276,0.0004130538761886288,0.003177305365209349,0.001696779366386944
0.337502325,-1,0.3569225418168005,-0.35807322761442956,0.3565311018581074,-0.3575954533044227,0.00024024712324804544,0.00317185555112789,0.00019856841960215477
0.337502325,1,0.3569225418229987,-0.35807322759023713,0.3565311018641459,-0.35759545328093195,0.0002402471230762986,0.0031718555511278347,0.00019856841960215477
0.332814834375,-1,0.3610751525210961,-0.3518139789868543,0.3606089689674207,-0.3513143824164577,0.0002657893835642619,0.003166439819184325,0.0005775851236774071
0.332814834375,1,0.36107515252781625,-0.35181397896038574,0.360608968973955,-0.35131438239082485,0.0002657893833758975,0.003166439819184199,0.0005775851236774071
0.32812734375,-1,0.36503830553529454,-0.3454865058329554,0.36445296933993376,-0.34493029521561336,0.0003140759229785262,0.0031610586941203484,0.0009588380101148847
0.32812734375,1,0.36503830554247796,-0.34548650580450574,0.3644529693468825,-0.34493029518818874,0.0003140759227700498,0.0031610586941203766,0.0009588380101148847
0.323439853125,-1,0.3688409662922821,-0.3391068056292113,0.36813742898038987,-0.3384798360352041,0.0003665512374070981,0.003155712719432393,0.001342335644748796
0.323439853125,1,0.3688409662998609,-0.3391068055990176,0.3681374289876937,-0.33847983600622633,0.00036655123717229375,0.0031557127194324157,0.001342335644748796
0.3187523625,-1,0.3725079423208755,-0.33268984790677747,0.37170404890973663,-0.3319850222711333,0.0004158553006611755,0.0031504024580175857,0.0017280866277453039
0.3187523625,1,0.37250794232878554,-0.33268984787503103,0.37170404891734943,-0.33198502224078147,0.0004158553003904978,0.00315040245801726,0.0017280866277453039
0.314064871875,-1,0.37614961193384977,-0.3262829069880572,0.3757073604982427,-0.32587763932961106,0.00023332550191591431,0.0031451284928172055,0.00024109959360259225
0.314064871875,1,0.37614961194211205,-0.3262829069548096,0.3757073605063198,-0.32587763929714414,0.00023332550176387223,0.0031451284928173864,0.00024109959360259225
0.30937738125,-1,0.3795406310436638,-0.31980875998524433,0.3790450729254387,-0.31939813506762293,0.00025033107414168374,0.0031398914274622844,0.0006313832111508461
0.30937738125,1,0.37954063105215813,-0.3198087599508544,0.379045072933741,-0.3193981350341012,0.00025033107398372834,0.0031398914274621227,0.0006313832111508461
0.304689890625,-1,0.382751721929668,-0.31329309249099946,0.38215734060298917,-0.31284871251691043,0.00028866682489446776,0.003134691886904567,0.0010239461835522962
0.304689890625,1,0.38275172193834683,-0.3132930924557557,0.3821573406114348,-0.3128487124826832,0.00028866682473035983,0.003134691886904493,0.0010239461835522962
0.3000024,-1,0.38580781962807953,-0.30674684575152034,0.38510737076789553,-0.30625254937274726,0.0003334615187946685,0.003129530518052362,0.0014187972483010527
0.3000024,1,0.38580781963688726,-0.3067468457156514,0.3851073707764269,-0.3062525493380625,0.0003334615186169165,0.003129530518052428,0.0014187972483010527
0.295314909375,-1,0.3887310841254104,-0.30018084714520304,0.38793324959788966,-0.299624942010782,0.00037823485939961237,0.0031244079903930415,0.0018159451772233534
0.295314909375,1,0.38873108413429663,-0.30018084710889464,0.3879332496064626,-0.2996249419758239,0.00037823485919933757,0.0031244079903932076,0.0018159451772233534
0.29062741875,-1,0.3916349130896547,-0.29362908216008,0.3911955535421158,-0.2933161849549541,0.0002098057675766814,0.003119324996610082,0.0003403987764773811
0.29062741875,1,0.39163491309860854,-0.2936290821233411,0.3911955535509152,-0.29331618491890643,0.00020980576746966126,0.0031193249966100203,0.0003403987764773811
0.285939928125,-1,0.3942921008363207,-0.28704194503387886,0.39382559659842703,-0.2867353375252598,0.00021713872324283207,0.003114282253190007,0.0007421668865533124
0.285939928125,1,0.39429210084524396,-0.28704194499704505,0.39382559660721816,-0.28673533748915664,0.00021713872312968563,0.003114282253189563,0.0007421668865533124
0.2812524375,-1,0.3967838017869621,-0.2804388492572168,0.3962475028572923,-0.28011704137645016,0.00024327707249198948,0.003109280501019501,0.0011462583822733421
0.2812524375,1,0.3967838017958577,-0.28043884922055146,0.39624750286601174,-0.2801170413405899,0.00024327707238963,0.0031092805010195733,0.0011462583822733421
0.276564946875,-1,0.39912755982209674,-0.2738258114849314,0.3985062108357094,-0.27347216051558926,0.00027809043891452364,0.0031043205059752012,0.0015526821727916418
0.276564946875,1,0.3991275598308929,-0.27382581144860496,0.39850621084430615,-0.273472160480196,0.00027809043880237653,0.0031043205059753057,0.0015526821727916418
0.27187745625,-1,0.40141776035832055,-0.2672178666422603,0.4009206743782738,-0.26696962332165425,0.00021612073644918447,0.0030994030594939416,8.644720159445979e-05
0.27187745625,1,0.40141776036698806,-0.2672178666063239,0.4009206743868196,-0.26696962328638696,0.0002161207363752433,0.003099403059493885,8.644720159445979e-05
0.267189965625,-1,0.4034086209288029,-0.26059465778538576,0.4027296850934355,-0.260340878288111,0.0002819306162010022,0.003094528979135552,0.0004975624464999065
0.267189965625,1,0.40340862093729757,-0.2605946577502343,0.4027296851017706,-0.26034087825383845,0.0002819306161394318,0.0030945289791355956,0.0004975624464999065
0.262502475,-1,0.4051440068726811,-0.25396264674227553,0.404242243552951,-0.2536912071751398,0.0003663036858043914,0.0030896991091310367,0.0009110369196582424
0.262502475,1,0.405144006880928,-0.25396264670820706,0.40424224356100374,-0.25369120714223015,0.00036630368574679757,0.003089699109131119,0.0009110369196582424
0.257814984375,-1,0.40670344922073054,-0.24733280785106526,0.40561521485625684,-0.24703776492764395,0.0004385704578080933,0.0030849143209138756,0.0013268796675516212
0.257814984375,1,0.40670344922868223,-0.24733280781826952,0.40561521486398383,-0.2470377648962454,0.0004385704577502427,0.003084914320913784,0.0013268796675516212
0.25312749375,-1,0.40813985513539097,-0.2407136067448788,0.40690974263427376,-0.24038820752548423,0.0004949328362358986,0.003080175513636294,0.0017450997709942753
0.25312749375,1,0.4081398551430124,-0.24071360671346786,0.40690974264164886,-0.24038820749565892,0.0004949328361707927,0.0030801755136359485,0.0017450997709942753
0.24844000312500003,-1,0.4095721045253453,-0.23411019930043178,0.408988608606544,-0.23393502095959184,0.0002369693775969201,0.003075483614668588,0.00029070634513235494
0.24844000312500003,1,0.4095721045326581,-0.23411019927040452,0.40898860861374203,-0.2339350209301807,0.00023696937757075625,0.0030754836146685833,0.00029070634513235494
0.24375251250000002,-1,0.41080202735024307,-0.22753390643364643,0.41021123592110514,-0.22737514288001354,0.0002379523116087424,0.003070839580083167,0.0007137085394440731
0.24375251250000002,1,0.4108020273571869,-0.2275339064051504,0.41021123592793696,-0.22737514285209603,0.00023795231159242118,0.0030708395800832164,0.0007137085394440731
0.23906502187500003,-1,0.4118946084163597,-0.2209832888924119,0.4112443801407862,-0.22083134592810394,0.00025973190127725636,0.003066244395115444,0.0011391155377396406
0.23906502187500003,1,0.41189460842290426,-0.22098328886553384,0.4112443801472113,-0.22083134590183318,0.00025973190126873214,0.0030662443951153585,0.0011391155377396406
0.23437753125000002,-1,0.4128676322432807,-0.21445937853377872,0.41213367452957594,-0.21430261602788828,0.00029192568187926476,0.0030616990746086346,0.0015669365581612374
0.23437753125000002,1,0.41286763224940914,-0.21445937850858734,0.41213367453556765,-0.21430261600336997,0.00029192568187658895,0.003061699074608565,0.0015669365581612374
0.22969004062500004,-1,0.4138086112276751,-0.20795174391002147,0.4132828114085815,-0.20785869384689898,0.00020769752148398248,0.0030572046634381247,0.00012218085318305844
0.22969004062500004,1,0.4138086112333856,-0.2079517438865254,0.4132828114142129,-0.20785869382377253,0.00020769752148920548,0.0030572046634382813,0.00012218085318305844
0.22500255000000002,-1,0.4145168857484099,-0.2015007986106715,0.41389759274907545,-0.20144110126840375,0.0002420021537955162,0.0030527622369148784,0.0005548577096113269
0.22500255000000002,1,0.4145168857536418,-0.2015007985889676,0.4138975927542496,-0.20144110124708928,0.00024200215380335629,0.0030527622369146126,0.0005548577096113269
0.220315059375,-1,0.4150356153143143,-0.1951001607825972,0.41428367787844966,-0.19507211416256295,0.0002926834759829311,0.0030483729011631074,0.000989976448584208
0.220315059375,1,0.4150356153190981,-0.19510016076278486,0.4142836778831434,-0.19507211414317263,0.0002926834760118106,0.0030483729011631477,0.000989976448584208
0.21562756875000003,-1,0.41541611772654935,-0.1887427325019693,0.4145392587683484,-0.18873468836658666,0.00034108500213308714,0.0030440377934831536,0.0014275464255719197
0.21562756875000003,1,0.4154161177308416,-0.18874273248407697,0.4145392587725518,-0.1887346883491732,0.00034108500216592437,0.003044037793482952,0.0014275464255719197
0.210940078125,-1,0.41569363244307145,-0.18242464011249943,0.41470642719060036,-0.1824223059879454,0.00038399297347163186,0.0030397580826808093,0.0018675770303766687
0.210940078125,1,0.41569363244688734,-0.18242464009655351,0.4147064271943084,-0.18242230597253173,0.00038399297351309576,0.0030397580826808167,0.0018675770303766687
0.20625258750000003,-1,0.4159722839237638,-0.17612160538475763,0.41548537251692386,-0.17611210786829276,0.0001894293012531249,0.0030355349693810714,0.00043507768713264144
0.20625258750000003,1,0.4159722839270691,-0.1761216053707289,0.41548537252022866,-0.17611210785443823,0.0001894293012519978,0.0030355349693807964,0.00043507768713264144
0.20156509687500002,-1,0.4160684561495695,-0.16989277183749163,0.4155906446907464,-0.16989496910185742,0.00018585564604371583,0.003031369686308046,0.0008800578543060392
0.20156509687500002,1,0.4160684561524208,-0.16989277182541695,0.4155906446935847,-0.16989496908991106,0.00018585564604899784,0.0030313696863080563,0.0008800578543060392
0.19687760625000003,-1,0.416049423617433,-0.1637178569795341,0.41553842272516245,-0.16373415649623854,0.0001988644187899363,0.003027263498545955,0.0013275270246950951
0.19687760625000003,1,0.4160494236198056,-0.16371785696939695,0.415538422727535,-0.1637341564862183,0.0001988644187914076,0.003027263498545963,0.0013275270246950951
0.19219011562500002,-1,0.41592544791105124,-0.1575951154242684,0.41535464441168607,-0.15762194075276903,0.00022226971642699876,0.0030232177037653025,0.0017774947254299775
0.19219011562500002,1,0.4159254479129494,-0.15759511541605642,0.41535464441358994,-0.15762194074468128,0.00022226971642704574,0.0030232177037653077,0.0017774947254299775
0.187502625,-1,0.41578587752561447,-0.15149021981123775,0.4153803409851644,-0.15152960822150072,0.00015848328841302955,0.003019233632424498,0.00035497051797290374
0.187502625,1,0.41578587752703383,-0.15149021980494218,0.41538034098660015,-0.1515296082152155,0.000158483288407079,0.0030192336324244787,0.00035497051797290374
0.18281513437500002,-1,0.4154472670273271,-0.1454866900336307,0.41502839270672975,-0.1455451527244029,0.0001645082600390565,0.003015312647939153,0.0008099639981180642
0.18281513437500002,1,0.4154472670282874,-0.14548669002922024,0.41502839270770825,-0.14554515271997154,0.00016450826003091854,0.003015312647939299,0.0008099639981180642
0.17812764375,-1,0.414977301079164,-0.13955616100688675,0.4145141762789996,-0.1396392239736988,0.0001830154514596878,0.003011456146821087,0.0012674847959917093
0.17812764375,1,0.4149773010796662,-0.13955616100432516,0.41451417627952913,-0.13963922397109335,0.00018301545144622,0.0030114561468211885,0.0012674847959917093
0.17344015312500002,-1,0.4143937030829453,-0.13369279729043143,0.41387110120240445,-0.13379767717707292,0.00020732887414759177,0.0030076655587820958,0.0017275425760519894
0.17344015312500002,1,0.4143937030829995,-0.13369279728968345,0.4138711012024915,-0.13379767717626526,0.00020732887413049193,0.003007665558782176,0.0017275425760519894
0.1687526625,-1,0.4137886706897539,-0.12784981759366168,0.4134050561572947,-0.12794576357404133,0.00015381029649756846,0.0030039423468050603,0.0003151470370891321
0.1687526625,1,0.4137886706893613,-0.1278498175947174,0.4134050561569327,-0.12794576357500176,0.0001538102964770549,0.0030039423468051856,0.0003151470370891321
0.16406517187500003,-1,0.412981434983106,-0.12213279445898234,0.41257546385737054,-0.12225370292025826,0.0001647645749254499,0.003000288007178224,0.0007803079122253587
0.16406517187500003,1,0.41298143498226497,-0.12213279446175816,0.4125754638565865,-0.12225370292291603,0.0001647645748910899,0.0030002880071779417,0.0007803079122253587
0.15937768125000001,-1,0.4120399039145733,-0.11650585077213613,0.4115829956280144,-0.11666109517467348,0.00018770146150190532,0.0029967040694891,0.0012480349689148879
0.15937768125000001,1,0.41203990391331713,-0.11650585077657674,0.41158299562682865,-0.11666109517896457,0.000187701461457272,0.0029967040694886668,0.0012480349689148879
0.15469019062500003,-1,0.41098638163882883,-0.11095882897456026,0.4104668652979863,-0.11114692516330407,0.00021491262885520849,0.0029931920965818298,0.001718338008943887
0.15469019062500003,1,0.4109863816371893,-0.1109588289806146,0.4104668652964166,-0.11114692516917504,0.00021491262880538696,0.0029931920965816277,0.001718338008943887
0.15000270000000002,-1,0.40991201562819124,-0.10543351513354177,0.40954070300038853,-0.1055850436193025,0.00015599241068488986,0.002989753684470556,0.0003162268684305941
0.15000270000000002,1,0.40991201562616164,-0.10543351514119328,0.4095407029984147,-0.10558504362678794,0.00015599241064039076,0.002989753684470498,0.0003162268684305941
0.145315209375,-1,0.4086462873074721,-0.10005400612038821,0.4082559870204624,-0.10023151311793903,0.00016677778910492884,0.0029863904622072735,0.0007917114178252124
0.145315209375,1,0.40864628730508584,-0.10005400612952776,0.40825598701813415,-0.10023151312688493,0.00016677778905320595,0.002986390462207299,0.0007917114178252124
0.14062771875000002,-1,0.40725541735905135,-0.09477702730519305,0.40681851053583684,-0.09499350050301565,0.00018965890594485003,0.002983104091704579,0.001269801561909971
0.14062771875000002,1,0.4072554173563223,-0.09477702731573844,0.40681851053317836,-0.09499350051333054,0.00018965890588045563,0.0029831040917046004,0.001269801561909971
0.135940228125,-1,0.4057617652387407,-0.08958964308221144,0.4052660397434937,-0.08984601180733043,0.0002170809953489939,0.0029798962675085705,0.001750507239799047
0.135940228125,1,0.4057617652356837,-0.08958964309409016,0.405266039740523,-0.08984601181894068,0.00021708099527120126,0.0029798962675084816,0.001750507239799047
0.13125273750000002,-1,0.4042510753536086,-0.08442380527224845,0.4039049848054053,-0.08462110427013946,0.00015495681455123783,0.0029767687165195623,0.0003588384249386817
0.13125273750000002,1,0.40425107535023436,-0.08442380528544775,0.4039049848020894,-0.0846211042831268,0.00015495681449069227,0.0029767687165196434,0.0003588384249386817
0.126565246875,-1,0.4025675941975737,-0.07941957106985517,0.40221234902049724,-0.07963837730897494,0.00016228679742731,0.0029737231976598483,0.0008448051251070988
0.126565246875,1,0.4025675941939087,-0.07941957108424337,0.4022123490168952,-0.07963837732313084,0.00016228679735907526,0.0029737231976599255,0.0008448051251070988
0.12187775625000001,-1,0.4007752930329052,-0.07452529870451302,0.40038504861892493,-0.07478143558629384,0.00018156830410279902,0.0029707615014812443,0.001333417382414468
0.12187775625000001,1,0.40077529302897213,-0.07452529871999902,0.4003850486150627,-0.07478143560151265,0.00018156830402273877,0.002970761501481303,0.001333417382414468
0.11719026562500001,-1,0.3988930300537978,-0.06972769571576636,0.3984537968494393,-0.07002550994303376,0.00020641710181837605,0.002967885449714447,0.0018246852733030464
0.11719026562500001,1,0.39889303004961535,-0.069727695732271,0.3984537968453379,-0.07002550995923051,0.00020641710172509251,0.002967885449714413,0.0018246852733030464
0.11250277500000001,-1,0.396998171955163,-0.06495063152766382,0.3966935780683885,-0.06517898136117219,0.00014807453946776245,0.0029650968947536214,0.0004436189085470152
0.11250277500000001,1,0.39699817195071846,-0.06495063154517174,0.39669357806402084,-0.06517898137845507,0.0001480745393913315,0.002965096894753447,0.0004436189085470152
0.10781528437500001,-1,0.3949509334355275,-0.06034921077244377,0.3946469224861433,-0.06059150195366281,0.0001512121209683527,0.002962397719074167,0.0009402284332526295
0.10781528437500001,1,0.39495093343089066,-0.0603492107908186,0.3946469224815731,-0.060591501971801215,0.00015121212089075833,0.002962397719074211,0.0009402284332526295
0.10312779375000002,-1,0.3928127392831264,-0.055862053256054145,0.39248631937271455,-0.056135913195216186,0.00016573407352502806,0.0029597898345822917,0.0014395240268580967
0.10312779375000002,1,0.3928127392782959,-0.05586205327520086,0.3924863193679718,-0.056135913214102204,0.00016573407343371807,0.0029597898345820545,0.0014395240268580967
0.09844030312500002,-1,0.39063851263765,-0.05142390069063403,0.39031745205335067,-0.05173674137880062,0.00017436436861235018,0.0029572751818864114,6.65159031336092e-05
0.09844030312500002,1,0.3906385126326259,-0.05142390071051398,0.3903174520484667,-0.05173674139841165,0.00017436436850031738,0.0029572751818863104,6.65159031336092e-05
0.0937528125,-1,0.3882798045650504,-0.04723477835045936,0.38784862351272054,-0.0477110063239437,0.0002498832801978585,0.0029548557294978555,0.0005712143101814053
0.0937528125,1,0.38827980455998307,-0.04723477837089279,0.38784862350787275,-0.047711006343988144,0.00024988328002838303,0.002954855729497832,0.0005712143101814053
0.089065321875,-1,0.3857630971333686,-0.0432677816090199,0.38520517491735656,-0.04392406352925015,0.000335051548858914,0.002952533472946191,0.0010786295304357173
0.089065321875,1,0.3857630971283207,-0.043267781629837875,0.38520517491264217,-0.04392406354954768,0.00033505154862065547,0.002952533472946231,0.0010786295304357173
0.08437783125000001,-1,0.3831586438781502,-0.039435539457302535,0.38249578111210314,-0.040236584513682665,0.00040442645012177497,0.0029503104338134576,0.0015887718806627295
0.08437783125000001,1,0.3831586438731482,-0.03943553947840475,0.3824957811075235,-0.040236584534157085,0.00040442644982889976,0.002950310433813411,0.0015887718806627295
0.07969034062500001,-1,0.3805438222047579,-0.03562552387207566,0.38019471076689204,-0.036060527590637256,0.0002169549280673448,0.002948188658680217,0.00022665171196069311
0.07969034062500001,1,0.3805438221997831,-0.035625523893444797,0.38019471076210154,-0.036060527611674296,0.0002169549279217331,0.00294818865868005,0.00022665171196069311
0.07500285000000001,-1,0.37783707392013965,-0.03198764707314073,0.3774924833161574,-0.032443963588748834,0.00022241642925749705,0.0029461702179819633,0.0007422794097598148
0.07500285000000001,1,0.37783707391523264,-0.0319876470946624,0.37749248331142554,-0.03244396360993051,0.00022241642911090885,0.0029461702179817795,0.0007422794097598148
0.07031535937500001,-1,0.3750718821048939,-0.028472750867554207,0.3747044094671602,-0.028985244703344345,0.0002452927975262787,0.0029442572047719312,0.001260665393822337
0.07031535937500001,1,0.3750718821000669,-0.02847275088914705,0.374704409462514,-0.028985244724562265,0.00024529279736679643,0.0029442572047719165,0.001260665393822337
0.06562786875000001,-1,0.3722657518207772,-0.025055212431468587,0.3718582163901427,-0.025640359516647004,0.0002773655379069398,0.0029424517333876774,0.001781820118242461
0.06562786875000001,1,0.37226575181602334,-0.025055212453072472,0.3718582163855935,-0.025640359537825445,0.0002773655377256463,0.0029424517333878153,0.001781820118242461
0.06094037812500001,-1,0.3694608148211342,-0.02164711075755738,0.369218883936071,-0.022024453394980794,0.00017435084240938081,0.002940755938018046,0.00043075407144641843
0.06094037812500001,1,0.3694608148164463,-0.02164711077916662,0.36921888393147784,-0.022024453416338397,0.00017435084230710057,0.002940755938018077,0.00043075407144641843
0.05625288750000001,-1,0.3665943216459013,-0.018408855630454645,0.3663686119404105,-0.01878463837180189,0.00017050743496929984,0.002939171971168045,0.0009574777761924193
0.05625288750000001,1,0.3665943216412782,-0.01840885565197234,0.3663686119358701,-0.01878463839307862,0.00017050743487238664,0.0029391719711681632,0.0009574777761924193
0.05156539687500001,-1,0.36369382865478367,-0.015280585696440474,0.3634658386409385,-0.015683247556578534,0.00017998619143462605,0.0029377020020222326,0.0014870017895707351
0.05156539687500001,1,0.3636938286502239,-0.015280585717807533,0.3634658386364584,-0.015683247577693713,0.0001799861913341037,0.0029377020020222794,0.0014870017895707351
0.046877906250000004,-1,0.3607854965450856,-0.012184592131393609,0.3605970260763262,-0.012570256233265307,0.00016696586235259657,0.0029363482147000135,0.00014433670300354438
0.046877906250000004,1,0.3607854965405545,-0.012184592152591194,0.36059702607190675,-0.012570256254248388,0.00016696586225855927,0.002936348214699769,0.00014433670300354438
0.042190415625000005,-1,0.3578180120682571,-0.00930386591513949,0.3576231664074816,-0.009761726780814174,0.00019354910059205064,0.0029351128064051507,0.000679493142245087
0.042190415625000005,1,0.35781801206382824,-0.009303865936062907,0.3576231664031947,-0.009761726801496727,0.00019354910048422405,0.0029351128064046867,0.000679493142245087
0.037502925000000006,-1,0.3548083255279661,-0.006594013412896333,0.35459690364691626,-0.007145226403009363,0.00022963484406719113,0.0029339979854678265,0.00121748176738159
0.037502925000000006,1,0.35480832552369346,-0.006594013433465003,0.3545969036428039,-0.0071452264232962125,0.00022963484394251832,0.002933997985467772,0.00121748176738159
0.03281543437500001,-1,0.35177319151798997,-0.004005600500737217,0.35154151136208056,-0.0046467258863085595,0.00026516066441592946,0.0029330059692806,0.0017583132728313123
0.03281543437500001,1,0.35177319151385694,-0.0040056005208951835,0.3515415113581458,-0.004646725906144378,0.00026516066427187054,0.0029330059692805233,0.0017583132728313123
0.028127943750000002,-1,0.3487379830567139,-0.0014293422975075096,0.34860199708002304,-0.0018401419357337927,0.00016831538431548595,0.0029321389821217623,0.00042699838734443305
0.028127943750000002,1,0.3487379830527201,-0.0014293423172477124,0.34860199707610107,-0.0018401419552974414,0.00016831538424151072,0.0029321389821217844,0.00042699838734443305
0.023440453125,-1,0.34567251752750006,0.0009556661366565136,0.3455486708615035,0.0005416484867974673,0.00016809054930011527,0.0029313992528778115,0.0009735478740032109
0.023440453125,1,0.34567251752363976,0.000955666117407785,0.34554867085770646,0.0005416484677148864,0.0001680905492311455,0.0029313992528778635,0.0009735478740032109
0.0187529625,-1,0.3425931314805324,0.0032209733011387396,0.34247135710718796,0.0027726969378050015,0.00018068450109787426,0.0029307890126579446,0.0015229725302218682
0.0187529625,1,0.34259313147680376,0.003220973282425746,0.3424713571035204,0.002772696919264072,0.00018068450102706092,0.002930789012657992,0.0015229725302218682
0.014065471875,-1,0.33951145926313575,0.005457841675858411,0.33941906589209725,0.0050350181125747035,0.00016834584129110804,0.0029303104923081532,0.0002002831877466649
0.014065471875,1,0.33951145925949694,0.005457841657698246,0.33941906588856074,0.005035018094545385,0.00016834584123289113,0.002930310492307707,0.0002002831877466649
0.00937798125,-1,0.3364113021594468,0.007463666577786801,0.33632771054429617,0.007002015264770318,0.000182487866095987,0.0029299659198235043,0.0007554907126557844
0.00937798125,1,0.3364113021560098,0.007463666560252914,0.3363277105409591,0.007002015247372057,0.00018248786603714817,0.0029299659198235867,0.0007554907126557844
0.004690490625000001,-1,0.33330213628079536,0.00927304395655527,0.3332231606268465,0.008789040282553128,0.0001907520334480866,0.002929757517673696,0.0013136060053594786
0.004690490625000001,1,0.3333021362775396,0.009273043939698527,0.3332231606237408,0.00878904026585226,0.00019075203337884491,0.0029297575176736664,0.0013136060053594786
3e-06,-1,0.33019403671058106,0.010894936310171624,0.33011238288768097,0.010456998649402548,0.00017327963893946365,0.0029296875000288038,0.0018746400006000113
3e-06,1,0.3301940367063616,0.010894936293993242,0.33011238288475686,0.0104569986334589,0.00017327963875735425,0.0029296875000287934,0.0018746400006000113
