                                                                        S      1
1H,,1H;,,                                                               G      1
56H\\10.49.32.64\rhino_jobs\modified_wigley\patch_s1_xy.igs,            G      2
26HRhinoceros ( Apr 17 2023 ),31HTrout Lake IGES 012 Apr 17 2023,       G      3
32,38,6,308,15,                                                         G      4
,                                                                       G      5
1.0D0,6,1HM,1,0.000254D0,13H230512.135550,                              G      6
0.001D0,                                                                G      7
0.9999999999531668D0,                                                   G      8
4Hmaaf,                                                                 G      9
3Hdtu,                                                                  G     10
10,0,13H230512.135550;                                                  G     11
     314       1       0       0       0       0       0       000000200D      1
     314       0       1       1       0       0       0   COLOR       0D      2
     406       2       0       0       1       0       0       000000300D      3
     406       0      -1       1       3       0       0LEVELDEF       0D      4
     128       3       0       0       1       0       0       000000000D      5
     128       0      -1      15       0       0       0 TrimSrf       0D      6
     128      18       0       0       1       0       0       000010000D      7
     128       0      -1    1459       0       0       0 TrimSrf       0D      8
     126    1477       0       0       1       0       0       000010500D      9
     126       0      -1       8       0       0       0 TrimBnd       1D     10
     126    1485       0       0       1       0       0       000010500D     11
     126       0      -1       4       1       0       0 TrimBnd       2D     12
     126    1489       0       0       1       0       0       000010500D     13
     126       0      -1       4       1       0       0 TrimBnd       3D     14
     126    1493       0       0       1       0       0       000010500D     15
     126       0      -1       5       1       0       0 TrimBnd       4D     16
     102    1498       0       0       1       0       0       000010500D     17
     102       0      -1       1       0       0       02D CURVE       0D     18
     126    1499       0       0       1       0       0       000010000D     19
     126       0      -1      11       1       0       0 TrimBnd       1D     20
     126    1510       0       0       1       0       0       000010000D     21
     126       0      -1      64       0       0       0 TrimBnd       2D     22
     126    1574       0       0       1       0       0       000010000D     23
     126       0      -1      64       1       0       0 TrimBnd       3D     24
     126    1638       0       0       1       0       0       000010000D     25
     126       0      -1      64       0       0       0 TrimBnd       4D     26
     102    1702       0       0       1       0       0       000010000D     27
     102       0      -1       1       0       0       03D CURVE       0D     28
     142    1703       0       0       1       0       0       000010000D     29
     142       0      -1       1       0       0       0 TrimBnd       1D     30
     144    1704       0       0       1       0       0       000000000D     31
     144       0      -1       1       0       0       0 TrimSrf       0D     32
     128    1705       0       0       1       0       0       000010000D     33
     128       0      -1     172       0       0       0 TrimSrf       0D     34
     126    1877       0       0       1       0       0       000010500D     35
     126       0      -1       2       1       0       0 TrimBnd       1D     36
     126    1879       0       0       1       0       0       000010500D     37
     126       0      -1       4       1       0       0 TrimBnd       2D     38
     126    1883       0       0       1       0       0       000010500D     39
     126       0      -1       3       1       0       0 TrimBnd       3D     40
     126    1886       0       0       1       0       0       000010500D     41
     126       0      -1       4       1       0       0 TrimBnd       4D     42
     102    1890       0       0       1       0       0       000010500D     43
     102       0      -1       1       0       0       02D CURVE       0D     44
     126    1891       0       0       1       0       0       000010000D     45
     126       0      -1       8       1       0       0 TrimBnd       1D     46
     126    1899       0       0       1       0       0       000010000D     47
     126       0      -1      44       1       0       0 TrimBnd       2D     48
     126    1943       0       0       1       0       0       000010000D     49
     126       0      -1       9       1       0       0 TrimBnd       3D     50
     126    1952       0       0       1       0       0       000010000D     51
     126       0      -1      43       1       0       0 TrimBnd       4D     52
     102    1995       0       0       1       0       0       000010000D     53
     102       0      -1       1       0       0       03D CURVE       0D     54
     142    1996       0       0       1       0       0       000010000D     55
     142       0      -1       1       0       0       0 TrimBnd       1D     56
     144    1997       0       0       1       0       0       000000000D     57
     144       0      -1       1       0       0       0 TrimSrf       0D     58
     128    1998       0       0       1       0       0       000010000D     59
     128       0      -1     844       0       0       0 TrimSrf       0D     60
     126    2842       0       0       1       0       0       000010500D     61
     126       0      -1       2       1       0       0 TrimBnd       1D     62
     126    2844       0       0       1       0       0       000010500D     63
     126       0      -1       4       1       0       0 TrimBnd       2D     64
     126    2848       0       0       1       0       0       000010500D     65
     126       0      -1       3       1       0       0 TrimBnd       3D     66
     126    2851       0       0       1       0       0       000010500D     67
     126       0      -1       4       1       0       0 TrimBnd       4D     68
     102    2855       0       0       1       0       0       000010500D     69
     102       0      -1       1       0       0       02D CURVE       0D     70
     126    2856       0       0       1       0       0       000010000D     71
     126       0      -1       8       1       0       0 TrimBnd       1D     72
     126    2864       0       0       1       0       0       000010000D     73
     126       0      -1     205       0       0       0 TrimBnd       2D     74
     126    3069       0       0       1       0       0       000010000D     75
     126       0      -1       9       1       0       0 TrimBnd       3D     76
     126    3078       0       0       1       0       0       000010000D     77
     126       0      -1     210       0       0       0 TrimBnd       4D     78
     102    3288       0       0       1       0       0       000010000D     79
     102       0      -1       1       0       0       03D CURVE       0D     80
     142    3289       0       0       1       0       0       000010000D     81
     142       0      -1       1       0       0       0 TrimBnd       1D     82
     144    3290       0       0       1       0       0       000000000D     83
     144       0      -1       1       0       0       0 TrimSrf       0D     84
     128    3291       0       0       1       0       0       000010000D     85
     128       0      -1     335       0       0       0 TrimSrf       0D     86
     126    3626       0       0       1       0       0       000010500D     87
     126       0      -1       5       1       0       0 TrimBnd       1D     88
     126    3631       0       0       1       0       0       000010500D     89
     126       0      -1       5       1       0       0 TrimBnd       2D     90
     126    3636       0       0       1       0       0       000010500D     91
     126       0      -1      22       0       0       0 TrimBnd       3D     92
     102    3658       0       0       1       0       0       000010500D     93
     102       0      -1       1       0       0       02D CURVE       0D     94
     126    3659       0       0       1       0       0       000010000D     95
     126       0      -1      24       1       0       0 TrimBnd       1D     96
     126    3683       0       0       1       0       0       000010000D     97
     126       0      -1      45       0       0       0 TrimBnd       2D     98
     126    3728       0       0       1       0       0       000010000D     99
     126       0      -1      32       0       0       0 TrimBnd       3D    100
     102    3760       0       0       1       0       0       000010000D    101
     102       0      -1       1       0       0       03D CURVE       0D    102
     142    3761       0       0       1       0       0       000010000D    103
     142       0      -1       1       0       0       0 TrimBnd       1D    104
     144    3762       0       0       1       0       0       000000000D    105
     144       0      -1       1       0       0       0 TrimSrf       0D    106
     128    3763       0       0       1       0       0       000010000D    107
     128       0      -1     335       0       0       0 TrimSrf       0D    108
     126    4098       0       0       1       0       0       000010500D    109
     126       0      -1       4       1       0       0 TrimBnd       1D    110
     126    4102       0       0       1       0       0       000010500D    111
     126       0      -1       4       1       0       0 TrimBnd       2D    112
     126    4106       0       0       1       0       0       000010500D    113
     126       0      -1       5       1       0       0 TrimBnd       3D    114
     126    4111       0       0       1       0       0       000010500D    115
     126       0      -1       7       0       0       0 TrimBnd       4D    116
     102    4118       0       0       1       0       0       000010500D    117
     102       0      -1       1       0       0       02D CURVE       0D    118
     126    4119       0       0       1       0       0       000010000D    119
     126       0      -1      44       0       0       0 TrimBnd       1D    120
     126    4163       0       0       1       0       0       000010000D    121
     126       0      -1      22       1       0       0 TrimBnd       2D    122
     126    4185       0       0       1       0       0       000010000D    123
     126       0      -1      45       0       0       0 TrimBnd       3D    124
     126    4230       0       0       1       0       0       000010000D    125
     126       0      -1      15       1       0       0 TrimBnd       4D    126
     102    4245       0       0       1       0       0       000010000D    127
     102       0      -1       1       0       0       03D CURVE       0D    128
     142    4246       0       0       1       0       0       000010000D    129
     142       0      -1       1       0       0       0 TrimBnd       1D    130
     144    4247       0       0       1       0       0       000000000D    131
     144       0      -1       1       0       0       0 TrimSrf       0D    132
314,0.0,0.0,0.0,20HRGB(   0,   0,   0 );                         0000001P      1
406,2,1,7HDefault;                                               0000003P      2
128,3,1,3,1,0,0,1,0,0,-0.5D0,-0.5D0,-0.5D0,-0.5D0,0.0D0,0.0D0,   0000005P      3
0.0D0,0.0D0,0.0D0,0.0D0,1.0D0,1.0D0,1.0D0,1.0D0,1.0D0,1.0D0,     0000005P      4
1.0D0,1.0D0,1.0D0,1.0D0,-0.8620725021479119D0,                   0000005P      5
-0.1243176801510102D0,7.340048707726865D-17,                     0000005P      6
-0.862072502147918D0,-0.1243176801517165D0,                      0000005P      7
0.000305007080577495D0,-0.8620712751098409D0,                    0000005P      8
-0.1241761970887509D0,0.0006100141586595535D0,                   0000005P      9
-0.8620689654477101D0,-0.1239098825553852D0,                     0000005P     10
0.0008058005199834149D0,-0.7931034482421675D0,                   0000005P     11
-0.125000000145281D0,-6.059368831071321D-11,                     0000005P     12
-0.7931034482422182D0,-0.1248141814976952D0,                     0000005P     13
0.0002180319333252605D0,-0.793103448242269D0,                    0000005P     14
-0.1246277975688053D0,0.0004355787622830624D0,                   0000005P     15
-0.7931034482423199D0,-0.1244408534102016D0,                     0000005P     16
0.0006526397477194121D0,-0.5D0,0.0D0,0.0D0,1.0D0;                0000005P     17
128,29,29,3,3,0,0,1,0,0,0.0D0,0.0D0,0.0D0,0.0D0,                 0000007P     18
0.005162156207090029D0,0.01032431241418006D0,                    0000007P     19
0.01548646862127009D0,0.02064862482836012D0,                     0000007P     20
0.02581078103545015D0,0.03097293724254017D0,                     0000007P     21
0.03613509344963021D0,0.04129724965672023D0,                     0000007P     22
0.04645940586381026D0,0.0516215620709003D0,                      0000007P     23
0.05678371827799032D0,0.06194587448508035D0,                     0000007P     24
0.06710803069217038D0,0.07227018689926042D0,                     0000007P     25
0.07743234310635044D0,0.08259449931344047D0,                     0000007P     26
0.0877566555205305D0,0.09291881172762054D0,                      0000007P     27
0.09808096793471055D0,0.1032431241418006D0,0.1084052803488906D0, 0000007P     28
0.1135674365559806D0,0.1187295927630707D0,0.1238917489701607D0,  0000007P     29
0.1290539051772507D0,0.1342160613843408D0,0.1393782175914308D0,  0000007P     30
0.1393782175914308D0,0.1393782175914308D0,0.1393782175914308D0,  0000007P     31
0.0D0,0.0D0,0.0D0,0.0D0,0.002598745663285055D0,                  0000007P     32
0.005197491326570111D0,0.007796236989855166D0,                   0000007P     33
0.01039498265314022D0,0.01299372831642528D0,                     0000007P     34
0.01559247397971033D0,0.01819121964299539D0,                     0000007P     35
0.02078996530628044D0,0.0233887109695655D0,                      0000007P     36
0.02598745663285055D0,0.02858620229613561D0,                     0000007P     37
0.03118494795942067D0,0.03378369362270572D0,                     0000007P     38
0.03638243928599078D0,0.03898118494927583D0,                     0000007P     39
0.04157993061256089D0,0.04417867627584594D0,0.046777421939131D0, 0000007P     40
0.04937616760241606D0,0.05197491326570111D0,                     0000007P     41
0.05457365892898616D0,0.05717240459227122D0,                     0000007P     42
0.05977115025555628D0,0.06236989591884133D0,                     0000007P     43
0.06496864158212638D0,0.06756738724541145D0,                     0000007P     44
0.0701661329086965D0,0.0701661329086965D0,0.0701661329086965D0,  0000007P     45
0.0701661329086965D0,1.0D0,1.0D0,1.0D0,1.0D0,1.0D0,1.0D0,1.0D0,  0000007P     46
1.0D0,1.0D0,1.0D0,1.0D0,1.0D0,1.0D0,1.0D0,1.0D0,1.0D0,1.0D0,     0000007P     47
1.0D0,1.0D0,1.0D0,1.0D0,1.0D0,1.0D0,1.0D0,1.0D0,1.0D0,1.0D0,     0000007P     48
1.0D0,1.0D0,1.0D0,1.0D0,1.0D0,1.0D0,1.0D0,1.0D0,1.0D0,1.0D0,     0000007P     49
1.0D0,1.0D0,1.0D0,1.0D0,1.0D0,1.0D0,1.0D0,1.0D0,1.0D0,1.0D0,     0000007P     50
1.0D0,1.0D0,1.0D0,1.0D0,1.0D0,1.0D0,1.0D0,1.0D0,1.0D0,1.0D0,     0000007P     51
1.0D0,1.0D0,1.0D0,1.0D0,1.0D0,1.0D0,1.0D0,1.0D0,1.0D0,1.0D0,     0000007P     52
1.0D0,1.0D0,1.0D0,1.0D0,1.0D0,1.0D0,1.0D0,1.0D0,1.0D0,1.0D0,     0000007P     53
1.0D0,1.0D0,1.0D0,1.0D0,1.0D0,1.0D0,1.0D0,1.0D0,1.0D0,1.0D0,     0000007P     54
1.0D0,1.0D0,1.0D0,1.0D0,1.0D0,1.0D0,1.0D0,1.0D0,1.0D0,1.0D0,     0000007P     55
1.0D0,1.0D0,1.0D0,1.0D0,1.0D0,1.0D0,1.0D0,1.0D0,1.0D0,1.0D0,     0000007P     56
1.0D0,1.0D0,1.0D0,1.0D0,1.0D0,1.0D0,1.0D0,1.0D0,1.0D0,1.0D0,     0000007P     57
1.0D0,1.0D0,1.0D0,1.0D0,1.0D0,1.0D0,1.0D0,1.0D0,1.0D0,1.0D0,     0000007P     58
1.0D0,1.0D0,1.0D0,1.0D0,1.0D0,1.0D0,1.0D0,1.0D0,1.0D0,1.0D0,     0000007P     59
1.0D0,1.0D0,1.0D0,1.0D0,1.0D0,1.0D0,1.0D0,1.0D0,1.0D0,1.0D0,     0000007P     60
1.0D0,1.0D0,1.0D0,1.0D0,1.0D0,1.0D0,1.0D0,1.0D0,1.0D0,1.0D0,     0000007P     61
1.0D0,1.0D0,1.0D0,1.0D0,1.0D0,1.0D0,1.0D0,1.0D0,1.0D0,1.0D0,     0000007P     62
1.0D0,1.0D0,1.0D0,1.0D0,1.0D0,1.0D0,1.0D0,1.0D0,1.0D0,1.0D0,     0000007P     63
1.0D0,1.0D0,1.0D0,1.0D0,1.0D0,1.0D0,1.0D0,1.0D0,1.0D0,1.0D0,     0000007P     64
1.0D0,1.0D0,1.0D0,1.0D0,1.0D0,1.0D0,1.0D0,1.0D0,1.0D0,1.0D0,     0000007P     65
1.0D0,1.0D0,1.0D0,1.0D0,1.0D0,1.0D0,1.0D0,1.0D0,1.0D0,1.0D0,     0000007P     66
1.0D0,1.0D0,1.0D0,1.0D0,1.0D0,1.0D0,1.0D0,1.0D0,1.0D0,1.0D0,     0000007P     67
1.0D0,1.0D0,1.0D0,1.0D0,1.0D0,1.0D0,1.0D0,1.0D0,1.0D0,1.0D0,     0000007P     68
1.0D0,1.0D0,1.0D0,1.0D0,1.0D0,1.0D0,1.0D0,1.0D0,1.0D0,1.0D0,     0000007P     69
1.0D0,1.0D0,1.0D0,1.0D0,1.0D0,1.0D0,1.0D0,1.0D0,1.0D0,1.0D0,     0000007P     70
1.0D0,1.0D0,1.0D0,1.0D0,1.0D0,1.0D0,1.0D0,1.0D0,1.0D0,1.0D0,     0000007P     71
1.0D0,1.0D0,1.0D0,1.0D0,1.0D0,1.0D0,1.0D0,1.0D0,1.0D0,1.0D0,     0000007P     72
1.0D0,1.0D0,1.0D0,1.0D0,1.0D0,1.0D0,1.0D0,1.0D0,1.0D0,1.0D0,     0000007P     73
1.0D0,1.0D0,1.0D0,1.0D0,1.0D0,1.0D0,1.0D0,1.0D0,1.0D0,1.0D0,     0000007P     74
1.0D0,1.0D0,1.0D0,1.0D0,1.0D0,1.0D0,1.0D0,1.0D0,1.0D0,1.0D0,     0000007P     75
1.0D0,1.0D0,1.0D0,1.0D0,1.0D0,1.0D0,1.0D0,1.0D0,1.0D0,1.0D0,     0000007P     76
1.0D0,1.0D0,1.0D0,1.0D0,1.0D0,1.0D0,1.0D0,1.0D0,1.0D0,1.0D0,     0000007P     77
1.0D0,1.0D0,1.0D0,1.0D0,1.0D0,1.0D0,1.0D0,1.0D0,1.0D0,1.0D0,     0000007P     78
1.0D0,1.0D0,1.0D0,1.0D0,1.0D0,1.0D0,1.0D0,1.0D0,1.0D0,1.0D0,     0000007P     79
1.0D0,1.0D0,1.0D0,1.0D0,1.0D0,1.0D0,1.0D0,1.0D0,1.0D0,1.0D0,     0000007P     80
1.0D0,1.0D0,1.0D0,1.0D0,1.0D0,1.0D0,1.0D0,1.0D0,1.0D0,1.0D0,     0000007P     81
1.0D0,1.0D0,1.0D0,1.0D0,1.0D0,1.0D0,1.0D0,1.0D0,1.0D0,1.0D0,     0000007P     82
1.0D0,1.0D0,1.0D0,1.0D0,1.0D0,1.0D0,1.0D0,1.0D0,1.0D0,1.0D0,     0000007P     83
1.0D0,1.0D0,1.0D0,1.0D0,1.0D0,1.0D0,1.0D0,1.0D0,1.0D0,1.0D0,     0000007P     84
1.0D0,1.0D0,1.0D0,1.0D0,1.0D0,1.0D0,1.0D0,1.0D0,1.0D0,1.0D0,     0000007P     85
1.0D0,1.0D0,1.0D0,1.0D0,1.0D0,1.0D0,1.0D0,1.0D0,1.0D0,1.0D0,     0000007P     86
1.0D0,1.0D0,1.0D0,1.0D0,1.0D0,1.0D0,1.0D0,1.0D0,1.0D0,1.0D0,     0000007P     87
1.0D0,1.0D0,1.0D0,1.0D0,1.0D0,1.0D0,1.0D0,1.0D0,1.0D0,1.0D0,     0000007P     88
1.0D0,1.0D0,1.0D0,1.0D0,1.0D0,1.0D0,1.0D0,1.0D0,1.0D0,1.0D0,     0000007P     89
1.0D0,1.0D0,1.0D0,1.0D0,1.0D0,1.0D0,1.0D0,1.0D0,1.0D0,1.0D0,     0000007P     90
1.0D0,1.0D0,1.0D0,1.0D0,1.0D0,1.0D0,1.0D0,1.0D0,1.0D0,1.0D0,     0000007P     91
1.0D0,1.0D0,1.0D0,1.0D0,1.0D0,1.0D0,1.0D0,1.0D0,1.0D0,1.0D0,     0000007P     92
1.0D0,1.0D0,1.0D0,1.0D0,1.0D0,1.0D0,1.0D0,1.0D0,1.0D0,1.0D0,     0000007P     93
1.0D0,1.0D0,1.0D0,1.0D0,1.0D0,1.0D0,1.0D0,1.0D0,1.0D0,1.0D0,     0000007P     94
1.0D0,1.0D0,1.0D0,1.0D0,1.0D0,1.0D0,1.0D0,1.0D0,1.0D0,1.0D0,     0000007P     95
1.0D0,1.0D0,1.0D0,1.0D0,1.0D0,1.0D0,1.0D0,1.0D0,1.0D0,1.0D0,     0000007P     96
1.0D0,1.0D0,1.0D0,1.0D0,1.0D0,1.0D0,1.0D0,1.0D0,1.0D0,1.0D0,     0000007P     97
1.0D0,1.0D0,1.0D0,1.0D0,1.0D0,1.0D0,1.0D0,1.0D0,1.0D0,1.0D0,     0000007P     98
1.0D0,1.0D0,1.0D0,1.0D0,1.0D0,1.0D0,1.0D0,1.0D0,1.0D0,1.0D0,     0000007P     99
1.0D0,1.0D0,1.0D0,1.0D0,1.0D0,1.0D0,1.0D0,1.0D0,1.0D0,1.0D0,     0000007P    100
1.0D0,1.0D0,1.0D0,1.0D0,1.0D0,1.0D0,1.0D0,1.0D0,1.0D0,1.0D0,     0000007P    101
1.0D0,1.0D0,1.0D0,1.0D0,1.0D0,1.0D0,1.0D0,1.0D0,1.0D0,1.0D0,     0000007P    102
1.0D0,1.0D0,1.0D0,1.0D0,1.0D0,1.0D0,1.0D0,1.0D0,1.0D0,1.0D0,     0000007P    103
1.0D0,1.0D0,1.0D0,1.0D0,1.0D0,1.0D0,1.0D0,1.0D0,1.0D0,1.0D0,     0000007P    104
1.0D0,1.0D0,1.0D0,1.0D0,1.0D0,1.0D0,1.0D0,1.0D0,1.0D0,1.0D0,     0000007P    105
1.0D0,1.0D0,1.0D0,1.0D0,1.0D0,1.0D0,1.0D0,1.0D0,1.0D0,1.0D0,     0000007P    106
1.0D0,1.0D0,1.0D0,1.0D0,1.0D0,1.0D0,1.0D0,1.0D0,1.0D0,1.0D0,     0000007P    107
1.0D0,1.0D0,1.0D0,1.0D0,1.0D0,1.0D0,1.0D0,1.0D0,1.0D0,1.0D0,     0000007P    108
1.0D0,1.0D0,1.0D0,1.0D0,1.0D0,1.0D0,1.0D0,1.0D0,1.0D0,1.0D0,     0000007P    109
1.0D0,1.0D0,1.0D0,1.0D0,1.0D0,1.0D0,1.0D0,1.0D0,1.0D0,1.0D0,     0000007P    110
1.0D0,1.0D0,1.0D0,1.0D0,1.0D0,1.0D0,1.0D0,1.0D0,1.0D0,1.0D0,     0000007P    111
1.0D0,1.0D0,1.0D0,1.0D0,1.0D0,1.0D0,1.0D0,1.0D0,1.0D0,1.0D0,     0000007P    112
1.0D0,1.0D0,1.0D0,1.0D0,1.0D0,1.0D0,1.0D0,1.0D0,1.0D0,1.0D0,     0000007P    113
1.0D0,1.0D0,1.0D0,1.0D0,1.0D0,1.0D0,1.0D0,1.0D0,1.0D0,1.0D0,     0000007P    114
1.0D0,1.0D0,1.0D0,1.0D0,1.0D0,1.0D0,1.0D0,1.0D0,1.0D0,1.0D0,     0000007P    115
1.0D0,1.0D0,1.0D0,1.0D0,1.0D0,1.0D0,1.0D0,1.0D0,1.0D0,1.0D0,     0000007P    116
1.0D0,1.0D0,1.0D0,1.0D0,1.0D0,1.0D0,1.0D0,1.0D0,1.0D0,1.0D0,     0000007P    117
1.0D0,1.0D0,1.0D0,1.0D0,1.0D0,1.0D0,1.0D0,1.0D0,1.0D0,1.0D0,     0000007P    118
1.0D0,1.0D0,1.0D0,1.0D0,1.0D0,1.0D0,1.0D0,1.0D0,1.0D0,1.0D0,     0000007P    119
1.0D0,1.0D0,1.0D0,1.0D0,1.0D0,1.0D0,1.0D0,1.0D0,1.0D0,1.0D0,     0000007P    120
1.0D0,1.0D0,1.0D0,1.0D0,1.0D0,1.0D0,1.0D0,1.0D0,1.0D0,1.0D0,     0000007P    121
1.0D0,1.0D0,1.0D0,1.0D0,1.0D0,1.0D0,1.0D0,1.0D0,1.0D0,1.0D0,     0000007P    122
1.0D0,1.0D0,1.0D0,1.0D0,1.0D0,1.0D0,1.0D0,1.0D0,1.0D0,1.0D0,     0000007P    123
1.0D0,1.0D0,1.0D0,1.0D0,1.0D0,1.0D0,1.0D0,1.0D0,1.0D0,1.0D0,     0000007P    124
1.0D0,1.0D0,1.0D0,1.0D0,1.0D0,1.0D0,1.0D0,1.0D0,1.0D0,1.0D0,     0000007P    125
1.0D0,1.0D0,1.0D0,1.0D0,1.0D0,1.0D0,1.0D0,1.0D0,1.0D0,1.0D0,     0000007P    126
1.0D0,1.0D0,1.0D0,1.0D0,1.0D0,1.0D0,1.0D0,1.0D0,1.0D0,1.0D0,     0000007P    127
1.0D0,1.0D0,1.0D0,1.0D0,1.0D0,1.0D0,1.0D0,1.0D0,1.0D0,1.0D0,     0000007P    128
1.0D0,1.0D0,1.0D0,1.0D0,1.0D0,1.0D0,1.0D0,1.0D0,1.0D0,1.0D0,     0000007P    129
1.0D0,1.0D0,1.0D0,1.0D0,1.0D0,1.0D0,1.0D0,1.0D0,1.0D0,1.0D0,     0000007P    130
1.0D0,1.0D0,1.0D0,1.0D0,1.0D0,1.0D0,1.0D0,1.0D0,1.0D0,1.0D0,     0000007P    131
1.0D0,1.0D0,1.0D0,1.0D0,1.0D0,1.0D0,1.0D0,1.0D0,1.0D0,1.0D0,     0000007P    132
1.0D0,1.0D0,1.0D0,1.0D0,1.0D0,1.0D0,1.0D0,1.0D0,1.0D0,1.0D0,     0000007P    133
1.0D0,1.0D0,1.0D0,1.0D0,1.0D0,1.0D0,1.0D0,1.0D0,1.0D0,1.0D0,     0000007P    134
1.0D0,1.0D0,1.0D0,1.0D0,1.0D0,1.0D0,1.0D0,1.0D0,1.0D0,1.0D0,     0000007P    135
1.0D0,1.0D0,1.0D0,-0.8620689654475105D0,-0.1250000001579142D0,   0000007P    136
6.150688149717193D-17,-0.8620689654477562D0,                     0000007P    137
-0.1236587413823803D0,0.0009972937423981913D0,                   0000007P    138
-0.8620689654482513D0,-0.120956324770519D0,                      0000007P    139
0.002963643074247665D0,-0.8620689654490047D0,                    0000007P    140
-0.1168444877533683D0,0.005826796041653466D0,                    0000007P    141
-0.8620689654497682D0,-0.1126757361985373D0,                     0000007P    142
0.008601926586653657D0,-0.8620689654505422D0,                    0000007P    143
-0.1084509984869367D0,0.01128731053116916D0,                     0000007P    144
-0.8620689654513256D0,-0.1041720178671721D0,                     0000007P    145
0.01388193274083338D0,-0.8620689654521192D0,                     0000007P    146
-0.09984077262799317D0,0.0163851173163816D0,                     0000007P    147
-0.8620689654529217D0,-0.09545974252235985D0,                    0000007P    148
0.01879689714843275D0,-0.8620689654537332D0,                     0000007P    149
-0.09103094907294296D0,0.02111697071688532D0,                    0000007P    150
-0.8620689654545527D0,-0.08655612480990138D0,                    0000007P    151
0.02334481986829044D0,-0.8620689654553808D0,                     0000007P    152
-0.08203622858836904D0,0.02547745979724678D0,                    0000007P    153
-0.8620689654562169D0,-0.07747243742630082D0,                    0000007P    154
0.02751208545105324D0,-0.8620689654570602D0,                     0000007P    155
-0.07286606899129577D0,0.02944602960887274D0,                    0000007P    156
-0.8620689654579121D0,-0.06821837323930825D0,                    0000007P    157
0.03127626143835077D0,-0.8620689654587705D0,                     0000007P    158
-0.06353080559928249D0,0.03299958010532077D0,                    0000007P    159
-0.8620689654596362D0,-0.0588051471804683D0,                     0000007P    160
0.03461247308182128D0,-0.8620689654605085D0,                     0000007P    161
-0.0540433659165299D0,0.03611159757567635D0,                     0000007P    162
-0.8620689654613868D0,-0.0492476516678465D0,                     0000007P    163
0.03749366985117114D0,-0.8620689654622717D0,                     0000007P    164
-0.04441997643403403D0,0.03875595068589502D0,                    0000007P    165
-0.862068965463161D0,-0.03956278587591822D0,                     0000007P    166
0.03989547231227612D0,-0.8620689654640556D0,                     0000007P    167
-0.03467899707654724D0,0.04090906962166239D0,                    0000007P    168
-0.8620689654649546D0,-0.02977123024725863D0,                    0000007P    169
0.04179385739115435D0,-0.8620689654658575D0,                     0000007P    170
-0.02484229717721886D0,0.04254667749581344D0,                    0000007P    171
-0.8620689654667637D0,-0.01989526521191127D0,                    0000007P    172
0.04316332789208092D0,-0.8620689654676725D0,                     0000007P    173
-0.01493373328529975D0,0.04364246382121235D0,                    0000007P    174
-0.8620689654685834D0,-0.009961524986101934D0,                   0000007P    175
0.04398430699210962D0,-0.8620689654694954D0,                     0000007P    176
-0.004982396843931366D0,0.04419332592208701D0,                   0000007P    177
-0.8620689654701039D0,-0.001660771228264949D0,                   0000007P    178
0.04424632929559477D0,-0.8620689654704081D0,                     0000007P    179
-1.579141849605914D-10,0.04425171890662982D0,                    0000007P    180
-0.8612175393087279D0,-0.1250000001577581D0,                     0000007P    181
6.150095978826731D-17,-0.8612175393089724D0,                     0000007P    182
-0.1236610072626454D0,0.001001750274150626D0,                    0000007P    183
-0.8612175393094678D0,-0.1209628377352074D0,                     0000007P    184
0.002976886191041245D0,-0.8612175393102204D0,                    0000007P    185
-0.1168565801384691D0,0.005852858163657541D0,                    0000007P    186
-0.8612175393109829D0,-0.112692681270145D0,                      0000007P    187
0.008640466060550136D0,-0.8612175393117554D0,                    0000007P    188
-0.1084721378639029D0,0.01133800618285641D0,                     0000007P    189
-0.8612175393125382D0,-0.1041967483038511D0,                     0000007P    190
0.01394448118096726D0,-0.8612175393133314D0,                     0000007P    191
-0.099868541392534D0,0.01645923229003012D0,                      0000007P    192
-0.8612175393141336D0,-0.09549004029607092D0,                    0000007P    193
0.01888230893413995D0,-0.8612175393149445D0,                     0000007P    194
-0.09106330986752581D0,0.02121342556556057D0,                    0000007P    195
-0.8612175393157627D0,-0.08659012362622592D0,                    0000007P    196
0.02345207884714929D0,-0.8612175393165923D0,                     0000007P    197
-0.08207145048834634D0,0.02559527860377231D0,                    0000007P    198
-0.8612175393174277D0,-0.0775084816143175D0,                     0000007P    199
0.02764021854371337D0,-0.8612175393182698D0,                     0000007P    200
-0.07290255342807236D0,0.02958423759340247D0,                    0000007P    201
-0.8612175393191227D0,-0.06825491584880178D0,                    0000007P    202
0.03142427193951661D0,-0.8612175393199809D0,                     0000007P    203
-0.06356701977544259D0,0.03315707857919212D0,                    0000007P    204
-0.861217539320847D0,-0.05884063434839658D0,                     0000007P    205
0.03477909163403596D0,-0.8612175393217194D0,                     0000007P    206
-0.05407772256728432D0,0.03628691618922589D0,                    0000007P    207
-0.8612175393225985D0,-0.04928047334515535D0,                    0000007P    208
0.03767721422970619D0,-0.8612175393234834D0,                     0000007P    209
-0.04445087357066059D0,0.03894718187387361D0,                    0000007P    210
-0.8612175393243729D0,-0.03959138012663094D0,                    0000007P    211
0.04009378685548989D0,-0.8612175393252683D0,                     0000007P    212
-0.03470491809936206D0,0.04111379761366025D0,                    0000007P    213
-0.861217539326168D0,-0.02979414155668841D0,                     0000007P    214
0.04200428641365724D0,-0.8612175393270708D0,                     0000007P    215
-0.02486189832184691D0,0.04276205581260793D0,                    0000007P    216
-0.861217539327978D0,-0.01991129227380886D0,                     0000007P    217
0.04338287014809118D0,-0.8612175393288877D0,                     0000007P    218
-0.01494596439837893D0,0.04386533865021851D0,                    0000007P    219
-0.8612175393297994D0,-0.009969783878191682D0,                   0000007P    220
0.04420963075516983D0,-0.861217539330712D0,                      0000007P    221
-0.00498656225185357D0,0.04442014699740019D0,                    0000007P    222
-0.8612175393313208D0,-0.001662161669525303D0,                   0000007P    223
0.04447347160298665D0,-0.8612175393316256D0,                     0000007P    224
-1.577582203342847D-10,0.04447884221405642D0,                    0000007P    225
-0.8595146870311634D0,-0.1250000001574463D0,                     0000007P    226
6.148911637045814D-17,-0.8595146870314074D0,                     0000007P    227
-0.1236655390231761D0,0.001010663337655495D0,                    0000007P    228
-0.8595146870319003D0,-0.120975863664584D0,                      0000007P    229
0.003003372424628409D0,-0.8595146870326502D0,                    0000007P    230
-0.1168807649086711D0,0.005904982407665697D0,                    0000007P    231
-0.8595146870334121D0,-0.1127265714133608D0,                     0000007P    232
0.008717545008343094D0,-0.859514687034184D0,                     0000007P    233
-0.1085144166178354D0,0.01143939748623095D0,                     0000007P    234
-0.8595146870349651D0,-0.1042462091772093D0,                     0000007P    235
0.01406957806123501D0,-0.8595146870357564D0,                     0000007P    236
-0.0999240789216158D0,0.01660746223732717D0,                     0000007P    237
-0.8595146870365582D0,-0.09555063584349341D0,                    0000007P    238
0.01905313250555445D0,-0.8595146870373681D0,                     0000007P    239
-0.09112803145669174D0,0.02140633526291101D0,                    0000007P    240
-0.8595146870381878D0,-0.08665812125887491D0,                    0000007P    241
0.02366659680486707D0,-0.8595146870390135D0,                     0000007P    242
-0.08214189428830093D0,0.02583091621682336D0,                    0000007P    243
-0.8595146870398493D0,-0.07758056999035089D0,                    0000007P    244
0.02789648472903366D0,-0.8595146870406934D0,                     0000007P    245
-0.07297552230162553D0,0.02986065356246204D0,                    0000007P    246
-0.8595146870415448D0,-0.06832800106778888D0,                    0000007P    247
0.03172029294184833D0,-0.8595146870424033D0,                     0000007P    248
-0.06363944812776283D0,0.03347207552693482D0,                    0000007P    249
-0.8595146870432698D0,-0.05891160868425291D0,                    0000007P    250
0.03511232873846537D0,-0.8595146870441431D0,                     0000007P    251
-0.05414643586879325D0,0.03663755341632506D0,                    0000007P    252
-0.8595146870450212D0,-0.04934611669977297D0,                    0000007P    253
0.03804430298677638D0,-0.8595146870459073D0,                     0000007P    254
-0.0445126678439136D0,0.0393296442498309D0,                      0000007P    255
-0.8595146870467989D0,-0.03964856862805657D0,                    0000007P    256
0.04049041594191752D0,-0.8595146870476937D0,                     0000007P    257
-0.03475676014499169D0,0.04152325359765607D0,                    0000007P    258
-0.8595146870485948D0,-0.02983996417554807D0,                    0000007P    259
0.04242514445866293D0,-0.8595146870494997D0,                     0000007P    260
-0.02490110061110307D0,0.04319281244619703D0,                    0000007P    261
-0.8595146870504088D0,-0.01994334639760406D0,                    0000007P    262
0.04382195466011164D0,-0.8595146870513191D0,                     0000007P    263
-0.01497042662453736D0,0.04431108830823097D0,                    0000007P    264
-0.859514687052231D0,-0.009986301662371173D0,                    0000007P    265
0.04466027828129041D0,-0.859514687053147D0,                      0000007P    266
-0.004994893067697999D0,0.04487378914802664D0,                   0000007P    267
-0.8595146870537563D0,-0.001664942552046019D0,                   0000007P    268
0.04492775621777055D0,-0.8595146870540608D0,                     0000007P    269
-1.574462873439165D-10,0.04493308882890966D0,                    0000007P    270
-0.8569604086148156D0,-0.1250000001569783D0,                     0000007P    271
6.147135124374427D-17,-0.8569604086150582D0,                     0000007P    272
-0.1236723366639716D0,0.0010240329329128D0,                      0000007P    273
-0.8569604086155503D0,-0.1209954025586491D0,                     0000007P    274
0.003043101775009149D0,-0.8569604086162964D0,                    0000007P    275
-0.116917042063974D0,0.005983168773677918D0,                     0000007P    276
-0.8569604086170557D0,-0.1127774066281838D0,                     0000007P    277
0.008833163430032518D0,-0.8569604086178236D0,                    0000007P    278
-0.108577834748734D0,0.01159148444129275D0,                      0000007P    279
-0.8569604086186045D0,-0.1043204004872461D0,                     0000007P    280
0.01425722338163662D0,-0.8569604086193938D0,                     0000007P    281
-0.1000073852152385D0,0.01682980715827272D0,                     0000007P    282
-0.8569604086201928D0,-0.09564152916462679D0,                    0000007P    283
0.01930936786267607D0,-0.8569604086210033D0,                     0000007P    284
-0.09122511384044044D0,0.02169569980893675D0,                    0000007P    285
-0.8569604086218191D0,-0.08676011770784839D0,                    0000007P    286
0.02398837374144371D0,-0.8569604086226482D0,                     0000007P    287
-0.08224755998823291D0,0.02618437263639996D0,                    0000007P    288
-0.8569604086234817D0,-0.07768870255440094D0,                    0000007P    289
0.02828088400701415D0,-0.8569604086243252D0,                     0000007P    290
-0.07308497561195525D0,0.0302752775160513D0,                     0000007P    291
-0.8569604086251763D0,-0.06843762889626957D0,                    0000007P    292
0.03216432444534589D0,-0.8569604086260365D0,                     0000007P    293
-0.06374809065624308D0,0.03394457094854898D0,                    0000007P    294
-0.8569604086269021D0,-0.05901807018803766D0,                    0000007P    295
0.0356121843951095D0,-0.8569604086277752D0,                      0000007P    296
-0.05424950582105648D0,0.03716350925697366D0,                    0000007P    297
-0.8569604086286562D0,-0.04944458173169945D0,                    0000007P    298
0.03859493612238166D0,-0.8569604086295421D0,                     0000007P    299
-0.04460535925379306D0,0.03990333781376669D0,                    0000007P    300
-0.8569604086304343D0,-0.03973435138019479D0,                    0000007P    301
0.0410853595715589D0,-0.8569604086313323D0,                      0000007P    302
-0.0348345232134361D0,0.04213743757364968D0,                     0000007P    303
-0.8569604086322347D0,-0.0299086981038375D0,                     0000007P    304
0.04305643152617169D0,-0.8569604086331406D0,                     0000007P    305
-0.02495990404498728D0,0.04383894739658054D0,                    0000007P    306
-0.8569604086340509D0,-0.01999142758329692D0,                    0000007P    307
0.04448058142814241D0,-0.8569604086349638D0,                     0000007P    308
-0.01500711996377497D0,0.04497971279524956D0,                    0000007P    309
-0.8569604086358794D0,-0.01001107833864045D0,                    0000007P    310
0.04533624957047111D0,-0.8569604086367958D0,                     0000007P    311
-0.005007389291464658D0,0.0455542523739663D0,                    0000007P    312
-0.856960408637408D0,-0.001669113875827099D0,                    0000007P    313
0.04560918313994626D0,-0.8569604086377132D0,                     0000007P    314
-1.56978382977096D-10,0.04561445875118947D0,                     0000007P    315
-0.8544061301984686D0,-0.1250000001565105D0,                     0000007P    316
6.145358611703051D-17,-0.8544061301987106D0,                     0000007P    317
-0.1236791343047674D0,0.001037402528170105D0,                    0000007P    318
-0.8544061301991986D0,-0.1210149414527141D0,                     0000007P    319
0.003082831125389891D0,-0.854406130199943D0,                     0000007P    320
-0.1169533192192768D0,0.006061355139690153D0,                    0000007P    321
-0.8544061302006982D0,-0.1128282418430074D0,                     0000007P    322
0.008948781851721967D0,-0.8544061302014654D0,                    0000007P    323
-0.1086412528796326D0,0.01174357139635454D0,                     0000007P    324
-0.8544061302022425D0,-0.1043945917972833D0,                     0000007P    325
0.01444486870203825D0,-0.8544061302030312D0,                     0000007P    326
-0.1000906915088612D0,0.0170521520792183D0,                      0000007P    327
-0.8544061302038298D0,-0.0957324224857603D0,                     0000007P    328
0.01956560321979778D0,-0.8544061302046382D0,                     0000007P    329
-0.0913221962241893D0,0.0219850643549625D0,                      0000007P    330
-0.8544061302054554D0,-0.08686211415682192D0,                    0000007P    331
0.02431015067802036D0,-0.8544061302062803D0,                     0000007P    332
-0.0823532256881649D0,0.02653782905597657D0,                     0000007P    333
-0.8544061302071153D0,-0.0777968351184512D0,                     0000007P    334
0.02866528328499461D0,-0.8544061302079585D0,                     0000007P    335
-0.07319442892228503D0,0.03068990146964067D0,                    0000007P    336
-0.8544061302088096D0,-0.06854725672475018D0,                    0000007P    337
0.03260835594884352D0,-0.8544061302096684D0,                     0000007P    338
-0.0638567331847235D0,0.03441706637016313D0,                     0000007P    339
-0.8544061302105361D0,-0.05912453169182225D0,                    0000007P    340
0.03611204005175368D0,-0.8544061302114097D0,                     0000007P    341
-0.05435257577331982D0,0.03768946509762241D0,                    0000007P    342
-0.8544061302122904D0,-0.04954304676362586D0,                    0000007P    343
0.03914556925798691D0,-0.854406130213179D0,                      0000007P    344
-0.04469805066367268D0,0.04047703137770262D0,                    0000007P    345
-0.8544061302140723D0,-0.03982013413233299D0,                    0000007P    346
0.04168030320120033D0,-0.8544061302149715D0,                     0000007P    347
-0.03491228628188058D0,0.04275162154964347D0,                    0000007P    348
-0.8544061302158742D0,-0.02997743203212699D0,                    0000007P    349
0.04368771859368027D0,-0.854406130216784D0,                      0000007P    350
-0.02501870747887157D0,0.04448508234696424D0,                    0000007P    351
-0.8544061302176954D0,-0.02003950876898978D0,                    0000007P    352
0.04513920819617315D0,-0.8544061302186117D0,                     0000007P    353
-0.01504381330301263D0,0.04564833728226824D0,                    0000007P    354
-0.8544061302195273D0,-0.01003585501490974D0,                    0000007P    355
0.04601222085965195D0,-0.8544061302204471D0,                     0000007P    356
-0.005019885515231331D0,0.04623471559990586D0,                   0000007P    357
-0.8544061302210602D0,-0.001673285199608194D0,                   0000007P    358
0.04629061006212214D0,-0.8544061302213662D0,                     0000007P    359
-1.565104799135729D-10,0.04629582867346932D0,                    0000007P    360
-0.8518518517821211D0,-0.1250000001560426D0,                     0000007P    361
6.143582099031662D-17,-0.8518518517823617D0,                     0000007P    362
-0.1236859319455631D0,0.001050772123427408D0,                    0000007P    363
-0.8518518517828473D0,-0.1210344803467791D0,                     0000007P    364
0.003122560475770632D0,-0.851851851783588D0,                     0000007P    365
-0.1169895963745796D0,0.006139541505702381D0,                    0000007P    366
-0.8518518517843423D0,-0.1128790770578306D0,                     0000007P    367
0.009064400273411401D0,-0.8518518517851065D0,                    0000007P    368
-0.1087046710105312D0,0.01189565835141635D0,                     0000007P    369
-0.8518518517858817D0,-0.1044687831073203D0,                     0000007P    370
0.01463251402243986D0,-0.8518518517866681D0,                     0000007P    371
-0.1001739978024839D0,0.01727449700016386D0,                     0000007P    372
-0.8518518517874657D0,-0.09582331580689368D0,                    0000007P    373
0.01982183857691942D0,-0.8518518517882725D0,                     0000007P    374
-0.091419278607938D0,0.02227442890098823D0,                      0000007P    375
-0.8518518517890876D0,-0.08696411060579544D0,                    0000007P    376
0.02463192761459701D0,-0.8518518517899146D0,                     0000007P    377
-0.0824588913880968D0,0.02689128547555317D0,                     0000007P    378
-0.8518518517907473D0,-0.07790496768250126D0,                    0000007P    379
0.0290496825629751D0,-0.8518518517915911D0,                      0000007P    380
-0.07330388223261473D0,0.03110452542322997D0,                    0000007P    381
-0.8518518517924416D0,-0.06865688455323088D0,                    0000007P    382
0.03305238745234115D0,-0.8518518517933017D0,                     0000007P    383
-0.06396537571320378D0,0.03488956179177724D0,                    0000007P    384
-0.8518518517941689D0,-0.05923099319560696D0,                    0000007P    385
0.03661189570839782D0,-0.8518518517950425D0,                     0000007P    386
-0.05445564572558304D0,0.03821542093827106D0,                    0000007P    387
-0.8518518517959253D0,-0.0496415117955523D0,                     0000007P    388
0.03969620239359214D0,-0.8518518517968142D0,                     0000007P    389
-0.04479074207355203D0,0.04105072494163846D0,                    0000007P    390
-0.8518518517977083D0,-0.03990591688447133D0,                    0000007P    391
0.04227524683084169D0,-0.8518518517986088D0,                     0000007P    392
-0.03499004935032498D0,0.04336580552563706D0,                    0000007P    393
-0.8518518517995149D0,-0.03004616596041648D0,                    0000007P    394
0.04431900566118899D0,-0.8518518518004247D0,                     0000007P    395
-0.0250775109127558D0,0.04513121729734777D0,                     0000007P    396
-0.8518518518013388D0,-0.02008758995468266D0,                    0000007P    397
0.04579783496420393D0,-0.8518518518022559D0,                     0000007P    398
-0.01508050664225028D0,0.04631696176928685D0,                    0000007P    399
-0.851851851803176D0,-0.01006063169117904D0,                     0000007P    400
0.04668819214883276D0,-0.8518518518040965D0,                     0000007P    401
-0.00503238173899803D0,0.04691517882584556D0,                    0000007P    402
-0.8518518518047111D0,-0.001677456523389285D0,                   0000007P    403
0.0469720369842978D0,-0.8518518518050185D0,                      0000007P    404
-1.560425848096892D-10,0.04697719859574915D0,                    0000007P    405
-0.8492975733657734D0,-0.1250000001555747D0,                     0000007P    406
6.141805586360286D-17,-0.8492975733660133D0,                     0000007P    407
-0.1236927295863589D0,0.001064141718684713D0,                    0000007P    408
-0.8492975733664956D0,-0.1210540192408442D0,                     0000007P    409
0.003162289826151369D0,-0.8492975733672351D0,                    0000007P    410
-0.1170258735298825D0,0.006217727871714606D0,                    0000007P    411
-0.8492975733679844D0,-0.1129299122726539D0,                     0000007P    412
0.009180018695100838D0,-0.8492975733687472D0,                    0000007P    413
-0.10876808914143D0,0.01204774530647814D0,-0.8492975733695201D0, 0000007P    414
-0.1045429744173574D0,0.01482015934284147D0,                     0000007P    415
-0.8492975733703073D0,-0.1002573040961066D0,                     0000007P    416
0.01749684192110942D0,-0.8492975733711002D0,                     0000007P    417
-0.09591420912802717D0,0.02007807393404108D0,                    0000007P    418
-0.8492975733719074D0,-0.09151636099168681D0,                    0000007P    419
0.02256379344701397D0,-0.8492975733727228D0,                     0000007P    420
-0.0870661070547689D0,0.02495370455117362D0,                     0000007P    421
-0.8492975733735463D0,-0.08256455708802879D0,                    0000007P    422
0.02724474189512976D0,-0.8492975733743819D0,                     0000007P    423
-0.07801310024655134D0,0.02943408184095554D0,                    0000007P    424
-0.849297573375223D0,-0.07341333554294452D0,                     0000007P    425
0.03151914937681929D0,-0.849297573376075D0,                      0000007P    426
-0.0687665123817115D0,0.03349641895583876D0,                     0000007P    427
-0.8492975733769339D0,-0.06407401824168418D0,                    0000007P    428
0.03536205721339133D0,-0.8492975733778017D0,                     0000007P    429
-0.05933745469939157D0,0.03711175136504195D0,                    0000007P    430
-0.849297573378677D0,-0.05455871567784639D0,                     0000007P    431
0.03874137677891972D0,-0.8492975733795601D0,                     0000007P    432
-0.04973997682747875D0,0.04024683552919751D0,                    0000007P    433
-0.8492975733804496D0,-0.04488343348343163D0,                    0000007P    434
0.04162441850557427D0,-0.8492975733813459D0,                     0000007P    435
-0.03999169963660955D0,0.04287019046048316D0,                    0000007P    436
-0.8492975733822477D0,-0.03506781241876949D0,                    0000007P    437
0.04397998950163078D0,-0.8492975733831549D0,                     0000007P    438
-0.03011489988870593D0,0.04495029272869761D0,                    0000007P    439
-0.8492975733840661D0,-0.02513631434664007D0,                    0000007P    440
0.04577735224773136D0,-0.8492975733849842D0,                     0000007P    441
-0.02013567114037554D0,0.04645646173223464D0,                    0000007P    442
-0.8492975733859022D0,-0.01511719998148799D0,                    0000007P    443
0.04698558625630546D0,-0.8492975733868233D0,                     0000007P    444
-0.01008540836744838D0,0.0473641634380135D0,                     0000007P    445
-0.849297573387748D0,-0.005044877962764709D0,                    0000007P    446
0.0475956420517851D0,-0.8492975733883629D0,                      0000007P    447
-0.00168162784717039D0,0.04765346390647363D0,                    0000007P    448
-0.8492975733886712D0,-1.555747025447422D-10,                    0000007P    449
0.04765856851802893D0,-0.8467432949494264D0,                     0000007P    450
-0.1250000001551068D0,6.140029073688898D-17,                     0000007P    451
-0.8467432949496638D0,-0.1236995272271545D0,                     0000007P    452
0.001077511313942014D0,-0.8467432949501456D0,                    0000007P    453
-0.1210735581349091D0,0.003202019176532116D0,                    0000007P    454
-0.8467432949508806D0,-0.1170621506851852D0,                     0000007P    455
0.006295914237726832D0,-0.846743294951628D0,                     0000007P    456
-0.1129807474874773D0,0.009295637116790283D0,                    0000007P    457
-0.8467432949523886D0,-0.1088315072723285D0,                     0000007P    458
0.01219983226153993D0,-0.8467432949531601D0,                     0000007P    459
-0.1046171657273945D0,0.01500780466324309D0,                     0000007P    460
-0.8467432949539425D0,-0.1003406103897292D0,                     0000007P    461
0.01771918684205497D0,-0.8467432949547378D0,                     0000007P    462
-0.09600510244916065D0,0.02033430929116274D0,                    0000007P    463
-0.8467432949555422D0,-0.09161344337543557D0,                    0000007P    464
0.02285315799303967D0,-0.8467432949563563D0,                     0000007P    465
-0.08716810350374238D0,0.02527548148775025D0,                    0000007P    466
-0.8467432949571801D0,-0.08267022278796085D0,                    0000007P    467
0.02759819831470636D0,-0.8467432949580133D0,                     0000007P    468
-0.07812123281060136D0,0.02981848111893601D0,                    0000007P    469
-0.846743294958856D0,-0.07352278885327428D0,                     0000007P    470
0.03193377333040858D0,-0.8467432949597068D0,                     0000007P    471
-0.06887614021019216D0,0.03394045045933632D0,                    0000007P    472
-0.8467432949605667D0,-0.06418266077016452D0,                    0000007P    473
0.0358345526350055D0,-0.8467432949614353D0,                      0000007P    474
-0.05944391620317629D0,0.03761160702168608D0,                    0000007P    475
-0.8467432949623106D0,-0.05466178563010966D0,                    0000007P    476
0.03926733261956838D0,-0.846743294963194D0,                      0000007P    477
-0.04983844185940525D0,0.04079746866480272D0,                    0000007P    478
-0.8467432949640852D0,-0.04497612489331111D0,                    0000007P    479
0.04219811206951019D0,-0.8467432949649824D0,                     0000007P    480
-0.04007748238874786D0,0.04346513409012457D0,                    0000007P    481
-0.8467432949658859D0,-0.03514557548721395D0,                    0000007P    482
0.04459417347762443D0,-0.846743294966795D0,                      0000007P    483
-0.03018363381699541D0,0.04558157979620625D0,                    0000007P    484
-0.8467432949677084D0,-0.02519511778052431D0,                    0000007P    485
0.04642348719811491D0,-0.8467432949686259D0,                     0000007P    486
-0.0201837523260684D0,0.04711508850026538D0,                     0000007P    487
-0.846743294969548D0,-0.01515389332072567D0,                     0000007P    488
0.04765421074332409D0,-0.8467432949704721D0,                     0000007P    489
-0.01011018504371771D0,0.04804013472719428D0,                    0000007P    490
-0.846743294971398D0,-0.005057374186531415D0,                    0000007P    491
0.04827610527772473D0,-0.8467432949720149D0,                     0000007P    492
-0.001685799170951485D0,0.04833489082864934D0,                   0000007P    493
-0.8467432949723238D0,-1.551068256512717D-10,                    0000007P    494
0.04833993844030877D0,-0.8441890165330791D0,                     0000007P    495
-0.1250000001546389D0,6.138252561017522D-17,                     0000007P    496
-0.8441890165333157D0,-0.1237063248679503D0,                     0000007P    497
0.001090880909199319D0,-0.844189016533795D0,                     0000007P    498
-0.1210930970289742D0,0.003241748526912856D0,                    0000007P    499
-0.8441890165345264D0,-0.1170984278404883D0,                     0000007P    500
0.006374100603739066D0,-0.844189016535272D0,                     0000007P    501
-0.1130315827023006D0,0.009411255538479714D0,                    0000007P    502
-0.8441890165360288D0,-0.1088949254032273D0,                     0000007P    503
0.01235191921660176D0,-0.8441890165367991D0,                     0000007P    504
-0.1046913570374315D0,0.01519544998364471D0,                     0000007P    505
-0.8441890165375812D0,-0.100423916683352D0,                      0000007P    506
0.01794153176300052D0,-0.8441890165383732D0,                     0000007P    507
-0.09609599577029405D0,0.0205905446482844D0,                     0000007P    508
-0.8441890165391773D0,-0.09171052575918427D0,                    0000007P    509
0.0231425225390654D0,-0.8441890165399905D0,                      0000007P    510
-0.08727009995271594D0,0.02559725842432689D0,                    0000007P    511
-0.8441890165408144D0,-0.08277588848789276D0,                    0000007P    512
0.02795165473428294D0,-0.8441890165416459D0,                     0000007P    513
-0.07822936537465149D0,0.03020288039691647D0,                    0000007P    514
-0.8441890165424896D0,-0.07363224216360392D0,                    0000007P    515
0.03234839728399786D0,-0.8441890165433391D0,                     0000007P    516
-0.06898576803867293D0,0.03438448196283395D0,                    0000007P    517
-0.8441890165441995D0,-0.06429130329864487D0,                    0000007P    518
0.03630704805661959D0,-0.8441890165450685D0,                     0000007P    519
-0.05955037770696102D0,0.0381114626783302D0,                     0000007P    520
-0.844189016545945D0,-0.05476485558237301D0,                     0000007P    521
0.03979328846021714D0,-0.8441890165468298D0,                     0000007P    522
-0.04993690689133169D0,0.04134810180040796D0,                    0000007P    523
-0.844189016547721D0,-0.04506881630319071D0,                     0000007P    524
0.04277180563344605D0,-0.84418901654862D0,                       0000007P    525
-0.04016326514088615D0,0.04406007771976597D0,                    0000007P    526
-0.8441890165495248D0,-0.03522333855565842D0,                    0000007P    527
0.04520835745361813D0,-0.8441890165504354D0,                     0000007P    528
-0.03025236774528488D0,0.04621286686371493D0,                    0000007P    529
-0.8441890165513504D0,-0.02525392121440856D0,                    0000007P    530
0.0470696221484985D0,-0.8441890165522709D0,                      0000007P    531
-0.0202318335117613D0,0.04777371526829614D0,                     0000007P    532
-0.8441890165531946D0,-0.01519058665996336D0,                    0000007P    533
0.04832283523034268D0,-0.8441890165541195D0,                     0000007P    534
-0.01013496171998707D0,0.04871610601637505D0,                    0000007P    535
-0.8441890165550487D0,-0.0050698704102981D0,                     0000007P    536
0.04895656850366437D0,-0.8441890165556671D0,                     0000007P    537
-0.00168997049473258D0,0.04901631775082515D0,                    0000007P    538
-0.8441890165559769D0,-1.546389480137787D-10,                    0000007P    539
0.04902130836258858D0,-0.8416347381167316D0,                     0000007P    540
-0.125000000154171D0,6.136476048346137D-17,                      0000007P    541
-0.8416347381169671D0,-0.1237131225087461D0,                     0000007P    542
0.001104250504456621D0,-0.8416347381174437D0,                    0000007P    543
-0.1211126359230392D0,0.003281477877293599D0,                    0000007P    544
-0.8416347381181726D0,-0.1171347049957909D0,                     0000007P    545
0.006452286969751283D0,-0.841634738118914D0,                     0000007P    546
-0.1130824179171239D0,0.009526873960169146D0,                    0000007P    547
-0.8416347381196709D0,-0.1089583435341258D0,                     0000007P    548
0.01250400617166353D0,-0.8416347381204375D0,                     0000007P    549
-0.1047655483474687D0,0.01538309530404632D0,                     0000007P    550
-0.841634738121218D0,-0.1005072229769747D0,0.0181638766839461D0, 0000007P    551
-0.8416347381220097D0,-0.09618688909142746D0,                    0000007P    552
0.02084678000540605D0,-0.8416347381228119D0,                     0000007P    553
-0.09180760814293315D0,0.02343188708509112D0,                    0000007P    554
-0.8416347381236248D0,-0.0873720964016893D0,                     0000007P    555
0.0259190353609035D0,-0.8416347381244462D0,                      0000007P    556
-0.08288155418782475D0,0.02830511115385953D0,                    0000007P    557
-0.8416347381252798D0,-0.07833749793870147D0,                    0000007P    558
0.0305872796748969D0,-0.84163473812612D0,-0.07374169547393376D0, 0000007P    559
0.03276302123758718D0,-0.841634738126973D0,                      0000007P    560
-0.06909539586715348D0,0.03482851346633147D0,                    0000007P    561
-0.8416347381278322D0,-0.06439994582712517D0,                    0000007P    562
0.03677954347823369D0,-0.8416347381287008D0,                     0000007P    563
-0.05965683921074572D0,0.0386113183349743D0,                     0000007P    564
-0.8416347381295789D0,-0.05486792553463631D0,                    0000007P    565
0.04031924430086573D0,-0.8416347381304632D0,                     0000007P    566
-0.05003537192325816D0,0.04189873493601326D0,                    0000007P    567
-0.8416347381313576D0,-0.04516150771307016D0,                    0000007P    568
0.04334549919738194D0,-0.8416347381322563D0,                     0000007P    569
-0.04024904789302449D0,0.04465502134940734D0,                    0000007P    570
-0.8416347381331629D0,-0.0353011016241029D0,                     0000007P    571
0.04582254142961183D0,-0.841634738134075D0,                      0000007P    572
-0.03032110167357437D0,0.04684415393122347D0,                    0000007P    573
-0.8416347381349922D0,-0.02531272464829282D0,                    0000007P    574
0.04771575709888209D0,-0.8416347381359148D0,                     0000007P    575
-0.02027991469745417D0,0.04843234203632682D0,                    0000007P    576
-0.8416347381368392D0,-0.01522727999920105D0,                    0000007P    577
0.04899145971736137D0,-0.8416347381377688D0,                     0000007P    578
-0.0101597383962564D0,0.04939207730555576D0,                     0000007P    579
-0.8416347381386976D0,-0.005082366634064788D0,                   0000007P    580
0.04963703172960399D0,-0.8416347381393195D0,                     0000007P    581
-0.001694141818513664D0,0.04969774467300085D0,                   0000007P    582
-0.8416347381396292D0,-1.541710623840962D-10,                    0000007P    583
0.04970267828486839D0,-0.8390804597003844D0,                     0000007P    584
-0.1250000001537031D0,6.134699535674757D-17,                     0000007P    585
-0.8390804597006188D0,-0.1237199201495418D0,                     0000007P    586
0.001117620099713926D0,-0.8390804597010927D0,                    0000007P    587
-0.1211321748171041D0,0.00332120722767434D0,                     0000007P    588
-0.8390804597018179D0,-0.1171709821510938D0,                     0000007P    589
0.006530473335763519D0,-0.8390804597025588D0,                    0000007P    590
-0.1131332531319474D0,0.009642492381858582D0,                    0000007P    591
-0.8390804597033108D0,-0.1090217616650244D0,                     0000007P    592
0.01265609312672535D0,-0.8390804597040775D0,                     0000007P    593
-0.1048397396575056D0,0.01557074062444795D0,                     0000007P    594
-0.839080459704855D0,-0.1005905292705973D0,                      0000007P    595
0.01838622160489165D0,-0.8390804597056463D0,                     0000007P    596
-0.09627778241256105D0,0.02110301536252769D0,                    0000007P    597
-0.8390804597064471D0,-0.09190469052668176D0,                    0000007P    598
0.02372125163111685D0,-0.8390804597072584D0,                     0000007P    599
-0.08747409285066295D0,0.02624081229748015D0,                    0000007P    600
-0.8390804597080805D0,-0.08298721988775665D0,                    0000007P    601
0.02865856757343613D0,-0.839080459708912D0,                      0000007P    602
-0.07844563050275175D0,0.03097167895287738D0,                    0000007P    603
-0.8390804597097541D0,-0.07385114878426338D0,                    0000007P    604
0.03317764519117647D0,-0.8390804597106043D0,                     0000007P    605
-0.06920502369563417D0,0.03527254496982909D0,                    0000007P    606
-0.8390804597114653D0,-0.06450858835560561D0,                    0000007P    607
0.03725203889984779D0,-0.8390804597123345D0,                     0000007P    608
-0.05976330071453038D0,0.03911117399161847D0,                    0000007P    609
-0.8390804597132123D0,-0.05497099548689968D0,                    0000007P    610
0.04084520014151445D0,-0.8390804597140984D0,                     0000007P    611
-0.05013383695518463D0,0.04244936807161853D0,                    0000007P    612
-0.8390804597149922D0,-0.04525419912294974D0,                    0000007P    613
0.04391919276131779D0,-0.8390804597158934D0,                     0000007P    614
-0.04033483064516277D0,0.0452499649790488D0,                     0000007P    615
-0.8390804597168012D0,-0.03537886469254737D0,                    0000007P    616
0.04643672540560544D0,-0.8390804597177145D0,                     0000007P    617
-0.03038983560186385D0,0.04747544099873224D0,                    0000007P    618
-0.8390804597186339D0,-0.02537152808217711D0,                    0000007P    619
0.04836189204926562D0,-0.8390804597195578D0,                     0000007P    620
-0.02032799588314707D0,0.04909096880435764D0,                    0000007P    621
-0.8390804597204865D0,-0.0152639733384387D0,                     0000007P    622
0.0496600842043799D0,-0.8390804597214163D0,                      0000007P    623
-0.01018451507252575D0,0.05006804859473658D0,                    0000007P    624
-0.8390804597223491D0,-0.005094862857831474D0,                   0000007P    625
0.0503174949555436D0,-0.839080459722971D0,                       0000007P    626
-0.001698313142294736D0,0.05037917159517666D0,                   0000007P    627
-0.8390804597232819D0,-1.537031649409499D-10,                    0000007P    628
0.05038404820714824D0,-0.8365261812840368D0,                     0000007P    629
-0.1250000001532352D0,6.132923023003372D-17,                     0000007P    630
-0.8365261812842703D0,-0.1237267177903375D0,                     0000007P    631
0.001130989694971231D0,-0.8365261812847412D0,                    0000007P    632
-0.1211517137111692D0,0.003360936578055081D0,                    0000007P    633
-0.8365261812854654D0,-0.1172072593063967D0,                     0000007P    634
0.006608659701775744D0,-0.8365261812862007D0,                    0000007P    635
-0.1131840883467706D0,0.009758110803548025D0,                    0000007P    636
-0.8365261812869521D0,-0.1090851797959231D0,                     0000007P    637
0.01280818008178713D0,-0.8365261812877161D0,                     0000007P    638
-0.1049139309675429D0,0.01575838594484959D0,                     0000007P    639
-0.8365261812884932D0,-0.10067383556422D0,0.01860856652583721D0, 0000007P    640
-0.8365261812892811D0,-0.09636867573369443D0,                    0000007P    641
0.02135925071964939D0,-0.8365261812900814D0,                     0000007P    642
-0.09200177291043062D0,0.02401061617714259D0,                    0000007P    643
-0.8365261812908922D0,-0.08757608929963624D0,                    0000007P    644
0.02656258923405679D0,-0.8365261812917133D0,                     0000007P    645
-0.08309288558768868D0,0.02901202399301271D0,                    0000007P    646
-0.8365261812925447D0,-0.07855376306680172D0,                    0000007P    647
0.03135607823085783D0,-0.8365261812933856D0,                     0000007P    648
-0.07396060209459319D0,0.03359226914476578D0,                    0000007P    649
-0.8365261812942381D0,-0.06931465152411485D0,                    0000007P    650
0.03571657647332668D0,-0.8365261812950978D0,                     0000007P    651
-0.0646172308840859D0,0.03772453432146195D0,                     0000007P    652
-0.8365261812959676D0,-0.05986976221831505D0,                    0000007P    653
0.0396110296482626D0,-0.836526181296846D0,                       0000007P    654
-0.05507406543916298D0,0.04137115598216314D0,                    0000007P    655
-0.836526181297733D0,-0.05023230198711105D0,                     0000007P    656
0.04300000120722385D0,-0.8365261812986279D0,                     0000007P    657
-0.04534689053282927D0,0.04449288632525362D0,                    0000007P    658
-0.8365261812995302D0,-0.04042061339730108D0,                    0000007P    659
0.04584490860869019D0,-0.8365261813004394D0,                     0000007P    660
-0.03545662776099184D0,0.04705090938159919D0,                    0000007P    661
-0.8365261813013557D0,-0.03045856953015335D0,                    0000007P    662
0.04810672806624083D0,-0.8365261813022759D0,                     0000007P    663
-0.0254303315160614D0,0.04900802699964924D0,                     0000007P    664
-0.8365261813032021D0,-0.02037607706883992D0,                    0000007P    665
0.04974959557238833D0,-0.8365261813041318D0,                     0000007P    666
-0.01530066667767638D0,0.05032870869139863D0,                    0000007P    667
-0.8365261813050644D0,-0.01020929174879506D0,                    0000007P    668
0.05074401988391733D0,-0.8365261813059995D0,                     0000007P    669
-0.005107359081598156D0,0.05099795818148328D0,                   0000007P    670
-0.8365261813066223D0,-0.001702484466075801D0,                   0000007P    671
0.05106059851735247D0,-0.8365261813069346D0,                     0000007P    672
-1.532352609110874D-10,0.05106541812942808D0,                    0000007P    673
-0.83397190286769D0,-0.1250000001527674D0,6.131146510331995D-17, 0000007P    674
-0.833971902867921D0,-0.1237335154311333D0,                      0000007P    675
0.001144359290228535D0,-0.8339719028683918D0,                    0000007P    676
-0.1211712526052344D0,0.003400665928435827D0,                    0000007P    677
-0.8339719028691098D0,-0.1172435364616995D0,                     0000007P    678
0.006686846067787978D0,-0.8339719028698452D0,                    0000007P    679
-0.113234923561594D0,0.009873729225237464D0,                     0000007P    680
-0.8339719028705935D0,-0.1091485979268218D0,                     0000007P    681
0.01296026703684895D0,-0.833971902871356D0,                      0000007P    682
-0.1049881222775798D0,0.0159460312652512D0,                      0000007P    683
-0.8339719028721302D0,-0.1007571418578428D0,                     0000007P    684
0.0188309114467828D0,-0.8339719028729183D0,                      0000007P    685
-0.09645956905482794D0,0.02161548607677109D0,                    0000007P    686
-0.8339719028737167D0,-0.09209885529417944D0,                    0000007P    687
0.02429998072316832D0,-0.8339719028745269D0,                     0000007P    688
-0.08767808574860984D0,0.02688436617063348D0,                    0000007P    689
-0.8339719028753472D0,-0.08319855128762071D0,                    0000007P    690
0.02936548041258931D0,-0.8339719028761783D0,                     0000007P    691
-0.07866189563085188D0,0.03174047750883835D0,                    0000007P    692
-0.8339719028770197D0,-0.07407005540492304D0,                    0000007P    693
0.0340068930983551D0,-0.8339719028778697D0,                      0000007P    694
-0.06942427935259549D0,0.03616060797682433D0,                    0000007P    695
-0.8339719028787314D0,-0.06472587341256633D0,                    0000007P    696
0.03819702974307605D0,-0.833971902879601D0,                      0000007P    697
-0.0599762237220998D0,0.04011088530490679D0,                     0000007P    698
-0.8339719028804803D0,-0.05517713539142627D0,                    0000007P    699
0.04189711182281183D0,-0.8339719028813679D0,                     0000007P    700
-0.05033076701903758D0,0.04355063434282911D0,                    0000007P    701
-0.8339719028822636D0,-0.0454395819427088D0,                     0000007P    702
0.04506657988918955D0,-0.8339719028831677D0,                     0000007P    703
-0.04050639614943942D0,0.04643985223833164D0,                    0000007P    704
-0.833971902884079D0,-0.0355343908294363D0,                      0000007P    705
0.04766509335759282D0,-0.8339719028849945D0,                     0000007P    706
-0.03052730345844285D0,0.04873801513374956D0,                    0000007P    707
-0.8339719028859186D0,-0.02548913494994568D0,                    0000007P    708
0.04965416195003285D0,-0.8339719028868461D0,                     0000007P    709
-0.02042415825453284D0,0.05040822234041914D0,                    0000007P    710
-0.833971902887778D0,-0.01533736001691401D0,                     0000007P    711
0.05099733317841722D0,-0.8339719028887128D0,                     0000007P    712
-0.01023406842506439D0,0.05141999117309817D0,                    0000007P    713
-0.8339719028896494D0,-0.005119855305364817D0,                   0000007P    714
0.05167842140742297D0,-0.8339719028902757D0,                     0000007P    715
-0.001706655789856873D0,0.05174202543952824D0,                   0000007P    716
-0.8339719028905875D0,-1.527673539983292D-10,                    0000007P    717
0.05174678805170796D0,-0.8314176244513419D0,                     0000007P    718
-0.1250000001522994D0,6.12936999766061D-17,                      0000007P    719
-0.8314176244515725D0,-0.123740313071929D0,                      0000007P    720
0.00115772888548584D0,-0.8314176244520399D0,                     0000007P    721
-0.1211907914992991D0,0.00344039527881656D0,                     0000007P    722
-0.8314176244527566D0,-0.1172798136170023D0,                     0000007P    723
0.006765032433800206D0,-0.8314176244534882D0,                    0000007P    724
-0.1132857587764173D0,0.009989347646926884D0,                    0000007P    725
-0.8314176244542342D0,-0.1092120160577204D0,                     0000007P    726
0.01311235399191074D0,-0.8314176244549933D0,                     0000007P    727
-0.1050623135876169D0,0.01613367658565282D0,                     0000007P    728
-0.8314176244557679D0,-0.1008404481514655D0,                     0000007P    729
0.01905325636772835D0,-0.8314176244565527D0,                     0000007P    730
-0.09655046237596134D0,0.02187172143389272D0,                    0000007P    731
-0.8314176244573515D0,-0.09219593767792816D0,                    0000007P    732
0.02458934526919404D0,-0.8314176244581597D0,                     0000007P    733
-0.08778008219758331D0,0.02720614310721005D0,                    0000007P    734
-0.8314176244589798D0,-0.08330421698755258D0,                    0000007P    735
0.02971893683216596D0,-0.8314176244598102D0,                     0000007P    736
-0.07877002819490192D0,0.03212487678681872D0,                    0000007P    737
-0.831417624460651D0,-0.07417950871525264D0,                     0000007P    738
0.03442151705194446D0,-0.8314176244615024D0,                     0000007P    739
-0.06953390718107617D0,0.03660463948032189D0,                    0000007P    740
-0.8314176244623629D0,-0.0648345159410466D0,                     0000007P    741
0.0386695251646902D0,-0.8314176244632341D0,                      0000007P    742
-0.06008268522588442D0,0.04061074096155089D0,                    0000007P    743
-0.831417624464113D0,-0.05528020534368952D0,                     0000007P    744
0.04242306766346049D0,-0.831417624465002D0,-0.050429232050964D0, 0000007P    745
0.04410126747843442D0,-0.8314176244658997D0,                     0000007P    746
-0.04553227335258828D0,0.04564027345312534D0,                    0000007P    747
-0.8314176244668032D0,-0.04059217890157761D0,                    0000007P    748
0.047034795867973D0,-0.8314176244677161D0,                       0000007P    749
-0.03561215389788078D0,0.0482792773335865D0,                     0000007P    750
-0.8314176244686358D0,-0.03059603738673226D0,                    0000007P    751
0.04936930220125817D0,-0.8314176244695587D0,                     0000007P    752
-0.02554793838382992D0,0.05030029690041642D0,                    0000007P    753
-0.8314176244704906D0,-0.02047223944022568D0,                    0000007P    754
0.05106684910844987D0,-0.8314176244714233D0,                     0000007P    755
-0.01537405335615169D0,0.05166595766543583D0,                    0000007P    756
-0.8314176244723601D0,-0.01025884510133367D0,                    0000007P    757
0.05209596246227895D0,-0.8314176244732996D0,                     0000007P    758
-0.005132351529131479D0,0.05235888463336254D0,                   0000007P    759
-0.8314176244739256D0,-0.001710827113637946D0,                   0000007P    760
0.05242345236170402D0,-0.8314176244742395D0,                     0000007P    761
-1.522994488280381D-10,0.05242815797398775D0,                    0000007P    762
-0.8288633460349949D0,-0.1250000001518315D0,                     0000007P    763
6.127593484989227D-17,-0.8288633460352242D0,                     0000007P    764
-0.1237471107127247D0,0.001171098480743141D0,                    0000007P    765
-0.8288633460356879D0,-0.1212103303933643D0,                     0000007P    766
0.003480124629197308D0,-0.8288633460364023D0,                    0000007P    767
-0.1173160907723051D0,0.006843218799812428D0,                    0000007P    768
-0.8288633460371312D0,-0.1133365939912406D0,                     0000007P    769
0.01010496606861633D0,-0.8288633460378751D0,                     0000007P    770
-0.109275434188619D0,0.01326444094697253D0,                      0000007P    771
-0.8288633460386338D0,-0.1051365048976539D0,                     0000007P    772
0.01632132190605444D0,-0.828863346039405D0,                      0000007P    773
-0.1009237544450881D0,0.0192756012886739D0,                      0000007P    774
-0.8288633460401896D0,-0.0966413556970948D0,                     0000007P    775
0.0221279567910144D0,-0.8288633460409861D0,                      0000007P    776
-0.09229302006167689D0,0.02487870981521978D0,                    0000007P    777
-0.8288633460417938D0,-0.08788207864655671D0,                    0000007P    778
0.02752792004378671D0,-0.8288633460426139D0,                     0000007P    779
-0.08340988268748463D0,0.03007239325174251D0,                    0000007P    780
-0.8288633460434434D0,-0.07887816075895202D0,                    0000007P    781
0.03250927606479929D0,-0.8288633460442839D0,                     0000007P    782
-0.07428896202558243D0,0.03483614100553371D0,                    0000007P    783
-0.8288633460451345D0,-0.06964353500955672D0,                    0000007P    784
0.03704867098381951D0,-0.8288633460459958D0,                     0000007P    785
-0.06494315846952695D0,0.03914202058630432D0,                    0000007P    786
-0.8288633460468672D0,-0.06018914672966903D0,                    0000007P    787
0.04111059661819502D0,-0.8288633460477461D0,                     0000007P    788
-0.05538327529595286D0,0.0429490235041092D0,                     0000007P    789
-0.828863346048637D0,-0.05052769708289045D0,                     0000007P    790
0.04465190061403961D0,-0.8288633460495336D0,                     0000007P    791
-0.04562496476246781D0,0.04621396701706124D0,                    0000007P    792
-0.8288633460504413D0,-0.04067796165371591D0,                    0000007P    793
0.04762973949761441D0,-0.8288633460513547D0,                     0000007P    794
-0.03568991696632522D0,0.04889346130958019D0,                    0000007P    795
-0.8288633460522751D0,-0.03066477131502174D0,                    0000007P    796
0.05000058926876683D0,-0.8288633460532024D0,                     0000007P    797
-0.02560674181771416D0,0.05094643185080001D0,                    0000007P    798
-0.828863346054133D0,-0.02052032062591853D0,                     0000007P    799
0.0517254758764806D0,-0.8288633460550693D0,                      0000007P    800
-0.01541074669538935D0,0.05233458215245445D0,                    0000007P    801
-0.8288633460560089D0,-0.01028362177760295D0,                    0000007P    802
0.05277193375145966D0,-0.8288633460569496D0,                     0000007P    803
-0.005144847752898135D0,0.05303934785930214D0,                   0000007P    804
-0.8288633460575783D0,-0.001714998437419029D0,                   0000007P    805
0.0531048792838798D0,-0.8288633460578922D0,                      0000007P    806
-1.518315474815995D-10,0.05310952789626756D0,                    0000007P    807
-0.8263090676186475D0,-0.1250000001513636D0,                     0000007P    808
6.125816972317847D-17,-0.8263090676188748D0,                     0000007P    809
-0.1237539083535203D0,0.001184468076000446D0,                    0000007P    810
-0.8263090676193388D0,-0.1212298692874294D0,                     0000007P    811
0.003519853979578045D0,-0.8263090676200481D0,                    0000007P    812
-0.117352367927608D0,0.006921405165824662D0,                     0000007P    813
-0.8263090676207754D0,-0.113387429206064D0,                      0000007P    814
0.01022058449030577D0,-0.8263090676215158D0,                     0000007P    815
-0.1093388523195178D0,0.01341652790203434D0,                     0000007P    816
-0.8263090676222719D0,-0.105210696207691D0,                      0000007P    817
0.01650896722645607D0,-0.8263090676230428D0,                     0000007P    818
-0.1010070607387109D0,0.01949794620961948D0,                     0000007P    819
-0.8263090676238256D0,-0.09673224901822836D0,                    0000007P    820
0.02238419214813606D0,-0.8263090676246208D0,                     0000007P    821
-0.09239010244542573D0,0.02516807436124549D0,                    0000007P    822
-0.8263090676254289D0,-0.08798407509553034D0,                    0000007P    823
0.02784969698036336D0,-0.8263090676262462D0,                     0000007P    824
-0.08351554838741654D0,0.03042584967131914D0,                    0000007P    825
-0.8263090676270765D0,-0.07898629332300208D0,                    0000007P    826
0.03289367534277973D0,-0.826309067627916D0,                      0000007P    827
-0.07439841533591221D0,0.03525076495912308D0,                    0000007P    828
-0.8263090676287678D0,-0.06975316283803736D0,                    0000007P    829
0.0374927024873171D0,-0.826309067629629D0,                       0000007P    830
-0.06505180099800731D0,0.03961451600791845D0,                    0000007P    831
-0.8263090676304996D0,-0.0602956082334538D0,                     0000007P    832
0.04161045227483919D0,-0.8263090676313816D0,                     0000007P    833
-0.05548634524821612D0,0.04347497934475786D0,                    0000007P    834
-0.8263090676322709D0,-0.05062616211481692D0,                    0000007P    835
0.04520253374964493D0,-0.8263090676331708D0,                     0000007P    836
-0.04571765617234736D0,0.04678766058099708D0,                    0000007P    837
-0.8263090676340779D0,-0.0407637444058542D0,                     0000007P    838
0.04822468312725585D0,-0.8263090676349928D0,                     0000007P    839
-0.03576768003476964D0,0.04950764528557391D0,                    0000007P    840
-0.8263090676359154D0,-0.0307335052433112D0,                     0000007P    841
0.05063187633627553D0,-0.8263090676368429D0,                     0000007P    842
-0.02566554525159836D0,0.05159256680118358D0,                    0000007P    843
-0.8263090676377777D0,-0.02056840181161141D0,                    0000007P    844
0.05238410264451136D0,-0.8263090676387155D0,                     0000007P    845
-0.01544744003462701D0,0.05300320663947311D0,                    0000007P    846
-0.8263090676396565D0,-0.01030839845387223D0,                    0000007P    847
0.05344790504064047D0,-0.8263090676406013D0,                     0000007P    848
-0.005157343976664794D0,0.05371981108524182D0,                   0000007P    849
-0.8263090676412296D0,-0.001719169761200116D0,                   0000007P    850
0.05378630620605557D0,-0.8263090676415451D0,                     0000007P    851
-1.513636487164137D-10,0.05379089781854742D0,                    0000007P    852
-0.8237547892023001D0,-0.1250000001508957D0,                     0000007P    853
6.124040459646464D-17,-0.8237547892025265D0,                     0000007P    854
-0.1237607059943163D0,0.001197837671257748D0,                    0000007P    855
-0.8237547892029866D0,-0.1212494081814941D0,                     0000007P    856
0.003559583329958787D0,-0.8237547892036939D0,                    0000007P    857
-0.1173886450829109D0,0.006999591531836885D0,                    0000007P    858
-0.8237547892044177D0,-0.1134382644208873D0,                     0000007P    859
0.01033620291199521D0,-0.8237547892051567D0,                     0000007P    860
-0.1094022704504162D0,0.01356861485709613D0,                     0000007P    861
-0.8237547892059114D0,-0.1052848875177281D0,                     0000007P    862
0.01669661254685769D0,-0.8237547892066798D0,                     0000007P    863
-0.1010903670323335D0,0.01972029113056504D0,                     0000007P    864
-0.8237547892074606D0,-0.09682314233936168D0,                    0000007P    865
0.02264042750525773D0,-0.8237547892082561D0,                     0000007P    866
-0.09248718482917448D0,0.0254574389072712D0,                     0000007P    867
-0.8237547892090613D0,-0.08808607154450374D0,                    0000007P    868
0.02817147391693998D0,-0.8237547892098807D0,                     0000007P    869
-0.08362121408734849D0,0.03077930609089572D0,                    0000007P    870
-0.8237547892107083D0,-0.07909442588705211D0,                    0000007P    871
0.0332780746207602D0,-0.8237547892115493D0,                      0000007P    872
-0.07450786864624191D0,0.03566538891271236D0,                    0000007P    873
-0.8237547892123995D0,-0.06986279066651807D0,                    0000007P    874
0.03793673399081472D0,-0.8237547892132612D0,                     0000007P    875
-0.06516044352648757D0,0.04008701142953258D0,                    0000007P    876
-0.8237547892141324D0,-0.06040206973723838D0,                    0000007P    877
0.04211030793148326D0,-0.8237547892150145D0,                     0000007P    878
-0.05558941520047946D0,0.04400093518540656D0,                    0000007P    879
-0.8237547892159051D0,-0.05072462714674335D0,                    0000007P    880
0.04575316688525015D0,-0.8237547892168062D0,                     0000007P    881
-0.04581034758222687D0,0.04736135414493294D0,                    0000007P    882
-0.8237547892177144D0,-0.04084952715799243D0,                    0000007P    883
0.04881962675689723D0,-0.8237547892186315D0,                     0000007P    884
-0.03584544310321413D0,0.05012182926156754D0,                    0000007P    885
-0.8237547892195546D0,-0.0308022391716006D0,                     0000007P    886
0.05126316340378417D0,-0.8237547892204851D0,                     0000007P    887
-0.02572434868548256D0,0.05223870175156716D0,                    0000007P    888
-0.8237547892214212D0,-0.02061648299730423D0,                    0000007P    889
0.05304272941254209D0,-0.8237547892223612D0,                     0000007P    890
-0.01548413337386468D0,0.05367183112649172D0,                    0000007P    891
-0.8237547892233045D0,-0.01033317513014152D0,                    0000007P    892
0.05412387632982118D0,-0.8237547892242504D0,                     0000007P    893
-0.005169840200431454D0,0.05440027431118141D0,                   0000007P    894
-0.8237547892248817D0,-0.001723341084981206D0,                   0000007P    895
0.05446773312823133D0,-0.8237547892251974D0,                     0000007P    896
-1.508957519709071D-10,0.0544722677408272D0,                     0000007P    897
-0.8212005107859526D0,-0.1250000001504279D0,                     0000007P    898
6.122263946975083D-17,-0.8212005107861777D0,                     0000007P    899
-0.1237675036351118D0,0.001211207266515051D0,                    0000007P    900
-0.8212005107866368D0,-0.1212689470755594D0,                     0000007P    901
0.003599312680339529D0,-0.8212005107873396D0,                    0000007P    902
-0.1174249222382136D0,0.00707777789784912D0,                     0000007P    903
-0.8212005107880627D0,-0.1134890996357107D0,                     0000007P    904
0.01045182133368465D0,-0.8212005107887981D0,                     0000007P    905
-0.109465688581315D0,0.01372070181215793D0,                      0000007P    906
-0.8212005107895501D0,-0.1053590788277651D0,                     0000007P    907
0.0168842578672593D0,-0.8212005107903174D0,                      0000007P    908
-0.1011736733259562D0,0.01994263605151061D0,                     0000007P    909
-0.8212005107910973D0,-0.09691403566049515D0,                    0000007P    910
0.02289666286237936D0,-0.8212005107918906D0,                     0000007P    911
-0.09258426721292326D0,0.02574680345329697D0,                    0000007P    912
-0.8212005107926958D0,-0.08818806799347728D0,                    0000007P    913
0.02849325085351662D0,-0.8212005107935132D0,                     0000007P    914
-0.08372687978728049D0,0.03113276251047237D0,                    0000007P    915
-0.8212005107943422D0,-0.07920255845110229D0,                    0000007P    916
0.03366247389874068D0,-0.8212005107951814D0,                     0000007P    917
-0.07461732195657161D0,0.03608001286630171D0,                    0000007P    918
-0.8212005107960331D0,-0.0699724184949987D0,                     0000007P    919
0.03838076549431234D0,-0.8212005107968938D0,                     0000007P    920
-0.06526908605496801D0,0.04055950685114668D0,                    0000007P    921
-0.8212005107977665D0,-0.06050853124102309D0,                    0000007P    922
0.04261016358812747D0,-0.8212005107986482D0,                     0000007P    923
-0.05569248515274269D0,0.0445268910260552D0,                     0000007P    924
-0.8212005107995405D0,-0.05082309217866987D0,                    0000007P    925
0.04630380002085548D0,-0.821200510800442D0,                      0000007P    926
-0.04590303899210638D0,0.04793504770886885D0,                    0000007P    927
-0.8212005108013524D0,-0.04093530991013076D0,                    0000007P    928
0.04941457038653867D0,-0.8212005108022701D0,                     0000007P    929
-0.03592320617165857D0,0.05073601323756128D0,                    0000007P    930
-0.8212005108031952D0,-0.0308709730998901D0,                     0000007P    931
0.05189445047129286D0,-0.8212005108041275D0,                     0000007P    932
-0.02578315211936681D0,0.05288483670195078D0,                    0000007P    933
-0.8212005108050651D0,-0.0206645641829971D0,                     0000007P    934
0.05370135618057287D0,-0.8212005108060079D0,                     0000007P    935
-0.01552082671310234D0,0.05434045561351034D0,                    0000007P    936
-0.8212005108069533D0,-0.01035795180641083D0,                    0000007P    937
0.05479984761900206D0,-0.8212005108079007D0,                     0000007P    938
-0.005182336424198144D0,0.05508073753712099D0,                   0000007P    939
-0.8212005108085341D0,-0.001727512408762285D0,                   0000007P    940
0.05514916005040714D0,-0.8212005108088501D0,                     0000007P    941
-1.50427856380904D-10,0.05515363766310705D0,                     0000007P    942
-0.8186462323696054D0,-0.12500000014996D0,6.120487434303703D-17, 0000007P    943
-0.8186462323698291D0,-0.1237743012759076D0,                     0000007P    944
0.001224576861772356D0,-0.8186462323702851D0,                    0000007P    945
-0.1212884859696243D0,0.003639042030720274D0,                    0000007P    946
-0.8186462323709874D0,-0.1174611993935165D0,                     0000007P    947
0.007155964263861343D0,-0.8186462323717041D0,                    0000007P    948
-0.1135399348505341D0,0.01056743975537409D0,                     0000007P    949
-0.8186462323724393D0,-0.1095291067122136D0,                     0000007P    950
0.01387278876721974D0,-0.8186462323731896D0,                     0000007P    951
-0.1054332701378023D0,0.01707190318766091D0,                     0000007P    952
-0.8186462323739545D0,-0.1012569796195789D0,                     0000007P    953
0.02016498097245618D0,-0.8186462323747328D0,                     0000007P    954
-0.09700492898162875D0,0.02315289821950105D0,                    0000007P    955
-0.8186462323755259D0,-0.09268134959667197D0,                    0000007P    956
0.02603616799932266D0,-0.8186462323763299D0,                     0000007P    957
-0.08829006444245079D0,0.02881502779009328D0,                    0000007P    958
-0.8186462323771467D0,-0.08383254548721243D0,                    0000007P    959
0.03148621893004891D0,-0.8186462323779751D0,                     0000007P    960
-0.07931069101515235D0,0.03404687317672114D0,                    0000007P    961
-0.8186462323788148D0,-0.07472677526690137D0,                    0000007P    962
0.03649463681989096D0,-0.8186462323796647D0,                     0000007P    963
-0.07008204632347936D0,0.03882479699780991D0,                    0000007P    964
-0.8186462323805274D0,-0.06537772858344823D0,                    0000007P    965
0.04103200227276083D0,-0.8186462323813993D0,                     0000007P    966
-0.06061499274480779D0,0.04311001924477161D0,                    0000007P    967
-0.8186462323822824D0,-0.05579555510500604D0,                    0000007P    968
0.04505284686670392D0,-0.818646232383175D0,                      0000007P    969
-0.05092155721059629D0,0.04685443315646071D0,                    0000007P    970
-0.8186462323840774D0,-0.04599573040198589D0,                    0000007P    971
0.04850874127280468D0,-0.8186462323849883D0,                     0000007P    972
-0.04102109266226902D0,0.05000951401618011D0,                    0000007P    973
-0.8186462323859081D0,-0.036000969240103D0,                      0000007P    974
0.05135019721355492D0,-0.8186462323868354D0,                     0000007P    975
-0.03093970702817954D0,0.05252573753880146D0,                    0000007P    976
-0.8186462323877688D0,-0.02584195555325105D0,                    0000007P    977
0.05353097165233431D0,-0.8186462323887088D0,                     0000007P    978
-0.02071264536868992D0,0.05435998294860361D0,                    0000007P    979
-0.8186462323896527D0,-0.01555752005234D0,0.05500908010052896D0, 0000007P    980
-0.8186462323906009D0,-0.01038272848268016D0,                    0000007P    981
0.05547581890818282D0,-0.818646232391551D0,                      0000007P    982
-0.005194832647964819D0,0.05576120076306065D0,                   0000007P    983
-0.8186462323921857D0,-0.001731683732543371D0,                   0000007P    984
0.05583058697258282D0,-0.8186462323925031D0,                     0000007P    985
-1.499599617921092D-10,0.05583500758538687D0,                    0000007P    986
-0.816091953953258D0,-0.1250000001494921D0,                      0000007P    987
6.118710921632321D-17,-0.816091953953481D0,                      0000007P    988
-0.1237810989167034D0,0.001237946457029659D0,                    0000007P    989
-0.8160919539539353D0,-0.1213080248636893D0,                     0000007P    990
0.003678771381101013D0,-0.8160919539546314D0,                    0000007P    991
-0.1174974765488194D0,0.007234150629873581D0,                    0000007P    992
-0.8160919539553491D0,-0.1135907700653574D0,                     0000007P    993
0.01068305817706351D0,-0.8160919539560801D0,                     0000007P    994
-0.1095925248431123D0,0.01402487572228154D0,                     0000007P    995
-0.8160919539568284D0,-0.1055074614478392D0,                     0000007P    996
0.01725954850806254D0,-0.8160919539575916D0,                     0000007P    997
-0.1013402859132017D0,0.02038732589340174D0,-0.81609195395837D0, 0000007P    998
-0.09709582230276202D0,0.02340913357662271D0,                    0000007P    999
-0.8160919539591602D0,-0.09277843198042092D0,                    0000007P   1000
0.02632553254534842D0,-0.8160919539599639D0,                     0000007P   1001
-0.08839206089142425D0,0.02913680472666988D0,                    0000007P   1002
-0.8160919539607799D0,-0.08393821118714441D0,                    0000007P   1003
0.03183967534962556D0,-0.8160919539616079D0,                     0000007P   1004
-0.07941882357920242D0,0.03443127245470158D0,                    0000007P   1005
-0.8160919539624467D0,-0.07483622857723123D0,                    0000007P   1006
0.03690926077348037D0,-0.8160919539632983D0,-0.07019167415196D0, 0000007P   1007
0.03926882850130753D0,-0.8160919539641595D0,                     0000007P   1008
-0.06548637111192866D0,0.04150449769437498D0,                    0000007P   1009
-0.816091953965033D0,-0.06072145424859246D0,                     0000007P   1010
0.04360987490141571D0,-0.8160919539659153D0,                     0000007P   1011
-0.05589862505726934D0,0.04557880270735259D0,                    0000007P   1012
-0.8160919539668096D0,-0.05102002224252274D0,                    0000007P   1013
0.04740506629206602D0,-0.8160919539677129D0,                     0000007P   1014
-0.04608842181186542D0,0.04908243483674055D0,                    0000007P   1015
-0.8160919539686258D0,-0.04110687541440734D0,                    0000007P   1016
0.0506044576458215D0,-0.816091953969547D0,-0.0360787323085475D0, 0000007P   1017
0.05196438118954867D0,-0.8160919539704747D0,                     0000007P   1018
-0.03100844095646904D0,0.05315702460631017D0,                    0000007P   1019
-0.8160919539714119D0,-0.02590075898713531D0,                    0000007P   1020
0.05417710660271795D0,-0.8160919539723522D0,                     0000007P   1021
-0.02076072655438279D0,0.05501860971663437D0,                    0000007P   1022
-0.816091953973299D0,-0.01559421339157765D0,                     0000007P   1023
0.05567770458754764D0,-0.8160919539742491D0,                     0000007P   1024
-0.01040750515894952D0,0.05615179019736358D0,                    0000007P   1025
-0.8160919539752025D0,-0.005207328871731515D0,                   0000007P   1026
0.05644166398900033D0,-0.8160919539758374D0,                     0000007P   1027
-0.001735855056324449D0,0.05651201389475866D0,                   0000007P   1028
-0.8160919539761554D0,-1.494920685450842D-10,                    0000007P   1029
0.05651637750766671D0,-0.8135376755369105D0,                     0000007P   1030
-0.1250000001490242D0,6.116934408960938D-17,                     0000007P   1031
-0.8135376755371323D0,-0.123787896557499D0,                      0000007P   1032
0.001251316052286963D0,-0.8135376755375826D0,                    0000007P   1033
-0.1213275637577543D0,0.003718500731481758D0,                    0000007P   1034
-0.8135376755382797D0,-0.1175337537041222D0,                     0000007P   1035
0.0073123369958858D0,-0.813537675538991D0,-0.1136416052801807D0, 0000007P   1036
0.01079867659875296D0,-0.8135376755397212D0,                     0000007P   1037
-0.1096559429740109D0,0.01417696267734333D0,                     0000007P   1038
-0.8135376755404683D0,-0.1055816527578764D0,                     0000007P   1039
0.01744719382846418D0,-0.8135376755412288D0,                     0000007P   1040
-0.1014235922068242D0,0.02060967081434728D0,                     0000007P   1041
-0.813537675542005D0,-0.09718671562389561D0,                     0000007P   1042
0.02366536893374439D0,-0.8135376755427955D0,                     0000007P   1043
-0.09287551436416953D0,0.02661489709137412D0,                    0000007P   1044
-0.8135376755435973D0,-0.0884940573403977D0,                     0000007P   1045
0.02945858166324654D0,-0.8135376755444128D0,                     0000007P   1046
-0.08404387688707633D0,0.03219313176920213D0,                    0000007P   1047
-0.8135376755452403D0,-0.07952695614325259D0,                    0000007P   1048
0.03481567173268205D0,-0.8135376755460795D0,                     0000007P   1049
-0.07494568188756091D0,0.0373238847270696D0,-0.81353767554693D0, 0000007P   1050
-0.07030130198044067D0,0.03971286000480509D0,                    0000007P   1051
-0.813537675547793D0,-0.06559501364040894D0,                     0000007P   1052
0.04197699311598902D0,-0.8135376755486654D0,                     0000007P   1053
-0.06082791575237711D0,0.04410973055805987D0,                    0000007P   1054
-0.8135376755495494D0,-0.05600169500953268D0,                    0000007P   1055
0.04610475854800129D0,-0.8135376755504443D0,                     0000007P   1056
-0.05111848727444918D0,0.04795569942767126D0,                    0000007P   1057
-0.8135376755513488D0,-0.04618111322174492D0,                    0000007P   1058
0.04965612840067646D0,-0.8135376755522624D0,                     0000007P   1059
-0.04119265816654562D0,0.05119940127546296D0,                    0000007P   1060
-0.8135376755531847D0,-0.03615649537699192D0,                    0000007P   1061
0.05257856516554232D0,-0.8135376755541154D0,                     0000007P   1062
-0.0310771748847585D0,0.05378831167381873D0,                     0000007P   1063
-0.8135376755550525D0,-0.02595956242101957D0,                    0000007P   1064
0.0548232415531015D0,-0.8135376755559965D0,                      0000007P   1065
-0.02080880774007567D0,0.05567723648466509D0,                    0000007P   1066
-0.813537675556945D0,-0.01563090673081531D0,                     0000007P   1067
0.0563463290745662D0,-0.8135376755578971D0,                      0000007P   1068
-0.01043228183521883D0,0.05682776148654441D0,                    0000007P   1069
-0.8135376755588519D0,-0.005219825095498205D0,                   0000007P   1070
0.05712212721493991D0,-0.8135376755594895D0,                     0000007P   1071
-0.001740026380105526D0,0.05719344081693437D0,                   0000007P   1072
-0.8135376755598085D0,-1.490241768067539D-10,                    0000007P   1073
0.05719774742994653D0,-0.8109833971205634D0,                     0000007P   1074
-0.1250000001485563D0,6.115157896289558D-17,                     0000007P   1075
-0.8109833971207844D0,-0.123794694198295D0,                      0000007P   1076
0.001264685647544268D0,-0.810983397121233D0,                     0000007P   1077
-0.1213471026518194D0,0.003758230081862496D0,                    0000007P   1078
-0.8109833971219238D0,-0.1175700308594251D0,                     0000007P   1079
0.00739052336189804D0,-0.8109833971226352D0,                     0000007P   1080
-0.1136924404950041D0,0.01091429502044238D0,                     0000007P   1081
-0.8109833971233623D0,-0.1097193611049096D0,                     0000007P   1082
0.01432904963240513D0,-0.8109833971241057D0,                     0000007P   1083
-0.1056558440679133D0,0.01763483914886579D0,                     0000007P   1084
-0.8109833971248669D0,-0.101506898500447D0,                      0000007P   1085
0.02083201573529286D0,-0.8109833971256414D0,                     0000007P   1086
-0.09727760894502903D0,0.02392160429086604D0,                    0000007P   1087
-0.8109833971264303D0,-0.09297259674791837D0,                    0000007P   1088
0.02690426163739985D0,-0.8109833971272317D0,                     0000007P   1089
-0.0885960537893713D0,0.02978035859982317D0,                     0000007P   1090
-0.8109833971280471D0,-0.08414954258700837D0,                    0000007P   1091
0.03254658818877874D0,-0.8109833971288725D0,                     0000007P   1092
-0.07963508870730265D0,0.03520007101066251D0,                    0000007P   1093
-0.8109833971297126D0,-0.07505513519789068D0,                    0000007P   1094
0.03773850868065893D0,-0.8109833971305629D0,                     0000007P   1095
-0.0704109298089213D0,0.0401568915083027D0,                      0000007P   1096
-0.8109833971314256D0,-0.06570365616888936D0,                    0000007P   1097
0.04244948853760318D0,-0.8109833971322987D0,                     0000007P   1098
-0.06093437725616185D0,0.04460958621470404D0,                    0000007P   1099
-0.8109833971331837D0,-0.05610476496179594D0,                    0000007P   1100
0.04663071438864994D0,-0.8109833971340785D0,                     0000007P   1101
-0.05121695230637566D0,0.04850633256327655D0,                    0000007P   1102
-0.8109833971349848D0,-0.04627380463162445D0,                    0000007P   1103
0.05022982196461224D0,-0.8109833971359001D0,                     0000007P   1104
-0.04127844091868388D0,0.05179434490510434D0,                    0000007P   1105
-0.8109833971368234D0,-0.03623425844543644D0,                    0000007P   1106
0.05319274914153602D0,-0.8109833971377561D0,                     0000007P   1107
-0.03114590881304802D0,0.05441959874132747D0,                    0000007P   1108
-0.8109833971386947D0,-0.02601836585490383D0,                    0000007P   1109
0.05546937650348507D0,-0.8109833971396406D0,                     0000007P   1110
-0.02085688892576858D0,0.05633586325269587D0,                    0000007P   1111
-0.8109833971405909D0,-0.01566760007005299D0,                    0000007P   1112
0.0570149535615849D0,-0.8109833971415458D0,                      0000007P   1113
-0.01045705851148816D0,0.05750373277572515D0,                    0000007P   1114
-0.8109833971425037D0,-0.005232321319264872D0,                   0000007P   1115
0.05780259044087958D0,-0.8109833971431409D0,                     0000007P   1116
-0.001744197703886612D0,0.0578748677391102D0,                    0000007P   1117
-0.8109833971434612D0,-1.485562870198807D-10,                    0000007P   1118
0.05787911735222637D0,-0.8084291187042159D0,                     0000007P   1119
-0.1250000001480884D0,6.113381383618175D-17,                     0000007P   1120
-0.8084291187044356D0,-0.1238014918390905D0,                     0000007P   1121
0.001278055242801572D0,-0.8084291187048812D0,                    0000007P   1122
-0.1213666415458844D0,0.003797959432243235D0,                    0000007P   1123
-0.8084291187055707D0,-0.1176063080147279D0,                     0000007P   1124
0.00746870972791026D0,-0.8084291187062785D0,                     0000007P   1125
-0.1137432757098273D0,0.01102991344213182D0,                     0000007P   1126
-0.8084291187070026D0,-0.1097827792358082D0,                     0000007P   1127
0.01448113658746693D0,-0.8084291187077468D0,                     0000007P   1128
-0.1057300353779505D0,0.01782248446926738D0,                     0000007P   1129
-0.8084291187085033D0,-0.1015902047940697D0,                     0000007P   1130
0.02105436065623841D0,-0.808429118709277D0,                      0000007P   1131
-0.09736850226616246D0,0.02417783964798769D0,                    0000007P   1132
-0.8084291187100653D0,-0.09306967913166705D0,                    0000007P   1133
0.02719362618342556D0,-0.8084291187108658D0,                     0000007P   1134
-0.08869805023834475D0,0.03010213553639982D0,                    0000007P   1135
-0.8084291187116796D0,-0.0842552082869403D0,                     0000007P   1136
0.03290004460835527D0,-0.8084291187125061D0,                     0000007P   1137
-0.07974322127135271D0,0.03558447028864295D0,                    0000007P   1138
-0.8084291187133448D0,-0.0751645885082204D0,                     0000007P   1139
0.03815313263424828D0,-0.8084291187141953D0,                     0000007P   1140
-0.07052055763740203D0,0.04060092301180027D0,                    0000007P   1141
-0.8084291187150575D0,-0.06581229869736965D0,                    0000007P   1142
0.04292198395921731D0,-0.8084291187159321D0,                     0000007P   1143
-0.06104083875994647D0,0.04510944187134806D0,                    0000007P   1144
-0.8084291187168164D0,-0.05620783491405924D0,                    0000007P   1145
0.04715667022929866D0,-0.8084291187177137D0,                     0000007P   1146
-0.05131541733830206D0,0.04905696569888177D0,                    0000007P   1147
-0.8084291187186199D0,-0.04636649604150397D0,                    0000007P   1148
0.05080351552854821D0,-0.8084291187195362D0,                     0000007P   1149
-0.04136422367082216D0,0.05238928853474575D0,                    0000007P   1150
-0.8084291187204617D0,-0.0363120215138809D0,                     0000007P   1151
0.05380693311752968D0,-0.8084291187213953D0,                     0000007P   1152
-0.03121464274133749D0,0.05505088580883608D0,                    0000007P   1153
-0.8084291187223364D0,-0.02607716928878811D0,                    0000007P   1154
0.05611551145386862D0,-0.8084291187232837D0,                     0000007P   1155
-0.02090497011146145D0,0.0569944900207266D0,                     0000007P   1156
-0.8084291187242371D0,-0.0157042934092907D0,                     0000007P   1157
0.05768357804860347D0,-0.8084291187251929D0,                     0000007P   1158
-0.01048183518775746D0,0.05817970406490591D0,                    0000007P   1159
-0.8084291187261523D0,-0.005244817543031533D0,                   0000007P   1160
0.05848305366681919D0,-0.8084291187267943D0,                     0000007P   1161
-0.001748369027667698D0,0.05855629466128588D0,                   0000007P   1162
-0.8084291187271133D0,-1.480883979924484D-10,                    0000007P   1163
0.05856048727450616D0,-0.8058748402878683D0,                     0000007P   1164
-0.1250000001476205D0,6.111604870946791D-17,                     0000007P   1165
-0.8058748402880861D0,-0.1238082894798863D0,                     0000007P   1166
0.001291424838058874D0,-0.8058748402885303D0,                    0000007P   1167
-0.1213861804399494D0,0.003837688782623984D0,                    0000007P   1168
-0.805874840289216D0,-0.1176425851700306D0,                      0000007P   1169
0.007546896093922477D0,-0.8058748402899211D0,                    0000007P   1170
-0.1137941109246508D0,0.01114553186382127D0,                     0000007P   1171
-0.8058748402906445D0,-0.1098461973667067D0,                     0000007P   1172
0.01463322354252872D0,-0.8058748402913839D0,                     0000007P   1173
-0.1058042266879876D0,0.01801012978966902D0,                     0000007P   1174
-0.8058748402921416D0,-0.1016735110876923D0,                     0000007P   1175
0.02127670557718397D0,-0.8058748402929133D0,                     0000007P   1176
-0.09745939558729587D0,0.02443407500510935D0,                    0000007P   1177
-0.8058748402936997D0,-0.09316676151541588D0,                    0000007P   1178
0.02748299072945132D0,-0.8058748402944991D0,                     0000007P   1179
-0.08880004668731817D0,0.03042391247297642D0,                    0000007P   1180
-0.8058748402953126D0,-0.08436087398687235D0,                    0000007P   1181
0.03325350102793194D0,-0.8058748402961385D0,                     0000007P   1182
-0.07985135383540282D0,0.03596886956662342D0,                    0000007P   1183
-0.8058748402969773D0,-0.07527404181855021D0,                    0000007P   1184
0.03856775658783754D0,-0.8058748402978276D0,                     0000007P   1185
-0.07063018546588259D0,0.04104495451529791D0,                    0000007P   1186
-0.8058748402986902D0,-0.06592094122585003D0,                    0000007P   1187
0.04339447938083136D0,-0.8058748402995656D0,                     0000007P   1188
-0.06114730026373113D0,0.04560929752799231D0,                    0000007P   1189
-0.8058748403004502D0,-0.05631090486632254D0,                    0000007P   1190
0.04768262606994728D0,-0.8058748403013484D0,                     0000007P   1191
-0.05141388237022854D0,0.04960759883448705D0,                    0000007P   1192
-0.8058748403022558D0,-0.04645918745138341D0,                    0000007P   1193
0.05137720909248397D0,-0.8058748403031737D0,                     0000007P   1194
-0.04145000642296046D0,0.05298423216438716D0,                    0000007P   1195
-0.8058748403040999D0,-0.03638978458232534D0,                    0000007P   1196
0.05442111709352333D0,-0.8058748403050362D0,                     0000007P   1197
-0.03128337666962699D0,0.05568217287634472D0,                    0000007P   1198
-0.8058748403059783D0,-0.0261359727226724D0,                     0000007P   1199
0.05676164640425228D0,-0.805874840306928D0,                      0000007P   1200
-0.02095305129715436D0,0.05765311678875731D0,                    0000007P   1201
-0.8058748403078821D0,-0.01574098674852839D0,                    0000007P   1202
0.05835220253562216D0,-0.8058748403088416D0,                     0000007P   1203
-0.01050661186402677D0,0.05885567535408669D0,                    0000007P   1204
-0.8058748403098034D0,-0.005257313766798196D0,                   0000007P   1205
0.05916351689275874D0,-0.8058748403104442D0,                     0000007P   1206
-0.001752540351448785D0,0.05923772158346176D0,                   0000007P   1207
-0.8058748403107663D0,-1.476205078691616D-10,                    0000007P   1208
0.05924185719678599D0,-0.8033205618715211D0,                     0000007P   1209
-0.1250000001471526D0,6.109828358275408D-17,                     0000007P   1210
-0.8033205618717378D0,-0.123815087120682D0,                      0000007P   1211
0.001304794433316178D0,-0.8033205618721796D0,                    0000007P   1212
-0.1214057193340145D0,0.003877418133004718D0,                    0000007P   1213
-0.8033205618728623D0,-0.1176788623253335D0,                     0000007P   1214
0.007625082459934714D0,-0.8033205618735647D0,                    0000007P   1215
-0.113844946139474D0,0.01126115028551069D0,                      0000007P   1216
-0.8033205618742847D0,-0.1099096154976054D0,                     0000007P   1217
0.01478531049759053D0,-0.8033205618750239D0,                     0000007P   1218
-0.1058784179980246D0,0.01819777511007063D0,                     0000007P   1219
-0.8033205618757782D0,-0.101756817381315D0,                      0000007P   1220
0.02149905049812954D0,-0.8033205618765489D0,                     0000007P   1221
-0.09755028890842939D0,0.02469031036223101D0,                    0000007P   1222
-0.8033205618773344D0,-0.0932638438991646D0,0.027772355275477D0, 0000007P   1223
-0.8033205618781338D0,-0.08890204313629173D0,                    0000007P   1224
0.03074568940955305D0,-0.8033205618789462D0,                     0000007P   1225
-0.0844665396868042D0,0.03360695744750847D0,                     0000007P   1226
-0.8033205618797711D0,-0.07995948639945294D0,                    0000007P   1227
0.03635326884460391D0,-0.8033205618806104D0,                     0000007P   1228
-0.07538349512887985D0,0.03898238054142686D0,                    0000007P   1229
-0.8033205618814599D0,-0.07073981329436334D0,                    0000007P   1230
0.04148898601879546D0,-0.803320561882323D0,                      0000007P   1231
-0.06602958375433035D0,0.04386697480244552D0,                    0000007P   1232
-0.8033205618831977D0,-0.06125376176751583D0,                    0000007P   1233
0.04610915318463635D0,-0.8033205618840848D0,                     0000007P   1234
-0.0564139748185858D0,0.04820858191059595D0,                     0000007P   1235
-0.803320561884982D0,-0.05151234740215494D0,                     0000007P   1236
0.05015823197009233D0,-0.8033205618858916D0,                     0000007P   1237
-0.04655187886126301D0,0.05195090265641983D0,                    0000007P   1238
-0.8033205618868101D0,-0.04153578917509874D0,                    0000007P   1239
0.05357917579402859D0,-0.8033205618877383D0,                     0000007P   1240
-0.03646754765076982D0,0.05503530106951701D0,                    0000007P   1241
-0.8033205618886754D0,-0.03135211059791644D0,                    0000007P   1242
0.05631345994385339D0,-0.8033205618896198D0,                     0000007P   1243
-0.02619477615655666D0,0.05740778135463585D0,                    0000007P   1244
-0.8033205618905718D0,-0.02100113248284724D0,                    0000007P   1245
0.05831174355678807D0,-0.8033205618915282D0,                     0000007P   1246
-0.01577768008776609D0,0.05902082702264073D0,                    0000007P   1247
-0.8033205618924899D0,-0.01053138854029606D0,                    0000007P   1248
0.05953164664326743D0,-0.8033205618934528D0,                     0000007P   1249
-0.005269809990564876D0,0.0598439801186984D0,                    0000007P   1250
-0.8033205618940973D0,-0.001756711675229871D0,                   0000007P   1251
0.05991914850563744D0,-0.8033205618944187D0,                     0000007P   1252
-1.471526151511821D-10,0.05992322711906582D0,                    0000007P   1253
-0.8007662834551738D0,-0.1250000001466847D0,                     0000007P   1254
6.108051845604031D-17,-0.8007662834553892D0,                     0000007P   1255
-0.1238218847614778D0,0.001318164028573485D0,                    0000007P   1256
-0.8007662834558286D0,-0.1214252582280794D0,                     0000007P   1257
0.003917147483385465D0,-0.800766283456508D0,                     0000007P   1258
-0.1177151394806363D0,0.007703268825946942D0,                    0000007P   1259
-0.8007662834572086D0,-0.1138957813542974D0,                     0000007P   1260
0.01137676870720014D0,-0.8007662834579264D0,                     0000007P   1261
-0.1099730336285041D0,0.01493739745265233D0,                     0000007P   1262
-0.8007662834586627D0,-0.1059526093080617D0,                     0000007P   1263
0.01838542043047227D0,-0.8007662834594168D0,                     0000007P   1264
-0.1018401236749377D0,0.0217213954190751D0,                      0000007P   1265
-0.8007662834601857D0,-0.09764118222956288D0,                    0000007P   1266
0.02494654571935271D0,-0.8007662834609693D0,                     0000007P   1267
-0.0933609262829135D0,0.02806171982150276D0,                     0000007P   1268
-0.8007662834617675D0,-0.08900403958526526D0,                    0000007P   1269
0.03106746634612972D0,-0.8007662834625796D0,                     0000007P   1270
-0.08457220538673629D0,0.03396041386708511D0,                    0000007P   1271
-0.8007662834634047D0,-0.08006761896350308D0,                    0000007P   1272
0.03673766812258435D0,-0.8007662834642424D0,                     0000007P   1273
-0.07549294843920969D0,0.03939700449501621D0,                    0000007P   1274
-0.8007662834650933D0,-0.07084944112284404D0,                    0000007P   1275
0.0419330175222931D0,-0.8007662834659562D0,                      0000007P   1276
-0.06613822628281067D0,0.04433947022405968D0,                    0000007P   1277
-0.8007662834668318D0,-0.06136022327130054D0,                    0000007P   1278
0.04660900884128055D0,-0.8007662834677177D0,                     0000007P   1279
-0.05651704477084912D0,0.04873453775124471D0,                    0000007P   1280
-0.8007662834686179D0,-0.05161081243408149D0,                    0000007P   1281
0.05070886510569758D0,-0.8007662834695271D0,                     0000007P   1282
-0.0466445702711425D0,0.0525245962203558D0,-0.800766283470447D0, 0000007P   1283
-0.04162157192723702D0,0.05417411942366995D0,                    0000007P   1284
-0.8007662834713778D0,-0.03654531071921431D0,                    0000007P   1285
0.05564948504551077D0,-0.8007662834723155D0,                     0000007P   1286
-0.03142084452620592D0,0.05694474701136207D0,                    0000007P   1287
-0.8007662834732623D0,-0.02625357959044092D0,                    0000007P   1288
0.05805391630501944D0,-0.800766283474216D0,                      0000007P   1289
-0.02104921366854012D0,0.05897037032481885D0,                    0000007P   1290
-0.8007662834751738D0,-0.01581437342700373D0,                    0000007P   1291
0.0596894515096594D0,-0.8007662834761378D0,                      0000007P   1292
-0.01055616521656544D0,0.06020761793244819D0,                    0000007P   1293
-0.800766283477104D0,-0.005282306214331572D0,                    0000007P   1294
0.06052444334463809D0,-0.8007662834777485D0,                     0000007P   1295
-0.001760882999010953D0,0.06060057542781326D0,                   0000007P   1296
-0.8007662834780713D0,-1.466847175319959D-10,                    0000007P   1297
0.06060459704134568D0,-0.7982120050388264D0,                     0000007P   1298
-0.1250000001462168D0,6.106275332932644D-17,                     0000007P   1299
-0.7982120050390406D0,-0.1238286824022735D0,                     0000007P   1300
0.001331533623830786D0,-0.7982120050394774D0,                    0000007P   1301
-0.1214447971221445D0,0.00395687683376621D0,                     0000007P   1302
-0.798212005040155D0,-0.1177514166359392D0,                      0000007P   1303
0.00778145519195917D0,-0.7982120050408507D0,                     0000007P   1304
-0.1139466165691208D0,0.01149238712888957D0,                     0000007P   1305
-0.7982120050415673D0,-0.1100364517594027D0,                     0000007P   1306
0.01508948440771412D0,-0.7982120050423023D0,                     0000007P   1307
-0.1060268006180988D0,0.01857306575087387D0,                     0000007P   1308
-0.798212005043053D0,-0.1019234299685605D0,                      0000007P   1309
0.02194374034002067D0,-0.7982120050438209D0,                     0000007P   1310
-0.0977320755506963D0,0.02520278107647436D0,                     0000007P   1311
-0.7982120050446045D0,-0.09345800866666212D0,                    0000007P   1312
0.02835108436752851D0,-0.7982120050454016D0,                     0000007P   1313
-0.08910603603423863D0,0.03138924328270632D0,                    0000007P   1314
-0.7982120050462127D0,-0.0846778710866682D0,                     0000007P   1315
0.03431387028666169D0,-0.7982120050470375D0,                     0000007P   1316
-0.08017575152755312D0,0.03712206740056485D0,                    0000007P   1317
-0.7982120050478746D0,-0.07560240174953939D0,                    0000007P   1318
0.03981162844860547D0,-0.7982120050487257D0,                     0000007P   1319
-0.0709590689513246D0,0.04237704902579069D0,                     0000007P   1320
-0.7982120050495873D0,-0.06624686881129105D0,                    0000007P   1321
0.04481196564567373D0,-0.7982120050504652D0,                     0000007P   1322
-0.06146668477508512D0,0.04710886449792469D0,                    0000007P   1323
-0.7982120050513525D0,-0.05662011472311246D0,                    0000007P   1324
0.04926049359189335D0,-0.7982120050522516D0,                     0000007P   1325
-0.05170927746600786D0,0.05125949824130289D0,                    0000007P   1326
-0.7982120050531629D0,-0.04673726168102207D0,                    0000007P   1327
0.05309828978429152D0,-0.7982120050540843D0,                     0000007P   1328
-0.04170735467937531D0,0.05476906305331139D0,                    0000007P   1329
-0.7982120050550152D0,-0.03662307378765874D0,                    0000007P   1330
0.05626366902150434D0,-0.7982120050559559D0,                     0000007P   1331
-0.03148957845449536D0,0.05757603407887072D0,                    0000007P   1332
-0.7982120050569043D0,-0.02631238302432513D0,                    0000007P   1333
0.058700051255403D0,-0.7982120050578591D0,                       0000007P   1334
-0.02109729485423296D0,0.05962899709284959D0,                    0000007P   1335
-0.7982120050588211D0,-0.01585106676624139D0,                    0000007P   1336
0.06035807599667804D0,-0.798212005059786D0,                      0000007P   1337
-0.01058094189283477D0,0.06088358922162897D0,                    0000007P   1338
-0.7982120050607536D0,-0.005294802438098287D0,                   0000007P   1339
0.06120490657057763D0,-0.798212005061401D0,                      0000007P   1340
-0.001765054322792036D0,0.06128200234998908D0,                   0000007P   1341
-0.798212005061724D0,-1.462168210619187D-10,                     0000007P   1342
0.0612859669636255D0,-0.7956577266224788D0,-0.125000000145749D0, 0000007P   1343
6.104498820261266D-17,-0.7956577266226924D0,                     0000007P   1344
-0.1238354800430692D0,0.001344903219088092D0,                    0000007P   1345
-0.7956577266231267D0,-0.1214643360162095D0,                     0000007P   1346
0.003996606184146949D0,-0.7956577266237995D0,                    0000007P   1347
-0.1177876937912421D0,0.007859641557971404D0,                    0000007P   1348
-0.7956577266244956D0,-0.1139974517839441D0,                     0000007P   1349
0.01160800555057902D0,-0.7956577266252089D0,                     0000007P   1350
-0.1100998698903014D0,0.01524157136277593D0,                     0000007P   1351
-0.7956577266259405D0,-0.1061009919281359D0,                     0000007P   1352
0.01876071107127553D0,-0.7956577266266914D0,                     0000007P   1353
-0.1020067362621831D0,0.02216608526096624D0,                     0000007P   1354
-0.7956577266274573D0,-0.0978229688718298D0,                     0000007P   1355
0.02545901643359604D0,-0.7956577266282391D0,                     0000007P   1356
-0.09355509105041096D0,0.02864044891355422D0,                    0000007P   1357
-0.795657726629035D0,-0.08920803248321227D0,0.031711020219283D0, 0000007P   1358
-0.7956577266298464D0,-0.08478353678660022D0,                    0000007P   1359
0.03466732670623829D0,-0.7956577266306704D0,                     0000007P   1360
-0.0802838840916032D0,0.03750646667854529D0,                     0000007P   1361
-0.7956577266315084D0,-0.07571185505986919D0,                    0000007P   1362
0.04022625240219482D0,-0.7956577266323573D0,                     0000007P   1363
-0.07106869677980528D0,0.04282108052928824D0,                    0000007P   1364
-0.7956577266332227D0,-0.06635551133977141D0,                    0000007P   1365
0.04528446106728794D0,-0.7956577266340972D0,                     0000007P   1366
-0.06157314627886984D0,0.04760872015456884D0,                    0000007P   1367
-0.7956577266349858D0,-0.05672318467537576D0,                    0000007P   1368
0.04978644943254207D0,-0.7956577266358864D0,                     0000007P   1369
-0.05180774249793439D0,0.05181013137690813D0,                    0000007P   1370
-0.7956577266367978D0,-0.04682995309090154D0,                    0000007P   1371
0.05367198334822755D0,-0.7956577266377218D0,                     0000007P   1372
-0.04179313743151362D0,0.05536400668295273D0,                    0000007P   1373
-0.7956577266386531D0,-0.03670083685610319D0,                    0000007P   1374
0.05687785299749808D0,-0.7956577266395964D0,                     0000007P   1375
-0.0315583123827848D0,0.05820732114637936D0,                     0000007P   1376
-0.7956577266405457D0,-0.02637118645820942D0,                    0000007P   1377
0.05934618620578654D0,-0.7956577266415027D0,                     0000007P   1378
-0.02114537603992581D0,0.06028762386088035D0,                    0000007P   1379
-0.795657726642466D0,-0.01588776010547905D0,                     0000007P   1380
0.0610267004836966D0,-0.7956577266434336D0,                      0000007P   1381
-0.01060571856910413D0,0.0615595605108098D0,                     0000007P   1382
-0.795657726644405D0,-0.005307298661864982D0,                    0000007P   1383
0.06188536979651726D0,-0.795657726645053D0,                      0000007P   1384
-0.001769225646573119D0,0.06196342927216487D0,                   0000007P   1385
-0.7956577266453764D0,-1.457489330062662D-10,                    0000007P   1386
0.06196733688590535D0,-0.7939548743449137D0,                     0000007P   1387
-0.1250000001454369D0,6.10331447848034D-17,-0.793954874345126D0, 0000007P   1388
-0.1238400118035996D0,0.00135381628259296D0,                     0000007P   1389
-0.7939548743455588D0,-0.1214773619455861D0,                     0000007P   1390
0.004023092417734108D0,-0.7939548743462311D0,                    0000007P   1391
-0.1178118785614439D0,0.007911765801979552D0,                    0000007P   1392
-0.7939548743469224D0,-0.1140313419271597D0,                     0000007P   1393
0.01168508449837196D0,-0.7939548743476355D0,                     0000007P   1394
-0.1101421486442338D0,0.01534296266615045D0,                     0000007P   1395
-0.7939548743483664D0,-0.1061504528014938D0,                     0000007P   1396
0.01888580795154324D0,-0.7939548743491155D0,                     0000007P   1397
-0.1020622737912649D0,0.02231431520826327D0,                     0000007P   1398
-0.7939548743498807D0,-0.097883564419252D0,                      0000007P   1399
0.02562984000501048D0,-0.7939548743506625D0,                     0000007P   1400
-0.09361981263957674D0,0.02883335861090469D0,                    0000007P   1401
-0.7939548743514576D0,-0.08927603011586117D0,                    0000007P   1402
0.03192553817700074D0,-0.7939548743522673D0,                     0000007P   1403
-0.08485398058655473D0,0.03490296431928934D0,                    0000007P   1404
-0.7939548743530916D0,-0.08035597246763655D0,                    0000007P   1405
0.0377627328638656D0,-0.7939548743539283D0,                      0000007P   1406
-0.0757848239334223D0,0.04050266837125428D0,                     0000007P   1407
-0.7939548743547797D0,-0.07114178199879241D0,                    0000007P   1408
0.04311710153162003D0,-0.7939548743556425D0,                     0000007P   1409
-0.0664279396920915D0,0.04559945801503062D0,                     0000007P   1410
-0.7939548743565191D0,-0.06164412061472634D0,                    0000007P   1411
0.04794195725899825D0,-0.7939548743574086D0,                     0000007P   1412
-0.05679189797688463D0,0.05013708665964114D0,                    0000007P   1413
-0.7939548743583089D0,-0.05187338585255196D0,                    0000007P   1414
0.05217722013397834D0,-0.7939548743592221D0,                     0000007P   1415
-0.04689174736415461D0,0.05405444572418463D0,                    0000007P   1416
-0.7939548743601449D0,-0.04185032593293913D0,                    0000007P   1417
0.05576063576938038D0,-0.7939548743610791D0,                     0000007P   1418
-0.03675267890173285D0,0.05728730898149381D0,                    0000007P   1419
-0.7939548743620216D0,-0.03160413500164448D0,                    0000007P   1420
0.05862817919138515D0,-0.7939548743629734D0,                     0000007P   1421
-0.0264103887474656D0,0.05977694283937562D0,                     0000007P   1422
-0.7939548743639322D0,-0.02117743016372109D0,                    0000007P   1423
0.0607267083729008D0,-0.7939548743648965D0,                      0000007P   1424
-0.01591222233163751D0,0.06147245014170902D0,                    0000007P   1425
-0.7939548743658653D0,-0.01062223635328366D0,                    0000007P   1426
0.06201020803693023D0,-0.7939548743668379D0,                     0000007P   1427
-0.005315629477709428D0,0.06233901194714372D0,                   0000007P   1428
-0.7939548743674865D0,-0.001772006529093848D0,                   0000007P   1429
0.06241771388694864D0,-0.7939548743678112D0,                     0000007P   1430
-1.454370178739195D-10,0.0624215835007585D0,                     0000007P   1431
-0.7931034482061312D0,-0.125000000145281D0,                      0000007P   1432
6.102722307589879D-17,-0.7931034482063429D0,                     0000007P   1433
-0.1238422776838649D0,0.001358272814345394D0,                    0000007P   1434
-0.7931034482067756D0,-0.1214838749102745D0,                     0000007P   1435
0.004036335534527688D0,-0.7931034482074456D0,                    0000007P   1436
-0.1178239709465448D0,0.007937827923983625D0,                    0000007P   1437
-0.7931034482081376D0,-0.1140482869987674D0,                     0000007P   1438
0.01172362397226844D0,-0.7931034482088489D0,-0.1101632880212D0,  0000007P   1439
0.01539365831783772D0,-0.7931034482095792D0,                     0000007P   1440
-0.1061751832381729D0,0.01894835639167712D0,                     0000007P   1441
-0.7931034482103279D0,-0.1020900425558058D0,                     0000007P   1442
0.02238843018191179D0,-0.793103448211093D0,                      0000007P   1443
-0.09791386219296321D0,0.02571525179071768D0,                    0000007P   1444
-0.7931034482118738D0,-0.0936521734341597D0,                     0000007P   1445
0.02892981345957994D0,-0.7931034482126691D0,                     0000007P   1446
-0.08931002893218566D0,0.03203279715585962D0,                    0000007P   1447
-0.7931034482134791D0,-0.08488920248653213D0,                    0000007P   1448
0.03502078312581487D0,-0.7931034482143025D0,                     0000007P   1449
-0.08039201665565329D0,0.03789086595652572D0,                    0000007P   1450
-0.7931034482151401D0,-0.07582130837019889D0,                    0000007P   1451
0.04064087635578408D0,-0.79310344821599D0,                       0000007P   1452
-0.07117832460828592D0,0.04326511203278585D0,                    0000007P   1453
-0.793103448216854D0,-0.0664641538682517D0,0.045756956488902D0,  0000007P   1454
-0.7931034482177305D0,-0.06167960778265454D0,                    0000007P   1455
0.04810857581121294D0,-0.7931034482186192D0,                     0000007P   1456
-0.05682625462763907D0,0.05031240527319072D0,                    0000007P   1457
-0.7931034482195208D0,-0.05190620752986083D0,                    0000007P   1458
0.05236076451251342D0,-0.7931034482204333D0,                     0000007P   1459
-0.0469226445007811D0,0.0542456769121633D0,                      0000007P   1460
-0.7931034482213576D0,-0.04187892018365189D0,                    0000007P   1461
0.05595895031259417D0,-0.7931034482222916D0,                     0000007P   1462
-0.03677859992454766D0,0.05749203697349172D0,                    0000007P   1463
-0.7931034482232353D0,-0.03162704631107432D0,                    0000007P   1464
0.05883860821388798D0,-0.7931034482241872D0,                     0000007P   1465
-0.0264299898920937D0,0.05999232115617013D0,                     0000007P   1466
-0.7931034482251468D0,-0.02119345722561874D0,                    0000007P   1467
0.06094625062891106D0,-0.7931034482261117D0,                     0000007P   1468
-0.01592445344471675D0,0.06169532497071523D0,                    0000007P   1469
-0.7931034482270817D0,-0.01063049524537343D0,                    0000007P   1470
0.06223553179999049D0,-0.7931034482280542D0,                     0000007P   1471
-0.005319794885631642D0,0.06256583302245687D0,                   0000007P   1472
-0.7931034482287042D0,-0.001773396970354214D0,                   0000007P   1473
0.06264485619434057D0,-0.7931034482290289D0,                     0000007P   1474
-1.452810640411888D-10,0.06264870680818513D0,0.0D0,              0000007P   1475
0.1393782175914308D0,0.0D0,0.0701661329086965D0;                 0000007P   1476
126,3,3,1,0,1,0,0.0D0,0.0D0,0.0D0,0.0D0,0.06896447852294886D0,   0000009P   1477
0.06896447852294886D0,0.06896447852294886D0,                     0000009P   1478
0.06896447852294886D0,1.0D0,1.0D0,1.0D0,1.0D0,                   0000009P   1479
0.0008286428417169257D0,0.07016613290868903D0,0.0D0,             0000009P   1480
0.000969877579604013D0,0.04677698713131693D0,0.0D0,              0000009P   1481
0.001144799055149284D0,0.02338829293222761D0,0.0D0,              0000009P   1482
0.00139565466761486D0,0.0D0,0.0D0,0.0D0,0.06896447852294886D0,   0000009P   1483
0.0D0,0.0D0,1.0D0;                                               0000009P   1484
126,1,1,1,0,1,0,-0.1379825629238159D0,-0.1379825629238159D0,     0000011P   1485
-0.0D0,-0.0D0,1.0D0,1.0D0,0.00139565466761486D0,0.0D0,0.0D0,     0000011P   1486
0.1393782175914308D0,0.0D0,0.0D0,-0.1379825629238159D0,-0.0D0,   0000011P   1487
0.0D0,0.0D0,1.0D0;                                               0000011P   1488
126,1,1,1,0,1,0,-0.0701661329086965D0,-0.0701661329086965D0,     0000013P   1489
-0.0D0,-0.0D0,1.0D0,1.0D0,0.1393782175914308D0,0.0D0,0.0D0,      0000013P   1490
0.1393782175914308D0,0.0701661329086965D0,0.0D0,                 0000013P   1491
-0.0701661329086965D0,-0.0D0,0.0D0,0.0D0,1.0D0;                  0000013P   1492
126,1,1,1,0,1,0,-0.1385495747497139D0,-0.1385495747497139D0,     0000015P   1493
-0.0D0,-0.0D0,1.0D0,1.0D0,0.1393782175914308D0,                  0000015P   1494
0.0701661329086965D0,0.0D0,0.0008286428417169257D0,              0000015P   1495
0.07016613290868903D0,0.0D0,-0.1385495747497139D0,-0.0D0,0.0D0,  0000015P   1496
0.0D0,1.0D0;                                                     0000015P   1497
102,4,9,11,13,15;                                                0000017P   1498
126,3,3,1,0,1,0,0.0D0,0.0D0,0.0D0,0.0D0,0.06896447852294886D0,   0000019P   1499
0.06896447852294886D0,0.06896447852294886D0,                     0000019P   1500
0.06896447852294886D0,1.0D0,1.0D0,1.0D0,1.0D0,                   0000019P   1501
-0.7931034482062411D0,-0.1244408223717934D0,                     0000019P   1502
0.0006526130158352518D0,-0.8160923813211819D0,                   0000019P   1503
-0.1243160677322877D0,0.0007057767610965767D0,                   0000019P   1504
-0.8390808705848036D0,-0.1241550449893594D0,                     0000019P   1505
0.0007587374783445565D0,-0.8620689654477104D0,                   0000019P   1506
-0.1239099440662D0,0.0008057915889203811D0,0.0D0,                0000019P   1507
0.06896447852294886D0,-0.0054266460279244D0,                     0000019P   1508
-0.9999852756480405D0,0.0D0;                                     0000019P   1509
126,29,3,1,0,1,0,0.001395654265058138D0,0.001395654265058138D0,  0000021P   1510
0.001395654265058138D0,0.001395654265058138D0,                   0000021P   1511
0.005162155815521869D0,0.01032431203767222D0,                    0000021P   1512
0.01548646825982256D0,0.0206486244819729D0,                      0000021P   1513
0.02581078070412324D0,0.03097293692627359D0,                     0000021P   1514
0.03613509314842394D0,0.04129724937057427D0,                     0000021P   1515
0.04645940559272461D0,0.05162156181487496D0,                     0000021P   1516
0.0567837180370253D0,0.06194587425917564D0,                      0000021P   1517
0.06710803048132598D0,0.07227018670347635D0,                     0000021P   1518
0.07743234292562667D0,0.08259449914777703D0,                     0000021P   1519
0.08775665536992736D0,0.09291881159207771D0,                     0000021P   1520
0.09808096781422804D0,0.1032431240363784D0,0.1084052802585287D0, 0000021P   1521
0.1135674364806791D0,0.1187295927028294D0,0.1238917489249798D0,  0000021P   1522
0.1290539051471301D0,0.1342160613692804D0,0.1393782175914308D0,  0000021P   1523
0.1393782175914308D0,0.1393782175914308D0,0.1393782175914308D0,  0000021P   1524
1.0D0,1.0D0,1.0D0,1.0D0,1.0D0,1.0D0,1.0D0,1.0D0,1.0D0,1.0D0,     0000021P   1525
1.0D0,1.0D0,1.0D0,1.0D0,1.0D0,1.0D0,1.0D0,1.0D0,1.0D0,1.0D0,     0000021P   1526
1.0D0,1.0D0,1.0D0,1.0D0,1.0D0,1.0D0,1.0D0,1.0D0,1.0D0,1.0D0,     0000021P   1527
-0.8620689654477103D0,-0.1239099440662D0,                        0000021P   1528
0.0008057915889203809D0,-0.8620689654478902D0,                   0000021P   1529
-0.1229273994589933D0,0.001527869094977707D0,                    0000021P   1530
-0.8620689654483191D0,-0.1205857622707135D0,                     0000021P   1531
0.003221673029350982D0,-0.8620689654490047D0,                    0000021P   1532
-0.1168444877533683D0,0.005826796041653466D0,                    0000021P   1533
-0.8620689654497682D0,-0.1126757361985373D0,                     0000021P   1534
0.008601926586653657D0,-0.8620689654505422D0,                    0000021P   1535
-0.1084509984869367D0,0.01128731053116916D0,                     0000021P   1536
-0.8620689654513256D0,-0.1041720178671721D0,                     0000021P   1537
0.01388193274083338D0,-0.8620689654521192D0,                     0000021P   1538
-0.09984077262799317D0,0.0163851173163816D0,                     0000021P   1539
-0.8620689654529217D0,-0.09545974252235985D0,                    0000021P   1540
0.01879689714843275D0,-0.8620689654537332D0,                     0000021P   1541
-0.09103094907294296D0,0.02111697071688532D0,                    0000021P   1542
-0.8620689654545527D0,-0.08655612480990138D0,                    0000021P   1543
0.02334481986829044D0,-0.8620689654553808D0,                     0000021P   1544
-0.08203622858836904D0,0.02547745979724678D0,                    0000021P   1545
-0.8620689654562169D0,-0.07747243742630082D0,                    0000021P   1546
0.02751208545105324D0,-0.8620689654570602D0,                     0000021P   1547
-0.07286606899129577D0,0.02944602960887274D0,                    0000021P   1548
-0.8620689654579121D0,-0.06821837323930825D0,                    0000021P   1549
0.03127626143835077D0,-0.8620689654587705D0,                     0000021P   1550
-0.06353080559928249D0,0.03299958010532077D0,                    0000021P   1551
-0.8620689654596362D0,-0.0588051471804683D0,                     0000021P   1552
0.03461247308182128D0,-0.8620689654605085D0,                     0000021P   1553
-0.0540433659165299D0,0.03611159757567635D0,                     0000021P   1554
-0.8620689654613868D0,-0.0492476516678465D0,                     0000021P   1555
0.03749366985117114D0,-0.8620689654622717D0,                     0000021P   1556
-0.04441997643403403D0,0.03875595068589502D0,                    0000021P   1557
-0.862068965463161D0,-0.03956278587591822D0,                     0000021P   1558
0.03989547231227612D0,-0.8620689654640556D0,                     0000021P   1559
-0.03467899707654724D0,0.04090906962166239D0,                    0000021P   1560
-0.8620689654649546D0,-0.02977123024725863D0,                    0000021P   1561
0.04179385739115435D0,-0.8620689654658575D0,                     0000021P   1562
-0.02484229717721886D0,0.04254667749581344D0,                    0000021P   1563
-0.8620689654667637D0,-0.01989526521191127D0,                    0000021P   1564
0.04316332789208092D0,-0.8620689654676725D0,                     0000021P   1565
-0.01493373328529975D0,0.04364246382121235D0,                    0000021P   1566
-0.8620689654685834D0,-0.009961524986101934D0,                   0000021P   1567
0.04398430699210962D0,-0.8620689654694954D0,                     0000021P   1568
-0.004982396843931366D0,0.04419332592208701D0,                   0000021P   1569
-0.8620689654701039D0,-0.001660771228264949D0,                   0000021P   1570
0.04424632929559477D0,-0.8620689654704081D0,                     0000021P   1571
-1.579141849605914D-10,0.04425171890662982D0,                    0000021P   1572
0.001395654265058138D0,0.1393782175914308D0,1.0D0,0.0D0,0.0D0;   0000021P   1573
126,29,3,1,0,1,0,-0.0D0,-0.0D0,-0.0D0,-0.0D0,                    0000023P   1574
0.002598745663285051D0,0.005197491326570117D0,                   0000023P   1575
0.007796236989855168D0,0.01039498265314022D0,                    0000023P   1576
0.01299372831642528D0,0.01559247397971034D0,                     0000023P   1577
0.01819121964299539D0,0.02078996530628044D0,                     0000023P   1578
0.0233887109695655D0,0.02598745663285056D0,                      0000023P   1579
0.02858620229613561D0,0.03118494795942067D0,                     0000023P   1580
0.03378369362270572D0,0.03638243928599078D0,                     0000023P   1581
0.03898118494927583D0,0.04157993061256089D0,                     0000023P   1582
0.04417867627584594D0,0.046777421939131D0,0.04937616760241606D0, 0000023P   1583
0.05197491326570111D0,0.05457365892898616D0,                     0000023P   1584
0.05717240459227122D0,0.05977115025555628D0,                     0000023P   1585
0.06236989591884133D0,0.06496864158212638D0,                     0000023P   1586
0.06756738724541145D0,0.0701661329086965D0,0.0701661329086965D0, 0000023P   1587
0.0701661329086965D0,0.0701661329086965D0,1.0D0,1.0D0,1.0D0,     0000023P   1588
1.0D0,1.0D0,1.0D0,1.0D0,1.0D0,1.0D0,1.0D0,1.0D0,1.0D0,1.0D0,     0000023P   1589
1.0D0,1.0D0,1.0D0,1.0D0,1.0D0,1.0D0,1.0D0,1.0D0,1.0D0,1.0D0,     0000023P   1590
1.0D0,1.0D0,1.0D0,1.0D0,1.0D0,1.0D0,1.0D0,-0.8620689654704081D0, 0000023P   1591
-1.579141849605914D-10,0.04425171890662982D0,                    0000023P   1592
-0.8612175393316256D0,-1.577582203342847D-10,                    0000023P   1593
0.04447884221405642D0,-0.8595146870540608D0,                     0000023P   1594
-1.574462873439165D-10,0.04493308882890966D0,                    0000023P   1595
-0.8569604086377132D0,-1.56978382977096D-10,                     0000023P   1596
0.04561445875118947D0,-0.8544061302213662D0,                     0000023P   1597
-1.565104799135729D-10,0.04629582867346932D0,                    0000023P   1598
-0.8518518518050185D0,-1.560425848096892D-10,                    0000023P   1599
0.04697719859574915D0,-0.8492975733886712D0,                     0000023P   1600
-1.555747025447422D-10,0.04765856851802893D0,                    0000023P   1601
-0.8467432949723238D0,-1.551068256512717D-10,                    0000023P   1602
0.04833993844030877D0,-0.8441890165559769D0,                     0000023P   1603
-1.546389480137787D-10,0.04902130836258858D0,                    0000023P   1604
-0.8416347381396292D0,-1.541710623840962D-10,                    0000023P   1605
0.04970267828486839D0,-0.8390804597232819D0,                     0000023P   1606
-1.537031649409499D-10,0.05038404820714824D0,                    0000023P   1607
-0.8365261813069346D0,-1.532352609110874D-10,                    0000023P   1608
0.05106541812942808D0,-0.8339719028905875D0,                     0000023P   1609
-1.527673539983292D-10,0.05174678805170796D0,                    0000023P   1610
-0.8314176244742395D0,-1.522994488280381D-10,                    0000023P   1611
0.05242815797398775D0,-0.8288633460578922D0,                     0000023P   1612
-1.518315474815995D-10,0.05310952789626756D0,                    0000023P   1613
-0.8263090676415451D0,-1.513636487164137D-10,                    0000023P   1614
0.05379089781854742D0,-0.8237547892251974D0,                     0000023P   1615
-1.508957519709071D-10,0.0544722677408272D0,                     0000023P   1616
-0.8212005108088501D0,-1.50427856380904D-10,                     0000023P   1617
0.05515363766310705D0,-0.8186462323925031D0,                     0000023P   1618
-1.499599617921092D-10,0.05583500758538687D0,                    0000023P   1619
-0.8160919539761554D0,-1.494920685450842D-10,                    0000023P   1620
0.05651637750766671D0,-0.8135376755598085D0,                     0000023P   1621
-1.490241768067539D-10,0.05719774742994653D0,                    0000023P   1622
-0.8109833971434612D0,-1.485562870198807D-10,                    0000023P   1623
0.05787911735222637D0,-0.8084291187271133D0,                     0000023P   1624
-1.480883979924484D-10,0.05856048727450616D0,                    0000023P   1625
-0.8058748403107663D0,-1.476205078691616D-10,                    0000023P   1626
0.05924185719678599D0,-0.8033205618944187D0,                     0000023P   1627
-1.471526151511821D-10,0.05992322711906582D0,                    0000023P   1628
-0.8007662834780713D0,-1.466847175319959D-10,                    0000023P   1629
0.06060459704134568D0,-0.798212005061724D0,                      0000023P   1630
-1.462168210619187D-10,0.0612859669636255D0,                     0000023P   1631
-0.7956577266453764D0,-1.457489330062662D-10,                    0000023P   1632
0.06196733688590535D0,-0.7939548743678112D0,                     0000023P   1633
-1.454370178739195D-10,0.0624215835007585D0,                     0000023P   1634
-0.7931034482290289D0,-1.452810640411888D-10,                    0000023P   1635
0.06264870680818513D0,-0.0D0,0.0701661329086965D0,0.0D0,1.0D0,   0000023P   1636
0.0D0;                                                           0000023P   1637
126,29,3,1,0,1,0,-0.1393782175914308D0,-0.1393782175914308D0,    0000025P   1638
-0.1393782175914308D0,-0.1393782175914308D0,                     0000025P   1639
-0.1341851873538967D0,-0.1289921571163627D0,                     0000025P   1640
-0.1237991268788286D0,-0.1186060966412946D0,                     0000025P   1641
-0.1134130664037605D0,-0.1082200361662264D0,                     0000025P   1642
-0.1030270059286924D0,-0.09783397569115831D0,                    0000025P   1643
-0.09264094545362428D0,-0.08744791521609022D0,                   0000025P   1644
-0.08225488497855615D0,-0.0770618547410221D0,                    0000025P   1645
-0.07186882450348805D0,-0.06667579426595401D0,                   0000025P   1646
-0.06148276402841994D0,-0.05628973379088589D0,                   0000025P   1647
-0.05109670355335184D0,-0.04590367331581777D0,                   0000025P   1648
-0.04071064307828372D0,-0.03551761284074966D0,                   0000025P   1649
-0.0303245826032156D0,-0.02513155236568154D0,                    0000025P   1650
-0.01993852212814748D0,-0.01474549189061342D0,                   0000025P   1651
-0.009552461653079368D0,-0.004359431415545311D0,-0.0D0,-0.0D0,   0000025P   1652
-0.0D0,-0.0D0,1.0D0,1.0D0,1.0D0,1.0D0,1.0D0,1.0D0,1.0D0,1.0D0,   0000025P   1653
1.0D0,1.0D0,1.0D0,1.0D0,1.0D0,1.0D0,1.0D0,1.0D0,1.0D0,1.0D0,     0000025P   1654
1.0D0,1.0D0,1.0D0,1.0D0,1.0D0,1.0D0,1.0D0,1.0D0,1.0D0,1.0D0,     0000025P   1655
1.0D0,1.0D0,-0.7931034482290327D0,-1.452810640411895D-10,        0000025P   1656
0.06264870680818416D0,-0.7931034482287079D0,                     0000025P   1657
-0.001773396970354208D0,0.0626448561943396D0,                    0000025P   1658
-0.793103448228058D0,-0.005319794885631625D0,                    0000025P   1659
0.0625658330224559D0,-0.7931034482270855D0,                      0000025P   1660
-0.01063049524537339D0,0.06223553179998952D0,                    0000025P   1661
-0.7931034482261154D0,-0.0159244534447167D0,                     0000025P   1662
0.06169532497071428D0,-0.7931034482251506D0,                     0000025P   1663
-0.02119345722561867D0,0.06094625062891011D0,                    0000025P   1664
-0.793103448224191D0,-0.02642998989209361D0,                     0000025P   1665
0.0599923211561692D0,-0.7931034482232391D0,                      0000025P   1666
-0.03162704631107423D0,0.05883860821388708D0,                    0000025P   1667
-0.7931034482222954D0,-0.03677859992454755D0,                    0000025P   1668
0.05749203697349084D0,-0.7931034482213614D0,                     0000025P   1669
-0.04187892018365177D0,0.05595895031259331D0,                    0000025P   1670
-0.7931034482204371D0,-0.04692264450078097D0,                    0000025P   1671
0.05424567691216248D0,-0.7931034482195246D0,                     0000025P   1672
-0.05190620752986069D0,0.05236076451251264D0,                    0000025P   1673
-0.793103448218623D0,-0.05682625462763893D0,                     0000025P   1674
0.05031240527318997D0,-0.7931034482177343D0,                     0000025P   1675
-0.06167960778265439D0,0.04810857581121223D0,                    0000025P   1676
-0.7931034482168577D0,-0.06646415386825155D0,                    0000025P   1677
0.04575695648890132D0,-0.7931034482159938D0,                     0000025P   1678
-0.07117832460828577D0,0.04326511203278522D0,                    0000025P   1679
-0.7931034482151439D0,-0.07582130837019874D0,                    0000025P   1680
0.04064087635578349D0,-0.7931034482143062D0,                     0000025P   1681
-0.08039201665565314D0,0.03789086595652517D0,                    0000025P   1682
-0.7931034482134829D0,-0.08488920248653199D0,                    0000025P   1683
0.03502078312581437D0,-0.7931034482126729D0,                     0000025P   1684
-0.08931002893218552D0,0.03203279715585916D0,                    0000025P   1685
-0.7931034482118776D0,-0.09365217343415956D0,                    0000025P   1686
0.02892981345957952D0,-0.7931034482110968D0,                     0000025P   1687
-0.09791386219296308D0,0.02571525179071731D0,                    0000025P   1688
-0.7931034482103316D0,-0.1020900425558057D0,                     0000025P   1689
0.02238843018191147D0,-0.793103448209583D0,                      0000025P   1690
-0.1061751832381728D0,0.01894835639167685D0,                     0000025P   1691
-0.7931034482088527D0,-0.1101632880211999D0,                     0000025P   1692
0.01539365831783751D0,-0.7931034482081414D0,                     0000025P   1693
-0.1140482869987673D0,0.01172362397226828D0,                     0000025P   1694
-0.7931034482074494D0,-0.1178239709465448D0,                     0000025P   1695
0.007937827923983514D0,-0.7931034482068152D0,                    0000025P   1696
-0.1212880424519469D0,0.004245094795247364D0,                    0000025P   1697
-0.7931034482064162D0,-0.1234631754635529D0,                     0000025P   1698
0.001787665998693345D0,-0.7931034482062373D0,                    0000025P   1699
-0.1244408223717934D0,0.0006526130158352611D0,                   0000025P   1700
-0.1393782175914308D0,-0.0D0,1.0D0,0.0D0,0.0D0;                  0000025P   1701
102,4,19,21,23,25;                                               0000027P   1702
142,0,7,17,27,1;                                                 0000029P   1703
144,7,1,0,29;                                                    0000031P   1704
128,19,4,3,3,0,0,1,0,0,0.0D0,0.0D0,0.0D0,0.0D0,                  0000033P   1705
0.004057123328688121D0,0.008114246657376242D0,                   0000033P   1706
0.01217136998606436D0,0.01622849331475248D0,                     0000033P   1707
0.02028561664344061D0,0.02434273997212873D0,                     0000033P   1708
0.02839986330081685D0,0.03245698662950497D0,                     0000033P   1709
0.0365141099581931D0,0.04057123328688122D0,                      0000033P   1710
0.04462835661556934D0,0.04868547994425746D0,                     0000033P   1711
0.05274260327294558D0,0.0567997266016337D0,                      0000033P   1712
0.06085684993032182D0,0.06491397325900994D0,                     0000033P   1713
0.06897109658769807D0,0.06897109658769807D0,                     0000033P   1714
0.06897109658769807D0,0.06897109658769807D0,0.0D0,0.0D0,0.0D0,   0000033P   1715
0.0D0,0.5D0,1.0D0,1.0D0,1.0D0,1.0D0,1.0D0,1.0D0,1.0D0,1.0D0,     0000033P   1716
1.0D0,1.0D0,1.0D0,1.0D0,1.0D0,1.0D0,1.0D0,1.0D0,1.0D0,1.0D0,     0000033P   1717
1.0D0,1.0D0,1.0D0,1.0D0,1.0D0,1.0D0,1.0D0,1.0D0,1.0D0,1.0D0,     0000033P   1718
1.0D0,1.0D0,1.0D0,1.0D0,1.0D0,1.0D0,1.0D0,1.0D0,1.0D0,1.0D0,     0000033P   1719
1.0D0,1.0D0,1.0D0,1.0D0,1.0D0,1.0D0,1.0D0,1.0D0,1.0D0,1.0D0,     0000033P   1720
1.0D0,1.0D0,1.0D0,1.0D0,1.0D0,1.0D0,1.0D0,1.0D0,1.0D0,1.0D0,     0000033P   1721
1.0D0,1.0D0,1.0D0,1.0D0,1.0D0,1.0D0,1.0D0,1.0D0,1.0D0,1.0D0,     0000033P   1722
1.0D0,1.0D0,1.0D0,1.0D0,1.0D0,1.0D0,1.0D0,1.0D0,1.0D0,1.0D0,     0000033P   1723
1.0D0,1.0D0,1.0D0,1.0D0,1.0D0,1.0D0,1.0D0,1.0D0,1.0D0,1.0D0,     0000033P   1724
1.0D0,1.0D0,1.0D0,1.0D0,1.0D0,1.0D0,1.0D0,1.0D0,1.0D0,1.0D0,     0000033P   1725
1.0D0,1.0D0,1.0D0,1.0D0,1.0D0,1.0D0,-0.9310344826893521D0,       0000033P   1726
-0.1224769108625432D0,0.0009383081550473349D0,                   0000033P   1727
-0.9296831548953109D0,-0.1225262467621265D0,                     0000033P   1728
0.0009363341397339001D0,-0.9269803859368211D0,                   0000033P   1729
-0.122620698421082D0,0.000932296225910996D0,                     0000033P   1730
-0.9229256872178355D0,-0.122750885472127D0,                      0000033P   1731
0.0009259770723472466D0,-0.9188703781457528D0,                   0000033P   1732
-0.122870751105853D0,0.0009194031553046223D0,                    0000033P   1733
-0.9148145185606751D0,-0.1229814437942367D0,                     0000033P   1734
0.0009125822492967305D0,-0.9107583583818026D0,                   0000033P   1735
-0.12308416986533D0,0.0009055222254052487D0,                     0000033P   1736
-0.906701854705106D0,-0.1231797072712702D0,                      0000033P   1737
0.0008982322703519598D0,-0.9026449694619754D0,                   0000033P   1738
-0.1232687020673421D0,0.0008907221032003862D0,                   0000033P   1739
-0.898587799814884D0,-0.1233518193404764D0,                      0000033P   1740
0.0008830016038229977D0,-0.8945306251953801D0,                   0000033P   1741
-0.1234297577749068D0,0.0008750808890983812D0,                   0000033P   1742
-0.8904734928230041D0,-0.123503010823784D0,                      0000033P   1743
0.0008669705164501685D0,-0.8864161879458093D0,                   0000033P   1744
-0.1235718607213937D0,0.0008586813764144887D0,                   0000033P   1745
-0.8823586386256306D0,-0.1236366322164255D0,                     0000033P   1746
0.0008502244357570373D0,-0.8783008242502384D0,                   0000033P   1747
-0.1236976369000857D0,0.0008416108132725455D0,                   0000033P   1748
-0.8742427956778239D0,-0.1237551886612346D0,                     0000033P   1749
0.0008328517693886588D0,-0.8701846664122909D0,                   0000033P   1750
-0.1238095999480523D0,0.000823958716457356D0,                    0000033P   1751
-0.8661266114459533D0,-0.12386118305711D0,                       0000033P   1752
0.0008149432189722063D0,-0.8634214477208658D0,                   0000033P   1753
-0.1238938943249883D0,0.0008088590711941557D0,                   0000033P   1754
-0.8620689654477101D0,-0.1239098825553852D0,                     0000033P   1755
0.0008058005199834149D0,-0.9310464040203116D0,                   0000033P   1756
-0.1228423180231063D0,0.0008228510987150676D0,                   0000033P   1757
-0.9296946773371861D0,-0.1228901550052751D0,                     0000033P   1758
0.0008184461159509704D0,-0.9269910849938587D0,                   0000033P   1759
-0.1229814961816026D0,0.0008096439177690685D0,                   0000033P   1760
-0.9229352354242042D0,-0.1231067649253971D0,                     0000033P   1761
0.0007964755496751392D0,-0.9188789395643734D0,                   0000033P   1762
-0.1232215143086677D0,0.0007833535163367686D0,                   0000033P   1763
-0.914822260860305D0,-0.1233269179815971D0,                      0000033P   1764
0.0007702889682281451D0,-0.9107653345845321D0,                   0000033P   1765
-0.1234241649474845D0,0.0007572928388683648D0,                   0000033P   1766
-0.9067081643088569D0,-0.1235140619765975D0,                     0000033P   1767
0.0007443755935678028D0,-0.9026507540294386D0,                   0000033P   1768
-0.1235972879550204D0,0.0007315474316056185D0,                   0000033P   1769
-0.8985931598304671D0,-0.123674519036689D0,                      0000033P   1770
0.0007188182468081883D0,-0.8945355047390894D0,                   0000033P   1771
-0.1237464391799325D0,0.0007061980280858801D0,                   0000033P   1772
-0.8904778122814533D0,-0.1238135529161394D0,                     0000033P   1773
0.0006936949342791818D0,-0.8864200074665262D0,                   0000033P   1774
-0.1238761870823688D0,0.0006813153716691087D0,                   0000033P   1775
-0.8823620709788721D0,-0.1239346924028807D0,                     0000033P   1776
0.0006690659156254791D0,-0.8783040034499803D0,                   0000033P   1777
-0.1239893996777394D0,0.0006569528939918D0,                      0000033P   1778
-0.8742458309093377D0,-0.1240406323848428D0,                     0000033P   1779
0.0006449824983836124D0,-0.8701876000963111D0,                   0000033P   1780
-0.1240887040395005D0,0.000633160754367423D0,                    0000033P   1781
-0.8661293767503837D0,-0.1241339196046885D0,                     0000033P   1782
0.0006214935300124682D0,-0.8634239548164934D0,                   0000033P   1783
-0.1241623568827777D0,0.0006138221961688173D0,                   0000033P   1784
-0.8620712751098409D0,-0.1241761970887509D0,                     0000033P   1785
0.0006100141586595535D0,-0.9310652249154424D0,                   0000033P   1786
-0.1234192074553466D0,2.637459532457004D-12,                     0000033P   1787
-0.9297126974636937D0,-0.1234594399483031D0,                     0000033P   1788
2.640668034262851D-12,-0.9270075062453429D0,                     0000033P   1789
-0.1235357532165582D0,2.64549823788084D-12,                      0000033P   1790
-0.9229495064802018D0,-0.1236391351370973D0,                     0000033P   1791
2.648801077931059D-12,-0.9188914072028632D0,                     0000033P   1792
-0.1237327080899438D0,2.648947072506073D-12,                     0000033P   1793
-0.9148332505418952D0,-0.1238176518154076D0,                     0000033P   1794
2.64666118708369D-12,-0.910774990435547D0,-0.1238951014745362D0, 0000033P   1795
2.642685713103329D-12,-0.9067166850703379D0,                     0000033P   1796
-0.1239658747845491D0,2.63730413183971D-12,                      0000033P   1797
-0.9026583796435991D0,-0.1240306635620396D0,                     0000033P   1798
2.630667576396866D-12,-0.8986000596706496D0,                     0000033P   1799
-0.1240901263279115D0,2.622942202856245D-12,                     0000033P   1800
-0.8945416400659579D0,-0.1241448981890806D0,                     0000033P   1801
2.614325765978865D-12,-0.890483120203133D0,-0.124195467685579D0, 0000033P   1802
2.604793287667109D-12,-0.8864245977277135D0,                     0000033P   1803
-0.1242421837497407D0,2.594098606693231D-12,                     0000033P   1804
-0.8823661074425391D0,-0.1242853949749664D0,                     0000033P   1805
2.582060566819788D-12,-0.8783076639380893D0,                     0000033P   1806
-0.1243254217022884D0,2.568498856777782D-12,                     0000033P   1807
-0.8742492538368621D0,-0.1243625662861265D0,                     0000033P   1808
2.553244469293779D-12,-0.8701908414620502D0,                     0000033P   1809
-0.1243971127914719D0,2.536144135667509D-12,                     0000033P   1810
-0.8661323705881067D0,-0.1244293293460417D0,                     0000033P   1811
2.517045789381671D-12,-0.8634266344918022D0,                     0000033P   1812
-0.1244494225761212D0,2.50289162769357D-12,                      0000033P   1813
-0.8620737291859949D0,-0.1244591632146821D0,                     0000033P   1814
2.495436474646284D-12,-0.9310464040201625D0,                     0000033P   1815
-0.1228423180185326D0,-0.0008228511039896372D0,                  0000033P   1816
-0.9296946773370434D0,-0.1228901550007392D0,                     0000033P   1817
-0.000818446121228176D0,-0.926991084993728D0,                    0000033P   1818
-0.1229814961771427D0,-0.0008096439230511072D0,                  0000033P   1819
-0.9229352354240886D0,-0.1231067649210492D0,                     0000033P   1820
-0.0007964755549625444D0,-0.9188789395642705D0,                  0000033P   1821
-0.12322151430443D0,-0.0007833535216271013D0,                    0000033P   1822
-0.9148222608602101D0,-0.1233269179774682D0,                     0000033P   1823
-0.0007702889735184372D0,-0.9107653345844494D0,                  0000033P   1824
-0.1234241649434636D0,-0.0007572928441550664D0,                  0000033P   1825
-0.9067081643087802D0,-0.1235140619726839D0,                     0000033P   1826
-0.000744375598847191D0,-0.9026507540293713D0,                   0000033P   1827
-0.1235972879512131D0,-0.0007315474368739224D0,                  0000033P   1828
-0.8985931598304042D0,-0.1236745190329869D0,                     0000033P   1829
-0.0007188182520615814D0,-0.8945355047390345D0,                  0000033P   1830
-0.1237464391763348D0,-0.0007061980333204223D0,                  0000033P   1831
-0.8904778122814041D0,-0.1238135529126458D0,                     0000033P   1832
-0.0006936949394911521D0,-0.8864200074664853D0,                  0000033P   1833
-0.1238761870789775D0,-0.0006813153768553175D0,                  0000033P   1834
-0.8823620709788348D0,-0.12393469239959D0,                       0000033P   1835
-0.0006690659207831963D0,-0.8783040034499469D0,                  0000033P   1836
-0.1239893996745469D0,-0.0006569528991187696D0,                  0000033P   1837
-0.8742458309093049D0,-0.124040632381746D0,                      0000033P   1838
-0.0006449825034780363D0,-0.8701876000962819D0,                  0000033P   1839
-0.1240887040364972D0,-0.0006331607594279687D0,                  0000033P   1840
-0.8661293767503552D0,-0.1241339196017758D0,                     0000033P   1841
-0.0006214935350382471D0,-0.8634239548164679D0,                  0000033P   1842
-0.1241623568799235D0,-0.0006138222011711296D0,                  0000033P   1843
-0.8620712751098165D0,-0.1241761970859256D0,                     0000033P   1844
-0.0006100141636501328D0,-0.9310344826893523D0,                  0000033P   1845
-0.1224769108625433D0,-0.0009383081550472038D0,                  0000033P   1846
-0.9296831548953116D0,-0.1225262467621273D0,                     0000033P   1847
-0.0009363341397334568D0,-0.9269803859368227D0,                  0000033P   1848
-0.1226206984210837D0,-0.0009322962259101817D0,                  0000033P   1849
-0.9229256872178366D0,-0.1227508854721284D0,                     0000033P   1850
-0.0009259770723464653D0,-0.9188703781457527D0,                  0000033P   1851
-0.1228707511058534D0,-0.0009194031553042803D0,                  0000033P   1852
-0.9148145185606739D0,-0.1229814437942354D0,                     0000033P   1853
-0.000912582249297058D0,-0.9107583583818006D0,                   0000033P   1854
-0.1230841698653274D0,-0.0009055222254062907D0,                  0000033P   1855
-0.9067018547051037D0,-0.1231797072712667D0,                     0000033P   1856
-0.0008982322703536257D0,-0.9026449694619735D0,                  0000033P   1857
-0.123268702067338D0,-0.0008907221032024609D0,                   0000033P   1858
-0.8985877998148829D0,-0.1233518193404723D0,                     0000033P   1859
-0.0008830016038251496D0,-0.8945306251953796D0,                  0000033P   1860
-0.1234297577749035D0,-0.0008750808891001203D0,                  0000033P   1861
-0.8904734928230044D0,-0.1235030108237822D0,                     0000033P   1862
-0.0008669705164510444D0,-0.8864161879458102D0,                  0000033P   1863
-0.1235718607213936D0,-0.00085868137641428D0,                    0000033P   1864
-0.8823586386256316D0,-0.1236366322164272D0,                     0000033P   1865
-0.000850224435755714D0,-0.8783008242502399D0,                   0000033P   1866
-0.1236976369000889D0,-0.0008416108132702806D0,                  0000033P   1867
-0.8742427956778253D0,-0.1237551886612388D0,                     0000033P   1868
-0.0008328517693858225D0,-0.8701846664122926D0,                  0000033P   1869
-0.1238095999480565D0,-0.0008239587164545199D0,                  0000033P   1870
-0.8661266114459539D0,-0.123861183057113D0,                      0000033P   1871
-0.0008149432189701395D0,-0.8634214477208663D0,                  0000033P   1872
-0.1238938943249895D0,-0.0008088590711932487D0,                  0000033P   1873
-0.8620689654477101D0,-0.1239098825553852D0,                     0000033P   1874
-0.0008058005199832824D0,0.0D0,0.06897109658769807D0,0.0D0,      0000033P   1875
1.0D0;                                                           0000033P   1876
126,1,1,1,0,1,0,0.0D0,0.0D0,0.5D0,0.5D0,1.0D0,1.0D0,0.0D0,0.5D0, 0000035P   1877
0.0D0,0.0D0,0.0D0,0.0D0,0.0D0,0.5D0,0.0D0,0.0D0,1.0D0;           0000035P   1878
126,1,1,1,0,1,0,0.0D0,0.0D0,0.06897109658769807D0,               0000037P   1879
0.06897109658769807D0,1.0D0,1.0D0,0.0D0,0.0D0,0.0D0,             0000037P   1880
0.06897109658769807D0,0.0D0,0.0D0,0.0D0,0.06897109658769807D0,   0000037P   1881
0.0D0,0.0D0,1.0D0;                                               0000037P   1882
126,1,1,1,0,1,0,0.0D0,0.0D0,0.5D0,0.5D0,1.0D0,1.0D0,             0000039P   1883
0.06897109658769807D0,0.0D0,0.0D0,0.06897109658769807D0,0.5D0,   0000039P   1884
0.0D0,0.0D0,0.5D0,0.0D0,0.0D0,1.0D0;                             0000039P   1885
126,1,1,1,0,1,0,-0.06897109658769807D0,-0.06897109658769807D0,   0000041P   1886
-0.0D0,-0.0D0,1.0D0,1.0D0,0.06897109658769807D0,0.5D0,0.0D0,     0000041P   1887
0.0D0,0.5D0,0.0D0,-0.06897109658769807D0,-0.0D0,0.0D0,0.0D0,     0000041P   1888
1.0D0;                                                           0000041P   1889
102,4,35,37,39,41;                                               0000043P   1890
126,3,3,1,0,1,0,-0.5D0,-0.5D0,-0.5D0,-0.5D0,0.0D0,0.0D0,0.0D0,   0000045P   1891
0.0D0,1.0D0,1.0D0,1.0D0,1.0D0,-0.9310558144678397D0,             0000045P   1892
-0.123130762738083D0,8.738669510233166D-17,-0.931055814467877D0, 0000045P   1893
-0.1231307627392264D0,0.0004114255506762636D0,                   0000045P   1894
-0.9310464040203116D0,-0.1228423180231063D0,                     0000045P   1895
0.0008228510987150676D0,-0.9310344826893521D0,                   0000045P   1896
-0.1224769108625432D0,0.0009383081550473349D0,-0.5D0,0.0D0,      0000045P   1897
1.0D0,0.0D0,0.0D0;                                               0000045P   1898
126,19,3,1,0,1,0,0.0D0,0.0D0,0.0D0,0.0D0,0.004057123328688121D0, 0000047P   1899
0.008114246657376242D0,0.01217136998606436D0,                    0000047P   1900
0.01622849331475248D0,0.02028561664344061D0,                     0000047P   1901
0.02434273997212873D0,0.02839986330081685D0,                     0000047P   1902
0.03245698662950497D0,0.0365141099581931D0,                      0000047P   1903
0.04057123328688122D0,0.04462835661556934D0,                     0000047P   1904
0.04868547994425746D0,0.05274260327294558D0,                     0000047P   1905
0.0567997266016337D0,0.06085684993032182D0,                      0000047P   1906
0.06491397325900994D0,0.06897109658769807D0,                     0000047P   1907
0.06897109658769807D0,0.06897109658769807D0,                     0000047P   1908
0.06897109658769807D0,1.0D0,1.0D0,1.0D0,1.0D0,1.0D0,1.0D0,1.0D0, 0000047P   1909
1.0D0,1.0D0,1.0D0,1.0D0,1.0D0,1.0D0,1.0D0,1.0D0,1.0D0,1.0D0,     0000047P   1910
1.0D0,1.0D0,1.0D0,-0.9310344826893521D0,-0.1224769108625432D0,   0000047P   1911
0.0009383081550473349D0,-0.9296831548953109D0,                   0000047P   1912
-0.1225262467621265D0,0.0009363341397339001D0,                   0000047P   1913
-0.9269803859368211D0,-0.122620698421082D0,                      0000047P   1914
0.000932296225910996D0,-0.9229256872178355D0,                    0000047P   1915
-0.122750885472127D0,0.0009259770723472466D0,                    0000047P   1916
-0.9188703781457528D0,-0.122870751105853D0,                      0000047P   1917
0.0009194031553046223D0,-0.9148145185606751D0,                   0000047P   1918
-0.1229814437942367D0,0.0009125822492967305D0,                   0000047P   1919
-0.9107583583818026D0,-0.12308416986533D0,                       0000047P   1920
0.0009055222254052487D0,-0.906701854705106D0,                    0000047P   1921
-0.1231797072712702D0,0.0008982322703519598D0,                   0000047P   1922
-0.9026449694619754D0,-0.1232687020673421D0,                     0000047P   1923
0.0008907221032003862D0,-0.898587799814884D0,                    0000047P   1924
-0.1233518193404764D0,0.0008830016038229977D0,                   0000047P   1925
-0.8945306251953801D0,-0.1234297577749068D0,                     0000047P   1926
0.0008750808890983812D0,-0.8904734928230041D0,                   0000047P   1927
-0.123503010823784D0,0.0008669705164501685D0,                    0000047P   1928
-0.8864161879458093D0,-0.1235718607213937D0,                     0000047P   1929
0.0008586813764144887D0,-0.8823586386256306D0,                   0000047P   1930
-0.1236366322164255D0,0.0008502244357570373D0,                   0000047P   1931
-0.8783008242502384D0,-0.1236976369000857D0,                     0000047P   1932
0.0008416108132725455D0,-0.8742427956778239D0,                   0000047P   1933
-0.1237551886612346D0,0.0008328517693886588D0,                   0000047P   1934
-0.8701846664122909D0,-0.1238095999480523D0,                     0000047P   1935
0.000823958716457356D0,-0.8661266114459533D0,                    0000047P   1936
-0.12386118305711D0,0.0008149432189722063D0,                     0000047P   1937
-0.8634214477208658D0,-0.1238938943249883D0,                     0000047P   1938
0.0008088590711941557D0,-0.8620689654477101D0,                   0000047P   1939
-0.1239098825553852D0,0.0008058005199834149D0,0.0D0,             0000047P   1940
0.06897109658769807D0,0.03648489447599885D0,                     0000047P   1941
0.9993342045957775D0,0.0D0;                                      0000047P   1942
126,3,3,1,0,1,0,0.0D0,0.0D0,0.0D0,0.0D0,0.5D0,0.5D0,0.5D0,0.5D0, 0000049P   1943
1.0D0,1.0D0,1.0D0,1.0D0,-0.8620689654477101D0,                   0000049P   1944
-0.1239098825553852D0,0.0008058005199834149D0,                   0000049P   1945
-0.8620712751098409D0,-0.1241761970887509D0,                     0000049P   1946
0.0006100141586595535D0,-0.862072502147918D0,                    0000049P   1947
-0.1243176801517165D0,0.000305007080577495D0,                    0000049P   1948
-0.8620725021479119D0,-0.1243176801510102D0,                     0000049P   1949
7.340048707726865D-17,0.0D0,0.5D0,0.0D0,0.5923253553269754D0,    0000049P   1950
-0.8056988726793479D0;                                           0000049P   1951
126,19,3,1,0,1,0,-0.06897109658769807D0,-0.06897109658769807D0,  0000051P   1952
-0.06897109658769807D0,-0.06897109658769807D0,                   0000051P   1953
-0.06491397325900994D0,-0.06085684993032182D0,                   0000051P   1954
-0.0567997266016337D0,-0.05274260327294558D0,                    0000051P   1955
-0.04868547994425746D0,-0.04462835661556934D0,                   0000051P   1956
-0.04057123328688122D0,-0.0365141099581931D0,                    0000051P   1957
-0.03245698662950497D0,-0.02839986330081685D0,                   0000051P   1958
-0.02434273997212873D0,-0.02028561664344061D0,                   0000051P   1959
-0.01622849331475248D0,-0.01217136998606436D0,                   0000051P   1960
-0.008114246657376242D0,-0.004057123328688121D0,-0.0D0,-0.0D0,   0000051P   1961
-0.0D0,-0.0D0,1.0D0,1.0D0,1.0D0,1.0D0,1.0D0,1.0D0,1.0D0,1.0D0,   0000051P   1962
1.0D0,1.0D0,1.0D0,1.0D0,1.0D0,1.0D0,1.0D0,1.0D0,1.0D0,1.0D0,     0000051P   1963
1.0D0,1.0D0,-0.8620725021479118D0,-0.1243176801510102D0,         0000051P   1964
7.340048707726865D-17,-0.8634252946541414D0,                     0000051P   1965
-0.1243058897287359D0,8.677141036944613D-16,                     0000051P   1966
-0.866130873669238D0,-0.1242816244746369D0,                      0000051P   1967
2.078171619165903D-15,-0.8701892207791733D0,                     0000051P   1968
-0.1242429084147354D0,2.935667117384688D-15,                     0000051P   1969
-0.8742475423730917D0,-0.1242015993347104D0,                     0000051P   1970
3.016250443854673D-15,-0.8783058336940264D0,                     0000051P   1971
-0.1241574106892158D0,2.507027788492544D-15,                     0000051P   1972
-0.8823640892106963D0,-0.1241100436881009D0,                     0000051P   1973
1.60098713800072D-15,-0.8864223025971097D0,                      0000051P   1974
-0.1240591854152069D0,4.971066960846038D-16,                     0000051P   1975
-0.8904804662422808D0,-0.1240045102999858D0,                     0000051P   1976
-5.959317241066575D-16,-0.89453857240251D0,                      0000051P   1977
-0.1239456686836071D0,-1.472671810887061D-15,                    0000051P   1978
-0.8985966097505427D0,-0.1238823226813747D0,                     0000051P   1979
-1.87716053638709D-15,-0.902654566836502D0,                      0000051P   1980
-0.1238139757575782D0,-1.742177365912645D-15,                    0000051P   1981
-0.9067124246895782D0,-0.1237399683795949D0,                     0000051P   1982
-1.195007634513523D-15,-0.910770162510019D0,                     0000051P   1983
-0.1236596332100051D0,-3.325519113556163D-16,                    0000051P   1984
-0.9148277557010763D0,-0.1235722848974701D0,                     0000051P   1985
7.575591629699341D-16,-0.9188851733835925D0,                     0000051P   1986
-0.1234771111982463D0,1.890360697837101D-15,                     0000051P   1987
-0.9229423709521742D0,-0.1233729500301602D0,                     0000051P   1988
2.549257463110854D-15,-0.9269992956195681D0,                     0000051P   1989
-0.1232586246979654D0,2.239446692323122D-15,                     0000051P   1990
-0.9297036874004042D0,-0.1231747974756551D0,                     0000051P   1991
1.032621254129507D-15,-0.9310558144678397D0,                     0000051P   1992
-0.123130762738083D0,8.735959004801952D-17,                      0000051P   1993
-0.06897109658769807D0,-0.0D0,0.0D0,0.0D0,1.0D0;                 0000051P   1994
102,4,45,47,49,51;                                               0000053P   1995
142,0,33,43,53,1;                                                0000055P   1996
144,33,1,0,55;                                                   0000057P   1997
128,99,4,3,3,0,0,1,0,0,0.0D0,0.0D0,0.0D0,0.0D0,                  0000059P   1998
0.001749342065201726D0,0.003498684130403453D0,                   0000059P   1999
0.005248026195605179D0,0.006997368260806906D0,                   0000059P   2000
0.008746710326008633D0,0.01049605239121036D0,                    0000059P   2001
0.01224539445641208D0,0.01399473652161381D0,                     0000059P   2002
0.01574407858681554D0,0.01749342065201727D0,                     0000059P   2003
0.01924276271721899D0,0.02099210478242072D0,                     0000059P   2004
0.02274144684762244D0,0.02449078891282417D0,                     0000059P   2005
0.0262401309780259D0,0.02798947304322762D0,                      0000059P   2006
0.02973881510842935D0,0.03148815717363108D0,                     0000059P   2007
0.0332374992388328D0,0.03498684130403453D0,                      0000059P   2008
0.03673618336923626D0,0.03848552543443799D0,                     0000059P   2009
0.04023486749963971D0,0.04198420956484143D0,                     0000059P   2010
0.04373355163004316D0,0.04548289369524489D0,                     0000059P   2011
0.04723223576044661D0,0.04898157782564834D0,                     0000059P   2012
0.05073091989085007D0,0.05248026195605179D0,                     0000059P   2013
0.05422960402125352D0,0.05597894608645525D0,                     0000059P   2014
0.05772828815165697D0,0.0594776302168587D0,                      0000059P   2015
0.06122697228206043D0,0.06297631434726216D0,                     0000059P   2016
0.06472565641246388D0,0.06647499847766561D0,                     0000059P   2017
0.06822434054286733D0,0.06997368260806906D0,                     0000059P   2018
0.07172302467327078D0,0.07347236673847252D0,                     0000059P   2019
0.07522170880367424D0,0.07697105086887597D0,                     0000059P   2020
0.07872039293407769D0,0.08046973499927942D0,                     0000059P   2021
0.08221907706448114D0,0.08396841912968286D0,                     0000059P   2022
0.08571776119488461D0,0.08746710326008633D0,                     0000059P   2023
0.08921644532528805D0,0.09096578739048979D0,                     0000059P   2024
0.09271512945569151D0,0.09446447152089324D0,                     0000059P   2025
0.09621381358609496D0,0.09796315565129669D0,                     0000059P   2026
0.09971249771649841D0,0.1014618397817001D0,0.1032111818469019D0, 0000059P   2027
0.1049605239121036D0,0.1067098659773053D0,0.1084592080425071D0,  0000059P   2028
0.1102085501077088D0,0.1119578921729105D0,0.1137072342381122D0,  0000059P   2029
0.115456576303314D0,0.1172059183685157D0,0.1189552604337174D0,   0000059P   2030
0.1207046024989191D0,0.1224539445641209D0,0.1242032866293226D0,  0000059P   2031
0.1259526286945243D0,0.1277019707597261D0,0.1294513128249278D0,  0000059P   2032
0.1312006548901295D0,0.1329499969553312D0,0.1346993390205329D0,  0000059P   2033
0.1364486810857347D0,0.1381980231509364D0,0.1399473652161381D0,  0000059P   2034
0.1416967072813398D0,0.1434460493465416D0,0.1451953914117433D0,  0000059P   2035
0.146944733476945D0,0.1486940755421468D0,0.1504434176073485D0,   0000059P   2036
0.1521927596725502D0,0.1539421017377519D0,0.1556914438029537D0,  0000059P   2037
0.1574407858681554D0,0.1591901279333571D0,0.1609394699985588D0,  0000059P   2038
0.1626888120637606D0,0.1644381541289623D0,0.166187496194164D0,   0000059P   2039
0.1679368382593658D0,0.1696861803245675D0,0.1696861803245675D0,  0000059P   2040
0.1696861803245675D0,0.1696861803245675D0,0.0D0,0.0D0,0.0D0,     0000059P   2041
0.0D0,0.5D0,1.0D0,1.0D0,1.0D0,1.0D0,1.0D0,1.0D0,1.0D0,1.0D0,     0000059P   2042
1.0D0,1.0D0,1.0D0,1.0D0,1.0D0,1.0D0,1.0D0,1.0D0,1.0D0,1.0D0,     0000059P   2043
1.0D0,1.0D0,1.0D0,1.0D0,1.0D0,1.0D0,1.0D0,1.0D0,1.0D0,1.0D0,     0000059P   2044
1.0D0,1.0D0,1.0D0,1.0D0,1.0D0,1.0D0,1.0D0,1.0D0,1.0D0,1.0D0,     0000059P   2045
1.0D0,1.0D0,1.0D0,1.0D0,1.0D0,1.0D0,1.0D0,1.0D0,1.0D0,1.0D0,     0000059P   2046
1.0D0,1.0D0,1.0D0,1.0D0,1.0D0,1.0D0,1.0D0,1.0D0,1.0D0,1.0D0,     0000059P   2047
1.0D0,1.0D0,1.0D0,1.0D0,1.0D0,1.0D0,1.0D0,1.0D0,1.0D0,1.0D0,     0000059P   2048
1.0D0,1.0D0,1.0D0,1.0D0,1.0D0,1.0D0,1.0D0,1.0D0,1.0D0,1.0D0,     0000059P   2049
1.0D0,1.0D0,1.0D0,1.0D0,1.0D0,1.0D0,1.0D0,1.0D0,1.0D0,1.0D0,     0000059P   2050
1.0D0,1.0D0,1.0D0,1.0D0,1.0D0,1.0D0,1.0D0,1.0D0,1.0D0,1.0D0,     0000059P   2051
1.0D0,1.0D0,1.0D0,1.0D0,1.0D0,1.0D0,1.0D0,1.0D0,1.0D0,1.0D0,     0000059P   2052
1.0D0,1.0D0,1.0D0,1.0D0,1.0D0,1.0D0,1.0D0,1.0D0,1.0D0,1.0D0,     0000059P   2053
1.0D0,1.0D0,1.0D0,1.0D0,1.0D0,1.0D0,1.0D0,1.0D0,1.0D0,1.0D0,     0000059P   2054
1.0D0,1.0D0,1.0D0,1.0D0,1.0D0,1.0D0,1.0D0,1.0D0,1.0D0,1.0D0,     0000059P   2055
1.0D0,1.0D0,1.0D0,1.0D0,1.0D0,1.0D0,1.0D0,1.0D0,1.0D0,1.0D0,     0000059P   2056
1.0D0,1.0D0,1.0D0,1.0D0,1.0D0,1.0D0,1.0D0,1.0D0,1.0D0,1.0D0,     0000059P   2057
1.0D0,1.0D0,1.0D0,1.0D0,1.0D0,1.0D0,1.0D0,1.0D0,1.0D0,1.0D0,     0000059P   2058
1.0D0,1.0D0,1.0D0,1.0D0,1.0D0,1.0D0,1.0D0,1.0D0,1.0D0,1.0D0,     0000059P   2059
1.0D0,1.0D0,1.0D0,1.0D0,1.0D0,1.0D0,1.0D0,1.0D0,1.0D0,1.0D0,     0000059P   2060
1.0D0,1.0D0,1.0D0,1.0D0,1.0D0,1.0D0,1.0D0,1.0D0,1.0D0,1.0D0,     0000059P   2061
1.0D0,1.0D0,1.0D0,1.0D0,1.0D0,1.0D0,1.0D0,1.0D0,1.0D0,1.0D0,     0000059P   2062
1.0D0,1.0D0,1.0D0,1.0D0,1.0D0,1.0D0,1.0D0,1.0D0,1.0D0,1.0D0,     0000059P   2063
1.0D0,1.0D0,1.0D0,1.0D0,1.0D0,1.0D0,1.0D0,1.0D0,1.0D0,1.0D0,     0000059P   2064
1.0D0,1.0D0,1.0D0,1.0D0,1.0D0,1.0D0,1.0D0,1.0D0,1.0D0,1.0D0,     0000059P   2065
1.0D0,1.0D0,1.0D0,1.0D0,1.0D0,1.0D0,1.0D0,1.0D0,1.0D0,1.0D0,     0000059P   2066
1.0D0,1.0D0,1.0D0,1.0D0,1.0D0,1.0D0,1.0D0,1.0D0,1.0D0,1.0D0,     0000059P   2067
1.0D0,1.0D0,1.0D0,1.0D0,1.0D0,1.0D0,1.0D0,1.0D0,1.0D0,1.0D0,     0000059P   2068
1.0D0,1.0D0,1.0D0,1.0D0,1.0D0,1.0D0,1.0D0,1.0D0,1.0D0,1.0D0,     0000059P   2069
1.0D0,1.0D0,1.0D0,1.0D0,1.0D0,1.0D0,1.0D0,1.0D0,1.0D0,1.0D0,     0000059P   2070
1.0D0,1.0D0,1.0D0,1.0D0,1.0D0,1.0D0,1.0D0,1.0D0,1.0D0,1.0D0,     0000059P   2071
1.0D0,1.0D0,1.0D0,1.0D0,1.0D0,1.0D0,1.0D0,1.0D0,1.0D0,1.0D0,     0000059P   2072
1.0D0,1.0D0,1.0D0,1.0D0,1.0D0,1.0D0,1.0D0,1.0D0,1.0D0,1.0D0,     0000059P   2073
1.0D0,1.0D0,1.0D0,1.0D0,1.0D0,1.0D0,1.0D0,1.0D0,1.0D0,1.0D0,     0000059P   2074
1.0D0,1.0D0,1.0D0,1.0D0,1.0D0,1.0D0,1.0D0,1.0D0,1.0D0,1.0D0,     0000059P   2075
1.0D0,1.0D0,1.0D0,1.0D0,1.0D0,1.0D0,1.0D0,1.0D0,1.0D0,1.0D0,     0000059P   2076
1.0D0,1.0D0,1.0D0,1.0D0,1.0D0,1.0D0,1.0D0,1.0D0,1.0D0,1.0D0,     0000059P   2077
1.0D0,1.0D0,1.0D0,1.0D0,1.0D0,1.0D0,1.0D0,1.0D0,1.0D0,1.0D0,     0000059P   2078
1.0D0,1.0D0,1.0D0,1.0D0,1.0D0,1.0D0,1.0D0,1.0D0,1.0D0,1.0D0,     0000059P   2079
1.0D0,1.0D0,1.0D0,1.0D0,1.0D0,1.0D0,1.0D0,1.0D0,1.0D0,1.0D0,     0000059P   2080
1.0D0,1.0D0,1.0D0,1.0D0,1.0D0,1.0D0,1.0D0,1.0D0,1.0D0,1.0D0,     0000059P   2081
1.0D0,1.0D0,1.0D0,1.0D0,1.0D0,1.0D0,1.0D0,1.0D0,1.0D0,1.0D0,     0000059P   2082
1.0D0,1.0D0,1.0D0,1.0D0,1.0D0,1.0D0,1.0D0,1.0D0,1.0D0,1.0D0,     0000059P   2083
1.0D0,1.0D0,1.0D0,1.0D0,1.0D0,1.0D0,1.0D0,1.0D0,1.0D0,1.0D0,     0000059P   2084
1.0D0,1.0D0,1.0D0,1.0D0,1.0D0,1.0D0,1.0D0,1.0D0,1.0D0,1.0D0,     0000059P   2085
1.0D0,1.0D0,1.0D0,1.0D0,1.0D0,1.0D0,1.0D0,1.0D0,1.0D0,1.0D0,     0000059P   2086
1.0D0,1.0D0,1.0D0,1.0D0,1.0D0,1.0D0,1.0D0,1.0D0,1.0D0,1.0D0,     0000059P   2087
1.0D0,1.0D0,1.0D0,1.0D0,1.0D0,1.0D0,1.0D0,1.0D0,1.0D0,1.0D0,     0000059P   2088
1.0D0,1.0D0,1.0D0,1.0D0,1.0D0,1.0D0,1.0D0,1.0D0,1.0D0,1.0D0,     0000059P   2089
1.0D0,1.0D0,1.0D0,1.0D0,1.0D0,1.0D0,1.0D0,1.0D0,1.0D0,1.0D0,     0000059P   2090
1.0D0,1.0D0,1.0D0,1.0D0,1.0D0,1.0D0,1.0D0,1.0D0,1.0D0,1.0D0,     0000059P   2091
1.0D0,1.0D0,1.0D0,1.0D0,1.0D0,1.0D0,-0.9972142101875954D0,       0000059P   2092
-1.826701505045775D-10,0.0009468098594282556D0,                  0000059P   2093
-0.9972132907342011D0,-0.0005887236087672721D0,                  0000059P   2094
0.0009468230377020746D0,-0.9972112339217465D0,                   0000059P   2095
-0.001765979095167175D0,0.0009468618470067449D0,                 0000059P   2096
-0.9972074258067974D0,-0.003531383276599773D0,                   0000059P   2097
0.0009469571443715059D0,-0.9972028255934914D0,                   0000059P   2098
-0.00529639739360616D0,0.0009470892578741498D0,                  0000059P   2099
-0.9971973640384322D0,-0.007061102239691542D0,                   0000059P   2100
0.0009472579275846443D0,-0.9971909718421048D0,                   0000059P   2101
-0.008825570920143307D0,0.0009474628997893072D0,                 0000059P   2102
-0.9971835796362158D0,-0.01058986922524482D0,                    0000059P   2103
0.0009477039262106403D0,-0.9971751179797984D0,                   0000059P   2104
-0.01235405513255641D0,0.0009479807630427083D0,                  0000059P   2105
-0.9971655173456967D0,-0.01411818077110987D0,                    0000059P   2106
0.0009482931704736649D0,-0.9971547081474923D0,                   0000059P   2107
-0.01588228788202399D0,0.0009486409110468586D0,                  0000059P   2108
-0.9971426207120475D0,-0.01764641395889492D0,                    0000059P   2109
0.0009490237499486345D0,-0.9971291853140443D0,                   0000059P   2110
-0.01941058768117751D0,0.0009494414534315742D0,                  0000059P   2111
-0.9971143321805213D0,-0.02117483081911417D0,                    0000059P   2112
0.0009498937883720447D0,-0.9970979915126262D0,                   0000059P   2113
-0.02293915769941931D0,0.000950380521422381D0,                   0000059P   2114
-0.9970800935085077D0,-0.02470357531034051D0,                    0000059P   2115
0.0009509014182840328D0,-0.997060568391832D0,                    0000059P   2116
-0.02646808321357092D0,0.0009514562429549219D0,                  0000059P   2117
-0.997039346444628D0,-0.02823267351827342D0,                     0000059P   2118
0.0009520447570027829D0,-0.9970163580458211D0,                   0000059P   2119
-0.02999733073236532D0,0.0009526667187962228D0,                  0000059P   2120
-0.9969915337119515D0,-0.03176203197881126D0,                    0000059P   2121
0.0009533218829077993D0,-0.9969648041479547D0,                   0000059P   2122
-0.03352674619201876D0,0.0009540099990377954D0,                  0000059P   2123
-0.9969361003148882D0,-0.0352914349909407D0,                     0000059P   2124
0.0009547308119520646D0,-0.9969053533928919D0,                   0000059P   2125
-0.03705605192108233D0,0.0009554840593939439D0,                  0000059P   2126
-0.9968724952368425D0,-0.03882054231736743D0,                    0000059P   2127
0.0009562694755524119D0,-0.9968374569705608D0,                   0000059P   2128
-0.04058484435068175D0,0.0009570867750989865D0,                  0000059P   2129
-0.9968001745739797D0,-0.04234888424593351D0,                    0000059P   2130
0.0009579357092407805D0,-0.9967605680687027D0,                   0000059P   2131
-0.04411259444727187D0,0.0009588158502247415D0,                  0000059P   2132
-0.996718436138409D0,-0.04587601674391065D0,                     0000059P   2133
0.0009597255311451884D0,-0.9966735882005854D0,                   0000059P   2134
-0.04763917861504972D0,0.0009606631962192774D0,                  0000059P   2135
-0.9966258308586682D0,-0.04940210606361411D0,                    0000059P   2136
0.0009616272612209968D0,-0.9965749715353989D0,                   0000059P   2137
-0.05116481997220616D0,0.000962616149997807D0,                   0000059P   2138
-0.9965208175148331D0,-0.05292733732043613D0,                    0000059P   2139
0.0009636282841419348D0,-0.9964631761869847D0,                   0000059P   2140
-0.05468967035557046D0,0.0009646620847974564D0,                  0000059P   2141
-0.9964018551869657D0,-0.05645182683498456D0,                    0000059P   2142
0.00096571597181224D0,-0.9963366617594208D0,                     0000059P   2143
-0.05821380969435551D0,0.0009667883626007527D0,                  0000059P   2144
-0.9962674053979391D0,-0.05997561733333705D0,                    0000059P   2145
0.0009678776748021736D0,-0.9961938882193883D0,                   0000059P   2146
-0.06173724191675476D0,0.0009689823143173192D0,                  0000059P   2147
-0.9961159411434751D0,-0.06349867592213922D0,                    0000059P   2148
0.0009701007189558744D0,-0.9960332866164078D0,                   0000059P   2149
-0.0652598818741431D0,0.0009712311878820134D0,                   0000059P   2150
-0.9959449980928998D0,-0.06702067111962061D0,                    0000059P   2151
0.000972371207487586D0,-0.9958502157030392D0,                    0000059P   2152
-0.0687808729443333D0,0.0009735183473871375D0,                   0000059P   2153
-0.9957480639651067D0,-0.0705403129030992D0,                     0000059P   2154
0.0009746701565984135D0,-0.9956376743291866D0,                   0000059P   2155
-0.07229881756445344D0,0.0009758241918664198D0,                  0000059P   2156
-0.9955181797033402D0,-0.07405621207942958D0,                    0000059P   2157
0.0009769780105194608D0,-0.995388716529787D0,                    0000059P   2158
-0.07581231775626739D0,0.0009781291714992698D0,                  0000059P   2159
-0.9952484253193555D0,-0.07756695219030701D0,                    0000059P   2160
0.0009792752362689223D0,-0.9950964499770363D0,                   0000059P   2161
-0.07931992364693571D0,0.0009804137653618141D0,                  0000059P   2162
-0.9949319445277679D0,-0.08107103997626609D0,                    0000059P   2163
0.0009815423293020936D0,-0.9947540501203643D0,                   0000059P   2164
-0.08282008731796676D0,0.0009826584816637869D0,                  0000059P   2165
-0.9945619880100701D0,-0.08456687192052537D0,                    0000059P   2166
0.0009837598423031258D0,-0.9943547120891715D0,                   0000059P   2167
-0.08631108507080913D0,0.000984843806795915D0,                   0000059P   2168
-0.9941283019023643D0,-0.08805156395424529D0,                    0000059P   2169
0.0009859055503571336D0,-0.9938790708342502D0,                   0000059P   2170
-0.08978718635316989D0,0.0009869404246519154D0,                  0000059P   2171
-0.9936033253089253D0,-0.09151677956149423D0,                    0000059P   2172
0.0009879437600981891D0,-0.9932974395577202D0,                   0000059P   2173
-0.09323911061087414D0,0.0009889109115357772D0,                  0000059P   2174
-0.9929578853166823D0,-0.09495288989602238D0,                    0000059P   2175
0.0009898372693826138D0,-0.9925811522360835D0,                   0000059P   2176
-0.09665664336569656D0,0.0009907181947449758D0,                  0000059P   2177
-0.992158700700525D0,-0.09834543080366219D0,                     0000059P   2178
0.0009915463019252737D0,-0.9916823128849189D0,                   0000059P   2179
-0.100014209158912D0,0.0009923143000841377D0,                    0000059P   2180
-0.9911441278434635D0,-0.1016576584582324D0,                     0000059P   2181
0.0009930149652755179D0,-0.9905367582046081D0,                   0000059P   2182
-0.1032700542207838D0,0.0009936411344288686D0,                   0000059P   2183
-0.9898538035428006D0,-0.1048455307017714D0,                     0000059P   2184
0.00099418618572269D0,-0.9890851108023343D0,                     0000059P   2185
-0.1063725727345751D0,0.000994638279597466D0,                    0000059P   2186
-0.9882206230765326D0,-0.1078382706950085D0,                     0000059P   2187
0.0009949847236845576D0,-0.9872513649387668D0,                   0000059P   2188
-0.109228491999312D0,0.0009952126635903163D0,                    0000059P   2189
-0.9861698695218242D0,-0.1105272940005595D0,                     0000059P   2190
0.0009953092801807427D0,-0.9849848343251759D0,                   0000059P   2191
-0.111729961618055D0,0.0009952738118240473D0,                    0000059P   2192
-0.9837039780532614D0,-0.1128321903340504D0,                     0000059P   2193
0.0009951047004831547D0,-0.9823320730644787D0,                   0000059P   2194
-0.1138262570845862D0,0.0009947968378147115D0,                   0000059P   2195
-0.9808814538175095D0,-0.1147143056273801D0,                     0000059P   2196
0.0009943525527523981D0,-0.9793671446786473D0,                   0000059P   2197
-0.1155054021635809D0,0.0009937786209118812D0,                   0000059P   2198
-0.9778023452027247D0,-0.116208721060066D0,                      0000059P   2199
0.0009930801429052321D0,-0.9761969393098284D0,                   0000059P   2200
-0.1168327521501733D0,0.0009922620699322783D0,                   0000059P   2201
-0.9745582138602537D0,-0.1173856815379256D0,                     0000059P   2202
0.000991329877561716D0,-0.9728933455112099D0,                    0000059P   2203
-0.1178766883154252D0,0.0009902890528993751D0,                   0000059P   2204
-0.9712091280094902D0,-0.1183155780457618D0,                     0000059P   2205
0.0009891451569962633D0,-0.9695115155138833D0,                   0000059P   2206
-0.1187115787447591D0,0.0009879031626626403D0,                   0000059P   2207
-0.9678020746929109D0,-0.1190679819213615D0,                     0000059P   2208
0.000986564802666634D0,-0.9660826409990529D0,                    0000059P   2209
-0.1193888144069454D0,0.0009851322025232925D0,                   0000059P   2210
-0.9643548542194258D0,-0.1196780714085751D0,                     0000059P   2211
0.0009836074699466225D0,-0.9626203096553159D0,                   0000059P   2212
-0.1199398931928897D0,0.0009819927873523865D0,                   0000059P   2213
-0.9608805449166135D0,-0.120178447693761D0,                      0000059P   2214
0.0009802903841593584D0,-0.9591371280986889D0,                   0000059P   2215
-0.1203980759462685D0,0.0009785025968984441D0,                   0000059P   2216
-0.9573914622006761D0,-0.1206027094713267D0,                     0000059P   2217
0.0009766317175300178D0,-0.9556436022818607D0,                   0000059P   2218
-0.1207929826316185D0,0.0009746789837686398D0,                   0000059P   2219
-0.9538937189864618D0,-0.1209698220503195D0,                     0000059P   2220
0.0009726457345448423D0,-0.9521419523146948D0,                   0000059P   2221
-0.1211340812485177D0,0.0009705332971808821D0,                   0000059P   2222
-0.9503884515815102D0,-0.1212866381708096D0,                     0000059P   2223
0.0009683430181048453D0,-0.9486333694407321D0,                   0000059P   2224
-0.1214283684151927D0,0.0009660762605717484D0,                   0000059P   2225
-0.9468768632695586D0,-0.1215601522705744D0,                     0000059P   2226
0.0009637344056524886D0,-0.9451190978206905D0,                   0000059P   2227
-0.1216828724365566D0,0.0009613188568054702D0,                   0000059P   2228
-0.9433602442685344D0,-0.1217974144824143D0,                     0000059P   2229
0.0009588310394487731D0,-0.9416004839213985D0,                   0000059P   2230
-0.1219046662834231D0,0.0009562724071456196D0,                   0000059P   2231
-0.9398400089838371D0,-0.1220055178537614D0,                     0000059P   2232
0.0009536444443918969D0,-0.9380790155712155D0,                   0000059P   2233
-0.1221008614243218D0,0.0009509486568593467D0,                   0000059P   2234
-0.9363177284917D0,-0.122191589820898D0,0.0009481866112379607D0, 0000059P   2235
-0.9345563614357325D0,-0.1222785981663995D0,                     0000059P   2236
0.0009453598749745906D0,-0.9327951584385739D0,                   0000059P   2237
-0.1223627812151334D0,0.0009424700818639739D0,                   0000059P   2238
-0.9316212991938393D0,-0.1224176164452918D0,                     0000059P   2239
0.0009405026248537563D0,-0.9310344826893581D0,                   0000059P   2240
-0.1224448614150582D0,0.0009395089488752092D0,                   0000059P   2241
-0.997644498798104D0,-3.364808579730335D-07,                     0000059P   2242
0.000799837324817471D0,-0.9976436517747025D0,                    0000059P   2243
-0.0005888403584251353D0,0.0007998747290843964D0,                0000059P   2244
-0.9976417322542652D0,-0.00176577811193621D0,                    0000059P   2245
0.0007999775153988459D0,-0.9976381152999023D0,                   0000059P   2246
-0.003531008731141839D0,0.0008002161330126781D0,                 0000059P   2247
-0.9976336991418329D0,-0.005296095761274471D0,                   0000059P   2248
0.0008005397333758612D0,-0.9976284218985177D0,                   0000059P   2249
-0.00706106829380315D0,0.0008009489036677842D0,                  0000059P   2250
-0.9976222212934258D0,-0.008825952434977071D0,                   0000059P   2251
0.000801444271817579D0,-0.9976150346044497D0,                    0000059P   2252
-0.01059077167292434D0,0.0008020265061338695D0,                  0000059P   2253
-0.9976067986223793D0,-0.01235554634265135D0,                    0000059P   2254
0.0008026963142764453D0,-0.9975974495979001D0,                   0000059P   2255
-0.01412029557054421D0,0.0008034544434242594D0,                  0000059P   2256
-0.9975869232266373D0,-0.01588503271606533D0,                    0000059P   2257
0.0008043016775749095D0,-0.9975751545796406D0,                   0000059P   2258
-0.017649771502889D0,0.0008052388394870442D0,                    0000059P   2259
-0.9975620780927881D0,-0.01941452144352459D0,                    0000059P   2260
0.0008062667880597962D0,-0.9975476275255047D0,                   0000059P   2261
-0.02117928974162794D0,0.0008073864184219963D0,                  0000059P   2262
-0.997531735934815D0,-0.02294408075735522D0,                     0000059P   2263
0.0008085986609944327D0,-0.9975143356491583D0,                   0000059P   2264
-0.02470889611482266D0,0.0008099044807979332D0,                  0000059P   2265
-0.9974953582463957D0,-0.02647373461814433D0,                    0000059P   2266
0.000811304876647742D0,-0.9974747345347932D0,                    0000059P   2267
-0.02823859223085016D0,0.0008128008803541941D0,                  0000059P   2268
-0.9974523945385462D0,-0.03000346193258831D0,                    0000059P   2269
0.0008143935557633499D0,-0.9974282674841024D0,                   0000059P   2270
-0.03176833394211628D0,0.0008160839981359336D0,                  0000059P   2271
-0.9974022817966925D0,-0.03353319491364393D0,                    0000059P   2272
0.000817873332361899D0,-0.9973743651080944D0,                    0000059P   2273
-0.03529802882936975D0,0.0008197627131640587D0,                  0000059P   2274
-0.9973444441789266D0,-0.03706281617948078D0,                    0000059P   2275
0.0008217533220384705D0,-0.997312445236905D0,                    0000059P   2276
-0.03882753405352758D0,0.0008238463707850065D0,                  0000059P   2277
-0.9972782927394476D0,-0.04059215631480115D0,                    0000059P   2278
0.0008260430833487642D0,-0.9972419140614702D0,                   0000059P   2279
-0.04235665203298291D0,0.0008283447568157667D0,                  0000059P   2280
-0.9972032218145636D0,-0.04412099140120111D0,                    0000059P   2281
0.0008307525240785139D0,-0.997162023699067D0,                    0000059P   2282
-0.04588518506723994D0,0.0008332662041169686D0,                  0000059P   2283
-0.9971181343548541D0,-0.04764923773263054D0,                    0000059P   2284
0.0008358857769359259D0,-0.9970713637662657D0,                   0000059P   2285
-0.04941315312356341D0,0.000838611230455907D0,                   0000059P   2286
-0.9970215202049476D0,-0.05117693244186201D0,                    0000059P   2287
0.0008414425996599366D0,-0.9969684092852281D0,                   0000059P   2288
-0.05294057500967734D0,0.0008443799550203237D0,                  0000059P   2289
-0.9969118340367076D0,-0.0547040775909939D0,                     0000059P   2290
0.0008474234031642869D0,-0.9968515948953369D0,                   0000059P   2291
-0.05646743456618854D0,0.0008505730857136641D0,                  0000059P   2292
-0.9967874889990208D0,-0.05823063769253882D0,                    0000059P   2293
0.0008538291757545022D0,-0.9967193124073749D0,                   0000059P   2294
-0.05999367606627085D0,0.0008571918845943825D0,                  0000059P   2295
-0.9966468513728606D0,-0.06175653560879656D0,                    0000059P   2296
0.0008606614294513744D0,-0.9965699144975276D0,                   0000059P   2297
-0.06351920118497659D0,0.0008642381488141949D0,                  0000059P   2298
-0.9964882100808118D0,-0.0652816431824771D0,                     0000059P   2299
0.0008679220463228307D0,-0.9964008581087609D0,                   0000059P   2300
-0.067043753525853D0,0.0008717109423529315D0,                    0000059P   2301
-0.9963070282956811D0,-0.06880542657418098D0,                    0000059P   2302
0.0008756028635067242D0,-0.9962058663267798D0,                   0000059P   2303
-0.07056654779888066D0,0.0008795957615103187D0,                  0000059P   2304
-0.9960965134666857D0,-0.0723269956409084D0,                     0000059P   2305
0.0008836875837729054D0,-0.9959781012521473D0,                   0000059P   2306
-0.07408663974110079D0,0.0008878762493088779D0,                  0000059P   2307
-0.9958497529470489D0,-0.07584533824964135D0,                    0000059P   2308
0.0008921596443367776D0,-0.9957105836652255D0,                   0000059P   2309
-0.07760293787580216D0,0.0008965356201123913D0,                  0000059P   2310
-0.9955596994116425D0,-0.07935926841374889D0,                    0000059P   2311
0.0009010019697319938D0,-0.9953962029928375D0,                   0000059P   2312
-0.08111415074696122D0,0.0009055564695922063D0,                  0000059P   2313
-0.9952191724271262D0,-0.082867378715277D0,                      0000059P   2314
0.0009101967377491729D0,-0.9950277471871246D0,                   0000059P   2315
-0.08461874882261813D0,0.0009149206477279677D0,                  0000059P   2316
-0.9948208048357521D0,-0.08636797056977152D0,                    0000059P   2317
0.0009197248074896713D0,-0.994594499305273D0,                    0000059P   2318
-0.08811418714220244D0,0.0009245936326557813D0,                  0000059P   2319
-0.9943451610175772D0,-0.08985648370713883D0,                    0000059P   2320
0.0009295119786114014D0,-0.9940690749269021D0,                   0000059P   2321
-0.09159382951150663D0,0.0009344640860572202D0,                  0000059P   2322
-0.9937625515605125D0,-0.09332506284805095D0,                    0000059P   2323
0.000939433720929582D0,-0.9934219612358713D0,                    0000059P   2324
-0.09504888381163004D0,0.0009444043470713818D0,                  0000059P   2325
-0.9930436537134718D0,-0.09676377843667752D0,                    0000059P   2326
0.0009493580250059949D0,-0.9926187211286389D0,                   0000059P   2327
-0.09846579740885363D0,0.000954227789313776D0,                   0000059P   2328
-0.9921385590730954D0,-0.1001504939957386D0,                     0000059P   2329
0.0009589460831268526D0,-0.9915949323807601D0,                   0000059P   2330
-0.1018128099536997D0,0.0009634442570258186D0,                   0000059P   2331
-0.9909801180276154D0,-0.1034469548214589D0,                     0000059P   2332
0.0009676519031833694D0,-0.9902875091484452D0,                   0000059P   2333
-0.1050466763067433D0,0.000971502987795535D0,                    0000059P   2334
-0.9895057433525737D0,-0.1066008615562377D0,                     0000059P   2335
0.000974834941530359D0,-0.9886239336173039D0,                    0000059P   2336
-0.1080962599663901D0,0.0009774768655787195D0,                   0000059P   2337
-0.9876328348981548D0,-0.1095177513223221D0,                     0000059P   2338
0.0009792587616235956D0,-0.9865254852833153D0,                   0000059P   2339
-0.1108478673091616D0,0.0009800103853946696D0,                   0000059P   2340
-0.9853114658811162D0,-0.1120801430990664D0,                     0000059P   2341
0.0009797301908400051D0,-0.9839996819161371D0,                   0000059P   2342
-0.1132089184873899D0,0.0009784208857017418D0,                   0000059P   2343
-0.9825964979901533D0,-0.1142254103931818D0,                     0000059P   2344
0.0009760483691230719D0,-0.9811158524199837D0,                   0000059P   2345
-0.11513129427222D0,0.0009727148685167227D0,                     0000059P   2346
-0.9795738511797447D0,-0.1159359463072761D0,                     0000059P   2347
0.0009685927293081978D0,-0.9779840338625371D0,                   0000059P   2348
-0.1166496014854816D0,0.0009638450274605509D0,                   0000059P   2349
-0.9763565125122365D0,-0.117281428755161D0,                      0000059P   2350
0.0009585914111940885D0,-0.9746988804587171D0,                   0000059P   2351
-0.117839832875776D0,0.0009529159172112253D0,                    0000059P   2352
-0.9730181036546225D0,-0.1183344766552936D0,                     0000059P   2353
0.0009469092089770335D0,-0.9713202840389241D0,                   0000059P   2354
-0.1187756790039176D0,0.0009406599871548352D0,                   0000059P   2355
-0.9696103808598285D0,-0.1191731512314147D0,                     0000059P   2356
0.0009342467417021445D0,-0.9678901808857543D0,                   0000059P   2357
-0.1195303481165685D0,0.0009276887628972494D0,                   0000059P   2358
-0.9661615290831389D0,-0.1198514601033284D0,                     0000059P   2359
0.0009210102093874628D0,-0.9644260021233724D0,                   0000059P   2360
-0.1201406008474257D0,0.0009142331217664815D0,                   0000059P   2361
-0.96268501795536D0,-0.1204019853262913D0,                       0000059P   2362
0.0009073792898626737D0,-0.9609398379005721D0,                   0000059P   2363
-0.1206398057656083D0,0.0009004696481830549D0,                   0000059P   2364
-0.9591916266635861D0,-0.1208583639915812D0,                     0000059P   2365
0.0008935251022622717D0,-0.9574413508229531D0,                   0000059P   2366
-0.1210615181030926D0,0.0008865640377332708D0,                   0000059P   2367
-0.9556891689096942D0,-0.1212500142883438D0,                     0000059P   2368
0.0008795897425015317D0,-0.9539352944052455D0,                   0000059P   2369
-0.121424861559699D0,0.0008726067040912272D0,                    0000059P   2370
-0.9521799074894497D0,-0.1215869862367215D0,                     0000059P   2371
0.0008656189455341085D0,-0.9504231793617539D0,                   0000059P   2372
-0.121737323782813D0,0.0008586304747074933D0,                    0000059P   2373
-0.9486652703857774D0,-0.1218767932588922D0,                     0000059P   2374
0.000851645183295887D0,-0.9469063303152426D0,                    0000059P   2375
-0.1220063037909187D0,0.0008446668735609344D0,                   0000059P   2376
-0.9451465012332003D0,-0.1221267522687338D0,                     0000059P   2377
0.0008376992637576922D0,-0.9433859165200585D0,                   0000059P   2378
-0.1222390236979113D0,0.0008307459862408255D0,                   0000059P   2379
-0.941624704618128D0,-0.12234399062291D0,                        0000059P   2380
0.0008238106021178597D0,-0.9398629898390828D0,                   0000059P   2381
-0.1224425129884718D0,0.0008168966044214115D0,                   0000059P   2382
-0.9381008854532529D0,-0.1225354382910641D0,                     0000059P   2383
0.0008100073909774142D0,-0.9363385186009492D0,                   0000059P   2384
-0.1226236001408593D0,0.0008031463611356979D0,                   0000059P   2385
-0.9345759905751458D0,-0.1227078200890124D0,                     0000059P   2386
0.0007963167599936045D0,-0.9328134185734188D0,                   0000059P   2387
-0.1227889053689069D0,0.0007895218406005218D0,                   0000059P   2388
-0.9316384137020438D0,-0.1228414015196432D0,                     0000059P   2389
0.0007850171241840002D0,-0.9310509403963434D0,                   0000059P   2390
-0.1228673894938817D0,0.0007827715926382522D0,                   0000059P   2391
-0.9981403340658611D0,-7.240079686901165D-07,                    0000059P   2392
8.305375809834759D-12,-0.9981396149389582D0,                     0000059P   2393
-0.0005889749288837459D0,8.30466821926256D-12,                   0000059P   2394
-0.9981379720672136D0,-0.001765546493768088D0,                   0000059P   2395
8.303409972997449D-12,-0.9981348431733327D0,                     0000059P   2396
-0.003530576768984103D0,8.301934152333853D-12,                   0000059P   2397
-0.9981309984623031D0,-0.005295747573955619D0,                   0000059P   2398
8.300826323475444D-12,-0.9981263860886225D0,                     0000059P   2399
-0.007061028946132124D0,8.300027560715638D-12,                   0000059P   2400
-0.9981209535300962D0,-0.008826393433212096D0,                   0000059P   2401
8.299494139982455D-12,-0.9981146475095355D0,                     0000059P   2402
-0.01059181638383496D0,8.299172027593632D-12,                    0000059P   2403
-0.9981074139240133D0,-0.01235727531040447D0,                    0000059P   2404
8.299008506863852D-12,-0.998099197760963D0,                      0000059P   2405
-0.01412275176497368D0,8.298955252209019D-12,                    0000059P   2406
-0.9980899430449451D0,-0.01588822672602755D0,                    0000059P   2407
8.298958067069277D-12,-0.9980795927334607D0,                     0000059P   2408
-0.01765368669936739D0,8.298962657308128D-12,                    0000059P   2409
-0.9980680886612397D0,-0.01941911912691655D0,                    0000059P   2410
8.298922291114015D-12,-0.9980553714540406D0,                     0000059P   2411
-0.02118451429481579D0,8.298774071160273D-12,                    0000059P   2412
-0.9980413804521742D0,-0.0229498648223291D0,                     0000059P   2413
8.298470566492324D-12,-0.9980260536297582D0,                     0000059P   2414
-0.02471516581186011D0,8.297951822768818D-12,                    0000059P   2415
-0.9980093275133197D0,-0.02648041482618512D0,                    0000059P   2416
8.297165190928658D-12,-0.9979911370983909D0,                     0000059P   2417
-0.0282456119480425D0,8.296050431474748D-12,                     0000059P   2418
-0.9979714157652049D0,-0.03001075973544453D0,                    0000059P   2419
8.294549219431392D-12,-0.9979500951896535D0,                     0000059P   2420
-0.03177586356428476D0,8.292604788476527D-12,                    0000059P   2421
-0.9979271052583686D0,-0.03354093095662864D0,                    0000059P   2422
8.290151897891538D-12,-0.9979023739849238D0,                     0000059P   2423
-0.03530597265061028D0,8.287133251341457D-12,                    0000059P   2424
-0.9978758273552173D0,-0.03707100188176658D0,                    0000059P   2425
8.28348158504005D-12,-0.9978473894922829D0,                      0000059P   2426
-0.03883603495289064D0,8.279133588206439D-12,                    0000059P   2427
-0.9978169815767307D0,-0.0406010905753206D0,                     0000059P   2428
8.274023358096071D-12,-0.9977845254170759D0,                     0000059P   2429
-0.04236619245999296D0,8.268077745866408D-12,                    0000059P   2430
-0.9977499294303909D0,-0.04413136063453021D0,                    0000059P   2431
8.261247698035501D-12,-0.9977130170610716D0,                     0000059P   2432
-0.04589657135227601D0,8.253673448894958D-12,                    0000059P   2433
-0.9976736145407741D0,-0.04766180471772759D0,                    0000059P   2434
8.245477373031192D-12,-0.9976315415475394D0,                     0000059P   2435
-0.04942704015655212D0,8.236791172992679D-12,                    0000059P   2436
-0.9975866132619113D0,-0.05119225741227557D0,                    0000059P   2437
8.227744663260032D-12,-0.997538639350478D0,                      0000059P   2438
-0.05295743651993957D0,8.218468159447819D-12,                    0000059P   2439
-0.9974874237263779D0,-0.05472255734088634D0,                    0000059P   2440
8.209096414351776D-12,-0.9974327642337103D0,                     0000059P   2441
-0.05648759969246976D0,8.199765446548101D-12,                    0000059P   2442
-0.9973744517144419D0,-0.05825254327880607D0,                    0000059P   2443
8.190612833172154D-12,-0.9973122715243266D0,                     0000059P   2444
-0.06001736728770008D0,8.18178166176827D-12,                     0000059P   2445
-0.9972459957542384D0,-0.06178205150730666D0,                    0000059P   2446
8.173409634282156D-12,-0.9971754100181729D0,                     0000059P   2447
-0.06354657270046048D0,8.165667072938368D-12,                    0000059P   2448
-0.99710020921663D0,-0.0653109134461337D0,8.15862294847223D-12,  0000059P   2449
-0.9970195789870742D0,-0.0670750769195311D0,                     0000059P   2450
8.151747788991047D-12,-0.9969327343515556D0,                     0000059P   2451
-0.06883905180166247D0,8.144558031895789D-12,                    0000059P   2452
-0.9968388562699554D0,-0.07060281434776346D0,                    0000059P   2453
8.136546143421561D-12,-0.9967371069312965D0,                     0000059P   2454
-0.07236632631731132D0,8.127199921383783D-12,                    0000059P   2455
-0.9966266239458099D0,-0.07412953385831922D0,                    0000059P   2456
8.115991586785819D-12,-0.9965065201775436D0,                     0000059P   2457
-0.07589236421269682D0,8.102386827391659D-12,                    0000059P   2458
-0.9963758823932021D0,-0.07765472533901198D0,                    0000059P   2459
8.085834493817512D-12,-0.9962337688536463D0,                     0000059P   2460
-0.07941650028906277D0,8.065772100219327D-12,                    0000059P   2461
-0.9960792129629026D0,-0.08117755346806342D0,                    0000059P   2462
8.041619329621565D-12,-0.9959112022053551D0,                     0000059P   2463
-0.08293771663221183D0,8.012809570776701D-12,                    0000059P   2464
-0.9957287538104657D0,-0.08469680038285665D0,                    0000059P   2465
7.978638389854611D-12,-0.9955306223973979D0,                     0000059P   2466
-0.0864545701447067D0,7.938862826635074D-12,                     0000059P   2467
-0.9953130429691254D0,-0.08821066904842161D0,                    0000059P   2468
7.898362973248769D-12,-0.9950723431471828D0,                     0000059P   2469
-0.08996455362755312D0,7.861800605361684D-12,                    0000059P   2470
-0.9948047428114611D0,-0.09171547785588179D0,                    0000059P   2471
7.834049637768319D-12,-0.994506416091927D0,                      0000059P   2472
-0.09346246401545935D0,7.820049152487244D-12,                    0000059P   2473
-0.9941735283841785D0,-0.0952042721563273D0,                     0000059P   2474
7.824960830785676D-12,-0.993802149924218D0,                      0000059P   2475
-0.09693939302109666D0,7.853604231301352D-12,                    0000059P   2476
-0.9933825928676782D0,-0.09866556387621291D0,                    0000059P   2477
7.883391472367154D-12,-0.9929054054534114D0,                     0000059P   2478
-0.100379432997674D0,7.891816594451276D-12,                      0000059P   2479
-0.9923614930694915D0,-0.1020764892273891D0,                     0000059P   2480
7.855736628607688D-12,-0.9917423104915556D0,                     0000059P   2481
-0.1037509101547618D0,7.753180184017959D-12,                     0000059P   2482
-0.9910406562435728D0,-0.1053958038252846D0,                     0000059P   2483
7.558537045710039D-12,-0.9902426185797356D0,                     0000059P   2484
-0.1070006129417032D0,7.355161161799387D-12,                     0000059P   2485
-0.9893354033476724D0,-0.1085512205285088D0,                     0000059P   2486
7.232351179299446D-12,-0.988308937330145D0,                      0000059P   2487
-0.1100303228369108D0,7.275082847587747D-12,                     0000059P   2488
-0.9871569820874959D0,-0.1114171159762156D0,                     0000059P   2489
7.576790493099961D-12,-0.9858910164956561D0,                     0000059P   2490
-0.1127015539554014D0,7.960164867222762D-12,                     0000059P   2491
-0.9845224895511239D0,-0.1138751643785366D0,                     0000059P   2492
8.25176887068338D-12,-0.9830610274301924D0,                      0000059P   2493
-0.1149269230121292D0,8.232243980369338D-12,                     0000059P   2494
-0.9815239899204619D0,-0.1158577456609693D0,                     0000059P   2495
7.964790505423744D-12,-0.9799298747776755D0,                     0000059P   2496
-0.1166779469473659D0,7.642500018507951D-12,                     0000059P   2497
-0.9782931063365744D0,-0.1174000779698778D0,                     0000059P   2498
7.456474904035989D-12,-0.9766242959828767D0,                     0000059P   2499
-0.1180348714580933D0,7.454020315925209D-12,                     0000059P   2500
-0.9749315233237031D0,-0.1185914351251187D0,                     0000059P   2501
7.556698073318179D-12,-0.9732213059068469D0,                     0000059P   2502
-0.1190805859025429D0,7.714351580967167D-12,                     0000059P   2503
-0.9714984930863598D0,-0.1195137988436365D0,                     0000059P   2504
7.867944108965297D-12,-0.9697663548903476D0,                     0000059P   2505
-0.1199018169913112D0,7.970616638168621D-12,                     0000059P   2506
-0.9680269333558257D0,-0.1202484506839208D0,                     0000059P   2507
8.035449893357125D-12,-0.9662819742966027D0,                     0000059P   2508
-0.1205582400481873D0,8.06993707787773D-12,                      0000059P   2509
-0.9645328441036515D0,-0.1208355558882098D0,                     0000059P   2510
8.082868599365822D-12,-0.9627805858431429D0,                     0000059P   2511
-0.1210847907648716D0,8.082451933089017D-12,                     0000059P   2512
-0.9610259599552958D0,-0.1213102292282965D0,                     0000059P   2513
8.076670971296573D-12,-0.9592694756243856D0,                     0000059P   2514
-0.1215161693357171D0,8.073531654523071D-12,                     0000059P   2515
-0.9575114403353101D0,-0.1217064148878324D0,                     0000059P   2516
8.079591944327428D-12,-0.9557521375537876D0,                     0000059P   2517
-0.1218818897448305D0,8.092745903204047D-12,                     0000059P   2518
-0.9539918114745368D0,-0.1220437305918898D0,                     0000059P   2519
8.111715350156634D-12,-0.9522306677150968D0,                     0000059P   2520
-0.1221929701356321D0,8.135065712296914D-12,                     0000059P   2521
-0.9504688760461751D0,-0.1223306232391421D0,                     0000059P   2522
8.161470201196348D-12,-0.9487065764751078D0,                     0000059P   2523
-0.1224576649157519D0,8.189636280098611D-12,                     0000059P   2524
-0.9469438793812106D0,-0.1225750378043027D0,                     0000059P   2525
8.218324559855767D-12,-0.9451808704242272D0,                     0000059P   2526
-0.1226836515489123D0,8.246336664890914D-12,                     0000059P   2527
-0.9434176108235307D0,-0.1227843845937652D0,                     0000059P   2528
8.272523406208382D-12,-0.9416541425203393D0,                     0000059P   2529
-0.1228780850978348D0,8.29577398120991D-12,                      0000059P   2530
-0.9398904902611075D0,-0.122965572218218D0,                      0000059P   2531
8.315021077439707D-12,-0.9381266558985553D0,                     0000059P   2532
-0.1230476376036274D0,8.329239064043721D-12,                     0000059P   2533
-0.9363626444774448D0,-0.1231250454579464D0,                     0000059P   2534
8.337433437022073D-12,-0.9345984255538323D0,                     0000059P   2535
-0.1231985354167319D0,8.33865459751943D-12,                      0000059P   2536
-0.9328339760509224D0,-0.1232688218624254D0,                     0000059P   2537
8.33198451843364D-12,-0.9316574964321276D0,                      0000059P   2538
-0.1233140042932921D0,8.321687869636021D-12,                     0000059P   2539
-0.9310692042687366D0,-0.1233362882852251D0,                     0000059P   2540
8.314935870910867D-12,-0.9976444987841204D0,                     0000059P   2541
-3.364808470440142D-07,-0.0007998373414281139D0,                 0000059P   2542
-0.9976436517607163D0,-0.0005888403584196258D0,                  0000059P   2543
-0.0007998747456955904D0,-0.9976417322402739D0,                  0000059P   2544
-0.001765778111938019D0,-0.0007999775320109482D0,                0000059P   2545
-0.9976381152859013D0,-0.003531008731145931D0,                   0000059P   2546
-0.000800216149625572D0,-0.9976336991278247D0,                   0000059P   2547
-0.00529609576127389D0,-0.0008005397499890216D0,                 0000059P   2548
-0.9976284218844956D0,-0.007061068293792509D0,                   0000059P   2549
-0.0008009489202806967D0,-0.9976222212793913D0,                  0000059P   2550
-0.0088259524349524D0,-0.0008014442884297703D0,                  0000059P   2551
-0.9976150345904029D0,-0.01059077167288297D0,                    0000059P   2552
-0.0008020265227448877D0,-0.9976067986083157D0,                  0000059P   2553
-0.01235554634259165D0,-0.0008026963308858608D0,                 0000059P   2554
-0.9975974495838198D0,-0.01412029557046558D0,                    0000059P   2555
-0.0008034544600316734D0,-0.9975869232125366D0,                  0000059P   2556
-0.015885032715968D0,-0.0008043016941799428D0,                   0000059P   2557
-0.9975751545655155D0,-0.01764977150277374D0,                    0000059P   2558
-0.0008052388560893371D0,-0.9975620780786406D0,                  0000059P   2559
-0.01941452144339295D0,-0.0008062668046590232D0,                 0000059P   2560
-0.9975476275113263D0,-0.02117928974148153D0,                    0000059P   2561
-0.0008073864350178353D0,-0.9975317359206084D0,                  0000059P   2562
-0.02294408075719618D0,-0.0008085986775865948D0,                 0000059P   2563
-0.9975143356349168D0,-0.02470889611465292D0,                    0000059P   2564
-0.0008099044973861396D0,-0.9974953582321192D0,                  0000059P   2565
-0.02647373461796603D0,-0.0008113048932317386D0,                 0000059P   2566
-0.9974747345204769D0,-0.02823859223066499D0,                    0000059P   2567
-0.0008128008969337376D0,-0.9974523945241858D0,                  0000059P   2568
-0.03000346193239763D0,-0.0008143935723382123D0,                 0000059P   2569
-0.9974282674696979D0,-0.03176833394192104D0,                    0000059P   2570
-0.0008160840147059066D0,-0.9974022817822386D0,                  0000059P   2571
-0.03353319491344422D0,-0.0008178733489267778D0,                 0000059P   2572
-0.9973743650935887D0,-0.03529802882916499D0,                    0000059P   2573
-0.0008197627297236609D0,-0.9973444441643682D0,                  0000059P   2574
-0.03706281617926926D0,-0.0008217533385926144D0,                 0000059P   2575
-0.9973124452222881D0,-0.03882753405330651D0,                    0000059P   2576
-0.0008238463873335245D0,-0.9972782927247711D0,                  0000059P   2577
-0.04059215631456627D0,-0.0008260430998914928D0,                 0000059P   2578
-0.9972419140467312D0,-0.04235665203272868D0,                    0000059P   2579
-0.0008283447733525527D0,-0.9972032217997621D0,                  0000059P   2580
-0.04412099140092032D0,-0.0008307525406091884D0,                 0000059P   2581
-0.9971620236842011D0,-0.04588518506692705D0,                    0000059P   2582
-0.0008332662206411144D0,-0.997118134339917D0,                   0000059P   2583
-0.04764923773228088D0,-0.0008358857934528984D0,                 0000059P   2584
-0.9970713637512577D0,-0.04941315312317347D0,                    0000059P   2585
-0.0008386112469648294D0,-0.9970215201898663D0,                  0000059P   2586
-0.05117693244142944D0,-0.0008414426161596973D0,                 0000059P   2587
-0.9969684092700674D0,-0.05294057500920055D0,                    0000059P   2588
-0.0008443799715095705D0,-0.9969118340214671D0,                  0000059P   2589
-0.05470407759047229D0,-0.0008474234196414314D0,                 0000059P   2590
-0.9968515948800121D0,-0.05646743456562233D0,                    0000059P   2591
-0.0008505731021768757D0,-0.99678748898361D0,                    0000059P   2592
-0.058230637691929D0,-0.0008538291922017056D0,                   0000059P   2593
-0.9967193123918754D0,-0.05999367606561903D0,                    0000059P   2594
-0.0008571919010232563D0,-0.996646851357271D0,                   0000059P   2595
-0.06175653560810508D0,-0.0008606614458593503D0,                 0000059P   2596
-0.9965699144818465D0,-0.06351920118424824D0,                    0000059P   2597
-0.0008642381651984376D0,-0.9964882100650382D0,                  0000059P   2598
-0.06528164318171503D0,-0.0008679220626803244D0,                 0000059P   2599
-0.9964008580928942D0,-0.06704375352505559D0,                    0000059P   2600
-0.000871710958681096D0,-0.996307028279716D0,                    0000059P   2601
-0.0688054265733434D0,-0.0008756028798033433D0,                  0000059P   2602
-0.9962058663107152D0,-0.07056654779799418D0,                    0000059P   2603
-0.0008795957777735624D0,-0.9960965134505154D0,                  0000059P   2604
-0.07232699563996106D0,-0.0008836876000013264D0,                 0000059P   2605
-0.9959781012358705D0,-0.07408663974007766D0,                    0000059P   2606
-0.0008878762655014074D0,-0.995849752930662D0,                   0000059P   2607
-0.07584533824852435D0,-0.0008921596604927317D0,                 0000059P   2608
-0.9957105836487266D0,-0.07760293787457077D0,                    0000059P   2609
-0.0008965356362314687D0,-0.9955596993950339D0,                  0000059P   2610
-0.07935926841237993D0,-0.0009010019858142668D0,                 0000059P   2611
-0.9953962029761176D0,-0.08111415074542937D0,                    0000059P   2612
-0.0009055564856381413D0,-0.9952191724103037D0,                  0000059P   2613
-0.08286737871355498D0,-0.0009101967537595893D0,                 0000059P   2614
-0.9950277471702045D0,-0.08461874882067681D0,                    0000059P   2615
-0.0009149206637041516D0,-0.9948208048187499D0,                  0000059P   2616
-0.08636797056758055D0,-0.0009197248234329599D0,                 0000059P   2617
-0.9945944992881892D0,-0.08811418713973503D0,                    0000059P   2618
-0.0009245936485632085D0,-0.9943451610004149D0,                  0000059P   2619
-0.08985648370437459D0,-0.0009295119944760379D0,                 0000059P   2620
-0.9940690749096622D0,-0.09159382950843385D0,                    0000059P   2621
-0.0009344641018681028D0,-0.9937625515431908D0,                  0000059P   2622
-0.0933250628446695D0,-0.0009394337366718225D0,                  0000059P   2623
-0.993421961218471D0,-0.09504888380795462D0,                     0000059P   2624
-0.0009444043627260994D0,-0.9930436536959918D0,                  0000059P   2625
-0.09676377843273752D0,-0.0009493580405508172D0,                 0000059P   2626
-0.9926187211111126D0,-0.09846579740457498D0,                    0000059P   2627
-0.0009542278047472093D0,-0.9921385590555817D0,                  0000059P   2628
-0.1001504939909591D0,-0.000958946098467624D0,                   0000059P   2629
-0.9915949323633534D0,-0.1018128099481811D0,                     0000059P   2630
-0.0009634442723129668D0,-0.990980118010434D0,                   0000059P   2631
-0.1034469548149021D0,-0.0009676519184749154D0,                  0000059P   2632
-0.9902875091316307D0,-0.1050466762987959D0,                     0000059P   2633
-0.0009715030031709313D0,-0.9895057433363498D0,                  0000059P   2634
-0.1066008615466746D0,-0.0009748349570039344D0,                  0000059P   2635
-0.9886239336019557D0,-0.1080962599551527D0,                     0000059P   2636
-0.000977476881096998D0,-0.9876328348840079D0,                   0000059P   2637
-0.1095177513095387D0,-0.0009792587770697874D0,                  0000059P   2638
-0.9865254852707087D0,-0.110847867295179D0,                      0000059P   2639
-0.0009800104005818035D0,-0.985311465870123D0,                   0000059P   2640
-0.1120801430841916D0,-0.000979730205723759D0,                   0000059P   2641
-0.9839996819065593D0,-0.113208918471869D0,                      0000059P   2642
-0.0009784209003759936D0,-0.9825964979814275D0,                  0000059P   2643
-0.1142254103771782D0,-0.0009760483838594907D0,                  0000059P   2644
-0.9811158524116425D0,-0.1151312942558659D0,                     0000059P   2645
-0.0009727148835359291D0,-0.9795738511716466D0,                  0000059P   2646
-0.1159359462906808D0,-0.0009685927446722821D0,                  0000059P   2647
-0.9779840338549137D0,-0.1166496014686857D0,                     0000059P   2648
-0.0009638450430710476D0,-0.9763565125053937D0,                  0000059P   2649
-0.1172814287381852D0,-0.0009585914269075777D0,                  0000059P   2650
-0.97469888045278D0,-0.1178398328586625D0,                       0000059P   2651
-0.0009529159329442819D0,-0.9730181036496051D0,                  0000059P   2652
-0.1183344766380916D0,-0.0009469092246841059D0,                  0000059P   2653
-0.9713202840347289D0,-0.1187756789866849D0,                     0000059P   2654
-0.0009406600028372524D0,-0.9696103808562865D0,                  0000059P   2655
-0.119173151214214D0,-0.000934246757399938D0,                    0000059P   2656
-0.9678901808827185D0,-0.1195303480994483D0,                     0000059P   2657
-0.0009276887786398671D0,-0.9661615290804755D0,                  0000059P   2658
-0.1198514600863251D0,-0.0009210102251980989D0,                  0000059P   2659
-0.9644260021209768D0,-0.1201406008305654D0,                     0000059P   2660
-0.0009142331376608081D0,-0.9626850179531494D0,                  0000059P   2661
-0.1204019853095917D0,-0.0009073793058490983D0,                  0000059P   2662
-0.9609398378984951D0,-0.1206398057490802D0,                     0000059P   2663
-0.0009004696642626906D0,-0.9591916266616233D0,                  0000059P   2664
-0.1208583639752317D0,-0.0008935251184286835D0,                  0000059P   2665
-0.9574413508211211D0,-0.1210615180869259D0,                     0000059P   2666
-0.0008865640539735783D0,-0.9556891689079974D0,                  0000059P   2667
-0.1212500142723618D0,-0.0008795897588045351D0,                  0000059P   2668
-0.9539352944036892D0,-0.121424861543901D0,                      0000059P   2669
-0.0008726067204467055D0,-0.9521799074880293D0,                  0000059P   2670
-0.1215869862211052D0,-0.0008656189619330121D0,                  0000059P   2671
-0.9504231793604663D0,-0.1217373237673753D0,                     0000059P   2672
-0.0008586304911418968D0,-0.9486652703846155D0,                  0000059P   2673
-0.1218767932436285D0,-0.0008516451997590093D0,                  0000059P   2674
-0.9469063303141964D0,-0.1220063037758254D0,                     0000059P   2675
-0.0008446668900471381D0,-0.9451465012322579D0,                  0000059P   2676
-0.1221267522538068D0,-0.0008376992802624788D0,                  0000059P   2677
-0.9433859165192096D0,-0.1222390236831477D0,                     0000059P   2678
-0.0008307460027608456D0,-0.9416247046173579D0,                  0000059P   2679
-0.1223439906083083D0,-0.0008238106186509049D0,                  0000059P   2680
-0.9398629898383792D0,-0.1224425129740325D0,                     0000059P   2681
-0.0008168966209664171D0,-0.9381008854526052D0,                  0000059P   2682
-0.1225354382767897D0,-0.0008100074075344619D0,                  0000059P   2683
-0.9363385186003447D0,-0.1226236001267547D0,                     0000059P   2684
-0.0008031463777059994D0,-0.9345759905745743D0,                  0000059P   2685
-0.122707820075086D0,-0.0007963167765795125D0,                   0000059P   2686
-0.9328134185728737D0,-0.1227889053551707D0,                     0000059P   2687
-0.0007895218572055192D0,-0.9316384137015106D0,                  0000059P   2688
-0.1228414015060437D0,-0.0007850171408047916D0,                  0000059P   2689
-0.9310509403958168D0,-0.1228673894803541D0,                     0000059P   2690
-0.0007827716092678957D0,-0.9972142101875949D0,                  0000059P   2691
-1.826701505045774D-10,-0.0009468098594281827D0,                 0000059P   2692
-0.9972132907342006D0,-0.0005887236087652423D0,                  0000059P   2693
-0.0009468230377021591D0,-0.9972112339217467D0,                  0000059P   2694
-0.001765979095161582D0,-0.0009468618470071018D0,                0000059P   2695
-0.9972074258067984D0,-0.003531383276590206D0,                   0000059P   2696
-0.0009469571443721583D0,-0.9972028255934925D0,                  0000059P   2697
-0.005296397393593866D0,-0.0009470892578749938D0,                0000059P   2698
-0.997197364038434D0,-0.007061102239677651D0,                    0000059P   2699
-0.0009472579275855889D0,-0.9971909718421064D0,                  0000059P   2700
-0.00882557092012882D0,-0.0009474628997902708D0,                 0000059P   2701
-0.9971835796362175D0,-0.01058986922523062D0,                    0000059P   2702
-0.0009477039262115537D0,-0.9971751179797999D0,                  0000059P   2703
-0.01235405513254327D0,-0.0009479807630435124D0,                 0000059P   2704
-0.9971655173456981D0,-0.01411818077109843D0,                    0000059P   2705
-0.000948293170474312D0,-0.9971547081474929D0,                   0000059P   2706
-0.01588228788201479D0,-0.0009486409110473126D0,                 0000059P   2707
-0.9971426207120477D0,-0.01764641395888835D0,                    0000059P   2708
-0.0009490237499488693D0,-0.9971291853140443D0,                  0000059P   2709
-0.01941058768117385D0,-0.000949441453431575D0,                  0000059P   2710
-0.9971143321805208D0,-0.0211748308191136D0,                     0000059P   2711
-0.0009498937883718083D0,-0.9970979915126248D0,                  0000059P   2712
-0.02293915769942186D0,-0.000950380521421915D0,                  0000059P   2713
-0.9970800935085057D0,-0.02470357531034611D0,                    0000059P   2714
-0.0009509014182833557D0,-0.9970605683918293D0,                  0000059P   2715
-0.02646808321357939D0,-0.0009514562429540625D0,                 0000059P   2716
-0.997039346444625D0,-0.02823267351828441D0,                     0000059P   2717
-0.0009520447570017824D0,-0.9970163580458175D0,                  0000059P   2718
-0.02999733073237842D0,-0.0009526667187951332D0,                 0000059P   2719
-0.996991533711947D0,-0.03176203197882591D0,                     0000059P   2720
-0.0009533218829066821D0,-0.9969648041479496D0,                  0000059P   2721
-0.03352674619203429D0,-0.0009540099990367258D0,                 0000059P   2722
-0.9969361003148826D0,-0.0352914349909563D0,                     0000059P   2723
-0.000954730811951126D0,-0.9969053533928857D0,                   0000059P   2724
-0.03705605192109707D0,-0.0009554840593932329D0,                 0000059P   2725
-0.9968724952368361D0,-0.03882054231738032D0,                    0000059P   2726
-0.0009562694755520352D0,-0.9968374569705541D0,                  0000059P   2727
-0.04058484435069157D0,-0.0009570867750990611D0,                 0000059P   2728
-0.9968001745739726D0,-0.04234888424593903D0,                    0000059P   2729
-0.0009579357092414375D0,-0.9967605680686952D0,                  0000059P   2730
-0.04411259444727174D0,-0.0009588158502261154D0,                 0000059P   2731
-0.9967184361384017D0,-0.04587601674390394D0,                    0000059P   2732
-0.0009597255311473694D0,-0.9966735882005775D0,                  0000059P   2733
-0.04763917861503606D0,-0.0009606631962223145D0,                 0000059P   2734
-0.9966258308586601D0,-0.04940210606359348D0,                    0000059P   2735
-0.0009616272612248975D0,-0.9965749715353911D0,                  0000059P   2736
-0.05116481997217905D0,-0.000962616150002537D0,                  0000059P   2737
-0.9965208175148248D0,-0.05292733732040342D0,                    0000059P   2738
-0.000963628284147417D0,-0.9964631761869753D0,                   0000059P   2739
-0.0546896703555335D0,-0.0009646620848035734D0,                  0000059P   2740
-0.9964018551869559D0,-0.05645182683494519D0,                    0000059P   2741
-0.000965715971818832D0,-0.99633666175941D0,                     0000059P   2742
-0.05821380969431587D0,-0.0009667883626076181D0,                 0000059P   2743
-0.996267405397927D0,-0.05997561733329989D0,                     0000059P   2744
-0.0009678776748090698D0,-0.9961938882193743D0,                  0000059P   2745
-0.06173724191672317D0,-0.000968982314323962D0,                  0000059P   2746
-0.9961159411434594D0,-0.0634986759221168D0,                     0000059P   2747
-0.0009701007189619338D0,-0.9960332866163896D0,                  0000059P   2748
-0.06525988187413367D0,-0.0009712311878871359D0,                 0000059P   2749
-0.9959449980928792D0,-0.06702067111962635D0,                    0000059P   2750
-0.0009723712074915258D0,-0.995850215703016D0,                   0000059P   2751
-0.06878087294435478D0,-0.0009735183473897459D0,                 0000059P   2752
-0.9957480639650818D0,-0.07054031290313555D0,                    0000059P   2753
-0.0009746701565996396D0,-0.9956376743291607D0,                  0000059P   2754
-0.07229881756450221D0,-0.000975824191866311D0,                  0000059P   2755
-0.9955181797033141D0,-0.07405621207948689D0,                    0000059P   2756
-0.000976978010518163D0,-0.9953887165297628D0,                   0000059P   2757
-0.07581231775632766D0,-0.0009781291714970257D0,                 0000059P   2758
-0.9952484253193348D0,-0.07756695219036332D0,                    0000059P   2759
-0.0009792752362660735D0,-0.9950964499770206D0,                  0000059P   2760
-0.07931992364697962D0,-0.0009804137653587988D0,                 0000059P   2761
-0.9949319445277606D0,-0.08107103997628749D0,                    0000059P   2762
-0.0009815423292994479D0,-0.9947540501203669D0,                  0000059P   2763
-0.08282008731795425D0,-0.0009826584816621383D0,                 0000059P   2764
-0.9945619880100866D0,-0.08456687192046571D0,                    0000059P   2765
-0.000983759842303216D0,-0.994354712089204D0,                    0000059P   2766
-0.08631108507068878D0,-0.0009848438067985191D0,                 0000059P   2767
-0.994128301902413D0,-0.08805156395406728D0,                     0000059P   2768
-0.0009859055503622339D0,-0.9938790708343103D0,                  0000059P   2769
-0.08978718635295239D0,-0.0009869404246587688D0,                 0000059P   2770
-0.9936033253089885D0,-0.09151677956127094D0,                    0000059P   2771
-0.000987943760105311D0,-0.9932974395577766D0,                   0000059P   2772
-0.09323911061069379D0,-0.0009889109115409586D0,                 0000059P   2773
-0.9929578853167154D0,-0.09495288989594917D0,                    0000059P   2774
-0.0009898372693829089D0,-0.9925811522360768D0,                  0000059P   2775
-0.09665664336580819D0,-0.0009907181947367879D0,                 0000059P   2776
-0.9921587007004742D0,-0.09834543080396749D0,                    0000059P   2777
-0.0009915463019084152D0,-0.9916823128848343D0,                  0000059P   2778
-0.100014209159353D0,-0.0009923143000617112D0,                   0000059P   2779
-0.9911441278433683D0,-0.1016576584586849D0,                     0000059P   2780
-0.00099301496525391D0,-0.9905367582045392D0,                    0000059P   2781
-0.1032700542210611D0,-0.0009936411344175138D0,                  0000059P   2782
-0.9898538035428074D0,-0.1048455307016194D0,                     0000059P   2783
-0.0009941861857344864D0,-0.9890851108024926D0,                  0000059P   2784
-0.1063725727338858D0,-0.0009946382796338802D0,                  0000059P   2785
-0.9882206230769476D0,-0.1078382706938273D0,                     0000059P   2786
-0.0009949847237351519D0,-0.9872513649395677D0,                  0000059P   2787
-0.1092284919978289D0,-0.0009952126636335078D0,                  0000059P   2788
-0.9861698695231746D0,-0.1105272939991171D0,                     0000059P   2789
-0.0009953092801826551D0,-0.9849848343270065D0,                  0000059P   2790
-0.11172996161688D0,-0.0009952738117746328D0,                    0000059P   2791
-0.9837039780552813D0,-0.1128321903332507D0,                     0000059P   2792
-0.0009951047003954878D0,-0.9823320730660948D0,                  0000059P   2793
-0.1138262570841407D0,-0.0009947968377315155D0,                  0000059P   2794
-0.980881453818288D0,-0.1147143056272186D0,                      0000059P   2795
-0.0009943525527082993D0,-0.9793671446785334D0,                  0000059P   2796
-0.1155054021636259D0,-0.0009937786209156727D0,                  0000059P   2797
-0.977802345202061D0,-0.1162087210602168D0,                      0000059P   2798
-0.0009930801429395189D0,-0.9761969393090515D0,                  0000059P   2799
-0.1168327521503379D0,-0.0009922620699725007D0,                  0000059P   2800
-0.9745582138596265D0,-0.117385681538046D0,                      0000059P   2801
-0.0009913298775934634D0,-0.9728933455108757D0,                  0000059P   2802
-0.1178766883154722D0,-0.0009902890529147296D0,                  0000059P   2803
-0.9712091280094497D0,-0.1183155780457386D0,                     0000059P   2804
-0.0009891451569952836D0,-0.9695115155140195D0,                  0000059P   2805
-0.1187115787446966D0,-0.0009879031626519948D0,                  0000059P   2806
-0.9678020746931347D0,-0.1190679819212828D0,                     0000059P   2807
-0.0009865648026513461D0,-0.9660826409992925D0,                  0000059P   2808
-0.1193888144068692D0,-0.0009851322025074571D0,                  0000059P   2809
-0.9643548542196276D0,-0.1196780714085145D0,                     0000059P   2810
-0.0009836074699331896D0,-0.9626203096554483D0,                  0000059P   2811
-0.1199398931928527D0,-0.0009819927873431979D0,                  0000059P   2812
-0.9608805449166617D0,-0.1201784476937502D0,                     0000059P   2813
-0.0009802903841551343D0,-0.9591371280986611D0,                  0000059P   2814
-0.1203980759462809D0,-0.0009785025968987351D0,                  0000059P   2815
-0.9573914622005966D0,-0.1206027094713546D0,                     0000059P   2816
-0.0009766317175333697D0,-0.9556436022817503D0,                  0000059P   2817
-0.1207929826316554D0,-0.0009746789837738546D0,                  0000059P   2818
-0.953893718986338D0,-0.1209698220503599D0,                      0000059P   2819
-0.0009726457345508681D0,-0.9521419523145732D0,                  0000059P   2820
-0.121134081248557D0,-0.0009705332971868454D0,                   0000059P   2821
-0.9503884515814015D0,-0.1212866381708439D0,                     0000059P   2822
-0.0009683430181100405D0,-0.9486333694406468D0,                  0000059P   2823
-0.1214283684152192D0,-0.0009660762605756426D0,                  0000059P   2824
-0.9468768632695023D0,-0.1215601522705913D0,                     0000059P   2825
-0.0009637344056547218D0,-0.9451190978206667D0,                  0000059P   2826
-0.1216828724365629D0,-0.0009613188568058542D0,                  0000059P   2827
-0.9433602442685431D0,-0.1217974144824099D0,                     0000059P   2828
-0.0009588310394472928D0,-0.9416004839214385D0,                  0000059P   2829
-0.121904666283409D0,-0.0009562724071424347D0,                   0000059P   2830
-0.939840008983901D0,-0.1220055178537394D0,                      0000059P   2831
-0.000953644444387339D0,-0.9380790155712962D0,                   0000059P   2832
-0.1221008614242947D0,-0.0009509486568539228D0,                  0000059P   2833
-0.9363177284917857D0,-0.1221915898208694D0,                     0000059P   2834
-0.0009481866112323501D0,-0.9345563614358094D0,                  0000059P   2835
-0.1222785981663741D0,-0.0009453598749696475D0,                  0000059P   2836
-0.932795158438624D0,-0.1223627812151168D0,                      0000059P   2837
-0.0009424700818607256D0,-0.9316212991938586D0,                  0000059P   2838
-0.1224176164452855D0,-0.0009405026248524386D0,                  0000059P   2839
-0.9310344826893581D0,-0.1224448614150581D0,                     0000059P   2840
-0.0009395089488750855D0,0.0D0,0.1696861803245675D0,0.0D0,1.0D0; 0000059P   2841
126,1,1,1,0,1,0,0.0D0,0.0D0,0.5D0,0.5D0,1.0D0,1.0D0,0.0D0,0.5D0, 0000061P   2842
0.0D0,0.0D0,0.0D0,0.0D0,0.0D0,0.5D0,0.0D0,0.0D0,1.0D0;           0000061P   2843
126,1,1,1,0,1,0,0.0D0,0.0D0,0.1696861803245675D0,                0000063P   2844
0.1696861803245675D0,1.0D0,1.0D0,0.0D0,0.0D0,0.0D0,              0000063P   2845
0.1696861803245675D0,0.0D0,0.0D0,0.0D0,0.1696861803245675D0,     0000063P   2846
0.0D0,0.0D0,1.0D0;                                               0000063P   2847
126,1,1,1,0,1,0,0.0D0,0.0D0,0.5D0,0.5D0,1.0D0,1.0D0,             0000065P   2848
0.1696861803245675D0,0.0D0,0.0D0,0.1696861803245675D0,0.5D0,     0000065P   2849
0.0D0,0.0D0,0.5D0,0.0D0,0.0D0,1.0D0;                             0000065P   2850
126,1,1,1,0,1,0,-0.1696861803245675D0,-0.1696861803245675D0,     0000067P   2851
-0.0D0,-0.0D0,1.0D0,1.0D0,0.1696861803245675D0,0.5D0,0.0D0,      0000067P   2852
0.0D0,0.5D0,0.0D0,-0.1696861803245675D0,-0.0D0,0.0D0,0.0D0,      0000067P   2853
1.0D0;                                                           0000067P   2854
102,4,61,63,65,67;                                               0000069P   2855
126,3,3,1,0,1,0,-0.5D0,-0.5D0,-0.5D0,-0.5D0,0.0D0,0.0D0,0.0D0,   0000071P   2856
0.0D0,1.0D0,1.0D0,1.0D0,1.0D0,-0.9978924164284867D0,             0000071P   2857
-5.302444105993201D-07,2.715926442076189D-17,                    0000071P   2858
-0.9978924164319826D0,-5.302444133315751D-07,                    0000071P   2859
0.0003999186665614234D0,-0.997644498798104D0,                    0000071P   2860
-3.364808579730335D-07,0.000799837324817471D0,                   0000071P   2861
-0.9972142101875954D0,-1.826701505045775D-10,                    0000071P   2862
0.0009468098594282556D0,-0.5D0,0.0D0,1.0D0,0.0D0,0.0D0;          0000071P   2863
126,99,3,1,0,1,0,0.0D0,0.0D0,0.0D0,0.0D0,0.001749342065201726D0, 0000073P   2864
0.003498684130403453D0,0.005248026195605179D0,                   0000073P   2865
0.006997368260806906D0,0.008746710326008633D0,                   0000073P   2866
0.01049605239121036D0,0.01224539445641208D0,                     0000073P   2867
0.01399473652161381D0,0.01574407858681554D0,                     0000073P   2868
0.01749342065201727D0,0.01924276271721899D0,                     0000073P   2869
0.02099210478242072D0,0.02274144684762244D0,                     0000073P   2870
0.02449078891282417D0,0.0262401309780259D0,                      0000073P   2871
0.02798947304322762D0,0.02973881510842935D0,                     0000073P   2872
0.03148815717363108D0,0.0332374992388328D0,                      0000073P   2873
0.03498684130403453D0,0.03673618336923626D0,                     0000073P   2874
0.03848552543443799D0,0.04023486749963971D0,                     0000073P   2875
0.04198420956484143D0,0.04373355163004316D0,                     0000073P   2876
0.04548289369524489D0,0.04723223576044661D0,                     0000073P   2877
0.04898157782564834D0,0.05073091989085007D0,                     0000073P   2878
0.05248026195605179D0,0.05422960402125352D0,                     0000073P   2879
0.05597894608645525D0,0.05772828815165697D0,                     0000073P   2880
0.0594776302168587D0,0.06122697228206043D0,                      0000073P   2881
0.06297631434726216D0,0.06472565641246388D0,                     0000073P   2882
0.06647499847766561D0,0.06822434054286733D0,                     0000073P   2883
0.06997368260806906D0,0.07172302467327078D0,                     0000073P   2884
0.07347236673847252D0,0.07522170880367424D0,                     0000073P   2885
0.07697105086887597D0,0.07872039293407769D0,                     0000073P   2886
0.08046973499927942D0,0.08221907706448114D0,                     0000073P   2887
0.08396841912968286D0,0.08571776119488461D0,                     0000073P   2888
0.08746710326008633D0,0.08921644532528805D0,                     0000073P   2889
0.09096578739048979D0,0.09271512945569151D0,                     0000073P   2890
0.09446447152089324D0,0.09621381358609496D0,                     0000073P   2891
0.09796315565129669D0,0.09971249771649841D0,                     0000073P   2892
0.1014618397817001D0,0.1032111818469019D0,0.1049605239121036D0,  0000073P   2893
0.1067098659773053D0,0.1084592080425071D0,0.1102085501077088D0,  0000073P   2894
0.1119578921729105D0,0.1137072342381122D0,0.115456576303314D0,   0000073P   2895
0.1172059183685157D0,0.1189552604337174D0,0.1207046024989191D0,  0000073P   2896
0.1224539445641209D0,0.1242032866293226D0,0.1259526286945243D0,  0000073P   2897
0.1277019707597261D0,0.1294513128249278D0,0.1312006548901295D0,  0000073P   2898
0.1329499969553312D0,0.1346993390205329D0,0.1364486810857347D0,  0000073P   2899
0.1381980231509364D0,0.1399473652161381D0,0.1416967072813398D0,  0000073P   2900
0.1434460493465416D0,0.1451953914117433D0,0.146944733476945D0,   0000073P   2901
0.1486940755421468D0,0.1504434176073485D0,0.1521927596725502D0,  0000073P   2902
0.1539421017377519D0,0.1556914438029537D0,0.1574407858681554D0,  0000073P   2903
0.1591901279333571D0,0.1609394699985588D0,0.1626888120637606D0,  0000073P   2904
0.1644381541289623D0,0.166187496194164D0,0.1679368382593658D0,   0000073P   2905
0.1696861803245675D0,0.1696861803245675D0,0.1696861803245675D0,  0000073P   2906
0.1696861803245675D0,1.0D0,1.0D0,1.0D0,1.0D0,1.0D0,1.0D0,1.0D0,  0000073P   2907
1.0D0,1.0D0,1.0D0,1.0D0,1.0D0,1.0D0,1.0D0,1.0D0,1.0D0,1.0D0,     0000073P   2908
1.0D0,1.0D0,1.0D0,1.0D0,1.0D0,1.0D0,1.0D0,1.0D0,1.0D0,1.0D0,     0000073P   2909
1.0D0,1.0D0,1.0D0,1.0D0,1.0D0,1.0D0,1.0D0,1.0D0,1.0D0,1.0D0,     0000073P   2910
1.0D0,1.0D0,1.0D0,1.0D0,1.0D0,1.0D0,1.0D0,1.0D0,1.0D0,1.0D0,     0000073P   2911
1.0D0,1.0D0,1.0D0,1.0D0,1.0D0,1.0D0,1.0D0,1.0D0,1.0D0,1.0D0,     0000073P   2912
1.0D0,1.0D0,1.0D0,1.0D0,1.0D0,1.0D0,1.0D0,1.0D0,1.0D0,1.0D0,     0000073P   2913
1.0D0,1.0D0,1.0D0,1.0D0,1.0D0,1.0D0,1.0D0,1.0D0,1.0D0,1.0D0,     0000073P   2914
1.0D0,1.0D0,1.0D0,1.0D0,1.0D0,1.0D0,1.0D0,1.0D0,1.0D0,1.0D0,     0000073P   2915
1.0D0,1.0D0,1.0D0,1.0D0,1.0D0,1.0D0,1.0D0,1.0D0,1.0D0,1.0D0,     0000073P   2916
1.0D0,1.0D0,1.0D0,-0.9972142101875954D0,-1.826701505045775D-10,  0000073P   2917
0.0009468098594282556D0,-0.9972132907342011D0,                   0000073P   2918
-0.0005887236087672721D0,0.0009468230377020746D0,                0000073P   2919
-0.9972112339217465D0,-0.001765979095167175D0,                   0000073P   2920
0.0009468618470067449D0,-0.9972074258067974D0,                   0000073P   2921
-0.003531383276599773D0,0.0009469571443715059D0,                 0000073P   2922
-0.9972028255934914D0,-0.00529639739360616D0,                    0000073P   2923
0.0009470892578741498D0,-0.9971973640384322D0,                   0000073P   2924
-0.007061102239691542D0,0.0009472579275846443D0,                 0000073P   2925
-0.9971909718421048D0,-0.008825570920143307D0,                   0000073P   2926
0.0009474628997893072D0,-0.9971835796362158D0,                   0000073P   2927
-0.01058986922524482D0,0.0009477039262106403D0,                  0000073P   2928
-0.9971751179797984D0,-0.01235405513255641D0,                    0000073P   2929
0.0009479807630427083D0,-0.9971655173456967D0,                   0000073P   2930
-0.01411818077110987D0,0.0009482931704736649D0,                  0000073P   2931
-0.9971547081474923D0,-0.01588228788202399D0,                    0000073P   2932
0.0009486409110468586D0,-0.9971426207120475D0,                   0000073P   2933
-0.01764641395889492D0,0.0009490237499486345D0,                  0000073P   2934
-0.9971291853140443D0,-0.01941058768117751D0,                    0000073P   2935
0.0009494414534315742D0,-0.9971143321805213D0,                   0000073P   2936
-0.02117483081911417D0,0.0009498937883720447D0,                  0000073P   2937
-0.9970979915126262D0,-0.02293915769941931D0,                    0000073P   2938
0.000950380521422381D0,-0.9970800935085077D0,                    0000073P   2939
-0.02470357531034051D0,0.0009509014182840328D0,                  0000073P   2940
-0.997060568391832D0,-0.02646808321357092D0,                     0000073P   2941
0.0009514562429549219D0,-0.997039346444628D0,                    0000073P   2942
-0.02823267351827342D0,0.0009520447570027829D0,                  0000073P   2943
-0.9970163580458211D0,-0.02999733073236532D0,                    0000073P   2944
0.0009526667187962228D0,-0.9969915337119515D0,                   0000073P   2945
-0.03176203197881126D0,0.0009533218829077993D0,                  0000073P   2946
-0.9969648041479547D0,-0.03352674619201876D0,                    0000073P   2947
0.0009540099990377954D0,-0.9969361003148882D0,                   0000073P   2948
-0.0352914349909407D0,0.0009547308119520646D0,                   0000073P   2949
-0.9969053533928919D0,-0.03705605192108233D0,                    0000073P   2950
0.0009554840593939439D0,-0.9968724952368425D0,                   0000073P   2951
-0.03882054231736743D0,0.0009562694755524119D0,                  0000073P   2952
-0.9968374569705608D0,-0.04058484435068175D0,                    0000073P   2953
0.0009570867750989865D0,-0.9968001745739797D0,                   0000073P   2954
-0.04234888424593351D0,0.0009579357092407805D0,                  0000073P   2955
-0.9967605680687027D0,-0.04411259444727187D0,                    0000073P   2956
0.0009588158502247415D0,-0.996718436138409D0,                    0000073P   2957
-0.04587601674391065D0,0.0009597255311451884D0,                  0000073P   2958
-0.9966735882005854D0,-0.04763917861504972D0,                    0000073P   2959
0.0009606631962192774D0,-0.9966258308586682D0,                   0000073P   2960
-0.04940210606361411D0,0.0009616272612209968D0,                  0000073P   2961
-0.9965749715353989D0,-0.05116481997220616D0,                    0000073P   2962
0.000962616149997807D0,-0.9965208175148331D0,                    0000073P   2963
-0.05292733732043613D0,0.0009636282841419348D0,                  0000073P   2964
-0.9964631761869847D0,-0.05468967035557046D0,                    0000073P   2965
0.0009646620847974564D0,-0.9964018551869657D0,                   0000073P   2966
-0.05645182683498456D0,0.00096571597181224D0,                    0000073P   2967
-0.9963366617594208D0,-0.05821380969435551D0,                    0000073P   2968
0.0009667883626007527D0,-0.9962674053979391D0,                   0000073P   2969
-0.05997561733333705D0,0.0009678776748021736D0,                  0000073P   2970
-0.9961938882193883D0,-0.06173724191675476D0,                    0000073P   2971
0.0009689823143173192D0,-0.9961159411434751D0,                   0000073P   2972
-0.06349867592213922D0,0.0009701007189558744D0,                  0000073P   2973
-0.9960332866164078D0,-0.0652598818741431D0,                     0000073P   2974
0.0009712311878820134D0,-0.9959449980928998D0,                   0000073P   2975
-0.06702067111962061D0,0.000972371207487586D0,                   0000073P   2976
-0.9958502157030392D0,-0.0687808729443333D0,                     0000073P   2977
0.0009735183473871375D0,-0.9957480639651067D0,                   0000073P   2978
-0.0705403129030992D0,0.0009746701565984135D0,                   0000073P   2979
-0.9956376743291866D0,-0.07229881756445344D0,                    0000073P   2980
0.0009758241918664198D0,-0.9955181797033402D0,                   0000073P   2981
-0.07405621207942958D0,0.0009769780105194608D0,                  0000073P   2982
-0.995388716529787D0,-0.07581231775626739D0,                     0000073P   2983
0.0009781291714992698D0,-0.9952484253193555D0,                   0000073P   2984
-0.07756695219030701D0,0.0009792752362689223D0,                  0000073P   2985
-0.9950964499770363D0,-0.07931992364693571D0,                    0000073P   2986
0.0009804137653618141D0,-0.9949319445277679D0,                   0000073P   2987
-0.08107103997626609D0,0.0009815423293020936D0,                  0000073P   2988
-0.9947540501203643D0,-0.08282008731796676D0,                    0000073P   2989
0.0009826584816637869D0,-0.9945619880100701D0,                   0000073P   2990
-0.08456687192052537D0,0.0009837598423031258D0,                  0000073P   2991
-0.9943547120891715D0,-0.08631108507080913D0,                    0000073P   2992
0.000984843806795915D0,-0.9941283019023643D0,                    0000073P   2993
-0.08805156395424529D0,0.0009859055503571336D0,                  0000073P   2994
-0.9938790708342502D0,-0.08978718635316989D0,                    0000073P   2995
0.0009869404246519154D0,-0.9936033253089253D0,                   0000073P   2996
-0.09151677956149423D0,0.0009879437600981891D0,                  0000073P   2997
-0.9932974395577202D0,-0.09323911061087414D0,                    0000073P   2998
0.0009889109115357772D0,-0.9929578853166823D0,                   0000073P   2999
-0.09495288989602238D0,0.0009898372693826138D0,                  0000073P   3000
-0.9925811522360835D0,-0.09665664336569656D0,                    0000073P   3001
0.0009907181947449758D0,-0.992158700700525D0,                    0000073P   3002
-0.09834543080366219D0,0.0009915463019252737D0,                  0000073P   3003
-0.9916823128849189D0,-0.100014209158912D0,                      0000073P   3004
0.0009923143000841377D0,-0.9911441278434635D0,                   0000073P   3005
-0.1016576584582324D0,0.0009930149652755179D0,                   0000073P   3006
-0.9905367582046081D0,-0.1032700542207838D0,                     0000073P   3007
0.0009936411344288686D0,-0.9898538035428006D0,                   0000073P   3008
-0.1048455307017714D0,0.00099418618572269D0,                     0000073P   3009
-0.9890851108023343D0,-0.1063725727345751D0,                     0000073P   3010
0.000994638279597466D0,-0.9882206230765326D0,                    0000073P   3011
-0.1078382706950085D0,0.0009949847236845576D0,                   0000073P   3012
-0.9872513649387668D0,-0.109228491999312D0,                      0000073P   3013
0.0009952126635903163D0,-0.9861698695218242D0,                   0000073P   3014
-0.1105272940005595D0,0.0009953092801807427D0,                   0000073P   3015
-0.9849848343251759D0,-0.111729961618055D0,                      0000073P   3016
0.0009952738118240473D0,-0.9837039780532614D0,                   0000073P   3017
-0.1128321903340504D0,0.0009951047004831547D0,                   0000073P   3018
-0.9823320730644787D0,-0.1138262570845862D0,                     0000073P   3019
0.0009947968378147115D0,-0.9808814538175095D0,                   0000073P   3020
-0.1147143056273801D0,0.0009943525527523981D0,                   0000073P   3021
-0.9793671446786473D0,-0.1155054021635809D0,                     0000073P   3022
0.0009937786209118812D0,-0.9778023452027247D0,                   0000073P   3023
-0.116208721060066D0,0.0009930801429052321D0,                    0000073P   3024
-0.9761969393098284D0,-0.1168327521501733D0,                     0000073P   3025
0.0009922620699322783D0,-0.9745582138602537D0,                   0000073P   3026
-0.1173856815379256D0,0.000991329877561716D0,                    0000073P   3027
-0.9728933455112099D0,-0.1178766883154252D0,                     0000073P   3028
0.0009902890528993751D0,-0.9712091280094902D0,                   0000073P   3029
-0.1183155780457618D0,0.0009891451569962633D0,                   0000073P   3030
-0.9695115155138833D0,-0.1187115787447591D0,                     0000073P   3031
0.0009879031626626403D0,-0.9678020746929109D0,                   0000073P   3032
-0.1190679819213615D0,0.000986564802666634D0,                    0000073P   3033
-0.9660826409990529D0,-0.1193888144069454D0,                     0000073P   3034
0.0009851322025232925D0,-0.9643548542194258D0,                   0000073P   3035
-0.1196780714085751D0,0.0009836074699466225D0,                   0000073P   3036
-0.9626203096553159D0,-0.1199398931928897D0,                     0000073P   3037
0.0009819927873523865D0,-0.9608805449166135D0,                   0000073P   3038
-0.120178447693761D0,0.0009802903841593584D0,                    0000073P   3039
-0.9591371280986889D0,-0.1203980759462685D0,                     0000073P   3040
0.0009785025968984441D0,-0.9573914622006761D0,                   0000073P   3041
-0.1206027094713267D0,0.0009766317175300178D0,                   0000073P   3042
-0.9556436022818607D0,-0.1207929826316185D0,                     0000073P   3043
0.0009746789837686398D0,-0.9538937189864618D0,                   0000073P   3044
-0.1209698220503195D0,0.0009726457345448423D0,                   0000073P   3045
-0.9521419523146948D0,-0.1211340812485177D0,                     0000073P   3046
0.0009705332971808821D0,-0.9503884515815102D0,                   0000073P   3047
-0.1212866381708096D0,0.0009683430181048453D0,                   0000073P   3048
-0.9486333694407321D0,-0.1214283684151927D0,                     0000073P   3049
0.0009660762605717484D0,-0.9468768632695586D0,                   0000073P   3050
-0.1215601522705744D0,0.0009637344056524886D0,                   0000073P   3051
-0.9451190978206905D0,-0.1216828724365566D0,                     0000073P   3052
0.0009613188568054702D0,-0.9433602442685344D0,                   0000073P   3053
-0.1217974144824143D0,0.0009588310394487731D0,                   0000073P   3054
-0.9416004839213985D0,-0.1219046662834231D0,                     0000073P   3055
0.0009562724071456196D0,-0.9398400089838371D0,                   0000073P   3056
-0.1220055178537614D0,0.0009536444443918969D0,                   0000073P   3057
-0.9380790155712155D0,-0.1221008614243218D0,                     0000073P   3058
0.0009509486568593467D0,-0.9363177284917D0,-0.122191589820898D0, 0000073P   3059
0.0009481866112379607D0,-0.9345563614357325D0,                   0000073P   3060
-0.1222785981663995D0,0.0009453598749745906D0,                   0000073P   3061
-0.9327951584385739D0,-0.1223627812151334D0,                     0000073P   3062
0.0009424700818639739D0,-0.9316212991938393D0,                   0000073P   3063
-0.1224176164452918D0,0.0009405026248537563D0,                   0000073P   3064
-0.9310344826893581D0,-0.1224448614150582D0,                     0000073P   3065
0.0009395089488752092D0,0.0D0,0.1696861803245675D0,              0000073P   3066
-0.0009451210870861871D0,-0.0006029506036442443D0,               0000073P   3067
-0.9999993715981527D0;                                           0000073P   3068
126,3,3,1,0,1,0,0.0D0,0.0D0,0.0D0,0.0D0,0.5D0,0.5D0,0.5D0,0.5D0, 0000075P   3069
1.0D0,1.0D0,1.0D0,1.0D0,-0.9310344826893581D0,                   0000075P   3070
-0.1224448614150582D0,0.0009395089488752092D0,                   0000075P   3071
-0.9310509403963434D0,-0.1228673894938817D0,                     0000075P   3072
0.0007827715926382522D0,-0.9310600723325401D0,                   0000075P   3073
-0.1231018388895534D0,0.000391385800476594D0,                    0000075P   3074
-0.9310600723324084D0,-0.1231018388861715D0,                     0000075P   3075
5.705613932704967D-17,0.0D0,0.5D0,0.0D0,0.3477933036662604D0,    0000075P   3076
-0.93757123352037D0;                                             0000075P   3077
126,99,3,1,0,1,0,-0.1696861803245675D0,-0.1696861803245675D0,    0000077P   3078
-0.1696861803245675D0,-0.1696861803245675D0,                     0000077P   3079
-0.1679368382593658D0,-0.166187496194164D0,                      0000077P   3080
-0.1644381541289623D0,-0.1626888120637606D0,                     0000077P   3081
-0.1609394699985588D0,-0.1591901279333571D0,                     0000077P   3082
-0.1574407858681554D0,-0.1556914438029537D0,                     0000077P   3083
-0.1539421017377519D0,-0.1521927596725502D0,                     0000077P   3084
-0.1504434176073485D0,-0.1486940755421468D0,                     0000077P   3085
-0.146944733476945D0,-0.1451953914117433D0,                      0000077P   3086
-0.1434460493465416D0,-0.1416967072813398D0,                     0000077P   3087
-0.1399473652161381D0,-0.1381980231509364D0,                     0000077P   3088
-0.1364486810857347D0,-0.1346993390205329D0,                     0000077P   3089
-0.1329499969553312D0,-0.1312006548901295D0,                     0000077P   3090
-0.1294513128249278D0,-0.1277019707597261D0,                     0000077P   3091
-0.1259526286945243D0,-0.1242032866293226D0,                     0000077P   3092
-0.1224539445641209D0,-0.1207046024989191D0,                     0000077P   3093
-0.1189552604337174D0,-0.1172059183685157D0,                     0000077P   3094
-0.115456576303314D0,-0.1137072342381122D0,                      0000077P   3095
-0.1119578921729105D0,-0.1102085501077088D0,                     0000077P   3096
-0.1084592080425071D0,-0.1067098659773053D0,                     0000077P   3097
-0.1049605239121036D0,-0.1032111818469019D0,                     0000077P   3098
-0.1014618397817001D0,-0.09971249771649841D0,                    0000077P   3099
-0.09796315565129669D0,-0.09621381358609496D0,                   0000077P   3100
-0.09446447152089324D0,-0.09271512945569151D0,                   0000077P   3101
-0.09096578739048979D0,-0.08921644532528805D0,                   0000077P   3102
-0.08746710326008633D0,-0.08571776119488461D0,                   0000077P   3103
-0.08396841912968286D0,-0.08221907706448114D0,                   0000077P   3104
-0.08046973499927942D0,-0.07872039293407769D0,                   0000077P   3105
-0.07697105086887597D0,-0.07522170880367424D0,                   0000077P   3106
-0.07347236673847252D0,-0.07172302467327078D0,                   0000077P   3107
-0.06997368260806906D0,-0.06822434054286733D0,                   0000077P   3108
-0.06647499847766561D0,-0.06472565641246388D0,                   0000077P   3109
-0.06297631434726216D0,-0.06122697228206043D0,                   0000077P   3110
-0.0594776302168587D0,-0.05772828815165697D0,                    0000077P   3111
-0.05597894608645525D0,-0.05422960402125352D0,                   0000077P   3112
-0.05248026195605179D0,-0.05073091989085007D0,                   0000077P   3113
-0.04898157782564834D0,-0.04723223576044661D0,                   0000077P   3114
-0.04548289369524489D0,-0.04373355163004316D0,                   0000077P   3115
-0.04198420956484143D0,-0.04023486749963971D0,                   0000077P   3116
-0.03848552543443799D0,-0.03673618336923626D0,                   0000077P   3117
-0.03498684130403453D0,-0.0332374992388328D0,                    0000077P   3118
-0.03148815717363108D0,-0.02973881510842935D0,                   0000077P   3119
-0.02798947304322762D0,-0.0262401309780259D0,                    0000077P   3120
-0.02449078891282417D0,-0.02274144684762244D0,                   0000077P   3121
-0.02099210478242072D0,-0.01924276271721899D0,                   0000077P   3122
-0.01749342065201727D0,-0.01574407858681554D0,                   0000077P   3123
-0.01399473652161381D0,-0.01224539445641208D0,                   0000077P   3124
-0.01049605239121036D0,-0.008746710326008633D0,                  0000077P   3125
-0.006997368260806906D0,-0.005248026195605179D0,                 0000077P   3126
-0.003498684130403453D0,-0.001749342065201726D0,-0.0D0,-0.0D0,   0000077P   3127
-0.0D0,-0.0D0,1.0D0,1.0D0,1.0D0,1.0D0,1.0D0,1.0D0,1.0D0,1.0D0,   0000077P   3128
1.0D0,1.0D0,1.0D0,1.0D0,1.0D0,1.0D0,1.0D0,1.0D0,1.0D0,1.0D0,     0000077P   3129
1.0D0,1.0D0,1.0D0,1.0D0,1.0D0,1.0D0,1.0D0,1.0D0,1.0D0,1.0D0,     0000077P   3130
1.0D0,1.0D0,1.0D0,1.0D0,1.0D0,1.0D0,1.0D0,1.0D0,1.0D0,1.0D0,     0000077P   3131
1.0D0,1.0D0,1.0D0,1.0D0,1.0D0,1.0D0,1.0D0,1.0D0,1.0D0,1.0D0,     0000077P   3132
1.0D0,1.0D0,1.0D0,1.0D0,1.0D0,1.0D0,1.0D0,1.0D0,1.0D0,1.0D0,     0000077P   3133
1.0D0,1.0D0,1.0D0,1.0D0,1.0D0,1.0D0,1.0D0,1.0D0,1.0D0,1.0D0,     0000077P   3134
1.0D0,1.0D0,1.0D0,1.0D0,1.0D0,1.0D0,1.0D0,1.0D0,1.0D0,1.0D0,     0000077P   3135
1.0D0,1.0D0,1.0D0,1.0D0,1.0D0,1.0D0,1.0D0,1.0D0,1.0D0,1.0D0,     0000077P   3136
1.0D0,1.0D0,1.0D0,1.0D0,1.0D0,1.0D0,1.0D0,1.0D0,1.0D0,1.0D0,     0000077P   3137
1.0D0,1.0D0,-0.9310600723324084D0,-0.1231018388861715D0,         0000077P   3138
5.705613932704967D-17,-0.9316479550669524D0,                     0000077P   3139
-0.1230777029030678D0,5.646064128381201D-15,                     0000077P   3140
-0.9328236973120344D0,-0.1230288636122321D0,                     0000077P   3141
1.474289982629495D-14,-0.9345872080643461D0,                     0000077P   3142
-0.1229531777493906D0,2.285029262159843D-14,                     0000077P   3143
-0.9363505815390458D0,-0.1228743227958767D0,                     0000077P   3144
2.614133410606956D-14,-0.9381137706757421D0,                     0000077P   3145
-0.1227915379437771D0,2.535761856568841D-14,                     0000077P   3146
-0.9398767400499193D0,-0.1227040425997351D0,                     0000077P   3147
2.125914461831302D-14,-0.9416394235690412D0,                     0000077P   3148
-0.1226110378567219D0,1.462569757144927D-14,                     0000077P   3149
-0.9434017636715823D0,-0.1225117041421474D0,                     0000077P   3150
6.256659686870725D-15,-0.945163685828478D0,                      0000077P   3151
-0.1224052019050913D0,-3.028312193023575D-15,                    0000077P   3152
-0.9469251048479651D0,-0.1222906707938374D0,                     0000077P   3153
-1.238863612390562D-14,-0.9486859234301522D0,                    0000077P   3154
-0.1221672290835061D0,-2.096242558875805D-14,                    0000077P   3155
-0.9504460277036427D0,-0.1220339735071181D0,                     0000077P   3156
-2.786575766140775D-14,-0.9522052876019181D0,                    0000077P   3157
-0.1218899781822727D0,-3.21930253722319D-14,                     0000077P   3158
-0.953963552939502D0,-0.1217342960718449D0,                      0000077P   3159
-3.301189616805589D-14,-0.9557206532313166D0,                    0000077P   3160
-0.1215659520125917D0,-2.937789443137329D-14,                    0000077P   3161
-0.9574763955786737D0,-0.1213839664914208D0,                     0000077P   3162
-2.028089610313366D-14,-0.9592305511434951D0,                    0000077P   3163
-0.1211872666595618D0,-4.837113782435454D-15,                    0000077P   3164
-0.9609828989274147D0,-0.1209750174928204D0,                     0000077P   3165
1.842653091742308D-14,-0.9627328018986987D0,                     0000077P   3166
-0.1207433880414066D0,4.4619825412609D-14,-0.9644794231129131D0, 0000077P   3167
-0.1204880783636026D0,6.785265166571464D-14,                     0000077P   3168
-0.966221751689205D0,-0.120204850071507D0,8.23095118538536D-14,  0000077P   3169
-0.967958557120031D0,-0.1198893993959646D0,                      0000077P   3170
8.207052658998348D-14,-0.9696883678742025D0,                     0000077P   3171
-0.1195374841070628D0,6.08599271239435D-14,                      0000077P   3172
-0.9714093885615931D0,-0.1191447389194689D0,                     0000077P   3173
1.336775200082296D-14,-0.9731197047794803D0,                     0000077P   3174
-0.1187075312746178D0,-6.959230826157625D-14,                    0000077P   3175
-0.9748152018897259D0,-0.118215633996169D0,                      0000077P   3176
-1.549151161083645D-13,-0.9764904042458459D0,                    0000077P   3177
-0.1176581501023832D0,-2.013621474422633D-13,                    0000077P   3178
-0.9781385700976499D0,-0.1170248397234807D0,                     0000077P   3179
-1.743867094998464D-13,-0.9797518629766856D0,                    0000077P   3180
-0.1163069466231722D0,-1.977105003152235D-14,                    0000077P   3181
-0.9813199211681375D0,-0.1154945199625061D0,                     0000077P   3182
2.275936600640294D-13,-0.9828287627079914D0,                     0000077P   3183
-0.1145761666986546D0,4.320172962857943D-13,                     0000077P   3184
-0.9842610857312361D0,-0.113542041429083D0,                      0000077P   3185
4.573214636843792D-13,-0.9856012411856379D0,                     0000077P   3186
-0.1123908485235152D0,2.591439432833575D-13,                     0000077P   3187
-0.9868412336822541D0,-0.111132491639193D0,                      0000077P   3188
-8.388201157977226D-15,-0.9879708861106131D0,                    0000077P   3189
-0.1097740370764206D0,-2.240065229662525D-13,                    0000077P   3190
-0.9889796684786512D0,-0.1083237402446401D0,                     0000077P   3191
-2.633940157995007D-13,-0.9898741809620987D0,                    0000077P   3192
-0.1068007372465797D0,-1.908132397747397D-13,                    0000077P   3193
-0.9906640826918054D0,-0.1052212400640271D0,                     0000077P   3194
-6.45805566142077D-14,-0.9913612142552902D0,                     0000077P   3195
-0.1035989324864712D0,5.370359647434431D-14,                     0000077P   3196
-0.991978212720774D0,-0.1019446495891648D0,                      0000077P   3197
1.060812679018475D-13,-0.992521982258875D0,                      0000077P   3198
-0.1002649634955114D0,1.107154461426479D-13,                     0000077P   3199
-0.9930006569937769D0,-0.09856568064146361D0,                    0000077P   3200
8.33374168285328D-14,-0.9934229018144749D0,                      0000077P   3201
-0.09685158572790209D0,4.059651378084117D-14,                    0000077P   3202
-0.9937977448056748D0,-0.09512657798305982D0,                    0000077P   3203
-1.198992077497407D-15,-0.9941344838218895D0,                    0000077P   3204
-0.0933937634309098D0,-2.553556324724759D-14,                    0000077P   3205
-0.9944369088648717D0,-0.09165465368292601D0,                    0000077P   3206
-3.569581154098944D-14,-0.9947087520780894D0,                    0000077P   3207
-0.08991051866665491D0,-3.525882385536916D-14,                   0000077P   3208
-0.9949537711329282D0,-0.08816242809469517D0,                    0000077P   3209
-2.767531754981067D-14,-0.9951757136123245D0,                    0000077P   3210
-0.08641127035669136D0,-1.639072449814705D-14,                   0000077P   3211
-0.9953782504945652D0,-0.08465777460225207D0,                    0000077P   3212
-4.726796211385054D-15,-0.995565187312035D0,                     0000077P   3213
-0.08290254767331391D0,3.800670715647936D-15,                    0000077P   3214
-0.9957377079736901D0,-0.08114585210712937D0,                    0000077P   3215
9.325927616959939D-15,-0.9958967341284923D0,                     0000077P   3216
-0.0793878843510636D0,1.2317810616988D-14,-0.9960432330250891D0, 0000077P   3217
-0.07762883160709923D0,1.314790290529722D-14,                    0000077P   3218
-0.9961781365581995D0,-0.07586885123088985D0,                    0000077P   3219
1.220489096072364D-14,-0.9963023625949095D0,                     0000077P   3220
-0.07410808679945423D0,9.863420843969628D-15,                    0000077P   3221
-0.9964168101949484D0,-0.07234666097887302D0,                    0000077P   3222
6.494723378894229D-15,-0.9965223612943515D0,                     0000077P   3223
-0.07058468107310045D0,2.462141818551644D-15,                    0000077P   3224
-0.996619881319627D0,-0.06882223918771234D0,                     0000077P   3225
-1.875751073562859D-15,-0.9967102185439509D0,                    0000077P   3226
-0.06705941522249269D0,-6.167240112694983D-15,                   0000077P   3227
-0.9967942096447776D0,-0.06529627831411489D0,                    0000077P   3228
-1.006193826175172D-14,-0.99687266225393D0,                      0000077P   3229
-0.06353288694253643D0,-1.322713097905159D-14,                   0000077P   3230
-0.9969464235596521D0,-0.06176929355787874D0,                    0000077P   3231
-1.528914798584746D-14,-0.9970157919619758D0,                    0000077P   3232
-0.06000552167682251D0,-1.632762393170839D-14,                   0000077P   3233
-0.9970809703528787D0,-0.05824159048551999D0,                    0000077P   3234
-1.649442843594529D-14,-0.9971421795606924D0,                    0000077P   3235
-0.0564775171291876D0,-1.592015365023403D-14,                    0000077P   3236
-0.9971996288777326D0,-0.05471331746580971D0,                    0000077P   3237
-1.473791249630152D-14,-0.9972535243140629D0,                    0000077P   3238
-0.05294900576468926D0,-1.307761949946584D-14,                   0000077P   3239
-0.9973040667296591D0,-0.05118459492696064D0,                    0000077P   3240
-1.106786103738377D-14,-0.9973514526531506D0,                    0000077P   3241
-0.04942009663996028D0,-8.835000873258503D-15,                   0000077P   3242
-0.9973958744440797D0,-0.04765552122509165D0,                    0000077P   3243
-6.504426988337975D-15,-0.9974375203763529D0,                    0000077P   3244
-0.04589087820967976D0,-4.199711325231226D-15,                   0000077P   3245
-0.9974765756187768D0,-0.04412617601779547D0,                    0000077P   3246
-2.044778192253349D-15,-0.9975132197355883D0,                    0000077P   3247
-0.04236142224642438D0,-1.576429958793923D-16,                   0000077P   3248
-0.9975476371544201D0,-0.04059662344500216D0,                    0000077P   3249
1.329530019064662D-15,-0.9975799173609398D0,                     0000077P   3250
-0.03883178450315384D0,2.437286483747414D-15,                    0000077P   3251
-0.9976101357634324D0,-0.0370669090305708D0,                     0000077P   3252
3.204820306704215D-15,-0.9976383695428828D0,                     0000077P   3253
-0.03530200073993883D0,3.66606701593386D-15,                     0000077P   3254
-0.9976646935239171D0,-0.03353706293508636D0,                    0000077P   3255
3.856236076987818D-15,-0.9976891813332769D0,                     0000077P   3256
-0.03177209875315171D0,3.809127492593323D-15,                    0000077P   3257
-0.9977119051482854D0,-0.03000711083396875D0,                    0000077P   3258
3.559029156455229D-15,-0.9977329358130129D0,                     0000077P   3259
-0.02824210208940003D0,3.13933449548609D-15,                     0000077P   3260
-0.9977523428762884D0,-0.02647707472212015D0,                    0000077P   3261
2.583464041652772D-15,-0.9977701946358979D0,                     0000077P   3262
-0.02471203096329895D0,1.92432333089021D-15,                     0000077P   3263
-0.9977865581899429D0,-0.0229469727898024D0,                     0000077P   3264
1.194763689024714D-15,-0.997801499486228D0,                      0000077P   3265
-0.02118190201818526D0,4.272569711222252D-16,                    0000077P   3266
-0.997815083373477D0,-0.01941682028518766D0,                     0000077P   3267
-3.455894424797545D-16,-0.9978273736530194D0,                    0000077P   3268
-0.01765172910109938D0,-1.091900007910152D-15,                   0000077P   3269
-0.9978384331322661D0,-0.01588662972102211D0,                    0000077P   3270
-1.779284185265961D-15,-0.9978483236759115D0,                    0000077P   3271
-0.01412152366773929D0,-2.37586643067611D-15,                    0000077P   3272
-0.9978571062696804D0,-0.01235641082651298D0,                    0000077P   3273
-2.849608569943651D-15,-0.9978648410534808D0,                    0000077P   3274
-0.01059129402836931D0,-3.168553744034575D-15,                   0000077P   3275
-0.9978715874082523D0,-0.008826172934088416D0,                   0000077P   3276
-3.300772198969182D-15,-0.9978774039900645D0,                    0000077P   3277
-0.007061048619964976D0,-3.214361285822087D-15,                  0000077P   3278
-0.997882348798566D0,-0.0052959216676149D0,                      0000077P   3279
-2.876930464690286D-15,-0.9978864792331172D0,                    0000077P   3280
-0.003530792750063994D0,-2.256387351268208D-15,                  0000077P   3281
-0.9978898521572416D0,-0.001765662302852601D0,                   0000077P   3282
-1.320585351141657D-15,-0.9978916333533338D0,                    0000077P   3283
-0.0005889076436530631D0,-4.643908955298537D-16,                 0000077P   3284
-0.9978924164284867D0,-5.302444105993201D-07,                    0000077P   3285
2.715926442076189D-17,-0.1696861803245675D0,-0.0D0,0.0D0,0.0D0,  0000077P   3286
1.0D0;                                                           0000077P   3287
102,4,71,73,75,77;                                               0000079P   3288
142,0,59,69,79,1;                                                0000081P   3289
144,59,1,0,81;                                                   0000083P   3290
128,19,9,3,3,0,0,1,0,0,0.0D0,0.0D0,0.0D0,0.0D0,                  0000085P   3291
0.007437239828834198D0,0.0148744796576684D0,                     0000085P   3292
0.0223117194865026D0,0.02974895931533679D0,                      0000085P   3293
0.03718619914417099D0,0.04462343897300519D0,                     0000085P   3294
0.05206067880183939D0,0.05949791863067359D0,                     0000085P   3295
0.06693515845950779D0,0.07437239828834198D0,                     0000085P   3296
0.08180963811717618D0,0.08924687794601038D0,                     0000085P   3297
0.09668411777484458D0,0.1041213576036788D0,0.111558597432513D0,  0000085P   3298
0.1189958372613472D0,0.1264330770901814D0,0.1264330770901814D0,  0000085P   3299
0.1264330770901814D0,0.1264330770901814D0,0.0D0,0.0D0,0.0D0,     0000085P   3300
0.0D0,0.0101270662302278D0,0.02025413246045559D0,                0000085P   3301
0.03038119869068339D0,0.04050826492091118D0,                     0000085P   3302
0.05063533115113898D0,0.06076239738136677D0,                     0000085P   3303
0.07088946361159457D0,0.07088946361159457D0,                     0000085P   3304
0.07088946361159457D0,0.07088946361159457D0,1.0D0,1.0D0,1.0D0,   0000085P   3305
1.0D0,1.0D0,1.0D0,1.0D0,1.0D0,1.0D0,1.0D0,1.0D0,1.0D0,1.0D0,     0000085P   3306
1.0D0,1.0D0,1.0D0,1.0D0,1.0D0,1.0D0,1.0D0,1.0D0,1.0D0,1.0D0,     0000085P   3307
1.0D0,1.0D0,1.0D0,1.0D0,1.0D0,1.0D0,1.0D0,1.0D0,1.0D0,1.0D0,     0000085P   3308
1.0D0,1.0D0,1.0D0,1.0D0,1.0D0,1.0D0,1.0D0,1.0D0,1.0D0,1.0D0,     0000085P   3309
1.0D0,1.0D0,1.0D0,1.0D0,1.0D0,1.0D0,1.0D0,1.0D0,1.0D0,1.0D0,     0000085P   3310
1.0D0,1.0D0,1.0D0,1.0D0,1.0D0,1.0D0,1.0D0,1.0D0,1.0D0,1.0D0,     0000085P   3311
1.0D0,1.0D0,1.0D0,1.0D0,1.0D0,1.0D0,1.0D0,1.0D0,1.0D0,1.0D0,     0000085P   3312
1.0D0,1.0D0,1.0D0,1.0D0,1.0D0,1.0D0,1.0D0,1.0D0,1.0D0,1.0D0,     0000085P   3313
1.0D0,1.0D0,1.0D0,1.0D0,1.0D0,1.0D0,1.0D0,1.0D0,1.0D0,1.0D0,     0000085P   3314
1.0D0,1.0D0,1.0D0,1.0D0,1.0D0,1.0D0,1.0D0,1.0D0,1.0D0,1.0D0,     0000085P   3315
1.0D0,1.0D0,1.0D0,1.0D0,1.0D0,1.0D0,1.0D0,1.0D0,1.0D0,1.0D0,     0000085P   3316
1.0D0,1.0D0,1.0D0,1.0D0,1.0D0,1.0D0,1.0D0,1.0D0,1.0D0,1.0D0,     0000085P   3317
1.0D0,1.0D0,1.0D0,1.0D0,1.0D0,1.0D0,1.0D0,1.0D0,1.0D0,1.0D0,     0000085P   3318
1.0D0,1.0D0,1.0D0,1.0D0,1.0D0,1.0D0,1.0D0,1.0D0,1.0D0,1.0D0,     0000085P   3319
1.0D0,1.0D0,1.0D0,1.0D0,1.0D0,1.0D0,1.0D0,1.0D0,1.0D0,1.0D0,     0000085P   3320
1.0D0,1.0D0,1.0D0,1.0D0,1.0D0,1.0D0,1.0D0,1.0D0,1.0D0,1.0D0,     0000085P   3321
1.0D0,1.0D0,1.0D0,1.0D0,1.0D0,1.0D0,1.0D0,1.0D0,1.0D0,1.0D0,     0000085P   3322
1.0D0,1.0D0,1.0D0,1.0D0,1.0D0,1.0D0,1.0D0,1.0D0,1.0D0,1.0D0,     0000085P   3323
1.0D0,1.0D0,1.0D0,1.0D0,1.0D0,1.0D0,1.0D0,1.0D0,1.0D0,1.0D0,     0000085P   3324
1.0D0,1.0D0,1.0D0,1.0D0,1.0D0,1.0D0,1.0D0,-0.9999999999302692D0, 0000085P   3325
-0.1250000001831804D0,6.246619833971819D-17,                     0000085P   3326
-0.999999999930723D0,-0.1225232407997184D0,                      0000085P   3327
6.246619833971819D-17,-0.9999999999316296D0,                     0000085P   3328
-0.1175739017556549D0,6.246619833971819D-17,                     0000085P   3329
-0.9999999999329873D0,-0.1101617621543536D0,                     0000085P   3330
6.246619833971819D-17,-0.999999999934343D0,                      0000085P   3331
-0.1027608403505962D0,6.246619833971819D-17,                     0000085P   3332
-0.9999999999356968D0,-0.09537067368206303D0,                    0000085P   3333
6.246619833971819D-17,-0.9999999999370486D0,                     0000085P   3334
-0.08799099544611515D0,6.246619833971819D-17,                    0000085P   3335
-0.9999999999383985D0,-0.08062154058923397D0,                    0000085P   3336
6.246619833971819D-17,-0.9999999999397468D0,                     0000085P   3337
-0.07326152363128625D0,6.246619833971819D-17,                    0000085P   3338
-0.9999999999410933D0,-0.06591027615055085D0,                    0000085P   3339
6.246619833971819D-17,-0.9999999999424385D0,                     0000085P   3340
-0.05856696577308859D0,6.246619833971819D-17,                    0000085P   3341
-0.9999999999437823D0,-0.05123071730078978D0,                    0000085P   3342
6.246619833971819D-17,-0.999999999945125D0,                      0000085P   3343
-0.04390072241062361D0,6.246619833971819D-17,                    0000085P   3344
-0.9999999999464667D0,-0.03657618057695675D0,                    0000085P   3345
6.246619833971819D-17,-0.9999999999478076D0,                     0000085P   3346
-0.02925631420714204D0,6.246619833971819D-17,                    0000085P   3347
-0.9999999999491478D0,-0.02194004575509608D0,                    0000085P   3348
6.246619833971819D-17,-0.9999999999504876D0,                     0000085P   3349
-0.01462613398343308D0,6.246619833971819D-17,                    0000085P   3350
-0.9999999999518271D0,-0.00731330816795332D0,                    0000085P   3351
6.246619833971819D-17,-0.9999999999527203D0,                     0000085P   3352
-0.002437946437953459D0,6.246619833971819D-17,                   0000085P   3353
-0.9999999999531668D0,-1.831804267993968D-10,                    0000085P   3354
6.246619833971819D-17,-0.9967159276806797D0,                     0000085P   3355
-0.1250000001825788D0,6.244335746251471D-17,                     0000085P   3356
-0.9967159276811326D0,-0.1225281267282794D0,                     0000085P   3357
4.19517355636014D-05,-0.9967159276820375D0,                      0000085P   3358
-0.1175878119655172D0,0.000123936284207864D0,                    0000085P   3359
-0.9967159276833932D0,-0.1101870317046011D0,                     0000085P   3360
0.0002408561814504068D0,-0.9967159276847473D0,                   0000085P   3361
-0.1027953605228556D0,0.0003514230358265253D0,                   0000085P   3362
-0.9967159276860996D0,-0.09541239155695423D0,                    0000085P   3363
0.0004553181860653845D0,-0.9967159276874504D0,                   0000085P   3364
-0.08803790110314737D0,0.0005521979982300378D0,                  0000085P   3365
-0.9967159276887998D0,-0.08067168071063564D0,                    0000085P   3366
0.0006417466544010968D0,-0.9967159276901478D0,                   0000085P   3367
-0.07331308227519863D0,0.0007238235099468837D0,                  0000085P   3368
-0.9967159276914944D0,-0.06596156391794918D0,                    0000085P   3369
0.0007982667915651009D0,-0.9967159276928399D0,                   0000085P   3370
-0.05861644497083904D0,0.0008649479636777226D0,                  0000085P   3371
-0.9967159276941844D0,-0.05127700934238952D0,                    0000085P   3372
0.0009237376982115983D0,-0.9967159276955279D0,                   0000085P   3373
-0.04394260841217858D0,0.0009745417576840584D0,                  0000085P   3374
-0.9967159276968706D0,-0.03661261044450013D0,                    0000085P   3375
0.001017379338257353D0,-0.9967159276982126D0,                    0000085P   3376
-0.02928640167875036D0,0.001052227541517587D0,                   0000085P   3377
-0.9967159276995541D0,-0.0219631090075233D0,                     0000085P   3378
0.001079351365826033D0,-0.9967159277008952D0,                    0000085P   3379
-0.01464170258003662D0,0.001099065555569555D0,                   0000085P   3380
-0.9967159277022363D0,-0.007321116042753686D0,                   0000085P   3381
0.001111635917620903D0,-0.9967159277031302D0,                    0000085P   3382
-0.002440534623412407D0,0.001115397637360916D0,                  0000085P   3383
-0.9967159277035773D0,-1.825789183408506D-10,                    0000085P   3384
0.001116161751835612D0,-0.9901477831815008D0,                    0000085P   3385
-0.1250000001813757D0,6.239767570810774D-17,                     0000085P   3386
-0.9901477831819517D0,-0.1225378985854015D0,                     0000085P   3387
0.0001258552066906793D0,-0.9901477831828535D0,                   0000085P   3388
-0.1176156323852416D0,0.0003718088526234689D0,                   0000085P   3389
-0.9901477831842049D0,-0.110237570805096D0,                      0000085P   3390
0.0007225685443510974D0,-0.9901477831855556D0,                   0000085P   3391
-0.1028644008673742D0,0.001054269107479453D0,                    0000085P   3392
-0.9901477831869053D0,-0.0954958273067365D0,                     0000085P   3393
0.001365954558196028D0,-0.9901477831882544D0,                    0000085P   3394
-0.08813171241721168D0,0.001656593994689985D0,                   0000085P   3395
-0.9901477831896025D0,-0.080771960953439D0,                      0000085P   3396
0.001925239963203171D0,-0.9901477831909499D0,                    0000085P   3397
-0.07341619956302325D0,0.002171470529840526D0,                   0000085P   3398
-0.9901477831922967D0,-0.0660641394527454D0,                     0000085P   3399
0.00239480037469519D0,-0.9901477831936428D0,                     0000085P   3400
-0.05871540336634001D0,0.002594843891033045D0,                   0000085P   3401
-0.9901477831949884D0,-0.05136959342558881D0,                    0000085P   3402
0.002771213094634681D0,-0.9901477831963336D0,                    0000085P   3403
-0.0440263804152885D0,0.002923625273052052D0,                    0000085P   3404
-0.9901477831976783D0,-0.03668547017958711D0,                    0000085P   3405
0.00305213801477194D0,-0.9901477831990226D0,                     0000085P   3406
-0.02934657662196666D0,0.003156682624552641D0,                   0000085P   3407
-0.9901477832003667D0,-0.02200923551237768D0,                    0000085P   3408
0.003238054097477985D0,-0.9901477832017106D0,                    0000085P   3409
-0.01467283977324321D0,0.003297196666708543D0,                   0000085P   3410
-0.9901477832030544D0,-0.007336731792353599D0,                   0000085P   3411
0.003334907752862592D0,-0.9901477832039504D0,                    0000085P   3412
-0.002445710994329776D0,0.003346192912082627D0,                  0000085P   3413
-0.9901477832043983D0,-1.813755822346386D-10,                    0000085P   3414
0.003348485255506714D0,-0.9802955664327323D0,                    0000085P   3415
-0.125000000179571D0,6.232915307649729D-17,                      0000085P   3416
-0.9802955664331806D0,-0.1225525563710846D0,                     0000085P   3417
0.0002517104133812969D0,-0.9802955664340773D0,                   0000085P   3418
-0.1176573630148283D0,0.0007436177052468736D0,                   0000085P   3419
-0.9802955664354226D0,-0.1103133794558384D0,                     0000085P   3420
0.00144513708870213D0,-0.9802955664367682D0,                     0000085P   3421
-0.1029679613841522D0,0.002108538214958843D0,                    0000085P   3422
-0.980295566438114D0,-0.09562098093141001D0,                     0000085P   3423
0.002731909116391997D0,-0.9802955664394601D0,                    0000085P   3424
-0.08827242938830825D0,0.003313187989379913D0,                   0000085P   3425
-0.9802955664408065D0,-0.08092238131764408D0,                    0000085P   3426
0.003850479926406272D0,-0.9802955664421531D0,                    0000085P   3427
-0.07357087549476045D0,0.004342941059680991D0,                   0000085P   3428
-0.9802955664435D0,-0.06621800275494023D0,                       0000085P   3429
0.004789600749390298D0,-0.9802955664448472D0,                    0000085P   3430
-0.05886384095959151D0,0.005189687782066028D0,                   0000085P   3431
-0.9802955664461945D0,-0.05150846955038803D0,                    0000085P   3432
0.005542426189269286D0,-0.9802955664475421D0,                    0000085P   3433
-0.04415203841995376D0,0.005847250546104042D0,                   0000085P   3434
-0.9802955664488898D0,-0.03679475978221743D0,                    0000085P   3435
0.006104276029543819D0,-0.9802955664502376D0,                    0000085P   3436
-0.02943683903679155D0,0.006313365249105217D0,                   0000085P   3437
-0.9802955664515856D0,-0.0220784252696593D0,                     0000085P   3438
0.006476108194955896D0,-0.9802955664529336D0,                    0000085P   3439
-0.01471954556305344D0,0.006594393333417024D0,                   0000085P   3440
-0.9802955664542816D0,-0.007360155416754462D0,                   0000085P   3441
0.006669815505725114D0,-0.9802955664551805D0,                    0000085P   3442
-0.002453475550706953D0,0.006692385824165181D0,                  0000085P   3443
-0.9802955664556299D0,-1.795710429812121D-10,                    0000085P   3444
0.006696970511013359D0,-0.9704433496839638D0,                    0000085P   3445
-0.1250000001777662D0,6.226063044488684D-17,                     0000085P   3446
-0.9704433496844095D0,-0.1225672141567677D0,                     0000085P   3447
0.0003775656200719131D0,-0.9704433496853012D0,                   0000085P   3448
-0.1176990936444151D0,0.001115426557870281D0,                    0000085P   3449
-0.9704433496866403D0,-0.1103891881065809D0,                     0000085P   3450
0.002167705633053166D0,-0.9704433496879807D0,                    0000085P   3451
-0.1030715219009301D0,0.003162807322438234D0,                    0000085P   3452
-0.9704433496893226D0,-0.09574613455608355D0,                    0000085P   3453
0.004097863674587964D0,-0.9704433496906658D0,                    0000085P   3454
-0.08841314635940484D0,0.004969781984069832D0,                   0000085P   3455
-0.9704433496920104D0,-0.08107280168184915D0,                    0000085P   3456
0.005775719889609381D0,-0.9704433496933563D0,                    0000085P   3457
-0.07372555142649752D0,0.006514411589521442D0,                   0000085P   3458
-0.9704433496947033D0,-0.0663718660571349D0,                     0000085P   3459
0.007184401124085429D0,-0.9704433496960515D0,                    0000085P   3460
-0.059012278552843D0,0.007784531673099009D0,                     0000085P   3461
-0.9704433496974006D0,-0.05164734567518705D0,                    0000085P   3462
0.00831363928390391D0,-0.9704433496987506D0,                     0000085P   3463
-0.04427769642461853D0,0.008770875819156043D0,                   0000085P   3464
-0.9704433497001013D0,-0.03690404938484789D0,                    0000085P   3465
0.009156414044315673D0,-0.9704433497014526D0,                    0000085P   3466
-0.02952710145161611D0,0.009470047873657805D0,                   0000085P   3467
-0.9704433497028043D0,-0.02214761502694112D0,                    0000085P   3468
0.009714162292433829D0,-0.9704433497041566D0,                    0000085P   3469
-0.0147662513528635D0,0.009891590000125499D0,                    0000085P   3470
-0.9704433497055088D0,-0.007383579041154991D0,                   0000085P   3471
0.01000472325858764D0,-0.9704433497064104D0,                     0000085P   3472
-0.00246124010708327D0,0.01003857873624775D0,                    0000085P   3473
-0.9704433497068614D0,-1.777662261720295D-10,                    0000085P   3474
0.01004545576652002D0,-0.9605911329351954D0,                     0000085P   3475
-0.1250000001759615D0,6.219210781327641D-17,                     0000085P   3476
-0.9605911329356384D0,-0.1225818719424508D0,                     0000085P   3477
0.0005034208267625308D0,-0.9605911329365251D0,                   0000085P   3478
-0.1177408242740018D0,0.001487235410493684D0,                    0000085P   3479
-0.9605911329378579D0,-0.1104649967573233D0,                     0000085P   3480
0.002890274177404199D0,-0.9605911329391932D0,                    0000085P   3481
-0.1031750824177081D0,0.004217076429917626D0,                    0000085P   3482
-0.9605911329405312D0,-0.09587128818075701D0,                    0000085P   3483
0.005463818232783925D0,-0.9605911329418715D0,                    0000085P   3484
-0.08855386333050137D0,0.006626375978759761D0,                   0000085P   3485
-0.9605911329432143D0,-0.08122322204605417D0,                    0000085P   3486
0.007700959852812482D0,-0.9605911329445596D0,                    0000085P   3487
-0.07388022735823462D0,0.008685882119361924D0,                   0000085P   3488
-0.9605911329459066D0,-0.06652572935932952D0,                    0000085P   3489
0.009579201498780547D0,-0.9605911329472558D0,                    0000085P   3490
-0.05916071614609458D0,0.01037937556413199D0,                    0000085P   3491
-0.9605911329486067D0,-0.05178622179998608D0,                    0000085P   3492
0.01108485237853851D0,-0.9605911329499591D0,                     0000085P   3493
-0.04440335442928392D0,0.011694501092208D0,                      0000085P   3494
-0.9605911329513128D0,-0.03701333898747818D0,                    0000085P   3495
0.01220855205908756D0,-0.9605911329526676D0,                     0000085P   3496
-0.02961736386644105D0,0.01262673049821036D0,                    0000085P   3497
-0.9605911329540233D0,-0.02221680478422262D0,                    0000085P   3498
0.01295221638991173D0,-0.9605911329553795D0,                     0000085P   3499
-0.01481295714267362D0,0.01318878666683399D0,                    0000085P   3500
-0.960591132956736D0,-0.007407002665555687D0,                    0000085P   3501
0.01333963101145014D0,-0.9605911329576406D0,                     0000085P   3502
-0.002469004663460003D0,0.0133847716483303D0,                    0000085P   3503
-0.960591132958093D0,-1.759614093628468D-10,                     0000085P   3504
0.01339394102202666D0,-0.9507389161864269D0,                     0000085P   3505
-0.1250000001741568D0,6.212358518166596D-17,                     0000085P   3506
-0.9507389161868672D0,-0.1225965297281339D0,                     0000085P   3507
0.0006292760334531466D0,-0.9507389161877491D0,                   0000085P   3508
-0.1177825549035885D0,0.001859044263117092D0,                    0000085P   3509
-0.9507389161890755D0,-0.1105408054080657D0,                     0000085P   3510
0.003612842721755233D0,-0.9507389161904057D0,                    0000085P   3511
-0.1032786429344861D0,0.005271345537397011D0,                    0000085P   3512
-0.9507389161917398D0,-0.09599644180543054D0,                    0000085P   3513
0.006829772790979895D0,-0.9507389161930774D0,                    0000085P   3514
-0.08869458030159798D0,0.008282969973449681D0,                   0000085P   3515
-0.9507389161944184D0,-0.08137364241025928D0,                    0000085P   3516
0.009626199816015601D0,-0.9507389161957628D0,                    0000085P   3517
-0.07403490328997174D0,0.01085735264920238D0,                    0000085P   3518
-0.9507389161971099D0,-0.0666795926615243D0,                     0000085P   3519
0.01197400187347568D0,-0.9507389161984602D0,                     0000085P   3520
-0.05930915373934607D0,0.01297421945516496D0,                    0000085P   3521
-0.9507389161998128D0,-0.05192509792478532D0,                    0000085P   3522
0.01385606547317312D0,-0.9507389162011677D0,                     0000085P   3523
-0.04452901243394884D0,0.01461812636526002D0,                    0000085P   3524
-0.9507389162025243D0,-0.03712262859010859D0,                    0000085P   3525
0.01526069007385944D0,-0.9507389162038825D0,                     0000085P   3526
-0.02970762628126571D0,0.01578341312276295D0,                    0000085P   3527
-0.950738916205242D0,-0.0222859945415045D0,                      0000085P   3528
0.01619027048738966D0,-0.9507389162066023D0,                     0000085P   3529
-0.01485966293248375D0,0.01648598333354246D0,                    0000085P   3530
-0.9507389162079634D0,-0.007430426289956147D0,                   0000085P   3531
0.01667453876431271D0,-0.9507389162088706D0,                     0000085P   3532
-0.002476769219836597D0,0.01673096456041288D0,                   0000085P   3533
-0.9507389162093244D0,-1.741567868426935D-10,                    0000085P   3534
0.0167424262775333D0,-0.9408866994376583D0,-0.125000000172352D0, 0000085P   3535
6.205506255005551D-17,-0.940886699438096D0,-0.122611187513817D0, 0000085P   3536
0.0007551312401437661D0,-0.940886699438973D0,                    0000085P   3537
-0.1178242855331752D0,0.0022308531157405D0,                      0000085P   3538
-0.9408866994402931D0,-0.1106166140588081D0,                     0000085P   3539
0.004335411266106271D0,-0.9408866994416183D0,                    0000085P   3540
-0.103382203451264D0,0.00632561464487641D0,                      0000085P   3541
-0.9408866994429483D0,-0.09612159543010398D0,                    0000085P   3542
0.008195727349175855D0,-0.940886699444283D0,                     0000085P   3543
-0.08883529727269449D0,0.009939563968139612D0,                   0000085P   3544
-0.9408866994456223D0,-0.08152406277446429D0,                    0000085P   3545
0.0115514397792187D0,-0.9408866994469658D0,                      0000085P   3546
-0.07418957922170871D0,0.01302882317904284D0,                    0000085P   3547
-0.9408866994483134D0,-0.06683345596371879D0,                    0000085P   3548
0.0143688022481708D0,-0.9408866994496644D0,                      0000085P   3549
-0.05945759133259741D0,0.01556906334619799D0,                    0000085P   3550
-0.9408866994510188D0,-0.0520639740495843D0,                     0000085P   3551
0.01662727856780778D0,-0.9408866994523761D0,                     0000085P   3552
-0.0446546704386137D0,0.01754175163831203D0,                     0000085P   3553
-0.9408866994537357D0,-0.03723191819273886D0,                    0000085P   3554
0.01831282808863132D0,-0.9408866994550976D0,                     0000085P   3555
-0.02979788869609035D0,0.01894009574731554D0,                    0000085P   3556
-0.9408866994564609D0,-0.02235518429878596D0,                    0000085P   3557
0.01942832458486756D0,-0.9408866994578253D0,                     0000085P   3558
-0.01490636872229393D0,0.01978318000025094D0,                    0000085P   3559
-0.9408866994591905D0,-0.007453849914356732D0,                   0000085P   3560
0.0200094465171752D0,-0.9408866994601008D0,                      0000085P   3561
-0.002484533776213303D0,0.02007715747249544D0,                   0000085P   3562
-0.9408866994605559D0,-1.723518590112084D-10,                    0000085P   3563
0.02009091153303998D0,-0.9343185549384795D0,                     0000085P   3564
-0.1250000001711489D0,6.200938079564854D-17,                     0000085P   3565
-0.9343185549389152D0,-0.1226209593709391D0,                     0000085P   3566
0.00083903471127084D0,-0.9343185549397888D0,                     0000085P   3567
-0.1178521059528997D0,0.002478725684156099D0,                    0000085P   3568
-0.9343185549411051D0,-0.1106671531593031D0,                     0000085P   3569
0.004817123629006959D0,-0.9343185549424267D0,                    0000085P   3570
-0.1034512437957827D0,0.00702846071652933D0,                     0000085P   3571
-0.9343185549437542D0,-0.09620503117988641D0,                    0000085P   3572
0.009106363721306514D0,-0.934318554945087D0,                     0000085P   3573
-0.08892910858675893D0,0.01104395996459956D0,                    0000085P   3574
-0.9343185549464249D0,-0.08162434301726776D0,                    0000085P   3575
0.01283493308802078D0,-0.9343185549477681D0,                     0000085P   3576
-0.07429269650953357D0,0.01447647019893649D0,                    0000085P   3577
-0.9343185549491155D0,-0.06693603149851547D0,                    0000085P   3578
0.01596533583130087D0,-0.9343185549504675D0,                     0000085P   3579
-0.05955654972809862D0,0.01729895927355326D0,                    0000085P   3580
-0.9343185549518229D0,-0.05215655813278397D0,                    0000085P   3581
0.01847475396423078D0,-0.9343185549531817D0,                     0000085P   3582
-0.04473844244172397D0,0.01949083515367999D0,                    0000085P   3583
-0.9343185549545434D0,-0.03730477792782605D0,                    0000085P   3584
0.02034758676514588D0,-0.9343185549559077D0,                     0000085P   3585
-0.02985806363930709D0,0.02104455083035056D0,                    0000085P   3586
-0.9343185549572736D0,-0.02240131080364057D0,                    0000085P   3587
0.02158702731651951D0,-0.9343185549586407D0,                     0000085P   3588
-0.01493750591550076D0,0.02198131111138994D0,                    0000085P   3589
-0.9343185549600088D0,-0.007469465663957353D0,                   0000085P   3590
0.02223271835241688D0,-0.9343185549609209D0,                     0000085P   3591
-0.002489710147131116D0,0.02230795274721713D0,                   0000085P   3592
-0.9343185549613771D0,-1.711489808719941D-10,                    0000085P   3593
0.02232323503671105D0,-0.9310344826888899D0,                     0000085P   3594
-0.1250000001705473D0,6.198653991844506D-17,                     0000085P   3595
-0.9310344826893249D0,-0.1226258452995001D0,                     0000085P   3596
0.0008809864468343816D0,-0.9310344826901968D0,                   0000085P   3597
-0.1178660161627619D0,0.002602661968363904D0,                    0000085P   3598
-0.9310344826915108D0,-0.1106924227095505D0,                     0000085P   3599
0.005057979810457298D0,-0.9310344826928308D0,                    0000085P   3600
-0.103485763968042D0,0.007379883752355793D0,                     0000085P   3601
-0.9310344826941569D0,-0.09624674905477754D0,                    0000085P   3602
0.009561681907371826D0,-0.9310344826954889D0,                    0000085P   3603
-0.08897601424379112D0,0.01159615796282954D0,                    0000085P   3604
-0.9310344826968263D0,-0.08167448313866942D0,                    0000085P   3605
0.01347667974242181D0,-0.931034482698169D0,                      0000085P   3606
-0.07434425515344591D0,0.01520029370888331D0,                    0000085P   3607
-0.9310344826995167D0,-0.06698731926591363D0,                    0000085P   3608
0.01676360262286591D0,-0.9310344827008687D0,                     0000085P   3609
-0.05960602892584908D0,0.01816390723723093D0,                    0000085P   3610
-0.9310344827022249D0,-0.05220285017438351D0,                    0000085P   3611
0.01939849166244235D0,-0.9310344827035847D0,                     0000085P   3612
-0.04478032844327897D0,0.02046537691136399D0,                    0000085P   3613
-0.9310344827049473D0,-0.03734120779536942D0,                    0000085P   3614
0.02136496610340318D0,-0.9310344827063125D0,                     0000085P   3615
-0.02988815111091519D0,0.02209677837186811D0,                    0000085P   3616
-0.9310344827076797D0,-0.02242437405606777D0,                    0000085P   3617
0.02266637868234549D0,-0.9310344827090483D0,                     0000085P   3618
-0.01495307451210414D0,0.02308037666695943D0,                    0000085P   3619
-0.9310344827104178D0,-0.007477273538757456D0,                   0000085P   3620
0.02334435427003774D0,-0.9310344827113309D0,                     0000085P   3621
-0.00249229833259005D0,0.02342335038457798D0,                    0000085P   3622
-0.9310344827117875D0,-1.705473197577819D-10,                    0000085P   3623
0.02343939678854661D0,0.0D0,0.1264330770901814D0,0.0D0,          0000085P   3624
0.07088946361159457D0;                                           0000085P   3625
126,1,1,1,0,1,0,-0.06802595804946207D0,-0.06802595804946207D0,   0000087P   3626
-0.0D0,-0.0D0,1.0D0,1.0D0,0.1264330770901814D0,                  0000087P   3627
0.002863505562132501D0,0.0D0,0.1264330770901814D0,               0000087P   3628
0.07088946361159457D0,0.0D0,-0.06802595804946207D0,-0.0D0,0.0D0, 0000087P   3629
0.0D0,1.0D0;                                                     0000087P   3630
126,1,1,1,0,1,0,-0.1264330770901814D0,-0.1264330770901814D0,     0000089P   3631
-0.002665750011435421D0,-0.002665750011435421D0,1.0D0,1.0D0,     0000089P   3632
0.1264330770901814D0,0.07088946361159457D0,0.0D0,                0000089P   3633
0.002665750011435422D0,0.07088946361159457D0,0.0D0,              0000089P   3634
-0.1264330770901814D0,-0.002665750011435421D0,0.0D0,0.0D0,1.0D0; 0000089P   3635
126,12,3,1,0,1,0,-0.1696861803245675D0,-0.1696861803245675D0,    0000091P   3636
-0.1696861803245675D0,-0.1696861803245675D0,                     0000091P   3637
-0.1209445973736893D0,-0.1209445973736893D0,                     0000091P   3638
-0.1209445973736893D0,-0.1033349993933194D0,                     0000091P   3639
-0.1033349993933194D0,-0.1033349993933194D0,                     0000091P   3640
-0.08408452597573557D0,-0.08408452597573557D0,                   0000091P   3641
-0.08408452597573557D0,-0.0D0,-0.0D0,-0.0D0,-0.0D0,1.0D0,1.0D0,  0000091P   3642
1.0D0,1.0D0,1.0D0,1.0D0,1.0D0,1.0D0,1.0D0,1.0D0,1.0D0,1.0D0,     0000091P   3643
1.0D0,0.002665750011435422D0,0.07088946361159457D0,0.0D0,        0000091P   3644
0.005074563187464095D0,0.05541856069364526D0,0.0D0,              0000091P   3645
0.001797190453361681D0,0.03637163914628776D0,0.0D0,              0000091P   3646
0.009568069790312368D0,0.02209652564147463D0,0.0D0,              0000091P   3647
0.01237557116374076D0,0.01693914266937774D0,0.0D0,               0000091P   3648
0.01662516530274956D0,0.01240460843503921D0,0.0D0,               0000091P   3649
0.02177848254683197D0,0.009729152641291433D0,0.0D0,              0000091P   3650
0.02741198972457514D0,0.006804395886771784D0,0.0D0,              0000091P   3651
0.0341254859018985D0,0.00610131992576373D0,0.0D0,                0000091P   3652
0.04077232707712508D0,0.005525048527904314D0,0.0D0,              0000091P   3653
0.06980519693602516D0,0.003007941219877126D0,0.0D0,              0000091P   3654
0.09756637438831769D0,0.002910103209076176D0,0.0D0,              0000091P   3655
0.1264330770901814D0,0.002863505562132501D0,0.0D0,               0000091P   3656
-0.1696861803245675D0,-0.0D0,0.0D0,0.0D0,1.0D0;                  0000091P   3657
102,3,87,89,91;                                                  0000093P   3658
126,9,3,1,0,1,0,0.002863505562132499D0,0.002863505562132499D0,   0000095P   3659
0.002863505562132499D0,0.002863505562132499D0,                   0000095P   3660
0.0101270662302278D0,0.02025413246045559D0,                      0000095P   3661
0.03038119869068338D0,0.04050826492091118D0,                     0000095P   3662
0.05063533115113898D0,0.06076239738136677D0,                     0000095P   3663
0.07088946361159457D0,0.07088946361159457D0,                     0000095P   3664
0.07088946361159457D0,0.07088946361159457D0,1.0D0,1.0D0,1.0D0,   0000095P   3665
1.0D0,1.0D0,1.0D0,1.0D0,1.0D0,1.0D0,1.0D0,-0.9972142101875953D0, 0000095P   3666
-1.826701505045775D-10,0.000946809859428253D0,                   0000095P   3667
-0.9948587345265296D0,-1.822386720328318D-10,                    0000095P   3668
0.00174736832478774D0,-0.9892191866158745D0,                     0000095P   3669
-1.812054998016878D-10,0.003664088541982777D0,                   0000095P   3670
-0.9802955664556299D0,-1.795710429812121D-10,                    0000095P   3671
0.006696970511013359D0,-0.9704433497068614D0,                    0000095P   3672
-1.777662261720295D-10,0.01004545576652002D0,                    0000095P   3673
-0.960591132958093D0,-1.759614093628468D-10,                     0000095P   3674
0.01339394102202666D0,-0.9507389162093244D0,                     0000095P   3675
-1.741567868426935D-10,0.0167424262775333D0,                     0000095P   3676
-0.9408866994605559D0,-1.723518590112084D-10,                    0000095P   3677
0.02009091153303998D0,-0.9343185549613771D0,                     0000095P   3678
-1.711489808719941D-10,0.02232323503671105D0,                    0000095P   3679
-0.9310344827117875D0,-1.705473197577819D-10,                    0000095P   3680
0.02343939678854661D0,0.002863505562132499D0,                    0000095P   3681
0.07088946361159457D0,0.0D0,1.0D0,0.0D0;                         0000095P   3682
126,19,3,1,0,1,0,-0.1264330770901814D0,-0.1264330770901814D0,    0000097P   3683
-0.1264330770901814D0,-0.1264330770901814D0,                     0000097P   3684
-0.1189958372613472D0,-0.111558597432513D0,                      0000097P   3685
-0.1041213576036788D0,-0.09668411777484458D0,                    0000097P   3686
-0.08924687794601038D0,-0.08180963811717618D0,                   0000097P   3687
-0.07437239828834198D0,-0.06693515845950779D0,                   0000097P   3688
-0.05949791863067359D0,-0.05206067880183939D0,                   0000097P   3689
-0.04462343897300519D0,-0.03718619914417099D0,                   0000097P   3690
-0.02974895931533679D0,-0.0223117194865026D0,                    0000097P   3691
-0.0148744796576684D0,-0.007437239828834198D0,                   0000097P   3692
-0.002665750011435421D0,-0.002665750011435421D0,                 0000097P   3693
-0.002665750011435421D0,-0.002665750011435421D0,1.0D0,1.0D0,     0000097P   3694
1.0D0,1.0D0,1.0D0,1.0D0,1.0D0,1.0D0,1.0D0,1.0D0,1.0D0,1.0D0,     0000097P   3695
1.0D0,1.0D0,1.0D0,1.0D0,1.0D0,1.0D0,1.0D0,1.0D0,                 0000097P   3696
-0.9310344827117875D0,-1.705473197577819D-10,                    0000097P   3697
0.02343939678854661D0,-0.9310344827113309D0,                     0000097P   3698
-0.00249229833259005D0,0.02342335038457798D0,                    0000097P   3699
-0.9310344827104178D0,-0.007477273538757456D0,                   0000097P   3700
0.02334435427003774D0,-0.9310344827090483D0,                     0000097P   3701
-0.01495307451210414D0,0.02308037666695943D0,                    0000097P   3702
-0.9310344827076797D0,-0.02242437405606777D0,                    0000097P   3703
0.02266637868234549D0,-0.9310344827063125D0,                     0000097P   3704
-0.02988815111091519D0,0.02209677837186811D0,                    0000097P   3705
-0.9310344827049473D0,-0.03734120779536942D0,                    0000097P   3706
0.02136496610340318D0,-0.9310344827035847D0,                     0000097P   3707
-0.04478032844327897D0,0.02046537691136399D0,                    0000097P   3708
-0.9310344827022249D0,-0.05220285017438351D0,                    0000097P   3709
0.01939849166244235D0,-0.9310344827008687D0,                     0000097P   3710
-0.05960602892584908D0,0.01816390723723093D0,                    0000097P   3711
-0.9310344826995167D0,-0.06698731926591363D0,                    0000097P   3712
0.01676360262286591D0,-0.931034482698169D0,                      0000097P   3713
-0.07434425515344591D0,0.01520029370888331D0,                    0000097P   3714
-0.9310344826968263D0,-0.08167448313866942D0,                    0000097P   3715
0.01347667974242181D0,-0.9310344826954889D0,                     0000097P   3716
-0.08897601424379112D0,0.01159615796282954D0,                    0000097P   3717
-0.9310344826941569D0,-0.09624674905477754D0,                    0000097P   3718
0.009561681907371826D0,-0.9310344826928308D0,                    0000097P   3719
-0.103485763968042D0,0.007379883752355793D0,                     0000097P   3720
-0.9310344826915108D0,-0.1106924227095505D0,                     0000097P   3721
0.005057979810457298D0,-0.9310344826903538D0,                    0000097P   3722
-0.1170089326537343D0,0.002896017376027468D0,                    0000097P   3723
-0.9310344826896375D0,-0.1209190420505714D0,                     0000097P   3724
0.001495367714913447D0,-0.9310344826893581D0,                    0000097P   3725
-0.1224448614150582D0,0.0009395089488752092D0,                   0000097P   3726
-0.1264330770901814D0,-0.002665750011435421D0,1.0D0,0.0D0,0.0D0; 0000097P   3727
126,13,3,1,0,1,0,-0.1696861803245675D0,-0.1696861803245675D0,    0000099P   3728
-0.1696861803245675D0,-0.1696861803245675D0,                     0000099P   3729
-0.1412872084052442D0,-0.1290353982336432D0,                     0000099P   3730
-0.1214382020888612D0,-0.1161537668929614D0,                     0000099P   3731
-0.1106467180207037D0,-0.1038557148088277D0,                     0000099P   3732
-0.09507850151280688D0,-0.08444003045752403D0,                   0000099P   3733
-0.0632197162237467D0,-0.04210668282271895D0,-0.0D0,-0.0D0,      0000099P   3734
-0.0D0,-0.0D0,1.0D0,1.0D0,1.0D0,1.0D0,1.0D0,1.0D0,1.0D0,1.0D0,   0000099P   3735
1.0D0,1.0D0,1.0D0,1.0D0,1.0D0,1.0D0,-0.9310344826893581D0,       0000099P   3736
-0.1224448614150582D0,0.0009395089488752092D0,                   0000099P   3737
-0.9404920586097822D0,-0.1220057610449221D0,                     0000099P   3738
0.0009555237765044898D0,-0.9540468101092265D0,                   0000099P   3739
-0.1213141914978549D0,0.0009747068643281891D0,                   0000099P   3740
-0.9699880653067201D0,-0.1188579363735186D0,                     0000099P   3741
0.0009887362812094481D0,-0.9780416293286344D0,                   0000099P   3742
-0.1163380916970529D0,0.0009934191634759673D0,                   0000099P   3743
-0.9834401312639609D0,-0.1133098292868742D0,                     0000099P   3744
0.00099524316417099D0,-0.9876977883617151D0,                     0000099P   3745
-0.1091317728431716D0,0.0009954474246384691D0,                   0000099P   3746
-0.9910105514244729D0,-0.1028296424522363D0,                     0000099P   3747
0.0009936993770226334D0,-0.9932800518163803D0,                   0000099P   3748
-0.09434064973357889D0,0.0009897118313358833D0,                  0000099P   3749
-0.9951619055605968D0,-0.08089845269124397D0,                    0000099P   3750
0.0009816462672123608D0,-0.9962372280325924D0,                   0000099P   3751
-0.06325543027475485D0,0.0009696461130260451D0,                  0000099P   3752
-0.997066256946293D0,-0.03511455888141307D0,                     0000099P   3753
0.0009529116910881362D0,-0.9971922889634467D0,                   0000099P   3754
-0.01403609930180421D0,0.0009471240494821024D0,                  0000099P   3755
-0.9972142101875954D0,-1.826701505045775D-10,                    0000099P   3756
0.0009468098594282556D0,-0.1696861803245675D0,-0.0D0,            0000099P   3757
-0.0009981802466967847D0,-0.0006069634894686014D0,               0000099P   3758
-0.999999317615526D0;                                            0000099P   3759
102,3,95,97,99;                                                  0000101P   3760
142,0,85,93,101,1;                                               0000103P   3761
144,85,1,0,103;                                                  0000105P   3762
128,19,9,3,3,0,0,1,0,0,0.0D0,0.0D0,0.0D0,0.0D0,                  0000107P   3763
0.007725930635359851D0,0.0154518612707197D0,                     0000107P   3764
0.02317779190607955D0,0.03090372254143941D0,                     0000107P   3765
0.03862965317679926D0,0.04635558381215911D0,                     0000107P   3766
0.05408151444751896D0,0.06180744508287881D0,                     0000107P   3767
0.06953337571823867D0,0.07725930635359851D0,                     0000107P   3768
0.08498523698895837D0,0.09271116762431822D0,                     0000107P   3769
0.1004370982596781D0,0.1081630288950379D0,0.1158889595303978D0,  0000107P   3770
0.1236148901657576D0,0.1313408208011175D0,0.1313408208011175D0,  0000107P   3771
0.1313408208011175D0,0.1313408208011175D0,0.0D0,0.0D0,0.0D0,     0000107P   3772
0.0D0,0.01007044581566734D0,0.02014089163133468D0,               0000107P   3773
0.03021133744700202D0,0.04028178326266937D0,                     0000107P   3774
0.05035222907833671D0,0.06042267489400405D0,                     0000107P   3775
0.0704931207096714D0,0.0704931207096714D0,0.0704931207096714D0,  0000107P   3776
0.0704931207096714D0,1.0D0,1.0D0,1.0D0,1.0D0,1.0D0,1.0D0,1.0D0,  0000107P   3777
1.0D0,1.0D0,1.0D0,1.0D0,1.0D0,1.0D0,1.0D0,1.0D0,1.0D0,1.0D0,     0000107P   3778
1.0D0,1.0D0,1.0D0,1.0D0,1.0D0,1.0D0,1.0D0,1.0D0,1.0D0,1.0D0,     0000107P   3779
1.0D0,1.0D0,1.0D0,1.0D0,1.0D0,1.0D0,1.0D0,1.0D0,1.0D0,1.0D0,     0000107P   3780
1.0D0,1.0D0,1.0D0,1.0D0,1.0D0,1.0D0,1.0D0,1.0D0,1.0D0,1.0D0,     0000107P   3781
1.0D0,1.0D0,1.0D0,1.0D0,1.0D0,1.0D0,1.0D0,1.0D0,1.0D0,1.0D0,     0000107P   3782
1.0D0,1.0D0,1.0D0,1.0D0,1.0D0,1.0D0,1.0D0,1.0D0,1.0D0,1.0D0,     0000107P   3783
1.0D0,1.0D0,1.0D0,1.0D0,1.0D0,1.0D0,1.0D0,1.0D0,1.0D0,1.0D0,     0000107P   3784
1.0D0,1.0D0,1.0D0,1.0D0,1.0D0,1.0D0,1.0D0,1.0D0,1.0D0,1.0D0,     0000107P   3785
1.0D0,1.0D0,1.0D0,1.0D0,1.0D0,1.0D0,1.0D0,1.0D0,1.0D0,1.0D0,     0000107P   3786
1.0D0,1.0D0,1.0D0,1.0D0,1.0D0,1.0D0,1.0D0,1.0D0,1.0D0,1.0D0,     0000107P   3787
1.0D0,1.0D0,1.0D0,1.0D0,1.0D0,1.0D0,1.0D0,1.0D0,1.0D0,1.0D0,     0000107P   3788
1.0D0,1.0D0,1.0D0,1.0D0,1.0D0,1.0D0,1.0D0,1.0D0,1.0D0,1.0D0,     0000107P   3789
1.0D0,1.0D0,1.0D0,1.0D0,1.0D0,1.0D0,1.0D0,1.0D0,1.0D0,1.0D0,     0000107P   3790
1.0D0,1.0D0,1.0D0,1.0D0,1.0D0,1.0D0,1.0D0,1.0D0,1.0D0,1.0D0,     0000107P   3791
1.0D0,1.0D0,1.0D0,1.0D0,1.0D0,1.0D0,1.0D0,1.0D0,1.0D0,1.0D0,     0000107P   3792
1.0D0,1.0D0,1.0D0,1.0D0,1.0D0,1.0D0,1.0D0,1.0D0,1.0D0,1.0D0,     0000107P   3793
1.0D0,1.0D0,1.0D0,1.0D0,1.0D0,1.0D0,1.0D0,1.0D0,1.0D0,1.0D0,     0000107P   3794
1.0D0,1.0D0,1.0D0,1.0D0,1.0D0,1.0D0,1.0D0,1.0D0,1.0D0,1.0D0,     0000107P   3795
1.0D0,1.0D0,1.0D0,1.0D0,1.0D0,1.0D0,1.0D0,1.0D0,1.0D0,1.0D0,     0000107P   3796
1.0D0,1.0D0,1.0D0,-0.9310344826888899D0,-0.1250000001705473D0,   0000107P   3797
6.198653991844506D-17,-0.9310344826893225D0,                     0000107P   3798
-0.1226383926817088D0,0.0008865764652558665D0,                   0000107P   3799
-0.9310344826901901D0,-0.1179024148281353D0,                     0000107P   3800
0.002618119865772513D0,-0.9310344826914987D0,                    0000107P   3801
-0.1107582839872613D0,0.005080601399434865D0,                    0000107P   3802
-0.9310344826928151D0,-0.1035718747760867D0,                     0000107P   3803
0.007396168884941466D0,-0.931034482694139D0,                     0000107P   3804
-0.09634468725609863D0,0.009560878988028277D0,                   0000107P   3805
-0.9310344826954696D0,-0.08908037831339288D0,                    0000107P   3806
0.01157702004053481D0,-0.9310344826968067D0,                     0000107P   3807
-0.08178172611034897D0,0.01344496336632608D0,                    0000107P   3808
-0.9310344826981495D0,-0.07445087999925128D0,                    0000107P   3809
0.01516128318154187D0,-0.9310344826994976D0,                     0000107P   3810
-0.06709060132827596D0,0.01672260700671441D0,                    0000107P   3811
-0.931034482700851D0,-0.05970341333704254D0,                     0000107P   3812
0.01812622082503354D0,-0.9310344827022086D0,                     0000107P   3813
-0.05229217528843235D0,0.01936939282703426D0,                    0000107P   3814
-0.9310344827035699D0,-0.04486010721423171D0,                    0000107P   3815
0.02044997567654756D0,-0.9310344827049345D0,                     0000107P   3816
-0.0374101507025429D0,0.02136767377236239D0,                     0000107P   3817
-0.931034482706302D0,-0.02994591219138456D0,                     0000107P   3818
0.02212200597785605D0,-0.9310344827076713D0,                     0000107P   3819
-0.02246973204321329D0,0.02270997132762487D0,                    0000107P   3820
-0.9310344827090427D0,-0.0149843344075631D0,                     0000107P   3821
0.02312630359435042D0,-0.9310344827104148D0,                     0000107P   3822
-0.007493438736073729D0,0.02337332949003805D0,                   0000107P   3823
-0.9310344827113299D0,-0.002497879952515305D0,                   0000107P   3824
0.02343362418986947D0,-0.9310344827117875D0,                     0000107P   3825
-1.705473058799941D-10,0.02343939678854662D0,                    0000107P   3826
-0.9277504104393005D0,-0.1250000001699457D0,                     0000107P   3827
6.196369904124158D-17,-0.9277504104397312D0,                     0000107P   3828
-0.1226491908789671D0,0.0009199433579366544D0,                   0000107P   3829
-0.927750410440595D0,-0.1179330495699395D0,                      0000107P   3830
0.002716778536117209D0,-0.9277504104418991D0,                    0000107P   3831
-0.1108137134907924D0,0.005273064066530207D0,                    0000107P   3832
-0.9277504104432117D0,-0.1036474622335763D0,                     0000107P   3833
0.007678533776563632D0,-0.9277504104445328D0,                    0000107P   3834
-0.09643609252365132D0,0.009929268883621584D0,                   0000107P   3835
-0.9277504104458613D0,-0.08918354761798084D0,                    0000107P   3836
0.01202744964305437D0,-0.9277504104471969D0,                     0000107P   3837
-0.08189287133607356D0,0.01397333839399036D0,                    0000107P   3838
-0.9277504104485389D0,-0.07456631399910196D0,                    0000107P   3839
0.01576313039863092D0,-0.9277504104498869D0,                     0000107P   3840
-0.06720674479774658D0,0.01739311203831853D0,                    0000107P   3841
-0.9277504104512407D0,-0.05981684506845746D0,                    0000107P   3842
0.01886011036796126D0,-0.9277504104525994D0,                     0000107P   3843
-0.05239964251497251D0,0.02016089332373498D0,                    0000107P   3844
-0.9277504104539624D0,-0.04495855879662283D0,                    0000107P   3845
0.0212928098378739D0,-0.9277504104553291D0,                      0000107P   3846
-0.03749684610697022D0,0.02225503659102769D0,                    0000107P   3847
-0.9277504104566991D0,-0.03001839229017205D0,                    0000107P   3848
0.02304655238430362D0,-0.9277504104580715D0,                     0000107P   3849
-0.02252596848573309D0,0.02366393994588955D0,                    0000107P   3850
-0.9277504104594461D0,-0.01502273769779707D0,                    0000107P   3851
0.02410146779656746D0,-0.9277504104608217D0,                     0000107P   3852
-0.007512908748371201D0,0.02436125751409651D0,                   0000107P   3853
-0.9277504104617391D0,-0.002504369449165756D0,                   0000107P   3854
0.02442455148811715D0,-0.927750410462198D0,                      0000107P   3855
-1.699456586435698D-10,0.02443045974655059D0,                    0000107P   3856
-0.9211822659401213D0,-0.1250000001687425D0,                     0000107P   3857
6.191801728683461D-17,-0.9211822659405479D0,                     0000107P   3858
-0.1226707872734837D0,0.0009866771432982238D0,                   0000107P   3859
-0.9211822659414046D0,-0.1179943190535479D0,                     0000107P   3860
0.002914095876806614D0,-0.9211822659426997D0,                    0000107P   3861
-0.1109245724978547D0,0.00565798940072089D0,                     0000107P   3862
-0.9211822659440051D0,-0.1037986371485556D0,                     0000107P   3863
0.008243263559807989D0,-0.9211822659453202D0,                    0000107P   3864
-0.09661890305875691D0,0.01066604867480826D0,                    0000107P   3865
-0.9211822659466443D0,-0.08938988622715698D0,                    0000107P   3866
0.01292830884809346D0,-0.9211822659479769D0,                     0000107P   3867
-0.08211516178752262D0,0.01503008844931897D0,                    0000107P   3868
-0.9211822659493175D0,-0.07479718199880336D0,                    0000107P   3869
0.01696682483280904D0,-0.9211822659506653D0,                     0000107P   3870
-0.06743903173668753D0,0.01873412210152685D0,                    0000107P   3871
-0.92118226595202D0,-0.06004370853128727D0,                      0000107P   3872
0.02032788945381664D0,-0.9211822659533809D0,                     0000107P   3873
-0.05261457696805245D0,0.02174389431713644D0,                    0000107P   3874
-0.9211822659547473D0,-0.04515546196140531D0,                    0000107P   3875
0.02297847816052667D0,-0.9211822659561184D0,                     0000107P   3876
-0.03767023691582487D0,0.0240297622283584D0,                     0000107P   3877
-0.9211822659574935D0,-0.03016335248774716D0,                    0000107P   3878
0.0248956451971988D0,-0.9211822659588719D0,                      0000107P   3879
-0.02263844137077265D0,0.0255718771824188D0,                     0000107P   3880
-0.921182265960253D0,-0.01509954427826516D0,                     0000107P   3881
0.02605179620100153D0,-0.9211822659616354D0,                     0000107P   3882
-0.007551848772965369D0,0.02633711356221346D0,                   0000107P   3883
-0.9211822659625579D0,-0.002517348442466827D0,                   0000107P   3884
0.0264064060846126D0,-0.9211822659630189D0,                      0000107P   3885
-1.687424196818724D-10,0.02641258566255854D0,                    0000107P   3886
-0.911330049191353D0,-0.1250000001669378D0,                      0000107P   3887
6.184949465522416D-17,-0.9113300491917738D0,                     0000107P   3888
-0.1227031818652586D0,0.001086777821340585D0,                    0000107P   3889
-0.9113300491926193D0,-0.1180862232789606D0,                     0000107P   3890
0.003210071887840699D0,-0.9113300491939008D0,                    0000107P   3891
-0.1110908610084482D0,0.006235377402006889D0,                    0000107P   3892
-0.911330049195195D0,-0.1040253995210245D0,                      0000107P   3893
0.009090358234674462D0,-0.9113300491965016D0,                    0000107P   3894
-0.09689311886141522D0,0.01177121836158818D0,                    0000107P   3895
-0.9113300491978193D0,-0.0896993941409211D0,                     0000107P   3896
0.01427959765565209D0,-0.9113300491991476D0,                     0000107P   3897
-0.08244859746469647D0,0.01661521353231181D0,                    0000107P   3898
-0.9113300492004858D0,-0.07514348399835556D0,                    0000107P   3899
0.01877236648407619D0,-0.9113300492018332D0,                     0000107P   3900
-0.06778746214509931D0,0.02074563719633922D0,                    0000107P   3901
-0.9113300492031893D0,-0.06038400372553235D0,                    0000107P   3902
0.02252955808259972D0,-0.9113300492045534D0,                     0000107P   3903
-0.05293697864767274D0,0.02411839580723856D0,                    0000107P   3904
-0.9113300492059248D0,-0.04545081670857896D0,                    0000107P   3905
0.02550698064450563D0,-0.9113300492073023D0,                     0000107P   3906
-0.03793032312910691D0,0.02669185068435431D0,                    0000107P   3907
-0.9113300492086852D0,-0.03038079278411003D0,                    0000107P   3908
0.02766928441654144D0,-0.9113300492100727D0,                     0000107P   3909
-0.02280715069833242D0,0.02843378303721268D0,                    0000107P   3910
-0.9113300492114634D0,-0.0152147541489677D0,                     0000107P   3911
0.02897728880765262D0,-0.9113300492128565D0,                     0000107P   3912
-0.007610258809857579D0,0.02930089763438882D0,                   0000107P   3913
-0.9113300492137857D0,-0.002536816932418668D0,                   0000107P   3914
0.0293791879793556D0,-0.9113300492142506D0,                      0000107P   3915
-1.669377971617192D-10,0.02938577453657039D0,                    0000107P   3916
-0.9014778324425845D0,-0.1250000001651331D0,                     0000107P   3917
6.178097202361372D-17,-0.9014778324429992D0,                     0000107P   3918
-0.1227355764570334D0,0.001186878499382948D0,                    0000107P   3919
-0.9014778324438341D0,-0.1181781275043733D0,                     0000107P   3920
0.003506047898874799D0,-0.9014778324451017D0,                    0000107P   3921
-0.1112571495190416D0,0.00681276540329292D0,                     0000107P   3922
-0.9014778324463851D0,-0.1042521618934935D0,                     0000107P   3923
0.009937452909540977D0,-0.9014778324476828D0,                    0000107P   3924
-0.09716733466407355D0,0.01287638804836816D0,                    0000107P   3925
-0.9014778324489939D0,-0.09000890205468527D0,                    0000107P   3926
0.01563088646321075D0,-0.9014778324503179D0,                     0000107P   3927
-0.08278203314187023D0,0.0182003386153047D0,                     0000107P   3928
-0.9014778324516538D0,-0.07548978599790775D0,                    0000107P   3929
0.0205779081353434D0,-0.9014778324530007D0,                      0000107P   3930
-0.06813589255351098D0,0.02275715229115165D0,                    0000107P   3931
-0.9014778324543584D0,-0.06072429891977723D0,                    0000107P   3932
0.02473122671138288D0,-0.9014778324557258D0,                     0000107P   3933
-0.05325938032729288D0,0.02649289729734074D0,                    0000107P   3934
-0.901477832457102D0,-0.04574617145575251D0,                     0000107P   3935
0.0280354831284848D0,-0.9014778324584862D0,                      0000107P   3936
-0.03819040934238888D0,0.02935393914035026D0,                    0000107P   3937
-0.9014778324598769D0,-0.03059823308047262D0,                    0000107P   3938
0.0304429236358842D0,-0.9014778324612732D0,                      0000107P   3939
-0.02297586002589181D0,0.03129568889200655D0,                    0000107P   3940
-0.9014778324626739D0,-0.01532996401966981D0,                    0000107P   3941
0.03190278141430374D0,-0.901477832464077D0,                      0000107P   3942
-0.007668668846749428D0,0.03226468170656418D0,                   0000107P   3943
-0.9014778324650137D0,-0.002556285422370231D0,                   0000107P   3944
0.03235196987409874D0,-0.901477832465482D0,                      0000107P   3945
-1.651331052526268D-10,0.03235896341058232D0,                    0000107P   3946
-0.891625615693816D0,-0.1250000001633284D0,                      0000107P   3947
6.171244939200327D-17,-0.8916256156942248D0,                     0000107P   3948
-0.1227679710488083D0,0.001286979177425298D0,                    0000107P   3949
-0.8916256156950488D0,-0.118270031729786D0,                      0000107P   3950
0.003802023909908887D0,-0.8916256156963029D0,                    0000107P   3951
-0.1114234380296351D0,0.00739015340457892D0,                     0000107P   3952
-0.891625615697575D0,-0.1044789242659624D0,                      0000107P   3953
0.01078454758440749D0,-0.8916256156988641D0,                     0000107P   3954
-0.09744155046673182D0,0.01398155773514811D0,                    0000107P   3955
-0.891625615700169D0,-0.09031840996844938D0,                     0000107P   3956
0.01698217527076938D0,-0.8916256157014883D0,                     0000107P   3957
-0.08311546881904394D0,0.01978546369829754D0,                    0000107P   3958
-0.8916256157028217D0,-0.0758360879974599D0,                     0000107P   3959
0.02238344978661049D0,-0.8916256157041685D0,                     0000107P   3960
-0.06848432296192261D0,0.02476866738596406D0,                    0000107P   3961
-0.8916256157055277D0,-0.06106459411402213D0,                    0000107P   3962
0.02693289534016591D0,-0.8916256157068985D0,                     0000107P   3963
-0.05358178200691305D0,0.02886739878744289D0,                    0000107P   3964
-0.8916256157082797D0,-0.04604152620292631D0,                    0000107P   3965
0.03056398561246381D0,-0.8916256157096701D0,                     0000107P   3966
-0.03845049555567099D0,0.03201602759634623D0,                    0000107P   3967
-0.8916256157110687D0,-0.03081567337683545D0,                    0000107P   3968
0.03321656285522687D0,-0.8916256157124738D0,                     0000107P   3969
-0.02314456935345147D0,0.03415759474680048D0,                    0000107P   3970
-0.8916256157138842D0,-0.0154451738903718D0,                     0000107P   3971
0.03482827402095483D0,-0.8916256157152983D0,                     0000107P   3972
-0.007727078883641526D0,0.03522846577873955D0,                   0000107P   3973
-0.8916256157162417D0,-0.002575753912321739D0,                   0000107P   3974
0.03532475176884182D0,-0.8916256157167135D0,                     0000107P   3975
-1.633282468100807D-10,0.03533215228459418D0,                    0000107P   3976
-0.8817733989450476D0,-0.1250000001615236D0,                     0000107P   3977
6.164392676039283D-17,-0.8817733989454505D0,                     0000107P   3978
-0.1228003656405832D0,0.001387079855467664D0,                    0000107P   3979
-0.8817733989462635D0,-0.1183619359551987D0,                     0000107P   3980
0.004097999920942988D0,-0.881773398947504D0,                     0000107P   3981
-0.1115897265402285D0,0.007967541405864928D0,                    0000107P   3982
-0.8817733989487651D0,-0.1047056866384313D0,                     0000107P   3983
0.01163164225927398D0,-0.8817733989500455D0,                     0000107P   3984
-0.09771576626939017D0,0.01508672742192807D0,                    0000107P   3985
-0.8817733989513438D0,-0.09062791788221346D0,                    0000107P   3986
0.01833346407832804D0,-0.8817733989526587D0,                     0000107P   3987
-0.08344890449621777D0,0.02137058878129042D0,                    0000107P   3988
-0.8817733989539898D0,-0.07618238999701205D0,                    0000107P   3989
0.02418899143787772D0,-0.8817733989553361D0,                     0000107P   3990
-0.06883275337033434D0,0.02678018248077642D0,                    0000107P   3991
-0.8817733989566968D0,-0.06140488930826702D0,                    0000107P   3992
0.02913456396894903D0,-0.8817733989580709D0,                     0000107P   3993
-0.05390418368653323D0,0.03124190027754504D0,                    0000107P   3994
-0.8817733989594571D0,-0.04633688095009991D0,                    0000107P   3995
0.03309248809644288D0,-0.8817733989608542D0,                     0000107P   3996
-0.03871058176895293D0,0.03467811605234222D0,                    0000107P   3997
-0.8817733989622604D0,-0.03103311367319809D0,                    0000107P   3998
0.03599020207456958D0,-0.8817733989636743D0,                     0000107P   3999
-0.02331327868101092D0,0.03701950060159435D0,                    0000107P   4000
-0.8817733989650947D0,-0.01556038376107435D0,                    0000107P   4001
0.0377537666276059D0,-0.8817733989665189D0,                      0000107P   4002
-0.007785488920533459D0,0.03819224985091486D0,                   0000107P   4003
-0.8817733989674698D0,-0.002595222402273622D0,                   0000107P   4004
0.03829753366358487D0,-0.881773398967945D0,                      0000107P   4005
-1.615235965343518D-10,0.03830534115860604D0,                    0000107P   4006
-0.871921182196279D0,-0.1250000001597189D0,                      0000107P   4007
6.157540412878238D-17,-0.8719211821966758D0,                     0000107P   4008
-0.122832760232358D0,0.001487180533510025D0,                     0000107P   4009
-0.8719211821974782D0,-0.1184538401806114D0,                     0000107P   4010
0.004393975931977081D0,-0.8719211821987051D0,                    0000107P   4011
-0.111756015050822D0,0.008544929407150971D0,                     0000107P   4012
-0.871921182199955D0,-0.1049324490109003D0,                      0000107P   4013
0.01247873693414049D0,-0.8719211822012267D0,                     0000107P   4014
-0.09798998207204847D0,0.01619189710870805D0,                    0000107P   4015
-0.8719211822025185D0,-0.09093742579597767D0,                    0000107P   4016
0.01968475288588666D0,-0.8719211822038292D0,                     0000107P   4017
-0.08378234017339151D0,0.02295571386428331D0,                    0000107P   4018
-0.871921182205158D0,-0.07652869199656422D0,                     0000107P   4019
0.02599453308914483D0,-0.8719211822065037D0,                     0000107P   4020
-0.06918118377874599D0,0.0287916975755889D0,                     0000107P   4021
-0.8719211822078659D0,-0.06174518450251198D0,                    0000107P   4022
0.03133623259773214D0,-0.8719211822092431D0,                     0000107P   4023
-0.05422658536615348D0,0.03361640176764722D0,                    0000107P   4024
-0.8719211822106344D0,-0.04663223569727341D0,                    0000107P   4025
0.03562099058042188D0,-0.8719211822120378D0,                     0000107P   4026
-0.03897066798223506D0,0.0373402045083381D0,                     0000107P   4027
-0.8719211822134519D0,-0.03125055396956086D0,                    0000107P   4028
0.03876384129391228D0,-0.8719211822148749D0,                     0000107P   4029
-0.02348198800857063D0,0.03988140645638826D0,                    0000107P   4030
-0.8719211822163049D0,-0.01567559363177633D0,                    0000107P   4031
0.04067925923425703D0,-0.8719211822177395D0,                     0000107P   4032
-0.00784389895742521D0,0.04115603392309033D0,                    0000107P   4033
-0.8719211822186973D0,-0.002614690892224922D0,                   0000107P   4034
0.04127031555832799D0,-0.8719211822191764D0,                     0000107P   4035
-1.597187797251691D-10,0.04127853003261799D0,                    0000107P   4036
-0.8653530376971001D0,-0.1250000001585157D0,                     0000107P   4037
6.152972237437542D-17,-0.8653530376974932D0,                     0000107P   4038
-0.1228543566268746D0,0.001553914318871591D0,                    0000107P   4039
-0.8653530376982882D0,-0.1185151096642198D0,                     0000107P   4040
0.004591293272666473D0,-0.8653530376995056D0,                    0000107P   4041
-0.1118668740578843D0,0.008929854741341605D0,                    0000107P   4042
-0.8653530377007485D0,-0.1050836239258796D0,                     0000107P   4043
0.01304346671738481D0,-0.8653530377020143D0,                     0000107P   4044
-0.09817279260715403D0,0.01692867689989463D0,                    0000107P   4045
-0.8653530377033016D0,-0.0911437644051537D0,                     0000107P   4046
0.02058561209092575D0,-0.8653530377046097D0,                     0000107P   4047
-0.0840046306248407D0,0.02401246391961186D0,                     0000107P   4048
-0.8653530377059366D0,-0.0767595599962657D0,                     0000107P   4049
0.02719822752332296D0,-0.8653530377072827D0,                     0000107P   4050
-0.06941347071768708D0,0.0301327076387971D0,                     0000107P   4051
-0.8653530377086457D0,-0.06197204796534193D0,                    0000107P   4052
0.03280401168358751D0,-0.8653530377100253D0,                     0000107P   4053
-0.05444151981923357D0,0.03519940276104854D0,                    0000107P   4054
-0.8653530377114194D0,-0.04682913886205597D0,                    0000107P   4055
0.03730665890307468D0,-0.8653530377128272D0,                     0000107P   4056
-0.03914405879108974D0,0.03911493014566877D0,                    0000107P   4057
-0.8653530377142464D0,-0.03139551416713605D0,                    0000107P   4058
0.04061293410680738D0,-0.8653530377156755D0,                     0000107P   4059
-0.0235944608936102D0,0.04178934369291746D0,                     0000107P   4060
-0.8653530377171121D0,-0.0157524002122448D0,                     0000107P   4061
0.04262958763869103D0,-0.8653530377185537D0,                     0000107P   4062
-0.0078828389820201D0,0.04313188997120717D0,                     0000107P   4063
-0.8653530377195164D0,-0.002627669885526353D0,                   0000107P   4064
0.04325217015482329D0,-0.8653530377199977D0,                     0000107P   4065
-1.585157766858645D-10,0.04326065594862582D0,                    0000107P   4066
-0.8620689654475105D0,-0.1250000001579142D0,                     0000107P   4067
6.150688149717193D-17,-0.8620689654479017D0,                     0000107P   4068
-0.1228651548241329D0,0.001587281211552381D0,                    0000107P   4069
-0.8620689654486927D0,-0.118545744406024D0,                      0000107P   4070
0.004689951943011176D0,-0.8620689654499062D0,                    0000107P   4071
-0.1119223035614154D0,0.009122317408436957D0,                    0000107P   4072
-0.862068965451145D0,-0.1051592113833692D0,                      0000107P   4073
0.01332583160900699D0,-0.8620689654524081D0,                     0000107P   4074
-0.09826419787470678D0,0.01729706679548798D0,                    0000107P   4075
-0.8620689654536935D0,-0.09124693370974177D0,                    0000107P   4076
0.0210360416934453D0,-0.8620689654549998D0,                      0000107P   4077
-0.0841157758505653D0,0.02454083894727615D0,                     0000107P   4078
-0.8620689654563262D0,-0.0768749939961164D0,                     0000107P   4079
0.02780007474041201D0,-0.8620689654576715D0,                     0000107P   4080
-0.06952961418715772D0,0.03080321267040127D0,                    0000107P   4081
-0.8620689654590353D0,-0.0620854796967569D0,                     0000107P   4082
0.03353790122651523D0,-0.8620689654604157D0,                     0000107P   4083
-0.05454898704577366D0,0.03599090325774935D0,                    0000107P   4084
-0.8620689654618119D0,-0.04692759044444715D0,                    0000107P   4085
0.038149493064401D0,-0.8620689654632216D0,                       0000107P   4086
-0.03923075419551703D0,0.04000229296433412D0,                    0000107P   4087
-0.8620689654646438D0,-0.0314679942659236D0,                     0000107P   4088
0.04153748051325496D0,-0.8620689654660757D0,                     0000107P   4089
-0.02365069733613008D0,0.04274331231118211D0,                    0000107P   4090
-0.8620689654675155D0,-0.01579080350247869D0,                    0000107P   4091
0.04360475184090806D0,-0.8620689654689605D0,                     0000107P   4092
-0.007902308994317351D0,0.04411981799526567D0,                   0000107P   4093
-0.8620689654699256D0,-0.002634159382176763D0,                   0000107P   4094
0.04424309745307105D0,-0.8620689654704081D0,                     0000107P   4095
-1.579141572050158D-10,0.04425171890662984D0,0.0D0,              0000107P   4096
0.1313408208011175D0,0.0D0,0.0704931207096714D0;                 0000107P   4097
126,1,1,1,0,1,0,-0.128592074159962D0,-0.128592074159962D0,       0000109P   4098
-0.0D0,-0.0D0,1.0D0,1.0D0,0.002748746641155434D0,0.0D0,0.0D0,    0000109P   4099
0.1313408208011175D0,0.0D0,0.0D0,-0.128592074159962D0,-0.0D0,    0000109P   4100
0.0D0,0.0D0,1.0D0;                                               0000109P   4101
126,1,1,1,0,1,0,-0.0704931207096714D0,-0.0704931207096714D0,     0000111P   4102
-0.0D0,-0.0D0,1.0D0,1.0D0,0.1313408208011175D0,0.0D0,0.0D0,      0000111P   4103
0.1313408208011175D0,0.0704931207096714D0,0.0D0,                 0000111P   4104
-0.0704931207096714D0,-0.0D0,0.0D0,0.0D0,1.0D0;                  0000111P   4105
126,1,1,1,0,1,0,-0.1313408208011175D0,-0.1313408208011175D0,     0000113P   4106
-0.001312441044162062D0,-0.001312441044162062D0,1.0D0,1.0D0,     0000113P   4107
0.1313408208011175D0,0.0704931207096714D0,0.0D0,                 0000113P   4108
0.001312441044162054D0,0.0704931207096714D0,0.0D0,               0000113P   4109
-0.1313408208011175D0,-0.001312441044162062D0,0.0D0,0.0D0,1.0D0; 0000113P   4110
126,3,3,1,0,1,0,-0.06897109658769807D0,-0.06897109658769807D0,   0000115P   4111
-0.06897109658769807D0,-0.06897109658769807D0,-0.0D0,-0.0D0,     0000115P   4112
-0.0D0,-0.0D0,1.0D0,1.0D0,1.0D0,1.0D0,0.001312441044162054D0,    0000115P   4113
0.0704931207096714D0,0.0D0,0.001605950543321136D0,               0000115P   4114
0.0469923760117939D0,0.0D0,0.001941924034446234D0,               0000115P   4115
0.02348969818478171D0,0.0D0,0.002748746641155434D0,0.0D0,0.0D0,  0000115P   4116
-0.06897109658769807D0,-0.0D0,0.0D0,0.0D0,1.0D0;                 0000115P   4117
102,4,109,111,113,115;                                           0000117P   4118
126,19,3,1,0,1,0,0.002748746641155426D0,0.002748746641155426D0,  0000119P   4119
0.002748746641155426D0,0.002748746641155426D0,                   0000119P   4120
0.007725930635359854D0,0.01545186127071971D0,                    0000119P   4121
0.02317779190607955D0,0.0309037225414394D0,                      0000119P   4122
0.03862965317679926D0,0.04635558381215911D0,                     0000119P   4123
0.05408151444751896D0,0.0618074450828788D0,                      0000119P   4124
0.06953337571823867D0,0.07725930635359851D0,                     0000119P   4125
0.08498523698895837D0,0.09271116762431822D0,                     0000119P   4126
0.1004370982596781D0,0.1081630288950379D0,0.1158889595303978D0,  0000119P   4127
0.1236148901657576D0,0.1313408208011175D0,0.1313408208011175D0,  0000119P   4128
0.1313408208011175D0,0.1313408208011175D0,1.0D0,1.0D0,1.0D0,     0000119P   4129
1.0D0,1.0D0,1.0D0,1.0D0,1.0D0,1.0D0,1.0D0,1.0D0,1.0D0,1.0D0,     0000119P   4130
1.0D0,1.0D0,1.0D0,1.0D0,1.0D0,1.0D0,1.0D0,-0.9310344826893521D0, 0000119P   4131
-0.1224769108625433D0,0.000938308155047331D0,                    0000119P   4132
-0.9310344826896314D0,-0.1209525699285495D0,                     0000119P   4133
0.001499783790352033D0,-0.9310344826903453D0,                    0000119P   4134
-0.1170551639022316D0,0.00291015535698711D0,                     0000119P   4135
-0.9310344826914987D0,-0.1107582839872613D0,                     0000119P   4136
0.005080601399434865D0,-0.9310344826928151D0,                    0000119P   4137
-0.1035718747760867D0,0.007396168884941466D0,                    0000119P   4138
-0.931034482694139D0,-0.09634468725609863D0,                     0000119P   4139
0.009560878988028277D0,-0.9310344826954696D0,                    0000119P   4140
-0.08908037831339288D0,0.01157702004053481D0,                    0000119P   4141
-0.9310344826968067D0,-0.08178172611034897D0,                    0000119P   4142
0.01344496336632608D0,-0.9310344826981495D0,                     0000119P   4143
-0.07445087999925128D0,0.01516128318154187D0,                    0000119P   4144
-0.9310344826994976D0,-0.06709060132827596D0,                    0000119P   4145
0.01672260700671441D0,-0.931034482700851D0,                      0000119P   4146
-0.05970341333704254D0,0.01812622082503354D0,                    0000119P   4147
-0.9310344827022086D0,-0.05229217528843235D0,                    0000119P   4148
0.01936939282703426D0,-0.9310344827035699D0,                     0000119P   4149
-0.04486010721423171D0,0.02044997567654756D0,                    0000119P   4150
-0.9310344827049345D0,-0.0374101507025429D0,                     0000119P   4151
0.02136767377236239D0,-0.931034482706302D0,                      0000119P   4152
-0.02994591219138456D0,0.02212200597785605D0,                    0000119P   4153
-0.9310344827076713D0,-0.02246973204321329D0,                    0000119P   4154
0.02270997132762487D0,-0.9310344827090427D0,                     0000119P   4155
-0.0149843344075631D0,0.02312630359435042D0,                     0000119P   4156
-0.9310344827104148D0,-0.007493438736073729D0,                   0000119P   4157
0.02337332949003805D0,-0.9310344827113299D0,                     0000119P   4158
-0.002497879952515305D0,0.02343362418986947D0,                   0000119P   4159
-0.9310344827117875D0,-1.705473058799941D-10,                    0000119P   4160
0.02343939678854662D0,0.002748746641155426D0,                    0000119P   4161
0.1313408208011175D0,1.0D0,0.0D0,0.0D0;                          0000119P   4162
126,9,3,1,0,1,0,-0.0D0,-0.0D0,-0.0D0,-0.0D0,                     0000121P   4163
0.01007044581566734D0,0.02014089163133469D0,                     0000121P   4164
0.03021133744700202D0,0.04028178326266937D0,                     0000121P   4165
0.05035222907833671D0,0.06042267489400405D0,                     0000121P   4166
0.0704931207096714D0,0.0704931207096714D0,0.0704931207096714D0,  0000121P   4167
0.0704931207096714D0,1.0D0,1.0D0,1.0D0,1.0D0,1.0D0,1.0D0,1.0D0,  0000121P   4168
1.0D0,1.0D0,1.0D0,-0.9310344827117875D0,-1.705473058799941D-10,  0000121P   4169
0.02343939678854662D0,-0.927750410462198D0,                      0000121P   4170
-1.699456586435698D-10,0.02443045974655059D0,                    0000121P   4171
-0.9211822659630189D0,-1.687424196818724D-10,                    0000121P   4172
0.02641258566255854D0,-0.9113300492142506D0,                     0000121P   4173
-1.669377971617192D-10,0.02938577453657039D0,                    0000121P   4174
-0.901477832465482D0,-1.651331052526268D-10,                     0000121P   4175
0.03235896341058232D0,-0.8916256157167135D0,                     0000121P   4176
-1.633282468100807D-10,0.03533215228459418D0,                    0000121P   4177
-0.881773398967945D0,-1.615235965343518D-10,                     0000121P   4178
0.03830534115860604D0,-0.8719211822191764D0,                     0000121P   4179
-1.597187797251691D-10,0.04127853003261799D0,                    0000121P   4180
-0.8653530377199977D0,-1.585157766858645D-10,                    0000121P   4181
0.04326065594862582D0,-0.8620689654704081D0,                     0000121P   4182
-1.579141572050158D-10,0.04425171890662984D0,-0.0D0,             0000121P   4183
0.0704931207096714D0,0.0D0,1.0D0,0.0D0;                          0000121P   4184
126,19,3,1,0,1,0,-0.1313408208011175D0,-0.1313408208011175D0,    0000123P   4185
-0.1313408208011175D0,-0.1313408208011175D0,                     0000123P   4186
-0.1236148901657576D0,-0.1158889595303978D0,                     0000123P   4187
-0.1081630288950379D0,-0.1004370982596781D0,                     0000123P   4188
-0.09271116762431822D0,-0.08498523698895837D0,                   0000123P   4189
-0.07725930635359851D0,-0.06953337571823867D0,                   0000123P   4190
-0.06180744508287881D0,-0.05408151444751896D0,                   0000123P   4191
-0.04635558381215911D0,-0.03862965317679926D0,                   0000123P   4192
-0.03090372254143941D0,-0.02317779190607955D0,                   0000123P   4193
-0.0154518612707197D0,-0.007725930635359851D0,                   0000123P   4194
-0.001312441044162046D0,-0.001312441044162046D0,                 0000123P   4195
-0.001312441044162046D0,-0.001312441044162046D0,1.0D0,1.0D0,     0000123P   4196
1.0D0,1.0D0,1.0D0,1.0D0,1.0D0,1.0D0,1.0D0,1.0D0,1.0D0,1.0D0,     0000123P   4197
1.0D0,1.0D0,1.0D0,1.0D0,1.0D0,1.0D0,1.0D0,1.0D0,                 0000123P   4198
-0.8620689654704081D0,-1.579141572050158D-10,                    0000123P   4199
0.04425171890662984D0,-0.8620689654699256D0,                     0000123P   4200
-0.002634159382176763D0,0.04424309745307105D0,                   0000123P   4201
-0.8620689654689605D0,-0.007902308994317351D0,                   0000123P   4202
0.04411981799526567D0,-0.8620689654675155D0,                     0000123P   4203
-0.01579080350247869D0,0.04360475184090806D0,                    0000123P   4204
-0.8620689654660757D0,-0.02365069733613008D0,                    0000123P   4205
0.04274331231118211D0,-0.8620689654646438D0,                     0000123P   4206
-0.0314679942659236D0,0.04153748051325496D0,                     0000123P   4207
-0.8620689654632216D0,-0.03923075419551703D0,                    0000123P   4208
0.04000229296433412D0,-0.8620689654618119D0,                     0000123P   4209
-0.04692759044444715D0,0.038149493064401D0,                      0000123P   4210
-0.8620689654604157D0,-0.05454898704577366D0,                    0000123P   4211
0.03599090325774935D0,-0.8620689654590353D0,                     0000123P   4212
-0.0620854796967569D0,0.03353790122651523D0,                     0000123P   4213
-0.8620689654576715D0,-0.06952961418715772D0,                    0000123P   4214
0.03080321267040127D0,-0.8620689654563262D0,                     0000123P   4215
-0.0768749939961164D0,0.02780007474041201D0,                     0000123P   4216
-0.8620689654549998D0,-0.0841157758505653D0,                     0000123P   4217
0.02454083894727615D0,-0.8620689654536935D0,                     0000123P   4218
-0.09124693370974177D0,0.0210360416934453D0,                     0000123P   4219
-0.8620689654524081D0,-0.09826419787470678D0,                    0000123P   4220
0.01729706679548798D0,-0.862068965451145D0,                      0000123P   4221
-0.1051592113833692D0,0.01332583160900699D0,                     0000123P   4222
-0.8620689654499062D0,-0.1119223035614154D0,                     0000123P   4223
0.009122317408436957D0,-0.8620689654487614D0,                    0000123P   4224
-0.1181706924747068D0,0.004940934365457783D0,                    0000123P   4225
-0.8620689654480362D0,-0.122130701631627D0,                      0000123P   4226
0.002113280833431741D0,-0.8620689654477101D0,                    0000123P   4227
-0.1239098825553851D0,0.000805800519983415D0,                    0000123P   4228
-0.1313408208011175D0,-0.001312441044162046D0,1.0D0,0.0D0,0.0D0; 0000123P   4229
126,5,3,1,0,1,0,-0.06897109658769807D0,-0.06897109658769807D0,   0000125P   4230
-0.06897109658769807D0,-0.06897109658769807D0,                   0000125P   4231
-0.0344881798753171D0,-0.01724540166762076D0,-0.0D0,-0.0D0,      0000125P   4232
-0.0D0,-0.0D0,1.0D0,1.0D0,1.0D0,1.0D0,1.0D0,1.0D0,               0000125P   4233
-0.8620689654477101D0,-0.1239098825553852D0,                     0000125P   4234
0.0008058005199834149D0,-0.8735634332769611D0,                   0000125P   4235
-0.1237740018698278D0,0.0008317945150094232D0,                   0000125P   4236
-0.8908055700570642D0,-0.1235304970756784D0,                     0000125P   4237
0.0008689768698430466D0,-0.9137944466045476D0,                   0000125P   4238
-0.1230299455928659D0,0.0009115017479760021D0,                   0000125P   4239
-0.925288187643418D0,-0.1226867036945615D0,                      0000125P   4240
0.0009299139865136782D0,-0.9310344826893521D0,                   0000125P   4241
-0.1224769108625432D0,0.0009383081550473349D0,                   0000125P   4242
-0.06897109658769807D0,-0.0D0,0.03648492654716336D0,             0000125P   4243
0.9993342034248842D0,0.0D0;                                      0000125P   4244
102,4,119,121,123,125;                                           0000127P   4245
142,0,107,117,127,1;                                             0000129P   4246
144,107,1,0,129;                                                 0000131P   4247
S0000001G0000011D0000132P0004247                                        T      1
