                                                                        S      1
1H,,1H;,,                                                               G      1
56H\\10.49.32.64\rhino_jobs\modified_wigley\patch_s0_xy.igs,            G      2
26HRhinoceros ( Apr 17 2023 ),31HTrout Lake IGES 012 Apr 17 2023,       G      3
32,38,6,308,15,                                                         G      4
,                                                                       G      5
1.0D0,6,1HM,1,0.000254D0,13H230512.133550,                              G      6
0.001D0,                                                                G      7
0.9999999999999998D0,                                                   G      8
4Hmaaf,                                                                 G      9
3Hdtu,                                                                  G     10
10,0,13H230512.133550;                                                  G     11
     314       1       0       0       0       0       0       000000200D      1
     314       0       1       1       0       0       0   COLOR       0D      2
     406       2       0       0       1       0       0       000000300D      3
     406       0      -1       1       3       0       0LEVELDEF       0D      4
     128       3       0       0       1       0       0       000000000D      5
     128       0      -1      15       8       0       0 TrimSrf       0D      6
     128      18       0       0       1       0       0       000010000D      7
     128       0      -1    1426       0       0       0 TrimSrf       0D      8
     126    1444       0       0       1       0       0       000010500D      9
     126       0      -1       5       1       0       0 TrimBnd       1D     10
     126    1449       0       0       1       0       0       000010500D     11
     126       0      -1       4       1       0       0 TrimBnd       2D     12
     126    1453       0       0       1       0       0       000010500D     13
     126       0      -1       4       1       0       0 TrimBnd       3D     14
     126    1457       0       0       1       0       0       000010500D     15
     126       0      -1       8       0       0       0 TrimBnd       4D     16
     102    1465       0       0       1       0       0       000010500D     17
     102       0      -1       1       0       0       02D CURVE       0D     18
     126    1466       0       0       1       0       0       000010000D     19
     126       0      -1      63       0       0       0 TrimBnd       1D     20
     126    1529       0       0       1       0       0       000010000D     21
     126       0      -1      62       1       0       0 TrimBnd       2D     22
     126    1591       0       0       1       0       0       000010000D     23
     126       0      -1      66       0       0       0 TrimBnd       3D     24
     126    1657       0       0       1       0       0       000010000D     25
     126       0      -1      10       1       0       0 TrimBnd       4D     26
     102    1667       0       0       1       0       0       000010000D     27
     102       0      -1       1       0       0       03D CURVE       0D     28
     142    1668       0       0       1       0       0       000010000D     29
     142       0      -1       1       0       0       0 TrimBnd       1D     30
     144    1669       0       0       1       0       0       000000000D     31
     144       0      -1       1       0       0       0 TrimSrf       0D     32
     128    1670       0       0       1       0       0       000010000D     33
     128       0      -1     323       0       0       0 TrimSrf       0D     34
     126    1993       0       0       1       0       0       000010500D     35
     126       0      -1       8       0       0       0 TrimBnd       1D     36
     126    2001       0       0       1       0       0       000010500D     37
     126       0      -1       5       1       0       0 TrimBnd       2D     38
     126    2006       0       0       1       0       0       000010500D     39
     126       0      -1       4       1       0       0 TrimBnd       3D     40
     126    2010       0       0       1       0       0       000010500D     41
     126       0      -1       4       1       0       0 TrimBnd       4D     42
     102    2014       0       0       1       0       0       000010500D     43
     102       0      -1       1       0       0       02D CURVE       0D     44
     126    2015       0       0       1       0       0       000010000D     45
     126       0      -1      15       1       0       0 TrimBnd       1D     46
     126    2030       0       0       1       0       0       000010000D     47
     126       0      -1      42       0       0       0 TrimBnd       2D     48
     126    2072       0       0       1       0       0       000010000D     49
     126       0      -1      21       1       0       0 TrimBnd       3D     50
     126    2093       0       0       1       0       0       000010000D     51
     126       0      -1      45       0       0       0 TrimBnd       4D     52
     102    2138       0       0       1       0       0       000010000D     53
     102       0      -1       1       0       0       03D CURVE       0D     54
     142    2139       0       0       1       0       0       000010000D     55
     142       0      -1       1       0       0       0 TrimBnd       1D     56
     144    2140       0       0       1       0       0       000000000D     57
     144       0      -1       1       0       0       0 TrimSrf       0D     58
     128    2141       0       0       1       0       0       000010000D     59
     128       0      -1     323       0       0       0 TrimSrf       0D     60
     126    2464       0       0       1       0       0       000010500D     61
     126       0      -1      21       0       0       0 TrimBnd       1D     62
     126    2485       0       0       1       0       0       000010500D     63
     126       0      -1       5       1       0       0 TrimBnd       2D     64
     126    2490       0       0       1       0       0       000010500D     65
     126       0      -1       5       1       0       0 TrimBnd       3D     66
     102    2495       0       0       1       0       0       000010500D     67
     102       0      -1       1       0       0       02D CURVE       0D     68
     126    2496       0       0       1       0       0       000010000D     69
     126       0      -1      30       0       0       0 TrimBnd       1D     70
     126    2526       0       0       1       0       0       000010000D     71
     126       0      -1      43       0       0       0 TrimBnd       2D     72
     126    2569       0       0       1       0       0       000010000D     73
     126       0      -1      23       1       0       0 TrimBnd       3D     74
     102    2592       0       0       1       0       0       000010000D     75
     102       0      -1       1       0       0       03D CURVE       0D     76
     142    2593       0       0       1       0       0       000010000D     77
     142       0      -1       1       0       0       0 TrimBnd       1D     78
     144    2594       0       0       1       0       0       000000000D     79
     144       0      -1       1       0       0       0 TrimSrf       0D     80
     128    2595       0       0       1       0       0       000010000D     81
     128       0      -1     834       0       0       0 TrimSrf       0D     82
     126    3429       0       0       1       0       0       000010500D     83
     126       0      -1       4       1       0       0 TrimBnd       1D     84
     126    3433       0       0       1       0       0       000010500D     85
     126       0      -1       3       1       0       0 TrimBnd       2D     86
     126    3436       0       0       1       0       0       000010500D     87
     126       0      -1       4       1       0       0 TrimBnd       3D     88
     126    3440       0       0       1       0       0       000010500D     89
     126       0      -1       2       1       0       0 TrimBnd       4D     90
     102    3442       0       0       1       0       0       000010500D     91
     102       0      -1       1       0       0       02D CURVE       0D     92
     126    3443       0       0       1       0       0       000010000D     93
     126       0      -1     198       0       0       0 TrimBnd       1D     94
     126    3641       0       0       1       0       0       000010000D     95
     126       0      -1       9       1       0       0 TrimBnd       2D     96
     126    3650       0       0       1       0       0       000010000D     97
     126       0      -1     212       0       0       0 TrimBnd       3D     98
     126    3862       0       0       1       0       0       000010000D     99
     126       0      -1       8       1       0       0 TrimBnd       4D    100
     102    3870       0       0       1       0       0       000010000D    101
     102       0      -1       1       0       0       03D CURVE       0D    102
     142    3871       0       0       1       0       0       000010000D    103
     142       0      -1       1       0       0       0 TrimBnd       1D    104
     144    3872       0       0       1       0       0       000000000D    105
     144       0      -1       1       0       0       0 TrimSrf       0D    106
     128    3873       0       0       1       0       0       000010000D    107
     128       0      -1     167       0       0       0 TrimSrf       0D    108
     126    4040       0       0       1       0       0       000010500D    109
     126       0      -1       4       1       0       0 TrimBnd       1D    110
     126    4044       0       0       1       0       0       000010500D    111
     126       0      -1       3       1       0       0 TrimBnd       2D    112
     126    4047       0       0       1       0       0       000010500D    113
     126       0      -1       4       1       0       0 TrimBnd       3D    114
     126    4051       0       0       1       0       0       000010500D    115
     126       0      -1       2       1       0       0 TrimBnd       4D    116
     102    4053       0       0       1       0       0       000010500D    117
     102       0      -1       1       0       0       02D CURVE       0D    118
     126    4054       0       0       1       0       0       000010000D    119
     126       0      -1      41       1       0       0 TrimBnd       1D    120
     126    4095       0       0       1       0       0       000010000D    121
     126       0      -1       9       1       0       0 TrimBnd       2D    122
     126    4104       0       0       1       0       0       000010000D    123
     126       0      -1      44       1       0       0 TrimBnd       3D    124
     126    4148       0       0       1       0       0       000010000D    125
     126       0      -1       8       1       0       0 TrimBnd       4D    126
     102    4156       0       0       1       0       0       000010000D    127
     102       0      -1       1       0       0       03D CURVE       0D    128
     142    4157       0       0       1       0       0       000010000D    129
     142       0      -1       1       0       0       0 TrimBnd       1D    130
     144    4158       0       0       1       0       0       000000000D    131
     144       0      -1       1       0       0       0 TrimSrf       0D    132
314,0.0,0.0,0.0,20HRGB(   0,   0,   0 );                         0000001P      1
406,2,1,7HDefault;                                               0000003P      2
128,1,3,1,3,0,0,1,0,0,0.0D0,0.0D0,1.0D0,1.0D0,-0.5D0,-0.5D0,     0000005P      3
-0.5D0,-0.5D0,0.0D0,0.0D0,0.0D0,0.0D0,1.0D0,1.0D0,1.0D0,1.0D0,   0000005P      4
1.0D0,1.0D0,1.0D0,1.0D0,0.8620725022175174D0,                    0000005P      5
-0.1243176799930954D0,7.340048707726865D-17,                     0000005P      6
0.7931034483118981D0,-0.125D0,-6.059368831071321D-11,            0000005P      7
0.8620725022175235D0,-0.1243176799938017D0,                      0000005P      8
0.000305007080577495D0,0.7931034483119147D0,                     0000005P      9
-0.1248141813524141D0,0.0002180319333252605D0,                   0000005P     10
0.8620712751794206D0,-0.1241761969308363D0,                      0000005P     11
0.0006100141586595535D0,0.7931034483119314D0,                    0000005P     12
-0.1246277974235243D0,0.0004355787622830624D0,                   0000005P     13
0.8620689655172409D0,-0.123909882397471D0,                       0000005P     14
0.0008058005199834149D0,0.793103448311948D0,                     0000005P     15
-0.1244408532649206D0,0.0006526397477194121D0,0.0D0,1.0D0,       0000005P     16
-0.5D0,0.0D0;                                                    0000005P     17
128,29,29,3,3,0,0,1,0,0,0.0D0,0.0D0,0.0D0,0.0D0,                 0000007P     18
0.002598745663285055D0,0.005197491326570111D0,                   0000007P     19
0.007796236989855166D0,0.01039498265314022D0,                    0000007P     20
0.01299372831642528D0,0.01559247397971033D0,                     0000007P     21
0.01819121964299539D0,0.02078996530628044D0,                     0000007P     22
0.0233887109695655D0,0.02598745663285055D0,                      0000007P     23
0.02858620229613561D0,0.03118494795942067D0,                     0000007P     24
0.03378369362270572D0,0.03638243928599078D0,                     0000007P     25
0.03898118494927583D0,0.04157993061256089D0,                     0000007P     26
0.04417867627584594D0,0.046777421939131D0,0.04937616760241606D0, 0000007P     27
0.05197491326570111D0,0.05457365892898616D0,                     0000007P     28
0.05717240459227122D0,0.05977115025555628D0,                     0000007P     29
0.06236989591884133D0,0.06496864158212638D0,                     0000007P     30
0.06756738724541145D0,0.0701661329086965D0,0.0701661329086965D0, 0000007P     31
0.0701661329086965D0,0.0701661329086965D0,0.0D0,0.0D0,0.0D0,     0000007P     32
0.0D0,0.005162156207090029D0,0.01032431241418006D0,              0000007P     33
0.01548646862127009D0,0.02064862482836012D0,                     0000007P     34
0.02581078103545015D0,0.03097293724254017D0,                     0000007P     35
0.03613509344963021D0,0.04129724965672023D0,                     0000007P     36
0.04645940586381026D0,0.0516215620709003D0,                      0000007P     37
0.05678371827799032D0,0.06194587448508035D0,                     0000007P     38
0.06710803069217038D0,0.07227018689926042D0,                     0000007P     39
0.07743234310635044D0,0.08259449931344047D0,                     0000007P     40
0.0877566555205305D0,0.09291881172762054D0,                      0000007P     41
0.09808096793471055D0,0.1032431241418006D0,0.1084052803488906D0, 0000007P     42
0.1135674365559806D0,0.1187295927630707D0,0.1238917489701607D0,  0000007P     43
0.1290539051772507D0,0.1342160613843408D0,0.1393782175914308D0,  0000007P     44
0.1393782175914308D0,0.1393782175914308D0,0.1393782175914308D0,  0000007P     45
1.0D0,1.0D0,1.0D0,1.0D0,1.0D0,1.0D0,1.0D0,1.0D0,1.0D0,1.0D0,     0000007P     46
1.0D0,1.0D0,1.0D0,1.0D0,1.0D0,1.0D0,1.0D0,1.0D0,1.0D0,1.0D0,     0000007P     47
1.0D0,1.0D0,1.0D0,1.0D0,1.0D0,1.0D0,1.0D0,1.0D0,1.0D0,1.0D0,     0000007P     48
1.0D0,1.0D0,1.0D0,1.0D0,1.0D0,1.0D0,1.0D0,1.0D0,1.0D0,1.0D0,     0000007P     49
1.0D0,1.0D0,1.0D0,1.0D0,1.0D0,1.0D0,1.0D0,1.0D0,1.0D0,1.0D0,     0000007P     50
1.0D0,1.0D0,1.0D0,1.0D0,1.0D0,1.0D0,1.0D0,1.0D0,1.0D0,1.0D0,     0000007P     51
1.0D0,1.0D0,1.0D0,1.0D0,1.0D0,1.0D0,1.0D0,1.0D0,1.0D0,1.0D0,     0000007P     52
1.0D0,1.0D0,1.0D0,1.0D0,1.0D0,1.0D0,1.0D0,1.0D0,1.0D0,1.0D0,     0000007P     53
1.0D0,1.0D0,1.0D0,1.0D0,1.0D0,1.0D0,1.0D0,1.0D0,1.0D0,1.0D0,     0000007P     54
1.0D0,1.0D0,1.0D0,1.0D0,1.0D0,1.0D0,1.0D0,1.0D0,1.0D0,1.0D0,     0000007P     55
1.0D0,1.0D0,1.0D0,1.0D0,1.0D0,1.0D0,1.0D0,1.0D0,1.0D0,1.0D0,     0000007P     56
1.0D0,1.0D0,1.0D0,1.0D0,1.0D0,1.0D0,1.0D0,1.0D0,1.0D0,1.0D0,     0000007P     57
1.0D0,1.0D0,1.0D0,1.0D0,1.0D0,1.0D0,1.0D0,1.0D0,1.0D0,1.0D0,     0000007P     58
1.0D0,1.0D0,1.0D0,1.0D0,1.0D0,1.0D0,1.0D0,1.0D0,1.0D0,1.0D0,     0000007P     59
1.0D0,1.0D0,1.0D0,1.0D0,1.0D0,1.0D0,1.0D0,1.0D0,1.0D0,1.0D0,     0000007P     60
1.0D0,1.0D0,1.0D0,1.0D0,1.0D0,1.0D0,1.0D0,1.0D0,1.0D0,1.0D0,     0000007P     61
1.0D0,1.0D0,1.0D0,1.0D0,1.0D0,1.0D0,1.0D0,1.0D0,1.0D0,1.0D0,     0000007P     62
1.0D0,1.0D0,1.0D0,1.0D0,1.0D0,1.0D0,1.0D0,1.0D0,1.0D0,1.0D0,     0000007P     63
1.0D0,1.0D0,1.0D0,1.0D0,1.0D0,1.0D0,1.0D0,1.0D0,1.0D0,1.0D0,     0000007P     64
1.0D0,1.0D0,1.0D0,1.0D0,1.0D0,1.0D0,1.0D0,1.0D0,1.0D0,1.0D0,     0000007P     65
1.0D0,1.0D0,1.0D0,1.0D0,1.0D0,1.0D0,1.0D0,1.0D0,1.0D0,1.0D0,     0000007P     66
1.0D0,1.0D0,1.0D0,1.0D0,1.0D0,1.0D0,1.0D0,1.0D0,1.0D0,1.0D0,     0000007P     67
1.0D0,1.0D0,1.0D0,1.0D0,1.0D0,1.0D0,1.0D0,1.0D0,1.0D0,1.0D0,     0000007P     68
1.0D0,1.0D0,1.0D0,1.0D0,1.0D0,1.0D0,1.0D0,1.0D0,1.0D0,1.0D0,     0000007P     69
1.0D0,1.0D0,1.0D0,1.0D0,1.0D0,1.0D0,1.0D0,1.0D0,1.0D0,1.0D0,     0000007P     70
1.0D0,1.0D0,1.0D0,1.0D0,1.0D0,1.0D0,1.0D0,1.0D0,1.0D0,1.0D0,     0000007P     71
1.0D0,1.0D0,1.0D0,1.0D0,1.0D0,1.0D0,1.0D0,1.0D0,1.0D0,1.0D0,     0000007P     72
1.0D0,1.0D0,1.0D0,1.0D0,1.0D0,1.0D0,1.0D0,1.0D0,1.0D0,1.0D0,     0000007P     73
1.0D0,1.0D0,1.0D0,1.0D0,1.0D0,1.0D0,1.0D0,1.0D0,1.0D0,1.0D0,     0000007P     74
1.0D0,1.0D0,1.0D0,1.0D0,1.0D0,1.0D0,1.0D0,1.0D0,1.0D0,1.0D0,     0000007P     75
1.0D0,1.0D0,1.0D0,1.0D0,1.0D0,1.0D0,1.0D0,1.0D0,1.0D0,1.0D0,     0000007P     76
1.0D0,1.0D0,1.0D0,1.0D0,1.0D0,1.0D0,1.0D0,1.0D0,1.0D0,1.0D0,     0000007P     77
1.0D0,1.0D0,1.0D0,1.0D0,1.0D0,1.0D0,1.0D0,1.0D0,1.0D0,1.0D0,     0000007P     78
1.0D0,1.0D0,1.0D0,1.0D0,1.0D0,1.0D0,1.0D0,1.0D0,1.0D0,1.0D0,     0000007P     79
1.0D0,1.0D0,1.0D0,1.0D0,1.0D0,1.0D0,1.0D0,1.0D0,1.0D0,1.0D0,     0000007P     80
1.0D0,1.0D0,1.0D0,1.0D0,1.0D0,1.0D0,1.0D0,1.0D0,1.0D0,1.0D0,     0000007P     81
1.0D0,1.0D0,1.0D0,1.0D0,1.0D0,1.0D0,1.0D0,1.0D0,1.0D0,1.0D0,     0000007P     82
1.0D0,1.0D0,1.0D0,1.0D0,1.0D0,1.0D0,1.0D0,1.0D0,1.0D0,1.0D0,     0000007P     83
1.0D0,1.0D0,1.0D0,1.0D0,1.0D0,1.0D0,1.0D0,1.0D0,1.0D0,1.0D0,     0000007P     84
1.0D0,1.0D0,1.0D0,1.0D0,1.0D0,1.0D0,1.0D0,1.0D0,1.0D0,1.0D0,     0000007P     85
1.0D0,1.0D0,1.0D0,1.0D0,1.0D0,1.0D0,1.0D0,1.0D0,1.0D0,1.0D0,     0000007P     86
1.0D0,1.0D0,1.0D0,1.0D0,1.0D0,1.0D0,1.0D0,1.0D0,1.0D0,1.0D0,     0000007P     87
1.0D0,1.0D0,1.0D0,1.0D0,1.0D0,1.0D0,1.0D0,1.0D0,1.0D0,1.0D0,     0000007P     88
1.0D0,1.0D0,1.0D0,1.0D0,1.0D0,1.0D0,1.0D0,1.0D0,1.0D0,1.0D0,     0000007P     89
1.0D0,1.0D0,1.0D0,1.0D0,1.0D0,1.0D0,1.0D0,1.0D0,1.0D0,1.0D0,     0000007P     90
1.0D0,1.0D0,1.0D0,1.0D0,1.0D0,1.0D0,1.0D0,1.0D0,1.0D0,1.0D0,     0000007P     91
1.0D0,1.0D0,1.0D0,1.0D0,1.0D0,1.0D0,1.0D0,1.0D0,1.0D0,1.0D0,     0000007P     92
1.0D0,1.0D0,1.0D0,1.0D0,1.0D0,1.0D0,1.0D0,1.0D0,1.0D0,1.0D0,     0000007P     93
1.0D0,1.0D0,1.0D0,1.0D0,1.0D0,1.0D0,1.0D0,1.0D0,1.0D0,1.0D0,     0000007P     94
1.0D0,1.0D0,1.0D0,1.0D0,1.0D0,1.0D0,1.0D0,1.0D0,1.0D0,1.0D0,     0000007P     95
1.0D0,1.0D0,1.0D0,1.0D0,1.0D0,1.0D0,1.0D0,1.0D0,1.0D0,1.0D0,     0000007P     96
1.0D0,1.0D0,1.0D0,1.0D0,1.0D0,1.0D0,1.0D0,1.0D0,1.0D0,1.0D0,     0000007P     97
1.0D0,1.0D0,1.0D0,1.0D0,1.0D0,1.0D0,1.0D0,1.0D0,1.0D0,1.0D0,     0000007P     98
1.0D0,1.0D0,1.0D0,1.0D0,1.0D0,1.0D0,1.0D0,1.0D0,1.0D0,1.0D0,     0000007P     99
1.0D0,1.0D0,1.0D0,1.0D0,1.0D0,1.0D0,1.0D0,1.0D0,1.0D0,1.0D0,     0000007P    100
1.0D0,1.0D0,1.0D0,1.0D0,1.0D0,1.0D0,1.0D0,1.0D0,1.0D0,1.0D0,     0000007P    101
1.0D0,1.0D0,1.0D0,1.0D0,1.0D0,1.0D0,1.0D0,1.0D0,1.0D0,1.0D0,     0000007P    102
1.0D0,1.0D0,1.0D0,1.0D0,1.0D0,1.0D0,1.0D0,1.0D0,1.0D0,1.0D0,     0000007P    103
1.0D0,1.0D0,1.0D0,1.0D0,1.0D0,1.0D0,1.0D0,1.0D0,1.0D0,1.0D0,     0000007P    104
1.0D0,1.0D0,1.0D0,1.0D0,1.0D0,1.0D0,1.0D0,1.0D0,1.0D0,1.0D0,     0000007P    105
1.0D0,1.0D0,1.0D0,1.0D0,1.0D0,1.0D0,1.0D0,1.0D0,1.0D0,1.0D0,     0000007P    106
1.0D0,1.0D0,1.0D0,1.0D0,1.0D0,1.0D0,1.0D0,1.0D0,1.0D0,1.0D0,     0000007P    107
1.0D0,1.0D0,1.0D0,1.0D0,1.0D0,1.0D0,1.0D0,1.0D0,1.0D0,1.0D0,     0000007P    108
1.0D0,1.0D0,1.0D0,1.0D0,1.0D0,1.0D0,1.0D0,1.0D0,1.0D0,1.0D0,     0000007P    109
1.0D0,1.0D0,1.0D0,1.0D0,1.0D0,1.0D0,1.0D0,1.0D0,1.0D0,1.0D0,     0000007P    110
1.0D0,1.0D0,1.0D0,1.0D0,1.0D0,1.0D0,1.0D0,1.0D0,1.0D0,1.0D0,     0000007P    111
1.0D0,1.0D0,1.0D0,1.0D0,1.0D0,1.0D0,1.0D0,1.0D0,1.0D0,1.0D0,     0000007P    112
1.0D0,1.0D0,1.0D0,1.0D0,1.0D0,1.0D0,1.0D0,1.0D0,1.0D0,1.0D0,     0000007P    113
1.0D0,1.0D0,1.0D0,1.0D0,1.0D0,1.0D0,1.0D0,1.0D0,1.0D0,1.0D0,     0000007P    114
1.0D0,1.0D0,1.0D0,1.0D0,1.0D0,1.0D0,1.0D0,1.0D0,1.0D0,1.0D0,     0000007P    115
1.0D0,1.0D0,1.0D0,1.0D0,1.0D0,1.0D0,1.0D0,1.0D0,1.0D0,1.0D0,     0000007P    116
1.0D0,1.0D0,1.0D0,1.0D0,1.0D0,1.0D0,1.0D0,1.0D0,1.0D0,1.0D0,     0000007P    117
1.0D0,1.0D0,1.0D0,1.0D0,1.0D0,1.0D0,1.0D0,1.0D0,1.0D0,1.0D0,     0000007P    118
1.0D0,1.0D0,1.0D0,1.0D0,1.0D0,1.0D0,1.0D0,1.0D0,1.0D0,1.0D0,     0000007P    119
1.0D0,1.0D0,1.0D0,1.0D0,1.0D0,1.0D0,1.0D0,1.0D0,1.0D0,1.0D0,     0000007P    120
1.0D0,1.0D0,1.0D0,1.0D0,1.0D0,1.0D0,1.0D0,1.0D0,1.0D0,1.0D0,     0000007P    121
1.0D0,1.0D0,1.0D0,1.0D0,1.0D0,1.0D0,1.0D0,1.0D0,1.0D0,1.0D0,     0000007P    122
1.0D0,1.0D0,1.0D0,1.0D0,1.0D0,1.0D0,1.0D0,1.0D0,1.0D0,1.0D0,     0000007P    123
1.0D0,1.0D0,1.0D0,1.0D0,1.0D0,1.0D0,1.0D0,1.0D0,1.0D0,1.0D0,     0000007P    124
1.0D0,1.0D0,1.0D0,1.0D0,1.0D0,1.0D0,1.0D0,1.0D0,1.0D0,1.0D0,     0000007P    125
1.0D0,1.0D0,1.0D0,1.0D0,1.0D0,1.0D0,1.0D0,1.0D0,1.0D0,1.0D0,     0000007P    126
1.0D0,1.0D0,1.0D0,1.0D0,1.0D0,1.0D0,1.0D0,1.0D0,1.0D0,1.0D0,     0000007P    127
1.0D0,1.0D0,1.0D0,1.0D0,1.0D0,1.0D0,1.0D0,1.0D0,1.0D0,1.0D0,     0000007P    128
1.0D0,1.0D0,1.0D0,1.0D0,1.0D0,1.0D0,1.0D0,1.0D0,1.0D0,1.0D0,     0000007P    129
1.0D0,1.0D0,1.0D0,1.0D0,1.0D0,1.0D0,1.0D0,1.0D0,1.0D0,1.0D0,     0000007P    130
1.0D0,1.0D0,1.0D0,1.0D0,1.0D0,1.0D0,1.0D0,1.0D0,1.0D0,1.0D0,     0000007P    131
1.0D0,1.0D0,1.0D0,1.0D0,1.0D0,1.0D0,1.0D0,1.0D0,1.0D0,1.0D0,     0000007P    132
1.0D0,1.0D0,1.0D0,1.0D0,1.0D0,1.0D0,1.0D0,1.0D0,1.0D0,1.0D0,     0000007P    133
1.0D0,1.0D0,1.0D0,1.0D0,1.0D0,1.0D0,1.0D0,1.0D0,1.0D0,1.0D0,     0000007P    134
1.0D0,1.0D0,1.0D0,1.0D0,1.0D0,1.0D0,1.0D0,1.0D0,1.0D0,1.0D0,     0000007P    135
0.8620689655172411D0,-0.125D0,6.150688149717193D-17,             0000007P    136
0.8612175393784585D0,-0.1249999999999999D0,                      0000007P    137
6.150095978826731D-17,0.859514687100894D0,-0.125D0,              0000007P    138
6.148911637045814D-17,0.8569604086845461D0,                      0000007P    139
-0.1249999999999999D0,6.147135124374427D-17,                     0000007P    140
0.8544061302681991D0,-0.125D0,6.145358611703051D-17,             0000007P    141
0.8518518518518516D0,-0.125D0,6.143582099031662D-17,             0000007P    142
0.8492975734355039D0,-0.125D0,6.141805586360286D-17,             0000007P    143
0.8467432950191569D0,-0.125D0,6.140029073688898D-17,             0000007P    144
0.8441890166028096D0,-0.125D0,6.138252561017522D-17,             0000007P    145
0.8416347381864622D0,-0.125D0,6.136476048346137D-17,             0000007P    146
0.8390804597701149D0,-0.125D0,6.134699535674757D-17,             0000007P    147
0.8365261813537673D0,-0.125D0,6.132923023003372D-17,             0000007P    148
0.8339719029374205D0,-0.125D0,6.131146510331995D-17,             0000007P    149
0.8314176245210725D0,-0.1249999999999999D0,6.12936999766061D-17, 0000007P    150
0.8288633461047255D0,-0.1249999999999999D0,                      0000007P    151
6.127593484989227D-17,0.8263090676883781D0,-0.125D0,             0000007P    152
6.125816972317847D-17,0.8237547892720306D0,                      0000007P    153
-0.1249999999999999D0,6.124040459646464D-17,                     0000007P    154
0.8212005108556831D0,-0.125D0,6.122263946975083D-17,             0000007P    155
0.818646232439336D0,-0.125D0,6.120487434303703D-17,              0000007P    156
0.8160919540229885D0,-0.125D0,6.118710921632321D-17,             0000007P    157
0.813537675606641D0,-0.125D0,6.116934408960938D-17,              0000007P    158
0.810983397190294D0,-0.125D0,6.115157896289558D-17,              0000007P    159
0.8084291187739464D0,-0.125D0,6.113381383618175D-17,             0000007P    160
0.8058748403575988D0,-0.125D0,6.111604870946791D-17,             0000007P    161
0.8033205619412517D0,-0.125D0,6.109828358275408D-17,             0000007P    162
0.8007662835249043D0,-0.125D0,6.108051845604031D-17,             0000007P    163
0.7982120051085569D0,-0.125D0,6.106275332932644D-17,             0000007P    164
0.7956577266922094D0,-0.1250000000000001D0,                      0000007P    165
6.104498820261266D-17,0.7939548744146443D0,                      0000007P    166
-0.1249999999999999D0,6.10331447848034D-17,0.7931034482758618D0, 0000007P    167
-0.125D0,6.102722307589879D-17,0.8620689655172411D0,             0000007P    168
-0.1236587412244661D0,0.0009972937423981913D0,                   0000007P    169
0.8612175393784577D0,-0.1236610071048872D0,                      0000007P    170
0.001001750274150626D0,0.8595146871008935D0,                     0000007P    171
-0.1236655388657298D0,0.001010663337655495D0,                    0000007P    172
0.8569604086845455D0,-0.1236723365069931D0,0.0010240329329128D0, 0000007P    173
0.8544061302681992D0,-0.1236791341482569D0,                      0000007P    174
0.001037402528170105D0,0.8518518518518515D0,                     0000007P    175
-0.1236859317895204D0,0.001050772123427408D0,                    0000007P    176
0.8492975734355044D0,-0.1236927294307842D0,                      0000007P    177
0.001064141718684713D0,0.8467432950191561D0,                     0000007P    178
-0.1236995270720477D0,0.001077511313942014D0,                    0000007P    179
0.8441890166028092D0,-0.1237063247133114D0,                      0000007P    180
0.001090880909199319D0,0.841634738186462D0,                      0000007P    181
-0.1237131223545751D0,0.001104250504456621D0,                    0000007P    182
0.8390804597701149D0,-0.1237199199958387D0,                      0000007P    183
0.001117620099713926D0,0.8365261813537676D0,                     0000007P    184
-0.1237267176371022D0,0.001130989694971231D0,                    0000007P    185
0.8339719029374195D0,-0.1237335152783659D0,                      0000007P    186
0.001144359290228535D0,0.8314176245210723D0,                     0000007P    187
-0.1237403129196295D0,0.00115772888548584D0,                     0000007P    188
0.8288633461047252D0,-0.1237471105608931D0,                      0000007P    189
0.001171098480743141D0,0.8263090676883771D0,                     0000007P    190
-0.1237539082021567D0,0.001184468076000446D0,                    0000007P    191
0.8237547892720301D0,-0.1237607058434205D0,                      0000007P    192
0.001197837671257748D0,0.8212005108556825D0,                     0000007P    193
-0.123767503484684D0,0.001211207266515051D0,                     0000007P    194
0.8186462324393352D0,-0.1237743011259476D0,                      0000007P    195
0.001224576861772356D0,0.8160919540229883D0,                     0000007P    196
-0.1237810987672113D0,0.001237946457029659D0,                    0000007P    197
0.8135376756066408D0,-0.1237878964084748D0,                      0000007P    198
0.001251316052286963D0,0.8109833971902941D0,                     0000007P    199
-0.1237946940497387D0,0.001264685647544268D0,                    0000007P    200
0.8084291187739465D0,-0.1238014916910021D0,                      0000007P    201
0.001278055242801572D0,0.8058748403575984D0,                     0000007P    202
-0.1238082893322658D0,0.001291424838058874D0,                    0000007P    203
0.8033205619412513D0,-0.1238150869735293D0,                      0000007P    204
0.001304794433316178D0,0.800766283524904D0,                      0000007P    205
-0.1238218846147931D0,0.001318164028573485D0,                    0000007P    206
0.7982120051085565D0,-0.1238286822560566D0,                      0000007P    207
0.001331533623830786D0,0.7956577266922096D0,                     0000007P    208
-0.1238354798973202D0,0.001344903219088092D0,                    0000007P    209
0.7939548744146441D0,-0.1238400116581626D0,                      0000007P    210
0.00135381628259296D0,0.7931034482758614D0,                      0000007P    211
-0.1238422775385838D0,0.001358272814345394D0,                    0000007P    212
0.8620689655172411D0,-0.1209563246126048D0,                      0000007P    213
0.002963643074247665D0,0.8612175393784588D0,                     0000007P    214
-0.1209628375774492D0,0.002976886191041245D0,                    0000007P    215
0.8595146871008936D0,-0.1209758635071377D0,                      0000007P    216
0.003003372424628409D0,0.8569604086845473D0,                     0000007P    217
-0.1209954024016707D0,0.003043101775009149D0,                    0000007P    218
0.8544061302681992D0,-0.1210149412962036D0,                      0000007P    219
0.003082831125389891D0,0.8518518518518514D0,                     0000007P    220
-0.1210344801907365D0,0.003122560475770632D0,                    0000007P    221
0.8492975734355033D0,-0.1210540190852694D0,                      0000007P    222
0.003162289826151369D0,0.8467432950191568D0,                     0000007P    223
-0.1210735579798023D0,0.003202019176532116D0,                    0000007P    224
0.8441890166028099D0,-0.1210930968743353D0,                      0000007P    225
0.003241748526912856D0,0.8416347381864622D0,                     0000007P    226
-0.1211126357688681D0,0.003281477877293599D0,                    0000007P    227
0.8390804597701147D0,-0.121132174663401D0,0.00332120722767434D0, 0000007P    228
0.8365261813537668D0,-0.121151713557934D0,                       0000007P    229
0.003360936578055081D0,0.8339719029374211D0,                     0000007P    230
-0.121171252452467D0,0.003400665928435827D0,                     0000007P    231
0.8314176245210727D0,-0.1211907913469997D0,                      0000007P    232
0.00344039527881656D0,0.8288633461047242D0,                      0000007P    233
-0.1212103302415327D0,0.003480124629197308D0,                    0000007P    234
0.8263090676883786D0,-0.1212298691360658D0,                      0000007P    235
0.003519853979578045D0,0.8237547892720302D0,                     0000007P    236
-0.1212494080305983D0,0.003559583329958787D0,                    0000007P    237
0.8212005108556839D0,-0.1212689469251315D0,                      0000007P    238
0.003599312680339529D0,0.8186462324393358D0,                     0000007P    239
-0.1212884858196644D0,0.003639042030720274D0,                    0000007P    240
0.8160919540229895D0,-0.1213080247141972D0,                      0000007P    241
0.003678771381101013D0,0.8135376756066405D0,                     0000007P    242
-0.1213275636087301D0,0.003718500731481758D0,                    0000007P    243
0.8109833971902944D0,-0.1213471025032631D0,                      0000007P    244
0.003758230081862496D0,0.8084291187739462D0,                     0000007P    245
-0.121366641397796D0,0.003797959432243235D0,                     0000007P    246
0.8058748403575988D0,-0.1213861802923289D0,                      0000007P    247
0.003837688782623984D0,0.8033205619412517D0,                     0000007P    248
-0.1214057191868619D0,0.003877418133004718D0,                    0000007P    249
0.8007662835249043D0,-0.1214252580813947D0,                      0000007P    250
0.003917147483385465D0,0.7982120051085567D0,                     0000007P    251
-0.1214447969759277D0,0.00395687683376621D0,                     0000007P    252
0.7956577266922096D0,-0.1214643358704606D0,                      0000007P    253
0.003996606184146949D0,0.7939548744146441D0,                     0000007P    254
-0.1214773618001491D0,0.004023092417734108D0,                    0000007P    255
0.793103448275862D0,-0.1214838747649934D0,                       0000007P    256
0.004036335534527688D0,0.8620689655172413D0,                     0000007P    257
-0.1168444875954541D0,0.005826796041653466D0,                    0000007P    258
0.8612175393784592D0,-0.1168565799807109D0,                      0000007P    259
0.005852858163657541D0,0.8595146871008935D0,                     0000007P    260
-0.1168807647512248D0,0.005904982407665697D0,                    0000007P    261
0.8569604086845463D0,-0.1169170419069956D0,                      0000007P    262
0.005983168773677918D0,0.8544061302681996D0,                     0000007P    263
-0.1169533190627663D0,0.006061355139690153D0,                    0000007P    264
0.8518518518518512D0,-0.116989596218537D0,                       0000007P    265
0.006139541505702381D0,0.8492975734355049D0,                     0000007P    266
-0.1170258733743078D0,0.006217727871714606D0,                    0000007P    267
0.8467432950191571D0,-0.1170621505300784D0,                      0000007P    268
0.006295914237726832D0,0.8441890166028095D0,                     0000007P    269
-0.1170984276858493D0,0.006374100603739066D0,                    0000007P    270
0.8416347381864624D0,-0.1171347048416199D0,                      0000007P    271
0.006452286969751283D0,0.8390804597701143D0,                     0000007P    272
-0.1171709819973907D0,0.006530473335763519D0,                    0000007P    273
0.8365261813537684D0,-0.1172072591531615D0,                      0000007P    274
0.006608659701775744D0,0.8339719029374195D0,                     0000007P    275
-0.1172435363089321D0,0.006686846067787978D0,                    0000007P    276
0.8314176245210729D0,-0.1172798134647029D0,                      0000007P    277
0.006765032433800206D0,0.8288633461047253D0,                     0000007P    278
-0.1173160906204736D0,0.006843218799812428D0,                    0000007P    279
0.8263090676883778D0,-0.1173523677762443D0,                      0000007P    280
0.006921405165824662D0,0.8237547892720303D0,                     0000007P    281
-0.1173886449320151D0,0.006999591531836885D0,                    0000007P    282
0.8212005108556825D0,-0.1174249220877858D0,                      0000007P    283
0.00707777789784912D0,0.818646232439337D0,-0.1174611992435565D0, 0000007P    284
0.007155964263861343D0,0.8160919540229876D0,                     0000007P    285
-0.1174974763993273D0,0.007234150629873581D0,                    0000007P    286
0.8135376756066426D0,-0.117533753555098D0,0.0073123369958858D0,  0000007P    287
0.8109833971902933D0,-0.1175700307108688D0,                      0000007P    288
0.00739052336189804D0,0.8084291187739469D0,                      0000007P    289
-0.1176063078666394D0,0.00746870972791026D0,                     0000007P    290
0.8058748403575988D0,-0.1176425850224101D0,                      0000007P    291
0.007546896093922477D0,0.8033205619412517D0,                     0000007P    292
-0.1176788621781809D0,0.007625082459934714D0,                    0000007P    293
0.8007662835249041D0,-0.1177151393339516D0,                      0000007P    294
0.007703268825946942D0,0.7982120051085577D0,                     0000007P    295
-0.1177514164897224D0,0.00778145519195917D0,                     0000007P    296
0.7956577266922089D0,-0.1177876936454931D0,                      0000007P    297
0.007859641557971404D0,0.793954874414645D0,                      0000007P    298
-0.1178118784160068D0,0.007911765801979552D0,                    0000007P    299
0.7931034482758617D0,-0.1178239708012638D0,                      0000007P    300
0.007937827923983625D0,0.8620689655172412D0,                     0000007P    301
-0.1126757360406231D0,0.008601926586653657D0,                    0000007P    302
0.8612175393784589D0,-0.1126926811123868D0,                      0000007P    303
0.008640466060550136D0,0.8595146871008943D0,                     0000007P    304
-0.1127265712559145D0,0.008717545008343094D0,                    0000007P    305
0.8569604086845473D0,-0.1127774064712054D0,                      0000007P    306
0.008833163430032518D0,0.8544061302681991D0,                     0000007P    307
-0.1128282416864969D0,0.008948781851721967D0,                    0000007P    308
0.8518518518518525D0,-0.112879076901788D0,                       0000007P    309
0.009064400273411401D0,0.8492975734355039D0,                     0000007P    310
-0.1129299121170792D0,0.009180018695100838D0,                    0000007P    311
0.8467432950191569D0,-0.1129807473323705D0,                      0000007P    312
0.009295637116790283D0,0.8441890166028102D0,                     0000007P    313
-0.1130315825476616D0,0.009411255538479714D0,                    0000007P    314
0.8416347381864615D0,-0.1130824177629529D0,                      0000007P    315
0.009526873960169146D0,0.8390804597701156D0,                     0000007P    316
-0.1131332529782442D0,0.009642492381858582D0,                    0000007P    317
0.8365261813537668D0,-0.1131840881935354D0,                      0000007P    318
0.009758110803548025D0,0.8339719029374206D0,                     0000007P    319
-0.1132349234088267D0,0.009873729225237464D0,                    0000007P    320
0.8314176245210729D0,-0.1132857586241178D0,                      0000007P    321
0.009989347646926884D0,0.8288633461047252D0,                     0000007P    322
-0.113336593839409D0,0.01010496606861633D0,0.8263090676883788D0, 0000007P    323
-0.1133874290547003D0,0.01022058449030577D0,                     0000007P    324
0.8237547892720304D0,-0.1134382642699915D0,                      0000007P    325
0.01033620291199521D0,0.8212005108556847D0,                      0000007P    326
-0.1134890994852828D0,0.01045182133368465D0,                     0000007P    327
0.8186462324393353D0,-0.1135399347005741D0,                      0000007P    328
0.01056743975537409D0,0.8160919540229896D0,                      0000007P    329
-0.1135907699158653D0,0.01068305817706351D0,                     0000007P    330
0.8135376756066409D0,-0.1136416051311565D0,                      0000007P    331
0.01079867659875296D0,0.8109833971902944D0,                      0000007P    332
-0.1136924403464478D0,0.01091429502044238D0,                     0000007P    333
0.8084291187739471D0,-0.1137432755617389D0,                      0000007P    334
0.01102991344213182D0,0.8058748403575989D0,                      0000007P    335
-0.1137941107770303D0,0.01114553186382127D0,                     0000007P    336
0.8033205619412519D0,-0.1138449459923214D0,                      0000007P    337
0.01126115028551069D0,0.8007662835249051D0,                      0000007P    338
-0.1138957812076127D0,0.01137676870720014D0,                     0000007P    339
0.7982120051085564D0,-0.1139466164229039D0,                      0000007P    340
0.01149238712888957D0,0.7956577266922107D0,                      0000007P    341
-0.1139974516381952D0,0.01160800555057902D0,                     0000007P    342
0.7939548744146436D0,-0.1140313417817227D0,                      0000007P    343
0.01168508449837196D0,0.793103448275862D0,-0.1140482868534863D0, 0000007P    344
0.01172362397226844D0,0.8620689655172413D0,                      0000007P    345
-0.1084509983290226D0,0.01128731053116916D0,                     0000007P    346
0.8612175393784584D0,-0.1084721377061447D0,                      0000007P    347
0.01133800618285641D0,0.8595146871008947D0,                      0000007P    348
-0.1085144164603891D0,0.01143939748623095D0,                     0000007P    349
0.8569604086845459D0,-0.1085778345917556D0,                      0000007P    350
0.01159148444129275D0,0.8544061302681993D0,                      0000007P    351
-0.1086412527231221D0,0.01174357139635454D0,0.851851851851852D0, 0000007P    352
-0.1087046708544886D0,0.01189565835141635D0,                     0000007P    353
0.8492975734355044D0,-0.1087680889858552D0,                      0000007P    354
0.01204774530647814D0,0.8467432950191575D0,                      0000007P    355
-0.1088315071172217D0,0.01219983226153993D0,                     0000007P    356
0.8441890166028092D0,-0.1088949252485884D0,                      0000007P    357
0.01235191921660176D0,0.8416347381864629D0,                      0000007P    358
-0.1089583433799548D0,0.01250400617166353D0,                     0000007P    359
0.8390804597701145D0,-0.1090217615113213D0,                      0000007P    360
0.01265609312672535D0,0.8365261813537673D0,                      0000007P    361
-0.1090851796426878D0,0.01280818008178713D0,                     0000007P    362
0.8339719029374204D0,-0.1091485977740545D0,                      0000007P    363
0.01296026703684895D0,0.8314176245210727D0,                      0000007P    364
-0.1092120159054209D0,0.01311235399191074D0,                     0000007P    365
0.8288633461047252D0,-0.1092754340367875D0,                      0000007P    366
0.01326444094697253D0,0.8263090676883775D0,                      0000007P    367
-0.1093388521681541D0,0.01341652790203434D0,                     0000007P    368
0.8237547892720299D0,-0.1094022702995205D0,                      0000007P    369
0.01356861485709613D0,0.821200510855683D0,-0.1094656884308871D0, 0000007P    370
0.01372070181215793D0,0.8186462324393359D0,                      0000007P    371
-0.1095291065622536D0,0.01387278876721974D0,                     0000007P    372
0.8160919540229883D0,-0.1095925246936202D0,                      0000007P    373
0.01402487572228154D0,0.813537675606641D0,-0.1096559428249867D0, 0000007P    374
0.01417696267734333D0,0.8109833971902938D0,                      0000007P    375
-0.1097193609563532D0,0.01432904963240513D0,                     0000007P    376
0.8084291187739456D0,-0.1097827790877197D0,                      0000007P    377
0.01448113658746693D0,0.8058748403575992D0,                      0000007P    378
-0.1098461972190862D0,0.01463322354252872D0,0.803320561941251D0, 0000007P    379
-0.1099096153504528D0,0.01478531049759053D0,                     0000007P    380
0.8007662835249043D0,-0.1099730334818194D0,                      0000007P    381
0.01493739745265233D0,0.7982120051085568D0,                      0000007P    382
-0.1100364516131858D0,0.01508948440771412D0,0.79565772669221D0,  0000007P    383
-0.1100998697445524D0,0.01524157136277593D0,                     0000007P    384
0.7939548744146443D0,-0.1101421484987968D0,                      0000007P    385
0.01534296266615045D0,0.7931034482758617D0,                      0000007P    386
-0.1101632878759189D0,0.01539365831783772D0,                     0000007P    387
0.8620689655172409D0,-0.1041720177092579D0,                      0000007P    388
0.01388193274083338D0,0.861217539378458D0,-0.1041967481460928D0, 0000007P    389
0.01394448118096726D0,0.859514687100894D0,-0.104246209019763D0,  0000007P    390
0.01406957806123501D0,0.8569604086845469D0,                      0000007P    391
-0.1043204003302677D0,0.01425722338163662D0,                     0000007P    392
0.8544061302681986D0,-0.1043945916407728D0,                      0000007P    393
0.01444486870203825D0,0.8518518518518514D0,                      0000007P    394
-0.1044687829512777D0,0.01463251402243986D0,                     0000007P    395
0.8492975734355033D0,-0.1045429742617826D0,                      0000007P    396
0.01482015934284147D0,0.8467432950191569D0,                      0000007P    397
-0.1046171655722877D0,0.01500780466324309D0,                     0000007P    398
0.8441890166028095D0,-0.1046913568827926D0,                      0000007P    399
0.01519544998364471D0,0.8416347381864615D0,                      0000007P    400
-0.1047655481932976D0,0.01538309530404632D0,                     0000007P    401
0.8390804597701151D0,-0.1048397395038024D0,                      0000007P    402
0.01557074062444795D0,0.8365261813537672D0,                      0000007P    403
-0.1049139308143076D0,0.01575838594484959D0,                     0000007P    404
0.8339719029374207D0,-0.1049881221248124D0,0.0159460312652512D0, 0000007P    405
0.8314176245210717D0,-0.1050623134353175D0,                      0000007P    406
0.01613367658565282D0,0.8288633461047257D0,                      0000007P    407
-0.1051365047458223D0,0.01632132190605444D0,                     0000007P    408
0.8263090676883774D0,-0.1052106960563273D0,                      0000007P    409
0.01650896722645607D0,0.8237547892720305D0,                      0000007P    410
-0.1052848873668323D0,0.01669661254685769D0,                     0000007P    411
0.8212005108556828D0,-0.1053590786773373D0,0.0168842578672593D0, 0000007P    412
0.8186462324393359D0,-0.1054332699878423D0,                      0000007P    413
0.01707190318766091D0,0.8160919540229883D0,                      0000007P    414
-0.1055074612983471D0,0.01725954850806254D0,                     0000007P    415
0.8135376756066418D0,-0.1055816526088522D0,                      0000007P    416
0.01744719382846418D0,0.8109833971902928D0,-0.105655843919357D0, 0000007P    417
0.01763483914886579D0,0.8084291187739475D0,                      0000007P    418
-0.1057300352298621D0,0.01782248446926738D0,                     0000007P    419
0.8058748403575982D0,-0.1058042265403671D0,                      0000007P    420
0.01801012978966902D0,0.8033205619412517D0,-0.105878417850872D0, 0000007P    421
0.01819777511007063D0,0.8007662835249042D0,-0.105952609161377D0, 0000007P    422
0.01838542043047227D0,0.7982120051085573D0,                      0000007P    423
-0.1060268004718819D0,0.01857306575087387D0,                     0000007P    424
0.7956577266922091D0,-0.1061009917823869D0,                      0000007P    425
0.01876071107127553D0,0.7939548744146441D0,                      0000007P    426
-0.1061504526560568D0,0.01888580795154324D0,                     0000007P    427
0.7931034482758614D0,-0.1061751830928918D0,                      0000007P    428
0.01894835639167712D0,0.8620689655172411D0,                      0000007P    429
-0.09984077247007898D0,0.0163851173163816D0,                     0000007P    430
0.8612175393784584D0,-0.09986854123477577D0,                     0000007P    431
0.01645923229003012D0,0.8595146871008935D0,                      0000007P    432
-0.0999240787641695D0,0.01660746223732717D0,                     0000007P    433
0.8569604086845461D0,-0.1000073850582601D0,                      0000007P    434
0.01682980715827272D0,0.8544061302681989D0,                      0000007P    435
-0.1000906913523507D0,0.0170521520792183D0,0.851851851851851D0,  0000007P    436
-0.1001739976464413D0,0.01727449700016386D0,                     0000007P    437
0.8492975734355055D0,-0.1002573039405319D0,                      0000007P    438
0.01749684192110942D0,0.8467432950191559D0,                      0000007P    439
-0.1003406102346224D0,0.01771918684205497D0,                     0000007P    440
0.8441890166028099D0,-0.100423916528713D0,0.01794153176300052D0, 0000007P    441
0.841634738186462D0,-0.1005072228228036D0,0.0181638766839461D0,  0000007P    442
0.8390804597701143D0,-0.1005905291168941D0,                      0000007P    443
0.01838622160489165D0,0.8365261813537677D0,                      0000007P    444
-0.1006738354109848D0,0.01860856652583721D0,0.83397190293742D0,  0000007P    445
-0.1007571417050755D0,0.0188309114467828D0,0.8314176245210729D0, 0000007P    446
-0.100840447999166D0,0.01905325636772835D0,0.8288633461047252D0, 0000007P    447
-0.1009237542932566D0,0.0192756012886739D0,0.8263090676883783D0, 0000007P    448
-0.1010070605873472D0,0.01949794620961948D0,                     0000007P    449
0.8237547892720305D0,-0.1010903668814377D0,                      0000007P    450
0.01972029113056504D0,0.8212005108556835D0,                      0000007P    451
-0.1011736731755283D0,0.01994263605151061D0,                     0000007P    452
0.8186462324393358D0,-0.1012569794696189D0,                      0000007P    453
0.02016498097245618D0,0.8160919540229882D0,                      0000007P    454
-0.1013402857637096D0,0.02038732589340174D0,                     0000007P    455
0.8135376756066406D0,-0.1014235920578D0,0.02060967081434728D0,   0000007P    456
0.810983397190294D0,-0.1015068983518907D0,0.02083201573529286D0, 0000007P    457
0.8084291187739456D0,-0.1015902046459813D0,                      0000007P    458
0.02105436065623841D0,0.8058748403575992D0,                      0000007P    459
-0.1016735109400718D0,0.02127670557718397D0,0.803320561941251D0, 0000007P    460
-0.1017568172341624D0,0.02149905049812954D0,                     0000007P    461
0.8007662835249049D0,-0.101840123528253D0,0.0217213954190751D0,  0000007P    462
0.7982120051085564D0,-0.1019234298223436D0,                      0000007P    463
0.02194374034002067D0,0.79565772669221D0,-0.1020067361164342D0,  0000007P    464
0.02216608526096624D0,0.7939548744146443D0,                      0000007P    465
-0.1020622736458278D0,0.02231431520826327D0,                     0000007P    466
0.7931034482758618D0,-0.1020900424105247D0,                      0000007P    467
0.02238843018191179D0,0.862068965517241D0,                       0000007P    468
-0.09545974236444567D0,0.01879689714843275D0,                    0000007P    469
0.8612175393784585D0,-0.09549004013831269D0,                     0000007P    470
0.01888230893413995D0,0.8595146871008942D0,                      0000007P    471
-0.09555063568604712D0,0.01905313250555445D0,                    0000007P    472
0.8569604086845455D0,-0.09564152900764838D0,                     0000007P    473
0.01930936786267607D0,0.8544061302681991D0,                      0000007P    474
-0.09573242232924981D0,0.01956560321979778D0,                    0000007P    475
0.8518518518518516D0,-0.09582331565085107D0,                     0000007P    476
0.01982183857691942D0,0.8492975734355028D0,                      0000007P    477
-0.09591420897245245D0,0.02007807393404108D0,                    0000007P    478
0.846743295019157D0,-0.09600510229405383D0,                      0000007P    479
0.02033430929116274D0,0.8441890166028091D0,                      0000007P    480
-0.09609599561565513D0,0.0205905446482844D0,                     0000007P    481
0.8416347381864623D0,-0.09618688893725642D0,                     0000007P    482
0.02084678000540605D0,0.8390804597701155D0,                      0000007P    483
-0.09627778225885791D0,0.02110301536252769D0,                    0000007P    484
0.836526181353767D0,-0.09636867558045918D0,                      0000007P    485
0.02135925071964939D0,0.8339719029374209D0,                      0000007P    486
-0.09645956890206059D0,0.02161548607677109D0,                    0000007P    487
0.8314176245210718D0,-0.09655046222366187D0,                     0000007P    488
0.02187172143389272D0,0.8288633461047255D0,                      0000007P    489
-0.09664135554526324D0,0.0221279567910144D0,                     0000007P    490
0.8263090676883781D0,-0.09673224886686468D0,                     0000007P    491
0.02238419214813606D0,0.8237547892720297D0,                      0000007P    492
-0.0968231421884659D0,0.02264042750525773D0,                     0000007P    493
0.8212005108556831D0,-0.09691403551006728D0,                     0000007P    494
0.02289666286237936D0,0.8186462324393352D0,                      0000007P    495
-0.09700492883166877D0,0.02315289821950105D0,                    0000007P    496
0.8160919540229891D0,-0.09709582215326992D0,                     0000007P    497
0.02340913357662271D0,0.8135376756066407D0,                      0000007P    498
-0.09718671547487141D0,0.02366536893374439D0,                    0000007P    499
0.8109833971902937D0,-0.09727760879647272D0,                     0000007P    500
0.02392160429086604D0,0.808429118773946D0,                       0000007P    501
-0.09736850211807405D0,0.02417783964798769D0,                    0000007P    502
0.8058748403575989D0,-0.09745939543967536D0,                     0000007P    503
0.02443407500510935D0,0.8033205619412511D0,                      0000007P    504
-0.09755028876127676D0,0.02469031036223101D0,                    0000007P    505
0.8007662835249046D0,-0.09764118208287814D0,                     0000007P    506
0.02494654571935271D0,0.7982120051085565D0,                      0000007P    507
-0.09773207540447945D0,0.02520278107647436D0,                    0000007P    508
0.7956577266922095D0,-0.09782296872608086D0,                     0000007P    509
0.02545901643359604D0,0.793954874414644D0,                       0000007P    510
-0.09788356427381499D0,0.02562984000501048D0,                    0000007P    511
0.7931034482758619D0,-0.09791386204768215D0,                     0000007P    512
0.02571525179071768D0,0.8620689655172413D0,                      0000007P    513
-0.09103094891502878D0,0.02111697071688532D0,                    0000007P    514
0.8612175393784585D0,-0.09106330970976759D0,                     0000007P    515
0.02121342556556057D0,0.859514687100894D0,                       0000007P    516
-0.09112803129924545D0,0.02140633526291101D0,                    0000007P    517
0.8569604086845469D0,-0.09122511368346203D0,                     0000007P    518
0.02169569980893675D0,0.8544061302681996D0,                      0000007P    519
-0.0913221960676788D0,0.0219850643549625D0,0.8518518518518517D0, 0000007P    520
-0.09141927845189539D0,0.02227442890098823D0,                    0000007P    521
0.8492975734355044D0,-0.09151636083611209D0,                     0000007P    522
0.02256379344701397D0,0.846743295019157D0,                       0000007P    523
-0.09161344322032876D0,0.02285315799303967D0,                    0000007P    524
0.8441890166028099D0,-0.09171052560454535D0,                     0000007P    525
0.0231425225390654D0,0.8416347381864622D0,                       0000007P    526
-0.09180760798876211D0,0.02343188708509112D0,                    0000007P    527
0.8390804597701151D0,-0.09190469037297863D0,                     0000007P    528
0.02372125163111685D0,0.8365261813537673D0,                      0000007P    529
-0.09200177275719537D0,0.02401061617714259D0,                    0000007P    530
0.8339719029374204D0,-0.09209885514141208D0,                     0000007P    531
0.02429998072316832D0,0.8314176245210729D0,                      0000007P    532
-0.0921959375256287D0,0.02458934526919404D0,                     0000007P    533
0.8288633461047253D0,-0.09229301990984533D0,                     0000007P    534
0.02487870981521978D0,0.8263090676883778D0,                      0000007P    535
-0.09239010229406205D0,0.02516807436124549D0,                    0000007P    536
0.8237547892720309D0,-0.0924871846782787D0,0.0254574389072712D0, 0000007P    537
0.8212005108556832D0,-0.09258426706249538D0,                     0000007P    538
0.02574680345329697D0,0.8186462324393363D0,                      0000007P    539
-0.09268134944671198D0,0.02603616799932266D0,                    0000007P    540
0.8160919540229884D0,-0.09277843183092882D0,                     0000007P    541
0.02632553254534842D0,0.8135376756066415D0,                      0000007P    542
-0.09287551421514534D0,0.02661489709137412D0,                    0000007P    543
0.810983397190294D0,-0.09297259659936206D0,                      0000007P    544
0.02690426163739985D0,0.8084291187739469D0,                      0000007P    545
-0.09306967898357864D0,0.02719362618342556D0,                    0000007P    546
0.805874840357599D0,-0.09316676136779536D0,                      0000007P    547
0.02748299072945132D0,0.8033205619412515D0,                      0000007P    548
-0.09326384375201198D0,0.027772355275477D0,0.8007662835249042D0, 0000007P    549
-0.09336092613622876D0,0.02806171982150276D0,                    0000007P    550
0.7982120051085572D0,-0.09345800852044528D0,                     0000007P    551
0.02835108436752851D0,0.7956577266922096D0,                      0000007P    552
-0.09355509090466202D0,0.02864044891355422D0,                    0000007P    553
0.7939548744146447D0,-0.09361981249413973D0,                     0000007P    554
0.02883335861090469D0,0.7931034482758621D0,                      0000007P    555
-0.09365217328887865D0,0.02892981345957994D0,                    0000007P    556
0.8620689655172411D0,-0.0865561246519872D0,                      0000007P    557
0.02334481986829044D0,0.8612175393784574D0,                      0000007P    558
-0.0865901234684677D0,0.02345207884714929D0,                     0000007P    559
0.8595146871008948D0,-0.08665812110142862D0,                     0000007P    560
0.02366659680486707D0,0.8569604086845448D0,                      0000007P    561
-0.08676011755086999D0,0.02398837374144371D0,                    0000007P    562
0.8544061302681999D0,-0.08686211400031142D0,                     0000007P    563
0.02431015067802036D0,0.8518518518518507D0,                      0000007P    564
-0.08696411044975283D0,0.02463192761459701D0,                    0000007P    565
0.8492975734355046D0,-0.08706610689919418D0,                     0000007P    566
0.02495370455117362D0,0.8467432950191567D0,                      0000007P    567
-0.08716810334863556D0,0.02527548148775025D0,                    0000007P    568
0.8441890166028096D0,-0.08727009979807701D0,                     0000007P    569
0.02559725842432689D0,0.8416347381864626D0,                      0000007P    570
-0.08737209624751827D0,0.0259190353609035D0,                     0000007P    571
0.8390804597701149D0,-0.08747409269695981D0,                     0000007P    572
0.02624081229748015D0,0.8365261813537674D0,-0.087576089146401D0, 0000007P    573
0.02656258923405679D0,0.8339719029374209D0,                      0000007P    574
-0.08767808559584249D0,0.02688436617063348D0,                    0000007P    575
0.8314176245210723D0,-0.08778008204528384D0,                     0000007P    576
0.02720614310721005D0,0.828863346104725D0,                       0000007P    577
-0.08788207849472515D0,0.02752792004378671D0,                    0000007P    578
0.8263090676883789D0,-0.08798407494416667D0,                     0000007P    579
0.02784969698036336D0,0.8237547892720299D0,                      0000007P    580
-0.08808607139360795D0,0.02817147391693998D0,                    0000007P    581
0.8212005108556831D0,-0.0881880678430494D0,                      0000007P    582
0.02849325085351662D0,0.818646232439336D0,-0.0882900642924908D0, 0000007P    583
0.02881502779009328D0,0.8160919540229886D0,                      0000007P    584
-0.08839206074193215D0,0.02913680472666988D0,                    0000007P    585
0.8135376756066407D0,-0.0884940571913735D0,                      0000007P    586
0.02945858166324654D0,0.8109833971902937D0,                      0000007P    587
-0.08859605364081499D0,0.02978035859982317D0,                    0000007P    588
0.8084291187739465D0,-0.08869805009025633D0,                     0000007P    589
0.03010213553639982D0,0.8058748403575985D0,                      0000007P    590
-0.08880004653969766D0,0.03042391247297642D0,                    0000007P    591
0.8033205619412519D0,-0.0889020429891391D0,                      0000007P    592
0.03074568940955305D0,0.8007662835249043D0,                      0000007P    593
-0.08900403943858053D0,0.03106746634612972D0,                    0000007P    594
0.7982120051085571D0,-0.08910603588802178D0,                     0000007P    595
0.03138924328270632D0,0.7956577266922091D0,                      0000007P    596
-0.08920803233746333D0,0.031711020219283D0,0.7939548744146442D0, 0000007P    597
-0.08927602997042416D0,0.03192553817700074D0,                    0000007P    598
0.7931034482758619D0,-0.08931002878690461D0,                     0000007P    599
0.03203279715585962D0,0.8620689655172412D0,                      0000007P    600
-0.08203622843045486D0,0.02547745979724678D0,                    0000007P    601
0.8612175393784591D0,-0.08207145033058812D0,                     0000007P    602
0.02559527860377231D0,0.8595146871008932D0,                      0000007P    603
-0.08214189413085464D0,0.02583091621682336D0,                    0000007P    604
0.8569604086845474D0,-0.08224755983125451D0,                     0000007P    605
0.02618437263639996D0,0.8544061302681988D0,                      0000007P    606
-0.0823532255316544D0,0.02653782905597657D0,                     0000007P    607
0.8518518518518524D0,-0.08245889123205419D0,                     0000007P    608
0.02689128547555317D0,0.8492975734355035D0,                      0000007P    609
-0.08256455693245407D0,0.02724474189512976D0,                    0000007P    610
0.8467432950191567D0,-0.08267022263285403D0,                     0000007P    611
0.02759819831470636D0,0.8441890166028102D0,                      0000007P    612
-0.08277588833325383D0,0.02795165473428294D0,                    0000007P    613
0.8416347381864615D0,-0.08288155403365371D0,                     0000007P    614
0.02830511115385953D0,0.8390804597701151D0,                      0000007P    615
-0.08298721973405351D0,0.02865856757343613D0,                    0000007P    616
0.8365261813537673D0,-0.08309288543445344D0,                     0000007P    617
0.02901202399301271D0,0.8339719029374205D0,                      0000007P    618
-0.08319855113485336D0,0.02936548041258931D0,                    0000007P    619
0.8314176245210725D0,-0.08330421683525312D0,                     0000007P    620
0.02971893683216596D0,0.828863346104726D0,                       0000007P    621
-0.08340988253565307D0,0.03007239325174251D0,                    0000007P    622
0.8263090676883776D0,-0.08351554823605287D0,                     0000007P    623
0.03042584967131914D0,0.8237547892720314D0,                      0000007P    624
-0.08362121393645271D0,0.03077930609089572D0,                    0000007P    625
0.8212005108556834D0,-0.08372687963685262D0,                     0000007P    626
0.03113276251047237D0,0.8186462324393362D0,                      0000007P    627
-0.08383254533725244D0,0.03148621893004891D0,                    0000007P    628
0.8160919540229887D0,-0.08393821103765231D0,                     0000007P    629
0.03183967534962556D0,0.813537675606641D0,                       0000007P    630
-0.08404387673805214D0,0.03219313176920213D0,                    0000007P    631
0.8109833971902947D0,-0.08414954243845206D0,                     0000007P    632
0.03254658818877874D0,0.8084291187739464D0,                      0000007P    633
-0.08425520813885189D0,0.03290004460835527D0,                    0000007P    634
0.8058748403575989D0,-0.08436087383925184D0,                     0000007P    635
0.03325350102793194D0,0.8033205619412518D0,                      0000007P    636
-0.08446653953965158D0,0.03360695744750847D0,                    0000007P    637
0.8007662835249045D0,-0.08457220524005156D0,                     0000007P    638
0.03396041386708511D0,0.7982120051085571D0,                      0000007P    639
-0.08467787094045136D0,0.03431387028666169D0,0.79565772669221D0, 0000007P    640
-0.08478353664085128D0,0.03466732670623829D0,                    0000007P    641
0.7939548744146439D0,-0.08485398044111772D0,                     0000007P    642
0.03490296431928934D0,0.7931034482758621D0,                      0000007P    643
-0.08488920234125108D0,0.03502078312581487D0,                    0000007P    644
0.8620689655172413D0,-0.07747243726838664D0,                     0000007P    645
0.02751208545105324D0,0.8612175393784588D0,                      0000007P    646
-0.07750848145655928D0,0.02764021854371337D0,                    0000007P    647
0.8595146871008936D0,-0.07758056983290459D0,                     0000007P    648
0.02789648472903366D0,0.8569604086845457D0,                      0000007P    649
-0.07768870239742254D0,0.02828088400701415D0,                    0000007P    650
0.8544061302681991D0,-0.0777968349619407D0,                      0000007P    651
0.02866528328499461D0,0.851851851851851D0,                       0000007P    652
-0.07790496752645865D0,0.0290496825629751D0,                     0000007P    653
0.8492975734355054D0,-0.07801310009097662D0,                     0000007P    654
0.02943408184095554D0,0.8467432950191566D0,                      0000007P    655
-0.07812123265549455D0,0.02981848111893601D0,                    0000007P    656
0.844189016602809D0,-0.07822936522001256D0,                      0000007P    657
0.03020288039691647D0,0.8416347381864626D0,                      0000007P    658
-0.07833749778453043D0,0.0305872796748969D0,                     0000007P    659
0.8390804597701147D0,-0.07844563034904861D0,                     0000007P    660
0.03097167895287738D0,0.8365261813537672D0,                      0000007P    661
-0.07855376291356647D0,0.03135607823085783D0,                    0000007P    662
0.8339719029374206D0,-0.07866189547808453D0,                     0000007P    663
0.03174047750883835D0,0.8314176245210723D0,                      0000007P    664
-0.07877002804260246D0,0.03212487678681872D0,                    0000007P    665
0.8288633461047252D0,-0.07887816060712045D0,                     0000007P    666
0.03250927606479929D0,0.8263090676883782D0,                      0000007P    667
-0.07898629317163841D0,0.03289367534277973D0,                    0000007P    668
0.8237547892720298D0,-0.07909442573615633D0,                     0000007P    669
0.0332780746207602D0,0.8212005108556836D0,                       0000007P    670
-0.07920255830067441D0,0.03366247389874068D0,                    0000007P    671
0.8186462324393362D0,-0.07931069086519237D0,                     0000007P    672
0.03404687317672114D0,0.816091954022989D0,                       0000007P    673
-0.07941882342971032D0,0.03443127245470158D0,                    0000007P    674
0.813537675606641D0,-0.07952695599422839D0,                      0000007P    675
0.03481567173268205D0,0.810983397190293D0,                       0000007P    676
-0.07963508855874635D0,0.03520007101066251D0,                    0000007P    677
0.8084291187739465D0,-0.07974322112326429D0,                     0000007P    678
0.03558447028864295D0,0.8058748403575987D0,                      0000007P    679
-0.0798513536877823D0,0.03596886956662342D0,                     0000007P    680
0.8033205619412511D0,-0.07995948625230032D0,                     0000007P    681
0.03635326884460391D0,0.8007662835249045D0,                      0000007P    682
-0.08006761881681834D0,0.03673766812258435D0,                    0000007P    683
0.7982120051085571D0,-0.08017575138133627D0,                     0000007P    684
0.03712206740056485D0,0.7956577266922098D0,                      0000007P    685
-0.08028388394585426D0,0.03750646667854529D0,                    0000007P    686
0.7939548744146443D0,-0.08035597232219954D0,                     0000007P    687
0.0377627328638656D0,0.7931034482758617D0,                       0000007P    688
-0.08039201651037224D0,0.03789086595652572D0,                    0000007P    689
0.8620689655172409D0,-0.07286606883338159D0,                     0000007P    690
0.02944602960887274D0,0.8612175393784571D0,                      0000007P    691
-0.07290255327031414D0,0.02958423759340247D0,                    0000007P    692
0.8595146871008941D0,-0.07297552214417924D0,                     0000007P    693
0.02986065356246204D0,0.8569604086845459D0,                      0000007P    694
-0.07308497545497684D0,0.0302752775160513D0,                     0000007P    695
0.8544061302681993D0,-0.07319442876577453D0,                     0000007P    696
0.03068990146964067D0,0.8518518518518519D0,                      0000007P    697
-0.07330388207657212D0,0.03110452542322997D0,                    0000007P    698
0.8492975734355039D0,-0.0734133353873698D0,                      0000007P    699
0.03151914937681929D0,0.8467432950191569D0,                      0000007P    700
-0.07352278869816746D0,0.03193377333040858D0,                    0000007P    701
0.8441890166028105D0,-0.073632242008965D0,0.03234839728399786D0, 0000007P    702
0.8416347381864611D0,-0.07374169531976273D0,                     0000007P    703
0.03276302123758718D0,0.8390804597701151D0,                      0000007P    704
-0.07385114863056025D0,0.03317764519117647D0,                    0000007P    705
0.8365261813537668D0,-0.07396060194135795D0,                     0000007P    706
0.03359226914476578D0,0.8339719029374209D0,                      0000007P    707
-0.07407005525215568D0,0.0340068930983551D0,                     0000007P    708
0.8314176245210723D0,-0.07417950856295318D0,                     0000007P    709
0.03442151705194446D0,0.8288633461047252D0,                      0000007P    710
-0.07428896187375086D0,0.03483614100553371D0,                    0000007P    711
0.8263090676883773D0,-0.07439841518454854D0,                     0000007P    712
0.03525076495912308D0,0.8237547892720307D0,                      0000007P    713
-0.07450786849534613D0,0.03566538891271236D0,                    0000007P    714
0.8212005108556828D0,-0.07461732180614374D0,                     0000007P    715
0.03608001286630171D0,0.8186462324393363D0,                      0000007P    716
-0.07472677511694138D0,0.03649463681989096D0,                    0000007P    717
0.8160919540229883D0,-0.07483622842773913D0,                     0000007P    718
0.03690926077348037D0,0.813537675606641D0,                       0000007P    719
-0.07494568173853672D0,0.0373238847270696D0,                     0000007P    720
0.8109833971902942D0,-0.07505513504933438D0,                     0000007P    721
0.03773850868065893D0,0.8084291187739464D0,                      0000007P    722
-0.07516458836013198D0,0.03815313263424828D0,                    0000007P    723
0.805874840357599D0,-0.0752740416709297D0,0.03856775658783754D0, 0000007P    724
0.8033205619412521D0,-0.07538349498172722D0,                     0000007P    725
0.03898238054142686D0,0.8007662835249042D0,                      0000007P    726
-0.07549294829252495D0,0.03939700449501621D0,                    0000007P    727
0.7982120051085565D0,-0.07560240160332254D0,                     0000007P    728
0.03981162844860547D0,0.7956577266922102D0,                      0000007P    729
-0.07571185491412025D0,0.04022625240219482D0,                    0000007P    730
0.7939548744146436D0,-0.07578482378798529D0,                     0000007P    731
0.04050266837125428D0,0.7931034482758621D0,                      0000007P    732
-0.07582130822491784D0,0.04064087635578408D0,                    0000007P    733
0.8620689655172413D0,-0.06821837308139407D0,                     0000007P    734
0.03127626143835077D0,0.8612175393784587D0,                      0000007P    735
-0.06825491569104356D0,0.03142427193951661D0,                    0000007P    736
0.8595146871008941D0,-0.06832800091034259D0,                     0000007P    737
0.03172029294184833D0,0.8569604086845457D0,                      0000007P    738
-0.06843762873929117D0,0.03216432444534589D0,                    0000007P    739
0.8544061302681991D0,-0.06854725656823968D0,                     0000007P    740
0.03260835594884352D0,0.8518518518518512D0,                      0000007P    741
-0.06865688439718827D0,0.03305238745234115D0,                    0000007P    742
0.8492975734355047D0,-0.06876651222613678D0,                     0000007P    743
0.03349641895583876D0,0.8467432950191566D0,                      0000007P    744
-0.06887614005508534D0,0.03394045045933632D0,                    0000007P    745
0.844189016602809D0,-0.068985767884034D0,0.03438448196283395D0,  0000007P    746
0.8416347381864628D0,-0.06909539571298244D0,                     0000007P    747
0.03482851346633147D0,0.8390804597701143D0,                      0000007P    748
-0.06920502354193103D0,0.03527254496982909D0,                    0000007P    749
0.8365261813537681D0,-0.06931465137087961D0,                     0000007P    750
0.03571657647332668D0,0.8339719029374199D0,                      0000007P    751
-0.06942427919982813D0,0.03616060797682433D0,                    0000007P    752
0.8314176245210726D0,-0.06953390702877671D0,                     0000007P    753
0.03660463948032189D0,0.8288633461047248D0,                      0000007P    754
-0.06964353485772516D0,0.03704867098381951D0,                    0000007P    755
0.8263090676883782D0,-0.06975316268667368D0,                     0000007P    756
0.0374927024873171D0,0.8237547892720301D0,                       0000007P    757
-0.06986279051562229D0,0.03793673399081472D0,                    0000007P    758
0.8212005108556836D0,-0.06997241834457082D0,                     0000007P    759
0.03838076549431234D0,0.8186462324393353D0,                      0000007P    760
-0.07008204617351937D0,0.03882479699780991D0,                    0000007P    761
0.816091954022989D0,-0.0701916740024679D0,0.03926882850130753D0, 0000007P    762
0.8135376756066408D0,-0.07030130183141647D0,                     0000007P    763
0.03971286000480509D0,0.8109833971902938D0,-0.070410929660365D0, 0000007P    764
0.0401568915083027D0,0.8084291187739463D0,                       0000007P    765
-0.07052055748931362D0,0.04060092301180027D0,                    0000007P    766
0.8058748403575987D0,-0.07063018531826208D0,                     0000007P    767
0.04104495451529791D0,0.8033205619412511D0,                      0000007P    768
-0.07073981314721071D0,0.04148898601879546D0,                    0000007P    769
0.8007662835249045D0,-0.07084944097615931D0,                     0000007P    770
0.0419330175222931D0,0.7982120051085569D0,                       0000007P    771
-0.07095906880510776D0,0.04237704902579069D0,                    0000007P    772
0.7956577266922087D0,-0.07106869663405634D0,                     0000007P    773
0.04282108052928824D0,0.7939548744146445D0,                      0000007P    774
-0.0711417818533554D0,0.04311710153162003D0,                     0000007P    775
0.7931034482758614D0,-0.07117832446300487D0,                     0000007P    776
0.04326511203278585D0,0.8620689655172411D0,                      0000007P    777
-0.06353080544136831D0,0.03299958010532077D0,                    0000007P    778
0.8612175393784581D0,-0.06356701961768436D0,                     0000007P    779
0.03315707857919212D0,0.8595146871008937D0,                      0000007P    780
-0.06363944797031654D0,0.03347207552693482D0,                    0000007P    781
0.8569604086845469D0,-0.06374809049926468D0,                     0000007P    782
0.03394457094854898D0,0.8544061302681987D0,-0.063856733028213D0, 0000007P    783
0.03441706637016313D0,0.8518518518518519D0,                      0000007P    784
-0.06396537555716117D0,0.03488956179177724D0,                    0000007P    785
0.8492975734355039D0,-0.06407401808610946D0,                     0000007P    786
0.03536205721339133D0,0.8467432950191567D0,                      0000007P    787
-0.0641826606150577D0,0.0358345526350055D0,0.8441890166028094D0, 0000007P    788
-0.06429130314400594D0,0.03630704805661959D0,                    0000007P    789
0.841634738186462D0,-0.06439994567295414D0,                      0000007P    790
0.03677954347823369D0,0.8390804597701149D0,                      0000007P    791
-0.06450858820190247D0,0.03725203889984779D0,                    0000007P    792
0.8365261813537674D0,-0.06461723073085066D0,                     0000007P    793
0.03772453432146195D0,0.8339719029374209D0,                      0000007P    794
-0.06472587325979898D0,0.03819702974307605D0,                    0000007P    795
0.8314176245210723D0,-0.06483451578874713D0,                     0000007P    796
0.0386695251646902D0,0.828863346104725D0,-0.06494315831769538D0, 0000007P    797
0.03914202058630432D0,0.8263090676883782D0,                      0000007P    798
-0.06505180084664364D0,0.03961451600791845D0,                    0000007P    799
0.8237547892720303D0,-0.06516044337559179D0,                     0000007P    800
0.04008701142953258D0,0.8212005108556828D0,                      0000007P    801
-0.06526908590454013D0,0.04055950685114668D0,                    0000007P    802
0.8186462324393363D0,-0.06537772843348824D0,                     0000007P    803
0.04103200227276083D0,0.8160919540229883D0,                      0000007P    804
-0.06548637096243656D0,0.04150449769437498D0,                    0000007P    805
0.8135376756066417D0,-0.06559501349138475D0,                     0000007P    806
0.04197699311598902D0,0.8109833971902942D0,                      0000007P    807
-0.06570365602033305D0,0.04244948853760318D0,                    0000007P    808
0.8084291187739461D0,-0.06581229854928124D0,                     0000007P    809
0.04292198395921731D0,0.8058748403575986D0,                      0000007P    810
-0.06592094107822952D0,0.04339447938083136D0,                    0000007P    811
0.8033205619412513D0,-0.06602958360717773D0,                     0000007P    812
0.04386697480244552D0,0.8007662835249044D0,                      0000007P    813
-0.06613822613612594D0,0.04433947022405968D0,                    0000007P    814
0.7982120051085555D0,-0.0662468686650742D0,                      0000007P    815
0.04481196564567373D0,0.7956577266922107D0,                      0000007P    816
-0.06635551119402247D0,0.04528446106728794D0,                    0000007P    817
0.7939548744146437D0,-0.06642793954665449D0,                     0000007P    818
0.04559945801503062D0,0.7931034482758619D0,                      0000007P    819
-0.06646415372297065D0,0.045756956488902D0,0.8620689655172411D0, 0000007P    820
-0.05880514702255411D0,0.03461247308182128D0,                    0000007P    821
0.8612175393784585D0,-0.05884063419063836D0,                     0000007P    822
0.03477909163403596D0,0.8595146871008943D0,                      0000007P    823
-0.05891160852680662D0,0.03511232873846537D0,                    0000007P    824
0.856960408684546D0,-0.05901807003105927D0,0.0356121843951095D0, 0000007P    825
0.8544061302681996D0,-0.05912453153531175D0,                     0000007P    826
0.03611204005175368D0,0.8518518518518519D0,                      0000007P    827
-0.05923099303956435D0,0.03661189570839782D0,                    0000007P    828
0.849297573435504D0,-0.05933745454381686D0,                      0000007P    829
0.03711175136504195D0,0.8467432950191572D0,                      0000007P    830
-0.05944391604806947D0,0.03761160702168608D0,0.84418901660281D0, 0000007P    831
-0.05955037755232209D0,0.0381114626783302D0,                     0000007P    832
0.8416347381864617D0,-0.05965683905657468D0,                     0000007P    833
0.0386113183349743D0,0.8390804597701149D0,                       0000007P    834
-0.05976330056082724D0,0.03911117399161847D0,                    0000007P    835
0.8365261813537676D0,-0.0598697620650798D0,0.0396110296482626D0, 0000007P    836
0.8339719029374204D0,-0.05997622356933244D0,                     0000007P    837
0.04011088530490679D0,0.831417624521073D0,                       0000007P    838
-0.06008268507358496D0,0.04061074096155089D0,                    0000007P    839
0.8288633461047257D0,-0.06018914657783747D0,                     0000007P    840
0.04111059661819502D0,0.8263090676883775D0,                      0000007P    841
-0.06029560808209013D0,0.04161045227483919D0,                    0000007P    842
0.8237547892720298D0,-0.0604020695863426D0,                      0000007P    843
0.04211030793148326D0,0.8212005108556835D0,                      0000007P    844
-0.0605085310905952D0,0.04261016358812747D0,                     0000007P    845
0.8186462324393358D0,-0.0606149925948478D0,                      0000007P    846
0.04311001924477161D0,0.816091954022989D0,                       0000007P    847
-0.06072145409910037D0,0.04360987490141571D0,                    0000007P    848
0.8135376756066409D0,-0.06082791560335291D0,                     0000007P    849
0.04410973055805987D0,0.8109833971902937D0,                      0000007P    850
-0.06093437710760554D0,0.04460958621470404D0,                    0000007P    851
0.8084291187739466D0,-0.06104083861185806D0,                     0000007P    852
0.04510944187134806D0,0.8058748403575996D0,                      0000007P    853
-0.06114730011611061D0,0.04560929752799231D0,                    0000007P    854
0.8033205619412511D0,-0.06125376162036321D0,                     0000007P    855
0.04610915318463635D0,0.8007662835249048D0,                      0000007P    856
-0.06136022312461581D0,0.04660900884128055D0,                    0000007P    857
0.7982120051085577D0,-0.06146668462886828D0,                     0000007P    858
0.04710886449792469D0,0.7956577266922091D0,                      0000007P    859
-0.0615731461331209D0,0.04760872015456884D0,                     0000007P    860
0.7939548744146441D0,-0.06164412046928933D0,                     0000007P    861
0.04794195725899825D0,0.793103448275862D0,                       0000007P    862
-0.06167960763737348D0,0.04810857581121294D0,                    0000007P    863
0.8620689655172411D0,-0.05404336575861571D0,                     0000007P    864
0.03611159757567635D0,0.8612175393784584D0,                      0000007P    865
-0.0540777224095261D0,0.03628691618922589D0,                     0000007P    866
0.8595146871008947D0,-0.05414643571134695D0,                     0000007P    867
0.03663755341632506D0,0.8569604086845457D0,                      0000007P    868
-0.05424950566407809D0,0.03716350925697366D0,                    0000007P    869
0.854406130268199D0,-0.05435257561680931D0,                      0000007P    870
0.03768946509762241D0,0.8518518518518507D0,                      0000007P    871
-0.05445564556954043D0,0.03821542093827106D0,                    0000007P    872
0.849297573435504D0,-0.05455871552227168D0,                      0000007P    873
0.03874137677891972D0,0.8467432950191566D0,                      0000007P    874
-0.05466178547500283D0,0.03926733261956838D0,                    0000007P    875
0.8441890166028099D0,-0.05476485542773409D0,                     0000007P    876
0.03979328846021714D0,0.8416347381864626D0,                      0000007P    877
-0.05486792538046527D0,0.04031924430086573D0,                    0000007P    878
0.8390804597701149D0,-0.05497099533319653D0,                     0000007P    879
0.04084520014151445D0,0.8365261813537674D0,                      0000007P    880
-0.05507406528592773D0,0.04137115598216314D0,                    0000007P    881
0.8339719029374206D0,-0.05517713523865891D0,                     0000007P    882
0.04189711182281183D0,0.8314176245210723D0,                      0000007P    883
-0.05528020519139006D0,0.04242306766346049D0,                    0000007P    884
0.8288633461047242D0,-0.05538327514412129D0,                     0000007P    885
0.0429490235041092D0,0.8263090676883785D0,                       0000007P    886
-0.05548634509685245D0,0.04347497934475786D0,                    0000007P    887
0.8237547892720304D0,-0.05558941504958369D0,                     0000007P    888
0.04400093518540656D0,0.8212005108556829D0,                      0000007P    889
-0.0556924850023148D0,0.0445268910260552D0,0.818646232439336D0,  0000007P    890
-0.05579555495504605D0,0.04505284686670392D0,                    0000007P    891
0.8160919540229878D0,-0.05589862490777724D0,                     0000007P    892
0.04557880270735259D0,0.8135376756066408D0,                      0000007P    893
-0.05600169486050847D0,0.04610475854800129D0,                    0000007P    894
0.810983397190294D0,-0.05610476481323963D0,                      0000007P    895
0.04663071438864994D0,0.8084291187739456D0,                      0000007P    896
-0.05620783476597083D0,0.04715667022929866D0,                    0000007P    897
0.8058748403575983D0,-0.05631090471870202D0,                     0000007P    898
0.04768262606994728D0,0.8033205619412518D0,                      0000007P    899
-0.05641397467143317D0,0.04820858191059595D0,                    0000007P    900
0.8007662835249035D0,-0.05651704462416439D0,                     0000007P    901
0.04873453775124471D0,0.7982120051085572D0,                      0000007P    902
-0.05662011457689563D0,0.04926049359189335D0,                    0000007P    903
0.7956577266922094D0,-0.05672318452962682D0,                     0000007P    904
0.04978644943254207D0,0.7939548744146447D0,                      0000007P    905
-0.05679189783144761D0,0.05013708665964114D0,                    0000007P    906
0.7931034482758617D0,-0.05682625448235802D0,                     0000007P    907
0.05031240527319072D0,0.862068965517241D0,                       0000007P    908
-0.04924765150993232D0,0.03749366985117114D0,                    0000007P    909
0.8612175393784587D0,-0.04928047318739713D0,                     0000007P    910
0.03767721422970619D0,0.8595146871008934D0,                      0000007P    911
-0.04934611654232668D0,0.03804430298677638D0,                    0000007P    912
0.8569604086845465D0,-0.04944458157472105D0,                     0000007P    913
0.03859493612238166D0,0.8544061302681987D0,                      0000007P    914
-0.04954304660711536D0,0.03914556925798691D0,                    0000007P    915
0.8518518518518516D0,-0.04964151163950969D0,                     0000007P    916
0.03969620239359214D0,0.8492975734355045D0,                      0000007P    917
-0.04973997667190404D0,0.04024683552919751D0,                    0000007P    918
0.8467432950191565D0,-0.04983844170429842D0,                     0000007P    919
0.04079746866480272D0,0.8441890166028102D0,                      0000007P    920
-0.04993690673669277D0,0.04134810180040796D0,                    0000007P    921
0.8416347381864617D0,-0.05003537176908712D0,                     0000007P    922
0.04189873493601326D0,0.8390804597701149D0,                      0000007P    923
-0.05013383680148149D0,0.04244936807161853D0,                    0000007P    924
0.8365261813537676D0,-0.0502323018338758D0,                      0000007P    925
0.04300000120722385D0,0.8339719029374205D0,                      0000007P    926
-0.05033076686627023D0,0.04355063434282911D0,                    0000007P    927
0.8314176245210726D0,-0.05042923189866454D0,                     0000007P    928
0.04410126747843442D0,0.8288633461047257D0,                      0000007P    929
-0.05052769693105889D0,0.04465190061403961D0,                    0000007P    930
0.8263090676883775D0,-0.05062616196345324D0,                     0000007P    931
0.04520253374964493D0,0.8237547892720298D0,                      0000007P    932
-0.05072462699584757D0,0.04575316688525015D0,                    0000007P    933
0.8212005108556832D0,-0.05082309202824199D0,                     0000007P    934
0.04630380002085548D0,0.8186462324393359D0,                      0000007P    935
-0.0509215570606363D0,0.04685443315646071D0,                     0000007P    936
0.8160919540229884D0,-0.05102002209303065D0,                     0000007P    937
0.04740506629206602D0,0.8135376756066413D0,                      0000007P    938
-0.05111848712542497D0,0.04795569942767126D0,                    0000007P    939
0.8109833971902934D0,-0.05121695215781935D0,                     0000007P    940
0.04850633256327655D0,0.8084291187739467D0,                      0000007P    941
-0.05131541719021364D0,0.04905696569888177D0,                    0000007P    942
0.8058748403575994D0,-0.05141388222260802D0,                     0000007P    943
0.04960759883448705D0,0.803320561941251D0,                       0000007P    944
-0.05151234725500232D0,0.05015823197009233D0,                    0000007P    945
0.800766283524905D0,-0.05161081228739675D0,                      0000007P    946
0.05070886510569758D0,0.7982120051085567D0,                      0000007P    947
-0.05170927731979102D0,0.05125949824130289D0,                    0000007P    948
0.7956577266922096D0,-0.05180774235218545D0,                     0000007P    949
0.05181013137690813D0,0.7939548744146441D0,                      0000007P    950
-0.05187338570711494D0,0.05217722013397834D0,                    0000007P    951
0.793103448275862D0,-0.05190620738457978D0,                      0000007P    952
0.05236076451251342D0,0.8620689655172415D0,                      0000007P    953
-0.04441997627611985D0,0.03875595068589502D0,                    0000007P    954
0.8612175393784589D0,-0.04445087341290237D0,                     0000007P    955
0.03894718187387361D0,0.8595146871008941D0,                      0000007P    956
-0.04451266768646731D0,0.0393296442498309D0,                     0000007P    957
0.8569604086845459D0,-0.04460535909681466D0,                     0000007P    958
0.03990333781376669D0,0.8544061302681998D0,                      0000007P    959
-0.04469805050716217D0,0.04047703137770262D0,                    0000007P    960
0.851851851851852D0,-0.04479074191750942D0,                      0000007P    961
0.04105072494163846D0,0.8492975734355044D0,                      0000007P    962
-0.04488343332785692D0,0.04162441850557427D0,                    0000007P    963
0.8467432950191569D0,-0.04497612473820429D0,                     0000007P    964
0.04219811206951019D0,0.8441890166028098D0,                      0000007P    965
-0.04506881614855178D0,0.04277180563344605D0,                    0000007P    966
0.8416347381864633D0,-0.04516150755889912D0,                     0000007P    967
0.04334549919738194D0,0.8390804597701149D0,                      0000007P    968
-0.0452541989692466D0,0.04391919276131779D0,                     0000007P    969
0.8365261813537676D0,-0.04534689037959403D0,                     0000007P    970
0.04449288632525362D0,0.8339719029374203D0,                      0000007P    971
-0.04543958178994145D0,0.04506657988918955D0,                    0000007P    972
0.8314176245210734D0,-0.04553227320028883D0,                     0000007P    973
0.04564027345312534D0,0.8288633461047242D0,                      0000007P    974
-0.04562496461063625D0,0.04621396701706124D0,                    0000007P    975
0.8263090676883784D0,-0.04571765602098369D0,                     0000007P    976
0.04678766058099708D0,0.8237547892720307D0,                      0000007P    977
-0.0458103474313311D0,0.04736135414493294D0,                     0000007P    978
0.8212005108556835D0,-0.0459030388416785D0,                      0000007P    979
0.04793504770886885D0,0.8186462324393359D0,                      0000007P    980
-0.0459957302520259D0,0.04850874127280468D0,                     0000007P    981
0.8160919540229884D0,-0.04608842166237333D0,                     0000007P    982
0.04908243483674055D0,0.8135376756066413D0,                      0000007P    983
-0.04618111307272072D0,0.04965612840067646D0,                    0000007P    984
0.8109833971902942D0,-0.04627380448306814D0,                     0000007P    985
0.05022982196461224D0,0.8084291187739463D0,                      0000007P    986
-0.04636649589341555D0,0.05080351552854821D0,                    0000007P    987
0.8058748403575992D0,-0.04645918730376289D0,                     0000007P    988
0.05137720909248397D0,0.803320561941252D0,                       0000007P    989
-0.04655187871411039D0,0.05195090265641983D0,                    0000007P    990
0.8007662835249044D0,-0.04664457012445777D0,                     0000007P    991
0.0525245962203558D0,0.7982120051085573D0,                       0000007P    992
-0.04673726153480523D0,0.05309828978429152D0,                    0000007P    993
0.7956577266922091D0,-0.0468299529451526D0,                      0000007P    994
0.05367198334822755D0,0.7939548744146447D0,                      0000007P    995
-0.04689174721871759D0,0.05405444572418463D0,                    0000007P    996
0.7931034482758617D0,-0.04692264435550005D0,                     0000007P    997
0.0542456769121633D0,0.8620689655172411D0,                       0000007P    998
-0.03956278571800403D0,0.03989547231227612D0,                    0000007P    999
0.8612175393784584D0,-0.03959137996887272D0,                     0000007P   1000
0.04009378685548989D0,0.8595146871008947D0,                      0000007P   1001
-0.03964856847061028D0,0.04049041594191752D0,                    0000007P   1002
0.8569604086845458D0,-0.03973435122321639D0,                     0000007P   1003
0.0410853595715589D0,0.8544061302681996D0,                       0000007P   1004
-0.03982013397582249D0,0.04168030320120033D0,                    0000007P   1005
0.8518518518518512D0,-0.03990591672842872D0,                     0000007P   1006
0.04227524683084169D0,0.8492975734355046D0,                      0000007P   1007
-0.03999169948103484D0,0.04287019046048316D0,                    0000007P   1008
0.8467432950191568D0,-0.04007748223364103D0,                     0000007P   1009
0.04346513409012457D0,0.8441890166028101D0,                      0000007P   1010
-0.04016326498624722D0,0.04406007771976597D0,                    0000007P   1011
0.8416347381864622D0,-0.04024904773885345D0,                     0000007P   1012
0.04465502134940734D0,0.8390804597701149D0,                      0000007P   1013
-0.04033483049145963D0,0.0452499649790488D0,                     0000007P   1014
0.8365261813537674D0,-0.04042061324406583D0,                     0000007P   1015
0.04584490860869019D0,0.8339719029374206D0,                      0000007P   1016
-0.04050639599667206D0,0.04643985223833164D0,                    0000007P   1017
0.8314176245210719D0,-0.04059217874927815D0,0.047034795867973D0, 0000007P   1018
0.8288633461047257D0,-0.04067796150188435D0,                     0000007P   1019
0.04762973949761441D0,0.826309067688378D0,                       0000007P   1020
-0.04076374425449053D0,0.04822468312725585D0,                    0000007P   1021
0.8237547892720302D0,-0.04084952700709665D0,                     0000007P   1022
0.04881962675689723D0,0.8212005108556839D0,                      0000007P   1023
-0.04093530975970287D0,0.04941457038653867D0,                    0000007P   1024
0.8186462324393355D0,-0.04102109251230903D0,                     0000007P   1025
0.05000951401618011D0,0.8160919540229887D0,                      0000007P   1026
-0.04110687526491524D0,0.0506044576458215D0,                     0000007P   1027
0.8135376756066411D0,-0.04119265801752142D0,                     0000007P   1028
0.05119940127546296D0,0.8109833971902944D0,                      0000007P   1029
-0.04127844077012757D0,0.05179434490510434D0,                    0000007P   1030
0.8084291187739463D0,-0.04136422352273374D0,                     0000007P   1031
0.05238928853474575D0,0.8058748403575995D0,                      0000007P   1032
-0.04145000627533994D0,0.05298423216438716D0,                    0000007P   1033
0.8033205619412517D0,-0.04153578902794612D0,                     0000007P   1034
0.05357917579402859D0,0.8007662835249042D0,                      0000007P   1035
-0.04162157178055229D0,0.05417411942366995D0,                    0000007P   1036
0.7982120051085573D0,-0.04170735453315848D0,                     0000007P   1037
0.05476906305331139D0,0.7956577266922105D0,                      0000007P   1038
-0.04179313728576468D0,0.05536400668295273D0,                    0000007P   1039
0.7939548744146441D0,-0.04185032578750211D0,                     0000007P   1040
0.05576063576938038D0,0.793103448275862D0,                       0000007P   1041
-0.04187892003837083D0,0.05595895031259417D0,                    0000007P   1042
0.8620689655172411D0,-0.03467899691863306D0,                     0000007P   1043
0.04090906962166239D0,0.8612175393784586D0,                      0000007P   1044
-0.03470491794160384D0,0.04111379761366025D0,                    0000007P   1045
0.8595146871008935D0,-0.0347567599875454D0,                      0000007P   1046
0.04152325359765607D0,0.8569604086845463D0,                      0000007P   1047
-0.03483452305645771D0,0.04213743757364968D0,                    0000007P   1048
0.8544061302681997D0,-0.03491228612537008D0,                     0000007P   1049
0.04275162154964347D0,0.8518518518518513D0,                      0000007P   1050
-0.03499004919428237D0,0.04336580552563706D0,                    0000007P   1051
0.8492975734355044D0,-0.03506781226319478D0,                     0000007P   1052
0.04397998950163078D0,0.8467432950191568D0,                      0000007P   1053
-0.03514557533210712D0,0.04459417347762443D0,0.84418901660281D0, 0000007P   1054
-0.0352233384010195D0,0.04520835745361813D0,                     0000007P   1055
0.8416347381864624D0,-0.03530110146993186D0,                     0000007P   1056
0.04582254142961183D0,0.8390804597701149D0,                      0000007P   1057
-0.03537886453884423D0,0.04643672540560544D0,                    0000007P   1058
0.8365261813537673D0,-0.03545662760775659D0,                     0000007P   1059
0.04705090938159919D0,0.8339719029374212D0,                      0000007P   1060
-0.03553439067666895D0,0.04766509335759282D0,                    0000007P   1061
0.8314176245210725D0,-0.03561215374558132D0,                     0000007P   1062
0.0482792773335865D0,0.8288633461047253D0,                       0000007P   1063
-0.03568991681449366D0,0.04889346130958019D0,                    0000007P   1064
0.8263090676883778D0,-0.03576767988340597D0,                     0000007P   1065
0.04950764528557391D0,0.8237547892720307D0,                      0000007P   1066
-0.03584544295231835D0,0.05012182926156754D0,                    0000007P   1067
0.8212005108556835D0,-0.03592320602123068D0,                     0000007P   1068
0.05073601323756128D0,0.8186462324393358D0,                      0000007P   1069
-0.03600096909014301D0,0.05135019721355492D0,                    0000007P   1070
0.816091954022989D0,-0.03607873215905541D0,                      0000007P   1071
0.05196438118954867D0,0.8135376756066408D0,                      0000007P   1072
-0.03615649522796772D0,0.05257856516554232D0,                    0000007P   1073
0.8109833971902938D0,-0.03623425829688013D0,                     0000007P   1074
0.05319274914153602D0,0.8084291187739464D0,                      0000007P   1075
-0.03631202136579248D0,0.05380693311752968D0,                    0000007P   1076
0.8058748403575988D0,-0.03638978443470482D0,                     0000007P   1077
0.05442111709352333D0,0.8033205619412513D0,                      0000007P   1078
-0.03646754750361719D0,0.05503530106951701D0,                    0000007P   1079
0.8007662835249052D0,-0.03654531057252958D0,                     0000007P   1080
0.05564948504551077D0,0.7982120051085568D0,                      0000007P   1081
-0.0366230736414419D0,0.05626366902150434D0,                     0000007P   1082
0.7956577266922089D0,-0.03670083671035425D0,                     0000007P   1083
0.05687785299749808D0,0.7939548744146445D0,                      0000007P   1084
-0.03675267875629583D0,0.05728730898149381D0,                    0000007P   1085
0.7931034482758618D0,-0.03677859977926661D0,                     0000007P   1086
0.05749203697349172D0,0.8620689655172411D0,                      0000007P   1087
-0.02977123008934445D0,0.04179385739115435D0,                    0000007P   1088
0.8612175393784587D0,-0.02979414139893019D0,                     0000007P   1089
0.04200428641365724D0,0.8595146871008938D0,                      0000007P   1090
-0.02983996401810177D0,0.04242514445866293D0,                    0000007P   1091
0.8569604086845464D0,-0.0299086979468591D0,                      0000007P   1092
0.04305643152617169D0,0.8544061302681984D0,                      0000007P   1093
-0.02997743187561649D0,0.04368771859368027D0,                    0000007P   1094
0.8518518518518517D0,-0.03004616580437387D0,                     0000007P   1095
0.04431900566118899D0,0.8492975734355044D0,                      0000007P   1096
-0.03011489973313121D0,0.04495029272869761D0,                    0000007P   1097
0.846743295019157D0,-0.03018363366188859D0,                      0000007P   1098
0.04558157979620625D0,0.8441890166028101D0,                      0000007P   1099
-0.03025236759064595D0,0.04621286686371493D0,                    0000007P   1100
0.8416347381864622D0,-0.03032110151940334D0,                     0000007P   1101
0.04684415393122347D0,0.8390804597701143D0,                      0000007P   1102
-0.03038983544816071D0,0.04747544099873224D0,                    0000007P   1103
0.8365261813537681D0,-0.0304585693769181D0,                      0000007P   1104
0.04810672806624083D0,0.8339719029374194D0,                      0000007P   1105
-0.0305273033056755D0,0.04873801513374956D0,                     0000007P   1106
0.8314176245210734D0,-0.0305960372344328D0,                      0000007P   1107
0.04936930220125817D0,0.8288633461047252D0,                      0000007P   1108
-0.03066477116319018D0,0.05000058926876683D0,                    0000007P   1109
0.8263090676883782D0,-0.03073350509194752D0,                     0000007P   1110
0.05063187633627553D0,0.8237547892720299D0,                      0000007P   1111
-0.03080223902070482D0,0.05126316340378417D0,                    0000007P   1112
0.8212005108556831D0,-0.03087097294946221D0,                     0000007P   1113
0.05189445047129286D0,0.818646232439336D0,                       0000007P   1114
-0.03093970687821955D0,0.05252573753880146D0,                    0000007P   1115
0.8160919540229878D0,-0.03100844080697694D0,                     0000007P   1116
0.05315702460631017D0,0.8135376756066411D0,                      0000007P   1117
-0.0310771747357343D0,0.05378831167381873D0,                     0000007P   1118
0.8109833971902944D0,-0.03114590866449172D0,                     0000007P   1119
0.05441959874132747D0,0.8084291187739462D0,                      0000007P   1120
-0.03121464259324908D0,0.05505088580883608D0,                    0000007P   1121
0.8058748403575997D0,-0.03128337652200647D0,                     0000007P   1122
0.05568217287634472D0,0.8033205619412515D0,                      0000007P   1123
-0.03135211045076382D0,0.05631345994385339D0,                    0000007P   1124
0.8007662835249042D0,-0.03142084437952118D0,                     0000007P   1125
0.05694474701136207D0,0.7982120051085572D0,                      0000007P   1126
-0.03148957830827852D0,0.05757603407887072D0,                    0000007P   1127
0.7956577266922102D0,-0.03155831223703585D0,                     0000007P   1128
0.05820732114637936D0,0.7939548744146439D0,                      0000007P   1129
-0.03160413485620747D0,0.05862817919138515D0,                    0000007P   1130
0.7931034482758618D0,-0.03162704616579327D0,                     0000007P   1131
0.05883860821388798D0,0.8620689655172411D0,                      0000007P   1132
-0.02484229701930468D0,0.04254667749581344D0,                    0000007P   1133
0.861217539378458D0,-0.02486189816408869D0,                      0000007P   1134
0.04276205581260793D0,0.8595146871008941D0,                      0000007P   1135
-0.02490110045365677D0,0.04319281244619703D0,                    0000007P   1136
0.8569604086845457D0,-0.02495990388800888D0,                     0000007P   1137
0.04383894739658054D0,0.8544061302681999D0,                      0000007P   1138
-0.02501870732236107D0,0.04448508234696424D0,                    0000007P   1139
0.8518518518518513D0,-0.02507751075671319D0,                     0000007P   1140
0.04513121729734777D0,0.8492975734355035D0,                      0000007P   1141
-0.02513631419106535D0,0.04577735224773136D0,                    0000007P   1142
0.8467432950191567D0,-0.02519511762541749D0,                     0000007P   1143
0.04642348719811491D0,0.8441890166028094D0,                      0000007P   1144
-0.02525392105976963D0,0.0470696221484985D0,                     0000007P   1145
0.8416347381864621D0,-0.02531272449412179D0,                     0000007P   1146
0.04771575709888209D0,0.8390804597701145D0,                      0000007P   1147
-0.02537152792847397D0,0.04836189204926562D0,                    0000007P   1148
0.8365261813537672D0,-0.02543033136282615D0,                     0000007P   1149
0.04900802699964924D0,0.8339719029374207D0,                      0000007P   1150
-0.02548913479717833D0,0.04965416195003285D0,                    0000007P   1151
0.8314176245210716D0,-0.02554793823153046D0,                     0000007P   1152
0.05030029690041642D0,0.8288633461047261D0,                      0000007P   1153
-0.02560674166588259D0,0.05094643185080001D0,                    0000007P   1154
0.8263090676883773D0,-0.02566554510023469D0,                     0000007P   1155
0.05159256680118358D0,0.8237547892720303D0,                      0000007P   1156
-0.02572434853458678D0,0.05223870175156716D0,                    0000007P   1157
0.8212005108556835D0,-0.02578315196893893D0,                     0000007P   1158
0.05288483670195078D0,0.8186462324393355D0,                      0000007P   1159
-0.02584195540329106D0,0.05353097165233431D0,                    0000007P   1160
0.8160919540229894D0,-0.02590075883764322D0,                     0000007P   1161
0.05417710660271795D0,0.8135376756066408D0,                      0000007P   1162
-0.02595956227199537D0,0.0548232415531015D0,                     0000007P   1163
0.8109833971902938D0,-0.02601836570634752D0,                     0000007P   1164
0.05546937650348507D0,0.8084291187739462D0,                      0000007P   1165
-0.02607716914069969D0,0.05611551145386862D0,                    0000007P   1166
0.8058748403575989D0,-0.02613597257505188D0,                     0000007P   1167
0.05676164640425228D0,0.8033205619412511D0,                      0000007P   1168
-0.02619477600940403D0,0.05740778135463585D0,                    0000007P   1169
0.8007662835249044D0,-0.02625357944375619D0,                     0000007P   1170
0.05805391630501944D0,0.7982120051085572D0,                      0000007P   1171
-0.02631238287810829D0,0.058700051255403D0,0.7956577266922094D0, 0000007P   1172
-0.02637118631246048D0,0.05934618620578654D0,                    0000007P   1173
0.7939548744146443D0,-0.02641038860202859D0,                     0000007P   1174
0.05977694283937562D0,0.7931034482758617D0,                      0000007P   1175
-0.02642998974681264D0,0.05999232115617013D0,                    0000007P   1176
0.8620689655172411D0,-0.01989526505399708D0,                     0000007P   1177
0.04316332789208092D0,0.8612175393784582D0,                      0000007P   1178
-0.01991129211605064D0,0.04338287014809118D0,                    0000007P   1179
0.859514687100895D0,-0.01994334624015777D0,                      0000007P   1180
0.04382195466011164D0,0.8569604086845459D0,                      0000007P   1181
-0.01999142742631852D0,0.04448058142814241D0,                    0000007P   1182
0.8544061302681992D0,-0.02003950861247927D0,                     0000007P   1183
0.04513920819617315D0,0.8518518518518514D0,                      0000007P   1184
-0.02008758979864005D0,0.04579783496420393D0,                    0000007P   1185
0.8492975734355057D0,-0.02013567098480082D0,                     0000007P   1186
0.04645646173223464D0,0.8467432950191561D0,                      0000007P   1187
-0.02018375217096158D0,0.04711508850026538D0,                    0000007P   1188
0.8441890166028099D0,-0.02023183335712238D0,                     0000007P   1189
0.04777371526829614D0,0.8416347381864627D0,                      0000007P   1190
-0.02027991454328314D0,0.04843234203632682D0,                    0000007P   1191
0.8390804597701145D0,-0.02032799572944393D0,                     0000007P   1192
0.04909096880435764D0,0.8365261813537676D0,                      0000007P   1193
-0.02037607691560468D0,0.04974959557238833D0,                    0000007P   1194
0.8339719029374204D0,-0.02042415810176549D0,                     0000007P   1195
0.05040822234041914D0,0.8314176245210737D0,                      0000007P   1196
-0.02047223928792622D0,0.05106684910844987D0,                    0000007P   1197
0.8288633461047249D0,-0.02052032047408697D0,                     0000007P   1198
0.0517254758764806D0,0.8263090676883784D0,                       0000007P   1199
-0.02056840166024774D0,0.05238410264451136D0,                    0000007P   1200
0.8237547892720307D0,-0.02061648284640846D0,                     0000007P   1201
0.05304272941254209D0,0.8212005108556834D0,                      0000007P   1202
-0.02066456403256922D0,0.05370135618057287D0,                    0000007P   1203
0.818646232439336D0,-0.02071264521872994D0,                      0000007P   1204
0.05435998294860361D0,0.8160919540229882D0,                      0000007P   1205
-0.0207607264048907D0,0.05501860971663437D0,                     0000007P   1206
0.8135376756066413D0,-0.02080880759105146D0,                     0000007P   1207
0.05567723648466509D0,0.8109833971902942D0,                      0000007P   1208
-0.02085688877721227D0,0.05633586325269587D0,                    0000007P   1209
0.8084291187739461D0,-0.02090496996337304D0,                     0000007P   1210
0.0569944900207266D0,0.8058748403575992D0,                       0000007P   1211
-0.02095305114953384D0,0.05765311678875731D0,                    0000007P   1212
0.8033205619412518D0,-0.02100113233569462D0,                     0000007P   1213
0.05831174355678807D0,0.8007662835249048D0,                      0000007P   1214
-0.02104921352185539D0,0.05897037032481885D0,                    0000007P   1215
0.7982120051085566D0,-0.02109729470801613D0,                     0000007P   1216
0.05962899709284959D0,0.7956577266922091D0,                      0000007P   1217
-0.02114537589417687D0,0.06028762386088035D0,                    0000007P   1218
0.7939548744146445D0,-0.02117743001828407D0,                     0000007P   1219
0.0607267083729008D0,0.793103448275862D0,-0.02119345708033769D0, 0000007P   1220
0.06094625062891106D0,0.8620689655172411D0,                      0000007P   1221
-0.01493373312738556D0,0.04364246382121235D0,                    0000007P   1222
0.8612175393784585D0,-0.01494596424062071D0,                     0000007P   1223
0.04386533865021851D0,0.8595146871008943D0,                      0000007P   1224
-0.01497042646709107D0,0.04431108830823097D0,                    0000007P   1225
0.8569604086845458D0,-0.01500711980679658D0,                     0000007P   1226
0.04497971279524956D0,0.8544061302682003D0,                      0000007P   1227
-0.01504381314650213D0,0.04564833728226824D0,                    0000007P   1228
0.8518518518518513D0,-0.01508050648620768D0,                     0000007P   1229
0.04631696176928685D0,0.8492975734355044D0,                      0000007P   1230
-0.01511719982591327D0,0.04698558625630546D0,                    0000007P   1231
0.8467432950191569D0,-0.01515389316561885D0,                     0000007P   1232
0.04765421074332409D0,0.8441890166028102D0,                      0000007P   1233
-0.01519058650532443D0,0.04832283523034268D0,                    0000007P   1234
0.8416347381864615D0,-0.01522727984503001D0,                     0000007P   1235
0.04899145971736137D0,0.8390804597701156D0,                      0000007P   1236
-0.01526397318473556D0,0.0496600842043799D0,                     0000007P   1237
0.8365261813537676D0,-0.01530066652444113D0,                     0000007P   1238
0.05032870869139863D0,0.8339719029374205D0,                      0000007P   1239
-0.01533735986414666D0,0.05099733317841722D0,                    0000007P   1240
0.8314176245210725D0,-0.01537405320385223D0,                     0000007P   1241
0.05166595766543583D0,0.8288633461047252D0,                      0000007P   1242
-0.01541074654355779D0,0.05233458215245445D0,                    0000007P   1243
0.8263090676883781D0,-0.01544743988326334D0,                     0000007P   1244
0.05300320663947311D0,0.8237547892720306D0,                      0000007P   1245
-0.0154841332229689D0,0.05367183112649172D0,                     0000007P   1246
0.8212005108556839D0,-0.01552082656267446D0,                     0000007P   1247
0.05434045561351034D0,0.8186462324393355D0,                      0000007P   1248
-0.01555751990238001D0,0.05500908010052896D0,                    0000007P   1249
0.8160919540229886D0,-0.01559421324208556D0,                     0000007P   1250
0.05567770458754764D0,0.8135376756066413D0,                      0000007P   1251
-0.01563090658179111D0,0.0563463290745662D0,                     0000007P   1252
0.8109833971902939D0,-0.01566759992149669D0,                     0000007P   1253
0.0570149535615849D0,0.8084291187739467D0,                       0000007P   1254
-0.01570429326120228D0,0.05768357804860347D0,                    0000007P   1255
0.8058748403575986D0,-0.01574098660090787D0,                     0000007P   1256
0.05835220253562216D0,0.8033205619412513D0,                      0000007P   1257
-0.01577767994061346D0,0.05902082702264073D0,                    0000007P   1258
0.8007662835249036D0,-0.015814373280319D0,0.0596894515096594D0,  0000007P   1259
0.7982120051085576D0,-0.01585106662002456D0,                     0000007P   1260
0.06035807599667804D0,0.7956577266922094D0,                      0000007P   1261
-0.0158877599597301D0,0.0610267004836966D0,0.7939548744146443D0, 0000007P   1262
-0.0159122221862005D0,0.06147245014170902D0,                     0000007P   1263
0.7931034482758617D0,-0.0159244532994357D0,                      0000007P   1264
0.06169532497071523D0,0.8620689655172411D0,                      0000007P   1265
-0.009961524828187749D0,0.04398430699210962D0,                   0000007P   1266
0.8612175393784587D0,-0.009969783720433462D0,                    0000007P   1267
0.04420963075516983D0,0.8595146871008933D0,                      0000007P   1268
-0.009986301504924883D0,0.04466027828129041D0,                   0000007P   1269
0.8569604086845463D0,-0.01001107818166205D0,                     0000007P   1270
0.04533624957047111D0,0.8544061302681987D0,                      0000007P   1271
-0.01003585485839924D0,0.04601222085965195D0,                    0000007P   1272
0.8518518518518519D0,-0.01006063153513643D0,                     0000007P   1273
0.04668819214883276D0,0.8492975734355037D0,                      0000007P   1274
-0.01008540821187367D0,0.0473641634380135D0,0.846743295019157D0, 0000007P   1275
-0.01011018488861088D0,0.04804013472719428D0,                    0000007P   1276
0.844189016602809D0,-0.01013496156534814D0,                      0000007P   1277
0.04871610601637505D0,0.8416347381864628D0,                      0000007P   1278
-0.01015973824208537D0,0.04939207730555576D0,                    0000007P   1279
0.8390804597701149D0,-0.01018451491882261D0,                     0000007P   1280
0.05006804859473658D0,0.8365261813537676D0,                      0000007P   1281
-0.01020929159555982D0,0.05074401988391733D0,                    0000007P   1282
0.8339719029374205D0,-0.01023406827229704D0,                     0000007P   1283
0.05141999117309817D0,0.8314176245210724D0,                      0000007P   1284
-0.01025884494903421D0,0.05209596246227895D0,                    0000007P   1285
0.8288633461047256D0,-0.01028362162577139D0,                     0000007P   1286
0.05277193375145966D0,0.8263090676883778D0,                      0000007P   1287
-0.01030839830250856D0,0.05344790504064047D0,                    0000007P   1288
0.8237547892720303D0,-0.01033317497924574D0,                     0000007P   1289
0.05412387632982118D0,0.8212005108556837D0,                      0000007P   1290
-0.01035795165598295D0,0.05479984761900206D0,                    0000007P   1291
0.8186462324393358D0,-0.01038272833272017D0,                     0000007P   1292
0.05547581890818282D0,0.8160919540229885D0,                      0000007P   1293
-0.01040750500945742D0,0.05615179019736358D0,                    0000007P   1294
0.8135376756066411D0,-0.01043228168619463D0,                     0000007P   1295
0.05682776148654441D0,0.8109833971902943D0,                      0000007P   1296
-0.01045705836293185D0,0.05750373277572515D0,                    0000007P   1297
0.8084291187739459D0,-0.01048183503966905D0,                     0000007P   1298
0.05817970406490591D0,0.8058748403575992D0,                      0000007P   1299
-0.01050661171640625D0,0.05885567535408669D0,                    0000007P   1300
0.803320561941252D0,-0.01053138839314343D0,                      0000007P   1301
0.05953164664326743D0,0.8007662835249044D0,                      0000007P   1302
-0.01055616506988071D0,0.06020761793244819D0,                    0000007P   1303
0.7982120051085572D0,-0.01058094174661793D0,                     0000007P   1304
0.06088358922162897D0,0.7956577266922094D0,                      0000007P   1305
-0.01060571842335518D0,0.0615595605108098D0,                     0000007P   1306
0.7939548744146441D0,-0.01062223620784665D0,                     0000007P   1307
0.06201020803693023D0,0.793103448275862D0,                       0000007P   1308
-0.01063049510009238D0,0.06223553179999049D0,                    0000007P   1309
0.8620689655172411D0,-0.004982396686017181D0,                    0000007P   1310
0.04419332592208701D0,0.8612175393784585D0,                      0000007P   1311
-0.00498656209409535D0,0.04442014699740019D0,                    0000007P   1312
0.859514687100895D0,-0.004994892910251708D0,                     0000007P   1313
0.04487378914802664D0,0.856960408684546D0,                       0000007P   1314
-0.005007389134486261D0,0.0455542523739663D0,                    0000007P   1315
0.8544061302681997D0,-0.005019885358720827D0,                    0000007P   1316
0.04623471559990586D0,0.8518518518518513D0,                      0000007P   1317
-0.005032381582955421D0,0.04691517882584556D0,                   0000007P   1318
0.8492975734355052D0,-0.005044877807189993D0,                    0000007P   1319
0.0475956420517851D0,0.8467432950191573D0,                       0000007P   1320
-0.005057374031424594D0,0.04827610527772473D0,                   0000007P   1321
0.8441890166028104D0,-0.005069870255659172D0,                    0000007P   1322
0.04895656850366437D0,0.8416347381864616D0,                      0000007P   1323
-0.005082366479893755D0,0.04963703172960399D0,                   0000007P   1324
0.8390804597701154D0,-0.005094862704128334D0,                    0000007P   1325
0.0503174949555436D0,0.8365261813537681D0,                       0000007P   1326
-0.005107358928362909D0,0.05099795818148328D0,                   0000007P   1327
0.8339719029374202D0,-0.005119855152597465D0,                    0000007P   1328
0.05167842140742297D0,0.8314176245210727D0,                      0000007P   1329
-0.005132351376832021D0,0.05235888463336254D0,                   0000007P   1330
0.828863346104725D0,-0.005144847601066571D0,                     0000007P   1331
0.05303934785930214D0,0.826309067688379D0,                       0000007P   1332
-0.005157343825301123D0,0.05371981108524182D0,                   0000007P   1333
0.8237547892720304D0,-0.005169840049535677D0,                    0000007P   1334
0.05440027431118141D0,0.821200510855683D0,                       0000007P   1335
-0.005182336273770261D0,0.05508073753712099D0,                   0000007P   1336
0.8186462324393355D0,-0.00519483249800483D0,                     0000007P   1337
0.05576120076306065D0,0.8160919540229894D0,                      0000007P   1338
-0.00520732872223942D0,0.05644166398900033D0,                    0000007P   1339
0.813537675606641D0,-0.005219824946474004D0,                     0000007P   1340
0.05712212721493991D0,0.8109833971902951D0,                      0000007P   1341
-0.005232321170708565D0,0.05780259044087958D0,                   0000007P   1342
0.8084291187739461D0,-0.00524481739494312D0,                     0000007P   1343
0.05848305366681919D0,0.8058748403575994D0,                      0000007P   1344
-0.005257313619177676D0,0.05916351689275874D0,                   0000007P   1345
0.8033205619412511D0,-0.00526980984341225D0,                     0000007P   1346
0.0598439801186984D0,0.8007662835249046D0,                       0000007P   1347
-0.00528230606764684D0,0.06052444334463809D0,                    0000007P   1348
0.7982120051085565D0,-0.005294802291881449D0,                    0000007P   1349
0.06120490657057763D0,0.7956577266922102D0,                      0000007P   1350
-0.005307298516116038D0,0.06188536979651726D0,                   0000007P   1351
0.7939548744146445D0,-0.005315629332272413D0,                    0000007P   1352
0.06233901194714372D0,0.7931034482758617D0,                      0000007P   1353
-0.005319794740350592D0,0.06256583302245687D0,                   0000007P   1354
0.8620689655172411D0,-0.001660771070350764D0,                    0000007P   1355
0.04424632929559477D0,0.8612175393784582D0,                      0000007P   1356
-0.001662161511767082D0,0.04447347160298665D0,                   0000007P   1357
0.8595146871008943D0,-0.001664942394599728D0,                    0000007P   1358
0.04492775621777055D0,0.8569604086845467D0,                      0000007P   1359
-0.001669113718848702D0,0.04560918313994626D0,                   0000007P   1360
0.8544061302681997D0,-0.00167328504309769D0,                     0000007P   1361
0.04629061006212214D0,0.8518518518518514D0,                      0000007P   1362
-0.001677456367346676D0,0.0469720369842978D0,                    0000007P   1363
0.8492975734355039D0,-0.001681627691595674D0,                    0000007P   1364
0.04765346390647363D0,0.8467432950191567D0,                      0000007P   1365
-0.001685799015844664D0,0.04833489082864934D0,                   0000007P   1366
0.8441890166028096D0,-0.001689970340093653D0,                    0000007P   1367
0.04901631775082515D0,0.8416347381864628D0,                      0000007P   1368
-0.00169414166434263D0,0.04969774467300085D0,                    0000007P   1369
0.839080459770115D0,-0.001698312988591596D0,                     0000007P   1370
0.05037917159517666D0,0.8365261813537671D0,                      0000007P   1371
-0.001702484312840555D0,0.05106059851735247D0,                   0000007P   1372
0.8339719029374213D0,-0.00170665563708952D0,                     0000007P   1373
0.05174202543952824D0,0.831417624521072D0,                       0000007P   1374
-0.001710826961338487D0,0.05242345236170402D0,                   0000007P   1375
0.8288633461047255D0,-0.001714998285587464D0,                    0000007P   1376
0.0531048792838798D0,0.8263090676883775D0,                       0000007P   1377
-0.001719169609836445D0,0.05378630620605557D0,                   0000007P   1378
0.8237547892720303D0,-0.001723340934085429D0,                    0000007P   1379
0.05446773312823133D0,0.8212005108556835D0,                      0000007P   1380
-0.001727512258334403D0,0.05514916005040714D0,                   0000007P   1381
0.8186462324393359D0,-0.001731683582583382D0,                    0000007P   1382
0.05583058697258282D0,0.8160919540229884D0,                      0000007P   1383
-0.001735854906832354D0,0.05651201389475866D0,                   0000007P   1384
0.8135376756066413D0,-0.001740026231081325D0,                    0000007P   1385
0.05719344081693437D0,0.8109833971902934D0,                      0000007P   1386
-0.001744197555330305D0,0.0578748677391102D0,                    0000007P   1387
0.8084291187739476D0,-0.001748368879579285D0,                    0000007P   1388
0.05855629466128588D0,0.8058748403575983D0,                      0000007P   1389
-0.001752540203828266D0,0.05923772158346176D0,                   0000007P   1390
0.803320561941252D0,-0.001756711528077246D0,                     0000007P   1391
0.05991914850563744D0,0.800766283524904D0,                       0000007P   1392
-0.001760882852326221D0,0.06060057542781326D0,                   0000007P   1393
0.7982120051085573D0,-0.001765054176575198D0,                    0000007P   1394
0.06128200234998908D0,0.79565772669221D0,                        0000007P   1395
-0.001769225500824175D0,0.06196342927216487D0,                   0000007P   1396
0.7939548744146441D0,-0.001772006383656833D0,                    0000007P   1397
0.06241771388694864D0,0.793103448275862D0,                       0000007P   1398
-0.001773396825073163D0,0.06264485619434057D0,                   0000007P   1399
0.8620689655172411D0,0.0D0,0.04425171890662982D0,                0000007P   1400
0.8612175393784586D0,-8.190568093728099D-22,                     0000007P   1401
0.04447884221405642D0,0.8595146871008937D0,                      0000007P   1402
3.735297493006615D-18,0.04493308882890966D0,                     0000007P   1403
0.8569604086845461D0,1.422074055485935D-17,                      0000007P   1404
0.04561445875118947D0,0.8544061302681992D0,                      0000007P   1405
2.340288632635277D-17,0.04629582867346932D0,                     0000007P   1406
0.8518518518518515D0,2.462539255779959D-17,                      0000007P   1407
0.04697719859574915D0,0.8492975734355042D0,                      0000007P   1408
1.300896208988529D-17,0.04765856851802893D0,                     0000007P   1409
0.8467432950191568D0,-3.978944826479363D-18,                     0000007P   1410
0.04833993844030877D0,0.8441890166028099D0,                      0000007P   1411
-2.022282913031973D-17,0.04902130836258858D0,                    0000007P   1412
0.8416347381864622D0,-2.847452412236983D-17,                     0000007P   1413
0.04970267828486839D0,0.8390804597701149D0,                      0000007P   1414
-2.491275522879108D-17,0.05038404820714824D0,                    0000007P   1415
0.8365261813537676D0,-1.47642701688546D-17,                      0000007P   1416
0.05106541812942808D0,0.8339719029374205D0,                      0000007P   1417
-1.732889361417114D-18,0.05174678805170796D0,                    0000007P   1418
0.8314176245210725D0,9.556024206761696D-18,                      0000007P   1419
0.05242815797398775D0,0.8288633461047252D0,1.70210854393998D-17, 0000007P   1420
0.05310952789626756D0,0.8263090676883781D0,                      0000007P   1421
2.190489387581043D-17,0.05379089781854742D0,                     0000007P   1422
0.8237547892720304D0,2.476902292717957D-17,0.0544722677408272D0, 0000007P   1423
0.8212005108556831D0,2.647764865323637D-17,                      0000007P   1424
0.05515363766310705D0,0.8186462324393361D0,                      0000007P   1425
2.718506609333856D-17,0.05583500758538687D0,                     0000007P   1426
0.8160919540229884D0,2.655071365884015D-17,                      0000007P   1427
0.05651637750766671D0,0.8135376756066415D0,                      0000007P   1428
2.440766656756152D-17,0.05719774742994653D0,                     0000007P   1429
0.8109833971902942D0,2.0313162455605D-17,0.05787911735222637D0,  0000007P   1430
0.8084291187739463D0,1.545921714481536D-17,                      0000007P   1431
0.05856048727450616D0,0.8058748403575993D0,                      0000007P   1432
1.170112656804896D-17,0.05924185719678599D0,                     0000007P   1433
0.8033205619412517D0,1.053772860228881D-17,                      0000007P   1434
0.05992322711906582D0,0.8007662835249043D0,                      0000007P   1435
1.427553737558145D-17,0.06060459704134568D0,                     0000007P   1436
0.7982120051085569D0,1.686423722993738D-17,0.0612859669636255D0, 0000007P   1437
0.7956577266922094D0,1.103851224028919D-17,                      0000007P   1438
0.06196733688590535D0,0.7939548744146442D0,                      0000007P   1439
-3.083392762405496D-18,0.0624215835007585D0,                     0000007P   1440
0.7931034482758619D0,-1.387778780781446D-17,                     0000007P   1441
0.06264870680818513D0,0.0D0,0.0701661329086965D0,0.0D0,          0000007P   1442
0.1393782175914308D0;                                            0000007P   1443
126,1,1,1,0,1,0,0.0D0,0.0D0,0.1385495747497139D0,                0000009P   1444
0.1385495747497139D0,1.0D0,1.0D0,0.07016613290868903D0,          0000009P   1445
0.0008286428417169257D0,0.0D0,0.0701661329086965D0,              0000009P   1446
0.1393782175914308D0,0.0D0,0.0D0,0.1385495747497139D0,0.0D0,     0000009P   1447
0.0D0,1.0D0;                                                     0000009P   1448
126,1,1,1,0,1,0,0.0D0,0.0D0,0.0701661329086965D0,                0000011P   1449
0.0701661329086965D0,1.0D0,1.0D0,0.0701661329086965D0,           0000011P   1450
0.1393782175914308D0,0.0D0,0.0D0,0.1393782175914308D0,0.0D0,     0000011P   1451
0.0D0,0.0701661329086965D0,0.0D0,0.0D0,1.0D0;                    0000011P   1452
126,1,1,1,0,1,0,0.0D0,0.0D0,0.1379825629238159D0,                0000013P   1453
0.1379825629238159D0,1.0D0,1.0D0,0.0D0,0.1393782175914308D0,     0000013P   1454
0.0D0,0.0D0,0.00139565466761486D0,0.0D0,0.0D0,                   0000013P   1455
0.1379825629238159D0,0.0D0,0.0D0,1.0D0;                          0000013P   1456
126,3,3,1,0,1,0,-0.06896447852294886D0,-0.06896447852294886D0,   0000015P   1457
-0.06896447852294886D0,-0.06896447852294886D0,-0.0D0,-0.0D0,     0000015P   1458
-0.0D0,-0.0D0,1.0D0,1.0D0,1.0D0,1.0D0,0.0D0,                     0000015P   1459
0.00139565466761486D0,0.0D0,0.02338829293222761D0,               0000015P   1460
0.001144799055149284D0,0.0D0,0.04677698713131693D0,              0000015P   1461
0.000969877579604013D0,0.0D0,0.07016613290868903D0,              0000015P   1462
0.0008286428417169257D0,0.0D0,-0.06896447852294886D0,-0.0D0,     0000015P   1463
0.0D0,0.0D0,1.0D0;                                               0000015P   1464
102,4,9,11,13,15;                                                0000017P   1465
126,29,3,1,0,1,0,0.0D0,0.0D0,0.0D0,0.0D0,0.004359431415545311D0, 0000019P   1466
0.009552461653079368D0,0.01474549189061342D0,                    0000019P   1467
0.01993852212814748D0,0.02513155236568154D0,                     0000019P   1468
0.0303245826032156D0,0.03551761284074966D0,                      0000019P   1469
0.04071064307828372D0,0.04590367331581777D0,                     0000019P   1470
0.05109670355335184D0,0.05628973379088589D0,                     0000019P   1471
0.06148276402841994D0,0.06667579426595401D0,                     0000019P   1472
0.07186882450348805D0,0.0770618547410221D0,                      0000019P   1473
0.08225488497855615D0,0.08744791521609022D0,                     0000019P   1474
0.09264094545362428D0,0.09783397569115831D0,                     0000019P   1475
0.1030270059286924D0,0.1082200361662264D0,0.1134130664037605D0,  0000019P   1476
0.1186060966412946D0,0.1237991268788286D0,0.1289921571163627D0,  0000019P   1477
0.1341851873538967D0,0.1393782175914308D0,0.1393782175914308D0,  0000019P   1478
0.1393782175914308D0,0.1393782175914308D0,1.0D0,1.0D0,1.0D0,     0000019P   1479
1.0D0,1.0D0,1.0D0,1.0D0,1.0D0,1.0D0,1.0D0,1.0D0,1.0D0,1.0D0,     0000019P   1480
1.0D0,1.0D0,1.0D0,1.0D0,1.0D0,1.0D0,1.0D0,1.0D0,1.0D0,1.0D0,     0000019P   1481
1.0D0,1.0D0,1.0D0,1.0D0,1.0D0,1.0D0,1.0D0,0.7931034482758654D0,  0000019P   1482
-0.1244408222265123D0,0.0006526130158352611D0,                   0000019P   1483
0.7931034482758652D0,-0.1234631753182718D0,                      0000019P   1484
0.001787665998693345D0,0.7931034482758658D0,                     0000019P   1485
-0.1212880423066658D0,0.004245094795247364D0,                    0000019P   1486
0.7931034482758654D0,-0.1178239708012637D0,                      0000019P   1487
0.007937827923983514D0,0.7931034482758658D0,                     0000019P   1488
-0.1140482868534863D0,0.01172362397226828D0,                     0000019P   1489
0.7931034482758654D0,-0.1101632878759189D0,                      0000019P   1490
0.01539365831783751D0,0.7931034482758652D0,                      0000019P   1491
-0.1061751830928917D0,0.01894835639167685D0,                     0000019P   1492
0.7931034482758655D0,-0.1020900424105246D0,                      0000019P   1493
0.02238843018191147D0,0.7931034482758657D0,                      0000019P   1494
-0.09791386204768203D0,0.02571525179071731D0,                    0000019P   1495
0.7931034482758659D0,-0.09365217328887851D0,                     0000019P   1496
0.02892981345957952D0,0.7931034482758657D0,                      0000019P   1497
-0.08931002878690447D0,0.03203279715585916D0,                    0000019P   1498
0.7931034482758659D0,-0.08488920234125094D0,                     0000019P   1499
0.03502078312581437D0,0.7931034482758654D0,                      0000019P   1500
-0.08039201651037209D0,0.03789086595652517D0,                    0000019P   1501
0.7931034482758659D0,-0.07582130822491769D0,                     0000019P   1502
0.04064087635578349D0,0.7931034482758652D0,                      0000019P   1503
-0.07117832446300472D0,0.04326511203278522D0,                    0000019P   1504
0.7931034482758657D0,-0.0664641537229705D0,                      0000019P   1505
0.04575695648890132D0,0.7931034482758658D0,                      0000019P   1506
-0.06167960763737334D0,0.04810857581121223D0,                    0000019P   1507
0.7931034482758654D0,-0.05682625448235788D0,                     0000019P   1508
0.05031240527318997D0,0.7931034482758658D0,                      0000019P   1509
-0.05190620738457964D0,0.05236076451251264D0,                    0000019P   1510
0.7931034482758654D0,-0.04692264435549992D0,                     0000019P   1511
0.05424567691216248D0,0.7931034482758658D0,                      0000019P   1512
-0.04187892003837072D0,0.05595895031259331D0,                    0000019P   1513
0.7931034482758655D0,-0.0367785997792665D0,                      0000019P   1514
0.05749203697349084D0,0.7931034482758655D0,                      0000019P   1515
-0.03162704616579318D0,0.05883860821388708D0,                    0000019P   1516
0.7931034482758654D0,-0.02642998974681256D0,                     0000019P   1517
0.0599923211561692D0,0.7931034482758658D0,                       0000019P   1518
-0.02119345708033762D0,0.06094625062891011D0,                    0000019P   1519
0.7931034482758654D0,-0.01592445329943564D0,                     0000019P   1520
0.06169532497071428D0,0.7931034482758658D0,                      0000019P   1521
-0.01063049510009234D0,0.06223553179998952D0,                    0000019P   1522
0.7931034482758654D0,-0.005319794740350574D0,                    0000019P   1523
0.0625658330224559D0,0.7931034482758658D0,                       0000019P   1524
-0.001773396825073158D0,0.0626448561943396D0,                    0000019P   1525
0.7931034482758657D0,-1.387778780776794D-17,                     0000019P   1526
0.06264870680818416D0,0.0D0,0.1393782175914308D0,1.0D0,0.0D0,    0000019P   1527
0.0D0;                                                           0000019P   1528
126,29,3,1,0,1,0,-0.0701661329086965D0,-0.0701661329086965D0,    0000021P   1529
-0.0701661329086965D0,-0.0701661329086965D0,                     0000021P   1530
-0.06756738724541145D0,-0.06496864158212638D0,                   0000021P   1531
-0.06236989591884133D0,-0.05977115025555628D0,                   0000021P   1532
-0.05717240459227122D0,-0.05457365892898616D0,                   0000021P   1533
-0.05197491326570111D0,-0.04937616760241606D0,                   0000021P   1534
-0.046777421939131D0,-0.04417867627584594D0,                     0000021P   1535
-0.04157993061256089D0,-0.03898118494927583D0,                   0000021P   1536
-0.03638243928599078D0,-0.03378369362270572D0,                   0000021P   1537
-0.03118494795942067D0,-0.02858620229613561D0,                   0000021P   1538
-0.02598745663285056D0,-0.0233887109695655D0,                    0000021P   1539
-0.02078996530628044D0,-0.01819121964299539D0,                   0000021P   1540
-0.01559247397971034D0,-0.01299372831642528D0,                   0000021P   1541
-0.01039498265314022D0,-0.007796236989855168D0,                  0000021P   1542
-0.005197491326570117D0,-0.002598745663285051D0,0.0D0,0.0D0,     0000021P   1543
0.0D0,0.0D0,1.0D0,1.0D0,1.0D0,1.0D0,1.0D0,1.0D0,1.0D0,1.0D0,     0000021P   1544
1.0D0,1.0D0,1.0D0,1.0D0,1.0D0,1.0D0,1.0D0,1.0D0,1.0D0,1.0D0,     0000021P   1545
1.0D0,1.0D0,1.0D0,1.0D0,1.0D0,1.0D0,1.0D0,1.0D0,1.0D0,1.0D0,     0000021P   1546
1.0D0,1.0D0,0.7931034482758619D0,-1.387778780781446D-17,         0000021P   1547
0.06264870680818513D0,0.7939548744146442D0,                      0000021P   1548
-3.083392762405496D-18,0.0624215835007585D0,                     0000021P   1549
0.7956577266922094D0,1.103851224028919D-17,                      0000021P   1550
0.06196733688590535D0,0.7982120051085569D0,                      0000021P   1551
1.686423722993738D-17,0.0612859669636255D0,0.8007662835249043D0, 0000021P   1552
1.427553737558145D-17,0.06060459704134568D0,                     0000021P   1553
0.8033205619412517D0,1.053772860228881D-17,                      0000021P   1554
0.05992322711906582D0,0.8058748403575993D0,                      0000021P   1555
1.170112656804896D-17,0.05924185719678599D0,                     0000021P   1556
0.8084291187739463D0,1.545921714481536D-17,                      0000021P   1557
0.05856048727450616D0,0.8109833971902942D0,2.0313162455605D-17,  0000021P   1558
0.05787911735222637D0,0.8135376756066415D0,                      0000021P   1559
2.440766656756152D-17,0.05719774742994653D0,                     0000021P   1560
0.8160919540229884D0,2.655071365884015D-17,                      0000021P   1561
0.05651637750766671D0,0.8186462324393361D0,                      0000021P   1562
2.718506609333856D-17,0.05583500758538687D0,                     0000021P   1563
0.8212005108556831D0,2.647764865323637D-17,                      0000021P   1564
0.05515363766310705D0,0.8237547892720304D0,                      0000021P   1565
2.476902292717957D-17,0.0544722677408272D0,0.8263090676883781D0, 0000021P   1566
2.190489387581043D-17,0.05379089781854742D0,                     0000021P   1567
0.8288633461047252D0,1.70210854393998D-17,0.05310952789626756D0, 0000021P   1568
0.8314176245210725D0,9.556024206761696D-18,                      0000021P   1569
0.05242815797398775D0,0.8339719029374205D0,                      0000021P   1570
-1.732889361417114D-18,0.05174678805170796D0,                    0000021P   1571
0.8365261813537676D0,-1.47642701688546D-17,                      0000021P   1572
0.05106541812942808D0,0.8390804597701149D0,                      0000021P   1573
-2.491275522879108D-17,0.05038404820714824D0,                    0000021P   1574
0.8416347381864622D0,-2.847452412236983D-17,                     0000021P   1575
0.04970267828486839D0,0.8441890166028099D0,                      0000021P   1576
-2.022282913031973D-17,0.04902130836258858D0,                    0000021P   1577
0.8467432950191568D0,-3.978944826479363D-18,                     0000021P   1578
0.04833993844030877D0,0.8492975734355042D0,                      0000021P   1579
1.300896208988529D-17,0.04765856851802893D0,                     0000021P   1580
0.8518518518518515D0,2.462539255779959D-17,                      0000021P   1581
0.04697719859574915D0,0.8544061302681992D0,                      0000021P   1582
2.340288632635277D-17,0.04629582867346932D0,                     0000021P   1583
0.8569604086845461D0,1.422074055485935D-17,                      0000021P   1584
0.04561445875118947D0,0.8595146871008937D0,                      0000021P   1585
3.735297493006615D-18,0.04493308882890966D0,                     0000021P   1586
0.8612175393784586D0,-8.190568093728099D-22,                     0000021P   1587
0.04447884221405642D0,0.8620689655172411D0,0.0D0,                0000021P   1588
0.04425171890662982D0,-0.0701661329086965D0,0.0D0,0.0D0,1.0D0,   0000021P   1589
0.0D0;                                                           0000021P   1590
126,29,3,1,0,1,0,-0.1393782175914308D0,-0.1393782175914308D0,    0000023P   1591
-0.1393782175914308D0,-0.1393782175914308D0,                     0000023P   1592
-0.1342160613692804D0,-0.1290539051471301D0,                     0000023P   1593
-0.1238917489249798D0,-0.1187295927028294D0,                     0000023P   1594
-0.1135674364806791D0,-0.1084052802585287D0,                     0000023P   1595
-0.1032431240363784D0,-0.09808096781422804D0,                    0000023P   1596
-0.09291881159207771D0,-0.08775665536992736D0,                   0000023P   1597
-0.08259449914777703D0,-0.07743234292562667D0,                   0000023P   1598
-0.07227018670347635D0,-0.06710803048132598D0,                   0000023P   1599
-0.06194587425917564D0,-0.0567837180370253D0,                    0000023P   1600
-0.05162156181487496D0,-0.04645940559272461D0,                   0000023P   1601
-0.04129724937057427D0,-0.03613509314842394D0,                   0000023P   1602
-0.03097293692627359D0,-0.02581078070412324D0,                   0000023P   1603
-0.0206486244819729D0,-0.01548646825982256D0,                    0000023P   1604
-0.01032431203767222D0,-0.005162155815521869D0,                  0000023P   1605
-0.001395654265058138D0,-0.001395654265058138D0,                 0000023P   1606
-0.001395654265058138D0,-0.001395654265058138D0,1.0D0,1.0D0,     0000023P   1607
1.0D0,1.0D0,1.0D0,1.0D0,1.0D0,1.0D0,1.0D0,1.0D0,1.0D0,1.0D0,     0000023P   1608
1.0D0,1.0D0,1.0D0,1.0D0,1.0D0,1.0D0,1.0D0,1.0D0,1.0D0,1.0D0,     0000023P   1609
1.0D0,1.0D0,1.0D0,1.0D0,1.0D0,1.0D0,1.0D0,1.0D0,                 0000023P   1610
0.8620689655172411D0,0.0D0,0.04425171890662982D0,                0000023P   1611
0.8620689655172411D0,-0.001660771070350764D0,                    0000023P   1612
0.04424632929559477D0,0.8620689655172411D0,                      0000023P   1613
-0.004982396686017181D0,0.04419332592208701D0,                   0000023P   1614
0.8620689655172411D0,-0.009961524828187749D0,                    0000023P   1615
0.04398430699210962D0,0.8620689655172411D0,                      0000023P   1616
-0.01493373312738556D0,0.04364246382121235D0,                    0000023P   1617
0.8620689655172411D0,-0.01989526505399708D0,                     0000023P   1618
0.04316332789208092D0,0.8620689655172411D0,                      0000023P   1619
-0.02484229701930468D0,0.04254667749581344D0,                    0000023P   1620
0.8620689655172411D0,-0.02977123008934445D0,                     0000023P   1621
0.04179385739115435D0,0.8620689655172411D0,                      0000023P   1622
-0.03467899691863306D0,0.04090906962166239D0,                    0000023P   1623
0.8620689655172411D0,-0.03956278571800403D0,                     0000023P   1624
0.03989547231227612D0,0.8620689655172415D0,                      0000023P   1625
-0.04441997627611985D0,0.03875595068589502D0,                    0000023P   1626
0.862068965517241D0,-0.04924765150993232D0,                      0000023P   1627
0.03749366985117114D0,0.8620689655172411D0,                      0000023P   1628
-0.05404336575861571D0,0.03611159757567635D0,                    0000023P   1629
0.8620689655172411D0,-0.05880514702255411D0,                     0000023P   1630
0.03461247308182128D0,0.8620689655172411D0,                      0000023P   1631
-0.06353080544136831D0,0.03299958010532077D0,                    0000023P   1632
0.8620689655172413D0,-0.06821837308139407D0,                     0000023P   1633
0.03127626143835077D0,0.8620689655172409D0,                      0000023P   1634
-0.07286606883338159D0,0.02944602960887274D0,                    0000023P   1635
0.8620689655172413D0,-0.07747243726838664D0,                     0000023P   1636
0.02751208545105324D0,0.8620689655172412D0,                      0000023P   1637
-0.08203622843045486D0,0.02547745979724678D0,                    0000023P   1638
0.8620689655172411D0,-0.0865561246519872D0,                      0000023P   1639
0.02334481986829044D0,0.8620689655172413D0,                      0000023P   1640
-0.09103094891502878D0,0.02111697071688532D0,                    0000023P   1641
0.862068965517241D0,-0.09545974236444567D0,                      0000023P   1642
0.01879689714843275D0,0.8620689655172411D0,                      0000023P   1643
-0.09984077247007898D0,0.0163851173163816D0,                     0000023P   1644
0.8620689655172409D0,-0.1041720177092579D0,                      0000023P   1645
0.01388193274083338D0,0.8620689655172413D0,                      0000023P   1646
-0.1084509983290226D0,0.01128731053116916D0,                     0000023P   1647
0.8620689655172412D0,-0.1126757360406231D0,                      0000023P   1648
0.008601926586653657D0,0.8620689655172413D0,                     0000023P   1649
-0.1168444875954541D0,0.005826796041653466D0,                    0000023P   1650
0.8620689655172411D0,-0.1205857621127993D0,                      0000023P   1651
0.003221673029350982D0,0.8620689655172411D0,                     0000023P   1652
-0.1229273993010791D0,0.001527869094977707D0,                    0000023P   1653
0.8620689655172411D0,-0.1239099439082858D0,                      0000023P   1654
0.0008057915889203809D0,-0.1393782175914308D0,                   0000023P   1655
-0.001395654265058138D0,1.0D0,0.0D0,0.0D0;                       0000023P   1656
126,3,3,1,0,1,0,-0.06896447852294886D0,-0.06896447852294886D0,   0000025P   1657
-0.06896447852294886D0,-0.06896447852294886D0,-0.0D0,-0.0D0,     0000025P   1658
-0.0D0,-0.0D0,1.0D0,1.0D0,1.0D0,1.0D0,0.8620689655172412D0,      0000025P   1659
-0.1239099439082858D0,0.0008057915889203811D0,                   0000025P   1660
0.8390808706543794D0,-0.1241550448356562D0,                      0000025P   1661
0.0007587374783445565D0,0.8160923813907871D0,                    0000025P   1662
-0.1243160675827956D0,0.0007057767610965767D0,                   0000025P   1663
0.7931034482758692D0,-0.1244408222265123D0,                      0000025P   1664
0.0006526130158352518D0,-0.06896447852294886D0,-0.0D0,           0000025P   1665
-0.005426646211101917D0,0.9999852756470465D0,0.0D0;              0000025P   1666
102,4,19,21,23,25;                                               0000027P   1667
142,0,7,17,27,1;                                                 0000029P   1668
144,7,1,0,29;                                                    0000031P   1669
128,9,19,3,3,0,0,1,0,0,0.0D0,0.0D0,0.0D0,0.0D0,                  0000033P   1670
0.01007044581566734D0,0.02014089163133468D0,                     0000033P   1671
0.03021133744700202D0,0.04028178326266937D0,                     0000033P   1672
0.05035222907833671D0,0.06042267489400405D0,                     0000033P   1673
0.0704931207096714D0,0.0704931207096714D0,0.0704931207096714D0,  0000033P   1674
0.0704931207096714D0,0.0D0,0.0D0,0.0D0,0.0D0,                    0000033P   1675
0.007725930635359851D0,0.0154518612707197D0,                     0000033P   1676
0.02317779190607955D0,0.03090372254143941D0,                     0000033P   1677
0.03862965317679926D0,0.04635558381215911D0,                     0000033P   1678
0.05408151444751896D0,0.06180744508287881D0,                     0000033P   1679
0.06953337571823867D0,0.07725930635359851D0,                     0000033P   1680
0.08498523698895837D0,0.09271116762431822D0,                     0000033P   1681
0.1004370982596781D0,0.1081630288950379D0,0.1158889595303978D0,  0000033P   1682
0.1236148901657576D0,0.1313408208011175D0,0.1313408208011175D0,  0000033P   1683
0.1313408208011175D0,0.1313408208011175D0,1.0D0,1.0D0,1.0D0,     0000033P   1684
1.0D0,1.0D0,1.0D0,1.0D0,1.0D0,1.0D0,1.0D0,1.0D0,1.0D0,1.0D0,     0000033P   1685
1.0D0,1.0D0,1.0D0,1.0D0,1.0D0,1.0D0,1.0D0,1.0D0,1.0D0,1.0D0,     0000033P   1686
1.0D0,1.0D0,1.0D0,1.0D0,1.0D0,1.0D0,1.0D0,1.0D0,1.0D0,1.0D0,     0000033P   1687
1.0D0,1.0D0,1.0D0,1.0D0,1.0D0,1.0D0,1.0D0,1.0D0,1.0D0,1.0D0,     0000033P   1688
1.0D0,1.0D0,1.0D0,1.0D0,1.0D0,1.0D0,1.0D0,1.0D0,1.0D0,1.0D0,     0000033P   1689
1.0D0,1.0D0,1.0D0,1.0D0,1.0D0,1.0D0,1.0D0,1.0D0,1.0D0,1.0D0,     0000033P   1690
1.0D0,1.0D0,1.0D0,1.0D0,1.0D0,1.0D0,1.0D0,1.0D0,1.0D0,1.0D0,     0000033P   1691
1.0D0,1.0D0,1.0D0,1.0D0,1.0D0,1.0D0,1.0D0,1.0D0,1.0D0,1.0D0,     0000033P   1692
1.0D0,1.0D0,1.0D0,1.0D0,1.0D0,1.0D0,1.0D0,1.0D0,1.0D0,1.0D0,     0000033P   1693
1.0D0,1.0D0,1.0D0,1.0D0,1.0D0,1.0D0,1.0D0,1.0D0,1.0D0,1.0D0,     0000033P   1694
1.0D0,1.0D0,1.0D0,1.0D0,1.0D0,1.0D0,1.0D0,1.0D0,1.0D0,1.0D0,     0000033P   1695
1.0D0,1.0D0,1.0D0,1.0D0,1.0D0,1.0D0,1.0D0,1.0D0,1.0D0,1.0D0,     0000033P   1696
1.0D0,1.0D0,1.0D0,1.0D0,1.0D0,1.0D0,1.0D0,1.0D0,1.0D0,1.0D0,     0000033P   1697
1.0D0,1.0D0,1.0D0,1.0D0,1.0D0,1.0D0,1.0D0,1.0D0,1.0D0,1.0D0,     0000033P   1698
1.0D0,1.0D0,1.0D0,1.0D0,1.0D0,1.0D0,1.0D0,1.0D0,1.0D0,1.0D0,     0000033P   1699
1.0D0,1.0D0,1.0D0,1.0D0,1.0D0,1.0D0,1.0D0,1.0D0,1.0D0,1.0D0,     0000033P   1700
1.0D0,1.0D0,1.0D0,1.0D0,1.0D0,1.0D0,1.0D0,1.0D0,1.0D0,1.0D0,     0000033P   1701
1.0D0,1.0D0,1.0D0,1.0D0,1.0D0,1.0D0,1.0D0,1.0D0,1.0D0,1.0D0,     0000033P   1702
1.0D0,1.0D0,1.0D0,1.0D0,1.0D0,1.0D0,1.0D0,1.0D0,1.0D0,1.0D0,     0000033P   1703
1.0D0,1.0D0,1.0D0,1.0D0,1.0D0,1.0D0,1.0D0,0.9310344827586204D0,  0000033P   1704
-0.125D0,6.198653991844506D-17,0.9277504105090311D0,-0.125D0,    0000033P   1705
6.196369904124158D-17,0.9211822660098519D0,-0.125D0,             0000033P   1706
6.191801728683461D-17,0.9113300492610835D0,-0.125D0,             0000033P   1707
6.184949465522416D-17,0.9014778325123151D0,-0.125D0,             0000033P   1708
6.178097202361372D-17,0.8916256157635466D0,-0.125D0,             0000033P   1709
6.171244939200327D-17,0.8817733990147781D0,-0.125D0,             0000033P   1710
6.164392676039283D-17,0.8719211822660096D0,-0.125D0,             0000033P   1711
6.157540412878238D-17,0.8653530377668307D0,-0.125D0,             0000033P   1712
6.152972237437542D-17,0.8620689655172411D0,-0.125D0,             0000033P   1713
6.150688149717193D-17,0.9310344827586204D0,                      0000033P   1714
-0.1226383925111615D0,0.0008865764652558665D0,                   0000033P   1715
0.9277504105090311D0,-0.1226491907090213D0,                      0000033P   1716
0.0009199433579366544D0,0.9211822660098518D0,                    0000033P   1717
-0.1226707871047411D0,0.0009866771432982238D0,                   0000033P   1718
0.9113300492610836D0,-0.1227031816983207D0,                      0000033P   1719
0.001086777821340585D0,0.9014778325123149D0,                     0000033P   1720
-0.1227355762919003D0,0.001186878499382948D0,                    0000033P   1721
0.8916256157635465D0,-0.1227679708854799D0,                      0000033P   1722
0.001286979177425298D0,0.8817733990147781D0,                     0000033P   1723
-0.1228003654790595D0,0.001387079855467664D0,                    0000033P   1724
0.8719211822660093D0,-0.1228327600726391D0,                      0000033P   1725
0.001487180533510025D0,0.8653530377668307D0,                     0000033P   1726
-0.1228543564683589D0,0.001553914318871591D0,                    0000033P   1727
0.8620689655172411D0,-0.1228651546662188D0,                      0000033P   1728
0.001587281211552381D0,0.9310344827586204D0,                     0000033P   1729
-0.1179024146575879D0,0.002618119865772513D0,                    0000033P   1730
0.9277504105090311D0,-0.1179330493999937D0,                      0000033P   1731
0.002716778536117209D0,0.9211822660098519D0,                     0000033P   1732
-0.1179943188848054D0,0.002914095876806614D0,                    0000033P   1733
0.9113300492610834D0,-0.1180862231120228D0,                      0000033P   1734
0.003210071887840699D0,0.9014778325123149D0,                     0000033P   1735
-0.1181781273392402D0,0.003506047898874799D0,                    0000033P   1736
0.8916256157635466D0,-0.1182700315664576D0,                      0000033P   1737
0.003802023909908887D0,0.881773399014778D0,-0.118361935793675D0, 0000033P   1738
0.004097999920942988D0,0.8719211822660096D0,                     0000033P   1739
-0.1184538400208924D0,0.004393975931977081D0,                    0000033P   1740
0.8653530377668308D0,-0.118515109505704D0,                       0000033P   1741
0.004591293272666473D0,0.862068965517241D0,                      0000033P   1742
-0.1185457442481098D0,0.004689951943011176D0,                    0000033P   1743
0.9310344827586204D0,-0.1107582838167139D0,                      0000033P   1744
0.005080601399434865D0,0.927750410509031D0,                      0000033P   1745
-0.1108137133208466D0,0.005273064066530207D0,                    0000033P   1746
0.9211822660098519D0,-0.1109245723291121D0,                      0000033P   1747
0.00565798940072089D0,0.9113300492610835D0,                      0000033P   1748
-0.1110908608415103D0,0.006235377402006889D0,                    0000033P   1749
0.9014778325123148D0,-0.1112571493539085D0,                      0000033P   1750
0.00681276540329292D0,0.8916256157635465D0,                      0000033P   1751
-0.1114234378663067D0,0.00739015340457892D0,0.881773399014778D0, 0000033P   1752
-0.1115897263787049D0,0.007967541405864928D0,                    0000033P   1753
0.8719211822660096D0,-0.111756014891103D0,                       0000033P   1754
0.008544929407150971D0,0.8653530377668304D0,                     0000033P   1755
-0.1118668738993685D0,0.008929854741341605D0,                    0000033P   1756
0.8620689655172411D0,-0.1119223034035013D0,                      0000033P   1757
0.009122317408436957D0,0.9310344827586204D0,                     0000033P   1758
-0.1035718746055393D0,0.007396168884941466D0,                    0000033P   1759
0.9277504105090308D0,-0.1036474620636305D0,                      0000033P   1760
0.007678533776563632D0,0.921182266009852D0,-0.103798636979813D0, 0000033P   1761
0.008243263559807989D0,0.9113300492610834D0,                     0000033P   1762
-0.1040253993540867D0,0.009090358234674462D0,                    0000033P   1763
0.9014778325123151D0,-0.1042521617283604D0,                      0000033P   1764
0.009937452909540977D0,0.8916256157635465D0,                     0000033P   1765
-0.104478924102634D0,0.01078454758440749D0,0.881773399014778D0,  0000033P   1766
-0.1047056864769077D0,0.01163164225927398D0,                     0000033P   1767
0.8719211822660096D0,-0.1049324488511814D0,                      0000033P   1768
0.01247873693414049D0,0.8653530377668307D0,                      0000033P   1769
-0.1050836237673638D0,0.01304346671738481D0,                     0000033P   1770
0.8620689655172411D0,-0.105159211225455D0,0.01332583160900699D0, 0000033P   1771
0.9310344827586204D0,-0.0963446870855513D0,                      0000033P   1772
0.009560878988028277D0,0.927750410509031D0,                      0000033P   1773
-0.09643609235370558D0,0.009929268883621584D0,                   0000033P   1774
0.9211822660098519D0,-0.09661890289001432D0,                     0000033P   1775
0.01066604867480826D0,0.9113300492610835D0,                      0000033P   1776
-0.09689311869447736D0,0.01177121836158818D0,                    0000033P   1777
0.9014778325123149D0,-0.09716733449894044D0,                     0000033P   1778
0.01287638804836816D0,0.8916256157635465D0,                      0000033P   1779
-0.09744155030340343D0,0.01398155773514811D0,                    0000033P   1780
0.881773399014778D0,-0.09771576610786652D0,                      0000033P   1781
0.01508672742192807D0,0.8719211822660096D0,                      0000033P   1782
-0.09798998191232955D0,0.01619189710870805D0,                    0000033P   1783
0.8653530377668306D0,-0.09817279244863827D0,                     0000033P   1784
0.01692867689989463D0,0.8620689655172411D0,                      0000033P   1785
-0.0982641977167926D0,0.01729706679548798D0,                     0000033P   1786
0.9310344827586204D0,-0.08908037814284556D0,                     0000033P   1787
0.01157702004053481D0,0.927750410509031D0,-0.0891835474480351D0, 0000033P   1788
0.01202744964305437D0,0.9211822660098518D0,                      0000033P   1789
-0.08938988605841439D0,0.01292830884809346D0,                    0000033P   1790
0.9113300492610835D0,-0.08969939397398324D0,                     0000033P   1791
0.01427959765565209D0,0.9014778325123148D0,                      0000033P   1792
-0.09000890188955216D0,0.01563088646321075D0,                    0000033P   1793
0.8916256157635465D0,-0.09031840980512099D0,                     0000033P   1794
0.01698217527076938D0,0.881773399014778D0,-0.0906279177206898D0, 0000033P   1795
0.01833346407832804D0,0.8719211822660095D0,                      0000033P   1796
-0.09093742563625876D0,0.01968475288588666D0,                    0000033P   1797
0.8653530377668304D0,-0.09114376424663795D0,                     0000033P   1798
0.02058561209092575D0,0.8620689655172411D0,                      0000033P   1799
-0.09124693355182759D0,0.0210360416934453D0,                     0000033P   1800
0.9310344827586204D0,-0.08178172593980164D0,                     0000033P   1801
0.01344496336632608D0,0.9277504105090311D0,                      0000033P   1802
-0.08189287116612783D0,0.01397333839399036D0,                    0000033P   1803
0.9211822660098518D0,-0.08211516161878003D0,                     0000033P   1804
0.01503008844931897D0,0.9113300492610835D0,                      0000033P   1805
-0.08244859729775862D0,0.01661521353231181D0,                    0000033P   1806
0.9014778325123149D0,-0.08278203297673711D0,                     0000033P   1807
0.0182003386153047D0,0.8916256157635465D0,                       0000033P   1808
-0.08311546865571555D0,0.01978546369829754D0,                    0000033P   1809
0.8817733990147779D0,-0.08344890433469411D0,                     0000033P   1810
0.02137058878129042D0,0.8719211822660095D0,                      0000033P   1811
-0.08378234001367259D0,0.02295571386428331D0,                    0000033P   1812
0.8653530377668307D0,-0.08400463046632495D0,                     0000033P   1813
0.02401246391961186D0,0.8620689655172411D0,                      0000033P   1814
-0.08411577569265112D0,0.02454083894727615D0,                    0000033P   1815
0.9310344827586204D0,-0.07445087982870395D0,                     0000033P   1816
0.01516128318154187D0,0.927750410509031D0,                       0000033P   1817
-0.07456631382915622D0,0.01576313039863092D0,                    0000033P   1818
0.9211822660098519D0,-0.07479718183006077D0,                     0000033P   1819
0.01696682483280904D0,0.9113300492610835D0,                      0000033P   1820
-0.07514348383141771D0,0.01877236648407619D0,                    0000033P   1821
0.9014778325123151D0,-0.07548978583277463D0,                     0000033P   1822
0.0205779081353434D0,0.8916256157635464D0,                       0000033P   1823
-0.07583608783413151D0,0.02238344978661049D0,                    0000033P   1824
0.8817733990147779D0,-0.07618238983548839D0,                     0000033P   1825
0.02418899143787772D0,0.8719211822660096D0,                      0000033P   1826
-0.0765286918368453D0,0.02599453308914483D0,                     0000033P   1827
0.8653530377668305D0,-0.07675955983774994D0,                     0000033P   1828
0.02719822752332296D0,0.8620689655172411D0,                      0000033P   1829
-0.07687499383820222D0,0.02780007474041201D0,                    0000033P   1830
0.9310344827586203D0,-0.06709060115772864D0,                     0000033P   1831
0.01672260700671441D0,0.9277504105090308D0,                      0000033P   1832
-0.06720674462780084D0,0.01739311203831853D0,                    0000033P   1833
0.9211822660098519D0,-0.06743903156794494D0,                     0000033P   1834
0.01873412210152685D0,0.9113300492610835D0,                      0000033P   1835
-0.06778746197816146D0,0.02074563719633922D0,                    0000033P   1836
0.9014778325123148D0,-0.06813589238837786D0,                     0000033P   1837
0.02275715229115165D0,0.8916256157635465D0,                      0000033P   1838
-0.06848432279859422D0,0.02476866738596406D0,                    0000033P   1839
0.8817733990147779D0,-0.06883275320881069D0,                     0000033P   1840
0.02678018248077642D0,0.8719211822660093D0,                      0000033P   1841
-0.06918118361902707D0,0.0287916975755889D0,                     0000033P   1842
0.8653530377668308D0,-0.06941347055917133D0,                     0000033P   1843
0.0301327076387971D0,0.862068965517241D0,-0.06952961402924354D0, 0000033P   1844
0.03080321267040127D0,0.9310344827586204D0,                      0000033P   1845
-0.05970341316649522D0,0.01812622082503354D0,                    0000033P   1846
0.927750410509031D0,-0.05981684489851172D0,                      0000033P   1847
0.01886011036796126D0,0.9211822660098519D0,                      0000033P   1848
-0.06004370836254468D0,0.02032788945381664D0,                    0000033P   1849
0.9113300492610834D0,-0.0603840035585945D0,                      0000033P   1850
0.02252955808259972D0,0.9014778325123149D0,                      0000033P   1851
-0.06072429875464411D0,0.02473122671138288D0,                    0000033P   1852
0.8916256157635465D0,-0.06106459395069375D0,                     0000033P   1853
0.02693289534016591D0,0.881773399014778D0,                       0000033P   1854
-0.06140488914674337D0,0.02913456396894903D0,                    0000033P   1855
0.8719211822660093D0,-0.06174518434279307D0,                     0000033P   1856
0.03133623259773214D0,0.8653530377668307D0,                      0000033P   1857
-0.06197204780682616D0,0.03280401168358751D0,                    0000033P   1858
0.8620689655172411D0,-0.06208547953884272D0,                     0000033P   1859
0.03353790122651523D0,0.9310344827586204D0,                      0000033P   1860
-0.05229217511788503D0,0.01936939282703426D0,                    0000033P   1861
0.927750410509031D0,-0.05239964234502677D0,                      0000033P   1862
0.02016089332373498D0,0.9211822660098519D0,                      0000033P   1863
-0.05261457679930986D0,0.02174389431713644D0,                    0000033P   1864
0.9113300492610834D0,-0.05293697848073489D0,                     0000033P   1865
0.02411839580723856D0,0.9014778325123148D0,                      0000033P   1866
-0.05325938016215975D0,0.02649289729734074D0,                    0000033P   1867
0.8916256157635466D0,-0.05358178184358467D0,                     0000033P   1868
0.02886739878744289D0,0.8817733990147781D0,                      0000033P   1869
-0.05390418352500959D0,0.03124190027754504D0,                    0000033P   1870
0.8719211822660093D0,-0.05422658520643456D0,                     0000033P   1871
0.03361640176764722D0,0.8653530377668308D0,                      0000033P   1872
-0.05444151966071781D0,0.03519940276104854D0,                    0000033P   1873
0.862068965517241D0,-0.05454898688785947D0,                      0000033P   1874
0.03599090325774935D0,0.9310344827586204D0,                      0000033P   1875
-0.04486010704368439D0,0.02044997567654756D0,                    0000033P   1876
0.927750410509031D0,-0.04495855862667708D0,0.0212928098378739D0, 0000033P   1877
0.9211822660098519D0,-0.04515546179266272D0,                     0000033P   1878
0.02297847816052667D0,0.9113300492610834D0,                      0000033P   1879
-0.04545081654164111D0,0.02550698064450563D0,                    0000033P   1880
0.9014778325123148D0,-0.04574617129061939D0,                     0000033P   1881
0.0280354831284848D0,0.8916256157635466D0,                       0000033P   1882
-0.04604152603959792D0,0.03056398561246381D0,                    0000033P   1883
0.881773399014778D0,-0.04633688078857626D0,                      0000033P   1884
0.03309248809644288D0,0.8719211822660096D0,                      0000033P   1885
-0.0466322355375545D0,0.03562099058042188D0,                     0000033P   1886
0.8653530377668305D0,-0.0468291387035402D0,                      0000033P   1887
0.03730665890307468D0,0.8620689655172411D0,                      0000033P   1888
-0.04692759028653297D0,0.038149493064401D0,0.9310344827586203D0, 0000033P   1889
-0.03741015053199558D0,0.02136767377236239D0,                    0000033P   1890
0.9277504105090308D0,-0.03749684593702447D0,                     0000033P   1891
0.02225503659102769D0,0.9211822660098519D0,                      0000033P   1892
-0.03767023674708228D0,0.0240297622283584D0,                     0000033P   1893
0.9113300492610834D0,-0.03793032296216906D0,                     0000033P   1894
0.02669185068435431D0,0.9014778325123149D0,                      0000033P   1895
-0.03819040917725576D0,0.02935393914035026D0,                    0000033P   1896
0.8916256157635465D0,-0.0384504953923426D0,                      0000033P   1897
0.03201602759634623D0,0.8817733990147781D0,                      0000033P   1898
-0.03871058160742928D0,0.03467811605234222D0,                    0000033P   1899
0.8719211822660095D0,-0.03897066782251614D0,                     0000033P   1900
0.0373402045083381D0,0.8653530377668306D0,                       0000033P   1901
-0.03914405863257397D0,0.03911493014566877D0,                    0000033P   1902
0.862068965517241D0,-0.03923075403760284D0,                      0000033P   1903
0.04000229296433412D0,0.9310344827586204D0,                      0000033P   1904
-0.02994591202083724D0,0.02212200597785605D0,                    0000033P   1905
0.927750410509031D0,-0.03001839212022631D0,                      0000033P   1906
0.02304655238430362D0,0.9211822660098519D0,                      0000033P   1907
-0.03016335231900458D0,0.0248956451971988D0,                     0000033P   1908
0.9113300492610834D0,-0.03038079261717218D0,                     0000033P   1909
0.02766928441654144D0,0.9014778325123148D0,                      0000033P   1910
-0.0305982329153395D0,0.0304429236358842D0,0.8916256157635465D0, 0000033P   1911
-0.03081567321350706D0,0.03321656285522687D0,                    0000033P   1912
0.881773399014778D0,-0.03103311351167444D0,                      0000033P   1913
0.03599020207456958D0,0.8719211822660095D0,                      0000033P   1914
-0.03125055380984194D0,0.03876384129391228D0,                    0000033P   1915
0.8653530377668305D0,-0.03139551400862028D0,                     0000033P   1916
0.04061293410680738D0,0.8620689655172411D0,                      0000033P   1917
-0.03146799410800942D0,0.04153748051325496D0,                    0000033P   1918
0.9310344827586203D0,-0.02246973187266597D0,                     0000033P   1919
0.02270997132762487D0,0.9277504105090308D0,                      0000033P   1920
-0.02252596831578735D0,0.02366393994588955D0,                    0000033P   1921
0.9211822660098518D0,-0.02263844120203007D0,                     0000033P   1922
0.0255718771824188D0,0.9113300492610834D0,                       0000033P   1923
-0.02280715053139457D0,0.02843378303721268D0,                    0000033P   1924
0.9014778325123149D0,-0.02297585986075869D0,                     0000033P   1925
0.03129568889200655D0,0.8916256157635464D0,                      0000033P   1926
-0.02314456919012309D0,0.03415759474680048D0,                    0000033P   1927
0.8817733990147779D0,-0.02331327851948727D0,                     0000033P   1928
0.03701950060159435D0,0.8719211822660093D0,                      0000033P   1929
-0.02348198784885171D0,0.03988140645638826D0,                    0000033P   1930
0.8653530377668306D0,-0.02359446073509444D0,                     0000033P   1931
0.04178934369291746D0,0.862068965517241D0,-0.0236506971782159D0, 0000033P   1932
0.04274331231118211D0,0.9310344827586204D0,                      0000033P   1933
-0.01498433423701578D0,0.02312630359435042D0,                    0000033P   1934
0.927750410509031D0,-0.01502273752785133D0,                      0000033P   1935
0.02410146779656746D0,0.9211822660098519D0,                      0000033P   1936
-0.01509954410952258D0,0.02605179620100153D0,                    0000033P   1937
0.9113300492610834D0,-0.01521475398202984D0,                     0000033P   1938
0.02897728880765262D0,0.9014778325123151D0,                      0000033P   1939
-0.01532996385453669D0,0.03190278141430374D0,                    0000033P   1940
0.8916256157635465D0,-0.01544517372704342D0,                     0000033P   1941
0.03482827402095483D0,0.881773399014778D0,-0.0155603835995507D0, 0000033P   1942
0.0377537666276059D0,0.8719211822660093D0,                       0000033P   1943
-0.01567559347205741D0,0.04067925923425703D0,                    0000033P   1944
0.8653530377668307D0,-0.01575240005372903D0,                     0000033P   1945
0.04262958763869103D0,0.8620689655172411D0,                      0000033P   1946
-0.01579080334456451D0,0.04360475184090806D0,                    0000033P   1947
0.9310344827586204D0,-0.007493438565526409D0,                    0000033P   1948
0.02337332949003805D0,0.927750410509031D0,                       0000033P   1949
-0.007512908578425459D0,0.02436125751409651D0,                   0000033P   1950
0.9211822660098518D0,-0.007551848604222783D0,                    0000033P   1951
0.02633711356221346D0,0.9113300492610835D0,                      0000033P   1952
-0.007610258642919726D0,0.02930089763438882D0,                   0000033P   1953
0.9014778325123147D0,-0.007668668681616309D0,                    0000033P   1954
0.03226468170656418D0,0.8916256157635467D0,                      0000033P   1955
-0.007727078720313141D0,0.03522846577873955D0,                   0000033P   1956
0.881773399014778D0,-0.007785488759009807D0,                     0000033P   1957
0.03819224985091486D0,0.8719211822660093D0,                      0000033P   1958
-0.007843898797706292D0,0.04115603392309033D0,                   0000033P   1959
0.8653530377668306D0,-0.007882838823504337D0,                    0000033P   1960
0.04313188997120717D0,0.862068965517241D0,                       0000033P   1961
-0.007902308836403166D0,0.04411981799526567D0,                   0000033P   1962
0.9310344827586204D0,-0.002497879781967985D0,                    0000033P   1963
0.02343362418986947D0,0.9277504105090308D0,                      0000033P   1964
-0.002504369279220015D0,0.02442455148811715D0,                   0000033P   1965
0.921182266009852D0,-0.00251734827372424D0,0.0264064060846126D0, 0000033P   1966
0.9113300492610834D0,-0.002536816765480815D0,                    0000033P   1967
0.0293791879793556D0,0.9014778325123149D0,                       0000033P   1968
-0.002556285257237112D0,0.03235196987409874D0,                   0000033P   1969
0.8916256157635465D0,-0.002575753748993354D0,                    0000033P   1970
0.03532475176884182D0,0.8817733990147781D0,                      0000033P   1971
-0.00259522224074997D0,0.03829753366358487D0,                    0000033P   1972
0.8719211822660092D0,-0.002614690732506003D0,                    0000033P   1973
0.04127031555832799D0,0.8653530377668308D0,                      0000033P   1974
-0.00262766972701059D0,0.04325217015482329D0,                    0000033P   1975
0.8620689655172411D0,-0.002634159224262578D0,                    0000033P   1976
0.04424309745307105D0,0.9310344827586204D0,                      0000033P   1977
1.387778780781446D-17,0.02343939678854662D0,0.927750410509031D0, 0000033P   1978
8.326672684688674D-17,0.02443045974655059D0,                     0000033P   1979
0.9211822660098519D0,1.665334536937735D-16,                      0000033P   1980
0.02641258566255854D0,0.9113300492610836D0,                      0000033P   1981
5.551115123125783D-17,0.02938577453657039D0,                     0000033P   1982
0.9014778325123149D0,1.387778780781446D-17,                      0000033P   1983
0.03235896341058232D0,0.8916256157635465D0,                      0000033P   1984
1.387778780781446D-16,0.03533215228459418D0,0.881773399014778D0, 0000033P   1985
5.551115123125783D-17,0.03830534115860604D0,                     0000033P   1986
0.8719211822660093D0,1.387778780781446D-16,                      0000033P   1987
0.04127853003261799D0,0.8653530377668307D0,                      0000033P   1988
-1.387778780781446D-17,0.04326065594862582D0,                    0000033P   1989
0.8620689655172411D0,2.775557561562891D-17,                      0000033P   1990
0.04425171890662984D0,0.0D0,0.0704931207096714D0,0.0D0,          0000033P   1991
0.1313408208011175D0;                                            0000033P   1992
126,3,3,1,0,1,0,0.0D0,0.0D0,0.0D0,0.0D0,0.06897109658769807D0,   0000035P   1993
0.06897109658769807D0,0.06897109658769807D0,                     0000035P   1994
0.06897109658769807D0,1.0D0,1.0D0,1.0D0,1.0D0,0.0D0,             0000035P   1995
0.002748746641155434D0,0.0D0,0.02348969818478171D0,              0000035P   1996
0.001941924034446234D0,0.0D0,0.0469923760117939D0,               0000035P   1997
0.001605950543321136D0,0.0D0,0.0704931207096714D0,               0000035P   1998
0.001312441044162054D0,0.0D0,0.0D0,0.06897109658769807D0,0.0D0,  0000035P   1999
0.0D0,1.0D0;                                                     0000035P   2000
126,1,1,1,0,1,0,0.001312441044162062D0,0.001312441044162062D0,   0000037P   2001
0.1313408208011175D0,0.1313408208011175D0,1.0D0,1.0D0,           0000037P   2002
0.0704931207096714D0,0.001312441044162054D0,0.0D0,               0000037P   2003
0.0704931207096714D0,0.1313408208011175D0,0.0D0,                 0000037P   2004
0.001312441044162062D0,0.1313408208011175D0,0.0D0,0.0D0,1.0D0;   0000037P   2005
126,1,1,1,0,1,0,0.0D0,0.0D0,0.0704931207096714D0,                0000039P   2006
0.0704931207096714D0,1.0D0,1.0D0,0.0704931207096714D0,           0000039P   2007
0.1313408208011175D0,0.0D0,0.0D0,0.1313408208011175D0,0.0D0,     0000039P   2008
0.0D0,0.0704931207096714D0,0.0D0,0.0D0,1.0D0;                    0000039P   2009
126,1,1,1,0,1,0,0.0D0,0.0D0,0.128592074159962D0,                 0000041P   2010
0.128592074159962D0,1.0D0,1.0D0,0.0D0,0.1313408208011175D0,      0000041P   2011
0.0D0,0.0D0,0.002748746641155434D0,0.0D0,0.0D0,                  0000041P   2012
0.128592074159962D0,0.0D0,0.0D0,1.0D0;                           0000041P   2013
102,4,35,37,39,41;                                               0000043P   2014
126,5,3,1,0,1,0,0.0D0,0.0D0,0.0D0,0.0D0,0.01724540166762076D0,   0000045P   2015
0.0344881798753171D0,0.06897109658769807D0,                      0000045P   2016
0.06897109658769807D0,0.06897109658769807D0,                     0000045P   2017
0.06897109658769807D0,1.0D0,1.0D0,1.0D0,1.0D0,1.0D0,1.0D0,       0000045P   2018
0.9310344827586204D0,-0.1224769106919959D0,                      0000045P   2019
0.0009383081550473349D0,0.9252881877127248D0,                    0000045P   2020
-0.1226867035250668D0,0.0009299139865136782D0,                   0000045P   2021
0.9137944466739172D0,-0.1230299454254766D0,                      0000045P   2022
0.0009115017479760021D0,0.8908055701265255D0,                    0000045P   2023
-0.1235304969125002D0,0.0008689768698430466D0,                   0000045P   2024
0.873563433346467D0,-0.123774001709808D0,                        0000045P   2025
0.0008317945150094232D0,0.8620689655172409D0,                    0000045P   2026
-0.123909882397471D0,0.0008058005199834149D0,0.0D0,              0000045P   2027
0.06897109658769807D0,0.03648492673022304D0,                     0000045P   2028
-0.9993342034182009D0,0.0D0;                                     0000045P   2029
126,19,3,1,0,1,0,0.001312441044162046D0,0.001312441044162046D0,  0000047P   2030
0.001312441044162046D0,0.001312441044162046D0,                   0000047P   2031
0.007725930635359851D0,0.0154518612707197D0,                     0000047P   2032
0.02317779190607955D0,0.03090372254143941D0,                     0000047P   2033
0.03862965317679926D0,0.04635558381215911D0,                     0000047P   2034
0.05408151444751896D0,0.06180744508287881D0,                     0000047P   2035
0.06953337571823867D0,0.07725930635359851D0,                     0000047P   2036
0.08498523698895837D0,0.09271116762431822D0,                     0000047P   2037
0.1004370982596781D0,0.1081630288950379D0,0.1158889595303978D0,  0000047P   2038
0.1236148901657576D0,0.1313408208011175D0,0.1313408208011175D0,  0000047P   2039
0.1313408208011175D0,0.1313408208011175D0,1.0D0,1.0D0,1.0D0,     0000047P   2040
1.0D0,1.0D0,1.0D0,1.0D0,1.0D0,1.0D0,1.0D0,1.0D0,1.0D0,1.0D0,     0000047P   2041
1.0D0,1.0D0,1.0D0,1.0D0,1.0D0,1.0D0,1.0D0,0.8620689655172409D0,  0000047P   2042
-0.123909882397471D0,0.000805800519983415D0,                     0000047P   2043
0.8620689655172411D0,-0.1221307014737128D0,                      0000047P   2044
0.002113280833431741D0,0.862068965517241D0,                      0000047P   2045
-0.1181706923167926D0,0.004940934365457783D0,                    0000047P   2046
0.8620689655172411D0,-0.1119223034035013D0,                      0000047P   2047
0.009122317408436957D0,0.8620689655172411D0,                     0000047P   2048
-0.105159211225455D0,0.01332583160900699D0,0.8620689655172411D0, 0000047P   2049
-0.0982641977167926D0,0.01729706679548798D0,                     0000047P   2050
0.8620689655172411D0,-0.09124693355182759D0,                     0000047P   2051
0.0210360416934453D0,0.8620689655172411D0,                       0000047P   2052
-0.08411577569265112D0,0.02454083894727615D0,                    0000047P   2053
0.8620689655172411D0,-0.07687499383820222D0,                     0000047P   2054
0.02780007474041201D0,0.862068965517241D0,                       0000047P   2055
-0.06952961402924354D0,0.03080321267040127D0,                    0000047P   2056
0.8620689655172411D0,-0.06208547953884272D0,                     0000047P   2057
0.03353790122651523D0,0.862068965517241D0,                       0000047P   2058
-0.05454898688785947D0,0.03599090325774935D0,                    0000047P   2059
0.8620689655172411D0,-0.04692759028653297D0,0.038149493064401D0, 0000047P   2060
0.862068965517241D0,-0.03923075403760284D0,                      0000047P   2061
0.04000229296433412D0,0.8620689655172411D0,                      0000047P   2062
-0.03146799410800942D0,0.04153748051325496D0,                    0000047P   2063
0.862068965517241D0,-0.0236506971782159D0,0.04274331231118211D0, 0000047P   2064
0.8620689655172411D0,-0.01579080334456451D0,                     0000047P   2065
0.04360475184090806D0,0.862068965517241D0,                       0000047P   2066
-0.007902308836403166D0,0.04411981799526567D0,                   0000047P   2067
0.8620689655172411D0,-0.002634159224262578D0,                    0000047P   2068
0.04424309745307105D0,0.8620689655172411D0,                      0000047P   2069
2.775557561562891D-17,0.04425171890662984D0,                     0000047P   2070
0.001312441044162046D0,0.1313408208011175D0,1.0D0,0.0D0,0.0D0;   0000047P   2071
126,9,3,1,0,1,0,-0.0704931207096714D0,-0.0704931207096714D0,     0000049P   2072
-0.0704931207096714D0,-0.0704931207096714D0,                     0000049P   2073
-0.06042267489400405D0,-0.05035222907833671D0,                   0000049P   2074
-0.04028178326266937D0,-0.03021133744700202D0,                   0000049P   2075
-0.02014089163133469D0,-0.01007044581566734D0,0.0D0,0.0D0,0.0D0, 0000049P   2076
0.0D0,1.0D0,1.0D0,1.0D0,1.0D0,1.0D0,1.0D0,1.0D0,1.0D0,1.0D0,     0000049P   2077
1.0D0,0.8620689655172411D0,2.775557561562891D-17,                0000049P   2078
0.04425171890662984D0,0.8653530377668307D0,                      0000049P   2079
-1.387778780781446D-17,0.04326065594862582D0,                    0000049P   2080
0.8719211822660093D0,1.387778780781446D-16,                      0000049P   2081
0.04127853003261799D0,0.881773399014778D0,5.551115123125783D-17, 0000049P   2082
0.03830534115860604D0,0.8916256157635465D0,                      0000049P   2083
1.387778780781446D-16,0.03533215228459418D0,                     0000049P   2084
0.9014778325123149D0,1.387778780781446D-17,                      0000049P   2085
0.03235896341058232D0,0.9113300492610836D0,                      0000049P   2086
5.551115123125783D-17,0.02938577453657039D0,                     0000049P   2087
0.9211822660098519D0,1.665334536937735D-16,                      0000049P   2088
0.02641258566255854D0,0.927750410509031D0,8.326672684688674D-17, 0000049P   2089
0.02443045974655059D0,0.9310344827586204D0,                      0000049P   2090
1.387778780781446D-17,0.02343939678854662D0,                     0000049P   2091
-0.0704931207096714D0,0.0D0,0.0D0,1.0D0,0.0D0;                   0000049P   2092
126,19,3,1,0,1,0,-0.1313408208011175D0,-0.1313408208011175D0,    0000051P   2093
-0.1313408208011175D0,-0.1313408208011175D0,                     0000051P   2094
-0.1236148901657576D0,-0.1158889595303978D0,                     0000051P   2095
-0.1081630288950379D0,-0.1004370982596781D0,                     0000051P   2096
-0.09271116762431822D0,-0.08498523698895837D0,                   0000051P   2097
-0.07725930635359851D0,-0.06953337571823867D0,                   0000051P   2098
-0.0618074450828788D0,-0.05408151444751896D0,                    0000051P   2099
-0.04635558381215911D0,-0.03862965317679926D0,                   0000051P   2100
-0.0309037225414394D0,-0.02317779190607955D0,                    0000051P   2101
-0.01545186127071971D0,-0.007725930635359854D0,                  0000051P   2102
-0.002748746641155426D0,-0.002748746641155426D0,                 0000051P   2103
-0.002748746641155426D0,-0.002748746641155426D0,1.0D0,1.0D0,     0000051P   2104
1.0D0,1.0D0,1.0D0,1.0D0,1.0D0,1.0D0,1.0D0,1.0D0,1.0D0,1.0D0,     0000051P   2105
1.0D0,1.0D0,1.0D0,1.0D0,1.0D0,1.0D0,1.0D0,1.0D0,                 0000051P   2106
0.9310344827586204D0,1.387778780781446D-17,                      0000051P   2107
0.02343939678854662D0,0.9310344827586204D0,                      0000051P   2108
-0.002497879781967985D0,0.02343362418986947D0,                   0000051P   2109
0.9310344827586204D0,-0.007493438565526409D0,                    0000051P   2110
0.02337332949003805D0,0.9310344827586204D0,                      0000051P   2111
-0.01498433423701578D0,0.02312630359435042D0,                    0000051P   2112
0.9310344827586203D0,-0.02246973187266597D0,                     0000051P   2113
0.02270997132762487D0,0.9310344827586204D0,                      0000051P   2114
-0.02994591202083724D0,0.02212200597785605D0,                    0000051P   2115
0.9310344827586203D0,-0.03741015053199558D0,                     0000051P   2116
0.02136767377236239D0,0.9310344827586204D0,                      0000051P   2117
-0.04486010704368439D0,0.02044997567654756D0,                    0000051P   2118
0.9310344827586204D0,-0.05229217511788503D0,                     0000051P   2119
0.01936939282703426D0,0.9310344827586204D0,                      0000051P   2120
-0.05970341316649522D0,0.01812622082503354D0,                    0000051P   2121
0.9310344827586203D0,-0.06709060115772864D0,                     0000051P   2122
0.01672260700671441D0,0.9310344827586204D0,                      0000051P   2123
-0.07445087982870395D0,0.01516128318154187D0,                    0000051P   2124
0.9310344827586204D0,-0.08178172593980164D0,                     0000051P   2125
0.01344496336632608D0,0.9310344827586204D0,                      0000051P   2126
-0.08908037814284556D0,0.01157702004053481D0,                    0000051P   2127
0.9310344827586204D0,-0.0963446870855513D0,                      0000051P   2128
0.009560878988028277D0,0.9310344827586204D0,                     0000051P   2129
-0.1035718746055393D0,0.007396168884941466D0,                    0000051P   2130
0.9310344827586204D0,-0.1107582838167139D0,                      0000051P   2131
0.005080601399434865D0,0.9310344827586203D0,                     0000051P   2132
-0.1170551637316843D0,0.00291015535698711D0,                     0000051P   2133
0.9310344827586204D0,-0.1209525697580022D0,                      0000051P   2134
0.001499783790352033D0,0.9310344827586204D0,                     0000051P   2135
-0.1224769106919959D0,0.000938308155047331D0,                    0000051P   2136
-0.1313408208011175D0,-0.002748746641155426D0,1.0D0,0.0D0,0.0D0; 0000051P   2137
102,4,45,47,49,51;                                               0000053P   2138
142,0,33,43,53,1;                                                0000055P   2139
144,33,1,0,55;                                                   0000057P   2140
128,9,19,3,3,0,0,1,0,0,0.0D0,0.0D0,0.0D0,0.0D0,                  0000059P   2141
0.0101270662302278D0,0.02025413246045559D0,                      0000059P   2142
0.03038119869068339D0,0.04050826492091118D0,                     0000059P   2143
0.05063533115113898D0,0.06076239738136677D0,                     0000059P   2144
0.07088946361159457D0,0.07088946361159457D0,                     0000059P   2145
0.07088946361159457D0,0.07088946361159457D0,0.0D0,0.0D0,0.0D0,   0000059P   2146
0.0D0,0.007437239828834198D0,0.0148744796576684D0,               0000059P   2147
0.0223117194865026D0,0.02974895931533679D0,                      0000059P   2148
0.03718619914417099D0,0.04462343897300519D0,                     0000059P   2149
0.05206067880183939D0,0.05949791863067359D0,                     0000059P   2150
0.06693515845950779D0,0.07437239828834198D0,                     0000059P   2151
0.08180963811717618D0,0.08924687794601038D0,                     0000059P   2152
0.09668411777484458D0,0.1041213576036788D0,0.111558597432513D0,  0000059P   2153
0.1189958372613472D0,0.1264330770901814D0,0.1264330770901814D0,  0000059P   2154
0.1264330770901814D0,0.1264330770901814D0,1.0D0,1.0D0,1.0D0,     0000059P   2155
1.0D0,1.0D0,1.0D0,1.0D0,1.0D0,1.0D0,1.0D0,1.0D0,1.0D0,1.0D0,     0000059P   2156
1.0D0,1.0D0,1.0D0,1.0D0,1.0D0,1.0D0,1.0D0,1.0D0,1.0D0,1.0D0,     0000059P   2157
1.0D0,1.0D0,1.0D0,1.0D0,1.0D0,1.0D0,1.0D0,1.0D0,1.0D0,1.0D0,     0000059P   2158
1.0D0,1.0D0,1.0D0,1.0D0,1.0D0,1.0D0,1.0D0,1.0D0,1.0D0,1.0D0,     0000059P   2159
1.0D0,1.0D0,1.0D0,1.0D0,1.0D0,1.0D0,1.0D0,1.0D0,1.0D0,1.0D0,     0000059P   2160
1.0D0,1.0D0,1.0D0,1.0D0,1.0D0,1.0D0,1.0D0,1.0D0,1.0D0,1.0D0,     0000059P   2161
1.0D0,1.0D0,1.0D0,1.0D0,1.0D0,1.0D0,1.0D0,1.0D0,1.0D0,1.0D0,     0000059P   2162
1.0D0,1.0D0,1.0D0,1.0D0,1.0D0,1.0D0,1.0D0,1.0D0,1.0D0,1.0D0,     0000059P   2163
1.0D0,1.0D0,1.0D0,1.0D0,1.0D0,1.0D0,1.0D0,1.0D0,1.0D0,1.0D0,     0000059P   2164
1.0D0,1.0D0,1.0D0,1.0D0,1.0D0,1.0D0,1.0D0,1.0D0,1.0D0,1.0D0,     0000059P   2165
1.0D0,1.0D0,1.0D0,1.0D0,1.0D0,1.0D0,1.0D0,1.0D0,1.0D0,1.0D0,     0000059P   2166
1.0D0,1.0D0,1.0D0,1.0D0,1.0D0,1.0D0,1.0D0,1.0D0,1.0D0,1.0D0,     0000059P   2167
1.0D0,1.0D0,1.0D0,1.0D0,1.0D0,1.0D0,1.0D0,1.0D0,1.0D0,1.0D0,     0000059P   2168
1.0D0,1.0D0,1.0D0,1.0D0,1.0D0,1.0D0,1.0D0,1.0D0,1.0D0,1.0D0,     0000059P   2169
1.0D0,1.0D0,1.0D0,1.0D0,1.0D0,1.0D0,1.0D0,1.0D0,1.0D0,1.0D0,     0000059P   2170
1.0D0,1.0D0,1.0D0,1.0D0,1.0D0,1.0D0,1.0D0,1.0D0,1.0D0,1.0D0,     0000059P   2171
1.0D0,1.0D0,1.0D0,1.0D0,1.0D0,1.0D0,1.0D0,1.0D0,1.0D0,1.0D0,     0000059P   2172
1.0D0,1.0D0,1.0D0,1.0D0,1.0D0,1.0D0,1.0D0,1.0D0,1.0D0,1.0D0,     0000059P   2173
1.0D0,1.0D0,1.0D0,1.0D0,1.0D0,1.0D0,1.0D0,1.0D0,1.0D0,1.0D0,     0000059P   2174
1.0D0,1.0D0,1.0D0,1.0D0,1.0D0,1.0D0,1.0D0,0.9999999999999998D0,  0000059P   2175
-0.125D0,6.246619833971819D-17,0.9967159277504103D0,-0.125D0,    0000059P   2176
6.244335746251471D-17,0.9901477832512313D0,-0.125D0,             0000059P   2177
6.239767570810774D-17,0.9802955665024629D0,-0.125D0,             0000059P   2178
6.232915307649729D-17,0.9704433497536944D0,-0.125D0,             0000059P   2179
6.226063044488684D-17,0.9605911330049259D0,-0.125D0,             0000059P   2180
6.219210781327641D-17,0.9507389162561575D0,-0.125D0,             0000059P   2181
6.212358518166596D-17,0.9408866995073889D0,-0.125D0,             0000059P   2182
6.205506255005551D-17,0.93431855500821D0,-0.125D0,               0000059P   2183
6.200938079564854D-17,0.9310344827586204D0,-0.125D0,             0000059P   2184
6.198653991844506D-17,0.9999999999999998D0,                      0000059P   2185
-0.1225232406165379D0,6.246619833971819D-17,                     0000059P   2186
0.9967159277504103D0,-0.1225281265457005D0,4.19517355636014D-05, 0000059P   2187
0.9901477832512313D0,-0.1225378984040257D0,                      0000059P   2188
0.0001258552066906793D0,0.9802955665024629D0,                    0000059P   2189
-0.1225525561915136D0,0.0002517104133812969D0,                   0000059P   2190
0.9704433497536944D0,-0.1225672139790014D0,                      0000059P   2191
0.0003775656200719131D0,0.9605911330049259D0,                    0000059P   2192
-0.1225818717664893D0,0.0005034208267625308D0,                   0000059P   2193
0.9507389162561575D0,-0.1225965295539771D0,                      0000059P   2194
0.0006292760334531466D0,0.9408866995073889D0,                    0000059P   2195
-0.1226111873414649D0,0.0007551312401437661D0,                   0000059P   2196
0.93431855500821D0,-0.1226209591997902D0,0.00083903471127084D0,  0000059P   2197
0.9310344827586206D0,-0.1226258451289528D0,                      0000059P   2198
0.0008809864468343816D0,0.9999999999999998D0,                    0000059P   2199
-0.1175739015724744D0,6.246619833971819D-17,                     0000059P   2200
0.9967159277504103D0,-0.1175878117829383D0,                      0000059P   2201
0.000123936284207864D0,0.9901477832512313D0,                     0000059P   2202
-0.1176156322038659D0,0.0003718088526234689D0,                   0000059P   2203
0.9802955665024629D0,-0.1176573628352573D0,                      0000059P   2204
0.0007436177052468736D0,0.9704433497536944D0,                    0000059P   2205
-0.1176990934666488D0,0.001115426557870281D0,                    0000059P   2206
0.9605911330049259D0,-0.1177408240980402D0,                      0000059P   2207
0.001487235410493684D0,0.9507389162561575D0,                     0000059P   2208
-0.1177825547294317D0,0.001859044263117092D0,                    0000059P   2209
0.940886699507389D0,-0.1178242853608231D0,0.0022308531157405D0,  0000059P   2210
0.9343185550082099D0,-0.1178521057817508D0,                      0000059P   2211
0.002478725684156099D0,0.9310344827586206D0,                     0000059P   2212
-0.1178660159922146D0,0.002602661968363904D0,                    0000059P   2213
0.9999999999999998D0,-0.1101617619711731D0,                      0000059P   2214
6.246619833971819D-17,0.9967159277504103D0,                      0000059P   2215
-0.1101870315220222D0,0.0002408561814504068D0,                   0000059P   2216
0.9901477832512313D0,-0.1102375706237203D0,                      0000059P   2217
0.0007225685443510974D0,0.9802955665024629D0,                    0000059P   2218
-0.1103133792762674D0,0.00144513708870213D0,                     0000059P   2219
0.9704433497536944D0,-0.1103891879288146D0,                      0000059P   2220
0.002167705633053166D0,0.9605911330049259D0,                     0000059P   2221
-0.1104649965813617D0,0.002890274177404199D0,                    0000059P   2222
0.9507389162561574D0,-0.1105408052339089D0,                      0000059P   2223
0.003612842721755233D0,0.9408866995073889D0,                     0000059P   2224
-0.110616613886456D0,0.004335411266106271D0,0.93431855500821D0,  0000059P   2225
-0.1106671529881542D0,0.004817123629006959D0,                    0000059P   2226
0.9310344827586204D0,-0.1106924225390032D0,                      0000059P   2227
0.005057979810457298D0,0.9999999999999998D0,                     0000059P   2228
-0.1027608401674157D0,6.246619833971819D-17,                     0000059P   2229
0.9967159277504103D0,-0.1027953603402767D0,                      0000059P   2230
0.0003514230358265253D0,0.9901477832512313D0,                    0000059P   2231
-0.1028644006859984D0,0.001054269107479453D0,                    0000059P   2232
0.9802955665024629D0,-0.1029679612045812D0,                      0000059P   2233
0.002108538214958843D0,0.9704433497536944D0,                     0000059P   2234
-0.1030715217231639D0,0.003162807322438234D0,                    0000059P   2235
0.9605911330049258D0,-0.1031750822417466D0,                      0000059P   2236
0.004217076429917626D0,0.9507389162561574D0,                     0000059P   2237
-0.1032786427603293D0,0.005271345537397011D0,                    0000059P   2238
0.9408866995073889D0,-0.103382203278912D0,0.00632561464487641D0, 0000059P   2239
0.9343185550082099D0,-0.1034512436246338D0,                      0000059P   2240
0.00702846071652933D0,0.9310344827586204D0,                      0000059P   2241
-0.1034857637974947D0,0.007379883752355793D0,                    0000059P   2242
0.9999999999999998D0,-0.09537067349888258D0,                     0000059P   2243
6.246619833971819D-17,0.9967159277504103D0,                      0000059P   2244
-0.09541239137437535D0,0.0004553181860653845D0,                  0000059P   2245
0.9901477832512313D0,-0.09549582712536078D0,                     0000059P   2246
0.001365954558196028D0,0.9802955665024629D0,                     0000059P   2247
-0.09562098075183903D0,0.002731909116391997D0,                   0000059P   2248
0.9704433497536944D0,-0.09574613437831729D0,                     0000059P   2249
0.004097863674587964D0,0.9605911330049259D0,                     0000059P   2250
-0.09587128800479548D0,0.005463818232783925D0,                   0000059P   2251
0.9507389162561575D0,-0.09599644163127376D0,                     0000059P   2252
0.006829772790979895D0,0.9408866995073889D0,                     0000059P   2253
-0.09612159525775194D0,0.008195727349175855D0,                   0000059P   2254
0.93431855500821D0,-0.09620503100873751D0,                       0000059P   2255
0.009106363721306514D0,0.9310344827586204D0,                     0000059P   2256
-0.09624674888423021D0,0.009561681907371826D0,                   0000059P   2257
0.9999999999999998D0,-0.08799099526293469D0,                     0000059P   2258
6.246619833971819D-17,0.9967159277504103D0,                      0000059P   2259
-0.08803790092056848D0,0.0005521979982300378D0,                  0000059P   2260
0.9901477832512313D0,-0.08813171223583596D0,                     0000059P   2261
0.001656593994689985D0,0.9802955665024629D0,                     0000059P   2262
-0.08827242920873726D0,0.003313187989379913D0,                   0000059P   2263
0.9704433497536944D0,-0.08841314618163858D0,                     0000059P   2264
0.004969781984069832D0,0.9605911330049258D0,                     0000059P   2265
-0.08855386315453985D0,0.006626375978759761D0,                   0000059P   2266
0.9507389162561575D0,-0.08869458012744119D0,                     0000059P   2267
0.008282969973449681D0,0.9408866995073889D0,                     0000059P   2268
-0.08883529710034244D0,0.009939563968139612D0,                   0000059P   2269
0.93431855500821D0,-0.08892910841561003D0,0.01104395996459956D0, 0000059P   2270
0.9310344827586206D0,-0.08897601407324379D0,                     0000059P   2271
0.01159615796282954D0,0.9999999999999998D0,                      0000059P   2272
-0.08062154040605352D0,6.246619833971819D-17,                    0000059P   2273
0.9967159277504103D0,-0.08067168052805676D0,                     0000059P   2274
0.0006417466544010968D0,0.9901477832512313D0,                    0000059P   2275
-0.08077196077206328D0,0.001925239963203171D0,                   0000059P   2276
0.9802955665024629D0,-0.0809223811380731D0,                      0000059P   2277
0.003850479926406272D0,0.9704433497536943D0,                     0000059P   2278
-0.08107280150408289D0,0.005775719889609381D0,                   0000059P   2279
0.9605911330049258D0,-0.08122322187009265D0,                     0000059P   2280
0.007700959852812482D0,0.9507389162561575D0,                     0000059P   2281
-0.08137364223610249D0,0.009626199816015601D0,                   0000059P   2282
0.9408866995073889D0,-0.08152406260211224D0,                     0000059P   2283
0.0115514397792187D0,0.9343185550082099D0,                       0000059P   2284
-0.08162434284611886D0,0.01283493308802078D0,                    0000059P   2285
0.9310344827586204D0,-0.08167448296812209D0,                     0000059P   2286
0.01347667974242181D0,0.9999999999999998D0,                      0000059P   2287
-0.0732615234481058D0,6.246619833971819D-17,                     0000059P   2288
0.9967159277504103D0,-0.07331308209261975D0,                     0000059P   2289
0.0007238235099468837D0,0.9901477832512313D0,                    0000059P   2290
-0.07341619938164753D0,0.002171470529840526D0,                   0000059P   2291
0.9802955665024629D0,-0.07357087531518947D0,                     0000059P   2292
0.004342941059680991D0,0.9704433497536944D0,                     0000059P   2293
-0.07372555124873126D0,0.006514411589521442D0,                   0000059P   2294
0.9605911330049259D0,-0.07388022718227309D0,                     0000059P   2295
0.008685882119361924D0,0.9507389162561575D0,                     0000059P   2296
-0.07403490311581495D0,0.01085735264920238D0,                    0000059P   2297
0.9408866995073889D0,-0.07418957904935666D0,                     0000059P   2298
0.01302882317904284D0,0.93431855500821D0,-0.07429269633838467D0, 0000059P   2299
0.01447647019893649D0,0.9310344827586204D0,                      0000059P   2300
-0.07434425498289858D0,0.01520029370888331D0,                    0000059P   2301
0.9999999999999998D0,-0.0659102759673704D0,                      0000059P   2302
6.246619833971819D-17,0.9967159277504103D0,                      0000059P   2303
-0.06596156373537029D0,0.0007982667915651009D0,                  0000059P   2304
0.9901477832512313D0,-0.06606413927136968D0,                     0000059P   2305
0.00239480037469519D0,0.9802955665024629D0,                      0000059P   2306
-0.06621800257536925D0,0.004789600749390298D0,                   0000059P   2307
0.9704433497536943D0,-0.06637186587936864D0,                     0000059P   2308
0.007184401124085429D0,0.9605911330049258D0,                     0000059P   2309
-0.06652572918336799D0,0.009579201498780547D0,                   0000059P   2310
0.9507389162561574D0,-0.06667959248736752D0,                     0000059P   2311
0.01197400187347568D0,0.9408866995073889D0,                      0000059P   2312
-0.06683345579136674D0,0.0143688022481708D0,                     0000059P   2313
0.9343185550082099D0,-0.06693603132736657D0,                     0000059P   2314
0.01596533583130087D0,0.9310344827586204D0,                      0000059P   2315
-0.0669873190953663D0,0.01676360262286591D0,                     0000059P   2316
0.9999999999999998D0,-0.05856696558990813D0,                     0000059P   2317
6.246619833971819D-17,0.9967159277504103D0,                      0000059P   2318
-0.05861644478826017D0,0.0008649479636777226D0,                  0000059P   2319
0.9901477832512313D0,-0.05871540318496429D0,                     0000059P   2320
0.002594843891033045D0,0.9802955665024629D0,                     0000059P   2321
-0.05886384078002052D0,0.005189687782066028D0,                   0000059P   2322
0.9704433497536944D0,-0.05901227837507675D0,                     0000059P   2323
0.007784531673099009D0,0.9605911330049259D0,                     0000059P   2324
-0.05916071597013306D0,0.01037937556413199D0,                    0000059P   2325
0.9507389162561575D0,-0.05930915356518929D0,                     0000059P   2326
0.01297421945516496D0,0.9408866995073889D0,                      0000059P   2327
-0.05945759116024535D0,0.01556906334619799D0,0.93431855500821D0, 0000059P   2328
-0.05955654955694972D0,0.01729895927355326D0,                    0000059P   2329
0.9310344827586204D0,-0.05960602875530176D0,                     0000059P   2330
0.01816390723723093D0,0.9999999999999998D0,                      0000059P   2331
-0.05123071711760932D0,6.246619833971819D-17,                    0000059P   2332
0.9967159277504103D0,-0.05127700915981065D0,                     0000059P   2333
0.0009237376982115983D0,0.9901477832512313D0,                    0000059P   2334
-0.05136959324421309D0,0.002771213094634681D0,                   0000059P   2335
0.9802955665024629D0,-0.05150846937081704D0,                     0000059P   2336
0.005542426189269286D0,0.9704433497536944D0,                     0000059P   2337
-0.0516473454974208D0,0.00831363928390391D0,                     0000059P   2338
0.9605911330049258D0,-0.05178622162402456D0,                     0000059P   2339
0.01108485237853851D0,0.9507389162561574D0,                      0000059P   2340
-0.05192509775062853D0,0.01385606547317312D0,                    0000059P   2341
0.9408866995073889D0,-0.05206397387723224D0,                     0000059P   2342
0.01662727856780778D0,0.9343185550082099D0,                      0000059P   2343
-0.05215655796163507D0,0.01847475396423078D0,                    0000059P   2344
0.9310344827586204D0,-0.05220285000383619D0,                     0000059P   2345
0.01939849166244235D0,0.9999999999999998D0,                      0000059P   2346
-0.04390072222744315D0,6.246619833971819D-17,                    0000059P   2347
0.9967159277504103D0,-0.04394260822959971D0,                     0000059P   2348
0.0009745417576840584D0,0.9901477832512313D0,                    0000059P   2349
-0.04402638023391278D0,0.002923625273052052D0,                   0000059P   2350
0.9802955665024629D0,-0.04415203824038277D0,                     0000059P   2351
0.005847250546104042D0,0.9704433497536944D0,                     0000059P   2352
-0.04427769624685228D0,0.008770875819156043D0,                   0000059P   2353
0.9605911330049259D0,-0.0444033542533224D0,0.011694501092208D0,  0000059P   2354
0.9507389162561575D0,-0.04452901225979206D0,                     0000059P   2355
0.01461812636526002D0,0.940886699507389D0,                       0000059P   2356
-0.04465467026626165D0,0.01754175163831203D0,                    0000059P   2357
0.9343185550082099D0,-0.04473844227057507D0,                     0000059P   2358
0.01949083515367999D0,0.9310344827586206D0,                      0000059P   2359
-0.04478032827273165D0,0.02046537691136399D0,                    0000059P   2360
0.9999999999999998D0,-0.03657618039377629D0,                     0000059P   2361
6.246619833971819D-17,0.9967159277504103D0,                      0000059P   2362
-0.03661261026192125D0,0.001017379338257353D0,                   0000059P   2363
0.9901477832512313D0,-0.03668546999821139D0,                     0000059P   2364
0.00305213801477194D0,0.9802955665024629D0,                      0000059P   2365
-0.03679475960264644D0,0.006104276029543819D0,                   0000059P   2366
0.9704433497536944D0,-0.03690404920708164D0,                     0000059P   2367
0.009156414044315673D0,0.9605911330049259D0,                     0000059P   2368
-0.03701333881151665D0,0.01220855205908756D0,                    0000059P   2369
0.9507389162561574D0,-0.03712262841595181D0,                     0000059P   2370
0.01526069007385944D0,0.9408866995073889D0,                      0000059P   2371
-0.03723191802038681D0,0.01831282808863132D0,                    0000059P   2372
0.9343185550082099D0,-0.03730477775667715D0,                     0000059P   2373
0.02034758676514588D0,0.9310344827586204D0,                      0000059P   2374
-0.0373412076248221D0,0.02136496610340318D0,                     0000059P   2375
0.9999999999999998D0,-0.02925631402396159D0,                     0000059P   2376
6.246619833971819D-17,0.9967159277504103D0,                      0000059P   2377
-0.02928640149617148D0,0.001052227541517587D0,                   0000059P   2378
0.9901477832512313D0,-0.02934657644059094D0,                     0000059P   2379
0.003156682624552641D0,0.9802955665024629D0,                     0000059P   2380
-0.02943683885722057D0,0.006313365249105217D0,                   0000059P   2381
0.9704433497536944D0,-0.02952710127384986D0,                     0000059P   2382
0.009470047873657805D0,0.9605911330049259D0,                     0000059P   2383
-0.02961736369047953D0,0.01262673049821036D0,                    0000059P   2384
0.9507389162561574D0,-0.02970762610710892D0,                     0000059P   2385
0.01578341312276295D0,0.940886699507389D0,-0.0297978885237383D0, 0000059P   2386
0.01894009574731554D0,0.93431855500821D0,-0.0298580634681582D0,  0000059P   2387
0.02104455083035056D0,0.9310344827586204D0,                      0000059P   2388
-0.02988815094036787D0,0.02209677837186811D0,                    0000059P   2389
0.9999999999999998D0,-0.02194004557191563D0,                     0000059P   2390
6.246619833971819D-17,0.9967159277504103D0,                      0000059P   2391
-0.02196310882494443D0,0.001079351365826033D0,                   0000059P   2392
0.9901477832512313D0,-0.02200923533100196D0,                     0000059P   2393
0.003238054097477985D0,0.9802955665024629D0,                     0000059P   2394
-0.02207842509008831D0,0.006476108194955896D0,                   0000059P   2395
0.9704433497536943D0,-0.02214761484917487D0,                     0000059P   2396
0.009714162292433829D0,0.9605911330049259D0,                     0000059P   2397
-0.0222168046082611D0,0.01295221638991173D0,                     0000059P   2398
0.9507389162561574D0,-0.02228599436734771D0,                     0000059P   2399
0.01619027048738966D0,0.9408866995073889D0,                      0000059P   2400
-0.02235518412643391D0,0.01942832458486756D0,0.93431855500821D0, 0000059P   2401
-0.02240131063249168D0,0.02158702731651951D0,                    0000059P   2402
0.9310344827586204D0,-0.02242437388552045D0,                     0000059P   2403
0.02266637868234549D0,0.9999999999999998D0,                      0000059P   2404
-0.01462613380025263D0,6.246619833971819D-17,                    0000059P   2405
0.9967159277504103D0,-0.01464170239745774D0,                     0000059P   2406
0.001099065555569555D0,0.9901477832512313D0,                     0000059P   2407
-0.01467283959186749D0,0.003297196666708543D0,                   0000059P   2408
0.9802955665024629D0,-0.01471954538348245D0,                     0000059P   2409
0.006594393333417024D0,0.9704433497536944D0,                     0000059P   2410
-0.01476625117509725D0,0.009891590000125499D0,                   0000059P   2411
0.9605911330049259D0,-0.0148129569667121D0,                      0000059P   2412
0.01318878666683399D0,0.9507389162561574D0,                      0000059P   2413
-0.01485966275832697D0,0.01648598333354246D0,                    0000059P   2414
0.9408866995073889D0,-0.01490636854994187D0,                     0000059P   2415
0.01978318000025094D0,0.9343185550082099D0,                      0000059P   2416
-0.01493750574435186D0,0.02198131111138994D0,                    0000059P   2417
0.9310344827586204D0,-0.01495307434155682D0,                     0000059P   2418
0.02308037666695943D0,0.9999999999999998D0,                      0000059P   2419
-0.007313307984772865D0,6.246619833971819D-17,                   0000059P   2420
0.9967159277504103D0,-0.007321115860174809D0,                    0000059P   2421
0.001111635917620903D0,0.9901477832512313D0,                     0000059P   2422
-0.007336731610977879D0,0.003334907752862592D0,                  0000059P   2423
0.9802955665024629D0,-0.007360155237183474D0,                    0000059P   2424
0.006669815505725114D0,0.9704433497536943D0,                     0000059P   2425
-0.007383578863388737D0,0.01000472325858764D0,                   0000059P   2426
0.9605911330049258D0,-0.007407002489594167D0,                    0000059P   2427
0.01333963101145014D0,0.9507389162561575D0,                      0000059P   2428
-0.00743042611579936D0,0.01667453876431271D0,                    0000059P   2429
0.9408866995073888D0,-0.007453849742004678D0,                    0000059P   2430
0.0200094465171752D0,0.93431855500821D0,-0.007469465492808455D0, 0000059P   2431
0.02223271835241688D0,0.9310344827586204D0,                      0000059P   2432
-0.007477273368210136D0,0.02334435427003774D0,                   0000059P   2433
0.9999999999999998D0,-0.002437946254773005D0,                    0000059P   2434
6.246619833971819D-17,0.9967159277504103D0,                      0000059P   2435
-0.002440534440833531D0,0.001115397637360916D0,                  0000059P   2436
0.9901477832512313D0,-0.002445710812954055D0,                    0000059P   2437
0.003346192912082627D0,0.9802955665024629D0,                     0000059P   2438
-0.002453475371135966D0,0.006692385824165181D0,                  0000059P   2439
0.9704433497536943D0,-0.002461239929317016D0,                    0000059P   2440
0.01003857873624775D0,0.9605911330049259D0,                      0000059P   2441
-0.002469004487498483D0,0.0133847716483303D0,                    0000059P   2442
0.9507389162561574D0,-0.002476769045679811D0,                    0000059P   2443
0.01673096456041288D0,0.9408866995073889D0,                      0000059P   2444
-0.00248453360386125D0,0.02007715747249544D0,                    0000059P   2445
0.9343185550082099D0,-0.002489709975982218D0,                    0000059P   2446
0.02230795274721713D0,0.9310344827586204D0,                      0000059P   2447
-0.00249229816204273D0,0.02342335038457798D0,                    0000059P   2448
0.9999999999999998D0,2.775557561562891D-17,                      0000059P   2449
6.246619833971819D-17,0.9967159277504103D0,                      0000059P   2450
-4.163336342344337D-17,0.001116161751835612D0,                   0000059P   2451
0.9901477832512313D0,1.387778780781446D-16,                      0000059P   2452
0.003348485255506714D0,0.9802955665024629D0,                     0000059P   2453
-5.551115123125783D-17,0.006696970511013359D0,                   0000059P   2454
0.9704433497536944D0,2.775557561562891D-17,                      0000059P   2455
0.01004545576652002D0,0.9605911330049259D0,                      0000059P   2456
1.110223024625157D-16,0.01339394102202666D0,                     0000059P   2457
0.9507389162561574D0,0.0D0,0.0167424262775333D0,                 0000059P   2458
0.9408866995073889D0,1.942890293094024D-16,                      0000059P   2459
0.02009091153303998D0,0.93431855500821D0,-8.326672684688674D-17, 0000059P   2460
0.02232323503671105D0,0.9310344827586204D0,0.0D0,                0000059P   2461
0.02343939678854661D0,0.0D0,0.07088946361159457D0,0.0D0,         0000059P   2462
0.1264330770901814D0;                                            0000059P   2463
126,12,3,1,0,1,0,0.0D0,0.0D0,0.0D0,0.0D0,0.08408452597573557D0,  0000061P   2464
0.08408452597573557D0,0.08408452597573557D0,                     0000061P   2465
0.1033349993933194D0,0.1033349993933194D0,0.1033349993933194D0,  0000061P   2466
0.1209445973736893D0,0.1209445973736893D0,0.1209445973736893D0,  0000061P   2467
0.1696861803245675D0,0.1696861803245675D0,0.1696861803245675D0,  0000061P   2468
0.1696861803245675D0,1.0D0,1.0D0,1.0D0,1.0D0,1.0D0,1.0D0,1.0D0,  0000061P   2469
1.0D0,1.0D0,1.0D0,1.0D0,1.0D0,1.0D0,0.002863505562132501D0,      0000061P   2470
0.1264330770901814D0,0.0D0,0.002910103209076176D0,               0000061P   2471
0.09756637438831769D0,0.0D0,0.003007941219877126D0,              0000061P   2472
0.06980519693602516D0,0.0D0,0.005525048527904314D0,              0000061P   2473
0.04077232707712508D0,0.0D0,0.00610131992576373D0,               0000061P   2474
0.0341254859018985D0,0.0D0,0.006804395886771784D0,               0000061P   2475
0.02741198972457514D0,0.0D0,0.009729152641291433D0,              0000061P   2476
0.02177848254683197D0,0.0D0,0.01240460843503921D0,               0000061P   2477
0.01662516530274956D0,0.0D0,0.01693914266937774D0,               0000061P   2478
0.01237557116374076D0,0.0D0,0.02209652564147463D0,               0000061P   2479
0.009568069790312368D0,0.0D0,0.03637163914628776D0,              0000061P   2480
0.001797190453361681D0,0.0D0,0.05541856069364526D0,              0000061P   2481
0.005074563187464095D0,0.0D0,0.07088946361159457D0,              0000061P   2482
0.002665750011435422D0,0.0D0,0.0D0,0.1696861803245675D0,0.0D0,   0000061P   2483
0.0D0,1.0D0;                                                     0000061P   2484
126,1,1,1,0,1,0,0.002665750011435421D0,0.002665750011435421D0,   0000063P   2485
0.1264330770901814D0,0.1264330770901814D0,1.0D0,1.0D0,           0000063P   2486
0.07088946361159457D0,0.002665750011435422D0,0.0D0,              0000063P   2487
0.07088946361159457D0,0.1264330770901814D0,0.0D0,                0000063P   2488
0.002665750011435421D0,0.1264330770901814D0,0.0D0,0.0D0,1.0D0;   0000063P   2489
126,1,1,1,0,1,0,0.0D0,0.0D0,0.06802595804946207D0,               0000065P   2490
0.06802595804946207D0,1.0D0,1.0D0,0.07088946361159457D0,         0000065P   2491
0.1264330770901814D0,0.0D0,0.002863505562132501D0,               0000065P   2492
0.1264330770901814D0,0.0D0,0.0D0,0.06802595804946207D0,0.0D0,    0000065P   2493
0.0D0,1.0D0;                                                     0000065P   2494
102,3,61,63,65;                                                  0000067P   2495
126,13,3,1,0,1,0,0.0D0,0.0D0,0.0D0,0.0D0,0.04210668282271895D0,  0000069P   2496
0.0632197162237467D0,0.08444003045752403D0,                      0000069P   2497
0.09507850151280688D0,0.1038557148088277D0,0.1106467180207037D0, 0000069P   2498
0.1161537668929614D0,0.1214382020888612D0,0.1290353982336432D0,  0000069P   2499
0.1412872084052442D0,0.1696861803245675D0,0.1696861803245675D0,  0000069P   2500
0.1696861803245675D0,0.1696861803245675D0,1.0D0,1.0D0,1.0D0,     0000069P   2501
1.0D0,1.0D0,1.0D0,1.0D0,1.0D0,1.0D0,1.0D0,1.0D0,1.0D0,1.0D0,     0000069P   2502
1.0D0,0.9972142102344284D0,1.814831017465562D-18,                0000069P   2503
0.0009468098594282556D0,0.9971922890128508D0,                    0000069P   2504
-0.01403609911913807D0,0.0009471240494821024D0,                  0000069P   2505
0.9970662569995583D0,-0.03511455869877002D0,                     0000069P   2506
0.0009529116910881362D0,0.9962372280910126D0,                    0000069P   2507
-0.06325543009226366D0,0.0009696461130260451D0,                  0000069P   2508
0.9951619056222488D0,-0.08089845250894977D0,                     0000069P   2509
0.0009816462672123608D0,0.9932800518804947D0,                    0000069P   2510
-0.09434064955162939D0,0.0009897118313358833D0,                  0000069P   2511
0.9910105514901423D0,-0.1028296422707026D0,                      0000069P   2512
0.0009936993770226334D0,0.9876977884285388D0,                    0000069P   2513
-0.1091317726622447D0,0.0009954474246384691D0,                   0000069P   2514
0.9834401313315501D0,-0.1133098291067272D0,                      0000069P   2515
0.00099524316417099D0,0.9780416293967782D0,                      0000069P   2516
-0.1163380915178947D0,0.0009934191634759673D0,                   0000069P   2517
0.9699880653753256D0,-0.1188579361958358D0,                      0000069P   2518
0.0009887362812094481D0,0.9540468101782819D0,                    0000069P   2519
-0.1213141913230921D0,0.0009747068643281891D0,                   0000069P   2520
0.9404920586789643D0,-0.1220057608726424D0,                      0000069P   2521
0.0009555237765044898D0,0.9310344827586206D0,                    0000069P   2522
-0.1224448612445108D0,0.0009395089488752092D0,0.0D0,             0000069P   2523
0.1696861803245675D0,0.0009981802468079677D0,                    0000069P   2524
-0.0006069634892857547D0,-0.9999993176155261D0;                  0000069P   2525
126,19,3,1,0,1,0,0.002665750011435421D0,0.002665750011435421D0,  0000071P   2526
0.002665750011435421D0,0.002665750011435421D0,                   0000071P   2527
0.007437239828834198D0,0.0148744796576684D0,                     0000071P   2528
0.0223117194865026D0,0.02974895931533679D0,                      0000071P   2529
0.03718619914417099D0,0.04462343897300519D0,                     0000071P   2530
0.05206067880183939D0,0.05949791863067359D0,                     0000071P   2531
0.06693515845950779D0,0.07437239828834198D0,                     0000071P   2532
0.08180963811717618D0,0.08924687794601038D0,                     0000071P   2533
0.09668411777484458D0,0.1041213576036788D0,0.111558597432513D0,  0000071P   2534
0.1189958372613472D0,0.1264330770901814D0,0.1264330770901814D0,  0000071P   2535
0.1264330770901814D0,0.1264330770901814D0,1.0D0,1.0D0,1.0D0,     0000071P   2536
1.0D0,1.0D0,1.0D0,1.0D0,1.0D0,1.0D0,1.0D0,1.0D0,1.0D0,1.0D0,     0000071P   2537
1.0D0,1.0D0,1.0D0,1.0D0,1.0D0,1.0D0,1.0D0,0.9310344827586206D0,  0000071P   2538
-0.1224448612445108D0,0.0009395089488752092D0,                   0000071P   2539
0.9310344827586206D0,-0.1209190418800241D0,                      0000071P   2540
0.001495367714913447D0,0.9310344827586206D0,                     0000071P   2541
-0.117008932483187D0,0.002896017376027468D0,                     0000071P   2542
0.9310344827586204D0,-0.1106924225390032D0,                      0000071P   2543
0.005057979810457298D0,0.9310344827586204D0,                     0000071P   2544
-0.1034857637974947D0,0.007379883752355793D0,                    0000071P   2545
0.9310344827586204D0,-0.09624674888423021D0,                     0000071P   2546
0.009561681907371826D0,0.9310344827586206D0,                     0000071P   2547
-0.08897601407324379D0,0.01159615796282954D0,                    0000071P   2548
0.9310344827586204D0,-0.08167448296812209D0,                     0000071P   2549
0.01347667974242181D0,0.9310344827586204D0,                      0000071P   2550
-0.07434425498289858D0,0.01520029370888331D0,                    0000071P   2551
0.9310344827586204D0,-0.0669873190953663D0,                      0000071P   2552
0.01676360262286591D0,0.9310344827586204D0,                      0000071P   2553
-0.05960602875530176D0,0.01816390723723093D0,                    0000071P   2554
0.9310344827586204D0,-0.05220285000383619D0,                     0000071P   2555
0.01939849166244235D0,0.9310344827586206D0,                      0000071P   2556
-0.04478032827273165D0,0.02046537691136399D0,                    0000071P   2557
0.9310344827586204D0,-0.0373412076248221D0,                      0000071P   2558
0.02136496610340318D0,0.9310344827586204D0,                      0000071P   2559
-0.02988815094036787D0,0.02209677837186811D0,                    0000071P   2560
0.9310344827586204D0,-0.02242437388552045D0,                     0000071P   2561
0.02266637868234549D0,0.9310344827586204D0,                      0000071P   2562
-0.01495307434155682D0,0.02308037666695943D0,                    0000071P   2563
0.9310344827586204D0,-0.007477273368210136D0,                    0000071P   2564
0.02334435427003774D0,0.9310344827586204D0,                      0000071P   2565
-0.00249229816204273D0,0.02342335038457798D0,                    0000071P   2566
0.9310344827586204D0,0.0D0,0.02343939678854661D0,                0000071P   2567
0.002665750011435421D0,0.1264330770901814D0,1.0D0,0.0D0,0.0D0;   0000071P   2568
126,9,3,1,0,1,0,-0.07088946361159457D0,-0.07088946361159457D0,   0000073P   2569
-0.07088946361159457D0,-0.07088946361159457D0,                   0000073P   2570
-0.06076239738136677D0,-0.05063533115113898D0,                   0000073P   2571
-0.04050826492091118D0,-0.03038119869068338D0,                   0000073P   2572
-0.02025413246045559D0,-0.0101270662302278D0,                    0000073P   2573
-0.002863505562132499D0,-0.002863505562132499D0,                 0000073P   2574
-0.002863505562132499D0,-0.002863505562132499D0,1.0D0,1.0D0,     0000073P   2575
1.0D0,1.0D0,1.0D0,1.0D0,1.0D0,1.0D0,1.0D0,1.0D0,                 0000073P   2576
0.9310344827586204D0,0.0D0,0.02343939678854661D0,                0000073P   2577
0.93431855500821D0,-8.326672684688674D-17,0.02232323503671105D0, 0000073P   2578
0.9408866995073889D0,1.942890293094024D-16,                      0000073P   2579
0.02009091153303998D0,0.9507389162561574D0,0.0D0,                0000073P   2580
0.0167424262775333D0,0.9605911330049259D0,1.110223024625157D-16, 0000073P   2581
0.01339394102202666D0,0.9704433497536944D0,                      0000073P   2582
2.775557561562891D-17,0.01004545576652002D0,                     0000073P   2583
0.9802955665024629D0,-5.551115123125783D-17,                     0000073P   2584
0.006696970511013359D0,0.9892191866627075D0,                     0000073P   2585
1.204656409030062D-16,0.003664088541982777D0,                    0000073P   2586
0.9948587345733626D0,3.184279443182473D-18,                      0000073P   2587
0.00174736832478774D0,0.9972142102344281D0,                      0000073P   2588
1.814831017465562D-18,0.000946809859428253D0,                    0000073P   2589
-0.07088946361159457D0,-0.002863505562132499D0,0.0D0,1.0D0,      0000073P   2590
0.0D0;                                                           0000073P   2591
102,3,69,71,73;                                                  0000075P   2592
142,0,59,67,75,1;                                                0000077P   2593
144,59,1,0,77;                                                   0000079P   2594
128,4,99,3,3,0,0,1,0,0,0.0D0,0.0D0,0.0D0,0.0D0,0.5D0,1.0D0,      0000081P   2595
1.0D0,1.0D0,1.0D0,0.0D0,0.0D0,0.0D0,0.0D0,                       0000081P   2596
0.001749342065201726D0,0.003498684130403453D0,                   0000081P   2597
0.005248026195605179D0,0.006997368260806906D0,                   0000081P   2598
0.008746710326008633D0,0.01049605239121036D0,                    0000081P   2599
0.01224539445641208D0,0.01399473652161381D0,                     0000081P   2600
0.01574407858681554D0,0.01749342065201727D0,                     0000081P   2601
0.01924276271721899D0,0.02099210478242072D0,                     0000081P   2602
0.02274144684762244D0,0.02449078891282417D0,                     0000081P   2603
0.0262401309780259D0,0.02798947304322762D0,                      0000081P   2604
0.02973881510842935D0,0.03148815717363108D0,                     0000081P   2605
0.0332374992388328D0,0.03498684130403453D0,                      0000081P   2606
0.03673618336923626D0,0.03848552543443799D0,                     0000081P   2607
0.04023486749963971D0,0.04198420956484143D0,                     0000081P   2608
0.04373355163004316D0,0.04548289369524489D0,                     0000081P   2609
0.04723223576044661D0,0.04898157782564834D0,                     0000081P   2610
0.05073091989085007D0,0.05248026195605179D0,                     0000081P   2611
0.05422960402125352D0,0.05597894608645525D0,                     0000081P   2612
0.05772828815165697D0,0.0594776302168587D0,                      0000081P   2613
0.06122697228206043D0,0.06297631434726216D0,                     0000081P   2614
0.06472565641246388D0,0.06647499847766561D0,                     0000081P   2615
0.06822434054286733D0,0.06997368260806906D0,                     0000081P   2616
0.07172302467327078D0,0.07347236673847252D0,                     0000081P   2617
0.07522170880367424D0,0.07697105086887597D0,                     0000081P   2618
0.07872039293407769D0,0.08046973499927942D0,                     0000081P   2619
0.08221907706448114D0,0.08396841912968286D0,                     0000081P   2620
0.08571776119488461D0,0.08746710326008633D0,                     0000081P   2621
0.08921644532528805D0,0.09096578739048979D0,                     0000081P   2622
0.09271512945569151D0,0.09446447152089324D0,                     0000081P   2623
0.09621381358609496D0,0.09796315565129669D0,                     0000081P   2624
0.09971249771649841D0,0.1014618397817001D0,0.1032111818469019D0, 0000081P   2625
0.1049605239121036D0,0.1067098659773053D0,0.1084592080425071D0,  0000081P   2626
0.1102085501077088D0,0.1119578921729105D0,0.1137072342381122D0,  0000081P   2627
0.115456576303314D0,0.1172059183685157D0,0.1189552604337174D0,   0000081P   2628
0.1207046024989191D0,0.1224539445641209D0,0.1242032866293226D0,  0000081P   2629
0.1259526286945243D0,0.1277019707597261D0,0.1294513128249278D0,  0000081P   2630
0.1312006548901295D0,0.1329499969553312D0,0.1346993390205329D0,  0000081P   2631
0.1364486810857347D0,0.1381980231509364D0,0.1399473652161381D0,  0000081P   2632
0.1416967072813398D0,0.1434460493465416D0,0.1451953914117433D0,  0000081P   2633
0.146944733476945D0,0.1486940755421468D0,0.1504434176073485D0,   0000081P   2634
0.1521927596725502D0,0.1539421017377519D0,0.1556914438029537D0,  0000081P   2635
0.1574407858681554D0,0.1591901279333571D0,0.1609394699985588D0,  0000081P   2636
0.1626888120637606D0,0.1644381541289623D0,0.166187496194164D0,   0000081P   2637
0.1679368382593658D0,0.1696861803245675D0,0.1696861803245675D0,  0000081P   2638
0.1696861803245675D0,0.1696861803245675D0,1.0D0,1.0D0,1.0D0,     0000081P   2639
1.0D0,1.0D0,1.0D0,1.0D0,1.0D0,1.0D0,1.0D0,1.0D0,1.0D0,1.0D0,     0000081P   2640
1.0D0,1.0D0,1.0D0,1.0D0,1.0D0,1.0D0,1.0D0,1.0D0,1.0D0,1.0D0,     0000081P   2641
1.0D0,1.0D0,1.0D0,1.0D0,1.0D0,1.0D0,1.0D0,1.0D0,1.0D0,1.0D0,     0000081P   2642
1.0D0,1.0D0,1.0D0,1.0D0,1.0D0,1.0D0,1.0D0,1.0D0,1.0D0,1.0D0,     0000081P   2643
1.0D0,1.0D0,1.0D0,1.0D0,1.0D0,1.0D0,1.0D0,1.0D0,1.0D0,1.0D0,     0000081P   2644
1.0D0,1.0D0,1.0D0,1.0D0,1.0D0,1.0D0,1.0D0,1.0D0,1.0D0,1.0D0,     0000081P   2645
1.0D0,1.0D0,1.0D0,1.0D0,1.0D0,1.0D0,1.0D0,1.0D0,1.0D0,1.0D0,     0000081P   2646
1.0D0,1.0D0,1.0D0,1.0D0,1.0D0,1.0D0,1.0D0,1.0D0,1.0D0,1.0D0,     0000081P   2647
1.0D0,1.0D0,1.0D0,1.0D0,1.0D0,1.0D0,1.0D0,1.0D0,1.0D0,1.0D0,     0000081P   2648
1.0D0,1.0D0,1.0D0,1.0D0,1.0D0,1.0D0,1.0D0,1.0D0,1.0D0,1.0D0,     0000081P   2649
1.0D0,1.0D0,1.0D0,1.0D0,1.0D0,1.0D0,1.0D0,1.0D0,1.0D0,1.0D0,     0000081P   2650
1.0D0,1.0D0,1.0D0,1.0D0,1.0D0,1.0D0,1.0D0,1.0D0,1.0D0,1.0D0,     0000081P   2651
1.0D0,1.0D0,1.0D0,1.0D0,1.0D0,1.0D0,1.0D0,1.0D0,1.0D0,1.0D0,     0000081P   2652
1.0D0,1.0D0,1.0D0,1.0D0,1.0D0,1.0D0,1.0D0,1.0D0,1.0D0,1.0D0,     0000081P   2653
1.0D0,1.0D0,1.0D0,1.0D0,1.0D0,1.0D0,1.0D0,1.0D0,1.0D0,1.0D0,     0000081P   2654
1.0D0,1.0D0,1.0D0,1.0D0,1.0D0,1.0D0,1.0D0,1.0D0,1.0D0,1.0D0,     0000081P   2655
1.0D0,1.0D0,1.0D0,1.0D0,1.0D0,1.0D0,1.0D0,1.0D0,1.0D0,1.0D0,     0000081P   2656
1.0D0,1.0D0,1.0D0,1.0D0,1.0D0,1.0D0,1.0D0,1.0D0,1.0D0,1.0D0,     0000081P   2657
1.0D0,1.0D0,1.0D0,1.0D0,1.0D0,1.0D0,1.0D0,1.0D0,1.0D0,1.0D0,     0000081P   2658
1.0D0,1.0D0,1.0D0,1.0D0,1.0D0,1.0D0,1.0D0,1.0D0,1.0D0,1.0D0,     0000081P   2659
1.0D0,1.0D0,1.0D0,1.0D0,1.0D0,1.0D0,1.0D0,1.0D0,1.0D0,1.0D0,     0000081P   2660
1.0D0,1.0D0,1.0D0,1.0D0,1.0D0,1.0D0,1.0D0,1.0D0,1.0D0,1.0D0,     0000081P   2661
1.0D0,1.0D0,1.0D0,1.0D0,1.0D0,1.0D0,1.0D0,1.0D0,1.0D0,1.0D0,     0000081P   2662
1.0D0,1.0D0,1.0D0,1.0D0,1.0D0,1.0D0,1.0D0,1.0D0,1.0D0,1.0D0,     0000081P   2663
1.0D0,1.0D0,1.0D0,1.0D0,1.0D0,1.0D0,1.0D0,1.0D0,1.0D0,1.0D0,     0000081P   2664
1.0D0,1.0D0,1.0D0,1.0D0,1.0D0,1.0D0,1.0D0,1.0D0,1.0D0,1.0D0,     0000081P   2665
1.0D0,1.0D0,1.0D0,1.0D0,1.0D0,1.0D0,1.0D0,1.0D0,1.0D0,1.0D0,     0000081P   2666
1.0D0,1.0D0,1.0D0,1.0D0,1.0D0,1.0D0,1.0D0,1.0D0,1.0D0,1.0D0,     0000081P   2667
1.0D0,1.0D0,1.0D0,1.0D0,1.0D0,1.0D0,1.0D0,1.0D0,1.0D0,1.0D0,     0000081P   2668
1.0D0,1.0D0,1.0D0,1.0D0,1.0D0,1.0D0,1.0D0,1.0D0,1.0D0,1.0D0,     0000081P   2669
1.0D0,1.0D0,1.0D0,1.0D0,1.0D0,1.0D0,1.0D0,1.0D0,1.0D0,1.0D0,     0000081P   2670
1.0D0,1.0D0,1.0D0,1.0D0,1.0D0,1.0D0,1.0D0,1.0D0,1.0D0,1.0D0,     0000081P   2671
1.0D0,1.0D0,1.0D0,1.0D0,1.0D0,1.0D0,1.0D0,1.0D0,1.0D0,1.0D0,     0000081P   2672
1.0D0,1.0D0,1.0D0,1.0D0,1.0D0,1.0D0,1.0D0,1.0D0,1.0D0,1.0D0,     0000081P   2673
1.0D0,1.0D0,1.0D0,1.0D0,1.0D0,1.0D0,1.0D0,1.0D0,1.0D0,1.0D0,     0000081P   2674
1.0D0,1.0D0,1.0D0,1.0D0,1.0D0,1.0D0,1.0D0,1.0D0,1.0D0,1.0D0,     0000081P   2675
1.0D0,1.0D0,1.0D0,1.0D0,1.0D0,1.0D0,1.0D0,1.0D0,1.0D0,1.0D0,     0000081P   2676
1.0D0,1.0D0,1.0D0,1.0D0,1.0D0,1.0D0,1.0D0,1.0D0,1.0D0,1.0D0,     0000081P   2677
1.0D0,1.0D0,1.0D0,1.0D0,1.0D0,1.0D0,1.0D0,1.0D0,1.0D0,1.0D0,     0000081P   2678
1.0D0,1.0D0,1.0D0,1.0D0,1.0D0,1.0D0,1.0D0,1.0D0,1.0D0,1.0D0,     0000081P   2679
1.0D0,1.0D0,1.0D0,1.0D0,1.0D0,1.0D0,1.0D0,1.0D0,1.0D0,1.0D0,     0000081P   2680
1.0D0,1.0D0,1.0D0,1.0D0,1.0D0,1.0D0,1.0D0,1.0D0,1.0D0,1.0D0,     0000081P   2681
1.0D0,1.0D0,1.0D0,1.0D0,1.0D0,1.0D0,1.0D0,1.0D0,1.0D0,1.0D0,     0000081P   2682
1.0D0,1.0D0,1.0D0,1.0D0,1.0D0,1.0D0,1.0D0,1.0D0,1.0D0,1.0D0,     0000081P   2683
1.0D0,1.0D0,1.0D0,1.0D0,1.0D0,1.0D0,1.0D0,1.0D0,1.0D0,1.0D0,     0000081P   2684
1.0D0,1.0D0,1.0D0,1.0D0,1.0D0,1.0D0,1.0D0,1.0D0,1.0D0,1.0D0,     0000081P   2685
1.0D0,1.0D0,1.0D0,1.0D0,1.0D0,1.0D0,1.0D0,1.0D0,1.0D0,1.0D0,     0000081P   2686
1.0D0,1.0D0,1.0D0,1.0D0,1.0D0,1.0D0,1.0D0,1.0D0,1.0D0,1.0D0,     0000081P   2687
1.0D0,1.0D0,1.0D0,1.0D0,1.0D0,1.0D0,1.0D0,1.0D0,1.0D0,1.0D0,     0000081P   2688
1.0D0,1.0D0,1.0D0,1.0D0,1.0D0,1.0D0,1.0D0,0.9972142102344284D0,  0000081P   2689
1.814831017465562D-18,0.0009468098594282556D0,                   0000081P   2690
0.9976444988449371D0,-3.362981090002508D-07,                     0000081P   2691
0.000799837324817471D0,0.9981403341126942D0,                     0000081P   2692
-7.238251288900041D-07,8.305375809834759D-12,                    0000081P   2693
0.9976444988309535D0,-3.36298098071234D-07,                      0000081P   2694
-0.0007998373414281139D0,0.9972142102344279D0,                   0000081P   2695
1.814831017465646D-18,-0.0009468098594281827D0,                  0000081P   2696
0.9972132907811418D0,-0.0005887234260972883D0,                   0000081P   2697
0.0009468230377020746D0,0.9976436518216434D0,                    0000081P   2698
-0.0005888401756763177D0,0.0007998747290843964D0,                0000081P   2699
0.9981396149858991D0,-0.0005889747460440775D0,                   0000081P   2700
8.30466821926256D-12,0.9976436518076572D0,                       0000081P   2701
-0.0005888401756708082D0,-0.0007998747456955904D0,               0000081P   2702
0.9972132907811414D0,-0.0005887234260952584D0,                   0000081P   2703
-0.0009468230377021591D0,0.997211233968903D0,                    0000081P   2704
-0.001765978912497568D0,0.0009468618470067449D0,                 0000081P   2705
0.9976417323014216D0,-0.001765777929187744D0,                    0000081P   2706
0.0007999775153988459D0,0.9981379721143699D0,                    0000081P   2707
-0.001765546310928721D0,8.303409972997449D-12,                   0000081P   2708
0.9976417322874302D0,-0.001765777929189553D0,                    0000081P   2709
-0.0007999775320109482D0,0.9972112339689032D0,                   0000081P   2710
-0.001765978912491975D0,-0.0009468618470071018D0,                0000081P   2711
0.9972074258542774D0,-0.003531383093930863D0,                    0000081P   2712
0.0009469571443715059D0,0.9976381153473821D0,                    0000081P   2713
-0.003531008548394035D0,0.0008002161330126781D0,                 0000081P   2714
0.9981348432208124D0,-0.003530576586145308D0,                    0000081P   2715
8.301934152333853D-12,0.9976381153333811D0,                      0000081P   2716
-0.003531008548398128D0,-0.000800216149625572D0,                 0000081P   2717
0.9972074258542784D0,-0.003531383093921297D0,                    0000081P   2718
-0.0009469571443721583D0,0.9972028256412946D0,                   0000081P   2719
-0.005296397210938093D0,0.0009470892578741498D0,                 0000081P   2720
0.997633699189636D0,-0.005296095578527477D0,                     0000081P   2721
0.0008005397333758612D0,0.9981309985101062D0,                    0000081P   2722
-0.005295747391117529D0,8.300826323475444D-12,                   0000081P   2723
0.9976336991756278D0,-0.005296095578526895D0,                    0000081P   2724
-0.0008005397499890216D0,0.9972028256412957D0,                   0000081P   2725
-0.005296397210925799D0,-0.0009470892578749938D0,                0000081P   2726
0.9971973640865586D0,-0.007061102057024476D0,                    0000081P   2727
0.0009472579275846443D0,0.9976284219466441D0,                    0000081P   2728
-0.007061068111057122D0,0.0008009489036677842D0,                 0000081P   2729
0.9981263861367489D0,-0.007061028763294878D0,                    0000081P   2730
8.300027560715638D-12,0.997628421932622D0,                       0000081P   2731
-0.007061068111046481D0,-0.0008009489202806967D0,                0000081P   2732
0.9971973640865603D0,-0.007061102057010584D0,                    0000081P   2733
-0.0009472579275855889D0,0.9971909718905545D0,                   0000081P   2734
-0.00882557073747741D0,0.0009474628997893072D0,                  0000081P   2735
0.9976222213418755D0,-0.008825952252232179D0,                    0000081P   2736
0.000801444271817579D0,0.998120953578546D0,                      0000081P   2737
-0.008826393250375847D0,8.299494139982455D-12,                   0000081P   2738
0.997622221327841D0,-0.008825952252207508D0,                     0000081P   2739
-0.0008014442884297703D0,0.9971909718905561D0,                   0000081P   2740
-0.008825570737462924D0,-0.0009474628997902708D0,                0000081P   2741
0.9971835796849887D0,-0.01058986904258028D0,                     0000081P   2742
0.0009477039262106403D0,0.9976150346532227D0,                    0000081P   2743
-0.01059077149018077D0,0.0008020265061338695D0,                  0000081P   2744
0.9981146475583087D0,-0.01059181620099987D0,                     0000081P   2745
8.299172027593632D-12,0.9976150346391759D0,                      0000081P   2746
-0.01059077149013939D0,-0.0008020265227448877D0,                 0000081P   2747
0.9971835796849904D0,-0.01058986904256608D0,                     0000081P   2748
-0.0009477039262115537D0,0.9971751180288944D0,                   0000081P   2749
-0.01235405494989342D0,0.0009479807630427083D0,                  0000081P   2750
0.9976067986714756D0,-0.01235554615990928D0,                     0000081P   2751
0.0008026963142764453D0,0.9981074139731099D0,                    0000081P   2752
-0.0123572751275707D0,8.299008506863852D-12,0.997606798657412D0, 0000081P   2753
-0.01235554615984958D0,-0.0008026963308858608D0,                 0000081P   2754
0.9971751180288958D0,-0.01235405494988028D0,                     0000081P   2755
-0.0009479807630435124D0,0.9971655173951158D0,                   0000081P   2756
-0.01411818058844863D0,0.0009482931704736649D0,                  0000081P   2757
0.9975974496473197D0,-0.01412029538780386D0,                     0000081P   2758
0.0008034544434242594D0,0.998099197810383D0,                     0000081P   2759
-0.01412275158214141D0,8.298955252209019D-12,                    0000081P   2760
0.9975974496332394D0,-0.01412029538772523D0,                     0000081P   2761
-0.0008034544600316734D0,0.9971655173951173D0,                   0000081P   2762
-0.0141181805884372D0,-0.000948293170474312D0,                   0000081P   2763
0.9971547081972346D0,-0.01588228769936474D0,                     0000081P   2764
0.0009486409110468586D0,0.9975869232763801D0,                    0000081P   2765
-0.0158850325333269D0,0.0008043016775749095D0,                   0000081P   2766
0.9980899430946886D0,-0.01588822654319698D0,                     0000081P   2767
8.298958067069277D-12,0.9975869232622794D0,                      0000081P   2768
-0.01588503253322958D0,-0.0008043016941799428D0,                 0000081P   2769
0.9971547081972352D0,-0.01588228769935554D0,                     0000081P   2770
-0.0009486409110473126D0,0.997142620762113D0,                    0000081P   2771
-0.01764641377623789D0,0.0009490237499486345D0,                  0000081P   2772
0.9975751546297067D0,-0.01764977132015273D0,                     0000081P   2773
0.0008052388394870442D0,0.9980795927835275D0,                    0000081P   2774
-0.01765368651653872D0,8.298962657308128D-12,                    0000081P   2775
0.9975751546155815D0,-0.01764977132003747D0,                     0000081P   2776
-0.0008052388560893371D0,0.9971426207621132D0,                   0000081P   2777
-0.01764641377623132D0,-0.0009490237499488693D0,                 0000081P   2778
0.9971291853644328D0,-0.01941058749852293D0,                     0000081P   2779
0.0009494414534315742D0,0.9975620781431774D0,                    0000081P   2780
-0.01941452126079071D0,0.0008062667880597962D0,                  0000081P   2781
0.9980680887116299D0,-0.01941911894408998D0,                     0000081P   2782
8.298922291114015D-12,0.99756207812903D0,-0.01941452126065907D0, 0000081P   2783
-0.0008062668046590232D0,0.9971291853644328D0,                   0000081P   2784
-0.01941058749851927D0,-0.000949441453431575D0,                  0000081P   2785
0.997114332231233D0,-0.02117483063646231D0,                      0000081P   2786
0.0009498937883720447D0,0.9975476275762174D0,                    0000081P   2787
-0.02117928955889671D0,0.0008073864184219963D0,                  0000081P   2788
0.9980553715047541D0,-0.02118451411199156D0,                     0000081P   2789
8.298774071160273D-12,0.997547627562039D0,-0.0211792895587503D0, 0000081P   2790
-0.0008073864350178353D0,0.9971143322312326D0,                   0000081P   2791
-0.02117483063646174D0,-0.0009498937883718083D0,                 0000081P   2792
0.9970979915636612D0,-0.02293915751677045D0,                     0000081P   2793
0.000950380521422381D0,0.9975317359858509D0,                     0000081P   2794
-0.02294408057462691D0,0.0008085986609944327D0,                  0000081P   2795
0.9980413805032111D0,-0.02294986463950743D0,                     0000081P   2796
8.298470566492324D-12,0.9975317359716442D0,                      0000081P   2797
-0.02294408057446787D0,-0.0008085986775865948D0,                 0000081P   2798
0.9970979915636597D0,-0.02293915751677299D0,                     0000081P   2799
-0.000950380521421915D0,0.9970800935598658D0,                    0000081P   2800
-0.02470357512769493D0,0.0009509014182840328D0,                  0000081P   2801
0.9975143357005174D0,-0.02470889593209753D0,                     0000081P   2802
0.0008099044807979332D0,0.9980260536811185D0,                    0000081P   2803
-0.02471516562904125D0,8.297951822768818D-12,                    0000081P   2804
0.9975143356862759D0,-0.02470889593192779D0,                     0000081P   2805
-0.0008099044973861396D0,0.9970800935598638D0,                   0000081P   2806
-0.02470357512770053D0,-0.0009509014182833557D0,                 0000081P   2807
0.9970605684435134D0,-0.02646808303092891D0,                     0000081P   2808
0.0009514562429549219D0,0.9974953582980781D0,                    0000081P   2809
-0.02647373443542267D0,0.000811304876647742D0,                   0000081P   2810
0.9980093275650034D0,-0.02648041464336932D0,                     0000081P   2811
8.297165190928658D-12,0.9974953582838016D0,                      0000081P   2812
-0.02647373443524438D0,-0.0008113048932317386D0,                 0000081P   2813
0.9970605684435108D0,-0.02646808303093738D0,                     0000081P   2814
-0.0009514562429540625D0,0.9970393464966326D0,                   0000081P   2815
-0.0282326733356353D0,0.0009520447570027829D0,                   0000081P   2816
0.9974747345867989D0,-0.02823859204813228D0,                     0000081P   2817
0.0008128008803541941D0,0.997991137150398D0,                     0000081P   2818
-0.02824561176523003D0,8.296050431474748D-12,                    0000081P   2819
0.9974747345724826D0,-0.02823859204794711D0,                     0000081P   2820
-0.0008128008969337376D0,0.9970393464966296D0,                   0000081P   2821
-0.02823267333564629D0,-0.0009520447570017824D0,                 0000081P   2822
0.997016358098149D0,-0.02999733054973142D0,                      0000081P   2823
0.0009526667187962228D0,0.9974523945908752D0,                    0000081P   2824
-0.03000346174987453D0,0.0008143935557633499D0,                  0000081P   2825
0.9979714158175352D0,-0.03001075955263567D0,                     0000081P   2826
8.294549219431392D-12,0.9974523945765148D0,                      0000081P   2827
-0.03000346174968384D0,-0.0008143935723382123D0,                 0000081P   2828
0.9970163580981454D0,-0.02999733054974451D0,                     0000081P   2829
-0.0009526667187951332D0,0.9969915337646027D0,                   0000081P   2830
-0.03176203179618189D0,0.0009533218829077993D0,                  0000081P   2831
0.9974282675367547D0,-0.03176833375940692D0,                     0000081P   2832
0.0008160839981359336D0,0.9979500952423072D0,                    0000081P   2833
-0.03177586338147981D0,8.292604788476527D-12,                    0000081P   2834
0.9974282675223503D0,-0.03176833375921168D0,                     0000081P   2835
-0.0008160840147059066D0,0.9969915337645983D0,                   0000081P   2836
-0.03176203179619655D0,-0.0009533218829066821D0,                 0000081P   2837
0.9969648042009291D0,-0.03352674600939429D0,                     0000081P   2838
0.0009540099990377954D0,0.9974022818496682D0,                    0000081P   2839
-0.03353319473093933D0,0.000817873332361899D0,                   0000081P   2840
0.9979271053113457D0,-0.0335409307738279D0,                      0000081P   2841
8.290151897891538D-12,0.9974022818352142D0,                      0000081P   2842
-0.03353319473073962D0,-0.0008178733489267778D0,                 0000081P   2843
0.996964804200924D0,-0.03352674600940982D0,                      0000081P   2844
-0.0009540099990367258D0,0.9969361003681859D0,                   0000081P   2845
-0.03529143480832149D0,0.0009547308119520646D0,                  0000081P   2846
0.9973743651613933D0,-0.03529802864667026D0,                     0000081P   2847
0.0008197627131640587D0,0.9979023740382241D0,                    0000081P   2848
-0.03530597246781407D0,8.287133251341457D-12,                    0000081P   2849
0.9973743651468876D0,-0.0352980286464655D0,                      0000081P   2850
-0.0008197627297236609D0,0.9969361003681803D0,                   0000081P   2851
-0.03529143480833709D0,-0.000954730811951126D0,                  0000081P   2852
0.9969053534465128D0,-0.03705605173846876D0,                     0000081P   2853
0.0009554840593939439D0,0.9973444442325489D0,                    0000081P   2854
-0.03706281599678677D0,0.0008217533220384705D0,                  0000081P   2855
0.997875827408841D0,-0.03707100169897523D0,8.28348158504005D-12, 0000081P   2856
0.9973444442179904D0,-0.03706281599657526D0,                     0000081P   2857
-0.0008217533385926144D0,0.9969053534465065D0,                   0000081P   2858
-0.03705605173848349D0,-0.0009554840593932329D0,                 0000081P   2859
0.9968724952907867D0,-0.03882054213475988D0,                     0000081P   2860
0.0009562694755524119D0,0.9973124452908504D0,                    0000081P   2861
-0.03882753387083943D0,0.0008238463707850065D0,                  0000081P   2862
0.9978473895462299D0,-0.0388360347701045D0,                      0000081P   2863
8.279133588206439D-12,0.9973124452762335D0,                      0000081P   2864
-0.03882753387061836D0,-0.0008238463873335245D0,                 0000081P   2865
0.9968724952907803D0,-0.03882054213477276D0,                     0000081P   2866
-0.0009562694755520352D0,0.9968374570248282D0,                   0000081P   2867
-0.04058484416808061D0,0.0009570867750989865D0,                  0000081P   2868
0.9972782927937163D0,-0.04059215613211926D0,                     0000081P   2869
0.0008260430833487642D0,0.997816981631001D0,                     0000081P   2870
-0.04060109039254003D0,8.274023358096071D-12,                    0000081P   2871
0.9972782927790398D0,-0.04059215613188438D0,                     0000081P   2872
-0.0008260430998914928D0,0.9968374570248215D0,                   0000081P   2873
-0.04058484416809044D0,-0.0009570867750990611D0,                 0000081P   2874
0.9968001746285702D0,-0.04234888406333921D0,                     0000081P   2875
0.0009579357092407805D0,0.9972419141160621D0,                    0000081P   2876
-0.04235665185030768D0,0.0008283447568157667D0,                  0000081P   2877
0.9977845254716695D0,-0.04236619227721834D0,                     0000081P   2878
8.268077745866408D-12,0.9972419141013231D0,                      0000081P   2879
-0.04235665185005345D0,-0.0008283447733525527D0,                 0000081P   2880
0.9968001746285631D0,-0.04234888406334472D0,                     0000081P   2881
-0.0009579357092414375D0,0.9967605681236162D0,                   0000081P   2882
-0.04411259426468481D0,0.0009588158502247415D0,                  0000081P   2883
0.9972032218694786D0,-0.04412099121853297D0,                     0000081P   2884
0.0008307525240785139D0,0.9977499294853078D0,                    0000081P   2885
-0.04413136045176193D0,8.261247698035501D-12,                    0000081P   2886
0.9972032218546771D0,-0.04412099121825219D0,                     0000081P   2887
-0.0008307525406091884D0,0.9967605681236087D0,                   0000081P   2888
-0.04411259426468468D0,-0.0009588158502261154D0,                 0000081P   2889
0.9967184361936456D0,-0.04587601656133132D0,                     0000081P   2890
0.0009597255311451884D0,0.9971620237543053D0,                    0000081P   2891
-0.04588518488457935D0,0.0008332662041169686D0,                  0000081P   2892
0.997713017116312D0,-0.04589657116951449D0,                      0000081P   2893
8.253673448894958D-12,0.9971620237394394D0,                      0000081P   2894
-0.04588518488426645D0,-0.0008332662206411144D0,                 0000081P   2895
0.9967184361936383D0,-0.04587601656132461D0,                     0000081P   2896
-0.0009597255311473694D0,0.9966735882561449D0,                   0000081P   2897
-0.0476391784324786D0,0.0009606631962192774D0,                   0000081P   2898
0.9971181344104155D0,-0.04764923754997799D0,                     0000081P   2899
0.0008358857769359259D0,0.9976736145963377D0,                    0000081P   2900
-0.04766180453497329D0,8.245477373031192D-12,                    0000081P   2901
0.9971181343954785D0,-0.04764923754962833D0,                     0000081P   2902
-0.0008358857934528984D0,0.9966735882561371D0,                   0000081P   2903
-0.04763917843246494D0,-0.0009606631962223145D0,                 0000081P   2904
0.9966258309145507D0,-0.04940210588105173D0,                     0000081P   2905
0.0009616272612209968D0,0.9970713638221502D0,                    0000081P   2906
-0.04941315294091943D0,0.000838611230455907D0,                   0000081P   2907
0.9976315416034265D0,-0.04942703997380551D0,                     0000081P   2908
8.236791172992679D-12,0.9970713638071422D0,                      0000081P   2909
-0.04941315294052949D0,-0.0008386112469648294D0,                 0000081P   2910
0.9966258309145426D0,-0.0494021058810311D0,                      0000081P   2911
-0.0009616272612248975D0,0.9965749715916042D0,                   0000081P   2912
-0.0511648197896531D0,0.000962616149997807D0,                    0000081P   2913
0.9970215202611552D0,-0.05117693225922715D0,                     0000081P   2914
0.0008414425996599366D0,0.9975866133181217D0,                    0000081P   2915
-0.0511922572295372D0,8.227744663260032D-12,                     0000081P   2916
0.9970215202460739D0,-0.05117693225879458D0,                     0000081P   2917
-0.0008414426161596973D0,0.9965749715915965D0,                   0000081P   2918
-0.05116481978962599D0,-0.000962616150002537D0,                  0000081P   2919
0.9965208175713614D0,-0.052927337137893D0,                       0000081P   2920
0.0009636282841419348D0,0.9969684093417588D0,                    0000081P   2921
-0.05294057482705222D0,0.0008443799550203237D0,                  0000081P   2922
0.9975386394070118D0,-0.05295743633720999D0,                     0000081P   2923
8.218468159447819D-12,0.996968409326598D0,                       0000081P   2924
-0.05294057482657542D0,-0.0008443799715095705D0,                 0000081P   2925
0.996520817571353D0,-0.05292733713786028D0,                      0000081P   2926
-0.000963628284147417D0,0.9964631762438357D0,                    0000081P   2927
-0.05468967017303789D0,0.0009646620847974564D0,                  0000081P   2928
0.9969118340935613D0,-0.05470407740837913D0,                     0000081P   2929
0.0008474234031642869D0,0.997487423783235D0,                     0000081P   2930
-0.05472255715816614D0,8.209096414351776D-12,                    0000081P   2931
0.9969118340783208D0,-0.05470407740785752D0,                     0000081P   2932
-0.0008474234196414314D0,0.9964631762438264D0,                   0000081P   2933
-0.05468967017300092D0,-0.0009646620848035734D0,                 0000081P   2934
0.9964018552441395D0,-0.05645182665246322D0,                     0000081P   2935
0.00096571597181224D0,0.9968515949525136D0,                      0000081P   2936
-0.05646743438358481D0,0.0008505730857136641D0,                  0000081P   2937
0.9974327642908907D0,-0.05648759950975957D0,                     0000081P   2938
8.199765446548101D-12,0.9968515949371888D0,                      0000081P   2939
-0.0564674343830186D0,-0.0008505731021768757D0,                  0000081P   2940
0.9964018552441297D0,-0.05645182665242384D0,                     0000081P   2941
-0.000965715971818832D0,0.9963366618169174D0,                    0000081P   2942
-0.05821380951184611D0,0.0009667883626007527D0,                  0000081P   2943
0.9967874890565205D0,-0.05823063750994684D0,                     0000081P   2944
0.0008538291757545022D0,0.9973744517719456D0,                    0000081P   2945
-0.05825254309610656D0,8.190612833172154D-12,                    0000081P   2946
0.9967874890411097D0,-0.05823063750933701D0,                     0000081P   2947
-0.0008538291922017056D0,0.9963366618169066D0,                   0000081P   2948
-0.05821380951180646D0,-0.0009667883626076181D0,                 0000081P   2949
0.9962674054557584D0,-0.05997561715084034D0,                     0000081P   2950
0.0009678776748021736D0,0.9967193124651975D0,                    0000081P   2951
-0.05999367588369135D0,0.0008571918845943825D0,                  0000081P   2952
0.9973122715821535D0,-0.06001736710501197D0,                     0000081P   2953
8.18178166176827D-12,0.996719312449698D0,-0.05999367588303953D0, 0000081P   2954
-0.0008571919010232563D0,0.9962674054557463D0,                   0000081P   2955
-0.05997561715080317D0,-0.0009678776748090698D0,                 0000081P   2956
0.9961938882775303D0,-0.06173724173427151D0,                     0000081P   2957
0.0009689823143173192D0,0.9966468514310062D0,                    0000081P   2958
-0.06175653542623033D0,0.0008606614294513744D0,                  0000081P   2959
0.9972459958123887D0,-0.06178205132463069D0,                     0000081P   2960
8.173409634282156D-12,0.9966468514154166D0,                      0000081P   2961
-0.06175653542553886D0,-0.0008606614458593503D0,                 0000081P   2962
0.9961938882775163D0,-0.06173724173423992D0,                     0000081P   2963
-0.000968982314323962D0,0.9961159412019398D0,                    0000081P   2964
-0.06349867573967025D0,0.0009701007189558744D0,                  0000081P   2965
0.9965699145559961D0,-0.06351920100242446D0,                     0000081P   2966
0.0008642381488141949D0,0.9971754100766463D0,                    0000081P   2967
-0.06354657251779743D0,8.165667072938368D-12,                    0000081P   2968
0.996569914540315D0,-0.06351920100169611D0,                      0000081P   2969
-0.0008642381651984376D0,0.996115941201924D0,                    0000081P   2970
-0.06349867573964783D0,-0.0009701007189619338D0,                 0000081P   2971
0.9960332866751951D0,-0.06525988169168927D0,                     0000081P   2972
0.0009712311878820134D0,0.9964882101396031D0,                    0000081P   2973
-0.06528164299993994D0,0.0008679220463228307D0,                  0000081P   2974
0.9971002092754266D0,-0.06531091326348443D0,                     0000081P   2975
8.15862294847223D-12,0.9964882101238295D0,                       0000081P   2976
-0.06528164299917787D0,-0.0008679220626803244D0,                 0000081P   2977
0.9960332866751769D0,-0.06525988169167984D0,                     0000081P   2978
-0.0009712311878871359D0,0.9959449981520097D0,                   0000081P   2979
-0.06702067093718295D0,0.000972371207487586D0,                   0000081P   2980
0.9964008581678749D0,-0.06704375334333183D0,                     0000081P   2981
0.0008717109423529315D0,0.997019579046194D0,                     0000081P   2982
-0.0670750767368966D0,8.151747788991047D-12,                     0000081P   2983
0.9964008581520083D0,-0.06704375334253443D0,                     0000081P   2984
-0.000871710958681096D0,0.995944998151989D0,                     0000081P   2985
-0.06702067093718869D0,-0.0009723712074915258D0,                 0000081P   2986
0.9958502157624716D0,-0.068780872761913D0,                       0000081P   2987
0.0009735183473871375D0,0.9963070283551179D0,                    0000081P   2988
-0.06880542639167701D0,0.0008756028635067242D0,                  0000081P   2989
0.9969327344109986D0,-0.06883905161904388D0,                     0000081P   2990
8.144558031895789D-12,0.9963070283391527D0,                      0000081P   2991
-0.06880542639083943D0,-0.0008756028798033433D0,                 0000081P   2992
0.9958502157624484D0,-0.06878087276193448D0,                     0000081P   2993
-0.0009735183473897459D0,0.9957480640248613D0,                   0000081P   2994
-0.07054031272069762D0,0.0009746701565984135D0,                  0000081P   2995
0.9962058663865392D0,-0.07056654761639522D0,                     0000081P   2996
0.0008795957615103187D0,0.9968388563297215D0,                    0000081P   2997
-0.07060281416516206D0,8.136546143421561D-12,                    0000081P   2998
0.9962058663704746D0,-0.07056654761550873D0,                     0000081P   2999
-0.0008795957777735624D0,0.9957480640248363D0,                   0000081P   3000
-0.07054031272073397D0,-0.0009746701565996396D0,                 0000081P   3001
0.9956376743892633D0,-0.07229881738207208D0,                     0000081P   3002
0.0009758241918664198D0,0.9960965135267675D0,                    0000081P   3003
-0.07232699545844298D0,0.0008836875837729054D0,                  0000081P   3004
0.9967371069913855D0,-0.07236632613472857D0,                     0000081P   3005
8.127199921383783D-12,0.9960965135105972D0,                      0000081P   3006
-0.07232699545749564D0,-0.0008836876000013264D0,                 0000081P   3007
0.9956376743892374D0,-0.07229881738212085D0,                     0000081P   3008
-0.000975824191866311D0,0.9955181797637389D0,                    0000081P   3009
-0.07405621189707011D0,0.0009769780105194608D0,                  0000081P   3010
0.9959781013125515D0,-0.07408663955865706D0,                     0000081P   3011
0.0008878762493088779D0,0.9966266240062219D0,                    0000081P   3012
-0.0741295336757567D0,8.115991586785819D-12,                     0000081P   3013
0.9959781012962747D0,-0.07408663955763393D0,                     0000081P   3014
-0.0008878762655014074D0,0.9955181797637128D0,                   0000081P   3015
-0.07405621189712741D0,-0.000976978010518163D0,                  0000081P   3016
0.9953887165905073D0,-0.07581231757393163D0,                     0000081P   3017
0.0009781291714992698D0,0.9958497530077752D0,                    0000081P   3018
-0.07584533806722114D0,0.0008921596443367776D0,                  0000081P   3019
0.9965065202382786D0,-0.07589236403015631D0,                     0000081P   3020
8.102386827391659D-12,0.9958497529913883D0,                      0000081P   3021
-0.07584533806610415D0,-0.0008921596604927317D0,                 0000081P   3022
0.9953887165904831D0,-0.0758123175739919D0,                      0000081P   3023
-0.0009781291714970257D0,0.9952484253803973D0,                   0000081P   3024
-0.07756695200799696D0,0.0009792752362689223D0,                  0000081P   3025
0.9957105837262737D0,-0.07760293769340745D0,                     0000081P   3026
0.0008965356201123913D0,0.9963758824542599D0,                    0000081P   3027
-0.07765472515649539D0,8.085834493817512D-12,                    0000081P   3028
0.9957105837097748D0,-0.07760293769217606D0,                     0000081P   3029
-0.0008965356362314687D0,0.9952484253803765D0,                   0000081P   3030
-0.07756695200805326D0,-0.0009792752362660735D0,                 0000081P   3031
0.9950964500383991D0,-0.0793199234646535D0,                      0000081P   3032
0.0009804137653618141D0,0.9955596994730125D0,                    0000081P   3033
-0.07935926823138181D0,0.0009010019697319938D0,                  0000081P   3034
0.9962337689150269D0,-0.07941650010657222D0,                     0000081P   3035
8.065772100219327D-12,0.9955596994564039D0,                      0000081P   3036
-0.07935926823001285D0,-0.0009010019858142668D0,                 0000081P   3037
0.9950964500383834D0,-0.07931992346469741D0,                     0000081P   3038
-0.0009804137653587988D0,0.9949319445894516D0,                   0000081P   3039
-0.081071039794014D0,0.0009815423293020936D0,                    0000081P   3040
0.995396203054529D0,-0.08111415056462409D0,                      0000081P   3041
0.0009055564695922063D0,0.9960792130246057D0,                    0000081P   3042
-0.08117755328560118D0,8.041619329621565D-12,                    0000081P   3043
0.9953962030378092D0,-0.08111415056309224D0,                     0000081P   3044
-0.0009055564856381413D0,0.9949319445894442D0,                   0000081P   3045
-0.0810710397940354D0,-0.0009815423292994479D0,                  0000081P   3046
0.9947540501823683D0,-0.08282008713574726D0,                     0000081P   3047
0.0009826584816637869D0,0.9952191724891388D0,                    0000081P   3048
-0.0828673785329723D0,0.0009101967377491729D0,                   0000081P   3049
0.9959112022673806D0,-0.08293771644978036D0,                     0000081P   3050
8.012809570776701D-12,0.9952191724723163D0,                      0000081P   3051
-0.08286737853125029D0,-0.0009101967537595893D0,                 0000081P   3052
0.9947540501823708D0,-0.08282008713573474D0,                     0000081P   3053
-0.0009826584816621383D0,0.9945619880723942D0,                   0000081P   3054
-0.08456687173834104D0,0.0009837598423031258D0,                  0000081P   3055
0.9950277472494581D0,-0.0846187486403485D0,                      0000081P   3056
0.0009149206477279677D0,0.9957287538728135D0,                    0000081P   3057
-0.08469680020045861D0,7.978638389854611D-12,                    0000081P   3058
0.995027747232538D0,-0.08461874863840718D0,                      0000081P   3059
-0.0009149206637041516D0,0.9945619880724106D0,                   0000081P   3060
-0.08456687173828138D0,-0.000983759842303216D0,                  0000081P   3061
0.9943547121518149D0,-0.08631108488866278D0,                     0000081P   3062
0.000984843806795915D0,0.994820804898406D0,                      0000081P   3063
-0.08636797038753979D0,0.0009197248074896713D0,                  0000081P   3064
0.9955306224600676D0,-0.08645456996234495D0,                     0000081P   3065
7.938862826635074D-12,0.9948208048814038D0,                      0000081P   3066
-0.08636797038534882D0,-0.0009197248234329599D0,                 0000081P   3067
0.9943547121518475D0,-0.08631108488854243D0,                     0000081P   3068
-0.0009848438067985191D0,0.9941283019653266D0,                   0000081P   3069
-0.08805156377214042D0,0.0009859055503571336D0,                  0000081P   3070
0.9945944993682467D0,-0.08811418696001216D0,                     0000081P   3071
0.0009245936326557813D0,0.9953130430321169D0,                    0000081P   3072
-0.08821066886609971D0,7.898362973248769D-12,                    0000081P   3073
0.994594499351163D0,-0.08811418695754475D0,                      0000081P   3074
-0.0009245936485632085D0,0.9941283019653753D0,                   0000081P   3075
-0.08805156377196241D0,-0.0009859055503622339D0,                 0000081P   3076
0.9938790708975305D0,-0.08978718617111067D0,                     0000081P   3077
0.0009869404246519154D0,0.9943451610808701D0,                    0000081P   3078
-0.08985648352499423D0,0.0009295119786114014D0,                  0000081P   3079
0.9950723432104955D0,-0.08996455344527532D0,                     0000081P   3080
7.861800605361684D-12,0.9943451610637078D0,                      0000081P   3081
-0.08985648352222998D0,-0.0009295119944760379D0,                 0000081P   3082
0.9938790708975905D0,-0.08978718617089318D0,                     0000081P   3083
-0.0009869404246587688D0,0.9936033253725223D0,                   0000081P   3084
-0.09151677937948552D0,0.0009879437600981891D0,                  0000081P   3085
0.9940690749905133D0,-0.09159382932941261D0,                     0000081P   3086
0.0009344640860572202D0,0.9948047428750946D0,                    0000081P   3087
-0.091715477673653D0,7.834049637768319D-12,0.9940690749732735D0, 0000081P   3088
-0.09159382932633983D0,-0.0009344641018681028D0,                 0000081P   3089
0.9936033253725856D0,-0.09151677937926223D0,                     0000081P   3090
-0.000987943760105311D0,0.9932974396216327D0,                    0000081P   3091
-0.09323911042892147D0,0.0009889109115357772D0,                  0000081P   3092
0.9937625516244408D0,-0.09332506266601308D0,                     0000081P   3093
0.000939433720929582D0,0.9945064161558805D0,                     0000081P   3094
-0.09346246383328521D0,7.820049152487244D-12,                    0000081P   3095
0.9937625516071191D0,-0.09332506266263163D0,                     0000081P   3096
-0.0009394337366718225D0,0.9932974396216891D0,                   0000081P   3097
-0.09323911042874111D0,-0.0009889109115409586D0,                 0000081P   3098
0.9929578853809088D0,-0.09495288971413191D0,                     0000081P   3099
0.0009898372693826138D0,0.9934219613001154D0,                    0000081P   3100
-0.09504888362965455D0,0.0009444043470713818D0,                  0000081P   3101
0.9941735284484511D0,-0.09520427197421415D0,                     0000081P   3102
7.824960830785676D-12,0.9934219612827151D0,                      0000081P   3103
-0.09504888362597913D0,-0.0009444043627260994D0,                 0000081P   3104
0.9929578853809419D0,-0.0949528897140587D0,                      0000081P   3105
-0.0009898372693829089D0,0.992581152300622D0,                    0000081P   3106
-0.0966566431838751D0,0.0009907181947449758D0,                   0000081P   3107
0.9930436537780301D0,-0.09676377825477134D0,                     0000081P   3108
0.0009493580250059949D0,0.9938021499888083D0,                    0000081P   3109
-0.09693939283905154D0,7.853604231301352D-12,0.99304365376055D0, 0000081P   3110
-0.09676377825083134D0,-0.0009493580405508172D0,                 0000081P   3111
0.9925811523006154D0,-0.09665664318398673D0,                     0000081P   3112
-0.0009907181947367879D0,0.9921587007653729D0,                   0000081P   3113
-0.09834543062191811D0,0.0009915463019252737D0,                  0000081P   3114
0.9926187211935089D0,-0.09846579722702528D0,                     0000081P   3115
0.000954227789313776D0,0.9933825929325848D0,                     0000081P   3116
-0.09866556369424463D0,7.883391472367154D-12,                    0000081P   3117
0.9926187211759826D0,-0.09846579722274663D0,                     0000081P   3118
-0.0009542278047472093D0,0.9921587007653221D0,                   0000081P   3119
-0.09834543062222341D0,-0.0009915463019084152D0,                 0000081P   3120
0.9916823129500726D0,-0.1000142089772552D0,                      0000081P   3121
0.0009923143000841377D0,0.9921385591382741D0,                    0000081P   3122
-0.1001504938139982D0,0.0009589460831268526D0,                   0000081P   3123
0.9929054055186319D0,-0.1003794328157931D0,                      0000081P   3124
7.891816594451276D-12,0.9921385591207603D0,                      0000081P   3125
-0.1001504938092187D0,-0.000958946098467624D0,                   0000081P   3126
0.991682312949988D0,-0.1000142089776962D0,                       0000081P   3127
-0.0009923143000617112D0,0.9911441279089181D0,                   0000081P   3128
-0.1016576582766742D0,0.0009930149652755179D0,                   0000081P   3129
0.9915949324462432D0,-0.1018128097720589D0,                      0000081P   3130
0.0009634442570258186D0,0.9923614931350229D0,                    0000081P   3131
-0.1020764890456079D0,7.855736628607688D-12,                     0000081P   3132
0.9915949324288365D0,-0.1018128097665403D0,                      0000081P   3133
-0.0009634442723129668D0,0.9911441279088229D0,                   0000081P   3134
-0.1016576582771267D0,-0.00099301496525391D0,                    0000081P   3135
0.9905367582703581D0,-0.1032700540393368D0,                      0000081P   3136
0.0009936411344288686D0,0.9909801180933979D0,                    0000081P   3137
-0.1034469546399307D0,0.0009676519031833694D0,                   0000081P   3138
0.9917423105573937D0,-0.103750909973094D0,7.753180184017959D-12, 0000081P   3139
0.9909801180762164D0,-0.1034469546333739D0,                      0000081P   3140
-0.0009676519184749154D0,0.9905367582702893D0,                   0000081P   3141
-0.1032700540396141D0,-0.0009936411344175138D0,                  0000081P   3142
0.9898538036088392D0,-0.1048455305204495D0,                      0000081P   3143
0.00099418618572269D0,0.9902875092145207D0,-0.105046676125342D0, 0000081P   3144
0.000971502987795535D0,0.9910406563097123D0,                     0000081P   3145
-0.1053958036437454D0,7.558537045710039D-12,                     0000081P   3146
0.9902875091977061D0,-0.1050466761173946D0,                      0000081P   3147
-0.0009715030031709313D0,0.989853803608846D0,                    0000081P   3148
-0.1048455305202975D0,-0.0009941861857344864D0,                  0000081P   3149
0.9890851108686527D0,-0.106372572553394D0,                       0000081P   3150
0.000994638279597466D0,0.9895057434189338D0,                     0000081P   3151
-0.1066008613749796D0,0.000974834941530359D0,                    0000081P   3152
0.990242618646169D0,-0.1070006127603101D0,7.355161161799387D-12, 0000081P   3153
0.9895057434027099D0,-0.1066008613654165D0,                      0000081P   3154
-0.0009748349570039344D0,0.989085110868811D0,                    0000081P   3155
-0.1063725725527048D0,-0.0009946382796338802D0,                  0000081P   3156
0.9882206231431194D0,-0.1078382705139858D0,                      0000081P   3157
0.0009949847236845576D0,0.9886239336839381D0,                    0000081P   3158
-0.1080962597852935D0,0.0009774768655787195D0,                   0000081P   3159
0.9893354034143899D0,-0.1085512203472819D0,                      0000081P   3160
7.232351179299446D-12,0.9886239336685898D0,                      0000081P   3161
-0.1080962597740561D0,-0.000977476881096998D0,                   0000081P   3162
0.9882206231435344D0,-0.1078382705128046D0,                      0000081P   3163
-0.0009949847237351519D0,0.9872513650056083D0,                   0000081P   3164
-0.1092284918184668D0,0.0009952126635903163D0,                   0000081P   3165
0.9876328349650493D0,-0.1095177511414071D0,                      0000081P   3166
0.0009792587616235956D0,0.9883089373971334D0,                    0000081P   3167
-0.110030322655872D0,7.275082847587747D-12,0.9876328349509024D0, 0000081P   3168
-0.1095177511286237D0,-0.0009792587770697874D0,                  0000081P   3169
0.9872513650064092D0,-0.1092284918169837D0,                      0000081P   3170
-0.0009952126636335078D0,0.9861698695889036D0,                   0000081P   3171
-0.1105272938199125D0,0.0009953092801807427D0,                   0000081P   3172
0.9865254853504535D0,-0.1108478671284494D0,                      0000081P   3173
0.0009800103853946696D0,0.9871569821547383D0,                    0000081P   3174
-0.1114171157953878D0,7.576790493099961D-12,                     0000081P   3175
0.9865254853378469D0,-0.1108478671144669D0,                      0000081P   3176
-0.0009800104005818035D0,0.9861698695902541D0,                   0000081P   3177
-0.1105272938184701D0,-0.0009953092801826551D0,                  0000081P   3178
0.9849848343924756D0,-0.111729961437625D0,                       0000081P   3179
0.0009952738118240473D0,0.9853114659484801D0,                    0000081P   3180
-0.1120801429185766D0,0.0009797301908400051D0,                   0000081P   3181
0.9858910165631338D0,-0.1127015537748054D0,                      0000081P   3182
7.960164867222762D-12,0.9853114659374869D0,                      0000081P   3183
-0.1120801429037018D0,-0.000979730205723759D0,                   0000081P   3184
0.9849848343943062D0,-0.11172996143645D0,                        0000081P   3185
-0.0009952738117746328D0,0.983703978120763D0,                    0000081P   3186
-0.112832190153855D0,0.0009951047004831547D0,                    0000081P   3187
0.9839996819837077D0,-0.1132089183071404D0,                      0000081P   3188
0.0009784208857017418D0,0.9845224896188166D0,                    0000081P   3189
-0.1138751641981913D0,8.25176887068338D-12,0.9839996819741299D0, 0000081P   3190
-0.1132089182916194D0,-0.0009784209003759936D0,                  0000081P   3191
0.983703978122783D0,-0.1128321901530553D0,                       0000081P   3192
-0.0009951047003954878D0,0.9823320731321624D0,                   0000081P   3193
-0.1138262569046422D0,0.0009947968378147115D0,                   0000081P   3194
0.9825964980579101D0,-0.1142254102131893D0,                      0000081P   3195
0.0009760483691230719D0,0.9830610274980778D0,                    0000081P   3196
-0.1149269228320516D0,8.232243980369338D-12,                     0000081P   3197
0.9825964980491843D0,-0.1142254101971857D0,                      0000081P   3198
-0.0009760483838594907D0,0.9823320731337786D0,                   0000081P   3199
-0.1138262569041967D0,-0.0009947968377315155D0,                  0000081P   3200
0.9808814538853559D0,-0.1147143054477018D0,                      0000081P   3201
0.0009943525527523981D0,0.9811158524879064D0,                    0000081P   3202
-0.1151312940924988D0,0.0009727148685167227D0,                   0000081P   3203
0.9815239899885178D0,-0.1158577454811733D0,                      0000081P   3204
7.964790505423744D-12,0.9811158524795652D0,                      0000081P   3205
-0.1151312940761446D0,-0.0009727148835359291D0,                  0000081P   3206
0.9808814538861343D0,-0.1147143054475403D0,                      0000081P   3207
-0.0009943525527082993D0,0.9793671447466386D0,                   0000081P   3208
-0.11550540198418D0,0.0009937786209118812D0,                     0000081P   3209
0.9795738512478149D0,-0.1159359461278373D0,                      0000081P   3210
0.0009685927293081978D0,0.9799298748458816D0,                    0000081P   3211
-0.1166779467678619D0,7.642500018507951D-12,                     0000081P   3212
0.9795738512397169D0,-0.1159359461112421D0,                      0000081P   3213
-0.0009685927446722821D0,0.9793671447465246D0,                   0000081P   3214
-0.115505401984225D0,-0.0009937786209156727D0,                   0000081P   3215
0.9778023452708449D0,-0.1162087208809517D0,                      0000081P   3216
0.0009930801429052321D0,0.977984033930738D0,                     0000081P   3217
-0.1166496013063341D0,0.0009638450274605509D0,                   0000081P   3218
0.9782931064049127D0,-0.1174000777906736D0,                      0000081P   3219
7.456474904035989D-12,0.9779840339231146D0,                      0000081P   3220
-0.1166496012895381D0,-0.0009638450430710476D0,                  0000081P   3221
0.9778023452701812D0,-0.1162087208811025D0,                      0000081P   3222
-0.0009930801429395189D0,0.9761969393780628D0,                   0000081P   3223
-0.1168327519713531D0,0.0009922620699322783D0,                   0000081P   3224
0.9763565125805532D0,-0.1172814285763116D0,                      0000081P   3225
0.0009585914111940885D0,0.9766242960513314D0,                    0000081P   3226
-0.1180348712791948D0,7.454020315925209D-12,                     0000081P   3227
0.9763565125737104D0,-0.1172814285593358D0,                      0000081P   3228
-0.0009585914269075777D0,0.9761969393772859D0,                   0000081P   3229
-0.1168327519715177D0,-0.0009922620699725007D0,                  0000081P   3230
0.9745582139285894D0,-0.1173856813594056D0,                      0000081P   3231
0.000991329877561716D0,0.974698880527136D0,                      0000081P   3232
-0.1178398326972302D0,0.0009529159172112253D0,                   0000081P   3233
0.9749315233922597D0,-0.1185914349465303D0,                      0000081P   3234
7.556698073318179D-12,0.9746988805211989D0,                      0000081P   3235
-0.1178398326801167D0,-0.0009529159329442819D0,                  0000081P   3236
0.9745582139279623D0,-0.117385681359526D0,                       0000081P   3237
-0.0009913298775934634D0,0.9728933455796356D0,                   0000081P   3238
-0.1178766881372102D0,0.0009902890528993751D0,                   0000081P   3239
0.973018103723132D0,-0.1183344764770558D0,                       0000081P   3240
0.0009469092089770335D0,0.9732213059754931D0,                    0000081P   3241
-0.1190805857242678D0,7.714351580967167D-12,                     0000081P   3242
0.9730181037181146D0,-0.1183344764598537D0,                      0000081P   3243
-0.0009469092246841059D0,0.9728933455793014D0,                   0000081P   3244
-0.1178766881372572D0,-0.0009902890529147296D0,                  0000081P   3245
0.9712091280779963D0,-0.1183155778678553D0,                      0000081P   3246
0.0009891451569962633D0,0.9713202841075145D0,                    0000081P   3247
-0.1187756788259907D0,0.0009406599871548352D0,                   0000081P   3248
0.9714984931550854D0,-0.119513798665677D0,7.867944108965297D-12, 0000081P   3249
0.9713202841033193D0,-0.118775678808758D0,                       0000081P   3250
-0.0009406600028372524D0,0.9712091280779558D0,                   0000081P   3251
-0.1183155778678321D0,-0.0009891451569952836D0,                  0000081P   3252
0.9695115155824618D0,-0.1187115785671635D0,                      0000081P   3253
0.0009879031626626403D0,0.9696103809284917D0,                    0000081P   3254
-0.119173151053801D0,0.0009342467417021445D0,                    0000081P   3255
0.9697663549591442D0,-0.1199018168136689D0,                      0000081P   3256
7.970616638168621D-12,0.9696103809249497D0,                      0000081P   3257
-0.1191731510366003D0,-0.000934246757399938D0,                   0000081P   3258
0.9695115155825981D0,-0.118711578567101D0,                       0000081P   3259
-0.0009879031626519948D0,0.9678020747615548D0,                   0000081P   3260
-0.1190679817440791D0,0.000986564802666634D0,                    0000081P   3261
0.9678901809544829D0,-0.1195303479392699D0,                      0000081P   3262
0.0009276887628972494D0,0.9680269334246858D0,                    0000081P   3263
-0.1202484505065972D0,8.035449893357125D-12,                     0000081P   3264
0.9678901809514471D0,-0.1195303479221497D0,                      0000081P   3265
-0.0009276887786398671D0,0.9678020747617786D0,                   0000081P   3266
-0.1190679817440004D0,-0.0009865648026513461D0,                  0000081P   3267
0.9660826410677557D0,-0.119388814229978D0,                       0000081P   3268
0.0009851322025232925D0,0.9661615291519263D0,                    0000081P   3269
-0.1198514599263465D0,0.0009210102093874628D0,                   0000081P   3270
0.9662819743655195D0,-0.1205582398711833D0,8.06993707787773D-12, 0000081P   3271
0.9661615291492629D0,-0.1198514599093432D0,                      0000081P   3272
-0.0009210102251980989D0,0.9660826410679952D0,                   0000081P   3273
-0.1193888142299017D0,-0.0009851322025074571D0,                  0000081P   3274
0.9643548542881815D0,-0.1196780712319242D0,                      0000081P   3275
0.0009836074699466225D0,0.9644260021922128D0,                    0000081P   3276
-0.1201406006707617D0,0.0009142331217664815D0,                   0000081P   3277
0.9645328441726192D0,-0.1208355557115262D0,                      0000081P   3278
8.082868599365822D-12,0.9644260021898172D0,                      0000081P   3279
-0.1201406006539014D0,-0.0009142331376608081D0,                  0000081P   3280
0.9643548542883833D0,-0.1196780712318635D0,                      0000081P   3281
-0.0009836074699331896D0,0.9626203097241195D0,                   0000081P   3282
-0.1199398930165565D0,0.0009819927873523865D0,                   0000081P   3283
0.9626850180242482D0,-0.1204019851499462D0,                      0000081P   3284
0.0009073792898626737D0,0.9627805859121562D0,                    0000081P   3285
-0.121084790588509D0,8.082451933089017D-12,0.9626850180220377D0, 0000081P   3286
-0.1204019851332467D0,-0.0009073793058490983D0,                  0000081P   3287
0.9626203097242519D0,-0.1199398930165194D0,                      0000081P   3288
-0.0009819927873431979D0,0.9608805449854608D0,                   0000081P   3289
-0.1201784475177465D0,0.0009802903841593584D0,                   0000081P   3290
0.960939837969504D0,-0.1206398055895829D0,                       0000081P   3291
0.0009004696481830549D0,0.9610259600243505D0,                    0000081P   3292
-0.1213102290522553D0,8.076670971296573D-12,0.960939837967427D0, 0000081P   3293
-0.1206398055730548D0,-0.0009004696642626906D0,                  0000081P   3294
0.9608805449855091D0,-0.1201784475177356D0,                      0000081P   3295
-0.0009802903841551343D0,0.9591371281675765D0,                   0000081P   3296
-0.1203980757705733D0,0.0009785025968984441D0,                   0000081P   3297
0.959191626732558D0,-0.1208583638158761D0,                       0000081P   3298
0.0008935251022622717D0,0.959269475693478D0,                     0000081P   3299
-0.1215161691599977D0,8.073531654523071D-12,                     0000081P   3300
0.9591916267305951D0,-0.1208583637995266D0,                      0000081P   3301
-0.0008935251184286835D0,0.9591371281675487D0,                   0000081P   3302
-0.1203980757705857D0,-0.0009785025968987351D0,                  0000081P   3303
0.9573914622696011D0,-0.1206027092959513D0,                      0000081P   3304
0.0009766317175300178D0,0.9574413508919623D0,                    0000081P   3305
-0.121061517927708D0,0.0008865640377332708D0,                    0000081P   3306
0.9575114404044374D0,-0.121706414712435D0,8.079591944327428D-12, 0000081P   3307
0.9574413508901303D0,-0.1210615179115413D0,                      0000081P   3308
-0.0008865640539735783D0,0.9573914622695217D0,                   0000081P   3309
-0.1206027092959791D0,-0.0009766317175333697D0,                  0000081P   3310
0.9556436023508207D0,-0.1207929824565632D0,                      0000081P   3311
0.0009746789837686398D0,0.9556891689787379D0,                    0000081P   3312
-0.1212500141132803D0,0.0008795897425015317D0,                   0000081P   3313
0.955752137622947D0,-0.1218818895697554D0,8.092745903204047D-12, 0000081P   3314
0.955689168977041D0,-0.1212500140972982D0,                       0000081P   3315
-0.0008795897588045351D0,0.9556436023507102D0,                   0000081P   3316
-0.1207929824566002D0,-0.0009746789837738546D0,                  0000081P   3317
0.9538937190554541D0,-0.1209698218755848D0,                      0000081P   3318
0.0009726457345448423D0,0.9539352944743211D0,                    0000081P   3319
-0.1214248613849567D0,0.0008726067040912272D0,                   0000081P   3320
0.9539918115437258D0,-0.1220437304171372D0,                      0000081P   3321
8.111715350156634D-12,0.9539352944727648D0,                      0000081P   3322
-0.1214248613691587D0,-0.0008726067204467055D0,                  0000081P   3323
0.9538937190553303D0,-0.1209698218756252D0,                      0000081P   3324
-0.0009726457345508681D0,0.9521419523837171D0,                   0000081P   3325
-0.1211340810741039D0,0.0009705332971808821D0,                   0000081P   3326
0.9521799075585551D0,-0.1215869860623007D0,                      0000081P   3327
0.0008656189455341085D0,0.9522306677843131D0,                    0000081P   3328
-0.122192969961202D0,8.135065712296914D-12,0.9521799075571347D0, 0000081P   3329
-0.1215869860466845D0,-0.0008656189619330121D0,                  0000081P   3330
0.9521419523835956D0,-0.1211340810741432D0,                      0000081P   3331
-0.0009705332971868454D0,0.9503884516505605D0,                   0000081P   3332
-0.121286637996717D0,0.0009683430181048453D0,                    0000081P   3333
0.9504231794308868D0,-0.1217373236087141D0,                      0000081P   3334
0.0008586304747074933D0,0.9504688761154167D0,                    0000081P   3335
-0.1223306230650348D0,8.161470201196348D-12,                     0000081P   3336
0.9504231794295992D0,-0.1217373235932764D0,                      0000081P   3337
-0.0008586304911418968D0,0.9503884516504518D0,                   0000081P   3338
-0.1212866379967514D0,-0.0009683430181100405D0,                  0000081P   3339
0.9486333695098084D0,-0.1214283682414216D0,                      0000081P   3340
0.0009660762605717484D0,0.9486652704549359D0,                    0000081P   3341
-0.1218767930851152D0,0.000851645183295887D0,                    0000081P   3342
0.9487065765443726D0,-0.1224576647419674D0,                      0000081P   3343
8.189636280098611D-12,0.9486652704537739D0,                      0000081P   3344
-0.1218767930698516D0,-0.0008516451997590093D0,                  0000081P   3345
0.9486333695097231D0,-0.1214283682414481D0,                      0000081P   3346
-0.0009660762605756426D0,0.9468768633386589D0,                   0000081P   3347
-0.121560152097125D0,0.0009637344056524886D0,                    0000081P   3348
0.9469063303844247D0,-0.1220063036174639D0,                      0000081P   3349
0.0008446668735609344D0,0.946943879450497D0,                     0000081P   3350
-0.1225750376308411D0,8.218324559855767D-12,                     0000081P   3351
0.9469063303833785D0,-0.1220063036023707D0,                      0000081P   3352
-0.0008446668900471381D0,0.9468768633386027D0,                   0000081P   3353
-0.121560152097142D0,-0.0009637344056547218D0,                   0000081P   3354
0.9451190978898134D0,-0.1216828722634293D0,                      0000081P   3355
0.0009613188568054702D0,0.9451465013024045D0,                    0000081P   3356
-0.1221267520956014D0,0.0008376992637576922D0,                   0000081P   3357
0.9451808704935334D0,-0.1226836513757737D0,                      0000081P   3358
8.246336664890914D-12,0.945146501301462D0,-0.1221267520806744D0, 0000081P   3359
-0.0008376992802624788D0,0.9451190978897896D0,                   0000081P   3360
-0.1216828722634355D0,-0.0009613188568058542D0,                  0000081P   3361
0.9433602443376783D0,-0.1217974143096091D0,                      0000081P   3362
0.0009588310394487731D0,0.9433859165892833D0,                    0000081P   3363
-0.1222390235251014D0,0.0008307459862408255D0,                   0000081P   3364
0.9434176108928554D0,-0.1227843844209496D0,                      0000081P   3365
8.272523406208382D-12,0.9433859165884343D0,                      0000081P   3366
-0.1222390235103379D0,-0.0008307460027608456D0,                  0000081P   3367
0.9433602443376871D0,-0.1217974143096048D0,                      0000081P   3368
-0.0009588310394472928D0,0.9416004839905621D0,                   0000081P   3369
-0.1219046661109403D0,0.0009562724071456196D0,                   0000081P   3370
0.941624704687372D0,-0.1223439904504227D0,                       0000081P   3371
0.0008238106021178597D0,0.9416541425896812D0,                    0000081P   3372
-0.1228780849253422D0,8.29577398120991D-12,0.941624704686602D0,  0000081P   3373
-0.122343990435821D0,-0.0008238106186509049D0,                   0000081P   3374
0.941600483990602D0,-0.1219046661109262D0,                       0000081P   3375
-0.0009562724071424347D0,0.9398400090530191D0,                   0000081P   3376
-0.1220055176816011D0,0.0009536444443918969D0,                   0000081P   3377
0.9398629899083448D0,-0.1224425128163073D0,                      0000081P   3378
0.0008168966044214115D0,0.9398904903304653D0,                    0000081P   3379
-0.1229655720460485D0,8.315021077439707D-12,                     0000081P   3380
0.9398629899076413D0,-0.122442512801868D0,                       0000081P   3381
-0.0008168966209664171D0,0.939840009053083D0,                    0000081P   3382
-0.1220055176815791D0,-0.000953644444387339D0,                   0000081P   3383
0.938079015640415D0,-0.122100861252484D0,                        0000081P   3384
0.0009509486568593467D0,0.9381008855225319D0,                    0000081P   3385
-0.1225354381192224D0,0.0008100073909774142D0,                   0000081P   3386
0.9381266559679282D0,-0.1230476374317809D0,                      0000081P   3387
8.329239064043721D-12,0.9381008855218842D0,                      0000081P   3388
-0.1225354381049479D0,-0.0008100074075344619D0,                  0000081P   3389
0.9380790156404957D0,-0.1221008612524569D0,                      0000081P   3390
-0.0009509486568539228D0,0.9363177285609161D0,                   0000081P   3391
-0.1221915896493828D0,0.0009481866112379607D0,                   0000081P   3392
0.9363385186702444D0,-0.1226235999693404D0,                      0000081P   3393
0.0008031463611356979D0,0.9363626445468318D0,                    0000081P   3394
-0.1231250452864231D0,8.337433437022073D-12,                     0000081P   3395
0.9363385186696399D0,-0.1226235999552358D0,                      0000081P   3396
-0.0008031463777059994D0,0.9363177285610018D0,                   0000081P   3397
-0.1221915896493543D0,-0.0009481866112323501D0,                  0000081P   3398
0.9345563615049646D0,-0.122278597995207D0,                       0000081P   3399
0.0009453598749745906D0,0.9345759906444565D0,                    0000081P   3400
-0.1227078199178164D0,0.0007963167599936045D0,                   0000081P   3401
0.9345984256232329D0,-0.1231985352455318D0,8.33865459751943D-12, 0000081P   3402
0.934575990643885D0,-0.12270781990389D0,                         0000081P   3403
-0.0007963167765795125D0,0.9345563615050415D0,                   0000081P   3404
-0.1222785979951817D0,-0.0009453598749696475D0,                  0000081P   3405
0.9327951585078214D0,-0.1223627810442636D0,                      0000081P   3406
0.0009424700818639739D0,0.9328134186427444D0,                    0000081P   3407
-0.1227889051980337D0,0.0007895218406005218D0,                   0000081P   3408
0.9328339761203359D0,-0.1232688216915484D0,8.33198451843364D-12, 0000081P   3409
0.9328134186421992D0,-0.1227889051842975D0,                      0000081P   3410
-0.0007895218572055192D0,0.9327951585078715D0,                   0000081P   3411
-0.122362781044247D0,-0.0009424700818607256D0,                   0000081P   3412
0.9316212992630968D0,-0.122417616274637D0,                       0000081P   3413
0.0009405026248537563D0,0.9316384137713789D0,                    0000081P   3414
-0.1228414013489853D0,0.0007850171241840002D0,                   0000081P   3415
0.9316574965015493D0,-0.1233140041226307D0,                      0000081P   3416
8.321687869636021D-12,0.9316384137708457D0,                      0000081P   3417
-0.1228414013353858D0,-0.0007850171408047916D0,                  0000081P   3418
0.9316212992631161D0,-0.1224176162746307D0,                      0000081P   3419
-0.0009405026248524386D0,0.9310344827586206D0,                   0000081P   3420
-0.1224448612445108D0,0.0009395089488752092D0,                   0000081P   3421
0.9310509404656833D0,-0.1228673893233314D0,                      0000081P   3422
0.0007827715926382522D0,0.9310692043381624D0,                    0000081P   3423
-0.1233362881146715D0,8.314935870910867D-12,                     0000081P   3424
0.9310509404651567D0,-0.1228673893098038D0,                      0000081P   3425
-0.0007827716092678957D0,0.9310344827586206D0,                   0000081P   3426
-0.1224448612445108D0,-0.0009395089488750855D0,0.0D0,1.0D0,      0000081P   3427
0.0D0,0.1696861803245675D0;                                      0000081P   3428
126,1,1,1,0,1,0,0.0D0,0.0D0,0.1696861803245675D0,                0000083P   3429
0.1696861803245675D0,1.0D0,1.0D0,0.5D0,0.0D0,0.0D0,0.5D0,        0000083P   3430
0.1696861803245675D0,0.0D0,0.0D0,0.1696861803245675D0,0.0D0,     0000083P   3431
0.0D0,1.0D0;                                                     0000083P   3432
126,1,1,1,0,1,0,-0.5D0,-0.5D0,-0.0D0,-0.0D0,1.0D0,1.0D0,0.5D0,   0000085P   3433
0.1696861803245675D0,0.0D0,0.0D0,0.1696861803245675D0,0.0D0,     0000085P   3434
-0.5D0,-0.0D0,0.0D0,0.0D0,1.0D0;                                 0000085P   3435
126,1,1,1,0,1,0,-0.1696861803245675D0,-0.1696861803245675D0,     0000087P   3436
-0.0D0,-0.0D0,1.0D0,1.0D0,0.0D0,0.1696861803245675D0,0.0D0,      0000087P   3437
0.0D0,0.0D0,0.0D0,-0.1696861803245675D0,-0.0D0,0.0D0,0.0D0,      0000087P   3438
1.0D0;                                                           0000087P   3439
126,1,1,1,0,1,0,-0.5D0,-0.5D0,-0.0D0,-0.0D0,1.0D0,1.0D0,0.0D0,   0000089P   3440
0.0D0,0.0D0,0.5D0,0.0D0,0.0D0,-0.5D0,-0.0D0,0.0D0,0.0D0,1.0D0;   0000089P   3441
102,4,83,85,87,89;                                               0000091P   3442
126,99,3,1,0,1,0,0.0D0,0.0D0,0.0D0,0.0D0,0.001749342065201726D0, 0000093P   3443
0.003498684130403453D0,0.005248026195605179D0,                   0000093P   3444
0.006997368260806906D0,0.008746710326008633D0,                   0000093P   3445
0.01049605239121036D0,0.01224539445641208D0,                     0000093P   3446
0.01399473652161381D0,0.01574407858681554D0,                     0000093P   3447
0.01749342065201727D0,0.01924276271721899D0,                     0000093P   3448
0.02099210478242072D0,0.02274144684762244D0,                     0000093P   3449
0.02449078891282417D0,0.0262401309780259D0,                      0000093P   3450
0.02798947304322762D0,0.02973881510842935D0,                     0000093P   3451
0.03148815717363108D0,0.0332374992388328D0,                      0000093P   3452
0.03498684130403453D0,0.03673618336923626D0,                     0000093P   3453
0.03848552543443799D0,0.04023486749963971D0,                     0000093P   3454
0.04198420956484143D0,0.04373355163004316D0,                     0000093P   3455
0.04548289369524489D0,0.04723223576044661D0,                     0000093P   3456
0.04898157782564834D0,0.05073091989085007D0,                     0000093P   3457
0.05248026195605179D0,0.05422960402125352D0,                     0000093P   3458
0.05597894608645525D0,0.05772828815165697D0,                     0000093P   3459
0.0594776302168587D0,0.06122697228206043D0,                      0000093P   3460
0.06297631434726216D0,0.06472565641246388D0,                     0000093P   3461
0.06647499847766561D0,0.06822434054286733D0,                     0000093P   3462
0.06997368260806906D0,0.07172302467327078D0,                     0000093P   3463
0.07347236673847252D0,0.07522170880367424D0,                     0000093P   3464
0.07697105086887597D0,0.07872039293407769D0,                     0000093P   3465
0.08046973499927942D0,0.08221907706448114D0,                     0000093P   3466
0.08396841912968286D0,0.08571776119488461D0,                     0000093P   3467
0.08746710326008633D0,0.08921644532528805D0,                     0000093P   3468
0.09096578739048979D0,0.09271512945569151D0,                     0000093P   3469
0.09446447152089324D0,0.09621381358609496D0,                     0000093P   3470
0.09796315565129669D0,0.09971249771649841D0,                     0000093P   3471
0.1014618397817001D0,0.1032111818469019D0,0.1049605239121036D0,  0000093P   3472
0.1067098659773053D0,0.1084592080425071D0,0.1102085501077088D0,  0000093P   3473
0.1119578921729105D0,0.1137072342381122D0,0.115456576303314D0,   0000093P   3474
0.1172059183685157D0,0.1189552604337174D0,0.1207046024989191D0,  0000093P   3475
0.1224539445641209D0,0.1242032866293226D0,0.1259526286945243D0,  0000093P   3476
0.1277019707597261D0,0.1294513128249278D0,0.1312006548901295D0,  0000093P   3477
0.1329499969553312D0,0.1346993390205329D0,0.1364486810857347D0,  0000093P   3478
0.1381980231509364D0,0.1399473652161381D0,0.1416967072813398D0,  0000093P   3479
0.1434460493465416D0,0.1451953914117433D0,0.146944733476945D0,   0000093P   3480
0.1486940755421468D0,0.1504434176073485D0,0.1521927596725502D0,  0000093P   3481
0.1539421017377519D0,0.1556914438029537D0,0.1574407858681554D0,  0000093P   3482
0.1591901279333571D0,0.1609394699985588D0,0.1626888120637606D0,  0000093P   3483
0.1644381541289623D0,0.166187496194164D0,0.1679368382593658D0,   0000093P   3484
0.1696861803245675D0,0.1696861803245675D0,0.1696861803245675D0,  0000093P   3485
0.1696861803245675D0,1.0D0,1.0D0,1.0D0,1.0D0,1.0D0,1.0D0,1.0D0,  0000093P   3486
1.0D0,1.0D0,1.0D0,1.0D0,1.0D0,1.0D0,1.0D0,1.0D0,1.0D0,1.0D0,     0000093P   3487
1.0D0,1.0D0,1.0D0,1.0D0,1.0D0,1.0D0,1.0D0,1.0D0,1.0D0,1.0D0,     0000093P   3488
1.0D0,1.0D0,1.0D0,1.0D0,1.0D0,1.0D0,1.0D0,1.0D0,1.0D0,1.0D0,     0000093P   3489
1.0D0,1.0D0,1.0D0,1.0D0,1.0D0,1.0D0,1.0D0,1.0D0,1.0D0,1.0D0,     0000093P   3490
1.0D0,1.0D0,1.0D0,1.0D0,1.0D0,1.0D0,1.0D0,1.0D0,1.0D0,1.0D0,     0000093P   3491
1.0D0,1.0D0,1.0D0,1.0D0,1.0D0,1.0D0,1.0D0,1.0D0,1.0D0,1.0D0,     0000093P   3492
1.0D0,1.0D0,1.0D0,1.0D0,1.0D0,1.0D0,1.0D0,1.0D0,1.0D0,1.0D0,     0000093P   3493
1.0D0,1.0D0,1.0D0,1.0D0,1.0D0,1.0D0,1.0D0,1.0D0,1.0D0,1.0D0,     0000093P   3494
1.0D0,1.0D0,1.0D0,1.0D0,1.0D0,1.0D0,1.0D0,1.0D0,1.0D0,1.0D0,     0000093P   3495
1.0D0,1.0D0,1.0D0,0.9978924164753198D0,-5.300616162128733D-07,   0000093P   3496
2.715926442076189D-17,0.9978916334002746D0,                      0000093P   3497
-0.0005889074608588201D0,-4.643908955298537D-16,                 0000093P   3498
0.997889852204398D0,-0.001765662120058685D0,                     0000093P   3499
-1.320585351141657D-15,0.997886479280597D0,                      0000093P   3500
-0.003530792567270695D0,-2.256387351268208D-15,                  0000093P   3501
0.9978823488463691D0,-0.005295921484822358D0,                    0000093P   3502
-2.876930464690286D-15,0.9978774040381909D0,                     0000093P   3503
-0.00706104843717334D0,-3.214361285822087D-15,                   0000093P   3504
0.9978715874567021D0,-0.008826172751297845D0,                    0000093P   3505
-3.300772198969182D-15,0.9978648411022539D0,                     0000093P   3506
-0.01059129384557997D0,-3.168553744034575D-15,                   0000093P   3507
0.9978571063187768D0,-0.01235641064372507D0,                     0000093P   3508
-2.849608569943651D-15,0.9978483237253313D0,                     0000093P   3509
-0.01412152348495298D0,-2.37586643067611D-15,                    0000093P   3510
0.9978384331820092D0,-0.01588662953823761D0,                     0000093P   3511
-1.779284185265961D-15,0.9978273737030858D0,                     0000093P   3512
-0.01765172891831691D0,-1.091900007910152D-15,                   0000093P   3513
0.9978150834238668D0,-0.01941682010240744D0,                     0000093P   3514
-3.455894424797545D-16,0.9978014995369411D0,                     0000093P   3515
-0.02118190183540753D0,4.272569711222252D-16,                    0000093P   3516
0.9977865582409793D0,-0.02294697260702741D0,                     0000093P   3517
1.194763689024714D-15,0.9977701946872576D0,                      0000093P   3518
-0.02471203078052695D0,1.92432333089021D-15,                     0000093P   3519
0.9977523429279715D0,-0.02647707453935142D0,                     0000093P   3520
2.583464041652772D-15,0.9977329358650193D0,                      0000093P   3521
-0.02824210190663486D0,3.13933449548609D-15,                     0000093P   3522
0.9977119052006151D0,-0.03000711065120743D0,                     0000093P   3523
3.559029156455229D-15,0.9976891813859299D0,                      0000093P   3524
-0.03177209857039455D0,3.809127492593323D-15,                    0000093P   3525
0.9976646935768934D0,-0.03353706275233369D0,                     0000093P   3526
3.856236076987818D-15,0.9976383695961824D0,                      0000093P   3527
-0.03530200055719097D0,3.66606701593386D-15,                     0000093P   3528
0.9976101358170553D0,-0.03706690884782812D0,                     0000093P   3529
3.204820306704215D-15,0.9975799174148859D0,                      0000093P   3530
-0.03883178432041669D0,2.437286483747414D-15,                    0000093P   3531
0.9975476372086896D0,-0.04059662326227093D0,                     0000093P   3532
1.329530019064662D-15,0.997513219790181D0,                       0000093P   3533
-0.04236142206369945D0,-1.576429958793923D-16,                   0000093P   3534
0.9974765756736929D0,-0.04412617583507725D0,                     0000093P   3535
-2.044778192253349D-15,0.9974375204315922D0,                     0000093P   3536
-0.0458908780269687D0,-4.199711325231226D-15,                    0000093P   3537
0.9973958744996423D0,-0.04765552104238822D0,                     0000093P   3538
-6.504426988337975D-15,0.9973514527090364D0,                     0000093P   3539
-0.04942009645726499D0,-8.835000873258503D-15,                   0000093P   3540
0.9973040667858681D0,-0.05118459474427403D0,                     0000093P   3541
-1.106786103738377D-14,0.9972535243705951D0,                     0000093P   3542
-0.0529490055820119D0,-1.307761949946584D-14,                    0000093P   3543
0.997199628934588D0,-0.05471331728314223D0,                      0000093P   3544
-1.473791249630152D-14,0.997142179617871D0,                      0000093P   3545
-0.05647751694653064D0,-1.592015365023403D-14,                   0000093P   3546
0.9970809704103804D0,-0.05824159030287424D0,                     0000093P   3547
-1.649442843594529D-14,0.9970157920198006D0,                     0000093P   3548
-0.0600055214941887D0,-1.632762393170839D-14,                    0000093P   3549
0.9969464236178001D0,-0.06176929337525764D0,                     0000093P   3550
-1.528914798584746D-14,0.996872662312401D0,                      0000093P   3551
-0.06353288675992885D0,-1.322713097905159D-14,                   0000093P   3552
0.9967942097035716D0,-0.06529627813152167D0,                     0000093P   3553
-1.006193826175172D-14,0.9967102186030679D0,                     0000093P   3554
-0.06705941503991486D0,-6.167240112694983D-15,                   0000093P   3555
0.9966198813790669D0,-0.06882223900515105D0,                     0000093P   3556
-1.875751073562859D-15,0.9965223613541142D0,                     0000093P   3557
-0.07058468089055703D0,2.462141818551644D-15,                    0000093P   3558
0.9964168102550339D0,-0.07234666079634894D0,                     0000093P   3559
6.494723378894229D-15,0.9963023626553176D0,                      0000093P   3560
-0.0741080866169511D0,9.863420843969628D-15,                     0000093P   3561
0.9961781366189302D0,-0.07586885104840949D0,                     0000093P   3562
1.220489096072364D-14,0.9960432330861422D0,                      0000093P   3563
-0.07762883142464358D0,1.314790290529722D-14,                    0000093P   3564
0.9958967341898676D0,-0.07938788416863478D0,1.2317810616988D-14, 0000093P   3565
0.9957377080353874D0,-0.08114585192472967D0,                     0000093P   3566
9.325927616959939D-15,0.9955651873740541D0,                      0000093P   3567
-0.08290254749094583D0,3.800670715647936D-15,                    0000093P   3568
0.9953782505569058D0,-0.08465777441991823D0,                     0000093P   3569
-4.726796211385054D-15,0.9951757136749864D0,                     0000093P   3570
-0.08641127017439462D0,-1.639072449814705D-14,                   0000093P   3571
0.9949537711959108D0,-0.08816242791243908D0,                     0000093P   3572
-2.767531754981067D-14,0.9947087521413922D0,                     0000093P   3573
-0.0899105184844437D0,-3.525882385536916D-14,                    0000093P   3574
0.994436908928494D0,-0.0916546535007646D0,                       0000093P   3575
-3.569581154098944D-14,0.9941344838858304D0,                     0000093P   3576
-0.09339376324880379D0,-2.553556324724759D-14,                   0000093P   3577
0.9937977448699331D0,-0.09512657780101549D0,                     0000093P   3578
-1.198992077497407D-15,0.9934229018790492D0,                     0000093P   3579
-0.09685158554592643D0,4.059651378084117D-14,                    0000093P   3580
0.9930006570586652D0,-0.09856568045956529D0,                     0000093P   3581
8.33374168285328D-14,0.9925219823240745D0,-0.1002649633137008D0, 0000093P   3582
1.107154461426479D-13,0.9919782127862813D0,                      0000093P   3583
-0.1019446494074537D0,1.060812679018475D-13,                     0000093P   3584
0.9913612143211005D0,-0.1035989323048732D0,                      0000093P   3585
5.370359647434431D-14,0.9906640827579128D0,                      0000093P   3586
-0.1052212398825568D0,-6.45805566142077D-14,                     0000093P   3587
0.9898741810284954D0,-0.1068007370652541D0,                      0000093P   3588
-1.908132397747397D-13,0.9889796685453269D0,                     0000093P   3589
-0.1083237400634783D0,-2.633940157995007D-13,                    0000093P   3590
0.9879708861775546D0,-0.1097740368954437D0,                      0000093P   3591
-2.240065229662525D-13,0.9868412337494443D0,                     0000093P   3592
-0.111132491458423D0,-8.388201157977226D-15,                     0000093P   3593
0.9856012412530586D0,-0.1123908483429723D0,                      0000093P   3594
2.591439432833575D-13,0.9842610857988677D0,                      0000093P   3595
-0.1135420412487856D0,4.573214636843792D-13,                     0000093P   3596
0.9828287627758124D0,-0.1145761665186196D0,                      0000093P   3597
4.320172962857943D-13,0.9813199212361268D0,                      0000093P   3598
-0.1154945197827475D0,2.275936600640294D-13,                     0000093P   3599
0.9797518630448238D0,-0.1163069464437008D0,                      0000093P   3600
-1.977105003152235D-14,0.9781385701659195D0,                     0000093P   3601
-0.1170248395443049D0,-1.743867094998464D-13,                    0000093P   3602
0.9764904043142315D0,-0.1176581499235092D0,                      0000093P   3603
-2.013621474422633D-13,0.9748152019582137D0,                     0000093P   3604
-0.1182156338176019D0,-1.549151161083645D-13,                    0000093P   3605
0.9731197048480582D0,-0.1187075310963612D0,                      0000093P   3606
-6.959230826157625D-14,0.9714093886302511D0,                     0000093P   3607
-0.1191447387415257D0,1.336775200082296D-14,                     0000093P   3608
0.9696883679429324D0,-0.1195374839294348D0,6.08599271239435D-14, 0000093P   3609
0.9679585571888254D0,-0.1198893992186535D0,                      0000093P   3610
8.207052658998348D-14,0.9662217517580571D0,                      0000093P   3611
-0.1202048498945141D0,8.23095118538536D-14,0.9644794231818171D0, 0000093P   3612
-0.1204880781869289D0,6.785265166571464D-14,                     0000093P   3613
0.9627328019676495D0,-0.1207433878650527D0,4.4619825412609D-14,  0000093P   3614
0.960982898996408D0,-0.1209750173167871D0,1.842653091742308D-14, 0000093P   3615
0.9592305512125272D0,-0.1211872664838495D0,                      0000093P   3616
-4.837113782435454D-15,0.9574763956477419D0,                     0000093P   3617
-0.1213839663160299D0,-2.028089610313366D-14,                    0000093P   3618
0.9557206533004181D0,-0.1215659518375223D0,                      0000093P   3619
-2.937789443137329D-14,0.9539635530086343D0,                     0000093P   3620
-0.1217342958970974D0,-3.301189616805589D-14,                    0000093P   3621
0.9522052876710789D0,-0.1218899780078473D0,                      0000093P   3622
-3.21930253722319D-14,0.9504460277728299D0,-0.122033973333015D0, 0000093P   3623
-2.786575766140775D-14,0.9486859234993639D0,                     0000093P   3624
-0.1221672289097254D0,-2.096242558875805D-14,                    0000093P   3625
0.9469251049171994D0,-0.1222906706203792D0,                      0000093P   3626
-1.238863612390562D-14,0.9451636858977333D0,                     0000093P   3627
-0.1224052017319558D0,-3.028312193023575D-15,                    0000093P   3628
0.943401763740857D0,-0.1225117039693346D0,6.256659686870725D-15, 0000093P   3629
0.9416394236383341D0,-0.122611037684232D0,1.462569757144927D-14, 0000093P   3630
0.9398767401192293D0,-0.122704042427568D0,2.125914461831302D-14, 0000093P   3631
0.9381137707450681D0,-0.122791537771933D0,2.535761856568841D-14, 0000093P   3632
0.936350581608387D0,-0.1228743226243556D0,2.614133410606956D-14, 0000093P   3633
0.9345872081337018D0,-0.1229531775781925D0,                      0000093P   3634
2.285029262159843D-14,0.9328236973814039D0,-0.123028863441357D0, 0000093P   3635
1.474289982629495D-14,0.9316479551363308D0,                      0000093P   3636
-0.1230777027324081D0,5.646064128381201D-15,                     0000093P   3637
0.9310600724017912D0,-0.1231018387156195D0,                      0000093P   3638
5.705613932704967D-17,0.0D0,0.1696861803245675D0,0.0D0,0.0D0,    0000093P   3639
1.0D0;                                                           0000093P   3640
126,3,3,1,0,1,0,-0.5D0,-0.5D0,-0.5D0,-0.5D0,-0.0D0,-0.0D0,       0000095P   3641
-0.0D0,-0.0D0,1.0D0,1.0D0,1.0D0,1.0D0,0.9310600724017912D0,      0000095P   3642
-0.1231018387156195D0,5.705613932704967D-17,                     0000095P   3643
0.9310600724019229D0,-0.1231018387190014D0,                      0000095P   3644
0.000391385800476594D0,0.9310509404656833D0,                     0000095P   3645
-0.1228673893233314D0,0.0007827715926382522D0,                   0000095P   3646
0.9310344827586206D0,-0.1224448612445108D0,                      0000095P   3647
0.0009395089488752092D0,-0.5D0,-0.0D0,0.0D0,                     0000095P   3648
0.3477933036684395D0,-0.9375712335195618D0;                      0000095P   3649
126,99,3,1,0,1,0,-0.1696861803245675D0,-0.1696861803245675D0,    0000097P   3650
-0.1696861803245675D0,-0.1696861803245675D0,                     0000097P   3651
-0.1679368382593658D0,-0.166187496194164D0,                      0000097P   3652
-0.1644381541289623D0,-0.1626888120637606D0,                     0000097P   3653
-0.1609394699985588D0,-0.1591901279333571D0,                     0000097P   3654
-0.1574407858681554D0,-0.1556914438029537D0,                     0000097P   3655
-0.1539421017377519D0,-0.1521927596725502D0,                     0000097P   3656
-0.1504434176073485D0,-0.1486940755421468D0,                     0000097P   3657
-0.146944733476945D0,-0.1451953914117433D0,                      0000097P   3658
-0.1434460493465416D0,-0.1416967072813398D0,                     0000097P   3659
-0.1399473652161381D0,-0.1381980231509364D0,                     0000097P   3660
-0.1364486810857347D0,-0.1346993390205329D0,                     0000097P   3661
-0.1329499969553312D0,-0.1312006548901295D0,                     0000097P   3662
-0.1294513128249278D0,-0.1277019707597261D0,                     0000097P   3663
-0.1259526286945243D0,-0.1242032866293226D0,                     0000097P   3664
-0.1224539445641209D0,-0.1207046024989191D0,                     0000097P   3665
-0.1189552604337174D0,-0.1172059183685157D0,                     0000097P   3666
-0.115456576303314D0,-0.1137072342381122D0,                      0000097P   3667
-0.1119578921729105D0,-0.1102085501077088D0,                     0000097P   3668
-0.1084592080425071D0,-0.1067098659773053D0,                     0000097P   3669
-0.1049605239121036D0,-0.1032111818469019D0,                     0000097P   3670
-0.1014618397817001D0,-0.09971249771649841D0,                    0000097P   3671
-0.09796315565129669D0,-0.09621381358609496D0,                   0000097P   3672
-0.09446447152089324D0,-0.09271512945569151D0,                   0000097P   3673
-0.09096578739048979D0,-0.08921644532528805D0,                   0000097P   3674
-0.08746710326008633D0,-0.08571776119488461D0,                   0000097P   3675
-0.08396841912968286D0,-0.08221907706448114D0,                   0000097P   3676
-0.08046973499927942D0,-0.07872039293407769D0,                   0000097P   3677
-0.07697105086887597D0,-0.07522170880367424D0,                   0000097P   3678
-0.07347236673847252D0,-0.07172302467327078D0,                   0000097P   3679
-0.06997368260806906D0,-0.06822434054286733D0,                   0000097P   3680
-0.06647499847766561D0,-0.06472565641246388D0,                   0000097P   3681
-0.06297631434726216D0,-0.06122697228206043D0,                   0000097P   3682
-0.0594776302168587D0,-0.05772828815165697D0,                    0000097P   3683
-0.05597894608645525D0,-0.05422960402125352D0,                   0000097P   3684
-0.05248026195605179D0,-0.05073091989085007D0,                   0000097P   3685
-0.04898157782564834D0,-0.04723223576044661D0,                   0000097P   3686
-0.04548289369524489D0,-0.04373355163004316D0,                   0000097P   3687
-0.04198420956484143D0,-0.04023486749963971D0,                   0000097P   3688
-0.03848552543443799D0,-0.03673618336923626D0,                   0000097P   3689
-0.03498684130403453D0,-0.0332374992388328D0,                    0000097P   3690
-0.03148815717363108D0,-0.02973881510842935D0,                   0000097P   3691
-0.02798947304322762D0,-0.0262401309780259D0,                    0000097P   3692
-0.02449078891282417D0,-0.02274144684762244D0,                   0000097P   3693
-0.02099210478242072D0,-0.01924276271721899D0,                   0000097P   3694
-0.01749342065201727D0,-0.01574407858681554D0,                   0000097P   3695
-0.01399473652161381D0,-0.01224539445641208D0,                   0000097P   3696
-0.01049605239121036D0,-0.008746710326008633D0,                  0000097P   3697
-0.006997368260806906D0,-0.005248026195605179D0,                 0000097P   3698
-0.003498684130403453D0,-0.001749342065201726D0,-0.0D0,-0.0D0,   0000097P   3699
-0.0D0,-0.0D0,1.0D0,1.0D0,1.0D0,1.0D0,1.0D0,1.0D0,1.0D0,1.0D0,   0000097P   3700
1.0D0,1.0D0,1.0D0,1.0D0,1.0D0,1.0D0,1.0D0,1.0D0,1.0D0,1.0D0,     0000097P   3701
1.0D0,1.0D0,1.0D0,1.0D0,1.0D0,1.0D0,1.0D0,1.0D0,1.0D0,1.0D0,     0000097P   3702
1.0D0,1.0D0,1.0D0,1.0D0,1.0D0,1.0D0,1.0D0,1.0D0,1.0D0,1.0D0,     0000097P   3703
1.0D0,1.0D0,1.0D0,1.0D0,1.0D0,1.0D0,1.0D0,1.0D0,1.0D0,1.0D0,     0000097P   3704
1.0D0,1.0D0,1.0D0,1.0D0,1.0D0,1.0D0,1.0D0,1.0D0,1.0D0,1.0D0,     0000097P   3705
1.0D0,1.0D0,1.0D0,1.0D0,1.0D0,1.0D0,1.0D0,1.0D0,1.0D0,1.0D0,     0000097P   3706
1.0D0,1.0D0,1.0D0,1.0D0,1.0D0,1.0D0,1.0D0,1.0D0,1.0D0,1.0D0,     0000097P   3707
1.0D0,1.0D0,1.0D0,1.0D0,1.0D0,1.0D0,1.0D0,1.0D0,1.0D0,1.0D0,     0000097P   3708
1.0D0,1.0D0,1.0D0,1.0D0,1.0D0,1.0D0,1.0D0,1.0D0,1.0D0,1.0D0,     0000097P   3709
1.0D0,1.0D0,0.9310344827586206D0,-0.1224448612445108D0,          0000097P   3710
0.0009395089488752092D0,0.9316212992630968D0,                    0000097P   3711
-0.122417616274637D0,0.0009405026248537563D0,                    0000097P   3712
0.9327951585078214D0,-0.1223627810442636D0,                      0000097P   3713
0.0009424700818639739D0,0.9345563615049646D0,                    0000097P   3714
-0.122278597995207D0,0.0009453598749745906D0,                    0000097P   3715
0.9363177285609161D0,-0.1221915896493828D0,                      0000097P   3716
0.0009481866112379607D0,0.938079015640415D0,                     0000097P   3717
-0.122100861252484D0,0.0009509486568593467D0,                    0000097P   3718
0.9398400090530191D0,-0.1220055176816011D0,                      0000097P   3719
0.0009536444443918969D0,0.9416004839905621D0,                    0000097P   3720
-0.1219046661109403D0,0.0009562724071456196D0,                   0000097P   3721
0.9433602443376783D0,-0.1217974143096091D0,                      0000097P   3722
0.0009588310394487731D0,0.9451190978898134D0,                    0000097P   3723
-0.1216828722634293D0,0.0009613188568054702D0,                   0000097P   3724
0.9468768633386589D0,-0.121560152097125D0,                       0000097P   3725
0.0009637344056524886D0,0.9486333695098084D0,                    0000097P   3726
-0.1214283682414216D0,0.0009660762605717484D0,                   0000097P   3727
0.9503884516505605D0,-0.121286637996717D0,                       0000097P   3728
0.0009683430181048453D0,0.9521419523837171D0,                    0000097P   3729
-0.1211340810741039D0,0.0009705332971808821D0,                   0000097P   3730
0.9538937190554541D0,-0.1209698218755848D0,                      0000097P   3731
0.0009726457345448423D0,0.9556436023508207D0,                    0000097P   3732
-0.1207929824565632D0,0.0009746789837686398D0,                   0000097P   3733
0.9573914622696011D0,-0.1206027092959513D0,                      0000097P   3734
0.0009766317175300178D0,0.9591371281675765D0,                    0000097P   3735
-0.1203980757705733D0,0.0009785025968984441D0,                   0000097P   3736
0.9608805449854608D0,-0.1201784475177465D0,                      0000097P   3737
0.0009802903841593584D0,0.9626203097241195D0,                    0000097P   3738
-0.1199398930165565D0,0.0009819927873523865D0,                   0000097P   3739
0.9643548542881815D0,-0.1196780712319242D0,                      0000097P   3740
0.0009836074699466225D0,0.9660826410677557D0,                    0000097P   3741
-0.119388814229978D0,0.0009851322025232925D0,                    0000097P   3742
0.9678020747615548D0,-0.1190679817440791D0,                      0000097P   3743
0.000986564802666634D0,0.9695115155824618D0,                     0000097P   3744
-0.1187115785671635D0,0.0009879031626626403D0,                   0000097P   3745
0.9712091280779963D0,-0.1183155778678553D0,                      0000097P   3746
0.0009891451569962633D0,0.9728933455796356D0,                    0000097P   3747
-0.1178766881372102D0,0.0009902890528993751D0,                   0000097P   3748
0.9745582139285894D0,-0.1173856813594056D0,                      0000097P   3749
0.000991329877561716D0,0.9761969393780628D0,                     0000097P   3750
-0.1168327519713531D0,0.0009922620699322783D0,                   0000097P   3751
0.9778023452708449D0,-0.1162087208809517D0,                      0000097P   3752
0.0009930801429052321D0,0.9793671447466386D0,                    0000097P   3753
-0.11550540198418D0,0.0009937786209118812D0,                     0000097P   3754
0.9808814538853559D0,-0.1147143054477018D0,                      0000097P   3755
0.0009943525527523981D0,0.9823320731321624D0,                    0000097P   3756
-0.1138262569046422D0,0.0009947968378147115D0,                   0000097P   3757
0.983703978120763D0,-0.112832190153855D0,                        0000097P   3758
0.0009951047004831547D0,0.9849848343924756D0,                    0000097P   3759
-0.111729961437625D0,0.0009952738118240473D0,                    0000097P   3760
0.9861698695889036D0,-0.1105272938199125D0,                      0000097P   3761
0.0009953092801807427D0,0.9872513650056083D0,                    0000097P   3762
-0.1092284918184668D0,0.0009952126635903163D0,                   0000097P   3763
0.9882206231431194D0,-0.1078382705139858D0,                      0000097P   3764
0.0009949847236845576D0,0.9890851108686527D0,                    0000097P   3765
-0.106372572553394D0,0.000994638279597466D0,                     0000097P   3766
0.9898538036088392D0,-0.1048455305204495D0,                      0000097P   3767
0.00099418618572269D0,0.9905367582703581D0,                      0000097P   3768
-0.1032700540393368D0,0.0009936411344288686D0,                   0000097P   3769
0.9911441279089181D0,-0.1016576582766742D0,                      0000097P   3770
0.0009930149652755179D0,0.9916823129500726D0,                    0000097P   3771
-0.1000142089772552D0,0.0009923143000841377D0,                   0000097P   3772
0.9921587007653729D0,-0.09834543062191811D0,                     0000097P   3773
0.0009915463019252737D0,0.992581152300622D0,                     0000097P   3774
-0.0966566431838751D0,0.0009907181947449758D0,                   0000097P   3775
0.9929578853809088D0,-0.09495288971413191D0,                     0000097P   3776
0.0009898372693826138D0,0.9932974396216327D0,                    0000097P   3777
-0.09323911042892147D0,0.0009889109115357772D0,                  0000097P   3778
0.9936033253725223D0,-0.09151677937948552D0,                     0000097P   3779
0.0009879437600981891D0,0.9938790708975305D0,                    0000097P   3780
-0.08978718617111067D0,0.0009869404246519154D0,                  0000097P   3781
0.9941283019653266D0,-0.08805156377214042D0,                     0000097P   3782
0.0009859055503571336D0,0.9943547121518149D0,                    0000097P   3783
-0.08631108488866278D0,0.000984843806795915D0,                   0000097P   3784
0.9945619880723942D0,-0.08456687173834104D0,                     0000097P   3785
0.0009837598423031258D0,0.9947540501823683D0,                    0000097P   3786
-0.08282008713574726D0,0.0009826584816637869D0,                  0000097P   3787
0.9949319445894516D0,-0.081071039794014D0,                       0000097P   3788
0.0009815423293020936D0,0.9950964500383991D0,                    0000097P   3789
-0.0793199234646535D0,0.0009804137653618141D0,                   0000097P   3790
0.9952484253803973D0,-0.07756695200799696D0,                     0000097P   3791
0.0009792752362689223D0,0.9953887165905073D0,                    0000097P   3792
-0.07581231757393163D0,0.0009781291714992698D0,                  0000097P   3793
0.9955181797637389D0,-0.07405621189707011D0,                     0000097P   3794
0.0009769780105194608D0,0.9956376743892633D0,                    0000097P   3795
-0.07229881738207208D0,0.0009758241918664198D0,                  0000097P   3796
0.9957480640248613D0,-0.07054031272069762D0,                     0000097P   3797
0.0009746701565984135D0,0.9958502157624716D0,                    0000097P   3798
-0.068780872761913D0,0.0009735183473871375D0,                    0000097P   3799
0.9959449981520097D0,-0.06702067093718295D0,                     0000097P   3800
0.000972371207487586D0,0.9960332866751951D0,                     0000097P   3801
-0.06525988169168927D0,0.0009712311878820134D0,                  0000097P   3802
0.9961159412019398D0,-0.06349867573967025D0,                     0000097P   3803
0.0009701007189558744D0,0.9961938882775303D0,                    0000097P   3804
-0.06173724173427151D0,0.0009689823143173192D0,                  0000097P   3805
0.9962674054557584D0,-0.05997561715084034D0,                     0000097P   3806
0.0009678776748021736D0,0.9963366618169174D0,                    0000097P   3807
-0.05821380951184611D0,0.0009667883626007527D0,                  0000097P   3808
0.9964018552441395D0,-0.05645182665246322D0,                     0000097P   3809
0.00096571597181224D0,0.9964631762438357D0,                      0000097P   3810
-0.05468967017303789D0,0.0009646620847974564D0,                  0000097P   3811
0.9965208175713614D0,-0.052927337137893D0,                       0000097P   3812
0.0009636282841419348D0,0.9965749715916042D0,                    0000097P   3813
-0.0511648197896531D0,0.000962616149997807D0,                    0000097P   3814
0.9966258309145507D0,-0.04940210588105173D0,                     0000097P   3815
0.0009616272612209968D0,0.9966735882561449D0,                    0000097P   3816
-0.0476391784324786D0,0.0009606631962192774D0,                   0000097P   3817
0.9967184361936456D0,-0.04587601656133132D0,                     0000097P   3818
0.0009597255311451884D0,0.9967605681236162D0,                    0000097P   3819
-0.04411259426468481D0,0.0009588158502247415D0,                  0000097P   3820
0.9968001746285702D0,-0.04234888406333921D0,                     0000097P   3821
0.0009579357092407805D0,0.9968374570248282D0,                    0000097P   3822
-0.04058484416808061D0,0.0009570867750989865D0,                  0000097P   3823
0.9968724952907867D0,-0.03882054213475988D0,                     0000097P   3824
0.0009562694755524119D0,0.9969053534465128D0,                    0000097P   3825
-0.03705605173846876D0,0.0009554840593939439D0,                  0000097P   3826
0.9969361003681859D0,-0.03529143480832149D0,                     0000097P   3827
0.0009547308119520646D0,0.9969648042009291D0,                    0000097P   3828
-0.03352674600939429D0,0.0009540099990377954D0,                  0000097P   3829
0.9969915337646027D0,-0.03176203179618189D0,                     0000097P   3830
0.0009533218829077993D0,0.997016358098149D0,                     0000097P   3831
-0.02999733054973142D0,0.0009526667187962228D0,                  0000097P   3832
0.9970393464966326D0,-0.0282326733356353D0,                      0000097P   3833
0.0009520447570027829D0,0.9970605684435134D0,                    0000097P   3834
-0.02646808303092891D0,0.0009514562429549219D0,                  0000097P   3835
0.9970800935598658D0,-0.02470357512769493D0,                     0000097P   3836
0.0009509014182840328D0,0.9970979915636612D0,                    0000097P   3837
-0.02293915751677045D0,0.000950380521422381D0,                   0000097P   3838
0.997114332231233D0,-0.02117483063646231D0,                      0000097P   3839
0.0009498937883720447D0,0.9971291853644328D0,                    0000097P   3840
-0.01941058749852293D0,0.0009494414534315742D0,                  0000097P   3841
0.997142620762113D0,-0.01764641377623789D0,                      0000097P   3842
0.0009490237499486345D0,0.9971547081972346D0,                    0000097P   3843
-0.01588228769936474D0,0.0009486409110468586D0,                  0000097P   3844
0.9971655173951158D0,-0.01411818058844863D0,                     0000097P   3845
0.0009482931704736649D0,0.9971751180288944D0,                    0000097P   3846
-0.01235405494989342D0,0.0009479807630427083D0,                  0000097P   3847
0.9971835796849887D0,-0.01058986904258028D0,                     0000097P   3848
0.0009477039262106403D0,0.9971909718905545D0,                    0000097P   3849
-0.00882557073747741D0,0.0009474628997893072D0,                  0000097P   3850
0.9971973640865586D0,-0.007061102057024476D0,                    0000097P   3851
0.0009472579275846443D0,0.9972028256412946D0,                    0000097P   3852
-0.005296397210938093D0,0.0009470892578741498D0,                 0000097P   3853
0.9972074258542774D0,-0.003531383093930863D0,                    0000097P   3854
0.0009469571443715059D0,0.997211233968903D0,                     0000097P   3855
-0.001765978912497568D0,0.0009468618470067449D0,                 0000097P   3856
0.9972132907811418D0,-0.0005887234260972883D0,                   0000097P   3857
0.0009468230377020746D0,0.9972142102344284D0,                    0000097P   3858
1.814831017465562D-18,0.0009468098594282556D0,                   0000097P   3859
-0.1696861803245675D0,-0.0D0,0.0009451210871966347D0,            0000097P   3860
-0.0006029506034711164D0,-0.9999993715981528D0;                  0000097P   3861
126,3,3,1,0,1,0,-0.0D0,-0.0D0,-0.0D0,-0.0D0,0.5D0,0.5D0,0.5D0,   0000099P   3862
0.5D0,1.0D0,1.0D0,1.0D0,1.0D0,0.9972142102344284D0,              0000099P   3863
1.814831017465562D-18,0.0009468098594282556D0,                   0000099P   3864
0.9976444988449371D0,-3.362981090002508D-07,                     0000099P   3865
0.000799837324817471D0,0.9978924164788157D0,                     0000099P   3866
-5.300616189451275D-07,0.0003999186665614234D0,                  0000099P   3867
0.9978924164753198D0,-5.300616162128733D-07,                     0000099P   3868
2.715926442076189D-17,-0.0D0,0.5D0,1.0D0,0.0D0,0.0D0;            0000099P   3869
102,4,93,95,97,99;                                               0000101P   3870
142,0,81,91,101,1;                                               0000103P   3871
144,81,1,0,103;                                                  0000105P   3872
128,4,19,3,3,0,0,1,0,0,0.0D0,0.0D0,0.0D0,0.0D0,0.5D0,1.0D0,      0000107P   3873
1.0D0,1.0D0,1.0D0,0.0D0,0.0D0,0.0D0,0.0D0,                       0000107P   3874
0.004057123328688121D0,0.008114246657376242D0,                   0000107P   3875
0.01217136998606436D0,0.01622849331475248D0,                     0000107P   3876
0.02028561664344061D0,0.02434273997212873D0,                     0000107P   3877
0.02839986330081685D0,0.03245698662950497D0,                     0000107P   3878
0.0365141099581931D0,0.04057123328688122D0,                      0000107P   3879
0.04462835661556934D0,0.04868547994425746D0,                     0000107P   3880
0.05274260327294558D0,0.0567997266016337D0,                      0000107P   3881
0.06085684993032182D0,0.06491397325900994D0,                     0000107P   3882
0.06897109658769807D0,0.06897109658769807D0,                     0000107P   3883
0.06897109658769807D0,0.06897109658769807D0,1.0D0,1.0D0,1.0D0,   0000107P   3884
1.0D0,1.0D0,1.0D0,1.0D0,1.0D0,1.0D0,1.0D0,1.0D0,1.0D0,1.0D0,     0000107P   3885
1.0D0,1.0D0,1.0D0,1.0D0,1.0D0,1.0D0,1.0D0,1.0D0,1.0D0,1.0D0,     0000107P   3886
1.0D0,1.0D0,1.0D0,1.0D0,1.0D0,1.0D0,1.0D0,1.0D0,1.0D0,1.0D0,     0000107P   3887
1.0D0,1.0D0,1.0D0,1.0D0,1.0D0,1.0D0,1.0D0,1.0D0,1.0D0,1.0D0,     0000107P   3888
1.0D0,1.0D0,1.0D0,1.0D0,1.0D0,1.0D0,1.0D0,1.0D0,1.0D0,1.0D0,     0000107P   3889
1.0D0,1.0D0,1.0D0,1.0D0,1.0D0,1.0D0,1.0D0,1.0D0,1.0D0,1.0D0,     0000107P   3890
1.0D0,1.0D0,1.0D0,1.0D0,1.0D0,1.0D0,1.0D0,1.0D0,1.0D0,1.0D0,     0000107P   3891
1.0D0,1.0D0,1.0D0,1.0D0,1.0D0,1.0D0,1.0D0,1.0D0,1.0D0,1.0D0,     0000107P   3892
1.0D0,1.0D0,1.0D0,1.0D0,1.0D0,1.0D0,1.0D0,1.0D0,1.0D0,1.0D0,     0000107P   3893
1.0D0,1.0D0,1.0D0,1.0D0,1.0D0,1.0D0,1.0D0,0.9310344827586204D0,  0000107P   3894
-0.1224769106919959D0,0.0009383081550473349D0,                   0000107P   3895
0.9310464040896469D0,-0.1228423178525568D0,                      0000107P   3896
0.0008228510987150676D0,0.9310652249848834D0,                    0000107P   3897
-0.1234192072847936D0,2.637459532457004D-12,                     0000107P   3898
0.9310464040894978D0,-0.1228423178479831D0,                      0000107P   3899
-0.0008228511039896372D0,0.9310344827586207D0,                   0000107P   3900
-0.1224769106919959D0,-0.0009383081550472038D0,                  0000107P   3901
0.9296831549645883D0,-0.1225262465918267D0,                      0000107P   3902
0.0009363341397339001D0,0.9296946774065302D0,                    0000107P   3903
-0.1228901548349732D0,0.0008184461159509704D0,                   0000107P   3904
0.929712697533142D0,-0.1234594397779979D0,2.640668034262851D-12, 0000107P   3905
0.9296946774063874D0,-0.1228901548304373D0,                      0000107P   3906
-0.000818446121228176D0,0.929683154964589D0,                     0000107P   3907
-0.1225262465918275D0,-0.0009363341397334568D0,                  0000107P   3908
0.9269803860061158D0,-0.1226206982512773D0,                      0000107P   3909
0.000932296225910996D0,0.9269910850632195D0,                     0000107P   3910
-0.1229814960117959D0,0.0008096439177690685D0,                   0000107P   3911
0.9270075063148052D0,-0.1235357530467485D0,2.64549823788084D-12, 0000107P   3912
0.9269910850630887D0,-0.122981496007336D0,                       0000107P   3913
-0.0008096439230511072D0,0.9269803860061174D0,                   0000107P   3914
-0.122620698251279D0,-0.0009322962259101817D0,                   0000107P   3915
0.9229256872871541D0,-0.122750885303065D0,                       0000107P   3916
0.0009259770723472466D0,0.9229352354935879D0,                    0000107P   3917
-0.1231067647563334D0,0.0007964755496751392D0,                   0000107P   3918
0.9229495065496831D0,-0.123639134968031D0,2.648801077931059D-12, 0000107P   3919
0.9229352354934723D0,-0.1231067647519855D0,                      0000107P   3920
-0.0007964755549625444D0,0.9229256872871552D0,                   0000107P   3921
-0.1227508853030665D0,-0.0009259770723464653D0,                  0000107P   3922
0.9188703782150933D0,-0.1228707509375339D0,                      0000107P   3923
0.0009194031553046223D0,0.9188789396337781D0,                    0000107P   3924
-0.1232215141403471D0,0.0007833535163367686D0,                   0000107P   3925
0.9188914072723616D0,-0.1237327079216209D0,                      0000107P   3926
2.648947072506073D-12,0.9188789396336752D0,                      0000107P   3927
-0.1232215141361093D0,-0.0007833535216271013D0,                  0000107P   3928
0.9188703782150932D0,-0.1228707509375343D0,                      0000107P   3929
-0.0009194031553042803D0,0.9148145186300358D0,                   0000107P   3930
-0.1229814436266606D0,0.0009125822492967305D0,                   0000107P   3931
0.9148222609297291D0,-0.1233269178140195D0,                      0000107P   3932
0.0007702889682281451D0,0.9148332506114092D0,                    0000107P   3933
-0.1238176516478281D0,2.64666118708369D-12,0.9148222609296341D0, 0000107P   3934
-0.1233269178098906D0,-0.0007702889735184372D0,                  0000107P   3935
0.9148145186300346D0,-0.1229814436266593D0,                      0000107P   3936
-0.000912582249297058D0,0.9107583584511822D0,                    0000107P   3937
-0.1230841696984969D0,0.0009055222254052487D0,                   0000107P   3938
0.910765334653974D0,-0.1234241647806501D0,                       0000107P   3939
0.0007572928388683648D0,0.9107749905050752D0,-0.1238951013077D0, 0000107P   3940
2.642685713103329D-12,0.9107653346538913D0,                      0000107P   3941
-0.1234241647766292D0,-0.0007572928441550664D0,                  0000107P   3942
0.9107583584511802D0,-0.1230841696984943D0,                      0000107P   3943
-0.0009055222254062907D0,0.906701854774503D0,                    0000107P   3944
-0.1231797071051802D0,0.0008982322703519598D0,                   0000107P   3945
0.9067081643783153D0,-0.1235140618105063D0,                      0000107P   3946
0.0007443755935678028D0,0.906716685139879D0,                     0000107P   3947
-0.1239658746184563D0,2.63730413183971D-12,0.9067081643782385D0, 0000107P   3948
-0.1235140618065927D0,-0.000744375598847191D0,                   0000107P   3949
0.9067018547745007D0,-0.1231797071051766D0,                      0000107P   3950
-0.0008982322703536257D0,0.9026449695313887D0,                   0000107P   3951
-0.1232687019019952D0,0.0008907221032003862D0,                   0000107P   3952
0.9026507540989122D0,-0.1235972877896724D0,                      0000107P   3953
0.0007315474316056185D0,0.9026583797131521D0,                    0000107P   3954
-0.1240306633966902D0,2.630667576396866D-12,                     0000107P   3955
0.9026507540988449D0,-0.1235972877858651D0,                      0000107P   3956
-0.0007315474368739224D0,0.9026449695313868D0,                   0000107P   3957
-0.1232687019019911D0,-0.0008907221032024609D0,                  0000107P   3958
0.8985877998843126D0,-0.1233518191758727D0,                      0000107P   3959
0.0008830016038229977D0,0.8985931598999548D0,                    0000107P   3960
-0.1236745188720843D0,0.0007188182468081883D0,                   0000107P   3961
0.8986000597402135D0,-0.1240901261633056D0,                      0000107P   3962
2.622942202856245D-12,0.898593159899892D0,-0.1236745188683822D0, 0000107P   3963
-0.0007188182520615814D0,0.8985877998843115D0,                   0000107P   3964
-0.1233518191758686D0,-0.0008830016038251496D0,                  0000107P   3965
0.894530625264823D0,-0.1234297576110462D0,                       0000107P   3966
0.0008750808890983812D0,0.8945355048085903D0,                    0000107P   3967
-0.1237464390160711D0,0.0007061980280858801D0,                   0000107P   3968
0.8945416401355318D0,-0.1241448980252181D0,                      0000107P   3969
2.614325765978865D-12,0.8945355048085355D0,                      0000107P   3970
-0.1237464390124734D0,-0.0007061980333204223D0,                  0000107P   3971
0.8945306252648225D0,-0.123429757611043D0,                       0000107P   3972
-0.0008750808891001203D0,0.8904734928924605D0,                   0000107P   3973
-0.1235030106606666D0,0.0008669705164501685D0,                   0000107P   3974
0.8904778123509665D0,-0.1238135527530213D0,                      0000107P   3975
0.0006936949342791818D0,0.8904831202727161D0,                    0000107P   3976
-0.1241954675224599D0,2.604793287667109D-12,                     0000107P   3977
0.8904778123509173D0,-0.1238135527495277D0,                      0000107P   3978
-0.0006936949394911521D0,0.8904734928924607D0,                   0000107P   3979
-0.1235030106606648D0,-0.0008669705164510444D0,                  0000107P   3980
0.8864161880152783D0,-0.1235718605590196D0,                      0000107P   3981
0.0008586813764144887D0,0.8864200075360509D0,                    0000107P   3982
-0.123876186919994D0,0.0006813153716691087D0,                    0000107P   3983
0.8864245977973053D0,-0.124242183587365D0,2.594098606693231D-12, 0000107P   3984
0.88642000753601D0,-0.1238761869166026D0,                        0000107P   3985
-0.0006813153768553175D0,0.8864161880152792D0,                   0000107P   3986
-0.1235718605590195D0,-0.00085868137641428D0,                    0000107P   3987
0.8823586386951113D0,-0.1236366320547946D0,                      0000107P   3988
0.0008502244357570373D0,0.8823620710484075D0,                    0000107P   3989
-0.1239346922412493D0,0.0006690659156254791D0,                   0000107P   3990
0.8823661075121387D0,-0.1242853948133341D0,                      0000107P   3991
2.582060566819788D-12,0.8823620710483702D0,                      0000107P   3992
-0.1239346922379585D0,-0.0006690659207831963D0,                  0000107P   3993
0.8823586386951123D0,-0.1236366320547964D0,                      0000107P   3994
-0.000850224435755714D0,0.8783008243197303D0,                    0000107P   3995
-0.1236976367391981D0,0.0008416108132725455D0,                   0000107P   3996
0.8783040035195256D0,-0.1239893995168513D0,0.0006569528939918D0, 0000107P   3997
0.8783076640076963D0,-0.1243254215413996D0,                      0000107P   3998
2.568498856777782D-12,0.8783040035194922D0,                      0000107P   3999
-0.1239893995136588D0,-0.0006569528991187696D0,                  0000107P   4000
0.8783008243197319D0,-0.1236976367392013D0,                      0000107P   4001
-0.0008416108132702806D0,0.8742427957473264D0,                   0000107P   4002
-0.1237551885010904D0,0.0008328517693886588D0,                   0000107P   4003
0.8742458309788925D0,-0.124040632224698D0,                       0000107P   4004
0.0006449824983836124D0,0.8742492539064759D0,                    0000107P   4005
-0.1243625661259811D0,2.553244469293779D-12,                     0000107P   4006
0.8742458309788597D0,-0.1240406322216012D0,                      0000107P   4007
-0.0006449825034780363D0,0.8742427957473278D0,                   0000107P   4008
-0.1237551885010946D0,-0.0008328517693858225D0,                  0000107P   4009
0.8701846664818034D0,-0.1238095997886515D0,                      0000107P   4010
0.000823958716457356D0,0.8701876001658747D0,                     0000107P   4011
-0.1240887038800992D0,0.000633160754367423D0,                    0000107P   4012
0.8701908415316703D0,-0.1243971126320699D0,                      0000107P   4013
2.536144135667509D-12,0.8701876001658455D0,                      0000107P   4014
-0.1240887038770958D0,-0.0006331607594279687D0,                  0000107P   4015
0.8701846664818051D0,-0.1238095997886557D0,                      0000107P   4016
-0.0008239587164545199D0,0.8661266115154752D0,                   0000107P   4017
-0.1238611828984525D0,0.0008149432189722063D0,                   0000107P   4018
0.8661293768199556D0,-0.1241339194460305D0,                      0000107P   4019
0.0006214935300124682D0,0.8661323706577326D0,                    0000107P   4020
-0.1244293291873832D0,2.517045789381671D-12,                     0000107P   4021
0.8661293768199271D0,-0.1241339194431178D0,                      0000107P   4022
-0.0006214935350382471D0,0.8661266115154759D0,                   0000107P   4023
-0.1238611828984555D0,-0.0008149432189701395D0,                  0000107P   4024
0.8634214477903938D0,-0.1238938941668264D0,                      0000107P   4025
0.0008088590711941557D0,0.8634239548860705D0,                    0000107P   4026
-0.1241623567246153D0,0.0006138221961688173D0,                   0000107P   4027
0.8634266345614319D0,-0.1244494224179583D0,2.50289162769357D-12, 0000107P   4028
0.8634239548860451D0,-0.1241623567217611D0,                      0000107P   4029
-0.0006138222011711296D0,0.8634214477903942D0,                   0000107P   4030
-0.1238938941668275D0,-0.0008088590711932487D0,                  0000107P   4031
0.8620689655172409D0,-0.123909882397471D0,                       0000107P   4032
0.0008058005199834149D0,0.8620712751794206D0,                    0000107P   4033
-0.1241761969308363D0,0.0006100141586595535D0,                   0000107P   4034
0.8620737292556264D0,-0.124459163056767D0,2.495436474646284D-12, 0000107P   4035
0.8620712751793962D0,-0.124176196928011D0,                       0000107P   4036
-0.0006100141636501328D0,0.8620689655172409D0,                   0000107P   4037
-0.123909882397471D0,-0.0008058005199832824D0,0.0D0,1.0D0,0.0D0, 0000107P   4038
0.06897109658769807D0;                                           0000107P   4039
126,1,1,1,0,1,0,0.0D0,0.0D0,0.06897109658769807D0,               0000109P   4040
0.06897109658769807D0,1.0D0,1.0D0,0.5D0,0.0D0,0.0D0,0.5D0,       0000109P   4041
0.06897109658769807D0,0.0D0,0.0D0,0.06897109658769807D0,0.0D0,   0000109P   4042
0.0D0,1.0D0;                                                     0000109P   4043
126,1,1,1,0,1,0,-0.5D0,-0.5D0,-0.0D0,-0.0D0,1.0D0,1.0D0,0.5D0,   0000111P   4044
0.06897109658769807D0,0.0D0,0.0D0,0.06897109658769807D0,0.0D0,   0000111P   4045
-0.5D0,-0.0D0,0.0D0,0.0D0,1.0D0;                                 0000111P   4046
126,1,1,1,0,1,0,-0.06897109658769807D0,-0.06897109658769807D0,   0000113P   4047
-0.0D0,-0.0D0,1.0D0,1.0D0,0.0D0,0.06897109658769807D0,0.0D0,     0000113P   4048
0.0D0,0.0D0,0.0D0,-0.06897109658769807D0,-0.0D0,0.0D0,0.0D0,     0000113P   4049
1.0D0;                                                           0000113P   4050
126,1,1,1,0,1,0,-0.5D0,-0.5D0,-0.0D0,-0.0D0,1.0D0,1.0D0,0.0D0,   0000115P   4051
0.0D0,0.0D0,0.5D0,0.0D0,0.0D0,-0.5D0,-0.0D0,0.0D0,0.0D0,1.0D0;   0000115P   4052
102,4,109,111,113,115;                                           0000117P   4053
126,19,3,1,0,1,0,0.0D0,0.0D0,0.0D0,0.0D0,0.004057123328688121D0, 0000119P   4054
0.008114246657376242D0,0.01217136998606436D0,                    0000119P   4055
0.01622849331475248D0,0.02028561664344061D0,                     0000119P   4056
0.02434273997212873D0,0.02839986330081685D0,                     0000119P   4057
0.03245698662950497D0,0.0365141099581931D0,                      0000119P   4058
0.04057123328688122D0,0.04462835661556934D0,                     0000119P   4059
0.04868547994425746D0,0.05274260327294558D0,                     0000119P   4060
0.0567997266016337D0,0.06085684993032182D0,                      0000119P   4061
0.06491397325900994D0,0.06897109658769807D0,                     0000119P   4062
0.06897109658769807D0,0.06897109658769807D0,                     0000119P   4063
0.06897109658769807D0,1.0D0,1.0D0,1.0D0,1.0D0,1.0D0,1.0D0,1.0D0, 0000119P   4064
1.0D0,1.0D0,1.0D0,1.0D0,1.0D0,1.0D0,1.0D0,1.0D0,1.0D0,1.0D0,     0000119P   4065
1.0D0,1.0D0,1.0D0,0.9310558145372279D0,-0.1231307625675318D0,    0000119P   4066
8.735959004801952D-17,0.9297036874698004D0,                      0000119P   4067
-0.1231747973053516D0,1.032621254129507D-15,                     0000119P   4068
0.9269992956889797D0,-0.1232586245281573D0,                      0000119P   4069
2.239446692323122D-15,0.9229423710216067D0,                      0000119P   4070
-0.1233729498610952D0,2.549257463110854D-15,                     0000119P   4071
0.9188851734530441D0,-0.1234771110299245D0,                      0000119P   4072
1.890360697837101D-15,0.9148277557705453D0,                      0000119P   4073
-0.1235722847298916D0,7.575591629699341D-16,                     0000119P   4074
0.9107701625795039D0,-0.1236596330431698D0,                      0000119P   4075
-3.325519113556163D-16,0.906712424759078D0,                      0000119P   4076
-0.1237399682135029D0,-1.195007634513523D-15,                    0000119P   4077
0.9026545669060153D0,-0.1238139755922295D0,                      0000119P   4078
-1.742177365912645D-15,0.8985966098200685D0,                     0000119P   4079
-0.1238823225167694D0,-1.87716053638709D-15,                     0000119P   4080
0.8945385724720474D0,-0.1239456685197451D0,                      0000119P   4081
-1.472671810887061D-15,0.890480466311829D0,                      0000119P   4082
-0.1240045101368672D0,-5.959317241066575D-16,                    0000119P   4083
0.886422302666668D0,-0.1240591852528317D0,4.971066960846038D-16, 0000119P   4084
0.8823640892802638D0,-0.124110043526469D0,1.60098713800072D-15,  0000119P   4085
0.8783058337636026D0,-0.1241574105283273D0,                      0000119P   4086
2.507027788492544D-15,0.874247542442676D0,-0.1242015991745654D0, 0000119P   4087
3.016250443854673D-15,0.8701892208487652D0,                      0000119P   4088
-0.1242429082553337D0,2.935667117384688D-15,0.866130873738837D0, 0000119P   4089
-0.1242816243159787D0,2.078171619165903D-15,                     0000119P   4090
0.8634252947237449D0,-0.1243058895705733D0,                      0000119P   4091
8.677141036944613D-16,0.8620725022175173D0,                      0000119P   4092
-0.1243176799930954D0,7.340048707726865D-17,0.0D0,               0000119P   4093
0.06897109658769807D0,0.0D0,0.0D0,1.0D0;                         0000119P   4094
126,3,3,1,0,1,0,-0.5D0,-0.5D0,-0.5D0,-0.5D0,-0.0D0,-0.0D0,       0000121P   4095
-0.0D0,-0.0D0,1.0D0,1.0D0,1.0D0,1.0D0,0.8620725022175174D0,      0000121P   4096
-0.1243176799930954D0,7.340048707726865D-17,                     0000121P   4097
0.8620725022175235D0,-0.1243176799938017D0,                      0000121P   4098
0.000305007080577495D0,0.8620712751794206D0,                     0000121P   4099
-0.1241761969308363D0,0.0006100141586595535D0,                   0000121P   4100
0.8620689655172409D0,-0.123909882397471D0,                       0000121P   4101
0.0008058005199834149D0,-0.5D0,-0.0D0,0.0D0,                     0000121P   4102
0.5923253553275964D0,-0.8056988726788913D0;                      0000121P   4103
126,19,3,1,0,1,0,-0.06897109658769807D0,-0.06897109658769807D0,  0000123P   4104
-0.06897109658769807D0,-0.06897109658769807D0,                   0000123P   4105
-0.06491397325900994D0,-0.06085684993032182D0,                   0000123P   4106
-0.0567997266016337D0,-0.05274260327294558D0,                    0000123P   4107
-0.04868547994425746D0,-0.04462835661556934D0,                   0000123P   4108
-0.04057123328688122D0,-0.0365141099581931D0,                    0000123P   4109
-0.03245698662950497D0,-0.02839986330081685D0,                   0000123P   4110
-0.02434273997212873D0,-0.02028561664344061D0,                   0000123P   4111
-0.01622849331475248D0,-0.01217136998606436D0,                   0000123P   4112
-0.008114246657376242D0,-0.004057123328688121D0,-0.0D0,-0.0D0,   0000123P   4113
-0.0D0,-0.0D0,1.0D0,1.0D0,1.0D0,1.0D0,1.0D0,1.0D0,1.0D0,1.0D0,   0000123P   4114
1.0D0,1.0D0,1.0D0,1.0D0,1.0D0,1.0D0,1.0D0,1.0D0,1.0D0,1.0D0,     0000123P   4115
1.0D0,1.0D0,0.8620689655172409D0,-0.123909882397471D0,           0000123P   4116
0.0008058005199834149D0,0.8634214477903938D0,                    0000123P   4117
-0.1238938941668264D0,0.0008088590711941557D0,                   0000123P   4118
0.8661266115154752D0,-0.1238611828984525D0,                      0000123P   4119
0.0008149432189722063D0,0.8701846664818034D0,                    0000123P   4120
-0.1238095997886515D0,0.000823958716457356D0,                    0000123P   4121
0.8742427957473264D0,-0.1237551885010904D0,                      0000123P   4122
0.0008328517693886588D0,0.8783008243197303D0,                    0000123P   4123
-0.1236976367391981D0,0.0008416108132725455D0,                   0000123P   4124
0.8823586386951113D0,-0.1236366320547946D0,                      0000123P   4125
0.0008502244357570373D0,0.8864161880152783D0,                    0000123P   4126
-0.1235718605590196D0,0.0008586813764144887D0,                   0000123P   4127
0.8904734928924605D0,-0.1235030106606666D0,                      0000123P   4128
0.0008669705164501685D0,0.894530625264823D0,                     0000123P   4129
-0.1234297576110462D0,0.0008750808890983812D0,                   0000123P   4130
0.8985877998843126D0,-0.1233518191758727D0,                      0000123P   4131
0.0008830016038229977D0,0.9026449695313887D0,                    0000123P   4132
-0.1232687019019952D0,0.0008907221032003862D0,                   0000123P   4133
0.906701854774503D0,-0.1231797071051802D0,                       0000123P   4134
0.0008982322703519598D0,0.9107583584511822D0,                    0000123P   4135
-0.1230841696984969D0,0.0009055222254052487D0,                   0000123P   4136
0.9148145186300358D0,-0.1229814436266606D0,                      0000123P   4137
0.0009125822492967305D0,0.9188703782150933D0,                    0000123P   4138
-0.1228707509375339D0,0.0009194031553046223D0,                   0000123P   4139
0.9229256872871541D0,-0.122750885303065D0,                       0000123P   4140
0.0009259770723472466D0,0.9269803860061158D0,                    0000123P   4141
-0.1226206982512773D0,0.000932296225910996D0,                    0000123P   4142
0.9296831549645883D0,-0.1225262465918267D0,                      0000123P   4143
0.0009363341397339001D0,0.9310344827586204D0,                    0000123P   4144
-0.1224769106919959D0,0.0009383081550473349D0,                   0000123P   4145
-0.06897109658769807D0,-0.0D0,0.03648489465905707D0,             0000123P   4146
-0.9993342045890942D0,0.0D0;                                     0000123P   4147
126,3,3,1,0,1,0,-0.0D0,-0.0D0,-0.0D0,-0.0D0,0.5D0,0.5D0,0.5D0,   0000125P   4148
0.5D0,1.0D0,1.0D0,1.0D0,1.0D0,0.9310344827586204D0,              0000125P   4149
-0.1224769106919959D0,0.0009383081550473349D0,                   0000125P   4150
0.9310464040896469D0,-0.1228423178525568D0,                      0000125P   4151
0.0008228510987150676D0,0.9310558145372652D0,                    0000125P   4152
-0.1231307625686752D0,0.0004114255506762636D0,                   0000125P   4153
0.9310558145372279D0,-0.1231307625675318D0,                      0000125P   4154
8.738669510233166D-17,-0.0D0,0.5D0,1.0D0,0.0D0,0.0D0;            0000125P   4155
102,4,119,121,123,125;                                           0000127P   4156
142,0,107,117,127,1;                                             0000129P   4157
144,107,1,0,129;                                                 0000131P   4158
S0000001G0000011D0000132P0004158                                        T      1
