lambda,thickness,s_lambda,s_tau,subiterations,body_xi,body_eta,free_xi,free_eta
0.0,0.02698561675319968,4.095309158162846,-4.091486513466085,0,4.360935282236743,0.5015904374432705,4.369720939679969,0.4760750355291158
0.0041391978998316144,0.026983531451578203,4.0873467963402605,-4.087347315040973,79,4.364848970739115,0.5029380284644516,4.3736339492745415,0.47742459824171574
0.008278395799663229,0.026956765897516225,4.083122665969562,-4.083208030604158,110,4.368762659241487,0.5042856194856327,4.377538923764875,0.4787974965914486
0.012417593699494843,0.026929461928034425,4.078979999252889,-4.079068742650811,111,4.372676347743861,0.5056332105068139,4.381443722964295,0.4801709040229625
0.016556791599326458,0.026902135976933705,4.074840658410837,-4.074929454552409,111,4.376590036246233,0.506980801527995,4.385348515007198,0.4815443322385052
0.020695989499158074,0.026874809119932234,4.070701454623621,-4.070790166448027,111,4.380503724748605,0.5083283925491761,4.389253306755169,0.48291776131059394
0.02483518739898969,0.026847482225554366,4.0665622564811255,-4.066650878343397,111,4.3844174132509774,0.5096759835703571,4.3931580984909715,0.48429119041802277
0.028974385298821306,0.02682015532957237,4.06242305857089,-4.062511590238757,111,4.388331101753351,0.5110235745915384,4.397062890226253,0.4856646195269684
0.03311358319865292,0.02679282843345807,4.0582838606702,-4.058372302134116,111,4.392244790255723,0.5123711656127194,4.4009676819614905,0.48703804863603906
0.03725278109848454,0.02676550153727179,4.054144662769903,-4.0542330140294744,111,4.396158478758095,0.5137187566339005,4.404872473696704,0.48841147774517774
0.041391978998316155,0.026738174641015862,4.0500054648696215,-4.050093725924833,111,4.4000721672604675,0.5150663476550816,4.408777265431896,0.48978490685438225
0.04553117689814777,0.026710847744690222,4.045866266969338,-4.04595443782019,111,4.40398585576284,0.5164139386762627,4.412682057167064,0.49115833596365277
0.04967037479797939,0.026683520848294697,4.041727069069056,-4.041815149715547,111,4.407899544265213,0.5177615296974439,4.41658684890221,0.4925317650729894
0.053809572697811,0.026656193951829128,4.037587871168773,-4.037675861610904,111,4.411813232767585,0.519109120718625,4.420491640637334,0.49390519418239215
0.05794877059764262,0.02662886705529335,4.033448673268489,-4.03353657350626,111,4.4157269212699575,0.5204567117398061,4.424396432372434,0.49527862329186134
0.062087968497474236,0.026601540158687178,4.029309475368204,-4.029397285401616,111,4.41964060977233,0.5218043027609872,4.428301224107511,0.49665205240139704
0.06622716639730584,0.026574213262010454,4.025170277467919,-4.025257997296971,111,4.423554298274702,0.5231518937821684,4.432206015842565,0.49802548151099957
0.07036636429713745,0.02654688636526301,4.021031079567633,-4.021118709192326,111,4.427467986777075,0.5244994848033495,4.436110807577597,0.4993989106206688
0.07450556219696906,0.02651955946844467,4.016891881667347,-4.01697942108768,111,4.4313816752794475,0.5258470758245306,4.440015599312605,0.5007723397304051
0.07864476009680067,0.026492232571555276,4.012752683767061,-4.012840132983034,111,4.43529536378182,0.5271946668457117,4.44392039104759,0.5021457688402087
0.08278395799663228,0.02646490567459464,4.008613485866773,-4.008700844878388,111,4.439209052284192,0.5285422578668928,4.447825182782552,0.5035191979500795
0.08692315589646389,0.02643757877756261,4.004474287966485,-4.004561556773741,111,4.443122740786565,0.5298898488880739,4.451729974517491,0.5048926270600179
0.0910623537962955,0.026410251880459003,4.000335090066196,-4.000422268669094,111,4.4470364292889375,0.5312374399092551,4.455634766252406,0.5062660561700241
0.09520155169612711,0.02638292498328365,3.996195892165907,-3.9962829805644455,111,4.45095011779131,0.5325850309304362,4.4595395579872985,0.507639485280098
0.09934074959595872,0.026355598086036387,3.9920566942656177,-3.992143692459797,111,4.454863806293682,0.5339326219516173,4.463444349722167,0.5090129143902398
0.10347994749579033,0.026328271188717035,3.9879174963653266,-3.988004404355148,111,4.458777494796054,0.5352802129727984,4.467349141457012,0.5103863435004499
0.10761914539562194,0.02630094429132542,3.9837782984650354,-3.9838651162504988,111,4.4626911832984275,0.5366278039939796,4.471253933191834,0.5117597726107284
0.11175834329545355,0.026273617393861356,3.979639100564743,-3.979725828145849,111,4.4666048718008,0.5379753950151607,4.475158724926632,0.5131332017210752
0.11589754119528516,0.02624629049632468,3.9754999026644513,-3.9755865400411987,111,4.470518560303172,0.5393229860363418,4.479063516661406,0.5145066308314907
0.12003673909511677,0.026218963598715228,3.971360704764158,-3.971447251936548,111,4.474432248805544,0.5406705770575229,4.482968308396157,0.515880059941975
0.12417593699494837,0.026191636701032812,3.9672215068638645,-3.967307963831897,111,4.478345937307917,0.542018168078704,4.486873100130883,0.5172534890525283
0.12831513489478,0.026164309803277257,3.9630823089635694,-3.9631686757272453,111,4.48225962581029,0.5433657590998852,4.490777891865587,0.518626918163151
0.1324543327946116,0.026136982905448386,3.958943111063275,-3.9590293876225933,111,4.486173314312662,0.5447133501210663,4.494682683600266,0.5200003472738427
0.13659353069444322,0.02610965600754602,3.9548039131629795,-3.9548900995179403,111,4.490087002815034,0.5460609411422473,4.498587475334921,0.521373776384604
0.14073272859427483,0.02608232910957,3.950664715262683,-3.950750811413287,111,4.494000691317407,0.5474085321634284,4.502492267069552,0.522747205495435
0.14487192649410643,0.026055002211520135,3.9465255173623857,-3.946611523308633,111,4.497914379819779,0.5487561231846095,4.5063970588041595,0.5241206346063357
0.14901112439393804,0.026027675313396243,3.9423863194620883,-3.942472235203979,111,4.501828068322152,0.5501037142057907,4.5103018505387436,0.5254940637173066
0.15315032229376965,0.026000348415198157,3.9382471215617905,-3.9383329470993242,111,4.505741756824524,0.5514513052269718,4.514206642273303,0.5268674928283474
0.15728952019360126,0.025973021516925685,3.934107923661491,-3.934193658994669,111,4.509655445326897,0.5527988962481529,4.518111434007837,0.5282409219394587
0.16142871809343287,0.025945694618578662,3.9299687257611917,-3.9300543708900135,111,4.513569133829269,0.554146487269334,4.522016225742348,0.5296143510506404
0.16556791599326448,0.025918367720156908,3.9258295278608917,-3.9259150827853575,111,4.517482822331642,0.5554940782905151,4.5259210174768345,0.5309877801618927
0.1697071138930961,0.025891040821660233,3.9216903299605916,-3.921775794680701,111,4.521396510834014,0.5568416693116963,4.529825809211297,0.5323612092732161
0.1738463117929277,0.02586371392308847,3.91755113206029,-3.917636506576044,111,4.525310199336387,0.5581892603328774,4.533730600945733,0.5337346383846103
0.1779855096927593,0.025836387024441423,3.9134119341599884,-3.9134972184713863,111,4.529223887838759,0.5595368513540585,4.537635392680146,0.5351080674960758
0.18212470759259092,0.02580906012571892,3.9092727362596857,-3.909357930366728,111,4.533137576341131,0.5608844423752396,4.541540184414535,0.5364814966076125
0.18626390549242253,0.02578173322692078,3.9051335383593817,-3.9052186422620694,111,4.537051264843504,0.5622320333964207,4.545444976148899,0.5378549257192208
0.19040310339225414,0.025754406328046806,3.9009943404590786,-3.9010793541574103,111,4.540964953345877,0.5635796244176019,4.549349767883238,0.5392283548309008
0.19454230129208575,0.025727079429096838,3.896855142558774,-3.8969400660527507,111,4.544878641848249,0.564927215438783,4.553254559617552,0.5406017839426526
0.19868149919191735,0.025699752530070688,3.8927159446584683,-3.8928007779480907,111,4.548792330350621,0.5662748064599641,4.557159351351841,0.5419752130544765
0.20282069709174896,0.02567242563096816,3.888576746758163,-3.88866148984343,111,4.5527060188529935,0.5676223974811452,4.561064143086106,0.5433486421663725
0.20695989499158057,0.02564509873178907,3.884437548857856,-3.884522201738769,111,4.556619707355367,0.5689699885023263,4.564968934820346,0.5447220712783409
0.21109909289141218,0.025617771832533248,3.8802983509575495,-3.880382913634107,111,4.560533395857739,0.5703175795235074,4.5688737265545605,0.546095500390382
0.2152382907912438,0.025590444933200507,3.8761591530572415,-3.876243625529445,111,4.564447084360111,0.5716651705446886,4.57277851828875,0.5474689295024958
0.2193774886910754,0.025563118033790654,3.872019955156933,-3.872104337424782,111,4.5683607728624835,0.5730127615658697,4.576683310022914,0.5488423586146824
0.223516686590907,0.025535791134303498,3.867880757256624,-3.867965049320119,111,4.572274461364856,0.5743603525870508,4.580588101757054,0.5502157877269422
0.22765588449073862,0.025508464234738862,3.8637415593563142,-3.8638257612154554,111,4.576188149867229,0.5757079436082319,4.584492893491168,0.5515892168392752
0.23179508239057023,0.025481137335096556,3.859602361456004,-3.8596864731107914,111,4.580101838369601,0.5770555346294131,4.5883976852252575,0.5529626459516818
0.23593428029040184,0.025453810435376388,3.8554631635556933,-3.8555471850061265,111,4.584015526871974,0.5784031256505942,4.592302476959321,0.5543360750641618
0.24007347819023345,0.025426483550143833,3.851323965744949,-3.8514078969015575,110,4.587929215374346,0.5797507166717752,4.596207268698101,0.5557095041629435
0.24421267609006506,0.02539915666539254,3.8471847678480726,-3.8472686087969916,110,4.591842903876718,0.5810983076929563,4.600112060437038,0.5570829332612702
0.24835187398989667,0.025371829780575214,3.843045569947836,-3.8431293206924253,110,4.595756592379091,0.5824458987141374,4.6040168521759535,0.5584563623596593
0.2524910718897283,0.02534450289567031,3.838906372047468,-3.8389900325878585,110,4.599670280881464,0.5837934897353186,4.607921643914841,0.5598297914581314
0.25663026978955994,0.02531717601067678,3.8347671741470934,-3.834850744483291,110,4.603583969383836,0.5851410807564997,4.611826435653698,0.5612032205566871
0.2607694676893916,0.025289849125594375,3.8306279762467184,-3.830711456378723,110,4.607497657886208,0.5864886717776808,4.615731227392527,0.5625766496553269
0.2649086655892232,0.02526252224042289,3.826488778346343,-3.8265721682741543,110,4.611411346388581,0.587836262798862,4.6196360191313275,0.5639500787540511
0.26904786348905485,0.0252351953551621,3.8223495804459664,-3.822432880169585,110,4.615325034890954,0.5891838538200431,4.623540810870098,0.5653235078528596
0.2731870613888865,0.02520786846981181,3.8182103825455886,-3.818293592065015,110,4.619238723393326,0.5905314448412242,4.627445602608841,0.5666969369517526
0.2773262592887181,0.02518054158437178,3.8140711846452104,-3.8141543039604446,110,4.623152411895698,0.5918790358624053,4.631350394347553,0.5680703660507305
0.28146545718854976,0.02515321469884181,3.809931986744832,-3.8100150158558734,110,4.627066100398071,0.5932266268835865,4.635255186086237,0.5694437951497936
0.2856046550883814,0.025125887813221687,3.8057927888444527,-3.805875727751302,110,4.630979788900444,0.5945742179047676,4.639159977824891,0.5708172242489418
0.28974385298821304,0.025098560927511185,3.801653590944072,-3.8017364396467297,110,4.634893477402816,0.5959218089259487,4.643064769563516,0.5721906533481754
0.2938830508880447,0.02507123404171009,3.7975143930436914,-3.7975971515421567,110,4.638807165905188,0.5972693999471299,4.64696956130211,0.5735640824474948
0.2980222487878763,0.025043907155818196,3.7933751951433092,-3.7934578634375833,110,4.642720854407561,0.598616990968311,4.650874353040677,0.5749375115469
0.30216144668770795,0.025016580269835272,3.789235997242927,-3.7893185753330094,110,4.646634542909934,0.5999645819894921,4.654779144779212,0.5763109406463912
0.3063006445875396,0.024989253383761102,3.785096799342544,-3.7851792872284347,110,4.650548231412306,0.6013121730106732,4.658683936517718,0.5776843697459687
0.3104398424873712,0.02496192649759547,3.7809576014421604,-3.7810399991238595,110,4.654461919914678,0.6026597640318544,4.662588728256194,0.5790577988456328
0.31457904038720286,0.024934599611338155,3.7768184035417756,-3.776900711019284,110,4.658375608417051,0.6040073550530355,4.666493519994642,0.5804312279453835
0.3187182382870345,0.024907272724988928,3.7726792056413903,-3.7727614229147073,110,4.662289296919424,0.6053549460742166,4.6703983117330585,0.5818046570452211
0.32285743618686613,0.024879945838547586,3.7685400077410054,-3.7686221348101303,110,4.666202985421796,0.6067025370953977,4.674303103471445,0.5831780861451458
0.32699663408669777,0.02485261895201391,3.764400809840618,-3.7644828467055524,110,4.670116673924168,0.6080501281165789,4.678207895209802,0.5845515152451578
0.3311358319865294,0.024825292065387656,3.7602616119402303,-3.760343558600974,110,4.6740303624265405,0.60939771913776,4.682112686948128,0.5859249443452573
0.33527502988636104,0.024797965178668616,3.756122414039843,-3.7562042704963954,110,4.677944050928914,0.6107453101589411,4.686017478686425,0.5872983734454447
0.3394142277861927,0.024770638291856564,3.751983216139454,-3.7520649823918157,110,4.681857739431286,0.6120929011801222,4.689922270424691,0.5886718025457198
0.3435534256860243,0.02474331140495128,3.747844018239064,-3.7479256942872357,110,4.685771427933658,0.6134404922013034,4.693827062162926,0.5900452316460832
0.34769262358585595,0.024715984517952528,3.7437048203386745,-3.743786406182655,110,4.6896851164360305,0.6147880832224845,4.697731853901131,0.5914186607465349
0.3518318214856876,0.024688657630860103,3.739565622438283,-3.7396471180780737,110,4.693598804938404,0.6161356742436656,4.701636645639307,0.5927920898470752
0.3559710193855192,0.024661330743673757,3.735426424537891,-3.735507829973492,110,4.697512493440776,0.6174832652648468,4.705541437377451,0.5941655189477044
0.36011021728535086,0.02463400385639328,3.7312872266374986,-3.731368541868909,110,4.701426181943148,0.6188308562860279,4.709446229115564,0.5955389480484226
0.3642494151851825,0.024606676969018443,3.727148028737106,-3.727229253764326,110,4.7053398704455205,0.620178447307209,4.713351020853646,0.5969123771492298
0.36838861308501414,0.024579350081549017,3.723008830836712,-3.7230899656597423,110,4.709253558947894,0.62152603832839,4.7172558125916995,0.5982858062501266
0.3725278109848458,0.024552023193984775,3.7188696329363173,-3.7189506775551577,110,4.713167247450266,0.6228736293495712,4.72116060432972,0.5996592353511131
0.3766670088846774,0.02452469630632549,3.714730435035922,-3.7148113894505728,110,4.717080935952638,0.6242212203707523,4.72506539606771,0.6010326644521894
0.38080620678450905,0.024497369418570926,3.710591237135526,-3.710672101345987,110,4.7209946244550105,0.6255688113919334,4.728970187805669,0.6024060935533557
0.3849454046843407,0.02447004253072086,3.706452039235129,-3.7065328132414006,110,4.724908312957384,0.6269164024131146,4.732874979543598,0.6037795226546125
0.3890846025841723,0.024442715642775063,3.7023128413347313,-3.7023935251368134,110,4.728822001459756,0.6282639934342957,4.736779771281495,0.6051529517559596
0.39322380048400396,0.024415388754733307,3.698173643434333,-3.6982542370322258,110,4.732735689962128,0.6296115844554768,4.74068456301936,0.6065263808573975
0.3973629983838356,0.024388061866595357,3.6940344455339345,-3.6941149489276377,110,4.7366493784645005,0.6309591754766579,4.744589354757194,0.6078998099589265
0.40150219628366723,0.02436073497836098,3.689895247633534,-3.6899756608230487,110,4.740563066966873,0.6323067664978391,4.748494146494997,0.6092732390605465
0.40564139418349887,0.024333408090029936,3.685756049733134,-3.6858363727184593,110,4.744476755469246,0.6336543575190202,4.752398938232769,0.610646668162258
0.4097805920833305,0.024306081201602003,3.681616851832733,-3.681697084613869,110,4.748390443971618,0.6350019485402013,4.756303729970509,0.612020097264061
0.41391978998316215,0.02427875431307695,3.6774776539323306,-3.6775577965092783,110,4.7523041324739905,0.6363495395613825,4.760208521708217,0.613393526365956
0.4180589878829938,0.024251427424454526,3.673338456031928,-3.6734185084046866,110,4.756217820976363,0.6376971305825636,4.764113313445893,0.6147669554679429
0.4221981857828254,0.02422410053573451,3.6691992581315245,-3.6692792203000946,110,4.760131509478736,0.6390447216037447,4.768018105183539,0.6161403845700221
0.42633738368265706,0.024196773646916653,3.6650600602311205,-3.665139932195502,110,4.764045197981108,0.6403923126249258,4.771922896921152,0.6175138136721938
0.4304765815824887,0.02416944675800074,3.660920862330716,-3.6610006440909086,110,4.7679588864834805,0.641739903646107,4.775827688658732,0.6188872427744584
0.43461577948232033,0.02414211986898651,3.656781664430311,-3.656861355986315,110,4.771872574985853,0.6430874946672881,4.779732480396282,0.6202606718768158
0.43875497738215197,0.024114792979873758,3.652642466529904,-3.65272206788172,110,4.775786263488226,0.6444350856884692,4.7836372721338,0.6216341009792663
0.4428941752819836,0.024087466090662216,3.6485032686294967,-3.648582779777125,110,4.779699951990598,0.6457826767096504,4.787542063871284,0.6230075300818104
0.44703337318181524,0.024060139201351645,3.644364070729089,-3.644443491672529,110,4.7836136404929706,0.6471302677308315,4.791446855608736,0.6243809591844479
0.4511725710816469,0.024032812311941827,3.640224872828681,-3.6403042035679323,110,4.787527328995343,0.6484778587520126,4.795351647346156,0.6257543882871793
0.4553117689814785,0.024005485422432506,3.636085674928271,-3.636164915463335,110,4.791441017497716,0.6498254497731937,4.799256439083545,0.6271278173900049
0.45945096688131015,0.02397815853282344,3.6319464770278613,-3.632025627358737,110,4.795354706000088,0.6511730407943749,4.8031612308209,0.6285012464929248
0.4635901647811418,0.023950831643114397,3.6278072791274507,-3.6278863392541383,110,4.799268394502461,0.652520631815556,4.807066022558223,0.6298746755959391
0.4677293626809734,0.02392350475330514,3.623668081227039,-3.623747051149539,110,4.803182083004833,0.6538682228367371,4.810970814295513,0.6312481046990482
0.47186856058080506,0.023896177863395412,3.6195288833266264,-3.619607763044939,110,4.807095771507206,0.6552158138579183,4.814875606032771,0.6326215338022525
0.4760077584806367,0.023868850973384974,3.615389685426214,-3.6154684749403385,110,4.811009460009578,0.6565634048790994,4.818780397769996,0.6339949629055518
0.48014695638046834,0.023841524083273585,3.6112504875257994,-3.611329186835737,110,4.814923148511951,0.6579109959002805,4.822685189507187,0.6353683920089466
0.4842861542803,0.023814197193060996,3.607111289625385,-3.6071898987311353,110,4.818836837014323,0.6592585869214616,4.826589981244346,0.636741821112437
0.4884253521801316,0.02378687030274697,3.60297209172497,-3.6030506106265325,110,4.822750525516696,0.6606061779426428,4.8304947729814725,0.6381152502160236
0.49256455007996325,0.02375954341233126,3.5988328938245537,-3.5989113225219294,110,4.826664214019068,0.6619537689638239,4.834399564718565,0.639488679319706
0.4967037479797949,0.023732216521813614,3.594693695924138,-3.5947720344173253,110,4.830577902521441,0.663301359985005,4.838304356455624,0.6408621084234849
0.5008429458796265,0.02370488963119378,3.5905544980237205,-3.590632746312721,110,4.834491591023813,0.6646489510061862,4.842209148192651,0.6422355375273605
0.5049821437794582,0.023677562740471517,3.5864153001233023,-3.5864934582081154,110,4.838405279526185,0.6659965420273672,4.846113939929643,0.6436089666313329
0.5091213416792898,0.023650235849646588,3.582276102222883,-3.5823541701035095,110,4.842318968028558,0.6673441330485483,4.850018731666603,0.6449823957354024
0.5132605395791214,0.023622908958718717,3.5781369043224633,-3.578214881998903,110,4.846232656530931,0.6686917240697294,4.853923523403529,0.6463558248395691
0.5173997374789531,0.02359558206768767,3.5739977064220434,-3.5740755938942956,110,4.850146345033303,0.6700393150909106,4.857828315140422,0.6477292539438336
0.5215389353787847,0.0235682551765532,3.569858508521622,-3.5699363057896876,110,4.854060033535675,0.6713869061120917,4.86173310687728,0.6491026830481957
0.5256781332786163,0.023540928285315045,3.5657193106212,-3.565797017685079,110,4.857973722038048,0.6727344971332728,4.865637898614106,0.6504761121526559
0.529817331178448,0.023513601393972964,3.561580112720778,-3.5616577295804697,110,4.861887410540421,0.674082088154454,4.869542690350897,0.6518495412572144
0.5339565290782796,0.023486274502526695,3.557440914820354,-3.5575184414758594,110,4.865801099042793,0.6754296791756351,4.873447482087654,0.6532229703618713
0.5380957269781113,0.023458947610975993,3.55330171691993,-3.5533791533712487,110,4.869714787545165,0.6767772701968162,4.877352273824377,0.654596399466627
0.5422349248779429,0.023431620719320593,3.5491625190195046,-3.549239865266637,110,4.873628476047538,0.6781248612179973,4.8812570655610665,0.6559698285714817
0.5463741227777745,0.023404293827560253,3.545023321119079,-3.545100577162025,110,4.877542164549911,0.6794724522391784,4.885161857297722,0.6573432576764355
0.5505133206776062,0.0233769669356947,3.5408841232186523,-3.540961289057412,110,4.881455853052283,0.6808200432603596,4.889066649034342,0.658716686781489
0.5546525185774378,0.02334964004372369,3.5367449253182257,-3.5368220009527986,110,4.885369541554655,0.6821676342815407,4.892971440770928,0.6600901158866421
0.5587917164772694,0.023322313151646974,3.5326057274177978,-3.5326827128481844,110,4.889283230057028,0.6835152253027219,4.8968762325074815,0.6614635449918952
0.5629309143771011,0.023294986259464277,3.5284665295173685,-3.528543424743569,110,4.893196918559401,0.684862816323903,4.900781024243998,0.6628369740972484
0.5670701122769327,0.023267659367175352,3.5243273316169392,-3.5244041366389536,110,4.897110607061773,0.6862104073450841,4.904685815980481,0.6642104032027021
0.5712093101767644,0.023240332474779943,3.5201881337165086,-3.520264848534337,110,4.901024295564145,0.6875579983662652,4.9085906077169295,0.6655838323082565
0.575348508076596,0.02321300558227778,3.5160489358160785,-3.51612556042972,110,4.9049379840665175,0.6889055893874463,4.912495399453342,0.6669572614139118
0.5794877059764276,0.023185678689668608,3.5119097379156465,-3.5119862723251023,110,4.908851672568891,0.6902531804086275,4.916400191189722,0.6683306905196683
0.5836269038762593,0.02315835179695217,3.5077705400152137,-3.507846984220484,110,4.912765361071263,0.6916007714298086,4.920304982926066,0.6697041196255262
0.5877661017760909,0.0231310249041282,3.503631342114781,-3.503707696115865,110,4.916679049573635,0.6929483624509898,4.9242097746623745,0.671077548731486
0.5919052996759225,0.023103698011196428,3.4994921442143467,-3.499568408011245,110,4.920592738076008,0.6942959534721709,4.928114566398649,0.6724509778375475
0.5960444975757542,0.023076371118156608,3.4953529463139117,-3.4954291199066243,110,4.924506426578381,0.695643544493352,4.932019358134887,0.6738244069437112
0.6001836954755858,0.023049044225008464,3.491213748413476,-3.491289831802003,110,4.928420115080753,0.6969911355145331,4.93592414987109,0.6751978360499772
0.6043228933754174,0.023021717331751734,3.4870745505130403,-3.487150543697381,110,4.932333803583125,0.6983387265357142,4.939828941607257,0.6765712651563459
0.6084620912752491,0.022994390438386147,3.482935352612603,-3.4830112555927584,110,4.9362474920854975,0.6996863175568954,4.9437337333433895,0.6779446942628177
0.6126012891750807,0.022967063544911438,3.4787961547121657,-3.4788719674881348,110,4.940161180587871,0.7010339085780765,4.947638525079487,0.6793181233693926
0.6167404870749124,0.022939736651327352,3.474656956811727,-3.4747326793835107,110,4.944074869090243,0.7023814995992577,4.951543316815548,0.6806915524760709
0.620879684974744,0.02291240975763361,3.4705177589112886,-3.4705933912788858,110,4.947988557592615,0.7037290906204388,4.955448108551574,0.6820649815828529
0.6250188828745756,0.022885082863829957,3.4663785610108477,-3.46645410317426,110,4.9519022460949875,0.7050766816416199,4.959352900287563,0.6834384106897388
0.6291580807744073,0.022857755969916103,3.4622393631104074,-3.4623148150696337,110,4.955815934597361,0.706424272662801,4.963257692023518,0.6848118397967289
0.6332972786742389,0.022830429075891792,3.4581001652099657,-3.4581755269650065,110,4.959729623099733,0.707771863683982,4.967162483759435,0.6861852689038234
0.6374364765740705,0.022803102181756754,3.453960967309523,-3.4540362388603785,110,4.963643311602105,0.7091194547051632,4.971067275495317,0.6875586980110227
0.6415756744739022,0.022775775287510715,3.4498217694090796,-3.44989695075575,110,4.9675570001044775,0.7104670457263443,4.974972067231163,0.6889321271183269
0.6457148723737338,0.022748448393153403,3.445682571508636,-3.4457576626511206,110,4.971470688606851,0.7118146367475255,4.978876858966973,0.6903055562257363
0.6498540702735655,0.022721121498684545,3.4415433736081917,-3.4416183745464908,110,4.975384377109223,0.7131622277687066,4.982781650702746,0.6916789853332512
0.6539932681733971,0.02269379460410387,3.4374041757077465,-3.43747908644186,110,4.979298065611595,0.7145098187898877,4.986686442438483,0.6930524144408717
0.6581324660732287,0.02266646770941111,3.4332649778073003,-3.4333397983372285,110,4.9832117541139676,0.7158574098110688,4.9905912341741825,0.6944258435485983
0.6622716639730604,0.022639140814605965,3.4291257799068533,-3.4292005102325964,110,4.987125442616341,0.7172050008322499,4.994496025909847,0.6957992726564312
0.666410861872892,0.022611813919688174,3.4249865820064054,-3.4250612221279635,110,4.991039131118713,0.7185525918534311,4.998400817645474,0.6971727017643705
0.6705500597727236,0.02258448702465747,3.420847384105957,-3.4209219340233297,110,4.994952819621085,0.7199001828746122,5.002305609381064,0.6985461308724166
0.6746892576725553,0.022557160129513563,3.4167081862055078,-3.416782645918695,110,4.998866508123458,0.7212477738957933,5.0062104011166175,0.6999195599805698
0.6788284555723869,0.022529833234256173,3.412568988305058,-3.41264335781406,110,5.00278019662583,0.7225953649169745,5.010115192852133,0.7012929890888302
0.6829676534722185,0.02250250633888503,3.4084297904046075,-3.4085040697094238,110,5.006693885128203,0.7239429559381556,5.014019984587613,0.7026664181971982
0.6871068513720502,0.022475179443399853,3.404290592504155,-3.404364781604787,110,5.010607573630575,0.7252905469593367,5.0179247763230554,0.704039847305674
0.6912460492718818,0.022447852547800354,3.4001513946037027,-3.4002254935001495,110,5.014521262132948,0.7266381379805178,5.021829568058461,0.7054132764142579
0.6953852471717135,0.022420525652086257,3.39601219670325,-3.396086205395511,110,5.018434950635321,0.727985729001699,5.025734359793829,0.7067867055229502
0.6995244450715451,0.022393198756257286,3.3918729988027962,-3.391946917290872,110,5.022348639137693,0.7293333200228801,5.029639151529159,0.7081601346317511
0.7036636429713767,0.02236587186031315,3.3877338009023417,-3.3878076291862325,110,5.026262327640065,0.7306809110440612,5.033543943264452,0.7095335637406608
0.7078028408712084,0.022338544964253564,3.3835946030018857,-3.383668341081592,110,5.030176016142438,0.7320285020652424,5.037448734999707,0.7109069928496798
0.71194203877104,0.02231121806807824,3.37945540510143,-3.3795290529769506,110,5.03408970464481,0.7333760930864235,5.041353526734925,0.7122804219588081
0.7160812366708716,0.022283891171786904,3.375316207200973,-3.3753897648723084,110,5.038003393147183,0.7347236841076046,5.045258318470105,0.7136538510680462
0.7202204345707033,0.022256564275379268,3.371177009300515,-3.3712504767676656,110,5.041917081649555,0.7360712751287857,5.049163110205247,0.7150272801773943
0.7243596324705349,0.022229237378855043,3.3670378114000568,-3.367111188663022,110,5.045830770151928,0.7374188661499669,5.053067901940351,0.7164007092868525
0.7284988303703666,0.022201910482213944,3.3628986134995973,-3.3629719005583776,110,5.0497444586543,0.738766457171148,5.056972693675417,0.7177741383964212
0.7326380282701982,0.022174583585455664,3.3587594155991365,-3.358832612453732,110,5.053658147156673,0.7401140481923291,5.060877485410445,0.7191475675061008
0.7367772261700298,0.022147256688579926,3.3546202176986766,-3.3546933243490864,110,5.057571835659045,0.7414616392135103,5.064782277145435,0.7205209966158915
0.7409164240698615,0.022119929791586456,3.3504810197982153,-3.3505540362444397,110,5.061485524161418,0.7428092302346914,5.068687068880386,0.7218944257257934
0.7450556219696931,0.022092602894474945,3.3463418218977528,-3.346414748139792,110,5.06539921266379,0.7441568212558725,5.072591860615298,0.7232678548358069
0.7491948198695247,0.022065275997245105,3.3422026239972893,-3.3422754600351436,110,5.069312901166162,0.7455044122770536,5.076496652350173,0.7246412839459323
0.7533340177693564,0.022037949099896648,3.338063426096826,-3.3381361719304947,110,5.073226589668535,0.7468520032982348,5.080401444085009,0.72601471305617
0.757473215669188,0.022010622202429272,3.3339242281963606,-3.333996883825845,110,5.077140278170908,0.7481995943194159,5.084306235819805,0.72738814216652
0.7616124135690197,0.021983295304842682,3.329785030295895,-3.329857595721194,110,5.08105396667328,0.7495471853405969,5.088211027554563,0.7287615712769827
0.7657516114688513,0.02195596840713659,3.3256458323954288,-3.3257183076165426,110,5.084967655175653,0.7508947763617781,5.092115819289283,0.7301350003875585
0.7698908093686829,0.021928641509310693,3.3215066344949618,-3.3215790195118906,110,5.088881343678025,0.7522423673829592,5.096020611023963,0.7315084294982476
0.7740300072685146,0.0219013146113647,3.317367436594494,-3.3174397314072377,110,5.092795032180398,0.7535899584041403,5.099925402758605,0.7328818586090501
0.7781692051683462,0.02187398771329831,3.3132282386940255,-3.313300443302584,110,5.09670872068277,0.7549375494253214,5.103830194493207,0.7342552877199664
0.7823084030681778,0.02184666081511122,3.3090890407935563,-3.309161155197929,110,5.100622409185142,0.7562851404465025,5.107734986227769,0.735628716830997
0.7864476009680095,0.021819333916803144,3.3049498428930857,-3.3050218670932736,110,5.104536097687515,0.7576327314676837,5.111639777962293,0.737002145942142
0.7905867988678411,0.021792007018373777,3.3008106449926147,-3.3008825789886176,110,5.108449786189888,0.7589803224888648,5.115544569696777,0.7383755750534016
0.7947259967676727,0.02176468011982281,3.296671447092143,-3.2967432908839607,110,5.11236347469226,0.760327913510046,5.11944936143122,0.7397490041647762
0.7988651946675044,0.021737353221149953,3.2925322491916704,-3.292604002779303,110,5.116277163194632,0.7616755045312271,5.123354153165625,0.741122433276266
0.803004392567336,0.02171002632235489,3.2883930512911967,-3.288464714674644,110,5.120190851697005,0.7630230955524082,5.127258944899991,0.7424958623878714
0.8071435904671677,0.021682699423437313,3.284253853390722,-3.2843254265699846,110,5.124104540199378,0.7643706865735893,5.131163736634314,0.7438692914995925
0.8112827883669993,0.021655372524396928,3.2801146554902476,-3.2801861384653246,110,5.12801822870175,0.7657182775947704,5.135068528368599,0.7452427206114298
0.8154219862668309,0.021628045625233433,3.2759754575897726,-3.2760468503606637,110,5.131931917204122,0.7670658686159516,5.138973320102844,0.7466161497233836
0.8195611841666626,0.021600718725946523,3.271836259689296,-3.271907562256002,110,5.135845605706495,0.7684134596371327,5.1428781118370495,0.747989578835454
0.8237003820664942,0.02157339182653588,3.267697061788819,-3.267768274151339,110,5.139759294208868,0.7697610506583139,5.146782903571213,0.7493630079476415
0.8278395799663258,0.021546064927001198,3.263557863888341,-3.2636289860466756,110,5.14367298271124,0.771108641679495,5.150687695305337,0.7507364370599462
0.8319787778661575,0.02151873802734217,3.259418665987861,-3.259489697942011,110,5.147586671213612,0.7724562327006761,5.15459248703942,0.7521098661723684
0.8361179757659891,0.021491411127558487,3.255279468087382,-3.2553504098373462,110,5.151500359715985,0.7738038237218572,5.158497278773464,0.7534832952849085
0.8402571736658208,0.02146408422764984,3.2511402701869017,-3.2512111217326805,110,5.155414048218358,0.7751514147430383,5.162402070507466,0.7548567243975668
0.8443963715656524,0.021436757327615914,3.2470010722864204,-3.2470718336280138,110,5.15932773672073,0.7764990057642195,5.166306862241427,0.7562301535103436
0.848535569465484,0.02140943042745639,3.242861874385939,-3.242932545523346,110,5.163241425223102,0.7778465967854006,5.170211653975348,0.7576035826232391
0.8526747673653157,0.021382103527170973,3.2387226764854558,-3.2387932574186777,110,5.1671551137254745,0.7791941878065818,5.174116445709227,0.7589770117362538
0.8568139652651473,0.021354776626759334,3.2345834785849727,-3.2346539693140084,110,5.171068802227848,0.7805417788277629,5.178021237443066,0.7603504408493876
0.8609531631649789,0.021327449726221158,3.230444280684488,-3.230514681209338,110,5.17498249073022,0.781889369848944,5.181926029176863,0.7617238699626411
0.8650923610648106,0.02130012282555614,3.2263050827840027,-3.226375393104667,110,5.178896179232592,0.7832369608701251,5.185830820910619,0.7630972990760145
0.8692315589646422,0.02127279592476395,3.2221658848835166,-3.2222361049999955,110,5.182809867734965,0.7845845518913062,5.189735612644334,0.7644707281895082
0.8733707568644739,0.02124546902384427,3.21802668698303,-3.218096816895323,110,5.186723556237338,0.7859321429124874,5.193640404378007,0.7658441573031225
0.8775099547643055,0.021218142140261218,3.2138874891721785,-3.2139575287907647,109,5.19063724473971,0.7872797339336685,5.197545196117324,0.7672175864003447
0.8816491526641371,0.02119081525710809,3.2097482912745505,-3.2098182406862095,109,5.194550933242082,0.7886273249548497,5.201449987856781,0.7685910154971604
0.8857883505639688,0.021163488373829656,3.2056090933740777,-3.2056789525816534,109,5.198464621744455,0.7899749159760308,5.205354779596197,0.7699644445940944
0.8899275484638004,0.021136161490407375,3.201469895473511,-3.2015396644770964,109,5.202378310246828,0.7913225069972118,5.209259571335568,0.7713378736911646
0.894066746363632,0.021108834606840293,3.1973306975729394,-3.1974003763725385,109,5.2062919987492,0.7926700980183929,5.21316436307489,0.7727113027883715
0.8982059442634637,0.02108150772312802,3.193191499672367,-3.1932610882679793,109,5.210205687251572,0.794017689039574,5.2170691548141646,0.7740847318857158
0.9023451421632953,0.021054180839270194,3.1890523017717944,-3.189121800163419,109,5.214119375753945,0.7953652800607552,5.220973946553392,0.7754581609831979
0.906484340063127,0.02102685395526646,3.184913103871221,-3.184982512058858,109,5.218033064256318,0.7967128710819363,5.224878738292573,0.7768315900808177
0.9106235379629586,0.02099952707111645,3.180773905970647,-3.1808432239542963,109,5.22194675275869,0.7980604621031175,5.228783530031706,0.778205019178576
0.9147627358627902,0.020972200186819796,3.176634708070071,-3.1767039358497335,109,5.225860441261062,0.7994080531242986,5.232688321770791,0.7795784482764728
0.9189019337626219,0.020944873302376137,3.1724955101694947,-3.17256464774517,109,5.229774129763435,0.8007556441454797,5.236593113509827,0.7809518773745087
0.9230411316624535,0.020917546417785104,3.1683563122689176,-3.168425359640605,109,5.233687818265808,0.8021032351666608,5.240497905248818,0.7823253064726838
0.9271803295622851,0.020890219533046334,3.1642171143683386,-3.164286071536039,109,5.23760150676818,0.8034508261878419,5.244402696987758,0.7836987355709987
0.9313195274621168,0.02086289264815945,3.16007791646776,-3.1601467834314723,109,5.241515195270552,0.8047984172090231,5.248307488726651,0.7850721646694537
0.9354587253619484,0.02083556576312408,3.1559387185671803,-3.1560074953269046,109,5.245428883772925,0.8061460082302042,5.252212280465495,0.786445593768049
0.93959792326178,0.020808238877939852,3.1517995206665996,-3.151868207222336,109,5.249342572275298,0.8074935992513854,5.256117072204292,0.7878190228667852
0.9437371211616117,0.020780911992606402,3.1476603227660176,-3.147728919117766,109,5.25325626077767,0.8088411902725665,5.260021863943039,0.7891924519656623
0.9478763190614433,0.020753585107123343,3.1435211248654347,-3.1435896310131954,109,5.257169949280042,0.8101887812937476,5.263926655681737,0.790565881064681
0.952015516961275,0.020726258221490303,3.1393819269648513,-3.139450342908624,109,5.261083637782415,0.8115363723149287,5.267831447420387,0.7919393101638413
0.9561547148611066,0.02069893133570691,3.135242729064267,-3.1353110548040513,109,5.264997326284787,0.8128839633361098,5.2717362391589875,0.7933127392631439
0.9602939127609382,0.02067160444977278,3.1311035311636815,-3.1311717666994774,109,5.26891101478716,0.814231554357291,5.275641030897541,0.7946861683625891
0.9644331106607699,0.02064427756368755,3.1269643332630954,-3.1270324785949026,109,5.272824703289532,0.8155791453784721,5.2795458226360426,0.7960595974621771
0.9685723085606015,0.020616950677450833,3.1228251353625076,-3.122893190490327,109,5.276738391791905,0.8169267363996533,5.283450614374496,0.7974330265619084
0.9727115064604331,0.020589623791062245,3.11868593746192,-3.1187539023857505,109,5.280652080294278,0.8182743274208344,5.2873554061129004,0.7988064556617832
0.9768507043602648,0.0205622969045214,3.114546739561331,-3.1146146142811726,109,5.28456576879665,0.8196219184420155,5.291260197851255,0.800179884761802
0.9809899022600964,0.020534970017827926,3.1104075416607406,-3.110475326176594,109,5.288479457299022,0.8209695094631966,5.295164989589559,0.801553313861965
0.985129100159928,0.020507643130981426,3.10626834376015,-3.106336038072014,109,5.292393145801395,0.8223171004843777,5.299069781327813,0.8029267429622728
0.9892682980597597,0.020480316243981524,3.102129145859559,-3.1021967499674337,109,5.296306834303767,0.8236646915055589,5.3029745730660185,0.8043001720627257
0.9934074959595913,0.020452989356827832,3.0979899479589665,-3.098057461862852,109,5.30022052280614,0.82501228252674,5.306879364804174,0.805673601163324
0.997546693859423,0.02042566246951996,3.0938507500583734,-3.093918173758269,109,5.304134211308512,0.8263598735479212,5.310784156542279,0.807047030264068
1.0016858917592546,0.020398335582057524,3.089711552157779,-3.0897788856536854,109,5.308047899810885,0.8277074645691023,5.314688948280332,0.8084204593649582
1.0058250896590861,0.020371008694440126,3.0855723542571836,-3.0856395975491004,109,5.311961588313257,0.8290550555902834,5.318593740018336,0.8097938884659949
1.0099642875589177,0.020343681806667378,3.0814331563565873,-3.0815003094445146,109,5.315875276815629,0.8304026466114645,5.322498531756289,0.8111673175671784
1.0141034854587492,0.020316354918738896,3.077293958455991,-3.077361021339928,109,5.319788965318002,0.8317502376326456,5.326403323494192,0.8125407466685092
1.0182426833585807,0.020289028030654282,3.0731547605553926,-3.0732217332353398,109,5.323702653820375,0.8330978286538266,5.330308115232044,0.8139141757699876
1.0223818812584122,0.02026170114241314,3.0690155626547937,-3.069082445130751,109,5.327616342322747,0.8344454196750077,5.334212906969844,0.815287604871614
1.0265210791582438,0.020234374254015072,3.0648763647541943,-3.064943157026161,109,5.331530030825119,0.8357930106961888,5.338117698707594,0.8166610339733889
1.0306602770580753,0.020207047365459675,3.0607371668535928,-3.0608038689215697,109,5.3354437193274915,0.8371406017173699,5.3420224904452915,0.8180344630753124
1.0347994749579068,0.020179720476746554,3.056597968952991,-3.0566645808169777,109,5.339357407829864,0.8384881927385509,5.345927282182939,0.819407892177385
1.0389386728577383,0.020152393587875312,3.0524587710523896,-3.0525252927123847,109,5.343271096332236,0.839835783759732,5.349832073920535,0.8207813212796071
1.0430778707575699,0.020125066698845562,3.048319573151786,-3.0483860046077904,109,5.347184784834608,0.8411833747809131,5.353736865658078,0.8221547503819792
1.0472170686574014,0.02009773980965688,3.044180375251181,-3.0442467165031952,109,5.351098473336981,0.8425309658020942,5.35764165739557,0.8235281794845015
1.051356266557233,0.020070412920308874,3.0400411773505764,-3.040107428398599,109,5.355012161839353,0.8438785568232753,5.3615464491330105,0.8249016085871745
1.0554954644570644,0.020043086030801134,3.0359019794499704,-3.0359681402940017,109,5.358925850341726,0.8452261478444564,5.365451240870399,0.8262750376899985
1.059634662356896,0.020015759141133262,3.031762781549363,-3.0318288521894035,109,5.362839538844098,0.8465737388656375,5.369356032607736,0.827648466792974
1.0637738602567275,0.019988432251304842,3.027623583648755,-3.027689564084804,109,5.366753227346471,0.8479213298868186,5.373260824345019,0.8290218958961012
1.067913058156559,0.019961105361315477,3.023484385748146,-3.0235502759802033,109,5.370666915848843,0.8492689209079997,5.377165616082251,0.8303953249993805
1.0720522560563905,0.019933778471164745,3.0193451878475366,-3.019410987875602,109,5.374580604351215,0.8506165119291808,5.381070407819429,0.8317687541028126
1.076191453956222,0.019906451580852247,3.0152059899469257,-3.015271699770999,109,5.3784942928535875,0.8519641029503618,5.384975199556556,0.8331421832063974
1.0803306518560536,0.019879124690377555,3.0110667920463143,-3.0111324116663956,109,5.382407981355961,0.8533116939715429,5.38887999129363,0.8345156123101357
1.0844698497558851,0.01985179779974027,3.0069275941457017,-3.0069931235617906,109,5.386321669858333,0.8546592849927239,5.392784783030651,0.8358890414140276
1.0886090476557166,0.019824470908939983,3.002788396245088,-3.0028538354571848,109,5.390235358360705,0.856006876013905,5.396689574767618,0.8372624705180738
1.0927482455555482,0.019797144017976255,2.998649198344474,-2.998714547352578,109,5.3941490468630775,0.8573544670350861,5.400594366504532,0.8386358996222745
1.0968874434553797,0.01976981712684869,2.994510000443859,-2.99457525924797,109,5.39806273536545,0.8587020580562672,5.404499158241393,0.84000932872663
1.1010266413552112,0.01974249023555686,2.990370802543243,-2.990435971143361,109,5.401976423867822,0.8600496490774483,5.4084039499782,0.8413827578311409
1.1051658392550427,0.01971516334410035,2.986231604642626,-2.9862966830387507,109,5.405890112370194,0.8613972400986294,5.412308741714954,0.8427561869358076
1.1093050371548743,0.019687836452478725,2.982092406742008,-2.9821573949341396,109,5.409803800872567,0.8627448311198105,5.4162135334516535,0.8441296160406303
1.1134442350547058,0.019660509560691583,2.977953208841389,-2.978018106829527,109,5.413717489374939,0.8640924221409916,5.4201183251883,0.8455030451456095
1.1175834329545373,0.01963318266873848,2.973814010940769,-2.9738788187249137,109,5.417631177877311,0.8654400131621727,5.424023116924892,0.8468764742507456
1.1217226308543689,0.01960585577661901,2.9696748130401476,-2.969739530620299,109,5.4215448663796835,0.8667876041833538,5.42792790866143,0.8482499033560391
1.1258618287542004,0.019578528884332733,2.965535615139526,-2.9656002425156833,109,5.425458554882057,0.8681351952045349,5.431832700397915,0.8496233324614904
1.130001026654032,0.019551201991879232,2.9613964172389036,-2.9614609544110664,109,5.429372243384429,0.869482786225716,5.4357374921343435,0.8509967615670996
1.1341402245538634,0.019523875099258077,2.9572572193382802,-2.9573216663064485,109,5.433285931886801,0.870830377246897,5.439642283870718,0.8523701906728673
1.138279422453695,0.01949654820646883,2.953118021437655,-2.9531823782018294,109,5.4371996203891735,0.8721779682680781,5.443547075607038,0.8537436197787941
1.1424186203535265,0.01946922131351106,2.94897882353703,-2.9490430900972093,109,5.441113308891546,0.8735255592892592,5.447451867343303,0.8551170488848802
1.146557818253358,0.019441894420384347,2.9448396256364036,-2.944903801992588,109,5.445026997393918,0.8748731503104403,5.451356659079513,0.856490477991126
1.1506970161531895,0.019414567527088242,2.9407004277357762,-2.9407645138879657,109,5.448940685896291,0.8762207413316214,5.4552614508156685,0.857863907097532
1.154836214053021,0.019387240633622307,2.9365612298351484,-2.936625225783342,109,5.4528543743986635,0.8775683323528025,5.459166242551768,0.8592373362040986
1.1589754119528526,0.01935991373998612,2.9324220319345193,-2.9324859376787176,109,5.456768062901036,0.8789159233739836,5.463071034287812,0.8606107653108261
1.1631146098526841,0.019332586846179233,2.9282828340338893,-2.9283466495740917,109,5.460681751403408,0.8802635143951647,5.466975826023801,0.861984194417715
1.1672538077525156,0.019305259952201205,2.9241436361332585,-2.924207361469465,109,5.46459543990578,0.8816111054163458,5.470880617759733,0.8633576235247657
1.1713930056523472,0.0192779330580516,2.9200044382326262,-2.920068073364837,109,5.468509128408153,0.8829586964375269,5.4747854094956105,0.8647310526319788
1.1755322035521787,0.019250606163729974,2.9158652403319936,-2.915928785260208,109,5.472422816910525,0.884306287458708,5.478690201231432,0.8661044817393544
1.1796714014520102,0.019223279269235883,2.9117260424313605,-2.9117894971555778,109,5.476336505412897,0.8856538784798891,5.482594992967196,0.8674779108468931
1.1838105993518417,0.019195952374568878,2.907586844530726,-2.9076502090509466,109,5.4802501939152695,0.8870014695010702,5.486499784702905,0.8688513399545953
1.1879497972516733,0.01916862547972852,2.90344764663009,-2.903510920946314,109,5.484163882417642,0.8883490605222513,5.490404576438557,0.8702247690624614
1.1920889951515048,0.019141298584714344,2.8993084487294536,-2.8993716328416803,109,5.488077570920015,0.8896966515434324,5.494309368174153,0.8715981981704919
1.1962281930513363,0.019113971689525926,2.895169250828816,-2.8952323447370456,109,5.491991259422387,0.8910442425646135,5.498214159909692,0.872971627278687
1.2003673909511678,0.01908664479416279,2.8910300529281776,-2.8910930566324096,109,5.4959049479247595,0.8923918335857945,5.502118951645174,0.8743450563870474
1.2045065888509994,0.019059317898624493,2.8868908550275387,-2.8869537685277726,109,5.499818636427132,0.8937394246069756,5.506023743380599,0.8757184854955734
1.208645786750831,0.019031991002910583,2.882751657126898,-2.8828144804231344,109,5.503732324929504,0.8950870156281567,5.509928535115966,0.8770919146042655
1.2127849846506624,0.0190046641070206,2.878612459226257,-2.878675192318495,109,5.507646013431876,0.8964346066493378,5.513833326851277,0.878465343713124
1.216924182550494,0.018977337210954095,2.874473261325615,-2.8745359042138543,109,5.5115597019342495,0.8977821976705189,5.51773811858653,0.8798387728221495
1.2210633804503255,0.0189500103147106,2.8703340634249717,-2.8703966161092125,109,5.515473390436622,0.8991297886917,5.5216429103217255,0.8812122019313423
1.225202578350157,0.018922683418289656,2.866194865524328,-2.8662573280045693,109,5.519387078938994,0.900477379712881,5.525547702056863,0.8825856310407028
1.2293417762499885,0.01889535652169081,2.862055667623683,-2.8621180398999253,109,5.523300767441366,0.9018249707340621,5.5294524937919425,0.8839590601502315
1.23348097414982,0.018868029624913598,2.8579164697230364,-2.85797875179528,109,5.527214455943739,0.9031725617552432,5.533357285526964,0.885332489259929
1.2376201720496516,0.01884070272795755,2.8537772718223904,-2.8538394636906337,109,5.531128144446111,0.9045201527764243,5.537262077261928,0.8867059183697955
1.241759369949483,0.01881337583082221,2.8496380739217426,-2.849700175585986,109,5.535041832948483,0.9058677437976054,5.541166868996832,0.8880793474798315
1.2458985678493146,0.018786048933507098,2.845498876021094,-2.845560887481337,109,5.5389555214508555,0.9072153348187865,5.545071660731678,0.8894527765900376
1.2500377657491462,0.01875872203601175,2.8413596781204444,-2.8414215993766874,109,5.542869209953228,0.9085629258399676,5.548976452466467,0.890826205700414
1.2541769636489777,0.018731395138335695,2.837220480219794,-2.8372823112720362,109,5.5467828984556,0.9099105168611487,5.552881244201195,0.8921996348109613
1.2583161615488092,0.01870406824047846,2.8330812823191427,-2.8331430231673838,109,5.550696586957972,0.9112581078823297,5.556786035935865,0.8935730639216799
1.2624553594486407,0.01867674134243958,2.82894208441849,-2.82900373506273,109,5.5546102754603455,0.9126056989035108,5.560690827670476,0.8949464930325703
1.2665945573484723,0.018649414444218575,2.824802886517837,-2.8248644469580753,109,5.558523963962718,0.9139532899246919,5.564595619405028,0.8963199221436329
1.2707337552483038,0.018622087545814965,2.8206636886171825,-2.8207251588534192,109,5.56243765246509,0.9153008809458729,5.56850041113952,0.897693351254868
1.2748729531481353,0.01859476064722828,2.816524490716527,-2.816585870748762,109,5.566351340967462,0.916648471967054,5.572405202873952,0.8990667803662763
1.2790121510479668,0.01856743374845803,2.8123852928158715,-2.8124465826441036,109,5.570265029469835,0.9179960629882351,5.576309994608325,0.9004402094778582
1.2831513489477984,0.018540106849503746,2.8082460949152144,-2.808307294539444,109,5.574178717972207,0.9193436540094162,5.580214786342638,0.901813638589614
1.28729054684763,0.018512779950364926,2.804106897014556,-2.804168006434783,109,5.57809240647458,0.9206912450305973,5.5841195780768915,0.9031870677015444
1.2914297447474614,0.0184854530510411,2.7999676991138966,-2.800028718330121,109,5.582006094976952,0.9220388360517784,5.588024369811084,0.9045604968136498
1.295568942647293,0.018458126151531785,2.795828501213237,-2.7958894302254578,109,5.585919783479325,0.9233864270729595,5.591929161545216,0.9059339259259305
1.2997081405471245,0.018430799251836483,2.7916893033125763,-2.7917501421207933,109,5.589833471981697,0.9247340180941406,5.595833953279287,0.907307355038387
1.303847338446956,0.018403472351954712,2.787550105411914,-2.7876108540161275,109,5.593747160484069,0.9260816091153217,5.599738745013298,0.9086807841510198
1.3079865363467875,0.018376145451885983,2.7834109075112514,-2.7834715659114604,109,5.5976608489864415,0.9274292001365028,5.6036435367472475,0.9100542132638295
1.312125734246619,0.018348818551629797,2.7792717096105872,-2.779332277806792,109,5.601574537488814,0.9287767911576839,5.607548328481137,0.9114276423768164
1.3162649321464506,0.018321491651185667,2.7751325117099226,-2.7751929897021226,109,5.605488225991186,0.930124382178865,5.611453120214964,0.9128010714899809
1.320404130046282,0.01829416475055309,2.7709933138092575,-2.771053701597452,109,5.609401914493558,0.931471973200046,5.61535791194873,0.9141745006033237
1.3245433279461136,0.018266837849731574,2.76685411590859,-2.76691441349278,109,5.613315602995931,0.9328195642212271,5.619262703682435,0.9155479297168451
1.3286825258459452,0.01823951094872062,2.762714918007923,-2.7627751253881065,109,5.617229291498304,0.9341671552424082,5.623167495416079,0.9169213588305456
1.3328217237457767,0.018212184047519727,2.758575720107254,-2.758635837283432,109,5.621142980000676,0.9355147462635893,5.627072287149661,0.9182947879444257
1.3369609216456082,0.01818485714612839,2.7544365222065847,-2.7544965491787563,109,5.625056668503048,0.9368623372847704,5.63097707888318,0.9196682170584859
1.3411001195454397,0.018157530244546114,2.7502973243059143,-2.7503572610740794,109,5.628970357005421,0.9382099283059515,5.634881870616637,0.9210416461727265
1.3452393174452713,0.018130203342772384,2.7461581264052435,-2.746217972969401,109,5.632884045507793,0.9395575193271326,5.638786662350031,0.9224150752871483
1.3493785153451028,0.0181028764408067,2.742018928504571,-2.7420786848647216,109,5.636797734010165,0.9409051103483137,5.642691454083364,0.9237885044017515
1.3535177132449343,0.018075549538648546,2.737879730603897,-2.7379393967600407,109,5.640711422512537,0.9422527013694948,5.646596245816633,0.9251619335165367
1.3576569111447658,0.018048222636297413,2.733740532703223,-2.7338001086553585,109,5.644625111014911,0.9436002923906759,5.650501037549842,0.9265353626315045
1.3617961090445974,0.018020895754307126,2.7296013348921666,-2.729660820550811,108,5.648538799517283,0.944947883411857,5.654405829289677,0.9279087917272205
1.3659353069444289,0.01799356887267628,2.7254621369938996,-2.7255215324462654,108,5.652452488019655,0.9462954744330381,5.65831062102963,0.9292822208225968
1.3700745048442604,0.017966241990843748,2.721322939093191,-2.7213822443417186,108,5.6563661765220274,0.9476430654542192,5.662215412769517,0.9306556499181637
1.374213702744092,0.017938915108793262,2.717183741192413,-2.7172429562371705,108,5.6602798650244,0.9489906564754003,5.666120204509332,0.9320290790139368
1.3783529006439235,0.01791158822652381,2.713044543291633,-2.713103668132621,108,5.664193553526772,0.9503382474965814,5.670024996249078,0.9334025081099169
1.382492098543755,0.01788426134403481,2.708905345390851,-2.7089643800280703,108,5.668107242029144,0.9516858385177625,5.673929787988751,0.9347759372061045
1.3866312964435865,0.01785693446132566,2.7047661474900684,-2.7048250919235177,108,5.672020930531517,0.9530334295389435,5.677834579728352,0.9361493663025003
1.390770494343418,0.017829607578395787,2.7006269495892847,-2.700685803818964,108,5.675934619033889,0.9543810205601246,5.681739371467882,0.9375227953991049
1.3949096922432496,0.017802280695244612,2.6964877516884997,-2.6965465157144086,108,5.679848307536261,0.9557286115813057,5.68564416320734,0.9388962244959187
1.399048890143081,0.017774953811871535,2.692348553787714,-2.6924072276098516,108,5.683761996038634,0.9570762026024868,5.689548954946726,0.9402696535929422
1.4031880880429126,0.017747626928275972,2.6882093558869267,-2.6882679395052933,108,5.687675684541007,0.9584237936236679,5.693453746686039,0.9416430826901762
1.4073272859427441,0.01772030004445733,2.6840701579861386,-2.6841286514007336,108,5.691589373043379,0.959771384644849,5.69735853842528,0.943016511787621
1.4114664838425757,0.01769297316041502,2.67993096008535,-2.6799893632961727,108,5.695503061545751,0.96111897566603,5.701263330164447,0.9443899408852773
1.4156056817424072,0.017665646276148438,2.6757917621845597,-2.67585007519161,108,5.699416750048123,0.9624665666872111,5.705168121903542,0.9457633699831457
1.4197448796422387,0.017638319391656988,2.6716525642837685,-2.671710787087046,108,5.703330438550496,0.9638141577083922,5.709072913642562,0.9471367990812267
1.4238840775420702,0.017610992506940072,2.6675133663829755,-2.66757149898248,108,5.707244127052869,0.9651617487295733,5.712977705381512,0.9485102281795209
1.4280232754419018,0.017583665621997095,2.6633741684821826,-2.6634322108779127,108,5.711157815555241,0.9665093397507544,5.716882497120386,0.9498836572780288
1.4321624733417333,0.01755633873682744,2.659234970581388,-2.659292922773344,108,5.715071504057613,0.9678569307719355,5.720787288859187,0.9512570863767511
1.4363016712415648,0.017529011851430503,2.6550957726805926,-2.655153634668774,108,5.718985192559986,0.9692045217931166,5.724692080597913,0.9526305154756882
1.4404408691413964,0.01750168496580569,2.6509565747797956,-2.651014346564202,108,5.722898881062358,0.9705521128142977,5.728596872336565,0.954003944574841
1.4445800670412279,0.017474358079952373,2.6468173768789978,-2.6468750584596292,108,5.72681256956473,0.9718997038354787,5.732501664075143,0.9553773736742096
1.4487192649410594,0.017447031193869946,2.6426781789781995,-2.6427357703550545,108,5.730726258067103,0.9732472948566598,5.736406455813647,0.9567508027737949
1.452858462840891,0.017419704307557803,2.6385389810774,-2.6385964822504784,108,5.734639946569475,0.9745948858778409,5.740311247552075,0.9581242318735974
1.4569976607407225,0.01739237742101533,2.6343997831765984,-2.6344571941459005,108,5.738553635071847,0.975942476899022,5.744216039290429,0.9594976609736178
1.461136858640554,0.017365050534241883,2.630260585275796,-2.6303179060413213,108,5.742467323574219,0.977290067920203,5.748120831028707,0.9608710900738563
1.4652760565403855,0.01733772364723686,2.6261213873749933,-2.6261786179367403,108,5.746381012076592,0.9786376589413841,5.752025622766911,0.962244519174314
1.469415254440217,0.017310396759999642,2.621982189474189,-2.622039329832158,108,5.750294700578965,0.9799852499625652,5.7559304145050385,0.9636179482749911
1.4735544523400486,0.017283069872529592,2.6178429915733843,-2.6179000417275744,108,5.754208389081337,0.9813328409837463,5.75983520624309,0.9649913773758885
1.47769365023988,0.01725574298482609,2.6137037936725775,-2.613760753622989,108,5.758122077583709,0.9826804320049274,5.763739997981066,0.9663648064770065
1.4818328481397116,0.0172284160968885,2.6095645957717704,-2.6096214655184022,108,5.762035766086082,0.9840280230261085,5.7676447897189655,0.9677382355783459
1.4859720460395431,0.0172010892087162,2.6054253978709614,-2.6054821774138137,108,5.765949454588454,0.9853756140472896,5.771549581456788,0.9691116646799073
1.4901112439393747,0.017173762320308546,2.6012861999701524,-2.601342889309224,108,5.769863143090826,0.9867232050684707,5.775454373194535,0.9704850937816911
1.4942504418392062,0.017146435431664914,2.5971470020693417,-2.5972036012046322,108,5.773776831593199,0.9880707960896518,5.779359164932205,0.9718585228836981
1.4983896397390377,0.017119108542784662,2.59300780416853,-2.5930643131000393,108,5.777690520095572,0.9894183871108329,5.783263956669797,0.9732319519859288
1.5025288376388692,0.017091781653667145,2.588868606267717,-2.5889250249954445,108,5.781604208597944,0.990765978132014,5.787168748407312,0.9746053810883839
1.5066680355387008,0.017064454764311718,2.5847294083669037,-2.5847857368908485,108,5.785517897100316,0.992113569153195,5.79107354014475,0.9759788101910639
1.5108072334385323,0.01703712787471774,2.580590210466088,-2.5806464487862506,108,5.789431585602689,0.9934611601743761,5.794978331882111,0.9773522392939694
1.5149464313383638,0.01700980098488456,2.576451012565272,-2.576507160681651,108,5.793345274105061,0.9948087511955572,5.798883123619393,0.9787256683971012
1.5190856292381953,0.01698247409481155,2.5723118146644546,-2.57236787257705,108,5.797258962607433,0.9961563422167383,5.802787915356597,0.9800990975004596
1.5232248271380269,0.016955147204498026,2.568172616763636,-2.5682285844724473,108,5.801172651109805,0.9975039332379194,5.806692707093723,0.9814725266040455
1.5273640250378584,0.01692782031394335,2.5640334188628175,-2.564089296367843,108,5.805086339612178,0.9988515242591005,5.81059749883077,0.9828459557078595
1.53150322293769,0.016900493423146867,2.559894220961997,-2.5599500082632374,108,5.80900002811455,1.0001991152802816,5.814502290567739,0.984219384811902
1.5356424208375214,0.016873166532107922,2.5557550230611747,-2.5558107201586298,108,5.812913716616923,1.0015467063014627,5.818407082304629,0.9855928139161738
1.539781618737353,0.016845839640825856,2.5516158251603525,-2.551671432054021,108,5.816827405119295,1.0028942973226438,5.82231187404144,0.9869662430206755
1.5439208166371845,0.016818512749299994,2.5474766272595284,-2.54753214394941,108,5.820741093621668,1.0042418883438249,5.826216665778171,0.9883396721254076
1.548060014537016,0.01679118585752967,2.5433374293587034,-2.543392855844798,108,5.82465478212404,1.005589479365006,5.830121457514823,0.9897131012303709
1.5521992124368476,0.01676385896551422,2.539198231457878,-2.539253567740184,108,5.828568470626412,1.006937070386187,5.834026249251394,0.991086530335566
1.556338410336679,0.01673653207325298,2.5350590335570504,-2.5351142796355686,108,5.8324821591287845,1.0082846614073682,5.837931040987886,0.9924599594409935
1.5604776082365106,0.016709205180745267,2.530919835656223,-2.5309749915309516,108,5.836395847631158,1.0096322524285493,5.841835832724298,0.9938333885466542
1.5646168061363421,0.016681878287990417,2.526780637755393,-2.526835703426333,108,5.84030953613353,1.0109798434497304,5.845740624460629,0.9952068176525484
1.5687560040361737,0.01665455139498774,2.5226414398545627,-2.5226964153217124,108,5.844223224635902,1.0123274344709114,5.849645416196879,0.9965802467586768
1.5728952019360052,0.016627224501736565,2.5185022419537315,-2.5185571272170906,108,5.8481369131382746,1.0136750254920925,5.85355020793305,0.9979536758650404
1.5770343998358367,0.016599897608236207,2.514363044052899,-2.514417839112467,108,5.852050601640647,1.0150226165132734,5.857454999669137,0.9993271049716392
1.5811735977356682,0.01657257071448599,2.5102238461520656,-2.5102785510078416,108,5.855964290143019,1.0163702075344547,5.861359791405144,1.000700534078475
1.5853127956354998,0.01654524382048522,2.5060846482512305,-2.5061392629032144,108,5.859877978645391,1.0177177985556356,5.86526458314107,1.0020739631855469
1.5894519935353313,0.016517916926233202,2.501945450350395,-2.501999974798586,108,5.863791667147764,1.019065389576817,5.869169374876914,1.0034473922928568
1.5935911914351628,0.016490590031729247,2.497806252449558,-2.4978606866939557,108,5.867705355650136,1.0204129805979978,5.873074166612676,1.0048208214004046
1.5977303893349943,0.016463263136972665,2.4936670545487196,-2.4937213985893236,108,5.871619044152508,1.021760571619179,5.876978958348355,1.0061942505081918
1.6018695872348259,0.01643593624196275,2.48952785664788,-2.48958211048469,108,5.8755327326548805,1.02310816264036,5.880883750083951,1.007567679616218
1.6060087851346574,0.016408609346698806,2.4853886587470404,-2.4854428223800547,108,5.879446421157254,1.0244557536615413,5.884788541819466,1.0089411087244848
1.610147983034489,0.01638128245118014,2.481249460846199,-2.4813035342754177,108,5.883360109659626,1.0258033446827222,5.888693333554897,1.010314537832992
1.6142871809343204,0.016353955555406044,2.4771102629453563,-2.477164246170779,108,5.887273798161998,1.0271509357039035,5.892598125290245,1.0116879669417413
1.618426378834152,0.0163266286593758,2.4729710650445127,-2.4730249580661385,108,5.8911874866643705,1.0284985267250843,5.8965029170255105,1.0130613960507322
1.6225655767339835,0.01629930176308871,2.4688318671436678,-2.4688856699614963,108,5.895101175166743,1.0298461177462657,5.900407708760691,1.0144348251599664
1.626704774633815,0.016271974866544057,2.464692669242822,-2.4647463818568527,108,5.899014863669115,1.0311937087674465,5.904312500495789,1.0158082542694438
1.6308439725336465,0.01624464796974112,2.460553471341975,-2.4606070937522073,108,5.902928552171488,1.0325412997886279,5.908217292230803,1.0171816833791658
1.634983170433478,0.016217321072679185,2.4564142734411276,-2.45646780564756,108,5.9068422406738605,1.0338888908098087,5.912122083965731,1.018555112489132
1.6391223683333096,0.01618999417535754,2.4522750755402782,-2.4523285175429113,108,5.910755929176233,1.03523648183099,5.916026875700576,1.0199285415993447
1.6432615662331411,0.016162667277775454,2.4481358776394275,-2.4481892294382606,108,5.914669617678605,1.036584072852171,5.9199316674353355,1.0213019707098028
1.6474007641329727,0.0161353403799322,2.4439966797385764,-2.444049941333608,108,5.918583306180977,1.0379316638733522,5.923836459170009,1.0226753998205085
1.6515399620328042,0.01610801348182705,2.4398574818377234,-2.439910653228954,108,5.92249699468335,1.039279254894533,5.927741250904599,1.0240488289314613
1.6556791599326357,0.016080686583459278,2.4357182839368705,-2.4357713651242983,108,5.926410683185722,1.0406268459157144,5.931646042639103,1.0254222580426628
1.6598183578324672,0.01605335968482815,2.431579086036016,-2.431632077019641,108,5.930324371688094,1.0419744369368953,5.935550834373521,1.0267956871541128
1.6639575557322988,0.016026032785932925,2.42743988813516,-2.4274927889149818,108,5.9342380601904665,1.0433220279580766,5.939455626107852,1.028169116265813
1.6680967536321303,0.01599870588677287,2.4233006902343033,-2.423353500810321,108,5.938151748692839,1.0446696189792575,5.943360417842098,1.0295425453777634
1.6722359515319618,0.015971378987347244,2.419161492333445,-2.419214212705658,108,5.942065437195212,1.0460172100004386,5.947265209576258,1.030915974489965
1.6763751494317933,0.015944052087655296,2.4150222944325863,-2.4150749246009937,108,5.945979125697584,1.0473648010216197,5.951170001310331,1.0322894036024184
1.6805143473316249,0.015916725187696285,2.410883096531726,-2.4109356364963275,108,5.9498928141999565,1.0487123920428008,5.955074793044316,1.0336628327151243
1.6846535452314564,0.015889398287469454,2.4067438986308645,-2.4067963483916595,108,5.953806502702329,1.0500599830639818,5.9589795847782145,1.0350362618280833
1.688792743131288,0.015862071386974055,2.402604700730002,-2.4026570602869897,108,5.957720191204701,1.051407574085163,5.962884376512026,1.0364096909412963
1.6929319410311194,0.015834744486209335,2.398465502829138,-2.398517772182318,108,5.961633879707073,1.052755165106344,5.966789168245748,1.037783120054764
1.697071138930951,0.01580741758517453,2.3943263049282737,-2.3943784840776448,108,5.965547568209446,1.0541027561275251,5.970693959979384,1.039156549168487
1.7012103368307825,0.015780090683868885,2.390187107027408,-2.3902391959729696,108,5.969461256711819,1.0554503471487062,5.974598751712932,1.0405299782824664
1.705349534730614,0.01575276378229163,2.386047909126541,-2.3860999078682927,108,5.973374945214191,1.0567979381698873,5.978503543446391,1.0419034073967022
1.7094887326304455,0.015725436880442,2.3819087112256727,-2.381960619763614,108,5.977288633716563,1.0581455291910684,5.982408335179761,1.0432768365111957
1.713627930530277,0.01569810997831923,2.3777695133248034,-2.3778213316589336,108,5.981202322218936,1.0594931202122495,5.986313126913042,1.0446502656259475
1.7177671284301086,0.015670783075922543,2.3736303154239335,-2.3736820435542514,108,5.985116010721308,1.0608407112334306,5.990217918646234,1.0460236947409582
1.7219063263299401,0.015643456173251163,2.3694911175230624,-2.3695427554495674,108,5.98902969922368,1.0621883022546117,5.994122710379337,1.0473971238562287
1.7260455242297716,0.015616129270304313,2.365351919622189,-2.365403467344881,108,5.9929433877260525,1.0635358932757928,5.9980275021123495,1.0487705529717597
1.7301847221296032,0.01558880236708121,2.361212721721315,-2.361264179240193,108,5.996857076228425,1.0648834842969739,6.001932293845273,1.0501439820875518
1.7343239200294347,0.01556147546358107,2.3570735238204406,-2.3571248911355034,108,6.000770764730797,1.066231075318155,6.005837085578105,1.0515174112036059
1.7384631179292662,0.01553414855980311,2.352934325919564,-2.352985603030812,108,6.004684453233169,1.067578666339336,6.009741877310847,1.0528908403199226
1.7426023158290977,0.015506821679635973,2.3487951281083377,-2.348846314926276,107,6.0085981417355425,1.0689262573605172,6.013646669051277,1.054264269413915
1.7467415137289293,0.015479494799735798,2.3446559302095062,-2.3447070268217423,107,6.012511830237915,1.0702738483816983,6.017551460791793,1.055637698507655
1.7508807116287608,0.015452167919536275,2.3405167323085556,-2.3405677387172066,107,6.016425518740287,1.0716214394028793,6.021456252532212,1.0570111276016778
1.7550199095285923,0.015424841039022849,2.3363775344075517,-2.3364284506126687,107,6.020339207242659,1.0729690304240604,6.025361044272529,1.0583845566959975
1.7591591074284239,0.015397514158194294,2.3322383365065456,-2.3322891625081286,107,6.024252895745032,1.0743166214452415,6.029265836012742,1.0597579857906152
1.7632983053282554,0.015370187277049705,2.3280991386055394,-2.3281498744035867,107,6.028166584247404,1.0756642124664226,6.033170627752853,1.0611314148855318
1.767437503228087,0.015342860395588185,2.3239599407045306,-2.3240105862990426,107,6.032080272749777,1.0770118034876037,6.037075419492862,1.0625048439807478
1.7715767011279184,0.015315533513808828,2.319820742803521,-2.3198712981944962,107,6.035993961252149,1.0783593945087846,6.040980211232767,1.0638782730762644
1.77571589902775,0.015288206631710726,2.3156815449025094,-2.3157320100899477,107,6.039907649754522,1.079706985529966,6.044885002972567,1.0652517021720826
1.7798550969275815,0.015260879749292968,2.3115423470014975,-2.3115927219853973,107,6.043821338256894,1.0810545765511468,6.048789794712263,1.0666251312682027
1.783994294827413,0.015233552866554643,2.3074031491004843,-2.307453433880845,107,6.047735026759266,1.082402167572328,6.052694586451856,1.0679985603646263
1.7881334927272445,0.015206225983494838,2.3032639511994693,-2.30331414577629,107,6.0516487152616385,1.083749758593509,6.0565993781913425,1.0693719894613534
1.792272690627076,0.015178899100112624,2.299124753298453,-2.299174857671733,107,6.055562403764011,1.0850973496146903,6.060504169930725,1.0707454185583858
1.7964118885269076,0.015151572216407077,2.2949855553974365,-2.2950355695671742,107,6.059476092266383,1.0864449406358712,6.0644089616700025,1.0721188476557235
1.8005510864267391,0.01512424533237728,2.290846357496418,-2.2908962814626133,107,6.063389780768755,1.0877925316570525,6.068313753409174,1.0734922767533683
1.8046902843265706,0.015096918448022292,2.286707159595398,-2.28675699335805,107,6.067303469271128,1.0891401226782333,6.07221854514824,1.07486570585132
1.8088294822264022,0.015069591563341176,2.2825679616943777,-2.2826177052534846,107,6.0712171577735,1.0904877136994147,6.0761233368872,1.0762391349495808
1.8129686801262337,0.015042264678333006,2.2784287637933547,-2.278478417148917,107,6.075130846275873,1.0918353047205955,6.080028128626053,1.07761256404815
1.8171078780260652,0.015014937792996825,2.274289565892331,-2.274339129044347,107,6.079044534778245,1.0931828957417768,6.0839329203648,1.07898599314703
1.8212470759258967,0.01498761090733169,2.270150367991306,-2.270199840939775,107,6.082958223280618,1.0945304867629577,6.087837712103439,1.0803594222462205
1.8253862738257283,0.014960284021336657,2.2660111700902794,-2.2660605528352007,107,6.08687191178299,1.095878077784139,6.091742503841971,1.0817328513457234
1.8295254717255598,0.01493295713501077,2.261871972189253,-2.2619212647306246,107,6.090785600285362,1.09722566880532,6.095647295580395,1.0831062804455387
1.8336646696253913,0.014905630248353076,2.257732774288224,-2.2577819766260463,107,6.0946992887877345,1.0985732598265012,6.0995520873187115,1.0844797095456682
1.8378038675252228,0.014878303361362604,2.2535935763871944,-2.2536426885214658,107,6.098612977290108,1.099920850847682,6.10345687905692,1.0858531386461119
1.8419430654250544,0.014850976474038397,2.2494543784861634,-2.249503400416883,107,6.10252666579248,1.1012684418688634,6.107361670795019,1.0872265677468715
1.846082263324886,0.014823649586379486,2.2453151805851315,-2.245364112312298,107,6.106440354294852,1.1026160328900443,6.111266462533009,1.0885999968479472
1.8502214612247174,0.014796322698384901,2.241175982684098,-2.241224824207711,107,6.1103540427972245,1.1039636239112256,6.11517125427089,1.0899734259493408
1.854360659124549,0.01476899581005366,2.237036784783063,-2.2370855361031214,107,6.114267731299597,1.1053112149324065,6.119076046008661,1.0913468550510521
1.8584998570243805,0.014741668921384784,2.2328975868820264,-2.23294624799853,107,6.118181419801969,1.1066588059535878,6.122980837746322,1.0927202841530832
1.862639054924212,0.01471434203237729,2.228758388980989,-2.228806959893936,107,6.122095108304341,1.1080063969747687,6.126885629483874,1.094093713255434
1.8667782528240435,0.014687015143030195,2.22461919107995,-2.22466767178934,107,6.126008796806714,1.1093539879959498,6.130790421221314,1.0954671423581062
1.870917450723875,0.014659688253342502,2.2204799931789108,-2.2205283836847416,107,6.129922485309086,1.1107015790171308,6.134695212958643,1.0968405714611003
1.8750566486237066,0.014632361363313215,2.216340795277869,-2.216389095580141,107,6.133836173811458,1.112049170038312,6.138600004695862,1.0982140005644174
1.879195846523538,0.014605034472941333,2.2122015973768265,-2.212249807475538,107,6.137749862313831,1.113396761059493,6.14250479643297,1.0995874296680586
1.8833350444233696,0.014577707582225857,2.208062399475783,-2.2081105193709325,107,6.141663550816204,1.1147443520806741,6.1464095881699645,1.1009608587720243
1.8874742423232012,0.014550380691165777,2.2039232015747374,-2.203971231266325,107,6.145577239318576,1.1160919431018552,6.150314379906847,1.1023342878763163
1.8916134402230327,0.014523053799760086,2.199784003673691,-2.199831943161715,107,6.149490927820948,1.1174395341230363,6.154219171643618,1.1037077169809348
1.8957526381228642,0.01449572690800776,2.1956448057726434,-2.195692655057103,107,6.1534046163233205,1.1187871251442174,6.158123963380275,1.1050811460858811
1.8998918360226957,0.014468400015907785,2.191505607871594,-2.1915533669524887,107,6.157318304825693,1.1201347161653985,6.162028755116819,1.106454575191156
1.9040310339225273,0.014441073123459134,2.187366409970544,-2.187414078847872,107,6.161231993328066,1.1214823071865796,6.165933546853251,1.1078280042967608
1.9081702318223588,0.01441374623066078,2.183227212069492,-2.183274790743253,107,6.165145681830438,1.1228298982077607,6.169838338589567,1.109201433402696
1.9123094297221903,0.01438641933751169,2.179088014168439,-2.1791355026386316,107,6.1690593703328105,1.1241774892289418,6.173743130325771,1.110574862508963
1.9164486276220218,0.01435909244401083,2.1749488162673853,-2.174996214534008,107,6.172973058835183,1.1255250802501229,6.177647922061858,1.1119482916155627
1.9205878255218534,0.014331765550157157,2.17080961836633,-2.170856926429382,107,6.176886747337555,1.126872671271304,6.181552713797832,1.113321720722496
1.924727023421685,0.01430443865594963,2.166670420465273,-2.1667176383247537,107,6.180800435839927,1.128220262292485,6.18545750553369,1.1146951498297637
1.9288662213215164,0.014277111761387197,2.162531222564215,-2.162578350220123,107,6.1847141243423,1.1295678533136662,6.189362297269432,1.116068578937367
1.933005419221348,0.014249784866468803,2.1583920246631556,-2.15843906211549,107,6.188627812844672,1.1309154443348473,6.193267089005059,1.117442008045307
1.9371446171211795,0.014222457971193394,2.154252826762095,-2.154299774010855,107,6.192541501347044,1.1322630353560283,6.197171880740569,1.1188154371535843
1.941283815021011,0.014195131075559902,2.150113628861033,-2.150160485906217,107,6.1964551898494165,1.1336106263772094,6.201076672475963,1.1201888662622004
1.9454230129208425,0.014167804179567266,2.1459744309599698,-2.146021197801577,107,6.200368878351789,1.1349582173983905,6.20498146421124,1.121562295371156
1.949562210820674,0.014140477283214414,2.141835233058906,-2.141881909696935,107,6.204282566854162,1.1363058084195716,6.208886255946401,1.122935724480452
1.9537014087205056,0.014113150386500272,2.13769603515784,-2.13774262159229,107,6.208196255356534,1.1376533994407527,6.212791047681443,1.12430915359009
1.957840606620337,0.014085823489423761,2.133556837256773,-2.1336033334876428,107,6.2121099438589065,1.1390009904619336,6.216695839416367,1.12568258270007
1.9619798045201686,0.014058496591983792,2.129417639355704,-2.129464045382993,107,6.216023632361279,1.140348581483115,6.220600631151172,1.1270560118103945
1.9661190024200002,0.014031169694179281,2.125278441454635,-2.125324757278341,107,6.219937320863651,1.1416961725042958,6.224505422885859,1.128429440921063
1.9702582003198317,0.014003842796009138,2.1211392435535634,-2.1211854691736862,107,6.223851009366023,1.143043763525477,6.228410214620427,1.1298028700320777
1.9743973982196632,0.013976515897472262,2.117000045652491,-2.1170461810690293,107,6.2277646978683965,1.144391354546658,6.232315006354877,1.1311762991434386
1.9785365961194947,0.013949188998567548,2.112860847751418,-2.11290689296437,107,6.231678386370769,1.1457389455678393,6.2362197980892065,1.132549728255148
1.9826757940193263,0.013921862099293891,2.108721649850343,-2.1087676048597084,107,6.235592074873141,1.1470865365890202,6.240124589823415,1.1339231573672055
1.9868149919191578,0.013894535199650185,2.1045824519492666,-2.1046283167550444,107,6.239505763375513,1.1484341276102015,6.244029381557503,1.1352965864796136
1.9909541898189893,0.013867208299635307,2.100443254048189,-2.1004890286503777,107,6.243419451877886,1.1497817186313823,6.247934173291471,1.136670015592372
1.9950933877188208,0.013839881399248136,2.0963040561471105,-2.0963497405457088,107,6.247333140380258,1.1511293096525637,6.251838965025317,1.138043444705483
1.9992325856186524,0.013812554498487553,2.0921648582460306,-2.092210452441037,107,6.25124682888263,1.1524769006737445,6.255743756759041,1.1394168738189465
2.003371783518484,0.013785227597352425,2.088025660344949,-2.088071164336363,107,6.2551605173850024,1.1538244916949258,6.259648548492644,1.1407903029327646
2.0075109814183154,0.01375790069584162,2.0838864624438664,-2.0839318762316865,107,6.259074205887375,1.1551720827161067,6.2635533402261245,1.1421637320469376
2.011650179318147,0.013730573793953997,2.079747264542782,-2.0797925881270074,107,6.262987894389747,1.156519673737288,6.267458131959482,1.1435371611614673
2.0157893772179785,0.013703246891688408,2.075608066641697,-2.075653300022326,107,6.26690158289212,1.157867264758469,6.271362923692718,1.144910590276354
2.01992857511781,0.013675919989043706,2.0714688687406104,-2.071514011917642,107,6.2708152713944925,1.1592148557796502,6.275267715425829,1.1462840193915993
2.0240677730176415,0.01364859308601874,2.0673296708395226,-2.0673747238129554,107,6.274728959896865,1.160562446800831,6.279172507158816,1.1476574485072037
2.028206970917473,0.013621266182612349,2.0631904729384334,-2.0632354357082665,107,6.278642648399237,1.1619100378220124,6.283077298891679,1.1490308776231695
2.0323461688173046,0.013593939278823367,2.059051275037343,-2.059096147603575,107,6.282556336901609,1.1632576288431933,6.286982090624418,1.1504043067394965
2.036485366717136,0.013566612374650623,2.0549120771362506,-2.0549568594988807,107,6.286470025403982,1.1646052198643746,6.290886882357031,1.1517777358561867
2.0406245646169676,0.013539285470092949,2.0507728792351574,-2.0508175713941843,107,6.290383713906354,1.1659528108855555,6.29479167408952,1.1531511649732404
2.044763762516799,0.013511958565149163,2.0466336813340633,-2.046678283289485,107,6.294297402408727,1.1673004019067368,6.298696465821884,1.1545245940906599
2.0489029604166307,0.013484631659818086,2.0424944834329675,-2.0425389951847834,107,6.298211090911099,1.1686479929279177,6.30260125755412,1.1558980232084448
2.053042158316462,0.01345730478162775,2.03835528562155,-2.038399707080261,106,6.302124779413472,1.1699955839490987,6.306506049295193,1.157271452300568
2.0571813562162937,0.013429977903583856,2.0342160877221946,-2.0342604189757396,106,6.306038467915844,1.1713431749702798,6.310410841036314,1.1586448813925527
2.0613205541161252,0.01340265102511553,2.030076889820986,-2.030121130871215,106,6.309952156418216,1.172690765991461,6.314315632777296,1.1600183104849389
2.0654597520159568,0.01337532414620944,2.025937691919737,-2.025981842766688,106,6.313865844920588,1.174038357012642,6.3182204245181355,1.161391739577739
2.0695989499157883,0.013347997266863993,2.0217984940184857,-2.0218425546621575,106,6.317779533422961,1.1753859480338231,6.322125216258833,1.1627651686709541
2.07373814781562,0.013320670387077826,2.017659296117233,-2.0177032665576244,106,6.321693221925333,1.1767335390550042,6.326030007999385,1.1641385977645862
2.0778773457154514,0.013293343506849587,2.013520098215978,-2.0135639784530883,106,6.325606910427705,1.1780811300761853,6.329934799739795,1.1655120268586363
2.082016543615283,0.013266016626177905,2.009380900314723,-2.0094246903485495,106,6.329520598930078,1.1794287210973664,6.33383959148006,1.1668854559531057
2.0861557415151144,0.013238689745061417,2.0052417024134663,-2.0052854022440076,106,6.333434287432451,1.1807763121185475,6.337744383220181,1.1682588850479956
2.090294939414946,0.013211362863498752,2.0011025045122075,-2.0011461141394626,106,6.337347975934823,1.1821239031397286,6.341649174960156,1.1696323141433074
2.0944341373147775,0.013184035981488519,1.9969633066109473,-1.9970068260349148,106,6.341261664437195,1.1834714941609097,6.345553966699985,1.1710057432390424
2.098573335214609,0.01315670909902934,1.9928241087096856,-1.992867537930364,106,6.345175352939568,1.1848190851820908,6.349458758439668,1.172379172335202
2.1027125331144405,0.013129382216119815,1.9886849108084226,-1.9887282498258103,106,6.34908904144194,1.1861666762032719,6.353363550179204,1.1737526014317872
2.106851731014272,0.013102055332758546,1.9845457129071582,-1.9845889617212535,106,6.353002729944312,1.187514267224453,6.357268341918593,1.1751260305287996
2.1109909289141036,0.013074728448944134,1.9804065150058923,-1.9804496736166939,106,6.356916418446685,1.188861858245634,6.361173133657836,1.1764994596262404
2.115130126813935,0.013047401564675161,1.9762673171046248,-1.9763103855121311,106,6.360830106949058,1.1902094492668152,6.36507792539693,1.177872888724111
2.1192693247137666,0.01302007467995021,1.9721281192033562,-1.9721710974075655,106,6.36474379545143,1.1915570402879962,6.368982717135875,1.1792463178224128
2.123408522613598,0.012992747794767858,1.9679889213020856,-1.9680318093029967,106,6.368657483953802,1.1929046313091773,6.372887508874672,1.1806197469211472
2.1275477205134297,0.012965420909126672,1.9638497234008137,-1.9638925211984248,106,6.372571172456174,1.1942522223303584,6.376792300613318,1.1819931760203153
2.131686918413261,0.012938094023025221,1.9597105254995404,-1.95975323309385,106,6.376484860958547,1.1955998133515395,6.380697092351816,1.1833666051199185
2.1358261163130927,0.012910767136462057,1.9555713275982656,-1.9556139449892722,106,6.380398549460919,1.1969474043727206,6.384601884090163,1.1847400342199583
2.1399653142129242,0.01288344024943573,1.9514321296969892,-1.9514746568846912,106,6.384312237963291,1.1982949953939017,6.388506675828359,1.1861134633204362
2.1441045121127558,0.012856113361944786,1.947292931795712,-1.9473353687801072,106,6.388225926465664,1.1996425864150826,6.392411467566403,1.187486892421353
2.1482437100125873,0.012828786473987766,1.943153733894433,-1.9431960806755202,106,6.392139614968036,1.200990177436264,6.396316259304297,1.1888603215227111
2.152382907912419,0.012801459585563198,1.939014535993152,-1.93905679257093,106,6.396053303470408,1.2023377684574448,6.400221051042037,1.1902337506245106
2.1565221058122503,0.012774132696669601,1.93487533809187,-1.934917504466337,106,6.39996699197278,1.203685359478626,6.404125842779625,1.1916071797267542
2.160661303712082,0.012746805807305495,1.9307361401905863,-1.9307782163617406,106,6.403880680475154,1.205032950499807,6.408030634517061,1.1929806088294423
2.1648005016119134,0.012719478917469393,1.9265969422893015,-1.9266389282571412,106,6.407794368977526,1.2063805415209883,6.411935426254343,1.194354037932577
2.168939699511745,0.012692152027159802,1.922457744388015,-1.9224996401525387,106,6.411708057479898,1.2077281325421692,6.4158402179914695,1.1957274670361588
2.1730788974115764,0.01266482513637522,1.9183185464867272,-1.918360352047933,106,6.41562174598227,1.2090757235633505,6.419745009728443,1.1971008961401903
2.177218095311408,0.012637498245114129,1.9141793485854375,-1.9142210639433241,106,6.419535434484644,1.2104233145845313,6.4236498014652605,1.1984743252446721
2.1813572932112395,0.012610171353375024,1.9100401506841467,-1.910081775838712,106,6.423449122987016,1.2117709056057127,6.427554593201922,1.199847754349606
2.185496491111071,0.01258284446115637,1.9059009527828539,-1.905942487734097,106,6.427362811489388,1.2131184966268935,6.431459384938428,1.201221183454993
2.1896356890109026,0.012555517568456642,1.90176175488156,-1.9018031996294786,106,6.43127649999176,1.2144660876480748,6.435364176674777,1.2025946125608353
2.193774886910734,0.012528190675274303,1.8976225569802647,-1.897663911524857,106,6.435190188494133,1.2158136786692557,6.4392689684109685,1.2039680416671337
2.1979140848105656,0.012500863781607816,1.8934833590789677,-1.8935246234202323,106,6.439103876996505,1.217161269690437,6.443173760147003,1.20534147077389
2.202053282710397,0.01247353688745562,1.8893441611776691,-1.8893853353156043,106,6.443017565498877,1.218508860711618,6.447078551882879,1.2067148998811053
2.2061924806102287,0.012446209992816159,1.8852049632763692,-1.885246047210973,106,6.44693125400125,1.2198564517327992,6.450983343618597,1.2080883289887816
2.21033167851006,0.012418883097687867,1.8810657653750678,-1.8811067591063386,106,6.450844942503622,1.22120404275398,6.454888135354155,1.2094617580969198
2.2144708764098917,0.012391556202069175,1.8769265674737647,-1.876967471001701,106,6.454758631005994,1.2225516337751614,6.458792927089553,1.2108351872055219
2.2186100743097232,0.012364229305958502,1.8727873695724604,-1.87282818289706,106,6.458672319508366,1.2238992247963423,6.462697718824792,1.2122086163145889
2.2227492722095548,0.012336902409354259,1.8686481716711547,-1.868688894792416,106,6.462586008010739,1.2252468158175236,6.46660251055987,1.213582045424123
2.2268884701093863,0.012309575512254853,1.8645089737698477,-1.8645496066877687,106,6.466499696513112,1.2265944068387045,6.470507302294787,1.214955474534125
2.231027668009218,0.01228224861465868,1.8603697758685385,-1.860410318583118,106,6.470413385015484,1.2279419978598858,6.474412094029542,1.216328903644597
2.2351668659090493,0.012254921716564128,1.856230577967228,-1.856271030478464,106,6.474327073517856,1.2292895888810667,6.4783168857641344,1.2177023327555396
2.239306063808881,0.012227594817969586,1.8520913800659162,-1.8521317423738066,106,6.478240762020229,1.2306371799022477,6.482221677498565,1.2190757618669554
2.2434452617087124,0.012200267918873426,1.8479521821646028,-1.847992454269146,106,6.482154450522602,1.2319847709234288,6.486126469232832,1.2204491909788455
2.247584459608544,0.012172941019274014,1.8438129842632878,-1.843853166164482,106,6.486068139024974,1.23333236194461,6.490031260966934,1.2218226200912115
2.2517236575083754,0.012145614119169715,1.8396737863619712,-1.8397138780598146,106,6.489981827527346,1.234679952965791,6.493936052700873,1.2231960492040546
2.255862855408207,0.012118287218558878,1.8355345884606535,-1.8355745899551439,106,6.493895516029719,1.2360275439869721,6.497840844434647,1.2245694783173768
2.2600020533080385,0.012090960317439848,1.8313953905593339,-1.8314353018504699,106,6.497809204532091,1.2373751350081532,6.501745636168255,1.2259429074311794
2.26414125120787,0.012063633415810963,1.827256192658013,-1.8272960137457925,106,6.501722893034463,1.2387227260293343,6.5056504279016965,1.2273163365454642
2.2682804491077015,0.012036306513670547,1.8231169947566908,-1.8231567256411119,106,6.5056365815368355,1.2400703170505154,6.509555219634971,1.2286897656602327
2.272419647007533,0.012008979611016926,1.8189777968553666,-1.8190174375364279,106,6.509550270039208,1.2414179080716965,6.51346001136808,1.2300631947754863
2.2765588449073646,0.011981652707848407,1.814838598954041,-1.8148781494317403,106,6.51346395854158,1.2427654990928776,6.517364803101021,1.2314366238912269
2.280698042807196,0.011954325804163298,1.8106994010527144,-1.8107388613270494,106,6.517377647043952,1.2441130901140587,6.521269594833793,1.232810053007456
2.2848372407070277,0.0119269988999599,1.806560203151386,-1.8065995732223552,106,6.521291335546325,1.2454606811352398,6.5251743865663965,1.234183482124175
2.288976438606859,0.011899671995236496,1.8024210052500562,-1.8024602851176574,106,6.525205024048697,1.2468082721564209,6.529079178298831,1.2355569112413856
2.2931156365066907,0.011872345089991371,1.7982818073487248,-1.7983209970129563,106,6.529118712551069,1.248155863177602,6.532983970031096,1.2369303403590897
2.2972548344065222,0.011845018184222796,1.7941426094473918,-1.7941817089082517,106,6.533032401053442,1.249503454198783,6.536888761763191,1.2383037694772887
2.3013940323063538,0.011817691277929029,1.7900034115460575,-1.7900424208035435,106,6.536946089555815,1.2508510452199642,6.5407935534951145,1.239677198595984
2.3055332302061853,0.011790364371108334,1.7858642136447214,-1.785903132698832,106,6.540859778058187,1.2521986362411452,6.544698345226866,1.2410506277151778
2.309672428106017,0.011763037495276627,1.7817250158331561,-1.781763844594325,105,6.544773466560559,1.2535462272623263,6.5486031369687066,1.2424240568050708
2.3138116260058483,0.011735710619437043,1.7775858179333024,-1.7776245564898179,105,6.548687155062932,1.2548938182835074,6.552507928710545,1.2437974858949714
2.31795082390568,0.011708383743014132,1.7734466200318166,-1.773485268385307,105,6.552600843565305,1.2562414093046885,6.556412720452194,1.2451709149854235
2.3220900218055114,0.011681056865995326,1.7693074221302998,-1.7693459802807923,105,6.556514532067677,1.2575890003258696,6.560317512193648,1.246544344076439
2.326229219705343,0.01165372998837844,1.7651682242287803,-1.7652066921762735,105,6.560428220570049,1.2589365913470507,6.5642223039349075,1.24791777316802
2.3303684176051744,0.011626403110161469,1.7610290263272594,-1.7610674040717507,105,6.5643419090724215,1.2602841823682316,6.568127095675972,1.249291202260168
2.334507615505006,0.011599076231342417,1.7568898284257366,-1.7569281159672239,105,6.568255597574794,1.261631773389413,6.5720318874168395,1.250664631352886
2.3386468134048375,0.011571749351919259,1.7527506305242122,-1.752788827862693,105,6.572169286077166,1.2629793644105938,6.575936679157511,1.2520380604461747
2.342786011304669,0.011544422471889972,1.748611432622686,-1.7486495397581583,105,6.576082974579538,1.264326955431775,6.579841470897985,1.2534114895400368
2.3469252092045005,0.011517095591252514,1.744472234721158,-1.7445102516536195,105,6.579996663081911,1.265674546452956,6.583746262638261,1.2547849186344735
2.351064407104332,0.011489768710004837,1.7403330368196288,-1.7403709635490767,105,6.583910351584283,1.2670221374741373,6.587651054378338,1.2561583477294878
2.3552036050041636,0.011462441828144892,1.7361938389180978,-1.73623167544453,105,6.587824040086655,1.2683697284953181,6.591555846118217,1.2575317768250804
2.359342802903995,0.0114351149456706,1.732054641016565,-1.7320923873399792,105,6.5917377285890275,1.2697173195164995,6.595460637857895,1.2589052059212544
2.3634820008038266,0.011407788062579886,1.7279154431150303,-1.7279530992354242,105,6.595651417091401,1.2710649105376803,6.5993654295973725,1.2602786350180109
2.367621198703658,0.011380461178870666,1.723776245213494,-1.7238138111308652,105,6.599565105593773,1.2724125015588617,6.603270221336649,1.2616520641153524
2.3717603966034897,0.011353134294540839,1.7196370473119564,-1.719674523026302,105,6.603478794096145,1.2737600925800425,6.6071750130757225,1.2630254932132805
2.375899594503321,0.011325807409588296,1.715497849410417,-1.7155352349217348,105,6.6073924825985175,1.2751076836012238,6.611079804814594,1.2643989223117975
2.3800387924031527,0.011298480524010914,1.7113586515088757,-1.7113959468171633,105,6.61130617110089,1.2764552746224047,6.614984596553262,1.2657723514109052
2.3841779903029843,0.011271153637806569,1.7072194536073326,-1.707256658712588,105,6.615219859603263,1.277802865643586,6.618889388291726,1.267145780510606
2.388317188202816,0.01124382675097311,1.703080255705788,-1.7031173706080083,105,6.619133548105635,1.279150456664767,6.622794180029985,1.2685192096109013
2.3924563861026473,0.011216499863508391,1.6989410578042419,-1.6989780825034244,105,6.6230472366080075,1.2804980476859482,6.626698971768039,1.2698926387117937
2.396595584002479,0.011189172975410253,1.6948018599026937,-1.6948387943988363,105,6.62696092511038,1.281845638707129,6.630603763505886,1.2712660678132848
2.4007347819023104,0.011161846086676514,1.690662662001144,-1.6906995062942443,105,6.630874613612752,1.2831932297283104,6.634508555243526,1.2726394969153771
2.404873979802142,0.011134519197304987,1.6865234640995928,-1.686560218189648,105,6.634788302115124,1.2845408207494913,6.6384133469809585,1.2740129260180721
2.4090131777019734,0.011107192307293484,1.6823842661980397,-1.6824209300850475,105,6.638701990617497,1.2858884117706726,6.642318138718182,1.2753863551213727
2.413152375601805,0.011079865416639797,1.678245068296485,-1.6782816419804425,105,6.642615679119869,1.2872360027918535,6.646222930455198,1.27675978422528
2.4172915735016365,0.011052538525341698,1.6741058703949285,-1.6741423538758333,105,6.646529367622241,1.2885835938130348,6.650127722192003,1.278133213329797
2.421430771401468,0.011025211633396967,1.6699666724933704,-1.67000306577122,105,6.6504430561246135,1.2899311848342156,6.654032513928597,1.279506642434925
2.4255699693012995,0.010997884740803357,1.6658274745918105,-1.6658637776666023,105,6.654356744626986,1.2912787758553967,6.657937305664982,1.2808800715406667
2.429709167201131,0.01097055784755862,1.6616882766902485,-1.6617244895619803,105,6.658270433129358,1.2926263668765778,6.661842097401153,1.2822535006470241
2.4338483651009626,0.010943230953660479,1.6575490787886853,-1.657585201457354,105,6.662184121631731,1.293973957897759,6.665746889137113,1.2836269297539995
2.437987563000794,0.010915904059106668,1.6534098808871205,-1.6534459133527233,105,6.6660978101341035,1.29532154891894,6.669651680872858,1.2850003588615946
2.4421267609006256,0.010888577163894898,1.6492706829855535,-1.6493066252480884,105,6.670011498636476,1.2966691399401211,6.673556472608389,1.2863737879698118
2.446265958800457,0.01086125026802286,1.6451314850839853,-1.645167337143449,105,6.673925187138848,1.2980167309613022,6.677461264343705,1.2877472170786535
2.4504051567002887,0.01083392337148825,1.640992287182415,-1.6410280490388054,105,6.677838875641221,1.2993643219824833,6.681366056078806,1.2891206461881215
2.45454435460012,0.010806596474288742,1.6368530892808435,-1.6368887609341574,105,6.6817525641435935,1.3007119130036644,6.68527084781369,1.2904940752982181
2.4586835524999517,0.010779269576422,1.63271389137927,-1.6327494728295049,105,6.685666252645966,1.3020595040248455,6.689175639548357,1.2918675044089458
2.4628227503997833,0.010751942677885672,1.6285746934776946,-1.628610184724848,105,6.689579941148338,1.3034070950460266,6.693080431282806,1.2932409335203066
2.466961948299615,0.010724615778677397,1.6244354955761173,-1.6244708966201866,105,6.69349362965071,1.3047546860672077,6.696985223017037,1.2946143626323026
2.4711011461994463,0.010697288878794798,1.6202962976745385,-1.6203316085155208,105,6.697407318153083,1.3061022770883888,6.700890014751047,1.2959877917449363
2.475240344099278,0.010669961978235495,1.6161570997729586,-1.6161923204108506,105,6.701321006655455,1.3074498681095699,6.704794806484837,1.2973612208582097
2.4793795419991094,0.010642635076997085,1.6120179018713765,-1.612053032306176,105,6.705234695157827,1.308797459130751,6.708699598218406,1.2987346499721253
2.483518739898941,0.010615308175077158,1.6078787039697924,-1.6079137442014966,105,6.7091483836601995,1.310145050151932,6.712604389951753,1.3001080790866852
2.4876579377987724,0.010587981272473287,1.6037395060682067,-1.6037744560968128,105,6.713062072162572,1.3114926411731131,6.716509181684877,1.3014815082018918
2.491797135698604,0.01056065436918304,1.59960030816662,-1.5996351679921246,105,6.716975760664944,1.3128402321942942,6.720413973417779,1.3028549373177476
2.4959363335984355,0.010533327465203962,1.595461110265031,-1.5954958798874317,105,6.720889449167316,1.3141878232154753,6.724318765150455,1.3042283664342544
2.500075531498267,0.01050600056053359,1.5913219123634401,-1.5913565917827344,105,6.724803137669689,1.3155354142366564,6.728223556882907,1.305601795551415
2.5042147293980985,0.010478673655169447,1.5871827144618473,-1.5872173036780324,105,6.728716826172062,1.3168830052578375,6.7321283486151335,1.3069752246692314
2.50835392729793,0.010451346749109035,1.5830435165602532,-1.5830780155733257,105,6.732630514674434,1.3182305962790186,6.736033140347133,1.3083486537877065
2.5124931251977616,0.01042401984234986,1.5789043186586575,-1.5789387274686146,105,6.736544203176806,1.3195781873001997,6.739937932078905,1.309722082906842
2.516632323097593,0.010396692934889398,1.57476512075706,-1.5747994393638989,105,6.740457891679179,1.3209257783213808,6.743842723810448,1.3110955120266405
2.5207715209974246,0.010369366026725122,1.5706259228554607,-1.5706601512591785,105,6.744371580181552,1.322273369342562,6.747747515541763,1.3124689411471047
2.524910718897256,0.010342039117854484,1.5664867249538597,-1.5665208631544534,105,6.748285268683924,1.3236209603637428,6.751652307272847,1.3138423702682365
2.5290499167970877,0.01031471224419491,1.562347527142,-1.5623815750499608,104,6.752198957186296,1.324968551384924,6.7555570990153955,1.315215799356076
2.533189114696919,0.010287385370327393,1.5582083292416506,-1.5582422869454668,104,6.756112645688669,1.326316142406105,6.759461890757875,1.3165892284441116
2.5373283125967507,0.01026005849567277,1.5540691313398627,-1.5541029988409676,104,6.760026334191041,1.3276637334272863,6.7633666825000995,1.317962657532892
2.5414675104965823,0.010232731620218788,1.5499299334380496,-1.549963710736463,104,6.763940022693413,1.3290113244484671,6.7672714742420625,1.3193360866224277
2.545606708396414,0.0102054047439624,1.5457907355362348,-1.5458244226319533,104,6.7678537111957855,1.3303589154696485,6.771176265983765,1.3207095157127224
2.5497459062962453,0.010178077866900663,1.5416515376344178,-1.5416851345274383,104,6.771767399698158,1.3317065064908293,6.775081057725205,1.3220829448037783
2.553885104196077,0.010150750989030644,1.5375123397325987,-1.537545846422918,104,6.77568108820053,1.3330540975120106,6.778985849466383,1.323456373895599
2.5580243020959084,0.010123424110349385,1.5333731418307779,-1.533406558318392,104,6.779594776702902,1.3344016885331915,6.782890641207295,1.324829802988186
2.56216349999574,0.010096097230853918,1.5292339439289548,-1.5292672702138608,104,6.783508465205275,1.3357492795543728,6.786795432947944,1.3262032320815436
2.5663026978955714,0.01006877035054124,1.52509474602713,-1.5251279821093242,104,6.787422153707647,1.3370968705755537,6.790700224688325,1.3275766611756732
2.570441895795403,0.01004144346940835,1.5209555481253036,-1.5209886940047823,104,6.79133584221002,1.338444461596735,6.794605016428441,1.3289500902705789
2.5745810936952345,0.010014116587452226,1.5168163502234748,-1.5168494059002349,104,6.795249530712392,1.339792052617916,6.798509808168288,1.3303235193662626
2.578720291595066,0.009986789704669829,1.5126771523216442,-1.5127101177956819,104,6.799163219214765,1.3411396436390972,6.802414599907865,1.3316969484627277
2.5828594894948975,0.009959462821058094,1.5085379544198119,-1.5085708296911235,104,6.803076907717137,1.342487234660278,6.806319391647174,1.3330703775599768
2.586998687394729,0.009932135936613948,1.5043987565179775,-1.5044315415865597,104,6.80699059621951,1.3438348256814594,6.810224183386211,1.3344438066580133
2.5911378852945606,0.009904809051334298,1.500259558616141,-1.5002922534819902,104,6.810904284721882,1.3451824167026403,6.814128975124976,1.3358172357568394
2.595277083194392,0.009877482165216032,1.4961203607143025,-1.4961529653774153,104,6.814817973224255,1.3465300077238216,6.818033766863468,1.3371906648564589
2.5994162810942236,0.009850155278256029,1.4919811628124624,-1.4920136772728347,104,6.818731661726627,1.3478775987450025,6.821938558601685,1.3385640939568737
2.603555478994055,0.009822828390451132,1.4878419649106203,-1.4878743891682487,104,6.822645350228999,1.3492251897661838,6.825843350339627,1.3399375230580879
2.6076946768938867,0.009795501501798184,1.4837027670087763,-1.483735101063657,104,6.8265590387313715,1.3505727807873646,6.829748142077294,1.3413109521601034
2.611833874793718,0.009768174612294,1.4795635691069302,-1.4795958129590598,104,6.830472727233744,1.351920371808546,6.833652933814683,1.3426843812629243
2.6159730726935497,0.009740847721935376,1.475424371205082,-1.4754565248544569,104,6.834386415736116,1.3532679628297268,6.837557725551794,1.3440578103665526
2.6201122705933813,0.009713520830719097,1.4712851733032326,-1.4713172367498484,104,6.838300104238488,1.354615553850908,6.841462517288626,1.345431239470992
2.624251468493213,0.009686193938641926,1.4671459754013807,-1.467177948645234,104,6.842213792740861,1.355963144872089,6.845367309025178,1.3468046685762454
2.6283906663930443,0.009658867045700603,1.463006777499527,-1.463038660540614,104,6.846127481243233,1.3573107358932701,6.849272100761448,1.3481780976823161
2.632529864292876,0.009631540151891852,1.4588675795976715,-1.4588993724359884,104,6.850041169745605,1.3586583269144512,6.853176892497436,1.3495515267892066
2.6366690621927074,0.00960421325721238,1.4547283816958139,-1.454760084331357,104,6.8539548582479775,1.3600059179356323,6.85708168423314,1.3509249558969207
2.640808260092539,0.009576886361658873,1.4505891837939546,-1.45062079622672,104,6.857868546750351,1.3613535089568134,6.860986475968562,1.352298385005461
2.6449474579923704,0.009549559465228,1.446449985892093,-1.446481508122077,104,6.861782235252723,1.3627010999779945,6.864891267703696,1.353671814114831
2.649086655892202,0.009522232567916402,1.4423107879902297,-1.4423422200174283,104,6.865695923755095,1.3640486909991756,6.8687960594385435,1.3550452432250337
2.6532258537920335,0.009494905669720706,1.4381715900883645,-1.4382029319127736,104,6.8696096122574675,1.3653962820203567,6.872700851173103,1.3564186723360723
2.657365051691865,0.009467578770637523,1.434032392186497,-1.4340636438081131,104,6.873523300759841,1.3667438730415378,6.876605642907375,1.3577921014479502
2.6615042495916965,0.009440251870663439,1.4298931942846276,-1.4299243557034467,104,6.877436989262213,1.3680914640627189,6.880510434641355,1.3591655305606702
2.665643447491528,0.009412924969795018,1.4257539963827568,-1.4257850675987744,104,6.881350677764585,1.3694390550839,6.884415226375045,1.360538959674236
2.6697826453913596,0.009385598068028812,1.4216147984808836,-1.4216457794940962,104,6.8852643662669575,1.370786646105081,6.888320018108442,1.3619123887886506
2.673921843291191,0.00935827116536134,1.4174756005790083,-1.417506491389412,104,6.88917805476933,1.3721342371262621,6.8922248098415455,1.3632858179039173
2.6780610411910226,0.009330944261789107,1.4133364026771311,-1.4133672032847218,104,6.893091743271702,1.3734818281474432,6.896129601574355,1.3646592470200396
2.682200239090854,0.009303617357308596,1.4091972047752521,-1.4092279151800255,104,6.897005431774074,1.3748294191686243,6.900034393306869,1.3660326761370207
2.6863394369906857,0.009276290451916273,1.405058006873371,-1.4050886270753233,104,6.900919120276447,1.3761770101898054,6.903939185039086,1.3674061052548638
2.690478634890517,0.009248963545608575,1.4009188089714881,-1.4009493389706151,104,6.904832808778819,1.3775246012109865,6.907843976771004,1.3687795343735727
2.6946178327903487,0.00922163663838192,1.3967796110696031,-1.396810050865901,104,6.908746497281191,1.3788721922321676,6.9117487685026235,1.3701529634931502
2.6987570306901802,0.009194309730232712,1.3926404131677161,-1.3926707627611805,104,6.9126601857835634,1.3802197832533487,6.915653560233943,1.3715263926136
2.7028962285900118,0.009166982821157316,1.3885012152658274,-1.388531474656454,104,6.916573874285936,1.3815673742745298,6.91955835196496,1.3728998217349255
2.7070354264898433,0.009139655911152091,1.384362017363937,-1.3843921865517215,104,6.920487562788309,1.382914965295711,6.923463143695676,1.3742732508571305
2.711174624389675,0.009112329000213375,1.3802228194620438,-1.3802528984469826,104,6.924401251290681,1.3842625563168918,6.927367935426087,1.3756466799802176
2.7153138222895064,0.00908500212911191,1.3760836216499077,-1.376113610342507,103,6.9283149397930535,1.385610147338073,6.931272727169468,1.3770201090656384
2.719453020189338,0.009057675257548782,1.3719444237490632,-1.371974322238028,103,6.932228628295426,1.386957738359254,6.935177518912698,1.3783935381514951
2.7235922180891694,0.009030348384940807,1.367805225846945,-1.3678350341335423,103,6.936142316797799,1.3883053293804353,6.939082310655589,1.3797669672383404
2.727731415989001,0.009003021511275501,1.363666027944807,-1.3636957460290497,103,6.940056005300171,1.3896529204016161,6.942987102398135,1.3811403963261848
2.7318706138888325,0.008975694636548537,1.3595268300426666,-1.35955645792455,103,6.9439696938025435,1.3910005114227975,6.946891894140335,1.3825138254150335
2.736009811788664,0.008948367760755685,1.3553876321405234,-1.3554171698200432,103,6.947883382304916,1.3923481024439783,6.950796685882189,1.3838872545048897
2.7401490096884955,0.008921040883892678,1.3512484342383784,-1.3512778817155293,103,6.951797070807288,1.3936956934651596,6.9547014776236935,1.3852606835957582
2.744288207588327,0.008893714005955233,1.3471092363362316,-1.3471385936110085,103,6.95571075930966,1.3950432844863405,6.958606269364848,1.386634112687642
2.7484274054881586,0.00886638712693904,1.342970038434082,-1.3429993055064804,103,6.959624447812033,1.3963908755075218,6.962511061105652,1.3880075417805462
2.75256660338799,0.00883906024683976,1.3388308405319305,-1.3388600174019452,103,6.963538136314405,1.3977384665287027,6.9664158528461035,1.3893809708744742
2.7567058012878216,0.00881173336565301,1.3346916426297768,-1.3347207292974028,103,6.967451824816777,1.399086057549884,6.970320644586201,1.3907543999694307
2.760844999187653,0.008784406483374406,1.3305524447276207,-1.3305814411928532,103,6.971365513319149,1.400433648571065,6.974225436325943,1.3921278290654193
2.7649841970874847,0.00875707959999952,1.3264132468254626,-1.3264421530882964,103,6.975279201821522,1.4017812395922462,6.978130228065328,1.3935012581624446
2.769123394987316,0.0087297527155239,1.3222740489233025,-1.3223028649837323,103,6.979192890323894,1.403128830613427,6.982035019804354,1.3948746872605107
2.7732625928871477,0.008702425829943067,1.31813485102114,-1.3181635768791609,103,6.983106578826266,1.4044764216346084,6.9859398115430205,1.3962481163596219
2.7774017907869792,0.008675098943252506,1.3139956531189751,-1.314024288774582,103,6.9870202673286395,1.4058240126557893,6.989844603281327,1.397621545459782
2.7815409886868108,0.008647772055447683,1.3098564552168084,-1.309885000669996,103,6.990933955831012,1.4071716036769706,6.99374939501927,1.398994974560996
2.7856801865866423,0.008620445166524028,1.3057172573146394,-1.3057457125654026,103,6.994847644333384,1.4085191946981515,6.997654186756848,1.4003684036632675
2.789819384486474,0.00859311827647694,1.301578059412468,-1.3016064244608017,103,6.998761332835756,1.4098667857193328,7.001558978494061,1.4017418327666018
2.7939585823863053,0.008565791385301795,1.297438861510295,-1.2974671363561934,103,7.0026750213381295,1.4112143767405136,7.005463770230907,1.403115261871002
2.798097780286137,0.008538464492993936,1.293299663608119,-1.2933278482515775,103,7.006588709840502,1.412561967761695,7.009368561967383,1.404488690976474
2.8022369781859684,0.008511137599548671,1.2891604657059412,-1.2891885601469542,103,7.010502398342874,1.4139095587828758,7.0132733537034895,1.4058621200830208
2.8063761760858,0.008483810704961282,1.2850212678037611,-1.2850492720423232,103,7.014416086845246,1.415257149804057,7.017178145439225,1.4072355491906476
2.8105153739856314,0.008456483809227013,1.280882069901579,-1.2809099839376847,103,7.018329775347619,1.416604740825238,7.021082937174585,1.408608978299359
2.814654571885463,0.008429156912341088,1.2767428719993947,-1.2767706958330387,103,7.022243463849991,1.4179523318464191,7.024987728909571,1.4099824074091591
2.8187937697852945,0.008401830014298695,1.2726036740972082,-1.2726314077283851,103,7.026157152352363,1.4192999228676002,7.028892520644181,1.411355836520053
2.822932967685126,0.008374503115094986,1.2684644761950195,-1.2684921196237238,103,7.030070840854735,1.4206475138887813,7.032797312378412,1.4127292656320445
2.8270721655849576,0.008347176214725081,1.2643252782928285,-1.2643528315190549,103,7.033984529357108,1.4219951049099624,7.036702104112265,1.414102694745139
2.831211363484789,0.00831984931318407,1.2601860803906353,-1.2602135434143782,103,7.03789821785948,1.4233426959311435,7.040606895845735,1.4154761238593407
2.8353505613846206,0.00829252241046701,1.2560468824884399,-1.2560742553096937,103,7.041811906361852,1.4246902869523246,7.044511687578822,1.4168495529746543
2.839489759284452,0.008265195506568923,1.2519076845862427,-1.2519349672050015,103,7.045725594864225,1.4260378779735057,7.048416479311525,1.4182229820910848
2.8436289571842837,0.008237868601484802,1.2477684866840428,-1.2477956791003013,103,7.049639283366597,1.4273854689946868,7.0523212710438425,1.4195964112086363
2.847768155084115,0.008210541695209598,1.2436292887818408,-1.2436563909955933,103,7.05355297186897,1.4287330600158679,7.056226062775773,1.4209698403273143
2.8519073529839467,0.008183214787738237,1.2394900908796365,-1.2395171028908774,103,7.057466660371342,1.430080651037049,7.060130854507313,1.4223432694471234
2.8560465508837782,0.0081558878790656,1.2353508929774302,-1.2353778147861536,103,7.061380348873715,1.43142824205823,7.0640356462384615,1.423716698568068
2.8601857487836098,0.008128560969186542,1.2312116950752217,-1.2312385266814219,103,7.065294037376087,1.4327758330794111,7.0679404379692174,1.4250901276901535
2.8643249466834413,0.00810123405809588,1.227072497173011,-1.2270992385766821,103,7.06920772587846,1.4341234241005922,7.07184522969958,1.4264635568133848
2.868464144583273,0.008073907145788397,1.2229332992707977,-1.2229599504719344,103,7.073121414380832,1.4354710151217733,7.075750021429545,1.4278369859377662
2.8726033424831043,0.008046580232258831,1.2187941013685826,-1.2188206623671785,103,7.077035102883205,1.4368186061429544,7.079654813159112,1.4292104150633034
2.876742540382936,0.008019253363648058,1.2146549035560676,-1.2146813742627192,102,7.080948791385577,1.4381661971641355,7.083559604903304,1.430583844146369
2.8808817382827674,0.007991926494251966,1.2105157056547144,-1.2105420861582545,102,7.084862479887949,1.4395137881853166,7.08746439664724,1.431957273230177
2.885020936182599,0.007964599623483514,1.2063765077522333,-1.206402798053781,102,7.088776168390321,1.4408613792064977,7.091369188390729,1.4333307023152826
2.8891601340824304,0.007937272751329329,1.2022373098497354,-1.2022635099492982,102,7.092689856892694,1.4422089702276788,7.095273980133767,1.4347041314016986
2.893299331982262,0.007909945877783271,1.198098111947235,-1.1981242218448063,102,7.096603545395066,1.44355656124886,7.0991787718763515,1.4360775604894305
2.8974385298820935,0.007882619002839248,1.1939589140447322,-1.1939849337403052,102,7.100517233897438,1.4449041522700408,7.1030835636184815,1.437450989578484
2.901577727781925,0.007855292126491126,1.1898197161422268,-1.1898456456357949,102,7.1044309223998106,1.446251743291222,7.106988355360154,1.4388244186688657
2.9057169256817565,0.007827965248732725,1.185680518239719,-1.1857063575312752,102,7.108344610902183,1.447599334312403,7.110893147101367,1.4401978477605801
2.909856123581588,0.007800638369557823,1.1815413203372087,-1.1815670694267462,102,7.112258299404555,1.4489469253335843,7.11479793884212,1.4415712768536344
2.9139953214814196,0.007773311488960152,1.1774021224346958,-1.1774277813222076,102,7.116171987906928,1.4502945163547651,7.1187027305824095,1.4429447059480336
2.918134519381251,0.007745984606933403,1.1732629245321806,-1.1732884932176597,102,7.120085676409301,1.4516421073759465,7.122607522322233,1.4443181350437844
2.9222737172810827,0.007718657723471217,1.1691237266296628,-1.1691492051131023,102,7.123999364911673,1.4529896983971273,7.12651231406159,1.445691564140892
2.926412915180914,0.007691330838567193,1.1649845287271425,-1.1650099170085353,102,7.127913053414045,1.4543372894183086,7.130417105800476,1.4470649932393633
2.9305521130807457,0.007664003952214882,1.1608453308246198,-1.1608706289039588,102,7.131826741916418,1.4556848804394895,7.134321897538893,1.4484384223392037
2.9346913109805772,0.007636677064407789,1.156706132922095,-1.1567313407993727,102,7.135740430418791,1.4570324714606708,7.138226689276835,1.44981185144042
2.9388305088804088,0.007609350175139371,1.1525669350195675,-1.152592052694777,102,7.139654118921163,1.4583800624818517,7.142131481014301,1.4511852805430174
2.9429697067802403,0.007582023284403038,1.1484277371170375,-1.1484527645901716,102,7.143567807423535,1.459727653503033,7.14603627275129,1.4525587096470034
2.947108904680072,0.007554696392192148,1.1442885392145048,-1.1443134764855565,102,7.147481495925907,1.461075244524214,7.149941064487797,1.453932138752383
2.9512481025799033,0.007527369498500013,1.1401493413119699,-1.1401741883809315,102,7.15139518442828,1.4624228355453952,7.153845856223823,1.4553055678591638
2.955387300479735,0.007500042603319898,1.1360101434094325,-1.1360349002762968,102,7.155308872930652,1.463770426566576,7.157750647959364,1.4566789969673508
2.9595264983795664,0.007472715706645012,1.1318709455068925,-1.1318956121716521,102,7.159222561433024,1.4651180175877574,7.161655439694419,1.4580524260769516
2.963665696279398,0.0074453888084685185,1.1277317476043502,-1.1277563240669977,102,7.1631362499353965,1.4664656086089383,7.1655602314289855,1.459425855187972
2.9678048941792294,0.007418061908783529,1.1235925497018053,-1.1236170359623332,102,7.167049938437769,1.4678131996301196,7.169465023163061,1.460799284300419
2.971944092079061,0.007390735007583102,1.119453351799258,-1.1194777478576587,102,7.170963626940141,1.4691607906513005,7.173369814896642,1.4621727134142983
2.9760832899788925,0.007363408104860244,1.1153141538967082,-1.1153384597529743,102,7.174877315442513,1.4705083816724818,7.1772746066297275,1.4635461425296177
2.980222487878724,0.00733608120060791,1.111174955994156,-1.1111991716482796,102,7.178791003944886,1.4718559726936626,7.181179398362315,1.4649195716463828
2.9843616857785555,0.0073087542948190014,1.107035758091601,-1.1070598835435748,102,7.182704692447259,1.473203563714844,7.185084190094404,1.4662930007646013
2.988500883678387,0.007281427387486364,1.102896560189044,-1.10292059543886,102,7.186618380949631,1.4745511547360248,7.188988981825989,1.4676664298842788
2.9926400815782186,0.0072541004786027905,1.098757362286484,-1.0987813073341346,102,7.190532069452003,1.475898745757206,7.192893773557069,1.469039859005423
2.99677927947805,0.007226773568161017,1.094618164383922,-1.094642019229399,102,7.194445757954376,1.477246336778387,7.196798565287642,1.4704132881280405
3.0009184773778816,0.007199446656153726,1.090478966481357,-1.0905027311246533,102,7.198359446456749,1.478593927799568,7.200703357017705,1.4717867172521384
3.005057675277713,0.00717211974257354,1.0863397685787899,-1.0863634430198972,102,7.202273134959121,1.4799415188207492,7.204608148747257,1.4731601463777233
3.0091968731775447,0.007144792827413031,1.0822005706762203,-1.0822241549151306,102,7.206186823461493,1.4812891098419303,7.208512940476293,1.4745335755048024
3.013336071077376,0.007117465962738262,1.078061372863528,-1.0780848668106973,101,7.210100511963866,1.4826367008631114,7.212417732221766,1.4759070045841465
3.0174752689772077,0.007090139096877155,1.0739221749616568,-1.0739455787062562,101,7.214014200466238,1.4839842918842925,7.216322523966853,1.4772804336646121
3.0216144668770393,0.007062812229236862,1.069782977058778,-1.0698062906018033,101,7.21792788896861,1.4853318829054736,7.220227315711361,1.47865386274676
3.025753664776871,0.007035485359802277,1.0656437791558848,-1.0656670024973385,101,7.2218415774709825,1.4866794739266547,7.224132107455284,1.4800272918306046
3.0298928626767023,0.007008158488564736,1.0615045812529889,-1.0615277143928619,101,7.225755265973355,1.4880270649478358,7.22803689919862,1.4814007209161537
3.034032060576534,0.006980831615515576,1.05736538335009,-1.0573884262883733,101,7.229668954475727,1.4893746559690169,7.231941690941366,1.4827741500034157
3.0381712584763654,0.006953504740646074,1.053226185447189,-1.0532491381838727,101,7.233582642978099,1.490722246990198,7.23584648268352,1.484147579092399
3.042310456376197,0.006926177863947436,1.0490869875442845,-1.0491098500793599,101,7.237496331480472,1.492069838011379,7.239751274425079,1.4855210081831118
3.0464496542760284,0.00689885098541079,1.0449477896413777,-1.044970561974835,101,7.241410019982844,1.4934174290325601,7.2436560661660385,1.4868944372755626
3.05058885217586,0.006871524105027201,1.040808591738468,-1.040831273870298,101,7.245323708485217,1.4947650200537412,7.247560857906398,1.4882678663697595
3.0547280500756915,0.006844197222787658,1.0366693938355553,-1.0366919857657488,101,7.249237396987589,1.4961126110749223,7.251465649646153,1.4896412954657112
3.058867247975523,0.006816870338683078,1.03253019593264,-1.0325526976611872,101,7.253151085489962,1.4974602020961034,7.2553704413853,1.4910147245634264
3.0630064458753545,0.0067895434527043014,1.028390998029722,-1.028413409556613,101,7.257064773992334,1.4988077931172845,7.259275233123837,1.4923881536629138
3.067145643775186,0.006762216564842102,1.024251800126801,-1.0242741214520266,101,7.260978462494707,1.5001553841384656,7.263180024861763,1.493761582764182
3.0712848416750176,0.0067348896750871684,1.0201126022238773,-1.0201348333474276,101,7.264892150997079,1.5015029751596467,7.26708481659907,1.4951350118672397
3.075424039574849,0.006707562783430118,1.0159734043209512,-1.0159955452428162,101,7.268805839499452,1.5028505661808278,7.270989608335758,1.496508440972096
3.0795632374746806,0.006680235889861488,1.0118342064180221,-1.0118562571381922,101,7.272719528001824,1.504198157202009,7.274894400071824,1.4978818700787595
3.083702435374512,0.00665290899437174,1.0076950085150904,-1.0077169690335555,101,7.276633216504196,1.50554574822319,7.278799191807265,1.4992552991872397
3.0878416332743437,0.006625582096951255,1.0035558106121554,-1.0035776809289059,101,7.2805469050065685,1.506893339244371,7.282703983542077,1.5006287282975452
3.091980831174175,0.006598255197590328,0.999416612709218,-0.9994383928242435,101,7.284460593508941,1.5082409302655522,7.286608775276258,1.5020021574096858
3.0961200290740067,0.006570928296279181,0.9952774148062776,-0.9952991047195683,101,7.288374282011313,1.5095885212867333,7.2905135670098025,1.50337558652367
3.1002592269738383,0.006543601393007949,0.9911382169033348,-0.9911598166148802,101,7.292287970513685,1.5109361123079144,7.2944183587427105,1.5047490156395078
3.10439842487367,0.006516274487766686,0.9869990190003889,-0.987020528510179,101,7.296201659016058,1.5122837033290955,7.2983231504749755,1.5061224447572081
3.1085376227735013,0.00648894758054536,0.9828598210974403,-0.9828812404054648,101,7.30011534751843,1.5136312943502765,7.302227942206597,1.5074958738767805
3.112676820673333,0.006461620671333853,0.9787206231944887,-0.9787419523007374,101,7.304029036020802,1.5149788853714576,7.30613273393757,1.508869302998235
3.1168160185731644,0.00643429376012196,0.9745814252915347,-0.9746026641959967,101,7.3079427245231745,1.5163264763926387,7.310037525667893,1.5102427321215806
3.120955216472996,0.006406966846899392,0.9704422273885777,-0.9704633760912429,101,7.311856413025548,1.5176740674138198,7.313942317397561,1.5116161612468273
3.1250944143728274,0.006379639931655765,0.9663030294856181,-0.9663240879864757,101,7.31577010152792,1.519021658435001,7.31784710912657,1.5129895903739852
3.129233612272659,0.0063523130143806105,0.9621638315826554,-0.9621847998816951,101,7.319683790030292,1.520369249456182,7.321751900854919,1.5143630195030637
3.1333728101724905,0.006324986095063363,0.95802463367969,-0.958045511776901,101,7.3235974785326645,1.5217168404773629,7.325656692582601,1.515736448634073
3.137512008072322,0.006297659232363967,0.953885435866369,-0.9539062236724807,100,7.327511167035038,1.523064431498544,7.3295614843287185,1.5171098777115493
3.1416512059721535,0.006270332367957266,0.9497462379639399,-0.9497669355680491,100,7.33142485553741,1.524412022519725,7.333466276074279,1.5184833067906398
3.145790403871985,0.00624300550124624,0.9456070400606178,-0.9456276474636024,100,7.335338544039782,1.5257596135409062,7.337371067819089,1.519856735871909
3.1499296017718166,0.006215678632212887,0.9414678421572839,-0.9414883593591403,100,7.3392522325421545,1.5271072045620873,7.341275859563143,1.521230164955374
3.154068799671648,0.006188351760844886,0.9373286442539466,-0.9373490712546628,100,7.343165921044527,1.5284547955832684,7.345180651306436,1.5226035940410467
3.1582079975714796,0.006161024887129856,0.9331894463506062,-0.9332097831501698,100,7.347079609546899,1.5298023866044494,7.349085443048966,1.5239770231289385
3.162347195471311,0.006133698011055313,0.9290502484472629,-0.9290704950456612,100,7.350993298049271,1.5311499776256305,7.352990234790728,1.525350452219061
3.1664863933711427,0.006106371132608657,0.9249110505439163,-0.924931206941137,100,7.354906986551644,1.5324975686468116,7.356895026531717,1.5267238813114266
3.170625591270974,0.006079044251777172,0.9207718526405666,-0.920791918836597,100,7.358820675054016,1.5338451596679927,7.36079981827193,1.5280973104060471
3.1747647891708057,0.006051717368548029,0.916632654737214,-0.9166526307320411,100,7.362734363556388,1.5351927506891738,7.364704610011363,1.5294707395029346
3.1789039870706373,0.0060243904829082855,0.9124934568338582,-0.9125133426274693,100,7.3666480520587605,1.536540341710355,7.36860940175001,1.5308441686021013
3.183043184970469,0.005997063594844874,0.9083542589304991,-0.9083740545228816,100,7.370561740561133,1.537887932731536,7.372514193487868,1.5322175977035597
3.1871823828703003,0.005969736704344608,0.9042150610271373,-0.9042347664182777,100,7.374475429063505,1.539235523752717,7.376418985224934,1.533591026807322
3.191321580770132,0.005942409811394182,0.9000758631237722,-0.9000954783136577,100,7.378389117565878,1.5405831147738982,7.380323776961202,1.5349644559134012
3.1954607786699634,0.005915082915980163,0.8959366652204039,-0.8959561902090214,100,7.3823028060682505,1.5419307057950793,7.384228568696667,1.53633788502181
3.199599976569795,0.005887756018088993,0.8917974673170326,-0.8918169021043688,100,7.386216494570623,1.5432782968162604,7.3881333604313255,1.5377113141325605
3.2037391744696264,0.005860429117706989,0.8876582694136582,-0.8876776139996997,100,7.390130183072995,1.5446258878374415,7.392038152165174,1.5390847432456662
3.207878372369458,0.005833102214820338,0.8835190715102804,-0.883538325895014,100,7.394043871575368,1.5459734788586226,7.395942943898207,1.5404581723611404
3.2120175702692895,0.005805775309415096,0.8793798736068998,-0.8793990377903118,100,7.3979575600777405,1.5473210698798037,7.39984773563042,1.5418316014789957
3.216156768169121,0.005778448401477187,0.875240675703516,-0.8752597496855928,100,7.401871248580113,1.5486686609009848,7.4037525273618074,1.5432050305992457
3.2202959660689525,0.005751121490992397,0.8711014778001293,-0.8711204615808571,100,7.405784937082485,1.5500162519221659,7.407657319092366,1.544578459721904
3.224435163968784,0.005723794577946381,0.8669622798967391,-0.8669811734761044,100,7.409698625584857,1.551363842943347,7.411562110822091,1.5459518888469839
3.2285743618686156,0.0056964676623246545,0.862823081993346,-0.8628418853713347,100,7.41361231408723,1.552711433964528,7.415466902550977,1.5473253179744992
3.232713559768447,0.005669140744112589,0.8586838840899497,-0.8587025972665479,100,7.417526002589602,1.5540590249857091,7.41937169427902,1.5486987471044638
3.2368527576682786,0.005641813823295416,0.8545446861865503,-0.8545633091617438,100,7.421439691091974,1.5554066160068902,7.423276486006215,1.5500721762368914
3.24099195556811,0.005614486965806293,0.8504054883730303,-0.8504240210573579,99,7.4253533795943465,1.5567542070280713,7.427181277754028,1.5514456053094412
3.2451311534679417,0.005587160105976877,0.8462662904700246,-0.8462847329529566,99,7.429267068096719,1.5581017980492524,7.431086069501078,1.5528190343842039
3.249270351367773,0.00555983324320188,0.8421270925662173,-0.8421454448485358,99,7.433180756599091,1.5594493890704335,7.43499086124717,1.5541924634617514
3.2534095492676047,0.005532506377458984,0.8379878946623993,-0.8380061567440954,99,7.437094445101463,1.5607969800916146,7.438895652992295,1.5555658925421054
3.2575487471674363,0.0055051795087309,0.8338486967585781,-0.8338668686396353,99,7.4410081336038365,1.5621445711127957,7.4428004447364495,1.5569393216252818
3.261687945067268,0.005477852637000219,0.8297094988547532,-0.8297275805351554,99,7.444921822106209,1.5634921621339768,7.446705236479625,1.5583127507112973
3.2658271429670993,0.005450525762249348,0.825570300950925,-0.8255882924306556,99,7.448835510608581,1.5648397531551579,7.450610028221818,1.5596861798001684
3.269966340866931,0.0054231988844605245,0.8214311030470932,-0.8214490043261357,99,7.452749199110953,1.566187344176339,7.454514819963021,1.561059608891912
3.2741055387667624,0.005395872003615799,0.8172919051432579,-0.8173097162215955,99,7.4566628876133265,1.56753493519752,7.45841961170323,1.562433037986545
3.278244736666594,0.005368545119697043,0.8131527072394191,-0.8131704281170351,99,7.460576576115699,1.5688825262187012,7.462324403442438,1.5638064670840846
3.2823839345664254,0.0053412182326859365,0.8090135093355771,-0.8090311400124544,99,7.464490264618071,1.5702301172398823,7.466229195180639,1.565179896184548
3.286523132466257,0.0053138913425639775,0.8048743114317315,-0.8048918519078531,99,7.468403953120443,1.5715777082610634,7.470133986917828,1.5665533252879527
3.2906623303660885,0.005286564449312465,0.8007351135278825,-0.800752563803231,99,7.472317641622816,1.5729252992822444,7.474038778653997,1.5679267543943165
3.29480152826592,0.005259237552912512,0.7965959156240299,-0.7966132756985882,99,7.476231330125188,1.5742728903034255,7.477943570389141,1.5693001835036573
3.2989407261657515,0.005231910653345025,0.792456717720174,-0.7924739875939245,99,7.48014501862756,1.5756204813246066,7.481848362123254,1.5706736126159928
3.303079924065583,0.005204583750590712,0.7883175198163146,-0.7883346994892397,99,7.4840587071299325,1.5769680723457877,7.48575315385633,1.572047041731342
3.3072191219654146,0.005177256844630078,0.7841783219124516,-0.7841954113845339,99,7.487972395632305,1.5783156633669688,7.489657945588362,1.5734204708497224
3.311358319865246,0.00514992993544342,0.7800391240085852,-0.7800561232798067,99,7.491886084134677,1.57966325438815,7.493562737319343,1.574793899971153
3.3154975177650776,0.005122603023010821,0.7758999261047153,-0.775916835175058,99,7.495799772637049,1.581010845409331,7.497467529049268,1.576167329095653
3.319636715664909,0.005095276107312156,0.7717607282008421,-0.7717775470702879,99,7.499713461139422,1.5823584364305119,7.501372320778128,1.5775407582232408
3.3237759135647407,0.005067949188327078,0.767621530296965,-0.767638258965496,99,7.503627149641794,1.583706027451693,7.50527711250592,1.5789141873539363
3.327915111464572,0.0050406222660350185,0.7634823323930848,-0.7634989708606823,99,7.507540838144167,1.585053618472874,7.509181904232635,1.5802876164877584
3.3320543093644037,0.005013295340415187,0.7593431344892011,-0.7593596827558466,99,7.511454526646539,1.5864012094940552,7.5130866959582665,1.581661045624727
3.3361935072642352,0.004985968485497733,0.7552039366749965,-0.7552203946514777,98,7.515368215148912,1.5877488005152363,7.516991487706917,1.5830344746948453
3.3403327051640668,0.004958641627422566,0.7510647387713615,-0.7510811065470879,98,7.519281903651284,1.5890963915364174,7.520896279454538,1.5844079037679493
3.3444719030638983,0.004931314765576842,0.7469255408670132,-0.7469418184426733,98,7.523195592153657,1.5904439825575984,7.524801071200933,1.5857813328446182
3.34861110096373,0.00490398789993174,0.7427863429626554,-0.7428025303382335,98,7.527109280656029,1.5917915735787795,7.52870586294609,1.5871547619248798
3.3527502988635614,0.004876661030462803,0.7386471450582938,-0.7386632422337686,98,7.531022969158402,1.5931391645999606,7.532610654690003,1.5885281910087568
3.356889496763393,0.004849334157145338,0.7345079471539283,-0.7345239541292782,98,7.534936657660774,1.5944867556211417,7.536515446432662,1.5899016200962726
3.3610286946632244,0.004822007279954371,0.7303687492495589,-0.7303846660247622,98,7.538850346163146,1.5958343466423228,7.54042023817406,1.5912750491874508
3.365167892563056,0.0047946803988646435,0.7262295513451859,-0.7262453779202205,98,7.5427640346655185,1.597181937663504,7.544325029914188,1.5926484782823154
3.3693070904628875,0.004767353513850607,0.7220903534408086,-0.7221060898156528,98,7.546677723167891,1.598529528684685,7.54822982165304,1.5940219073808906
3.373446288362719,0.004740026624886415,0.7179511555364277,-0.7179668017110591,98,7.550591411670263,1.599877119705866,7.552134613390605,1.5953953364832005
3.3775854862625505,0.0047126997319459265,0.713811957632043,-0.7138275136064391,98,7.554505100172635,1.6012247107270472,7.556039405126875,1.5967687655892704
3.381724684162382,0.004685372835002689,0.7096727597276543,-0.7096882255017928,98,7.558418788675008,1.6025723017482283,7.559944196861843,1.5981421946991248
3.3858638820622136,0.004658045934029944,0.7055335618232618,-0.7055489373971198,98,7.56233247717738,1.6039198927694094,7.563848988595499,1.5995156238127892
3.390003079962045,0.0046307190290006146,0.7013943639188653,-0.70140964929242,98,7.566246165679752,1.6052674837905905,7.567753780327833,1.600889052930289
3.3941422778618766,0.0046033921198873045,0.6972551660144651,-0.6972703611876933,98,7.570159854182125,1.6066150748117716,7.57165857205884,1.6022624820516507
3.398281475761708,0.0045760652066622895,0.6931159681100612,-0.6931310730829394,98,7.574073542684498,1.6079626658329527,7.575563363788506,1.6036359111768996
3.4024206736615397,0.004548738289297511,0.6889767702056531,-0.6889917849781583,98,7.57798723118687,1.6093102568541338,7.579468155516825,1.605009340306063
3.406559871561371,0.00452141136776457,0.6848375723012413,-0.6848524968733496,98,7.581900919689242,1.6106578478753149,7.583372947243787,1.6063827694391675
3.4106990694612027,0.004494084442034723,0.6806983743968257,-0.6807132087685132,98,7.585814608191615,1.612005438896496,7.587277738969383,1.60775619857624
3.4148382673610342,0.004466757512078878,0.6765591764924059,-0.6765739206636489,98,7.589728296693988,1.613353029917677,7.591182530693603,1.6091296277173086
3.4189774652608658,0.004439430660899548,0.6724199786775787,-0.6724346325593046,97,7.59364198519636,1.6147006209388581,7.59508732244347,1.6105030567838925
3.4231166631606973,0.004412103805545457,0.66828078077327,-0.6682953444549328,97,7.597555673698732,1.6160482119600392,7.598992114191977,1.6118764858544234
3.427255861060529,0.004384776945392852,0.6641415828683239,-0.6641560563505293,97,7.6014693622011045,1.6173958029812203,7.602896905938922,1.6132499149294917
3.4313950589603603,0.004357450080403586,0.660002384963369,-0.6600167682460939,97,7.605383050703477,1.6187433940024014,7.6068016976842925,1.614623344009133
3.435534256860192,0.00433012321054323,0.6558631870584097,-0.6558774801416263,97,7.609296739205849,1.6200909850235825,7.610706489428077,1.6159967730933802
3.4396734547600234,0.004302796335776954,0.6517239891534463,-0.6517381920371264,97,7.613210427708221,1.6214385760447636,7.614611281170265,1.6173702021822658
3.443812652659855,0.004275469456069478,0.6475847912484786,-0.6475989039325938,97,7.617124116210594,1.6227861670659447,7.618516072910844,1.6187436312758234
3.4479518505596864,0.004248142571385069,0.6434455933435067,-0.6434596158280284,97,7.621037804712966,1.6241337580871258,7.622420864649802,1.6201170603740869
3.452091048459518,0.004220815681687534,0.6393063954385303,-0.6393203277234298,97,7.624951493215338,1.6254813491083069,7.626325656387129,1.6214904894770903
3.4562302463593495,0.004193488786940205,0.6351671975335498,-0.6351810396187979,97,7.62886518171771,1.626828940129488,7.630230448122811,1.6228639185848686
3.460369444259181,0.004166161887105938,0.6310279996285648,-0.6310417515141324,97,7.632778870220083,1.628176531150669,7.634135239856837,1.6242373476974565
3.4645086421590126,0.004138834982147095,0.6268888017235756,-0.6269024634094331,97,7.636692558722456,1.6295241221718502,7.638040031589196,1.6256107768148897
3.468647840058844,0.00411150807202554,0.6227496038185821,-0.6227631753046997,97,7.640606247224828,1.6308717131930313,7.641944823319873,1.6269842059372046
3.4727870379586756,0.004084181156702628,0.6186104059135843,-0.618623887199932,97,7.6445199357272005,1.6322193042142124,7.645849615048856,1.6283576350644373
3.476926235858507,0.0040568542361391945,0.6144712080085821,-0.6144845990951296,97,7.648433624229573,1.6335668952353934,7.649754406776134,1.629731064196625
3.4810654337583387,0.004029527310295545,0.6103320101035757,-0.6103453109902924,97,7.652347312731946,1.6349144862565745,7.6536591985016935,1.6311044933338052
3.48520463165817,0.004002200379131442,0.606192812198565,-0.6062060228854201,97,7.656261001234318,1.6362620772777556,7.65756399022552,1.6324779224760162
3.4893438295580017,0.0039748734426061005,0.60205361429355,-0.6020667347805124,97,7.6601746897366905,1.6376096682989367,7.6614687819476,1.6338513516232962
3.4934830274578332,0.003947546500678162,0.5979144163885306,-0.5979274466755691,97,7.664088378239063,1.6389572593201178,7.665373573667922,1.6352247807756846
3.4976222253576648,0.003920219553305704,0.593775218483507,-0.5937881585705898,97,7.668002066741435,1.640304850341299,7.669278365386472,1.6365982099332206
3.5017614232574963,0.0038928926004462125,0.589636020578479,-0.5896488704655742,97,7.671915755243807,1.64165244136248,7.673183157103234,1.637971639095945
3.505900621157328,0.0038655656420565716,0.5854968226734467,-0.5855095823605222,97,7.67582944374618,1.643000032383661,7.677087948818197,1.6393450682638981
3.5100398190571593,0.0038382386780930547,0.5813576247684101,-0.5813702942554334,97,7.679743132248552,1.644347623404842,7.6809927405313445,1.6407184974371212
3.514179016956991,0.003810911708511311,0.5772184268633691,-0.5772310061503075,97,7.683656820750924,1.645695214426023,7.684897532242664,1.6420919266156566
3.5183182148568224,0.003783584733266348,0.573079228958324,-0.5730917180451442,97,7.687570509253296,1.6470428054472042,7.688802323952138,1.643465355799547
3.522457412756654,0.0037562577523125237,0.5689400310532743,-0.5689524299399432,97,7.691484197755669,1.6483903964683853,7.692707115659754,1.6448387849888348
3.5265966106564854,0.003728930765603527,0.5648008331482203,-0.5648131418347042,97,7.695397886258041,1.6497379874895663,7.696611907365497,1.6462122141835644
3.530735808556317,0.003701603773092365,0.560661635243162,-0.5606738537294269,97,7.699311574760414,1.6510855785107474,7.700516699069351,1.64758564338378
3.5348750064561485,0.00367427677473135,0.5565224373380994,-0.556534565624111,97,7.7032252632627864,1.6524331695319285,7.7044214907713,1.648959072589527
3.53901420435598,0.003646949770472081,0.5523832394330322,-0.5523952775187561,97,7.707138951765159,1.6537807605531096,7.7083262824713294,1.6503325018008506
3.5431534022558115,0.0036196227602654264,0.548244041527961,-0.548255989413362,97,7.711052640267531,1.6551283515742907,7.712231074169422,1.6517059310177977
3.547292600155643,0.003592295744061513,0.5441048436228854,-0.5441167013079282,97,7.714966328769903,1.6564759425954718,7.716135865865562,1.6530793602404152
3.5514317980554746,0.003564968721809706,0.5399656457178054,-0.5399774132024546,97,7.7188800172722765,1.657823533616653,7.720040657559734,1.6544527894687513
3.555570995955306,0.0035376416934585872,0.535826447812721,-0.5358381250969407,97,7.722793705774649,1.659171124637834,7.723945449251919,1.6558262187028543
3.5597101938551376,0.003510314658955944,0.5316872499076323,-0.5316988369913862,97,7.726707394277021,1.660518715659015,7.727850240942101,1.6571996479427737
3.563849391754969,0.0034829876182487485,0.5275480520025393,-0.5275595488857907,97,7.730621082779393,1.6618663066801962,7.7317550326302635,1.6585730771885596
3.5679885896548007,0.003455660571283136,0.5234088540974416,-0.5234202607801539,97,7.734534771281766,1.6632138977013773,7.7356598243163885,1.659946506440263
3.5721277875546322,0.0034283335180043868,0.51926965619234,-0.5192809726744755,97,7.738448459784138,1.6645614887225584,7.739564616000458,1.6613199356979353
3.5762669854544638,0.0034010064583569065,0.5151304582872337,-0.515141684568755,97,7.74236214828651,1.6659090797437395,7.743469407682454,1.6626933649616298
3.5804061833542953,0.0033736793922842017,0.5109912603821233,-0.5110023964629921,97,7.746275836788882,1.6672566707649206,7.747374199362358,1.6640667942313991
3.584545381254127,0.0033463523197288644,0.5068520624770083,-0.5068631083571863,97,7.750189525291255,1.6686042617861017,7.751278991040152,1.665440223507298
3.5886845791539583,0.003319025240632543,0.5027128645718889,-0.5027238202513373,97,7.754103213793627,1.6699518528072828,7.755183782715816,1.6668136527893818
3.59282377705379,0.003291698154935923,0.49857366666676534,-0.49858453214544485,97,7.758016902295999,1.6712994438284638,7.759088574389332,1.6681870820777058
3.5969629749536214,0.0032643710625787003,0.49443446876163727,-0.4944452440395084,97,7.7619305907983716,1.672647034849645,7.7629933660606785,1.669560511372328
3.601102172853453,0.003237043963499559,0.4902952708565048,-0.49030595593352755,97,7.765844279300745,1.673994625870826,7.7668981577298375,1.6709339406733055
3.6052413707532844,0.0032097168576361444,0.486156072951368,-0.4861666678275019,97,7.769757967803117,1.6753422168920071,7.770802949396788,1.6723073699806978
3.609380568653116,0.0031823897449250356,0.48201687504622676,-0.48202737972143106,97,7.773671656305489,1.6766898079131882,7.7747077410615075,1.6736807992945648
3.6135197665529475,0.0031550626253017203,0.47787767714108115,-0.4778880916153146,97,7.777585344807862,1.6780373989343693,7.778612532723978,1.6750542286149674
3.617658964452779,0.003127735498700565,0.4737384792359311,-0.47374880350915205,97,7.781499033310235,1.6793849899555504,7.782517324384177,1.6764276579419677
3.6217981623526105,0.003100408365054786,0.4695992813307767,-0.469609515402943,97,7.785412721812607,1.6807325809767315,7.786422116042082,1.6778010872756286
3.625937360252442,0.0030730812242964175,0.46546008342561795,-0.46547022729668697,97,7.789326410314979,1.6820801719979126,7.79032690769767,1.6791745166160148
3.6300765581522736,0.003045754076356282,0.46132088552045464,-0.46133093919038354,97,7.793240098817352,1.6834277630190937,7.794231699350921,1.6805479459631913
3.634215756052105,0.0030184269211639566,0.4571816876152871,-0.45719165108403226,97,7.797153787319724,1.6847753540402748,7.798136491001811,1.681921375317225
3.6383549539519366,0.00299109975864774,0.4530424897101151,-0.45305236297763263,97,7.801067475822096,1.6861229450614559,7.8020412826503165,1.6832948046781837
3.642494151851768,0.0029637725887346183,0.4489032918049387,-0.44891307487118415,97,7.804981164324468,1.687470536082637,7.805946074296413,1.6846682340461363
3.6466333497515997,0.0029364454113502245,0.44476409389975785,-0.4447737867646863,97,7.808894852826841,1.688818127103818,7.809850865940078,1.686041663421153
3.650772547651431,0.0029091182264188065,0.4406248959945726,-0.4406344986581387,97,7.812808541329213,1.6901657181249992,7.813755657581286,1.6874150928033056
3.6549117455512627,0.002881791033863182,0.4364856980893829,-0.4364952105515407,97,7.816722229831585,1.6915133091461803,7.8176604492200115,1.688788522192667
3.6590509434510943,0.002854463833604704,0.43234650018418885,-0.4323559224448919,97,7.8206359183339575,1.6928609001673613,7.821565240856229,1.6901619515893116
3.663190141350926,0.0028271366255632154,0.4282073022789903,-0.4282166343381917,97,7.82454960683633,1.6942084911885424,7.825470032489912,1.6915353809933151
3.6673293392507573,0.0027998094096570044,0.4240681043737874,-0.42407734623143956,97,7.828463295338702,1.6955560822097235,7.829374824121036,1.6929088104047552
3.671468537150589,0.00277248218580276,0.4199289064685801,-0.41993805812463497,97,7.832376983841075,1.6969036732309046,7.833279615749572,1.6942822398237098
3.6756077350504204,0.002745154953915527,0.41578970856336817,-0.4157987700177773,97,7.836290672343448,1.6982512642520857,7.837184407375493,1.69565566925026
3.679746932950252,0.002717827713908649,0.411650510658152,-0.4116594819108661,97,7.84020436084582,1.6995988552732668,7.84108919899877,1.6970290986844876
3.6838861308500834,0.0026905004656937294,0.40751131275293134,-0.40752019380390064,97,7.844118049348192,1.700946446294448,7.844993990619374,1.6984025281264759
3.688025328749915,0.0026631732091805687,0.4033721148477062,-0.40338090569688045,97,7.848031737850565,1.702294037315629,7.848898782237278,1.6997759575763103
3.6921645266497465,0.0026358459442771117,0.3992329169424767,-0.39924161758980486,97,7.851945426352938,1.70364162833681,7.852803573852449,1.701149387034078
3.696303724549578,0.0026085186708893916,0.3950937190372427,-0.39510232948267326,97,7.85585911485531,1.7049892193579912,7.856708365464859,1.7025228164998676
3.7004429224494095,0.002581191388921466,0.39095452113200424,-0.390963041375485,97,7.859772803357682,1.706336810379172,7.860613157074474,1.7038962459737699
3.704582120349241,0.002553864098275359,0.3868153232267614,-0.3868237532682394,97,7.863686491860054,1.7076844014003532,7.864517948681264,1.7052696754558776
3.7087213182490726,0.002526536798850992,0.38267612532151396,-0.3826844651609359,97,7.867600180362427,1.7090319924215343,7.8684227402851965,1.7066431049462853
3.712860516148904,0.0024992094905461172,0.37853692741626216,-0.37854517705357377,97,7.871513868864799,1.7103795834427153,7.872327531886238,1.70801653444509
3.7169997140487356,0.0024718821732562465,0.37439772951100586,-0.3744058889461523,97,7.875427557367171,1.7117271744638964,7.876232323484354,1.7093899639523897
3.721138911948567,0.002444554846874575,0.3702585316057452,-0.3702666008386708,97,7.8793412458695435,1.7130747654850775,7.88013711507951,1.7107633934682862
3.7252781098483987,0.00241722751129191,0.36611933370048,-0.3661273127311286,97,7.883254934371916,1.7144223565062586,7.88404190667167,1.7121368229928824
3.72941730774823,0.00238990016639658,0.36198013579521027,-0.36198802462352486,97,7.887168622874288,1.7157699475274397,7.887946698260799,1.7135102525262838
3.7335565056480617,0.002362572812074356,0.3578409378899362,-0.3578487365158589,97,7.89108231137666,1.7171175385486208,7.891851489846858,1.7148836820685986
3.7376957035478933,0.0023352454482083625,0.35370173998465754,-0.35370944840812996,97,7.8949959998790336,1.718465129569802,7.8957562814298115,1.7162571116199372
3.741834901447725,0.002307918074678984,0.3495625420793745,-0.3495701603003372,97,7.898909688381406,1.719812720590983,7.899661073009617,1.7176305411804127
3.7459740993475563,0.0022805906913637643,0.34542334417408693,-0.34543087219247987,97,7.902823376883778,1.721160311612164,7.903565864586238,1.7190039707501408
3.750113297247388,0.002253263298137311,0.3412841462687949,-0.34129158408455706,97,7.90673706538615,1.7225079026333452,7.907470656159631,1.7203774003292402
3.7542524951472194,0.002225935894871182,0.33714494836349834,-0.337152295976568,97,7.910650753888524,1.7238554936545263,7.911375447729757,1.7217508299178323
3.758391693047051,0.0021986084814337786,0.33300575045819736,-0.3330130078685118,97,7.914564442390896,1.7252030846757074,7.91528023929657,1.7231242595160414
3.7625308909468824,0.002171281057690223,0.3288665525528919,-0.32887371976038754,97,7.918478130893268,1.7265506756968885,7.919185030860028,1.7244976891239954
3.766670088846714,0.002143953623502238,0.3247273546475819,-0.32473443165219434,97,7.92239181939564,1.7278982667180696,7.923089822420086,1.7258711187418248
3.7708092867465455,0.002116626178728015,0.3205881567422674,-0.32059514354393126,97,7.926305507898013,1.7292458577392507,7.926994613976697,1.7272445483696635
3.774948484646377,0.002089298723222079,0.3164489588369484,-0.3164558554355973,97,7.930219196400385,1.7305934487604318,7.930899405529814,1.7286179780076494
3.7790876825462085,0.002061971256835142,0.31230976093162494,-0.3123165673271915,97,7.934132884902757,1.7319410397816128,7.934804197079389,1.7299914076559233
3.78322688044604,0.002034643779413954,0.308170563026297,-0.30817727921871285,97,7.9380465734051295,1.733288630802794,7.938708988625371,1.7313648373146304
3.7873660783458716,0.0020073162908011435,0.3040313651209644,-0.30403799111016033,97,7.941960261907502,1.734636221823975,7.94261378016771,1.7327382669839193
3.791505276245703,0.0019799887908350453,0.29989216721562745,-0.2998987030015329,97,7.945873950409874,1.7359838128451561,7.946518571706352,1.7341116966639432
3.7956444741455346,0.0019526612793495269,0.29575296931028594,-0.29575941489282936,97,7.949787638912246,1.7373314038663372,7.950423363241244,1.7354851263548587
3.799783672045366,0.0019253337561737994,0.2916137714049399,-0.29162012678404864,97,7.953701327414619,1.7386789948875183,7.95432815477233,1.7368585560568275
3.8039228699451977,0.0018980062211322178,0.2874745734995893,-0.2874808386751896,97,7.957615015916991,1.7400265859086994,7.958232946299553,1.738231985770016
3.808062067845029,0.0018706786740440738,0.2833353755942342,-0.283341550566251,97,7.961528704419364,1.7413741769298805,7.962137737822855,1.7396054154945944
3.8122012657448607,0.0018433511147233719,0.2791961776888746,-0.2792022624572317,97,7.965442392921736,1.7427217679510616,7.9660425293421735,1.7409788452307389
3.8163404636446923,0.0018160235429785952,0.2750569797835105,-0.2750629743481303,97,7.969356081424109,1.7440693589722427,7.969947320857447,1.7423522749786307
3.820479661544524,0.001788695958612455,0.2709177818781418,-0.27092368623894564,97,7.973269769926481,1.7454169499934238,7.973852112368611,1.7437257047384562
3.8246188594443553,0.0017613683614216274,0.26677858397276866,-0.2667843981296763,97,7.977183458428854,1.7467645410146049,7.977756903875601,1.7450991345104079
3.828758057344187,0.0017340407511964716,0.2626393860673909,-0.26264511002032087,97,7.981097146931226,1.748112132035786,7.981661695378347,1.7464725642946834
3.8328972552440184,0.0017067131277207319,0.25850018816200865,-0.258505821910878,97,7.985010835433599,1.749459723056967,7.985566486876778,1.7478459940914879
3.83703645314385,0.0016793854907712184,0.2543609902566218,-0.25436653380134616,97,7.988924523935971,1.7508073140781482,7.989471278370823,1.749219423901032
3.8411756510436814,0.0016520578401174701,0.2502217923512304,-0.25022724569172383,97,7.992838212438343,1.7521549050993293,7.993376069860407,1.7505928537235336
3.845314848943513,0.0016247301755213924,0.24608259444583447,-0.24608795758200946,97,7.9967519009407155,1.7535024961205103,7.997280861345451,1.751966283559218
3.8494540468433445,0.0015974024967368731,0.24194339654043398,-0.24194866947220142,97,8.000665589443088,1.7548500871416914,8.001185652825876,1.753339713408318
3.853593244743176,0.0015700748035093707,0.237804198635029,-0.23780938136229804,97,8.00457927794546,1.7561976781628725,8.005090444301599,1.7547131432710739
3.8577324426430075,0.001542747095575473,0.23366500072961938,-0.23367009325229757,97,8.008492966447832,1.7575452691840536,8.008995235772533,1.756086573147735
3.861871640542839,0.0015154193726624266,0.22952580282420523,-0.2295308051421982,97,8.012406654950205,1.7588928602052347,8.01290002723859,1.7574600030385594
3.8660108384426706,0.00148809163448763,0.22538660491878648,-0.22539151703199806,97,8.016320343452577,1.7602404512264158,8.016804818699681,1.7588334329438138
3.870150036342502,0.0014607638807580927,0.22124740701336315,-0.22125222892169522,97,8.02023403195495,1.761588042247597,8.020709610155706,1.7602068628637755
3.8742892342423336,0.0014334361111698517,0.21710820910793527,-0.21711294081128768,97,8.024147720457321,1.762935633268778,8.024614401606568,1.761580292798732
3.878428432142165,0.001406108325407342,0.2129690112025028,-0.21297365270077337,97,8.028061408959694,1.764283224289959,8.028519193052164,1.7629537227489815
3.8825676300419967,0.0013787805231427223,0.20882981329706574,-0.20883436459015012,97,8.031975097462066,1.7656308153111402,8.032423984492388,1.764327152714834
3.886706827941828,0.0013514527040351426,0.2046906153916241,-0.20469507647941565,97,8.035888785964438,1.766978406332321,8.036328775927128,1.765700582696612
3.8908460258416597,0.0013241248677299557,0.2005514174861779,-0.20055578836856766,97,8.03980247446681,1.7683259973535022,8.040233567356267,1.7670740126946505
3.8949852237414913,0.0012967970138578625,0.19641221958072705,-0.19641650025760368,97,8.043716162969185,1.7696735883746832,8.044138358779692,1.7684474427092989
3.899124421641323,0.0012694691420339851,0.19227302167527163,-0.1922772121465212,97,8.047629851471557,1.7710211793958643,8.04804315019727,1.769820872740921
3.9032636195411543,0.0012421412518568609,0.18813382376981164,-0.18813792403531754,97,8.05154353997393,1.7723687704170454,8.051947941608871,1.7711943027898966
3.907402817440986,0.0012148133429073472,0.18399462586434695,-0.18399863592398993,97,8.055457228476302,1.7737163614382265,8.055852733014362,1.7725677328566216
3.9115420153408174,0.001187485414747427,0.1798554279588777,-0.1798593478125355,97,8.059370916978674,1.7750639524594076,8.059757524413598,1.7739411629415107
3.915681213240649,0.0011601574669189065,0.17571623005340387,-0.17572005970095123,97,8.063284605481046,1.7764115434805887,8.06366231580643,1.7753145930449967
3.9198204111404804,0.0011328294989419875,0.17157703214792536,-0.17158077158923393,97,8.067198293983418,1.7777591345017698,8.067567107192703,1.7766880231675333
3.923959609040312,0.0011055015103137013,0.16743783424244227,-0.16744148347738028,97,8.07111198248579,1.779106725522951,8.071471898572254,1.7780614533095962
3.9280988069401435,0.0010781735005061938,0.16329863633695452,-0.16330219536538682,97,8.075025670988163,1.780454316544132,8.075376689944907,1.7794348834716844
3.932238004839975,0.001050845468964829,0.15915943843146213,-0.15916290725324986,97,8.078939359490535,1.781801907565313,8.079281481310487,1.7808083136543225
3.9363772027398065,0.001023517415106099,0.15502024052596508,-0.15502361914096555,97,8.082853047992907,1.7831494985864942,8.083186272668799,1.782181743858062
3.940516400639638,0.00099618933831531,0.1508810426204634,-0.15088433102852986,97,8.08676673649528,1.7844970896076753,8.087091064019646,1.783555174083484
3.9446555985394696,0.0009688612379440143,0.14674184471495708,-0.14674504291593848,97,8.090680424997654,1.7858446806288564,8.090995855362817,1.784928604331202
3.948794796439301,0.0009415331133071521,0.14260264680944604,-0.1426057548031869,97,8.094594113500026,1.7871922716500375,8.094900646698086,1.7863020346018637
3.9529339943391326,0.0009142049636798608,0.13846344890393036,-0.13846646669027032,97,8.098507802002398,1.7885398626712186,8.098805438025218,1.7876754648961541
3.957073192238964,0.0008868767882939037,0.13432425099840997,-0.13432717857718368,97,8.10242149050477,1.7898874536923997,8.102710229343966,1.7890488952147998
3.9612123901387957,0.000859548586333656,0.13018505309288492,-0.1301878904639216,97,8.106335179007143,1.7912350447135807,8.106615020654061,1.790422325558572
3.965351588038627,0.0008322203569315831,0.12604585518735514,-0.12604860235047832,97,8.110248867509515,1.7925826357347618,8.110519811955223,1.791795755928291
3.9694907859384587,0.0008048920991631207,0.12190665728182068,-0.12190931423684778,97,8.114162556011888,1.793930226755943,8.11442460324715,1.7931691863248311
3.9736299838382902,0.0007775638120408612,0.11776745937628147,-0.11777002612302344,97,8.11807624451426,1.795277817777124,8.11832939452952,1.7945426167491256
3.9777691817381218,0.0007502354945079209,0.11362826147073753,-0.11363073800899832,97,8.121989933016632,1.7966254087983051,8.122234185801988,1.795916047202174
3.9819083796379533,0.0007229071454303406,0.10948906356518885,-0.10949144989476495,97,8.125903621519004,1.7979729998194862,8.126138977064185,1.7972894776850483
3.986047577537785,0.0006955787635883348,0.10534986565963539,-0.10535216178031524,97,8.129817310021377,1.7993205908406673,8.130043768315717,1.798662908198902
3.9901867754376164,0.0006682503476661629,0.10121066775407714,-0.10121287366564054,97,8.133730998523749,1.8006681818618484,8.133948559556154,1.8000363387449794
3.994325973337448,0.0006409218962403437,0.09707146984851411,-0.09707358555073144,97,8.137644687026121,1.8020157728830295,8.137853350785031,1.8014097693246258
3.9984651712372794,0.0006135934077658543,0.09293227194294626,-0.09293429743557773,97,8.141558375528493,1.8033633639042106,8.141758142001846,1.8027831999393027
4.002604369137111,0.000586264880559868,0.08879307403737352,-0.0887950093201683,97,8.145472064030866,1.8047109549253917,8.145662933206053,1.8041566305906007
4.006743567036943,0.0005589363127824525,0.08465387613179594,-0.08465572120449102,97,8.149385752533238,1.806058545946573,8.14956772439705,1.8055300612802603
4.010882764936775,0.0005316077024134886,0.08051467822621342,-0.08051643308853254,97,8.153299441035612,1.807406136967754,8.153472515574181,1.8069034920101905
4.015021962836607,0.0005042790472248309,0.07637548032062594,-0.07637714497227814,97,8.157213129537984,1.8087537279889354,8.15737730673672,1.8082769227824989
4.019161160736439,0.00047695034474642186,0.07223628241503345,-0.07223785685571152,97,8.161126818040358,1.8101013190101165,8.161282097883864,1.8096503535995203
4.023300358636271,0.0004496215922246194,0.0680970845094359,-0.06809856873881451,97,8.16504050654273,1.8114489100312978,8.165186889014715,1.8110237844638588
4.027439556536103,0.0004222927865703668,0.06395788660383318,-0.0639592806215667,97,8.168954195045103,1.8127965010524791,8.169091680128266,1.8123972153784353
4.031578754435935,0.00039496392429390733,0.05981868869822527,-0.05981999250394505,97,8.172867883547475,1.8141440920736602,8.172996471223385,1.8137706463465488
4.035717952335767,0.0003676350014213724,0.055679490792612,-0.055680704385923326,97,8.176781572049848,1.8154916830948415,8.176901262298774,1.8151440773719572
4.039857150235599,0.0003403060133864797,0.05154029288699325,-0.05154141626747138,97,8.180695260552222,1.8168392741160229,8.180806053352951,1.8165175084589777
4.043996348135431,0.0003129769548873065,0.04740109498136883,-0.0474021281485542,97,8.184608949054594,1.818186865137204,8.184710844384185,1.8178909396126235
4.048135546035263,0.0002856478196928192,0.043261897075738506,-0.04326284002913065,97,8.188522637556968,1.8195344561583853,8.18861563539045,1.8192643708387863
4.052274743935095,0.00025831851027128226,0.039122699163884334,-0.03912355190855679,98,8.19243632605934,1.8208820471795664,8.192520426339991,1.8206378022296836
4.0564139418349265,0.00023098911699042957,0.03498350125881963,-0.034984263787429255,98,8.196350014561713,1.8222296382007477,8.196425217262231,1.822011233699872
4.0605531397347585,0.0002036596298653362,0.030844303353751403,-0.030844975665682117,98,8.200263703064085,1.823577229221929,8.200330008153918,1.8233846652587917
4.0646923376345905,0.0001763300361514338,0.026705105448675732,-0.026705687543231226,98,8.204177391566459,1.82492482024311,8.204234799010903,1.8247580969184929
4.0688315355344224,0.00014900031912348848,0.022565907543591335,-0.022566399419966156,98,8.208091080068831,1.8262724112642914,8.208139589827741,1.82613152869479
4.072970733434254,0.00012167045586327052,0.01842670963849614,-0.01842711129573558,98,8.212004768571203,1.8276200022854727,8.212044380596971,1.8275049606093523
4.077109931334086,9.434041303478912e-05,0.01428751173338658,-0.014287823170319394,98,8.215918457073577,1.8289675933066538,8.21594917130774,1.8288783926936998
4.081249129233918,6.701013768936583e-05,0.010148313828255864,-0.010148535043367985,98,8.21983214557595,1.8303151843278351,8.219853961942807,1.8302518249978963
4.08538832713375,3.967953278264079e-05,0.0060091159230893625,-0.0060092469142405845,98,8.223745834078322,1.8316627753490162,8.22375875247058,1.831625257613699
4.089527525033582,1.2348363565053993e-05,0.0018699180178485674,-0.0018699587813871526,98,8.227659522580694,1.8330103663701975,8.22766354281463,1.8329986907630684
