frequency_index,omega0_rad_s,omega_e_rad_s,wavenumber_rad_m,wavelength_m,wave_amplitude_m,heave_response_real_m_per_m,heave_response_imag_m_per_m,pitch_response_real_rad_per_m,pitch_response_imag_rad_per_m,heave_rao_m_per_m,pitch_rao_rad_per_m,pitch_rao_rad_per_wave_slope,point_vertical_rao_m_per_m,heave_phase_lead_deg,pitch_phase_lead_deg,point_phase_lead_deg,fridsma_heave_phase_lag_deg,fridsma_pitch_phase_lead_deg,cg_accel_rao_mps2_per_m,point_accel_rao_mps2_per_m,cg_accel_g,point_accel_g,dynamic_condition_number,equation_relative_residual,heave_finite_length_factor,pitch_finite_length_factor,provider_route,matrix_contract,configuration,lambda_over_l
0,5.655284970861961,16.74364272255437,3.2612816916742378,1.9265999999999999,0.01,-0.07729763939208804,-0.09794719341652108,0.012608511402560123,0.028910752966174298,0.12477410690428793,0.0315405484552765,0.009671212559098074,0.08860150986752505,-38.279677905623856,156.43709820383555,-44.52537455424542,38.279677905623856,156.43709820383555,34.98036741995357,24.839395336294395,0.035670047794051564,0.025329134144987733,5.5528222346217415,1.500096601953242e-16,0.48071431077428584,0.6708386514160075,faltinsen_ch9_reduced_order_planing_plus_matched_bie_replace_with_matched_bie,heave_pitch_2x2_v1,FnB=1.67,1.014
1,5.620244580566254,16.571620136368367,3.2209928105300336,1.9506983333333334,0.01,-0.07925439017959304,-0.0978286258809959,0.007386895504140681,0.0299669313832693,0.12590352816542924,0.03086394663225467,0.009582122174055963,0.093638777754423,-39.01214152317749,166.1525658789243,-48.719008614243904,39.01214152317749,166.1525658789243,34.57544987739025,25.714949485562734,0.035257146810980564,0.026221950906336756,5.56360469723163,0.0,0.4911012595114308,0.6778660321567264,faltinsen_ch9_reduced_order_planing_plus_matched_bie_replace_with_matched_bie,heave_pitch_2x2_v1,FnB=1.67,1.0266833333333334
2,5.585847557002136,16.403584089072403,3.181687215314785,1.9747966666666668,0.01,-0.08123177842453086,-0.09768462877002757,0.0020590973356306858,0.031058633521494787,0.12704679659066645,0.03112681477536886,0.009783115896981496,0.09920148447280117,-39.74595370968862,176.2070065932786,-52.55017570805066,39.74595370968862,176.2070065932786,34.18544342578928,26.692894478288622,0.03485945090911706,0.027219177270819926,5.574664648105041,1.3983720821072303e-16,0.5012130374920667,0.6846846018925166,faltinsen_ch9_reduced_order_planing_plus_matched_bie_replace_with_matched_bie,heave_pitch_2x2_v1,FnB=1.67,1.0393666666666668
3,5.552074450332887,16.23939421670911,3.1433293430518296,1.9988949999999999,0.01,-0.08323046355401564,-0.09751497396407402,-0.0033758443754479043,0.03218536450436446,0.1282048369236916,0.032361922277980446,0.010295428428304797,0.10524633726037545,-40.48124392929773,-174.0122791666856,-56.03743750077399,40.48124392929773,-174.0122791666856,33.80991350766989,27.755345626236508,0.03447651696315244,0.028302575931879393,5.586004510561522,1.4215049553901e-16,0.5110574365906801,0.6913018355675419,faltinsen_ch9_reduced_order_planing_plus_matched_bie_replace_with_matched_bie,heave_pitch_2x2_v1,FnB=1.67,1.05205
4,5.518906624083483,16.07891673010324,3.105885325299929,2.022993333333333,0.01,-0.08525111046690799,-0.09731942417519295,-0.00891893136053456,0.033346649382558116,0.12937860007602525,0.03451878273718803,0.011113991381460494,0.11173406918417376,-41.21812491169925,-165.02609574034108,-59.20550878140716,41.21812491169925,-165.02609574034108,33.44845172404121,28.886783570400297,0.03410792852201436,0.02945632154752163,5.597626780387545,1.7581019781816326e-17,0.520642115093778,0.69772492524215,faltinsen_ch9_reduced_order_planing_plus_matched_bie_replace_with_matched_bie,heave_pitch_2x2_v1,FnB=1.67,1.0647333333333333
5,5.486326211925033,15.92202403252935,3.0693228884130344,2.0470916666666668,0.01,-0.08729439040231476,-0.09709773315977012,-0.014571206018210922,0.03454203154837267,0.13056906364249407,0.037489625075664855,0.012214298214499202,0.118629996560803,-41.95669301698905,-157.12804363361667,-62.08187817371356,41.95669301698905,-157.12804363361667,33.10067421532761,30.073991179688665,0.033753294157870026,0.030666936394883743,5.609534033228354,1.4265643306096755e-16,0.5299745848427916,0.7039607885749407,faltinsen_ch9_reduced_order_planing_plus_matched_bie_replace_with_matched_bie,heave_pitch_2x2_v1,FnB=1.67,1.0774166666666667
6,5.45431607723286,15.768594363826843,3.033611260762936,2.07119,0.01,-0.08936098178636492,-0.09684964590075364,-0.020333751708835335,0.03577107123762483,0.13177723239211092,0.041146457879674095,0.013563523583877385,0.12590406142007685,-42.69702856613509,-150.38431462712092,-64.69448484925142,42.69702856613509,-150.38431462712092,32.76622015709495,31.30586460404079,0.033412245932193926,0.03192309769803225,5.621728931275636,1.427139892576138e-16,0.5390622010539686,0.71001607751362,faltinsen_ch9_reduced_order_planing_plus_matched_bie_replace_with_matched_bie,heave_pitch_2x2_v1,FnB=1.67,1.0901
7,5.422859775210269,15.618511468848578,2.998721086364209,2.0952883333333334,0.01,-0.0914515710607308,-0.0965748987625241,-0.026207693130312355,0.03703334411020477,0.13300413873435546,0.04536862082097559,0.015129323306284097,0.1335305713407332,-43.4391961427435,-144.7137866874355,-67.07025925747402,43.4391961427435,-144.7137866874355,32.44475036100916,32.57316722576504,0.03308443796914253,0.0332153867281539,5.6342142293555115,7.385111303959082e-17,0.5479121544441086,0.7158971870993636,faltinsen_ch9_reduced_order_planing_plus_matched_bie_replace_with_matched_bie,heave_pitch_2x2_v1,FnB=1.67,1.1027833333333334
8,5.391941517387847,15.471664288320284,2.9646243443918934,2.1193866666666663,0.01,-0.09356685349613512,-0.09627321962117502,-0.03219419677049505,0.038328439901181496,0.13425084316083163,0.05005532550044836,0.016884205108528096,0.14148778792676467,-44.183244871442014,-139.9712243583368,-69.23430093238522,44.183244871442014,-139.9712243583368,32.13594597235599,33.86827077961501,0.03276954512739416,0.03453602481950005,5.646992780507698,7.427959576685407e-17,0.5565314653384918,0.721610264305957,faltinsen_ch9_reduced_order_planing_plus_matched_bie_replace_with_matched_bie,heave_pitch_2x2_v1,FnB=1.67,1.1154666666666666
9,5.361546138324173,15.327946670359896,2.931294274128154,2.143485,0.01,-0.09570753399388308,-0.09594432797266528,-0.03829447143244173,0.03965596113499196,0.13551843466228736,0.05512768629128279,0.018806602522934774,0.1497574614821188,-44.929208677884276,-136.0006318148362,-71.20949153760047,44.929208677884276,-136.0006318148362,31.83950725626128,35.18490892712552,0.03246726176243802,0.03587862208514174,5.66006754113548,4.0509320963066504e-17,0.564926979478888,0.7271612168490507,faltinsen_ch9_reduced_order_planing_plus_matched_bie_replace_with_matched_bie,heave_pitch_2x2_v1,FnB=1.67,1.12815
10,5.331659064348433,15.187257101060865,2.8987053049154214,2.1675833333333334,0.01,-0.0978743278782748,-0.09558793502103444,-0.044509768829377926,0.041015521895806956,0.13680803112101841,0.06052596597849622,0.02088034470970903,0.15832436927527324,-45.677106535081265,-132.66040764402288,-73.01638638705467,45.677106535081265,-132.66040764402288,31.555152465484788,36.51795563861026,0.032177300572045285,0.037237951429499636,5.673441575796084,3.642836834861014e-17,0.5731053652858012,0.7325557219128012,faltinsen_ch9_reduced_order_planing_plus_matched_bie_replace_with_matched_bie,heave_pitch_2x2_v1,FnB=1.67,1.1408333333333334
11,5.302266284198574,15.049498452682862,2.866832990730673,2.1916816666666668,0.01,-0.10006796168259595,-0.09520374374863545,-0.050841384246782174,0.04240674664767013,0.1381207796787483,0.06620557766056144,0.023093629058485037,0.16717588763709487,-46.42694270048983,-129.83145078469806,-74.67327240324704,46.42694270048983,-129.83145078469806,31.282616783324617,37.8632327483743,0.03189939151833156,0.03860975230927412,5.6871180616925745,0.0,0.581073112360833,0.7377992347513043,faltinsen_ch9_reduced_order_planing_plus_matched_bie_replace_with_matched_bie,heave_pitch_2x2_v1,FnB=1.67,1.1535166666666667
12,5.273354321420639,14.914577748119406,2.8356539490290493,2.2157799999999996,0.01,-0.10228917393124139,-0.09479144897013354,-0.05729065726951063,0.04382926909845309,0.13945785708017022,0.07213337812744629,0.025438004574622138,0.17630161113663428,-47.178706948022324,-127.41719754959672,-76.19631705790232,47.178706948022324,-127.41719754959672,31.021651335771878,39.21734655273988,0.03163328082043499,0.03999056410980293,5.701100292921035,3.680217361378885e-17,0.5888365310427499,0.7428969971307765,faltinsen_ch9_reduced_order_planing_plus_matched_bie_replace_with_matched_bie,heave_pitch_2x2_v1,FnB=1.67,1.1662
13,5.244910208405784,14.782405940425722,2.8051458035352757,2.239878333333333,0.01,-0.1045387159204028,-0.0943507373718396,-0.06385897257232216,0.04528273110206656,0.14082046999245715,0.07828469910560211,0.027907533008423763,0.18569302215748473,-47.932374798885576,-125.34065271565017,-77.59975990312475,47.932374798885576,-125.34065271565017,30.772022267601162,40.57755106963034,0.03137873001239074,0.04137758670864193,5.7153916845204655,7.62371401052172e-17,0.5964017528550732,0.7478540455856993,faltinsen_ch9_reduced_order_planing_plus_matched_bie_replace_with_matched_bie,heave_pitch_2x2_v1,FnB=1.67,1.1788833333333333
14,5.216921461951359,14.652897706293068,2.7752871306887377,2.2639766666666667,0.01,-0.10681735249964416,-0.09388128753779126,-0.07054776077256925,0.04676678159371998,0.1422098553011945,0.08464111536752317,0.030498147176042986,0.19534320885838047,-48.68790775490436,-123.54077648340221,-78.89611709607021,48.68790775490436,-123.54077648340221,30.533509877578787,41.94163466774301,0.03113551506128881,0.042768564869494693,5.729995776367253,3.7153096211313504e-17,0.6037747317041732,0.7526752194682408,faltinsen_ch9_reduced_order_planing_plus_matched_bie_replace_with_matched_bie,heave_pitch_2x2_v1,FnB=1.67,1.1915666666666667
15,5.189376060241433,14.525971252449114,2.7460574094728476,2.288075,0.01,-0.10912586285659494,-0.0933827699638575,-0.07735849934417868,0.04828107555333356,0.14362728038335576,0.09118881333458616,0.033207176594349276,0.20524662696435228,-49.44525353773474,-121.96915899167495,-80.09638179630053,49.44525353773474,-121.96915899167495,30.305907808421352,43.307826606260335,0.030903425541261645,0.04416169293924056,5.744916236951407,1.8660115369500662e-17,0.6109612457053594,0.7573651687754078,faltinsen_ch9_reduced_order_planing_plus_matched_bie_replace_with_matched_bie,heave_pitch_2x2_v1,FnB=1.67,1.20425
16,5.162262421150358,14.401548134048436,2.717436974381788,2.3121733333333334,0.01,-0.11146504130691272,-0.0928548470610256,-0.08429271359237712,0.04982527299247657,0.14507404335813562,0.09791741108475721,0.03603300168793547,0.21539889991983122,-50.20434633711798,-120.5872580266656,-81.21021129857328,50.20434633711798,-120.5872580266656,30.089022287547454,44.67472023511054,0.030682263859266375,0.04555553653399535,5.7601568670676775,7.727102555389468e-17,0.6179668995306261,0.7619283617427012,faltinsen_ch9_reduced_order_planing_plus_matched_bie_replace_with_matched_bie,heave_pitch_2x2_v1,FnB=1.67,1.2169333333333334
17,5.135569381780428,14.279553084194001,2.68940697129811,2.3362716666666663,0.01,-0.11383569809159964,-0.09229717314892631,-0.09135197768891487,0.05139903796044725,0.1465514733166634,0.10481910575336682,0.03897480257618773,0.22579665190271514,-50.96510707106853,-119.36420923580349,-82.24609669969718,50.96510707106853,-119.36420923580349,29.882671415037976,46.04120997709098,0.030471844529006316,0.04694896827876082,5.775721603451016,1.5055347442407237e-16,0.6247971271858436,0.7663690921966436,faltinsen_ch9_reduced_order_planing_plus_matched_bie_replace_with_matched_bie,heave_pitch_2x2_v1,FnB=1.67,1.2296166666666666
18,5.109286179151524,14.15991385380024,2.6619493160731524,2.3603699999999996,0.01,-0.11623866018370187,-0.09170939444056513,-0.09853791576781476,0.05300203756531241,0.14806093053184988,0.11188805490283467,0.04203237613400145,0.2364373686042321,-51.72744366062588,-118.27512808626213,-83.21151383543928,51.72744366062588,-118.27512808626213,29.686684495560034,47.40643962928749,0.03027199348968306,0.048341115089543814,5.791614522382927,8.450007948079288e-17,0.6314571951375424,0.7706914866615674,faltinsen_ch9_reduced_order_planing_plus_matched_bie_replace_with_matched_bie,heave_pitch_2x2_v1,FnB=1.67,1.2423
19,5.08340243196688,14.042561061071728,2.6350466556190733,2.3844683333333334,0.01,-0.1186747721063784,-0.091091149019152,-0.10585220308193027,0.05463394100590379,0.14960380664986506,0.11911992447586081,0.0452060020348577,0.24731928126759686,-52.491251321526335,-117.29980552562482,-84.11305588590251,52.491251321526335,-117.29980552562482,29.50090141131831,48.76975992241612,0.030082547466584727,0.049731314895928906,5.8078398432925695,1.5755882715633157e-16,0.6379522057202187,0.774899511218528,faltinsen_ch9_reduced_order_planing_plus_matched_bie_replace_with_matched_bie,heave_pitch_2x2_v1,FnB=1.67,1.2549833333333333
20,5.057908123384797,13.927428049929185,2.608682331336585,2.4085666666666663,0.01,-0.1210145871315199,-0.09038998131301426,-0.11307134919970402,0.05641815618437961,0.1510459500297154,0.12636509944239532,0.048440202137471786,0.2580239643504926,-53.242674194891464,-116.51739200872922,-84.9931636771873,53.242674194891464,-116.51739200872922,29.29887414167644,50.04974748117537,0.02987653698426725,0.05103653896200576,5.825199335141214,0.0,0.6442871007645302,0.7789969781162789,faltinsen_ch9_reduced_order_planing_plus_matched_bie_replace_with_matched_bie,heave_pitch_2x2_v1,FnB=1.67,1.2676666666666665
21,5.032793584731381,13.814450756767233,2.582840344716427,2.4326649999999996,0.01,-0.1228155260225298,-0.08942935842679753,-0.11943945993797372,0.05877389178335698,0.15192519073813704,0.13311707232972256,0.05153902470279774,0.26715817327794267,-53.93938898770864,-116.200923546349,-85.98100465656111,53.93938898770864,-116.200923546349,28.99325902765079,50.984211910928465,0.029564896297564196,0.05198942749147616,5.846363036550068,1.5440152731919537e-16,0.6504666653949734,0.7829875521359191,faltinsen_ch9_reduced_order_planing_plus_matched_bie_replace_with_matched_bie,heave_pitch_2x2_v1,FnB=1.67,1.2803499999999999
22,5.008049480094152,13.703567584976291,2.5575053249653354,2.456763333333333,0.01,-0.12462902231340033,-0.08842948028187458,-0.12591641167311404,0.06117697803225785,0.152814155711166,0.13999130462208176,0.05473744404578286,0.2765046388222622,-54.64271245570107,-115.91297939639857,-86.92479127534062,54.64271245570107,-115.91297939639857,28.69662869351434,51.924188013800375,0.0292624175365842,0.052947936363386454,5.867935869627033,8.823592324366868e-17,0.6564955319528333,0.7868747567121963,faltinsen_ch9_reduced_order_planing_plus_matched_bie_replace_with_matched_bie,heave_pitch_2x2_v1,FnB=1.67,1.2930333333333333
23,4.983666791740764,13.594719286704784,2.5326624985188295,2.4808616666666663,0.01,-0.12645568738452648,-0.08738952523892275,-0.13250433948102006,0.06362737681314708,0.15371392257494898,0.14698926172147275,0.05803744549754897,0.2860640845677475,-55.352875839666964,-115.64989433529122,-87.82717561164831,55.352875839666964,-115.64989433529122,28.40885264491354,52.86933212913568,0.028968967634119238,0.05391171514139455,5.8899271846017465,3.871203198769621e-17,0.6623781840064695,0.7906619798155474,faltinsen_ch9_reduced_order_planing_plus_matched_bie_replace_with_matched_bie,heave_pitch_2x2_v1,FnB=1.67,1.3057166666666666
24,4.959636806311129,13.487848851377954,2.508297660313772,2.50496,0.01,-0.12829614179435775,-0.08630864713959244,-0.13920544246398223,0.0661250753839527,0.15462562067906024,0.15411255888514244,0.06144109661445203,0.29583753759299725,-56.070100022353984,-115.4085543709995,-88.6906205832011,56.070100022353984,-115.4085543709995,28.12981246905898,53.81937622790195,0.02868442584272813,0.054880490511950514,5.912346471749916,8.021605522144566e-17,0.6681189604164869,0.79435247959984,faltinsen_ch9_reduced_order_planing_plus_matched_bie_replace_with_matched_bie,heave_pitch_2x2_v1,FnB=1.67,1.3184
25,4.935951101734914,13.382901400526201,2.4843971467033197,2.5290583333333334,0.01,-0.1301510162455157,-0.08518597465495571,-0.14602198599275024,0.06867008562366597,0.1555504333251928,0.16136294820319985,0.06495054481016492,0.30582631335101446,-56.79459509393149,-115.18629890994431,-89.51741318609758,56.79459509393149,-115.18629890994431,27.85940147078517,54.77411963336617,0.028408683363620783,0.05585405784173614,5.9352033793340775,7.820953896136686e-17,0.6737220594281084,0.797949389821448,faltinsen_ch9_reduced_order_planing_plus_matched_bie_replace_with_matched_bie,heave_pitch_2x2_v1,FnB=1.67,1.3310833333333334
26,4.9126015348298075,13.279824088509342,2.4609478099057456,2.5531566666666663,0.01,-0.13202095255850768,-0.08402061058477174,-0.15295630406819524,0.07126244333290982,0.15648960002982176,0.16874230881429347,0.06856801600386492,0.316032002430617,-57.526559865948656,-114.98084280237819,-90.30967717752488,57.526559865948656,-114.98084280237819,27.59752433059417,55.7334217396126,0.028141642997959723,0.0568322737526195,5.958507731111933,0.0,0.6791915427672442,0.8014557250358315,faltinsen_ch9_reduced_order_planing_plus_matched_bie_replace_with_matched_bie,heave_pitch_2x2_v1,FnB=1.67,1.3437666666666666
27,4.8895802295390824,13.178566008754022,2.437936993886747,2.5772549999999996,0.01,-0.13390660465622892,-0.08281163110746545,-0.16001080180606042,0.07390220758551867,0.15744441881895505,0.17625263964159926,0.07229581407705034,0.3264564590723686,-58.26618133544986,-114.79021374408849,-91.06938510552315,58.26618133544986,-114.79021374408849,27.344096782916896,56.69719561509472,0.027883218818777967,0.05781504959909319,5.982269543509114,1.627838454657757e-16,0.684531339720374,0.8048743855781586,faltinsen_ch9_reduced_order_planing_plus_matched_bie_replace_with_matched_bie,heave_pitch_2x2_v1,FnB=1.67,1.35645
28,4.866879565769868,13.079078105149598,2.415352511582274,2.601353333333333,0.01,-0.13580863956244163,-0.081558084980462,-0.16718795804884523,0.07658946012702944,0.15841624855260728,0.18389605411506868,0.07613632098554433,0.3371017913139133,-59.01363410120004,-114.6127016430847,-91.79836963212595,59.01363410120004,-114.6127016430847,27.099045312889615,57.66540238982099,0.027633335861777075,0.05880234574479664,6.006499042546476,7.932564578887443e-17,0.6897452511815205,0.8082081623347899,faltinsen_ch9_reduced_order_planing_plus_matched_bie_replace_with_matched_bie,heave_pitch_2x2_v1,FnB=1.67,1.3691333333333333
29,4.844492168796216,12.98131308827379,2.3931826233757567,2.6254516666666667,0.01,-0.13772773841742697,-0.08025899269027602,-0.17449032810940476,0.07932430481621093,0.1594065112761614,0.19167477647907374,0.08009199741250947,0.3479703526447123,-59.769079734304086,-114.44681738431306,-92.49833412768483,59.769079734304086,-114.44681738431306,26.86230687000698,58.63804633559317,0.027391929833334504,0.059794166545755346,6.0312066806064015,3.9840753507904274e-17,0.6948369536523447,0.8114597413126163,faltinsen_ch9_reduced_order_planing_plus_matched_bie_replace_with_matched_bie,heave_pitch_2x2_v1,FnB=1.67,1.3818166666666667
30,4.822410899193473,12.88522535614299,2.3714160167498584,2.6495499999999996,0.01,-0.13966459751403182,-0.0789133455515203,-0.18192054665139837,0.08210686710596432,0.16041669459532618,0.19959113938223835,0.08416538387717722,0.3590647350575098,-60.53266610588662,-114.29125903235526,-93.17086253672247,60.53266610588662,-114.29125903235526,26.633828597075507,59.6151705587797,0.02715894683411308,0.06079055595823213,6.056403153117729,1.789512873998816e-16,0.6998100031837797,0.814631708013338,faltinsen_ch9_reduced_order_planing_plus_matched_bie_replace_with_matched_bie,heave_pitch_2x2_v1,FnB=1.67,1.3944999999999999
31,4.800628843272787,12.790770919204213,2.3500417870386547,2.673648333333333,0.01,-0.14161992935737372,-0.07752010475377584,-0.1894813307122555,0.08493729356009402,0.16144835407096567,0.2076475825185565,0.08835910223546208,0.3703877633924156,-61.30452667493043,-114.14488396306821,-93.81742853138901,61.30452667493043,-114.14488396306821,26.413567572956964,60.596853234326986,0.026934343096732285,0.06179159369848725,6.082099415234681,1.7048961244026768e-16,0.7046678392496942,0.8177265516197961,faltinsen_ch9_reduced_order_planing_plus_matched_bie_replace_with_matched_bie,heave_pitch_2x2_v1,FnB=1.67,1.4071833333333332
32,4.779139303986631,12.697907329305512,2.3290494192114357,2.6977466666666663,0.01,-0.14359446375152665,-0.0760782003550421,-0.1971754828748936,0.08781575140260668,0.16250311562967162,0.21584665214302462,0.092675857524786,0.381942490878694,-62.084779739850845,-114.00668575323957,-94.43940397920582,62.084779739850845,-114.00668575323957,26.20149056765569,61.58320431806998,0.026718084736026767,0.06279739189026833,6.108306698581944,1.6637141062359893e-16,0.7094137885448727,0.8207466690014554,faltinsen_ch9_reduced_order_planing_plus_matched_bie_replace_with_matched_bie,heave_pitch_2x2_v1,FnB=1.67,1.4198666666666666
33,4.757935792278166,12.606593612400397,2.3084287706241855,2.721845,0.01,-0.1455889489165799,-0.07458653022027198,-0.20500589459497864,0.090742428096316,0.1635826779855803,0.2241910013258841,0.09711844011771877,0.39373219578867996,-62.8735276579081,-113.87577491295332,-95.03806675856552,62.8735276579081,-113.87577491295332,25.997573808372373,62.57436268191571,0.026510147510487657,0.06380809214351049,6.135036528134936,1.6205359444104182e-16,0.7140510687011604,0.8236943685460563,faltinsen_ch9_reduced_order_planing_plus_matched_bie_replace_with_matched_bie,heave_pitch_2x2_v1,FnB=1.67,1.43255
34,4.73701201884909,12.516790204758703,2.2881700546792976,2.7459433333333334,0.01,-0.14760415263956095,-0.0730439589032796,-0.21297554969111576,0.0937175309476374,0.1646888150686221,0.2326833908407609,0.10168972815850133,0.40576037912749097,-63.67085603712607,-113.75136274015405,-95.6146079594223,63.67085603712607,-113.75136274015405,25.801802755218528,63.570493623187886,0.026310516593554913,0.0648238630145747,6.162300739302277,1.9076884518886062e-16,0.7185827919169638,0.8265718738243594,faltinsen_ch9_reduced_order_planing_plus_matched_bie_replace_with_matched_bie,heave_pitch_2x2_v1,FnB=1.67,1.4452333333333334
35,4.716361886322236,12.428458892472179,2.2682638253382184,2.7700416666666663,0.01,-0.14964086346281535,-0.07144931647009614,-0.22108752800594816,0.0967412867345336,0.1658233784541278,0.24132669060597953,0.10639269026388302,0.4180307632910729,-64.47683290598668,-113.63274772646433,-96.17013850851575,64.47683290598668,-113.63274772646433,25.6141718853611,64.5717867053848,0.026119186353506147,0.06584489780443352,6.190111495275568,4.0827015912633616e-17,0.7230119684964531,0.8293813270947639,faltinsen_ch9_reduced_order_planing_plus_matched_bie_replace_with_matched_bie,heave_pitch_2x2_v1,FnB=1.67,1.4579166666666665
36,4.6959794817767575,12.341562754057529,2.248700962435521,2.7941399999999996,0.01,-0.15169989191356745,-0.0698013972616315,-0.22934500924678414,0.0998139413546298,0.16698829978853053,0.2501238816169959,0.11123038847552764,0.4305472916336083,-65.29150786680148,-113.51930405897262,-96.70569525890882,65.29150786680148,-113.51930405897262,25.434684484447807,65.57845389289072,0.025936160140769587,0.0668714126566062,6.218481304710445,1.6895801497375958e-16,0.7273415102958186,0.8321247926544346,faltinsen_ch9_reduced_order_planing_plus_matched_bie_replace_with_matched_bie,heave_pitch_2x2_v1,FnB=1.67,1.4706
37,4.675859069635141,12.256066105973066,2.2294726577464483,2.818238333333333,0.01,-0.15378207177853057,-0.06809895859328066,-0.23775127701502496,0.10293575949055492,0.16818559320579893,0.25907805832253045,0.11620598145590474,0.4433141288932758,-66.11491123931495,-113.41047185276828,-97.2222465830266,66.11491123931495,-113.41047185276828,25.263352444250863,66.59072794684965,0.02576145008157818,0.06790364492140503,6.247423039802034,1.8392139944445024e-16,0.7315742340747835,0.8348042600433927,faltinsen_ch9_reduced_order_planing_plus_matched_bie_replace_with_matched_bie,heave_pitch_2x2_v1,FnB=1.67,1.4832833333333333
38,4.655995084882608,12.171934450877462,2.210570401763192,2.8423366666666667,0.01,-0.15588826142760062,-0.06634071938889011,-0.24630972303436363,0.1061070242895744,0.1694173577292345,0.2681924314085937,0.12132272792338052,0.4563356624328253,-66.94705320175773,-113.30574881957386,-97.72069750708432,66.94705320175773,-113.30574881957386,25.10019606556089,67.60886105352718,0.02559507687697725,0.0689418517572537,6.27694995481762,4.127028357101991e-17,0.7357128647523125,0.8374216471078418,faltinsen_ch9_reduced_order_planing_plus_matched_bie_replace_with_matched_bie,heave_pitch_2x2_v1,FnB=1.67,1.4959666666666667
39,4.636382126600722,12.089134428470675,2.1919859711382212,2.8664349999999996,0.01,-0.1580193451908528,-0.06452535874627031,-0.2550238515884479,0.10932803705457238,0.17068577965337586,0.2774703309638936,0.12658399032536374,0.4696165042583827,-67.78792293723342,-113.20468313347656,-98.20189442303986,67.78792293723342,-113.20468313347656,24.945243865465674,68.63312366011247,0.025437069606303556,0.06998630894353573,6.307075705149371,9.259785275065462e-17,0.739760038566076,0.8399788029288064,faltinsen_ch9_reduced_order_planing_plus_matched_bie_replace_with_matched_bie,heave_pitch_2x2_v1,FnB=1.67,1.5086499999999998
40,4.617014951798112,12.007633768767505,2.1737114167557037,2.890533333333333,0.01,-0.16017623479327256,-0.06265151443120226,-0.26389728417948854,0.11259911694340809,0.1719931349009975,0.28691521000766934,0.13199323875102728,0.4831614937864027,-68.63748779397379,-113.10686729889842,-98.66662941217555,68.63748779397379,-113.10686729889842,24.798532388259158,69.66380349610277,0.02528746553436613,0.07103730988268447,6.337814366950543,5.875822068548521e-17,0.743718306135767,0.8424775106219552,faltinsen_ch9_reduced_order_planing_plus_matched_bie_replace_with_matched_bie,heave_pitch_2x2_v1,FnB=1.67,1.5213333333333332
41,4.59788846952234,11.927401247664323,2.1557390523947006,2.9146316666666663,0.01,-0.16235987085187598,-0.060717781296641744,-0.2729337644200923,0.11592060067361376,0.17334179135057035,0.2965306483671694,0.13755405508740431,0.49697570133469104,-69.4956924686201,-113.01193286115156,-99.11564421224084,69.4956924686201,-113.01193286115156,24.660106019347445,70.70120476121818,0.02514630992168319,0.07209516477208647,6.369180457419331,4.168229241821417e-17,0.747590135430806,0.844919490014281,faltinsen_ch9_reduced_order_planing_plus_matched_bie_replace_with_matched_bie,heave_pitch_2x2_v1,FnB=1.67,1.5340166666666666
42,4.578997735237878,11.848406644668344,2.1380614439501375,2.9387299999999996,0.01,-0.16457122444013964,-0.058722709623567786,-0.282137163171495,0.11929284222932209,0.17473421113010662,0.3063203568971686,0.14327013742469058,0.5110644323190877,-70.36245822226803,-112.91954582815514,-99.54963385786316,70.36245822226803,-112.91954582815514,24.530016801649165,71.74564746326597,0.025013655837262637,0.07316019992889107,6.401188955795842,4.1812943011785094e-17,0.751377914643357,0.8473064002030937,faltinsen_ch9_reduced_order_planing_plus_matched_bie_replace_with_matched_bie,heave_pitch_2x2_v1,FnB=1.67,1.5467
43,4.560337945456092,11.770620702667447,2.1206713991798107,2.9628283333333334,0.01,-0.16681129872493516,-0.05666480337965364,-0.2915114839422853,0.12271621256720479,0.17617295287402762,0.31628818203826814,0.1491453047183998,0.525433232142651,-71.23768213952923,-112.82940269464346,-99.96925002172887,71.23768213952923,-112.82940269464346,24.408324254129575,72.79746689154739,0.024889563973558324,0.07423275725303483,6.433855325139466,1.7292446844955352e-16,0.7550839549678819,0.8496398420025836,faltinsen_ch9_reduced_order_planing_plus_matched_bie_replace_with_matched_bie,heave_pitch_2x2_v1,FnB=1.67,1.5593833333333333
44,4.5419044326040146,11.694015089626257,2.1035619579477185,2.9869266666666667,0.01,-0.1690811306814779,-0.054542518391659967,-0.30106086856270553,0.12619109931806843,0.17766067394060953,0.32643811071447104,0.15518350171770137,0.5400878917691468,-72.12123644129773,-112.74122697862373,-100.37510408189154,72.12123644129773,-112.74122697862373,24.29509519225968,73.85701321331624,0.024774102463389316,0.07531319381574365,6.467195534955661,4.206455138415081e-17,0.7587104932887251,0.8519213602830025,faltinsen_ch9_reduced_order_planing_plus_matched_bie_replace_with_matched_bie,heave_pitch_2x2_v1,FnB=1.67,1.5720666666666667
45,4.52369266011943,11.61856236210151,2.086726382935906,3.0110249999999996,0.01,-0.1713588150141432,-0.05234768954437531,-0.310754093027932,0.12971105207093483,0.17917623749729106,0.3367388652397602,0.16137183484783837,0.554969601342584,-73.01283070932466,-112.65601715806045,-100.76886724107642,73.01283070932466,-112.65601715806045,24.187177928279972,74.91589666103255,0.024664057479648987,0.07639295443503394,6.500972830847437,9.433651079798972e-17,0.7622596947774327,0.854152446207304,faltinsen_ch9_reduced_order_planing_plus_matched_bie_replace_with_matched_bie,heave_pitch_2x2_v1,FnB=1.67,1.5847499999999999
46,4.505698217760588,11.544235930476468,2.0701581507987883,3.035123333333333,0.01,-0.17290854522170926,-0.04986983596422405,-0.3194546882169013,0.1330637644842929,0.17995656573125218,0.34605962382585026,0.16716579054229272,0.5680062884373761,-73.91151746606961,-112.61339172611699,-101.18761332707565,73.91151746606961,-112.61339172611699,23.982700521124134,75.69784772428073,0.02445554855238449,0.07719032261198344,6.527275515807316,1.8964435206831963e-16,0.7657336554016799,0.8563345393698928,faltinsen_ch9_reduced_order_planing_plus_matched_bie_replace_with_matched_bie,heave_pitch_2x2_v1,FnB=1.67,1.5974333333333333
47,4.487916817119527,11.471010025820409,2.053850943735554,3.059221666666666,0.01,-0.17447023654320362,-0.047320323270696255,-0.3283072705993447,0.1364771537448011,0.18077355015013846,0.3555441989720455,0.17311100401735094,0.581291849101944,-74.82513888584094,-112.57262943718345,-101.59765916110503,74.82513888584094,-112.57262943718345,23.786919660132547,76.48874795120155,0.024255907634240587,0.07799681639622251,6.5544461971772705,0.0,0.7691344043478147,0.8584690298419272,faltinsen_ch9_reduced_order_planing_plus_matched_bie_replace_with_matched_bie,heave_pitch_2x2_v1,FnB=1.67,1.6101166666666664
48,4.470344287328649,11.398859668285084,2.037798641457775,3.0833199999999996,0.01,-0.17604450704887012,-0.04469725354849971,-0.3373161352797261,0.1399521421243514,0.18163015426095566,0.36519690196556315,0.1792114758229072,0.5948327445446782,-75.75377767966131,-112.53351536754822,-101.99926063105018,75.75377767966131,-112.53351536754822,23.599932779281147,77.28899886304517,0.024065234080222247,0.07881284522547982,6.5824978457467775,4.283153037157157e-17,0.772463906359136,0.8605572601274382,faltinsen_ch9_reduced_order_planing_plus_matched_bie_replace_with_matched_bie,heave_pitch_2x2_v1,FnB=1.67,1.6227999999999998
49,4.4529765709507725,11.32776063695538,2.021995313530767,3.107418333333333,0.01,-0.1776319919084095,-0.041998661296563655,-0.3464857157940127,0.1434896979663982,0.18252948282415293,0.37502219223904276,0.1854713459173091,0.6086356576929792,-76.69748353510977,-112.49585235062638,-102.39266203010315,76.69748353510977,-112.49585235062638,23.421847573066238,78.09900834349791,0.023883637708153386,0.07963882502536332,6.611444265827598,8.608023052911337e-17,0.7757240639920988,0.8626005270343342,faltinsen_ch9_reduced_order_planing_plus_matched_bie_replace_with_matched_bie,heave_pitch_2x2_v1,FnB=1.67,1.6354833333333332
50,4.43580972004348,11.257689441076607,2.0064352120685673,3.1315166666666663,0.01,-0.17923334463692928,-0.03922251047360763,-0.355820591311739,0.1470908367581707,0.1834747861630925,0.38502468422122543,0.19189489992267325,0.6227075039637836,-77.65627070815945,-112.45945925573103,-102.77809670754219,77.65627070815945,-112.45945925573103,23.252781889710555,78.91919142439987,0.023711238689777404,0.08047517901056925,6.641300116319776,4.3245848162332185e-17,0.7789167197926964,0.8646000834641914,faltinsen_ch9_reduced_order_planing_plus_matched_bie_replace_with_matched_bie,heave_pitch_2x2_v1,FnB=1.67,1.6481666666666666
51,4.418839892389094,11.18862329258544,1.9911127647636315,3.1556149999999996,0.01,-0.18084923838941974,-0.03636669137539246,-0.36532549418152144,0.15075662229728506,0.18446946432303155,0.3952091545820506,0.19848657573593856,0.6370554425748131,-78.63011560965546,-112.42416944907212,-103.15578766910272,78.63011560965546,-112.42416944907212,23.09286360572184,79.74997107868846,0.0235481674228425,0.0813223384934595,6.672080933770983,4.3448739739527325e-17,0.782043658395303,0.8665571401245432,faltinsen_ch9_reduced_order_planing_plus_matched_bie_replace_with_matched_bie,heave_pitch_2x2_v1,FnB=1.67,1.66085
52,4.402063347882093,11.12054007987594,1.9760225682334844,3.179713333333333,0.01,-0.18248036730902154,-0.03342901733379581,-0.37500531784582763,0.15448816795492815,0.1855170710558428,0.4055805498920286,0.2052509705162971,0.6516868884337352,-79.6189544132613,-112.3898294150087,-103.52594813148241,79.6189544132613,-112.3898294150087,22.942230480657063,80.59177902376719,0.023394564383002414,0.08218074370326992,6.70380315751032,1.851861812486779e-16,0.785106608546287,0.8684728671672295,faltinsen_ch9_reduced_order_planing_plus_matched_bie_replace_with_matched_bie,heave_pitch_2x2_v1,FnB=1.67,1.6735333333333333
53,4.385476445066261,11.053418342736252,1.9611593816676447,3.2038116666666667,0.01,-0.18412744793461272,-0.030407221227046803,-0.3848651251524572,0.15828663803813356,0.1866213176077805,0.41614399471821245,0.21219284807150665,0.6666095246451309,-80.62268071482747,-112.35629751850459,-103.88878203503118,80.62268071482747,-112.35629751850459,22.801029991209617,81.44505653852447,0.023250579954632436,0.08305084461923744,6.736484156946408,6.200767265770591e-17,0.7881072450546994,0.870348395756189,faltinsen_ch9_reduced_order_planing_plus_matched_bie_replace_with_matched_bie,heave_pitch_2x2_v1,FnB=1.67,1.6862166666666667
54,4.369075637814305,10.98723724839533,1.946518120759125,3.2279099999999996,0.01,-0.18579122067355128,-0.027298951789583095,-0.39491015709203037,0.16215324925401392,0.18778607628942623,0.4269048001815937,0.21931714666756075,0.6818313156780836,-81.64114327613122,-112.32344289222767,-104.24448451824273,81.64114327613122,-112.32344289222767,22.66941914406382,82.31025529726827,0.023116374239994106,0.08393310182097687,6.770142261128898,4.404048578741974e-17,0.7910471906723471,0.8721848195679401,faltinsen_ch9_reduced_order_planing_plus_matched_bie_replace_with_matched_bie,heave_pitch_2x2_v1,FnB=1.67,1.6988999999999999
55,4.3528574721430395,10.921976568622577,1.9320938519057465,3.252008333333333,0.01,-0.1874724513457572,-0.024101769709059136,-0.40514584199278647,0.1660892722791716,0.18901538380961436,0.43786847300333087,0.2266289872882901,0.697360521240386,-82.67414388869463,-112.29114443386632,-104.59324235728107,82.67414388869463,-112.29114443386632,22.547564267354346,83.18783822390404,0.022992116846583033,0.08482798735949999,6.80479679068237,4.423213529957799e-17,0.7939280179055324,0.8739831962278292,faltinsen_ch9_reduced_order_planing_plus_matched_bie_replace_with_matched_bie,heave_pitch_2x2_v1,FnB=1.67,1.7115833333333332
56,4.336818583157667,10.857616657826764,1.9178817866673816,3.2761066666666663,0.01,-0.1891719328057036,-0.020813143497036005,-0.41557780520617155,0.17009603343786453,0.19031344435870487,0.44904072506986914,0.23413368237369173,0.7132057109087379,-83.72143539578889,-112.25928990106391,-104.93523437343524,83.72143539578889,-112.25928990106391,22.435640781027793,84.07828036976046,0.02287798665296283,0.08573598565234862,6.840468092232366,1.8315251203432032e-16,0.7967512507607236,0.8757445486849936,faltinsen_ch9_reduced_order_planing_plus_matched_bie_replace_with_matched_bie,heave_pitch_2x2_v1,FnB=1.67,1.7242666666666666
57,4.320955692119005,10.79413843210352,1.9038772764660337,3.3002049999999996,0.01,-0.19089048664932246,-0.01743044511879098,-0.42621187931911764,0.17417491649288527,0.191684632431122,0.4604274835498394,0.24183674506819175,0.7293757795680559,-84.78271991265915,-112.22777509294444,-105.27063181109479,84.78271991265915,-112.22777509294444,22.333832946928023,84.98206981856907,0.02277417155392313,0.08665759440641714,6.877177575454698,6.308399715485785e-17,0.7995183664263835,0.877469866528849,faltinsen_ch9_reduced_order_planing_plus_matched_bie_replace_with_matched_bie,heave_pitch_2x2_v1,FnB=1.67,1.7369499999999998
58,4.30526560362785,10.731523349183739,1.8900758075164381,3.324303333333333,0.01,-0.19262896501332055,-0.013950945366518674,-0.4370541149315308,0.17832736455348655,0.19313349538265667,0.47203490159857436,0.2497438990126162,0.745879963717023,-85.85764728631658,-112.19650310855486,-105.59959868857104,85.85764728631658,-112.19650310855486,22.242333600015648,85.89970862222266,0.022680868186399687,0.08759332557216039,6.914947752891417,1.3437147265246035e-16,0.8022307968931442,0.8791601072497693,faltinsen_ch9_reduced_order_planing_plus_matched_bie_replace_with_matched_bie,heave_pitch_2x2_v1,FnB=1.67,1.7496333333333332
59,4.289745202921009,10.669753389237941,1.8764729959755686,3.3484016666666663,0.01,-0.19438825247493385,-0.010371808958926296,-0.44811079204038173,0.1825548821050901,0.1946647557246537,0.48386936968923916,0.2578610887164289,0.7627278587013876,-86.94581383681513,-112.16538367371906,-105.9222921238499,86.94581383681513,-112.16538367371906,22.16134386277649,86.83171377108162,0.0225982816382521,0.08854370633303077,6.953802282690177,4.497113179004385e-17,0.8048899305144775,0.8808161974465172,faltinsen_ch9_reduced_order_planing_plus_matched_bie_replace_with_matched_bie,heave_pitch_2x2_v1,FnB=1.67,1.7623166666666665
60,4.274391453273778,10.608811036494117,1.8630645833000998,3.3724999999999996,0.01,-0.19616926806075893,-0.006690089348848797,-0.4593884320749505,0.18685903716591995,0.19628331316489814,0.4959375276129606,0.2661944905498081,0.7799294369413032,-88.04676142163298,-112.13433252880743,-106.23886263714935,88.04676142163298,-112.13433252880743,22.091072845570377,87.7786182027633,0.02252662514270457,0.08950928013415724,6.993766014438091,0.0,0.8074971135099583,0.8824390339828473,faltinsen_ch9_reduced_order_planing_plus_matched_bie_replace_with_matched_bie,heave_pitch_2x2_v1,FnB=1.67,1.775
61,4.259201393503972,10.54867926162907,1.8498464318014995,3.396598333333333,0.01,-0.1979729673739559,-0.0029027232190189404,-0.4708938106312078,0.1912414635761358,0.19799424641371688,0.5082462771939625,0.27475052439839537,0.797495067224192,-89.15997686349525,-112.1032708708036,-106.54945443196421,89.15997686349525,-112.1032708708036,22.031737336406408,88.74097185354331,0.02246611976200477,0.09049060775447612,7.034865038276566,4.5324299989326606e-17,0.8100536514131691,0.8840294850956024,faltinsen_ch9_reduced_order_planing_plus_matched_bie_replace_with_matched_bie,heave_pitch_2x2_v1,FnB=1.67,1.7876833333333333
62,4.244172135572825,10.489341504895426,1.8368145203890005,3.4206966666666667,0.01,-0.19980034484986284,0.0009934753554980732,-0.48263397095710064,0.1957038634254854,0.1998028147834912,0.5208027957696469,0.2835358660270996,0.8154355351403012,-90.28489177961166,-112.07212484380807,-106.85420565610917,90.28489177961166,-112.07212484380807,21.983561484394304,89.71934275671646,0.022416994064634002,0.09148826842674763,7.077126737500528,6.434228163830087e-17,0.8125608104662444,0.8855883914565065,faltinsen_ch9_reduced_order_planing_plus_matched_bie_replace_with_matched_bie,heave_pitch_2x2_v1,FnB=1.67,1.8003666666666667
63,4.229300862278374,10.430781659948654,1.823964940491259,3.4447949999999996,0.01,-0.20165243615087178,0.005001821101456861,-0.49461623824462375,0.2002480096259546,0.20171445962030685,0.5336145504897882,0.29255746020319157,0.8337620647442983,-91.42088284678555,-112.04082507278083,-107.1532486441169,91.42088284678555,-112.04082507278083,21.94677648189625,90.71431819251347,0.02237948380119231,0.09250286101014463,7.120579844863641,4.566677224055896e-17,0.815019818962996,0.887116567189751,faltinsen_ch9_reduced_order_planing_plus_matched_bie_replace_with_matched_bie,heave_pitch_2x2_v1,FnB=1.67,1.8130499999999998
64,4.2145848250371225,10.372984058340325,1.811293892148001,3.468893333333333,0.01,-0.2035303207123258,0.009125764123354337,-0.506848234789104,0.2048757486363895,0.20373480561773752,0.546689313493644,0.30182253463314496,0.8524863415330616,-92.5672725321506,-112.00930623589967,-107.44671014220911,92.5672725321506,-112.00930623589967,21.92162025117422,91.72650589445276,0.022353831584867638,0.09353500522038898,7.165254502831012,1.1227002376163976e-16,0.8174318685425066,0.8886148008473846,faltinsen_ch9_reduced_order_planing_plus_matched_bie_replace_with_matched_bie,heave_pitch_2x2_v1,FnB=1.67,1.8257333333333332
65,4.200021341750019,10.315933454645773,1.798797680263457,3.4929916666666663,0.01,-0.20543512445219234,0.013368896888398756,-0.5193378960810713,0.2095890033465641,0.20586966207457666,0.5600351780287732,0.31133861477225655,0.8716205368372055,-93.72333031340331,-111.97750667141302,-107.73471151693208,93.72333031340331,-111.97750667141302,21.908337142073833,92.75653531731844,0.022340286583159216,0.09458534292272941,7.211182328042382,1.3010397870997232e-16,0.819798115435021,0.8900838563444042,faltinsen_ch9_reduced_order_planing_plus_matched_bie_replace_with_matched_bie,heave_pitch_2x2_v1,FnB=1.67,1.8384166666666666
66,4.185607794749008,10.259615012195987,1.7864727110138177,3.517089999999999,0.01,-0.20736802265837714,0.017734961650097608,-0.5320934879015415,0.21438977612870536,0.20812502417051068,0.5736605755808432,0.3211135395711097,0.8911773337320212,-94.88827440538229,-111.94536801530396,-108.01736894843324,94.88827440538229,-111.94536801530396,21.907177647988785,93.80505897231086,0.022339104228241844,0.09565453949341608,7.258396480272532,9.232153070960325e-17,0.822119681661913,0.8915244738553632,faltinsen_ch9_reduced_order_planing_plus_matched_bie_replace_with_matched_bie,heave_pitch_2x2_v1,FnB=1.67,1.8510999999999997
67,4.171341628820558,10.204014289385235,1.7743154884013757,3.541188333333333,0.01,-0.20933024306876785,0.022227858342541883,-0.5451236244975067,0.2192801520650373,0.21050707434603128,0.587574294089662,0.33115547822842667,0.9111699545823964,-96.06127400179554,-111.91283486646434,-108.29479360925069,96.06127400179554,-111.91283486646434,21.918398147988306,94.87275383530553,0.022350545954009076,0.09674328525572498,7.306931736201123,9.264050778782626e-17,0.8243976561914428,0.8929373706742365,faltinsen_ch9_reduced_order_planing_plus_matched_bie_replace_with_matched_bie,heave_pitch_2x2_v1,FnB=1.67,1.8637833333333331
68,4.157220349302802,10.149117226527428,1.7623226109484194,3.5652866666666663,0.01,-0.21132306916045343,0.026851652980210357,-0.558437287921004,0.22426230236049907,0.2130221838850673,0.6017854973332261,0.3414729480258819,0.9316121903460648,-97.24145203197051,-111.87985447641263,-108.56709182939154,97.24145203197051,-111.87985447641263,21.94226068354523,95.96032283459685,0.02237487896839923,0.09785229699703452,7.356824568332529,4.6477189808015155e-17,0.8266330960519689,0.8943232420391729,faltinsen_ch9_reduced_order_planing_plus_matched_bie_replace_with_matched_bie,heave_pitch_2x2_v1,FnB=1.67,1.8764666666666665
69,4.14324152025305,10.094910133235663,1.7504907685242979,3.5893849999999996,0.01,-0.21334784366607065,0.03161058660112066,-0.5720438486223461,0.22933848795039383,0.21567691481062382,0.6163037455687241,0.3520748333270456,0.9525184317702451,-98.42788842289957,-111.84637646088056,-108.8343652483857,98.42788842289957,-111.84637646088056,21.97903277875559,97.0684964249862,0.022412376070070406,0.0989823195739485,7.408113229436934,1.0427141605675241e-16,0.8288270274042197,0.8956827619237204,faltinsen_ch9_reduced_order_planing_plus_matched_bie_replace_with_matched_bie,heave_pitch_2x2_v1,FnB=1.67,1.8891499999999999
70,4.129402762682636,10.041379676300778,1.7388167392994536,3.613483333333333,0.01,-0.21540597233689335,0.03650908479445078,-0.5859530873960364,0.23451106331336724,0.21847802221489204,0.6311390175272902,0.36297040582986784,0.9739037026285119,-99.61962384682784,-111.81235253084968,-109.09671095491983,99.61962384682784,-111.81235253084968,22.028987313276815,98.19803425561417,0.022463315518833463,0.10013412761301177,7.46083784291769,1.0461106671916948e-16,0.8309804465741786,0.8970165837960035,faltinsen_ch9_reduced_order_planing_plus_matched_bie_replace_with_matched_bie,heave_pitch_2x2_v1,FnB=1.67,1.9018333333333333
71,4.115701752856189,9.988512868045976,1.727297386820526,3.6375816666666663,0.01,-0.2174989279741362,0.04155176785737652,-0.6001752187866535,0.23978248050078294,0.22143245715561166,0.6463017338679479,0.37416934617009384,0.9957836951577279,-100.81566392446913,-111.777736240841,-109.35422161457907,100.81566392446913,-111.777736240841,22.092402457419016,99.34972693953534,0.022527980969463596,0.10130852731517424,7.515040499547009,4.6932901498453314e-17,0.8330943210480778,0.8983253413472924,faltinsen_ch9_reduced_order_planing_plus_matched_bie_replace_with_matched_bie,heave_pitch_2x2_v1,FnB=1.67,1.9145166666666666
72,4.102136220652568,9.93629705513581,1.7159296572009535,3.6616799999999996,0.01,-0.21962825475199194,0.046743461629844656,-0.6147209160716195,0.2451552933942568,0.22454737025969962,0.6618027822056622,0.3856817669817558,1.0181748078691224,-102.0149838439545,-111.74248275245596,-109.60698558615194,102.0149838439545,-111.74248275245596,22.169561678894404,100.52439793369578,0.022606661478582805,0.10250635837283455,7.570765361052878,1.5614619227442266e-16,0.8351695904309474,0.8996096491913033,faltinsen_ch9_reduced_order_planing_plus_matched_bie_replace_with_matched_bie,heave_pitch_2x2_v1,FnB=1.67,1.9271999999999998
73,4.088703947984823,9.884719907818887,1.7047105764217834,3.685778333333333,0.01,-0.22179557285821658,0.0520892090603859,-0.6296013379484352,0.2506321622038419,0.22783011618317944,0.6776535438389093,0.39751823753057,1.041094185923391,-103.21653334615071,-111.70654861133475,-109.8550870268852,103.21653334615071,-111.70654861133475,22.260753830663358,101.7229055387126,0.02269965159423795,0.10372849600904753,7.62805877108485,1.3357064682894874e-16,0.8372071673701117,0.900870103535537,faltinsen_ch9_reduced_order_planing_plus_matched_bie_replace_with_matched_bie,heave_pitch_2x2_v1,FnB=1.67,1.9398833333333332
74,4.075402767276722,9.833769409584846,1.693637247737684,3.7098766666666663,0.01,-0.22400258348060484,0.05759428256087726,-0.6448281570656728,0.2562158582200966,0.23128825908309206,0.6938659223136503,0.4096898100466898,1.0645597642769837,-104.41924201835721,-111.66989153584537,-110.09860598701053,104.41924201835721,-111.66989153584537,22.36627332911312,102.94614502866419,0.022807251537592475,0.10497585314930603,7.686969374135691,1.4209933493694337e-16,0.8392079384449753,0.9021072828258775,faltinsen_ch9_reduced_order_planing_plus_matched_bie_replace_with_matched_bie,heave_pitch_2x2_v1,FnB=1.67,1.9525666666666666
75,4.062230559993413,9.783433847216974,1.6827068491834005,3.733974999999999,0.01,-0.22625107417054263,0.06326419721350127,-0.6604135905500793,0.2619092688340695,0.23492957926236782,0.7104523739734034,0.4222080478950795,1.0885903138260469,-105.62202483092608,-111.63247021594194,-110.33761849380079,105.62202483092608,-111.63247021594194,22.486420431480035,104.19505092201207,0.022929767485818334,0.10624938273723654,7.747548243050486,6.718383001523193e-17,0.8411727650243919,0.9033217483656236,faltinsen_ch9_reduced_order_planing_plus_matched_bie_replace_with_matched_bie,heave_pitch_2x2_v1,FnB=1.67,1.9652499999999997
76,4.049185255224016,9.73370180122292,1.6719166311761489,3.758073333333333,0.01,-0.22854292461797088,0.069104724898995,-0.6763704326964749,0.2677154028400154,0.23876208115255926,0.727425940659122,0.4350850557347451,1.113205490795621,-106.82378784531286,-111.59424412073902,-110.5721966253535,106.82378784531286,-111.59424412073902,22.62150162099166,105.47059940577181,0.02306751196483168,0.10755008020656577,7.809849015814987,1.0653403630905509e-16,0.8431024840928606,0.9045140449100801,faltinsen_ch9_reduced_order_planing_plus_matched_bie_replace_with_matched_bie,heave_pitch_2x2_v1,FnB=1.67,1.977933333333333
77,4.036264828313955,9.684562136626841,1.6612639142096723,3.7821716666666663,0.01,-0.2308801128756199,0.07512190942177575,-0.6927120900030905,0.2736373960364955,0.24279400280203065,0.7448002847381865,0.4483335118324754,1.138425889645225,-108.0234340177056,-111.55517331343967,-110.8024085742375,108.0234340177056,-111.55517331343967,22.77183010768549,106.77381092616903,0.023220804359985813,0.10887898612285442,7.873928042381404,1.1703282811891708e-16,0.8449979090467462,0.9056847012377619,faltinsen_ch9_reduced_order_planing_plus_matched_bie_replace_with_matched_bie,heave_pitch_2x2_v1,FnB=1.67,1.9906166666666665
78,4.023467299544988,9.63600399410701,1.6507460866358894,3.8062699999999996,0.01,-0.23273568350328575,0.08093102830520908,-0.7064698220941964,0.27815765815715954,0.24640562030578797,0.7592570660331589,0.45994782127908856,1.159633278015518,-109.17450278232376,-111.49099843018132,-110.99890400712674,109.17450278232376,-111.49099843018132,22.879395840756874,107.67493357053222,0.023330490881959567,0.10979787549319313,7.915203084501896,1.9195215341684678e-16,0.8468598304616799,0.9068342306992363,faltinsen_ch9_reduced_order_planing_plus_matched_bie_replace_with_matched_bie,heave_pitch_2x2_v1,FnB=1.67,2.0033
79,4.0107907328609915,9.588016781463956,1.6403606025302842,3.830368333333333,0.01,-0.2345821398041809,0.08687167155479635,-0.7203155345709711,0.28266846202507545,0.2501508897322428,0.7737932080135398,0.4717214049276425,1.1809874299666918,-110.3208595667178,-111.4261898048236,-111.19207811619852,110.3208595667178,-111.4261898048236,22.996387753422482,108.56825214774112,0.023449789432091982,0.11070880692972741,7.956400930624502,1.4460329575164885e-16,0.8486890168322447,0.9079631317445649,faltinsen_ch9_reduced_order_planing_plus_matched_bie_replace_with_matched_bie,heave_pitch_2x2_v1,FnB=1.67,2.0159833333333332
80,3.9982332346376213,9.54059016540468,1.63010497963737,3.8544666666666654,0.01,-0.2364593320055664,0.09297716255519471,-0.7344775502745503,0.2872847633447731,0.2540822080534837,0.7886633040197616,0.4838113580851744,1.202843842103718,-111.4650361232109,-111.36253791542678,-111.38418906977678,111.4650361232109,-111.36253791542678,23.127289431072,109.4862874887313,0.023583271995097205,0.11164494245102181,7.999380358232014,8.385190278835357e-17,0.850486215285015,0.9090718884302712,faltinsen_ch9_reduced_order_planing_plus_matched_bie_replace_with_matched_bie,heave_pitch_2x2_v1,FnB=1.67,2.028666666666666
81,3.9857929524940894,9.493714063629419,1.619976797392744,3.878564999999999,0.01,-0.238368545852765,0.0992530235740739,-0.7489667244118678,0.29200935097488395,0.25820675115216757,0.8038784829394401,0.49622839304441557,1.2252196139154543,-112.60609960036223,-111.29996197168434,-111.5751988656676,112.60609960036223,-111.29996197168434,23.272331141049722,110.42978716983937,0.02373117337831953,0.11260704437278722,8.044176961450358,1.4586148834602797e-16,0.8522521522659745,0.9101609709067147,faltinsen_ch9_reduced_order_planing_plus_matched_bie_replace_with_matched_bie,heave_pitch_2x2_v1,FnB=1.67,2.0413499999999996
82,3.9734680741453596,9.447378637208002,1.6099736950184245,3.9026633333333325,0.01,-0.24031112922220957,0.10570503212564167,-0.7637944076904059,0.2968451554978188,0.2625318888149332,0.8194503911535232,0.5089837142613348,1.248132621609946,-113.74312915534512,-111.23838451637751,-111.76507147247976,113.74312915534512,-111.23838451637751,23.43174898885122,111.39953483889884,0.023893734342360765,0.11359591179342471,8.090828998215608,4.882682919777893e-17,0.8539875342032964,0.9112308358867034,faltinsen_ch9_reduced_order_planing_plus_matched_bie_replace_with_matched_bie,heave_pitch_2x2_v1,FnB=1.67,2.054033333333333
83,3.9612568262931345,9.401574283233419,1.6000933696883193,3.926761666666666,0.01,-0.2422884961037608,0.1123392356523524,-0.7789724757640708,0.30179525581505806,0.26706519655540456,0.8353912223805576,0.5220890469306068,1.2716015640190261,-114.87522020520736,-111.17773118781665,-111.9537726602984,114.87522020520736,-111.17773118781665,23.605785631231242,112.3963523354277,0.02407120232824792,0.11461238275601526,8.1393774932161,1.767834843593881e-16,0.8556930481464348,0.912281927096154,faltinsen_ch9_reduced_order_planing_plus_matched_bie_replace_with_matched_bie,heave_pitch_2x2_v1,FnB=1.67,2.0667166666666663
84,3.9491574735541164,9.356291627740951,1.5903335747608338,3.950859999999999,0.01,-0.24430213087877994,0.11916196724763832,-0.7945133607402194,0.3068628862359609,0.271814469059761,0.8517137496505397,0.5355566675869412,1.2956460117031925,-116.00148847926447,-111.11793049434132,-112.14126983912546,116.00148847926447,-111.11793049434132,23.79469108802691,113.42110195441217,0.02426383228526246,0.11565733655673668,8.189866351246614,1.4769827452707972e-16,0.8573693623824364,0.9133146757075582,faltinsen_ch9_reduced_order_planing_plus_matched_bie_replace_with_matched_bie,heave_pitch_2x2_v1,FnB=1.67,2.0793999999999997
85,3.9371683174240495,9.311521518881658,1.5806921180757671,3.9749583333333325,0.01,-0.246353592920756,0.12617986250544214,-0.8104300849230186,0.3120514440933473,0.27678773536206014,0.868431359584092,0.5493994369006309,1.3202864595265218,-117.12107382777506,-111.05891359976575,-112.32753190427006,117.12107382777506,-111.05891359976575,23.99872365497934,114.47468886633051,0.02447188760175936,0.11673169621260115,8.242342481624506,1.7123869594708524e-16,0.8590171270303462,0.9143295007569809,faltinsen_ch9_reduced_order_planing_plus_matched_bie_replace_with_matched_bie,heave_pitch_2x2_v1,FnB=1.67,2.092083333333333
86,3.9252876952761557,9.267255020339633,1.571166860312787,3.9990566666666663,0.01,-0.2484445215479994,0.1333998775905973,-0.8267362969850606,0.3173644979223313,0.2819932758567138,0.885558089169798,0.5636308348519402,1.3455443829971214,-118.23314374723019,-111.00061411871869,-112.51252908791291,118.23314374723019,-111.00061411871869,24.21815091960817,115.5580637072113,0.024695641141070777,0.1178364311025797,8.296855934397724,1.1097539113214089e-16,0.8606369746145467,0.9153268095452901,faltinsen_ch9_reduced_order_planing_plus_matched_bie_replace_with_matched_bie,heave_pitch_2x2_v1,FnB=1.67,2.1047666666666665
87,3.9135139793926124,9.223483404982876,1.561755713408901,4.023154999999999,0.01,-0.25057664136094243,0.14082930863330778,-0.8434463107778463,0.3228057962424382,0.2874396412568486,0.9031086652515709,0.5782649984870698,1.3714422986973642,-119.33689658847302,-110.94296792088304,-112.69623281610554,119.33689658847302,-110.94296792088304,24.453250882076933,116.67222535381553,0.024935376384470673,0.11897255979750021,8.353460049161804,2.0085022896700324e-16,0.8622295206178379,0.9163069980242754,faltinsen_ch9_reduced_order_planing_plus_matched_bie_replace_with_matched_bie,heave_pitch_2x2_v1,FnB=1.67,2.11745
88,3.9018455760277946,9.180198148738159,1.55245663903246,4.047253333333333,0.01,-0.25275176799998184,0.14847581256116596,-0.860575147012457,0.3283792769868747,0.2931356736100455,0.9210985469589746,0.5933167624784885,1.3980038291599242,-120.43156442024554,-110.88591294318739,-112.87861557049389,120.43156442024554,-110.88591294318739,24.704313183000572,117.81822390046099,0.025191388683190055,0.12014115309556372,8.412211617397992,1.22517778113755e-16,0.8637953640150334,0.9172704511682945,faltinsen_ch9_reduced_order_planing_plus_matched_bie_replace_with_matched_bie,heave_pitch_2x2_v1,FnB=1.67,2.130133333333333
89,3.8902809245020635,9.137390924680691,1.5432676471113613,4.071351666666667,0.01,-0.25497181436359906,0.15634742949348449,-0.8781385780648581,0.3340890776270336,0.29909052948745424,0.9395439713368677,0.6088017027347628,1.4252537725811358,-121.51641552744046,-110.82938900904209,-113.05965075407914,121.51641552744046,-110.82938900904209,24.971640440303034,118.99716385561605,0.025463986621632295,0.12134333728196281,8.473171059349736,1.255207436402652e-16,0.8653350877878138,0.9182175433320426,faltinsen_ch9_reduced_order_planing_plus_matched_bie_replace_with_matched_bie,heave_pitch_2x2_v1,FnB=1.67,2.1428166666666666
90,3.878818496324921,9.09505359732984,1.5341867944132115,4.09545,0.01,-0.25723879733075494,0.16445260683533758,-0.8961531761860516,0.339939546044947,0.3053137054688363,0.9584620024568492,0.6247361833299035,1.4532181778026858,-122.59075653011922,-110.77333765374637,-113.23931256034693,122.59075653011922,-110.77333765374637,25.25554969754504,120.21020757817821,0.02575349349425649,0.12258029763291055,8.536402616570422,0.0,0.8668492594215533,0.9191486385950277,faltinsen_ch9_reduced_order_planing_plus_matched_bie_replace_with_matched_bie,heave_pitch_2x2_v1,FnB=1.67,2.1555
91,3.867456794346416,9.053178217142506,1.5252121831753205,4.119548333333333,0.01,-0.2595548450363519,0.1728002252227713,-0.9146363654260725,0.3459352522114522,0.3118150660550018,0.9778705843220855,0.641137407049994,1.4819244250367518,-123.65393411604356,-110.71770195521916,-113.41757584510762,123.65393411604356,-110.71770195521916,25.55637398662071,121.45857897535538,0.026060248899084506,0.12385328218643,8.601974561402992,0.0,0.8683384313848084,0.9200640910933021,faltinsen_ch9_reduced_order_planing_plus_matched_bie_replace_with_matched_bie,heave_pitch_2x2_v1,FnB=1.67,2.1681833333333334
92,3.8561943519357427,9.011757015196267,1.5163419597825072,4.143646666666666,0.01,-0.2619222047539317,0.18139962648631705,-0.933606477612956,0.3520810007334048,0.3186048741506254,0.9977885979095505,0.6580234698858204,1.511401312858894,-124.70533638588552,-110.66242636922644,-113.59441600039665,124.70533638588552,-110.66242636922644,25.874464008371937,122.7435674863067,0.02638461045145074,0.12516360580453748,8.669959424794166,1.435900905884254e-16,0.8698031415921199,0.9209642453389668,faltinsen_ch9_reduced_order_planing_plus_matched_bie_replace_with_matched_bie,heave_pitch_2x2_v1,FnB=1.67,2.1808666666666667
93,3.845029732185988,8.970782398054604,1.5075743134907693,4.167745,0.01,-0.2643432514458628,0.19026064381751098,-0.9530828127638807,0.35838184433941217,0.325693824274923,1.0182359227301054,0.6754134198349354,1.541679152048181,-125.74439381628072,-110.60745656829079,-113.76980882978488,125.74439381628072,-110.60745656829079,26.210189935502854,124.06653237821011,0.026726955622463185,0.12651265455401195,8.74043424400379,1.4410401654812023e-16,0.871243913850769,0.9218494365279641,faltinsen_ch9_reduced_order_planing_plus_matched_bie_replace_with_matched_bie,heave_pitch_2x2_v1,FnB=1.67,2.19355
94,3.8339615271440683,8.93024694280701,1.4989074751949827,4.191843333333333,0.01,-0.2668204970480955,0.19939363434271648,-0.9730857043459781,0.3648430983802996,0.3330930786753001,1.03923350332745,0.6933273204153333,1.5727898669156557,-126.77057985133422,-110.55273928347557,-113.94373042444366,126.77057985133422,-110.55273928347557,26.563943343191813,125.42890738423425,0.027087683707679805,0.12790189043581068,8.813480831945544,1.0540295787996503e-16,0.8726612582920888,0.9227199908366266,faltinsen_ch9_reduced_order_planing_plus_matched_bie_replace_with_matched_bie,heave_pitch_2x2_v1,FnB=1.67,2.206233333333333
95,3.8229883570649044,8.890143392277029,1.4903397162388603,4.215941666666666,0.01,-0.26935660056431643,0.20880951433057,-0.9936365898496732,0.3714703564279842,0.3408143065402819,1.0608034211826531,0.7117863193364939,1.6047671048315404,-127.78341113799044,-110.4982221482357,-114.11615703929732,127.78341113799044,-110.4982221482357,26.93613927400939,126.83220571605364,0.0274672179327389,0.12933285649641177,8.889186070092226,1.282630293012507e-16,0.8740556717879165,0.9235762257074394,faltinsen_ch9_reduced_order_planing_plus_matched_bie_replace_with_matched_bie,heave_pitch_2x2_v1,FnB=1.67,2.2189166666666664
96,3.8121088696889496,8.85046465039163,1.4818693472654945,4.24004,0.01,-0.27195437905306696,0.21851979728404214,-1.0147580871883009,0.3782695070646546,0.34886972653298265,1.082968972542148,0.7308127228223996,1.6376463547392917,-128.78244742476295,-110.44385354351847,-114.28706496857885,128.78244742476295,-110.44385354351847,27.327218445155093,128.27802548709144,0.027866007704114144,0.13080718235798308,8.96764222709827,1.6279491203884937e-16,0.8754276383527457,0.9244184501244678,faltinsen_ch9_reduced_order_planing_plus_matched_bie_replace_with_matched_bie,heave_pitch_2x2_v1,FnB=1.67,2.2316
97,3.8013217395422014,8.81120377770558,1.4734947171068764,4.2641383333333325,0.01,-0.27461681960132117,0.228536635195887,-1.0364740774951522,0.38524675196328156,0.3572721528955238,1.1057547527447869,0.7504300761361898,1.671465075532205,-129.76729114665244,-110.38958244328394,-114.45643042007967,129.76729114665244,-110.38958244328394,27.73764960763917,129.76805558667797,0.028284531014810533,0.13232659020835655,9.048947305539986,1.1549991013155426e-16,0.8767776295321164,0.9252469648788502,faltinsen_ch9_reduced_order_planing_plus_matched_bie_replace_with_matched_bie,heave_pitch_2x2_v1,FnB=1.67,2.244283333333333
98,3.7906256672578817,8.77235398707479,1.4652142117108555,4.288236666666666,0.01,-0.27734709238926814,0.23887286327747712,-1.0588097949536952,0.3924086253705435,0.3660350454084438,1.1291867476883908,0.7706632509180329,1.7062628352667666,-130.73758672164533,-110.33535825958953,-114.62422938735233,130.73758672164533,-110.33535825958953,28.167932068861017,131.3040820498107,0.028723297016678497,0.13389290129637613,9.133205419450597,9.342667519056855e-17,0.8781061047777587,0.9260620628247671,faltinsen_ch9_reduced_order_planing_plus_matched_bie_replace_with_matched_bie,heave_pitch_2x2_v1,FnB=1.67,2.2569666666666666
99,3.7800193789189938,8.733908639472869,1.4570262531040812,4.312334999999999,0.01,-0.28014856496385215,0.249542048506289,-1.0817919243698055,0.3997620151144541,0.37517256352779954,1.1532924331495875,0.7915385400177846,1.7420814622983405,-131.69301958599993,-110.28113068635278,-114.79043751908472,131.69301958599993,-110.28113068635278,28.618598392092466,132.88799497229533,0.029182848773120756,0.13550804298337898,9.220527205640856,1.5597682158402121e-16,0.8794135118099853,0.9268640291262614,faltinsen_ch9_reduced_order_planing_plus_matched_bie_replace_with_matched_bie,heave_pitch_2x2_v1,FnB=1.67,2.2696499999999995
100,3.7695016254210016,8.695861239945364,1.4489292983895186,4.336433333333332,0.01,-0.28302481785320593,0.2605585423770929,-1.1054487072774137,0.40731418527137286,0.38469962506677297,1.1781008827535049,0.8130837605830465,1.7789652095505049,-132.6333149966225,-110.22684954086398,-114.95502998481656,132.6333149966225,-110.22684954086398,29.090217288674797,134.52179602679536,0.02966376620831252,0.13717405640743308,9.311030272148455,1.1663011828171707e-16,0.880700286967808,0.9276531414952844,faltinsen_ch9_reduced_order_planing_plus_matched_bie_replace_with_matched_bie,heave_pitch_2x2_v1,FnB=1.67,2.282333333333333
101,3.759071181853907,8.658205433696423,1.4409218387772105,4.360531666666666,0.01,-0.2859796616707691,0.2719375382869559,-1.1298100574626195,0.41507280064085506,0.3946319698388578,1.2036428854837014,0.8353283662527679,1.8169609332719039,-133.55823662926244,-110.17246460206847,-115.11798133610847,133.55823662926244,-110.17246460206847,29.58339672130986,136.2076066418363,0.030166669271677746,0.13889310482360062,9.404839687558928,1.3843286691027543e-16,0.8819668555472377,0.9284296704213066,faltinsen_ch9_reduced_order_planing_plus_matched_bie_replace_with_matched_bie,heave_pitch_2x2_v1,FnB=1.67,2.2950166666666663
102,3.7487268469030366,8.620935002302831,1.4330023986469982,4.384629999999999,0.01,-0.2890171558768999,0.2836951340351968,-1.1549076868975636,0.4230459531921388,0.4049862287367566,1.2299510737290837,0.8583035694080973,1.8561182877960132,-134.46758500108254,-110.11792544457637,-115.27926536220679,134.46758500108254,-110.11792544457637,30.09878723969207,137.94767691320078,0.030692221339287184,0.14066748269103188,9.502088515393185,2.8747040929020977e-16,0.8832136321282029,0.9291938793928295,faltinsen_ch9_reduced_order_planing_plus_matched_bie_replace_with_matched_bie,heave_pitch_2x2_v1,FnB=1.67,2.3076999999999996
103,3.738467442267859,8.584043860050597,1.425169534641982,4.4087283333333325,0.01,-0.29214162938762617,0.29584839997740425,-1.1807752431962173,0.431242190663078,0.4157799987859533,1.2570600629854471,0.8820424745475873,1.8964899380029434,-135.3611957454503,-110.06318126727913,-115.43885493916186,135.3611957454503,-110.06318126727913,30.637085572933206,139.74439532555485,0.03124113287711217,0.14249962558626528,9.602918398270518,5.885833461406893e-17,0.8844410208905114,0.929946025111125,faltinsen_ch9_reduced_order_planing_plus_matched_bie_replace_with_matched_bie,heave_pitch_2x2_v1,FnB=1.67,2.320383333333333
104,3.7282918120982127,8.54752605038949,1.4174218347915521,4.432826666666666,0.01,-0.2953577032451847,0.308415453438533,-1.207448459841887,0.43967054751136103,0.42703192478545027,1.285006604466874,0.9065802239852251,1.9381317913914327,-136.23893776563858,-110.00818071536416,-115.59672187126534,136.23893776563858,-110.00818071536416,31.199038506811586,141.60029937170935,0.03181416539471847,0.1443921210318604,9.7074801971402,1.1806924648186814e-16,0.885649415919256,0.9306863576964989,faltinsen_ch9_reduced_order_planing_plus_matched_bie_replace_with_matched_bie,heave_pitch_2x2_v1,FnB=1.67,2.3330666666666664
105,3.718198822447313,8.511375742501071,1.40975791766287,4.456924999999999,0.01,-0.29867031559383156,0.3214155400652352,-1.2349653205934286,0.44834057843897807,0.4387617882317759,1.3138297520392157,0.9319541572196407,1.9811032519077336,-137.1007112925837,-109.95287169440957,-115.75283672355623,137.1007112925837,-109.95287169440957,31.78544707789756,143.51808716783694,0.03241213572208406,0.14634772034062288,9.815934691541258,4.2695877300092196e-16,0.8868392015000582,0.931415120887378,faltinsen_ch9_reduced_order_planing_plus_matched_bie_replace_with_matched_bie,heave_pitch_2x2_v1,FnB=1.67,2.34575
106,3.708187360740968,8.47558722797604,1.4021764315397272,4.481023333333333,0.01,-0.3020847492375759,0.3348691228833224,-1.2633662396568206,0.45726239473453745,0.45099060431740123,1.3435710450672043,0.958203985494059,2.0254674979505727,-137.94644587001142,-109.89720117511709,-115.90716864401783,137.94644587001142,-109.89720117511709,32.397171121124536,145.50063017543175,0.03303592064683102,0.14836935158839334,9.92845334761079,1.5933342891834417e-16,0.8880107524045175,0.9321325522324925,faltinsen_ch9_reduced_order_planing_plus_matched_bie_replace_with_matched_bie,heave_pitch_2x2_v1,FnB=1.67,2.358433333333333
107,3.6982563352624274,8.440154917596814,1.394676053627761,4.505121666666666,0.01,-0.3056066620948725,0.34879797992439304,-1.2926942594147712,0.46644670370435615,0.4637407279031106,1.3742747089721776,0.9853719832626965,2.07129178728354,-138.7760982881762,-109.84111498709242,-116.05968517393391,138.7760982881762,-109.84111498709242,33.03513421248155,147.55098715508694,0.033686461954369286,0.1504601338429402,10.045219161432351,3.0596952539611626e-16,0.889164434166228,0.9328388832764302,faltinsen_ch9_reduced_order_planing_plus_matched_bie_replace_with_matched_bie,heave_pitch_2x2_v1,FnB=1.67,2.3711166666666665
108,3.6884046746523262,8.40507333822146,1.3872554892850395,4.52922,0.01,-0.3092421209097066,0.36322531139812797,-1.3229952677435202,0.47590485149271217,0.47703596948762744,1.405987875533089,1.0135031985043388,2.1186477919444022,-139.58965048523027,-109.78455759991216,-116.21035204469872,139.58965048523027,-109.78455759991216,33.70032905428747,149.67241949355304,0.034364771919348065,0.15262339279320972,10.166427586315308,8.011751061208656e-17,0.8903006033477063,0.9335343397388156,faltinsen_ch9_reduced_order_planing_plus_matched_bie_replace_with_matched_bie,heave_pitch_2x2_v1,FnB=1.67,2.3838
109,3.6786313274232056,8.370337129765291,1.379913471277084,4.553318333333333,0.01,-0.3129976386300637,0.37817585751594535,-1.354318237218212,0.4856488696245023,0.4909017223395295,1.4387608252344801,1.0426456840825926,2.1676119666526685,-140.38710743290486,-109.72747188951415,-116.35913295916893,140.38710743290486,-109.72747188951415,34.39382335709228,151.86840806438946,0.03507193930352596,0.15486267794240588,10.292287553744819,1.442114890677714e-16,0.891419607798561,0.9342191416873546,faltinsen_ch9_reduced_order_planing_plus_matched_bie_replace_with_matched_bie,heave_pitch_2x2_v1,FnB=1.67,2.3964833333333333
110,3.668935261488108,8.335941042276527,1.3726487590554177,4.577416666666666,0.01,-0.31688021592474575,0.39367602822046005,-1.386715488822178,0.49569152564035257,0.5053651021192005,1.4726472542774771,1.0728507526505708,2.218265954691433,-141.1684950208023,-109.66979888771607,-116.50598935541055,141.1684950208023,-109.66979888771607,35.11676627977383,154.1426718042445,0.03580913592284198,0.1571817815505239,10.423022599065694,1.5425258218190717e-16,0.8925217869052222,0.934893503704989,faltinsen_ch9_reduced_order_planing_plus_matched_bie_replace_with_matched_bie,heave_pitch_2x2_v1,FnB=1.67,2.4091666666666667
111,3.65931546370277,8.30187993310265,1.3654601380587885,4.601515,0.01,-0.3208973873794455,0.4097540462467681,-1.4202429831383792,0.5060463782353045,0.5204551005058481,1.507704569230614,1.1041732579422259,2.2706970357877356,-141.933857951193,-109.61147751239353,-116.65088015041651,141.933857951193,-109.61147751239353,35.87039549802675,156.49918821189044,0.03657762385526837,0.15958475953754897,10.558872104492101,2.8997414104931196e-16,0.8936074718325357,0.9355576350513817,faltinsen_ch9_reduced_order_planing_plus_matched_bie_replace_with_matched_bie,heave_pitch_2x2_v1,FnB=1.67,2.42185
112,3.6497709394209488,8.268148764144142,1.358346419036233,4.625613333333333,0.01,-0.3250572729947786,0.4264401051400643,-1.4549606424219124,0.516727837358244,0.5362027545608761,1.543994212715097,1.1366719056914685,2.324998621150598,-142.68325765383398,-109.5524442755323,-116.79376146105153,142.68325765383398,-109.5524442755323,36.65604498137588,158.94221600619815,0.037378763371157205,0.16207595458816024,10.700092673804987,8.642262523661206e-17,0.8946769857575166,0.9362117398189378,faltinsen_ch9_reduced_order_planing_plus_matched_bie_replace_with_matched_bie,heave_pitch_2x2_v1,FnB=1.67,2.4345333333333334
113,3.640300712062441,8.234742599192487,1.3513064373911903,4.649711666666666,0.01,-0.32936863570487024,0.4437665440840871,-1.4909327074409138,0.5277512297806007,0.552641333809209,1.5815820240038232,1.1704095978830673,2.3812708015625015,-143.41677022797995,-109.49263296599737,-116.93458629910579,143.41677022797995,-109.49263296599737,37.47515357032454,161.47632021294442,0.038214021679497626,0.164660021733155,10.846959655152315,2.773167540630788e-16,0.8957306440955428,0.9368560170835952,faltinsen_ch9_reduced_order_planing_plus_matched_bie_replace_with_matched_bie,heave_pitch_2x2_v1,FnB=1.67,2.4472166666666664
114,3.6309038226933694,8.201656601349455,1.3443390525459074,4.67381,0.01,-0.33384094574781453,0.46176804166220303,-1.5282281335421875,0.5391328707003922,0.5698065473108758,1.6205386389776344,1.205453814577997,2.4396209552774164,-144.13448441647424,-109.43197430342913,-117.07330423690375,144.13448441647424,-109.43197430342913,38.329274458560704,164.10639998958706,0.03908498259707515,0.16734195672282284,10.999768830756462,1.9565006846879238e-16,0.896768754719261,0.9374906610505513,faltinsen_ch9_reduced_order_planing_plus_matched_bie_replace_with_matched_bie,heave_pitch_2x2_v1,FnB=1.67,2.4598999999999998
115,3.621579329618322,8.168886030524703,1.3374431473254063,4.6979083333333325,0.01,-0.33848445285224826,0.48048183098435354,-1.566921031062158,0.5508901420119235,0.5877367733337456,1.6609399345403233,1.2418770381842696,2.500164423478527,-144.8364996145797,-109.37039555916812,-117.20986103940392,144.8364996145797,-109.37039555916812,39.220085700635316,166.8377195429049,0.03999335726332164,0.17012712755416468,11.158838295120324,2.259336572371999e-16,0.8977916181704638,0.9381158611951358,faltinsen_ch9_reduced_order_planing_plus_matched_bie_replace_with_matched_bie,heave_pitch_2x2_v1,FnB=1.67,2.472583333333333
116,3.6123263079839596,8.136426241009028,1.3306176273603143,4.722006666666666,0.01,-0.34331026736140613,0.4999479389766989,-1.60709115598126,0.5630415779431303,0.6064733146337185,1.7028675233634214,1.279757225779113,2.5630252622182135,-145.52292391403697,-109.30782013951485,-117.34419825812732,145.52292391403697,-109.30782013951485,40.149401883607524,169.67594254792033,0.04094099604208117,0.17302130956842585,11.324510546581973,3.8583544940854523e-16,0.8987995278651913,0.9387318023990052,faltinsen_ch9_reduced_order_planing_plus_matched_bie_replace_with_matched_bie,heave_pitch_2x2_v1,FnB=1.67,2.4852666666666665
117,3.6031438493937036,8.104272679120522,1.3238614205078876,4.746104999999999,0.01,-0.3483304516024389,0.5202094530568439,-1.6488244576330442,0.5756069588425591,0.6260606828121853,1.7464093057347359,1.3191783359505571,2.6283370811350886,-146.1938721807159,-109.24416712593006,-117.47625278154972,146.1938721807159,-109.24416712593006,41.119187122341486,172.6271705393205,0.04192990177312487,0.1760307245994509,11.49715482089147,3.070949662900689e-16,0.8997927702922951,0.939338665081839,faltinsen_ch9_reduced_order_planing_plus_matched_bie_replace_with_matched_bie,heave_pitch_2x2_v1,FnB=1.67,2.4979499999999994
118,3.5940310615331406,8.072420880921118,1.3171734762905818,4.770203333333332,0.01,-0.353558123030502,0.5413128189176827,-1.6922136913540191,0.5886074139868858,0.6465469157651744,1.7916600863462704,1.360230917640352,2.696243980856304,-146.84946416212512,-109.17935076595539,-117.60595633576507,146.84946416212512,-109.17935076595539,42.13156956303068,175.69798582042657,0.0429622445616298,0.17916208472865514,11.677169699978169,6.848887827553716e-17,0.900771625205697,0.9399366253286878,faltinsen_ch9_reduced_order_planing_plus_matched_bie_replace_with_matched_bie,heave_pitch_2x2_v1,FnB=1.67,2.510633333333333
119,3.584987067805805,8.040866470001104,1.3105527653515587,4.794301666666666,0.01,-0.35843175404269406,0.5599420305857616,-1.7276047763144031,0.5981551861258884,0.6648371228523783,1.8282253389102874,1.395003228595578,2.7522502936868882,-147.37575898289452,-109.09758332055522,-117.70378704652953,147.37575898289452,-109.09758332055522,42.98539892738919,177.94821130712336,0.04383290820758281,0.181456676140296,11.806516265024637,3.262890414097141e-16,0.9017363658105658,0.9405258550131607,faltinsen_ch9_reduced_order_planing_plus_matched_bie_replace_with_matched_bie,heave_pitch_2x2_v1,FnB=1.67,2.523316666666666
120,3.576011006978984,8.009605155329183,1.3039982789265292,4.818399999999999,0.01,-0.36330987216843486,0.5782713066298083,-1.7614266875452518,0.6068954702524156,0.6829288156802217,1.8630475268788875,1.4287193142713164,2.8060055249703106,-147.86013156482093,-109.0112714098973,-117.79268442788883,147.86013156482093,-109.0112714098973,43.812461407524005,180.01584638013873,0.044676277227722015,0.1835650771467716,11.924758175494942,1.7650898724740372e-16,0.9026872589436258,0.9411065219165808,faltinsen_ch9_reduced_order_planing_plus_matched_bie_replace_with_matched_bie,heave_pitch_2x2_v1,FnB=1.67,2.5359999999999996
121,3.5671020328392316,7.978632729165872,1.2975090283313648,4.8424983333333325,0.01,-0.368360524652177,0.5972736676567459,-1.7964856955634707,0.6159521237478037,0.7017302260827648,1.899146617066096,1.4636866299947484,2.86172797399276,-148.33634648397404,-108.92504883401777,-117.88133946764322,148.33634648397404,-108.92504883401777,44.67114989474218,182.17353982003033,0.04555189580003588,0.18576531213006514,12.04874108642935,3.224826201867967e-16,0.9036245652478021,0.9416787898432667,faltinsen_ch9_reduced_order_planing_plus_matched_bie_replace_with_matched_bie,heave_pitch_2x2_v1,FnB=1.67,2.548683333333333
122,3.5582593138572807,7.947945065038072,1.2910840444649383,4.866596666666666,0.01,-0.37359381587973767,0.6169835649798667,-1.832844883407957,0.625338078074919,0.7212773798746559,1.936586708238276,1.4999695151843133,2.919517368638904,-148.804397057035,-108.83884040365383,-117.96966229133443,148.804397057035,-108.83884040365383,45.562970015435624,184.42541806864168,0.04646129923616691,0.1880615888898265,12.178712549501313,2.7319005570927075e-16,0.9045485393414012,0.942242818732089,faltinsen_ch9_reduced_order_planing_plus_matched_bie_replace_with_matched_bie,heave_pitch_2x2_v1,FnB=1.67,2.5613666666666663
123,3.5494820328620404,7.917538115772668,1.2847223773266554,4.890694999999999,0.01,-0.37902063638892197,0.6374378940944909,-1.8705719201747415,0.6350671352724446,0.7416088670156816,1.9754365529799658,1.5376369150591112,2.979480636855373,-149.26427919932462,-108.75256880150663,-118.05756166399836,149.26427919932462,-108.75256880150663,46.48953896883704,186.7759237175549,0.04740613662039233,0.1904584376087195,12.314939862963795,1.1129138787962487e-16,0.9054594299820184,0.9427987647644231,faltinsen_ch9_reduced_order_planing_plus_matched_bie_replace_with_matched_bie,heave_pitch_2x2_v1,FnB=1.67,2.5740499999999997
124,3.5407693867234022,7.887407911587234,1.278423095548186,4.914793333333333,0.01,-0.38465274028234375,0.6586762125691781,-1.9097394736179438,0.6451540304801948,0.7627660739775945,2.0157699720303857,1.5767627939841204,3.041732549671587,-149.71599064317667,-108.6661542397574,-118.14494461344576,149.71599064317667,-108.6661542397574,47.45259549975694,189.22984283416088,0.048388180978985625,0.19296073871725908,12.457711739508852,3.120036685147922e-16,0.9063574802253532,0.9433467804686402,faltinsen_ch9_reduced_order_planing_plus_matched_bie_replace_with_matched_bie,heave_pitch_2x2_v1,FnB=1.67,2.586733333333333
125,3.5321205860435625,7.857550558235825,1.2721852859389007,4.938891666666666,0.01,-0.39050283189016827,0.6807409818050996,-1.9504256687585588,0.6556145003042112,0.7847934416285677,2.057666314629613,1.617426594516073,3.106396435507994,-150.1595301486723,-108.57951408792604,-118.23171602556957,150.1595301486723,-108.57951408792604,48.45401096733065,191.79233537252094,0.049409340567197424,0.19557375390425982,12.607340164930632,3.416502363604695e-16,0.9072429275791094,0.9438870148212524,faltinsen_ch9_reduced_order_planing_plus_matched_bie_replace_with_matched_bie,heave_pitch_2x2_v1,FnB=1.67,2.5994166666666665
126,3.5235348548566066,7.827962235208087,1.2660080530445532,4.96299,0.01,-0.3965846629905645,0.7036778357557939,-1.9927145985453858,0.6664653575881363,0.8077387519819126,2.1012109708739337,1.6597137481241504,3.17360497507536,-150.59489670201816,-108.4925624666776,-118.31777820718821,150.59489670201816,-108.4925624666776,49.495801653810126,194.4689690676033,0.05047167142072995,0.19830316067933834,12.764162472070451,1.9447960699593756e-16,0.908116004152152,0.9444196133448426,faltinsen_ch9_reduced_order_planing_plus_matched_bie_replace_with_matched_bie,heave_pitch_2x2_v1,FnB=1.67,2.6121
127,3.5150114303360778,7.798639193979845,1.2598905187187552,4.987088333333333,0.01,-0.4029131421099164,0.727535880166508,-2.03669689354038,0.6777245732175206,0.831653447665878,2.146495942996377,1.7037162444711897,3.243501087589447,-151.0220886961391,-108.4052098025471,-118.40303041130693,151.0220886961391,-108.4052098025471,50.58014247935712,197.26575727265526,0.05157739134093409,0.20115509095629525,12.928543658293469,3.702733964500884e-16,0.9089769367990794,0.9449447182028814,faltinsen_ch9_reduced_order_planing_plus_matched_bie_replace_with_matched_bie,heave_pitch_2x2_v1,FnB=1.67,2.6247833333333332
128,3.5065495625102994,7.769577756313483,1.2538318217068187,5.011186666666666,0.01,-0.40950445767917903,0.7523680264398969,-2.082470358691393,0.6894113656492085,0.8565929885705251,2.1936204835646858,1.7495332672116661,3.3162389206937624,-151.44110308723776,-108.31736233780556,-118.48736831893606,151.44110308723776,-108.31736233780556,51.70938231454119,200.1892012712836,0.052728895509211796,0.20413617419942956,13.100878979171888,2.05525039877659e-16,0.9098259472603736,0.9454624682915641,faltinsen_ch9_reduced_order_planing_plus_matched_bie_replace_with_matched_bie,heave_pitch_2x2_v1,FnB=1.67,2.6374666666666666
129,3.4981485139851887,7.740774312606437,1.2478311172415437,5.035285,0.01,-0.416376217125663,0.7782313648788975,-2.130140686541336,0.7015462989288828,0.8826172508336493,2.242691809856987,1.7972719055241089,3.39198495844863,-151.85193452013232,-108.22892158880555,-118.57068347072726,151.85193452013232,-108.22892158880555,52.88606111258233,203.24633768039106,0.053928773957041744,0.20725358576108158,13.281596856260354,1.7904643476325034e-16,0.9106632522982739,0.9459729993287378,faltinsen_ch9_reduced_order_planing_plus_matched_bie_replace_with_matched_bie,heave_pitch_2x2_v1,FnB=1.67,2.65015
130,3.4898075596743516,7.7122253202862705,1.2418875766505642,5.059383333333333,0.01,-0.423547604341513,0.8051875828172832,-2.1798222577437087,0.7141513900359535,0.9097909741619633,2.29382590517353,1.8470479520860483,3.4709192640673248,-152.25457441408452,-108.1397837450972,-118.65286264064444,152.25457441408452,-108.1397837450972,54.112929119228575,206.44479166002768,0.055179831154602815,0.21051510114058083,13.47116214300387,2.2171301605689462e-16,0.911489063828524,0.9464764439400641,faltinsen_ch9_reduced_order_planing_plus_matched_bie_replace_with_matched_bie,heave_pitch_2x2_v1,FnB=1.67,2.6628333333333334
131,3.4815259865362163,7.683927302250728,1.2360003869748564,5.083481666666666,0.01,-0.43103955840413877,0.8333034340473501,-2.231639041558981,0.727250226475917,0.9381842644727854,2.3471484196189127,1.8989867999666412,3.5532368768332407,-152.64900999954764,-108.04983900036002,-118.73378714264648,152.64900999954764,-108.04983900036002,55.39296846065942,209.79283676462163,0.05648510802430945,0.21392915701551668,13.670079800111342,7.552401916920053e-16,0.9123035890481312,0.9469729317424808,faltinsen_ch9_reduced_order_planing_plus_matched_bie_replace_with_matched_bie,heave_pitch_2x2_v1,FnB=1.67,2.6755166666666663
132,3.4733030933179965,7.655876845351365,1.2301687505980496,5.10758,0.01,-0.4388749769461213,0.8626512670211348,-2.2857256111541924,0.7408680951248956,0.9678731600176893,2.402795685001161,1.9532244530134875,3.6391493859061796,-153.03522329474725,-107.95897080471342,-118.8133320598807,153.03522329474725,-107.95897080471342,56.729417460353595,213.2994624108473,0.05784790673711574,0.21750492003981717,13.878899040398398,1.307865219438675e-16,0.9131070305592707,0.9474625894250719,faltinsen_ch9_reduced_order_planing_plus_matched_bie_replace_with_matched_bie,heave_pitch_2x2_v1,FnB=1.67,2.6881999999999997
133,3.465138190306281,7.6280705989193045,1.2243918848861832,5.1316783333333325,0.01,-0.447078948202939,0.8933096205723291,-2.342228291093833,0.7550321234177202,0.9989402705534124,2.460915861014555,2.009908666818154,3.7288867076333743,-153.41319000921092,-107.8670550261954,-118.89136538411486,153.41319000921092,-107.8670550261954,58.12579809618744,216.97445010538846,0.05927181871096393,0.2212523645744352,14.09821801344901,1.430738285076781e-16,0.913899586489468,0.9479455408274438,faltinsen_ch9_reduced_order_planing_plus_matched_bie_replace_with_matched_bie,heave_pitch_2x2_v1,FnB=1.67,2.700883333333333
134,3.457030599084034,7.600505273331741,1.2186690218375609,5.155776666666666,0.01,-0.4556790165317226,0.9253638974245524,-2.401306457485368,0.7697714340567745,1.0314755008065268,2.521670232891436,2.0692002403484047,3.822699097660178,-153.78287835922106,-107.77395900707377,-118.96774705101669,153.78287835922106,-107.77395900707377,59.58594708127797,220.82845977701297,0.06076075630442402,0.22518236072156445,14.328689112831208,6.843300873007972e-16,0.9146814506081833,0.9484219070156754,faltinsen_ch9_reduced_order_planing_plus_matched_bie_replace_with_matched_bie,heave_pitch_2x2_v1,FnB=1.67,2.7135666666666665
135,3.448979652293829,7.573177638617939,1.2129994077423853,5.179874999999998,0.01,-0.46470548712542065,0.95890712757276,-2.4631340149428707,0.7851173144996068,1.0655768714993377,2.5852346843363487,2.1312744819454985,3.9208594347600982,-154.14424777759405,-107.67954049809586,-119.04232785433221,154.14424777759405,-107.67954049809586,61.11405113893395,224.8731277991606,0.06231898878713317,0.22930677427986174,14.571025003490432,2.0938684005384256e-16,0.9154528124399165,0.9488918063559443,faltinsen_ch9_reduced_order_planing_plus_matched_bie_replace_with_matched_bie,heave_pitch_2x2_v1,FnB=1.67,2.7262499999999994
136,3.440984693407112,7.5460845231033815,1.2073823028518442,5.203973333333332,0.01,-0.47419177678515195,0.99404083581672,-2.5279010790011314,0.8011034025526221,1.1013514536431424,2.6518013739336648,2.1963228777414527,4.023665820090817,-154.49724749709668,-107.58364645069446,-119.11494821893146,154.49724749709668,-107.58364645069446,62.71468714687343,229.12117858095382,0.06395118327550534,0.23363858053560987,14.826005484903364,3.7400185206265524e-16,0.9162138573739526,0.9493553545858981,faltinsen_ch9_reduced_order_planing_plus_matched_bie_replace_with_matched_bie,heave_pitch_2x2_v1,FnB=1.67,2.7389333333333328
137,3.4330450764993286,7.519222812090927,1.2018169810563526,5.228071666666666,0.01,-0.4841748190113715,1.0308760303743325,-2.595815898031653,0.8177658894463491,1.1389164347593883,2.7215806485231804,2.264554995828909,4.1314445438048,-154.84181498306253,-107.48611164342158,-119.18543680894528,154.84181498306253,-107.48611164342158,64.39286795282541,233.5865519579118,0.06566245145164293,0.2381919941650939,15.094485327332409,1.7342641171985743e-16,0.9169647667708554,0.949812664883855,faltinsen_ch9_reduced_order_planing_plus_matched_bie_replace_with_matched_bie,heave_pitch_2x2_v1,FnB=1.67,2.751616666666666
138,3.425160166030726,7.492589446577737,1.1963027295726505,5.252169999999999,0.01,-0.4946955333987992,1.0695343327164064,-2.667107055311156,0.8351437417810964,1.1784003392836626,2.794803233490093,2.336200665937181,4.244553480945787,-155.17787418621637,-107.38675711432245,-119.25360894266191,155.17787418621637,-107.38675711432245,66.15409481808885,238.28454904351844,0.06745840304088435,0.24298261796181003,15.37740324498507,1.6390414351488546e-16,0.9177057180658204,0.9502638479359071,faltinsen_ch9_reduced_order_planing_plus_matched_bie_replace_with_matched_bie,heave_pitch_2x2_v1,FnB=1.67,2.7642999999999995
139,3.417329336632673,7.466181422006887,1.1908388486394748,5.2762683333333324,0.01,-0.5057993714572221,1.1101492726797004,-2.7420259999638583,0.853278943689762,1.2199444297990745,2.8717227477982816,2.411512482213026,4.363385990783086,-155.50533358114652,-107.28538836538726,-119.31926478027827,155.50533358114652,-107.28538836538726,68.00441763433147,243.23199972795132,0.06934520721584993,0.248027613637635,15.675792202215163,4.1507855415941003e-16,0.9184368848689891,0.9507090120009929,faltinsen_ch9_reduced_order_planing_plus_matched_bie_replace_with_matched_bie,heave_pitch_2x2_v1,FnB=1.67,2.776983333333333
140,3.409551972899324,7.439995787052546,1.1854246512215358,5.300366666666665,0.01,-0.5175369536425066,1.1528677777062224,-2.820849965415481,0.8722167604384153,1.263704321136416,2.952618601271455,2.4907686863343796,4.488375408736303,-155.82408394902978,-107.18179329837145,-119.38218724375837,155.82408394902978,-107.18179329837145,69.95050429055101,248.447455654874,0.071329663331057,0.2533458986043899,15.990791288584408,1.9365279149983054e-16,0.9191584370628242,0.9511482629740112,faltinsen_ch9_reduced_order_planing_plus_matched_bie_replace_with_matched_bie,heave_pitch_2x2_v1,FnB=1.67,2.7896666666666663
141,3.40182746918448,7.414029642437679,1.1800594627215293,5.324464999999999,0.01,-0.5299648157157331,1.1978518909459452,-2.90388534623869,0.8920060244325687,1.3098518460266366,3.037799343558391,2.5742765000607872,4.620000238541592,-156.1339958547761,-107.07573983282566,-119.44213961960189,156.1339958547761,-107.07573983282566,71.99972085277513,253.951413302039,0.07341928268345983,0.25895837345274786,16.323659447537196,4.796799404439264e-16,0.919870540896644,0.9515817044470555,faltinsen_ch9_reduced_order_planing_plus_matched_bie_replace_with_matched_bie,heave_pitch_2x2_v1,FnB=1.67,2.8023499999999997
142,3.394155229403486,7.388280139783269,1.1747426206999363,5.348563333333333,0.01,-0.543146286745611,1.2452807602341527,-2.99147161945872,0.9126994441578976,1.3585772192315366,3.1276065490072615,2.662375991043696,4.758790175238536,-156.43491675829816,-106.96697314669758,-119.49886278485113,156.43491675829816,-106.96697314669758,74.16022457313586,259.76657277658717,0.0756223833553108,0.26488818584999685,16.67579140408661,2.684349992244061e-16,0.9205733590784078,0.9520094377688028,faltinsen_ch9_reduced_order_planing_plus_matched_bie_replace_with_matched_bie,heave_pitch_2x2_v1,FnB=1.67,2.815033333333333
143,3.386534666840022,7.362744480488056,1.1694734746023627,5.372661666666666,0.01,-0.5571525263843982,1.2953529489836475,-3.083985915331718,0.9343539358714955,1.4100915573455328,3.2224193400988286,2.7554445740588482,4.905333118122251,-156.72666768656566,-106.85521246680513,-119.55207198360233,156.72666768656566,-106.85521246680513,76.4410721860666,265.9181391632166,0.07794820064554829,0.27116103782965295,17.04873621246366,3.9785744109062174e-16,0.9212670508638408,0.9524315621021532,faltinsen_ch9_reduced_order_planing_plus_matched_bie_replace_with_matched_bie,heave_pitch_2x2_v1,FnB=1.67,2.8277166666666664
144,3.378965203957645,7.3374199146378665,1.164251385494183,5.39676,0.01,-0.5720637558190732,1.3482891312983034,-3.181848366365921,0.9570309767483188,1.4646298243238658,3.322659675170077,2.8539022727980066,5.060283368590902,-157.00903937674414,-106.74014732010188,-119.60145306491117,157.00903937674414,-106.74014732010188,78.85234650198035,272.4341748008171,0.08040701615942279,0.2778055450136562,17.444218939324536,5.028186144307152e-16,0.9219517721429882,0.9528481744801488,faltinsen_ch9_reduced_order_planing_plus_matched_bie_replace_with_matched_bie,heave_pitch_2x2_v1,FnB=1.67,2.8404
145,3.371446272215943,7.312303739943642,1.1590757258022646,5.4208583333333324,0.01,-0.5879707254812971,1.404335247749204,-3.2855283933219623,0.9807969764965109,1.5224542889997785,3.4287985552419804,2.958217896305875,5.224371252907613,-157.28178778009183,-106.62143313600828,-119.64665807233683,157.28178778009183,-106.62143313600828,81.40530500505852,279.34601280016875,0.08301030933607147,0.28485365828307196,17.864166117352173,3.5110894701432126e-16,0.9226276755242773,0.9532593698602573,faltinsen_ch9_reduced_order_planing_plus_matched_bie_replace_with_matched_bie,heave_pitch_2x2_v1,FnB=1.67,2.853083333333333
146,3.3639773118911687,7.287393300707228,1.1539458790635468,5.444956666666666,0.01,-0.6049764738057124,1.4637662160908627,-3.395552124957512,1.0057236619222336,1.5838586013995555,3.5413633416318273,3.0689163208466272,5.398414467053933,-157.54462879011405,-106.49868606388632,-119.68730004917494,157.54462879011405,-106.49868606388632,84.11255504442774,286.68874457067835,0.08577093609380139,0.2923411609170087,18.31073575523739,3.4687351872379943e-16,0.9232949104161725,0.953665241177047,faltinsen_ch9_reduced_order_planing_plus_matched_bie_replace_with_matched_bie,heave_pitch_2x2_v1,FnB=1.67,2.8657666666666666
147,3.3565577719012274,7.26268598681415,1.1488612396802713,5.469055,0.01,-0.6231984458921209,1.5268903138367151,-3.512511196848523,1.031888465166148,1.6491726208771287,3.660946423061828,3.1865871148030647,5.5833315137697435,-157.79723202505022,-106.37147683629019,-119.72294688998463,157.79723202505022,-106.37147683629019,86.98826133401103,294.501797256315,0.08870334042105207,0.3003082574134032,18.78635288283753,7.362571856208459e-16,0.9239536231064968,0.954065879393332,faltinsen_ch9_reduced_order_planing_plus_matched_bie_replace_with_matched_bie,heave_pitch_2x2_v1,FnB=1.67,2.87845
148,3.34918710963489,7.238179232752503,1.143821212681651,5.493153333333333,0.01,-0.6427710600025085,1.5940543785396248,-3.637073237068124,1.0593749007894209,1.7187681627602072,3.78821553138411,3.311894804348631,5.780157695532694,-158.03921345179833,-106.23932346563156,-119.75311402602516,158.03921345179833,-106.23932346563156,90.04839292262028,302.82962100377915,0.09182380621580283,0.308800274307515,19.29375185794666,4.589277327853444e-16,0.9246039568394971,0.9544613735498171,faltinsen_ch9_reduced_order_planing_plus_matched_bie_replace_with_matched_bie,heave_pitch_2x2_v1,FnB=1.67,2.8911333333333333
149,3.3418647907851144,7.213870516657192,1.1388252134917876,5.517251666666666,0.01,-0.6638488350016806,1.66565000882398,-3.769994427370525,1.088272908728105,1.7930658737560128,3.9239260831820393,3.445591155424779,5.990064248380226,-158.270126582737,-106.1016825062307,-119.77725567654878,158.270126582737,-106.1016825062307,93.31101866666381,311.7225111893346,0.09515075858388321,0.3178684986099582,19.836026981417433,6.723183952747005e-16,0.9252460518907244,0.9548518108133025,faltinsen_ch9_reduced_order_planing_plus_matched_bie_replace_with_matched_bie,heave_pitch_2x2_v1,FnB=1.67,2.9038166666666663
150,3.3345902891863552,7.189757359378744,1.133872667703644,5.541349999999999,0.01,-0.6866102253610524,1.742120997396642,-3.9121346340356835,1.1186791281314075,1.8725435031370101,4.0689360263511585,3.5885299489507063,6.214381359378727,-158.48945190430095,-105.95793854109871,-119.79475432527347,158.48945190430095,-105.95793854109871,96.79666267615598,321.23759751217995,0.09870512629303176,0.3275711864012481,20.416693384812806,4.941215089317488e-16,0.9258800456397985,0.955237276523504,faltinsen_ch9_reduced_order_planing_plus_matched_bie_replace_with_matched_bie,heave_pitch_2x2_v1,FnB=1.67,2.9164999999999996
151,3.327363086655757,7.16583732357598,1.1289630108588893,5.565448333333332,0.01,-0.7112623553428278,1.823972290128056,-4.0644757412872785,1.1506970494083566,1.957745911318119,4.2242238045621905,3.7416848594078362,6.454626017992519,-158.69658410066538,-105.80739145727156,-119.80490798583529,158.69658410066538,-105.80739145727156,100.52873440811403,331.44004077096764,0.102510780346106,0.3379747832042213,21.0397607031474,3.7695330904975525e-16,0.9265060726411244,0.9556178542385113,faltinsen_ch9_reduced_order_planing_plus_matched_bie_replace_with_matched_bie,heave_pitch_2x2_v1,FnB=1.67,2.929183333333333
152,3.3201826728381145,7.1421080128318035,1.124095688233438,5.589546666666666,0.01,-0.7380469049738905,1.9117808479608067,-4.228144004224061,1.1844369656446398,2.049297256273789,4.390910229786229,3.906171223454048,6.712535926466424,-158.89081650919965,-105.6492409468005,-119.80691469330503,158.89081650919965,-105.6492409468005,104.53405232578369,342.4044899429649,0.10659506796488476,0.3491554097912793,21.709822771799836,1.126820254369525e-15,0.9271242646926249,0.9559936257789455,faltinsen_ch9_reduced_order_planing_plus_matched_bie_replace_with_matched_bie,heave_pitch_2x2_v1,FnB=1.67,2.9418666666666664
153,3.3130485450544973,7.118567070791446,1.1192701546285144,5.613644999999999,0.01,-0.7672474839215279,2.006208898009345,-4.404437484467188,1.2200156056677456,2.147915930392944,4.570285290072436,4.083272721221904,6.990111061811926,-159.0713220747256,-105.48256750085501,-119.7998534892068,159.0713220747256,-105.48256750085501,108.84348571660571,354.21686796402065,0.1109894670622544,0.361200683173174,22.432167557915292,4.989980584661856e-16,0.9277347509025524,0.9563646712708606,faltinsen_ch9_reduced_order_planing_plus_matched_bie_replace_with_matched_bie,heave_pitch_2x2_v1,FnB=1.67,2.95455
154,3.3059602081544366,7.095212180322484,1.114485874167073,5.637743333333332,0.01,-0.799198944930178,2.108020206816012,-4.594859964422755,1.2575552728830313,2.254432998765351,4.763841239694181,4.274474311533564,7.289664978024497,-159.23712984029723,-105.30630893505548,-119.78266093813762,159.23712984029723,-105.30630893505548,113.49274692146034,366.97657590456413,0.11573039409121397,0.37421196423300945,23.212912847517188,4.485501006193784e-16,0.9283376577544404,0.956731069187406,faltinsen_ch9_reduced_order_planing_plus_matched_bie_replace_with_matched_bie,heave_pitch_2x2_v1,FnB=1.67,2.9672333333333327
155,3.2989171743715775,7.072041062696006,1.1097423200954202,5.661841666666666,0.01,-0.8342992501996702,2.218100206631428,-4.801163190106905,1.2971822263553685,2.369815133199659,4.973313755074154,4.481503196747988,7.61388861363055,-159.38709569895485,-105.11923117086685,-119.7541019008027,159.38709569895485,-105.11923117086685,118.52337667345635,380.799234278096,0.12086020881081344,0.38830715308295494,24.059174997092033,1.1137505994813097e-15,0.9289331091702514,0.9570928963893295,faltinsen_ch9_reduced_order_planing_plus_matched_bie_replace_with_matched_bie,heave_pitch_2x2_v1,FnB=1.67,2.979916666666666
156,3.2919189631826993,7.049051476788295,1.105038974589881,5.685939999999999,0.01,-0.8730247332135723,2.3374810753724113,-5.02539991888941,1.3390239073245809,2.495193371770371,5.200733541449751,4.706380192047007,7.965930302369696,-159.51986569816358,-104.91989156512177,-119.71273285551891,159.51986569816358,-104.91989156512177,123.98397964681854,395.8201202563435,0.12642847419538636,0.40362419404826677,24.979280522779693,2.765958707851209e-16,0.9295212265717795,0.9574502281643195,faltinsen_ch9_reduced_order_planing_plus_matched_bie_replace_with_matched_bie,heave_pitch_2x2_v1,FnB=1.67,2.9925999999999995
157,3.2849651011700094,7.026241218302427,1.1003753285683582,5.710038333333332,0.01,-0.9159499274401811,2.4673732425197126,-5.269991122768418,1.3832044095574052,2.631899501781919,5.448491614444953,4.951484709797798,8.349496986021915,-159.6338295836581,-104.706592474733,-119.65685545523105,159.6338295836581,-104.706592474733,129.93178740862714,412.19851541529914,0.13249355020177853,0.420325509134413,25.983033737871697,5.005826650312025e-16,0.9301021289403612,0.9578031382652382,faltinsen_ch9_reduced_order_planing_plus_matched_bie_replace_with_matched_bie,heave_pitch_2x2_v1,FnB=1.67,3.005283333333333
158,3.278055121886629,7.003608119009229,1.0957508815066472,5.734136666666665,0.01,-0.9637736121951078,2.609205310736534,-5.537811933181035,1.4298372736071603,2.7815125254327615,5.719422666343049,5.219637750579672,8.768983466748786,-159.7270614126322,-104.47732188685312,-119.58445715028449,159.7270614126322,-104.47732188685312,136.43465435243343,430.12325753303344,0.13912462905521603,0.43860365928531503,27.082058505320045,5.567643249739051e-16,0.9306759328749454,0.958151698947293,faltinsen_ch9_reduced_order_planing_plus_matched_bie_replace_with_matched_bie,heave_pitch_2x2_v1,FnB=1.67,3.0179666666666662
159,3.2711885657251702,6.9811500460069915,1.0911651412593593,5.758234999999999,0.01,-1.0173534338357013,2.7646751121431112,-5.832302682445026,1.4790141836874315,2.9459186148026593,6.016912624860366,5.514208983908701,9.229639169168118,-159.79724283582436,-104.22967671433274,-119.49313447679191,159.79724283582436,-104.22967671433274,143.57363284640124,449.8199029397406,0.14640436116961578,0.45868864794781156,28.29023912558164,7.558753041167568e-16,0.9312427526485758,0.9584959810041608,faltinsen_ch9_reduced_order_planing_plus_matched_bie_replace_with_matched_bie,heave_pitch_2x2_v1,FnB=1.67,3.0306499999999996
160,3.264364979789337,6.958864900999448,1.0866176238853267,5.782333333333332,0.01,-1.077752524269483,2.9358156582354926,-6.157613966778853,1.530787344560536,3.12738933980244,6.34503898003288,5.8392564601938455,9.737785708906458,-159.8415628542864,-103.96076256254788,-119.37999281665168,159.8415628542864,-103.96076256254788,151.4463329129837,471.5600700997158,0.15443228106742232,0.48085744887368864,29.624295484725753,7.809903898276212e-16,0.9318027002633333,0.9588360538031099,faltinsen_ch9_reduced_order_planing_plus_matched_bie_replace_with_matched_bie,heave_pitch_2x2_v1,FnB=1.67,3.043333333333333
161,3.257583917768454,6.936750619591449,1.0821078534773516,5.806431666666666,0.01,-1.1463031663353587,3.1250812453270163,-6.5187984468965885,1.5851420140403334,3.3286849864541286,6.708756099005032,6.199711126249067,10.301104215021196,-159.85658519831827,-103.66706111534405,-119.2415137769535,159.85658519831827,-103.66706111534405,160.1713590061294,495.6737775121545,0.16332933163325847,0.5054465872771584,31.104542506601966,5.148051607644746e-16,0.9323558855037838,0.9591719853191403,faltinsen_ch9_reduced_order_planing_plus_matched_bie_replace_with_matched_bie,heave_pitch_2x2_v1,FnB=1.67,3.0560166666666664
162,3.250844939814853,6.9148051706018645,1.0776353619961798,5.8305299999999995,0.01,-1.224695094738028,3.335461178862075,-6.922067788486681,1.6419535129233915,3.5531928389508174,7.114143223678193,6.601623772349271,10.929019843591856,-159.83807046551598,-103.34425227729504,-119.07337732595677,159.83807046551598,-103.34425227729504,169.89424753875383,522.56595316437,0.17324391870695277,0.5328689747919727,32.7559063635132,1.0888559602479256e-15,0.9329024159889822,0.9595038421681915,faltinsen_ch9_reduced_order_planing_plus_matched_bie_replace_with_matched_bie,heave_pitch_2x2_v1,FnB=1.67,3.0686999999999998
163,3.2441476124240407,6.893026555393195,1.0731996891085749,5.854628333333332,0.01,-1.3151000677141167,3.5706318507518144,-7.3751418285217705,1.700919397757045,3.8051149787759373,7.568741228796083,7.052500392618319,11.633223918271108,-159.78073398483505,-102.9869720394108,-118.87021965276595,159.78073398483505,-102.9869720394108,180.7955295105183,552.7388501923373,0.184360132675805,0.5636367670839045,34.60930420409952,4.2604948980175786e-16,0.9334423972230694,0.9598316896394289,faltinsen_ch9_reduced_order_planing_plus_matched_bie_replace_with_matched_bie,heave_pitch_2x2_v1,FnB=1.67,3.081383333333333
164,3.237491508317564,6.8714128072174265,1.0688003820293714,5.878726666666666,0.01,-1.4203509458820154,3.835162834560224,-7.887730574160887,1.7614512017172974,4.089727469778389,8.08201731912174,7.561764998414493,12.42839444914748,-159.67791067521176,-102.58847733705736,-118.62529801945487,159.67791067521176,-102.58847733705736,193.10185625330485,586.8229744190496,0.1969090935776283,0.598392901163037,36.703547758403566,9.063447853304686e-16,0.9339759326445127,0.9601555917266462,faltinsen_ch9_reduced_order_planing_plus_matched_bie_replace_with_matched_bie,heave_pitch_2x2_v1,FnB=1.67,3.0940666666666665
165,3.230876206328515,6.849961990577683,1.0644369953674024,5.902824999999999,0.01,-1.5442045646612603,4.1348002049614205,-8.472211139775755,1.8224990252362014,4.413744495603441,8.666017787538133,8.141409801852067,13.333208258147689,-159.52108255754882,-102.14017355909895,-118.33001826463943,159.52108255754882,-102.14017355909895,207.10162773619322,625.6205215228515,0.21118488753671563,0.6379553889685585,39.088016843676385,8.92195375410509e-16,0.9345031236740242,0.9604756111588043,faltinsen_ch9_reduced_order_planing_plus_matched_bie_replace_with_matched_bie,heave_pitch_2x2_v1,FnB=1.67,3.10675
166,3.2243012912895956,6.828672200605209,1.0601090909751805,5.926923333333333,0.01,-1.69173671765721,4.476861982692838,-9.144596693674531,1.8822619891455532,4.785840191016624,9.33630327730121,8.80692690665719,14.371791163265437,-159.29919878629147,-101.63093457468044,-117.97325482490875,159.29919878629147,-101.63093457468044,223.16738460060918,670.167602326643,0.227567400285122,0.6833807695050226,41.826489136227224,2.905580240576271e-15,0.9350240697612009,0.9607918094297508,faltinsen_ch9_reduced_order_planing_plus_matched_bie_replace_with_matched_bie,heave_pitch_2x2_v1,FnB=1.67,3.1194333333333333
167,3.2177663539236794,6.807541562451279,1.055816237802235,5.951021666666667,0.01,-1.8699513987202312,4.870798952124305,-9.925952751859874,1.9376994345089906,5.217413215913704,10.113318799021965,9.578673292687405,15.575842321644403,-158.9976741839502,-101.04610126118529,-117.540349257639,158.9976741839502,-101.04610126118529,241.7886091324695,721.8253749827863,0.24655576484576233,0.7360570378088199,45.002748867716186,6.161433278248631e-16,0.935538868429924,0.96110424682712,faltinsen_ch9_reduced_order_planing_plus_matched_bie_replace_with_matched_bie,heave_pitch_2x2_v1,FnB=1.67,3.1321166666666667
168,3.2112709907368004,6.786568230693587,1.051558011751996,5.9751199999999995,0.01,-2.0887487495030834,5.3290030627696465,-10.84451577679425,1.983683400298976,5.723735229861613,11.02445110950024,10.483920987994237,16.987824470301646,-158.59687511508847,-100.36596737005264,-117.01159610186667,158.59687511508847,-100.36596737005264,263.62098314173613,782.4168673868653,0.2688185905908094,0.7978431649817883,48.729007148813565,2.8435063735080765e-15,0.936047615322554,0.9614129824604554,faltinsen_ch9_reduced_order_planing_plus_matched_bie_replace_with_matched_bie,heave_pitch_2x2_v1,FnB=1.67,3.1448
169,3.2048148039135134,6.765750388756748,1.0473339955421281,5.999218333333333,0.01,-2.3625155117839447,5.8679911130203415,-11.938943961249633,2.011481876549333,6.3257251952567035,12.107206211572738,11.56002408315384,18.665891205778863,-158.06976081641483,-99.56342084725047,-116.35988419400833,158.06976081641483,-99.56342084725047,289.56246397996887,854.4382316797785,0.2952715391902116,0.8712845178320615,53.15890232752944,4.4532559693964e-15,0.9365504042429582,0.9617180742885846,faltinsen_ch9_reduced_order_planing_plus_matched_bie_replace_with_matched_bie,heave_pitch_2x2_v1,FnB=1.67,3.1574833333333334
170,3.1983974012145535,6.745086248346493,1.0431437785682176,6.023316666666665,0.01,-2.712840827282939,6.510160493147306,-13.26344534054161,2.005940925072338,7.052779239470718,13.414275280327859,12.859469189127331,20.691742879701234,-157.37808067712487,-98.60014110269258,-115.54689393270796,157.37808067712487,-98.60014110269258,320.8745737111523,941.3954343994423,0.3272010051456433,0.959956187280511,58.50821822581177,1.863146541895977e-15,0.9370473271984049,0.9620195791462418,faltinsen_ch9_reduced_order_planing_plus_matched_bie_replace_with_matched_bie,heave_pitch_2x2_v1,FnB=1.67,3.170166666666666
171,3.192018395876746,6.7245740488971855,1.0389869567707175,6.047414999999998,0.01,-3.173363520988468,7.286407173899908,-14.896109276081141,1.9400123823436857,7.947450254024895,15.02190798828822,14.458225765391623,23.1836119495746,-156.46599424288686,-97.42021900212903,-114.51671726633322,156.46599424288686,-97.42021900212903,359.3828750576815,1048.3605244889957,0.36646854436293896,1.0690302238674734,65.08911145544609,2.7948378432479666e-15,0.9375384744403585,0.9623175527699913,faltinsen_ch9_reduced_order_planing_plus_matched_bie_replace_with_matched_bie,heave_pitch_2x2_v1,FnB=1.67,3.1828499999999993
172,3.1856774065151,6.704212057032313,1.0348631325050626,6.071513333333332,0.01,-3.6553201987175816,8.009532398075784,-16.434587494667404,1.7935109321340377,8.804202121202033,16.532161007671156,15.975214971328858,25.537305455198172,-155.46940790987006,-96.22805761304038,-113.4612264993416,155.46940790987006,-96.22805761304038,395.71771235939013,1147.8114604182085,0.40351976705540643,1.170441955630321,71.20893176902763,1.8912245018327514e-15,0.9380239345042076,0.9626120498234573,faltinsen_ch9_reduced_order_planing_plus_matched_bie_replace_with_matched_bie,heave_pitch_2x2_v1,FnB=1.67,3.1955333333333327
173,3.1793740570270335,6.683998566037575,1.0307719144148653,6.095611666666665,0.01,-4.218752461984778,8.772819018359748,-18.090949798624255,1.5530029315692067,9.734486420166043,18.15748558368712,17.61542522624369,28.07677898475576,-154.3176090824276,-94.9064810544816,-112.27171509641472,154.3176090824276,-94.9064810544816,434.8963269389021,1254.353596657168,0.4434708355441483,1.2790846993184912,77.76675640876061,1.6290345054050364e-15,0.9385037942479577,0.9629031239218852,faltinsen_ch9_reduced_order_planing_plus_matched_bie_replace_with_matched_bie,heave_pitch_2x2_v1,FnB=1.67,3.208216666666666
174,3.173107976498678,6.663931895346238,1.0267129173081058,6.119709999999999,0.01,-4.9527663684063645,9.671670098153006,-20.100929308531533,1.1601282835814386,10.866052511723112,20.13437996812784,19.61052561890163,31.165460426128373,-152.88346423220392,-93.30317047787341,-110.80045711842001,152.88346423220392,-93.30317047787341,482.53953287094885,1383.9954021487836,0.49205338507130253,1.4112825502580226,85.74778028921008,2.2526516478235364e-15,0.9389781388899181,0.963190827656043,faltinsen_ch9_reduced_order_planing_plus_matched_bie_replace_with_matched_bie,heave_pitch_2x2_v1,FnB=1.67,3.2208999999999994
175,3.166878799113201,6.644010390036409,1.0226857620362377,6.143808333333332,0.01,-5.935747041693135,10.736672597651564,-22.577609728679654,0.5183757062573133,12.268220384885936,22.583559826418153,22.082599235030642,34.99202230537586,-151.06407983658713,-91.31526424952777,-108.94457689581155,151.06407983658713,-91.31526424952777,541.5545074260667,1544.648433832806,0.552231911433636,1.5751030513302768,95.63925844440062,1.976791942944485e-15,0.9394470520454146,0.9634752126155111,faltinsen_ch9_reduced_order_planing_plus_matched_bie_replace_with_matched_bie,heave_pitch_2x2_v1,FnB=1.67,3.233583333333333
176,3.160686164061105,6.624232420339938,1.0186900753761277,6.167906666666665,0.01,-7.2954190011771445,11.999870619814711,-25.67754711468704,-0.5443753096770978,14.043505021718362,25.68331696461263,25.21210089843043,39.835182537306316,-148.70214985878863,-88.7854861719083,-106.54678466954854,148.70214985878863,-88.7854861719083,616.2353923762481,1747.9859410662104,0.6283852206168754,1.7824496041626963,108.16003449968264,3.94938465262438e-15,0.9399106157625537,0.9637563294113443,faltinsen_ch9_reduced_order_planing_plus_matched_bie_replace_with_matched_bie,heave_pitch_2x2_v1,FnB=1.67,3.246266666666666
177,3.1545297154524463,6.604596381162599,1.0147254899147509,6.192004999999999,0.01,-9.247936497180172,13.47959899969336,-29.60979865963426,-2.3493873578575024,16.346985001779725,29.70285840826333,29.271816568596034,46.11590803899277,-145.54718498816402,-85.46337482600693,-103.35660591846198,145.54718498816402,-85.46337482600693,713.066820091539,2011.607883497679,0.7271257973839579,2.0512691729567987,124.3937321225225,6.50462872481939e-15,0.940368910557069,0.964034227698148,faltinsen_ch9_reduced_order_planing_plus_matched_bie_replace_with_matched_bie,heave_pitch_2x2_v1,FnB=1.67,3.2589499999999996
178,3.1484091022309277,6.5851006916152635,1.0107916439365692,6.216103333333332,0.01,-12.170391281773556,15.127434675969164,-34.613872153592006,-5.524267551544088,19.41539862653312,35.05192829854379,34.677698919267506,54.47522994791089,-141.1824715109712,-80.93224253924348,-98.95734031266167,141.1824715109712,-80.93224253924348,841.9206308318361,2362.2394185498147,0.8585201172998285,2.4088138340308003,145.98534675380586,4.29677537693724e-15,0.9408220154462715,0.9643089561955754,faltinsen_ch9_reduced_order_planing_plus_matched_bie_replace_with_matched_bie,heave_pitch_2x2_v1,FnB=1.67,3.271633333333333
179,3.1423239780898173,6.56574379455578,1.0068881813135184,6.240201666666666,0.01,-16.718135349270536,16.652156513680005,-40.78359084602269,-11.33266139252138,23.59640578801408,42.328837646849344,42.039263577043876,65.85003536580214,-134.88671648704627,-74.47082065460619,-92.62770696868154,134.88671648704627,-74.47082065460619,1017.217258333424,2838.7286198470547,1.03727293044355,2.8946975979024994,175.3247599063425,8.257737791141229e-15,0.9412700079821368,0.9645805627092682,faltinsen_ch9_reduced_order_planing_plus_matched_bie_replace_with_matched_bie,heave_pitch_2x2_v1,FnB=1.67,3.2843166666666663
180,3.1362740013896504,6.546524156141274,1.0030147513975363,6.2642999999999995,0.01,-23.877875383926558,16.96839615040874,-47.25292935881566,-22.217357602119158,29.29299234915293,52.21542216443017,52.05847879273616,81.31092540603584,-125.39884149886544,-64.81805336772769,-83.10663827303856,125.39884149886544,-64.81805336772769,1255.4091440975005,3484.740584132197,1.2801610581569656,3.5534464716617777,215.09367188777048,9.422214043547583e-15,0.9417129642835473,0.9648490941512583,faltinsen_ch9_reduced_order_planing_plus_matched_bie_replace_with_matched_bie,heave_pitch_2x2_v1,FnB=1.67,3.2969999999999997
181,3.1302588350776626,6.527440265390563,0.9991710089155591,6.288398333333332,0.01,-34.04073433910933,12.897502031458659,-49.39904866304513,-41.441865035407474,36.40215863101112,64.48018444783506,64.53368229510384,100.50896550931309,-110.75091473175338,-50.006029890872384,-68.42621203316294,110.75091473175338,-50.006029890872384,1551.0041154439118,4282.433377759959,1.5815840429136474,4.366866746299664,264.17354425908167,6.072279578653776e-15,0.9421509590677178,0.9651145965598384,faltinsen_ch9_reduced_order_planing_plus_matched_bie_replace_with_matched_bie,heave_pitch_2x2_v1,FnB=1.67,3.309683333333333
182,3.1242781466089222,6.508490633756468,0.9953566138669253,6.312496666666666,0.01,-42.35052561015892,-0.3901156920954824,-35.646412836041456,-65.47782932352668,42.35232236501259,74.55208166777365,74.89987068869864,116.32277678477664,-89.47222967896678,-28.56406323776835,-47.115730249614955,89.47222967896678,-28.56406323776835,1794.0634478903746,4927.485208203807,1.8294355849248976,5.024636556014344,303.7870325741705,1.3928072534373273e-14,0.9425840656808252,0.9653771151189162,faltinsen_ch9_reduced_order_planing_plus_matched_bie_replace_with_matched_bie,heave_pitch_2x2_v1,FnB=1.67,3.3223666666666665
183,3.118331607869109,6.489673794707718,0.9915712314231203,6.336594999999999,0.01,-38.03146873976631,-17.749290850345613,-5.007680112958291,-73.24960416999632,41.969392897610334,73.42057866276225,74.04468416997915,114.66934369991296,-64.98153279660976,-3.910917954435746,-22.59394683472337,64.98153279660976,-3.910917954435746,1767.5773257703554,4829.398709183486,1.8024272567802007,4.924616162689079,297.56768835111814,1.0671309863911347e-14,0.9430123561278688,0.9656366941768869,faltinsen_ch9_reduced_order_planing_plus_matched_bie_replace_with_matched_bie,heave_pitch_2x2_v1,FnB=1.67,3.33505
184,3.1124188950989056,6.470988303320221,0.9878145318297984,6.360693333333333,0.01,-25.194902005287855,-25.469067184141924,17.734504851956878,-59.70891634197393,35.825360713974575,62.28697579010337,63.0553345623746,97.37544117631526,-44.689950184375334,16.542263127809292,-2.2719943538087364,44.689950184375334,16.542263127809292,1500.1400351226707,4077.4690005938232,1.5297171155518663,4.157861247820432,251.09365721914477,3.843849650142157e-15,0.9434359011017782,0.9658933772650136,faltinsen_ch9_reduced_order_planing_plus_matched_bie_replace_with_matched_bie,heave_pitch_2x2_v1,FnB=1.67,3.3477333333333332
185,3.1065396888199612,6.45243273587745,0.984086190311026,6.384791666666667,0.01,-14.951300969543384,-24.896888538543823,25.39988371328981,-43.28108804655386,29.041288876056168,50.18372918727934,50.99525801842468,78.53006793363652,-30.986033293555977,30.40691311555534,11.46157020940447,30.986033293555977,30.40691311555534,1209.1017745697468,3269.512069553061,1.2329406826691551,3.3339744658502766,201.22590455984505,4.817286829040127e-15,0.9438547700117935,0.9661472071153394,faltinsen_ch9_reduced_order_planing_plus_matched_bie_replace_with_matched_bie,heave_pitch_2x2_v1,FnB=1.67,3.3604166666666666
186,3.1006936737623865,6.43400568947971,0.9803858869756833,6.4088899999999995,0.01,-8.9155939828635,-21.952164856896026,25.856917606591516,-31.424017220776648,23.693572081296917,40.69458251912323,41.50873962971744,63.742444578622,-22.10390790378844,39.44889201106835,20.37261642156861,22.10390790378844,39.44889201106835,980.8292794489231,2638.709594815158,1.000167518417526,2.6907349551734363,162.31246007058564,3.6617598015912e-15,0.9442690310111386,0.9663982256781536,faltinsen_ch9_reduced_order_planing_plus_matched_bie_replace_with_matched_bie,heave_pitch_2x2_v1,FnB=1.67,3.3731
187,3.0948805387937406,6.415705781662039,0.97671330672597,6.432988333333333,0.01,-5.504313053648874,-18.981967022748453,24.082575656359243,-23.632132857127864,19.763920012114983,33.74089734463518,34.54534417856728,52.901269366948284,-16.17088552782593,45.540875245184026,26.333828943248818,16.17088552782593,45.540875245184026,813.5082588935114,2177.483996574696,0.8295475609851596,2.2204157348071933,133.86836392935285,5.513797652502095e-15,0.9446787510240043,0.9666464741390084,faltinsen_ch9_reduced_order_planing_plus_matched_bie_replace_with_matched_bie,heave_pitch_2x2_v1,FnB=1.67,3.3857833333333334
188,3.089099976849485,6.397531650020554,0.9730681391679614,6.457086666666664,0.01,-3.514328581191157,-16.49398797064056,21.872119286602835,-18.45602247835888,16.864226770066054,28.61842706734722,29.41050674192035,44.912878236612,-12.027992277486675,49.84182475201851,30.504178613926,12.027992277486675,49.84182475201851,690.2260080347943,1838.2127492281147,0.7038346510121135,1.8744553432906392,112.94963349449291,5.815819839146699e-15,0.9450839957718642,0.9668919929353105,faltinsen_ch9_reduced_order_planing_plus_matched_bie_replace_with_matched_bie,heave_pitch_2x2_v1,FnB=1.67,3.398466666666666
189,3.0833516848648523,6.379481951846985,0.9694500785241569,6.481184999999998,0.01,-2.2991829271691495,-14.493360086040374,19.773398338619913,-14.893376616894077,14.674594669571434,24.754796482911832,25.534885221317758,38.886468973680266,-9.01411501833212,53.012842757800115,33.544776250782945,9.01411501833212,53.012842757800115,597.2235718149386,1582.593347119029,0.608998558952281,1.6137960946082803,97.19138122489795,4.166566265506129e-15,0.9454848297991397,0.9671348217724948,faltinsen_ch9_reduced_order_planing_plus_matched_bie_replace_with_matched_bie,heave_pitch_2x2_v1,FnB=1.67,3.4111499999999992
190,3.077635363708111,6.361555363771229,0.9658588235479758,6.505283333333332,0.01,-1.5243533360304895,-12.888231057242118,17.922751333894727,-12.346606237303885,12.978064296262659,21.763816323330254,22.5331236747243,34.220521552677674,-6.74531181289359,55.43786128386617,35.83956216132958,6.74531181289359,55.43786128386617,525.2143019263387,1384.883517954262,0.5355695389621724,1.4121881763438708,85.00496240220978,3.5969673618206525e-15,0.9458813164982334,0.9673749996397927,faltinsen_ch9_reduced_order_planing_plus_matched_bie_replace_with_matched_bie,heave_pitch_2x2_v1,FnB=1.67,3.4238333333333326
191,3.071950718115182,6.343750581411671,0.9622940774401437,6.529381666666665,0.01,-1.0116101933609805,-11.587853042136013,16.327716097781,-10.46240795815402,11.631925606255084,19.392170926757565,20.152021488424666,30.520304900433995,-4.989226297180949,57.34922771896058,37.62089172501584,4.989226297180949,57.34922771896058,468.10557634008904,1228.2338624836282,0.4773348455793661,1.2524499829030589,75.35080805006382,1.2313542025840573e-15,0.9462735181339484,0.9676125648256162,faltinsen_ch9_reduced_order_planing_plus_matched_bie_replace_with_matched_bie,heave_pitch_2x2_v1,FnB=1.67,3.436516666666666
192,3.0662974566255823,6.326066319033127,0.958755547766925,6.553479999999999,0.01,-0.6617065200030429,-10.520492369401977,14.959478883307227,-9.026340608819103,10.54128147870361,17.471715234816863,18.223326347900585,27.52373244488668,-3.59898691069381,58.893805540487335,39.03563612349748,3.59898691069381,58.893805540487335,421.85275651107133,1101.4754159450258,0.4301700953037697,1.12319233983575,67.5399323802199,3.0080066441423796e-15,0.9466614958673099,0.9678475549325443,faltinsen_ch9_reduced_order_planing_plus_matched_bie_replace_with_matched_bie,heave_pitch_2x2_v1,FnB=1.67,3.4491999999999994
193,3.060675291519655,6.308501309212174,0.9552429463801527,6.5775783333333315,0.01,-0.41685605728100633,-9.632565517543254,13.782863563140321,-7.90367848404841,9.641581168161952,15.888217696750974,16.632645922127573,25.052717144396944,-2.4779690829536207,60.1682120815839,40.18042011643132,2.4779690829536207,60.1682120815839,383.7078257745334,997.0277133551853,0.39127309098880186,1.016685324096593,61.10476991304828,2.109395278286905e-15,0.9470453097788054,0.9680800068919504,faltinsen_ch9_reduced_order_planing_plus_matched_bie_replace_with_matched_bie,heave_pitch_2x2_v1,FnB=1.67,3.4618833333333328
194,3.0550839387570674,6.2910543025097,0.9517559893390095,6.601676666666665,0.01,-0.2420097915525043,-8.88450433397805,12.765529358407678,-7.006804150991316,8.88779984021254,14.562075546113524,15.300219498725534,22.983139904174834,-1.5603247112255758,61.238289009232744,41.12109252802716,1.5603247112255758,61.238289009232744,351.75569154276025,909.6120993003481,0.3586909816734158,0.9275462051774542,55.719760268616966,1.2374331417197344e-15,0.9474250188910621,0.9683099569782726,faltinsen_ch9_reduced_order_planing_plus_matched_bie_replace_with_matched_bie,heave_pitch_2x2_v1,FnB=1.67,3.474566666666666
195,3.0495231179165367,6.27372406715049,0.9482943968335157,6.625774999999999,0.01,-0.11512529483073182,-8.246956260657958,11.88018030340382,-6.2768836930992995,8.24775978061409,13.436441230403235,14.169061079839071,21.226351994931093,-0.7997817467268362,62.150302696007685,41.90392662696462,0.7997817467268362,62.150302696007685,324.6286386140649,835.4610141596988,0.33102908599171477,0.8519331414496275,51.15255595138317,1.9929794294189712e-15,0.9478006811909724,0.9685374408229098,faltinsen_ch9_reduced_order_planing_plus_matched_bie_replace_with_matched_bie,heave_pitch_2x2_v1,FnB=1.67,3.4872499999999995
196,3.043992552136759,6.256509388709675,0.9448578931096814,6.649873333333332,0.01,-0.021892520886657916,-7.6979120130621626,11.104497257432435,-5.673255596871567,7.697943143679195,12.469791033042977,13.197530680516264,19.717594777459865,-0.16294622046021345,62.9376421542143,42.562318068442664,0.16294622046021345,62.9376421542143,301.3275915306436,771.8237500815688,0.3072686305013879,0.7870411915196004,47.233529021164706,9.244431377947959e-16,0.9481723536512869,0.968762493427808,faltinsen_ch9_reduced_order_planing_plus_matched_bie_replace_with_matched_bie,heave_pitch_2x2_v1,FnB=1.67,3.499933333333333
197,3.038491968058509,6.239409069805859,0.9414462063962793,6.673971666666666,0.01,0.047240619294429465,-7.220654178552566,10.42042762049889,-5.167086164307637,7.220808711104315,11.631168953438667,12.354576261941837,18.408586808713242,0.37484823711943704,63.62496947812053,43.12093534406779,-0.37484823711943704,63.62496947812053,281.10771170719994,716.6504363427899,0.28665009122095714,0.7307800689764496,43.836276215338984,2.2123028627614815e-16,0.9485400922516873,0.9689851491786924,faltinsen_ch9_reduced_order_planing_plus_matched_bie_replace_with_matched_bie,heave_pitch_2x2_v1,FnB=1.67,3.5126166666666663
198,3.033021095767897,6.222421929800775,0.9380590688331993,6.698069999999999,0.01,0.09880756036944183,-6.802314366081465,9.813391171270089,-4.7374563289279505,6.8030319467855245,10.897070191058752,11.616614084455284,17.262665697214345,0.8321958936460874,64.23087530522525,43.598375250537714,-0.8321958936460874,64.23087530522525,263.40342830950647,668.3851203367761,0.2685967464011732,0.6815631437206143,40.86485529866303,3.2961403424757337e-15,0.948903951999353,0.969205441857985,faltinsen_ch9_reduced_order_planing_plus_matched_bie_replace_with_matched_bie,heave_pitch_2x2_v1,FnB=1.67,3.5252999999999997
199,3.02757966874073,6.205546804505296,0.9346962164013428,6.722168333333332,0.01,0.13737386924544365,-6.432857455315453,9.271575959551457,-4.36887722800467,6.43432409972944,10.249351638377439,10.96543610483231,16.25153050223957,1.2233671931631989,64.7696270600498,44.00891114061355,-1.2233671931631989,64.7696270600498,247.77817158872898,625.8271188939182,0.25266341879105403,0.6381660596573939,38.24523323243364,1.1555858350481026e-15,0.9492639869490375,0.9694234046574148,faltinsen_ch9_reduced_order_planing_plus_matched_bie_replace_with_matched_bie,heave_pitch_2x2_v1,FnB=1.67,3.537983333333333
200,3.022167423787981,6.1887825458916526,0.931357388854021,6.746266666666666,0.01,0.16619091969541086,-6.104360826494674,8.785361883598387,-4.04967045444756,6.1066226772113525,9.673800401879756,10.386775815224683,15.35300979375526,1.5594895250396235,65.25234969018427,44.36367366612154,-1.5594895250396235,65.25234969018427,233.88993469661324,588.0360794942233,0.2385013584624854,0.5996299240762374,35.919430709212605,7.220238395956045e-16,0.9496202502226645,0.969639070190312,faltinsen_ch9_reduced_order_planing_plus_matched_bie_replace_with_matched_bie,heave_pitch_2x2_v1,FnB=1.67,3.5506666666666664
201,3.016784101002321,6.172128021811701,0.9280423296498176,6.770364999999999,0.01,0.18761334279479105,-5.810497256540849,8.346864124316054,-3.7708862139343062,5.813525362003968,9.159133340454991,9.869305577808124,14.549501616828307,1.849363132815796,65.68784154384548,44.67146666224767,-1.849363132815796,65.68784154384548,221.46720393026933,554.2656548327445,0.2258336984905848,0.5651936745297779,33.84143165387746,4.767198729129935e-16,0.9499727940284589,0.9698524705036058,faltinsen_ch9_reduced_order_planing_plus_matched_bie_replace_with_matched_bie,heave_pitch_2x2_v1,FnB=1.67,3.56335
202,3.0114294437056905,6.155582115721081,0.9247507858868794,6.794463333333333,0.01,0.2033719788508213,-5.546159390245828,7.949576354589764,-3.5255647093239433,5.549886858647992,8.696284881320477,9.403922671966514,13.826862892026575,2.1000365856834264,66.08314981157298,44.939342595760536,-2.1000365856834264,66.08314981157298,210.29182400718827,523.9163053082336,0.214437982396831,0.5342459507663001,31.974272527550852,6.55501763619277e-16,0.9503216696796257,0.9700636370895542,faltinsen_ch9_reduced_order_planing_plus_matched_bie_replace_with_matched_bie,heave_pitch_2x2_v1,FnB=1.67,3.576033333333333
203,3.006103198397901,6.13914372640915,0.9214825082386027,6.818561666666666,0.01,0.21475617870473707,-5.307183619104835,7.588093033395025,-3.3082216920391594,5.311526916357156,8.277891437264477,8.98323230582805,13.173605351436436,2.3172202330831055,66.44398395247657,45.17301599758258,-2.3172202330831055,66.44398395247657,200.18659311396357,496.50114098275435,0.20413351461912435,0.5062902632221546,30.287935860223833,7.657907329110733e-16,0.9506669276125864,0.9702726008971617,faltinsen_ch9_reduced_order_planing_plus_matched_bie_replace_with_matched_bie,heave_pitch_2x2_v1,FnB=1.67,3.5887166666666666
204,3.0008051147062247,6.12281176773452,0.9182372508906751,6.8426599999999995,0.01,0.22273791948766758,-5.090144564638618,7.2578930470190945,-3.1144835756734373,5.095015590721756,7.897912346000537,8.60116744157318,12.58030435213725,2.5055882593745764,66.77501772192204,45.37716549660317,-2.5055882593745764,66.77501772192204,191.00614246795993,471.6208150079927,0.19477206025295077,0.4809193914415144,28.75780202166187,1.2356648945478474e-15,0.9510086174047868,0.9704793923433516,faltinsen_ch9_reduced_order_planing_plus_matched_bie_replace_with_matched_bie,heave_pitch_2x2_v1,FnB=1.67,3.6014
205,2.9955349453359603,6.106585168366079,0.9150147714794467,6.866758333333333,0.01,0.22805778890189318,-4.8922003100535045,6.955170526631479,-2.9408243038487885,4.897513065706556,7.55134720699763,8.252705248449917,12.039158010899472,2.6690027248813806,67.08011318689083,45.555657840976664,-2.6690027248813806,67.08011318689083,182.6301351198398,448.9448062232924,0.18623090976005038,0.45779629763812557,27.363495021812387,6.668057872124742e-16,0.9513467877920873,0.9706840413238526,faltinsen_ch9_reduced_order_planing_plus_matched_bie_replace_with_matched_bie,heave_pitch_2x2_v1,FnB=1.67,3.6140833333333333
206,2.9902924460219547,6.090462871529368,0.9118148310315923,6.890856666666664,0.01,0.23128550295094405,-4.710974543646535,6.676701873789458,-2.784372696892113,4.716648612602062,7.234022340763258,7.933652858639031,11.54365413381802,2.8106820537684314,67.36248918941149,45.71171636730918,-2.8106820537684314,67.36248918941149,174.95812782429465,428.1972818809975,0.17840763953469807,0.43663971068713325,26.08801076488736,1.3975584916815322e-15,0.9516814866857457,0.9708865772238452,faltinsen_ch9_reduced_order_planing_plus_matched_bie_replace_with_matched_bie,heave_pitch_2x2_v1,FnB=1.67,3.626766666666666
207,2.9850773754810453,6.074443834758163,0.9086371939050345,6.914954999999998,0.01,0.232863119042111,-4.544465861573949,6.419740624515379,-2.6427694242235287,4.550428023738104,6.942427523256103,7.640483539331854,11.088315552832093,2.93332935426605,67.62484964351677,45.848049303194614,-2.93332935426605,67.62484964351677,167.9056425437942,409.14629083555695,0.17121610595238354,0.4172131062448002,24.91705068504119,1.6194170169715894e-15,0.9520127611890055,0.9710870289283459,faltinsen_ch9_reduced_order_planing_plus_matched_bie_replace_with_matched_bie,heave_pitch_2x2_v1,FnB=1.67,3.639449999999999
208,2.979889495365424,6.058527029651167,0.9054816277311009,6.939053333333332,0.01,0.23313630290889065,-4.39097727687108,6.181933800129567,-2.514059452300108,4.397162037238586,6.673589771546038,7.370210026533947,10.668503248337286,3.0392312863558004,67.86948238078622,45.96694861816505,-3.0392312863558004,67.86948238078622,161.40112943268642,391.5954106433792,0.16458334847545944,0.3993161891608033,23.83850670473631,1.2819665774532164e-15,0.9523406576132963,0.9712854248323421,faltinsen_ch9_reduced_order_planing_plus_matched_bie_replace_with_matched_bie,heave_pitch_2x2_v1,FnB=1.67,3.6521333333333326
209,2.9747285702168766,6.042711441633665,0.9023479033578791,6.963151666666665,0.01,0.23237722775083147,-4.2490609211500825,5.961254926548977,-2.3966102093747224,4.255410425284728,6.424974769988097,7.120285586168084,10.28026258240563,3.1303350538553047,68.09833612135782,46.07036699994589,-3.1303350538553047,68.09833612135782,155.38359488419124,375.3772249361225,0.15844717093420407,0.3827782422500268,22.842059055923382,1.9180476262229404e-15,0.9526652214940617,0.9714817928506998,faltinsen_ch9_reduced_order_planing_plus_matched_bie_replace_with_matched_bie,heave_pitch_2x2_v1,FnB=1.67,3.664816666666666
210,2.9695943674219034,6.026996069724039,0.8992357947947458,6.987249999999999,0.01,0.23080153308687607,-4.1174742842157555,5.755950058446671,-2.289048635138386,4.123937903127701,6.194409150949035,6.888525998192647,9.92020205981347,3.2083089544944414,68.31308100395029,46.15997838956213,-3.2083089544944414,68.31308100395029,149.80073137019406,360.3481814731259,0.15275423449413822,0.36745288296525924,21.918859238199577,3.0507675690142217e-16,0.952986497606219,0.9716761604278362,faltinsen_ch9_reduced_order_planing_plus_matched_bie_replace_with_matched_bie,heave_pitch_2x2_v1,FnB=1.67,3.6774999999999993
211,2.9644866571676767,6.011379926305011,0.8961450791580394,7.0113483333333315,0.01,0.228581014135006,-3.995145299312536,5.564494011422599,-2.190212265303575,4.001679052927914,5.980018676412657,6.673047495870981,9.585396891229955,3.274590435432117,68.51515662229724,46.23722602270226,-3.274590435432117,68.51515662229724,144.60742988636116,346.3845027419918,0.1474585407721915,0.3532138933703067,21.06127787907971,1.8228275602137664e-15,0.9533045299792646,0.971868554547166,faltinsen_ch9_reduced_order_planing_plus_matched_bie_replace_with_matched_bie,heave_pitch_2x2_v1,FnB=1.67,3.6901833333333327
212,2.95940521239884,5.995862036899525,0.8930755366178486,7.035446666666665,0.01,0.22585320726338162,-3.881144270788895,5.385554656340001,-2.099110863380886,3.8877101900615765,5.78017866273951,6.472216991442322,9.273311653836874,3.3304245566988584,68.70581047043231,46.303360879784435,-3.3304245566988584,68.70581047043231,139.7645869947204,333.3789068653057,0.14252021535868048,0.33995187639541097,20.262702558369558,1.490378583771117e-15,0.9536193619120321,0.9720590017403218,faltinsen_ch9_reduced_order_planing_plus_matched_bie_replace_with_matched_bie,heave_pitch_2x2_v1,FnB=1.67,3.702866666666666
213,2.9543498087751114,5.980441439951143,0.8900269503458915,7.059544999999999,0.01,0.22272869478369714,-3.7746611394305094,5.217963620305642,-2.014896061123507,3.781226624920395,5.593473918770354,6.2846118497833805,8.9817377917128,3.376895020694036,68.88612895490996,46.35947270281463,-3.376895020694036,68.88612895490996,135.23814078122695,321.23795805581847,0.13790452476760867,0.3275715540534418,19.517374450332987,5.105186130453843e-16,0.9539310359871132,0.9722475280961743,faltinsen_ch9_reduced_order_planing_plus_matched_bie_replace_with_matched_bie,heave_pitch_2x2_v1,FnB=1.67,3.7155499999999995
214,2.949320224629683,5.965117186608843,0.8869991064644589,7.083643333333332,0.01,0.2192967173746962,-3.6749869448904766,5.060692109596264,-1.93683713912875,3.681524153848071,5.418666139525328,6.108987145572112,8.708742746423253,3.414949389197517,69.05706259538078,46.40651520045952,-3.414949389197517,69.05706259538078,130.9982862157585,309.87991038519306,0.133581076326532,0.31598956869592887,18.82025538297012,4.768202293767339e-16,0.9542395940849479,0.9724341592696286,faltinsen_ch9_reduced_order_planing_plus_matched_bie_replace_with_matched_bie,heave_pitch_2x2_v1,FnB=1.67,3.728233333333333
215,2.944316240928399,5.949888340516139,0.8839917939963942,7.107741666666666,0.01,0.21562951907670513,-3.5814986132493445,4.912830851665088,-1.8643015577443796,3.5879838915753552,5.254667189773339,5.944248832919339,8.452628275615618,3.4454197180357653,69.21944664362064,46.44532667143926,-3.4454197180357653,69.21944664362064,127.01883224032066,299.23294122115277,0.12952316258897859,0.3051326816202809,18.166918923426,1.390092400023266e-15,0.9545450773975975,0.9726189204902354,faltinsen_ch9_reduced_order_planing_plus_matched_bie_replace_with_matched_bie,heave_pitch_2x2_v1,FnB=1.67,3.7409166666666662
216,2.9393376412296894,5.934753977604397,0.8810048048160906,7.131839999999999,0.01,0.2117857349187814,-3.4936463976523466,4.773573368712579,-1.7967391942541164,3.5000597636818016,5.100517075616049,5.789431621409579,8.21189608492674,3.469039551182931,69.37401806275773,46.47664698798738,-3.469039551182931,69.37401806275773,123.27667166627043,289.23369478529827,0.12570722078005275,0.2949362879120784,17.553460584523926,7.437986689563137e-16,0.9548475264422019,0.972801836570582,faltinsen_ch9_reduced_order_planing_plus_matched_bie_replace_with_matched_bie,heave_pitch_2x2_v1,FnB=1.67,3.7535999999999996
217,2.934384211645249,5.919713185890266,0.8780379336014755,7.155938333333332,0.01,0.2078130495631864,-3.410943450050136,4.642201960784359,-1.7336694948262477,3.4172681315648434,4.955365673893425,5.643680625013372,7.985219322222373,3.4864580014888986,69.52142959385202,46.501131666537646,-3.4864580014888986,69.52142959385202,119.75134149789874,279.826074272137,0.12211238445126392,0.2853431847492641,16.976423356655143,9.081490683120198e-16,0.9551469810741344,0.972982931914518,faltinsen_ch9_reduced_order_planing_plus_matched_bie_replace_with_matched_bie,heave_pitch_2x2_v1,FnB=1.67,3.766283333333333
218,2.9294557408014428,5.90476506527712,0.875090977786964,7.180036666666666,0.01,0.20375029668458122,-3.3329571156643265,4.51807590424432,-1.6746709359230085,3.3391791383896314,4.818457493860289,5.50623605564508,7.771418802376912,3.498251484034057,69.66226147579385,46.51936359160774,-3.498251484034057,69.66226147579385,116.4246562237178,270.96023451847947,0.11872010954170671,0.2763025442107952,16.432735604706252,8.779877960373848e-16,0.9554434804998604,0.973162230525165,faltinsen_ch9_reduced_order_planing_plus_matched_bie_replace_with_matched_bie,heave_pitch_2x2_v1,FnB=1.67,3.7789666666666664
219,2.92455201980142,5.889908727360425,0.8721637375173545,7.204134999999999,0.01,0.1996291262566987,-3.2593016284533527,4.400621470870634,-1.6193723284793389,3.2654094526243855,4.6891189010444405,5.376420389125769,7.569443073287266,3.504933545987342,69.7970312623649,46.5318628367277,-3.504933545987342,69.7970312623649,113.28040035747199,262.59173750352585,0.1155138608571449,0.2677690521263896,15.919659004283927,3.3367474849903647e-16,0.9557370632895068,0.9733397560127734,faltinsen_ch9_reduced_order_planing_plus_matched_bie_replace_with_matched_bie,heave_pitch_2x2_v1,FnB=1.67,3.7916499999999997
220,2.919672842187925,5.875143295236931,0.8692560156026489,7.228233333333333,0.01,0.19547533578610168,-3.1896319524495658,4.289323450518479,-1.5674456022506853,3.1956161532618275,4.5667473522390925,5.253627550765927,7.378351619499159,3.506963143540702,69.9262020870039,46.539094932958875,-3.506963143540702,69.9262020870039,110.30406937528745,254.6808408393401,0.11247884789942279,0.2597021825387264,15.434744677349519,7.322735163739483e-16,0.956027767389149,0.9735155316023746,faltinsen_ch9_reduced_order_planing_plus_matched_bie_replace_with_matched_bie,heave_pitch_2x2_v1,FnB=1.67,3.804333333333333
221,2.9148180039067895,5.860467903317613,0.8663676174737716,7.252331666666666,0.01,0.19130993855688197,-3.1236385653819956,4.183717921364233,-1.5185997865489047,3.1294915529095664,4.450802282426241,5.13731375995362,7.197300643087385,3.504751644671842,70.05018965399893,46.54147786372906,-3.504751644671842,70.05018965399893,107.48265040535007,247.1918954898413,0.10960180123217417,0.25206558354773684,14.97579606217592,5.869379933057904e-16,0.9563156301328248,0.9736895801412756,faltinsen_ch9_reduced_order_planing_plus_matched_bie_replace_with_matched_bie,heave_pitch_2x2_v1,FnB=1.67,3.8170166666666665
222,2.9099873032710875,5.8458816971442635,0.8634983511391694,7.2764299999999995,0.01,0.1871500248571212,-3.0610430211617152,4.0833860600083876,-1.472575963740451,3.0667587954071087,4.340797355792705,5.026989744758762,7.025530972753206,3.498668780778331,70.16936817912199,46.539388009002806,-3.498668780778331,70.16936817912199,104.80443574372384,240.09283367905405,0.10687078231987873,0.2448265551223446,14.540837343734292,7.891925040377492e-16,0.9566006882542806,0.9738619241063804,faltinsen_ch9_reduced_order_planing_plus_matched_bie_replace_with_matched_bie,heave_pitch_2x2_v1,FnB=1.67,3.8297
223,2.905180540925943,5.831383833209665,0.8606480271422712,7.300528333333333,0.01,0.18300945934568136,-3.001594159303238,3.987948822057768,-1.4291430181336378,3.0071680962948033,4.236293848829666,4.922214093601096,6.862357739191078,3.4890477267328492,70.28407545922789,46.533165218312774,-3.4890477267328492,70.28407545922789,102.25886361332195,233.35473164349878,0.10427502114720315,0.2379556032319893,14.128086498395305,9.211707982957966e-16,0.9568829778984567,0.9740325856113511,faltinsen_ch9_reduced_order_planing_plus_matched_bie_replace_with_matched_bie,heave_pitch_2x2_v1,FnB=1.67,3.8423833333333333
224,2.9003975198139753,5.816973478781248,0.8578164585197862,7.324626666666666,0.01,0.17889944804471714,-2.9450648542067808,3.897062354425628,-1.3880940386971885,2.9504935193954775,4.13689497746173,4.822587555151589,6.707161523344828,3.47618945471595,70.39461721614884,46.52311715798618,-3.47618945471595,70.39461721614884,99.8363816407328,226.95143479179384,0.10180477700410721,0.23142605761579527,13.735932186144282,4.666279164669411e-16,0.9571625346327175,0.9742015864136029,faltinsen_ch9_reduced_order_planing_plus_matched_bie_replace_with_matched_bie,heave_pitch_2x2_v1,FnB=1.67,3.8550666666666666
225,2.89563804514137,5.802649811728172,0.8550034607608242,7.348724999999998,0.01,0.1748290010907759,-2.8912492169493307,3.8104140251587237,-1.3492432619715917,2.8965302025237913,4.042241014969549,4.727748132589503,6.559380738488718,3.4603664801391574,70.50127083317287,46.50952305085849,-3.4603664801391574,70.50127083317287,97.52832936343269,220.85923513798733,0.09945121867654366,0.2252137428561102,13.36291386553385,5.662154920499834e-16,0.9574393934578366,0.974368947921141,faltinsen_ch9_reduced_order_planing_plus_matched_bie_replace_with_matched_bie,heave_pitch_2x2_v1,FnB=1.67,3.867749999999999
226,2.8909019243445537,5.788412020351728,0.8522088517668159,7.372823333333331,0.01,0.1708053117526639,-2.8399601779732797,3.7277189764131893,-1.312423463438066,2.8450919610791052,3.952005075211033,4.637366846187597,6.4185050503449945,3.441826096456083,70.60428858088079,46.49263690525106,-3.441826096456083,70.60428858088079,95.32683674745715,215.0565927102398,0.09720632096328223,0.2192966942944225,13.00770461974632,1.1499776741047384e-15,0.9577135888187366,0.9745346911992558,faltinsen_ch9_reduced_order_planing_plus_matched_bie_replace_with_matched_bie,heave_pitch_2x2_v1,FnB=1.67,3.8804333333333325
227,2.8861889670574743,5.774259303219017,0.8494324518122184,7.396921666666665,0.01,0.1668340678949786,-2.7910273916902915,3.648717122250093,-1.277483722897475,2.796009210888959,3.8658894578698177,4.551144060510228,6.284069674118941,3.4207931784438017,70.7039004119016,46.47269031277668,-3.4207931784438017,70.7039004119016,93.22473623037763,209.52389410648445,0.09506277498470694,0.21365491182665278,12.669096272771638,1.2843791223710717e-15,0.957985154614997,0.9746988369770594,faltinsen_ch9_reduced_order_planing_plus_matched_bie_replace_with_matched_bie,heave_pitch_2x2_v1,FnB=1.67,3.893116666666666
228,2.881498985079462,5.760190868999812,0.8466740835059854,7.421019999999999,0.01,0.16291970871462144,-2.7442954142028313,3.5731705259811144,-1.244287503135427,2.7491271618283406,3.7836224703581554,4.468806290480258,6.155650415255202,3.3974726196874485,70.80031639029849,46.44989488068683,-3.3974726196874485,70.80031639029849,91.21548623513732,204.24324255252057,0.09301391018863457,0.20827014582198872,12.345986447698449,5.479719520363319e-16,0.9582541242111297,0.9748614056538839,faltinsen_ch9_reduced_order_planing_plus_matched_bie_replace_with_matched_bie,heave_pitch_2x2_v1,FnB=1.67,3.9057999999999993
229,2.8768317923436637,5.7462059363065325,0.8439335717537851,7.4451183333333315,0.01,0.15906563696865034,-2.699622113598683,3.5008611024666805,-1.212710992104265,2.704304241962295,3.704955655488299,4.390103415117141,6.03285934331969,3.3720514588045774,70.89372881010132,46.424444353280876,-3.3720514588045774,70.89372881010132,89.29310444890376,199.19827477610443,0.09105362631367875,0.20312571038642596,12.037367278187238,5.787578087397963e-16,0.9585205304466315,0.9750224173055333,faltinsen_ch9_reduced_order_planing_plus_matched_bie_replace_with_matched_bie,heave_pitch_2x2_v1,FnB=1.67,3.9184833333333327
230,2.872187204886036,5.732303733537268,0.8412107437209507,7.469216666666665,0.01,0.1552743948702482,-2.6568772789931225,3.4315885995264437,-1.1826416676428053,2.6614107186475784,3.629661365808774,4.314806239579862,5.915341006793074,3.3447007398494577,70.9843140484077,46.39651646779993,-3.3447007398494577,70.9843140484077,87.45210944462994,194.3740007897958,0.08917633385980935,0.19820631998673938,11.742315532236145,5.563523928873647e-16,0.958784405645819,0.9751818916904059,faltinsen_ch9_reduced_order_planing_plus_matched_bie_replace_with_matched_bie,heave_pitch_2x2_v1,FnB=1.67,3.931166666666666
231,2.8675650408148927,5.7184834987217865,0.8385054287961453,7.493314999999998,0.01,0.1515478102238476,-2.615941399988256,3.3651688198371046,-1.1539770508437222,2.6203274884937877,3.557530635128505,4.242704355815686,5.802769111580351,3.315577144909895,71.07223419104582,46.366274582802845,-3.315577144909895,71.07223419104582,85.68746945466603,189.75666331189566,0.08737690185197396,0.19349794609973403,11.459983946597994,5.081447754155966e-16,0.9590457816274482,0.9753398482554694,faltinsen_ch9_reduced_order_planing_plus_matched_bie_replace_with_matched_bie,heave_pitch_2x2_v1,FnB=1.67,3.9438499999999994
232,2.8629651202809825,5.704744479370447,0.835817458555725,7.517413333333332,0.01,0.14788711810175587,-2.5767045927318875,3.301432050659931,-1.1266236199226163,2.580945012569242,3.488371305651418,4.173604260048899,5.694843598365586,3.284824430822823,71.15763846270863,46.333869110935694,-3.284824430822823,71.15763846270863,83.99455729586467,185.3336140771707,0.08565061187649672,0.18898769108428534,11.189593602411904,6.397286881690639e-16,0.9593046897141287,0.9754963061421227,faltinsen_ch9_reduced_order_planing_plus_matched_bie_replace_with_matched_bie,heave_pitch_2x2_v1,FnB=1.67,3.956533333333333
233,2.8583872654480973,5.69108593232597,0.8331466667287863,7.541511666666666,0.01,0.1442930623573331,-2.539065652480156,3.240221673694438,-1.1004958611193696,2.543162376933281,3.4220063756545,4.107327691882206,5.591288064098085,3.252574696919339,71.24066448845338,46.299438782990876,-3.252574696919339,71.24066448845338,82.3691106022891,181.09320471951773,0.08399311752972637,0.18466367691262334,10.930427199153078,4.204770273730356e-16,0.9595611607415327,0.9756512841919167,faltinsen_ch9_reduced_order_planing_plus_matched_bie_replace_with_matched_bie,heave_pitch_2x2_v1,FnB=1.67,3.969216666666666
234,2.853831300464197,5.677507123617994,0.8304928891628814,7.565609999999999,0.01,0.1407659804668154,-2.5029312156494394,3.1813929314818856,-1.0755154369857964,2.506886461635063,3.358272538028689,4.043710165193291,5.49184748129995,3.2189495065663607,71.32143940931743,46.26311176600987,-3.2189495065663607,71.32143940931743,80.80719665125484,177.02469026485434,0.08240040855058031,0.180514946760468,10.681823105960142,4.64564352393179e-16,0.9598152250674082,0.975804800952148,faltinsen_ch9_reduced_order_planing_plus_matched_bie_replace_with_matched_bie,heave_pitch_2x2_v1,FnB=1.67,3.9818999999999996
235,2.8492970514330342,5.664007328320345,0.8278559637903855,7.589708333333332,0.01,0.13730587454894316,-2.46821501690392,3.124811830232939,-1.0516104555533263,2.472031203859625,3.297018884476218,3.9825996655029576,5.396286175865691,3.184060881830135,71.40008087136184,46.22500665474209,-3.184060881830135,71.40008087136184,79.3051811761048,173.11814356832033,0.08086877901842607,0.17653137775725689,10.443170087636599,2.4594031416226024e-16,0.9600669125803983,0.9759568746813534,faltinsen_ch9_reduced_order_planing_plus_matched_bie_replace_with_matched_bie,heave_pitch_2x2_v1,FnB=1.67,3.994583333333333
236,2.8447843463862776,5.650585830410992,0.8252357305955043,7.613806666666665,0.01,0.13391247089485467,-2.4348372289614164,3.070354161848491,-1.0287148264628927,2.4385169430204243,3.2381057538883637,3.923855492238189,5.3043860298445935,3.1480121877215197,71.47669790458619,46.18523335290712,-3.1480121877215197,71.47669790458619,77.85970064888909,169.36437927648637,0.07939479908928031,0.1727036034491762,10.213902617827333,1.3152093711793333e-16,0.9603162527086715,0.976107523354659,faltinsen_ch9_reduced_order_planing_plus_matched_bie_replace_with_matched_bie,heave_pitch_2x2_v1,FnB=1.67,4.007266666666666
237,2.8402930152561168,5.637241922634592,0.8226320315819046,7.637904999999999,0.01,0.13058526992374933,-2.402723874587941,3.017904630338365,-1.0067676922815108,2.4062698373698543,3.1814037065483505,3.86734722744819,5.215944880565747,3.1108989200842814,71.55139170576442,46.143893858310605,-3.1108989200842814,71.55139170576442,76.46763759121929,165.7548861015673,0.07797528981988681,0.16902294473807808,9.993496704589173,7.176819371616662e-16,0.9605632744283699,0.9762567646690267,faltinsen_ch9_reduced_order_planing_plus_matched_bie_replace_with_matched_bie,heave_pitch_2x2_v1,FnB=1.67,4.01995
238,2.8358228898483437,5.6239749063676,0.8200447107409576,7.662003333333333,0.01,0.12732358814224423,-2.371806301753351,2.967356069899244,-0.9857129250098579,2.375221343187688,3.126792608424706,3.812953815163894,5.130775091554273,3.0728094091779212,71.6242563372387,46.101082963853855,-3.0728094091779212,71.6242563372387,75.12609853463331,162.28176636786407,0.07660730069354298,0.1654813482360073,9.781466164255095,3.8378336588706796e-16,0.960808006271876,0.9764046160483989,faltinsen_ch9_reduced_order_planing_plus_matched_bie_replace_with_matched_bie,heave_pitch_2x2_v1,FnB=1.67,4.032633333333333
239,2.8313738038158967,5.610784091485861,0.8174736140205778,7.686101666666666,0.01,0.1241265934109817,-2.342020714185815,2.918608743654303,-0.9654986792690944,2.3453077488609573,3.074160812027522,3.7605627378086086,5.04870227413104,3.033825449311678,71.69537935201612,46.05688888478343,-3.033825449311678,71.69537935201612,73.83239430491881,158.9376819365476,0.07528808951570497,0.1620713311238268,9.577359288485374,7.091831828135741e-16,0.9610504763359066,0.9765510946487078,faltinsen_ch9_reduced_order_planing_plus_matched_bie_replace_with_matched_bie,heave_pitch_2x2_v1,FnB=1.67,4.0453166666666664
240,2.8269455926328595,5.597668796234659,0.8149185892946469,7.7101999999999995,0.01,0.12099333459839763,-2.313307750632485,2.871569713535819,-0.946076994896651,2.316469757228349,3.0234044221653282,3.710069277941294,4.969564141498419,2.9940228634569053,71.76484235408356,46.01139382109815,-2.9940228634569053,71.76484235408356,72.58402234973349,155.71580573818724,0.07401510439317555,0.1587859317281511,9.380755856999889,4.006892628740235e-16,0.9612907122894339,0.9766962173627975,faltinsen_ch9_reduced_order_planing_plus_matched_bie_replace_with_matched_bie,heave_pitch_2x2_v1,FnB=1.67,4.058
