                                                                        S      1
1H,,1H;,,                                                               G      1
39H\\10.49.32.64\rhino_jobs\mwig_s2_xy.igs,                             G      2
26HRhinoceros ( Feb 27 2023 ),31HTrout Lake IGES 012 Feb 27 2023,       G      3
32,38,6,308,15,                                                         G      4
,                                                                       G      5
1.0D0,2,2HMM,1,0.254D0,13H230504.140723,                                G      6
0.001D0,                                                                G      7
0.8418370000000004D0,                                                   G      8
4Hmaaf,                                                                 G      9
3Hdtu,                                                                  G     10
10,0,13H230504.140723;                                                  G     11
     314       1       0       0       0       0       0       000000200D      1
     314       0       1       1       0       0       0   COLOR       0D      2
     406       2       0       0       1       0       0       000000300D      3
     406       0      -1       1       3       0       0LEVELDEF       0D      4
     406       3       0       0       0       0       0       000010300D      5
     406       0       0       1      15       0       0 NAMETXT       0D      6
     128       4       0       0       1       0       0       000010000D      7
     128       0      -1    2482       0       0       0 TrimSrf       0D      8
     126    2486       0       0       1       0       0       000010500D      9
     126       0      -1       4       1       0       0 TrimBnd       1D     10
     126    2490       0       0       1       0       0       000010500D     11
     126       0      -1       5       1       0       0 TrimBnd       2D     12
     126    2495       0       0       1       0       0       000010500D     13
     126       0      -1       5       1       0       0 TrimBnd       3D     14
     126    2500       0       0       1       0       0       000010500D     15
     126       0      -1       5       1       0       0 TrimBnd       4D     16
     126    2505       0       0       1       0       0       000010500D     17
     126       0      -1       6       1       0       0 TrimBnd       5D     18
     126    2511       0       0       1       0       0       000010500D     19
     126       0      -1      17       0       0       0 TrimBnd       6D     20
     102    2528       0       0       1       0       0       000010500D     21
     102       0      -1       1       0       0       02D CURVE       0D     22
     126    2529       0       0       1       0       0       000010000D     23
     126       0      -1      26       0       0       0 TrimBnd       1D     24
     126    2555       0       0       1       0       0       000010000D     25
     126       0      -1      15       1       0       0 TrimBnd       2D     26
     126    2570       0       0       1       0       0       000010000D     27
     126       0      -1      13       1       0       0 TrimBnd       3D     28
     126    2583       0       0       1       0       0       000010000D     29
     126       0      -1     102       0       0       0 TrimBnd       4D     30
     126    2685       0       0       1       0       0       000010000D     31
     126       0      -1      31       0       0       0 TrimBnd       5D     32
     126    2716       0       0       1       0       0       000010000D     33
     126       0      -1      13       0       0       0 TrimBnd       6D     34
     102    2729       0       0       1       0       0       000010000D     35
     102       0      -1       1       0       0       03D CURVE       0D     36
     142    2730       0       0       1       0       0       000010000D     37
     142       0      -1       1       0       0       0 TrimBnd       1D     38
     144    2731       0       0       1       0       0       000000000D     39
     144       0      -1       1       0       0       0 TrimSrf       0D     40
     406    2732       0       0       0       0       0       000010300D     41
     406       0       0       1      15       0       0 NAMETXT       0D     42
     128    2733       0       0       1       0       0       000010000D     43
     128       0      -1    2722       0       0       0 TrimSrf       0D     44
     126    5455       0       0       1       0       0       000010500D     45
     126       0      -1      16       0       0       0 TrimBnd       1D     46
     126    5471       0       0       1       0       0       000010500D     47
     126       0      -1       6       1       0       0 TrimBnd       2D     48
     126    5477       0       0       1       0       0       000010500D     49
     126       0      -1       5       1       0       0 TrimBnd       3D     50
     126    5482       0       0       1       0       0       000010500D     51
     126       0      -1       5       1       0       0 TrimBnd       4D     52
     126    5487       0       0       1       0       0       000010500D     53
     126       0      -1       5       1       0       0 TrimBnd       5D     54
     126    5492       0       0       1       0       0       000010500D     55
     126       0      -1       4       1       0       0 TrimBnd       6D     56
     102    5496       0       0       1       0       0       000010500D     57
     102       0      -1       1       0       0       02D CURVE       0D     58
     126    5497       0       0       1       0       0       000010000D     59
     126       0      -1      14       0       0       0 TrimBnd       1D     60
     126    5511       0       0       1       0       0       000010000D     61
     126       0      -1      32       0       0       0 TrimBnd       2D     62
     126    5543       0       0       1       0       0       000010000D     63
     126       0      -1     112       0       0       0 TrimBnd       3D     64
     126    5655       0       0       1       0       0       000010000D     65
     126       0      -1      15       1       0       0 TrimBnd       4D     66
     126    5670       0       0       1       0       0       000010000D     67
     126       0      -1      17       1       0       0 TrimBnd       5D     68
     126    5687       0       0       1       0       0       000010000D     69
     126       0      -1      29       0       0       0 TrimBnd       6D     70
     102    5716       0       0       1       0       0       000010000D     71
     102       0      -1       1       0       0       03D CURVE       0D     72
     142    5717       0       0       1       0       0       000010000D     73
     142       0      -1       1       0       0       0 TrimBnd       1D     74
     144    5718       0       0       1       0       0       000000000D     75
     144       0      -1       1       0       0       0 TrimSrf       0D     76
314,0.0,0.0,0.0,20HRGB(   0,   0,   0 );                         0000001P      1
406,2,1,7HDefault;                                               0000003P      2
406,1,7HTrimSrf;                                                 0000005P      3
128,59,29,3,3,0,0,1,0,0,0.0D0,0.0D0,0.0D0,0.0D0,                 0000007P      4
0.01544152841589728D0,0.03088305683179456D0,                     0000007P      5
0.04632458524769183D0,0.06176611366358911D0,                     0000007P      6
0.07720764207948638D0,0.09264917049538367D0,0.108090698911281D0, 0000007P      7
0.1235322273271782D0,0.1389737557430755D0,0.1544152841589728D0,  0000007P      8
0.1698568125748701D0,0.1852983409907673D0,0.2007398694066646D0,  0000007P      9
0.2161813978225619D0,0.2316229262384592D0,0.2470644546543564D0,  0000007P     10
0.2625059830702537D0,0.277947511486151D0,0.2933890399020483D0,   0000007P     11
0.3088305683179455D0,0.3242720967338428D0,0.3397136251497401D0,  0000007P     12
0.3551551535656374D0,0.3705966819815347D0,0.386038210397432D0,   0000007P     13
0.4014797388133292D0,0.4169212672292265D0,0.4323627956451238D0,  0000007P     14
0.447804324061021D0,0.4632458524769183D0,0.4786873808928156D0,   0000007P     15
0.4941289093087128D0,0.5095704377246102D0,0.5250119661405075D0,  0000007P     16
0.5404534945564047D0,0.555895022972302D0,0.5713365513881993D0,   0000007P     17
0.5867780798040965D0,0.6022196082199938D0,0.6176611366358911D0,  0000007P     18
0.6331026650517884D0,0.6485441934676857D0,0.663985721883583D0,   0000007P     19
0.6794272502994803D0,0.6948687787153774D0,0.7103103071312747D0,  0000007P     20
0.725751835547172D0,0.7411933639630693D0,0.7566348923789665D0,   0000007P     21
0.7720764207948638D0,0.7875179492107611D0,0.8029594776266584D0,  0000007P     22
0.8184010060425557D0,0.833842534458453D0,0.8492840628743502D0,   0000007P     23
0.8647255912902475D0,0.8801671197061448D0,0.8801671197061448D0,  0000007P     24
0.8801671197061448D0,0.8801671197061448D0,0.0D0,0.0D0,0.0D0,     0000007P     25
0.0D0,0.01396558545330697D0,0.02793117090661394D0,               0000007P     26
0.04189675635992091D0,0.05586234181322788D0,                     0000007P     27
0.06982792726653486D0,0.08379351271984183D0,                     0000007P     28
0.09775909817314879D0,0.1117246836264558D0,0.1256902690797627D0, 0000007P     29
0.1396558545330697D0,0.1536214399863767D0,0.1675870254396837D0,  0000007P     30
0.1815526108929906D0,0.1955181963462976D0,0.2094837817996046D0,  0000007P     31
0.2234493672529115D0,0.2374149527062185D0,0.2513805381595254D0,  0000007P     32
0.2653461236128324D0,0.2793117090661394D0,0.2932772945194464D0,  0000007P     33
0.3072428799727533D0,0.3212084654260603D0,0.3351740508793673D0,  0000007P     34
0.3491396363326743D0,0.3631052217859813D0,0.3770708072392882D0,  0000007P     35
0.3770708072392882D0,0.3770708072392882D0,0.3770708072392882D0,  0000007P     36
1.0D0,1.0D0,1.0D0,1.0D0,1.0D0,1.0D0,1.0D0,1.0D0,1.0D0,1.0D0,     0000007P     37
1.0D0,1.0D0,1.0D0,1.0D0,1.0D0,1.0D0,1.0D0,1.0D0,1.0D0,1.0D0,     0000007P     38
1.0D0,1.0D0,1.0D0,1.0D0,1.0D0,1.0D0,1.0D0,1.0D0,1.0D0,1.0D0,     0000007P     39
1.0D0,1.0D0,1.0D0,1.0D0,1.0D0,1.0D0,1.0D0,1.0D0,1.0D0,1.0D0,     0000007P     40
1.0D0,1.0D0,1.0D0,1.0D0,1.0D0,1.0D0,1.0D0,1.0D0,1.0D0,1.0D0,     0000007P     41
1.0D0,1.0D0,1.0D0,1.0D0,1.0D0,1.0D0,1.0D0,1.0D0,1.0D0,1.0D0,     0000007P     42
1.0D0,1.0D0,1.0D0,1.0D0,1.0D0,1.0D0,1.0D0,1.0D0,1.0D0,1.0D0,     0000007P     43
1.0D0,1.0D0,1.0D0,1.0D0,1.0D0,1.0D0,1.0D0,1.0D0,1.0D0,1.0D0,     0000007P     44
1.0D0,1.0D0,1.0D0,1.0D0,1.0D0,1.0D0,1.0D0,1.0D0,1.0D0,1.0D0,     0000007P     45
1.0D0,1.0D0,1.0D0,1.0D0,1.0D0,1.0D0,1.0D0,1.0D0,1.0D0,1.0D0,     0000007P     46
1.0D0,1.0D0,1.0D0,1.0D0,1.0D0,1.0D0,1.0D0,1.0D0,1.0D0,1.0D0,     0000007P     47
1.0D0,1.0D0,1.0D0,1.0D0,1.0D0,1.0D0,1.0D0,1.0D0,1.0D0,1.0D0,     0000007P     48
1.0D0,1.0D0,1.0D0,1.0D0,1.0D0,1.0D0,1.0D0,1.0D0,1.0D0,1.0D0,     0000007P     49
1.0D0,1.0D0,1.0D0,1.0D0,1.0D0,1.0D0,1.0D0,1.0D0,1.0D0,1.0D0,     0000007P     50
1.0D0,1.0D0,1.0D0,1.0D0,1.0D0,1.0D0,1.0D0,1.0D0,1.0D0,1.0D0,     0000007P     51
1.0D0,1.0D0,1.0D0,1.0D0,1.0D0,1.0D0,1.0D0,1.0D0,1.0D0,1.0D0,     0000007P     52
1.0D0,1.0D0,1.0D0,1.0D0,1.0D0,1.0D0,1.0D0,1.0D0,1.0D0,1.0D0,     0000007P     53
1.0D0,1.0D0,1.0D0,1.0D0,1.0D0,1.0D0,1.0D0,1.0D0,1.0D0,1.0D0,     0000007P     54
1.0D0,1.0D0,1.0D0,1.0D0,1.0D0,1.0D0,1.0D0,1.0D0,1.0D0,1.0D0,     0000007P     55
1.0D0,1.0D0,1.0D0,1.0D0,1.0D0,1.0D0,1.0D0,1.0D0,1.0D0,1.0D0,     0000007P     56
1.0D0,1.0D0,1.0D0,1.0D0,1.0D0,1.0D0,1.0D0,1.0D0,1.0D0,1.0D0,     0000007P     57
1.0D0,1.0D0,1.0D0,1.0D0,1.0D0,1.0D0,1.0D0,1.0D0,1.0D0,1.0D0,     0000007P     58
1.0D0,1.0D0,1.0D0,1.0D0,1.0D0,1.0D0,1.0D0,1.0D0,1.0D0,1.0D0,     0000007P     59
1.0D0,1.0D0,1.0D0,1.0D0,1.0D0,1.0D0,1.0D0,1.0D0,1.0D0,1.0D0,     0000007P     60
1.0D0,1.0D0,1.0D0,1.0D0,1.0D0,1.0D0,1.0D0,1.0D0,1.0D0,1.0D0,     0000007P     61
1.0D0,1.0D0,1.0D0,1.0D0,1.0D0,1.0D0,1.0D0,1.0D0,1.0D0,1.0D0,     0000007P     62
1.0D0,1.0D0,1.0D0,1.0D0,1.0D0,1.0D0,1.0D0,1.0D0,1.0D0,1.0D0,     0000007P     63
1.0D0,1.0D0,1.0D0,1.0D0,1.0D0,1.0D0,1.0D0,1.0D0,1.0D0,1.0D0,     0000007P     64
1.0D0,1.0D0,1.0D0,1.0D0,1.0D0,1.0D0,1.0D0,1.0D0,1.0D0,1.0D0,     0000007P     65
1.0D0,1.0D0,1.0D0,1.0D0,1.0D0,1.0D0,1.0D0,1.0D0,1.0D0,1.0D0,     0000007P     66
1.0D0,1.0D0,1.0D0,1.0D0,1.0D0,1.0D0,1.0D0,1.0D0,1.0D0,1.0D0,     0000007P     67
1.0D0,1.0D0,1.0D0,1.0D0,1.0D0,1.0D0,1.0D0,1.0D0,1.0D0,1.0D0,     0000007P     68
1.0D0,1.0D0,1.0D0,1.0D0,1.0D0,1.0D0,1.0D0,1.0D0,1.0D0,1.0D0,     0000007P     69
1.0D0,1.0D0,1.0D0,1.0D0,1.0D0,1.0D0,1.0D0,1.0D0,1.0D0,1.0D0,     0000007P     70
1.0D0,1.0D0,1.0D0,1.0D0,1.0D0,1.0D0,1.0D0,1.0D0,1.0D0,1.0D0,     0000007P     71
1.0D0,1.0D0,1.0D0,1.0D0,1.0D0,1.0D0,1.0D0,1.0D0,1.0D0,1.0D0,     0000007P     72
1.0D0,1.0D0,1.0D0,1.0D0,1.0D0,1.0D0,1.0D0,1.0D0,1.0D0,1.0D0,     0000007P     73
1.0D0,1.0D0,1.0D0,1.0D0,1.0D0,1.0D0,1.0D0,1.0D0,1.0D0,1.0D0,     0000007P     74
1.0D0,1.0D0,1.0D0,1.0D0,1.0D0,1.0D0,1.0D0,1.0D0,1.0D0,1.0D0,     0000007P     75
1.0D0,1.0D0,1.0D0,1.0D0,1.0D0,1.0D0,1.0D0,1.0D0,1.0D0,1.0D0,     0000007P     76
1.0D0,1.0D0,1.0D0,1.0D0,1.0D0,1.0D0,1.0D0,1.0D0,1.0D0,1.0D0,     0000007P     77
1.0D0,1.0D0,1.0D0,1.0D0,1.0D0,1.0D0,1.0D0,1.0D0,1.0D0,1.0D0,     0000007P     78
1.0D0,1.0D0,1.0D0,1.0D0,1.0D0,1.0D0,1.0D0,1.0D0,1.0D0,1.0D0,     0000007P     79
1.0D0,1.0D0,1.0D0,1.0D0,1.0D0,1.0D0,1.0D0,1.0D0,1.0D0,1.0D0,     0000007P     80
1.0D0,1.0D0,1.0D0,1.0D0,1.0D0,1.0D0,1.0D0,1.0D0,1.0D0,1.0D0,     0000007P     81
1.0D0,1.0D0,1.0D0,1.0D0,1.0D0,1.0D0,1.0D0,1.0D0,1.0D0,1.0D0,     0000007P     82
1.0D0,1.0D0,1.0D0,1.0D0,1.0D0,1.0D0,1.0D0,1.0D0,1.0D0,1.0D0,     0000007P     83
1.0D0,1.0D0,1.0D0,1.0D0,1.0D0,1.0D0,1.0D0,1.0D0,1.0D0,1.0D0,     0000007P     84
1.0D0,1.0D0,1.0D0,1.0D0,1.0D0,1.0D0,1.0D0,1.0D0,1.0D0,1.0D0,     0000007P     85
1.0D0,1.0D0,1.0D0,1.0D0,1.0D0,1.0D0,1.0D0,1.0D0,1.0D0,1.0D0,     0000007P     86
1.0D0,1.0D0,1.0D0,1.0D0,1.0D0,1.0D0,1.0D0,1.0D0,1.0D0,1.0D0,     0000007P     87
1.0D0,1.0D0,1.0D0,1.0D0,1.0D0,1.0D0,1.0D0,1.0D0,1.0D0,1.0D0,     0000007P     88
1.0D0,1.0D0,1.0D0,1.0D0,1.0D0,1.0D0,1.0D0,1.0D0,1.0D0,1.0D0,     0000007P     89
1.0D0,1.0D0,1.0D0,1.0D0,1.0D0,1.0D0,1.0D0,1.0D0,1.0D0,1.0D0,     0000007P     90
1.0D0,1.0D0,1.0D0,1.0D0,1.0D0,1.0D0,1.0D0,1.0D0,1.0D0,1.0D0,     0000007P     91
1.0D0,1.0D0,1.0D0,1.0D0,1.0D0,1.0D0,1.0D0,1.0D0,1.0D0,1.0D0,     0000007P     92
1.0D0,1.0D0,1.0D0,1.0D0,1.0D0,1.0D0,1.0D0,1.0D0,1.0D0,1.0D0,     0000007P     93
1.0D0,1.0D0,1.0D0,1.0D0,1.0D0,1.0D0,1.0D0,1.0D0,1.0D0,1.0D0,     0000007P     94
1.0D0,1.0D0,1.0D0,1.0D0,1.0D0,1.0D0,1.0D0,1.0D0,1.0D0,1.0D0,     0000007P     95
1.0D0,1.0D0,1.0D0,1.0D0,1.0D0,1.0D0,1.0D0,1.0D0,1.0D0,1.0D0,     0000007P     96
1.0D0,1.0D0,1.0D0,1.0D0,1.0D0,1.0D0,1.0D0,1.0D0,1.0D0,1.0D0,     0000007P     97
1.0D0,1.0D0,1.0D0,1.0D0,1.0D0,1.0D0,1.0D0,1.0D0,1.0D0,1.0D0,     0000007P     98
1.0D0,1.0D0,1.0D0,1.0D0,1.0D0,1.0D0,1.0D0,1.0D0,1.0D0,1.0D0,     0000007P     99
1.0D0,1.0D0,1.0D0,1.0D0,1.0D0,1.0D0,1.0D0,1.0D0,1.0D0,1.0D0,     0000007P    100
1.0D0,1.0D0,1.0D0,1.0D0,1.0D0,1.0D0,1.0D0,1.0D0,1.0D0,1.0D0,     0000007P    101
1.0D0,1.0D0,1.0D0,1.0D0,1.0D0,1.0D0,1.0D0,1.0D0,1.0D0,1.0D0,     0000007P    102
1.0D0,1.0D0,1.0D0,1.0D0,1.0D0,1.0D0,1.0D0,1.0D0,1.0D0,1.0D0,     0000007P    103
1.0D0,1.0D0,1.0D0,1.0D0,1.0D0,1.0D0,1.0D0,1.0D0,1.0D0,1.0D0,     0000007P    104
1.0D0,1.0D0,1.0D0,1.0D0,1.0D0,1.0D0,1.0D0,1.0D0,1.0D0,1.0D0,     0000007P    105
1.0D0,1.0D0,1.0D0,1.0D0,1.0D0,1.0D0,1.0D0,1.0D0,1.0D0,1.0D0,     0000007P    106
1.0D0,1.0D0,1.0D0,1.0D0,1.0D0,1.0D0,1.0D0,1.0D0,1.0D0,1.0D0,     0000007P    107
1.0D0,1.0D0,1.0D0,1.0D0,1.0D0,1.0D0,1.0D0,1.0D0,1.0D0,1.0D0,     0000007P    108
1.0D0,1.0D0,1.0D0,1.0D0,1.0D0,1.0D0,1.0D0,1.0D0,1.0D0,1.0D0,     0000007P    109
1.0D0,1.0D0,1.0D0,1.0D0,1.0D0,1.0D0,1.0D0,1.0D0,1.0D0,1.0D0,     0000007P    110
1.0D0,1.0D0,1.0D0,1.0D0,1.0D0,1.0D0,1.0D0,1.0D0,1.0D0,1.0D0,     0000007P    111
1.0D0,1.0D0,1.0D0,1.0D0,1.0D0,1.0D0,1.0D0,1.0D0,1.0D0,1.0D0,     0000007P    112
1.0D0,1.0D0,1.0D0,1.0D0,1.0D0,1.0D0,1.0D0,1.0D0,1.0D0,1.0D0,     0000007P    113
1.0D0,1.0D0,1.0D0,1.0D0,1.0D0,1.0D0,1.0D0,1.0D0,1.0D0,1.0D0,     0000007P    114
1.0D0,1.0D0,1.0D0,1.0D0,1.0D0,1.0D0,1.0D0,1.0D0,1.0D0,1.0D0,     0000007P    115
1.0D0,1.0D0,1.0D0,1.0D0,1.0D0,1.0D0,1.0D0,1.0D0,1.0D0,1.0D0,     0000007P    116
1.0D0,1.0D0,1.0D0,1.0D0,1.0D0,1.0D0,1.0D0,1.0D0,1.0D0,1.0D0,     0000007P    117
1.0D0,1.0D0,1.0D0,1.0D0,1.0D0,1.0D0,1.0D0,1.0D0,1.0D0,1.0D0,     0000007P    118
1.0D0,1.0D0,1.0D0,1.0D0,1.0D0,1.0D0,1.0D0,1.0D0,1.0D0,1.0D0,     0000007P    119
1.0D0,1.0D0,1.0D0,1.0D0,1.0D0,1.0D0,1.0D0,1.0D0,1.0D0,1.0D0,     0000007P    120
1.0D0,1.0D0,1.0D0,1.0D0,1.0D0,1.0D0,1.0D0,1.0D0,1.0D0,1.0D0,     0000007P    121
1.0D0,1.0D0,1.0D0,1.0D0,1.0D0,1.0D0,1.0D0,1.0D0,1.0D0,1.0D0,     0000007P    122
1.0D0,1.0D0,1.0D0,1.0D0,1.0D0,1.0D0,1.0D0,1.0D0,1.0D0,1.0D0,     0000007P    123
1.0D0,1.0D0,1.0D0,1.0D0,1.0D0,1.0D0,1.0D0,1.0D0,1.0D0,1.0D0,     0000007P    124
1.0D0,1.0D0,1.0D0,1.0D0,1.0D0,1.0D0,1.0D0,1.0D0,1.0D0,1.0D0,     0000007P    125
1.0D0,1.0D0,1.0D0,1.0D0,1.0D0,1.0D0,1.0D0,1.0D0,1.0D0,1.0D0,     0000007P    126
1.0D0,1.0D0,1.0D0,1.0D0,1.0D0,1.0D0,1.0D0,1.0D0,1.0D0,1.0D0,     0000007P    127
1.0D0,1.0D0,1.0D0,1.0D0,1.0D0,1.0D0,1.0D0,1.0D0,1.0D0,1.0D0,     0000007P    128
1.0D0,1.0D0,1.0D0,1.0D0,1.0D0,1.0D0,1.0D0,1.0D0,1.0D0,1.0D0,     0000007P    129
1.0D0,1.0D0,1.0D0,1.0D0,1.0D0,1.0D0,1.0D0,1.0D0,1.0D0,1.0D0,     0000007P    130
1.0D0,1.0D0,1.0D0,1.0D0,1.0D0,1.0D0,1.0D0,1.0D0,1.0D0,1.0D0,     0000007P    131
1.0D0,1.0D0,1.0D0,1.0D0,1.0D0,1.0D0,1.0D0,1.0D0,1.0D0,1.0D0,     0000007P    132
1.0D0,1.0D0,1.0D0,1.0D0,1.0D0,1.0D0,1.0D0,1.0D0,1.0D0,1.0D0,     0000007P    133
1.0D0,1.0D0,1.0D0,1.0D0,1.0D0,1.0D0,1.0D0,1.0D0,1.0D0,1.0D0,     0000007P    134
1.0D0,1.0D0,1.0D0,1.0D0,1.0D0,1.0D0,1.0D0,1.0D0,1.0D0,1.0D0,     0000007P    135
1.0D0,1.0D0,1.0D0,1.0D0,1.0D0,1.0D0,1.0D0,1.0D0,1.0D0,1.0D0,     0000007P    136
1.0D0,1.0D0,1.0D0,1.0D0,1.0D0,1.0D0,1.0D0,1.0D0,1.0D0,1.0D0,     0000007P    137
1.0D0,1.0D0,1.0D0,1.0D0,1.0D0,1.0D0,1.0D0,1.0D0,1.0D0,1.0D0,     0000007P    138
1.0D0,1.0D0,1.0D0,1.0D0,1.0D0,1.0D0,1.0D0,1.0D0,1.0D0,1.0D0,     0000007P    139
1.0D0,1.0D0,1.0D0,1.0D0,1.0D0,1.0D0,1.0D0,1.0D0,1.0D0,1.0D0,     0000007P    140
1.0D0,1.0D0,1.0D0,1.0D0,1.0D0,1.0D0,1.0D0,1.0D0,1.0D0,1.0D0,     0000007P    141
1.0D0,1.0D0,1.0D0,1.0D0,1.0D0,1.0D0,1.0D0,1.0D0,1.0D0,1.0D0,     0000007P    142
1.0D0,1.0D0,1.0D0,1.0D0,1.0D0,1.0D0,1.0D0,1.0D0,1.0D0,1.0D0,     0000007P    143
1.0D0,1.0D0,1.0D0,1.0D0,1.0D0,1.0D0,1.0D0,1.0D0,1.0D0,1.0D0,     0000007P    144
1.0D0,1.0D0,1.0D0,1.0D0,1.0D0,1.0D0,1.0D0,1.0D0,1.0D0,1.0D0,     0000007P    145
1.0D0,1.0D0,1.0D0,1.0D0,1.0D0,1.0D0,1.0D0,1.0D0,1.0D0,1.0D0,     0000007P    146
1.0D0,1.0D0,1.0D0,1.0D0,1.0D0,1.0D0,1.0D0,1.0D0,1.0D0,1.0D0,     0000007P    147
1.0D0,1.0D0,1.0D0,1.0D0,1.0D0,1.0D0,1.0D0,1.0D0,1.0D0,1.0D0,     0000007P    148
1.0D0,1.0D0,1.0D0,1.0D0,1.0D0,1.0D0,1.0D0,1.0D0,1.0D0,1.0D0,     0000007P    149
1.0D0,1.0D0,1.0D0,1.0D0,1.0D0,1.0D0,1.0D0,1.0D0,1.0D0,1.0D0,     0000007P    150
1.0D0,1.0D0,1.0D0,1.0D0,1.0D0,1.0D0,1.0D0,1.0D0,1.0D0,1.0D0,     0000007P    151
1.0D0,1.0D0,1.0D0,1.0D0,1.0D0,1.0D0,1.0D0,1.0D0,1.0D0,1.0D0,     0000007P    152
1.0D0,1.0D0,1.0D0,1.0D0,1.0D0,1.0D0,1.0D0,1.0D0,1.0D0,1.0D0,     0000007P    153
1.0D0,1.0D0,1.0D0,1.0D0,1.0D0,1.0D0,1.0D0,1.0D0,1.0D0,1.0D0,     0000007P    154
1.0D0,1.0D0,1.0D0,1.0D0,1.0D0,1.0D0,1.0D0,1.0D0,1.0D0,1.0D0,     0000007P    155
1.0D0,1.0D0,1.0D0,1.0D0,1.0D0,1.0D0,1.0D0,1.0D0,1.0D0,1.0D0,     0000007P    156
1.0D0,1.0D0,1.0D0,1.0D0,1.0D0,1.0D0,1.0D0,1.0D0,1.0D0,1.0D0,     0000007P    157
1.0D0,1.0D0,1.0D0,1.0D0,1.0D0,1.0D0,1.0D0,1.0D0,1.0D0,1.0D0,     0000007P    158
1.0D0,1.0D0,1.0D0,1.0D0,1.0D0,1.0D0,1.0D0,1.0D0,1.0D0,1.0D0,     0000007P    159
1.0D0,1.0D0,1.0D0,1.0D0,1.0D0,1.0D0,1.0D0,1.0D0,1.0D0,1.0D0,     0000007P    160
1.0D0,1.0D0,1.0D0,1.0D0,1.0D0,1.0D0,1.0D0,1.0D0,1.0D0,1.0D0,     0000007P    161
1.0D0,1.0D0,1.0D0,1.0D0,1.0D0,1.0D0,1.0D0,1.0D0,1.0D0,1.0D0,     0000007P    162
1.0D0,1.0D0,1.0D0,1.0D0,1.0D0,1.0D0,1.0D0,1.0D0,1.0D0,1.0D0,     0000007P    163
1.0D0,1.0D0,1.0D0,1.0D0,1.0D0,1.0D0,1.0D0,1.0D0,1.0D0,1.0D0,     0000007P    164
1.0D0,1.0D0,1.0D0,1.0D0,1.0D0,1.0D0,1.0D0,1.0D0,1.0D0,1.0D0,     0000007P    165
1.0D0,1.0D0,1.0D0,1.0D0,1.0D0,1.0D0,1.0D0,1.0D0,1.0D0,1.0D0,     0000007P    166
1.0D0,1.0D0,1.0D0,1.0D0,1.0D0,1.0D0,1.0D0,1.0D0,1.0D0,1.0D0,     0000007P    167
1.0D0,1.0D0,1.0D0,1.0D0,1.0D0,1.0D0,1.0D0,1.0D0,1.0D0,1.0D0,     0000007P    168
1.0D0,1.0D0,1.0D0,1.0D0,1.0D0,1.0D0,1.0D0,1.0D0,1.0D0,1.0D0,     0000007P    169
1.0D0,1.0D0,1.0D0,1.0D0,1.0D0,1.0D0,1.0D0,1.0D0,1.0D0,1.0D0,     0000007P    170
1.0D0,1.0D0,1.0D0,1.0D0,1.0D0,1.0D0,1.0D0,1.0D0,1.0D0,1.0D0,     0000007P    171
1.0D0,1.0D0,1.0D0,1.0D0,1.0D0,1.0D0,1.0D0,1.0D0,1.0D0,1.0D0,     0000007P    172
1.0D0,1.0D0,1.0D0,1.0D0,1.0D0,1.0D0,1.0D0,1.0D0,1.0D0,1.0D0,     0000007P    173
1.0D0,1.0D0,1.0D0,1.0D0,1.0D0,1.0D0,1.0D0,1.0D0,1.0D0,1.0D0,     0000007P    174
1.0D0,1.0D0,1.0D0,1.0D0,1.0D0,1.0D0,1.0D0,1.0D0,1.0D0,1.0D0,     0000007P    175
1.0D0,1.0D0,1.0D0,1.0D0,1.0D0,1.0D0,1.0D0,1.0D0,1.0D0,1.0D0,     0000007P    176
1.0D0,1.0D0,1.0D0,1.0D0,1.0D0,1.0D0,1.0D0,1.0D0,1.0D0,1.0D0,     0000007P    177
1.0D0,1.0D0,1.0D0,1.0D0,1.0D0,1.0D0,1.0D0,1.0D0,1.0D0,1.0D0,     0000007P    178
1.0D0,1.0D0,1.0D0,1.0D0,1.0D0,1.0D0,1.0D0,1.0D0,1.0D0,1.0D0,     0000007P    179
1.0D0,1.0D0,1.0D0,1.0D0,1.0D0,1.0D0,1.0D0,1.0D0,1.0D0,1.0D0,     0000007P    180
1.0D0,1.0D0,1.0D0,1.0D0,1.0D0,1.0D0,1.0D0,1.0D0,1.0D0,1.0D0,     0000007P    181
1.0D0,1.0D0,1.0D0,1.0D0,1.0D0,1.0D0,1.0D0,1.0D0,1.0D0,1.0D0,     0000007P    182
1.0D0,1.0D0,1.0D0,1.0D0,1.0D0,1.0D0,1.0D0,1.0D0,1.0D0,1.0D0,     0000007P    183
1.0D0,1.0D0,1.0D0,1.0D0,1.0D0,1.0D0,1.0D0,1.0D0,1.0D0,1.0D0,     0000007P    184
1.0D0,1.0D0,1.0D0,1.0D0,1.0D0,1.0D0,1.0D0,1.0D0,1.0D0,1.0D0,     0000007P    185
1.0D0,1.0D0,1.0D0,1.0D0,1.0D0,1.0D0,1.0D0,1.0D0,1.0D0,1.0D0,     0000007P    186
1.0D0,1.0D0,1.0D0,1.0D0,1.0D0,1.0D0,1.0D0,1.0D0,1.0D0,1.0D0,     0000007P    187
1.0D0,1.0D0,1.0D0,1.0D0,1.0D0,1.0D0,1.0D0,1.0D0,1.0D0,1.0D0,     0000007P    188
1.0D0,1.0D0,1.0D0,1.0D0,1.0D0,1.0D0,1.0D0,1.0D0,1.0D0,1.0D0,     0000007P    189
1.0D0,1.0D0,1.0D0,1.0D0,1.0D0,1.0D0,1.0D0,1.0D0,1.0D0,1.0D0,     0000007P    190
1.0D0,1.0D0,1.0D0,1.0D0,1.0D0,1.0D0,1.0D0,1.0D0,1.0D0,1.0D0,     0000007P    191
1.0D0,1.0D0,1.0D0,1.0D0,1.0D0,1.0D0,1.0D0,1.0D0,1.0D0,1.0D0,     0000007P    192
1.0D0,1.0D0,1.0D0,1.0D0,1.0D0,1.0D0,1.0D0,1.0D0,1.0D0,1.0D0,     0000007P    193
1.0D0,1.0D0,1.0D0,1.0D0,1.0D0,1.0D0,1.0D0,1.0D0,1.0D0,1.0D0,     0000007P    194
1.0D0,1.0D0,1.0D0,1.0D0,1.0D0,1.0D0,1.0D0,1.0D0,1.0D0,1.0D0,     0000007P    195
1.0D0,1.0D0,1.0D0,1.0D0,1.0D0,1.0D0,1.0D0,1.0D0,1.0D0,1.0D0,     0000007P    196
1.0D0,1.0D0,1.0D0,1.0D0,1.0D0,1.0D0,1.0D0,1.0D0,1.0D0,1.0D0,     0000007P    197
1.0D0,1.0D0,1.0D0,1.0D0,1.0D0,1.0D0,1.0D0,1.0D0,1.0D0,1.0D0,     0000007P    198
1.0D0,1.0D0,1.0D0,1.0D0,1.0D0,1.0D0,1.0D0,1.0D0,1.0D0,1.0D0,     0000007P    199
1.0D0,1.0D0,1.0D0,1.0D0,1.0D0,1.0D0,1.0D0,1.0D0,1.0D0,1.0D0,     0000007P    200
1.0D0,1.0D0,1.0D0,1.0D0,1.0D0,1.0D0,1.0D0,1.0D0,1.0D0,1.0D0,     0000007P    201
1.0D0,1.0D0,1.0D0,1.0D0,1.0D0,1.0D0,1.0D0,1.0D0,1.0D0,1.0D0,     0000007P    202
1.0D0,1.0D0,1.0D0,1.0D0,1.0D0,1.0D0,1.0D0,1.0D0,1.0D0,1.0D0,     0000007P    203
1.0D0,1.0D0,1.0D0,1.0D0,1.0D0,1.0D0,1.0D0,1.0D0,1.0D0,1.0D0,     0000007P    204
1.0D0,1.0D0,1.0D0,1.0D0,1.0D0,1.0D0,1.0D0,1.0D0,1.0D0,1.0D0,     0000007P    205
1.0D0,1.0D0,1.0D0,1.0D0,1.0D0,1.0D0,1.0D0,1.0D0,1.0D0,1.0D0,     0000007P    206
1.0D0,1.0D0,1.0D0,1.0D0,1.0D0,1.0D0,1.0D0,1.0D0,1.0D0,1.0D0,     0000007P    207
1.0D0,1.0D0,1.0D0,1.0D0,1.0D0,1.0D0,1.0D0,1.0D0,1.0D0,1.0D0,     0000007P    208
1.0D0,1.0D0,1.0D0,1.0D0,1.0D0,1.0D0,1.0D0,1.0D0,1.0D0,1.0D0,     0000007P    209
1.0D0,1.0D0,1.0D0,1.0D0,1.0D0,1.0D0,1.0D0,1.0D0,1.0D0,1.0D0,     0000007P    210
1.0D0,1.0D0,1.0D0,1.0D0,1.0D0,1.0D0,1.0D0,1.0D0,1.0D0,1.0D0,     0000007P    211
1.0D0,1.0D0,1.0D0,1.0D0,1.0D0,1.0D0,1.0D0,1.0D0,1.0D0,1.0D0,     0000007P    212
1.0D0,1.0D0,1.0D0,1.0D0,1.0D0,1.0D0,1.0D0,1.0D0,1.0D0,1.0D0,     0000007P    213
1.0D0,1.0D0,1.0D0,1.0D0,1.0D0,1.0D0,1.0D0,1.0D0,1.0D0,1.0D0,     0000007P    214
1.0D0,1.0D0,1.0D0,1.0D0,1.0D0,1.0D0,1.0D0,1.0D0,1.0D0,1.0D0,     0000007P    215
1.0D0,1.0D0,1.0D0,1.0D0,1.0D0,1.0D0,1.0D0,1.0D0,1.0D0,1.0D0,     0000007P    216
0.8418369992384757D0,0.0D0,0.201889D0,0.8368004355604911D0,      0000007P    217
0.0D0,0.2026850572900266D0,0.8267279024685111D0,0.0D0,           0000007P    218
0.2042864307022405D0,0.8116168743405844D0,0.0D0,                 0000007P    219
0.2066537701999585D0,0.796512977380517D0,0.0D0,                  0000007P    220
0.209132215683606D0,0.78138278423897D0,0.0D0,                    0000007P    221
0.2112009578441379D0,0.7662419214831714D0,0.0D0,                 0000007P    222
0.2131027351064541D0,0.7511043091012809D0,0.0D0,                 0000007P    223
0.2150576286833908D0,0.7359643648380099D0,0.0D0,                 0000007P    224
0.2169670219000612D0,0.7208055479515602D0,0.0D0,                 0000007P    225
0.218479953811587D0,0.7056509021832317D0,0.0D0,                  0000007P    226
0.2200734187283593D0,0.6904984445655963D0,0.0D0,                 0000007P    227
0.2217412129292904D0,0.6753330632270681D0,0.0D0,                 0000007P    228
0.2230311569883396D0,0.6601692592184834D0,0.0D0,                 0000007P    229
0.2243655798937426D0,0.6450059323224194D0,0.0D0,                 0000007P    230
0.2257216181699232D0,0.629839119646328D0,0.0D0,                  0000007P    231
0.2269467161166393D0,0.6146692042923971D0,0.0D0,                 0000007P    232
0.2280563967331695D0,0.5995000054525579D0,0.0D0,                 0000007P    233
0.2291928849290243D0,0.5843310432341905D0,0.0D0,                 0000007P    234
0.2303375601377671D0,0.5691563375535101D0,0.0D0,                 0000007P    235
0.2312807077577091D0,0.5539827042768245D0,0.0D0,                 0000007P    236
0.2322679922129157D0,0.5388105248464714D0,0.0D0,                 0000007P    237
0.2332802569158651D0,0.5236314576267955D0,0.0D0,                 0000007P    238
0.2341484637925786D0,0.5084521563720205D0,0.0D0,                 0000007P    239
0.2350141407842976D0,0.4932739308962927D0,0.0D0,                 0000007P    240
0.2358920731443715D0,0.4780916363394735D0,0.0D0,                 0000007P    241
0.2367235139160209D0,0.4629032392210429D0,0.0D0,                 0000007P    242
0.237483673785861D0,0.4477156290852294D0,0.0D0,                  0000007P    243
0.2382569788806046D0,0.4325309735805596D0,0.0D0,                 0000007P    244
0.2390489839775432D0,0.4173284186327552D0,0.0D0,                 0000007P    245
0.2397161560468005D0,0.4021295285351582D0,0.0D0,                 0000007P    246
0.2404111958076787D0,0.3869338784798667D0,0.0D0,                 0000007P    247
0.2411195978297548D0,0.371721603405146D0,0.0D0,                  0000007P    248
0.2417466831154182D0,0.3565064092911147D0,0.0D0,                 0000007P    249
0.2423595753802167D0,0.3412935915227086D0,0.0D0,                 0000007P    250
0.2429828117366559D0,0.3260741874111122D0,0.0D0,                 0000007P    251
0.2435788647473971D0,0.310838252383777D0,0.0D0,                  0000007P    252
0.2441068365081578D0,0.2956046003838685D0,0.0D0,                 0000007P    253
0.2446448342986374D0,0.2803783471899917D0,0.0D0,                 0000007P    254
0.2452108092202219D0,0.2651183018138344D0,0.0D0,                 0000007P    255
0.2456475177312739D0,0.2498659370201054D0,0.0D0,                 0000007P    256
0.2461132783541426D0,0.2346166420789433D0,0.0D0,                 0000007P    257
0.2465920969402763D0,0.2193473871450848D0,0.0D0,                 0000007P    258
0.2469896315615333D0,0.2040722796248869D0,0.0D0,                 0000007P    259
0.247363148317207D0,0.1887999949310115D0,0.0D0,                  0000007P    260
0.2477490797986428D0,0.1735222715181868D0,0.0D0,                 0000007P    261
0.2481093702426138D0,0.1582262353242015D0,0.0D0,                 0000007P    262
0.2483837104721764D0,0.1429333884313838D0,0.0D0,                 0000007P    263
0.2486705137087226D0,0.1276460971150582D0,0.0D0,                 0000007P    264
0.2489934151317429D0,0.1123333941915957D0,0.0D0,                 0000007P    265
0.2491594608018837D0,0.09702671372264357D0,0.0D0,                0000007P    266
0.2493602238628005D0,0.08172081668794219D0,0.0D0,                0000007P    267
0.2495756461717827D0,0.06640576346172869D0,0.0D0,                0000007P    268
0.249697714097727D0,0.05108777790260087D0,0.0D0,                 0000007P    269
0.249789642766778D0,0.03577079805056154D0,0.0D0,                 0000007P    270
0.2498960894786217D0,0.02045272770308181D0,0.0D0,                0000007P    271
0.2499746032761879D0,0.005131292213362161D0,0.0D0,               0000007P    272
0.2499534974166271D0,-0.01018923069541125D0,0.0D0,               0000007P    273
0.2499594070573041D0,-0.02040310275562398D0,0.0D0,               0000007P    274
0.2499577185885392D0,-0.02551000076152426D0,0.0D0,0.249958D0,    0000007P    275
0.8418369992384757D0,-0.004182678222115335D0,                    0000007P    276
0.2018888575591935D0,0.8368004355604912D0,                       0000007P    277
-0.00418267835643767D0,0.2026849511403555D0,                     0000007P    278
0.8267279024685104D0,-0.00418267860932628D0,                     0000007P    279
0.2042863929430651D0,0.8116168743405852D0,                       0000007P    280
-0.004182679047744456D0,0.2066538507456822D0,                    0000007P    281
0.796512977380516D0,-0.004182679297089796D0,                     0000007P    282
0.2091323642329322D0,0.7813827842389709D0,                       0000007P    283
-0.004182680243641199D0,0.2112013598830972D0,                    0000007P    284
0.7662419214831708D0,-0.004182681469585687D0,                    0000007P    285
0.2131034595907654D0,0.7511043091012811D0,                       0000007P    286
-0.004182682621223998D0,0.2150586740937134D0,0.73596436483801D0, 0000007P    287
-0.004182683790693916D0,0.2169683253580387D0,                    0000007P    288
0.7208055479515598D0,-0.004182684888027734D0,                    0000007P    289
0.218480639355788D0,0.7056509021832315D0,                        0000007P    290
-0.004182686034333751D0,0.2200737203136799D0,                    0000007P    291
0.6904984445655962D0,-0.00418268705688706D0,                     0000007P    292
0.2217410706975779D0,0.6753330632270678D0,                       0000007P    293
-0.004182688525479013D0,0.2230305764173091D0,                    0000007P    294
0.6601692592184831D0,-0.00418268996894359D0,                     0000007P    295
0.2243646066028268D0,0.6450059323224193D0,                       0000007P    296
-0.004182691276273548D0,0.2257200651860819D0,                    0000007P    297
0.6298391196463277D0,-0.004182693153269348D0,                    0000007P    298
0.2269452857126002D0,0.6146692042923978D0,                       0000007P    299
-0.004182695530525297D0,0.2280556998940745D0,                    0000007P    300
0.5995000054525574D0,-0.004182697758357818D0,                    0000007P    301
0.2291927375613256D0,0.5843310432341907D0,                       0000007P    302
-0.004182700083623881D0,0.2303380876305138D0,                    0000007P    303
0.5691563375535099D0,-0.004182701664493938D0,                    0000007P    304
0.2312809289353075D0,0.5539827042768248D0,                       0000007P    305
-0.004182703449122005D0,0.2322681824684078D0,                    0000007P    306
0.5388105248464711D0,-0.004182705163114054D0,                    0000007P    307
0.2332802958526755D0,0.5236314576267959D0,                       0000007P    308
-0.004182706955892148D0,0.2341485576039663D0,0.50845215637202D0, 0000007P    309
-0.004182708734724886D0,0.2350142822811622D0,                    0000007P    310
0.4932739308962928D0,-0.004182710549641238D0,                    0000007P    311
0.2358922635637973D0,0.4780916363394737D0,                       0000007P    312
-0.004182712234168502D0,0.2367237554987691D0,                    0000007P    313
0.462903239221043D0,-0.004182713720635335D0,                     0000007P    314
0.2374839721563419D0,0.4477156290852292D0,                       0000007P    315
-0.004182715241194284D0,0.2382573298710582D0,                    0000007P    316
0.4325309735805594D0,-0.004182716823445195D0,                    0000007P    317
0.2390493986345991D0,0.4173284186327554D0,-0.0041827180059727D0, 0000007P    318
0.2397165750411421D0,0.4021295285351578D0,                       0000007P    319
-0.004182719266760183D0,0.2404116083902699D0,                    0000007P    320
0.3869338784798668D0,-0.004182720614231149D0,                    0000007P    321
0.2411201063260556D0,0.3717216034051457D0,                       0000007P    322
-0.004182721536708227D0,0.2417468889726242D0,                    0000007P    323
0.3565064092911146D0,-0.004182722394493604D0,                    0000007P    324
0.2423594445451717D0,0.3412935915227082D0,                       0000007P    325
-0.004182723278710361D0,0.24298228120716D0,0.3260741874111123D0, 0000007P    326
-0.004182724121893281D0,0.2435782205854066D0,                    0000007P    327
0.310838252383777D0,-0.00418272488594407D0,0.2441069248034951D0, 0000007P    328
0.2956046003838681D0,-0.004182725630492174D0,                    0000007P    329
0.2446453361511473D0,0.2803783471899917D0,                       0000007P    330
-0.004182726532183129D0,0.2452121541407031D0,                    0000007P    331
0.2651183018138343D0,-0.004182726788754556D0,                    0000007P    332
0.2456482253994134D0,0.2498659370201055D0,                       0000007P    333
-0.004182727206657163D0,0.2461137470827053D0,                    0000007P    334
0.234616642078943D0,-0.004182727624354569D0,                     0000007P    335
0.2465922137985163D0,0.219347387145085D0,                        0000007P    336
-0.004182727881541645D0,0.2469894499596688D0,                    0000007P    337
0.2040722796248867D0,-0.004182728089116931D0,                    0000007P    338
0.2473626759351844D0,0.1887999949310114D0,                       0000007P    339
-0.004182728316116734D0,0.2477482856994385D0,                    0000007P    340
0.1735222715181867D0,-0.004182728515030265D0,                    0000007P    341
0.2481083704943744D0,0.1582262353242016D0,                       0000007P    342
-0.004182728626188906D0,0.2483829733271505D0,                    0000007P    343
0.1429333884313838D0,-0.004182728750198632D0,                    0000007P    344
0.2486698777358487D0,0.1276460971150581D0,                       0000007P    345
-0.004182728910558942D0,0.2489930578030185D0,                    0000007P    346
0.1123333941915956D0,-0.004182728912665823D0,                    0000007P    347
0.2491588336603786D0,0.09702671372264354D0,                      0000007P    348
-0.004182728954548106D0,0.2493595058327836D0,                    0000007P    349
0.08172081668794218D0,-0.004182728992253596D0,                   0000007P    350
0.2495746590304534D0,0.06640576346172865D0,                      0000007P    351
-0.004182729006890872D0,0.2496969918120197D0,                    0000007P    352
0.05108777790260086D0,-0.004182729013169253D0,                   0000007P    353
0.249789323638303D0,0.03577079805056154D0,                       0000007P    354
-0.004182729022214627D0,0.24989616095597D0,                      0000007P    355
0.02045272770308181D0,-0.004182729028550883D0,                   0000007P    356
0.2499749772633844D0,0.005131292213362154D0,                     0000007P    357
-0.00418272902684759D0,0.2499537900839721D0,                     0000007P    358
-0.01018923069541126D0,-0.004182729027324512D0,                  0000007P    359
0.2499597224942075D0,-0.02040310275562397D0,                     0000007P    360
-0.004182729027188242D0,0.2499580275198543D0,                    0000007P    361
-0.02551000076152425D0,-0.004182729027210957D0,                  0000007P    362
0.2499583100155799D0,0.8418369992384761D0,                       0000007P    363
-0.01254810181256912D0,0.201272373548665D0,0.8368004355604918D0, 0000007P    364
-0.01254810176185987D0,0.2020690500997611D0,                     0000007P    365
0.8267279024685125D0,-0.01254810166638955D0,                     0000007P    366
0.2036715789932041D0,0.8116168743405839D0,                       0000007P    367
-0.01254810150087827D0,0.2060409631161797D0,                     0000007P    368
0.7965129773805182D0,-0.01254810140674561D0,                     0000007P    369
0.2085204567341576D0,0.7813827842389701D0,                       0000007P    370
-0.01254810104940431D0,0.2105939215893162D0,                     0000007P    371
0.7662419214831723D0,-0.01254810058658673D0,                     0000007P    372
0.2125019206295204D0,0.7511043091012809D0,                       0000007P    373
-0.01254810015182118D0,0.2144625541496277D0,                     0000007P    374
0.7359643648380101D0,-0.01254809971032385D0,                     0000007P    375
0.2163781155650767D0,0.7208055479515604D0,                       0000007P    376
-0.01254809929605928D0,0.2179009836889025D0,                     0000007P    377
0.7056509021832319D0,-0.01254809886330677D0,                     0000007P    378
0.2195036420543102D0,0.6904984445655967D0,                       0000007P    379
-0.01254809847727329D0,0.2211798327450125D0,                     0000007P    380
0.6753330632270687D0,-0.01254809792285166D0,0.222482103892956D0, 0000007P    381
0.6601692592184837D0,-0.01254809737791608D0,                     0000007P    382
0.2238283944399371D0,0.6450059323224194D0,                       0000007P    383
-0.01254809688437394D0,0.2251960598963322D0,0.629839119646329D0, 0000007P    384
-0.01254809617577203D0,0.2264342063160338D0,                     0000007P    385
0.6146692042923966D0,-0.01254809527831233D0,                     0000007P    386
0.2275581881619448D0,0.5995000054525584D0,                       0000007P    387
-0.01254809443726283D0,0.2287086813852999D0,                     0000007P    388
0.5843310432341903D0,-0.0125480935594303D0,0.2298672936726706D0, 0000007P    389
0.5691563375535108D0,-0.01254809296262153D0,                     0000007P    390
0.2308263352967603D0,0.5539827042768247D0,                       0000007P    391
-0.01254809228889022D0,0.2318291283838441D0,                     0000007P    392
0.5388105248464715D0,-0.01254809164182535D0,0.232856486282232D0, 0000007P    393
0.5236314576267963D0,-0.01254809096501725D0,                     0000007P    394
0.2337418334724099D0,0.5084521563720212D0,                       0000007P    395
-0.01254809029347378D0,0.2346246161951181D0,                     0000007P    396
0.4932739308962932D0,-0.01254808960830804D0,                     0000007P    397
0.2355197286951176D0,0.4780916363394738D0,                       0000007P    398
-0.01254808897236671D0,0.2363680865534213D0,                     0000007P    399
0.4629032392210432D0,-0.01254808841119697D0,                     0000007P    400
0.2371447316434066D0,0.4477156290852294D0,                       0000007P    401
-0.01254808783715682D0,0.2379346800178487D0,                     0000007P    402
0.4325309735805601D0,-0.01254808723982674D0,                     0000007P    403
0.2387431280227825D0,0.4173284186327554D0,                       0000007P    404
-0.01254808679339995D0,0.2394276370527655D0,                     0000007P    405
0.4021295285351587D0,-0.01254808631742849D0,                     0000007P    406
0.2401397141368805D0,0.3869338784798669D0,                       0000007P    407
-0.01254808580873235D0,0.2408654579794185D0,                     0000007P    408
0.3717216034051464D0,-0.01254808546047956D0,                     0000007P    409
0.2415089667341334D0,0.3565064092911148D0,                       0000007P    410
-0.01254808513664914D0,0.2421381297601299D0,0.341293591522709D0, 0000007P    411
-0.01254808480284035D0,0.2427777865111336D0,                     0000007P    412
0.3260741874111122D0,-0.01254808448452264D0,                     0000007P    413
0.2433898140908259D0,0.3108382523837772D0,-0.0125480841960788D0, 0000007P    414
0.2439326377816421D0,0.2956046003838685D0,                       0000007P    415
-0.01254808391499762D0,0.2444856308286197D0,                     0000007P    416
0.2803783471899919D0,-0.01254808357459199D0,                     0000007P    417
0.2450671503398282D0,0.2651183018138345D0,                       0000007P    418
-0.01254808347773135D0,0.2455169214466175D0,                     0000007P    419
0.2498659370201056D0,-0.01254808331996512D0,                     0000007P    420
0.2459962552647082D0,0.2346166420789436D0,                       0000007P    421
-0.01254808316227631D0,0.2464890866420135D0,                     0000007P    422
0.2193473871450847D0,-0.01254808306518327D0,                     0000007P    423
0.2468983650711579D0,0.2040722796248873D0,                       0000007P    424
-0.01254808298681962D0,0.2472829754579435D0,                     0000007P    425
0.1887999949310115D0,-0.01254808290112283D0,                     0000007P    426
0.2476803128570034D0,0.1735222715181868D0,                       0000007P    427
-0.01254808282602918D0,0.2480514102493256D0,                     0000007P    428
0.1582262353242015D0,-0.01254808278406465D0,                     0000007P    429
0.2483346802032056D0,0.142933388431384D0,-0.01254808273724859D0, 0000007P    430
0.2486304918977372D0,0.1276460971150583D0,-0.0125480826767095D0, 0000007P    431
0.248963964068105D0,0.1123333941915958D0,-0.01254808267591411D0, 0000007P    432
0.2491342525944776D0,0.09702671372264357D0,                      0000007P    433
-0.01254808266010274D0,0.2493407772629138D0,                     0000007P    434
0.08172081668794225D0,-0.01254808264586819D0,                    0000007P    435
0.2495620811895847D0,0.06640576346172872D0,                      0000007P    436
-0.01254808264034236D0,0.2496880319412524D0,                     0000007P    437
0.0510877779026009D0,-0.01254808263797213D0,                     0000007P    438
0.2497831423140278D0,0.03577079805056159D0,                      0000007P    439
-0.01254808263455734D0,0.2498931768274973D0,                     0000007P    440
0.02045272770308182D0,-0.01254808263216528D0,                    0000007P    441
0.2499743551570833D0,0.005131292213362175D0,                     0000007P    442
-0.0125480826328083D0,0.249952533025474D0,                       0000007P    443
-0.01018923069541125D0,-0.01254808263262825D0,                   0000007P    444
0.2499586432223246D0,-0.02040310275562401D0,                     0000007P    445
-0.01254808263267971D0,0.2499568974517959D0,                     0000007P    446
-0.02551000076152429D0,-0.01254808263267112D0,                   0000007P    447
0.2499571884135507D0,0.841836999238476D0,-0.02504030529323732D0, 0000007P    448
0.1985151826196264D0,0.8368004355604911D0,                       0000007P    449
-0.02504030530682713D0,0.1993149146580791D0,0.826727902468511D0, 0000007P    450
-0.02504030533241274D0,0.2009232126205389D0,                     0000007P    451
0.8116168743405848D0,-0.02504030537676894D0,                     0000007P    452
0.2033025324934002D0,0.7965129773805169D0,                       0000007P    453
-0.02504030540199608D0,0.2057878589929105D0,                     0000007P    454
0.7813827842389703D0,-0.02504030549776172D0,                     0000007P    455
0.2078822860566545D0,0.7662419214831716D0,-0.0250403056217945D0, 0000007P    456
0.2098174272847744D0,0.7511043091012807D0,                       0000007P    457
-0.02504030573830948D0,0.2118031927121008D0,                     0000007P    458
0.7359643648380105D0,-0.02504030585662852D0,                     0000007P    459
0.2137457471782263D0,0.7208055479515602D0,                       0000007P    460
-0.02504030596764936D0,0.2153122420392176D0,                     0000007P    461
0.7056509021832317D0,-0.02504030608362484D0,                     0000007P    462
0.2169552755043584D0,0.6904984445655963D0,                       0000007P    463
-0.02504030618707989D0,0.2186682141580346D0,                     0000007P    464
0.6753330632270682D0,-0.02504030633566202D0,                     0000007P    465
0.2200249934534202D0,0.6601692592184834D0,                       0000007P    466
-0.02504030648170204D0,0.2214237301445852D0,                     0000007P    467
0.6450059323224195D0,-0.02504030661396882D0,                     0000007P    468
0.2228426977484187D0,0.6298391196463283D0,                       0000007P    469
-0.02504030680387053D0,0.2241387843057981D0,                     0000007P    470
0.6146692042923978D0,-0.02504030704438514D0,                     0000007P    471
0.2253265403353158D0,0.5995000054525583D0,                       0000007P    472
-0.02504030726978211D0,0.2265394570222851D0,                     0000007P    473
0.5843310432341909D0,-0.02504030750503676D0,                     0000007P    474
0.2277600616073097D0,0.56915633755351D0,-0.02504030766497847D0,  0000007P    475
0.2287913971823244D0,0.5539827042768249D0,-0.025040307845535D0,  0000007P    476
0.2298640759583632D0,0.5388105248464716D0,                       0000007P    477
-0.02504030801894511D0,0.230960650940316D0,0.5236314576267959D0, 0000007P    478
-0.02504030820032619D0,0.2319202978975884D0,                     0000007P    479
0.5084521563720201D0,-0.02504030838029645D0,                     0000007P    480
0.2328774838552108D0,0.4932739308962932D0,                       0000007P    481
-0.02504030856391735D0,0.2338465685273497D0,                     0000007P    482
0.4780916363394734D0,-0.02504030873434637D0,                     0000007P    483
0.2347705193410741D0,0.4629032392210433D0,                       0000007P    484
-0.02504030888473702D0,0.2356253697943977D0,                     0000007P    485
0.4477156290852296D0,-0.02504030903857683D0,                     0000007P    486
0.2364927162499497D0,0.4325309735805598D0,                       0000007P    487
-0.02504030919865825D0,0.2373791790569886D0,                     0000007P    488
0.4173284186327555D0,-0.02504030931829835D0,                     0000007P    489
0.2381393614736826D0,0.4021295285351579D0,                       0000007P    490
-0.02504030944585627D0,0.2389274922372811D0,                     0000007P    491
0.3869338784798668D0,-0.02504030958218423D0,                     0000007P    492
0.2397301100036062D0,0.3717216034051458D0,                       0000007P    493
-0.02504030967551422D0,0.2404468314121206D0,0.356506409291115D0, 0000007P    494
-0.02504030976229911D0,0.2411485575706926D0,                     0000007P    495
0.3412935915227086D0,-0.02504030985175817D0,                     0000007P    496
0.2418613666595172D0,0.326074187411112D0,-0.0250403099370657D0,  0000007P    497
0.2425448392772747D0,0.3108382523837772D0,                       0000007P    498
-0.02504031001436717D0,0.2431549507524868D0,                     0000007P    499
0.2956046003838685D0,-0.0250403100896955D0,0.2437754877067552D0, 0000007P    500
0.2803783471899918D0,-0.02504031018092246D0,                     0000007P    501
0.2444276838873432D0,0.2651183018138344D0,                       0000007P    502
-0.02504031020688062D0,0.2449345786319189D0,                     0000007P    503
0.2498659370201055D0,-0.02504031024916117D0,                     0000007P    504
0.2454740616419915D0,0.2346166420789433D0,                       0000007P    505
-0.02504031029142096D0,0.2460284930260888D0,                     0000007P    506
0.2193473871450849D0,-0.02504031031744141D0,                     0000007P    507
0.2464905426485907D0,0.2040722796248869D0,                       0000007P    508
-0.02504031033844249D0,0.2469252734024461D0,                     0000007P    509
0.1887999949310115D0,-0.0250403103614088D0,0.2473742432353734D0, 0000007P    510
0.1735222715181871D0,-0.02504031038153349D0,                     0000007P    511
0.2477935756206596D0,0.1582262353242015D0,                       0000007P    512
-0.02504031039277978D0,0.2481134714659345D0,                     0000007P    513
0.1429333884313839D0,-0.02504031040532624D0,                     0000007P    514
0.2484477264066604D0,0.1276460971150581D0,                       0000007P    515
-0.02504031042155042D0,0.2488239815055939D0,                     0000007P    516
0.1123333941915957D0,-0.02504031042176358D0,                     0000007P    517
0.2490178768762454D0,0.09702671372264361D0,                      0000007P    518
-0.02504031042600096D0,0.2492521491262495D0,                     0000007P    519
0.08172081668794219D0,-0.02504031042981575D0,                    0000007P    520
0.2495034059831195D0,0.06640576346172872D0,                      0000007P    521
-0.02504031043129663D0,0.2496463475331726D0,                     0000007P    522
0.05108777790260089D0,-0.02504031043193188D0,                    0000007P    523
0.2497542897063574D0,0.03577079805056155D0,                      0000007P    524
-0.02504031043284699D0,0.2498791689934746D0,                     0000007P    525
0.02045272770308182D0,-0.02504031043348806D0,                    0000007P    526
0.2499712992017304D0,0.00513129221336216D0,                      0000007P    527
-0.02504031043331575D0,0.2499465330167153D0,                     0000007P    528
-0.01018923069541126D0,-0.02504031043336399D0,                   0000007P    529
0.2499534675485197D0,-0.02040310275562399D0,                     0000007P    530
-0.02504031043335021D0,0.2499514862537183D0,                     0000007P    531
-0.02551000076152427D0,-0.0250403104333525D0,                    0000007P    532
0.2499518164695186D0,0.8418369992384757D0,                       0000007P    533
-0.03742352381789535D0,0.1939719313606709D0,                     0000007P    534
0.8368004355604914D0,-0.03742352381425287D0,                     0000007P    535
0.1947767474876288D0,0.8267279024685116D0,                       0000007P    536
-0.03742352380739516D0,0.1963946495951446D0,                     0000007P    537
0.8116168743405845D0,-0.03742352379550638D0,                     0000007P    538
0.1987904908054186D0,0.7965129773805171D0,                       0000007P    539
-0.03742352378874469D0,0.2012855702588921D0,                     0000007P    540
0.7813827842389699D0,-0.03742352376307684D0,                     0000007P    541
0.2034147086905666D0,0.7662419214831713D0,                       0000007P    542
-0.03742352372983267D0,0.2053947553773314D0,                     0000007P    543
0.7511043091012813D0,-0.03742352369860347D0,                     0000007P    544
0.2074221128227852D0,0.7359643648380098D0,                       0000007P    545
-0.03742352366689077D0,0.2094093189783925D0,                     0000007P    546
0.7208055479515598D0,-0.03742352363713415D0,                     0000007P    547
0.2110477151244727D0,0.7056509021832316D0,                       0000007P    548
-0.03742352360604954D0,0.2127573792552775D0,                     0000007P    549
0.6904984445655967D0,-0.03742352357832077D0,                     0000007P    550
0.2145307814567115D0,0.6753330632270679D0,                       0000007P    551
-0.03742352353849673D0,0.215977963390903D0,0.6601692592184834D0, 0000007P    552
-0.03742352349935407D0,0.2174635897817131D0,0.645005932322419D0, 0000007P    553
-0.03742352346390298D0,0.2189676548578274D0,                     0000007P    554
0.6298391196463283D0,-0.0374235234130043D0,0.2203595207361069D0, 0000007P    555
0.6146692042923967D0,-0.03742352334854D0,0.2216524593381044D0,   0000007P    556
0.5995000054525582D0,-0.03742352328812763D0,                     0000007P    557
0.2229683830353112D0,0.5843310432341902D0,                       0000007P    558
-0.03742352322507313D0,0.2242912936279629D0,                     0000007P    559
0.5691563375535096D0,-0.03742352318220449D0,                     0000007P    560
0.2254416506604749D0,0.5539827042768249D0,                       0000007P    561
-0.03742352313381062D0,0.2266295006125494D0,                     0000007P    562
0.5388105248464713D0,-0.03742352308733204D0,                     0000007P    563
0.2278399324465134D0,0.5236314576267955D0,                       0000007P    564
-0.03742352303871713D0,0.2289225438333563D0,                     0000007P    565
0.5084521563720206D0,-0.03742352299048032D0,                     0000007P    566
0.2300027697383332D0,0.493273930896293D0,-0.03742352294126505D0, 0000007P    567
0.2310945035253717D0,0.4780916363394733D0,                       0000007P    568
-0.03742352289558559D0,0.2321425912660282D0,0.462903239221043D0, 0000007P    569
-0.03742352285527688D0,0.2331239567740691D0,                     0000007P    570
0.4477156290852295D0,-0.03742352281404377D0,                     0000007P    571
0.2341171374363639D0,0.4325309735805595D0,                       0000007P    572
-0.03742352277113769D0,0.235129779714259D0,0.4173284186327556D0, 0000007P    573
-0.03742352273907097D0,0.2360151365710638D0,                     0000007P    574
0.4021295285351582D0,-0.0374235227048821D0,0.2369283752151419D0, 0000007P    575
0.3869338784798667D0,-0.03742352266834259D0,                     0000007P    576
0.2378573721312184D0,0.3717216034051462D0,                       0000007P    577
-0.03742352264332766D0,0.2386954541720272D0,                     0000007P    578
0.3565064092911145D0,-0.03742352262006701D0,                     0000007P    579
0.2395175970920171D0,0.3412935915227086D0,                       0000007P    580
-0.03742352259608959D0,0.2403518814298035D0,                     0000007P    581
0.3260741874111124D0,-0.03742352257322493D0,                     0000007P    582
0.2411535392172228D0,0.310838252383777D0,-0.03742352255250607D0, 0000007P    583
0.2418735868864837D0,0.2956046003838685D0,                       0000007P    584
-0.03742352253231607D0,0.2426049571831893D0,                     0000007P    585
0.2803783471899916D0,-0.03742352250786486D0,                     0000007P    586
0.2433726470882745D0,0.2651183018138343D0,                       0000007P    587
-0.03742352250090734D0,0.2439743223788137D0,                     0000007P    588
0.2498659370201055D0,-0.03742352248957503D0,                     0000007P    589
0.2446130842939337D0,0.2346166420789433D0,                       0000007P    590
-0.03742352247824826D0,0.2452695143252766D0,                     0000007P    591
0.2193473871450848D0,-0.0374235224712741D0,0.245818185267147D0,  0000007P    592
0.2040722796248869D0,-0.03742352246564524D0,                     0000007P    593
0.2463350089004557D0,0.1887999949310115D0,                       0000007P    594
-0.03742352245948963D0,0.2468684890658843D0,                     0000007P    595
0.1735222715181868D0,-0.03742352245409566D0,                     0000007P    596
0.2473671904113945D0,0.1582262353242015D0,                       0000007P    597
-0.03742352245108135D0,0.2477492964125028D0,                     0000007P    598
0.1429333884313837D0,-0.03742352244771856D0,                     0000007P    599
0.2481479661368359D0,0.1276460971150582D0,                       0000007P    600
-0.03742352244337004D0,0.2485969763126721D0,                     0000007P    601
0.1123333941915957D0,-0.03742352244331287D0,                     0000007P    602
0.2488280609592693D0,0.09702671372264353D0,                      0000007P    603
-0.03742352244217716D0,0.2491074136557709D0,                     0000007P    604
0.08172081668794223D0,-0.03742352244115466D0,                    0000007P    605
0.2494069987637426D0,0.06640576346172866D0,                      0000007P    606
-0.03742352244075777D0,0.2495773861759299D0,                     0000007P    607
0.05108777790260088D0,-0.03742352244058747D0,                    0000007P    608
0.249706024653462D0,0.03577079805056153D0,                       0000007P    609
-0.03742352244034221D0,0.2498548586599914D0,                     0000007P    610
0.0204527277030818D0,-0.03742352244017038D0,                     0000007P    611
0.2499646594851864D0,0.005131292213362166D0,                     0000007P    612
-0.03742352244021657D0,0.2499351431343277D0,                     0000007P    613
-0.01018923069541125D0,-0.03742352244020362D0,                   0000007P    614
0.2499434077125679D0,-0.02040310275562399D0,                     0000007P    615
-0.03742352244020734D0,0.2499410464044994D0,                     0000007P    616
-0.02551000076152426D0,-0.03742352244020671D0,                   0000007P    617
0.249941439955844D0,0.8418369992384755D0,-0.04965122558446829D0, 0000007P    618
0.1877200904602301D0,0.8368004355604909D0,                       0000007P    619
-0.04965122558544444D0,0.1885316812351925D0,                     0000007P    620
0.8267279024685111D0,-0.04965122558728244D0,                     0000007P    621
0.1901623403771998D0,0.8116168743405842D0,                       0000007P    622
-0.04965122559046863D0,0.1925802881199024D0,0.796512977380517D0, 0000007P    623
-0.04965122559228104D0,0.1950879669675907D0,                     0000007P    624
0.7813827842389702D0,-0.04965122559915933D0,                     0000007P    625
0.1972647623656447D0,0.7662419214831717D0,                       0000007P    626
-0.04965122560806774D0,0.1993067812128124D0,0.75110430910128D0,  0000007P    627
-0.0496512256164362D0,0.2013914696262876D0,0.73596436483801D0,   0000007P    628
-0.04965122562493426D0,0.2034402563254188D0,                     0000007P    629
0.7208055479515603D0,-0.04965122563290812D0,                     0000007P    630
0.2051780877454285D0,0.7056509021832315D0,                       0000007P    631
-0.04965122564123779D0,0.2069797430403872D0,                     0000007P    632
0.6904984445655965D0,-0.04965122564866832D0,                     0000007P    633
0.2088370581146711D0,0.6753330632270679D0,-0.0496512256593397D0, 0000007P    634
0.2104079101967055D0,0.6601692592184832D0,                       0000007P    635
-0.04965122566982853D0,0.2120126431001932D0,                     0000007P    636
0.6450059323224199D0,-0.04965122567932823D0,                     0000007P    637
0.2136330566140101D0,0.6298391196463278D0,                       0000007P    638
-0.04965122569296701D0,0.2151568668650564D0,                     0000007P    639
0.6146692042923971D0,-0.04965122571024074D0,                     0000007P    640
0.2165954618230408D0,0.5995000054525579D0,                       0000007P    641
-0.04965122572642872D0,0.2180537888451208D0,                     0000007P    642
0.5843310432341904D0,-0.0496512257433247D0,0.2195184029038811D0, 0000007P    643
0.56915633755351D0,-0.04965122575481173D0,0.220831016808863D0,   0000007P    644
0.5539827042768246D0,-0.04965122576777929D0,                     0000007P    645
0.2221766012192097D0,0.5388105248464711D0,-0.0496512257802337D0, 0000007P    646
0.2235423037618765D0,0.5236314576267963D0,                       0000007P    647
-0.04965122579326042D0,0.224794563269898D0,0.5084521563720202D0, 0000007P    648
-0.04965122580618585D0,0.2260445082139187D0,                     0000007P    649
0.4932739308962928D0,-0.04965122581937342D0,0.227305425196494D0, 0000007P    650
0.4780916363394734D0,-0.04965122583161358D0,                     0000007P    651
0.2285247685888524D0,0.4629032392210432D0,                       0000007P    652
-0.04965122584241463D0,0.229680702505336D0,0.4477156290852294D0, 0000007P    653
-0.04965122585346335D0,0.2308475139721468D0,                     0000007P    654
0.4325309735805595D0,-0.04965122586496036D0,0.232034224713524D0, 0000007P    655
0.4173284186327555D0,-0.04965122587355287D0,                     0000007P    656
0.2330924684782004D0,0.4021295285351581D0,                       0000007P    657
-0.04965122588271399D0,0.2341783592977605D0,                     0000007P    658
0.3869338784798667D0,-0.04965122589250508D0,                     0000007P    659
0.2352821288744855D0,0.3717216034051459D0,                       0000007P    660
-0.04965122589920799D0,0.2362867363676672D0,                     0000007P    661
0.3565064092911147D0,-0.04965122590544095D0,                     0000007P    662
0.2372739477524827D0,0.3412935915227084D0,                       0000007P    663
-0.04965122591186587D0,0.238274712664636D0,0.3260741874111119D0, 0000007P    664
-0.04965122591799272D0,0.2392386595758043D0,                     0000007P    665
0.3108382523837772D0,-0.04965122592354446D0,                     0000007P    666
0.2401106384847162D0,0.2956046003838683D0,                       0000007P    667
-0.04965122592895452D0,0.2409948521132126D0,0.280378347189992D0, 0000007P    668
-0.04965122593550643D0,0.2419220948656271D0,                     0000007P    669
0.2651183018138341D0,-0.04965122593737084D0,                     0000007P    670
0.2426539074345846D0,0.2498659370201055D0,                       0000007P    671
-0.04965122594040745D0,0.2434292631593336D0,                     0000007P    672
0.2346166420789431D0,-0.04965122594344261D0,                     0000007P    673
0.2442258764443745D0,0.2193473871450849D0,                       0000007P    674
-0.04965122594531141D0,0.2448939163324549D0,                     0000007P    675
0.2040722796248869D0,-0.04965122594681981D0,                     0000007P    676
0.2455239384195593D0,0.1887999949310114D0,                       0000007P    677
-0.04965122594846928D0,0.2461739877450618D0,                     0000007P    678
0.1735222715181868D0,-0.04965122594991472D0,                     0000007P    679
0.2467819459179473D0,0.1582262353242015D0,                       0000007P    680
-0.04965122595072241D0,0.2472486909128053D0,                     0000007P    681
0.1429333884313839D0,-0.04965122595162359D0,                     0000007P    682
0.2477354198313892D0,0.1276460971150581D0,                       0000007P    683
-0.04965122595278883D0,0.2482834262330969D0,                     0000007P    684
0.1123333941915957D0,-0.04965122595280422D0,                     0000007P    685
0.2485663387785844D0,0.09702671372264358D0,                      0000007P    686
-0.04965122595310859D0,0.248907926418708D0,                      0000007P    687
0.08172081668794215D0,-0.0496512259533826D0,                     0000007P    688
0.2492742864617559D0,0.06640576346172872D0,                      0000007P    689
-0.04965122595348893D0,0.2494828817984703D0,                     0000007P    690
0.05108777790260089D0,-0.04965122595353468D0,                    0000007P    691
0.2496404967767647D0,0.03577079805056157D0,                      0000007P    692
-0.04965122595360039D0,0.2498228077545469D0,                     0000007P    693
0.02045272770308182D0,-0.04965122595364646D0,                    0000007P    694
0.249957315092797D0,0.005131292213362157D0,                      0000007P    695
-0.04965122595363405D0,0.2499211572061704D0,                     0000007P    696
-0.01018923069541126D0,-0.04965122595363753D0,                   0000007P    697
0.2499312814144261D0,-0.02040310275562398D0,                     0000007P    698
-0.04965122595363652D0,0.2499283887834956D0,                     0000007P    699
-0.02551000076152426D0,-0.0496512259536367D0,                    0000007P    700
0.2499288708886508D0,0.841836999238476D0,-0.06168273609819983D0, 0000007P    701
0.1798532271553698D0,0.8368004355604912D0,                       0000007P    702
-0.06168273609793748D0,0.1806736630157018D0,                     0000007P    703
0.8267279024685114D0,-0.06168273609744354D0,                     0000007P    704
0.1823210487725795D0,0.8116168743405844D0,                       0000007P    705
-0.06168273609658756D0,0.1847676997720955D0,                     0000007P    706
0.7965129773805173D0,-0.06168273609609971D0,                     0000007P    707
0.1872925192061729D0,0.7813827842389695D0,                       0000007P    708
-0.06168273609425433D0,0.1895290925378053D0,                     0000007P    709
0.7662419214831719D0,-0.06168273609186513D0,                     0000007P    710
0.1916483152050067D0,0.7511043091012811D0,                       0000007P    711
-0.06168273608962049D0,0.1938045097611692D0,                     0000007P    712
0.7359643648380098D0,-0.06168273608734123D0,                     0000007P    713
0.1959301674259184D0,0.72080554795156D0,-0.06168273608520253D0,  0000007P    714
0.1977932235531288D0,0.7056509021832317D0,                       0000007P    715
-0.06168273608296841D0,0.1997105910653413D0,                     0000007P    716
0.6904984445655965D0,-0.06168273608097528D0,                     0000007P    717
0.2016733145750825D0,0.675333063227068D0,-0.06168273607811386D0, 0000007P    718
0.2034003027097085D0,0.6601692592184836D0,                       0000007P    719
-0.06168273607530139D0,0.2051552183308492D0,                     0000007P    720
0.6450059323224188D0,-0.06168273607275396D0,                     0000007P    721
0.2069228009684021D0,0.6298391196463285D0,                       0000007P    722
-0.06168273606909754D0,0.2086117880537911D0,                     0000007P    723
0.6146692042923972D0,-0.06168273606446735D0,                     0000007P    724
0.2102313971343309D0,0.5995000054525582D0,                       0000007P    725
-0.06168273606012802D0,0.211867123849959D0,0.5843310432341906D0, 0000007P    726
-0.06168273605559896D0,0.2135077580300836D0,                     0000007P    727
0.5691563375535098D0,-0.06168273605251956D0,                     0000007P    728
0.2150269128262536D0,0.5539827042768248D0,                       0000007P    729
-0.06168273604904335D0,0.2165718924338276D0,                     0000007P    730
0.5388105248464714D0,-0.06168273604570462D0,                     0000007P    731
0.2181350521797386D0,0.5236314576267959D0,                       0000007P    732
-0.06168273604221282D0,0.219599666560898D0,0.5084521563720205D0, 0000007P    733
-0.06168273603874814D0,0.2210621608886033D0,                     0000007P    734
0.4932739308962928D0,-0.06168273603521321D0,                     0000007P    735
0.2225347765196304D0,0.4780916363394737D0,                       0000007P    736
-0.06168273603193224D0,0.223969026990823D0,0.4629032392210429D0, 0000007P    737
-0.06168273602903699D0,0.22534500156315D0,0.4477156290852294D0,  0000007P    738
-0.06168273602607541D0,0.2267303611185154D0,                     0000007P    739
0.4325309735805597D0,-0.06168273602299358D0,                     0000007P    740
0.2281364566405922D0,0.4173284186327554D0,                       0000007P    741
-0.06168273602069041D0,0.2294114481955125D0,                     0000007P    742
0.4021295285351581D0,-0.06168273601823478D0,                     0000007P    743
0.2307141900436756D0,0.3869338784798668D0,                       0000007P    744
-0.06168273601561025D0,0.2320370346860255D0,0.371721603405146D0, 0000007P    745
-0.06168273601381349D0,0.233251717858385D0,0.3565064092911147D0, 0000007P    746
-0.06168273601214255D0,0.2344473249405446D0,                     0000007P    747
0.3412935915227086D0,-0.06168273601042029D0,                     0000007P    748
0.2356583163989642D0,0.3260741874111121D0,                       0000007P    749
-0.06168273600877788D0,0.2368268464425444D0,                     0000007P    750
0.3108382523837771D0,-0.06168273600728969D0,                     0000007P    751
0.2378892796626523D0,0.2956046003838683D0,                       0000007P    752
-0.06168273600583944D0,0.2389654666258367D0,                     0000007P    753
0.2803783471899919D0,-0.06168273600408319D0,                     0000007P    754
0.2400927354401881D0,0.2651183018138343D0,                       0000007P    755
-0.06168273600358318D0,0.2409888166259259D0,                     0000007P    756
0.2498659370201054D0,-0.06168273600276905D0,                     0000007P    757
0.2419362019956888D0,0.2346166420789434D0,                       0000007P    758
-0.06168273600195523D0,0.2429095582579655D0,                     0000007P    759
0.2193473871450848D0,-0.06168273600145416D0,                     0000007P    760
0.2437277267661623D0,0.2040722796248869D0,                       0000007P    761
-0.06168273600104957D0,0.2445000109136174D0,                     0000007P    762
0.1887999949310114D0,-0.0616827360006072D0,0.2452966109097243D0, 0000007P    763
0.1735222715181868D0,-0.06168273600021953D0,                     0000007P    764
0.2460418318719662D0,0.1582262353242015D0,                       0000007P    765
-0.06168273600000292D0,0.2466144866613486D0,                     0000007P    766
0.1429333884313838D0,-0.06168273599976117D0,                     0000007P    767
0.2472116504987801D0,0.1276460971150581D0,                       0000007P    768
-0.06168273599944864D0,0.247883344316875D0,0.1123333941915957D0, 0000007P    769
-0.06168273599944436D0,0.2482324091642665D0,                     0000007P    770
0.09702671372264352D0,-0.06168273599936262D0,                    0000007P    771
0.2486527110573811D0,0.08172081668794226D0,-0.061682735999289D0, 0000007P    772
0.2491038513706287D0,0.06640576346172862D0,                      0000007P    773
-0.06168273599926041D0,0.2493604009576205D0,                     0000007P    774
0.0510877779026009D0,-0.06168273599924804D0,                     0000007P    775
0.2495541293711753D0,0.03577079805056154D0,                      0000007P    776
-0.06168273599923038D0,0.2497782573199954D0,                     0000007P    777
0.0204527277030818D0,-0.06168273599921791D0,                     0000007P    778
0.2499436083011921D0,0.005131292213362168D0,                     0000007P    779
-0.06168273599922131D0,0.2498991591126987D0,                     0000007P    780
-0.01018923069541126D0,-0.06168273599922035D0,                   0000007P    781
0.2499116048854766D0,-0.02040310275562399D0,                     0000007P    782
-0.06168273599922062D0,0.2499080489503973D0,                     0000007P    783
-0.02551000076152427D0,-0.06168273599922056D0,                   0000007P    784
0.2499086416062438D0,0.8418369992384757D0,                       0000007P    785
-0.07348513724172695D0,0.1704855662462171D0,                     0000007P    786
0.8368004355604913D0,-0.07348513724180006D0,0.171316067058544D0, 0000007P    787
0.8267279024685116D0,-0.07348513724193807D0,                     0000007P    788
0.1729823990812927D0,0.8116168743405845D0,                       0000007P    789
-0.07348513724217574D0,0.17546190812256D0,0.7965129773805172D0,  0000007P    790
-0.07348513724231495D0,0.1780053819409654D0,0.78138278423897D0,  0000007P    791
-0.07348513724281776D0,0.1803129856436743D0,                     0000007P    792
0.7662419214831716D0,-0.07348513724346642D0,                     0000007P    793
0.1825246250121172D0,0.751104309101281D0,-0.07348513724407632D0, 0000007P    794
0.1847663042298479D0,0.73596436483801D0,-0.07348513724469551D0,  0000007P    795
0.1869837883846931D0,0.7208055479515602D0,                       0000007P    796
-0.07348513724527647D0,0.1889949962602644D0,                     0000007P    797
0.7056509021832318D0,-0.07348513724588321D0,                     0000007P    798
0.1910495643158401D0,0.6904984445655961D0,                       0000007P    799
-0.07348513724642541D0,0.1931369679306732D0,                     0000007P    800
0.6753330632270683D0,-0.07348513724719948D0,                     0000007P    801
0.1950496691284723D0,0.6601692592184834D0,                       0000007P    802
-0.07348513724796049D0,0.1969831847340705D0,                     0000007P    803
0.6450059323224199D0,-0.07348513724865063D0,                     0000007P    804
0.1989255333874916D0,0.629839119646328D0,-0.07348513724963736D0, 0000007P    805
0.2008117354418215D0,0.6146692042923969D0,                       0000007P    806
-0.07348513725088453D0,0.2026483243113171D0,                     0000007P    807
0.5995000054525582D0,-0.07348513725205386D0,                     0000007P    808
0.2044963877421463D0,0.5843310432341899D0,                       0000007P    809
-0.07348513725327414D0,0.2063481661124761D0,                     0000007P    810
0.5691563375535105D0,-0.07348513725410478D0,                     0000007P    811
0.2081103107298419D0,0.5539827042768249D0,                       0000007P    812
-0.07348513725504199D0,0.209891193141977D0,0.5388105248464713D0, 0000007P    813
-0.07348513725594252D0,0.2116867581279999D0,                     0000007P    814
0.5236314576267955D0,-0.07348513725688308D0,                     0000007P    815
0.2134048550237012D0,0.5084521563720209D0,-0.0734851372578163D0, 0000007P    816
0.2151209571023661D0,0.4932739308962928D0,                       0000007P    817
-0.07348513725876853D0,0.2168463445960641D0,                     0000007P    818
0.4780916363394734D0,-0.07348513725965217D0,0.218536585246666D0, 0000007P    819
0.4629032392210432D0,-0.07348513726043213D0,                     0000007P    820
0.2201737067138152D0,0.4477156290852294D0,                       0000007P    821
-0.07348513726122981D0,0.2218187189405845D0,                     0000007P    822
0.4325309735805595D0,-0.07348513726205995D0,                     0000007P    823
0.2234852873123279D0,0.4173284186327553D0,                       0000007P    824
-0.07348513726268027D0,0.2250181886228576D0,                     0000007P    825
0.4021295285351583D0,-0.07348513726334169D0,0.226578740305414D0, 0000007P    826
0.3869338784798664D0,-0.07348513726404855D0,                     0000007P    827
0.2281623575610763D0,0.3717216034051463D0,                       0000007P    828
-0.07348513726453285D0,0.2296260621522879D0,                     0000007P    829
0.3565064092911146D0,-0.07348513726498346D0,                     0000007P    830
0.2310685756820487D0,0.3412935915227084D0,                       0000007P    831
-0.07348513726544778D0,0.2325286032474103D0,                     0000007P    832
0.3260741874111124D0,-0.07348513726589057D0,                     0000007P    833
0.2339397657318194D0,0.310838252383777D0,-0.07348513726629156D0, 0000007P    834
0.2352289202697831D0,0.2956046003838687D0,                       0000007P    835
-0.07348513726668245D0,0.2365333691980221D0,                     0000007P    836
0.2803783471899918D0,-0.07348513726715557D0,                     0000007P    837
0.2378986485116051D0,0.2651183018138344D0,                       0000007P    838
-0.07348513726729114D0,0.2389897701832944D0,                     0000007P    839
0.2498659370201055D0,-0.0734851372675112D0,0.2401415293997317D0, 0000007P    840
0.2346166420789431D0,-0.07348513726773116D0,                     0000007P    841
0.2413248960790706D0,0.2193473871450849D0,                       0000007P    842
-0.07348513726786692D0,0.2423211953620556D0,                     0000007P    843
0.2040722796248868D0,-0.07348513726797666D0,                     0000007P    844
0.2432622301503609D0,0.1887999949310115D0,                       0000007P    845
-0.07348513726809668D0,0.2442325634073413D0,                     0000007P    846
0.1735222715181868D0,-0.07348513726820183D0,                     0000007P    847
0.2451409672843009D0,0.1582262353242015D0,                       0000007P    848
-0.07348513726826074D0,0.2458416493962133D0,                     0000007P    849
0.1429333884313838D0,-0.07348513726832651D0,                     0000007P    850
0.2465713002077606D0,0.1276460971150581D0,                       0000007P    851
-0.07348513726841141D0,0.2473927979858159D0,                     0000007P    852
0.1123333941915957D0,-0.07348513726841303D0,                     0000007P    853
0.2478179391982045D0,0.09702671372264361D0,                      0000007P    854
-0.0734851372684357D0,0.248330754287563D0,0.08172081668794214D0, 0000007P    855
-0.07348513726845612D0,0.2488808270877682D0,                     0000007P    856
0.06640576346172872D0,-0.07348513726846416D0,                    0000007P    857
0.2491941951676173D0,0.05108777790260086D0,                      0000007P    858
-0.07348513726846792D0,0.2494310802014093D0,                     0000007P    859
0.03577079805056157D0,-0.07348513726847287D0,                    0000007P    860
0.2497050430748541D0,0.02045272770308181D0,                      0000007P    861
-0.07348513726847664D0,0.2499071776357426D0,                     0000007P    862
0.005131292213362159D0,-0.07348513726847557D0,                   0000007P    863
0.2498528403881917D0,-0.01018923069541125D0,                     0000007P    864
-0.07348513726847586D0,0.2498680548175063D0,                     0000007P    865
-0.02040310275562399D0,-0.07348513726847575D0,                   0000007P    866
0.249863707837702D0,-0.02551000076152427D0,                      0000007P    867
-0.07348513726847578D0,0.249864432334336D0,0.841836999238476D0,  0000007P    868
-0.08501967138879243D0,0.159739630542824D0,0.836800435560491D0,  0000007P    869
-0.08501967138876232D0,0.1605816778923432D0,                     0000007P    870
0.8267279024685111D0,-0.0850196713887046D0,0.1622697857792483D0, 0000007P    871
0.8116168743405848D0,-0.08501967138860939D0,                     0000007P    872
0.1647868981551071D0,0.7965129773805169D0,                       0000007P    873
-0.08501967138854083D0,0.1673521687853612D0,                     0000007P    874
0.7813827842389699D0,-0.08501967138837464D0,                     0000007P    875
0.1697398558525331D0,0.7662419214831718D0,                       0000007P    876
-0.08501967138816927D0,0.172055396390173D0,0.7511043091012808D0, 0000007P    877
-0.08501967138797437D0,0.1743932011649756D0,                     0000007P    878
0.7359643648380099D0,-0.08501967138777702D0,                     0000007P    879
0.1767140955206594D0,0.72080554795156D0,-0.08501967138759182D0,  0000007P    880
0.1788942026002308D0,0.705650902183232D0,-0.08501967138739916D0, 0000007P    881
0.1811048145391451D0,0.6904984445655964D0,                       0000007P    882
-0.08501967138722333D0,0.1833341943167998D0,                     0000007P    883
0.6753330632270681D0,-0.08501967138698842D0,                     0000007P    884
0.1854579978801501D0,0.6601692592184835D0,                       0000007P    885
-0.08501967138675678D0,0.1875945425723083D0,0.645005932322419D0, 0000007P    886
-0.08501967138654368D0,0.1897356581324076D0,                     0000007P    887
0.6298391196463285D0,-0.08501967138625321D0,0.191845749091935D0, 0000007P    888
0.6146692042923969D0,-0.08501967138589471D0,                     0000007P    889
0.1939283288789826D0,0.5995000054525581D0,                       0000007P    890
-0.08501967138555669D0,0.1960172633323109D0,                     0000007P    891
0.5843310432341907D0,-0.08501967138520483D0,                     0000007P    892
0.1981082902929968D0,0.56915633755351D0,-0.08501967138496158D0,  0000007P    893
0.2001487038397866D0,0.5539827042768245D0,                       0000007P    894
-0.08501967138468897D0,0.20219893082441D0,0.5388105248464713D0,  0000007P    895
-0.08501967138442533D0,0.2042605174715948D0,                     0000007P    896
0.5236314576267961D0,-0.08501967138415507D0,                     0000007P    897
0.2062668520307013D0,0.5084521563720201D0,                       0000007P    898
-0.08501967138388677D0,0.2082713874309855D0,0.493273930896293D0, 0000007P    899
-0.0850196713836131D0,0.2102841820749606D0,0.4780916363394734D0, 0000007P    900
-0.0850196713833591D0,0.2122657389029951D0,0.4629032392210431D0, 0000007P    901
-0.08501967138313481D0,0.2142004420173771D0,                     0000007P    902
0.4477156290852293D0,-0.08501967138290549D0,                     0000007P    903
0.2161412013541539D0,0.4325309735805597D0,                       0000007P    904
-0.08501967138266689D0,0.2181045895150017D0,                     0000007P    905
0.4173284186327555D0,-0.08501967138248866D0,0.219930811584875D0, 0000007P    906
0.4021295285351582D0,-0.08501967138229857D0,0.221784807415713D0, 0000007P    907
0.3869338784798668D0,-0.08501967138209574D0,                     0000007P    908
0.2236648742936672D0,0.3717216034051459D0,                       0000007P    909
-0.08501967138195522D0,0.2254128832221922D0,                     0000007P    910
0.3565064092911148D0,-0.08501967138182388D0,                     0000007P    911
0.2271374226106325D0,0.3412935915227087D0,                       0000007P    912
-0.08501967138168871D0,0.2288819889670756D0,0.326074187411112D0, 0000007P    913
-0.08501967138156D0,0.2305699169915918D0,0.310838252383777D0,    0000007P    914
-0.08501967138144424D0,0.2321162999236866D0,                     0000007P    915
0.2956046003838684D0,-0.08501967138133086D0,0.233680226117216D0, 0000007P    916
0.2803783471899917D0,-0.08501967138119494D0,                     0000007P    917
0.2353155243574281D0,0.2651183018138344D0,                       0000007P    918
-0.08501967138115231D0,0.2366295773894955D0,                     0000007P    919
0.2498659370201055D0,-0.08501967138108643D0,                     0000007P    920
0.2380144191484022D0,0.2346166420789435D0,                       0000007P    921
-0.08501967138102032D0,0.2394373512080974D0,                     0000007P    922
0.2193473871450847D0,-0.08501967138097846D0,                     0000007P    923
0.2406371333377989D0,0.2040722796248871D0,                       0000007P    924
-0.08501967138094396D0,0.2417710033609038D0,                     0000007P    925
0.1887999949310115D0,-0.08501967138090645D0,                     0000007P    926
0.2429399702037056D0,0.1735222715181868D0,                       0000007P    927
-0.08501967138087349D0,0.2440344618743162D0,                     0000007P    928
0.1582262353242015D0,-0.08501967138085421D0,                     0000007P    929
0.2448789521888154D0,0.1429333884313838D0,                       0000007P    930
-0.08501967138083294D0,0.2457583943385217D0,                     0000007P    931
0.1276460971150581D0,-0.08501967138080611D0,                     0000007P    932
0.2467480305035107D0,0.1123333941915957D0,                       0000007P    933
-0.08501967138080352D0,0.2472619387721609D0,                     0000007P    934
0.09702671372264357D0,-0.08501967138079497D0,                    0000007P    935
0.2478809594628336D0,0.08172081668794225D0,                      0000007P    936
-0.08501967138078659D0,0.2485451712453935D0,                     0000007P    937
0.06640576346172869D0,-0.08501967138078304D0,                    0000007P    938
0.2489235062383816D0,0.05108777790260088D0,                      0000007P    939
-0.08501967138078072D0,0.2492095028813449D0,                     0000007P    940
0.03577079805056155D0,-0.08501967138077804D0,                    0000007P    941
0.2495402640540515D0,0.02045272770308181D0,-0.085019671380776D0, 0000007P    942
0.2497843054578092D0,0.005131292213362166D0,                     0000007P    943
-0.08501967138077662D0,0.2497187029299176D0,                     0000007P    944
-0.01018923069541125D0,-0.08501967138077646D0,                   0000007P    945
0.249737071637727D0,-0.02040310275562398D0,                      0000007P    946
-0.08501967138077648D0,0.2497318234354958D0,                     0000007P    947
-0.02551000076152427D0,-0.08501967138077644D0,                   0000007P    948
0.2497326981358677D0,0.8418369992384757D0,                       0000007P    949
-0.09622468317872909D0,0.1477802496473647D0,                     0000007P    950
0.8368004355604914D0,-0.09622468317877617D0,0.148633922203443D0, 0000007P    951
0.8267279024685116D0,-0.09622468317886976D0,                     0000007P    952
0.1503438079647137D0,0.8116168743405844D0,-0.0962246831790122D0, 0000007P    953
0.1528991091724431D0,0.7965129773805172D0,                       0000007P    954
-0.09622468317914763D0,0.1554848981695375D0,                     0000007P    955
0.7813827842389702D0,-0.09622468317930946D0,                     0000007P    956
0.1579582634433474D0,0.7662419214831713D0,                       0000007P    957
-0.09622468317948223D0,0.1603860981030174D0,                     0000007P    958
0.7511043091012816D0,-0.09622468317965201D0,                     0000007P    959
0.1628275402605228D0,0.7359643648380099D0,                       0000007P    960
-0.09622468317982213D0,0.1652600830408263D0,                     0000007P    961
0.7208055479515603D0,-0.09622468317998246D0,                     0000007P    962
0.1676235639326504D0,0.7056509021832317D0,                       0000007P    963
-0.09622468318014575D0,0.170003408297265D0,0.6904984445655963D0, 0000007P    964
-0.09622468318030737D0,0.172386860659198D0,0.6753330632270681D0, 0000007P    965
-0.09622468318047259D0,0.174739517559067D0,0.6601692592184836D0, 0000007P    966
-0.09622468318063825D0,0.1770962682188953D0,                     0000007P    967
0.6450059323224195D0,-0.09622468318080042D0,                     0000007P    968
0.1794526522474423D0,0.6298391196463279D0,                       0000007P    969
-0.09622468318097571D0,0.1818064090411539D0,                     0000007P    970
0.6146692042923971D0,-0.0962246831811624D0,0.1841576196029526D0, 0000007P    971
0.5995000054525581D0,-0.09622468318134507D0,                     0000007P    972
0.1865093454761325D0,0.5843310432341907D0,                       0000007P    973
-0.09622468318153231D0,0.1888615563357D0,0.56915633755351D0,     0000007P    974
-0.0962246831816746D0,0.1912045432892019D0,0.5539827042768251D0, 0000007P    975
-0.09622468318182793D0,0.1935480033865588D0,                     0000007P    976
0.5388105248464714D0,-0.09622468318198192D0,                     0000007P    977
0.1958987948145612D0,0.5236314576267959D0,                       0000007P    978
-0.09622468318212254D0,0.1982197877761269D0,                     0000007P    979
0.5084521563720207D0,-0.09622468318226246D0,0.200539163264309D0, 0000007P    980
0.4932739308962928D0,-0.09622468318240499D0,                     0000007P    981
0.2028657246571197D0,0.4780916363394735D0,                       0000007P    982
-0.09622468318253741D0,0.2051651599047985D0,                     0000007P    983
0.4629032392210432D0,-0.09622468318265434D0,                     0000007P    984
0.2074243161610593D0,0.4477156290852293D0,                       0000007P    985
-0.09622468318277394D0,0.2096876488209106D0,                     0000007P    986
0.4325309735805596D0,-0.09622468318289831D0,                     0000007P    987
0.2119745548578182D0,0.4173284186327554D0,                       0000007P    988
-0.09622468318299084D0,0.2141215619933402D0,                     0000007P    989
0.4021295285351582D0,-0.09622468318309005D0,0.216296087858711D0, 0000007P    990
0.3869338784798668D0,-0.09622468318319405D0,                     0000007P    991
0.2185004377060723D0,0.371721603405146D0,-0.09622468318327239D0, 0000007P    992
0.2205579728956227D0,0.3565064092911147D0,                       0000007P    993
-0.09622468318334676D0,0.2225894112114396D0,                     0000007P    994
0.3412935915227083D0,-0.09622468318342317D0,                     0000007P    995
0.2246434604492043D0,0.3260741874111124D0,                       0000007P    996
-0.09622468318349513D0,0.2266331628729111D0,0.310838252383777D0, 0000007P    997
-0.0962246831835573D0,0.2284622894017584D0,0.2956046003838684D0, 0000007P    998
-0.09622468318361981D0,0.2303105724401341D0,                     0000007P    999
0.2803783471899917D0,-0.09622468318369082D0,                     0000007P   1000
0.2322428053352557D0,0.2651183018138344D0,                       0000007P   1001
-0.09622468318372537D0,0.2337987525510143D0,                     0000007P   1002
0.2498659370201053D0,-0.09622468318376895D0,                     0000007P   1003
0.2354375606184266D0,0.2346166420789433D0,                       0000007P   1004
-0.09622468318381329D0,0.2371212109585876D0,                     0000007P   1005
0.2193473871450848D0,-0.09622468318384525D0,                     0000007P   1006
0.2385426313560994D0,0.2040722796248868D0,                       0000007P   1007
-0.09622468318387344D0,0.2398865768983655D0,                     0000007P   1008
0.1887999949310115D0,-0.09622468318390318D0,                     0000007P   1009
0.2412718744960297D0,0.1735222715181868D0,                       0000007P   1010
-0.09622468318393018D0,0.2425692387273463D0,                     0000007P   1011
0.1582262353242015D0,-0.09622468318394807D0,                     0000007P   1012
0.2435713812940569D0,0.1429333884313838D0,                       0000007P   1013
-0.09622468318396742D0,0.2446147007509815D0,                     0000007P   1014
0.1276460971150582D0,-0.09622468318398986D0,                     0000007P   1015
0.2457885343116561D0,0.1123333941915957D0,                       0000007P   1016
-0.09622468318399857D0,0.2463991345671171D0,                     0000007P   1017
0.09702671372264358D0,-0.09622468318401045D0,                    0000007P   1018
0.2471341208284589D0,0.08172081668794212D0,                      0000007P   1019
-0.09622468318402309D0,0.2479228537719366D0,                     0000007P   1020
0.06640576346172875D0,-0.09622468318402991D0,                    0000007P   1021
0.2483722139809905D0,0.05108777790260088D0,                      0000007P   1022
-0.09622468318403495D0,0.2487119675808338D0,                     0000007P   1023
0.03577079805056155D0,-0.09622468318404079D0,                    0000007P   1024
0.2491048750170154D0,0.02045272770308182D0,                      0000007P   1025
-0.09622468318404509D0,0.2493947737170552D0,                     0000007P   1026
0.00513129221336216D0,-0.09622468318404397D0,                    0000007P   1027
0.2493168439589798D0,-0.01018923069541126D0,                     0000007P   1028
-0.09622468318404419D0,0.2493386642912411D0,                     0000007P   1029
-0.02040310275562398D0,-0.09622468318404416D0,                   0000007P   1030
0.2493324299105948D0,-0.02551000076152427D0,                     0000007P   1031
-0.09622468318404416D0,0.2493334689740359D0,                     0000007P   1032
0.8418369992384761D0,-0.1069690079297594D0,0.1348599459255627D0, 0000007P   1033
0.8368004355604916D0,-0.1069690079296012D0,0.1357235129604618D0, 0000007P   1034
0.8267279024685114D0,-0.1069690079292849D0,0.1374516304926628D0, 0000007P   1035
0.8116168743405849D0,-0.1069690079288098D0,0.1400401188069534D0, 0000007P   1036
0.7965129773805171D0,-0.1069690079283372D0,0.1426404086700784D0, 0000007P   1037
0.7813827842389701D0,-0.1069690079278555D0,0.1451971803218771D0, 0000007P   1038
0.7662419214831715D0,-0.1069690079273704D0,0.1477365574262563D0, 0000007P   1039
0.751104309101281D0,-0.1069690079268856D0,0.1502804210998162D0,  0000007P   1040
0.7359643648380101D0,-0.106969007926403D0,0.1528237330440731D0,  0000007P   1041
0.7208055479515602D0,-0.1069690079259466D0,0.1553721435560182D0, 0000007P   1042
0.7056509021832317D0,-0.1069690079254862D0,0.1579224918892257D0, 0000007P   1043
0.6904984445655964D0,-0.1069690079250158D0,0.1604599903696961D0, 0000007P   1044
0.6753330632270689D0,-0.1069690079245894D0,0.1630469504398519D0, 0000007P   1045
0.660169259218483D0,-0.1069690079241587D0,0.1656286185025927D0,  0000007P   1046
0.6450059323224195D0,-0.1069690079237226D0,0.1682050038984751D0, 0000007P   1047
0.6298391196463284D0,-0.1069690079233122D0,0.1708078119692074D0, 0000007P   1048
0.6146692042923972D0,-0.1069690079229239D0,0.1734336396874287D0, 0000007P   1049
0.5995000054525583D0,-0.1069690079225312D0,0.176054048701833D0,  0000007P   1050
0.5843310432341903D0,-0.1069690079221342D0,0.178673112884016D0,  0000007P   1051
0.56915633755351D0,-0.1069690079218083D0,0.1813275252440417D0,   0000007P   1052
0.5539827042768249D0,-0.1069690079214674D0,0.1839722363681824D0, 0000007P   1053
0.5388105248464713D0,-0.1069690079211153D0,0.1866204042580211D0, 0000007P   1054
0.5236314576267959D0,-0.106969007920823D0,0.1892644463209519D0,  0000007P   1055
0.5084521563720202D0,-0.1069690079205317D0,0.1919071020413756D0, 0000007P   1056
0.4932739308962934D0,-0.1069690079202352D0,0.1945557301247038D0, 0000007P   1057
0.4780916363394734D0,-0.1069690079199594D0,0.1971818550989226D0, 0000007P   1058
0.4629032392210433D0,-0.1069690079197161D0,0.1997750872873476D0, 0000007P   1059
0.4477156290852294D0,-0.1069690079194672D0,0.20237039030981D0,   0000007P   1060
0.4325309735805597D0,-0.1069690079192078D0,0.2049903027819166D0, 0000007P   1061
0.4173284186327556D0,-0.1069690079190163D0,0.2074673984940268D0, 0000007P   1062
0.4021295285351582D0,-0.1069690079188094D0,0.2099718576737316D0, 0000007P   1063
0.3869338784798666D0,-0.1069690079185962D0,0.2125096797430539D0, 0000007P   1064
0.371721603405146D0,-0.1069690079184234D0,0.2148866867863125D0,  0000007P   1065
0.3565064092911146D0,-0.1069690079182575D0,0.217235014217539D0,  0000007P   1066
0.3412935915227088D0,-0.1069690079180871D0,0.219608720577718D0,  0000007P   1067
0.3260741874111119D0,-0.1069690079179276D0,0.2219095908341195D0, 0000007P   1068
0.3108382523837772D0,-0.1069690079177949D0,0.2240286538759887D0, 0000007P   1069
0.2956046003838684D0,-0.1069690079176583D0,0.226169131930583D0,  0000007P   1070
0.2803783471899917D0,-0.1069690079175103D0,0.2284057571488093D0, 0000007P   1071
0.2651183018138344D0,-0.1069690079174143D0,0.2302119805511458D0, 0000007P   1072
0.2498659370201054D0,-0.1069690079173062D0,0.2321128053126352D0, 0000007P   1073
0.2346166420789434D0,-0.1069690079171946D0,0.2340656264534028D0, 0000007P   1074
0.2193473871450848D0,-0.106969007917109D0,0.2357158607179047D0,  0000007P   1075
0.2040722796248871D0,-0.1069690079170308D0,0.2372767099163112D0, 0000007P   1076
0.1887999949310115D0,-0.1069690079169492D0,0.2388853533845424D0, 0000007P   1077
0.1735222715181868D0,-0.1069690079168742D0,0.2403922048395705D0, 0000007P   1078
0.1582262353242015D0,-0.1069690079168219D0,0.2415573313545997D0, 0000007P   1079
0.1429333884313839D0,-0.1069690079167658D0,0.2427699233148536D0, 0000007P   1080
0.1276460971150582D0,-0.1069690079167029D0,0.2441343784342071D0, 0000007P   1081
0.1123333941915957D0,-0.1069690079166705D0,0.2448439154719378D0, 0000007P   1082
0.0970267137226436D0,-0.1069690079166315D0,0.2456981033113726D0, 0000007P   1083
0.08172081668794225D0,-0.1069690079165895D0,                     0000007P   1084
0.2466147200945439D0,0.0664057634617287D0,-0.1069690079165657D0, 0000007P   1085
0.247136970301064D0,0.05108777790260086D0,-0.106969007916548D0,  0000007P   1086
0.247531846913246D0,0.03577079805056156D0,-0.1069690079165272D0, 0000007P   1087
0.2479884967375705D0,0.0204527277030818D0,-0.106969007916512D0,  0000007P   1088
0.2483254273076619D0,0.005131292213362165D0,                     0000007P   1089
-0.106969007916516D0,0.2482348545737665D0,                       0000007P   1090
-0.01018923069541125D0,-0.1069690079165149D0,                    0000007P   1091
0.2482602149392571D0,-0.02040310275562401D0,                     0000007P   1092
-0.1069690079165153D0,0.2482529691205456D0,                      0000007P   1093
-0.02551000076152426D0,-0.1069690079165152D0,                    0000007P   1094
0.2482541767569974D0,0.8418369992384759D0,-0.117005722335144D0,  0000007P   1095
0.1214223916228139D0,0.8368004355604917D0,-0.1170057223357298D0, 0000007P   1096
0.122290875105062D0,0.8267279024685112D0,-0.1170057223369012D0,  0000007P   1097
0.12402731354313D0,0.8116168743405842D0,-0.117005722338659D0,    0000007P   1098
0.1266339531743373D0,0.7965129773805172D0,-0.1170057223404143D0, 0000007P   1099
0.1292342504884078D0,0.7813827842389698D0,-0.1170057223421789D0, 0000007P   1100
0.1318579350969208D0,0.7662419214831714D0,-0.1170057223439468D0, 0000007P   1101
0.134491554753243D0,0.7511043091012815D0,-0.117005722345716D0,   0000007P   1102
0.1371207701965486D0,0.7359643648380093D0,-0.1170057223474766D0, 0000007P   1103
0.1397576674441125D0,0.7208055479515605D0,-0.1170057223491416D0, 0000007P   1104
0.1424733034027283D0,0.7056509021832315D0,-0.1170057223508199D0, 0000007P   1105
0.1451764428778169D0,0.6904984445655965D0,-0.11700572235254D0,   0000007P   1106
0.1478508295759624D0,0.6753330632270682D0,-0.1170057223540798D0, 0000007P   1107
0.1506527238654075D0,0.660169259218483D0,-0.1170057223556372D0,  0000007P   1108
0.1534402137688937D0,0.6450059323224192D0,-0.1170057223572194D0, 0000007P   1109
0.1562175960425257D0,0.6298391196463285D0,-0.1170057223586856D0, 0000007P   1110
0.1590498132215321D0,0.614669204292397D0,-0.1170057223600519D0,  0000007P   1111
0.1619300505511053D0,0.5995000054525581D0,-0.1170057223614402D0, 0000007P   1112
0.1647990628685038D0,0.5843310432341903D0,-0.1170057223628406D0, 0000007P   1113
0.1676649550840351D0,0.5691563375535104D0,-0.1170057223640021D0, 0000007P   1114
0.1706096019310624D0,0.5539827042768245D0,-0.1170057223652122D0, 0000007P   1115
0.1735346288695677D0,0.5388105248464715D0,-0.1170057223664666D0, 0000007P   1116
0.176459380810665D0,0.523631457626796D0,-0.1170057223674952D0,   0000007P   1117
0.1794048526499171D0,0.5084521563720203D0,-0.1170057223685203D0, 0000007P   1118
0.1823491889207654D0,0.4932739308962927D0,-0.1170057223695645D0, 0000007P   1119
0.185298226304797D0,0.4780916363394738D0,-0.1170057223705347D0,  0000007P   1120
0.1882295948044979D0,0.4629032392210428D0,-0.1170057223713914D0, 0000007P   1121
0.1911357718570313D0,0.4477156290852294D0,-0.1170057223722669D0, 0000007P   1122
0.1940418751996668D0,0.4325309735805598D0,-0.1170057223731801D0, 0000007P   1123
0.1969734648290614D0,0.4173284186327552D0,-0.1170057223738539D0, 0000007P   1124
0.1997602779965872D0,0.4021295285351583D0,-0.1170057223745822D0, 0000007P   1125
0.2025740902252373D0,0.3869338784798668D0,-0.117005722375331D0,  0000007P   1126
0.2054246826712592D0,0.371721603405146D0,-0.1170057223759436D0,  0000007P   1127
0.2081011551866689D0,0.3565064092911149D0,-0.1170057223765328D0, 0000007P   1128
0.2107465230744408D0,0.3412935915227083D0,-0.1170057223771376D0, 0000007P   1129
0.213419815459285D0,0.3260741874111123D0,-0.1170057223777036D0,  0000007P   1130
0.216012514483477D0,0.310838252383777D0,-0.1170057223781726D0,   0000007P   1131
0.2184040848731403D0,0.2956046003838685D0,-0.1170057223786567D0, 0000007P   1132
0.2208189833859411D0,0.2803783471899917D0,-0.1170057223791776D0, 0000007P   1133
0.2233416980407191D0,0.2651183018138343D0,-0.1170057223795266D0, 0000007P   1134
0.2253825033696547D0,0.2498659370201054D0,-0.1170057223799156D0, 0000007P   1135
0.2275291510753636D0,0.2346166420789433D0,-0.1170057223803174D0, 0000007P   1136
0.2297343385998221D0,0.2193473871450849D0,-0.1170057223806284D0, 0000007P   1137
0.2315995244725086D0,0.2040722796248869D0,-0.1170057223809127D0, 0000007P   1138
0.2333642427974344D0,0.1887999949310115D0,-0.1170057223812097D0, 0000007P   1139
0.235182826572226D0,0.1735222715181868D0,-0.1170057223814825D0,  0000007P   1140
0.2368864160953142D0,0.1582262353242015D0,-0.1170057223816734D0, 0000007P   1141
0.2382038185765237D0,0.1429333884313839D0,-0.117005722381879D0,  0000007P   1142
0.2395748620944323D0,0.1276460971150581D0,-0.1170057223821079D0, 0000007P   1143
0.2411175285074232D0,0.1123333941915957D0,-0.1170057223822288D0, 0000007P   1144
0.241920062303385D0,0.09702671372264354D0,-0.1170057223823732D0, 0000007P   1145
0.2428860794351762D0,0.08172081668794218D0,                      0000007P   1146
-0.1170057223825286D0,0.243922603212691D0,0.06640576346172866D0, 0000007P   1147
-0.1170057223826167D0,0.2445136170714804D0,0.0510877779026009D0, 0000007P   1148
-0.1170057223826829D0,0.2449607152862207D0,                      0000007P   1149
0.03577079805056154D0,-0.1170057223827596D0,                     0000007P   1150
0.2454776707501318D0,0.02045272770308183D0,                      0000007P   1151
-0.1170057223828162D0,0.245859112861409D0,                       0000007P   1152
0.005131292213362161D0,-0.1170057223828011D0,                    0000007P   1153
0.2457565746594527D0,-0.01018923069541126D0,                     0000007P   1154
-0.1170057223828053D0,0.2457852853560005D0,                      0000007P   1155
-0.02040310275562398D0,-0.117005722382804D0,                     0000007P   1156
0.2457770822998439D0,-0.02551000076152427D0,                     0000007P   1157
-0.1170057223828043D0,0.24577844947587D0,0.8418369992384757D0,   0000007P   1158
-0.125976144437861D0,0.1081764309743908D0,0.8368004355604909D0,  0000007P   1159
-0.1259761444356782D0,0.1090404202006505D0,0.8267279024685115D0, 0000007P   1160
-0.1259761444313136D0,0.1107665301452754D0,0.8116168743405847D0, 0000007P   1161
-0.1259761444247641D0,0.113362701966817D0,0.7965129773805161D0,  0000007P   1162
-0.1259761444182225D0,0.1159364516936248D0,0.7813827842389709D0, 0000007P   1163
-0.1259761444116518D0,0.1185928828947635D0,0.7662419214831712D0, 0000007P   1164
-0.1259761444050725D0,0.121283472239752D0,0.7511043091012808D0,  0000007P   1165
-0.1259761443984872D0,0.123961769268264D0,0.7359643648380105D0,  0000007P   1166
-0.1259761443919339D0,0.1266550774188316D0,0.72080554795156D0,   0000007P   1167
-0.1259761443857369D0,0.1294929965069506D0,0.7056509021832318D0, 0000007P   1168
-0.1259761443794901D0,0.1323053129266872D0,0.6904984445655963D0, 0000007P   1169
-0.1259761443730868D0,0.135075429082402D0,0.675333063227068D0,   0000007P   1170
-0.1259761443673596D0,0.1380399489625869D0,0.6601692592184836D0, 0000007P   1171
-0.1259761443615664D0,0.1409823244111573D0,0.6450059323224191D0, 0000007P   1172
-0.1259761443556802D0,0.1439102070478764D0,0.6298391196463278D0, 0000007P   1173
-0.1259761443502313D0,0.1469182053636151D0,0.6146692042923972D0, 0000007P   1174
-0.1259761443451592D0,0.1499964522660447D0,0.5995000054525578D0, 0000007P   1175
-0.1259761443400042D0,0.1530582747953221D0,0.5843310432341909D0, 0000007P   1176
-0.1259761443348048D0,0.1561155462305175D0,0.5691563375535098D0, 0000007P   1177
-0.1259761443304891D0,0.159288451823687D0,0.5539827042768247D0,  0000007P   1178
-0.125976144325994D0,0.1624334623336164D0,0.5388105248464713D0,  0000007P   1179
-0.1259761443213332D0,0.1655744190185315D0,0.5236314576267959D0, 0000007P   1180
-0.1259761443175149D0,0.1687594860867448D0,0.5084521563720207D0, 0000007P   1181
-0.1259761443137102D0,0.1719436116976839D0,0.4932739308962933D0, 0000007P   1182
-0.1259761443098334D0,0.1751313306955817D0,0.4780916363394732D0, 0000007P   1183
-0.1259761443062323D0,0.1783056176029195D0,0.4629032392210434D0, 0000007P   1184
-0.1259761443030523D0,0.18146144080166D0,0.4477156290852292D0,   0000007P   1185
-0.1259761442998021D0,0.1846153780914957D0,0.4325309735805596D0, 0000007P   1186
-0.1259761442964123D0,0.1877953227255483D0,0.4173284186327555D0, 0000007P   1187
-0.1259761442939119D0,0.1908300834470427D0,0.4021295285351581D0, 0000007P   1188
-0.1259761442912078D0,0.1938912898182075D0,0.3869338784798667D0, 0000007P   1189
-0.1259761442884287D0,0.1969918975032488D0,0.371721603405146D0,  0000007P   1190
-0.1259761442861531D0,0.199908454283113D0,0.3565064092911147D0,  0000007P   1191
-0.1259761442839645D0,0.2027920717463759D0,0.3412935915227085D0, 0000007P   1192
-0.125976144281718D0,0.205705630158471D0,0.3260741874111122D0,   0000007P   1193
-0.1259761442796158D0,0.208532364091839D0,0.310838252383777D0,   0000007P   1194
-0.1259761442778743D0,0.2111423442774847D0,0.2956046003838684D0, 0000007P   1195
-0.1259761442760763D0,0.2137773773418827D0,0.280378347189992D0,  0000007P   1196
-0.125976144274143D0,0.2165289526389942D0,0.2651183018138342D0,  0000007P   1197
-0.1259761442728434D0,0.2187597841632988D0,0.2498659370201055D0, 0000007P   1198
-0.1259761442713973D0,0.221104696710644D0,0.2346166420789432D0,  0000007P   1199
-0.1259761442699034D0,0.2235140289386339D0,0.2193473871450848D0, 0000007P   1200
-0.1259761442687463D0,0.2255516014210039D0,0.2040722796248868D0, 0000007P   1201
-0.1259761442676882D0,0.2274794220606729D0,0.1887999949310115D0, 0000007P   1202
-0.1259761442665827D0,0.2294659908978613D0,0.1735222715181868D0, 0000007P   1203
-0.1259761442655676D0,0.2313273187876739D0,0.1582262353242015D0, 0000007P   1204
-0.1259761442648566D0,0.2327682744495602D0,0.1429333884313839D0, 0000007P   1205
-0.1259761442640915D0,0.2342673723898481D0,0.1276460971150582D0, 0000007P   1206
-0.1259761442632395D0,0.2359542734444546D0,0.1123333941915957D0, 0000007P   1207
-0.1259761442627892D0,0.2368318197633864D0,0.0970267137226436D0, 0000007P   1208
-0.1259761442622511D0,0.2378881476695777D0,                      0000007P   1209
0.08172081668794219D0,-0.125976144261672D0,0.2390215444751412D0, 0000007P   1210
0.0664057634617287D0,-0.1259761442613442D0,0.2396678840959575D0, 0000007P   1211
0.05108777790260083D0,-0.1259761442610971D0,                     0000007P   1212
0.2401568805854302D0,0.03577079805056156D0,                      0000007P   1213
-0.1259761442608111D0,0.2407222641095434D0,0.0204527277030818D0, 0000007P   1214
-0.1259761442606001D0,0.2411394426264377D0,                      0000007P   1215
0.005131292213362164D0,-0.1259761442606567D0,                    0000007P   1216
0.2410272978638316D0,-0.01018923069541126D0,                     0000007P   1217
-0.1259761442606409D0,0.2410586983973612D0,                      0000007P   1218
-0.02040310275562399D0,-0.1259761442606454D0,                    0000007P   1219
0.2410497268163527D0,-0.02551000076152426D0,                     0000007P   1220
-0.1259761442606446D0,0.2410512220798542D0,0.8418369992384757D0, 0000007P   1221
-0.1336093073616202D0,0.09585415610316821D0,                     0000007P   1222
0.8368004355604912D0,-0.1336093073697148D0,                      0000007P   1223
0.09670153213327426D0,0.8267279024685112D0,                      0000007P   1224
-0.1336093073859021D0,0.09839334392588474D0,                     0000007P   1225
0.8116168743405843D0,-0.1336093074101919D0,0.1009420876183062D0, 0000007P   1226
0.7965129773805174D0,-0.1336093074344529D0,0.1034555480995093D0, 0000007P   1227
0.7813827842389693D0,-0.1336093074588191D0,0.1060991154220798D0, 0000007P   1228
0.7662419214831715D0,-0.1336093074832179D0,0.1087961973147823D0, 0000007P   1229
0.7511043091012809D0,-0.1336093075076379D0,0.1114747387686048D0, 0000007P   1230
0.7359643648380098D0,-0.1336093075319407D0,0.1141739274078152D0, 0000007P   1231
0.7208055479515604D0,-0.1336093075549207D0,0.1170675678042012D0, 0000007P   1232
0.7056509021832317D0,-0.1336093075780861D0,0.1199258411980916D0, 0000007P   1233
0.6904984445655965D0,-0.1336093076018325D0,0.1227311308447886D0, 0000007P   1234
0.6753330632270683D0,-0.133609307623069D0,0.1257837224827548D0,  0000007P   1235
0.6601692592184832D0,-0.1336093076445519D0,0.1288079381694366D0, 0000007P   1236
0.6450059323224194D0,-0.1336093076663791D0,0.1318146042872399D0, 0000007P   1237
0.6298391196463285D0,-0.1336093076865834D0,0.1349198446318408D0, 0000007P   1238
0.6146692042923969D0,-0.1336093077053883D0,0.1381115916636915D0, 0000007P   1239
0.5995000054525583D0,-0.1336093077245021D0,0.1412831640039133D0, 0000007P   1240
0.5843310432341901D0,-0.1336093077437794D0,0.1444489284234004D0, 0000007P   1241
0.5691563375535101D0,-0.1336093077597816D0,0.1477598299884527D0, 0000007P   1242
0.5539827042768249D0,-0.1336093077764485D0,0.1510361206728946D0, 0000007P   1243
0.538810524846471D0,-0.1336093077937306D0,0.1543057177342128D0,  0000007P   1244
0.523631457626796D0,-0.1336093078078872D0,0.1576367001686357D0,  0000007P   1245
0.5084521563720199D0,-0.1336093078219934D0,0.1609669363016345D0, 0000007P   1246
0.4932739308962927D0,-0.1336093078363682D0,0.1642997925148189D0, 0000007P   1247
0.4780916363394735D0,-0.1336093078497187D0,0.1676229147086842D0, 0000007P   1248
0.4629032392210427D0,-0.133609307861509D0,0.1709333992756624D0,  0000007P   1249
0.4477156290852296D0,-0.1336093078735599D0,0.174240532551286D0,  0000007P   1250
0.4325309735805599D0,-0.1336093078861272D0,0.1775737086192143D0, 0000007P   1251
0.4173284186327551D0,-0.1336093078953984D0,0.1807635611062658D0, 0000007P   1252
0.4021295285351583D0,-0.1336093079054242D0,0.1839789704872046D0, 0000007P   1253
0.3869338784798667D0,-0.1336093079157279D0,0.1872354758734718D0, 0000007P   1254
0.3717216034051459D0,-0.1336093079241654D0,0.1903020403445376D0, 0000007P   1255
0.3565064092911147D0,-0.1336093079322803D0,0.1933346297733358D0, 0000007P   1256
0.3412935915227084D0,-0.1336093079406097D0,0.1963982218520623D0, 0000007P   1257
0.3260741874111125D0,-0.1336093079484041D0,0.1993717783733428D0, 0000007P   1258
0.310838252383777D0,-0.1336093079548615D0,0.2021207927076385D0,  0000007P   1259
0.2956046003838685D0,-0.133609307961528D0,0.204895191865582D0,   0000007P   1260
0.2803783471899917D0,-0.133609307968696D0,0.2077925939159192D0,  0000007P   1261
0.2651183018138345D0,-0.1336093079735153D0,0.2101415115254979D0, 0000007P   1262
0.2498659370201053D0,-0.1336093079788778D0,0.2126107484072479D0, 0000007P   1263
0.2346166420789435D0,-0.1336093079844166D0,0.2151471926410718D0, 0000007P   1264
0.2193473871450848D0,-0.1336093079887079D0,0.2172944881944293D0, 0000007P   1265
0.2040722796248871D0,-0.1336093079926315D0,0.2193267819132667D0, 0000007P   1266
0.1887999949310116D0,-0.133609307996731D0,0.221420869503281D0,   0000007P   1267
0.1735222715181869D0,-0.1336093080004954D0,0.2233827834431077D0, 0000007P   1268
0.1582262353242016D0,-0.1336093080031316D0,0.2249006951582222D0, 0000007P   1269
0.1429333884313838D0,-0.1336093080059691D0,0.2264802602269612D0, 0000007P   1270
0.1276460971150581D0,-0.133609308009129D0,0.2282572141059148D0,  0000007P   1271
0.1123333941915957D0,-0.1336093080107983D0,0.2291829593903847D0, 0000007P   1272
0.0970267137226435D0,-0.1336093080127945D0,0.2302966093629876D0, 0000007P   1273
0.08172081668794225D0,-0.1336093080149418D0,                     0000007P   1274
0.2314918008442317D0,0.06640576346172861D0,                      0000007P   1275
-0.1336093080161579D0,0.2321729216027767D0,0.0510877779026009D0, 0000007P   1276
-0.1336093080170744D0,0.2326880249757436D0,                      0000007P   1277
0.03577079805056156D0,-0.1336093080181353D0,                     0000007P   1278
0.2332836707752037D0,0.02045272770308182D0,-0.133609308018918D0, 0000007P   1279
0.2337231642542683D0,0.00513129221336216D0,                      0000007P   1280
-0.1336093080187075D0,0.2336050208459176D0,                      0000007P   1281
-0.01018923069541125D0,-0.1336093080187665D0,                    0000007P   1282
0.2336381010002558D0,-0.02040310275562399D0,                     0000007P   1283
-0.1336093080187497D0,0.2336286495275877D0,                      0000007P   1284
-0.02551000076152427D0,-0.1336093080187525D0,                    0000007P   1285
0.2336302247730324D0,0.8418369992384758D0,-0.1399165232247888D0, 0000007P   1286
0.08482831003028718D0,0.8368004355604914D0,                      0000007P   1287
-0.1399165231934114D0,0.08564752698871358D0,                     0000007P   1288
0.8267279024685111D0,-0.1399165231306655D0,                      0000007P   1289
0.08728226771322184D0,0.8116168743405846D0,                      0000007P   1290
-0.1399165230365123D0,0.08974822827127657D0,                     0000007P   1291
0.7965129773805167D0,-0.1399165229424696D0,                      0000007P   1292
0.09216987052119555D0,0.7813827842389701D0,                      0000007P   1293
-0.1399165228480199D0,0.09475493653236523D0,                     0000007P   1294
0.7662419214831714D0,-0.139916522753444D0,0.09740710615114984D0, 0000007P   1295
0.7511043091012808D0,-0.1399165226587865D0,0.1000363768337616D0, 0000007P   1296
0.7359643648380099D0,-0.1399165225645822D0,0.1026901396534503D0, 0000007P   1297
0.7208055479515595D0,-0.1399165224755064D0,0.1055720840345593D0, 0000007P   1298
0.7056509021832319D0,-0.1399165223857121D0,0.1084120016726289D0, 0000007P   1299
0.6904984445655958D0,-0.1399165222936647D0,0.1111918447214362D0, 0000007P   1300
0.6753330632270683D0,-0.1399165222113473D0,0.1142540128703321D0, 0000007P   1301
0.6601692592184834D0,-0.1399165221280742D0,0.1172837086439368D0, 0000007P   1302
0.6450059323224194D0,-0.1399165220434676D0,0.120293723550634D0,  0000007P   1303
0.6298391196463281D0,-0.1399165219651502D0,0.1234149343002524D0, 0000007P   1304
0.6146692042923968D0,-0.1399165218922594D0,0.1266337661682196D0, 0000007P   1305
0.5995000054525584D0,-0.1399165218181708D0,0.1298298291437699D0, 0000007P   1306
0.5843310432341904D0,-0.1399165217434472D0,0.13301934657064D0,   0000007P   1307
0.56915633755351D0,-0.1399165216814205D0,0.1363727192226886D0,   0000007P   1308
0.5539827042768247D0,-0.1399165216168157D0,0.1396872890336902D0, 0000007P   1309
0.5388105248464711D0,-0.1399165215498267D0,0.1429932149837002D0, 0000007P   1310
0.5236314576267957D0,-0.1399165214949525D0,0.1463725192187244D0, 0000007P   1311
0.5084521563720206D0,-0.1399165214402744D0,0.1497512359301795D0, 0000007P   1312
0.493273930896293D0,-0.1399165213845547D0,0.1531317796750847D0,  0000007P   1313
0.4780916363394737D0,-0.1399165213328054D0,0.1565056028097587D0, 0000007P   1314
0.462903239221043D0,-0.1399165212871049D0,0.1598715065819595D0,  0000007P   1315
0.4477156290852292D0,-0.1399165212403924D0,0.1632329438356109D0, 0000007P   1316
0.4325309735805595D0,-0.1399165211916795D0,0.1666201665259338D0, 0000007P   1317
0.4173284186327552D0,-0.1399165211557424D0,0.1698671251776682D0, 0000007P   1318
0.4021295285351582D0,-0.1399165211168807D0,0.1731388893911893D0, 0000007P   1319
0.3869338784798665D0,-0.1399165210769416D0,0.1764516953961517D0, 0000007P   1320
0.371721603405146D0,-0.1399165210442363D0,0.1795755286735634D0,  0000007P   1321
0.3565064092911147D0,-0.139916521012781D0,0.1826654305701479D0,  0000007P   1322
0.3412935915227087D0,-0.1399165209804945D0,0.1857867052514369D0, 0000007P   1323
0.3260741874111119D0,-0.1399165209502821D0,0.1888164201747359D0, 0000007P   1324
0.3108382523837772D0,-0.1399165209252514D0,0.1916175876654285D0, 0000007P   1325
0.2956046003838683D0,-0.1399165208994113D0,0.1944447619480391D0, 0000007P   1326
0.2803783471899915D0,-0.1399165208716266D0,0.197396456495584D0,  0000007P   1327
0.2651183018138342D0,-0.1399165208529457D0,0.1997925688620115D0, 0000007P   1328
0.2498659370201054D0,-0.1399165208321592D0,0.2023103819816113D0, 0000007P   1329
0.2346166420789431D0,-0.1399165208106903D0,0.2048969742696401D0, 0000007P   1330
0.2193473871450849D0,-0.1399165207940559D0,0.2070867491307796D0, 0000007P   1331
0.2040722796248867D0,-0.1399165207788464D0,0.2091593019702802D0, 0000007P   1332
0.1887999949310116D0,-0.1399165207629561D0,0.2112948260796484D0, 0000007P   1333
0.1735222715181868D0,-0.1399165207483641D0,0.2132956871311845D0, 0000007P   1334
0.1582262353242014D0,-0.1399165207381459D0,0.2148442350640311D0, 0000007P   1335
0.1429333884313837D0,-0.1399165207271467D0,0.216455523203267D0,  0000007P   1336
0.1276460971150582D0,-0.1399165207148984D0,0.2182681636356349D0, 0000007P   1337
0.1123333941915956D0,-0.1399165207084278D0,0.2192126546890857D0, 0000007P   1338
0.0970267137226436D0,-0.1399165207006897D0,0.2203488146108388D0, 0000007P   1339
0.0817208166879422D0,-0.1399165206923664D0,0.2215680412622707D0, 0000007P   1340
0.06640576346172866D0,-0.1399165206876519D0,                     0000007P   1341
0.2222633321266838D0,0.05108777790260086D0,                      0000007P   1342
-0.1399165206840997D0,0.2227893914884733D0,                      0000007P   1343
0.03577079805056153D0,-0.139916520679987D0,0.2233976170459841D0, 0000007P   1344
0.02045272770308181D0,-0.1399165206769535D0,                     0000007P   1345
0.2238464093232329D0,0.005131292213362165D0,                     0000007P   1346
-0.139916520677769D0,0.2237257662379508D0,                       0000007P   1347
-0.01018923069541125D0,-0.1399165206775406D0,                    0000007P   1348
0.2237595463018298D0,-0.02040310275562399D0,                     0000007P   1349
-0.1399165206776058D0,0.2237498948550073D0,                      0000007P   1350
-0.02551000076152425D0,-0.139916520677595D0,                     0000007P   1351
0.2237515034294776D0,0.8418369992384757D0,-0.1451131797362852D0, 0000007P   1352
0.0750687525404193D0,0.8368004355604914D0,-0.1451131798482713D0, 0000007P   1353
0.07585062409065915D0,0.8267279024685114D0,                      0000007P   1354
-0.1451131800722104D0,0.07741020347735403D0,                     0000007P   1355
0.8116168743405843D0,-0.1451131804082422D0,                      0000007P   1356
0.07976518648408937D0,0.7965129773805174D0,                      0000007P   1357
-0.1451131807438804D0,0.08207020492540693D0,                     0000007P   1358
0.7813827842389693D0,-0.1451131810809701D0,                      0000007P   1359
0.08455946770170292D0,0.7662419214831716D0,                      0000007P   1360
-0.1451131814185102D0,0.08712432042789314D0,0.751104309101281D0, 0000007P   1361
-0.145113181756342D0,0.08966357013053833D0,0.7359643648380102D0, 0000007P   1362
-0.1451131820925566D0,0.09222964197746943D0,                     0000007P   1363
0.7208055479515606D0,-0.1451131824104666D0,                      0000007P   1364
0.09504435163448219D0,0.7056509021832312D0,                      0000007P   1365
-0.1451131827309424D0,0.09781279613186394D0,                     0000007P   1366
0.6904984445655971D0,-0.1451131830594588D0,0.100517663457688D0,  0000007P   1367
0.6753330632270675D0,-0.145113183353248D0,0.1035231046293738D0,  0000007P   1368
0.6601692592184832D0,-0.1451131836504492D0,0.106493975219121D0,  0000007P   1369
0.6450059323224193D0,-0.1451131839524088D0,0.1094439387488764D0, 0000007P   1370
0.6298391196463277D0,-0.1451131842319229D0,0.1125121011005376D0, 0000007P   1371
0.6146692042923974D0,-0.145113184492069D0,0.1156840424795141D0,  0000007P   1372
0.5995000054525574D0,-0.1451131847564909D0,0.1188317628050602D0, 0000007P   1373
0.5843310432341909D0,-0.1451131850231777D0,0.1219725883170117D0, 0000007P   1374
0.5691563375535095D0,-0.1451131852445502D0,0.1252869788885891D0, 0000007P   1375
0.5539827042768251D0,-0.145113185475124D0,0.1285605023177038D0,  0000007P   1376
0.5388105248464712D0,-0.1451131857142069D0,0.1318239292570443D0, 0000007P   1377
0.523631457626796D0,-0.1451131859100526D0,0.1351686092979437D0,  0000007P   1378
0.5084521563720202D0,-0.1451131861051978D0,0.138512801559052D0,  0000007P   1379
0.4932739308962927D0,-0.1451131863040607D0,0.1418582729230638D0, 0000007P   1380
0.478091636339473D0,-0.1451131864887532D0,0.1451991156552528D0,  0000007P   1381
0.462903239221043D0,-0.1451131866518575D0,0.1485352123591991D0,  0000007P   1382
0.4477156290852293D0,-0.1451131868185737D0,0.1518663476675554D0, 0000007P   1383
0.4325309735805595D0,-0.1451131869924294D0,0.1552220745865147D0, 0000007P   1384
0.4173284186327552D0,-0.1451131871206884D0,0.1584449895728708D0, 0000007P   1385
0.4021295285351582D0,-0.1451131872593854D0,0.1616908766814605D0, 0000007P   1386
0.3869338784798665D0,-0.1451131874019271D0,0.1649776872337204D0, 0000007P   1387
0.3717216034051459D0,-0.1451131875186521D0,0.1680778318890645D0, 0000007P   1388
0.3565064092911144D0,-0.1451131876309162D0,0.171144520661212D0,  0000007P   1389
0.3412935915227086D0,-0.1451131877461462D0,0.1742421279949966D0, 0000007P   1390
0.3260741874111125D0,-0.145113187853974D0,0.177249516965428D0,   0000007P   1391
0.3108382523837771D0,-0.1451131879433085D0,0.1800318357290408D0, 0000007P   1392
0.2956046003838684D0,-0.145113188035531D0,0.1828394982279605D0,  0000007P   1393
0.2803783471899919D0,-0.145113188134694D0,0.1857708559924708D0,  0000007P   1394
0.2651183018138344D0,-0.1451131882013665D0,0.1881508346648702D0, 0000007P   1395
0.2498659370201055D0,-0.1451131882755531D0,0.1906515877007258D0, 0000007P   1396
0.2346166420789431D0,-0.1451131883521742D0,0.193220622374868D0,  0000007P   1397
0.2193473871450849D0,-0.145113188411543D0,0.1953957561324078D0,  0000007P   1398
0.2040722796248869D0,-0.1451131884658256D0,0.1974545376770653D0, 0000007P   1399
0.1887999949310115D0,-0.145113188522538D0,0.1995758026128175D0,  0000007P   1400
0.1735222715181868D0,-0.1451131885746169D0,0.2015634861970738D0, 0000007P   1401
0.1582262353242016D0,-0.1451131886110851D0,0.2031025886695109D0, 0000007P   1402
0.1429333884313839D0,-0.1451131886503411D0,0.2047037690085534D0, 0000007P   1403
0.1276460971150581D0,-0.1451131886940555D0,0.2065052189929936D0, 0000007P   1404
0.1123333941915957D0,-0.1451131887171493D0,0.2074435125292377D0, 0000007P   1405
0.09702671372264354D0,-0.1451131887447661D0,                     0000007P   1406
0.2085723771120168D0,0.08172081668794219D0,                      0000007P   1407
-0.1451131887744721D0,0.2097838131223092D0,                      0000007P   1408
0.06640576346172866D0,-0.1451131887912979D0,                     0000007P   1409
0.2104743923760141D0,0.05108777790260087D0,                      0000007P   1410
-0.1451131888039759D0,0.2109967460698814D0,                      0000007P   1411
0.03577079805056158D0,-0.1451131888186537D0,0.211600739623604D0, 0000007P   1412
0.0204527277030818D0,-0.1451131888294806D0,0.2120463992977424D0, 0000007P   1413
0.005131292213362161D0,-0.1451131888265699D0,                    0000007P   1414
0.2119265983100707D0,-0.01018923069541125D0,                     0000007P   1415
-0.1451131888273851D0,0.2119601425866187D0,                      0000007P   1416
-0.02040310275562398D0,-0.145113188827152D0,0.211950558507605D0, 0000007P   1417
-0.02551000076152427D0,-0.1451131888271909D0,                    0000007P   1418
0.2119521558541073D0,0.8418369992384758D0,-0.14944858978426D0,   0000007P   1419
0.06638865618932821D0,0.8368004355604913D0,                      0000007P   1420
-0.1494485894551964D0,0.0671263914115918D0,0.826727902468511D0,  0000007P   1421
-0.1494485887971654D0,0.06859747480037678D0,0.811616874340585D0, 0000007P   1422
-0.1494485878097577D0,0.07082055134258786D0,                     0000007P   1423
0.7965129773805163D0,-0.1494485868235068D0,                      0000007P   1424
0.07299098321589109D0,0.7813827842389707D0,-0.14944858583299D0,  0000007P   1425
0.07535554230579217D0,0.7662419214831713D0,                      0000007P   1426
-0.1494485848411504D0,0.07779971673113892D0,                     0000007P   1427
0.7511043091012809D0,-0.1494485838484531D0,                      0000007P   1428
0.08021701415604782D0,0.7359643648380095D0,                      0000007P   1429
-0.1494485828605083D0,0.08266220424726242D0,                     0000007P   1430
0.7208055479515595D0,-0.1494485819263505D0,0.0853654521291223D0, 0000007P   1431
0.7056509021832322D0,-0.1494485809846526D0,                      0000007P   1432
0.08802037189521653D0,0.6904984445655958D0,                      0000007P   1433
-0.1494485800193288D0,0.0906105463337281D0,0.6753330632270681D0, 0000007P   1434
-0.149448579156048D0,0.0935080301983356D0,0.6601692592184836D0,  0000007P   1435
-0.1494485782827414D0,0.09637016212177835D0,0.645005932322419D0, 0000007P   1436
-0.1494485773954526D0,0.09921097713341304D0,                     0000007P   1437
0.6298391196463282D0,-0.1494485765741182D0,0.1021724117334442D0, 0000007P   1438
0.6146692042923968D0,-0.149448575809696D0,0.1052397582080203D0,  0000007P   1439
0.5995000054525583D0,-0.1494485750327092D0,0.108282381533507D0,  0000007P   1440
0.5843310432341901D0,-0.1494485742490679D0,0.1113179855808065D0, 0000007P   1441
0.5691563375535102D0,-0.1494485735985788D0,0.1145305613501192D0, 0000007P   1442
0.5539827042768242D0,-0.1494485729210525D0,0.1177015459794357D0, 0000007P   1443
0.5388105248464717D0,-0.1494485722185231D0,0.1208619234467232D0, 0000007P   1444
0.5236314576267955D0,-0.1494485716430431D0,0.1241063207021237D0, 0000007P   1445
0.5084521563720205D0,-0.1494485710696216D0,0.1273503772807283D0, 0000007P   1446
0.4932739308962927D0,-0.1494485704852759D0,0.1305951008549114D0, 0000007P   1447
0.4780916363394737D0,-0.1494485699425686D0,0.1338374971235764D0, 0000007P   1448
0.4629032392210428D0,-0.1494485694632978D0,0.137078707691387D0,  0000007P   1449
0.4477156290852296D0,-0.1494485689734124D0,0.1403142128441296D0, 0000007P   1450
0.4325309735805598D0,-0.149448568462549D0,0.143573725357998D0,   0000007P   1451
0.4173284186327555D0,-0.1494485680856681D0,0.1467048491204373D0, 0000007P   1452
0.4021295285351582D0,-0.149448567678116D0,0.1498583103804126D0,  0000007P   1453
0.3869338784798668D0,-0.1494485672592665D0,0.1530508104016723D0, 0000007P   1454
0.371721603405146D0,-0.1494485669162775D0,0.1560648178802592D0,  0000007P   1455
0.3565064092911148D0,-0.1494485665863964D0,0.1590467270130709D0, 0000007P   1456
0.3412935915227086D0,-0.1494485662478009D0,0.1620585519413726D0, 0000007P   1457
0.3260741874111122D0,-0.1494485659309555D0,0.1649828120334902D0, 0000007P   1458
0.3108382523837771D0,-0.1494485656684524D0,0.1676885190375204D0, 0000007P   1459
0.2956046003838686D0,-0.1494485653974623D0,0.1704188942043935D0, 0000007P   1460
0.2803783471899915D0,-0.1494485651060783D0,0.1732691498079841D0, 0000007P   1461
0.2651183018138346D0,-0.1494485649101653D0,0.1755849168248584D0, 0000007P   1462
0.2498659370201053D0,-0.149448564692173D0,0.1780176711074317D0,  0000007P   1463
0.2346166420789434D0,-0.1494485644670268D0,0.1805169649139257D0, 0000007P   1464
0.2193473871450847D0,-0.1494485642925752D0,0.1826331133590375D0, 0000007P   1465
0.2040722796248871D0,-0.1494485641330696D0,0.1846361028842606D0, 0000007P   1466
0.1887999949310115D0,-0.1494485639664237D0,0.1866998726199825D0, 0000007P   1467
0.173522271518187D0,-0.1494485638133928D0,0.1886336804335977D0,  0000007P   1468
0.1582262353242014D0,-0.1494485637062339D0,0.1901310208308198D0, 0000007P   1469
0.142933388431384D0,-0.1494485635908823D0,0.1916888168526828D0,  0000007P   1470
0.1276460971150581D0,-0.1494485634624307D0,0.1934412577923749D0, 0000007P   1471
0.1123333941915957D0,-0.149448563394571D0,0.1943546634361097D0,  0000007P   1472
0.0970267137226436D0,-0.149448563313421D0,0.195453277309354D0,   0000007P   1473
0.08172081668794222D0,-0.1494485632261315D0,                     0000007P   1474
0.1966323037571485D0,0.0664057634617287D0,-0.14944856317669D0,   0000007P   1475
0.1973044716772324D0,0.05108777790260086D0,                      0000007P   1476
-0.1494485631394365D0,0.1978129416443067D0,                      0000007P   1477
0.03577079805056155D0,-0.1494485630963066D0,0.198400865683108D0, 0000007P   1478
0.0204527277030818D0,-0.1494485630644931D0,0.1988346713880113D0, 0000007P   1479
0.005131292213362166D0,-0.1494485630730452D0,                    0000007P   1480
0.1987180569512093D0,-0.01018923069541125D0,                     0000007P   1481
-0.1494485630706506D0,0.1987507089935139D0,                      0000007P   1482
-0.02040310275562397D0,-0.1494485630713347D0,                    0000007P   1483
0.1987413798385696D0,-0.02551000076152425D0,                     0000007P   1484
-0.1494485630712207D0,0.1987429346977271D0,0.8418369992384759D0, 0000007P   1485
-0.1531249445294329D0,0.05858338863731135D0,                     0000007P   1486
0.8368004355604913D0,-0.1531249454821981D0,                      0000007P   1487
0.05927168446921538D0,0.8267279024685116D0,                      0000007P   1488
-0.1531249473874497D0,0.06064382253766582D0,                     0000007P   1489
0.8116168743405842D0,-0.1531249502463736D0,                      0000007P   1490
0.06271873062293253D0,0.7965129773805174D0,-0.153124953101948D0, 0000007P   1491
0.06474019556390785D0,0.7813827842389698D0,                      0000007P   1492
-0.1531249559698734D0,0.06695873209945774D0,                     0000007P   1493
0.7662419214831718D0,-0.1531249588416298D0,                      0000007P   1494
0.06925805904155177D0,0.7511043091012811D0,                      0000007P   1495
-0.1531249617158682D0,0.07153021160263605D0,                     0000007P   1496
0.7359643648380099D0,-0.1531249645763475D0,0.0738302712812156D0, 0000007P   1497
0.7208055479515605D0,-0.1531249672810922D0,                      0000007P   1498
0.07638753291907452D0,0.7056509021832315D0,                      0000007P   1499
-0.1531249700076692D0,0.07889664169448631D0,                     0000007P   1500
0.6904984445655964D0,-0.1531249728026518D0,                      0000007P   1501
0.08134115996040706D0,0.6753330632270685D0,                      0000007P   1502
-0.1531249753021801D0,0.08409219312673916D0,                     0000007P   1503
0.6601692592184837D0,-0.1531249778307378D0,                      0000007P   1504
0.08680784686230814D0,0.6450059323224193D0,                      0000007P   1505
-0.1531249803997791D0,0.08950269752305162D0,                     0000007P   1506
0.6298391196463285D0,-0.1531249827778565D0,                      0000007P   1507
0.09231613991386048D0,0.614669204292397D0,-0.1531249849911521D0, 0000007P   1508
0.09523374720595029D0,0.5995000054525581D0,                      0000007P   1509
-0.1531249872408262D0,0.09812708574795462D0,                     0000007P   1510
0.5843310432341907D0,-0.1531249895097686D0,0.1010133343890202D0, 0000007P   1511
0.5691563375535101D0,-0.1531249913931837D0,0.1040759334538696D0, 0000007P   1512
0.5539827042768248D0,-0.1531249933548821D0,0.1070971112000163D0, 0000007P   1513
0.538810524846471D0,-0.1531249953889737D0,0.1101076237971902D0,  0000007P   1514
0.5236314576267961D0,-0.1531249970552093D0,0.1132022183089578D0, 0000007P   1515
0.5084521563720203D0,-0.1531249987154844D0,0.1162965294504228D0, 0000007P   1516
0.4932739308962934D0,-0.1531250004073896D0,0.1193912797472849D0, 0000007P   1517
0.4780916363394734D0,-0.1531250019787347D0,0.1224845567928613D0, 0000007P   1518
0.4629032392210434D0,-0.1531250033664072D0,0.1255777836601725D0, 0000007P   1519
0.4477156290852292D0,-0.1531250047848132D0,0.1286655296931136D0, 0000007P   1520
0.4325309735805599D0,-0.1531250062639586D0,0.1317752492418003D0, 0000007P   1521
0.4173284186327555D0,-0.1531250073551732D0,0.1347677661916166D0, 0000007P   1522
0.4021295285351584D0,-0.1531250085351929D0,0.1377801118639392D0, 0000007P   1523
0.3869338784798667D0,-0.1531250097479223D0,0.1408303452451071D0, 0000007P   1524
0.371721603405146D0,-0.1531250107410076D0,0.143709199068387D0,   0000007P   1525
0.3565064092911147D0,-0.1531250116961393D0,0.1465573581507913D0, 0000007P   1526
0.3412935915227086D0,-0.1531250126765032D0,0.1494339502525785D0, 0000007P   1527
0.3260741874111121D0,-0.1531250135938922D0,0.1522275050177093D0, 0000007P   1528
0.3108382523837772D0,-0.1531250143539392D0,0.1548140213260055D0, 0000007P   1529
0.2956046003838682D0,-0.1531250151385599D0,0.1574235567725037D0, 0000007P   1530
0.2803783471899922D0,-0.1531250159822278D0,0.1601480541230275D0, 0000007P   1531
0.265118301813834D0,-0.153125016549471D0,0.1623606717497968D0,   0000007P   1532
0.2498659370201055D0,-0.1531250171806424D0,0.1646854312803318D0, 0000007P   1533
0.2346166420789431D0,-0.1531250178325265D0,0.167073502919558D0,  0000007P   1534
0.219347387145085D0,-0.153125018337631D0,0.1690961842202547D0,   0000007P   1535
0.2040722796248867D0,-0.1531250187994608D0,0.1710109143317045D0, 0000007P   1536
0.1887999949310116D0,-0.1531250192819644D0,0.1729836640284983D0, 0000007P   1537
0.1735222715181867D0,-0.153125019725048D0,0.1748322865731617D0,  0000007P   1538
0.1582262353242016D0,-0.1531250200353133D0,0.1762640560744427D0, 0000007P   1539
0.1429333884313837D0,-0.1531250203693009D0,0.1777534654881285D0, 0000007P   1540
0.1276460971150582D0,-0.1531250207412172D0,0.1794291682955774D0, 0000007P   1541
0.1123333941915957D0,-0.1531250209376973D0,0.1803020576155693D0, 0000007P   1542
0.09702671372264356D0,-0.1531250211726577D0,                     0000007P   1543
0.1813521862659354D0,0.08172081668794223D0,                      0000007P   1544
-0.1531250214253943D0,0.1824791497456057D0,                      0000007P   1545
0.06640576346172861D0,-0.153125021568546D0,0.1831215345776842D0, 0000007P   1546
0.0510877779026009D0,-0.1531250216764101D0,0.1836074150882264D0, 0000007P   1547
0.03577079805056155D0,-0.1531250218012872D0,                     0000007P   1548
0.1841692420425156D0,0.02045272770308182D0,                      0000007P   1549
-0.1531250218933994D0,0.184583787543353D0,                       0000007P   1550
0.005131292213362163D0,-0.153125021868638D0,                     0000007P   1551
0.1844723505807622D0,-0.01018923069541126D0,                     0000007P   1552
-0.1531250218755712D0,0.1845035529302878D0,                      0000007P   1553
-0.02040310275562399D0,-0.1531250218735902D0,                    0000007P   1554
0.1844946379732804D0,-0.02551000076152427D0,                     0000007P   1555
-0.1531250218739204D0,0.1844961237994483D0,0.8418369992384757D0, 0000007P   1556
-0.1563008052110855D0,0.051477255405767D0,0.8368004355604912D0,  0000007P   1557
-0.1563008025391069D0,0.0521120031343191D0,0.8267279024685114D0, 0000007P   1558
-0.1563007971959323D0,0.05337710824015D0,0.8116168743405849D0,   0000007P   1559
-0.1563007891782352D0,0.05529122971617163D0,                     0000007P   1560
0.7965129773805169D0,-0.1563007811699314D0,                      0000007P   1561
0.05715266697691204D0,0.7813827842389698D0,                      0000007P   1562
-0.1563007731269896D0,0.05920837728150204D0,                     0000007P   1563
0.7662419214831717D0,-0.1563007650733046D0,                      0000007P   1564
0.06134371267379605D0,0.7511043091012808D0,                      0000007P   1565
-0.1563007570126587D0,0.06345232083475438D0,                     0000007P   1566
0.7359643648380098D0,-0.1563007489905996D0,                      0000007P   1567
0.06558821283335106D0,0.7208055479515606D0,                      0000007P   1568
-0.1563007414052894D0,0.06797535921864634D0,                     0000007P   1569
0.7056509021832312D0,-0.1563007337587518D0,                      0000007P   1570
0.07031516952823715D0,0.6904984445655963D0,                      0000007P   1571
-0.1563007259203748D0,0.07259306975394719D0,                     0000007P   1572
0.6753330632270685D0,-0.1563007189105829D0,                      0000007P   1573
0.07516594639088478D0,0.6601692592184834D0,                      0000007P   1574
-0.1563007118193798D0,0.07770484709114414D0,                     0000007P   1575
0.6450059323224194D0,-0.1563007046146427D0,                      0000007P   1576
0.08022348222389181D0,0.6298391196463279D0,                      0000007P   1577
-0.1563006979454532D0,0.08285715556336461D0,0.614669204292397D0, 0000007P   1578
-0.1563006917383855D0,0.08559185436398213D0,                     0000007P   1579
0.5995000054525581D0,-0.1563006854292964D0,                      0000007P   1580
0.08830298911127329D0,0.5843310432341904D0,                      0000007P   1581
-0.1563006790661702D0,0.09100735461072518D0,                     0000007P   1582
0.5691563375535104D0,-0.1563006737842351D0,                      0000007P   1583
0.09388151130632721D0,0.5539827042768246D0,                      0000007P   1584
-0.1563006682827579D0,0.09671588877758669D0,                     0000007P   1585
0.5388105248464713D0,-0.1563006625782584D0,0.0995395919500657D0, 0000007P   1586
0.5236314576267959D0,-0.1563006579053905D0,0.1024457715420097D0, 0000007P   1587
0.5084521563720205D0,-0.1563006532492395D0,0.1053517432367022D0, 0000007P   1588
0.4932739308962927D0,-0.156300648504383D0,0.1082578288731414D0,  0000007P   1589
0.4780916363394737D0,-0.1563006440976309D0,0.1111636666398451D0, 0000007P   1590
0.462903239221043D0,-0.1563006402059781D0,0.1140712696798241D0,  0000007P   1591
0.4477156290852295D0,-0.1563006362281357D0,0.1169732134827459D0, 0000007P   1592
0.4325309735805598D0,-0.1563006320799519D0,0.1198960289606218D0, 0000007P   1593
0.4173284186327554D0,-0.1563006290197002D0,0.1227082031328647D0, 0000007P   1594
0.4021295285351582D0,-0.1563006257103987D0,0.1255393105131624D0, 0000007P   1595
0.3869338784798665D0,-0.1563006223093644D0,0.1284053263668745D0, 0000007P   1596
0.371721603405146D0,-0.1563006195243108D0,0.1311127751188735D0,  0000007P   1597
0.3565064092911148D0,-0.1563006168456955D0,0.1337917018587372D0, 0000007P   1598
0.3412935915227084D0,-0.1563006140963182D0,0.1364973187905292D0, 0000007P   1599
0.3260741874111125D0,-0.1563006115235505D0,0.1391246969667437D0, 0000007P   1600
0.310838252383777D0,-0.1563006093920399D0,0.1415568410197444D0,  0000007P   1601
0.2956046003838687D0,-0.1563006071916135D0,0.1440108624350625D0, 0000007P   1602
0.2803783471899915D0,-0.1563006048255931D0,0.1465726085243249D0, 0000007P   1603
0.2651183018138346D0,-0.1563006032347897D0,0.1486543714206056D0, 0000007P   1604
0.2498659370201054D0,-0.1563006014647042D0,0.1508412341881969D0, 0000007P   1605
0.2346166420789434D0,-0.1563005996365301D0,0.1530876806635275D0, 0000007P   1606
0.2193473871450848D0,-0.1563005982199924D0,0.1549906924365897D0, 0000007P   1607
0.2040722796248869D0,-0.1563005969248152D0,0.1567922348367343D0, 0000007P   1608
0.1887999949310115D0,-0.1563005955716603D0,0.1586483645330669D0, 0000007P   1609
0.173522271518187D0,-0.1563005943290559D0,0.1603876144175655D0,  0000007P   1610
0.1582262353242014D0,-0.1563005934589338D0,0.1617342453869424D0, 0000007P   1611
0.142933388431384D0,-0.1563005925222835D0,0.1631352662246147D0,  0000007P   1612
0.1276460971150581D0,-0.1563005914792646D0,0.1647113465042271D0, 0000007P   1613
0.1123333941915957D0,-0.1563005909282472D0,0.1655327991477844D0, 0000007P   1614
0.0970267137226436D0,-0.156300590269313D0,0.1665208121463985D0,  0000007P   1615
0.08172081668794218D0,-0.1563005895605267D0,                     0000007P   1616
0.1675812111083608D0,0.06640576346172872D0,                      0000007P   1617
-0.1563005891590658D0,0.1681855058618735D0,                      0000007P   1618
0.05108777790260086D0,-0.156300588856567D0,0.1686425099001422D0, 0000007P   1619
0.03577079805056157D0,-0.1563005885063553D0,                     0000007P   1620
0.1691709714882728D0,0.0204527277030818D0,-0.1563005882480322D0, 0000007P   1621
0.1695608935921988D0,0.005131292213362164D0,                     0000007P   1622
-0.1563005883174739D0,0.1694560758223263D0,                      0000007P   1623
-0.01018923069541125D0,-0.1563005882980303D0,                    0000007P   1624
0.1694854247978905D0,-0.02040310275562398D0,                     0000007P   1625
-0.1563005883035855D0,0.1694770393763007D0,                      0000007P   1626
-0.02551000076152426D0,-0.1563005883026597D0,                    0000007P   1627
0.1694784369465657D0,0.841836999238476D0,-0.159081037016433D0,   0000007P   1628
0.04493739628260463D0,0.8368004355604916D0,                      0000007P   1629
-0.1590810426073586D0,0.04551569958387798D0,                     0000007P   1630
0.8267279024685111D0,-0.1590810537875721D0,                      0000007P   1631
0.04666809849338348D0,0.8116168743405848D0,                      0000007P   1632
-0.1590810705640341D0,0.0484124757065465D0,0.7965129773805172D0, 0000007P   1633
-0.1590810873208418D0,0.05010636060321396D0,                     0000007P   1634
0.7813827842389709D0,-0.1590811041501262D0,                      0000007P   1635
0.05198643591695895D0,0.7662419214831714D0,                      0000007P   1636
-0.1590811210018906D0,0.05394281034378434D0,                     0000007P   1637
0.7511043091012813D0,-0.1590811378682198D0,                      0000007P   1638
0.05587361438345602D0,0.7359643648380101D0,                      0000007P   1639
-0.1590811546538094D0,0.05783040085866243D0,                     0000007P   1640
0.7208055479515602D0,-0.1590811705255324D0,                      0000007P   1641
0.06002606783242531D0,0.705650902183232D0,-0.1590811865253696D0, 0000007P   1642
0.06217671633078108D0,0.6904984445655964D0,                      0000007P   1643
-0.1590812029266169D0,0.06426855823220892D0,                     0000007P   1644
0.6753330632270685D0,-0.1590812175941091D0,                      0000007P   1645
0.06664064499675548D0,0.6601692592184837D0,                      0000007P   1646
-0.1590812324319482D0,0.06898039843849124D0,                     0000007P   1647
0.6450059323224194D0,-0.1590812475073494D0,                      0000007P   1648
0.07130110972538697D0,0.6298391196463283D0,-0.159081261462155D0, 0000007P   1649
0.07373032295445317D0,0.6146692042923975D0,                      0000007P   1650
-0.1590812744500038D0,0.07625484583999259D0,                     0000007P   1651
0.5995000054525578D0,-0.1590812876513248D0,                      0000007P   1652
0.07875713459007622D0,0.584331043234191D0,-0.1590813009657147D0, 0000007P   1653
0.08125305022550988D0,0.56915633755351D0,-0.159081312017789D0,   0000007P   1654
0.08390905986419533D0,0.5539827042768251D0,                      0000007P   1655
-0.1590813235292394D0,0.08652767059676672D0,0.538810524846471D0, 0000007P   1656
-0.1590813354655D0,0.08913578295054271D0,0.5236314576267961D0,   0000007P   1657
-0.1590813452431441D0,0.09182328772561407D0,                     0000007P   1658
0.5084521563720203D0,-0.1590813549858098D0,0.094510608936156D0,  0000007P   1659
0.4932739308962932D0,-0.1590813649140849D0,                      0000007P   1660
0.09719792062980595D0,0.4780916363394735D0,                      0000007P   1661
-0.1590813741349013D0,0.09988545395555323D0,                     0000007P   1662
0.4629032392210433D0,-0.1590813822779085D0,0.1025752982253203D0, 0000007P   1663
0.4477156290852294D0,-0.1590813906012613D0,0.1052598211755672D0, 0000007P   1664
0.4325309735805599D0,-0.1590813992810413D0,0.1079633184598749D0, 0000007P   1665
0.4173284186327557D0,-0.1590814056844009D0,0.1105664680655958D0, 0000007P   1666
0.4021295285351583D0,-0.1590814126088794D0,0.1131866137414364D0, 0000007P   1667
0.3869338784798669D0,-0.1590814197253022D0,0.1158391228153851D0, 0000007P   1668
0.3717216034051461D0,-0.1590814255528292D0,0.1183451822267814D0, 0000007P   1669
0.3565064092911147D0,-0.1590814311576416D0,0.1208249065644735D0, 0000007P   1670
0.3412935915227088D0,-0.1590814369105184D0,0.1233293030310465D0, 0000007P   1671
0.3260741874111122D0,-0.1590814422938524D0,0.1257613460558003D0, 0000007P   1672
0.3108382523837772D0,-0.1590814467538869D0,0.1280128063870088D0, 0000007P   1673
0.2956046003838683D0,-0.1590814513581225D0,0.1302845585518745D0, 0000007P   1674
0.280378347189992D0,-0.1590814563088528D0,0.1326557260756573D0,  0000007P   1675
0.2651183018138342D0,-0.1590814596374957D0,0.134583823710244D0,  0000007P   1676
0.2498659370201056D0,-0.1590814633412742D0,0.1366088464155441D0, 0000007P   1677
0.2346166420789432D0,-0.1590814671665985D0,0.1386892387271874D0, 0000007P   1678
0.219347387145085D0,-0.1590814701306034D0,0.1404512275427445D0,  0000007P   1679
0.2040722796248869D0,-0.1590814728406696D0,0.1421191756423336D0, 0000007P   1680
0.1887999949310115D0,-0.1590814756720503D0,0.1438376795296508D0, 0000007P   1681
0.1735222715181867D0,-0.1590814782721117D0,0.1454480009820234D0, 0000007P   1682
0.1582262353242018D0,-0.1590814800927803D0,0.1466949636335216D0, 0000007P   1683
0.1429333884313837D0,-0.1590814820526552D0,0.1479922435286916D0, 0000007P   1684
0.1276460971150583D0,-0.1590814842350979D0,0.1494516132500479D0, 0000007P   1685
0.1123333941915957D0,-0.1590814853880627D0,0.1502123064229878D0, 0000007P   1686
0.09702671372264357D0,-0.1590814867668356D0,                     0000007P   1687
0.1511272178592744D0,0.08172081668794223D0,                      0000007P   1688
-0.1590814882499206D0,0.152109118963971D0,0.06640576346172869D0, 0000007P   1689
-0.1590814890899488D0,0.1526688431316807D0,0.0510877779026009D0, 0000007P   1690
-0.1590814897229064D0,0.1530922233201354D0,                      0000007P   1691
0.03577079805056151D0,-0.1590814904556994D0,                     0000007P   1692
0.1535817726360423D0,0.02045272770308183D0,                      0000007P   1693
-0.1590814909962221D0,0.1539429894213956D0,                      0000007P   1694
0.005131292213362161D0,-0.1590814908509205D0,                    0000007P   1695
0.1538458881350102D0,-0.01018923069541126D0,                     0000007P   1696
-0.1590814908916047D0,0.153873076495198D0,                       0000007P   1697
-0.02040310275562399D0,-0.1590814908799809D0,                    0000007P   1698
0.1538653083922875D0,-0.02551000076152427D0,                     0000007P   1699
-0.1590814908819181D0,0.1538666030761057D0,0.8418369992384751D0, 0000007P   1700
-0.1615527493539172D0,0.03885169580953966D0,                     0000007P   1701
0.8368004355604902D0,-0.1615527460137553D0,                      0000007P   1702
0.03937118247281979D0,0.8267279024685111D0,                      0000007P   1703
-0.1615527393344102D0,0.0404062137528028D0,0.811616874340584D0,  0000007P   1704
-0.161552729311723D0,0.04197354334744172D0,0.7965129773805166D0, 0000007P   1705
-0.1615527193007781D0,0.04349356838315478D0,                     0000007P   1706
0.7813827842389697D0,-0.1615527092465337D0,                      0000007P   1707
0.04518802897990687D0,0.7662419214831716D0,                      0000007P   1708
-0.1615526991788589D0,0.0469539591190506D0,0.7511043091012802D0, 0000007P   1709
-0.1615526891024831D0,0.04869597579647891D0,                     0000007P   1710
0.7359643648380095D0,-0.1615526790743431D0,                      0000007P   1711
0.05046217677837721D0,0.72080554795156D0,-0.1615526695921702D0,  0000007P   1712
0.05245029485696606D0,0.705650902183231D0,-0.1615526600334586D0, 0000007P   1713
0.05439662958079216D0,0.6904984445655963D0,                      0000007P   1714
-0.1615526502349346D0,0.05628818062697852D0,                     0000007P   1715
0.6753330632270682D0,-0.1615526414721999D0,                      0000007P   1716
0.05844064973848664D0,0.6601692592184826D0,-0.161552632607696D0, 0000007P   1717
0.06056295499741747D0,0.6450059323224193D0,                      0000007P   1718
-0.1615526236012661D0,0.06266776087402508D0,                     0000007P   1719
0.6298391196463282D0,-0.1615526152643085D0,                      0000007P   1720
0.06487272813250275D0,0.6146692042923961D0,-0.161552607505036D0, 0000007P   1721
0.06716569826189796D0,0.5995000054525584D0,                      0000007P   1722
-0.1615525996182295D0,0.06943815508000922D0,                     0000007P   1723
0.5843310432341902D0,-0.1615525916638728D0,                      0000007P   1724
0.07170466227233874D0,0.5691563375535099D0,                      0000007P   1725
-0.1615525850610813D0,0.07411980565495346D0,                     0000007P   1726
0.5539827042768245D0,-0.1615525781838466D0,                      0000007P   1727
0.07650025417970274D0,0.5388105248464715D0,                      0000007P   1728
-0.1615525710528197D0,0.07887084594562821D0,                     0000007P   1729
0.5236314576267953D0,-0.1615525652114054D0,                      0000007P   1730
0.08131555960471479D0,0.5084521563720206D0,                      0000007P   1731
-0.1615525593908879D0,0.08376012258766165D0,                     0000007P   1732
0.4932739308962926D0,-0.1615525534594828D0,                      0000007P   1733
0.08620458500368217D0,0.4780916363394731D0,                      0000007P   1734
-0.1615525479507314D0,0.08864960036354801D0,                     0000007P   1735
0.4629032392210429D0,-0.161552543085891D0,0.09109724170848298D0, 0000007P   1736
0.4477156290852292D0,-0.1615525381133073D0,                      0000007P   1737
0.09353998414416162D0,0.4325309735805594D0,-0.161552532927785D0, 0000007P   1738
0.09599969623179627D0,0.4173284186327549D0,                      0000007P   1739
-0.1615525291022543D0,0.09836984565634957D0,0.402129528535158D0, 0000007P   1740
-0.161552524965394D0,0.1007549941564618D0,0.3869338784798663D0,  0000007P   1741
-0.1615525207138611D0,0.1031697090174202D0,0.3717216034051458D0, 0000007P   1742
-0.1615525172323477D0,0.1054511593594349D0,0.3565064092911145D0, 0000007P   1743
-0.1615525138838895D0,0.1077086715077051D0,0.3412935915227084D0, 0000007P   1744
-0.161552510446974D0,0.109988586830124D0,0.326074187411112D0,    0000007P   1745
-0.1615525072308326D0,0.112202827649692D0,0.3108382523837769D0,  0000007P   1746
-0.1615525045662942D0,0.1142532094926541D0,0.2956046003838682D0, 0000007P   1747
-0.1615525018156061D0,0.1163219024314445D0,0.2803783471899915D0, 0000007P   1748
-0.1615524988579133D0,0.1184812099635277D0,0.2651183018138345D0, 0000007P   1749
-0.161552496869297D0,0.120236866916178D0,0.2498659370201052D0,   0000007P   1750
-0.1615524946565652D0,0.1220808392221421D0,0.2346166420789432D0, 0000007P   1751
-0.1615524923712186D0,0.123975200694284D0,0.2193473871450847D0,  0000007P   1752
-0.1615524906004465D0,0.1255796901484011D0,0.2040722796248869D0, 0000007P   1753
-0.1615524889813837D0,0.127098563088258D0,0.1887999949310113D0,  0000007P   1754
-0.1615524872898445D0,0.1286634614452532D0,0.1735222715181868D0, 0000007P   1755
-0.1615524857365014D0,0.1301298746479543D0,0.1582262353242013D0, 0000007P   1756
-0.1615524846487875D0,0.1312655106331008D0,0.1429333884313839D0, 0000007P   1757
-0.1615524834779081D0,0.1324469350666609D0,0.1276460971150581D0, 0000007P   1758
-0.1615524821740611D0,0.1337759829241205D0,0.1123333941915956D0, 0000007P   1759
-0.1615524814852503D0,0.1344687486375688D0,                      0000007P   1760
0.09702671372264356D0,-0.1615524806615364D0,                     0000007P   1761
0.1353019793282936D0,0.08172081668794214D0,                      0000007P   1762
-0.1615524797755034D0,0.1361961415230474D0,                      0000007P   1763
0.06640576346172868D0,-0.1615524792736492D0,                     0000007P   1764
0.1367061127244089D0,0.05108777790260084D0,-0.161552478895504D0, 0000007P   1765
0.1370919906713761D0,0.03577079805056155D0,                      0000007P   1766
-0.1615524784577149D0,0.1375381276781651D0,                      0000007P   1767
0.02045272770308178D0,-0.1615524781347927D0,                     0000007P   1768
0.1378673217000616D0,0.00513129221336216D0,                      0000007P   1769
-0.1615524782215997D0,0.1377788286834227D0,                      0000007P   1770
-0.01018923069541125D0,-0.161552478197294D0,                     0000007P   1771
0.1378036067280816D0,-0.02040310275562396D0,                     0000007P   1772
-0.1615524782042382D0,0.1377965272867504D0,                      0000007P   1773
-0.02551000076152425D0,-0.1615524782030809D0,                    0000007P   1774
0.137797707193639D0,0.8418369992384759D0,-0.1637741696461353D0,  0000007P   1775
0.03314475571699226D0,0.8368004355604918D0,                      0000007P   1776
-0.1637741494416215D0,0.03360343977628228D0,                     0000007P   1777
0.8267279024685111D0,-0.1637741090385122D0,                      0000007P   1778
0.03451719784259268D0,0.8116168743405846D0,                      0000007P   1779
-0.1637740484116526D0,0.03590137263806983D0,                     0000007P   1780
0.7965129773805172D0,-0.1637739878558212D0,                      0000007P   1781
0.03724222680630952D0,0.78138278423897D0,-0.163773927038071D0,   0000007P   1782
0.03874282578748772D0,0.7662419214831714D0,                      0000007P   1783
-0.1637738661390847D0,0.04030886570883833D0,                     0000007P   1784
0.7511043091012811D0,-0.1637738051874623D0,                      0000007P   1785
0.04185303847412045D0,0.7359643648380096D0,                      0000007P   1786
-0.1637737445276188D0,0.04341923892350422D0,                     0000007P   1787
0.7208055479515599D0,-0.1637736871703093D0,                      0000007P   1788
0.04518738245019532D0,0.7056509021832319D0,                      0000007P   1789
-0.1637736293500212D0,0.04691740784579861D0,                     0000007P   1790
0.6904984445655965D0,-0.1637735700791142D0,                      0000007P   1791
0.04859796268844592D0,0.6753330632270682D0,                      0000007P   1792
-0.1637735170736601D0,0.05051451787400492D0,                     0000007P   1793
0.6601692592184838D0,-0.1637734634526065D0,                      0000007P   1794
0.05240381964903888D0,0.6450059323224194D0,                      0000007P   1795
-0.1637734089730495D0,0.0542771883025687D0,0.6298391196463277D0, 0000007P   1796
-0.1637733585431058D0,0.0562415428526402D0,0.6146692042923976D0, 0000007P   1797
-0.1637733116075546D0,0.05828582474576157D0,                     0000007P   1798
0.5995000054525582D0,-0.1637732639005579D0,                      0000007P   1799
0.06031148147328136D0,0.5843310432341903D0,                      0000007P   1800
-0.1637732157849505D0,0.06233171152015735D0,                     0000007P   1801
0.5691563375535105D0,-0.1637731758449124D0,                      0000007P   1802
0.06448719587258663D0,0.5539827042768245D0,                      0000007P   1803
-0.1637731342447769D0,0.06661107116317654D0,                     0000007P   1804
0.5388105248464714D0,-0.1637730911094609D0,                      0000007P   1805
0.06872612839557057D0,0.5236314576267956D0,-0.163773055774964D0, 0000007P   1806
0.07090806692258746D0,0.5084521563720206D0,                      0000007P   1807
-0.1637730205668717D0,0.07308992153102588D0,                     0000007P   1808
0.4932739308962927D0,-0.1637729846880235D0,0.0752715100146803D0, 0000007P   1809
0.4780916363394734D0,-0.1637729513657933D0,                      0000007P   1810
0.07745424691604945D0,0.4629032392210432D0,                      0000007P   1811
-0.1637729219385541D0,0.07964037426472247D0,                     0000007P   1812
0.4477156290852293D0,-0.163772891859582D0,0.08182182418409793D0, 0000007P   1813
0.4325309735805598D0,-0.1637728604925507D0,                      0000007P   1814
0.08401859337335968D0,0.4173284186327557D0,                      0000007P   1815
-0.1637728373520596D0,0.08613489541345226D0,                     0000007P   1816
0.4021295285351584D0,-0.1637728123283456D0,                      0000007P   1817
0.08826479474766759D0,0.3869338784798666D0,                      0000007P   1818
-0.1637727866109827D0,0.09042077205456059D0,0.371721603405146D0, 0000007P   1819
-0.1637727655514377D0,0.09245884017662044D0,                     0000007P   1820
0.3565064092911148D0,-0.1637727452967393D0,                      0000007P   1821
0.09447568408808971D0,0.3412935915227087D0,                      0000007P   1822
-0.1637727245069654D0,0.096512477589561D0,0.3260741874111121D0,  0000007P   1823
-0.1637727050526474D0,0.09849069694161558D0,                     0000007P   1824
0.3108382523837773D0,-0.1637726889349532D0,0.1003227896929518D0, 0000007P   1825
0.2956046003838686D0,-0.1637726722961444D0,0.1021711209483344D0, 0000007P   1826
0.2803783471899918D0,-0.1637726544051712D0,0.1041006247882492D0, 0000007P   1827
0.2651183018138343D0,-0.1637726423761051D0,0.1056687147758537D0, 0000007P   1828
0.2498659370201055D0,-0.1637726289913733D0,0.107315958226191D0,  0000007P   1829
0.2346166420789433D0,-0.1637726151673977D0,0.1090080016779071D0, 0000007P   1830
0.2193473871450849D0,-0.1637726044560624D0,0.1104416916613753D0, 0000007P   1831
0.2040722796248869D0,-0.1637725946624124D0,0.1117990368947858D0, 0000007P   1832
0.1887999949310116D0,-0.1637725844303556D0,0.1131974807463806D0, 0000007P   1833
0.1735222715181868D0,-0.1637725750342408D0,0.1145078748752965D0, 0000007P   1834
0.1582262353242015D0,-0.1637725684547D0,0.1155224605811989D0,    0000007P   1835
0.1429333884313838D0,-0.1637725613720947D0,0.1165780398888524D0, 0000007P   1836
0.1276460971150581D0,-0.1637725534851727D0,0.1177654532125153D0, 0000007P   1837
0.1123333941915957D0,-0.163772549318583D0,0.1183845368703895D0,  0000007P   1838
0.09702671372264354D0,-0.1637725443359668D0,                     0000007P   1839
0.1191290824393486D0,0.08172081668794223D0,                      0000007P   1840
-0.1637725389763869D0,0.1199280599030132D0,                      0000007P   1841
0.06640576346172866D0,-0.1637725359406887D0,                     0000007P   1842
0.1203838478767708D0,0.05108777790260088D0,                      0000007P   1843
-0.1637725336533035D0,0.1207287816778076D0,                      0000007P   1844
0.03577079805056152D0,-0.1637725310051331D0,0.121127560377357D0, 0000007P   1845
0.02045272770308181D0,-0.1637725290517892D0,0.121421813655576D0, 0000007P   1846
0.005131292213362166D0,-0.1637725295768817D0,                    0000007P   1847
0.1213427133119688D0,-0.01018923069541126D0,                     0000007P   1848
-0.1637725294298557D0,0.1213648614081787D0,                      0000007P   1849
-0.02040310275562399D0,-0.1637725294718633D0,                    0000007P   1850
0.1213585333806902D0,-0.02551000076152426D0,                     0000007P   1851
-0.1637725294648618D0,0.1213595880519383D0,0.8418369992384757D0, 0000007P   1852
-0.1657807676667144D0,0.02777324523746443D0,                     0000007P   1853
0.8368004355604913D0,-0.1657808087339178D0,                      0000007P   1854
0.02816948852176389D0,0.8267279024685111D0,                      0000007P   1855
-0.1657808908562942D0,0.02895876586655864D0,                     0000007P   1856
0.8116168743405842D0,-0.1657810140849745D0,                      0000007P   1857
0.03015471647301642D0,0.7965129773805165D0,                      0000007P   1858
-0.1657811371692835D0,0.03131215639382415D0,                     0000007P   1859
0.7813827842389701D0,-0.1657812607859621D0,0.0326116044679663D0, 0000007P   1860
0.7662419214831714D0,-0.1657813845677601D0,                      0000007P   1861
0.03396922436097276D0,0.7511043091012807D0,                      0000007P   1862
-0.1657815084565444D0,0.03530741567833317D0,                     0000007P   1863
0.7359643648380094D0,-0.1657816317522664D0,0.0366651494794135D0, 0000007P   1864
0.7208055479515604D0,-0.1657817483353376D0,                      0000007P   1865
0.03820203350901461D0,0.7056509021832319D0,                      0000007P   1866
-0.1657818658594487D0,0.03970502553862261D0,                     0000007P   1867
0.6904984445655967D0,-0.1657819863320514D0,                      0000007P   1868
0.04116443533968225D0,0.6753330632270683D0,                      0000007P   1869
-0.1657820940696477D0,0.04283206605492852D0,                     0000007P   1870
0.6601692592184828D0,-0.1657822030584964D0,0.0444756677226814D0, 0000007P   1871
0.6450059323224194D0,-0.1657823137923184D0,                      0000007P   1872
0.04610515665381641D0,0.6298391196463281D0,                      0000007P   1873
-0.1657824162949947D0,0.04781512557891632D0,0.614669204292397D0, 0000007P   1874
-0.1657825116950539D0,0.04959579007788896D0,                     0000007P   1875
0.5995000054525581D0,-0.1657826086631343D0,                      0000007P   1876
0.05135997080124992D0,0.5843310432341912D0,                      0000007P   1877
-0.1657827064617468D0,0.05311939105318525D0,                     0000007P   1878
0.5691563375535095D0,-0.1657827876428968D0,                      0000007P   1879
0.05499798376570052D0,0.5539827042768247D0,                      0000007P   1880
-0.1657828721983199D0,0.05684876177310887D0,                     0000007P   1881
0.5388105248464712D0,-0.1657829598741134D0,0.0586916261403652D0, 0000007P   1882
0.5236314576267959D0,-0.1657830316941521D0,                      0000007P   1883
0.06059395977333613D0,0.5084521563720202D0,                      0000007P   1884
-0.1657831032572639D0,0.06249622482083796D0,0.493273930896293D0, 0000007P   1885
-0.1657831761837374D0,0.06439821198572111D0,                     0000007P   1886
0.4780916363394734D0,-0.1657832439136918D0,0.066301379266548D0,  0000007P   1887
0.4629032392210429D0,-0.1657833037267818D0,                      0000007P   1888
0.06820776650307056D0,0.4477156290852295D0,                      0000007P   1889
-0.1657833648645688D0,0.07011005448942502D0,                     0000007P   1890
0.4325309735805595D0,-0.1657834286204329D0,                      0000007P   1891
0.07202551952075613D0,0.4173284186327553D0,                      0000007P   1892
-0.1657834756552323D0,0.07387186698401776D0,0.402129528535158D0, 0000007P   1893
-0.1657835265178246D0,0.07572978262764855D0,                     0000007P   1894
0.3869338784798666D0,-0.1657835787903103D0,                      0000007P   1895
0.07761054311787262D0,0.3717216034051461D0,                      0000007P   1896
-0.1657836215954294D0,0.07938835604135393D0,                     0000007P   1897
0.3565064092911144D0,-0.1657836627646362D0,                      0000007P   1898
0.08114765623535865D0,0.3412935915227086D0,                      0000007P   1899
-0.1657837050214248D0,0.08292433824155555D0,                     0000007P   1900
0.3260741874111123D0,-0.1657837445637984D0,                      0000007P   1901
0.08465000572845968D0,0.3108382523837769D0,-0.165783777324231D0, 0000007P   1902
0.08624841831745859D0,0.2956046003838683D0,-0.165783811143869D0, 0000007P   1903
0.08786095749855516D0,0.2803783471899917D0,                      0000007P   1904
-0.1657838475086255D0,0.0895442452091669D0,0.2651183018138343D0, 0000007P   1905
-0.1657838719586124D0,0.09091255922476937D0,                     0000007P   1906
0.2498659370201054D0,-0.1657838991640931D0,                      0000007P   1907
0.09234983622146223D0,0.2346166420789433D0,                      0000007P   1908
-0.1657839272623693D0,0.09382623498880313D0,                     0000007P   1909
0.2193473871450849D0,-0.1657839490339688D0,                      0000007P   1910
0.09507718369246129D0,0.2040722796248868D0,                      0000007P   1911
-0.1657839689403034D0,0.09626152101131925D0,                     0000007P   1912
0.1887999949310115D0,-0.1657839897377334D0,                      0000007P   1913
0.09748170021197677D0,0.1735222715181868D0,                      0000007P   1914
-0.1657840088360476D0,0.09862512327023611D0,                     0000007P   1915
0.1582262353242015D0,-0.1657840222094623D0,                      0000007P   1916
0.09951073414979203D0,0.1429333884313839D0,                      0000007P   1917
-0.1657840366053931D0,0.1004320024310896D0,0.1276460971150581D0, 0000007P   1918
-0.165784052636159D0,0.101468453284124D0,0.1123333941915957D0,   0000007P   1919
-0.1657840611050681D0,0.1020085164484694D0,                      0000007P   1920
0.09702671372264363D0,-0.1657840712326122D0,                     0000007P   1921
0.1026581719398687D0,0.08172081668794214D0,                      0000007P   1922
-0.1657840821263642D0,0.1033553213410354D0,                      0000007P   1923
0.06640576346172872D0,-0.1657840882966498D0,                     0000007P   1924
0.1037529027760778D0,0.05108777790260088D0,-0.165784092945934D0, 0000007P   1925
0.1040537227322933D0,0.03577079805056155D0,-0.16578409832854D0,  0000007P   1926
0.1044015251428131D0,0.02045272770308179D0,                      0000007P   1927
-0.1657841022988597D0,0.1046581592149434D0,                      0000007P   1928
0.005131292213362166D0,-0.1657841012315694D0,                    0000007P   1929
0.1045891715611448D0,-0.01018923069541126D0,                     0000007P   1930
-0.1657841015304108D0,0.1046084881042085D0,                      0000007P   1931
-0.02040310275562397D0,-0.1657841014450275D0,                    0000007P   1932
0.1046029690919045D0,-0.02551000076152426D0,                     0000007P   1933
-0.1657841014592581D0,0.1046038889272885D0,0.8418369992384757D0, 0000007P   1934
-0.1676214939721043D0,0.02265581359077619D0,                     0000007P   1935
0.8368004355604912D0,-0.1676215419214135D0,                      0000007P   1936
0.02298836809513682D0,0.8267279024685111D0,                      0000007P   1937
-0.1676216378059849D0,0.02365071733390494D0,                     0000007P   1938
0.8116168743405845D0,-0.1676217816855186D0,                      0000007P   1939
0.02465459032938156D0,0.7965129773805174D0,                      0000007P   1940
-0.1676219253964869D0,0.02562534608541975D0,                     0000007P   1941
0.7813827842389696D0,-0.16762206972904D0,0.02671822166188735D0,  0000007P   1942
0.7662419214831715D0,-0.1676222142543844D0,                      0000007P   1943
0.02786112118930749D0,0.7511043091012811D0,                      0000007P   1944
-0.1676223589046424D0,0.02898731607077017D0,                     0000007P   1945
0.7359643648380096D0,-0.1676225028624529D0,                      0000007P   1946
0.03013030558511024D0,0.7208055479515599D0,                      0000007P   1947
-0.1676226389826961D0,0.0314272829214181D0,0.7056509021832312D0, 0000007P   1948
-0.1676227762016799D0,0.0326950813704307D0,0.6904984445655967D0, 0000007P   1949
-0.1676229168632682D0,0.03392560754665649D0,                     0000007P   1950
0.6753330632270679D0,-0.1676230426556979D0,                      0000007P   1951
0.03533440170132471D0,0.6601692592184831D0,                      0000007P   1952
-0.1676231699090668D0,0.03672262700932942D0,                     0000007P   1953
0.6450059323224194D0,-0.1676232991998346D0,                      0000007P   1954
0.03809876105203765D0,0.6298391196463281D0,                      0000007P   1955
-0.1676234188800683D0,0.03954382900259516D0,0.614669204292397D0, 0000007P   1956
-0.1676235302674173D0,0.04104945340437108D0,                     0000007P   1957
0.5995000054525578D0,-0.167623643485559D0,0.04254094594558721D0, 0000007P   1958
0.5843310432341899D0,-0.1676237576734144D0,                      0000007P   1959
0.04402840947782405D0,0.5691563375535105D0,                      0000007P   1960
-0.1676238524590276D0,0.04561739079546794D0,                     0000007P   1961
0.5539827042768244D0,-0.1676239511843794D0,0.04718273062676D0,   0000007P   1962
0.5388105248464713D0,-0.1676240535530183D0,                      0000007P   1963
0.04874111861805181D0,0.5236314576267959D0,                      0000007P   1964
-0.1676241374087706D0,0.050350955455697D0,0.5084521563720202D0,  0000007P   1965
-0.1676242209645398D0,0.0519607263280978D0,0.4932739308962926D0, 0000007P   1966
-0.1676243061121448D0,0.05357025458088056D0,                     0000007P   1967
0.4780916363394735D0,-0.1676243851923897D0,                      0000007P   1968
0.05518081927738001D0,0.4629032392210429D0,                      0000007P   1969
-0.1676244550290504D0,0.05679414479150777D0,                     0000007P   1970
0.4477156290852293D0,-0.1676245264124025D0,                      0000007P   1971
0.05840405322620529D0,0.4325309735805595D0,-0.167624600852573D0, 0000007P   1972
0.06002486916099534D0,0.4173284186327553D0,-0.167624655769537D0, 0000007P   1973
0.06158848767273867D0,0.4021295285351583D0,                      0000007P   1974
-0.1676247151557614D0,0.06316151892477644D0,                     0000007P   1975
0.3869338784798666D0,-0.1676247761881514D0,                      0000007P   1976
0.06475409663868299D0,0.3717216034051462D0,                      0000007P   1977
-0.1676248261666186D0,0.06625907576482007D0,                     0000007P   1978
0.3565064092911145D0,-0.1676248742350249D0,                      0000007P   1979
0.06774833667136748D0,0.3412935915227087D0,                      0000007P   1980
-0.1676249235732719D0,0.06925230607282051D0,                     0000007P   1981
0.3260741874111122D0,-0.1676249697422175D0,                      0000007P   1982
0.07071315971424114D0,0.3108382523837772D0,                      0000007P   1983
-0.1676250079926941D0,0.07206647094646523D0,                     0000007P   1984
0.2956046003838684D0,-0.1676250474798797D0,                      0000007P   1985
0.07343173203683243D0,0.2803783471899918D0,                      0000007P   1986
-0.1676250899386985D0,0.07485673610382354D0,                     0000007P   1987
0.2651183018138344D0,-0.1676251184860524D0,                      0000007P   1988
0.07601574035596662D0,0.2498659370201053D0,                      0000007P   1989
-0.1676251502506693D0,0.07723293054350444D0,                     0000007P   1990
0.2346166420789433D0,-0.1676251830576985D0,                      0000007P   1991
0.07848337680431142D0,0.2193473871450847D0,-0.167625208477816D0, 0000007P   1992
0.07954261283664672D0,0.204072279624887D0,-0.1676252317200855D0, 0000007P   1993
0.08054538015906275D0,0.1887999949310115D0,                      0000007P   1994
-0.1676252560027807D0,0.08157849126881712D0,                     0000007P   1995
0.1735222715181869D0,-0.16762527830162D0,0.08254669593913763D0,  0000007P   1996
0.1582262353242014D0,-0.1676252939161724D0,                      0000007P   1997
0.08329697205616866D0,0.1429333884313838D0,                      0000007P   1998
-0.1676253107245955D0,0.08407730980696775D0,                     0000007P   1999
0.1276460971150582D0,-0.1676253294418222D0,                      0000007P   2000
0.08495532957598366D0,0.1123333941915956D0,                      0000007P   2001
-0.1676253393299641D0,0.08541255963836442D0,                     0000007P   2002
0.09702671372264353D0,-0.1676253511546979D0,                     0000007P   2003
0.08596269832174357D0,0.08172081668794223D0,                     0000007P   2004
-0.1676253638740417D0,0.08655307088203286D0,                     0000007P   2005
0.06640576346172868D0,-0.1676253710783532D0,                     0000007P   2006
0.08688959931368322D0,0.05108777790260084D0,                     0000007P   2007
-0.1676253765067717D0,0.08714414090742147D0,                     0000007P   2008
0.03577079805056155D0,-0.1676253827914033D0,                     0000007P   2009
0.08743846848092306D0,0.02045272770308183D0,                     0000007P   2010
-0.1676253874270752D0,0.08765563897328317D0,                     0000007P   2011
0.005131292213362156D0,-0.167625386180927D0,                     0000007P   2012
0.08759725980867022D0,-0.01018923069541124D0,                    0000007P   2013
-0.1676253865298483D0,0.08761360597476187D0,                     0000007P   2014
-0.020403102755624D0,-0.1676253864301566D0,                      0000007P   2015
0.08760893564159278D0,-0.02551000076152426D0,                    0000007P   2016
-0.1676253864467718D0,0.08760971403045434D0,                     0000007P   2017
0.8418369992384755D0,-0.1693314333130096D0,                      0000007P   2018
0.01772964833401517D0,0.8368004355604909D0,                      0000007P   2019
-0.1693312890404286D0,0.01799755312569298D0,0.826727902468511D0, 0000007P   2020
-0.1693310005375325D0,0.01853108444210958D0,                     0000007P   2021
0.8116168743405846D0,-0.1693305676246913D0,0.0193399249177558D0, 0000007P   2022
0.7965129773805161D0,-0.1693301352190396D0,                      0000007P   2023
0.02012142619013382D0,0.7813827842389703D0,                      0000007P   2024
-0.1693297009431278D0,0.02100374077456323D0,                     0000007P   2025
0.7662419214831709D0,-0.169329266087136D0,0.02192734862908113D0, 0000007P   2026
0.7511043091012802D0,-0.1693288308552952D0,0.0228371761607464D0, 0000007P   2027
0.7359643648380094D0,-0.1693283977069311D0,                      0000007P   2028
0.02376083171373353D0,0.7208055479515603D0,                      0000007P   2029
-0.1693279881406803D0,0.02481118211277526D0,                     0000007P   2030
0.7056509021832319D0,-0.1693275752684766D0,                      0000007P   2031
0.02583752682336786D0,0.6904984445655959D0,-0.169327152037971D0, 0000007P   2032
0.02683319944170227D0,0.6753330632270683D0,                      0000007P   2033
-0.1693267735466267D0,0.02797556611751859D0,                     0000007P   2034
0.6601692592184835D0,-0.169326390659526D0,0.02910099438082252D0, 0000007P   2035
0.6450059323224194D0,-0.1693260016421856D0,                      0000007P   2036
0.03021652160409222D0,0.6298391196463277D0,                      0000007P   2037
-0.1693256415415605D0,0.0313885914000114D0,0.6146692042923975D0, 0000007P   2038
-0.1693253063930341D0,0.03261033710605069D0,0.599500005452558D0, 0000007P   2039
-0.1693249657359156D0,0.03382049150558327D0,                     0000007P   2040
0.5843310432341909D0,-0.1693246221610676D0,                      0000007P   2041
0.03502733522102261D0,0.5691563375535096D0,                      0000007P   2042
-0.1693243369647786D0,0.03631752755542351D0,                     0000007P   2043
0.5539827042768251D0,-0.1693240399143819D0,                      0000007P   2044
0.03758831363299545D0,0.5388105248464707D0,                      0000007P   2045
-0.1693237319018581D0,0.03885337611892198D0,                     0000007P   2046
0.5236314576267959D0,-0.16932347959195D0,0.04016073922825884D0,  0000007P   2047
0.5084521563720199D0,-0.1693232281846477D0,                      0000007P   2048
0.04146806430479328D0,0.4932739308962932D0,                      0000007P   2049
-0.1693229719877402D0,0.04277512722525773D0,                     0000007P   2050
0.4780916363394734D0,-0.1693227340466472D0,                      0000007P   2051
0.04408327680280441D0,0.4629032392210428D0,                      0000007P   2052
-0.1693225239181712D0,0.04539405334956328D0,                     0000007P   2053
0.4477156290852289D0,-0.1693223091359228D0,                      0000007P   2054
0.04670195970258806D0,0.4325309735805598D0,                      0000007P   2055
-0.1693220851561469D0,0.04801871986133713D0,                     0000007P   2056
0.4173284186327551D0,-0.1693219199188935D0,                      0000007P   2057
0.04928919066582424D0,0.4021295285351581D0,                      0000007P   2058
-0.1693217412342785D0,0.05056726588158672D0,                     0000007P   2059
0.3869338784798667D0,-0.1693215575965875D0,                      0000007P   2060
0.05186121280651002D0,0.3717216034051457D0,                      0000007P   2061
-0.1693214072185616D0,0.05308406848351446D0,                     0000007P   2062
0.3565064092911146D0,-0.1693212625876346D0,                      0000007P   2063
0.05429417161204091D0,0.3412935915227084D0,                      0000007P   2064
-0.1693211141359395D0,0.05551620161919121D0,                     0000007P   2065
0.3260741874111119D0,-0.1693209752202169D0,                      0000007P   2066
0.05670327666032396D0,0.3108382523837771D0,                      0000007P   2067
-0.1693208601300291D0,0.05780317962823274D0,                     0000007P   2068
0.2956046003838683D0,-0.1693207413187624D0,                      0000007P   2069
0.05891274057916263D0,0.2803783471899916D0,-0.169320613566278D0, 0000007P   2070
0.06007084167123208D0,0.2651183018138341D0,                      0000007P   2071
-0.1693205276713926D0,0.06101287657237049D0,                     0000007P   2072
0.2498659370201056D0,-0.1693204320962248D0,                      0000007P   2073
0.06200215926785607D0,0.2346166420789431D0,                      0000007P   2074
-0.1693203333845886D0,0.06301851697688443D0,                     0000007P   2075
0.2193473871450849D0,-0.1693202568991078D0,0.063879326837394D0,  0000007P   2076
0.2040722796248867D0,-0.1693201869664594D0,                      0000007P   2077
0.06469420656953598D0,0.1887999949310115D0,                      0000007P   2078
-0.1693201139033186D0,0.06553375783488309D0,                     0000007P   2079
0.1735222715181867D0,-0.1693200468093156D0,                      0000007P   2080
0.06632055309577713D0,0.1582262353242016D0,                      0000007P   2081
-0.1693199998273714D0,0.06693020912947055D0,                     0000007P   2082
0.1429333884313838D0,-0.1693199492532417D0,                      0000007P   2083
0.06756432893679859D0,0.127646097115058D0,-0.1693198929357964D0, 0000007P   2084
0.06827773287678909D0,0.1123333941915957D0,                      0000007P   2085
-0.1693198631837982D0,0.06864953651249495D0,                     0000007P   2086
0.09702671372264354D0,-0.1693198276048735D0,                     0000007P   2087
0.06909674479396918D0,0.08172081668794219D0,                     0000007P   2088
-0.1693197893341957D0,0.06957669217572483D0,                     0000007P   2089
0.06640576346172866D0,-0.1693197676574573D0,                     0000007P   2090
0.06985027851058664D0,0.05108777790260088D0,                     0000007P   2091
-0.1693197513241267D0,0.07005721888275762D0,                     0000007P   2092
0.03577079805056154D0,-0.1693197324145735D0,                     0000007P   2093
0.07029650249806509D0,0.0204527277030818D0,                      0000007P   2094
-0.1693197184665024D0,0.07047305910351746D0,                     0000007P   2095
0.005131292213362163D0,-0.1693197222159839D0,                    0000007P   2096
0.0704255976504389D0,-0.01018923069541126D0,                     0000007P   2097
-0.1693197211661292D0,0.07043888685730088D0,                     0000007P   2098
-0.02040310275562397D0,-0.1693197214660875D0,                    0000007P   2099
0.07043508994105462D0,-0.02551000076152426D0,                    0000007P   2100
-0.1693197214160945D0,0.07043572276042895D0,                     0000007P   2101
0.8418369992384759D0,-0.1709028235461302D0,0.0130394985975503D0, 0000007P   2102
0.8368004355604913D0,-0.1709026400670187D0,                      0000007P   2103
0.01324164329106934D0,0.8267279024685116D0,                      0000007P   2104
-0.1709022731625475D0,0.01364417736087188D0,                     0000007P   2105
0.8116168743405845D0,-0.1709017226042721D0,                      0000007P   2106
0.01425456090520905D0,0.7965129773805176D0,                      0000007P   2107
-0.1709011726910162D0,0.01484388064271938D0,                     0000007P   2108
0.7813827842389698D0,-0.1709006203992508D0,                      0000007P   2109
0.01551087316790375D0,0.7662419214831719D0,                      0000007P   2110
-0.1709000673697679D0,0.0162096776965592D0,0.7511043091012811D0, 0000007P   2111
-0.1708995138622968D0,0.01689787478172218D0,                     0000007P   2112
0.7359643648380101D0,-0.1708989630044941D0,                      0000007P   2113
0.01759668963738388D0,0.7208055479515603D0,                      0000007P   2114
-0.1708984421373189D0,0.01839267423492015D0,                     0000007P   2115
0.7056509021832315D0,-0.1708979170657875D0,                      0000007P   2116
0.01917026615495653D0,0.6904984445655965D0,                      0000007P   2117
-0.1708973788210525D0,0.01992425904311798D0,                     0000007P   2118
0.6753330632270683D0,-0.1708968974734876D0,                      0000007P   2119
0.02079104073627903D0,0.6601692592184834D0,                      0000007P   2120
-0.1708964105356058D0,0.02164478413444034D0,                     0000007P   2121
0.6450059323224195D0,-0.1708959158015722D0,                      0000007P   2122
0.02249097030591389D0,0.6298391196463285D0,                      0000007P   2123
-0.1708954578424627D0,0.02338042367913826D0,0.614669204292397D0, 0000007P   2124
-0.170895031616264D0,0.02430789381954105D0,0.599500005452558D0,  0000007P   2125
-0.1708945983844955D0,0.02522649926229042D0,                     0000007P   2126
0.5843310432341906D0,-0.1708941614420951D0,0.026142546728475D0,  0000007P   2127
0.5691563375535104D0,-0.1708937987428125D0,                      0000007P   2128
0.02712266891180737D0,0.5539827042768245D0,                      0000007P   2129
-0.1708934209680302D0,0.02808785718559779D0,                     0000007P   2130
0.5388105248464711D0,-0.1708930292521287D0,                      0000007P   2131
0.02904870638040814D0,0.5236314576267961D0,                      0000007P   2132
-0.1708927083762044D0,0.03004184580068084D0,                     0000007P   2133
0.5084521563720206D0,-0.1708923886481721D0,                      0000007P   2134
0.03103497675104367D0,0.4932739308962929D0,                      0000007P   2135
-0.1708920628289449D0,0.03202783830035125D0,                     0000007P   2136
0.4780916363394734D0,-0.1708917602266062D0,                      0000007P   2137
0.03302178592378994D0,0.4629032392210434D0,                      0000007P   2138
-0.1708914929950523D0,0.03401814743713452D0,                     0000007P   2139
0.4477156290852294D0,-0.1708912198450485D0,                      0000007P   2140
0.03501220222170341D0,0.4325309735805596D0,                      0000007P   2141
-0.1708909349980594D0,0.03601307003146916D0,                     0000007P   2142
0.4173284186327557D0,-0.1708907248570595D0,0.0369784664081745D0, 0000007P   2143
0.4021295285351583D0,-0.1708904976143349D0,                      0000007P   2144
0.03794973758181702D0,0.3869338784798667D0,                      0000007P   2145
-0.1708902640725205D0,0.03893298100077126D0,                     0000007P   2146
0.3717216034051462D0,-0.1708900728287901D0,                      0000007P   2147
0.03986246064154131D0,0.356506409291115D0,-0.1708898888939509D0, 0000007P   2148
0.04078228696164982D0,0.3412935915227087D0,                      0000007P   2149
-0.1708897001000384D0,0.04171115358158459D0,                     0000007P   2150
0.3260741874111123D0,-0.1708895234335279D0,                      0000007P   2151
0.04261351232287575D0,0.3108382523837772D0,                      0000007P   2152
-0.1708893770672182D0,0.043449777881911D0,0.2956046003838685D0,  0000007P   2153
-0.1708892259686131D0,0.04429333003485626D0,                     0000007P   2154
0.2803783471899918D0,-0.1708890634989871D0,                      0000007P   2155
0.04517382899441741D0,0.2651183018138345D0,-0.170888954261895D0, 0000007P   2156
0.04588993592713089D0,0.2498659370201055D0,                      0000007P   2157
-0.1708888327138725D0,0.04664199447762638D0,                     0000007P   2158
0.2346166420789434D0,-0.170888707177037D0,0.04741463858384157D0, 0000007P   2159
0.2193473871450848D0,-0.1708886099063847D0,                      0000007P   2160
0.04806898884939596D0,0.2040722796248869D0,-0.170888520969318D0, 0000007P   2161
0.0486884067677806D0,0.1887999949310115D0,-0.1708884280510372D0, 0000007P   2162
0.0493265939432732D0,0.1735222715181869D0,-0.1708883427240268D0, 0000007P   2163
0.0499246364375039D0,0.1582262353242015D0,-0.1708882829745907D0, 0000007P   2164
0.05038784618654236D0,0.1429333884313838D0,                      0000007P   2165
-0.1708882186567809D0,0.05086973868237633D0,                     0000007P   2166
0.1276460971150583D0,-0.1708881470348918D0,                      0000007P   2167
0.05141173293622014D0,0.1123333941915956D0,                      0000007P   2168
-0.1708881091976939D0,0.05169463741122925D0,                     0000007P   2169
0.0970267137226436D0,-0.1708880639500842D0,                      0000007P   2170
0.05203470929831923D0,0.08172081668794218D0,                     0000007P   2171
-0.1708880152792284D0,0.05239970775172097D0,                     0000007P   2172
0.06640576346172872D0,-0.1708879877117677D0,                     0000007P   2173
0.05260783252779444D0,0.05108777790260088D0,                     0000007P   2174
-0.1708879669398027D0,0.05276529679211166D0,                     0000007P   2175
0.03577079805056154D0,-0.1708879428915188D0,                     0000007P   2176
0.05294735704562684D0,0.02045272770308182D0,                     0000007P   2177
-0.1708879251530153D0,0.05308169385410632D0,                     0000007P   2178
0.005131292213362163D0,-0.17088792992143D0,                      0000007P   2179
0.05304558180881611D0,-0.01018923069541125D0,                    0000007P   2180
-0.170887928586274D0,0.05305569318149734D0,                      0000007P   2181
-0.02040310275562399D0,-0.1708879289677471D0,                    0000007P   2182
0.05305280421787414D0,-0.02551000076152427D0,                    0000007P   2183
-0.1708879289041683D0,0.05305328571181136D0,                     0000007P   2184
0.8418369992384757D0,-0.1723383614342008D0,                      0000007P   2185
0.008611979623545167D0,0.8368004355604913D0,                     0000007P   2186
-0.1723386415284328D0,0.008747187854466799D0,                    0000007P   2187
0.8267279024685114D0,-0.1723392016348418D0,                      0000007P   2188
0.009016419558551189D0,0.8116168743405846D0,                     0000007P   2189
-0.1723400421021636D0,0.009424709956273583D0,                    0000007P   2190
0.7965129773805159D0,-0.1723408815848166D0,                      0000007P   2191
0.009818783260889374D0,0.7813827842389706D0,                     0000007P   2192
-0.1723417246984371D0,0.01026528209633576D0,                     0000007P   2193
0.7662419214831714D0,-0.172342568938238D0,0.01073325156702312D0, 0000007P   2194
0.7511043091012809D0,-0.1723434139077216D0,                      0000007P   2195
0.01119406487452692D0,0.7359643648380096D0,                      0000007P   2196
-0.1723442548322944D0,0.01166203219952392D0,                     0000007P   2197
0.7208055479515604D0,-0.1723450499739887D0,                      0000007P   2198
0.01219542866591841D0,0.7056509021832312D0,                      0000007P   2199
-0.1723458515339387D0,0.01271644935057789D0,                     0000007P   2200
0.6904984445655964D0,-0.1723466732037444D0,0.0132215440207799D0, 0000007P   2201
0.6753330632270681D0,-0.1723474080158737D0,                      0000007P   2202
0.01380271853054683D0,0.6601692592184837D0,                      0000007P   2203
-0.1723481513620296D0,0.01437509296232023D0,0.645005932322419D0, 0000007P   2204
-0.1723489066095791D0,0.01494238936741362D0,                     0000007P   2205
0.6298391196463279D0,-0.1723496057175273D0,                      0000007P   2206
0.01553879795722052D0,0.6146692042923972D0,                      0000007P   2207
-0.1723502563828754D0,0.01616078725889551D0,0.599500005452558D0, 0000007P   2208
-0.172350917742736D0,0.01677681433770776D0,0.5843310432341901D0, 0000007P   2209
-0.1723515847671467D0,0.01739110959610295D0,0.56915633755351D0,  0000007P   2210
-0.1723521384540285D0,0.0180486453479576D0,0.5539827042768247D0, 0000007P   2211
-0.1723527151547589D0,0.01869609661391947D0,                     0000007P   2212
0.5388105248464717D0,-0.1723533131376239D0,                      0000007P   2213
0.01934064532999305D0,0.5236314576267953D0,                      0000007P   2214
-0.1723538029781017D0,0.02000688873151249D0,                     0000007P   2215
0.5084521563720202D0,-0.1723542910662389D0,                      0000007P   2216
0.02067313427900424D0,0.4932739308962928D0,                      0000007P   2217
-0.1723547884530294D0,0.0213391727488499D0,0.4780916363394738D0, 0000007P   2218
-0.1723552503975471D0,0.02200603738330758D0,                     0000007P   2219
0.4629032392210429D0,-0.1723556583459854D0,                      0000007P   2220
0.02267467835285471D0,0.4477156290852293D0,                      0000007P   2221
-0.1723560753293684D0,0.02334172352050154D0,                     0000007P   2222
0.4325309735805598D0,-0.1723565101690516D0,                      0000007P   2223
0.02401337556066018D0,0.4173284186327551D0,                      0000007P   2224
-0.1723568309645989D0,0.02466109713208215D0,                     0000007P   2225
0.4021295285351584D0,-0.1723571778671755D0,                      0000007P   2226
0.02531280257376592D0,0.3869338784798665D0,                      0000007P   2227
-0.1723575343857714D0,0.02597250300313916D0,                     0000007P   2228
0.3717216034051462D0,-0.1723578263332599D0,                      0000007P   2229
0.02659623961149271D0,0.3565064092911144D0,                      0000007P   2230
-0.1723581071231941D0,0.02721351479117697D0,                     0000007P   2231
0.3412935915227086D0,-0.1723583953308576D0,                      0000007P   2232
0.02783684673739559D0,0.3260741874111123D0,                      0000007P   2233
-0.1723586650251578D0,0.02844241304614611D0,                     0000007P   2234
0.3108382523837769D0,-0.1723588884639943D0,                      0000007P   2235
0.02900368838752208D0,0.2956046003838687D0,-0.172359119127024D0, 0000007P   2236
0.02956983272244563D0,0.2803783471899915D0,                      0000007P   2237
-0.1723593671487461D0,0.03016079205055343D0,                     0000007P   2238
0.2651183018138345D0,-0.1723595339071264D0,                      0000007P   2239
0.03064136556231542D0,0.2498659370201053D0,                      0000007P   2240
-0.1723597194590388D0,0.03114608208300886D0,                     0000007P   2241
0.2346166420789433D0,-0.1723599111001651D0,                      0000007P   2242
0.03166461238432242D0,0.2193473871450848D0,                      0000007P   2243
-0.1723600595909031D0,0.03210374455422395D0,0.204072279624887D0, 0000007P   2244
-0.1723601953598158D0,0.03251942886930126D0,                     0000007P   2245
0.1887999949310116D0,-0.1723603372063415D0,                      0000007P   2246
0.03294771461990707D0,0.1735222715181867D0,                      0000007P   2247
-0.1723604674642401D0,0.03334904248322298D0,                     0000007P   2248
0.1582262353242015D0,-0.1723605586761076D0,                      0000007P   2249
0.03365981168606481D0,0.1429333884313838D0,                      0000007P   2250
-0.1723606568619305D0,0.03398315328095179D0,                     0000007P   2251
0.1276460971150582D0,-0.1723607661979628D0,0.0343467639681324D0, 0000007P   2252
0.1123333941915957D0,-0.172360823959202D0,0.03453672589409328D0, 0000007P   2253
0.0970267137226436D0,-0.1723608930329755D0,                      0000007P   2254
0.03476499380546356D0,0.08172081668794218D0,                     0000007P   2255
-0.1723609673325828D0,0.03501000447542141D0,                     0000007P   2256
0.06640576346172866D0,-0.1723610094163203D0,                     0000007P   2257
0.03514973812561949D0,0.05108777790260087D0,                     0000007P   2258
-0.1723610411262384D0,0.0352554748517537D0,                      0000007P   2259
0.03577079805056154D0,-0.1723610778376959D0,                     0000007P   2260
0.03537772166048964D0,0.02045272770308182D0,                     0000007P   2261
-0.1723611049168142D0,0.03546792506288256D0,                     0000007P   2262
0.005131292213362164D0,-0.1723610976374815D0,                    0000007P   2263
0.03544367683643289D0,-0.01018923069541126D0,                    0000007P   2264
-0.1723610996756946D0,0.03545046633983877D0,                     0000007P   2265
-0.02040310275562399D0,-0.1723610990933479D0,                    0000007P   2266
0.03544852648172282D0,-0.02551000076152426D0,                    0000007P   2267
-0.1723610991904057D0,0.0354488497914088D0,0.8418369992384757D0, 0000007P   2268
-0.1736901338476936D0,0.004316852437371177D0,                    0000007P   2269
0.8368004355604911D0,-0.1736908234076563D0,                      0000007P   2270
0.004384486136176458D0,0.826727902468511D0,                      0000007P   2271
-0.1736922023255696D0,0.004519163344178927D0,                    0000007P   2272
0.8116168743405844D0,-0.1736942714599847D0,                      0000007P   2273
0.004723392367212998D0,0.7965129773805176D0,                     0000007P   2274
-0.1736963381702567D0,0.004920539114949872D0,                    0000007P   2275
0.7813827842389697D0,-0.1736984138195553D0,                      0000007P   2276
0.005143801752845165D0,0.7662419214831716D0,                     0000007P   2277
-0.1737004922413817D0,0.005377760139883443D0,                    0000007P   2278
0.751104309101281D0,-0.1737025724596033D0,                       0000007P   2279
0.005608153307874697D0,0.7359643648380106D0,                     0000007P   2280
-0.1737046427197163D0,0.005842111602911106D0,                    0000007P   2281
0.7208055479515602D0,-0.1737066002676205D0,                      0000007P   2282
0.006108678060382343D0,0.705650902183232D0,                      0000007P   2283
-0.1737085736165365D0,0.006369077698359239D0,                    0000007P   2284
0.6904984445655961D0,-0.1737105964736146D0,                      0000007P   2285
0.006621536451878699D0,0.675333063227069D0,                      0000007P   2286
-0.1737124054970305D0,0.006911925562722212D0,                    0000007P   2287
0.6601692592184832D0,-0.1737142355302426D0,                      0000007P   2288
0.007197927860306065D0,0.6450059323224198D0,                     0000007P   2289
-0.173716094863325D0,0.007481396213145756D0,                     0000007P   2290
0.6298391196463287D0,-0.1737178159871297D0,                      0000007P   2291
0.00777938715822175D0,0.6146692042923968D0,                      0000007P   2292
-0.1737194178507944D0,0.008090138745720699D0,                    0000007P   2293
0.5995000054525581D0,-0.1737210460431252D0,                      0000007P   2294
0.008397916227456038D0,0.5843310432341909D0,                     0000007P   2295
-0.1737226881809306D0,0.008704829489822853D0,                    0000007P   2296
0.5691563375535099D0,-0.173724051294703D0,                       0000007P   2297
0.009033317132959436D0,0.5539827042768247D0,                     0000007P   2298
-0.1737254710659383D0,0.009356773890563422D0,                    0000007P   2299
0.5388105248464711D0,-0.1737269432313551D0,                      0000007P   2300
0.009678779809528037D0,0.5236314576267957D0,                     0000007P   2301
-0.1737281491625837D0,0.01001161996858276D0,                     0000007P   2302
0.5084521563720208D0,-0.1737293507797504D0,                      0000007P   2303
0.01034446092949181D0,0.4932739308962932D0,                      0000007P   2304
-0.1737305752891384D0,0.01067719914939019D0,                     0000007P   2305
0.4780916363394731D0,-0.1737317125437034D0,                      0000007P   2306
0.01101034753147693D0,0.462903239221043D0,-0.1737327168660976D0, 0000007P   2307
0.01134437897876815D0,0.4477156290852295D0,                      0000007P   2308
-0.1737337434314927D0,0.01167761507536103D0,                     0000007P   2309
0.4325309735805594D0,-0.1737348139570554D0,                      0000007P   2310
0.01201314950954275D0,0.4173284186327558D0,                      0000007P   2311
-0.1737356037190012D0,0.01233674387915124D0,0.402129528535158D0, 0000007P   2312
-0.1737364577534657D0,0.01266232451579612D0,0.386933878479867D0, 0000007P   2313
-0.173737335461471D0,0.01299190014886867D0,0.371721603405146D0,  0000007P   2314
-0.1737380542027954D0,0.0133035095291942D0,0.3565064092911148D0, 0000007P   2315
-0.173738745475496D0,0.01361189116468741D0,0.3412935915227086D0, 0000007P   2316
-0.1737394550097986D0,0.01392329836754619D0,                     0000007P   2317
0.3260741874111121D0,-0.1737401189663182D0,                      0000007P   2318
0.01422583104577501D0,0.3108382523837772D0,                      0000007P   2319
-0.1737406690471774D0,0.01450623881291656D0,                     0000007P   2320
0.2956046003838683D0,-0.173741236913173D0,0.01478907906196841D0, 0000007P   2321
0.2803783471899922D0,-0.1737418475142845D0,                      0000007P   2322
0.01508431429446635D0,0.2651183018138343D0,-0.173742258054343D0, 0000007P   2323
0.01532441180685425D0,0.2498659370201056D0,                      0000007P   2324
-0.1737427148619278D0,0.0155765683872046D0,0.2346166420789433D0, 0000007P   2325
-0.1737431866604611D0,0.01583562641581529D0,                     0000007P   2326
0.2193473871450849D0,-0.1737435522276737D0,                      0000007P   2327
0.01605501958342221D0,0.2040722796248869D0,                      0000007P   2328
-0.1737438864752074D0,0.01626269902847867D0,                     0000007P   2329
0.1887999949310116D0,-0.1737442356851295D0,                      0000007P   2330
0.01647667364904993D0,0.1735222715181868D0,                      0000007P   2331
-0.1737445563651775D0,0.01667718129011245D0,                     0000007P   2332
0.1582262353242017D0,-0.1737447809183621D0,0.0168324506031049D0, 0000007P   2333
0.1429333884313839D0,-0.1737450226406277D0,                      0000007P   2334
0.01699399903357613D0,0.1276460971150581D0,                      0000007P   2335
-0.1737452918134333D0,0.01717566932220222D0,                     0000007P   2336
0.1123333941915957D0,-0.1737454340149981D0,                      0000007P   2337
0.01727057306073012D0,0.09702671372264354D0,                     0000007P   2338
-0.1737456040667274D0,0.01738461738167079D0,                     0000007P   2339
0.08172081668794223D0,-0.1737457869838625D0,                     0000007P   2340
0.0175070261251973D0,0.06640576346172869D0,                      0000007P   2341
-0.1737458905892101D0,0.01757683659596767D0,                     0000007P   2342
0.05108777790260088D0,-0.1737459686554017D0,                     0000007P   2343
0.01762966157007331D0,0.03577079805056154D0,                     0000007P   2344
-0.1737460590348113D0,0.01769073508822364D0,                     0000007P   2345
0.02045272770308179D0,-0.1737461257005035D0,                     0000007P   2346
0.01773579992685998D0,0.005131292213362161D0,                    0000007P   2347
-0.1737461077796186D0,0.01772368572292547D0,                     0000007P   2348
-0.01018923069541124D0,-0.1737461127974663D0,                    0000007P   2349
0.01772707770002716D0,-0.02040310275562398D0,                    0000007P   2350
-0.1737461113637956D0,0.01772610856371236D0,                     0000007P   2351
-0.02551000076152428D0,-0.1737461116027406D0,                    0000007P   2352
0.0177262700864315D0,0.8418369992384759D0,-0.1745646955411957D0, 0000007P   2353
0.001451427312138857D0,0.8368004355604911D0,                     0000007P   2354
-0.1745651038901008D0,0.001473938635213306D0,                    0000007P   2355
0.8267279024685112D0,-0.1745659204682824D0,                      0000007P   2356
0.001518766885273789D0,0.8116168743405846D0,                     0000007P   2357
-0.174567145784163D0,0.001586738245696076D0,                     0000007P   2358
0.7965129773805162D0,-0.1745683696644962D0,                      0000007P   2359
0.001652376853057359D0,0.7813827842389701D0,                     0000007P   2360
-0.1745695988384106D0,0.001726617487331097D0,                    0000007P   2361
0.7662419214831711D0,-0.1745708296541819D0,                      0000007P   2362
0.001804381210336161D0,0.7511043091012811D0,                     0000007P   2363
-0.1745720615337563D0,0.001880970172920986D0,                    0000007P   2364
0.7359643648380095D0,-0.1745732875162616D0,                      0000007P   2365
0.001958735088455427D0,0.7208055479515604D0,                     0000007P   2366
-0.174574446751987D0,0.002047260390469722D0,                     0000007P   2367
0.7056509021832319D0,-0.1745756153448762D0,                      0000007P   2368
0.002133750339711309D0,0.6904984445655964D0,                     0000007P   2369
-0.1745768132558891D0,0.002217621313563884D0,                    0000007P   2370
0.675333063227068D0,-0.1745778845372443D0,                       0000007P   2371
0.002314003541745218D0,0.6601692592184829D0,                     0000007P   2372
-0.1745789682603415D0,0.00240893948070473D0,                     0000007P   2373
0.6450059323224193D0,-0.1745800693344609D0,                      0000007P   2374
0.002503036961016768D0,0.6298391196463277D0,                     0000007P   2375
-0.1745810885627502D0,0.00260193456514051D0,                     0000007P   2376
0.6146692042923975D0,-0.1745820371666557D0,                      0000007P   2377
0.002705049690721139D0,0.5995000054525578D0,                     0000007P   2378
-0.1745830013620726D0,0.002807181653930596D0,                    0000007P   2379
0.5843310432341902D0,-0.1745839738158276D0,                      0000007P   2380
0.002909028745167856D0,0.56915633755351D0,-0.1745847810349916D0, 0000007P   2381
0.003017997548829265D0,0.5539827042768249D0,                     0000007P   2382
-0.1745856218060065D0,0.003125306416324122D0,                    0000007P   2383
0.5388105248464711D0,-0.174586493604209D0,0.00323213331606104D0, 0000007P   2384
0.5236314576267957D0,-0.1745872077418093D0,                      0000007P   2385
0.003342548022996257D0,0.5084521563720197D0,                     0000007P   2386
-0.1745879193246751D0,0.003452962188065166D0,                    0000007P   2387
0.4932739308962926D0,-0.174588644464032D0,                       0000007P   2388
0.003563344964156505D0,0.4780916363394733D0,                     0000007P   2389
-0.1745893179321592D0,0.00367385383802445D0,                     0000007P   2390
0.4629032392210432D0,-0.174589912679494D0,                       0000007P   2391
0.003784639572834557D0,0.4477156290852292D0,                     0000007P   2392
-0.1745905205988599D0,0.00389516652846023D0,                     0000007P   2393
0.4325309735805598D0,-0.1745911545508948D0,                      0000007P   2394
0.004006451739881496D0,0.4173284186327551D0,                     0000007P   2395
-0.1745916222381782D0,0.00411379222376808D0,                     0000007P   2396
0.4021295285351583D0,-0.1745921279868553D0,                      0000007P   2397
0.004221786731777712D0,0.3869338784798664D0,                     0000007P   2398
-0.1745926477547105D0,0.004331109870829832D0,                    0000007P   2399
0.3717216034051459D0,-0.174593073384458D0,                       0000007P   2400
0.004434464461588934D0,0.3565064092911147D0,                     0000007P   2401
-0.1745934827476258D0,0.00453674715119344D0,                     0000007P   2402
0.3412935915227084D0,-0.1745939029250885D0,                      0000007P   2403
0.004640034145629581D0,0.3260741874111123D0,                     0000007P   2404
-0.1745942961119503D0,0.004740375821893778D0,                    0000007P   2405
0.310838252383777D0,-0.174594621863051D0,0.004833374085335568D0, 0000007P   2406
0.2956046003838683D0,-0.1745949581462896D0,                      0000007P   2407
0.00492718105985833D0,0.2803783471899918D0,                      0000007P   2408
-0.1745953197367367D0,0.005025096602879607D0,                    0000007P   2409
0.2651183018138342D0,-0.1745955628534962D0,                      0000007P   2410
0.005104733055909552D0,0.2498659370201054D0,                     0000007P   2411
-0.1745958333693137D0,0.005188367028886688D0,                    0000007P   2412
0.2346166420789432D0,-0.1745961127625863D0,                      0000007P   2413
0.005274290012066378D0,0.2193473871450848D0,                     0000007P   2414
-0.1745963292469809D0,0.005347059434488651D0,                    0000007P   2415
0.2040722796248869D0,-0.1745965271842478D0,                      0000007P   2416
0.005415944516595961D0,0.1887999949310114D0,                     0000007P   2417
-0.1745967339820568D0,0.00548691689748341D0,                     0000007P   2418
0.1735222715181868D0,-0.1745969238848258D0,                      0000007P   2419
0.005553424423565247D0,0.1582262353242014D0,                     0000007P   2420
-0.1745970568624524D0,0.005604935243293294D0,                    0000007P   2421
0.1429333884313839D0,-0.1745972000073968D0,                      0000007P   2422
0.00565852497705412D0,0.1276460971150581D0,                      0000007P   2423
-0.1745973594082123D0,0.005718795761037652D0,                    0000007P   2424
0.1123333941915957D0,-0.1745974436182251D0,                      0000007P   2425
0.005750263430097599D0,0.09702671372264357D0,                    0000007P   2426
-0.174597544320762D0,0.005788085983553784D0,                     0000007P   2427
0.0817208166879422D0,-0.1745976526420333D0,                      0000007P   2428
0.005828681387070959D0,0.06640576346172865D0,                    0000007P   2429
-0.1745977139958424D0,0.00585183050594792D0,                     0000007P   2430
0.05108777790260086D0,-0.1745977602256781D0,                     0000007P   2431
0.005869345601484376D0,0.03577079805056155D0,                    0000007P   2432
-0.1745978137472499D0,0.005889596265128295D0,                    0000007P   2433
0.02045272770308182D0,-0.1745978532258505D0,                     0000007P   2434
0.005904538679682849D0,0.005131292213362161D0,                   0000007P   2435
-0.1745978426133234D0,0.005900521901576789D0,                    0000007P   2436
-0.01018923069541125D0,-0.1745978455848311D0,                    0000007P   2437
0.005901646599446475D0,-0.02040310275562399D0,                   0000007P   2438
-0.1745978447358287D0,0.005901325257198007D0,                    0000007P   2439
-0.02551000076152425D0,-0.1745978448773292D0,                    0000007P   2440
0.005901378814239413D0,0.8418369992384755D0,-0.175D0,0.0D0,      0000007P   2441
0.8368004355604913D0,-0.175D0,0.0D0,0.8267279024685111D0,        0000007P   2442
-0.175D0,0.0D0,0.8116168743405844D0,-0.1749999999999999D0,0.0D0, 0000007P   2443
0.796512977380517D0,-0.1750000000000001D0,0.0D0,                 0000007P   2444
0.7813827842389697D0,-0.1749999999999999D0,0.0D0,                0000007P   2445
0.7662419214831713D0,-0.175D0,0.0D0,0.7511043091012809D0,        0000007P   2446
-0.1749999999999999D0,0.0D0,0.7359643648380098D0,-0.175D0,0.0D0, 0000007P   2447
0.7208055479515599D0,-0.175D0,0.0D0,0.7056509021832316D0,        0000007P   2448
-0.1749999999999999D0,0.0D0,0.6904984445655961D0,-0.175D0,0.0D0, 0000007P   2449
0.6753330632270682D0,-0.175D0,0.0D0,0.6601692592184829D0,        0000007P   2450
-0.175D0,0.0D0,0.6450059323224194D0,-0.175D0,0.0D0,              0000007P   2451
0.6298391196463279D0,-0.175D0,0.0D0,0.6146692042923969D0,        0000007P   2452
-0.1749999999999999D0,0.0D0,0.5995000054525578D0,                0000007P   2453
-0.1749999999999999D0,0.0D0,0.5843310432341905D0,-0.175D0,0.0D0, 0000007P   2454
0.5691563375535099D0,-0.175D0,0.0D0,0.5539827042768247D0,        0000007P   2455
-0.1749999999999999D0,0.0D0,0.5388105248464712D0,-0.175D0,0.0D0, 0000007P   2456
0.5236314576267957D0,-0.175D0,0.0D0,0.5084521563720202D0,        0000007P   2457
-0.175D0,0.0D0,0.4932739308962927D0,-0.175D0,0.0D0,              0000007P   2458
0.4780916363394733D0,-0.175D0,0.0D0,0.4629032392210429D0,        0000007P   2459
-0.175D0,0.0D0,0.4477156290852293D0,-0.175D0,0.0D0,              0000007P   2460
0.4325309735805596D0,-0.175D0,0.0D0,0.4173284186327552D0,        0000007P   2461
-0.1749999999999999D0,0.0D0,0.4021295285351582D0,                0000007P   2462
-0.1749999999999999D0,0.0D0,0.3869338784798665D0,-0.175D0,0.0D0, 0000007P   2463
0.371721603405146D0,-0.175D0,0.0D0,0.3565064092911145D0,         0000007P   2464
-0.175D0,0.0D0,0.3412935915227084D0,-0.175D0,0.0D0,              0000007P   2465
0.3260741874111122D0,-0.175D0,0.0D0,0.310838252383777D0,         0000007P   2466
-0.175D0,0.0D0,0.2956046003838683D0,-0.175D0,0.0D0,              0000007P   2467
0.2803783471899917D0,-0.175D0,0.0D0,0.2651183018138343D0,        0000007P   2468
-0.1749999999999999D0,0.0D0,0.2498659370201054D0,-0.175D0,0.0D0, 0000007P   2469
0.2346166420789432D0,-0.175D0,0.0D0,0.2193473871450848D0,        0000007P   2470
-0.175D0,0.0D0,0.2040722796248868D0,-0.175D0,0.0D0,              0000007P   2471
0.1887999949310115D0,-0.175D0,0.0D0,0.1735222715181868D0,        0000007P   2472
-0.175D0,0.0D0,0.1582262353242014D0,-0.1749999999999999D0,0.0D0, 0000007P   2473
0.1429333884313839D0,-0.1749999999999999D0,0.0D0,                0000007P   2474
0.1276460971150581D0,-0.175D0,0.0D0,0.1123333941915957D0,        0000007P   2475
-0.175D0,0.0D0,0.09702671372264354D0,-0.175D0,0.0D0,             0000007P   2476
0.08172081668794219D0,-0.1749999999999999D0,0.0D0,               0000007P   2477
0.06640576346172866D0,-0.1749999999999999D0,0.0D0,               0000007P   2478
0.05108777790260085D0,-0.175D0,0.0D0,0.03577079805056153D0,      0000007P   2479
-0.1749999999999999D0,0.0D0,0.02045272770308181D0,-0.175D0,      0000007P   2480
0.0D0,0.00513129221336216D0,-0.175D0,0.0D0,                      0000007P   2481
-0.01018923069541125D0,-0.1749999999999999D0,0.0D0,              0000007P   2482
-0.02040310275562398D0,-0.175D0,0.0D0,-0.02551000076152425D0,    0000007P   2483
-0.175D0,0.0D0,0.0D0,0.8801671197061448D0,0.0D0,                 0000007P   2484
0.3770708072392882D0,0,1,5;                                      0000007P   2485
126,1,1,1,0,1,0,-0.1411774124299295D0,-0.1411774124299295D0,     0000009P   2486
-0.0D0,-0.0D0,1.0D0,1.0D0,0.0D0,0.1411774124299294D0,0.0D0,      0000009P   2487
1.526204863167026D-16,-5.551115123125783D-17,0.0D0,              0000009P   2488
-0.1411774124299295D0,-0.0D0,0.0D0,0.0D0,1.0D0,0,1,5;            0000009P   2489
126,1,1,1,0,1,0,-0.05176467135909893D0,-0.05176467135909893D0,   0000011P   2490
-0.0D0,-0.0D0,1.0D0,1.0D0,1.526204863167026D-16,                 0000011P   2491
-5.551115123125783D-17,0.0D0,0.05176467135909908D0,              0000011P   2492
-5.551115123125783D-17,0.0D0,-0.05176467135909893D0,-0.0D0,      0000011P   2493
0.0D0,0.0D0,1.0D0,0,1,5;                                         0000011P   2494
126,1,1,1,0,1,0,-0.05180811913202182D0,-0.05180811913202182D0,   0000013P   2495
-0.0D0,-0.0D0,1.0D0,1.0D0,0.05176467135909908D0,                 0000013P   2496
-5.551115123125783D-17,0.0D0,0.1035727904911209D0,               0000013P   2497
-5.551115123125783D-17,0.0D0,-0.05180811913202182D0,-0.0D0,      0000013P   2498
0.0D0,0.0D0,1.0D0,0,1,5;                                         0000013P   2499
126,1,1,1,0,1,0,-0.7508831369068766D0,-0.7508831369068766D0,     0000015P   2500
-0.0D0,-0.0D0,1.0D0,1.0D0,0.1035727904911209D0,                  0000015P   2501
-5.551115123125783D-17,0.0D0,0.8544559273979975D0,               0000015P   2502
1.01638459264574D-10,0.0D0,-0.7508831369068766D0,-0.0D0,0.0D0,   0000015P   2503
0.0D0,1.0D0,0,1,5;                                               0000015P   2504
126,1,1,1,0,1,0,-50.33543198424063D0,-50.33543198424063D0,       0000017P   2505
-50.05070504816199D0,-50.05070504816199D0,1.0D0,1.0D0,           0000017P   2506
0.8544559273979975D0,1.01638459264574D-10,0.0D0,                 0000017P   2507
0.8544559267191585D0,0.1651247729562525D0,0.0D0,                 0000017P   2508
-50.33543198424063D0,-50.05070504816199D0,0.0D0,0.0D0,1.0D0,0,1, 0000017P   2509
5;                                                               0000017P   2510
126,9,3,1,0,1,0,-0.8552146501220234D0,-0.8552146501220234D0,     0000019P   2511
-0.8552146501220234D0,-0.8552146501220234D0,                     0000019P   2512
-0.4673801961694124D0,-0.4673801961694124D0,                     0000019P   2513
-0.4673801961694124D0,-0.2343772539150082D0,                     0000019P   2514
-0.2343772539150082D0,-0.2343772539150082D0,-0.0D0,-0.0D0,       0000019P   2515
-0.0D0,-0.0D0,1.0D0,1.0D0,1.0D0,1.0D0,1.0D0,1.0D0,1.0D0,1.0D0,   0000019P   2516
1.0D0,1.0D0,0.8544559267191585D0,0.1651247729562525D0,0.0D0,     0000019P   2517
0.7594275648046236D0,0.1620858182338632D0,0.0D0,                 0000019P   2518
0.521713129239066D0,0.1549517694651513D0,0.0D0,                  0000019P   2519
0.4266710853118501D0,0.1523679906443399D0,0.0D0,                 0000019P   2520
0.3557696723847982D0,0.1504404903348263D0,0.0D0,                 0000019P   2521
0.2848842103466746D0,0.1479904569067106D0,0.0D0,                 0000019P   2522
0.2139799548192916D0,0.1461520836544477D0,0.0D0,                 0000019P   2523
0.1426574876409529D0,0.1443028672009244D0,0.0D0,                 0000019P   2524
0.07132432486481549D0,0.1429389376433605D0,0.0D0,0.0D0,          0000019P   2525
0.1411774124299294D0,0.0D0,-0.8552146501220234D0,-0.0D0,0.0D0,   0000019P   2526
0.0D0,1.0D0,0,1,5;                                               0000019P   2527
102,6,9,11,13,15,17,19,0,1,5;                                    0000021P   2528
126,13,3,1,0,1,0,-33.10358661088109D0,-33.10358661088109D0,      0000023P   2529
-33.10358661088109D0,-33.10358661088109D0,-32.74792482524459D0,  0000023P   2530
-29.48349100380824D0,-26.21905718237189D0,-22.95462336093554D0,  0000023P   2531
-19.6901895394992D0,-16.42575571806285D0,-13.1613218966265D0,    0000023P   2532
-9.896888075190155D0,-6.632454253753807D0,-3.36802043231746D0,   0000023P   2533
-0.1035866108811001D0,-0.1035866108811001D0,                     0000023P   2534
-0.1035866108811001D0,-0.1035866108811001D0,1.0D0,1.0D0,1.0D0,   0000023P   2535
1.0D0,1.0D0,1.0D0,1.0D0,1.0D0,1.0D0,1.0D0,1.0D0,1.0D0,1.0D0,     0000023P   2536
1.0D0,0.8418369992384759D0,-0.1178570387561931D0,                0000023P   2537
0.1200020273162114D0,0.8418369992384759D0,-0.1175161766117479D0, 0000023P   2538
0.1204856419350241D0,0.841836999238476D0,-0.1140246526417328D0,  0000023P   2539
0.1254135668488423D0,0.8418369992384761D0,-0.1069690079297594D0, 0000023P   2540
0.1348599459255627D0,0.8418369992384757D0,                       0000023P   2541
-0.09622468317872911D0,0.1477802496473647D0,0.841836999238476D0, 0000023P   2542
-0.08501967138879245D0,0.159739630542824D0,0.8418369992384757D0, 0000023P   2543
-0.07348513724172696D0,0.1704855662462172D0,0.841836999238476D0, 0000023P   2544
-0.06168273609819984D0,0.1798532271553698D0,                     0000023P   2545
0.8418369992384755D0,-0.04965122558446829D0,                     0000023P   2546
0.1877200904602301D0,0.8418369992384757D0,                       0000023P   2547
-0.03742352381789535D0,0.1939719313606709D0,0.841836999238476D0, 0000023P   2548
-0.02504030529323732D0,0.1985151826196264D0,                     0000023P   2549
0.8418369992384761D0,-0.0125481018125691D0,0.201272373548665D0,  0000023P   2550
0.8418369992384757D0,-0.004182678222115302D0,                    0000023P   2551
0.2018888575591936D0,0.8418369992384757D0,5.015202120133913D-17, 0000023P   2552
0.201889D0,-33.10358661088109D0,-0.1035866108811001D0,1.0D0,     0000023P   2553
0.0D0,0.0D0,0,1,5;                                               0000023P   2554
126,6,3,1,0,1,0,-0.1035866108811001D0,-0.1035866108811001D0,     0000025P   2555
-0.1035866108811001D0,-0.1035866108811001D0,                     0000025P   2556
-0.08814302200179769D0,-0.07269943312249516D0,                   0000025P   2557
-0.05725584424319263D0,-0.05181503222577064D0,                   0000025P   2558
-0.05181503222577064D0,-0.05181503222577064D0,                   0000025P   2559
-0.05181503222577064D0,1.0D0,1.0D0,1.0D0,1.0D0,1.0D0,1.0D0,      0000025P   2560
1.0D0,0.8418369992384754D0,4.987659503051185D-17,0.201889D0,     0000025P   2561
0.8368004355604909D0,4.987659663224651D-17,0.2026850572900266D0, 0000025P   2562
0.826727902468511D0,4.987659964783177D-17,0.2042864307022405D0,  0000025P   2563
0.8116168743405845D0,4.987660487577537D-17,0.2066537701999585D0, 0000025P   2564
0.7997738971105345D0,4.987660720716831D-17,0.2085971212110492D0, 0000025P   2565
0.7929575374682839D0,4.987661108141057D-17,0.2095894515126533D0, 0000025P   2566
0.7911813067933566D0,4.987661222640228D-17,0.2098412676165481D0, 0000025P   2567
-0.1035866108811001D0,-0.05181503222577064D0,0.0D0,1.0D0,0.0D0,  0000025P   2568
0,1,5;                                                           0000025P   2569
126,6,3,1,0,1,0,-0.05181503222577064D0,-0.05181503222577064D0,   0000027P   2570
-0.05181503222577064D0,-0.05181503222577064D0,                   0000027P   2571
-0.04181225536389013D0,-0.02636866648458766D0,                   0000027P   2572
-0.01092507760528516D0,-0.0D0,-0.0D0,-0.0D0,-0.0D0,1.0D0,1.0D0,  0000027P   2573
1.0D0,1.0D0,1.0D0,1.0D0,1.0D0,0.7911813067933565D0,              0000027P   2574
4.987661222640228D-17,0.2098412676165481D0,0.7879157576364232D0, 0000027P   2575
4.987661433143671D-17,0.2103042243019514D0,0.7796047306039049D0, 0000027P   2576
4.987662085306843D-17,0.2114242913508795D0,0.7662419214831715D0, 0000027P   2577
4.987663375516505D-17,0.2131027351064541D0,0.7525806384861116D0, 0000027P   2578
4.98766461486246D-17,0.2148669733304172D0,0.74396409326954D0,    0000027P   2579
4.987665406780554D-17,0.2159574726675076D0,0.7403929119736766D0, 0000027P   2580
4.98766573033188D-17,0.2163847858805501D0,                       0000027P   2581
-0.05181503222577064D0,-0.0D0,0.0D0,1.0D0,0.0D0,0,1,5;           0000027P   2582
126,52,3,1,0,1,0,-0.0D0,-0.0D0,-0.0D0,-0.0D0,                    0000029P   2583
0.004519742448975322D0,0.01996753929827847D0,                    0000029P   2584
0.03541533614758174D0,0.050863132996885D0,0.06631092984618826D0, 0000029P   2585
0.08175872669549152D0,0.09720652354479467D0,                     0000029P   2586
0.1126543203940979D0,0.1281021172434012D0,0.1435499140927045D0,  0000029P   2587
0.1589977109420077D0,0.1744455077913109D0,0.1898933046406141D0,  0000029P   2588
0.2053411014899174D0,0.2207888983392206D0,0.2362366951885239D0,  0000029P   2589
0.2516844920378271D0,0.2671322888871304D0,0.2825800857364336D0,  0000029P   2590
0.2980278825857369D0,0.3134756794350401D0,0.3289234762843434D0,  0000029P   2591
0.3443712731336465D0,0.3598190699829498D0,0.375266866832253D0,   0000029P   2592
0.3907146636815562D0,0.4061624605308595D0,0.4216102573801628D0,  0000029P   2593
0.4370580542294659D0,0.4525058510787692D0,0.4679536479280724D0,  0000029P   2594
0.4834014447773756D0,0.4988492416266789D0,0.5142970384759822D0,  0000029P   2595
0.5297448353252854D0,0.5451926321745887D0,0.5606404290238919D0,  0000029P   2596
0.5760882258731952D0,0.5915360227224984D0,0.6069838195718016D0,  0000029P   2597
0.6224316164211048D0,0.6378794132704081D0,0.6533272101197113D0,  0000029P   2598
0.6687750069690145D0,0.6842228038183178D0,0.699670600667621D0,   0000029P   2599
0.7151183975169243D0,0.7305661943662276D0,0.7460139912155307D0,  0000029P   2600
0.7511879552391418D0,0.7511879552391418D0,0.7511879552391418D0,  0000029P   2601
0.7511879552391418D0,1.0D0,1.0D0,1.0D0,1.0D0,1.0D0,1.0D0,1.0D0,  0000029P   2602
1.0D0,1.0D0,1.0D0,1.0D0,1.0D0,1.0D0,1.0D0,1.0D0,1.0D0,1.0D0,     0000029P   2603
1.0D0,1.0D0,1.0D0,1.0D0,1.0D0,1.0D0,1.0D0,1.0D0,1.0D0,1.0D0,     0000029P   2604
1.0D0,1.0D0,1.0D0,1.0D0,1.0D0,1.0D0,1.0D0,1.0D0,1.0D0,1.0D0,     0000029P   2605
1.0D0,1.0D0,1.0D0,1.0D0,1.0D0,1.0D0,1.0D0,1.0D0,1.0D0,1.0D0,     0000029P   2606
1.0D0,1.0D0,1.0D0,1.0D0,1.0D0,1.0D0,0.7403929119736767D0,        0000029P   2607
-4.566095028138603D-11,0.216384785880563D0,0.7389159043468282D0, 0000029P   2608
-4.566095150645805D-11,0.2165615186819607D0,                     0000029P   2609
0.7323898232772564D0,-4.566095688711772D-11,                     0000029P   2610
0.2173237804806972D0,0.7208055479515603D0,                       0000029P   2611
-4.566096604156806D-11,0.2184799538115945D0,                     0000029P   2612
0.7056509021832317D0,-4.566097855540575D-11,                     0000029P   2613
0.2200734187283626D0,0.6904984445655964D0,                       0000029P   2614
-4.566098971827671D-11,0.2217412129292889D0,                     0000029P   2615
0.6753330632270681D0,-4.566100575040169D-11,                     0000029P   2616
0.2230311569883333D0,0.6601692592184834D0,                       0000029P   2617
-4.566102150821955D-11,0.224365579893732D0,0.6450059323224194D0, 0000029P   2618
-4.566103577990151D-11,0.2257216181699062D0,0.629839119646328D0, 0000029P   2619
-4.566105627043408D-11,0.2269467161166237D0,                     0000029P   2620
0.6146692042923971D0,-4.566108222213865D-11,                     0000029P   2621
0.2280563967331619D0,0.5995000054525579D0,                       0000029P   2622
-4.566110654263785D-11,0.2291928849290227D0,                     0000029P   2623
0.5843310432341905D0,-4.566113192678629D-11,                     0000029P   2624
0.2303375601377729D0,0.5691563375535101D0,                       0000029P   2625
-4.566114918461361D-11,0.2312807077577115D0,                     0000029P   2626
0.5539827042768245D0,-4.566116866679868D-11,                     0000029P   2627
0.2322679922129178D0,0.5388105248464715D0,                       0000029P   2628
-4.566118737787406D-11,0.2332802569158655D0,                     0000029P   2629
0.5236314576267956D0,-4.566120694903024D-11,                     0000029P   2630
0.2341484637925796D0,0.5084521563720205D0,                       0000029P   2631
-4.566122636794964D-11,0.2350141407842992D0,                     0000029P   2632
0.4932739308962927D0,-4.566124618078174D-11,                     0000029P   2633
0.2358920731443736D0,0.4780916363394735D0,                       0000029P   2634
-4.566126457019997D-11,0.2367235139160235D0,                     0000029P   2635
0.4629032392210429D0,-4.566128079745901D-11,                     0000029P   2636
0.2374836737858642D0,0.4477156290852294D0,                       0000029P   2637
-4.566129739689023D-11,0.2382569788806085D0,                     0000029P   2638
0.4325309735805596D0,-4.566131466979187D-11,                     0000029P   2639
0.2390489839775477D0,0.4173284186327552D0,                       0000029P   2640
-4.566132757904738D-11,0.2397161560468051D0,                     0000029P   2641
0.4021295285351582D0,-4.566134134264078D-11,                     0000029P   2642
0.2404111958076832D0,0.3869338784798667D0,                       0000029P   2643
-4.566135605252863D-11,0.2411195978297604D0,0.371721603405146D0, 0000029P   2644
-4.566136612290098D-11,0.2417466831154204D0,                     0000029P   2645
0.3565064092911147D0,-4.566137548705578D-11,                     0000029P   2646
0.2423595753802153D0,0.3412935915227086D0,                       0000029P   2647
-4.566138513975306D-11,0.2429828117366501D0,                     0000029P   2648
0.3260741874111122D0,-4.566139434449773D-11,0.24357886474739D0,  0000029P   2649
0.310838252383777D0,-4.566140268538352D-11,0.2441068365081588D0, 0000029P   2650
0.2956046003838685D0,-4.566141081336504D-11,                     0000029P   2651
0.2446448342986429D0,0.2803783471899917D0,                       0000029P   2652
-4.566142065682227D-11,0.2452108092202366D0,                     0000029P   2653
0.2651183018138344D0,-4.566142345772635D-11,                     0000029P   2654
0.2456475177312816D0,0.2498659370201054D0,                       0000029P   2655
-4.566142801982871D-11,0.2461132783541477D0,                     0000029P   2656
0.2346166420789433D0,-4.566143257969097D-11,                     0000029P   2657
0.2465920969402776D0,0.2193473871450848D0,                       0000029P   2658
-4.566143538731588D-11,0.2469896315615313D0,                     0000029P   2659
0.2040722796248869D0,-4.566143765334555D-11,                     0000029P   2660
0.2473631483172019D0,0.1887999949310115D0,                       0000029P   2661
-4.566144013142612D-11,0.2477490797986341D0,                     0000029P   2662
0.1735222715181868D0,-4.566144230289833D-11,                     0000029P   2663
0.2481093702426029D0,0.1582262353242015D0,                       0000029P   2664
-4.566144351637987D-11,0.2483837104721684D0,                     0000029P   2665
0.1429333884313838D0,-4.566144487015238D-11,                     0000029P   2666
0.2486705137087157D0,0.1276460971150582D0,                       0000029P   2667
-4.566144662075201D-11,0.248993415131739D0,0.1123333941915957D0, 0000029P   2668
-4.566144664375213D-11,0.2491594608018768D0,                     0000029P   2669
0.09702671372264357D0,-4.566144710096695D-11,                    0000029P   2670
0.2493602238627927D0,0.08172081668794219D0,                      0000029P   2671
-4.566144751258511D-11,0.2495756461717719D0,                     0000029P   2672
0.06640576346172869D0,-4.566144767237533D-11,                    0000029P   2673
0.2496977140977191D0,0.05108777790260087D0,                      0000029P   2674
-4.566144774091431D-11,0.2497896427667745D0,                     0000029P   2675
0.03577079805056154D0,-4.566144783965962D-11,                    0000029P   2676
0.2498960894786225D0,0.02045272770308181D0,                      0000029P   2677
-4.56614479088304D-11,0.249974603276192D0,                       0000029P   2678
0.008527890196590778D0,-4.566144789435827D-11,                   0000029P   2679
0.2499581763594141D0,0.001710468896554955D0,                     0000029P   2680
-4.566144789315321D-11,0.2499568085303089D0,                     0000029P   2681
-7.175265927749326D-10,-4.566144789310023D-11,                   0000029P   2682
0.24995674840194D0,-0.0D0,0.7511879552391418D0,0.0D0,1.0D0,      0000029P   2683
0.0D0,0,1,5;                                                     0000029P   2684
126,14,3,1,0,1,0,-50.33543198424063D0,-50.33543198424063D0,      0000031P   2685
-50.33543198424063D0,-50.33543198424063D0,-50.31135093171905D0,  0000031P   2686
-50.28726987902222D0,-50.26318882632538D0,-50.23910777362855D0,  0000031P   2687
-50.21502672093172D0,-50.19094566823489D0,-50.16686461553805D0,  0000031P   2688
-50.14278356284122D0,-50.11870251014439D0,-50.09462145744755D0,  0000031P   2689
-50.07054040475072D0,-50.05070504816199D0,-50.05070504816199D0,  0000031P   2690
-50.05070504816199D0,-50.05070504816199D0,1.0D0,1.0D0,1.0D0,     0000031P   2691
1.0D0,1.0D0,1.0D0,1.0D0,1.0D0,1.0D0,1.0D0,1.0D0,1.0D0,1.0D0,     0000031P   2692
1.0D0,1.0D0,-3.807621280717178D-10,-9.132294554491367D-11,       0000031P   2693
0.2499567484019551D0,-3.807621366911248D-10,                     0000031P   2694
-0.004182729087991154D0,0.2499570535951735D0,                    0000031P   2695
-3.807621196962558D-10,-0.01254808266301448D0,                   0000031P   2696
0.2499558943398547D0,-3.807621316766898D-10,                     0000031P   2697
-0.02504031043334228D0,0.2499503478105985D0,                     0000031P   2698
-3.807621255509476D-10,-0.03742352244020945D0,                   0000031P   2699
0.2499396896074577D0,-3.807621346040357D-10,                     0000031P   2700
-0.04965122595363596D0,0.2499267266907175D0,                     0000031P   2701
-3.80762127746457D-10,-0.06168273599922077D0,                    0000031P   2702
0.2499060057260252D0,-3.807621298877563D-10,                     0000031P   2703
-0.07348513726847572D0,0.2498612100825738D0,                     0000031P   2704
-3.807621280988227D-10,-0.08501967138077651D0,                   0000031P   2705
0.2497288078419968D0,-3.807621328693122D-10,                     0000031P   2706
-0.09622468318404409D0,0.2493288476633953D0,                     0000031P   2707
-3.80762125767788D-10,-0.1069690079165154D0,0.248248805705563D0, 0000031P   2708
-3.807621310803786D-10,-0.1170057223828034D0,                    0000031P   2709
0.2457723688605124D0,-3.807621308252576D-10,                     0000031P   2710
-0.1254489568250288D0,0.2413224221759238D0,                      0000031P   2711
-3.807621300895535D-10,-0.1301607972302873D0,                    0000031P   2712
0.2369553471515498D0,-3.80762129570106D-10,                      0000031P   2713
-0.1321387934784671D0,0.2347003102669996D0,-50.33543198424063D0, 0000031P   2714
-50.05070504816199D0,1.0D0,0.0D0,0.0D0,0,1,5;                    0000031P   2715
126,5,3,1,0,1,0,-0.8552146501220234D0,-0.8552146501220234D0,     0000033P   2716
-0.8552146501220234D0,-0.8552146501220234D0,                     0000033P   2717
-0.4911148971186146D0,-0.4911148971186146D0,-0.0D0,-0.0D0,       0000033P   2718
-0.0D0,-0.0D0,1.0D0,1.0D0,1.0D0,1.0D0,1.0D0,1.0D0,               0000033P   2719
-4.399766456451318D-11,-0.1321387934784671D0,                    0000033P   2720
0.2347003102670651D0,0.1436924887747039D0,-0.1297496699640304D0, 0000033P   2721
0.2374520006782306D0,0.2823150311962325D0,-0.1273461713743293D0, 0000033P   2722
0.2156381064547648D0,0.6113706531364872D0,-0.1218624913430889D0, 0000033P   2723
0.1565377091850561D0,0.6518733928098771D0,-0.1210793526588157D0, 0000033P   2724
0.1481263068210968D0,0.8418369992384757D0,-0.1178570387561931D0, 0000033P   2725
0.1200020273162114D0,-0.8552146501220234D0,-0.0D0,               0000033P   2726
0.01679268599099454D0,-0.9998584185733426D0,                     0000033P   2727
-0.001071683359251689D0,0,1,5;                                   0000033P   2728
102,6,23,25,27,29,31,33,0,1,5;                                   0000035P   2729
142,0,7,21,35,1,0,1,5;                                           0000037P   2730
144,7,1,0,37,0,1,5;                                              0000039P   2731
406,1,7HTrimSrf;                                                 0000041P   2732
128,29,59,3,3,0,0,1,0,0,0.0D0,0.0D0,0.0D0,0.0D0,                 0000043P   2733
0.01396558545330697D0,0.02793117090661394D0,                     0000043P   2734
0.04189675635992091D0,0.05586234181322788D0,                     0000043P   2735
0.06982792726653486D0,0.08379351271984183D0,                     0000043P   2736
0.09775909817314879D0,0.1117246836264558D0,0.1256902690797627D0, 0000043P   2737
0.1396558545330697D0,0.1536214399863767D0,0.1675870254396837D0,  0000043P   2738
0.1815526108929906D0,0.1955181963462976D0,0.2094837817996046D0,  0000043P   2739
0.2234493672529115D0,0.2374149527062185D0,0.2513805381595254D0,  0000043P   2740
0.2653461236128324D0,0.2793117090661394D0,0.2932772945194464D0,  0000043P   2741
0.3072428799727533D0,0.3212084654260603D0,0.3351740508793673D0,  0000043P   2742
0.3491396363326743D0,0.3631052217859813D0,0.3770708072392882D0,  0000043P   2743
0.3770708072392882D0,0.3770708072392882D0,0.3770708072392882D0,  0000043P   2744
0.0D0,0.0D0,0.0D0,0.0D0,0.01544152841589728D0,                   0000043P   2745
0.03088305683179456D0,0.04632458524769183D0,                     0000043P   2746
0.06176611366358911D0,0.07720764207948638D0,                     0000043P   2747
0.09264917049538367D0,0.108090698911281D0,0.1235322273271782D0,  0000043P   2748
0.1389737557430755D0,0.1544152841589728D0,0.1698568125748701D0,  0000043P   2749
0.1852983409907673D0,0.2007398694066646D0,0.2161813978225619D0,  0000043P   2750
0.2316229262384592D0,0.2470644546543564D0,0.2625059830702537D0,  0000043P   2751
0.277947511486151D0,0.2933890399020483D0,0.3088305683179455D0,   0000043P   2752
0.3242720967338428D0,0.3397136251497401D0,0.3551551535656374D0,  0000043P   2753
0.3705966819815347D0,0.386038210397432D0,0.4014797388133292D0,   0000043P   2754
0.4169212672292265D0,0.4323627956451238D0,0.447804324061021D0,   0000043P   2755
0.4632458524769183D0,0.4786873808928156D0,0.4941289093087128D0,  0000043P   2756
0.5095704377246102D0,0.5250119661405075D0,0.5404534945564047D0,  0000043P   2757
0.555895022972302D0,0.5713365513881993D0,0.5867780798040965D0,   0000043P   2758
0.6022196082199938D0,0.6176611366358911D0,0.6331026650517884D0,  0000043P   2759
0.6485441934676857D0,0.663985721883583D0,0.6794272502994803D0,   0000043P   2760
0.6948687787153774D0,0.7103103071312747D0,0.725751835547172D0,   0000043P   2761
0.7411933639630693D0,0.7566348923789665D0,0.7720764207948638D0,  0000043P   2762
0.7875179492107611D0,0.8029594776266584D0,0.8184010060425557D0,  0000043P   2763
0.833842534458453D0,0.8492840628743502D0,0.8647255912902475D0,   0000043P   2764
0.8801671197061448D0,0.8801671197061448D0,0.8801671197061448D0,  0000043P   2765
0.8801671197061448D0,1.0D0,1.0D0,1.0D0,1.0D0,1.0D0,1.0D0,1.0D0,  0000043P   2766
1.0D0,1.0D0,1.0D0,1.0D0,1.0D0,1.0D0,1.0D0,1.0D0,1.0D0,1.0D0,     0000043P   2767
1.0D0,1.0D0,1.0D0,1.0D0,1.0D0,1.0D0,1.0D0,1.0D0,1.0D0,1.0D0,     0000043P   2768
1.0D0,1.0D0,1.0D0,1.0D0,1.0D0,1.0D0,1.0D0,1.0D0,1.0D0,1.0D0,     0000043P   2769
1.0D0,1.0D0,1.0D0,1.0D0,1.0D0,1.0D0,1.0D0,1.0D0,1.0D0,1.0D0,     0000043P   2770
1.0D0,1.0D0,1.0D0,1.0D0,1.0D0,1.0D0,1.0D0,1.0D0,1.0D0,1.0D0,     0000043P   2771
1.0D0,1.0D0,1.0D0,1.0D0,1.0D0,1.0D0,1.0D0,1.0D0,1.0D0,1.0D0,     0000043P   2772
1.0D0,1.0D0,1.0D0,1.0D0,1.0D0,1.0D0,1.0D0,1.0D0,1.0D0,1.0D0,     0000043P   2773
1.0D0,1.0D0,1.0D0,1.0D0,1.0D0,1.0D0,1.0D0,1.0D0,1.0D0,1.0D0,     0000043P   2774
1.0D0,1.0D0,1.0D0,1.0D0,1.0D0,1.0D0,1.0D0,1.0D0,1.0D0,1.0D0,     0000043P   2775
1.0D0,1.0D0,1.0D0,1.0D0,1.0D0,1.0D0,1.0D0,1.0D0,1.0D0,1.0D0,     0000043P   2776
1.0D0,1.0D0,1.0D0,1.0D0,1.0D0,1.0D0,1.0D0,1.0D0,1.0D0,1.0D0,     0000043P   2777
1.0D0,1.0D0,1.0D0,1.0D0,1.0D0,1.0D0,1.0D0,1.0D0,1.0D0,1.0D0,     0000043P   2778
1.0D0,1.0D0,1.0D0,1.0D0,1.0D0,1.0D0,1.0D0,1.0D0,1.0D0,1.0D0,     0000043P   2779
1.0D0,1.0D0,1.0D0,1.0D0,1.0D0,1.0D0,1.0D0,1.0D0,1.0D0,1.0D0,     0000043P   2780
1.0D0,1.0D0,1.0D0,1.0D0,1.0D0,1.0D0,1.0D0,1.0D0,1.0D0,1.0D0,     0000043P   2781
1.0D0,1.0D0,1.0D0,1.0D0,1.0D0,1.0D0,1.0D0,1.0D0,1.0D0,1.0D0,     0000043P   2782
1.0D0,1.0D0,1.0D0,1.0D0,1.0D0,1.0D0,1.0D0,1.0D0,1.0D0,1.0D0,     0000043P   2783
1.0D0,1.0D0,1.0D0,1.0D0,1.0D0,1.0D0,1.0D0,1.0D0,1.0D0,1.0D0,     0000043P   2784
1.0D0,1.0D0,1.0D0,1.0D0,1.0D0,1.0D0,1.0D0,1.0D0,1.0D0,1.0D0,     0000043P   2785
1.0D0,1.0D0,1.0D0,1.0D0,1.0D0,1.0D0,1.0D0,1.0D0,1.0D0,1.0D0,     0000043P   2786
1.0D0,1.0D0,1.0D0,1.0D0,1.0D0,1.0D0,1.0D0,1.0D0,1.0D0,1.0D0,     0000043P   2787
1.0D0,1.0D0,1.0D0,1.0D0,1.0D0,1.0D0,1.0D0,1.0D0,1.0D0,1.0D0,     0000043P   2788
1.0D0,1.0D0,1.0D0,1.0D0,1.0D0,1.0D0,1.0D0,1.0D0,1.0D0,1.0D0,     0000043P   2789
1.0D0,1.0D0,1.0D0,1.0D0,1.0D0,1.0D0,1.0D0,1.0D0,1.0D0,1.0D0,     0000043P   2790
1.0D0,1.0D0,1.0D0,1.0D0,1.0D0,1.0D0,1.0D0,1.0D0,1.0D0,1.0D0,     0000043P   2791
1.0D0,1.0D0,1.0D0,1.0D0,1.0D0,1.0D0,1.0D0,1.0D0,1.0D0,1.0D0,     0000043P   2792
1.0D0,1.0D0,1.0D0,1.0D0,1.0D0,1.0D0,1.0D0,1.0D0,1.0D0,1.0D0,     0000043P   2793
1.0D0,1.0D0,1.0D0,1.0D0,1.0D0,1.0D0,1.0D0,1.0D0,1.0D0,1.0D0,     0000043P   2794
1.0D0,1.0D0,1.0D0,1.0D0,1.0D0,1.0D0,1.0D0,1.0D0,1.0D0,1.0D0,     0000043P   2795
1.0D0,1.0D0,1.0D0,1.0D0,1.0D0,1.0D0,1.0D0,1.0D0,1.0D0,1.0D0,     0000043P   2796
1.0D0,1.0D0,1.0D0,1.0D0,1.0D0,1.0D0,1.0D0,1.0D0,1.0D0,1.0D0,     0000043P   2797
1.0D0,1.0D0,1.0D0,1.0D0,1.0D0,1.0D0,1.0D0,1.0D0,1.0D0,1.0D0,     0000043P   2798
1.0D0,1.0D0,1.0D0,1.0D0,1.0D0,1.0D0,1.0D0,1.0D0,1.0D0,1.0D0,     0000043P   2799
1.0D0,1.0D0,1.0D0,1.0D0,1.0D0,1.0D0,1.0D0,1.0D0,1.0D0,1.0D0,     0000043P   2800
1.0D0,1.0D0,1.0D0,1.0D0,1.0D0,1.0D0,1.0D0,1.0D0,1.0D0,1.0D0,     0000043P   2801
1.0D0,1.0D0,1.0D0,1.0D0,1.0D0,1.0D0,1.0D0,1.0D0,1.0D0,1.0D0,     0000043P   2802
1.0D0,1.0D0,1.0D0,1.0D0,1.0D0,1.0D0,1.0D0,1.0D0,1.0D0,1.0D0,     0000043P   2803
1.0D0,1.0D0,1.0D0,1.0D0,1.0D0,1.0D0,1.0D0,1.0D0,1.0D0,1.0D0,     0000043P   2804
1.0D0,1.0D0,1.0D0,1.0D0,1.0D0,1.0D0,1.0D0,1.0D0,1.0D0,1.0D0,     0000043P   2805
1.0D0,1.0D0,1.0D0,1.0D0,1.0D0,1.0D0,1.0D0,1.0D0,1.0D0,1.0D0,     0000043P   2806
1.0D0,1.0D0,1.0D0,1.0D0,1.0D0,1.0D0,1.0D0,1.0D0,1.0D0,1.0D0,     0000043P   2807
1.0D0,1.0D0,1.0D0,1.0D0,1.0D0,1.0D0,1.0D0,1.0D0,1.0D0,1.0D0,     0000043P   2808
1.0D0,1.0D0,1.0D0,1.0D0,1.0D0,1.0D0,1.0D0,1.0D0,1.0D0,1.0D0,     0000043P   2809
1.0D0,1.0D0,1.0D0,1.0D0,1.0D0,1.0D0,1.0D0,1.0D0,1.0D0,1.0D0,     0000043P   2810
1.0D0,1.0D0,1.0D0,1.0D0,1.0D0,1.0D0,1.0D0,1.0D0,1.0D0,1.0D0,     0000043P   2811
1.0D0,1.0D0,1.0D0,1.0D0,1.0D0,1.0D0,1.0D0,1.0D0,1.0D0,1.0D0,     0000043P   2812
1.0D0,1.0D0,1.0D0,1.0D0,1.0D0,1.0D0,1.0D0,1.0D0,1.0D0,1.0D0,     0000043P   2813
1.0D0,1.0D0,1.0D0,1.0D0,1.0D0,1.0D0,1.0D0,1.0D0,1.0D0,1.0D0,     0000043P   2814
1.0D0,1.0D0,1.0D0,1.0D0,1.0D0,1.0D0,1.0D0,1.0D0,1.0D0,1.0D0,     0000043P   2815
1.0D0,1.0D0,1.0D0,1.0D0,1.0D0,1.0D0,1.0D0,1.0D0,1.0D0,1.0D0,     0000043P   2816
1.0D0,1.0D0,1.0D0,1.0D0,1.0D0,1.0D0,1.0D0,1.0D0,1.0D0,1.0D0,     0000043P   2817
1.0D0,1.0D0,1.0D0,1.0D0,1.0D0,1.0D0,1.0D0,1.0D0,1.0D0,1.0D0,     0000043P   2818
1.0D0,1.0D0,1.0D0,1.0D0,1.0D0,1.0D0,1.0D0,1.0D0,1.0D0,1.0D0,     0000043P   2819
1.0D0,1.0D0,1.0D0,1.0D0,1.0D0,1.0D0,1.0D0,1.0D0,1.0D0,1.0D0,     0000043P   2820
1.0D0,1.0D0,1.0D0,1.0D0,1.0D0,1.0D0,1.0D0,1.0D0,1.0D0,1.0D0,     0000043P   2821
1.0D0,1.0D0,1.0D0,1.0D0,1.0D0,1.0D0,1.0D0,1.0D0,1.0D0,1.0D0,     0000043P   2822
1.0D0,1.0D0,1.0D0,1.0D0,1.0D0,1.0D0,1.0D0,1.0D0,1.0D0,1.0D0,     0000043P   2823
1.0D0,1.0D0,1.0D0,1.0D0,1.0D0,1.0D0,1.0D0,1.0D0,1.0D0,1.0D0,     0000043P   2824
1.0D0,1.0D0,1.0D0,1.0D0,1.0D0,1.0D0,1.0D0,1.0D0,1.0D0,1.0D0,     0000043P   2825
1.0D0,1.0D0,1.0D0,1.0D0,1.0D0,1.0D0,1.0D0,1.0D0,1.0D0,1.0D0,     0000043P   2826
1.0D0,1.0D0,1.0D0,1.0D0,1.0D0,1.0D0,1.0D0,1.0D0,1.0D0,1.0D0,     0000043P   2827
1.0D0,1.0D0,1.0D0,1.0D0,1.0D0,1.0D0,1.0D0,1.0D0,1.0D0,1.0D0,     0000043P   2828
1.0D0,1.0D0,1.0D0,1.0D0,1.0D0,1.0D0,1.0D0,1.0D0,1.0D0,1.0D0,     0000043P   2829
1.0D0,1.0D0,1.0D0,1.0D0,1.0D0,1.0D0,1.0D0,1.0D0,1.0D0,1.0D0,     0000043P   2830
1.0D0,1.0D0,1.0D0,1.0D0,1.0D0,1.0D0,1.0D0,1.0D0,1.0D0,1.0D0,     0000043P   2831
1.0D0,1.0D0,1.0D0,1.0D0,1.0D0,1.0D0,1.0D0,1.0D0,1.0D0,1.0D0,     0000043P   2832
1.0D0,1.0D0,1.0D0,1.0D0,1.0D0,1.0D0,1.0D0,1.0D0,1.0D0,1.0D0,     0000043P   2833
1.0D0,1.0D0,1.0D0,1.0D0,1.0D0,1.0D0,1.0D0,1.0D0,1.0D0,1.0D0,     0000043P   2834
1.0D0,1.0D0,1.0D0,1.0D0,1.0D0,1.0D0,1.0D0,1.0D0,1.0D0,1.0D0,     0000043P   2835
1.0D0,1.0D0,1.0D0,1.0D0,1.0D0,1.0D0,1.0D0,1.0D0,1.0D0,1.0D0,     0000043P   2836
1.0D0,1.0D0,1.0D0,1.0D0,1.0D0,1.0D0,1.0D0,1.0D0,1.0D0,1.0D0,     0000043P   2837
1.0D0,1.0D0,1.0D0,1.0D0,1.0D0,1.0D0,1.0D0,1.0D0,1.0D0,1.0D0,     0000043P   2838
1.0D0,1.0D0,1.0D0,1.0D0,1.0D0,1.0D0,1.0D0,1.0D0,1.0D0,1.0D0,     0000043P   2839
1.0D0,1.0D0,1.0D0,1.0D0,1.0D0,1.0D0,1.0D0,1.0D0,1.0D0,1.0D0,     0000043P   2840
1.0D0,1.0D0,1.0D0,1.0D0,1.0D0,1.0D0,1.0D0,1.0D0,1.0D0,1.0D0,     0000043P   2841
1.0D0,1.0D0,1.0D0,1.0D0,1.0D0,1.0D0,1.0D0,1.0D0,1.0D0,1.0D0,     0000043P   2842
1.0D0,1.0D0,1.0D0,1.0D0,1.0D0,1.0D0,1.0D0,1.0D0,1.0D0,1.0D0,     0000043P   2843
1.0D0,1.0D0,1.0D0,1.0D0,1.0D0,1.0D0,1.0D0,1.0D0,1.0D0,1.0D0,     0000043P   2844
1.0D0,1.0D0,1.0D0,1.0D0,1.0D0,1.0D0,1.0D0,1.0D0,1.0D0,1.0D0,     0000043P   2845
1.0D0,1.0D0,1.0D0,1.0D0,1.0D0,1.0D0,1.0D0,1.0D0,1.0D0,1.0D0,     0000043P   2846
1.0D0,1.0D0,1.0D0,1.0D0,1.0D0,1.0D0,1.0D0,1.0D0,1.0D0,1.0D0,     0000043P   2847
1.0D0,1.0D0,1.0D0,1.0D0,1.0D0,1.0D0,1.0D0,1.0D0,1.0D0,1.0D0,     0000043P   2848
1.0D0,1.0D0,1.0D0,1.0D0,1.0D0,1.0D0,1.0D0,1.0D0,1.0D0,1.0D0,     0000043P   2849
1.0D0,1.0D0,1.0D0,1.0D0,1.0D0,1.0D0,1.0D0,1.0D0,1.0D0,1.0D0,     0000043P   2850
1.0D0,1.0D0,1.0D0,1.0D0,1.0D0,1.0D0,1.0D0,1.0D0,1.0D0,1.0D0,     0000043P   2851
1.0D0,1.0D0,1.0D0,1.0D0,1.0D0,1.0D0,1.0D0,1.0D0,1.0D0,1.0D0,     0000043P   2852
1.0D0,1.0D0,1.0D0,1.0D0,1.0D0,1.0D0,1.0D0,1.0D0,1.0D0,1.0D0,     0000043P   2853
1.0D0,1.0D0,1.0D0,1.0D0,1.0D0,1.0D0,1.0D0,1.0D0,1.0D0,1.0D0,     0000043P   2854
1.0D0,1.0D0,1.0D0,1.0D0,1.0D0,1.0D0,1.0D0,1.0D0,1.0D0,1.0D0,     0000043P   2855
1.0D0,1.0D0,1.0D0,1.0D0,1.0D0,1.0D0,1.0D0,1.0D0,1.0D0,1.0D0,     0000043P   2856
1.0D0,1.0D0,1.0D0,1.0D0,1.0D0,1.0D0,1.0D0,1.0D0,1.0D0,1.0D0,     0000043P   2857
1.0D0,1.0D0,1.0D0,1.0D0,1.0D0,1.0D0,1.0D0,1.0D0,1.0D0,1.0D0,     0000043P   2858
1.0D0,1.0D0,1.0D0,1.0D0,1.0D0,1.0D0,1.0D0,1.0D0,1.0D0,1.0D0,     0000043P   2859
1.0D0,1.0D0,1.0D0,1.0D0,1.0D0,1.0D0,1.0D0,1.0D0,1.0D0,1.0D0,     0000043P   2860
1.0D0,1.0D0,1.0D0,1.0D0,1.0D0,1.0D0,1.0D0,1.0D0,1.0D0,1.0D0,     0000043P   2861
1.0D0,1.0D0,1.0D0,1.0D0,1.0D0,1.0D0,1.0D0,1.0D0,1.0D0,1.0D0,     0000043P   2862
1.0D0,1.0D0,1.0D0,1.0D0,1.0D0,1.0D0,1.0D0,1.0D0,1.0D0,1.0D0,     0000043P   2863
1.0D0,1.0D0,1.0D0,1.0D0,1.0D0,1.0D0,1.0D0,1.0D0,1.0D0,1.0D0,     0000043P   2864
1.0D0,1.0D0,1.0D0,1.0D0,1.0D0,1.0D0,1.0D0,1.0D0,1.0D0,1.0D0,     0000043P   2865
1.0D0,1.0D0,1.0D0,1.0D0,1.0D0,1.0D0,1.0D0,1.0D0,1.0D0,1.0D0,     0000043P   2866
1.0D0,1.0D0,1.0D0,1.0D0,1.0D0,1.0D0,1.0D0,1.0D0,1.0D0,1.0D0,     0000043P   2867
1.0D0,1.0D0,1.0D0,1.0D0,1.0D0,1.0D0,1.0D0,1.0D0,1.0D0,1.0D0,     0000043P   2868
1.0D0,1.0D0,1.0D0,1.0D0,1.0D0,1.0D0,1.0D0,1.0D0,1.0D0,1.0D0,     0000043P   2869
1.0D0,1.0D0,1.0D0,1.0D0,1.0D0,1.0D0,1.0D0,1.0D0,1.0D0,1.0D0,     0000043P   2870
1.0D0,1.0D0,1.0D0,1.0D0,1.0D0,1.0D0,1.0D0,1.0D0,1.0D0,1.0D0,     0000043P   2871
1.0D0,1.0D0,1.0D0,1.0D0,1.0D0,1.0D0,1.0D0,1.0D0,1.0D0,1.0D0,     0000043P   2872
1.0D0,1.0D0,1.0D0,1.0D0,1.0D0,1.0D0,1.0D0,1.0D0,1.0D0,1.0D0,     0000043P   2873
1.0D0,1.0D0,1.0D0,1.0D0,1.0D0,1.0D0,1.0D0,1.0D0,1.0D0,1.0D0,     0000043P   2874
1.0D0,1.0D0,1.0D0,1.0D0,1.0D0,1.0D0,1.0D0,1.0D0,1.0D0,1.0D0,     0000043P   2875
1.0D0,1.0D0,1.0D0,1.0D0,1.0D0,1.0D0,1.0D0,1.0D0,1.0D0,1.0D0,     0000043P   2876
1.0D0,1.0D0,1.0D0,1.0D0,1.0D0,1.0D0,1.0D0,1.0D0,1.0D0,1.0D0,     0000043P   2877
1.0D0,1.0D0,1.0D0,1.0D0,1.0D0,1.0D0,1.0D0,1.0D0,1.0D0,1.0D0,     0000043P   2878
1.0D0,1.0D0,1.0D0,1.0D0,1.0D0,1.0D0,1.0D0,1.0D0,1.0D0,1.0D0,     0000043P   2879
1.0D0,1.0D0,1.0D0,1.0D0,1.0D0,1.0D0,1.0D0,1.0D0,1.0D0,1.0D0,     0000043P   2880
1.0D0,1.0D0,1.0D0,1.0D0,1.0D0,1.0D0,1.0D0,1.0D0,1.0D0,1.0D0,     0000043P   2881
1.0D0,1.0D0,1.0D0,1.0D0,1.0D0,1.0D0,1.0D0,1.0D0,1.0D0,1.0D0,     0000043P   2882
1.0D0,1.0D0,1.0D0,1.0D0,1.0D0,1.0D0,1.0D0,1.0D0,1.0D0,1.0D0,     0000043P   2883
1.0D0,1.0D0,1.0D0,1.0D0,1.0D0,1.0D0,1.0D0,1.0D0,1.0D0,1.0D0,     0000043P   2884
1.0D0,1.0D0,1.0D0,1.0D0,1.0D0,1.0D0,1.0D0,1.0D0,1.0D0,1.0D0,     0000043P   2885
1.0D0,1.0D0,1.0D0,1.0D0,1.0D0,1.0D0,1.0D0,1.0D0,1.0D0,1.0D0,     0000043P   2886
1.0D0,1.0D0,1.0D0,1.0D0,1.0D0,1.0D0,1.0D0,1.0D0,1.0D0,1.0D0,     0000043P   2887
1.0D0,1.0D0,1.0D0,1.0D0,1.0D0,1.0D0,1.0D0,1.0D0,1.0D0,1.0D0,     0000043P   2888
1.0D0,1.0D0,1.0D0,1.0D0,1.0D0,1.0D0,1.0D0,1.0D0,1.0D0,1.0D0,     0000043P   2889
1.0D0,1.0D0,1.0D0,1.0D0,1.0D0,1.0D0,1.0D0,1.0D0,1.0D0,1.0D0,     0000043P   2890
1.0D0,1.0D0,1.0D0,1.0D0,1.0D0,1.0D0,1.0D0,1.0D0,1.0D0,1.0D0,     0000043P   2891
1.0D0,1.0D0,1.0D0,1.0D0,1.0D0,1.0D0,1.0D0,1.0D0,1.0D0,1.0D0,     0000043P   2892
1.0D0,1.0D0,1.0D0,1.0D0,1.0D0,1.0D0,1.0D0,1.0D0,1.0D0,1.0D0,     0000043P   2893
1.0D0,1.0D0,1.0D0,1.0D0,1.0D0,1.0D0,1.0D0,1.0D0,1.0D0,1.0D0,     0000043P   2894
1.0D0,1.0D0,1.0D0,1.0D0,1.0D0,1.0D0,1.0D0,1.0D0,1.0D0,1.0D0,     0000043P   2895
1.0D0,1.0D0,1.0D0,1.0D0,1.0D0,1.0D0,1.0D0,1.0D0,1.0D0,1.0D0,     0000043P   2896
1.0D0,1.0D0,1.0D0,1.0D0,1.0D0,1.0D0,1.0D0,1.0D0,1.0D0,1.0D0,     0000043P   2897
1.0D0,1.0D0,1.0D0,1.0D0,1.0D0,1.0D0,1.0D0,1.0D0,1.0D0,1.0D0,     0000043P   2898
1.0D0,1.0D0,1.0D0,1.0D0,1.0D0,1.0D0,1.0D0,1.0D0,1.0D0,1.0D0,     0000043P   2899
1.0D0,1.0D0,1.0D0,1.0D0,1.0D0,1.0D0,1.0D0,1.0D0,1.0D0,1.0D0,     0000043P   2900
1.0D0,1.0D0,1.0D0,1.0D0,1.0D0,1.0D0,1.0D0,1.0D0,1.0D0,1.0D0,     0000043P   2901
1.0D0,1.0D0,1.0D0,1.0D0,1.0D0,1.0D0,1.0D0,1.0D0,1.0D0,1.0D0,     0000043P   2902
1.0D0,1.0D0,1.0D0,1.0D0,1.0D0,1.0D0,1.0D0,1.0D0,1.0D0,1.0D0,     0000043P   2903
1.0D0,1.0D0,1.0D0,1.0D0,1.0D0,1.0D0,1.0D0,1.0D0,1.0D0,1.0D0,     0000043P   2904
1.0D0,1.0D0,1.0D0,1.0D0,1.0D0,1.0D0,1.0D0,1.0D0,1.0D0,1.0D0,     0000043P   2905
1.0D0,1.0D0,1.0D0,1.0D0,1.0D0,1.0D0,1.0D0,1.0D0,1.0D0,1.0D0,     0000043P   2906
1.0D0,1.0D0,1.0D0,1.0D0,1.0D0,1.0D0,1.0D0,1.0D0,1.0D0,1.0D0,     0000043P   2907
1.0D0,1.0D0,1.0D0,1.0D0,1.0D0,1.0D0,1.0D0,1.0D0,1.0D0,1.0D0,     0000043P   2908
1.0D0,1.0D0,1.0D0,1.0D0,1.0D0,1.0D0,1.0D0,1.0D0,1.0D0,1.0D0,     0000043P   2909
1.0D0,1.0D0,1.0D0,1.0D0,1.0D0,1.0D0,1.0D0,1.0D0,1.0D0,1.0D0,     0000043P   2910
1.0D0,1.0D0,1.0D0,1.0D0,1.0D0,1.0D0,1.0D0,1.0D0,1.0D0,1.0D0,     0000043P   2911
1.0D0,1.0D0,1.0D0,1.0D0,1.0D0,1.0D0,1.0D0,1.0D0,1.0D0,1.0D0,     0000043P   2912
1.0D0,1.0D0,1.0D0,1.0D0,1.0D0,1.0D0,1.0D0,1.0D0,1.0D0,1.0D0,     0000043P   2913
1.0D0,1.0D0,1.0D0,1.0D0,1.0D0,1.0D0,1.0D0,1.0D0,1.0D0,1.0D0,     0000043P   2914
1.0D0,1.0D0,1.0D0,1.0D0,1.0D0,1.0D0,1.0D0,1.0D0,1.0D0,1.0D0,     0000043P   2915
1.0D0,1.0D0,1.0D0,1.0D0,1.0D0,1.0D0,1.0D0,1.0D0,1.0D0,1.0D0,     0000043P   2916
1.0D0,1.0D0,1.0D0,1.0D0,1.0D0,1.0D0,1.0D0,1.0D0,1.0D0,1.0D0,     0000043P   2917
1.0D0,1.0D0,1.0D0,1.0D0,1.0D0,1.0D0,1.0D0,1.0D0,1.0D0,1.0D0,     0000043P   2918
1.0D0,1.0D0,1.0D0,1.0D0,1.0D0,1.0D0,1.0D0,1.0D0,1.0D0,1.0D0,     0000043P   2919
1.0D0,1.0D0,1.0D0,1.0D0,1.0D0,1.0D0,1.0D0,1.0D0,1.0D0,1.0D0,     0000043P   2920
1.0D0,1.0D0,1.0D0,1.0D0,1.0D0,1.0D0,1.0D0,1.0D0,1.0D0,1.0D0,     0000043P   2921
1.0D0,1.0D0,1.0D0,1.0D0,1.0D0,1.0D0,1.0D0,1.0D0,1.0D0,1.0D0,     0000043P   2922
1.0D0,1.0D0,1.0D0,1.0D0,1.0D0,1.0D0,1.0D0,1.0D0,1.0D0,1.0D0,     0000043P   2923
1.0D0,1.0D0,1.0D0,1.0D0,1.0D0,1.0D0,1.0D0,1.0D0,1.0D0,1.0D0,     0000043P   2924
1.0D0,1.0D0,1.0D0,1.0D0,1.0D0,1.0D0,1.0D0,1.0D0,1.0D0,1.0D0,     0000043P   2925
1.0D0,1.0D0,1.0D0,1.0D0,1.0D0,1.0D0,1.0D0,1.0D0,1.0D0,1.0D0,     0000043P   2926
1.0D0,1.0D0,1.0D0,1.0D0,1.0D0,1.0D0,1.0D0,1.0D0,1.0D0,1.0D0,     0000043P   2927
1.0D0,1.0D0,1.0D0,1.0D0,1.0D0,1.0D0,1.0D0,1.0D0,1.0D0,1.0D0,     0000043P   2928
1.0D0,1.0D0,1.0D0,1.0D0,1.0D0,1.0D0,1.0D0,1.0D0,1.0D0,1.0D0,     0000043P   2929
1.0D0,1.0D0,1.0D0,1.0D0,1.0D0,1.0D0,1.0D0,1.0D0,1.0D0,1.0D0,     0000043P   2930
1.0D0,1.0D0,1.0D0,1.0D0,1.0D0,1.0D0,1.0D0,1.0D0,1.0D0,1.0D0,     0000043P   2931
1.0D0,1.0D0,1.0D0,1.0D0,1.0D0,1.0D0,1.0D0,1.0D0,1.0D0,1.0D0,     0000043P   2932
1.0D0,1.0D0,1.0D0,1.0D0,1.0D0,1.0D0,1.0D0,1.0D0,1.0D0,1.0D0,     0000043P   2933
1.0D0,1.0D0,1.0D0,1.0D0,1.0D0,1.0D0,1.0D0,1.0D0,1.0D0,1.0D0,     0000043P   2934
1.0D0,1.0D0,1.0D0,1.0D0,1.0D0,1.0D0,1.0D0,1.0D0,1.0D0,1.0D0,     0000043P   2935
1.0D0,1.0D0,1.0D0,1.0D0,1.0D0,1.0D0,1.0D0,1.0D0,1.0D0,1.0D0,     0000043P   2936
1.0D0,1.0D0,1.0D0,1.0D0,1.0D0,1.0D0,1.0D0,1.0D0,1.0D0,1.0D0,     0000043P   2937
1.0D0,1.0D0,1.0D0,1.0D0,1.0D0,1.0D0,1.0D0,1.0D0,1.0D0,1.0D0,     0000043P   2938
1.0D0,1.0D0,1.0D0,1.0D0,1.0D0,1.0D0,1.0D0,1.0D0,1.0D0,1.0D0,     0000043P   2939
1.0D0,1.0D0,1.0D0,1.0D0,1.0D0,1.0D0,1.0D0,1.0D0,1.0D0,1.0D0,     0000043P   2940
1.0D0,1.0D0,1.0D0,1.0D0,1.0D0,1.0D0,1.0D0,1.0D0,1.0D0,1.0D0,     0000043P   2941
1.0D0,1.0D0,1.0D0,1.0D0,1.0D0,1.0D0,1.0D0,1.0D0,1.0D0,1.0D0,     0000043P   2942
1.0D0,1.0D0,1.0D0,1.0D0,1.0D0,1.0D0,1.0D0,1.0D0,1.0D0,1.0D0,     0000043P   2943
1.0D0,1.0D0,1.0D0,1.0D0,1.0D0,1.0D0,1.0D0,1.0D0,1.0D0,1.0D0,     0000043P   2944
1.0D0,1.0D0,1.0D0,1.0D0,1.0D0,1.0D0,1.0D0,1.0D0,1.0D0,1.0D0,     0000043P   2945
1.0D0,1.0D0,1.0D0,-0.8418369999999999D0,0.0D0,0.201889D0,        0000043P   2946
-0.8418369999999999D0,-0.004182678222115335D0,                   0000043P   2947
0.2018888575591935D0,-0.8418370000000004D0,                      0000043P   2948
-0.01254810181256912D0,0.201272373548665D0,                      0000043P   2949
-0.8418370000000003D0,-0.02504030529323732D0,                    0000043P   2950
0.1985151826196264D0,-0.8418369999999999D0,                      0000043P   2951
-0.03742352381789535D0,0.1939719313606709D0,                     0000043P   2952
-0.8418369999999998D0,-0.04965122558446829D0,                    0000043P   2953
0.1877200904602301D0,-0.8418370000000003D0,                      0000043P   2954
-0.06168273609819983D0,0.1798532271553698D0,                     0000043P   2955
-0.8418369999999999D0,-0.07348513724172695D0,                    0000043P   2956
0.1704855662462171D0,-0.8418370000000003D0,                      0000043P   2957
-0.08501967138879243D0,0.159739630542824D0,                      0000043P   2958
-0.8418369999999999D0,-0.09622468317872909D0,                    0000043P   2959
0.1477802496473647D0,-0.8418370000000004D0,                      0000043P   2960
-0.1069690079297594D0,0.1348599459255627D0,                      0000043P   2961
-0.8418370000000002D0,-0.117005722335144D0,0.1214223916228139D0, 0000043P   2962
-0.8418369999999999D0,-0.125976144437861D0,0.1081764309743908D0, 0000043P   2963
-0.8418369999999999D0,-0.1336093073616202D0,                     0000043P   2964
0.09585415610316821D0,-0.8418370000000001D0,                     0000043P   2965
-0.1399165232247888D0,0.08482831003028718D0,                     0000043P   2966
-0.8418369999999999D0,-0.1451131797362852D0,                     0000043P   2967
0.0750687525404193D0,-0.8418370000000001D0,-0.14944858978426D0,  0000043P   2968
0.06638865618932821D0,-0.8418370000000002D0,                     0000043P   2969
-0.1531249445294329D0,0.05858338863731135D0,                     0000043P   2970
-0.8418369999999999D0,-0.1563008052110855D0,0.051477255405767D0, 0000043P   2971
-0.8418370000000003D0,-0.159081037016433D0,                      0000043P   2972
0.04493739628260463D0,-0.8418369999999994D0,                     0000043P   2973
-0.1615527493539172D0,0.03885169580953966D0,                     0000043P   2974
-0.8418370000000002D0,-0.1637741696461353D0,                     0000043P   2975
0.03314475571699226D0,-0.8418369999999999D0,                     0000043P   2976
-0.1657807676667144D0,0.02777324523746443D0,                     0000043P   2977
-0.8418369999999999D0,-0.1676214939721043D0,                     0000043P   2978
0.02265581359077619D0,-0.8418369999999998D0,                     0000043P   2979
-0.1693314333130096D0,0.01772964833401517D0,                     0000043P   2980
-0.8418370000000002D0,-0.1709028235461302D0,                     0000043P   2981
0.0130394985975503D0,-0.8418369999999999D0,                      0000043P   2982
-0.1723383614342008D0,0.008611979623545167D0,                    0000043P   2983
-0.8418369999999999D0,-0.1736901338476936D0,                     0000043P   2984
0.004316852437371177D0,-0.8418370000000002D0,                    0000043P   2985
-0.1745646955411957D0,0.001451427312138857D0,                    0000043P   2986
-0.8418369999999998D0,-0.175D0,0.0D0,-0.8368004363220154D0,      0000043P   2987
0.0D0,0.2026850572900266D0,-0.8368004363220155D0,                0000043P   2988
-0.00418267835643767D0,0.2026849511403555D0,                     0000043P   2989
-0.8368004363220161D0,-0.01254810176185987D0,                    0000043P   2990
0.2020690500997611D0,-0.8368004363220154D0,                      0000043P   2991
-0.02504030530682713D0,0.1993149146580791D0,                     0000043P   2992
-0.8368004363220157D0,-0.03742352381425287D0,                    0000043P   2993
0.1947767474876288D0,-0.8368004363220152D0,                      0000043P   2994
-0.04965122558544444D0,0.1885316812351925D0,                     0000043P   2995
-0.8368004363220155D0,-0.06168273609793748D0,                    0000043P   2996
0.1806736630157018D0,-0.8368004363220156D0,                      0000043P   2997
-0.07348513724180006D0,0.171316067058544D0,                      0000043P   2998
-0.8368004363220153D0,-0.08501967138876232D0,                    0000043P   2999
0.1605816778923432D0,-0.8368004363220157D0,                      0000043P   3000
-0.09622468317877617D0,0.148633922203443D0,                      0000043P   3001
-0.8368004363220158D0,-0.1069690079296012D0,                     0000043P   3002
0.1357235129604618D0,-0.836800436322016D0,-0.1170057223357298D0, 0000043P   3003
0.122290875105062D0,-0.8368004363220152D0,-0.1259761444356782D0, 0000043P   3004
0.1090404202006505D0,-0.8368004363220155D0,                      0000043P   3005
-0.1336093073697148D0,0.09670153213327426D0,                     0000043P   3006
-0.8368004363220157D0,-0.1399165231934114D0,                     0000043P   3007
0.08564752698871358D0,-0.8368004363220157D0,                     0000043P   3008
-0.1451131798482713D0,0.07585062409065915D0,                     0000043P   3009
-0.8368004363220156D0,-0.1494485894551964D0,                     0000043P   3010
0.0671263914115918D0,-0.8368004363220156D0,                      0000043P   3011
-0.1531249454821981D0,0.05927168446921538D0,                     0000043P   3012
-0.8368004363220155D0,-0.1563008025391069D0,                     0000043P   3013
0.0521120031343191D0,-0.8368004363220158D0,                      0000043P   3014
-0.1590810426073586D0,0.04551569958387798D0,                     0000043P   3015
-0.8368004363220145D0,-0.1615527460137553D0,                     0000043P   3016
0.03937118247281979D0,-0.8368004363220161D0,                     0000043P   3017
-0.1637741494416215D0,0.03360343977628228D0,                     0000043P   3018
-0.8368004363220156D0,-0.1657808087339178D0,                     0000043P   3019
0.02816948852176389D0,-0.8368004363220155D0,                     0000043P   3020
-0.1676215419214135D0,0.02298836809513682D0,                     0000043P   3021
-0.8368004363220152D0,-0.1693312890404286D0,                     0000043P   3022
0.01799755312569298D0,-0.8368004363220156D0,                     0000043P   3023
-0.1709026400670187D0,0.01324164329106934D0,                     0000043P   3024
-0.8368004363220156D0,-0.1723386415284328D0,                     0000043P   3025
0.008747187854466799D0,-0.8368004363220154D0,                    0000043P   3026
-0.1736908234076563D0,0.004384486136176458D0,                    0000043P   3027
-0.8368004363220154D0,-0.1745651038901008D0,                     0000043P   3028
0.001473938635213306D0,-0.8368004363220156D0,-0.175D0,0.0D0,     0000043P   3029
-0.8267279032300354D0,0.0D0,0.2042864307022405D0,                0000043P   3030
-0.8267279032300346D0,-0.00418267860932628D0,                    0000043P   3031
0.2042863929430651D0,-0.8267279032300368D0,                      0000043P   3032
-0.01254810166638955D0,0.2036715789932041D0,                     0000043P   3033
-0.8267279032300353D0,-0.02504030533241274D0,                    0000043P   3034
0.2009232126205389D0,-0.8267279032300359D0,                      0000043P   3035
-0.03742352380739516D0,0.1963946495951446D0,                     0000043P   3036
-0.8267279032300354D0,-0.04965122558728244D0,                    0000043P   3037
0.1901623403771998D0,-0.8267279032300356D0,                      0000043P   3038
-0.06168273609744354D0,0.1823210487725795D0,                     0000043P   3039
-0.8267279032300359D0,-0.07348513724193807D0,                    0000043P   3040
0.1729823990812927D0,-0.8267279032300354D0,                      0000043P   3041
-0.0850196713887046D0,0.1622697857792483D0,                      0000043P   3042
-0.8267279032300359D0,-0.09622468317886976D0,                    0000043P   3043
0.1503438079647137D0,-0.8267279032300356D0,                      0000043P   3044
-0.1069690079292849D0,0.1374516304926628D0,                      0000043P   3045
-0.8267279032300355D0,-0.1170057223369012D0,0.12402731354313D0,  0000043P   3046
-0.8267279032300358D0,-0.1259761444313136D0,                     0000043P   3047
0.1107665301452754D0,-0.8267279032300355D0,                      0000043P   3048
-0.1336093073859021D0,0.09839334392588474D0,                     0000043P   3049
-0.8267279032300354D0,-0.1399165231306655D0,                     0000043P   3050
0.08728226771322184D0,-0.8267279032300356D0,                     0000043P   3051
-0.1451131800722104D0,0.07741020347735403D0,                     0000043P   3052
-0.8267279032300353D0,-0.1494485887971654D0,                     0000043P   3053
0.06859747480037678D0,-0.8267279032300359D0,                     0000043P   3054
-0.1531249473874497D0,0.06064382253766582D0,                     0000043P   3055
-0.8267279032300356D0,-0.1563007971959323D0,0.05337710824015D0,  0000043P   3056
-0.8267279032300354D0,-0.1590810537875721D0,                     0000043P   3057
0.04666809849338348D0,-0.8267279032300354D0,                     0000043P   3058
-0.1615527393344102D0,0.0404062137528028D0,                      0000043P   3059
-0.8267279032300354D0,-0.1637741090385122D0,                     0000043P   3060
0.03451719784259268D0,-0.8267279032300354D0,                     0000043P   3061
-0.1657808908562942D0,0.02895876586655864D0,                     0000043P   3062
-0.8267279032300354D0,-0.1676216378059849D0,                     0000043P   3063
0.02365071733390494D0,-0.8267279032300353D0,                     0000043P   3064
-0.1693310005375325D0,0.01853108444210958D0,                     0000043P   3065
-0.8267279032300359D0,-0.1709022731625475D0,                     0000043P   3066
0.01364417736087188D0,-0.8267279032300356D0,                     0000043P   3067
-0.1723392016348418D0,0.009016419558551189D0,                    0000043P   3068
-0.8267279032300353D0,-0.1736922023255696D0,                     0000043P   3069
0.004519163344178927D0,-0.8267279032300355D0,                    0000043P   3070
-0.1745659204682824D0,0.001518766885273789D0,                    0000043P   3071
-0.8267279032300354D0,-0.175D0,0.0D0,-0.8116168751021087D0,      0000043P   3072
0.0D0,0.2066537701999585D0,-0.8116168751021094D0,                0000043P   3073
-0.004182679047744456D0,0.2066538507456822D0,                    0000043P   3074
-0.8116168751021082D0,-0.01254810150087827D0,                    0000043P   3075
0.2060409631161797D0,-0.8116168751021091D0,                      0000043P   3076
-0.02504030537676894D0,0.2033025324934002D0,                     0000043P   3077
-0.8116168751021088D0,-0.03742352379550638D0,                    0000043P   3078
0.1987904908054186D0,-0.8116168751021084D0,                      0000043P   3079
-0.04965122559046863D0,0.1925802881199024D0,                     0000043P   3080
-0.8116168751021087D0,-0.06168273609658756D0,                    0000043P   3081
0.1847676997720955D0,-0.8116168751021088D0,                      0000043P   3082
-0.07348513724217574D0,0.17546190812256D0,-0.8116168751021091D0, 0000043P   3083
-0.08501967138860939D0,0.1647868981551071D0,                     0000043P   3084
-0.8116168751021087D0,-0.0962246831790122D0,                     0000043P   3085
0.1528991091724431D0,-0.8116168751021092D0,                      0000043P   3086
-0.1069690079288098D0,0.1400401188069534D0,                      0000043P   3087
-0.8116168751021084D0,-0.117005722338659D0,0.1266339531743373D0, 0000043P   3088
-0.811616875102109D0,-0.1259761444247641D0,0.113362701966817D0,  0000043P   3089
-0.8116168751021086D0,-0.1336093074101919D0,                     0000043P   3090
0.1009420876183062D0,-0.8116168751021089D0,                      0000043P   3091
-0.1399165230365123D0,0.08974822827127657D0,                     0000043P   3092
-0.8116168751021086D0,-0.1451131804082422D0,                     0000043P   3093
0.07976518648408937D0,-0.8116168751021093D0,                     0000043P   3094
-0.1494485878097577D0,0.07082055134258786D0,                     0000043P   3095
-0.8116168751021084D0,-0.1531249502463736D0,                     0000043P   3096
0.06271873062293253D0,-0.8116168751021092D0,                     0000043P   3097
-0.1563007891782352D0,0.05529122971617163D0,                     0000043P   3098
-0.8116168751021091D0,-0.1590810705640341D0,                     0000043P   3099
0.0484124757065465D0,-0.8116168751021083D0,-0.161552729311723D0, 0000043P   3100
0.04197354334744172D0,-0.8116168751021089D0,                     0000043P   3101
-0.1637740484116526D0,0.03590137263806983D0,                     0000043P   3102
-0.8116168751021084D0,-0.1657810140849745D0,                     0000043P   3103
0.03015471647301642D0,-0.8116168751021088D0,                     0000043P   3104
-0.1676217816855186D0,0.02465459032938156D0,                     0000043P   3105
-0.8116168751021089D0,-0.1693305676246913D0,                     0000043P   3106
0.0193399249177558D0,-0.8116168751021088D0,                      0000043P   3107
-0.1709017226042721D0,0.01425456090520905D0,                     0000043P   3108
-0.8116168751021089D0,-0.1723400421021636D0,                     0000043P   3109
0.009424709956273583D0,-0.8116168751021087D0,                    0000043P   3110
-0.1736942714599847D0,0.004723392367212998D0,                    0000043P   3111
-0.8116168751021089D0,-0.174567145784163D0,                      0000043P   3112
0.001586738245696076D0,-0.8116168751021087D0,                    0000043P   3113
-0.1749999999999999D0,0.0D0,-0.7965129781420413D0,0.0D0,         0000043P   3114
0.209132215683606D0,-0.7965129781420403D0,                       0000043P   3115
-0.004182679297089796D0,0.2091323642329322D0,                    0000043P   3116
-0.7965129781420425D0,-0.01254810140674561D0,                    0000043P   3117
0.2085204567341576D0,-0.7965129781420411D0,                      0000043P   3118
-0.02504030540199608D0,0.2057878589929105D0,                     0000043P   3119
-0.7965129781420414D0,-0.03742352378874469D0,                    0000043P   3120
0.2012855702588921D0,-0.7965129781420413D0,                      0000043P   3121
-0.04965122559228104D0,0.1950879669675907D0,                     0000043P   3122
-0.7965129781420416D0,-0.06168273609609971D0,                    0000043P   3123
0.1872925192061729D0,-0.7965129781420415D0,                      0000043P   3124
-0.07348513724231495D0,0.1780053819409654D0,                     0000043P   3125
-0.7965129781420411D0,-0.08501967138854083D0,                    0000043P   3126
0.1673521687853612D0,-0.7965129781420415D0,                      0000043P   3127
-0.09622468317914763D0,0.1554848981695375D0,                     0000043P   3128
-0.7965129781420414D0,-0.1069690079283372D0,                     0000043P   3129
0.1426404086700784D0,-0.7965129781420415D0,                      0000043P   3130
-0.1170057223404143D0,0.1292342504884078D0,                      0000043P   3131
-0.7965129781420404D0,-0.1259761444182225D0,                     0000043P   3132
0.1159364516936248D0,-0.7965129781420417D0,                      0000043P   3133
-0.1336093074344529D0,0.1034555480995093D0,-0.796512978142041D0, 0000043P   3134
-0.1399165229424696D0,0.09216987052119555D0,                     0000043P   3135
-0.7965129781420417D0,-0.1451131807438804D0,                     0000043P   3136
0.08207020492540693D0,-0.7965129781420406D0,                     0000043P   3137
-0.1494485868235068D0,0.07299098321589109D0,                     0000043P   3138
-0.7965129781420417D0,-0.153124953101948D0,                      0000043P   3139
0.06474019556390785D0,-0.7965129781420411D0,                     0000043P   3140
-0.1563007811699314D0,0.05715266697691204D0,                     0000043P   3141
-0.7965129781420415D0,-0.1590810873208418D0,                     0000043P   3142
0.05010636060321396D0,-0.7965129781420409D0,                     0000043P   3143
-0.1615527193007781D0,0.04349356838315478D0,                     0000043P   3144
-0.7965129781420415D0,-0.1637739878558212D0,                     0000043P   3145
0.03724222680630952D0,-0.7965129781420408D0,                     0000043P   3146
-0.1657811371692835D0,0.03131215639382415D0,                     0000043P   3147
-0.7965129781420417D0,-0.1676219253964869D0,                     0000043P   3148
0.02562534608541975D0,-0.7965129781420404D0,                     0000043P   3149
-0.1693301352190396D0,0.02012142619013382D0,                     0000043P   3150
-0.7965129781420419D0,-0.1709011726910162D0,                     0000043P   3151
0.01484388064271938D0,-0.7965129781420401D0,                     0000043P   3152
-0.1723408815848166D0,0.009818783260889374D0,                    0000043P   3153
-0.7965129781420419D0,-0.1736963381702567D0,                     0000043P   3154
0.004920539114949872D0,-0.7965129781420405D0,                    0000043P   3155
-0.1745683696644962D0,0.001652376853057359D0,                    0000043P   3156
-0.7965129781420413D0,-0.1750000000000001D0,0.0D0,               0000043P   3157
-0.7813827850004943D0,0.0D0,0.2112009578441379D0,                0000043P   3158
-0.7813827850004952D0,-0.004182680243641199D0,                   0000043P   3159
0.2112013598830972D0,-0.7813827850004944D0,                      0000043P   3160
-0.01254810104940431D0,0.2105939215893162D0,                     0000043P   3161
-0.7813827850004946D0,-0.02504030549776172D0,                    0000043P   3162
0.2078822860566545D0,-0.7813827850004942D0,                      0000043P   3163
-0.03742352376307684D0,0.2034147086905666D0,                     0000043P   3164
-0.7813827850004945D0,-0.04965122559915933D0,                    0000043P   3165
0.1972647623656447D0,-0.7813827850004937D0,                      0000043P   3166
-0.06168273609425433D0,0.1895290925378053D0,                     0000043P   3167
-0.7813827850004943D0,-0.07348513724281776D0,                    0000043P   3168
0.1803129856436743D0,-0.7813827850004942D0,                      0000043P   3169
-0.08501967138837464D0,0.1697398558525331D0,                     0000043P   3170
-0.7813827850004945D0,-0.09622468317930946D0,                    0000043P   3171
0.1579582634433474D0,-0.7813827850004944D0,                      0000043P   3172
-0.1069690079278555D0,0.1451971803218771D0,                      0000043P   3173
-0.7813827850004941D0,-0.1170057223421789D0,                     0000043P   3174
0.1318579350969208D0,-0.7813827850004952D0,                      0000043P   3175
-0.1259761444116518D0,0.1185928828947635D0,                      0000043P   3176
-0.7813827850004936D0,-0.1336093074588191D0,                     0000043P   3177
0.1060991154220798D0,-0.7813827850004944D0,                      0000043P   3178
-0.1399165228480199D0,0.09475493653236523D0,                     0000043P   3179
-0.7813827850004936D0,-0.1451131810809701D0,                     0000043P   3180
0.08455946770170292D0,-0.781382785000495D0,-0.14944858583299D0,  0000043P   3181
0.07535554230579217D0,-0.7813827850004941D0,                     0000043P   3182
-0.1531249559698734D0,0.06695873209945774D0,                     0000043P   3183
-0.7813827850004941D0,-0.1563007731269896D0,                     0000043P   3184
0.05920837728150204D0,-0.7813827850004952D0,                     0000043P   3185
-0.1590811041501262D0,0.05198643591695895D0,                     0000043P   3186
-0.781382785000494D0,-0.1615527092465337D0,                      0000043P   3187
0.04518802897990687D0,-0.7813827850004943D0,                     0000043P   3188
-0.163773927038071D0,0.03874282578748772D0,                      0000043P   3189
-0.7813827850004944D0,-0.1657812607859621D0,                     0000043P   3190
0.0326116044679663D0,-0.7813827850004939D0,-0.16762206972904D0,  0000043P   3191
0.02671822166188735D0,-0.7813827850004946D0,                     0000043P   3192
-0.1693297009431278D0,0.02100374077456323D0,                     0000043P   3193
-0.7813827850004941D0,-0.1709006203992508D0,                     0000043P   3194
0.01551087316790375D0,-0.7813827850004949D0,                     0000043P   3195
-0.1723417246984371D0,0.01026528209633576D0,                     0000043P   3196
-0.781382785000494D0,-0.1736984138195553D0,                      0000043P   3197
0.005143801752845165D0,-0.7813827850004944D0,                    0000043P   3198
-0.1745695988384106D0,0.001726617487331097D0,                    0000043P   3199
-0.781382785000494D0,-0.1749999999999999D0,0.0D0,                0000043P   3200
-0.7662419222446957D0,0.0D0,0.2131027351064541D0,                0000043P   3201
-0.7662419222446951D0,-0.004182681469585687D0,                   0000043P   3202
0.2131034595907654D0,-0.7662419222446966D0,                      0000043P   3203
-0.01254810058658673D0,0.2125019206295204D0,                     0000043P   3204
-0.7662419222446959D0,-0.0250403056217945D0,                     0000043P   3205
0.2098174272847744D0,-0.7662419222446956D0,                      0000043P   3206
-0.03742352372983267D0,0.2053947553773314D0,                     0000043P   3207
-0.766241922244696D0,-0.04965122560806774D0,                     0000043P   3208
0.1993067812128124D0,-0.7662419222446962D0,                      0000043P   3209
-0.06168273609186513D0,0.1916483152050067D0,                     0000043P   3210
-0.7662419222446959D0,-0.07348513724346642D0,                    0000043P   3211
0.1825246250121172D0,-0.7662419222446961D0,                      0000043P   3212
-0.08501967138816927D0,0.172055396390173D0,                      0000043P   3213
-0.7662419222446956D0,-0.09622468317948223D0,                    0000043P   3214
0.1603860981030174D0,-0.7662419222446958D0,                      0000043P   3215
-0.1069690079273704D0,0.1477365574262563D0,                      0000043P   3216
-0.7662419222446957D0,-0.1170057223439468D0,0.134491554753243D0, 0000043P   3217
-0.7662419222446955D0,-0.1259761444050725D0,0.121283472239752D0, 0000043P   3218
-0.7662419222446958D0,-0.1336093074832179D0,                     0000043P   3219
0.1087961973147823D0,-0.7662419222446957D0,-0.139916522753444D0, 0000043P   3220
0.09740710615114984D0,-0.7662419222446959D0,                     0000043P   3221
-0.1451131814185102D0,0.08712432042789314D0,                     0000043P   3222
-0.7662419222446956D0,-0.1494485848411504D0,                     0000043P   3223
0.07779971673113892D0,-0.7662419222446961D0,                     0000043P   3224
-0.1531249588416298D0,0.06925805904155177D0,                     0000043P   3225
-0.766241922244696D0,-0.1563007650733046D0,                      0000043P   3226
0.06134371267379605D0,-0.7662419222446957D0,                     0000043P   3227
-0.1590811210018906D0,0.05394281034378434D0,                     0000043P   3228
-0.7662419222446959D0,-0.1615526991788589D0,                     0000043P   3229
0.0469539591190506D0,-0.7662419222446957D0,                      0000043P   3230
-0.1637738661390847D0,0.04030886570883833D0,                     0000043P   3231
-0.7662419222446957D0,-0.1657813845677601D0,                     0000043P   3232
0.03396922436097276D0,-0.7662419222446958D0,                     0000043P   3233
-0.1676222142543844D0,0.02786112118930749D0,                     0000043P   3234
-0.7662419222446952D0,-0.169329266087136D0,                      0000043P   3235
0.02192734862908113D0,-0.7662419222446962D0,                     0000043P   3236
-0.1709000673697679D0,0.0162096776965592D0,                      0000043P   3237
-0.7662419222446957D0,-0.172342568938238D0,                      0000043P   3238
0.01073325156702312D0,-0.7662419222446959D0,                     0000043P   3239
-0.1737004922413817D0,0.005377760139883443D0,                    0000043P   3240
-0.7662419222446953D0,-0.1745708296541819D0,                     0000043P   3241
0.001804381210336161D0,-0.7662419222446956D0,-0.175D0,0.0D0,     0000043P   3242
-0.7511043098628052D0,0.0D0,0.2150576286833908D0,                0000043P   3243
-0.7511043098628054D0,-0.004182682621223998D0,                   0000043P   3244
0.2150586740937134D0,-0.7511043098628052D0,                      0000043P   3245
-0.01254810015182118D0,0.2144625541496277D0,                     0000043P   3246
-0.751104309862805D0,-0.02504030573830948D0,                     0000043P   3247
0.2118031927121008D0,-0.7511043098628056D0,                      0000043P   3248
-0.03742352369860347D0,0.2074221128227852D0,                     0000043P   3249
-0.7511043098628043D0,-0.0496512256164362D0,                     0000043P   3250
0.2013914696262876D0,-0.7511043098628054D0,                      0000043P   3251
-0.06168273608962049D0,0.1938045097611692D0,                     0000043P   3252
-0.7511043098628053D0,-0.07348513724407632D0,                    0000043P   3253
0.1847663042298479D0,-0.7511043098628051D0,                      0000043P   3254
-0.08501967138797437D0,0.1743932011649756D0,                     0000043P   3255
-0.7511043098628059D0,-0.09622468317965201D0,                    0000043P   3256
0.1628275402605228D0,-0.7511043098628053D0,                      0000043P   3257
-0.1069690079268856D0,0.1502804210998162D0,                      0000043P   3258
-0.7511043098628057D0,-0.117005722345716D0,0.1371207701965486D0, 0000043P   3259
-0.7511043098628051D0,-0.1259761443984872D0,0.123961769268264D0, 0000043P   3260
-0.7511043098628052D0,-0.1336093075076379D0,                     0000043P   3261
0.1114747387686048D0,-0.7511043098628051D0,                      0000043P   3262
-0.1399165226587865D0,0.1000363768337616D0,                      0000043P   3263
-0.7511043098628053D0,-0.145113181756342D0,                      0000043P   3264
0.08966357013053833D0,-0.7511043098628052D0,                     0000043P   3265
-0.1494485838484531D0,0.08021701415604782D0,                     0000043P   3266
-0.7511043098628054D0,-0.1531249617158682D0,                     0000043P   3267
0.07153021160263605D0,-0.7511043098628051D0,                     0000043P   3268
-0.1563007570126587D0,0.06345232083475438D0,                     0000043P   3269
-0.7511043098628056D0,-0.1590811378682198D0,                     0000043P   3270
0.05587361438345602D0,-0.7511043098628045D0,                     0000043P   3271
-0.1615526891024831D0,0.04869597579647891D0,                     0000043P   3272
-0.7511043098628054D0,-0.1637738051874623D0,                     0000043P   3273
0.04185303847412045D0,-0.751104309862805D0,                      0000043P   3274
-0.1657815084565444D0,0.03530741567833317D0,                     0000043P   3275
-0.7511043098628054D0,-0.1676223589046424D0,                     0000043P   3276
0.02898731607077017D0,-0.7511043098628045D0,                     0000043P   3277
-0.1693288308552952D0,0.0228371761607464D0,                      0000043P   3278
-0.7511043098628054D0,-0.1708995138622968D0,                     0000043P   3279
0.01689787478172218D0,-0.7511043098628052D0,                     0000043P   3280
-0.1723434139077216D0,0.01119406487452692D0,                     0000043P   3281
-0.7511043098628053D0,-0.1737025724596033D0,                     0000043P   3282
0.005608153307874697D0,-0.7511043098628054D0,                    0000043P   3283
-0.1745720615337563D0,0.001880970172920986D0,                    0000043P   3284
-0.7511043098628052D0,-0.1749999999999999D0,0.0D0,               0000043P   3285
-0.7359643655995342D0,0.0D0,0.2169670219000612D0,                0000043P   3286
-0.7359643655995343D0,-0.004182683790693916D0,                   0000043P   3287
0.2169683253580387D0,-0.7359643655995344D0,                      0000043P   3288
-0.01254809971032385D0,0.2163781155650767D0,                     0000043P   3289
-0.7359643655995348D0,-0.02504030585662852D0,                    0000043P   3290
0.2137457471782263D0,-0.735964365599534D0,                       0000043P   3291
-0.03742352366689077D0,0.2094093189783925D0,                     0000043P   3292
-0.7359643655995343D0,-0.04965122562493426D0,                    0000043P   3293
0.2034402563254188D0,-0.735964365599534D0,                       0000043P   3294
-0.06168273608734123D0,0.1959301674259184D0,                     0000043P   3295
-0.7359643655995343D0,-0.07348513724469551D0,                    0000043P   3296
0.1869837883846931D0,-0.7359643655995342D0,                      0000043P   3297
-0.08501967138777702D0,0.1767140955206594D0,                     0000043P   3298
-0.7359643655995342D0,-0.09622468317982213D0,                    0000043P   3299
0.1652600830408263D0,-0.7359643655995344D0,-0.106969007926403D0, 0000043P   3300
0.1528237330440731D0,-0.7359643655995336D0,                      0000043P   3301
-0.1170057223474766D0,0.1397576674441125D0,                      0000043P   3302
-0.7359643655995348D0,-0.1259761443919339D0,                     0000043P   3303
0.1266550774188316D0,-0.735964365599534D0,-0.1336093075319407D0, 0000043P   3304
0.1141739274078152D0,-0.7359643655995342D0,                      0000043P   3305
-0.1399165225645822D0,0.1026901396534503D0,                      0000043P   3306
-0.7359643655995345D0,-0.1451131820925566D0,                     0000043P   3307
0.09222964197746943D0,-0.7359643655995338D0,                     0000043P   3308
-0.1494485828605083D0,0.08266220424726242D0,                     0000043P   3309
-0.7359643655995342D0,-0.1531249645763475D0,                     0000043P   3310
0.0738302712812156D0,-0.735964365599534D0,-0.1563007489905996D0, 0000043P   3311
0.06558821283335106D0,-0.7359643655995344D0,                     0000043P   3312
-0.1590811546538094D0,0.05783040085866243D0,                     0000043P   3313
-0.7359643655995338D0,-0.1615526790743431D0,                     0000043P   3314
0.05046217677837721D0,-0.7359643655995339D0,                     0000043P   3315
-0.1637737445276188D0,0.04341923892350422D0,                     0000043P   3316
-0.7359643655995337D0,-0.1657816317522664D0,                     0000043P   3317
0.0366651494794135D0,-0.7359643655995339D0,                      0000043P   3318
-0.1676225028624529D0,0.03013030558511024D0,                     0000043P   3319
-0.7359643655995337D0,-0.1693283977069311D0,                     0000043P   3320
0.02376083171373353D0,-0.7359643655995344D0,                     0000043P   3321
-0.1708989630044941D0,0.01759668963738388D0,                     0000043P   3322
-0.7359643655995339D0,-0.1723442548322944D0,                     0000043P   3323
0.01166203219952392D0,-0.7359643655995349D0,                     0000043P   3324
-0.1737046427197163D0,0.005842111602911106D0,                    0000043P   3325
-0.7359643655995338D0,-0.1745732875162616D0,                     0000043P   3326
0.001958735088455427D0,-0.735964365599534D0,-0.175D0,0.0D0,      0000043P   3327
-0.7208055487130844D0,0.0D0,0.218479953811587D0,                 0000043P   3328
-0.7208055487130841D0,-0.004182684888027734D0,                   0000043P   3329
0.218480639355788D0,-0.7208055487130847D0,                       0000043P   3330
-0.01254809929605928D0,0.2179009836889025D0,                     0000043P   3331
-0.7208055487130844D0,-0.02504030596764936D0,                    0000043P   3332
0.2153122420392176D0,-0.7208055487130841D0,                      0000043P   3333
-0.03742352363713415D0,0.2110477151244727D0,                     0000043P   3334
-0.7208055487130846D0,-0.04965122563290812D0,                    0000043P   3335
0.2051780877454285D0,-0.7208055487130843D0,                      0000043P   3336
-0.06168273608520253D0,0.1977932235531288D0,                     0000043P   3337
-0.7208055487130844D0,-0.07348513724527647D0,                    0000043P   3338
0.1889949962602644D0,-0.7208055487130843D0,                      0000043P   3339
-0.08501967138759182D0,0.1788942026002308D0,                     0000043P   3340
-0.7208055487130846D0,-0.09622468317998246D0,                    0000043P   3341
0.1676235639326504D0,-0.7208055487130844D0,                      0000043P   3342
-0.1069690079259466D0,0.1553721435560182D0,                      0000043P   3343
-0.7208055487130848D0,-0.1170057223491416D0,                     0000043P   3344
0.1424733034027283D0,-0.7208055487130843D0,                      0000043P   3345
-0.1259761443857369D0,0.1294929965069506D0,                      0000043P   3346
-0.7208055487130847D0,-0.1336093075549207D0,                     0000043P   3347
0.1170675678042012D0,-0.7208055487130838D0,                      0000043P   3348
-0.1399165224755064D0,0.1055720840345593D0,                      0000043P   3349
-0.7208055487130849D0,-0.1451131824104666D0,                     0000043P   3350
0.09504435163448219D0,-0.7208055487130838D0,                     0000043P   3351
-0.1494485819263505D0,0.0853654521291223D0,                      0000043P   3352
-0.7208055487130848D0,-0.1531249672810922D0,                     0000043P   3353
0.07638753291907452D0,-0.7208055487130849D0,                     0000043P   3354
-0.1563007414052894D0,0.06797535921864634D0,                     0000043P   3355
-0.7208055487130844D0,-0.1590811705255324D0,                     0000043P   3356
0.06002606783242531D0,-0.7208055487130843D0,                     0000043P   3357
-0.1615526695921702D0,0.05245029485696606D0,                     0000043P   3358
-0.7208055487130842D0,-0.1637736871703093D0,                     0000043P   3359
0.04518738245019532D0,-0.7208055487130847D0,                     0000043P   3360
-0.1657817483353376D0,0.03820203350901461D0,                     0000043P   3361
-0.7208055487130842D0,-0.1676226389826961D0,                     0000043P   3362
0.0314272829214181D0,-0.7208055487130846D0,                      0000043P   3363
-0.1693279881406803D0,0.02481118211277526D0,                     0000043P   3364
-0.7208055487130846D0,-0.1708984421373189D0,                     0000043P   3365
0.01839267423492015D0,-0.7208055487130847D0,                     0000043P   3366
-0.1723450499739887D0,0.01219542866591841D0,                     0000043P   3367
-0.7208055487130844D0,-0.1737066002676205D0,                     0000043P   3368
0.006108678060382343D0,-0.7208055487130847D0,                    0000043P   3369
-0.174574446751987D0,0.002047260390469722D0,                     0000043P   3370
-0.7208055487130842D0,-0.175D0,0.0D0,-0.705650902944756D0,0.0D0, 0000043P   3371
0.2200734187283593D0,-0.7056509029447557D0,                      0000043P   3372
-0.004182686034333751D0,0.2200737203136799D0,                    0000043P   3373
-0.7056509029447562D0,-0.01254809886330677D0,                    0000043P   3374
0.2195036420543102D0,-0.705650902944756D0,                       0000043P   3375
-0.02504030608362484D0,0.2169552755043584D0,                     0000043P   3376
-0.7056509029447559D0,-0.03742352360604954D0,                    0000043P   3377
0.2127573792552775D0,-0.7056509029447557D0,                      0000043P   3378
-0.04965122564123779D0,0.2069797430403872D0,                     0000043P   3379
-0.705650902944756D0,-0.06168273608296841D0,                     0000043P   3380
0.1997105910653413D0,-0.7056509029447561D0,                      0000043P   3381
-0.07348513724588321D0,0.1910495643158401D0,                     0000043P   3382
-0.7056509029447563D0,-0.08501967138739916D0,                    0000043P   3383
0.1811048145391451D0,-0.705650902944756D0,                       0000043P   3384
-0.09622468318014575D0,0.170003408297265D0,-0.705650902944756D0, 0000043P   3385
-0.1069690079254862D0,0.1579224918892257D0,                      0000043P   3386
-0.7056509029447557D0,-0.1170057223508199D0,                     0000043P   3387
0.1451764428778169D0,-0.7056509029447561D0,                      0000043P   3388
-0.1259761443794901D0,0.1323053129266872D0,-0.705650902944756D0, 0000043P   3389
-0.1336093075780861D0,0.1199258411980916D0,                      0000043P   3390
-0.7056509029447562D0,-0.1399165223857121D0,                     0000043P   3391
0.1084120016726289D0,-0.7056509029447555D0,                      0000043P   3392
-0.1451131827309424D0,0.09781279613186394D0,                     0000043P   3393
-0.7056509029447565D0,-0.1494485809846526D0,                     0000043P   3394
0.08802037189521653D0,-0.7056509029447557D0,                     0000043P   3395
-0.1531249700076692D0,0.07889664169448631D0,                     0000043P   3396
-0.7056509029447555D0,-0.1563007337587518D0,                     0000043P   3397
0.07031516952823715D0,-0.7056509029447563D0,                     0000043P   3398
-0.1590811865253696D0,0.06217671633078108D0,                     0000043P   3399
-0.7056509029447553D0,-0.1615526600334586D0,                     0000043P   3400
0.05439662958079216D0,-0.7056509029447562D0,                     0000043P   3401
-0.1637736293500212D0,0.04691740784579861D0,                     0000043P   3402
-0.7056509029447562D0,-0.1657818658594487D0,                     0000043P   3403
0.03970502553862261D0,-0.7056509029447555D0,                     0000043P   3404
-0.1676227762016799D0,0.0326950813704307D0,                      0000043P   3405
-0.7056509029447562D0,-0.1693275752684766D0,                     0000043P   3406
0.02583752682336786D0,-0.7056509029447557D0,                     0000043P   3407
-0.1708979170657875D0,0.01917026615495653D0,                     0000043P   3408
-0.7056509029447555D0,-0.1723458515339387D0,                     0000043P   3409
0.01271644935057789D0,-0.7056509029447563D0,                     0000043P   3410
-0.1737085736165365D0,0.006369077698359239D0,                    0000043P   3411
-0.7056509029447562D0,-0.1745756153448762D0,                     0000043P   3412
0.002133750339711309D0,-0.7056509029447559D0,                    0000043P   3413
-0.1749999999999999D0,0.0D0,-0.6904984453271206D0,0.0D0,         0000043P   3414
0.2217412129292904D0,-0.6904984453271205D0,                      0000043P   3415
-0.00418268705688706D0,0.2217410706975779D0,                     0000043P   3416
-0.690498445327121D0,-0.01254809847727329D0,                     0000043P   3417
0.2211798327450125D0,-0.6904984453271206D0,                      0000043P   3418
-0.02504030618707989D0,0.2186682141580346D0,                     0000043P   3419
-0.690498445327121D0,-0.03742352357832077D0,                     0000043P   3420
0.2145307814567115D0,-0.6904984453271208D0,                      0000043P   3421
-0.04965122564866832D0,0.2088370581146711D0,                     0000043P   3422
-0.6904984453271208D0,-0.06168273608097528D0,                    0000043P   3423
0.2016733145750825D0,-0.6904984453271203D0,                      0000043P   3424
-0.07348513724642541D0,0.1931369679306732D0,                     0000043P   3425
-0.6904984453271207D0,-0.08501967138722333D0,                    0000043P   3426
0.1833341943167998D0,-0.6904984453271206D0,                      0000043P   3427
-0.09622468318030737D0,0.172386860659198D0,                      0000043P   3428
-0.6904984453271207D0,-0.1069690079250158D0,                     0000043P   3429
0.1604599903696961D0,-0.6904984453271208D0,-0.11700572235254D0,  0000043P   3430
0.1478508295759624D0,-0.6904984453271206D0,                      0000043P   3431
-0.1259761443730868D0,0.135075429082402D0,-0.6904984453271208D0, 0000043P   3432
-0.1336093076018325D0,0.1227311308447886D0,                      0000043P   3433
-0.6904984453271201D0,-0.1399165222936647D0,                     0000043P   3434
0.1111918447214362D0,-0.6904984453271213D0,                      0000043P   3435
-0.1451131830594588D0,0.100517663457688D0,-0.6904984453271201D0, 0000043P   3436
-0.1494485800193288D0,0.0906105463337281D0,                      0000043P   3437
-0.6904984453271207D0,-0.1531249728026518D0,                     0000043P   3438
0.08134115996040706D0,-0.6904984453271206D0,                     0000043P   3439
-0.1563007259203748D0,0.07259306975394719D0,                     0000043P   3440
-0.6904984453271207D0,-0.1590812029266169D0,                     0000043P   3441
0.06426855823220892D0,-0.6904984453271206D0,                     0000043P   3442
-0.1615526502349346D0,0.05628818062697852D0,                     0000043P   3443
-0.6904984453271208D0,-0.1637735700791142D0,                     0000043P   3444
0.04859796268844592D0,-0.690498445327121D0,                      0000043P   3445
-0.1657819863320514D0,0.04116443533968225D0,                     0000043P   3446
-0.690498445327121D0,-0.1676229168632682D0,                      0000043P   3447
0.03392560754665649D0,-0.6904984453271202D0,                     0000043P   3448
-0.169327152037971D0,0.02683319944170227D0,                      0000043P   3449
-0.6904984453271208D0,-0.1708973788210525D0,                     0000043P   3450
0.01992425904311798D0,-0.6904984453271207D0,                     0000043P   3451
-0.1723466732037444D0,0.0132215440207799D0,                      0000043P   3452
-0.6904984453271203D0,-0.1737105964736146D0,                     0000043P   3453
0.006621536451878699D0,-0.6904984453271207D0,                    0000043P   3454
-0.1745768132558891D0,0.002217621313563884D0,                    0000043P   3455
-0.6904984453271203D0,-0.175D0,0.0D0,-0.6753330639885924D0,      0000043P   3456
0.0D0,0.2230311569883396D0,-0.6753330639885921D0,                0000043P   3457
-0.004182688525479013D0,0.2230305764173091D0,                    0000043P   3458
-0.6753330639885929D0,-0.01254809792285166D0,                    0000043P   3459
0.222482103892956D0,-0.6753330639885925D0,                       0000043P   3460
-0.02504030633566202D0,0.2200249934534202D0,                     0000043P   3461
-0.6753330639885922D0,-0.03742352353849673D0,                    0000043P   3462
0.215977963390903D0,-0.6753330639885922D0,-0.0496512256593397D0, 0000043P   3463
0.2104079101967055D0,-0.6753330639885923D0,                      0000043P   3464
-0.06168273607811386D0,0.2034003027097085D0,                     0000043P   3465
-0.6753330639885926D0,-0.07348513724719948D0,                    0000043P   3466
0.1950496691284723D0,-0.6753330639885924D0,                      0000043P   3467
-0.08501967138698842D0,0.1854579978801501D0,                     0000043P   3468
-0.6753330639885924D0,-0.09622468318047259D0,                    0000043P   3469
0.174739517559067D0,-0.6753330639885932D0,-0.1069690079245894D0, 0000043P   3470
0.1630469504398519D0,-0.6753330639885925D0,                      0000043P   3471
-0.1170057223540798D0,0.1506527238654075D0,                      0000043P   3472
-0.6753330639885923D0,-0.1259761443673596D0,                     0000043P   3473
0.1380399489625869D0,-0.6753330639885926D0,-0.133609307623069D0, 0000043P   3474
0.1257837224827548D0,-0.6753330639885926D0,                      0000043P   3475
-0.1399165222113473D0,0.1142540128703321D0,                      0000043P   3476
-0.6753330639885918D0,-0.145113183353248D0,0.1035231046293738D0, 0000043P   3477
-0.6753330639885924D0,-0.149448579156048D0,0.0935080301983356D0, 0000043P   3478
-0.6753330639885928D0,-0.1531249753021801D0,                     0000043P   3479
0.08409219312673916D0,-0.6753330639885928D0,                     0000043P   3480
-0.1563007189105829D0,0.07516594639088478D0,                     0000043P   3481
-0.6753330639885928D0,-0.1590812175941091D0,                     0000043P   3482
0.06664064499675548D0,-0.6753330639885925D0,                     0000043P   3483
-0.1615526414721999D0,0.05844064973848664D0,                     0000043P   3484
-0.6753330639885925D0,-0.1637735170736601D0,                     0000043P   3485
0.05051451787400492D0,-0.6753330639885926D0,                     0000043P   3486
-0.1657820940696477D0,0.04283206605492852D0,                     0000043P   3487
-0.6753330639885922D0,-0.1676230426556979D0,                     0000043P   3488
0.03533440170132471D0,-0.6753330639885926D0,                     0000043P   3489
-0.1693267735466267D0,0.02797556611751859D0,                     0000043P   3490
-0.6753330639885926D0,-0.1708968974734876D0,                     0000043P   3491
0.02079104073627903D0,-0.6753330639885924D0,                     0000043P   3492
-0.1723474080158737D0,0.01380271853054683D0,                     0000043P   3493
-0.6753330639885933D0,-0.1737124054970305D0,                     0000043P   3494
0.006911925562722212D0,-0.6753330639885923D0,                    0000043P   3495
-0.1745778845372443D0,0.002314003541745218D0,                    0000043P   3496
-0.6753330639885925D0,-0.175D0,0.0D0,-0.6601692599800076D0,      0000043P   3497
0.0D0,0.2243655798937426D0,-0.6601692599800074D0,                0000043P   3498
-0.00418268996894359D0,0.2243646066028268D0,                     0000043P   3499
-0.660169259980008D0,-0.01254809737791608D0,                     0000043P   3500
0.2238283944399371D0,-0.6601692599800076D0,                      0000043P   3501
-0.02504030648170204D0,0.2214237301445852D0,                     0000043P   3502
-0.6601692599800076D0,-0.03742352349935407D0,                    0000043P   3503
0.2174635897817131D0,-0.6601692599800075D0,                      0000043P   3504
-0.04965122566982853D0,0.2120126431001932D0,                     0000043P   3505
-0.6601692599800079D0,-0.06168273607530139D0,                    0000043P   3506
0.2051552183308492D0,-0.6601692599800076D0,                      0000043P   3507
-0.07348513724796049D0,0.1969831847340705D0,                     0000043P   3508
-0.6601692599800077D0,-0.08501967138675678D0,                    0000043P   3509
0.1875945425723083D0,-0.6601692599800079D0,                      0000043P   3510
-0.09622468318063825D0,0.1770962682188953D0,                     0000043P   3511
-0.6601692599800073D0,-0.1069690079241587D0,                     0000043P   3512
0.1656286185025927D0,-0.6601692599800073D0,                      0000043P   3513
-0.1170057223556372D0,0.1534402137688937D0,                      0000043P   3514
-0.6601692599800079D0,-0.1259761443615664D0,                     0000043P   3515
0.1409823244111573D0,-0.6601692599800075D0,                      0000043P   3516
-0.1336093076445519D0,0.1288079381694366D0,                      0000043P   3517
-0.6601692599800076D0,-0.1399165221280742D0,                     0000043P   3518
0.1172837086439368D0,-0.6601692599800075D0,                      0000043P   3519
-0.1451131836504492D0,0.106493975219121D0,-0.6601692599800079D0, 0000043P   3520
-0.1494485782827414D0,0.09637016212177835D0,                     0000043P   3521
-0.660169259980008D0,-0.1531249778307378D0,                      0000043P   3522
0.08680784686230814D0,-0.6601692599800076D0,                     0000043P   3523
-0.1563007118193798D0,0.07770484709114414D0,                     0000043P   3524
-0.660169259980008D0,-0.1590812324319482D0,                      0000043P   3525
0.06898039843849124D0,-0.6601692599800069D0,                     0000043P   3526
-0.161552632607696D0,0.06056295499741747D0,                      0000043P   3527
-0.6601692599800081D0,-0.1637734634526065D0,                     0000043P   3528
0.05240381964903888D0,-0.6601692599800071D0,                     0000043P   3529
-0.1657822030584964D0,0.0444756677226814D0,                      0000043P   3530
-0.6601692599800074D0,-0.1676231699090668D0,                     0000043P   3531
0.03672262700932942D0,-0.6601692599800077D0,                     0000043P   3532
-0.169326390659526D0,0.02910099438082252D0,                      0000043P   3533
-0.6601692599800076D0,-0.1708964105356058D0,                     0000043P   3534
0.02164478413444034D0,-0.660169259980008D0,                      0000043P   3535
-0.1723481513620296D0,0.01437509296232023D0,                     0000043P   3536
-0.6601692599800075D0,-0.1737142355302426D0,                     0000043P   3537
0.007197927860306065D0,-0.6601692599800072D0,                    0000043P   3538
-0.1745789682603415D0,0.00240893948070473D0,                     0000043P   3539
-0.6601692599800072D0,-0.175D0,0.0D0,-0.6450059330839437D0,      0000043P   3540
0.0D0,0.2257216181699232D0,-0.6450059330839436D0,                0000043P   3541
-0.004182691276273548D0,0.2257200651860819D0,                    0000043P   3542
-0.6450059330839437D0,-0.01254809688437394D0,                    0000043P   3543
0.2251960598963322D0,-0.6450059330839438D0,                      0000043P   3544
-0.02504030661396882D0,0.2228426977484187D0,                     0000043P   3545
-0.6450059330839433D0,-0.03742352346390298D0,                    0000043P   3546
0.2189676548578274D0,-0.6450059330839442D0,                      0000043P   3547
-0.04965122567932823D0,0.2136330566140101D0,                     0000043P   3548
-0.6450059330839431D0,-0.06168273607275396D0,                    0000043P   3549
0.2069228009684021D0,-0.6450059330839442D0,                      0000043P   3550
-0.07348513724865063D0,0.1989255333874916D0,                     0000043P   3551
-0.6450059330839433D0,-0.08501967138654368D0,                    0000043P   3552
0.1897356581324076D0,-0.6450059330839438D0,                      0000043P   3553
-0.09622468318080042D0,0.1794526522474423D0,                     0000043P   3554
-0.6450059330839438D0,-0.1069690079237226D0,                     0000043P   3555
0.1682050038984751D0,-0.6450059330839435D0,                      0000043P   3556
-0.1170057223572194D0,0.1562175960425257D0,                      0000043P   3557
-0.6450059330839434D0,-0.1259761443556802D0,                     0000043P   3558
0.1439102070478764D0,-0.6450059330839437D0,                      0000043P   3559
-0.1336093076663791D0,0.1318146042872399D0,                      0000043P   3560
-0.6450059330839437D0,-0.1399165220434676D0,0.120293723550634D0, 0000043P   3561
-0.6450059330839436D0,-0.1451131839524088D0,                     0000043P   3562
0.1094439387488764D0,-0.6450059330839433D0,                      0000043P   3563
-0.1494485773954526D0,0.09921097713341304D0,                     0000043P   3564
-0.6450059330839436D0,-0.1531249803997791D0,                     0000043P   3565
0.08950269752305162D0,-0.6450059330839437D0,                     0000043P   3566
-0.1563007046146427D0,0.08022348222389181D0,                     0000043P   3567
-0.6450059330839437D0,-0.1590812475073494D0,                     0000043P   3568
0.07130110972538697D0,-0.6450059330839436D0,                     0000043P   3569
-0.1615526236012661D0,0.06266776087402508D0,                     0000043P   3570
-0.6450059330839437D0,-0.1637734089730495D0,                     0000043P   3571
0.0542771883025687D0,-0.6450059330839437D0,                      0000043P   3572
-0.1657823137923184D0,0.04610515665381641D0,                     0000043P   3573
-0.6450059330839437D0,-0.1676232991998346D0,                     0000043P   3574
0.03809876105203765D0,-0.6450059330839437D0,                     0000043P   3575
-0.1693260016421856D0,0.03021652160409222D0,                     0000043P   3576
-0.6450059330839438D0,-0.1708959158015722D0,                     0000043P   3577
0.02249097030591389D0,-0.6450059330839433D0,                     0000043P   3578
-0.1723489066095791D0,0.01494238936741362D0,                     0000043P   3579
-0.645005933083944D0,-0.173716094863325D0,                       0000043P   3580
0.007481396213145756D0,-0.6450059330839436D0,                    0000043P   3581
-0.1745800693344609D0,0.002503036961016768D0,                    0000043P   3582
-0.6450059330839437D0,-0.175D0,0.0D0,-0.6298391204078523D0,      0000043P   3583
0.0D0,0.2269467161166393D0,-0.6298391204078519D0,                0000043P   3584
-0.004182693153269348D0,0.2269452857126002D0,                    0000043P   3585
-0.6298391204078533D0,-0.01254809617577203D0,                    0000043P   3586
0.2264342063160338D0,-0.6298391204078526D0,                      0000043P   3587
-0.02504030680387053D0,0.2241387843057981D0,                     0000043P   3588
-0.6298391204078526D0,-0.0374235234130043D0,                     0000043P   3589
0.2203595207361069D0,-0.6298391204078521D0,                      0000043P   3590
-0.04965122569296701D0,0.2151568668650564D0,                     0000043P   3591
-0.6298391204078528D0,-0.06168273606909754D0,                    0000043P   3592
0.2086117880537911D0,-0.6298391204078523D0,                      0000043P   3593
-0.07348513724963736D0,0.2008117354418215D0,                     0000043P   3594
-0.6298391204078528D0,-0.08501967138625321D0,                    0000043P   3595
0.191845749091935D0,-0.6298391204078522D0,                       0000043P   3596
-0.09622468318097571D0,0.1818064090411539D0,                     0000043P   3597
-0.6298391204078527D0,-0.1069690079233122D0,                     0000043P   3598
0.1708078119692074D0,-0.6298391204078528D0,                      0000043P   3599
-0.1170057223586856D0,0.1590498132215321D0,                      0000043P   3600
-0.6298391204078521D0,-0.1259761443502313D0,                     0000043P   3601
0.1469182053636151D0,-0.6298391204078528D0,                      0000043P   3602
-0.1336093076865834D0,0.1349198446318408D0,                      0000043P   3603
-0.6298391204078524D0,-0.1399165219651502D0,                     0000043P   3604
0.1234149343002524D0,-0.6298391204078519D0,                      0000043P   3605
-0.1451131842319229D0,0.1125121011005376D0,                      0000043P   3606
-0.6298391204078525D0,-0.1494485765741182D0,                     0000043P   3607
0.1021724117334442D0,-0.6298391204078528D0,                      0000043P   3608
-0.1531249827778565D0,0.09231613991386048D0,                     0000043P   3609
-0.6298391204078522D0,-0.1563006979454532D0,                     0000043P   3610
0.08285715556336461D0,-0.6298391204078526D0,                     0000043P   3611
-0.159081261462155D0,0.07373032295445317D0,                      0000043P   3612
-0.6298391204078525D0,-0.1615526152643085D0,                     0000043P   3613
0.06487272813250275D0,-0.6298391204078519D0,                     0000043P   3614
-0.1637733585431058D0,0.0562415428526402D0,                      0000043P   3615
-0.6298391204078524D0,-0.1657824162949947D0,                     0000043P   3616
0.04781512557891632D0,-0.6298391204078524D0,                     0000043P   3617
-0.1676234188800683D0,0.03954382900259516D0,                     0000043P   3618
-0.6298391204078519D0,-0.1693256415415605D0,                     0000043P   3619
0.0313885914000114D0,-0.6298391204078528D0,                      0000043P   3620
-0.1708954578424627D0,0.02338042367913826D0,                     0000043P   3621
-0.6298391204078522D0,-0.1723496057175273D0,                     0000043P   3622
0.01553879795722052D0,-0.6298391204078529D0,                     0000043P   3623
-0.1737178159871297D0,0.00777938715822175D0,                     0000043P   3624
-0.6298391204078519D0,-0.1745810885627502D0,                     0000043P   3625
0.00260193456514051D0,-0.6298391204078522D0,-0.175D0,0.0D0,      0000043P   3626
-0.6146692050539214D0,0.0D0,0.2280563967331695D0,                0000043P   3627
-0.6146692050539221D0,-0.004182695530525297D0,                   0000043P   3628
0.2280556998940745D0,-0.6146692050539209D0,                      0000043P   3629
-0.01254809527831233D0,0.2275581881619448D0,                     0000043P   3630
-0.6146692050539221D0,-0.02504030704438514D0,                    0000043P   3631
0.2253265403353158D0,-0.614669205053921D0,-0.03742352334854D0,   0000043P   3632
0.2216524593381044D0,-0.6146692050539214D0,                      0000043P   3633
-0.04965122571024074D0,0.2165954618230408D0,                     0000043P   3634
-0.6146692050539215D0,-0.06168273606446735D0,                    0000043P   3635
0.2102313971343309D0,-0.6146692050539212D0,                      0000043P   3636
-0.07348513725088453D0,0.2026483243113171D0,                     0000043P   3637
-0.6146692050539212D0,-0.08501967138589471D0,                    0000043P   3638
0.1939283288789826D0,-0.6146692050539214D0,                      0000043P   3639
-0.0962246831811624D0,0.1841576196029526D0,                      0000043P   3640
-0.6146692050539215D0,-0.1069690079229239D0,                     0000043P   3641
0.1734336396874287D0,-0.6146692050539213D0,                      0000043P   3642
-0.1170057223600519D0,0.1619300505511053D0,                      0000043P   3643
-0.6146692050539215D0,-0.1259761443451592D0,                     0000043P   3644
0.1499964522660447D0,-0.6146692050539212D0,                      0000043P   3645
-0.1336093077053883D0,0.1381115916636915D0,                      0000043P   3646
-0.6146692050539211D0,-0.1399165218922594D0,                     0000043P   3647
0.1266337661682196D0,-0.6146692050539216D0,-0.145113184492069D0, 0000043P   3648
0.1156840424795141D0,-0.6146692050539211D0,-0.149448575809696D0, 0000043P   3649
0.1052397582080203D0,-0.6146692050539213D0,                      0000043P   3650
-0.1531249849911521D0,0.09523374720595029D0,                     0000043P   3651
-0.6146692050539213D0,-0.1563006917383855D0,                     0000043P   3652
0.08559185436398213D0,-0.6146692050539218D0,                     0000043P   3653
-0.1590812744500038D0,0.07625484583999259D0,                     0000043P   3654
-0.6146692050539204D0,-0.161552607505036D0,                      0000043P   3655
0.06716569826189796D0,-0.6146692050539219D0,                     0000043P   3656
-0.1637733116075546D0,0.05828582474576157D0,                     0000043P   3657
-0.6146692050539213D0,-0.1657825116950539D0,                     0000043P   3658
0.04959579007788896D0,-0.6146692050539213D0,                     0000043P   3659
-0.1676235302674173D0,0.04104945340437108D0,                     0000043P   3660
-0.6146692050539218D0,-0.1693253063930341D0,                     0000043P   3661
0.03261033710605069D0,-0.6146692050539213D0,                     0000043P   3662
-0.170895031616264D0,0.02430789381954105D0,                      0000043P   3663
-0.6146692050539215D0,-0.1723502563828754D0,                     0000043P   3664
0.01616078725889551D0,-0.6146692050539211D0,                     0000043P   3665
-0.1737194178507944D0,0.008090138745720699D0,                    0000043P   3666
-0.6146692050539218D0,-0.1745820371666557D0,                     0000043P   3667
0.002705049690721139D0,-0.6146692050539212D0,                    0000043P   3668
-0.1749999999999999D0,0.0D0,-0.5995000062140822D0,0.0D0,         0000043P   3669
0.2291928849290243D0,-0.5995000062140817D0,                      0000043P   3670
-0.004182697758357818D0,0.2291927375613256D0,                    0000043P   3671
-0.5995000062140827D0,-0.01254809443726283D0,                    0000043P   3672
0.2287086813852999D0,-0.5995000062140826D0,                      0000043P   3673
-0.02504030726978211D0,0.2265394570222851D0,                     0000043P   3674
-0.5995000062140825D0,-0.03742352328812763D0,                    0000043P   3675
0.2229683830353112D0,-0.5995000062140822D0,                      0000043P   3676
-0.04965122572642872D0,0.2180537888451208D0,                     0000043P   3677
-0.5995000062140825D0,-0.06168273606012802D0,                    0000043P   3678
0.211867123849959D0,-0.5995000062140825D0,                       0000043P   3679
-0.07348513725205386D0,0.2044963877421463D0,                     0000043P   3680
-0.5995000062140824D0,-0.08501967138555669D0,                    0000043P   3681
0.1960172633323109D0,-0.5995000062140824D0,                      0000043P   3682
-0.09622468318134507D0,0.1865093454761325D0,                     0000043P   3683
-0.5995000062140826D0,-0.1069690079225312D0,0.176054048701833D0, 0000043P   3684
-0.5995000062140824D0,-0.1170057223614402D0,                     0000043P   3685
0.1647990628685038D0,-0.5995000062140821D0,                      0000043P   3686
-0.1259761443400042D0,0.1530582747953221D0,                      0000043P   3687
-0.5995000062140826D0,-0.1336093077245021D0,                     0000043P   3688
0.1412831640039133D0,-0.5995000062140827D0,                      0000043P   3689
-0.1399165218181708D0,0.1298298291437699D0,                      0000043P   3690
-0.5995000062140817D0,-0.1451131847564909D0,                     0000043P   3691
0.1188317628050602D0,-0.5995000062140826D0,                      0000043P   3692
-0.1494485750327092D0,0.108282381533507D0,-0.5995000062140824D0, 0000043P   3693
-0.1531249872408262D0,0.09812708574795462D0,                     0000043P   3694
-0.5995000062140824D0,-0.1563006854292964D0,                     0000043P   3695
0.08830298911127329D0,-0.5995000062140821D0,                     0000043P   3696
-0.1590812876513248D0,0.07875713459007622D0,                     0000043P   3697
-0.5995000062140827D0,-0.1615525996182295D0,                     0000043P   3698
0.06943815508000922D0,-0.5995000062140825D0,                     0000043P   3699
-0.1637732639005579D0,0.06031148147328136D0,                     0000043P   3700
-0.5995000062140824D0,-0.1657826086631343D0,                     0000043P   3701
0.05135997080124992D0,-0.5995000062140821D0,                     0000043P   3702
-0.167623643485559D0,0.04254094594558721D0,                      0000043P   3703
-0.5995000062140823D0,-0.1693249657359156D0,                     0000043P   3704
0.03382049150558327D0,-0.5995000062140823D0,                     0000043P   3705
-0.1708945983844955D0,0.02522649926229042D0,                     0000043P   3706
-0.5995000062140823D0,-0.172350917742736D0,                      0000043P   3707
0.01677681433770776D0,-0.5995000062140824D0,                     0000043P   3708
-0.1737210460431252D0,0.008397916227456038D0,                    0000043P   3709
-0.5995000062140821D0,-0.1745830013620726D0,                     0000043P   3710
0.002807181653930596D0,-0.5995000062140821D0,                    0000043P   3711
-0.1749999999999999D0,0.0D0,-0.5843310439957148D0,0.0D0,         0000043P   3712
0.2303375601377671D0,-0.584331043995715D0,                       0000043P   3713
-0.004182700083623881D0,0.2303380876305138D0,                    0000043P   3714
-0.5843310439957146D0,-0.0125480935594303D0,                     0000043P   3715
0.2298672936726706D0,-0.5843310439957152D0,                      0000043P   3716
-0.02504030750503676D0,0.2277600616073097D0,                     0000043P   3717
-0.5843310439957144D0,-0.03742352322507313D0,                    0000043P   3718
0.2242912936279629D0,-0.5843310439957147D0,                      0000043P   3719
-0.0496512257433247D0,0.2195184029038811D0,                      0000043P   3720
-0.5843310439957149D0,-0.06168273605559896D0,                    0000043P   3721
0.2135077580300836D0,-0.5843310439957142D0,                      0000043P   3722
-0.07348513725327414D0,0.2063481661124761D0,                     0000043P   3723
-0.584331043995715D0,-0.08501967138520483D0,                     0000043P   3724
0.1981082902929968D0,-0.584331043995715D0,                       0000043P   3725
-0.09622468318153231D0,0.1888615563357D0,-0.5843310439957146D0,  0000043P   3726
-0.1069690079221342D0,0.178673112884016D0,-0.5843310439957146D0, 0000043P   3727
-0.1170057223628406D0,0.1676649550840351D0,                      0000043P   3728
-0.5843310439957152D0,-0.1259761443348048D0,                     0000043P   3729
0.1561155462305175D0,-0.5843310439957143D0,                      0000043P   3730
-0.1336093077437794D0,0.1444489284234004D0,                      0000043P   3731
-0.5843310439957147D0,-0.1399165217434472D0,0.13301934657064D0,  0000043P   3732
-0.5843310439957152D0,-0.1451131850231777D0,                     0000043P   3733
0.1219725883170117D0,-0.5843310439957143D0,                      0000043P   3734
-0.1494485742490679D0,0.1113179855808065D0,-0.584331043995715D0, 0000043P   3735
-0.1531249895097686D0,0.1010133343890202D0,                      0000043P   3736
-0.5843310439957147D0,-0.1563006790661702D0,                     0000043P   3737
0.09100735461072518D0,-0.5843310439957153D0,                     0000043P   3738
-0.1590813009657147D0,0.08125305022550988D0,                     0000043P   3739
-0.5843310439957144D0,-0.1615525916638728D0,                     0000043P   3740
0.07170466227233874D0,-0.5843310439957146D0,                     0000043P   3741
-0.1637732157849505D0,0.06233171152015735D0,                     0000043P   3742
-0.5843310439957154D0,-0.1657827064617468D0,                     0000043P   3743
0.05311939105318525D0,-0.5843310439957142D0,                     0000043P   3744
-0.1676237576734144D0,0.04402840947782405D0,                     0000043P   3745
-0.5843310439957152D0,-0.1693246221610676D0,                     0000043P   3746
0.03502733522102261D0,-0.5843310439957149D0,                     0000043P   3747
-0.1708941614420951D0,0.026142546728475D0,-0.5843310439957143D0, 0000043P   3748
-0.1723515847671467D0,0.01739110959610295D0,                     0000043P   3749
-0.5843310439957152D0,-0.1737226881809306D0,                     0000043P   3750
0.008704829489822853D0,-0.5843310439957144D0,                    0000043P   3751
-0.1745839738158276D0,0.002909028745167856D0,                    0000043P   3752
-0.5843310439957148D0,-0.175D0,0.0D0,-0.5691563383150344D0,      0000043P   3753
0.0D0,0.2312807077577091D0,-0.5691563383150342D0,                0000043P   3754
-0.004182701664493938D0,0.2312809289353075D0,                    0000043P   3755
-0.5691563383150351D0,-0.01254809296262153D0,                    0000043P   3756
0.2308263352967603D0,-0.5691563383150343D0,                      0000043P   3757
-0.02504030766497847D0,0.2287913971823244D0,                     0000043P   3758
-0.5691563383150339D0,-0.03742352318220449D0,                    0000043P   3759
0.2254416506604749D0,-0.5691563383150343D0,                      0000043P   3760
-0.04965122575481173D0,0.220831016808863D0,                      0000043P   3761
-0.5691563383150341D0,-0.06168273605251956D0,                    0000043P   3762
0.2150269128262536D0,-0.5691563383150348D0,                      0000043P   3763
-0.07348513725410478D0,0.2081103107298419D0,                     0000043P   3764
-0.5691563383150343D0,-0.08501967138496158D0,                    0000043P   3765
0.2001487038397866D0,-0.5691563383150343D0,                      0000043P   3766
-0.0962246831816746D0,0.1912045432892019D0,                      0000043P   3767
-0.5691563383150343D0,-0.1069690079218083D0,                     0000043P   3768
0.1813275252440417D0,-0.5691563383150346D0,                      0000043P   3769
-0.1170057223640021D0,0.1706096019310624D0,                      0000043P   3770
-0.5691563383150341D0,-0.1259761443304891D0,0.159288451823687D0, 0000043P   3771
-0.5691563383150344D0,-0.1336093077597816D0,                     0000043P   3772
0.1477598299884527D0,-0.5691563383150343D0,                      0000043P   3773
-0.1399165216814205D0,0.1363727192226886D0,                      0000043P   3774
-0.5691563383150338D0,-0.1451131852445502D0,                     0000043P   3775
0.1252869788885891D0,-0.5691563383150345D0,                      0000043P   3776
-0.1494485735985788D0,0.1145305613501192D0,                      0000043P   3777
-0.5691563383150344D0,-0.1531249913931837D0,                     0000043P   3778
0.1040759334538696D0,-0.5691563383150346D0,                      0000043P   3779
-0.1563006737842351D0,0.09388151130632721D0,                     0000043P   3780
-0.5691563383150343D0,-0.159081312017789D0,                      0000043P   3781
0.08390905986419533D0,-0.5691563383150342D0,                     0000043P   3782
-0.1615525850610813D0,0.07411980565495346D0,                     0000043P   3783
-0.5691563383150348D0,-0.1637731758449124D0,                     0000043P   3784
0.06448719587258663D0,-0.5691563383150338D0,                     0000043P   3785
-0.1657827876428968D0,0.05499798376570052D0,                     0000043P   3786
-0.5691563383150348D0,-0.1676238524590276D0,                     0000043P   3787
0.04561739079546794D0,-0.5691563383150339D0,                     0000043P   3788
-0.1693243369647786D0,0.03631752755542351D0,                     0000043P   3789
-0.5691563383150346D0,-0.1708937987428125D0,                     0000043P   3790
0.02712266891180737D0,-0.5691563383150343D0,                     0000043P   3791
-0.1723521384540285D0,0.0180486453479576D0,                      0000043P   3792
-0.5691563383150342D0,-0.173724051294703D0,                      0000043P   3793
0.009033317132959436D0,-0.5691563383150343D0,                    0000043P   3794
-0.1745847810349916D0,0.003017997548829265D0,                    0000043P   3795
-0.5691563383150342D0,-0.175D0,0.0D0,-0.5539827050383488D0,      0000043P   3796
0.0D0,0.2322679922129157D0,-0.5539827050383491D0,                0000043P   3797
-0.004182703449122005D0,0.2322681824684078D0,                    0000043P   3798
-0.553982705038349D0,-0.01254809228889022D0,                     0000043P   3799
0.2318291283838441D0,-0.5539827050383492D0,-0.025040307845535D0, 0000043P   3800
0.2298640759583632D0,-0.5539827050383492D0,                      0000043P   3801
-0.03742352313381062D0,0.2266295006125494D0,                     0000043P   3802
-0.5539827050383489D0,-0.04965122576777929D0,                    0000043P   3803
0.2221766012192097D0,-0.5539827050383491D0,                      0000043P   3804
-0.06168273604904335D0,0.2165718924338276D0,                     0000043P   3805
-0.5539827050383492D0,-0.07348513725504199D0,                    0000043P   3806
0.209891193141977D0,-0.5539827050383488D0,                       0000043P   3807
-0.08501967138468897D0,0.20219893082441D0,-0.5539827050383493D0, 0000043P   3808
-0.09622468318182793D0,0.1935480033865588D0,                     0000043P   3809
-0.5539827050383492D0,-0.1069690079214674D0,                     0000043P   3810
0.1839722363681824D0,-0.5539827050383488D0,                      0000043P   3811
-0.1170057223652122D0,0.1735346288695677D0,-0.553982705038349D0, 0000043P   3812
-0.125976144325994D0,0.1624334623336164D0,-0.5539827050383492D0, 0000043P   3813
-0.1336093077764485D0,0.1510361206728946D0,-0.553982705038349D0, 0000043P   3814
-0.1399165216168157D0,0.1396872890336902D0,                      0000043P   3815
-0.5539827050383493D0,-0.145113185475124D0,0.1285605023177038D0, 0000043P   3816
-0.5539827050383485D0,-0.1494485729210525D0,                     0000043P   3817
0.1177015459794357D0,-0.5539827050383491D0,                      0000043P   3818
-0.1531249933548821D0,0.1070971112000163D0,                      0000043P   3819
-0.5539827050383489D0,-0.1563006682827579D0,                     0000043P   3820
0.09671588877758669D0,-0.5539827050383493D0,                     0000043P   3821
-0.1590813235292394D0,0.08652767059676672D0,                     0000043P   3822
-0.5539827050383488D0,-0.1615525781838466D0,                     0000043P   3823
0.07650025417970274D0,-0.5539827050383488D0,                     0000043P   3824
-0.1637731342447769D0,0.06661107116317654D0,                     0000043P   3825
-0.553982705038349D0,-0.1657828721983199D0,                      0000043P   3826
0.05684876177310887D0,-0.5539827050383487D0,                     0000043P   3827
-0.1676239511843794D0,0.04718273062676D0,-0.5539827050383493D0,  0000043P   3828
-0.1693240399143819D0,0.03758831363299545D0,                     0000043P   3829
-0.5539827050383488D0,-0.1708934209680302D0,                     0000043P   3830
0.02808785718559779D0,-0.553982705038349D0,                      0000043P   3831
-0.1723527151547589D0,0.01869609661391947D0,                     0000043P   3832
-0.553982705038349D0,-0.1737254710659383D0,                      0000043P   3833
0.009356773890563422D0,-0.5539827050383492D0,                    0000043P   3834
-0.1745856218060065D0,0.003125306416324122D0,                    0000043P   3835
-0.553982705038349D0,-0.1749999999999999D0,0.0D0,                0000043P   3836
-0.5388105256079957D0,0.0D0,0.2332802569158651D0,                0000043P   3837
-0.5388105256079954D0,-0.004182705163114054D0,                   0000043P   3838
0.2332802958526755D0,-0.5388105256079958D0,                      0000043P   3839
-0.01254809164182535D0,0.232856486282232D0,                      0000043P   3840
-0.5388105256079959D0,-0.02504030801894511D0,                    0000043P   3841
0.230960650940316D0,-0.5388105256079956D0,                       0000043P   3842
-0.03742352308733204D0,0.2278399324465134D0,                     0000043P   3843
-0.5388105256079954D0,-0.0496512257802337D0,                     0000043P   3844
0.2235423037618765D0,-0.5388105256079957D0,                      0000043P   3845
-0.06168273604570462D0,0.2181350521797386D0,                     0000043P   3846
-0.5388105256079956D0,-0.07348513725594252D0,                    0000043P   3847
0.2116867581279999D0,-0.5388105256079956D0,                      0000043P   3848
-0.08501967138442533D0,0.2042605174715948D0,                     0000043P   3849
-0.5388105256079957D0,-0.09622468318198192D0,                    0000043P   3850
0.1958987948145612D0,-0.5388105256079956D0,                      0000043P   3851
-0.1069690079211153D0,0.1866204042580211D0,                      0000043P   3852
-0.5388105256079958D0,-0.1170057223664666D0,0.176459380810665D0, 0000043P   3853
-0.5388105256079956D0,-0.1259761443213332D0,                     0000043P   3854
0.1655744190185315D0,-0.5388105256079952D0,                      0000043P   3855
-0.1336093077937306D0,0.1543057177342128D0,                      0000043P   3856
-0.5388105256079954D0,-0.1399165215498267D0,                     0000043P   3857
0.1429932149837002D0,-0.5388105256079955D0,                      0000043P   3858
-0.1451131857142069D0,0.1318239292570443D0,-0.538810525607996D0, 0000043P   3859
-0.1494485722185231D0,0.1208619234467232D0,                      0000043P   3860
-0.5388105256079952D0,-0.1531249953889737D0,                     0000043P   3861
0.1101076237971902D0,-0.5388105256079956D0,                      0000043P   3862
-0.1563006625782584D0,0.0995395919500657D0,                      0000043P   3863
-0.5388105256079952D0,-0.1590813354655D0,0.08913578295054271D0,  0000043P   3864
-0.5388105256079958D0,-0.1615525710528197D0,                     0000043P   3865
0.07887084594562821D0,-0.5388105256079957D0,                     0000043P   3866
-0.1637730911094609D0,0.06872612839557057D0,                     0000043P   3867
-0.5388105256079955D0,-0.1657829598741134D0,                     0000043P   3868
0.0586916261403652D0,-0.5388105256079956D0,                      0000043P   3869
-0.1676240535530183D0,0.04874111861805181D0,                     0000043P   3870
-0.538810525607995D0,-0.1693237319018581D0,                      0000043P   3871
0.03885337611892198D0,-0.5388105256079954D0,                     0000043P   3872
-0.1708930292521287D0,0.02904870638040814D0,                     0000043P   3873
-0.538810525607996D0,-0.1723533131376239D0,                      0000043P   3874
0.01934064532999305D0,-0.5388105256079954D0,                     0000043P   3875
-0.1737269432313551D0,0.009678779809528037D0,                    0000043P   3876
-0.5388105256079954D0,-0.174586493604209D0,                      0000043P   3877
0.00323213331606104D0,-0.5388105256079955D0,-0.175D0,0.0D0,      0000043P   3878
-0.5236314583883198D0,0.0D0,0.2341484637925786D0,                0000043P   3879
-0.5236314583883201D0,-0.004182706955892148D0,                   0000043P   3880
0.2341485576039663D0,-0.5236314583883206D0,                      0000043P   3881
-0.01254809096501725D0,0.2337418334724099D0,                     0000043P   3882
-0.5236314583883201D0,-0.02504030820032619D0,                    0000043P   3883
0.2319202978975884D0,-0.5236314583883198D0,                      0000043P   3884
-0.03742352303871713D0,0.2289225438333563D0,                     0000043P   3885
-0.5236314583883206D0,-0.04965122579326042D0,                    0000043P   3886
0.224794563269898D0,-0.5236314583883201D0,                       0000043P   3887
-0.06168273604221282D0,0.219599666560898D0,                      0000043P   3888
-0.5236314583883198D0,-0.07348513725688308D0,                    0000043P   3889
0.2134048550237012D0,-0.5236314583883204D0,                      0000043P   3890
-0.08501967138415507D0,0.2062668520307013D0,                     0000043P   3891
-0.5236314583883201D0,-0.09622468318212254D0,                    0000043P   3892
0.1982197877761269D0,-0.5236314583883201D0,-0.106969007920823D0, 0000043P   3893
0.1892644463209519D0,-0.5236314583883203D0,                      0000043P   3894
-0.1170057223674952D0,0.1794048526499171D0,                      0000043P   3895
-0.5236314583883201D0,-0.1259761443175149D0,                     0000043P   3896
0.1687594860867448D0,-0.5236314583883203D0,                      0000043P   3897
-0.1336093078078872D0,0.1576367001686357D0,-0.52363145838832D0,  0000043P   3898
-0.1399165214949525D0,0.1463725192187244D0,                      0000043P   3899
-0.5236314583883203D0,-0.1451131859100526D0,                     0000043P   3900
0.1351686092979437D0,-0.5236314583883198D0,                      0000043P   3901
-0.1494485716430431D0,0.1241063207021237D0,                      0000043P   3902
-0.5236314583883204D0,-0.1531249970552093D0,                     0000043P   3903
0.1132022183089578D0,-0.5236314583883201D0,                      0000043P   3904
-0.1563006579053905D0,0.1024457715420097D0,                      0000043P   3905
-0.5236314583883204D0,-0.1590813452431441D0,                     0000043P   3906
0.09182328772561407D0,-0.5236314583883196D0,                     0000043P   3907
-0.1615525652114054D0,0.08131555960471479D0,                     0000043P   3908
-0.5236314583883199D0,-0.163773055774964D0,                      0000043P   3909
0.07090806692258746D0,-0.5236314583883201D0,                     0000043P   3910
-0.1657830316941521D0,0.06059395977333613D0,                     0000043P   3911
-0.5236314583883201D0,-0.1676241374087706D0,0.050350955455697D0, 0000043P   3912
-0.5236314583883201D0,-0.16932347959195D0,0.04016073922825884D0, 0000043P   3913
-0.5236314583883204D0,-0.1708927083762044D0,                     0000043P   3914
0.03004184580068084D0,-0.5236314583883196D0,                     0000043P   3915
-0.1723538029781017D0,0.02000688873151249D0,-0.52363145838832D0, 0000043P   3916
-0.1737281491625837D0,0.01001161996858276D0,-0.52363145838832D0, 0000043P   3917
-0.1745872077418093D0,0.003342548022996257D0,                    0000043P   3918
-0.52363145838832D0,-0.175D0,0.0D0,-0.5084521571335447D0,0.0D0,  0000043P   3919
0.2350141407842976D0,-0.5084521571335443D0,                      0000043P   3920
-0.004182708734724886D0,0.2350142822811622D0,                    0000043P   3921
-0.5084521571335455D0,-0.01254809029347378D0,                    0000043P   3922
0.2346246161951181D0,-0.5084521571335444D0,                      0000043P   3923
-0.02504030838029645D0,0.2328774838552108D0,                     0000043P   3924
-0.5084521571335449D0,-0.03742352299048032D0,                    0000043P   3925
0.2300027697383332D0,-0.5084521571335445D0,                      0000043P   3926
-0.04965122580618585D0,0.2260445082139187D0,                     0000043P   3927
-0.5084521571335447D0,-0.06168273603874814D0,                    0000043P   3928
0.2210621608886033D0,-0.5084521571335452D0,                      0000043P   3929
-0.0734851372578163D0,0.2151209571023661D0,                      0000043P   3930
-0.5084521571335444D0,-0.08501967138388677D0,                    0000043P   3931
0.2082713874309855D0,-0.508452157133545D0,                       0000043P   3932
-0.09622468318226246D0,0.200539163264309D0,                      0000043P   3933
-0.5084521571335445D0,-0.1069690079205317D0,                     0000043P   3934
0.1919071020413756D0,-0.5084521571335446D0,                      0000043P   3935
-0.1170057223685203D0,0.1823491889207654D0,-0.508452157133545D0, 0000043P   3936
-0.1259761443137102D0,0.1719436116976839D0,                      0000043P   3937
-0.5084521571335442D0,-0.1336093078219934D0,                     0000043P   3938
0.1609669363016345D0,-0.5084521571335449D0,                      0000043P   3939
-0.1399165214402744D0,0.1497512359301795D0,                      0000043P   3940
-0.5084521571335445D0,-0.1451131861051978D0,0.138512801559052D0, 0000043P   3941
-0.5084521571335447D0,-0.1494485710696216D0,                     0000043P   3942
0.1273503772807283D0,-0.5084521571335446D0,                      0000043P   3943
-0.1531249987154844D0,0.1162965294504228D0,                      0000043P   3944
-0.5084521571335447D0,-0.1563006532492395D0,                     0000043P   3945
0.1053517432367022D0,-0.5084521571335446D0,                      0000043P   3946
-0.1590813549858098D0,0.094510608936156D0,-0.5084521571335449D0, 0000043P   3947
-0.1615525593908879D0,0.08376012258766165D0,                     0000043P   3948
-0.5084521571335449D0,-0.1637730205668717D0,                     0000043P   3949
0.07308992153102588D0,-0.5084521571335445D0,                     0000043P   3950
-0.1657831032572639D0,0.06249622482083796D0,                     0000043P   3951
-0.5084521571335445D0,-0.1676242209645398D0,                     0000043P   3952
0.0519607263280978D0,-0.5084521571335442D0,                      0000043P   3953
-0.1693232281846477D0,0.04146806430479328D0,                     0000043P   3954
-0.5084521571335449D0,-0.1708923886481721D0,                     0000043P   3955
0.03103497675104367D0,-0.5084521571335445D0,                     0000043P   3956
-0.1723542910662389D0,0.02067313427900424D0,                     0000043P   3957
-0.5084521571335451D0,-0.1737293507797504D0,                     0000043P   3958
0.01034446092949181D0,-0.508452157133544D0,                      0000043P   3959
-0.1745879193246751D0,0.003452962188065166D0,                    0000043P   3960
-0.5084521571335445D0,-0.175D0,0.0D0,-0.493273931657817D0,0.0D0, 0000043P   3961
0.2358920731443715D0,-0.4932739316578171D0,                      0000043P   3962
-0.004182710549641238D0,0.2358922635637973D0,                    0000043P   3963
-0.4932739316578174D0,-0.01254808960830804D0,                    0000043P   3964
0.2355197286951176D0,-0.4932739316578174D0,                      0000043P   3965
-0.02504030856391735D0,0.2338465685273497D0,                     0000043P   3966
-0.4932739316578172D0,-0.03742352294126505D0,                    0000043P   3967
0.2310945035253717D0,-0.4932739316578171D0,                      0000043P   3968
-0.04965122581937342D0,0.227305425196494D0,                      0000043P   3969
-0.4932739316578171D0,-0.06168273603521321D0,                    0000043P   3970
0.2225347765196304D0,-0.4932739316578171D0,                      0000043P   3971
-0.07348513725876853D0,0.2168463445960641D0,                     0000043P   3972
-0.4932739316578172D0,-0.0850196713836131D0,                     0000043P   3973
0.2102841820749606D0,-0.4932739316578171D0,                      0000043P   3974
-0.09622468318240499D0,0.2028657246571197D0,                     0000043P   3975
-0.4932739316578176D0,-0.1069690079202352D0,                     0000043P   3976
0.1945557301247038D0,-0.4932739316578169D0,                      0000043P   3977
-0.1170057223695645D0,0.185298226304797D0,-0.4932739316578175D0, 0000043P   3978
-0.1259761443098334D0,0.1751313306955817D0,-0.493273931657817D0, 0000043P   3979
-0.1336093078363682D0,0.1642997925148189D0,                      0000043P   3980
-0.4932739316578172D0,-0.1399165213845547D0,                     0000043P   3981
0.1531317796750847D0,-0.493273931657817D0,-0.1451131863040607D0, 0000043P   3982
0.1418582729230638D0,-0.493273931657817D0,-0.1494485704852759D0, 0000043P   3983
0.1305951008549114D0,-0.4932739316578176D0,                      0000043P   3984
-0.1531250004073896D0,0.1193912797472849D0,                      0000043P   3985
-0.4932739316578169D0,-0.156300648504383D0,0.1082578288731414D0, 0000043P   3986
-0.4932739316578174D0,-0.1590813649140849D0,                     0000043P   3987
0.09719792062980595D0,-0.4932739316578168D0,                     0000043P   3988
-0.1615525534594828D0,0.08620458500368217D0,                     0000043P   3989
-0.493273931657817D0,-0.1637729846880235D0,0.0752715100146803D0, 0000043P   3990
-0.4932739316578172D0,-0.1657831761837374D0,                     0000043P   3991
0.06439821198572111D0,-0.4932739316578168D0,                     0000043P   3992
-0.1676243061121448D0,0.05357025458088056D0,                     0000043P   3993
-0.4932739316578174D0,-0.1693229719877402D0,                     0000043P   3994
0.04277512722525773D0,-0.4932739316578171D0,                     0000043P   3995
-0.1708920628289449D0,0.03202783830035125D0,                     0000043P   3996
-0.493273931657817D0,-0.1723547884530294D0,0.0213391727488499D0, 0000043P   3997
-0.4932739316578174D0,-0.1737305752891384D0,                     0000043P   3998
0.01067719914939019D0,-0.4932739316578169D0,                     0000043P   3999
-0.174588644464032D0,0.003563344964156505D0,                     0000043P   4000
-0.493273931657817D0,-0.175D0,0.0D0,-0.4780916371009978D0,0.0D0, 0000043P   4001
0.2367235139160209D0,-0.4780916371009979D0,                      0000043P   4002
-0.004182712234168502D0,0.2367237554987691D0,                    0000043P   4003
-0.478091637100998D0,-0.01254808897236671D0,                     0000043P   4004
0.2363680865534213D0,-0.4780916371009977D0,                      0000043P   4005
-0.02504030873434637D0,0.2347705193410741D0,                     0000043P   4006
-0.4780916371009976D0,-0.03742352289558559D0,                    0000043P   4007
0.2321425912660282D0,-0.4780916371009976D0,                      0000043P   4008
-0.04965122583161358D0,0.2285247685888524D0,                     0000043P   4009
-0.4780916371009979D0,-0.06168273603193224D0,                    0000043P   4010
0.223969026990823D0,-0.4780916371009977D0,                       0000043P   4011
-0.07348513725965217D0,0.218536585246666D0,                      0000043P   4012
-0.4780916371009977D0,-0.0850196713833591D0,                     0000043P   4013
0.2122657389029951D0,-0.4780916371009978D0,                      0000043P   4014
-0.09622468318253741D0,0.2051651599047985D0,                     0000043P   4015
-0.4780916371009977D0,-0.1069690079199594D0,                     0000043P   4016
0.1971818550989226D0,-0.478091637100998D0,-0.1170057223705347D0, 0000043P   4017
0.1882295948044979D0,-0.4780916371009974D0,                      0000043P   4018
-0.1259761443062323D0,0.1783056176029195D0,                      0000043P   4019
-0.4780916371009978D0,-0.1336093078497187D0,                     0000043P   4020
0.1676229147086842D0,-0.4780916371009979D0,                      0000043P   4021
-0.1399165213328054D0,0.1565056028097587D0,                      0000043P   4022
-0.4780916371009973D0,-0.1451131864887532D0,                     0000043P   4023
0.1451991156552528D0,-0.4780916371009979D0,                      0000043P   4024
-0.1494485699425686D0,0.1338374971235764D0,                      0000043P   4025
-0.4780916371009977D0,-0.1531250019787347D0,                     0000043P   4026
0.1224845567928613D0,-0.4780916371009979D0,                      0000043P   4027
-0.1563006440976309D0,0.1111636666398451D0,                      0000043P   4028
-0.4780916371009978D0,-0.1590813741349013D0,                     0000043P   4029
0.09988545395555323D0,-0.4780916371009973D0,                     0000043P   4030
-0.1615525479507314D0,0.08864960036354801D0,                     0000043P   4031
-0.4780916371009976D0,-0.1637729513657933D0,                     0000043P   4032
0.07745424691604945D0,-0.4780916371009977D0,                     0000043P   4033
-0.1657832439136918D0,0.066301379266548D0,-0.4780916371009978D0, 0000043P   4034
-0.1676243851923897D0,0.05518081927738001D0,                     0000043P   4035
-0.4780916371009976D0,-0.1693227340466472D0,                     0000043P   4036
0.04408327680280441D0,-0.4780916371009977D0,                     0000043P   4037
-0.1708917602266062D0,0.03302178592378994D0,                     0000043P   4038
-0.478091637100998D0,-0.1723552503975471D0,                      0000043P   4039
0.02200603738330758D0,-0.4780916371009973D0,                     0000043P   4040
-0.1737317125437034D0,0.01101034753147693D0,                     0000043P   4041
-0.4780916371009976D0,-0.1745893179321592D0,                     0000043P   4042
0.00367385383802445D0,-0.4780916371009976D0,-0.175D0,0.0D0,      0000043P   4043
-0.4629032399825671D0,0.0D0,0.237483673785861D0,                 0000043P   4044
-0.4629032399825672D0,-0.004182713720635335D0,                   0000043P   4045
0.2374839721563419D0,-0.4629032399825674D0,                      0000043P   4046
-0.01254808841119697D0,0.2371447316434066D0,                     0000043P   4047
-0.4629032399825675D0,-0.02504030888473702D0,                    0000043P   4048
0.2356253697943977D0,-0.4629032399825673D0,                      0000043P   4049
-0.03742352285527688D0,0.2331239567740691D0,                     0000043P   4050
-0.4629032399825674D0,-0.04965122584241463D0,                    0000043P   4051
0.229680702505336D0,-0.4629032399825671D0,                       0000043P   4052
-0.06168273602903699D0,0.22534500156315D0,-0.4629032399825674D0, 0000043P   4053
-0.07348513726043213D0,0.2201737067138152D0,                     0000043P   4054
-0.4629032399825673D0,-0.08501967138313481D0,                    0000043P   4055
0.2142004420173771D0,-0.4629032399825674D0,                      0000043P   4056
-0.09622468318265434D0,0.2074243161610593D0,                     0000043P   4057
-0.4629032399825675D0,-0.1069690079197161D0,                     0000043P   4058
0.1997750872873476D0,-0.462903239982567D0,-0.1170057223713914D0, 0000043P   4059
0.1911357718570313D0,-0.4629032399825676D0,                      0000043P   4060
-0.1259761443030523D0,0.18146144080166D0,-0.4629032399825669D0,  0000043P   4061
-0.133609307861509D0,0.1709333992756624D0,-0.4629032399825672D0, 0000043P   4062
-0.1399165212871049D0,0.1598715065819595D0,                      0000043P   4063
-0.4629032399825673D0,-0.1451131866518575D0,                     0000043P   4064
0.1485352123591991D0,-0.462903239982567D0,-0.1494485694632978D0, 0000043P   4065
0.137078707691387D0,-0.4629032399825676D0,-0.1531250033664072D0, 0000043P   4066
0.1255777836601725D0,-0.4629032399825672D0,                      0000043P   4067
-0.1563006402059781D0,0.1140712696798241D0,                      0000043P   4068
-0.4629032399825675D0,-0.1590813822779085D0,                     0000043P   4069
0.1025752982253203D0,-0.4629032399825671D0,-0.161552543085891D0, 0000043P   4070
0.09109724170848298D0,-0.4629032399825674D0,                     0000043P   4071
-0.1637729219385541D0,0.07964037426472247D0,                     0000043P   4072
-0.4629032399825671D0,-0.1657833037267818D0,                     0000043P   4073
0.06820776650307056D0,-0.4629032399825671D0,                     0000043P   4074
-0.1676244550290504D0,0.05679414479150777D0,                     0000043P   4075
-0.462903239982567D0,-0.1693225239181712D0,                      0000043P   4076
0.04539405334956328D0,-0.4629032399825677D0,                     0000043P   4077
-0.1708914929950523D0,0.03401814743713452D0,                     0000043P   4078
-0.4629032399825672D0,-0.1723556583459854D0,                     0000043P   4079
0.02267467835285471D0,-0.4629032399825672D0,                     0000043P   4080
-0.1737327168660976D0,0.01134437897876815D0,                     0000043P   4081
-0.4629032399825674D0,-0.174589912679494D0,                      0000043P   4082
0.003784639572834557D0,-0.4629032399825672D0,-0.175D0,0.0D0,     0000043P   4083
-0.4477156298467536D0,0.0D0,0.2382569788806046D0,                0000043P   4084
-0.4477156298467534D0,-0.004182715241194284D0,                   0000043P   4085
0.2382573298710582D0,-0.4477156298467536D0,                      0000043P   4086
-0.01254808783715682D0,0.2379346800178487D0,                     0000043P   4087
-0.4477156298467538D0,-0.02504030903857683D0,                    0000043P   4088
0.2364927162499497D0,-0.4477156298467537D0,                      0000043P   4089
-0.03742352281404377D0,0.2341171374363639D0,                     0000043P   4090
-0.4477156298467536D0,-0.04965122585346335D0,                    0000043P   4091
0.2308475139721468D0,-0.4477156298467537D0,                      0000043P   4092
-0.06168273602607541D0,0.2267303611185154D0,                     0000043P   4093
-0.4477156298467537D0,-0.07348513726122981D0,                    0000043P   4094
0.2218187189405845D0,-0.4477156298467535D0,                      0000043P   4095
-0.08501967138290549D0,0.2161412013541539D0,                     0000043P   4096
-0.4477156298467535D0,-0.09622468318277394D0,                    0000043P   4097
0.2096876488209106D0,-0.4477156298467537D0,                      0000043P   4098
-0.1069690079194672D0,0.20237039030981D0,-0.4477156298467537D0,  0000043P   4099
-0.1170057223722669D0,0.1940418751996668D0,                      0000043P   4100
-0.4477156298467534D0,-0.1259761442998021D0,                     0000043P   4101
0.1846153780914957D0,-0.4477156298467538D0,                      0000043P   4102
-0.1336093078735599D0,0.174240532551286D0,-0.4477156298467534D0, 0000043P   4103
-0.1399165212403924D0,0.1632329438356109D0,                      0000043P   4104
-0.4477156298467535D0,-0.1451131868185737D0,                     0000043P   4105
0.1518663476675554D0,-0.4477156298467538D0,                      0000043P   4106
-0.1494485689734124D0,0.1403142128441296D0,                      0000043P   4107
-0.4477156298467534D0,-0.1531250047848132D0,                     0000043P   4108
0.1286655296931136D0,-0.4477156298467537D0,                      0000043P   4109
-0.1563006362281357D0,0.1169732134827459D0,                      0000043P   4110
-0.4477156298467537D0,-0.1590813906012613D0,                     0000043P   4111
0.1052598211755672D0,-0.4477156298467534D0,                      0000043P   4112
-0.1615525381133073D0,0.09353998414416162D0,                     0000043P   4113
-0.4477156298467535D0,-0.163772891859582D0,                      0000043P   4114
0.08182182418409793D0,-0.4477156298467538D0,                     0000043P   4115
-0.1657833648645688D0,0.07011005448942502D0,                     0000043P   4116
-0.4477156298467535D0,-0.1676245264124025D0,                     0000043P   4117
0.05840405322620529D0,-0.4477156298467532D0,                     0000043P   4118
-0.1693223091359228D0,0.04670195970258806D0,                     0000043P   4119
-0.4477156298467537D0,-0.1708912198450485D0,                     0000043P   4120
0.03501220222170341D0,-0.4477156298467535D0,                     0000043P   4121
-0.1723560753293684D0,0.02334172352050154D0,                     0000043P   4122
-0.4477156298467537D0,-0.1737337434314927D0,                     0000043P   4123
0.01167761507536103D0,-0.4477156298467534D0,                     0000043P   4124
-0.1745905205988599D0,0.00389516652846023D0,                     0000043P   4125
-0.4477156298467535D0,-0.175D0,0.0D0,-0.4325309743420839D0,      0000043P   4126
0.0D0,0.2390489839775432D0,-0.4325309743420837D0,                0000043P   4127
-0.004182716823445195D0,0.2390493986345991D0,                    0000043P   4128
-0.4325309743420844D0,-0.01254808723982674D0,                    0000043P   4129
0.2387431280227825D0,-0.432530974342084D0,                       0000043P   4130
-0.02504030919865825D0,0.2373791790569886D0,                     0000043P   4131
-0.4325309743420837D0,-0.03742352277113769D0,                    0000043P   4132
0.235129779714259D0,-0.4325309743420838D0,                       0000043P   4133
-0.04965122586496036D0,0.232034224713524D0,                      0000043P   4134
-0.4325309743420839D0,-0.06168273602299358D0,                    0000043P   4135
0.2281364566405922D0,-0.4325309743420837D0,                      0000043P   4136
-0.07348513726205995D0,0.2234852873123279D0,                     0000043P   4137
-0.4325309743420839D0,-0.08501967138266689D0,                    0000043P   4138
0.2181045895150017D0,-0.4325309743420839D0,                      0000043P   4139
-0.09622468318289831D0,0.2119745548578182D0,                     0000043P   4140
-0.4325309743420839D0,-0.1069690079192078D0,                     0000043P   4141
0.2049903027819166D0,-0.432530974342084D0,-0.1170057223731801D0, 0000043P   4142
0.1969734648290614D0,-0.4325309743420838D0,                      0000043P   4143
-0.1259761442964123D0,0.1877953227255483D0,                      0000043P   4144
-0.4325309743420842D0,-0.1336093078861272D0,                     0000043P   4145
0.1775737086192143D0,-0.4325309743420838D0,                      0000043P   4146
-0.1399165211916795D0,0.1666201665259338D0,                      0000043P   4147
-0.4325309743420838D0,-0.1451131869924294D0,                     0000043P   4148
0.1552220745865147D0,-0.432530974342084D0,-0.149448568462549D0,  0000043P   4149
0.143573725357998D0,-0.4325309743420842D0,-0.1531250062639586D0, 0000043P   4150
0.1317752492418003D0,-0.432530974342084D0,-0.1563006320799519D0, 0000043P   4151
0.1198960289606218D0,-0.4325309743420842D0,                      0000043P   4152
-0.1590813992810413D0,0.1079633184598749D0,                      0000043P   4153
-0.4325309743420837D0,-0.161552532927785D0,                      0000043P   4154
0.09599969623179627D0,-0.432530974342084D0,                      0000043P   4155
-0.1637728604925507D0,0.08401859337335968D0,                     0000043P   4156
-0.4325309743420838D0,-0.1657834286204329D0,                     0000043P   4157
0.07202551952075613D0,-0.4325309743420838D0,                     0000043P   4158
-0.167624600852573D0,0.06002486916099534D0,-0.432530974342084D0, 0000043P   4159
-0.1693220851561469D0,0.04801871986133713D0,                     0000043P   4160
-0.4325309743420839D0,-0.1708909349980594D0,                     0000043P   4161
0.03601307003146916D0,-0.432530974342084D0,                      0000043P   4162
-0.1723565101690516D0,0.02401337556066018D0,                     0000043P   4163
-0.4325309743420836D0,-0.1737348139570554D0,                     0000043P   4164
0.01201314950954275D0,-0.432530974342084D0,                      0000043P   4165
-0.1745911545508948D0,0.004006451739881496D0,                    0000043P   4166
-0.4325309743420839D0,-0.175D0,0.0D0,-0.4173284193942794D0,      0000043P   4167
0.0D0,0.2397161560468005D0,-0.4173284193942796D0,                0000043P   4168
-0.0041827180059727D0,0.2397165750411421D0,                      0000043P   4169
-0.4173284193942797D0,-0.01254808679339995D0,                    0000043P   4170
0.2394276370527655D0,-0.4173284193942797D0,                      0000043P   4171
-0.02504030931829835D0,0.2381393614736826D0,                     0000043P   4172
-0.4173284193942798D0,-0.03742352273907097D0,                    0000043P   4173
0.2360151365710638D0,-0.4173284193942797D0,                      0000043P   4174
-0.04965122587355287D0,0.2330924684782004D0,                     0000043P   4175
-0.4173284193942797D0,-0.06168273602069041D0,                    0000043P   4176
0.2294114481955125D0,-0.4173284193942795D0,                      0000043P   4177
-0.07348513726268027D0,0.2250181886228576D0,                     0000043P   4178
-0.4173284193942798D0,-0.08501967138248866D0,                    0000043P   4179
0.219930811584875D0,-0.4173284193942797D0,                       0000043P   4180
-0.09622468318299084D0,0.2141215619933402D0,                     0000043P   4181
-0.4173284193942798D0,-0.1069690079190163D0,                     0000043P   4182
0.2074673984940268D0,-0.4173284193942794D0,                      0000043P   4183
-0.1170057223738539D0,0.1997602779965872D0,                      0000043P   4184
-0.4173284193942798D0,-0.1259761442939119D0,                     0000043P   4185
0.1908300834470427D0,-0.4173284193942793D0,                      0000043P   4186
-0.1336093078953984D0,0.1807635611062658D0,                      0000043P   4187
-0.4173284193942794D0,-0.1399165211557424D0,                     0000043P   4188
0.1698671251776682D0,-0.4173284193942794D0,                      0000043P   4189
-0.1451131871206884D0,0.1584449895728708D0,                      0000043P   4190
-0.4173284193942797D0,-0.1494485680856681D0,                     0000043P   4191
0.1467048491204373D0,-0.4173284193942798D0,                      0000043P   4192
-0.1531250073551732D0,0.1347677661916166D0,                      0000043P   4193
-0.4173284193942797D0,-0.1563006290197002D0,                     0000043P   4194
0.1227082031328647D0,-0.4173284193942799D0,                      0000043P   4195
-0.1590814056844009D0,0.1105664680655958D0,                      0000043P   4196
-0.4173284193942791D0,-0.1615525291022543D0,                     0000043P   4197
0.09836984565634957D0,-0.4173284193942799D0,                     0000043P   4198
-0.1637728373520596D0,0.08613489541345226D0,                     0000043P   4199
-0.4173284193942796D0,-0.1657834756552323D0,                     0000043P   4200
0.07387186698401776D0,-0.4173284193942795D0,                     0000043P   4201
-0.167624655769537D0,0.06158848767273867D0,                      0000043P   4202
-0.4173284193942793D0,-0.1693219199188935D0,                     0000043P   4203
0.04928919066582424D0,-0.4173284193942799D0,                     0000043P   4204
-0.1708907248570595D0,0.0369784664081745D0,                      0000043P   4205
-0.4173284193942793D0,-0.1723568309645989D0,                     0000043P   4206
0.02466109713208215D0,-0.41732841939428D0,-0.1737356037190012D0, 0000043P   4207
0.01233674387915124D0,-0.4173284193942793D0,                     0000043P   4208
-0.1745916222381782D0,0.00411379222376808D0,                     0000043P   4209
-0.4173284193942794D0,-0.1749999999999999D0,0.0D0,               0000043P   4210
-0.4021295292966824D0,0.0D0,0.2404111958076787D0,                0000043P   4211
-0.4021295292966821D0,-0.004182719266760183D0,                   0000043P   4212
0.2404116083902699D0,-0.4021295292966829D0,                      0000043P   4213
-0.01254808631742849D0,0.2401397141368805D0,                     0000043P   4214
-0.4021295292966822D0,-0.02504030944585627D0,                    0000043P   4215
0.2389274922372811D0,-0.4021295292966824D0,                      0000043P   4216
-0.0374235227048821D0,0.2369283752151419D0,                      0000043P   4217
-0.4021295292966823D0,-0.04965122588271399D0,                    0000043P   4218
0.2341783592977605D0,-0.4021295292966823D0,                      0000043P   4219
-0.06168273601823478D0,0.2307141900436756D0,                     0000043P   4220
-0.4021295292966825D0,-0.07348513726334169D0,                    0000043P   4221
0.226578740305414D0,-0.4021295292966824D0,                       0000043P   4222
-0.08501967138229857D0,0.221784807415713D0,                      0000043P   4223
-0.4021295292966824D0,-0.09622468318309005D0,                    0000043P   4224
0.216296087858711D0,-0.4021295292966824D0,-0.1069690079188094D0, 0000043P   4225
0.2099718576737316D0,-0.4021295292966825D0,                      0000043P   4226
-0.1170057223745822D0,0.2025740902252373D0,                      0000043P   4227
-0.4021295292966823D0,-0.1259761442912078D0,                     0000043P   4228
0.1938912898182075D0,-0.4021295292966826D0,                      0000043P   4229
-0.1336093079054242D0,0.1839789704872046D0,                      0000043P   4230
-0.4021295292966824D0,-0.1399165211168807D0,                     0000043P   4231
0.1731388893911893D0,-0.4021295292966824D0,                      0000043P   4232
-0.1451131872593854D0,0.1616908766814605D0,                      0000043P   4233
-0.4021295292966824D0,-0.149448567678116D0,0.1498583103804126D0, 0000043P   4234
-0.4021295292966827D0,-0.1531250085351929D0,                     0000043P   4235
0.1377801118639392D0,-0.4021295292966824D0,                      0000043P   4236
-0.1563006257103987D0,0.1255393105131624D0,                      0000043P   4237
-0.4021295292966825D0,-0.1590814126088794D0,                     0000043P   4238
0.1131866137414364D0,-0.4021295292966823D0,-0.161552524965394D0, 0000043P   4239
0.1007549941564618D0,-0.4021295292966826D0,                      0000043P   4240
-0.1637728123283456D0,0.08826479474766759D0,                     0000043P   4241
-0.4021295292966823D0,-0.1657835265178246D0,                     0000043P   4242
0.07572978262764855D0,-0.4021295292966826D0,                     0000043P   4243
-0.1676247151557614D0,0.06316151892477644D0,                     0000043P   4244
-0.4021295292966823D0,-0.1693217412342785D0,                     0000043P   4245
0.05056726588158672D0,-0.4021295292966825D0,                     0000043P   4246
-0.1708904976143349D0,0.03794973758181702D0,                     0000043P   4247
-0.4021295292966826D0,-0.1723571778671755D0,                     0000043P   4248
0.02531280257376592D0,-0.4021295292966822D0,                     0000043P   4249
-0.1737364577534657D0,0.01266232451579612D0,                     0000043P   4250
-0.4021295292966825D0,-0.1745921279868553D0,                     0000043P   4251
0.004221786731777712D0,-0.4021295292966824D0,                    0000043P   4252
-0.1749999999999999D0,0.0D0,-0.3869338792413909D0,0.0D0,         0000043P   4253
0.2411195978297548D0,-0.3869338792413911D0,                      0000043P   4254
-0.004182720614231149D0,0.2411201063260556D0,                    0000043P   4255
-0.3869338792413911D0,-0.01254808580873235D0,                    0000043P   4256
0.2408654579794185D0,-0.3869338792413911D0,                      0000043P   4257
-0.02504030958218423D0,0.2397301100036062D0,                     0000043P   4258
-0.3869338792413909D0,-0.03742352266834259D0,                    0000043P   4259
0.2378573721312184D0,-0.3869338792413909D0,                      0000043P   4260
-0.04965122589250508D0,0.2352821288744855D0,                     0000043P   4261
-0.3869338792413911D0,-0.06168273601561025D0,                    0000043P   4262
0.2320370346860255D0,-0.3869338792413907D0,                      0000043P   4263
-0.07348513726404855D0,0.2281623575610763D0,                     0000043P   4264
-0.386933879241391D0,-0.08501967138209574D0,                     0000043P   4265
0.2236648742936672D0,-0.386933879241391D0,                       0000043P   4266
-0.09622468318319405D0,0.2185004377060723D0,                     0000043P   4267
-0.3869338792413908D0,-0.1069690079185962D0,                     0000043P   4268
0.2125096797430539D0,-0.386933879241391D0,-0.117005722375331D0,  0000043P   4269
0.2054246826712592D0,-0.3869338792413909D0,                      0000043P   4270
-0.1259761442884287D0,0.1969918975032488D0,                      0000043P   4271
-0.3869338792413909D0,-0.1336093079157279D0,                     0000043P   4272
0.1872354758734718D0,-0.3869338792413908D0,                      0000043P   4273
-0.1399165210769416D0,0.1764516953961517D0,                      0000043P   4274
-0.3869338792413908D0,-0.1451131874019271D0,                     0000043P   4275
0.1649776872337204D0,-0.386933879241391D0,-0.1494485672592665D0, 0000043P   4276
0.1530508104016723D0,-0.3869338792413909D0,                      0000043P   4277
-0.1531250097479223D0,0.1408303452451071D0,                      0000043P   4278
-0.3869338792413908D0,-0.1563006223093644D0,                     0000043P   4279
0.1284053263668745D0,-0.3869338792413911D0,                      0000043P   4280
-0.1590814197253022D0,0.1158391228153851D0,                      0000043P   4281
-0.3869338792413906D0,-0.1615525207138611D0,                     0000043P   4282
0.1031697090174202D0,-0.3869338792413908D0,                      0000043P   4283
-0.1637727866109827D0,0.09042077205456059D0,                     0000043P   4284
-0.3869338792413908D0,-0.1657835787903103D0,                     0000043P   4285
0.07761054311787262D0,-0.3869338792413908D0,                     0000043P   4286
-0.1676247761881514D0,0.06475409663868299D0,                     0000043P   4287
-0.3869338792413909D0,-0.1693215575965875D0,                     0000043P   4288
0.05186121280651002D0,-0.3869338792413909D0,                     0000043P   4289
-0.1708902640725205D0,0.03893298100077126D0,                     0000043P   4290
-0.3869338792413908D0,-0.1723575343857714D0,                     0000043P   4291
0.02597250300313916D0,-0.3869338792413912D0,                     0000043P   4292
-0.173737335461471D0,0.01299190014886867D0,                      0000043P   4293
-0.3869338792413907D0,-0.1745926477547105D0,                     0000043P   4294
0.004331109870829832D0,-0.3869338792413908D0,-0.175D0,0.0D0,     0000043P   4295
-0.3717216041666702D0,0.0D0,0.2417466831154182D0,                0000043P   4296
-0.3717216041666699D0,-0.004182721536708227D0,                   0000043P   4297
0.2417468889726242D0,-0.3717216041666707D0,                      0000043P   4298
-0.01254808546047956D0,0.2415089667341334D0,-0.37172160416667D0, 0000043P   4299
-0.02504030967551422D0,0.2404468314121206D0,                     0000043P   4300
-0.3717216041666704D0,-0.03742352264332766D0,                    0000043P   4301
0.2386954541720272D0,-0.3717216041666702D0,                      0000043P   4302
-0.04965122589920799D0,0.2362867363676672D0,                     0000043P   4303
-0.3717216041666702D0,-0.06168273601381349D0,                    0000043P   4304
0.233251717858385D0,-0.3717216041666705D0,                       0000043P   4305
-0.07348513726453285D0,0.2296260621522879D0,                     0000043P   4306
-0.3717216041666702D0,-0.08501967138195522D0,                    0000043P   4307
0.2254128832221922D0,-0.3717216041666703D0,                      0000043P   4308
-0.09622468318327239D0,0.2205579728956227D0,                     0000043P   4309
-0.3717216041666703D0,-0.1069690079184234D0,                     0000043P   4310
0.2148866867863125D0,-0.3717216041666703D0,                      0000043P   4311
-0.1170057223759436D0,0.2081011551866689D0,                      0000043P   4312
-0.3717216041666703D0,-0.1259761442861531D0,0.199908454283113D0, 0000043P   4313
-0.3717216041666702D0,-0.1336093079241654D0,                     0000043P   4314
0.1903020403445376D0,-0.3717216041666703D0,                      0000043P   4315
-0.1399165210442363D0,0.1795755286735634D0,                      0000043P   4316
-0.3717216041666701D0,-0.1451131875186521D0,                     0000043P   4317
0.1680778318890645D0,-0.3717216041666703D0,                      0000043P   4318
-0.1494485669162775D0,0.1560648178802592D0,                      0000043P   4319
-0.3717216041666702D0,-0.1531250107410076D0,0.143709199068387D0, 0000043P   4320
-0.3717216041666702D0,-0.1563006195243108D0,                     0000043P   4321
0.1311127751188735D0,-0.3717216041666703D0,                      0000043P   4322
-0.1590814255528292D0,0.1183451822267814D0,-0.37172160416667D0,  0000043P   4323
-0.1615525172323477D0,0.1054511593594349D0,                      0000043P   4324
-0.3717216041666703D0,-0.1637727655514377D0,                     0000043P   4325
0.09245884017662044D0,-0.3717216041666703D0,                     0000043P   4326
-0.1657836215954294D0,0.07938835604135393D0,                     0000043P   4327
-0.3717216041666704D0,-0.1676248261666186D0,                     0000043P   4328
0.06625907576482007D0,-0.3717216041666699D0,                     0000043P   4329
-0.1693214072185616D0,0.05308406848351446D0,                     0000043P   4330
-0.3717216041666704D0,-0.1708900728287901D0,                     0000043P   4331
0.03986246064154131D0,-0.3717216041666704D0,                     0000043P   4332
-0.1723578263332599D0,0.02659623961149271D0,                     0000043P   4333
-0.3717216041666702D0,-0.1737380542027954D0,                     0000043P   4334
0.0133035095291942D0,-0.3717216041666701D0,-0.174593073384458D0, 0000043P   4335
0.004434464461588934D0,-0.3717216041666702D0,-0.175D0,0.0D0,     0000043P   4336
-0.3565064100526389D0,0.0D0,0.2423595753802167D0,                0000043P   4337
-0.3565064100526388D0,-0.004182722394493604D0,                   0000043P   4338
0.2423594445451717D0,-0.3565064100526391D0,                      0000043P   4339
-0.01254808513664914D0,0.2421381297601299D0,                     0000043P   4340
-0.3565064100526392D0,-0.02504030976229911D0,                    0000043P   4341
0.2411485575706926D0,-0.3565064100526387D0,                      0000043P   4342
-0.03742352262006701D0,0.2395175970920171D0,                     0000043P   4343
-0.3565064100526389D0,-0.04965122590544095D0,                    0000043P   4344
0.2372739477524827D0,-0.3565064100526389D0,                      0000043P   4345
-0.06168273601214255D0,0.2344473249405446D0,                     0000043P   4346
-0.3565064100526388D0,-0.07348513726498346D0,                    0000043P   4347
0.2310685756820487D0,-0.356506410052639D0,                       0000043P   4348
-0.08501967138182388D0,0.2271374226106325D0,                     0000043P   4349
-0.3565064100526389D0,-0.09622468318334676D0,                    0000043P   4350
0.2225894112114396D0,-0.3565064100526388D0,                      0000043P   4351
-0.1069690079182575D0,0.217235014217539D0,-0.3565064100526392D0, 0000043P   4352
-0.1170057223765328D0,0.2107465230744408D0,                      0000043P   4353
-0.3565064100526389D0,-0.1259761442839645D0,                     0000043P   4354
0.2027920717463759D0,-0.3565064100526389D0,                      0000043P   4355
-0.1336093079322803D0,0.1933346297733358D0,                      0000043P   4356
-0.3565064100526389D0,-0.139916521012781D0,0.1826654305701479D0, 0000043P   4357
-0.3565064100526386D0,-0.1451131876309162D0,0.171144520661212D0, 0000043P   4358
-0.3565064100526391D0,-0.1494485665863964D0,                     0000043P   4359
0.1590467270130709D0,-0.3565064100526389D0,                      0000043P   4360
-0.1531250116961393D0,0.1465573581507913D0,-0.356506410052639D0, 0000043P   4361
-0.1563006168456955D0,0.1337917018587372D0,                      0000043P   4362
-0.3565064100526389D0,-0.1590814311576416D0,                     0000043P   4363
0.1208249065644735D0,-0.3565064100526387D0,                      0000043P   4364
-0.1615525138838895D0,0.1077086715077051D0,                      0000043P   4365
-0.3565064100526391D0,-0.1637727452967393D0,                     0000043P   4366
0.09447568408808971D0,-0.3565064100526386D0,                     0000043P   4367
-0.1657836627646362D0,0.08114765623535865D0,                     0000043P   4368
-0.3565064100526388D0,-0.1676248742350249D0,                     0000043P   4369
0.06774833667136748D0,-0.3565064100526388D0,                     0000043P   4370
-0.1693212625876346D0,0.05429417161204091D0,                     0000043P   4371
-0.3565064100526392D0,-0.1708898888939509D0,                     0000043P   4372
0.04078228696164982D0,-0.3565064100526387D0,                     0000043P   4373
-0.1723581071231941D0,0.02721351479117697D0,                     0000043P   4374
-0.3565064100526391D0,-0.173738745475496D0,                      0000043P   4375
0.01361189116468741D0,-0.3565064100526389D0,                     0000043P   4376
-0.1745934827476258D0,0.00453674715119344D0,                     0000043P   4377
-0.3565064100526388D0,-0.175D0,0.0D0,-0.3412935922842328D0,      0000043P   4378
0.0D0,0.2429828117366559D0,-0.3412935922842324D0,                0000043P   4379
-0.004182723278710361D0,0.24298228120716D0,                      0000043P   4380
-0.3412935922842333D0,-0.01254808480284035D0,                    0000043P   4381
0.2427777865111336D0,-0.3412935922842328D0,                      0000043P   4382
-0.02504030985175817D0,0.2418613666595172D0,                     0000043P   4383
-0.3412935922842328D0,-0.03742352259608959D0,                    0000043P   4384
0.2403518814298035D0,-0.3412935922842327D0,                      0000043P   4385
-0.04965122591186587D0,0.238274712664636D0,                      0000043P   4386
-0.3412935922842328D0,-0.06168273601042029D0,                    0000043P   4387
0.2356583163989642D0,-0.3412935922842327D0,                      0000043P   4388
-0.07348513726544778D0,0.2325286032474103D0,                     0000043P   4389
-0.3412935922842329D0,-0.08501967138168871D0,                    0000043P   4390
0.2288819889670756D0,-0.3412935922842325D0,                      0000043P   4391
-0.09622468318342317D0,0.2246434604492043D0,                     0000043P   4392
-0.3412935922842331D0,-0.1069690079180871D0,0.219608720577718D0, 0000043P   4393
-0.3412935922842325D0,-0.1170057223771376D0,0.213419815459285D0, 0000043P   4394
-0.3412935922842327D0,-0.125976144281718D0,0.205705630158471D0,  0000043P   4395
-0.3412935922842326D0,-0.1336093079406097D0,                     0000043P   4396
0.1963982218520623D0,-0.3412935922842329D0,                      0000043P   4397
-0.1399165209804945D0,0.1857867052514369D0,                      0000043P   4398
-0.3412935922842328D0,-0.1451131877461462D0,                     0000043P   4399
0.1742421279949966D0,-0.3412935922842328D0,                      0000043P   4400
-0.1494485662478009D0,0.1620585519413726D0,                      0000043P   4401
-0.3412935922842328D0,-0.1531250126765032D0,                     0000043P   4402
0.1494339502525785D0,-0.3412935922842326D0,                      0000043P   4403
-0.1563006140963182D0,0.1364973187905292D0,-0.341293592284233D0, 0000043P   4404
-0.1590814369105184D0,0.1233293030310465D0,                      0000043P   4405
-0.3412935922842327D0,-0.161552510446974D0,0.109988586830124D0,  0000043P   4406
-0.3412935922842329D0,-0.1637727245069654D0,0.096512477589561D0, 0000043P   4407
-0.3412935922842328D0,-0.1657837050214248D0,                     0000043P   4408
0.08292433824155555D0,-0.3412935922842329D0,                     0000043P   4409
-0.1676249235732719D0,0.06925230607282051D0,                     0000043P   4410
-0.3412935922842327D0,-0.1693211141359395D0,                     0000043P   4411
0.05551620161919121D0,-0.3412935922842329D0,                     0000043P   4412
-0.1708897001000384D0,0.04171115358158459D0,                     0000043P   4413
-0.3412935922842328D0,-0.1723583953308576D0,                     0000043P   4414
0.02783684673739559D0,-0.3412935922842328D0,                     0000043P   4415
-0.1737394550097986D0,0.01392329836754619D0,                     0000043P   4416
-0.3412935922842326D0,-0.1745939029250885D0,                     0000043P   4417
0.004640034145629581D0,-0.3412935922842327D0,-0.175D0,0.0D0,     0000043P   4418
-0.3260741881726364D0,0.0D0,0.2435788647473971D0,                0000043P   4419
-0.3260741881726365D0,-0.004182724121893281D0,                   0000043P   4420
0.2435782205854066D0,-0.3260741881726364D0,                      0000043P   4421
-0.01254808448452264D0,0.2433898140908259D0,                     0000043P   4422
-0.3260741881726363D0,-0.0250403099370657D0,                     0000043P   4423
0.2425448392772747D0,-0.3260741881726367D0,                      0000043P   4424
-0.03742352257322493D0,0.2411535392172228D0,                     0000043P   4425
-0.3260741881726361D0,-0.04965122591799272D0,                    0000043P   4426
0.2392386595758043D0,-0.3260741881726363D0,                      0000043P   4427
-0.06168273600877788D0,0.2368268464425444D0,                     0000043P   4428
-0.3260741881726366D0,-0.07348513726589057D0,                    0000043P   4429
0.2339397657318194D0,-0.3260741881726362D0,-0.08501967138156D0,  0000043P   4430
0.2305699169915918D0,-0.3260741881726367D0,                      0000043P   4431
-0.09622468318349513D0,0.2266331628729111D0,                     0000043P   4432
-0.3260741881726362D0,-0.1069690079179276D0,                     0000043P   4433
0.2219095908341195D0,-0.3260741881726365D0,                      0000043P   4434
-0.1170057223777036D0,0.216012514483477D0,-0.3260741881726364D0, 0000043P   4435
-0.1259761442796158D0,0.208532364091839D0,-0.3260741881726367D0, 0000043P   4436
-0.1336093079484041D0,0.1993717783733428D0,                      0000043P   4437
-0.3260741881726362D0,-0.1399165209502821D0,                     0000043P   4438
0.1888164201747359D0,-0.3260741881726368D0,-0.145113187853974D0, 0000043P   4439
0.177249516965428D0,-0.3260741881726364D0,-0.1494485659309555D0, 0000043P   4440
0.1649828120334902D0,-0.3260741881726363D0,                      0000043P   4441
-0.1531250135938922D0,0.1522275050177093D0,                      0000043P   4442
-0.3260741881726367D0,-0.1563006115235505D0,                     0000043P   4443
0.1391246969667437D0,-0.3260741881726364D0,                      0000043P   4444
-0.1590814422938524D0,0.1257613460558003D0,                      0000043P   4445
-0.3260741881726363D0,-0.1615525072308326D0,0.112202827649692D0, 0000043P   4446
-0.3260741881726363D0,-0.1637727050526474D0,                     0000043P   4447
0.09849069694161558D0,-0.3260741881726366D0,                     0000043P   4448
-0.1657837445637984D0,0.08465000572845968D0,                     0000043P   4449
-0.3260741881726364D0,-0.1676249697422175D0,                     0000043P   4450
0.07071315971424114D0,-0.3260741881726361D0,                     0000043P   4451
-0.1693209752202169D0,0.05670327666032396D0,                     0000043P   4452
-0.3260741881726365D0,-0.1708895234335279D0,                     0000043P   4453
0.04261351232287575D0,-0.3260741881726366D0,                     0000043P   4454
-0.1723586650251578D0,0.02844241304614611D0,                     0000043P   4455
-0.3260741881726363D0,-0.1737401189663182D0,                     0000043P   4456
0.01422583104577501D0,-0.3260741881726365D0,                     0000043P   4457
-0.1745942961119503D0,0.004740375821893778D0,                    0000043P   4458
-0.3260741881726364D0,-0.175D0,0.0D0,-0.3108382531453012D0,      0000043P   4459
0.0D0,0.2441068365081578D0,-0.3108382531453013D0,                0000043P   4460
-0.00418272488594407D0,0.2441069248034951D0,                     0000043P   4461
-0.3108382531453014D0,-0.0125480841960788D0,                     0000043P   4462
0.2439326377816421D0,-0.3108382531453014D0,                      0000043P   4463
-0.02504031001436717D0,0.2431549507524868D0,                     0000043P   4464
-0.3108382531453012D0,-0.03742352255250607D0,                    0000043P   4465
0.2418735868864837D0,-0.3108382531453014D0,                      0000043P   4466
-0.04965122592354446D0,0.2401106384847162D0,                     0000043P   4467
-0.3108382531453013D0,-0.06168273600728969D0,                    0000043P   4468
0.2378892796626523D0,-0.3108382531453012D0,                      0000043P   4469
-0.07348513726629156D0,0.2352289202697831D0,                     0000043P   4470
-0.3108382531453012D0,-0.08501967138144424D0,                    0000043P   4471
0.2321162999236866D0,-0.3108382531453012D0,                      0000043P   4472
-0.0962246831835573D0,0.2284622894017584D0,                      0000043P   4473
-0.3108382531453014D0,-0.1069690079177949D0,                     0000043P   4474
0.2240286538759887D0,-0.3108382531453012D0,                      0000043P   4475
-0.1170057223781726D0,0.2184040848731403D0,                      0000043P   4476
-0.3108382531453012D0,-0.1259761442778743D0,                     0000043P   4477
0.2111423442774847D0,-0.3108382531453013D0,                      0000043P   4478
-0.1336093079548615D0,0.2021207927076385D0,                      0000043P   4479
-0.3108382531453014D0,-0.1399165209252514D0,                     0000043P   4480
0.1916175876654285D0,-0.3108382531453013D0,                      0000043P   4481
-0.1451131879433085D0,0.1800318357290408D0,                      0000043P   4482
-0.3108382531453013D0,-0.1494485656684524D0,                     0000043P   4483
0.1676885190375204D0,-0.3108382531453014D0,                      0000043P   4484
-0.1531250143539392D0,0.1548140213260055D0,                      0000043P   4485
-0.3108382531453012D0,-0.1563006093920399D0,                     0000043P   4486
0.1415568410197444D0,-0.3108382531453014D0,                      0000043P   4487
-0.1590814467538869D0,0.1280128063870088D0,                      0000043P   4488
-0.3108382531453011D0,-0.1615525045662942D0,                     0000043P   4489
0.1142532094926541D0,-0.3108382531453015D0,                      0000043P   4490
-0.1637726889349532D0,0.1003227896929518D0,                      0000043P   4491
-0.3108382531453012D0,-0.165783777324231D0,                      0000043P   4492
0.08624841831745859D0,-0.3108382531453014D0,                     0000043P   4493
-0.1676250079926941D0,0.07206647094646523D0,                     0000043P   4494
-0.3108382531453013D0,-0.1693208601300291D0,                     0000043P   4495
0.05780317962823274D0,-0.3108382531453014D0,                     0000043P   4496
-0.1708893770672182D0,0.043449777881911D0,-0.3108382531453012D0, 0000043P   4497
-0.1723588884639943D0,0.02900368838752208D0,                     0000043P   4498
-0.3108382531453014D0,-0.1737406690471774D0,                     0000043P   4499
0.01450623881291656D0,-0.3108382531453012D0,                     0000043P   4500
-0.174594621863051D0,0.004833374085335568D0,                     0000043P   4501
-0.3108382531453012D0,-0.175D0,0.0D0,-0.2956046011453928D0,      0000043P   4502
0.0D0,0.2446448342986374D0,-0.2956046011453923D0,                0000043P   4503
-0.004182725630492174D0,0.2446453361511473D0,                    0000043P   4504
-0.2956046011453928D0,-0.01254808391499762D0,                    0000043P   4505
0.2444856308286197D0,-0.2956046011453927D0,                      0000043P   4506
-0.0250403100896955D0,0.2437754877067552D0,                      0000043P   4507
-0.2956046011453927D0,-0.03742352253231607D0,                    0000043P   4508
0.2426049571831893D0,-0.2956046011453926D0,                      0000043P   4509
-0.04965122592895452D0,0.2409948521132126D0,                     0000043P   4510
-0.2956046011453925D0,-0.06168273600583944D0,                    0000043P   4511
0.2389654666258367D0,-0.2956046011453929D0,                      0000043P   4512
-0.07348513726668245D0,0.2365333691980221D0,                     0000043P   4513
-0.2956046011453926D0,-0.08501967138133086D0,                    0000043P   4514
0.233680226117216D0,-0.2956046011453927D0,                       0000043P   4515
-0.09622468318361981D0,0.2303105724401341D0,                     0000043P   4516
-0.2956046011453927D0,-0.1069690079176583D0,0.226169131930583D0, 0000043P   4517
-0.2956046011453927D0,-0.1170057223786567D0,                     0000043P   4518
0.2208189833859411D0,-0.2956046011453926D0,                      0000043P   4519
-0.1259761442760763D0,0.2137773773418827D0,                      0000043P   4520
-0.2956046011453928D0,-0.133609307961528D0,0.204895191865582D0,  0000043P   4521
-0.2956046011453926D0,-0.1399165208994113D0,                     0000043P   4522
0.1944447619480391D0,-0.2956046011453927D0,-0.145113188035531D0, 0000043P   4523
0.1828394982279605D0,-0.2956046011453928D0,                      0000043P   4524
-0.1494485653974623D0,0.1704188942043935D0,                      0000043P   4525
-0.2956046011453924D0,-0.1531250151385599D0,                     0000043P   4526
0.1574235567725037D0,-0.2956046011453929D0,                      0000043P   4527
-0.1563006071916135D0,0.1440108624350625D0,                      0000043P   4528
-0.2956046011453926D0,-0.1590814513581225D0,                     0000043P   4529
0.1302845585518745D0,-0.2956046011453924D0,                      0000043P   4530
-0.1615525018156061D0,0.1163219024314445D0,                      0000043P   4531
-0.2956046011453928D0,-0.1637726722961444D0,                     0000043P   4532
0.1021711209483344D0,-0.2956046011453925D0,-0.165783811143869D0, 0000043P   4533
0.08786095749855516D0,-0.2956046011453927D0,                     0000043P   4534
-0.1676250474798797D0,0.07343173203683243D0,                     0000043P   4535
-0.2956046011453926D0,-0.1693207413187624D0,                     0000043P   4536
0.05891274057916263D0,-0.2956046011453927D0,                     0000043P   4537
-0.1708892259686131D0,0.04429333003485626D0,                     0000043P   4538
-0.2956046011453929D0,-0.172359119127024D0,                      0000043P   4539
0.02956983272244563D0,-0.2956046011453925D0,                     0000043P   4540
-0.173741236913173D0,0.01478907906196841D0,                      0000043P   4541
-0.2956046011453926D0,-0.1745949581462896D0,                     0000043P   4542
0.00492718105985833D0,-0.2956046011453926D0,-0.175D0,0.0D0,      0000043P   4543
-0.2803783479515159D0,0.0D0,0.2452108092202219D0,                0000043P   4544
-0.2803783479515159D0,-0.004182726532183129D0,                   0000043P   4545
0.2452121541407031D0,-0.2803783479515162D0,                      0000043P   4546
-0.01254808357459199D0,0.2450671503398282D0,                     0000043P   4547
-0.280378347951516D0,-0.02504031018092246D0,                     0000043P   4548
0.2444276838873432D0,-0.2803783479515158D0,                      0000043P   4549
-0.03742352250786486D0,0.2433726470882745D0,                     0000043P   4550
-0.2803783479515163D0,-0.04965122593550643D0,                    0000043P   4551
0.2419220948656271D0,-0.2803783479515162D0,                      0000043P   4552
-0.06168273600408319D0,0.2400927354401881D0,                     0000043P   4553
-0.280378347951516D0,-0.07348513726715557D0,                     0000043P   4554
0.2378986485116051D0,-0.2803783479515159D0,                      0000043P   4555
-0.08501967138119494D0,0.2353155243574281D0,                     0000043P   4556
-0.2803783479515159D0,-0.09622468318369082D0,                    0000043P   4557
0.2322428053352557D0,-0.2803783479515159D0,                      0000043P   4558
-0.1069690079175103D0,0.2284057571488093D0,                      0000043P   4559
-0.2803783479515159D0,-0.1170057223791776D0,                     0000043P   4560
0.2233416980407191D0,-0.2803783479515162D0,-0.125976144274143D0, 0000043P   4561
0.2165289526389942D0,-0.2803783479515159D0,-0.133609307968696D0, 0000043P   4562
0.2077925939159192D0,-0.2803783479515157D0,                      0000043P   4563
-0.1399165208716266D0,0.197396456495584D0,-0.2803783479515161D0, 0000043P   4564
-0.145113188134694D0,0.1857708559924708D0,-0.2803783479515157D0, 0000043P   4565
-0.1494485651060783D0,0.1732691498079841D0,                      0000043P   4566
-0.2803783479515164D0,-0.1531250159822278D0,                     0000043P   4567
0.1601480541230275D0,-0.2803783479515157D0,                      0000043P   4568
-0.1563006048255931D0,0.1465726085243249D0,                      0000043P   4569
-0.2803783479515163D0,-0.1590814563088528D0,                     0000043P   4570
0.1326557260756573D0,-0.2803783479515157D0,                      0000043P   4571
-0.1615524988579133D0,0.1184812099635277D0,                      0000043P   4572
-0.2803783479515161D0,-0.1637726544051712D0,                     0000043P   4573
0.1041006247882492D0,-0.2803783479515159D0,                      0000043P   4574
-0.1657838475086255D0,0.0895442452091669D0,-0.280378347951516D0, 0000043P   4575
-0.1676250899386985D0,0.07485673610382354D0,                     0000043P   4576
-0.2803783479515158D0,-0.169320613566278D0,                      0000043P   4577
0.06007084167123208D0,-0.2803783479515161D0,                     0000043P   4578
-0.1708890634989871D0,0.04517382899441741D0,                     0000043P   4579
-0.2803783479515157D0,-0.1723593671487461D0,                     0000043P   4580
0.03016079205055343D0,-0.2803783479515164D0,                     0000043P   4581
-0.1737418475142845D0,0.01508431429446635D0,                     0000043P   4582
-0.2803783479515161D0,-0.1745953197367367D0,                     0000043P   4583
0.005025096602879607D0,-0.2803783479515159D0,-0.175D0,0.0D0,     0000043P   4584
-0.2651183025753586D0,0.0D0,0.2456475177312739D0,                0000043P   4585
-0.2651183025753585D0,-0.004182726788754556D0,                   0000043P   4586
0.2456482253994134D0,-0.2651183025753587D0,                      0000043P   4587
-0.01254808347773135D0,0.2455169214466175D0,                     0000043P   4588
-0.2651183025753586D0,-0.02504031020688062D0,                    0000043P   4589
0.2449345786319189D0,-0.2651183025753586D0,                      0000043P   4590
-0.03742352250090734D0,0.2439743223788137D0,                     0000043P   4591
-0.2651183025753583D0,-0.04965122593737084D0,                    0000043P   4592
0.2426539074345846D0,-0.2651183025753585D0,                      0000043P   4593
-0.06168273600358318D0,0.2409888166259259D0,                     0000043P   4594
-0.2651183025753586D0,-0.07348513726729114D0,                    0000043P   4595
0.2389897701832944D0,-0.2651183025753586D0,                      0000043P   4596
-0.08501967138115231D0,0.2366295773894955D0,                     0000043P   4597
-0.2651183025753586D0,-0.09622468318372537D0,                    0000043P   4598
0.2337987525510143D0,-0.2651183025753587D0,                      0000043P   4599
-0.1069690079174143D0,0.2302119805511458D0,                      0000043P   4600
-0.2651183025753585D0,-0.1170057223795266D0,                     0000043P   4601
0.2253825033696547D0,-0.2651183025753584D0,                      0000043P   4602
-0.1259761442728434D0,0.2187597841632988D0,                      0000043P   4603
-0.2651183025753587D0,-0.1336093079735153D0,                     0000043P   4604
0.2101415115254979D0,-0.2651183025753585D0,                      0000043P   4605
-0.1399165208529457D0,0.1997925688620115D0,                      0000043P   4606
-0.2651183025753587D0,-0.1451131882013665D0,                     0000043P   4607
0.1881508346648702D0,-0.2651183025753588D0,                      0000043P   4608
-0.1494485649101653D0,0.1755849168248584D0,                      0000043P   4609
-0.2651183025753582D0,-0.153125016549471D0,0.1623606717497968D0, 0000043P   4610
-0.2651183025753588D0,-0.1563006032347897D0,                     0000043P   4611
0.1486543714206056D0,-0.2651183025753584D0,                      0000043P   4612
-0.1590814596374957D0,0.134583823710244D0,-0.2651183025753587D0, 0000043P   4613
-0.161552496869297D0,0.120236866916178D0,-0.2651183025753585D0,  0000043P   4614
-0.1637726423761051D0,0.1056687147758537D0,                      0000043P   4615
-0.2651183025753585D0,-0.1657838719586124D0,                     0000043P   4616
0.09091255922476937D0,-0.2651183025753586D0,                     0000043P   4617
-0.1676251184860524D0,0.07601574035596662D0,                     0000043P   4618
-0.2651183025753583D0,-0.1693205276713926D0,                     0000043P   4619
0.06101287657237049D0,-0.2651183025753587D0,                     0000043P   4620
-0.170888954261895D0,0.04588993592713089D0,                      0000043P   4621
-0.2651183025753587D0,-0.1723595339071264D0,                     0000043P   4622
0.03064136556231542D0,-0.2651183025753585D0,                     0000043P   4623
-0.173742258054343D0,0.01532441180685425D0,                      0000043P   4624
-0.2651183025753584D0,-0.1745955628534962D0,                     0000043P   4625
0.005104733055909552D0,-0.2651183025753585D0,                    0000043P   4626
-0.1749999999999999D0,0.0D0,-0.2498659377816296D0,0.0D0,         0000043P   4627
0.2461132783541426D0,-0.2498659377816297D0,                      0000043P   4628
-0.004182727206657163D0,0.2461137470827053D0,                    0000043P   4629
-0.2498659377816299D0,-0.01254808331996512D0,                    0000043P   4630
0.2459962552647082D0,-0.2498659377816297D0,                      0000043P   4631
-0.02504031024916117D0,0.2454740616419915D0,                     0000043P   4632
-0.2498659377816297D0,-0.03742352248957503D0,                    0000043P   4633
0.2446130842939337D0,-0.2498659377816298D0,                      0000043P   4634
-0.04965122594040745D0,0.2434292631593336D0,                     0000043P   4635
-0.2498659377816296D0,-0.06168273600276905D0,                    0000043P   4636
0.2419362019956888D0,-0.2498659377816298D0,                      0000043P   4637
-0.0734851372675112D0,0.2401415293997317D0,                      0000043P   4638
-0.2498659377816297D0,-0.08501967138108643D0,                    0000043P   4639
0.2380144191484022D0,-0.2498659377816296D0,                      0000043P   4640
-0.09622468318376895D0,0.2354375606184266D0,                     0000043P   4641
-0.2498659377816297D0,-0.1069690079173062D0,                     0000043P   4642
0.2321128053126352D0,-0.2498659377816297D0,                      0000043P   4643
-0.1170057223799156D0,0.2275291510753636D0,                      0000043P   4644
-0.2498659377816298D0,-0.1259761442713973D0,0.221104696710644D0, 0000043P   4645
-0.2498659377816295D0,-0.1336093079788778D0,                     0000043P   4646
0.2126107484072479D0,-0.2498659377816297D0,                      0000043P   4647
-0.1399165208321592D0,0.2023103819816113D0,                      0000043P   4648
-0.2498659377816297D0,-0.1451131882755531D0,                     0000043P   4649
0.1906515877007258D0,-0.2498659377816296D0,-0.149448564692173D0, 0000043P   4650
0.1780176711074317D0,-0.2498659377816298D0,                      0000043P   4651
-0.1531250171806424D0,0.1646854312803318D0,                      0000043P   4652
-0.2498659377816296D0,-0.1563006014647042D0,                     0000043P   4653
0.1508412341881969D0,-0.2498659377816299D0,                      0000043P   4654
-0.1590814633412742D0,0.1366088464155441D0,                      0000043P   4655
-0.2498659377816295D0,-0.1615524946565652D0,                     0000043P   4656
0.1220808392221421D0,-0.2498659377816297D0,                      0000043P   4657
-0.1637726289913733D0,0.107315958226191D0,-0.2498659377816297D0, 0000043P   4658
-0.1657838991640931D0,0.09234983622146223D0,                     0000043P   4659
-0.2498659377816295D0,-0.1676251502506693D0,                     0000043P   4660
0.07723293054350444D0,-0.2498659377816299D0,                     0000043P   4661
-0.1693204320962248D0,0.06200215926785607D0,                     0000043P   4662
-0.2498659377816297D0,-0.1708888327138725D0,                     0000043P   4663
0.04664199447762638D0,-0.2498659377816296D0,                     0000043P   4664
-0.1723597194590388D0,0.03114608208300886D0,                     0000043P   4665
-0.2498659377816299D0,-0.1737427148619278D0,                     0000043P   4666
0.0155765683872046D0,-0.2498659377816297D0,                      0000043P   4667
-0.1745958333693137D0,0.005188367028886688D0,                    0000043P   4668
-0.2498659377816297D0,-0.175D0,0.0D0,-0.2346166428404675D0,      0000043P   4669
0.0D0,0.2465920969402763D0,-0.2346166428404672D0,                0000043P   4670
-0.004182727624354569D0,0.2465922137985163D0,                    0000043P   4671
-0.2346166428404678D0,-0.01254808316227631D0,                    0000043P   4672
0.2464890866420135D0,-0.2346166428404676D0,                      0000043P   4673
-0.02504031029142096D0,0.2460284930260888D0,                     0000043P   4674
-0.2346166428404676D0,-0.03742352247824826D0,                    0000043P   4675
0.2452695143252766D0,-0.2346166428404674D0,                      0000043P   4676
-0.04965122594344261D0,0.2442258764443745D0,                     0000043P   4677
-0.2346166428404676D0,-0.06168273600195523D0,                    0000043P   4678
0.2429095582579655D0,-0.2346166428404674D0,                      0000043P   4679
-0.07348513726773116D0,0.2413248960790706D0,                     0000043P   4680
-0.2346166428404678D0,-0.08501967138102032D0,                    0000043P   4681
0.2394373512080974D0,-0.2346166428404676D0,                      0000043P   4682
-0.09622468318381329D0,0.2371212109585876D0,                     0000043P   4683
-0.2346166428404676D0,-0.1069690079171946D0,                     0000043P   4684
0.2340656264534028D0,-0.2346166428404675D0,                      0000043P   4685
-0.1170057223803174D0,0.2297343385998221D0,                      0000043P   4686
-0.2346166428404675D0,-0.1259761442699034D0,                     0000043P   4687
0.2235140289386339D0,-0.2346166428404677D0,                      0000043P   4688
-0.1336093079844166D0,0.2151471926410718D0,                      0000043P   4689
-0.2346166428404674D0,-0.1399165208106903D0,                     0000043P   4690
0.2048969742696401D0,-0.2346166428404674D0,                      0000043P   4691
-0.1451131883521742D0,0.193220622374868D0,-0.2346166428404677D0, 0000043P   4692
-0.1494485644670268D0,0.1805169649139257D0,                      0000043P   4693
-0.2346166428404674D0,-0.1531250178325265D0,0.167073502919558D0, 0000043P   4694
-0.2346166428404677D0,-0.1563005996365301D0,                     0000043P   4695
0.1530876806635275D0,-0.2346166428404674D0,                      0000043P   4696
-0.1590814671665985D0,0.1386892387271874D0,                      0000043P   4697
-0.2346166428404675D0,-0.1615524923712186D0,0.123975200694284D0, 0000043P   4698
-0.2346166428404675D0,-0.1637726151673977D0,                     0000043P   4699
0.1090080016779071D0,-0.2346166428404675D0,                      0000043P   4700
-0.1657839272623693D0,0.09382623498880313D0,                     0000043P   4701
-0.2346166428404676D0,-0.1676251830576985D0,                     0000043P   4702
0.07848337680431142D0,-0.2346166428404674D0,                     0000043P   4703
-0.1693203333845886D0,0.06301851697688443D0,                     0000043P   4704
-0.2346166428404676D0,-0.170888707177037D0,                      0000043P   4705
0.04741463858384157D0,-0.2346166428404675D0,                     0000043P   4706
-0.1723599111001651D0,0.03166461238432242D0,                     0000043P   4707
-0.2346166428404675D0,-0.1737431866604611D0,                     0000043P   4708
0.01583562641581529D0,-0.2346166428404675D0,                     0000043P   4709
-0.1745961127625863D0,0.005274290012066378D0,                    0000043P   4710
-0.2346166428404675D0,-0.175D0,0.0D0,-0.2193473879066091D0,      0000043P   4711
0.0D0,0.2469896315615333D0,-0.2193473879066092D0,                0000043P   4712
-0.004182727881541645D0,0.2469894499596688D0,                    0000043P   4713
-0.219347387906609D0,-0.01254808306518327D0,                     0000043P   4714
0.2468983650711579D0,-0.2193473879066091D0,                      0000043P   4715
-0.02504031031744141D0,0.2464905426485907D0,                     0000043P   4716
-0.219347387906609D0,-0.0374235224712741D0,0.245818185267147D0,  0000043P   4717
-0.2193473879066091D0,-0.04965122594531141D0,                    0000043P   4718
0.2448939163324549D0,-0.219347387906609D0,                       0000043P   4719
-0.06168273600145416D0,0.2437277267661623D0,                     0000043P   4720
-0.2193473879066092D0,-0.07348513726786692D0,                    0000043P   4721
0.2423211953620556D0,-0.219347387906609D0,                       0000043P   4722
-0.08501967138097846D0,0.2406371333377989D0,                     0000043P   4723
-0.2193473879066091D0,-0.09622468318384525D0,                    0000043P   4724
0.2385426313560994D0,-0.219347387906609D0,-0.106969007917109D0,  0000043P   4725
0.2357158607179047D0,-0.2193473879066092D0,                      0000043P   4726
-0.1170057223806284D0,0.2315995244725086D0,-0.219347387906609D0, 0000043P   4727
-0.1259761442687463D0,0.2255516014210039D0,-0.219347387906609D0, 0000043P   4728
-0.1336093079887079D0,0.2172944881944293D0,                      0000043P   4729
-0.2193473879066092D0,-0.1399165207940559D0,                     0000043P   4730
0.2070867491307796D0,-0.2193473879066091D0,-0.145113188411543D0, 0000043P   4731
0.1953957561324078D0,-0.2193473879066089D0,                      0000043P   4732
-0.1494485642925752D0,0.1826331133590375D0,                      0000043P   4733
-0.2193473879066093D0,-0.153125018337631D0,0.1690961842202547D0, 0000043P   4734
-0.219347387906609D0,-0.1563005982199924D0,0.1549906924365897D0, 0000043P   4735
-0.2193473879066093D0,-0.1590814701306034D0,                     0000043P   4736
0.1404512275427445D0,-0.219347387906609D0,-0.1615524906004465D0, 0000043P   4737
0.1255796901484011D0,-0.2193473879066092D0,                      0000043P   4738
-0.1637726044560624D0,0.1104416916613753D0,                      0000043P   4739
-0.2193473879066091D0,-0.1657839490339688D0,                     0000043P   4740
0.09507718369246129D0,-0.219347387906609D0,-0.167625208477816D0, 0000043P   4741
0.07954261283664672D0,-0.2193473879066092D0,                     0000043P   4742
-0.1693202568991078D0,0.063879326837394D0,-0.2193473879066091D0, 0000043P   4743
-0.1708886099063847D0,0.04806898884939596D0,                     0000043P   4744
-0.2193473879066091D0,-0.1723600595909031D0,                     0000043P   4745
0.03210374455422395D0,-0.2193473879066092D0,                     0000043P   4746
-0.1737435522276737D0,0.01605501958342221D0,                     0000043P   4747
-0.2193473879066091D0,-0.1745963292469809D0,                     0000043P   4748
0.005347059434488651D0,-0.2193473879066091D0,-0.175D0,0.0D0,     0000043P   4749
-0.2040722803864112D0,0.0D0,0.247363148317207D0,                 0000043P   4750
-0.204072280386411D0,-0.004182728089116931D0,                    0000043P   4751
0.2473626759351844D0,-0.2040722803864115D0,                      0000043P   4752
-0.01254808298681962D0,0.2472829754579435D0,                     0000043P   4753
-0.2040722803864111D0,-0.02504031033844249D0,                    0000043P   4754
0.2469252734024461D0,-0.2040722803864111D0,                      0000043P   4755
-0.03742352246564524D0,0.2463350089004557D0,                     0000043P   4756
-0.2040722803864112D0,-0.04965122594681981D0,                    0000043P   4757
0.2455239384195593D0,-0.2040722803864112D0,                      0000043P   4758
-0.06168273600104957D0,0.2445000109136174D0,                     0000043P   4759
-0.2040722803864111D0,-0.07348513726797666D0,                    0000043P   4760
0.2432622301503609D0,-0.2040722803864113D0,                      0000043P   4761
-0.08501967138094396D0,0.2417710033609038D0,                     0000043P   4762
-0.2040722803864111D0,-0.09622468318387344D0,                    0000043P   4763
0.2398865768983655D0,-0.2040722803864113D0,                      0000043P   4764
-0.1069690079170308D0,0.2372767099163112D0,                      0000043P   4765
-0.2040722803864111D0,-0.1170057223809127D0,                     0000043P   4766
0.2333642427974344D0,-0.2040722803864111D0,                      0000043P   4767
-0.1259761442676882D0,0.2274794220606729D0,                      0000043P   4768
-0.2040722803864113D0,-0.1336093079926315D0,                     0000043P   4769
0.2193267819132667D0,-0.204072280386411D0,-0.1399165207788464D0, 0000043P   4770
0.2091593019702802D0,-0.2040722803864111D0,                      0000043P   4771
-0.1451131884658256D0,0.1974545376770653D0,                      0000043P   4772
-0.2040722803864113D0,-0.1494485641330696D0,                     0000043P   4773
0.1846361028842606D0,-0.204072280386411D0,-0.1531250187994608D0, 0000043P   4774
0.1710109143317045D0,-0.2040722803864112D0,                      0000043P   4775
-0.1563005969248152D0,0.1567922348367343D0,                      0000043P   4776
-0.2040722803864111D0,-0.1590814728406696D0,                     0000043P   4777
0.1421191756423336D0,-0.2040722803864112D0,                      0000043P   4778
-0.1615524889813837D0,0.127098563088258D0,-0.2040722803864111D0, 0000043P   4779
-0.1637725946624124D0,0.1117990368947858D0,                      0000043P   4780
-0.2040722803864111D0,-0.1657839689403034D0,                     0000043P   4781
0.09626152101131925D0,-0.2040722803864112D0,                     0000043P   4782
-0.1676252317200855D0,0.08054538015906275D0,                     0000043P   4783
-0.204072280386411D0,-0.1693201869664594D0,                      0000043P   4784
0.06469420656953598D0,-0.2040722803864112D0,                     0000043P   4785
-0.170888520969318D0,0.0486884067677806D0,-0.2040722803864112D0, 0000043P   4786
-0.1723601953598158D0,0.03251942886930126D0,                     0000043P   4787
-0.2040722803864112D0,-0.1737438864752074D0,                     0000043P   4788
0.01626269902847867D0,-0.2040722803864111D0,                     0000043P   4789
-0.1745965271842478D0,0.005415944516595961D0,                    0000043P   4790
-0.2040722803864111D0,-0.175D0,0.0D0,-0.1887999956925357D0,      0000043P   4791
0.0D0,0.2477490797986428D0,-0.1887999956925357D0,                0000043P   4792
-0.004182728316116734D0,0.2477482856994385D0,                    0000043P   4793
-0.1887999956925358D0,-0.01254808290112283D0,                    0000043P   4794
0.2476803128570034D0,-0.1887999956925357D0,                      0000043P   4795
-0.0250403103614088D0,0.2473742432353734D0,                      0000043P   4796
-0.1887999956925358D0,-0.03742352245948963D0,                    0000043P   4797
0.2468684890658843D0,-0.1887999956925357D0,                      0000043P   4798
-0.04965122594846928D0,0.2461739877450618D0,                     0000043P   4799
-0.1887999956925357D0,-0.0616827360006072D0,                     0000043P   4800
0.2452966109097243D0,-0.1887999956925358D0,                      0000043P   4801
-0.07348513726809668D0,0.2442325634073413D0,                     0000043P   4802
-0.1887999956925358D0,-0.08501967138090645D0,                    0000043P   4803
0.2429399702037056D0,-0.1887999956925358D0,                      0000043P   4804
-0.09622468318390318D0,0.2412718744960297D0,                     0000043P   4805
-0.1887999956925358D0,-0.1069690079169492D0,                     0000043P   4806
0.2388853533845424D0,-0.1887999956925358D0,                      0000043P   4807
-0.1170057223812097D0,0.235182826572226D0,-0.1887999956925357D0, 0000043P   4808
-0.1259761442665827D0,0.2294659908978613D0,                      0000043P   4809
-0.1887999956925359D0,-0.133609307996731D0,0.221420869503281D0,  0000043P   4810
-0.1887999956925359D0,-0.1399165207629561D0,                     0000043P   4811
0.2112948260796484D0,-0.1887999956925357D0,-0.145113188522538D0, 0000043P   4812
0.1995758026128175D0,-0.1887999956925357D0,                      0000043P   4813
-0.1494485639664237D0,0.1866998726199825D0,                      0000043P   4814
-0.1887999956925359D0,-0.1531250192819644D0,                     0000043P   4815
0.1729836640284983D0,-0.1887999956925357D0,                      0000043P   4816
-0.1563005955716603D0,0.1586483645330669D0,                      0000043P   4817
-0.1887999956925358D0,-0.1590814756720503D0,                     0000043P   4818
0.1438376795296508D0,-0.1887999956925356D0,                      0000043P   4819
-0.1615524872898445D0,0.1286634614452532D0,                      0000043P   4820
-0.1887999956925359D0,-0.1637725844303556D0,                     0000043P   4821
0.1131974807463806D0,-0.1887999956925358D0,                      0000043P   4822
-0.1657839897377334D0,0.09748170021197677D0,                     0000043P   4823
-0.1887999956925357D0,-0.1676252560027807D0,                     0000043P   4824
0.08157849126881712D0,-0.1887999956925357D0,                     0000043P   4825
-0.1693201139033186D0,0.06553375783488309D0,                     0000043P   4826
-0.1887999956925357D0,-0.1708884280510372D0,                     0000043P   4827
0.0493265939432732D0,-0.1887999956925358D0,                      0000043P   4828
-0.1723603372063415D0,0.03294771461990707D0,                     0000043P   4829
-0.1887999956925358D0,-0.1737442356851295D0,                     0000043P   4830
0.01647667364904993D0,-0.1887999956925357D0,                     0000043P   4831
-0.1745967339820568D0,0.00548691689748341D0,                     0000043P   4832
-0.1887999956925358D0,-0.175D0,0.0D0,-0.1735222722797111D0,      0000043P   4833
0.0D0,0.2481093702426138D0,-0.173522272279711D0,                 0000043P   4834
-0.004182728515030265D0,0.2481083704943744D0,                    0000043P   4835
-0.1735222722797111D0,-0.01254808282602918D0,                    0000043P   4836
0.2480514102493256D0,-0.1735222722797113D0,                      0000043P   4837
-0.02504031038153349D0,0.2477935756206596D0,                     0000043P   4838
-0.173522272279711D0,-0.03742352245409566D0,                     0000043P   4839
0.2473671904113945D0,-0.1735222722797111D0,                      0000043P   4840
-0.04965122594991472D0,0.2467819459179473D0,                     0000043P   4841
-0.173522272279711D0,-0.06168273600021953D0,                     0000043P   4842
0.2460418318719662D0,-0.1735222722797111D0,                      0000043P   4843
-0.07348513726820183D0,0.2451409672843009D0,                     0000043P   4844
-0.173522272279711D0,-0.08501967138087349D0,                     0000043P   4845
0.2440344618743162D0,-0.1735222722797111D0,                      0000043P   4846
-0.09622468318393018D0,0.2425692387273463D0,                     0000043P   4847
-0.1735222722797111D0,-0.1069690079168742D0,                     0000043P   4848
0.2403922048395705D0,-0.1735222722797111D0,                      0000043P   4849
-0.1170057223814825D0,0.2368864160953142D0,                      0000043P   4850
-0.1735222722797111D0,-0.1259761442655676D0,                     0000043P   4851
0.2313273187876739D0,-0.1735222722797111D0,                      0000043P   4852
-0.1336093080004954D0,0.2233827834431077D0,-0.173522272279711D0, 0000043P   4853
-0.1399165207483641D0,0.2132956871311845D0,                      0000043P   4854
-0.1735222722797111D0,-0.1451131885746169D0,                     0000043P   4855
0.2015634861970738D0,-0.1735222722797112D0,                      0000043P   4856
-0.1494485638133928D0,0.1886336804335977D0,-0.173522272279711D0, 0000043P   4857
-0.153125019725048D0,0.1748322865731617D0,-0.1735222722797113D0, 0000043P   4858
-0.1563005943290559D0,0.1603876144175655D0,-0.173522272279711D0, 0000043P   4859
-0.1590814782721117D0,0.1454480009820234D0,                      0000043P   4860
-0.1735222722797111D0,-0.1615524857365014D0,                     0000043P   4861
0.1301298746479543D0,-0.1735222722797111D0,                      0000043P   4862
-0.1637725750342408D0,0.1145078748752965D0,                      0000043P   4863
-0.1735222722797111D0,-0.1657840088360476D0,                     0000043P   4864
0.09862512327023611D0,-0.1735222722797111D0,-0.16762527830162D0, 0000043P   4865
0.08254669593913763D0,-0.1735222722797109D0,                     0000043P   4866
-0.1693200468093156D0,0.06632055309577713D0,                     0000043P   4867
-0.1735222722797111D0,-0.1708883427240268D0,                     0000043P   4868
0.0499246364375039D0,-0.173522272279711D0,-0.1723604674642401D0, 0000043P   4869
0.03334904248322298D0,-0.1735222722797111D0,                     0000043P   4870
-0.1737445563651775D0,0.01667718129011245D0,                     0000043P   4871
-0.1735222722797111D0,-0.1745969238848258D0,                     0000043P   4872
0.005553424423565247D0,-0.1735222722797111D0,-0.175D0,0.0D0,     0000043P   4873
-0.1582262360857258D0,0.0D0,0.2483837104721764D0,                0000043P   4874
-0.1582262360857259D0,-0.004182728626188906D0,                   0000043P   4875
0.2483829733271505D0,-0.1582262360857258D0,                      0000043P   4876
-0.01254808278406465D0,0.2483346802032056D0,                     0000043P   4877
-0.1582262360857258D0,-0.02504031039277978D0,                    0000043P   4878
0.2481134714659345D0,-0.1582262360857257D0,                      0000043P   4879
-0.03742352245108135D0,0.2477492964125028D0,                     0000043P   4880
-0.1582262360857258D0,-0.04965122595072241D0,                    0000043P   4881
0.2472486909128053D0,-0.1582262360857258D0,                      0000043P   4882
-0.06168273600000292D0,0.2466144866613486D0,                     0000043P   4883
-0.1582262360857258D0,-0.07348513726826074D0,                    0000043P   4884
0.2458416493962133D0,-0.1582262360857258D0,                      0000043P   4885
-0.08501967138085421D0,0.2448789521888154D0,                     0000043P   4886
-0.1582262360857258D0,-0.09622468318394807D0,                    0000043P   4887
0.2435713812940569D0,-0.1582262360857258D0,                      0000043P   4888
-0.1069690079168219D0,0.2415573313545997D0,                      0000043P   4889
-0.1582262360857258D0,-0.1170057223816734D0,                     0000043P   4890
0.2382038185765237D0,-0.1582262360857257D0,                      0000043P   4891
-0.1259761442648566D0,0.2327682744495602D0,                      0000043P   4892
-0.1582262360857259D0,-0.1336093080031316D0,                     0000043P   4893
0.2249006951582222D0,-0.1582262360857257D0,                      0000043P   4894
-0.1399165207381459D0,0.2148442350640311D0,                      0000043P   4895
-0.1582262360857258D0,-0.1451131886110851D0,                     0000043P   4896
0.2031025886695109D0,-0.1582262360857257D0,                      0000043P   4897
-0.1494485637062339D0,0.1901310208308198D0,                      0000043P   4898
-0.1582262360857259D0,-0.1531250200353133D0,                     0000043P   4899
0.1762640560744427D0,-0.1582262360857256D0,                      0000043P   4900
-0.1563005934589338D0,0.1617342453869424D0,                      0000043P   4901
-0.1582262360857261D0,-0.1590814800927803D0,                     0000043P   4902
0.1466949636335216D0,-0.1582262360857255D0,                      0000043P   4903
-0.1615524846487875D0,0.1312655106331008D0,                      0000043P   4904
-0.1582262360857258D0,-0.1637725684547D0,0.1155224605811989D0,   0000043P   4905
-0.1582262360857258D0,-0.1657840222094623D0,                     0000043P   4906
0.09951073414979203D0,-0.1582262360857257D0,                     0000043P   4907
-0.1676252939161724D0,0.08329697205616866D0,                     0000043P   4908
-0.1582262360857258D0,-0.1693199998273714D0,                     0000043P   4909
0.06693020912947055D0,-0.1582262360857258D0,                     0000043P   4910
-0.1708882829745907D0,0.05038784618654236D0,                     0000043P   4911
-0.1582262360857257D0,-0.1723605586761076D0,                     0000043P   4912
0.03365981168606481D0,-0.1582262360857259D0,                     0000043P   4913
-0.1737447809183621D0,0.0168324506031049D0,                      0000043P   4914
-0.1582262360857256D0,-0.1745970568624524D0,                     0000043P   4915
0.005604935243293294D0,-0.1582262360857257D0,                    0000043P   4916
-0.1749999999999999D0,0.0D0,-0.1429333891929081D0,0.0D0,         0000043P   4917
0.2486705137087226D0,-0.1429333891929081D0,                      0000043P   4918
-0.004182728750198632D0,0.2486698777358487D0,                    0000043P   4919
-0.1429333891929082D0,-0.01254808273724859D0,                    0000043P   4920
0.2486304918977372D0,-0.1429333891929082D0,                      0000043P   4921
-0.02504031040532624D0,0.2484477264066604D0,                     0000043P   4922
-0.142933389192908D0,-0.03742352244771856D0,                     0000043P   4923
0.2481479661368359D0,-0.1429333891929081D0,                      0000043P   4924
-0.04965122595162359D0,0.2477354198313892D0,                     0000043P   4925
-0.1429333891929081D0,-0.06168273599976117D0,                    0000043P   4926
0.2472116504987801D0,-0.1429333891929081D0,                      0000043P   4927
-0.07348513726832651D0,0.2465713002077606D0,                     0000043P   4928
-0.1429333891929081D0,-0.08501967138083294D0,                    0000043P   4929
0.2457583943385217D0,-0.1429333891929081D0,                      0000043P   4930
-0.09622468318396742D0,0.2446147007509815D0,                     0000043P   4931
-0.1429333891929082D0,-0.1069690079167658D0,                     0000043P   4932
0.2427699233148536D0,-0.1429333891929081D0,-0.117005722381879D0, 0000043P   4933
0.2395748620944323D0,-0.1429333891929082D0,                      0000043P   4934
-0.1259761442640915D0,0.2342673723898481D0,                      0000043P   4935
-0.1429333891929081D0,-0.1336093080059691D0,                     0000043P   4936
0.2264802602269612D0,-0.142933389192908D0,-0.1399165207271467D0, 0000043P   4937
0.216455523203267D0,-0.1429333891929081D0,-0.1451131886503411D0, 0000043P   4938
0.2047037690085534D0,-0.1429333891929082D0,                      0000043P   4939
-0.1494485635908823D0,0.1916888168526828D0,-0.142933389192908D0, 0000043P   4940
-0.1531250203693009D0,0.1777534654881285D0,                      0000043P   4941
-0.1429333891929083D0,-0.1563005925222835D0,                     0000043P   4942
0.1631352662246147D0,-0.142933389192908D0,-0.1590814820526552D0, 0000043P   4943
0.1479922435286916D0,-0.1429333891929082D0,                      0000043P   4944
-0.1615524834779081D0,0.1324469350666609D0,                      0000043P   4945
-0.1429333891929081D0,-0.1637725613720947D0,                     0000043P   4946
0.1165780398888524D0,-0.1429333891929081D0,                      0000043P   4947
-0.1657840366053931D0,0.1004320024310896D0,                      0000043P   4948
-0.1429333891929081D0,-0.1676253107245955D0,                     0000043P   4949
0.08407730980696775D0,-0.142933389192908D0,                      0000043P   4950
-0.1693199492532417D0,0.06756432893679859D0,                     0000043P   4951
-0.1429333891929081D0,-0.1708882186567809D0,                     0000043P   4952
0.05086973868237633D0,-0.142933389192908D0,                      0000043P   4953
-0.1723606568619305D0,0.03398315328095179D0,                     0000043P   4954
-0.1429333891929082D0,-0.1737450226406277D0,                     0000043P   4955
0.01699399903357613D0,-0.1429333891929082D0,                     0000043P   4956
-0.1745972000073968D0,0.00565852497705412D0,                     0000043P   4957
-0.1429333891929081D0,-0.1749999999999999D0,0.0D0,               0000043P   4958
-0.1276460978765824D0,0.0D0,0.2489934151317429D0,                0000043P   4959
-0.1276460978765824D0,-0.004182728910558942D0,                   0000043P   4960
0.2489930578030185D0,-0.1276460978765825D0,                      0000043P   4961
-0.0125480826767095D0,0.248963964068105D0,-0.1276460978765824D0, 0000043P   4962
-0.02504031042155042D0,0.2488239815055939D0,                     0000043P   4963
-0.1276460978765825D0,-0.03742352244337004D0,                    0000043P   4964
0.2485969763126721D0,-0.1276460978765823D0,                      0000043P   4965
-0.04965122595278883D0,0.2482834262330969D0,                     0000043P   4966
-0.1276460978765824D0,-0.06168273599944864D0,                    0000043P   4967
0.247883344316875D0,-0.1276460978765824D0,                       0000043P   4968
-0.07348513726841141D0,0.2473927979858159D0,                     0000043P   4969
-0.1276460978765824D0,-0.08501967138080611D0,                    0000043P   4970
0.2467480305035107D0,-0.1276460978765825D0,                      0000043P   4971
-0.09622468318398986D0,0.2457885343116561D0,                     0000043P   4972
-0.1276460978765825D0,-0.1069690079167029D0,                     0000043P   4973
0.2441343784342071D0,-0.1276460978765823D0,                      0000043P   4974
-0.1170057223821079D0,0.2411175285074232D0,                      0000043P   4975
-0.1276460978765825D0,-0.1259761442632395D0,                     0000043P   4976
0.2359542734444546D0,-0.1276460978765823D0,-0.133609308009129D0, 0000043P   4977
0.2282572141059148D0,-0.1276460978765825D0,                      0000043P   4978
-0.1399165207148984D0,0.2182681636356349D0,                      0000043P   4979
-0.1276460978765824D0,-0.1451131886940555D0,                     0000043P   4980
0.2065052189929936D0,-0.1276460978765824D0,                      0000043P   4981
-0.1494485634624307D0,0.1934412577923749D0,                      0000043P   4982
-0.1276460978765825D0,-0.1531250207412172D0,                     0000043P   4983
0.1794291682955774D0,-0.1276460978765823D0,                      0000043P   4984
-0.1563005914792646D0,0.1647113465042271D0,                      0000043P   4985
-0.1276460978765825D0,-0.1590814842350979D0,                     0000043P   4986
0.1494516132500479D0,-0.1276460978765824D0,                      0000043P   4987
-0.1615524821740611D0,0.1337759829241205D0,                      0000043P   4988
-0.1276460978765824D0,-0.1637725534851727D0,                     0000043P   4989
0.1177654532125153D0,-0.1276460978765824D0,-0.165784052636159D0, 0000043P   4990
0.101468453284124D0,-0.1276460978765824D0,-0.1676253294418222D0, 0000043P   4991
0.08495532957598366D0,-0.1276460978765822D0,                     0000043P   4992
-0.1693198929357964D0,0.06827773287678909D0,                     0000043P   4993
-0.1276460978765825D0,-0.1708881470348918D0,                     0000043P   4994
0.05141173293622014D0,-0.1276460978765824D0,                     0000043P   4995
-0.1723607661979628D0,0.0343467639681324D0,                      0000043P   4996
-0.1276460978765824D0,-0.1737452918134333D0,                     0000043P   4997
0.01717566932220222D0,-0.1276460978765824D0,                     0000043P   4998
-0.1745973594082123D0,0.005718795761037652D0,                    0000043P   4999
-0.1276460978765824D0,-0.175D0,0.0D0,-0.1123333949531199D0,      0000043P   5000
0.0D0,0.2491594608018837D0,-0.1123333949531199D0,                0000043P   5001
-0.004182728912665823D0,0.2491588336603786D0,                    0000043P   5002
-0.11233339495312D0,-0.01254808267591411D0,0.2491342525944776D0, 0000043P   5003
-0.11233339495312D0,-0.02504031042176358D0,0.2490178768762454D0, 0000043P   5004
-0.1123333949531199D0,-0.03742352244331287D0,                    0000043P   5005
0.2488280609592693D0,-0.1123333949531199D0,                      0000043P   5006
-0.04965122595280422D0,0.2485663387785844D0,-0.11233339495312D0, 0000043P   5007
-0.06168273599944436D0,0.2482324091642665D0,-0.11233339495312D0, 0000043P   5008
-0.07348513726841303D0,0.2478179391982045D0,                     0000043P   5009
-0.1123333949531199D0,-0.08501967138080352D0,                    0000043P   5010
0.2472619387721609D0,-0.1123333949531199D0,                      0000043P   5011
-0.09622468318399857D0,0.2463991345671171D0,                     0000043P   5012
-0.1123333949531199D0,-0.1069690079166705D0,                     0000043P   5013
0.2448439154719378D0,-0.11233339495312D0,-0.1170057223822288D0,  0000043P   5014
0.241920062303385D0,-0.1123333949531199D0,-0.1259761442627892D0, 0000043P   5015
0.2368318197633864D0,-0.11233339495312D0,-0.1336093080107983D0,  0000043P   5016
0.2291829593903847D0,-0.1123333949531199D0,                      0000043P   5017
-0.1399165207084278D0,0.2192126546890857D0,-0.11233339495312D0,  0000043P   5018
-0.1451131887171493D0,0.2074435125292377D0,-0.11233339495312D0,  0000043P   5019
-0.149448563394571D0,0.1943546634361097D0,-0.1123333949531199D0, 0000043P   5020
-0.1531250209376973D0,0.1803020576155693D0,-0.11233339495312D0,  0000043P   5021
-0.1563005909282472D0,0.1655327991477844D0,-0.11233339495312D0,  0000043P   5022
-0.1590814853880627D0,0.1502123064229878D0,                      0000043P   5023
-0.1123333949531198D0,-0.1615524814852503D0,                     0000043P   5024
0.1344687486375688D0,-0.11233339495312D0,-0.163772549318583D0,   0000043P   5025
0.1183845368703895D0,-0.1123333949531199D0,                      0000043P   5026
-0.1657840611050681D0,0.1020085164484694D0,                      0000043P   5027
-0.1123333949531199D0,-0.1676253393299641D0,                     0000043P   5028
0.08541255963836442D0,-0.11233339495312D0,-0.1693198631837982D0, 0000043P   5029
0.06864953651249495D0,-0.1123333949531199D0,                     0000043P   5030
-0.1708881091976939D0,0.05169463741122925D0,                     0000043P   5031
-0.1123333949531199D0,-0.172360823959202D0,                      0000043P   5032
0.03453672589409328D0,-0.11233339495312D0,-0.1737454340149981D0, 0000043P   5033
0.01727057306073012D0,-0.1123333949531199D0,                     0000043P   5034
-0.1745974436182251D0,0.005750263430097599D0,                    0000043P   5035
-0.1123333949531199D0,-0.175D0,0.0D0,-0.09702671448416783D0,     0000043P   5036
0.0D0,0.2493602238628005D0,-0.0970267144841678D0,                0000043P   5037
-0.004182728954548106D0,0.2493595058327836D0,                    0000043P   5038
-0.09702671448416783D0,-0.01254808266010274D0,                   0000043P   5039
0.2493407772629138D0,-0.09702671448416787D0,                     0000043P   5040
-0.02504031042600096D0,0.2492521491262495D0,                     0000043P   5041
-0.09702671448416779D0,-0.03742352244217716D0,                   0000043P   5042
0.2491074136557709D0,-0.09702671448416784D0,                     0000043P   5043
-0.04965122595310859D0,0.248907926418708D0,                      0000043P   5044
-0.09702671448416778D0,-0.06168273599936262D0,                   0000043P   5045
0.2486527110573811D0,-0.09702671448416787D0,                     0000043P   5046
-0.0734851372684357D0,0.248330754287563D0,                       0000043P   5047
-0.09702671448416783D0,-0.08501967138079497D0,                   0000043P   5048
0.2478809594628336D0,-0.09702671448416784D0,                     0000043P   5049
-0.09622468318401045D0,0.2471341208284589D0,                     0000043P   5050
-0.09702671448416786D0,-0.1069690079166315D0,                    0000043P   5051
0.2456981033113726D0,-0.0970267144841678D0,                      0000043P   5052
-0.1170057223823732D0,0.2428860794351762D0,                      0000043P   5053
-0.09702671448416786D0,-0.1259761442622511D0,                    0000043P   5054
0.2378881476695777D0,-0.09702671448416776D0,                     0000043P   5055
-0.1336093080127945D0,0.2302966093629876D0,                      0000043P   5056
-0.09702671448416786D0,-0.1399165207006897D0,                    0000043P   5057
0.2203488146108388D0,-0.0970267144841678D0,                      0000043P   5058
-0.1451131887447661D0,0.2085723771120168D0,                      0000043P   5059
-0.09702671448416786D0,-0.149448563313421D0,0.195453277309354D0, 0000043P   5060
-0.09702671448416782D0,-0.1531250211726577D0,                    0000043P   5061
0.1813521862659354D0,-0.09702671448416786D0,                     0000043P   5062
-0.156300590269313D0,0.1665208121463985D0,                       0000043P   5063
-0.09702671448416783D0,-0.1590814867668356D0,                    0000043P   5064
0.1511272178592744D0,-0.09702671448416782D0,                     0000043P   5065
-0.1615524806615364D0,0.1353019793282936D0,                      0000043P   5066
-0.0970267144841678D0,-0.1637725443359668D0,                     0000043P   5067
0.1191290824393486D0,-0.09702671448416789D0,                     0000043P   5068
-0.1657840712326122D0,0.1026581719398687D0,                      0000043P   5069
-0.09702671448416779D0,-0.1676253511546979D0,                    0000043P   5070
0.08596269832174357D0,-0.0970267144841678D0,                     0000043P   5071
-0.1693198276048735D0,0.06909674479396918D0,                     0000043P   5072
-0.09702671448416786D0,-0.1708880639500842D0,                    0000043P   5073
0.05203470929831923D0,-0.09702671448416786D0,                    0000043P   5074
-0.1723608930329755D0,0.03476499380546356D0,                     0000043P   5075
-0.0970267144841678D0,-0.1737456040667274D0,                     0000043P   5076
0.01738461738167079D0,-0.09702671448416783D0,                    0000043P   5077
-0.174597544320762D0,0.005788085983553784D0,                     0000043P   5078
-0.0970267144841678D0,-0.175D0,0.0D0,-0.08172081744946645D0,     0000043P   5079
0.0D0,0.2495756461717827D0,-0.08172081744946644D0,               0000043P   5080
-0.004182728992253596D0,0.2495746590304534D0,                    0000043P   5081
-0.08172081744946651D0,-0.01254808264586819D0,                   0000043P   5082
0.2495620811895847D0,-0.08172081744946645D0,                     0000043P   5083
-0.02504031042981575D0,0.2495034059831195D0,                     0000043P   5084
-0.08172081744946649D0,-0.03742352244115466D0,                   0000043P   5085
0.2494069987637426D0,-0.08172081744946641D0,                     0000043P   5086
-0.0496512259533826D0,0.2492742864617559D0,                      0000043P   5087
-0.08172081744946652D0,-0.061682735999289D0,                     0000043P   5088
0.2491038513706287D0,-0.0817208174494664D0,                      0000043P   5089
-0.07348513726845612D0,0.2488808270877682D0,                     0000043P   5090
-0.08172081744946651D0,-0.08501967138078659D0,                   0000043P   5091
0.2485451712453935D0,-0.08172081744946638D0,                     0000043P   5092
-0.09622468318402309D0,0.2479228537719366D0,                     0000043P   5093
-0.08172081744946651D0,-0.1069690079165895D0,                    0000043P   5094
0.2466147200945439D0,-0.08172081744946644D0,                     0000043P   5095
-0.1170057223825286D0,0.243922603212691D0,                       0000043P   5096
-0.08172081744946645D0,-0.125976144261672D0,                     0000043P   5097
0.2390215444751412D0,-0.08172081744946651D0,                     0000043P   5098
-0.1336093080149418D0,0.2314918008442317D0,                      0000043P   5099
-0.08172081744946647D0,-0.1399165206923664D0,                    0000043P   5100
0.2215680412622707D0,-0.08172081744946645D0,                     0000043P   5101
-0.1451131887744721D0,0.2097838131223092D0,                      0000043P   5102
-0.08172081744946648D0,-0.1494485632261315D0,                    0000043P   5103
0.1966323037571485D0,-0.08172081744946649D0,                     0000043P   5104
-0.1531250214253943D0,0.1824791497456057D0,                      0000043P   5105
-0.08172081744946644D0,-0.1563005895605267D0,                    0000043P   5106
0.1675812111083608D0,-0.08172081744946649D0,                     0000043P   5107
-0.1590814882499206D0,0.152109118963971D0,-0.0817208174494664D0, 0000043P   5108
-0.1615524797755034D0,0.1361961415230474D0,                      0000043P   5109
-0.08172081744946649D0,-0.1637725389763869D0,                    0000043P   5110
0.1199280599030132D0,-0.0817208174494664D0,                      0000043P   5111
-0.1657840821263642D0,0.1033553213410354D0,                      0000043P   5112
-0.08172081744946649D0,-0.1676253638740417D0,                    0000043P   5113
0.08655307088203286D0,-0.08172081744946645D0,                    0000043P   5114
-0.1693197893341957D0,0.06957669217572483D0,                     0000043P   5115
-0.08172081744946644D0,-0.1708880152792284D0,                    0000043P   5116
0.05239970775172097D0,-0.08172081744946644D0,                    0000043P   5117
-0.1723609673325828D0,0.03501000447542141D0,                     0000043P   5118
-0.08172081744946649D0,-0.1737457869838625D0,                    0000043P   5119
0.0175070261251973D0,-0.08172081744946647D0,                     0000043P   5120
-0.1745976526420333D0,0.005828681387070959D0,                    0000043P   5121
-0.08172081744946645D0,-0.1749999999999999D0,0.0D0,              0000043P   5122
-0.06640576422325295D0,0.0D0,0.249697714097727D0,                0000043P   5123
-0.06640576422325291D0,-0.004182729006890872D0,                  0000043P   5124
0.2496969918120197D0,-0.06640576422325298D0,                     0000043P   5125
-0.01254808264034236D0,0.2496880319412524D0,                     0000043P   5126
-0.06640576422325298D0,-0.02504031043129663D0,                   0000043P   5127
0.2496463475331726D0,-0.06640576422325292D0,                     0000043P   5128
-0.03742352244075777D0,0.2495773861759299D0,                     0000043P   5129
-0.06640576422325298D0,-0.04965122595348893D0,                   0000043P   5130
0.2494828817984703D0,-0.06640576422325288D0,                     0000043P   5131
-0.06168273599926041D0,0.2493604009576205D0,                     0000043P   5132
-0.06640576422325298D0,-0.07348513726846416D0,                   0000043P   5133
0.2491941951676173D0,-0.06640576422325295D0,                     0000043P   5134
-0.08501967138078304D0,0.2489235062383816D0,                     0000043P   5135
-0.06640576422325301D0,-0.09622468318402991D0,                   0000043P   5136
0.2483722139809905D0,-0.06640576422325296D0,                     0000043P   5137
-0.1069690079165657D0,0.247136970301064D0,                       0000043P   5138
-0.06640576422325292D0,-0.1170057223826167D0,                    0000043P   5139
0.2445136170714804D0,-0.06640576422325296D0,                     0000043P   5140
-0.1259761442613442D0,0.2396678840959575D0,                      0000043P   5141
-0.06640576422325287D0,-0.1336093080161579D0,                    0000043P   5142
0.2321729216027767D0,-0.06640576422325292D0,                     0000043P   5143
-0.1399165206876519D0,0.2222633321266838D0,                      0000043P   5144
-0.06640576422325292D0,-0.1451131887912979D0,                    0000043P   5145
0.2104743923760141D0,-0.06640576422325296D0,-0.14944856317669D0, 0000043P   5146
0.1973044716772324D0,-0.06640576422325287D0,                     0000043P   5147
-0.153125021568546D0,0.1831215345776842D0,                       0000043P   5148
-0.06640576422325298D0,-0.1563005891590658D0,                    0000043P   5149
0.1681855058618735D0,-0.06640576422325295D0,                     0000043P   5150
-0.1590814890899488D0,0.1526688431316807D0,                      0000043P   5151
-0.06640576422325294D0,-0.1615524792736492D0,                    0000043P   5152
0.1367061127244089D0,-0.06640576422325292D0,                     0000043P   5153
-0.1637725359406887D0,0.1203838478767708D0,                      0000043P   5154
-0.06640576422325298D0,-0.1657840882966498D0,                    0000043P   5155
0.1037529027760778D0,-0.06640576422325294D0,                     0000043P   5156
-0.1676253710783532D0,0.08688959931368322D0,                     0000043P   5157
-0.06640576422325292D0,-0.1693197676574573D0,                    0000043P   5158
0.06985027851058664D0,-0.06640576422325298D0,                    0000043P   5159
-0.1708879877117677D0,0.05260783252779444D0,                     0000043P   5160
-0.06640576422325292D0,-0.1723610094163203D0,                    0000043P   5161
0.03514973812561949D0,-0.06640576422325295D0,                    0000043P   5162
-0.1737458905892101D0,0.01757683659596767D0,                     0000043P   5163
-0.06640576422325291D0,-0.1745977139958424D0,                    0000043P   5164
0.00585183050594792D0,-0.06640576422325292D0,                    0000043P   5165
-0.1749999999999999D0,0.0D0,-0.05108777866412512D0,0.0D0,        0000043P   5166
0.249789642766778D0,-0.05108777866412511D0,                      0000043P   5167
-0.004182729013169253D0,0.249789323638303D0,                     0000043P   5168
-0.05108777866412516D0,-0.01254808263797213D0,                   0000043P   5169
0.2497831423140278D0,-0.05108777866412514D0,                     0000043P   5170
-0.02504031043193188D0,0.2497542897063574D0,                     0000043P   5171
-0.05108777866412513D0,-0.03742352244058747D0,                   0000043P   5172
0.249706024653462D0,-0.05108777866412514D0,                      0000043P   5173
-0.04965122595353468D0,0.2496404967767647D0,                     0000043P   5174
-0.05108777866412516D0,-0.06168273599924804D0,                   0000043P   5175
0.2495541293711753D0,-0.05108777866412511D0,                     0000043P   5176
-0.07348513726846792D0,0.2494310802014093D0,                     0000043P   5177
-0.05108777866412514D0,-0.08501967138078072D0,                   0000043P   5178
0.2492095028813449D0,-0.05108777866412514D0,                     0000043P   5179
-0.09622468318403495D0,0.2487119675808338D0,                     0000043P   5180
-0.05108777866412512D0,-0.106969007916548D0,0.247531846913246D0, 0000043P   5181
-0.05108777866412515D0,-0.1170057223826829D0,                    0000043P   5182
0.2449607152862207D0,-0.05108777866412508D0,                     0000043P   5183
-0.1259761442610971D0,0.2401568805854302D0,                      0000043P   5184
-0.05108777866412515D0,-0.1336093080170744D0,                    0000043P   5185
0.2326880249757436D0,-0.05108777866412512D0,                     0000043P   5186
-0.1399165206840997D0,0.2227893914884733D0,                      0000043P   5187
-0.05108777866412512D0,-0.1451131888039759D0,                    0000043P   5188
0.2109967460698814D0,-0.05108777866412512D0,                     0000043P   5189
-0.1494485631394365D0,0.1978129416443067D0,                      0000043P   5190
-0.05108777866412516D0,-0.1531250216764101D0,                    0000043P   5191
0.1836074150882264D0,-0.05108777866412512D0,                     0000043P   5192
-0.156300588856567D0,0.1686425099001422D0,                       0000043P   5193
-0.05108777866412515D0,-0.1590814897229064D0,                    0000043P   5194
0.1530922233201354D0,-0.0510877786641251D0,-0.161552478895504D0, 0000043P   5195
0.1370919906713761D0,-0.05108777866412514D0,                     0000043P   5196
-0.1637725336533035D0,0.1207287816778076D0,                      0000043P   5197
-0.05108777866412514D0,-0.165784092945934D0,                     0000043P   5198
0.1040537227322933D0,-0.0510877786641251D0,                      0000043P   5199
-0.1676253765067717D0,0.08714414090742147D0,                     0000043P   5200
-0.05108777866412514D0,-0.1693197513241267D0,                    0000043P   5201
0.07005721888275762D0,-0.05108777866412513D0,                    0000043P   5202
-0.1708879669398027D0,0.05276529679211166D0,                     0000043P   5203
-0.05108777866412512D0,-0.1723610411262384D0,                    0000043P   5204
0.0352554748517537D0,-0.05108777866412513D0,                     0000043P   5205
-0.1737459686554017D0,0.01762966157007331D0,                     0000043P   5206
-0.05108777866412512D0,-0.1745977602256781D0,                    0000043P   5207
0.005869345601484376D0,-0.0510877786641251D0,-0.175D0,0.0D0,     0000043P   5208
-0.03577079881208579D0,0.0D0,0.2498960894786217D0,               0000043P   5209
-0.03577079881208579D0,-0.004182729022214627D0,                  0000043P   5210
0.24989616095597D0,-0.03577079881208584D0,                       0000043P   5211
-0.01254808263455734D0,0.2498931768274973D0,                     0000043P   5212
-0.03577079881208581D0,-0.02504031043284699D0,                   0000043P   5213
0.2498791689934746D0,-0.03577079881208579D0,                     0000043P   5214
-0.03742352244034221D0,0.2498548586599914D0,                     0000043P   5215
-0.03577079881208582D0,-0.04965122595360039D0,                   0000043P   5216
0.2498228077545469D0,-0.03577079881208579D0,                     0000043P   5217
-0.06168273599923038D0,0.2497782573199954D0,                     0000043P   5218
-0.03577079881208582D0,-0.07348513726847287D0,                   0000043P   5219
0.2497050430748541D0,-0.03577079881208581D0,                     0000043P   5220
-0.08501967138077804D0,0.2495402640540515D0,                     0000043P   5221
-0.03577079881208581D0,-0.09622468318404079D0,                   0000043P   5222
0.2491048750170154D0,-0.03577079881208581D0,                     0000043P   5223
-0.1069690079165272D0,0.2479884967375705D0,                      0000043P   5224
-0.03577079881208579D0,-0.1170057223827596D0,                    0000043P   5225
0.2454776707501318D0,-0.03577079881208581D0,                     0000043P   5226
-0.1259761442608111D0,0.2407222641095434D0,                      0000043P   5227
-0.03577079881208581D0,-0.1336093080181353D0,                    0000043P   5228
0.2332836707752037D0,-0.03577079881208578D0,                     0000043P   5229
-0.139916520679987D0,0.2233976170459841D0,                       0000043P   5230
-0.03577079881208583D0,-0.1451131888186537D0,                    0000043P   5231
0.211600739623604D0,-0.03577079881208581D0,                      0000043P   5232
-0.1494485630963066D0,0.198400865683108D0,                       0000043P   5233
-0.03577079881208581D0,-0.1531250218012872D0,                    0000043P   5234
0.1841692420425156D0,-0.03577079881208582D0,                     0000043P   5235
-0.1563005885063553D0,0.1691709714882728D0,                      0000043P   5236
-0.03577079881208577D0,-0.1590814904556994D0,                    0000043P   5237
0.1535817726360423D0,-0.0357707988120858D0,                      0000043P   5238
-0.1615524784577149D0,0.1375381276781651D0,                      0000043P   5239
-0.03577079881208577D0,-0.1637725310051331D0,                    0000043P   5240
0.121127560377357D0,-0.0357707988120858D0,-0.16578409832854D0,   0000043P   5241
0.1044015251428131D0,-0.03577079881208581D0,                     0000043P   5242
-0.1676253827914033D0,0.08743846848092306D0,                     0000043P   5243
-0.03577079881208579D0,-0.1693197324145735D0,                    0000043P   5244
0.07029650249806509D0,-0.03577079881208579D0,                    0000043P   5245
-0.1708879428915188D0,0.05294735704562684D0,                     0000043P   5246
-0.03577079881208579D0,-0.1723610778376959D0,                    0000043P   5247
0.03537772166048964D0,-0.03577079881208579D0,                    0000043P   5248
-0.1737460590348113D0,0.01769073508822364D0,                     0000043P   5249
-0.0357707988120858D0,-0.1745978137472499D0,                     0000043P   5250
0.005889596265128295D0,-0.03577079881208579D0,                   0000043P   5251
-0.1749999999999999D0,0.0D0,-0.02045272846460607D0,0.0D0,        0000043P   5252
0.2499746032761879D0,-0.02045272846460607D0,                     0000043P   5253
-0.004182729028550883D0,0.2499749772633844D0,                    0000043P   5254
-0.02045272846460608D0,-0.01254808263216528D0,                   0000043P   5255
0.2499743551570833D0,-0.02045272846460608D0,                     0000043P   5256
-0.02504031043348806D0,0.2499712992017304D0,                     0000043P   5257
-0.02045272846460606D0,-0.03742352244017038D0,                   0000043P   5258
0.2499646594851864D0,-0.02045272846460608D0,                     0000043P   5259
-0.04965122595364646D0,0.249957315092797D0,                      0000043P   5260
-0.02045272846460606D0,-0.06168273599921791D0,                   0000043P   5261
0.2499436083011921D0,-0.02045272846460607D0,                     0000043P   5262
-0.07348513726847664D0,0.2499071776357426D0,                     0000043P   5263
-0.02045272846460607D0,-0.085019671380776D0,                     0000043P   5264
0.2497843054578092D0,-0.02045272846460608D0,                     0000043P   5265
-0.09622468318404509D0,0.2493947737170552D0,                     0000043P   5266
-0.02045272846460606D0,-0.106969007916512D0,                     0000043P   5267
0.2483254273076619D0,-0.02045272846460608D0,                     0000043P   5268
-0.1170057223828162D0,0.245859112861409D0,                       0000043P   5269
-0.02045272846460605D0,-0.1259761442606001D0,                    0000043P   5270
0.2411394426264377D0,-0.02045272846460608D0,                     0000043P   5271
-0.133609308018918D0,0.2337231642542683D0,                       0000043P   5272
-0.02045272846460607D0,-0.1399165206769535D0,                    0000043P   5273
0.2238464093232329D0,-0.02045272846460605D0,                     0000043P   5274
-0.1451131888294806D0,0.2120463992977424D0,                      0000043P   5275
-0.02045272846460606D0,-0.1494485630644931D0,                    0000043P   5276
0.1988346713880113D0,-0.02045272846460608D0,                     0000043P   5277
-0.1531250218933994D0,0.184583787543353D0,                       0000043P   5278
-0.02045272846460606D0,-0.1563005882480322D0,                    0000043P   5279
0.1695608935921988D0,-0.02045272846460609D0,                     0000043P   5280
-0.1590814909962221D0,0.1539429894213956D0,                      0000043P   5281
-0.02045272846460604D0,-0.1615524781347927D0,                    0000043P   5282
0.1378673217000616D0,-0.02045272846460607D0,                     0000043P   5283
-0.1637725290517892D0,0.121421813655576D0,                       0000043P   5284
-0.02045272846460605D0,-0.1657841022988597D0,                    0000043P   5285
0.1046581592149434D0,-0.02045272846460609D0,                     0000043P   5286
-0.1676253874270752D0,0.08765563897328317D0,                     0000043P   5287
-0.02045272846460606D0,-0.1693197184665024D0,                    0000043P   5288
0.07047305910351746D0,-0.02045272846460607D0,                    0000043P   5289
-0.1708879251530153D0,0.05308169385410632D0,                     0000043P   5290
-0.02045272846460607D0,-0.1723611049168142D0,                    0000043P   5291
0.03546792506288256D0,-0.02045272846460605D0,                    0000043P   5292
-0.1737461257005035D0,0.01773579992685998D0,                     0000043P   5293
-0.02045272846460607D0,-0.1745978532258505D0,                    0000043P   5294
0.005904538679682849D0,-0.02045272846460607D0,-0.175D0,0.0D0,    0000043P   5295
-0.005131292974886417D0,0.0D0,0.2499534974166271D0,              0000043P   5296
-0.00513129297488641D0,-0.00418272902684759D0,                   0000043P   5297
0.2499537900839721D0,-0.005131292974886431D0,                    0000043P   5298
-0.0125480826328083D0,0.249952533025474D0,                       0000043P   5299
-0.005131292974886415D0,-0.02504031043331575D0,                  0000043P   5300
0.2499465330167153D0,-0.005131292974886422D0,                    0000043P   5301
-0.03742352244021657D0,0.2499351431343277D0,                     0000043P   5302
-0.005131292974886413D0,-0.04965122595363405D0,                  0000043P   5303
0.2499211572061704D0,-0.005131292974886424D0,                    0000043P   5304
-0.06168273599922131D0,0.2498991591126987D0,                     0000043P   5305
-0.005131292974886415D0,-0.07348513726847557D0,                  0000043P   5306
0.2498528403881917D0,-0.005131292974886422D0,                    0000043P   5307
-0.08501967138077662D0,0.2497187029299176D0,                     0000043P   5308
-0.005131292974886415D0,-0.09622468318404397D0,                  0000043P   5309
0.2493168439589798D0,-0.005131292974886421D0,                    0000043P   5310
-0.106969007916516D0,0.2482348545737665D0,                       0000043P   5311
-0.005131292974886417D0,-0.1170057223828011D0,                   0000043P   5312
0.2457565746594527D0,-0.00513129297488642D0,                     0000043P   5313
-0.1259761442606567D0,0.2410272978638316D0,                      0000043P   5314
-0.005131292974886415D0,-0.1336093080187075D0,                   0000043P   5315
0.2336050208459176D0,-0.005131292974886421D0,                    0000043P   5316
-0.139916520677769D0,0.2237257662379508D0,                       0000043P   5317
-0.005131292974886417D0,-0.1451131888265699D0,                   0000043P   5318
0.2119265983100707D0,-0.005131292974886422D0,                    0000043P   5319
-0.1494485630730452D0,0.1987180569512093D0,                      0000043P   5320
-0.005131292974886419D0,-0.153125021868638D0,                    0000043P   5321
0.1844723505807622D0,-0.00513129297488642D0,                     0000043P   5322
-0.1563005883174739D0,0.1694560758223263D0,                      0000043P   5323
-0.005131292974886417D0,-0.1590814908509205D0,                   0000043P   5324
0.1538458881350102D0,-0.005131292974886415D0,                    0000043P   5325
-0.1615524782215997D0,0.1377788286834227D0,                      0000043P   5326
-0.005131292974886422D0,-0.1637725295768817D0,                   0000043P   5327
0.1213427133119688D0,-0.005131292974886422D0,                    0000043P   5328
-0.1657841012315694D0,0.1045891715611448D0,                      0000043P   5329
-0.005131292974886412D0,-0.167625386180927D0,                    0000043P   5330
0.08759725980867022D0,-0.005131292974886419D0,                   0000043P   5331
-0.1693197222159839D0,0.0704255976504389D0,                      0000043P   5332
-0.005131292974886419D0,-0.17088792992143D0,                     0000043P   5333
0.05304558180881611D0,-0.00513129297488642D0,                    0000043P   5334
-0.1723610976374815D0,0.03544367683643289D0,                     0000043P   5335
-0.005131292974886417D0,-0.1737461077796186D0,                   0000043P   5336
0.01772368572292547D0,-0.005131292974886417D0,                   0000043P   5337
-0.1745978426133234D0,0.005900521901576789D0,                    0000043P   5338
-0.005131292974886416D0,-0.175D0,0.0D0,0.01018922993388699D0,    0000043P   5339
0.0D0,0.2499594070573041D0,0.010189229933887D0,                  0000043P   5340
-0.004182729027324512D0,0.2499597224942075D0,                    0000043P   5341
0.01018922993388699D0,-0.01254808263262825D0,                    0000043P   5342
0.2499586432223246D0,0.010189229933887D0,-0.02504031043336399D0, 0000043P   5343
0.2499534675485197D0,0.01018922993388699D0,                      0000043P   5344
-0.03742352244020362D0,0.2499434077125679D0,0.010189229933887D0, 0000043P   5345
-0.04965122595363753D0,0.2499312814144261D0,0.010189229933887D0, 0000043P   5346
-0.06168273599922035D0,0.2499116048854766D0,                     0000043P   5347
0.01018922993388699D0,-0.07348513726847586D0,                    0000043P   5348
0.2498680548175063D0,0.010189229933887D0,-0.08501967138077646D0, 0000043P   5349
0.249737071637727D0,0.010189229933887D0,-0.09622468318404419D0,  0000043P   5350
0.2493386642912411D0,0.01018922993388699D0,                      0000043P   5351
-0.1069690079165149D0,0.2482602149392571D0,0.010189229933887D0,  0000043P   5352
-0.1170057223828053D0,0.2457852853560005D0,0.010189229933887D0,  0000043P   5353
-0.1259761442606409D0,0.2410586983973612D0,                      0000043P   5354
0.01018922993388699D0,-0.1336093080187665D0,                     0000043P   5355
0.2336381010002558D0,0.01018922993388699D0,                      0000043P   5356
-0.1399165206775406D0,0.2237595463018298D0,                      0000043P   5357
0.01018922993388699D0,-0.1451131888273851D0,                     0000043P   5358
0.2119601425866187D0,0.01018922993388699D0,                      0000043P   5359
-0.1494485630706506D0,0.1987507089935139D0,0.010189229933887D0,  0000043P   5360
-0.1531250218755712D0,0.1845035529302878D0,0.010189229933887D0,  0000043P   5361
-0.1563005882980303D0,0.1694854247978905D0,0.010189229933887D0,  0000043P   5362
-0.1590814908916047D0,0.153873076495198D0,0.01018922993388699D0, 0000043P   5363
-0.161552478197294D0,0.1378036067280816D0,0.010189229933887D0,   0000043P   5364
-0.1637725294298557D0,0.1213648614081787D0,0.010189229933887D0,  0000043P   5365
-0.1657841015304108D0,0.1046084881042085D0,                      0000043P   5366
0.01018922993388698D0,-0.1676253865298483D0,                     0000043P   5367
0.08761360597476187D0,0.010189229933887D0,-0.1693197211661292D0, 0000043P   5368
0.07043888685730088D0,0.01018922993388699D0,                     0000043P   5369
-0.170887928586274D0,0.05305569318149734D0,0.010189229933887D0,  0000043P   5370
-0.1723610996756946D0,0.03545046633983877D0,                     0000043P   5371
0.01018922993388699D0,-0.1737461127974663D0,                     0000043P   5372
0.01772707770002716D0,0.01018922993388699D0,                     0000043P   5373
-0.1745978455848311D0,0.005901646599446475D0,                    0000043P   5374
0.010189229933887D0,-0.1749999999999999D0,0.0D0,                 0000043P   5375
0.02040310199409972D0,0.0D0,0.2499577185885392D0,                0000043P   5376
0.02040310199409972D0,-0.004182729027188242D0,                   0000043P   5377
0.2499580275198543D0,0.02040310199409975D0,                      0000043P   5378
-0.01254808263267971D0,0.2499568974517959D0,                     0000043P   5379
0.02040310199409974D0,-0.02504031043335021D0,                    0000043P   5380
0.2499514862537183D0,0.02040310199409973D0,                      0000043P   5381
-0.03742352244020734D0,0.2499410464044994D0,                     0000043P   5382
0.02040310199409973D0,-0.04965122595363652D0,                    0000043P   5383
0.2499283887834956D0,0.02040310199409973D0,                      0000043P   5384
-0.06168273599922062D0,0.2499080489503973D0,                     0000043P   5385
0.02040310199409973D0,-0.07348513726847575D0,                    0000043P   5386
0.249863707837702D0,0.02040310199409973D0,                       0000043P   5387
-0.08501967138077648D0,0.2497318234354958D0,                     0000043P   5388
0.02040310199409973D0,-0.09622468318404416D0,                    0000043P   5389
0.2493324299105948D0,0.02040310199409975D0,                      0000043P   5390
-0.1069690079165153D0,0.2482529691205456D0,                      0000043P   5391
0.02040310199409972D0,-0.117005722382804D0,0.2457770822998439D0, 0000043P   5392
0.02040310199409974D0,-0.1259761442606454D0,                     0000043P   5393
0.2410497268163527D0,0.02040310199409974D0,                      0000043P   5394
-0.1336093080187497D0,0.2336286495275877D0,                      0000043P   5395
0.02040310199409973D0,-0.1399165206776058D0,                     0000043P   5396
0.2237498948550073D0,0.02040310199409973D0,-0.145113188827152D0, 0000043P   5397
0.211950558507605D0,0.02040310199409972D0,-0.1494485630713347D0, 0000043P   5398
0.1987413798385696D0,0.02040310199409973D0,                      0000043P   5399
-0.1531250218735902D0,0.1844946379732804D0,                      0000043P   5400
0.02040310199409973D0,-0.1563005883035855D0,                     0000043P   5401
0.1694770393763007D0,0.02040310199409973D0,                      0000043P   5402
-0.1590814908799809D0,0.1538653083922875D0,0.0204031019940997D0, 0000043P   5403
-0.1615524782042382D0,0.1377965272867504D0,                      0000043P   5404
0.02040310199409973D0,-0.1637725294718633D0,                     0000043P   5405
0.1213585333806902D0,0.02040310199409971D0,                      0000043P   5406
-0.1657841014450275D0,0.1046029690919045D0,                      0000043P   5407
0.02040310199409975D0,-0.1676253864301566D0,                     0000043P   5408
0.08760893564159278D0,0.02040310199409972D0,                     0000043P   5409
-0.1693197214660875D0,0.07043508994105462D0,                     0000043P   5410
0.02040310199409973D0,-0.1708879289677471D0,                     0000043P   5411
0.05305280421787414D0,0.02040310199409973D0,                     0000043P   5412
-0.1723610990933479D0,0.03544852648172282D0,                     0000043P   5413
0.02040310199409972D0,-0.1737461113637956D0,                     0000043P   5414
0.01772610856371236D0,0.02040310199409973D0,                     0000043P   5415
-0.1745978447358287D0,0.005901325257198007D0,                    0000043P   5416
0.02040310199409972D0,-0.175D0,0.0D0,0.02551D0,0.0D0,0.249958D0, 0000043P   5417
0.02551D0,-0.004182729027210957D0,0.2499583100155799D0,          0000043P   5418
0.02551000000000003D0,-0.01254808263267112D0,                    0000043P   5419
0.2499571884135507D0,0.02551000000000002D0,                      0000043P   5420
-0.0250403104333525D0,0.2499518164695186D0,0.02551D0,            0000043P   5421
-0.03742352244020671D0,0.249941439955844D0,0.02551D0,            0000043P   5422
-0.0496512259536367D0,0.2499288708886508D0,                      0000043P   5423
0.02551000000000001D0,-0.06168273599922056D0,                    0000043P   5424
0.2499086416062438D0,0.02551000000000001D0,                      0000043P   5425
-0.07348513726847578D0,0.249864432334336D0,                      0000043P   5426
0.02551000000000001D0,-0.08501967138077644D0,                    0000043P   5427
0.2497326981358677D0,0.02551000000000001D0,                      0000043P   5428
-0.09622468318404416D0,0.2493334689740359D0,0.02551D0,           0000043P   5429
-0.1069690079165152D0,0.2482541767569974D0,                      0000043P   5430
0.02551000000000001D0,-0.1170057223828043D0,0.24577844947587D0,  0000043P   5431
0.02551D0,-0.1259761442606446D0,0.2410512220798542D0,            0000043P   5432
0.02551000000000001D0,-0.1336093080187525D0,                     0000043P   5433
0.2336302247730324D0,0.02550999999999999D0,-0.139916520677595D0, 0000043P   5434
0.2237515034294776D0,0.02551000000000001D0,                      0000043P   5435
-0.1451131888271909D0,0.2119521558541073D0,                      0000043P   5436
0.02550999999999999D0,-0.1494485630712207D0,                     0000043P   5437
0.1987429346977271D0,0.02551000000000001D0,                      0000043P   5438
-0.1531250218739204D0,0.1844961237994483D0,0.02551D0,            0000043P   5439
-0.1563005883026597D0,0.1694784369465657D0,                      0000043P   5440
0.02551000000000002D0,-0.1590814908819181D0,                     0000043P   5441
0.1538666030761057D0,0.02550999999999999D0,                      0000043P   5442
-0.1615524782030809D0,0.137797707193639D0,0.02551D0,             0000043P   5443
-0.1637725294648618D0,0.1213595880519383D0,0.02551D0,            0000043P   5444
-0.1657841014592581D0,0.1046038889272885D0,0.02551D0,            0000043P   5445
-0.1676253864467718D0,0.08760971403045434D0,0.02551D0,           0000043P   5446
-0.1693197214160945D0,0.07043572276042895D0,                     0000043P   5447
0.02551000000000001D0,-0.1708879289041683D0,                     0000043P   5448
0.05305328571181136D0,0.02551D0,-0.1723610991904057D0,           0000043P   5449
0.0354488497914088D0,0.02551000000000002D0,                      0000043P   5450
-0.1737461116027406D0,0.0177262700864315D0,0.02551D0,            0000043P   5451
-0.1745978448773292D0,0.005901378814239413D0,0.02551D0,-0.175D0, 0000043P   5452
0.0D0,0.0D0,0.3770708072392882D0,0.0D0,0.8801671197061448D0,0,1, 0000043P   5453
41;                                                              0000043P   5454
126,9,3,1,0,1,0,0.0D0,0.0D0,0.0D0,0.0D0,0.2343772539150082D0,    0000045P   5455
0.2343772539150082D0,0.2343772539150082D0,0.4673801961694124D0,  0000045P   5456
0.4673801961694124D0,0.4673801961694124D0,0.8552146501220234D0,  0000045P   5457
0.8552146501220234D0,0.8552146501220234D0,0.8552146501220234D0,  0000045P   5458
1.0D0,1.0D0,1.0D0,1.0D0,1.0D0,1.0D0,1.0D0,1.0D0,1.0D0,1.0D0,     0000045P   5459
0.1411774124299294D0,0.0D0,0.0D0,0.1429389376433605D0,           0000045P   5460
0.07132432486481549D0,0.0D0,0.1443028672009244D0,                0000045P   5461
0.1426574876409529D0,0.0D0,0.1461520836544477D0,                 0000045P   5462
0.2139799548192916D0,0.0D0,0.1479904569067106D0,                 0000045P   5463
0.2848842103466746D0,0.0D0,0.1504404903348263D0,                 0000045P   5464
0.3557696723847982D0,0.0D0,0.1523679906443399D0,                 0000045P   5465
0.4266710853118501D0,0.0D0,0.1549517694651513D0,                 0000045P   5466
0.521713129239066D0,0.0D0,0.1620858182338632D0,                  0000045P   5467
0.7594275648046236D0,0.0D0,0.1651247729562525D0,                 0000045P   5468
0.8544559267191585D0,0.0D0,0.0D0,0.8552146501220234D0,0.0D0,     0000045P   5469
0.0D0,1.0D0,0,1,41;                                              0000045P   5470
126,1,1,1,0,1,0,50.05070504816199D0,50.05070504816199D0,         0000047P   5471
50.33543198424063D0,50.33543198424063D0,1.0D0,1.0D0,             0000047P   5472
0.1651247729562525D0,0.8544559267191585D0,0.0D0,                 0000047P   5473
1.01638459264574D-10,0.8544559273979975D0,0.0D0,                 0000047P   5474
50.05070504816199D0,50.33543198424063D0,0.0D0,0.0D0,1.0D0,0,1,   0000047P   5475
41;                                                              0000047P   5476
126,1,1,1,0,1,0,0.0D0,0.0D0,0.7508831369068766D0,                0000049P   5477
0.7508831369068766D0,1.0D0,1.0D0,1.01638459264574D-10,           0000049P   5478
0.8544559273979975D0,0.0D0,-5.551115123125783D-17,               0000049P   5479
0.1035727904911209D0,0.0D0,0.0D0,0.7508831369068766D0,0.0D0,     0000049P   5480
0.0D0,1.0D0,0,1,41;                                              0000049P   5481
126,1,1,1,0,1,0,0.0D0,0.0D0,0.05180811913202182D0,               0000051P   5482
0.05180811913202182D0,1.0D0,1.0D0,-5.551115123125783D-17,        0000051P   5483
0.1035727904911209D0,0.0D0,-5.551115123125783D-17,               0000051P   5484
0.05176467135909908D0,0.0D0,0.0D0,0.05180811913202182D0,0.0D0,   0000051P   5485
0.0D0,1.0D0,0,1,41;                                              0000051P   5486
126,1,1,1,0,1,0,0.0D0,0.0D0,0.05176467135909893D0,               0000053P   5487
0.05176467135909893D0,1.0D0,1.0D0,-5.551115123125783D-17,        0000053P   5488
0.05176467135909908D0,0.0D0,-5.551115123125783D-17,              0000053P   5489
1.526204863167026D-16,0.0D0,0.0D0,0.05176467135909893D0,0.0D0,   0000053P   5490
0.0D0,1.0D0,0,1,41;                                              0000053P   5491
126,1,1,1,0,1,0,0.0D0,0.0D0,0.1411774124299295D0,                0000055P   5492
0.1411774124299295D0,1.0D0,1.0D0,-5.551115123125783D-17,         0000055P   5493
1.526204863167026D-16,0.0D0,0.1411774124299294D0,0.0D0,0.0D0,    0000055P   5494
0.0D0,0.1411774124299295D0,0.0D0,0.0D0,1.0D0,0,1,41;             0000055P   5495
102,6,45,47,49,51,53,55,0,1,41;                                  0000057P   5496
126,5,3,1,0,1,0,0.0D0,0.0D0,0.0D0,0.0D0,0.4911148971186146D0,    0000059P   5497
0.4911148971186146D0,0.8552146501220234D0,0.8552146501220234D0,  0000059P   5498
0.8552146501220234D0,0.8552146501220234D0,1.0D0,1.0D0,1.0D0,     0000059P   5499
1.0D0,1.0D0,1.0D0,-0.8418369999999999D0,-0.1178570387561931D0,   0000059P   5500
0.1200020273162114D0,-0.6518733935714014D0,                      0000059P   5501
-0.1210793526588157D0,0.1481263068210968D0,                      0000059P   5502
-0.6113706538980115D0,-0.1218624913430889D0,                     0000059P   5503
0.1565377091850561D0,-0.2823150319577568D0,                      0000059P   5504
-0.1273461713743293D0,0.2156381064547648D0,                      0000059P   5505
-0.1436924895362281D0,-0.1297496699640304D0,                     0000059P   5506
0.2374520006782306D0,-7.175265915789224D-10,                     0000059P   5507
-0.1321387934784671D0,0.2347003102670651D0,0.0D0,                0000059P   5508
0.8552146501220234D0,-0.01679268599099451D0,                     0000059P   5509
-0.9998584185733425D0,-0.001071683359251538D0,0,1,41;            0000059P   5510
126,14,3,1,0,1,0,50.05070504816199D0,50.05070504816199D0,        0000061P   5511
50.05070504816199D0,50.05070504816199D0,50.07054040475072D0,     0000061P   5512
50.09462145744755D0,50.11870251014439D0,50.14278356284122D0,     0000061P   5513
50.16686461553805D0,50.19094566823489D0,50.21502672093172D0,     0000061P   5514
50.23910777362855D0,50.26318882632538D0,50.28726987902222D0,     0000061P   5515
50.31135093171905D0,50.33543198424063D0,50.33543198424063D0,     0000061P   5516
50.33543198424063D0,50.33543198424063D0,1.0D0,1.0D0,1.0D0,1.0D0, 0000061P   5517
1.0D0,1.0D0,1.0D0,1.0D0,1.0D0,1.0D0,1.0D0,1.0D0,1.0D0,1.0D0,     0000061P   5518
1.0D0,-3.807621265733296D-10,-0.1321387934784671D0,              0000061P   5519
0.2347003102669996D0,-3.80762126053882D-10,                      0000061P   5520
-0.1301607972302873D0,0.2369553471515498D0,                      0000061P   5521
-3.807621253181779D-10,-0.1254489568250288D0,                    0000061P   5522
0.2413224221759238D0,-3.807621250630569D-10,                     0000061P   5523
-0.1170057223828034D0,0.2457723688605124D0,                      0000061P   5524
-3.807621303756475D-10,-0.1069690079165154D0,                    0000061P   5525
0.248248805705563D0,-3.807621232741233D-10,                      0000061P   5526
-0.09622468318404409D0,0.2493288476633953D0,                     0000061P   5527
-3.807621280446129D-10,-0.08501967138077651D0,                   0000061P   5528
0.2497288078419968D0,-3.807621262556793D-10,                     0000061P   5529
-0.07348513726847572D0,0.2498612100825738D0,                     0000061P   5530
-3.807621283969786D-10,-0.06168273599922077D0,                   0000061P   5531
0.2499060057260252D0,-3.807621215393998D-10,                     0000061P   5532
-0.04965122595363596D0,0.2499267266907175D0,                     0000061P   5533
-3.80762130592488D-10,-0.03742352244020945D0,                    0000061P   5534
0.2499396896074577D0,-3.807621244667457D-10,                     0000061P   5535
-0.02504031043334228D0,0.2499503478105985D0,                     0000061P   5536
-3.807621364471797D-10,-0.01254808266301448D0,                   0000061P   5537
0.2499558943398547D0,-3.807621194523108D-10,                     0000061P   5538
-0.004182729087991154D0,0.2499570535951735D0,                    0000061P   5539
-3.807621280717178D-10,-9.132294554491367D-11,                   0000061P   5540
0.2499567484019551D0,50.05070504816199D0,50.33543198424063D0,    0000061P   5541
1.0D0,0.0D0,0.0D0,0,1,41;                                        0000061P   5542
126,52,3,1,0,1,0,-0.7511879552391418D0,-0.7511879552391418D0,    0000063P   5543
-0.7511879552391418D0,-0.7511879552391418D0,                     0000063P   5544
-0.7460139912155307D0,-0.7305661943662276D0,                     0000063P   5545
-0.7151183975169243D0,-0.699670600667621D0,                      0000063P   5546
-0.6842228038183178D0,-0.6687750069690145D0,                     0000063P   5547
-0.6533272101197113D0,-0.6378794132704081D0,                     0000063P   5548
-0.6224316164211048D0,-0.6069838195718016D0,                     0000063P   5549
-0.5915360227224984D0,-0.5760882258731952D0,                     0000063P   5550
-0.5606404290238919D0,-0.5451926321745887D0,                     0000063P   5551
-0.5297448353252854D0,-0.5142970384759822D0,                     0000063P   5552
-0.4988492416266789D0,-0.4834014447773756D0,                     0000063P   5553
-0.4679536479280724D0,-0.4525058510787692D0,                     0000063P   5554
-0.4370580542294659D0,-0.4216102573801628D0,                     0000063P   5555
-0.4061624605308595D0,-0.3907146636815562D0,                     0000063P   5556
-0.375266866832253D0,-0.3598190699829498D0,                      0000063P   5557
-0.3443712731336465D0,-0.3289234762843434D0,                     0000063P   5558
-0.3134756794350401D0,-0.2980278825857369D0,                     0000063P   5559
-0.2825800857364336D0,-0.2671322888871304D0,                     0000063P   5560
-0.2516844920378271D0,-0.2362366951885239D0,                     0000063P   5561
-0.2207888983392206D0,-0.2053411014899174D0,                     0000063P   5562
-0.1898933046406141D0,-0.1744455077913109D0,                     0000063P   5563
-0.1589977109420077D0,-0.1435499140927045D0,                     0000063P   5564
-0.1281021172434012D0,-0.1126543203940979D0,                     0000063P   5565
-0.09720652354479467D0,-0.08175872669549152D0,                   0000063P   5566
-0.06631092984618826D0,-0.050863132996885D0,                     0000063P   5567
-0.03541533614758174D0,-0.01996753929827847D0,                   0000063P   5568
-0.004519742448975322D0,0.0D0,0.0D0,0.0D0,0.0D0,1.0D0,1.0D0,     0000063P   5569
1.0D0,1.0D0,1.0D0,1.0D0,1.0D0,1.0D0,1.0D0,1.0D0,1.0D0,1.0D0,     0000063P   5570
1.0D0,1.0D0,1.0D0,1.0D0,1.0D0,1.0D0,1.0D0,1.0D0,1.0D0,1.0D0,     0000063P   5571
1.0D0,1.0D0,1.0D0,1.0D0,1.0D0,1.0D0,1.0D0,1.0D0,1.0D0,1.0D0,     0000063P   5572
1.0D0,1.0D0,1.0D0,1.0D0,1.0D0,1.0D0,1.0D0,1.0D0,1.0D0,1.0D0,     0000063P   5573
1.0D0,1.0D0,1.0D0,1.0D0,1.0D0,1.0D0,1.0D0,1.0D0,1.0D0,1.0D0,     0000063P   5574
1.0D0,-4.399766336850297D-11,-4.566144789310023D-11,             0000063P   5575
0.24995674840194D0,-0.001710469658079211D0,                      0000063P   5576
-4.566144789315321D-11,0.2499568085303089D0,                     0000063P   5577
-0.008527890958115035D0,-4.566144789435827D-11,                  0000063P   5578
0.2499581763594141D0,-0.02045272846460607D0,                     0000063P   5579
-4.56614479088304D-11,0.249974603276192D0,                       0000063P   5580
-0.03577079881208579D0,-4.566144783965962D-11,                   0000063P   5581
0.2498960894786225D0,-0.05108777866412512D0,                     0000063P   5582
-4.566144774091431D-11,0.2497896427667745D0,                     0000063P   5583
-0.06640576422325295D0,-4.566144767237533D-11,                   0000063P   5584
0.2496977140977191D0,-0.08172081744946645D0,                     0000063P   5585
-4.566144751258511D-11,0.2495756461717719D0,                     0000063P   5586
-0.09702671448416783D0,-4.566144710096695D-11,                   0000063P   5587
0.2493602238627927D0,-0.1123333949531199D0,                      0000063P   5588
-4.566144664375213D-11,0.2491594608018768D0,                     0000063P   5589
-0.1276460978765824D0,-4.566144662075201D-11,                    0000063P   5590
0.248993415131739D0,-0.1429333891929081D0,                       0000063P   5591
-4.566144487015238D-11,0.2486705137087157D0,                     0000063P   5592
-0.1582262360857258D0,-4.566144351637987D-11,                    0000063P   5593
0.2483837104721684D0,-0.1735222722797111D0,                      0000063P   5594
-4.566144230289833D-11,0.2481093702426029D0,                     0000063P   5595
-0.1887999956925357D0,-4.566144013142612D-11,                    0000063P   5596
0.2477490797986341D0,-0.2040722803864112D0,                      0000063P   5597
-4.566143765334555D-11,0.2473631483172019D0,                     0000063P   5598
-0.2193473879066091D0,-4.566143538731588D-11,                    0000063P   5599
0.2469896315615313D0,-0.2346166428404675D0,                      0000063P   5600
-4.566143257969097D-11,0.2465920969402776D0,                     0000063P   5601
-0.2498659377816297D0,-4.566142801982871D-11,                    0000063P   5602
0.2461132783541477D0,-0.2651183025753586D0,                      0000063P   5603
-4.566142345772635D-11,0.2456475177312816D0,                     0000063P   5604
-0.2803783479515159D0,-4.566142065682227D-11,                    0000063P   5605
0.2452108092202366D0,-0.2956046011453928D0,                      0000063P   5606
-4.566141081336504D-11,0.2446448342986429D0,                     0000063P   5607
-0.3108382531453012D0,-4.566140268538352D-11,                    0000063P   5608
0.2441068365081588D0,-0.3260741881726364D0,                      0000063P   5609
-4.566139434449773D-11,0.24357886474739D0,-0.3412935922842328D0, 0000063P   5610
-4.566138513975306D-11,0.2429828117366501D0,                     0000063P   5611
-0.3565064100526389D0,-4.566137548705578D-11,                    0000063P   5612
0.2423595753802153D0,-0.3717216041666702D0,                      0000063P   5613
-4.566136612290098D-11,0.2417466831154204D0,                     0000063P   5614
-0.3869338792413909D0,-4.566135605252863D-11,                    0000063P   5615
0.2411195978297604D0,-0.4021295292966824D0,                      0000063P   5616
-4.566134134264078D-11,0.2404111958076832D0,                     0000063P   5617
-0.4173284193942794D0,-4.566132757904738D-11,                    0000063P   5618
0.2397161560468051D0,-0.4325309743420839D0,                      0000063P   5619
-4.566131466979187D-11,0.2390489839775477D0,                     0000063P   5620
-0.4477156298467536D0,-4.566129739689023D-11,                    0000063P   5621
0.2382569788806085D0,-0.4629032399825672D0,                      0000063P   5622
-4.566128079745901D-11,0.2374836737858642D0,                     0000063P   5623
-0.4780916371009978D0,-4.566126457019997D-11,                    0000063P   5624
0.2367235139160235D0,-0.493273931657817D0,                       0000063P   5625
-4.566124618078174D-11,0.2358920731443736D0,                     0000063P   5626
-0.5084521571335447D0,-4.566122636794964D-11,                    0000063P   5627
0.2350141407842992D0,-0.5236314583883199D0,                      0000063P   5628
-4.566120694903024D-11,0.2341484637925796D0,                     0000063P   5629
-0.5388105256079958D0,-4.566118737787406D-11,                    0000063P   5630
0.2332802569158655D0,-0.5539827050383488D0,                      0000063P   5631
-4.566116866679868D-11,0.2322679922129178D0,                     0000063P   5632
-0.5691563383150344D0,-4.566114918461361D-11,                    0000063P   5633
0.2312807077577115D0,-0.5843310439957148D0,                      0000063P   5634
-4.566113192678629D-11,0.2303375601377729D0,                     0000063P   5635
-0.5995000062140822D0,-4.566110654263785D-11,                    0000063P   5636
0.2291928849290227D0,-0.6146692050539214D0,                      0000063P   5637
-4.566108222213865D-11,0.2280563967331619D0,                     0000063P   5638
-0.6298391204078523D0,-4.566105627043408D-11,                    0000063P   5639
0.2269467161166237D0,-0.6450059330839437D0,                      0000063P   5640
-4.566103577990151D-11,0.2257216181699062D0,                     0000063P   5641
-0.6601692599800076D0,-4.566102150821955D-11,                    0000063P   5642
0.224365579893732D0,-0.6753330639885924D0,                       0000063P   5643
-4.566100575040169D-11,0.2230311569883333D0,                     0000063P   5644
-0.6904984453271207D0,-4.566098971827671D-11,                    0000063P   5645
0.2217412129292889D0,-0.705650902944756D0,                       0000063P   5646
-4.566097855540575D-11,0.2200734187283626D0,                     0000063P   5647
-0.7208055487130846D0,-4.566096604156806D-11,                    0000063P   5648
0.2184799538115945D0,-0.7323898240387807D0,                      0000063P   5649
-4.566095688711772D-11,0.2173237804806972D0,                     0000063P   5650
-0.7389159051083525D0,-4.566095150645805D-11,                    0000063P   5651
0.2165615186819607D0,-0.740392912735201D0,                       0000063P   5652
-4.566095028138603D-11,0.216384785880563D0,                      0000063P   5653
-0.7511879552391418D0,0.0D0,0.0D0,1.0D0,0.0D0,0,1,41;            0000063P   5654
126,6,3,1,0,1,0,0.0D0,0.0D0,0.0D0,0.0D0,0.01092507760528516D0,   0000065P   5655
0.02636866648458766D0,0.04181225536389013D0,                     0000065P   5656
0.05181503222577064D0,0.05181503222577064D0,                     0000065P   5657
0.05181503222577064D0,0.05181503222577064D0,1.0D0,1.0D0,1.0D0,   0000065P   5658
1.0D0,1.0D0,1.0D0,1.0D0,-0.7403929127352009D0,                   0000065P   5659
4.98766573033188D-17,0.2163847858805501D0,-0.7439640940310643D0, 0000065P   5660
4.987665406780554D-17,0.2159574726675076D0,                      0000065P   5661
-0.7525806392476359D0,4.98766461486246D-17,0.2148669733304172D0, 0000065P   5662
-0.7662419222446958D0,4.987663375516505D-17,                     0000065P   5663
0.2131027351064541D0,-0.7796047313654292D0,                      0000065P   5664
4.987662085306843D-17,0.2114242913508795D0,                      0000065P   5665
-0.7879157583979475D0,4.987661433143671D-17,                     0000065P   5666
0.2103042243019514D0,-0.7911813075548808D0,                      0000065P   5667
4.987661222640228D-17,0.2098412676165481D0,0.0D0,                0000065P   5668
0.05181503222577064D0,0.0D0,1.0D0,0.0D0,0,1,41;                  0000065P   5669
126,6,3,1,0,1,0,0.05181503222577064D0,0.05181503222577064D0,     0000067P   5670
0.05181503222577064D0,0.05181503222577064D0,                     0000067P   5671
0.05725584424319263D0,0.07269943312249516D0,                     0000067P   5672
0.08814302200179769D0,0.1035866108811001D0,0.1035866108811001D0, 0000067P   5673
0.1035866108811001D0,0.1035866108811001D0,1.0D0,1.0D0,1.0D0,     0000067P   5674
1.0D0,1.0D0,1.0D0,1.0D0,-0.7911813075548809D0,                   0000067P   5675
4.987661222640228D-17,0.2098412676165481D0,                      0000067P   5676
-0.7929575382298082D0,4.987661108141057D-17,                     0000067P   5677
0.2095894515126533D0,-0.7997738978720588D0,                      0000067P   5678
4.987660720716831D-17,0.2085971212110492D0,                      0000067P   5679
-0.8116168751021088D0,4.987660487577537D-17,                     0000067P   5680
0.2066537701999585D0,-0.8267279032300353D0,                      0000067P   5681
4.987659964783177D-17,0.2042864307022405D0,                      0000067P   5682
-0.8368004363220152D0,4.987659663224651D-17,                     0000067P   5683
0.2026850572900266D0,-0.8418369999999997D0,                      0000067P   5684
4.987659503051185D-17,0.201889D0,0.05181503222577064D0,          0000067P   5685
0.1035866108811001D0,0.0D0,1.0D0,0.0D0,0,1,41;                   0000067P   5686
126,13,3,1,0,1,0,0.1035866108811001D0,0.1035866108811001D0,      0000069P   5687
0.1035866108811001D0,0.1035866108811001D0,3.36802043231746D0,    0000069P   5688
6.632454253753807D0,9.896888075190155D0,13.1613218966265D0,      0000069P   5689
16.42575571806285D0,19.6901895394992D0,22.95462336093554D0,      0000069P   5690
26.21905718237189D0,29.48349100380824D0,32.74792482524459D0,     0000069P   5691
33.10358661088109D0,33.10358661088109D0,33.10358661088109D0,     0000069P   5692
33.10358661088109D0,1.0D0,1.0D0,1.0D0,1.0D0,1.0D0,1.0D0,1.0D0,   0000069P   5693
1.0D0,1.0D0,1.0D0,1.0D0,1.0D0,1.0D0,1.0D0,-0.8418369999999999D0, 0000069P   5694
5.015202120133913D-17,0.201889D0,-0.8418369999999999D0,          0000069P   5695
-0.004182678222115302D0,0.2018888575591936D0,                    0000069P   5696
-0.8418370000000004D0,-0.0125481018125691D0,0.201272373548665D0, 0000069P   5697
-0.8418370000000003D0,-0.02504030529323732D0,                    0000069P   5698
0.1985151826196264D0,-0.8418369999999999D0,                      0000069P   5699
-0.03742352381789535D0,0.1939719313606709D0,                     0000069P   5700
-0.8418369999999998D0,-0.04965122558446829D0,                    0000069P   5701
0.1877200904602301D0,-0.8418370000000003D0,                      0000069P   5702
-0.06168273609819984D0,0.1798532271553698D0,                     0000069P   5703
-0.8418369999999999D0,-0.07348513724172696D0,                    0000069P   5704
0.1704855662462172D0,-0.8418370000000003D0,                      0000069P   5705
-0.08501967138879245D0,0.159739630542824D0,                      0000069P   5706
-0.8418369999999999D0,-0.09622468317872911D0,                    0000069P   5707
0.1477802496473647D0,-0.8418370000000004D0,                      0000069P   5708
-0.1069690079297594D0,0.1348599459255627D0,                      0000069P   5709
-0.8418370000000003D0,-0.1140246526417328D0,                     0000069P   5710
0.1254135668488423D0,-0.8418370000000002D0,                      0000069P   5711
-0.1175161766117479D0,0.1204856419350241D0,                      0000069P   5712
-0.8418370000000002D0,-0.1178570387561931D0,                     0000069P   5713
0.1200020273162114D0,0.1035866108811001D0,33.10358661088109D0,   0000069P   5714
1.0D0,0.0D0,0.0D0,0,1,41;                                        0000069P   5715
102,6,59,61,63,65,67,69,0,1,41;                                  0000071P   5716
142,0,43,57,71,1,0,1,41;                                         0000073P   5717
144,43,1,0,73,0,1,41;                                            0000075P   5718
S0000001G0000011D0000076P0005718                                        T      1
