                                                                        S      1
1H,,1H;,,                                                               G      1
39H\\10.49.32.64\rhino_jobs\mwig_s1_xy.igs,                             G      2
26HRhinoceros ( Feb 27 2023 ),31HTrout Lake IGES 012 Feb 27 2023,       G      3
32,38,6,308,15,                                                         G      4
,                                                                       G      5
1.0D0,2,2HMM,1,0.254D0,13H230504.140707,                                G      6
0.001D0,                                                                G      7
1.25D0,                                                                 G      8
4Hmaaf,                                                                 G      9
3Hdtu,                                                                  G     10
10,0,13H230504.140707;                                                  G     11
     314       1       0       0       0       0       0       000000200D      1
     314       0       1       1       0       0       0   COLOR       0D      2
     406       2       0       0       1       0       0       000000300D      3
     406       0      -1       1       3       0       0LEVELDEF       0D      4
     406       3       0       0       0       0       0       000010300D      5
     406       0       0       1      15       0       0 NAMETXT       0D      6
     128       4       0       0       1       0       0       000000000D      7
     128       0      -1     229       0       0       0 TrimSrf       0D      8
     406     233       0       0       0       0       0       000010300D      9
     406       0       0       1      15       0       0 NAMETXT       0D     10
     128     234       0       0       1       0       0       000010000D     11
     128       0      -1     149       8       0       0 TrimSrf       0D     12
     126     383       0       0       1       0       0       000010500D     13
     126       0      -1       8       0       0       0 TrimBnd       1D     14
     126     391       0       0       1       0       0       000010500D     15
     126       0      -1       7       1       0       0 TrimBnd       2D     16
     126     398       0       0       1       0       0       000010500D     17
     126       0      -1       7       1       0       0 TrimBnd       3D     18
     126     405       0       0       1       0       0       000010500D     19
     126       0      -1       8       1       0       0 TrimBnd       4D     20
     102     413       0       0       1       0       0       000010500D     21
     102       0      -1       1       0       0       02D CURVE       0D     22
     126     414       0       0       1       0       0       000010000D     23
     126       0      -1      10       1       0       0 TrimBnd       1D     24
     126     424       0       0       1       0       0       000010000D     25
     126       0      -1      88       0       0       0 TrimBnd       2D     26
     126     512       0       0       1       0       0       000010000D     27
     126       0      -1       4       1       0       0 TrimBnd       3D     28
     126     516       0       0       1       0       0       000010000D     29
     126       0      -1      96       0       0       0 TrimBnd       4D     30
     102     612       0       0       1       0       0       000010000D     31
     102       0      -1       1       0       0       03D CURVE       0D     32
     142     613       0       0       1       0       0       000010000D     33
     142       0      -1       1       0       0       0 TrimBnd       1D     34
     144     614       0       0       1       0       0       000000000D     35
     144       0      -1       1       0       0       0 TrimSrf       0D     36
     406     615       0       0       0       0       0       000010300D     37
     406       0       0       1      15       0       0 NAMETXT       0D     38
     128     616       0       0       1       0       0       000010000D     39
     128       0      -1     145       8       0       0 TrimSrf       0D     40
     126     761       0       0       1       0       0       000010500D     41
     126       0      -1       8       0       0       0 TrimBnd       1D     42
     126     769       0       0       1       0       0       000010500D     43
     126       0      -1       7       1       0       0 TrimBnd       2D     44
     126     776       0       0       1       0       0       000010500D     45
     126       0      -1       7       1       0       0 TrimBnd       3D     46
     126     783       0       0       1       0       0       000010500D     47
     126       0      -1       8       1       0       0 TrimBnd       4D     48
     102     791       0       0       1       0       0       000010500D     49
     102       0      -1       1       0       0       02D CURVE       0D     50
     126     792       0       0       1       0       0       000010000D     51
     126       0      -1      10       1       0       0 TrimBnd       1D     52
     126     802       0       0       1       0       0       000010000D     53
     126       0      -1      92       0       0       0 TrimBnd       2D     54
     126     894       0       0       1       0       0       000010000D     55
     126       0      -1       4       1       0       0 TrimBnd       3D     56
     126     898       0       0       1       0       0       000010000D     57
     126       0      -1      87       0       0       0 TrimBnd       4D     58
     102     985       0       0       1       0       0       000010000D     59
     102       0      -1       1       0       0       03D CURVE       0D     60
     142     986       0       0       1       0       0       000010000D     61
     142       0      -1       1       0       0       0 TrimBnd       1D     62
     144     987       0       0       1       0       0       000000000D     63
     144       0      -1       1       0       0       0 TrimSrf       0D     64
     406     988       0       0       0       0       0       000010300D     65
     406       0       0       1      15       0       0 NAMETXT       0D     66
     128     989       0       0       1       0       0       000010000D     67
     128       0      -1     157       8       0       0 TrimSrf       0D     68
     126    1146       0       0       1       0       0       000010500D     69
     126       0      -1       8       0       0       0 TrimBnd       1D     70
     126    1154       0       0       1       0       0       000010500D     71
     126       0      -1       7       1       0       0 TrimBnd       2D     72
     126    1161       0       0       1       0       0       000010500D     73
     126       0      -1       8       1       0       0 TrimBnd       3D     74
     126    1169       0       0       1       0       0       000010500D     75
     126       0      -1       9       1       0       0 TrimBnd       4D     76
     102    1178       0       0       1       0       0       000010500D     77
     102       0      -1       1       0       0       02D CURVE       0D     78
     126    1179       0       0       1       0       0       000010000D     79
     126       0      -1      11       1       0       0 TrimBnd       1D     80
     126    1190       0       0       1       0       0       000010000D     81
     126       0      -1     100       0       0       0 TrimBnd       2D     82
     126    1290       0       0       1       0       0       000010000D     83
     126       0      -1       5       1       0       0 TrimBnd       3D     84
     126    1295       0       0       1       0       0       000010000D     85
     126       0      -1      92       0       0       0 TrimBnd       4D     86
     102    1387       0       0       1       0       0       000010000D     87
     102       0      -1       1       0       0       03D CURVE       0D     88
     142    1388       0       0       1       0       0       000010000D     89
     142       0      -1       1       0       0       0 TrimBnd       1D     90
     144    1389       0       0       1       0       0       000000000D     91
     144       0      -1       1       0       0       0 TrimSrf       0D     92
     406    1390       0       0       0       0       0       000010300D     93
     406       0       0       1      15       0       0 NAMETXT       0D     94
     128    1391       0       0       1       0       0       000010000D     95
     128       0      -1     144       8       0       0 TrimSrf       0D     96
     126    1535       0       0       1       0       0       000010500D     97
     126       0      -1       8       0       0       0 TrimBnd       1D     98
     126    1543       0       0       1       0       0       000010500D     99
     126       0      -1       7       1       0       0 TrimBnd       2D    100
     126    1550       0       0       1       0       0       000010500D    101
     126       0      -1       8       1       0       0 TrimBnd       3D    102
     126    1558       0       0       1       0       0       000010500D    103
     126       0      -1       9       1       0       0 TrimBnd       4D    104
     102    1567       0       0       1       0       0       000010500D    105
     102       0      -1       1       0       0       02D CURVE       0D    106
     126    1568       0       0       1       0       0       000010000D    107
     126       0      -1      10       1       0       0 TrimBnd       1D    108
     126    1578       0       0       1       0       0       000010000D    109
     126       0      -1      77       0       0       0 TrimBnd       2D    110
     126    1655       0       0       1       0       0       000010000D    111
     126       0      -1       5       1       0       0 TrimBnd       3D    112
     126    1660       0       0       1       0       0       000010000D    113
     126       0      -1     100       0       0       0 TrimBnd       4D    114
     102    1760       0       0       1       0       0       000010000D    115
     102       0      -1       1       0       0       03D CURVE       0D    116
     142    1761       0       0       1       0       0       000010000D    117
     142       0      -1       1       0       0       0 TrimBnd       1D    118
     144    1762       0       0       1       0       0       000000000D    119
     144       0      -1       1       0       0       0 TrimSrf       0D    120
     406    1763       0       0       0       0       0       000010300D    121
     406       0       0       1      15       0       0 NAMETXT       0D    122
     128    1764       0       0       1       0       0       000010000D    123
     128       0      -1     121       8       0       0 TrimSrf       0D    124
     126    1885       0       0       1       0       0       000010500D    125
     126       0      -1       8       0       0       0 TrimBnd       1D    126
     126    1893       0       0       1       0       0       000010500D    127
     126       0      -1       7       1       0       0 TrimBnd       2D    128
     126    1900       0       0       1       0       0       000010500D    129
     126       0      -1       8       1       0       0 TrimBnd       3D    130
     126    1908       0       0       1       0       0       000010500D    131
     126       0      -1       9       1       0       0 TrimBnd       4D    132
     102    1917       0       0       1       0       0       000010500D    133
     102       0      -1       1       0       0       02D CURVE       0D    134
     126    1918       0       0       1       0       0       000010000D    135
     126       0      -1       9       1       0       0 TrimBnd       1D    136
     126    1927       0       0       1       0       0       000010000D    137
     126       0      -1      77       0       0       0 TrimBnd       2D    138
     126    2004       0       0       1       0       0       000010000D    139
     126       0      -1       5       1       0       0 TrimBnd       3D    140
     126    2009       0       0       1       0       0       000010000D    141
     126       0      -1      77       0       0       0 TrimBnd       4D    142
     102    2086       0       0       1       0       0       000010000D    143
     102       0      -1       1       0       0       03D CURVE       0D    144
     142    2087       0       0       1       0       0       000010000D    145
     142       0      -1       1       0       0       0 TrimBnd       1D    146
     144    2088       0       0       1       0       0       000000000D    147
     144       0      -1       1       0       0       0 TrimSrf       0D    148
     406    2089       0       0       0       0       0       000010300D    149
     406       0       0       1      15       0       0 NAMETXT       0D    150
     128    2090       0       0       1       0       0       000010000D    151
     128       0      -1     121       8       0       0 TrimSrf       0D    152
     126    2211       0       0       1       0       0       000010500D    153
     126       0      -1      12       0       0       0 TrimBnd       1D    154
     126    2223       0       0       1       0       0       000010500D    155
     126       0      -1       7       1       0       0 TrimBnd       2D    156
     126    2230       0       0       1       0       0       000010500D    157
     126       0      -1       7       1       0       0 TrimBnd       3D    158
     126    2237       0       0       1       0       0       000010500D    159
     126       0      -1       9       1       0       0 TrimBnd       4D    160
     102    2246       0       0       1       0       0       000010500D    161
     102       0      -1       1       0       0       02D CURVE       0D    162
     126    2247       0       0       1       0       0       000010000D    163
     126       0      -1      10       1       0       0 TrimBnd       1D    164
     126    2257       0       0       1       0       0       000010000D    165
     126       0      -1      75       0       0       0 TrimBnd       2D    166
     126    2332       0       0       1       0       0       000010000D    167
     126       0      -1       4       1       0       0 TrimBnd       3D    168
     126    2336       0       0       1       0       0       000010000D    169
     126       0      -1      78       0       0       0 TrimBnd       4D    170
     102    2414       0       0       1       0       0       000010000D    171
     102       0      -1       1       0       0       03D CURVE       0D    172
     142    2415       0       0       1       0       0       000010000D    173
     142       0      -1       1       0       0       0 TrimBnd       1D    174
     144    2416       0       0       1       0       0       000000000D    175
     144       0      -1       1       0       0       0 TrimSrf       0D    176
     406    2417       0       0       0       0       0       000010300D    177
     406       0       0       1      15       0       0 NAMETXT       0D    178
     128    2418       0       0       1       0       0       000010000D    179
     128       0      -1     120       8       0       0 TrimSrf       0D    180
     126    2538       0       0       1       0       0       000010500D    181
     126       0      -1      16       0       0       0 TrimBnd       1D    182
     126    2554       0       0       1       0       0       000010500D    183
     126       0      -1       7       1       0       0 TrimBnd       2D    184
     126    2561       0       0       1       0       0       000010500D    185
     126       0      -1       8       1       0       0 TrimBnd       3D    186
     126    2569       0       0       1       0       0       000010500D    187
     126       0      -1       9       1       0       0 TrimBnd       4D    188
     102    2578       0       0       1       0       0       000010500D    189
     102       0      -1       1       0       0       02D CURVE       0D    190
     126    2579       0       0       1       0       0       000010000D    191
     126       0      -1      12       0       0       0 TrimBnd       1D    192
     126    2591       0       0       1       0       0       000010000D    193
     126       0      -1      74       0       0       0 TrimBnd       2D    194
     126    2665       0       0       1       0       0       000010000D    195
     126       0      -1       4       1       0       0 TrimBnd       3D    196
     126    2669       0       0       1       0       0       000010000D    197
     126       0      -1      76       0       0       0 TrimBnd       4D    198
     102    2745       0       0       1       0       0       000010000D    199
     102       0      -1       1       0       0       03D CURVE       0D    200
     142    2746       0       0       1       0       0       000010000D    201
     142       0      -1       1       0       0       0 TrimBnd       1D    202
     144    2747       0       0       1       0       0       000000000D    203
     144       0      -1       1       0       0       0 TrimSrf       0D    204
     406    2748       0       0       0       0       0       000010300D    205
     406       0       0       1      15       0       0 NAMETXT       0D    206
     128    2749       0       0       1       0       0       000010000D    207
     128       0      -1      94       8       0       0 TrimSrf       0D    208
     126    2843       0       0       1       0       0       000010500D    209
     126       0      -1      31       0       0       0 TrimBnd       1D    210
     126    2874       0       0       1       0       0       000010500D    211
     126       0      -1       7       1       0       0 TrimBnd       2D    212
     126    2881       0       0       1       0       0       000010500D    213
     126       0      -1       7       1       0       0 TrimBnd       3D    214
     102    2888       0       0       1       0       0       000010500D    215
     102       0      -1       1       0       0       02D CURVE       0D    216
     126    2889       0       0       1       0       0       000010000D    217
     126       0      -1      38       0       0       0 TrimBnd       1D    218
     126    2927       0       0       1       0       0       000010000D    219
     126       0      -1       5       1       0       0 TrimBnd       2D    220
     126    2932       0       0       1       0       0       000010000D    221
     126       0      -1      74       0       0       0 TrimBnd       3D    222
     102    3006       0       0       1       0       0       000010000D    223
     102       0      -1       1       0       0       03D CURVE       0D    224
     142    3007       0       0       1       0       0       000010000D    225
     142       0      -1       1       0       0       0 TrimBnd       1D    226
     144    3008       0       0       1       0       0       000000000D    227
     144       0      -1       1       0       0       0 TrimSrf       0D    228
314,0.0,0.0,0.0,20HRGB(   0,   0,   0 );                         0000001P      1
406,2,1,7HDefault;                                               0000003P      2
406,1,7HTrimSrf;                                                 0000005P      3
128,41,2,3,2,0,0,0,0,0,0.0D0,0.0D0,0.0D0,0.0D0,                  0000007P      4
0.02550847755185203D0,0.05101695510370406D0,                     0000007P      5
0.07652546854240325D0,0.08927972526175285D0,                     0000007P      6
0.1020339819811025D0,0.1275412708304138D0,0.1402949152550695D0,  0000007P      7
0.1530485596797252D0,0.1785543551142341D0,0.1913072528314885D0,  0000007P      8
0.2040601505487429D0,0.229562619452298D0,0.2423138539040755D0,   0000007P      9
0.2550650883558531D0,0.2799455891544468D0,0.3048260899530406D0,  0000007P     10
0.3054360219761192D0,0.3060459539991978D0,0.3277639139330935D0,  0000007P     11
0.3494818738669891D0,0.3532428784625561D0,0.357003883058123D0,   0000007P     12
0.3643740361077805D0,0.371744189157438D0,0.3829078961690652D0,   0000007P     13
0.3901344023822529D0,0.3962251301572541D0,0.4072615746407227D0,  0000007P     14
0.4178072116299581D0,0.4387784804912575D0,0.4597173912594563D0,  0000007P     15
0.4701449983772423D0,0.4806644844171344D0,0.4911865016115391D0,  0000007P     16
0.5016204604470874D0,0.5120558460708852D0,0.5225811251689387D0,  0000007P     17
0.533107994345759D0,0.5435450538474432D0,0.5435450538474432D0,   0000007P     18
0.5435450538474432D0,0.5435450538474432D0,0.0D0,0.0D0,0.0D0,     0000007P     19
0.5D0,0.5D0,0.5D0,1.0D0,1.0D0,1.0D0,1.0D0,1.0D0,                 0000007P     20
0.9999999999999998D0,1.0D0,0.9999999999999993D0,                 0000007P     21
0.9999999999999992D0,1.0D0,0.9999999999999997D0,1.0D0,1.0D0,     0000007P     22
0.9999999999999998D0,0.9999999999999994D0,1.0D0,                 0000007P     23
0.9999999999999978D0,1.000000000000002D0,0.9999999999999999D0,   0000007P     24
1.0D0,1.000000000000001D0,0.9999999999999996D0,                  0000007P     25
0.9999999999999998D0,1.0D0,1.000000000000001D0,                  0000007P     26
0.9999999999999983D0,0.9999999999999996D0,0.9999999999999984D0,  0000007P     27
0.9999999999999992D0,0.9999999999999974D0,0.9999999999999979D0,  0000007P     28
0.9999999999999976D0,1.000000000000003D0,0.9999999999999968D0,   0000007P     29
1.000000000000002D0,0.9999999999999989D0,1.000000000000002D0,    0000007P     30
1.000000000000001D0,1.000000000000001D0,1.000000000000002D0,     0000007P     31
1.000000000000002D0,1.0D0,0.9784647490585278D0,                  0000007P     32
0.976500923728246D0,0.9741771344447248D0,0.9712388892567279D0,   0000007P     33
0.9686632354489879D0,0.9656231767613885D0,0.9618068870608851D0,  0000007P     34
0.9583810767160138D0,0.9543359543291946D0,0.9492670836050007D0,  0000007P     35
0.9444511728933523D0,0.938718454125721D0,0.9314504044985434D0,   0000007P     36
0.9239698123477338D0,0.9148772326268522D0,0.9266005839908954D0,  0000007P     37
0.9365661104829707D0,0.9189310413642332D0,0.8945319289977067D0,  0000007P     38
0.9078102549182197D0,0.8962080858226315D0,0.8568870526815319D0,  0000007P     39
0.8035547153649477D0,0.8261139699792216D0,0.8364159631702845D0,  0000007P     40
0.7970616997887331D0,0.7557908328258325D0,0.7489547277190718D0,  0000007P     41
0.7622398551542734D0,0.7922604329702543D0,0.8399442244345806D0,  0000007P     42
0.8883231625404125D0,0.9213993660107159D0,0.9415121048737056D0,  0000007P     43
0.9536409857235083D0,0.963381067907097D0,0.9709074983918651D0,   0000007P     44
0.9765609983120123D0,0.9804791611214166D0,0.9827848380304547D0,  0000007P     45
0.9832906067659971D0,0.9832906857917615D0,0.9784647490585278D0,  0000007P     46
0.976500923728246D0,0.9741771344447248D0,0.9712388892567279D0,   0000007P     47
0.9686632354489879D0,0.9656231767613885D0,0.9618068870608851D0,  0000007P     48
0.9583810767160138D0,0.9543359543291946D0,0.9492670836050007D0,  0000007P     49
0.9444511728933523D0,0.938718454125721D0,0.9314504044985434D0,   0000007P     50
0.9239698123477338D0,0.9148772326268522D0,0.9514793786830319D0,  0000007P     51
0.9856075671008049D0,0.9670490720034217D0,0.9413723477339623D0,  0000007P     52
0.9703762993129481D0,0.9723662483856249D0,0.9297037840730403D0,  0000007P     53
0.8718393599794299D0,0.9315450992939018D0,0.9762807448714923D0,  0000007P     54
0.9303456942988289D0,0.882173547288012D0,0.8741943143709935D0,   0000007P     55
0.8897009697664631D0,0.9247415636362522D0,0.9803989990498942D0,  0000007P     56
1.03686782294827D0,1.075475001652887D0,1.098950975980469D0,      0000007P     57
1.113108038198197D0,1.124476848823548D0,1.13326184275413D0,      0000007P     58
1.139860716228821D0,1.144434070964417D0,1.147125301248517D0,     0000007P     59
1.147715644211361D0,1.147715736451748D0,0.8418369999999999D0,    0000007P     60
-0.1745621227226676D0,0.00145160139728411D0,0.858843423962522D0, 0000007P     61
-0.1745212950229992D0,0.001516267030640733D0,                    0000007P     62
0.8758500308315106D0,-0.174472774741481D0,                       0000007P     63
0.001588439162428117D0,0.8928570000000001D0,                     0000007P     64
-0.1744107474419202D0,0.001671343690846877D0,                    0000007P     65
0.9098636886050635D0,-0.1743563187149632D0,                      0000007P     66
0.001743896419038998D0,0.9268706144196768D0,                     0000007P     67
-0.1742916993083633D0,0.001824605147893643D0,                    0000007P     68
0.9438779999999998D0,-0.1742093383642688D0,                      0000007P     69
0.001916621864604123D0,0.9608842410125306D0,                     0000007P     70
-0.174135362007811D0,0.001999086877091396D0,                     0000007P     71
0.9778908078704387D0,-0.1740473177662643D0,                      0000007P     72
0.002090673127318788D0,0.9948979999999998D0,                     0000007P     73
-0.1739346049157157D0,0.002194517875062544D0,                    0000007P     74
1.011903974836208D0,-0.1738274852367897D0,                       0000007P     75
0.002292995715557113D0,1.028910474491089D0,                      0000007P     76
-0.1736985882683561D0,0.002402662055361835D0,1.045918D0,         0000007P     77
-0.1735296810817656D0,0.002526866609420845D0,                    0000007P     78
1.062923529060146D0,-0.1733556460259535D0,                       0000007P     79
0.002654364235818057D0,1.079930149882791D0,                      0000007P     80
-0.1731410654828246D0,0.002797681284420809D0,1.096939D0,         0000007P     81
-0.1728420468927964D0,0.002960126379655861D0,                    0000007P     82
1.113534726952509D0,-0.1725137124474785D0,                       0000007P     83
0.003136458187319517D0,1.130540493270203D0,                      0000007P     84
-0.1720854925976491D0,0.003342270351009073D0,                    0000007P     85
1.147551952891642D0,-0.171397828509673D0,0.003570533554071962D0, 0000007P     86
1.147959D0,-0.1713810558263357D0,0.00357584314830406D0,          0000007P     87
1.162455395147471D0,-0.1706479614206364D0,0.00380488998967972D0, 0000007P     88
1.179489347938214D0,-0.1695986243857854D0,                       0000007P     89
0.004107596643707115D0,1.196478378372639D0,                      0000007P     90
-0.1671613649333775D0,0.004383864438850588D0,1.19898D0,          0000007P     91
-0.1667431527839092D0,0.004420796911404968D0,                    0000007P     92
1.203878872758093D0,-0.1657409549688584D0,                       0000007P     93
0.004511234519053293D0,1.212465941209461D0,                      0000007P     94
-0.1635980518464244D0,0.004663258680969602D0,1.2228470157338D0,  0000007P     95
-0.158381610860163D0,0.004778431535622348D0,1.229196546540733D0, 0000007P     96
-0.1524863996857163D0,0.004794872713423719D0,                    0000007P     97
1.234026605839613D0,-0.1454373159577088D0,0.00476135827918373D0, 0000007P     98
1.237595390555419D0,-0.1365426976443871D0,                       0000007P     99
0.004673825166761273D0,1.24092690413616D0,-0.1224576808991561D0, 0000007P    100
0.004500734419419887D0,1.243078624608113D0,                      0000007P    101
-0.1049215718172689D0,0.004273692144300874D0,                    0000007P    102
1.244270139012639D0,-0.08744283265232619D0,                      0000007P    103
0.00407980740422658D0,1.244912011653532D0,                       0000007P    104
-0.07345109950249787D0,0.003950507337794252D0,                   0000007P    105
1.245287239667671D0,-0.06294678830252484D0,                      0000007P    106
0.003867001481084171D0,1.245569622707245D0,                      0000007P    107
-0.05243938505837624D0,0.003797034194525358D0,                   0000007P    108
1.245784706133635D0,-0.04196393285667074D0,                      0000007P    109
0.003740532503314144D0,1.245940493770699D0,                      0000007P    110
-0.03148764058252225D0,0.003696952864816645D0,                   0000007P    111
1.246047738782524D0,-0.0209819558683076D0,                       0000007P    112
0.003665984011519696D0,1.24610957626752D0,                       0000007P    113
-0.01047604683592947D0,0.003647545222793373D0,                   0000007P    114
1.24612334052775D0,-0.003482066227642358D0,                      0000007P    115
0.003643447082368425D0,1.246123275951895D0,0.0D0,                0000007P    116
0.003643451942505079D0,0.8418372678263149D0,                     0000007P    117
-0.1747774760505552D0,0.000741775009617776D0,                    0000007P    118
0.8588769907317235D0,-0.1747562467810344D0,                      0000007P    119
0.0007763776734827031D0,0.875900799314305D0,                     0000007P    120
-0.1747309098766696D0,0.0008152722468358309D0,                   0000007P    121
0.8928575184090513D0,-0.1746983585680333D0,                      0000007P    122
0.0008604184353277945D0,0.9099083119458603D0,                    0000007P    123
-0.174669617401452D0,0.0009001562137994944D0,                    0000007P    124
0.9269374131105089D0,-0.1746353013271743D0,                      0000007P    125
0.0009447811427209031D0,0.9438789420468856D0,                    0000007P    126
-0.174591268489641D0,0.0009963652217448193D0,                    0000007P    127
0.9609445661183846D0,-0.1745514237216193D0,                      0000007P    128
0.001042949819958348D0,0.9779809937746075D0,                     0000007P    129
-0.1745036444314647D0,0.001095354963143863D0,                    0000007P    130
0.994899803524283D0,-0.1744419308836716D0,                       0000007P    131
0.001155901175214283D0,1.011990462909012D0,                      0000007P    132
-0.1743827091217659D0,0.001213930170972037D0,                    0000007P    133
1.029042587646278D0,-0.1743106971612195D0,                       0000007P    134
0.001279756563018153D0,1.045921932638132D0,                      0000007P    135
-0.1742151657519598D0,0.001356415004608359D0,                    0000007P    136
1.063061525238573D0,-0.1741152885510897D0,                       0000007P    137
0.001436391157894082D0,1.080153797071384D0,                      0000007P    138
-0.1739901055139459D0,0.001528992801392781D0,                    0000007P    139
1.096949880211138D0,-0.1738123887445516D0,                       0000007P    140
0.001639124082908764D0,1.113781837620718D0,                      0000007P    141
-0.1736121411117706D0,0.001762124665776501D0,                    0000007P    142
1.130991529474294D0,-0.1733428340859534D0,0.00191379009893939D0, 0000007P    143
1.147593480074513D0,-0.1728969839890052D0,                       0000007P    144
0.002100259068383542D0,1.148003942360167D0,                      0000007P    145
-0.1728856202170648D0,0.002104733007480218D0,                    0000007P    146
1.162937581516689D0,-0.1723837304830949D0,                       0000007P    147
0.002303161266815045D0,1.180500216623996D0,                      0000007P    148
-0.1716156777485253D0,0.002600488905110919D0,                    0000007P    149
1.196821943675078D0,-0.1697303481664652D0,                       0000007P    150
0.002959598028000652D0,1.199378601424777D0,                      0000007P    151
-0.1693769556608005D0,0.00301300154935133D0,1.204568190061166D0, 0000007P    152
-0.1685038549023688D0,0.003147715746963658D0,                    0000007P    153
1.213641197589785D0,-0.1665650366423892D0,0.00341444391253217D0, 0000007P    154
1.224814630023918D0,-0.1613678978614854D0,0.00368982834457159D0, 0000007P    155
1.231942907146729D0,-0.1548434500077202D0,                       0000007P    156
0.003736318856106492D0,1.237153966093959D0,                      0000007P    157
-0.1470039787540745D0,0.003645537957446801D0,                    0000007P    158
1.240660388921534D0,-0.1375416625573691D0,                       0000007P    159
0.003442919838827325D0,1.243662586507543D0,                      0000007P    160
-0.1231442726089712D0,0.003127197814201114D0,                    0000007P    161
1.245439328193146D0,-0.1054697691550473D0,                       0000007P    162
0.002807725611998994D0,1.246369112929304D0,                      0000007P    163
-0.08766560165631079D0,0.00258412886999534D0,                    0000007P    164
1.246843564658182D0,-0.07356212540938466D0,                      0000007P    165
0.002448777803977446D0,1.247115661619229D0,                      0000007P    166
-0.06302400364441883D0,0.002366529081718316D0,                   0000007P    167
1.247315295344533D0,-0.05250108607567321D0,                      0000007P    168
0.002300217038794106D0,1.247466151180467D0,                      0000007P    169
-0.04200671357962264D0,0.002248422864526747D0,                   0000007P    170
1.247573751295108D0,-0.03151926655422665D0,                      0000007P    171
0.002209362372410237D0,1.247647519703483D0,                      0000007P    172
-0.02100137664037148D0,0.0021820998235058D0,1.247689685998026D0, 0000007P    173
-0.01048594145200996D0,0.002166030923801421D0,                   0000007P    174
1.247699120951636D0,-0.003483308725028964D0,                     0000007P    175
0.002162484439446561D0,1.247699059553557D0,                      0000007P    176
-5.782786818745109D-10,0.002162487150273096D0,                   0000007P    177
0.8418372678263149D0,-0.1747774760505553D0,                      0000007P    178
1.550459422590396D-15,0.8588769907317315D0,                      0000007P    179
-0.1747562467810343D0,-2.982802233572588D-15,                    0000007P    180
0.8759007993143066D0,-0.1747309098766695D0,                      0000007P    181
7.578575222614147D-16,0.8928575184090513D0,                      0000007P    182
-0.1746983585680333D0,3.697771718250166D-16,                     0000007P    183
0.9099083119457236D0,-0.174669617409183D0,4.182299095298732D-11, 0000007P    184
0.9269374131105476D0,-0.1746353013250142D0,                      0000007P    185
-1.111245684777606D-11,0.9438789420468857D0,                     0000007P    186
-0.174591268489641D0,7.146800325544939D-17,0.9609445661188788D0, 0000007P    187
-0.1745514236924938D0,-1.337540475499643D-10,                    0000007P    188
0.9779809937741388D0,-0.1745036444583745D0,                      0000007P    189
1.206258752574426D-10,0.994899803524283D0,-0.1744419308836716D0, 0000007P    190
-3.289382209377815D-17,1.011990462909734D0,                      0000007P    191
-0.1743827090814496D0,-1.682052565192485D-10,                    0000007P    192
1.029042587645605D0,-0.1743106971979656D0,1.504117383216835D-10, 0000007P    193
1.045921932638132D0,-0.1742151657519598D0,                       0000007P    194
-1.478271685112295D-16,1.063061525239234D0,-0.174115288522675D0, 0000007P    195
-9.836107208225559D-11,1.080153797070515D0,                      0000007P    196
-0.1739901055501495D0,1.216440137209802D-10,1.096949894772975D0, 0000007P    197
-0.1738123885814336D0,-1.185160176991809D-19,                    0000007P    198
1.113781837623481D0,-0.1736121410354756D0,                       0000007P    199
-1.950178411831036D-10,1.130991529468459D0,                      0000007P    200
-0.1733428342482948D0,4.178906991451103D-10,1.147593480074224D0, 0000007P    201
-0.1728969839958175D0,1.496916104202808D-11,1.148003999380451D0, 0000007P    202
-0.1728856185162084D0,6.019048485933139D-18,1.162937581495195D0, 0000007P    203
-0.172383730839778D0,6.525452508011282D-10,1.180500216690717D0,  0000007P    204
-0.1716156766193929D0,-2.121472193961994D-09,                    0000007P    205
1.196821943659654D0,-0.1697303484239067D0,4.761788898557074D-10, 0000007P    206
1.199379978937193D0,-0.1693767479382511D0,1.96512038096345D-17,  0000007P    207
1.204568190061509D0,-0.1685038548983168D0,                       0000007P    208
-5.599249122039459D-12,1.213641197588765D0,                      0000007P    209
-0.1665650366542101D0,1.587456782416258D-11,1.224814630024385D0, 0000007P    210
-0.1613678978560928D0,-6.907154779619285D-12,                    0000007P    211
1.231942907146577D0,-0.1548434500094821D0,2.29031508388462D-12,  0000007P    212
1.237153966094035D0,-0.1470039787531752D0,                       0000007P    213
-1.120599319005612D-12,1.240660388921504D0,                      0000007P    214
-0.1375416625577241D0,4.574146859755521D-13,1.24366258650756D0,  0000007P    215
-0.1231442726087787D0,-2.446413109406315D-13,                    0000007P    216
1.245439328193134D0,-0.1054697691551784D0,1.687257224044545D-13, 0000007P    217
1.24636911292931D0,-0.0876656016562443D0,-8.550725494723515D-14, 0000007P    218
1.24684356465818D0,-0.07356212540941837D0,4.3439143416644D-14,   0000007P    219
1.247115661619231D0,-0.0630240036443967D0,                       0000007P    220
-2.841934776519215D-14,1.247315295344532D0,                      0000007P    221
-0.05250108607568537D0,1.540923578518383D-14,                    0000007P    222
1.247466151180467D0,-0.04200671357961609D0,                      0000007P    223
-7.452572227817894D-15,1.247573751295108D0,                      0000007P    224
-0.03151926655423024D0,6.208151179997346D-15,                    0000007P    225
1.247647519703484D0,-0.0210013766403694D0,                       0000007P    226
-1.760639841974532D-15,1.247689685998026D0,                      0000007P    227
-0.01048594145201135D0,3.318194215733993D-15,                    0000007P    228
1.247699120951636D0,-0.003483308725028562D0,                     0000007P    229
-2.535403116989411D-16,1.247699059553557D0,                      0000007P    230
-5.78278681874511D-10,2.657668535941283D-16,0.0D0,               0000007P    231
0.5435450538474432D0,0.0D0,0.5D0,0,1,5;                          0000007P    232
406,1,7HTrimSrf;                                                 0000009P    233
128,1,51,1,3,0,0,1,0,0,0.0D0,0.0D0,0.05200641269112884D0,        0000011P    234
0.05200641269112884D0,-49.0D0,-49.0D0,-49.0D0,-49.0D0,-48.0D0,   0000011P    235
-47.0D0,-46.0D0,-45.0D0,-44.0D0,-43.0D0,-42.0D0,-41.0D0,-40.0D0, 0000011P    236
-39.0D0,-38.0D0,-37.0D0,-36.0D0,-35.0D0,-34.0D0,-33.0D0,-32.0D0, 0000011P    237
-31.0D0,-30.0D0,-29.0D0,-28.0D0,-27.0D0,-26.0D0,-25.0D0,-24.0D0, 0000011P    238
-23.0D0,-22.0D0,-21.0D0,-20.0D0,-19.0D0,-18.0D0,-17.0D0,-16.0D0, 0000011P    239
-15.0D0,-14.0D0,-13.0D0,-12.0D0,-11.0D0,-10.0D0,-9.0D0,-8.0D0,   0000011P    240
-7.0D0,-6.0D0,-5.0D0,-4.0D0,-3.0D0,-2.0D0,-1.0D0,-0.0D0,-0.0D0,  0000011P    241
-0.0D0,-0.0D0,1.0D0,1.0D0,1.0D0,1.0D0,1.0D0,1.0D0,1.0D0,1.0D0,   0000011P    242
1.0D0,1.0D0,1.0D0,1.0D0,1.0D0,1.0D0,1.0D0,1.0D0,1.0D0,1.0D0,     0000011P    243
1.0D0,1.0D0,1.0D0,1.0D0,1.0D0,1.0D0,1.0D0,1.0D0,1.0D0,1.0D0,     0000011P    244
1.0D0,1.0D0,1.0D0,1.0D0,1.0D0,1.0D0,1.0D0,1.0D0,1.0D0,1.0D0,     0000011P    245
1.0D0,1.0D0,1.0D0,1.0D0,1.0D0,1.0D0,1.0D0,1.0D0,1.0D0,1.0D0,     0000011P    246
1.0D0,1.0D0,1.0D0,1.0D0,1.0D0,1.0D0,1.0D0,1.0D0,1.0D0,1.0D0,     0000011P    247
1.0D0,1.0D0,1.0D0,1.0D0,1.0D0,1.0D0,1.0D0,1.0D0,1.0D0,1.0D0,     0000011P    248
1.0D0,1.0D0,1.0D0,1.0D0,1.0D0,1.0D0,1.0D0,1.0D0,1.0D0,1.0D0,     0000011P    249
1.0D0,1.0D0,1.0D0,1.0D0,1.0D0,1.0D0,1.0D0,1.0D0,1.0D0,1.0D0,     0000011P    250
1.0D0,1.0D0,1.0D0,1.0D0,1.0D0,1.0D0,1.0D0,1.0D0,1.0D0,1.0D0,     0000011P    251
1.0D0,1.0D0,1.0D0,1.0D0,1.0D0,1.0D0,0.892857D0,0.0D0,0.191808D0, 0000011P    252
0.8418369999999999D0,0.0D0,0.201889D0,0.892857D0,                0000011P    253
-0.001190588879195384D0,0.1918079018920469D0,                    0000011P    254
0.8418369999999999D0,-0.001190595805969611D0,                    0000011P    255
0.201888733069265D0,0.892857D0,-0.0035704589493362D0,            0000011P    256
0.1917587853826746D0,0.8418370000000001D0,                       0000011P    257
-0.003570455734609094D0,0.2018388208526815D0,                    0000011P    258
0.8928570000000001D0,-0.007143510358530224D0,                    0000011P    259
0.1915363983225686D0,0.8418370000000001D0,                       0000011P    260
-0.007143511219913756D0,0.2016150274117173D0,0.892857D0,         0000011P    261
-0.01071349961654291D0,0.1911676213270512D0,                     0000011P    262
0.8418370000000001D0,-0.01071349938573589D0,                     0000011P    263
0.2012410695004492D0,0.8928570000000001D0,                       0000011P    264
-0.01428649117529815D0,0.1906511163692267D0,                     0000011P    265
0.8418370000000001D0,-0.0142864912371427D0,0.2007166945864863D0, 0000011P    266
0.892857D0,-0.01785653568226451D0,0.1899839131960421D0,          0000011P    267
0.8418370000000001D0,-0.01785653566569331D0,                     0000011P    268
0.2000441521536058D0,0.8928570000000001D0,                       0000011P    269
-0.02142936609564382D0,0.1891732308466049D0,                     0000011P    270
0.8418370000000001D0,-0.02142936610008406D0,                     0000011P    271
0.1992206967990907D0,0.892857D0,-0.02499999993516024D0,          0000011P    272
0.1882111634175387D0,0.8418370000000001D0,                       0000011P    273
-0.02499999993397049D0,0.1982490606500315D0,                     0000011P    274
0.8928570000000001D0,-0.02857063416371523D0,                     0000011P    275
0.1871041154832404D0,0.8418370000000001D0,                       0000011P    276
-0.02857063416403402D0,0.1971270606007834D0,0.892857D0,          0000011P    277
-0.03214346340997886D0,0.1858463746494998D0,                     0000011P    278
0.8418370000000001D0,-0.03214346340989344D0,                     0000011P    279
0.1958546969468348D0,0.8928570000000001D0,                       0000011P    280
-0.03571351219636934D0,0.1844423859187604D0,                     0000011P    281
0.8418370000000001D0,-0.03571351219639223D0,                     0000011P    282
0.1944341516118773D0,0.892857D0,-0.03928648780454382D0,          0000011P    283
0.1828920816754588D0,0.8418370000000001D0,                       0000011P    284
-0.03928648780453769D0,0.1928626966056561D0,                     0000011P    285
0.8928570000000001D0,-0.04285653658545541D0,                     0000011P    286
0.1811912873794047D0,0.8418370000000001D0,                       0000011P    287
-0.04285653658545705D0,0.1911430619654985D0,0.892857D0,          0000011P    288
-0.04642936585363454D0,0.1793447688069226D0,                     0000011P    289
0.8418370000000001D0,-0.0464293658536341D0,0.1892730555323502D0, 0000011P    290
0.8928570000000001D0,-0.05000000000000645D0,                     0000011P    291
0.1773496373929053D0,0.8418370000000001D0,                       0000011P    292
-0.05000000000000657D0,0.1872527159051009D0,0.892857D0,          0000011P    293
-0.05357063414633975D0,0.1752066816214563D0,                     0000011P    294
0.8418370000000001D0,-0.05357063414633972D0,                     0000011P    295
0.1850840808472465D0,0.8928570000000001D0,-0.0571434634146346D0, 0000011P    296
0.1729156361212695D0,0.8418370000000001D0,                       0000011P    297
-0.05714346341463461D0,0.1827649607059134D0,0.892857D0,          0000011P    298
-0.06071351219512183D0,0.170476773893466D0,0.8418370000000001D0, 0000011P    299
-0.06071351219512183D0,0.1802960763291003D0,                     0000011P    300
0.8928570000000001D0,-0.06428648780487808D0,                     0000011P    301
0.1678892683048667D0,0.8418370000000001D0,                       0000011P    302
-0.06428648780487808D0,0.1776767339776857D0,0.892857D0,          0000011P    303
-0.06785653658536585D0,0.1651561528870672D0,                     0000011P    304
0.8418370000000001D0,-0.06785653658536585D0,                     0000011P    305
0.1749089877601571D0,0.8928570000000001D0,                       0000011P    306
-0.07142936585365856D0,0.1622721201468647D0,                     0000011P    307
0.8418370000000001D0,-0.07142936585365856D0,                     0000011P    308
0.1719913149816859D0,0.892857D0,-0.075D0,0.1592433665254744D0,   0000011P    309
0.8418370000000001D0,-0.075D0,0.1689217523130994D0,              0000011P    310
0.8928570000000001D0,-0.07857063414634148D0,                     0000011P    311
0.1560624137512379D0,0.8418370000000001D0,                       0000011P    312
-0.07857063414634148D0,0.1657036757659166D0,0.892857D0,          0000011P    313
-0.08214346341463415D0,0.1527349784695741D0,                     0000011P    314
0.8418370000000001D0,-0.08214346341463415D0,                     0000011P    315
0.1623315446232344D0,0.8928570000000001D0,                       0000011P    316
-0.08571351219512194D0,0.1492576723704658D0,                     0000011P    317
0.8418370000000001D0,-0.08571351219512194D0,                     0000011P    318
0.1588121457411462D0,0.892857D0,-0.08928648780487808D0,          0000011P    319
0.1456323320485629D0,0.8418370000000001D0,                       0000011P    320
-0.08928648780487808D0,0.1551358724121812D0,                     0000011P    321
0.8928570000000001D0,-0.09285653658536584D0,                     0000011P    322
0.1418549994352825D0,0.8418370000000001D0,                       0000011P    323
-0.09285653658536584D0,0.1513103646101293D0,0.892857D0,          0000011P    324
-0.09642936585365856D0,0.1379276702103072D0,                     0000011P    325
0.8418370000000001D0,-0.09642936585365856D0,                     0000011P    326
0.1473266691473018D0,0.8928570000000001D0,                       0000011P    327
-0.09999999999999995D0,0.1338463197234887D0,                     0000011P    328
0.8418370000000001D0,-0.09999999999999995D0,                     0000011P    329
0.1431889588006637D0,0.892857D0,-0.1035706341463417D0,           0000011P    330
0.1296130508957379D0,0.8418370000000001D0,-0.1035706341463417D0, 0000011P    331
0.1388894956500437D0,0.8928570000000001D0,-0.1071434634146333D0, 0000011P    332
0.1252234766935597D0,0.8418370000000001D0,-0.1071434634146331D0, 0000011P    333
0.1344310585991614D0,0.892857D0,-0.1107135121951251D0,           0000011P    334
0.1206750423300233D0,0.8418370000000001D0,-0.110713512195126D0,  0000011P    335
0.1298042699533107D0,0.8928570000000001D0,-0.1142864878048665D0, 0000011P    336
0.1159643539863471D0,0.8418370000000001D0,-0.1142864878048631D0, 0000011P    337
0.1250078615875961D0,0.892857D0,-0.1178565365854091D0,           0000011P    338
0.1110895417245884D0,0.8418370000000001D0,-0.1178565365854216D0, 0000011P    339
0.1200322836963051D0,0.8928570000000001D0,-0.1214293658534973D0, 0000011P    340
0.1060434791152995D0,0.8418370000000001D0,-0.1214293658534507D0, 0000011P    341
0.1148750036271835D0,0.892857D0,-0.1250000000006019D0,           0000011P    342
0.1008205418142139D0,0.8418369999999998D0,-0.1250000000007756D0, 0000011P    343
0.109519701794961D0,0.892857D0,-0.1285706341440953D0,            0000011P    344
0.09541435362784509D0,0.8418370000000001D0,                      0000011P    345
-0.1285706341434469D0,0.1039621891929726D0,0.8928570000000001D0, 0000011P    346
-0.1321434634230169D0,0.08981404367440569D0,                     0000011P    347
0.8418370000000002D0,-0.1321434634254368D0,                      0000011P    348
0.09818154143314872D0,0.8928569999999998D0,                      0000011P    349
-0.1357135121638373D0,0.08400947167453218D0,                     0000011P    350
0.8418369999999999D0,-0.135713512154806D0,0.09216364507443263D0, 0000011P    351
0.8928570000000002D0,-0.1392864879216341D0,                      0000011P    352
0.07798606962746564D0,0.8418369999999999D0,                      0000011P    353
-0.1392864879553393D0,0.08588987826912073D0,0.892857D0,          0000011P    354
-0.1428565361496263D0,0.07172824981560524D0,                     0000011P    355
0.8418369999999999D0,-0.142856536023837D0,0.07932884184908456D0, 0000011P    356
0.8928570000000001D0,-0.1464293674798606D0,                      0000011P    357
0.06521693111011337D0,0.8418369999999999D0,                      0000011P    358
-0.1464293679493128D0,0.07245675433454103D0,0.892857D0,          0000011P    359
-0.1499999939309313D0,0.05843002574394142D0,                     0000011P    360
0.8418370000000001D0,-0.1499999921789121D0,                      0000011P    361
0.06523214081275133D0,0.8928570000000002D0,                      0000011P    362
-0.1535706567964143D0,0.05133696591412096D0,                     0000011P    363
0.8418369999999999D0,-0.1535706633350389D0,                      0000011P    364
0.05761668241445367D0,0.8928569999999999D0,                      0000011P    365
-0.1571433788834117D0,0.04390811059957479D0,                     0000011P    366
0.8418370000000002D0,-0.1571433544809323D0,                      0000011P    367
0.04955912952943404D0,0.8928570000000001D0,-0.160713827669939D0, 0000011P    368
0.03610059168757987D0,0.8418369999999997D0,                      0000011P    369
-0.1607139187412318D0,0.04099679946781016D0,                     0000011P    370
0.8928570000000001D0,-0.1642853104368324D0,                      0000011P    371
0.02788152265010575D0,0.8418370000000001D0,                      0000011P    372
-0.1642849705541404D0,0.03187167259932535D0,                     0000011P    373
0.8928570000000001D0,-0.1678609305827314D0,                      0000011P    374
0.01916731771199714D0,0.8418369999999998D0,                      0000011P    375
-0.1678621990422067D0,0.02206451013488846D0,0.892857D0,          0000011P    376
-0.171412967232242D0,0.00999520650190569D0,0.8418370000000002D0, 0000011P    377
-0.1714082332770329D0,0.01161828686112078D0,0.892857D0,          0000011P    378
-0.1738451227362811D0,0.0032956396875553D0,0.8418369999999999D0, 0000011P    379
-0.1738553229921188D0,0.00381699056745921D0,0.892857D0,-0.175D0, 0000011P    380
0.0D0,0.8418369999999999D0,-0.175D0,0.0D0,0.0D0,                 0000011P    381
0.05200641269112884D0,-49.0D0,-0.0D0,0,1,9;                      0000011P    382
126,3,3,1,0,1,0,0.0D0,0.0D0,0.0D0,0.0D0,0.05101695510370406D0,   0000013P    383
0.05101695510370406D0,0.05101695510370406D0,                     0000013P    384
0.05101695510370406D0,1.0D0,1.0D0,1.0D0,1.0D0,                   0000013P    385
0.05200641269112884D0,-0.1264678577581439D0,0.0D0,               0000013P    386
0.03330923133087853D0,-0.1387386086790447D0,0.0D0,               0000013P    387
0.01582973141391194D0,-0.152874051487592D0,0.0D0,0.0D0,          0000013P    388
-0.1686757479312758D0,0.0D0,0.0D0,0.05101695510370406D0,0.0D0,   0000013P    389
0.0D0,1.0D0,0,1,9;                                               0000013P    390
126,3,3,1,0,1,0,0.05101695510370406D0,0.05101695510370406D0,     0000015P    391
0.05101695510370406D0,0.05101695510370406D0,48.88234120717244D0, 0000015P    392
48.88234120717244D0,48.88234120717244D0,48.88234120717244D0,     0000015P    393
1.0D0,1.0D0,1.0D0,1.0D0,0.0D0,-0.1686757479312758D0,0.0D0,0.0D0, 0000015P    394
-16.44578383195418D0,0.0D0,0.0D0,-32.72289191597709D0,0.0D0,     0000015P    395
0.0D0,-49.0D0,0.0D0,0.05101695510370406D0,48.88234120717244D0,   0000015P    396
0.0D0,0.0D0,1.0D0,0,1,9;                                         0000015P    397
126,3,3,1,0,1,0,48.88234120717244D0,48.88234120717244D0,         0000017P    398
48.88234120717244D0,48.88234120717244D0,48.93434761986357D0,     0000017P    399
48.93434761986357D0,48.93434761986357D0,48.93434761986357D0,     0000017P    400
1.0D0,1.0D0,1.0D0,1.0D0,0.0D0,-49.0D0,0.0D0,                     0000017P    401
0.01733547089704295D0,-49.0D0,0.0D0,0.03467094179408589D0,       0000017P    402
-49.0D0,0.0D0,0.05200641269112884D0,-49.0D0,0.0D0,               0000017P    403
48.88234120717244D0,48.93434761986357D0,0.0D0,0.0D0,1.0D0,0,1,9; 0000017P    404
126,3,3,1,0,1,0,48.93434761986357D0,48.93434761986357D0,         0000019P    405
48.93434761986357D0,48.93434761986357D0,97.80787976210542D0,     0000019P    406
97.80787976210542D0,97.80787976210542D0,97.80787976210542D0,     0000019P    407
1.0D0,1.0D0,1.0D0,1.0D0,0.05200641269112884D0,-49.0D0,0.0D0,     0000019P    408
0.05200641269112884D0,-32.70882261925271D0,0.0D0,                0000019P    409
0.05200641269112884D0,-16.41764523850543D0,0.0D0,                0000019P    410
0.05200641269112884D0,-0.1264678577581439D0,0.0D0,               0000019P    411
48.93434761986357D0,97.80787976210542D0,0.0D0,0.0D0,1.0D0,0,1,9; 0000019P    412
102,4,13,15,17,19,0,1,9;                                         0000021P    413
126,3,3,1,0,1,0,0.0D0,0.0D0,0.0D0,0.0D0,0.05101695510370406D0,   0000023P    414
0.05101695510370406D0,0.05101695510370406D0,                     0000023P    415
0.05101695510370406D0,1.0D0,1.0D0,1.0D0,1.0D0,                   0000023P    416
0.8418369999999999D0,-0.1745621227226676D0,                      0000023P    417
0.00145160139728411D0,0.8588434239625222D0,                      0000023P    418
-0.1745212950229992D0,0.001516267030640734D0,                    0000023P    419
0.8758500308315106D0,-0.174472774741481D0,                       0000023P    420
0.001588439162428117D0,0.892857D0,-0.1744107475513104D0,         0000023P    421
0.00167134338241998D0,0.0D0,0.05101695510370406D0,               0000023P    422
-0.003802396436929127D0,0.0D0,0.9999927708645382D0,0,1,9;        0000023P    423
126,51,3,1,0,1,0,0.05101695510370406D0,0.05101695510370406D0,    0000025P    424
0.05101695510370406D0,0.05101695510370406D0,                     0000025P    425
0.8823412071724295D0,1.882341207172429D0,2.882341207172429D0,    0000025P    426
3.882341207172429D0,4.88234120717243D0,5.88234120717243D0,       0000025P    427
6.88234120717243D0,7.88234120717243D0,8.882341207172429D0,       0000025P    428
9.882341207172429D0,10.88234120717243D0,11.88234120717243D0,     0000025P    429
12.88234120717243D0,13.88234120717243D0,14.88234120717243D0,     0000025P    430
15.88234120717243D0,16.88234120717243D0,17.88234120717243D0,     0000025P    431
18.88234120717243D0,19.88234120717243D0,20.88234120717243D0,     0000025P    432
21.88234120717243D0,22.88234120717243D0,23.88234120717243D0,     0000025P    433
24.88234120717243D0,25.88234120717243D0,26.88234120717243D0,     0000025P    434
27.88234120717243D0,28.88234120717243D0,29.88234120717243D0,     0000025P    435
30.88234120717243D0,31.88234120717243D0,32.88234120717243D0,     0000025P    436
33.88234120717243D0,34.88234120717243D0,35.88234120717243D0,     0000025P    437
36.88234120717243D0,37.88234120717243D0,38.88234120717243D0,     0000025P    438
39.88234120717243D0,40.88234120717243D0,41.88234120717243D0,     0000025P    439
42.88234120717243D0,43.88234120717243D0,44.88234120717243D0,     0000025P    440
45.88234120717243D0,46.88234120717243D0,47.88234120717243D0,     0000025P    441
48.88234120717243D0,48.88234120717243D0,48.88234120717243D0,     0000025P    442
48.88234120717243D0,1.0D0,1.0D0,1.0D0,1.0D0,1.0D0,1.0D0,1.0D0,   0000025P    443
1.0D0,1.0D0,1.0D0,1.0D0,1.0D0,1.0D0,1.0D0,1.0D0,1.0D0,1.0D0,     0000025P    444
1.0D0,1.0D0,1.0D0,1.0D0,1.0D0,1.0D0,1.0D0,1.0D0,1.0D0,1.0D0,     0000025P    445
1.0D0,1.0D0,1.0D0,1.0D0,1.0D0,1.0D0,1.0D0,1.0D0,1.0D0,1.0D0,     0000025P    446
1.0D0,1.0D0,1.0D0,1.0D0,1.0D0,1.0D0,1.0D0,1.0D0,1.0D0,1.0D0,     0000025P    447
1.0D0,1.0D0,1.0D0,1.0D0,1.0D0,0.8928570000000002D0,              0000025P    448
-0.1744107475513105D0,0.001671343382419957D0,0.892857D0,         0000025P    449
-0.1734353332439713D0,0.004421534335331524D0,0.892857D0,         0000025P    450
-0.1712132530860635D0,0.01051091074139602D0,                     0000025P    451
0.8928570000000001D0,-0.1678609305827314D0,                      0000025P    452
0.01916731771199714D0,0.8928570000000001D0,                      0000025P    453
-0.1642853104368324D0,0.02788152265010575D0,                     0000025P    454
0.8928570000000001D0,-0.160713827669939D0,0.03610059168757987D0, 0000025P    455
0.8928569999999999D0,-0.1571433788834117D0,                      0000025P    456
0.04390811059957479D0,0.8928570000000002D0,                      0000025P    457
-0.1535706567964143D0,0.05133696591412096D0,0.892857D0,          0000025P    458
-0.1499999939309313D0,0.05843002574394142D0,                     0000025P    459
0.8928570000000001D0,-0.1464293674798606D0,                      0000025P    460
0.06521693111011337D0,0.892857D0,-0.1428565361496263D0,          0000025P    461
0.07172824981560524D0,0.8928570000000002D0,                      0000025P    462
-0.1392864879216341D0,0.07798606962746564D0,                     0000025P    463
0.8928569999999998D0,-0.1357135121638373D0,                      0000025P    464
0.08400947167453218D0,0.8928570000000001D0,                      0000025P    465
-0.1321434634230169D0,0.08981404367440569D0,0.892857D0,          0000025P    466
-0.1285706341440953D0,0.09541435362784509D0,0.892857D0,          0000025P    467
-0.1250000000006019D0,0.1008205418142139D0,0.8928570000000001D0, 0000025P    468
-0.1214293658534973D0,0.1060434791152995D0,0.892857D0,           0000025P    469
-0.1178565365854091D0,0.1110895417245884D0,0.8928570000000001D0, 0000025P    470
-0.1142864878048665D0,0.1159643539863471D0,0.892857D0,           0000025P    471
-0.1107135121951251D0,0.1206750423300233D0,0.8928570000000001D0, 0000025P    472
-0.1071434634146333D0,0.1252234766935597D0,0.892857D0,           0000025P    473
-0.1035706341463417D0,0.1296130508957379D0,0.8928570000000001D0, 0000025P    474
-0.09999999999999995D0,0.1338463197234887D0,0.892857D0,          0000025P    475
-0.09642936585365856D0,0.1379276702103072D0,                     0000025P    476
0.8928570000000001D0,-0.09285653658536584D0,                     0000025P    477
0.1418549994352825D0,0.892857D0,-0.08928648780487808D0,          0000025P    478
0.1456323320485629D0,0.8928570000000001D0,                       0000025P    479
-0.08571351219512194D0,0.1492576723704658D0,0.892857D0,          0000025P    480
-0.08214346341463415D0,0.1527349784695741D0,                     0000025P    481
0.8928570000000001D0,-0.07857063414634148D0,                     0000025P    482
0.1560624137512379D0,0.892857D0,-0.075D0,0.1592433665254744D0,   0000025P    483
0.8928570000000001D0,-0.07142936585365856D0,                     0000025P    484
0.1622721201468647D0,0.892857D0,-0.06785653658536585D0,          0000025P    485
0.1651561528870672D0,0.8928570000000001D0,                       0000025P    486
-0.06428648780487808D0,0.1678892683048667D0,0.892857D0,          0000025P    487
-0.06071351219512183D0,0.170476773893466D0,0.8928570000000001D0, 0000025P    488
-0.0571434634146346D0,0.1729156361212695D0,0.892857D0,           0000025P    489
-0.05357063414633975D0,0.1752066816214563D0,                     0000025P    490
0.8928570000000001D0,-0.05000000000000645D0,                     0000025P    491
0.1773496373929053D0,0.892857D0,-0.04642936585363454D0,          0000025P    492
0.1793447688069226D0,0.8928570000000001D0,                       0000025P    493
-0.04285653658545541D0,0.1811912873794047D0,0.892857D0,          0000025P    494
-0.03928648780454382D0,0.1828920816754588D0,                     0000025P    495
0.8928570000000001D0,-0.03571351219636934D0,                     0000025P    496
0.1844423859187604D0,0.892857D0,-0.03214346340997886D0,          0000025P    497
0.1858463746494998D0,0.8928570000000001D0,                       0000025P    498
-0.02857063416371523D0,0.1871041154832404D0,0.892857D0,          0000025P    499
-0.02499999993516024D0,0.1882111634175387D0,                     0000025P    500
0.8928570000000001D0,-0.02142936609564382D0,                     0000025P    501
0.1891732308466049D0,0.892857D0,-0.01785653568226451D0,          0000025P    502
0.1899839131960421D0,0.8928570000000001D0,                       0000025P    503
-0.01428649117529815D0,0.1906511163692267D0,0.892857D0,          0000025P    504
-0.01071349961654291D0,0.1911676213270512D0,                     0000025P    505
0.8928570000000001D0,-0.007143510358530224D0,                    0000025P    506
0.1915363983225686D0,0.892857D0,-0.0035704589493362D0,           0000025P    507
0.1917587853826746D0,0.892857D0,-0.001190588879195384D0,         0000025P    508
0.1918079018920469D0,0.892857D0,0.0D0,0.191808D0,                0000025P    509
0.05101695510370406D0,48.88234120717243D0,1.0D0,0.0D0,0.0D0,0,1, 0000025P    510
9;                                                               0000025P    511
126,1,1,1,0,1,0,48.88234120717243D0,48.88234120717243D0,         0000027P    512
48.93434761986356D0,48.93434761986356D0,1.0D0,1.0D0,0.892857D0,  0000027P    513
0.0D0,0.191808D0,0.8418369999999999D0,0.0D0,0.201889D0,          0000027P    514
48.88234120717243D0,48.93434761986356D0,0.0D0,1.0D0,0.0D0,0,1,9; 0000027P    515
126,51,3,1,0,1,0,48.93434761986356D0,48.93434761986356D0,        0000029P    516
48.93434761986356D0,48.93434761986356D0,49.93434761986356D0,     0000029P    517
50.93434761986356D0,51.93434761986356D0,52.93434761986356D0,     0000029P    518
53.93434761986356D0,54.93434761986356D0,55.93434761986356D0,     0000029P    519
56.93434761986356D0,57.93434761986356D0,58.93434761986356D0,     0000029P    520
59.93434761986356D0,60.93434761986356D0,61.93434761986356D0,     0000029P    521
62.93434761986356D0,63.93434761986356D0,64.93434761986356D0,     0000029P    522
65.93434761986356D0,66.93434761986356D0,67.93434761986356D0,     0000029P    523
68.93434761986356D0,69.93434761986356D0,70.93434761986356D0,     0000029P    524
71.93434761986356D0,72.93434761986356D0,73.93434761986356D0,     0000029P    525
74.93434761986356D0,75.93434761986356D0,76.93434761986356D0,     0000029P    526
77.93434761986356D0,78.93434761986356D0,79.93434761986356D0,     0000029P    527
80.93434761986356D0,81.93434761986356D0,82.93434761986356D0,     0000029P    528
83.93434761986356D0,84.93434761986356D0,85.93434761986356D0,     0000029P    529
86.93434761986356D0,87.93434761986356D0,88.93434761986356D0,     0000029P    530
89.93434761986356D0,90.93434761986356D0,91.93434761986356D0,     0000029P    531
92.93434761986356D0,93.93434761986356D0,94.93434761986356D0,     0000029P    532
95.93434761986356D0,96.93434761986356D0,97.80787976210542D0,     0000029P    533
97.80787976210542D0,97.80787976210542D0,97.80787976210542D0,     0000029P    534
1.0D0,1.0D0,1.0D0,1.0D0,1.0D0,1.0D0,1.0D0,1.0D0,1.0D0,1.0D0,     0000029P    535
1.0D0,1.0D0,1.0D0,1.0D0,1.0D0,1.0D0,1.0D0,1.0D0,1.0D0,1.0D0,     0000029P    536
1.0D0,1.0D0,1.0D0,1.0D0,1.0D0,1.0D0,1.0D0,1.0D0,1.0D0,1.0D0,     0000029P    537
1.0D0,1.0D0,1.0D0,1.0D0,1.0D0,1.0D0,1.0D0,1.0D0,1.0D0,1.0D0,     0000029P    538
1.0D0,1.0D0,1.0D0,1.0D0,1.0D0,1.0D0,1.0D0,1.0D0,1.0D0,1.0D0,     0000029P    539
1.0D0,1.0D0,0.8418369999999999D0,0.0D0,0.201889D0,               0000029P    540
0.8418369999999999D0,-0.001190595805969611D0,                    0000029P    541
0.201888733069265D0,0.8418370000000001D0,                        0000029P    542
-0.003570455734609094D0,0.2018388208526815D0,                    0000029P    543
0.8418370000000001D0,-0.007143511219913756D0,                    0000029P    544
0.2016150274117173D0,0.8418370000000001D0,                       0000029P    545
-0.01071349938573589D0,0.2012410695004492D0,                     0000029P    546
0.8418370000000001D0,-0.0142864912371427D0,0.2007166945864863D0, 0000029P    547
0.8418370000000001D0,-0.01785653566569331D0,                     0000029P    548
0.2000441521536058D0,0.8418370000000001D0,                       0000029P    549
-0.02142936610008406D0,0.1992206967990907D0,                     0000029P    550
0.8418370000000001D0,-0.02499999993397049D0,                     0000029P    551
0.1982490606500315D0,0.8418370000000001D0,                       0000029P    552
-0.02857063416403402D0,0.1971270606007834D0,                     0000029P    553
0.8418370000000001D0,-0.03214346340989344D0,                     0000029P    554
0.1958546969468348D0,0.8418370000000001D0,                       0000029P    555
-0.03571351219639223D0,0.1944341516118773D0,                     0000029P    556
0.8418370000000001D0,-0.03928648780453769D0,                     0000029P    557
0.1928626966056561D0,0.8418370000000001D0,                       0000029P    558
-0.04285653658545705D0,0.1911430619654985D0,                     0000029P    559
0.8418370000000001D0,-0.0464293658536341D0,0.1892730555323502D0, 0000029P    560
0.8418370000000001D0,-0.05000000000000657D0,                     0000029P    561
0.1872527159051009D0,0.8418370000000001D0,                       0000029P    562
-0.05357063414633972D0,0.1850840808472465D0,                     0000029P    563
0.8418370000000001D0,-0.05714346341463461D0,                     0000029P    564
0.1827649607059134D0,0.8418370000000001D0,                       0000029P    565
-0.06071351219512183D0,0.1802960763291003D0,                     0000029P    566
0.8418370000000001D0,-0.06428648780487808D0,                     0000029P    567
0.1776767339776857D0,0.8418370000000001D0,                       0000029P    568
-0.06785653658536585D0,0.1749089877601571D0,                     0000029P    569
0.8418370000000001D0,-0.07142936585365856D0,                     0000029P    570
0.1719913149816859D0,0.8418370000000001D0,-0.075D0,              0000029P    571
0.1689217523130994D0,0.8418370000000001D0,                       0000029P    572
-0.07857063414634148D0,0.1657036757659166D0,                     0000029P    573
0.8418370000000001D0,-0.08214346341463415D0,                     0000029P    574
0.1623315446232344D0,0.8418370000000001D0,                       0000029P    575
-0.08571351219512194D0,0.1588121457411462D0,                     0000029P    576
0.8418370000000001D0,-0.08928648780487808D0,                     0000029P    577
0.1551358724121812D0,0.8418370000000001D0,                       0000029P    578
-0.09285653658536584D0,0.1513103646101293D0,                     0000029P    579
0.8418370000000001D0,-0.09642936585365856D0,                     0000029P    580
0.1473266691473018D0,0.8418370000000001D0,                       0000029P    581
-0.09999999999999995D0,0.1431889588006637D0,                     0000029P    582
0.8418370000000001D0,-0.1035706341463417D0,0.1388894956500437D0, 0000029P    583
0.8418370000000001D0,-0.1071434634146331D0,0.1344310585991614D0, 0000029P    584
0.8418370000000001D0,-0.110713512195126D0,0.1298042699533107D0,  0000029P    585
0.8418370000000001D0,-0.1142864878048631D0,0.1250078615875961D0, 0000029P    586
0.8418370000000001D0,-0.1178565365854216D0,0.1200322836963051D0, 0000029P    587
0.8418370000000001D0,-0.1214293658534507D0,0.1148750036271835D0, 0000029P    588
0.8418369999999998D0,-0.1250000000007756D0,0.109519701794961D0,  0000029P    589
0.8418370000000001D0,-0.1285706341434469D0,0.1039621891929726D0, 0000029P    590
0.8418370000000002D0,-0.1321434634254368D0,                      0000029P    591
0.09818154143314872D0,0.8418369999999999D0,-0.135713512154806D0, 0000029P    592
0.09216364507443263D0,0.8418369999999999D0,                      0000029P    593
-0.1392864879553393D0,0.08588987826912073D0,                     0000029P    594
0.8418369999999999D0,-0.142856536023837D0,0.07932884184908456D0, 0000029P    595
0.8418369999999999D0,-0.1464293679493128D0,                      0000029P    596
0.07245675433454103D0,0.8418370000000001D0,                      0000029P    597
-0.1499999921789121D0,0.06523214081275133D0,                     0000029P    598
0.8418369999999999D0,-0.1535706633350389D0,                      0000029P    599
0.05761668241445367D0,0.8418370000000002D0,                      0000029P    600
-0.1571433544809323D0,0.04955912952943404D0,                     0000029P    601
0.8418369999999997D0,-0.1607139187412318D0,                      0000029P    602
0.04099679946781016D0,0.8418370000000001D0,                      0000029P    603
-0.1642849705541404D0,0.03187167259932535D0,                     0000029P    604
0.8418369999999998D0,-0.1678621990422067D0,                      0000029P    605
0.02206451013488846D0,0.8418370000000002D0,-0.171258746825961D0, 0000029P    606
0.01205865735415301D0,0.8418369999999999D0,                      0000029P    607
-0.1735461769435492D0,0.004800256438483636D0,                    0000029P    608
0.8418369999999999D0,-0.1745621227226676D0,                      0000029P    609
0.001451601397284152D0,48.93434761986356D0,97.80787976210542D0,  0000029P    610
1.0D0,0.0D0,0.0D0,0,1,9;                                         0000029P    611
102,4,23,25,27,29,0,1,9;                                         0000031P    612
142,0,11,21,31,1,0,1,9;                                          0000033P    613
144,11,1,0,33,0,1,9;                                             0000035P    614
406,1,7HTrimSrf;                                                 0000037P    615
128,1,51,1,3,0,0,1,0,0,0.0D0,0.0D0,0.05256750032101582D0,        0000039P    616
0.05256750032101582D0,-49.0D0,-49.0D0,-49.0D0,-49.0D0,-48.0D0,   0000039P    617
-47.0D0,-46.0D0,-45.0D0,-44.0D0,-43.0D0,-42.0D0,-41.0D0,-40.0D0, 0000039P    618
-39.0D0,-38.0D0,-37.0D0,-36.0D0,-35.0D0,-34.0D0,-33.0D0,-32.0D0, 0000039P    619
-31.0D0,-30.0D0,-29.0D0,-28.0D0,-27.0D0,-26.0D0,-25.0D0,-24.0D0, 0000039P    620
-23.0D0,-22.0D0,-21.0D0,-20.0D0,-19.0D0,-18.0D0,-17.0D0,-16.0D0, 0000039P    621
-15.0D0,-14.0D0,-13.0D0,-12.0D0,-11.0D0,-10.0D0,-9.0D0,-8.0D0,   0000039P    622
-7.0D0,-6.0D0,-5.0D0,-4.0D0,-3.0D0,-2.0D0,-1.0D0,-0.0D0,-0.0D0,  0000039P    623
-0.0D0,-0.0D0,1.0D0,1.0D0,1.0D0,1.0D0,1.0D0,1.0D0,1.0D0,1.0D0,   0000039P    624
1.0D0,1.0D0,1.0D0,1.0D0,1.0D0,1.0D0,1.0D0,1.0D0,1.0D0,1.0D0,     0000039P    625
1.0D0,1.0D0,1.0D0,1.0D0,1.0D0,1.0D0,1.0D0,1.0D0,1.0D0,1.0D0,     0000039P    626
1.0D0,1.0D0,1.0D0,1.0D0,1.0D0,1.0D0,1.0D0,1.0D0,1.0D0,1.0D0,     0000039P    627
1.0D0,1.0D0,1.0D0,1.0D0,1.0D0,1.0D0,1.0D0,1.0D0,1.0D0,1.0D0,     0000039P    628
1.0D0,1.0D0,1.0D0,1.0D0,1.0D0,1.0D0,1.0D0,1.0D0,1.0D0,1.0D0,     0000039P    629
1.0D0,1.0D0,1.0D0,1.0D0,1.0D0,1.0D0,1.0D0,1.0D0,1.0D0,1.0D0,     0000039P    630
1.0D0,1.0D0,1.0D0,1.0D0,1.0D0,1.0D0,1.0D0,1.0D0,1.0D0,1.0D0,     0000039P    631
1.0D0,1.0D0,1.0D0,1.0D0,1.0D0,1.0D0,1.0D0,1.0D0,1.0D0,1.0D0,     0000039P    632
1.0D0,1.0D0,1.0D0,1.0D0,1.0D0,1.0D0,1.0D0,1.0D0,1.0D0,1.0D0,     0000039P    633
1.0D0,1.0D0,1.0D0,1.0D0,1.0D0,1.0D0,0.943878D0,0.0D0,0.179151D0, 0000039P    634
0.892857D0,0.0D0,0.191808D0,0.943878D0,-0.001190568582458094D0,  0000039P    635
0.1791510775840303D0,0.892857D0,-0.001190588879195384D0,         0000039P    636
0.1918079018920469D0,0.943878D0,-0.003570468369084759D0,         0000039P    637
0.1791040175644867D0,0.892857D0,-0.0035704589493362D0,           0000039P    638
0.1917587853826746D0,0.9438780000000002D0,                       0000039P    639
-0.007143507834516206D0,0.1788893221482511D0,                    0000039P    640
0.8928570000000001D0,-0.007143510358530224D0,                    0000039P    641
0.1915363983225686D0,0.9438780000000002D0,                       0000039P    642
-0.01071350029285043D0,0.1785346938425088D0,0.892857D0,          0000039P    643
-0.01071349961654291D0,0.1911676213270512D0,                     0000039P    644
0.9438780000000002D0,-0.01428649099408209D0,                     0000039P    645
0.1780379024817139D0,0.8928570000000001D0,                       0000039P    646
-0.01428649117529815D0,0.1906511163692267D0,                     0000039P    647
0.9438780000000002D0,-0.01785653573082121D0,                     0000039P    648
0.1773976962306358D0,0.892857D0,-0.01785653568226451D0,          0000039P    649
0.1899839131960421D0,0.9438780000000002D0,                       0000039P    650
-0.02142936608263309D0,0.176615312595743D0,0.8928570000000001D0, 0000039P    651
-0.02142936609564382D0,0.1891732308466049D0,                     0000039P    652
0.9438780000000002D0,-0.02499999993864646D0,                     0000039P    653
0.1756930533863924D0,0.892857D0,-0.02499999993516024D0,          0000039P    654
0.1882111634175387D0,0.9438780000000002D0,-0.0285706341627811D0, 0000039P    655
0.1746264738586875D0,0.8928570000000001D0,                       0000039P    656
-0.02857063416371523D0,0.1871041154832404D0,                     0000039P    657
0.9438780000000002D0,-0.03214346341022916D0,                     0000039P    658
0.1734190511788575D0,0.892857D0,-0.03214346340997886D0,          0000039P    659
0.1858463746494998D0,0.9438780000000002D0,                       0000039P    660
-0.03571351219630228D0,0.1720673214258826D0,                     0000039P    661
0.8928570000000001D0,-0.03571351219636934D0,                     0000039P    662
0.1844423859187604D0,0.9438780000000002D0,                       0000039P    663
-0.03928648780456179D0,0.1705756631176121D0,0.892857D0,          0000039P    664
-0.03928648780454382D0,0.1828920816754588D0,                     0000039P    665
0.9438780000000002D0,-0.04285653658545059D0,                     0000039P    666
0.1689420261036692D0,0.8928570000000001D0,                       0000039P    667
-0.04285653658545541D0,0.1811912873794047D0,                     0000039P    668
0.9438780000000002D0,-0.04642936585363583D0,                     0000039P    669
0.1671642324677113D0,0.892857D0,-0.04642936585363454D0,          0000039P    670
0.1793447688069226D0,0.9438780000000002D0,-0.0500000000000061D0, 0000039P    671
0.1652470440254857D0,0.8928570000000001D0,                       0000039P    672
-0.05000000000000645D0,0.1773496373929053D0,                     0000039P    673
0.9438780000000002D0,-0.05357063414633984D0,                     0000039P    674
0.1631855914303459D0,0.892857D0,-0.05357063414633975D0,          0000039P    675
0.1752066816214563D0,0.9438780000000002D0,                       0000039P    676
-0.05714346341463458D0,0.1609825902531308D0,                     0000039P    677
0.8928570000000001D0,-0.0571434634146346D0,0.1729156361212695D0, 0000039P    678
0.9438780000000002D0,-0.06071351219512185D0,                     0000039P    679
0.1586380475571312D0,0.892857D0,-0.06071351219512183D0,          0000039P    680
0.170476773893466D0,0.9438780000000002D0,-0.06428648780487808D0, 0000039P    681
0.1561492195183447D0,0.8928570000000001D0,                       0000039P    682
-0.06428648780487808D0,0.1678892683048667D0,                     0000039P    683
0.9438780000000002D0,-0.06785653658536585D0,                     0000039P    684
0.1535210743694904D0,0.892857D0,-0.06785653658536585D0,          0000039P    685
0.1651561528870672D0,0.9438780000000002D0,                       0000039P    686
-0.07142936585365856D0,0.1507484830036939D0,                     0000039P    687
0.8928570000000001D0,-0.07142936585365856D0,                     0000039P    688
0.1622721201468647D0,0.9438780000000002D0,-0.075D0,              0000039P    689
0.147834993615734D0,0.892857D0,-0.075D0,0.1592433665254744D0,    0000039P    690
0.9438780000000002D0,-0.07857063414634148D0,                     0000039P    691
0.1447775425333702D0,0.8928570000000001D0,                       0000039P    692
-0.07857063414634148D0,0.1560624137512379D0,                     0000039P    693
0.9438780000000002D0,-0.08214346341463415D0,                     0000039P    694
0.1415788362507854D0,0.892857D0,-0.08214346341463415D0,          0000039P    695
0.1527349784695741D0,0.9438780000000002D0,                       0000039P    696
-0.08571351219512194D0,0.1382371124634882D0,                     0000039P    697
0.8928570000000001D0,-0.08571351219512194D0,                     0000039P    698
0.1492576723704658D0,0.9438780000000002D0,                       0000039P    699
-0.08928648780487808D0,0.1347507138952617D0,0.892857D0,          0000039P    700
-0.08928648780487808D0,0.1456323320485629D0,                     0000039P    701
0.9438780000000002D0,-0.09285653658536584D0,0.131122031955465D0, 0000039P    702
0.8928570000000001D0,-0.09285653658536584D0,                     0000039P    703
0.1418549994352825D0,0.9438780000000002D0,                       0000039P    704
-0.09642936585365856D0,0.1273491582828785D0,0.892857D0,          0000039P    705
-0.09642936585365856D0,0.1379276702103072D0,                     0000039P    706
0.9438780000000002D0,-0.09999999999999995D0,                     0000039P    707
0.1234313349130212D0,0.8928570000000001D0,                       0000039P    708
-0.09999999999999995D0,0.1338463197234887D0,                     0000039P    709
0.9438780000000002D0,-0.1035706341463417D0,0.1193675020650368D0, 0000039P    710
0.892857D0,-0.1035706341463417D0,0.1296130508957379D0,           0000039P    711
0.9438780000000002D0,-0.1071434634146335D0,0.1151566568268316D0, 0000039P    712
0.8928570000000001D0,-0.1071434634146333D0,0.1252234766935597D0, 0000039P    713
0.9438780000000002D0,-0.1107135121951243D0,0.110797870627637D0,  0000039P    714
0.892857D0,-0.1107135121951251D0,0.1206750423300233D0,           0000039P    715
0.9438780000000002D0,-0.1142864878048694D0,0.1062898606626205D0, 0000039P    716
0.8928570000000001D0,-0.1142864878048665D0,0.1159643539863471D0, 0000039P    717
0.9438780000000002D0,-0.1178565365853981D0,0.101626686721881D0,  0000039P    718
0.892857D0,-0.1178565365854091D0,0.1110895417245884D0,           0000039P    719
0.9438780000000002D0,-0.1214293658535383D0,                      0000039P    720
0.09680939244985549D0,0.8928570000000001D0,                      0000039P    721
-0.1214293658534973D0,0.1060434791152995D0,0.9438780000000002D0, 0000039P    722
-0.1250000000004489D0,0.09183374347869702D0,0.892857D0,          0000039P    723
-0.1250000000006019D0,0.1008205418142139D0,0.943878D0,           0000039P    724
-0.1285706341446661D0,0.08669163363535644D0,0.892857D0,          0000039P    725
-0.1285706341440953D0,0.09541435362784509D0,0.943878D0,          0000039P    726
-0.1321434634208867D0,0.08138372197987727D0,                     0000039P    727
0.8928570000000001D0,-0.1321434634230169D0,                      0000039P    728
0.08981404367440569D0,0.9438780000000002D0,                      0000039P    729
-0.1357135121717874D0,0.0758974784451345D0,0.8928569999999998D0, 0000039P    730
-0.1357135121638373D0,0.08400947167453218D0,0.943878D0,          0000039P    731
-0.1392864878919639D0,0.07022836423958471D0,                     0000039P    732
0.8928570000000002D0,-0.1392864879216341D0,                      0000039P    733
0.07798606962746564D0,0.943878D0,-0.1428565362603572D0,          0000039P    734
0.06436506459652661D0,0.892857D0,-0.1428565361496263D0,          0000039P    735
0.07172824981560524D0,0.9438780000000002D0,                      0000039P    736
-0.1464293670666075D0,0.05829737737430887D0,                     0000039P    737
0.8928570000000001D0,-0.1464293674798606D0,                      0000039P    738
0.06521693111011337D0,0.9438779999999999D0,                      0000039P    739
-0.1499999954732128D0,0.05201142590623799D0,0.892857D0,          0000039P    740
-0.1499999939309313D0,0.05843002574394142D0,                     0000039P    741
0.9438780000000002D0,-0.1535706510405412D0,                      0000039P    742
0.04548891900073916D0,0.8928570000000002D0,                      0000039P    743
-0.1535706567964143D0,0.05133696591412096D0,0.943878D0,          0000039P    744
-0.1571434003646224D0,0.03871489809080536D0,                     0000039P    745
0.8928569999999999D0,-0.1571433788834117D0,                      0000039P    746
0.04390811059957479D0,0.943878D0,-0.1607137475009694D0,          0000039P    747
0.03165948863603937D0,0.8928570000000001D0,-0.160713827669939D0, 0000039P    748
0.03610059168757987D0,0.943878D0,-0.1642856096315D0,             0000039P    749
0.02430714736503718D0,0.8928570000000001D0,                      0000039P    750
-0.1642853104368324D0,0.02788152265010575D0,0.943878D0,          0000039P    751
-0.1678598139730306D0,0.01660592190381195D0,                     0000039P    752
0.8928570000000001D0,-0.1678609305827314D0,                      0000039P    753
0.01916731771199714D0,0.9438780000000002D0,                      0000039P    754
-0.1714171344763775D0,0.008581165019715026D0,0.892857D0,         0000039P    755
-0.171412967232242D0,0.00999520650190569D0,0.943878D0,           0000039P    756
-0.1738361435730988D0,0.002838667018123634D0,0.892857D0,         0000039P    757
-0.1738451227362811D0,0.0032956396875553D0,0.943878D0,-0.175D0,  0000039P    758
0.0D0,0.892857D0,-0.175D0,0.0D0,0.0D0,0.05256750032101582D0,     0000039P    759
-49.0D0,-0.0D0,0,1,37;                                           0000039P    760
126,3,3,1,0,1,0,0.0D0,0.0D0,0.0D0,0.0D0,0.05101702687739838D0,   0000041P    761
0.05101702687739838D0,0.05101702687739838D0,                     0000041P    762
0.05101702687739838D0,1.0D0,1.0D0,1.0D0,1.0D0,                   0000041P    763
0.05256750032101582D0,-0.1686758100851934D0,0.0D0,               0000041P    764
0.03314474408432513D0,-0.1854246253010453D0,0.0D0,               0000041P    765
0.01557334311937617D0,-0.2042871600889149D0,0.0D0,0.0D0,         0000041P    766
-0.2246559753689096D0,0.0D0,0.0D0,0.05101702687739838D0,0.0D0,   0000041P    767
0.0D0,1.0D0,0,1,37;                                              0000041P    768
126,3,3,1,0,1,0,0.05101702687739838D0,0.05101702687739838D0,     0000043P    769
0.05101702687739838D0,0.05101702687739838D0,48.82636105150848D0, 0000043P    770
48.82636105150848D0,48.82636105150848D0,48.82636105150848D0,     0000043P    771
1.0D0,1.0D0,1.0D0,1.0D0,0.0D0,-0.2246559753689096D0,0.0D0,0.0D0, 0000043P    772
-16.48310398357927D0,0.0D0,0.0D0,-32.74155199178963D0,0.0D0,     0000043P    773
0.0D0,-49.0D0,0.0D0,0.05101702687739838D0,48.82636105150848D0,   0000043P    774
0.0D0,0.0D0,1.0D0,0,1,37;                                        0000043P    775
126,3,3,1,0,1,0,48.82636105150848D0,48.82636105150848D0,         0000045P    776
48.82636105150848D0,48.82636105150848D0,48.8789285518295D0,      0000045P    777
48.8789285518295D0,48.8789285518295D0,48.8789285518295D0,1.0D0,  0000045P    778
1.0D0,1.0D0,1.0D0,0.0D0,-49.0D0,0.0D0,0.01752250010700527D0,     0000045P    779
-49.0D0,0.0D0,0.03504500021401055D0,-49.0D0,0.0D0,               0000045P    780
0.05256750032101582D0,-49.0D0,0.0D0,48.82636105150848D0,         0000045P    781
48.8789285518295D0,0.0D0,0.0D0,1.0D0,0,1,37;                     0000045P    782
126,3,3,1,0,1,0,48.8789285518295D0,48.8789285518295D0,           0000047P    783
48.8789285518295D0,48.8789285518295D0,97.71025274174431D0,       0000047P    784
97.71025274174431D0,97.71025274174431D0,97.71025274174431D0,     0000047P    785
1.0D0,1.0D0,1.0D0,1.0D0,0.05256750032101582D0,-49.0D0,0.0D0,     0000047P    786
0.05256750032101582D0,-32.72289193669506D0,0.0D0,                0000047P    787
0.05256750032101582D0,-16.44578387339013D0,0.0D0,                0000047P    788
0.05256750032101582D0,-0.1686758100851934D0,0.0D0,               0000047P    789
48.8789285518295D0,97.71025274174431D0,0.0D0,0.0D0,1.0D0,0,1,37; 0000047P    790
102,4,41,43,45,47,0,1,37;                                        0000049P    791
126,3,3,1,0,1,0,0.0D0,0.0D0,0.0D0,0.0D0,0.05101702687739838D0,   0000051P    792
0.05101702687739838D0,0.05101702687739838D0,                     0000051P    793
0.05101702687739838D0,1.0D0,1.0D0,1.0D0,1.0D0,                   0000051P    794
0.8928570000000002D0,-0.17441074733253D0,0.001671343999273775D0, 0000051P    795
0.9098636886050637D0,-0.1743563187149632D0,                      0000051P    796
0.001743896419038999D0,0.9268706144196766D0,                     0000051P    797
-0.1742916993083632D0,0.001824605147893642D0,                    0000051P    798
0.9438779999999999D0,-0.1742093385894667D0,                      0000051P    799
0.001916621321995371D0,0.0D0,0.05101702687739838D0,              0000051P    800
-0.004266072087450034D0,0.0D0,0.9999909002730697D0,0,1,37;       0000051P    801
126,51,3,1,0,1,0,0.05101702687739838D0,0.05101702687739838D0,    0000053P    802
0.05101702687739838D0,0.05101702687739838D0,                     0000053P    803
0.8263610515084872D0,1.826361051508487D0,2.826361051508487D0,    0000053P    804
3.826361051508487D0,4.826361051508487D0,5.826361051508487D0,     0000053P    805
6.826361051508487D0,7.826361051508487D0,8.826361051508487D0,     0000053P    806
9.826361051508487D0,10.82636105150849D0,11.82636105150849D0,     0000053P    807
12.82636105150849D0,13.82636105150849D0,14.82636105150849D0,     0000053P    808
15.82636105150849D0,16.82636105150849D0,17.82636105150849D0,     0000053P    809
18.82636105150849D0,19.82636105150849D0,20.82636105150849D0,     0000053P    810
21.82636105150849D0,22.82636105150849D0,23.82636105150849D0,     0000053P    811
24.82636105150848D0,25.82636105150848D0,26.82636105150848D0,     0000053P    812
27.82636105150848D0,28.82636105150848D0,29.82636105150848D0,     0000053P    813
30.82636105150848D0,31.82636105150848D0,32.82636105150848D0,     0000053P    814
33.82636105150848D0,34.82636105150848D0,35.82636105150848D0,     0000053P    815
36.82636105150848D0,37.82636105150848D0,38.82636105150848D0,     0000053P    816
39.82636105150848D0,40.82636105150848D0,41.82636105150848D0,     0000053P    817
42.82636105150848D0,43.82636105150848D0,44.82636105150848D0,     0000053P    818
45.82636105150848D0,46.82636105150848D0,47.82636105150848D0,     0000053P    819
48.82636105150848D0,48.82636105150848D0,48.82636105150848D0,     0000053P    820
48.82636105150848D0,1.0D0,1.0D0,1.0D0,1.0D0,1.0D0,1.0D0,1.0D0,   0000053P    821
1.0D0,1.0D0,1.0D0,1.0D0,1.0D0,1.0D0,1.0D0,1.0D0,1.0D0,1.0D0,     0000053P    822
1.0D0,1.0D0,1.0D0,1.0D0,1.0D0,1.0D0,1.0D0,1.0D0,1.0D0,1.0D0,     0000053P    823
1.0D0,1.0D0,1.0D0,1.0D0,1.0D0,1.0D0,1.0D0,1.0D0,1.0D0,1.0D0,     0000053P    824
1.0D0,1.0D0,1.0D0,1.0D0,1.0D0,1.0D0,1.0D0,1.0D0,1.0D0,1.0D0,     0000053P    825
1.0D0,1.0D0,1.0D0,1.0D0,1.0D0,0.9438779999999999D0,              0000053P    826
-0.1742093385894667D0,0.001916621321995398D0,0.943878D0,         0000053P    827
-0.1732932975816717D0,0.004123799089017092D0,                    0000053P    828
0.9438780000000002D0,-0.1711507433739178D0,                      0000053P    829
0.009182101548013421D0,0.943878D0,-0.1678598139730306D0,         0000053P    830
0.01660592190381195D0,0.943878D0,-0.1642856096315D0,             0000053P    831
0.02430714736503718D0,0.943878D0,-0.1607137475009694D0,          0000053P    832
0.03165948863603937D0,0.943878D0,-0.1571434003646224D0,          0000053P    833
0.03871489809080536D0,0.9438780000000002D0,                      0000053P    834
-0.1535706510405412D0,0.04548891900073916D0,                     0000053P    835
0.9438779999999999D0,-0.1499999954732128D0,                      0000053P    836
0.05201142590623799D0,0.9438780000000002D0,                      0000053P    837
-0.1464293670666075D0,0.05829737737430887D0,0.943878D0,          0000053P    838
-0.1428565362603572D0,0.06436506459652661D0,0.943878D0,          0000053P    839
-0.1392864878919639D0,0.07022836423958471D0,                     0000053P    840
0.9438780000000002D0,-0.1357135121717874D0,0.0758974784451345D0, 0000053P    841
0.943878D0,-0.1321434634208867D0,0.08138372197987727D0,          0000053P    842
0.943878D0,-0.1285706341446661D0,0.08669163363535644D0,          0000053P    843
0.9438780000000002D0,-0.1250000000004489D0,                      0000053P    844
0.09183374347869702D0,0.9438780000000002D0,                      0000053P    845
-0.1214293658535383D0,0.09680939244985549D0,                     0000053P    846
0.9438780000000002D0,-0.1178565365853981D0,0.101626686721881D0,  0000053P    847
0.9438780000000002D0,-0.1142864878048694D0,0.1062898606626205D0, 0000053P    848
0.9438780000000002D0,-0.1107135121951243D0,0.110797870627637D0,  0000053P    849
0.9438780000000002D0,-0.1071434634146335D0,0.1151566568268316D0, 0000053P    850
0.9438780000000002D0,-0.1035706341463417D0,0.1193675020650368D0, 0000053P    851
0.9438780000000002D0,-0.09999999999999995D0,                     0000053P    852
0.1234313349130212D0,0.9438780000000002D0,                       0000053P    853
-0.09642936585365856D0,0.1273491582828785D0,                     0000053P    854
0.9438780000000002D0,-0.09285653658536584D0,0.131122031955465D0, 0000053P    855
0.9438780000000002D0,-0.08928648780487808D0,                     0000053P    856
0.1347507138952617D0,0.9438780000000002D0,                       0000053P    857
-0.08571351219512194D0,0.1382371124634882D0,                     0000053P    858
0.9438780000000002D0,-0.08214346341463415D0,                     0000053P    859
0.1415788362507854D0,0.9438780000000002D0,                       0000053P    860
-0.07857063414634148D0,0.1447775425333702D0,                     0000053P    861
0.9438780000000002D0,-0.075D0,0.147834993615734D0,               0000053P    862
0.9438780000000002D0,-0.07142936585365856D0,                     0000053P    863
0.1507484830036939D0,0.9438780000000002D0,                       0000053P    864
-0.06785653658536585D0,0.1535210743694904D0,                     0000053P    865
0.9438780000000002D0,-0.06428648780487808D0,                     0000053P    866
0.1561492195183447D0,0.9438780000000002D0,                       0000053P    867
-0.06071351219512185D0,0.1586380475571312D0,                     0000053P    868
0.9438780000000002D0,-0.05714346341463458D0,                     0000053P    869
0.1609825902531308D0,0.9438780000000002D0,                       0000053P    870
-0.05357063414633984D0,0.1631855914303459D0,                     0000053P    871
0.9438780000000002D0,-0.0500000000000061D0,0.1652470440254857D0, 0000053P    872
0.9438780000000002D0,-0.04642936585363583D0,                     0000053P    873
0.1671642324677113D0,0.9438780000000002D0,                       0000053P    874
-0.04285653658545059D0,0.1689420261036692D0,                     0000053P    875
0.9438780000000002D0,-0.03928648780456179D0,                     0000053P    876
0.1705756631176121D0,0.9438780000000002D0,                       0000053P    877
-0.03571351219630228D0,0.1720673214258826D0,                     0000053P    878
0.9438780000000002D0,-0.03214346341022916D0,                     0000053P    879
0.1734190511788575D0,0.9438780000000002D0,-0.0285706341627811D0, 0000053P    880
0.1746264738586875D0,0.9438780000000002D0,                       0000053P    881
-0.02499999993864646D0,0.1756930533863924D0,                     0000053P    882
0.9438780000000002D0,-0.02142936608263309D0,0.176615312595743D0, 0000053P    883
0.9438780000000002D0,-0.01785653573082121D0,                     0000053P    884
0.1773976962306358D0,0.9438780000000002D0,                       0000053P    885
-0.01428649099408209D0,0.1780379024817139D0,                     0000053P    886
0.9438780000000002D0,-0.01071350029285043D0,                     0000053P    887
0.1785346938425088D0,0.9438780000000002D0,                       0000053P    888
-0.007143507834516206D0,0.1788893221482511D0,0.943878D0,         0000053P    889
-0.003570468369084759D0,0.1791040175644867D0,0.943878D0,         0000053P    890
-0.001190568582458094D0,0.1791510775840303D0,0.943878D0,0.0D0,   0000053P    891
0.179151D0,0.05101702687739838D0,48.82636105150848D0,1.0D0,      0000053P    892
0.0D0,0.0D0,0,1,37;                                              0000053P    893
126,1,1,1,0,1,0,48.82636105150848D0,48.82636105150848D0,         0000055P    894
48.8789285518295D0,48.8789285518295D0,1.0D0,1.0D0,0.943878D0,    0000055P    895
0.0D0,0.179151D0,0.892857D0,0.0D0,0.191808D0,                    0000055P    896
48.82636105150848D0,48.8789285518295D0,0.0D0,1.0D0,0.0D0,0,1,37; 0000055P    897
126,51,3,1,0,1,0,48.8789285518295D0,48.8789285518295D0,          0000057P    898
48.8789285518295D0,48.8789285518295D0,49.8789285518295D0,        0000057P    899
50.8789285518295D0,51.8789285518295D0,52.8789285518295D0,        0000057P    900
53.8789285518295D0,54.8789285518295D0,55.8789285518295D0,        0000057P    901
56.8789285518295D0,57.8789285518295D0,58.8789285518295D0,        0000057P    902
59.8789285518295D0,60.8789285518295D0,61.8789285518295D0,        0000057P    903
62.8789285518295D0,63.8789285518295D0,64.8789285518295D0,        0000057P    904
65.8789285518295D0,66.8789285518295D0,67.8789285518295D0,        0000057P    905
68.8789285518295D0,69.8789285518295D0,70.8789285518295D0,        0000057P    906
71.8789285518295D0,72.8789285518295D0,73.87892855182949D0,       0000057P    907
74.87892855182949D0,75.87892855182949D0,76.87892855182949D0,     0000057P    908
77.87892855182949D0,78.87892855182949D0,79.87892855182949D0,     0000057P    909
80.87892855182949D0,81.87892855182949D0,82.87892855182949D0,     0000057P    910
83.87892855182949D0,84.87892855182949D0,85.87892855182949D0,     0000057P    911
86.87892855182949D0,87.87892855182949D0,88.87892855182949D0,     0000057P    912
89.87892855182949D0,90.87892855182949D0,91.87892855182949D0,     0000057P    913
92.87892855182949D0,93.87892855182949D0,94.87892855182949D0,     0000057P    914
95.87892855182949D0,96.87892855182949D0,97.71025274174431D0,     0000057P    915
97.71025274174431D0,97.71025274174431D0,97.71025274174431D0,     0000057P    916
1.0D0,1.0D0,1.0D0,1.0D0,1.0D0,1.0D0,1.0D0,1.0D0,1.0D0,1.0D0,     0000057P    917
1.0D0,1.0D0,1.0D0,1.0D0,1.0D0,1.0D0,1.0D0,1.0D0,1.0D0,1.0D0,     0000057P    918
1.0D0,1.0D0,1.0D0,1.0D0,1.0D0,1.0D0,1.0D0,1.0D0,1.0D0,1.0D0,     0000057P    919
1.0D0,1.0D0,1.0D0,1.0D0,1.0D0,1.0D0,1.0D0,1.0D0,1.0D0,1.0D0,     0000057P    920
1.0D0,1.0D0,1.0D0,1.0D0,1.0D0,1.0D0,1.0D0,1.0D0,1.0D0,1.0D0,     0000057P    921
1.0D0,1.0D0,0.892857D0,0.0D0,0.191808D0,0.892857D0,              0000057P    922
-0.001190588879195384D0,0.1918079018920469D0,0.892857D0,         0000057P    923
-0.0035704589493362D0,0.1917587853826746D0,0.8928570000000001D0, 0000057P    924
-0.007143510358530224D0,0.1915363983225686D0,0.892857D0,         0000057P    925
-0.01071349961654291D0,0.1911676213270512D0,                     0000057P    926
0.8928570000000001D0,-0.01428649117529815D0,                     0000057P    927
0.1906511163692267D0,0.892857D0,-0.01785653568226451D0,          0000057P    928
0.1899839131960421D0,0.8928570000000001D0,                       0000057P    929
-0.02142936609564382D0,0.1891732308466049D0,0.892857D0,          0000057P    930
-0.02499999993516024D0,0.1882111634175387D0,                     0000057P    931
0.8928570000000001D0,-0.02857063416371523D0,                     0000057P    932
0.1871041154832404D0,0.892857D0,-0.03214346340997886D0,          0000057P    933
0.1858463746494998D0,0.8928570000000001D0,                       0000057P    934
-0.03571351219636934D0,0.1844423859187604D0,0.892857D0,          0000057P    935
-0.03928648780454382D0,0.1828920816754588D0,                     0000057P    936
0.8928570000000001D0,-0.04285653658545541D0,                     0000057P    937
0.1811912873794047D0,0.892857D0,-0.04642936585363454D0,          0000057P    938
0.1793447688069226D0,0.8928570000000001D0,                       0000057P    939
-0.05000000000000645D0,0.1773496373929053D0,0.892857D0,          0000057P    940
-0.05357063414633975D0,0.1752066816214563D0,                     0000057P    941
0.8928570000000001D0,-0.0571434634146346D0,0.1729156361212695D0, 0000057P    942
0.892857D0,-0.06071351219512183D0,0.170476773893466D0,           0000057P    943
0.8928570000000001D0,-0.06428648780487808D0,                     0000057P    944
0.1678892683048667D0,0.892857D0,-0.06785653658536585D0,          0000057P    945
0.1651561528870672D0,0.8928570000000001D0,                       0000057P    946
-0.07142936585365856D0,0.1622721201468647D0,0.892857D0,-0.075D0, 0000057P    947
0.1592433665254744D0,0.8928570000000001D0,                       0000057P    948
-0.07857063414634148D0,0.1560624137512379D0,0.892857D0,          0000057P    949
-0.08214346341463415D0,0.1527349784695741D0,                     0000057P    950
0.8928570000000001D0,-0.08571351219512194D0,                     0000057P    951
0.1492576723704658D0,0.892857D0,-0.08928648780487808D0,          0000057P    952
0.1456323320485629D0,0.8928570000000001D0,                       0000057P    953
-0.09285653658536584D0,0.1418549994352825D0,0.892857D0,          0000057P    954
-0.09642936585365856D0,0.1379276702103072D0,                     0000057P    955
0.8928570000000001D0,-0.09999999999999995D0,                     0000057P    956
0.1338463197234887D0,0.892857D0,-0.1035706341463417D0,           0000057P    957
0.1296130508957379D0,0.8928570000000001D0,-0.1071434634146333D0, 0000057P    958
0.1252234766935597D0,0.892857D0,-0.1107135121951251D0,           0000057P    959
0.1206750423300233D0,0.8928570000000001D0,-0.1142864878048665D0, 0000057P    960
0.1159643539863471D0,0.892857D0,-0.1178565365854091D0,           0000057P    961
0.1110895417245884D0,0.8928570000000001D0,-0.1214293658534973D0, 0000057P    962
0.1060434791152995D0,0.892857D0,-0.1250000000006019D0,           0000057P    963
0.1008205418142139D0,0.892857D0,-0.1285706341440953D0,           0000057P    964
0.09541435362784509D0,0.8928570000000001D0,                      0000057P    965
-0.1321434634230169D0,0.08981404367440569D0,                     0000057P    966
0.8928569999999998D0,-0.1357135121638373D0,                      0000057P    967
0.08400947167453218D0,0.8928570000000002D0,                      0000057P    968
-0.1392864879216341D0,0.07798606962746564D0,0.892857D0,          0000057P    969
-0.1428565361496263D0,0.07172824981560524D0,                     0000057P    970
0.8928570000000001D0,-0.1464293674798606D0,                      0000057P    971
0.06521693111011337D0,0.892857D0,-0.1499999939309313D0,          0000057P    972
0.05843002574394142D0,0.8928570000000002D0,                      0000057P    973
-0.1535706567964143D0,0.05133696591412096D0,                     0000057P    974
0.8928569999999999D0,-0.1571433788834117D0,                      0000057P    975
0.04390811059957479D0,0.8928570000000001D0,-0.160713827669939D0, 0000057P    976
0.03610059168757987D0,0.8928570000000001D0,                      0000057P    977
-0.1642853104368324D0,0.02788152265010575D0,                     0000057P    978
0.8928570000000001D0,-0.1678609305827314D0,                      0000057P    979
0.01916731771199714D0,0.892857D0,-0.1712132530124725D0,          0000057P    980
0.01051091093142354D0,0.892857D0,-0.1734353330931395D0,          0000057P    981
0.004421534748670158D0,0.892857D0,-0.17441074733253D0,           0000057P    982
0.001671343999273527D0,48.8789285518295D0,97.71025274174431D0,   0000057P    983
1.0D0,0.0D0,0.0D0,0,1,37;                                        0000057P    984
102,4,51,53,55,57,0,1,37;                                        0000059P    985
142,0,39,49,59,1,0,1,37;                                         0000061P    986
144,39,1,0,61,0,1,37;                                            0000063P    987
406,1,7HTrimSrf;                                                 0000065P    988
128,1,51,1,3,0,0,1,0,0,0.0D0,0.0D0,0.05344730279443478D0,        0000067P    989
0.05344730279443478D0,-49.0D0,-49.0D0,-49.0D0,-49.0D0,-48.0D0,   0000067P    990
-47.0D0,-46.0D0,-45.0D0,-44.0D0,-43.0D0,-42.0D0,-41.0D0,-40.0D0, 0000067P    991
-39.0D0,-38.0D0,-37.0D0,-36.0D0,-35.0D0,-34.0D0,-33.0D0,-32.0D0, 0000067P    992
-31.0D0,-30.0D0,-29.0D0,-28.0D0,-27.0D0,-26.0D0,-25.0D0,-24.0D0, 0000067P    993
-23.0D0,-22.0D0,-21.0D0,-20.0D0,-19.0D0,-18.0D0,-17.0D0,-16.0D0, 0000067P    994
-15.0D0,-14.0D0,-13.0D0,-12.0D0,-11.0D0,-10.0D0,-9.0D0,-8.0D0,   0000067P    995
-7.0D0,-6.0D0,-5.0D0,-4.0D0,-3.0D0,-2.0D0,-1.0D0,0.0D0,0.0D0,    0000067P    996
0.0D0,0.0D0,1.0D0,1.0D0,1.0D0,1.0D0,1.0D0,1.0D0,1.0D0,1.0D0,     0000067P    997
1.0D0,1.0D0,1.0D0,1.0D0,1.0D0,1.0D0,1.0D0,1.0D0,1.0D0,1.0D0,     0000067P    998
1.0D0,1.0D0,1.0D0,1.0D0,1.0D0,1.0D0,1.0D0,1.0D0,1.0D0,1.0D0,     0000067P    999
1.0D0,1.0D0,1.0D0,1.0D0,1.0D0,1.0D0,1.0D0,1.0D0,1.0D0,1.0D0,     0000067P   1000
1.0D0,1.0D0,1.0D0,1.0D0,1.0D0,1.0D0,1.0D0,1.0D0,1.0D0,1.0D0,     0000067P   1001
1.0D0,1.0D0,1.0D0,1.0D0,1.0D0,1.0D0,1.0D0,1.0D0,1.0D0,1.0D0,     0000067P   1002
1.0D0,1.0D0,1.0D0,1.0D0,1.0D0,1.0D0,1.0D0,1.0D0,1.0D0,1.0D0,     0000067P   1003
1.0D0,1.0D0,1.0D0,1.0D0,1.0D0,1.0D0,1.0D0,1.0D0,1.0D0,1.0D0,     0000067P   1004
1.0D0,1.0D0,1.0D0,1.0D0,1.0D0,1.0D0,1.0D0,1.0D0,1.0D0,1.0D0,     0000067P   1005
1.0D0,1.0D0,1.0D0,1.0D0,1.0D0,1.0D0,1.0D0,1.0D0,1.0D0,1.0D0,     0000067P   1006
1.0D0,1.0D0,1.0D0,1.0D0,1.0D0,1.0D0,0.9948979999999999D0,0.0D0,  0000067P   1007
0.163227D0,0.943878D0,0.0D0,0.179151D0,0.9948979999999999D0,     0000067P   1008
-0.001190536616714155D0,0.1632270933126906D0,0.943878D0,         0000067P   1009
-0.001190568582458094D0,0.1791510775840303D0,                    0000067P   1010
0.9948979999999998D0,-0.00357048320443815D0,                     0000067P   1011
0.1631833713266231D0,0.943878D0,-0.003570468369084759D0,         0000067P   1012
0.1791040175644867D0,0.9948980000000003D0,                       0000067P   1013
-0.007143503859395245D0,0.1629835603877833D0,                    0000067P   1014
0.9438780000000002D0,-0.007143507834516206D0,                    0000067P   1015
0.1788893221482511D0,0.9948979999999999D0,                       0000067P   1016
-0.01071350135798088D0,0.1626543871222438D0,                     0000067P   1017
0.9438780000000002D0,-0.01071350029285043D0,                     0000067P   1018
0.1785346938425088D0,0.9948980000000003D0,                       0000067P   1019
-0.01428649070868125D0,0.1621908911232415D0,                     0000067P   1020
0.9438780000000002D0,-0.01428649099408209D0,                     0000067P   1021
0.1780379024817139D0,0.9948979999999999D0,                       0000067P   1022
-0.01785653580729413D0,0.1615960483847902D0,                     0000067P   1023
0.9438780000000002D0,-0.01785653573082121D0,                     0000067P   1024
0.1773976962306358D0,0.9948980000000003D0,                       0000067P   1025
-0.02142936606214223D0,0.1608689153375977D0,                     0000067P   1026
0.9438780000000002D0,-0.02142936608263309D0,0.176615312595743D0, 0000067P   1027
0.9948979999999999D0,-0.02499999994413697D0,                     0000067P   1028
0.1600102902648191D0,0.9438780000000002D0,                       0000067P   1029
-0.02499999993864646D0,0.1756930533863924D0,                     0000067P   1030
0.9948980000000003D0,-0.02857063416130992D0,                     0000067P   1031
0.1590179236031259D0,0.9438780000000002D0,-0.0285706341627811D0, 0000067P   1032
0.1746264738586875D0,0.9948979999999999D0,                       0000067P   1033
-0.03214346341062336D0,0.1578940153226771D0,                     0000067P   1034
0.9438780000000002D0,-0.03214346341022916D0,                     0000067P   1035
0.1734190511788575D0,0.9948980000000003D0,                       0000067P   1036
-0.03571351219619665D0,0.1566380151061657D0,                     0000067P   1037
0.9438780000000002D0,-0.03571351219630228D0,                     0000067P   1038
0.1720673214258826D0,0.9948979999999999D0,-0.0392864878045901D0, 0000067P   1039
0.1552499242526601D0,0.9438780000000002D0,                       0000067P   1040
-0.03928648780456179D0,0.1705756631176121D0,                     0000067P   1041
0.9948980000000003D0,-0.04285653658544301D0,                     0000067P   1042
0.1537302878831939D0,0.9438780000000002D0,                       0000067P   1043
-0.04285653658545059D0,0.1689420261036692D0,                     0000067P   1044
0.9948979999999999D0,-0.04642936585363786D0,                     0000067P   1045
0.1520769242145645D0,0.9438780000000002D0,                       0000067P   1046
-0.04642936585363583D0,0.1671642324677113D0,                     0000067P   1047
0.9948980000000003D0,-0.05000000000000555D0,                     0000067P   1048
0.1502920152585484D0,0.9438780000000002D0,-0.0500000000000061D0, 0000067P   1049
0.1652470440254857D0,0.9948979999999999D0,                       0000067P   1050
-0.05357063414633999D0,0.1483750147512419D0,                     0000067P   1051
0.9438780000000002D0,-0.05357063414633984D0,                     0000067P   1052
0.1631855914303459D0,0.9948980000000003D0,                       0000067P   1053
-0.05714346341463454D0,0.146325925736484D0,0.9438780000000002D0, 0000067P   1054
-0.05714346341463458D0,0.1609825902531308D0,                     0000067P   1055
0.9948979999999999D0,-0.06071351219512185D0,                     0000067P   1056
0.1441452823028221D0,0.9438780000000002D0,                       0000067P   1057
-0.06071351219512185D0,0.1586380475571312D0,                     0000067P   1058
0.9948980000000003D0,-0.06428648780487807D0,                     0000067P   1059
0.1418309450522276D0,0.9438780000000002D0,                       0000067P   1060
-0.06428648780487808D0,0.1561492195183447D0,                     0000067P   1061
0.9948979999999999D0,-0.06785653658536585D0,                     0000067P   1062
0.1393849374882676D0,0.9438780000000002D0,                       0000067P   1063
-0.06785653658536585D0,0.1535210743694904D0,                     0000067P   1064
0.9948980000000003D0,-0.07142936585365856D0,                     0000067P   1065
0.1368073049947019D0,0.9438780000000002D0,                       0000067P   1066
-0.07142936585365856D0,0.1507484830036939D0,                     0000067P   1067
0.9948979999999999D0,-0.075D0,0.1340958425329248D0,              0000067P   1068
0.9438780000000002D0,-0.075D0,0.147834993615734D0,               0000067P   1069
0.9948980000000003D0,-0.07857063414634148D0,                     0000067P   1070
0.1312533248735989D0,0.9438780000000002D0,                       0000067P   1071
-0.07857063414634148D0,0.1447775425333702D0,                     0000067P   1072
0.9948979999999999D0,-0.08214346341463415D0,                     0000067P   1073
0.1282768579726797D0,0.9438780000000002D0,                       0000067P   1074
-0.08214346341463415D0,0.1415788362507854D0,                     0000067P   1075
0.9948980000000003D0,-0.08571351219512194D0,                     0000067P   1076
0.1251692432356825D0,0.9438780000000002D0,                       0000067P   1077
-0.08571351219512194D0,0.1382371124634882D0,                     0000067P   1078
0.9948979999999999D0,-0.08928648780487808D0,                     0000067P   1079
0.1219281690845906D0,0.9438780000000002D0,                       0000067P   1080
-0.08928648780487808D0,0.1347507138952617D0,                     0000067P   1081
0.9948980000000003D0,-0.09285653658536584D0,                     0000067P   1082
0.1185540804259553D0,0.9438780000000002D0,                       0000067P   1083
-0.09285653658536584D0,0.131122031955465D0,0.9948979999999999D0, 0000067P   1084
-0.09642936585365856D0,0.1150475092115882D0,                     0000067P   1085
0.9438780000000002D0,-0.09642936585365856D0,                     0000067P   1086
0.1273491582828785D0,0.9948980000000003D0,                       0000067P   1087
-0.09999999999999998D0,0.1114058827276919D0,                     0000067P   1088
0.9438780000000002D0,-0.09999999999999995D0,                     0000067P   1089
0.1234313349130212D0,0.9948979999999999D0,-0.1035706341463416D0, 0000067P   1090
0.1076329598776444D0,0.9438780000000002D0,-0.1035706341463417D0, 0000067P   1091
0.1193675020650368D0,0.9948980000000003D0,-0.1071434634146337D0, 0000067P   1092
0.1037222777617306D0,0.9438780000000002D0,-0.1071434634146335D0, 0000067P   1093
0.1151566568268316D0,0.9948979999999999D0,-0.1107135121951237D0, 0000067P   1094
0.09967792907543316D0,0.9438780000000002D0,                      0000067P   1095
-0.1107135121951243D0,0.110797870627637D0,0.9948980000000003D0,  0000067P   1096
-0.1142864878048717D0,0.09549600593653676D0,                     0000067P   1097
0.9438780000000002D0,-0.1142864878048694D0,0.1062898606626205D0, 0000067P   1098
0.9948979999999999D0,-0.1178565365853894D0,                      0000067P   1099
0.09117604717841987D0,0.9438780000000002D0,                      0000067P   1100
-0.1178565365853981D0,0.101626686721881D0,0.9948980000000003D0,  0000067P   1101
-0.1214293658535708D0,0.08671780534978379D0,                     0000067P   1102
0.9438780000000002D0,-0.1214293658535383D0,                      0000067P   1103
0.09680939244985549D0,0.9948979999999999D0,                      0000067P   1104
-0.1250000000003274D0,0.08211673142244498D0,                     0000067P   1105
0.9438780000000002D0,-0.1250000000004489D0,                      0000067P   1106
0.09183374347869702D0,0.9948979999999998D0,                      0000067P   1107
-0.1285706341451197D0,0.07737326896043631D0,0.943878D0,          0000067P   1108
-0.1285706341446661D0,0.08669163363535644D0,                     0000067P   1109
0.9948980000000001D0,-0.1321434634191939D0,                      0000067P   1110
0.07248419273580979D0,0.943878D0,-0.1321434634208867D0,          0000067P   1111
0.08138372197987727D0,0.9948980000000001D0,-0.135713512178105D0, 0000067P   1112
0.06744396009632454D0,0.9438780000000002D0,                      0000067P   1113
-0.1357135121717874D0,0.0758974784451345D0,0.9948979999999998D0, 0000067P   1114
-0.1392864878683862D0,0.06224796687889207D0,0.943878D0,          0000067P   1115
-0.1392864878919639D0,0.07022836423958471D0,                     0000067P   1116
0.9948980000000001D0,-0.1428565363483503D0,                      0000067P   1117
0.05689617238810719D0,0.943878D0,-0.1428565362603572D0,          0000067P   1118
0.06436506459652661D0,0.9948979999999999D0,                      0000067P   1119
-0.1464293667382128D0,0.05137534356867916D0,                     0000067P   1120
0.9438780000000002D0,-0.1464293670666075D0,                      0000067P   1121
0.05829737737430887D0,0.9948980000000001D0,                      0000067P   1122
-0.1499999966987986D0,0.04568445333717619D0,                     0000067P   1123
0.9438779999999999D0,-0.1499999954732128D0,                      0000067P   1124
0.05201142590623799D0,0.9948980000000001D0,                      0000067P   1125
-0.1535706464665926D0,0.03981084308261607D0,                     0000067P   1126
0.9438780000000002D0,-0.1535706510405412D0,                      0000067P   1127
0.04548891900073916D0,0.9948980000000001D0,                      0000067P   1128
-0.1571434174348311D0,0.03374617433235956D0,0.943878D0,          0000067P   1129
-0.1571434003646224D0,0.03871489809080536D0,                     0000067P   1130
0.9948979999999998D0,-0.1607136837940829D0,                      0000067P   1131
0.02747645958794568D0,0.943878D0,-0.1607137475009694D0,          0000067P   1132
0.03165948863603937D0,0.9948980000000001D0,                      0000067P   1133
-0.1642858473888374D0,0.02099398731585771D0,0.943878D0,          0000067P   1134
-0.1642856096315D0,0.02430714736503718D0,0.9948980000000001D0,   0000067P   1135
-0.1678589266505676D0,0.01426559114862347D0,0.943878D0,          0000067P   1136
-0.1678598139730306D0,0.01660592190381195D0,                     0000067P   1137
0.9948980000000001D0,-0.1714204460088925D0,                      0000067P   1138
0.007317648089648429D0,0.9438780000000002D0,                     0000067P   1139
-0.1714171344763775D0,0.008581165019715026D0,                    0000067P   1140
0.9948979999999999D0,-0.173829008212206D0,                       0000067P   1141
0.002427093691738022D0,0.943878D0,-0.1738361435730988D0,         0000067P   1142
0.002838667018123634D0,0.9948979999999999D0,-0.175D0,0.0D0,      0000067P   1143
0.943878D0,-0.175D0,0.0D0,0.0D0,0.05344730279443478D0,-49.0D0,   0000067P   1144
0.0D0,0,1,65;                                                    0000067P   1145
126,3,3,1,0,1,0,0.0D0,0.0D0,0.0D0,0.0D0,0.05101457769862278D0,   0000069P   1146
0.05101457769862278D0,0.05101457769862278D0,                     0000069P   1147
0.05101457769862278D0,1.0D0,1.0D0,1.0D0,1.0D0,                   0000069P   1148
0.05344730279443478D0,-0.2246561024417264D0,0.0D0,               0000069P   1149
0.03304551346249973D0,-0.248170987545867D0,0.0D0,                0000069P   1150
0.01536420942133343D0,-0.2739692374697584D0,0.0D0,0.0D0,         0000069P   1151
-0.3010230697362974D0,0.0D0,0.0D0,0.05101457769862278D0,0.0D0,   0000069P   1152
0.0D0,1.0D0,0,1,65;                                              0000069P   1153
126,3,3,1,0,1,0,0.05101457769862278D0,0.05101457769862278D0,     0000071P   1154
0.05101457769862278D0,0.05101457769862278D0,48.74999150796232D0, 0000071P   1155
48.74999150796232D0,48.74999150796232D0,48.74999150796232D0,     0000071P   1156
1.0D0,1.0D0,1.0D0,1.0D0,0.0D0,-0.3010230697362974D0,0.0D0,0.0D0, 0000071P   1157
-16.5340153798242D0,0.0D0,0.0D0,-32.7670076899121D0,0.0D0,0.0D0, 0000071P   1158
-49.0D0,0.0D0,0.05101457769862278D0,48.74999150796232D0,0.0D0,   0000071P   1159
0.0D0,1.0D0,0,1,65;                                              0000071P   1160
126,3,3,1,0,1,0,48.74999150796232D0,48.74999150796232D0,         0000073P   1161
48.74999150796232D0,48.74999150796232D0,48.80343881075675D0,     0000073P   1162
48.80343881075675D0,48.80343881075675D0,48.80343881075675D0,     0000073P   1163
1.0D0,1.0D0,1.0D0,1.0D0,0.0D0,-49.0D0,0.0D0,                     0000073P   1164
0.01781576759814493D0,-49.0D0,0.0D0,0.03563153519628985D0,       0000073P   1165
-49.0D0,0.0D0,0.05344730279443478D0,-49.0D0,0.0D0,               0000073P   1166
48.74999150796232D0,48.80343881075675D0,0.0D0,0.0D0,1.0D0,0,1,   0000073P   1167
65;                                                              0000073P   1168
126,3,3,1,0,1,0,48.80343881075675D0,48.80343881075675D0,         0000075P   1169
48.80343881075675D0,48.80343881075675D0,97.57878270831503D0,     0000075P   1170
97.57878270831503D0,97.57878270831503D0,97.57878270831503D0,     0000075P   1171
1.0D0,1.0D0,1.0D0,1.0D0,0.05344730279443478D0,-49.0D0,0.0D0,     0000075P   1172
0.05344730279443478D0,-32.74155203414724D0,0.0D0,                0000075P   1173
0.05344730279443478D0,-16.48310406829448D0,0.0D0,                0000075P   1174
0.05344730279443478D0,-0.2246561024417264D0,0.0D0,               0000075P   1175
48.80343881075675D0,97.57878270831503D0,0.0D0,0.0D0,1.0D0,0,1,   0000075P   1176
65;                                                              0000075P   1177
102,4,69,71,73,75,0,1,65;                                        0000077P   1178
126,3,3,1,0,1,0,0.0D0,0.0D0,0.0D0,0.0D0,0.05101457769862278D0,   0000079P   1179
0.05101457769862278D0,0.05101457769862278D0,                     0000079P   1180
0.05101457769862278D0,1.0D0,1.0D0,1.0D0,1.0D0,                   0000079P   1181
0.9438779999999998D0,-0.1742093381390709D0,                      0000079P   1182
0.001916622407212876D0,0.9608842410125299D0,                     0000079P   1183
-0.1741353620078109D0,0.001999086877091395D0,                    0000079P   1184
0.9778908078704377D0,-0.1740473177662641D0,                      0000079P   1185
0.002090673127318787D0,0.9948979999999996D0,                     0000079P   1186
-0.1739346052168364D0,0.002194517258604769D0,0.0D0,              0000079P   1187
0.05101457769862278D0,-0.004849013977935331D0,0.0D0,             0000079P   1188
0.9999882434626127D0,0,1,65;                                     0000079P   1189
126,51,3,1,0,1,0,0.05101457769862278D0,0.05101457769862278D0,    0000081P   1190
0.05101457769862278D0,0.05101457769862278D0,                     0000081P   1191
0.7499915079623272D0,1.749991507962327D0,2.749991507962327D0,    0000081P   1192
3.749991507962327D0,4.749991507962327D0,5.749991507962327D0,     0000081P   1193
6.749991507962327D0,7.749991507962327D0,8.749991507962328D0,     0000081P   1194
9.749991507962328D0,10.74999150796233D0,11.74999150796233D0,     0000081P   1195
12.74999150796233D0,13.74999150796233D0,14.74999150796233D0,     0000081P   1196
15.74999150796233D0,16.74999150796233D0,17.74999150796233D0,     0000081P   1197
18.74999150796233D0,19.74999150796233D0,20.74999150796233D0,     0000081P   1198
21.74999150796233D0,22.74999150796233D0,23.74999150796233D0,     0000081P   1199
24.74999150796233D0,25.74999150796233D0,26.74999150796233D0,     0000081P   1200
27.74999150796233D0,28.74999150796233D0,29.74999150796233D0,     0000081P   1201
30.74999150796233D0,31.74999150796233D0,32.74999150796233D0,     0000081P   1202
33.74999150796233D0,34.74999150796233D0,35.74999150796233D0,     0000081P   1203
36.74999150796233D0,37.74999150796233D0,38.74999150796233D0,     0000081P   1204
39.74999150796233D0,40.74999150796233D0,41.74999150796233D0,     0000081P   1205
42.74999150796233D0,43.74999150796233D0,44.74999150796233D0,     0000081P   1206
45.74999150796233D0,46.74999150796233D0,47.74999150796233D0,     0000081P   1207
48.74999150796233D0,48.74999150796233D0,48.74999150796233D0,     0000081P   1208
48.74999150796233D0,1.0D0,1.0D0,1.0D0,1.0D0,1.0D0,1.0D0,1.0D0,   0000081P   1209
1.0D0,1.0D0,1.0D0,1.0D0,1.0D0,1.0D0,1.0D0,1.0D0,1.0D0,1.0D0,     0000081P   1210
1.0D0,1.0D0,1.0D0,1.0D0,1.0D0,1.0D0,1.0D0,1.0D0,1.0D0,1.0D0,     0000081P   1211
1.0D0,1.0D0,1.0D0,1.0D0,1.0D0,1.0D0,1.0D0,1.0D0,1.0D0,1.0D0,     0000081P   1212
1.0D0,1.0D0,1.0D0,1.0D0,1.0D0,1.0D0,1.0D0,1.0D0,1.0D0,1.0D0,     0000081P   1213
1.0D0,1.0D0,1.0D0,1.0D0,1.0D0,0.9948980000000001D0,              0000081P   1214
-0.1739346052168364D0,0.002194517258604742D0,                    0000081P   1215
0.9948979999999999D0,-0.1731047505430643D0,                      0000081P   1216
0.003893405309873253D0,0.9948980000000001D0,                     0000081P   1217
-0.1710630795121697D0,0.008014811805636981D0,                    0000081P   1218
0.9948980000000001D0,-0.1678589266505676D0,                      0000081P   1219
0.01426559114862347D0,0.9948980000000001D0,                      0000081P   1220
-0.1642858473888374D0,0.02099398731585771D0,                     0000081P   1221
0.9948979999999998D0,-0.1607136837940829D0,                      0000081P   1222
0.02747645958794568D0,0.9948980000000001D0,                      0000081P   1223
-0.1571434174348311D0,0.03374617433235956D0,                     0000081P   1224
0.9948980000000001D0,-0.1535706464665926D0,                      0000081P   1225
0.03981084308261607D0,0.9948980000000001D0,                      0000081P   1226
-0.1499999966987986D0,0.04568445333717619D0,                     0000081P   1227
0.9948979999999999D0,-0.1464293667382128D0,                      0000081P   1228
0.05137534356867916D0,0.9948980000000001D0,                      0000081P   1229
-0.1428565363483503D0,0.05689617238810719D0,                     0000081P   1230
0.9948979999999998D0,-0.1392864878683862D0,                      0000081P   1231
0.06224796687889207D0,0.9948980000000001D0,-0.135713512178105D0, 0000081P   1232
0.06744396009632454D0,0.9948980000000001D0,                      0000081P   1233
-0.1321434634191939D0,0.07248419273580979D0,                     0000081P   1234
0.9948979999999998D0,-0.1285706341451197D0,                      0000081P   1235
0.07737326896043631D0,0.9948979999999999D0,                      0000081P   1236
-0.1250000000003274D0,0.08211673142244498D0,                     0000081P   1237
0.9948980000000003D0,-0.1214293658535708D0,                      0000081P   1238
0.08671780534978379D0,0.9948979999999999D0,                      0000081P   1239
-0.1178565365853894D0,0.09117604717841987D0,                     0000081P   1240
0.9948980000000003D0,-0.1142864878048717D0,                      0000081P   1241
0.09549600593653676D0,0.9948979999999999D0,                      0000081P   1242
-0.1107135121951237D0,0.09967792907543316D0,                     0000081P   1243
0.9948980000000003D0,-0.1071434634146337D0,0.1037222777617306D0, 0000081P   1244
0.9948979999999999D0,-0.1035706341463416D0,0.1076329598776444D0, 0000081P   1245
0.9948980000000003D0,-0.09999999999999998D0,                     0000081P   1246
0.1114058827276919D0,0.9948979999999999D0,                       0000081P   1247
-0.09642936585365856D0,0.1150475092115882D0,                     0000081P   1248
0.9948980000000003D0,-0.09285653658536584D0,                     0000081P   1249
0.1185540804259553D0,0.9948979999999999D0,                       0000081P   1250
-0.08928648780487808D0,0.1219281690845906D0,                     0000081P   1251
0.9948980000000003D0,-0.08571351219512194D0,                     0000081P   1252
0.1251692432356825D0,0.9948979999999999D0,                       0000081P   1253
-0.08214346341463415D0,0.1282768579726797D0,                     0000081P   1254
0.9948980000000003D0,-0.07857063414634148D0,                     0000081P   1255
0.1312533248735989D0,0.9948979999999999D0,-0.075D0,              0000081P   1256
0.1340958425329248D0,0.9948980000000003D0,                       0000081P   1257
-0.07142936585365856D0,0.1368073049947019D0,                     0000081P   1258
0.9948979999999999D0,-0.06785653658536585D0,                     0000081P   1259
0.1393849374882676D0,0.9948980000000003D0,                       0000081P   1260
-0.06428648780487807D0,0.1418309450522276D0,                     0000081P   1261
0.9948979999999999D0,-0.06071351219512185D0,                     0000081P   1262
0.1441452823028221D0,0.9948980000000003D0,                       0000081P   1263
-0.05714346341463454D0,0.146325925736484D0,0.9948979999999999D0, 0000081P   1264
-0.05357063414633999D0,0.1483750147512419D0,                     0000081P   1265
0.9948980000000003D0,-0.05000000000000555D0,                     0000081P   1266
0.1502920152585484D0,0.9948979999999999D0,                       0000081P   1267
-0.04642936585363786D0,0.1520769242145645D0,                     0000081P   1268
0.9948980000000003D0,-0.04285653658544301D0,                     0000081P   1269
0.1537302878831939D0,0.9948979999999999D0,-0.0392864878045901D0, 0000081P   1270
0.1552499242526601D0,0.9948980000000003D0,                       0000081P   1271
-0.03571351219619665D0,0.1566380151061657D0,                     0000081P   1272
0.9948979999999999D0,-0.03214346341062336D0,                     0000081P   1273
0.1578940153226771D0,0.9948980000000003D0,                       0000081P   1274
-0.02857063416130992D0,0.1590179236031259D0,                     0000081P   1275
0.9948979999999999D0,-0.02499999994413697D0,                     0000081P   1276
0.1600102902648191D0,0.9948980000000003D0,                       0000081P   1277
-0.02142936606214223D0,0.1608689153375977D0,                     0000081P   1278
0.9948979999999999D0,-0.01785653580729413D0,                     0000081P   1279
0.1615960483847902D0,0.9948980000000003D0,                       0000081P   1280
-0.01428649070868125D0,0.1621908911232415D0,                     0000081P   1281
0.9948979999999999D0,-0.01071350135798088D0,                     0000081P   1282
0.1626543871222438D0,0.9948980000000003D0,                       0000081P   1283
-0.007143503859395245D0,0.1629835603877833D0,                    0000081P   1284
0.9948979999999998D0,-0.00357048320443815D0,                     0000081P   1285
0.1631833713266231D0,0.9948979999999999D0,                       0000081P   1286
-0.001190536616714155D0,0.1632270933126906D0,                    0000081P   1287
0.9948979999999999D0,0.0D0,0.163227D0,0.05101457769862278D0,     0000081P   1288
48.74999150796233D0,1.0D0,0.0D0,0.0D0,0,1,65;                    0000081P   1289
126,1,1,1,0,1,0,48.74999150796233D0,48.74999150796233D0,         0000083P   1290
48.80343881075676D0,48.80343881075676D0,1.0D0,1.0D0,             0000083P   1291
0.9948979999999999D0,0.0D0,0.163227D0,0.943878D0,0.0D0,          0000083P   1292
0.179151D0,48.74999150796233D0,48.80343881075676D0,0.0D0,1.0D0,  0000083P   1293
0.0D0,0,1,65;                                                    0000083P   1294
126,51,3,1,0,1,0,48.80343881075676D0,48.80343881075676D0,        0000085P   1295
48.80343881075676D0,48.80343881075676D0,49.80343881075676D0,     0000085P   1296
50.80343881075676D0,51.80343881075676D0,52.80343881075676D0,     0000085P   1297
53.80343881075676D0,54.80343881075676D0,55.80343881075676D0,     0000085P   1298
56.80343881075676D0,57.80343881075676D0,58.80343881075676D0,     0000085P   1299
59.80343881075676D0,60.80343881075676D0,61.80343881075676D0,     0000085P   1300
62.80343881075676D0,63.80343881075676D0,64.80343881075676D0,     0000085P   1301
65.80343881075676D0,66.80343881075676D0,67.80343881075676D0,     0000085P   1302
68.80343881075676D0,69.80343881075676D0,70.80343881075676D0,     0000085P   1303
71.80343881075676D0,72.80343881075676D0,73.80343881075676D0,     0000085P   1304
74.80343881075676D0,75.80343881075676D0,76.80343881075676D0,     0000085P   1305
77.80343881075676D0,78.80343881075676D0,79.80343881075676D0,     0000085P   1306
80.80343881075676D0,81.80343881075676D0,82.80343881075676D0,     0000085P   1307
83.80343881075676D0,84.80343881075676D0,85.80343881075676D0,     0000085P   1308
86.80343881075676D0,87.80343881075676D0,88.80343881075676D0,     0000085P   1309
89.80343881075676D0,90.80343881075676D0,91.80343881075676D0,     0000085P   1310
92.80343881075676D0,93.80343881075676D0,94.80343881075676D0,     0000085P   1311
95.80343881075676D0,96.80343881075676D0,97.57878270831503D0,     0000085P   1312
97.57878270831503D0,97.57878270831503D0,97.57878270831503D0,     0000085P   1313
1.0D0,1.0D0,1.0D0,1.0D0,1.0D0,1.0D0,1.0D0,1.0D0,1.0D0,1.0D0,     0000085P   1314
1.0D0,1.0D0,1.0D0,1.0D0,1.0D0,1.0D0,1.0D0,1.0D0,1.0D0,1.0D0,     0000085P   1315
1.0D0,1.0D0,1.0D0,1.0D0,1.0D0,1.0D0,1.0D0,1.0D0,1.0D0,1.0D0,     0000085P   1316
1.0D0,1.0D0,1.0D0,1.0D0,1.0D0,1.0D0,1.0D0,1.0D0,1.0D0,1.0D0,     0000085P   1317
1.0D0,1.0D0,1.0D0,1.0D0,1.0D0,1.0D0,1.0D0,1.0D0,1.0D0,1.0D0,     0000085P   1318
1.0D0,1.0D0,0.943878D0,0.0D0,0.179151D0,0.943878D0,              0000085P   1319
-0.001190568582458094D0,0.1791510775840303D0,0.943878D0,         0000085P   1320
-0.003570468369084759D0,0.1791040175644867D0,                    0000085P   1321
0.9438780000000002D0,-0.007143507834516206D0,                    0000085P   1322
0.1788893221482511D0,0.9438780000000002D0,                       0000085P   1323
-0.01071350029285043D0,0.1785346938425088D0,                     0000085P   1324
0.9438780000000002D0,-0.01428649099408209D0,                     0000085P   1325
0.1780379024817139D0,0.9438780000000002D0,                       0000085P   1326
-0.01785653573082121D0,0.1773976962306358D0,                     0000085P   1327
0.9438780000000002D0,-0.02142936608263309D0,0.176615312595743D0, 0000085P   1328
0.9438780000000002D0,-0.02499999993864646D0,                     0000085P   1329
0.1756930533863924D0,0.9438780000000002D0,-0.0285706341627811D0, 0000085P   1330
0.1746264738586875D0,0.9438780000000002D0,                       0000085P   1331
-0.03214346341022916D0,0.1734190511788575D0,                     0000085P   1332
0.9438780000000002D0,-0.03571351219630228D0,                     0000085P   1333
0.1720673214258826D0,0.9438780000000002D0,                       0000085P   1334
-0.03928648780456179D0,0.1705756631176121D0,                     0000085P   1335
0.9438780000000002D0,-0.04285653658545059D0,                     0000085P   1336
0.1689420261036692D0,0.9438780000000002D0,                       0000085P   1337
-0.04642936585363583D0,0.1671642324677113D0,                     0000085P   1338
0.9438780000000002D0,-0.0500000000000061D0,0.1652470440254857D0, 0000085P   1339
0.9438780000000002D0,-0.05357063414633984D0,                     0000085P   1340
0.1631855914303459D0,0.9438780000000002D0,                       0000085P   1341
-0.05714346341463458D0,0.1609825902531308D0,                     0000085P   1342
0.9438780000000002D0,-0.06071351219512185D0,                     0000085P   1343
0.1586380475571312D0,0.9438780000000002D0,                       0000085P   1344
-0.06428648780487808D0,0.1561492195183447D0,                     0000085P   1345
0.9438780000000002D0,-0.06785653658536585D0,                     0000085P   1346
0.1535210743694904D0,0.9438780000000002D0,                       0000085P   1347
-0.07142936585365856D0,0.1507484830036939D0,                     0000085P   1348
0.9438780000000002D0,-0.075D0,0.147834993615734D0,               0000085P   1349
0.9438780000000002D0,-0.07857063414634148D0,                     0000085P   1350
0.1447775425333702D0,0.9438780000000002D0,                       0000085P   1351
-0.08214346341463415D0,0.1415788362507854D0,                     0000085P   1352
0.9438780000000002D0,-0.08571351219512194D0,                     0000085P   1353
0.1382371124634882D0,0.9438780000000002D0,                       0000085P   1354
-0.08928648780487808D0,0.1347507138952617D0,                     0000085P   1355
0.9438780000000002D0,-0.09285653658536584D0,0.131122031955465D0, 0000085P   1356
0.9438780000000002D0,-0.09642936585365856D0,                     0000085P   1357
0.1273491582828785D0,0.9438780000000002D0,                       0000085P   1358
-0.09999999999999995D0,0.1234313349130212D0,                     0000085P   1359
0.9438780000000002D0,-0.1035706341463417D0,0.1193675020650368D0, 0000085P   1360
0.9438780000000002D0,-0.1071434634146335D0,0.1151566568268316D0, 0000085P   1361
0.9438780000000002D0,-0.1107135121951243D0,0.110797870627637D0,  0000085P   1362
0.9438780000000002D0,-0.1142864878048694D0,0.1062898606626205D0, 0000085P   1363
0.9438780000000002D0,-0.1178565365853981D0,0.101626686721881D0,  0000085P   1364
0.9438780000000002D0,-0.1214293658535383D0,                      0000085P   1365
0.09680939244985549D0,0.9438780000000002D0,                      0000085P   1366
-0.1250000000004489D0,0.09183374347869702D0,0.943878D0,          0000085P   1367
-0.1285706341446661D0,0.08669163363535644D0,0.943878D0,          0000085P   1368
-0.1321434634208867D0,0.08138372197987727D0,                     0000085P   1369
0.9438780000000002D0,-0.1357135121717874D0,0.0758974784451345D0, 0000085P   1370
0.943878D0,-0.1392864878919639D0,0.07022836423958471D0,          0000085P   1371
0.943878D0,-0.1428565362603572D0,0.06436506459652661D0,          0000085P   1372
0.9438780000000002D0,-0.1464293670666075D0,                      0000085P   1373
0.05829737737430887D0,0.9438779999999999D0,                      0000085P   1374
-0.1499999954732128D0,0.05201142590623799D0,                     0000085P   1375
0.9438780000000002D0,-0.1535706510405412D0,                      0000085P   1376
0.04548891900073916D0,0.943878D0,-0.1571434003646224D0,          0000085P   1377
0.03871489809080536D0,0.943878D0,-0.1607137475009694D0,          0000085P   1378
0.03165948863603937D0,0.943878D0,-0.1642856096315D0,             0000085P   1379
0.02430714736503718D0,0.943878D0,-0.1678598139730306D0,          0000085P   1380
0.01660592190381195D0,0.9438780000000002D0,                      0000085P   1381
-0.1711507432232382D0,0.009182101887922898D0,0.943878D0,         0000085P   1382
-0.1732932972749589D0,0.004123799813127703D0,                    0000085P   1383
0.9438780000000001D0,-0.1742093381390709D0,                      0000085P   1384
0.001916622407212852D0,48.80343881075676D0,97.57878270831503D0,  0000085P   1385
1.0D0,0.0D0,0.0D0,0,1,65;                                        0000085P   1386
102,4,79,81,83,85,0,1,65;                                        0000087P   1387
142,0,67,77,87,1,0,1,65;                                         0000089P   1388
144,67,1,0,89,0,1,65;                                            0000091P   1389
406,1,7HTrimSrf;                                                 0000093P   1390
128,1,51,1,3,0,0,1,0,0,0.0D0,0.0D0,0.05480668981632335D0,        0000095P   1391
0.05480668981632335D0,-49.0D0,-49.0D0,-49.0D0,-49.0D0,-48.0D0,   0000095P   1392
-47.0D0,-46.0D0,-45.0D0,-44.0D0,-43.0D0,-42.0D0,-41.0D0,-40.0D0, 0000095P   1393
-39.0D0,-38.0D0,-37.0D0,-36.0D0,-35.0D0,-34.0D0,-33.0D0,-32.0D0, 0000095P   1394
-31.0D0,-30.0D0,-29.0D0,-28.0D0,-27.0D0,-26.0D0,-25.0D0,-24.0D0, 0000095P   1395
-23.0D0,-22.0D0,-21.0D0,-20.0D0,-19.0D0,-18.0D0,-17.0D0,-16.0D0, 0000095P   1396
-15.0D0,-14.0D0,-13.0D0,-12.0D0,-11.0D0,-10.0D0,-9.0D0,-8.0D0,   0000095P   1397
-7.0D0,-6.0D0,-5.0D0,-4.0D0,-3.0D0,-2.0D0,-1.0D0,0.0D0,0.0D0,    0000095P   1398
0.0D0,0.0D0,1.0D0,1.0D0,1.0D0,1.0D0,1.0D0,1.0D0,1.0D0,1.0D0,     0000095P   1399
1.0D0,1.0D0,1.0D0,1.0D0,1.0D0,1.0D0,1.0D0,1.0D0,1.0D0,1.0D0,     0000095P   1400
1.0D0,1.0D0,1.0D0,1.0D0,1.0D0,1.0D0,1.0D0,1.0D0,1.0D0,1.0D0,     0000095P   1401
1.0D0,1.0D0,1.0D0,1.0D0,1.0D0,1.0D0,1.0D0,1.0D0,1.0D0,1.0D0,     0000095P   1402
1.0D0,1.0D0,1.0D0,1.0D0,1.0D0,1.0D0,1.0D0,1.0D0,1.0D0,1.0D0,     0000095P   1403
1.0D0,1.0D0,1.0D0,1.0D0,1.0D0,1.0D0,1.0D0,1.0D0,1.0D0,1.0D0,     0000095P   1404
1.0D0,1.0D0,1.0D0,1.0D0,1.0D0,1.0D0,1.0D0,1.0D0,1.0D0,1.0D0,     0000095P   1405
1.0D0,1.0D0,1.0D0,1.0D0,1.0D0,1.0D0,1.0D0,1.0D0,1.0D0,1.0D0,     0000095P   1406
1.0D0,1.0D0,1.0D0,1.0D0,1.0D0,1.0D0,1.0D0,1.0D0,1.0D0,1.0D0,     0000095P   1407
1.0D0,1.0D0,1.0D0,1.0D0,1.0D0,1.0D0,1.0D0,1.0D0,1.0D0,1.0D0,     0000095P   1408
1.0D0,1.0D0,1.0D0,1.0D0,1.0D0,1.0D0,1.045918D0,0.0D0,0.143209D0, 0000095P   1409
0.9948979999999999D0,0.0D0,0.163227D0,1.045918D0,                0000095P   1410
-0.00119049576817127D0,0.1432087804811602D0,                     0000095P   1411
0.9948979999999999D0,-0.001190536616714155D0,                    0000095P   1412
0.1632270933126906D0,1.045918D0,-0.003570502162312879D0,         0000095P   1413
0.1431694655160921D0,0.9948979999999998D0,                       0000095P   1414
-0.00357048320443815D0,0.1631833713266231D0,1.045918D0,          0000095P   1415
-0.007143498779648021D0,0.1429936999719375D0,                    0000095P   1416
0.9948980000000003D0,-0.007143503859395245D0,                    0000095P   1417
0.1629835603877833D0,1.045918D0,-0.01071350271909504D0,          0000095P   1418
0.1426997345961579D0,0.9948979999999999D0,                       0000095P   1419
-0.01071350135798088D0,0.1626543871222438D0,1.045918D0,          0000095P   1420
-0.01428649034397181D0,0.1422873616434309D0,                     0000095P   1421
0.9948980000000003D0,-0.01428649070868125D0,                     0000095P   1422
0.1621908911232415D0,1.045918D0,-0.01785653590501773D0,          0000095P   1423
0.1417588188301186D0,0.9948979999999999D0,                       0000095P   1424
-0.01785653580729413D0,0.1615960483847902D0,1.045918D0,          0000095P   1425
-0.02142936603595727D0,0.1411113630360947D0,                     0000095P   1426
0.9948980000000003D0,-0.02142936606214223D0,                     0000095P   1427
0.1608689153375977D0,1.045918D0,-0.02499999995115321D0,          0000095P   1428
0.1403477290255027D0,0.9948979999999999D0,                       0000095P   1429
-0.02499999994413697D0,0.1600102902648191D0,1.045918D0,          0000095P   1430
-0.02857063415942993D0,0.1394657208618945D0,                     0000095P   1431
0.9948980000000003D0,-0.02857063416130992D0,                     0000095P   1432
0.1590179236031259D0,1.045918D0,-0.0321434634111271D0,           0000095P   1433
0.1384653875269191D0,0.9948979999999999D0,                       0000095P   1434
-0.03214346341062336D0,0.1578940153226771D0,1.045918D0,          0000095P   1435
-0.03571351219606167D0,0.1373487290304292D0,                     0000095P   1436
0.9948980000000003D0,-0.03571351219619665D0,                     0000095P   1437
0.1566380151061657D0,1.045918D0,-0.03928648780462626D0,          0000095P   1438
0.1361136963513644D0,0.9948979999999999D0,-0.0392864878045901D0, 0000095P   1439
0.1552499242526601D0,1.045918D0,-0.04285653658543331D0,          0000095P   1440
0.1347604855641133D0,0.9948980000000003D0,                       0000095P   1441
-0.04285653658544301D0,0.1537302878831939D0,1.045918D0,          0000095P   1442
-0.04642936585364046D0,0.1332903613921824D0,                     0000095P   1443
0.9948979999999999D0,-0.04642936585363786D0,                     0000095P   1444
0.1520769242145645D0,1.045918D0,-0.05000000000000486D0,          0000095P   1445
0.1317040688671573D0,0.9948980000000003D0,                       0000095P   1446
-0.05000000000000555D0,0.1502920152585484D0,1.045918D0,          0000095P   1447
-0.05357063414634018D0,0.1299973631391886D0,                     0000095P   1448
0.9948979999999999D0,-0.05357063414633999D0,                     0000095P   1449
0.1483750147512419D0,1.045918D0,-0.05714346341463449D0,          0000095P   1450
0.1281744785760887D0,0.9948980000000003D0,                       0000095P   1451
-0.05714346341463454D0,0.146325925736484D0,1.045918D0,           0000095P   1452
-0.06071351219512187D0,0.1262347225564566D0,                     0000095P   1453
0.9948979999999999D0,-0.06071351219512185D0,                     0000095P   1454
0.1441452823028221D0,1.045918D0,-0.06428648780487807D0,          0000095P   1455
0.1241766311980849D0,0.9948980000000003D0,                       0000095P   1456
-0.06428648780487807D0,0.1418309450522276D0,1.045918D0,          0000095P   1457
-0.06785653658536585D0,0.1220007526512039D0,                     0000095P   1458
0.9948979999999999D0,-0.06785653658536585D0,                     0000095P   1459
0.1393849374882676D0,1.045918D0,-0.07142936585365856D0,          0000095P   1460
0.1197063581970995D0,0.9948980000000003D0,                       0000095P   1461
-0.07142936585365856D0,0.1368073049947019D0,1.045918D0,-0.075D0, 0000095P   1462
0.1172958145603982D0,0.9948979999999999D0,-0.075D0,              0000095P   1463
0.1340958425329248D0,1.045918D0,-0.07857063414634148D0,          0000095P   1464
0.1147663835613079D0,0.9948980000000003D0,                       0000095P   1465
-0.07857063414634148D0,0.1312533248735989D0,1.045918D0,          0000095P   1466
-0.08214346341463415D0,0.1121206511943704D0,                     0000095P   1467
0.9948979999999999D0,-0.08214346341463415D0,                     0000095P   1468
0.1282768579726797D0,1.045918D0,-0.08571351219512194D0,          0000095P   1469
0.1093570116612107D0,0.9948980000000003D0,                       0000095P   1470
-0.08571351219512194D0,0.1251692432356825D0,1.045918D0,          0000095P   1471
-0.08928648780487808D0,0.1064733021607871D0,                     0000095P   1472
0.9948979999999999D0,-0.08928648780487808D0,                     0000095P   1473
0.1219281690845906D0,1.045918D0,-0.09285653658536584D0,          0000095P   1474
0.1034737796956411D0,0.9948980000000003D0,                       0000095P   1475
-0.09285653658536584D0,0.1185540804259553D0,1.045918D0,          0000095P   1476
-0.09642936585365856D0,0.1003555790566487D0,                     0000095P   1477
0.9948979999999999D0,-0.09642936585365856D0,                     0000095P   1478
0.1150475092115882D0,1.045918D0,-0.09999999999999998D0,          0000095P   1479
0.0971199040777642D0,0.9948980000000003D0,                       0000095P   1480
-0.09999999999999998D0,0.1114058827276919D0,1.045918D0,          0000095P   1481
-0.1035706341463416D0,0.09376480463229454D0,                     0000095P   1482
0.9948979999999999D0,-0.1035706341463416D0,0.1076329598776444D0, 0000095P   1483
1.045918D0,-0.1071434634146338D0,0.09029087739305769D0,          0000095P   1484
0.9948980000000003D0,-0.1071434634146337D0,0.1037222777617306D0, 0000095P   1485
1.045918D0,-0.1107135121951232D0,0.08669768579547475D0,          0000095P   1486
0.9948979999999999D0,-0.1107135121951237D0,                      0000095P   1487
0.09967792907543316D0,1.045918D0,-0.1142864878048735D0,          0000095P   1488
0.08298637942504333D0,0.9948980000000003D0,                      0000095P   1489
-0.1142864878048717D0,0.09549600593653676D0,1.045918D0,          0000095P   1490
-0.1178565365853828D0,0.07915279650435197D0,                     0000095P   1491
0.9948979999999999D0,-0.1178565365853894D0,                      0000095P   1492
0.09117604717841987D0,1.045918D0,-0.1214293658535955D0,          0000095P   1493
0.07520043455754888D0,0.9948980000000003D0,                      0000095P   1494
-0.1214293658535708D0,0.08671780534978379D0,1.045918D0,          0000095P   1495
-0.1250000000002352D0,0.07112546526545255D0,                     0000095P   1496
0.9948979999999999D0,-0.1250000000003274D0,                      0000095P   1497
0.08211673142244498D0,1.045918D0,-0.1285706341454638D0,          0000095P   1498
0.06692770438064093D0,0.9948979999999998D0,                      0000095P   1499
-0.1285706341451197D0,0.07737326896043631D0,1.045918D0,          0000095P   1500
-0.1321434634179097D0,0.06260571721198371D0,                     0000095P   1501
0.9948980000000001D0,-0.1321434634191939D0,                      0000095P   1502
0.07248419273580979D0,1.045918D0,-0.1357135121828974D0,          0000095P   1503
0.05815942677142423D0,0.9948980000000001D0,-0.135713512178105D0, 0000095P   1504
0.06744396009632454D0,1.045918D0,-0.1392864878505007D0,          0000095P   1505
0.05358457570231942D0,0.9948979999999998D0,                      0000095P   1506
-0.1392864878683862D0,0.06224796687889207D0,1.045918D0,          0000095P   1507
-0.1428565364150998D0,0.04888027041929809D0,                     0000095P   1508
0.9948980000000001D0,-0.1428565363483503D0,                      0000095P   1509
0.05689617238810719D0,1.045918D0,-0.1464293664891001D0,          0000095P   1510
0.04404234262048822D0,0.9948979999999999D0,                      0000095P   1511
-0.1464293667382128D0,0.05137534356867916D0,1.045918D0,          0000095P   1512
-0.1499999976284998D0,0.03907035909874903D0,                     0000095P   1513
0.9948980000000001D0,-0.1499999966987986D0,                      0000095P   1514
0.04568445333717619D0,1.045918D0,-0.1535706429969007D0,          0000095P   1515
0.03395822098451565D0,0.9948980000000001D0,                      0000095P   1516
-0.1535706464665926D0,0.03981084308261607D0,1.045918D0,          0000095P   1517
-0.1571434303838976D0,0.0287007569631884D0,0.9948980000000001D0, 0000095P   1518
-0.1571434174348311D0,0.03374617433235956D0,1.045918D0,          0000095P   1519
-0.1607136354675091D0,0.02329475116273074D0,                     0000095P   1520
0.9948979999999998D0,-0.1607136837940829D0,                      0000095P   1521
0.02747645958794568D0,1.045918D0,-0.1642860277460661D0,          0000095P   1522
0.01773423838588865D0,0.9948980000000001D0,                      0000095P   1523
-0.1642858473888374D0,0.02099398731585771D0,1.045918D0,          0000095P   1524
-0.1678582535482265D0,0.01200429529371464D0,                     0000095P   1525
0.9948980000000001D0,-0.1678589266505676D0,                      0000095P   1526
0.01426559114862347D0,1.045918D0,-0.1714229580610278D0,          0000095P   1527
0.006122580439252796D0,0.9948980000000001D0,                     0000095P   1528
-0.1714204460088925D0,0.007317648089648429D0,1.045918D0,         0000095P   1529
-0.1738235954921174D0,0.002035115445933716D0,                    0000095P   1530
0.9948979999999999D0,-0.173829008212206D0,                       0000095P   1531
0.002427093691738022D0,1.045918D0,-0.175D0,0.0D0,                0000095P   1532
0.9948979999999999D0,-0.175D0,0.0D0,0.0D0,0.05480668981632335D0, 0000095P   1533
-49.0D0,0.0D0,0,1,93;                                            0000095P   1534
126,3,3,1,0,1,0,0.0D0,0.0D0,0.0D0,0.0D0,0.05101159086901769D0,   0000097P   1535
0.05101159086901769D0,0.05101159086901769D0,                     0000097P   1536
0.05101159086901769D0,1.0D0,1.0D0,1.0D0,1.0D0,                   0000097P   1537
0.05480668981632335D0,-0.3010232388232738D0,0.0D0,               0000097P   1538
0.03292285824245992D0,-0.3366978537455709D0,0.0D0,               0000097P   1539
0.01513621901816109D0,-0.3747565374576761D0,0.0D0,0.0D0,         0000097P   1540
-0.413735302216074D0,0.0D0,0.0D0,0.05101159086901769D0,0.0D0,    0000097P   1541
0.0D0,1.0D0,0,1,93;                                              0000097P   1542
126,3,3,1,0,1,0,0.05101159086901769D0,0.05101159086901769D0,     0000099P   1543
0.05101159086901769D0,0.05101159086901769D0,48.63727628865295D0, 0000099P   1544
48.63727628865295D0,48.63727628865295D0,48.63727628865295D0,     0000099P   1545
1.0D0,1.0D0,1.0D0,1.0D0,0.0D0,-0.413735302216074D0,0.0D0,0.0D0,  0000099P   1546
-16.60915686814405D0,0.0D0,0.0D0,-32.80457843407203D0,0.0D0,     0000099P   1547
0.0D0,-49.0D0,0.0D0,0.05101159086901769D0,48.63727628865295D0,   0000099P   1548
0.0D0,0.0D0,1.0D0,0,1,93;                                        0000099P   1549
126,3,3,1,0,1,0,48.63727628865295D0,48.63727628865295D0,         0000101P   1550
48.63727628865295D0,48.63727628865295D0,48.69208297846927D0,     0000101P   1551
48.69208297846927D0,48.69208297846927D0,48.69208297846927D0,     0000101P   1552
1.0D0,1.0D0,1.0D0,1.0D0,0.0D0,-49.0D0,0.0D0,                     0000101P   1553
0.01826889660544112D0,-49.0D0,0.0D0,0.03653779321088223D0,       0000101P   1554
-49.0D0,0.0D0,0.05480668981632335D0,-49.0D0,0.0D0,               0000101P   1555
48.63727628865295D0,48.69208297846927D0,0.0D0,0.0D0,1.0D0,0,1,   0000101P   1556
93;                                                              0000101P   1557
126,3,3,1,0,1,0,48.69208297846927D0,48.69208297846927D0,         0000103P   1558
48.69208297846927D0,48.69208297846927D0,97.39105973964601D0,     0000103P   1559
97.39105973964601D0,97.39105973964601D0,97.39105973964601D0,     0000103P   1560
1.0D0,1.0D0,1.0D0,1.0D0,0.05480668981632335D0,-49.0D0,0.0D0,     0000103P   1561
0.05480668981632334D0,-32.76700774627442D0,0.0D0,                0000103P   1562
0.05480668981632334D0,-16.53401549254885D0,0.0D0,                0000103P   1563
0.05480668981632335D0,-0.3010232388232738D0,0.0D0,               0000103P   1564
48.69208297846927D0,97.39105973964601D0,0.0D0,0.0D0,1.0D0,0,1,   0000103P   1565
93;                                                              0000103P   1566
102,4,97,99,101,103,0,1,93;                                      0000105P   1567
126,3,3,1,0,1,0,0.0D0,0.0D0,0.0D0,0.0D0,0.05101159086901769D0,   0000107P   1568
0.05101159086901769D0,0.05101159086901769D0,                     0000107P   1569
0.05101159086901769D0,1.0D0,1.0D0,1.0D0,1.0D0,                   0000107P   1570
0.9948979999999999D0,-0.173934604614595D0,0.00219451849152032D0, 0000107P   1571
1.011903974836208D0,-0.1738274852367896D0,                       0000107P   1572
0.002292995715557112D0,1.028910474491089D0,                      0000107P   1573
-0.1736985882683561D0,0.002402662055361835D0,1.045918D0,         0000107P   1574
-0.1735296806484038D0,0.002526867349353206D0,0.0D0,              0000107P   1575
0.05101159086901769D0,-0.006298801088499111D0,                   0000107P   1576
0.9999801623556577D0,0.0D0,0,1,93;                               0000107P   1577
126,51,3,1,0,1,0,0.05101159086901769D0,0.05101159086901769D0,    0000109P   1578
0.05101159086901769D0,0.05101159086901769D0,                     0000109P   1579
0.6372762886529424D0,1.637276288652942D0,2.637276288652942D0,    0000109P   1580
3.637276288652942D0,4.637276288652942D0,5.637276288652942D0,     0000109P   1581
6.637276288652942D0,7.637276288652942D0,8.637276288652943D0,     0000109P   1582
9.637276288652943D0,10.63727628865294D0,11.63727628865294D0,     0000109P   1583
12.63727628865294D0,13.63727628865294D0,14.63727628865294D0,     0000109P   1584
15.63727628865294D0,16.63727628865294D0,17.63727628865294D0,     0000109P   1585
18.63727628865294D0,19.63727628865294D0,20.63727628865294D0,     0000109P   1586
21.63727628865294D0,22.63727628865294D0,23.63727628865294D0,     0000109P   1587
24.63727628865294D0,25.63727628865294D0,26.63727628865294D0,     0000109P   1588
27.63727628865294D0,28.63727628865294D0,29.63727628865294D0,     0000109P   1589
30.63727628865294D0,31.63727628865294D0,32.63727628865294D0,     0000109P   1590
33.63727628865294D0,34.63727628865294D0,35.63727628865294D0,     0000109P   1591
36.63727628865294D0,37.63727628865294D0,38.63727628865294D0,     0000109P   1592
39.63727628865294D0,40.63727628865294D0,41.63727628865294D0,     0000109P   1593
42.63727628865294D0,43.63727628865294D0,44.63727628865294D0,     0000109P   1594
45.63727628865294D0,46.63727628865294D0,47.63727628865294D0,     0000109P   1595
48.63727628865294D0,48.63727628865294D0,48.63727628865294D0,     0000109P   1596
48.63727628865294D0,1.0D0,1.0D0,1.0D0,1.0D0,1.0D0,1.0D0,1.0D0,   0000109P   1597
1.0D0,1.0D0,1.0D0,1.0D0,1.0D0,1.0D0,1.0D0,1.0D0,1.0D0,1.0D0,     0000109P   1598
1.0D0,1.0D0,1.0D0,1.0D0,1.0D0,1.0D0,1.0D0,1.0D0,1.0D0,1.0D0,     0000109P   1599
1.0D0,1.0D0,1.0D0,1.0D0,1.0D0,1.0D0,1.0D0,1.0D0,1.0D0,1.0D0,     0000109P   1600
1.0D0,1.0D0,1.0D0,1.0D0,1.0D0,1.0D0,1.0D0,1.0D0,1.0D0,1.0D0,     0000109P   1601
1.0D0,1.0D0,1.0D0,1.0D0,1.0D0,1.045918D0,-0.1735296806484038D0,  0000109P   1602
0.002526867349353221D0,1.045918D0,-0.1728314012794394D0,         0000109P   1603
0.003719126399537814D0,1.045918D0,-0.1709313433613895D0,         0000109P   1604
0.006933738130205978D0,1.045918D0,-0.1678582535482265D0,         0000109P   1605
0.01200429529371464D0,1.045918D0,-0.1642860277460661D0,          0000109P   1606
0.01773423838588865D0,1.045918D0,-0.1607136354675091D0,          0000109P   1607
0.02329475116273074D0,1.045918D0,-0.1571434303838976D0,          0000109P   1608
0.0287007569631884D0,1.045918D0,-0.1535706429969007D0,           0000109P   1609
0.03395822098451565D0,1.045918D0,-0.1499999976284998D0,          0000109P   1610
0.03907035909874903D0,1.045918D0,-0.1464293664891001D0,          0000109P   1611
0.04404234262048822D0,1.045918D0,-0.1428565364150998D0,          0000109P   1612
0.04888027041929809D0,1.045918D0,-0.1392864878505007D0,          0000109P   1613
0.05358457570231942D0,1.045918D0,-0.1357135121828974D0,          0000109P   1614
0.05815942677142423D0,1.045918D0,-0.1321434634179097D0,          0000109P   1615
0.06260571721198371D0,1.045918D0,-0.1285706341454638D0,          0000109P   1616
0.06692770438064093D0,1.045918D0,-0.1250000000002352D0,          0000109P   1617
0.07112546526545255D0,1.045918D0,-0.1214293658535955D0,          0000109P   1618
0.07520043455754888D0,1.045918D0,-0.1178565365853828D0,          0000109P   1619
0.07915279650435197D0,1.045918D0,-0.1142864878048735D0,          0000109P   1620
0.08298637942504333D0,1.045918D0,-0.1107135121951232D0,          0000109P   1621
0.08669768579547475D0,1.045918D0,-0.1071434634146338D0,          0000109P   1622
0.09029087739305769D0,1.045918D0,-0.1035706341463416D0,          0000109P   1623
0.09376480463229454D0,1.045918D0,-0.09999999999999998D0,         0000109P   1624
0.0971199040777642D0,1.045918D0,-0.09642936585365856D0,          0000109P   1625
0.1003555790566487D0,1.045918D0,-0.09285653658536584D0,          0000109P   1626
0.1034737796956411D0,1.045918D0,-0.08928648780487808D0,          0000109P   1627
0.1064733021607871D0,1.045918D0,-0.08571351219512194D0,          0000109P   1628
0.1093570116612107D0,1.045918D0,-0.08214346341463415D0,          0000109P   1629
0.1121206511943704D0,1.045918D0,-0.07857063414634148D0,          0000109P   1630
0.1147663835613079D0,1.045918D0,-0.075D0,0.1172958145603982D0,   0000109P   1631
1.045918D0,-0.07142936585365856D0,0.1197063581970995D0,          0000109P   1632
1.045918D0,-0.06785653658536585D0,0.1220007526512039D0,          0000109P   1633
1.045918D0,-0.06428648780487807D0,0.1241766311980849D0,          0000109P   1634
1.045918D0,-0.06071351219512187D0,0.1262347225564566D0,          0000109P   1635
1.045918D0,-0.05714346341463449D0,0.1281744785760887D0,          0000109P   1636
1.045918D0,-0.05357063414634018D0,0.1299973631391886D0,          0000109P   1637
1.045918D0,-0.05000000000000486D0,0.1317040688671573D0,          0000109P   1638
1.045918D0,-0.04642936585364046D0,0.1332903613921824D0,          0000109P   1639
1.045918D0,-0.04285653658543331D0,0.1347604855641133D0,          0000109P   1640
1.045918D0,-0.03928648780462626D0,0.1361136963513644D0,          0000109P   1641
1.045918D0,-0.03571351219606167D0,0.1373487290304292D0,          0000109P   1642
1.045918D0,-0.0321434634111271D0,0.1384653875269191D0,           0000109P   1643
1.045918D0,-0.02857063415942993D0,0.1394657208618945D0,          0000109P   1644
1.045918D0,-0.02499999995115321D0,0.1403477290255027D0,          0000109P   1645
1.045918D0,-0.02142936603595727D0,0.1411113630360947D0,          0000109P   1646
1.045918D0,-0.01785653590501773D0,0.1417588188301186D0,          0000109P   1647
1.045918D0,-0.01428649034397181D0,0.1422873616434309D0,          0000109P   1648
1.045918D0,-0.01071350271909504D0,0.1426997345961579D0,          0000109P   1649
1.045918D0,-0.007143498779648021D0,0.1429936999719375D0,         0000109P   1650
1.045918D0,-0.003570502162312879D0,0.1431694655160921D0,         0000109P   1651
1.045918D0,-0.00119049576817127D0,0.1432087804811602D0,          0000109P   1652
1.045918D0,0.0D0,0.143209D0,0.05101159086901769D0,               0000109P   1653
48.63727628865294D0,1.0D0,0.0D0,0.0D0,0,1,93;                    0000109P   1654
126,1,1,1,0,1,0,48.63727628865294D0,48.63727628865294D0,         0000111P   1655
48.69208297846927D0,48.69208297846927D0,1.0D0,1.0D0,1.045918D0,  0000111P   1656
0.0D0,0.143209D0,0.9948979999999999D0,0.0D0,0.163227D0,          0000111P   1657
48.63727628865294D0,48.69208297846927D0,0.0D0,1.0D0,0.0D0,0,1,   0000111P   1658
93;                                                              0000111P   1659
126,51,3,1,0,1,0,48.69208297846927D0,48.69208297846927D0,        0000113P   1660
48.69208297846927D0,48.69208297846927D0,49.69208297846927D0,     0000113P   1661
50.69208297846927D0,51.69208297846927D0,52.69208297846927D0,     0000113P   1662
53.69208297846927D0,54.69208297846927D0,55.69208297846927D0,     0000113P   1663
56.69208297846927D0,57.69208297846927D0,58.69208297846927D0,     0000113P   1664
59.69208297846927D0,60.69208297846927D0,61.69208297846927D0,     0000113P   1665
62.69208297846927D0,63.69208297846927D0,64.69208297846927D0,     0000113P   1666
65.69208297846927D0,66.69208297846927D0,67.69208297846927D0,     0000113P   1667
68.69208297846927D0,69.69208297846927D0,70.69208297846927D0,     0000113P   1668
71.69208297846927D0,72.69208297846927D0,73.69208297846926D0,     0000113P   1669
74.69208297846926D0,75.69208297846926D0,76.69208297846926D0,     0000113P   1670
77.69208297846926D0,78.69208297846926D0,79.69208297846926D0,     0000113P   1671
80.69208297846926D0,81.69208297846926D0,82.69208297846926D0,     0000113P   1672
83.69208297846926D0,84.69208297846926D0,85.69208297846926D0,     0000113P   1673
86.69208297846926D0,87.69208297846926D0,88.69208297846926D0,     0000113P   1674
89.69208297846926D0,90.69208297846926D0,91.69208297846926D0,     0000113P   1675
92.69208297846926D0,93.69208297846926D0,94.69208297846926D0,     0000113P   1676
95.69208297846926D0,96.69208297846926D0,97.391059739646D0,       0000113P   1677
97.391059739646D0,97.391059739646D0,97.391059739646D0,1.0D0,     0000113P   1678
1.0D0,1.0D0,1.0D0,1.0D0,1.0D0,1.0D0,1.0D0,1.0D0,1.0D0,1.0D0,     0000113P   1679
1.0D0,1.0D0,1.0D0,1.0D0,1.0D0,1.0D0,1.0D0,1.0D0,1.0D0,1.0D0,     0000113P   1680
1.0D0,1.0D0,1.0D0,1.0D0,1.0D0,1.0D0,1.0D0,1.0D0,1.0D0,1.0D0,     0000113P   1681
1.0D0,1.0D0,1.0D0,1.0D0,1.0D0,1.0D0,1.0D0,1.0D0,1.0D0,1.0D0,     0000113P   1682
1.0D0,1.0D0,1.0D0,1.0D0,1.0D0,1.0D0,1.0D0,1.0D0,1.0D0,1.0D0,     0000113P   1683
1.0D0,0.9948979999999999D0,0.0D0,0.163227D0,                     0000113P   1684
0.9948979999999999D0,-0.001190536616714155D0,                    0000113P   1685
0.1632270933126906D0,0.9948979999999998D0,                       0000113P   1686
-0.00357048320443815D0,0.1631833713266231D0,                     0000113P   1687
0.9948980000000003D0,-0.007143503859395245D0,                    0000113P   1688
0.1629835603877833D0,0.9948979999999999D0,                       0000113P   1689
-0.01071350135798088D0,0.1626543871222438D0,                     0000113P   1690
0.9948980000000003D0,-0.01428649070868125D0,                     0000113P   1691
0.1621908911232415D0,0.9948979999999999D0,                       0000113P   1692
-0.01785653580729413D0,0.1615960483847902D0,                     0000113P   1693
0.9948980000000003D0,-0.02142936606214223D0,                     0000113P   1694
0.1608689153375977D0,0.9948979999999999D0,                       0000113P   1695
-0.02499999994413697D0,0.1600102902648191D0,                     0000113P   1696
0.9948980000000003D0,-0.02857063416130992D0,                     0000113P   1697
0.1590179236031259D0,0.9948979999999999D0,                       0000113P   1698
-0.03214346341062336D0,0.1578940153226771D0,                     0000113P   1699
0.9948980000000003D0,-0.03571351219619665D0,                     0000113P   1700
0.1566380151061657D0,0.9948979999999999D0,-0.0392864878045901D0, 0000113P   1701
0.1552499242526601D0,0.9948980000000003D0,                       0000113P   1702
-0.04285653658544301D0,0.1537302878831939D0,                     0000113P   1703
0.9948979999999999D0,-0.04642936585363786D0,                     0000113P   1704
0.1520769242145645D0,0.9948980000000003D0,                       0000113P   1705
-0.05000000000000555D0,0.1502920152585484D0,                     0000113P   1706
0.9948979999999999D0,-0.05357063414633999D0,                     0000113P   1707
0.1483750147512419D0,0.9948980000000003D0,                       0000113P   1708
-0.05714346341463454D0,0.146325925736484D0,0.9948979999999999D0, 0000113P   1709
-0.06071351219512185D0,0.1441452823028221D0,                     0000113P   1710
0.9948980000000003D0,-0.06428648780487807D0,                     0000113P   1711
0.1418309450522276D0,0.9948979999999999D0,                       0000113P   1712
-0.06785653658536585D0,0.1393849374882676D0,                     0000113P   1713
0.9948980000000003D0,-0.07142936585365856D0,                     0000113P   1714
0.1368073049947019D0,0.9948979999999999D0,-0.075D0,              0000113P   1715
0.1340958425329248D0,0.9948980000000003D0,                       0000113P   1716
-0.07857063414634148D0,0.1312533248735989D0,                     0000113P   1717
0.9948979999999999D0,-0.08214346341463415D0,                     0000113P   1718
0.1282768579726797D0,0.9948980000000003D0,                       0000113P   1719
-0.08571351219512194D0,0.1251692432356825D0,                     0000113P   1720
0.9948979999999999D0,-0.08928648780487808D0,                     0000113P   1721
0.1219281690845906D0,0.9948980000000003D0,                       0000113P   1722
-0.09285653658536584D0,0.1185540804259553D0,                     0000113P   1723
0.9948979999999999D0,-0.09642936585365856D0,                     0000113P   1724
0.1150475092115882D0,0.9948980000000003D0,                       0000113P   1725
-0.09999999999999998D0,0.1114058827276919D0,                     0000113P   1726
0.9948979999999999D0,-0.1035706341463416D0,0.1076329598776444D0, 0000113P   1727
0.9948980000000003D0,-0.1071434634146337D0,0.1037222777617306D0, 0000113P   1728
0.9948979999999999D0,-0.1107135121951237D0,                      0000113P   1729
0.09967792907543316D0,0.9948980000000003D0,                      0000113P   1730
-0.1142864878048717D0,0.09549600593653676D0,                     0000113P   1731
0.9948979999999999D0,-0.1178565365853894D0,                      0000113P   1732
0.09117604717841987D0,0.9948980000000003D0,                      0000113P   1733
-0.1214293658535708D0,0.08671780534978379D0,                     0000113P   1734
0.9948979999999999D0,-0.1250000000003274D0,                      0000113P   1735
0.08211673142244498D0,0.9948979999999998D0,                      0000113P   1736
-0.1285706341451197D0,0.07737326896043631D0,                     0000113P   1737
0.9948980000000001D0,-0.1321434634191939D0,                      0000113P   1738
0.07248419273580979D0,0.9948980000000001D0,-0.135713512178105D0, 0000113P   1739
0.06744396009632454D0,0.9948979999999998D0,                      0000113P   1740
-0.1392864878683862D0,0.06224796687889207D0,                     0000113P   1741
0.9948980000000001D0,-0.1428565363483503D0,                      0000113P   1742
0.05689617238810719D0,0.9948979999999999D0,                      0000113P   1743
-0.1464293667382128D0,0.05137534356867916D0,                     0000113P   1744
0.9948980000000001D0,-0.1499999966987986D0,                      0000113P   1745
0.04568445333717619D0,0.9948980000000001D0,                      0000113P   1746
-0.1535706464665926D0,0.03981084308261607D0,                     0000113P   1747
0.9948980000000001D0,-0.1571434174348311D0,                      0000113P   1748
0.03374617433235956D0,0.9948979999999998D0,                      0000113P   1749
-0.1607136837940829D0,0.02747645958794568D0,                     0000113P   1750
0.9948980000000001D0,-0.1642858473888374D0,                      0000113P   1751
0.02099398731585771D0,0.9948980000000001D0,                      0000113P   1752
-0.1678589266505676D0,0.01426559114862347D0,                     0000113P   1753
0.9948980000000001D0,-0.1710630793114342D0,                      0000113P   1754
0.008014812197239197D0,0.9948980000000001D0,                     0000113P   1755
-0.1731047501366786D0,0.003893406130221227D0,                    0000113P   1756
0.9948979999999999D0,-0.173934604614595D0,                       0000113P   1757
0.002194518491520264D0,48.69208297846927D0,97.391059739646D0,    0000113P   1758
1.0D0,0.0D0,0.0D0,0,1,93;                                        0000113P   1759
102,4,107,109,111,113,0,1,93;                                    0000115P   1760
142,0,95,105,115,1,0,1,93;                                       0000117P   1761
144,95,1,0,117,0,1,93;                                           0000119P   1762
406,1,7HTrimSrf;                                                 0000121P   1763
128,1,51,1,3,0,0,1,0,0,0.0D0,0.0D0,0.05685640281445899D0,        0000123P   1764
0.05685640281445899D0,-49.0D0,-49.0D0,-49.0D0,-49.0D0,-48.0D0,   0000123P   1765
-47.0D0,-46.0D0,-45.0D0,-44.0D0,-43.0D0,-42.0D0,-41.0D0,-40.0D0, 0000123P   1766
-39.0D0,-38.0D0,-37.0D0,-36.0D0,-35.0D0,-34.0D0,-33.0D0,-32.0D0, 0000123P   1767
-31.0D0,-30.0D0,-29.0D0,-28.0D0,-27.0D0,-26.0D0,-25.0D0,-24.0D0, 0000123P   1768
-23.0D0,-22.0D0,-21.0D0,-20.0D0,-19.0D0,-18.0D0,-17.0D0,-16.0D0, 0000123P   1769
-15.0D0,-14.0D0,-13.0D0,-12.0D0,-11.0D0,-10.0D0,-9.0D0,-8.0D0,   0000123P   1770
-7.0D0,-6.0D0,-5.0D0,-4.0D0,-3.0D0,-2.0D0,-1.0D0,0.0D0,0.0D0,    0000123P   1771
0.0D0,0.0D0,1.0D0,1.0D0,1.0D0,1.0D0,1.0D0,1.0D0,1.0D0,1.0D0,     0000123P   1772
1.0D0,1.0D0,1.0D0,1.0D0,1.0D0,1.0D0,1.0D0,1.0D0,1.0D0,1.0D0,     0000123P   1773
1.0D0,1.0D0,1.0D0,1.0D0,1.0D0,1.0D0,1.0D0,1.0D0,1.0D0,1.0D0,     0000123P   1774
1.0D0,1.0D0,1.0D0,1.0D0,1.0D0,1.0D0,1.0D0,1.0D0,1.0D0,1.0D0,     0000123P   1775
1.0D0,1.0D0,1.0D0,1.0D0,1.0D0,1.0D0,1.0D0,1.0D0,1.0D0,1.0D0,     0000123P   1776
1.0D0,1.0D0,1.0D0,1.0D0,1.0D0,1.0D0,1.0D0,1.0D0,1.0D0,1.0D0,     0000123P   1777
1.0D0,1.0D0,1.0D0,1.0D0,1.0D0,1.0D0,1.0D0,1.0D0,1.0D0,1.0D0,     0000123P   1778
1.0D0,1.0D0,1.0D0,1.0D0,1.0D0,1.0D0,1.0D0,1.0D0,1.0D0,1.0D0,     0000123P   1779
1.0D0,1.0D0,1.0D0,1.0D0,1.0D0,1.0D0,1.0D0,1.0D0,1.0D0,1.0D0,     0000123P   1780
1.0D0,1.0D0,1.0D0,1.0D0,1.0D0,1.0D0,1.0D0,1.0D0,1.0D0,1.0D0,     0000123P   1781
1.0D0,1.0D0,1.0D0,1.0D0,1.0D0,1.0D0,1.096939D0,0.0D0,0.118119D0, 0000123P   1782
1.045918D0,0.0D0,0.143209D0,1.096939D0,-0.001190445371428408D0,  0000123P   1783
0.1181188003330244D0,1.045918D0,-0.00119049576817127D0,          0000123P   1784
0.1432087804811602D0,1.096939D0,-0.003570525551522639D0,         0000123P   1785
0.118086011510896D0,1.045918D0,-0.003570502162312879D0,          0000123P   1786
0.1431694655160921D0,1.096939D0,-0.007143492512528154D0,         0000123P   1787
0.1179407592123274D0,1.045918D0,-0.007143498779648021D0,         0000123P   1788
0.1429936999719375D0,1.096939D0,-0.01071350439836475D0,          0000123P   1789
0.1176949516397944D0,1.045918D0,-0.01071350271909504D0,          0000123P   1790
0.1426997345961579D0,1.096939D0,-0.01428648989401285D0,          0000123P   1791
0.117353434228495D0,1.045918D0,-0.01428649034397181D0,           0000123P   1792
0.1422873616434309D0,1.096939D0,-0.01785653602558388D0,          0000123P   1793
0.1169133114462257D0,1.045918D0,-0.01785653590501773D0,          0000123P   1794
0.1417588188301186D0,1.096939D0,-0.02142936600365167D0,          0000123P   1795
0.1163753199866022D0,1.045918D0,-0.02142936603595727D0,          0000123P   1796
0.1411113630360947D0,1.096939D0,-0.02499999995980947D0,          0000123P   1797
0.1157394086073655D0,1.045918D0,-0.02499999995115321D0,          0000123P   1798
0.1403477290255027D0,1.096939D0,-0.02857063415711049D0,          0000123P   1799
0.1150050455839359D0,1.045918D0,-0.02857063415942993D0,          0000123P   1800
0.1394657208618945D0,1.096939D0,-0.03214346341174859D0,          0000123P   1801
0.1141744090568908D0,1.045918D0,-0.0321434634111271D0,           0000123P   1802
0.1384653875269191D0,1.096939D0,-0.03571351219589514D0,          0000123P   1803
0.113245318188501D0,1.045918D0,-0.03571351219606167D0,           0000123P   1804
0.1373487290304292D0,1.096939D0,-0.03928648780467088D0,          0000123P   1805
0.1122183181891053D0,1.045918D0,-0.03928648780462626D0,          0000123P   1806
0.1361136963513644D0,1.096939D0,-0.04285653658542137D0,          0000123P   1807
0.1110934090550781D0,1.045918D0,-0.04285653658543331D0,          0000123P   1808
0.1347604855641133D0,1.096939D0,-0.04642936585364366D0,          0000123P   1809
0.1098700455905825D0,1.045918D0,-0.04642936585364046D0,          0000123P   1810
0.1332903613921824D0,1.096939D0,-0.050000000000004D0,            0000123P   1811
0.1085504085825919D0,1.045918D0,-0.05000000000000486D0,          0000123P   1812
0.1317040688671573D0,1.096939D0,-0.0535706341463404D0,           0000123P   1813
0.1071323200790499D0,1.045918D0,-0.05357063414634018D0,          0000123P   1814
0.1299973631391886D0,1.096939D0,-0.05714346341463443D0,          0000123P   1815
0.1056163111012086D0,1.045918D0,-0.05714346341463449D0,          0000123P   1816
0.1281744785760887D0,1.096939D0,-0.06071351219512188D0,          0000123P   1817
0.1040024355161159D0,1.045918D0,-0.06071351219512187D0,          0000123P   1818
0.1262347225564566D0,1.096939D0,-0.06428648780487807D0,          0000123P   1819
0.102289946834328D0,1.045918D0,-0.06428648780487807D0,           0000123P   1820
0.1241766311980849D0,1.096939D0,-0.06785653658536585D0,          0000123P   1821
0.1004817771465721D0,1.045918D0,-0.06785653658536585D0,          0000123P   1822
0.1220007526512039D0,1.096939D0,-0.07142936585365856D0,          0000123P   1823
0.09857294457938345D0,1.045918D0,-0.07142936585365856D0,         0000123P   1824
0.1197063581970995D0,1.096939D0,-0.075D0,0.09656844453589405D0,  0000123P   1825
1.045918D0,-0.075D0,0.1172958145603982D0,1.096939D0,             0000123P   1826
-0.07857063414634148D0,0.09446527727704032D0,1.045918D0,         0000123P   1827
-0.07857063414634148D0,0.1147663835613079D0,1.096939D0,          0000123P   1828
-0.08214346341463415D0,0.09226444635594472D0,1.045918D0,         0000123P   1829
-0.08214346341463415D0,0.1121206511943704D0,1.096939D0,          0000123P   1830
-0.08571351219512194D0,0.08996493729918087D0,1.045918D0,         0000123P   1831
-0.08571351219512194D0,0.1093570116612107D0,1.096939D0,          0000123P   1832
-0.08928648780487808D0,0.08756980444733187D0,1.045918D0,         0000123P   1833
-0.08928648780487808D0,0.1064733021607871D0,1.096939D0,          0000123P   1834
-0.09285653658536584D0,0.08507384491149174D0,1.045918D0,         0000123P   1835
-0.09285653658536584D0,0.1034737796956411D0,1.096939D0,          0000123P   1836
-0.09642936585365856D0,0.08248281590670117D0,1.045918D0,         0000123P   1837
-0.09642936585365856D0,0.1003555790566487D0,1.096939D0,          0000123P   1838
-0.09999999999999998D0,0.07979089146170362D0,1.045918D0,         0000123P   1839
-0.09999999999999998D0,0.0971199040777642D0,1.096939D0,          0000123P   1840
-0.1035706341463415D0,0.07700361824648441D0,1.045918D0,          0000123P   1841
-0.1035706341463416D0,0.09376480463229454D0,1.096939D0,          0000123P   1842
-0.1071434634146339D0,0.0741166355523588D0,1.045918D0,           0000123P   1843
-0.1071434634146338D0,0.09029087739305769D0,1.096939D0,          0000123P   1844
-0.1107135121951228D0,0.07112983954408045D0,1.045918D0,          0000123P   1845
-0.1107135121951232D0,0.08669768579547475D0,1.096939D0,          0000123P   1846
-0.1142864878048749D0,0.06804800627131946D0,1.045918D0,          0000123P   1847
-0.1142864878048735D0,0.08298637942504333D0,1.096939D0,          0000123P   1848
-0.1178565365853778D0,0.06486413537064167D0,1.045918D0,          0000123P   1849
-0.1178565365853828D0,0.07915279650435197D0,1.096939D0,          0000123P   1850
-0.1214293658536139D0,0.06158345224611392D0,1.045918D0,          0000123P   1851
-0.1214293658535955D0,0.07520043455754888D0,1.096939D0,          0000123P   1852
-0.1250000000001665D0,0.05820405564490268D0,1.045918D0,          0000123P   1853
-0.1250000000002352D0,0.07112546526545255D0,1.096939D0,          0000123P   1854
-0.12857063414572D0,0.0547223251742754D0,1.045918D0,             0000123P   1855
-0.1285706341454638D0,0.06692770438064093D0,1.096939D0,          0000123P   1856
-0.1321434634169536D0,0.05114264365799567D0,1.045918D0,          0000123P   1857
-0.1321434634179097D0,0.06260571721198371D0,1.096939D0,          0000123P   1858
-0.1357135121864659D0,0.04746310019374192D0,1.045918D0,          0000123P   1859
-0.1357135121828974D0,0.05815942677142423D0,1.096939D0,          0000123P   1860
-0.139286487837183D0,0.04368095556703668D0,1.045918D0,           0000123P   1861
-0.1392864878505007D0,0.05358457570231942D0,1.096939D0,          0000123P   1862
-0.1428565364648023D0,0.03979707753811138D0,1.045918D0,          0000123P   1863
-0.1428565364150998D0,0.04888027041929809D0,1.096939D0,          0000123P   1864
-0.146429366303608D0,0.03581073428051782D0,1.045918D0,           0000123P   1865
-0.1464293664891001D0,0.04404234262048822D0,1.096939D0,          0000123P   1866
-0.1499999983207661D0,0.03171798533981733D0,1.045918D0,          0000123P   1867
-0.1499999976284998D0,0.03907035909874903D0,1.096939D0,          0000123P   1868
-0.153570640413328D0,0.02752332436021285D0,1.045918D0,           0000123P   1869
-0.1535706429969007D0,0.03395822098451565D0,1.096939D0,          0000123P   1870
-0.1571434400259223D0,0.02321871721933129D0,1.045918D0,          0000123P   1871
-0.1571434303838976D0,0.0287007569631884D0,1.096939D0,           0000123P   1872
-0.1607135994829828D0,0.01880780676246198D0,1.045918D0,          0000123P   1873
-0.1607136354675091D0,0.02329475116273074D0,1.096939D0,          0000123P   1874
-0.1642861620421465D0,0.0142840557308208D0,1.045918D0,           0000123P   1875
-0.1642860277460661D0,0.01773423838588865D0,1.096939D0,          0000123P   1876
-0.167857752348431D0,0.009645970314254843D0,1.045918D0,          0000123P   1877
-0.1678582535482265D0,0.01200429529371464D0,1.096939D0,          0000123P   1878
-0.1714248285641296D0,0.004900063012159836D0,1.045918D0,         0000123P   1879
-0.1714229580610278D0,0.006122580439252796D0,1.096939D0,         0000123P   1880
-0.173819565118077D0,0.001631872762123822D0,1.045918D0,          0000123P   1881
-0.1738235954921174D0,0.002035115445933716D0,1.096939D0,         0000123P   1882
-0.175D0,0.0D0,1.045918D0,-0.175D0,0.0D0,0.0D0,                  0000123P   1883
0.05685640281445899D0,-49.0D0,0.0D0,0,1,121;                     0000123P   1884
126,3,3,1,0,1,0,0.0D0,0.0D0,0.0D0,0.0D0,0.05100493780711013D0,   0000125P   1885
0.05100493780711013D0,0.05100493780711013D0,                     0000125P   1886
0.05100493780711013D0,1.0D0,1.0D0,1.0D0,1.0D0,                   0000125P   1887
0.05685640281445899D0,-0.4137350596534519D0,0.0D0,               0000125P   1888
0.03256182499955253D0,-0.4758993710415053D0,0.0D0,               0000125P   1889
0.01480780725498207D0,-0.5404190268610441D0,0.0D0,0.0D0,         0000125P   1890
-0.6054337429527947D0,0.0D0,0.0D0,0.05100493780711013D0,0.0D0,   0000125P   1891
0.0D0,1.0D0,0,1,121;                                             0000125P   1892
126,3,3,1,0,1,0,0.05100493780711013D0,0.05100493780711013D0,     0000127P   1893
0.05100493780711013D0,0.05100493780711013D0,48.44557119485431D0, 0000127P   1894
48.44557119485431D0,48.44557119485431D0,48.44557119485431D0,     0000127P   1895
1.0D0,1.0D0,1.0D0,1.0D0,0.0D0,-0.6054337429527947D0,0.0D0,0.0D0, 0000127P   1896
-16.7369558286352D0,0.0D0,0.0D0,-32.8684779143176D0,0.0D0,0.0D0, 0000127P   1897
-49.0D0,0.0D0,0.05100493780711013D0,48.44557119485431D0,0.0D0,   0000127P   1898
0.0D0,1.0D0,0,1,121;                                             0000127P   1899
126,3,3,1,0,1,0,48.44557119485431D0,48.44557119485431D0,         0000129P   1900
48.44557119485431D0,48.44557119485431D0,48.50242759766877D0,     0000129P   1901
48.50242759766877D0,48.50242759766877D0,48.50242759766877D0,     0000129P   1902
1.0D0,1.0D0,1.0D0,1.0D0,0.0D0,-49.0D0,0.0D0,                     0000129P   1903
0.01895213427148633D0,-49.0D0,0.0D0,0.03790426854297266D0,       0000129P   1904
-49.0D0,0.0D0,0.05685640281445899D0,-49.0D0,0.0D0,               0000129P   1905
48.44557119485431D0,48.50242759766877D0,0.0D0,0.0D0,1.0D0,0,1,   0000129P   1906
121;                                                             0000129P   1907
126,3,3,1,0,1,0,48.50242759766877D0,48.50242759766877D0,         0000131P   1908
48.50242759766877D0,48.50242759766877D0,97.08869253801532D0,     0000131P   1909
97.08869253801532D0,97.08869253801532D0,97.08869253801532D0,     0000131P   1910
1.0D0,1.0D0,1.0D0,1.0D0,0.05685640281445899D0,-49.0D0,0.0D0,     0000131P   1911
0.05685640281445899D0,-32.80457835321781D0,0.0D0,                0000131P   1912
0.05685640281445899D0,-16.60915670643564D0,0.0D0,                0000131P   1913
0.05685640281445899D0,-0.4137350596534519D0,0.0D0,               0000131P   1914
48.50242759766877D0,97.08869253801532D0,0.0D0,0.0D0,1.0D0,0,1,   0000131P   1915
121;                                                             0000131P   1916
102,4,125,127,129,131,0,1,121;                                   0000133P   1917
126,3,3,1,0,1,0,0.0D0,0.0D0,0.0D0,0.0D0,0.05100493780711014D0,   0000135P   1918
0.05100493780711014D0,0.05100493780711014D0,                     0000135P   1919
0.05100493780711014D0,1.0D0,1.0D0,1.0D0,1.0D0,1.045918D0,        0000135P   1920
-0.1735296815151274D0,0.002526865869488485D0,                    0000135P   1921
1.062923529060146D0,-0.1733556460259535D0,                       0000135P   1922
0.002654364235818056D0,1.07993014988279D0,-0.1731410654828245D0, 0000135P   1923
0.002797681284420807D0,1.096939D0,-0.1728420374856264D0,         0000135P   1924
0.002960139184758182D0,0.0D0,0.05100493780711014D0,              0000135P   1925
-0.01023351731059044D0,0.9999476361907427D0,0.0D0,0,1,121;       0000135P   1926
126,51,3,1,0,1,0,0.05100493780711014D0,0.05100493780711014D0,    0000137P   1927
0.05100493780711014D0,0.05100493780711014D0,                     0000137P   1928
0.4455711948543125D0,1.445571194854313D0,2.445571194854312D0,    0000137P   1929
3.445571194854312D0,4.445571194854312D0,5.445571194854312D0,     0000137P   1930
6.445571194854312D0,7.445571194854312D0,8.445571194854313D0,     0000137P   1931
9.445571194854313D0,10.44557119485431D0,11.44557119485431D0,     0000137P   1932
12.44557119485431D0,13.44557119485431D0,14.44557119485431D0,     0000137P   1933
15.44557119485431D0,16.44557119485431D0,17.44557119485431D0,     0000137P   1934
18.44557119485431D0,19.44557119485431D0,20.44557119485431D0,     0000137P   1935
21.44557119485431D0,22.44557119485431D0,23.44557119485431D0,     0000137P   1936
24.44557119485431D0,25.44557119485431D0,26.44557119485431D0,     0000137P   1937
27.44557119485431D0,28.44557119485431D0,29.44557119485431D0,     0000137P   1938
30.44557119485431D0,31.44557119485431D0,32.44557119485431D0,     0000137P   1939
33.44557119485431D0,34.44557119485431D0,35.44557119485431D0,     0000137P   1940
36.44557119485431D0,37.44557119485431D0,38.44557119485431D0,     0000137P   1941
39.44557119485431D0,40.44557119485431D0,41.44557119485431D0,     0000137P   1942
42.44557119485431D0,43.44557119485431D0,44.44557119485431D0,     0000137P   1943
45.44557119485431D0,46.44557119485431D0,47.44557119485431D0,     0000137P   1944
48.44557119485431D0,48.44557119485431D0,48.44557119485431D0,     0000137P   1945
48.44557119485431D0,1.0D0,1.0D0,1.0D0,1.0D0,1.0D0,1.0D0,1.0D0,   0000137P   1946
1.0D0,1.0D0,1.0D0,1.0D0,1.0D0,1.0D0,1.0D0,1.0D0,1.0D0,1.0D0,     0000137P   1947
1.0D0,1.0D0,1.0D0,1.0D0,1.0D0,1.0D0,1.0D0,1.0D0,1.0D0,1.0D0,     0000137P   1948
1.0D0,1.0D0,1.0D0,1.0D0,1.0D0,1.0D0,1.0D0,1.0D0,1.0D0,1.0D0,     0000137P   1949
1.0D0,1.0D0,1.0D0,1.0D0,1.0D0,1.0D0,1.0D0,1.0D0,1.0D0,1.0D0,     0000137P   1950
1.0D0,1.0D0,1.0D0,1.0D0,1.0D0,1.096939D0,-0.1728420374856263D0,  0000137P   1951
0.00296013918475821D0,1.096939D0,-0.1723712398427244D0,          0000137P   1952
0.003600992020331948D0,1.096939D0,-0.1707049524625735D0,         0000137P   1953
0.0058578404860313D0,1.096939D0,-0.167857752348431D0,            0000137P   1954
0.009645970314254843D0,1.096939D0,-0.1642861620421465D0,         0000137P   1955
0.0142840557308208D0,1.096939D0,-0.1607135994829828D0,           0000137P   1956
0.01880780676246198D0,1.096939D0,-0.1571434400259223D0,          0000137P   1957
0.02321871721933129D0,1.096939D0,-0.153570640413328D0,           0000137P   1958
0.02752332436021285D0,1.096939D0,-0.1499999983207661D0,          0000137P   1959
0.03171798533981733D0,1.096939D0,-0.146429366303608D0,           0000137P   1960
0.03581073428051782D0,1.096939D0,-0.1428565364648023D0,          0000137P   1961
0.03979707753811138D0,1.096939D0,-0.139286487837183D0,           0000137P   1962
0.04368095556703668D0,1.096939D0,-0.1357135121864659D0,          0000137P   1963
0.04746310019374192D0,1.096939D0,-0.1321434634169536D0,          0000137P   1964
0.05114264365799567D0,1.096939D0,-0.12857063414572D0,            0000137P   1965
0.0547223251742754D0,1.096939D0,-0.1250000000001665D0,           0000137P   1966
0.05820405564490268D0,1.096939D0,-0.1214293658536139D0,          0000137P   1967
0.06158345224611392D0,1.096939D0,-0.1178565365853778D0,          0000137P   1968
0.06486413537064167D0,1.096939D0,-0.1142864878048749D0,          0000137P   1969
0.06804800627131946D0,1.096939D0,-0.1107135121951228D0,          0000137P   1970
0.07112983954408045D0,1.096939D0,-0.1071434634146339D0,          0000137P   1971
0.0741166355523588D0,1.096939D0,-0.1035706341463415D0,           0000137P   1972
0.07700361824648441D0,1.096939D0,-0.09999999999999998D0,         0000137P   1973
0.07979089146170362D0,1.096939D0,-0.09642936585365856D0,         0000137P   1974
0.08248281590670117D0,1.096939D0,-0.09285653658536584D0,         0000137P   1975
0.08507384491149174D0,1.096939D0,-0.08928648780487808D0,         0000137P   1976
0.08756980444733187D0,1.096939D0,-0.08571351219512194D0,         0000137P   1977
0.08996493729918087D0,1.096939D0,-0.08214346341463415D0,         0000137P   1978
0.09226444635594472D0,1.096939D0,-0.07857063414634148D0,         0000137P   1979
0.09446527727704032D0,1.096939D0,-0.075D0,0.09656844453589405D0, 0000137P   1980
1.096939D0,-0.07142936585365856D0,0.09857294457938345D0,         0000137P   1981
1.096939D0,-0.06785653658536585D0,0.1004817771465721D0,          0000137P   1982
1.096939D0,-0.06428648780487807D0,0.102289946834328D0,           0000137P   1983
1.096939D0,-0.06071351219512188D0,0.1040024355161159D0,          0000137P   1984
1.096939D0,-0.05714346341463443D0,0.1056163111012086D0,          0000137P   1985
1.096939D0,-0.0535706341463404D0,0.1071323200790499D0,           0000137P   1986
1.096939D0,-0.050000000000004D0,0.1085504085825919D0,1.096939D0, 0000137P   1987
-0.04642936585364366D0,0.1098700455905825D0,1.096939D0,          0000137P   1988
-0.04285653658542137D0,0.1110934090550781D0,1.096939D0,          0000137P   1989
-0.03928648780467088D0,0.1122183181891053D0,1.096939D0,          0000137P   1990
-0.03571351219589514D0,0.113245318188501D0,1.096939D0,           0000137P   1991
-0.03214346341174859D0,0.1141744090568908D0,1.096939D0,          0000137P   1992
-0.02857063415711049D0,0.1150050455839359D0,1.096939D0,          0000137P   1993
-0.02499999995980947D0,0.1157394086073655D0,1.096939D0,          0000137P   1994
-0.02142936600365167D0,0.1163753199866022D0,1.096939D0,          0000137P   1995
-0.01785653602558388D0,0.1169133114462257D0,1.096939D0,          0000137P   1996
-0.01428648989401285D0,0.117353434228495D0,1.096939D0,           0000137P   1997
-0.01071350439836475D0,0.1176949516397944D0,1.096939D0,          0000137P   1998
-0.007143492512528154D0,0.1179407592123274D0,1.096939D0,         0000137P   1999
-0.003570525551522639D0,0.118086011510896D0,1.096939D0,          0000137P   2000
-0.001190445371428408D0,0.1181188003330244D0,1.096939D0,0.0D0,   0000137P   2001
0.118119D0,0.05100493780711014D0,48.44557119485431D0,1.0D0,      0000137P   2002
0.0D0,0.0D0,0,1,121;                                             0000137P   2003
126,1,1,1,0,1,0,48.44557119485431D0,48.44557119485431D0,         0000139P   2004
48.50242759766877D0,48.50242759766877D0,1.0D0,1.0D0,1.096939D0,  0000139P   2005
0.0D0,0.118119D0,1.045918D0,0.0D0,0.143209D0,                    0000139P   2006
48.44557119485431D0,48.50242759766877D0,0.0D0,1.0D0,0.0D0,0,1,   0000139P   2007
121;                                                             0000139P   2008
126,51,3,1,0,1,0,48.50242759766877D0,48.50242759766877D0,        0000141P   2009
48.50242759766877D0,48.50242759766877D0,49.50242759766877D0,     0000141P   2010
50.50242759766877D0,51.50242759766877D0,52.50242759766877D0,     0000141P   2011
53.50242759766877D0,54.50242759766877D0,55.50242759766877D0,     0000141P   2012
56.50242759766877D0,57.50242759766877D0,58.50242759766877D0,     0000141P   2013
59.50242759766877D0,60.50242759766877D0,61.50242759766877D0,     0000141P   2014
62.50242759766877D0,63.50242759766877D0,64.50242759766877D0,     0000141P   2015
65.50242759766877D0,66.50242759766877D0,67.50242759766877D0,     0000141P   2016
68.50242759766877D0,69.50242759766877D0,70.50242759766877D0,     0000141P   2017
71.50242759766877D0,72.50242759766877D0,73.50242759766877D0,     0000141P   2018
74.50242759766877D0,75.50242759766877D0,76.50242759766877D0,     0000141P   2019
77.50242759766877D0,78.50242759766877D0,79.50242759766877D0,     0000141P   2020
80.50242759766877D0,81.50242759766877D0,82.50242759766877D0,     0000141P   2021
83.50242759766877D0,84.50242759766877D0,85.50242759766877D0,     0000141P   2022
86.50242759766877D0,87.50242759766877D0,88.50242759766877D0,     0000141P   2023
89.50242759766877D0,90.50242759766877D0,91.50242759766877D0,     0000141P   2024
92.50242759766877D0,93.50242759766877D0,94.50242759766877D0,     0000141P   2025
95.50242759766877D0,96.50242759766877D0,97.08869253801532D0,     0000141P   2026
97.08869253801532D0,97.08869253801532D0,97.08869253801532D0,     0000141P   2027
1.0D0,1.0D0,1.0D0,1.0D0,1.0D0,1.0D0,1.0D0,1.0D0,1.0D0,1.0D0,     0000141P   2028
1.0D0,1.0D0,1.0D0,1.0D0,1.0D0,1.0D0,1.0D0,1.0D0,1.0D0,1.0D0,     0000141P   2029
1.0D0,1.0D0,1.0D0,1.0D0,1.0D0,1.0D0,1.0D0,1.0D0,1.0D0,1.0D0,     0000141P   2030
1.0D0,1.0D0,1.0D0,1.0D0,1.0D0,1.0D0,1.0D0,1.0D0,1.0D0,1.0D0,     0000141P   2031
1.0D0,1.0D0,1.0D0,1.0D0,1.0D0,1.0D0,1.0D0,1.0D0,1.0D0,1.0D0,     0000141P   2032
1.0D0,1.0D0,1.045918D0,0.0D0,0.143209D0,1.045918D0,              0000141P   2033
-0.00119049576817127D0,0.1432087804811602D0,1.045918D0,          0000141P   2034
-0.003570502162312879D0,0.1431694655160921D0,1.045918D0,         0000141P   2035
-0.007143498779648021D0,0.1429936999719375D0,1.045918D0,         0000141P   2036
-0.01071350271909504D0,0.1426997345961579D0,1.045918D0,          0000141P   2037
-0.01428649034397181D0,0.1422873616434309D0,1.045918D0,          0000141P   2038
-0.01785653590501773D0,0.1417588188301186D0,1.045918D0,          0000141P   2039
-0.02142936603595727D0,0.1411113630360947D0,1.045918D0,          0000141P   2040
-0.02499999995115321D0,0.1403477290255027D0,1.045918D0,          0000141P   2041
-0.02857063415942993D0,0.1394657208618945D0,1.045918D0,          0000141P   2042
-0.0321434634111271D0,0.1384653875269191D0,1.045918D0,           0000141P   2043
-0.03571351219606167D0,0.1373487290304292D0,1.045918D0,          0000141P   2044
-0.03928648780462626D0,0.1361136963513644D0,1.045918D0,          0000141P   2045
-0.04285653658543331D0,0.1347604855641133D0,1.045918D0,          0000141P   2046
-0.04642936585364046D0,0.1332903613921824D0,1.045918D0,          0000141P   2047
-0.05000000000000486D0,0.1317040688671573D0,1.045918D0,          0000141P   2048
-0.05357063414634018D0,0.1299973631391886D0,1.045918D0,          0000141P   2049
-0.05714346341463449D0,0.1281744785760887D0,1.045918D0,          0000141P   2050
-0.06071351219512187D0,0.1262347225564566D0,1.045918D0,          0000141P   2051
-0.06428648780487807D0,0.1241766311980849D0,1.045918D0,          0000141P   2052
-0.06785653658536585D0,0.1220007526512039D0,1.045918D0,          0000141P   2053
-0.07142936585365856D0,0.1197063581970995D0,1.045918D0,-0.075D0, 0000141P   2054
0.1172958145603982D0,1.045918D0,-0.07857063414634148D0,          0000141P   2055
0.1147663835613079D0,1.045918D0,-0.08214346341463415D0,          0000141P   2056
0.1121206511943704D0,1.045918D0,-0.08571351219512194D0,          0000141P   2057
0.1093570116612107D0,1.045918D0,-0.08928648780487808D0,          0000141P   2058
0.1064733021607871D0,1.045918D0,-0.09285653658536584D0,          0000141P   2059
0.1034737796956411D0,1.045918D0,-0.09642936585365856D0,          0000141P   2060
0.1003555790566487D0,1.045918D0,-0.09999999999999998D0,          0000141P   2061
0.0971199040777642D0,1.045918D0,-0.1035706341463416D0,           0000141P   2062
0.09376480463229454D0,1.045918D0,-0.1071434634146338D0,          0000141P   2063
0.09029087739305769D0,1.045918D0,-0.1107135121951232D0,          0000141P   2064
0.08669768579547475D0,1.045918D0,-0.1142864878048735D0,          0000141P   2065
0.08298637942504333D0,1.045918D0,-0.1178565365853828D0,          0000141P   2066
0.07915279650435197D0,1.045918D0,-0.1214293658535955D0,          0000141P   2067
0.07520043455754888D0,1.045918D0,-0.1250000000002352D0,          0000141P   2068
0.07112546526545255D0,1.045918D0,-0.1285706341454638D0,          0000141P   2069
0.06692770438064093D0,1.045918D0,-0.1321434634179097D0,          0000141P   2070
0.06260571721198371D0,1.045918D0,-0.1357135121828974D0,          0000141P   2071
0.05815942677142423D0,1.045918D0,-0.1392864878505007D0,          0000141P   2072
0.05358457570231942D0,1.045918D0,-0.1428565364150998D0,          0000141P   2073
0.04888027041929809D0,1.045918D0,-0.1464293664891001D0,          0000141P   2074
0.04404234262048822D0,1.045918D0,-0.1499999976284998D0,          0000141P   2075
0.03907035909874903D0,1.045918D0,-0.1535706429969007D0,          0000141P   2076
0.03395822098451565D0,1.045918D0,-0.1571434303838976D0,          0000141P   2077
0.0287007569631884D0,1.045918D0,-0.1607136354675091D0,           0000141P   2078
0.02329475116273074D0,1.045918D0,-0.1642860277460661D0,          0000141P   2079
0.01773423838588865D0,1.045918D0,-0.1678582535482265D0,          0000141P   2080
0.01200429529371464D0,1.045918D0,-0.1709313436496109D0,          0000141P   2081
0.006933737654644586D0,1.045918D0,-0.1728314018605316D0,         0000141P   2082
0.003719125416417337D0,1.045918D0,-0.1735296815151274D0,         0000141P   2083
0.002526865869488494D0,48.50242759766877D0,97.08869253801532D0,  0000141P   2084
1.0D0,0.0D0,0.0D0,0,1,121;                                       0000141P   2085
102,4,135,137,139,141,0,1,121;                                   0000143P   2086
142,0,123,133,143,1,0,1,121;                                     0000145P   2087
144,123,1,0,145,0,1,121;                                         0000147P   2088
406,1,7HTrimSrf;                                                 0000149P   2089
128,1,51,1,3,0,0,1,0,0,0.0D0,0.0D0,0.0598606204528485D0,         0000151P   2090
0.0598606204528485D0,-49.0D0,-49.0D0,-49.0D0,-49.0D0,-48.0D0,    0000151P   2091
-47.0D0,-46.0D0,-45.0D0,-44.0D0,-43.0D0,-42.0D0,-41.0D0,-40.0D0, 0000151P   2092
-39.0D0,-38.0D0,-37.0D0,-36.0D0,-35.0D0,-34.0D0,-33.0D0,-32.0D0, 0000151P   2093
-31.0D0,-30.0D0,-29.0D0,-28.0D0,-27.0D0,-26.0D0,-25.0D0,-24.0D0, 0000151P   2094
-23.0D0,-22.0D0,-21.0D0,-20.0D0,-19.0D0,-18.0D0,-17.0D0,-16.0D0, 0000151P   2095
-15.0D0,-14.0D0,-13.0D0,-12.0D0,-11.0D0,-10.0D0,-9.0D0,-8.0D0,   0000151P   2096
-7.0D0,-6.0D0,-5.0D0,-4.0D0,-3.0D0,-2.0D0,-1.0D0,-0.0D0,-0.0D0,  0000151P   2097
-0.0D0,-0.0D0,1.0D0,1.0D0,1.0D0,1.0D0,1.0D0,1.0D0,1.0D0,1.0D0,   0000151P   2098
1.0D0,1.0D0,1.0D0,1.0D0,1.0D0,1.0D0,1.0D0,1.0D0,1.0D0,1.0D0,     0000151P   2099
1.0D0,1.0D0,1.0D0,1.0D0,1.0D0,1.0D0,1.0D0,1.0D0,1.0D0,1.0D0,     0000151P   2100
1.0D0,1.0D0,1.0D0,1.0D0,1.0D0,1.0D0,1.0D0,1.0D0,1.0D0,1.0D0,     0000151P   2101
1.0D0,1.0D0,1.0D0,1.0D0,1.0D0,1.0D0,1.0D0,1.0D0,1.0D0,1.0D0,     0000151P   2102
1.0D0,1.0D0,1.0D0,1.0D0,1.0D0,1.0D0,1.0D0,1.0D0,1.0D0,1.0D0,     0000151P   2103
1.0D0,1.0D0,1.0D0,1.0D0,1.0D0,1.0D0,1.0D0,1.0D0,1.0D0,1.0D0,     0000151P   2104
1.0D0,1.0D0,1.0D0,1.0D0,1.0D0,1.0D0,1.0D0,1.0D0,1.0D0,1.0D0,     0000151P   2105
1.0D0,1.0D0,1.0D0,1.0D0,1.0D0,1.0D0,1.0D0,1.0D0,1.0D0,1.0D0,     0000151P   2106
1.0D0,1.0D0,1.0D0,1.0D0,1.0D0,1.0D0,1.0D0,1.0D0,1.0D0,1.0D0,     0000151P   2107
1.0D0,1.0D0,1.0D0,1.0D0,1.0D0,1.0D0,1.147959D0,0.0D0,0.08681D0,  0000151P   2108
1.096939D0,0.0D0,0.118119D0,1.147959D0,-0.001190393818941319D0,  0000151P   2109
0.08680998354564498D0,1.096939D0,-0.001190445371428408D0,        0000151P   2110
0.1181188003330244D0,1.147959D0,-0.003570549477115161D0,         0000151P   2111
0.08678603000393997D0,1.096939D0,-0.003570525551522639D0,        0000151P   2112
0.118086011510896D0,1.147959D0,-0.007143486101684959D0,          0000151P   2113
0.0866779196677426D0,1.096939D0,-0.007143492512528154D0,         0000151P   2114
0.1179407592123274D0,1.147959D0,-0.01071350611614501D0,          0000151P   2115
0.08649829132508968D0,1.096939D0,-0.01071350439836475D0,         0000151P   2116
0.1176949516397944D0,1.147959D0,-0.01428648943373501D0,          0000151P   2117
0.08624491503189871D0,1.096939D0,-0.01428648989401285D0,         0000151P   2118
0.117353434228495D0,1.147959D0,-0.01785653614891495D0,           0000151P   2119
0.08592004854731551D0,1.096939D0,-0.01785653602558388D0,         0000151P   2120
0.1169133114462257D0,1.147959D0,-0.02142936597060521D0,          0000151P   2121
0.08552289077883926D0,1.096939D0,-0.02142936600365167D0,         0000151P   2122
0.1163753199866022D0,1.147959D0,-0.02499999996866424D0,          0000151P   2123
0.08505438833732752D0,1.096939D0,-0.02499999995980947D0,         0000151P   2124
0.1157394086073655D0,1.147959D0,-0.02857063415473786D0,          0000151P   2125
0.08451155587185073D0,1.096939D0,-0.02857063415711049D0,         0000151P   2126
0.1150050455839359D0,1.147959D0,-0.03214346341238434D0,          0000151P   2127
0.08389938817526965D0,1.096939D0,-0.03214346341174859D0,         0000151P   2128
0.1141744090568908D0,1.147959D0,-0.03571351219572479D0,          0000151P   2129
0.08321289142707072D0,1.096939D0,-0.03571351219589514D0,         0000151P   2130
0.113245318188501D0,1.147959D0,-0.03928648780471652D0,           0000151P   2131
0.08245504611644752D0,1.096939D0,-0.03928648780467088D0,         0000151P   2132
0.1122183181891053D0,1.147959D0,-0.04285653658540913D0,          0000151P   2133
0.08162492410713922D0,1.096939D0,-0.04285653658542137D0,         0000151P   2134
0.1110934090550781D0,1.147959D0,-0.04642936585364694D0,          0000151P   2135
0.08072325745499566D0,1.096939D0,-0.04642936585364366D0,         0000151P   2136
0.1098700455905825D0,1.147959D0,-0.05000000000000313D0,          0000151P   2137
0.07974804607287819D0,1.096939D0,-0.050000000000004D0,           0000151P   2138
0.1085504085825919D0,1.147959D0,-0.05357063414634064D0,          0000151P   2139
0.07870055825349161D0,1.096939D0,-0.0535706341463404D0,          0000151P   2140
0.1071323200790499D0,1.147959D0,-0.05714346341463436D0,          0000151P   2141
0.07758372091315541D0,1.096939D0,-0.05714346341463443D0,         0000151P   2142
0.1056163111012086D0,1.147959D0,-0.0607135121951219D0,           0000151P   2143
0.07639055809388681D0,1.096939D0,-0.06071351219512188D0,         0000151P   2144
0.1040024355161159D0,1.147959D0,-0.06428648780487806D0,          0000151P   2145
0.07512804671129747D0,1.096939D0,-0.06428648780487807D0,         0000151P   2146
0.102289946834328D0,1.147959D0,-0.06785653658536586D0,           0000151P   2147
0.07379325506092338D0,1.096939D0,-0.06785653658536585D0,         0000151P   2148
0.1004817771465721D0,1.147959D0,-0.07142936585365856D0,          0000151P   2149
0.07238493304500904D0,1.096939D0,-0.07142936585365856D0,         0000151P   2150
0.09857294457938345D0,1.147959D0,-0.075D0,0.07090501275904054D0, 0000151P   2151
1.096939D0,-0.075D0,0.09656844453589405D0,1.147959D0,            0000151P   2152
-0.07857063414634148D0,0.06935301591882882D0,1.096939D0,         0000151P   2153
-0.07857063414634148D0,0.09446527727704032D0,1.147959D0,         0000151P   2154
-0.08214346341463415D0,0.06772892356564419D0,1.096939D0,         0000151P   2155
-0.08214346341463415D0,0.09226444635594472D0,1.147959D0,         0000151P   2156
-0.08571351219512194D0,0.06603328981859447D0,1.096939D0,         0000151P   2157
-0.08571351219512194D0,0.08996493729918087D0,1.147959D0,         0000151P   2158
-0.08928648780487808D0,0.06426391715997791D0,1.096939D0,         0000151P   2159
-0.08928648780487808D0,0.08756980444733187D0,1.147959D0,         0000151P   2160
-0.09285653658536584D0,0.06242304154149393D0,1.096939D0,         0000151P   2161
-0.09285653658536584D0,0.08507384491149174D0,1.147959D0,         0000151P   2162
-0.09642936585365854D0,0.06050991667404637D0,1.096939D0,         0000151P   2163
-0.09642936585365856D0,0.08248281590670117D0,1.147959D0,-0.1D0,  0000151P   2164
0.05852529176232062D0,1.096939D0,-0.09999999999999998D0,         0000151P   2165
0.07979089146170362D0,1.147959D0,-0.1035706341463415D0,          0000151P   2166
0.05646691627667119D0,1.096939D0,-0.1035706341463415D0,          0000151P   2167
0.07700361824648441D0,1.147959D0,-0.107143463414634D0,           0000151P   2168
0.05433704313099465D0,1.096939D0,-0.1071434634146339D0,          0000151P   2169
0.0741166355523588D0,1.147959D0,-0.1107135121951225D0,           0000151P   2170
0.05213491119935022D0,1.096939D0,-0.1107135121951228D0,          0000151P   2171
0.07112983954408045D0,1.147959D0,-0.1142864878048759D0,          0000151P   2172
0.04986131207160457D0,1.096939D0,-0.1142864878048749D0,          0000151P   2173
0.06804800627131946D0,1.147959D0,-0.1178565365853738D0,          0000151P   2174
0.0475138405142315D0,1.096939D0,-0.1178565365853778D0,           0000151P   2175
0.06486413537064167D0,1.147959D0,-0.1214293658536289D0,          0000151P   2176
0.04509532587146944D0,1.096939D0,-0.1214293658536139D0,          0000151P   2177
0.06158345224611392D0,1.147959D0,-0.1250000000001107D0,          0000151P   2178
0.04260285599989079D0,1.096939D0,-0.1250000000001665D0,          0000151P   2179
0.05820405564490268D0,1.147959D0,-0.1285706341459283D0,          0000151P   2180
0.04003925012896741D0,1.096939D0,-0.12857063414572D0,            0000151P   2181
0.0547223251742754D0,1.147959D0,-0.1321434634161761D0,           0000151P   2182
0.03740214348423959D0,1.096939D0,-0.1321434634169536D0,          0000151P   2183
0.05114264365799567D0,1.147959D0,-0.1357135121893674D0,          0000151P   2184
0.03469217593407423D0,1.096939D0,-0.1357135121864659D0,          0000151P   2185
0.04746310019374192D0,1.147959D0,-0.1392864878263544D0,          0000151P   2186
0.03190915277946348D0,1.096939D0,-0.139286487837183D0,           0000151P   2187
0.04368095556703668D0,1.147959D0,-0.1428565365052149D0,          0000151P   2188
0.02905321294807186D0,1.096939D0,-0.1428565364648023D0,          0000151P   2189
0.03979707753811138D0,1.147959D0,-0.1464293661527862D0,          0000151P   2190
0.02612399542824909D0,1.096939D0,-0.146429366303608D0,           0000151P   2191
0.03581073428051782D0,1.147959D0,-0.1499999988836405D0,          0000151P   2192
0.0231228053389318D0,1.096939D0,-0.1499999983207661D0,           0000151P   2193
0.03171798533981733D0,1.147959D0,-0.1535706383126519D0,          0000151P   2194
0.02004478321602373D0,1.096939D0,-0.153570640413328D0,           0000151P   2195
0.02752332436021285D0,1.147959D0,-0.157143447865752D0,           0000151P   2196
0.01689606179697329D0,1.096939D0,-0.1571434400259223D0,          0000151P   2197
0.02321871721933129D0,1.147959D0,-0.1607135702243401D0,          0000151P   2198
0.01366896959608312D0,1.096939D0,-0.1607135994829828D0,          0000151P   2199
0.01880780676246198D0,1.147959D0,-0.1642862712368876D0,          0000151P   2200
0.01037005981869424D0,1.096939D0,-0.1642861620421465D0,          0000151P   2201
0.0142840557308208D0,1.147959D0,-0.1678573448281097D0,           0000151P   2202
0.006992791129139914D0,1.096939D0,-0.167857752348431D0,          0000151P   2203
0.009645970314254843D0,1.147959D0,-0.1714263494506736D0,         0000151P   2204
0.003544775664746106D0,1.096939D0,-0.1714248285641296D0,         0000151P   2205
0.004900063012159836D0,1.147959D0,-0.1738162880630217D0,         0000151P   2206
0.001182996029499145D0,1.096939D0,-0.173819565118077D0,          0000151P   2207
0.001631872762123822D0,1.147959D0,-0.175D0,0.0D0,1.096939D0,     0000151P   2208
-0.175D0,0.0D0,0.0D0,0.0598606204528485D0,-49.0D0,-0.0D0,0,1,    0000151P   2209
149;                                                             0000151P   2210
126,6,3,1,0,1,0,0.0D0,0.0D0,0.0D0,0.0D0,0.04925584927579987D0,   0000153P   2211
0.04925584927579987D0,0.04925584927579987D0,                     0000153P   2212
0.05098086564334473D0,0.05098086564334473D0,                     0000153P   2213
0.05098086564334473D0,0.05098086564334473D0,1.0D0,1.0D0,1.0D0,   0000153P   2214
1.0D0,1.0D0,1.0D0,1.0D0,0.0598606204528485D0,                    0000153P   2215
-0.6054284869764124D0,0.0D0,0.03223783156492265D0,               0000153P   2216
-0.735440978412531D0,0.0D0,0.01540493856941951D0,                0000153P   2217
-0.8674669153427327D0,0.0D0,0.001435062596289343D0,              0000153P   2218
-0.99955580130609D0,0.0D0,0.0009458158355384119D0,               0000153P   2219
-1.004181759311234D0,0.0D0,0.0004600805915608046D0,              0000153P   2220
-1.008807794523948D0,0.0D0,0.0D0,-1.013441550531611D0,0.0D0,     0000153P   2221
0.0D0,0.05098086564334473D0,0.0D0,0.0D0,1.0D0,0,1,149;           0000153P   2222
126,3,3,1,0,1,0,0.05098086564334473D0,0.05098086564334473D0,     0000155P   2223
0.05098086564334473D0,0.05098086564334473D0,48.03753931511174D0, 0000155P   2224
48.03753931511174D0,48.03753931511174D0,48.03753931511174D0,     0000155P   2225
1.0D0,1.0D0,1.0D0,1.0D0,0.0D0,-1.013441550531611D0,0.0D0,0.0D0,  0000155P   2226
-17.00896103368774D0,0.0D0,0.0D0,-33.00448051684387D0,0.0D0,     0000155P   2227
0.0D0,-49.0D0,0.0D0,0.05098086564334473D0,48.03753931511174D0,   0000155P   2228
0.0D0,0.0D0,1.0D0,0,1,149;                                       0000155P   2229
126,3,3,1,0,1,0,48.03753931511174D0,48.03753931511174D0,         0000157P   2230
48.03753931511174D0,48.03753931511174D0,48.09739993556458D0,     0000157P   2231
48.09739993556458D0,48.09739993556458D0,48.09739993556458D0,     0000157P   2232
1.0D0,1.0D0,1.0D0,1.0D0,0.0D0,-49.0D0,0.0D0,                     0000157P   2233
0.0199535401509495D0,-49.0D0,0.0D0,0.039907080301899D0,-49.0D0,  0000157P   2234
0.0D0,0.0598606204528485D0,-49.0D0,0.0D0,48.03753931511174D0,    0000157P   2235
48.09739993556458D0,0.0D0,0.0D0,1.0D0,0,1,149;                   0000157P   2236
126,3,3,1,0,1,0,48.09739993556458D0,48.09739993556458D0,         0000159P   2237
48.09739993556458D0,48.09739993556458D0,96.49197144858817D0,     0000159P   2238
96.49197144858817D0,96.49197144858817D0,96.49197144858817D0,     0000159P   2239
1.0D0,1.0D0,1.0D0,1.0D0,0.0598606204528485D0,-49.0D0,0.0D0,      0000159P   2240
0.05986062045284849D0,-32.86847616232547D0,0.0D0,                0000159P   2241
0.05986062045284849D0,-16.73695232465094D0,0.0D0,                0000159P   2242
0.0598606204528485D0,-0.6054284869764124D0,0.0D0,                0000159P   2243
48.09739993556458D0,96.49197144858817D0,0.0D0,0.0D0,1.0D0,0,1,   0000159P   2244
149;                                                             0000159P   2245
102,4,153,155,157,159,0,1,149;                                   0000161P   2246
126,4,3,1,0,1,0,0.0D0,0.0D0,0.0D0,0.0D0,0.04976100159718759D0,   0000163P   2247
0.05098086564334473D0,0.05098086564334473D0,                     0000163P   2248
0.05098086564334473D0,0.05098086564334473D0,1.0D0,1.0D0,1.0D0,   0000163P   2249
1.0D0,1.0D0,1.096939D0,-0.1728420562999664D0,                    0000163P   2250
0.00296011357455354D0,1.113534726952507D0,-0.1725137124474781D0, 0000163P   2251
0.00313645818731951D0,1.130540493270205D0,-0.1720854925976494D0, 0000163P   2252
0.00334227035100908D0,1.147551952891642D0,-0.171397828509673D0,  0000163P   2253
0.003570533554071961D0,1.147959D0,-0.1713809215909319D0,         0000163P   2254
0.003575974281141692D0,0.0D0,0.05098086564334473D0,              0000163P   2255
-0.0197809718626436D0,0.999804337434165D0,0.0D0,0,1,149;         0000163P   2256
126,50,3,1,0,1,0,0.05098086564334473D0,0.05098086564334473D0,    0000165P   2257
0.05098086564334473D0,0.05098086564334473D0,1.037539315111735D0, 0000165P   2258
2.037539315111735D0,3.037539315111735D0,4.037539315111735D0,     0000165P   2259
5.037539315111735D0,6.037539315111735D0,7.037539315111735D0,     0000165P   2260
8.037539315111735D0,9.037539315111735D0,10.03753931511173D0,     0000165P   2261
11.03753931511173D0,12.03753931511173D0,13.03753931511173D0,     0000165P   2262
14.03753931511173D0,15.03753931511173D0,16.03753931511174D0,     0000165P   2263
17.03753931511174D0,18.03753931511174D0,19.03753931511174D0,     0000165P   2264
20.03753931511174D0,21.03753931511174D0,22.03753931511174D0,     0000165P   2265
23.03753931511174D0,24.03753931511174D0,25.03753931511174D0,     0000165P   2266
26.03753931511174D0,27.03753931511174D0,28.03753931511174D0,     0000165P   2267
29.03753931511174D0,30.03753931511174D0,31.03753931511174D0,     0000165P   2268
32.03753931511174D0,33.03753931511174D0,34.03753931511174D0,     0000165P   2269
35.03753931511174D0,36.03753931511174D0,37.03753931511174D0,     0000165P   2270
38.03753931511174D0,39.03753931511174D0,40.03753931511174D0,     0000165P   2271
41.03753931511174D0,42.03753931511174D0,43.03753931511174D0,     0000165P   2272
44.03753931511174D0,45.03753931511174D0,46.03753931511174D0,     0000165P   2273
47.03753931511174D0,48.03753931511174D0,48.03753931511174D0,     0000165P   2274
48.03753931511174D0,48.03753931511174D0,1.0D0,1.0D0,1.0D0,1.0D0, 0000165P   2275
1.0D0,1.0D0,1.0D0,1.0D0,1.0D0,1.0D0,1.0D0,1.0D0,1.0D0,1.0D0,     0000165P   2276
1.0D0,1.0D0,1.0D0,1.0D0,1.0D0,1.0D0,1.0D0,1.0D0,1.0D0,1.0D0,     0000165P   2277
1.0D0,1.0D0,1.0D0,1.0D0,1.0D0,1.0D0,1.0D0,1.0D0,1.0D0,1.0D0,     0000165P   2278
1.0D0,1.0D0,1.0D0,1.0D0,1.0D0,1.0D0,1.0D0,1.0D0,1.0D0,1.0D0,     0000165P   2279
1.0D0,1.0D0,1.0D0,1.0D0,1.0D0,1.0D0,1.0D0,1.147959D0,            0000165P   2280
-0.171380921590932D0,0.003575974281141685D0,1.147959D0,          0000165P   2281
-0.1702046992101959D0,0.004725009805244089D0,1.147959D0,         0000165P   2282
-0.1678413445727336D0,0.007007923038389737D0,1.147959D0,         0000165P   2283
-0.1642862712368876D0,0.01037005981869424D0,1.147959D0,          0000165P   2284
-0.1607135702243401D0,0.01366896959608312D0,1.147959D0,          0000165P   2285
-0.157143447865752D0,0.01689606179697329D0,1.147959D0,           0000165P   2286
-0.1535706383126519D0,0.02004478321602373D0,1.147959D0,          0000165P   2287
-0.1499999988836405D0,0.0231228053389318D0,1.147959D0,           0000165P   2288
-0.1464293661527862D0,0.02612399542824909D0,1.147959D0,          0000165P   2289
-0.1428565365052149D0,0.02905321294807186D0,1.147959D0,          0000165P   2290
-0.1392864878263544D0,0.03190915277946348D0,1.147959D0,          0000165P   2291
-0.1357135121893674D0,0.03469217593407423D0,1.147959D0,          0000165P   2292
-0.1321434634161761D0,0.03740214348423959D0,1.147959D0,          0000165P   2293
-0.1285706341459283D0,0.04003925012896741D0,1.147959D0,          0000165P   2294
-0.1250000000001107D0,0.04260285599989079D0,1.147959D0,          0000165P   2295
-0.1214293658536289D0,0.04509532587146944D0,1.147959D0,          0000165P   2296
-0.1178565365853738D0,0.0475138405142315D0,1.147959D0,           0000165P   2297
-0.1142864878048759D0,0.04986131207160457D0,1.147959D0,          0000165P   2298
-0.1107135121951225D0,0.05213491119935022D0,1.147959D0,          0000165P   2299
-0.107143463414634D0,0.05433704313099465D0,1.147959D0,           0000165P   2300
-0.1035706341463415D0,0.05646691627667119D0,1.147959D0,-0.1D0,   0000165P   2301
0.05852529176232062D0,1.147959D0,-0.09642936585365854D0,         0000165P   2302
0.06050991667404637D0,1.147959D0,-0.09285653658536584D0,         0000165P   2303
0.06242304154149393D0,1.147959D0,-0.08928648780487808D0,         0000165P   2304
0.06426391715997791D0,1.147959D0,-0.08571351219512194D0,         0000165P   2305
0.06603328981859447D0,1.147959D0,-0.08214346341463415D0,         0000165P   2306
0.06772892356564419D0,1.147959D0,-0.07857063414634148D0,         0000165P   2307
0.06935301591882882D0,1.147959D0,-0.075D0,0.07090501275904054D0, 0000165P   2308
1.147959D0,-0.07142936585365856D0,0.07238493304500904D0,         0000165P   2309
1.147959D0,-0.06785653658536586D0,0.07379325506092338D0,         0000165P   2310
1.147959D0,-0.06428648780487806D0,0.07512804671129747D0,         0000165P   2311
1.147959D0,-0.0607135121951219D0,0.07639055809388681D0,          0000165P   2312
1.147959D0,-0.05714346341463436D0,0.07758372091315541D0,         0000165P   2313
1.147959D0,-0.05357063414634064D0,0.07870055825349161D0,         0000165P   2314
1.147959D0,-0.05000000000000313D0,0.07974804607287819D0,         0000165P   2315
1.147959D0,-0.04642936585364694D0,0.08072325745499566D0,         0000165P   2316
1.147959D0,-0.04285653658540913D0,0.08162492410713922D0,         0000165P   2317
1.147959D0,-0.03928648780471652D0,0.08245504611644752D0,         0000165P   2318
1.147959D0,-0.03571351219572479D0,0.08321289142707072D0,         0000165P   2319
1.147959D0,-0.03214346341238434D0,0.08389938817526965D0,         0000165P   2320
1.147959D0,-0.02857063415473786D0,0.08451155587185073D0,         0000165P   2321
1.147959D0,-0.02499999996866424D0,0.08505438833732752D0,         0000165P   2322
1.147959D0,-0.02142936597060521D0,0.08552289077883926D0,         0000165P   2323
1.147959D0,-0.01785653614891495D0,0.08592004854731551D0,         0000165P   2324
1.147959D0,-0.01428648943373501D0,0.08624491503189871D0,         0000165P   2325
1.147959D0,-0.01071350611614501D0,0.08649829132508968D0,         0000165P   2326
1.147959D0,-0.007143486101684959D0,0.0866779196677426D0,         0000165P   2327
1.147959D0,-0.003570549477115161D0,0.08678603000393997D0,        0000165P   2328
1.147959D0,-0.001190393818941319D0,0.08680998354564498D0,        0000165P   2329
1.147959D0,0.0D0,0.08681D0,0.05098086564334473D0,                0000165P   2330
48.03753931511174D0,1.0D0,0.0D0,0.0D0,0,1,149;                   0000165P   2331
126,1,1,1,0,1,0,48.03753931511174D0,48.03753931511174D0,         0000167P   2332
48.09739993556458D0,48.09739993556458D0,1.0D0,1.0D0,1.147959D0,  0000167P   2333
0.0D0,0.08681D0,1.096939D0,0.0D0,0.118119D0,48.03753931511174D0, 0000167P   2334
48.09739993556458D0,0.0D0,1.0D0,0.0D0,0,1,149;                   0000167P   2335
126,51,3,1,0,1,0,48.09739993556458D0,48.09739993556458D0,        0000169P   2336
48.09739993556458D0,48.09739993556458D0,49.09739993556458D0,     0000169P   2337
50.09739993556458D0,51.09739993556458D0,52.09739993556458D0,     0000169P   2338
53.09739993556458D0,54.09739993556458D0,55.09739993556458D0,     0000169P   2339
56.09739993556458D0,57.09739993556458D0,58.09739993556458D0,     0000169P   2340
59.09739993556458D0,60.09739993556458D0,61.09739993556458D0,     0000169P   2341
62.09739993556458D0,63.09739993556458D0,64.09739993556458D0,     0000169P   2342
65.09739993556458D0,66.09739993556458D0,67.09739993556458D0,     0000169P   2343
68.09739993556458D0,69.09739993556458D0,70.09739993556458D0,     0000169P   2344
71.09739993556458D0,72.0973999355646D0,73.09739993556458D0,      0000169P   2345
74.09739993556458D0,75.09739993556458D0,76.09739993556458D0,     0000169P   2346
77.09739993556458D0,78.09739993556458D0,79.09739993556458D0,     0000169P   2347
80.09739993556458D0,81.09739993556458D0,82.09739993556458D0,     0000169P   2348
83.09739993556458D0,84.09739993556458D0,85.09739993556458D0,     0000169P   2349
86.09739993556458D0,87.09739993556458D0,88.09739993556458D0,     0000169P   2350
89.09739993556458D0,90.09739993556458D0,91.09739993556458D0,     0000169P   2351
92.09739993556458D0,93.09739993556458D0,94.09739993556458D0,     0000169P   2352
95.09739993556458D0,96.09739993556458D0,96.49197144858817D0,     0000169P   2353
96.49197144858817D0,96.49197144858817D0,96.49197144858817D0,     0000169P   2354
1.0D0,1.0D0,1.0D0,1.0D0,1.0D0,1.0D0,1.0D0,1.0D0,1.0D0,1.0D0,     0000169P   2355
1.0D0,1.0D0,1.0D0,1.0D0,1.0D0,1.0D0,1.0D0,1.0D0,1.0D0,1.0D0,     0000169P   2356
1.0D0,1.0D0,1.0D0,1.0D0,1.0D0,1.0D0,1.0D0,1.0D0,1.0D0,1.0D0,     0000169P   2357
1.0D0,1.0D0,1.0D0,1.0D0,1.0D0,1.0D0,1.0D0,1.0D0,1.0D0,1.0D0,     0000169P   2358
1.0D0,1.0D0,1.0D0,1.0D0,1.0D0,1.0D0,1.0D0,1.0D0,1.0D0,1.0D0,     0000169P   2359
1.0D0,1.0D0,1.096939D0,0.0D0,0.118119D0,1.096939D0,              0000169P   2360
-0.001190445371428408D0,0.1181188003330244D0,1.096939D0,         0000169P   2361
-0.003570525551522639D0,0.118086011510896D0,1.096939D0,          0000169P   2362
-0.007143492512528154D0,0.1179407592123274D0,1.096939D0,         0000169P   2363
-0.01071350439836475D0,0.1176949516397944D0,1.096939D0,          0000169P   2364
-0.01428648989401285D0,0.117353434228495D0,1.096939D0,           0000169P   2365
-0.01785653602558388D0,0.1169133114462257D0,1.096939D0,          0000169P   2366
-0.02142936600365167D0,0.1163753199866022D0,1.096939D0,          0000169P   2367
-0.02499999995980947D0,0.1157394086073655D0,1.096939D0,          0000169P   2368
-0.02857063415711049D0,0.1150050455839359D0,1.096939D0,          0000169P   2369
-0.03214346341174859D0,0.1141744090568908D0,1.096939D0,          0000169P   2370
-0.03571351219589514D0,0.113245318188501D0,1.096939D0,           0000169P   2371
-0.03928648780467088D0,0.1122183181891053D0,1.096939D0,          0000169P   2372
-0.04285653658542137D0,0.1110934090550781D0,1.096939D0,          0000169P   2373
-0.04642936585364366D0,0.1098700455905825D0,1.096939D0,          0000169P   2374
-0.050000000000004D0,0.1085504085825919D0,1.096939D0,            0000169P   2375
-0.0535706341463404D0,0.1071323200790499D0,1.096939D0,           0000169P   2376
-0.05714346341463443D0,0.1056163111012086D0,1.096939D0,          0000169P   2377
-0.06071351219512188D0,0.1040024355161159D0,1.096939D0,          0000169P   2378
-0.06428648780487807D0,0.102289946834328D0,1.096939D0,           0000169P   2379
-0.06785653658536585D0,0.1004817771465721D0,1.096939D0,          0000169P   2380
-0.07142936585365856D0,0.09857294457938345D0,1.096939D0,         0000169P   2381
-0.075D0,0.09656844453589405D0,1.096939D0,                       0000169P   2382
-0.07857063414634148D0,0.09446527727704032D0,1.096939D0,         0000169P   2383
-0.08214346341463415D0,0.09226444635594472D0,1.096939D0,         0000169P   2384
-0.08571351219512194D0,0.08996493729918087D0,1.096939D0,         0000169P   2385
-0.08928648780487808D0,0.08756980444733187D0,1.096939D0,         0000169P   2386
-0.09285653658536584D0,0.08507384491149174D0,1.096939D0,         0000169P   2387
-0.09642936585365856D0,0.08248281590670117D0,1.096939D0,         0000169P   2388
-0.09999999999999998D0,0.07979089146170362D0,1.096939D0,         0000169P   2389
-0.1035706341463415D0,0.07700361824648441D0,1.096939D0,          0000169P   2390
-0.1071434634146339D0,0.0741166355523588D0,1.096939D0,           0000169P   2391
-0.1107135121951228D0,0.07112983954408045D0,1.096939D0,          0000169P   2392
-0.1142864878048749D0,0.06804800627131946D0,1.096939D0,          0000169P   2393
-0.1178565365853778D0,0.06486413537064167D0,1.096939D0,          0000169P   2394
-0.1214293658536139D0,0.06158345224611392D0,1.096939D0,          0000169P   2395
-0.1250000000001665D0,0.05820405564490268D0,1.096939D0,          0000169P   2396
-0.12857063414572D0,0.0547223251742754D0,1.096939D0,             0000169P   2397
-0.1321434634169536D0,0.05114264365799567D0,1.096939D0,          0000169P   2398
-0.1357135121864659D0,0.04746310019374192D0,1.096939D0,          0000169P   2399
-0.139286487837183D0,0.04368095556703668D0,1.096939D0,           0000169P   2400
-0.1428565364648023D0,0.03979707753811138D0,1.096939D0,          0000169P   2401
-0.146429366303608D0,0.03581073428051782D0,1.096939D0,           0000169P   2402
-0.1499999983207661D0,0.03171798533981733D0,1.096939D0,          0000169P   2403
-0.153570640413328D0,0.02752332436021285D0,1.096939D0,           0000169P   2404
-0.1571434400259223D0,0.02321871721933129D0,1.096939D0,          0000169P   2405
-0.1607135994829828D0,0.01880780676246198D0,1.096939D0,          0000169P   2406
-0.1642861620421465D0,0.0142840557308208D0,1.096939D0,           0000169P   2407
-0.167857752348431D0,0.009645970314254843D0,1.096939D0,          0000169P   2408
-0.1707049587120629D0,0.005857832171239066D0,1.096939D0,         0000169P   2409
-0.1723712524028551D0,0.003600975008673045D0,1.096939D0,         0000169P   2410
-0.1728420562999664D0,0.002960113574553544D0,                    0000169P   2411
48.09739993556458D0,96.49197144858817D0,1.0D0,0.0D0,0.0D0,0,1,   0000169P   2412
149;                                                             0000169P   2413
102,4,163,165,167,169,0,1,149;                                   0000171P   2414
142,0,151,161,171,1,0,1,149;                                     0000173P   2415
144,151,1,0,173,0,1,149;                                         0000175P   2416
406,1,7HTrimSrf;                                                 0000177P   2417
128,1,51,1,3,0,0,1,0,0,0.0D0,0.0D0,0.06413456198493912D0,        0000179P   2418
0.06413456198493912D0,-49.0D0,-49.0D0,-49.0D0,-49.0D0,-48.0D0,   0000179P   2419
-47.0D0,-46.0D0,-45.0D0,-44.0D0,-43.0D0,-42.0D0,-41.0D0,-40.0D0, 0000179P   2420
-39.0D0,-38.0D0,-37.0D0,-36.0D0,-35.0D0,-34.0D0,-33.0D0,-32.0D0, 0000179P   2421
-31.0D0,-30.0D0,-29.0D0,-28.0D0,-27.0D0,-26.0D0,-25.0D0,-24.0D0, 0000179P   2422
-23.0D0,-22.0D0,-21.0D0,-20.0D0,-19.0D0,-18.0D0,-17.0D0,-16.0D0, 0000179P   2423
-15.0D0,-14.0D0,-13.0D0,-12.0D0,-11.0D0,-10.0D0,-9.0D0,-8.0D0,   0000179P   2424
-7.0D0,-6.0D0,-5.0D0,-4.0D0,-3.0D0,-2.0D0,-1.0D0,-0.0D0,-0.0D0,  0000179P   2425
-0.0D0,-0.0D0,1.0D0,1.0D0,1.0D0,1.0D0,1.0D0,1.0D0,1.0D0,1.0D0,   0000179P   2426
1.0D0,1.0D0,1.0D0,1.0D0,1.0D0,1.0D0,1.0D0,1.0D0,1.0D0,1.0D0,     0000179P   2427
1.0D0,1.0D0,1.0D0,1.0D0,1.0D0,1.0D0,1.0D0,1.0D0,1.0D0,1.0D0,     0000179P   2428
1.0D0,1.0D0,1.0D0,1.0D0,1.0D0,1.0D0,1.0D0,1.0D0,1.0D0,1.0D0,     0000179P   2429
1.0D0,1.0D0,1.0D0,1.0D0,1.0D0,1.0D0,1.0D0,1.0D0,1.0D0,1.0D0,     0000179P   2430
1.0D0,1.0D0,1.0D0,1.0D0,1.0D0,1.0D0,1.0D0,1.0D0,1.0D0,1.0D0,     0000179P   2431
1.0D0,1.0D0,1.0D0,1.0D0,1.0D0,1.0D0,1.0D0,1.0D0,1.0D0,1.0D0,     0000179P   2432
1.0D0,1.0D0,1.0D0,1.0D0,1.0D0,1.0D0,1.0D0,1.0D0,1.0D0,1.0D0,     0000179P   2433
1.0D0,1.0D0,1.0D0,1.0D0,1.0D0,1.0D0,1.0D0,1.0D0,1.0D0,1.0D0,     0000179P   2434
1.0D0,1.0D0,1.0D0,1.0D0,1.0D0,1.0D0,1.0D0,1.0D0,1.0D0,1.0D0,     0000179P   2435
1.0D0,1.0D0,1.0D0,1.0D0,1.0D0,1.0D0,1.19898D0,0.0D0,0.04795D0,   0000179P   2436
1.147959D0,0.0D0,0.08681D0,1.19898D0,-0.00119035200208161D0,     0000179P   2437
0.04794999459701898D0,1.147959D0,-0.001190393818941319D0,        0000179P   2438
0.08680998354564498D0,1.19898D0,-0.003570568884387292D0,         0000179P   2439
0.04793666699929149D0,1.147959D0,-0.003570549477115161D0,        0000179P   2440
0.08678603000393997D0,1.19898D0,-0.007143480901522064D0,         0000179P   2441
0.04787667360695132D0,1.147959D0,-0.007143486101684959D0,        0000179P   2442
0.0866779196677426D0,1.19898D0,-0.01071350750952446D0,           0000179P   2443
0.04777663857290329D0,1.147959D0,-0.01071350611614501D0,         0000179P   2444
0.08649829132508968D0,1.19898D0,-0.01428648906038012D0,          0000179P   2445
0.04763677210143555D0,1.147959D0,-0.01428648943373501D0,         0000179P   2446
0.08624491503189871D0,1.19898D0,-0.01785653624895509D0,          0000179P   2447
0.04745627302135455D0,1.147959D0,-0.01785653614891495D0,         0000179P   2448
0.08592004854731551D0,1.19898D0,-0.02142936594379953D0,          0000179P   2449
0.04723813581314626D0,1.147959D0,-0.02142936597060521D0,         0000179P   2450
0.08552289077883926D0,1.19898D0,-0.0249999999758468D0,           0000179P   2451
0.04697718372606043D0,1.147959D0,-0.02499999996866424D0,         0000179P   2452
0.08505438833732752D0,1.19898D0,-0.0285706341528133D0,           0000179P   2453
0.04667912928261207D0,1.147959D0,-0.02857063415473786D0,         0000179P   2454
0.08451155587185073D0,1.19898D0,-0.03214346341290002D0,          0000179P   2455
0.0463382991434913D0,1.147959D0,-0.03214346341238434D0,          0000179P   2456
0.08389938817526965D0,1.19898D0,-0.03571351219558662D0,          0000179P   2457
0.04595967414342272D0,1.147959D0,-0.03571351219572479D0,         0000179P   2458
0.08321289142707072D0,1.19898D0,-0.03928648780475355D0,          0000179P   2459
0.04554100428281784D0,1.147959D0,-0.03928648780471652D0,         0000179P   2460
0.08245504611644752D0,1.19898D0,-0.04285653658539921D0,          0000179P   2461
0.04508030872530591D0,1.147959D0,-0.04285653658540913D0,         0000179P   2462
0.08162492410713922D0,1.19898D0,-0.0464293658536496D0,           0000179P   2463
0.04458176081595855D0,1.147959D0,-0.04642936585364694D0,         0000179P   2464
0.08072325745499566D0,1.19898D0,-0.05000000000000241D0,          0000179P   2465
0.04404264801085987D0,1.147959D0,-0.05000000000000313D0,         0000179P   2466
0.07974804607287819D0,1.19898D0,-0.05357063414634083D0,          0000179P   2467
0.043463647140602D0,1.147959D0,-0.05357063414634064D0,           0000179P   2468
0.07870055825349161D0,1.19898D0,-0.05714346341463431D0,          0000179P   2469
0.04284476342673218D0,1.147959D0,-0.05714346341463436D0,         0000179P   2470
0.07758372091315541D0,1.19898D0,-0.06071351219512192D0,          0000179P   2471
0.04218529915246934D0,1.147959D0,-0.0607135121951219D0,          0000179P   2472
0.07639055809388681D0,1.19898D0,-0.06428648780487806D0,          0000179P   2473
0.04148803996339048D0,1.147959D0,-0.06428648780487806D0,         0000179P   2474
0.07512804671129747D0,1.19898D0,-0.06785653658536586D0,          0000179P   2475
0.04074854099396876D0,1.147959D0,-0.06785653658536586D0,         0000179P   2476
0.07379325506092338D0,1.19898D0,-0.07142936585365856D0,          0000179P   2477
0.03996979606073452D0,1.147959D0,-0.07142936585365856D0,         0000179P   2478
0.07238493304500904D0,1.19898D0,-0.075D0,0.03915027476309316D0,  0000179P   2479
1.147959D0,-0.075D0,0.07090501275904054D0,1.19898D0,             0000179P   2480
-0.07857063414634148D0,0.03829310488689285D0,1.147959D0,         0000179P   2481
-0.07857063414634148D0,0.06935301591882882D0,1.19898D0,          0000179P   2482
-0.08214346341463415D0,0.03739330568933548D0,1.147959D0,         0000179P   2483
-0.08214346341463415D0,0.06772892356564419D0,1.19898D0,          0000179P   2484
-0.08571351219512194D0,0.03645567235576526D0,1.147959D0,         0000179P   2485
-0.08571351219512194D0,0.06603328981859447D0,1.19898D0,          0000179P   2486
-0.08928648780487808D0,0.03547800488760353D0,1.147959D0,         0000179P   2487
-0.08928648780487808D0,0.06426391715997791D0,1.19898D0,          0000179P   2488
-0.09285653658536584D0,0.03445830809382066D0,1.147959D0,         0000179P   2489
-0.09285653658536584D0,0.06242304154149393D0,1.19898D0,          0000179P   2490
-0.09642936585365854D0,0.03340076273711388D0,1.147959D0,         0000179P   2491
-0.09642936585365854D0,0.06050991667404637D0,1.19898D0,-0.1D0,   0000179P   2492
0.03230264095772382D0,1.147959D0,-0.1D0,0.05852529176232062D0,   0000179P   2493
1.19898D0,-0.1035706341463415D0,0.03116467343199083D0,           0000179P   2494
1.147959D0,-0.1035706341463415D0,0.05646691627667119D0,          0000179P   2495
1.19898D0,-0.1071434634146341D0,0.02998666531431288D0,           0000179P   2496
1.147959D0,-0.107143463414634D0,0.05433704313099465D0,1.19898D0, 0000179P   2497
-0.1107135121951222D0,0.02876866531075767D0,1.147959D0,          0000179P   2498
-0.1107135121951225D0,0.05213491119935022D0,1.19898D0,           0000179P   2499
-0.1142864878048771D0,0.02751067344265647D0,1.147959D0,          0000179P   2500
-0.1142864878048759D0,0.04986131207160457D0,1.19898D0,           0000179P   2501
-0.1178565365853693D0,0.02621264091861649D0,1.147959D0,          0000179P   2502
-0.1178565365853738D0,0.0475138405142315D0,1.19898D0,            0000179P   2503
-0.1214293658536457D0,0.02487476288287761D0,1.147959D0,          0000179P   2504
-0.1214293658536289D0,0.04509532587146944D0,1.19898D0,           0000179P   2505
-0.1250000000000479D0,0.0234963075498731D0,1.147959D0,           0000179P   2506
-0.1250000000001107D0,0.04260285599989079D0,1.19898D0,           0000179P   2507
-0.1285706341461626D0,0.02208000691763D0,1.147959D0,             0000179P   2508
-0.1285706341459283D0,0.04003925012896741D0,1.19898D0,           0000179P   2509
-0.1321434634153017D0,0.02062166477960689D0,1.147959D0,          0000179P   2510
-0.1321434634161761D0,0.03740214348423959D0,1.19898D0,           0000179P   2511
-0.1357135121926308D0,0.01912333396394247D0,1.147959D0,          0000179P   2512
-0.1357135121893674D0,0.03469217593407423D0,1.19898D0,           0000179P   2513
-0.1392864878141751D0,0.0175869993646232D0,1.147959D0,           0000179P   2514
-0.1392864878263544D0,0.03190915277946348D0,1.19898D0,           0000179P   2515
-0.1428565365506688D0,0.01600866857756472D0,1.147959D0,          0000179P   2516
-0.1428565365052149D0,0.02905321294807186D0,1.19898D0,           0000179P   2517
-0.1464293659831497D0,0.01439032632511791D0,1.147959D0,          0000179P   2518
-0.1464293661527862D0,0.02612399542824909D0,1.19898D0,           0000179P   2519
-0.1499999995167324D0,0.01273402612196366D0,1.147959D0,          0000179P   2520
-0.1499999988836405D0,0.0231228053389318D0,1.19898D0,            0000179P   2521
-0.1535706359499207D0,0.01103556918702745D0,1.147959D0,          0000179P   2522
-0.1535706383126519D0,0.02004478321602373D0,1.19898D0,           0000179P   2523
-0.157143456683585D0,0.009297697129926553D0,1.147959D0,          0000179P   2524
-0.157143447865752D0,0.01689606179697329D0,1.19898D0,            0000179P   2525
-0.1607135373157395D0,0.00751964229326634D0,1.147959D0,          0000179P   2526
-0.1607135702243401D0,0.01366896959608312D0,1.19898D0,           0000179P   2527
-0.1642863940534572D0,0.005701733697008087D0,1.147959D0,         0000179P   2528
-0.1642862712368876D0,0.01037005981869424D0,1.19898D0,           0000179P   2529
-0.1678568864704318D0,0.003843422918701319D0,1.147959D0,         0000179P   2530
-0.1678573448281097D0,0.006992791129139914D0,1.19898D0,          0000179P   2531
-0.1714280600648159D0,0.001946574628186638D0,1.147959D0,         0000179P   2532
-0.1714263494506736D0,0.003544775664746106D0,1.19898D0,          0000179P   2533
-0.1738126022018085D0,0.0006517105884302984D0,1.147959D0,        0000179P   2534
-0.1738162880630217D0,0.001182996029499145D0,1.19898D0,-0.175D0, 0000179P   2535
0.0D0,1.147959D0,-0.175D0,0.0D0,0.0D0,0.06413456198493912D0,     0000179P   2536
-49.0D0,-0.0D0,0,1,177;                                          0000179P   2537
126,9,3,1,0,1,0,0.0D0,0.0D0,0.0D0,0.0D0,0.01462055930946202D0,   0000181P   2538
0.01462055930946202D0,0.01462055930946202D0,                     0000181P   2539
0.0387241433844604D0,0.0387241433844604D0,0.0387241433844604D0,  0000181P   2540
0.05095792905892525D0,0.05095792905892525D0,                     0000181P   2541
0.05095792905892525D0,0.05095792905892525D0,1.0D0,1.0D0,1.0D0,   0000181P   2542
1.0D0,1.0D0,1.0D0,1.0D0,1.0D0,1.0D0,1.0D0,0.06413456198493912D0, 0000181P   2543
-1.01336649043401D0,0.0D0,0.05268986131726869D0,                 0000181P   2544
-1.137317340451084D0,0.0D0,0.04408794336353385D0,                0000181P   2545
-1.261507604100077D0,0.0D0,0.03680939300548391D0,                0000181P   2546
-1.38576894185521D0,0.0D0,0.0248099101686114D0,                  0000181P   2547
-1.590627288137095D0,0.0D0,0.01640722304345994D0,                0000181P   2548
-1.79567880753355D0,0.0D0,0.009462606936400766D0,                0000181P   2549
-2.000769382133058D0,0.0D0,0.005937863695692314D0,               0000181P   2550
-2.104863201778151D0,0.0D0,0.002788730470288519D0,               0000181P   2551
-2.208967082336077D0,0.0D0,0.0D0,-2.313084955142487D0,0.0D0,     0000181P   2552
0.0D0,0.05095792905892525D0,0.0D0,0.0D0,1.0D0,0,1,177;           0000181P   2553
126,3,3,1,0,1,0,0.05095792905892525D0,0.05095792905892525D0,     0000183P   2554
0.05095792905892525D0,0.05095792905892525D0,46.73787297391643D0, 0000183P   2555
46.73787297391643D0,46.73787297391643D0,46.73787297391643D0,     0000183P   2556
1.0D0,1.0D0,1.0D0,1.0D0,0.0D0,-2.313084955142487D0,0.0D0,0.0D0,  0000183P   2557
-17.87538997009499D0,0.0D0,0.0D0,-33.43769498504749D0,0.0D0,     0000183P   2558
0.0D0,-49.0D0,0.0D0,0.05095792905892525D0,46.73787297391643D0,   0000183P   2559
0.0D0,0.0D0,1.0D0,0,1,177;                                       0000183P   2560
126,3,3,1,0,1,0,46.73787297391643D0,46.73787297391643D0,         0000185P   2561
46.73787297391643D0,46.73787297391643D0,46.80200753590137D0,     0000185P   2562
46.80200753590137D0,46.80200753590137D0,46.80200753590137D0,     0000185P   2563
1.0D0,1.0D0,1.0D0,1.0D0,0.0D0,-49.0D0,0.0D0,                     0000185P   2564
0.02137818732831304D0,-49.0D0,0.0D0,0.04275637465662608D0,       0000185P   2565
-49.0D0,0.0D0,0.06413456198493912D0,-49.0D0,0.0D0,               0000185P   2566
46.73787297391643D0,46.80200753590137D0,0.0D0,0.0D0,1.0D0,0,1,   0000185P   2567
177;                                                             0000185P   2568
126,3,3,1,0,1,0,46.80200753590137D0,46.80200753590137D0,         0000187P   2569
46.80200753590137D0,46.80200753590137D0,94.78864104546736D0,     0000187P   2570
94.78864104546736D0,94.78864104546736D0,94.78864104546736D0,     0000187P   2571
1.0D0,1.0D0,1.0D0,1.0D0,0.06413456198493912D0,-49.0D0,0.0D0,     0000187P   2572
0.06413456198493912D0,-33.00445549681134D0,0.0D0,                0000187P   2573
0.06413456198493912D0,-17.00891099362267D0,0.0D0,                0000187P   2574
0.06413456198493912D0,-1.01336649043401D0,0.0D0,                 0000187P   2575
46.80200753590137D0,94.78864104546736D0,0.0D0,0.0D0,1.0D0,0,1,   0000187P   2576
177;                                                             0000187P   2577
102,4,181,183,185,187,0,1,177;                                   0000189P   2578
126,4,3,1,0,1,0,0.0D0,0.0D0,0.0D0,0.0D0,0.04343591986779133D0,   0000191P   2579
0.05095792905892525D0,0.05095792905892525D0,                     0000191P   2580
0.05095792905892525D0,0.05095792905892525D0,1.0D0,1.0D0,1.0D0,   0000191P   2581
1.0D0,1.0D0,1.147959D0,-0.1713811900617395D0,                    0000191P   2582
0.003575712015466429D0,1.162455395147473D0,                      0000191P   2583
-0.1706479614206366D0,0.003804889989679725D0,                    0000191P   2584
1.179489347938213D0,-0.1695986243857853D0,                       0000191P   2585
0.004107596643707114D0,1.196478378372639D0,                      0000191P   2586
-0.1671613649333775D0,0.004383864438850587D0,1.19898D0,          0000191P   2587
-0.1667390437164922D0,0.004422943601091994D0,0.0D0,              0000191P   2588
0.05095792905892525D0,-0.01707829765298766D0,                    0000191P   2589
0.003825278727327309D0,0.9998468377666323D0,0,1,177;             0000191P   2590
126,49,3,1,0,1,0,0.05095792905892525D0,0.05095792905892525D0,    0000193P   2591
0.05095792905892525D0,0.05095792905892525D0,                     0000193P   2592
0.7378729739164394D0,1.737872973916439D0,2.737872973916439D0,    0000193P   2593
3.737872973916439D0,4.737872973916439D0,5.737872973916439D0,     0000193P   2594
6.737872973916439D0,7.737872973916439D0,8.737872973916438D0,     0000193P   2595
9.737872973916438D0,10.73787297391644D0,11.73787297391644D0,     0000193P   2596
12.73787297391644D0,13.73787297391644D0,14.73787297391644D0,     0000193P   2597
15.73787297391644D0,16.73787297391644D0,17.73787297391644D0,     0000193P   2598
18.73787297391644D0,19.73787297391644D0,20.73787297391644D0,     0000193P   2599
21.73787297391644D0,22.73787297391644D0,23.73787297391644D0,     0000193P   2600
24.73787297391644D0,25.73787297391644D0,26.73787297391644D0,     0000193P   2601
27.73787297391644D0,28.73787297391644D0,29.73787297391644D0,     0000193P   2602
30.73787297391644D0,31.73787297391644D0,32.73787297391644D0,     0000193P   2603
33.73787297391644D0,34.73787297391644D0,35.73787297391644D0,     0000193P   2604
36.73787297391644D0,37.73787297391644D0,38.73787297391644D0,     0000193P   2605
39.73787297391644D0,40.73787297391644D0,41.73787297391644D0,     0000193P   2606
42.73787297391644D0,43.73787297391644D0,44.73787297391644D0,     0000193P   2607
45.73787297391644D0,46.73787297391644D0,46.73787297391644D0,     0000193P   2608
46.73787297391644D0,46.73787297391644D0,1.0D0,1.0D0,1.0D0,1.0D0, 0000193P   2609
1.0D0,1.0D0,1.0D0,1.0D0,1.0D0,1.0D0,1.0D0,1.0D0,1.0D0,1.0D0,     0000193P   2610
1.0D0,1.0D0,1.0D0,1.0D0,1.0D0,1.0D0,1.0D0,1.0D0,1.0D0,1.0D0,     0000193P   2611
1.0D0,1.0D0,1.0D0,1.0D0,1.0D0,1.0D0,1.0D0,1.0D0,1.0D0,1.0D0,     0000193P   2612
1.0D0,1.0D0,1.0D0,1.0D0,1.0D0,1.0D0,1.0D0,1.0D0,1.0D0,1.0D0,     0000193P   2613
1.0D0,1.0D0,1.0D0,1.0D0,1.0D0,1.0D0,1.19898D0,                   0000193P   2614
-0.1667390437164922D0,0.00442294360109198D0,1.19898D0,           0000193P   2615
-0.165921438733321D0,0.004850072557526509D0,1.19898D0,           0000193P   2616
-0.1639135248229709D0,0.005891453640778973D0,1.19898D0,          0000193P   2617
-0.1607135373157395D0,0.00751964229326634D0,1.19898D0,           0000193P   2618
-0.157143456683585D0,0.009297697129926553D0,1.19898D0,           0000193P   2619
-0.1535706359499207D0,0.01103556918702745D0,1.19898D0,           0000193P   2620
-0.1499999995167324D0,0.01273402612196366D0,1.19898D0,           0000193P   2621
-0.1464293659831497D0,0.01439032632511791D0,1.19898D0,           0000193P   2622
-0.1428565365506688D0,0.01600866857756472D0,1.19898D0,           0000193P   2623
-0.1392864878141751D0,0.0175869993646232D0,1.19898D0,            0000193P   2624
-0.1357135121926308D0,0.01912333396394247D0,1.19898D0,           0000193P   2625
-0.1321434634153017D0,0.02062166477960689D0,1.19898D0,           0000193P   2626
-0.1285706341461626D0,0.02208000691763D0,1.19898D0,              0000193P   2627
-0.1250000000000479D0,0.0234963075498731D0,1.19898D0,            0000193P   2628
-0.1214293658536457D0,0.02487476288287761D0,1.19898D0,           0000193P   2629
-0.1178565365853693D0,0.02621264091861649D0,1.19898D0,           0000193P   2630
-0.1142864878048771D0,0.02751067344265647D0,1.19898D0,           0000193P   2631
-0.1107135121951222D0,0.02876866531075767D0,1.19898D0,           0000193P   2632
-0.1071434634146341D0,0.02998666531431288D0,1.19898D0,           0000193P   2633
-0.1035706341463415D0,0.03116467343199083D0,1.19898D0,-0.1D0,    0000193P   2634
0.03230264095772382D0,1.19898D0,-0.09642936585365854D0,          0000193P   2635
0.03340076273711388D0,1.19898D0,-0.09285653658536584D0,          0000193P   2636
0.03445830809382066D0,1.19898D0,-0.08928648780487808D0,          0000193P   2637
0.03547800488760353D0,1.19898D0,-0.08571351219512194D0,          0000193P   2638
0.03645567235576526D0,1.19898D0,-0.08214346341463415D0,          0000193P   2639
0.03739330568933548D0,1.19898D0,-0.07857063414634148D0,          0000193P   2640
0.03829310488689285D0,1.19898D0,-0.075D0,0.03915027476309316D0,  0000193P   2641
1.19898D0,-0.07142936585365856D0,0.03996979606073452D0,          0000193P   2642
1.19898D0,-0.06785653658536586D0,0.04074854099396876D0,          0000193P   2643
1.19898D0,-0.06428648780487806D0,0.04148803996339048D0,          0000193P   2644
1.19898D0,-0.06071351219512192D0,0.04218529915246934D0,          0000193P   2645
1.19898D0,-0.05714346341463431D0,0.04284476342673218D0,          0000193P   2646
1.19898D0,-0.05357063414634083D0,0.043463647140602D0,1.19898D0,  0000193P   2647
-0.05000000000000241D0,0.04404264801085987D0,1.19898D0,          0000193P   2648
-0.0464293658536496D0,0.04458176081595855D0,1.19898D0,           0000193P   2649
-0.04285653658539921D0,0.04508030872530591D0,1.19898D0,          0000193P   2650
-0.03928648780475355D0,0.04554100428281784D0,1.19898D0,          0000193P   2651
-0.03571351219558662D0,0.04595967414342272D0,1.19898D0,          0000193P   2652
-0.03214346341290002D0,0.0463382991434913D0,1.19898D0,           0000193P   2653
-0.0285706341528133D0,0.04667912928261207D0,1.19898D0,           0000193P   2654
-0.0249999999758468D0,0.04697718372606043D0,1.19898D0,           0000193P   2655
-0.02142936594379953D0,0.04723813581314626D0,1.19898D0,          0000193P   2656
-0.01785653624895509D0,0.04745627302135455D0,1.19898D0,          0000193P   2657
-0.01428648906038012D0,0.04763677210143555D0,1.19898D0,          0000193P   2658
-0.01071350750952446D0,0.04777663857290329D0,1.19898D0,          0000193P   2659
-0.007143480901522064D0,0.04787667360695132D0,1.19898D0,         0000193P   2660
-0.003570568884387292D0,0.04793666699929149D0,1.19898D0,         0000193P   2661
-0.00119035200208161D0,0.04794999459701898D0,1.19898D0,0.0D0,    0000193P   2662
0.04795D0,0.05095792905892525D0,46.73787297391644D0,1.0D0,0.0D0, 0000193P   2663
0.0D0,0,1,177;                                                   0000193P   2664
126,1,1,1,0,1,0,46.73787297391644D0,46.73787297391644D0,         0000195P   2665
46.80200753590137D0,46.80200753590137D0,1.0D0,1.0D0,1.19898D0,   0000195P   2666
0.0D0,0.04795D0,1.147959D0,0.0D0,0.08681D0,46.73787297391644D0,  0000195P   2667
46.80200753590137D0,0.0D0,1.0D0,0.0D0,0,1,177;                   0000195P   2668
126,50,3,1,0,1,0,46.80200753590137D0,46.80200753590137D0,        0000197P   2669
46.80200753590137D0,46.80200753590137D0,47.80200753590137D0,     0000197P   2670
48.80200753590137D0,49.80200753590137D0,50.80200753590137D0,     0000197P   2671
51.80200753590137D0,52.80200753590137D0,53.80200753590137D0,     0000197P   2672
54.80200753590137D0,55.80200753590137D0,56.80200753590137D0,     0000197P   2673
57.80200753590137D0,58.80200753590137D0,59.80200753590137D0,     0000197P   2674
60.80200753590137D0,61.80200753590137D0,62.80200753590137D0,     0000197P   2675
63.80200753590137D0,64.80200753590137D0,65.80200753590137D0,     0000197P   2676
66.80200753590137D0,67.80200753590137D0,68.80200753590137D0,     0000197P   2677
69.80200753590137D0,70.80200753590137D0,71.80200753590137D0,     0000197P   2678
72.80200753590137D0,73.80200753590137D0,74.80200753590137D0,     0000197P   2679
75.80200753590137D0,76.80200753590137D0,77.80200753590137D0,     0000197P   2680
78.80200753590137D0,79.80200753590137D0,80.80200753590137D0,     0000197P   2681
81.80200753590137D0,82.80200753590137D0,83.80200753590137D0,     0000197P   2682
84.80200753590137D0,85.80200753590137D0,86.80200753590137D0,     0000197P   2683
87.80200753590137D0,88.80200753590137D0,89.80200753590137D0,     0000197P   2684
90.80200753590137D0,91.80200753590137D0,92.80200753590137D0,     0000197P   2685
93.80200753590137D0,94.78864104546736D0,94.78864104546736D0,     0000197P   2686
94.78864104546736D0,94.78864104546736D0,1.0D0,1.0D0,1.0D0,1.0D0, 0000197P   2687
1.0D0,1.0D0,1.0D0,1.0D0,1.0D0,1.0D0,1.0D0,1.0D0,1.0D0,1.0D0,     0000197P   2688
1.0D0,1.0D0,1.0D0,1.0D0,1.0D0,1.0D0,1.0D0,1.0D0,1.0D0,1.0D0,     0000197P   2689
1.0D0,1.0D0,1.0D0,1.0D0,1.0D0,1.0D0,1.0D0,1.0D0,1.0D0,1.0D0,     0000197P   2690
1.0D0,1.0D0,1.0D0,1.0D0,1.0D0,1.0D0,1.0D0,1.0D0,1.0D0,1.0D0,     0000197P   2691
1.0D0,1.0D0,1.0D0,1.0D0,1.0D0,1.0D0,1.0D0,1.147959D0,0.0D0,      0000197P   2692
0.08681D0,1.147959D0,-0.001190393818941319D0,                    0000197P   2693
0.08680998354564498D0,1.147959D0,-0.003570549477115161D0,        0000197P   2694
0.08678603000393997D0,1.147959D0,-0.007143486101684959D0,        0000197P   2695
0.0866779196677426D0,1.147959D0,-0.01071350611614501D0,          0000197P   2696
0.08649829132508968D0,1.147959D0,-0.01428648943373501D0,         0000197P   2697
0.08624491503189871D0,1.147959D0,-0.01785653614891495D0,         0000197P   2698
0.08592004854731551D0,1.147959D0,-0.02142936597060521D0,         0000197P   2699
0.08552289077883926D0,1.147959D0,-0.02499999996866424D0,         0000197P   2700
0.08505438833732752D0,1.147959D0,-0.02857063415473786D0,         0000197P   2701
0.08451155587185073D0,1.147959D0,-0.03214346341238434D0,         0000197P   2702
0.08389938817526965D0,1.147959D0,-0.03571351219572479D0,         0000197P   2703
0.08321289142707072D0,1.147959D0,-0.03928648780471652D0,         0000197P   2704
0.08245504611644752D0,1.147959D0,-0.04285653658540913D0,         0000197P   2705
0.08162492410713922D0,1.147959D0,-0.04642936585364694D0,         0000197P   2706
0.08072325745499566D0,1.147959D0,-0.05000000000000313D0,         0000197P   2707
0.07974804607287819D0,1.147959D0,-0.05357063414634064D0,         0000197P   2708
0.07870055825349161D0,1.147959D0,-0.05714346341463436D0,         0000197P   2709
0.07758372091315541D0,1.147959D0,-0.0607135121951219D0,          0000197P   2710
0.07639055809388681D0,1.147959D0,-0.06428648780487806D0,         0000197P   2711
0.07512804671129747D0,1.147959D0,-0.06785653658536586D0,         0000197P   2712
0.07379325506092338D0,1.147959D0,-0.07142936585365856D0,         0000197P   2713
0.07238493304500904D0,1.147959D0,-0.075D0,0.07090501275904054D0, 0000197P   2714
1.147959D0,-0.07857063414634148D0,0.06935301591882882D0,         0000197P   2715
1.147959D0,-0.08214346341463415D0,0.06772892356564419D0,         0000197P   2716
1.147959D0,-0.08571351219512194D0,0.06603328981859447D0,         0000197P   2717
1.147959D0,-0.08928648780487808D0,0.06426391715997791D0,         0000197P   2718
1.147959D0,-0.09285653658536584D0,0.06242304154149393D0,         0000197P   2719
1.147959D0,-0.09642936585365854D0,0.06050991667404637D0,         0000197P   2720
1.147959D0,-0.1D0,0.05852529176232062D0,1.147959D0,              0000197P   2721
-0.1035706341463415D0,0.05646691627667119D0,1.147959D0,          0000197P   2722
-0.107143463414634D0,0.05433704313099465D0,1.147959D0,           0000197P   2723
-0.1107135121951225D0,0.05213491119935022D0,1.147959D0,          0000197P   2724
-0.1142864878048759D0,0.04986131207160457D0,1.147959D0,          0000197P   2725
-0.1178565365853738D0,0.0475138405142315D0,1.147959D0,           0000197P   2726
-0.1214293658536289D0,0.04509532587146944D0,1.147959D0,          0000197P   2727
-0.1250000000001107D0,0.04260285599989079D0,1.147959D0,          0000197P   2728
-0.1285706341459283D0,0.04003925012896741D0,1.147959D0,          0000197P   2729
-0.1321434634161761D0,0.03740214348423959D0,1.147959D0,          0000197P   2730
-0.1357135121893674D0,0.03469217593407423D0,1.147959D0,          0000197P   2731
-0.1392864878263544D0,0.03190915277946348D0,1.147959D0,          0000197P   2732
-0.1428565365052149D0,0.02905321294807186D0,1.147959D0,          0000197P   2733
-0.1464293661527862D0,0.02612399542824909D0,1.147959D0,          0000197P   2734
-0.1499999988836405D0,0.0231228053389318D0,1.147959D0,           0000197P   2735
-0.1535706383126519D0,0.02004478321602373D0,1.147959D0,          0000197P   2736
-0.157143447865752D0,0.01689606179697329D0,1.147959D0,           0000197P   2737
-0.1607135702243401D0,0.01366896959608312D0,1.147959D0,          0000197P   2738
-0.1642862712368876D0,0.01037005981869424D0,1.147959D0,          0000197P   2739
-0.167841433921111D0,0.00700783853901725D0,1.147959D0,           0000197P   2740
-0.1702048778041133D0,0.004724837290052178D0,1.147959D0,         0000197P   2741
-0.1713811900617395D0,0.003575712015466438D0,                    0000197P   2742
46.80200753590137D0,94.78864104546736D0,1.0D0,0.0D0,0.0D0,0,1,   0000197P   2743
177;                                                             0000197P   2744
102,4,191,193,195,197,0,1,177;                                   0000199P   2745
142,0,179,189,199,1,0,1,177;                                     0000201P   2746
144,179,1,0,201,0,1,177;                                         0000203P   2747
406,1,7HTrimSrf;                                                 0000205P   2748
128,1,51,1,3,0,0,1,0,0,0.0D0,0.0D0,0.07001601888139604D0,        0000207P   2749
0.07001601888139604D0,0.0D0,0.0D0,0.0D0,0.0D0,1.0D0,2.0D0,3.0D0, 0000207P   2750
4.0D0,5.0D0,6.0D0,7.0D0,8.0D0,9.0D0,10.0D0,11.0D0,12.0D0,13.0D0, 0000207P   2751
14.0D0,15.0D0,16.0D0,17.0D0,18.0D0,19.0D0,20.0D0,21.0D0,22.0D0,  0000207P   2752
23.0D0,24.0D0,25.0D0,26.0D0,27.0D0,28.0D0,29.0D0,30.0D0,31.0D0,  0000207P   2753
32.0D0,33.0D0,34.0D0,35.0D0,36.0D0,37.0D0,38.0D0,39.0D0,40.0D0,  0000207P   2754
41.0D0,42.0D0,43.0D0,44.0D0,45.0D0,46.0D0,47.0D0,48.0D0,49.0D0,  0000207P   2755
49.0D0,49.0D0,49.0D0,1.0D0,1.0D0,1.0D0,1.0D0,1.0D0,1.0D0,1.0D0,  0000207P   2756
1.0D0,1.0D0,1.0D0,1.0D0,1.0D0,1.0D0,1.0D0,1.0D0,1.0D0,1.0D0,     0000207P   2757
1.0D0,1.0D0,1.0D0,1.0D0,1.0D0,1.0D0,1.0D0,1.0D0,1.0D0,1.0D0,     0000207P   2758
1.0D0,1.0D0,1.0D0,1.0D0,1.0D0,1.0D0,1.0D0,1.0D0,1.0D0,1.0D0,     0000207P   2759
1.0D0,1.0D0,1.0D0,1.0D0,1.0D0,1.0D0,1.0D0,1.0D0,1.0D0,1.0D0,     0000207P   2760
1.0D0,1.0D0,1.0D0,1.0D0,1.0D0,1.0D0,1.0D0,1.0D0,1.0D0,1.0D0,     0000207P   2761
1.0D0,1.0D0,1.0D0,1.0D0,1.0D0,1.0D0,1.0D0,1.0D0,1.0D0,1.0D0,     0000207P   2762
1.0D0,1.0D0,1.0D0,1.0D0,1.0D0,1.0D0,1.0D0,1.0D0,1.0D0,1.0D0,     0000207P   2763
1.0D0,1.0D0,1.0D0,1.0D0,1.0D0,1.0D0,1.0D0,1.0D0,1.0D0,1.0D0,     0000207P   2764
1.0D0,1.0D0,1.0D0,1.0D0,1.0D0,1.0D0,1.0D0,1.0D0,1.0D0,1.0D0,     0000207P   2765
1.0D0,1.0D0,1.0D0,1.0D0,1.0D0,1.0D0,1.0D0,1.19898D0,-0.175D0,    0000207P   2766
0.0D0,1.25D0,-0.175D0,0.0D0,1.19898D0,-0.1738126022018085D0,     0000207P   2767
0.0006517105884302984D0,1.25D0,-0.1738096666666667D0,0.0D0,      0000207P   2768
1.19898D0,-0.1714280600648159D0,0.001946574628186638D0,1.25D0,   0000207P   2769
-0.1714294224514165D0,0.0D0,1.19898D0,-0.1678568864704318D0,     0000207P   2770
0.003843422918701319D0,1.25D0,-0.1678565214200423D0,0.0D0,       0000207P   2771
1.19898D0,-0.1642863940534572D0,0.005701733697008087D0,1.25D0,   0000207P   2772
-0.1642864918684143D0,0.0D0,1.19898D0,-0.1607135373157395D0,     0000207P   2773
0.00751964229326634D0,1.25D0,-0.1607135111063007D0,0.0D0,        0000207P   2774
1.19898D0,-0.157143456683585D0,0.009297697129926553D0,1.25D0,    0000207P   2775
-0.1571434637063829D0,0.0D0,1.19898D0,-0.1535706359499207D0,     0000207P   2776
0.01103556918702745D0,1.25D0,-0.1535706340681676D0,0.0D0,        0000207P   2777
1.19898D0,-0.1499999995167324D0,0.01273402612196366D0,1.25D0,    0000207P   2778
-0.1500000000209466D0,0.0D0,1.19898D0,-0.1464293659831497D0,     0000207P   2779
0.01439032632511791D0,1.25D0,-0.1464293658480459D0,0.0D0,        0000207P   2780
1.19898D0,-0.1428565365506688D0,0.01600866857756472D0,1.25D0,    0000207P   2781
-0.1428565365868698D0,0.0D0,1.19898D0,-0.1392864878141751D0,     0000207P   2782
0.0175869993646232D0,1.25D0,-0.1392864878044751D0,0.0D0,         0000207P   2783
1.19898D0,-0.1357135121926308D0,0.01912333396394247D0,1.25D0,    0000207P   2784
-0.1357135121952299D0,0.0D0,1.19898D0,-0.1321434634153017D0,     0000207P   2785
0.02062166477960689D0,1.25D0,-0.1321434634146053D0,0.0D0,        0000207P   2786
1.19898D0,-0.1285706341461626D0,0.02208000691763D0,1.25D0,       0000207P   2787
-0.1285706341463492D0,0.0D0,1.19898D0,-0.1250000000000479D0,     0000207P   2788
0.0234963075498731D0,1.25D0,-0.1249999999999979D0,0.0D0,         0000207P   2789
1.19898D0,-0.1214293658536457D0,0.02487476288287761D0,1.25D0,    0000207P   2790
-0.1214293658536591D0,0.0D0,1.19898D0,-0.1178565365853693D0,     0000207P   2791
0.02621264091861649D0,1.25D0,-0.1178565365853657D0,0.0D0,        0000207P   2792
1.19898D0,-0.1142864878048771D0,0.02751067344265647D0,1.25D0,    0000207P   2793
-0.1142864878048781D0,0.0D0,1.19898D0,-0.1107135121951222D0,     0000207P   2794
0.02876866531075767D0,1.25D0,-0.110713512195122D0,0.0D0,         0000207P   2795
1.19898D0,-0.1071434634146341D0,0.02998666531431288D0,1.25D0,    0000207P   2796
-0.1071434634146342D0,0.0D0,1.19898D0,-0.1035706341463415D0,     0000207P   2797
0.03116467343199083D0,1.25D0,-0.1035706341463415D0,0.0D0,        0000207P   2798
1.19898D0,-0.1D0,0.03230264095772382D0,1.25D0,-0.1D0,0.0D0,      0000207P   2799
1.19898D0,-0.09642936585365854D0,0.03340076273711388D0,1.25D0,   0000207P   2800
-0.09642936585365854D0,0.0D0,1.19898D0,-0.09285653658536584D0,   0000207P   2801
0.03445830809382066D0,1.25D0,-0.09285653658536584D0,0.0D0,       0000207P   2802
1.19898D0,-0.08928648780487808D0,0.03547800488760353D0,1.25D0,   0000207P   2803
-0.08928648780487808D0,0.0D0,1.19898D0,-0.08571351219512194D0,   0000207P   2804
0.03645567235576526D0,1.25D0,-0.08571351219512194D0,0.0D0,       0000207P   2805
1.19898D0,-0.08214346341463415D0,0.03739330568933548D0,1.25D0,   0000207P   2806
-0.08214346341463415D0,0.0D0,1.19898D0,-0.07857063414634148D0,   0000207P   2807
0.03829310488689285D0,1.25D0,-0.07857063414634148D0,0.0D0,       0000207P   2808
1.19898D0,-0.075D0,0.03915027476309316D0,1.25D0,-0.075D0,0.0D0,  0000207P   2809
1.19898D0,-0.07142936585365856D0,0.03996979606073452D0,1.25D0,   0000207P   2810
-0.07142936585365856D0,0.0D0,1.19898D0,-0.06785653658536586D0,   0000207P   2811
0.04074854099396876D0,1.25D0,-0.06785653658536586D0,0.0D0,       0000207P   2812
1.19898D0,-0.06428648780487806D0,0.04148803996339048D0,1.25D0,   0000207P   2813
-0.06428648780487806D0,0.0D0,1.19898D0,-0.06071351219512192D0,   0000207P   2814
0.04218529915246934D0,1.25D0,-0.06071351219512192D0,0.0D0,       0000207P   2815
1.19898D0,-0.05714346341463431D0,0.04284476342673218D0,1.25D0,   0000207P   2816
-0.05714346341463429D0,0.0D0,1.19898D0,-0.05357063414634083D0,   0000207P   2817
0.043463647140602D0,1.25D0,-0.05357063414634092D0,0.0D0,         0000207P   2818
1.19898D0,-0.05000000000000241D0,0.04404264801085987D0,1.25D0,   0000207P   2819
-0.0500000000000021D0,0.0D0,1.19898D0,-0.0464293658536496D0,     0000207P   2820
0.04458176081595855D0,1.25D0,-0.04642936585365078D0,0.0D0,       0000207P   2821
1.19898D0,-0.04285653658539921D0,0.04508030872530591D0,1.25D0,   0000207P   2822
-0.04285653658539478D0,0.0D0,1.19898D0,-0.03928648780475355D0,   0000207P   2823
0.04554100428281784D0,1.25D0,-0.03928648780477008D0,0.0D0,       0000207P   2824
1.19898D0,-0.03571351219558662D0,0.04595967414342272D0,1.25D0,   0000207P   2825
-0.03571351219552493D0,0.0D0,1.19898D0,-0.03214346341290002D0,   0000207P   2826
0.0463382991434913D0,1.25D0,-0.03214346341313024D0,0.0D0,        0000207P   2827
1.19898D0,-0.0285706341528133D0,0.04667912928261207D0,1.25D0,    0000207P   2828
-0.0285706341519541D0,0.0D0,1.19898D0,-0.0249999999758468D0,     0000207P   2829
0.04697718372606043D0,1.25D0,-0.02499999997905339D0,0.0D0,       0000207P   2830
1.19898D0,-0.02142936594379953D0,0.04723813581314626D0,1.25D0,   0000207P   2831
-0.02142936593183239D0,0.0D0,1.19898D0,-0.01785653624895509D0,   0000207P   2832
0.04745627302135455D0,1.25D0,-0.01785653629361708D0,0.0D0,       0000207P   2833
1.19898D0,-0.01428648906038012D0,0.04763677210143555D0,1.25D0,   0000207P   2834
-0.01428648889369929D0,0.0D0,1.19898D0,-0.01071350750952446D0,   0000207P   2835
0.04777663857290329D0,1.25D0,-0.01071350813158576D0,0.0D0,       0000207P   2836
1.19898D0,-0.007143480901522064D0,0.04787667360695132D0,1.25D0,  0000207P   2837
-0.007143478579957683D0,0.0D0,1.19898D0,-0.003570568884387292D0, 0000207P   2838
0.04793666699929149D0,1.25D0,-0.00357057754858352D0,0.0D0,       0000207P   2839
1.19898D0,-0.00119035200208161D0,0.04794999459701898D0,1.25D0,   0000207P   2840
-0.001190333333333333D0,0.0D0,1.19898D0,0.0D0,0.04795D0,1.25D0,  0000207P   2841
0.0D0,0.0D0,0.0D0,0.07001601888139604D0,0.0D0,49.0D0,0,1,205;    0000207P   2842
126,18,3,1,0,1,0,0.0D0,0.0D0,0.0D0,0.0D0,0.004556783034250817D0, 0000209P   2843
0.004556783034250817D0,0.004556783034250817D0,                   0000209P   2844
0.01068780746950115D0,0.01068780746950115D0,                     0000209P   2845
0.01068780746950115D0,0.02231366025222169D0,                     0000209P   2846
0.02231366025222169D0,0.02231366025222169D0,                     0000209P   2847
0.04569881686220256D0,0.04569881686220256D0,                     0000209P   2848
0.04569881686220256D0,0.09264804617660917D0,                     0000209P   2849
0.09264804617660917D0,0.09264804617660917D0,                     0000209P   2850
0.1865411707893202D0,0.1865411707893202D0,0.1865411707893202D0,  0000209P   2851
0.1865411707893202D0,1.0D0,1.0D0,1.0D0,1.0D0,1.0D0,1.0D0,1.0D0,  0000209P   2852
1.0D0,1.0D0,1.0D0,1.0D0,1.0D0,1.0D0,1.0D0,1.0D0,1.0D0,1.0D0,     0000209P   2853
1.0D0,1.0D0,0.0D0,2.31078345214874D0,0.0D0,                      0000209P   2854
0.009123723700304022D0,2.690849728974565D0,0.0D0,                0000209P   2855
0.01514193159150436D0,3.070979821503742D0,0.0D0,                 0000209P   2856
0.01992264552857672D0,3.45112350631633D0,0.0D0,                  0000209P   2857
0.02635496274574953D0,3.962596227965292D0,0.0D0,                 0000209P   2858
0.03054705063479202D0,4.474093555659261D0,0.0D0,                 0000209P   2859
0.03392301182850088D0,4.985595251879172D0,0.0D0,                 0000209P   2860
0.04032462191059055D0,5.955521808389745D0,0.0D0,                 0000209P   2861
0.0437916845969497D0,6.925464072812458D0,0.0D0,                  0000209P   2862
0.04650641743484366D0,7.895407805342552D0,0.0D0,                 0000209P   2863
0.05196704503394455D0,9.846429077674356D0,0.0D0,                 0000209P   2864
0.05438371068107289D0,11.79745629003768D0,0.0D0,                 0000209P   2865
0.05622877085993715D0,13.74848385248596D0,0.0D0,                 0000209P   2866
0.05993300747810913D0,17.66546597733593D0,0.0D0,                 0000209P   2867
0.06133329571589434D0,21.58244951326005D0,0.0D0,                 0000209P   2868
0.06232257275887892D0,25.49943310229857D0,0.0D0,                 0000209P   2869
0.06430101445067773D0,33.33295526234569D0,0.0D0,                 0000209P   2870
0.06463559814189368D0,41.16647763482633D0,0.0D0,                 0000209P   2871
0.06469589375105413D0,49.0D0,0.0D0,0.0D0,0.1865411707893202D0,   0000209P   2872
0.0D0,0.0D0,1.0D0,0,1,205;                                       0000209P   2873
126,3,3,1,0,1,0,0.1865411707893202D0,0.1865411707893202D0,       0000211P   2874
0.1865411707893202D0,0.1865411707893202D0,0.2512370645403743D0,  0000211P   2875
0.2512370645403743D0,0.2512370645403743D0,0.2512370645403743D0,  0000211P   2876
1.0D0,1.0D0,1.0D0,1.0D0,0.06469589375105413D0,49.0D0,0.0D0,      0000211P   2877
0.04313059583403608D0,49.0D0,0.0D0,0.02156529791701804D0,49.0D0, 0000211P   2878
0.0D0,0.0D0,49.0D0,0.0D0,0.1865411707893202D0,                   0000211P   2879
0.2512370645403743D0,0.0D0,0.0D0,1.0D0,0,1,205;                  0000211P   2880
126,3,3,1,0,1,0,0.2512370645403743D0,0.2512370645403743D0,       0000213P   2881
0.2512370645403743D0,0.2512370645403743D0,46.94045361239164D0,   0000213P   2882
46.94045361239164D0,46.94045361239164D0,46.94045361239164D0,     0000213P   2883
1.0D0,1.0D0,1.0D0,1.0D0,0.0D0,49.0D0,0.0D0,0.0D0,                0000213P   2884
33.43692781738292D0,0.0D0,0.0D0,17.87385563476583D0,0.0D0,0.0D0, 0000213P   2885
2.31078345214874D0,0.0D0,0.2512370645403743D0,                   0000213P   2886
46.94045361239164D0,0.0D0,0.0D0,1.0D0,0,1,205;                   0000213P   2887
102,3,209,211,213,0,1,205;                                       0000215P   2888
126,18,3,1,0,1,0,0.0D0,0.0D0,0.0D0,0.0D0,0.01474030609931492D0,  0000217P   2889
0.02590401311094216D0,0.03313051932412994D0,                     0000217P   2890
0.03922124709913109D0,0.05025769158259962D0,                     0000217P   2891
0.06080332857183508D0,0.08177459743313441D0,                     0000217P   2892
0.1027135082013332D0,0.1131411153191193D0,0.1236606013590113D0,  0000217P   2893
0.1341826185534161D0,0.1446165773889643D0,0.1550519630127621D0,  0000217P   2894
0.1655772421108157D0,0.1761041112876359D0,0.1865411707893202D0,  0000217P   2895
0.1865411707893202D0,0.1865411707893202D0,0.1865411707893202D0,  0000217P   2896
1.0D0,1.0D0,1.0D0,1.0D0,1.0D0,1.0D0,1.0D0,1.0D0,1.0D0,1.0D0,     0000217P   2897
1.0D0,1.0D0,1.0D0,1.0D0,1.0D0,1.0D0,1.0D0,1.0D0,1.0D0,1.19898D0, 0000217P   2898
-0.1667472618513263D0,0.004418650221717943D0,                    0000217P   2899
1.203878872758094D0,-0.1657409549688586D0,                       0000217P   2900
0.004511234519053298D0,1.212465941209459D0,                      0000217P   2901
-0.1635980518464241D0,0.004663258680969592D0,                    0000217P   2902
1.222847015733799D0,-0.1583816108601629D0,                       0000217P   2903
0.004778431535622347D0,1.229196546540731D0,-0.152486399685716D0, 0000217P   2904
0.004794872713423711D0,1.234026605839611D0,                      0000217P   2905
-0.1454373159577087D0,0.004761358279183724D0,                    0000217P   2906
1.237595390555415D0,-0.1365426976443867D0,                       0000217P   2907
0.004673825166761261D0,1.240926904136157D0,                      0000217P   2908
-0.1224576808991559D0,0.004500734419419876D0,1.24307862460811D0, 0000217P   2909
-0.1049215718172686D0,0.004273692144300864D0,                    0000217P   2910
1.244270139012642D0,-0.08744283265232644D0,                      0000217P   2911
0.004079807404226592D0,1.244912011653527D0,                      0000217P   2912
-0.0734510995024976D0,0.003950507337794239D0,                    0000217P   2913
1.245287239667674D0,-0.06294678830252498D0,                      0000217P   2914
0.00386700148108418D0,1.245569622707244D0,                       0000217P   2915
-0.05243938505837618D0,0.003797034194525353D0,                   0000217P   2916
1.245784706133637D0,-0.04196393285667083D0,                      0000217P   2917
0.003740532503314152D0,1.2459404937707D0,-0.03148764058252228D0, 0000217P   2918
0.003696952864816649D0,1.246047738782526D0,                      0000217P   2919
-0.02098195586830762D0,0.003665984011519699D0,                   0000217P   2920
1.246109576267522D0,-0.01047604683592948D0,                      0000217P   2921
0.003647545222793379D0,1.246123340527752D0,                      0000217P   2922
-0.003482066227642364D0,0.003643447082368431D0,                  0000217P   2923
1.246123275951895D0,0.0D0,0.003643451942505079D0,0.0D0,          0000217P   2924
0.1865411707893202D0,-0.007946651506357939D0,                    0000217P   2925
0.008646689593379702D0,0.9999310403667406D0,0,1,205;             0000217P   2926
126,1,1,1,0,1,0,0.1865411707893202D0,0.1865411707893202D0,       0000219P   2927
0.2512370645403743D0,0.2512370645403743D0,1.0D0,1.0D0,           0000219P   2928
1.246123275951895D0,0.0D0,0.003643451942505079D0,1.19898D0,      0000219P   2929
0.0D0,0.04795D0,0.1865411707893202D0,0.2512370645403743D0,0.0D0, 0000219P   2930
1.0D0,0.0D0,0,1,205;                                             0000219P   2931
126,49,3,1,0,1,0,0.2512370645403743D0,0.2512370645403743D0,      0000221P   2932
0.2512370645403743D0,0.2512370645403743D0,1.251237064540374D0,   0000221P   2933
2.251237064540375D0,3.251237064540375D0,4.251237064540375D0,     0000221P   2934
5.251237064540375D0,6.251237064540375D0,7.251237064540375D0,     0000221P   2935
8.251237064540375D0,9.251237064540375D0,10.25123706454037D0,     0000221P   2936
11.25123706454037D0,12.25123706454037D0,13.25123706454037D0,     0000221P   2937
14.25123706454037D0,15.25123706454037D0,16.25123706454037D0,     0000221P   2938
17.25123706454037D0,18.25123706454037D0,19.25123706454037D0,     0000221P   2939
20.25123706454037D0,21.25123706454037D0,22.25123706454037D0,     0000221P   2940
23.25123706454037D0,24.25123706454038D0,25.25123706454038D0,     0000221P   2941
26.25123706454038D0,27.25123706454038D0,28.25123706454038D0,     0000221P   2942
29.25123706454038D0,30.25123706454038D0,31.25123706454038D0,     0000221P   2943
32.25123706454038D0,33.25123706454038D0,34.25123706454038D0,     0000221P   2944
35.25123706454038D0,36.25123706454038D0,37.25123706454038D0,     0000221P   2945
38.25123706454038D0,39.25123706454038D0,40.25123706454038D0,     0000221P   2946
41.25123706454038D0,42.25123706454038D0,43.25123706454038D0,     0000221P   2947
44.25123706454038D0,45.25123706454038D0,46.25123706454038D0,     0000221P   2948
46.94045361239164D0,46.94045361239164D0,46.94045361239164D0,     0000221P   2949
46.94045361239164D0,1.0D0,1.0D0,1.0D0,1.0D0,1.0D0,1.0D0,1.0D0,   0000221P   2950
1.0D0,1.0D0,1.0D0,1.0D0,1.0D0,1.0D0,1.0D0,1.0D0,1.0D0,1.0D0,     0000221P   2951
1.0D0,1.0D0,1.0D0,1.0D0,1.0D0,1.0D0,1.0D0,1.0D0,1.0D0,1.0D0,     0000221P   2952
1.0D0,1.0D0,1.0D0,1.0D0,1.0D0,1.0D0,1.0D0,1.0D0,1.0D0,1.0D0,     0000221P   2953
1.0D0,1.0D0,1.0D0,1.0D0,1.0D0,1.0D0,1.0D0,1.0D0,1.0D0,1.0D0,     0000221P   2954
1.0D0,1.0D0,1.0D0,1.19898D0,0.0D0,0.04795D0,1.19898D0,           0000221P   2955
-0.00119035200208161D0,0.04794999459701898D0,1.19898D0,          0000221P   2956
-0.003570568884387292D0,0.04793666699929149D0,1.19898D0,         0000221P   2957
-0.007143480901522064D0,0.04787667360695132D0,1.19898D0,         0000221P   2958
-0.01071350750952446D0,0.04777663857290329D0,1.19898D0,          0000221P   2959
-0.01428648906038012D0,0.04763677210143555D0,1.19898D0,          0000221P   2960
-0.01785653624895509D0,0.04745627302135455D0,1.19898D0,          0000221P   2961
-0.02142936594379953D0,0.04723813581314626D0,1.19898D0,          0000221P   2962
-0.0249999999758468D0,0.04697718372606043D0,1.19898D0,           0000221P   2963
-0.0285706341528133D0,0.04667912928261207D0,1.19898D0,           0000221P   2964
-0.03214346341290002D0,0.0463382991434913D0,1.19898D0,           0000221P   2965
-0.03571351219558662D0,0.04595967414342272D0,1.19898D0,          0000221P   2966
-0.03928648780475355D0,0.04554100428281784D0,1.19898D0,          0000221P   2967
-0.04285653658539921D0,0.04508030872530591D0,1.19898D0,          0000221P   2968
-0.0464293658536496D0,0.04458176081595855D0,1.19898D0,           0000221P   2969
-0.05000000000000241D0,0.04404264801085987D0,1.19898D0,          0000221P   2970
-0.05357063414634083D0,0.043463647140602D0,1.19898D0,            0000221P   2971
-0.05714346341463431D0,0.04284476342673218D0,1.19898D0,          0000221P   2972
-0.06071351219512192D0,0.04218529915246934D0,1.19898D0,          0000221P   2973
-0.06428648780487806D0,0.04148803996339048D0,1.19898D0,          0000221P   2974
-0.06785653658536586D0,0.04074854099396876D0,1.19898D0,          0000221P   2975
-0.07142936585365856D0,0.03996979606073452D0,1.19898D0,-0.075D0, 0000221P   2976
0.03915027476309316D0,1.19898D0,-0.07857063414634148D0,          0000221P   2977
0.03829310488689285D0,1.19898D0,-0.08214346341463415D0,          0000221P   2978
0.03739330568933548D0,1.19898D0,-0.08571351219512194D0,          0000221P   2979
0.03645567235576526D0,1.19898D0,-0.08928648780487808D0,          0000221P   2980
0.03547800488760353D0,1.19898D0,-0.09285653658536584D0,          0000221P   2981
0.03445830809382066D0,1.19898D0,-0.09642936585365854D0,          0000221P   2982
0.03340076273711388D0,1.19898D0,-0.1D0,0.03230264095772382D0,    0000221P   2983
1.19898D0,-0.1035706341463415D0,0.03116467343199083D0,1.19898D0, 0000221P   2984
-0.1071434634146341D0,0.02998666531431288D0,1.19898D0,           0000221P   2985
-0.1107135121951222D0,0.02876866531075767D0,1.19898D0,           0000221P   2986
-0.1142864878048771D0,0.02751067344265647D0,1.19898D0,           0000221P   2987
-0.1178565365853693D0,0.02621264091861649D0,1.19898D0,           0000221P   2988
-0.1214293658536457D0,0.02487476288287761D0,1.19898D0,           0000221P   2989
-0.1250000000000479D0,0.0234963075498731D0,1.19898D0,            0000221P   2990
-0.1285706341461626D0,0.02208000691763D0,1.19898D0,              0000221P   2991
-0.1321434634153017D0,0.02062166477960689D0,1.19898D0,           0000221P   2992
-0.1357135121926308D0,0.01912333396394247D0,1.19898D0,           0000221P   2993
-0.1392864878141751D0,0.0175869993646232D0,1.19898D0,            0000221P   2994
-0.1428565365506688D0,0.01600866857756472D0,1.19898D0,           0000221P   2995
-0.1464293659831497D0,0.01439032632511791D0,1.19898D0,           0000221P   2996
-0.1499999995167324D0,0.01273402612196366D0,1.19898D0,           0000221P   2997
-0.1535706359499207D0,0.01103556918702745D0,1.19898D0,           0000221P   2998
-0.157143456683585D0,0.009297697129926553D0,1.19898D0,           0000221P   2999
-0.1607135373157395D0,0.00751964229326634D0,1.19898D0,           0000221P   3000
-0.1639162658031303D0,0.005890059000086757D0,1.19898D0,          0000221P   3001
-0.1659269176317746D0,0.004847230954124679D0,1.19898D0,          0000221P   3002
-0.1667472618513263D0,0.004418650221717946D0,                    0000221P   3003
0.2512370645403743D0,46.94045361239164D0,1.0D0,0.0D0,0.0D0,0,1,  0000221P   3004
205;                                                             0000221P   3005
102,3,217,219,221,0,1,205;                                       0000223P   3006
142,0,207,215,223,1,0,1,205;                                     0000225P   3007
144,207,1,0,225,0,1,205;                                         0000227P   3008
S0000001G0000011D0000228P0003008                                        T      1
