panel_index,mid_xi,mid_eta,panel_length,kinematic_residual_midpoint,kinematic_residual_left,kinematic_residual_right,kinematic_integral_panel_linear_exact
0,4.499376787538087,0.18165651638533825,0.0010293741513581665,-0.28180584175697554,-0.5321058043576401,-0.03150587915631142,0.00010324405492927066
1,4.498401081420385,0.18131250482076045,0.001039776773285169,-0.020184818641729052,-0.031926337541956507,-0.008443299741501598,4.714153718288449e-07
2,4.49741557820146,0.18096487488354226,0.0010502597608175656,-8.4833843617238e-05,-0.009295325664199217,0.009125657976964519,2.970650978509715e-08
3,4.496420238771396,0.1806134954705842,0.0010608234665294158,0.010788750649590284,0.007829359643865441,0.013748141655314905,1.2657371374586095e-07
4,4.49541502594128,0.18025822923042828,0.0010714682419371317,0.013716018948598085,0.011994658101425193,0.015437379795770978,2.02632720419948e-07
5,4.49439990456715,0.1798989323443522,0.0010821944374842843,0.014333837145080519,0.013213592232020455,0.015454082058140362,2.227991644578785e-07
6,4.493374841681851,0.17953545430254747,0.0010930024024970672,0.013749589622793934,0.012746665566822468,0.014752513678765622,2.0699989988225413e-07
7,4.492339806589143,0.1791676378050765,0.0011038924851728546,0.012585350577199117,0.011549010325079045,0.013621690829319189,1.752418827975762e-07
8,4.4912947646767645,0.17879533628847036,0.001114865032545655,0.010991706726689587,0.010053483840214872,0.011929929613164303,1.3502246075715016e-07
9,4.490239664266656,0.17841845072858445,0.0011259203904484723,0.00901000548859221,0.008279458340144652,0.009740552637039546,9.160274216042897e-08
10,4.489174440207145,0.17803691922802128,0.0011370589035050963,0.006607380498276472,0.006041276723499411,0.007173484273053532,4.97625887258434e-08
11,4.488099025873563,0.17765068318247995,0.0011482809150915126,0.0038478108679671497,0.0034248216991823455,0.004270800036751954,1.706952699148957e-08
12,4.487013354644837,0.1772596831428006,0.0011595867673012635,0.0007633544831469052,0.00047216028246532815,0.0010545486838289264,7.084782404088517e-10
13,4.4859173599134206,0.17686385879980213,0.0011709768009282413,-0.0026228336538465236,-0.002794670566617974,-0.0024509967410750733,8.066975128532636e-09
14,4.484810975093604,0.17646314897403392,0.0011824513554447484,-0.006350337402465822,-0.006351366336461828,-0.006349308468469594,4.7684462149257714e-08
15,4.483694134917087,0.17605748806700272,0.0011940107689417416,-0.010115582657060918,-0.010328369210813815,-0.009902796103307798,1.2219518770062328e-07
16,4.482566813695037,0.17564670125698978,0.0012056553781377248,-0.013340360854444455,-0.014750797659944581,-0.01192992404894433,2.1536421686477168e-07
17,4.481429070919017,0.1752303813264164,0.0012173855183553852,-0.015453835761089607,-0.018569812083991,-0.012337859438188659,2.9467726574479207e-07
18,4.4802810216126865,0.1748079735458729,0.0012292015234176006,-0.016049133744101107,-0.020866379653120104,-0.011231887835081888,3.2611943157589967e-07
19,4.479122796428589,0.17437888832347642,0.0012411037257281006,-0.01512632769801514,-0.021698492719947948,-0.008554162676082555,3.0184086178472283e-07
20,4.477954540721161,0.1739425066994903,0.0012530924561472386,-0.01263141179916305,-0.021008256202514897,-0.004254567395810982,2.292445827083541e-07
21,4.476776415999449,0.1734981796570808,0.0012651680440719218,-0.00852324412129768,-0.018745319317267528,0.0016988310746723911,1.3597515531287566e-07
22,4.475588601503066,0.1730452274804852,0.001277330817174851,-0.0026610012564645125,-0.01487732415035925,0.009555321637430225,7.258701804867653e-08
23,4.474391287017491,0.17258296204767637,0.0012895811019612087,0.004103777416345267,-0.008993169012072366,0.0172007238447629,9.545177253731767e-08
24,4.473184557544585,0.17211098278166076,0.0013019192228461095,0.010657260438974747,-0.0013034436264656168,0.02261796450441511,2.0995185180489477e-07
25,4.471968309792031,0.171629376382458,0.0013143455027779297,0.015738310945877076,0.005590300785629498,0.025886321106124877,3.7067408648678636e-07
26,4.470742349342354,0.1711384516778492,0.0013268602631652793,0.018790556474322484,0.010402167728755796,0.027178945219889172,4.996160093091185e-07
27,4.46950646541033,0.17063854459457678,0.0013394638234669437,0.01984575278480505,0.013278400867403617,0.02641310470220648,5.468101301521658e-07
28,4.468260432148567,0.17013001510718956,0.0013521565016262772,0.018833222872311595,0.014137053918766185,0.02352939182585656,4.895369276896939e-07
29,4.46700400846918,0.1696132481819892,0.0013649386136931605,0.015685037431131255,0.01291976136590578,0.018450313496357174,3.3928185820869724e-07
30,4.465736937898469,0.16908865482637903,0.0013778104741261064,0.010282926281619087,0.009550338338599751,0.011015514224638201,1.4593419672702636e-07
31,4.464458971500354,0.16855661805870656,0.0013907723952768783,0.00376918219291289,0.003510024748802687,0.004028339637023315,1.9789469989715664e-08
32,4.463170037024394,0.16801709137672743,0.0014038246880381869,-0.0027180152833827798,-0.004627984272431718,-0.0008080462943340638,1.2077947387461792e-08
33,4.461870303541371,0.1674694538898866,0.0014169676611061632,-0.007776445145075028,-0.011771982361267197,-0.0037809079288830816,9.32287330622384e-08
34,4.460560031862185,0.16691287848369546,0.0014302016214108656,-0.011068536189594802,-0.017112733357809162,-0.005024339021380664,1.926337608262222e-07
35,4.459239507371549,0.1663464982676756,0.001443526873950734,-0.012634052638051285,-0.020779021268433784,-0.004489084007669231,2.623361672886784e-07
36,4.457909042186628,0.1657694066846266,0.0014569437217774271,-0.012435117546625074,-0.02272036875008654,-0.002149866343163387,2.76665277839856e-07
37,4.456568977785469,0.16518065708502389,0.0014704524659882381,-0.010422952888574866,-0.022909783445799636,0.002063877668649905,2.3617171256044194e-07
38,4.455219687815065,0.1645792624969285,0.0014840534056772788,-0.006601160239645187,-0.021274382508336576,0.008072062029046867,1.7117537047546287e-07
39,4.4538615499293,0.16396426384351226,0.0014977468380786034,-0.001887883142291269,-0.01747868164922295,0.013702915364640633,1.266920617385396e-07
40,4.452494801693867,0.16333504358888656,0.0015115330579240688,0.0028958828579943585,-0.012236544723346343,0.018028310439335504,1.2805142606559288e-07
41,4.451119515719354,0.162691362745297,0.001525412358168275,0.006747708833579891,-0.007778853507723893,0.021274271174883008,1.7675244701959253e-07
42,4.449735727131129,0.16203306815958218,0.0015393850295083197,0.009527435518944971,-0.004394608733995886,0.023449479771886272,2.391893374352558e-07
43,4.448343471388389,0.1613600081803328,0.0015534513605671226,0.011208557596653401,-0.0020752553726455236,0.024492370565952548,2.8653668073380915e-07
44,4.446942784215854,0.16067203270115837,0.0015676116377751153,0.011734653887889968,-0.0008824664829367723,0.024351774258716707,2.9904701844311984e-07
45,4.445533701532948,0.1599689932053516,0.0015818661453805216,0.0110224531823917,-0.0008675280575372035,0.022912434422320382,2.6673167325420257e-07
46,4.444116259401639,0.1592507427704246,0.001596215165209151,0.009094890967551228,-0.002146029786288306,0.020335811721390762,1.9926587431566594e-07
47,4.442690530862816,0.15851706492565534,0.001610658977663603,0.00655066673032767,-0.004956447992953583,0.018057781453609145,1.4020646439140751e-07
48,4.441256743909611,0.1577674528680943,0.0016251978592023333,0.003899395554409546,-0.008682234187741278,0.016481025296560814,1.1046646672574814e-07
49,4.439815281040149,0.1570011264584893,0.0016398320857964525,0.0017103283425323745,-0.011957557504548078,0.01537821418961216,1.0690982178110016e-07
50,4.438366578542578,0.15621723866161968,0.0016545619298331034,-4.089128280382326e-05,-0.014782794822167267,0.014701012256558732,1.1986128442203863e-07
51,4.43691110850259,0.15541491553674117,0.001669387662033061,-0.0013936984092071114,-0.017203826421475554,0.014416429603060887,1.4233607290076828e-07
52,4.4354493811392635,0.15459325677641106,0.00168430955051662,-0.0023813315044667327,-0.01925059563075937,0.014487932621825905,1.693204340773535e-07
53,4.433981947191217,0.153751336505841,0.0016993278611506042,-0.003040676301042655,-0.02095602660935869,0.014874674007272937,1.9751679355714066e-07
54,4.432509400343184,0.15288820435671407,0.0017144428573981315,-0.003407432630544438,-0.022356758601201676,0.015541893340111912,2.2511134542725736e-07
55,4.431032381057043,0.152002884560492,0.001729654799905337,-0.0035046108734166914,-0.02349464582629457,0.016485424079461186,2.516350172926449e-07
56,4.429551583366562,0.15109437080662846,0.001744963945804683,-0.003351810632955754,-0.024391597915617957,0.017687976649707338,2.7708663622155627e-07
57,4.42806775952629,0.15016162557466267,0.0017603705507044701,-0.002963386147015079,-0.025048042489221434,0.019121270195191276,3.0165534783216564e-07
58,4.426581722055509,0.14920358435123127,0.0017758748677175167,-0.0023629672059621853,-0.025484790787576816,0.020758856375653334,3.263877860867306e-07
59,4.42509434720559,0.1482191579013025,0.001791477147716347,-0.0015740177094740737,-0.025722397956400744,0.02257436253745171,3.5266831848884466e-07
60,4.423606578730407,0.14720723456266538,0.0018071776386634477,-0.0006225315799097686,-0.025780266678332886,0.02453520351851335,3.819616151952001e-07
61,4.422119431590542,0.14616668314628373,0.0018229765872472,0.00048223309060890784,-0.02568265886663701,0.02664712504785438,4.1642814285686553e-07
62,4.420633995118344,0.14509635705453472,0.001838874236436434,0.0016335190243306208,-0.025411550597403743,0.028678588646065428,4.532463004617797e-07
63,4.419151403100402,0.1439951426257072,0.0018548708236657521,0.0025652034847460925,-0.024975089929408778,0.030105496898900963,4.811587892269765e-07
64,4.417672779728901,0.1428620332644485,0.0018709665898314725,0.00302772608505375,-0.024768256237587494,0.030823708407695438,4.98998020932308e-07
65,4.4161992648330095,0.14169609316168114,0.001887161764059165,0.0028309373961281636,-0.02521736520104323,0.0308792399933,5.100054027023815e-07
66,4.414732068456761,0.14049638777995477,0.0019034565823863273,0.0019737483480555262,-0.02630158353712675,0.0302490802332378,5.146828843598316e-07
67,4.413272478847999,0.1392619811245473,0.0019198512723605469,0.0004370443181560546,-0.02803429762440235,0.028908386260715346,5.191215990650858e-07
68,4.411821865170459,0.1379919404794004,0.001936346064716138,-0.0017950683583851657,-0.030429761306386194,0.026839624589615863,5.354722685414414e-07
69,4.410381679975305,0.13668534166266919,0.0019529411773227458,-0.004780698796455596,-0.03349438792066284,0.02393299032775209,5.813523017730457e-07
70,4.408953463280982,0.13534127280469094,0.0019696368411103193,-0.008353134443257915,-0.03733517392094354,0.020628905034428158,6.889022676334767e-07
71,4.407538943890941,0.1339587409726583,0.0019864332749394004,-0.012032793016858001,-0.041945657571143435,0.01788007153742699,8.800851500170737e-07
72,4.406140191918187,0.13253654533481501,0.002003330657541762,-0.01528999052074953,-0.04650915087283369,0.015929169831333745,1.1191856490037396e-06
73,4.404759575631758,0.13107336278952242,0.002020329230419412,-0.017731680081807255,-0.05023643784087772,0.014773077677262325,1.3467492510848143e-06
74,4.403399660279138,0.1295678822297318,0.0020374291809258545,-0.019265230191878757,-0.05306033288504919,0.014529872501293006,1.5318453736985098e-06
75,4.402063207967839,0.12801882945730195,0.0020546307373216807,-0.019752054046802137,-0.05482852161853957,0.015324413524935743,1.6442452964228347e-06
76,4.400753184124257,0.12642498621530016,0.0020719340723479173,-0.019059310890808145,-0.055376469832356,0.017257848050739266,1.6635614115173655e-06
77,4.399472760148491,0.12478521317693374,0.0020893394799461626,-0.016947600226773663,-0.05455469033615579,0.02065948988260935,1.5850820534837978e-06
78,4.398225301976218,0.12309848362673492,0.002106847036766353,-0.013815641413688518,-0.0519519199087366,0.024320637081360452,1.423520401618899e-06
79,4.39701401241639,0.12136414981299355,0.0021244569859090578,-0.010743543269727152,-0.04773080405645125,0.0262437175169965,1.2140058088831399e-06
80,4.395841534177947,0.11958217480578856,0.0021421696059993607,-0.008842431745902601,-0.043985293531250136,0.026300430039445377,1.04936786741705e-06
81,4.394710233864894,0.1177528668835719,0.0021599849081215296,-0.008486178909289155,-0.041951224941344734,0.024978867122767312,9.618808817354942e-07
82,4.393622559711422,0.11587661686044665,0.0021779032016781097,-0.009336633781899195,-0.04119044291706331,0.022517175353265362,9.264679328534723e-07
83,4.392581064347336,0.11395389394055043,0.0021959246171588858,-0.011128459678954261,-0.041443230713145596,0.01918631135523574,9.446232256114765e-07
84,4.391588405435511,0.11198525782606256,0.0022140493487137996,-0.013578239597195285,-0.0424203336969633,0.015263854502572727,1.0221322390357718e-06
85,4.390647345868989,0.10997137115455974,0.0022322775933559316,-0.01637987429855592,-0.04382272747547855,0.011062978878367602,1.1593043757341723e-06
86,4.389760750032524,0.10791301401620593,0.0022506094804014836,-0.019286121080644314,-0.04531238189132303,0.006740139730032624,1.3452865508738496e-06
87,4.388931531499286,0.10581111656127844,0.0022690452003224526,-0.022089831703657303,-0.04663875202755641,0.0024590886202418005,1.563017781057435e-06
88,4.388162626986294,0.10366677549035991,0.002287584890839769,-0.02451775342079454,-0.047682205823613266,-0.0013533010179767047,1.7842800355799286e-06
89,4.38745707422787,0.10148123238586496,0.00230622869416566,-0.02612695992517189,-0.048080004587889746,-0.004173915262454031,1.944758307289298e-06
90,4.386818070823377,0.0992558708212194,0.0023249767606088323,-0.026382299680569155,-0.047275965251072805,-0.005488634110064616,1.9565628575691298e-06
91,4.386248977174366,0.09699223976592153,0.002343829357063769,-0.024728856421490697,-0.044714346331014454,-0.00474336651196694,1.7453472395697489e-06
92,4.385753315118839,0.09469208005557961,0.00236278627740483,-0.020611685162206683,-0.039800165603592674,-0.0014232047208224685,1.2938007090044877e-06
93,4.385334755088854,0.09235735342508392,0.0023818486806955782,-0.01330125165253282,-0.031967797330345604,0.005365294025279965,6.980482452672597e-07
94,4.3849970532075,0.0899902791330831,0.002401014889421792,-0.0032376336359716262,-0.020259466083469846,0.01378419881152837,2.570603329497331e-07
95,4.384742865658803,0.0875934598737644,0.0024202867931374284,0.007103514858808779,-0.006057644694154263,0.020264674411770933,2.6187171589132883e-07
96,4.384572755130084,0.08516982243698373,0.0024396642020720195,0.015181778215838548,0.0064299697747864926,0.023933586656890604,6.245973969993411e-07
97,4.384486173150305,0.08272230754479626,0.0024591465069646874,0.020550545364788952,0.01573719708864907,0.025363893640929724,1.0575502714114149e-06
98,4.384482374967858,0.08025371385241095,0.002478734484780513,0.023638676890386456,0.022408819272027536,0.02486853450874449,1.3863344548254224e-06
99,4.384560508178009,0.07776668847817081,0.0024984279077873424,0.024772222412469347,0.02676776758710453,0.022776677237833276,1.5365091869613116e-06
100,4.384719649467328,0.07526372959064548,0.0025182270587972805,0.024294363120814566,0.02916073166483013,0.019427994576798113,1.5061766024276321e-06
101,4.384958846534957,0.07274719360665086,0.0025381318386429198,0.022543248727086684,0.0299536005988168,0.01513289685535657,1.3363327620780084e-06
102,4.385277161560446,0.07021930791871084,0.002558142700587934,0.01998405881163201,0.02949220447274925,0.010475913150512994,1.09871602558512e-06
103,4.385673845167195,0.06768221129016269,0.002578259427781356,0.017316571462561825,0.028472203244429117,0.006160939680691868,8.80079455430847e-07
104,4.386148388582688,0.06513799069988938,0.0025984823811887165,0.015025988442778804,0.027623464728396385,0.0024285121571621104,7.241428134799515e-07
105,4.386700306678866,0.0625886695379526,0.0026188116651680664,0.01321927545201973,0.027143663583120592,-0.0007051126790820206,6.268879198565492e-07
106,4.387329022477463,0.06003618975153879,0.002639247293576014,0.011928587488292841,0.027047717642400215,-0.0031905426658127567,5.766418348698737e-07
107,4.388033882436785,0.05748241040557906,0.0026597894138683997,0.0112125069453608,0.02739216588401394,-0.004967151993295005,5.664839879793608e-07
108,4.38881417794662,0.05492910990666617,0.002680438018932207,0.011138633292953948,0.02824801251684672,-0.005970745930939714,5.941086442061381e-07
109,4.389669162745848,0.052377989531198946,0.0027011934032615914,0.011796077054202492,0.029690920791069608,-0.0060987666826637366,6.641944056022246e-07
110,4.390598059213081,0.04983067521111245,0.0027220552474753502,0.013155274060329347,0.031827376133938046,-0.005516828013278463,7.87428068967579e-07
111,4.391599867004983,0.04728863899048122,0.0027430240944942975,0.01471175051429885,0.03425344253963214,-0.004829941511033553,9.428546767688732e-07
112,4.39267321273514,0.044753115576288915,0.0027640998423432593,0.01598115507694331,0.03635701383878498,-0.00439470368489836,1.0884726408171216e-06
113,4.3938165084674194,0.04222513469739674,0.0027852825201775825,0.01679948465478054,0.037907188677188675,-0.004308219367627153,1.199717016602343e-06
114,4.3950280878359465,0.03970556281034242,0.002806572268705468,0.017081452440327993,0.03882865663265367,-0.004665751751997238,1.2613380750158565e-06
115,4.396306231831982,0.03719510961461045,0.0028279690782621433,0.016741706523416333,0.039040252529246366,-0.0055568394824137,1.261349023696691e-06
116,4.397649185210962,0.03469433311283479,0.002849473117253624,0.015705227348963735,0.038469063531003655,-0.007058608833076185,1.195026032497914e-06
117,4.399055174100109,0.032203647659682755,0.0028710841630930958,0.013896264211044507,0.03706003952342751,-0.009267511101338943,1.067927473624006e-06
118,4.400522439875859,0.02972334373550929,0.0028928028286566423,0.011411586642263494,0.034768435716840074,-0.011945262432313086,9.027621161389789e-07
119,4.402049537849608,0.027253779488375447,0.0029146285095897713,0.009071598673028536,0.032365007058163364,-0.014221809712105848,7.669986589962968e-07
120,4.40363547318108,0.024795497709248368,0.0029365616696605664,0.007371273565124792,0.0305352139243249,-0.015792666794075316,6.847818616227834e-07
121,4.405279393021727,0.022349066884289774,0.002958602286295151,0.0062493332742667995,0.02928656737529156,-0.016787900826757962,6.389364500625566e-07
122,4.406980412219739,0.01991497731421716,0.0029807503456178697,0.00557764063036581,0.02847819096701487,-0.017322909706282807,6.138015070490168e-07
123,4.408737613922551,0.01749363826521246,0.0030030059089588973,0.005251551394002352,0.028004318254591265,-0.017501215466586117,6.010263833482386e-07
124,4.410550057638704,0.01508538054675224,0.0030253690026098975,0.00517340316297199,0.027766539756000963,-0.017419733430056095,5.95737634782559e-07
125,4.412416785165788,0.012690458520922097,0.003047839626732812,0.00525280276786555,0.027675398104994642,-0.017169792569262654,5.948860677718157e-07
126,4.414336829282975,0.010309055001055544,0.003070417867273906,0.005425565452676917,0.027652775308076194,-0.016801644402723248,5.960286355944751e-07
127,4.416309252467002,0.00794131268753499,0.003093103665971476,0.005725193808217455,0.027730757432674835,-0.01628036981623948,6.006584232874811e-07
128,4.4183331567207995,0.005587344725298466,0.0031158970985178266,0.006117292640422711,0.027895851466445354,-0.015661266185599043,6.092299973778992e-07
129,4.420407640491371,0.0032472003910354,0.003138798157540368,0.006495183664343429,0.028047072644241222,-0.01505670531555392,6.183915233672845e-07
130,4.422531780491896,0.0009208480386873128,0.0031618068505636704,0.006750782649077358,0.028074759814884942,-0.014573194516729782,6.233304079619112e-07
131,4.424704635394647,-0.001391824137544742,0.0031849231686247198,0.006783000958417329,0.027877992713235766,-0.014311990796401552,6.189643205392207e-07
132,4.426925249528146,-0.003691006861915033,0.0032081471474770256,0.006494778417646341,0.02735937979654013,-0.014369822961246559,6.008624672289469e-07
133,4.429192656900968,-0.005976967544683133,0.003231478669754548,0.005792946910500252,0.026430100333894924,-0.014844206512893976,5.671964641872721e-07
134,4.431505899281355,-0.008250033201779357,0.003254917961616233,0.004675422973366761,0.025036965403596234,-0.015686119456863157,5.209725670126045e-07
135,4.4338641880489105,-0.010510419197011706,0.0032784647147926075,0.0036311799259292066,0.023652882123808006,-0.016390522271950037,4.813058989949603e-07
136,4.436266967006432,-0.012758147910752847,0.003302119111847509,0.002894090613895006,0.022572571904721617,-0.01678439067693205,4.538981840789083e-07
137,4.438713749187157,-0.01499320404903351,0.0033258810765745984,0.0023993666157147153,0.021749110251265247,-0.016950377019835816,4.342308683549386e-07
138,4.441204035160375,-0.017215618339814973,0.003349750578813969,0.002061924384427094,0.021093036328588166,-0.01696918755973309,4.1864939132613926e-07
139,4.443737312529456,-0.019425469809124206,0.0033737275890420217,0.001805754098703094,0.020527606084274286,-0.016916097886867654,4.051734212266757e-07
140,4.446313057947576,-0.021622885214158928,0.003397812085553733,0.0015572189123496116,0.01997834915842356,-0.01686391133372389,3.9257508959389187e-07
141,4.4489307387716535,-0.023808038570892406,0.003422003982489594,0.001246205775498943,0.019375978136675798,-0.016883566585677467,3.8023908924447134e-07
142,4.4515898229235535,-0.02598114043192981,0.0034463033389627216,0.0008506259949445649,0.01867696714564504,-0.016975715155755466,3.6754725462586113e-07
143,4.454289859716281,-0.02814233636115994,0.0034707099771495668,0.0006131220111598168,0.018117351079744104,-0.016891107057423582,3.5577761045234353e-07
144,4.457030508632144,-0.03029166373449288,0.003495223936231348,0.0006299593467562481,0.01781732562964411,-0.016557406936131613,3.455566031187678e-07
145,4.459811458652662,-0.03242914571209935,0.003519845133140027,0.0008490434399761604,0.01773098345390256,-0.016032896573949795,3.3692253624322865e-07
146,4.4626323902499845,-0.03455483843474151,0.003544573507745356,0.001211060556336463,0.017796999234531263,-0.015374878121858782,3.3022825887952544e-07
147,4.465492975347162,-0.03666883232143115,0.0035694089967938454,0.0016611308009282233,0.017959883545403788,-0.014637621943547341,3.2591965109826715e-07
148,4.468392878308542,-0.038771251962731026,0.0035943515320848735,0.002146077626505871,0.018165894850257214,-0.013873739597244583,3.2403257751260385e-07
149,4.471331756635812,-0.04086225628809304,0.0036194010356501716,0.0026147155723874604,0.01836348214653416,-0.01313405100175924,3.239772450878467e-07
150,4.474309262796883,-0.0429420370184802,0.0036445574414095266,0.003023495149519828,0.01850656964758901,-0.012459579348549799,3.2454804020760784e-07
151,4.477325054352741,-0.045010804671346175,0.0036698206530890558,0.003363483724265759,0.01858560041010726,-0.011858632961576188,3.249649487849737e-07
152,4.480378796190209,-0.047068785243364775,0.003695190596037351,0.0036017121234546146,0.01857000318081603,-0.011366578933905913,3.239040599266384e-07
153,4.483470149585415,-0.04911623625260046,0.0037206671753210133,0.0036863844480592434,0.01840831403860088,-0.011035545142483283,3.1936160884976355e-07
154,4.486598767881949,-0.05115345397032102,0.0037462502982138915,0.0035659776287095823,0.01804859503184053,-0.010916639774420922,3.0955865138520385e-07
155,4.489764296931785,-0.053180773803496895,0.003771939859591593,0.003190414066184477,0.01744065976420517,-0.011059831631837103,2.937155858693199e-07
156,4.49296637540966,-0.055198570795111104,0.003797735774150453,0.002509790569625192,0.01653444097316381,-0.011514859833914759,2.7291537578428235e-07
157,4.49620463559426,-0.057207259196437134,0.0038236378787692257,0.001476380072236605,0.015283258008869094,-0.012330497864396328,2.5130091752420124e-07
158,4.499478719731526,-0.05920726633185974,0.0038496461812404844,0.00012534867177782516,0.013698813357202688,-0.013448116013646594,2.3647873526748308e-07
159,4.502788409690687,-0.06119881488504218,0.003875760408634209,-0.001028492891824051,0.012289625939905235,-0.014346611723552893,2.3325060221314791e-07
160,4.506133667921796,-0.06318184235759051,0.003901980550398153,-0.0017615827930295147,0.011304895657129777,-0.014828061243189694,2.341739561712201e-07
161,4.509514509448221,-0.06515620217301792,0.003928306444566133,-0.002093262668025453,0.010731155817238491,-0.014917681153288953,2.325700867470145e-07
162,4.512930945732139,-0.06712175516018412,0.003954737963631795,-0.002051952222940745,0.01053806750229258,-0.014641971948174959,2.2560477715789864e-07
163,4.516382983820314,-0.06907837144217069,0.003981274976920847,-0.0016623369253556675,0.010700378885910133,-0.014025052736620136,2.138300779561918e-07
164,4.519870626783295,-0.07102593010842817,0.004007917335971953,-0.0009479705871728861,0.011194014370740746,-0.01308995554508785,2.0056118459888366e-07
165,4.5233938735837675,-0.07296431991881722,0.004034664925092028,6.786195724695077e-05,0.011994835852127572,-0.01185911193763367,1.9133258214288263e-07
166,4.5269527105150775,-0.07489345562374033,0.004061517536708818,0.0013177898180374292,0.013045340434240327,-0.010409760798165024,1.9325398136507096e-07
167,4.5305470446504525,-0.07681340472740977,0.004088475097146463,0.0024753385498583746,0.01402127191863789,-0.00907059481892114,2.067275835436682e-07
168,4.534176683826893,-0.07872443297676832,0.0041155373942384065,0.0033759994972735186,0.01474658113611671,-0.007994582141570117,2.2427243034580034e-07
169,4.537841402191798,-0.08062688915216494,0.004142704285661345,0.003982659089677654,0.015181422147400259,-0.007216103968044063,2.388918241779754e-07
170,4.541540968218863,-0.08252115454003857,0.00416997560482034,0.0042630692739697995,0.01529406208291273,-0.0067679235349737965,2.449222401009681e-07
171,4.54527514527341,-0.08440764247808791,0.004197351177970268,0.004184137360097262,0.01505144798493907,-0.00668317326474499,2.387165923273841e-07
172,4.549043691483579,-0.08628679918432192,0.004224830842394766,0.0037124526394278767,0.01442024363522898,-0.006995338356373226,2.1969641697785447e-07
173,4.552846360093109,-0.0881591034990912,0.004252414384411071,0.0028160150612297485,0.013369019964842188,-0.007736989842382691,1.915793971752828e-07
174,4.556682914004552,-0.09002503727065786,0.00428010169708654,0.0015389065666282509,0.011928081173223637,-0.008850268039967801,1.641271326891603e-07
175,4.560553233219535,-0.09188485961329618,0.0043078924927457286,0.00036159169336280605,0.010574798624345183,-0.009851615237620237,1.5034809228634982e-07
176,4.564457345425714,-0.09373853271161789,0.004335786650759171,-0.0005182023145426928,0.0095217940659722,-0.010558198695057142,1.4684894341085447e-07
177,4.568395320132468,-0.09558593251844702,0.004363783949694161,-0.0011112501391599139,0.008761363869988825,-0.010983864148308653,1.4716590523218058e-07
178,4.572367224715746,-0.09742693869957669,0.004391884191239472,-0.0014340999740694027,0.008275877639302154,-0.01114407758744096,1.4706018302200589e-07
179,4.576373123825291,-0.09926143611757543,0.004420087170871773,-0.001501028396475368,0.00805075163531166,-0.011052808428262173,1.443832679532567e-07
180,4.580413079596347,-0.10108931460069548,0.004448392675128734,-0.0013258272499647727,0.008071890482333588,-0.010723544982263356,1.3877584238741377e-07
181,4.584487151564254,-0.10291046937208775,0.004476800499087075,-0.0009221258648208774,0.008325304158497637,-0.010169555888138948,1.314178371624977e-07
182,4.588595392533028,-0.1047248106811476,0.004505310402758231,-0.00032534776218851036,0.00877868191058262,-0.00942937743495964,1.2494864145293479e-07
183,4.592737818485768,-0.10653233379968793,0.0045339221900673665,0.00030186472097137873,0.009269987706837624,-0.00866625826489531,1.219634088896717e-07
184,4.596914400253012,-0.10833314181104467,0.0045626356135074885,0.0008804463320903899,0.009716367733612508,-0.007955475069432394,1.2227721127223605e-07
185,4.601125093149816,-0.11012738114147311,0.004591450447404811,0.0013913698087260062,0.010097894165407073,-0.007315154547955283,1.249047408282272e-07
186,4.605369849145998,-0.11191521463066632,0.004620366454119946,0.0018174129218453405,0.010397441337073321,-0.006762615493382196,1.2864002225716216e-07
187,4.6096486170763615,-0.11369682145797366,0.004649383391721114,0.0021410676623054847,0.01059743455266271,-0.0063152992280515186,1.3213958788885062e-07
188,4.613961342623922,-0.11547239758981875,0.004678501016208534,0.002344884279498194,0.01068037397233157,-0.0059906054133347375,1.3407934422987873e-07
189,4.6183079684092405,-0.1172421559464898,0.0047077190718582875,0.002411766839388374,0.010629168095519503,-0.005805634416742755,1.3334699208802306e-07
190,4.622688436776722,-0.1190063198310114,0.00473703731580478,0.0023397528599049533,0.010439938775732571,-0.0057604330559217765,1.295364047626584e-07
191,4.627102709524005,-0.12076507326067704,0.004766455473363226,0.0022137156988668583,0.010197135805163349,-0.005769704407430076,1.2462153345696177e-07
192,4.631550773185811,-0.12251854588453914,0.004795973291998946,0.0020604955343677123,0.009929560221266343,-0.005808569152531584,1.1935435720293837e-07
193,4.636032619525013,-0.12426686033337725,0.004825590499642258,0.0018664972952306957,0.009623967611319229,-0.005890973020857393,1.1361013526795631e-07
194,4.64054823763488,-0.1260101520307534,0.004855306824560641,0.001617221980519501,0.009265681369296841,-0.006031237408258061,1.0737535614350247e-07
195,4.645097613865057,-0.1277485696997466,0.004885121988772231,0.0012985823914160033,0.008840558074519,-0.006243393291687216,1.0086204856061129e-07
196,4.64968073183265,-0.1294822756504039,0.0049150357139034215,0.0008963032394702086,0.008334274596425661,-0.006541668117485022,9.458739889512925e-08
197,4.6542975725275655,-0.13121144578651023,0.004945047704663764,0.0003968077959628502,0.00773331287255119,-0.00693969728062549,8.94998843738933e-08
198,4.658948119871802,-0.13293625485360588,0.004975157691357622,-0.0001826846184218578,0.007051665435833687,-0.007417034672677403,8.695902624552313e-08
199,4.663632400320054,-0.13465676791207798,0.005005365352557059,-0.0006443445016244276,0.006486359232744654,-0.007775048235993287,8.69139569278825e-08
200,4.668350493740565,-0.1363729066922747,0.005035670407984061,-0.0009100697959791848,0.006118844240000421,-0.007938983831959012,8.710083892890848e-08
201,4.673102494536258,-0.13808455174572432,0.005066072547725084,-0.000985199318505714,0.005944409640975756,-0.007914808277987184,8.600727669089214e-08
202,4.677888495808469,-0.13979158497646588,0.00509657146431378,-0.0008768010607704824,0.005955690114366918,-0.007709292235908549,8.322578196974154e-08
203,4.68270858915074,-0.14149389029125833,0.0051271668463336246,-0.0005912479988414709,0.006146190515318173,-0.007328686513001115,7.937161962907701e-08
204,4.687562864723823,-0.14319135346574902,0.005157858374132137,-0.00013459572817731136,0.006509735041132503,-0.006778926497487792,7.59949902277729e-08
205,4.69245141115139,-0.14488386253887897,0.005188645735141582,0.00048670630932501346,0.007039692589634328,-0.006066279970984301,7.549873585008422e-08
206,4.697374310576459,-0.14657132237403298,0.005219528585272898,0.0012382954919725186,0.007704120533349679,-0.005227529549404641,8.074092359945471e-08
207,4.702331603045994,-0.14825376068985682,0.005250506618535421,0.0019172701815035609,0.008300611485306142,-0.004466071122298798,9.06146801944269e-08
208,4.707323276587697,-0.14993136171585336,0.005281579483933849,0.0024318056294327928,0.00873456684403462,-0.0038709555851690336,1.0117012467817281e-07
209,4.712349302201002,-0.1516043671680944,0.005312746848368421,0.0027683239725784237,0.008991804782950918,-0.003455156837793849,1.0930545643670037e-07
210,4.717409648210574,-0.15327303487368293,0.005344008368530283,0.0029149686934124563,0.009060603364834385,-0.0032306659780094726,1.1268723934647842e-07
211,4.72250428043743,-0.15493763848921263,0.005375363696072166,0.0028594167766109457,0.008928654962959692,-0.003209821409737801,1.0995207008580699e-07
212,4.727633162093214,-0.15659846803755545,0.005406812482364414,0.0025890810470936554,0.008583399547685833,-0.003405237453499188,1.0100263875654073e-07
213,4.732796253873386,-0.1582558297930991,0.005438354362593071,0.0020920613923762765,0.008013062123499504,-0.0038289393387467285,8.735522069175973e-08
214,4.737993520033262,-0.15991002729347487,0.005469988995308369,0.0013918003645341237,0.0072384171076449455,-0.004454816378576254,7.292270629660062e-08
215,4.743224973316648,-0.16156121803339263,0.005501715991904793,0.0007316874586453803,0.006502253042979689,-0.005038878125688706,6.401343162041175e-08
216,4.7484906879628905,-0.1632093675593294,0.005533535000060346,0.0002115934515429796,0.005907272919802642,-0.005484086016716905,6.008511505043474e-08
217,4.753790755651767,-0.1648543847451639,0.005565445641243556,-0.00017146598660300327,0.005451058148759902,-0.0057939901219661305,5.881002588687985e-08
218,4.759125267108965,-0.16649617935474287,0.005597447538369402,-0.00042261774985519196,0.005128248203205343,-0.005973483702915949,5.848946475420195e-08
219,4.76449431185806,-0.16813466288729356,0.005629540310063279,-0.0005462730543277505,0.0049343552020713055,-0.006026901310726807,5.804530598865855e-08
220,4.769897978282168,-0.1697697484299276,0.005661723569587577,-0.0005467707524833276,0.004864966284904071,-0.005958507789870504,5.6964058782438756e-08
221,4.775336353579118,-0.17140135086175814,0.005693996928667338,-0.0004284901395208429,0.004915617124721106,-0.005772597403762791,5.525130792620745e-08
222,4.78080952246623,-0.1730293912783311,0.005726359988763804,-0.00020337015076488107,0.005074822179741867,-0.005481562481271629,5.341432644930111e-08
223,4.786317557399758,-0.1746538304772871,0.005758812356315232,6.725559971476613e-05,0.0052813405898228805,-0.005146829390393792,5.221371621454958e-08
224,4.791860515628564,-0.17627468019057543,0.00579135362495475,0.00035369647648897384,0.005504888520145412,-0.004797495567167687,5.194860236505269e-08
225,4.797438448778421,-0.17789197176783877,0.005823983388679445,0.0006497453344174176,0.005739097983638919,-0.004439607314804084,5.2742027321610623e-08
226,4.8030514069412344,-0.1795057426373005,0.005856701236104862,0.0009497509704934348,0.005978319396883203,-0.004078817455896555,5.464806151511183e-08
227,4.8086994387318525,-0.18111603625177636,0.005889506751903982,0.001247937967458812,0.00621674938751382,-0.0037208734525964182,5.7640866509205606e-08
228,4.814382591282504,-0.18272290224599314,0.00592239951600224,0.0015386257330578523,0.0064486821967795205,-0.0033714307306631497,6.16142004222239e-08
229,4.820100910224781,-0.18432639664294936,0.005955379106084035,0.001815973042083252,0.00666823530513172,-0.00303628922096566,6.637810630762597e-08
230,4.8258544386683475,-0.18592658567566922,0.005988445091237016,0.002067997729238824,0.006863767178443725,-0.0027277717199662987,7.15204956364401e-08
231,4.831643209229994,-0.18752357503171463,0.006021597043241769,0.002240990999109238,0.006981637070622604,-0.00249965507240435,7.534994419996764e-08
232,4.837467241484244,-0.1891175201882036,0.0060548345234876285,0.002307178853579339,0.0069936655283791005,-0.002379307821220422,7.655809494382155e-08
233,4.8433265497416365,-0.19070859923976902,0.006088157092457099,0.0022588880210887563,0.006892081591403532,-0.002374305549225797,7.462905162059064e-08
234,4.849221146449134,-0.1922970008699213,0.006121564306075272,0.002088843929333395,0.0066696313787575345,-0.0024919435200907447,6.9527544988139e-08
235,4.855151042229371,-0.19388292433547583,0.006155055715315568,0.0017896680259517073,0.006318945633173367,-0.002739609581269953,6.180310026399356e-08
236,4.861116245818527,-0.19546657982043553,0.0061886308697840535,0.0013536904810556027,0.0058323648773424,-0.003124983915230528,5.271879707531916e-08
237,4.867116764153533,-0.19704818820215447,0.006222289307410812,0.000773995902019653,0.0052030684106654235,-0.0036550766066263396,4.441447760458621e-08
238,4.873152606961309,-0.19862796356451284,0.006256030579452518,7.188088037257678e-05,0.004450914931889427,-0.004307153171144273,4.0020744765925025e-08
239,4.879223824367386,-0.20020596770221105,0.006289854207209778,-0.0005285430066734875,0.0037995702199895565,-0.004856656233336087,4.1032151644921024e-08
240,4.885330519650266,-0.20178205701298746,0.006323759731495035,-0.0009258131410005976,0.0033520154724711038,-0.005203641754472521,4.3994833976899107e-08
241,4.891472812501976,-0.20335601997071565,0.006357746677555521,-0.0011186329804879769,0.0031098959878219645,-0.005347161948797918,4.584884030126276e-08
242,4.8976508223428326,-0.20492764049166717,0.006391814568667787,-0.0011079156788331712,0.0030721468244758743,-0.0052879781821414396,4.507369993720569e-08
243,4.9038646680304705,-0.20649669892562045,0.006425962925555126,-0.0008939527734500574,0.003238418679243682,-0.005026324226143464,4.171295703900748e-08
244,4.910114467921523,-0.20806297167082066,0.006460191261763464,-0.00047678614508472883,0.003608621218838537,-0.004562193509008106,3.7409952084163834e-08
245,4.916400339719642,-0.2096262316487211,0.00649449909545799,0.0001427938141500551,0.004181847024163354,-0.0038962593958628,3.544940295643114e-08
246,4.92272239610266,-0.21118626593017123,0.0065288859219695804,0.0009368882388842703,0.004931456627754183,-0.003057680149985753,4.0457014918143296e-08
247,4.929080707532279,-0.2127430285473224,0.006563351260844286,0.0016704671790166437,0.005622806944120762,-0.0022818725860870304,5.2490120375668066e-08
248,4.935475288930875,-0.21429669973876558,0.006597894602706818,0.002229138920096463,0.006140064632171538,-0.0016817867919787233,6.642434987948225e-08
249,4.941906136082105,-0.21584754193524774,0.006632515446397432,0.0026038029020902798,0.0064737540455377385,-0.001266148241357068,7.807772977353957e-08
250,4.948373242724939,-0.21739583088113293,0.006667213285103581,0.002787855755680524,0.006617366911203959,-0.0010416553998429112,8.441042010684799e-08
251,4.954876600809664,-0.21894185464420968,0.006701987606876068,0.002774083665685101,0.006563709662095296,-0.0010155423307249833,8.365842205630673e-08
252,4.961416200369584,-0.22048591419340147,0.006736837898544272,0.0025550695107876553,0.00630538686444837,-0.0011952478428735036,7.55649119568657e-08
253,4.967992029594303,-0.2220283230994507,0.00677176363711553,0.0021240975449012822,0.005835776909934642,-0.001587581820132078,6.164998909122127e-08
254,4.974604078476232,-0.2235693918476825,0.006806764308903498,0.0014978584171492226,0.005170610455334401,-0.002174893621036067,4.587724440473012e-08
255,4.981252372248587,-0.22510928270171626,0.0068418393776047415,0.0008850329798535395,0.004518284731100941,-0.002748218771393862,3.546437431757451e-08
256,4.987936984360148,-0.22664795003160743,0.006876988319688477,0.0003872119490759829,0.0039814259444297395,-0.003207002046277996,3.064425772881227e-08
257,4.994658003867892,-0.2281852775728318,0.006912210600447313,5.2448728403708955e-06,0.003561149794447549,-0.003550660048766696,2.91339131945489e-08
258,5.001415519386278,-0.22972114701508,0.006947505682327691,-0.00026251572603142037,0.00325570222507765,-0.003780733677140602,2.9143862482949617e-08
259,5.008209618788328,-0.2312554392603441,0.006982873025057248,-0.00041709382750132473,0.0030640251615200453,-0.003898212816522695,2.942138395485946e-08
260,5.015040389261808,-0.2327880341423359,0.007018312083750043,-0.00045951799884691447,0.0029850588148893076,-0.0039040948125834696,2.9239644545570247e-08
261,5.021907917258103,-0.23431881061910342,0.007053822311662457,-0.00039094903679448567,0.003017598371061414,-0.0037994964446503854,2.839567636179775e-08
262,5.028812287600534,-0.23584765077443032,0.0070894031550133435,-0.00021822085550393666,0.003155006368911417,-0.0035914480799196236,2.7226907010279704e-08
263,5.03575357494584,-0.23737447881704896,0.007125054061381211,1.5027223519981092e-06,0.003340192892413829,-0.003337187447709833,2.647399058373149e-08
264,5.042731840238124,-0.23889927825332227,0.007160774470644592,0.00023768317297301333,0.0035423621719338216,-0.003066995825987351,2.647191086324297e-08
265,5.049747139022855,-0.24042205515359902,0.0071965638209755545,0.0004871774911513471,0.0037582840692194086,-0.0027839290869171585,2.737612211214519e-08
266,5.056799525728886,-0.241942818939689,0.007232421546909507,0.000747592540954245,0.003985572817930105,-0.0024903877360212823,2.9318308536755773e-08
267,5.063889053747065,-0.24346158207965848,0.007268347079447407,0.0010163615262035464,0.004221651628322776,-0.002188928575915794,3.239952178453906e-08
268,5.0710157754197205,-0.24497836018621513,0.007304339845738324,0.0012910269878131375,0.004464055342677242,-0.0018820013670510782,3.668814319776513e-08
269,5.078179742013018,-0.2464931722027709,0.007340399271007303,0.0015688691759380147,0.004710038032971986,-0.0015722996810959566,4.220972612157434e-08
270,5.085381002835472,-0.2480060446620695,0.0073765247737384325,0.0018414193252768163,0.004951331208741694,-0.0012684925581880613,4.879331970590884e-08
271,5.092619596201473,-0.24951705525567372,0.007412715773804414,0.0020452135277784222,0.005124537922149175,-0.0010341108665922194,5.443635028320248e-08
272,5.099895545379759,-0.2510263534399474,0.007448971683769555,0.002144081457643443,0.005193255447242473,-0.0009050925319562531,5.7329068641737206e-08
273,5.107208867373326,-0.25253411955644095,0.007485291914423756,0.0021329167684727146,0.005152307207093809,-0.000886473670148491,5.6800192625858444e-08
274,5.114559577666825,-0.25404054236476326,0.0075216758734306085,0.0020074460782875114,0.004997440922189456,-0.0009825487656146548,5.272591599473329e-08
275,5.121947690314595,-0.2555458186572125,0.007558122964400112,0.001763227944280188,0.004724225251483749,-0.0011977693629235953,4.558662568512327e-08
276,5.1293732178784825,-0.257050153592845,0.007594632589196955,0.001395590231950683,0.004327995907659976,-0.0015368154437586101,3.6560610227954645e-08
277,5.136836171497958,-0.25855376036270483,0.007631204142709536,0.0009005666554968705,0.003804849860825077,-0.002003716549831336,2.7645110055330176e-08
278,5.14433656327793,-0.2600568482580954,0.007667837024436294,0.00029011467371442556,0.003166244034330745,-0.002586014686902005,2.178846477677637e-08
279,5.151874433066004,-0.26155948779754434,0.007704530619928204,-0.00025659621152163137,0.0025911177975432853,-0.003104310220586215,2.1333845093262034e-08
280,5.159449861464948,-0.2630615425219995,0.0077412843201340375,-0.0006376866710783302,0.0021818858023715526,-0.003457259144528435,2.366232396054859e-08
281,5.16706294388038,-0.26456279615524636,0.007778097509929501,-0.000849886342060957,0.0019419951151097292,-0.0036417677992319764,2.5827230998604342e-08
282,5.174713775623692,-0.26606302656842473,0.00781496957035816,-0.0008928511023176267,0.001871715880321867,-0.0036574180849571203,2.6139457791506837e-08
283,5.1824024515418685,-0.267562007482595,0.007851899880835162,-0.0007656571557924652,0.0019719436087037856,-0.003503257920288383,2.42182706622802e-08
284,5.190129066075418,-0.2690595080127042,0.007888887815784234,-0.00046723667941561686,0.0022437258064057497,-0.0031781991652374275,2.1048204691489114e-08
285,5.1978937131353975,-0.2705552931426424,0.007925932750826536,2.796319230724542e-06,0.002687384888419686,-0.002681792249958237,1.9040836126900003e-08
286,5.2056964839436475,-0.2720491348622398,0.007963034049926525,0.0006304864680041211,0.0032894060235681977,-0.0020284330875600665,2.193123829914476e-08
287,5.2135374412751965,-0.273540948041771,0.00800019108580841,0.0012365952072411757,0.0038707754966905705,-0.0013975850822083302,3.0737824623159635e-08
288,5.221416606043174,-0.2750308643869836,0.008037403219163772,0.0017120229357134864,0.004321867397299339,-0.0008978215258723665,4.1806166274581185e-08
289,5.229333982283945,-0.2765191047315054,0.00807466981055911,0.0020497182344317855,0.004635435753319372,-0.0005359992844559125,5.19200450832512e-08
290,5.237289572284709,-0.27800590032600303,0.008111990218694928,0.0022459258333387133,0.004807770903796027,-0.00031591923711904446,5.866482817907425e-08
291,5.245283376946356,-0.2794914909344892,0.008149363797901418,0.002296300431203102,0.004834536924068211,-0.00024193606166167392,6.04727112889949e-08
292,5.253315395683565,-0.2809761253555597,0.008186789901054061,0.002196428839914777,0.00471132943834629,-0.0003184717585170693,5.675525928473012e-08
293,5.261385626473819,-0.28246006113086,0.008224267875762518,0.001942370734528187,0.004434251001022682,-0.00054950953196653,4.8051325361651515e-08
294,5.2694940672185435,-0.2839435570528245,0.008261797071496282,0.0015396186616223329,0.004008530365469554,-0.0009292930422247769,3.637063900733343e-08
295,5.2776407340592275,-0.28542677215480017,0.0082993768288405,0.0011144416540278534,0.003560322073461908,-0.001331438765406312,2.6857534862705484e-08
296,5.285825671763032,-0.2869097065916318,0.008337006490135065,0.0007467347330234464,0.0031698170441546436,-0.0016763475781078618,2.096525411017183e-08
297,5.294048936042838,-0.2883922965940693,0.00837468539388926,0.0004381310311292186,0.002838757151551574,-0.001962495089293248,1.7695381311383747e-08
298,5.30231058213235,-0.28987447672477606,0.008412412875118935,0.00018753775540980566,0.002566008507370321,-0.0021909329965505986,1.6159219791891463e-08
299,5.3106106644655515,-0.29135618162323473,0.008450188266981934,-5.6666662837656645e-06,0.002350936994009789,-0.0023622703265772094,1.564320581651001e-08
300,5.31894923671622,-0.2928373457757306,0.008488010899629018,-0.0001421950101959668,0.002192818006279351,-0.002477208026671729,1.5597976394820914e-08
301,5.327326351782707,-0.2943179035859918,0.008525880100733687,-0.0002227064656381561,0.0020909826142967436,-0.002536395545573278,1.5636326747479342e-08
302,5.335742061795944,-0.29579778931708556,0.008563795195373624,-0.00024779201169444764,0.0020448294709992654,-0.0025404134943881607,1.552991707262217e-08
303,5.344196418240909,-0.2972769363813369,0.0086017555060457,-0.0002171750879409462,0.002054626088597744,-0.0024889762644797475,1.5203819742142088e-08
304,5.352689472030615,-0.29875527688911285,0.008639760352748561,-0.00013085183793348776,0.002120370705215202,-0.0023820743810822886,1.4743375354234387e-08
305,5.361221273381045,-0.30023274233386366,0.008677809052990626,1.0613276818061124e-05,0.0022414925439899758,-0.0022202659903538535,1.4396948699628344e-08
306,5.369791871724866,-0.3017092640679636,0.008715900921751906,0.0002066546882388831,0.0024174189804164747,-0.0020041096039387085,1.4571816191031037e-08
307,5.378401315701899,-0.3031847733449865,0.00875403527177836,0.00045668954348387913,0.0026475596146517955,-0.0017341805276839262,1.5831987018380557e-08
308,5.387049653168006,-0.30465920125332224,0.008792211412798233,0.0007602679778172527,0.00293145961193797,-0.0014109236563031313,1.8897672381126273e-08
309,5.395736931145691,-0.3061324789976215,0.008830428653793606,0.0011165098589780431,0.003268212610102017,-0.0010351928921458198,2.4635740702608317e-08
310,5.404463194973161,-0.3076045429414246,0.008868686298076266,0.0015186728909569736,0.003651234984658913,-0.0006138892027449661,3.3898848022622783e-08
311,5.413228474746196,-0.30907541569703045,0.008906983650858695,0.0018661430768998066,0.0039800025919750626,-0.00024771643817556033,4.428514268034256e-08
312,5.42203277635808,-0.31054526134303023,0.008945320012280647,0.0020855807324435816,0.004180981997250699,-9.820532363424839e-06,5.2001075736331264e-08
313,5.43087609450252,-0.3120143099080732,0.008983694680409118,0.0021710499383140736,0.004248155177242308,9.394469938572847e-05,5.526391555649347e-08
314,5.4397584222223045,-0.31348280091991754,0.009022106952171803,0.002119339615879845,0.004178334627630287,6.034460412962517e-05,5.327332115409359e-08
315,5.448679751212389,-0.31495098156153023,0.00906055612123419,0.0019268743283726852,0.00396795512543846,-0.00011420646869331197,4.622256251435881e-08
316,5.457640071737915,-0.3164191071139701,0.009099041480201901,0.0015899157011941556,0.003613287012341204,-0.000433455609952893,3.5418101682540084e-08
317,5.466639372694395,-0.31788744052055073,0.009137562317393492,0.0011054064408604347,0.003111319533004697,-0.0009005066512841609,2.3420965794355092e-08
318,5.475677642867886,-0.31935624454265454,0.009176117922974479,0.00047921697014530196,0.0024677155685750574,-0.0015092816282842314,1.4201796315333512e-08
319,5.484754894021221,-0.32082563869177183,0.009214707580254255,-0.0001194546764518023,0.0018515312339962842,-0.002090440586900111,1.2063875869589259e-08
320,5.493871177499847,-0.3222954941957416,0.009253330573249813,-0.0005603537547030912,0.001393249968257515,-0.0025139574776635865,1.4677498774576511e-08
321,5.503026562270201,-0.3237655669052995,0.009291986184316122,-0.0008371123455325202,0.0010993560743456365,-0.002773580765410566,1.8126128885668844e-08
322,5.512221117526019,-0.32523560390576467,0.009330673692078923,-0.0009488403467086126,0.0009706918748229043,-0.0028683725682401295,1.98603326091178e-08
323,5.52145491201913,-0.32670534746185864,0.009369392374629493,-0.0008939584672931211,0.001008818095777464,-0.0027967350303640393,1.879513812371026e-08
324,5.530728014120092,-0.3281745344496788,0.009408141506827209,-0.0006708319176123023,0.00121535747474244,-0.0025570213099667116,1.5390956846384968e-08
325,5.540040491712226,-0.32964289682997644,0.009446920363895508,-0.0002783965700525748,0.0015913379440525288,-0.0021481310841576784,1.174069908382917e-08
326,5.549392411188759,-0.33111016784698516,0.009485728215019845,0.00027755104855442525,0.0021311356172639684,-0.0015760335201551179,1.1594340800269792e-08
327,5.558783817615323,-0.3325762093347634,0.009524564332416057,0.0008477986522041903,0.002685692410042906,-0.0009900951056340812,1.7570094403056278e-08
328,5.568214719398583,-0.33404111262725084,0.009563427983922693,0.0013092035734184604,0.0031316421297811203,-0.0005132349829441996,2.697946409078549e-08
329,5.57768510712604,-0.33550508103655896,0.00960231843476269,0.0016537677881544033,0.0034608612458724153,-0.0001533256695636087,3.6714241941854396e-08
330,5.58719496953062,-0.3369683284021638,0.009641234950492692,0.00187909176808021,0.0036709752969286136,8.72082392316953e-05,4.4361906499512806e-08
331,5.596744294128832,-0.33843107498140895,0.009680176793451928,0.001982150732656507,0.00375896459306857,0.00020533687224433272,4.82196454873835e-08
332,5.606333067134447,-0.33989354796610916,0.009719143225207696,0.001959945565574106,0.0037218346146056236,0.0001980565165421444,4.739187998307852e-08
333,5.615961273490758,-0.3413559812221971,0.009758133504568474,0.0018097671680615823,0.003556896500242046,6.263783588089655e-05,4.1889170715543814e-08
334,5.625628897326129,-0.34281861221446264,0.00979714689044029,0.0015322567206457194,0.003264711158618705,-0.0002001977173272662,3.280355948774198e-08
335,5.635335932974577,-0.3442816086430365,0.009836182638214307,0.0012096694509747263,0.0029274817726098745,-0.0005081428706606994,2.406841665867353e-08
336,5.645082394244978,-0.34574500566608357,0.009875240002577983,0.0009143744940521836,0.002617677518709227,-0.0007889285306050819,1.7806648757236045e-08
337,5.654868304048625,-0.34720877327710814,0.00991431823720145,0.000649243872095695,0.0023382221044545015,-0.0010397343602628895,1.3606411293052171e-08
338,5.664693684878449,-0.3486728790823017,0.009953416593273845,0.0004134540708604084,0.002088273791235218,-0.001261365649514512,1.1007994027041884e-08
339,5.674558558377735,-0.35013729115317793,0.009992534321099549,0.00020656544769831475,0.0018673874895217546,-0.0014542565941251806,9.613942867010215e-09
340,5.68446294536977,-0.35160197782718816,0.010031670669356374,2.802536496254726e-05,0.0016750053078716243,-0.0016189545779465297,9.078324876881918e-09
341,5.6944068658560845,-0.35306690771430704,0.010070824885188496,-0.0001225915958335544,0.001510701073002163,-0.0017558842646694939,9.106479755422664e-09
342,5.704390339125023,-0.35453204895334145,0.01010999621470852,-0.0002449580170246213,0.0013747806124542739,-0.0018646966465034054,9.448015628692347e-09
343,5.714413386605589,-0.35599734964069984,0.010149183902266087,-0.00031721418354568875,0.0012890798841265205,-0.001923508251217787,9.750169232991347e-09
344,5.724476034463317,-0.35746271972368227,0.01018838719101254,-0.0003186514231731108,0.0012743235704866795,-0.0019116264168332342,9.652428845070526e-09
345,5.73457831093386,-0.35892804880780843,0.0102276053230275,-0.0002479994628052373,0.0013317934013898358,-0.0018277923270001994,9.137535878298005e-09
346,5.744720243675202,-0.36039322411445884,0.010266837538796108,-0.00010510386328332899,0.0014616359679645585,-0.0016718436945312165,8.513994619761007e-09
347,5.754901859628442,-0.3618581313911079,0.010306083077874874,0.0001102739685404086,0.0016640846606028048,-0.001443536723521932,8.4194127284679e-09
348,5.765123185032648,-0.36332265476602454,0.010345341178176393,0.00039846981054691977,0.001939472212790616,-0.0011425325916968876,9.831601789131602e-09
349,5.775384245379457,-0.3647866770254425,0.01038461107741539,0.0007594343267838255,0.002287733148297666,-0.000768864494730015,1.4074328393732813e-08
350,5.785685065015318,-0.36625008237534296,0.010423892010423421,0.001190370182443612,0.0027061456335765177,-0.0003254052686890163,2.2753684030236583e-08
351,5.79602565496781,-0.36771284268690624,0.010463183212699192,0.0015947238330692448,0.0030982300202817004,9.121764585667824e-05,3.449349885848534e-08
352,5.806406000985371,-0.3691751037269562,0.01050248391830426,0.0018742481520042098,0.0033656337614014764,0.0003828625426071097,4.4679840172456804e-08
353,5.816826074803339,-0.3706371075511091,0.010541793358995629,0.002020795069133774,0.0035001451903081127,0.0005414449479593797,5.073875802760444e-08
354,5.827285846253346,-0.3720991074431157,0.010581110767100893,0.0020319569510800495,0.003499372194628536,0.0005645417075315629,5.12826041968436e-08
355,5.837785283914562,-0.3735613632397621,0.010620435372934499,0.001904885048925109,0.003360472700126682,0.00044929739772348043,4.603780508812629e-08
356,5.848324355037251,-0.37502414178337284,0.0106597664065731,0.001636665510240276,0.0030805392476269122,0.00019279177285341786,3.596176430849771e-08
357,5.858903025580661,-0.37648771654506064,0.010699103096196047,0.0012248538756349237,0.0026571533602631203,-0.00020744560899355058,2.336784995783835e-08
358,5.869521260634168,-0.37795236445323566,0.010738444670616321,0.0006700722871625375,0.0020908672396809935,-0.000750722665355863,1.2047278190127712e-08
359,5.880179040906858,-0.37941824568934834,0.010777790356407314,0.000102267816788848,0.001511555371063067,-0.001307019737485482,7.247947361933205e-09
360,5.890876380372296,-0.3808852737081563,0.010817139379325642,-0.0003360930098975645,0.0010617680575596422,-0.0017339540773547157,8.267507528905832e-09
361,5.901613311268672,-0.3823532222045615,0.010856490965759876,-0.0006349137407556937,0.0007516660098972339,-0.0020214934914087324,1.1333994828865704e-08
362,5.912389866413214,-0.3838218529538102,0.010895844339721978,-0.0007933732132419657,0.0005820427864628441,-0.0021687892129464426,1.3729099237461882e-08
363,5.923206078106928,-0.3852909236171814,0.010935198725514305,-0.000810003295176831,0.0005543548719796343,-0.0021743614623332963,1.395983540966988e-08
364,5.934061978185909,-0.38676018721659977,0.010974553346069761,-0.0006833626307878871,0.0006700354165026234,-0.002036760678078342,1.1825592388070069e-08
365,5.944957597953618,-0.3882293924774308,0.011013907424527932,-0.00041232880012403994,0.000930190280407861,-0.0017548478806559409,8.489529387578943e-09
366,5.955892967894351,-0.38969828580186844,0.011053260182065885,2.3721593972458876e-06,0.0013341447686863739,-0.001329400449891882,6.534816979591651e-09
367,5.966868105468597,-0.39116670253369723,0.01109261084031867,0.0004627426526117584,0.0017839854537383681,-0.0008585001485148513,8.829994905109707e-09
368,5.97788300103923,-0.3926346737845344,0.011131958620747274,0.0008529889630035092,0.0021638432785203165,-0.0004578653525132981,1.4475663360110135e-08
369,5.988937628864049,-0.3941023464658173,0.011171302742489864,0.0011634856068049593,0.0024640235332259453,-0.0001370523196160267,2.1420955022131167e-08
370,6.000031961196212,-0.39556987859648485,0.011210642425963868,0.0013928299019555501,0.002683134545417687,0.00010252525849352434,2.7969848377074047e-08
371,6.01116596922593,-0.39703743226084265,0.011249976890092425,0.0015391212194907355,0.002819277567900902,0.0002589648710806802,3.279549261053321e-08
372,6.022339623025225,-0.3985051739990102,0.011289305353819895,0.001600534698630085,0.0028706297291531957,0.0003304396681069188,3.499035656754846e-08
373,6.033552891562925,-0.399973274667014,0.011328627035337173,0.001575326595972204,0.0028354530248235754,0.0003152001671206106,3.4110043872688076e-08
374,6.044805742768759,-0.40144190891278364,0.011367941152819486,0.0014622522612469102,0.00271248707214361,0.00021201745035004382,3.022975078443382e-08
375,6.056098147769322,-0.40291122253091805,0.011407246923832454,0.0012945518099230502,0.0025349549466547883,5.414867319153416e-05,2.4967395374996724e-08
376,6.067430086207336,-0.40438129106898757,0.011446543565456059,0.0011150028905206333,0.0023456600770777603,-0.00011565429603649369,2.0009364936983172e-08
377,6.078801542496781,-0.4058521479674433,0.011485830294997215,0.0009261626577956039,0.0021471766023060668,-0.000294851286715081,1.5560263421212828e-08
378,6.090212500522494,-0.4073238250915787,0.011525106329009768,0.0007271508292314155,0.0019386193888589198,-0.0004843177303959778,1.1732178130794868e-08
379,6.1016629432465965,-0.40879635575823825,0.011564370884050148,0.0005172756272489032,0.0017192956165112405,-0.0006847443620136562,8.663927514275535e-09
380,6.113152852719259,-0.41026977466097936,0.011603623176456542,0.0002957516771385227,0.0014884188277140553,-0.0008969154734370655,6.5168349540830306e-09
381,6.124682210088068,-0.41174411780234216,0.011642862422235974,6.196441219874504e-05,0.0012453783802749974,-0.0011214495558774518,5.4798582884001845e-09
382,6.1362509956729365,-0.413219421912326,0.01168208783755073,-0.00018424076459472305,0.0009900034857991957,-0.0013584850149883643,5.765825048611889e-09
383,6.147859194297791,-0.4146956824681478,0.01172129863829665,-0.00039904599130013985,0.0007660817189101832,-0.0015641737015104074,7.170448533797875e-09
384,6.159506802557263,-0.41617279596641255,0.011760494039964538,-0.0005218926127661949,0.0006341853012271637,-0.001677970526759498,8.442591476797333e-09
385,6.171193824219001,-0.41765059525338055,0.011799673258723787,-0.0005469969962851318,0.0006001189265010254,-0.001694112919071289,8.706161110025396e-09
386,6.182920263016683,-0.41912890585721785,0.011838835510044242,-0.0004737157405526604,0.0006645174646182084,-0.0016119489457237512,7.769411957036678e-09
387,6.194686122050873,-0.42060755061858546,0.011877980009840876,-0.000301180555856817,0.0008282445781775394,-0.001430605689891007,6.127969914329586e-09
388,6.2064914038092756,-0.4220863494542054,0.011917105973740993,-2.8483492237552088e-05,0.001092205529263257,-0.0011491725137384168,4.998740575843687e-09
389,6.2183361101259,-0.423565119604718,0.011956212617940125,0.0003449973726351585,0.0014570129624306705,-0.0007670182171604645,6.351332371941161e-09
390,6.230220242062806,-0.42504367650588876,0.0119952991580578,0.0008192395581580469,0.0019226801542837624,-0.00028420103796750196,1.2919103168709966e-08
391,6.242143789156161,-0.4265219206153468,0.012034364810049152,0.0013039918971834985,0.0023990221486148156,0.0002089616457524035,2.5273272682252413e-08
392,6.254106713542731,-0.42799996700155885,0.012073408791153855,0.001664412595125786,0.0027511345189225045,0.000577690671329012,3.81993494463341e-08
393,6.266108959037112,-0.4294780742795927,0.012112430316723738,0.001886013729615832,0.0029644748787600594,0.0008075525804714934,4.7780395696062267e-08
394,6.2781504668747985,-0.430956518322099,0.012151428604132012,0.0019668069212719352,0.0030370641142789534,0.0008965497282648061,5.16453491428276e-08
395,6.290231177116394,-0.43243558083860634,0.012190402870047688,0.0019043242555314976,0.0029664386915134733,0.000842209819549522,4.8791842402315365e-08
396,6.302351028577902,-0.4339155498132681,0.012229352331895052,0.001696110654282601,0.0027501484522118314,0.0006420728563534261,3.971021422483476e-08
397,6.31450995884834,-0.43539671922469825,0.012268276207009628,0.0013399737541373025,0.002386015686005327,0.0002939318222692222,2.6502718329648278e-08
398,6.3267079043475904,-0.4368793884216207,0.012307173713509981,0.0008341027876238027,0.001872209131290603,-0.00020400355604316411,1.2983441265358625e-08
399,6.338944811965495,-0.4383637659219446,0.01234604406981608,0.0002758924307469379,0.001306086746312829,-0.0007543018848188421,5.307359515913804e-09
400,6.351220657849823,-0.43984981337533374,0.012384886493971308,-0.00017573771591877785,0.000846602966127652,-0.0011980783979652632,4.697305503390526e-09
401,6.363535437978856,-0.44133732173179785,0.012423700205831618,-0.0005037377049690872,0.0005108418780628288,-0.0015183172880010032,7.415403334547286e-09
402,6.3758891496417,-0.44282606327075597,0.012462484424537531,-0.0007073323541551546,0.00029956205770614863,-0.0017142267660164023,1.0446858417552318e-08
403,6.388281789583828,-0.4443158067595424,0.012501238370362934,-0.0007851994176480415,0.00021407714868909578,-0.0017844759839851232,1.1868542497521778e-08
404,6.400713354045322,-0.4458063170208842,0.012539961263783615,-0.0007360820204966312,0.0002556380878727671,-0.0017278021288660295,1.0905414916378038e-08
405,6.41318383872056,-0.4472973551461892,0.012578652326103052,-0.0005588547202527994,0.0004253623305397469,-0.0015430717710454012,7.990123472127498e-09
406,6.425693238717532,-0.44878867871133155,0.012617310778957298,-0.0002524772625034366,0.0007243028168488208,-0.0012292573418555275,4.817010108604042e-09
407,6.438241541384528,-0.45028010209637326,0.012655935844403172,0.0001222908430328351,0.0010917455040365676,-0.0008471638179709529,4.154131608891765e-09
408,6.450828713768203,-0.4517716029562202,0.012694526746182917,0.00045773505932467096,0.001419954590879291,-0.0005044844722298936,6.5775868597900135e-09
409,6.463454708228685,-0.4532632764564267,0.012733082707162197,0.0007409585510819161,0.0016959934177516178,-0.00021407631558789664,1.0861957560771598e-08
410,6.476119474832998,-0.45475523158156494,0.01277160295212315,0.0009711288351770819,0.0019190335586966034,2.3224111657671465e-05,1.586998109249993e-08
411,6.4888229627086895,-0.456247579763183,0.012810086705980205,0.0011470751171965277,0.0020879050438835645,0.00020624519050937984,2.0634935696315665e-08
412,6.501565120012842,-0.45774043513622975,0.012848533194612733,0.0012677003930384179,0.002201511615095686,0.0003338891709810943,2.4383073701320782e-08
413,6.514345893938675,-0.45923391447850803,0.01288694164460516,0.0013318973919812516,0.0022587469351789125,0.0004050478487836462,2.6550974736704377e-08
414,6.527165230712448,-0.4607281372298452,0.012925311283388237,0.001338552563916906,0.0022584962144926446,0.00041860891334122297,2.6804791532915795e-08
415,6.5400230764554745,-0.46222321806135125,0.012963641339251094,0.0012941193908175275,0.0022072094081195814,0.0003810293735154735,2.5313533653740208e-08
416,6.552919378833901,-0.4637192525754106,0.013001931041243314,0.001211972392230476,0.002118265862029012,0.00030567892243194006,2.2658027892561794e-08
417,6.565854086416293,-0.46521632267374496,0.013040179619464829,0.0010929917476006912,0.0019925492019450264,0.000193434293256467,1.909558912523317e-08
418,6.578827147043395,-0.46671451051842283,0.013078386304822658,0.0009362903888210927,0.0018291722642200248,4.3408513421994144e-05,1.4940561580946163e-08
419,6.591838507631627,-0.4682139002226635,0.013116550329219679,0.0007410244568621382,0.0016272916910112234,-0.0001452427772868914,1.0636741214750557e-08
420,6.604888114172621,-0.4697145778574986,0.013154670925549382,0.0005063014160816004,0.001386015776068783,-0.00037341294390569324,6.7655381423959545e-09
421,6.617975911740919,-0.47121663138593806,0.013192747327659307,0.0002313406388897432,0.0011045677587135372,-0.0006418864809340508,4.059325134636266e-09
422,6.631101844493793,-0.47272015066474704,0.013230778770455346,-8.475327807189181e-05,0.0007820470462674978,-0.0009515536024115034,3.408655046269762e-09
423,6.644265860815198,-0.4742251824111187,0.013268764490124024,-0.00039730780261382215,0.0004631042088962811,-0.00125771981412387,5.368848619413397e-09
424,6.657467924070026,-0.47573163561961995,0.013306703723321513,-0.000612062092853416,0.00024200220705222764,-0.001466126392758893,8.220375217557453e-09
425,6.670708009050587,-0.4772393118166216,0.013344595708624554,-0.0007155272874849739,0.00013224736578110186,-0.0015633019407511606,1.0029174319802237e-08
426,6.683986091395116,-0.4787479972077968,0.013382439685146241,-0.0007068278955836282,0.00013470842930596305,-0.001548364220473275,9.845016615204437e-09
427,6.6973021461780355,-0.48025747490742354,0.013420234893479578,-0.0005848460083325291,0.0002504991626897102,-0.0014201911793548239,7.711875868833959e-09
428,6.7106561479242925,-0.48176752472088447,0.013457980575256743,-0.000348470052826233,0.0004807287482084255,-0.0011776688538606694,4.718658613820253e-09
429,6.724048070581734,-0.48327792329290337,0.013495675973461798,3.281356392825785e-06,0.0008263743438558513,-0.0008198116310702552,3.047838125560207e-09
430,6.73747788752271,-0.48478844399512194,0.013533320332347285,0.0004716302268620298,0.0012886711437427034,-0.0003454106900186438,6.021700831229522e-09
431,6.750945563810146,-0.4862989258798395,0.013570912896783286,0.000988396362499977,0.001799491287641286,0.00017730143735866788,1.6233784242603248e-08
432,6.764451038568745,-0.4878094320511772,0.013608452914590174,0.0013964611805000748,0.0022016851637370882,0.0005912371972630059,2.947907138661895e-08
433,6.777994229951006,-0.4893202073167682,0.01364593963286454,0.0016711469258444689,0.002470531426760292,0.0008717624249284239,4.1016108945585035e-08
434,6.791575052536917,-0.49083152381550876,0.013683372301554936,0.0018107784021050288,0.002604358386465888,0.0010171984177441695,4.773911694569358e-08
435,6.8051934198492114,-0.4923436585105017,0.013720750171294836,0.0018133258245041084,0.0026011387227081184,0.0010255129262999874,4.795448286595713e-08
436,6.818849244305832,-0.4938568934893577,0.013758072494379922,0.0016768017524173562,0.002458888054641617,0.0008947154501929844,4.148816163210968e-08
437,6.83254243722091,-0.49537151582461125,0.01379533852442965,0.001399300003764703,0.0021757075476526166,0.0006228924598769003,2.9783814791483217e-08
438,6.846272908769572,-0.49688781775201474,0.013832547516523415,0.000978639573571527,0.0017494133951201918,0.00020786575202286217,1.5987190551501316e-08
439,6.860040574934751,-0.49840603348759305,0.013869698727524053,0.0004758685619969394,0.0012410351064024994,-0.0002892979824086206,5.8476152643388585e-09
440,6.873845374963734,-0.4999261802229775,0.013906791415066632,4.6857337690997536e-05,0.0008064622227923479,-0.0007127475474102973,2.7052715003205265e-09
441,6.887687267458659,-0.50144809256099,0.013943824839234167,-0.00028259877122938093,0.00047150580549570886,-0.0010367033479543042,3.756744865867652e-09
442,6.901566213215979,-0.5029715776549829,0.013980798260999298,-0.0005118319528772952,0.0002368245752931153,-0.0012604884810474282,6.274593635852285e-09
443,6.915482172477162,-0.5044964400599712,0.014017710943245224,-0.0006398581172867845,0.00010339646078028064,-0.001383112695353822,8.320364649571533e-09
444,6.929435104948016,-0.5060224814931717,0.014054562150330012,-0.0006657439293837886,7.215084564640706e-05,-0.0014036387044141785,8.780042562330516e-09
445,6.943424969781842,-0.5075495009200504,0.014091351148307214,-0.0005885713529768521,0.00014400176807483067,-0.0013211444740283407,7.4022435478630274e-09
446,6.957451725583386,-0.5090772944486877,0.014128077204933118,-0.0004072891823328484,0.0003200011746783138,-0.0011345795393437608,4.834650141916666e-09
447,6.9715153271523596,-0.510605685255302,0.014164739589317066,-0.00015065536182023997,0.0005714101193098897,-0.0008727208429505917,2.7832281387769734e-09
448,6.985615716544643,-0.5121346062613152,0.014201337572982836,0.00010055665299285588,0.0008174538564137968,-0.000616340550428196,2.576484872362814e-09
449,6.999752824655448,-0.5136640863570656,0.014237870428363825,0.00033167896953689713,0.0010434454249203529,-0.0003800874858466974,3.9706777293264514e-09
450,7.013926580035115,-0.5151941696702171,0.014274337430221246,0.0005423064322258309,0.001248980055356591,-0.00016436719090492935,6.574171760144322e-09
451,7.028136910436128,-0.5167249013655806,0.014310737854836475,0.0007319007146751599,0.0014335199330064718,3.0281496343848024e-05,1.0014203543290188e-08
452,7.042383742804262,-0.5182563277431793,0.014347070980388002,0.0008999584450656295,0.0015965615273147715,0.00020335536281645972,1.3940721101968631e-08
453,7.056667003281702,-0.519788496226957,0.014383336086840266,0.00104595287322784,0.0017375778471281356,0.00035432789932732245,1.8029019604174855e-08
454,7.070986617210195,-0.5213214553523846,0.014419532456048226,0.0011693927366467904,0.0018560785832955062,0.0004827068899981024,2.1984863059454504e-08
455,7.085342508166272,-0.522855263821978,0.014455659371636091,0.0012608064749907721,0.0019425975653919736,0.0005790153845897095,2.5219044556151305e-08
456,7.099734595037024,-0.5243900180219154,0.014491716119322616,0.0012925803183654605,0.00196951635341025,0.0006156442833210041,2.6425808746406462e-08
457,7.11416279238971,-0.5259258487932504,0.01452770198651777,0.0012585651807831,0.001930682073309209,0.0005864482882568522,2.5199267899912425e-08
458,7.1286270133541,-0.527462894553744,0.014563616262728772,0.0011577834213128413,0.0018251183617683797,0.0004904484808572751,2.168388124176887e-08
459,7.143127170175969,-0.5290012961083239,0.01459945823936156,0.0009892188530141732,0.0016518104624216323,0.0003266272436067974,1.6422879272583992e-08
460,7.157663174211081,-0.5305411966893164,0.01463522720982974,0.0007518462120777447,0.001409734819739078,9.395760441638368e-05,1.03843552173391e-08
461,7.172234935926221,-0.5320827419288982,0.014670922469557132,0.00044466583265756476,0.0010978953101357658,-0.00020856364482066403,4.987584794195787e-09
462,7.186842364886533,-0.5336260799588799,0.014706543315917591,6.654167218483886e-05,0.0007151571738675255,-0.0005820738294978756,2.1274752800001326e-09
463,7.201485373943708,-0.5351713216800158,0.014742089048633656,-0.00034443993338492684,0.0002995932468072282,-0.0009884731135769709,3.787219778782616e-09
464,7.21616389324182,-0.5367184076521637,0.014777558968950479,-0.0006586273179164381,-1.9147686663001373e-05,-0.0012981069491698471,8.424706221875552e-09
465,7.230877869170985,-0.5382671173121101,0.014812952380809935,-0.0008475462790954735,-0.00021258063774751146,-0.0014825119204435466,1.2631426423887379e-08
466,7.245627250582679,-0.5398171991901739,0.01484826858987565,-0.0009100903719796161,-0.0002796039771890413,-0.0015405767667703019,1.4265753935241793e-08
467,7.260411985861149,-0.5413683985410129,0.01488350690411876,-0.0008450222412841324,-0.0002189847848295956,-0.001471059697738475,1.2572151176295292e-08
468,7.275232022922653,-0.5429204572432988,0.014918666633626043,-0.0006511159949958434,-2.949928872791885e-05,-0.0012727327012638512,8.246359848841098e-09
469,7.290087309199857,-0.5444731138357712,0.014953747090620823,-0.00032715408847583394,0.0002900681100377056,-0.0009443762869894012,3.499439183482017e-09
470,7.304977791638647,-0.5460261034324048,0.014988747589822297,0.00012817993522690196,0.0007410378883410118,-0.00048467801788698583,2.1228321297050443e-09
471,7.319903411699168,-0.5475792056971693,0.015023667447290025,0.0006689981160529768,0.0012775625484809927,6.0433683624933066e-05,8.578644849677266e-09
472,7.334864086975827,-0.549132422335403,0.015058505982875801,0.0011226113499329393,0.0017269434177540066,0.000518279282111872,2.081078488081991e-08
473,7.34985971176207,-0.5506859733437349,0.015093262517073392,0.0014474917598492065,0.0020476148293527563,0.0008473686903456845,3.343582715584665e-08
474,7.364890175218204,-0.5522401232280862,0.015127936373693206,0.0016420843820728614,0.002238021110618049,0.001046147653527424,4.258243772119014e-08
475,7.379955365581958,-0.553795140485055,0.0151625268784362,0.0017047349912118759,0.00229650920849625,0.0011129607739274738,4.583409943987024e-08
476,7.395055170148863,-0.5553512976783094,0.015197033359454227,0.0016338028323607534,0.002221439915033152,0.001046165749688438,4.2314885259400166e-08
477,7.410189475261845,-0.5569088714225523,0.015231455147219002,0.0014276335084602576,0.0020111626033486873,0.0008441044135719389,3.2772600577940046e-08
478,7.4253581662958155,-0.5584681424094144,0.01526579157449204,0.001084541392123578,0.0016639938097404439,0.0005050889745069342,1.966465586706088e-08
479,7.440561131383934,-0.5600293589768439,0.015300041976675411,0.0006385369604897662,0.0012139327618832796,6.314115909622497e-05,7.926792005455711e-09
480,7.455798276682028,-0.5615925880478729,0.015334205691121313,0.0002337609215377623,0.0008051352220868058,-0.00033761337901105914,2.5066370956891303e-09
481,7.471069526713617,-0.5631577111341273,0.015368282058077784,-9.237935997152835e-05,0.0004750158238618907,-0.0006597745438049196,1.7803598078161148e-09
482,7.486374809334818,-0.5647245704172026,0.015402270419933545,-0.0003392459766068945,0.000224207529126913,-0.000902699482340702,3.402584103990509e-09
483,7.501714051884756,-0.5662930061955842,0.015436170121658967,-0.0005061679943665909,5.337683778092184e-05,-0.0010657128265140758,5.565812321464377e-09
484,7.517087181184829,-0.5678628568684307,0.015469980510665917,-0.000592470530585365,-3.6804137451607044e-05,-0.0011481369237188732,7.022490029678485e-09
485,7.5324941235361536,-0.5694339589355895,0.015503700936859011,-0.00059746586116316,-4.564990294167459e-05,-0.0011492818193847565,7.107915709910766e-09
486,7.54793480471626,-0.5710061470042482,0.015537330752726031,-0.0005204721612473984,2.7519880639453875e-05,-0.0010684642031340008,5.7641896222975124e-09
487,7.563409148808045,-0.5725792652898438,0.015570869313101195,-0.00037204525920658815,0.00017215572174089644,-0.000916246240154045,3.6924122762943685e-09
488,7.578917072920222,-0.574153219710944,0.015604315975674962,-0.00020242622175128955,0.0003380192353249767,-0.0007428716788273337,2.158651231013862e-09
489,7.5944584868259355,-0.5757279818035589,0.015637670100409704,-2.5849587852566636e-05,0.0005108682126258313,-0.0005625673883309923,1.5120094543737833e-09
490,7.610033298178404,-0.5773035376350169,0.015670931050024133,0.00015756654732262954,0.0006905834112072573,-0.0003754503165621925,1.8731392199558263e-09
491,7.625641413979686,-0.5788798733951958,0.015704098189786887,0.00034771930256982664,0.0008770624408711292,-0.0001816238357313371,3.3655468440703376e-09
492,7.641282740584153,-0.5804569753889126,0.0157371708876041,0.0005444990784053139,0.0010701953658038277,1.88027910068278e-05,6.1154348413091336e-09
493,7.656957183701518,-0.5820348300329674,0.015770148513993127,0.0007478068195310161,0.0012698828992614153,0.00022573073980083902,1.0251692827711246e-08
494,7.672664648396982,-0.5836134238825248,0.015803030442219087,0.0009575082359302711,0.0014759909634785295,0.000439025508382207,1.590464605815437e-08
495,7.688405037833444,-0.5851927562039643,0.015835816047991044,0.0011612056488522204,0.0016761319037268962,0.0006462793939776557,2.2752608721462536e-08
496,7.704178246964771,-0.5867729020696051,0.015868504710068537,0.001297108828876986,0.0018085089229650242,0.000785708734788837,2.808198498312689e-08
497,7.719984161794374,-0.588354020183884,0.015901095809568406,0.0013453368849879466,0.00185323272145127,0.0008374410485247064,3.0147164134450345e-08
498,7.735822665608682,-0.5899362909791994,0.015933588730528737,0.0013047914765980662,0.0018092057865587707,0.0008003771666373338,2.8477976669472638e-08
499,7.751693640903542,-0.5915198973986135,0.015965982859662546,0.0011744125806318062,0.001675369600605603,0.0006734555606577874,2.3356597285906627e-08
500,7.7675969693847255,-0.5931050248537129,0.015998277586439832,0.0009531303436960681,0.001450656024108321,0.0004556046632839261,1.5853781990614505e-08
501,7.783532531960658,-0.594691861258436,0.016030472303134424,0.0006398362833676119,0.0011339596089569581,0.00014571295777845994,7.86737785824549e-09
502,7.799500208747762,-0.5962805969334881,0.016062566404704614,0.0002335348081738131,0.0007242885904248653,-0.00025721897407723904,2.165527332416503e-09
503,7.815499881788688,-0.5978713972155052,0.01609455928912717,-0.00024011782605443122,0.00024729252713021066,-0.0007275281792390453,2.202479083890403e-09
504,7.831531450192793,-0.5994642499404921,0.01612645035687775,-0.0006330558052376756,-0.00014896504609540617,-0.001117146564380389,7.72254219998433e-09
505,7.8475948327250284,-0.6010589389398682,0.016158239011555293,-0.0008940248917700122,-0.0004132261598664422,-0.0013748236236735822,1.4160051615650003e-08
506,7.863689952889711,-0.6026551937373721,0.016189924659448244,-0.0010216728778395523,-0.0005441416578242375,-0.0014992040978548393,1.8129922716417108e-08
507,7.8798167338325715,-0.6042527407014178,0.016221506709739993,-0.0010148345194853636,-0.000540550881672236,-0.001489118157298408,1.7922668419235898e-08
508,7.895975098313148,-0.6058513032146721,0.016252984574523024,-0.0008722998205650256,-0.0004012457460462193,-0.0013433538950839707,1.3569144791226276e-08
509,7.912164968700476,-0.6074506016047507,0.016284357668674136,-0.0005928163476741077,-0.00012497487808324492,-0.0010606578172651926,6.910914788662168e-09
510,7.928386266947468,-0.6090503532885299,0.016315625410276147,-0.0001753017901940379,0.00028934459731186357,-0.0006399481776999671,1.675551742391274e-09
511,7.944638911853819,-0.6106503004809004,0.016346787219638722,0.00035436953275599925,0.0008158664522407433,-0.00010712738672896682,3.2133026972920246e-09
512,7.9609228022393195,-0.6122503816603764,0.016377842521042706,0.000829495155404425,0.0012878934910642292,0.0003710968197443987,1.2416127976619235e-08
513,7.977237813279134,-0.6138507701232518,0.016408790740767544,0.0011867771806199912,0.0016420973596589783,0.0007314570015809763,2.4244735984726992e-08
514,7.993583813148082,-0.6154517056893631,0.01643963130854503,0.0014246165789190135,0.0018768743307712443,0.0009723588270669214,3.4485602363396154e-08
515,8.009960669248413,-0.6170534314260113,0.016470363656955856,0.0015417697362204996,0.001990981336001507,0.0010925581364394088,4.025879987464607e-08
516,8.026368248231341,-0.6186561933465824,0.016500987221563616,0.00153692469917302,0.0019831070014287022,0.001090742396917338,4.007259928265172e-08
517,8.04280641598082,-0.6202602404909763,0.01653150144097355,0.0014087443534119837,0.001851915625354722,0.0009655730814692731,3.3890033871236836e-08
518,8.059275037617263,-0.6218658247976685,0.016561905756707174,0.0011560239455805088,0.0015962054073294096,0.0007158424838314137,2.3202864540682166e-08
519,8.075773979168014,-0.6234731838584591,0.016592199613489685,0.0007943112280764386,0.0012315158845039031,0.0003571065716492239,1.152571003025898e-08
520,8.092303119121627,-0.6250824220864686,0.016622382458842608,0.0004388203081264197,0.0008730731969115446,4.567419341433565e-06,4.245718625689441e-09
521,8.10886235160311,-0.6266934777542333,0.016652453743549057,0.00013720544791928635,0.0005685360538138229,-0.0002941251579751114,1.3461959973495337e-09
522,8.125451574994553,-0.6283062395986555,0.016682412921348123,-0.00010983162289651682,0.0003186041108371729,-0.0005382673566302343,1.221965248998702e-09
523,8.142070687238077,-0.6299205950304638,0.016712259449075464,-0.00030194969184738074,0.00012361538585634047,-0.0007275147695509909,2.5326119209129877e-09
524,8.158719585806699,-0.6315364304443136,0.01674199278665691,-0.0004387366479127186,-1.601963867089995e-05,-0.0008614536571545373,4.219870671799949e-09
525,8.175398167710341,-0.6331536311677608,0.016771612397112074,-0.0005197887862586348,-9.989846713856498e-05,-0.0009396791053786768,5.517016458724267e-09
526,8.19210632949386,-0.6347720814917733,0.01680111774657923,-0.0005447137329525065,-0.00012763008878485804,-0.0009617973771204047,5.9593448094057604e-09
527,8.20884396705804,-0.6363916665316098,0.016830508304286552,-0.0005149266994775303,-0.00010062894696591385,-0.0009292244519890358,5.425545183657002e-09
528,8.225610974277297,-0.638012286552561,0.01685978354264528,-0.000444097828960488,-3.256471663579119e-05,-0.0008556309412851848,4.276923279476157e-09
529,8.242407242547905,-0.6396338617246085,0.016888942937170054,-0.0003382915976685996,7.049657746246996e-05,-0.0007470797727997802,2.8735488577417003e-09
530,8.259232662153241,-0.6412563180803916,0.016917985966545975,-0.00019735780568058692,0.00020870464035069314,-0.000603420251712089,1.5888076528350949e-09
531,8.276087122883961,-0.6428795811340678,0.016946912112604507,-2.1079049917938075e-05,0.0003822765913138737,-0.00042443469114930577,9.265936166698826e-10
532,8.292970514044697,-0.6445035758364795,0.016975720860390266,0.00019074318967909898,0.0005914109350044494,-0.0002099245556462237,1.5260241390336178e-09
533,8.309882724458134,-0.6461282265572132,0.01700441169806934,0.00043834735691525295,0.0008363462189719395,4.034849485867742e-05,4.165221067096645e-09
534,8.326823642457569,-0.6477534571870607,0.017032984117139226,0.0007218345615571942,0.0011171831380428765,0.00032648598507151183,9.762374790036132e-09
535,8.343793154880045,-0.6493792016790245,0.017061437612030113,0.0010310584073085494,0.001423787940065424,0.0006383288745515636,1.9014863046699862e-08
536,8.360791138394903,-0.6510054948166409,0.017089771680758512,0.0012767293861634665,0.0016668670764872773,0.0008865916958396836,2.872403931488411e-08
537,8.377817456179923,-0.6526325074764172,0.01711798582427205,0.0014140578406120485,0.001801617728995647,0.0010264979522284778,3.508548819560209e-08
538,8.39487196647184,-0.6542604577147376,0.017146079546861943,0.0014414574708773165,0.0018264524082576838,0.001056462533496949,3.647325484989255e-08
539,8.411954526814922,-0.6558895663970918,0.017174052356075383,0.001357892062505639,0.0017403364306878832,0.000975447694323367,3.250404802490529e-08
540,8.429064994103985,-0.6575200566874226,0.017201903762678227,0.0011622636909879025,0.001542173323664714,0.000782354058310758,2.4064901384477078e-08
541,8.446203224568972,-0.6591521541458518,0.017229633280731214,0.0008534207799510418,0.0012308138790549095,0.00047602768084692437,1.336678760084487e-08
542,8.463369073788567,-0.6607860865191071,0.01725724042752429,0.0004304489032205816,0.0008053485807542615,5.554922568712373e-05,4.006029887826634e-09
543,8.480562398212719,-0.662422067668323,0.017284724723697763,-9.195272480616579e-05,0.000280473374308865,-0.0004643788239214186,9.452849447638082e-10
544,8.497783069946491,-0.6640601420604977,0.017312085693084626,-0.0005610782825058724,-0.00019110414037676327,-0.0009310524246350926,6.239895359182462e-09
545,8.515030983351158,-0.6657001151530269,0.017339322862891356,-0.0008935252891689727,-0.0005259829364381297,-0.0012610676418998434,1.4624272204764807e-08
546,8.53230604055538,-0.6673417054647832,0.01736643576361461,-0.0010869873396104068,-0.0007218587737100324,-0.0014521159055107813,2.129092201509322e-08
547,8.549608143517315,-0.6689846278882966,0.017393423929031072,-0.001140446779286458,-0.0007777186332102171,-0.001503174925362255,2.3385042637031547e-08
548,8.566937193901467,-0.6706285948784874,0.017420286896289272,-0.0010527465734360697,-0.0006924077171995002,-0.0014130854296730555,2.0060448294345636e-08
549,8.58429309308275,-0.6722733163009715,0.017447024205783233,-0.0008226959469873341,-0.000464735718894993,-0.0011806561750798972,1.2553839871888389e-08
550,8.601675742114292,-0.6739184996600105,0.017473635401443043,-0.0004493465436331556,-9.375479288420419e-05,-0.0008049382943820793,4.264629679765955e-09
551,8.61908504041697,-0.6755638638588646,0.017500120030129806,5.484866250513032e-05,0.0004081002044054316,-0.0002984028793949489,7.805740657608454e-10
552,8.636520871608324,-0.6772092894407458,0.01752647764260664,0.0005417958531486466,0.00089275015693982,0.00019084154935747333,5.864342843939955e-09
553,8.653983096358562,-0.6788548951882002,0.0175527077925837,0.0009230833650771264,0.0012717596287017685,0.0005744071014524565,1.5667686422922056e-08
554,8.671471566309965,-0.6805008915606451,0.01757881003725365,0.0011961340445525437,0.0015425439217240933,0.0008497241673809108,2.585379907545359e-08
555,8.688986132408754,-0.6821474925645707,0.017604783937229793,0.0013600618995331382,0.0017042169630265558,0.0010159068360394707,3.325982525715288e-08
556,8.706526645046612,-0.6837949142021065,0.017630629056447612,0.0014138258276357174,0.00175573787327854,0.001071913781992867,3.5928955068552414e-08
557,8.72409295404226,-0.6854433746116403,0.01765634496225651,0.0013563871560051677,0.0016960679431165804,0.001016706368893644,3.316297924022799e-08
558,8.741684908650324,-0.6870930939162229,0.01768193122536931,0.001186840307742132,0.0015243039914112633,0.0008493766240729728,2.5577806372742288e-08
559,8.759302358191377,-0.6887442874401514,0.017707387419949684,0.0009108881663059676,0.001246143346703421,0.0005756329859082643,1.535553820615164e-08
560,8.77694515990976,-0.6903970817468112,0.01773271312348932,0.0006112555563752564,0.0009443178779519334,0.0002781932347985794,7.281232738265305e-09
561,8.794613183481504,-0.6920514663361699,0.017757907916946425,0.000341752267987383,0.0006726428178085164,1.086171816649939e-05,2.722123875308466e-09
562,8.812306303351832,-0.6937073752881671,0.017782971384675998,0.00010371586101864949,0.0004324545606433916,-0.00022502283860620365,8.318878288273179e-10
563,8.830024393687285,-0.6953647411391897,0.017807903114449755,-0.000102760401126889,0.00022384445976580958,-0.00042936526201961533,8.212401541771042e-10
564,8.847767328271033,-0.6970234960299615,0.01783270269746478,-0.0002774749692252554,4.7013142641244565e-05,-0.000601963081091561,1.998865329378951e-09
565,8.865534980512102,-0.6986835716379369,0.017857369728360547,-0.0004202592045481901,-9.787166756008991e-05,-0.0007426467415362625,3.772590316421267e-09
566,8.883327223447942,-0.7003448991804361,0.01788190380519553,-0.0005309086586617051,-0.00021060550910081965,-0.0008512118082221465,5.651790990649686e-09
567,8.901143929846647,-0.7020074083493829,0.017906304529480638,-0.0006081833518006841,-0.00028994977988264226,-0.0009264169237186981,7.2277817834318074e-09
568,8.918984973607094,-0.7036710123189913,0.01793057150616667,-0.0006368611757958109,-0.0003206844964886435,-0.0009530378551030061,7.869991797445887e-09
569,8.936850230658212,-0.7053355980822003,0.01795470434365064,-0.0006060123050287136,-0.0002918790405472549,-0.0009201455695099225,7.184469904451912e-09
570,8.95473957760117,-0.7070010409811937,0.01797870265379731,-0.000514956945423195,-0.0002028539972572796,-0.0008270598935890966,5.3513621463965935e-09
571,8.97265289072827,-0.7086672152305604,0.018002566051915685,-0.00036330185788432945,-5.321617798757783e-05,-0.0006733875377806231,2.953128025534172e-09
572,8.990590045997536,-0.7103339942023628,0.01802629415679233,-0.0001506461694168182,0.00015743523936190273,-0.00045872757819544197,9.794103796260567e-10
573,9.00855091903809,-0.7120012503805699,0.0180498865906399,0.00012345536441792093,0.00042954579340213905,-0.0001826350645662972,8.388085038974943e-10
574,9.026535385137835,-0.7136688555060968,0.018073342979250395,0.0004592639019557754,0.0007633764721767106,0.00015515133173461815,4.3692574757433e-09
575,9.044543318670978,-0.715336686773163,0.018096662951685383,0.0008509863318399979,0.0011531462176014445,0.0005488264460786763,1.3655945797647496e-08
576,9.062574583831076,-0.7170047271025226,0.018119846140718363,0.0011979269887611999,0.001498162308883333,0.0008976916686391639,2.654695447472136e-08
577,9.080629028018727,-0.7186731371473841,0.018142892182475365,0.0014217410667737435,0.0017200623052343461,0.0011234198283133628,3.72113049671661e-08
578,9.09870649082884,-0.7203421586820632,0.018165800716549576,0.0015189852622611855,0.0018153991547191078,0.0012225713698030272,4.2446269759382194e-08
579,9.116806811166398,-0.7220120377528233,0.018188571386092197,0.001488726012705957,0.0017832404825200432,0.001194211542891871,4.083730905654931e-08
580,9.134929827458514,-0.7236830223069094,0.018211203837692175,0.0013298949593978787,0.0016225186498275146,0.0010372712689682428,3.272851042324217e-08
581,9.153075377633346,-0.72535536233841,0.01823369772146428,0.0010413909857410752,0.001332134719032596,0.0007506472524495544,2.0288133869939893e-08
582,9.171243299133739,-0.727029309655708,0.01825605269099483,0.0006223557051457107,0.0009112346156546769,0.0003334767946367584,7.578884020847814e-09
583,9.189433429594834,-0.728705110438638,0.018278268403384937,7.919339361828204e-05,0.0003662215370667382,-0.00020783474983029904,6.165865303216457e-10
584,9.207645619666284,-0.7303828659735256,0.018300344519223608,-0.00044795055233753933,-0.00016275411811181306,-0.0007331469865633766,4.168306670337861e-09
585,9.225879743223924,-0.7320624217448523,0.01832228070261264,-0.0008402297134366826,-0.0005568491726135882,-0.001123610254259777,1.342572719141821e-08
586,9.244135685084576,-0.7337435007237292,0.01834407662115069,-0.001092367178245457,-0.000810788336038204,-0.001373946020452585,2.237417731578943e-08
587,9.262413330262845,-0.7354258198959533,0.01836573194593903,-0.0012035410021810355,-0.0009237545898658078,-0.001483327414496055,2.708218955487902e-08
588,9.280712563575094,-0.7371090944667696,0.01838724635161508,-0.0011727086009616083,-0.0008947075944738259,-0.0014507096074496129,2.5760660530116585e-08
589,9.299033269648305,-0.7387930376677381,0.018408619516261906,-0.0009988269454204446,-0.0007226048951614883,-0.0012750489956794009,1.8833640311555926e-08
590,9.317375332891118,-0.7404773609731338,0.018429851121604876,-0.0006810544775186778,-0.00040660542274248423,-0.0009555035322950933,9.011139863854886e-09
591,9.335738636994154,-0.7421617794490212,0.0184509408526664,-0.00022378893127664168,4.890358314604826e-05,-0.0004964814456991234,1.3813952782324599e-09
592,9.354123054224786,-0.7438461285959849,0.018471888398193755,0.0002547033025470796,0.0005256734131025148,-1.6266808008688627e-05,1.6504393245200439e-09
593,9.372528436059513,-0.7455304671871795,0.01849269345039095,0.0006450372799970544,0.0009143042971779952,0.00037577026281589154,8.141248048025644e-09
594,9.390954623411952,-0.7472149663714216,0.018513355704880212,0.0009418655812780674,0.0012094386363254023,0.0006742925262305244,1.6865220624575685e-08
595,9.409401456426046,-0.7488998029735933,0.01853387486091354,0.001144605377508462,0.0014104934220393606,0.0008787173329776882,2.471838711455947e-08
596,9.427868774884018,-0.7505851550211973,0.018554250621216586,0.0012524729170309279,0.0015166847092124708,0.00098826112484951,2.9537582112114424e-08
597,9.446356418189932,-0.7522712018993903,0.018574482692026918,0.0012647164401197314,0.0015272603244774752,0.0010021725557619876,3.013680291366319e-08
598,9.464864225377987,-0.7539581242342828,0.018594570783112965,0.0011806598434764143,0.0014415453211273077,0.0009197743658252988,2.6341900957174054e-08
599,9.483392035282687,-0.7556461019978831,0.018614514607769368,0.001001483880357562,0.0012607173412398365,0.0007422504194750518,1.908677647798907e-08
600,9.501939690982365,-0.7573352656798507,0.018634313882790115,0.0007766137209906793,0.0010342040671250524,0.0005190233748566392,1.1651038922141928e-08
601,9.520507044104153,-0.7590256489310433,0.018653968328485905,0.0005558950275124375,0.0008118568560321199,0.000299933198992991,6.171816534159498e-09
602,9.539093950640712,-0.7607172344258162,0.018673477668718085,0.0003417465651952001,0.000596093923347113,8.739920704307902e-05,2.58356727908715e-09
603,9.557700266521042,-0.762410002506529,0.018692841630828648,0.00013408256407274055,0.0003868288884884413,-0.00011866376034275206,7.340997089916266e-10
604,9.576325847400444,-0.7641039335279303,0.01871205994569819,-6.708371466715435e-05,0.00018407450512369916,-0.0003182419344577858,4.776635382008053e-10
605,9.594970548668961,-0.765799007803454,0.01873113234772782,-0.0002617801683284793,-1.2197526073787213e-05,-0.0005113628105832962,1.6725531622643225e-09
606,9.613634225457307,-0.767495205578651,0.01875005857481218,-0.0004499645952232567,-0.00020194451229495203,-0.0006979846781516724,4.18075288808452e-09
607,9.632316732742211,-0.7691925059101068,0.01876883836839289,-0.0006305058005826453,-0.0003840363597599622,-0.0008769752414054394,7.841369661906085e-09
608,9.65101792847263,-0.7708908522728208,0.018787471473406255,-0.0007677985663541997,-0.0005228710003332554,-0.001012726132374811,1.1451173206091714e-08
609,9.669737676898318,-0.7725901158769501,0.01880595763829569,-0.000822705593348183,-0.0005793124688026202,-0.001066098717893732,1.3100065181740105e-08
610,9.68847584566493,-0.7742901275879193,0.018824296615049012,-0.0007925408039713422,-0.0005506728584619702,-0.0010344087494805893,1.2191009051081287e-08
611,9.707232302414784,-0.7759907153280869,0.018842488159131046,-0.0006768264341829866,-0.00043647540195858314,-0.0009171774664073901,8.994466023357551e-09
612,9.726006914596681,-0.7776917061636095,0.018860532029542063,-0.00047502669886423377,-0.00023618406257806812,-0.0007138693351501912,4.6145240065259926e-09
613,9.74479954947177,-0.7793929262321957,0.01887842798876506,-0.0001865790671502915,5.076384529420497e-05,-0.00042392197959501,1.0116754669856828e-09
614,9.763610074099628,-0.7810942008887547,0.018896175802842866,0.0001889094191572377,0.00042476170701116756,-4.6942868696692175e-05,1.024718246149458e-09
615,9.782438355105757,-0.7827953572713087,0.018913775241229083,0.0006493284635101793,0.0008837097640179425,0.0004149471630024021,8.320907079629912e-09
616,9.801284250055497,-0.7844963199289551,0.018931226076958702,0.0010954072179725771,0.0013283478754112649,0.0008624665605337783,2.3058310786960017e-08
617,9.820147597393397,-0.7861972227843403,0.01894852808660221,0.0014081417290116305,0.0016396521194465968,0.0011766313385766641,3.791086616258259e-08
618,9.839028224381236,-0.7878983217795894,0.018965681050092244,0.001579060849269176,0.0018091441047638074,0.0013489775937743226,4.7624328472848396e-08
619,9.85792595734678,-0.7895998814428237,0.018982684750993923,0.0016073531228464055,0.0018360128018612282,0.0013786934438317078,4.9374199899352495e-08
620,9.876840622322721,-0.7913021677167564,0.018999538976284598,0.00149201569350918,0.0017192549357688824,0.0012647764512494636,4.262211013567012e-08
621,9.89577204502314,-0.7930054481217776,0.019016243516478765,0.0012320466222797422,0.0014578713025363982,0.001006221942023322,2.9188751143550016e-08
622,9.91472005085231,-0.7947099915580735,0.01903279816556038,0.00082662446234337,0.0010510433705936406,0.0006022055540929883,1.3324784923112023e-08
623,9.933684465116013,-0.7964160658548904,0.019049202721001413,0.0002772924170798552,0.0005003146655413737,5.427016861844769e-05,1.7805428018232246e-09
624,9.952665123166453,-0.7981238249300948,0.019065456983754583,-0.00029824708431216984,-7.66060668502544e-05,-0.0005198881017738771,2.0080928377557077e-09
625,9.971661883436907,-0.7998331639484224,0.019081560758276772,-0.0007459882596487499,-0.000525714267050989,-0.0009662622522462749,1.0927476086770547e-08
626,9.990674618350333,-0.80154382043918,0.01909751385246956,-0.0010540916261531086,-0.0008351731321790679,-0.0012730101201273852,2.1524507242678672e-08
627,10.009703201176535,-0.8032555203397249,0.01911331607772377,-0.0012219116500414157,-0.0010043419833686423,-0.001439481316714078,2.8839068358473875e-08
628,10.02874750508612,-0.804967988429405,0.01912896724892168,-0.0012485502991301384,-0.001032324782517094,-0.001464775815743627,3.0117838551888876e-08
629,10.04780740315992,-0.8066809481418726,0.01914446718436817,-0.001133139100902042,-0.0009182541269948247,-0.0013480240748092454,2.4876245472602095e-08
630,10.066882768366757,-0.808394121727748,0.019159815705892886,-0.0008749316961217252,-0.0006613841970751488,-0.0010884791951685235,1.4958189166823766e-08
631,10.085973473429489,-0.8101072316620623,0.01917501263872107,-0.00047453796275623294,-0.0002623188201601456,-0.0006867571053525423,4.605811182973882e-09
632,10.105079383457271,-0.811820082788193,0.01919005781155225,-1.8277001567215678e-05,0.00019263912167638564,-0.00022919312481070597,2.9097089809345644e-10
633,10.12420034562327,-0.8135326778241541,0.019204951056633387,0.0003705522079313073,0.0005801844518003307,0.0001609199640622977,2.9183363122769916e-09
634,10.143336195658934,-0.8152451454794953,0.019219692209501194,0.0006814967592824461,0.0008898527734436529,0.0004731407451213643,9.204475423205148e-09
635,10.162486768274249,-0.8169576244228041,0.019234281109256644,0.0009141909525654107,0.0011212780115322507,0.0007071038935987928,1.634991051483137e-08
636,10.181651897994296,-0.8186702539540616,0.019248717598390815,0.001068077830296471,0.00127390278957068,0.0008622528710220262,2.2230566396232043e-08
637,10.200831419147402,-0.8203831741353272,0.019263001522851333,0.0011426452324895808,0.0013472143393549046,0.0009380761256241599,2.5419218599918755e-08
638,10.220025165871357,-0.8220965257188846,0.01927713273200914,0.0011374042976197152,0.0013407242950363163,0.0009340843002029059,2.5204238227567814e-08
639,10.239232972138945,-0.8238104498585073,0.019291111078671687,0.0010521428536036381,0.001254218979993435,0.0008500667272139384,2.1617931037905386e-08
640,10.258454673719726,-0.825525066110453,0.019304936419062637,0.0009098912904101086,0.0011107288270031934,0.000709053753817232,1.624215804531171e-08
641,10.277690111197956,-0.8272404385711947,0.019318608612819674,0.0007467191802111306,0.0009463275470451421,0.0005471108133771191,1.102842763725353e-08
642,10.296939128303475,-0.8289565945637472,0.01933212752302132,0.0005657632288283837,0.0007641521143241375,0.0003673743433329629,6.4416082266146494e-09
643,10.316201568887855,-0.8306735585533929,0.019345493016117106,0.0003668376187836164,0.0005640164005149134,0.00016965883705231943,2.854034056399203e-09
644,10.335477276655737,-0.8323913551951259,0.019358704961993975,0.00014981556979187793,0.0003457940831743528,-4.6162943590360994e-05,6.823407428418782e-10
645,10.354766095170518,-0.8341100093056129,0.019371763233918933,-8.546066802456176e-05,0.00010932665570353994,-0.0002802479917524553,3.864839743562207e-10
646,10.374067867860717,-0.8358295458274427,0.01938466770855934,-0.0003390823887581551,-0.00014547517339684457,-0.0005326896041193685,2.470991719560047e-09
647,10.393382438058358,-0.8375499894339407,0.019397418265979214,-0.000610784994106689,-0.000418348357954873,-0.000803221630258491,7.475808876740423e-09
648,10.412709652621974,-0.8392713238833365,0.019410014789616188,-0.0008567758828156302,-0.0006655022607390398,-0.0010480495048923455,1.448491982781184e-08
649,10.432049368038182,-0.8409934235098515,0.019422457166281396,-0.0010026489220680418,-0.0008125350075944837,-0.0011927628365415999,1.9759487835472226e-08
650,10.451401447448948,-0.8427160865608171,0.019434745286181207,-0.0010403626660388798,-0.0008514022449183367,-0.0012293230871594368,2.126659617005236e-08
651,10.470765754545555,-0.8444391037147078,0.019446879042865343,-0.0009694184994375049,-0.00078160748963578,-0.0011572295092393409,1.850428658936649e-08
652,10.490142152950863,-0.8461622649870498,0.019458858333258645,-0.0007892239405601353,-0.0006025568559040323,-0.0009758910252160025,1.2346437308962433e-08
653,10.509530506223424,-0.8478853596536888,0.019470683057629886,-0.000499185077078329,-0.0003136575234432559,-0.0006847126307133883,5.07521329680121e-09
654,10.528930677844855,-0.8496081763619954,0.019482353119627663,-9.881933694198819e-05,8.557478281574771e-05,-0.0002832134566997241,4.11058009119616e-10
655,10.548342531169517,-0.8513305036665925,0.019493868426214984,0.0004118852955361241,0.000595160062661873,0.00022861052841059715,3.5253889761031244e-09
656,10.567765922398161,-0.8530522093080046,0.019505228887633837,0.0009469469421626298,0.0011291339081282853,0.0007647599761969603,1.770631119909417e-08
657,10.58720068765091,-0.8547733864798384,0.019516434417668847,0.0013465148717232978,0.001527627321824987,0.0011654024216215114,3.55986829956911e-08
658,10.606646648528745,-0.8564942917055697,0.01952748493315096,0.0015918520758376464,0.0017718915718269584,0.0014118125798485426,4.969350013868824e-08
659,10.626103625076823,-0.8582151987642278,0.01953838035443027,0.0016822644472808679,0.0018612309271623662,0.0015032979673994945,5.5502481771591767e-08
660,10.645571437226465,-0.8599363823250786,0.01954912060509145,0.0016168649704371013,0.0017947590579860256,0.001438970882888177,5.1312553296066236e-08
661,10.665049904773685,-0.8616581180822495,0.01955970561203452,0.0013947934737624373,0.0015716163514988696,0.001217970596026005,3.8256259889172805e-08
662,10.684538847381345,-0.8633806826215362,0.019570135305469406,0.001015285115520237,0.0011910414136518804,0.0008395288173884963,2.037448008953156e-08
663,10.704038084600864,-0.8651043530647116,0.019580409618901347,0.00047784463036887326,0.0006525392935146368,0.00030314996722333176,4.6700888908025655e-09
664,10.72354744308716,-0.8668293253725334,0.019590528489077438,-0.00012832404832503752,4.532006171573122e-05,-0.0003019681583660283,5.194981152801488e-10
665,10.74306677119537,-0.8685555493181745,0.019600491856115478,-0.0006215259001796369,-0.00044891895833865103,-0.0007941328420204147,7.766214621603839e-09
666,10.762595933650275,-0.8702827889381454,0.019610299663310328,-0.0009785260513150984,-0.0008069469474343977,-0.001150105155195702,1.896955984538904e-08
667,10.78213479698928,-0.8720107872019374,0.0196199518572816,-0.001198815802963854,-0.0010282585164015923,-0.0013693730895263378,2.8387243601476467e-08
668,10.801683227748349,-0.8737392864656661,0.01962944838787894,-0.0012816750938869914,-0.0011121370225546379,-0.0014512131652195809,3.243318988679917e-08
669,10.821241092467867,-0.8754680283383405,0.01963878920822562,-0.0012264225532875594,-0.0010579015561893584,-0.0013949435503859686,2.9724853458981537e-08
670,10.840808257678024,-0.8771967537789802,0.019647974274668176,-0.0010324262184967237,-0.0008649208679878673,-0.001199931569005372,2.112661357251504e-08
671,10.860384589881875,-0.8789252032194903,0.01965700354681334,-0.0006991278811171037,-0.0005326339298650645,-0.0008656218323692538,9.789578405158972e-09
672,10.87996995105063,-0.88065316757448,0.01966587698744177,-0.0002826925026130356,-0.00011719284685161868,-0.0004481921583746745,1.7511499118635187e-09
673,10.899564188684,-0.8823806011076578,0.019674594562673627,9.146136719206943e-05,0.00025598488547305676,-7.306215108857095e-05,3.4209878845286695e-10
674,10.919167138938091,-0.884107586370154,0.019683156241699834,0.00040575111328282343,0.0005693051970635798,0.00024219702950184496,3.4160238125726804e-09
675,10.93877863657298,-0.885834221635617,0.01969156199702118,0.0006599530754081429,0.0008225436269467257,0.00049736252386956,8.749944737611454e-09
676,10.958398516318892,-0.8875606054368096,0.019699811804294354,0.0008537156096115606,0.0010153484073782693,0.0006920828118448658,1.452937416360031e-08
677,10.978026612870611,-0.8892868366436408,0.019707905642380636,0.0009867228860424015,0.0011474030801765928,0.0008260426919080993,1.9357658624136297e-08
678,10.997662760891815,-0.8910130144285253,0.01971584349332158,0.0010586566709188672,0.0012183893133960039,0.0008989240284416194,2.226428948636428e-08
679,11.017306795016852,-0.8927392382604422,0.019723625342341,0.0010692024052327276,0.0012279919816873403,0.0009104128287781288,2.2713697225056155e-08
680,11.036958550240348,-0.8944656034833488,0.019731251177815646,0.001023013387714461,0.0011808645900139858,0.0008651621854149499,2.0813748240107516e-08
681,11.056617862858594,-0.8961921906071552,0.01973872099129791,0.0009318518734845183,0.0010887698993730793,0.0007749338475961931,1.7302087798201315e-08
682,11.076284570228664,-0.8979190680564941,0.019746034777487265,0.0007973148236814359,0.0009533059591734228,0.0006413236881896711,1.2712931724535673e-08
683,11.09595850983295,-0.899646302837466,0.019753192534230454,0.000619165895861612,0.0007742365064005996,0.00046409528532249944,7.731044751363358e-09
684,11.115639519139878,-0.9013739621475252,0.019760194262496138,0.00039718363402788115,0.0005513396383243913,0.00024302762973135716,3.273793837914782e-09
685,11.135327435606657,-0.9031021133684518,0.01976703996640504,0.00013113389136965026,0.00028438304036990103,-2.2115257630489493e-05,4.94660911445182e-10
686,11.15502209668379,-0.9048308240394126,0.019773729653171923,-0.0001791821402731958,-2.6832090201239778e-05,-0.00033153219034537385,7.878463975059756e-10
687,11.174723339817088,-0.9065601618580699,0.01978026333314412,-0.0005340073810725099,-0.00038254769238715847,-0.0006854670697578613,5.791870025831595e-09
688,11.194431005739816,-0.908290157203037,0.019786641019749755,-0.0008908749242482472,-0.0007402983429998788,-0.0010414515054968515,1.5853371384596013e-08
689,11.214144947228075,-0.9100207034333014,0.0197928627295358,-0.0011362339112524905,-0.0009865389783575568,-0.0012859288441476463,2.570097337829182e-08
690,11.233865027295606,-0.9117515774727831,0.01979892848210528,-0.0012505839994560591,-0.0011017676051617437,-0.0013994003937505967,3.1110896711218156e-08
691,11.253591110460135,-0.9134825392708392,0.01980483830017066,-0.0012334264602054806,-0.0010854868059697181,-0.0013813661144416872,3.027439302156538e-08
692,11.273323061279347,-0.915213348426402,0.019810592209485067,-0.0010841804747695472,-0.0009371160872867074,-0.001231244862252373,2.3429127888485633e-08
693,11.2930607443501,-0.9169437641416514,0.019816190238873783,-0.0008022798485292082,-0.0006560887749766098,-0.0009484709220818066,1.2895918827403666e-08
694,11.312804024298256,-0.9186735452826462,0.019821632420209373,-0.0003872021037809592,-0.00024188105657804715,-0.0005325231509835521,3.1112999842845674e-09
695,11.332552765776533,-0.9204024503479407,0.019826918788437606,0.00016165937332326963,0.00030611929550457273,1.7199451141869382e-05,6.560722673022635e-10
696,11.35230682836493,-0.9221302957424368,0.01983204938140519,0.0007776759435978164,0.000921305511570214,0.0006340463756251968,1.2130399086705848e-08
697,11.372066051720864,-0.9238571259069723,0.019837024240241197,0.001264972598671893,0.001407790911764295,0.0011221542855791578,3.187719931521747e-08
698,11.391830257968028,-0.9255831866299384,0.019841843408802035,0.0015868690763598814,0.0017288763378818794,0.0014448618148378972,5.009818402553583e-08
699,11.41159926656465,-0.9273087552891637,0.019846506934140536,0.0017427485859717734,0.0018839436872015308,0.001601553484742127,6.0409154767605e-08
700,11.431372897023659,-0.9290341096551735,0.01985101486623074,0.0017318825319912468,0.001872263408736044,0.0015915016552463523,5.96718734645258e-08
701,11.451150968897627,-0.9307595279494689,0.019855367258051662,0.0015535717167702856,0.0016931364279973993,0.001414007005543269,4.8051534478789486e-08
702,11.47093330177431,-0.9324852887811268,0.019859564165552523,0.0012071400799077842,0.0013458900913035782,0.0010683900685119901,2.9066544721729274e-08
703,11.49071971526388,-0.9342116711779297,0.01986360564767401,0.0006918265934506285,0.0008297637876310965,0.0005538893992703686,9.633178512962241e-09
704,11.510510033624374,-0.9359389014837831,0.019867491766261035,6.88433778345543e-05,0.00020597379128606264,-6.828703561738425e-05,2.1869460970294422e-10
705,11.530304100624836,-0.9376669831162051,0.019871222586198303,-0.00046362725378704117,-0.0003272903400275834,-0.00059996416754661,4.39444434036733e-09
706,11.550101777948335,-0.9393957150717216,0.0198747981752187,-0.000865097479110899,-0.000729546055606059,-0.0010006489026155307,1.499590047896878e-08
707,11.569902930367203,-0.9411248618693744,0.0198782186040451,-0.001135135424862252,-0.0010003641488331994,-0.0012699067008914156,2.5734080705551724e-08
708,11.58970742274622,-0.9428541878421193,0.0198814839463025,-0.0012732164379165162,-0.001139223439855258,-0.0014072094359775522,3.234846281260094e-08
709,11.609515120041642,-0.9445834570949518,0.01988459427852863,-0.0012788371094415718,-0.0011456209580362198,-0.001412053260846799,3.2637377324819534e-08
710,11.629325887293211,-0.94631243354344,0.019887549680156998,-0.0011514994548209312,-0.0010190603170316809,-0.0012839385926102787,2.6486192979530074e-08
711,11.649139589620203,-0.9480408809055603,0.019890350233544154,-0.0008906764883415269,-0.0007590122979018177,-0.0010223406787811251,1.5894042590095025e-08
712,11.668956089787443,-0.9497685905742075,0.019892996023865163,-0.0005287718296484445,-0.00039787243924135907,-0.0006596712200556548,5.675694526704841e-09
713,11.688775239654763,-0.9514954797934491,0.01989548713926,-0.00018144640970804704,-5.129666079843609e-05,-0.00031159615861742207,7.673514039337168e-10
714,11.708596880725548,-0.953221585622789,0.019897823670655467,0.00012549077970144817,0.00025489808180267914,-3.916522399907696e-06,4.2442095832880715e-10
715,11.728420852708187,-0.954946966892086,0.019900005711858508,0.0003918899386035901,0.0005205590777483254,0.00026322079945875765,3.166017406787597e-09
716,11.748246995410671,-0.9566716825018939,0.019902033359529822,0.0006175707677699566,0.0007455069052868801,0.0004896346302526999,7.69909241632614e-09
717,11.768075148741318,-0.958395791438767,0.01990390671315378,0.0008023638605507699,0.0009295707929201646,0.0006751569281813613,1.2921250655140755e-08
718,11.787905152711728,-0.9601193527645802,0.019905625875027696,0.0009460984396078703,0.0010725809336299824,0.0008196159455858693,1.7923719538097054e-08
719,11.807736847439301,-0.9618424256112563,0.019907190950292603,0.0010486076358256768,0.0011743696111191498,0.0009228456605326341,2.1994459895994445e-08
720,11.827570072804022,-0.9635650731561016,0.019908602046860267,0.0011049631271263793,0.0012300098750783195,0.0009799163791743282,2.4411046715612454e-08
721,11.847404667112391,-0.9652873780364933,0.019909859275465666,0.0010965192324915163,0.0012208545125372283,0.0009721839524460124,2.404130468800161e-08
722,11.867240467121409,-0.9670094421090549,0.019910962749601878,0.0010185458436115513,0.00114217230031409,0.0008949193869090127,2.075777869933033e-08
723,11.887077309379505,-0.9687313710304767,0.019911912585551136,0.0008707862139718248,0.00099370760351504,0.0007478648244284986,1.5198866148604674e-08
724,11.906915030552637,-0.970453270510793,0.019912708902357017,0.0006529824873589551,0.0007752024011817155,0.0005307625735363058,8.58965293535775e-09
725,11.926753467425634,-0.9721752463050803,0.019913351821812364,0.00036487906036553053,0.0004864024572256015,0.00024335566350577875,2.74922488718877e-09
726,11.946592456903455,-0.9738974042056789,0.019913841468453784,6.217419925569345e-06,0.00012705003543048154,-0.00011461519557946775,9.768728228928333e-11
727,11.966431836013125,-0.9756198500268936,0.019914177969560357,-0.0004232506531421376,-0.00030310156454242676,-0.0005433997417417236,3.663273773399575e-09
728,11.986271444417739,-0.9773426606641717,0.01991436145509916,-0.0008887395259252195,-0.000769265221522597,-0.001008213830327842,1.5824269871849156e-08
729,12.006111135116253,-0.9790657609445941,0.019914392057805694,-0.001240965193128836,-0.0011221655457610002,-0.0013597648404964496,3.076174274451047e-08
730,12.025950774780922,-0.980788919838192,0.019914269913067315,-0.0014397979444646242,-0.0013216713866177204,-0.0015579245023115348,4.1375269529213276e-08
731,12.045790233063524,-0.9825118736073672,0.019913995158989544,-0.0014847303776591367,-0.0013672773487306764,-0.001602183406587486,4.39904673342196e-08
732,12.065629379746328,-0.9842343585408655,0.019913567936335107,-0.0013752668736251583,-0.0012584889371628702,-0.0014920448100874534,3.775422643037535e-08
733,12.085468084732845,-0.9859561109813236,0.01991298838857266,-0.0011109173133477673,-0.0009948147693343706,-0.00122701985736106,2.4664835640492966e-08
734,12.105306218040186,-0.987676867333914,0.019912256661786025,-0.0006911854980587995,-0.0005757579722753745,-0.0008066130238425576,9.601263322446546e-09
735,12.125143649787923,-0.989396364115563,0.019911372904779054,-0.00011563520794137527,-8.781476503808006e-07,-0.00023039226823237668,3.536504527615557e-10
736,12.14498024687719,-0.9911143762365211,0.01991033726883864,0.0005692158583742168,0.0006833311522828345,0.00045510056446549513,6.537508673801061e-09
737,12.164815857519049,-0.9928308959116826,0.019909149908129815,0.001143608080378937,0.0012571061557923105,0.0010301100049656745,2.6123460146264987e-08
738,12.18465031009996,-0.9945461463689205,0.0199078109791909,0.0015430777532589174,0.0016559603243081547,0.001430195182209909,4.7486827053277136e-08
739,12.204483428707645,-0.9962604028647161,0.019906320641297184,0.0017670261655260977,0.0018792909337896069,0.0016547613972625955,6.223875566186763e-08
740,12.224315037633328,-0.9979739406088878,0.019904679056305562,0.0018149290799047493,0.0019265720903064235,0.0017032860695029642,6.564806558479425e-08
741,12.24414496136729,-0.9996870346992828,0.01990288638862626,0.0016862576603892884,0.0017972761116270344,0.0015752392091518755,5.66749271313489e-08
742,12.263973024588939,-1.0013999601202004,0.019900942805258566,0.0013804718773279406,0.0014908633904310922,0.001270080364224456,3.800611805587881e-08
743,12.283799052162669,-1.0031129916739923,0.019898848475793138,0.000897106466303893,0.0010068713468808985,0.0007873415857267696,1.6094509447572135e-08
744,12.303622871824178,-1.004826372790383,0.019896603572306347,0.0002744140430038719,0.0003835539717789993,0.00016527411422852245,1.5772748958400663e-09
745,12.323444328017498,-1.0065401554652431,0.019894208269504294,-0.0002884228851102594,-0.00017989641777270415,-0.00039694935244780766,1.73305925857616e-09
746,12.343263283608266,-1.0082541806535081,0.019891662744557656,-0.0007277030994357198,-0.0006197811069168294,-0.0008356250919548322,1.061089293264976e-08
747,12.363079606049126,-1.0099682384575976,0.01988896717717101,-0.0010429930263112092,-0.0009356723379845763,-0.001150313714637835,2.1712262314185508e-08
748,12.382893162973247,-1.0116821190826997,0.019886121749579287,-0.001233972721194826,-0.0011272501166319782,-0.0013406953257581247,3.035587149255581e-08
749,12.4027038221832,-1.0133956129259203,0.01988312664650914,-0.0013003009163697066,-0.0011941762655975144,-0.0014064255671418918,3.3692686228156174e-08
750,12.422511451648239,-1.0151085105685733,0.01987998205515167,-0.0012416311990353021,-0.0011361050124071431,-0.0013471573856636831,3.072172826903488e-08
751,12.442315919496991,-1.0168206028212725,0.019876688165215282,-0.001057665987588996,-0.0009527374100080921,-0.0011625945651694627,2.2308150624715778e-08
752,12.462117092865395,-1.0185316940198934,0.019873245168819897,-0.0007648344396751633,-0.0006604988716250385,-0.0008691700077255171,1.169739920178203e-08
753,12.481914831425923,-1.02024167694803,0.01986965326061042,-0.0004576285417494663,-0.0003538734097173202,-0.0005613836737816194,4.23247970734391e-09
754,12.5017089863079,-1.0219505454822115,0.019865912637615203,-0.0001689709091507452,-6.579058347550709e-05,-0.00027215123482599024,6.376937032845084e-10
755,12.521499406587672,-1.0236583195987992,0.0198620234993182,0.00010099194581385945,0.00020360115022072245,-1.6172585930035455e-06,2.7228694539253017e-10
756,12.541285941542128,-1.0253650193289898,0.019857986047633634,0.00035220906324916895,0.00045425182066542724,0.0002501663058326886,2.5323327249408216e-09
757,12.5610684406562,-1.0270706646978254,0.01985380048687883,0.0005846109441168118,0.0006860904792253542,0.0004831314090078184,6.85358463321716e-09
758,12.580846753624847,-1.028775275727532,0.01984946702376773,0.0007981422443477174,0.0008990623826911279,0.0006972221060045289,1.2712114774521896e-08
759,12.60062073035424,-1.0304788724495162,0.01984498586740612,0.0009927164755701781,0.001093081427372515,0.0008923515237673971,1.9623589424585044e-08
760,12.620390220415224,-1.0321814812774361,0.019840357229275414,0.0011601147914238816,0.0012599308783335025,0.0010602987045138165,2.676836024346535e-08
761,12.64015506964627,-1.0338831745014683,0.01983558132323757,0.0012495645693987173,0.0013488366150251271,0.0011502925237723075,3.103666651223188e-08
762,12.65991511942688,-1.0355840787923183,0.019830658365488363,0.0012416680459877566,0.001340395797890366,0.0011429402940851402,3.063814096157955e-08
763,12.679670210086723,-1.0372843356433212,0.019825588574586377,0.0011361195165033589,0.001234303857985522,0.0010379351750214177,2.5653933820767545e-08
764,12.699420182194924,-1.038984086387849,0.019820372171410337,0.0009326905781120026,0.0010303333369168638,0.0008350478193073704,1.7304963796228827e-08
765,12.71916487656459,-1.0406834721317406,0.019815009379171595,0.0006311519437071228,0.000728254428636492,0.0005340494587775246,7.955641858519255e-09
766,12.738904134250362,-1.0423826337668705,0.01980950042337946,0.0002312462996545972,0.0003278135152355588,0.0001346790840736356,1.1208861158110558e-09
767,12.75863779655397,-1.044081711891561,0.019803845531878236,-0.0002671676735695669,-0.00017113019714040667,-0.00036320514999894915,1.474455013502726e-09
768,12.778365706735602,-1.0457808269293327,0.019798044934728233,-0.0008385380707598075,-0.0007430211736039888,-0.0009340549679156263,1.3981127013309644e-08
769,12.798087721678161,-1.0474799437787266,0.019792098864371135,-0.0013067699506730257,-0.0012117716263098932,-0.0014017682750366092,3.3857471313098415e-08
770,12.817803714967202,-1.049178836230955,0.01978600755541107,-0.0015990067089133864,-0.0015045271656037099,-0.0016934862522230629,5.0648180916551074e-08
771,12.837513565223349,-1.0508772224925185,0.01977977124477857,-0.0017145029891212082,-0.0016205444694359014,-0.001808461508806522,5.820124966823961e-08
772,12.85721715128348,-1.0525748210441244,0.019773390171619616,-0.0016529190092120782,-0.0015594849666253768,-0.0017463530517987796,5.408123500046861e-08
773,12.876914352166315,-1.0542713509371286,0.01976686457731628,-0.001413879339692975,-0.0013209727072787808,-0.0015067859721069402,3.9571918763203386e-08
774,12.896605047066767,-1.0559665317568792,0.019760194705468546,-0.0009969846840303734,-0.0009046078673784277,-0.001089361500681875,1.9697415623845894e-08
775,12.91628911533686,-1.057660083743004,0.019753380801928035,-0.00040201155654971676,-0.0003101628308649698,-0.0004938602822344568,3.2479566390110174e-09
776,12.935966434490977,-1.0593517509003525,0.019746423114622463,0.0003409499534668195,0.0004322943688958719,0.00024960553803754504,2.3503799790279377e-09
777,12.955636865343298,-1.0610414740702259,0.019739321893863137,0.0010033437331982281,0.001094215040391311,0.0009124724260047082,1.992588174732831e-08
778,12.975300247425583,-1.0627294448135456,0.01973207739196147,0.0014825895832122626,0.0015729916390620283,0.001392187527362726,4.342627797233737e-08
779,12.994956413907738,-1.0644159321863969,0.01972468986348103,0.0017776301883725004,0.001867560334005175,0.0016877000427396108,6.238258423499699e-08
780,13.014605198261735,-1.0661012051462404,0.019717159565117538,0.0018881771724970214,0.001977630979636276,0.0017987233653575518,7.034846641881139e-08
781,13.034246434297712,-1.0677855320147573,0.019709486755720883,0.0018138791307008018,0.0019028517021994762,0.0017249065592021343,6.48993232302006e-08
782,13.053879956149949,-1.0694691805248673,0.019701671696252337,0.0015543725811925785,0.0016428604364237334,0.0014658847259620897,4.765212115227728e-08
783,13.073505598276721,-1.0711524177067195,0.0196937146498285,0.0011094408591551322,0.0011974415195712337,0.0010214401987388086,2.4291023118418756e-08
784,13.09312319689716,-1.0728354930283666,0.019685615881621637,0.0005012698398070142,0.0005887818470583159,0.00041375783255594156,4.996686413402015e-09
785,13.11273260191672,-1.0745184993980916,0.019677375658966812,-8.387242441826315e-05,3.1610100678231e-06,-0.0001709058589043494,1.8810632815518008e-10
786,13.132333681246871,-1.0762013230136498,0.01966899425123054,-0.0005554636055437601,-0.0004689007685390184,-0.0006420264425485087,6.117795297707113e-09
787,13.151926308889074,-1.0778837823973801,0.0196604719298831,-0.0009125210348951973,-0.0008264246013246421,-0.0009986174684659677,1.6419747956408766e-08
788,13.17151035913616,-1.0795656959725486,0.01965180896845412,-0.0011549196091283492,-0.0010692866031407622,-0.0012405526151157142,2.6260390836417917e-08
789,13.191085706518765,-1.0812468826597064,0.01964300564252327,-0.0012824591449481088,-0.001197290271555268,-0.0013676280183411785,3.235437509439633e-08
790,13.210652225806367,-1.0829271618372016,0.019634062229712663,-0.0012949472146000993,-0.001210241611136538,-0.0013796528180634385,3.297108739975213e-08
791,13.230209792000368,-1.08460635339442,0.019624979009673586,-0.0011922459430300028,-0.0011080047907788063,-0.0012764870952816434,2.7942357398078897e-08
792,13.249758279867246,-1.0862842831445851,0.01961575626407957,-0.0009815154339019305,-0.0008977362094872224,-0.0010652946583166456,1.89431751325683e-08
793,13.269297559717485,-1.087960832009919,0.019606394276611795,-0.0007296479845051301,-0.000646323187188852,-0.0008129727818214014,1.048354925244475e-08
794,13.288827495674298,-1.0896359562664446,0.019596893332942077,-0.00047179260076082863,-0.00038891732375506,-0.0005546678777670483,4.40690420799664e-09
795,13.308347949897863,-1.0913096384010794,0.019587253720740494,-0.00020834978798483367,-0.00012592001756585314,-0.0002907795584038142,8.946384739131264e-10
796,13.327858784809166,-1.0929818612310818,0.019577475729628424,6.070323313189102e-05,0.00014268938741004988,-2.1282921146489886e-05,1.1600552996362729e-10
797,13.347359863116095,-1.094652607623029,0.019567559651216076,0.00033535203891221776,0.00041689851875344186,0.00025380555907098673,2.243960768106383e-09
798,13.366851047814745,-1.0963218605005625,0.019557505779043475,0.0006156078394271985,0.0006967180762339834,0.0005344976026201917,7.454655637627193e-09
799,13.386332202188532,-1.0979896028774447,0.019547314408615072,0.0009014105398707922,0.000982087401273972,0.0008207336784678276,1.592540320859995e-08
800,13.405803189322121,-1.0996558235614837,0.019536985837326302,0.0011848882480073736,0.0012651425979411102,0.001104633898073644,2.7471094117370697e-08
801,13.425263867204194,-1.1013205744428527,0.019526520364536386,0.0013866654683395915,0.0014665013658062345,0.0013068295708725045,3.7587882161945296e-08
802,13.444714086463506,-1.1029839970554611,0.01951591829147871,0.0014616269474596877,0.001541044647402269,0.0013822092475170994,4.173392717748052e-08
803,13.464153695266956,-1.1046462653838265,0.0195051799212841,0.0014089862898176986,0.001487983142240093,0.001329989437395089,3.876308355721839e-08
804,13.483582542106202,-1.1063075532662705,0.01949430555898763,0.0012286167560013883,0.001307192696836039,0.0011500408151667377,2.946675778282094e-08
805,13.503000475833876,-1.1079680339309723,0.01948329551147859,0.0009203649655949581,0.0009985187110490082,0.0008422112201409079,1.654341570511075e-08
806,13.522407345657172,-1.1096278800307138,0.019472150087500976,0.0004840444058321486,0.0005617782486755027,0.0004063105629883573,4.60152551892206e-09
807,13.541803001143833,-1.1112872635332818,0.019460869597695662,-8.036190484644185e-05,-3.0423154690900622e-06,-0.00015768149422423772,1.6446008645132836e-10
808,13.56118729327065,-1.1129463434344498,0.019449454354452247,-0.000755817534492241,-0.0006789046223339978,-0.0008327304466504842,1.1149049828529506e-08
809,13.580560086107553,-1.114605129320072,0.019437904672105488,-0.0013504199744295078,-0.0012739073637651338,-0.001426932585094326,3.5485556930190845e-08
810,13.599921262880978,-1.116263410777531,0.019426220866702724,-0.0017466253515076302,-0.0016705137321794405,-0.001822736970835813,5.930108619452218e-08
811,13.619270714348028,-1.1179208933526126,0.019414403256161714,-0.0019422359820053525,-0.0018665301097148465,-0.0020179418542958585,7.327366738900062e-08
812,13.63860833162016,-1.1195772822945838,0.019402452160155816,-0.0019371253517386638,-0.0018618296768227252,-0.0020124210266543735,7.284348841381305e-08
813,13.657934006031061,-1.1212322839738968,0.019390367900175835,-0.0017310740291134608,-0.001656194638513006,-0.0018059534197139224,5.8141751892749395e-08
814,13.677247629132106,-1.1228856058109182,0.01937815079944527,-0.0013238450498725962,-0.0012493856701101466,-0.0013983044296345948,3.399729484158278e-08
815,13.696549092669844,-1.1245369564160224,0.019365801183007084,-0.0007154133791186651,-0.0006413764056527327,-0.0007894503525848126,9.947117141491549e-09
816,13.715838287486106,-1.126186058338007,0.0193533193775599,7.625604029762312e-05,0.0001498898540789398,2.6222265158554192e-06,1.475167390551101e-10
817,13.735115090115976,-1.1278328049404616,0.019340705711647893,0.0008268265299546523,0.0009000933992852483,0.0007535596606240633,1.3256728063444272e-08
818,13.75437935515197,-1.1294773502645836,0.019327960515479928,0.0013883784270466437,0.0014612860027276506,0.0013154708513654079,3.729071943303545e-08
819,13.773630928609876,-1.131119953064706,0.01931508412097595,0.0017577589642409214,0.0018303045747007918,0.001685213353781058,5.971201981312185e-08
820,13.792869656791092,-1.1327608730844374,0.01930207686180011,0.001934927515008844,0.0020071076369004084,0.0018627473931168426,7.229942536064127e-08
821,13.812095386451269,-1.134400368967666,0.019288939073279446,0.0019197207684911177,0.00199152809601863,0.0018479134409640427,7.111921709411809e-08
822,13.83130796478381,-1.1360386983369568,0.019275671092430637,0.001711980812637709,0.0017834108530196055,0.0016405507722560345,5.652742927939469e-08
823,13.850507239420068,-1.1376761176778818,0.019262273257960146,0.0013116978837153306,0.0013827474283640076,0.0012406483390670978,3.3174142257482355e-08
824,13.869693059125714,-1.1393128740655212,0.01924874591019738,0.0007306992230900963,0.000801362889365588,0.0006600355568141605,1.0309355090261196e-08
825,13.88886528344198,-1.1409490921264436,0.019235089391163446,0.00013328552664155363,0.00020357178775277235,6.299926553033491e-05,3.7338676788694937e-10
826,13.908023788775777,-1.142584702817849,0.019221304044498854,-0.00036411196028206944,-0.00029419574564303747,-0.0004340281749206573,2.579632500688791e-09
827,13.927168458852003,-1.1442195554940895,0.019207390215460862,-0.0007586728617600541,-0.0006891214676696331,-0.0008282242558504682,1.1086447561595003e-08
828,13.946299177856055,-1.145853498292472,0.019193348250947102,-0.001050433491875627,-0.0009812448041369437,-0.0011196221796140812,2.120876905323643e-08
829,13.965415830270302,-1.147486380031594,0.019179178499443353,-0.0012393166837756375,-0.00117048972171057,-0.0013081436458411422,2.9487697201527444e-08
830,13.984518300877262,-1.1491180501564586,0.019164881311032472,-0.0013252673440347362,-0.0012568029509616996,-0.0013937317371077729,3.36898680221858e-08
831,14.003606474754552,-1.1507483587799843,0.01915045703739159,-0.001308261904878108,-0.0012401591826485259,-0.001376364627107246,3.2806556130947715e-08
832,14.022680237129716,-1.1523771583660531,0.019135906031753757,-0.0011907229331265673,-0.0011229832381623173,-0.0012584626280903663,2.7160560834772347e-08
833,14.04173947119472,-1.1540043293169804,0.01912122864893159,-0.0010104577271554463,-0.0009430758291394323,-0.0010778396251719044,1.9552187841695265e-08
834,14.060784056601861,-1.1556297976120171,0.019106425245279234,-0.0007962323303794955,-0.000729205489562311,-0.0008632591711966731,1.2141817154411258e-08
835,14.07981387162462,-1.1572535095356522,0.019091496178683363,-0.0005488388476554695,-0.00048216473905060564,-0.0006155129562596673,5.779108398484624e-09
836,14.098828794827503,-1.158875412140724,0.019076441808577854,-0.00026824997265989525,-0.00020192625427778443,-0.00033457369104200607,1.4006748893703333e-09
837,14.117828705112455,-1.1604954527196598,0.01906126249589939,4.552531044228758e-05,0.0001115004402483799,-2.0449819364477817e-05,6.716159230346308e-11
838,14.136813481719775,-1.1621135788082542,0.01904595860309314,0.0003925086935277905,0.0004581395111032602,0.00032687787595188367,2.9616251532177586e-09
839,14.15578300422542,-1.1637297382320173,0.019030530494125685,0.0007726208442268775,0.0008379094269471837,0.0007073322615063493,1.1387181213844323e-08
840,14.174737152202706,-1.165343883094013,0.019014978534392615,0.001179892913986881,0.0012448517337395881,0.001114934094234174,2.649839631414474e-08
841,14.193675799456845,-1.1669560375402472,0.01899930309082748,0.001512309323317515,0.0015769478457362957,0.0014476708008991854,4.347937698555555e-08
842,14.21259880970577,-1.168566348628962,0.018983504531791262,0.00168667362864576,0.0017509910099688317,0.0016223562473222444,5.4031739749321175e-08
843,14.231506042266691,-1.1701750196330223,0.018967583227108974,0.0017003164744915783,0.0017643073829400127,0.001636325566042915,5.486261651384719e-08
844,14.250397356780432,-1.171782254510683,0.01895153954803935,0.0015532831569096406,0.001616945185678384,0.0014896211281413413,4.5749765373964316e-08
845,14.269272613356057,-1.1733882561374207,0.018935373867285485,0.001245555161753814,0.0013088842056557942,0.001182226117852049,2.9401797947986628e-08
846,14.288131672560574,-1.174993226358279,0.01891908655895516,0.0007770884169310821,0.0008400850488077607,0.0007140917850539663,1.144962811312644e-08
847,14.30697439542281,-1.1765973658748534,0.01890267799859527,0.00014802060404475736,0.00021068747107530483,8.535373701421684e-05,4.3890401433583575e-10
848,14.325800644005769,-1.1782008674604065,0.018886148563099125,-0.0006313542694118268,-0.0005690083528482534,-0.0006937001859749492,7.552644175672768e-09
849,14.344610292405214,-1.1798037868869238,0.01886949863080631,-0.0013633758652104172,-0.0013013397031268747,-0.0014254120272935086,3.509871244754588e-08
850,14.363403235728434,-1.1814059378311779,0.01885272858141322,-0.001875447857461042,-0.0018137248368993372,-0.0019371708780231908,6.633473148380966e-08
851,14.382179379344784,-1.1830070182871315,0.018835838795953075,-0.0021613167436135353,-0.0020999082642132946,-0.002222725223013776,8.801134331433028e-08
852,14.40093862922874,-1.1846067238420928,0.018818829656864048,-0.0022211170226001664,-0.002160032608031069,-0.0022822014371688196,9.286348332835315e-08
853,14.41968089159882,-1.1862047517668428,0.018801701547908674,-0.0020548315938883205,-0.0019940782920184544,-0.0021155848957577356,7.941017476396773e-08
854,14.438406072912983,-1.1878008009236467,0.018784454854169255,-0.0016624462278678892,-0.0016020306152542546,-0.001722861840481961,5.193796842163444e-08
855,14.457114079845361,-1.1893945718955758,0.018767089962083084,-0.0010441436462293174,-0.0009840713435143936,-0.0011042159489442344,2.0483131045003947e-08
856,14.475804818735863,-1.190985773312231,0.018749607259364427,-0.0002097591966853593,-0.00015001439906554837,-0.0002695039943049482,8.472710189524372e-10
857,14.494478184081409,-1.1925742570839242,0.01873200713507018,0.0006297981661504692,0.0006892519880728754,0.0005703443442280631,7.452041676822976e-09
858,14.513134048445785,-1.1941601374305932,0.01871428997954437,0.0012776312144610474,0.001336810747444378,0.0012184516814777169,3.0569959722966104e-08
859,14.531772273704679,-1.1957436592024218,0.01869645618436754,0.0017257140251400044,0.0017846147416584746,0.0016668133086210832,5.570132973804961e-08
860,14.550392721850045,-1.1973250709272634,0.018678506142448977,0.0019742541306052436,0.0020328733592556367,0.0019156349019553015,7.282422254307246e-08
861,14.568995255420575,-1.1989046196387596,0.018660440247932723,0.002023289448887869,0.002081619723975206,0.0019649591738005387,7.641141142060459e-08
862,14.587579737484367,-1.200482550968005,0.018642258896213102,0.0018728845358391005,0.001930920001421331,0.001814849070256877,6.541231575389786e-08
863,14.606146031637742,-1.2020591090471067,0.01862396248393791,0.0015232246259642632,0.0015809597034545236,0.0014654895484735586,4.3232258058168276e-08
864,14.624694002302341,-1.2036345329033402,0.018605551408962088,0.0009800711964328968,0.0010375007054605756,0.0009226416874047738,1.789182260316674e-08
865,14.643223522101648,-1.2052089695652513,0.018587026070379827,0.00038141123622806306,0.0004385381772936958,0.00032428429516242335,2.7241584109562266e-09
866,14.661734478871946,-1.206782391647287,0.018568386868504844,-0.00013521815021239753,-7.838483665110335e-05,-0.00019205146377346966,3.594955438882578e-10
867,14.680226768535892,-1.2083546813931512,0.018549634204806598,-0.0005635576297175204,-0.0005070127184354858,-0.000620102540999562,5.911081670519059e-09
868,14.698700287702122,-1.209925717817978,0.018530768481985354,-0.0009037583297112142,-0.0008474995418794873,-0.0009600171175427191,1.5155095023313126e-08
869,14.71715493332691,-1.2114953806808577,0.018511790103904188,-0.0011558421765131693,-0.0010998678725190753,-0.0012118164805070483,2.475055050978202e-08
870,14.735590602718062,-1.2130635504289042,0.018492699475587255,-0.0013198638734813542,-0.00126417425468172,-0.0013755534922809884,3.223415145706093e-08
871,14.754007193531962,-1.2146301082224662,0.01847349700322935,-0.0013958792719616364,-0.001340475117840488,-0.0014512834260825558,3.601412210099412e-08
872,14.772404603752477,-1.216194936173405,0.018454183094158756,-0.0013843255353223755,-0.0013292048009297674,-0.0014394462697149765,3.538349616941968e-08
873,14.790782731137142,-1.2177579238486498,0.01843475815685417,-0.001295763305314404,-0.0012409277114940262,-0.001350598899135226,3.097048325065578e-08
874,14.809141472653288,-1.2193189748979163,0.018415222600909806,-0.001141419515638696,-0.0010868662908068774,-0.0011959727404707368,2.401032942160929e-08
875,14.827480725008433,-1.2208780008208366,0.01839557683704434,-0.0009219153977588282,-0.0008676451102321361,-0.0009761856852859643,1.5652975785526437e-08
876,14.845800385241665,-1.2224349140158581,0.018375821277073677,-0.0006372922159223887,-0.0005833034355518588,-0.0006912809962929256,7.481035077263496e-09
877,14.864100350753173,-1.2239896274345297,0.018355956333923992,-0.0002876146323320672,-0.00023390478477838816,-0.0003413244798855311,1.5360954316830466e-09
878,14.882380519304778,-1.2255420545766529,0.018335982421589535,0.00012708192074816632,0.0001805139443451717,7.364989715204912e-05,3.1357234430538246e-10
879,14.900640789015869,-1.2270921095397402,0.01831589995515084,0.0006066520877150289,0.0006598095499263587,0.000553494625503699,6.757993077650783e-09
880,14.91888105816746,-1.228639709330766,0.018295709350760254,0.0011472523691892222,0.0012001498973572902,0.0010943548410213694,2.409765777734552e-08
881,14.937101219119176,-1.2301848456224849,0.018275411025607646,0.001630645124713101,0.0016832979716336766,0.0015779922777920813,4.861127073990089e-08
882,14.955301151673517,-1.2317276631679162,0.018255005397946198,0.001922967099388058,0.0019753756187177313,0.0018705585800588287,6.752011735296208e-08
883,14.973480728879085,-1.2332683915297435,0.018234492887052808,0.0020168376560920076,0.002068994014934239,0.0019646812972497762,7.418777997323975e-08
884,14.991639823968214,-1.234807263241786,0.018213873913237755,0.0019125476840150119,0.0019644459215250876,0.0018606494465053802,6.663976443035047e-08
885,15.009778310738856,-1.2363445092038656,0.018193148897814912,0.0016102868453025596,0.001661920371032577,0.0015586533195725422,4.7191434481322576e-08
886,15.027896063540666,-1.2378803587450962,0.01817231826311765,0.0011102337828597444,0.001161600678039651,0.00105886688768006,2.2415528625851607e-08
887,15.045992957275033,-1.2394150395244616,0.01815138243247581,0.0004127308561268708,0.00046383106182587563,0.000361630650427644,3.1078283305863927e-09
888,15.064068867666297,-1.2409487742379228,0.01813034183017355,-0.0004765549469850222,-0.0004257128535184035,-0.0005273970404514258,4.133106164885909e-09
889,15.082123681172334,-1.2424816638460785,0.018109196881508086,-0.0013615269412783765,-0.001310925964109609,-0.0014121279184466998,3.358548129614648e-08
890,15.100157306597513,-1.2440135510947663,0.018087948012744975,-0.0020059751716859225,-0.0019556170012506938,-0.0020563333421211444,7.280004223418961e-08
891,15.118169665787274,-1.2455441304862966,0.018066595651057487,-0.0023954962241943337,-0.002345382914386754,-0.0024456095340019135,1.0368851532132253e-07
892,15.136160681593678,-1.2470730900154903,0.018045140224616597,-0.0025305257822843125,-0.0024806697993628446,-0.0025803817652055513,1.1556810251107154e-07
893,15.154130277117503,-1.2486001199277796,0.018023582162498494,-0.002411310840595121,-0.002361719629047819,-0.0024609020521424163,1.0481145111740883e-07
894,15.172078375702295,-1.2501249126207874,0.018001921894720593,-0.002038119326081167,-0.001988803995156968,-0.002087434657004915,7.479332395828654e-08
895,15.190004900911543,-1.2516471627479544,0.01798015985221979,-0.001411378049911878,-0.0013623452766632557,-0.0014604108231607224,3.5830672036764075e-08
896,15.207909776280761,-1.2531665699786618,0.017958296466804153,-0.000536081670775998,-0.00048732404486939024,-0.0005848392966826058,5.175149918765401e-09
897,15.22579291576793,-1.2546829515212266,0.017936332171220315,0.00039498535649647865,0.00044351004657907506,0.0003464606664143263,2.812386638339064e-09
898,15.243654211881328,-1.2561963824898204,0.017914267399111526,0.0011351435374498675,0.0011834563281132512,0.0010868307467860466,2.309738254613983e-08
899,15.261493544605067,-1.2577070911629038,0.017892102584934882,0.0016678804469696176,0.0017159795331001954,0.0016197813608385958,4.9786499515060536e-08
900,15.279310793717237,-1.2592153138083475,0.01786983816407421,0.0019936409194052374,0.002041522888282271,0.0019457589505273085,7.1039188935086e-08
901,15.297105839612678,-1.2607212848733313,0.017847474572749374,0.002112683762730855,0.002160341342467252,0.0020650261829948946,7.967451328205257e-08
902,15.314878563286127,-1.2622252370739766,0.01782501224802735,0.002025308631266841,0.0020727351564931162,0.0019778821060405655,7.312933749293724e-08
903,15.33262884632913,-1.2637274013247568,0.017802451627823394,0.001731898909169978,0.001779087516227143,0.0016847103021123688,5.341120175225848e-08
904,15.350356571035858,-1.26522800538345,0.01777979315086834,0.0012351078911021912,0.0012820530474825231,0.0011881627347218662,2.71359846895461e-08
905,15.368061625797152,-1.266727210063459,0.017757037256718587,0.000646448600033718,0.0006931467299573293,0.0005997504701103287,7.4334988377642746e-09
906,15.385743912281546,-1.2682250244844187,0.017734184385749415,0.00011726150621116371,0.000163725838441299,7.079717398124352e-05,2.5661197328319694e-10
907,15.403403340485125,-1.2697213646751675,0.01771123497912171,-0.00034137943448837166,-0.00029514625838138187,-0.00038761261059536145,2.076685171037765e-09
908,15.421039821338493,-1.2712161409353389,0.017688189478792953,-0.000729682922528771,-0.0006836780346436144,-0.0007756878104143786,9.43032822422216e-09
909,15.43865326616272,-1.2727092642572715,0.017665048327509633,-0.00104773837419328,-0.0010019590425214345,-0.0010935177058651255,1.940424799758049e-08
910,15.45624358667298,-1.2742006462786883,0.01764181196878089,-0.0012956699520123294,-0.0012501161057030738,-0.001341223798322022,2.962858243137515e-08
911,15.47381069497722,-1.2756901992942304,0.01761848084687325,-0.001473584285350285,-0.0014282541264801774,-0.0015189144442206148,3.826972923870933e-08
912,15.491354503587267,-1.27717783612036,0.01759505540682235,-0.0015813641531588485,-0.0015362595557376901,-0.00162646875058,4.401210842626855e-08
913,15.508874926039226,-1.2786634627749924,0.01757153609439776,-0.0016061075677985537,-0.0015612276611467121,-0.0016509874744506103,4.5339007340126886e-08
914,15.526371877769813,-1.2801469681347766,0.017547923356099754,-0.0015291918454577377,-0.0014845394177838422,-0.0015738442731314112,4.104621263686134e-08
915,15.543845275552624,-1.281628230568885,0.017524217639165163,-0.0013492910102094052,-0.00130486798111136,-0.0013937140393076725,3.1915876792030664e-08
916,15.56129503659466,-1.283107128576003,0.01750041939152955,-0.0010666006338610062,-0.001022407035971687,-0.0011107942317503325,1.9920516283208644e-08
917,15.578721078462529,-1.2845835416369984,0.017476529061850977,-0.0006813147161241206,-0.0006373502110075466,-0.0007252792212406878,8.123685521218843e-09
918,15.59612331908219,-1.286057350200909,0.01745254709947328,-0.00019360946390616085,-0.0001498727629805352,-0.00023734616483222365,6.653304948491754e-10
919,15.613501676733812,-1.2875284357290198,0.017428473954441113,0.0003962354544545521,0.00043974740928848927,0.0003527234996201778,2.74731365147657e-09
920,15.630856069956364,-1.2889966818065468,0.01740431007745883,0.001086016361848352,0.001129317361870552,0.001042715361826159,2.053806976406947e-08
921,15.648186411534969,-1.2904620452621822,0.017380055919897927,0.0017465129427628318,0.0017896314039573327,0.0017033944815683377,5.3025285224252934e-08
922,15.66549259950579,-1.2919246627558962,0.017355711933837847,0.0021810089182730807,0.0022239444578567025,0.002138073378689688,8.256831367566558e-08
923,15.682774522531723,-1.293384787438641,0.01733127857193276,0.002372955373859967,0.0024156992799987745,0.002330211467721166,9.760154970687942e-08
924,15.700032069146218,-1.2948426796087649,0.01730675628754032,0.002322971621521383,0.002365512010364612,0.002280431232678605,9.340110895454968e-08
925,15.71726512853707,-1.2962985973036498,0.017282145534621814,0.0020315485117700233,0.00207387934432144,0.0019892176792186134,7.133700971569966e-08
926,15.734473590529088,-1.2977527963660132,0.01725744676776421,0.0014991839904134052,0.001541295521605146,0.0014570724592216575,3.879722133578252e-08
927,15.751657345579126,-1.2992055303668577,0.01723266044217527,0.0007265070533703649,0.0007683986245295912,0.0006846154822111386,9.10569411884298e-09
928,15.768816284880238,-1.3006570492423954,0.017207787013670095,-0.0002834874681805488,-0.00024180854683405334,-0.0003251663895268292,1.3928703604670197e-09
929,15.785950309055995,-1.302107496507596,0.017182826938629096,-0.0013401125439554615,-0.0012986225316381356,-0.0013816025562727874,3.0868526542188944e-08
930,15.803059341997844,-1.303556746123058,0.017157780674090108,-0.0021366663822586646,-0.0020953626410794013,-0.002177970123437477,7.834091487880958e-08
931,15.820143323296891,-1.3050044923719666,0.01713264867757971,-0.002645234280353112,-0.002604121268289704,-0.0026863472924162912,1.1989132562406337e-07
932,15.837202194104918,-1.3064504169216797,0.01710743140725827,-0.0028666049621052236,-0.002825693516339267,-0.00290751640787118,1.405885620748732e-07
933,15.854235895811168,-1.3078942042633948,0.01708212932182019,-0.002801361852585324,-0.002760666530576661,-0.00284205717459398,1.3406363023676427e-07
934,15.871244370033889,-1.309335541619145,0.017056742880513214,-0.0024501224308303773,-0.002409653866994675,-0.0024905909946658575,1.024026432272197e-07
935,15.888227558598167,-1.3107741190149493,0.01703127254313405,-0.0018136200748222336,-0.0017733913342635674,-0.001853848815380893,5.6028751922209234e-08
936,15.905185403433935,-1.3122096303017652,0.01700571877001197,-0.0008944251947360787,-0.0008544297072262952,-0.0009344206822458623,1.3613581958667536e-08
937,15.922117838802802,-1.3136418649193438,0.016980082021967095,0.0001334346629769112,0.00017323395756269067,9.363536839113867e-05,3.112925139192443e-10
938,15.939024778301622,-1.3150708618460334,0.016954362760412737,0.0009747975443423068,0.0010144358063561912,0.0009351592823279783,1.6119427924715448e-08
939,15.955906121556366,-1.3164968309868341,0.016928561447175833,0.0016007593227805803,0.0016402331206953544,0.0015612855248658061,4.33870532268386e-08
940,15.972761767550221,-1.3179199957380205,0.016902678544648497,0.0020119987781058585,0.002051305341350361,0.001972692214861793,6.843309853844501e-08
941,15.989591615932486,-1.3193405774111424,0.01687671451568293,0.0022090136511360506,0.0022481473777174465,0.0021698799245546546,8.23626162878944e-08
942,16.00639556700305,-1.320758795310347,0.016850669823610477,0.0021923498770024252,0.0022313030942309325,0.002153396659773925,8.099954826119212e-08
943,16.023173521707477,-1.3221748666868431,0.016824544932258594,0.0019626079661816814,0.00200137068219413,0.00192384525016924,6.481371395595338e-08
944,16.03992538166369,-1.3235890063211664,0.016798340305871434,0.001521145249139752,0.0015597128642472063,0.0014825776340327418,3.887772081939715e-08
945,16.056651052958372,-1.3250013814763077,0.01677205640918782,0.0009553764797612802,0.000993741582909921,0.0009170113766126323,1.531682633731575e-08
946,16.073350452881,-1.3264120321725754,0.0167456937073879,0.0004212839724592188,0.00045945937352768335,0.00038310857139120524,2.980163666382563e-09
947,16.090023506746782,-1.3278209089195006,0.016719252666060586,-6.471490686045522e-05,-2.672798469730009e-05,-0.00010270182902405445,7.80625460678087e-11
948,16.10667014102335,-1.329227954162128,0.016692733751256093,-0.0005028265843370766,-0.0004650220417754536,-0.0005406311268989286,4.2284525517012725e-09
949,16.123290282605268,-1.3306331108732257,0.01666613742941195,-0.00089316109695603,-0.0008555372744183179,-0.0009307849194941792,1.3303054154777592e-08
950,16.139883858816845,-1.3320363225191323,0.01663946416740661,-0.0012358548989619897,-0.001198412151265385,-0.0012732976466585944,2.542185074633256e-08
951,16.15645079741186,-1.33343753306229,0.016612714432503527,-0.0015310214991807389,-0.0014937550038144065,-0.0015682879945475153,3.894833889794851e-08
952,16.172991026584647,-1.3348366868294737,0.016585888692345886,-0.0017785434288498242,-0.0017414540404276507,-0.0018156328172715536,5.2472365873931884e-08
953,16.189504476390702,-1.336233711719585,0.016558987415007314,-0.0019454819385406608,-0.0019085692859703435,-0.001982394591110527,6.268163180560579e-08
954,16.20599108139445,-1.337628487907649,0.01653201106888111,-0.001969723395260657,-0.0019329949297678742,-0.002006451860753884,6.41484998466842e-08
955,16.222450779506918,-1.339020861570089,0.016504960122768933,-0.0018446368892272857,-0.0018080965424627296,-0.0018811772359916233,5.61685302034711e-08
956,16.238883509279862,-1.3404106768317936,0.016477835045810556,-0.0015706752245745609,-0.001534324668724437,-0.0016070257804249068,4.0658417241450914e-08
957,16.255289209598832,-1.3417977793508558,0.016450636307514664,-0.0011482650677756556,-0.0011121081619383834,-0.0011844219736131534,2.1697541091853698e-08
958,16.27166781968133,-1.3431820162972858,0.01642336437771279,-0.0005778292593326163,-0.0005418638881659332,-0.0006137946304990774,5.490623412750008e-09
959,16.28801927907046,-1.3445632363864206,0.01639601972658931,0.00014012277383351757,0.00017589658490509835,0.0001043489627617182,3.289202281809652e-10
960,16.30434352759501,-1.3459412903113939,0.01636860282462915,0.0010042726541136249,0.0010398727179304172,0.000968672590297058,1.6515691394862273e-08
961,16.32064049959255,-1.3473160992105044,0.016341114142641913,0.001876393114182355,0.0019118594466717917,0.0018409267816920268,5.754148162930958e-08
962,16.336910112620405,-1.3486877887397166,0.01631355415179218,0.0024838861891341643,0.0025192225105329542,0.002448549867735371,1.0065637171586219e-07
963,16.353152272078795,-1.3500566346066267,0.016285923323469835,0.0027950282486257534,0.0028302229919703534,0.0027598335052820416,1.2723533616591193e-07
964,16.36936688275011,-1.3514229257872366,0.016258222129403324,0.002810875149814901,0.0028459132055082687,0.002775837094121752,1.284631769226817e-07
965,16.385553850154167,-1.3527869482768942,0.016230451041590703,0.0025323502609454415,0.0025672189501173386,0.002497481571773541,1.0408917924712033e-07
966,16.401713080527237,-1.3541489851533624,0.016202610532311562,0.0019603969790970496,0.0019950821005458863,0.0019257118576479874,6.227566255549245e-08
967,16.417844480811226,-1.3555093165246839,0.01617470107411263,0.001096047005658074,0.0011305477162185489,0.0010615462950975957,1.9437393921185146e-08
968,16.43394795867774,-1.3568682190683488,0.01614672313980319,-5.882245977835432e-05,-2.450608410041466e-05,-9.313883545606846e-05,6.22071829201406e-11
969,16.45002343013888,-1.3582258757899641,0.016118677202391535,-0.0013178207168239586,-0.0012836520529443778,-0.001351989380703314,2.7998796840607133e-08
970,16.46607083522421,-1.3595821907516137,0.016090563735246685,-0.002296094499654639,-0.002262067105817625,-0.002330121893491875,8.483646598316692e-08
971,16.48209013214214,-1.3609368587996746,0.0160623832118327,-0.0029460979079992504,-0.0029122132177156965,-0.0029799825982830264,1.3941948824025823e-07
972,16.49808128133015,-1.3622895545195473,0.016034136105941347,-0.0032690453973508032,-0.0032353197283798707,-0.0033027710663215103,1.713574050285533e-07
973,16.51404424343591,-1.3636399559223826,0.016005822891531647,-0.0032659543344460765,-0.0032324038899675077,-0.003299504778925086,1.7073143861852654e-07
974,16.529978979305334,-1.3649877443640133,0.01597744404278788,-0.0029378809723716384,-0.002904522932191164,-0.00297123901255256,1.3790955634411995e-07
975,16.545885449960533,-1.366332604588898,0.015949000034093042,-0.0022859634115068445,-0.002252808496248846,-0.0023191183267648463,8.33493965844234e-08
976,16.561763616556476,-1.3676742250322924,0.01592049134004576,-0.0013119295804680138,-0.0012789870799344016,-0.0013448720810011819,2.7407459538892856e-08
977,16.577613434020574,-1.3690123729886845,0.015891918435351222,-0.00017485645823562407,-0.00014207793593643686,-0.00020763498053525536,4.915835183359983e-10
978,16.59343483744331,-1.370347056065262,0.015863281795031353,0.0007822750558331495,0.0008149262688393541,0.0007496238428264974,9.713240209917344e-09
979,16.609227746875092,-1.3716784659006085,0.01583458189412257,0.0015146608473673683,0.0015471877950340336,0.0014821338996998147,3.6333242260153077e-08
980,16.624992081239427,-1.3730068135397437,0.015805819207942516,0.002023210488616832,0.0020556118380437617,0.0019908091391899058,6.47047662300778e-08
981,16.640727760157652,-1.3743323077242344,0.01577699421189449,0.002308688405681953,0.002340957041982658,0.002276419769381248,8.409752023121856e-08
982,16.65643470393497,-1.3756551549534086,0.0157481073815449,0.002371908820341828,0.0024040346346914584,0.0023397830059921944,8.86035052953177e-08
983,16.672112833553975,-1.376975559459597,0.01571915919261024,0.0022137099466279786,0.0022456881904098815,0.0021817317028460723,7.70372821542455e-08
984,16.687762070674452,-1.3782937231115917,0.015690150120915854,0.001835129196087193,0.0018669463108971149,0.001803312081277049,5.284500001207423e-08
985,16.703382340245977,-1.3796098143162907,0.015661080642427008,0.0013037917178822939,0.00133544350746196,0.0012721399283030753,2.6627075629455314e-08
986,16.7189735763804,-1.3809238983109557,0.01563195123320756,0.0007713097673567246,0.0008028037255722563,0.0007398158091411929,9.304909285299787e-09
987,16.73453572046047,-1.3822359596841598,0.015602762369426398,0.00025867741141338135,0.0002900183252641138,0.00022733649756264893,1.0491519101644405e-09
988,16.750068715154818,-1.3835459734520115,0.01557351452737039,-0.00023423277626827277,-0.00020304283069963805,-0.00026542272183646687,8.594908105730736e-10
989,16.765572503590214,-1.3848539148843106,0.015544208183397181,-0.000707480982453032,-0.000676436219428117,-0.0007385257454779505,7.785325989528565e-09
990,16.781047029353324,-1.3861597594835913,0.015514843813938776,-0.0011611508856519265,-0.0011302503077850225,-0.0011920514635190525,2.0923157961907524e-08
991,16.796492236490856,-1.3874634829833394,0.015485421895526846,-0.0015952937283422175,-0.0015645367779819307,-0.0016260506787022788,3.9414694530143596e-08
992,16.811908069514786,-1.388765061285945,0.015455942904740515,-0.0020098614743554247,-0.0019792391641542395,-0.0020404837845561657,6.243977937321299e-08
993,16.827294475369786,-1.3900644471685208,0.015426407318218247,-0.0023537599402670556,-0.0023232750699992283,-0.002384244810534661,8.546994236677453e-08
994,16.842651408025702,-1.39136151592599,0.015396815612666821,-0.0025068321890535233,-0.0024764941894743625,-0.0025371701886329097,9.676150977296228e-08
995,16.857978827103338,-1.3926560816520546,0.015367168264799945,-0.002452318825231857,-0.0024221359201514366,-0.002482501730312281,9.242078218429398e-08
996,16.87327669318978,-1.393947952658515,0.015337465751407226,-0.002191063582185848,-0.002161043103983573,-0.0022210840603881267,7.363609379414758e-08
997,16.888544967155738,-1.3952369394789956,0.015307708549272528,-0.001723873657183881,-0.0016940202537031358,-0.001753727060664182,4.5495083253031963e-08
998,16.903783610151116,-1.3965228548425561,0.015277897135220623,-0.0010515613672289238,-0.00102187881307109,-0.0010812439213872017,1.6898499977933873e-08
999,16.918992583596882,-1.3978055136937821,0.015248031986085384,-0.00017500999170831644,-0.00014549508432093808,-0.00020452489909569826,4.714519764287248e-10
1000,16.934171849168067,-1.3990847333201077,0.015218113578695234,0.0009046348228371748,0.0009339981802893027,0.0008752714653846028,1.2458332496677189e-08
1001,16.94932136321441,-1.4003603995704124,0.01518814238986693,0.0020376349802647825,0.002066906154410769,0.0020083638061183517,6.306484141702781e-08
1002,16.964441063277587,-1.4016326272857476,0.015158118896451687,0.0028601888823221733,0.0028893799739762027,0.002830997790668144,1.240080323134341e-07
1003,16.979530871887825,-1.4029017156864216,0.015128043575215728,0.003318599506458811,0.003347694007852453,0.003289505005065616,1.6661096588522322e-07
1004,16.99459071034299,-1.4041679847757442,0.015097916902950826,0.0034145227502455737,0.0034435017285767457,0.0033855437719141797,1.7603032029900585e-07
1005,17.009620500760093,-1.4054317507346006,0.015067739356397533,0.0031494974804803996,0.0031783366190867753,0.0031206583418735834,1.4946612227912088e-07
1006,17.024620166049708,-1.4066933259791932,0.01503751141223955,0.0025250854005066693,0.00255376880712721,0.0024964019938861284,9.588414304978425e-08
1007,17.039589629898224,-1.4079530191328173,0.015007233547138966,0.0015429042387029891,0.0015714216774621662,0.0015143867999442562,3.57295903754576e-08
1008,17.0545288167581,-1.4092111349102536,0.014976906237695736,0.00020477949305264947,0.000233134912048516,0.0001764240740561203,6.320651425697575e-10
1009,17.069437658688656,-1.410467892788359,0.014946529960392748,-0.0013007305722966059,-0.0012724971351740048,-0.0013289640094192104,2.5292005791822245e-08
1010,17.084316112583657,-1.411723223025354,0.014916105191757977,-0.0025000393778404316,-0.0024719033799594295,-0.0025281753757216557,9.323253032555436e-08
1011,17.099164155785388,-1.4129768194365617,0.01488563240810907,-0.003320260137230087,-0.0032922282069752368,-0.0033482920674853776,1.6410500677148737e-07
1012,17.11398176856038,-1.4142283474565005,0.014855112085749527,-0.00376315077017024,-0.0037352403736705085,-0.003791061166669968,2.1037161135564856e-07
1013,17.128768931341384,-1.4154774766056697,0.014824544700899106,-0.0038303035938363483,-0.003802532662754793,-0.0038580745249183514,2.17498051052776e-07
1014,17.14352562471122,-1.4167238804212192,0.014793930729624902,-0.003523339310899501,-0.003495734961641326,-0.0035509436601572283,1.8365442873857938e-07
1015,17.1582518293798,-1.4179672364755422,0.01476327064792341,-0.002843926461418792,-0.002816508019388868,-0.0028713449034493826,1.1940781778110967e-07
1016,17.17294752615847,-1.4192072264353557,0.014732564931674297,-0.0017938930355495993,-0.0017666623856915226,-0.001821123685407898,4.741380476845924e-08
1017,17.187612690573406,-1.420443599748595,0.014701814056566998,-0.0005249160149075616,-0.0004978393374634113,-0.0005519926923519339,4.054483994153006e-09
1018,17.202247278984196,-1.4216763385211708,0.01467101849829738,0.0005706495453110111,0.000597628128751547,0.0005436709618702566,4.781043124071795e-09
1019,17.216851231984705,-1.422905617733202,0.01464017873227736,0.0014300191312432327,0.0014569080766502311,0.0014031301858366783,2.994203089574232e-08
1020,17.231424488602805,-1.42413163701718,0.014609295233861964,0.0020543639393267935,0.002081158679423236,0.0020275691992305764,6.166072944633923e-08
1021,17.245966988580967,-1.4253545935136955,0.014578368478212523,0.0024447474188572862,0.002471443225777019,0.00241805161193755,8.713530926119055e-08
1022,17.260478672363565,-1.4265746819187217,0.014547398940349381,0.002602272187131126,0.002628859379033472,0.002575684995228332,9.851580263757915e-08
1023,17.27495948108917,-1.4277920944746272,0.014516387095120903,0.0025280574055496045,0.0025545270086611213,0.0025015878024380878,9.277869795830622e-08
1024,17.28940935658311,-1.429007020960849,0.014485333417181683,0.0022232597571416185,0.0022496002831977058,0.0021969192310853057,7.16026721125706e-08
1025,17.3038282431296,-1.4302196275307402,0.014454238381038839,0.0017400292502130384,0.001766230734221854,0.0017138277662042227,4.376643113957983e-08
1026,17.318216092209376,-1.4314300003434286,0.014423102460979876,0.0012161971240477673,0.001242267832699439,0.0011901264153958736,2.1336989777279173e-08
1027,17.332572861431196,-1.4326381583052608,0.014391926131089625,0.0006748593141746514,0.0007008009989023824,0.0006489176294473646,6.557816678997309e-09
1028,17.3468985096951,-1.4338441106094586,0.014360709865283445,0.00011606865403455957,0.0001418869733625476,9.025033470657501e-05,1.9665739409296877e-10
1029,17.361192996387793,-1.435047866302606,0.014329454137245725,-0.000460078961589519,-0.00043438241497559954,-0.00048577550820299437,3.0363075157382728e-09
1030,17.375456281383215,-1.4362494342746823,0.014298159420418052,-0.0010535025819234795,-0.001027923698488191,-0.0010790814653585494,1.5872183498702007e-08
1031,17.389688325042528,-1.437448823256607,0.014266826188058903,-0.0016641002881637584,-0.0016386334132052864,-0.001689567163122671,3.951120409586154e-08
1032,17.403889088215546,-1.4386460418004745,0.014235454913167772,-0.002291745992805204,-0.002266385069759888,-0.002317106915850742,7.47690803849426e-08
1033,17.41805853469036,-1.4398410692368069,0.01420404606848216,-0.0028646446861780687,-0.0028393797216066385,-0.002889909650748833,1.1656411136646792e-07
1034,17.432196637886705,-1.4410337763748549,0.014172600126570772,-0.0031856956653169496,-0.0031605443499993155,-0.003210846980634584,1.4383584414428739e-07
1035,17.446303379439257,-1.4422239423604226,0.014141117559646149,-0.0032222529617013523,-0.0031972300830612962,-0.0032472758403411864,1.4682896105622791e-07
1036,17.460378742364394,-1.4434113356317728,0.014109598839727481,-0.0029757628456758937,-0.0029508825947421394,-0.003000643096609648,1.2494573035518266e-07
1037,17.47442270988478,-1.444595727723994,0.014078044438542117,-0.002447629848692255,-0.0024229023372646236,-0.00247235736011989,8.434291139902776e-08
1038,17.48843526542097,-1.4457768932368775,0.014046454827530787,-0.0016392720183006151,-0.001614704293842282,-0.001663839742759389,3.774863852530789e-08
1039,17.502416392580194,-1.4469546098409007,0.014014830477876546,-0.0005521662080779956,-0.0005277582178869547,-0.0005765741982688144,4.2757300381267244e-09
1040,17.516366075144234,-1.4481286582982498,0.013983171860469264,0.0008121377894977425,0.0008364069717899103,0.0007878686072062407,9.225595080135245e-09
1041,17.53028429141665,-1.4492988896137184,0.013951479445837156,0.002282150344835903,0.0023063661893052284,0.0022579345003659115,7.266496458744563e-08
1042,17.54417099850672,-1.4504654123594756,0.013919753704317292,0.0033794726686987853,0.0034036593860773193,0.0033552859513198106,1.589779318542021e-07
1043,17.55802613555865,-1.4516285549432233,0.013887995105844597,0.004022210507637437,0.004046347890211379,0.00399807312506394,2.2468514521473924e-07
1044,17.571849639846526,-1.4527886742758924,0.01385620412007221,0.004212890530339103,0.004236948208536474,0.004188832852142402,2.459287723833384e-07
1045,17.585641449551964,-1.4539461224100796,0.013824381216318207,0.003953941584037508,0.003977885349082569,0.003929997818992007,2.1612823524810177e-07
1046,17.599401503731357,-1.4551012465969095,0.013792526863554899,0.003247814144450162,0.0032716171219411873,0.0032240111669598025,1.4549027069710175e-07
1047,17.613129742289402,-1.4562543892790047,0.013760641530446007,0.002096994397836161,0.002120638087916068,0.0020733507077560324,6.051340977603152e-08
1048,17.626826105953967,-1.4574058880794927,0.013728725685305247,0.0005039741674411347,0.0005274627627073029,0.0004804855721749664,3.4894832847538557e-09
1049,17.640490542849165,-1.458555997459643,0.013696779796004876,-0.0013256762607566641,-0.0013022895647633974,-0.0013490629567497053,2.4073458263550765e-08
1050,17.654123027252616,-1.4597046663222728,0.013664804330248298,-0.00280933961011761,-0.0027860077541302514,-0.0028326714661056386,1.078504315927288e-07
1051,17.667723556072495,-1.4608515808244749,0.013632799755150976,-0.003845038537516811,-0.0038217714729159337,-0.0038683056021179135,2.0155415261570754e-07
1052,17.681292129740168,-1.4619963916547172,0.01360076653761621,-0.004435289447112932,-0.004412107540537544,-0.00445847135368832,2.6755389324668265e-07
1053,17.6948287487891,-1.4631387543765058,0.013568705144072248,-0.004582460147541146,-0.004559391588382089,-0.004605528706699981,2.8493084571859305e-07
1054,17.708333413833607,-1.464278329363042,0.013536616040603685,-0.004288938691354965,-0.004266016257661133,-0.0043118611250492385,2.490083565971698e-07
1055,17.72180612554323,-1.465414781794893,0.013504499692878775,-0.00355715039701927,-0.003534399045468168,-0.0035799017485703723,1.708790719182238e-07
1056,17.735246884618398,-1.466547781652677,0.013472356566211707,-0.0023895539147980246,-0.002366993410755195,-0.00241211441884108,7.692900939200556e-08
1057,17.748655686867885,-1.4676770619123285,0.013440187125393592,-0.0009434482911443338,-0.0009210302631987161,-0.0009658663190895075,1.1965290568364785e-08
1058,17.76203250912298,-1.4688025860036946,0.013407991834948238,0.0003305347075279151,0.00035287647409227435,0.00030819294096288974,1.4670968047169938e-09
1059,17.775377311907555,-1.469924516709123,0.013375771158859977,0.0013519487357750992,0.0013742260536368373,0.0013296714179135798,2.444998421495874e-08
1060,17.788690053878803,-1.4710430449436078,0.013343525560737196,0.0021222813659202283,0.0021444963208045557,0.002100066411036123,6.010247756638268e-08
1061,17.801970694414976,-1.4721583589368095,0.013311255503750662,0.002642943920889023,0.002665087455804866,0.002620800385973624,9.298332624138667e-08
1062,17.815219193603035,-1.4732706442733825,0.013278961450601059,0.0029153839753360278,0.0029374492518881613,0.0028933186987838908,1.1286620620819062e-07
1063,17.82843551222986,-1.474380083895193,0.013246643863567529,0.002941056658896067,0.0029630318539837705,0.0029190814638088113,1.1458314144052432e-07
1064,17.841619611773027,-1.4754868581114078,0.013214303204445383,0.0027214320588248124,0.0027433019683124026,0.0026995621493376663,9.786977940466869e-08
1065,17.854771455594523,-1.476591130287619,0.013181939934598761,0.00229703139739338,0.0023187883039476297,0.002275274490839571,6.955465143894172e-08
1066,17.86789101242624,-1.4776930052784163,0.013149554514893073,0.0017834013783396031,0.0018050439096001653,0.001761758847078819,4.182448046845025e-08
1067,17.880978255736387,-1.47879253697367,0.013117147405729359,0.0012019777346480992,0.001223513286263432,0.0011804421830327629,1.8953032763160084e-08
1068,17.89403316015826,-1.4798897708370538,0.013084719067019829,0.0005531480670862773,0.0005745742137612288,0.0005317219204117735,4.005570232286262e-09
1069,17.907055700840075,-1.4809847516388746,0.013052269958189654,-0.00016267564439342852,-0.00014134928573979189,-0.0001840020030475127,3.473857708026212e-10
1070,17.920045853444172,-1.482077523454976,0.013019800538168529,-0.0009450955383861204,-0.0009238692885334306,-0.0009663217882392577,1.1631313820951753e-08
1071,17.933003594146065,-1.4831681296662604,0.012987311265375239,-0.0017936886747687494,-0.0017725527503916344,-0.001814824599145868,4.178625802696581e-08
1072,17.945928899634108,-1.4842566129520978,0.012954802597722009,-0.0027080431864169655,-0.002686981709969092,-0.0027291046628648424,9.500593316093881e-08
1073,17.95882175019056,-1.4853429787251493,0.012922274992595793,-0.003585445100568154,-0.0035644378148498718,-0.0036064523862864364,1.6612312894414734e-07
1074,17.9716821386888,-1.4864270884840087,0.012889728906881783,-0.004125161350546698,-0.004104231721137282,-0.004146090979956114,2.1934583393899665e-07
1075,17.984510068995597,-1.4875086789290908,0.012857164796901051,-0.004273904990005094,-0.004253080288562423,-0.004294729691447764,2.3485422329899025e-07
1076,17.997305546768715,-1.4885874710984965,0.01282458311846375,-0.0040340712021313604,-0.004013374784905412,-0.004054767619357306,2.0870564008250433e-07
1077,18.01006857776141,-1.4896631902734256,0.012791984326827696,-0.003408002758597057,-0.003387459548964137,-0.003428545968230199,1.4857408148098186e-07
1078,18.022799167808074,-1.4907355659345851,0.01275936887669393,-0.0023980629601391135,-0.0023776824614794335,-0.0024184434587987934,7.337714525238791e-08
1079,18.035497322807537,-1.4918043317538934,0.01272673722221136,-0.001006675760368038,-0.0009864670982786226,-0.001026884422457009,1.2898958185894602e-08
1080,18.048163048706662,-1.4928692255905327,0.012694089816986377,0.0007636700771336477,0.0007837425308137129,0.000743597623453357,7.404796290467813e-09
1081,18.06079634522385,-1.4939300640991586,0.01266142711396222,0.002696044403655805,0.0027161046352562057,0.0026759841720545158,9.20332492727335e-08
1082,18.07339718762445,-1.4949869603298342,0.012628749565683538,0.004158845574279254,0.004178946471591574,0.0041387446769664896,2.184285092881256e-07
1083,18.085965530090192,-1.4960402845911656,0.012596057623911286,0.005039206660879862,0.005059310521659623,0.00501910280010032,3.198609933417987e-07
1084,18.09850132444376,-1.497090441624962,0.01256335173995137,0.005340995711658324,0.005361058605988459,0.005320932817327741,3.583868121986953e-07
1085,18.11100452352341,-1.4981378299609136,0.012530632364459452,0.0050679800003210415,0.00508794847438724,0.005048011526254847,3.218437060873018e-07
1086,18.12347508113792,-1.4991828419843924,0.012497899947492072,0.00422395042325311,0.004243778952935772,0.004204121893570896,2.2298613403493028e-07
1087,18.135912952027763,-1.5002258639478998,0.012465154938501644,0.0028127218674964816,0.002832379954442972,0.0027930637805504387,9.861848610891635e-08
1088,18.148318091828173,-1.501267275977905,0.012432397786365313,0.0008380999202847808,0.0008575883094079605,0.0008186115311622708,8.734232814502675e-09
1089,18.16069046412206,-1.5023073678295042,0.012399628939189883,-0.001447754744202362,-0.0014283457478997189,-0.0014671637405054457,2.599110238876119e-08
1090,18.173030061038666,-1.503346094455967,0.012366848844689433,-0.003315650915246632,-0.0032962545623340285,-0.0033350472681592386,1.3595701059232232e-07
1091,18.18533689959638,-1.5043831208021683,0.012334057949709059,-0.004635467429390656,-0.00461608353128605,-0.004654851327495262,2.6503033391472425e-07
1092,18.19761100067749,-1.5054180722836636,0.012301256700615246,-0.005410864992273841,-0.00539152893308608,-0.005430201051460713,3.6015108364432856e-07
1093,18.209852385175488,-1.5064505802269665,0.012268445543019691,-0.005645331237248807,-0.0056260809671083364,-0.005664581507389948,3.9099398910209103e-07
1094,18.222061073967012,-1.50748028179386,0.012235624921962361,-0.005342366014638451,-0.005323253420002765,-0.005361478609273919,3.492169268264832e-07
1095,18.234237087880373,-1.5085068199613647,0.012202795281738718,-0.004505502680131026,-0.0044865621088276755,-0.00452444325143482,2.4771276589347186e-07
1096,18.246380447665025,-1.5095298435063507,0.012169957066060442,-0.003138339164517827,-0.003119601285712606,-0.0031570770433230477,1.1986543335924386e-07
1097,18.258491168909245,-1.510549067069256,0.012137110717872832,-0.0014265485210973664,-0.0014079610458327674,-0.0014451359963619688,2.4700911852761575e-08
1098,18.270569247542667,-1.5115644436406264,0.012104256679549586,0.00010005857792159262,0.00011859122128988694,8.152593455374238e-05,1.2257018821128354e-10
1099,18.28261466264452,-1.5125761318950832,0.012071395392667352,0.0013472694410443936,0.0013657647105032623,0.0013287741715855214,2.1912588074362736e-08
1100,18.29462739135432,-1.5135843193156853,0.012038527298186918,0.002317019810802994,0.0023354818661543084,0.002298557755452346,6.463117432458607e-08
1101,18.306607411535623,-1.514589190443508,0.012005652836326038,0.0030111713282148164,0.0030295924205707148,0.0029927502358591436,1.08858446330883e-07
1102,18.318554701762746,-1.5155909269203751,0.011972772446616351,0.003431625499990383,0.003449995404826201,0.0034132555951545615,1.409933564898633e-07
1103,18.330469241310603,-1.5165897074991825,0.011939886567864188,0.003580287276539508,0.003598594100329887,0.0035619804527486885,1.530522561904044e-07
1104,18.342351010144483,-1.5175857080586765,0.011906995638164046,0.00345908143628737,0.0034773073524156893,0.0034408555201586102,1.4247143111424408e-07
1105,18.354199989693278,-1.5185790922781015,0.01187410009487914,0.0030990005326631057,0.003117131037733596,0.003080870027592615,1.1403783463278819e-07
1106,18.366016165054237,-1.519569985262013,0.01184120037466455,0.002584652848425101,0.002602686092437974,0.0025666196044120022,7.910559790408496e-08
1107,18.377799524549452,-1.5205584787935527,0.011808296913397074,0.0019318769283477345,0.001949814113515181,0.001913939743180288,4.407158362550365e-08
1108,18.389550057452496,-1.5215446584262544,0.011775390146227244,0.0011416510870538576,0.0011594884661894796,0.0011238137079182357,1.5348906204472612e-08
1109,18.40126775358409,-1.5225286082771994,0.01174248050756775,0.0002149604094635639,0.00023271052330363015,0.00019721029562349765,5.438294976003206e-10
1110,18.412952603308955,-1.5235104110354016,0.0117095684310587,-0.000847222196816589,-0.000829564461261121,-0.0008648799323725011,8.406174852118528e-09
1111,18.424604597533133,-1.5244901479649704,0.011676654349576104,-0.002043899428517758,-0.0020263110447364986,-0.0020614878122990135,4.878071805174728e-08
1112,18.436223727704025,-1.5254678988771517,0.011643738695231562,-0.0033740157171302486,-0.003356474199288119,-0.0033915572349723783,1.3255330668962866e-07
1113,18.44780999001921,-1.5264436921528497,0.011610821899355686,-0.004676732488080527,-0.004659180409288213,-0.004694284566873284,2.5395107751925905e-07
1114,18.459363397083344,-1.5274173665894413,0.011577904392519394,-0.005505893085128187,-0.005488374395041261,-0.005523411775215117,3.509837197315104e-07
1115,18.47088397548243,-1.5283886005258291,0.011544986604463238,-0.005787215780566589,-0.005769776837744402,-0.0058046547233894415,3.866643203364303e-07
1116,18.48237175383047,-1.5293570536694898,0.011512068964163775,-0.00552465121467835,-0.005507336423138404,-0.005541966006218736,3.513698836123344e-07
1117,18.493826760679262,-1.5303223915537765,0.011479151899802425,-0.004722066674413224,-0.004704923069515456,-0.0047392102793105476,2.559622627403236e-07
1118,18.505249024494006,-1.5312842854704285,0.011446235838705986,-0.003383349666474751,-0.0033664040994795044,-0.0034002952334708826,1.310267863994107e-07
1119,18.516638573626512,-1.5322424124461862,0.0114133212074649,-0.0015124857621154307,-0.0014957465144227779,-0.0015292250098080835,2.6110330042021936e-08
1120,18.527995436283163,-1.533196455295796,0.011380408431797485,0.0008862088130048018,0.0009027920807875116,0.000869625545222092,8.938829756289288e-09
1121,18.539319632545933,-1.5341461975356143,0.011347497936539717,0.003496109566885945,0.0035127565937860435,0.0034794625399858503,1.3869904291965187e-07
1122,18.55061115304384,-1.5350917785933447,0.01131459014587049,0.005467020279370294,0.0054838082589061254,0.00545023229983491,3.381750490734065e-07
1123,18.56186996393405,-1.5360336359462565,0.011281685482953486,0.006660378849392863,0.0066772529740455645,0.00664350472473994,5.004639314696904e-07
1124,18.573096028914485,-1.5369722428858266,0.011248784370195363,0.0070822525873208975,0.007099128243197566,0.0070653769314440035,5.642209881565811e-07
1125,18.584289312850764,-1.5379080645725862,0.011215887229122729,0.0067385736357795205,0.006755366972280477,0.006721780299278564,5.092962636278701e-07
1126,18.59544978170868,-1.5388415581334443,0.01118299448044429,0.005635293823002523,0.005651918839684918,0.005618668806320129,3.5513420237327855e-07
1127,18.606577402494832,-1.5397731726907289,0.01115010654394546,0.0037783897818259374,0.0037948003624325294,0.00376197920121912,1.5918247915926882e-07
1128,18.617672143209877,-1.5407033492707396,0.01111722383862663,0.001174183282524565,0.0011903745767654038,0.0011579919882839483,1.5328358934636286e-08
1129,18.62873398168417,-1.5416324150965952,0.011084346782468502,-0.0018137776192601388,-0.0017976410055414484,-0.0018299142329794953,3.6466126997318566e-08
1130,18.6397629287249,-1.542560308916277,0.011051475792802825,-0.004242955229144325,-0.004226753477833616,-0.004259156980455033,1.989570284971788e-07
1131,18.65075902258786,-1.5434866487153749,0.011018611285828392,-0.005964584618064737,-0.005948325023638231,-0.005980844212490798,3.9200205746298865e-07
1132,18.66172230529125,-1.544411014246951,0.010985753677015693,-0.006984185783345406,-0.006967915492830278,-0.007000456073860087,5.358734117436619e-07
1133,18.67265281873304,-1.5453329926997086,0.010952903380864503,-0.007307023863926364,-0.0072908159208137785,-0.0073232318070389525,5.848049234869111e-07
1134,18.683550604651053,-1.546252178592836,0.010920060811000927,-0.006938364746879817,-0.0069222938876923636,-0.006954435606067493,5.257025541531787e-07
1135,18.694415704579416,-1.547168173737889,0.010887226380107038,-0.0058835227818892985,-0.0058676518692514605,-0.005899393694527133,3.76871404068848e-07
1136,18.705248159797126,-1.5480805873188626,0.010854400499990622,-0.004148276176627282,-0.004132654827391946,-0.004163897525862617,1.8678552591129603e-07
1137,18.71604800511576,-1.548989109289356,0.010821583581489366,-0.001993880855295123,-0.001978434767797091,-0.0020093269427927107,4.302272479541285e-08
1138,18.726815253499744,-1.5498936935061667,0.010788776034584198,-6.926411449513156e-05,-5.384634238153607e-05,-8.468188660850501e-05,5.261420081008377e-11
1139,18.737549900308217,-1.5507945082329886,0.0107559782682199,0.0015264905628836478,0.001541906123342797,0.0015110750024242732,2.5064146881583506e-08
1140,18.74825193919076,-1.551691747558911,0.010723190690492934,0.0027960329217159366,0.0028114514316417046,0.0027806144117903907,8.383261098813951e-08
1141,18.75892136453357,-1.5525856021981541,0.01069041370850292,0.0037419069206195074,0.0037573252964167546,0.0037264885448220417,1.4968660235605014e-07
1142,18.769558171443347,-1.5534762595442975,0.010657647728414496,0.0043667076078436895,0.0043821105231081,0.004351304692579282,2.0322231205204526e-07
1143,18.780162355734575,-1.5543639036884311,0.010624893155422718,0.004673037345767406,0.004688405373598169,0.004657669317936198,2.3201958237568656e-07
1144,18.790733913917528,-1.5552487154348276,0.01059215039376943,0.004663542668827729,0.00467885631672026,0.004648229020935861,2.3036559017154517e-07
1145,18.80127284357804,-1.556130867640818,0.010559419846736336,0.004357627636671732,0.0043728626737963225,0.004342392599547364,2.0051278111237585e-07
1146,18.811779144298885,-1.5570105141014987,0.010526701916590255,0.0037981828862639552,0.0038133357083400612,0.0037830300641880747,1.5186104167410702e-07
1147,18.82225281737238,-1.5578877928983825,0.01049399700465415,0.002993304726971475,0.003008360269654852,0.0029782491842878754,9.402567529150981e-08
1148,18.832693864831224,-1.5587628379062604,0.010461305511260968,0.0019450329640603795,0.001959989135617981,0.001930076792503,3.957750176793903e-08
1149,18.84310228929942,-1.5596357805040433,0.01042862783571862,0.0006553980284050576,0.0006702592358702637,0.0006405368209396259,4.480349115320829e-09
1150,18.853478093984705,-1.5605067495978857,0.010395964376371997,-0.0008736034369777879,-0.0008588296190837272,-0.0008883772548718451,7.934779278624502e-09
1151,18.863821282672497,-1.561375871629154,0.010363315530544795,-0.002639931664888913,-0.0026252184652436096,-0.0026546448645342197,7.222517259934146e-08
1152,18.87413185974333,-1.5622432703058429,0.010330681694546928,-0.004640618091319874,-0.004625893219031577,-0.004655342963608613,2.2247545082432574e-07
1153,18.884409836783995,-1.5631089881108178,0.010298063263655647,-0.006583887182695175,-0.006569038030580645,-0.006598736334808817,4.4639677955820063e-07
1154,18.894655247515928,-1.5639728096101382,0.010265460632198421,-0.007808724332303431,-0.007793829272851025,-0.007823619391756503,6.259492903035384e-07
1155,18.904868142913244,-1.5648343200555574,0.010232874193363299,-0.008228632149352759,-0.008213784483969849,-0.008243479814735444,6.928726242165448e-07
1156,18.91504857582631,-1.5656930877356405,0.010200304339393288,-0.007850299498816986,-0.007835594925073186,-0.007865004072560786,6.286169534260191e-07
1157,18.925196598802458,-1.5665486891901275,0.010167751461462838,-0.006680269241503962,-0.0066658019466128565,-0.006694736536394623,4.5374675700812165e-07
1158,18.93531226404107,-1.5674007090982458,0.010135215949684436,-0.004725107734378044,-0.0047109385422546765,-0.0047392769265014074,2.2628602753396405e-07
1159,18.945395623345554,-1.568248740235223,0.01010269819313814,-0.001991575300996404,-0.001977712259112769,-0.002005438342879147,4.00717082436049e-08
1160,18.955446728019893,-1.5690923841190338,0.01007019857987725,0.001510790214058335,0.0015244592260696896,0.0014971212020472024,2.298572523822229e-08
1161,18.96546561675199,-1.569931395342064,0.010037717496752882,0.005225282292627267,0.005239194254383517,0.00521137033087057,2.7406622045482315e-07
1162,18.975452290189516,-1.5707659868895267,0.010005255329810767,0.007969917417305496,0.007984180048164449,0.007955654786446324,6.355303311799558e-07
1163,18.985406720639155,-1.571596716945077,0.009972812463747928,0.009599427901375641,0.009613921766280724,0.009584934036470334,9.189855539596791e-07
1164,18.995328878522947,-1.5724241731996924,0.00994038928233891,0.010123893728579147,0.010138461327055776,0.010109326130102517,1.0188232507903609e-06
1165,19.00521873568744,-1.5732489321054755,0.009907986168223866,0.009553190427396593,0.009567650448144897,0.009538730406648294,9.042376644908484e-07
1166,19.015076265288705,-1.5740715590268195,0.009875603502975299,0.007897203775765822,0.007911393688205343,0.007883013863325856,6.159008471170961e-07
1167,19.02490144169043,-1.574892608292853,0.009843241667056524,0.005165838642895951,0.00517967088861266,0.005152006397178801,2.626762811622037e-07
1168,19.034694240454897,-1.575712622198572,0.009810901039838015,0.0013729422616313228,0.001386426479456495,0.001359458043805932,1.8493853204502307e-08
1169,19.044454651850092,-1.5765319693065951,0.009778581999494959,-0.002837777655325665,-0.002824271100281668,-0.0028512842103696617,7.874733965933674e-08
1170,19.054182707768184,-1.5773505256098663,0.009746284923316076,-0.006190685394583138,-0.006176938353380554,-0.006204432435785053,3.735229453134308e-07
1171,19.06387847084368,-1.5781678073739656,0.009714010187198552,-0.008540577315384441,-0.008526619491415973,-0.00855453513935291,7.085547248886145e-07
1172,19.073542006767198,-1.5789833016077415,0.009681758166094314,-0.009896401676602624,-0.009882333340034983,-0.009910470013170043,9.482200876299801e-07
1173,19.08317338089988,-1.5797965054215772,0.009649529233767178,-0.010266703953759095,-0.010252664285494113,-0.01028074362202408,1.0171112900152992e-06
1174,19.09277265820454,-1.5806069258685942,0.009617323762840291,-0.009660001154475475,-0.009646141054217294,-0.009673861254734097,8.974471676699513e-07
1175,19.102339903172997,-1.5814140798774905,0.009585142124821868,-0.008084897629008464,-0.00807133504214538,-0.008098460215872214,6.265388630808078e-07
1176,19.111875179674634,-1.5822174951659682,0.009552984690071679,-0.005554024089218797,-0.0055408551963908904,-0.0055671929820466995,2.9468322473154613e-07
1177,19.1213785414822,-1.583016822168001,0.009520851827729307,-0.002529337143579804,-0.00251638264901647,-0.0025422916381435817,6.091062379417132e-08
1178,19.13085001516056,-1.583812038115529,0.009488743905913056,0.00014201177042025281,0.00015498622176189636,0.00012903731907905683,1.9189518602503775e-10
1179,19.14028960826421,-1.5846033511075228,0.009456661291450051,0.0023705655686895727,0.002383611264944758,0.0023575198724343875,5.314301168569781e-08
1180,19.149697327225688,-1.5853909879522678,0.009424604350072417,0.004160380015183478,0.004173512745730312,0.004147247284636869,1.631287742374769e-07
1181,19.159073179279112,-1.586175171102434,0.009392573446299846,0.0055153802511234695,0.0055285862136931,0.005502174288553839,2.857171761186828e-07
1182,19.16841717243641,-1.586956118729283,0.009360568943518666,0.00643957122827055,0.006452824868557493,0.006426317587983607,3.88165347456476e-07
1183,19.177729315467772,-1.5877340447546868,0.009328591203875698,0.006936949515210157,0.00695022032043667,0.006923678709983644,4.489041903954532e-07
1184,19.187009617880936,-1.5885091589065516,0.00929664058837685,0.007011466009771379,0.00702471571779259,0.006998216301750165,4.570294902828004e-07
1185,19.196258089816457,-1.5892816677882156,0.009264717456809598,0.006662816740692901,0.006676013168705402,0.006649620312680623,4.112903157422421e-07
1186,19.205474741885784,-1.590051776638516,0.009232822167761374,0.005887683060115084,0.005900785182768761,0.005874580937461189,3.200545712987842e-07
1187,19.214659585229718,-1.590819688457226,0.009200955078634736,0.0046894129240813015,0.004702397873609827,0.004676427974553216,2.0233498073449543e-07
1188,19.223812631650606,-1.591585602253455,0.009169116545598143,0.0030720481226767793,0.0030848984503532746,0.003059197795000284,8.653385567454378e-08
1189,19.23293389361029,-1.5923497129094968,0.009137306923607813,0.001039605860905242,0.0010523202199277208,0.0010268915018827596,9.875914102221914e-09
1190,19.242023384213297,-1.593112211229224,0.009105526566418994,-0.0014039955049076937,-0.00139138683158066,-0.0014166041782347275,1.7949327252467933e-08
1191,19.251081117193383,-1.593873283954422,0.00907377582654482,-0.004254777872670812,-0.004242203129515822,-0.004267352615825802,1.6426426470192035e-07
1192,19.260107107095376,-1.5946331114707037,0.009042055055276329,-0.007499074152356358,-0.0074863334330485184,-0.007511814871663972,5.084905203829006e-07
1193,19.26910138166378,-1.5953917209761388,0.009010364602627633,-0.010500762694571078,-0.010487573007074372,-0.010513952382067565,9.935375404651197e-07
1194,19.278064000732172,-1.5961487638546168,0.008978704817473137,-0.012275836507873616,-0.01226242326457308,-0.01228924975117415,1.353056893905356e-06
1195,19.28699504494724,-1.5969036506811847,0.008947076047313917,-0.012749355269914688,-0.012735952568903443,-0.012762757970926155,1.454312493936684e-06
1196,19.295894596036042,-1.5976557845495254,0.008915478638495082,-0.011933497526570726,-0.01192035402855304,-0.011946641024588853,1.2696392335888692e-06
1197,19.30476273498627,-1.598404581203039,0.008883912936045207,-0.009840228496289925,-0.009827559604461786,-0.009852897388118509,8.602306253777339e-07
1198,19.313599541945095,-1.599149468845304,0.008852379283771398,-0.006481562056364916,-0.006469508955683934,-0.006493615157046342,3.7189460714399514e-07
1199,19.322405096115588,-1.5998898880529007,0.008820878024218569,-0.0018699448605406302,-0.0018584996727926822,-0.0018813900482885816,3.0844294490089275e-08
1200,19.331179475189273,-1.6006252973042057,0.008789409498595828,0.003956803236596723,0.00396806420026485,0.003945542272929484,1.3760993185312493e-07
1201,19.339922732530724,-1.6013554456737775,0.008757974046865447,0.009771375520882357,0.00978353139303895,0.009759219648725538,8.36209862850018e-07
1202,19.348634866523874,-1.6020807443096599,0.008726572007845847,0.013861893352271983,0.013874995189669982,0.01384879151487398,1.6768295256955706e-06
1203,19.35731584258225,-1.6028020083248726,0.008695203718790755,0.016115424014846426,0.016129131548843687,0.016101716480848946,2.2582048705684276e-06
1204,19.365965625865684,-1.6035200647507701,0.008663869515899331,0.016551052025420794,0.016564910550630405,0.016537193500210965,2.3733577779478325e-06
1205,19.374584183502876,-1.6042357230820623,0.008632569733975727,0.01518759247743217,0.015201139011747886,0.015174045943116235,1.9912146607075655e-06
1206,19.383171484341858,-1.6049497755181437,0.008601304706522643,0.012043747020235356,0.0120565858204751,0.012030908219996278,1.2476355663547933e-06
1207,19.39172749872373,-1.6056629970705125,0.008570074765795034,0.007138161065858836,0.007150095528077188,0.007126226603640481,4.366743694061433e-07
1208,19.400252198981,-1.6063761371675458,0.008538880242629917,0.0005277149962093913,0.0005389598829033081,0.0005164701095154781,2.378293894192736e-09
1209,19.4087455859978,-1.6070896021040877,0.008507721466602496,-0.006311142398379918,-0.0062994253129713615,-0.006322859483788471,3.3886734552666737e-07
1210,19.417207721907822,-1.6078030710931035,0.008476598766094422,-0.011533160846836931,-0.011520580200547973,-0.011545741493125889,1.1275050526903659e-06
1211,19.425638704819626,-1.60851580437087,0.008445512467900203,-0.015035494585854688,-0.015022204574412796,-0.015048784597296805,1.9092445417376488e-06
1212,19.434038634488132,-1.6092270523933558,0.008414462897701355,-0.016835209496801125,-0.016821541985407362,-0.01684887700819444,2.384863602223244e-06
1213,19.442407609916764,-1.6099360819369728,0.008383450379742061,-0.01694869990293484,-0.016935073916970866,-0.016962325888898813,2.4082172994966762e-06
1214,19.45074572918026,-1.6106421758360865,0.008352475236952319,-0.015392255190862895,-0.015379077218483552,-0.015405433163241795,1.9788816112311368e-06
1215,19.459053089248386,-1.6113446328345817,0.008321537790940919,-0.01218238061155117,-0.01216996749376938,-0.012194793729333409,1.2350031576483552e-06
1216,19.46732978514475,-1.61204277545343,0.008290638361890637,-0.0073736936638579414,-0.0073622038158684955,-0.007385183511847387,4.50773633316421e-07
1217,19.475575890334525,-1.6127361817705075,0.008259777268698943,-0.002085568214838438,-0.0020743133816941983,-0.002096823047982234,3.59270328403399e-08
1218,19.483791436287216,-1.6134249308726427,0.008228954828938609,0.0024408007774488726,0.0024523442278524196,0.0024292573270455475,4.902443331240977e-08
1219,19.49197643210285,-1.6141093734055076,0.008198171358692347,0.006146462741661751,0.006158401670384922,0.006134523812938577,3.097191399933454e-07
1220,19.50013088687917,-1.614789866426729,0.00816742717278083,0.009039839658666782,0.009052175401968256,0.009027503915365751,6.674319537967948e-07
1221,19.508254810841393,-1.615466759394625,0.008136722584615794,0.011129269815518462,0.011141940432928463,0.011116599198108458,1.0078201561873327e-06
1222,19.516348215284452,-1.6161403942843664,0.008106057906232698,0.01242321089550364,0.012436122610120483,0.012410299180887024,1.2510583730286133e-06
1223,19.524411112521214,-1.6168111056614247,0.008075433448279734,0.012930124767946683,0.012943160881298026,0.01291708865459534,1.3501170464588394e-06
1224,19.532443515826866,-1.6174792208291944,0.008044849520032076,0.012658166464670322,0.012671201372090709,0.012645131557250382,1.2890200833482794e-06
1225,19.54044543927286,-1.6181450613297494,0.00801430642935472,0.011608781945583804,0.01162170787447974,0.011595856016687868,1.0800389814688826e-06
1226,19.54841689757291,-1.6188089443200873,0.007983804482744826,0.009783565701619708,0.00979626415138344,0.009770867251855758,7.641954867575196e-07
1227,19.55635790615682,-1.6194711812272207,0.007953343985261204,0.0071906674119614,0.007203081461855148,0.0071782533620681,4.1123360939522576e-07
1228,19.56426848124606,-1.6201320764061,0.007922925240582286,0.0038384107838842323,0.003850503810396623,0.0038263177573711754,1.1673199193045698e-07
1229,19.57214863981826,-1.6207919271583808,0.00789254855099915,-0.0002650012979923608,-0.0002531829347198894,-0.00027681966126439153,5.546271120878211e-10
1230,19.579998399567522,-1.6214510238242927,0.007862214217319885,-0.005111651377239148,-0.005099963631878732,-0.0051233391225995635,2.0543199448844537e-07
1231,19.587817778870818,-1.6221096498269172,0.00783192253903492,-0.01069365859712296,-0.010681798933166693,-0.010705518261079006,8.956146545841304e-07
1232,19.5956067984524,-1.6227680616881521,0.007801673814073325,-0.01690291684367472,-0.0168897740675945,-0.016916059619754942,2.2290057353015703e-06
1233,19.603365511344165,-1.6234261364638973,0.007771468339097011,-0.021940312245743027,-0.021925329256559645,-0.02195529523492685,3.741009038845329e-06
1234,19.611094026264404,-1.624083100707348,0.007741306409237023,-0.024288143404989693,-0.024272420403317736,-0.024303866406662097,4.566704970772672e-06
1235,19.618792477438536,-1.6247378890997526,0.007711188318195001,-0.023923690572915615,-0.02390824193225288,-0.023939139213578355,4.4134450425643896e-06
1236,19.62646099827043,-1.6253894513068132,0.007681114358260122,-0.02087454274294,-0.02086036801109168,-0.020888717474787877,3.3470194788898408e-06
1237,19.634099720094767,-1.6260367615558662,0.0076510848202797745,-0.015168220770438175,-0.015156086637076627,-0.015180354903799948,1.7603231137054e-06
1238,19.641708771797937,-1.6266788182538725,0.007621099993580121,-0.006832767248778675,-0.006822944279778326,-0.006842590217779245,3.5580431726418734e-07
1239,19.649288279452932,-1.6273146437297343,0.007591160166286171,0.0041022305312453,0.004110214683410083,0.004094246379080294,1.277464464905992e-07
1240,19.656838361513316,-1.6279433378145978,0.007561265624515243,0.017321632633190573,0.01733149097388065,0.017311774292500054,2.2686744971303377e-06
1241,19.66435906741935,-1.6285648218126578,0.007531416653651811,0.02887279079523209,0.028888437566933017,0.02885714402353116,6.278476094741355e-06
1242,19.671850340682447,-1.6291803071997815,0.007501613537108335,0.03591171341439286,0.03593154109111511,0.03589188573767039,9.674465585738473e-06
1243,19.67931208348103,-1.6297915320661427,0.007471856556924292,0.038426031185066434,0.03844760504892037,0.03840445732121295,1.103264472525719e-05
1244,19.68674420183452,-1.6304002065848873,0.007442145993759651,0.03647126004884029,0.03649182393442979,0.03645069616325079,9.899192451710175e-06
1245,19.69414660543497,-1.6310080006863084,0.007412482126765899,0.030102432815959094,0.030119493967868713,0.030085371664049475,6.7168692936880825e-06
1246,19.701519206485354,-1.6316165445383497,0.0073828652334982795,0.019373057469234668,0.019385071208206005,0.01936104373026333,2.770903046431314e-06
1247,19.708861918616805,-1.6322274288812855,0.007353295590433621,0.004334392285608918,0.004341363502272391,0.0043274210689452225,1.3814616340097492e-07
1248,19.716174664185534,-1.6328421070119195,0.007323773471667748,-0.014436732507175334,-0.014429073429252051,-0.014444391585098172,1.5264154842665087e-06
1249,19.72345746502577,-1.6334608268999902,0.007294299151009868,-0.03108043265046508,-0.031064318835673545,-0.031096546465256836,7.046244693743472e-06
1250,19.73071049089372,-1.634082103349032,0.007264872899870303,-0.04204343426539321,-0.04202008077648656,-0.04206678775429986,1.284175655260663e-05
1251,19.737933968813536,-1.6347038211679434,0.0072354949884210415,-0.04733221958591775,-0.047304918257680705,-0.047359520914155226,1.620996348363389e-05
1252,19.745128125162477,-1.6353239059819717,0.007206165685401915,-0.047003956855626666,-0.04697688815424421,-0.047031025557008894,1.5921102165078957e-05
1253,19.75229318306657,-1.6359403333335205,0.00717688525802087,-0.041114409067893466,-0.0410916280667274,-0.04113719006905998,1.2131769563369345e-05
1254,19.759429360744818,-1.636551127829147,0.007147653971829885,-0.029720201569451855,-0.02970461997046398,-0.029735783168439285,6.31345458083483e-06
1255,19.76653686994567,-1.637154362423071,0.0071184720913210695,-0.01288116221874467,-0.012873671091478751,-0.012888653346010585,1.1811279174684231e-06
1256,19.773615902575955,-1.6377483005884448,0.0070893398784775494,0.008531176237385769,0.008537399177892143,0.00852495329688006,5.159691103009278e-07
1257,19.78066652976701,-1.6383326137352192,0.00706025759514212,0.027554846630886434,0.02757065954542946,0.02753903371634385,5.360639356954817e-06
1258,19.78768866987425,-1.638908822720519,0.007031225500507464,0.04070310117352721,0.040728529744159456,0.040677672602894975,1.1648931243550352e-05
1259,19.794682196916824,-1.639479036128125,0.007002243852679859,0.048017975999564054,0.04805003754999878,0.04798591444912933,1.614525824247249e-05
1260,19.801646992137453,-1.6400453171073823,0.006973312908213064,0.04957409703362364,0.04960861415590564,0.049539579911341655,1.7137554487130323e-05
1261,19.80858294251344,-1.640609678805132,0.00694443292210273,0.045446889322877146,0.04547951200264526,0.045414266643109484,1.434317136730348e-05
1262,19.81548993895035,-1.6411740849269545,0.006915604147736182,0.03571062346024681,0.03573791794064501,0.035683328979849285,8.819116417984233e-06
1263,19.822367874587663,-1.6417404502353277,0.006886826837197203,0.020436786241049047,0.020456999777658705,0.020416572704439837,2.876368405229364e-06
1264,19.8292166572951,-1.642310472845352,0.006858101240484658,0.0006679513248643298,0.0006854200711472226,0.0006504825785805454,3.060501001404678e-09
1265,19.83603630381655,-1.6428845143475126,0.006829427606823714,-0.016978033901723002,-0.016953593997011053,-0.01700247380643495,1.968608693543403e-06
1266,19.842826965409422,-1.643461340687909,0.006800806183203376,-0.029830632126065272,-0.02979768133311113,-0.029863582919019194,6.051812825528855e-06
1267,19.84958883309342,-1.644039285603157,0.0067722372153909745,-0.037938166513672725,-0.03789773172390215,-0.037978601303442855,9.747315043835586e-06
1268,19.85632209735915,-1.6446167224171995,0.006743720947508525,-0.041353861540006476,-0.04130799274395788,-0.04139973033605529,1.153272424276504e-05
1269,19.863026946874662,-1.645192064888367,0.006715257622118037,-0.04012934519662473,-0.04008026124138589,-0.04017842915186379,1.0814016841135572e-05
1270,19.869703567390683,-1.6457637665509415,0.00668684748023036,-0.0343163073039253,-0.03426565826638375,-0.03436695634146662,7.874497137771763e-06
1271,19.876352140713713,-1.6463303200842976,0.006658490761301011,-0.023967889373862898,-0.023916141015998964,-0.024019637731726832,3.8250406888435305e-06
1272,19.88297283238089,-1.646890391643617,0.006630187703104896,-0.009956734707016527,-0.009900609502899563,-0.010012859911133268,6.573010027752617e-07
1273,19.88956573298788,-1.6474435171479331,0.006601938542024273,0.0034123891232275202,0.003481542851402838,0.0033432353950519807,7.688613405880496e-08
1274,19.89613085402697,-1.6479901720155055,0.006573743512694791,0.014752328562252743,0.014840552538654784,0.014664104585850702,1.4306687315812447e-06
1275,19.90266819016103,-1.6485310472857946,0.006545602848242087,0.024064616708029826,0.024187225388455903,0.023942008027603746,3.79062922512968e-06
1276,19.909177738702763,-1.6490668176253476,0.006517516780210189,0.03137989326691797,0.0315144854729296,0.03124530106090635,6.417823147663569e-06
1277,19.91565949938392,-1.649598141404209,0.0064894855385201925,0.036442479146297946,0.03689054765563067,0.03599441063696522,8.61882337352729e-06
1278,19.92211347412598,-1.6501256609035173,0.006461509351535112,0.04069104533526083,0.03973570563638899,0.04164638503413244,1.0700682037340888e-05
1279,19.928539666822978,-1.6506500025220987,0.0064335884459896025,0.03387951051465143,0.04350686854102849,0.024252152488274812,7.583377328806149e-06
