frequency_index,omega0_rad_s,omega_e_rad_s,wavenumber_rad_m,wavelength_m,wave_amplitude_m,heave_response_real_m_per_m,heave_response_imag_m_per_m,pitch_response_real_rad_per_m,pitch_response_imag_rad_per_m,heave_rao_m_per_m,pitch_rao_rad_per_m,pitch_rao_rad_per_wave_slope,point_vertical_rao_m_per_m,heave_phase_lead_deg,pitch_phase_lead_deg,point_phase_lead_deg,fridsma_heave_phase_lag_deg,fridsma_pitch_phase_lead_deg,cg_accel_rao_mps2_per_m,point_accel_rao_mps2_per_m,cg_accel_g,point_accel_g,dynamic_condition_number,equation_relative_residual,heave_finite_length_factor,pitch_finite_length_factor,provider_route,matrix_contract,configuration,lambda_over_l
0,5.655284970861961,16.74364272255437,3.2612816916742378,1.9265999999999999,0.01,0.012781873631204806,-0.062428396468034074,0.2034899706004292,0.008973217036949387,0.06372347274822786,0.20368771872392244,0.06245634016954717,0.26270448329794777,11.571079318588943,92.52491368248775,78.66492675666137,-11.571079318588943,92.52491368248775,17.86484828713934,73.64908935537704,0.018217075440786958,0.07510117048673813,5.273712968205019,2.954463239317282e-16,0.48071431077428584,0.6708386514160075,faltinsen_ch9_reduced_order_planing_plus_matched_bie_replace_with_matched_bie,heave_pitch_2x2_v1,FnB=1.67,1.014
1,5.620244580566254,16.571620136368367,3.2209928105300336,1.9506983333333334,0.01,0.01302943145526877,-0.06137903303176508,0.20082238517647139,0.008786709442426942,0.06274672724502893,0.20101451850747662,0.06240762719193977,0.259638651569673,11.984740336671223,92.50530076841414,78.71498060291816,-11.984740336671223,92.50530076841414,17.231418010623138,71.30160142760296,0.017571156318032296,0.07270739898701695,5.268415559909254,2.730661668955433e-16,0.4911012595114308,0.6778660321567264,faltinsen_ch9_reduced_order_planing_plus_matched_bie_replace_with_matched_bie,heave_pitch_2x2_v1,FnB=1.67,1.0266833333333334
2,5.585847557002136,16.403584089072403,3.181687215314785,1.9747966666666668,0.01,0.013269845857123005,-0.06018560545631356,0.19800095066110573,0.008634401525326737,0.061631127794442034,0.1981891252122633,0.06229057471718042,0.2563484418168363,12.433760392795904,92.49696544748724,78.79846268241602,-12.433760392795904,92.49696544748724,16.58355416290182,68.97761604531868,0.016910519048708602,0.07033759341397795,5.263861528642501,2.5272846963189664e-16,0.5012130374920667,0.6846846018925166,faltinsen_ch9_reduced_order_planing_plus_matched_bie_replace_with_matched_bie,heave_pitch_2x2_v1,FnB=1.67,1.0393666666666668
3,5.552074450332887,16.23939421670911,3.1433293430518296,1.9988949999999999,0.01,0.013500350714724238,-0.05884940765419824,0.19502991763905533,0.008515285789404982,0.06037807756686661,0.1952157239219524,0.06210476301297123,0.2528372928132666,12.920384300258604,92.50002805824181,78.91644507840368,-12.920384300258604,92.50002805824181,15.922781302784898,66.67772610340762,0.016236718250151577,0.06799235835214637,5.260037756385141,2.2472123229463383e-16,0.5110574365906801,0.6913018355675419,faltinsen_ch9_reduced_order_planing_plus_matched_bie_replace_with_matched_bie,heave_pitch_2x2_v1,FnB=1.67,1.05205
4,5.518906624083483,16.07891673010324,3.105885325299929,2.022993333333333,0.01,0.01371830285943416,-0.057371638409523,0.191913230923382,0.008428351699295619,0.05898895428074831,0.1920982178881896,0.0618497458110882,0.24910865484942352,13.447668520781718,92.51467221516106,79.07024677819038,-13.447668520781718,92.51467221516106,15.250506562537083,64.40244994825709,0.015551188797945358,0.0656722223677373,5.256932399294131,2.560220073491919e-16,0.520642115093778,0.69772492524215,faltinsen_ch9_reduced_order_planing_plus_matched_bie_replace_with_matched_bie,heave_pitch_2x2_v1,FnB=1.67,1.0647333333333333
5,5.486326211925033,15.92202403252935,3.0693228884130344,2.0470916666666668,0.01,0.013921169971901777,-0.055753399491311084,0.1886545400987297,0.008372586198661993,0.057465124451481935,0.18884023856031648,0.06152504817046297,0.24516600635145697,14.019625631777217,92.54114887048212,79.26145941759034,-14.019625631777217,92.54114887048212,14.568032504391072,62.15224248779413,0.014855258935917028,0.06337764933773932,5.254534818262113,6.513672309992246e-17,0.5299745848427916,0.7039607885749407,faltinsen_ch9_reduced_order_planing_plus_matched_bie_replace_with_matched_bie,heave_pitch_2x2_v1,FnB=1.67,1.0774166666666667
6,5.45431607723286,15.768594363826843,3.033611260762936,2.07119,0.01,0.014106519068339594,-0.0539956942287849,0.18525720980224356,0.008346973881038645,0.055807964265630255,0.18544515565709238,0.06113016458491585,0.24101287664702173,14.64142353366367,92.57978162908279,79.49197857608027,-14.64142353366367,92.57978162908279,13.876570409414684,59.92750669867502,0.014150163827009924,0.06110905018398233,5.2528355157618405,1.673992719609825e-16,0.5390622010539686,0.71001607751362,faltinsen_ch9_reduced_order_planing_plus_matched_bie_replace_with_matched_bie,heave_pitch_2x2_v1,FnB=1.67,1.0901
7,5.422859775210269,15.618511468848578,2.998721086364209,2.0952883333333334,0.01,0.01427200554742048,-0.05209942647140544,0.18172432969199312,0.00835049685362421,0.05401888911292959,0.18191608724823266,0.06066455732593534,0.23665287570680418,15.319658587216963,92.63097351803617,79.76404167180823,-15.319658587216963,92.63097351803617,13.177254397688346,57.72860564780981,0.01343705995185751,0.05886679513168086,5.2518260784205015,1.3975633401515843e-16,0.5479121544441086,0.7158971870993636,faltinsen_ch9_reduced_order_planing_plus_matched_bie_replace_with_matched_bie,heave_pitch_2x2_v1,FnB=1.67,1.1027833333333334
8,5.391941517387847,15.471664288320284,2.9646243443918934,2.1193866666666663,0.01,0.014415362765347885,-0.05006539986694033,0.17805872406396303,0.008382134328050387,0.05209939488605608,0.1782559098352142,0.060127655017208674,0.23208973197839908,16.062730956190876,92.69521547159229,80.08027375721235,-16.062730956190876,92.69521547159229,12.471156976235761,55.55587519596636,0.012717040963260401,0.05665122666350523,5.251499124827939,7.703132071447402e-17,0.5565314653384918,0.721610264305957,faltinsen_ch9_reduced_order_planing_plus_matched_bie_replace_with_matched_bie,heave_pitch_2x2_v1,FnB=1.67,1.1154666666666666
9,5.361546138324173,15.327946670359896,2.931294274128154,2.143485,0.01,0.014534392104914971,-0.04789431739991736,0.17426296108806824,0.008440861966724366,0.05005111580238188,0.1744672684428884,0.05951885144482114,0.22732733978967767,16.881364316569886,92.77309686743456,80.44374283050013,-16.881364316569886,92.77309686743456,11.759306907175974,53.40963760994676,0.01199115590663068,0.054462673400138446,5.2518482581356265,8.979191018303926e-17,0.564926979478888,0.7271612168490507,faltinsen_ch9_reduced_order_planing_plus_matched_bie_replace_with_matched_bie,heave_pitch_2x2_v1,FnB=1.67,1.12815
10,5.331659064348433,15.187257101060865,2.8987053049154214,2.1675833333333334,0.01,0.014626953503364258,-0.04558678114073036,0.17033936164151028,0.008525651008620832,0.04787590608607245,0.17055258675715834,0.058837504615576894,0.22236981825622829,17.789333784594703,92.86531854656795,80.85802667183953,-17.789333784594703,92.86531854656795,11.042710750166968,51.290216380574655,0.011260431187170919,0.0523014652104181,5.252868023049812,2.9603074211176873e-16,0.5731053652858012,0.7325557219128012,faltinsen_ch9_reduced_order_planing_plus_matched_bie_replace_with_matched_bie,heave_pitch_2x2_v1,FnB=1.67,1.1408333333333334
11,5.302266284198574,15.049498452682862,2.866832990730673,2.1916816666666668,0.01,0.01469095640341081,-0.043143292162541924,0.16629000772429894,0.008635467194269332,0.04557595702417415,0.1665140773706857,0.058082936086292926,0.21722158421401586,18.80450055200876,92.97270887465947,81.32729370586645,-18.80450055200876,92.97270887465947,10.322380176513583,49.19795263130327,0.01052589842251287,0.05016794994346007,5.2545538668637315,2.1693181902735353e-16,0.581073112360833,0.7377992347513043,faltinsen_ch9_reduced_order_planing_plus_matched_bie_replace_with_matched_bie,heave_pitch_2x2_v1,FnB=1.67,1.1535166666666667
12,5.273354321420639,14.914577748119406,2.8356539490290493,2.2157799999999996,0.01,0.014724351091766091,-0.04056425058912313,0.16211675044716337,0.00876926950606542,0.0431539678468941,0.16235375223017745,0.057254430599956906,0.21188744245752764,19.950308297200195,93.09624356751982,81.85640100827516,-19.950308297200195,93.09624356751982,9.599368385044635,47.13322361297412,0.009788631576577765,0.04806251228806384,5.2569021042107025,2.3418205834795405e-16,0.5888365310427499,0.7428969971307765,faltinsen_ch9_reduced_order_planing_plus_matched_bie_replace_with_matched_bie,heave_pitch_2x2_v1,FnB=1.67,1.1662
13,5.244910208405784,14.782405940425722,2.8051458035352757,2.239878333333333,0.01,0.014725120389777885,-0.037849955741987594,0.15782121758648848,0.008926008736845445,0.040613400746106844,0.15807343341767452,0.05635123608136781,0.20637269755371773,21.25799107083074,93.23707022236391,82.45101334214019,-21.25799107083074,93.23707022236391,8.874821055412973,45.09646392238343,0.009049798917482497,0.0459855954096286,5.259909885252733,6.078419855224102e-17,0.5964017528550732,0.7478540455856993,faltinsen_ch9_reduced_order_planing_plus_matched_bie_replace_with_matched_bie,heave_pitch_2x2_v1,FnB=1.67,1.1788833333333333
14,5.216921461951359,14.652897706293068,2.7752871306887377,2.2639766666666667,0.01,0.014691271661303004,-0.03500060635973353,0.1534048207045329,0.00910462589685122,0.03795887127635942,0.1536747644478803,0.055372564066818966,0.20068329280196356,22.76990447269833,93.39653879031067,83.11774806028967,-22.76990447269833,93.39653879031067,8.150050983482906,43.08819026681283,0.00831073912445423,0.043937726202946815,5.263575167048618,1.041792433149558e-16,0.6037747317041732,0.7526752194682408,faltinsen_ch9_reduced_order_planing_plus_matched_bie_replace_with_matched_bie,heave_pitch_2x2_v1,FnB=1.67,1.1915666666666667
15,5.189376060241433,14.525971252449114,2.7460574094728476,2.288075,0.01,0.01462082910357195,-0.032016300866482064,0.14886876183609168,0.009304050466700027,0.0351967635564544,0.14915922232868437,0.054317590671681557,0.1948259836261842,24.544676277569977,93.57623962414158,83.86435187347735,-24.544676277569977,93.57623962414158,7.426652295090888,41.10903083801881,0.00757307775345392,0.04191954524533741,5.267896687871765,2.187196501691352e-16,0.6109612457053594,0.7573651687754078,faltinsen_ch9_reduced_order_planing_plus_matched_bie_replace_with_matched_bie,heave_pitch_2x2_v1,FnB=1.67,1.20425
16,5.162262421150358,14.401548134048436,2.717436974381788,2.3121733333333334,0.01,0.014511826287539893,-0.028897037669779746,0.1442140397451062,0.009523198501737494,0.03233623181956122,0.14452813071961654,0.05318545823955915,0.18880855495980636,26.665381746491477,93.77805128203477,84.69991688037624,-26.665381746491477,93.77805128203477,6.706682859263643,39.159760676420504,0.006838913246892306,0.03993184285808151,5.272873944271483,1.8741181387331064e-16,0.6179668995306261,0.7619283617427012,faltinsen_ch9_reduced_order_planing_plus_matched_bie_replace_with_matched_bie,heave_pitch_2x2_v1,FnB=1.67,1.2169333333333334
17,5.135569381780428,14.279553084194001,2.68940697129811,2.3362716666666663,0.01,0.014362298914993464,-0.025642715471379876,0.1394414557565617,0.009760970591127235,0.02939089122278818,0.13978267464314023,0.05197527787163823,0.18264009520665933,29.25287149929605,94.00420102670319,85.63514487623621,-29.25287149929605,94.00420102670319,5.992968375745695,37.24134482414163,0.006111127016611886,0.03797560311027887,5.278507170692453,2.6044244882976986e-16,0.6247971271858436,0.7663690921966436,faltinsen_ch9_reduced_order_planing_plus_matched_bie_replace_with_matched_bie,heave_pitch_2x2_v1,FnB=1.67,1.2296166666666666
18,5.109286179151524,14.15991385380024,2.6619493160731524,2.3603699999999996,0.01,0.014170277760465956,-0.022253133576999182,0.1345516191704488,0.010016249673197503,0.026381787767407357,0.13492391737162585,0.050686133111904084,0.17633134337811468,32.48803579381308,94.2573420254862,86.68267072886533,-32.48803579381308,94.2573420254862,5.28963182297016,35.354991615551796,0.005393923330566667,0.03605205816007689,5.284797321486272,5.1787013742121055e-17,0.6314571951375424,0.7706914866615674,faltinsen_ch9_reduced_order_planing_plus_matched_bie_replace_with_matched_bie,heave_pitch_2x2_v1,FnB=1.67,1.2423
19,5.08340243196688,14.042561061071728,2.6350466556190733,2.3844683333333334,0.01,0.013933781766771533,-0.018727992193504333,0.12954495226564194,0.010287898706878539,0.023342835430255126,0.12995282035150466,0.049317085173573055,0.1698951313307287,36.6495538386493,94.54065277499012,87.85745732354621,-36.6495538386493,94.54065277499012,4.6030559122086725,33.502219174015416,0.004693810742923091,0.034162756062483535,5.291746055165838,1.506384071447043e-16,0.6379522057202187,0.774899511218528,faltinsen_ch9_reduced_order_planing_plus_matched_bie_replace_with_matched_bie,heave_pitch_2x2_v1,FnB=1.67,1.2549833333333333
20,5.057908123384797,13.927428049929185,2.608682331336585,2.4085666666666663,0.01,0.013720159892775677,-0.015082277871046606,0.1245120804623979,0.010484677137747584,0.0203891611711417,0.12495273760809507,0.047898794003052976,0.1635268359650906,42.2923990616398,94.8132992708288,89.13481624853,-42.2923990616398,94.8132992708288,3.95495189967102,31.719832175475013,0.004032928573642396,0.032345227142270824,5.298977618151164,2.671879046181456e-16,0.6442871007645302,0.7789969781162789,faltinsen_ch9_reduced_order_planing_plus_matched_bie_replace_with_matched_bie,heave_pitch_2x2_v1,FnB=1.67,1.2676666666666665
21,5.032793584731381,13.814450756767233,2.582840344716427,2.4326649999999996,0.01,0.013760193607403874,-0.011365257106318577,0.11975227408565585,0.010315759346682118,0.017846904415219,0.12019576548108798,0.046536273806844386,0.15782563632471944,50.44493411113919,94.92344705597395,90.37922665277927,-50.44493411113919,94.92344705597395,3.4058862788860633,30.119294456266505,0.0034730374581391846,0.03071313288051119,5.305308052476734,2.0969630796684849e-16,0.6504666653949734,0.7829875521359191,faltinsen_ch9_reduced_order_planing_plus_matched_bie_replace_with_matched_bie,heave_pitch_2x2_v1,FnB=1.67,1.2803499999999999
22,5.008049480094152,13.703567584976291,2.5575053249653354,2.456763333333333,0.01,0.013756610388129323,-0.007509597458713123,0.1148776596919673,0.010172356680911793,0.015672854984421256,0.11532715871271232,0.045093614307245074,0.1520279642469357,61.37031056152736,95.06031286228057,91.78206467751863,-61.37031056152736,95.06031286228057,2.9431704017350326,28.548991555933515,0.003001198576205976,0.02911186955375538,5.31240496998405,1.0299546937839222e-16,0.6564955319528333,0.7868747567121963,faltinsen_ch9_reduced_order_planing_plus_matched_bie_replace_with_matched_bie,heave_pitch_2x2_v1,FnB=1.67,1.2930333333333333
23,4.983666791740764,13.594719286704784,2.5326624985188295,2.4808616666666663,0.01,0.01370743935422976,-0.003514673333946327,0.10988792852845392,0.01005344374117375,0.014150859418927185,0.11034685572018597,0.04356950670873827,0.14615465653583684,75.618819966903,95.22733311442272,93.3653306866808,-75.618819966903,95.22733311442272,2.615310788358643,27.011776365735727,0.0026668748128653953,0.027544346301474745,5.3202698950209575,1.9783545781292483e-16,0.6623781840064695,0.7906619798155474,faltinsen_ch9_reduced_order_planing_plus_matched_bie_replace_with_matched_bie,heave_pitch_2x2_v1,FnB=1.67,1.3057166666666666
24,4.959636806311129,13.487848851377954,2.508297660313772,2.50496,0.01,0.01361070517773599,0.0006202545059123815,0.10478261420159185,0.009957972745380052,0.01362483068105266,0.10525472654525958,0.04196261401132627,0.14023137422825888,92.6092252178484,95.42877660823342,95.15493950530902,-92.6092252178484,95.42877660823342,2.4786573550847186,25.511181407038002,0.002527527091396878,0.026014165292977728,5.32890523034454,1.727278437268116e-16,0.6681189604164869,0.79435247959984,faltinsen_ch9_reduced_order_planing_plus_matched_bie_replace_with_matched_bie,heave_pitch_2x2_v1,FnB=1.67,1.3184
25,4.935951101734914,13.382901400526201,2.4843971467033197,2.5290583333333334,0.01,0.013464420174274638,0.004896039289482059,0.09956109400001373,0.009884871421252118,0.014326960995045874,0.10005059780678104,0.04027157974301474,0.1342898510794906,109.98267994113564,95.66999988197256,97.18131835802313,-109.98267994113564,95.66999988197256,2.5659880829957054,24.051587608593017,0.002616579650538875,0.02452579383234134,5.338314243465032,4.6568585056887034e-17,0.6737220594281084,0.797949389821448,faltinsen_ch9_reduced_order_planing_plus_matched_bie_replace_with_matched_bie,heave_pitch_2x2_v1,FnB=1.67,1.3310833333333334
26,4.9126015348298075,13.279824088509342,2.4609478099057456,2.5531566666666663,0.01,0.01326657654278517,0.009313648698225074,0.09422258994072094,0.00983304072490031,0.0162094449392793,0.09473428706141612,0.03849504108949164,0.12836946095868418,125.07033617642367,95.95780381359549,99.47996409044356,-125.07033617642367,95.95780381359549,2.8585960409633526,22.638432978532933,0.0029149567293248486,0.023084777144624244,5.3485010555795345,0.0,0.6791915427672442,0.8014557250358315,faltinsen_ch9_reduced_order_planing_plus_matched_bie_replace_with_matched_bie,heave_pitch_2x2_v1,FnB=1.67,1.3437666666666666
27,4.8895802295390824,13.178566008754022,2.437936993886747,2.5772549999999996,0.01,0.01301513871444328,0.013874165448009356,0.08876616953570544,0.009801352379928312,0.019023309455374397,0.08930565134702914,0.03663164863200636,0.1225191557397699,136.82979344323724,96.30094125562698,102.09182309129653,-136.82979344323724,96.30094125562698,3.303865699280734,21.2784656162496,0.0033690054190582248,0.021697996376183103,5.359470632981787,1.9185633845782095e-16,0.684531339720374,0.8048743855781586,faltinsen_ch9_reduced_order_planing_plus_matched_bie_replace_with_matched_bie,heave_pitch_2x2_v1,FnB=1.67,1.35645
28,4.866879565769868,13.079078105149598,2.415352511582274,2.601353333333333,0.01,0.012708035772137388,0.018578787993657715,0.08319074627639612,0.009788646230247578,0.022509232250327943,0.08376465758925214,0.03468009625409863,0.11679979810339872,145.62756789274692,96.71085552840236,105.06324561379608,-145.62756789274692,96.71085552840236,3.850480681641883,19.980040243720737,0.003926397578828533,0.020373970972473513,5.3712287808488846,7.818086117646678e-17,0.6897452511815205,0.8082081623347899,faltinsen_ch9_reduced_order_planing_plus_matched_bie_replace_with_matched_bie,heave_pitch_2x2_v1,FnB=1.67,1.3691333333333333
29,4.844492168796216,12.98131308827379,2.3931826233757567,2.6254516666666667,0.01,0.012343153902642028,0.02342883135941649,0.07749507983363202,0.009793727398397846,0.026481381896198027,0.07811148759801677,0.032639167122079,0.11128684245477671,152.21811998823,97.20278147465422,108.44509530362564,-152.21811998823,97.20278147465422,4.4624965513808235,18.75344544386493,0.004550480083801119,0.019123192368306133,5.383782139319527,1.652061469104977e-16,0.6948369536523447,0.8114597413126163,faltinsen_ch9_reduced_order_planing_plus_matched_bie_replace_with_matched_bie,heave_pitch_2x2_v1,FnB=1.67,1.3818166666666667
30,4.822410899193473,12.88522535614299,2.3714160167498584,2.6495499999999996,0.01,0.011918328844214487,0.028425728097690086,0.07167777597103203,0.00981536323975527,0.030823182514507528,0.07234669946640135,0.030507805865946726,0.1060731671665149,157.25268828700422,97.79743367861386,112.29036351406205,-157.25268828700422,97.79743367861386,5.117543170794686,17.611225316596236,0.005218441741873817,0.017958451985740528,5.397138181791048,1.4327288156158207e-16,0.6998100031837797,0.814631708013338,faltinsen_ch9_reduced_order_planing_plus_matched_bie_replace_with_matched_bie,heave_pitch_2x2_v1,FnB=1.67,1.3944999999999999
31,4.800628843272787,12.790770919204213,2.3500417870386547,2.673648333333333,0.01,0.01143133829270735,0.03357102937783089,0.06573728616970739,0.009852280081576275,0.03546391840518334,0.0664714842301857,0.028285235010202966,0.10127158792262254,161.1956753172857,98.52367954345505,116.64939475692017,-161.1956753172857,98.52367954345505,5.8020325483491595,16.56841871326266,0.005916426657777284,0.01689508518532084,5.411305215374133,7.696121836742874e-17,0.7046678392496942,0.8177265516197961,faltinsen_ch9_reduced_order_planing_plus_matched_bie_replace_with_matched_bie,heave_pitch_2x2_v1,FnB=1.67,1.4071833333333332
32,4.779139303986631,12.697907329305512,2.3290494192114357,2.6977466666666663,0.01,0.010879894229441116,0.03886640620625635,0.05967190696225196,0.00990315973433404,0.04036049590668515,0.06048809017678926,0.02597114929286008,0.09701615330952142,164.3614438359508,99.4229323752557,121.5617398709283,-164.3614438359508,99.4229323752557,6.507599246373009,15.64257901148526,0.006635904459089504,0.015950991430799772,5.426292383455229,1.5005740758057363e-16,0.7094137885448727,0.8207466690014554,faltinsen_ch9_reduced_order_planing_plus_matched_bie_replace_with_matched_bie,heave_pitch_2x2_v1,FnB=1.67,1.4198666666666666
33,4.757935792278166,12.606593612400397,2.3084287706241855,2.721845,0.01,0.010261635134015325,0.04431365077864855,0.05347977897387398,0.009966635761267913,0.04548627046654492,0.054400556867482505,0.023566053915006838,0.09346078742975315,166.9619244335571,100.55669265447796,127.04407986833138,-166.9619244335571,100.55669265447796,7.228960231509534,14.853368029638137,0.0073714879510429505,0.015146220197150033,5.442109670326715,3.232744031411995e-17,0.7140510687011604,0.8236943685460563,faltinsen_ch9_reduced_order_planing_plus_matched_bie_replace_with_matched_bie,heave_pitch_2x2_v1,FnB=1.67,1.43255
34,4.73701201884909,12.516790204758703,2.2881700546792976,2.7459433333333334,0.01,0.009574118044954746,0.04991467796447843,0.04715888566840856,0.010041289490447256,0.05082458866175226,0.048216055335510356,0.021071884599183847,0.09077344941991045,169.14199227190863,102.02017704554595,133.07513619279882,-169.14199227190863,102.02017704554595,7.962690187668369,14.221479681953065,0.008119684283285699,0.014501873404223735,5.458767907854701,1.2544934028829653e-16,0.7185827919169638,0.8265718738243594,faltinsen_ch9_reduced_order_planing_plus_matched_bie_replace_with_matched_bie,heave_pitch_2x2_v1,FnB=1.67,1.4452333333333334
35,4.716361886322236,12.428458892472179,2.2682638253382184,2.7700416666666663,0.01,0.008814810430581441,0.05567152692356545,0.040707051796787304,0.010125645751951283,0.056365058262440926,0.041947500138629634,0.018493219205828002,0.08912428257926351,171.00270396910037,103.96850751990394,139.58127979654444,-171.00270396910037,103.96850751990394,8.706518369856648,13.766724055596656,0.008878177940332986,0.01403815171908517,5.47627878416334,1.2179922153097778e-16,0.7230119684964531,0.8293813270947639,faltinsen_ch9_reduced_order_planing_plus_matched_bie_replace_with_matched_bie,heave_pitch_2x2_v1,FnB=1.67,1.4579166666666665
36,4.6959794817767575,12.341562754057529,2.248700962435521,2.7941399999999996,0.01,0.007981081831775708,0.06158636285382552,0.034121941545345445,0.010218168320963643,0.06210135068393086,0.03561906594310857,0.015839841107432223,0.08866791432314373,172.61609381099527,106.67087299007278,146.4297058361754,-172.61609381099527,106.67087299007278,9.458915760589816,13.505379883256413,0.009645409758265888,0.013771654829382526,5.494654854323322,1.3314652845635194e-16,0.7273415102958186,0.8321247926544346,faltinsen_ch9_reduced_order_planing_plus_matched_bie_replace_with_matched_bie,heave_pitch_2x2_v1,FnB=1.67,1.4706
37,4.675859069635141,12.256066105973066,2.2294726577464483,2.818238333333333,0.01,0.007070195237329051,0.06766147886875482,0.027401056381146743,0.01031725504565948,0.06802987125815324,0.029279064918128254,0.013132731104100438,0.08952319050210554,174.03460361950317,110.63274285169996,153.4366102124062,-174.03460361950317,110.63274285169996,10.218845631020903,13.4473819694,0.010420322567870684,0.013712513416304245,5.5139095530402615,5.755011730596117e-17,0.7315742340747835,0.8348042600433927,faltinsen_ch9_reduced_order_planing_plus_matched_bie_replace_with_matched_bie,heave_pitch_2x2_v1,FnB=1.67,1.4832833333333333
38,4.655995084882608,12.171934450877462,2.210570401763192,2.8423366666666667,0.01,0.006079298151394469,0.07389929800254479,0.02054173259127845,0.010421232636712017,0.07414893196319464,0.023033993737953107,0.010419932212781265,0.09175660735196649,175.29717376197175,116.89959381814788,160.39263934689404,-175.29717376197175,116.89959381814788,10.985608294650918,13.59429084312547,0.011202202887480351,0.013862318776672435,5.534057209346844,2.2406515235397637e-16,0.7357128647523125,0.8374216471078418,faltinsen_ch9_reduced_order_planing_plus_matched_bie_replace_with_matched_bie,heave_pitch_2x2_v1,FnB=1.67,1.4959666666666667
39,4.636382126600722,12.089134428470675,2.1919859711382212,2.8664349999999996,0.01,0.005005413311099831,0.08030237533997614,0.013541138512876662,0.010528351093039786,0.0804582229958961,0.017152510281682493,0.007825100391849587,0.09537578208722157,176.43324994543025,127.86537137519502,167.09830610032327,-176.43324994543025,127.86537137519502,11.758741693013384,13.938900755861527,0.01199057954858528,0.014213723091842299,5.555113063309951,1.2577654029222827e-16,0.739760038566076,0.8399788029288064,faltinsen_ch9_reduced_order_planing_plus_matched_bie_replace_with_matched_bie,heave_pitch_2x2_v1,FnB=1.67,1.5086499999999998
40,4.617014951798112,12.007633768767505,2.1737114167557037,2.890533333333333,0.01,0.0038454290106906585,0.08687340026743377,0.006396271450429697,0.010636777736046932,0.08695846708804165,0.01241182214961388,0.005709967778583372,0.10033530264886441,177.46547135780986,148.98001540832996,173.39546451442095,-177.46547135780986,148.98001540832996,12.537956028055762,14.46667190440994,0.012785157039412808,0.014751899888759096,5.577093284771545,3.7621302538715027e-17,0.743718306135767,0.8424775106219552,faltinsen_ch9_reduced_order_planing_plus_matched_bie_replace_with_matched_bie,heave_pitch_2x2_v1,FnB=1.67,1.5213333333333332
41,4.59788846952234,11.927401247664323,2.1557390523947006,2.9146316666666663,0.01,0.00259608898660897,0.09361519884042988,-0.0008960457232352486,0.010744590822045737,0.09365118863078896,0.010781888975096974,0.0050014814933745915,0.106551757395632,178.41150975963842,-175.2328464274385,179.18362396992507,-178.41150975963842,-175.2328464274385,13.323089732022451,15.158362062902656,0.013585770606703055,0.015457227557731393,5.600014994149026,2.1601443696670286e-16,0.747590135430806,0.844919490014281,faltinsen_ch9_reduced_order_planing_plus_matched_bie_replace_with_matched_bie,heave_pitch_2x2_v1,FnB=1.67,1.5340166666666666
42,4.578997735237878,11.848406644668344,2.1380614439501375,2.9387299999999996,0.01,0.0012539818156705575,0.1005307362619847,-0.008339168286024047,0.010849772699784896,0.10053855680171044,0.013684271823506974,0.006400317382004158,0.11392170445487926,179.28535150196723,-142.45401069585185,-175.5807936144549,-179.28535150196723,-142.45401069585185,14.11407915833483,15.992868862239693,0.014392355349007898,0.01630818767085569,5.623896285327759,2.834185156608699e-17,0.751377914643357,0.8473064002030937,faltinsen_ch9_reduced_order_planing_plus_matched_bie_replace_with_matched_bie,heave_pitch_2x2_v1,FnB=1.67,1.5467
43,4.560337945456092,11.770620702667447,2.1206713991798107,2.9628283333333334,0.01,-0.0001844702240304352,0.10762311946497854,-0.015936633709499246,0.010950202476999472,0.10762327755944157,0.019336060309122775,0.00911789554789166,0.12233719440638016,-179.90179289557253,-124.4933029791554,-170.89638270285388,179.90179289557253,-124.4933029791554,14.910937309664117,16.949513876551666,0.01520492452536199,0.01728369410201411,5.648756250685209,2.0060291438002244e-16,0.7550839549678819,0.8496398420025836,faltinsen_ch9_reduced_order_planing_plus_matched_bie_replace_with_matched_bie,heave_pitch_2x2_v1,FnB=1.67,1.5593833333333333
44,4.5419044326040146,11.694015089626257,2.1035619579477185,2.9869266666666667,0.01,-0.0017230228827060845,0.11489559979021514,-0.023692166029457975,0.01104364815664713,0.11490851865291632,0.02613964222737599,0.01242637143565688,0.13169635146250294,-179.14083272336998,-114.99167577243351,-166.73219102796642,179.14083272336998,-114.99167577243351,15.713738652187008,18.009474602828465,0.016023554070133034,0.018364553239718424,5.674615008292636,5.3156455639733655e-17,0.7587104932887251,0.8519213602830025,faltinsen_ch9_reduced_order_planing_plus_matched_bie_replace_with_matched_bie,heave_pitch_2x2_v1,FnB=1.67,1.5720666666666667
45,4.52369266011943,11.61856236210151,2.086726382935906,3.0110249999999996,0.01,-0.0033459857245905075,0.12234843936364212,-0.03158778959944841,0.011116264290801623,0.12239418382908551,0.033486710551530324,0.01604748510651234,0.1418794291605774,-178.43346520486114,-109.38781152296495,-163.05718317534559,178.43346520486114,-109.38781152296495,16.52211221203624,19.15244479626693,0.01684786569525398,0.019530058476918143,5.701447464303731,5.030663490379215e-17,0.7622596947774327,0.854152446207304,faltinsen_ch9_reduced_order_planing_plus_matched_bie_replace_with_matched_bie,heave_pitch_2x2_v1,FnB=1.67,1.5847499999999999
46,4.505698217760588,11.544235930476468,2.0701581507987883,3.035123333333333,0.01,-0.004428739641480134,0.12988786330728921,-0.03893474115920158,0.01081487882138669,0.12996334394491804,0.04040885636905979,0.019519695320605185,0.1518163827128313,-178.04716300756988,-105.52366418127488,-160.26365733483516,178.04716300756988,-105.52366418127488,17.32013468855351,20.23247568660336,0.017661622152879437,0.020631383486311192,5.727871392377032,8.693441519913945e-18,0.7657336554016799,0.8563345393698928,faltinsen_ch9_reduced_order_planing_plus_matched_bie_replace_with_matched_bie,heave_pitch_2x2_v1,FnB=1.67,1.5974333333333333
47,4.487916817119527,11.471010025820409,2.053850943735554,3.059221666666666,0.01,-0.0056074554684001675,0.1376216767248259,-0.046450061244781723,0.010524035511361059,0.13773586846345645,0.04762733997493836,0.023189287479798083,0.16237408449682003,-177.66674902257725,-102.76579282054614,-157.74841530125136,177.66674902257725,-102.76579282054614,18.123846296860002,21.365843065014747,0.01848117991042813,0.02178709657733757,5.755472585997589,3.6388359347595327e-16,0.7691344043478147,0.8584690298419272,faltinsen_ch9_reduced_order_planing_plus_matched_bie_replace_with_matched_bie,heave_pitch_2x2_v1,FnB=1.67,1.6101166666666664
48,4.470344287328649,11.398859668285084,2.037798641457775,3.0833199999999996,0.01,-0.006885518358694224,0.14555397858439892,-0.05413812915678897,0.010241813899080472,0.14571674936264387,0.055098382739791577,0.02703818798327198,0.17352362714832406,-177.29160783905368,-100.71257652581536,-155.48018179393114,177.29160783905368,-100.71257652581536,18.933560364833113,22.546619271345357,0.019306858473416625,0.022991153218831467,5.784274857830311,8.90413159429725e-17,0.772463906359136,0.8605572601274382,faltinsen_ch9_reduced_order_planing_plus_matched_bie_replace_with_matched_bie,heave_pitch_2x2_v1,FnB=1.67,1.6227999999999998
49,4.4529765709507725,11.32776063695538,2.021995313530767,3.107418333333333,0.01,-0.008266495246976308,0.15368907552008237,-0.062003550744364797,0.009966195844659988,0.15391123051254532,0.06279940576568491,0.031058136161565015,0.185241947334378,-176.92119086875758,-99.13138308476744,-153.43009025817486,176.92119086875758,-99.13138308476744,19.749606064028615,23.769906030926702,0.020138993503417187,0.024238558560697798,5.814303485482131,4.807508769394495e-17,0.7757240639920988,0.8626005270343342,faltinsen_ch9_reduced_order_planing_plus_matched_bie_replace_with_matched_bie,heave_pitch_2x2_v1,FnB=1.67,1.6354833333333332
50,4.43580972004348,11.257689441076607,2.0064352120685673,3.1315166666666663,0.01,-0.009754148359440018,0.16203148856362456,-0.07005116702372065,0.009695057376756248,0.16232481848553523,0.07071888106385595,0.03524603268447784,0.19751116817704353,-176.55500360493895,-97.87966034634552,-151.57209408477897,176.55500360493895,-97.87966034634552,20.572328647794766,25.03169078676703,0.020977937060866626,0.025525220933516574,5.845585260036976,4.6596392143852497e-17,0.7789167197926964,0.8646000834641914,faltinsen_ch9_reduced_order_planing_plus_matched_bie_replace_with_matched_bie,heave_pitch_2x2_v1,FnB=1.67,1.6481666666666666
51,4.418839892389094,11.18862329258544,1.9911127647636315,3.1556149999999996,0.01,-0.011352449558954222,0.17058596026480388,-0.07828606337622593,0.009426159885937285,0.17096329416121417,0.07885150733588873,0.039601728606892504,0.21031794785337207,-176.19259556186313,-96.86573890606347,-149.88303411192317,176.19259556186313,-96.86573890606347,21.40208976124238,26.32871354311646,0.021824057921147774,0.02684781606676741,5.8781485388388655,1.885458138882699e-16,0.782043658395303,0.8665571401245432,faltinsen_ch9_reduced_order_planing_plus_matched_bie_replace_with_matched_bie,heave_pitch_2x2_v1,FnB=1.67,1.66085
52,4.402063347882093,11.12054007987594,1.9760225682334844,3.179713333333333,0.01,-0.013065595608765171,0.17935746221092633,-0.08671357935586226,0.009157140605707678,0.1798327251624566,0.0871957457034351,0.04412689769094386,0.22365288224627522,-175.8335522433486,-96.02821536812523,-148.34251133494118,175.8335522433486,-96.02821536812523,22.239267821341535,27.658349406631046,0.02267774196218029,0.028203667314150145,5.912023302716335,5.841158302122777e-17,0.785106608546287,0.8684728671672295,faltinsen_ch9_reduced_order_planing_plus_matched_bie_replace_with_matched_bie,heave_pitch_2x2_v1,FnB=1.67,1.6735333333333333
53,4.385476445066261,11.053418342736252,1.9611593816676447,3.2038116666666667,0.01,-0.0148980244452572,0.18835120295573507,-0.0953393191375498,0.00888550231630127,0.1889394791652713,0.09575248260501952,0.04882442676515038,0.23750998147849794,-175.47748866252377,-95.32451250224939,-146.93266126462157,175.47748866252377,-95.32451250224939,23.084258466253953,29.018508069289794,0.023539392622612166,0.029590643154685643,5.947241217861353,1.817238985661577e-16,0.7881072450546994,0.870348395756189,faltinsen_ch9_reduced_order_planing_plus_matched_bie_replace_with_matched_bie,heave_pitch_2x2_v1,FnB=1.67,1.6862166666666667
54,4.369075637814305,10.98723724839533,1.946518120759125,3.2279099999999996,0.01,-0.016854432557621136,0.19757263636754555,-0.10416916263960815,0.008608602199755457,0.19829023813103303,0.10452426740652512,0.05369807056600202,0.25188622438047964,-175.12404405826751,-94.72422252305152,-145.63788913950833,175.12404405826751,-94.72422252305152,23.93747507371356,30.40754943032122,0.024409431430420746,0.03100707115102632,5.983835702597586,1.6982680535820618e-16,0.7910471906723471,0.8721848195679401,faltinsen_ch9_reduced_order_planing_plus_matched_bie_replace_with_matched_bie,heave_pitch_2x2_v1,FnB=1.67,1.6988999999999999
55,4.3528574721430395,10.921976568622577,1.9320938519057465,3.252008333333333,0.01,-0.01893979358051724,0.2070274704057587,-0.11320927735542256,0.008323639767480767,0.2078920135153823,0.1135148600770656,0.0587522495168124,0.26678118683649,-174.77287754231875,-94.2050691655769,-144.4446003746842,174.77287754231875,-94.2050691655769,24.79934934888274,31.824213639540044,0.025288298602359364,0.03245166661351231,6.021841999295295,1.754547830436226e-16,0.7939280179055324,0.8739831962278292,faltinsen_ch9_reduced_order_planing_plus_matched_bie_replace_with_matched_bie,heave_pitch_2x2_v1,FnB=1.67,1.7115833333333332
56,4.336818583157667,10.857616657826764,1.9178817866673816,3.2761066666666663,0.01,-0.02115937821498014,0.2167216763339303,-0.12246613093120569,0.008027643773442977,0.21775216251379323,0.12272895456986714,0.0639919287116897,0.28219673636947984,-174.42366447535778,-93.75036777560608,-143.34094482303055,174.42366447535778,-93.75036777560608,25.670331982660024,33.26756356125221,0.026176453715244272,0.033923473929682625,6.061297251713895,5.1831875097039004e-17,0.7967512507607236,0.8757445486849936,faltinsen_ch9_reduced_order_planing_plus_matched_bie_replace_with_matched_bie,heave_pitch_2x2_v1,FnB=1.67,1.7242666666666666
57,4.320955692119005,10.79413843210352,1.9038772764660337,3.3002049999999996,0.01,-0.02351877560299704,0.2266614983763247,-0.13194650452860224,0.007717458017090824,0.22787840540969384,0.13217200617211652,0.06942254514295872,0.29813678425407236,-174.07609341760056,-93.34737609974952,-142.31658374748963,174.07609341760056,-93.34737609974952,26.550893381926244,34.73693770029991,0.027074376450598563,0.03542181856220005,6.102240588078593,1.6983910930148965e-16,0.7995183664263835,0.877469866528849,faltinsen_ch9_reduced_order_planing_plus_matched_bie_replace_with_matched_bie,heave_pitch_2x2_v1,FnB=1.67,1.7369499999999998
58,4.30526560362785,10.731523349183739,1.8900758075164381,3.324303333333333,0.01,-0.0260239162924963,0.2368534638232049,-0.14165750701271465,0.007389725930184702,0.2382788440970979,0.14185012281411866,0.07504996479506813,0.314607086674977,-173.72986353448636,-92.98619307365045,-141.36248271066447,173.72986353448636,-92.98619307365045,27.44152447369675,36.231911822905154,0.027982567414659185,0.036946267913003074,6.1447132102241016,1.4974582459535583e-16,0.8022307968931442,0.8791601072497693,faltinsen_ch9_reduced_order_planing_plus_matched_bie_replace_with_matched_bie,heave_pitch_2x2_v1,FnB=1.67,1.7496333333333332
59,4.289745202921009,10.669753389237941,1.8764729959755686,3.3484016666666663,0.01,-0.028681096942034842,0.24730439358797146,-0.1516065900079139,0.007040873830585039,0.24896198185609122,0.1517699971605914,0.08088045897068023,0.3316150872741991,-173.38468236427497,-92.65900511306612,-140.47073040182894,173.38468236427497,-92.65900511306612,28.3427375856122,37.75226774775353,0.028901549036227662,0.038496599499068015,6.188758489166881,1.476260857294271e-16,0.8048899305144775,0.8808161974465172,faltinsen_ch9_reduced_order_planing_plus_matched_bie_replace_with_matched_bie,heave_pitch_2x2_v1,FnB=1.67,1.7623166666666665
60,4.274391453273778,10.608811036494117,1.8630645833000998,3.3724999999999996,0.01,-0.03149700692839914,0.2580214132165929,-0.16180156386552905,0.0066670927137255495,0.25993674446629395,0.16193886560855084,0.08692069349614487,0.3491697944688402,-173.0402638741731,-92.35955877113851,-139.6343817657277,173.0402638741731,-92.35955877113851,29.255067405659727,39.29796802749006,0.02983186654531336,0.04007277513471987,6.234422067497568,2.0631246881754761e-16,0.8074971135099583,0.8824390339828473,faltinsen_ch9_reduced_order_planing_plus_matched_bie_replace_with_matched_bie,heave_pitch_2x2_v1,FnB=1.67,1.775
61,4.259201393503972,10.54867926162907,1.8498464318014995,3.396598333333333,0.01,-0.03447875703578931,0.26901196434640473,-0.17225061458909802,0.006264318438744532,0.2712125027506002,0.17236448564545997,0.09317772690871444,0.3672816879716474,-172.69632674667875,-92.0827844349259,-138.8473230494019,172.69632674667875,-92.0827844349259,30.17907202447203,40.86913546444709,0.03077408903598276,0.04167492004348793,6.281751969017121,1.6645651425344778e-16,0.8100536514131691,0.8840294850956024,faltinsen_ch9_reduced_order_planing_plus_matched_bie_replace_with_matched_bie,heave_pitch_2x2_v1,FnB=1.67,1.7876833333333333
62,4.244172135572825,10.489341504895426,1.8368145203890005,3.4206966666666667,0.01,-0.03763391042239467,0.28028381660722135,-0.1829623217642786,0.005828210150943423,0.28279909664917835,0.18305512617498307,0.09965901518255402,0.3859626499142636,-172.35259284937635,-91.8245229943104,-138.104156154373,172.35259284937635,-91.8245229943104,31.115334064012675,42.466036598454515,0.03172881061729813,0.043303306020358145,6.330798716074555,1.461642286418472e-16,0.8125608104662444,0.8855883914565065,faltinsen_ch9_reduced_order_planing_plus_matched_bie_replace_with_matched_bie,heave_pitch_2x2_v1,FnB=1.67,1.8003666666666667
63,4.229300862278374,10.430781659948654,1.823964940491259,3.4447949999999996,0.01,-0.04097051607918934,0.2918450799526324,-0.19394567754169367,0.005354126765158229,0.2947068609319327,0.19401956733928669,0.10637242143866553,0.4052259168217128,-172.00878585031055,-91.58132408871748,-137.4000997349951,172.00878585031055,-91.58132408871748,32.06446189692631,44.089068467862596,0.032696651656708785,0.04495833793177344,6.381615455100007,4.4543540582834185e-16,0.815019818962996,0.887116567189751,faltinsen_ch9_reduced_order_planing_plus_matched_bie_replace_with_matched_bie,heave_pitch_2x2_v1,FnB=1.67,1.8130499999999998
64,4.2145848250371225,10.372984058340325,1.811293892148001,3.468893333333333,0.01,-0.04449714501687596,0.3037042174031746,-0.20521010672182177,0.0048371013155747095,0.3069466526664326,0.20526710756942676,0.11332622964128802,0.4250860494096047,-171.66462994796018,-91.35029498979601,-136.73090467836846,171.66462994796018,-91.35029498979601,33.02709096131383,45.738748079763276,0.0336782601207485,0.0466405429782477,6.434258090865709,8.800656852276e-17,0.8174318685425066,0.8886148008473846,faltinsen_ch9_reduced_order_planing_plus_matched_bie_replace_with_matched_bie,heave_pitch_2x2_v1,FnB=1.67,1.8257333333333332
65,4.200021341750019,10.315933454645773,1.798797680263457,3.4929916666666663,0.01,-0.04822292944031694,0.3158700581755666,-0.21676548799144704,0.004271812956227093,0.31952988056775167,0.21680757636693226,0.12052916164266901,0.445558917781019,-171.31984869019396,-91.12898588060597,-136.09278185482285,171.31984869019396,-91.12898588060597,34.00388517618975,47.41570413550305,0.03467431301840052,0.04835056225673706,6.488785430047869,4.371860312001525e-16,0.819798115435021,0.8900838563444042,faltinsen_ch9_reduced_order_planing_plus_matched_bie_replace_with_matched_bie,heave_pitch_2x2_v1,FnB=1.67,1.8384166666666666
66,4.185607794749008,10.259615012195987,1.7864727110138177,3.517089999999999,0.01,-0.052157605195767294,0.32835181116313256,-0.22862217636101395,0.003652556372641546,0.3324685363667771,0.228651351826535,0.127990397175883,0.4666617001021704,-170.97416386077114,-90.91530167847563,-135.48234029466926,170.97416386077114,-90.91530167847563,34.99553846339349,49.12067064686615,0.035685517953015035,0.050089144250958444,6.545259334705884,2.8062517623812436e-16,0.822119681661913,0.8915244738553632,faltinsen_ch9_reduced_order_planing_plus_matched_bie_replace_with_matched_bie,heave_pitch_2x2_v1,FnB=1.67,1.8510999999999997
67,4.171341628820558,10.204014289385235,1.7743154884013757,3.541188333333333,0.01,-0.056311557805062674,0.34115907872164325,-0.24079102685136178,0.0029732083384680667,0.3457752283444164,0.24080938225068632,0.13571959655700858,0.48841289325041093,-170.6272944152125,-90.7074334739165,-134.89653420235354,170.6272944152125,-90.7074334739165,36.00277638226259,50.85448215044866,0.036712614789212006,0.05185713995140916,6.603744886340891,1.4343240229981768e-16,0.8243976561914428,0.8929373706742365,faltinsen_ch9_reduced_order_planing_plus_matched_bie_replace_with_matched_bie,heave_pitch_2x2_v1,FnB=1.67,1.8637833333333331
68,4.157220349302802,10.149117226527428,1.7623226109484194,3.5652866666666663,0.01,-0.06069587243290463,0.35430187070168523,-0.25328341947650096,0.002227191121185306,0.35946321719072327,0.2532932114408111,0.14372692597100464,0.5108323342697766,-170.27895545041414,-90.50380464246805,-134.3326174517301,170.27895545041414,-90.50380464246805,37.02635788392924,52.61807028595149,0.03775637744176579,0.0536554993661969,6.6643105612438935,2.9699659891024103e-16,0.8266330960519689,0.8943232420391729,faltinsen_ch9_reduced_order_planing_plus_matched_bie_replace_with_matched_bie,heave_pitch_2x2_v1,FnB=1.67,1.8764666666666665
69,4.14324152025305,10.094910133235663,1.7504907685242979,3.5893849999999996,0.01,-0.06532238816891522,0.36779061865299606,-0.26611128556617925,0.0014074324076170416,0.37354645436042355,0.2661150074153403,0.15202308529720557,0.5339412317515139,-169.92885719434923,-90.3030280540415,-133.78810441156327,169.92885719434923,-90.3030280540415,38.06707719268275,54.412461551112614,0.03881761579406093,0.05548526923170769,6.72702841789413,1.6742960054178327e-16,0.8288270274042197,0.8956827619237204,faltinsen_ch9_reduced_order_planing_plus_matched_bie_replace_with_matched_bie,heave_pitch_2x2_v1,FnB=1.67,1.8891499999999999
70,4.129402762682636,10.041379676300778,1.7388167392994536,3.613483333333333,0.01,-0.07020375704554692,0.38163619010740985,-0.27928713546759104,0.0005063213826548556,0.38803962310955986,0.27928759442380374,0.1606193384912576,0.5577622064910516,-169.57670400372552,-90.10387176077072,-133.26073612822043,169.57670400372552,-90.10387176077072,39.125765822437714,56.23877608399161,0.03989717775431744,0.05734759177088161,6.791974297221399,3.0520326790169617e-16,0.8309804465741786,0.8970165837960035,faltinsen_ch9_reduced_order_planing_plus_matched_bie_replace_with_matched_bie,heave_pitch_2x2_v1,FnB=1.67,1.9018333333333333
71,4.115701752856189,9.988512868045976,1.727297386820526,3.6375816666666663,0.01,-0.07535350825670664,0.3958499028246663,-0.2928240876594775,-0.0004843394472941173,0.4029581824121348,0.29282448821487855,0.1695275465876128,0.582319340968346,-169.22219335861507,-89.90523122227854,-132.74845104453746,169.22219335861507,-89.90523122227854,40.203294736971856,58.09822735413602,0.040995951458420415,0.05924370437829027,6.859228036601206,8.612058437930899e-17,0.8330943210480778,0.8983253413472924,faltinsen_ch9_reduced_order_planing_plus_matched_bie_replace_with_matched_bie,heave_pitch_2x2_v1,FnB=1.67,1.9145166666666666
72,4.102136220652568,9.93629705513581,1.7159296572009535,3.6616799999999996,0.01,-0.08078611809050694,0.4104435388585958,-0.30673589930351797,-0.0015733871415619242,0.41831841397062713,0.30673993458406285,0.17876020342490087,0.6076382373630151,-168.86501484392616,-89.70610661377259,-132.24935956264775,168.86501484392616,-89.70610661377259,41.30057666323751,59.99212266923506,0.04211486762884115,0.061174940136779696,6.928873698508309,1.4098555944422527e-16,0.8351695904309474,0.8996096491913033,faltinsen_ch9_reduced_order_planing_plus_matched_bie_replace_with_matched_bie,heave_pitch_2x2_v1,FnB=1.67,1.9271999999999998
73,4.088703947984823,9.884719907818887,1.7047105764217834,3.685778333333333,0.01,-0.0865170861434642,0.42542935826936834,-0.3210369982469254,-0.0027703564313067332,0.43413747255016144,0.321048951280257,0.1883304742287364,0.6337460839556378,-168.50484910818275,-89.50558411558147,-131.76172186705998,168.50484910818275,-89.50558411558147,42.41856856770992,61.92186442437028,0.04325490209980974,0.06314272909135156,7.000999814813202,1.4377758021876026e-16,0.8372071673701117,0.900870103535537,faltinsen_ch9_reduced_order_planing_plus_matched_bie_replace_with_matched_bie,heave_pitch_2x2_v1,FnB=1.67,1.9398833333333332
74,4.075402767276722,9.833769409584846,1.693637247737684,3.7098766666666663,0.01,-0.0925630184432238,0.44082011226956136,-0.3357425164757902,-0.0040855436116785165,0.45043343988281914,0.3357673733942879,0.1982522372147856,0.6606717298868763,-168.14136679046703,-89.30282034193135,-131.28392851530648,168.14136679046703,-89.30282034193135,43.558274306403206,63.88895203780839,0.044417078519579274,0.06514860022312247,7.075699647764711,7.810230819383503e-17,0.8392079384449753,0.9021072828258775,faltinsen_ch9_reduced_order_planing_plus_matched_bie_replace_with_matched_bie,heave_pitch_2x2_v1,FnB=1.67,1.9525666666666666
75,4.062230559993413,9.783433847216974,1.6827068491834005,3.733974999999999,0.01,-0.09894171817319042,0.4566290555467583,-0.35086832500038756,-0.005530076853719156,0.4672253824061654,0.3509119023894539,0.20854012840070607,0.6884457683509548,-167.77422740658372,-89.0970292588505,-130.81448337967225,167.77422740658372,-89.0970292588505,44.720747459862366,65.89498453119077,0.04560247124131316,0.06719418408038502,7.15307146876185,1.3272844994843524e-16,0.8411727650243919,0.9033217483656236,faltinsen_ch9_reduced_order_planing_plus_matched_bie_replace_with_matched_bie,heave_pitch_2x2_v1,FnB=1.67,1.9652499999999997
76,4.049185255224016,9.73370180122292,1.6719166311761489,3.758073333333333,0.01,-0.1056722847658768,0.4728699574517345,-0.3664310701302814,-0.007115993644211771,0.4845334131182758,0.36650015896636073,0.21920958983973837,0.7171006283923059,-167.40307818555056,-88.8874710847698,-130.35198858717885,167.40307818555056,-88.8874710847698,45.90709436510626,67.94166372350205,0.046812208414806544,0.06928121603554939,7.233218856076357,1.4014589741049224e-16,0.8431024840928606,0.9045140449100801,faltinsen_ch9_reduced_order_planing_plus_matched_bie_replace_with_matched_bie,heave_pitch_2x2_v1,FnB=1.67,1.977933333333333
77,4.036264828313955,9.684562136626841,1.6612639142096723,3.7821716666666663,0.01,-0.11277522221308697,0.48955711167756577,-0.3824482110676562,-0.008856326145419728,0.502378757850381,0.3825507399831355,0.23027692151197404,0.7466706755565446,-167.02755284742136,-88.67344277577163,-129.89513115815467,167.02755284742136,-88.67344277577163,47.11847735714856,70.0307980178091,0.04804747529191779,0.07141154014654251,7.316251012742679,2.209317648690706e-16,0.8449979090467462,0.9056847012377619,faltinsen_ch9_reduced_order_planing_plus_matched_bie_replace_with_matched_bie,heave_pitch_2x2_v1,FnB=1.67,1.9906166666666665
78,4.023467299544988,9.63600399410701,1.6507460866358894,3.8062699999999996,0.01,-0.11881746756031465,0.5067366902198017,-0.397832234145738,-0.010531633533406594,0.520480224227939,0.39797160932693587,0.24108590203474328,0.7752422964391473,-166.80391722286504,-88.48358880288792,-129.59128125960868,166.80391722286504,-88.48358880288792,48.32792800188086,71.98324190299323,0.04928077172314793,0.07340247883119438,7.401710613735123,1.857089069550108e-16,0.8468598304616799,0.9068342306992363,faltinsen_ch9_reduced_order_planing_plus_matched_bie_replace_with_matched_bie,heave_pitch_2x2_v1,FnB=1.67,2.0033
79,4.0107907328609915,9.588016781463956,1.6403606025302842,3.830368333333333,0.01,-0.1250910595948009,0.5244240303868104,-0.41362275492995143,-0.012292562759279082,0.5391366587774349,0.4138053775569301,0.2522648842691224,0.8046479724389404,-166.58391068647586,-88.29771280861407,-129.29884450814743,166.58391068647586,-88.29771280861407,49.562868517482926,73.97134105346352,0.050540060588970676,0.07542977576793658,7.49044333150114,1.6100478733492198e-16,0.8486890168322447,0.9079631317445649,faltinsen_ch9_reduced_order_planing_plus_matched_bie_replace_with_matched_bie,heave_pitch_2x2_v1,FnB=1.67,2.0159833333333332
80,3.9982332346376213,9.54059016540468,1.63010497963737,3.8544666666666654,0.01,-0.1317204625992241,0.5426374589528835,-0.4299227912083549,-0.014164476787718835,0.5583956412134643,0.4301560633108088,0.2638824300791354,0.8350729646838314,-166.35585461987594,-88.11298376821716,-129.00610517746173,166.35585461987594,-88.11298376821716,50.826768668014815,76.01073014227349,0.05182888006405329,0.07750937388636639,7.582636316281689,3.0363202704141464e-16,0.850486215285015,0.9090718884302712,faltinsen_ch9_reduced_order_planing_plus_matched_bie_replace_with_matched_bie,heave_pitch_2x2_v1,FnB=1.67,2.028666666666666
81,3.9857929524940894,9.493714063629419,1.619976797392744,3.878564999999999,0.01,-0.13872624377776116,0.5613977094054348,-0.44675458285979003,-0.016159095559480054,0.5782839776773655,0.4470467242643943,0.2759587205100032,0.8665606734927016,-166.11977829443265,-87.92851696070821,-128.71250756830057,166.11977829443265,-87.92851696070821,52.12108576564645,78.10363926328316,0.0531487161932428,0.07964354724934934,7.678436059015856,2.236141025394331e-16,0.8522521522659745,0.9101609709067147,faltinsen_ch9_reduced_order_planing_plus_matched_bie_replace_with_matched_bie,heave_pitch_2x2_v1,FnB=1.67,2.0413499999999996
82,3.9734680741453596,9.447378637208002,1.6099736950184245,3.9026633333333325,0.01,-0.14613061409429157,0.5807266085834173,-0.46414167578988264,-0.01828917123259636,0.5988301514556296,0.46450187189010955,0.28851519333972336,0.899157265308492,-165.87567122486877,-87.74346815118848,-128.41749958593877,165.87567122486877,-87.74346815118848,53.447365419883916,80.25245023496002,0.0545011450596115,0.08183472463579308,7.777998284567524,1.3465479480851082e-16,0.8539875342032964,0.9112308358867034,faltinsen_ch9_reduced_order_planing_plus_matched_bie_replace_with_matched_bie,heave_pitch_2x2_v1,FnB=1.67,2.054033333333333
83,3.9612568262931345,9.401574283233419,1.6000933696883193,3.926761666666666,0.01,-0.1539575812475507,0.6006471359097574,-0.4821090094023654,-0.020568596128924893,0.6200644472151188,0.4825475770259808,0.30157463693507824,0.9329118769591782,-165.62348399883584,-87.55702657558552,-128.12053005856043,165.62348399883584,-87.55702657558552,54.80724784545792,82.45970670970335,0.05588783921671308,0.08408549984928937,7.881488621748569,2.0137890743746044e-16,0.8556930481464348,0.912281927096154,faltinsen_ch9_reduced_order_planing_plus_matched_bie_replace_with_matched_bie,heave_pitch_2x2_v1,FnB=1.67,2.0667166666666663
84,3.9491574735541164,9.356291627740951,1.5903335747608338,3.950859999999999,0.01,-0.16223311921129457,0.6211834852698537,-0.5006830105073631,-0.023012523343982336,0.6420190864304803,0.5012115853024286,0.3151612927355851,0.96787683828676,-165.3631287844116,-87.36840847426852,-127.82104604600487,165.3631287844116,-87.36840847426852,56.20247475078971,84.72812524643857,0.05731057471286292,0.08639864300901794,7.98908333238214,2.711891532766849e-16,0.8573693623824364,0.9133146757075582,faltinsen_ch9_reduced_order_planing_plus_matched_bie_replace_with_matched_bie,heave_pitch_2x2_v1,FnB=1.67,2.0793999999999997
85,3.9371683174240495,9.311521518881658,1.5806921180757671,3.9749583333333325,0.01,-0.17098535636938866,0.6423611294111278,-0.5198916940932562,-0.025637501687429166,0.6647283751060327,0.5205234433528704,0.3293009672158814,1.0041079149743306,-165.09447952481344,-87.1768510751127,-127.51849011801534,165.09447952481344,-87.1768510751127,57.63489686031726,87.06060743524374,0.05877123876177621,0.08877711291342481,8.100970105138405,2.5694201246993924e-16,0.8590171270303462,0.9143295007569809,faltinsen_ch9_reduced_order_planing_plus_matched_bie_replace_with_matched_bie,heave_pitch_2x2_v1,FnB=1.67,2.092083333333333
86,3.9252876952761557,9.267255020339633,1.571166860312787,3.9990566666666663,0.01,-0.18024478455065082,0.6642068866585257,-0.5397647713956546,-0.028461626863911106,0.6882288650168068,0.5405146368448719,0.344021154275916,1.0416645736023726,-164.81737182542886,-86.98160693743039,-127.21229758004333,164.81737182542886,-86.98160693743039,59.10648213000941,89.46025317259684,0.06027183812006079,0.09122407057720715,8.21734892047856,3.647922467044589e-16,0.8606369746145467,0.9153268095452901,faltinsen_ch9_reduced_order_planing_plus_matched_bie_replace_with_matched_bie,heave_pitch_2x2_v1,FnB=1.67,2.1047666666666665
87,3.9135139793926124,9.223483404982876,1.561755713408901,4.023154999999999,0.01,-0.1900444915835321,0.6867489896383502,-0.5603337656963278,-0.03150471108464116,0.7125595298292895,0.5612187414902978,0.3593511691180596,1.0806102711891439,-164.5316025342001,-86.7819385768894,-126.90189362336632,164.5316025342001,-86.7819385768894,60.61932472202193,91.93037519666655,0.06181450823881951,0.09374289405318488,8.338432993708123,2.0941585188718641e-16,0.8622295206178379,0.9163069980242754,faltinsen_ch9_reduced_order_planing_plus_matched_bie_replace_with_matched_bie,heave_pitch_2x2_v1,FnB=1.67,2.11745
88,3.9018455760277946,9.180198148738159,1.55245663903246,4.047253333333333,0.01,-0.20042042035251081,0.7100171555720197,-0.5816321362735667,-0.03478847362562236,0.7377619576129273,0.5826715883268666,0.37532229479208257,1.1210127717184046,-164.23692901237845,-86.57711329838243,-126.58669037472747,164.23692901237845,-86.57711329838243,62.17565481170001,94.4745150039833,0.06340152326400963,0.09633719466278833,8.464449803874533,3.561614050734769e-16,0.8637953640150334,0.9172704511682945,faltinsen_ch9_reduced_order_planing_plus_matched_bie_replace_with_matched_bie,heave_pitch_2x2_v1,FnB=1.67,2.130133333333333
89,3.8902809245020635,9.137390924680691,1.5432676471113613,4.071351666666667,0.01,-0.21141165775358522,0.734042657535299,-0.6036954108996396,-0.038336755226362554,0.7638805614201759,0.6049114447111831,0.3919679427242817,1.1629444924333976,-163.93306808861678,-86.36639816903283,-126.26608381886511,163.93306808861678,-86.36639816903283,63.77784930806909,97.09646028192165,0.0650353069683012,0.09901083477224297,8.595642217049756,7.054555819163498e-17,0.8653350877878138,0.9182175433320426,faltinsen_ch9_reduced_order_planing_plus_matched_bie_replace_with_matched_bie,heave_pitch_2x2_v1,FnB=1.67,2.1428166666666666
90,3.878818496324921,9.09505359732984,1.5341867944132115,4.09545,0.01,-0.2230607574237684,0.7588583958682596,-0.6265613272356505,-0.04217575966233201,0.7909628097971569,0.627979212626019,0.4093238286972777,1.2064828829811645,-163.61969468521437,-86.14905506729473,-125.93945056511863,163.61969468521437,-86.14905506729473,65.42844357762037,99.80026400576492,0.0667184447060111,0.10176794726615607,8.732269713422225,2.4476569908627855e-16,0.8668492594215533,0.9191486385950277,faltinsen_ch9_reduced_order_planing_plus_matched_bie_replace_with_matched_bie,heave_pitch_2x2_v1,FnB=1.67,2.1555
91,3.867456794346416,9.053178217142506,1.5252121831753205,4.119548333333333,0.01,-0.23541410066861376,0.7844989686557313,-0.6502699834028788,-0.04633432633585944,0.819059479290435,0.6519186460838332,0.4274281659136841,1.251710840828752,-163.29644010099383,-85.92433574656232,-125.6061444267229,163.29644010099383,-85.92433574656232,67.13014427064564,102.59026536480569,0.06845369649232476,0.10461295688620038,8.874609728587151,2.307065190588009e-16,0.8683384313848084,0.9200640910933021,faltinsen_ch9_reduced_order_planing_plus_matched_bie_replace_with_matched_bie,heave_pitch_2x2_v1,FnB=1.67,2.1681833333333334
92,3.8561943519357427,9.011757015196267,1.5163419597825072,4.143646666666666,0.01,-0.24852230064329972,0.8110007398629733,-0.6748639979038356,-0.05084423832601788,0.8482249312389543,0.6767765896052412,0.44632187696125813,1.2987171667442163,-162.96288993069513,-85.69147685294699,-125.26549277838697,162.96288993069513,-85.69147685294699,68.88584335960324,105.47111269895818,0.07024401131844539,0.10755060361994993,9.02295912047053,2.178239287650109e-16,0.8698031415921199,0.9209642453389668,faltinsen_ch9_reduced_order_planing_plus_matched_bie_replace_with_matched_bie,heave_pitch_2x2_v1,FnB=1.67,2.1808666666666667
93,3.845029732185988,8.970782398054604,1.5075743134907693,4.167745,0.01,-0.2624406555694863,0.8384019032897403,-0.7003886789154422,-0.05574057103310346,0.8785174153854896,0.7026032399669211,0.4660488267009884,1.3475970645435356,-162.61858159582772,-85.4496948369596,-124.91679265421718,162.61858159582772,-85.4496948369596,70.6986335100541,108.44778864580918,0.07209254282558683,0.11058596834373532,9.177635774453702,1.6102373852505722e-16,0.871243913850769,0.9218494365279641,faltinsen_ch9_reduced_order_planing_plus_matched_bie_replace_with_matched_bie,heave_pitch_2x2_v1,FnB=1.67,2.19355
94,3.8339615271440683,8.93024694280701,1.4989074751949827,4.191843333333333,0.01,-0.2772296576058754,0.8667425399750783,-0.7268922027661923,-0.061062087364571895,0.9099994031089916,0.7294524336484223,0.48665607832366886,1.3984526897497038,-162.26300145654602,-85.198180697796,-124.5593065439303,162.26300145654602,-85.198180697796,72.57182491651136,111.52563771779147,0.07400266647276223,0.11372450094353471,9.338980360473464,1.8779104572707259e-16,0.8726612582920888,0.9227199908366266,faltinsen_ch9_reduced_order_planing_plus_matched_bie_replace_with_matched_bie,heave_pitch_2x2_v1,FnB=1.67,2.206233333333333
95,3.8229883570649044,8.890143392277029,1.4903397162388603,4.215941666666666,0.01,-0.2929555649515082,0.8960646660178625,-0.7544258011212261,-0.06685168635706021,0.9427379533686765,0.7573819626622927,0.5081941750661265,1.4513937522937546,-161.89558146819527,-84.93609449675627,-124.19225784051766,161.89558146819527,-84.93609449675627,74.50896374806929,114.71039655018386,0.07597799834609097,0.1169720511593499,9.507358257153177,2.5571629563794385e-16,0.8740556717879165,0.9235762257074394,faltinsen_ch9_reduced_order_planing_plus_matched_bie_replace_with_matched_bie,heave_pitch_2x2_v1,FnB=1.67,2.2189166666666664
96,3.8121088696889496,8.85046465039163,1.4818693472654945,4.24004,0.01,-0.3096910458650778,0.9264122669388191,-0.783043956009979,-0.07315691323687748,0.9768051147612442,0.7864539217259368,0.5307174503455292,1.5065381789074508,-161.51569533961597,-84.66255957301549,-123.81482588697175,161.51569533961597,-84.66255957301549,76.51385236174019,118.00822708266098,0.07802241577066603,0.12033490242097046,9.683161659353653,4.723294999001775e-16,0.8754276383527457,0.9244184501244678,faltinsen_ch9_reduced_order_planing_plus_matched_bie_replace_with_matched_bie,heave_pitch_2x2_v1,FnB=1.67,2.2316
97,3.8013217395422014,8.81120377770558,1.4734947171068764,4.2641383333333325,0.01,-0.32751590455072443,0.9578313136544803,-0.8128046013100616,-0.0800305402165057,1.0122783674220974,0.8167350900250056,0.5542843693587302,1.564012841410607,-161.12265414296738,-84.3766563904611,-123.42614056327204,161.12265414296738,-84.3766563904611,78.59057145480355,121.4257529597658,0.08014007989966354,0.12381980896612586,9.866811886894562,5.417125570958673e-16,0.8767776295321164,0.9252469648788502,faltinsen_ch9_reduced_order_planing_plus_matched_bie_replace_with_matched_bie,heave_pitch_2x2_v1,FnB=1.67,2.244283333333333
98,3.7906256672578817,8.77235398707479,1.4652142117108555,4.288236666666666,0.01,-0.34651790031233676,0.9903697538061151,-0.8437693286087495,-0.0875312288390665,1.049241108845272,0.8482973511233763,0.5789579055016556,1.6239543576755997,-160.71570131660553,-84.07741593853842,-123.02527634741446,160.71570131660553,-84.07741593853842,80.74350434076838,124.97009945835613,0.08233546046893525,0.12743403655514995,10.05876191354489,2.4807393605887413e-16,0.8781061047777587,0.9260620628247671,faltinsen_ch9_reduced_order_planing_plus_matched_bie_replace_with_matched_bie,heave_pitch_2x2_v1,FnB=1.67,2.2569666666666666
99,3.7800193789189938,8.733908639472869,1.4570262531040812,4.312334999999999,0.01,-0.3667936730369107,1.0240774705164626,-0.8760035944486715,-0.09572428645293332,1.0877831880477398,0.8812181548878324,0.6048059552876728,1.6865099726460693,-160.29400699327988,-83.76381260291555,-122.61124577573199,160.29400699327988,-83.76381260291555,82.97736354620592,128.64893727187575,0.0846133629182299,0.1311854071185122,10.259499136654673,4.898646706498452e-16,0.8794135118099853,0.9268640291262614,faltinsen_ch9_reduced_order_planing_plus_matched_bie_replace_with_matched_bie,heave_pitch_2x2_v1,FnB=1.67,2.2696499999999995
100,3.7695016254210016,8.695861239945364,1.4489292983895186,4.336433333333332,0.01,-0.38844978995575663,1.0590061985441077,-0.9095769247606075,-0.10468253146641068,1.1280014928498603,0.9155810256067891,0.6319017957773753,1.7518385273774386,-159.8566615754337,-83.4347564131703,-122.18299221793411,159.8566615754337,-83.4347564131703,85.29721993687006,132.47053050087146,0.08697895809157058,0.13508234769352578,10.46954840890907,4.684720180435537e-16,0.880700286967808,0.9276531414952844,faltinsen_ch9_reduced_order_planing_plus_matched_bie_replace_with_matched_bie,heave_pitch_2x2_v1,FnB=1.67,2.282333333333333
101,3.759071181853907,8.658205433696423,1.4409218387772105,4.360531666666666,0.01,-0.41160393077213664,1.0952093851560816,-0.944563110707773,-0.11448728444476283,1.1700005953678128,0.9514761207773323,0.6603245888651187,1.8201115246261235,-159.40266846753386,-83.08908456447438,-121.73938187102266,159.40266846753386,-83.08908456447438,87.70853459000871,136.4437892146184,0.08943781473796732,0.13913394402228935,10.689475354504207,3.285972866624214e-16,0.8819668555472377,0.9284296704213066,faltinsen_ch9_reduced_order_planing_plus_matched_bie_replace_with_matched_bie,heave_pitch_2x2_v1,FnB=1.67,2.2950166666666663
102,3.7487268469030366,8.620935002302831,1.4330023986469982,4.384629999999999,0.01,-0.43638623065289583,1.132741979698906,-0.981040388100634,-0.12522950492065704,1.213893461089415,0.9890008452915071,0.6901599370840514,1.891514300000023,-158.93093586192404,-82.72555209825654,-121.27919486334845,158.93093586192404,-82.72555209825654,90.21719363384281,140.57832695724102,0.09199593503779865,0.14334999919161082,10.919889992388477,3.8980655019640906e-16,0.8832136321282029,0.9291938793928295,faltinsen_ch9_reduced_order_planing_plus_matched_bie_replace_with_matched_bie,heave_pitch_2x2_v1,FnB=1.67,2.3076999999999996
103,3.738467442267859,8.584043860050597,1.425169534641982,4.4087283333333325,0.01,-0.4629408032705627,1.1716601316340025,-1.0190915898445305,-0.13701109705050102,1.2598022270949525,1.0282605259402087,0.7215004958680364,1.9662473080358631,-158.44026745950353,-82.34282161288928,-120.8011153453556,158.44026745950353,-82.34282161288928,92.82954627249818,144.88452356953405,0.0946597933774512,0.14774109769343666,11.161450688833554,2.65443981893246e-16,0.8844410208905114,0.929946025111125,faltinsen_ch9_reduced_order_planing_plus_matched_bie_replace_with_matched_bie,heave_pitch_2x2_v1,FnB=1.67,2.320383333333333
104,3.7282918120982127,8.54752605038949,1.4174218347915521,4.432826666666666,0.01,-0.49142746904782286,1.2120207714818871,-1.0588042573654464,-0.14994641102100104,1.3078590550354796,1.0693691512257464,0.7544466474110787,2.0445275327022414,-157.92935198937892,-81.93945185939977,-120.30372042684402,157.92935198937892,-81.93945185939977,95.55244620184989,149.3735936793526,0.09743637858172759,0.15231867526561324,11.414868460141944,3.338911444516069e-16,0.885649415919256,0.9306863576964989,faltinsen_ch9_reduced_order_planing_plus_matched_bie_replace_with_matched_bie,heave_pitch_2x2_v1,FnB=1.67,2.3330666666666664
105,3.718198822447313,8.511375742501071,1.40975791766287,4.456924999999999,0.01,-0.5220237169729373,1.25388104239597,-1.1002706923779324,-0.1641639714488666,1.3582070643176047,1.1124501813688914,0.7891072413433489,2.1265900316198696,-157.3967513723456,-81.51388505888866,-119.78546780167659,157.3967513723456,-81.51388505888866,98.39329659420714,154.0576611715581,0.10033323978545901,0.15709509483009806,11.680911643279112,4.0961815345469345e-16,0.8868392015000582,0.931415120887378,faltinsen_ch9_reduced_order_planing_plus_matched_bie_replace_with_matched_bie,heave_pitch_2x2_v1,FnB=1.67,2.34575
106,3.708187360740968,8.47558722797604,1.4021764315397272,4.481023333333333,0.01,-0.5549269317608518,1.2972975415861618,-1.1435879243953841,-0.17980846896953706,1.41100135045967,1.1576374330230133,0.82560040732664,2.212689622570577,-156.8408873514785,-81.0644327576265,-119.24468187963572,156.8408873514785,-81.0644327576265,101.36009878114427,158.94983987272732,0.10335853607617716,0.1620837287684656,11.96041094696717,5.499213975468838e-16,0.8880107524045175,0.9321325522324925,faltinsen_ch9_reduced_order_planing_plus_matched_bie_replace_with_matched_bie,heave_pitch_2x2_v1,FnB=1.67,2.358433333333333
107,3.6982563352624274,8.440154917596814,1.394676053627761,4.505121666666666,0.01,-0.5903569216133715,1.3423253200613592,-1.1888575616247095,-0.1970430568069075,1.4664100926325647,1.2050760424421605,0.8640544442615026,2.3031027193960147,-156.2600263891762,-80.58926001262151,-118.67953822151478,156.2600263891762,-80.58926001262151,104.46150468538423,164.06432056205915,0.10652108995975614,0.1672990476483398,12.254264887378769,3.236831283212284e-16,0.889164434166228,0.9328388832764302,faltinsen_ch9_reduced_order_planing_plus_matched_bie_replace_with_matched_bie,heave_pitch_2x2_v1,FnB=1.67,2.3711166666666665
108,3.6884046746523262,8.40507333822146,1.3872554892850395,4.52922,0.01,-0.6285587851801195,1.3890165755597892,-1.2361854828000254,-0.2160520003473704,1.524615752774105,1.2549235095174653,0.9046087899527613,2.39812932183296,-155.65226260375024,-80.08636767487621,-118.08804604756817,155.65226260375024,-80.08636767487621,107.70687293250357,169.41646422870448,0.10983044457842746,0.1727567153194052,12.56344559976931,4.2242677096811346e-16,0.8903006033477063,0.9335343397388156,faltinsen_ch9_reduced_order_planing_plus_matched_bie_replace_with_matched_bie,heave_pitch_2x2_v1,FnB=1.67,2.3838
109,3.6786313274232056,8.370337129765291,1.379913471277084,4.553318333333333,0.01,-0.6698061592095712,1.4374189563356103,-1.2856813144020565,-0.23704373453708696,1.5858163660865758,1.3073508229568254,0.9474150736037795,2.4980951597357577,-155.01549849033464,-79.55357250982995,-117.46802856138514,155.01549849033464,-79.55357250982995,111.10632839508311,175.02290121062853,0.1132969244289162,0.17847369000691216,12.889004998473485,1.2804737393420934e-16,0.891419607798561,0.9342191416873546,faltinsen_ch9_reduced_order_planing_plus_matched_bie_replace_with_matched_bie,heave_pitch_2x2_v1,FnB=1.67,2.3964833333333333
110,3.668935261488108,8.335941042276527,1.3726487590554177,4.577416666666666,0.01,-0.7144048902851117,1.4875733717300241,-1.337457620689376,-0.26025439110538234,1.650226918803446,1.3625436636048476,0.992638251130228,2.6033539858644192,-154.3474231410625,-78.988484865188,-116.81710080166198,154.3474231410625,-78.988484865188,114.67082466359756,180.901635434959,0.11693169906501974,0.1844683306072502,13.232081230342898,3.9417589737059987e-16,0.8925217869052222,0.934893503704989,faltinsen_ch9_reduced_order_planing_plus_matched_bie_replace_with_matched_bie,heave_pitch_2x2_v1,FnB=1.67,2.4091666666666667
111,3.65931546370277,8.30187993310265,1.3654601380587885,4.601515,0.01,-0.762697174162393,1.5395111780117976,-1.3916287118884856,-0.28595186484534907,1.718080803308905,1.4207036780275253,1.0404578196235548,2.714290002098444,-153.64548764917944,-78.38848356653267,-116.1326447042831,153.64548764917944,-78.38848356653267,118.4122085696909,187.07215238544296,0.1207468488930378,0.19076050678411383,13.593905327759124,2.3223476541000864e-16,0.8936074718325357,0.9355576350513817,faltinsen_ch9_reduced_order_planing_plus_matched_bie_replace_with_matched_bie,heave_pitch_2x2_v1,FnB=1.67,2.42185
112,3.6497709394209488,8.268148764144142,1.358346419036233,4.625613333333333,0.01,-0.8150662033486258,1.5932505734024471,-1.4483089472903805,-0.314440494847932,1.7896313322828168,1.4820498073956834,1.091069101832815,2.8313203903810638,-152.9068773528135,-77.75068769258186,-115.41178102836601,152.9068773528135,-77.75068769258186,122.3432853677942,193.55552858263448,0.12475543163852508,0.1973717106072252,13.975807912553838,6.046455108170535e-16,0.8946769857575166,0.9362117398189378,faltinsen_ch9_reduced_order_planing_plus_matched_bie_replace_with_matched_bie,heave_pitch_2x2_v1,FnB=1.67,2.4345333333333334
113,3.640300712062441,8.234742599192487,1.3513064373911903,4.649711666666666,0.01,-0.8719413558809528,1.6487919927927115,-1.5076103730312687,-0.3460664416738985,1.8651532815275198,1.546819646540706,1.1446845835552817,2.954897900279433,-152.1284805494108,-77.07192485762567,-114.65133777538935,152.1284805494108,-77.07192485762567,126.47788245525877,200.37453918680453,0.12897154732274405,0.20432516627676583,14.379225725749052,6.225085915084051e-16,0.8957306440955428,0.9368560170835952,faltinsen_ch9_reduced_order_planing_plus_matched_bie_replace_with_matched_bie,heave_pitch_2x2_v1,FnB=1.67,2.4472166666666664
114,3.6309038226933694,8.201656601349455,1.3443390525459074,4.67381,0.01,-0.9338039430986245,1.7061122384037637,-1.5696394866846723,-0.3812238433282699,1.9449444141614023,1.6152707936695008,1.2015352753537163,3.085513417556262,-151.30685329589264,-76.34869561305224,-113.84781471473096,151.30685329589264,-76.34869561305224,130.83090850545244,207.55375870148112,0.1334103985616418,0.21164593281240907,14.805707652275546,9.74666234233953e-16,0.896768754719261,0.9374906610505513,faltinsen_ch9_reduced_order_planing_plus_matched_bie_replace_with_matched_bie,heave_pitch_2x2_v1,FnB=1.67,2.4598999999999998
115,3.621579329618322,8.168886030524703,1.3374431473254063,4.6979083333333325,0.01,-1.0011935076581726,1.7651570152915348,-1.6344928596280694,-0.42036182901496727,2.0293269151149094,1.6876821310507357,1.26187205372111,3.2236983996052526,-150.4381799093237,-75.57713357990845,-112.9973436288213,150.4381799093237,-75.57713357990845,135.41840350393957,215.11964750540406,0.13808834158855426,0.21936099229135747,15.256919764431972,4.019169072180469e-16,0.8977916181704638,0.9381158611951358,faltinsen_ch9_reduced_order_planing_plus_matched_bie_replace_with_matched_bie,heave_pitch_2x2_v1,FnB=1.67,2.472583333333333
116,3.6123263079839596,8.136426241009028,1.3306176273603143,4.722006666666666,0.01,-1.0747146194589259,1.8258314577609205,-1.7022512700876005,-0.46399245605787426,2.1186486318944233,1.7643549489242427,1.3259669138942483,3.3700270100039997,-149.5182288086893,-74.75296095051596,-112.0956439170574,149.5182288086893,-74.75296095051596,140.2575732840912,223.10061385797405,0.14302292147072773,0.2274993130763044,15.734648709166107,2.776654551228276e-16,0.8987995278651913,0.9387318023990052,faltinsen_ch9_reduced_order_planing_plus_matched_bie_replace_with_matched_bie,heave_pitch_2x2_v1,FnB=1.67,2.4852666666666665
117,3.6031438493937036,8.104272679120522,1.3238614205078876,4.746104999999999,0.01,-1.1550440484238587,1.8879881322644538,-1.772971900943704,-0.5126996061163469,2.213283972148806,1.8456137861556485,1.3941140345698686,3.525117710469512,-148.5423034056266,-73.87143906465175,-111.13797326499065,148.5423034056266,-73.87143906465175,145.3667995838161,231.5270368264925,0.14823288236433044,0.23609187319471228,16.24080249442185,6.247154078599865e-16,0.8997927702922951,0.939338665081839,faltinsen_ch9_reduced_order_planing_plus_matched_bie_replace_with_matched_bie,heave_pitch_2x2_v1,FnB=1.67,2.4979499999999994
118,3.5940310615331406,8.072420880921118,1.3171734762905818,4.770203333333332,0.01,-1.24293808772079,1.9514118828057982,-1.8466780326826469,-0.567148822999442,2.313634246431939,1.931806808100205,1.4666305106147073,3.689633967181577,-147.5051878830964,-72.92731389715863,-110.1190732165518,147.5051878830964,-72.92731389715863,150.76561316760024,240.43122990766983,0.1537381401065606,0.24517162324307468,16.77740736570849,4.113037889195649e-16,0.900771625205697,0.9399366253286878,faltinsen_ch9_reduced_order_planing_plus_matched_bie_replace_with_matched_bie,heave_pitch_2x2_v1,FnB=1.67,2.510633333333333
119,3.584987067805805,8.040866470001104,1.3105527653515587,4.794301666666666,0.01,-1.3319067643544646,2.022025728100353,-1.9249256978666927,-0.6214268360798102,2.421273151470718,2.0227481936483684,1.5434313269376543,3.863825958659374,-146.6271349987894,-72.10828108882346,-109.25914124664341,146.6271349987894,-72.10828108882346,156.5487075715771,249.81772904978666,0.15963525523147773,0.25474318860139467,17.364285727598315,2.060305898057869e-16,0.9017363658105658,0.9405258550131607,faltinsen_ch9_reduced_order_planing_plus_matched_bie_replace_with_matched_bie,heave_pitch_2x2_v1,FnB=1.67,2.523316666666666
120,3.576011006978984,8.009605155329183,1.3039982789265292,4.818399999999999,0.01,-1.4274169192234667,2.096717324310917,-2.0076307804117,-0.6801101206404832,2.5364823278215334,2.119700716293247,1.6255395045752792,4.049719335899389,-145.7534933150377,-71.2855446185153,-108.40379981240743,145.7534933150377,-71.2855446185153,162.72491590189904,259.80478205282765,0.16593323500063634,0.26492714846846543,17.996310839828116,5.692153138747701e-16,0.9026872589436258,0.9411065219165808,faltinsen_ch9_reduced_order_planing_plus_matched_bie_replace_with_matched_bie,heave_pitch_2x2_v1,FnB=1.67,2.5359999999999996
121,3.5671020328392316,7.978632729165872,1.2975090283313648,4.8424983333333325,0.01,-1.5325780996263298,2.17372240033277,-2.094602124570716,-0.7459054665819128,2.6596737967583004,2.2234507022493073,1.7136302358595,4.248648249278237,-144.81433566571357,-70.39875708619229,-107.4831027404687,144.81433566571357,-70.39875708619229,169.3110577683668,270.4629154326285,0.17264923064284626,0.2757954198759296,18.67258541944253,6.237093086893478e-16,0.9036245652478021,0.9416787898432667,faltinsen_ch9_reduced_order_planing_plus_matched_bie_replace_with_matched_bie,heave_pitch_2x2_v1,FnB=1.67,2.548683333333333
122,3.5582593138572807,7.947945065038072,1.2910840444649383,4.866596666666666,0.01,-1.6486200247550362,2.252783385614851,-2.185940586453499,-0.8198621658582679,2.79159111771864,2.3346327802270057,1.8082732802995358,4.461827185349462,-143.80278527996006,-69.4408653366364,-106.49011384050382,143.80278527996006,-69.4408653366364,176.3443384486486,281.8528681648961,0.17982118098295402,0.28740993934207515,19.397106287216072,1.9074987527224703e-16,0.9045485393414012,0.942242818732089,faltinsen_ch9_reduced_order_planing_plus_matched_bie_replace_with_matched_bie,heave_pitch_2x2_v1,FnB=1.67,2.5613666666666663
123,3.5494820328620404,7.917538115772668,1.2847223773266554,4.890694999999999,0.01,-1.776946229514969,2.333505989924206,-2.281680961568437,-0.9032027784813792,2.9330509896010355,2.4539444307971503,1.910097056068641,4.6905909378713595,-142.71101668245103,-68.4038776608367,-105.4169521936738,142.71101668245103,-68.4038776608367,183.86536939256968,294.040996395521,0.18749049817477903,0.2998383713046973,20.174238290135673,7.829634046012658e-16,0.9054594299820184,0.9427987647644231,faltinsen_ch9_reduced_order_planing_plus_matched_bie_replace_with_matched_bie,heave_pitch_2x2_v1,FnB=1.67,2.5740499999999997
124,3.5407693867234022,7.887407911587234,1.278423095548186,4.914793333333333,0.01,-1.9191548706985992,2.4153130528543674,-2.3817602331985985,-0.9973513098796398,3.0849461196291323,2.5821486099302797,2.0197918974727678,4.936399616053783,-141.5301151034852,-67.27872264180107,-104.25465131047456,141.5301151034852,-67.27872264180107,191.9182110315069,307.09936138643246,0.19570211135454707,0.31315419780091314,21.008719671597152,1.0826521522604588e-15,0.9063574802253532,0.9433467804686402,faltinsen_ch9_reduced_order_planing_plus_matched_bie_replace_with_matched_bie,heave_pitch_2x2_v1,FnB=1.67,2.586733333333333
125,3.5321205860435625,7.857550558235825,1.2721852859389007,4.938891666666666,0.01,-2.077058386655218,2.497383947205445,-2.485973969779571,-1.1039640766964844,3.248245391181865,2.720074127860842,2.1381116083679332,5.200839349787021,-140.24991751025607,-66.05508965406891,-102.99299992688584,140.24991751025607,-66.05508965406891,200.55024603964284,321.1055464109932,0.20450433740333637,0.32743653175242643,21.905649492796925,2.950904499864698e-16,0.9072429275791094,0.9438870148212524,faltinsen_ch9_reduced_order_planing_plus_matched_bie_replace_with_matched_bie,heave_pitch_2x2_v1,FnB=1.67,2.5994166666666665
126,3.5235348548566066,7.827962235208087,1.2660080530445532,4.96299,0.01,-2.25269913462231,2.5785753857358205,-2.593916830700725,-1.2249619949056123,3.4239895459902825,2.868612280102634,2.2658720639288714,5.485615811952836,-138.85883570252025,-64.72125145822056,-101.62036488079696,138.85883570252025,-64.72125145822056,209.8117826057321,336.1420403703772,0.2139484763968655,0.34276948842915494,22.870446406696235,4.0855192983439246e-16,0.908116004152152,0.9444196133448426,faltinsen_ch9_reduced_order_planing_plus_matched_bie_replace_with_matched_bie,heave_pitch_2x2_v1,FnB=1.67,2.6121
127,3.5150114303360778,7.798639193979845,1.2598905187187552,4.987088333333333,0.01,-2.448356205141858,2.6573186397037944,-2.704901986141869,-1.3625616932396993,3.613279737326445,3.028707500323936,2.403944989921805,5.792536285106465,-137.34366419274767,-63.26387160865333,-100.12349878764545,137.34366419274767,-63.26387160865333,219.75524113400985,352.2949510277753,0.22408798227122398,0.35924087331328775,23.908763159087528,4.351342075716196e-16,0.9089769367990794,0.9449447182028814,faltinsen_ch9_reduced_order_planing_plus_matched_bie_replace_with_matched_bie,heave_pitch_2x2_v1,FnB=1.67,2.6247833333333332
128,3.5065495625102994,7.769577756313483,1.2538318217068187,5.011186666666666,0.01,-2.6665356748895728,2.7314875099286366,-2.8178529885869694,-1.5193006695281834,3.817255103127761,3.201338780841119,2.5532441635459486,6.123474038497853,-135.68937948349398,-61.66780328565683,-98.48733912694712,135.68937948349398,-61.66780328565683,230.4337137397843,369.65170667373866,0.23497699391717286,0.3769398384501728,25.026334347527186,1.0498223559579526e-15,0.9098259472603736,0.9454624682915641,faltinsen_ch9_reduced_order_planing_plus_matched_bie_replace_with_matched_bie,heave_pitch_2x2_v1,FnB=1.67,2.6374666666666666
129,3.4981485139851887,7.740774312606437,1.2478311172415437,5.035285,0.01,-2.909932192506939,2.798231309440424,-2.93116047818845,-1.6980482321502948,4.03705385474617,3.387487202574009,2.714700054974098,6.48030609239023,-133.87894373817434,-59.915892546360794,-96.69481173491658,133.87894373817434,-59.915892546360794,241.89859950644907,388.2972644220194,0.24666792381338082,0.3959530159861109,26.22872573135848,5.793431251519532e-16,0.9106632522982739,0.9459729993287378,faltinsen_ch9_reduced_order_planing_plus_matched_bie_replace_with_matched_bie,heave_pitch_2x2_v1,FnB=1.67,2.65015
130,3.4898075596743516,7.7122253202862705,1.2418875766505642,5.059383333333333,0.01,-3.181343527128177,2.8537684143488935,-3.042495578968052,-1.9019886295526576,4.273750203315087,3.5880830669018433,2.8892172966083542,6.864811904524698,-131.89313594938588,-57.98880909719219,-94.72666180641991,131.89313594938588,-57.98880909719219,254.19590696456788,408.3081614967204,0.25920768760439894,0.4163584521694161,27.520941454131407,4.219036306424668e-16,0.911489063828524,0.9464764439400641,faltinsen_ch9_reduced_order_planing_plus_matched_bie_replace_with_matched_bie,heave_pitch_2x2_v1,FnB=1.67,2.6628333333333334
131,3.4815259865362163,7.683927302250728,1.2360003869748564,5.083481666666666,0.01,-3.4835111718429324,2.893140037403709,-3.148572992095248,-2.1345549131889947,4.528256768380395,3.803923837824687,3.0776073194725218,7.278516139325728,-129.7104491673946,-55.864943149036606,-92.56135096803729,129.7104491673946,-55.864943149036606,267.3606815326616,429.7435271658896,0.27263202167168366,0.43821644207337845,28.906831213499316,4.533507989159579e-16,0.9123035890481312,0.9469729317424808,faltinsen_ch9_reduced_order_planing_plus_matched_bie_replace_with_matched_bie,heave_pitch_2x2_v1,FnB=1.67,2.6755166666666663
132,3.4733030933179965,7.655876845351365,1.2301687505980496,5.10758,0.01,-3.8188493903134435,2.9099331463305593,-3.2448615395235487,-2.3992811966469234,4.801179186617661,4.035551594424563,3.2804861873321602,7.722453877002012,-127.30711505726582,-53.52042962224918,-90.175081689941,127.30711505726582,-53.52042962224918,281.40887631868657,452.631943837317,0.28695719365806527,0.46155613164262727,30.388224452550066,1.456062373834375e-15,0.9131070305592707,0.9474625894250719,faltinsen_ch9_reduced_order_planing_plus_matched_bie_replace_with_matched_bie,heave_pitch_2x2_v1,FnB=1.67,2.6881999999999997
133,3.465138190306281,7.6280705989193045,1.2243918848861832,5.1316783333333325,0.01,-4.189013644591086,2.8959994896539563,-3.325251495239382,-2.699527303744291,5.0926072260332695,4.28307660102556,3.4981256033265082,8.196832613639284,-124.65734866708213,-50.929392582703116,-87.54204191831639,124.65734866708213,-50.929392582703116,296.3258846693653,476.9528785386635,0.3021683089223795,0.4863565830723678,31.963707833749794,7.684568455232395e-16,0.913899586489468,0.9479455408274438,faltinsen_ch9_reduced_order_planing_plus_matched_bie_replace_with_matched_bie,heave_pitch_2x2_v1,FnB=1.67,2.700883333333333
134,3.457030599084034,7.600505273331741,1.2186690218375609,5.155776666666666,0.01,-4.594251447489929,2.8412292346222054,-3.381711321324619,-3.0380156043190123,5.401826536129719,4.545933377521157,3.7302444684009495,8.700564976013357,-121.7339469183007,-48.06454341875008,-84.63500343871596,121.7339469183007,-48.06454341875008,312.0509889690943,502.6114569202883,0.31820345272758216,0.5125210514500755,33.626965911160816,9.354632170145997e-16,0.9146814506081833,0.9484219070156754,faltinsen_ch9_reduced_order_planing_plus_matched_bie_replace_with_matched_bie,heave_pitch_2x2_v1,FnB=1.67,2.7135666666666665
135,3.448979652293829,7.573177638617939,1.2129994077423853,5.179874999999998,0.01,-5.032484001110353,2.73348724481339,-3.404007399067315,-3.416111731208742,5.726940521691243,4.82256008080843,3.975731603846452,9.230654562402338,-118.5094197460148,-44.89831168574915,-81.42645289749822,118.5094197460148,-44.89831168574915,328.4573316796969,529.4059115404149,0.33493326638525583,0.53984379124412,35.36464216992959,6.418622487726166e-16,0.9154528124399165,0.9488918063559443,faltinsen_ch9_reduced_order_planing_plus_matched_bie_replace_with_matched_bie,heave_pitch_2x2_v1,FnB=1.67,2.7262499999999994
136,3.440984693407112,7.5460845231033815,1.2073823028518442,5.203973333333332,0.01,-5.498103364576191,2.55888746588762,-3.379623417015119,-3.8327931612767467,6.064408105548372,5.110005661246056,4.232301276220624,9.781443478749864,-114.95786954936025,-41.404724277364664,-77.89047114102483,114.95786954936025,-41.404724277364664,345.3279657572981,556.9885667154063,0.35213652547740376,0.5679702719230383,37.153778831043674,1.5249469408951623e-15,0.9162138573739526,0.9493553545858981,faltinsen_ch9_reduced_order_planing_plus_matched_bie_replace_with_matched_bie,heave_pitch_2x2_v1,FnB=1.67,2.7389333333333328
137,3.4330450764993286,7.519222812090927,1.2018169810563526,5.228071666666666,0.01,-5.980563910539466,2.3026522391580384,-3.2940966676995282,-4.283307096027747,6.408537432405825,5.403498175721983,4.4961073615156515,10.343785536660143,-111.05783308292945,-37.56224705351835,-74.00557500295388,111.05783308292945,-37.56224705351835,362.33045029579193,584.8243083218107,0.3694742346222124,0.5963548289393531,38.959097331469096,2.0084324161100178e-15,0.9169647667708554,0.949812664883855,faltinsen_ch9_reduced_order_planing_plus_matched_bie_replace_with_matched_bie,heave_pitch_2x2_v1,FnB=1.67,2.751616666666666
138,3.425160166030726,7.492589446577737,1.1963027295726505,5.252169999999999,0.01,-6.46302514805485,1.9508357253470985,-3.1320589272071895,-4.757653750259378,6.751033557291799,5.6960567352209,4.761384049717646,10.904303125245434,-106.79620890807212,-33.35771204295719,-69.75864465802209,106.79620890807212,-33.35771204295719,378.9955749169845,612.1555458064267,0.38646793238974014,0.6242249349231662,40.7307142361442,4.513156719602236e-16,0.9177057180658204,0.9502638479359071,faltinsen_ch9_reduced_order_planing_plus_matched_bie_replace_with_matched_bie,heave_pitch_2x2_v1,FnB=1.67,2.7642999999999995
139,3.417329336632673,7.466181422006887,1.1908388486394748,5.2762683333333324,0.01,-6.921563488881091,1.4930996057965542,-2.8792617600719166,-5.23926241964456,7.080775915352894,5.978295658874041,5.020239023696785,11.445012364393486,-102.17314587731735,-28.79120569280866,-65.14981201509947,102.17314587731735,-28.79120569280866,394.70981690705474,637.989224465323,0.40249199972167327,0.6505679558925046,42.403317179789944,9.94473552213433e-16,0.9184368848689891,0.9507090120009929,faltinsen_ch9_reduced_order_planing_plus_matched_bie_replace_with_matched_bie,heave_pitch_2x2_v1,FnB=1.67,2.776983333333333
140,3.409551972899324,7.439995787052546,1.1854246512215358,5.300366666666665,0.01,-7.325727677900826,0.9264049504528344,-2.5256706848855814,-5.704514504929714,7.384071515294645,6.2386295085895185,5.262780305910497,11.943716249505343,-97.20731579192211,-23.88134130431868,-60.19773328910449,97.20731579192211,-23.88134130431868,408.73447813161005,661.1269430532864,0.4167931741538752,0.6741618626679716,43.898183937580235,2.322195905960125e-15,0.9191584370628242,0.9511482629740112,faltinsen_ch9_reduced_order_planing_plus_matched_bie_replace_with_matched_bie,heave_pitch_2x2_v1,FnB=1.67,2.7896666666666663
141,3.40182746918448,7.414029642437679,1.1800594627215293,5.324464999999999,0.01,-7.641246709215864,0.2588784495107043,-2.0692362641785245,-6.123946172446799,7.645630734133276,6.464089683785127,5.477766068565075,12.375569298759668,-91.94038644497174,-18.66973186643702,-54.9440619638178,91.94038644497174,-18.66973186643702,420.26377278533806,680.2582579150331,0.42854978283648143,0.6936703746080805,45.12935820131264,5.350662176041674e-16,0.919870540896644,0.9515817044470555,faltinsen_ch9_reduced_order_planing_plus_matched_bie_replace_with_matched_bie,heave_pitch_2x2_v1,FnB=1.67,2.8023499999999997
142,3.394155229403486,7.388280139783269,1.1747426206999363,5.348563333333333,0.01,-7.835207126717245,-0.48759604239367876,-1.5192611958927873,-6.465746078478835,7.850364362188464,6.641839122766376,5.653867498915659,12.715979390067137,-86.4389946722188,-13.222962908721712,-49.45542176742168,86.4389946722188,-13.222962908721712,428.52535420117306,694.1231413906338,0.43697425135104545,0.7078086210792002,46.01436089806383,5.88470287299227e-16,0.9205733590784078,0.9520094377688028,faltinsen_ch9_reduced_order_planing_plus_matched_bie_replace_with_matched_bie,heave_pitch_2x2_v1,FnB=1.67,2.815033333333333
143,3.386534666840022,7.362744480488056,1.1694734746023627,5.372661666666666,0.01,-7.882879367743545,-1.27780197999934,-0.8977646044176831,-6.7013261354484985,7.985772663085714,6.761194662083791,5.781400612256461,12.944481863311243,-80.79253427298559,-7.630380235215824,-43.82119452275745,80.79253427298559,-7.630380235215824,432.908786256117,701.7204431656187,0.4414441080859591,0.7155557128740383,46.48789739032459,2.4567506916160965e-15,0.9212670508638408,0.9524315621021532,faltinsen_ch9_reduced_order_planing_plus_matched_bie_replace_with_matched_bie,heave_pitch_2x2_v1,FnB=1.67,2.8277166666666664
144,3.378965203957645,7.3374199146378665,1.164251385494183,5.39676,0.01,-7.7740394611832535,-2.067638472746887,-0.23749905966084234,-6.811492789738468,8.044303475007485,6.815632019702862,5.854089679102998,13.048580088576564,-75.10601226865009,-1.9969460061858229,-38.14637633951128,75.10601226865009,-1.9969460061858229,433.0870465997781,702.5059447893389,0.44162588304852124,0.7163567016150661,46.514838728865044,6.913157706282384e-16,0.9219517721429882,0.9528481744801488,faltinsen_ch9_reduced_order_planing_plus_matched_bie_replace_with_matched_bie,heave_pitch_2x2_v1,FnB=1.67,2.8404
145,3.371446272215943,7.312303739943642,1.1590757258022646,5.4208583333333324,0.01,-7.516123318668782,-2.8118119983094805,0.42341956842587086,-6.790892306407227,8.024861148660067,6.804079838460659,5.87026342368714,13.026223963579701,-69.48897449078422,3.5678358408025588,-32.54050314010982,69.48897449078422,3.5678358408025588,429.08760817975013,696.5094075278093,0.4375475908488119,0.7102419353477584,46.097837157504244,2.0343237093659124e-15,0.9226276755242773,0.9532593698602573,faltinsen_ch9_reduced_order_planing_plus_matched_bie_replace_with_matched_bie,heave_pitch_2x2_v1,FnB=1.67,2.853083333333333
146,3.3639773118911687,7.287393300707228,1.1539458790635468,5.444956666666666,0.01,-7.132644774278293,-3.472166984003963,1.0485760378194242,-6.648823951237239,7.932878736048258,6.7310007904943125,5.833029878278756,12.88596484319559,-64.0432101641302,8.962215165842622,-27.1053551842449,64.0432101641302,8.962215165842622,421.2842603228715,684.3233519811056,0.42959039052364617,0.6978156169345349,45.27648934591171,7.671593132277732e-16,0.9232949104161725,0.953665241177047,faltinsen_ch9_reduced_order_planing_plus_matched_bie_replace_with_matched_bie,heave_pitch_2x2_v1,FnB=1.67,2.8657666666666666
147,3.3565577719012274,7.26268598681415,1.1488612396802713,5.469055,0.01,-6.6575310599594095,-4.023607670261837,1.6094105283505509,-6.406183589339844,7.778954846154729,6.60525475883351,5.749392990812151,12.644777492568972,-58.8525211248823,14.10242655773493,-21.924726232246485,58.8525211248823,14.10242655773493,410.31347992115064,666.969118398893,0.418403307878991,0.6801192235869467,44.11844313047015,1.4713223338005244e-15,0.9239536231064968,0.954065879393332,faltinsen_ch9_reduced_order_planing_plus_matched_bie_replace_with_matched_bie,heave_pitch_2x2_v1,FnB=1.67,2.87845
148,3.34918710963489,7.238179232752503,1.143821212681651,5.493153333333333,0.01,-6.127827430490683,-4.455906428811464,2.088487472588944,-6.090074823528188,7.576633231204832,6.438228893052254,5.628702127282672,12.324477812791354,-53.97687916720491,18.928532128687124,-17.05858084000451,53.97687916720491,18.928532128687124,396.94919944203104,645.6946577775217,0.4047755343996483,0.6584253111689737,42.70605255059821,2.026601421581273e-15,0.9246039568394971,0.9544613735498171,faltinsen_ch9_reduced_order_planing_plus_matched_bie_replace_with_matched_bie,heave_pitch_2x2_v1,FnB=1.67,2.8911333333333333
149,3.3418647907851144,7.213870516657192,1.1388252134917876,5.517251666666666,0.01,-5.5774263679154,-4.7717494320218075,2.4794964412484526,-5.728301062675315,7.3401142723746755,6.241901606626852,5.481000536937852,11.948014163018753,-49.451462754266345,23.405384936848748,-12.542091021504092,49.451462754266345,23.405384936848748,381.97901700637505,621.7737947684075,0.38951019665877246,0.6340328193301562,41.12317377845727,1.438813684613965e-15,0.9252460518907244,0.9548518108133025,faltinsen_ch9_reduced_order_planing_plus_matched_bie_replace_with_matched_bie,heave_pitch_2x2_v1,FnB=1.67,2.9038166666666663
150,3.3345902891863552,7.189757359378744,1.133872667703644,5.541349999999999,0.01,-5.033317407671881,-4.982712491026736,2.7849667953193293,-5.345358759063231,7.08249305644606,6.027346042341125,5.315716847243442,11.536600608085436,-45.28947831675754,27.51980781414619,-8.388457501744739,45.28947831675754,27.51980781414619,366.1125576749098,596.3570061894978,0.37333091083592235,0.6081149079344097,39.4453826998212,1.3007580878756357e-15,0.9258800456397985,0.955237276523504,faltinsen_ch9_reduced_order_planing_plus_matched_bie_replace_with_matched_bie,heave_pitch_2x2_v1,FnB=1.67,2.9164999999999996
151,3.327363086655757,7.16583732357598,1.1289630108588893,5.565448333333332,0.01,-4.5144301905214785,-5.104969027346295,3.0131205359557094,-4.960439773099579,6.814747883469848,5.803865789863359,5.140882149405329,11.108061332112502,-41.48699757429955,31.275756164423825,-4.593746995260602,41.48699757429955,31.275756164423825,349.93201930599133,570.3903356350961,0.35683135352642475,0.5816362729730297,37.7346897823545,7.485311312992558e-16,0.9265060726411244,0.9556178542385113,faltinsen_ch9_reduced_order_planing_plus_matched_bie_replace_with_matched_bie,heave_pitch_2x2_v1,FnB=1.67,2.929183333333333
152,3.3201826728381145,7.1421080128318035,1.124095688233438,5.589546666666666,0.01,-4.032290240450179,-5.155860356920524,3.1749629532569856,-4.587100172858376,6.545399957473522,5.578698571386669,4.962832461490729,10.676263043106324,-38.02821701483845,34.68905859717668,-1.1421516451688092,38.02821701483845,34.68905859717668,333.8789331577123,544.5930482633719,0.34046176131269323,0.5553303607892318,36.03811896198314,1.0358400088500038e-15,0.9271242646926249,0.9559936257789455,faltinsen_ch9_reduced_order_planing_plus_matched_bie_replace_with_matched_bie,heave_pitch_2x2_v1,FnB=1.67,2.9418666666666664
153,3.3130485450544973,7.118567070791446,1.1192701546285144,5.613644999999999,0.01,-3.592547014138055,-5.151687625573074,3.2821335127288247,-4.2339322954316865,6.280627312639638,5.3571058490267935,4.786249170384442,10.251286632129311,-34.890123454687114,37.78275147457762,1.9893454547567444,34.890123454687114,37.78275147457762,318.26449048662533,519.4736694917449,0.32453946096437153,0.52971572299587,34.38880270625032,3.3199182246994925e-16,0.9277347509025524,0.9563646712708606,faltinsen_ch9_reduced_order_planing_plus_matched_bie_replace_with_matched_bie,heave_pitch_2x2_v1,FnB=1.67,2.95455
154,3.3059602081544366,7.095212180322484,1.114485874167073,5.637743333333332,0.01,-3.1966707649344066,-5.106589305793514,3.3455836413121283,-3.9056429473546026,6.024612710990724,5.142662416806694,4.614380976923675,9.839981910228175,-32.04612972039109,40.583443330961586,4.827334613958328,32.04612972039109,40.583443330961586,303.2912692826718,495.36472242061564,0.3092710245421952,0.5051314387896129,32.80829551621552,7.287506890750718e-16,0.9283376577544404,0.956731069187406,faltinsen_ch9_reduced_order_planing_plus_matched_bie_replace_with_matched_bie,heave_pitch_2x2_v1,FnB=1.67,2.9672333333333327
155,3.2989171743715775,7.072041062696006,1.1097423200954202,5.661841666666666,0.01,-2.8434369444529954,-5.032182060271773,3.3749186618876204,-3.604152083023828,5.779964527988148,4.9376095645486515,4.449329790472527,9.446644118624734,-29.468641126439564,43.11874849106712,7.39941310103319,29.468641126439564,43.11874849106712,289.07778641155244,472.4622370269585,0.29477730561563065,0.4817774031162104,31.30919060615996,1.349982017694026e-15,0.9289331091702514,0.9570928963893295,faltinsen_ch9_reduced_order_planing_plus_matched_bie_replace_with_matched_bie,heave_pitch_2x2_v1,FnB=1.67,2.979916666666666
156,3.2919189631826993,7.049051476788295,1.105038974589881,5.685939999999999,0.01,-2.5300636754306485,-4.937649501125207,3.3781848948210897,-3.329525561640125,5.5481172299885335,4.743192347903716,4.292330367500461,9.07365999345683,-27.13071266225478,45.41562997390244,9.732527988435379,27.13071266225478,45.41562997390244,275.68110011169347,450.8622412509496,0.2811164873954852,0.45975153722315937,29.89752974365375,7.803742402417286e-16,0.9295212265717795,0.9574502281643195,faltinsen_ch9_reduced_order_planing_plus_matched_bie_replace_with_matched_bie,heave_pitch_2x2_v1,FnB=1.67,2.9925999999999995
157,3.2849651011700094,7.026241218302427,1.1003753285683582,5.710038333333332,0.01,-2.2530073164679236,-4.830045160175255,3.361913597917007,-3.0806876657866757,5.32966961615731,4.559945124010752,4.14399069628675,8.722054732038016,-25.007017667811198,47.49943090316896,11.85200750671072,25.007017667811198,47.49943090316896,263.1154795446865,430.5909706819335,0.26830312037717924,0.4390805939662715,28.57479417711142,1.036120649488146e-15,0.9301021289403612,0.9578031382652382,faltinsen_ch9_reduced_order_planing_plus_matched_bie_replace_with_matched_bie,heave_pitch_2x2_v1,FnB=1.67,3.005283333333333
158,3.278055121886629,7.003608119009229,1.0957508815066472,5.734136666666665,0.01,-2.0084790018537975,-4.714663804147505,3.33128927432004,-2.8559273090870807,5.124650494133844,4.387916250794802,4.004483432184384,8.39192242563107,-23.074336002020345,49.39338642037319,13.781072904242706,23.074336002020345,49.39338642037319,251.36680581202714,411.6282148739462,0.2563228072909986,0.41974396442612544,27.339440523691323,4.639101630248271e-16,0.9306759328749454,0.958151698947293,faltinsen_ch9_reduced_order_planing_plus_matched_bie_replace_with_matched_bie,heave_pitch_2x2_v1,FnB=1.67,3.0179666666666662
159,3.2711885657251702,6.9811500460069915,1.0911651412593593,5.758234999999999,0.01,-1.792756357051559,-4.595402559805973,3.2903609543504535,-2.653237728748973,4.9327173081801545,4.226836364844402,3.8736907962126006,8.082748415460905,-21.311728556053538,51.11844924870687,15.540663960443567,21.311728556053538,51.11844924870687,240.4031598772417,393.92451222517997,0.24514299977794837,0.40169121180543815,26.188030015898914,1.100711167982711e-15,0.9312427526485758,0.9584959810041608,faltinsen_ch9_reduced_order_planing_plus_matched_bie_replace_with_matched_bie,heave_pitch_2x2_v1,FnB=1.67,3.0306499999999996
160,3.264364979789337,6.958864900999448,1.0866176238853267,5.782333333333332,0.01,-1.6023552720626812,-4.475076743397174,3.24225215066251,-2.4705328405605904,4.753299304399137,4.076239875763453,3.7513102918286814,7.793642033266845,-19.70052000140595,52.69330701812794,17.14945626268539,19.70052000140595,52.69330701812794,230.1823248315352,377.41335591088114,0.2347206485716684,0.3848545180167347,25.11602861532207,4.470652865248355e-16,0.9318027002633333,0.9588360538031099,faltinsen_ch9_reduced_order_planing_plus_matched_bie_replace_with_matched_bie,heave_pitch_2x2_v1,FnB=1.67,3.043333333333333
161,3.257583917768454,6.936750619591449,1.0821078534773516,5.806431666666666,0.01,-1.4341113184242613,-4.355679976157496,3.1893487680454866,-2.30577735124783,4.585697692645246,3.935550121363051,3.6369296357254663,7.523499732514695,-18.22417327755022,54.13450784701797,18.62398674221606,18.22417327755022,54.13450784701797,220.6569364212148,362.01959078224604,0.22500745557475266,0.36915724613629125,24.11835624785443,1.0927972617307855e-15,0.9323558855037838,0.9591719853191403,faltinsen_ch9_reduced_order_planing_plus_matched_bie_replace_with_matched_bie,heave_pitch_2x2_v1,FnB=1.67,3.0560166666666664
162,3.250844939814853,6.9148051706018645,1.0776353619961798,5.8305299999999995,0.01,-1.2852058144641962,-4.238590543378726,3.133457796513901,-2.157059139664863,4.429153844692251,3.8041374705109527,3.5300785448097036,7.271116399156758,-16.868110200991225,55.45663979881425,19.97883308733492,16.868110200991225,55.45663979881425,211.7779118060933,347.66501718105303,0.21595337021928315,0.3545196547047698,23.189752353901124,9.664993323646713e-16,0.9329024159889822,0.9595038421681915,faltinsen_ch9_reduced_order_planing_plus_matched_bie_replace_with_matched_bie,heave_pitch_2x2_v1,FnB=1.67,3.0686999999999998
163,3.2441476124240407,6.893026555393195,1.0731996891085749,5.854628333333332,0.01,-1.15315994019673,-4.124731125479052,3.0759366525068756,-2.0226244202192847,4.282894430775782,3.6813578793025,3.4302636467965466,7.03525921908148,-15.619511996213873,56.6725304133231,21.22681323341709,15.619511996213873,56.6725304133231,203.49665404824376,334.27200566926405,0.20750883741975473,0.34086258372559847,22.325010827990585,1.0841319351395264e-15,0.9334423972230694,0.9598316896394289,faltinsen_ch9_reduced_order_planing_plus_matched_bie_replace_with_matched_bie,heave_pitch_2x2_v1,FnB=1.67,3.081383333333333
164,3.237491508317564,6.8714128072174265,1.0688003820293714,5.878726666666666,0.01,-1.0358118923618134,-4.014690382484093,3.017796215780165,-1.9008898063841388,4.146160289179428,3.566577639137022,3.3369913588213986,6.8147150945985056,-14.467119699982788,57.79344636144174,22.379184978403117,14.467119699982788,57.79344636144174,195.7664059721981,321.76572750352335,0.19962617812626954,0.32810972911598085,21.5191242134545,3.051343256019162e-16,0.9339759326445127,0.9601555917266462,faltinsen_ch9_reduced_order_planing_plus_matched_bie_replace_with_matched_bie,heave_pitch_2x2_v1,FnB=1.67,3.0940666666666665
165,3.230876206328515,6.849961990577683,1.0644369953674024,5.902824999999999,0.01,-0.9312863164573084,-3.9088144229431965,2.9597816853449044,-1.7904406736532117,4.018224035096771,3.4591885509140563,3.249782341246114,6.60831972071546,-13.401045421296885,58.82928224116182,23.445834741521878,13.401045421296885,58.82928224116182,188.54302488650535,310.07544096053186,0.19226037932067053,0.31618895439373473,20.767366120785915,2.8383814187716294e-16,0.9345031236740242,0.9604756111588043,faltinsen_ch9_reduced_order_planing_plus_matched_bie_replace_with_matched_bie,heave_pitch_2x2_v1,FnB=1.67,3.10675
166,3.2243012912895956,6.828672200605209,1.0601090909751805,5.926923333333333,0.01,-0.8379614735897644,-3.807275035920052,2.9024353986496494,-1.690021908336819,3.898400009024313,3.3586165744236083,3.168180145813164,6.414974161843911,-12.412599826318996,59.788733145701144,24.43545009599302,12.412599826318996,59.788733145701144,181.785370889315,299.135146356628,0.18536948997804042,0.3050329586113791,20.065332434221045,8.772014391521327e-16,0.9350240697612009,0.9607918094297508,faltinsen_ch9_reduced_order_planing_plus_matched_bie_replace_with_matched_bie,heave_pitch_2x2_v1,FnB=1.67,3.1194333333333333
167,3.2177663539236794,6.807541562451279,1.055816237802235,5.951021666666667,0.01,-0.7544371964065066,-3.7101202633829433,2.8461453164568957,-1.5985248795777378,3.786049108514895,3.264326110090495,3.091755926093207,6.233653061115606,-11.494137829345078,60.67944902285399,25.355674094705932,11.494137829345078,60.67944902285399,175.45544318071194,288.8838282665232,0.17891476006659968,0.29457952335050525,19.40895565006731,9.946581467399002e-16,0.935538868429924,0.96110424682712,faltinsen_ch9_reduced_order_planing_plus_matched_bie_replace_with_matched_bie,heave_pitch_2x2_v1,FnB=1.67,3.1321166666666667
168,3.2112709907368004,6.786568230693587,1.051558011751996,5.9751199999999995,0.01,-0.6795052034687449,-3.6173116878130576,2.791182283888577,-1.5149729830445648,3.680580276033937,3.1758214183496527,3.020110524438334,6.0634073658049505,-10.63892251545036,61.50817080007164,26.213241363296504,10.63892251545036,61.50817080007164,169.51835679576118,279.265435379161,0.17286061682201484,0.28477149218047043,18.794502207335757,4.1378593731446845e-16,0.936047615322554,0.9614129824604554,faltinsen_ch9_reduced_order_planing_plus_matched_bie_replace_with_matched_bie,heave_pitch_2x2_v1,FnB=1.67,3.1448
169,3.2048148039135134,6.765750388756748,1.0473339955421281,5.999218333333333,0.01,-0.6121224518113939,-3.5287517950095073,2.7377285877689457,-1.4385071392422546,3.5814498637834387,3.092646214803478,2.952874849825381,5.903363557565952,-9.84100626456808,62.280849305656034,27.014096990920336,9.84100626456808,62.280849305656034,163.94222245940796,270.22870022556884,0.16717454223349254,0.27555658683196493,18.218559500309357,5.45531795154761e-16,0.9365504042429582,0.9617180742885846,faltinsen_ch9_reduced_order_planing_plus_matched_bie_replace_with_matched_bie,heave_pitch_2x2_v1,FnB=1.67,3.1574833333333334
170,3.1983974012145535,6.745086248346493,1.0431437785682176,6.023316666666665,0.01,-0.5513876943374632,-3.4443039573892182,2.6858998062917263,-1.3683720152474563,3.4881597068302095,3.014382149222344,2.8897091763896428,5.752720743893452,-9.095127541036732,63.002748522161994,27.763499754737495,9.095127541036732,63.002748522161994,158.69797153179536,261.7268673384199,0.16182689453768145,0.26688712999691017,17.678017050086858,3.207505449984845e-16,0.9370473271984049,0.9620195791462418,faltinsen_ch9_reduced_order_planing_plus_matched_bie_replace_with_matched_bie,heave_pitch_2x2_v1,FnB=1.67,3.170166666666666
171,3.192018395876746,6.7245740488971855,1.0389869567707175,6.047414999999998,0.01,-0.49652112856258307,-3.363806948591244,2.6357615090323208,-1.3039033560262676,3.400254463786468,2.9406466456126448,2.8303017919998616,5.61074652503812,-8.396621633109334,63.678534887638364,28.4661113936628,8.396621633109334,63.678534887638364,153.75915369894028,253.71737512504836,0.15679070192057462,0.2587197209292148,17.170044784610393,9.265547372484456e-16,0.9375384744403585,0.9623175527699913,faltinsen_ch9_reduced_order_planing_plus_matched_bie_replace_with_matched_bie,heave_pitch_2x2_v1,FnB=1.67,3.1828499999999993
172,3.1856774065151,6.704212057032313,1.0348631325050626,6.071513333333332,0.01,-0.43782435812466813,-3.2944220211885287,2.595195327900787,-1.2387654901323601,3.3233878230292637,2.875687522924029,2.7788095184751023,5.486150548427401,-7.570173520348845,64.48344069436013,29.29245332335853,7.570173520348845,64.48344069436013,149.3745155447023,246.58304236960242,0.1523196153066565,0.25144472614970703,16.734831832238715,9.629887685127163e-16,0.9380239345042076,0.9626120498234573,faltinsen_ch9_reduced_order_planing_plus_matched_bie_replace_with_matched_bie,heave_pitch_2x2_v1,FnB=1.67,3.1955333333333327
173,3.1793740570270335,6.683998566037575,1.0307719144148653,6.095611666666665,0.01,-0.3811517167619182,-3.229844689470024,2.557889654584685,-1.176382317922219,3.2522566548918417,2.8154351072172505,2.731385156934043,5.370725054314766,-6.730307596096367,65.3021349674292,30.130995778404156,6.730307596096367,65.3021349674292,145.29728764580648,239.9416361896149,0.14816199991414652,0.24467237659100194,16.33649084659797,5.029775707256264e-16,0.9385037942479577,0.9629031239218852,faltinsen_ch9_reduced_order_planing_plus_matched_bie_replace_with_matched_bie,heave_pitch_2x2_v1,FnB=1.67,3.208216666666666
174,3.173107976498678,6.663931895346238,1.0267129173081058,6.119709999999999,0.01,-0.32935105756625466,-3.167239510269605,2.520967216969948,-1.1184596196069054,3.1843175461208104,2.757939018493416,2.6861832280481455,5.2605230978738735,-5.936667100451302,66.0749149348743,30.92382679246174,5.936667100451302,66.0749149348743,141.40913635012777,233.60924821284163,0.1441971889994318,0.23821513790421972,15.957382102353698,2.4348987061924374e-16,0.9389781388899181,0.963190827656043,faltinsen_ch9_reduced_order_planing_plus_matched_bie_replace_with_matched_bie,heave_pitch_2x2_v1,FnB=1.67,3.2208999999999994
175,3.166878799113201,6.644010390036409,1.0226857620362377,6.143808333333332,0.01,-0.28195409253782094,-3.1066364636586425,2.4845699080195898,-1.064621256082176,3.1194051079704765,2.703054947043893,2.643094337855965,5.155271711682447,-5.18587910298794,66.80519731237138,31.674326806477268,5.18587910298794,66.80519731237138,137.6995068323444,227.5685099288898,0.1404144196360066,0.2320552991377176,15.596436177418887,4.3217158785503226e-16,0.9394470520454146,0.9634752126155111,faltinsen_ch9_reduced_order_planing_plus_matched_bie_replace_with_matched_bie,heave_pitch_2x2_v1,FnB=1.67,3.233583333333333
176,3.160686164061105,6.624232420339938,1.0186900753761277,6.167906666666665,0.01,-0.23854036260794384,-3.0480393441763627,2.4488061672088945,-1.014523755367673,3.057359211515749,2.6506433360159267,2.6020115441266456,5.054706795844079,-4.474861999646748,67.49610518783913,32.385584198478426,4.474861999646748,67.49610518783913,134.15831378490236,221.80283489532488,0.13680340767224522,0.22617594682722938,15.252629692432537,2.6181411417483755e-16,0.9399106157625537,0.9637563294113443,faltinsen_ch9_reduced_order_planing_plus_matched_bie_replace_with_matched_bie,heave_pitch_2x2_v1,FnB=1.67,3.246266666666666
177,3.1545297154524463,6.604596381162599,1.0147254899147509,6.192004999999999,0.01,-0.19873259722146802,-2.991431932470414,2.4137572044624793,-0.9678540517539138,2.998025959160805,2.600570188937609,2.562831243311024,4.958574678544473,-3.8007991403779613,68.15049449415429,33.060421697050174,3.8007991403779613,68.15049449415429,130.77597104407548,216.29646554585963,0.13335437794157587,0.2205610127269349,14.924988683758226,4.227599041712679e-16,0.940368910557069,0.964034227698148,faltinsen_ch9_reduced_order_planing_plus_matched_bie_replace_with_matched_bie,heave_pitch_2x2_v1,FnB=1.67,3.2589499999999996
178,3.1484091022309277,6.5851006916152635,1.0107916439365692,6.216103333333332,0.01,-0.16219236671040277,-2.936782921708225,2.379482129424293,-0.9243271533383464,2.9412582839757917,2.552707560737841,2.5254537629498177,4.866633070893429,-3.1611145208875655,68.77097841342749,33.701420728366884,3.1611145208875655,68.77097841342749,127.54340395051885,211.0344919457007,0.1300580768667372,0.21519529293459103,14.612590154221555,5.053416185947766e-16,0.9408220154462715,0.9643089561955754,faltinsen_ch9_reduced_order_planing_plus_matched_bie_replace_with_matched_bie,heave_pitch_2x2_v1,FnB=1.67,3.271633333333333
179,3.1423239780898173,6.56574379455578,1.0068881813135184,6.240201666666666,0.01,-0.128616068729322,-2.8840498363301235,2.346022170588286,-0.8836838312804862,2.886916270273732,2.506933812161449,2.4897837303950396,4.778651568578995,-2.553450517058508,69.35994973445173,34.31094371834692,2.553450517058508,69.35994973445173,124.45204917511937,206.00285021330558,0.12690577228219563,0.21006444628217139,14.314562294247475,3.4846343892396017e-16,0.9412700079821368,0.9645805627092682,faltinsen_ch9_reduced_order_planing_plus_matched_bie_replace_with_matched_bie,heave_pitch_2x2_v1,FnB=1.67,3.2843166666666663
180,3.1362740013896504,6.546524156141274,1.0030147513975363,6.2642999999999995,0.01,-0.09773126289942112,-2.833182137894531,2.313404140485894,-0.8456883911381716,2.834867267833283,2.463133689453974,2.4557302731809294,4.694411818500184,-1.9756475864389245,69.91960123910818,34.89115442566845,1.9756475864389245,69.91960123910818,121.49384562425954,201.18830650208145,0.12388924416009497,0.2051549780017452,14.030083750633507,4.3434979537041386e-16,0.9417129642835473,0.9648490941512583,faltinsen_ch9_reduced_order_planing_plus_matched_bie_replace_with_matched_bie,heave_pitch_2x2_v1,FnB=1.67,3.2969999999999997
181,3.1302588350776626,6.527440265390563,0.9991710089155591,6.288398333333332,0.01,-0.06929335018610036,-2.784123676776241,2.281643278019265,-0.8101265631826502,2.7849858556132863,2.4211982769910914,2.4232070940678274,4.61370744146837,-1.4257258283683427,70.45194422632864,35.44403641419723,1.4257258283683427,70.45194422632864,118.6612191681807,196.57843101303135,0.12100076903752116,0.20045421322575124,13.758382230060166,3.630608595903793e-16,0.9421509590677178,0.9651145965598384,faltinsen_ch9_reduced_order_planing_plus_matched_bie_replace_with_matched_bie,heave_pitch_2x2_v1,FnB=1.67,3.309683333333333
182,3.1242781466089222,6.508490633756468,0.9953566138669253,6.312496666666666,0.01,-0.043082582573867254,-2.7368146185960445,2.250745577263035,-0.7768035321181439,2.737153697818638,2.381024859399905,2.392132454065591,4.536343780841633,-0.9018682764314576,70.95882530008822,35.97140979125197,0.9018682764314576,70.95882530008822,115.94706326118924,192.16156540676582,0.11823310025461217,0.1959502637564977,13.498732654419676,6.826249215474841e-17,0.9425840656808252,0.9653771151189162,faltinsen_ch9_reduced_order_planing_plus_matched_bie_replace_with_matched_bie,heave_pitch_2x2_v1,FnB=1.67,3.3223666666666665
183,3.118331607869109,6.489673794707718,0.9915712314231203,6.336594999999999,0.01,-0.018901382244719996,-2.6911929496677893,2.220709693478159,-0.7455421152599401,2.6912593250358423,2.342516721036186,2.3624290891075623,4.462137530387487,-0.4024057892910946,71.44194155553345,36.474946345763385,0.4024057892910946,71.44194155553345,113.34471700142801,187.9267861325422,0.11557944558175118,0.19163199067218897,13.25045503089311,3.8411807857674615e-16,0.9430123561278688,0.9656366941768869,faltinsen_ch9_reduced_order_planing_plus_matched_bie_replace_with_matched_bie,heave_pitch_2x2_v1,FnB=1.67,3.33505
184,3.1124188950989056,6.470988303320221,0.9878145318297984,6.360693333333333,0.01,0.003428053761110512,-2.6471956456449632,2.1915285013996657,-0.7161810905446306,2.647197865267015,2.305582903931403,2.3340240800675502,4.39091628178456,0.07419659479512575,71.90285429809117,36.95618322112392,-0.07419659479512575,71.90285429809117,110.84794177743662,183.8638655383469,0.11303344340568558,0.18748896467024612,13.012912158001226,2.193054345596054e-16,0.9434359011017782,0.9658933772650136,faltinsen_ch9_reduced_order_planing_plus_matched_bie_replace_with_matched_bie,heave_pitch_2x2_v1,FnB=1.67,3.3477333333333332
185,3.1065396888199612,6.45243273587745,0.984086190311026,6.384791666666667,0.01,0.024065888567818286,-2.604759571195094,2.163190367733013,-0.6885736707129022,2.6048707435734713,2.2701379400934933,2.306848691145644,4.322518022187101,0.5293519707513497,72.34300142667996,37.416535253799736,-0.5293519707513497,72.34300142667996,108.45089734210212,179.96323212586975,0.11058913833174647,0.18351142553865976,12.78550725685925,4.194439950299825e-16,0.9438547700117935,0.9661472071153394,faltinsen_ch9_reduced_order_planing_plus_matched_bie_replace_with_matched_bie,heave_pitch_2x2_v1,FnB=1.67,3.3604166666666666
186,3.1006936737623865,6.43400568947971,0.9803858869756833,6.4088899999999995,0.01,0.04315654513364919,-2.5638221652754463,2.135680188871325,-0.6625861168525714,2.564185364310769,2.2361015700059843,2.280838188015906,4.2567906045598365,0.9643626712435776,72.76370860565169,37.85730610228521,-0.9643626712435776,72.76370860565169,106.14811792079688,176.2159309330631,0.10824095682092956,0.1796902417574433,12.567681592417454,3.092107937488063e-16,0.9442690310111386,0.9663982256781536,faltinsen_ch9_reduced_order_planing_plus_matched_bie_replace_with_matched_bie,heave_pitch_2x2_v1,FnB=1.67,3.3731
187,3.0948805387937406,6.415705781662039,0.97671330672597,6.432988333333333,0.01,0.060830394494390976,-2.524321955870363,2.1089802357990446,-0.6380964826576975,2.5250547862934614,2.2033984560608,2.255931644309002,4.19359120754858,1.380430279450593,73.16619934202345,38.279698282910715,-1.380430279450593,73.16619934202345,103.934488783053,172.61358473788462,0.10598368329965177,0.17601687093746043,12.358912130868159,3.2178452013309336e-16,0.9446787510240043,0.9666464741390084,faltinsen_ch9_reduced_order_planing_plus_matched_bie_replace_with_matched_bie,heave_pitch_2x2_v1,FnB=1.67,3.3857833333333334
188,3.089099976849485,6.397531650020554,0.9730681391679614,6.457086666666664,0.01,0.0772052549882997,-2.486198939408406,2.0830708406787273,-0.6149934798420799,2.4873973984293887,2.171957897274772,2.232071742819513,4.132785797091192,1.778664657651973,73.55160407573305,38.68482222018895,-1.778664657651973,73.55160407573305,101.805223573101,169.14835655865508,0.10381243704333387,0.17248332158143206,12.158709265314483,5.156943234196915e-16,0.9450839957718642,0.9668919929353105,faltinsen_ch9_reduced_order_planing_plus_matched_bie_replace_with_matched_bie,heave_pitch_2x2_v1,FnB=1.67,3.398466666666666
189,3.0833516848648523,6.379481951846985,0.9694500785241569,6.481184999999998,0.01,0.09238772310633307,-2.4493948531157783,2.057930953466001,-0.5931754548491196,2.4511366012221427,2.1417135498168154,2.2092045761420276,4.074248598485937,2.1600920902161533,73.92096838162195,39.073704410357294,-2.1600920902161533,73.92096838162195,99.75584259397938,165.81291376280586,0.10172265003235498,0.16908211648504423,11.966614631187898,3.07618062774657e-16,0.9454848297991397,0.9671348217724948,faltinsen_ch9_reduced_order_planing_plus_matched_bie_replace_with_matched_bie,heave_pitch_2x2_v1,FnB=1.67,3.4111499999999992
190,3.077635363708111,6.361555363771229,0.9658588235479758,6.505283333333332,0.01,0.10647435476087197,-2.413853362960527,2.033538591839507,-0.5725494671154637,2.416200497909391,2.1126031564860464,2.1872794501432744,4.017861584979927,2.525662630701504,74.2752603729756,39.44729478789776,-2.525662630701504,74.2752603729756,97.78215216494175,162.60039397397486,0.09971004590246593,0.16580625797186083,11.78219902496933,3.109638056284245e-16,0.9458813164982334,0.9673749996397927,faltinsen_ch9_reduced_order_planing_plus_matched_bie_replace_with_matched_bie,heave_pitch_2x2_v1,FnB=1.67,3.4238333333333326
191,3.071950718115182,6.343750581411671,0.9622940774401437,6.529381666666665,0.01,0.11955271393037947,-2.3795201853365886,2.0098712035776325,-0.5530304595235538,2.382521597768296,2.08456828723154,2.166248692683244,3.96351398692985,2.876256734300881,74.61537738796252,39.80647337633161,-2.876256734300881,74.61537738796252,95.88022511649311,159.50437287753013,0.0977706200552616,0.16264919506409442,11.605060433883107,4.248900854729521e-16,0.9462735181339484,0.9676125648256162,faltinsen_ch9_reduced_order_planing_plus_matched_bie_replace_with_matched_bie,heave_pitch_2x2_v1,FnB=1.67,3.436516666666666
192,3.0662974566255823,6.326066319033127,0.958755547766925,6.553479999999999,0.01,0.13170230387905657,-2.346343157015323,1.9869059571031928,-0.5345405122137852,2.3500365331883,2.057554092015549,2.146067469239556,3.9111018240749362,3.212691248893151,74.94215203234273,40.152056296612756,-3.212691248893151,74.94215203234273,94.04638244695909,156.51883395911372,0.09590062095308703,0.1596047926245086,11.434822179915047,1.9525436119551051e-16,0.9466614958673099,0.9678475549325443,faltinsen_ch9_reduced_order_planing_plus_matched_bie_replace_with_matched_bie,heave_pitch_2x2_v1,FnB=1.67,3.4491999999999994
193,3.060675291519655,6.308501309212174,0.9552429463801527,6.5775783333333315,0.01,0.14299539450590334,-2.3142722649816303,1.9646199731182228,-0.5170081715472691,2.3186857914157115,2.031509066733815,2.1266936065135273,3.8605274623332635,3.535724830588805,75.25635764443427,40.484801199065316,-3.535724830588805,75.25635764443427,92.27717613541967,153.63814016380547,0.09409653259310741,0.15666730245680788,11.271131178380829,4.459210781321077e-16,0.9470453097788054,0.9680800068919504,faltinsen_ch9_reduced_order_planing_plus_matched_bie_replace_with_matched_bie,heave_pitch_2x2_v1,FnB=1.67,3.4618833333333328
194,3.0550839387570674,6.2910543025097,0.9517559893390095,6.601676666666665,0.01,0.15349775786450068,-2.283259645433175,1.942990507954039,-0.5003678466657598,2.2884134613598692,2.00638483247268,2.108087424662392,3.8116991956989925,3.8460628428888697,75.5587132415551,40.80541217803881,-3.8460628428888697,75.5587132415551,90.56937308538137,150.85700743053852,0.0923550581344102,0.15383133631825194,11.113656309052065,8.679416052059196e-17,0.9474250188910621,0.9683099569782726,faltinsen_ch9_reduced_order_planing_plus_matched_bie_replace_with_matched_bie,heave_pitch_2x2_v1,FnB=1.67,3.474566666666666
195,3.0495231179165367,6.27372406715049,0.9482943968335157,6.625774999999999,0.01,0.1632693225199306,-2.2532595593423133,1.921995097376381,-0.4845592667526021,2.2591669954750206,1.9821359280671607,2.0902115784779314,3.76453085321081,4.144361792420796,75.84988800099703,41.114544222295706,-4.144361792420796,75.84988800099703,88.91994015959065,148.1704800339711,0.09067310463776179,0.15109184077536272,10.962086896313334,8.223384564540859e-17,0.9478006811909724,0.9685374408229098,faltinsen_ch9_reduced_order_planing_plus_matched_bie_replace_with_matched_bie,heave_pitch_2x2_v1,FnB=1.67,3.4872499999999995
196,3.043992552136759,6.256509388709675,0.9448578931096814,6.649873333333332,0.01,0.17236475617091407,-2.224228350470818,1.9016116680372916,-0.46952699273634596,2.2308969864626187,1.95871961569889,2.0730309075922775,3.71894143052758,4.431233348641513,76.13050532301185,41.41280724856949,-4.431233348641513,76.13050532301185,87.32603025728015,145.57390765149339,0.0890477688683497,0.14844407381877953,10.81613129380424,4.2862663591798855e-16,0.9481723536512869,0.968762493427808,faltinsen_ch9_reduced_order_planing_plus_matched_bie_replace_with_matched_bie,heave_pitch_2x2_v1,FnB=1.67,3.499933333333333
197,3.038491968058509,6.239409069805859,0.9414462063962793,6.673971666666666,0.01,0.1808339848578586,-2.196124390514903,1.8818186224935498,-0.45521997778338663,2.2035569583503,1.9360956991162985,2.0565122956173933,3.674854745344527,4.707247989882234,76.40114651826929,41.70076976071351,-4.707247989882234,76.40114651826929,85.78496937964125,143.06292406438203,0.08747632410623532,0.14588358314448058,10.67551556836621,3.9488612904943918e-16,0.9485400922516873,0.9689851491786924,faltinsen_ch9_reduced_order_planing_plus_matched_bie_replace_with_matched_bie,heave_pitch_2x2_v1,FnB=1.67,3.5126166666666663
198,3.033021095767897,6.222421929800775,0.9380590688331993,6.698069999999999,0.01,0.18872265609198607,-2.168908015084334,1.8625949026660495,-0.44159117149052707,2.177103171376928,1.9142263539550193,2.040624538000599,3.632199115680552,4.972938313601617,76.66235415773542,41.97896217234879,-4.972938313601617,76.66235415773542,84.2942446264924,140.63342739777636,0.08595620790636192,0.14340618600416694,10.539982277763489,8.962226502836782e-16,0.948903951999353,0.969205441857985,faltinsen_ch9_reduced_order_planing_plus_matched_bie_replace_with_matched_bie,heave_pitch_2x2_v1,FnB=1.67,3.5252999999999997
199,3.02757966874073,6.205546804505296,0.9346962164013428,6.722168333333332,0.01,0.19607255236757457,-2.1425414534374845,1.8439200357546093,-0.4285971632087865,2.15149444003231,1.8930759695711894,2.0253382182926636,3.590907059939542,5.2288020446819985,76.91463511888435,42.24787982688696,-5.2288020446819985,76.91463511888435,82.85149306621629,138.28156180293925,0.08448501074904917,0.14100795052636658,10.40928933650676,2.2498608556739797e-16,0.9492639869490375,0.9694234046574148,faltinsen_ch9_reduced_order_planing_plus_matched_bie_replace_with_matched_bie,heave_pitch_2x2_v1,FnB=1.67,3.537983333333333
200,3.022167423787981,6.1887825458916526,0.931357388854021,6.746266666666666,0.01,0.20292196074772967,-2.1169887542668024,1.8257741659148476,-0.41619786040556833,2.1266919635541512,1.872611001764176,2.0106255924681187,3.5509150175768402,5.475304771998651,77.1584633585482,42.50798574519422,-5.475304771998651,77.1584633585482,81.45449142153981,136.00370048629512,0.08306046552241572,0.13868517841086928,10.283208964116767,2.8998811586483516e-16,0.9496202502226645,0.969639070190312,faltinsen_ch9_reduced_order_planing_plus_matched_bie_replace_with_matched_bie,heave_pitch_2x2_v1,FnB=1.67,3.5506666666666664
201,3.016784101002321,6.172128021811701,0.9280423296498176,6.770364999999999,0.01,0.20930600353399198,-2.092215709325957,1.8081380744208224,-0.40435619840416603,2.1026591681643723,1.8527998357507778,1.9964604809027442,3.512163089172004,5.7128824402746545,77.3942824394893,42.75971312794624,-5.7128824402746545,77.3942824394893,80.10114651519974,133.7964299923338,0.08168043777966967,0.13643438890174914,10.161526710280649,2.7783137383852214e-16,0.9499727940284589,0.9698524705036058,faltinsen_ch9_reduced_order_planing_plus_matched_bie_replace_with_matched_bie,heave_pitch_2x2_v1,FnB=1.67,3.56335
202,3.0114294437056905,6.155582115721081,0.9247507858868794,6.794463333333333,0.01,0.21525693443163932,-2.068189776286801,1.7909931905565706,-0.3930378782295272,2.079361560325225,1.8336126587540709,1.9828181675947971,3.474594794708994,5.941943621369234,77.62250783491038,43.00346763685312,-5.941943621369234,77.62250783491038,78.78948642166529,131.6565356511136,0.08034291671637644,0.13425230394794718,10.044040551542135,5.2105984533606826e-17,0.9503216696796257,0.9700636370895542,faltinsen_ch9_reduced_order_planing_plus_matched_bie_replace_with_matched_bie,heave_pitch_2x2_v1,FnB=1.67,3.576033333333333
203,3.006103198397901,6.13914372640915,0.9214825082386027,6.818561666666666,0.01,0.22080440409639104,-2.044880001891611,1.7743215950833613,-0.38221112963993065,2.056766590307368,1.8150213415824608,1.969675306210469,3.438156848886696,6.162871586591166,77.84352903256115,43.23962947637958,-6.162871586591166,77.84352903256115,77.51765227364035,129.58098810541497,0.07904600681541644,0.1321358344647917,9.930560054404014,2.2028282418495523e-16,0.9506669276125864,0.9702726008971617,faltinsen_ch9_reduced_order_planing_plus_matched_bie_replace_with_matched_bie,heave_pitch_2x2_v1,FnB=1.67,3.5887166666666666
204,3.0008051147062247,6.12281176773452,0.9182372508906751,6.8426599999999995,0.01,0.2259756984863145,-2.0222569462083015,1.7581060178023482,-0.3718464967386007,2.0348435253832426,1.7969993285946437,1.9570098325368348,3.402798952319515,6.376026199357824,78.05771145782273,43.46855529530893,-6.376026199357824,78.05771145782273,76.28389067486624,127.56693083729972,0.07778792011019692,0.1300820676146286,9.820905599986416,2.5375410249975144e-16,0.9510086174047868,0.9704793923433516,faltinsen_ch9_reduced_order_planing_plus_matched_bie_replace_with_matched_bie,heave_pitch_2x2_v1,FnB=1.67,3.6014
205,2.9955349453359603,6.106585168366079,0.9150147714794467,6.866758333333333,0.01,0.23079595303717018,-2.0002926085907533,1.7423298304622052,-0.36191664384044636,2.013563331986639,1.7795215354715967,1.9448008829347831,3.368473597534782,6.581745645495147,78.26539823312584,43.69057992547468,-6.581745645495147,78.26539823312584,75.08654667366811,125.61166861872137,0.07656696901966331,0.12808825502972104,9.714907665666908,4.989306919975932e-16,0.9513467877920873,0.9706840413238526,faltinsen_ch9_reduced_order_planing_plus_matched_bie_replace_with_matched_bie,heave_pitch_2x2_v1,FnB=1.67,3.6140833333333333
206,2.9902924460219547,6.090462871529368,0.9118148310315923,6.890856666666664,0.01,0.23528834532357903,-1.978960355782911,1.7269770360381125,-0.35239617952005475,1.992898566210918,1.7625642542453068,1.9330287183980208,3.335135888727041,6.780348016672463,78.46691178925391,43.90601797317993,-6.780348016672463,78.46691178925391,73.92405725463368,123.71265681574491,0.07538155971165861,0.12615180190558947,9.61240615941521,3.0464569393398363e-16,0.9516814866857457,0.9708865772238452,faltinsen_ch9_reduced_order_planing_plus_matched_bie_replace_with_matched_bie,heave_pitch_2x2_v1,FnB=1.67,3.626766666666666
207,2.9850773754810453,6.074443834758163,0.9086371939050345,6.914954999999998,0.01,0.23947426855612935,-1.9582348524756763,1.7120322552239944,-0.34326149699075464,1.9728232720522452,1.7461050650644394,1.921674653840917,3.302743374286303,6.9721327608635875,78.66255534247676,44.115165277220655,-6.9721327608635875,78.66255534247676,72.79494530872013,121.86749148077882,0.07423018595414349,0.12427025689789972,9.513249802821203,2.3906871565338883e-16,0.9520127611890055,0.9710870289283459,faltinsen_ch9_reduced_order_planing_plus_matched_bie_replace_with_matched_bie,heave_pitch_2x2_v1,FnB=1.67,3.639449999999999
208,2.979889495365424,6.058527029651167,0.9054816277311009,6.939053333333332,0.01,0.24337348799045316,-1.9380919945233785,1.6974807108273644,-0.3344906291637689,1.9533128868392404,1.73012275420831,1.9107209922564008,3.271255891175885,7.157382012295045,78.85261425002807,44.31830024599685,-7.157382012295045,78.85261425002807,71.6978140449111,120.07390017191423,0.07311142341667247,0.12244130276079418,9.41729555909336,1.9518539913395183e-16,0.9523406576132963,0.9712854248323421,faltinsen_ch9_reduced_order_planing_plus_matched_bie_replace_with_matched_bie,heave_pitch_2x2_v1,FnB=1.67,3.6521333333333326
209,2.9747285702168766,6.042711441633665,0.9023479033578791,6.963151666666665,0.01,0.24700428208371955,-1.918508844946081,1.6833082106299264,-0.32606311691363554,1.9343441533253691,1.7145972378916163,1.9001509634046239,3.240635420293841,7.336361812072795,79.03735725516788,44.51568508492534,-7.336361812072795,79.03735725516788,70.63134180924565,118.32973344295156,0.0720239243872736,0.12066274766913429,9.32440810257334,2.351289618561524e-16,0.9526652214940617,0.9714817928506998,faltinsen_ch9_reduced_order_planing_plus_matched_bie_replace_with_matched_bie,heave_pitch_2x2_v1,FnB=1.67,3.664816666666666
210,2.9695943674219034,6.026996069724039,0.8992357947947458,6.987249999999999,0.01,0.25038357002266304,-1.8994635727814035,1.6695011291727764,-0.31795988923376844,1.9158950379550514,1.6995094914329623,1.8899486667130307,3.2108459520096337,7.509323229542218,79.21703763193267,44.70756692422913,-7.509323229542218,79.21703763193267,69.59427727961722,116.63295695196504,0.07096641287250714,0.11893251717147553,9.234459326568343,1.872073104408012e-16,0.952986497606219,0.9716761604278362,faltinsen_ch9_reduced_order_planing_plus_matched_bie_replace_with_matched_bie,heave_pitch_2x2_v1,FnB=1.67,3.6774999999999993
211,2.9644866571676767,6.011379926305011,0.8961450791580394,7.0113483333333315,0.01,0.25352702706156954,-1.8809353948008962,1.6560463888386954,-0.31016315410612955,1.8979446548478387,1.6848414833896825,1.8800990180882897,3.181853361123218,7.676503393426344,79.39189423866378,44.894178856168594,-7.676503393426344,79.39189423866378,68.58543500716044,114.98164414026458,0.06993768005094549,0.11724864672468639,9.147327886544927,2.288235656885221e-16,0.9533045299792646,0.971868554547166,faltinsen_ch9_reduced_order_planing_plus_matched_bie_replace_with_matched_bie,heave_pitch_2x2_v1,FnB=1.67,3.6901833333333327
212,2.95940521239884,5.995862036899525,0.8930755366178486,7.035446666666665,0.01,0.2564491889453925,-1.862904520068773,1.6429314405326172,-0.30265629903358554,1.8804731950770834,1.6705761142897047,1.8705877003599445,3.1536252905469757,7.838126440884736,79.56215248849935,45.07574088987457,-7.838126440884736,79.56215248849935,67.60369127731407,113.3739694373726,0.06893658005263172,0.11560927476495296,9.062898775955201,8.799159962786289e-17,0.9536193619120321,0.9720590017403218,faltinsen_ch9_reduced_order_planing_plus_matched_bie_replace_with_matched_bie,heave_pitch_2x2_v1,FnB=1.67,3.702866666666666
213,2.9543498087751114,5.980441439951143,0.8900269503458915,7.059544999999999,0.01,0.259163546549489,-1.8453520972928865,1.6301442442024412,-0.2954238002943811,1.8634618608502198,1.6566971596181128,1.8614011170945666,3.1261310430618345,7.994404391828709,79.72802524420831,45.2524608311366,-7.994404391828709,79.72802524420831,66.6479802657728,111.80820195114877,0.06796202603924154,0.11401263627349685,8.981062932179153,9.024689287495766e-17,0.9539310359871132,0.9722475280961743,faltinsen_ch9_reduced_order_planing_plus_matched_bie_replace_with_matched_bie,heave_pitch_2x2_v1,FnB=1.67,3.7155499999999995
214,2.949320224629683,5.965117186608843,0.8869991064644589,7.083643333333332,0.01,0.2616826317409935,-1.828260164896757,1.6176732493934685,-0.28845114007659167,1.8468928042263875,1.6431892167412456,1.8525263495370685,3.099341480546364,8.145537955109546,79.88971364402192,45.42453509378038,-8.145537955109546,79.88971364402192,65.71729046650104,110.2826996054364,0.06701298656167094,0.11245705679863807,8.901716870264703,2.029266854681058e-16,0.9542395940849479,0.9724341592696286,faltinsen_ch9_reduced_order_planing_plus_matched_bie_replace_with_matched_bie,heave_pitch_2x2_v1,FnB=1.67,3.728233333333333
215,2.944316240928399,5.949888340516139,0.8839917939963942,7.107741666666666,0.01,0.26401809535535575,-1.8116116037266916,1.60550737598965,-0.28172473073820536,1.8307490700345215,1.630037655475077,1.8439511164531535,3.0732289301229794,8.291717272551779,80.04740786447348,45.59214944861989,-8.291717272551779,80.04740786447348,64.8106613708174,108.79590369063745,0.06608848217364482,0.11094094689892821,8.824762342331002,1.946396858831897e-16,0.9545450773975975,0.9726189204902354,faltinsen_ch9_reduced_order_planing_plus_matched_bie_replace_with_matched_bie,heave_pitch_2x2_v1,FnB=1.67,3.7409166666666662
216,2.9393376412296894,5.934753977604397,0.8810048048160906,7.131839999999999,0.01,0.2661807780832747,-1.7953900922973907,1.5936359952615415,-0.2752318455164119,1.8150145426802096,1.6172285720267292,1.8356637366629631,3.047767096707083,8.43312260622693,80.20128782567792,45.75547971539655,-8.43312260622693,80.20128782567792,63.92718037823645,107.34633379539596,0.06518758228165221,0.10946279697490578,8.75010602067059,3.4870847997568354e-16,0.9548475264422019,0.972801836570582,faltinsen_ch9_reduced_order_planing_plus_matched_bie_replace_with_matched_bie,heave_pitch_2x2_v1,FnB=1.67,3.7535999999999996
217,2.934384211645249,5.919713185890266,0.8780379336014755,7.155938333333332,0.01,0.2681807749764835,-1.7795800644727655,1.5820489113136307,-0.2689605550791907,1.7996738965534504,1.6047487460587562,1.8276530940713556,3.0229309814843703,8.569924973848288,80.35152384396633,45.91469240259801,-8.569924973848288,80.35152384396633,63.06597992131742,105.93258309014959,0.06430940221310787,0.10802117245965706,8.677659202743023,8.291469690034021e-17,0.9551469810741344,0.972982931914518,faltinsen_ch9_reduced_order_planing_plus_matched_bie_replace_with_matched_bie,heave_pitch_2x2_v1,FnB=1.67,3.766283333333333
218,2.9294557408014428,5.90476506527712,0.875090977786964,7.180036666666666,0.01,0.2700274942041405,-1.7641666694746354,1.5707363430011976,-0.2628996693741899,1.7847125497713616,1.592585600645012,1.8199086050144584,2.9986968058778034,8.702286736702746,80.4982772363253,46.069945299586465,-8.702286736702746,80.4982772363253,62.226234788197914,104.55331393566782,0.0634531004860966,0.10661470934077165,8.607337536397955,4.69779540754523e-16,0.9554434804998604,0.973162230525165,faltinsen_ch9_reduced_order_planing_plus_matched_bie_replace_with_matched_bie,heave_pitch_2x2_v1,FnB=1.67,3.7789666666666664
219,2.92455201980142,5.889908727360425,0.8721637375173545,7.204134999999999,0.01,0.2717297106237922,-1.7491357341102958,1.5596889063684996,-0.2570386842850578,1.7701166210103934,1.5807271649047978,1.8124201877555637,2.975041940599602,8.830362144121267,80.64170088067362,46.22138802505029,-8.830362144121267,80.64170088067362,61.40715962781231,103.20725379187522,0.0626178762654039,0.10524210998850292,8.539060763798282,2.3925509893727224e-16,0.9557370632895068,0.9733397560127734,faltinsen_ch9_reduced_order_planing_plus_matched_bie_replace_with_matched_bie,heave_pitch_2x2_v1,FnB=1.67,3.7916499999999997
220,2.919672842187925,5.875143295236931,0.8692560156026489,7.228233333333333,0.01,0.2732956146708683,-1.7344737271098982,1.5488975976450112,-0.2513677326546,1.7558728892015019,1.5691620391184593,1.8051782339758335,2.951944839414855,8.954297838117412,80.78193973563702,46.36916253541952,-8.954297838117412,80.78193973563702,60.60800662400458,101.89319140425546,0.061802966990771147,0.1039021392669826,8.472752482637729,2.6167146156751e-16,0.956027767389149,0.9735155316023746,faltinsen_ch9_reduced_order_planing_plus_matched_bie_replace_with_matched_bie,heave_pitch_2x2_v1,FnB=1.67,3.804333333333333
221,2.9148180039067895,5.860467903317613,0.8663676174737716,7.252331666666666,0.01,0.27473285701746214,-1.7201677254658765,1.5383537768242135,-0.2458775392781021,1.7419687558792276,1.5578793621429026,1.7981735821169076,2.9293849772722655,9.074233321486645,80.91913132314164,46.51340359654978,-9.074233321486645,80.91913132314164,59.828063325857485,100.60997324696655,0.06100764616444707,0.1025936209072074,8.408339923359053,1.8156430593834724e-16,0.9563156301328248,0.9736895801412756,faltinsen_ch9_reduced_order_planing_plus_matched_bie_replace_with_matched_bie,heave_pitch_2x2_v1,FnB=1.67,3.8170166666666665
222,2.9099873032710875,5.8458816971442635,0.8634983511391694,7.2764299999999995,0.01,0.27604858940401017,-1.7062053826689436,1.5280491518394559,-0.24055937950938752,1.7283922099918236,1.5468687809595298,1.7913974924431815,2.907342792484199,9.190301392358833,81.05340617684772,46.654239221676505,-9.190301392358833,81.05340617684772,59.06665062258161,99.35650020347948,0.06023122128614932,0.10131543412223287,8.345753741183312,2.4591532873707965e-16,0.9566006882542806,0.9738619241063804,faltinsen_ch9_reduced_order_planing_plus_matched_bie_replace_with_matched_bie,heave_pitch_2x2_v1,FnB=1.67,3.8297
223,2.905180540925943,5.831383833209665,0.8606480271422712,7.300528333333333,0.01,0.2772495020056158,-1.692574898738136,1.5179757633433988,-0.23540504115726116,1.7151317949944176,1.536120422200104,1.7848416237015,2.885799632662829,9.302628547924883,81.18488825916955,46.79179107837069,-9.302628547924883,81.18488825916955,58.3231208522413,98.13172446709585,0.05947303192450155,0.1000665104465805,8.284927821855144,1.7521850352713069e-16,0.9568829778984567,0.9740325856113511,faltinsen_ch9_reduced_order_planing_plus_matched_bie_replace_with_matched_bie,heave_pitch_2x2_v1,FnB=1.67,3.8423833333333333
224,2.9003975198139753,5.816973478781248,0.8578164585197862,7.324626666666666,0.01,0.2783418576575561,-1.6792649919459728,1.508125970091148,-0.23040678938141432,1.7021765780610327,1.5256248655080376,1.7784980112652478,2.8647377041418927,9.411335359812853,81.31369534938369,46.926174866980745,-9.411335359812853,81.31369534938369,57.59685603445638,96.93464664511646,0.05873244791489081,0.0988458307833118,8.225799100096872,1.799088933070485e-16,0.9571625346327175,0.9742015864136029,faltinsen_ch9_reduced_order_planing_plus_matched_bie_replace_with_matched_bie,heave_pitch_2x2_v1,FnB=1.67,3.8550666666666666
225,2.89563804514137,5.802649811728172,0.8550034607608242,7.348724999999998,0.01,0.2793315232314151,-1.6662648721435722,1.4984924349220123,-0.22555733432493438,1.689516121263842,1.5153731186035575,1.7723590466582484,2.8441400246343513,9.516536823369279,81.43993940510484,47.057500672825,-9.516536823369279,81.43993940510484,56.88726621800031,95.76431305172356,0.05800886767448651,0.09765242264353632,8.168307389843404,3.022896849326527e-16,0.9574393934578366,0.974368947921141,faltinsen_ch9_reduced_order_planing_plus_matched_bie_replace_with_matched_bie,heave_pitch_2x2_v1,FnB=1.67,3.867749999999999
226,2.8909019243445537,5.788412020351728,0.8522088517668159,7.372823333333331,0.01,0.2802239984238696,-1.6535642155947587,1.4890681113308772,-0.22084980124577946,1.6771404545798096,1.50535659393142,1.7664174583618621,2.823990378895655,9.618342682902409,81.56372689920829,47.185873294199126,-9.618342682902409,81.56372689920829,56.193787934941334,94.61981317583529,0.057301716625903186,0.09648535756434186,8.112395225404004,8.588694672368372e-17,0.9577135888187366,0.9745346911992558,faltinsen_ch9_reduced_order_planing_plus_matched_bie_replace_with_matched_bie,heave_pitch_2x2_v1,FnB=1.67,3.8804333333333325
227,2.8861889670574743,5.774259303219017,0.8494324518122184,7.396921666666665,0.01,0.2810244421938183,-1.6411531412323095,1.479846230616988,-0.21627770293214904,1.6650400505954874,1.4955670867790969,1.760666293815812,2.804273277179793,9.716857734762044,81.6851591340984,47.31139254808241,-9.716857734762044,81.6851591340984,55.51588275362927,93.50027731127,0.056610445721657514,0.09534374869223436,8.0580077127638,1.4230372538395372e-16,0.957985154614997,0.9746988369770594,faltinsen_ch9_reduced_order_planing_plus_matched_bie_replace_with_matched_bie,heave_pitch_2x2_v1,FnB=1.67,3.893116666666666
228,2.881498985079462,5.760190868999812,0.8466740835059854,7.421019999999999,0.01,0.2817376970602199,-1.629022188253818,1.4708202895956213,-0.21183491420696524,1.6532058007907104,1.485996754762008,1.7550989025300703,2.784973916291809,9.812182109971019,81.80433253505635,47.434153555263634,-9.812182109971019,81.80433253505635,54.853035923439855,92.40487433756407,0.055934530062192345,0.09422674852020219,8.0050923902998,1.8301838310554409e-16,0.9582541242111297,0.9748614056538839,faltinsen_ch9_reduced_order_planing_plus_matched_bie_replace_with_matched_bie,heave_pitch_2x2_v1,FnB=1.67,3.9057999999999993
229,2.8768317923436637,5.7462059363065325,0.8439335717537851,7.4451183333333315,0.01,0.2823683114520302,-1.617162294978811,1.4619840388563137,-0.20751564834485964,1.641628993290934,1.4766380985802199,1.7497089202312528,2.766078143055248,9.9044115379738,81.92133892425488,47.554247006460486,-9.9044115379738,81.92133892425488,54.20475510474013,91.33280964069341,0.05527346760080164,0.09313354676744191,7.95359909824268,1.5728544830186254e-16,0.9585205304466315,0.9750224173055333,faltinsen_ch9_reduced_order_planing_plus_matched_bie_replace_with_matched_bie,heave_pitch_2x2_v1,FnB=1.67,3.9184833333333327
230,2.872187204886036,5.732303733537268,0.8412107437209507,7.469216666666665,0.01,0.2829205602829562,-1.6055647788929976,1.4533314715500827,-0.2033144352414946,1.6303012919864053,1.4674839439583305,1.7444902539727063,2.747572420026953,9.993637592934476,82.03626577689124,47.671759410870294,-9.993637592934476,82.03626577689124,53.570569178051066,90.28332316379372,0.05462677792931436,0.09206336839164621,7.903479856267514,1.66579673776381e-16,0.958784405645819,0.9751818916904059,faltinsen_ch9_reduced_order_planing_plus_matched_bie_replace_with_matched_bie,heave_pitch_2x2_v1,FnB=1.67,3.931166666666666
231,2.8675650408148927,5.7184834987217865,0.8385054287961453,7.493314999999998,0.01,0.2833984639070256,-1.5942213178095044,1.4448568126871926,-0.1992261011897008,1.6192147169239584,1.458527424686914,1.7394370681427114,2.7294437933041533,10.07994792389647,82.1491964607684,47.7867733284715,-10.07994792389647,82.1491964607684,52.950027126846415,89.25568757873675,0.0539940011388664,0.09101547172453055,7.854688748644156,1.4993971294688273e-16,0.9590457816274482,0.9753398482554694,faltinsen_ch9_reduced_order_planing_plus_matched_bie_replace_with_matched_bie,heave_pitch_2x2_v1,FnB=1.67,3.9438499999999994
232,2.8629651202809825,5.704744479370447,0.835817458555725,7.517413333333332,0.01,0.2838058055960117,-1.583123932080964,1.436554508926522,-0.19524575013023884,1.608361625884395,1.4497619666900632,1.7345437713100913,2.71167986228058,10.163426470005305,82.2602104605449,47.899367587282654,-10.163426470005305,82.2602104605449,52.34269698885828,88.24920657012953,0.05337469675052978,0.08998914672199938,7.807181816421908,1.4798236138706612e-16,0.9593046897141287,0.9754963061421227,faltinsen_ch9_reduced_order_planing_plus_matched_bie_replace_with_matched_bie,heave_pitch_2x2_v1,FnB=1.67,3.956533333333333
233,2.8583872654480973,5.69108593232597,0.8331466667287863,7.541511666666666,0.01,0.284146147666298,-1.572264967800049,1.4284192188373086,-0.19136874625692527,1.5977346970648434,1.4411812730492075,1.7298050038509658,2.69426875121898,10.244153661897116,82.36938358777155,48.00961748668698,-10.244153661897116,82.36938358777155,51.74816487114992,87.2632132239465,0.052768442710966465,0.0889837133210082,7.760916956162791,6.337782563253772e-17,0.9595611607415327,0.9756512841919167,faltinsen_ch9_reduced_order_planing_plus_matched_bie_replace_with_matched_bie,heave_pitch_2x2_v1,FnB=1.67,3.969216666666666
234,2.853831300464197,5.677507123617994,0.8304928891628814,7.565609999999999,0.01,0.2844228463707535,-1.5616370809297107,1.420445803614034,-0.18759069786663488,1.5873269127915361,1.4327793099185966,1.7252156263045269,2.6771990825173093,10.32220661026318,82.4767881777434,48.11759498783931,-10.32220661026318,82.4767881777434,51.16603402457853,86.29706851359919,0.05217483444864305,0.08799851989578418,7.715853824775069,2.4869072375299607e-16,0.9598152250674082,0.975804800952148,faltinsen_ch9_reduced_order_planing_plus_matched_bie_replace_with_matched_bie,heave_pitch_2x2_v1,FnB=1.67,3.9818999999999996
235,2.8492970514330342,5.664007328320345,0.8278559637903855,7.589708333333332,0.01,0.28463906566038905,-1.5512332223078495,1.4126293182253384,-0.18390744235445808,1.5771315441939562,1.4245502932726324,1.7207707084095258,2.660459951555024,10.397659282521317,82.58249327411039,48.223368892089525,-10.397659282521317,82.58249327411039,50.59592397360127,85.35015987679384,0.05159348398647986,0.08703294180662494,7.671953750031956,3.863454746474495e-16,0.9600669125803983,0.9759568746813534,faltinsen_ch9_reduced_order_planing_plus_matched_bie_replace_with_matched_bie,heave_pitch_2x2_v1,FnB=1.67,3.994583333333333
236,2.8447843463862776,5.650585830410992,0.8252357305955043,7.613806666666665,0.01,0.28479778991079496,-1.5410466234744145,1.404965002978122,-0.18031503226305853,1.5671421367763574,1.4164886764296218,1.716465518776628,2.644040903014153,10.470582668445985,82.6865648021166,48.327005008280366,-10.470582668445985,82.6865648021166,50.03746969768157,84.42189987702541,0.051024019107117694,0.08608638003500219,7.629179646392081,4.578181243208611e-17,0.9603162527086715,0.976107523354659,faltinsen_ch9_reduced_order_planing_plus_matched_bie_replace_with_matched_bie,heave_pitch_2x2_v1,FnB=1.67,4.007266666666666
237,2.8402930152561168,5.637241922634592,0.8226320315819046,7.637904999999999,0.01,0.28490183569968647,-1.5310707832720898,1.3974482754783775,-0.17680972230324268,1.557352496827376,1.408589138300605,1.7122955151550772,2.627931908577646,10.541044935544079,82.78906573126721,48.42856630971079,-10.541044935544079,82.78906573126721,49.490320860832064,83.51172494401736,0.05046608256727024,0.08515825989916778,7.587495935766198,1.520054511147675e-16,0.9605632744283699,0.9762567646690267,faltinsen_ch9_reduced_order_planing_plus_matched_bie_replace_with_matched_bie,heave_pitch_2x2_v1,FnB=1.67,4.01995
238,2.8358228898483437,5.6239749063676,0.8200447107409576,7.662003333333333,0.01,0.2849538627139582,-1.521299455174699,1.390074722970772,-0.1733879572699649,1.5477566786127726,1.400846572315655,1.7082563352550733,2.6121233459145636,10.609111574898947,82.8900562281591,48.52811308149131,-10.609111574898947,82.8900562281591,48.954141086089024,82.61909418784091,0.049919331357893906,0.08424802984489191,7.546868472901664,2.373777590443774e-16,0.960808006271876,0.9764046160483989,faltinsen_ch9_reduced_order_planing_plus_matched_bie_replace_with_matched_bie,heave_pitch_2x2_v1,FnB=1.67,4.032633333333333
239,2.8313738038158967,5.610784091485861,0.8174736140205778,7.686101666666666,0.01,0.2849563838575715,-1.5117266353001961,1.3828400950394746,-0.17004636078447752,1.5383489723002501,1.3932560759834596,1.7043437880900065,2.5966059788681606,10.674845538148332,82.98959380015572,48.62570305896162,-10.674845538148332,82.98959380015572,48.42860727194584,81.74348828183126,0.049383436007143976,0.08335516030635463,7.507264475079617,2.3282233757423036e-16,0.9610504763359066,0.9765510946487078,faltinsen_ch9_reduced_order_planing_plus_matched_bie_replace_with_matched_bie,heave_pitch_2x2_v1,FnB=1.67,4.0453166666666664
240,2.8269455926328595,5.597668796234659,0.8149185892946469,7.7101999999999995,0.01,0.2849117746252143,-1.5023465510678606,1.3757402966533483,-0.1667817247992844,1.52912389256907,1.385812941043223,1.7005538458052771,2.58137093876906,10.738307366210876,83.08773343053099,48.72139155778845,-10.738307366210876,83.08773343053099,47.913408947995116,80.88440840978184,0.048858079923312356,0.08247914263258284,7.468652455842593,1.8039762672157734e-16,0.9612907122894339,0.9766962173627975,faltinsen_ch9_reduced_order_planing_plus_matched_bie_replace_with_matched_bie,heave_pitch_2x2_v1,FnB=1.67,4.058
