frequency_index,omega0_rad_s,omega_e_rad_s,wavenumber_rad_m,wavelength_m,wave_amplitude_m,heave_response_real_m_per_m,heave_response_imag_m_per_m,pitch_response_real_rad_per_m,pitch_response_imag_rad_per_m,heave_rao_m_per_m,pitch_rao_rad_per_m,pitch_rao_rad_per_wave_slope,point_vertical_rao_m_per_m,heave_phase_lead_deg,pitch_phase_lead_deg,point_phase_lead_deg,fridsma_heave_phase_lag_deg,fridsma_pitch_phase_lead_deg,cg_accel_rao_mps2_per_m,point_accel_rao_mps2_per_m,cg_accel_g,point_accel_g,dynamic_condition_number,equation_relative_residual,heave_finite_length_factor,pitch_finite_length_factor,provider_route,matrix_contract,configuration,lambda_over_l
0,5.655284970861961,16.74364272255437,3.2612816916742378,1.9265999999999999,0.01,0.0011706598184535325,-0.04982622164462887,0.19253704031124236,-0.03236910334201235,0.04983997198825681,0.19523900927575627,0.059865730020863914,0.2491423244463758,1.345908377980436,80.45674239664476,69.12763764483958,-1.345908377980436,80.45674239664476,13.972614796487905,69.84694393108902,0.014248101845674014,0.0712240611534918,5.497027604289538,3.0260700545910536e-16,0.48071431077428584,0.6708386514160075,faltinsen_ch9_reduced_order_planing_plus_matched_bie_replace_with_matched_bie,heave_pitch_2x2_v1,FnB=1.67,1.014
1,5.620244580566254,16.571620136368367,3.2209928105300336,1.9506983333333334,0.01,0.0009566544777719067,-0.048297501562971246,0.18966781419981396,-0.03315501912677835,0.04830697511762718,0.19254385224315054,0.059777796340832655,0.24551056555588402,1.1347398027271254,80.08455541421472,68.95002824943225,-1.1347398027271254,80.08455541421472,13.265993584494895,67.42176631137508,0.013527548739370628,0.06875106821531828,5.493913286728202,4.705811639087676e-16,0.4911012595114308,0.6778660321567264,faltinsen_ch9_reduced_order_planing_plus_matched_bie_replace_with_matched_bie,heave_pitch_2x2_v1,FnB=1.67,1.0266833333333334
2,5.585847557002136,16.403584089072403,3.181687215314785,1.9747966666666668,0.01,0.000714026768644167,-0.04663704935552577,0.18664630236893517,-0.033920792988375276,0.04664251501383783,0.1897036172163203,0.05962359100014541,0.24162732014706712,0.8771464910077214,79.69958066774797,68.78336857892259,-0.8771464910077214,79.69958066774797,12.550454643727873,65.01649238450355,0.012797902080453439,0.06629837139543428,5.491564592691584,1.3268155198934784e-16,0.5012130374920667,0.6846846018925166,faltinsen_ch9_reduced_order_planing_plus_matched_bie_replace_with_matched_bie,heave_pitch_2x2_v1,FnB=1.67,1.0393666666666668
3,5.552074450332887,16.23939421670911,3.1433293430518296,1.9988949999999999,0.01,0.00043921466523405843,-0.044846136891407436,0.18347714877816132,-0.03466833888525709,0.04484828763291874,0.186723747404626,0.059403176386009116,0.23749527159973796,0.5611261929231262,79.30000852750811,68.62703933289887,-0.5611261929231262,79.30000852750811,11.827297333084287,62.631760110946814,0.01206048684625666,0.06386662123247676,5.489967220901644,1.2357238035593988e-16,0.5110574365906801,0.6913018355675419,faltinsen_ch9_reduced_order_planing_plus_matched_bie_replace_with_matched_bie,heave_pitch_2x2_v1,FnB=1.67,1.05205
4,5.518906624083483,16.07891673010324,3.105885325299929,2.022993333333333,0.01,0.0001287720356851434,-0.04292599278851543,0.1801647053857103,-0.03539955920584528,0.04292618593722081,0.18360950372648996,0.05911663970039176,0.23311692819868743,0.17187889091573538,78.88387800859846,68.48044476505049,-0.17187889091573538,78.88387800859846,11.097773953147088,60.2680838587578,0.01131658002798824,0.0614563422358887,5.489108090805521,1.6967197456795508e-16,0.520642115093778,0.69772492524215,faltinsen_ch9_reduced_order_planing_plus_matched_bie_replace_with_matched_bie,heave_pitch_2x2_v1,FnB=1.67,1.0647333333333333
5,5.486326211925033,15.92202403252935,3.0693228884130344,2.0470916666666668,0.01,-0.00022064421647063011,-0.040877801089511764,0.1767130437225289,-0.03611634726928904,0.04087839656571612,0.18036599003624906,0.05876409768328599,0.22849461870700244,-0.3092597759573721,78.44905100418708,68.34300620046895,0.3092597759573721,78.44905100418708,10.363117031087945,57.92586484716494,0.01056743845358807,0.05906794353542233,5.488975267882396,1.1639743168807435e-16,0.5299745848427916,0.7039607885749407,faltinsen_ch9_reduced_order_planing_plus_matched_bie_replace_with_matched_bie,heave_pitch_2x2_v1,FnB=1.67,1.0774166666666667
6,5.45431607723286,15.768594363826843,3.033611260762936,2.07119,0.01,-0.0006122863853845795,-0.0387027004467489,0.17312596629335636,-0.036820589982197414,0.03870754340549791,0.17699818092750405,0.058345702765815154,0.22363048918372708,-0.9063579295614375,77.99318290650444,68.21415522539434,0.9063579295614375,77.99318290650444,9.624575246738772,55.605400943839506,0.00981433542212557,0.05670172887157135,5.489557895085991,1.8615083094886362e-16,0.5390622010539686,0.71001607751362,faltinsen_ch9_reduced_order_planing_plus_matched_bie_replace_with_matched_bie,heave_pitch_2x2_v1,FnB=1.67,1.0901
7,5.422859775210269,15.618511468848578,2.998721086364209,2.0952883333333334,0.01,-0.001049327598356015,-0.036401783757773275,0.1694070177543686,-0.037514170625955995,0.036416904716853105,0.1735109525712492,0.057861650875180956,0.21852650086539635,-1.6511662870930763,77.51368887392562,68.09332633773855,1.6511662870930763,77.51368887392562,8.883463279430723,53.30689582527446,0.009058611533429585,0.05435790593655781,5.49084612984464,3.692667618888124e-16,0.5479121544441086,0.7158971870993636,faltinsen_ch9_reduced_order_planing_plus_matched_bie_replace_with_matched_bie,heave_pitch_2x2_v1,FnB=1.67,1.1027833333333334
8,5.391941517387847,15.471664288320284,2.9646243443918934,2.1193866666666663,0.01,-0.0015348728841316226,-0.03397609820099314,0.16555949582904717,-0.03819897175423189,0.03401074953208135,0.1699091171840078,0.05731219117370492,0.21318442895724324,-2.5865827059911055,77.00770486074703,67.97994879441887,2.5865827059911055,77.00770486074703,8.141234600165081,51.03046751751287,0.008301748915445216,0.052036595083451403,5.492831086100278,3.594126973384204e-17,0.5565314653384918,0.721610264305957,faltinsen_ch9_reduced_order_planing_plus_matched_bie_replace_with_matched_bie,heave_pitch_2x2_v1,FnB=1.67,1.1154666666666666
9,5.361546138324173,15.327946670359896,2.931294274128154,2.143485,0.01,-0.0020719697060197243,-0.03142664562814937,0.16158646193408194,-0.03887687818448397,0.03149487440679742,0.16619746188719525,0.0566976380891089,0.20760586220407318,-3.772071551724764,76.47204235309755,67.8734373182069,3.772071551724764,76.47204235309755,7.399593160216176,48.77615634036279,0.0075454851149130185,0.049737837427014105,5.4955047809202435,8.649942846915026e-17,0.564926979478888,0.7271612168490507,faltinsen_ch9_reduced_order_planing_plus_matched_bie_replace_with_matched_bie,heave_pitch_2x2_v1,FnB=1.67,1.12815
10,5.331659064348433,15.187257101060865,2.8987053049154214,2.1675833333333334,0.01,-0.0026636179925514595,-0.028754383276486894,0.15749075149568653,-0.0395497800708357,0.028877489822028386,0.16238079292307808,0.05601838608696238,0.20179220313359028,-5.29240278189323,75.90313554383818,67.77318122361152,5.29240278189323,75.90313554383818,6.6606732564444755,46.543932282702364,0.006791996508944926,0.0474616023644184,5.4988600852621445,8.71955286349e-17,0.5731053652858012,0.7325557219128012,faltinsen_ch9_reduced_order_planing_plus_matched_bie_replace_with_matched_bie,heave_pitch_2x2_v1,FnB=1.67,1.1408333333333334
11,5.302266284198574,15.049498452682862,2.866832990730673,2.1916816666666668,0.01,-0.0033127796985685564,-0.025960224769079495,0.15327498394389072,-0.040219576048651534,0.026170742813156383,0.15846398644655266,0.05527492775439449,0.19574466888707864,-7.272200124919152,75.2969794247366,67.67853137505477,7.272200124919152,75.2969794247366,5.927343592058248,44.33370183990796,0.006044208360712628,0.04520779454748356,5.502890678512928,1.384034478319109e-16,0.581073112360833,0.7377992347513043,faltinsen_ch9_reduced_order_planing_plus_matched_bie_replace_with_matched_bie,heave_pitch_2x2_v1,FnB=1.67,1.1535166666666667
12,5.273354321420639,14.914577748119406,2.8356539490290493,2.2157799999999996,0.01,-0.004022387929293891,-0.023045041376709884,0.14894157237841094,-0.04088817644366744,0.023393450722541977,0.15445204743039798,0.054467875913872914,0.18946429257484537,-9.900927356096759,74.64905696896494,67.588784181254,9.900927356096759,74.64905696896494,5.203747476472927,42.14531434723485,0.005306345670002425,0.04297626034092668,5.50759100645975,1.2611572296892956e-16,0.5888365310427499,0.7428969971307765,faltinsen_ch9_reduced_order_planing_plus_matched_bie_replace_with_matched_bie,heave_pitch_2x2_v1,FnB=1.67,1.1662
13,5.244910208405784,14.782405940425722,2.8051458035352757,2.239878333333333,0.01,-0.004795355659264108,-0.020009663519115258,0.14449273290472425,-0.04155750654063394,0.020576250145423688,0.15035017862360794,0.05359799067632216,0.18295192511805017,-13.476878191675553,73.95425321521026,67.50316152642083,13.476878191675553,73.95425321521026,4.496312416033155,39.97856784553192,0.004584962669242968,0.04076679380372698,5.512956242382155,7.740158086957508e-18,0.5964017528550732,0.7478540455856993,faltinsen_ch9_reduced_order_planing_plus_matched_bie_replace_with_matched_bie,heave_pitch_2x2_v1,FnB=1.67,1.1788833333333333
14,5.216921461951359,14.652897706293068,2.7752871306887377,2.2639766666666667,0.01,-0.005634584077056328,-0.01685488248735686,0.13993049364318685,-0.04222950990820116,0.01777176416071364,0.1461638620121705,0.05266621258604593,0.17620823756657572,-18.484772090676216,73.20675364337421,67.42078509319347,18.484772090676216,73.20675364337421,3.815729475245396,37.833214518463805,0.003890961210245493,0.03857914223354949,5.518982250983749,1.2438497229985288e-16,0.6037747317041732,0.7526752194682408,faltinsen_ch9_reduced_order_planing_plus_matched_bie_replace_with_matched_bie,heave_pitch_2x2_v1,FnB=1.67,1.1915666666666667
15,5.189376060241433,14.525971252449114,2.7460574094728476,2.288075,0.01,-0.006542970585600763,-0.01358145237260383,0.13525670341751958,-0.042906151778258836,0.015075354477866947,0.14189895587985782,0.051673703321118016,0.16923372391745165,-25.722804676767623,72.39992375433275,67.34064286662326,25.722804676767623,72.39992375433275,3.180957696658109,35.70896574403472,0.0032436741360792,0.03641301131786565,5.525665554906655,6.860664256580221e-17,0.6109612457053594,0.7573651687754078,faltinsen_ch9_reduced_order_planing_plus_matched_bie_replace_with_matched_bie,heave_pitch_2x2_v1,FnB=1.67,1.20425
16,5.162262421150358,14.401548134048436,2.717436974381788,2.3121733333333334,0.01,-0.0075234164865870395,-0.010190092189811656,0.13047304013189884,-0.04358942247918604,0.012666482324130491,0.137561811391567,0.05062189581153472,0.16202870450503332,-36.43871187162904,71.5261662487442,67.2615445963473,36.43871187162904,71.5261662487442,2.6270865561714234,33.60549680854392,0.0026788827542243514,0.03426806994085026,5.533003303594594,1.3006196599127142e-16,0.6179668995306261,0.7619283617427012,faltinsen_ch9_reduced_order_planing_plus_matched_bie_replace_with_matched_bie,heave_pitch_2x2_v1,FnB=1.67,1.2169333333333334
17,5.135569381780428,14.279553084194001,2.68940697129811,2.3362716666666663,0.01,-0.008578834376091696,-0.006681488187644183,0.12558101884828812,-0.044281340923494776,0.010873761246875037,0.13315941367007017,0.04951255614757235,0.15459333010067997,-52.087327624810584,70.57675168284396,67.18206142330698,52.087327624810584,70.57675168284396,2.2172212058477743,31.522451339490203,0.0022609364113614482,0.03214395470368597,5.5409932442901395,6.21645854343537e-17,0.6247971271858436,0.7663690921966436,faltinsen_ch9_reduced_order_planing_plus_matched_bie_replace_with_matched_bie,heave_pitch_2x2_v1,FnB=1.67,1.2296166666666666
18,5.109286179151524,14.15991385380024,2.6619493160731524,2.3603699999999996,0.01,-0.009712155277108754,-0.0030562963386037774,0.12058199957765003,-0.04498395815120847,0.010181694723180139,0.12869955366315017,0.04834786030148945,0.14692758695993996,-72.53184953686564,69.54161804666006,67.10044238400903,72.53184953686564,69.54161804666006,2.0414619696864387,29.45944552763309,0.0020817118686671174,0.03004027422986758,5.549633694969504,1.4908572151472984e-17,0.6314571951375424,0.7706914866615674,faltinsen_ch9_reduced_order_planing_plus_matched_bie_replace_with_matched_bie,heave_pitch_2x2_v1,FnB=1.67,1.2423
19,5.08340243196688,14.042561061071728,2.6350466556190733,2.3844683333333334,0.01,-0.010926335533181845,0.0006848549942916921,0.11547719480032327,-0.04569936093102138,0.010947777607664418,0.12419103876067536,0.04713048950987099,0.13903130321342766,-93.58656706288505,68.40913452317363,67.0144964462171,93.58656706288505,68.40913452317363,2.158830815265472,27.41607223127522,0.0022013947834025605,0.027956613350405307,5.558923519033664,1.4720949474573808e-17,0.6379522057202187,0.774899511218528,faltinsen_ch9_reduced_order_planing_plus_matched_bie_replace_with_matched_bie,heave_pitch_2x2_v1,FnB=1.67,1.2549833333333333
20,5.057908123384797,13.927428049929185,2.608682331336585,2.4085666666666663,0.01,-0.01215148064164628,0.004524482678381791,0.11037370599212845,-0.04648949750546559,0.012966473124611841,0.11976488781252836,0.04591010809321717,0.1311233788987098,-110.42231317027361,67.15913331607737,66.92003874608702,110.42231317027361,67.15913331607737,2.515148960066084,25.434428229481536,0.002564738172633962,0.025935898833425827,5.568460684762752,1.3061491908915452e-16,0.6442871007645302,0.7789969781162789,faltinsen_ch9_reduced_order_planing_plus_matched_bie_replace_with_matched_bie,heave_pitch_2x2_v1,FnB=1.67,1.2676666666666665
21,5.032793584731381,13.814450756767233,2.582840344716427,2.4326649999999996,0.01,-0.013145946253042204,0.00840717211981578,0.10562377498331349,-0.047544867786080025,0.015604372654486373,0.11583132691341091,0.04484649124765324,0.12392755305913918,-122.59996519882566,65.76586330268839,66.81556875294865,122.59996519882566,65.76586330268839,2.9779236487207843,23.65021645883384,0.0030366370256109726,0.024116509163510314,5.576981674939971,6.382410154878211e-17,0.6504666653949734,0.7829875521359191,faltinsen_ch9_reduced_order_planing_plus_matched_bie_replace_with_matched_bie,heave_pitch_2x2_v1,FnB=1.67,1.2803499999999999
22,5.008049480094152,13.703567584976291,2.5575053249653354,2.456763333333333,0.01,-0.01422308109121664,0.012405475367406852,0.10077351278321851,-0.04860421867111545,0.018873045721839985,0.11188239786176873,0.0437466920477615,0.11650157264583913,-131.09517503700255,64.25145465065711,66.70871367423638,131.09517503700255,64.25145465065711,3.5441270664677544,21.877569894422077,0.003614003830531073,0.022308912721900016,5.586251339745617,7.933385032679711e-17,0.6564955319528333,0.7868747567121963,faltinsen_ch9_reduced_order_planing_plus_matched_bie_replace_with_matched_bie,heave_pitch_2x2_v1,FnB=1.67,1.2930333333333333
23,4.983666791740764,13.594719286704784,2.5326624985188295,2.4808616666666663,0.01,-0.015385901472956444,0.016518848455006147,0.09582352175853921,-0.049669498388637344,0.022574284449678184,0.10793148934573304,0.04261582007427138,0.1088444382233693,-137.03373530706517,62.60032873036798,66.59643285863461,137.03373530706517,62.60032873036798,4.1720978149040215,20.116236414423696,0.004254355783987419,0.02051285241588483,5.596267728154297,1.1358685135315529e-16,0.6623781840064695,0.7906619798155474,faltinsen_ch9_reduced_order_planing_plus_matched_bie_replace_with_matched_bie,heave_pitch_2x2_v1,FnB=1.67,1.3057166666666666
24,4.959636806311129,13.487848851377954,2.508297660313772,2.50496,0.01,-0.016637440776308254,0.02074677761448133,0.09077429225886602,-0.05074269411470524,0.02659385675245146,0.10399419763196678,0.041460070420413254,0.10095505368102987,-141.27286582633022,60.79487467658299,66.47465514644114,141.27286582633022,60.79487467658299,4.838009380270732,18.36595200316458,0.004933396603601365,0.018728059024401382,5.607029562971081,5.4096670817706783e-17,0.6681189604164869,0.79435247959984,faltinsen_ch9_reduced_order_planing_plus_matched_bie_replace_with_matched_bie,heave_pitch_2x2_v1,FnB=1.67,1.3184
25,4.935951101734914,13.382901400526201,2.4843971467033197,2.5290583333333334,0.01,-0.017980757202972604,0.025088776498830675,0.08562620710347052,-0.05182583549905218,0.03086671890241218,0.10008878342802076,0.040286949918950744,0.0928322364718157,-144.37138753824928,58.81529616766437,66.3377460359319,144.37138753824928,58.81529616766437,5.528292628991996,16.626443848551542,0.0056372896238695135,0.01695425435653515,5.618536214356945,5.310245694913334e-17,0.6737220594281084,0.797949389821448,faltinsen_ch9_reduced_order_planing_plus_matched_bie_replace_with_matched_bie,heave_pitch_2x2_v1,FnB=1.67,1.3310833333333334
26,4.9126015348298075,13.279824088509342,2.4609478099057456,2.5531566666666663,0.01,-0.019418941278464077,0.02954438326489548,0.08037954596924028,-0.05292099826154936,0.03535485628424293,0.09623670540505906,0.039105545033376765,0.08447473680326542,-146.68386941895935,56.63953784517855,66.17761456563457,146.68386941895935,56.63953784517855,6.23496070232857,14.897434742017287,0.006357890515444694,0.01519115573821569,5.630787675182152,7.371088541156984e-17,0.6791915427672442,0.8014557250358315,faltinsen_ch9_reduced_order_planing_plus_matched_bie_replace_with_matched_bie,heave_pitch_2x2_v1,FnB=1.67,1.3437666666666666
27,4.8895802295390824,13.178566008754022,2.437936993886747,2.5772549999999996,0.01,-0.02095512311879675,0.034113157509962556,0.07503448968897575,-0.05403030786566356,0.040035293182683764,0.09246322950742848,0.037926833113113595,0.0758812734680643,-148.43831279507577,54.24335935657089,65.9821387926668,148.43831279507577,54.24335935657089,6.953113611341053,13.17864997239224,0.007090202680161986,0.013438483042009494,5.643784538042868,1.278965907448906e-16,0.684531339720374,0.8048743855781586,faltinsen_ch9_reduced_order_planing_plus_matched_bie_replace_with_matched_bie,heave_pitch_2x2_v1,FnB=1.67,1.35645
28,4.866879565769868,13.079078105149598,2.415352511582274,2.601353333333333,0.01,-0.02259247949026062,0.03879467705520939,0.06959112447042883,-0.055155943275184936,0.04489373115854636,0.08879810067582604,0.03676403351064283,0.0670506030267191,-149.78517713882897,51.6006585377595,65.73221423190097,149.78517713882897,51.6006585377595,7.679624192881503,11.469829302732402,0.007831037299058805,0.011695970900085558,5.657527973787637,2.0705276429640515e-16,0.6897452511815205,0.8082081623347899,faltinsen_ch9_reduced_order_planing_plus_matched_bie_replace_with_matched_bie,heave_pitch_2x2_v1,FnB=1.67,1.3691333333333333
29,4.844492168796216,12.98131308827379,2.3931826233757567,2.6254516666666667,0.01,-0.024334240686766866,0.04358853456764463,0.06404944604754208,-0.05630014080054496,0.049921093893826596,0.0852762416688153,0.03563298547961501,0.05798166193754785,-150.82661772318943,48.68418701732574,65.39578021250225,150.82661772318943,48.68418701732574,8.412427652589509,9.770750161523262,0.008578288867849377,0.009963392352661981,5.672019711410601,7.3951887891709e-17,0.6948369536523447,0.8114597413126163,faltinsen_ch9_reduced_order_planing_plus_matched_bie_replace_with_matched_bie,heave_pitch_2x2_v1,FnB=1.67,1.3818166666666667
30,4.822410899193473,12.88522535614299,2.3714160167498584,2.6495499999999996,0.01,-0.026183697247244113,0.04849433401093212,0.058409363776349546,-0.05746519804106844,0.05511158165666439,0.0819384083483268,0.03455252379573087,0.0486738864845683,-151.6339204405126,45.46684547309593,64.9144737828816,151.6339204405126,45.46684547309593,9.150122580820812,8.081278280005606,0.009330528346398425,0.008240610483708104,5.687262019177069,1.9515197511949681e-16,0.6998100031837797,0.814631708013338,faltinsen_ch9_reduced_order_planing_plus_matched_bie_replace_with_matched_bie,heave_pitch_2x2_v1,FnB=1.67,1.3944999999999999
31,4.800628843272787,12.790770919204213,2.3500417870386547,2.673648333333333,0.01,-0.028144206533647444,0.05351168691423042,0.05267070468895624,-0.05865347792948844,0.060461533207612446,0.07883167894733832,0.03354479881256752,0.03912803265122558,-152.25809624546474,41.92377516786772,64.16956478131127,152.25809624546474,41.92377516786772,9.891737838602424,6.401495638510672,0.010086765448550142,0.006527708889896827,5.703257686854876,5.823516105235909e-17,0.7046678392496942,0.8177265516197961,faltinsen_ch9_reduced_order_planing_plus_matched_bie_replace_with_matched_bie,heave_pitch_2x2_v1,FnB=1.67,1.4071833333333332
32,4.779139303986631,12.697907329305512,2.3290494192114357,2.6977466666666663,0.01,-0.03021919918829646,0.05864020844694676,0.046833217519929256,-0.05986741288503206,0.06596873536974393,0.07600958747957991,0.03263545498545714,0.029348717484848092,-152.73648198795863,38.03544299067886,62.87668489620117,152.73648198795863,38.03544299067886,10.636591125363722,4.73209477475169,0.010846304421350535,0.004825393763162437,5.720010008931482,1.9402022686896191e-16,0.7094137885448727,0.8207466690014554,faltinsen_ch9_reduced_order_planing_plus_matched_bie_replace_with_matched_bie,heave_pitch_2x2_v1,FnB=1.67,1.4198666666666666
33,4.757935792278166,12.606593612400397,2.3084287706241855,2.721845,0.01,-0.03241218548745976,0.06387951328606144,0.040896576720336676,-0.06110950908131601,0.07163198996075423,0.07353164004428181,0.03185354513858328,0.019355120348999996,-153.096962182442,33.79179358046599,60.144600558203706,153.096962182442,33.79179358046599,11.384200142569215,3.0760357761560364,0.01160865345716347,0.003136683552646456,5.737522768702618,1.8928669966840386e-16,0.7140510687011604,0.8236943685460563,faltinsen_ch9_reduced_order_planing_plus_matched_bie_replace_with_matched_bie,heave_pitch_2x2_v1,FnB=1.67,1.43255
34,4.73701201884909,12.516790204758703,2.2881700546792976,2.7459433333333334,0.01,-0.034726761606352526,0.0692292112614386,0.03486038647556817,-0.06238235083520946,0.07745083384667552,0.07146190762184518,0.03123102999958674,0.00926406202491374,-153.3607385434474,29.197248787152034,51.1058163823362,153.3607385434474,29.197248787152034,12.134225006758648,1.451400940490928,0.012373465971314007,0.0014800170705500128,5.755800223122913,3.66647986473541e-16,0.7185827919169638,0.8265718738243594,faltinsen_ch9_reduced_order_planing_plus_matched_bie_replace_with_matched_bie,heave_pitch_2x2_v1,FnB=1.67,1.4452333333333334
35,4.716361886322236,12.428458892472179,2.2682638253382184,2.7700416666666663,0.01,-0.037166615808981444,0.07468890276327819,0.028724184743981824,-0.06368860512268998,0.08342535302097831,0.06986642406535724,0.03080171860296698,0.003246319942059666,-153.54419052890177,24.275841057155787,-53.55477998918366,153.54419052890177,24.275841057155787,12.886429837559943,0.5014479729334081,0.013140501432762408,0.0005113346279651136,5.774847088312974,2.219082106822175e-17,0.7230119684964531,0.8293813270947639,faltinsen_ch9_reduced_order_planing_plus_matched_bie_replace_with_matched_bie,heave_pitch_2x2_v1,FnB=1.67,1.4579166666666665
36,4.6959794817767575,12.341562754057529,2.248700962435521,2.7941399999999996,0.01,-0.03973553457456186,0.08025817389458971,0.02248744733434758,-0.06503102622756618,0.08955605610353999,0.0688092992249264,0.030599577433542115,0.01284390867024485,-153.6601529367365,19.075163907820524,-99.07506975627443,153.6601529367365,19.075163907820524,13.640656462456523,1.956309304235333,0.013909598550429067,0.0019948803151283393,5.7946685256206045,4.500306444232077e-17,0.7273415102958186,0.8321247926544346,faltinsen_ch9_reduced_order_planing_plus_matched_bie_replace_with_matched_bie,heave_pitch_2x2_v1,FnB=1.67,1.4706
37,4.675859069635141,12.256066105973066,2.2294726577464483,2.818238333333333,0.01,-0.04243740867050877,0.08593659135026631,0.01614959204102724,-0.06641246052872941,0.09584378637955847,0.06834781808201087,0.03065649531270631,0.02378960650478801,-153.7188110034881,13.667405252658625,-104.71394331808838,153.7188110034881,13.667405252658625,14.396805985251238,3.573464303241998,0.014680656478258367,0.0036439194865137423,5.8152701281361034,4.428604153522475e-17,0.7315742340747835,0.8348042600433927,faltinsen_ch9_reduced_order_planing_plus_matched_bie_replace_with_matched_bie,heave_pitch_2x2_v1,FnB=1.67,1.4832833333333333
38,4.655995084882608,12.171934450877462,2.210570401763192,2.8423366666666667,0.01,-0.04527623918027597,0.09172369700301523,0.009709982856822251,-0.0678358514313504,0.10228965942953619,0.06852726834258044,0.030999812667319625,0.035085464645840204,-153.72833913699031,8.145950249258277,-106.75966598914817,153.72833913699031,8.145950249258277,15.154825583245206,5.198121688743169,0.015453621352087827,0.005300608963043618,5.8366579075635014,1.7724413429464953e-16,0.7357128647523125,0.8374216471078418,faltinsen_ch9_reduced_order_planing_plus_matched_bie_replace_with_matched_bie,heave_pitch_2x2_v1,FnB=1.67,1.4959666666666667
39,4.636382126600722,12.089134428470675,2.1919859711382212,2.8664349999999996,0.01,-0.04825614349254142,0.09761900217502724,0.0031679342844903834,-0.06930424444712464,0.10889501811570959,0.06937661065530412,0.031650116181756074,0.04667244334508269,-153.69536441576318,2.6171990705499297,-107.77221607190184,153.69536441576318,2.6171990705499297,15.914698858610816,6.821045569259239,0.016228476450786778,0.006955530756434908,5.858838281350492,1.694999017110876e-16,0.739760038566076,0.8399788029288064,faltinsen_ch9_reduced_order_planing_plus_matched_bie_replace_with_matched_bie,heave_pitch_2x2_v1,FnB=1.67,1.5086499999999998
40,4.617014951798112,12.007633768767505,2.1737114167557037,2.890533333333333,0.01,-0.051381361256430516,0.10362198157288866,-0.0034772842309726028,-0.07082079242830853,0.11566139956638903,0.0709061079583172,0.032619835094828555,0.0585395778572414,-153.625308125963,-2.8109518634997244,-108.34493453618182,153.625308125963,-2.8109518634997244,16.676438654772422,8.440427685229663,0.01700523487100327,0.008606840955096454,5.881818059980342,1.8864435923832681e-16,0.743718306135767,0.8424775106219552,faltinsen_ch9_reduced_order_planing_plus_matched_bie_replace_with_matched_bie,heave_pitch_2x2_v1,FnB=1.67,1.5213333333333332
41,4.59788846952234,11.927401247664323,2.1557390523947006,2.9146316666666663,0.01,-0.054656260305573114,0.10973206686178648,-0.010226443725992665,-0.0723887609598389,0.12259051059666137,0.0731075431442036,0.03391298360670887,0.07068531122876212,-153.52264098748222,-8.041029534374758,-108.68781318829355,153.52264098748222,-8.041029534374758,17.44008161405019,10.055897399759443,0.017783933977505252,0.010254161614577297,5.90560443432871,4.043080246489389e-17,0.747590135430806,0.844919490014281,faltinsen_ch9_reduced_order_planing_plus_matched_bie_replace_with_matched_bie,heave_pitch_2x2_v1,FnB=1.67,1.5340166666666666
42,4.578997735237878,11.848406644668344,2.1380614439501375,2.9387299999999996,0.01,-0.05808534255183333,0.11594863985360918,-0.017080350973494838,-0.0740115339133144,0.12968420915156087,0.07595686632279833,0.035526044650272336,0.08311104821660763,-153.39107635531118,-12.995179968835515,-108.89391450847225,153.39107635531118,-12.995179968835515,18.205683986106717,11.667522896463801,0.018564631128985654,0.011897562262815336,5.930204962987626,1.6798751271153448e-16,0.751377914643357,0.8473064002030937,faltinsen_ch9_reduced_order_planing_plus_matched_bie_replace_with_matched_bie,heave_pitch_2x2_v1,FnB=1.67,1.5467
43,4.560337945456092,11.770620702667447,2.1206713991798107,2.9628283333333334,0.01,-0.06167324984747145,0.12227102528201486,-0.02403984354353019,-0.07569261916600467,0.13694449010553056,0.07941842779737728,0.037449662323023304,0.09581943288289797,-153.23371821364665,-17.619757070725512,-109.01078199759218,153.23371821364665,-17.619757070725512,18.973318348715782,13.275544000928061,0.019347400334177096,0.013537287453848216,5.955627559457297,1.5911214707926946e-16,0.7550839549678819,0.8496398420025836,faltinsen_ch9_reduced_order_planing_plus_matched_bie_replace_with_matched_bie,heave_pitch_2x2_v1,FnB=1.67,1.5593833333333333
44,4.5419044326040146,11.694015089626257,2.1035619579477185,2.9869266666666667,0.01,-0.06542476981230747,0.12869848313600968,-0.03110578464217952,-0.07743565448733568,0.14437347424822602,0.08344968798076888,0.039670658458847693,0.10881375172547691,-153.0531757867947,-21.885253155902518,-109.06522366217575,153.0531757867947,-21.885253155902518,19.743071003268025,14.880279342411589,0.020132329596006818,0.015173662099097644,5.981880479104594,1.5659513281481078e-16,0.7587104932887251,0.8519213602830025,faltinsen_ch9_reduced_order_planing_plus_matched_bie_replace_with_matched_bie,heave_pitch_2x2_v1,FnB=1.67,1.5720666666666667
45,4.52369266011943,11.61856236210151,2.086726382935906,3.0110249999999996,0.01,-0.0693257137524269,0.13523248724802062,-0.03826060392618239,-0.07925357575369223,0.1519667075203299,0.08800569914808037,0.042174048245012995,0.12205577528989435,-152.85846381754652,-25.769478309851962,-109.07595867396321,152.85846381754652,-25.769478309851962,20.51413650219479,16.476430107845445,0.020918597586530353,0.016801282912967678,6.008965751899085,1.6122768985087682e-16,0.7622596947774327,0.854152446207304,faltinsen_ch9_reduced_order_planing_plus_matched_bie_replace_with_matched_bie,heave_pitch_2x2_v1,FnB=1.67,1.5847499999999999
46,4.505698217760588,11.544235930476468,2.0701581507987883,3.035123333333333,0.01,-0.07277196330012885,0.1419523522290369,-0.044926665876672454,-0.08142950150836714,0.15951874167605465,0.09300090871972881,0.04492454293110099,0.1342324391251878,-152.85802547146292,-28.886605692954532,-109.13135379106127,152.85802547146292,-28.886605692954532,21.258964314959655,17.88907437012915,0.02167811058308358,0.018241779170388616,6.036768918508828,9.575888150677072e-17,0.7657336554016799,0.8563345393698928,faltinsen_ch9_reduced_order_planing_plus_matched_bie_replace_with_matched_bie,heave_pitch_2x2_v1,FnB=1.67,1.5974333333333333
47,4.487916817119527,11.471010025820409,2.053850943735554,3.059221666666666,0.01,-0.0763878001627182,0.1487905311489714,-0.051711295734427044,-0.08365875569668278,0.16725345489194654,0.09835062537295138,0.04788596060144014,0.14672190556214973,-152.82441937538587,-31.721112449827757,-109.15745853361327,152.82441937538587,-31.721112449827757,22.00789048558323,19.306265640575166,0.02244180274159191,0.019686912085753204,6.065592716324005,6.705538459480813e-17,0.7691344043478147,0.8584690298419272,faltinsen_ch9_reduced_order_planing_plus_matched_bie_replace_with_matched_bie,heave_pitch_2x2_v1,FnB=1.67,1.6101166666666664
48,4.470344287328649,11.398859668285084,2.037798641457775,3.0833199999999996,0.01,-0.08017827593483365,0.1557467557672942,-0.058615851004184254,-0.08594521253239452,0.17517307973521362,0.10403075288674592,0.05105055561933523,0.15952878992268996,-152.7606350863209,-34.29454116193406,-109.15853877134184,152.7606350863209,-34.29454116193406,22.760939246635786,20.728214066957197,0.023209698772400148,0.021136895950153417,6.095448225800719,8.362061483480881e-17,0.772463906359136,0.8605572601274382,faltinsen_ch9_reduced_order_planing_plus_matched_bie_replace_with_matched_bie,heave_pitch_2x2_v1,FnB=1.67,1.6227999999999998
49,4.4529765709507725,11.32776063695538,2.021995313530767,3.107418333333333,0.01,-0.08414862434079193,0.1628207106715216,-0.06564172542225782,-0.0882928988907687,0.1832800447458126,0.110020325899111,0.05441176107722809,0.1726579228095846,-152.66927908846898,-36.62911216471758,-109.13778779877393,152.66927908846898,-36.62911216471758,23.518158298606377,22.155147145320324,0.023981847316470333,0.022591962744994802,6.12634714326612,8.150734862030895e-17,0.7757240639920988,0.8626005270343342,faltinsen_ch9_reduced_order_planing_plus_matched_bie_replace_with_matched_bie,heave_pitch_2x2_v1,FnB=1.67,1.6354833333333332
50,4.43580972004348,11.257689441076607,2.0064352120685673,3.1315166666666663,0.01,-0.0883042697103454,0.1700120248599656,-0.07279034450845438,-0.0907060021145229,0.1915769627227214,0.11630138895670726,0.057964188555485144,0.1861143442300575,-152.55262899910437,-38.74657333438893,-109.09764119369709,152.55262899910437,-38.74657333438893,24.279615866808133,23.587307789971337,0.024758317944260415,0.02405236017393436,6.158301771225442,1.6495130776116888e-16,0.7789167197926964,0.8646000834641914,faltinsen_ch9_reduced_order_planing_plus_matched_bie_replace_with_matched_bie,heave_pitch_2x2_v1,FnB=1.67,1.6481666666666666
51,4.418839892389094,11.18862329258544,1.9911127647636315,3.1556149999999996,0.01,-0.0926508355554949,0.17732026273817772,-0.08006316078472808,-0.09318887813125395,0.20006662117071838,0.12285876738028476,0.06170357076429548,0.19990330066421713,-152.41267893800895,-40.667500929319004,-109.03998607759328,152.41267893800895,-40.667500929319004,25.045398227332452,25.024952902169872,0.025539198632899565,0.025518350203351678,6.191325008630083,1.132049395764753e-16,0.782043658395303,0.8665571401245432,faltinsen_ch9_reduced_order_planing_plus_matched_bie_replace_with_matched_bie,heave_pitch_2x2_v1,FnB=1.67,1.66085
52,4.402063347882093,11.12054007987594,1.9760225682334844,3.179713333333333,0.01,-0.09719415324766506,0.18474491448204358,-0.08746164862353047,-0.0957460598915002,0.20875197448768765,0.12967979011662786,0.06562667461463176,0.2140302439309625,-152.25117765555973,-42.410924009250095,-108.96630392918925,152.25117765555973,-42.410924009250095,25.815607613528766,26.46835225539609,0.026324593631391727,0.02699020792563831,6.225430340970358,3.518385930791397e-17,0.785106608546287,0.8684728671672295,faltinsen_ch9_reduced_order_planing_plus_matched_bie_replace_with_matched_bie,heave_pitch_2x2_v1,FnB=1.67,1.6735333333333333
53,4.385476445066261,11.053418342736252,1.9611593816676447,3.2038116666666667,0.01,-0.10194027079171172,0.19228538571736128,-0.09498729868588375,-0.09838226613583863,0.21763613755431777,0.13675400250692582,0.0697312027697815,0.22850083115821826,-152.06966070152,-43.99416785645184,-108.87777034553609,152.06966070152,-43.99416785645184,26.59036043232895,27.917787587400706,0.027114621641772627,0.028468220633346468,6.2606318300500625,1.4461615630144504e-16,0.7881072450546994,0.870348395756189,faltinsen_ch9_reduced_order_planing_plus_matched_bie_replace_with_matched_bie,heave_pitch_2x2_v1,FnB=1.67,1.6862166666666667
54,4.369075637814305,10.98723724839533,1.946518120759125,3.2279099999999996,0.01,-0.10689546169011224,0.19994098646246064,-0.10264161190608408,-0.10110241049848825,0.22672238045134432,0.14407289093817757,0.07401569469180715,0.24332092542115588,-151.86947766909415,-45.43283756636532,-108.77532618029437,151.86947766909415,-45.43283756636532,27.36978573358065,29.373551830286925,0.027909414258264188,0.02995268703409108,6.296944103292918,4.1517439412315295e-16,0.7910471906723471,0.8721848195679401,faltinsen_ch9_reduced_order_planing_plus_matched_bie_replace_with_matched_bie,heave_pitch_2x2_v1,FnB=1.67,1.6988999999999999
55,4.3528574721430395,10.921976568622577,1.9320938519057465,3.252008333333333,0.01,-0.11206623388723855,0.20771091927698568,-0.1104260929765871,-0.10391161095375193,0.2360141240785384,0.15162963068304874,0.07847943335334712,0.25849659676154363,-151.6518153524858,-46.740885759546444,-108.65972921212034,151.6518153524858,-46.740885759546444,28.15402388635366,30.83594843393281,0.02870911461748269,0.03144391656063264,6.334382342422498,7.592893691276915e-17,0.7939280179055324,0.8739831962278292,faltinsen_ch9_reduced_order_planing_plus_matched_bie_replace_with_matched_bie,heave_pitch_2x2_v1,FnB=1.67,1.7115833333333332
56,4.336818583157667,10.857616657826764,1.9178817866673816,3.2761066666666663,0.01,-0.11745933877977371,0.21559426655634648,-0.11834224328303247,-0.1068151996102335,0.24551493648768222,0.15941886153474585,0.08312236063921383,0.2740341233903399,-151.41771749990448,-47.93072634396822,-108.53159229529382,151.41771749990448,-47.93072634396822,28.94322542464428,32.30529075256211,0.029513876221384756,0.03294222874535352,6.37296227134764,1.0324160484215231e-16,0.7967512507607236,0.8757445486849936,faltinsen_ch9_reduced_order_planing_plus_matched_bie_replace_with_matched_bie,heave_pitch_2x2_v1,FnB=1.67,1.7242666666666666
57,4.320955692119005,10.79413843210352,1.9038772764660337,3.3002049999999996,0.01,-0.12308178027508809,0.22358997690761043,-0.12639155323553924,-0.109818732856111,0.25522852977132243,0.16743649188696597,0.08794500252545723,0.28993999292938877,-151.16810171906604,-49.01336949410617,-108.3914119505528,151.16810171906604,-49.01336949410617,29.737550031565643,33.78190147321951,0.030323861901429786,0.0344479526374649,6.412700143074675,1.6927800658884633e-16,0.7995183664263835,0.877469866528849,faltinsen_ch9_reduced_order_planing_plus_matched_bie_replace_with_matched_bie,heave_pitch_2x2_v1,FnB=1.67,1.7369499999999998
58,4.30526560362785,10.731523349183739,1.8900758075164381,3.324303333333333,0.01,-0.12894082387464675,0.2316968505386994,-0.13457549393831175,-0.11292800185675404,0.2651587573719282,0.17567952974692191,0.09294840399960731,0.3062209035805654,-150.90377399204243,-49.998562310445635,-108.23959008146831,150.90377399204243,-49.998562310445635,30.53716563637387,35.26611207052588,0.031139242897802892,0.03596142624701185,6.453612725455781,1.008051089827541e-16,0.8022307968931442,0.8791601072497693,faltinsen_ch9_reduced_order_planing_plus_matched_bie_replace_with_matched_bie,heave_pitch_2x2_v1,FnB=1.67,1.7496333333333332
59,4.289745202921009,10.669753389237941,1.8764729959755686,3.3484016666666663,0.01,-0.13504400575424086,0.23991352358871834,-0.14289550813523375,-0.11614904340362618,0.27530961169364565,0.1841459381273562,0.09813407308407317,0.3228837651300431,-150.62544117562788,-50.89492592252833,-108.0764506717436,150.62544117562788,-50.89492592252833,31.342247602849717,36.758262275663796,0.03196019803179447,0.037482996003389335,6.495717285569307,4.021904131838837e-16,0.8048899305144775,0.8808161974465172,faltinsen_ch9_reduced_order_planing_plus_matched_bie_replace_with_matched_bie,heave_pitch_2x2_v1,FnB=1.67,1.7623166666666665
60,4.274391453273778,10.608811036494117,1.8630645833000998,3.3724999999999996,0.01,-0.14139914180695312,0.24823845132311714,-0.15135300036451194,-0.1194881511106428,0.28568522191223406,0.19283451188825032,0.10350393304491733,0.3399356997062932,-150.33372179816783,-51.71008393863309,-107.90225276683718,150.33372179816783,-51.71008393863309,32.15297799087045,38.25869954983322,0.03278691295281309,0.039013016218416297,6.539031572513418,2.616625416341534e-16,0.8074971135099583,0.8824390339828473,faltinsen_ch9_reduced_order_planing_plus_matched_bie_replace_with_matched_bie,heave_pitch_2x2_v1,FnB=1.67,1.775
61,4.259201393503972,10.54867926162907,1.8498464318014995,3.396598333333333,0.01,-0.14801433660820473,0.25666989011313845,-0.1599493262505251,-0.12295188695092106,0.2962898518887502,0.20174477309905453,0.10906028177840821,0.35738404221577746,-150.02915541086298,-52.45077978673051,-107.71720066955538,150.02915541086298,-52.45077978673051,32.96954487564071,39.767778553870635,0.0336195794441942,0.04055184854549784,6.58357379837795,1.7183134509665558e-16,0.8100536514131691,0.8840294850956024,faltinsen_ch9_reduced_order_planing_plus_matched_bie_replace_with_matched_bie,heave_pitch_2x2_v1,FnB=1.67,1.7876833333333333
62,4.244172135572825,10.489341504895426,1.8368145203890005,3.4206966666666667,0.01,-0.1548979922549153,0.2652058781147088,-0.16868578085585034,-0.12654709312308196,0.30712789809979424,0.2108768821868579,0.11480575738382033,0.3752363403818314,-149.71221070845,-53.12298212208398,-107.52145202201723,149.71221070845,-53.12298212208398,33.792141711146115,41.28586060662784,0.03445839477410341,0.04209986142732518,6.629362617142115,2.7126985022477097e-16,0.8125608104662444,0.8855883914565065,faltinsen_ch9_reduced_order_planing_plus_matched_bie_replace_with_matched_bie,heave_pitch_2x2_v1,FnB=1.67,1.8003666666666667
63,4.229300862278374,10.430781659948654,1.823964940491259,3.4447949999999996,0.01,-0.16205881702265987,0.2738442145576217,-0.17756358601099512,-0.13028090423188965,0.31820388750212447,0.22023156241684083,0.12074330900106259,0.39350035431108443,-149.38329259891321,-53.731978441495954,-107.31512426665824,149.38329259891321,-53.731978441495954,34.62096672605885,42.81331312523788,0.03530356107953161,0.04365742952510581,6.676417101225838,2.6336430322610265e-16,0.815019818962996,0.887116567189751,faltinsen_ch9_reduced_order_planing_plus_matched_bie_replace_with_matched_bie,heave_pitch_2x2_v1,FnB=1.67,1.8130499999999998
64,4.2145848250371225,10.372984058340325,1.811293892148001,3.468893333333333,0.01,-0.16950583377563636,0.2825824375515574,-0.1865838765336358,-0.1341607597629599,0.32952247525252887,0.22981003555653023,0.12687617208491775,0.4121840555085484,-149.0427483729653,-54.28245757932069,-107.09829985160395,149.0427483729653,-54.28245757932069,35.45622234163797,44.350509040663624,0.03615528477271848,0.045224933122588885,6.724756715402281,1.2845881019781223e-16,0.8174318685425066,0.8886148008473846,faltinsen_ch9_reduced_order_planing_plus_matched_bie_replace_with_matched_bie,heave_pitch_2x2_v1,FnB=1.67,1.8257333333333332
65,4.200021341750019,10.315933454645773,1.798797680263457,3.4929916666666663,0.01,-0.17724838805416623,0.2914178003112869,-0.19574768524320102,-0.13819441682544534,0.3410884422053456,0.2396139668712912,0.13320784738625893,0.43129562525772464,-148.69087310022843,-54.77858202486726,-106.87103045437672,148.69087310022843,-54.77858202486726,36.29811460220149,45.89782618200859,0.03701377596039574,0.046802757498237,6.774401287755895,2.477163564327293e-16,0.819798115435021,0.8900838563444042,faltinsen_ch9_reduced_order_planing_plus_matched_bie_replace_with_matched_bie,heave_pitch_2x2_v1,FnB=1.67,1.8384166666666666
66,4.185607794749008,10.259615012195987,1.7864727110138177,3.517089999999999,0.01,-0.18529615575323868,0.3003472456993361,-0.20505592667042055,-0.14238996312992663,0.3529066921101183,0.24964541786863775,0.1397420830049874,0.450843452275939,-148.32791435938435,-55.22405109944849,-106.63334043155466,148.32791435938435,-55.22405109944849,37.14685260954737,47.45564662301182,0.037879247867056924,0.04839129225883644,6.825370977346463,1.2631092995415178e-16,0.822119681661913,0.8915244738553632,faltinsen_ch9_reduced_order_planing_plus_matched_bie_replace_with_matched_bie,heave_pitch_2x2_v1,FnB=1.67,1.8510999999999997
67,4.171341628820558,10.204014289385235,1.7743154884013757,3.541188333333333,0.01,-0.19365915029318392,0.3093673789805949,-0.21450937935507164,-0.14675583016110427,0.3649822484307984,0.25990680544682343,0.14648285896494906,0.47083612954788734,-147.95407639326788,-55.622156032062264,-106.38522965330134,147.95407639326788,-55.622156032062264,38.002647953313506,49.02435598399147,0.03875191625408627,0.04999093062767762,6.877686238213132,1.2974717036624246e-16,0.8243976561914428,0.8929373706742365,faltinsen_ch9_reduced_order_planing_plus_matched_bie_replace_with_matched_bie,heave_pitch_2x2_v1,FnB=1.67,1.8637833333333331
68,4.157220349302802,10.149117226527428,1.7623226109484194,3.5652866666666663,0.01,-0.2023477291697753,0.31847443867986486,-0.2241086666185656,-0.15130080649617095,0.37732025070570985,0.27040086630767873,0.15343437383587707,0.49128245023202777,-147.5695237663403,-55.97582791886889,-106.12667584556795,147.5695237663403,-55.97582791886889,38.86571412971838,50.604342682253616,0.03963199882703918,0.05160206868018499,6.931367779324555,1.3466999285786288e-16,0.8266330960519689,0.8943232420391729,faltinsen_ch9_reduced_order_planing_plus_matched_bie_replace_with_matched_bie,heave_pitch_2x2_v1,FnB=1.67,1.8764666666666665
69,4.14324152025305,10.094910133235663,1.7504907685242979,3.5893849999999996,0.01,-0.211372599755842,0.3276642654303581,-0.23385423569136307,-0.15603405120984695,0.38992595036437305,0.2811306256666974,0.16060103299127745,0.5121914025252203,-147.17438459069223,-56.287679470395744,-105.85763653573575,147.17438459069223,-56.287679470395744,39.73626594144804,52.19599712367592,0.04051971462369723,0.05322510451956166,6.986436520051442,1.5783073336602053e-16,0.8288270274042197,0.8956827619237204,faltinsen_ch9_reduced_order_planing_plus_matched_bie_replace_with_matched_bie,heave_pitch_2x2_v1,FnB=1.67,1.8891499999999999
70,4.129402762682636,10.041379676300778,1.7388167392994536,3.613483333333333,0.01,-0.22074482420964475,0.336932268698757,-0.2437463350684593,-0.16096510729582394,0.40280470591322337,0.29209936943797354,0.16798743814466413,0.5335721633607401,-146.76875337730073,-56.560041358321214,-105.57805067705527,146.76875337730073,-56.560041358321214,40.61451887166417,53.79971082780253,0.04141528337573399,0.05486043738463444,7.0429135407060945,1.258962396315948e-16,0.8309804465741786,0.8970165837960035,faltinsen_ch9_reduced_order_planing_plus_matched_bie_replace_with_matched_bie,heave_pitch_2x2_v1,FnB=1.67,1.9018333333333333
71,4.115701752856189,9.988512868045976,1.727297386820526,3.6375816666666663,0.01,-0.23047582332677052,0.34627339127085066,-0.25378498995952464,-0.16610391502168845,0.4159619773974159,0.30331061919142943,0.17559837785069538,0.5554340908036807,-146.3526935613679,-56.794993880553676,-105.28784001170105,146.3526935613679,-56.794993880553676,41.50068842522735,55.41587547837297,0.04231892483694978,0.05650846668166292,7.100820027659977,5.857668337783912e-16,0.8330943210480778,0.8983253413472924,faltinsen_ch9_reduced_order_planing_plus_matched_bie_replace_with_matched_bie,heave_pitch_2x2_v1,FnB=1.67,1.9145166666666666
72,4.102136220652568,9.93629705513581,1.7159296572009535,3.6616799999999996,0.01,-0.2405773791519247,0.35568207138114166,-0.2639699756937393,-0.1714608251200614,0.429403320040249,0.314768109278252,0.18343881869359713,0.5777867149956654,-145.92623974394644,-56.994394574600165,-104.98691022035771,145.92623974394644,-56.994394574600165,42.39498943026753,57.04488189074605,0.0432308580710717,0.05816959093140476,7.160177212515137,4.036949933852131e-16,0.8351695904309474,0.8996096491913033,faltinsen_ch9_reduced_order_planing_plus_matched_bie_replace_with_matched_bie,heave_pitch_2x2_v1,FnB=1.67,1.9271999999999998
73,4.088703947984823,9.884719907818887,1.7047105764217834,3.685778333333333,0.01,-0.25106163614471727,0.3651522023704316,-0.27430078893312787,-0.17704661170263236,0.44313437695538704,0.32647576560093866,0.19151389691393647,0.6006397274878503,-145.48939968648682,-57.159902327692095,-104.6751518970631,145.48939968648682,-57.159902327692095,43.29763529320687,58.68711888718647,0.044151300692088405,0.05984420662222724,7.221006304768604,1.4125621940211568e-16,0.8372071673701117,0.900870103535537,faltinsen_ch9_reduced_order_planing_plus_matched_bie_replace_with_matched_bie,heave_pitch_2x2_v1,FnB=1.67,1.9398833333333332
74,4.075402767276722,9.833769409584846,1.693637247737684,3.7098766666666663,0.01,-0.26194110066910314,0.37467708975745667,-0.28477661654234876,-0.18287248476569887,0.4571608708199538,0.3384376855695723,0.1998289102472495,0.6240029687872557,-145.04215609025903,-57.29299845895844,-104.35244138091288,145.04215609025903,-57.29299845895844,44.20883720025347,60.342972070449036,0.045080468050000225,0.06153270695951119,7.28332841737,2.8381908111177906e-16,0.8392079384449753,0.9021072828258775,faltinsen_ch9_reduced_order_planing_plus_matched_bie_replace_with_matched_bie,heave_pitch_2x2_v1,FnB=1.67,1.9525666666666666
75,4.062230559993413,9.783433847216974,1.6827068491834005,3.733974999999999,0.01,-0.27322863854958757,0.384249405614595,-0.29539630195774946,-0.1889501021356917,0.47148859438891066,0.3506581188385665,0.20838930976523753,0.6478864139268021,-144.58446818865497,-57.39500518428059,-104.01864147067754,144.58446818865497,-57.39500518428059,45.128803258257484,62.012822485549194,0.04601857235473631,0.06323548050103675,7.3471644845336,0.0,0.8411727650243919,0.9033217483656236,faltinsen_ch9_reduced_order_planing_plus_matched_bie_replace_with_matched_bie,heave_pitch_2x2_v1,FnB=1.67,1.9652499999999997
76,4.049185255224016,9.73370180122292,1.6719166311761489,3.758073333333333,0.01,-0.28493747040838335,0.39386114014367707,-0.30615830889411577,-0.19529158068069027,0.48612339972275104,0.3631414484600558,0.21720069152287544,0.672300155853733,-144.11627317705498,-57.46710181796294,-103.6736020440404,144.11627317705498,-57.46710181796294,46.05773756764859,63.697045159028384,0.04696582173081387,0.0649529096674485,7.412535171125092,2.3508134081081714e-16,0.8431024840928606,0.9045140449100801,faltinsen_ch9_reduced_order_planing_plus_matched_bie_replace_with_matched_bie,heave_pitch_2x2_v1,FnB=1.67,1.977933333333333
77,4.036264828313955,9.684562136626841,1.6612639142096723,3.7821716666666663,0.01,-0.2970811644664213,0.40350355035659724,-0.31706068222433587,-0.20190950658896417,0.5010711859916751,0.3758921721232836,0.22626878782358315,0.6972543864146963,-143.63748750214765,-57.510339016369215,-103.31716059976759,143.63748750214765,-57.510339016369215,46.9958392199771,65.39600750443724,0.04792241919511464,0.06668536911630092,7.479460772902018,2.4304929619104024e-16,0.8449979090467462,0.9056847012377619,faltinsen_ch9_reduced_order_planing_plus_matched_bie_replace_with_matched_bie,heave_pitch_2x2_v1,FnB=1.67,1.9906166666666665
78,4.023467299544988,9.63600399410701,1.6507460866358894,3.8062699999999996,0.01,-0.3086947907482825,0.4138859071256319,-0.3276313580880008,-0.20877537903039967,0.5163274328876329,0.38849641657533324,0.2353459564257172,0.7214279228350489,-143.28276239339885,-57.49363348971403,-103.03612370895603,143.28276239339885,-57.49363348971403,47.94233064090744,66.98643885084456,0.04888757184248183,0.06830715774586078,7.551234758647138,1.3795868052704802e-16,0.8468598304616799,0.9068342306992363,faltinsen_ch9_reduced_order_planing_plus_matched_bie_replace_with_matched_bie,heave_pitch_2x2_v1,FnB=1.67,2.0033
79,4.0107907328609915,9.588016781463956,1.6403606025302842,3.830368333333333,0.01,-0.3206937484406482,0.4243995601010836,-0.3383453361158833,-0.21591025809467465,0.5319393451352391,0.4013661744864396,0.24468167174176544,0.7461191563307138,-142.9238068300361,-57.45659654682433,-102.74944379773109,142.9238068300361,-57.45659654682433,48.90121900076087,68.5907831373425,0.04986536584946018,0.06994313362600123,7.625247513482071,3.3593083676545317e-16,0.8486890168322447,0.9079631317445649,faltinsen_ch9_reduced_order_planing_plus_matched_bie_replace_with_matched_bie,heave_pitch_2x2_v1,FnB=1.67,2.0159833333333332
80,3.9982332346376213,9.54059016540468,1.63010497963737,3.8544666666666654,0.01,-0.33316664051871314,0.43498622597612874,-0.3492384881817574,-0.22333030054467642,0.5479169892816622,0.41454064308443267,0.25430303462826703,0.7714428085772863,-142.55060877451717,-57.40198302938225,-102.4504873378079,142.55060877451717,-57.40198302938225,49.87297179285842,70.21893130639988,0.05085627792656863,0.07160338271111939,7.701307146720374,1.56174844187324e-16,0.850486215285015,0.9090718884302712,faltinsen_ch9_reduced_order_planing_plus_matched_bie_replace_with_matched_bie,heave_pitch_2x2_v1,FnB=1.67,2.028666666666666
81,3.9857929524940894,9.493714063629419,1.619976797392744,3.878564999999999,0.01,-0.34613016299456306,0.44563792019831466,-0.3603099227103899,-0.23105032651995894,0.564268770758512,0.4280274451347095,0.2642182565970045,0.7974131327830782,-142.16325692515423,-57.32979821153492,-102.13908071111655,142.16325692515423,-57.32979821153492,50.85788666271644,71.87132946579372,0.05186061158776589,0.07328835990454817,7.779451449003615,2.310408388852069e-16,0.8522521522659745,0.9101609709067147,faltinsen_ch9_reduced_order_planing_plus_matched_bie_replace_with_matched_bie,heave_pitch_2x2_v1,FnB=1.67,2.0413499999999996
82,3.9734680741453596,9.447378637208002,1.6099736950184245,3.9026633333333325,0.01,-0.3596016051330541,0.4563458118901291,-0.3715582997558082,-0.2390858201562137,0.5810032826447111,0.44183435755630907,0.27443576185339646,0.8240447076405057,-141.76180444686844,-57.240021686842795,-101.81503632704482,141.76180444686844,-57.240021686842795,51.85626455545109,73.54843189596289,0.05287867371166616,0.07499852844341635,7.859718616526278,2.37475755391906e-16,0.8539875342032964,0.9112308358867034,faltinsen_ch9_reduced_order_planing_plus_matched_bie_replace_with_matched_bie,heave_pitch_2x2_v1,FnB=1.67,2.054033333333333
83,3.9612568262931345,9.401574283233419,1.6000933696883193,3.926761666666666,0.01,-0.373598852084505,0.4671001499959241,-0.382981778035173,-0.24745295226327876,0.598129294053614,0.4559693036716343,0.2849641854090378,0.8513524222137966,-141.34627064227016,-57.13260831619908,-101.4781524805359,141.34627064227016,-57.13260831619908,52.86840845343971,75.25069920984302,0.053910773254311845,0.07673435802220231,7.942147144295968,4.4194930563459653e-16,0.8556930481464348,0.912281927096154,faltinsen_ch9_reduced_order_planing_plus_matched_bie_replace_with_matched_bie,heave_pitch_2x2_v1,FnB=1.67,2.0667166666666663
84,3.9491574735541164,9.356291627740951,1.5903335747608338,3.950859999999999,0.01,-0.38814038429876,0.47789018403090044,-0.3945779571451912,-0.2561686021915471,0.6156557365254359,0.4704403437351472,0.29581236993370746,0.8793514574444597,-140.9166424710566,-57.00748906689195,-101.1282132228848,140.9166424710566,-57.00748906689195,53.8946220113604,76.97859632003933,0.054957219857301315,0.07849632271982719,8.02677570491711,2.2035741339565496e-16,0.8573693623824364,0.9133146757075582,faltinsen_ch9_reduced_order_planing_plus_matched_bie_replace_with_matched_bie,heave_pitch_2x2_v1,FnB=1.67,2.0793999999999997
85,3.9371683174240495,9.311521518881658,1.5806921180757671,3.9749583333333325,0.01,-0.4032452731495607,0.48870407915102715,-0.40634381459599345,-0.2652503785506894,0.6335916881528018,0.48525566352357713,0.30698936116306835,0.9080572638507078,-140.4728759343362,-56.86457175866053,-100.76498824586263,140.4728759343362,-56.86457175866053,54.93520807264486,78.73259019061616,0.05601832233499193,0.0802848987071183,8.113643011321443,2.2506014261184527e-16,0.8590171270303462,0.9143295007569809,faltinsen_ch9_reduced_order_planing_plus_matched_bie_replace_with_matched_bie,heave_pitch_2x2_v1,FnB=1.67,2.092083333333333
86,3.9252876952761557,9.267255020339633,1.571166860312787,3.9990566666666663,0.01,-0.4189331721241836,0.4995288252724999,-0.4182756372836871,-0.27471663838821186,0.6519463551429324,0.5004235607486863,0.31850440165792593,0.9374855349540421,-140.01489733963982,-56.703741731294315,-100.38823278057956,140.01489733963982,-56.703741731294315,55.99046705057842,80.51314734895671,0.057094387023681296,0.08210056170961205,8.20278766173512,2.2687969622637283e-16,0.8606369746145467,0.9153268095452901,faltinsen_ch9_reduced_order_planing_plus_matched_bie_replace_with_matched_bie,heave_pitch_2x2_v1,FnB=1.67,2.1047666666666665
87,3.9135139793926124,9.223483404982876,1.561755713408901,4.023154999999999,0.01,-0.4352243028519534,0.5103501399857618,-0.4303689470118436,-0.2845865043717367,0.6707290504939051,0.5159524290306303,0.33036692268885137,0.967652175920318,-139.54260446168317,-56.52486244731929,-99.99768751326874,139.54260446168317,-56.52486244731929,57.060695156409366,82.32073113124719,0.058185715974781775,0.08394378419872962,8.29424796503378,2.6392049971530845e-16,0.8622295206178379,0.9163069980242754,faltinsen_ch9_reduced_order_planing_plus_matched_bie_replace_with_matched_bie,heave_pitch_2x2_v1,FnB=1.67,2.11745
88,3.9018455760277946,9.180198148738159,1.55245663903246,4.047253333333333,0.01,-0.4521394351560794,0.521152365033501,-0.44261841966483445,-0.2948798794473483,0.6899491694344374,0.5318507391453716,0.3425865339961043,0.9985732668536224,-139.05586761339873,-56.327776042560544,-99.59307852093586,139.05586761339873,-56.327776042560544,58.146182455888436,84.15579863316405,0.059292604973042215,0.08581503228234316,8.388061744491685,3.377347790379879e-16,0.8637953640150334,0.9172704511682945,faltinsen_ch9_reduced_order_planing_plus_matched_bie_replace_with_matched_bie,heave_pitch_2x2_v1,FnB=1.67,2.130133333333333
89,3.8902809245020635,9.137390924680691,1.5432676471113613,4.071351666666667,0.01,-0.46969986021609134,0.5319183561562095,-0.45501779763341643,-0.305617458366233,0.7096161612470082,0.5481270172335978,0.3551730111491447,1.0302650201295218,-138.55453064135745,-56.1123038368477,-99.17411723059378,138.55453064135745,-56.1123038368477,59.247210734673864,86.01879733532371,0.06041534135986689,0.0877147622636922,8.484266117783383,3.35145409318844e-16,0.8653350877878138,0.9182175433320426,faltinsen_ch9_reduced_order_planing_plus_matched_bie_replace_with_matched_bie,heave_pitch_2x2_v1,FnB=1.67,2.1428166666666666
90,3.878818496324921,9.09505359732984,1.5341867944132115,4.09545,0.01,-0.4879273558227564,0.5426293661546667,-0.46755979509657586,-0.316820735382486,0.7297394970628918,0.5647898196312069,0.3681362802025845,1.0627437310997376,-138.03841185944458,-55.87824681681039,-98.74050040659723,138.03841185944458,-55.87824681681039,60.364051152019286,87.91016137100165,0.061554201640743066,0.08964341683551637,8.582897250945052,1.9792454861593581e-16,0.8668492594215533,0.9191486385950277,faltinsen_ch9_reduced_order_planing_plus_matched_bie_replace_with_matched_bie,heave_pitch_2x2_v1,FnB=1.67,2.1555
91,3.867456794346416,9.053178217142506,1.5252121831753205,4.119548333333333,0.01,-0.5068441425939388,0.5532649210784331,-0.4802359957751081,-0.3285120073258628,0.7503286331852929,0.5818477039529996,0.38148639931636136,1.0960257214437041,-137.50730493453733,-55.62538610257698,-98.29191017141291,137.50730493453733,-55.62538610257698,61.49696166114964,89.83030740160017,0.06270944885475636,0.09160142087420288,8.683990083852962,2.583032270288926e-16,0.8683384313848084,0.9200640910933021,faltinsen_ch9_reduced_order_planing_plus_matched_bie_replace_with_matched_bie,heave_pitch_2x2_v1,FnB=1.67,2.1681833333333334
92,3.8561943519357427,9.011757015196267,1.5163419597825072,4.143646666666666,0.01,-0.5264728298983936,0.5638026895254591,-0.4930367427934465,-0.34071437114370795,0.7713929694632717,0.5993091960317508,0.3952335369771811,1.1301272743838389,-136.96097973795696,-55.35348341023125,-97.8280140660279,136.96097973795696,-55.35348341023125,62.64618417373135,91.77963006334853,0.06388132968315517,0.09358917679671298,8.78757802462864,3.453091964530162e-16,0.8698031415921199,0.9209642453389668,faltinsen_ch9_reduced_order_planing_plus_matched_bie_replace_with_matched_bie,heave_pitch_2x2_v1,FnB=1.67,2.1808666666666667
93,3.845029732185988,8.970782398054604,1.5075743134907693,4.167745,0.01,-0.5468363501059993,0.5742183451332974,-0.5059510203193642,-0.353451714886236,0.7929418022054794,0.6171827522851128,0.4093879464263582,1.16506456092207,-136.39918317661778,-55.06228152207487,-97.34846515710083,136.39918317661778,-55.06228152207487,63.81194144492645,93.75849694685743,0.06507007127298972,0.09560705944115214,8.893692610241562,4.660322904386183e-16,0.871243913850769,0.9218494365279641,faltinsen_ch9_reduced_order_planing_plus_matched_bie_replace_with_matched_bie,heave_pitch_2x2_v1,FnB=1.67,2.19355
94,3.8339615271440683,8.93024694280701,1.4989074751949827,4.191843333333333,0.01,-0.5679578796478937,0.5844854224600848,-0.5189663266986412,-0.36674870097822293,0.814984271089004,0.6354767170528711,0.42395993586609226,1.2008535561954863,-135.82164001808394,-54.75150477709089,-96.85290219892221,135.82164001808394,-54.75150477709089,64.99443365469766,95.76724306944521,0.06627587775101351,0.09765541043011144,9.002363130451558,4.0918596610869385e-16,0.8726612582920888,0.9227199908366266,faltinsen_ch9_reduced_order_planing_plus_matched_bie_replace_with_matched_bie,heave_pitch_2x2_v1,FnB=1.67,2.206233333333333
95,3.8229883570649044,8.890143392277029,1.4903397162388603,4.215941666666666,0.01,-0.5898607452302759,0.5945751665971645,-0.532068538866817,-0.3806307404783545,0.837529299486091,0.6541992744179483,0.43895983398264227,1.2375099449907145,-135.2280537241506,-54.420859594483744,-96.34094985926151,135.2280537241506,-54.420859594483744,66.19383466038406,97.80616479872381,0.06749892640237395,0.09973453197444981,9.113616212123855,9.206145155251849e-17,0.8740556717879165,0.9235762257074394,faltinsen_ch9_reduced_order_planing_plus_matched_bie_replace_with_matched_bie,heave_pitch_2x2_v1,FnB=1.67,2.2189166666666664
96,3.8121088696889496,8.85046465039163,1.4818693472654945,4.24004,0.01,-0.6125683134031161,0.6044563770286744,-0.5452417679059999,-0.3951239568752662,0.860585527600929,0.6733583939968577,0.4543979502912395,1.2750490154010996,-134.61810730809617,-54.07003504377869,-95.81221901924725,134.61810730809617,-54.07003504377869,67.4102878951472,99.87551318486676,0.06873936348819139,0.1018446800740995,9.227475360865853,2.1506989552503144e-16,0.8754276383527457,0.9244184501244678,faltinsen_ch9_reduced_order_planing_plus_matched_bie_replace_with_matched_bie,heave_pitch_2x2_v1,FnB=1.67,2.2316
97,3.8013217395422014,8.81120377770558,1.4734947171068764,4.2641383333333325,0.01,-0.6361038615425779,0.6140952464608405,-0.558468205725212,-0.41025513780757056,0.8841612377814239,0.6929617701601196,0.4702845297747052,1.3134855395600564,-133.99146423139106,-53.698703475690735,-95.26630715855242,133.99146423139106,-53.698703475690735,68.6439018867763,101.9754866584067,0.069997299676012,0.10398605707189174,9.343960456884236,2.845770712782927e-16,0.8767776295321164,0.9252469648788502,faltinsen_ch9_reduced_order_planing_plus_matched_bie_replace_with_matched_bie,heave_pitch_2x2_v1,FnB=1.67,2.244283333333333
98,3.7906256672578817,8.77235398707479,1.4652142117108555,4.288236666666666,0.01,-0.6604904281673162,0.6234551955894727,-0.5717279629821804,-0.42605167292543406,0.9082642713484618,0.7130167541217488,0.4866297012565799,1.3528336403405048,-133.34776935639323,-53.30652122880238,-94.702798838336,133.34776935639323,-53.30652122880238,69.89474537163224,104.10622305047255,0.07127280505741741,0.10615880351646337,9.463087201956295,4.989935409818481e-16,0.8781061047777587,0.9260620628247671,faltinsen_ch9_reduced_order_planing_plus_matched_bie_replace_with_matched_bie,heave_pitch_2x2_v1,FnB=1.67,2.2569666666666666
99,3.7800193789189938,8.733908639472869,1.4570262531040812,4.312334999999999,0.01,-0.6857506403788464,0.6324967050628701,-0.584998898537509,-0.4425414759357214,0.9329019362695016,0.7335302783208513,0.5034434189213283,1.393106642877216,-132.6866499723941,-52.89312942801172,-94.1212662956162,132.6866499723941,-52.89312942801172,71.1628419793123,106.26779089325659,0.07256590372789108,0.108362989291202,9.584866514461146,2.0324836370461846e-16,0.8794135118099853,0.9268640291262614,faltinsen_ch9_reduced_order_planing_plus_matched_bie_replace_with_matched_bie,heave_pitch_2x2_v1,FnB=1.67,2.2696499999999995
100,3.7695016254210016,8.695861239945364,1.4489292983895186,4.336433333333332,0.01,-0.7119065161008662,0.6411771462335937,-0.5982564409438502,-0.45975288869445413,0.9580809049966126,0.7545087725094372,0.5207353963703211,1.434316909749681,-132.0077169132905,-52.45815489170988,-93.52127016401337,132.0077169132905,-52.45815489170988,72.44816446505264,108.46017996039527,0.0738765679055056,0.11059860396811884,9.709303869540143,4.444822494467801e-16,0.880700286967808,0.9276531414952844,faltinsen_ch9_reduced_order_planing_plus_matched_bie_replace_with_matched_bie,heave_pitch_2x2_v1,FnB=1.67,2.282333333333333
101,3.759071181853907,8.658205433696423,1.4409218387772105,4.360531666666666,0.01,-0.7389792386995009,0.6494506126809,-0.6114734027284672,-0.47771456503368154,0.9838071017940917,0.7759580709610859,0.5385150325846796,1.4764756586622767,-131.31056578612342,-52.00121116569571,-92.90236033708088,131.31056578612342,-52.00121116569571,73.7506284691051,110.68329101010028,0.07520471156725804,0.11286554634875344,9.836398581667993,1.2611865858573693e-16,0.8819668555472377,0.9284296704213066,faltinsen_ch9_reduced_order_planing_plus_matched_bie_replace_with_matched_bie,heave_pitch_2x2_v1,FnB=1.67,2.2950166666666663
102,3.7487268469030366,8.620935002302831,1.4330023986469982,4.384629999999999,0.01,-0.7669889015049847,0.6572677549301368,-0.6246197885329884,-0.4964553318402184,1.0100855789004837,0.7978833102274897,0.5567913291567617,1.519592761480876,-130.59477833072563,-51.521899702918574,-92.26407699172748,130.59477833072563,-51.521899702918574,75.07008578548125,112.93692469854061,0.07655018358509916,0.11516361315896928,9.966143027235349,2.0508139285677816e-16,0.8832136321282029,0.9291938793928295,faltinsen_ch9_reduced_order_planing_plus_matched_bie_replace_with_matched_bie,heave_pitch_2x2_v1,FnB=1.67,2.3076999999999996
103,3.738467442267859,8.584043860050597,1.425169534641982,4.4087283333333325,0.01,-0.7959542197367651,0.6645756212995717,-0.6376625985349487,-0.5160040247484813,1.0369203809080398,0.8202888168974233,0.5755727981537921,1.5636765235369097,-129.85992393171625,-51.019811209212435,-91.60595179048534,129.85992393171625,-51.019811209212435,76.4063171267472,115.22076963747752,0.07791276034807727,0.11749248687113084,10.098521805192636,4.2700458285036705e-16,0.8844410208905114,0.929946025111125,faltinsen_ch9_reduced_order_planing_plus_matched_bie_replace_with_matched_bie,heave_pitch_2x2_v1,FnB=1.67,2.320383333333333
104,3.7282918120982127,8.54752605038949,1.4174218347915521,4.432826666666666,0.01,-0.8258922073714333,0.6713175083713266,-0.6505656289972587,-0.5363892956775552,1.064314396803287,0.8431779848585129,0.5948673599927377,1.6087334421976087,-129.10556130504418,-50.49452717622282,-90.92750928257115,129.10556130504418,-50.49452717622282,77.75902437716543,117.5343895788019,0.07929213786274154,0.11985172263596837,10.233510834406133,3.7504724401560883e-16,0.885649415919256,0.9306863576964989,faltinsen_ch9_reduced_order_planing_plus_matched_bie_replace_with_matched_bie,heave_pitch_2x2_v1,FnB=1.67,2.3330666666666664
105,3.718198822447313,8.511375742501071,1.40975791766287,4.456924999999999,0.01,-0.8568178166021245,0.677432825212096,-0.663289272279104,-0.5576393893450362,1.0922691992003044,0.8665531416304763,0.6146822307386424,1.6547679438328695,-128.331240382153,-49.945621623668785,-90.2282685247664,128.331240382153,-49.945621623668785,79.12782233365067,119.87720971981358,0.0806879233312606,0.12224073431784921,10.371076387158972,2.792409992735021e-16,0.8868392015000582,0.931415120887378,faltinsen_ch9_reduced_order_planing_plus_matched_bie_replace_with_matched_bie,heave_pitch_2x2_v1,FnB=1.67,2.34575
106,3.708187360740968,8.47558722797604,1.4021764315397272,4.481023333333333,0.01,-0.8887435377367582,0.6828569761597334,-0.6757903191988611,-0.5797818858402579,1.1207848704184327,0.8904154034333551,0.635023798293052,1.7017820984929595,-127.53650441557575,-49.37266307388248,-89.5077449440638,127.53650441557575,-49.37266307388248,80.5122299429517,122.24850213717755,0.08209962621583487,0.12465877964154687,10.511174059217852,2.483084351145393e-16,0.8880107524045175,0.9321325522324925,faltinsen_ch9_reduced_order_planing_plus_matched_bie_replace_with_matched_bie,heave_pitch_2x2_v1,FnB=1.67,2.358433333333333
107,3.6982563352624274,8.440154917596814,1.394676053627761,4.505121666666666,0.01,-0.9216789576913653,0.6875212677392232,-0.6880217672690844,-0.6028434063535325,1.1498598152143549,0.9147645187806556,0.6558974870194525,1.7497753118569763,-126.72089233028228,-48.77521678214728,-88.76545246471126,126.72089233028228,-48.77521678214728,81.91166105445417,124.64737037493714,0.08352664880917966,0.12710494447638812,10.653747678112184,2.5986340464475426e-16,0.889164434166228,0.9328388832764302,faltinsen_ch9_reduced_order_planing_plus_matched_bie_replace_with_matched_bie,heave_pitch_2x2_v1,FnB=1.67,2.3711166666666665
108,3.6884046746523262,8.40507333822146,1.3872554892850395,4.52922,0.01,-0.9556302756761436,0.6913528460678289,-0.6999326390258254,-0.6268492792544924,1.1794905601805168,0.9395987005501513,0.677307610463592,1.7987439943292662,-125.88394134533225,-48.15284724664153,-88.00090592266528,125.88394134533225,-48.15284724664153,83.32541472124824,127.07273323315273,0.08496827634436656,0.12957812630526505,10.79872815276551,2.33574811674287e-16,0.8903006033477063,0.9335343397388156,faltinsen_ch9_reduced_order_planing_plus_matched_bie_replace_with_matched_bie,heave_pitch_2x2_v1,FnB=1.67,2.3838
109,3.6786313274232056,8.370337129765291,1.379913471277084,4.553318333333333,0.01,-0.9905997752704643,0.6942746719412042,-0.7114678154468725,-0.6518231639131489,1.2096715400739826,0.9649144466897015,0.6992572119733648,1.8486812075604238,-125.02518989022153,-47.50512102168483,-87.21362379043953,125.02518989022153,-47.50512102168483,84.75266509786312,129.5233078290817,0.08642366669337961,0.13207701695184562,10.946032269407652,1.752098870994957e-16,0.891419607798561,0.9342191416873546,faltinsen_ch9_reduced_order_planing_plus_matched_bie_replace_with_matched_bie,heave_pitch_2x2_v1,FnB=1.67,2.3964833333333333
110,3.668935261488108,8.335941042276527,1.3726487590554177,4.577416666666666,0.01,-1.0265852528647987,0.6962055416411673,-0.722567890289653,-0.6777866299860158,1.2403948716482804,0.9907063499672545,0.7217478932112281,1.8995762891618784,-124.14418083965512,-46.831609857380585,-86.40313123480232,124.14418083965512,-46.831609857380585,86.19245100155044,131.99759203270742,0.08789183972258666,0.13460008466979798,11.095561440810068,9.5759699155125e-17,0.8925217869052222,0.934893503704989,faltinsen_ch9_reduced_order_planing_plus_matched_bie_replace_with_matched_bie,heave_pitch_2x2_v1,FnB=1.67,2.4091666666666667
111,3.65931546370277,8.30187993310265,1.3654601380587885,4.601515,0.01,-1.0635794034386563,0.6970601623453884,-0.733169052067764,-0.7047586903729945,1.2716501159312288,1.016966897478085,0.7447796307872157,1.9514144569780583,-123.2404650892071,-46.131894187521596,-85.56896352861801,123.2404650892071,-46.131894187521596,87.64366522535828,134.49384641314228,0.0893716663951077,0.13714555573324455,11.247200418344345,4.687673485468519e-16,0.8936074718325357,0.9355576350513817,faltinsen_ch9_reduced_order_planing_plus_matched_bie_replace_with_matched_bie,heave_pitch_2x2_v1,FnB=1.67,2.42185
112,3.6497709394209488,8.268148764144142,1.358346419036233,4.625613333333333,0.01,-1.101569165870081,0.696749291815149,-0.7432030013078412,-0.7327552867172071,1.3034240303295845,1.0436862609831554,0.7683505815281394,2.0041763949874865,-122.31360549230145,-45.40556698564333,-84.71066983620102,122.31360549230145,-45.40556698564333,89.10504371559159,137.01007587220892,0.0908618577348958,0.13971139570822752,11.400815979184397,4.0712571259534553e-16,0.8946769857575166,0.9362117398189378,faltinsen_ch9_reduced_order_planing_plus_matched_bie_replace_with_matched_bie,heave_pitch_2x2_v1,FnB=1.67,2.4345333333333334
113,3.640300712062441,8.234742599192487,1.3513064373911903,4.649711666666666,0.01,-1.1405350314567646,0.6951799527457055,-0.7525969116602637,-0.7617887271983607,1.335700312450216,1.070852079573582,0.792456877243145,2.0578378237306056,-121.36318117603064,-44.65223800623397,-83.8278173887276,121.36318117603064,-44.65223800623397,90.5751547535951,139.54401118637756,0.0923609537952258,0.1422952906307226,11.556255604158343,4.190854181128633e-16,0.8957306440955428,0.9368560170835952,faltinsen_ch9_reduced_order_planing_plus_matched_bie_replace_with_matched_bie,heave_pitch_2x2_v1,FnB=1.67,2.4472166666666664
114,3.6309038226933694,8.201656601349455,1.3443390525459074,4.67381,0.01,-1.1804503210899413,0.6922557327303641,-0.7612734443438245,-0.791867077489333,1.3684593381096126,1.0984492366398217,0.8170924102514021,2.112369059112328,-120.38879224936065,-43.87153842417837,-82.9199960623651,120.38879224936065,-43.87153842417837,92.05238831200514,142.09309072806207,0.09386731280509159,0.14489462836754863,11.713346165296889,7.025904811722534e-17,0.896768754719261,0.9374906610505513,faltinsen_ch9_reduced_order_planing_plus_matched_bie_replace_with_matched_bie,heave_pitch_2x2_v1,FnB=1.67,2.4598999999999998
115,3.621579329618322,8.168886030524703,1.3374431473254063,4.6979083333333325,0.01,-1.2212804385704925,0.6878771811490064,-0.7691508262416858,-0.8229935071314258,1.4016778966583006,1.1264596336703558,0.8422486114067942,2.1677345645014894,-119.39006491209818,-43.0631258803767,-81.98682336668217,119.39006491209818,-43.0631258803767,93.5349457884064,144.6544426916435,0.0953791007004496,0.14750648049195547,11.871892645993633,2.214201225160226e-16,0.8977916181704638,0.9381158611951358,faltinsen_ch9_reduced_order_planing_plus_matched_bie_replace_with_matched_bie,heave_pitch_2x2_v1,FnB=1.67,2.472583333333333
116,3.6123263079839596,8.136426241009028,1.3306176273603143,4.722006666666666,0.01,-1.2629821098913008,0.6819423143682735,-0.7761430026781022,-0.8551655952569907,1.4353289274697416,1.1548619640101685,0.8679142228869982,2.223892502241723,-118.36665696647559,-42.226689934990304,-81.02794984445129,118.36665696647559,-42.226689934990304,95.02083035418367,147.2248682077137,0.09689428128278633,0.15012758506494442,12.031676920833378,2.475437553916403e-16,0.8987995278651913,0.9387318023990052,faltinsen_ch9_reduced_order_planing_plus_matched_bie_replace_with_matched_bie,heave_pitch_2x2_v1,FnB=1.67,2.4852666666666665
117,3.6031438493937036,8.104272679120522,1.3238614205078876,4.746104999999999,0.01,-1.3055026209157479,0.67434724034754,-0.7821598764255806,-0.8883746015622674,1.4693812622264617,1.1836314903680947,0.8940750686080157,2.2807942919868465,-117.31826372518637,-41.36195792177429,-80.04306487599537,117.31826372518637,-41.36195792177429,96.50783819254434,149.80082578977462,0.098410607284388,0.15275433077531536,12.192456626478238,7.516106138398582e-16,0.8997927702922951,0.939338665081839,faltinsen_ch9_reduced_order_planing_plus_matched_bie_replace_with_matched_bie,heave_pitch_2x2_v1,FnB=1.67,2.4979499999999994
118,3.5940310615331406,8.072420880921118,1.3171734762905818,4.770203333333332,0.01,-1.3487790687233487,0.6649869129875117,-0.7871076447415163,-0.922604710708704,1.5037993784647221,1.2127398305623627,0.9207138257731057,2.338384184656158,-116.24462430008829,-40.46870118736882,-79.03190287167163,116.24462430008829,-40.46870118736882,97.9935509361244,152.37841761929315,0.09992561265684448,0.15538274295431484,12.353964159406495,5.88699486058744e-16,0.900771625205697,0.9399366253286878,faltinsen_ch9_reduced_order_planing_plus_matched_bie_replace_with_matched_bie,heave_pitch_2x2_v1,FnB=1.67,2.510633333333333
119,3.584987067805805,8.040866470001104,1.3105527653515587,4.794301666666666,0.01,-1.3932800948204467,0.6572642108789337,-0.7924982066140376,-0.9578300577260377,1.5405277230628407,1.243178115544965,0.9485906622092242,2.3982956525166177,-115.25506793808434,-39.60398690958647,-78.08860417114744,115.25506793808434,-39.60398690958647,99.6036419423324,155.0630851161731,0.10156744856024474,0.15812034192733823,12.537026317081581,2.9850812363091364e-16,0.9017363658105658,0.9405258550131607,faltinsen_ch9_reduced_order_planing_plus_matched_bie_replace_with_matched_bie,heave_pitch_2x2_v1,FnB=1.67,2.523316666666666
120,3.576011006978984,8.009605155329183,1.3039982789265292,4.818399999999999,0.01,-1.4389083380614074,0.6487441386175794,-0.7972956808027484,-0.9942151338620778,1.5783935386123786,1.274419136323332,0.9773165784946072,2.4597157614144978,-114.26864007948065,-38.72733834873094,-77.14385062506635,114.26864007948065,-38.72733834873094,101.25990353395896,157.80005089273058,0.10325636535815898,0.1609112703040596,12.728396564386596,6.281694385428151e-16,0.9026872589436258,0.9411065219165808,faltinsen_ch9_reduced_order_planing_plus_matched_bie_replace_with_matched_bie,heave_pitch_2x2_v1,FnB=1.67,2.5359999999999996
121,3.5671020328392316,7.978632729165872,1.2975090283313648,4.8424983333333325,0.01,-1.4854938625393646,0.6383069362972982,-0.8009529245226265,-1.0317753535089231,1.6168264472624647,1.3061722579391324,1.0066768164371918,2.5221635847080144,-113.25287843905197,-37.821694780384576,-76.16962533982618,113.25287843905197,-37.821694780384576,102.92487610605855,160.55735290254333,0.1049541648840925,0.16372293586754225,12.921976966043907,4.310313274025008e-16,0.9036245652478021,0.9416787898432667,faltinsen_ch9_reduced_order_planing_plus_matched_bie_replace_with_matched_bie,heave_pitch_2x2_v1,FnB=1.67,2.548683333333333
122,3.5582593138572807,7.947945065038072,1.2910840444649383,4.866596666666666,0.01,-1.5329668500980436,0.6258224944557819,-0.8033562726456858,-1.0704948314154588,1.655790191439234,1.33840968499424,1.036655739595105,2.585583840527811,-112.2073787394573,-36.8865125855919,-75.16547121012637,112.2073787394573,-36.8865125855919,104.59598616209026,163.33089361382176,0.10665822290189846,0.16655116029818723,13.11748788350167,6.266464130261436e-16,0.9045485393414012,0.942242818732089,faltinsen_ch9_reduced_order_planing_plus_matched_bie_replace_with_matched_bie,heave_pitch_2x2_v1,FnB=1.67,2.5613666666666663
123,3.5494820328620404,7.917538115772668,1.2847223773266554,4.890694999999999,0.01,-1.581243860793088,0.6111590762875322,-0.8043872401720978,-1.1103481465384626,1.6952426268308796,1.3710987705752942,1.0672335087899512,2.6499117314521676,-111.13177949425177,-35.92129946130032,-74.1309777500199,111.13177949425177,-35.92129946130032,106.27036928351795,166.11610268235776,0.10836561851755487,0.16939128314190655,13.314614183172626,4.3438818202508737e-16,0.9054594299820184,0.9427987647644231,faltinsen_ch9_reduced_order_planing_plus_matched_bie_replace_with_matched_bie,heave_pitch_2x2_v1,FnB=1.67,2.5740499999999997
124,3.5407693867234022,7.887407911587234,1.278423095548186,4.914793333333333,0.01,-1.630226775901804,0.594184547676005,-0.8039231402033642,-1.151299241570101,1.7351353311958493,1.4042016803131692,1.0983857262927885,2.7150722815431307,-110.0257708307373,-34.92562276890709,-73.06578967058161,110.0257708307373,-34.92562276890709,107.94485729971254,168.90791439742614,0.11007312109610574,0.17223813881134348,13.513003418017226,3.7039918723357057e-16,0.9063574802253532,0.9433467804686402,faltinsen_ch9_reduced_order_planing_plus_matched_bie_replace_with_matched_bie,heave_pitch_2x2_v1,FnB=1.67,2.586733333333333
125,3.5321205860435625,7.857550558235825,1.2721852859389007,4.938891666666666,0.01,-1.6798018076821268,0.5747678303730374,-0.8018378828855182,-1.1933003118370127,1.77541323976247,1.4376750761770345,1.1300830877917274,2.7809797117011614,-108.8891038920474,-33.89911848888366,-71.969616052999,108.8891038920474,-33.89911848888366,109.61596775385603,171.7007486340174,0.11177717951987279,0.17508603716255544,13.712264251433727,3.7405440818420665e-16,0.9072429275791094,0.9438870148212524,faltinsen_ch9_reduced_order_planing_plus_matched_bie_replace_with_matched_bie,heave_pitch_2x2_v1,FnB=1.67,2.5994166666666665
126,3.5235348548566066,7.827962235208087,1.2660080530445532,4.96299,0.01,-1.7298386140841755,0.5527805884655257,-0.7980029729137788,-1.2362907088084394,1.8160143198116458,1.4714698302939488,1.1622910507996311,2.8475368735314444,-107.72160076400239,-32.841500725474106,-70.84224006152219,107.72160076400239,-32.841500725474106,111.27989631960718,174.48849637138497,0.11347391445560633,0.17792874872804168,13.911965202320967,4.538683463049137e-16,0.908116004152152,0.9444196133448426,faltinsen_ch9_reduced_order_planing_plus_matched_bie_replace_with_matched_bie,heave_pitch_2x2_v1,FnB=1.67,2.6121
127,3.5150114303360778,7.798639193979845,1.2598905187187552,4.987088333333333,0.01,-1.7801895621245043,0.5280991527975841,-0.7922887206553725,-1.280195888935483,1.8568692986536668,1.505530780464165,1.1949695295708818,2.9146347646339192,-106.52316484742254,-31.752571680700044,-69.6835291159349,106.52316484742254,-31.752571680700044,112.93251288147083,177.26451093809342,0.11515911435757455,0.1807594957891772,14.111633798109287,4.551418683743728e-16,0.9089769367990794,0.9449447182028814,faltinsen_ch9_reduced_order_planing_plus_matched_bie_replace_with_matched_bie,heave_pitch_2x2_v1,FnB=1.67,2.6247833333333332
128,3.5065495625102994,7.769577756313483,1.2538318217068187,5.011186666666666,0.01,-1.830689188669222,0.5006066808733474,-0.7845656780649212,-1.324926444129138,1.8979014606784526,1.5397965403098395,1.2280726279651621,2.9821521507318263,-105.29379156865481,-30.632231989054503,-68.49344541534637,105.29379156865481,-30.632231989054503,114.56936203659836,180.0216062235807,0.1168282359792573,0.18357095055251357,14.310756229063761,4.614593043862691e-17,0.9098259472603736,0.9454624682915641,faltinsen_ch9_reduced_order_planing_plus_matched_bie_replace_with_matched_bie,heave_pitch_2x2_v1,FnB=1.67,2.6374666666666666
129,3.4981485139851887,7.740774312606437,1.2478311172415437,5.035285,0.01,-1.881153911510278,0.4701955408597786,-0.774706305156194,-1.370377255583173,1.9390265303586844,1.574199378054899,1.2615484229427019,3.049955322152269,-104.03357929049858,-29.480491273774675,-67.2720566745989,104.03357929049858,-29.480491273774675,116.18566880106837,182.7520631458761,0.1184764101921333,0.18635524174501603,14.508777601520292,2.1290829924691054e-16,0.9106632522982739,0.9459729993287378,faltinsen_ch9_reduced_order_planing_plus_matched_bie_replace_with_matched_bie,heave_pitch_2x2_v1,FnB=1.67,2.65015
130,3.4898075596743516,7.7122253202862705,1.2418875766505642,5.059383333333333,0.01,-1.9313820463566433,0.43676989764400087,-0.7625868657239221,-1.4164268174906136,1.9801526588818161,1.6086651786749233,1.295338812401665,3.1178980136481096,-102.74274025321236,-28.297478753152973,-66.01954690214363,102.74274025321236,-28.297478753152973,117.77635030290844,185.44764567370615,0.12009845390924369,0.18910397095206433,14.705102889101859,8.971207937902958e-17,0.911489063828524,0.9464764439400641,faltinsen_ch9_reduced_order_planing_plus_matched_bie_replace_with_matched_bie,heave_pitch_2x2_v1,FnB=1.67,2.6628333333333334
131,3.4815259865362163,7.683927302250728,1.2360003869748564,5.083481666666666,0.01,-1.9811541861354407,0.40024846660918106,-0.7480895422272562,-1.4629367810418532,2.0211805323288123,1.6431135044527156,1.3293794417607583,3.1858215171571365,-101.4216113418974,-27.083453692031156,-64.73622701490778,101.4216113418974,-27.083453692031156,119.33603421019262,188.09962765720044,0.12168888887662213,0.19180823997715882,14.899098678505478,3.098937411929267e-16,0.9123035890481312,0.9469729317424808,faltinsen_ch9_reduced_order_planing_plus_matched_bie_replace_with_matched_bie,heave_pitch_2x2_v1,FnB=1.67,2.6755166666666663
132,3.4733030933179965,7.655876845351365,1.2301687505980496,5.10758,0.01,-2.0302339972140273,0.36056738717285747,-0.7311047493107715,-1.509751771415707,2.0620036188465596,1.6774577686957222,1.3635997239242355,3.2535550165721325,-100.07066444366941,-25.83881546080255,-63.422545052845834,100.07066444366941,-25.83881546080255,120.85908456865197,190.69883161340567,0.12324196802032497,0.19445869039213767,15.090095799275243,5.910253318284912e-16,0.9131070305592707,0.9474625894250719,faltinsen_ch9_reduced_order_planing_plus_matched_bie_replace_with_matched_bie,heave_pitch_2x2_v1,FnB=1.67,2.6881999999999997
133,3.465138190306281,7.6280705989193045,1.2243918848861832,5.1316783333333325,0.01,-2.0783694822329672,0.31768315366887667,-0.7115336135514307,-1.5566995307282834,2.1025085709224434,1.7116055363848337,1.3979229669134412,3.3209161716866453,-98.69051612737955,-24.564112933660965,-62.07909572526606,98.69051612737955,-24.564112933660965,122.33963560327513,193.23568043050528,0.12475170991447143,0.197045556260808,15.277392914284835,2.3589623528245494e-16,0.913899586489468,0.9479455408274438,faltinsen_ch9_reduced_order_planing_plus_matched_bie_replace_with_matched_bie,heave_pitch_2x2_v1,FnB=1.67,2.700883333333333
134,3.457030599084034,7.600505273331741,1.2186690218375609,5.155776666666666,0.01,-2.1252947506734077,0.27157552654481587,-0.6892905740542666,-1.6035914375312907,2.1425757965257697,1.745458963712333,1.4322666223848506,3.3877119749529436,-97.2819363522824,-23.260052931531106,-60.70662899470763,97.2819363522824,-23.260052931531106,123.77163386778103,195.70026269002054,0.12621194176174436,0.1995587307490535,15.460261128799015,2.8781685002123075e-16,0.9146814506081833,0.9484219070156754,faltinsen_ch9_reduced_order_planing_plus_matched_bie_replace_with_matched_bie,heave_pitch_2x2_v1,FnB=1.67,2.7135666666666665
135,3.448979652293829,7.573177638617939,1.2129994077423853,5.179874999999998,0.01,-2.17073232570513,0.2222503329975945,-0.6643060450414194,-1.6502234479425606,2.182080209428321,1.7789153857387385,1.4665426663724648,3.45373989936044,-95.84585589229448,-21.92750739541617,-59.306057384431625,95.84585589229448,-21.92750739541617,125.14888890241927,198.08241195503624,0.12761635104997046,0.20198784697632347,15.637949650598312,2.8536709623026607e-16,0.9154528124399165,0.9488918063559443,faltinsen_ch9_reduced_order_planing_plus_matched_bie_replace_with_matched_bie,heave_pitch_2x2_v1,FnB=1.67,2.7262499999999994
136,3.440984693407112,7.5460845231033815,1.2073823028518442,5.203973333333332,0.01,-2.2143959991304176,0.16974205417364305,-0.6365290683495606,-1.6963774944513872,2.2208921644059822,1.8118680577059483,1.5006581208174952,3.5187893485183577,-94.38337215176924,-20.567518965235053,-57.87846168491292,94.38337215176924,-20.567518965235053,126.4651322853693,200.37179993552138,0.12895854576778953,0.204322373017821,15.80969250173632,2.2002920415059653e-16,0.9162138573739526,0.9493553545858981,faltinsen_ch9_reduced_order_planing_plus_matched_bie_replace_with_matched_bie,heave_pitch_2x2_v1,FnB=1.67,2.7389333333333328
137,3.4330450764993286,7.519222812090927,1.2018169810563526,5.228071666666666,0.01,-2.2559942255112833,0.1141160871460754,-0.6059298717108119,-1.7418233656574653,2.2588785772780673,1.8442070508979682,1.5345157207522384,3.5826434109241134,-92.89575304948373,-19.181304640040224,-56.425094735525704,92.89575304948373,-19.181304640040224,127.7140846412162,202.55804292650697,0.13023212273428358,0.20655172044123835,15.97471624454116,2.546622106024753e-16,0.9169647667708554,0.949812664883855,faltinsen_ch9_reduced_order_planing_plus_matched_bie_replace_with_matched_bie,heave_pitch_2x2_v1,FnB=1.67,2.751616666666666
138,3.425160166030726,7.492589446577737,1.1963027295726505,5.252169999999999,0.01,-2.2952340223724272,0.05547056532922174,-0.5725022389185183,-1.7863210737206425,2.295904222974873,1.8758202984255141,1.5680147274223846,3.645080909583113,-91.38443866196866,-17.77025720999069,-54.947382972087354,91.38443866196866,-17.77025720999069,128.88952981145502,204.6308203362802,0.13143074323184273,0.20866536517187848,16.132248641528395,3.6577240369818977e-16,0.9177057180658204,0.9502638479359071,faltinsen_ch9_reduced_order_planing_plus_matched_bie_replace_with_matched_bie,heave_pitch_2x2_v1,FnB=1.67,2.7642999999999995
139,3.417329336632673,7.466181422006887,1.1908388486394748,5.2762683333333324,0.01,-2.3318253166535032,-0.0060623779824071355,-0.5362655916131015,-1.8296236964856316,2.3318331972533994,1.9065947800961527,1.6010518822714124,3.705878725946202,-89.85104034717779,-16.335944180364123,-53.44692546082214,89.85104034717779,-16.335944180364123,129.98539501158754,206.58000350305872,0.13254821474365613,0.2106529788491062,16.281528122631155,7.730544962336257e-16,0.9184368848689891,0.9507090120009929,faltinsen_ch9_reduced_order_planing_plus_matched_bie_replace_with_matched_bie,heave_pitch_2x2_v1,FnB=1.67,2.776983333333333
140,3.409551972899324,7.439995787052546,1.1854246512215358,5.300366666666665,0.01,-2.3654856497110996,-0.07031601064677892,-0.49726668056899936,-1.8714806588331165,2.3665305196304613,1.9364178288764402,1.6335224907639925,3.7648143640544953,-88.2973371157901,-14.88010395423106,-51.92549018563318,88.2973371157901,-14.88010395423106,130.99583541683606,208.39579237103322,0.133578577207136,0.21250456819712463,16.42181388585379,6.813162088516945e-16,0.9191584370628242,0.9511482629740112,faltinsen_ch9_reduced_order_planing_plus_matched_bie_replace_with_matched_bie,heave_pitch_2x2_v1,FnB=1.67,2.7896666666666663
141,3.40182746918448,7.414029642437679,1.1800594627215293,5.324464999999999,0.01,-2.3959451258950093,-0.1370891601121137,-0.45558078796743445,-1.9116413939028678,2.3998638469963867,1.9651785347005823,1.665321618766872,3.821668707500982,-86.72526908023998,-13.40463910325471,-50.385007418401386,86.72526908023998,-13.40463910325471,131.91532125755626,210.0688569982449,0.13451619182652205,0.21421061932285226,16.552396411925486,9.008620898807775e-16,0.919870540896644,0.9515817044470555,faltinsen_ch9_reduced_order_planing_plus_matched_bie_replace_with_matched_bie,heave_pitch_2x2_v1,FnB=1.67,2.8023499999999997
142,3.394155229403486,7.388280139783269,1.1747426206999363,5.348563333333333,0.01,-2.4229514650813506,-0.20614719983253094,-0.4113123518553311,-1.9498593008840719,2.4317052597176856,1.9927692149450937,1.6963453779839537,3.8762289091456985,-85.13692788979286,-11.911606634340785,-48.8275600802788,85.13692788979286,-11.911606634340785,132.73872519248047,211.59048034216707,0.13535583016879407,0.21576224331669536,16.672608132949527,3.5324286143046354e-16,0.9205733590784078,0.9520094377688028,faltinsen_ch9_reduced_order_planing_plus_matched_bie_replace_with_matched_bie,heave_pitch_2x2_v1,FnB=1.67,2.815033333333333
143,3.386534666840022,7.362744480488056,1.1694734746023627,5.372661666666666,0.01,-2.4462749997019744,-0.2772239050441925,-0.36459494005210397,-1.985895893781481,2.461933075389103,2.019086915229195,1.7264922711613553,3.9282913423562213,-83.53454415125536,-10.403205251166838,-47.255371093238324,83.53454415125536,-10.403205251166838,133.4614074899876,212.95269835827423,0.1360927610243943,0.21715131911333052,16.781833962732147,1.3618774791070129e-16,0.9212670508638408,0.9524315621021532,faltinsen_ch9_reduced_order_planing_plus_matched_bie_replace_with_matched_bie,heave_pitch_2x2_v1,FnB=1.67,2.8277166666666664
144,3.378965203957645,7.3374199146378665,1.164251385494183,5.39676,0.01,-2.465713443852204,-0.3500241843176926,-0.31559052288607825,-2.019525016776136,2.490433640312619,2.0440348997803732,1.75566456286651,3.9776645338007466,-81.92047193560185,-8.88175971034741,-45.67078782185834,81.92047193560185,-8.88175971034741,134.0792964097768,214.14843319381924,0.1367228323737227,0.2183706293115582,16.8795213755934,4.2149818428446453e-16,0.9219517721429882,0.9528481744801488,faltinsen_ch9_reduced_order_planing_plus_matched_bie_replace_with_matched_bie,heave_pitch_2x2_v1,FnB=1.67,2.8404
145,3.371446272215943,7.312303739943642,1.1590757258022646,5.4208583333333324,0.01,-2.481096257764196,-0.4242276543879846,-0.26448802145671063,-2.0505369882931537,2.5171030457728643,2.0675240878530152,1.783769638020812,4.024171992342407,-80.29717057612629,-7.349702477348217,-44.07626381066828,80.29717057612629,-7.349702477348217,134.58896116015447,215.17161519815937,0.1372425457828662,0.21941398459021114,16.965189713681454,1.8492743345592222e-16,0.9226276755242773,0.9532593698602573,faltinsen_ch9_reduced_order_planing_plus_matched_bie_replace_with_matched_bie,heave_pitch_2x2_v1,FnB=1.67,2.853083333333333
146,3.3639773118911687,7.287393300707228,1.1539458790635468,5.444956666666666,0.01,-2.4922884365300364,-0.49949298531042474,-0.21150113919286437,-2.0787425292068207,2.541848715646872,2.089474391949576,1.8107213083903309,4.067654847050828,-78.66718406800831,-5.80955299157273,-42.47433812667998,78.66718406800831,-5.80955299157273,134.98767492283258,216.0172896254551,0.1376491206710065,0.22027633251462542,17.038438411988256,2.475735521042667e-16,0.9232949104161725,0.953665241177047,faltinsen_ch9_reduced_order_planing_plus_matched_bie_replace_with_matched_bie,heave_pitch_2x2_v1,FnB=1.67,2.8657666666666666
147,3.3565577719012274,7.26268598681415,1.1488612396802713,5.469055,0.01,-2.4991935679298334,-0.5754629038047205,-0.15686551738911514,-2.103976331854979,2.5645908140748714,2.1098159150863585,1.836441027180551,4.1079742101927295,-77.03311847630233,-4.2638949471910905,-40.86761271386882,77.03311847630233,-4.2638949471910905,135.27346569147915,216.6817042836698,0.13794054615131482,0.22095384691374714,17.098953856145883,8.712127431095022e-16,0.9239536231064968,0.954065879393332,faltinsen_ch9_reduced_order_planing_plus_matched_bie_replace_with_matched_bie,heave_pitch_2x2_v1,FnB=1.67,2.87845
148,3.34918710963489,7.238179232752503,1.143821212681651,5.493153333333333,0.01,-2.5017560301687385,-0.651769707674846,-0.10083528789037771,-2.1261001361952876,2.5852634268732073,2.1284899681261256,1.86085897387403,4.145013188404319,-75.39761784315354,-2.7153520801021784,-39.25872825017916,75.39761784315354,-2.7153520801021784,135.44515305525655,217.16237497642618,0.1381156185397221,0.22144399461225417,17.146514630145184,5.232089439778002e-16,0.9246039568394971,0.9544613735498171,faltinsen_ch9_reduced_order_planing_plus_matched_bie_replace_with_matched_bie,heave_pitch_2x2_v1,FnB=1.67,2.8911333333333333
149,3.3418647907851144,7.213870516657192,1.1388252134917876,5.517251666666666,0.01,-2.4999622349408632,-0.7280411162144993,-0.04367912577599662,-2.145005197296842,2.603815477914933,2.1454498741427215,1.8839149754723912,4.1786784768447225,-73.76333914999194,-1.1665630163911658,-37.65033906259242,73.76333914999194,-1.1665630163911658,135.50236955618357,217.45812636435306,0.13817396313336727,0.22174557709753392,17.18099496747815,5.356868707606115e-16,0.9252460518907244,0.9548518108133025,faltinsen_ch9_reduced_order_planing_plus_matched_bie_replace_with_matched_bie,heave_pitch_2x2_v1,FnB=1.67,2.9038166666666663
150,3.3345902891863552,7.189757359378744,1.133872667703644,5.541349999999999,0.01,-2.4938408623677373,-0.8039062628409394,0.014324070498904138,-2.1606140534668365,2.6202113514466623,2.1606615345847326,1.9055592361711788,4.208901486390427,-72.13292693206307,0.37984422072429425,-36.04508769741784,72.13292693206307,0.37984422072429425,135.44556583135358,217.56910679660533,0.13811603945420056,0.22185874564362482,17.202366286746336,7.880493886074114e-16,0.9258800456397985,0.955237276523504,faltinsen_ch9_reduced_order_planing_plus_matched_bie_replace_with_matched_bie,heave_pitch_2x2_v1,FnB=1.67,2.9164999999999996
151,3.327363086655757,7.16583732357598,1.1289630108588893,5.565448333333332,0.01,-2.483462079201597,-0.8790016284233528,0.0728897264153297,-2.1728815350341595,2.634431202670365,2.174103741202178,1.925752854868265,4.235638971949308,-70.50898815800639,1.9212774330939908,-34.44557975833098,70.50898815800639,1.9212774330939908,135.2759993820586,217.49677667469246,0.13794312979667736,0.2217849894456236,17.21069676736959,1.707902073792242e-16,0.9265060726411244,0.9556178542385113,faltinsen_ch9_reduced_order_planing_plus_matched_bie_replace_with_matched_bie,heave_pitch_2x2_v1,FnB=1.67,2.929183333333333
152,3.3201826728381145,7.1421080128318035,1.124095688233438,5.589546666666666,0.01,-2.4689357770598352,-0.9529767175402252,0.13173221173522542,-2.1817949879993326,2.646470951176263,2.1857682277102626,1.9444681183194341,4.258873149609489,-68.89406797518687,3.455204598599323,-32.8543596126938,68.89406797518687,3.455204598599323,134.99570745141605,217.24387094513074,0.1376573115706343,0.2215270973728345,17.20614899791412,9.947386938888062e-17,0.9271242646926249,0.9559936257789455,faltinsen_ch9_reduced_order_planing_plus_matched_bie_replace_with_matched_bie,heave_pitch_2x2_v1,FnB=1.67,2.9418666666666664
153,3.3130485450544973,7.118567070791446,1.1192701546285144,5.613644999999999,0.01,-2.450408910136618,-1.0254992948655162,0.19056937903465146,-2.187373721958365,2.6563419641767885,2.1956594653405714,1.9616885666618264,4.278611310324206,-67.29062688298255,4.979176788985001,-31.273887528196894,67.29062688298255,4.979176788985001,134.60746509915938,216.8143373083436,0.13726141454947344,0.22108909495938328,17.18897580378836,3.893550938600761e-16,0.9277347509025524,0.9563646712708606,faltinsen_ch9_reduced_order_planing_plus_matched_bie_replace_with_matched_bie,heave_pitch_2x2_v1,FnB=1.67,2.95455
154,3.3059602081544366,7.095212180322484,1.114485874167073,5.637743333333332,0.01,-2.428062048876305,-1.096260023739943,0.24912687389263488,-2.189667725415556,2.6640704481758175,2.2037942161241033,1.9774088368514682,4.294884956895339,-65.70101983394265,6.490849154931794,-29.706518739588887,65.70101983394265,6.490849154931794,134.11473009902895,216.2132526168031,0.13675896468113877,0.2204761591540466,17.1595144279761,6.930266630711459e-16,0.9283376577544404,0.956731069187406,faltinsen_ch9_reduced_order_planing_plus_matched_bie_replace_with_matched_bie,heave_pitch_2x2_v1,FnB=1.67,2.9672333333333327
155,3.2989171743715775,7.072041062696006,1.1097423200954202,5.661841666666666,0.01,-2.402105295122527,-1.1649763816260292,0.30714208634215534,-2.1887557215243625,2.6696965780032302,2.2102008663712547,1.9916342977541062,4.3077485079921685,-64.12747768095491,7.987999560502772,-28.154484863491092,64.12747768095491,7.987999560502772,133.52157671948478,215.44672066378416,0.13615411656323495,0.21969451409378757,17.11817929413963,3.918067612740341e-16,0.9289331091702514,0.9570928963893295,faltinsen_ch9_reduced_order_planing_plus_matched_bie_replace_with_matched_bie,heave_pitch_2x2_v1,FnB=1.67,2.979916666666666
156,3.2919189631826993,7.049051476788295,1.105038974589881,5.685939999999999,0.01,-2.372773723700369,-1.2313957649177942,0.36436763563362357,-2.1847426615758843,2.673273400484955,2.214918569881727,2.0043804977139033,4.317277626883502,-62.57209129274989,9.468544544890875,-26.61987798349415,62.57209129274989,9.468544544890875,132.83262076034814,214.52175509804522,0.13545157700167554,0.21875131170995724,17.065453622945213,2.566431398873861e-16,0.9295212265717795,0.9574502281643195,faltinsen_ch9_reduced_order_planing_plus_matched_bie_replace_with_matched_bie,heave_pitch_2x2_v1,FnB=1.67,2.9925999999999995
157,3.2849651011700094,7.026241218302427,1.1003753285683582,5.710038333333332,0.01,-2.3403225245684283,-1.2952977355697435,0.4205743071638514,-2.1777567709204115,2.6748655560185535,2.2179962356000633,2.0156724510406683,4.323567242812966,-61.036798556307645,10.930552393143444,-25.10463762397984,61.036798556307645,10.930552393143444,132.0529383952367,213.44615151898267,0.13465652225299843,0.2176545013016501,17.001880198197274,3.9065519185289163e-16,0.9301021289403612,0.9578031382652382,faltinsen_ch9_reduced_order_planing_plus_matched_bie_replace_with_matched_bie,heave_pitch_2x2_v1,FnB=1.67,3.005283333333333
158,3.278055121886629,7.003608119009229,1.0957508815066472,5.734136666666665,0.01,-2.3050220188083643,-1.3564954013701862,0.4755533894394668,-2.167946271856121,2.674547864804414,2.219491397564365,2.0255437937796454,4.326729339178593,-59.52337437919064,12.372253203066634,-23.610540725577977,59.52337437919064,12.372253203066634,131.1879814119679,212.22835290864626,0.13377451159363077,0.21641269231454804,16.92805158898282,3.631205040361538e-16,0.9306759328749454,0.958151698947293,faltinsen_ch9_reduced_order_planing_plus_matched_bie_replace_with_matched_bie,heave_pitch_2x2_v1,FnB=1.67,3.0179666666666662
159,3.2711885657251702,6.9811500460069915,1.0911651412593593,5.758234999999999,0.01,-2.2671527118054837,-1.4148359578796978,0.5291183880547047,-2.1554759104101566,2.672403825464318,2.219469006076927,2.034035841280033,4.3268905848836425,-58.033423703251444,13.792045937075272,-22.139194633600084,58.033423703251444,13.792045937075272,130.24349136007427,210.87731245496377,0.13281139977471845,0.21503501445953896,16.84460012840461,2.822790924595011e-16,0.9312427526485758,0.9584959810041608,faltinsen_ch9_reduced_order_planing_plus_matched_bie_replace_with_matched_bie,heave_pitch_2x2_v1,FnB=1.67,3.0306499999999996
160,3.264364979789337,6.958864900999448,1.0866176238853267,5.782333333333332,0.01,-2.227000529623456,-1.4702004510832178,0.5811061209757719,-2.1405234095135355,2.6685240724618637,2.2180001782035452,2.041196580516364,4.324189883690874,-56.568377448474536,15.188502540430392,-20.692033018109385,56.568377448474536,15.188502540430392,129.22541492384195,209.40235754137794,0.1317732507266416,0.21353097902074403,16.7521879305091,5.887926214953562e-16,0.9318027002633333,0.9588360538031099,faltinsen_ch9_reduced_order_planing_plus_matched_bie_replace_with_matched_bie,heave_pitch_2x2_v1,FnB=1.67,3.043333333333333
161,3.257583917768454,6.936750619591449,1.0821078534773516,5.806431666666666,0.01,-2.1848523617771503,-1.5225028443089723,0.631377223417343,-2.123275960925457,2.6630048354616447,2.21516094324862,2.047079629013138,4.3187759116542415,-55.12949122568865,16.560369287318167,-19.27031456427096,55.12949122568865,16.560369287318167,128.1398225640309,207.8130582580221,0.1306662545966573,0.2119103447742319,16.651497197302355,6.029855627773265e-16,0.9323558855037838,0.9591719853191403,faltinsen_ch9_reduced_order_planing_plus_matched_bie_replace_with_matched_bie,heave_pitch_2x2_v1,FnB=1.67,3.0560166666666664
162,3.250844939814853,6.9148051706018645,1.0776353619961798,5.8305299999999995,0.01,-2.1409920074918327,-1.5716884902745023,0.6798161102098589,-2.1039268537740026,2.655946438956413,2.2110310150995702,2.051743189833639,4.3108047053921155,-53.717846592063495,17.906565581036233,-17.875124206807982,53.717846592063495,17.906565581036233,126.99283213769262,206.1191032697706,0.12949664986278966,0.21018299140865698,16.543221030312985,4.554092253150105e-16,0.9329024159889822,0.9595038421681915,faltinsen_ch9_reduced_order_planing_plus_matched_bie_replace_with_matched_bie,heave_pitch_2x2_v1,FnB=1.67,3.0686999999999998
163,3.2441476124240407,6.893026555393195,1.0731996891085749,5.854628333333332,0.01,-2.095696595167458,-1.6177321191927518,0.7263304582128148,-2.0826723202477755,2.647451874626685,2.2056926186696755,2.055249028726216,4.30043735485501,-52.33435457490526,19.22618048294106,-16.507376633998035,52.33435457490526,19.22618048294106,125.79053883957044,204.330185299141,0.1282706518939398,0.20835880275031843,16.428054919118495,4.076445714152494e-16,0.9334423972230694,0.9598316896394289,faltinsen_ch9_reduced_order_planing_plus_matched_bie_replace_with_matched_bie,heave_pitch_2x2_v1,FnB=1.67,3.081383333333333
164,3.237491508317564,6.8714128072174265,1.0688003820293714,5.878726666666666,0.01,-2.04923351796949,-1.6606354572056181,0.7708502809056342,-2.05970866026418,2.6376254724464054,2.199229392478092,2.057661495500528,4.28783784408328,-50.97976115738135,20.51846727668658,-15.167821754763054,50.97976115738135,20.51846727668658,124.53895243489175,202.45589788664242,0.12699438894514617,0.20644756148801316,16.306689035542956,1.7985821151072056e-16,0.9339759326445127,0.9601555917266462,faltinsen_ch9_reduced_order_planing_plus_matched_bie_replace_with_matched_bie,heave_pitch_2x2_v1,FnB=1.67,3.0940666666666665
165,3.230876206328515,6.849961990577683,1.0644369953674024,5.902824999999999,0.01,-2.0018579037150834,-1.7004245869022496,0.8133266720453013,-2.0352296881697067,2.6265716899426588,2.1917253840451014,2.0590466073462643,4.273171072944877,-49.654654403499364,21.78283639057892,-13.857051806107108,49.654654403499364,21.78283639057892,123.24394239285434,200.5056445119635,0.12567384620931138,0.20445885650243817,16.179801419431644,1.8962184392542864e-16,0.9345031236740242,0.9604756111588043,faltinsen_ch9_reduced_order_planing_plus_matched_bie_replace_with_matched_bie,heave_pitch_2x2_v1,FnB=1.67,3.10675
166,3.2243012912895956,6.828672200605209,1.0601090909751805,5.926923333333333,0.01,-1.953810615580493,-1.7371471544644197,0.8537302957685587,-2.00942452677818,2.614394032623785,2.1832641495546943,2.059471207388985,4.256601082589906,-48.359472897283524,23.01884700324618,-12.575509775778102,48.359472897283524,23.01884700324618,121.91119119925146,198.4885606236515,0.12431481820932883,0.20240200335858982,16.048052102075815,1.6069834064106353e-16,0.9350240697612009,0.9607918094297508,faltinsen_ch9_reduced_order_planing_plus_matched_bie_replace_with_matched_bie,heave_pitch_2x2_v1,FnB=1.67,3.1194333333333333
167,3.2177663539236794,6.807541562451279,1.055816237802235,5.951021666666667,0.01,-1.9053167622727871,-1.7708695173050581,0.8920496974722361,-1.9824757581312848,2.601194112694765,2.1739279643857845,2.0590022075347005,4.23828949783127,-47.0945151804801,24.226197648425682,-11.323498824423382,47.0945151804801,24.226197648425682,120.54615583709173,196.41344865223823,0.12292286951924637,0.20028597803759512,15.912078178005189,2.7680168234445805e-16,0.935538868429924,0.96110424682712,faltinsen_ch9_reduced_order_planing_plus_matched_bie_replace_with_matched_bie,heave_pitch_2x2_v1,FnB=1.67,3.1321166666666667
168,3.2112709907368004,6.786568230693587,1.051558011751996,5.9751199999999995,0.01,-1.856584682456822,-1.8016739131559336,0.9282895040537993,-1.9545579267968047,2.587070847982311,2.16379714680944,2.057705920764511,4.218394191198144,-45.85994989185474,25.404716115932445,-10.101192410242987,45.85994989185474,25.404716115932445,119.15403718262333,194.28872568410728,0.12150330355689593,0.19811936357890542,15.77248980592702,2.7322247311480666e-16,0.936047615322554,0.9614129824604554,faltinsen_ch9_reduced_order_planing_plus_matched_bie_replace_with_matched_bie,heave_pitch_2x2_v1,FnB=1.67,3.1448
169,3.2048148039135134,6.765750388756748,1.0473339955421281,5.999218333333333,0.01,-1.8078053583617526,-1.8296557175342059,0.9624685744648569,-1.9258363805682739,2.5721197986149624,2.1529494934978675,2.055647484624466,4.1970681662204035,-44.65582633678372,26.55434892022609,-8.908644844787858,44.65582633678372,26.55434892022609,117.73975687358097,192.1223831559997,0.12006113899606997,0.19591030898013054,15.629867095509253,3.9188494402076656e-16,0.9365504042429582,0.9617180742885846,faltinsen_ch9_reduced_order_planing_plus_matched_bie_replace_with_matched_bie,heave_pitch_2x2_v1,FnB=1.67,3.1574833333333334
170,3.1983974012145535,6.745086248346493,1.0431437785682176,6.023316666666665,0.01,-1.7591522073204053,-1.8549208423246477,0.9946181527947451,-1.8964664251363967,2.556432635492403,2.141459822536593,2.052890374782166,4.174458651678156,-43.48208524603328,27.675150577794682,-7.745802038746859,43.48208524603328,27.675150577794682,116.30794106586302,189.92195769232418,0.1186010932029419,0.19366649945937114,15.484757818481265,3.732816331950022e-16,0.9370473271984049,0.9620195791462418,faltinsen_ch9_reduced_order_planing_plus_matched_bie_replace_with_matched_bie,heave_pitch_2x2_v1,FnB=1.67,3.170166666666666
171,3.192018395876746,6.7245740488971855,1.0389869567707175,6.047414999999998,0.01,-1.710781197068506,-1.8775833146044616,1.0247800669277984,-1.8665927635373312,2.5400967319226697,2.129399617371637,2.049496005214578,4.150706394087691,-42.33856951529333,28.76727290189612,-6.6125122292394565,42.33856951529333,28.76727290189612,114.86291040081423,187.69451204454984,0.1171275720055414,0.1913951370188085,15.3376758698388,1.224905955087795e-16,0.9375384744403585,0.9623175527699913,faltinsen_ch9_reduced_order_planing_plus_matched_bie_replace_with_matched_bie,heave_pitch_2x2_v1,FnB=1.67,3.1828499999999993
172,3.1856774065151,6.704212057032313,1.0348631325050626,6.071513333333332,0.01,-1.6647811112706683,-1.903650892661251,1.05743286667616,-1.8390318842517763,2.5289094229674536,2.1213680818805587,2.0499020742437946,4.1346961664228985,-41.17035079335744,29.89865676791743,-5.449833642292049,41.17035079335744,29.89865676791743,113.6655244671003,185.83995298538463,0.11590657815574157,0.18950401307825268,15.231662329013421,3.5703873407808144e-16,0.9380239345042076,0.9626120498234573,faltinsen_ch9_reduced_order_planing_plus_matched_bie_replace_with_matched_bie,heave_pitch_2x2_v1,FnB=1.67,3.1955333333333327
173,3.1793740570270335,6.683998566037575,1.0307719144148653,6.095611666666665,0.01,-1.6193763197090678,-1.9294055983737914,1.0898780037857119,-1.8117021738056542,2.5189254907342167,2.114260823481356,2.051143219866978,4.120429837491214,-40.0071927400129,31.0301398984152,-4.290357380447972,40.0071927400129,31.0301398984152,112.53510421296542,184.08365109248572,0.11475387029512163,0.18771308356317984,15.137325910027707,1.6625795641278166e-16,0.9385037942479577,0.9629031239218852,faltinsen_ch9_reduced_order_planing_plus_matched_bie_replace_with_matched_bie,heave_pitch_2x2_v1,FnB=1.67,3.208216666666666
174,3.173107976498678,6.663931895346238,1.0267129173081058,6.119709999999999,0.01,-1.573911866810658,-1.9527758751333482,1.1205387212916131,-1.7836889877307718,2.5080933361799405,2.1064551813095544,2.0516496342837276,4.1047746803311895,-38.868360958646235,32.137621002029505,-3.154832397174175,38.868360958646235,32.137621002029505,111.37937954296606,182.28478600214436,0.1135753591113847,0.18587875166559872,15.03929469282003,3.918288012352622e-16,0.9389781388899181,0.963190827656043,faltinsen_ch9_reduced_order_planing_plus_matched_bie_replace_with_matched_bie,heave_pitch_2x2_v1,FnB=1.67,3.2208999999999994
175,3.166878799113201,6.644010390036409,1.0226857620362377,6.143808333333332,0.01,-1.5285303802647696,-1.973836593503656,1.149434453559362,-1.7551186292613679,2.4964847328286384,2.098008809755005,2.0514696572852693,4.087843834916994,-37.75404307378426,33.22095512417894,-2.043435578425971,37.75404307378426,33.22095512417894,110.20201116123648,180.4491755935911,0.11237477748388747,0.18400694997128592,14.937991628100095,5.448934989152027e-16,0.9394470520454146,0.9634752126155111,faltinsen_ch9_reduced_order_planing_plus_matched_bie_replace_with_matched_bie,heave_pitch_2x2_v1,FnB=1.67,3.233583333333333
176,3.160686164061105,6.624232420339938,1.0186900753761277,6.167906666666665,0.01,-1.4833622703969445,-1.9926701740762798,1.1765934167316692,-1.7261101987339884,2.484169488559581,2.0889778568644024,2.050651034460207,4.069747547432945,-36.66434098261357,34.28008078464174,-0.9562589130379706,36.66434098261357,34.28008078464174,109.00648784930647,178.5823747622903,0.11115568297971934,0.1821033428972078,14.833823301124273,9.514511071808165e-17,0.9399106157625537,0.9637563294113443,faltinsen_ch9_reduced_order_planing_plus_matched_bie_replace_with_matched_bie,heave_pitch_2x2_v1,FnB=1.67,3.246266666666666
177,3.1545297154524463,6.604596381162599,1.0147254899147509,6.192004999999999,0.01,-1.4385257319649067,-2.009365006983535,1.2020514265473399,-1.6967751892328924,2.4712150883351116,2.07941666696716,2.0492405952489237,4.050592581299266,-35.599277580749344,35.315013348360765,0.10668382405216903,35.599277580749344,35.315013348360765,107.79611559009213,176.6896569073127,0.10992144676325975,0.18017330781389435,14.727178267906073,1.1075490215463141e-16,0.940368910557069,0.964034227698148,faltinsen_ch9_reduced_order_planing_plus_matched_bie_replace_with_matched_bie,heave_pitch_2x2_v1,FnB=1.67,3.2589499999999996
178,3.1484091022309277,6.5851006916152635,1.0107916439365692,6.216103333333332,0.01,-1.394126919051997,-2.024013983421317,1.2258507554644733,-1.6672172404199965,2.457686406259033,2.0693775396061707,2.0472839798584954,4.030481738747733,-34.55880352819784,36.32583835200563,1.1454503461727938,34.55880352819784,36.32583835200563,106.57401011157671,174.77600091122181,0.10867524599284846,0.17822192176861806,14.61842580058743,7.812244384443986e-16,0.9408220154462715,0.9643089561955754,faltinsen_ch9_reduced_order_planing_plus_matched_bie_replace_with_matched_bie,heave_pitch_2x2_v1,FnB=1.67,3.271633333333333
179,3.1423239780898173,6.56574379455578,1.0068881813135184,6.240201666666666,0.01,-1.3502602645641715,-2.0367131514079784,1.2480390455459045,-1.637532032383436,2.4436454823028493,2.0589105411088062,2.044825412910191,4.009513485819572,-33.542803956278306,37.31270488569032,2.160163186234115,33.542803956278306,37.31270488569032,105.34309251070754,172.84608308304286,0.10742005935840224,0.17625395326950882,14.507915007294205,5.376658094269929e-16,0.9412700079821368,0.9645805627092682,faltinsen_ch9_reduced_order_planing_plus_matched_bie_replace_with_matched_bie,heave_pitch_2x2_v1,FnB=1.67,3.2843166666666663
180,3.1362740013896504,6.546524156141274,1.0030147513975363,6.2642999999999995,0.01,-1.3070089169004402,-2.0475605028488513,1.2686682894360686,-1.6078073008102043,2.4291513583315267,2.048063364537151,2.0419075209846227,3.9877816724764523,-32.55110503188848,38.275819113619264,3.151003168717523,32.55110503188848,38.275819113619264,104.10608760270433,170.90427350745307,0.10615866539817813,0.17427385856276412,14.395974288881675,6.349888692039119e-16,0.9417129642835473,0.9648490941512583,faltinsen_ch9_reduced_order_planing_plus_matched_bie_replace_with_matched_bie,heave_pitch_2x2_v1,FnB=1.67,3.2969999999999997
181,3.1302588350776626,6.527440265390563,0.9991710089155591,6.288398333333332,0.01,-1.264445268101273,-2.056654894552087,1.2877938880052526,-1.5781229549494555,2.414259967631646,2.0368812333864943,2.0385711907286064,3.965375338778605,-31.583480310598873,39.21543800232996,4.118203090960833,31.583480310598873,39.21543800232996,102.86552463837111,168.95463623648791,0.10489364323022757,0.17228578182813492,14.28291109364112,1.9242771631005908e-16,0.9421509590677178,0.9651145965598384,faltinsen_ch9_reduced_order_planing_plus_matched_bie_replace_with_matched_bie,heave_pitch_2x2_v1,FnB=1.67,3.309683333333333
182,3.1242781466089222,6.508490633756468,0.9953566138669253,6.312496666666666,0.01,-1.2226315499807356,-2.0640951021708234,1.305473789927369,-1.5485512805364074,2.399024071953818,2.0254068442261857,2.0348554638699308,3.9423785977308734,-30.639656824267973,40.13186331098575,5.0620416681465485,30.639656824267973,40.13186331098575,101.62374003974395,167.00093277003393,0.10362737534198116,0.17029355872804058,14.16901193102292,4.8931789368309146e-17,0.9425840656808252,0.9653771151189162,faltinsen_ch9_reduced_order_planing_plus_matched_bie_replace_with_matched_bie,heave_pitch_2x2_v1,FnB=1.67,3.3223666666666665
183,3.118331607869109,6.489673794707718,0.9915712314231203,6.336594999999999,0.01,-1.1816204772349448,-2.0699790031101992,1.3217677156232346,-1.5191572109522753,2.3834932400864983,2.0136803434637187,2.030797465325461,3.918870585362373,-29.719320861913445,41.02543588512569,5.982837783353773,29.719320861913445,41.02543588512569,100.38288182013932,165.0466282944335,0.1023620520974434,0.16830072276917551,14.054542606470148,4.346130980660745e-16,0.9430123561278688,0.9656366941768869,faltinsen_ch9_reduced_order_planing_plus_matched_bie_replace_with_matched_bie,heave_pitch_2x2_v1,FnB=1.67,3.33505
184,3.1124188950989056,6.470988303320221,0.9878145318297984,6.360693333333333,0.01,-1.1414559191408344,-2.0744028821876683,1.336736465645846,-1.4899986512779342,2.36771386214005,2.001739333529071,2.0264323605577137,3.8949254688253365,-28.82212341430119,41.8965302835455,6.880945072301444,28.82212341430119,41.8965302835455,99.14491537626587,163.0949001812742,0.10109967764350303,0.16631051396886215,13.939748641302549,2.1951467607294164e-16,0.9434359011017782,0.9658933772650136,faltinsen_ch9_reduced_order_planing_plus_matched_bie_replace_with_matched_bie,heave_pitch_2x2_v1,FnB=1.67,3.3477333333333332
185,3.1065396888199612,6.45243273587745,0.984086190311026,6.384791666666667,0.01,-1.1021735840920899,-2.0774608522052174,1.350441311689434,-1.4611268414491776,2.3517291940007956,1.9896189039915984,2.0217933384094824,3.8706125037142143,-27.94768526303335,42.74554975765935,7.756746862087169,27.94768526303335,42.74554975765935,97.91163036562823,161.14864828782524,0.09984207692293315,0.16432588935857326,13.82485584401809,1.0199935974930037e-16,0.9438547700117935,0.9661472071153394,faltinsen_ch9_reduced_order_planing_plus_matched_bie_replace_with_matched_bie,heave_pitch_2x2_v1,FnB=1.67,3.3604166666666666
186,3.1006936737623865,6.43400568947971,0.9803858869756833,6.4088899999999995,0.01,-1.0638017037689593,-2.0792443805045684,1.3629434669362368,-1.4325867463487292,2.335579426780765,1.977351683408444,2.0169116158008182,3.8459961323626564,-27.09560170381266,43.572921593790994,8.610651474323873,27.09560170381266,43.572921593790994,96.68464841033436,159.21050664396597,0.09859090353008863,0.16234953490128226,13.710071002189192,5.033924128790067e-16,0.9442690310111386,0.9663982256781536,faltinsen_ch9_reduced_order_planing_plus_matched_bie_replace_with_matched_bie,heave_pitch_2x2_v1,FnB=1.67,3.3731
187,3.0948805387937406,6.415705781662039,0.97671330672597,6.432988333333333,0.01,-1.0263617061373393,-2.079841911949834,1.3743036313704888,-1.404417462302819,2.319301776511261,1.964967908037992,2.011816460886296,3.8211361155276595,-26.26544690108193,44.37909282131665,9.443087895552253,26.26544690108193,44.37909282131665,95.46543139730082,157.28285615568888,0.09734764817475981,0.1603838784454313,13.595582667157586,2.422522041028402e-16,0.9446787510240043,0.9666464741390084,faltinsen_ch9_reduced_order_planing_plus_matched_bie_replace_with_matched_bie,heave_pitch_2x2_v1,FnB=1.67,3.3857833333333334
188,3.089099976849485,6.397531650020554,0.9730681391679614,6.457086666666664,0.01,-0.9898688686735201,-2.0793385785354506,1.384581606939572,-1.3766526310324951,2.30293058978225,1.9524955039139165,2.0065352315239005,3.796087690576643,-25.456777877448104,45.16452628336617,10.2545018115907,25.456777877448104,45.16452628336617,94.25529017363841,155.36783800058416,0.09611364754899829,0.15843110338452393,13.481562006838963,2.3112639176562037e-16,0.9450839957718642,0.9668919929353105,faltinsen_ch9_reduced_order_planing_plus_matched_bie_replace_with_matched_bie,heave_pitch_2x2_v1,FnB=1.67,3.398466666666666
189,3.0833516848648523,6.379481951846985,0.9694500785241569,6.481184999999998,0.01,-0.9543329451870672,-2.077815985873988,1.3938359769773372,-1.3493208536019812,2.2864974614949642,1.9399601791484142,2.001093426184166,3.7709017500221345,-24.669138146306352,45.92969706177897,11.045351997475791,24.669138146306352,45.92969706177897,93.05539346387228,153.467367434769,0.09489009342015091,0.1564931627362749,13.368163705025044,6.012033413668552e-17,0.9454848297991397,0.9671348217724948,faltinsen_ch9_reduced_order_planing_plus_matched_bie_replace_with_matched_bie,heave_pitch_2x2_v1,FnB=1.67,3.4111499999999992
190,3.077635363708111,6.361555363771229,0.9658588235479758,6.505283333333332,0.01,-0.9197587613538626,-2.0753520671091756,1.4021238440753228,-1.3224460982816952,2.2700313613563843,1.9273855237043365,1.9955147447163122,3.745625034974758,-23.902061000002817,46.67508924408327,11.816107050718301,23.902061000002817,46.67508924408327,91.86677686201843,151.5831477725537,0.09367804180022579,0.15457179339790214,13.255526888539414,1.5944696452540177e-16,0.9458813164982334,0.9673749996397927,faltinsen_ch9_reduced_order_planing_plus_matched_bie_replace_with_matched_bie,heave_pitch_2x2_v1,FnB=1.67,3.4238333333333326
191,3.071950718115182,6.343750581411671,0.9622940774401437,6.529381666666665,0.01,-0.8861467755736442,-2.072020995262625,1.409500620548173,-1.2960480974857942,2.25355876618931,1.9147931142351207,1.9898211566767374,3.720300338788368,-23.155072468830042,47.40119301730721,12.567242452641779,23.155072468830042,47.40119301730721,90.69035177598035,149.71668433902872,0.09247842206663881,0.15266853037380626,13.143776066400422,3.4774644269408885e-16,0.9462735181339484,0.9676125648256162,faltinsen_ch9_reduced_order_planing_plus_matched_bie_replace_with_matched_bie,heave_pitch_2x2_v1,FnB=1.67,3.436516666666666
192,3.0662974566255823,6.326066319033127,0.958755547766925,6.553479999999999,0.01,-0.8534936030404978,-2.0678931456055074,1.4160198657481378,-1.2701427300463817,2.237103795552028,1.9022026219314938,1.9840329752062331,3.6949667168375004,-22.42769396827555,48.10850207130079,13.299237940440435,22.42769396827555,48.10850207130079,89.52691422400619,147.86929823130566,0.09129204593210342,0.15078472080813088,13.033022067734377,2.577677147214267e-16,0.9466614958673099,0.9678475549325443,faltinsen_ch9_reduced_order_planing_plus_matched_bie_replace_with_matched_bie,heave_pitch_2x2_v1,FnB=1.67,3.4491999999999994
193,3.060675291519655,6.308501309212174,0.9552429463801527,6.5775783333333315,0.01,-0.8217925019747415,-2.0630351003050134,1.4217331647037974,-1.2447423860482019,2.2206883485515077,1.889631921630148,1.9781689347100835,3.6696596989872314,-21.719444653349143,48.79751129283724,14.012575171185318,21.719444653349143,48.79751129283724,88.37715340293914,146.04213975613416,0.09011961618181455,0.14892153768731847,12.923362967538893,1.9414788994248972e-16,0.9470453097788054,0.9680800068919504,faltinsen_ch9_reduced_order_planing_plus_matched_bie_replace_with_matched_bie,heave_pitch_2x2_v1,FnB=1.67,3.4618833333333328
194,3.0550839387570674,6.2910543025097,0.9517559893390095,6.601676666666665,0.01,-0.7910338218293561,-2.057509688293568,1.4266900428581404,-1.2198563122734518,2.204332240089922,1.8770972007288134,1.9722462708455866,3.6444115018829364,-21.029843499627503,49.46871473094603,14.707735658190899,21.029843499627503,49.46871473094603,87.2416599656783,144.23620143999167,0.08896173511410961,0.1470799931067099,12.814884991511155,6.939803591555729e-17,0.9474250188910621,0.9683099569782726,faltinsen_ch9_reduced_order_planing_plus_matched_bie_replace_with_matched_bie,heave_pitch_2x2_v1,FnB=1.67,3.474566666666666
195,3.0495231179165367,6.27372406715049,0.9482943968335157,6.625774999999999,0.01,-0.761205413973632,-2.0513760540185384,1.4309379120347645,-1.1954909370041222,2.1880533351048452,1.8646130667131466,1.966280801552075,3.619251238699711,-20.358411130970296,50.12260381361148,15.385198959837112,20.358411130970296,50.12260381361148,86.1209339607081,142.4523305325797,0.08781891263653553,0.1452609510205623,12.707663393027763,2.1157394732660574e-16,0.9478006811909724,0.9685374408229098,faltinsen_ch9_reduced_order_planing_plus_matched_bie_replace_with_matched_bie,heave_pitch_2x2_v1,FnB=1.67,3.4872499999999995
196,3.043992552136759,6.256509388709675,0.9448578931096814,6.649873333333332,0.01,-0.7322930058925983,-2.0446897494295326,1.4345220431463086,-1.1716501735095892,2.171867679648422,1.8521926523333663,1.9602870080679522,3.5942051244478646,-19.704671413782165,50.759665796044146,16.045441101017673,19.704671413782165,50.759665796044146,85.01539239986101,140.69124094612908,0.08669157398281882,0.143465139416752,12.601763296998529,7.724254515753823e-16,0.9481723536512869,0.968762493427808,faltinsen_ch9_reduced_order_planing_plus_matched_bie_replace_with_matched_bie,heave_pitch_2x2_v1,FnB=1.67,3.499933333333333
197,3.038491968058509,6.239409069805859,0.9414462063962793,6.673971666666666,0.01,-0.7042805403435551,-2.0375028442333862,1.437485561558998,-1.1483357020210727,2.15578962790105,1.8398477176730734,1.9542781150669732,3.569296675332786,-19.068152837300346,51.38038242112765,16.688933207778746,19.068152837300346,51.38038242112765,83.92537643179031,138.9535245912182,0.0855800670277723,0.14169316187609246,12.497240506729302,7.116052415281665e-17,0.9485400922516873,0.9689851491786924,faltinsen_ch9_reduced_order_planing_plus_matched_bie_replace_with_matched_bie,heave_pitch_2x2_v1,FnB=1.67,3.5126166666666663
198,3.033021095767897,6.222421929800775,0.9380590688331993,6.698069999999999,0.01,-0.6771504812010146,-2.029864050082403,1.4398694614279,-1.1255472303746075,2.139831964432652,1.8275887485308668,1.9482661692126755,3.5445469010177924,-18.448389698753175,51.98522877327042,17.316140336343494,18.448389698753175,51.98522877327042,82.85115810813582,137.23966208523788,0.08448466918686384,0.13994550849192935,12.394142271133548,5.742840038469807e-16,0.948903951999353,0.969205441857985,faltinsen_ch9_reduced_order_planing_plus_matched_bie_replace_with_matched_bie,heave_pitch_2x2_v1,FnB=1.67,3.5252999999999997
199,3.02757966874073,6.205546804505296,0.9346962164013428,6.722168333333332,0.01,-0.6508840879165602,-2.021818854951969,1.4417126357088865,-1.1032827338017421,2.1240060212113954,1.8154250506886014,1.9422621155760498,3.5199744889401194,-17.84492311142202,52.57467230770433,17.927520478528976,17.84492311142202,52.57467230770433,81.79294673722458,135.55003282244175,0.08340559389518806,0.13822256613873418,12.292508010647182,3.9854469657149287e-16,0.9492639869490375,0.9694234046574148,faltinsen_ch9_reduced_order_planing_plus_matched_bie_replace_with_matched_bie,heave_pitch_2x2_v1,FnB=1.67,3.537983333333333
200,3.022167423787981,6.1887825458916526,0.931357388854021,6.746266666666666,0.01,-0.6254616606375801,-2.013409664504956,1.4430519189279363,-1.0815386745739795,2.1083217890183366,1.8033648397705992,1.936275871488528,3.4955959800870255,-17.257301852701573,53.14917203820556,18.52352372649679,17.257301852701573,53.14917203820556,80.75089482655432,133.8849244049996,0.08234299666711295,0.1365246280891024,12.192370001045425,3.175873051346848e-16,0.9496202502226645,0.969639070190312,faltinsen_ch9_reduced_order_planing_plus_matched_bie_replace_with_matched_bie,heave_pitch_2x2_v1,FnB=1.67,3.5506666666666664
201,3.016784101002321,6.172128021811701,0.9280423296498176,6.770364999999999,0.01,-0.6008627580832321,-2.0046759477310316,1.4439221401412783,-1.0603102023736561,2.0927880230598364,1.7914153265080193,1.9303163975117192,3.471425935855554,-16.68508306823466,53.709177867228675,19.104591580796523,16.68508306823466,53.709177867228675,79.72510362043924,132.24454144291101,0.08129698074310723,0.13485190298716793,12.093754015051577,1.562622159130231e-16,0.9499727940284589,0.9698524705036058,faltinsen_ch9_reduced_order_planing_plus_matched_bie_replace_with_matched_bie,heave_pitch_2x2_v1,FnB=1.67,3.56335
202,3.0114294437056905,6.155582115721081,0.9247507858868794,6.794463333333333,0.01,-0.5770663902802808,-1.9956543845888126,1.4443561838476904,-1.0395913363800875,2.0774123426801108,1.7795827973139096,1.9243917652983729,3.4474770957996,-16.12783284713157,54.255130043508615,19.671156386724334,16.12783284713157,54.255130043508615,78.71562824321624,130.62901373728428,0.08026760233435093,0.1332045231932253,11.996679922186038,7.742499704472807e-16,0.9503216696796257,0.9700636370895542,faltinsen_ch9_reduced_order_planing_plus_matched_bie_replace_with_matched_bie,heave_pitch_2x2_v1,FnB=1.67,3.576033333333333
203,3.006103198397901,6.13914372640915,0.9214825082386027,6.818561666666666,0.01,-0.5540511882270649,-1.9863790137694433,1.444385056915144,-1.019375130134373,2.0622013251667473,1.7678726901494444,1.9185092221975015,3.4237605262158937,-15.585126682206834,54.78745873326025,20.223640885095364,15.585126682206834,54.78745873326025,77.722482461477,129.0384038666037,0.07925487547886079,0.13158255251956957,11.901162247745384,1.9835853917544173e-16,0.9506669276125864,0.9702726008971617,faltinsen_ch9_reduced_order_planing_plus_matched_bie_replace_with_matched_bie,heave_pitch_2x2_v1,FnB=1.67,3.5887166666666666
204,3.0008051147062247,6.12281176773452,0.9182372508906751,6.8426599999999995,0.01,-0.5317955524898239,-1.9768813790441888,1.4440379598576742,-0.9996538202867629,2.0471605937150144,1.756289665722552,1.9126752525221338,3.400285759640549,-15.056549828085451,55.30658369218082,20.762457864606745,15.056549828085451,55.30658369218082,76.74564308105127,127.47271419942285,0.07825877652516534,0.12998599338145328,11.807210692142672,3.0728638227153994e-16,0.9510086174047868,0.9704793923433516,faltinsen_ch9_reduced_order_planing_plus_matched_bie_replace_with_matched_bie,heave_pitch_2x2_v1,FnB=1.67,3.6014
205,2.9955349453359603,6.106585168366079,0.9150147714794467,6.866758333333333,0.01,-0.5102777826504578,-1.9671906729588131,1.443342361044643,-0.9804189603438251,2.0322948996744583,1.7448376741082796,1.9068956354520148,3.377060925423075,-14.541697568985,55.812914026508054,21.288009904013222,14.541697568985,55.812914026508054,75.78505399604508,125.93189335962893,0.0772792482611749,0.12841479338982112,11.714830612096723,2.0891151214854122e-16,0.9513467877920873,0.9706840413238526,faltinsen_ch9_reduced_order_planing_plus_matched_bie_replace_with_matched_bie,heave_pitch_2x2_v1,FnB=1.67,3.6140833333333333
206,2.9902924460219547,6.090462871529368,0.9118148310315923,6.890856666666664,0.01,-0.48947618942454474,-1.9573338768976905,1.4423240726448563,-0.961661540524563,2.0176081992460566,1.7335200169178666,1.9011754995875956,3.3540928716193887,-14.040175406959719,56.3068480323999,21.800689193355055,14.040175406959719,56.3068480323999,74.84062990825527,124.41584217222467,0.07631620370692874,0.12686885141432058,11.624023465341875,4.392502554580108e-16,0.9516814866857457,0.9708865772238452,faltinsen_ch9_reduced_order_planing_plus_matched_bie_replace_with_matched_bie,heave_pitch_2x2_v1,FnB=1.67,3.626766666666666
207,2.9850773754810453,6.074443834758163,0.9086371939050345,6.914954999999998,0.01,-0.4693691911588621,-1.9473358967639585,1.4410073273031416,-0.943372094809993,2.003103724831696,1.7223394051717966,1.8955193742066931,3.331387278501612,-13.551599180426905,56.78877310386886,22.300877424443428,13.551599180426905,56.78877310386886,73.91225973583067,122.9244191186065,0.07536952959046225,0.12534802314613708,11.534787220654565,1.0394945046443648e-16,0.9520127611890055,0.9710870289283459,faltinsen_ch9_reduced_order_planing_plus_matched_bie_replace_with_matched_bie,heave_pitch_2x2_v1,FnB=1.67,3.639449999999999
208,2.979889495365424,6.058527029651167,0.9054816277311009,6.939053333333332,0.01,-0.4499353963027766,-1.9372196937126507,1.4394148547190035,-0.9255407962337786,1.988784051262045,1.7112980130528954,1.8899312373029133,3.308948764023957,-13.075595121877711,57.25906570041809,22.788945741724206,13.075595121877711,57.25906570041809,72.99980973023011,121.45744533075082,0.07443908952621957,0.12385212619064696,11.447116735066857,1.7989383207811635e-16,0.9523406576132963,0.9712854248323421,faltinsen_ch9_reduced_order_planing_plus_matched_bie_replace_with_matched_bie,heave_pitch_2x2_v1,FnB=1.67,3.6521333333333326
209,2.9747285702168766,6.042711441633665,0.9023479033578791,6.963151666666665,0.01,-0.4311536733311647,-1.9270064095348685,1.4375679574474467,-0.9081575414156158,1.974651157145338,1.700397527729819,1.884414560506189,3.2867809816126363,-12.611799862813456,57.71809136638575,23.265254745501693,12.611799862813456,57.71809136638575,72.10312632040443,120.01470915365131,0.07352472691531198,0.12238094471980882,11.361004100172275,4.449153590273586e-16,0.9526652214940617,0.9714817928506998,faltinsen_ch9_reduced_order_planing_plus_matched_bie_replace_with_matched_bie,heave_pitch_2x2_v1,FnB=1.67,3.664816666666666
210,2.9695943674219034,6.026996069724039,0.8992357947947458,6.987249999999999,0.01,-0.41300320948065483,-1.9167154864261564,1.435486585372791,-0.8912120252871003,1.960706481589526,1.6896391954501913,1.878972351001506,3.264886710665835,-12.159860393146687,58.16620479480386,23.73015454030437,12.159860393146687,58.16620479480386,71.22203870277234,118.59597030489631,0.07262626758655845,0.1209342337137517,11.276438959429875,1.682289780565747e-16,0.952986497606219,0.9716761604278362,faltinsen_ch9_reduced_order_planing_plus_matched_bie_replace_with_matched_bie,heave_pitch_2x2_v1,FnB=1.67,3.6774999999999993
211,2.9644866571676767,6.011379926305011,0.8961450791580394,7.0113483333333315,0.01,-0.39546355954785195,-1.9063647809846203,1.433189408419395,-0.8746938069041065,1.9469509765550843,1.6790238641073372,1.8736071905732503,3.2432679401594995,-11.71943398156256,58.60374992932,24.183984821916567,11.71943398156256,58.60374992932,70.35636119502747,117.20096365952774,0.07174352219670069,0.11951172282025743,11.193408798349282,3.7168837408792906e-16,0.9533045299792646,0.971868554547166,faltinsen_ch9_reduced_order_planing_plus_matched_bie_replace_with_matched_bie,heave_pitch_2x2_v1,FnB=1.67,3.6901833333333327
212,2.95940521239884,5.995862036899525,0.8930755366178486,7.035446666666665,0.01,-0.37851468588927617,-1.8959706723765999,1.4306938871601707,-0.8585923671819006,1.9333851550961163,1.668552022485514,1.8683212719099433,3.221925945757087,-11.29018806264969,59.03106009841423,24.62707499728657,11.29018806264969,59.03106009841423,69.50589537113933,115.8294026873389,0.07087628840749831,0.1181131198598287,11.111899209394823,1.2371118153083165e-16,0.9536193619120321,0.9720590017403218,faltinsen_ch9_reduced_order_planing_plus_matched_bie_replace_with_matched_bie,heave_pitch_2x2_v1,FnB=1.67,3.702866666666666
213,2.9543498087751114,5.980441439951143,0.8900269503458915,7.059544999999999,0.01,-0.3621369906591111,-1.8855481646829906,1.428016341066644,-0.8428971593311102,1.9200091357446796,1.65822383638694,1.863116432308599,3.2008613608187058,-10.87180009598137,59.44845817676983,25.059744332147602,10.87180009598137,59.44845817676983,68.67043199415411,114.48098256864016,0.0700243528566372,0.11673811400288597,11.031894133387786,1.5000716311576322e-16,0.9539310359871132,0.9722475280961743,faltinsen_ch9_reduced_order_planing_plus_matched_bie_replace_with_matched_bie,heave_pitch_2x2_v1,FnB=1.67,3.7155499999999995
214,2.949320224629683,5.965117186608843,0.8869991064644589,7.083643333333332,0.01,-0.34631134122301593,-1.8751109834994737,1.425172014214461,-0.8275976527149086,1.9068226832875803,1.6480391818398403,1.8579941849195938,3.1800742416974708,-10.463957401751316,59.85625676923297,25.482302121765088,10.463957401751316,59.85625676923297,67.84975276256613,113.15538301326,0.06918749293853266,0.11538637864434849,10.953376079115305,4.3193969412970393e-16,0.9542395940849479,0.9724341592696286,faltinsen_ch9_reduced_order_planing_plus_matched_bie_replace_with_matched_bie,heave_pitch_2x2_v1,FnB=1.67,3.728233333333333
215,2.944316240928399,5.949888340516139,0.8839917939963942,7.107741666666666,0.01,-0.33101908959486265,-1.8646716669116359,1.4221751383173513,-0.8126833707917255,1.89382524617749,1.6379976755811891,1.8529557476727783,3.1595641277004334,-10.066356977046524,60.254758413314136,25.895047880743277,10.066356977046524,60.254758413314136,67.04363188517134,111.85227080624082,0.06836547841023319,0.11405757399952159,10.87632632277676,1.7996945840603396e-16,0.9545450773975975,0.9726189204902354,faltinsen_ch9_reduced_order_planing_plus_matched_bie_replace_with_matched_bie,heave_pitch_2x2_v1,FnB=1.67,3.7409166666666662
216,2.9393376412296894,5.934753977604397,0.8810048048160906,7.131839999999999,0.01,-0.316242086658148,-1.8542416510027073,1.4190389930119172,-0.7981439237535671,1.8810159908111215,1.6280987030008394,1.8480020700235618,3.139330096078009,-9.678705296362608,60.64425579666164,26.298271548301585,9.678705296362608,60.64425579666164,66.25183749842627,110.5713021023242,0.06755807283672435,0.11275134944382047,10.800725088814632,2.548577455027741e-16,0.9548475264422019,0.972801836570582,faltinsen_ch9_reduced_order_planing_plus_matched_bie_replace_with_matched_bie,heave_pitch_2x2_v1,FnB=1.67,3.7535999999999996
217,2.934384211645249,5.919713185890266,0.8780379336014755,7.155938333333332,0.01,-0.30196269185533203,-1.8438313500794754,1.4157759633565676,-0.783969036418509,1.8683938328972345,1.6183414437260089,1.8431338576546543,3.119370812391001,-9.300718099538102,61.0250319863637,26.692253705858064,9.300718099538102,61.0250319863637,65.4741329394565,109.31212448996685,0.06676503488903601,0.11146734561748085,10.726551713591752,2.453346473462196e-16,0.9551469810741344,0.972982931914518,faltinsen_ch9_reduced_order_planing_plus_matched_bie_replace_with_matched_bie,heave_pitch_2x2_v1,FnB=1.67,3.766283333333333
218,2.9294557408014428,5.90476506527712,0.875090977786964,7.180036666666666,0.01,-0.2881637789561543,-1.8334502318219608,1.4123975945414298,-0.7701485718870359,1.855957466126391,1.608724895016565,1.8383515952648755,3.0996845765878476,-8.932120169897615,61.39736066732226,27.0772658041447,8.932120169897615,61.39736066732226,64.71027788698238,108.0743788442689,0.06598611950766305,0.11020519631501983,10.653784793289212,2.2996046239784267e-16,0.9554434804998604,0.973162230525165,faltinsen_ch9_reduced_order_planing_plus_matched_bie_replace_with_matched_bie,heave_pitch_2x2_v1,FnB=1.67,3.7789666666666664
219,2.92455201980142,5.889908727360425,0.8721637375173545,7.204134999999999,0.01,-0.2748287384498781,-1.8231068875762966,1.4089146438334033,-0.7566725514260952,1.8437053883432901,1.599247893132857,1.8336555675717197,3.080269365107895,-8.572645105042398,61.76150638728882,27.453570397427853,8.572645105042398,61.76150638728882,63.960029381583524,106.85770098688316,0.06522107894294538,0.10896453017787233,10.582402317313372,4.073790959502161e-16,0.9557370632895068,0.9733397560127734,faltinsen_ch9_reduced_order_planing_plus_matched_bie_replace_with_matched_bie,heave_pitch_2x2_v1,FnB=1.67,3.7916499999999997
220,2.919672842187925,5.875143295236931,0.8692560156026489,7.228233333333333,0.01,-0.2619414770462498,-1.8128090980187175,1.4053371298023047,-0.7435311710018555,1.8316359254111083,1.5899091328287822,1.8290458786488923,3.0611228693089223,-8.222035082417449,62.11772480646442,27.82142138271834,8.222035082417449,62.11772480646442,63.2231427358986,105.66172316968671,0.06446966368321354,0.10774497220731516,10.512381788415032,1.6857497896034344e-16,0.956027767389149,0.9735155316023746,faltinsen_ch9_reduced_order_planing_plus_matched_bie_replace_with_matched_bie,heave_pitch_2x2_v1,FnB=1.67,3.804333333333333
221,2.9148180039067895,5.860467903317613,0.8663676174737716,7.252331666666666,0.01,-0.24948641471527197,-1.802563894422901,1.4016743788913273,-0.7307148148424386,1.8197472529460061,1.5807071851138677,1.8245224697144478,3.042242530499873,-7.880040621501905,62.46626294984375,28.181064242134937,7.880040621501905,62.46626294984375,62.499372344573246,104.48607539777386,0.0637316232807057,0.10654614511354427,10.443700330641517,2.5827696825852144e-16,0.9563156301328248,0.9736895801412756,faltinsen_ch9_reduced_order_planing_plus_matched_bie_replace_with_matched_bie,heave_pitch_2x2_v1,FnB=1.67,3.8170166666666665
222,2.9099873032710875,5.8458816971442635,0.8634983511391694,7.2764299999999995,0.01,-0.23744847964643004,-1.792377615763614,1.3979350694082666,-0.7182140663750538,1.8080374160887431,1.571640513419174,1.8200851354791687,3.0236255718422775,-7.546420344221076,62.8073594607325,28.532736286834677,7.546420344221076,62.8073594607325,61.7884724030168,103.33038660614898,0.06300670708449553,0.10536767051556747,10.37633478616285,1.5454543634874438e-16,0.9566006882542806,0.9738619241063804,faltinsen_ch9_reduced_order_planing_plus_matched_bie_replace_with_matched_bie,heave_pitch_2x2_v1,FnB=1.67,3.8297
223,2.905180540925943,5.831383833209665,0.8606480271422712,7.300528333333333,0.01,-0.2258131014633463,-1.7822559618876832,1.3941272730240046,-0.7060197168480928,1.7965043474694644,1.5627074882931895,1.815733539158933,3.0052690273670817,-7.2209407349548655,63.1412448540886,28.87666690114571,7.2209407349548655,63.1412448540886,61.09019754332028,102.1942857033902,0.062294664888948095,0.1042091700054455,10.310261801936655,1.4600709158053677e-16,0.9568829778984567,0.9740325856113511,faltinsen_ch9_reduced_order_planing_plus_matched_bie_replace_with_matched_bie,heave_pitch_2x2_v1,FnB=1.67,3.8423833333333333
224,2.9003975198139753,5.816973478781248,0.8578164585197862,7.324626666666666,0.01,-0.21456620298972698,-1.7722040429791501,1.3902584938719063,-0.6941227719176778,1.7851458835112257,1.5539064007454444,1.811467226248845,2.9871697683371323,-6.903375901321084,63.4681417685336,29.21307778573393,6.903375901321084,63.4681417685336,60.404303395021735,101.07740249450501,0.06159524750554138,0.10307026608934246,10.245457907104717,1.5341988834480338e-16,0.9571625346327175,0.9742015864136029,faltinsen_ch9_reduced_order_planing_plus_matched_bie_replace_with_matched_bie,heave_pitch_2x2_v1,FnB=1.67,3.8550666666666666
225,2.89563804514137,5.802649811728172,0.8550034607608242,7.348724999999998,0.01,-0.2036941908263513,-1.7622264255395534,1.3863357053466494,-0.682514456449619,1.7739597792076103,1.5452354743474248,1.8072856371509867,2.969324527169722,-6.593507336735058,63.78826521605649,29.542183198811557,6.593507336735058,63.78826521605649,59.7305470777742,99.97936849420752,0.06090820726524777,0.1019505830168381,10.181899581944712,5.0940820881446344e-17,0.9574393934578366,0.974368947921141,faltinsen_ch9_reduced_order_planing_plus_matched_bie_replace_with_matched_bie,heave_pitch_2x2_v1,FnB=1.67,3.867749999999999
226,2.8909019243445537,5.788412020351728,0.8522088517668159,7.372823333333331,0.01,-0.19318394496662752,-1.7523271750972147,1.3823653847040014,-0.671186217761861,1.7629437215002224,1.5366928761926744,1.8031881187419878,2.9517299191185824,-6.291123685592737,64.10182282858432,29.864190194549337,6.291123685592737,64.10182282858432,59.06868763239025,98.89981764093092,0.060233298458077185,0.10084974750901779,10.119563319136786,4.1977023044488267e-16,0.9577135888187366,0.9745346911992558,faltinsen_ch9_reduced_order_planing_plus_matched_bie_replace_with_matched_bie,heave_pitch_2x2_v1,FnB=1.67,3.8804333333333325
227,2.8861889670574743,5.774259303219017,0.8494324518122184,7.396921666666665,0.01,-0.18302280764938086,-1.742509895851301,1.3783535455643865,-0.6601297275087951,1.752095341372602,1.5282767268105444,1.7991739349609828,2.934382461900244,-5.996020511787776,64.40901510073235,30.179298857990858,5.996020511787776,64.40901510073235,58.418486396188456,97.83838692102236,0.05957027771582391,0.09976738939497419,10.058425678043415,2.281309969085494e-16,0.957985154614997,0.9746988369770594,faltinsen_ch9_reduced_order_planing_plus_matched_bie_replace_with_matched_bie,heave_pitch_2x2_v1,FnB=1.67,3.893116666666666
228,2.881498985079462,5.760190868999812,0.8466740835059854,7.421019999999999,0.01,-0.17319857162185356,-1.7327777674477367,1.3743057684231963,-0.6493368823874107,1.741412224768453,1.5199851091210974,1.7952422764932219,2.917278593436111,-5.708000071151673,64.71003562816318,30.48770253588711,5.708000071151673,64.71003562816318,57.77970732806178,96.79471691177014,0.05891890434354422,0.09870314216554088,9.998463332644928,2.0558898145487508e-16,0.9582541242111297,0.9748614056538839,faltinsen_ch9_reduced_order_planing_plus_matched_bie_replace_with_matched_bie,heave_pitch_2x2_v1,FnB=1.67,3.9057999999999993
229,2.8768317923436637,5.7462059363065325,0.8439335717537851,7.4451183333333315,0.01,-0.16369946796298954,-1.7231335790748992,1.3702272292698485,-0.6387998038257624,1.7308919224338755,1.5118160765120732,1.791392269619463,2.9004146878686847,-5.42687108829989,65.00507134109378,30.789588062976947,5.42687108829989,65.00507134109378,57.152117288217006,95.7684522511665,0.058278940604811036,0.09765664345231705,9.939653113719665,2.3628086050163015e-16,0.9585205304466315,0.9750224173055333,faltinsen_ch9_reduced_order_planing_plus_matched_bie_replace_with_matched_bie,heave_pitch_2x2_v1,FnB=1.67,3.9184833333333327
230,2.872187204886036,5.732303733537268,0.8412107437209507,7.469216666666665,0.01,-0.1545141535968413,-1.7135797610577277,1.3661227264158025,-0.6285108367967199,1.7205319587756593,1.5037676601126446,1.7876229842964053,2.883787069998383,-5.152448538275479,65.29430273257589,31.08513598332857,5.152448538275479,65.29430273257589,56.53548627710205,94.75924204162735,0.05765015196535214,0.09662753543934713,9.881972045808876,9.31717407028572e-17,0.958784405645819,0.9751818916904059,faltinsen_ch9_reduced_order_planing_plus_matched_bie_replace_with_matched_bie,heave_pitch_2x2_v1,FnB=1.67,3.931166666666666
231,2.8675650408148927,5.7184834987217865,0.8385054287961453,7.493314999999998,0.01,-0.1456316986078777,-1.7041184141194234,1.3619967056293625,-0.6184625478840328,1.71032983982047,1.4958378753329005,1.7839334415288128,2.8673920282759835,-4.884553433298436,65.57790408126104,31.374520766441066,4.884553433298436,65.57790408126104,55.92958763763617,93.766740194251,0.05703230729926751,0.09561546521416692,9.82539737946093,7.176133992486719e-17,0.9590457816274482,0.9753398482554694,faltinsen_ch9_reduced_order_planing_plus_matched_bie_replace_with_matched_bie,heave_pitch_2x2_v1,FnB=1.67,3.9438499999999994
232,2.8629651202809825,5.704744479370447,0.835817458555725,7.517413333333332,0.01,-0.13704157345409354,-1.6947513364705946,1.3578532836721526,-0.608647722713482,1.7002830603530814,1.4880247277325584,1.7803226200895994,2.851225826475208,-4.623012614859448,65.8560436684277,31.6579110178736,4.623012614859448,65.8560436684277,55.3341982244899,92.79060571961564,0.05642517906164685,0.09462008506433456,9.769906619206996,2.3763333808190445e-16,0.9593046897141287,0.9754963061421227,faltinsen_ch9_reduced_order_planing_plus_matched_bie_replace_with_matched_bie,heave_pitch_2x2_v1,FnB=1.67,3.956533333333333
233,2.8583872654480973,5.69108593232597,0.8331466667287863,7.541511666666666,0.01,-0.1287336361597724,-1.6854800488764603,1.3536962703288853,-0.5990593628490007,1.690389110305527,1.4803262182773718,1.7767894626400291,2.8352847141600215,-4.3676585513349835,66.12888398911116,31.935469684231975,4.3676585513349835,66.12888398911116,54.749098543822086,91.83050297057507,0.055828543431061674,0.09364105272501322,9.7154775476814,1.674751072913741e-16,0.9595611607415327,0.9756512841919167,faltinsen_ch9_reduced_order_planing_plus_matched_bie_replace_with_matched_bie,heave_pitch_2x2_v1,FnB=1.67,3.969216666666666
234,2.853831300464197,5.677507123617994,0.8304928891628814,7.565609999999999,0.01,-0.12069811955736776,-1.676305817843808,1.3495291890185286,-0.5896906822421071,1.68064548046329,1.4727403480370087,1.773332881298356,2.8195649360521315,-4.118329141247045,66.39658195722782,32.207354252394424,4.118329141247045,66.39658195722782,54.174072866571606,90.88610184202075,0.05524218042509074,0.09267803158267172,9.662088246264025,1.4171640426088012e-16,0.9598152250674082,0.975804800952148,faltinsen_ch9_reduced_order_planing_plus_matched_bie_replace_with_matched_bie,heave_pitch_2x2_v1,FnB=1.67,3.9818999999999996
235,2.8492970514330342,5.664007328320345,0.8278559637903855,7.589708333333332,0.01,-0.11292561863706758,-1.6672296770606365,1.3453552960712456,-0.5805351033125881,1.671049667549196,1.4652651223737996,1.7699517627015695,2.804062740395561,-3.8748675222447275,66.65928910463217,32.47371694290615,3.8748675222447275,66.65928910463217,53.60890931811394,89.95707793212087,0.05466587399174431,0.09173069083950265,9.609717112588843,8.403490330426e-17,0.9600669125803983,0.9759568746813534,faltinsen_ch9_reduced_order_planing_plus_matched_bie_replace_with_matched_bie,heave_pitch_2x2_v1,FnB=1.67,3.994583333333333
236,2.8447843463862776,5.650585830410992,0.8252357305955043,7.613806666666665,0.01,-0.10540707805310484,-1.6582524472131,1.3411775987516796,-0.5715862527291211,1.661599178740748,1.4578985546677243,1.7666449726015616,2.788774386407301,-3.6371218858461134,66.9171517740827,32.734704897508095,3.6371218858461134,66.9171517740827,53.05339994683441,89.04311266913479,0.05409941207938941,0.09079870564273711,9.558342875232162,3.982414134863701e-16,0.9603162527086715,0.976107523354659,faltinsen_ch9_reduced_order_planing_plus_matched_bie_replace_with_matched_bie,heave_pitch_2x2_v1,FnB=1.67,4.007266666666666
237,2.8402930152561168,5.637241922634592,0.8226320315819046,7.637904999999999,0.01,-0.09813377982743358,-1.6493747542962922,1.3369988721053156,-0.5628379569501535,1.6522915356719508,1.4506386696192504,1.763411360033844,2.7736961508957068,-3.4049452979436694,67.17031130612722,32.99046036080338,3.4049452979436694,67.17031130612722,52.507340773927446,88.14389340751745,0.05354258668753086,0.08988175718264388,9.50794460586615,2.2577104598914103e-16,0.9605632744283699,0.9762567646690267,faltinsen_ch9_reduced_order_planing_plus_matched_bie_replace_with_matched_bie,heave_pitch_2x2_v1,FnB=1.67,4.01995
238,2.8358228898483437,5.6239749063676,0.8200447107409576,7.662003333333333,0.01,-0.09109733128415042,-1.640597046527854,1.3328216747008108,-0.5542842375779922,1.6431242779665243,1.4434835061682174,1.760249761094059,2.7588243341216154,-3.1781955250489773,67.4189042199445,33.24112085608863,3.1781955250489773,67.4189042199445,51.970531826518325,87.25911349668567,0.052995193900586164,0.08897953276265155,9.458501729137867,3.026153962541933e-16,0.960808006271876,0.9764046160483989,faltinsen_ch9_reduced_order_planing_plus_matched_bie_replace_with_matched_bie,heave_pitch_2x2_v1,FnB=1.67,4.032633333333333
239,2.8313738038158967,5.610784091485861,0.8174736140205778,7.686101666666666,0.01,-0.08428965324161183,-1.631919609965955,1.3286483633373518,-0.5459193065723337,1.6340949663452935,1.436431120063695,1.7571590023547066,2.744155264970721,-2.956734866227123,67.66306238820584,33.48681935540611,2.956734866227123,67.66306238820584,51.44277715599766,86.3884723254922,0.05245703390658141,0.08809172584469947,9.409994030509745,7.652065308227818e-17,0.9610504763359066,0.9765510946487078,faltinsen_ch9_reduced_order_planing_plus_matched_bie_replace_with_matched_bie,heave_pitch_2x2_v1,FnB=1.67,4.0453166666666664
240,2.8269455926328595,5.597668796234659,0.8149185892946469,7.7101999999999995,0.01,-0.07770296848368763,-1.623342582926509,1.324481106782426,-0.5377375613636509,1.6252011853471207,1.4294795861168939,1.754137903952075,2.729685305500244,-2.7404299906515632,67.90291320603691,33.7276844438891,2.7404299906515632,67.90291320603691,50.92388484328498,85.53167534517384,0.05192791100251869,0.08721803607263831,9.362401662276676,1.958282351563393e-16,0.9612907122894339,0.9766962173627975,faltinsen_ch9_reduced_order_planing_plus_matched_bie_replace_with_matched_bie,heave_pitch_2x2_v1,FnB=1.67,4.058
