frequency_index,omega0_rad_s,omega_e_rad_s,wavenumber_rad_m,wavelength_m,wave_amplitude_m,heave_response_real_m_per_m,heave_response_imag_m_per_m,pitch_response_real_rad_per_m,pitch_response_imag_rad_per_m,heave_rao_m_per_m,pitch_rao_rad_per_m,pitch_rao_rad_per_wave_slope,point_vertical_rao_m_per_m,heave_phase_lead_deg,pitch_phase_lead_deg,point_phase_lead_deg,fridsma_heave_phase_lag_deg,fridsma_pitch_phase_lead_deg,cg_accel_rao_mps2_per_m,point_accel_rao_mps2_per_m,cg_accel_g,point_accel_g,dynamic_condition_number,equation_relative_residual,heave_finite_length_factor,pitch_finite_length_factor,provider_route,matrix_contract,configuration,lambda_over_l
0,5.655284970861961,16.74364272255437,3.2612816916742378,1.9265999999999999,0.01,-0.027221553735600125,-0.007299880811182512,0.07558848653972818,-0.03762629272700967,0.028183350539594042,0.08443552097159873,0.025890287609057233,0.08259629963006164,-74.98843880909331,63.53688399950477,50.47607936847294,74.98843880909331,63.53688399950477,7.901190250606928,23.155837218730202,0.008056971800367024,0.023612382637016927,6.384312212570418,1.477413326119117e-16,0.48071431077428584,0.6708386514160075,faltinsen_ch9_reduced_order_planing_plus_matched_bie_replace_with_matched_bie,heave_pitch_2x2_v1,FnB=1.67,1.014
1,5.620244580566254,16.571620136368367,3.2209928105300336,1.9506983333333334,0.01,-0.028715044176111128,-0.004619059837898341,0.0695273289466513,-0.03788210485513223,0.02908417913268482,0.07917766944480678,0.024581759135245514,0.07440471607743493,-80.86176711962808,61.41615381512585,47.579188372908675,80.86176711962808,61.41615381512585,7.987056379435934,20.432918511994373,0.008144530884079614,0.02083577828513751,6.40679407800456,1.3547259517275979e-16,0.4911012595114308,0.6778660321567264,faltinsen_ch9_reduced_order_planing_plus_matched_bie_replace_with_matched_bie,heave_pitch_2x2_v1,FnB=1.67,1.0266833333333334
2,5.585847557002136,16.403584089072403,3.181687215314785,1.9747966666666668,0.01,-0.03026041024707909,-0.0018143498968939318,0.06329986243232488,-0.038138371066924005,0.030314753732628083,0.0739013391731817,0.02322709121671791,0.06618629019355848,-86.56877456708773,58.9309010589011,43.89474964510248,86.56877456708773,58.9309010589011,8.157020298846525,17.809246196617515,0.008317845848323867,0.018160377087606382,6.429758546908263,0.0,0.5012130374920667,0.6846846018925166,faltinsen_ch9_reduced_order_planing_plus_matched_bie_replace_with_matched_bie,heave_pitch_2x2_v1,FnB=1.67,1.0393666666666668
3,5.552074450332887,16.23939421670911,3.1433293430518296,1.9988949999999999,0.01,-0.03186115825501436,0.0011140958788466895,0.0569089590967377,-0.03839814747921634,0.03188063071801329,0.06865163767390996,0.021840421470839803,0.058066241570634516,-92.00265772085038,55.99130284500524,39.07374332203386,92.00265772085038,55.99130284500524,8.40749376552427,15.3131087120148,0.008573257703215952,0.015615025224735053,6.453215241980352,1.2520076494665338e-16,0.5110574365906801,0.6913018355675419,faltinsen_ch9_reduced_order_planing_plus_matched_bie_replace_with_matched_bie,heave_pitch_2x2_v1,FnB=1.67,1.05205
4,5.518906624083483,16.07891673010324,3.105885325299929,2.022993333333333,0.01,-0.033520827666904326,0.004166135279309187,0.05035714809987271,-0.03866454518959795,0.03377872955929224,0.06348849832427111,0.020441353003958752,0.05025410136384656,-97.0846752517075,52.4827119146652,32.57751017649446,97.0846752517075,52.4827119146652,8.732867756333055,12.992271383489653,0.008905046836925,0.013248429773153578,6.477173968393917,1.2122993341964523e-16,0.520642115093778,0.69772492524215,faltinsen_ch9_reduced_order_planing_plus_matched_bie_replace_with_matched_bie,heave_pitch_2x2_v1,FnB=1.67,1.0647333333333333
5,5.486326211925033,15.92202403252935,3.0693228884130344,2.0470916666666668,0.01,-0.03524299724201412,0.007341636727819268,0.04364663525877005,-0.03894073546494932,0.0359995622812817,0.05849281706298023,0.019057238091109863,0.04311164351303221,-101.7672693574535,48.26123656056859,23.606091733434255,101.7672693574535,48.26123656056859,9.126279608083891,10.929269361381802,0.009306215280532997,0.011144753163803952,6.501644714481926,1.280885355380252e-16,0.5299745848427916,0.7039607885749407,faltinsen_ch9_reduced_order_planing_plus_matched_bie_replace_with_matched_bie,heave_pitch_2x2_v1,FnB=1.67,1.0774166666666667
6,5.45431607723286,15.768594363826843,3.033611260762936,2.07119,0.01,-0.037031291309475536,0.010640478566237947,0.03677932156856311,-0.03922995523840853,0.03852968102860193,0.053774602583852804,0.01772626680266502,0.037258267278290604,-106.03134304974485,43.1533524546702,11.16456869269382,106.03134304974485,43.1533524546702,9.580350021384996,9.264214812766419,0.009769238242809723,0.0094468700450882,6.526637652150507,2.1854950144394588e-16,0.5390622010539686,0.71001607751362,faltinsen_ch9_reduced_order_planing_plus_matched_bie_replace_with_matched_bie,heave_pitch_2x2_v1,FnB=1.67,1.0901
7,5.422859775210269,15.618511468848578,2.998721086364209,2.0952883333333334,0.01,-0.03888938617294716,0.014062547928635415,0.02975682072312932,-0.03953551290307419,0.041353834298088754,0.049482574307099306,0.01650122598333889,0.0336410642277882,-109.88018051727775,36.967333472150074,-5.273464411940523,109.88018051727775,36.967333472150074,10.087767516406302,8.206330578398246,0.010286660089231596,0.008368128339849231,6.552163136987067,4.2144595591996325e-17,0.5479121544441086,0.7158971870993636,faltinsen_ch9_reduced_order_planing_plus_matched_bie_replace_with_matched_bie,heave_pitch_2x2_v1,FnB=1.67,1.1027833333333334
8,5.391941517387847,15.471664288320284,2.9646243443918934,2.1193866666666663,0.01,-0.040821016627959124,0.017607739213277525,0.022580475711234598,-0.03986079439411598,0.04445658420012615,0.045812234316562686,0.015452964353890083,0.03327630154912651,-113.33247117038309,29.53083061646015,-24.230172710078705,113.33247117038309,29.53083061646015,10.641679071313023,7.965428026857625,0.010851492682325794,0.008122476102295509,6.578231708027337,5.907673634606838e-17,0.5565314653384918,0.721610264305957,faltinsen_ch9_reduced_order_planing_plus_matched_bie_replace_with_matched_bie,heave_pitch_2x2_v1,FnB=1.67,1.1154666666666666
9,5.361546138324173,15.327946670359896,2.931294274128154,2.143485,0.01,-0.04282998258108428,0.021275952159125172,0.015251374563805254,-0.04020926955388125,0.04782335776765749,0.04300453213490606,0.014670834148064771,0.03651820098511378,-116.41605844086114,20.77173480019451,-42.09958758254018,116.41605844086114,20.77173480019451,11.23590418127701,8.57980339094564,0.011457433661114664,0.008748964621910275,6.604854087142531,2.923883640652054e-17,0.564926979478888,0.7271612168490507,faltinsen_ch9_reduced_order_planing_plus_matched_bie_replace_with_matched_bie,heave_pitch_2x2_v1,FnB=1.67,1.12815
10,5.331659064348433,15.187257101060865,2.8987053049154214,2.1675833333333334,0.01,-0.044920155762896485,0.025067089529572022,0.007770365327411835,-0.04058449877707981,0.051441028092821604,0.041321666451248504,0.014255214692289733,0.04277553732675313,-119.1631148883617,10.838760534866708,-56.26409902732357,119.1631148883617,10.838760534866708,11.865016045837152,9.86629652571147,0.012098949229183413,0.010060822529315791,6.632041178004194,1.6352796117787232e-16,0.5731053652858012,0.7325557219128012,faltinsen_ch9_reduced_order_planing_plus_matched_bie_replace_with_matched_bie,heave_pitch_2x2_v1,FnB=1.67,1.1408333333333334
11,5.302266284198574,15.049498452682862,2.866832990730673,2.1916816666666668,0.01,-0.04709548652889415,0.02898105440281387,0.00013807033829495822,-0.04099013993526953,0.05529815879115785,0.04099037247124372,0.014298137562870886,0.05114371674768632,-121.60681090128664,0.1929931869998427,-66.57745847336395,121.60681090128664,0.1929931869998427,12.524336412744617,11.583407620590918,0.012771268896865511,0.011811788552248646,6.65980406458075,2.855125016734553e-17,0.581073112360833,0.7377992347513043,faltinsen_ch9_reduced_order_planing_plus_matched_bie_replace_with_matched_bie,heave_pitch_2x2_v1,FnB=1.67,1.1535166666666667
12,5.273354321420639,14.914577748119406,2.8356539490290493,2.2157799999999996,0.01,-0.0493600107442466,0.03301774706502184,-0.007645100129551505,-0.04142995558167564,0.059385034157790104,0.042129428853124574,0.014857041659667263,0.06092557882311179,-123.7792346580798,-10.455218778665625,-73.97150529897799,123.7792346580798,-10.455218778665625,13.209881915414984,13.55256780257385,0.013470330760672588,0.01381977311576721,6.688154009115741,6.299909515124642e-17,0.5888365310427499,0.7428969971307765,faltinsen_ch9_reduced_order_planing_plus_matched_bie_replace_with_matched_bie,heave_pitch_2x2_v1,FnB=1.67,1.1662
13,5.244910208405784,14.782405940425722,2.8051458035352757,2.239878333333333,0.01,-0.05171785674942788,0.03717706149937236,-0.01557893476955736,-0.041907820438881575,0.06369356803070823,0.044709826911895595,0.015938503751052296,0.0716921263749864,-125.71023552193435,-20.392259985292043,-79.35919513602391,125.71023552193435,-20.392259985292043,13.91828825630895,15.666129429485112,0.014192704191858535,0.01597500617385663,6.717102449533544,1.1538391725469897e-16,0.5964017528550732,0.7478540455856993,faltinsen_ch9_reduced_order_planing_plus_matched_bie_replace_with_matched_bie,heave_pitch_2x2_v1,FnB=1.67,1.1788833333333333
14,5.216921461951359,14.652897706293068,2.7752871306887377,2.2639766666666667,0.01,-0.05417325240459083,0.04145888146093986,-0.023663408629082158,-0.04242772917317266,0.06821715420686918,0.04858054251178147,0.017504690586636826,0.08319394908871813,-127.42689109688736,-29.149916072742002,-83.38641032052477,127.42689109688736,-29.149916072742002,14.646728578580163,17.8623574356019,0.01493550659866536,0.01821453547909011,6.746660996213579,3.7236770213137856e-16,0.6037747317041732,0.7526752194682408,faltinsen_ch9_reduced_order_planing_plus_matched_bie_replace_with_matched_bie,heave_pitch_2x2_v1,FnB=1.67,1.1915666666666667
15,5.189376060241433,14.525971252449114,2.7460574094728476,2.288075,0.01,-0.05673053221093375,0.04586307612447391,-0.03189867090595243,-0.04299380446028814,0.07295049716441336,0.053534964532870925,0.019495209513171786,0.09528490413195108,-128.95336545531845,-36.57306689788774,-86.47501890239631,128.95336545531845,-36.57306689788774,15.392835091928793,20.10548074467207,0.01569632350693539,0.02050188468505766,6.776841428069232,2.708368240231704e-17,0.6109612457053594,0.7573651687754078,faltinsen_ch9_reduced_order_planing_plus_matched_bie_replace_with_matched_bie,heave_pitch_2x2_v1,FnB=1.67,1.20425
16,5.162262421150358,14.401548134048436,2.717436974381788,2.3121733333333334,0.01,-0.05939414450735877,0.05038949528913477,-0.04028503308418988,-0.043610305348072455,0.0778894449669193,0.059369542891506165,0.021847624600387514,0.10787697237306666,-130.31099475985096,-42.73021490518295,-88.89854441535178,130.31099475985096,-42.73021490518295,16.154628294110395,22.37417908063232,0.01647313638613634,0.022815313160592376,6.807655687862146,1.593768280330637e-16,0.6179668995306261,0.7619283617427012,faltinsen_ch9_reduced_order_planing_plus_matched_bie_replace_with_matched_bie,heave_pitch_2x2_v1,FnB=1.67,1.2169333333333334
17,5.135569381780428,14.279553084194001,2.68940697129811,2.3362716666666663,0.01,-0.062168658740431794,0.05503796412134527,-0.04882295733834544,-0.04428163592201033,0.08303083538184326,0.06591315834635278,0.024508435893039325,0.12091559041684521,-131.51849237535563,-47.792477630342546,-90.8373956664049,131.51849237535563,-47.792477630342546,16.930455319752916,24.655370400640372,0.017264259782650462,0.025141480934509106,6.839115876677006,7.036564454834076e-17,0.6247971271858436,0.7663690921966436,faltinsen_ch9_reduced_order_planing_plus_matched_bie_replace_with_matched_bie,heave_pitch_2x2_v1,FnB=1.67,1.2296166666666666
18,5.109286179151524,14.15991385380024,2.6619493160731524,2.3603699999999996,0.01,-0.06505877280504674,0.05980827741401035,-0.057513045135875455,-0.045012354279887735,0.08837235974064464,0.07303329650658921,0.027436020688149796,0.13436616229819318,-132.59220615455635,-51.95163223873442,-92.41354821742063,132.59220615455635,-51.95163223873442,17.718937415325126,26.94084018449156,0.018068287759148257,0.027472011527373327,6.871234247475453,1.8865818637401214e-16,0.6314571951375424,0.7706914866615674,faltinsen_ch9_reduced_order_planing_plus_matched_bie_replace_with_matched_bie,heave_pitch_2x2_v1,FnB=1.67,1.2423
19,5.08340243196688,14.042561061071728,2.6350466556190733,2.3844683333333334,0.01,-0.06806932045227265,0.06470019333745021,-0.06635602596674896,-0.045807181821841056,0.09391244541985701,0.08063138401738536,0.030599603936971646,0.14820648469949174,-133.54638809153704,-55.3817357248966,-93.71164035707211,133.54638809153704,-55.3817357248966,18.518925792517678,29.22535857573852,0.018884048877565406,0.02980157196977411,6.904023197641417,2.3907065729611164e-16,0.6379522057202187,0.774899511218528,faltinsen_ch9_reduced_order_planing_plus_matched_bie_replace_with_matched_bie,heave_pitch_2x2_v1,FnB=1.67,1.2549833333333333
20,5.057908123384797,13.927428049929185,2.608682331336585,2.4085666666666663,0.01,-0.07120137290011419,0.06970025398120218,-0.0753284616969506,-0.046650337280727046,0.09963814986191386,0.0886037872217353,0.033964958537645425,0.16239031832605322,-134.38961297503982,-58.230385303787486,-94.79696443475228,134.38961297503982,-58.230385303787486,19.327135960543107,31.49937815297788,0.019708193889394553,0.0321204266013143,6.93733634955179,1.0709652354415854e-16,0.6442871007645302,0.7789969781162789,faltinsen_ch9_reduced_order_planing_plus_matched_bie_replace_with_matched_bie,heave_pitch_2x2_v1,FnB=1.67,1.2676666666666665
21,5.032793584731381,13.814450756767233,2.582840344716427,2.4326649999999996,0.01,-0.07444573532476231,0.07476218176645694,-0.0843477216936385,-0.047475174795335834,0.10550616726298662,0.09679065232115747,0.03747450070584375,0.17679921156939674,-135.12151512279146,-60.626984433101285,-95.7292773748988,135.12151512279146,-60.626984433101285,20.13469669913367,33.740193525583656,0.02053167666749978,0.03440542236705059,6.970649038740486,1.1025341480054507e-16,0.6504666653949734,0.7829875521359191,faltinsen_ch9_reduced_order_planing_plus_matched_bie_replace_with_matched_bie,heave_pitch_2x2_v1,FnB=1.67,1.2803499999999999
22,5.008049480094152,13.703567584976291,2.5575053249653354,2.456763333333333,0.01,-0.0778233117679082,0.07994042662686303,-0.09351677342588392,-0.048373165607359526,0.11156585348488089,0.1052869890483394,0.041167847441242945,0.1915624581357829,-135.76883615140787,-62.648954144080506,-96.51867111735756,135.76883615140787,-62.648954144080506,20.95070222670945,35.973085786173485,0.02136377073384841,0.03668233880700697,7.004647588024372,1.93630685328586e-16,0.6564955319528333,0.7868747567121963,faltinsen_ch9_reduced_order_planing_plus_matched_bie_replace_with_matched_bie,heave_pitch_2x2_v1,FnB=1.67,1.2930333333333333
23,4.983666791740764,13.594719286704784,2.5326624985188295,2.4808616666666663,0.01,-0.08133928530751867,0.08523443295060007,-0.10283664475563792,-0.04934941754535829,0.11781760434989443,0.11406463306679854,0.045037439111412066,0.20667688299650633,-136.33955619257912,-64.36450616253933,-97.189829405605,136.33955619257912,-64.36450616253933,21.774624607090416,38.19727592531469,0.02220393774335825,0.03895038155263489,7.039344246727663,1.9851818504017794e-16,0.6623781840064695,0.7906619798155474,faltinsen_ch9_reduced_order_planing_plus_matched_bie_replace_with_matched_bie,heave_pitch_2x2_v1,FnB=1.67,1.3057166666666666
24,4.959636806311129,13.487848851377954,2.508297660313772,2.50496,0.01,-0.0849989957827172,0.09064357172795404,-0.1123084380931112,-0.05040923147640839,0.12426216793405435,0.12310270462080153,0.04907818819453915,0.22214127896246644,-136.84066491557797,-65.82724705902571,-97.7617939917012,136.84066491557797,-65.82724705902571,22.606030395433866,40.412400554375424,0.02305173570529576,0.04120918005065483,7.074751348369854,2.7490835856627253e-16,0.6681189604164869,0.79435247959984,faltinsen_ch9_reduced_order_planing_plus_matched_bie_replace_with_matched_bie,heave_pitch_2x2_v1,FnB=1.67,1.3184
25,4.935951101734914,13.382901400526201,2.4843971467033197,2.5290583333333334,0.01,-0.0888079466110739,0.0961671314408461,-0.12193331920425352,-0.051558111537934055,0.1309006056167668,0.13238569861402866,0.05328685020818767,0.23795592499257243,-137.27829597727356,-67.0794833563779,-98.24946562993313,137.27829597727356,-67.0794833563779,23.44456679861777,42.618393951117596,0.023906804870794586,0.04345866728303508,7.110881296570476,5.2677812262740246e-17,0.6737220594281084,0.797949389821448,faltinsen_ch9_reduced_order_planing_plus_matched_bie_replace_with_matched_bie,heave_pitch_2x2_v1,FnB=1.67,1.3310833333333334
26,4.9126015348298075,13.279824088509342,2.4609478099057456,2.5531566666666663,0.01,-0.09277181157230009,0.10180430827665815,-0.13171250571583423,-0.05280177565676148,0.1377342593768711,0.14190212004917557,0.057661572292591785,0.2541222508193322,-137.65784246509807,-68.15481325004595,-98.6646550523751,137.65784246509807,-68.15481325004595,24.289950089879447,44.81540625444375,0.024768855919074764,0.04569899634884875,7.147746549337404,2.025466314116569e-16,0.6791915427672442,0.8014557250358315,faltinsen_ch9_reduced_order_planing_plus_matched_bie_replace_with_matched_bie,heave_pitch_2x2_v1,FnB=1.67,1.3437666666666666
27,4.8895802295390824,13.178566008754022,2.437936993886747,2.5772549999999996,0.01,-0.09689644153778916,0.10755419562583494,-0.14164725524409577,-0.05414616635258162,0.14476472422315653,0.15164350381360706,0.062201568044564316,0.2706425984315559,-137.984055780548,-69.08011377979977,-99.01683208379934,137.984055780548,-69.08011377979977,25.14195586991299,47.00374557959002,0.02563766002652587,0.04793048143819757,7.185359601602365,2.274090267849293e-16,0.684531339720374,0.8048743855781586,faltinsen_ch9_reduced_order_planing_plus_matched_bie_replace_with_matched_bie,heave_pitch_2x2_v1,FnB=1.67,1.35645
28,4.866879565769868,13.079078105149598,2.415352511582274,2.601353333333333,0.01,-0.1011878711217691,0.11341577282024518,-0.15173885307068755,-0.0555974618205238,0.1519938248303832,0.16160370445040023,0.06690688157337962,0.2875200490029675,-138.26113024755762,-69.87705068550133,-99.31366844159434,138.26113024755762,-69.87705068550133,26.000410841632515,49.1838363014147,0.02651304047929978,0.05015355529300495,7.223732965857323,1.4983847423141313e-16,0.6897452511815205,0.8082081623347899,faltinsen_ch9_reduced_order_planing_plus_matched_bie_replace_with_matched_bie,heave_pitch_2x2_v1,FnB=1.67,1.3691333333333333
29,4.844492168796216,12.98131308827379,2.3931826233757567,2.6254516666666667,0.01,-0.1056523252257264,0.1193878930668071,-0.16198859928702977,-0.057162087284646806,0.15942359560784605,0.17177837617614006,0.07177821470800848,0.3047582948586576,-138.49277549931193,-70.5632235472382,-99.56143703485127,138.49277549931193,-70.5632235472382,26.86518582743919,51.35618847771364,0.02739486555290461,0.05236873802747487,7.262879150735472,6.49039219403391e-17,0.6948369536523447,0.8114597413126163,faltinsen_ch9_reduced_order_planing_plus_matched_bie_replace_with_matched_bie,heave_pitch_2x2_v1,FnB=1.67,1.3818166666666667
30,4.822410899193473,12.88522535614299,2.3714160167498584,2.6495499999999996,0.01,-0.1102962254431948,0.1254692705284834,-0.172397795325461,-0.05884672661078782,0.16705626355801748,0.1821645878481445,0.07681679914509895,0.3223615429365825,-138.68227844689733,-71.15303636571285,-99.76530981712817,138.68227844689733,-71.15303636571285,27.73618980802602,53.52137508206632,0.028283042433477304,0.05457661391205593,7.302810637369451,1.8280497780987077e-16,0.6998100031837797,0.814631708013338,faltinsen_ch9_reduced_order_planing_plus_matched_bie_replace_with_matched_bie,heave_pitch_2x2_v1,FnB=1.67,1.3944999999999999
31,4.800628843272787,12.790770919204213,2.3500417870386547,2.673648333333333,0.01,-0.11512619628692469,0.13165846650241522,-0.18296772979246057,-0.06065833416332078,0.1748942333905355,0.19276053446926306,0.08202430081558904,0.34033444057746753,-138.83255638959994,-71.6583625692131,-99.92958283405258,138.83255638959994,-71.6583625692131,28.61336480241136,55.6800147968438,0.02917751199687086,0.056777813827192575,7.343539853348198,1.9702670697444562e-17,0.7046678392496942,0.8177265516197961,faltinsen_ch9_reduced_order_planing_plus_matched_bie_replace_with_matched_bie,heave_pitch_2x2_v1,FnB=1.67,1.4071833333333332
32,4.779139303986631,12.697907329305512,2.3290494192114357,2.6977466666666663,0.01,-0.12014907119484236,0.13795387464276607,-0.19369966351597,-0.06260414688592304,0.18294007444498134,0.20356531839563002,0.08740274754004693,0.35868201732156113,-138.94620260252123,-72.08905610827172,-100.05784828593167,138.94620260252123,-72.08905610827172,29.496681441726118,57.83275881956448,0.030078244295173293,0.05897300180955217,7.3850791440821215,4.0088527249199095e-16,0.7094137885448727,0.8207466690014554,faltinsen_ch9_reduced_order_planing_plus_matched_bie_replace_with_matched_bie,heave_pitch_2x2_v1,FnB=1.67,1.4198666666666666
33,4.757935792278166,12.606593612400397,2.3084287706241855,2.721845,0.01,-0.12537189826500264,0.14435370517378585,-0.2045948137153557,-0.06469169658135658,0.19119650904755156,0.21457878135033623,0.0929544736579918,0.3774096382740921,-139.02552553774382,-72.45334696061174,-100.15312752724434,139.02552553774382,-72.45334696061174,30.386135115754843,59.980280600900336,0.03098523462727317,0.06116286458770359,7.427440741373727,1.7938439045494717e-16,0.7140510687011604,0.8236943685460563,faltinsen_ch9_reduced_order_planing_plus_matched_bie_replace_with_matched_bie,heave_pitch_2x2_v1,FnB=1.67,1.43255
34,4.73701201884909,12.516790204758703,2.2881700546792976,2.7459433333333334,0.01,-0.13080194566291722,0.1508559680367586,-0.21565433719890764,-0.066928822359489,0.19966640198469118,0.2258013738114279,0.09868207712519665,0.3965229658689124,-139.07258260158056,-72.75814939735726,-100.21797491873998,139.07258260158056,-72.75814939735726,31.281742592577135,62.123267745905494,0.03189850009185312,0.06334810332366864,7.470636728978381,2.30602990888999e-16,0.7185827919169638,0.8265718738243594,faltinsen_ch9_reduced_order_planing_plus_matched_bie_replace_with_matched_bie,heave_pitch_2x2_v1,FnB=1.67,1.4452333333333334
35,4.716361886322236,12.428458892472179,2.2682638253382184,2.7700416666666663,0.01,-0.13644670663712274,0.15745845491289592,-0.22687931248998236,-0.06932368321621739,0.2083527508233897,0.23723405213120127,0.10458838583110039,0.41602792772589214,-139.0892093212622,-73.00930401068058,-100.25455968668528,139.0892093212622,-73.00930401068058,32.18353902887369,64.2624155244156,0.032818076538750435,0.0655294269953711,7.514679004926559,2.424576018806443e-16,0.7230119684964531,0.8293813270947639,faltinsen_ch9_reduced_order_planing_plus_matched_bie_replace_with_matched_bie,heave_pitch_2x2_v1,FnB=1.67,1.4579166666666665
36,4.6959794817767575,12.341562754057529,2.248700962435521,2.7941399999999996,0.01,-0.1423139040706281,0.1641587200629641,-0.23827072077903327,-0.07188477069856426,0.21725867684521727,0.24887819639121705,0.1106764307699065,0.43593068889751607,-139.07704458750285,-73.21176911472008,-100.26473101436991,139.07704458750285,-73.21176911472008,33.09157530236888,66.39842158544961,0.033744015848805535,0.0677075470068266,7.559579240365636,4.76080904317424e-16,0.7273415102958186,0.8321247926544346,faltinsen_ch9_reduced_order_planing_plus_matched_bie_replace_with_matched_bie,heave_pitch_2x2_v1,FnB=1.67,1.4706
37,4.675859069635141,12.256066105973066,2.2294726577464483,2.818238333333333,0.01,-0.14841149448686478,0.17095405992355303,-0.24982942559486926,-0.0746209216028868,0.2263874163909524,0.2607355438637519,0.1169494243214014,0.4562376272206503,-139.0375525520834,-73.36977318482819,-100.25007022530248,139.0375525520834,-73.36977318482819,34.005915609130824,68.53198157526026,0.03467638348378991,0.06988317271979756,7.605348834665538,1.9029677985384697e-16,0.7315742340747835,0.8348042600433927,faltinsen_ch9_reduced_order_planing_plus_matched_bie_replace_with_matched_bie,heave_pitch_2x2_v1,FnB=1.67,1.4832833333333333
38,4.655995084882608,12.171934450877462,2.210570401763192,2.8423366666666667,0.01,-0.15474767141892928,0.17784149139949676,-0.2615561510846182,-0.07754133064379666,0.23574231243622387,0.27280813427793943,0.12341074234068392,0.4769553107873897,-138.9720416692442,-73.48693710299298,-100.21193293915063,138.9720416692442,-73.48693710299298,34.92663527756619,70.6637854334107,0.03561525625730111,0.07205700767684246,7.651998866518849,1.086953499788305e-16,0.7357128647523125,0.8374216471078418,faltinsen_ch9_reduced_order_planing_plus_matched_bie_replace_with_matched_bie,heave_pitch_2x2_v1,FnB=1.67,1.4959666666666667
39,4.636382126600722,12.089134428470675,2.1919859711382212,2.8664349999999996,0.01,-0.16133086804019336,0.18481772879213632,-0.27345145878811955,-0.08065556302094377,0.24532680623708028,0.28509826404167404,0.1300639090740314,0.4980904767618461,-138.8816812938017,-73.56637284197045,-100.15148337259873,138.8816812938017,-73.56637284197045,35.85381875835006,72.79451419516406,0.03656072028506173,0.07422974634066073,7.6995400407521055,1.6935952137332153e-16,0.739760038566076,0.8399788029288064,faltinsen_ch9_reduced_order_planing_plus_matched_bie_replace_with_matched_bie,heave_pitch_2x2_v1,FnB=1.67,1.5086499999999998
40,4.617014951798112,12.007633768767505,2.1737114167557037,2.890533333333333,0.01,-0.16816975894273864,0.19187915930401458,-0.28551572278895754,-0.08397356679917309,0.25514442889875966,0.29760844726028196,0.13691258414811427,0.5196500109230802,-138.76751618526583,-73.61076363881176,-100.0697224382005,138.76751618526583,-73.61076363881176,36.78755775555715,74.92483716779147,0.03751286907920356,0.07640207121472825,7.7479826305515616,4.575212011072037e-16,0.743718306135767,0.8424775106219552,faltinsen_ch9_reduced_order_planing_plus_matched_bie_replace_with_matched_bie,heave_pitch_2x2_v1,FnB=1.67,1.5213333333333332
41,4.59788846952234,11.927401247664323,2.1557390523947006,2.9146316666666663,0.01,-0.1752732609374563,0.19902181706228708,-0.29774910312110453,-0.08750568500459753,0.2651987927318375,0.3103413818966881,0.1439605510471899,0.5416409274252045,-138.63047921389233,-73.62242952980618,-99.96751091037399,138.63047921389233,-73.62242952980618,37.727949469171925,77.05540937736058,0.03847180175612663,0.07857465023974607,7.797336414793325,0.0,0.747590135430806,0.844919490014281,faltinsen_ch9_reduced_order_planing_plus_matched_bie_replace_with_matched_bie,heave_pitch_2x2_v1,FnB=1.67,1.5340166666666666
42,4.578997735237878,11.848406644668344,2.1380614439501375,2.9387299999999996,0.01,-0.18265053273609286,0.2062413556058609,-0.3101515173074462,-0.0912626673247983,0.27549358226812054,0.32329991978865064,0.15121170661557023,0.5640703483461919,-138.4714025198918,-73.60338123517579,-99.8455886410506,138.4714025198918,-73.60338123517579,38.67509492317808,79.18686920411622,0.03943762133162505,0.08074813438239993,7.847610610155313,2.2364327395755406e-16,0.751377914643357,0.8473064002030937,faltinsen_ch9_reduced_order_planing_plus_matched_bie_replace_with_matched_bie,heave_pitch_2x2_v1,FnB=1.67,1.5467
43,4.560337945456092,11.770620702667447,2.1206713991798107,2.9628283333333334,0.01,-0.19031097336087702,0.21353301878509753,-0.32272260990429363,-0.09525568128548424,0.28603254481446905,0.3364870395135608,0.15867005121288488,0.586945482655119,-138.29102733951447,-73.55536471510808,-99.7045905916005,138.29102733951447,-73.55536471510808,39.62909735671843,81.31983614072011,0.040410433080326554,0.08292315534940077,7.898813797676652,1.6921966999055778e-16,0.7550839549678819,0.8496398420025836,faltinsen_ch9_reduced_order_planing_plus_matched_bie_replace_with_matched_bie,heave_pitch_2x2_v1,FnB=1.67,1.5593833333333333
44,4.5419044326040146,11.694015089626257,2.1035619579477185,2.9869266666666667,0.01,-0.1982642191117208,0.22089161002813137,-0.33546171992468476,-0.09949632275848702,0.29681948042674106,0.34990582129665787,0.16633967921631065,0.610273604269697,-138.09001268025202,-73.47989821240547,-99.54506028369133,138.09001268025202,-73.47989821240547,40.590060658530405,83.45490861985658,0.04139034293926102,0.08510032337225922,7.950953843419736,1.0247732068124596e-16,0.7587104932887251,0.8519213602830025,faltinsen_ch9_reduced_order_planing_plus_matched_bie_replace_with_matched_bie,heave_pitch_2x2_v1,FnB=1.67,1.5720666666666667
45,4.52369266011943,11.61856236210151,2.086726382935906,3.0110249999999996,0.01,-0.2065220179933936,0.22831221910938965,-0.34836799373209965,-0.10400078347723123,0.30786005475007233,0.36356075423621587,0.17422540741767323,0.6340633677225044,-137.86877842785967,-73.37768199014529,-99.36705262429362,137.86877842785967,-73.37768199014529,41.55833399148474,85.59284259521574,0.042377706955468726,0.0872804093092093,8.004046311032312,2.302353507765458e-16,0.7622596947774327,0.854152446207304,faltinsen_ch9_reduced_order_planing_plus_matched_bie_replace_with_matched_bie,heave_pitch_2x2_v1,FnB=1.67,1.5847499999999999
46,4.505698217760588,11.544235930476468,2.0701581507987883,3.035123333333333,0.01,-0.21515582409966263,0.23581238422480963,-0.3614441051038482,-0.1089158397125724,0.31921702523172885,0.3774976837738431,0.18235209886171372,0.6583655866263092,-137.62259514720944,-73.23059571748128,-99.15824544875464,137.62259514720944,-73.23059571748128,42.5418560654781,87.73997566197671,0.04338062036014144,0.0894698757088065,8.058366938823717,1.8327711045281232e-16,0.7657336554016799,0.8563345393698928,faltinsen_ch9_reduced_order_planing_plus_matched_bie_replace_with_matched_bie,heave_pitch_2x2_v1,FnB=1.67,1.5974333333333333
47,4.487916817119527,11.471010025820409,2.053850943735554,3.059221666666666,0.01,-0.22411665241069728,0.24336024132523534,-0.3746827026115764,-0.11412173732457769,0.33083603332414396,0.39167703349353394,0.19070372886025988,0.6831450566762417,-137.35723794704168,-73.06018975505259,-98.9324436739216,137.35723794704168,-73.06018975505259,43.53275210240882,89.89100764950602,0.044391053114375266,0.09166331790112425,8.113644407544147,1.4679994907070487e-16,0.7691344043478147,0.8584690298419272,faltinsen_ch9_reduced_order_planing_plus_matched_bie_replace_with_matched_bie,heave_pitch_2x2_v1,FnB=1.67,1.6101166666666664
48,4.470344287328649,11.398859668285084,2.037798641457775,3.0833199999999996,0.01,-0.23341519443871975,0.2509482877110362,-0.38808127932383063,-0.1196321147258491,0.34272101788476056,0.40610210813956604,0.1992847084484529,0.7084090931153861,-137.07309977048374,-72.86726862975613,-98.68987996528624,137.07309977048374,-72.86726862975613,44.53111333323273,92.04642833554276,0.045409098247855016,0.09386123532046393,8.169882263209512,3.095474616511476e-16,0.772463906359136,0.8605572601274382,faltinsen_ch9_reduced_order_planing_plus_matched_bie_replace_with_matched_bie,heave_pitch_2x2_v1,FnB=1.67,1.6227999999999998
49,4.4529765709507725,11.32776063695538,2.021995313530767,3.107418333333333,0.01,-0.24306233547335707,0.2585683815216092,-0.4016367996099288,-0.12546107862556596,0.35487590344861014,0.4207761887878122,0.20809948765561745,0.7341649302302816,-136.77052194007942,-72.6525285412226,-98.43074146096448,136.77052194007942,-72.6525285412226,45.53702333082853,94.20669375319731,0.046434840981200036,0.09606409299118183,8.227082774831361,3.055919884346352e-16,0.7757240639920988,0.8626005270343342,faltinsen_ch9_reduced_order_planing_plus_matched_bie_replace_with_matched_bie,heave_pitch_2x2_v1,FnB=1.67,1.6354833333333332
50,4.43580972004348,11.257689441076607,2.0064352120685673,3.1315166666666663,0.01,-0.25306913722851065,0.26621169941714423,-0.4153456494634883,-0.1316232053060251,0.36730458358717316,0.435702509406681,0.21715254336943496,0.7604196871024625,-136.44979859110026,-72.41657027151541,-98.15517460892639,136.44979859110026,-72.41657027151541,46.55055633448974,96.37222366411656,0.047468357017421595,0.09827231895103483,8.285246806854758,4.413588205322788e-16,0.7789167197926964,0.8646000834641914,faltinsen_ch9_reduced_order_planing_plus_matched_bie_replace_with_matched_bie,heave_pitch_2x2_v1,FnB=1.67,1.6481666666666666
51,4.418839892389094,11.18862329258544,1.9911127647636315,3.1556149999999996,0.01,-0.26344681716774315,0.2738686925865017,-0.4292035838182161,-0.13813353939217632,0.3800109028105037,0.450884232444882,0.2264483661719718,0.787180330474586,-136.11118067444426,-72.15991028787224,-97.86328939036379,136.11118067444426,-72.15991028787224,47.5717755211941,98.54339888429465,0.04850971077910816,0.10048630152426634,8.34437368289178,1.492904723855292e-16,0.782043658395303,0.8665571401245432,faltinsen_ch9_reduced_order_planing_plus_matched_bie_replace_with_matched_bie,heave_pitch_2x2_v1,FnB=1.67,1.66085
52,4.402063347882093,11.12054007987594,1.9760225682334844,3.179713333333333,0.01,-0.2742067241635782,0.28152904116617256,-0.44320567078556733,-0.14500758974104885,0.39299863688881304,0.46632442322807094,0.23599144601114222,0.8144536344922698,-135.75487958730346,-71.88299033985487,-97.5551630320213,135.75487958730346,-71.88299033985487,48.60073121450479,100.72055844772343,0.04955895358201302,0.10270638642933462,8.404461040429117,1.6935425904602782e-16,0.785106608546287,0.8684728671672295,faltinsen_ch9_reduced_order_planing_plus_matched_bie_replace_with_matched_bie,heave_pitch_2x2_v1,FnB=1.67,1.6735333333333333
53,4.385476445066261,11.053418342736252,1.9611593816676447,3.2038116666666667,0.01,-0.2853603101235157,0.28918160718760094,-0.45734623276587744,-0.1522613220419741,0.40627147146876186,0.48202602296464236,0.24578625657378148,0.8422461370838443,-135.38107048259567,-71.58618579856945,-97.23084329314283,135.38107048259567,-71.58618579856945,49.63745902277295,102.9039965948056,0.050616121736549134,0.10493287370794882,8.465504676219014,1.4580769083756862e-16,0.7881072450546994,0.870348395756189,faltinsen_ch9_reduced_order_planing_plus_matched_bie_replace_with_matched_bie,heave_pitch_2x2_v1,FnB=1.67,1.6862166666666667
54,4.369075637814305,10.98723724839533,1.946518120759125,3.2279099999999996,0.01,-0.29691909719361076,0.29681438620741957,-0.4716187844116769,-0.1599111476810101,0.4198329788593984,0.49799182017640164,0.25583723822832394,0.8705640927423542,-134.98989530204557,-71.26981294256282,-96.89035139883696,134.98989530204557,-71.26981294256282,50.68197789912759,105.09395957414397,0.05168123456952944,0.10716601446380157,8.527498382103772,7.607312092783862e-17,0.7910471906723471,0.8721848195679401,faltinsen_ch9_reduced_order_planing_plus_matched_bie_replace_with_matched_bie,heave_pitch_2x2_v1,FnB=1.67,1.6988999999999999
55,4.3528574721430395,10.921976568622577,1.9320938519057465,3.252008333333333,0.01,-0.30889464012963397,0.30441445781778775,-0.48601596745468995,-0.16797390838423076,0.43368659286322625,0.5142244203835444,0.266148779406514,0.8994134214778209,-134.58146557259747,-70.93413536032179,-96.53368468044688,134.58146557259747,-70.93413536032179,51.734288116585255,107.2906422480343,0.05275429235935336,0.10940600740113526,8.590433771075572,3.6244462001879894e-16,0.7939280179055324,0.8739831962278292,faltinsen_ch9_reduced_order_planing_plus_matched_bie_replace_with_matched_bie,heave_pitch_2x2_v1,FnB=1.67,1.7115833333333332
56,4.336818583157667,10.857616657826764,1.9178817866673816,3.2761066666666663,0.01,-0.32129848340675654,0.31196793528248634,-0.5005294824472414,-0.17646685611499585,0.44783558152953795,0.5307262138862315,0.27672519629504955,0.92879965371363,-134.15586500140648,-70.57936961124112,-96.16081897438687,134.15586500140648,-70.57936961124112,52.79436915251137,109.49418449379704,0.05383527417875766,0.11165299515512132,8.654300093437167,2.7117804102229787e-16,0.7967512507607236,0.8757445486849936,faltinsen_ch9_reduced_order_planing_plus_matched_bie_replace_with_matched_bie,heave_pitch_2x2_v1,FnB=1.67,1.7242666666666666
57,4.320955692119005,10.79413843210352,1.9038772764660337,3.3002049999999996,0.01,-0.33414211262222404,0.3194599145991889,-0.5151500175152651,-0.18540762766057314,0.46228301771032443,0.5474993414979599,0.2875707107100018,0.9587278709097765,-133.71315190085676,-70.20569026411735,-95.77171082345137,133.71315190085676,-70.20569026411735,53.86217747765499,111.70466739506057,0.0549241356402594,0.11390706040805024,8.719084043007737,2.5950405703735737e-16,0.7995183664263835,0.877469866528849,faltinsen_ch9_reduced_order_planing_plus_matched_bie_replace_with_matched_bie,heave_pitch_2x2_v1,FnB=1.67,1.7369499999999998
58,4.30526560362785,10.731523349183739,1.8900758075164381,3.324303333333333,0.01,-0.3474368997324119,0.32687442334974404,-0.5298671742745156,-0.19481421330418577,0.47703174730398995,0.5645456580994921,0.2986894260295865,0.9892026417080865,-133.25336147180292,-69.81323441360561,-95.36629951848718,133.25336147180292,-69.81323441360561,54.93764424607681,113.9221092192991,0.05602080654053812,0.11616822178756162,8.784769553412097,4.671971285414629e-17,0.8022307968931442,0.8791601072497693,faltinsen_ch9_reduced_order_planing_plus_matched_bie_replace_with_matched_bie,heave_pitch_2x2_v1,FnB=1.67,1.7496333333333332
59,4.289745202921009,10.669753389237941,1.8764729959755686,3.3484016666666663,0.01,-0.3611940416571004,0.3341943697687292,-0.5446693911247743,-0.20470491894061812,0.492084355079197,0.5818666938970793,0.31008530106481486,1.0202279534113292,-132.77650797042625,-69.40210575981067,-94.94450901327478,132.77650797042625,-69.40210575981067,56.02067288352791,116.14646118039816,0.0571251884012664,0.1184364295456636,8.851337584603364,7.521845140767318e-16,0.8048899305144775,0.8808161974465172,faltinsen_ch9_reduced_order_planing_plus_matched_bie_replace_with_matched_bie,heave_pitch_2x2_v1,FnB=1.67,1.7623166666666665
60,4.274391453273778,10.608811036494117,1.8630645833000998,3.3724999999999996,0.01,-0.37542449178097653,0.34140149253625646,-0.5595438642096003,-0.21509832095801065,0.5074431279808488,0.5994636132857165,0.3217621217531114,1.0518071386301338,-132.2825867816742,-68.97237832360591,-94.50624974128385,132.2825867816742,-68.97237832360591,57.11113657324248,118.37760298782494,0.05823715190533208,0.12071156102014953,8.918765899900746,9.191293285676223e-17,0.8074971135099583,0.8824390339828473,faltinsen_ch9_reduced_order_planing_plus_matched_bie_replace_with_matched_bie,heave_pitch_2x2_v1,FnB=1.67,1.775
61,4.259201393503972,10.54867926162907,1.8498464318014995,3.396598333333333,0.01,-0.39013888388662143,0.34847631188412037,-0.5744764664121975,-0.22601321317666528,0.5231100158328622,0.6173371712377973,0.3337234705675512,1.0839427969596207,-131.77157642013785,-68.52409985986579,-94.0514203594775,131.77157642013785,-68.52409985986579,58.20887563970432,120.61533818716866,0.05935653422902247,0.12299341588327174,8.987028833977167,3.401503678856593e-16,0.8100536514131691,0.8840294850956024,faltinsen_ch9_reduced_order_planing_plus_matched_bie_replace_with_matched_bie,heave_pitch_2x2_v1,FnB=1.67,1.7876833333333333
62,4.244172135572825,10.489341504895426,1.8368145203890005,3.4206966666666667,0.01,-0.4053474480661777,0.35539808269491857,-0.589451664851972,-0.23746854510912946,0.5390865893685233,0.6354876671604321,0.34597269354439153,1.1166367115826348,-131.2434404773636,-68.05729502213342,-93.57990944140134,131.2434404773636,-68.05729502213342,59.313694832764455,122.85938930044033,0.06048313627259508,0.12528171118622602,9.0560970524078,3.2618826426583447e-16,0.8125608104662444,0.8855883914565065,faltinsen_ch9_reduced_order_planing_plus_matched_bie_replace_with_matched_bie,heave_pitch_2x2_v1,FnB=1.67,1.8003666666666667
63,4.229300862278374,10.430781659948654,1.823964940491259,3.4447949999999996,0.01,-0.42105991818219557,0.3621447503715092,-0.6044524374518577,-0.24948335078626346,0.5553739955392581,0.6539148961914186,0.35851286484448325,1.1498897607392948,-130.6981295329443,-67.57196832499359,-93.09159713929499,130.6981295329443,-67.57196832499359,60.425360516548196,125.10939277863196,0.061616719793760565,0.12757607621219474,9.125937303591874,1.0366311257230356e-16,0.815019818962996,0.887116567189751,faltinsen_ch9_reduced_order_planing_plus_matched_bie_replace_with_matched_bie,heave_pitch_2x2_v1,FnB=1.67,1.8130499999999998
64,4.2145848250371225,10.372984058340325,1.811293892148001,3.468893333333333,0.01,-0.4372854304838279,0.3686929103586841,-0.6194601892639359,-0.26207666738356505,0.5719729100772023,0.6726180979350668,0.37134674878046076,1.1837018240543158,-130.13558304523704,-67.06810694430041,-92.58635683280495,130.13558304523704,-67.06810694430041,61.54359776992282,127.3648937836757,0.06275700445098258,0.12987604715542586,9.196512164089002,4.864351341750065e-16,0.8174318685425066,0.8886148008473846,faltinsen_ch9_reduced_order_planing_plus_matched_bie_replace_with_matched_bie,heave_pitch_2x2_v1,FnB=1.67,1.8257333333333332
65,4.200021341750019,10.315933454645773,1.798797680263457,3.4929916666666663,0.01,-0.45403241303455755,0.37501777230945843,-0.6344546693703773,-0.2752674428829539,0.5888834873164062,0.6915959026752508,0.38447675926175184,1.218071683775078,-129.55573123618134,-66.54568339020669,-92.06405677998589,129.55573123618134,-66.54568339020669,62.66808740791739,129.62534082215052,0.0639036647661713,0.13218106164913657,9.26777977866697,3.020875121824111e-16,0.819798115435021,0.8900838563444042,faltinsen_ch9_reduced_order_planing_plus_matched_bie_replace_with_matched_bie,heave_pitch_2x2_v1,FnB=1.67,1.8384166666666666
66,4.185607794749008,10.259615012195987,1.7864727110138177,3.517089999999999,0.01,-0.47130846567429824,0.381093130003821,-0.6494138893182321,-0.28907443202026867,0.606105307312492,0.7108462751448261,0.3979049166339759,1.2529969210457654,-128.9584969833927,-66.00465808346145,-91.5245617845764,128.9584969833927,-66.00465808346145,63.79846293641883,131.89008025889234,0.06505632701933774,0.13449045317095273,9.339693596643778,1.241702213588497e-16,0.822119681661913,0.8915244738553632,faltinsen_ch9_reduced_order_planing_plus_matched_bie_replace_with_matched_bie,heave_pitch_2x2_v1,FnB=1.67,1.8510999999999997
67,4.171341628820558,10.204014289385235,1.7743154884013757,3.541188333333333,0.01,-0.48912023032428237,0.38689133824664473,-0.6643140441995934,-0.30351607980072254,0.6236373203415256,0.7303664559783793,0.4116328019186856,1.2884738074269622,-128.343797731457,-65.44498186154311,-90.96773489197392,128.343797731457,-65.44498186154311,64.93430745572371,134.1583507450946,0.06621456609109504,0.1368034453611525,9.41220210642175,1.2995643075829848e-16,0.8243976561914428,0.8929373706742365,faltinsen_ch9_reduced_order_planing_plus_matched_bie_replace_with_matched_bie,heave_pitch_2x2_v1,FnB=1.67,1.8637833333333331
68,4.157220349302802,10.149117226527428,1.7623226109484194,3.5652866666666663,0.01,-0.5074732515500422,0.39238329809165867,-0.679129437652187,-0.3186103919167635,0.6414777889062566,0.7501529010296031,0.42566150849412154,1.3244971919667006,-127.71154743310942,-64.8665984377406,-90.39343912485072,127.71154743310942,-64.8665984377406,66.07515053211301,136.42927760254855,0.06737790227255283,0.1391191462961853,9.485248570455713,2.9321513809799044e-16,0.8266330960519689,0.8943232420391729,faltinsen_ch9_reduced_order_planing_plus_matched_bie_replace_with_matched_bie,heave_pitch_2x2_v1,FnB=1.67,1.8764666666666665
69,4.14324152025305,10.094910133235663,1.7504907685242979,3.5893849999999996,0.01,-0.5263718274283123,0.3975384518574204,-0.693832412228061,-0.3343747914785284,0.6596242274321158,0.7702012187957893,0.4399915912981854,1.3610603842387958,-127.06165852972703,-64.26944683318392,-89.80153926791455,127.06165852972703,-64.26944683318392,67.22046506053633,138.7018672133594,0.06854579806614525,0.14143654276777434,9.558770763269916,6.047243620760308e-16,0.8288270274042197,0.8956827619237204,faltinsen_ch9_reduced_order_planing_plus_matched_bie_replace_with_matched_bie,heave_pitch_2x2_v1,FnB=1.67,1.8891499999999999
70,4.129402762682636,10.041379676300778,1.7388167392994536,3.613483333333333,0.01,-0.5458188509201375,0.4023247895158325,-0.7083932867575468,-0.3508259615700179,0.6780733398967534,0.7905061062602158,0.45462301368153396,1.3981550338878515,-126.39404397925699,-63.65346379896248,-89.19190370987052,126.39404397925699,-63.65346379896248,68.36966414573601,140.9750014727577,0.06971765500526277,0.14375449462635834,9.632700715537503,1.9095457161052528e-16,0.8309804465741786,0.8970165837960035,faltinsen_ch9_reduced_order_planing_plus_matched_bie_replace_with_matched_bie,heave_pitch_2x2_v1,FnB=1.67,1.9018333333333333
71,4.115701752856189,9.988512868045976,1.727297386820526,3.6375816666666663,0.01,-0.5658156421368693,0.4067088681400677,-0.7227803025191979,-0.36797967327788084,0.6968209557056481,0.8110612835386972,0.46955509209195034,1.4357710073578969,-125.7086193383221,-63.01858624277659,-88.56440634915727,125.7086193383221,-63.01858624277659,69.52209803368653,143.24743237145947,0.0708928105251911,0.14607172925663656,9.706964467658093,4.0090634769543177e-16,0.8330943210480778,0.8983253413472924,faltinsen_ch9_reduced_order_planing_plus_matched_bie_replace_with_matched_bie,heave_pitch_2x2_v1,FnB=1.67,1.9145166666666666
72,4.102136220652568,9.93629705513581,1.7159296572009535,3.6616799999999996,0.01,-0.5863617720997308,0.4106558461921947,-0.736959580210147,-0.3858505990078962,0.7158619642024321,0.8318594277991134,0.4847864388310959,1.4738962626329792,-125.00530490376794,-62.364753671983124,-87.91892856847522,125.00530490376794,-62.364753671983124,70.6770511300378,145.51777678332581,0.07207053492276955,0.1483868362624605,9.781481836709458,1.1919381887020845e-16,0.8351695904309474,0.8996096491913033,faltinsen_ch9_reduced_order_planing_plus_matched_bie_replace_with_matched_bie,heave_pitch_2x2_v1,FnB=1.67,1.9271999999999998
73,4.088703947984823,9.884719907818887,1.7047105764217834,3.685778333333333,0.01,-0.6074548788384536,0.41412953450589474,-0.7508950898905559,-0.4044521111104184,0.7351902482859177,0.8528921070120301,0.5003149031915232,1.5125167229828387,-124.28402791730895,-61.69191066235274,-87.25536128146499,124.28402791730895,-61.69191066235274,71.83373914728035,147.78451154373082,0.07325002844730907,0.15069826244816611,9.85616620110153,2.1075490120179678e-16,0.8372071673701117,0.900870103535537,faltinsen_ch9_reduced_order_planing_plus_matched_bie_replace_with_matched_bie,heave_pitch_2x2_v1,FnB=1.67,1.9398833333333332
74,4.075402767276722,9.833769409584846,1.693637247737684,3.7098766666666663,0.01,-0.6290904769504422,0.41709246587033866,-0.7645486362447064,-0.4237960660831466,0.7547986176958292,0.8741497141858431,0.5161375113552263,1.5516161508836912,-123.54472483518809,-61.00000935931968,-86.57360705311237,123.54472483518809,-61.00000935931968,72.9913064275203,150.04596891389733,0.07443041857058251,0.15300430719348335,9.93092430771652,1.3939354775544165e-16,0.8392079384449753,0.9021072828258775,faltinsen_ch9_reduced_order_planing_plus_matched_bie_replace_with_matched_bie,heave_pitch_2x2_v1,FnB=1.67,1.9525666666666666
75,4.062230559993413,9.783433847216974,1.6827068491834005,3.733974999999999,0.01,-0.6512617620487653,0.4195059851406762,-0.7778798616530053,-0.44389257491032175,0.7746787426254266,0.8956214028404046,0.532250405514805,1.5911760234719328,-122.78734366285545,-60.289012015919184,-85.87358229352375,122.78734366285545,-60.289012015919184,74.14882349298124,152.3003325363373,0.07561075748903168,0.15530311832923302,10.005656106768503,2.9948319243624584e-16,0.8411727650243919,0.9033217483656236,faltinsen_ch9_reduced_order_planing_plus_matched_bie_replace_with_matched_bie,heave_pitch_2x2_v1,FnB=1.67,1.9652499999999997
76,4.049185255224016,9.73370180122292,1.6719166311761489,3.758073333333333,0.01,-0.6739594118630896,0.42133036178109884,-0.7908462696955606,-0.46474976043327665,0.7948210884201761,0.9172950245772465,0.5486487827637397,1.6311754110843384,-122.01184635259145,-59.5588935689552,-85.15521952262246,122.01184635259145,-59.5588935689552,75.30528488150867,154.54563399616512,0.07679001991659606,0.15759268863084247,10.080254620045709,2.5412460686697515e-16,0.8431024840928606,0.9045140449100801,faltinsen_ch9_reduced_order_planing_plus_matched_bie_replace_with_matched_bie,heave_pitch_2x2_v1,FnB=1.67,1.977933333333333
77,4.036264828313955,9.684562136626841,1.6612639142096723,3.7821716666666663,0.01,-0.6971713861196047,0.42252492668011477,-0.8034032717999849,-0.48637350302880183,0.8152148522260664,0.9391570697106146,0.5653268343924801,1.6715908606392218,-121.21821125974189,-58.80964425219024,-84.4184697010523,121.21821125974189,-58.80964425219024,76.45960732930695,156.7797501121711,0.07796710123162033,0.159870853056009,10.154605848594192,2.485427486285819e-16,0.8449979090467462,0.9056847012377619,faltinsen_ch9_reduced_order_planing_plus_matched_bie_replace_with_matched_bie,heave_pitch_2x2_v1,FnB=1.67,1.9906166666666665
78,4.023467299544988,9.63600399410701,1.6507460866358894,3.8062699999999996,0.01,-0.7211478545965423,0.42303025469987593,-0.8154655297714543,-0.5092465211380217,0.8360674760930709,0.9614135684171594,0.5824115387584873,1.7126792092231258,-120.39617696787967,-58.0158136754996,-83.64434030235098,120.39617696787967,-58.0158136754996,77.63101633549297,159.0266712562072,0.07916160598725659,0.1621620749758656,10.229224597902636,2.5111791785727555e-16,0.8468598304616799,0.9068342306992363,faltinsen_ch9_reduced_order_planing_plus_matched_bie_replace_with_matched_bie,heave_pitch_2x2_v1,FnB=1.67,2.0033
79,4.0107907328609915,9.588016781463956,1.6403606025302842,3.830368333333333,0.01,-0.7456364919231013,0.42280122404780834,-0.8269946859548685,-0.5329461475919333,0.8571666425752429,0.9838454181580937,0.5997738647468706,1.754151698503655,-119.5547096945828,-57.200761624489274,-82.85005642567417,119.5547096945828,-57.200761624489274,78.79938585490815,161.25928106948982,0.08035301132895346,0.16443870339972347,10.30334522769729,7.020118857194994e-16,0.8486890168322447,0.9079631317445649,faltinsen_ch9_reduced_order_planing_plus_matched_bie_replace_with_matched_bie,heave_pitch_2x2_v1,FnB=1.67,2.0159833333333332
80,3.9982332346376213,9.54059016540468,1.63010497963737,3.8544666666666654,0.01,-0.770595595926502,0.42179429507699107,-0.8379398168707126,-0.5574342366806162,0.8784805062269831,1.0064174406880202,0.6173942496095594,1.7959541368464127,-118.69459546362324,-56.36641089529559,-82.03702812249225,118.69459546362324,-56.36641089529559,79.96180874966828,163.4728832293324,0.08153835280107712,0.16669594941119792,10.376776284155806,2.3978264700882807e-16,0.850486215285015,0.9090718884302712,faltinsen_ch9_reduced_order_planing_plus_matched_bie_replace_with_matched_bie,heave_pitch_2x2_v1,FnB=1.67,2.028666666666666
81,3.9857929524940894,9.493714063629419,1.619976797392744,3.878564999999999,0.01,-0.7959990446688896,0.41996514826437736,-0.848246301601266,-0.5827039012773173,0.8999917804460802,1.0291091413178834,0.635261654965783,1.8380501715409503,-117.8159067431,-55.51283035594898,-81.20529917246533,117.8159067431,-55.51283035594898,81.11680521637774,165.66457714637934,0.08271612142411297,0.16893085523229578,10.449367863900536,1.8631212358770992e-16,0.8522521522659745,0.9101609709067147,faltinsen_ch9_reduced_order_planing_plus_matched_bie_replace_with_matched_bie,heave_pitch_2x2_v1,FnB=1.67,2.0413499999999996
82,3.9734680741453596,9.447378637208002,1.6099736950184245,3.9026633333333325,0.01,-0.8218168534493346,0.4172696572865666,-0.8578580636807345,-0.6087443588925548,0.9216815651326731,1.0518983562614626,0.653363691292748,1.880400318750794,-116.91874756116698,-54.64012058756845,-80.35494690740146,116.91874756116698,-54.64012058756845,82.26281073635376,167.83130029047413,0.08388472183299472,0.1711402979513638,10.52096303363071,1.735668354137658e-16,0.8539875342032964,0.9112308358867034,faltinsen_ch9_reduced_order_planing_plus_matched_bie_replace_with_matched_bie,heave_pitch_2x2_v1,FnB=1.67,2.054033333333333
83,3.9612568262931345,9.401574283233419,1.6000933696883193,3.926761666666666,0.01,-0.8480150250962502,0.41366422475011905,-0.8667178387734213,-0.635540640900819,0.9435293178418521,1.0747612378033988,0.6716865766481805,1.92296192374004,-116.00325627432944,-53.74841667672385,-79.48608485848752,116.00325627432944,-53.74841667672385,83.39817805176261,169.96983333771954,0.08504247429220235,0.17332099477162902,10.591398152084471,6.373881461084044e-16,0.8556930481464348,0.912281927096154,faltinsen_ch9_reduced_order_planing_plus_matched_bie_replace_with_matched_bie,heave_pitch_2x2_v1,FnB=1.67,2.0667166666666663
84,3.9491574735541164,9.356291627740951,1.5903335747608338,3.950859999999999,0.01,-0.8745554275254297,0.4091061502896133,-0.8747674859246665,-0.6630733149092429,0.9655128367965776,1.0976722531683551,0.6902151036668086,1.9656891455946714,-115.06960828045308,-52.83789094774687,-78.59886535607252,115.06960828045308,-52.83789094774687,84.52118009968055,172.07680722923283,0.08618761768767169,0.1754695102091263,10.660503287295956,6.716533180787621e-16,0.8573693623824364,0.9133146757075582,faltinsen_ch9_reduced_order_planing_plus_matched_bie_replace_with_matched_bie,heave_pitch_2x2_v1,FnB=1.67,2.0793999999999997
85,3.9371683174240495,9.311521518881658,1.5806921180757671,3.9749583333333325,0.01,-0.90139570409128,0.4035540295253887,-0.881948343248426,-0.6913182263679082,0.9876082574079627,1.1206041987549011,0.7089326162510714,2.008532969588735,-114.118018645571,-51.90875560475433,-77.69348205053949,114.118018645571,-51.90875560475433,85.63001398131381,174.14871228316082,0.08731831357427237,0.17758226538436758,10.728102735171149,5.494403777958978e-16,0.8590171270303462,0.9143295007569809,faltinsen_ch9_reduced_order_planing_plus_matched_bie_replace_with_matched_bie,heave_pitch_2x2_v1,FnB=1.67,2.092083333333333
86,3.9252876952761557,9.267255020339633,1.571166860312787,3.9990566666666663,0.01,-0.9284892223921005,0.39696818148929314,-0.8882016280996884,-0.720246266029231,1.0097900639307182,1.1435282313471702,0.7278209973952208,2.0514412502757153,-113.14874461038961,-50.96126524987014,-76.77017231965978,113.14874461038961,-50.96126524987014,86.72280603535064,176.18190948330056,0.08843265134918718,0.17965554953353138,10.794015644366535,4.549233526514138e-16,0.8606369746145467,0.9153268095452901,faltinsen_ch9_reduced_order_planing_plus_matched_bie_replace_with_matched_bie,heave_pitch_2x2_v1,FnB=1.67,2.1047666666666665
87,3.9135139793926124,9.223483404982876,1.561755713408901,4.023154999999999,0.01,-0.9557850671887738,0.3893111011608776,-0.8934688808256361,-0.749823170273621,1.0320311178196826,1.1664139178194841,0.7468606695688086,2.0943587882297128,-112.16208793952147,-49.995719241180325,-75.82921952498751,112.16208793952147,-49.995719241180325,87.79761807316027,178.17264404355558,0.0895286546100455,0.18168553384035893,10.858056751126735,1.6150632251330227e-16,0.8622295206178379,0.9163069980242754,faltinsen_ch9_reduced_order_planing_plus_matched_bie_replace_with_matched_bie,heave_pitch_2x2_v1,FnB=1.67,2.11745
88,3.9018455760277946,9.180198148738159,1.55245663903246,4.047253333333333,0.01,-0.9832280829347558,0.3805479327269946,-0.8976924501042762,-0.7800093615974578,1.0543027042431146,1.1892293046985902,0.766030609035081,2.137227443108714,-111.15839707403808,-49.01246385145083,-74.87095507745161,111.15839707403808,-49.01246385145083,88.85245481911132,180.1170613171383,0.09060428874193667,0.1836682876590256,10.92003722611331,2.322713593335182e-16,0.8637953640150334,0.9172704511682945,faltinsen_ch9_reduced_order_planing_plus_matched_bie_replace_with_matched_bie,heave_pitch_2x2_v1,FnB=1.67,2.130133333333333
89,3.8902809245020635,9.137390924680691,1.5432676471113613,4.071351666666667,0.01,-1.010758971070733,0.3706469581100908,-0.9008160166784381,-0.8107598366738168,1.0765745980452215,1.2119410087408389,0.7853083753873225,2.179986285355277,-110.13806904607456,-48.01189418671805,-73.89576027047322,110.13806904607456,-48.01189418671805,89.88527258158041,182.01122508282998,0.09165746975937798,0.1855997971609367,10.979765633338413,1.573384129990136e-16,0.8653350877878138,0.9182175433320426,faltinsen_ch9_reduced_order_planing_plus_matched_bie_replace_with_matched_bie,heave_pitch_2x2_v1,FnB=1.67,2.1428166666666666
90,3.878818496324921,9.09505359732984,1.5341867944132115,4.09545,0.01,-1.038314446690245,0.35958009423661863,-0.9027851509998593,-0.8420241093134003,1.098815150230868,1.234514329414958,0.8046701574478936,2.222571788382641,-109.1015511130647,-46.994455822657216,-72.90406783781364,109.1015511130647,-46.994455822657216,90.89398915930323,183.85113819788486,0.09268607440798156,0.1874759863948289,11.037048999116147,2.7238331634904745e-16,0.8668492594215533,0.9191486385950277,faltinsen_ch9_reduced_order_planing_plus_matched_bie_replace_with_matched_bie,heave_pitch_2x2_v1,FnB=1.67,2.1555
91,3.867456794346416,9.053178217142506,1.5252121831753205,4.119548333333333,0.01,-1.06582745841865,0.3473233914753753,-0.9035478989444274,-0.8737462153423284,1.1209913957676552,1.2569133838542463,0.8240908364877428,2.2649180625142633,-108.04934206888166,-45.960646116286625,-71.89636319308063,108.04934206888166,-45.960646116286625,91.87649496374485,185.63276555872625,0.0936879515061156,0.18929274070016394,11.091693986491567,8.927514285351477e-16,0.8683384313848084,0.9200640910933021,faltinsen_ch9_reduced_order_planing_plus_matched_bie_replace_with_matched_bie,heave_pitch_2x2_v1,FnB=1.67,2.1681833333333334
92,3.8561943519357427,9.011757015196267,1.5163419597825072,4.143646666666666,0.01,-1.0932274743600359,0.3338575247102476,-0.9030553883859995,-0.9058647858491289,1.143069183164902,1.2791012644566013,0.8435440674873009,2.306957131253939,-106.98199318983406,-44.91101515120195,-70.8731853085219,106.98199318983406,-44.91101515120195,92.83066531146888,187.352059257157,0.09466093447963259,0.19104593235932457,11.143508167941757,4.994096823063866e-16,0.8698031415921199,0.9209642453389668,faltinsen_ch9_reduced_order_planing_plus_matched_bie_replace_with_matched_bie,heave_pitch_2x2_v1,FnB=1.67,2.1808666666666667
93,3.845029732185988,8.970782398054604,1.5075743134907693,4.167745,0.01,-1.12044083575748,0.3191682676710657,-0.9012624480712971,-0.9383131944173037,1.1650133258984934,1.3010402188714505,0.8630023788737209,2.3486192496694573,-105.9001087752264,-43.84616627626042,-69.83512719251634,105.9001087752264,-43.84616627626042,93.75437381157145,189.00498576249595,0.09560285501325272,0.19273144831567965,11.192301386327822,1.6035699859622693e-16,0.871243913850769,0.9218494365279641,faltinsen_ch9_reduced_order_planing_plus_matched_bie_replace_with_matched_bie,heave_pitch_2x2_v1,FnB=1.67,2.19355
94,3.8339615271440683,8.93024694280701,1.4989074751949827,4.191843333333333,0.01,-1.1473911785936977,0.30324694048083534,-0.8981282289775263,-0.9710197828427225,1.1867877753101528,1.3226918516261585,0.8824372908368467,2.3898332637866297,-104.80434624513823,-42.76675620055266,-68.782835928141,104.80434624513823,-42.76675620055266,94.64550674276526,190.58755490019342,0.09651155771110957,0.19434521972354826,11.2378871911825,6.080971823229819e-16,0.8726612582920888,0.9227199908366266,faltinsen_ch9_reduced_order_planing_plus_matched_bie_replace_with_matched_bie,heave_pitch_2x2_v1,FnB=1.67,2.206233333333333
95,3.8229883570649044,8.890143392277029,1.4903397162388603,4.215941666666666,0.01,-1.17399992175684,0.2860908199381682,-0.8936168172183337,-1.0039081684401465,1.2083558141284212,1.3440173461217957,0.9018194519526492,2.4305270089315965,-103.69541576225564,-41.67349461165355,-67.71701223939061,103.69541576225564,-41.67349461165355,95.50197828351773,192.09585033686068,0.09738491562716906,0.19588325303427845,11.280084334537436,2.2093439707781285e-16,0.8740556717879165,0.9235762257074394,faltinsen_ch9_reduced_order_planing_plus_matched_bie_replace_with_matched_bie,heave_pitch_2x2_v1,FnB=1.67,2.2189166666666664
96,3.8121088696889496,8.85046465039163,1.4818693472654945,4.24004,0.01,-1.2001868186468239,0.26770350188804726,-0.8876978266553769,-1.0368976343864864,1.2296802692475421,1.3649777051823855,0.9211187934355953,2.470627743950876,-102.57407935002549,-40.56714328955866,-66.63840955708231,102.57407935002549,-40.56714328955866,96.32174642773931,193.52606122223474,0.09822084649471464,0.19734166226207192,11.318718307728501,6.357287951886757e-16,0.8754276383527457,0.9244184501244678,faltinsen_ch9_reduced_order_planing_plus_matched_bie_replace_with_matched_bie,heave_pitch_2x2_v1,FnB=1.67,2.2316
97,3.8013217395422014,8.81120377770558,1.4734947171068764,4.2641383333333325,0.01,-1.225870567251081,0.24809520518378872,-0.8803469587345085,-1.0699036026614734,1.2507237418741493,1.385534007789451,0.9403046999108817,2.510062617210335,-101.44114948606935,-39.448514695361524,-65.54783256316087,101.44114948606935,-39.448514695361524,97.10282938901602,194.87451458265136,0.09901732945400929,0.1987167020161333,11.353622898077761,4.529510394400705e-16,0.8767776295321164,0.9252469648788502,faltinsen_ch9_reduced_order_planing_plus_matched_bie_replace_with_matched_bie,heave_pitch_2x2_v1,FnB=1.67,2.244283333333333
98,3.7906256672578817,8.77235398707479,1.4652142117108555,4.288236666666666,0.01,-1.25096947183606,0.22728300724034373,-0.8715465167551074,-1.1028381870759916,1.2714488526267995,1.4056476790935275,0.9593461951561504,2.548759159260069,-100.29748715761124,-38.31847002152722,-64.44613519995316,100.29748715761124,-38.31847002152722,97.84332226948236,196.1377080104822,0.09977242204981554,0.20000480083461958,11.384641742154557,2.7929316304130434e-16,0.8781061047777587,0.9260620628247671,faltinsen_ch9_reduced_order_planing_plus_matched_bie_replace_with_matched_bie,heave_pitch_2x2_v1,FnB=1.67,2.2569666666666666
99,3.7800193789189938,8.733908639472869,1.4570262531040812,4.312334999999999,0.01,-1.275402147553274,0.20529100204321207,-0.8612858618477564,-1.1356108216862184,1.2918184986689925,1.4252807702869217,0.9782121408248285,2.5866457960898166,-99.14399937450564,-37.17791669943625,-63.334218139767955,99.14399937450564,-37.17791669943625,98.54141374638213,197.3123421521296,0.10048427724695196,0.20120259431317486,11.411629850579072,2.857656947722161e-16,0.8794135118099853,0.9268640291262614,faltinsen_ch9_reduced_order_planing_plus_matched_bie_replace_with_matched_bie,heave_pitch_2x2_v1,FnB=1.67,2.2696499999999995
100,3.7695016254210016,8.695861239945364,1.4489292983895186,4.336433333333332,0.01,-1.29908825752365,0.18215037271197473,-0.849561798415923,-1.168128957652969,1.3117961194922572,1.4443962444686393,0.9968714457455462,2.6236523760283568,-97.98163614511458,-36.02780536952321,-62.213025719911684,97.98163614511458,-36.02780536952321,99.1954025113661,198.39535246587613,0.10115116019371152,0.2023069574889245,11.434455078159862,3.3482930929070384e-16,0.880700286967808,0.9276531414952844,faltinsen_ch9_reduced_order_planing_plus_matched_bie_replace_with_matched_bie,heave_pitch_2x2_v1,FnB=1.67,2.282333333333333
101,3.759071181853907,8.658205433696423,1.4409218387772105,4.360531666666666,0.01,-1.3219492704222635,0.15789937230862475,-0.8363788777120339,-1.2002988194060316,1.3313459675626815,1.4629582642544368,1.0152932830110526,2.6597107026001305,-96.81138693053053,-34.86912632957103,-61.08354235845229,96.81138693053053,-34.86912632957103,99.803713185745,199.3839397022563,0.10177146445090322,0.2033150359218044,11.45299951264451,2.136552621556971e-16,0.8819668555472377,0.9284296704213066,faltinsen_ch9_reduced_order_planing_plus_matched_bie_replace_with_matched_bie,heave_pitch_2x2_v1,FnB=1.67,2.2950166666666663
102,3.7487268469030366,8.620935002302831,1.4330023986469982,4.384629999999999,0.01,-1.3439092253164326,0.13258320849532687,-0.8217496095682773,-1.2320262089051681,1.3504333797213135,1.4809324766021092,1.0334473117423706,2.694755065080498,-95.6342766031943,-33.70290548726621,-59.94678847662665,95.6342766031943,-33.70290548726621,100.36491143018718,200.27559855538124,0.10234372739945566,0.2042242749107812,11.467160755584475,4.667373650704107e-16,0.8832136321282029,0.9291938793928295,faltinsen_ch9_reduced_order_planing_plus_matched_bie_replace_with_matched_bie,heave_pitch_2x2_v1,FnB=1.67,2.3076999999999996
103,3.738467442267859,8.584043860050597,1.425169534641982,4.4087283333333325,0.01,-1.3648954895868215,0.1062538298316153,-0.8056945740671534,-1.2632173449474209,1.3690250450040478,1.4982862901519398,1.0513039001555178,2.728722758121002,-94.45136094648625,-32.530199853640596,-58.8038159643272,94.45136094648625,-32.530199853640596,100.8777179704363,201.068143945042,0.1028666445426688,0.2050324462941392,11.476853069818183,2.482422964193451e-16,0.8844410208905114,0.929946025111125,faltinsen_ch9_reduced_order_planing_plus_matched_bie_replace_with_matched_bie,heave_pitch_2x2_v1,FnB=1.67,2.320383333333333
104,3.7282918120982127,8.54752605038949,1.4174218347915521,4.432826666666666,0.01,-1.3848394952452858,0.07896961388731165,-0.7882424270732417,-1.2937797229450327,1.387089264434243,1.5149891403379894,1.0688343463826953,2.7615545816741234,-93.26372174203586,-31.35209262418482,-57.65570323527949,93.26372174203586,-31.35209262418482,101.3410212719145,201.75973441704724,0.10333908243071231,0.205737672311184,11.482008369874595,4.021369528728931e-16,0.885649415919256,0.9306863576964989,faltinsen_ch9_reduced_order_planing_plus_matched_bie_replace_with_matched_bie,heave_pitch_2x2_v1,FnB=1.67,2.3330666666666664
105,3.718198822447313,8.511375742501071,1.40975791766287,4.456924999999999,0.01,-1.4036774389009035,0.05079495984939508,-0.7694297959914883,-1.3236229794716505,1.4045961983522173,1.531012737616808,1.0860110934187601,2.793195312551951,-92.07246150094052,-30.169687903859312,-56.5035499279779,92.07246150094052,-30.169687903859312,101.7538886156522,202.34889219307306,0.10376008995493079,0.2063384460473995,11.482577034174891,2.0345283390900866e-16,0.8868392015000582,0.931415120887378,faltinsen_ch9_reduced_order_planing_plus_matched_bie_replace_with_matched_bie,heave_pitch_2x2_v1,FnB=1.67,2.34575
106,3.708187360740968,8.47558722797604,1.4021764315397272,4.481023333333333,0.01,-1.42135093104284,0.021799790822554694,-0.7493010647845377,-1.352659745212892,1.4215180969851404,1.5463312943889636,1.102807934584195,2.8235941393124286,-90.87869790347455,-28.984105140612627,-55.34847131684475,90.87869790347455,-28.984105140612627,102.11557535551515,202.83451946047458,0.10412890778758817,0.20683364804543306,11.478528521203316,2.0267932698402235e-16,0.8880107524045175,0.9321325522324925,faltinsen_ch9_reduced_order_planing_plus_matched_bie_replace_with_matched_bie,heave_pitch_2x2_v1,FnB=1.67,2.358433333333333
107,3.6982563352624274,8.440154917596814,1.394676053627761,4.505121666666666,0.01,-1.4378075812093116,-0.007941026538287136,-0.7279080500728261,-1.3808064698084346,1.4378295102290302,1.5609217265531463,1.1192002060212876,2.852705052778114,-89.68355801887625,-27.796473339019826,-54.191592505093524,89.68355801887625,-27.796473339019826,102.4255321715167,203.21591056552344,0.10444497577818798,0.20722255873873693,11.46985177574127,4.414993911342019e-16,0.889164434166228,0.9328388832764302,faltinsen_ch9_reduced_order_planing_plus_matched_bie_replace_with_matched_bie,heave_pitch_2x2_v1,FnB=1.67,2.3711166666666665
108,3.6884046746523262,8.40507333822146,1.3872554892850395,4.52922,0.01,-1.453001506975153,-0.03834833517173994,-0.7053095729464721,-1.4079842024594045,1.4535074730053883,1.5747638261228825,1.1351649629690639,2.8804871853403036,-88.48817238216608,-26.6079251310141,-53.034042476148045,88.48817238216608,-26.6079251310141,102.68341017504322,203.49275985811022,0.10470793815935434,0.20750486645093913,11.456555415683168,4.3797366044671697e-16,0.8903006033477063,0.9335343397388156,faltinsen_ch9_reduced_order_planing_plus_matched_bie_replace_with_matched_bie,heave_pitch_2x2_v1,FnB=1.67,2.3838
109,3.6786313274232056,8.370337129765291,1.379913471277084,4.553318333333333,0.01,-1.4668937564725384,-0.06933940166666588,-0.6815709338233755,-1.4341193130949939,1.4685316630572205,1.5878404019374635,1.150681136888929,2.9069050932610234,-87.29366900844744,-25.419590784180798,-51.87694808397646,87.29366900844744,-25.419590784180798,102.88906376774356,203.66516502930736,0.10491764646208804,0.2076806707992101,11.438667694731462,6.215753034301908e-16,0.891419607798561,0.9342191416873546,faltinsen_ch9_reduced_order_planing_plus_matched_bie_replace_with_matched_bie,heave_pitch_2x2_v1,FnB=1.67,2.3964833333333333
110,3.668935261488108,8.335941042276527,1.3726487590554177,4.577416666666666,0.01,-1.4794526362940865,-0.10082867776330083,-0.6567633001816672,-1.4591441403165226,1.4828845286457804,1.6001373861908104,1.1657296709261136,2.9319289774205095,-86.10116742664219,-24.23259222957992,-50.721428064204105,86.10116742664219,-24.23259222957992,103.04255120501718,203.73362588200078,0.10507416009036438,0.2077504814406559,11.416236241228198,7.235115063858983e-16,0.8925217869052222,0.934893503704989,faltinsen_ch9_reduced_order_planing_plus_matched_bie_replace_with_matched_bie,heave_pitch_2x2_v1,FnB=1.67,2.4091666666666667
111,3.65931546370277,8.30187993310265,1.3654601380587885,4.601515,0.01,-1.4906539390307285,-0.13272859465885595,-0.6309630191743286,-1.48299755421126,1.496551384279184,1.6116439052601423,1.180293631677408,2.9555348393245446,-84.91177281405184,-23.048037190499457,-49.568587147314474,84.91177281405184,-23.048037190499457,103.14413286571403,203.69903857552282,0.10517774455671818,0.20771521220347708,11.389327578343178,3.9322797304243323e-16,0.8936074718325357,0.9355576350513817,faltinsen_ch9_reduced_order_planing_plus_matched_bie_replace_with_matched_bie,heave_pitch_2x2_v1,FnB=1.67,2.42185
112,3.6497709394209488,8.268148764144142,1.358346419036233,4.625613333333333,0.01,-1.50048106727071,-0.1649503747866598,-0.6042508689119027,-1.5056254243755474,1.5095204733226075,1.6223523141127012,1.1943582957753769,2.9777045706344603,-83.7265703105268,-21.867013490931356,-48.41951035264549,83.7265703105268,-21.867013490931356,103.19426727998885,203.56268548417765,0.10522886743178238,0.20757617074554274,11.358026435622852,4.086800757722211e-16,0.8946769857575166,0.9362117398189378,faltinsen_ch9_reduced_order_planing_plus_matched_bie_replace_with_matched_bie,heave_pitch_2x2_v1,FnB=1.67,2.4345333333333334
113,3.640300712062441,8.234742599192487,1.3513064373911903,4.649711666666666,0.01,-1.5089250535254883,-0.19740484554920204,-0.5767112635092602,-1.5269809860125023,1.5217829970804648,1.632258194374334,1.207911210373233,2.9984259759595058,-82.54661958649093,-20.690583618025215,-47.27525753735557,82.54661958649093,-20.690583618025215,103.19360501541415,203.3262209032043,0.10522819210985826,0.2073350439785292,11.322434866337629,5.792125505439762e-16,0.8957306440955428,0.9368560170835952,faltinsen_ch9_reduced_order_planing_plus_matched_bie_replace_with_matched_bie,heave_pitch_2x2_v1,FnB=1.67,2.4472166666666664
114,3.6309038226933694,8.201656601349455,1.3443390525459074,4.67381,0.01,-1.5159844781464522,-0.23000323979679846,-0.5484314277910425,-1.5470250996674093,1.5333331106768662,1.6413603169291864,1.220942227201375,3.0176927301029273,-81.37294973277,-19.519779606472753,-46.136858268242946,81.37294973277,-19.519779606472753,103.14298056576662,202.99165292078203,0.10517656953777961,0.20699387958250987,11.282671188995357,8.625619631382637e-17,0.896768754719261,0.9374906610505513,faltinsen_ch9_reduced_order_planing_plus_matched_bie_replace_with_matched_bie,heave_pitch_2x2_v1,FnB=1.67,2.4598999999999998
115,3.621579329618322,8.168886030524703,1.3374431473254063,4.6979083333333325,0.01,-1.5216652897514615,-0.2626579686281681,-0.5195005578210133,-1.5657264029220002,1.544167886765644,1.6496605706579186,1.2334435104451946,3.0355042723288124,-80.20655453236485,-18.355598304969902,-45.00530707649588,80.20655453236485,-18.355598304969902,103.0434024258802,202.56132184837224,0.10507502809407925,0.20655506401102544,11.238868774688452,2.4423489374944275e-16,0.8977916181704638,0.9381158611951358,faltinsen_ch9_reduced_order_planing_plus_matched_bie_replace_with_matched_bie,heave_pitch_2x2_v1,FnB=1.67,2.472583333333333
116,3.6123263079839596,8.136426241009028,1.3306176273603143,4.722006666666666,0.01,-1.5259805349008444,-0.2952833532983049,-0.49000898317211145,-1.5830613550761208,1.554287248751452,1.6571638595880644,1.245409519243747,3.051865641470176,-79.04838816529359,-17.198997075882062,-43.88155914644025,79.04838816529359,-17.198997075882062,102.89604156842026,202.03787566178823,0.10492476183856898,0.20602129744794423,11.191174704516639,5.842798487717253e-16,0.8987995278651913,0.9387318023990052,faltinsen_ch9_reduced_order_planing_plus_matched_bie_replace_with_matched_bie,heave_pitch_2x2_v1,FnB=1.67,2.4852666666666665
117,3.6031438493937036,8.104272679120522,1.3238614205078876,4.746104999999999,0.01,-1.5289500056729008,-0.32779630458642994,-0.4600473461197707,-1.599014178398853,1.5636938757786587,1.6638779713045073,1.2568369661124918,3.066787256791902,-77.89936138772168,-16.05088996933469,-42.76652647944883,77.89936138772168,-16.05088996933469,102.70221856351752,201.42424295037387,0.10472711737802158,0.2053955662233014,11.139748323116182,1.7972459705840757e-16,0.8997927702922951,0.939338665081839,faltinsen_ch9_reduced_order_planing_plus_matched_bie_replace_with_matched_bie,heave_pitch_2x2_v1,FnB=1.67,2.4979499999999994
118,3.5940310615331406,8.072420880921118,1.3171734762905818,4.770203333333332,0.01,-1.530599815331779,-0.36011693982220994,-0.42970581177581013,-1.6135767018401217,1.572393082228674,1.6698134199350396,1.267724753035235,3.0802846504247605,-76.76033821617027,-14.9121444025198,-41.66107456375141,76.76033821617027,-14.9121444025198,102.4633895994125,200.7236039007593,0.10448357961119496,0.204681113224964,11.084759715309328,1.456813053215767e-16,0.900771625205697,0.9399366253286878,faltinsen_ch9_reduced_order_planing_plus_matched_bie_replace_with_matched_bie,heave_pitch_2x2_v1,FnB=1.67,2.510633333333333
119,3.584987067805805,8.040866470001104,1.3105527653515587,4.794301666666666,0.01,-1.5309315296769006,-0.39245608653670583,-0.3985504115542156,-1.6268803684531983,1.5804344745729135,1.674987213028341,1.2780768980171675,3.0922882573263313,-75.62178208976161,-13.765128582236088,-40.5513628227512,75.62178208976161,-13.765128582236088,102.18383425499536,199.93354728654043,0.1041985124940682,0.2038754796862746,11.025227023953644,4.175605760383657e-16,0.9017363658105658,0.9405258550131607,faltinsen_ch9_reduced_order_planing_plus_matched_bie_replace_with_matched_bie,heave_pitch_2x2_v1,FnB=1.67,2.523316666666666
120,3.576011006978984,8.009605155329183,1.3039982789265292,4.818399999999999,0.01,-1.5299760500372297,-0.4245285797434113,-0.36703669761041297,-1.6387938236515276,1.5877818580354424,1.679393084965861,1.287879832439934,3.102853539715752,-74.49204848154199,-12.624068447585472,-39.448894201996126,74.49204848154199,-12.624068447585472,101.8621996634535,199.05976705140327,0.10387053648641842,0.20298447181392554,10.962066396648506,1.6612680033801456e-16,0.9026872589436258,0.9411065219165808,faltinsen_ch9_reduced_order_planing_plus_matched_bie_replace_with_matched_bie,heave_pitch_2x2_v1,FnB=1.67,2.5359999999999996
121,3.5671020328392316,7.978632729165872,1.2975090283313648,4.8424983333333325,0.01,-1.5277822446941516,-0.45618053851360607,-0.33540384064067225,-1.6492869245908868,1.5944338402458924,1.6830457795149183,1.2971360836535875,3.1120325423801116,-73.37489974640205,-11.495083592470053,-38.35868724393356,73.37489974640205,-11.495083592470053,101.49939453580426,198.10757326788033,0.10350057821560296,0.20201350437497043,10.895802736353598,2.448078494621199e-16,0.9036245652478021,0.9416787898432667,faltinsen_ch9_reduced_order_planing_plus_matched_bie_replace_with_matched_bie,heave_pitch_2x2_v1,FnB=1.67,2.548683333333333
122,3.5582593138572807,7.947945065038072,1.2910840444649383,4.866596666666666,0.01,-1.5243982052502196,-0.4873472253998495,-0.3037372051930033,-1.6583798958855962,1.6004053256206763,1.685965648788841,1.3058527491039926,3.119859504543354,-72.27102007241065,-10.378859544891952,-37.28142656867189,72.27102007241065,-10.378859544891952,101.0973335618404,197.08099688719423,0.10309059012184629,0.20096668779572457,10.82664266410351,2.1075853338516582e-16,0.9045485393414012,0.942242818732089,faltinsen_ch9_reduced_order_planing_plus_matched_bie_replace_with_matched_bie,heave_pitch_2x2_v1,FnB=1.67,2.5613666666666663
123,3.5494820328620404,7.917538115772668,1.2847223773266554,4.890694999999999,0.01,-1.5198757373762115,-0.517969350037556,-0.27211831615786086,-1.6660990046506654,1.6057130829146318,1.6881748343363396,1.314038631326106,3.1263721251370544,-71.18103510463897,-9.276023464118992,-36.21773848071666,71.18103510463897,-9.276023464118992,100.65799407351578,195.98417064176178,0.10264258852260028,0.19984823629043738,10.754795857218653,3.6531018962566803e-16,0.9054594299820184,0.9427987647644231,faltinsen_ch9_reduced_order_planing_plus_matched_bie_replace_with_matched_bie,heave_pitch_2x2_v1,FnB=1.67,2.5740499999999997
124,3.5407693867234022,7.887407911587234,1.278423095548186,4.914793333333333,0.01,-1.5142697121475146,-0.5479932315664696,-0.24062441832038367,-1.6724759833609557,1.6103755285553676,1.6896970218388914,1.3217040803806441,3.1316111201194308,-70.10551171424801,-8.187143901419859,-35.16819072480189,70.10551171424801,-8.187143901419859,100.1833998210699,194.82129687631223,0.10215863706879505,0.19866243505816178,10.680473484282837,1.641014013710619e-16,0.9063574802253532,0.9433467804686402,faltinsen_ch9_reduced_order_planing_plus_matched_bie_replace_with_matched_bie,heave_pitch_2x2_v1,FnB=1.67,2.586733333333333
125,3.5321205860435625,7.857550558235825,1.2721852859389007,4.938891666666666,0.01,-1.5076374275800126,-0.577370880907122,-0.20932812021465164,-1.6775474284725995,1.6144125083631953,1.6905571971062177,1.3288608316661588,3.135619779920552,-69.0449582580988,-7.112731051679162,-34.13329273294397,69.0449582580988,-7.112731051679162,99.67560537164734,193.59661682488598,0.10164083083585868,0.19741360895401183,10.603886729582575,4.659763630284105e-16,0.9072429275791094,0.9438870148212524,faltinsen_ch9_reduced_order_planing_plus_matched_bie_replace_with_matched_bie,heave_pitch_2x2_v1,FnB=1.67,2.5994166666666665
126,3.5235348548566066,7.827962235208087,1.2660080530445532,4.96299,0.01,-1.5000379901909948,-0.6060600084801198,-0.17829712092602526,-1.6813541870040003,1.6178450809317813,1.6907814067721445,1.3355218418287917,3.138443533368764,-67.9998252891669,-6.053237456156467,-33.113496322959634,67.9998252891669,-6.053237456156467,99.1366813043346,192.31438165886317,0.10109128122685587,0.1961060929663679,10.525245421171155,1.9097247507637152e-16,0.908116004152152,0.9444196133448426,faltinsen_ch9_reduced_order_planing_plus_matched_bie_replace_with_matched_bie,heave_pitch_2x2_v1,FnB=1.67,2.6121
127,3.5150114303360778,7.798639193979845,1.2598905187187552,4.987088333333333,0.01,-1.491531724977308,-0.6340239640341253,-0.14759401679725068,-1.6839407423072552,1.620695305596746,1.6903965266755185,1.341701125264889,3.1401295237166433,-66.97050667405767,-5.009059112671849,-32.109196804706926,66.97050667405767,-5.009059112671849,98.56870034361069,190.97882556609548,0.1005121018325429,0.19474420476523124,10.444756773367578,2.9698574685108844e-16,0.9089769367990794,0.9449447182028814,faltinsen_ch9_reduced_order_planing_plus_matched_bie_replace_with_matched_bie,heave_pitch_2x2_v1,FnB=1.67,2.6247833333333332
128,3.5065495625102994,7.769577756313483,1.2538318217068187,5.011186666666666,0.01,-1.4821796207010765,-0.6612316160163176,-0.11727618358338102,-1.685354609092807,1.6229860375373344,1.6894300404652012,1.3474135934478122,3.140726201590022,-65.95734107130382,-3.980536946883319,-31.120734447696265,65.95734107130382,-3.980536946883319,97.9737245412565,189.5941410568107,0.09990539536055279,0.19333221952125418,10.362624251244084,1.833514662229459e-16,0.9098259472603736,0.9454624682915641,faltinsen_ch9_reduced_order_planing_plus_matched_bie_replace_with_matched_bie,heave_pitch_2x2_v1,FnB=1.67,2.6374666666666666
129,3.4981485139851887,7.740774312606437,1.2478311172415437,5.035285,0.01,-1.4720428158630747,-0.6876571783909594,-0.08739572848166392,-1.6856457464666432,1.6247407321559664,1.6879098305116678,1.3526748990223632,3.140282938862339,-64.960613722788,-2.967958596985426,-30.148396262380487,64.960613722788,-2.967958596985426,97.35379358577377,188.16445663010796,0.09927324171432016,0.19187434713190332,10.279046561584826,9.075290699325876e-17,0.9106632522982739,0.9459729993287378,faltinsen_ch9_reduced_order_planing_plus_matched_bie_replace_with_matched_bie,heave_pitch_2x2_v1,FnB=1.67,2.65015
130,3.4898075596743516,7.7122253202862705,1.2418875766505642,5.059383333333333,0.01,-1.46118212927739,-0.7132799930114446,-0.057999505633731574,-1.6848659963627624,1.625983260476569,1.6858639827557977,1.3575012863101998,3.138849666637464,-63.98055851045562,-1.9715604639808646,-29.19241804725877,63.98055851045562,-1.9715604639808646,96.7109142891509,186.69381687713883,0.098617687272566,0.19037471193235087,10.194216771983195,2.6882733310324954e-16,0.911489063828524,0.9464764439400641,faltinsen_ch9_reduced_order_planing_plus_matched_bie_replace_with_matched_bie,heave_pitch_2x2_v1,FnB=1.67,2.6628333333333334
131,3.4815259865362163,7.683927302250728,1.2360003869748564,5.083481666666666,0.01,-1.4496576377805526,-0.738084275610624,-0.029129188145228205,-1.6830685533595502,1.6267377369075664,1.6833206066907782,1.3619094495680135,3.1364765397310217,-63.01736023131376,-0.9915299805078632,-28.25298665476123,63.01736023131376,-0.9915299805078632,96.04705127400821,185.18616504461576,0.09794073539282856,0.18883733491520122,10.108321557234099,1.1787825233224747e-16,0.9123035890481312,0.9469729317424808,faltinsen_ch9_reduced_order_planing_plus_matched_bie_replace_with_matched_bie,heave_pitch_2x2_v1,FnB=1.67,2.6755166666666663
132,3.4733030933179965,7.655876845351365,1.2301687505980496,5.10758,0.01,-1.4375283023465362,-0.7620588332290187,-0.0008213893707861563,-1.6803074705051855,1.6270283603396984,1.680307671266198,1.3659164000461823,3.1332136292931785,-62.071157045412065,-0.02800805290723929,-27.330242430582757,62.071157045412065,-0.02800805290723929,95.36411886022178,183.6453280359523,0.09724433813812239,0.18726611843591068,10.021540570005481,2.8795930714759875e-16,0.9131070305592707,0.9474625894250719,faltinsen_ch9_reduced_order_planing_plus_matched_bie_replace_with_matched_bie,heave_pitch_2x2_v1,FnB=1.67,2.6881999999999997
133,3.465138190306281,7.6280705989193045,1.2243918848861832,5.1316783333333325,0.01,-1.4248516427583164,-0.7851967604895629,0.026892173859063763,-1.6766372044831273,1.6268792692005074,1.676852857132033,1.3695393426165263,3.129110644529568,-61.1420430538939,0.9189083663941346,-26.424281783528613,61.1420430538939,0.9189083663941346,94.66397412933753,182.07500378755785,0.09653038920460864,0.18566483334019046,9.934045930951989,1.3940709378055097e-16,0.913899586489468,0.9479455408274438,faltinsen_ch9_reduced_order_planing_plus_matched_bie_replace_with_matched_bie,heave_pitch_2x2_v1,FnB=1.67,2.700883333333333
134,3.457030599084034,7.600505273331741,1.2186690218375609,5.155776666666666,0.01,-1.411683460020474,-0.8074951215888,0.05398448327006908,-1.672112202253934,1.6263144107721261,1.672983425309539,1.372795562479256,3.1242166838619134,-60.230070967140676,1.8491636161717508,-25.535159845870965,60.230070967140676,1.8491636161717508,93.94841112756993,180.47875092474885,0.09580071801029907,0.18403710841597168,9.84600183196493,3.131666042934643e-16,0.9146814506081833,0.9484219070156754,faltinsen_ch9_reduced_order_planing_plus_matched_bie_replace_with_matched_bie,heave_pitch_2x2_v1,FnB=1.67,2.7135666666666665
135,3.448979652293829,7.573177638617939,1.2129994077423853,5.179874999999998,0.01,-1.3980776048912575,-0.8289546242446681,0.08043299335457028,-1.66678653023544,1.6253574248008018,1.6687261020893376,1.3757023222254852,3.118580015332617,-59.33525482636507,2.7627406100186818,-24.662893187548946,59.33525482636507,2.7627406100186818,93.21915615393867,178.85998057533237,0.09505708489029248,0.18238642204558375,9.757564245124742,3.5255888876859834e-16,0.9154528124399165,0.9488918063559443,faltinsen_ch9_reduced_order_planing_plus_matched_bie_replace_with_matched_bie,heave_pitch_2x2_v1,FnB=1.67,2.7262499999999994
136,3.440984693407112,7.5460845231033815,1.2073823028518442,5.203973333333332,0.01,-1.3840857902647028,-0.849579291154138,0.10621938427216257,-1.6607135461423792,1.624031541187127,1.6641069797149322,1.3782767693250941,3.1122478856003273,-58.457572745581984,3.6596580993682437,-23.807462551120466,58.457572745581984,3.6596580993682437,92.47786406899935,177.22195019881988,0.09430117733272765,0.18071609591330365,9.668880729111876,2.2135136921500206e-16,0.9162138573739526,0.9493553545858981,faltinsen_ch9_reduced_order_planing_plus_matched_bie_replace_with_matched_bie,heave_pitch_2x2_v1,FnB=1.67,2.7389333333333328
137,3.4330450764993286,7.519222812090927,1.2018169810563526,5.228071666666666,0.01,-1.3697574446373468,-0.8693761337992064,0.13132929945311383,-1.6539456128050132,1.6223594913455803,1.6591514322122005,1.3805358539316592,3.1052663564961938,-57.596969644602325,4.539967945289163,-22.968815578090215,57.596969644602325,4.539967945289163,91.72611555148849,175.56775927502912,0.0935346071813397,0.17902929060895323,9.580090324313332,2.0327081552699286e-16,0.9169647667708554,0.949812664883855,faltinsen_ch9_reduced_order_planing_plus_matched_bie_replace_with_matched_bie,heave_pitch_2x2_v1,FnB=1.67,2.751616666666666
138,3.425160166030726,7.492589446577737,1.1963027295726505,5.252169999999999,0.01,-1.3551396035383758,-0.8883548327230448,0.15575207335495167,-1.6465338526238817,1.6203634326596412,1.6538840455699453,1.3824962567466133,3.0976801678099575,-56.753359947422155,5.403752424689458,-22.146869500967767,56.753359947422155,5.403752424689458,90.9654152247544,173.9003466869202,0.09275890872495134,0.17732900295913506,9.49132352759997,2.0389526342709106e-16,0.9177057180658204,0.9502638479359071,faltinsen_ch9_reduced_order_planing_plus_matched_bie_replace_with_matched_bie,heave_pitch_2x2_v1,FnB=1.67,2.7642999999999995
139,3.417329336632673,7.466181422006887,1.1908388486394748,5.2762683333333324,0.01,-1.3402768355730403,-0.9065274276996956,0.17948045422446338,-1.6385279407895825,1.6180648853323247,1.648328561360498,1.3841743265629116,3.0895326247464463,-55.92663022404878,6.2511215928961406,-21.341513779079747,55.92663022404878,6.2511215928961406,90.19719057179432,172.22248962828047,0.09197553759111861,0.17561806491338072,9.402702337710911,1.1140040776227734e-16,0.9184368848689891,0.9507090120009929,faltinsen_ch9_reduced_order_planing_plus_matched_bie_replace_with_matched_bie,heave_pitch_2x2_v1,FnB=1.67,2.776983333333333
140,3.409551972899324,7.439995787052546,1.1854246512215358,5.300366666666665,0.01,-1.3252111996111853,-0.9239080205571807,0.20251032610634753,-1.6299759349939544,1.6154846808387893,1.64250783280906,1.3855860270127816,3.0808655083302674,-55.11664175733196,7.082210721051069,-20.5526126596871,55.11664175733196,7.082210721051069,89.42279155673984,170.53680386664044,0.09118587036015341,0.1738991438122503,9.314340362328256,1.9247722833126647e-16,0.9191584370628242,0.9511482629740112,faltinsen_ch9_reduced_order_planing_plus_matched_bie_replace_with_matched_bie,heave_pitch_2x2_v1,FnB=1.67,2.7896666666666663
141,3.40182746918448,7.414029642437679,1.1800594627215293,5.324464999999999,0.01,-1.3099822296294152,-0.9405124927970615,0.22484043373461313,-1.6209241390709428,1.6126429211242632,1.6364437922717805,1.3867468919724675,3.0717190069323053,-54.323233019700666,7.897177823429615,-19.78000764929277,54.323233019700666,7.897177823429615,88.64349087140168,168.84574519490513,0.09039120481652929,0.1721747438675849,9.226342978224556,3.6580966015193667e-16,0.919870540896644,0.9515817044470555,faltinsen_ch9_reduced_order_planing_plus_matched_bie_replace_with_matched_bie,heave_pitch_2x2_v1,FnB=1.67,2.8023499999999997
142,3.394155229403486,7.388280139783269,1.1747426206999363,5.348563333333333,0.01,-1.2946269437705442,-0.9563582395914549,0.24647211335873423,-1.6114169978191049,1.6095589476534018,1.6301574290613339,1.3876719890268832,3.062131667038513,-53.54622204780733,8.696201286688904,-19.023519883126113,53.54622204780733,8.696201286688904,87.86048472768745,167.1516119109791,0.08959276075692255,0.17044720869101998,9.13880753628288,4.749559428816374e-16,0.9205733590784078,0.9520094377688028,faltinsen_ch9_reduced_order_planing_plus_matched_bie_replace_with_matched_bie,heave_pitch_2x2_v1,FnB=1.67,2.815033333333333
143,3.386534666840022,7.362744480488056,1.1694734746023627,5.372661666666666,0.01,-1.2791798743019356,-0.9714639212363029,0.267409032005049,-1.6014970201597314,1.6062513194027046,1.623668776560779,1.3883758903662597,3.0521403613721017,-52.785408705915486,9.47947761021561,-18.282952383626338,52.785408705915486,9.47947761021561,87.07489412004162,165.45654817255357,0.08879168127754292,0.1687187247149165,9.05182360369493,1.863174135163725e-16,0.9212670508638408,0.9524315621021532,faltinsen_ch9_reduced_order_planing_plus_matched_bie_replace_with_matched_bie,heave_pitch_2x2_v1,FnB=1.67,2.8277166666666664
144,3.378965203957645,7.3374199146378665,1.164251385494183,5.39676,0.01,-1.2636731153206247,-0.9858492326989906,0.28765693716306473,-1.5912047277611672,1.6027377988920462,1.6169969075874961,1.3888726504724227,3.0417802725067467,-52.04057683142844,10.247219264183087,-17.55809220130982,52.04057683142844,10.247219264183087,86.28776648625124,163.7625480836536,0.08798903446768391,0.1669913253594791,8.965473236209876,1.253209293167802e-16,0.9219517721429882,0.9528481744801488,faltinsen_ch9_reduced_order_planing_plus_matched_bie_replace_with_matched_bie,heave_pitch_2x2_v1,FnB=1.67,2.8404
145,3.371446272215943,7.312303739943642,1.1590757258022646,5.4208583333333324,0.01,-1.2481363852547054,-0.9995346915191041,0.3072234184215012,-1.5805786262981052,1.5990353453713502,1.6101599370053268,1.3891757899518087,3.0310848901642244,-51.31149625823582,10.999652669647503,-16.848712433684483,51.31149625823582,10.999652669647503,85.50007769976652,162.0714603800357,0.08718581544132453,0.16526689581053233,8.879831273910828,2.8745430493680606e-16,0.9226276755242773,0.9532593698602573,faltinsen_ch9_reduced_order_planing_plus_matched_bie_replace_with_matched_bie,heave_pitch_2x2_v1,FnB=1.67,2.853083333333333
146,3.3639773118911687,7.287393300707228,1.1539458790635468,5.444956666666666,0.01,-1.2325971014357207,-1.0125414440011697,0.326117682163152,-1.5696551966018895,1.5951601143106964,1.6031750306310235,1.3892982848832012,3.0200860204683413,-50.59792471554718,11.737016303019487,-16.154574119869892,50.59792471554718,11.737016303019487,84.71273433188665,160.38499359165166,0.08638294864391678,0.16354717828376833,8.794965654617783,2.1709055184098616e-16,0.9232949104161725,0.953665241177047,faltinsen_ch9_reduced_order_planing_plus_matched_bie_replace_with_matched_bie,heave_pitch_2x2_v1,FnB=1.67,2.8657666666666666
147,3.3565577719012274,7.26268598681415,1.1488612396802713,5.469055,0.01,-1.2170804642561392,-1.0248910893739638,0.3443503400613352,-1.5584689030830925,1.591127462383856,1.596058419537761,1.3892525610681625,3.0088138055224523,-49.8996096016146,12.459558925515978,-15.47542801031318,49.8996096016146,12.459558925515978,83.92657612758224,158.70472157181632,0.08558129037702197,0.16183377766292906,8.710937739638794,3.9805768656338454e-16,0.9239536231064968,0.954065879393332,faltinsen_ch9_reduced_order_planing_plus_matched_bie_replace_with_matched_bie,heave_pitch_2x2_v1,FnB=1.67,2.87845
148,3.34918710963489,7.238179232752503,1.143821212681651,5.493153333333333,0.01,-1.2016095486707574,-1.0366055213784364,0.3619332118036987,-1.5470522169604537,1.5869519571836448,1.588825418920781,1.3890504925991296,2.997296751784981,-49.2162896332087,13.167537936732174,-14.811016212455002,49.2162896332087,13.167537936732174,83.1423786441936,157.03208929410602,0.08478163148903409,0.1601281674109977,8.627802647200916,2.3280100573568327e-16,0.9246039568394971,0.9544613735498171,faltinsen_ch9_reduced_order_planing_plus_matched_bie_replace_with_matched_bie,heave_pitch_2x2_v1,FnB=1.67,2.8911333333333333
149,3.3418647907851144,7.213870516657192,1.1388252134917876,5.517251666666666,0.01,-1.1862054010447807,-1.047706786580312,0.3788791421988852,-1.5354356520022523,1.5826473909605554,1.5814904507561671,1.388703404192387,2.985561765832081,-48.54769637294564,13.86121785024315,-14.161073714432945,48.54769637294564,13.86121785024315,82.3608560076595,155.3684188291807,0.08398470018575102,0.15843169566486082,8.545609589479541,4.725307552721386e-16,0.9252460518907244,0.9548518108133025,faltinsen_ch9_reduced_order_planing_plus_matched_bie_replace_with_matched_bie,heave_pitch_2x2_v1,FnB=1.67,2.9038166666666663
150,3.3345902891863552,7.189757359378744,1.133872667703644,5.541349999999999,0.01,-1.1708871395887799,-1.0582169585790646,0.39520183259558916,-1.5236478106695583,1.5782267977317839,1.5740670695510564,1.3882220767689097,2.97363419621498,-47.89355563756558,14.540868888137737,-13.525329789913684,47.89355563756558,14.540868888137737,81.5826637461761,153.7149154244472,0.08319116491990242,0.15674559143483985,8.464402209701133,5.067685564408307e-16,0.9258800456397985,0.955237276523504,faltinsen_ch9_reduced_order_planing_plus_matched_bie_replace_with_matched_bie,heave_pitch_2x2_v1,FnB=1.67,2.9164999999999996
151,3.327363086655757,7.16583732357598,1.1289630108588893,5.565448333333332,0.01,-1.1556720568477963,-1.068158027196805,0.41091568635816006,-1.5117154387394276,1.5737024731644118,1.5665679905507894,1.3876167558040544,2.961537880238536,-47.253588791071934,15.206765690581761,-12.903509287954506,47.253588791071934,15.206765690581761,80.80840166619082,152.07267361964196,0.08240163732384742,0.1550709708408498,8.384218916313838,2.3127788014333048e-16,0.9265060726411244,0.9556178542385113,faltinsen_ch9_reduced_order_planing_plus_matched_bie_replace_with_matched_bie,heave_pitch_2x2_v1,FnB=1.67,2.929183333333333
152,3.3201826728381145,7.1421080128318035,1.124095688233438,5.589546666666666,0.01,-1.140575722925724,-1.0775518016738233,0.42603566799442383,-1.4996634866749607,1.5690859966929922,1.5590051198342985,1.3868971620061439,2.949295194604947,-46.62751392726571,15.85918613587998,-12.295333812419813,46.62751392726571,15.85918613587998,80.03861674035542,150.44268334092104,0.08161667515446704,0.15340884332664165,8.305093211700653,4.2747318322700084e-16,0.9271242646926249,0.9559936257789455,faltinsen_ch9_reduced_order_planing_plus_matched_bie_replace_with_matched_bie,heave_pitch_2x2_v1,FnB=1.67,2.9418666666666664
153,3.3130485450544973,7.118567070791446,1.1192701546285144,5.613644999999999,0.01,-1.1256120883246399,-1.086419826867078,0.44057717541579744,-1.4875151761940868,1.5643882553868935,1.5513895857923914,1.3860725039231456,2.93692710898014,-46.015046946677444,16.49841026603937,-11.700522795947052,46.015046946677444,16.49841026603937,79.27380598144683,148.82583592483147,0.08083678522374799,0.15176011780254364,8.227054013348049,2.801365931901859e-16,0.9277347509025524,0.9563646712708606,faltinsen_ch9_reduced_order_planing_plus_matched_bie_replace_with_matched_bie,heave_pitch_2x2_v1,FnB=1.67,2.95455
154,3.3059602081544366,7.095212180322484,1.114485874167073,5.637743333333332,0.01,-1.110793585460934,-1.0947833114394394,0.4545559247230998,-1.4752920706669406,1.5596194691358087,1.5437317715437555,1.3851514921151296,2.924453241648809,-45.41590253322687,17.12471931250684,-11.118794473785584,45.41590253322687,17.12471931250684,78.51441928030259,147.22293003156946,0.08006242629267141,0.15012560867530653,8.150125965778917,5.351663388552921e-16,0.9283376577544404,0.956731069187406,faltinsen_ch9_reduced_order_planing_plus_matched_bie_replace_with_matched_bie,heave_pitch_2x2_v1,FnB=1.67,2.9672333333333327
155,3.2989171743715775,7.072041062696006,1.1097423200954202,5.661841666666666,0.01,-1.096131228085382,-1.1026630670369173,0.4679878468498802,-1.4630141481406127,1.5547892167722381,1.536041347900111,1.3841423545675322,2.9118919165265296,-44.82979503615155,17.738394816545394,-10.549866763041479,44.82979503615155,17.738394816545394,77.76086218949743,145.63467741421894,0.0792940119097729,0.14850604173108956,8.074329741913447,2.4292219655331935e-16,0.9289331091702514,0.9570928963893295,faltinsen_ch9_reduced_order_planing_plus_matched_bie_replace_with_matched_bie,heave_pitch_2x2_v1,FnB=1.67,2.979916666666666
156,3.2919189631826993,7.049051476788295,1.105038974589881,5.685939999999999,0.01,-1.0816347079826085,-1.1100794574746944,0.4808889953549501,-1.4506998759480367,1.5499064627970085,1.5283273065443614,1.3830528530557737,2.8992602208926685,-44.25643926284977,18.33971783860568,-9.99345805296781,44.25643926284977,18.33971783860568,77.01349863780472,144.0617085171818,0.07853191317912307,0.1469020598442708,7.999682332834997,4.750915164491921e-16,0.9295212265717795,0.9574502281643195,faltinsen_ch9_reduced_order_planing_plus_matched_bie_replace_with_matched_bie,heave_pitch_2x2_v1,FnB=1.67,2.9925999999999995
157,3.2849651011700094,7.026241218302427,1.1003753285683582,5.710038333333332,0.01,-1.0673124884572605,-1.117052356987456,0.4932754646337553,-1.4383662860042041,1.5449795844178849,1.5205979931340088,1.3818903002054588,2.8865740632961563,-43.69555118830647,18.928968251029744,-9.449287911962017,43.69555118830647,18.928968251029744,76.2726535634594,142.50457788282628,0.07777646144550832,0.14531422849069386,7.9261973252143685,5.456690536258187e-16,0.9301021289403612,0.9578031382652382,faltinsen_ch9_reduced_order_planing_plus_matched_bie_replace_with_matched_bie,heave_pitch_2x2_v1,FnB=1.67,3.005283333333333
158,3.278055121886629,7.003608119009229,1.0957508815066472,5.734136666666665,0.01,-1.0531718942302897,-1.123601116642327,0.5051633178110808,-1.4260290500270076,1.5400163986518134,1.512861140086171,1.3806615770237858,2.8738482311669284,-43.14684858671964,19.506424108470924,-8.917077716882687,43.14684858671964,19.506424108470924,75.53861545687244,140.96376935049335,0.07702795088727794,0.14374304104917923,7.853885165885044,1.7800098989727207e-16,0.9306759328749454,0.958151698947293,faltinsen_ch9_reduced_order_planing_plus_matched_bie_replace_with_matched_bie,heave_pitch_2x2_v1,FnB=1.67,3.0179666666666662
159,3.2711885657251702,6.9811500460069915,1.0911651412593593,5.758234999999999,0.01,-1.0392191974698413,-1.1297445380613893,0.5165685235827282,-1.413702554041758,1.5350241892782674,1.505123898840434,1.3793731507068745,2.861096447739169,-42.610051590839106,20.072361090523202,-8.396551210191063,42.610051590839106,20.072361090523202,74.81163880576045,139.43970103646717,0.07628664100968267,0.1421889238796808,7.782753413268557,2.1805771862589678e-16,0.9312427526485758,0.9584959810041608,faltinsen_ch9_reduced_order_planing_plus_matched_bie_replace_with_matched_bie,heave_pitch_2x2_v1,FnB=1.67,3.0306499999999996
160,3.264364979789337,6.958864900999448,1.0866176238853267,5.782333333333332,0.01,-1.0254596997686387,-1.1355008536532838,0.5275069012886339,-1.4013999716380825,1.5300097334647655,1.497392871431661,1.3780310925544905,2.8483314279587524,-42.08488318437412,20.62705201120511,-7.887434990268929,42.08488318437412,20.62705201120511,74.0919464376789,137.93273008739152,0.07555275903359343,0.14065224117042163,7.712806975524823,1.7965005441259024e-16,0.9318027002633333,0.9588360538031099,faltinsen_ch9_reduced_order_planing_plus_matched_bie_replace_with_matched_bie,heave_pitch_2x2_v1,FnB=1.67,3.043333333333333
161,3.257583917768454,6.936750619591449,1.0821078534773516,5.806431666666666,0.01,-1.011897809954294,-1.1408877126079742,0.5379940735223513,-1.389133335545719,1.5249793279156776,1.4896741412367833,1.3766410958479953,2.83556493310635,-41.571069632638824,21.17076639013348,-7.389458940076622,41.571069632638824,21.17076639013348,73.3797317566848,136.44315720292246,0.07482650217626284,0.13913329954971626,7.6440483354501305,3.217856895444016e-16,0.9323558855037838,0.9591719853191403,faltinsen_ch9_reduced_order_planing_plus_matched_bie_replace_with_matched_bie,heave_pitch_2x2_v1,FnB=1.67,3.0560166666666664
162,3.250844939814853,6.9148051706018645,1.0776353619961798,5.8305299999999995,0.01,-0.9985371176821156,-1.1459221719641814,0.5480454256099621,-1.3769136071824553,1.5199388144224801,1.4819733027879434,1.3752084935694575,2.8228078239203844,-41.068340856389455,21.703770080435305,-6.90235659909996,41.068340856389455,21.703770080435305,72.67516087235569,134.97123092623093,0.07410803982232025,0.13763235246106564,7.576477762268547,2.3431265897573257e-16,0.9329024159889822,0.9595038421681915,faltinsen_ch9_reduced_order_planing_plus_matched_bie_replace_with_matched_bie,heave_pitch_2x2_v1,FnB=1.67,3.0686999999999998
163,3.2441476124240407,6.893026555393195,1.0731996891085749,5.854628333333332,0.01,-0.9853804628125938,-1.1506206921140691,0.5576760713238246,-1.3647507439035742,1.514893604717447,1.4742954905691512,1.3737382758596735,2.8100701120503166,-40.57643075357058,22.226324948683043,-6.425865483299333,40.57643075357058,22.226324948683043,71.97837462065198,133.51715170332432,0.07339751558447787,0.1361496043025134,7.510093510563349,6.751214355971984e-17,0.9334423972230694,0.9598316896394289,faltinsen_ch9_reduced_order_planing_plus_matched_bie_replace_with_matched_bie,heave_pitch_2x2_v1,FnB=1.67,3.081383333333333
164,3.237491508317564,6.8714128072174265,1.0688003820293714,5.878726666666666,0.01,-0.9724300006191791,-1.1549991361636622,0.5669008242316769,-1.3526537637486422,1.5098487045538775,1.4666454067353576,1.372235107130653,2.7973610097114885,-40.09507747344273,22.738688602384457,-5.959727357528294,40.09507747344273,22.738688602384457,71.2894904771735,132.08107571411796,0.07269504925450944,0.13468521433325137,7.444892006675817,2.1693192971861312e-16,0.9339759326445127,0.9601555917266462,faltinsen_ch9_reduced_order_planing_plus_matched_bie_replace_with_matched_bie,heave_pitch_2x2_v1,FnB=1.67,3.0940666666666665
165,3.230876206328515,6.849961990577683,1.0644369953674024,5.902824999999999,0.01,-0.9596872629072085,-1.1590727726195567,0.5757341741184028,-1.340630807538951,1.5048087369544063,1.4590273477115976,1.3707033427638409,2.7846889774481016,-39.624023647308434,23.241114160811605,-5.503688464635047,39.624023647308434,23.241114160811605,70.60860436423935,130.66311847978636,0.07200073864595898,0.1332393003520941,7.380868022962894,2.698061122576157e-16,0.9345031236740242,0.9604756111588043,faltinsen_ch9_reduced_order_planing_plus_matched_bie_replace_with_matched_bie,heave_pitch_2x2_v1,FnB=1.67,3.10675
166,3.2243012912895956,6.828672200605209,1.0601090909751805,5.926923333333333,0.01,-0.9471532151528351,-1.1628562809222542,0.5841902679553839,-1.3286891982282358,1.499777964584988,1.4514452296460156,1.3691470453393153,2.772061769941471,-39.1630165797969,23.7338500652115,-5.057499715202908,39.1630165797969,23.7338500652115,69.93579235393534,129.26335825220303,0.0713146613307657,0.13181194215374573,7.31801484035371,1.5810027772709998e-16,0.9350240697612009,0.9607918094297508,faltinsen_ch9_reduced_order_planing_plus_matched_bie_replace_with_matched_bie,heave_pitch_2x2_v1,FnB=1.67,3.1194333333333333
167,3.2177663539236794,6.807541562451279,1.055816237802235,5.951021666666667,0.01,-0.9348283097926586,-1.1663637593935379,0.5922828949299545,-1.3168354974512775,1.4947603112259924,1.4439026127043197,1.3675700003533922,2.759486479826861,-38.711808404413034,24.21713992469529,-4.620916841631697,38.711808404413034,24.21713992469529,69.27111226984857,127.88183919228733,0.07063687627257889,0.13040318476981164,7.256324399680911,1.0303037802138605e-16,0.935538868429924,0.96110424682712,faltinsen_ch9_reduced_order_planing_plus_matched_bie_replace_with_matched_bie,heave_pitch_2x2_v1,FnB=1.67,3.1321166666666667
168,3.2112709907368004,6.786568230693587,1.051558011751996,5.9751199999999995,0.01,-0.9227125358111035,-1.1696087352095892,0.6000254750845959,-1.3050755592503178,1.4897593823237134,1.4364027242048187,1.365975731392731,2.7469695795044564,-38.27015620680311,24.691222394355606,-4.193700520008889,38.27015620680311,24.691222394355606,68.61460519065594,126.5185743448365,0.06996742535999137,0.12901304150228313,7.1957874422871315,8.316147775743074e-17,0.936047615322554,0.9614129824604554,faltinsen_ch9_reduced_order_planing_plus_matched_bie_replace_with_matched_bie,heave_pitch_2x2_v1,FnB=1.67,3.1448
169,3.2048148039135134,6.765750388756748,1.0473339955421281,5.999218333333333,0.01,-0.9108054647844911,-1.1726041760528023,0.6074310511515396,-1.2934145809888045,1.4847784846157235,1.4289484806029604,1.3643675147423229,2.734516960948836,-37.837822118946775,25.15633108240388,-3.7756164629770126,37.837822118946775,25.15633108240388,67.9662968590791,125.17354841798951,0.0693063348432738,0.12764149675780162,7.136393640422698,4.0368068776674065e-16,0.9365504042429582,0.9617180742885846,faltinsen_ch9_reduced_order_planing_plus_matched_bie_replace_with_matched_bie,heave_pitch_2x2_v1,FnB=1.67,3.1574833333333334
170,3.1983974012145535,6.745086248346493,1.0431437785682176,6.023316666666665,0.01,-0.8991062935485432,-1.175362503133465,0.6145122832032398,-1.2818571514861292,1.4798206448319216,1.4215425083421853,1.362748393412598,2.7221339735367187,-37.41457338724621,25.612694483360457,-3.3664354865643134,37.41457338724621,25.612694483360457,67.32619899996187,123.8467203758372,0.0686536166784395,0.12628850869138514,7.078131717957528,1.3631355439855276e-16,0.9370473271984049,0.9620195791462418,faltinsen_ch9_reduced_order_planing_plus_matched_bie_replace_with_matched_bie,heave_pitch_2x2_v1,FnB=1.67,3.170166666666666
171,3.192018395876746,6.7245740488971855,1.0389869567707175,6.047414999999998,0.01,-0.8876138836607668,-1.1778956053077558,0.621281445772297,-1.270407296426912,1.4748886274802833,1.4141871635945686,1.3611211905778042,2.709825459925824,-37.00018241725704,26.06053593455283,-2.9659335537213565,37.00018241725704,26.06053593455283,66.69431055140035,122.53802585293867,0.06800926978264786,0.12495401166855012,7.020989561931062,1.9139203266361357e-16,0.9375384744403585,0.9623175527699913,faltinsen_ch9_reduced_order_planing_plus_matched_bie_replace_with_matched_bie,heave_pitch_2x2_v1,FnB=1.67,3.1828499999999993
172,3.1856774065151,6.704212057032313,1.0348631325050626,6.071513333333332,0.01,-0.8762526731490733,-1.1802162823931794,0.6278616470305801,-1.258937481085252,1.469941910562072,1.4068169138495714,1.3594231639541852,2.6974304049539906,-36.59207389862462,26.506508676596383,-2.569628811182099,36.59207389862462,26.506508676596383,66.06868426475852,121.23994592610761,0.067371308514894,0.12363033852141926,6.964172264947141,4.743866184126839e-16,0.9380239345042076,0.9626120498234573,faltinsen_ch9_reduced_order_planing_plus_matched_bie_replace_with_matched_bie,heave_pitch_2x2_v1,FnB=1.67,3.1955333333333327
173,3.1793740570270335,6.683998566037575,1.0307719144148653,6.095611666666665,0.01,-0.8650717004079002,-1.182331261587523,0.6341856873067899,-1.2475357932825504,1.465010668552881,1.3994774172904356,1.3576984371803262,2.6850604732538215,-36.19166910920495,26.946538900346525,-2.1801987664516957,36.19166910920495,26.946538900346525,65.45057758363853,119.95732358389783,0.06674101511080598,0.12232242772394022,6.908183463971539,1.9994267390784372e-17,0.9385037942479577,0.9629031239218852,faltinsen_ch9_reduced_order_planing_plus_matched_bie_replace_with_matched_bie,heave_pitch_2x2_v1,FnB=1.67,3.208216666666666
174,3.173107976498678,6.663931895346238,1.0267129173081058,6.119709999999999,0.01,-0.8540963319291577,-1.1842501924152318,0.6402236346869087,-1.2362526144684813,1.4601126882711333,1.3921949680960177,1.3559729741651187,2.6727794747206692,-35.79962303859739,27.37848440115829,-1.7989977061592697,35.79962303859739,27.37848440115829,64.84066718591352,118.69275965741222,0.06611907958978196,0.12103293138575581,6.853294699517555,2.5089739467604975e-16,0.9389781388899181,0.963190827656043,faltinsen_ch9_reduced_order_planing_plus_matched_bie_replace_with_matched_bie,heave_pitch_2x2_v1,FnB=1.67,3.2208999999999994
175,3.166878799113201,6.644010390036409,1.0226857620362377,6.143808333333332,0.01,-0.8433243714430073,-1.1859832771772159,0.6459866233701846,-1.2250902846922498,1.4552499198466744,1.384971091113656,1.3542489223239826,2.6605906625258036,-35.415723230594296,27.80255396763215,-1.4258162036376518,35.415723230594296,27.80255396763215,64.23891394185418,117.4461185488355,0.06550546205060259,0.11976171123557537,6.799491290044342,2.818072891419015e-17,0.9394470520454146,0.9634752126155111,faltinsen_ch9_reduced_order_planing_plus_matched_bie_replace_with_matched_bie,heave_pitch_2x2_v1,FnB=1.67,3.233583333333333
176,3.160686164061105,6.624232420339938,1.0186900753761277,6.167906666666665,0.01,-0.8327534344893897,-1.1875402483156419,0.6514854005009746,-1.2140507484104417,1.4504241186713116,1.3778071152312537,1.3525282601016118,2.648496918742528,-35.0397624943883,28.218951119060307,-1.0604500889058102,35.0397624943883,28.218951119060307,63.64527050042838,116.21725028079084,0.06490011420865269,0.11850861433903612,6.746758123082993,2.3199770520023473e-16,0.9399106157625537,0.9637563294113443,faltinsen_ch9_reduced_order_planing_plus_matched_bie_replace_with_matched_bie,heave_pitch_2x2_v1,FnB=1.67,3.246266666666666
177,3.1545297154524463,6.604596381162599,1.0147254899147509,6.192004999999999,0.01,-0.8223809734496913,-1.188930385682823,0.6567303324596881,-1.2031355871744025,1.4456368587899135,1.370704187889607,1.3508128075158163,2.6365007810216117,-34.671538856771576,28.627874154570975,-0.7027003997332315,34.671538856771576,28.627874154570975,63.05968212439272,115.0059921072455,0.06430298024747771,0.11727347474136988,6.695079726471233,9.315579412520081e-17,0.940368910557069,0.964034227698148,faltinsen_ch9_reduced_order_planing_plus_matched_bie_replace_with_matched_bie,heave_pitch_2x2_v1,FnB=1.67,3.2589499999999996
178,3.1484091022309277,6.5851006916152635,1.0107916439365692,6.216103333333332,0.01,-0.8122043004072467,-1.1901625337561248,0.661731412054481,-1.1923460501170802,1.4408895455088928,1.363663288693151,1.3491042361433745,2.6246044676470706,-34.31085550396111,29.02951621259467,-0.35237332238619956,34.31085550396111,29.02951621259467,62.48208746309231,113.81216999921317,0.06371399760682019,0.11605611498239782,6.644440333401183,1.3301366715131712e-16,0.9408220154462715,0.9643089561955754,faltinsen_ch9_reduced_order_planing_plus_matched_bie_replace_with_matched_bie,heave_pitch_2x2_v1,FnB=1.67,3.271633333333333
179,3.1423239780898173,6.56574379455578,1.0068881813135184,6.240201666666666,0.01,-0.8022206079896751,-1.1912451187056023,0.666498266452873,-1.1816830823517053,1.4361834272554632,1.3566852421622755,1.3474040785665349,2.612809901046752,-33.95752071448243,29.424065339220704,-0.009280123486774983,33.95752071448243,29.424065339220704,61.91241926678427,112.63560001325469,0.06313309771102697,0.11485634749201275,6.594823941712446,1.8675987259555743e-16,0.9412700079821368,0.9645805627092682,faltinsen_ch9_reduced_order_planing_plus_matched_bie_replace_with_matched_bie,heave_pitch_2x2_v1,FnB=1.67,3.2843166666666663
180,3.1362740013896504,6.546524156141274,1.0030147513975363,6.2642999999999995,0.01,-0.7924269883386421,-1.1921861652360917,0.6710401657107847,-1.1711473513938726,1.4315196067213989,1.3497707296700578,1.3457137372998493,2.601118729832042,-33.61134778440754,29.811704564151,0.32676292572267585,33.61134778440754,29.811704564151,61.35060504615433,111.47608955043644,0.06256020664156907,0.11367397587395946,6.546214367841086,5.551784481765222e-16,0.9417129642835473,0.9648490941512583,faltinsen_ch9_reduced_order_planing_plus_matched_bie_replace_with_matched_bie,heave_pitch_2x2_v1,FnB=1.67,3.2969999999999997
181,3.1302588350776626,6.527440265390563,0.9991710089155591,6.288398333333332,0.01,-0.7828204503450903,-1.1929933131387258,0.6753660317731051,-1.1607392717168266,1.4268990513250066,1.3429203006056092,1.3440344932176678,2.589532349440275,-33.27215494611676,30.192611983082912,0.6559346315417542,33.27215494611676,30.192611983082912,60.79656768054214,110.3334385130514,0.061995245757258746,0.11250879608536188,6.498595295812827,3.260527203183318e-16,0.9421509590677178,0.9651145965598384,faltinsen_ch9_reduced_order_planing_plus_matched_bie_replace_with_matched_bie,heave_pitch_2x2_v1,FnB=1.67,3.309683333333333
182,3.1242781466089222,6.508490633756468,0.9953566138669253,6.312496666666666,0.01,-0.7733979352803826,-1.1936738334986154,0.6794844478350077,-1.1504590275473165,1.4223226030247986,1.3361343828053982,1.3423675135030884,2.578051921452327,-32.93976528163762,30.566960845469765,0.9784089653498427,32.93976528163762,30.566960845469765,60.25022597823543,109.20744036605778,0.061438132265590625,0.11136059751908939,6.45195032164726,1.636628974017563e-16,0.9425840656808252,0.9653771151189162,faltinsen_ch9_reduced_order_planing_plus_matched_bie_replace_with_matched_bie,heave_pitch_2x2_v1,FnB=1.67,3.3223666666666665
183,3.118331607869109,6.489673794707718,0.9915712314231203,6.336594999999999,0.01,-0.7641563309461816,-1.1942346445156673,0.6834036679668769,-1.1403065940062613,1.4177909875177626,1.329413292292785,1.3407138591392853,2.5666783916561164,-32.61400663150653,30.93491964671489,1.29435515557617,32.61400663150653,30.93491964671489,59.71149519202716,108.09788310982199,0.060888779748463705,0.11022916399567845,6.406262993518101,1.3770496457847776e-16,0.9430123561278688,0.9656366941768869,faltinsen_ch9_reduced_order_planing_plus_matched_bie_replace_with_matched_bie,heave_pitch_2x2_v1,FnB=1.67,3.33505
184,3.1124188950989056,6.470988303320221,0.9878145318297984,6.360693333333333,0.01,-0.7550924844584627,-1.1946823269045397,0.6871316269180069,-1.1302817566949541,1.413304822854468,1.3227572423647578,1.3390744919641153,2.5554125069248417,-32.29471150000123,31.296652223953146,1.6039377832558444,32.29471150000123,31.296652223953146,59.18028749306974,107.00455017039928,0.06034709864537813,0.1091142746711663,6.361516847993644,1.7347277059930101e-16,0.9434359011017782,0.9658933772650136,faltinsen_ch9_reduced_order_planing_plus_matched_bie_replace_with_matched_bie,heave_pitch_2x2_v1,FnB=1.67,3.3477333333333332
185,3.1065396888199612,6.45243273587745,0.984086190311026,6.384791666666667,0.01,-0.7462032137737719,-1.1950231388475676,0.690675950025296,-1.1203841298237118,1.4088646275023722,1.3161663520635152,1.337450281308727,2.544254830976576,-31.981716957502783,31.65231785466247,1.9073168804150384,31.981716957502783,31.65231785466247,58.656512405898255,105.92722121323385,0.05981299669703544,0.1080157048668341,6.3176954426613845,6.201874368206219e-17,0.9438547700117935,0.9661472071153394,faltinsen_ch9_reduced_order_planing_plus_matched_bie_replace_with_matched_bie,heave_pitch_2x2_v1,FnB=1.67,3.3604166666666666
186,3.1006936737623865,6.43400568947971,0.9803858869756833,6.4088899999999995,0.01,-0.7374853180587914,-1.195263030481315,0.6940439631630966,-1.1106131729757858,1.404470827887733,1.3096406540690773,1.3358420102405661,2.5332057590794648,-31.674864540662497,32.002071357431134,2.204648030611395,31.674864540662497,32.002071357431134,58.140077207334905,104.86567288581551,0.05928637935210791,0.10693322682650602,6.274782385420917,1.6383901937795445e-16,0.9442690310111386,0.9663982256781536,faltinsen_ch9_reduced_order_planing_plus_matched_bie_replace_with_matched_bie,heave_pitch_2x2_v1,FnB=1.67,3.3731
187,3.0948805387937406,6.415705781662039,0.97671330672597,6.432988333333333,0.01,-0.728935586997478,-1.1954076579032633,0.6972427026792509,-1.100968206595114,1.400123765445442,1.303180102047575,1.3342503814307096,2.5222655317641918,-31.374000150976144,32.34606319428062,2.496082471029439,31.374000150976144,32.34606319428062,57.630887291830334,103.81967949449455,0.05876715013978304,0.10586661040670826,6.232761360710678,2.3545287176770553e-16,0.9446787510240043,0.9666464741390084,faltinsen_ch9_reduced_order_planing_plus_matched_bie_replace_with_matched_bie,heave_pitch_2x2_v1,FnB=1.67,3.3857833333333334
188,3.089099976849485,6.397531650020554,0.9730681391679614,6.457086666666664,0.01,-0.7205508091235743,-1.1954623966902438,0.7002789252702802,-1.0914484262822581,1.3958237032050356,1.2967845774883802,1.3326760226649883,2.5114342476028706,-31.07897395229881,32.68443957401152,2.7817671955989454,31.07897395229881,32.68443957401152,57.12884650564869,102.78901362033848,0.05825521101053743,0.10481562370466824,6.191616152915994,2.3183950748202923e-16,0.9450839957718642,0.9668919929353105,faltinsen_ch9_reduced_order_planing_plus_matched_bie_replace_with_matched_bie,heave_pitch_2x2_v1,FnB=1.67,3.398466666666666
189,3.0833516848648523,6.379481951846985,0.9694500785241569,6.481184999999998,0.01,-0.7123277792600655,-1.1954323549245167,0.7031591177557577,-1.0820529159785108,1.391570831939917,1.2904538960616352,1.3311194920177414,2.5007118751108064,-30.78964026777183,33.01734255610239,3.061845058666421,30.78964026777183,33.01734255610239,56.63385745215368,101.77344667860083,0.05775046264744197,0.10378003362881397,6.151330667188963,2.315002614137285e-16,0.9454848297991397,0.9671348217724948,faltinsen_ch9_reduced_order_planing_plus_matched_bie_replace_with_matched_bie,heave_pitch_2x2_v1,FnB=1.67,3.4111499999999992
190,3.077635363708111,6.361555363771229,0.9658588235479758,6.505283333333332,0.01,-0.704263305141306,-1.1953223857270907,0.7058895067181447,-1.0727806601139145,1.387365275905686,1.2841878135262115,1.3295812827063993,2.490098263824922,-30.505857476578427,33.344910154746344,3.3364548788044885,30.505857476578427,33.344910154746344,56.14582177031465,100.7727494260771,0.05725280475015898,0.10275960641613303,6.11188894789425,2.894064219041971e-16,0.9458813164982334,0.9673749996397927,faltinsen_ch9_reduced_order_planing_plus_matched_bie_replace_with_matched_bie,heave_pitch_2x2_v1,FnB=1.67,3.4238333333333326
191,3.071950718115182,6.343750581411671,0.9622940774401437,6.529381666666665,0.01,-0.6963542132879685,-1.195137099300988,0.7084760679799669,-1.0636305547907248,1.3832070981922717,1.2779860312166091,1.328061827644473,2.479593154610038,-30.227487910892194,33.667276442662256,3.6057315423965974,30.227487910892194,33.667276442662256,55.66464038841587,99.78669242034158,0.056762136293653676,0.10175410810046408,6.073275194879877,1.9633068635865807e-16,0.9462735181339484,0.9676125648256162,faltinsen_ch9_reduced_order_planing_plus_matched_bie_replace_with_matched_bie,heave_pitch_2x2_v1,FnB=1.67,3.436516666666666
192,3.0662974566255823,6.326066319033127,0.958755547766925,6.553479999999999,0.01,-0.6885973541997289,-1.194880874489739,0.7109245358950791,-1.0546014180697212,1.3790963057133574,1.2718482011357726,1.3265615037097662,2.4691961892415257,-29.9543977533379,33.9845716543623,3.8698061066784817,29.9543977533379,33.9845716543623,55.190213754823574,98.81504643458904,0.05627835576351106,0.10076330493551727,6.035473777757486,1.3726349922543724e-16,0.9466614958673099,0.9678475549325443,faltinsen_ch9_reduced_order_planing_plus_matched_bie_replace_with_matched_bie,heave_pitch_2x2_v1,FnB=1.67,3.4491999999999994
193,3.060675291519655,6.308501309212174,0.9552429463801527,6.5775783333333315,0.01,-0.6809896069256849,-1.1945578698585684,0.7132404124351107,-1.045691999422801,1.3750328538554413,1.265773930679354,1.3250806357439682,2.4589069193103246,-29.686456935242973,34.29692228859889,4.128805901960163,29.686456935242973,34.29692228859889,54.72244204754286,97.85758283154998,0.055801361369624554,0.09978696377616207,5.998469248362822,1.8794110180751773e-16,0.9470453097788054,0.9680800068919504,faltinsen_ch9_reduced_order_planing_plus_matched_bie_replace_with_matched_bie,heave_pitch_2x2_v1,FnB=1.67,3.4618833333333328
194,3.0550839387570674,6.2910543025097,0.9517559893390095,6.601676666666665,0.01,-0.6735278830678733,-1.1941720343075,0.7154289760559999,-1.0369009884114349,1.3710166508077148,1.2597627870155346,1.3236195002990572,2.448724814493841,-29.423539035918537,34.60445120975231,4.3828546327893605,29.423539035918537,34.60445120975231,54.26122536418125,96.91407389971107,0.05533105123990482,0.09882485242127646,5.962246351554838,2.844973527575144e-16,0.9474250188910621,0.9683099569782726,faltinsen_ch9_reduced_order_planing_plus_matched_bie_replace_with_matched_bie,heave_pitch_2x2_v1,FnB=1.67,3.474566666666666
195,3.0495231179165367,6.27372406715049,0.9482943968335157,6.625774999999999,0.01,-0.6662091302689364,-1.1937271172270079,0.717495290332836,-1.0282270226468222,1.3670475615927908,1.2538143011430956,1.3221783291452027,2.438649270233745,-29.165521183178413,34.90727774795303,4.632072477850983,29.165521183178413,34.90727774795303,53.80646389382388,95.98429315484024,0.05486732359554373,0.09787673992121698,5.926790034499369,3.9898385585627935e-16,0.9478006811909724,0.9685374408229098,faltinsen_ch9_reduced_order_planing_plus_matched_bie_replace_with_matched_bie,heave_pitch_2x2_v1,FnB=1.67,3.4872499999999995
196,3.043992552136759,6.256509388709675,0.9448578931096814,6.649873333333332,0.01,-0.6590303352309715,-1.1932266782080323,0.7194442123541486,-1.0196686950841238,1.3631254118172773,1.2479279716491818,1.3207573125542162,2.42867961485947,-28.91228395527179,35.20551779776244,4.876576188426242,28.91228395527179,35.20551779776244,53.35805807222449,95.06801560960884,0.05441007690926514,0.0969423968527569,5.892085454572633,8.846366374183457e-17,0.9481723536512869,0.968762493427808,faltinsen_ch9_reduced_order_planing_plus_matched_bie_replace_with_matched_bie,heave_pitch_2x2_v1,FnB=1.67,3.499933333333333
197,3.038491968058509,6.239409069805859,0.9414462063962793,6.673971666666666,0.01,-0.6519885263087916,-1.192674096319001,0.7212804008693354,-1.0112245606996564,1.359249991160072,1.2421032681868454,1.3193566023718317,2.4188151161938425,-28.663711284378678,35.49928391526501,5.116479185264467,28.663711284378678,35.49928391526501,52.91590872161516,94.16501801389614,0.05395921004789115,0.09602159556412858,5.858117986008974,1.2493674223142305e-16,0.9485400922516873,0.9689851491786924,faltinsen_ch9_reduced_order_planing_plus_matched_bie_replace_with_matched_bie,heave_pitch_2x2_v1,FnB=1.67,3.5126166666666663
198,3.033021095767897,6.222421929800775,0.9380590688331993,6.698069999999999,0.01,-0.6450807757173849,-1.1920725789631827,0.7230083241850793,-1.0028931425968077,1.355421056615278,1.2363396346913003,1.317976314891466,2.409054987675208,-28.419690361794437,35.78868541344585,5.351891653742115,28.419690361794437,35.78868541344585,52.4799171763486,93.27507906817874,0.05351462240046154,0.09511411039262006,5.824873225407847,1.7749686484227214e-16,0.948903951999353,0.969205441857985,faltinsen_ch9_reduced_order_planing_plus_matched_bie_replace_with_matched_bie,heave_pitch_2x2_v1,FnB=1.67,3.5252999999999997
199,3.02757966874073,6.205546804505296,0.9346962164013428,6.722168333333332,0.01,-0.6383042013900739,-1.1914251703301697,0.7246322678085384,-0.994672937583332,1.3516383355056536,1.2306364923526363,1.3166165335414406,2.399398394028311,-28.180111544906225,36.07382845575199,5.582920637207025,28.180111544906225,36.07382845575199,52.04998539549889,92.39797961222793,0.0530762139930546,0.09421971785699289,5.792336996205786,1.6980464964271276e-16,0.9492639869490375,0.9694234046574148,faltinsen_ch9_reduced_order_planing_plus_matched_bie_replace_with_matched_bie,heave_pitch_2x2_v1,FnB=1.67,3.537983333333333
200,3.022167423787981,6.1887825458916526,0.931357388854021,6.746266666666666,0.01,-0.6316559685208735,-1.1907347594555744,0.7261563418367052,-0.9865624212598118,1.3479015282815607,1.2249932423616419,1.3152773113969944,2.3898444565142376,-27.94486826604546,36.35481614775392,5.8096701284243295,27.94486826604546,36.35481614775392,51.62601606346606,91.53350279117504,0.052643885591375304,0.09333819682682165,5.760495352210753,1.5833724247851562e-16,0.9496202502226645,0.969639070190312,faltinsen_ch9_reduced_order_planing_plus_matched_bie_replace_with_matched_bie,heave_pitch_2x2_v1,FnB=1.67,3.5506666666666664
201,3.016784101002321,6.172128021811701,0.9280423296498176,6.770364999999999,0.01,-0.6251332908217603,-1.190004087903202,0.7275844880927246,-0.9785600526563477,1.344210311119497,1.219409268444334,1.3139586735278113,2.3803922577878547,-27.713856943283986,36.63174862684053,6.032241159058287,27.713856943283986,36.63174862684053,51.20791267955411,90.68143420085026,0.05221753879209936,0.09246932867069822,5.72933458028852,1.5813013544185067e-16,0.9499727940284589,0.9698524705036058,faltinsen_ch9_reduced_order_planing_plus_matched_bie_replace_with_matched_bie,heave_pitch_2x2_v1,FnB=1.67,3.56335
202,3.0114294437056905,6.155582115721081,0.9247507858868794,6.794463333333333,0.01,-0.6187334315229848,-1.1892357570840209,0.7289204870111524,-0.9706642784519767,1.3405643383334545,1.21388393919982,1.3126606191912,2.3710408463894352,-27.48697689322495,36.904723149897364,6.250731887138585,27.48697689322495,36.904723149897364,50.79557963742123,89.84156201415759,0.05179707610388994,0.09161289738509848,5.698841202283245,2.3061147132496377e-16,0.9503216696796257,0.9700636370895542,faltinsen_ch9_reduced_order_planing_plus_matched_bie_replace_with_matched_bie,heave_pitch_2x2_v1,FnB=1.67,3.576033333333333
203,3.006103198397901,6.13914372640915,0.9214825082386027,6.818561666666666,0.01,-0.6124537041421652,-1.1884322352261603,0.7301679642751241,-0.9628735368088873,1.3369632446114987,1.2084166102551448,1.3113831238804647,2.3617892408954084,-27.264130245827204,37.17383417893009,6.465237682474196,27.264130245827204,37.17383417893009,50.38892229523438,89.01367709011421,0.05138240101893551,0.09076868970557145,5.669001976247983,8.553693974585618e-17,0.9506669276125864,0.9702726008971617,faltinsen_ch9_reduced_order_planing_plus_matched_bie_replace_with_matched_bie,heave_pitch_2x2_v1,FnB=1.67,3.5887166666666666
204,3.0008051147062247,6.12281176773452,0.9182372508906751,6.8426599999999995,0.01,-0.6062914730457034,-1.1875958640100899,0.7313303972092428,-0.9551862608512571,1.3334066470892518,1.2030066262499284,1.3101261412374978,2.3526364337516683,-27.04522186128895,37.439173464607734,6.675851209989048,27.04522186128895,37.439173464607734,49.987847037299325,88.1975730670585,0.05097341807579482,0.08993649520178502,5.6398038970543904,1.7297863354677775e-16,0.9510086174047868,0.9704793923433516,faltinsen_ch9_reduced_order_planing_plus_matched_bie_replace_with_matched_bie,heave_pitch_2x2_v1,FnB=1.67,3.6014
205,2.9955349453359603,6.106585168366079,0.9150147714794467,6.866758333333333,0.01,-0.6002441538240418,-1.1867288648828813,0.7324111209326913,-0.9476008818163932,1.3298941472711847,1.1976533226627342,1.3088896048380747,2.3435813948113062,-26.830159249006698,37.700830127711185,6.882662510964877,26.830159249006698,37.700830127711185,49.592261327878845,87.39304644141535,0.050570032914276385,0.08911610635784427,5.611234196445285,2.233045642575044e-16,0.9513467877920873,0.9706840413238526,faltinsen_ch9_reduced_order_planing_plus_matched_bie_replace_with_matched_bie,heave_pitch_2x2_v1,FnB=1.67,3.6140833333333333
206,2.9902924460219547,6.090462871529368,0.9118148310315923,6.890856666666664,0.01,-0.5943092135003903,-1.1858333450652268,0.7334133342776236,-0.9401158319038827,1.326425332809969,1.1923560274903426,1.3076734298578547,2.334623074597261,-26.618852488615715,37.958890738480505,7.085759082185234,26.618852488615715,37.958890738480505,49.202073757858834,86.59989663329979,0.050172152323024514,0.0883073186391885,5.583280342588236,2.1046210207288698e-16,0.9516814866857457,0.9708865772238452,faltinsen_ch9_reduced_order_planing_plus_matched_bie_replace_with_matched_bie,heave_pitch_2x2_v1,FnB=1.67,3.626766666666666
207,2.9850773754810453,6.074443834758163,0.9086371939050345,6.914954999999998,0.01,-0.5884841705908478,-1.184911303264572,0.7343401054783535,-0.9327295468465845,1.3229997791534753,1.187114062790343,1.3064775146266059,2.3257604073090037,-26.411214153110137,38.213439393863894,7.2852259529830405,26.411214153110137,38.213439393863894,48.81719408487167,85.8179260401395,0.04977968428043387,0.08750993054727098,5.55593003918362,1.2623559387607569e-16,0.9520127611890055,0.9710870289283459,faltinsen_ch9_reduced_order_planing_plus_matched_bie_replace_with_matched_bie,heave_pitch_2x2_v1,FnB=1.67,3.639449999999999
208,2.979889495365424,6.058527029651167,0.9054816277311009,6.939053333333332,0.01,-0.5827665950322478,-1.1839646351073778,0.7351943776372223,-0.9254404682255646,1.3196170510683871,1.1819267460967853,1.3053017420777309,2.316992313591151,-26.20715923403452,38.46455779267771,7.481145760201741,26.20715923403452,38.46455779267771,48.4375332674401,85.04694007940512,0.04939253798946644,0.08672374366313176,5.529171224175891,1.2170647543953962e-16,0.9523406576132963,0.9712854248323421,faltinsen_ch9_reduced_order_planing_plus_matched_bie_replace_with_matched_bie,heave_pitch_2x2_v1,FnB=1.67,3.6521333333333326
209,2.9747285702168766,6.042711441633665,0.9023479033578791,6.963151666666665,0.01,-0.5771541079926089,-1.1829951383031745,0.7359789739732691,-0.9182470455494639,1.316276704048845,1.176793391717962,1.3041459810997482,2.308317703080713,-26.00660506873146,38.71232530869247,7.673598821084539,26.00660506873146,38.71232530869247,48.06300349366168,84.28674722145081,0.049010623906901626,0.08594856268088574,5.502992068112675,1.7085796966564338e-16,0.9526652214940617,0.9714817928506998,faltinsen_ch9_reduced_order_planing_plus_matched_bie_replace_with_matched_bie,heave_pitch_2x2_v1,FnB=1.67,3.664816666666666
210,2.9695943674219034,6.026996069724039,0.8992357947947458,6.987249999999999,0.01,-0.5716443815777202,-1.1820045175526668,0.7366966028600712,-0.91114773811725,1.3129782856179635,1.1717133119247858,1.3030100877959758,2.2997354767485563,-25.809471269624765,38.95681906166641,7.862663204113403,25.809471269624765,38.95681906166641,47.69351820491366,83.53715901338775,0.048633853767508436,0.08518419543206676,5.477380972192473,7.81794865701866e-17,0.952986497606219,0.9716761604278362,faltinsen_ch9_reduced_order_planing_plus_matched_bie_replace_with_matched_bie,heave_pitch_2x2_v1,FnB=1.67,3.6774999999999993
211,2.9644866571676767,6.011379926305011,0.8961450791580394,7.0113483333333315,0.01,-0.5662351384461864,-1.180994389211753,0.7373498626592127,-0.904141016681931,1.309721336529574,1.1666858180376565,1.3018939066582833,2.291244529049658,-25.615679655514555,39.19811398635116,8.048414797822801,25.615679655514555,39.19811398635116,47.328992115021414,82.79799009484073,0.048262140603591866,0.08443045290169501,5.452326566038046,1.0198764460940917e-16,0.9533045299792646,0.971868554547166,faltinsen_ch9_reduced_order_planing_plus_matched_bie_replace_with_matched_bie,heave_pitch_2x2_v1,FnB=1.67,3.6901833333333327
212,2.95940521239884,5.995862036899525,0.8930755366178486,7.035446666666665,0.01,-0.5609241513441003,-1.1799662857228963,0.7379412463559524,-0.897225364931451,1.3065053918770435,1.161710221419159,1.3007972716604157,2.282843749895671,-25.42515418485425,39.436282899499474,8.230927377617519,25.42515418485425,39.436282899499474,46.969341225297995,82.06905820636638,0.04789539876032896,0.0836871492368611,5.427817705229537,1.6598875437521024e-16,0.9536193619120321,0.9720590017403218,faltinsen_ch9_reduced_order_planing_plus_matched_bie_replace_with_matched_bie,heave_pitch_2x2_v1,FnB=1.67,3.702866666666666
213,2.9543498087751114,5.980441439951143,0.8900269503458915,7.059544999999999,0.01,-0.555709242569517,-1.178921659824901,0.7384731460036774,-0.8903992808018374,1.3033299821156137,1.1567858343794664,1.2997200072760766,2.2745320264625497,-25.23782089097881,39.67139656490633,8.410272670626512,25.23782089097881,39.67139656490633,46.614482835832696,81.35018419125502,0.04753354390727996,0.0829541017485635,5.403843468628085,8.449626560822366e-17,0.9539310359871132,0.9722475280961743,faltinsen_ch9_reduced_order_planing_plus_matched_bie_replace_with_matched_bie,heave_pitch_2x2_v1,FnB=1.67,3.7155499999999995
214,2.949320224629683,5.965117186608843,0.8869991064644589,7.083643333333332,0.01,-0.5505882833759079,-1.1778618885516694,0.7389478569837366,-0.8836612776364432,1.3001946340042072,1.1519119710007912,1.298661929426585,2.2663082448449376,-25.05360781924827,39.9035237565202,8.58652041862905,25.05360781924827,39.9035237565202,46.26433555337347,80.64119199137058,0.04717649304642612,0.08223113090746645,5.380393155518096,6.537425802102701e-17,0.9542395940849479,0.9724341592696286,faltinsen_ch9_reduced_order_planing_plus_matched_bie_replace_with_matched_bie,heave_pitch_2x2_v1,FnB=1.67,3.728233333333333
215,2.944316240928399,5.949888340516139,0.8839917939963942,7.107741666666666,0.01,-0.5455591933229694,-1.1767882770301554,0.7393675820871867,-0.8770098852041796,1.2970988714723373,1.1470879478868656,1.2976228463626944,2.258171291568416,-24.87244496607127,40.13273131965991,8.759738439089006,24.87244496607127,40.13273131965991,45.91881929612443,79.94190863763883,0.04682416451706183,0.0815180603342006,5.357456282593766,4.6173178349343236e-17,0.9545450773975975,0.9726189204902354,faltinsen_ch9_reduced_order_planing_plus_matched_bie_replace_with_matched_bie,heave_pitch_2x2_v1,FnB=1.67,3.7409166666666662
216,2.9393376412296894,5.934753977604397,0.8810048048160906,7.131839999999999,0.01,-0.5406199395822996,-1.1757020620872654,0.7397344354249465,-0.8704436505885548,1.2940422164173073,1.1423130848429401,1.2966025594847892,2.2501200549697855,-24.694264219768144,40.3590842303779,8.929992684338004,24.694264219768144,40.3590842303779,45.57785529575091,79.25216423573576,0.04647647799783913,0.08081471678476929,5.335022580812972,1.013947453467005e-16,0.9548475264422019,0.972801836570582,faltinsen_ch9_reduced_order_planing_plus_matched_bie_replace_with_matched_bie,heave_pitch_2x2_v1,FnB=1.67,3.7535999999999996
217,2.934384211645249,5.919713185890266,0.8780379336014755,7.155938333333332,0.01,-0.5357685362047953,-1.1746044156750868,0.7400504461727307,-0.863961138958517,1.2910241894366041,1.1375867054914783,1.2956008641054988,2.2421534264550043,-24.518999303234466,40.582645653009706,9.097347298947057,24.518999303234466,40.582645653009706,45.241366096863764,78.57179194748889,0.04613335450624195,0.08012093013158306,5.313081992139703,1.562239289734767e-16,0.9551469810741344,0.972982931914518,faltinsen_ch9_reduced_order_planing_plus_matched_bie_replace_with_matched_bie,heave_pitch_2x2_v1,FnB=1.67,3.766283333333333
218,2.9294557408014428,5.90476506527712,0.875090977786964,7.180036666666666,0.01,-0.5310030433559085,-1.173496448123382,0.7403175621570444,-0.8575609342311833,1.288044310500004,1.13290813782831,1.2946175501584363,2.234270301643612,-24.3465857183636,40.80347699595177,9.261864675329207,24.3465857183636,40.80347699595177,44.909275554230696,77.9006279684559,0.04579471639574238,0.07943653334059633,5.291624666194044,1.915801216644586e-16,0.9554434804998604,0.973162230525165,faltinsen_ch9_reduced_order_planing_plus_matched_bie_replace_with_matched_bie,heave_pitch_2x2_v1,FnB=1.67,3.7789666666666664
219,2.92455201980142,5.889908727360425,0.8721637375173545,7.204134999999999,0.01,-0.526321566524333,-1.172379211227936,0.7405376532883741,-0.8512416396358204,1.2851020995656592,1.1282767147237118,1.293652402856592,2.2264695814079905,-24.176960692185446,41.0216379657098,9.423605507614809,24.176960692185446,41.0216379657098,44.58150882794396,77.2385115021109,0.045460487350873095,0.07876136244498468,5.270640956827013,1.657280396579472e-16,0.9557370632895068,0.9733397560127734,faltinsen_ch9_reduced_order_planing_plus_matched_bie_replace_with_matched_bie,heave_pitch_2x2_v1,FnB=1.67,3.7916499999999997
220,2.919672842187925,5.875143295236931,0.8692560156026489,7.228233333333333,0.01,-0.5217222557091106,-1.1712537011829114,0.7407125148475885,-0.8450018781876575,1.2821970771440994,1.12369177437254,1.2927052033036468,2.218750172815111,-24.01006312467942,41.237186619261394,9.582628843843764,24.01006312467942,41.237186619261394,44.25799237675388,76.58528473102787,0.04513059238042949,0.07809525651576009,5.250121418635902,6.493193324826138e-17,0.956027767389149,0.9735155316023746,faltinsen_ch9_reduced_order_planing_plus_matched_bie_replace_with_matched_bie,heave_pitch_2x2_v1,FnB=1.67,3.804333333333333
221,2.9148180039067895,5.860467903317613,0.8663676174737716,7.252331666666666,0.01,-0.517203304589667,-1.1701208613650447,0.7408438706313868,-0.8388402930795055,1.2793287648138558,1.119152660697282,1.291775729061299,2.211110989978003,-23.845833538218073,41.45017941477573,9.738992136517282,23.845833538218073,41.45017941477573,43.93865394976176,75.94079278542178,0.044804957808998756,0.07743805762969187,5.230056803434094,1.5211174508400834e-16,0.9563156301328248,0.9736895801412756,faltinsen_ch9_reduced_order_planing_plus_matched_bie_replace_with_matched_bie,heave_pitch_2x2_v1,FnB=1.67,3.8170166666666665
222,2.9099873032710875,5.8458816971442635,0.8634983511391694,7.2764299999999995,0.01,-0.5127629496828104,-1.1689815849771146,0.7409333759624951,-0.832755547998486,1.276496685692142,1.1146587237075924,1.290863754675478,2.203550954823601,-23.684214028598603,41.66067126073435,9.892751291552969,23.684214028598603,41.66067126073435,43.62342257664874,75.30488370937374,0.044483511266996116,0.07678961083486588,5.210438056688243,1.68329550543931e-16,0.9566006882542806,0.9738619241063804,faltinsen_ch9_reduced_order_planing_plus_matched_bie_replace_with_matched_bie,heave_pitch_2x2_v1,FnB=1.67,3.8297
223,2.905180540925943,5.831383833209665,0.8606480271422712,7.300528333333333,0.01,-0.5083994694903028,-1.167836717557783,0.7409826205701279,-0.8267463273746191,1.2737003648637926,1.1102093198196432,1.2899690521641292,2.1960689977831795,-23.525148217618067,41.868715563496664,10.043960715687177,23.525148217618067,41.868715563496664,43.3122285566029,74.67740842503925,0.044166181679373605,0.07614976411418707,5.191256313934025,1.941604456577576e-16,0.9568829778984567,0.9740325856113511,faltinsen_ch9_reduced_order_planing_plus_matched_bie_replace_with_matched_bie,heave_pitch_2x2_v1,FnB=1.67,3.8423833333333333
224,2.9003975198139753,5.816973478781248,0.8578164585197862,7.324626666666666,0.01,-0.5041111836402637,-1.1666870593645713,0.7409931313460699,-0.8208113365675005,1.270939329771464,1.105803812138383,1.289091391469119,2.1886640584111934,-23.36858120715118,42.07436427335281,10.192673362367145,23.36858120715118,42.07436427335281,43.00500344609417,74.05822069511437,0.0438528992531539,0.07551836834710567,5.17250289718088,2.1924180091028068e-16,0.9571625346327175,0.9742015864136029,faltinsen_ch9_reduced_order_planing_plus_matched_bie_replace_with_matched_bie,heave_pitch_2x2_v1,FnB=1.67,3.8550666666666666
225,2.89563804514137,5.802649811728172,0.8550034607608242,7.348724999999998,0.01,-0.49989645202526345,-1.1655333676364004,0.7409663749815667,-0.8149493019967721,1.268213110569866,1.1014415707055685,1.2882305408745964,2.1813350859378624,-23.21445953468549,42.27766792910819,10.338940776177168,23.21445953468549,42.27766792910819,42.701680045632266,73.44717708380678,0.043543595463927304,0.07489527726981872,5.154169311314825,2.5081984820394765e-16,0.9574393934578366,0.974368947921141,faltinsen_ch9_reduced_order_planing_plus_matched_bie_replace_with_matched_bie,heave_pitch_2x2_v1,FnB=1.67,3.867749999999999
226,2.8909019243445537,5.788412020351728,0.8522088517668159,7.372823333333331,0.01,-0.4957536739397108,-1.1643763587418285,0.740903760490018,-0.8091589712216816,1.2655212404466392,1.0971219727162427,1.2873862673940408,2.174081039760554,-23.062731130274102,42.47867570124072,10.482813135839933,23.062731130274102,42.47867570124072,42.402192385633754,72.84413691654092,0.04323820304144,0.07428034743418081,5.136247240507582,7.678735070550898e-17,0.9577135888187366,0.9745346911992558,faltinsen_ch9_reduced_order_planing_plus_matched_bie_replace_with_matched_bie,heave_pitch_2x2_v1,FnB=1.67,3.8804333333333325
227,2.8861889670574743,5.774259303219017,0.8494324518122184,7.396921666666665,0.01,-0.4916812872187937,-1.1632167102187974,0.7408066416203228,-0.8034391129745604,1.2628632559122825,1.0928444027061355,1.2865583371280562,2.166900889878574,-22.913345274862735,42.67743543367399,10.624339295836137,22.913345274862735,42.67743543367399,42.106475711511514,72.2489622386023,0.042936655954389634,0.07367343816553289,5.118728544639345,2.270935171536683e-16,0.957985154614997,0.9746988369770594,faltinsen_ch9_reduced_order_planing_plus_matched_bie_replace_with_matched_bie,heave_pitch_2x2_v1,FnB=1.67,3.893116666666666
228,2.881498985079462,5.760190868999812,0.8466740835059854,7.421019999999999,0.01,-0.48767776738101326,-1.1620550627114377,0.7406763191655237,-0.7977885171526973,1.2602386970613992,1.0886082527122822,1.2857465155948482,2.15979361727573,-22.766252559950317,42.87399368420722,10.763566826683245,22.766252559950317,42.87399368420722,41.81446646809177,71.6615177729102,0.04263888939453511,0.07307441151964249,5.101605255741654,1.5437829898399598e-16,0.9582541242111297,0.9748614056538839,faltinsen_ch9_reduced_order_planing_plus_matched_bie_replace_with_matched_bie,heave_pitch_2x2_v1,FnB=1.67,3.9057999999999993
229,2.8768317923436637,5.7462059363065325,0.8439335717537851,7.4451183333333315,0.01,-0.4837416267760847,-1.160892021809176,0.7405140431712518,-0.7922059947726967,1.257647107807341,1.0844129224090022,1.284950568035201,2.152758214254656,-22.621404848543136,43.06839576364294,10.900542053914393,22.621404848543136,43.06839576364294,41.5261022834532,71.0816708770879,0.042344839760216996,0.07248313223892756,5.084869574466153,1.7515014189919325e-16,0.9585205304466315,0.9750224173055333,faltinsen_ch9_reduced_order_planing_plus_matched_bie_replace_with_matched_bie,heave_pitch_2x2_v1,FnB=1.67,3.9184833333333327
230,2.872187204886036,5.732303733537268,0.8412107437209507,7.469216666666665,0.01,-0.4798714137397804,-1.1597281597931661,0.7403210150482842,-0.7866903778911086,1.2550880360922332,1.0802578192212158,1.2841702596936428,2.14579368472668,-22.47875523736218,43.260685773652256,11.035310095797144,22.47875523736218,43.260685773652256,41.24132195227622,70.50929149998751,0.04205444463937861,0.0718994677081241,5.068513866584316,2.732138924259729e-16,0.958784405645819,0.9751818916904059,faltinsen_ch9_reduced_order_planing_plus_matched_bie_replace_with_matched_bie,heave_pitch_2x2_v1,FnB=1.67,3.931166666666666
231,2.8675650408148927,5.7184834987217865,0.8385054287961453,7.493314999999998,0.01,-0.4760657117570914,-1.15856401729476,0.7400983895933719,-0.7812405194947761,1.252561034074172,1.0761423584169383,1.2834053560773862,2.138899044460659,-22.338258020265414,43.450906643416886,11.167914899831487,22.338258020265414,43.450906643416886,40.96006541878094,69.9442521378074,0.0417676427921675,0.07132328790953832,5.052530659522579,2.8282115306603656e-16,0.9590457816274482,0.9753398482554694,faltinsen_ch9_reduced_order_planing_plus_matched_bie_replace_with_matched_bie,heave_pitch_2x2_v1,FnB=1.67,3.9438499999999994
232,2.8629651202809825,5.704744479370447,0.835817458555725,7.517413333333332,0.01,-0.47232313863490005,-1.1574001048705602,0.7398472769223302,-0.7758552933641005,1.250065658293318,1.0720659631806624,1.2826556231945307,2.132073321294061,-22.199868652846533,43.63910016508632,11.298399278065062,22.199868652846533,43.63910016508632,40.68227375932674,69.38642778993108,0.041484374133192004,0.070754465378015,5.036912638936815,2.0777044492311332e-16,0.9593046897141287,0.9754963061421227,faltinsen_ch9_reduced_order_planing_plus_matched_bie_replace_with_matched_bie,heave_pitch_2x2_v1,FnB=1.67,3.956533333333333
233,2.8583872654480973,5.69108593232597,0.8331466667287863,7.541511666666666,0.01,-0.4686423456852004,-1.156236904498305,0.7395687443192247,-0.7705335939121323,1.247601469818447,1.0680280646692115,1.281920827772916,2.125315555309265,-22.063543718172866,43.82530702808759,11.426804941263612,22.063543718172866,43.82530702808759,40.407889164738954,68.83569591460143,0.04120457971349948,0.07019287515573763,5.021652645329507,1.792794473533569e-16,0.9595611607415327,0.9756512841919167,faltinsen_ch9_reduced_order_planing_plus_matched_bie_replace_with_matched_bie,heave_pitch_2x2_v1,FnB=1.67,3.969216666666666
234,2.853831300464197,5.677507123617994,0.8304928891628814,7.565609999999999,0.01,-0.4650220169197635,-1.1550748709976497,0.7392638180053279,-0.7652743360021617,1.2451680343754261,1.0640281020515219,1.2812007374609056,2.1186247989778573,-21.92924089362677,44.00956685232441,11.553172531972734,21.92924089362677,44.00956685232441,40.136854922422465,68.29193638453309,0.04092820170233716,0.06963839474696568,5.006743670712604,6.399245219044793e-17,0.9598152250674082,0.975804800952148,faltinsen_ch9_reduced_order_planing_plus_matched_bie_replace_with_matched_bie,heave_pitch_2x2_v1,FnB=1.67,3.9818999999999996
235,2.8492970514330342,5.664007328320345,0.8278559637903855,7.589708333333332,0.01,-0.4614608682570024,-1.1539144333797189,0.7389334848313796,-0.7600764547462872,1.242764922459008,1.06006552253374,1.280495121011353,2.112000117275557,-21.79691891881393,44.19191822030106,11.677541656506776,21.79691891881393,44.19191822030106,39.86911539831682,67.75503144255768,0.04065518336875164,0.06909090407280537,4.992178855318443,1.61941618230548e-16,0.9600669125803983,0.9759568746813534,faltinsen_ch9_reduced_order_planing_plus_matched_bie_replace_with_matched_bie,heave_pitch_2x2_v1,FnB=1.67,3.994583333333333
236,2.8447843463862776,5.650585830410992,0.8252357305955043,7.613806666666665,0.01,-0.45795764674168526,-1.1527559961290479,0.7385786938965229,-0.7549389052871863,1.240391709429185,1.05613978137087,1.2798037484498415,2.1054405877701186,-21.66653756450549,44.372398708205736,11.7999509158997,21.66653756450549,44.372398708205736,39.60461601874187,67.2248656573839,0.040385469063076454,0.06855028542609751,4.977951484361054,1.959885535982973e-16,0.9603162527086715,0.976107523354659,faltinsen_ch9_reduced_order_planing_plus_matched_bie_replace_with_matched_bie,heave_pitch_2x2_v1,FnB=1.67,4.007266666666666
237,2.8402930152561168,5.637241922634592,0.8226320315819046,7.637904999999999,0.01,-0.4545111297780234,-1.1515999404214095,0.7382003580971667,-0.7498606625651606,1.2380479755933083,1.0522503418661582,1.27912639122829,2.098945300684478,-21.538057602578874,44.55104491598797,11.920437935851737,21.538057602578874,44.55104491598797,39.343303252178245,66.70132587954794,0.04011900419835341,0.0680164234264993,4.964054984849414,1.6057576832545e-16,0.9605632744283699,0.9762567646690267,faltinsen_ch9_reduced_order_planing_plus_matched_bie_replace_with_matched_bie,heave_pitch_2x2_v1,FnB=1.67,4.01995
238,2.8358228898483437,5.6239749063676,0.8200447107409576,7.662003333333333,0.01,-0.45112012437658755,-1.1504466252807994,0.7377993556088625,-0.7448407210723519,1.2357333062750748,1.0483966753593001,1.278462822364909,2.0925133589372136,-21.41144077692593,44.72789249646172,12.039039395704407,21.41144077692593,44.72789249646172,39.08512459102372,66.18430119762175,0.03985573523172921,0.06748920497582943,4.9504829224543005,7.360685206111222e-17,0.960808006271876,0.9764046160483989,faltinsen_ch9_reduced_order_planing_plus_matched_bie_replace_with_matched_bie,heave_pitch_2x2_v1,FnB=1.67,4.032633333333333
239,2.8313738038158967,5.610784091485861,0.8174736140205778,7.686101666666666,0.01,-0.44778346641539213,-1.149296388678698,0.7373765313041813,-0.7398780945958275,1.2334472918713963,1.0445782612044627,1.2778128165714326,2.0861438781622215,-21.286649775295587,44.90297618346759,12.15579105647663,21.286649775295587,44.90297618346759,38.830028533360824,65.67368289473771,0.0395956096458636,0.06696851921373528,4.937228998429778,1.6849468800458247e-16,0.9610504763359066,0.9765510946487078,faltinsen_ch9_reduced_order_planing_plus_matched_bie_replace_with_matched_bie,heave_pitch_2x2_v1,FnB=1.67,4.0453166666666664
240,2.8269455926328595,5.597668796234659,0.8149185892946469,7.7101999999999995,0.01,-0.44450001991543525,-1.148149548578566,0.7369326981094166,-0.7349718159511371,1.2311895278981166,1.0407945867390629,1.2771761503684964,2.0798359867094036,-21.163648202040974,45.07632981912428,12.270727787991916,21.163648202040974,45.07632981912428,38.57796456476918,65.16936440548315,0.039338575930383146,0.06645425747373787,4.924287046590363,1.1020197502585792e-16,0.9612907122894339,0.9766962173627975,faltinsen_ch9_reduced_order_planing_plus_matched_bie_replace_with_matched_bie,heave_pitch_2x2_v1,FnB=1.67,4.058
