lambda,thickness,s_lambda,s_tau,subiterations,body_xi,body_eta,free_xi,free_eta
0.0,0.06430789699249673,4.023376740469069,-4.157710828727518,0,4.532843504828273,0.04648938061496111,4.5473096340593715,-0.016170309143820272
0.00205672832096096,0.0638332341402516,4.049165751610975,-4.155600038304586,18,4.534847519335614,0.04695204381926016,4.549206872657642,-0.01524514866542799
0.00411345664192192,0.06341843373056584,4.071523186542493,-4.153501898469847,21,4.536851533842954,0.04741470702355922,4.551117577375481,-0.014378316359070477
0.00617018496288288,0.06306191687872062,4.090416220114509,-4.15141449921434,25,4.538855548350294,0.04787737022785827,4.553041393041107,-0.013568273806741964
0.00822691328384384,0.06276179543475689,4.105852942835932,-4.1493359891067465,30,4.5408595628576345,0.04834003343215733,4.554977894913197,-0.012813181251644531
0.0102836416048048,0.06251570957811328,4.117893605261796,-4.147264591116238,35,4.542863577364975,0.04880269663645638,4.556926552147626,-0.012110739355264917
0.01234036992576576,0.06232057605283061,4.126667349341943,-4.145198626818644,42,4.544867591872316,0.04926535984075544,4.558886671162717,-0.011457943885294405
0.01439709824672672,0.062172201458978255,4.132397318359236,-4.1431365534915425,51,4.546871606379655,0.04972802304505449,4.560857308648731,-0.01085070891837095
0.01645382656768768,0.062064735128772475,4.135435629419734,-4.14107701946697,62,4.548875620886996,0.05019068624935355,4.562837148491785,-0.010283333738947055
0.01851055488864864,0.0619901163470534,4.136297606837904,-4.139018937994135,73,4.550879635394336,0.0506533494536526,4.564824377425505,-0.009747964227470193
0.0205672832096096,0.06193824460265018,4.1356464755281515,-4.136961555661142,82,4.552883649901677,0.05111601265795166,4.566816723329251,-0.00923475874821645
0.02262401153057056,0.06189901744022249,4.134152593348212,-4.134904453292149,88,4.5548876644090175,0.05157867586225071,4.568811913645044,-0.008733873771121385
0.02468073985153152,0.06186528984771729,4.132291865858584,-4.132847448446083,91,4.556891678916357,0.05204133906654977,4.57080834109489,-0.00823834741032798
0.02673746817249248,0.06183354819210808,4.130298627222222,-4.130790475203927,92,4.558895693423698,0.052504002270848824,4.572805215283334,-0.007744756086996596
0.02879419649345344,0.06180245839013579,4.128261889442532,-4.128733511917422,92,4.560899707931038,0.052966665475147875,4.574802236106942,-0.007251799910335643
0.0308509248144144,0.06177157474575156,4.126211394021011,-4.12667655173654,92,4.562903722438379,0.053429328679446934,4.576799303305916,-0.006759044607457118
0.03290765313537536,0.061740755476836245,4.1241566025505065,-4.124619592521198,92,4.5649077369457185,0.053891991883745986,4.578796384986219,-0.006266352030108419
0.03496438145633632,0.06170995622393808,4.122100475324145,-4.122562633605658,92,4.566911751453059,0.054354655088045045,4.580793471169147,-0.005773678955767636
0.03702110977729728,0.061679163184739136,4.120043933432397,-4.120505674783147,92,4.5689157659604,0.0548173182923441,4.582790558749854,-0.005281011935869377
0.03907783809825824,0.06164837207311493,4.117987262907844,-4.118448715989492,92,4.57091978046774,0.055279981496643156,4.58478764676417,-0.00478834679414223
0.0411345664192192,0.0616175815591954,4.1159305524987815,-4.116391757204783,92,4.572923794975081,0.05574264470094221,4.58678473491294,-0.004295682234800639
0.04319129474018016,0.061586791230563924,4.113873829727653,-4.114334798422847,92,4.57492780948242,0.05620530790524127,4.588781823103391,-0.003803017855998167
0.04524802306114112,0.06155600095937294,4.1118171031263095,-4.112277839641772,92,4.576931823989761,0.05666797110954032,4.590778911306764,-0.003310353533164001
0.04730475138210208,0.061525210706004536,4.1097603753386425,-4.110220880860964,92,4.5789358384971015,0.05713063431383937,4.592775999514145,-0.0028176892276956175
0.04936147970306304,0.06149442045818605,4.107703647183666,-4.108163922080238,92,4.580939853004442,0.05759329751813843,4.594773087722776,-0.0023250249276349153
0.051418208024024,0.06146363021211711,4.105646918915004,-4.106106963299539,92,4.582943867511782,0.05805596072243749,4.596770175931798,-0.001832360629278905
0.05347493634498496,0.061432839966621314,4.1035901906111665,-4.104050004518848,92,4.584947882019122,0.05851862392673654,4.598767264140951,-0.0013396963314813576
0.05553166466594592,0.06140204972133467,4.101533462296451,-4.101993045738161,92,4.586951896526463,0.05898128713103559,4.600764352350151,-0.0008470320338876125
0.05758839298690688,0.06137125947614465,4.099476733978373,-4.099936086957475,92,4.588955911033803,0.05944395033533465,4.602761440559372,-0.0003543677363879935
0.05964512130786784,0.06134046923101651,4.097420005659259,-4.097879128176789,92,4.590959925541144,0.0599066135396337,4.604758528768608,0.0001382965610513126
0.0617018496288288,0.0613096789859396,4.095363277339826,-4.095822169396104,92,4.592963940048484,0.06036927674393276,4.606755616977854,0.0006309608584407142
0.06375857794978976,0.06127888874091066,4.093306549020293,-4.0937652106154205,92,4.594967954555824,0.060831939948231814,4.608752705187112,0.0011236251557833685
0.06581530627075072,0.06124809849592874,4.0912498207007335,-4.091708251834738,92,4.596971969063165,0.06129460315253087,4.610749793396381,0.0016162894530802122
0.06787203459171168,0.06121730825099365,4.089193092381167,-4.089651293054056,92,4.598975983570505,0.061757266356829925,4.612746881605659,0.0021089537503314257
0.06992876291267264,0.061186518006105355,4.087136364061598,-4.087594334273374,92,4.600979998077845,0.062219929561128984,4.614743969814948,0.0026016180475370437
0.0719854912336336,0.06115572776126393,4.085079635742031,-4.0855373754926925,92,4.6029840125851855,0.06268259276542804,4.616741058024248,0.00309428234469699
0.07404221955459456,0.06112493751646944,4.083022907422466,-4.083480416712012,92,4.604988027092526,0.06314525596972709,4.618738146233558,0.003586946641811202
0.07609894787555552,0.061094147271722014,4.080966179102902,-4.081423457931333,92,4.606992041599867,0.06360791917402614,4.620735234442879,0.004079610938879555
0.07815567619651648,0.061063357027021696,4.078909450783341,-4.079366499150654,92,4.608996056107207,0.0640705823783252,4.622732322652211,0.004572275235902021
0.08021240451747744,0.061032566782368604,4.076852722463782,-4.077309540369976,92,4.611000070614547,0.06453324558262426,4.624729410861552,0.005064939532878461
0.0822691328384384,0.06100177653776283,4.074795994144224,-4.075252581589298,92,4.613004085121887,0.06499590878692331,4.626726499070905,0.005557603829808799
0.08432586115939936,0.06097098629320444,4.072739265824668,-4.073195622808622,92,4.615008099629228,0.06545857199122238,4.62872358728027,0.006050268126692973
0.08638258948036032,0.06094019604869356,4.070682537505116,-4.071138664027946,92,4.6170121141365685,0.06592123519552143,4.630720675489644,0.006542932423530844
0.08843931780132128,0.06090940580423027,4.068625809185566,-4.069081705247271,92,4.619016128643908,0.06638389839982048,4.632717763699028,0.007035596720322342
0.09049604612228224,0.06087861555981468,4.0665690808660155,-4.067024746466596,92,4.621020143151249,0.06684656160411953,4.634714851908424,0.00752826101706737
0.0925527744432432,0.060847825315446843,4.064512352546468,-4.064967787685922,92,4.623024157658589,0.06730922480841858,4.63671194011783,0.008020925313765866
0.09460950276420416,0.06081703507112689,4.0624556242269225,-4.062910828905249,92,4.62502817216593,0.06777188801271763,4.638709028327248,0.008513589610417704
0.09666623108516512,0.06078624482685489,4.0603988959073805,-4.060853870124577,92,4.62703218667327,0.0682345512170167,4.640706116536675,0.009006253907022824
0.09872295940612608,0.06075545457973236,4.058342167502191,-4.058796911343862,93,4.62903620118061,0.06869721442131575,4.6427032047454615,0.009498918206405416
0.10077968772708704,0.06072466433176391,4.056285439156248,-4.0567399525631345,93,4.631040215687951,0.0691598776256148,4.644700292954058,0.009991582506612237
0.102836416048048,0.060693874083565025,4.054228710828486,-4.054682993782404,93,4.633044230195291,0.06962254082991387,4.6466973811626024,0.010484246807043608
0.10489314436900896,0.06066308383532462,4.0521719825063,-4.052626035001672,93,4.635048244702632,0.07008520403421292,4.648694469371138,0.010976911107515412
0.10694987268996992,0.060632293587100705,4.050115254185824,-4.05056907622094,93,4.637052259209971,0.07054786723851197,4.650691557579676,0.011469575407971153
0.10900660101093088,0.06060150333891113,4.0480585258658754,-4.048512117440209,93,4.639056273717312,0.07101053044281103,4.652688645788223,0.01196223970839344
0.11106332933189184,0.060570713090761404,4.046001797546088,-4.046455158659478,93,4.6410602882246526,0.07147319364711008,4.654685733996779,0.012454904008776892
0.1131200576528528,0.0605399228426533,4.0439450692263526,-4.044398199878748,93,4.643064302731993,0.07193585685140913,4.656682822205344,0.012947568309119792
0.11517678597381376,0.06050913259458741,4.041888340906635,-4.042341241098019,93,4.645068317239334,0.0723985200557082,4.658679910413919,0.013440232609421572
0.11723351429477472,0.06047834234656398,4.039831612586922,-4.040284282317291,93,4.647072331746673,0.07286118326000725,4.660676998622502,0.013932896909681962
0.11929024261573568,0.06044755209858315,4.037774884267214,-4.038227323536563,93,4.649076346254014,0.0733238464643063,4.662674086831095,0.01442556120990085
0.12134697093669664,0.06041676185064502,4.035718155947507,-4.036170364755836,93,4.6510803607613544,0.07378650966860537,4.6646711750396985,0.014918225510078147
0.1234036992576576,0.06038597160274965,4.033661427627802,-4.034113405975109,93,4.653084375268695,0.07424917287290442,4.666668263248312,0.015410889810213761
0.12546042757861856,0.06035518135489715,4.0316046993081,-4.032056447194384,93,4.655088389776035,0.07471183607720347,4.668665351456934,0.01590355411030761
0.12751715589957952,0.0603243911070876,4.029547970988399,-4.029999488413658,93,4.657092404283375,0.07517449928150252,4.670662439665566,0.016396218410359605
0.12957388422054048,0.06029360085932109,4.0274912426687,-4.027942529632933,93,4.659096418790716,0.07563716248580157,4.672659527874208,0.016888882710369667
0.13163061254150143,0.060262810611597696,4.025434514349003,-4.02588557085221,93,4.661100433298056,0.07609982569010064,4.674656616082859,0.017381547010337728
0.1336873408624624,0.060232020363917504,4.023377786029307,-4.023828612071486,93,4.663104447805397,0.07656248889439969,4.676653704291521,0.017874211310263684
0.13574406918342335,0.060201230116280605,4.021321057709614,-4.021771653290763,93,4.665108462312737,0.07702515209869874,4.678650792500191,0.018366875610147458
0.13780079750438431,0.060170439868687094,4.019264329389923,-4.019714694510041,93,4.667112476820077,0.0774878153029978,4.680647880708872,0.018859539909988947
0.13985752582534527,0.06013964962113703,4.017207601070233,-4.01765773572932,93,4.669116491327418,0.07795047850729686,4.682644968917563,0.01935220420978813
0.14191425414630623,0.06010885937363051,4.015150872750544,-4.015600776948599,93,4.671120505834758,0.07841314171159591,4.684642057126263,0.01984486850954486
0.1439709824672672,0.060078069126167616,4.013094144430858,-4.013543818167879,93,4.673124520342098,0.07887580491589496,4.686639145334972,0.020337532809259082
0.14602771078822815,0.06004727887874846,4.011037416111175,-4.011486859387159,93,4.6751285348494385,0.07933846812019402,4.688636233543693,0.020830197108930693
0.14808443910918911,0.060016488631373106,4.008980687791492,-4.009429900606441,93,4.677132549356779,0.07980113132449307,4.690633321752423,0.021322861408559622
0.15014116743015007,0.05998569838404165,4.006923959471812,-4.0073729418257225,93,4.67913656386412,0.08026379452879212,4.692630409961162,0.02181552570814578
0.15219789575111103,0.059954908136754165,4.004867231152134,-4.005315983045005,93,4.681140578371459,0.08072645773309119,4.694627498169911,0.022308190007689105
0.154254624072072,0.059924117889510756,4.002810502832457,-4.003259024264288,93,4.6831445928788,0.08118912093739024,4.696624586378671,0.02280085430718947
0.15631135239303295,0.0598933276423115,4.000753774512782,-4.0012020654835725,93,4.68514860738614,0.0816517841416893,4.69862167458744,0.02329351860664683
0.15836808071399391,0.059862537395156484,3.9986970461931106,-3.999145106702857,93,4.687152621893481,0.08211444734598836,4.70061876279622,0.023786182906061062
0.16042480903495487,0.059831747148045816,3.9966403178734393,-3.9970881479221423,93,4.6891566364008215,0.08257711055028741,4.702615851005009,0.024278847205432094
0.16248153735591583,0.05980095690097956,3.9945835895537707,-3.9950311891414283,93,4.691160650908161,0.08303977375458646,4.704612939213808,0.024771511504759848
0.1645382656768768,0.059770166653957804,3.992526861234103,-3.9929742303607147,93,4.693164665415502,0.08350243695888551,4.7066100274226175,0.02526417580404424
0.16659499399783775,0.05973937640698065,3.990470132914438,-3.990917271580002,93,4.695168679922842,0.08396510016318456,4.7086071156314375,0.025756840103285175
0.1686517223187987,0.05970858616004818,3.988413404594775,-3.98886031279929,93,4.697172694430183,0.08442776336748363,4.7106042038402665,0.02624950440248259
0.17070845063975967,0.05967779591316047,3.986356676275113,-3.9868033540185785,93,4.6991767089375225,0.08489042657178268,4.712601292049105,0.02674216870163637
0.17276517896072063,0.059647005666317615,3.9842999479554533,-3.9847463952378677,93,4.701180723444863,0.08535308977608173,4.714598380257955,0.027234833000746445
0.1748219072816816,0.059616215419519704,3.9822432196357958,-3.9826894364571577,93,4.703184737952204,0.0858157529803808,4.716595468466815,0.027727497299812748
0.17687863560264255,0.05958542517276682,3.9801864913161396,-3.980632477676448,93,4.705188752459544,0.08627841618467985,4.718592556675685,0.028220161598835163
0.1789353639236035,0.05955463492605906,3.9781297629964856,-3.9785755188957395,93,4.707192766966885,0.0867410793889789,4.720589644884566,0.028712825897813606
0.18099209224456447,0.05952384467939651,3.976073034676834,-3.9765185601150312,93,4.709196781474224,0.08720374259327796,4.722586733093455,0.029205490196748
0.18304882056552543,0.05949305443277926,3.974016306357184,-3.974461601334324,93,4.711200795981565,0.08766640579757701,4.724583821302355,0.02969815449563825
0.1851055488864864,0.05946226418620741,3.9719595780375356,-3.972404642553617,93,4.7132048104889055,0.08812906900187606,4.726580909511266,0.03019081879448427
0.18716227720744735,0.05943147393968103,3.9699028497178888,-3.970347683772911,93,4.715208824996246,0.08859173220617513,4.728577997720187,0.030683483093285994
0.1892190055284083,0.05940068369320023,3.9678461213982446,-3.9682907249922055,93,4.717212839503586,0.08905439541047418,4.730575085929117,0.031176147392043302
0.19127573384936927,0.05936989344676508,3.9657893930786026,-3.966233766211501,93,4.719216854010926,0.08951705861477324,4.732572174138059,0.03166881169075614
0.19333246217033023,0.05933910320037569,3.963732664758961,-3.9641768074307966,93,4.721220868518267,0.0899797218190723,4.73456926234701,0.03216147598942437
0.1953891904912912,0.05930831295403213,3.961675936439323,-3.9621198486500933,93,4.723224883025607,0.09044238502337135,4.7365663505559725,0.03265414028804795
0.19744591881225215,0.05927752270773451,3.9596192081196855,-3.9600628898693904,93,4.725228897532948,0.0909050482276704,4.7385634387649445,0.03314680458662677
0.1995026471332131,0.0592467324614829,3.95756247980005,-3.9580059310886884,93,4.727232912040288,0.09136771143196945,4.740560526973927,0.03363946888516076
0.20155937545417407,0.0592159422152774,3.955505751480418,-3.9559489723079873,93,4.729236926547628,0.0918303746362685,4.742557615182919,0.03413213318364982
0.20361610377513503,0.059185151969118104,3.9534490231607866,-3.9538920135272866,93,4.731240941054969,0.09229303784056755,4.744554703391923,0.03462479748209386
0.205672832096096,0.0591543617230051,3.9513922948411584,-3.951835054746587,93,4.733244955562309,0.09275570104486662,4.746551791600937,0.0351174617804928
0.20772956041705695,0.05912357147693849,3.9493355665215306,-3.9497780959658875,93,4.735248970069649,0.09321836424916567,4.74854887980996,0.03561012607884653
0.2097862887380179,0.059092781230918344,3.947278838201905,-3.947721137185189,93,4.7372529845769895,0.09368102745346474,4.750545968018995,0.036102790377155
0.21184301705897887,0.05906199098494475,3.9452221098822813,-3.945664178404491,93,4.73925699908433,0.09414369065776379,4.752543056228041,0.036595454675418096
0.21389974537993983,0.059031200739017825,3.9431653815626606,-3.943607219623794,93,4.741261013591671,0.09460635386206284,4.7545401444370965,0.03708811897363572
0.2159564737009008,0.05900041049313766,3.941108653243041,-3.9415502608430972,93,4.743265028099011,0.0950690170663619,4.756537232646163,0.037580783271807784
0.21801320202186175,0.05896962024730433,3.939051924923423,-3.9394933020624014,93,4.745269042606351,0.09553168027066095,4.758534320855239,0.03807344756993421
0.2200699303428227,0.05893883000151792,3.936995196603808,-3.9374363432817066,93,4.747273057113691,0.09599434347496,4.760531409064327,0.03856611186801492
0.22212665866378367,0.05890803975577855,3.934938468284194,-3.935379384501012,93,4.749277071621032,0.09645700667925905,4.762528497273424,0.03905877616604979
0.22418338698474463,0.05887724951008628,3.932881739964582,-3.9333224257203185,93,4.7512810861283725,0.09691966988355812,4.764525585482533,0.039551440464038794
0.2262401153057056,0.05884645926444123,3.9308250116449726,-3.9312654669396254,93,4.753285100635712,0.09738233308785717,4.766522673691651,0.04004410476198176
0.22829684362666655,0.05881566901884349,3.9287682833253643,-3.929208508158933,93,4.755289115143053,0.09784499629215623,4.768519761900781,0.04053676905987865
0.2303535719476275,0.05878487877329315,3.9267115550057587,-3.927151549378242,93,4.757293129650393,0.09830765949645529,4.770516850109922,0.04102943335772934
0.23241030026858847,0.05875408852779028,3.9246548266861545,-3.925094590597551,93,4.759297144157734,0.09877032270075434,4.772513938319072,0.04152209765553378
0.23446702858954943,0.058723298282335,3.922598098366553,-3.923037631816861,93,4.761301158665074,0.09923298590505339,4.774511026528234,0.04201476195329184
0.2365237569105104,0.0586925080369274,3.920541370046953,-3.9209806730361714,93,4.763305173172414,0.09969564910935244,4.776508114737406,0.04250742625100345
0.23858048523147135,0.05866171779156758,3.918484641727355,-3.9189237142554827,93,4.765309187679755,0.10015831231365149,4.778505202946589,0.04300009054866851
0.2406372135524323,0.058630927546255616,3.9164279134077584,-3.916866755474795,93,4.767313202187095,0.10062097551795056,4.780502291155784,0.043492754846286945
0.24269394187339327,0.058600137300991596,3.9143711850881644,-3.9148097966941076,93,4.769317216694436,0.10108363872224961,4.782499379364989,0.04398541914385865
0.24475067019435423,0.05856934705577563,3.912314456768572,-3.912752837913421,93,4.771321231201775,0.10154630192654866,4.784496467574203,0.04447808344138354
0.2468073985153152,0.0585385568106078,3.9102577284489817,-3.910695879132735,93,4.773325245709116,0.10200896513084773,4.78649355578343,0.04497074773886153
0.24886412683627615,0.05850776656548823,3.908201000129393,-3.90863892035205,93,4.7753292602164565,0.10247162833514678,4.7884906439926676,0.0454634120362925
0.2509208551572371,0.05847697632041697,3.9061442718098065,-3.9065819615713657,93,4.777333274723797,0.10293429153944583,4.790487732201916,0.045956076333676384
0.2529775834781981,0.058446186075394146,3.904087543490222,-3.904525002790682,93,4.779337289231138,0.10339695474374488,4.7924848204111745,0.04644874063101308
0.25503431179915903,0.05841539583041985,3.9020308151706398,-3.902468044009999,93,4.781341303738477,0.10385961794804394,4.794481908620444,0.04694140492830249
0.25709104012011996,0.05838460558549418,3.89997408685106,-3.900411085229317,93,4.783345318245818,0.10432228115234299,4.796478996829725,0.047434069225544516
0.2591477684410809,0.05835381534061721,3.897917358531481,-3.8983541264486354,93,4.785349332753158,0.10478494435664204,4.798476085039017,0.047926733522739094
0.2612044967620418,0.05832302509578906,3.8958606302119048,-3.8962971676679548,93,4.787353347260499,0.10524760756094109,4.80047317324832,0.048419397819886106
0.26326122508300276,0.058292234851009816,3.8938039018923303,-3.894240208887275,93,4.789357361767839,0.10571027076524014,4.802470261457633,0.04891206211698546
0.2653179534039637,0.058261444606279564,3.8917471735727576,-3.8921832501065956,93,4.791361376275179,0.1061729339695392,4.804467349666958,0.049404726414037085
0.2673746817249246,0.05823065436159841,3.889690445253188,-3.890126291325917,93,4.79336539078252,0.10663559717383823,4.806464437876294,0.04989739071104085
0.26943141004588556,0.05819986411696647,3.8876337169336193,-3.8880693325452396,93,4.79536940528986,0.10709826037813729,4.808461526085641,0.05039005500799668
0.2714881383668465,0.0581690738723838,3.885576988614053,-3.8860123737645624,93,4.7973734197972,0.10756092358243632,4.8104586142949985,0.05088271930490449
0.2735448666878074,0.058138283627850534,3.883520260294489,-3.883955414983886,93,4.799377434304541,0.10802358678673538,4.8124557025043675,0.05137538360176417
0.27560159500876835,0.05810749338336676,3.8814635319749264,-3.881898456203211,93,4.801381448811881,0.10848624999103443,4.814452790713748,0.05186804789857564
0.2776583233297293,0.05807670313893254,3.879406803655365,-3.879841497422536,93,4.803385463319222,0.10894891319533348,4.81644987892314,0.05236071219533881
0.2797150516506902,0.05804591289454798,3.8773500753358063,-3.877784538641862,93,4.805389477826561,0.10941157639963253,4.818446967132542,0.05285337649205359
0.28177177997165115,0.05801512265021321,3.8752933470162505,-3.8757275798611888,93,4.807393492333902,0.10987423960393157,4.820444055341955,0.05334604078871986
0.2838285082926121,0.05798433240592832,3.873236618696696,-3.873670621080516,93,4.8093975068412425,0.11033690280823062,4.822441143551381,0.053838705085337536
0.285885236613573,0.05795354216169339,3.871179890377143,-3.8716136622998443,93,4.811401521348582,0.11079956601252967,4.8244382317608165,0.054331369381906525
0.28794196493453394,0.05792275191750852,3.8691231620575923,-3.8695567035191734,93,4.813405535855923,0.11126222921682873,4.826435319970264,0.05482403367842674
0.2899986932554949,0.05789196167337382,3.8670664337380445,-3.867499744738503,93,4.815409550363263,0.11172489242112778,4.828432408179723,0.05531669797489808
0.2920554215764558,0.057861171429289385,3.8650097054184975,-3.8654427859578333,93,4.817413564870604,0.11218755562542682,4.830429496389193,0.05580936227132042
0.29411214989741674,0.05783038118220173,3.862952977013067,-3.863385827177119,94,4.819417579377944,0.11265021882972587,4.832426584597988,0.05630202657066902
0.2961688782183777,0.057799590934254436,3.860896248667941,-3.8613288683963916,94,4.821421593885284,0.11311288203402492,4.834423672806588,0.05679469087085523
0.2982256065393386,0.05776880068608332,3.8588395203406907,-3.8592719096156607,94,4.823425608392625,0.11357554523832397,4.836420761015139,0.05728735517125953
0.30028233486029954,0.05773801043787697,3.856782792018741,-3.8572149508349294,94,4.825429622899965,0.11403820844262301,4.838417849223682,0.05778001947169814
0.30233906318126047,0.057707220189691356,3.8547260636983616,-3.8551579920541985,94,4.827433637407305,0.11450087164692206,4.840414937432229,0.058272683772116564
0.3043957915022214,0.05767642994154309,3.8526693353784482,-3.853101033273468,94,4.829437651914645,0.11496353485122111,4.842412025640785,0.0587653480724986
0.30645251982318233,0.057645639693437174,3.8506126070586753,-3.851044074492738,94,4.831441666421986,0.11542619805552017,4.844409113849351,0.05925801237283936
0.30850924814414327,0.057614849445375156,3.8485558787389436,-3.848987115712009,94,4.8334456809293265,0.11588886125981922,4.846406202057926,0.059750676673137354
0.3105659764651042,0.05758405919735754,3.8464991504192265,-3.8469301569312804,94,4.835449695436667,0.11635152446411826,4.8484032902665115,0.060243340973392075
0.31262270478606513,0.057553268949384555,3.844442422099515,-3.8448731981505526,94,4.837453709944007,0.11681418766841731,4.850400378475106,0.060736005273603316
0.31467943310702606,0.05752247870145631,3.8423856937798058,-3.8428162393698253,94,4.839457724451347,0.11727685087271636,4.852397466683712,0.06122866957377096
0.316736161427987,0.05749168845357292,3.840328965460098,-3.840759280589099,94,4.841461738958688,0.11773951407701541,4.854394554892328,0.061721333873894904
0.3187928897489479,0.05746089820573447,3.838272237140393,-3.838702321808373,94,4.8434657534660275,0.11820217728131446,4.856391643100952,0.06221399817397507
0.32084961806990886,0.05743010795794103,3.8362155088206897,-3.836645363027648,94,4.845469767973368,0.1186648404856135,4.858388731309589,0.06270666247401135
0.3229063463908698,0.05739931771019273,3.8341587805009887,-3.8345884042469236,94,4.847473782480709,0.11912750368991255,4.860385819518235,0.06319932677400367
0.3249630747118307,0.057368527462489625,3.8321020521812894,-3.8325314454662,94,4.849477796988049,0.1195901668942116,4.862382907726891,0.06369199107395195
0.32701980303279166,0.05733773721483184,3.830045323861592,-3.830474486685477,94,4.851481811495389,0.12005283009851066,4.864379995935557,0.06418465537385606
0.3290765313537526,0.057306946967219434,3.8279885955418953,-3.8284175279047545,94,4.853485826002729,0.1205154933028097,4.866377084144233,0.06467731967371596
0.3311332596747135,0.0572761567196525,3.825931867222202,-3.826360569124033,94,4.85548984051007,0.12097815650710875,4.86837417235292,0.06516998397353156
0.33318998799567445,0.05724536647213114,3.8238751389025096,-3.824303610343312,94,4.8574938550174105,0.1214408197114078,4.870371260561617,0.06566264827330276
0.3352467163166354,0.057214576224655436,3.821818410582819,-3.8222466515625917,94,4.85949786952475,0.12190348291570685,4.8723683487703235,0.06615531257302945
0.3373034446375963,0.05718378597722548,3.8197616822631306,-3.820189692781872,94,4.861501884032091,0.1223661461200059,4.8743654369790415,0.0666479768727116
0.33936017295855725,0.057152995729841366,3.817704953943444,-3.818132734001153,94,4.863505898539431,0.12282880932430494,4.876362525187769,0.06714064117234904
0.3414169012795182,0.057122205482503165,3.8156482256237583,-3.8160757752204346,94,4.865509913046772,0.123291472528604,4.8783596133965075,0.06763330547194177
0.3434736296004791,0.057091415235211,3.8135914973040754,-3.814018816439717,94,4.8675139275541115,0.12375413573290305,4.880356701605256,0.06812596977148963
0.34553035792144005,0.05706062498796494,3.811534768984395,-3.811961857659,94,4.869517942061452,0.1242167989372021,4.882353789814014,0.06861863407099258
0.347587086242401,0.05702983474076508,3.809478040664714,-3.8099048988782838,94,4.871521956568793,0.12467946214150114,4.884350878022784,0.0691112983704505
0.3496438145633619,0.05699904449361151,3.807421312345037,-3.8078479400975684,94,4.873525971076133,0.1251421253458002,4.886347966231564,0.06960396266986334
0.35170054288432284,0.05696825424650432,3.805364584025361,-3.8057909813168536,94,4.875529985583473,0.12560478855009924,4.888345054440353,0.07009662696923097
0.3537572712052838,0.056937463999443605,3.803307855705687,-3.8037340225361396,94,4.877534000090813,0.1260674517543983,4.890342142649153,0.07058929126855333
0.3558139995262447,0.05690667375242945,3.8012511273860152,-3.801677063755426,94,4.879538014598154,0.12653011495869734,4.8923392308579645,0.07108195556783031
0.35787072784720564,0.05687588350546196,3.799194399066345,-3.7996201049747134,94,4.8815420291054945,0.12699277816299637,4.894336319066786,0.07157461986706182
0.35992745616816657,0.05684509325854122,3.7971376707466757,-3.797563146194001,94,4.883546043612834,0.12745544136729542,4.896333407275618,0.07206728416624777
0.3619841844891275,0.056814303011667316,3.7950809424270098,-3.79550618741329,94,4.885550058120175,0.12791810457159447,4.898330495484461,0.0725599484653881
0.36404091281008844,0.05678351276484036,3.793024214107345,-3.7934492286325794,94,4.887554072627515,0.12838076777589352,4.900327583693314,0.07305261276448269
0.36609764113104937,0.05675272251806044,3.7909674857876823,-3.7913922698518694,94,4.889558087134856,0.12884343098019257,4.902324671902178,0.07354527706353145
0.3681543694520103,0.056721932271327644,3.788910757468022,-3.7893353110711603,94,4.8915621016421955,0.12930609418449163,4.904321760111052,0.07403794136253429
0.37021109777297123,0.056691142024642066,3.7868540291483623,-3.7872783522904516,94,4.893566116149536,0.12976875738879068,4.906318848319937,0.07453060566149111
0.37226782609393216,0.056660351778003784,3.7847973008287044,-3.785221393509744,94,4.895570130656877,0.13023142059308973,4.908315936528832,0.07502326996040187
0.3743245544148931,0.056629561531412895,3.7827405725090495,-3.783164434729037,94,4.897574145164217,0.13069408379738878,4.910313024737739,0.07551593425926645
0.37638128273585403,0.0565987712848695,3.7806838441893964,-3.7811074759483305,94,4.899578159671557,0.13115674700168783,4.912310112946655,0.07600859855808473
0.37843801105681496,0.056567981038373696,3.7786271158697438,-3.779050517167625,94,4.901582174178897,0.1316194102059869,4.914307201155583,0.07650126285685666
0.3804947393777759,0.05653719079192556,3.776570387550094,-3.77699355838692,94,4.903586188686238,0.13208207341028594,4.916304289364522,0.07699392715558212
0.3825514676987368,0.056506400545525214,3.774513659230446,-3.7749365996062156,94,4.9055902031935785,0.132544736614585,4.918301377573471,0.07748659145426104
0.38460819601969776,0.05647561029917272,3.7724569309108005,-3.7728796408255123,94,4.907594217700918,0.13300739981888401,4.92029846578243,0.0779792557528933
0.3866649243406587,0.056444820052868196,3.770400202591156,-3.7708226820448094,94,4.909598232208259,0.13347006302318307,4.9222955539914,0.07847192005147885
0.3887216526616196,0.05641402980661172,3.7683434742715134,-3.7687657232641074,94,4.911602246715599,0.13393272622748212,4.924292642200382,0.07896458435001757
0.39077838098258055,0.05638323956040339,3.7662867459518727,-3.766708764483406,94,4.91360626122294,0.13439538943178117,4.926289730409375,0.0794572486485094
0.3928351093035415,0.05635244931424332,3.7642300176322343,-3.764651805702705,94,4.9156102757302795,0.13485805263608022,4.9282868186183775,0.07994991294695418
0.3948918376245024,0.056321659068131594,3.762173289312597,-3.7625948469220054,94,4.91761429023762,0.13532071584037925,4.930283906827392,0.08044257724535184
0.39694856594546335,0.056290868822068296,3.7601165609929628,-3.760537888141306,94,4.919618304744961,0.1357833790446783,4.932280995036416,0.08093524154370234
0.3990052942664243,0.056260078576053536,3.758059832673329,-3.7584809293606076,94,4.921622319252301,0.13624604224897735,4.934278083245453,0.08142790584200554
0.4010620225873852,0.0562292883300874,3.7560031043536983,-3.75642397057991,94,4.923626333759641,0.1367087054532764,4.936275171454499,0.08192057014026138
0.40311875090834615,0.056198498084169976,3.753946376034069,-3.754367011799213,94,4.925630348266981,0.13717136865757545,4.938272259663557,0.08241323443846973
0.4051754792293071,0.05616770783830137,3.7518896477144414,-3.7523100530185167,94,4.927634362774322,0.1376340318618745,4.940269347872626,0.08290589873663054
0.407232207550268,0.056136917592481655,3.7498329193948163,-3.7502530942378214,94,4.9296383772816625,0.13809669506617356,4.942266436081706,0.0833985630347437
0.40928893587122894,0.056106127346710964,3.747776191075193,-3.7481961354571265,94,4.931642391789002,0.1385593582704726,4.944263524290796,0.0838912273328091
0.4113456641921899,0.056075337100989386,3.745719462755571,-3.7461391766764325,94,4.933646406296343,0.13902202147477166,4.946260612499898,0.08438389163082663
0.4134023925131508,0.056044546855317005,3.743662734435951,-3.744082217895739,94,4.935650420803683,0.13948468467907071,4.948257700709011,0.08487655592879624
0.41545912083411174,0.05601375660969393,3.741606006116333,-3.7420252591150462,94,4.937654435311024,0.13994734788336977,4.9502547889181345,0.0853692202267178
0.41751584915507267,0.05598296636412024,3.7395492777967174,-3.7399683003343545,94,4.9396584498183636,0.14041001108766882,4.952251877127269,0.08586188452459123
0.4195725774760336,0.055952176118596056,3.737492549477103,-3.737911341553663,94,4.941662464325704,0.14087267429196787,4.954248965336416,0.08635454882241644
0.42162930579699454,0.05592138587312145,3.7354358211574903,-3.7358543827729727,94,4.943666478833045,0.1413353374962669,4.9562460535455735,0.08684721312019332
0.42368603411795547,0.05589059562769653,3.7333790928378803,-3.733797423992283,94,4.945670493340385,0.14179800070056595,4.958243141754742,0.0873398774179218
0.4257427624389164,0.055859805382321395,3.7313223645182725,-3.7317404652115944,94,4.947674507847725,0.142260663904865,4.9602402299639206,0.08783254171560177
0.42779949075987733,0.055829015136996146,3.729265636198666,-3.729683506430906,94,4.9496785223550654,0.14272332710916405,4.962237318173112,0.08832520601323314
0.42985621908083826,0.05579822489172088,3.727208907879061,-3.727626547650219,94,4.951682536862406,0.1431859903134631,4.964234406382315,0.08881787031081581
0.4319129474017992,0.05576743464649568,3.7251521795594584,-3.7255695888695324,94,4.953686551369746,0.14364865351776213,4.966231494591527,0.08931053460834967
0.43396967572276013,0.05573664440132065,3.7230954512398577,-3.7235126300888464,94,4.955690565877086,0.14411131672206118,4.968228582800752,0.08980319890583466
0.43602640404372106,0.05570585415619591,3.721038722920259,-3.7214556713081612,94,4.957694580384427,0.14457397992636023,4.970225671009988,0.09029586320327065
0.438083132364682,0.05567506391112152,3.718981994600662,-3.719398712527477,94,4.959698594891767,0.14503664313065928,4.972222759219235,0.0907885275006576
0.4401398606856429,0.05564427366609762,3.716925266281067,-3.717341753746793,94,4.961702609399108,0.14549930633495833,4.974219847428495,0.09128119179799535
0.44219658900660386,0.055613483421124286,3.714868537961474,-3.7152847949661103,94,4.963706623906448,0.14596196953925739,4.976216935637765,0.09177385609528382
0.4442533173275648,0.05558269317620162,3.7128118096418823,-3.7132278361854283,94,4.965710638413788,0.14642463274355644,4.978214023847046,0.09226652039252292
0.4463100456485257,0.055551902931329715,3.7107550813222927,-3.7111708774047467,94,4.967714652921129,0.1468872959478555,4.980211112056339,0.09275918468971256
0.44836677396948665,0.05552111268650866,3.7086983530027053,-3.709113918624066,94,4.969718667428468,0.14734995915215454,4.982208200265642,0.09325184898685265
0.4504235022904476,0.05549032244173859,3.70664162468312,-3.7070569598433862,94,4.971722681935809,0.1478126223564536,4.984205288474959,0.09374451328394308
0.4524802306114085,0.0554595321970196,3.704584896363537,-3.7050000010627073,94,4.9737266964431495,0.14827528556075265,4.986202376684286,0.09423717758098372
0.45453695893236945,0.05542874195235176,3.7025281680439552,-3.702943042282029,94,4.97573071095049,0.1487379487650517,4.988199464893625,0.09472984187797454
0.4565936872533304,0.05539795170773518,3.700471439724375,-3.7008860835013513,94,4.97773472545783,0.14920061196935075,4.990196553102975,0.0952225061749154
0.4586504155742913,0.05536716146316997,3.698414711404798,-3.6988291247206746,94,4.97973873996517,0.14966327517364977,4.992193641312337,0.09571517047180617
0.46070714389525225,0.055336371218656234,3.6963579830852225,-3.696772165939999,94,4.981742754472511,0.15012593837794883,4.99419072952171,0.09620783476864683
0.4627638722162132,0.055305580974194066,3.694301254765648,-3.6947152071593234,94,4.983746768979851,0.15058860158224788,4.996187817731096,0.09670049906543723
0.4648206005371741,0.05527479072978354,3.6922445264460757,-3.692658248378649,94,4.985750783487191,0.15105126478654693,4.998184905940492,0.09719316336217733
0.46687732885813504,0.055244000485424806,3.690187798126506,-3.6906012895979754,94,4.987754797994532,0.15151392799084598,5.000181994149901,0.09768582765886696
0.468934057179096,0.05521321024111792,3.6881310698069383,-3.6885443308173027,94,4.989758812501872,0.151976591195145,5.002179082359321,0.09817849195550603
0.4709907855000569,0.05518241999686301,3.6860743414873722,-3.6864873720366305,94,4.991762827009213,0.15243925439944406,5.004176170568752,0.0986711562520945
0.47304751382101784,0.05515162975266019,3.6840176131678084,-3.684430413255959,94,4.993766841516552,0.1529019176037431,5.006173258778196,0.09916382054863221
0.47510424214197877,0.05512083950850954,3.681960884848246,-3.6823734544752886,94,4.995770856023893,0.15336458080804216,5.008170346987651,0.09965648484511908
0.4771609704629397,0.05509004926441117,3.6799041565286856,-3.680316495694619,94,4.9977748705312335,0.1538272440123412,5.0101674351971175,0.10014914914155501
0.47921769878390064,0.05505925902036517,3.6778474282091276,-3.67825953691395,94,4.999778885038574,0.15428990721664027,5.012164523406597,0.10064181343793992
0.48127442710486157,0.05502846877637166,3.6757906998895717,-3.6762025781332817,94,5.001782899545914,0.15475257042093932,5.014161611616086,0.10113447773427367
0.4833311554258225,0.054997678532430726,3.673733971570017,-3.6741456193526143,94,5.003786914053254,0.15521523362523837,5.016158699825589,0.1016271420305562
0.48538788374678343,0.05496688828854247,3.6716772432504645,-3.672088660571948,94,5.005790928560595,0.15567789682953742,5.018155788035103,0.10211980632678741
0.48744461206774437,0.054936098041484194,3.669620514844802,-3.670031701791234,95,5.007794943067935,0.15614056003383647,5.0201528762439045,0.1026124706261074
0.4895013403887053,0.054905307793552405,3.6675637865005144,-3.6679747430105065,95,5.009798957575275,0.15660322323813552,5.022149964452509,0.10310513492627849
0.49155806870966623,0.05487451754540403,3.665507058173773,-3.665917784229776,95,5.011802972082616,0.15706588644243458,5.024147052661065,0.10359779922666063
0.49361479703062716,0.054843727297226925,3.6634503298520453,-3.6638608254490452,95,5.013806986589956,0.15752854964673363,5.026144140869614,0.10409046352707077
0.4956715253515881,0.05481293704907485,3.6613936015317523,-3.661803866668315,95,5.015811001097297,0.15799121285103265,5.0281412290781695,0.10458312782745649
0.497728253672549,0.05478214680096323,3.659336873211869,-3.659746907887585,95,5.017815015604636,0.1584538760553317,5.030138317286733,0.1050757921278028
0.49978498199350996,0.05475135655289653,3.657280144892104,-3.6576899491068557,95,5.019819030111977,0.15891653925963076,5.032135405495308,0.10556845642810536
0.5018417103144709,0.05472056630487608,3.655223416572374,-3.655632990326127,95,5.0218230446193175,0.1593792024639298,5.0341324937038925,0.10606112072836285
0.5038984386354318,0.05468977605690234,3.6531666882526554,-3.6535760315453993,95,5.023827059126658,0.15984186566822886,5.036129581912488,0.10655378502857482
0.5059551669563928,0.054658985808975505,3.651109959932942,-3.651519072764672,95,5.025831073633998,0.16030452887252788,5.038126670121093,0.10704644932874108
0.5080118952773537,0.0546281955610957,3.64905323161323,-3.6494621139839456,95,5.027835088141338,0.16076719207682694,5.04012375832971,0.10753911362886152
0.5100686235983146,0.054597405313263014,3.64699650329352,-3.64740515520322,95,5.029839102648679,0.161229855281126,5.042120846538336,0.10803177792893606
0.5121253519192756,0.05456661506547755,3.6449397749738126,-3.645348196422495,95,5.031843117156019,0.16169251848542504,5.044117934746974,0.1085244422289646
0.5141820802402365,0.05453582481773942,3.6428830466541076,-3.6432912376417708,95,5.033847131663359,0.1621551816897241,5.046115022955622,0.109017106528947
0.5162388085611974,0.0545050345700487,3.640826318334403,-3.641234278861047,95,5.0358511461707,0.16261784489402314,5.04811211116428,0.10950977082888322
0.5182955368821583,0.054474244322405475,3.6387695900147,-3.639177320080324,95,5.03785516067804,0.1630805080983222,5.05010919937295,0.11000243512877314
0.5203522652031193,0.05444345407480985,3.6367128616949995,-3.637120361299602,95,5.039859175185381,0.16354317130262125,5.052106287581631,0.11049509942861671
0.5224089935240802,0.05441266382726191,3.634656133375301,-3.6350634025188806,95,5.04186318969272,0.1640058345069203,5.054103375790321,0.11098776372841379
0.5244657218450411,0.05438187357976177,3.632599405055604,-3.63300644373816,95,5.043867204200061,0.16446849771121935,5.056100463999023,0.11148042802816431
0.5265224501660021,0.05435108333230951,3.630542676735909,-3.6309494849574397,95,5.0458712187074015,0.1649311609155184,5.058097552207736,0.11197309232786817
0.528579178486963,0.05432029308490521,3.628485948416215,-3.6288925261767204,95,5.047875233214742,0.16539382411981746,5.060094640416459,0.11246575662752531
0.5306359068079239,0.05428950283754899,3.626429220096523,-3.626835567396002,95,5.049879247722082,0.1658564873241165,5.062091728625192,0.1129584209271356
0.5326926351288849,0.054258712590240926,3.624372491776833,-3.624778608615284,95,5.051883262229422,0.16631915052841553,5.064088816833937,0.11345108522669893
0.5347493634498458,0.05422792234298112,3.6223157634571455,-3.622721649834567,95,5.053887276736763,0.16678181373271458,5.066085905042693,0.11394374952621528
0.5368060917708067,0.05419713209576966,3.6202590351374586,-3.6206646910538507,95,5.055891291244103,0.16724447693701364,5.06808299325146,0.11443641382568451
0.5388628200917677,0.05416634184860664,3.6182023068177736,-3.618607732273135,95,5.057895305751443,0.1677071401413127,5.070080081460237,0.11492907812510655
0.5409195484127286,0.05413555160149218,3.6161455784980916,-3.61655077349242,95,5.059899320258784,0.16816980334561174,5.072077169669026,0.11542174242448128
0.5429762767336895,0.054104761354426364,3.6140888501784105,-3.614493814711706,95,5.061903334766124,0.16863246654991076,5.074074257877825,0.11591440672380857
0.5450330050546505,0.05407397110740928,3.6120321218587317,-3.6124368559309925,95,5.063907349273464,0.16909512975420982,5.076071346086635,0.11640707102308841
0.5470897333756114,0.054043180860441034,3.609975393539054,-3.61037989715028,95,5.065911363780804,0.16955779295850887,5.0780684342954565,0.11689973532232066
0.5491464616965723,0.05401239061352171,3.6079186652193784,-3.6083229383695676,95,5.067915378288145,0.17002045616280792,5.080065522504289,0.11739239962150524
0.5512031900175333,0.05398160036665141,3.605861936899705,-3.6062659795888563,95,5.0699193927954855,0.17048311936710697,5.082062610713132,0.11788506392064207
0.5532599183384942,0.05395081011983023,3.6038052085800327,-3.604209020808146,95,5.071923407302826,0.17094578257140602,5.084059698921987,0.11837772821973103
0.5553166466594551,0.053920019873058264,3.6017484802603623,-3.602152062027436,95,5.073927421810166,0.17140844577570508,5.086056787130852,0.11887039251877203
0.5573733749804161,0.05388922962633561,3.5996917519406937,-3.6000951032467268,95,5.075931436317506,0.17187110898000413,5.088053875339729,0.11936305681776499
0.559430103301377,0.053858439379662365,3.5976350236210264,-3.5980381444660186,95,5.077935450824847,0.17233377218430318,5.090050963548617,0.1198557211167098
0.5614868316223379,0.05382764913303862,3.5955782953013617,-3.5959811856853108,95,5.0799394653321865,0.17279643538860223,5.092048051757515,0.12034838541560638
0.5635435599432989,0.05379685888646448,3.593521566981699,-3.593924226904604,95,5.081943479839527,0.17325909859290128,5.094045139966425,0.12084104971445464
0.5656002882642598,0.053766068639940046,3.591464838662038,-3.591867268123898,95,5.083947494346868,0.1737217617972003,5.096042228175347,0.12133371401325443
0.5676570165852207,0.05373527839346541,3.5894081103423776,-3.5898103093431923,95,5.085951508854208,0.17418442500149936,5.098039316384279,0.12182637831200573
0.5697137449061817,0.053704488147040666,3.5873513820227196,-3.5877533505624877,95,5.087955523361549,0.1746470882057984,5.100036404593223,0.12231904261070842
0.5717704732271426,0.0536736979006659,3.5852946537030643,-3.585696391781784,95,5.089959537868888,0.17510975141009746,5.102033492802177,0.1228117069093624
0.5738272015481035,0.053642907654341244,3.583237925383411,-3.583639433001081,95,5.091963552376229,0.17557241461439652,5.104030581011143,0.12330437120796756
0.5758839298690644,0.05361211740806678,3.581181197063758,-3.5815824742203786,95,5.0939675668835696,0.17603507781869557,5.106027669220121,0.12379703550652381
0.5779406581900254,0.0535813271618426,3.5791244687441077,-3.579525515439677,95,5.095971581390909,0.17649774102299462,5.108024757429109,0.12428969980503107
0.5799973865109863,0.05355053691566881,3.5770677404244595,-3.5774685566589763,95,5.09797559589825,0.17696040422729367,5.1100218456381095,0.12478236410348924
0.5820541148319472,0.05351974666954551,3.5750110121048126,-3.575411597878276,95,5.09997961040559,0.17742306743159272,5.1120189338471205,0.1252750284018982
0.5841108431529082,0.053488956423472796,3.572954283785168,-3.573354639097577,95,5.101983624912931,0.17788573063589175,5.114016022056144,0.12576769270025784
0.5861675714738691,0.05345816617745077,3.5708975554655256,-3.5712976803168783,95,5.1039876394202714,0.1783483938401908,5.116013110265178,0.12626035699856814
0.58822429979483,0.053427375931479545,3.5688408271458845,-3.5692407215361803,95,5.105991653927611,0.17881105704448985,5.118010198474223,0.12675302129682892
0.590281028115791,0.0533965856855592,3.566784098826245,-3.567183762755483,95,5.107995668434952,0.1792737202487889,5.12000728668328,0.12724568559504013
0.5923377564367519,0.05336579543968985,3.5647273705066067,-3.565126803974787,95,5.109999682942292,0.17973638345308796,5.122004374892349,0.12773834989320165
0.5943944847577128,0.05333500519387156,3.5626706421869714,-3.5630698451940916,95,5.112003697449632,0.180199046657387,5.124001463101428,0.12823101419131344
0.5964512130786738,0.05330421494810446,3.560613913867337,-3.5610128864133967,95,5.1140077119569725,0.18066170986168606,5.12599855131052,0.12872367848937533
0.5985079413996347,0.05327342470238863,3.5585571855477047,-3.5589559276327027,95,5.116011726464313,0.1811243730659851,5.127995639519623,0.12921634278738725
0.6005646697205956,0.053242634456724204,3.556500457228075,-3.5568989688520096,95,5.118015740971654,0.18158703627028416,5.129992727728738,0.1297090070853491
0.6026213980415566,0.05321184421111125,3.554443728908446,-3.554842010071317,95,5.120019755478994,0.1820496994745832,5.131989815937865,0.13020167138326078
0.6046781263625175,0.053181053965549896,3.5523870005888196,-3.552785051290625,95,5.122023769986334,0.18251236267888224,5.133986904147002,0.1306943356811222
0.6067348546834784,0.05315026372004021,3.5503302722691945,-3.5507280925099343,95,5.124027784493674,0.1829750258831813,5.135983992356151,0.1311869999789333
0.6087915830044394,0.05311947347458231,3.548273543949571,-3.5486711337292443,95,5.126031799001015,0.18343768908748034,5.1379810805653126,0.13167966427669392
0.6108483113254003,0.05308868322917631,3.54621681562995,-3.5466141749485547,95,5.128035813508355,0.1839003522917794,5.139978168774485,0.13217232857440395
0.6129050396463612,0.0530578929838223,3.5441600873103307,-3.544557216167866,95,5.130039828015695,0.18436301549607845,5.141975256983669,0.13266499287206335
0.6149617679673222,0.05302710273852037,3.542103358990713,-3.542500257387178,95,5.132043842523036,0.1848256787003775,5.143972345192866,0.13315765716967198
0.6170184962882831,0.05299631249327064,3.540046630671098,-3.5404432986064913,95,5.134047857030376,0.18528834190467655,5.145969433402074,0.13365032146722977
0.619075224609244,0.052965522248073216,3.537989902351484,-3.538386339825805,95,5.136051871537716,0.1857510051089756,5.147966521611293,0.1341429857647366
0.621131952930205,0.05293473200292817,3.535933174031871,-3.5363293810451193,95,5.1380558860450565,0.18621366831327463,5.149963609820524,0.13463565006219236
0.6231886812511659,0.052903941757835624,3.5338764457122616,-3.5342724222644346,95,5.140059900552397,0.18667633151757368,5.151960698029768,0.135128314359597
0.6252454095721268,0.05287315151279569,3.5318197173926533,-3.532215463483751,95,5.142063915059738,0.18713899472187273,5.153957786239023,0.13562097865695036
0.6273021378930878,0.05284236126780845,3.5297629890730473,-3.530158504703068,95,5.144067929567077,0.18760165792617178,5.15595487444829,0.13611364295425238
0.6293588662140487,0.052811571022874024,3.5277062607534426,-3.5281015459223855,95,5.146071944074418,0.18806432113047084,5.1579519626575685,0.13660630725150294
0.6314155945350096,0.05278078077799252,3.5256495324338397,-3.526044587141704,95,5.148075958581758,0.1885269843347699,5.15994905086686,0.13709897154870193
0.6334723228559705,0.05274999053316401,3.5235928041142395,-3.523987628361023,95,5.150079973089099,0.18898964753906894,5.1619461390761625,0.1375916358458493
0.6355290511769315,0.052719200288388626,3.5215360757946406,-3.5219306695803434,95,5.152083987596439,0.189452310743368,5.163943227285476,0.13808430014294487
0.6375857794978924,0.05268841004366647,3.5194793474750443,-3.5198737107996645,95,5.154088002103779,0.18991497394766704,5.165940315494804,0.13857696443998863
0.6396425078188533,0.052657619798997635,3.517422619155448,-3.517816752018986,95,5.15609201661112,0.19037763715196607,5.167937403704142,0.13906962873698037
0.6416992361398143,0.052626829554382214,3.5153658908358545,-3.5157597932383085,95,5.15809603111846,0.19084030035626512,5.169934491913493,0.1395622930339201
0.6437559644607752,0.05259603930982033,3.5133091625162636,-3.5137028344576318,95,5.1601000456258,0.19130296356056417,5.171931580122855,0.14005495733080767
0.6458126927817361,0.052565249065312084,3.511252434196674,-3.511645875676956,95,5.1621040601331405,0.19176562676486322,5.17392866833223,0.14054762162764298
0.6478694211026971,0.052534458820857596,3.5091957058770866,-3.509588916896281,95,5.164108074640481,0.19222828996916227,5.175925756541617,0.1410402859244259
0.649926149423658,0.05250366857645695,3.5071389775575006,-3.5075319581156066,95,5.166112089147822,0.19269095317346133,5.177922844751016,0.14153295022115636
0.6519828777446189,0.05247287833211024,3.5050822492379163,-3.505474999334933,95,5.168116103655161,0.19315361637776038,5.179919932960426,0.14202561451783427
0.6540396060655799,0.0524420880878176,3.5030255209183343,-3.5034180405542603,95,5.170120118162502,0.19361627958205943,5.18191702116985,0.1425182788144595
0.6560963343865408,0.052411297843579105,3.500968792598753,-3.5013610817735885,95,5.172124132669842,0.19407894278635848,5.183914109379286,0.14301094311103196
0.6581530627075017,0.052380507599394874,3.498912064279175,-3.4993041229929176,95,5.174128147177183,0.19454160599065753,5.185911197588733,0.14350360740755155
0.6602097910284627,0.052349717355265016,3.496855335959599,-3.497247164212247,95,5.176132161684523,0.19500426919495656,5.187908285798192,0.14399627170401813
0.6622665193494236,0.05231892711118964,3.494798607640024,-3.4951902054315775,95,5.178136176191863,0.1954669323992556,5.189905374007664,0.14448893600043167
0.6643232476703845,0.05228813686716885,3.4927418793204508,-3.493133246650909,95,5.180140190699204,0.19592959560355466,5.19190246221715,0.14498160029679202
0.6663799759913455,0.05225734662320274,3.4906851510008794,-3.491076287870241,95,5.182144205206544,0.19639225880785371,5.1938995504266465,0.1454742645930991
0.6684367043123064,0.052226556379291425,3.4886284226813107,-3.489019329089574,95,5.184148219713884,0.19685492201215277,5.195896638636155,0.14596692888935275
0.6704934326332673,0.052195766135435015,3.4865716943617437,-3.486962370308908,95,5.1861522342212245,0.19731758521645182,5.197893726845676,0.14645959318555293
0.6725501609542283,0.0521649758916336,3.4845149660421786,-3.484905411528243,95,5.188156248728565,0.19778024842075087,5.19989081505521,0.14695225748169952
0.6746068892751892,0.05213418564788732,3.4824582377226156,-3.4828484527475783,95,5.190160263235906,0.19824291162504992,5.2018879032647565,0.1474449217777924
0.6766636175961501,0.05210339540419625,3.480401509403053,-3.4807914939669145,95,5.192164277743245,0.19870557482934897,5.203884991474315,0.14793758607383145
0.6787203459171111,0.052072605157153014,3.4783447809971904,-3.4787345351862005,96,5.194168292250586,0.199168238033648,5.205882079683119,0.14843025037313676
0.680777074238072,0.052041814909222564,3.476288052653772,-3.476677576405473,96,5.196172306757926,0.19963090123794705,5.207879167891724,0.14892291467330654
0.6828338025590329,0.052011024661083385,3.4742313243275302,-3.4746206176247427,96,5.198176321265267,0.2000935644422461,5.209876256100282,0.14941557897367974
0.6848905308799939,0.05198023441292219,3.4721745960060133,-3.4725636588440123,96,5.200180335772607,0.20055622764654515,5.2118733443088345,0.14990824327407437
0.6869472592009548,0.051949444164790394,3.470117867685795,-3.4705067000632823,96,5.202184350279947,0.2010188908508442,5.213870432517394,0.15040090757444036
0.6890039875219157,0.05191865391670218,3.468061139365935,-3.468449741282553,96,5.204188364787288,0.20148155405514326,5.215867520725964,0.15089357187476388
0.6910607158428766,0.05188786366866153,3.4660044110461743,-3.466392782501824,96,5.206192379294627,0.2019442172594423,5.217864608934543,0.15138623617504104
0.6931174441638376,0.05185707342066962,3.463947682726443,-3.464335823721096,96,5.208196393801968,0.20240688046374136,5.219861697143134,0.15187890047527072
0.6951741724847985,0.051826283172726834,3.4618909544067202,-3.4622788649403686,96,5.2102004083093085,0.20286954366804041,5.221858785351737,0.15237156477545255
0.6972309008057594,0.05179549292483335,3.459834226087001,-3.460221906159642,96,5.212204422816649,0.20333220687233944,5.22385587356035,0.15286422907558628
0.6992876291267204,0.05176470267698928,3.457777497767284,-3.458164947378916,96,5.21420843732399,0.2037948700766385,5.225852961768974,0.15335689337567193
0.7013443574476813,0.05173391242919473,3.45572076944757,-3.456107988598191,96,5.216212451831329,0.20425753328093754,5.22785004997761,0.1538495576757093
0.7034010857686422,0.05170312218144979,3.453664041127856,-3.454051029817467,96,5.21821646633867,0.2047201964852366,5.229847138186257,0.15434222197569836
0.7054578140896032,0.05167233193375456,3.451607312808145,-3.451994071036743,96,5.22022048084601,0.20518285968953565,5.231844226394914,0.15483488627563896
0.7075145424105641,0.051641541686109155,3.449550584488435,-3.4499371122560203,96,5.22222449535335,0.2056455228938347,5.233841314603582,0.155327550575531
0.709571270731525,0.05161075143851365,3.447493856168727,-3.4478801534752983,96,5.224228509860691,0.20610818609813375,5.235838402812263,0.15582021487537445
0.711627999052486,0.051579961190968165,3.445437127849021,-3.4458231946945768,96,5.226232524368031,0.2065708493024328,5.237835491020955,0.15631287917516914
0.7136847273734469,0.051549170943472784,3.4433803995293157,-3.443766235913856,96,5.228236538875372,0.20703351250673185,5.239832579229658,0.15680554347491502
0.7157414556944078,0.05151838069602761,3.4413236712096134,-3.4417092771331363,96,5.230240553382712,0.20749617571103088,5.241829667438372,0.15729820777461195
0.7177981840153688,0.05148759044863275,3.439266942889912,-3.439652318352417,96,5.232244567890052,0.20795883891532993,5.243826755647096,0.1577908720742599
0.7198549123363297,0.051456800201288275,3.4372102145702117,-3.4375953595716986,96,5.2342485823973925,0.20842150211962898,5.245823843855834,0.15828353637385872
0.7219116406572906,0.0514260099539943,3.4351534862505146,-3.435538400790981,96,5.236252596904733,0.20888416532392803,5.247820932064582,0.15877620067340836
0.7239683689782516,0.05139521970675094,3.433096757930819,-3.4334814420102644,96,5.238256611412073,0.20934682852822709,5.249818020273341,0.15926886497290868
0.7260250972992125,0.051364429459558276,3.431040029611124,-3.431424483229548,96,5.240260625919413,0.20980949173252614,5.251815108482112,0.1597615292723596
0.7280818256201734,0.051333639212416404,3.4289833012914315,-3.429367524448833,96,5.242264640426754,0.2102721549368252,5.253812196690895,0.16025419357176104
0.7301385539411344,0.05130284896532543,3.42692657297174,-3.4273105656681184,96,5.244268654934094,0.21073481814112424,5.255809284899688,0.16074685787111287
0.7321952822620953,0.051272058718285454,3.4248698446520516,-3.4252536068874044,96,5.246272669441435,0.2111974813454233,5.257806373108494,0.16123952217041504
0.7342520105830562,0.051241268471296585,3.422813116332364,-3.4231966481066913,96,5.248276683948775,0.21166014454972232,5.2598034613173095,0.16173218646966736
0.7363087389040172,0.0512104782243589,3.4207563880126783,-3.421139689325979,96,5.250280698456115,0.21212280775402137,5.2618005495261375,0.16222485076886983
0.7383654672249781,0.051179687977472535,3.418699659692995,-3.419082730545268,96,5.252284712963456,0.21258547095832042,5.263797637734978,0.1627175150680223
0.740422195545939,0.051148897730637556,3.416642931373312,-3.417025771764557,96,5.2542887274707955,0.21304813416261947,5.265794725943828,0.1632101793671247
0.7424789238669,0.05111810748385408,3.4145862030536316,-3.414968812983847,96,5.256292741978136,0.21351079736691853,5.267791814152692,0.16370284366617693
0.7445356521878609,0.0510873172371222,3.412529474733953,-3.412911854203138,96,5.258296756485477,0.21397346057121758,5.269788902361566,0.16419550796517887
0.7465923805088218,0.05105652699044202,3.410472746414276,-3.4108548954224296,96,5.260300770992817,0.21443612377551663,5.271785990570453,0.16468817226413043
0.7486491088297828,0.051025736743813645,3.408416018094601,-3.408797936641722,96,5.262304785500158,0.21489878697981568,5.273783078779351,0.16518083656303154
0.7507058371507437,0.050994946497237174,3.4063592897749277,-3.406740977861015,96,5.264308800007497,0.21536145018411473,5.27578016698826,0.16567350086188207
0.7527625654717046,0.05096415625071271,3.4043025614552556,-3.404684019080309,96,5.266312814514838,0.21582411338841376,5.277777255197181,0.1661661651606819
0.7548192937926655,0.05093336600424036,3.4022458331355856,-3.402627060299604,96,5.2683168290221785,0.2162867765927128,5.279774343406114,0.16665882945943095
0.7568760221136265,0.05090257575782021,3.400189104815917,-3.400570101518899,96,5.270320843529518,0.21674943979701186,5.2817714316150575,0.16715149375812915
0.7589327504345874,0.050871785511452355,3.39813237649625,-3.3985131427381954,96,5.272324858036859,0.2172121030013109,5.283768519824014,0.1676441580567764
0.7609894787555483,0.05084099526513692,3.396075648176586,-3.3964561839574925,96,5.274328872544199,0.21767476620560997,5.285765608032983,0.16813682235537258
0.7630462070765093,0.05081020501887401,3.394018919856923,-3.3943992251767905,96,5.27633288705154,0.21813742940990902,5.2877626962419635,0.16862948665391758
0.7651029353974702,0.05077941477266371,3.3919621915372615,-3.392342266396089,96,5.2783369015588795,0.21860009261420807,5.289759784450954,0.16912215095241132
0.7671596637184311,0.05074862452650613,3.3899054632176018,-3.3902853076153883,96,5.28034091606622,0.21906275581850712,5.291756872659958,0.16961481525085367
0.7692163920393921,0.05071783428040137,3.387848734897944,-3.3882283488346885,96,5.282344930573561,0.21952541902280617,5.293753960868974,0.17010747954924457
0.771273120360353,0.05068704403434954,3.385792006578288,-3.3861713900539896,96,5.284348945080901,0.2199880822271052,5.295751049078001,0.17060014384758387
0.7733298486813139,0.05065625378835073,3.3837352782586327,-3.384114431273291,96,5.286352959588241,0.22045074543140425,5.297748137287041,0.17109280814587155
0.7753865770022749,0.05062546354240505,3.38167854993898,-3.3820574724925936,96,5.288356974095581,0.2209134086357033,5.299745225496092,0.17158547244410743
0.7774433053232358,0.05059467329651263,3.37962182161933,-3.380000513711897,96,5.290360988602922,0.22137607184000235,5.301742313705155,0.17207813674229144
0.7795000336441967,0.050563883050673546,3.3775650932996806,-3.377943554931201,96,5.2923650031102625,0.2218387350443014,5.303739401914231,0.1725708010404235
0.7815567619651577,0.0505330928048879,3.3755083649800337,-3.3758865961505062,96,5.294369017617602,0.22230139824860046,5.3057364901233175,0.17306346533850345
0.7836134902861186,0.050502302559155804,3.3734516366603873,-3.373829637369812,96,5.296373032124943,0.2227640614528995,5.307733578332417,0.17355612963653122
0.7856702186070795,0.050471512313477365,3.3713949083407435,-3.371772678589118,96,5.298377046632283,0.22322672465719856,5.309730666541529,0.17404879393450673
0.7877269469280405,0.05044072206785268,3.369338180021102,-3.3697157198084255,96,5.300381061139624,0.2236893878614976,5.3117277547506525,0.17454145823242986
0.7897836752490014,0.05040993182228186,3.3672814517014613,-3.3676587610277338,96,5.3023850756469635,0.22415205106579664,5.313724842959788,0.17503412253030048
0.7918404035699623,0.05037914157676499,3.3652247233818224,-3.365601802247043,96,5.304389090154304,0.2246147142700957,5.315721931168936,0.17552678682811856
0.7938971318909233,0.050348351331302194,3.3631679950621858,-3.363544843466353,96,5.306393104661645,0.22507737747439474,5.317719019378096,0.17601945112588396
0.7959538602118842,0.05031756108589357,3.3611112667425505,-3.3614878846856633,96,5.308397119168985,0.2255400406786938,5.3197161075872685,0.17651211542359657
0.7980105885328451,0.050286770840539216,3.359054538422917,-3.3594309259049746,96,5.310401133676325,0.22600270388299284,5.321713195796452,0.17700477972125628
0.800067316853806,0.05025598059523925,3.356997810103286,-3.357373967124287,96,5.312405148183665,0.2264653670872919,5.3237102840056485,0.17749744401886303
0.802124045174767,0.050225190349993794,3.354941081783656,-3.3553170083436,96,5.314409162691006,0.22692803029159095,5.325707372214858,0.17799010831641665
0.8041807734957279,0.050194400104802916,3.352884353464028,-3.353260049562914,96,5.3164131771983465,0.22739069349589,5.327704460424079,0.1784827726139171
0.8062375018166889,0.050163609859666745,3.350827625144402,-3.3512030907822288,96,5.318417191705686,0.22785335670018905,5.329701548633312,0.17897543691136422
0.8082942301376498,0.050132819614585405,3.348770896824778,-3.349146132001544,96,5.320421206213027,0.22831601990448808,5.3316986368425585,0.1794681012087579
0.8103509584586107,0.050102029369558966,3.3467141685051547,-3.3470891732208603,96,5.322425220720367,0.22877868310878713,5.333695725051816,0.17996076550609813
0.8124076867795716,0.050071239124587566,3.344657440185534,-3.3450322144401774,96,5.324429235227708,0.22924134631308618,5.335692813261088,0.1804534298033847
0.8144644151005326,0.05004044887967129,3.342600711865915,-3.3429752556594954,96,5.3264332497350475,0.22970400951738523,5.33768990147037,0.18094609410061757
0.8165211434214935,0.05000965863481025,3.3405439835462976,-3.3409182968788143,96,5.328437264242388,0.23016667272168428,5.339686989679665,0.18143875839779663
0.8185778717424544,0.04997886839000456,3.3384872552266827,-3.338861338098134,96,5.330441278749729,0.23062933592598334,5.341684077888973,0.18193142269492177
0.8206346000634154,0.0499480781452543,3.3364305269070678,-3.3368043793174547,96,5.332445293257069,0.2310919991302824,5.3436811660982935,0.18242408699199286
0.8226913283843763,0.049917287900559604,3.3343737985874564,-3.3347474205367758,96,5.334449307764409,0.23155466233458144,5.345678254307626,0.18291675128900986
0.8247480567053372,0.049886497655920584,3.3323170702678455,-3.3326904617560977,96,5.336453322271749,0.2320173255388805,5.347675342516971,0.18340941558597257
0.8268047850262982,0.04985570741133734,3.3302603419482377,-3.3306335029754206,96,5.33845733677909,0.23247998874317952,5.349672430726329,0.18390207988288093
0.8288615133472591,0.04982491716680997,3.3282036136286304,-3.3285765441947444,96,5.3404613512864305,0.23294265194747857,5.3516695189357,0.18439474417973487
0.83091824166822,0.04979412692233858,3.3261468853090257,-3.326519585414069,96,5.34246536579377,0.23340531515177762,5.353666607145082,0.18488740847653426
0.832974969989181,0.04976333667792331,3.3240901569894232,-3.3244626266333945,96,5.344469380301111,0.23386797835607667,5.355663695354478,0.18538007277327898
0.8350316983101419,0.049732546433564256,3.322033428669822,-3.322405667852721,96,5.346473394808451,0.23433064156037572,5.357660783563887,0.18587273706996893
0.8370884266311028,0.049701756189261516,3.3199767003502227,-3.3203487090720483,96,5.348477409315791,0.23479330476467478,5.359657871773306,0.18636540136660398
0.8391451549520638,0.04967096594501519,3.3179199720306247,-3.3182917502913765,96,5.3504814238231315,0.23525596796897383,5.361654959982741,0.18685806566318408
0.8412018832730247,0.0496401757008254,3.3158632437110285,-3.316234791510705,96,5.352485438330472,0.23571863117327288,5.363652048192187,0.18735072995970908
0.8432586115939856,0.04960938545669225,3.3138065153914344,-3.3141778327300346,96,5.354489452837813,0.23618129437757193,5.365649136401647,0.1878433942561789
0.8453153399149466,0.04957859521261586,3.311749787071842,-3.312120873949365,96,5.356493467345153,0.23664395758187096,5.367646224611119,0.1883360585525934
0.8473720682359075,0.04954780496859632,3.309693058752251,-3.3100639151686964,96,5.358497481852493,0.23710662078617,5.369643312820602,0.18882872284895252
0.8494287965568684,0.04951701472463376,3.3076363304326626,-3.3080069563880286,96,5.360501496359833,0.23756928399046906,5.3716404010301,0.18932138714525615
0.8514855248778294,0.049486224480728286,3.305579602113075,-3.3059499976073616,96,5.362505510867174,0.2380319471947681,5.373637489239611,0.18981405144150412
0.8535422531987903,0.049455434236880015,3.3035228737934905,-3.3038930388266956,96,5.364509525374514,0.23849461039906716,5.375634577449133,0.19030671573769636
0.8555989815197512,0.04942464399308905,3.301466145473907,-3.3018360800460305,96,5.366513539881854,0.23895727360336622,5.37763166565867,0.19079938003383276
0.8576557098407122,0.049393853749355496,3.2994094171543256,-3.299779121265366,96,5.368517554389195,0.23941993680766527,5.379628753868219,0.19129204432991323
0.8597124381616731,0.04936306350567946,3.2973526888347457,-3.297722162484703,96,5.370521568896535,0.23988260001196432,5.3816258420777805,0.19178470862593766
0.861769166482634,0.049332273262061056,3.2952959605151677,-3.2956652037040404,96,5.372525583403876,0.24034526321626337,5.3836229302873555,0.19227737292190594
0.863825894803595,0.049301483018500396,3.293239232195592,-3.293608244923379,96,5.3745295979112155,0.2408079264205624,5.385620018496943,0.1927700372178179
0.8658826231245559,0.0492706927749976,3.291182503876018,-3.291551286142718,96,5.376533612418556,0.24127058962486145,5.387617106706544,0.19326270151367353
0.8679393514455168,0.049239902527943843,3.2891257754700094,-3.289494327362004,97,5.378537626925897,0.2417332528291605,5.389614194915346,0.1937553658129891
0.8699960797664777,0.04920911227998956,3.2870690471274946,-3.2874373685812768,97,5.380541641433236,0.24219591603345955,5.391611283123945,0.19424803011318212
0.8720528080874387,0.04917832203183514,3.2850123188017464,-3.2853804098005464,97,5.382545655940577,0.2426585792377586,5.3936083713325,0.19474069441357014
0.8741095364083996,0.04914753178366561,3.2829555904804235,-3.2833234510198155,97,5.384549670447917,0.24312124244205766,5.395605459541051,0.1952333587139729
0.8761662647293605,0.04911674153552988,3.28089886216027,-3.281266492239085,97,5.386553684955258,0.2435839056463567,5.39760254774961,0.19572602301434272
0.8782229930503215,0.04908595128744094,3.2788421338404263,-3.2792095334583555,97,5.3885576994625985,0.24404656885065576,5.39959963595818,0.19621868731466696
0.8802797213712824,0.0490551610394023,3.2767854055206658,-3.277152574677627,97,5.390561713969938,0.2445092320549548,5.40159672416676,0.19671135161494216
0.8823364496922433,0.04902437079141494,3.2747286772009274,-3.2750956158968987,97,5.392565728477279,0.24497189525925384,5.403593812375352,0.1972040159151674
0.8843931780132043,0.0489935805434792,3.2726719488811966,-3.2730386571161714,97,5.394569742984619,0.2454345584635529,5.405590900583956,0.19769668021534234
0.8864499063341652,0.04896279029559525,3.270615220561469,-3.270981698335445,97,5.396573757491959,0.24589722166785194,5.40758798879257,0.19818934451546683
0.8885066346551261,0.048932000047763186,3.268558492241743,-3.2689247395547194,97,5.3985777719993,0.246359884872151,5.409585077001197,0.19868200881554077
0.8905633629760871,0.04890120979998313,3.2665017639220184,-3.2668677807739943,97,5.40058178650664,0.24682254807645004,5.411582165209836,0.19917467311556403
0.892620091297048,0.04887041955225518,3.264445035602296,-3.26481082199327,97,5.402585801013981,0.2472852112807491,5.4135792534184874,0.1996673374155365
0.8946768196180089,0.04883962930457943,3.2623883072825755,-3.262753863212547,97,5.404589815521321,0.24774787448504815,5.415576341627149,0.20016000171545814
0.8967335479389699,0.04880883905695599,3.2603315789628566,-3.2606969044318244,97,5.406593830028661,0.2482105376893472,5.417573429835823,0.2006526660153288
0.8987902762599308,0.04877804880938497,3.258274850643139,-3.2586399456511024,97,5.4085978445360015,0.24867320089364625,5.419570518044509,0.20114533031514836
0.9008470045808917,0.04874725856186647,3.256218122323424,-3.2565829868703813,97,5.410601859043342,0.24913586409794528,5.421567606253206,0.20163799461491674
0.9029037329018527,0.048716468314400595,3.254161394003709,-3.254526028089661,97,5.412605873550682,0.24959852730224433,5.423564694461915,0.2021306589146339
0.9049604612228136,0.04868567806698744,3.2521046656839974,-3.2524690693089418,97,5.414609888058022,0.2500611905065434,5.425561782670637,0.20262332321429966
0.9070171895437745,0.04865488781962712,3.2500479373642865,-3.2504121105282233,97,5.416613902565363,0.2505238537108424,5.42755887087937,0.2031159875139139
0.9090739178647355,0.04862409757231972,3.247991209044577,-3.2483551517475053,97,5.418617917072703,0.2509865169151415,5.429555959088115,0.20360865181347668
0.9111306461856964,0.048593307325065345,3.2459344807248693,-3.2462981929667882,97,5.420621931580043,0.2514491801194405,5.431553047296871,0.20410131611298765
0.9131873745066573,0.0485625170778641,3.2438777524051634,-3.244241234186072,97,5.422625946087384,0.2519118433237396,5.433550135505641,0.204593980412447
0.9152441028276183,0.04853172683071608,3.2418210240854592,-3.2421842754053567,97,5.424629960594724,0.2523745065280386,5.435547223714422,0.20508664471185437
0.9173008311485792,0.04850093658362141,3.2397642957657564,-3.2401273166246423,97,5.426633975102065,0.2528371697323377,5.437544311923215,0.20557930901120985
0.9193575594695401,0.04847014633658018,3.2377075674460554,-3.2380703578439283,97,5.428637989609404,0.2532998329366367,5.439541400132019,0.20607197331051316
0.921414287790501,0.048439356089592496,3.235650839126356,-3.236013399063215,97,5.430642004116745,0.25376249614093577,5.441538488340837,0.20656463760976437
0.923471016111462,0.04840856584265847,3.2335941108066586,-3.233956440282503,97,5.4326460186240855,0.2542251593452348,5.443535576549666,0.20705730190896326
0.9255277444324229,0.0483777755957782,3.231537382486963,-3.2318994815017916,97,5.434650033131426,0.25468782254953387,5.445532664758507,0.2075499662081098
0.9275844727533838,0.0483469853489518,3.2294806541672685,-3.229842522721081,97,5.436654047638766,0.2551504857538329,5.44752975296736,0.20804263050720384
0.9296412010743448,0.048316195102179355,3.227423925847576,-3.227785563940371,97,5.438658062146106,0.255613148958132,5.449526841176225,0.20853529480624533
0.9316979293953057,0.048285404855460984,3.225367197527885,-3.225728605159662,97,5.440662076653447,0.256075812162431,5.451523929385103,0.2090279591052341
0.9337546577162666,0.048254614608796806,3.223310469208196,-3.223671646378954,97,5.442666091160787,0.2565384753667301,5.453521017593992,0.2095206234041701
0.9358113860372276,0.048223824362186904,3.2212537408885082,-3.2216146875982465,97,5.444670105668127,0.25700113857102913,5.455518105802894,0.2100132877030532
0.9378681143581885,0.04819303411563139,3.219197012568822,-3.21955772881754,97,5.446674120175468,0.2574638017753281,5.457515194011808,0.21050595200188324
0.9399248426791494,0.04816224386913035,3.2171402842491372,-3.2175007700368345,97,5.448678134682808,0.25792646497962723,5.459512282220735,0.2109986163006603
0.9419815710001104,0.048131453622683895,3.215083555929454,-3.2154438112561294,97,5.450682149190149,0.25838912818392623,5.461509370429674,0.2114912805993841
0.9440382993210713,0.048100663376292145,3.213026827609773,-3.213386852475425,97,5.452686163697488,0.25885179138822534,5.463506458638625,0.2119839448980547
0.9460950276420322,0.048069873129955205,3.210970099290094,-3.211329893694722,97,5.454690178204829,0.25931445459252433,5.465503546847588,0.21247660919667177
0.9481517559629932,0.0480390828836732,3.208913370970416,-3.2092729349140194,97,5.4566941927121695,0.25977711779682344,5.467500635056564,0.21296927349523542
0.9502084842839541,0.04800829263744621,3.20685664265074,-3.207215976133318,97,5.45869820721951,0.26023978100112244,5.469497723265552,0.21346193779374537
0.952265212604915,0.047977502391274345,3.2047999143310664,-3.205159017352617,97,5.46070222172685,0.26070244420542155,5.471494811474551,0.2139546020922017
0.954321940925876,0.047946712145157715,3.2027431860113933,-3.2031020585719174,97,5.46270623623419,0.26116510740972054,5.473491899683565,0.21444726639060413
0.9563786692468369,0.04791592189909642,3.200686457691722,-3.201045099791218,97,5.464710250741531,0.2616277706140196,5.47548898789259,0.21493993068895267
0.9584353975677978,0.04788513165309057,3.198629729372052,-3.1989881410105196,97,5.466714265248871,0.26209043381831865,5.477486076101629,0.21543259498724718
0.9604921258887588,0.04785434140714029,3.1965730010523843,-3.196931182229822,97,5.468718279756211,0.2625530970226177,5.479483164310678,0.21592525928548756
0.9625488542097197,0.04782355116124566,3.1945162727327188,-3.1948742234491254,97,5.470722294263552,0.26301576022691675,5.4814802525197415,0.21641792358367373
0.9646055825306806,0.04779276091540681,3.1924595444130537,-3.1928172646684296,97,5.472726308770892,0.2634784234312158,5.483477340728816,0.21691058788180553
0.9666623108516416,0.04776197066962384,3.1904028160933913,-3.1907603058877347,97,5.474730323278233,0.26394108663551485,5.485474428937905,0.21740325217988288
0.9687190391726025,0.04773118042389685,3.18834608777373,-3.1887033471070407,97,5.476734337785572,0.2644037498398139,5.4874715171470045,0.21789591647790568
0.9707757674935634,0.04770039017822595,3.1862893594540704,-3.1866463883263476,97,5.478738352292913,0.26486641304411296,5.489468605356119,0.21838858077587386
0.9728324958145244,0.04766959993261125,3.1842326311344133,-3.184589429545655,97,5.4807423668002535,0.265329076248412,5.491465693565244,0.21888124507378726
0.9748892241354853,0.04763880968705287,3.1821759028147563,-3.182532470764963,97,5.482746381307594,0.26579173945271106,5.493462781774383,0.21937390937164578
0.9769459524564462,0.047608019441550894,3.180119174495102,-3.1804755119842723,97,5.484750395814934,0.26625440265701006,5.4954598699835335,0.21986657366944928
0.9790026807774072,0.04757722919610545,3.1780624461754488,-3.1784185532035822,97,5.486754410322274,0.26671706586130917,5.497456958192697,0.22035923796719784
0.9810594090983681,0.04754643895071664,3.1760057178557983,-3.176361594422893,97,5.488758424829615,0.26717972906560816,5.499454046401874,0.22085190226489107
0.983116137419329,0.04751564870538459,3.173948989536149,-3.174304635642205,97,5.4907624393369545,0.26764239226990727,5.501451134611063,0.22134456656252913
0.98517286574029,0.0474848584601094,3.1718922612165015,-3.1722476768615175,97,5.492766453844295,0.26810505547420627,5.503448222820266,0.22183723086011167
0.9872295940612509,0.04745406821489119,3.169835532896856,-3.170190718080831,97,5.494770468351636,0.2685677186785054,5.505445311029481,0.2223298951576388
0.9892863223822118,0.047423277969730046,3.1677788045772113,-3.1681337593001455,97,5.496774482858976,0.26903038188280437,5.507442399238709,0.2228225594551102
0.9913430507031727,0.04739248772462608,3.1657220762575684,-3.166076800519461,97,5.498778497366317,0.2694930450871035,5.50943948744795,0.22331522375252602
0.9933997790241337,0.047361697479579405,3.1636653479379278,-3.164019841738777,97,5.500782511873656,0.2699557082914025,5.511436575657203,0.22380788804988588
0.9954565073450946,0.04733090723459013,3.161608619618288,-3.161962882958094,97,5.502786526380997,0.2704183714957015,5.513433663866469,0.2243005523471899
0.9975132356660555,0.047300116989658386,3.159551891298651,-3.1599059241774117,97,5.5047905408883375,0.2708810347000006,5.515430752075749,0.22479321664443785
0.9995699639870165,0.04726932674478427,3.1574951629790147,-3.15784896539673,97,5.506794555395677,0.27134369790429963,5.517427840285041,0.22528588094162966
1.0016266923079775,0.04723853649996789,3.1554384346593802,-3.1557920066160494,97,5.508798569903018,0.2718063611085987,5.519424928494346,0.2257785452387652
1.0036834206289384,0.047207746255209355,3.153381706339747,-3.1537350478353696,97,5.510802584410358,0.2722690243128978,5.521422016703665,0.22627120953584443
1.0057401489498994,0.047176956010508767,3.1513249780201162,-3.1516780890546907,97,5.512806598917699,0.2727316875171968,5.523419104912997,0.22676387383286709
1.0077968772708603,0.047146165765866256,3.1492682497004867,-3.1496211302740127,97,5.514810613425039,0.2731943507214959,5.525416193122341,0.22725653812983326
1.0098536055918212,0.04711537552128192,3.147211521380859,-3.1475641714933356,97,5.516814627932379,0.2736570139257949,5.5274132813316985,0.22774920242674265
1.0119103339127822,0.04708458527675589,3.1451547930612334,-3.1455072127126593,97,5.51881864243972,0.27411967713009394,5.529410369541069,0.2282418667235953
1.013967062233743,0.04705379503228827,3.1430980647416096,-3.143450253931984,97,5.52082265694706,0.274582340334393,5.531407457750453,0.228734531020391
1.016023790554704,0.047023004787879165,3.141041336421987,-3.1413932951513095,97,5.522826671454401,0.27504500353869205,5.533404545959851,0.2292271953171297
1.018080518875665,0.04699221454352869,3.1389846081023656,-3.139336336370636,97,5.52483068596174,0.2755076667429911,5.53540163416926,0.2297198596138113
1.020137247196626,0.046961424299236956,3.136927879782747,-3.1372793775899632,97,5.526834700469081,0.27597032994729015,5.537398722378684,0.23021252391043565
1.0221939755175868,0.046930634055004083,3.1348711514631296,-3.1352224188092914,97,5.5288387149764215,0.2764329931515892,5.539395810588121,0.23070518820700264
1.0242507038385478,0.046899843810830184,3.1328144231435138,-3.1331654600286205,97,5.530842729483762,0.27689565635588825,5.541392898797571,0.23119785250351216
1.0263074321595087,0.046869053566715356,3.1307576948238993,-3.1311085012479505,97,5.532846743991102,0.2773583195601873,5.543389987007033,0.2316905167999641
1.0283641604804696,0.04683826332265971,3.128700966504287,-3.1290515424672813,97,5.534850758498442,0.2778209827644863,5.54538707521651,0.23218318109635838
1.0304208888014306,0.046807473078663384,3.1266442381846766,-3.126994583686613,97,5.536854773005783,0.2782836459687854,5.547384163426,0.23267584539269492
1.0324776171223915,0.046776682834726475,3.124587509865068,-3.1249376249059457,97,5.5388587875131226,0.2787463091730844,5.549381251635502,0.23316850968897349
1.0345343454433524,0.04674589259084912,3.122530781545461,-3.1228806661252793,97,5.540862802020463,0.2792089723773835,5.551378339845019,0.23366117398519415
1.0365910737643134,0.0467151023470314,3.1204740532258546,-3.1208237073446137,97,5.542866816527804,0.2796716355816825,5.55337542805455,0.23415383828135655
1.0386478020852743,0.046684312103273444,3.118417324906251,-3.118766748563949,97,5.544870831035144,0.2801342987859816,5.555372516264093,0.23464650257746084
1.0407045304062352,0.04665352185957536,3.1163605965866483,-3.116709789783285,97,5.546874845542485,0.2805969619902806,5.55736960447365,0.23513916687350672
1.0427612587271962,0.046622731615937274,3.114303868267048,-3.1146528310026222,97,5.5488788600498244,0.2810596251945797,5.55936669268322,0.2356318311694942
1.044817987048157,0.04659194137235929,3.112247139947449,-3.11259587222196,97,5.550882874557165,0.2815222883988787,5.561363780892805,0.23612449546542302
1.046874715369118,0.046561151128841516,3.1101904116278525,-3.110538913441299,97,5.552886889064506,0.28198495160317777,5.563360869102402,0.23661715976129327
1.048931443690079,0.046530360885384085,3.108133683308257,-3.108481954660639,97,5.554890903571845,0.2824476148074768,5.565357957312012,0.23710982405710468
1.05098817201104,0.04649957064198712,3.106076954988663,-3.1064249958799794,97,5.556894918079186,0.2829102780117759,5.567355045521637,0.2376024883528572
1.0530449003320008,0.04646878039865071,3.104020226669071,-3.104368037099321,97,5.558898932586526,0.2833729412160749,5.569352133731276,0.2380951526485507
1.0551016286529618,0.046437990155374975,3.101963498349481,-3.1023110783186634,97,5.560902947093867,0.283835604420374,5.571349221940928,0.23858781694418507
1.0571583569739227,0.04640719991216005,3.099906770029892,-3.1002541195380067,97,5.5629069616012075,0.28429826762467303,5.573346310150594,0.2390804812397602
1.0592150852948836,0.04637640966516026,3.09785004162355,-3.0981971607572936,98,5.564910976108547,0.2847609308289721,5.575343398359408,0.2395731455390232
1.0612718136158446,0.04634561941724418,3.0957933132819333,-3.0961402019765667,98,5.566914990615888,0.28522359403327113,5.577340486568016,0.240065809839179
1.0633285419368055,0.04631482916913693,3.093736584956665,-3.0940832431958367,98,5.568919005123228,0.2856862572375702,5.579337574776582,0.24055847413952106
1.0653852702577664,0.04628403892102175,3.0916798566355257,-3.0920262844151067,98,5.570923019630568,0.28614892044186924,5.581334662985144,0.24105113843987086
1.0674419985787273,0.04625324867294502,3.08962312831543,-3.089969325634377,98,5.5729270341379085,0.28661158364616823,5.583331751193716,0.2415438027401831
1.0694987268996883,0.046222458424918504,3.0875663999955973,-3.0879123668536486,98,5.574931048645249,0.28707424685046734,5.585328839402299,0.24203646704044657
1.0715554552206492,0.046191668176945234,3.0855096716758332,-3.085855408072921,98,5.57693506315259,0.28753691005476634,5.587325927610895,0.24252913134065804
1.0736121835416101,0.04616087792902608,3.083452943356087,-3.083798449292194,98,5.57893907765993,0.28799957325906544,5.589323015819502,0.24302179564081688
1.075668911862571,0.04613008768116131,3.0813962150363468,-3.081741490511468,98,5.58094309216727,0.28846223646336444,5.591320104028122,0.24351445994092263
1.077725640183532,0.046099297433351095,3.079339486716609,-3.0796845317307424,98,5.58294710667461,0.28892489966766355,5.5933171922367535,0.24400712424097534
1.079782368504493,0.046068507185595554,3.077282758396873,-3.0776275729500178,98,5.584951121181951,0.28938756287196254,5.595314280445399,0.24449978854097465
1.0818390968254539,0.0460377169378948,3.0752260300771392,-3.075570614169294,98,5.586955135689291,0.28985022607626165,5.597311368654054,0.2449924528409207
1.0838958251464148,0.04600692669024894,3.073169301757406,-3.073513655388571,98,5.588959150196631,0.29031288928056065,5.599308456862723,0.24548511714081314
1.0859525534673757,0.04597613644265806,3.071112573437675,-3.071456696607849,98,5.590963164703972,0.2907755524848597,5.601305545071405,0.24597778144065208
1.0880092817883367,0.04594534619512225,3.069055845117945,-3.069399737827128,98,5.592967179211312,0.29123821568915875,5.603302633280099,0.24647044574043736
1.0900660101092976,0.045914555947641655,3.0669991167982174,-3.067342779046408,98,5.594971193718653,0.2917008788934578,5.605299721488805,0.24696311004016883
1.0921227384302585,0.04588376570021638,3.064942388478491,-3.065285820265688,98,5.5969752082259925,0.29216354209775686,5.607296809697523,0.2474557743398464
1.0941794667512195,0.04585297545284651,3.0628856601587655,-3.063228861484969,98,5.598979222733333,0.2926262053020559,5.609293897906254,0.24794843863946997
1.0962361950721804,0.045822185205532176,3.0608289318390427,-3.061171902704251,98,5.600983237240674,0.29308886850635496,5.611290986114998,0.24844110293903945
1.0982929233931413,0.045791394958273474,3.0587722035193208,-3.059114943923534,98,5.602987251748013,0.293551531710654,5.613288074323753,0.2489337672385547
1.1003496517141023,0.0457606047110705,3.0567154751995997,-3.057057985142818,98,5.604991266255354,0.29401419491495306,5.615285162532522,0.2494264315380157
1.1024063800350632,0.045729814463923366,3.054658746879882,-3.0550010263621026,98,5.606995280762694,0.2944768581192521,5.617282250741303,0.24991909583742225
1.1044631083560241,0.04569902421683219,3.0526020185601648,-3.052944067581388,98,5.608999295270035,0.29493952132355117,5.619279338950097,0.2504117601367743
1.106519836676985,0.04566823396979708,3.0505452902404495,-3.0508871088006746,98,5.6110033097773755,0.29540218452785016,5.621276427158904,0.25090442443607164
1.108576564997946,0.045637443722818125,3.0484885619207347,-3.0488301500199615,98,5.613007324284715,0.29586484773214927,5.623273515367722,0.25139708873531436
1.110633293318907,0.04560665347589543,3.0464318336010217,-3.0467731912392493,98,5.615011338792056,0.29632751093644827,5.625270603576554,0.2518897530345022
1.1126900216398679,0.04557586322902914,3.0443751052813113,-3.044716232458538,98,5.617015353299396,0.2967901741407473,5.627267691785398,0.2523824173336351
1.1147467499608288,0.045545072982219326,3.0423183769616013,-3.0426592736778275,98,5.619019367806736,0.2972528373450464,5.629264779994254,0.252875081632713
1.1168034782817897,0.04551428273546612,3.0402616486418936,-3.040602314897118,98,5.6210233823140765,0.2977155005493454,5.631261868203124,0.2533677459317357
1.1188602066027507,0.04548349248876962,3.038204920322187,-3.0385453561164093,98,5.623027396821417,0.2981781637536445,5.633258956412007,0.25386041023070316
1.1209169349237116,0.045452702242129925,3.036148192002482,-3.0364883973357015,98,5.625031411328758,0.29864082695794353,5.635256044620903,0.2543530745296153
1.1229736632446725,0.04542191199554717,3.03409146368278,-3.0344314385549946,98,5.627035425836098,0.2991034901622426,5.6372531328298106,0.25484573882847195
1.1250303915656334,0.04539112174902145,3.032034735363078,-3.0323744797742886,98,5.629039440343438,0.29956615336654163,5.639250221038731,0.255338403127273
1.1270871198865944,0.04536033150255287,3.029978007043378,-3.0303175209935835,98,5.631043454850778,0.3000288165708407,5.641247309247665,0.2558310674260184
1.1291438482075553,0.04532954125614156,3.0279212787236798,-3.0282605622128793,98,5.633047469358119,0.30049147977513974,5.643244397456612,0.256323731724708
1.1312005765285162,0.0452987510097876,3.025864550403983,-3.026203603432176,98,5.635051483865459,0.3009541429794388,5.64524148566557,0.2568163960233417
1.1332573048494772,0.04526796076349113,3.0238078220842874,-3.024146644651473,98,5.637055498372799,0.30141680618373784,5.647238573874543,0.2573090603219194
1.135314033170438,0.045237170517252234,3.021751093764593,-3.022089685870771,98,5.63905951288014,0.3018794693880369,5.6492356620835285,0.25780172462044104
1.137370761491399,0.04520638027107102,3.019694365444901,-3.02003272709007,98,5.64106352738748,0.30234213259233594,5.651232750292527,0.25829438891890644
1.13942748981236,0.045175590024947615,3.01763763712521,-3.0179757683093698,98,5.643067541894821,0.302804795796635,5.653229838501539,0.2587870532173155
1.141484218133321,0.045144799778882125,3.0155809088055205,-3.0159188095286704,98,5.6450715564021605,0.30326745900093405,5.655226926710562,0.25927971751566814
1.1435409464542818,0.045114009532874665,3.013524180485833,-3.013861850747972,98,5.647075570909501,0.3037301222052331,5.6572240149196,0.2597723818139642
1.1455976747752428,0.04508321928692534,3.0114674521661464,-3.0118048919672744,98,5.649079585416841,0.30419278540953215,5.65922110312865,0.2602650461122037
1.1476544030962037,0.04505242904103426,3.0094107238464627,-3.0097479331865777,98,5.651083599924181,0.3046554486138312,5.6612181913377135,0.26075771041038637
1.1497111314171646,0.04502163879520154,3.007353995526779,-3.007690974405882,98,5.653087614431522,0.3051181118181302,5.663215279546791,0.26125037470851215
1.1517678597381256,0.04499084854942728,3.005297267207098,-3.005634015625187,98,5.655091628938862,0.30558077502242925,5.665212367755881,0.261743039006581
1.1538245880590865,0.044960058303711616,3.003240538887418,-3.003577056844493,98,5.657095643446203,0.3060434382267283,5.667209455964985,0.2622357033045928
1.1558813163800474,0.04492926805805465,3.00118381056774,-3.0015200980638,98,5.659099657953543,0.30650610143102736,5.6692065441740995,0.26272836760254736
1.1579380447010084,0.04489847781245648,2.999127082248063,-2.9994631392831077,98,5.661103672460883,0.3069687646353264,5.6712036323832296,0.26322103190044466
1.1599947730219693,0.044867687566917225,2.997070353928388,-2.9974061805024164,98,5.663107686968224,0.30743142783962546,5.673200720592373,0.26371369619828455
1.1620515013429302,0.044836897321437,2.995013625608715,-2.995349221721726,98,5.665111701475563,0.3078940910439245,5.675197808801528,0.26420636049606694
1.1641082296638912,0.04480610707601592,2.992956897289043,-2.9932922629410363,98,5.667115715982904,0.30835675424822356,5.677194897010698,0.26469902479379165
1.166164957984852,0.044775316830654104,2.9909001689693726,-2.9912353041603477,98,5.6691197304902445,0.3088194174525226,5.67919198521988,0.2651916890914587
1.168221686305813,0.04474452658535165,2.988843440649704,-2.98917834537966,98,5.671123744997585,0.30928208065682167,5.681189073429077,0.2656843533890678
1.170278414626774,0.04471373634010868,2.9867867123300367,-2.987121386598973,98,5.673127759504926,0.3097447438611207,5.683186161638286,0.266177017686619
1.1723351429477349,0.0446829460949253,2.984729984010371,-2.985064427818287,98,5.675131774012265,0.31020740706541977,5.685183249847508,0.2666696819841122
1.1743918712686958,0.044652155849801624,2.982673255690707,-2.983007469037602,98,5.677135788519606,0.3106700702697188,5.687180338056745,0.2671623462815471
1.1764485995896568,0.04462136560473777,2.9806165273710437,-2.9809505102569176,98,5.679139803026946,0.3111327334740179,5.689177426265995,0.26765501057892377
1.1785053279106177,0.04459057535973385,2.978559799051383,-2.9788935514762342,98,5.681143817534286,0.3115953966783169,5.691174514475257,0.2681476748762421
1.1805620562315786,0.044559785114789974,2.9765030707317237,-2.976836592695552,98,5.683147832041627,0.312058059882616,5.693171602684535,0.26864033917350183
1.1826187845525395,0.04452899486990626,2.9744463424120657,-2.97477963391487,98,5.685151846548967,0.31252072308691503,5.695168690893825,0.269133003470703
1.1846755128735005,0.04449820462508282,2.97238961409241,-2.9727226751341895,98,5.687155861056308,0.3129833862912141,5.697165779103129,0.2696256677678454
1.1867322411944614,0.04446741438031978,2.9703328857727547,-2.9706657163535097,98,5.689159875563648,0.3134460494955131,5.699162867312446,0.2701183320649289
1.1887889695154223,0.04443662413561724,2.968276157453102,-2.968608757572831,98,5.691163890070988,0.31390871269981213,5.701159955521777,0.2706109963619535
1.1908456978363833,0.044405833890975334,2.9662194291334507,-2.966551798792153,98,5.6931679045783286,0.3143713759041112,5.703157043731122,0.27110366065891905
1.1929024261573442,0.04437504364639418,2.9641627008138007,-2.9644948400114757,98,5.695171919085669,0.31483403910841024,5.70515413194048,0.2715963249558254
1.1949591544783051,0.04434425340187387,2.9621059724941516,-2.9624378812307994,98,5.697175933593009,0.3152967023127093,5.707151220149852,0.2720889892526725
1.197015882799266,0.0443134631574145,2.9600492441745048,-2.960380922450124,98,5.699179948100349,0.31575936551700834,5.709148308359238,0.2725816535494602
1.199072611120227,0.04428267291301623,2.9579925158548597,-2.9583239636694496,98,5.70118396260769,0.3162220287213074,5.711145396568637,0.2730743178461883
1.201129339441188,0.04425188266867916,2.955935787535216,-2.956267004888776,98,5.7031879771150304,0.31668469192560644,5.71314248477805,0.27356698214285685
1.2031860677621489,0.04422109242440339,2.953879059215574,-2.954210046108104,98,5.705191991622371,0.3171473551299055,5.715139572987478,0.2740596464394656
1.2052427960831098,0.04419030218018906,2.9518223308959333,-2.9521530873274324,98,5.707196006129711,0.31761001833420455,5.717136661196918,0.27455231073601455
1.2072995244040707,0.044159511936036275,2.949765602576295,-2.950096128546762,98,5.709200020637051,0.3180726815385036,5.719133749406373,0.27504497503250347
1.2093562527250317,0.04412872169194516,2.9477088742566573,-2.9480391697660924,98,5.711204035144392,0.31853534474280265,5.721130837615841,0.2755376393289324
1.2114129810459926,0.04409793144791581,2.945652145937022,-2.9459822109854237,98,5.7132080496517315,0.3189980079471017,5.723127925825323,0.276030303625301
1.2134697093669535,0.04406714120394837,2.943595417617388,-2.943925252204756,98,5.715212064159072,0.31946067115140075,5.72512501403482,0.2765229679216094
1.2155264376879145,0.04403635096004293,2.941538689297755,-2.941868293424089,98,5.717216078666413,0.3199233343556998,5.727122102244331,0.27701563221785735
1.2175831660088754,0.044005560716199627,2.939481960978124,-2.939811334643423,98,5.719220093173753,0.32038599755999886,5.729119190453855,0.27750829651404474
1.2196398943298363,0.04397477047241856,2.9374252326584944,-2.937754375862758,98,5.721224107681094,0.3208486607642979,5.731116278663394,0.2780009608101715
1.2216966226507973,0.04394398022869987,2.935368504338867,-2.9356974170820935,98,5.723228122188433,0.32131132396859696,5.733113366872945,0.2784936251062375
1.2237533509717582,0.04391318998504366,2.9333117760192398,-2.93364045830143,98,5.725232136695774,0.32177398717289596,5.735110455082512,0.27898628940224257
1.2258100792927191,0.043882399741450036,2.9312550476996155,-2.931583499520768,98,5.7272361512031145,0.322236650377195,5.737107543292092,0.27947895369818665
1.22786680761368,0.04385160949791914,2.9291983193799926,-2.929526540740107,98,5.729240165710454,0.32269931358149406,5.739104631501686,0.27997161799406967
1.229923535934641,0.04382081925445108,2.927141591060371,-2.9274695819594467,98,5.731244180217795,0.3231619767857931,5.7411017197112955,0.28046428228989145
1.231980264255602,0.04379002901104598,2.925084862740751,-2.9254126231787874,98,5.733248194725135,0.32362463999009217,5.743098807920918,0.2809569465856519
1.2340369925765629,0.043759238767703934,2.923028134421133,-2.923355664398129,98,5.735252209232476,0.3240873031943912,5.745095896130556,0.2814496108813509
1.2360937208975238,0.04372844852442509,2.9209714061015157,-2.9212987056174713,98,5.737256223739816,0.32454996639869027,5.747092984340207,0.2819422751769883
1.2381504492184847,0.04369765828120955,2.9189146777819004,-2.9192417468368146,98,5.739260238247156,0.3250126296029893,5.749090072549872,0.28243493947256404
1.2402071775394456,0.04366686803805743,2.9168579494622864,-2.9171847880561588,98,5.741264252754497,0.3254752928072884,5.7510871607595515,0.28292760376807796
1.2422639058604066,0.04363607779496887,2.9148012211426746,-2.9151278292755043,98,5.743268267261837,0.3259379560115874,5.753084248969246,0.28342026806353
1.2443206341813675,0.04360528755194397,2.9127444928230637,-2.9130708704948507,98,5.745272281769177,0.3264006192158865,5.755081337178954,0.28391293235891996
1.2463773625023284,0.04357449730898285,2.910687764503455,-2.911013911714198,98,5.747276296276517,0.32686328242018553,5.757078425388677,0.2844055966542478
1.2484340908232894,0.04354370706198082,2.9086310360969017,-2.908956952933485,99,5.749280310783858,0.3273259456244846,5.759075513597491,0.28489826095351295
1.2504908191442503,0.043512916814047814,2.9065743077562356,-2.9068999941527576,99,5.7512843252911985,0.32778860882878363,5.761072601806095,0.28539092525368526
1.2525475474652112,0.04348212656593356,2.90451757943144,-2.9048430353720276,99,5.753288339798539,0.3282512720330827,5.7630696900146585,0.28588358955403415
1.2546042757861722,0.04345133631781877,2.902460851110468,-2.9027860765912976,99,5.755292354305879,0.32871393523738174,5.765066778223222,0.28637625385438353
1.256661004107133,0.043420546069747046,2.900404122790417,-2.9007291178105685,99,5.757296368813219,0.3291765984416808,5.767063866431795,0.286868918154691
1.258717732428094,0.04338975582172895,2.8983473944705875,-2.89867215902984,99,5.75930038332056,0.32963926164597984,5.769060954640381,0.2873615824549462
1.260774460749055,0.04335896557376713,2.8962906661508137,-2.896615200249112,99,5.7613043978278995,0.33010192485027884,5.771058042848978,0.2878542467551465
1.262831189070016,0.04332817532586228,2.894233937831053,-2.8945582414683853,99,5.76330841233524,0.3305645880545779,5.773055131057588,0.28834691105529137
1.2648879173909768,0.043297385078014644,2.892177209511297,-2.8925012826876593,99,5.765312426842581,0.33102725125887694,5.775052219266212,0.28883957535538046
1.2669446457119378,0.04326659483022439,2.8901204811915435,-2.890444323906934,99,5.767316441349921,0.331489914463176,5.777049307474849,0.28933223965541366
1.2690013740328987,0.04323580458249163,2.8880637528717923,-2.88838736512621,99,5.769320455857262,0.33195257766747505,5.7790463956834985,0.28982490395539084
1.2710581023538596,0.043205014334816466,2.886007024552042,-2.8863304063454867,99,5.771324470364601,0.3324152408717741,5.78104348389216,0.2903175682553119
1.2731148306748206,0.043174224087199016,2.8839502962322925,-2.8842734475647642,99,5.773328484871942,0.33287790407607315,5.783040572100836,0.2908102325551767
1.2751715589957815,0.04314343383963938,2.881893567912545,-2.8822164887840427,99,5.7753324993792825,0.3333405672803722,5.7850376603095235,0.2913028968549852
1.2772282873167424,0.04311264359213768,2.8798368395927993,-2.880159530003322,99,5.777336513886622,0.33380323048467125,5.7870347485182245,0.29179556115473726
1.2792850156377034,0.04308185334469401,2.8777801112730543,-2.8781025712226023,99,5.779340528393963,0.3342658936889703,5.789031836726939,0.2922882254544327
1.2813417439586643,0.043051063097308495,2.875723382953312,-2.8760456124418834,99,5.781344542901303,0.33472855689326936,5.791028924935667,0.29278088975407157
1.2833984722796252,0.04302027284998124,2.87366665463357,-2.8739886536611654,99,5.783348557408644,0.3351912200975684,5.793026013144408,0.29327355405365363
1.2854552006005862,0.04298948260271236,2.8716099263138295,-2.8719316948804483,99,5.7853525719159835,0.33565388330186746,5.795023101353161,0.2937662183531788
1.287511928921547,0.04295869235550196,2.869553197994091,-2.869874736099732,99,5.787356586423324,0.3361165465061665,5.797020189561928,0.294258882652647
1.289568657242508,0.04292790210835017,2.867496469674354,-2.8678177773190168,99,5.789360600930665,0.33657920971046557,5.799017277770708,0.2947515469520581
1.291625385563469,0.04289711186125708,2.8654397413546184,-2.8657608185383023,99,5.791364615438004,0.3370418729147646,5.8010143659795,0.295244211251412
1.2936821138844299,0.04286632161422281,2.863383013034884,-2.863703859757589,99,5.793368629945345,0.33750453611906367,5.803011454188307,0.2957368755507086
1.2957388422053908,0.042835531367247465,2.8613262847151515,-2.861646900976876,99,5.795372644452685,0.3379671993233627,5.805008542397127,0.29622953984994776
1.2977955705263517,0.04280474112033117,2.85926955639542,-2.8595899421961644,99,5.797376658960026,0.3384298625276618,5.8070056306059605,0.2967222041491294
1.2998522988473127,0.042773950873474006,2.8572128280756894,-2.8575329834154535,99,5.7993806734673665,0.33889252573196077,5.809002718814807,0.29721486844825334
1.3019090271682736,0.042743160626676116,2.8551560997559613,-2.8554760246347435,99,5.801384687974706,0.3393551889362598,5.8109998070236655,0.29770753274731965
1.3039657554892345,0.0427123703799376,2.853099371436234,-2.8534190658540344,99,5.803388702482047,0.3398178521405589,5.812996895232539,0.29820019704632805
1.3060224838101955,0.042681580133258554,2.8510426431165077,-2.851362107073326,99,5.805392716989387,0.3402805153448579,5.8149939834414255,0.2986928613452785
1.3080792121311564,0.042650789886639104,2.848985914796784,-2.849305148292619,99,5.807396731496727,0.340743178549157,5.816991071650325,0.2991855256441709
1.3101359404521173,0.04261999964007937,2.846929186477061,-2.8472481895119124,99,5.8094007460040675,0.34120584175345603,5.818988159859238,0.2996781899430051
1.3121926687730783,0.042589209393579464,2.8448724581573397,-2.845191230731207,99,5.811404760511408,0.3416685049577551,5.820985248068165,0.300170854241781
1.3142493970940392,0.04255841914713951,2.84281572983762,-2.843134271950502,99,5.813408775018749,0.34213116816205413,5.822982336277105,0.30066351854049855
1.3163061254150001,0.04252762890075959,2.8407590015179016,-2.8410773131697984,99,5.815412789526089,0.3425938313663532,5.8249794244860595,0.30115618283915757
1.318362853735961,0.042496838654439845,2.8387022731981846,-2.8390203543890955,99,5.817416804033429,0.34305649457065224,5.826976512695026,0.3016488471377579
1.320419582056922,0.04246604840818036,2.8366455448784684,-2.8369633956083935,99,5.819420818540769,0.3435191577749513,5.828973600904007,0.3021415114362996
1.322476310377883,0.04243525816198126,2.8345888165587545,-2.8349064368276924,99,5.82142483304811,0.34398182097925034,5.830970689113001,0.3026341757347824
1.3245330386988439,0.04240446791584268,2.8325320882390415,-2.832849478046992,99,5.82342884755545,0.3444444841835494,5.8329677773220086,0.3031268400332063
1.3265897670198048,0.04237367766976471,2.83047535991933,-2.830792519266293,99,5.82543286206279,0.34490714738784845,5.83496486553103,0.30361950433157103
1.3286464953407657,0.04234288742374745,2.82841863159962,-2.8287355604855944,99,5.827436876570131,0.3453698105921475,5.836961953740066,0.3041121686298767
1.3307032236617267,0.042312097177791046,2.826361903279911,-2.826678601704897,99,5.829440891077471,0.34583247379644655,5.838959041949115,0.30460483292812307
1.3327599519826876,0.042281306931895614,2.8243051749602044,-2.8246216429242,99,5.831444905584812,0.3462951370007456,5.840956130158178,0.30509749722630997
1.3348166803036485,0.042250516686061244,2.8222484466404985,-2.8225646841435044,99,5.8334489200921515,0.34675780020504465,5.842953218367254,0.3055901615244374
1.3368734086246095,0.04221972644028806,2.8201917183207943,-2.8205077253628095,99,5.835452934599492,0.34722046340934365,5.844950306576344,0.3060828258225052
1.3389301369455704,0.042188936194576185,2.818134990001091,-2.8184507665821155,99,5.837456949106833,0.3476831266136427,5.846947394785448,0.30657549012051327
1.3409868652665313,0.04215814594892572,2.8160782616813895,-2.8163938078014223,99,5.839460963614172,0.34814578981794175,5.848944482994566,0.3070681544184615
1.3430435935874923,0.0421273557033368,2.81402153336169,-2.81433684902073,99,5.841464978121513,0.3486084530222408,5.850941571203697,0.3075608187163498
1.3451003219084532,0.04209656545780952,2.811964805041991,-2.8122798902400388,99,5.843468992628853,0.34907111622653986,5.8529386594128425,0.308053483014178
1.3471570502294141,0.04206577521234401,2.8099080767222935,-2.8102229314593483,99,5.845473007136194,0.3495337794308389,5.854935747622003,0.3085461473119461
1.349213778550375,0.04203498496694037,2.8078513484025986,-2.808165972678659,99,5.847477021643535,0.34999644263513796,5.856932835831176,0.3090388116096538
1.351270506871336,0.04200419472159874,2.8057946200829047,-2.806109013897971,99,5.849481036150874,0.350459105839437,5.858929924040362,0.3095314759073011
1.353327235192297,0.04197340447631921,2.803737891763211,-2.8040520551172836,99,5.851485050658215,0.35092176904373606,5.860927012249564,0.31002414020488794
1.3553839635132579,0.04194261423110191,2.8016811634435204,-2.801995096336597,99,5.853489065165555,0.3513844322480351,5.8629241004587795,0.31051680450241415
1.3574406918342188,0.041911823985946964,2.799624435123831,-2.7999381375559116,99,5.855493079672895,0.35184709545233417,5.864921188668008,0.31100946879987956
1.3594974201551797,0.04188103374085446,2.7975677068041422,-2.797881178775227,99,5.857497094180236,0.3523097586566332,5.866918276877252,0.31150213309728414
1.3615541484761406,0.041850243495824536,2.795510978484455,-2.795824219994543,99,5.859501108687576,0.3527724218609323,5.868915365086509,0.31199479739462777
1.3636108767971016,0.041819453250857314,2.7934542501647694,-2.79376726121386,99,5.861505123194917,0.3532350850652313,5.870912453295781,0.31248746169191033
1.3656676051180625,0.041788663005952895,2.791397521845085,-2.791710302433178,99,5.863509137702257,0.3536977482695304,5.8729095415050665,0.3129801259891316
1.3677243334390234,0.041757872761111405,2.789340793525402,-2.789653343652497,99,5.865513152209597,0.35416041147382943,5.874906629714365,0.3134727902862916
1.3697810617599844,0.04172708251633297,2.7872840652057214,-2.7875963848718173,99,5.8675171667169375,0.3546230746781285,5.87690371792368,0.3139654545833902
1.3718377900809453,0.041696292271617696,2.7852273368860416,-2.7855394260911384,99,5.869521181224278,0.35508573788242753,5.878900806133008,0.31445811888042724
1.3738945184019062,0.0416655020269657,2.7831706085663632,-2.7834824673104603,99,5.871525195731618,0.35554840108672653,5.8808978943423496,0.31495078317740255
1.3759512467228672,0.0416347117823771,2.781113880246686,-2.781425508529783,99,5.873529210238958,0.3560110642910256,5.882894982551707,0.31544344747431613
1.378007975043828,0.041603921537852,2.779057151927011,-2.779368549749107,99,5.875533224746299,0.35647372749532463,5.884892070761078,0.31593611177116787
1.380064703364789,0.04157313129339056,2.777000423607337,-2.7773115909684316,99,5.877537239253639,0.3569363906996237,5.8868891589704635,0.31642877606795755
1.38212143168575,0.041542341048992876,2.7749436952876643,-2.775254632187757,99,5.87954125376098,0.35739905390392274,5.888886247179863,0.31692144036468517
1.384178160006711,0.04151155080465906,2.772886966967993,-2.773197673407084,99,5.88154526826832,0.3578617171082218,5.890883335389276,0.3174141046613505
1.3862348883276718,0.04148076056038924,2.7708302386483235,-2.7711407146264118,99,5.88354928277566,0.35832438031252084,5.8928804235987045,0.31790676895795345
1.3882916166486328,0.041449970316183526,2.7687735103286553,-2.7690837558457404,99,5.885553297283001,0.3587870435168199,5.894877511808148,0.318399433254494
1.3903483449695937,0.04141918007204204,2.766716782008988,-2.76702679706507,99,5.88755731179034,0.35924970672111894,5.896874600017604,0.3188920975509719
1.3924050732905546,0.04138838982796489,2.7646600536893224,-2.7649698382844003,99,5.889561326297681,0.359712369925418,5.898871688227076,0.3193847618473872
1.3944618016115156,0.04135759958395221,2.7626033253696582,-2.7629128795037317,99,5.8915653408050215,0.36017503312971705,5.900868776436563,0.31987742614373965
1.3965185299324765,0.041326809340004114,2.7605465970499963,-2.7608559207230643,99,5.893569355312362,0.3606376963340161,5.902865864646063,0.3203700904400292
1.3985752582534374,0.04129601909612072,2.758489868730335,-2.758798961942398,99,5.895573369819703,0.36110035953831515,5.904862952855579,0.32086275473625564
1.4006319865743984,0.041265228852302153,2.756433140410675,-2.7567420031617322,99,5.897577384327042,0.3615630227426142,5.906860041065109,0.32135541903241893
1.4026887148953593,0.04123443860854852,2.754376412091017,-2.7546850443810675,99,5.899581398834383,0.36202568594691326,5.908857129274653,0.32184808332851894
1.4047454432163202,0.041203648364859964,2.7523196837713604,-2.7526280856004037,99,5.901585413341723,0.3624883491512123,5.9108542174842125,0.32234074762455556
1.4068021715372812,0.041172858121236604,2.750262955451705,-2.7505711268197413,99,5.903589427849063,0.36295101235551136,5.912851305693786,0.32283341192052867
1.408858899858242,0.041142067877678525,2.7482062271320506,-2.7485141680390797,99,5.905593442356404,0.3634136755598104,5.914848393903374,0.32332607621643816
1.410915628179203,0.04111127763418587,2.7461494988123984,-2.746457209258419,99,5.907597456863744,0.3638763387641094,5.9168454821129775,0.3238187405122839
1.412972356500164,0.04108048739075877,2.744092770492747,-2.744400250477759,99,5.909601471371085,0.36433900196840846,5.918842570322595,0.32431140480806575
1.4150290848211249,0.04104969714739734,2.7420360421730976,-2.7423432916971002,99,5.911605485878425,0.3648016651727075,5.920839658532229,0.3248040691037836
1.4170858131420858,0.041018906904101704,2.7399793138534494,-2.7402863329164426,99,5.913609500385765,0.36526432837700656,5.922836746741875,0.3252967333994374
1.4191425414630467,0.04098811666087197,2.737922585533803,-2.738229374135786,99,5.9156135148931055,0.3657269915813056,5.924833834951538,0.32578939769502696
1.4211992697840077,0.04095732641770829,2.735865857214158,-2.73617241535513,99,5.917617529400446,0.36618965478560467,5.926830923161215,0.32628206199055215
1.4232559981049686,0.040926536174610756,2.7338091288945137,-2.734115456574475,99,5.919621543907786,0.3666523179899037,5.928828011370906,0.3267747262860129
1.4253127264259295,0.040895745931579505,2.731752400574872,-2.7320584977938216,99,5.921625558415126,0.36711498119420277,5.9308250995806135,0.3272673905814091
1.4273694547468905,0.04086495568861465,2.729695672255231,-2.730001539013169,99,5.923629572922467,0.3675776443985018,5.932822187790336,0.32776005487674054
1.4294261830678514,0.04083416544571632,2.7276389439355913,-2.727944580232517,99,5.925633587429807,0.3680403076028009,5.934819276000073,0.32825271917200716
1.4314829113888123,0.04080337520288462,2.725582215615953,-2.725887621451866,99,5.927637601937147,0.3685029708070999,5.936816364209824,0.32874538346720894
1.4335396397097733,0.04077258496011969,2.723525487296316,-2.723830662671216,99,5.929641616444488,0.368965634011399,5.938813452419591,0.32923804776234555
1.4355963680307342,0.04074179471742165,2.721468758976681,-2.7217737038905674,99,5.931645630951828,0.36942829721569803,5.940810540629373,0.3297307120574171
1.4376530963516951,0.040711004470392456,2.7194120305699436,-2.719716745109854,100,5.933649645459168,0.3698909604199971,5.94280762883818,0.33022337635670873
1.439709824672656,0.04068021422241754,2.7173553022302674,-2.717659786329126,100,5.935653659966508,0.37035362362429614,5.944804717046775,0.33071604065692184
1.441766552993617,0.04064942397427219,2.7152985739059354,-2.7156028275483957,100,5.937657674473849,0.3708162868285952,5.946801805255332,0.33120870495730104
1.443823281314578,0.04061863372613389,2.713241845585114,-2.7135458687676652,100,5.9396616889811895,0.37127895003289424,5.9487988934638905,0.33170136925767335
1.4458800096355389,0.04058784347804332,2.7111851172650954,-2.7114889099869357,100,5.94166570348853,0.3717416132371933,5.950795981672459,0.33219403355799915
1.4479367379564998,0.04055705323000986,2.7091283889452615,-2.709431951206207,100,5.94366971799587,0.3722042764414923,5.95279306988104,0.33268669785826926
1.4499934662774607,0.040526262982035766,2.7070716606254703,-2.7073749924254793,100,5.94567373250321,0.37266693964579134,5.954790158089636,0.3331793621584816
1.4520501945984217,0.04049547273412161,2.7050149323056907,-2.7053180336447524,100,5.947677747010551,0.3731296028500904,5.956787246298244,0.33367202645863553
1.4541069229193826,0.04046468248626761,2.7029582039859137,-2.7032610748640264,100,5.9496817615178905,0.37359226605438944,5.958784334506866,0.33416469075873084
1.4561636512403435,0.04043389223847392,2.7009014756661394,-2.7012041160833014,100,5.951685776025231,0.3740549292586885,5.960781422715502,0.33465735505876737
1.4582203795613045,0.040403101990740646,2.6988447473463655,-2.699147157302577,100,5.953689790532572,0.37451759246298755,5.962778510924151,0.33515001935874505
1.4602771078822654,0.040372311743067914,2.6967880190265934,-2.697090198521854,100,5.955693805039912,0.3749802556672866,5.964775599132814,0.33564268365866373
1.4623338362032263,0.040341521495455834,2.6947312907068226,-2.6950332397411314,100,5.957697819547253,0.37544291887158565,5.966772687341491,0.33613534795852335
1.4643905645241873,0.040310731247904505,2.6926745623870536,-2.69297628096041,100,5.959701834054592,0.3759055820758847,5.9687697755501805,0.33662801225832373
1.4664472928451482,0.04027994100041406,2.690617834067285,-2.690919322179689,100,5.961705848561933,0.37636824528018376,5.970766863758884,0.33712067655806477
1.4685040211661091,0.04024915075298459,2.6885611057475183,-2.6888623633989694,100,5.9637098630692735,0.3768309084844828,5.972763951967602,0.33761334085774647
1.47056074948707,0.040218360505616224,2.686504377427752,-2.6868054046182506,100,5.965713877576613,0.37729357168878186,5.974761040176333,0.33810600515736855
1.472617477808031,0.040187570258309054,2.6844476491079874,-2.6847484458375326,100,5.967717892083954,0.3777562348930809,5.976758128385078,0.33859866945693107
1.474674206128992,0.040156780011063216,2.682390920788225,-2.6826914870568155,100,5.969721906591294,0.37821889809737996,5.978755216593838,0.3390913337564338
1.4767309344499528,0.04012598976387882,2.680334192468463,-2.6806345282760997,100,5.971725921098635,0.378681561301679,5.9807523048026106,0.33958399805587663
1.4787876627709138,0.040095199516755976,2.678277464148703,-2.678577569495385,100,5.973729935605975,0.37914422450597807,5.982749393011397,0.3400766623552596
1.4808443910918747,0.04006440926969481,2.6762207358289447,-2.676520610714671,100,5.975733950113315,0.3796068877102771,5.9847464812201965,0.34056932665458234
1.4829011194128356,0.040033619022695435,2.674164007509187,-2.6744636519339577,100,5.977737964620656,0.38006955091457617,5.986743569429011,0.34106199095384493
1.4849578477337966,0.040002828775757934,2.6721072791894303,-2.6724066931532455,100,5.979741979127996,0.38053221411887517,5.98874065763784,0.3415546552530472
1.4870145760547575,0.039972038528882446,2.6700505508696755,-2.670349734372534,100,5.981745993635336,0.3809948773231742,5.9907377458466815,0.34204731955218903
1.4890713043757184,0.0399412482820691,2.667993822549921,-2.6682927755918238,100,5.983750008142676,0.38145754052747327,5.992734834055538,0.3425399838512704
1.4911280326966794,0.039910458035317974,2.6659370942301686,-2.666235816811114,100,5.985754022650017,0.3819202037317723,5.994731922264408,0.34303264815029105
1.4931847610176403,0.0398796677886292,2.663880365910417,-2.6641788580304056,100,5.9877580371573575,0.3823828669360714,5.996729010473293,0.343525312449251
1.4952414893386012,0.0398488775420029,2.661823637590667,-2.6621218992496978,100,5.989762051664698,0.3828455301403704,5.998726098682191,0.3440179767481501
1.4972982176595622,0.03981808729543919,2.659766909270918,-2.660064940468991,100,5.991766066172038,0.3833081933446695,6.000723186891102,0.3445106410469882
1.499354945980523,0.039787297048938165,2.6577101809511707,-2.6580079816882853,100,5.993770080679378,0.38377085654896853,6.002720275100029,0.3450033053457652
1.501411674301484,0.03975650680249996,2.6556534526314253,-2.6559510229075807,100,5.995774095186719,0.3842335197532676,6.00471736330897,0.345495969644481
1.503468402622445,0.039725716556124696,2.6535967243116803,-2.653894064126877,100,5.997778109694059,0.38469618295756663,6.006714451517924,0.34598863394313545
1.505525130943406,0.03969492630981247,2.651539995991937,-2.651837105346174,100,5.999782124201399,0.3851588461618657,6.008711539726893,0.3464812982417285
1.5075818592643668,0.039664136063563414,2.6494832676721947,-2.649780146565472,100,6.00178613870874,0.38562150936616474,6.010708627935877,0.34697396254026003
1.5096385875853278,0.039633345817377624,2.6474265393524536,-2.647723187784771,100,6.00379015321608,0.3860841725704638,6.0127057161448745,0.34746662683872986
1.5116953159062887,0.03960255557125524,2.645369811032714,-2.6456662290040707,100,6.005794167723421,0.38654683577476284,6.0147028043538855,0.3479592911371379
1.5137520442272496,0.03957176532519636,2.6433130827129756,-2.6436092702233713,100,6.0077981822307605,0.3870094989790619,6.016699892562911,0.34845195543548413
1.5158087725482106,0.039540975079201096,2.6412563543932386,-2.6415523114426733,100,6.009802196738101,0.38747216218336095,6.018696980771952,0.34894461973376834
1.5178655008691715,0.03951018483326958,2.6391996260735024,-2.639495352661976,100,6.011806211245442,0.38793482538766,6.0206940689810065,0.3494372840319904
1.5199222291901324,0.03947939458740193,2.637142897753768,-2.63743839388128,100,6.013810225752781,0.38839748859195905,6.022691157190074,0.3499299483301503
1.5219789575110934,0.039448604341598234,2.635086169434035,-2.6353814351005846,100,6.015814240260122,0.38886015179625805,6.024688245399158,0.3504226126282478
1.5240356858320543,0.039417814095858636,2.633029441114303,-2.63332447631989,100,6.017818254767462,0.3893228150005571,6.026685333608256,0.3509152769262829
1.5260924141530152,0.03938702385018326,2.6309727127945726,-2.6312675175391966,100,6.019822269274803,0.38978547820485615,6.0286824218173685,0.35140794122425545
1.5281491424739762,0.03935623360457221,2.628915984474843,-2.6292105587585044,100,6.0218262837821435,0.3902481414091552,6.030679510026495,0.3519006055221653
1.530205870794937,0.039325443359025616,2.6268592561551154,-2.627153599977813,100,6.023830298289483,0.39071080461345425,6.032676598235636,0.3523932698200123
1.532262599115898,0.039294653113543576,2.6248025278353886,-2.6250966411971226,100,6.025834312796824,0.3911734678177533,6.034673686444791,0.35288593411779645
1.534319327436859,0.03926386286812623,2.622745799515663,-2.623039682416433,100,6.027838327304164,0.39163613102205236,6.036670774653962,0.35337859841551755
1.5363760557578199,0.03923307262277368,2.620689071195939,-2.6209827236357444,100,6.029842341811504,0.3920987942263514,6.038667862863146,0.35387126271317554
1.5384327840787808,0.03920228237748606,2.6186323428762157,-2.6189257648550566,100,6.0318463563188445,0.39256145743065046,6.040664951072346,0.35436392701077024
1.5404895123997417,0.03917149213226346,2.6165756145564947,-2.61686880607437,100,6.033850370826185,0.3930241206349495,6.04266203928156,0.35485659130830155
1.5425462407207027,0.03914070188710602,2.614518886236774,-2.6148118472936845,100,6.035854385333526,0.39348678383924857,6.044659127490789,0.3553492556057694
1.5446029690416636,0.03910991164201385,2.6124621579170553,-2.612754888513,100,6.037858399840866,0.3939494470435476,6.0466562157000325,0.3558419199031737
1.5466596973626245,0.039079121396987083,2.610405429597337,-2.610697929732316,100,6.039862414348206,0.39441211024784667,6.04865330390929,0.3563345842005142
1.5487164256835855,0.03904833115202582,2.6083487012776203,-2.608640970951633,100,6.041866428855546,0.3948747734521457,6.050650392118563,0.35682724849779096
1.5507731540045464,0.03901754090713019,2.606291972957905,-2.6065840121709516,100,6.043870443362887,0.3953374366564448,6.052647480327851,0.3573199127950037
1.5528298823255073,0.038986750662300305,2.6042352446381916,-2.604527053390271,100,6.045874457870227,0.3958000998607438,6.054644568537152,0.3578125770921524
1.5548866106464683,0.038955960417536295,2.602178516318479,-2.602470094609591,100,6.047878472377567,0.3962627630650429,6.05664165674647,0.3583052413892369
1.5569433389674292,0.03892517017283827,2.6001217879987677,-2.600413135828912,100,6.049882486884908,0.39672542626934193,6.058638744955802,0.35879790568625713
1.5590000672883901,0.03889437992820636,2.5980650596790573,-2.5983561770482346,100,6.051886501392248,0.3971880894736409,6.060635833165149,0.35929056998321285
1.561056795609351,0.03886358968364069,2.596008331359349,-2.596299218267558,100,6.053890515899589,0.39765075267794,6.062632921374511,0.3597832342801041
1.563113523930312,0.03883279943914136,2.593951603039641,-2.594242259486882,100,6.0558945304069285,0.39811341588223903,6.064630009583887,0.36027589857693076
1.565170252251273,0.03880200919470849,2.5918948747199346,-2.5921853007062072,100,6.057898544914269,0.3985760790865381,6.066627097793279,0.36076856287369263
1.5672269805722339,0.03877121895034221,2.58983814640023,-2.5901283419255337,100,6.05990255942161,0.39903874229083713,6.068624186002686,0.3612612271703896
1.5692837088931948,0.03874042870604265,2.5877814180805268,-2.588071383144861,100,6.061906573928949,0.3995014054951362,6.070621274212106,0.3617538914670216
1.5713404372141557,0.038709638461809914,2.585724689760824,-2.586014424364189,100,6.06391058843629,0.39996406869943524,6.072618362421544,0.36224655576358844
1.5733971655351167,0.03867884821764413,2.583667961441123,-2.5839574655835182,100,6.06591460294363,0.4004267319037343,6.074615450630995,0.36273922006009
1.5754538938560776,0.03864805797354541,2.581611233121423,-2.5819005068028487,100,6.067918617450971,0.40088939510803334,6.076612538840463,0.3632318843565263
1.5775106221770385,0.038617267729513884,2.5795545048017243,-2.57984354802218,100,6.069922631958311,0.4013520583123324,6.078609627049944,0.3637245486528971
1.5795673504979995,0.038586477485549664,2.577497776482027,-2.577786589241512,100,6.071926646465651,0.40181472151663145,6.080606715259441,0.36421721294920234
1.5816240788189604,0.038555687241652876,2.5754410481623307,-2.5757296304608452,100,6.073930660972992,0.4022773847209305,6.082603803468953,0.36470987724544185
1.5836808071399213,0.03852489699782365,2.573384319842636,-2.5736726716801797,100,6.075934675480331,0.40274004792522955,6.08460089167848,0.3652025415416155
1.5857375354608823,0.038494106754062105,2.5713275915229423,-2.571615712899515,100,6.077938689987672,0.4032027111295286,6.086597979888023,0.3656952058377233
1.5877942637818432,0.03846331651036835,2.5692708632032497,-2.569558754118851,100,6.0799427044950125,0.40366537433382765,6.0885950680975816,0.36618787013376497
1.5898509921028041,0.038432526266742525,2.567214134883559,-2.5675017953381882,100,6.081946719002353,0.4041280375381267,6.090592156307155,0.36668053442974047
1.591907720423765,0.038401736023184745,2.565157406563869,-2.5654448365575266,100,6.083950733509694,0.40459070074242576,6.092589244516743,0.3671731987256497
1.593964448744726,0.03837094577969513,2.563100678244181,-2.563387877776866,100,6.085954748017033,0.4050533639467248,6.0945863327263465,0.36766586302149246
1.596021177065687,0.03834015553627381,2.5610439499244935,-2.561330918996206,100,6.087958762524374,0.4055160271510238,6.096583420935966,0.3681585273172686
1.5980779053866478,0.0383093652929209,2.5589872216048075,-2.5592739602155476,100,6.089962777031714,0.40597869035532286,6.098580509145601,0.3686511916129782
1.6001346337076088,0.03827857504963652,2.5569304932851225,-2.55721700143489,100,6.091966791539054,0.4064413535596219,6.10057759735525,0.36914385590862103
1.6021913620285697,0.03824778480642079,2.554873764965439,-2.5551600426542334,100,6.093970806046395,0.40690401676392096,6.102574685564916,0.3696365202041969
1.6042480903495306,0.03821699456327384,2.552817036645757,-2.553103083873578,100,6.095974820553735,0.40736667996822,6.104571773774597,0.37012918449970583
1.6063048186704916,0.0381862043201958,2.5507603083260766,-2.5510461250929235,100,6.097978835061076,0.40782934317251907,6.106568861984294,0.3706218487951476
1.6083615469914525,0.03815541407718678,2.5487035800063964,-2.54898916631227,100,6.099982849568416,0.4082920063768181,6.108565950194006,0.37111451309052207
1.6104182753124134,0.03812462383424692,2.5466468516867184,-2.5469322075316176,100,6.101986864075756,0.40875466958111717,6.110563038403733,0.3716071773858292
1.6124750036333744,0.03809383359137632,2.544590123367041,-2.5448752487509663,100,6.1039908785830965,0.4092173327854162,6.112560126613476,0.37209984168106885
1.6145317319543353,0.03806304334857512,2.542533395047365,-2.542818289970316,100,6.105994893090437,0.4096799959897153,6.114557214823235,0.37259250597624083
1.6165884602752962,0.03803225310584345,2.540476666727691,-2.5407613311896666,100,6.107998907597777,0.4101426591940143,6.116554303033008,0.37308517027134513
1.6186451885962572,0.03800146286318141,2.538419938408017,-2.5387043724090184,100,6.110002922105117,0.4106053223983134,6.118551391242799,0.37357783456638155
1.620701916917218,0.03797067262058914,2.5363632100883446,-2.536647413628371,100,6.112006936612458,0.41106798560261243,6.120548479452605,0.37407049886134996
1.622758645238179,0.03793988237806675,2.5343064817686742,-2.534590454847725,100,6.114010951119798,0.4115306488069115,6.122545567662426,0.3745631631562503
1.62481537355914,0.0379090921356144,2.5322497534490043,-2.53253349606708,100,6.116014965627139,0.41199331201121053,6.124542655872264,0.3750558274510824
1.626872101880101,0.037878301893232186,2.530193025129336,-2.5304765372864355,100,6.118018980134479,0.4124559752155096,6.126539744082116,0.37554849174584615
1.6289288302010618,0.03784751164617898,2.5281362967223693,-2.5284195785057215,101,6.120022994641819,0.41291863841980864,6.128536832290918,0.3760411560451612
1.6309855585220228,0.03781672139816425,2.526079568383719,-2.5263626197249933,101,6.12202700914916,0.4133813016241077,6.130533920499505,0.37653382034541316
1.6330422868429837,0.03778593114999072,2.5240228400598386,-2.5243056609442625,101,6.124031023656499,0.4138439648284067,6.132531008708054,0.3770264846458197
1.6350990151639446,0.03775514090183206,2.521966111739151,-2.522248702163532,101,6.12603503816384,0.41430662803270574,6.134528096916608,0.37751914894621186
1.6371557434849056,0.03772435065372588,2.519909383419153,-2.520191743382802,101,6.1280390526711805,0.4147692912370048,6.136525185125174,0.3780118132465529
1.6392124718058665,0.03769356040568042,2.517852655099306,-2.5181347846020734,101,6.130043067178521,0.41523195444130384,6.138522273333753,0.37850447754683475
1.6412692001268274,0.03766277015769753,2.5157959267794916,-2.5160778258213456,101,6.132047081685862,0.4156946176456029,6.140519361542346,0.3789971418470557
1.6433259284477884,0.03763197990977768,2.513739198459685,-2.514020867040619,101,6.134051096193201,0.41615728084990194,6.142516449750953,0.3794898061472151
1.6453826567687493,0.03760118966192109,2.511682470139881,-2.511963908259893,101,6.136055110700542,0.416619944054201,6.144513537959575,0.379982470447313
1.6474393850897102,0.037570399414127896,2.5096257418200794,-2.5099069494791677,101,6.138059125207882,0.41708260725850005,6.146510626168211,0.380475134747349
1.6494961134106711,0.03753960916639819,2.5075690135002775,-2.5078499906984435,101,6.140063139715222,0.4175452704627991,6.148507714376859,0.38096779904732325
1.651552841731632,0.03750881891873209,2.5055122851804774,-2.50579303191772,101,6.142067154222563,0.41800793366709815,6.150504802585524,0.38146046334723543
1.653609570052593,0.03747802867112973,2.503455556860678,-2.5037360731369978,101,6.144071168729903,0.4184705968713972,6.152501890794203,0.38195312764708556
1.655666298373554,0.0374472384235912,2.5013988285408804,-2.5016791143562767,101,6.146075183237244,0.41893326007569626,6.154498979002897,0.3824457919468735
1.6577230266945149,0.037416448176116626,2.4993421002210834,-2.4996221555755564,101,6.148079197744584,0.4193959232799953,6.156496067211604,0.3829384562465991
1.6597797550154758,0.037385657928706115,2.4972853719012877,-2.497565196794837,101,6.150083212251924,0.41985858648429436,6.1584931554203255,0.38343112054626227
1.6618364833364367,0.037354867681359795,2.4952286435814934,-2.4955082380141187,101,6.152087226759265,0.4203212496885934,6.160490243629062,0.3839237848458629
1.6638932116573977,0.03732407743407777,2.4931719152617,-2.493451279233401,101,6.154091241266605,0.42078391289289246,6.162487331837813,0.3844164491454009
1.6659499399783586,0.03729328718686018,2.4911151869419075,-2.4913943204526845,101,6.156095255773945,0.4212465760971915,6.164484420046577,0.3849091134448761
1.6680066682993195,0.037262496939707124,2.489058458622117,-2.489337361671969,101,6.158099270281285,0.42170923930149057,6.166481508255357,0.38540177774428847
1.6700633966202805,0.03723170669261872,2.4870017303023273,-2.4872804028912547,101,6.160103284788626,0.42217190250578956,6.168478596464152,0.3858944420436377
1.6721201249412414,0.03720091644559508,2.4849450019825383,-2.485223444110541,101,6.1621072992959665,0.4226345657100886,6.170475684672961,0.38638710634292395
1.6741768532622023,0.03717012619863631,2.48288827366275,-2.4831664853298285,101,6.164111313803307,0.42309722891438767,6.172472772881784,0.38687977064214696
1.6762335815831633,0.03713933595174252,2.4808315453429635,-2.4811095265491168,101,6.166115328310647,0.4235598921186867,6.174469861090622,0.3873724349413067
1.6782903099041242,0.037108545704913856,2.478774817023178,-2.4790525677684063,101,6.168119342817987,0.4240225553229858,6.176466949299475,0.3878650992404029
1.6803470382250851,0.03707775545815042,2.476718088703394,-2.4769956089876968,101,6.170123357325328,0.4244852185272848,6.178464037508342,0.38835776353943563
1.682403766546046,0.03704696521145232,2.4746613603836107,-2.474938650206988,101,6.1721273718326675,0.4249478817315839,6.1804611257172235,0.3888504278384047
1.684460494867007,0.03701617496481968,2.4726046320638284,-2.4728816914262803,101,6.174131386340008,0.42541054493588293,6.182458213926121,0.3893430921373099
1.686517223187968,0.03698538471825262,2.4705479037440474,-2.4708247326455735,101,6.176135400847349,0.425873208140182,6.184455302135032,0.38983575643615126
1.6885739515089289,0.03695459447175125,2.4684911754242678,-2.468767773864868,101,6.178139415354689,0.42633587134448103,6.186452390343959,0.3903284207349286
1.6906306798298898,0.036923804225315694,2.466434447104489,-2.4667108150841632,101,6.18014342986203,0.4267985345487801,6.188449478552901,0.3908210850336418
1.6926874081508507,0.03689301397894607,2.4643777187847116,-2.4646538563034595,101,6.182147444369369,0.42726119775307914,6.190446566761856,0.3913137493322908
1.6947441364718117,0.0368622237326425,2.4623209904649355,-2.4625968975227566,101,6.18415145887671,0.4277238609573782,6.192443654970827,0.3918064136308754
1.6968008647927726,0.036831433486405094,2.4602642621451594,-2.4605399387420546,101,6.1861554733840505,0.42818652416167724,6.194440743179813,0.39229907792939556
1.6988575931137335,0.03680064324023395,2.458207533825385,-2.458482979961354,101,6.18815948789139,0.4286491873659763,6.196437831388813,0.3927917422278511
1.7009143214346945,0.03676985299412921,2.4561508055056116,-2.456426021180654,101,6.190163502398731,0.42911185057027534,6.198434919597829,0.393284406526242
1.7029710497556554,0.036739062748090974,2.4540940771858395,-2.4543690623999552,101,6.192167516906071,0.4295745137745744,6.200432007806859,0.3937770708245681
1.7050277780766163,0.036708272502119374,2.4520373488660683,-2.452312103619257,101,6.194171531413412,0.43003717697887345,6.202429096015905,0.39426973512282926
1.7070845063975773,0.03667748225621452,2.449980620546299,-2.4502551448385606,101,6.196175545920752,0.43049984018317244,6.204426184224966,0.3947623994210253
1.7091412347185382,0.036646692010376535,2.44792389222653,-2.4481981860578648,101,6.198179560428092,0.4309625033874715,6.206423272434041,0.3952550637191563
1.7111979630394991,0.036615901764605524,2.445867163906762,-2.44614122727717,101,6.200183574935433,0.43142516659177055,6.208420360643132,0.395747728017222
1.71325469136046,0.03658511151890162,2.4438104355869954,-2.444084268496476,101,6.202187589442772,0.4318878297960696,6.210417448852237,0.3962403923152223
1.715311419681421,0.03655432127326494,2.44175370726723,-2.442027309715783,101,6.204191603950113,0.43235049300036865,6.212414537061358,0.3967330566131571
1.717368148002382,0.0365235310276956,2.4396969789474654,-2.4399703509350914,101,6.206195618457453,0.4328131562046677,6.214411625270494,0.3972257209110263
1.7194248763233428,0.03649274078219372,2.4376402506277026,-2.4379133921544005,101,6.208199632964794,0.43327581940896676,6.2164087134796455,0.3977183852088298
1.7214816046443038,0.03646195053675942,2.43558352230794,-2.435856433373711,101,6.2102036474721345,0.4337384826132658,6.218405801688812,0.39821104950656744
1.7235383329652647,0.03643116029139282,2.4335267939881797,-2.4337994745930223,101,6.212207661979474,0.43420114581756486,6.2204028898979935,0.3987037138042391
1.7255950612862256,0.03640037004609402,2.431470065668419,-2.4317425158123345,101,6.214211676486815,0.4346638090218639,6.22239997810719,0.39919637810184466
1.7276517896071866,0.03636957980086315,2.4294133373486604,-2.4296855570316476,101,6.216215690994155,0.43512647222616296,6.224397066316403,0.3996890423993841
1.7297085179281475,0.03633878955570034,2.427356609028902,-2.427628598250962,101,6.218219705501495,0.435589135430462,6.22639415452563,0.40018170669685715
1.7317652462491084,0.036307999310605694,2.425299880709145,-2.4255716394702773,101,6.2202237200088355,0.43605179863476107,6.228391242734872,0.40067437099426384
1.7338219745700694,0.03627720906557934,2.42324315238939,-2.4235146806895935,101,6.222227734516176,0.4365144618390601,6.23038833094413,0.401167035291604
1.7358787028910303,0.0362464188206214,2.421186424069635,-2.421457721908911,101,6.224231749023517,0.43697712504335917,6.232385419153404,0.4016596995888775
1.7379354312119912,0.03621562857573198,2.4191296957498816,-2.4194007631282295,101,6.226235763530857,0.4374397882476582,6.234382507362693,0.40215236388608416
1.7399921595329522,0.03618483833091121,2.417072967430129,-2.417343804347549,101,6.228239778038197,0.4379024514519573,6.236379595571997,0.402645028183224
1.742048887853913,0.03615404808615921,2.4150162391103778,-2.4152868455668695,101,6.230243792545537,0.4383651146562563,6.2383766837813175,0.4031376924802968
1.744105616174874,0.03612325784147612,2.4129595107906283,-2.413229886786191,101,6.232247807052878,0.4388277778605554,6.240373771990653,0.40363035677730247
1.746162344495835,0.036092467596862035,2.410902782470879,-2.4111729280055134,101,6.234251821560218,0.4392904410648544,6.242370860200003,0.40412302107424086
1.748219072816796,0.03606167735231708,2.4088460541511307,-2.4091159692248367,101,6.236255836067558,0.4397531042691534,6.24436794840937,0.4046156853711119
1.7502758011377568,0.03603088710784138,2.406789325831384,-2.4070590104441614,101,6.238259850574899,0.4402157674734525,6.246365036618752,0.40510834966791553
1.7523325294587178,0.036000096863435034,2.4047325975116376,-2.405002051663487,101,6.240263865082239,0.44067843067775153,6.24836212482815,0.40560101396465154
1.7543892577796787,0.035969306619098196,2.402675869191893,-2.4029450928828138,101,6.24226787958958,0.4411410938820506,6.250359213037563,0.4060936782613198
1.7564459861006396,0.03593851637483096,2.4006191408721493,-2.4008881341021415,101,6.2442718940969195,0.44160375708634964,6.252356301246992,0.4065863425579203
1.7585027144216006,0.03590772613063348,2.3985624125524065,-2.39883117532147,101,6.24627590860426,0.4420664202906487,6.254353389456437,0.4070790068544528
1.7605594427425615,0.035876935886505826,2.396505684232665,-2.3967742165408,101,6.248279923111601,0.44252908349494774,6.256350477665897,0.40757167115091725
1.7626161710635224,0.03584614564244815,2.394448955912924,-2.394717257760131,101,6.25028393761894,0.4429917466992468,6.258347565875373,0.4080643354473136
1.7646728993844834,0.03581535539846058,2.392392227593185,-2.3926602989794628,101,6.252287952126281,0.44345440990354584,6.260344654084864,0.4085569997436415
1.7667296277054443,0.03578456515454323,2.3903354992734465,-2.390603340198796,101,6.254291966633621,0.4439170731078449,6.262341742294373,0.40904966403990106
1.7687863560264052,0.035753774910696215,2.388278770953709,-2.38854638141813,101,6.256295981140962,0.44437973631214395,6.264338830503896,0.4095423283360921
1.7708430843473661,0.03572298466691966,2.386222042633972,-2.3864894226374647,101,6.2582999956483025,0.444842399516443,6.266335918713436,0.4100349926322145
1.772899812668327,0.03569219442321368,2.384165314314237,-2.384432463856801,101,6.260304010155642,0.44530506272074205,6.26833300692299,0.4105276569282681
1.774956540989288,0.03566140417957843,2.3821085859945033,-2.382375505076138,101,6.262308024662983,0.4457677259250411,6.270330095132562,0.41102032122425275
1.777013269310249,0.035630613936013994,2.38005185767477,-2.3803185462954763,101,6.264312039170323,0.44623038912934015,6.272327183342148,0.41151298552016846
1.7790699976312099,0.035599823692520495,2.3779951293550377,-2.3782615875148156,101,6.266316053677663,0.4466930523336392,6.274324271551751,0.412005649816015
1.7811267259521708,0.03556903344909807,2.3759384010353064,-2.376204628734156,101,6.2683200681850035,0.44715571553793826,6.27632135976137,0.41249831411179233
1.7831834542731317,0.03553824320574683,2.3738816727155765,-2.3741476699534974,101,6.270324082692344,0.44761837874223726,6.278318447971006,0.4129909784075002
1.7852401825940927,0.03550745296246691,2.371824944395847,-2.3720907111728398,101,6.272328097199685,0.4480810419465363,6.280315536180656,0.4134836427031387
1.7872969109150536,0.03547666271925842,2.3697682160761198,-2.3700337523921835,101,6.274332111707025,0.44854370515083536,6.282312624390324,0.4139763069987075
1.7893536392360145,0.0354458724761215,2.367711487756393,-2.367976793611528,101,6.276336126214365,0.4490063683551344,6.284309712600006,0.4144689712942067
1.7914103675569755,0.035415082233056255,2.3656547594366666,-2.3659198348308736,101,6.278340140721705,0.44946903155943346,6.286306800809706,0.41496163558963595
1.7934670958779364,0.035384291990062836,2.363598031116942,-2.3638628760502205,101,6.280344155229046,0.4499316947637325,6.288303889019422,0.41545429988499527
1.7955238241988973,0.03535350174714132,2.361541302797218,-2.3618059172695682,101,6.282348169736386,0.45039435796803157,6.290300977229153,0.4159469641802845
1.7975805525198583,0.035322711504291844,2.3594845744774955,-2.3597489584889173,101,6.284352184243726,0.4508570211723306,6.2922980654389,0.41643962847550353
1.7996372808408192,0.03529192126151456,2.357427846157774,-2.3576919997082673,101,6.286356198751067,0.45131968437662967,6.294295153648665,0.41693229277065225
1.8016940091617801,0.03526113101880959,2.355371117838054,-2.3556350409276186,101,6.288360213258407,0.4517823475809287,6.2962922418584455,0.4174249570657305
1.803750737482741,0.03523034077617702,2.3533143895183337,-2.3535780821469707,101,6.290364227765748,0.4522450107852278,6.2982893300682425,0.4179176213607382
1.805807465803702,0.035199550533616994,2.351257661198615,-2.351521123366324,101,6.2923682422730876,0.4527076739895268,6.300286418278055,0.41841028565567523
1.807864194124663,0.03516876029112964,2.3492009328788974,-2.349464164585678,101,6.294372256780428,0.4531703371938259,6.302283506487884,0.41890294995054145
1.8099209224456239,0.03513797004871507,2.3471442045591804,-2.3474072058050335,101,6.296376271287769,0.45363300039812493,6.30428059469773,0.4193956142453367
1.8119776507665848,0.03510717980637341,2.345087476239465,-2.34535024702439,101,6.298380285795108,0.454095663602424,6.3062776829075915,0.41988827854006094
1.8140343790875457,0.0350763895641048,2.343030747919751,-2.3432932882437476,101,6.300384300302449,0.45455832680672303,6.30827477111747,0.42038094283471406
1.8160911074085067,0.03504559932190935,2.3409740196000373,-2.3412363294631064,101,6.3023883148097894,0.4550209900110221,6.310271859327365,0.42087360712929583
1.8181478357294676,0.03501480907978719,2.338917291280325,-2.339179370682466,101,6.30439232931713,0.45548365321532114,6.312268947537277,0.42136627142380617
1.8202045640504285,0.03498401883773844,2.3368605629606134,-2.3371224119018272,101,6.306396343824471,0.45594631641962013,6.314266035747205,0.42185893571824495
1.8222612923713895,0.034953228595763226,2.334803834640903,-2.335065453121189,101,6.30840035833181,0.4564089796239192,6.316263123957149,0.4223516000126122
1.8243180206923504,0.0349224383487073,2.332747106233617,-2.333008494340475,102,6.310404372839151,0.45687164282821824,6.318260212165951,0.4228442643119299
1.8263747490133113,0.03489164810067221,2.330690377896034,-2.3309515355597465,102,6.312408387346491,0.4573343060325173,6.320257300374532,0.4233369286122016
1.8284314773342722,0.03486085785249092,2.3286336495725934,-2.3288945767790157,102,6.314412401853831,0.45779696923681634,6.32225438858308,0.42382959291261585
1.8304882056552332,0.03483006760433257,2.3265769212520215,-2.3268376179982853,102,6.316416416361172,0.4582596324411154,6.324251476791634,0.4243222572130077
1.8325449339761941,0.03479927735623154,2.3245201929320314,-2.3247806592175557,102,6.318420430868512,0.45872229564541445,6.326248565000201,0.4248149215133437
1.834601662297155,0.03476848710819489,2.3224634646121594,-2.322723700436827,102,6.320424445375853,0.4591849588497135,6.328245653208782,0.42530758581361694
1.836658390618116,0.03473769686022414,2.320406736292312,-2.3206667416560993,102,6.322428459883193,0.45964762205401255,6.330242741417378,0.42580025011382605
1.838715118939077,0.034706906612319684,2.3183500079724704,-2.3186097828753724,102,6.324432474390533,0.4601102852583116,6.332239829625988,0.4262929144139705
1.8407718472600378,0.03467611636448168,2.3162932796526303,-2.3165528240946465,102,6.3264364888978735,0.46057294846261065,6.334236917834614,0.4267855787140502
1.8428285755809988,0.03464532611671028,2.314236551332792,-2.314495865313922,102,6.328440503405214,0.4610356116669097,6.336234006043255,0.42727824301406503
1.8448853039019597,0.03461453586900559,2.312179823012955,-2.312438906533198,102,6.330444517912554,0.46149827487120876,6.33823109425191,0.4277709073140149
1.8469420322229206,0.03458374562136773,2.310123094693118,-2.310381947752475,102,6.332448532419894,0.4619609380755078,6.340228182460581,0.4282635716138996
1.8489987605438816,0.034552955373796795,2.308066366373282,-2.308324988971753,102,6.334452546927235,0.46242360127980686,6.342225270669267,0.4287562359137191
1.8510554888648425,0.034522165126292914,2.3060096380534474,-2.3062680301910325,102,6.336456561434575,0.4628862644841059,6.344222358877968,0.42924890021347323
1.8531122171858034,0.03449137487885621,2.303952909733614,-2.304211071410313,102,6.338460575941915,0.46334892768840497,6.346219447086683,0.4297415645131619
1.8551689455067644,0.034460584631486796,2.301896181413781,-2.302154112629594,102,6.340464590449256,0.463811590892704,6.348216535295414,0.43023422881278506
1.8572256738277253,0.034429794384184774,2.299839453093949,-2.3000971538488764,102,6.342468604956596,0.464274254097003,6.35021362350416,0.4307268931123425
1.8592824021486862,0.034399004136950254,2.297782724774118,-2.2980401950681597,102,6.344472619463936,0.46473691730130207,6.352210711712922,0.4312195574118342
1.8613391304696472,0.03436821388978336,2.2957259964542875,-2.295983236287444,102,6.346476633971276,0.4651995805056011,6.354207799921698,0.43171222171126
1.863395858790608,0.0343374236426842,2.293669268134458,-2.293926277506729,102,6.348480648478617,0.46566224370990017,6.356204888130491,0.43220488601061985
1.865452587111569,0.03430663339565291,2.2916125398146305,-2.2918693187260155,102,6.3504846629859575,0.4661249069141992,6.358201976339298,0.4326975503099135
1.86750931543253,0.03427584314868958,2.2895558114948025,-2.289812359945303,102,6.352488677493298,0.4665875701184983,6.36019906454812,0.433190214609141
1.869566043753491,0.03424505290179435,2.2874990831749766,-2.287755401164591,102,6.354492692000638,0.4670502333227973,6.362196152756957,0.4336828789083021
1.8716227720744518,0.034214262654967326,2.285442354855151,-2.2856984423838806,102,6.356496706507978,0.4675128965270964,6.364193240965811,0.43417554320739676
1.8736795003954128,0.03418347240820861,2.283385626535326,-2.283641483603171,102,6.358500721015319,0.46797555973139543,6.36619032917468,0.4346682075064249
1.8757362287163737,0.03415268216151834,2.281328898215502,-2.2815845248224624,102,6.3605047355226585,0.4684382229356945,6.368187417383563,0.43516087180538626
1.8777929570373346,0.034121891914896604,2.279272169895679,-2.2795275660417547,102,6.362508750029999,0.46890088613999353,6.370184505592462,0.43565353610428087
1.8798496853582956,0.03409110166834354,2.2772154415758568,-2.277470607261048,102,6.36451276453734,0.4693635493442926,6.372181593801377,0.4361462004031086
1.8819064136792565,0.03406031142185925,2.275158713256036,-2.2754136484803427,102,6.36651677904468,0.46982621254859164,6.3741786820103075,0.4366388647018693
1.8839631420002174,0.03402952117544387,2.2731019849362153,-2.273356689699638,102,6.368520793552021,0.4702888757528907,6.376175770219254,0.43713152900056285
1.8860198703211783,0.03399873092909749,2.271045256616396,-2.2712997309189347,102,6.37052480805936,0.47075153895718974,6.378172858428214,0.43762419329918917
1.8880765986421393,0.03396794068282025,2.2689885282965774,-2.2692427721382322,102,6.372528822566701,0.4712142021614888,6.380169946637191,0.43811685759774815
1.8901333269631002,0.033937150436612246,2.26693179997676,-2.2671858133575307,102,6.3745328370740415,0.47167686536578785,6.382167034846184,0.43860952189623964
1.8921900552840611,0.0339063601904736,2.264875071656943,-2.2651288545768304,102,6.376536851581381,0.4721395285700869,6.384164123055191,0.43910218619466357
1.894246783605022,0.03387556994440443,2.262818343337127,-2.263071895796131,102,6.378540866088722,0.4726021917743859,6.3861612112642145,0.4395948504930197
1.896303511925983,0.03384477969840485,2.2607616150173118,-2.2610149370154327,102,6.380544880596062,0.47306485497868495,6.388158299473254,0.44008751479130814
1.898360240246944,0.03381398945247499,2.258704886697498,-2.2589579782347355,102,6.382548895103403,0.473527518182984,6.390155387682309,0.4405801790895286
1.9004169685679049,0.03378319920661495,2.2566481583776845,-2.2569010194540393,102,6.384552909610743,0.47399018138728305,6.39215247589138,0.4410728433876811
1.9024736968888658,0.03375240896082484,2.2545914300578724,-2.2548440606733444,102,6.386556924118083,0.4744528445915821,6.3941495641004655,0.4415655076857654
1.9045304252098267,0.033721618715104804,2.2525347017380613,-2.2527871018926504,102,6.388560938625424,0.47491550779588115,6.396146652309568,0.44205817198378144
1.9065871535307877,0.03369082846945494,2.2504779734182505,-2.2507301431119573,102,6.390564953132764,0.4753781710001802,6.3981437405186865,0.4425508362817291
1.9086438818517486,0.033660038223875366,2.2484212450984407,-2.2486731843312655,102,6.392568967640104,0.47584083420447926,6.400140828727819,0.4430435005796083
1.9107006101727095,0.0336292479783662,2.2463645167786317,-2.2466162255505746,102,6.394572982147444,0.4763034974087783,6.402137916936969,0.4435361648774188
1.9127573384936705,0.033598457732927564,2.244307788458823,-2.2445592667698846,102,6.396576996654785,0.47676616061307736,6.404135005146134,0.4440288291751607
1.9148140668146314,0.03356766748755956,2.2422510601390164,-2.242502307989196,102,6.3985810111621255,0.4772288238173764,6.406132093355316,0.4445214934728337
1.9168707951355923,0.033536877242262314,2.24019433181921,-2.240445349208508,102,6.400585025669466,0.47769148702167546,6.408129181564513,0.4450141577704378
1.9189275234565533,0.03350608699703595,2.2381376034994047,-2.2383883904278217,102,6.402589040176806,0.4781541502259745,6.410126269773726,0.4455068220679728
1.9209842517775142,0.03347529675188059,2.2360808751796,-2.236331431647136,102,6.404593054684146,0.47861681343027357,6.4121233579829555,0.4459994863654386
1.9230409800984751,0.03344450650679633,2.234024146859796,-2.2342744728664514,102,6.406597069191487,0.4790794766345726,6.414120446192201,0.4464921506628352
1.925097708419436,0.0334137162617833,2.231967418539993,-2.232217514085768,102,6.4086010836988265,0.4795421398388717,6.416117534401462,0.44698481496016235
1.927154436740397,0.03338292601684162,2.229910690220191,-2.2301605553050856,102,6.410605098206167,0.4800048030431707,6.418114622610738,0.44747747925742
1.929211165061358,0.0333521357719714,2.2278539619003896,-2.2281035965244045,102,6.412609112713508,0.4804674662474698,6.4201117108200325,0.44797014355460796
1.9312678933823189,0.033321345527172766,2.2257972335805896,-2.2260466377437242,102,6.414613127220848,0.4809301294517688,6.422108799029342,0.4484628078517262
1.9333246217032798,0.03329055528244583,2.22374050526079,-2.223989678963045,102,6.416617141728189,0.4813927926560678,6.424105887238667,0.44895547214877457
1.9353813500242407,0.03325976503779071,2.221683776940991,-2.221932720182367,102,6.418621156235528,0.4818554558603669,6.426102975448009,0.449448136445753
1.9374380783452017,0.03322897479320753,2.2196270486211933,-2.2198757614016897,102,6.420625170742869,0.48231811906466593,6.428100063657366,0.4499408007426613
1.9394948066661626,0.03319818454869639,2.217570320301396,-2.217818802621014,102,6.4226291852502095,0.482780782268965,6.4300971518667405,0.45043346503949944
1.9415515349871235,0.03316739430425743,2.2155135919816,-2.215761843840339,102,6.424633199757549,0.48324344547326403,6.432094240076131,0.45092612933626725
1.9436082633080844,0.03313660405989075,2.2134568636618046,-2.2137048850596655,102,6.42663721426489,0.4837061086775631,6.434091328285537,0.4514187936329646
1.9456649916290454,0.033105813815596484,2.2114001353420103,-2.2116479262789928,102,6.42864122877223,0.48416877188186214,6.43608841649496,0.4519114579295914
1.9477217199500063,0.03307502357137475,2.209343407022216,-2.209590967498321,102,6.430645243279571,0.4846314350861612,6.438085504704399,0.45240412222614756
1.9497784482709672,0.03304423332722565,2.207286678702423,-2.2075340087176505,102,6.432649257786911,0.48509409829046024,6.440082592913855,0.4528967865226329
1.9518351765919282,0.03301344308314932,2.205229950382631,-2.205477049936981,102,6.434653272294251,0.4855567614947593,6.442079681123326,0.45338945081904736
1.953891904912889,0.032982652839145865,2.2031732220628397,-2.2034200911563127,102,6.436657286801592,0.48601942469905834,6.444076769332815,0.4538821151153908
1.95594863323385,0.03295186259521542,2.2011164937430485,-2.2013631323756453,102,6.438661301308932,0.4864820879033574,6.44607385754232,0.45437477941166315
1.958005361554811,0.03292107235135808,2.199059765423259,-2.1993061735949793,102,6.440665315816272,0.48694475110765645,6.44807094575184,0.4548674437078642
1.960062089875772,0.03289028210757398,2.19700303710347,-2.197249214814314,102,6.442669330323612,0.4874074143119555,6.4500680339613785,0.4553601080039939
1.9621188181967328,0.032859491863863236,2.1949463087836825,-2.1951922560336503,102,6.444673344830953,0.48787007751625455,6.452065122170932,0.45585277230005217
1.9641755465176938,0.032828701620225956,2.192889580463895,-2.1931352972529874,102,6.4466773593382936,0.4883327407205536,6.454062210380504,0.4563454365960388
1.9662322748386547,0.03279791137666227,2.1908328521441085,-2.191078338472326,102,6.448681373845634,0.48879540392485266,6.456059298590091,0.45683810089195376
1.9682890031596156,0.032767121133172296,2.1887761238243226,-2.189021379691665,102,6.450685388352974,0.48925806712915165,6.458056386799694,0.45733076518779686
1.9703457314805766,0.03273633088975615,2.1867193955045376,-2.1869644209110057,102,6.452689402860314,0.4897207303334507,6.460053475009315,0.457823429483568
1.9724024598015375,0.03270554064641395,2.184662667184753,-2.1849074621303473,102,6.454693417367655,0.49018339353774976,6.462050563218952,0.4583160937792672
1.9744591881224984,0.032674750403145804,2.18260593886497,-2.18285050334969,102,6.456697431874995,0.4906460567420488,6.464047651428604,0.4588087580748942
1.9765159164434594,0.03264396015995185,2.1805492105451876,-2.180793544569034,102,6.458701446382335,0.49110871994634786,6.466044739638275,0.4593014223704489
1.9785726447644203,0.032613169916832205,2.1784924822254057,-2.178736585788379,102,6.460705460889676,0.4915713831506469,6.468041827847962,0.4597940866659312
1.9806293730853812,0.03258237967378698,2.1764357539056247,-2.176679627007725,102,6.462709475397016,0.49203404635494596,6.470038916057667,0.460286750961341
1.9826861014063422,0.03255158943081631,2.1743790255858446,-2.174622668227072,102,6.464713489904357,0.492496709559245,6.4720360042673875,0.4607794152566781
1.984742829727303,0.0325207991879203,2.172322297266065,-2.1725657094464204,102,6.4667175044116965,0.49295937276354407,6.474033092477124,0.4612720795519425
1.986799558048264,0.03249000894509907,2.170265568946286,-2.17050875066577,102,6.468721518919037,0.4934220359678431,6.4760301806868785,0.461764743847134
1.988856286369225,0.032459218702352736,2.168208840626508,-2.1684517918851203,102,6.470725533426378,0.49388469917214217,6.47802726889665,0.4622574081422526
1.990913014690186,0.03242842845968141,2.166152112306731,-2.166394833104472,102,6.472729547933717,0.4943473623764412,6.480024357106437,0.46275007243729804
1.9929697430111468,0.03239763821708523,2.1640953839869543,-2.1643378743238246,102,6.474733562441058,0.4948100255807403,6.482021445316242,0.4632427367322703
1.9950264713321078,0.032366847974564315,2.162038655667179,-2.1622809155431786,102,6.476737576948398,0.49527268878503933,6.484018533526064,0.4637354010271692
1.9970831996530687,0.03233605773211877,2.1599819273474035,-2.1602239567625334,102,6.478741591455739,0.4957353519893384,6.486015621735903,0.4642280653219947
1.9991399279740296,0.032305267489748726,2.1579251990276296,-2.1581669979818896,102,6.480745605963079,0.49619801519363743,6.488012709945758,0.46472072961674654
2.0011966562949906,0.032274477247454296,2.1558684707078557,-2.1561100392012467,102,6.482749620470419,0.4966606783979365,6.490009798155631,0.4652133939114248
2.0032533846159515,0.032243687005235604,2.153811742388083,-2.154053080420605,102,6.48475363497776,0.49712334160223554,6.4920068863655205,0.4657060582060292
2.0053101129369124,0.03221289676309278,2.1517550140683115,-2.1519961216399643,102,6.486757649485099,0.49758600480653453,6.494003974575427,0.46619872250055966
2.0073668412578733,0.032182106521025926,2.1496982857485394,-2.149939162859325,102,6.48876166399244,0.4980486680108336,6.496001062785351,0.46669138679501615
2.0094235695788343,0.03215131627903517,2.1476415574287695,-2.147882204078687,102,6.4907656784997805,0.49851133121513264,6.497998150995293,0.4671840510893985
2.011480297899795,0.03212052603712062,2.1455848291089996,-2.1458252452980497,102,6.492769693007121,0.4989739944194317,6.4999952392052505,0.4676767153837066
2.013537026220756,0.03208973579528242,2.1435281007892306,-2.143768286517414,102,6.494773707514462,0.49943665762373074,6.501992327415226,0.46816937967794026
2.015593754541717,0.032058945553520665,2.141471372469462,-2.141711327736779,102,6.496777722021801,0.4998993208280298,6.5039894156252185,0.4686620439720995
2.017650482862678,0.032028155311835484,2.1394146441496944,-2.1396543689561454,102,6.498781736529142,0.5003619840323288,6.505986503835228,0.469154708266184
2.019707211183639,0.031997365070227005,2.1373579158299276,-2.1375974101755126,102,6.500785751036482,0.5008246472366279,6.507983592045255,0.46964737256019395
2.0217639395046,0.031966574823057245,2.1353011874224666,-2.135540451394797,103,6.502789765543822,0.501287310440927,6.5099806802540305,0.4701400368596226
2.023820667825561,0.03193578457489147,2.1332444590860287,-2.133483492614066,103,6.504793780051163,0.501749973645226,6.511977768462582,0.47063270116002165
2.0258773961465217,0.031904994326593314,2.131187730763013,-2.1314265338333334,103,6.506797794558503,0.502212636849525,6.513974856671105,0.47112536546054967
2.0279341244674827,0.031874204078326106,2.1291310024425316,-2.129369575052601,103,6.508801809065844,0.5026753000538241,6.5159719448796345,0.4716180297610476
2.0299908527884436,0.03184341383012077,2.1270742741225295,-2.12731261627187,103,6.510805823573184,0.5031379632581232,6.517969033088177,0.4721106940614853
2.0320475811094045,0.03181262358198325,2.125017545802618,-2.1252556574911394,103,6.512809838080524,0.5036006264624222,6.5199661212967355,0.47260335836185685
2.0341043094303655,0.03178183333391474,2.122960817482724,-2.1231986987104103,103,6.5148138525878645,0.5040632896667212,6.5219632095053095,0.4730960226621611
2.0361610377513264,0.03175104308591555,2.1209040891628343,-2.121141739929682,103,6.516817867095205,0.5045259528710203,6.523960297713899,0.4735886869623979
2.0382177660722873,0.03172025283798585,2.118847360842946,-2.119084781148955,103,6.518821881602545,0.5049886160753194,6.525957385922504,0.47408135126256706
2.0402744943932483,0.03168946259012574,2.1167906325230574,-2.117027822368229,103,6.520825896109885,0.5054512792796184,6.527954474131124,0.47457401556266826
2.042331222714209,0.03165867234233533,2.1147339042031703,-2.1149708635875037,103,6.522829910617226,0.5059139424839174,6.529951562339761,0.47506667986270157
2.04438795103517,0.03162788209461474,2.112677175883284,-2.1129139048067795,103,6.524833925124566,0.5063766056882164,6.531948650548413,0.4755593441626668
2.046444679356131,0.03159709184696409,2.1106204475633983,-2.1108569460260567,103,6.526837939631907,0.5068392688925155,6.533945738757081,0.476052008462564
2.048501407677092,0.03156630159938347,2.1085637192435125,-2.1087999872453347,103,6.528841954139247,0.5073019320968146,6.535942826965764,0.47654467276239304
2.050558135998053,0.031535511351873,2.106506990923628,-2.106743028464614,103,6.530845968646587,0.5077645953011136,6.537939915174464,0.47703733706215357
2.052614864319014,0.03150472110443278,2.104450262603744,-2.1046860696838943,103,6.532849983153928,0.5082272585054126,6.539937003383179,0.47753000136184565
2.054671592639975,0.03147393085706293,2.102393534283861,-2.1026291109031754,103,6.534853997661267,0.5086899217097117,6.5419340915919095,0.4780226656614692
2.0567283209609357,0.03144314060976357,2.1003368059639786,-2.100572152122458,103,6.536858012168608,0.5091525849140108,6.543931179800657,0.4785153299610242
2.0587850492818967,0.0314123503625348,2.0982800776440964,-2.098515193341741,103,6.5388620266759485,0.5096152481183098,6.545928268009419,0.4790079942605102
2.0608417776028576,0.031381560115376725,2.0962233493242146,-2.0964582345610254,103,6.540866041183289,0.5100779113226088,6.547925356218198,0.4795006585599274
2.0628985059238185,0.03135076986828947,2.094166621004334,-2.094401275780311,103,6.54287005569063,0.5105405745269079,6.549922444426993,0.47999332285927565
2.0649552342447794,0.03131997962127314,2.092109892684454,-2.0923443169995974,103,6.544874070197969,0.511003237731207,6.551919532635803,0.48048598715855484
2.0670119625657404,0.03128918937432784,2.0900531643645746,-2.0902873582188852,103,6.54687808470531,0.511465900935506,6.553916620844629,0.4809786514577647
2.0690686908867013,0.031258399127453686,2.087996436044696,-2.088230399438174,103,6.5488820992126495,0.511928564139805,6.555913709053471,0.4814713157569052
2.0711254192076622,0.03122760888065079,2.0859397077248176,-2.0861734406574635,103,6.55088611371999,0.5123912273441041,6.5579107972623305,0.4819639800559764
2.073182147528623,0.03119681863391925,2.08388297940494,-2.0841164818767544,103,6.552890128227331,0.5128538905484032,6.559907885471205,0.48245664435497804
2.075238875849584,0.03116602838725918,2.0818262510850625,-2.082059523096046,103,6.554894142734671,0.5133165537527022,6.561904973680096,0.48294930865391
2.077295604170545,0.0311352381406707,2.0797695227651865,-2.0800025643153393,103,6.556898157242012,0.5137792169570012,6.563902061889003,0.48344197295277214
2.079352332491506,0.03110444789415392,2.0777127944453104,-2.0779456055346333,103,6.558902171749352,0.5142418801613002,6.565899150097926,0.48393463725156444
2.081409060812467,0.031073657647708947,2.0756560661254353,-2.075888646753928,103,6.560906186256692,0.5147045433655993,6.567896238306864,0.4844273015502869
2.083465789133428,0.031042867401335897,2.0735993378055606,-2.0738316879732244,103,6.5629102007640325,0.5151672065698985,6.569893326515819,0.48491996584893926
2.0855225174543888,0.031012077155034866,2.0715426094856864,-2.0717747291925215,103,6.564914215271372,0.5156298697741974,6.57189041472479,0.48541263014752134
2.0875792457753497,0.030981286908805975,2.069485881165813,-2.06971777041182,103,6.566918229778713,0.5160925329784964,6.573887502933778,0.48590529444603314
2.0896359740963106,0.030950496662649332,2.06742915284594,-2.0676608116311193,103,6.568922244286053,0.5165551961827956,6.575884591142782,0.48639795874447467
2.0916927024172716,0.030919706416565055,2.065372424526068,-2.06560385285042,103,6.570926258793394,0.5170178593870947,6.577881679351803,0.48689062304284564
2.0937494307382325,0.030888916170553244,2.063315696206196,-2.0635468940697215,103,6.572930273300734,0.5174805225913937,6.57987876756084,0.48738328734114594
2.0958061590591934,0.030858125924614007,2.0612589678863245,-2.061489935289024,103,6.574934287808075,0.5179431857956927,6.581875855769892,0.4878759516393755
2.0978628873801544,0.03082733567874747,2.059202239566454,-2.0594329765083277,103,6.576938302315415,0.5184058489999918,6.583872943978961,0.48836861593753433
2.0999196157011153,0.03079654543295373,2.057145511246584,-2.0573760177276323,103,6.578942316822755,0.5188685122042909,6.585870032188047,0.48886128023562225
2.1019763440220762,0.030765755187232905,2.0550887829267146,-2.0553190589469383,103,6.580946331330095,0.5193311754085899,6.5878671203971475,0.489353944533639
2.104033072343037,0.03073496494158511,2.0530320546068457,-2.053262100166245,103,6.582950345837435,0.5197938386128889,6.589864208606267,0.4898466088315846
2.106089800663998,0.030704174696010448,2.0509753262869777,-2.0512051413855534,103,6.584954360344776,0.520256501817188,6.591861296815401,0.490339273129459
2.108146528984959,0.030673384450509034,2.0489185979671096,-2.0491481826048625,103,6.5869583748521165,0.5207191650214871,6.593858385024553,0.4908319374272621
2.11020325730592,0.03064259420508097,2.0468618696472425,-2.047091223824173,103,6.588962389359457,0.5211818282257861,6.595855473233721,0.4913246017249936
2.112259985626881,0.030611803959726375,2.044805141327376,-2.0450342650434843,103,6.590966403866798,0.5216444914300851,6.597852561442906,0.4918172660226535
2.114316713947842,0.030581013714445347,2.0427484130075095,-2.042977306262797,103,6.592970418374137,0.5221071546343842,6.599849649652106,0.49230993032024184
2.1163734422688028,0.03055022346923801,2.040691684687644,-2.0409203474821105,103,6.594974432881478,0.5225698178386832,6.601846737861323,0.49280259461775827
2.1184301705897637,0.030519433224104477,2.0386349563677792,-2.0388633887014254,103,6.596978447388818,0.5230324810429823,6.603843826070557,0.49329525891520287
2.1204868989107246,0.030488642979044855,2.0365782280479148,-2.036806429920741,103,6.598982461896158,0.5234951442472813,6.605840914279808,0.49378792321257536
2.1225436272316855,0.03045785273405925,2.034521499728051,-2.034749471140058,103,6.600986476403499,0.5239578074515803,6.607838002489075,0.49428058750987575
2.1246003555526465,0.03042706248914777,2.032464771408187,-2.032692512359376,103,6.602990490910839,0.5244204706558794,6.609835090698359,0.494773251807104
2.1266570838736074,0.030396272244310532,2.030408043088325,-2.0306355535786955,103,6.60499450541818,0.5248831338601785,6.61183217890766,0.49526591610425996
2.1287138121945683,0.030365481999547653,2.0283513147684626,-2.0285785947980157,103,6.60699851992552,0.5253457970644775,6.613829267116978,0.4957585804013433
2.1307705405155293,0.030334691754859235,2.0262945864486004,-2.0265216360173373,103,6.60900253443286,0.5258084602687765,6.615826355326312,0.4962512446983541
2.13282726883649,0.030303901510245385,2.024237858128739,-2.0244646772366597,103,6.611006548940201,0.5262711234730756,6.617823443535663,0.49674390899529236
2.134883997157451,0.03027311126570622,2.0221811298088785,-2.0224077184559834,103,6.61301056344754,0.5267337866773747,6.61982053174503,0.49723657329215787
2.136940725478412,0.030242321021241844,2.020124401489018,-2.020350759675308,103,6.615014577954881,0.5271964498816737,6.621817619954415,0.4977292375889503
2.138997453799373,0.03021153077685238,2.0180676731691585,-2.018293800894634,103,6.617018592462221,0.5276591130859727,6.623814708163816,0.49822190188566984
2.141054182120334,0.030180740532537935,2.016010944849299,-2.016236842113961,103,6.619022606969562,0.5281217762902718,6.625811796373235,0.49871456618231635
2.143110910441295,0.030149950288298605,2.01395421652944,-2.014179883333289,103,6.6210266214769025,0.5285844394945709,6.62780888458267,0.4992072304788897
2.145167638762256,0.030119160044134514,2.0118974882095815,-2.012122924552618,103,6.623030635984243,0.5290471026988699,6.629805972792123,0.4996998947753896
2.1472243670832167,0.03008836980004577,2.009840759889724,-2.0100659657719486,103,6.625034650491583,0.5295097659031689,6.631803061001591,0.5001925590718161
2.1492810954041777,0.03005757955603249,2.0077840315698663,-2.00800900699128,103,6.627038664998923,0.529972429107468,6.633800149211077,0.5006852233681692
2.1513378237251386,0.03002678931209476,2.00572730325001,-2.0059520482106126,103,6.629042679506263,0.5304350923117671,6.635797237420579,0.5011778876644487
2.1533945520460995,0.029995999068232714,2.0036705749301538,-2.0038950894299465,103,6.6310466940136035,0.5308977555160661,6.6377943256301,0.5016705519606542
2.1554512803670605,0.029965208824446456,2.0016138466102973,-2.0018381306492814,103,6.633050708520944,0.5313604187203651,6.639791413839637,0.5021632162567861
2.1575080086880214,0.02993441858073609,1.999557118290442,-1.9997811718686174,103,6.635054723028285,0.5318230819246641,6.641788502049192,0.5026558805528438
2.1595647370089823,0.029903628337101733,1.9975003899705868,-1.9977242130879544,103,6.637058737535625,0.5322857451289632,6.643785590258763,0.5031485448488278
2.1616214653299433,0.02987283809354349,1.9954436616507323,-1.9956672543072926,103,6.639062752042966,0.5327484083332623,6.645782678468351,0.5036412091447374
2.163678193650904,0.029842047850061486,1.9933869333308785,-1.9936102955266322,103,6.641066766550305,0.5332110715375613,6.647779766677957,0.5041338734405728
2.165734921971865,0.02981125760665581,1.9913302050110249,-1.9915533367459728,103,6.643070781057646,0.5336737347418603,6.6497768548875795,0.5046265377363337
2.167791650292826,0.029780467363326582,1.989273476691172,-1.9894963779653145,103,6.645074795564986,0.5341363979461594,6.6517739430972185,0.5051192020320202
2.169848378613787,0.029749677120073918,1.987216748371319,-1.9874394191846574,103,6.647078810072326,0.5345990611504585,6.653771031306876,0.5056118663276322
2.171905106934748,0.029718886876897922,1.9851600200514667,-1.9853824604040013,103,6.649082824579667,0.5350617243547575,6.655768119516551,0.5061045306231694
2.173961835255709,0.02968809663379871,1.983103291731615,-1.9833255016233464,103,6.651086839087007,0.5355243875590565,6.657765207726243,0.5065971949186316
2.17601856357667,0.02965730639077638,1.9810465634117636,-1.9812685428426928,103,6.653090853594348,0.5359870507633556,6.659762295935952,0.5070898592140192
2.1780752918976307,0.029626516147831045,1.9789898350919128,-1.9792115840620403,103,6.655094868101688,0.5364497139676547,6.661759384145678,0.5075825235093318
2.1801320202185916,0.029595725904962823,1.9769331067720621,-1.977154625281389,103,6.657098882609028,0.5369123771719537,6.663756472355422,0.508075187804569
2.1821887485395526,0.029564935662171814,1.974876378452212,-1.9750976665007387,103,6.659102897116369,0.5373750403762527,6.665753560565182,0.508567852099731
2.1842454768605135,0.029534145419458133,1.972819650132362,-1.9730407077200895,103,6.661106911623708,0.5378377035805518,6.66775064877496,0.5090605163948178
2.1863022051814744,0.029503355176821885,1.9707629218125133,-1.9709837489394417,103,6.663110926131049,0.5383003667848509,6.669747736984756,0.5095531806898291
2.1883589335024354,0.029472564934263184,1.9687061934926642,-1.968926790158795,103,6.665114940638389,0.5387630299891499,6.67174482519457,0.5100458449847648
2.1904156618233963,0.029441774691782135,1.966649465172816,-1.9668698313781494,103,6.66711895514573,0.5392256931934489,6.673741913404401,0.5105385092796249
2.1924723901443572,0.02941098444937885,1.9645927368529674,-1.964812872597505,103,6.6691229696530705,0.5396883563977479,6.675739001614249,0.5110311735744091
2.194529118465318,0.02938019420705344,1.9625360085331203,-1.9627559138168618,103,6.671126984160411,0.540151019602047,6.677736089824115,0.5115238378691175
2.196585846786279,0.029349403964806016,1.960479280213273,-1.9606989550362197,103,6.673130998667751,0.5406136828063461,6.679733178033998,0.51201650216375
2.19864257510724,0.029318613722636683,1.9584225518934262,-1.9586419962555788,103,6.675135013175091,0.5410763460106451,6.681730266243899,0.5125091664583062
2.200699303428201,0.029287823480545556,1.9563658235735797,-1.956585037474939,103,6.677139027682431,0.5415390092149441,6.683727354453817,0.5130018307527864
2.202756031749162,0.029257033238532737,1.9543090952537336,-1.9545280786943005,103,6.6791430421897715,0.5420016724192432,6.685724442663752,0.5134944950471902
2.204812760070123,0.02922624299659834,1.9522523669338878,-1.952471119913663,103,6.681147056697112,0.5424643356235423,6.687721530873707,0.5139871593415177
2.2068694883910838,0.02919545275474247,1.9501956386140427,-1.9504141611330268,103,6.683151071204453,0.5429269988278413,6.689718619083679,0.5144798236357686
2.2089262167120447,0.029164662512965244,1.948138910294198,-1.9483572023523918,103,6.685155085711793,0.5433896620321403,6.6917157072936675,0.5149724879299429
2.2109829450330056,0.029133872271266764,1.9460821819743532,-1.946300243571758,103,6.687159100219133,0.5438523252364394,6.693712795503673,0.5154651522240404
2.2130396733539666,0.029103082029647134,1.9440254536545087,-1.9442432847911253,103,6.689163114726473,0.5443149884407386,6.695709883713699,0.5159578165180612
2.2150964016749275,0.029072291788106466,1.9419687253346654,-1.942186326010494,103,6.691167129233813,0.5447776516450376,6.69770697192374,0.516450480812005
2.2171531299958884,0.029041501546644873,1.9399119970148215,-1.9401293672298636,103,6.693171143741154,0.5452403148493365,6.6997040601338,0.5169431451058716
2.2192098583168494,0.029010711305262463,1.9378552686949782,-1.9380724084492345,103,6.695175158248494,0.5457029780536357,6.701701148343878,0.5174358093996613
2.2212665866378103,0.028979921063959337,1.9357985403751357,-1.9360154496686066,103,6.697179172755835,0.5461656412579348,6.703698236553974,0.5179284736933737
2.2233233149587712,0.02894913082273561,1.9337418120552934,-1.9339584908879799,103,6.699183187263175,0.5466283044622338,6.705695324764088,0.5184211379870086
2.225380043279732,0.028918340581591394,1.9316850837354511,-1.9319015321073543,103,6.701187201770516,0.5470909676665328,6.70769241297422,0.518913802280566
2.227436771600693,0.028887550340526792,1.9296283554156093,-1.92984457332673,103,6.7031912162778555,0.5475536308708319,6.709689501184369,0.519406466574046
2.229493499921654,0.0288567600932782,1.927571627007812,-1.927787614546013,104,6.705195230785196,0.5480162940751309,6.711686589393127,0.5198991308735513
2.231550228242615,0.02882596984501303,1.925514898672591,-1.925730655765281,104,6.707199245292536,0.54847895727943,6.713683677601655,0.5203917951740473
2.233606956563576,0.028795179596630416,1.923458170349984,-1.923673696984547,104,6.709203259799876,0.548941620483729,6.715680765810159,0.5208844594746577
2.235663684884537,0.028764389348286734,1.9214014420295684,-1.9216167382038136,104,6.711207274307217,0.5494042836880281,6.717677854018671,0.5213771237752302
2.2377204132054977,0.028733599100009236,1.9193447137095327,-1.9195597794230812,104,6.713211288814557,0.5498669468923271,6.719674942227198,0.521869788075738
2.2397771415264587,0.02870280885180273,1.9172879853895632,-1.91750282064235,104,6.715215303321898,0.5503296100966262,6.721672030435741,0.5223624523761768
2.2418338698474196,0.028672018603668123,1.9152312570696053,-1.9154458618616197,104,6.7172193178292385,0.5507922733009252,6.723669118644301,0.5228551166765455
2.2438905981683805,0.028641228355605664,1.91317452874965,-1.9133889030808906,104,6.719223332336578,0.5512549365052243,6.725666206852875,0.523347780976844
2.2459473264893415,0.02861043810761548,1.9111178004296954,-1.9113319443001626,104,6.721227346843919,0.5517175997095233,6.7276632950614665,0.523840445277072
2.2480040548103024,0.028579647859697667,1.909061072109741,-1.9092749855194358,104,6.723231361351258,0.5521802629138223,6.729660383270073,0.5243331095772295
2.2500607831312633,0.02854885761185233,1.9070043437897868,-1.9072180267387098,104,6.725235375858599,0.5526429261181214,6.731657471478698,0.5248257738773163
2.2521175114522243,0.02851806736407956,1.9049476154698326,-1.905161067957985,104,6.7272393903659395,0.5531055893224204,6.733654559687339,0.5253184381773324
2.254174239773185,0.028487277116379463,1.902890887149879,-1.9031041091772611,104,6.72924340487328,0.5535682525267195,6.735651647895995,0.5258111024772778
2.256230968094146,0.02845648686875214,1.9008341588299256,-1.9010471503965385,104,6.731247419380621,0.5540309157310185,6.737648736104669,0.5263037667771522
2.258287696415107,0.02842569662119769,1.898777430509973,-1.898990191615817,104,6.733251433887961,0.5544935789353176,6.739645824313358,0.5267964310769557
2.260344424736068,0.02839490637371621,1.8967207021900203,-1.8969332328350965,104,6.735255448395301,0.5549562421396166,6.741642912522064,0.527289095376688
2.262401153057029,0.0283641161263078,1.894663973870068,-1.8948762740543772,104,6.737259462902641,0.5554189053439157,6.743640000730786,0.5277817596763492
2.26445788137799,0.02833332587897255,1.8926072455501157,-1.892819315273659,104,6.739263477409981,0.5558815685482147,6.7456370889395245,0.5282744239759389
2.266514609698951,0.02830253563171057,1.8905505172301642,-1.8907623564929419,104,6.741267491917322,0.5563442317525138,6.74763417714828,0.5287670882754575
2.2685713380199117,0.028271745384521957,1.8884937889102122,-1.888705397712226,104,6.743271506424662,0.5568068949568128,6.749631265357052,0.5292597525749044
2.2706280663408727,0.028240955137406803,1.886437060590261,-1.886648438931511,104,6.745275520932003,0.5572695581611119,6.75162835356584,0.5297524168742799
2.2726847946618336,0.028210164890365215,1.8843803322703099,-1.8845914801507972,104,6.747279535439343,0.5577322213654109,6.753625441774645,0.5302450811735835
2.2747415229827945,0.028179374643397273,1.882323603950359,-1.8825345213700846,104,6.749283549946684,0.55819488456971,6.755622529983467,0.5307377454728155
2.2767982513037555,0.02814858439650309,1.8802668756304086,-1.880477562589373,104,6.751287564454024,0.558657547774009,6.757619618192304,0.5312304097719756
2.2788549796247164,0.02811779414968277,1.8782101473104584,-1.8784206038086626,104,6.753291578961364,0.5591202109783081,6.759616706401159,0.5317230740710638
2.2809117079456773,0.028087003902936405,1.8761534189905082,-1.8763636450279533,104,6.755295593468704,0.5595828741826071,6.761613794610029,0.5322157383700797
2.2829684362666383,0.02805621365626408,1.8740966906705585,-1.874306686247245,104,6.757299607976044,0.5600455373869062,6.763610882818917,0.5327084026690238
2.285025164587599,0.028025423409665903,1.8720399623506085,-1.872249727466538,104,6.759303622483385,0.5605082005912052,6.765607971027822,0.5332010669678954
2.28708189290856,0.02799463316314197,1.869983234030659,-1.870192768685832,104,6.7613076369907255,0.5609708637955042,6.767605059236744,0.5336937312666946
2.289138621229521,0.02796384291669238,1.86792650571071,-1.868135809905127,104,6.763311651498066,0.5614335269998033,6.769602147445682,0.5341863955654216
2.291195349550482,0.027933052670317232,1.8658697773907609,-1.8660788511244233,104,6.765315666005407,0.5618961902041023,6.771599235654637,0.5346790598640758
2.293252077871443,0.02790226242401662,1.8638130490708125,-1.8640218923437206,104,6.767319680512746,0.5623588534084014,6.773596323863607,0.5351717241626577
2.295308806192404,0.027871472177790648,1.8617563207508638,-1.861964933563019,104,6.769323695020087,0.5628215166127004,6.775593412072596,0.5356643884611666
2.297365534513365,0.027840681931639404,1.8596995924309152,-1.8599079747823186,104,6.7713277095274265,0.5632841798169995,6.777590500281601,0.5361570527596029
2.2994222628343257,0.027809891685562985,1.857642864110967,-1.8578510160016193,104,6.773331724034767,0.5637468430212985,6.779587588490623,0.536649717057966
2.3014789911552866,0.027779101439561495,1.855586135791019,-1.855794057220921,104,6.775335738542108,0.5642095062255976,6.781584676699662,0.5371423813562565
2.3035357194762476,0.027748311193635022,1.8535294074710713,-1.853737098440224,104,6.777339753049448,0.5646721694298966,6.783581764908718,0.5376350456544735
2.3055924477972085,0.02771752094778367,1.8514726791511236,-1.851680139659528,104,6.779343767556789,0.5651348326341957,6.785578853117791,0.5381277099526176
2.3076491761181694,0.027686730702007525,1.8494159508311758,-1.849623180878833,104,6.781347782064129,0.5655974958384947,6.78757594132688,0.5386203742506882
2.3097059044391304,0.027655940456306694,1.8473592225112283,-1.8475662220981393,104,6.783351796571469,0.5660601590427938,6.789573029535986,0.5391130385486856
2.3117626327600913,0.027625150210681265,1.845302494191281,-1.8455092633174466,104,6.7853558110788095,0.5665228222470928,6.79157011774511,0.5396057028466095
2.3138193610810522,0.027594359965131335,1.8432457658713337,-1.843452304536755,104,6.787359825586149,0.5669854854513919,6.79356720595425,0.5400983671444598
2.315876089402013,0.027563569719656997,1.8411890375513866,-1.8413953457560646,104,6.78936384009349,0.5674481486556909,6.795564294163407,0.5405910314422363
2.317932817722974,0.02753277947425835,1.8391323092314398,-1.8393383869753752,104,6.79136785460083,0.56791081185999,6.797561382372582,0.5410836957399393
2.319989546043935,0.027501989228935497,1.8370755809114934,-1.8372814281946872,104,6.793371869108171,0.568373475064289,6.799558470581773,0.5415763600375683
2.322046274364896,0.027471198983688525,1.8350188525915472,-1.8352244694140003,104,6.795375883615511,0.568836138268588,6.801555558790982,0.5420690243351233
2.324103002685857,0.02744040873851753,1.8329621242716008,-1.8331675106333145,104,6.797379898122852,0.5692988014728871,6.803552647000208,0.5425616886326045
2.326159731006818,0.027409618493422605,1.8309053959516544,-1.8311105518526298,104,6.799383912630192,0.5697614646771861,6.80554973520945,0.5430543529300114
2.3282164593277788,0.027378828248403837,1.828848667631708,-1.8290535930719463,104,6.801387927137532,0.5702241278814852,6.80754682341871,0.5435470172273441
2.3302731876487397,0.02734803800346134,1.8267919393117624,-1.8269966342912638,104,6.803391941644872,0.5706867910857842,6.809543911627986,0.5440396815246025
2.3323299159697006,0.027317247758595203,1.8247352109918162,-1.8249396755105824,104,6.805395956152212,0.5711494542900833,6.8115409998372805,0.5445323458217866
2.3343866442906616,0.027286457513805516,1.8226784826718703,-1.8228827167299022,104,6.807399970659553,0.5716121174943823,6.8135380880465926,0.545025010118896
2.3364433726116225,0.02725566726909237,1.8206217543519247,-1.8208257579492233,104,6.8094039851668935,0.5720747806986815,6.8155351762559215,0.545517674415931
2.3385001009325834,0.027224877024455862,1.8185650260319792,-1.8187687991685455,104,6.811407999674234,0.5725374439029804,6.817532264465267,0.5460103387128913
2.3405568292535444,0.02719408677989608,1.8165082977120337,-1.8167118403878688,104,6.813412014181575,0.5730001071072796,6.819529352674631,0.5465030030097768
2.3426135575745053,0.027163296535413127,1.8144515693920882,-1.8146548816071932,104,6.815416028688914,0.5734627703115786,6.821526440884011,0.5469956673065874
2.344670285895466,0.027132506291007098,1.8123948410721429,-1.8125979228265188,104,6.817420043196254,0.5739254335158777,6.823523529093407,0.5474883316033232
2.346727014216427,0.027101716046678066,1.8103381127521976,-1.8105409640458456,104,6.8194240577035945,0.5743880967201767,6.825520617302822,0.5479809958999838
2.348783742537388,0.027070925802426146,1.8082813844322527,-1.8084840052651736,104,6.821428072210935,0.5748507599244758,6.827517705512255,0.5484736601965694
2.350840470858349,0.02704013555825142,1.8062246561123076,-1.8064270464845027,104,6.823432086718276,0.5753134231287748,6.829514793721705,0.5489663244930797
2.35289719917931,0.02700934531415399,1.8041679277923623,-1.804370087703833,104,6.825436101225616,0.5757760863330739,6.831511881931172,0.5494589887895148
2.354953927500271,0.02697855507013394,1.8021111994724175,-1.8023131289231642,104,6.827440115732957,0.5762387495373729,6.833508970140657,0.5499516530858743
2.357010655821232,0.026947764826191364,1.8000544711524724,-1.8002561701424968,104,6.829444130240296,0.576701412741672,6.835506058350158,0.5504443173821586
2.3590673841421927,0.026916974582326357,1.797997742832528,-1.7981992113618306,104,6.831448144747637,0.577164075945971,6.837503146559678,0.550936981678367
2.3611241124631537,0.02688618433853901,1.795941014512583,-1.7961422525811654,104,6.833452159254977,0.57762673915027,6.839500234769214,0.5514296459744998
2.3631808407841146,0.026855394094829406,1.7938842861926378,-1.7940852938005014,104,6.835456173762317,0.5780894023545691,6.841497322978769,0.551922310270557
2.3652375691050755,0.02682460385119764,1.791827557872693,-1.7920283350198387,104,6.837460188269658,0.5785520655588681,6.843494411188341,0.5524149745665383
2.3672942974260365,0.026793813607643803,1.7897708295527481,-1.7899713762391771,104,6.839464202776998,0.5790147287631672,6.845491499397931,0.5529076388624438
2.3693510257469974,0.026763023364167988,1.7877141012328035,-1.7879144174585166,104,6.841468217284339,0.5794773919674662,6.847488587607538,0.553400303158273
2.3714077540679583,0.02673223312077029,1.7856573729128586,-1.7858574586778573,104,6.843472231791679,0.5799400551717653,6.849485675817163,0.5538929674540263
2.3734644823889193,0.026701442877450802,1.7836006445929142,-1.7838004998971992,104,6.845476246299019,0.5804027183760643,6.851482764026804,0.5543856317497032
2.37552121070988,0.0266706526342096,1.7815439162729694,-1.7817435411165423,104,6.84748026080636,0.5808653815803634,6.853479852236464,0.554878296045304
2.377577939030841,0.026639862391046792,1.779487187953025,-1.7796865823358865,104,6.849484275313699,0.5813280447846624,6.855476940446141,0.5553709603408283
2.379634667351802,0.026609072147962463,1.77743045963308,-1.7776296235552318,104,6.85148828982104,0.5817907079889615,6.857474028655836,0.5558636246362763
2.381691395672763,0.026578281904956695,1.7753737313131353,-1.7755726647745784,104,6.85349230432838,0.5822533711932605,6.8594711168655484,0.5563562889316476
2.383748123993724,0.026547491662029576,1.7733170029931906,-1.7735157059939262,104,6.855496318835721,0.5827160343975596,6.861468205075279,0.5568489532269423
2.385804852314685,0.026516701419181207,1.7712602746732455,-1.771458747213275,104,6.8575003333430615,0.5831786976018586,6.863465293285028,0.5573416175221602
2.387861580635646,0.02648591117641167,1.769203546353301,-1.7694017884326252,104,6.859504347850402,0.5836413608061577,6.865462381494794,0.5578342818173014
2.3899183089566067,0.026455120933721057,1.767146818033356,-1.7673448296519765,104,6.861508362357742,0.5841040240104567,6.867459469704577,0.5583269461123657
2.3919750372775677,0.026424330691109454,1.765090089713411,-1.7652878708713289,104,6.863512376865082,0.5845666872147558,6.869456557914378,0.558819610407353
2.3940317655985286,0.026393540448576946,1.7630333613934661,-1.7632309120906826,104,6.865516391372422,0.5850293504190548,6.871453646124197,0.5593122747022631
2.3960884939194895,0.026362750206123626,1.760976633073521,-1.7611739533100375,104,6.8675204058797625,0.5854920136233538,6.873450734334034,0.559804938997096
2.3981452222404505,0.026331959963749575,1.758919904753576,-1.7591169945293934,104,6.869524420387103,0.5859546768276529,6.875447822543888,0.560297603291852
2.4002019505614114,0.02630116972145488,1.7568631764336309,-1.7570600357487507,104,6.871528434894444,0.5864173400319519,6.877444910753762,0.5607902675865304
2.4022586788823723,0.02627037947923964,1.7548064481136856,-1.755003076968109,104,6.873532449401784,0.586880003236251,6.879441998963652,0.5612829318811315
2.4043154072033333,0.026239589237103934,1.7527497197937403,-1.7529461181874686,104,6.875536463909125,0.58734266644055,6.881439087173561,0.561775596175655
2.406372135524294,0.02620879899504785,1.7506929914737948,-1.7508891594068294,104,6.877540478416464,0.5878053296448491,6.883436175383487,0.562268260470101
2.408428863845255,0.026178008753071472,1.7486362631538492,-1.7488322006261914,104,6.879544492923805,0.5882679928491481,6.885433263593431,0.5627609247644694
2.410485592166216,0.02614721851117489,1.7465795348339042,-1.7467752418455547,104,6.881548507431145,0.5887306560534472,6.887430351803393,0.56325358905876
2.412542320487177,0.026116428269358193,1.7445228065139584,-1.744718283064919,104,6.883552521938485,0.5891933192577462,6.889427440013373,0.5637462533529727
2.414599048808138,0.026085638027621462,1.7424660781940124,-1.7426613242842846,104,6.885556536445826,0.5896559824620453,6.8914245282233715,0.5642389176471075
2.416655777129099,0.026054847785964782,1.7404093498740667,-1.7406043655036514,104,6.887560550953166,0.5901186456663443,6.893421616433388,0.5647315819411644
2.41871250545006,0.026024057544388236,1.7383526215541207,-1.7385474067230193,104,6.889564565460507,0.5905813088706434,6.895418704643422,0.5652242462351431
2.4207692337710207,0.025993267302891917,1.7362958932341745,-1.7364904479423886,104,6.891568579967847,0.5910439720749424,6.897415792853475,0.5657169105290436
2.4228259620919816,0.0259624770614759,1.7342391649142284,-1.734433489161759,104,6.893572594475187,0.5915066352792415,6.899412881063545,0.566209574822866
2.4248826904129426,0.025931686820140278,1.7321824365942817,-1.7323765303811305,104,6.895576608982528,0.5919692984835405,6.901409969273633,0.56670223911661
2.4269394187339035,0.025900896578885127,1.7301257082743355,-1.7303195716005033,104,6.897580623489867,0.5924319616878396,6.903407057483739,0.5671949034102756
2.4289961470548644,0.025870106337710537,1.7280689799543885,-1.7282626128198773,104,6.899584637997208,0.5928946248921386,6.905404145693864,0.5676875677038626
2.4310528753758254,0.025839316096616587,1.7260122516344416,-1.7262056540392525,104,6.9015886525045484,0.5933572880964377,6.9074012339040065,0.5681802319973712
2.4331096036967863,0.025808525855603365,1.723955523314495,-1.724148695258629,104,6.903592667011889,0.5938199513007367,6.909398322114168,0.568672896290801
2.4351663320177472,0.025777735614670956,1.7218987949945477,-1.7220917364780066,104,6.90559668151923,0.5942826145050357,6.911395410324347,0.5691655605841521
2.437223060338708,0.025746945373819427,1.7198420666746006,-1.7200347776973854,104,6.90760069602657,0.5947452777093348,6.913392498534544,0.5696582248774245
2.439279788659669,0.02571615513304888,1.7177853383546529,-1.7179778189167654,104,6.90960471053391,0.5952079409136338,6.91538958674476,0.5701508891706177
2.44133651698063,0.025685364892359383,1.715728610034705,-1.7159208601361466,104,6.91160872504125,0.5956706041179329,6.917386674954994,0.5706435534637323
2.443393245301591,0.025654574651751024,1.7136718817147572,-1.713863901355529,104,6.91361273954859,0.5961332673222319,6.919383763165245,0.5711362177567676
2.445449973622552,0.02562378441122388,1.7116151533948092,-1.7118069425749127,104,6.915616754055931,0.596595930526531,6.921380851375515,0.5716288820497238
2.447506701943513,0.02559299417077804,1.7095584250748608,-1.7097499837942975,104,6.917620768563271,0.59705859373083,6.923377939585804,0.5721215463426008
2.4495634302644738,0.025562203923328124,1.707501696666764,-1.7076930250135776,105,6.919624783070612,0.5975212569351291,6.925375027794517,0.5726142106423024
2.4516201585854347,0.025531413674838667,1.705444968332886,-1.705636066232842,105,6.921628797577952,0.5979839201394281,6.927372116002997,0.5731068749430169
2.4536768869063956,0.025500623426247836,1.7033882400106664,-1.703579107452105,105,6.923632812085293,0.5984465833437272,6.9293692042114525,0.5735995392438302
2.4557336152273566,0.025469833177703103,1.7013315116902772,-1.7015221486713685,105,6.9256368265926325,0.5989092465480262,6.931366292419919,0.5740922035445984
2.4577903435483175,0.025439042929227693,1.6992747833701745,-1.6994651898906332,105,6.927640841099973,0.5993719097523253,6.933363380628402,0.5745848678452994
2.4598470718692784,0.025408252680825305,1.6972180550501164,-1.697408231109899,105,6.929644855607313,0.5998345729566243,6.935360468836899,0.5750775321459289
2.4619038001902394,0.025377462432496577,1.695161326730065,-1.695351272329166,105,6.931648870114653,0.6002972361609235,6.937357557045415,0.5755701964464869
2.4639605285112003,0.025346672184241668,1.6931045984100148,-1.693294313548434,105,6.933652884621994,0.6007598993652224,6.939354645253947,0.5760628607469728
2.466017256832161,0.025315881936060672,1.6910478700899647,-1.691237354767703,105,6.935656899129334,0.6012225625695216,6.941351733462496,0.5765555250473867
2.468073985153122,0.025285091687953665,1.6889911417699142,-1.6891803959869733,105,6.937660913636675,0.6016852257738206,6.943348821671061,0.5770481893477285
2.470130713474083,0.025254301439920728,1.6869344134498638,-1.6871234372062447,105,6.9396649281440155,0.6021478889781195,6.945345909879643,0.5775408536479981
2.472187441795044,0.02522351119196193,1.684877685129813,-1.6850664784255172,105,6.941668942651355,0.6026105521824187,6.947342998088241,0.5780335179481956
2.474244170116005,0.02519272094407734,1.6828209568097618,-1.6830095196447907,105,6.943672957158696,0.6030732153867177,6.949340086296856,0.5785261822483206
2.476300898436966,0.02516193069626703,1.6807642284897106,-1.6809525608640654,105,6.945676971666035,0.6035358785910168,6.951337174505488,0.5790188465483734
2.478357626757927,0.025131140448531084,1.6787075001696592,-1.6788956020833412,105,6.947680986173376,0.6039985417953158,6.953334262714137,0.5795115108483536
2.4804143550788877,0.025100350200869564,1.6766507718496075,-1.6768386433026181,105,6.9496850006807165,0.6044612049996149,6.955331350922802,0.5800041751482614
2.4824710833998487,0.025069559953282538,1.6745940435295552,-1.6747816845218961,105,6.951689015188057,0.6049238682039139,6.9573284391314845,0.5804968394480966
2.4845278117208096,0.025038769705770084,1.672537315209503,-1.6727247257411753,105,6.953693029695398,0.605386531408213,6.959325527340184,0.5809895037478592
2.4865845400417705,0.025007979458332268,1.6704805868894508,-1.6706677669604555,105,6.955697044202737,0.605849194612512,6.961322615548899,0.5814821680475489
2.4886412683627315,0.024977189210969163,1.668423858569398,-1.6686108081797368,105,6.957701058710078,0.6063118578168111,6.963319703757631,0.581974832347166
2.4906979966836924,0.02494639896368084,1.666367130249345,-1.6665538493990193,105,6.9597050732174175,0.6067745210211101,6.96531679196638,0.58246749664671
2.4927547250046533,0.024915608716467384,1.664310401929292,-1.6644968906183029,105,6.961709087724758,0.6072371842254092,6.967313880175146,0.5829601609461812
2.4948114533256143,0.02488481846932885,1.6622536736092384,-1.6624399318375875,105,6.963713102232099,0.6076998474297082,6.96931096838393,0.5834528252455794
2.496868181646575,0.024854028222265304,1.6601969452891843,-1.6603829730568733,105,6.965717116739439,0.6081625106340073,6.97130805659273,0.5839454895449046
2.498924909967536,0.02482323797527682,1.6581402169691304,-1.6583260142761602,105,6.96772113124678,0.6086251738383063,6.973305144801547,0.5844381538441564
2.500981638288497,0.024792447728363465,1.6560834886490756,-1.6562690554954482,105,6.96972514575412,0.6090878370426054,6.975302233010381,0.5849308181433353
2.503038366609458,0.02476165748152531,1.6540267603290209,-1.6542120967147373,105,6.97172916026146,0.6095505002469044,6.97729932121923,0.5854234824424407
2.505095094930419,0.024730867234762418,1.6519700320089659,-1.6521551379340276,105,6.9737331747688005,0.6100131634512035,6.979296409428098,0.585916146741473
2.50715182325138,0.024700076988074863,1.6499133036889104,-1.6500981791533191,105,6.97573718927614,0.6104758266555025,6.981293497636982,0.5864088110404316
2.509208551572341,0.024669286741462706,1.6478565753688552,-1.6480412203726118,105,6.977741203783481,0.6109384898598015,6.983290585845884,0.5869014753393169
2.5112652798933017,0.02463849649492602,1.6457998470487991,-1.6459842615919056,105,6.979745218290821,0.6114011530641006,6.985287674054803,0.5873941396381287
2.5133220082142627,0.024607706248464867,1.6437431187287428,-1.6439273028112005,105,6.981749232798162,0.6118638162683996,6.987284762263738,0.5878868039368668
2.5153787365352236,0.024576916002079313,1.6416863904086862,-1.6418703440304965,105,6.983753247305502,0.6123264794726987,6.989281850472691,0.5883794682355313
2.5174354648561845,0.02454612575576943,1.6396296620886295,-1.6398133852497936,105,6.985757261812843,0.6127891426769977,6.99127893868166,0.5888721325341221
2.5194921931771455,0.024515335509535274,1.6375729337685718,-1.6377564264690918,105,6.987761276320183,0.6132518058812968,6.993276026890646,0.5893647968326391
2.5215489214981064,0.024484545263376914,1.6355162054485142,-1.6356994676883911,105,6.989765290827523,0.6137144690855958,6.99527311509965,0.5898574611310822
2.5236056498190673,0.02445375501729442,1.6334594771284563,-1.6336425089076916,105,6.991769305334863,0.6141771322898949,6.99727020330867,0.5903501254294514
2.5256623781400283,0.02442296477128785,1.6314027488083975,-1.6315855501269931,105,6.993773319842203,0.6146397954941939,6.999267291517707,0.5908427897277466
2.527719106460989,0.024392174525357264,1.6293460204883388,-1.629528591346296,105,6.995777334349544,0.615102458698493,7.001264379726763,0.5913354540259679
2.52977583478195,0.024361384279502733,1.6272892921682796,-1.6274716325656,105,6.9977813488568845,0.615565121902792,7.003261467935834,0.5918281183241149
2.531832563102911,0.024330594033724316,1.62523256384822,-1.6254146737849051,105,6.999785363364225,0.6160277851070911,7.005258556144923,0.5923207826221879
2.533889291423872,0.024299803788022076,1.62317583552816,-1.6233577150042113,105,7.001789377871566,0.6164904483113901,7.00725564435403,0.5928134469201864
2.535946019744833,0.024269013542396075,1.6211191072080995,-1.6213007562235187,105,7.003793392378905,0.6169531115156892,7.009252732563152,0.5933061112181109
2.538002748065794,0.024238223296846374,1.6190623788880387,-1.619243797442827,105,7.005797406886246,0.6174157747199882,7.011249820772293,0.5937987755159609
2.5400594763867548,0.024207433051373045,1.6170056505679775,-1.6171868386621366,105,7.0078014213935855,0.6178784379242873,7.013246908981451,0.5942914398137367
2.5421162047077157,0.024176642805976138,1.6149489222479159,-1.6151298798814475,105,7.009805435900926,0.6183411011285863,7.015243997190625,0.5947841041114378
2.5441729330286766,0.02414585256065571,1.6128921939278538,-1.6130729211007595,105,7.011809450408267,0.6188037643328853,7.017241085399817,0.5952767684090644
2.5462296613496376,0.024115062315411825,1.6108354656077915,-1.6110159623200726,105,7.013813464915607,0.6192664275371844,7.019238173609027,0.5957694327066165
2.5482863896705985,0.02408427207024455,1.6087787372877285,-1.6089590035393868,105,7.015817479422948,0.6197290907414834,7.021235261818253,0.5962620970040939
2.5503431179915594,0.02405348182515393,1.6067220089676646,-1.6069020447587021,105,7.017821493930288,0.6201917539457825,7.023232350027498,0.5967547613014967
2.5523998463125204,0.02402269158014003,1.6046652806476007,-1.6048450859780186,105,7.019825508437628,0.6206544171500815,7.0252294382367575,0.5972474255988247
2.5544565746334813,0.02399190133520291,1.6026085523275366,-1.6027881271973363,105,7.0218295229449685,0.6211170803543806,7.027226526446036,0.597740089896078
2.5565133029544422,0.02396111109034263,1.6005518240074716,-1.6007311684166552,105,7.023833537452308,0.6215797435586796,7.029223614655331,0.5982327541932562
2.558570031275403,0.023930320845559242,1.5984950956874062,-1.5986742096359752,105,7.025837551959649,0.6220424067629787,7.031220702864644,0.5987254184903597
2.560626759596364,0.023899530600852807,1.5964383673673408,-1.5966172508552963,105,7.027841566466989,0.6225050699672777,7.033217791073975,0.599218082787388
2.562683487917325,0.023868740356223377,1.5943816390472743,-1.5945602920746185,105,7.02984558097433,0.6229677331715768,7.0352148792833225,0.5997107470843415
2.564740216238286,0.023837950111671013,1.5923249107272073,-1.5925033332939418,105,7.03184959548167,0.6234303963758758,7.037211967492687,0.6002034113812197
2.566796944559247,0.02380715986719576,1.5902681824071399,-1.5904463745132664,105,7.033853609989011,0.6238930595801749,7.039209055702069,0.6006960756780229
2.568853672880208,0.023776369622797673,1.5882114540870722,-1.5883894157325922,105,7.035857624496351,0.6243557227844739,7.041206143911468,0.6011887399747509
2.5709104012011688,0.023745579378476822,1.5861547257670037,-1.586332456951919,105,7.037861639003691,0.624818385988773,7.043203232120885,0.6016814042714036
2.5729671295221297,0.023714789134233253,1.5840979974469347,-1.584275498171247,105,7.039865653511031,0.625281049193072,7.045200320330319,0.602174068567981
2.5750238578430906,0.023683998890067004,1.5820412691268653,-1.5822185393905763,105,7.041869668018371,0.6257437123973711,7.047197408539771,0.602666732864483
2.5770805861640516,0.023653208645978148,1.5799845408067952,-1.5801615806099067,105,7.043873682525712,0.6262063756016701,7.04919449674924,0.6031593971609097
2.5791373144850125,0.023622418401966726,1.5779278124867246,-1.5781046218292383,105,7.0458776970330526,0.6266690388059692,7.051191584958727,0.6036520614572609
2.5811940428059734,0.023591628158032788,1.5758710841666534,-1.576047663048571,105,7.047881711540393,0.6271317020102682,7.053188673168231,0.6041447257535366
2.5832507711269344,0.023560837914176402,1.5738143558465818,-1.5739907042679047,105,7.049885726047734,0.6275943652145672,7.055185761377753,0.6046373900497367
2.5853074994478953,0.02353004767039761,1.5717576275265095,-1.5719337454872397,105,7.051889740555073,0.6280570284188663,7.05718284958729,0.6051300543458613
2.587364227768856,0.02349925742669645,1.5697008992064365,-1.569876786706576,105,7.053893755062414,0.6285196916231653,7.059179937796847,0.6056227186419102
2.589420956089817,0.023468467183072984,1.5676441708863629,-1.5678198279259132,105,7.055897769569754,0.6289823548274645,7.06117702600642,0.6061153829378835
2.591477684410778,0.02343767693952726,1.5655874425662888,-1.5657628691452516,105,7.057901784077094,0.6294450180317634,7.063174114216012,0.6066080472337808
2.593534412731739,0.023406886696059316,1.5635307142462143,-1.5637059103645914,105,7.059905798584435,0.6299076812360626,7.065171202425621,0.6071007115296025
2.5955911410527,0.023376096452669214,1.5614739859261388,-1.5616489515839322,105,7.061909813091775,0.6303703444403616,7.067168290635247,0.6075933758253483
2.597647869373661,0.023345306209356993,1.559417257606063,-1.5595919928032742,105,7.063913827599116,0.6308330076446607,7.0691653788448905,0.6080860401210183
2.599704597694622,0.02331451596612271,1.5573605292859865,-1.5575350340226173,105,7.065917842106456,0.6312956708489597,7.0711624670545525,0.6085787044166122
2.6017613260155827,0.0232837257229664,1.555303800965909,-1.5554780752419617,105,7.067921856613796,0.6317583340532588,7.073159555264231,0.6090713687121303
2.6038180543365437,0.02325293547988811,1.5532470726458314,-1.5534211164613072,105,7.069925871121137,0.6322209972575578,7.075156643473927,0.6095640330075722
2.6058747826575046,0.023222145236887894,1.5511903443257529,-1.5513641576806538,105,7.071929885628476,0.6326836604618569,7.077153731683641,0.6100566973029382
2.6079315109784655,0.02319135499396579,1.5491336160056735,-1.5493071989000016,105,7.073933900135817,0.6331463236661559,7.079150819893372,0.610549361598228
2.6099882392994265,0.023160564751121836,1.5470768876855934,-1.5472502401193506,105,7.075937914643157,0.633608986870455,7.081147908103121,0.6110420258934417
2.6120449676203874,0.02312977450835608,1.5450201593655133,-1.5451932813387008,105,7.077941929150498,0.634071650074754,7.083144996312888,0.6115346901885791
2.6141016959413483,0.023098984265668573,1.5429634310454317,-1.543136322558052,105,7.0799459436578385,0.6345343132790531,7.085142084522673,0.6120273544836404
2.6161584242623093,0.023068194023059346,1.5409067027253496,-1.5410793637774045,105,7.081949958165179,0.6349969764833521,7.087139172732475,0.6125200187786253
2.61821515258327,0.023037403780528452,1.5388499744052673,-1.5390224049967582,105,7.083953972672519,0.6354596396876511,7.089136260942293,0.6130126830735338
2.620271880904231,0.02300661353807592,1.5367932460851836,-1.536965446216113,105,7.085957987179859,0.6359223028919502,7.091133349152131,0.6135053473683663
2.622328609225192,0.022975823295701796,1.5347365177650996,-1.534908487435469,105,7.087962001687199,0.6363849660962492,7.093130437361985,0.6139980116631221
2.624385337546153,0.022945033053406116,1.5326797894450148,-1.5328515286548263,105,7.0899660161945395,0.6368476293005483,7.095127525571858,0.6144906759578016
2.626442065867114,0.022914242811188923,1.5306230611249294,-1.5307945698741847,105,7.09197003070188,0.6373102925048473,7.097124613781748,0.6149833402524045
2.628498794188075,0.02288345256905026,1.528566332804843,-1.5287376110935442,105,7.093974045209221,0.6377729557091464,7.099121701991656,0.615476004546931
2.630555522509036,0.02285266232699016,1.526509604484756,-1.5266806523129048,105,7.095978059716561,0.6382356189134454,7.101118790201582,0.6159686688413808
2.6326122508299967,0.022821872085008656,1.524452876164668,-1.5246236935322668,105,7.097982074223901,0.6386982821177445,7.103115878411524,0.6164613331357542
2.6346689791509577,0.022791081843105784,1.522396147844579,-1.5225667347516298,105,7.099986088731241,0.6391609453220435,7.105112966621485,0.6169539974300509
2.6367257074719186,0.02276029160128158,1.52033941952449,-1.520509775970994,105,7.101990103238581,0.6396236085263426,7.107110054831463,0.617446661724271
2.6387824357928795,0.022729501359536088,1.5182826912043998,-1.5184528171903595,105,7.103994117745922,0.6400862717306416,7.109107143041459,0.6179393260184143
2.6408391641138405,0.02269871111786934,1.5162259628843089,-1.5163958584097261,105,7.105998132253262,0.6405489349349407,7.111104231251473,0.618431990312481
2.6428958924348014,0.022667920876281358,1.514169234564217,-1.5143388996290938,105,7.108002146760603,0.6410115981392397,7.113101319461506,0.6189246546064708
2.6449526207557623,0.022637130634772185,1.5121125062441245,-1.512281940848463,105,7.110006161267943,0.6414742613435388,7.115098407671555,0.619417318900384
2.6470093490767233,0.022606340393341858,1.5100557779240311,-1.510224982067833,105,7.112010175775284,0.6419369245478378,7.117095495881622,0.6199099831942202
2.649066077397684,0.0225755501519904,1.5079990496039366,-1.5081680232872043,105,7.1140141902826235,0.6423995877521369,7.119092584091707,0.6204026474879797
2.651122805718645,0.022544759910717842,1.505942321283842,-1.506111064506577,105,7.116018204789964,0.6428622509564359,7.121089672301809,0.6208953117816621
2.653179534039606,0.022513969669524226,1.503885592963746,-1.5040541057259507,105,7.118022219297304,0.643324914160735,7.123086760511929,0.6213879760752679
2.655236262360567,0.022483179428409567,1.501828864643649,-1.5019971469453255,105,7.120026233804644,0.643787577365034,7.125083848722067,0.6218806403687964
2.657292990681528,0.022452389187373897,1.4997721363235514,-1.4999401881647016,105,7.122030248311985,0.644250240569333,7.127080936932224,0.6223733046622482
2.659349719002489,0.022421598946417248,1.497715408003453,-1.497883229384079,105,7.124034262819325,0.6447129037736321,7.129078025142397,0.622865968955623
2.6614064473234498,0.022390808705539646,1.4956586796833535,-1.4958262706034573,105,7.126038277326666,0.6451755669779311,7.131075113352589,0.6233586332489206
2.6634631756444107,0.02236001846474112,1.4936019513632535,-1.493769311822837,105,7.1280422918340065,0.6456382301822302,7.133072201562798,0.6238512975421413
2.6655199039653716,0.022329228224021697,1.4915452230431523,-1.4917123530422178,105,7.130046306341346,0.6461008933865292,7.135069289773025,0.6243439618352848
2.6675766322863326,0.02229843798338139,1.48948849472305,-1.4896553942615998,105,7.132050320848687,0.6465635565908283,7.1370663779832695,0.6248366261283514
2.6696333606072935,0.022267647742820237,1.487431766402947,-1.487598435480983,105,7.134054335356026,0.6470262197951273,7.139063466193531,0.6253292904213408
2.6716900889282544,0.022236857502338253,1.485375038082843,-1.4855414767003674,105,7.136058349863367,0.6474888829994264,7.141060554403812,0.6258219547142531
2.6737468172492154,0.022206067261935466,1.483318309762738,-1.4834845179197529,105,7.1380623643707075,0.6479515462037254,7.14305764261411,0.6263146190070881
2.6758035455701763,0.022175277021611896,1.4812615814426324,-1.4814275591391397,105,7.140066378878048,0.6484142094080245,7.145054730824427,0.6268072832998459
2.6778602738911372,0.022144486781367566,1.4792048531225257,-1.4793706003585276,105,7.142070393385389,0.6488768726123235,7.147051819034761,0.6272999475925266
2.679917002212098,0.0221136965412025,1.4771481248024174,-1.4773136415779167,105,7.144074407892729,0.6493395358166226,7.149048907245112,0.62779261188513
2.681973730533059,0.022082906301116704,1.475091396482309,-1.475256682797307,105,7.146078422400069,0.6498021990209216,7.1510459954554815,0.6282852761776562
2.68403045885402,0.02205211606111021,1.4730346681621993,-1.4731997240166985,105,7.148082436907409,0.6502648622252207,7.153043083665869,0.6287779404701053
2.686087187174981,0.02202132582118304,1.4709779398420886,-1.471142765236091,105,7.150086451414749,0.6507275254295197,7.155040171876274,0.6292706047624768
2.688143915495942,0.021990535581335197,1.4689212115219767,-1.469085806455485,105,7.15209046592209,0.6511901886338188,7.157037260086697,0.6297632690547712
2.690200643816903,0.021959745341566698,1.466864483201864,-1.46702884767488,105,7.15409448042943,0.6516528518381178,7.159034348297138,0.6302559333469882
2.6922573721378638,0.021928955101877572,1.4648077548817504,-1.4649718888942762,105,7.156098494936771,0.6521155150424169,7.1610314365075975,0.6307485976391279
2.6943141004588247,0.021898164862267828,1.4627510265616355,-1.4629149301136737,105,7.158102509444111,0.6525781782467159,7.163028524718074,0.6312412619311902
2.6963708287797856,0.021867374622737475,1.4606942982415199,-1.4608579713330723,105,7.160106523951452,0.6530408414510149,7.165025612928569,0.6317339262231751
2.6984275571007466,0.02183658437496839,1.4586375698329834,-1.4588010125523476,106,7.1621105384587915,0.653503504655314,7.167022701137209,0.6322265905231877
2.7004842854217075,0.021805794126128382,1.456580841500655,-1.4567440537716068,106,7.164114552966132,0.653966167859613,7.16901978934561,0.6327192548242437
2.7025410137426684,0.02177500387720347,1.4545241131787943,-1.4546870949908648,106,7.166118567473472,0.6544288310639121,7.17101687755399,0.6332119191253827
2.7045977420636294,0.021744213628329134,1.4524673848583685,-1.4526301362101235,106,7.168122581980812,0.6548914942682111,7.173013965762383,0.6337045834264721
2.7066544703845903,0.021713423379523977,1.4504106565381387,-1.4505731774293833,106,7.170126596488153,0.6553541574725102,7.175011053970791,0.6341972477274942
2.708711198705551,0.021682633130790555,1.448353928217935,-1.4485162186486442,106,7.172130610995493,0.6558168206768092,7.177008142179216,0.6346899120284464
2.710767927026512,0.021651842882129242,1.4462971998977339,-1.446459259867906,106,7.174134625502834,0.6562794838811083,7.179005230387657,0.6351825763293283
2.712824655347473,0.021621052633540097,1.4442404715775325,-1.444402301087169,106,7.1761386400101745,0.6567421470854073,7.181002318596113,0.6356752406301399
2.714881383668434,0.021590262385023134,1.4421837432573301,-1.442345342306433,106,7.178142654517514,0.6572048102897065,7.182999406804585,0.6361679049308812
2.716938111989395,0.02155947213657837,1.4401270149371268,-1.440288383525698,106,7.180146669024855,0.6576674734940055,7.184996495013075,0.6366605692315521
2.718994840310356,0.0215286818882058,1.4380702866169226,-1.4382314247449643,106,7.182150683532194,0.6581301366983046,7.18699358322158,0.6371532335321527
2.721051568631317,0.02149789163990545,1.4360135582967175,-1.4361744659642317,106,7.184154698039535,0.6585927999026036,7.188990671430102,0.6376458978326829
2.7231082969522777,0.02146710139167731,1.4339568299765113,-1.4341175071835002,106,7.1861587125468755,0.6590554631069027,7.19098775963864,0.6381385621331428
2.7251650252732387,0.02143631114352141,1.431900101656304,-1.4320605484027698,106,7.188162727054216,0.6595181263112017,7.192984847847194,0.6386312264335322
2.7272217535941996,0.021405520895437746,1.4298433733360956,-1.4300035896220402,106,7.190166741561557,0.6599807895155008,7.194981936055765,0.6391238907338513
2.7292784819151605,0.02137473064742632,1.4277866450158865,-1.4279466308413118,106,7.192170756068897,0.6604434527197998,7.196979024264352,0.6396165550341
2.7313352102361215,0.021343940399487137,1.425729916695676,-1.4258896720605845,106,7.194174770576237,0.6609061159240988,7.198976112472954,0.6401092193342782
2.7333919385570824,0.021313150151620205,1.4236731883754645,-1.4238327132798583,106,7.1961787850835774,0.6613687791283979,7.200973200681573,0.6406018836343862
2.7354486668780433,0.02128235990382553,1.421616460055252,-1.4217757544991332,106,7.198182799590917,0.6618314423326969,7.202970288890208,0.6410945479344237
2.7375053951990043,0.021251569656103114,1.419559731735039,-1.4197187957184092,106,7.200186814098258,0.662294105536996,7.20496737709886,0.6415872122343909
2.739562123519965,0.021220779408452954,1.4175030034148244,-1.4176618369376863,106,7.202190828605598,0.662756768741295,7.206964465307528,0.6420798765342874
2.741618851840926,0.021189989160875056,1.415446275094609,-1.4156048781569646,106,7.204194843112939,0.6632194319455941,7.208961553516213,0.6425725408341137
2.743675580161887,0.021159198913369412,1.4133895467743922,-1.4135479193762437,106,7.206198857620279,0.6636820951498931,7.210958641724913,0.6430652051338696
2.745732308482848,0.021128408665936023,1.4113328184541742,-1.411490960595524,106,7.20820287212762,0.6641447583541922,7.21295572993363,0.6435578694335551
2.747789036803809,0.02109761841857489,1.4092760901339554,-1.4094340018148053,106,7.21020688663496,0.6646074215584912,7.214952818142362,0.6440505337331701
2.74984576512477,0.021066828171286016,1.4072193618137356,-1.4073770430340877,106,7.2122109011423,0.6650700847627903,7.216949906351112,0.6445431980327149
2.751902493445731,0.021036037924069394,1.4051626334935146,-1.4053200842533713,106,7.21421491564964,0.6655327479670893,7.218946994559877,0.6450358623321891
2.7539592217666917,0.021005247676925014,1.4031059051732924,-1.403263125472656,106,7.21621893015698,0.6659954111713884,7.220944082768659,0.645528526631593
2.7560159500876527,0.020974457429852867,1.401049176853069,-1.4012061666919418,106,7.218222944664321,0.6664580743756874,7.222941170977457,0.6460211909309265
2.7580726784086136,0.02094366718285295,1.3989924485328444,-1.3991492079112284,106,7.2202269591716615,0.6669207375799865,7.224938259186271,0.6465138552301897
2.7601294067295745,0.02091287693592526,1.3969357202126185,-1.3970922491305162,106,7.222230973679002,0.6673834007842855,7.226935347395102,0.6470065195293823
2.7621861350505355,0.02088208668906979,1.3948789918923918,-1.3950352903498051,106,7.224234988186343,0.6678460639885846,7.228932435603949,0.6474991838285047
2.7642428633714964,0.020851296442286525,1.3928222635721637,-1.3929783315690951,106,7.226239002693682,0.6683087271928836,7.230929523812811,0.6479918481275567
2.7662995916924573,0.02082050619557545,1.3907655352519346,-1.3909213727883862,106,7.228243017201023,0.6687713903971827,7.23292661202169,0.6484845124265384
2.7683563200134182,0.020789715948936565,1.3887088069317044,-1.3888644140076785,106,7.2302470317083625,0.6692340536014817,7.234923700230585,0.6489771767254497
2.770413048334379,0.020758925702369844,1.3866520786114727,-1.3868074552269718,106,7.232251046215703,0.6696967168057807,7.236920788439497,0.6494698410242906
2.77246977665534,0.020728135455875287,1.3845953502912398,-1.3847504964462662,106,7.234255060723044,0.6701593800100798,7.238917876648425,0.6499625053230614
2.774526504976301,0.020697345209452867,1.3825386219710059,-1.3826935376655616,106,7.236259075230384,0.6706220432143788,7.240914964857369,0.6504551696217618
2.776583233297262,0.02066655496310258,1.3804818936507703,-1.380636578884858,106,7.238263089737725,0.6710847064186779,7.24291205306633,0.650947833920392
2.778639961618223,0.020635764716824406,1.378425165330534,-1.3785796201041556,106,7.240267104245064,0.6715473696229769,7.244909141275306,0.6514404982189518
2.780696689939184,0.020604974470618327,1.3763684370102962,-1.3765226613234542,106,7.242271118752405,0.672010032827276,7.246906229484299,0.6519331625174415
2.7827534182601448,0.02057418422448432,1.3743117086900571,-1.374465702542754,106,7.244275133259745,0.672472696031575,7.2489033176933075,0.6524258268158608
2.7848101465811057,0.020543393978422368,1.3722549803698167,-1.372408743762055,106,7.246279147767085,0.6729353592358741,7.250900405902333,0.6529184911142101
2.7868668749020666,0.02051260373243245,1.3701982520495752,-1.370351784981357,106,7.248283162274426,0.6733980224401731,7.252897494111374,0.6534111554124891
2.7889236032230276,0.02048181348651455,1.3681415237293324,-1.3682948262006598,106,7.250287176781766,0.6738606856444722,7.254894582320432,0.6539038197106979
2.7909803315439885,0.02045102324066864,1.366084795409088,-1.3662378674199638,106,7.252291191289107,0.6743233488487712,7.256891670529506,0.6543964840088365
2.7930370598649494,0.020420232994894694,1.3640280670888425,-1.3641809086392689,106,7.254295205796447,0.6747860120530703,7.258888758738596,0.6548891483069051
2.7950937881859104,0.020389442749192695,1.3619713387685957,-1.362123949858575,106,7.256299220303787,0.6752486752573693,7.260885846947701,0.6553818126049036
2.7971505165068713,0.020358652503562613,1.3599146104483477,-1.3600669910778824,106,7.258303234811128,0.6757113384616684,7.262882935156824,0.655874476902832
2.7992072448278322,0.02032786225800442,1.3578578821280982,-1.3580100322971909,106,7.260307249318467,0.6761740016659674,7.264880023365962,0.6563671412006903
2.801263973148793,0.02029707201251808,1.3558011538078474,-1.3559530735165004,106,7.262311263825808,0.6766366648702665,7.266877111575117,0.6568598054984787
2.803320701469754,0.020266281767103572,1.3537444254875948,-1.3538961147358108,106,7.264315278333148,0.6770993280745655,7.268874199784288,0.657352469796197
2.805377429790715,0.020235491521760858,1.3516876971673413,-1.3518391559551224,106,7.266319292840489,0.6775619912788645,7.270871287993475,0.6578451340938453
2.807434158111676,0.02020470127648992,1.3496309688470862,-1.349782197174435,106,7.2683233073478295,0.6780246544831636,7.272868376202679,0.6583377983914238
2.809490886432637,0.020173911031290716,1.3475742405268298,-1.3477252383937488,106,7.27032732185517,0.6784873176874626,7.274865464411898,0.6588304626889323
2.811547614753598,0.02014312078616321,1.345517512206572,-1.3456682796130637,106,7.27233133636251,0.6789499808917617,7.276862552621133,0.6593231269863711
2.8136043430745588,0.020112330541107372,1.3434607838863128,-1.3436113208323797,106,7.27433535086985,0.6794126440960607,7.278859640830385,0.6598157912837398
2.8156610713955197,0.020081540296123156,1.3414040555660522,-1.3415543620516965,106,7.27633936537719,0.6798753073003598,7.280856729039652,0.660308455581039
2.8177177997164806,0.02005075005121054,1.33934732724579,-1.3394974032710145,106,7.2783433798845305,0.6803379705046588,7.282853817248935,0.6608011198782682
2.8197745280374416,0.02001995980636947,1.3372905989255264,-1.3374404444903336,106,7.280347394391871,0.6808006337089579,7.284850905458235,0.6612937841754278
2.8218312563584025,0.01998916956159992,1.3352338706052616,-1.3353834857096538,106,7.282351408899212,0.6812632969132569,7.286847993667552,0.6617864484725178
2.8238879846793634,0.01995837931690185,1.3331771422849952,-1.3333265269289751,106,7.284355423406552,0.681725960117556,7.288845081876884,0.6622791127695381
2.8259447130003243,0.019927589072275202,1.331120413964727,-1.3312695681482973,106,7.286359437913893,0.682188623321855,7.290842170086232,0.6627717770664887
2.8280014413212853,0.019896798827719938,1.3290636856444575,-1.3292126093676206,106,7.288363452421232,0.6826512865261541,7.292839258295595,0.6632644413633698
2.830058169642246,0.019866008583236013,1.3270069573241865,-1.327155650586945,106,7.290367466928573,0.6831139497304531,7.294836346504976,0.6637571056601814
2.832114897963207,0.019835218338823377,1.3249502290039141,-1.3250986918062706,106,7.292371481435913,0.6835766129347522,7.2968334347143715,0.6642497699569236
2.834171626284168,0.01980442809448199,1.32289350068364,-1.3230417330255972,106,7.294375495943253,0.6840392761390512,7.298830522923784,0.6647424342535962
2.836228354605129,0.019773637850211804,1.3208367723633647,-1.320984774244925,106,7.296379510450594,0.6845019393433504,7.300827611133212,0.6652350985501997
2.83828508292609,0.01974284760601277,1.3187800440430875,-1.3189278154642536,106,7.298383524957934,0.6849646025476493,7.302824699342657,0.6657277628467336
2.840341811247051,0.019712057361884826,1.3167233157228089,-1.3168708566835834,106,7.300387539465275,0.6854272657519485,7.304821787552117,0.6662204271431984
2.842398539568012,0.01968126711782793,1.3146665874025287,-1.3148138979029143,106,7.302391553972615,0.6858899289562475,7.306818875761594,0.6667130914395939
2.8444552678889727,0.019650476873842016,1.312609859082247,-1.3127569391222462,106,7.304395568479955,0.6863525921605464,7.308815963971085,0.6672057557359202
2.8465119962099337,0.019619686629927042,1.3105531307619636,-1.310699980341579,106,7.306399582987296,0.6868152553648456,7.310813052180594,0.6676984200321775
2.8485687245308946,0.019588896386082938,1.3084964024416785,-1.308643021560913,106,7.308403597494635,0.6872779185691446,7.312810140390117,0.6681910843283656
2.8506254528518555,0.019558106142309656,1.3064396741213917,-1.3065860627802481,106,7.310407612001976,0.6877405817734437,7.3148072285996575,0.6686837486244849
2.8526821811728165,0.019527315898607126,1.3043829458011036,-1.3045291039995843,106,7.312411626509316,0.6882032449777427,7.316804316809214,0.6691764129205351
2.8547389094937774,0.0194965256549753,1.3023262174808137,-1.3024721452189216,106,7.314415641016657,0.6886659081820418,7.318801405018786,0.6696690772165165
2.8567956378147383,0.01946573541141411,1.300269489160522,-1.3004151864382598,106,7.3164196555239975,0.6891285713863408,7.320798493228374,0.6701617415124289
2.8588523661356993,0.01943494516792348,1.2982127608402287,-1.2983582276575991,106,7.318423670031338,0.6895912345906399,7.322795581437978,0.6706544058082727
2.86090909445666,0.019404154924503366,1.296156032519934,-1.2963012688769395,106,7.320427684538678,0.6900538977949389,7.3247926696475965,0.6711470701040477
2.862965822777621,0.01937336468115369,1.2940993041996376,-1.294244310096281,106,7.322431699046018,0.690516560999238,7.326789757857232,0.6716397343997542
2.865022551098582,0.019342574437874387,1.2920425758793392,-1.2921873513156235,106,7.324435713553358,0.690979224203537,7.328786846066882,0.672132398695392
2.867079279419543,0.019311784194665383,1.2899858475590393,-1.290130392534967,106,7.3264397280606985,0.6914418874078361,7.33078393427655,0.6726250629909615
2.869136007740504,0.019280993951526614,1.2879291192387377,-1.2880734337543116,106,7.328443742568039,0.6919045506121351,7.332781022486232,0.6731177272864624
2.871192736061465,0.019250203708458005,1.2858723909184344,-1.2860164749736573,106,7.33044775707538,0.6923672138164342,7.3347781106959316,0.673610391581895
2.873249464382426,0.019219413465459478,1.2838156625981292,-1.283959516193004,106,7.33245177158272,0.6928298770207332,7.336775198905646,0.6741030558772592
2.8753061927033867,0.019188623222530964,1.2817589342778224,-1.2819025574123517,106,7.334455786090061,0.6932925402250323,7.338772287115376,0.6745957201725553
2.8773629210243477,0.019157832979672388,1.2797022059575138,-1.2798455986317006,106,7.3364598005974,0.6937552034293313,7.340769375325121,0.6750883844677832
2.8794196493453086,0.01912704273688367,1.2776454776372035,-1.2777886398510503,106,7.338463815104741,0.6942178666336303,7.342766463534883,0.6755810487629429
2.8814763776662695,0.01909625249416472,1.2755887493168911,-1.2757316810704011,106,7.340467829612081,0.6946805298379294,7.344763551744659,0.6760737130580349
2.8835331059872304,0.019065462251515473,1.2735320209965773,-1.273674722289753,106,7.342471844119421,0.6951431930422284,7.346760639954453,0.6765663773530588
2.8855898343081914,0.019034672008935834,1.2714752926762611,-1.271617763509106,106,7.344475858626762,0.6956058562465275,7.348757728164261,0.6770590416480149
2.8876465626291523,0.01900388176642572,1.2694185643559437,-1.26956080472846,106,7.346479873134102,0.6960685194508265,7.350754816374086,0.6775517059429033
2.8897032909501132,0.018973091523985047,1.267361836035624,-1.267503845947815,106,7.348483887641443,0.6965311826551256,7.352751904583926,0.678044370237724
2.891760019271074,0.018942301281613727,1.2653051077153028,-1.2654468871671711,106,7.3504879021487834,0.6969938458594246,7.354748992793781,0.6785370345324772
2.893816747592035,0.018911511039311664,1.2632483793949796,-1.2633899283865282,106,7.352491916656123,0.6974565090637237,7.356746081003652,0.6790296988271629
2.895873475912996,0.018880720797078778,1.2611916510746548,-1.2613329696058864,106,7.354495931163464,0.6979191722680227,7.358743169213539,0.679522363121781
2.897930204233957,0.01884993055491497,1.2591349227543278,-1.2592760108252457,106,7.356499945670803,0.6983818354723218,7.36074025742344,0.6800150274163321
2.899986932554918,0.01881914031282015,1.2570781944339988,-1.2572190520446058,106,7.358503960178144,0.6988444986766208,7.362737345633358,0.6805076917108157
2.902043660875879,0.018788350070794206,1.2550214661136678,-1.255162093263967,106,7.3605079746854845,0.6993071618809199,7.364734433843291,0.6810003560052325
2.9041003891968398,0.01875755982883706,1.2529647377933355,-1.2531051344833293,106,7.362511989192825,0.6997698250852189,7.36673152205324,0.6814930202995819
2.9061571175178007,0.018726769586948622,1.2509080094730007,-1.2510481757026926,106,7.364516003700166,0.700232488289518,7.368728610263204,0.6819856845938647
2.9082138458387616,0.018695979345128767,1.2488512811526644,-1.248991216922057,106,7.366520018207506,0.700695151493817,7.3707256984731835,0.6824783488880805
2.9102705741597226,0.018665189103377403,1.2467945528323254,-1.2469342581414222,106,7.368524032714846,0.7011578146981161,7.372722786683178,0.6829710131822295
2.9123273024806835,0.01863439886169442,1.2447378245119851,-1.2448772993607886,106,7.3705280472221855,0.7016204779024151,7.374719874893188,0.683463677476312
2.9143840308016444,0.01860360862007971,1.2426810961916426,-1.2428203405801561,106,7.372532061729526,0.7020831411067142,7.376716963103213,0.6839563417703279
2.9164407591226054,0.01857281837853317,1.2406243678712983,-1.2407633817995245,106,7.374536076236867,0.7025458043110132,7.3787140513132545,0.6844490060642774
2.9184974874435663,0.018542028137054696,1.2385676395509517,-1.238706423018894,106,7.376540090744207,0.7030084675153122,7.380711139523311,0.6849416703581606
2.9205542157645272,0.018511237895644166,1.2365109112306032,-1.2366494642382644,106,7.378544105251548,0.7034711307196113,7.382708227733382,0.6854343346519776
2.922610944085488,0.018480447654301475,1.2344541829102527,-1.2345925054576359,106,7.380548119758888,0.7039337939239103,7.38470531594347,0.6859269989457284
2.924667672406449,0.018449657413026507,1.2323974545899,-1.2325355466770083,106,7.382552134266228,0.7043964571282094,7.386702404153572,0.6864196632394134
2.92672440072741,0.018418867171819144,1.2303407262695454,-1.2304785878963818,106,7.3845561487735685,0.7048591203325084,7.388699492363688,0.6869123275330323
2.928781129048371,0.018388076930679266,1.2282839979491886,-1.2284216291157564,106,7.386560163280908,0.7053217835368075,7.39069658057382,0.6874049918265857
2.930837857369332,0.01835728668960675,1.2262272696288299,-1.2263646703351319,106,7.388564177788249,0.7057844467411065,7.392693668783968,0.6878976561200733
2.932894585690293,0.018326496448601477,1.224170541308469,-1.2243077115545085,106,7.390568192295589,0.7062471099454056,7.394690756994131,0.6883903204134953
2.9349513140112538,0.01829570620766333,1.222113812988106,-1.222250752773886,106,7.39257220680293,0.7067097731497046,7.396687845204309,0.688882984706852
2.9370080423322147,0.018264915966792174,1.220057084667741,-1.2201937939932646,106,7.39457622131027,0.7071724363540037,7.398684933414502,0.6893756490001435
2.9390647706531756,0.018234125725987885,1.2180003563473736,-1.218136835212644,106,7.396580235817611,0.7076350995583027,7.400682021624711,0.6898683132933697
2.9411214989741365,0.018203335485250324,1.2159436280270042,-1.2160798764320246,106,7.398584250324951,0.7080977627626018,7.402679109834932,0.690360977586531
2.9431782272950975,0.018172545244579362,1.2138868997066325,-1.2140229176514061,106,7.400588264832291,0.7085604259669008,7.404676198045171,0.6908536418796274
2.9452349556160584,0.018141755003974875,1.211830171386259,-1.2119659588707887,106,7.402592279339631,0.7090230891711999,7.4066732862554225,0.691346306172659
2.9472916839370193,0.018110964763436713,1.2097734430658829,-1.2099090000901722,106,7.404596293846971,0.7094857523754989,7.408670374465691,0.6918389704656259
2.9493484122579803,0.018080174522964745,1.2077167147455046,-1.2078520413095568,106,7.406600308354312,0.709948415579798,7.410667462675974,0.6923316347585285
2.951405140578941,0.018049384282558832,1.205659986425124,-1.2057950825289423,106,7.4086043228616525,0.710411078784097,7.412664550886271,0.6928242990513666
2.953461868899902,0.018018594042218828,1.2036032581047416,-1.2037381237483287,106,7.410608337368993,0.710873741988396,7.414661639096584,0.6933169633441404
2.955518597220863,0.017987803801944594,1.2015465297843564,-1.2016811649677162,106,7.412612351876334,0.7113364051926951,7.416658727306912,0.6938096276368503
2.957575325541824,0.017957013561735985,1.1994898014639694,-1.1996242061871045,106,7.414616366383673,0.7117990683969941,7.418655815517253,0.6943022919294961
2.959632053862785,0.01792622332159285,1.1974330731435798,-1.197567247406494,106,7.416620380891014,0.7122617316012932,7.42065290372761,0.6947949562220782
2.961688782183746,0.01789543308151504,1.1953763448231882,-1.1955102886258844,106,7.4186243953983535,0.7127243948055922,7.4226499919379805,0.6952876205145966
2.963745510504707,0.017864642841502403,1.1933196165027944,-1.1934533298452759,106,7.420628409905694,0.7131870580098914,7.424647080148366,0.6957802848070516
2.9658022388256677,0.017833852601554782,1.1912628881823981,-1.1913963710646682,106,7.422632424413035,0.7136497212141903,7.426644168358767,0.696272949099443
2.9678589671466287,0.017803062361672024,1.1892061598619992,-1.1893394122840615,106,7.424636438920375,0.7141123844184895,7.428641256569183,0.6967656133917715
2.9699156954675896,0.017772272121853963,1.1871494315415985,-1.1872824535034558,106,7.426640453427716,0.7145750476227885,7.430638344779613,0.6972582776840367
2.9719724237885505,0.017741481882100448,1.1850927032211949,-1.185225494722851,106,7.428644467935056,0.7150377108270876,7.4326354329900575,0.6977509419762392
2.9740291521095115,0.017710691642411305,1.183035974900789,-1.1831685359422472,106,7.430648482442396,0.7155003740313866,7.434632521200515,0.6982436062683789
2.9760858804304724,0.01767990140278638,1.180979246580381,-1.1811115771616445,106,7.4326524969497365,0.7159630372356857,7.436629609410989,0.6987362705604561
2.9781426087514333,0.017649111163225498,1.1789225182599705,-1.1790546183810426,106,7.434656511457076,0.7164257004399847,7.438626697621475,0.6992289348524707
2.9801993370723943,0.01761832092372849,1.1768657899395576,-1.1769976596004417,106,7.436660525964417,0.7168883636442838,7.440623785831978,0.6997215991444233
2.982256065393355,0.01758753068429519,1.1748090616191422,-1.1749407008198418,106,7.438664540471757,0.7173510268485828,7.442620874042494,0.7002142634363138
2.984312793714316,0.017556740444925414,1.1727523332987244,-1.1728837420392428,106,7.440668554979098,0.7178136900528819,7.444617962253025,0.7007069277281424
2.986369522035277,0.017525950205619,1.1706956049783042,-1.1708267832586448,106,7.442672569486438,0.7182763532571809,7.446615050463571,0.701199592019909
2.988426250356238,0.017495159966375757,1.1686388766578812,-1.1687698244780476,106,7.444676583993779,0.71873901646148,7.44861213867413,0.7016922563116144
2.990482978677199,0.017464369727195506,1.166582148337456,-1.1667128656974515,106,7.446680598501119,0.719201679665779,7.450609226884702,0.7021849206032582
2.99253970699816,0.01743357948807807,1.1645254200170283,-1.1646559069168563,106,7.448684613008459,0.719664342870078,7.45260631509529,0.7026775848948408
2.994596435319121,0.017402789249023245,1.162468691696598,-1.162598948136262,106,7.450688627515799,0.7201270060743771,7.4546034033058906,0.7031702491863625
2.9966531636400817,0.017371999010030864,1.1604119633761651,-1.1605419893556685,106,7.452692642023139,0.7205896692786761,7.4566004915165065,0.7036629134778232
2.9987098919610427,0.01734120877110073,1.1583552350557298,-1.158485030575076,106,7.45469665653048,0.7210523324829752,7.458597579727136,0.7041555777692234
3.0007666202820036,0.017310418532232637,1.156298506735292,-1.1564280717944846,106,7.4567006710378205,0.7215149956872742,7.46059466793778,0.7046482420605631
3.0028233486029645,0.017279628293426406,1.1542417784148518,-1.154371113013894,106,7.458704685545161,0.7219776588915733,7.462591756148437,0.7051409063518426
3.0048800769239254,0.017248838054681838,1.1521850500944084,-1.1523141542333044,106,7.460708700052502,0.7224403220958723,7.464588844359109,0.7056335706430619
3.0069368052448864,0.017218047815998724,1.1501283217739628,-1.1502571954527157,106,7.462712714559841,0.7229029853001714,7.466585932569793,0.7061262349342214
3.0089935335658473,0.017187257577376863,1.1480715934535142,-1.1482002366721278,106,7.464716729067182,0.7233656485044704,7.468583020780493,0.7066188992253212
3.0110502618868082,0.01715646733881605,1.1460148651330635,-1.1461432778915408,106,7.4667207435745215,0.7238283117087695,7.4705801089912045,0.7071115635163615
3.013106990207769,0.017125677100316077,1.1439581368126095,-1.1440863191109547,106,7.468724758081862,0.7242909749130685,7.472577197201931,0.7076042278073424
3.01516371852873,0.017094886861876733,1.1419014084921537,-1.1420293603303697,106,7.470728772589203,0.7247536381173676,7.474574285412671,0.7080968920982644
3.017220446849691,0.017064096623497813,1.1398446801716946,-1.1399724015497856,106,7.472732787096543,0.7252163013216666,7.4765713736234245,0.7085895563891275
3.019277175170652,0.017033306385179088,1.137787951851233,-1.1379154427692024,106,7.474736801603884,0.7256789645259657,7.478568461834191,0.709082220679932
3.021333903491613,0.01700251614692035,1.1357312235307688,-1.13585848398862,106,7.476740816111224,0.7261416277302647,7.480565550044973,0.7095748849706779
3.023390631812574,0.016971725908721372,1.133674495210302,-1.1338015252080387,106,7.478744830618564,0.7266042909345638,7.482562638255766,0.7100675492613657
3.0254473601335348,0.01694093567058193,1.1316177668898324,-1.1317445664274581,106,7.4807488451259045,0.7270669541388628,7.484559726466573,0.7105602135519954
3.0275040884544957,0.016910145432501803,1.1295610385693597,-1.1296876076468785,106,7.482752859633244,0.7275296173431618,7.486556814677393,0.7110528778425672
3.0295608167754566,0.016879355194480757,1.1275043102488844,-1.1276306488662997,106,7.484756874140585,0.7279922805474609,7.488553902888228,0.7115455421330816
3.0316175450964176,0.01684856495651856,1.1254475819284064,-1.1255736900857218,106,7.486760888647925,0.7284549437517599,7.4905509910990755,0.7120382064235387
3.0336742734173785,0.01681777471861498,1.1233908536079258,-1.1235167313051448,106,7.488764903155266,0.728917606956059,7.492548079309936,0.7125308707139386
3.0357310017383394,0.016786984480769783,1.121334125287442,-1.1214597725245687,106,7.490768917662606,0.729380270160358,7.494545167520809,0.7130235350042816
3.0377877300593004,0.016756194232097767,1.119277396878133,-1.1194028137438305,107,7.492772932169947,0.7298429333646571,7.496542255729248,0.713516199305174
3.0398444583802613,0.016725403982292424,1.1172206685479407,-1.1173458549630753,107,7.494776946677287,0.7303055965689561,7.498539343937431,0.7140088636071705
3.0419011867012222,0.016694613732411396,1.1151639402263644,-1.1152888961823189,107,7.496780961184627,0.7307682597732552,7.500536432145597,0.714501527909241
3.043957915022183,0.016663823482569725,1.1131072119057228,-1.1132319374015631,107,7.498784975691967,0.7312309229775542,7.502533520353771,0.714994192211273
3.046014643343144,0.01663303323277974,1.1110504835851804,-1.111174978620808,107,7.5007889901993074,0.7316935861818533,7.504530608561958,0.7154868565132547
3.048071371664105,0.01660224298304257,1.1089937552646465,-1.1091180198400539,107,7.502793004706648,0.7321562493861523,7.506527696770156,0.7159795208151849
3.050128099985066,0.016571452733358142,1.1069370269441112,-1.1070610610593006,107,7.504797019213989,0.7326189125904514,7.508524784978367,0.7164721851170638
3.052184828306027,0.016540662483726248,1.1048802986235737,-1.105004102278548,107,7.506801033721329,0.7330815757947504,7.5105218731865895,0.7169648494188914
3.054241556626988,0.016509872234146676,1.1028235703030334,-1.1029471434977962,107,7.508805048228669,0.7335442389990495,7.5125189613948224,0.717457513720668
3.0562982849479488,0.016479081984619184,1.10076684198249,-1.1008901847170451,107,7.510809062736009,0.7340069022033485,7.514516049603069,0.7179501780223939
3.0583550132689097,0.016448291735143547,1.0987101136619448,-1.098833225936295,107,7.512813077243349,0.7344695654076476,7.516513137811325,0.7184428423240693
3.0604117415898706,0.016417501485719528,1.0966533853413964,-1.0967762671555454,107,7.51481709175069,0.7349322286119466,7.518510226019594,0.7189355066256944
3.0624684699108315,0.016386711236346888,1.0945966570208456,-1.0947193083747968,107,7.51682110625803,0.7353948918162457,7.520507314227875,0.7194281709272694
3.0645251982317925,0.016355920987025385,1.0925399287002922,-1.0926623495940488,107,7.518825120765371,0.7358575550205447,7.522504402436167,0.7199208352287946
3.0665819265527534,0.01632513073775478,1.0904832003797356,-1.0906053908133015,107,7.520829135272711,0.7363202182248437,7.524501490644471,0.7204134995302701
3.0686386548737143,0.016294340488534825,1.0884264720591768,-1.0885484320325551,107,7.522833149780052,0.7367828814291428,7.526498578852785,0.7209061638316965
3.0706953831946753,0.016263550239365265,1.086369743738615,-1.0864914732518094,107,7.5248371642873915,0.7372455446334418,7.528495667061111,0.7213988281330735
3.072752111515636,0.016232759990245867,1.0843130154180507,-1.0844345144710645,107,7.526841178794732,0.7377082078377409,7.5304927552694485,0.7218914924344019
3.074808839836597,0.016201969741176363,1.0822562870974834,-1.0823775556903203,107,7.528845193302072,0.7381708710420399,7.532489843477797,0.7223841567356815
3.076865568157558,0.016171179492156497,1.0801995587769133,-1.0803205969095768,107,7.530849207809412,0.738633534246339,7.534486931686157,0.7228768210369129
3.078922296478519,0.01614038924318601,1.0781428304563407,-1.0782636381288342,107,7.532853222316753,0.739096197450638,7.5364840198945275,0.723369485338096
3.08097902479948,0.016109598994264642,1.076086102135765,-1.0762066793480922,107,7.534857236824093,0.7395588606549371,7.53848110810291,0.7238621496392313
3.083035753120441,0.01607880874539212,1.0740293738151863,-1.074149720567351,107,7.536861251331434,0.7400215238592361,7.5404781963113034,0.724354813940319
3.085092481441402,0.016048018496568173,1.0719726454946052,-1.0720927617866105,107,7.5388652658387745,0.7404841870635352,7.542475284519707,0.7248474782413594
3.0871492097623627,0.016017228247792538,1.0699159171740211,-1.0700358030058708,107,7.540869280346114,0.7409468502678342,7.544472372728121,0.7253401425423527
3.0892059380833237,0.015986437999064934,1.0678591888534341,-1.0679788442251317,107,7.542873294853455,0.7414095134721334,7.546469460936547,0.7258328068432993
3.0912626664042846,0.01595564775038508,1.0658024605328444,-1.0659218854443933,107,7.544877309360794,0.7418721766764323,7.548466549144982,0.7263254711441992
3.0933193947252455,0.015924857501752713,1.0637457322122514,-1.0638649266636555,107,7.546881323868135,0.7423348398807315,7.55046363735343,0.726818135445053
3.0953761230462065,0.01589406725316753,1.061689003891656,-1.0618079678829186,107,7.5488853383754755,0.7427975030850305,7.552460725561888,0.7273107997458607
3.0974328513671674,0.01586327700462925,1.0596322755710574,-1.0597510091021825,107,7.550889352882816,0.7432601662893296,7.554457813770356,0.7278034640466228
3.0994895796881283,0.01583248675613758,1.057575547250456,-1.057694050321447,107,7.552893367390157,0.7437228294936286,7.556454901978835,0.7282961283473394
3.1015463080090893,0.01580169650769223,1.0555188189298514,-1.055637091540712,107,7.554897381897497,0.7441854926979277,7.558451990187324,0.7287887926480109
3.10360303633005,0.015770906259292897,1.0534620906092438,-1.0535801327599779,107,7.556901396404837,0.7446481559022267,7.5604490783958225,0.7292814569486376
3.105659764651011,0.01574011601093929,1.0514053622886335,-1.0515231739792443,107,7.558905410912177,0.7451108191065257,7.5624461666043326,0.7297741212492196
3.107716492971972,0.0157093257626311,1.04934863396802,-1.0494662151985115,107,7.560909425419517,0.7455734823108248,7.564443254812852,0.7302667855497575
3.109773221292933,0.015678535514368014,1.0472919056474033,-1.0474092564177793,107,7.562913439926858,0.7460361455151238,7.566440343021382,0.7307594498502513
3.111829949613894,0.015647745266149732,1.0452351773267838,-1.0453522976370477,107,7.564917454434198,0.7464988087194229,7.568437431229922,0.7312521141507017
3.113886677934855,0.015616955017975937,1.043178449006161,-1.0432953388563169,107,7.566921468941539,0.7469614719237219,7.570434519438473,0.7317447784511085
3.115943406255816,0.015586164769846308,1.0411217206855352,-1.0412383800755867,107,7.568925483448879,0.747424135128021,7.572431607647033,0.7322374427514724
3.1180001345767767,0.015555374521760533,1.0390649923649065,-1.0391814212948571,107,7.57092949795622,0.74788679833232,7.5744286958556035,0.7327301070517935
3.1200568628977376,0.01552458427371828,1.0370082640442746,-1.0371244625141283,107,7.5729335124635595,0.7483494615366191,7.576425784064183,0.7332227713520724
3.1221135912186986,0.01549379402571923,1.0349515357236396,-1.0350675037334,107,7.5749375269709,0.7488121247409181,7.578422872272772,0.7337154356523089
3.1241703195396595,0.015463003777763048,1.0328948074030015,-1.0330105449526725,107,7.57694154147824,0.7492747879452172,7.580419960481371,0.7342080999525038
3.1262270478606204,0.015432213529849402,1.0308380790823604,-1.0309535861719457,107,7.57894555598558,0.7497374511495162,7.58241704868998,0.7347007642526572
3.1282837761815814,0.015401423281977954,1.028781350761716,-1.0288966273912195,107,7.580949570492921,0.7502001143538153,7.584414136898598,0.7351934285527696
3.1303405045025423,0.015370633034148361,1.0267246224410684,-1.026839668610494,107,7.582953585000261,0.7506627775581143,7.586411225107225,0.735686092852841
3.1323972328235032,0.01533984278636028,1.0246678941204175,-1.0247827098297688,107,7.584957599507602,0.7511254407624134,7.588408313315862,0.7361787571528722
3.134453961144464,0.015309052538613357,1.0226111657997634,-1.0227257510490444,107,7.5869616140149425,0.7515881039667124,7.590405401524509,0.7366714214528631
3.136510689465425,0.015278262290907245,1.0205544374791062,-1.0206687922683206,107,7.588965628522282,0.7520507671710115,7.592402489733164,0.7371640857528143
3.138567417786386,0.015247472043241587,1.0184977091584457,-1.0186118334875975,107,7.590969643029623,0.7525134303753105,7.594399577941829,0.7376567500527261
3.140624146107347,0.015216681795616024,1.016440980837782,-1.016554874706875,107,7.592973657536962,0.7529760935796095,7.596396666150501,0.7381494143525987
3.142680874428308,0.015185891548030192,1.014384252517115,-1.014497915926153,107,7.594977672044303,0.7534387567839086,7.598393754359184,0.7386420786524328
3.144737602749269,0.015155101300483727,1.0123275241964447,-1.0124409571454316,107,7.5969816865516435,0.7539014199882076,7.600390842567875,0.7391347429522285
3.1467943310702298,0.01512431105297626,1.0102707958757708,-1.0103839983647107,107,7.598985701058984,0.7543640831925067,7.602387930776575,0.7396274072519862
3.1488510593911907,0.01509352080550741,1.008214067555094,-1.0083270395839905,107,7.600989715566325,0.7548267463968057,7.604385018985284,0.7401200715517061
3.1509077877121516,0.015062730558076802,1.0061573392344134,-1.0062700808032707,107,7.602993730073665,0.7552894096011048,7.606382107194002,0.740612735851389
3.1529645160331126,0.015031940310684054,1.0041006109137296,-1.0042131220225516,107,7.604997744581005,0.7557520728054038,7.608379195402727,0.7411054001510348
3.1550212443540735,0.015001150063328776,1.0020438825930424,-1.0021561632418332,107,7.607001759088345,0.7562147360097029,7.610376283611462,0.7415980644506441
3.1570779726750344,0.01497035981601058,0.9999871542723521,-1.0000992044611152,107,7.609005773595685,0.7566773992140019,7.612373371820204,0.7420907287502173
3.1591347009959954,0.014939569568729074,0.9979304259516582,-0.9980422456803978,107,7.611009788103026,0.757140062418301,7.614370460028955,0.742583393049755
3.1611914293169563,0.014908779321483857,0.9958736976309607,-0.9959852868996809,107,7.613013802610366,0.7576027256226,7.616367548237714,0.743076057349257
3.1632481576379172,0.014877989074274532,0.9938169693102598,-0.9939283281189646,107,7.615017817117707,0.7580653888268991,7.618364636446481,0.7435687216487242
3.165304885958878,0.014847198827100682,0.9917602409895555,-0.9918713693382488,107,7.617021831625047,0.7585280520311981,7.620361724655257,0.7440613859481567
3.167361614279839,0.014816408579961901,0.9897035126688477,-0.9898144105575335,107,7.619025846132388,0.7589907152354972,7.622358812864039,0.7445540502475552
3.1694183426008,0.014785618332857776,0.9876467843481361,-0.9877574517768187,107,7.6210298606397275,0.7594533784397962,7.62435590107283,0.7450467145469198
3.171475070921761,0.014754828085787888,0.9855900560274214,-0.9857004929961045,107,7.623033875147068,0.7599160416440953,7.626352989281629,0.7455393788462511
3.173531799242722,0.014724037838751813,0.983533327706703,-0.9836435342153907,107,7.625037889654408,0.7603787048483943,7.628350077490434,0.7460320431455494
3.175588527563683,0.014693247591749121,0.981476599385981,-0.9815865754346775,107,7.627041904161748,0.7608413680526934,7.630347165699248,0.7465247074448154
3.1776452558846437,0.014662457344779388,0.9794198710652553,-0.9795296166539648,107,7.629045918669089,0.7613040312569924,7.632344253908069,0.7470173717440489
3.1797019842056047,0.014631667097842166,0.9773631427445261,-0.9774726578732524,107,7.631049933176429,0.7617666944612914,7.6343413421168975,0.747510036043251
3.1817587125265656,0.014600876850937024,0.9753064144237934,-0.9754156990925407,107,7.63305394768377,0.7622293576655905,7.636338430325733,0.7480027003424218
3.1838154408475265,0.014570086604063514,0.9732496861030568,-0.9733587403118293,107,7.6350579621911105,0.7626920208698895,7.638335518534576,0.7484953646415616
3.1858721691684875,0.014539296357221183,0.9711929577823168,-0.9713017815311185,107,7.63706197669845,0.7631546840741886,7.640332606743425,0.7489880289406713
3.1879288974894484,0.014508506110409582,0.9691362294615729,-0.969244822750408,107,7.639065991205791,0.7636173472784876,7.642329694952282,0.7494806932397509
3.1899856258104093,0.014477715863628253,0.9670795011408254,-0.967187863969698,107,7.64107000571313,0.7640800104827867,7.644326783161144,0.749973357538801
3.1920423541313703,0.014446925616876726,0.9650227728200742,-0.9651309051889885,107,7.643074020220471,0.7645426736870857,7.646323871370015,0.7504660218378221
3.194099082452331,0.01441613537015454,0.9629660444993193,-0.9630739464082794,107,7.6450780347278116,0.7650053368913848,7.648320959578892,0.7509586861368146
3.196155810773292,0.014385345123461226,0.9609093161785603,-0.9610169876275707,107,7.647082049235152,0.7654680000956838,7.650318047787775,0.7514513504357789
3.198212539094253,0.014354554876796296,0.958852587857798,-0.9589600288468625,107,7.649086063742493,0.7659306632999829,7.652315135996664,0.7519440147347157
3.200269267415214,0.014323764630159275,0.9567958595370318,-0.9569030700661547,107,7.651090078249832,0.7663933265042819,7.65431222420556,0.7524366790336252
3.202325995736175,0.014292974383549675,0.9547391312162619,-0.9548461112854474,107,7.653094092757173,0.766855989708581,7.6563093124144626,0.752929343332508
3.204382724057136,0.014262184136967006,0.9526824028954881,-0.9527891525047404,107,7.655098107264513,0.76731865291288,7.65830640062337,0.7534220076313645
3.206439452378097,0.014231393890410773,0.9506256745747104,-0.9507321937240338,107,7.657102121771853,0.7677813161171791,7.660303488832284,0.7539146719301953
3.2084961806990577,0.014200603643880472,0.9485689462539287,-0.9486752349433276,107,7.659106136279194,0.7682439793214781,7.662300577041204,0.7544073362290008
3.2105529090200187,0.014169813397375596,0.9465122179331432,-0.9466182761626218,107,7.661110150786534,0.7687066425257773,7.66429766525013,0.7549000005277817
3.2126096373409796,0.014139023150895637,0.9444554896123539,-0.9445613173819164,107,7.663114165293875,0.7691693057300762,7.666294753459061,0.7553926648265381
3.2146663656619405,0.014108232904440077,0.9423987612915607,-0.9425043586012113,107,7.665118179801215,0.7696319689343752,7.6682918416679975,0.7558853291252707
3.2167230939829015,0.0140774426580084,0.9403420329707636,-0.9404473998205066,107,7.667122194308555,0.7700946321386744,7.670288929876939,0.7563779934239803
3.2187798223038624,0.014046652411600077,0.9382853046499624,-0.9383904410398023,107,7.669126208815896,0.7705572953429733,7.672286018085886,0.7568706577226669
3.2208365506248233,0.014015862165214573,0.9362285763291572,-0.9363334822590983,107,7.671130223323235,0.7710199585472725,7.674283106294839,0.7573633220213314
3.2228932789457843,0.013985071918851351,0.9341718480083481,-0.9342765234783946,107,7.673134237830576,0.7714826217515715,7.676280194503796,0.7578559863199741
3.224950007266745,0.013954281672509875,0.932115119687535,-0.9322195646976913,107,7.675138252337916,0.7719452849558706,7.6782772827127586,0.7583486506185957
3.227006735587706,0.013923491426189597,0.930058391366718,-0.9301626059169883,107,7.677142266845257,0.7724079481601696,7.680274370921726,0.7588413149171965
3.229063463908667,0.013892701179889963,0.9280016630458967,-0.9281056471362855,107,7.6791462813525975,0.7728706113644687,7.682271459130698,0.7593339792157774
3.231120192229628,0.013861910933610416,0.9259449347250713,-0.9260486883555831,107,7.681150295859938,0.7733332745687677,7.684268547339674,0.7598266435143385
3.233176920550589,0.013831120687350392,0.923888206404242,-0.923991729574881,107,7.683154310367278,0.7737959377730668,7.686265635548654,0.7603193078128807
3.23523364887155,0.013800330441109326,0.9218314780834084,-0.9219347707941791,107,7.685158324874618,0.7742586009773658,7.6882627237576395,0.7608119721114044
3.237290377192511,0.013769540194886642,0.9197747497625709,-0.9198778120134775,107,7.687162339381958,0.7747212641816649,7.6902598119666274,0.7613046364099102
3.2393471055134717,0.01373874994868176,0.9177180214417289,-0.9178208532327762,107,7.6891663538892985,0.7751839273859639,7.692256900175621,0.7617973007083987
3.2414038338344326,0.013707959702494093,0.9156612931208828,-0.9157638944520751,107,7.691170368396639,0.775646590590263,7.694253988384618,0.7622899650068704
3.2434605621553936,0.013677169456323052,0.9136045648000327,-0.9137069356713743,107,7.69317438290398,0.776109253794562,7.696251076593619,0.7627826293053258
3.2455172904763545,0.013646379210168041,0.9115478364791783,-0.9116499768906737,107,7.69517839741132,0.7765719169988611,7.6982481648026235,0.7632752936037658
3.2475740187973154,0.013615588964028456,0.9094911081583197,-0.9095930181099734,107,7.697182411918661,0.7770345802031601,7.700245253011632,0.7637679579021905
3.2496307471182764,0.013584798717903688,0.9074343798374569,-0.9075360593292733,107,7.699186426426,0.7774972434074592,7.702242341220642,0.764260622200601
3.2516874754392373,0.013554008471793132,0.9053776515165898,-0.9054791005485734,107,7.701190440933341,0.7779599066117582,7.704239429429657,0.7647532864989974
3.2537442037601982,0.013523218225696158,0.9033209231957183,-0.9034221417678737,107,7.703194455440681,0.7784225698160572,7.706236517638673,0.7652459507973807
3.255800932081159,0.013492427979612146,0.9012641948748426,-0.9013651829871742,107,7.705198469948021,0.7788852330203563,7.708233605847694,0.7657386150957515
3.25785766040212,0.013461637733540463,0.8992074665539624,-0.8993082242064748,107,7.707202484455362,0.7793478962246553,7.710230694056717,0.7662312793941101
3.259914388723081,0.013430847487480468,0.897150738233078,-0.8972512654257757,107,7.709206498962702,0.7798105594289544,7.712227782265742,0.7667239436924574
3.261971117044042,0.01340005724143152,0.8950940099121891,-0.8951943066450767,107,7.711210513470043,0.7802732226332534,7.714224870474771,0.7672166079907938
3.264027845365003,0.013369266995392969,0.8930372815912959,-0.8931373478643779,107,7.713214527977383,0.7807358858375525,7.716221958683802,0.7677092722891203
3.266084573685964,0.013338476749364156,0.8909805532703983,-0.8910803890836793,107,7.715218542484723,0.7811985490418515,7.718219046892833,0.7682019365874372
3.2681413020069248,0.013307686503344424,0.8889238249494962,-0.8890234303029807,107,7.717222556992064,0.7816612122461506,7.720216135101868,0.7686946008857453
3.2701980303278857,0.013276896257333106,0.8868670966285895,-0.8869664715222823,107,7.719226571499403,0.7821238754504496,7.722213223310904,0.769187265184045
3.2722547586488466,0.013246106011329518,0.8848103683076785,-0.8849095127415839,107,7.721230586006744,0.7825865386547487,7.7242103115199425,0.7696799294823374
3.2743114869698076,0.013215315765332986,0.8827536399867629,-0.8828525539608857,107,7.723234600514084,0.7830492018590477,7.726207399728983,0.7701725937806229
3.2763682152907685,0.013184525519342821,0.8806969116658429,-0.8807955951801876,107,7.725238615021425,0.7835118650633468,7.728204487938025,0.7706652580789022
3.2784249436117294,0.013153735273358324,0.8786401833449183,-0.8787386363994896,107,7.7272426295287655,0.7839745282676458,7.730201576147067,0.7711579223771758
3.2804816719326904,0.013122945027378794,0.876583455023989,-0.8766816776187917,107,7.729246644036106,0.7844371914719449,7.732198664356112,0.7716505866754447
3.2825384002536513,0.013092154781403525,0.8745267267030553,-0.8746247188380938,107,7.731250658543446,0.7848998546762439,7.734195752565156,0.7721432509737094
3.284595128574612,0.013061364535431807,0.8724699983821169,-0.872567760057396,107,7.733254673050786,0.785362517880543,7.736192840774201,0.7726359152719707
3.286651856895573,0.013030574289462913,0.870413270061174,-0.8705108012766982,107,7.735258687558126,0.785825181084842,7.738189928983247,0.7731285795702292
3.288708585216534,0.01299978404349612,0.8683565417402263,-0.8684538424960004,107,7.7372627020654665,0.786287844289141,7.7401870171922935,0.7736212438684856
3.290765313537495,0.012968993797530689,0.866299813419274,-0.8663968837153027,107,7.739266716572807,0.7867505074934401,7.742184105401341,0.7741139081667407
3.292822041858456,0.012938203551565877,0.8642430850983169,-0.864339924934605,107,7.741270731080148,0.7872131706977391,7.7441811936103875,0.7746065724649953
3.294878770179417,0.012907413305600936,0.8621863567773552,-0.8622829661539073,107,7.743274745587488,0.7876758339020382,7.746178281819435,0.77509923676325
3.296935498500378,0.012876623059635113,0.8601296284563886,-0.8602260073732095,107,7.745278760094829,0.7881384971063372,7.748175370028482,0.7755919010615054
3.2989922268213387,0.012845832813667642,0.8580729001354174,-0.8581690485925118,107,7.747282774602168,0.7886011603106363,7.750172458237528,0.7760845653597627
3.3010489551422997,0.01281504256769775,0.8560161718144412,-0.856112089811814,107,7.749286789109509,0.7890638235149353,7.752169546446574,0.7765772296580221
3.3031056834632606,0.01278425232172466,0.8539594434934602,-0.8540551310311161,107,7.751290803616849,0.7895264867192344,7.754166634655618,0.7770698939562848
3.3051624117842215,0.01275346207574759,0.8519027151724746,-0.8519981722504182,107,7.753294818124189,0.7899891499235334,7.756163722864663,0.7775625582545512
3.3072191401051825,0.012722671829765749,0.8498459868514842,-0.8499412134697202,107,7.75529883263153,0.7904518131278325,7.758160811073706,0.7780552225528223
3.3092758684261434,0.012691881583778339,0.8477892585304886,-0.8478842546890221,107,7.75730284713887,0.7909144763321315,7.760157899282748,0.7785478868510989
3.3113325967471043,0.012661091337784543,0.8457325302094884,-0.845827295908324,107,7.759306861646211,0.7913771395364306,7.7621549874917894,0.7790405511493818
3.3133893250680653,0.012630301091783562,0.8436758018884831,-0.8437703371276257,107,7.761310876153551,0.7918398027407296,7.764152075700829,0.7795332154476714
3.315446053389026,0.012599510845774556,0.8416190735674729,-0.8417133783469274,107,7.763314890660891,0.7923024659450287,7.766149163909865,0.780025879745969
3.317502781709987,0.012568720599756701,0.8395623452464578,-0.8396564195662288,107,7.765318905168232,0.7927651291493277,7.768146252118901,0.7805185440442752
3.319559510030948,0.012537930353729165,0.8375056169254377,-0.8375994607855302,107,7.767322919675571,0.7932277923536268,7.770143340327933,0.781011208342591
3.321616238351909,0.012507140107691094,0.8354488886044126,-0.8355425020048314,107,7.769326934182912,0.7936904555579258,7.7721404285369635,0.7815038726409168
3.32367296667287,0.012476349861641636,0.8333921602833825,-0.8334855432241324,107,7.771330948690252,0.7941531187622249,7.774137516745991,0.7819965369392539
3.325729694993831,0.012445559615579936,0.831335431962347,-0.8314285844434331,107,7.773334963197593,0.7946157819665239,7.776134604955017,0.7824892012376028
3.327786423314792,0.012414769369505115,0.8292787036413067,-0.8293716256627338,107,7.7753389777049335,0.7950784451708229,7.778131693164039,0.7829818655359645
3.3298431516357527,0.012383979123416293,0.8272219753202613,-0.8273146668820343,107,7.777342992212274,0.795541108375122,7.780128781373059,0.7834745298343399
3.3318998799567137,0.012353188877312588,0.8251652469992108,-0.8252577081013345,107,7.779347006719614,0.796003771579421,7.782125869582074,0.7839671941327297
3.3339566082776746,0.012322398631193106,0.8231085186781552,-0.8232007493206345,107,7.781351021226953,0.7964664347837201,7.7841229577910855,0.784459858431135
3.3360133365986355,0.012291608385056947,0.8210517903570942,-0.8211437905399341,107,7.783355035734294,0.7969290979880191,7.786120046000095,0.7849525227295564
3.3380700649195965,0.012260818138903196,0.8189950620360282,-0.8190868317592336,107,7.7853590502416345,0.7973917611923182,7.788117134209099,0.7854451870279952
3.3401267932405574,0.012230027892730934,0.8169383337149569,-0.8170298729785328,107,7.787363064748975,0.7978544243966172,7.7901142224181,0.7859378513264518
3.3421835215615183,0.012199237646539235,0.8148816053938804,-0.8149729141978317,107,7.789367079256316,0.7983170876009164,7.792111310627096,0.7864305156249274
3.3442402498824793,0.012168447400327157,0.8128248770727986,-0.8129159554171302,107,7.791371093763656,0.7987797508052153,7.794108398836087,0.7869231799234229
3.34629697820344,0.012137657154093753,0.8107681487517114,-0.8108589966364285,107,7.793375108270996,0.7992424140095145,7.7961054870450734,0.7874158442219391
3.348353706524401,0.012106866907838071,0.808711420430619,-0.8088020378557264,107,7.7953791227783364,0.7997050772138135,7.798102575254055,0.787908508520477
3.350410434845362,0.012076076661559142,0.8066546921095212,-0.8067450790750239,107,7.797383137285676,0.8001677404181126,7.8000996634630315,0.7884011728190377
3.352467163166323,0.012045286415256,0.8045979637884183,-0.8046881202943211,107,7.799387151793017,0.8006304036224116,7.802096751672003,0.7888938371176218
3.354523891487284,0.01201449616892766,0.8025412354673098,-0.802631161513618,107,7.801391166300357,0.8010930668267107,7.804093839880967,0.7893865014162307
3.356580619808245,0.01198370592257313,0.8004845071461958,-0.8005742027329145,107,7.803395180807698,0.8015557300310097,7.806090928089928,0.7898791657148648
3.358637348129206,0.011952915676191406,0.7984277788250764,-0.7985172439522105,107,7.805399195315038,0.8020183932353088,7.808088016298881,0.7903718300135256
3.3606940764501667,0.011922125429781485,0.7963710505039515,-0.7964602851715061,107,7.807403209822379,0.8024810564396078,7.810085104507828,0.7908644943122138
3.3627508047711276,0.011891335183342344,0.7943143221828214,-0.7944033263908014,107,7.809407224329719,0.8029437196439068,7.812082192716768,0.7913571586109305
3.3648075330920886,0.011860544936872958,0.7922575938616858,-0.7923463676100961,107,7.811411238837059,0.8034063828482059,7.814079280925702,0.7918498229096768
3.3668642614130495,0.011829754690372288,0.7902008655405444,-0.7902894088293904,107,7.813415253344399,0.8038690460525049,7.8160763691346276,0.7923424872084533
3.3689209897340104,0.01179896444383928,0.7881441372193974,-0.7882324500486841,107,7.815419267851739,0.804331709256804,7.818073457343547,0.7928351515072616
3.3709777180549714,0.011768174197272876,0.7860874088982449,-0.7861754912679774,107,7.81742328235908,0.804794372461103,7.820070545552459,0.7933278158061022
3.3730344463759323,0.011737383950672012,0.7840306805770868,-0.7841185324872701,107,7.8194272968664205,0.8052570356654021,7.822067633761363,0.7938204801049766
3.3750911746968932,0.01170659370403561,0.781973952255923,-0.7820615737065624,107,7.821431311373761,0.8057196988697011,7.824064721970259,0.7943131444038855
3.377147903017854,0.01167580345736258,0.7799172239347536,-0.780004614925854,107,7.823435325881102,0.8061823620740002,7.826061810179147,0.7948058087028301
3.379204631338815,0.01164501321065183,0.7778604956135786,-0.7779476561451452,107,7.825439340388441,0.8066450252782992,7.828058898388026,0.7952984730018114
3.381261359659776,0.011614222963902248,0.7758037672923979,-0.7758906973644357,107,7.827443354895782,0.8071076884825983,7.830055986596896,0.7957911373008306
3.383318087980737,0.011583432717112712,0.7737470389712113,-0.7738337385837256,107,7.8294473694031215,0.8075703516868973,7.832053074805757,0.7962838015998888
3.385374816301698,0.0115526424702821,0.771690310650019,-0.771776779803015,107,7.831451383910462,0.8080330148911964,7.834050163014609,0.796776465898987
3.387431544622659,0.011521852223409268,0.7696335823288211,-0.7697198210223036,107,7.833455398417803,0.8084956780954954,7.8360472512234525,0.7972691301981262
3.3894882729436198,0.011491061976493067,0.7675768540076171,-0.7676628622415916,107,7.835459412925143,0.8089583412997945,7.838044339432286,0.7977617944973078
3.3915450012645807,0.011460271729532331,0.7655201256864074,-0.765605903460879,107,7.837463427432484,0.8094210045040935,7.8400414276411095,0.7982544587965327
3.3936017295855416,0.011429481482525893,0.7634633973651918,-0.7635489446801657,107,7.839467441939824,0.8098836677083926,7.842038515849922,0.7987471230958022
3.3956584579065026,0.011398691235472568,0.7614066690439705,-0.7614919858994517,107,7.841471456447164,0.8103463309126916,7.844035604058724,0.7992397873951173
3.3977151862274635,0.01136790098837117,0.7593499407227431,-0.7594350271187369,107,7.8434754709545045,0.8108089941169907,7.846032692267515,0.7997324516944794
3.3997719145484244,0.011337110741220485,0.7572932124015098,-0.7573780683380215,107,7.845479485461844,0.8112716573212897,7.848029780476295,0.8002251159938892
3.4018286428693854,0.011306320494019298,0.7552364840802704,-0.7553211095573052,107,7.847483499969185,0.8117343205255887,7.850026868685064,0.8007177802933485
3.4038853711903463,0.011275530246766379,0.7531797557590253,-0.7532641507765883,107,7.849487514476525,0.8121969837298878,7.852023956893821,0.8012104445928582
3.405942099511307,0.011244739999460494,0.7511230274377739,-0.7512071919958705,107,7.851491528983866,0.8126596469341868,7.854021045102567,0.8017031088924194
3.407998827832268,0.01121394975210039,0.7490662991165166,-0.7491502332151518,107,7.853495543491206,0.8131223101384859,7.8560181333113,0.8021957731920335
3.410055556153229,0.011183159504684806,0.7470095707952533,-0.7470932744344324,107,7.855499557998547,0.8135849733427849,7.858015221520021,0.8026884374917015
3.41211228447419,0.011152369257212467,0.7449528424739836,-0.7450363156537121,107,7.857503572505887,0.814047636547084,7.860012309728728,0.803181101791425
3.414169012795151,0.011121579009682084,0.7428961141527081,-0.7429793568729909,107,7.859507587013227,0.814510299751383,7.862009397937424,0.8036737660912049
3.416225741116112,0.01109078876209236,0.7408393858314263,-0.7409223980922688,107,7.861511601520567,0.8149729629556821,7.8640064861461045,0.8041664303910429
3.418282469437073,0.011059998514441984,0.7387826575101383,-0.7388654393115458,107,7.863515616027907,0.8154356261599811,7.866003574354773,0.8046590946909397
3.4203391977580337,0.011029208266729634,0.7367259291888442,-0.7368084805308219,107,7.865519630535248,0.8158982893642802,7.868000662563427,0.805151758990897
3.4223959260789947,0.010998418018953973,0.7346692008675436,-0.7347515217500971,107,7.8675236450425885,0.8163609525685792,7.869997750772066,0.8056444232909159
3.4244526543999556,0.01096762777111366,0.7326124725462371,-0.7326945629693713,107,7.869527659549929,0.8168236157728783,7.871994838980692,0.8061370875909979
3.4265093827209165,0.010936837523207328,0.7305557442249242,-0.7306376041886445,107,7.87153167405727,0.8172862789771773,7.873991927189302,0.8066297518911442
3.4285661110418775,0.010906047275233604,0.7284990159036051,-0.7285806454079168,107,7.873535688564609,0.8177489421814764,7.875989015397897,0.8071224161913562
3.4306228393628384,0.010875257027191105,0.7264422875822794,-0.7265236866271879,107,7.87553970307195,0.8182116053857754,7.877986103606477,0.8076150804916351
3.4326795676837993,0.01084446677907843,0.7243855592609475,-0.724466727846458,107,7.8775437175792895,0.8186742685900745,7.8799831918150405,0.8081077447919826
3.4347362960047603,0.010813676530894167,0.722328830939609,-0.7224097690657271,107,7.87954773208663,0.8191369317943735,7.881980280023588,0.8086004090923996
3.436793024325721,0.010782886282636892,0.7202721026182644,-0.720352810284995,107,7.881551746593971,0.8195995949986725,7.88397736823212,0.8090930733928877
3.438849752646682,0.010752096034305164,0.7182153742969131,-0.7182958515042618,107,7.883555761101311,0.8200622582029716,7.885974456440635,0.8095857376934487
3.440906480967643,0.010721305785897533,0.7161586459755553,-0.7162388927235275,107,7.885559775608652,0.8205249214072706,7.887971544649132,0.8100784019940833
3.442963209288604,0.01069051553741253,0.7141019176541913,-0.7141819339427921,107,7.887563790115992,0.8209875846115697,7.889968632857613,0.8105710662947935
3.445019937609565,0.010659725288848678,0.7120451893328206,-0.7121249751620554,107,7.889567804623332,0.8214502478158687,7.891965721066074,0.8110637305955805
3.447076665930526,0.010628935040204483,0.7099884610114433,-0.7100680163813176,107,7.8915718191306725,0.8219129110201678,7.893962809274519,0.8115563948964457
3.449133394251487,0.010598144791478432,0.7079317326900592,-0.7080110576005785,107,7.893575833638012,0.8223755742244668,7.895959897482944,0.8120490591973907
3.4511901225724477,0.010567354542669005,0.7058750043686689,-0.7059540988198382,107,7.895579848145353,0.8228382374287659,7.897956985691351,0.812541723498417
3.4532468508934087,0.010536564293774666,0.7038182760472718,-0.7038971400390966,107,7.897583862652693,0.8233009006330649,7.89995407389974,0.8130343877995259
3.4553035792143696,0.010505774044793866,0.7017615477258679,-0.7018401812583538,107,7.899587877160034,0.823763563837364,7.901951162108109,0.8135270521007192
3.4573603075353305,0.010474983795725035,0.6997048194044574,-0.6997832224776096,107,7.901591891667374,0.824226227041663,7.903948250316458,0.8140197164019981
3.4594170358562915,0.010444193546566592,0.6976480910830402,-0.6977262636968641,107,7.903595906174715,0.8246888902459621,7.905945338524787,0.8145123807033645
3.4614737641772524,0.010413403297316945,0.6955913627616161,-0.6956693049161172,107,7.905599920682055,0.8251515534502611,7.9079424267330936,0.8150050450048196
3.4635304924982133,0.010382613047974484,0.6935346344401854,-0.6936123461353689,107,7.907603935189395,0.8256142166545603,7.909939514941382,0.8154977093063653
3.4655872208191743,0.010351822798537578,0.6914779061187478,-0.6915553873546192,107,7.909607949696735,0.8260768798588592,7.9119366031496465,0.8159903736080029
3.467643949140135,0.01032103254900459,0.6894211777973032,-0.689498428573868,107,7.911611964204075,0.8265395430631584,7.913933691357891,0.8164830379097342
3.469700677461096,0.010290242299373857,0.687364449475852,-0.6874414697931154,107,7.913615978711416,0.8270022062674574,7.915930779566114,0.8169757022115607
3.471757405782057,0.010259452049643713,0.6853077211543936,-0.6853845110123613,107,7.9156199932187565,0.8274648694717565,7.917927867774314,0.8174683665134841
3.473814134103018,0.010228661799812466,0.6832509928329284,-0.6833275522316057,107,7.917624007726097,0.8279275326760555,7.919924955982491,0.8179610308155059
3.475870862423979,0.010197871549878411,0.6811942645114563,-0.6812705934508485,107,7.919628022233437,0.8283901958803545,7.921922044190645,0.8184536951176279
3.47792759074494,0.010167081299839828,0.6791375361899771,-0.6792136346700898,107,7.921632036740777,0.8288528590846536,7.923919132398776,0.8189463594198518
3.4799843190659008,0.010136291067745285,0.6770808079576992,-0.6771566758895997,106,7.923636051248117,0.8293155222889526,7.925916220610943,0.8194390237045915
3.4820410473868617,0.010105500836774174,0.6750240796422736,-0.6750997171091264,106,7.9256400657554575,0.8297781854932517,7.927913308823363,0.8199316879882368
3.4840977757078226,0.01007471060576161,0.672967351321109,-0.6730427583286525,106,7.927644080262798,0.8302408486975507,7.929910397035774,0.8204243522719222
3.4861545040287836,0.010043920374625407,0.6709106229995424,-0.6709857995481767,106,7.929648094770139,0.8307035119018498,7.931907485248156,0.8209170165557282
3.4882112323497445,0.010013130143358018,0.668853894677941,-0.668928840767699,106,7.931652109277479,0.8311661751061488,7.93390457346051,0.821409680839662
3.4902679606707054,0.009982339911957022,0.6667971663563297,-0.6668718819872193,106,7.93365612378482,0.8316288383104479,7.935901661672833,0.8219023451237261
3.4923246889916664,0.009951549680420321,0.6647404380347103,-0.6648149232067375,106,7.935660138292159,0.8320915015147469,7.937898749885125,0.8223950094079222
3.4943814173126273,0.009920759448745832,0.6626837097130828,-0.6627579644262537,106,7.9376641527995,0.832554164719046,7.939895838097387,0.8228876736922528
3.4964381456335882,0.009889969216931443,0.660626981391447,-0.6607010056457677,106,7.93966816730684,0.833016827923345,7.941892926309617,0.8233803379767195
3.498494873954549,0.00985917898497503,0.6585702530698033,-0.6586440468652797,106,7.94167218181418,0.8334794911276441,7.943890014521815,0.8238730022613248
3.50055160227551,0.009828388752874444,0.6565135247481515,-0.6565870880847895,106,7.943676196321521,0.8339421543319431,7.945887102733981,0.8243656665460704
3.502608330596471,0.009797598520627513,0.6544567964264913,-0.6545301293042971,106,7.945680210828861,0.8344048175362422,7.947884190946114,0.8248583308309586
3.504665058917432,0.009766808288232053,0.6524000681048229,-0.6524731705238025,106,7.947684225336202,0.8348674807405412,7.949881279158214,0.8253509951159915
3.506721787238393,0.00973601805568585,0.6503433397831464,-0.6504162117433057,106,7.9496882398435424,0.8353301439448403,7.95187836737028,0.8258436594011714
3.508778515559354,0.009705227822986676,0.6482866114614615,-0.6483592529628065,106,7.951692254350882,0.8357928071491393,7.953875455582311,0.8263363236865002
3.5108352438803148,0.009674437590132283,0.6462298831397681,-0.646302294182305,106,7.953696268858223,0.8362554703534383,7.955872543794307,0.8268289879719803
3.5128919722012757,0.009643647357120387,0.6441731548180666,-0.6442453354018012,106,7.955700283365562,0.8367181335577374,7.9578696320062665,0.827321652257614
3.5149487005222366,0.0096128571239487,0.6421164264963565,-0.6421883766212949,106,7.957704297872903,0.8371807967620364,7.959866720218192,0.8278143165434033
3.5170054288431976,0.009582066890614901,0.6400596981746381,-0.6401314178407863,106,7.9597083123802435,0.8376434599663355,7.96186380843008,0.8283069808293506
3.5190621571641585,0.00955127665711665,0.6380029698529112,-0.6380744590602752,106,7.961712326887584,0.8381061231706345,7.963860896641933,0.828799645115458
3.5211188854851194,0.009520486423451584,0.6359462415311756,-0.6360175002797616,106,7.963716341394925,0.8385687863749336,7.965857984853747,0.8292923094017282
3.5231756138060804,0.009489696189617317,0.6338895132094317,-0.6339605414992454,106,7.965720355902265,0.8390314495792326,7.967855073065523,0.829784973688163
3.5252323421270413,0.009458905955611439,0.631832784887679,-0.6319035827187267,106,7.967724370409605,0.8394941127835317,7.969852161277259,0.8302776379747652
3.527289070448002,0.009428115721431525,0.6297760565659178,-0.6298466239382053,106,7.969728384916945,0.8399567759878307,7.971849249488957,0.8307703022615367
3.529345798768963,0.009397325487075113,0.627719328244148,-0.6277896651576814,106,7.971732399424285,0.8404194391921298,7.973846337700615,0.8312629665484804
3.531402527089924,0.009366535252539724,0.6256625999223695,-0.6257327063771548,106,7.973736413931626,0.8408821023964288,7.975843425912234,0.8317556308355984
3.533459255410885,0.00933574501782286,0.6236058716005823,-0.6236757475966255,106,7.975740428438966,0.8413447656007279,7.977840514123811,0.8322482951228934
3.535515983731846,0.009304954782921994,0.6215491432787863,-0.6216187888160933,106,7.977744442946307,0.8418074288050269,7.979837602335347,0.8327409594103675
3.537572712052807,0.009274164547834567,0.6194924149569815,-0.6195618300355584,106,7.979748457453647,0.842270092009326,7.981834690546841,0.8332336236980235
3.539629440373768,0.009243374312558008,0.617435686635168,-0.6175048712550207,106,7.981752471960988,0.842732755213625,7.983831778758293,0.8337262879858637
3.5416861686947287,0.00921258407708971,0.6153789583133454,-0.6154479124744802,106,7.9837564864683275,0.8431954184179241,7.9858288669697,0.8342189522738908
3.5437428970156897,0.00918179384142705,0.6133222299915141,-0.6133909536939367,106,7.985760500975668,0.8436580816222231,7.987825955181065,0.8347116165621071
3.5457996253366506,0.009151003605567368,0.611265501669674,-0.6113339949133902,106,7.987764515483008,0.8441207448265222,7.989823043392384,0.8352042808505156
3.5478563536576115,0.00912021336950799,0.6092087733478245,-0.6092770361328408,106,7.989768529990348,0.8445834080308212,7.99182013160366,0.8356969451391185
3.5499130819785725,0.009089423133246208,0.6071520450259663,-0.6072200773522883,106,7.991772544497689,0.8450460712351202,7.99381721981489,0.8361896094279186
3.5519698102995334,0.009058632896779295,0.605095316704099,-0.6051631185717328,106,7.993776559005029,0.8455087344394193,7.995814308026074,0.8366822737169188
3.5540265386204943,0.00902784266010449,0.6030385883822226,-0.6031061597911741,106,7.99578057351237,0.8459713976437183,7.997811396237211,0.8371749380061214
3.5560832669414553,0.008997052423219002,0.600981860060337,-0.6010492010106123,106,7.9977845880197105,0.8464340608480174,7.999808484448301,0.8376676022955294
3.558139995262416,0.008966262186120025,0.5989251317384425,-0.5989922422300473,106,7.99978860252705,0.8468967240523164,8.001805572659341,0.8381602665851452
3.560196723583377,0.008935471948804716,0.5968684034165388,-0.5969352834494791,106,8.00179261703439,0.8473593872566155,8.003802660870333,0.8386529308749721
3.562253451904338,0.008904681711270207,0.5948116750946257,-0.5948783246689076,106,8.00379663154173,0.8478220504609145,8.005799749081277,0.8391455951650123
3.564310180225299,0.008873891473513596,0.5927549467727034,-0.5928213658883327,106,8.005800646049071,0.8482847136652136,8.00779683729217,0.839638259455269
3.56636690854626,0.00884310123553196,0.5906982184507716,-0.5907644071077545,106,8.007804660556411,0.8487473768695126,8.009793925503013,0.8401309237457449
3.568423636867221,0.00881231099732234,0.5886414901288306,-0.5887074483271728,106,8.009808675063752,0.8492100400738117,8.011791013713806,0.8406235880364431
3.570480365188182,0.008781520758881755,0.5865847618068804,-0.5866504895465877,106,8.011812689571093,0.8496727032781107,8.013788101924545,0.8411162523273662
3.5725370935091427,0.00875073052020719,0.5845280334849206,-0.5845935307659991,106,8.013816704078433,0.8501353664824098,8.015785190135233,0.8416089166185174
3.5745938218301037,0.008719940281295602,0.5824713051629513,-0.5825365719854069,106,8.015820718585772,0.8505980296867088,8.017782278345864,0.8421015809098994
3.5766505501510646,0.00868915004214391,0.5804145768409726,-0.5804796132048111,106,8.017824733093114,0.8510606928910079,8.019779366556447,0.8425942452015155
3.5787072784720255,0.008658359802749012,0.5783578485189844,-0.5784226544242117,106,8.019828747600453,0.8515233560953069,8.02177645476697,0.8430869094933685
3.5807640067929865,0.00862756956310777,0.5763011201969865,-0.5763656956436086,106,8.021832762107794,0.851986019299606,8.02377354297744,0.8435795737854616
3.5828207351139474,0.008596779323217018,0.5742443918749792,-0.5743087368630018,106,8.023836776615134,0.852448682503905,8.025770631187854,0.8440722380777977
3.5848774634349083,0.008565989083073555,0.5721876635529621,-0.5722517780823911,106,8.025840791122475,0.8529113457082041,8.02776771939821,0.8445649023703802
3.5869341917558693,0.00853519884267415,0.5701309352309355,-0.5701948193017767,106,8.027844805629815,0.8533740089125031,8.02976480760851,0.8450575666632119
3.58899092007683,0.008504408602015536,0.5680742069088991,-0.5681378605211584,106,8.029848820137156,0.8538366721168021,8.03176189581875,0.8455502309562961
3.591047648397791,0.008473618361094414,0.5660174785868529,-0.5660809017405363,106,8.031852834644496,0.8542993353211012,8.033758984028932,0.8460428952496363
3.593104376718752,0.008442828119907455,0.5639607502647971,-0.5640239429599101,106,8.033856849151835,0.8547619985254002,8.035756072239053,0.8465355595432354
3.595161105039713,0.008412037878451293,0.5619040219427311,-0.5619669841792798,106,8.035860863659176,0.8552246617296994,8.037753160449114,0.8470282238370969
3.597217833360674,0.008381247636722529,0.5598472936206556,-0.5599100253986455,106,8.037864878166516,0.8556873249339984,8.039750248659114,0.847520888131224
3.599274561681635,0.008350457394717731,0.5577905652985701,-0.557853066618007,106,8.039868892673857,0.8561499881382975,8.041747336869053,0.8480135524256199
3.6013312900025958,0.00831966715243343,0.5557338369764745,-0.5557961078373644,106,8.041872907181197,0.8566126513425965,8.043744425078927,0.8485062167202883
3.6033880183235567,0.00828887690986612,0.553677108654369,-0.5537391490567176,106,8.043876921688538,0.8570753145468956,8.045741513288739,0.8489988810152325
3.6054447466445176,0.008258086667012263,0.5516203803322536,-0.5516821902760665,106,8.045880936195879,0.8575379777511946,8.047738601498486,0.8494915453104557
3.6075014749654786,0.008227296423868281,0.5495636520101279,-0.549625231495411,106,8.047884950703217,0.8580006409554937,8.049735689708166,0.8499842096059618
3.6095582032864395,0.008196506180430562,0.5475069236879924,-0.5475682727147511,106,8.04988896521056,0.8584633041597927,8.051732777917783,0.850476873901754
3.6116149316074004,0.00816571593669546,0.5454501953658464,-0.5455113139340867,106,8.051892979717898,0.8589259673640918,8.05372986612733,0.8509695381978359
3.6136716599283614,0.00813492569265928,0.5433934670436905,-0.5434543551534179,106,8.053896994225239,0.8593886305683908,8.055726954336812,0.8514622024942112
3.6157283882493223,0.008104135448318303,0.5413367387215241,-0.5413973963727444,106,8.05590100873258,0.8598512937726899,8.057724042546225,0.8519548667908836
3.6177851165702832,0.008073345203668762,0.5392800103993476,-0.5393404375920664,106,8.05790502323992,0.8603139569769889,8.059721130755568,0.8524475310878565
3.619841844891244,0.008042554958706854,0.5372232820771609,-0.5372834788113837,106,8.05990903774726,0.860776620181288,8.06171821896484,0.852940195385134
3.621898573212205,0.008011764713428737,0.5351665537549637,-0.5352265200306963,106,8.0619130522546,0.861239283385587,8.06371530717404,0.8534328596827193
3.623955301533166,0.007980974467830528,0.5331098254327561,-0.533169561250004,106,8.063917066761942,0.861701946589886,8.065712395383171,0.8539255239806166
3.626012029854127,0.007950184221908303,0.5310530971105382,-0.5311126024693069,106,8.06592108126928,0.8621646097941851,8.067709483592227,0.8544181882788298
3.628068758175088,0.0079193939756581,0.5289963687883096,-0.5290556436886049,106,8.067925095776621,0.8626272729984841,8.069706571801209,0.8549108525773623
3.630125486496049,0.007888603729075912,0.5269396404660707,-0.5269986849078979,106,8.069929110283962,0.8630899362027832,8.071703660010119,0.8554035168762184
3.6321822148170098,0.007857813482157696,0.5248829121438211,-0.5249417261271859,106,8.071933124791302,0.8635525994070822,8.07370074821895,0.8558961811754019
3.6342389431379707,0.007827023234899358,0.5228261838215611,-0.5228847673464688,106,8.073937139298643,0.8640152626113813,8.075697836427707,0.8563888454749169
3.6362956714589316,0.0077962329872967645,0.5207694554992903,-0.5208278085657466,106,8.075941153805983,0.8644779258156803,8.077694924636386,0.8568815097747672
3.6383523997798926,0.0077654427393457435,0.518712727177009,-0.5187708497850192,106,8.077945168313324,0.8649405890199794,8.079692012844987,0.857374174074957
3.6404091281008535,0.00773465249104207,0.5166559988547168,-0.5167138910042864,106,8.079949182820663,0.8654032522242784,8.081689101053506,0.8578668383754904
3.6424658564218144,0.007703862242381479,0.5145992705324138,-0.5146569322235484,106,8.081953197328003,0.8658659154285775,8.083686189261947,0.8583595026763717
3.6445225847427754,0.007673071993359663,0.5125425422101001,-0.5125999734428048,106,8.083957211835344,0.8663285786328765,8.085683277470306,0.8588521669776048
3.6465793130637363,0.007642281743972263,0.5104858138877756,-0.5105430146620559,106,8.085961226342684,0.8667912418371756,8.087680365678583,0.8593448312791943
3.648636041384697,0.007611491494214876,0.5084290855654402,-0.5084860558813014,106,8.087965240850025,0.8672539050414746,8.089677453886777,0.8598374955811442
3.650692769705658,0.0075807012440830554,0.5063723572430939,-0.5064290971005413,106,8.089969255357365,0.8677165682457737,8.091674542094887,0.860330159883459
3.652749498026619,0.007549910993572303,0.5043156289207366,-0.5043721383197756,106,8.091973269864706,0.8681792314500727,8.093671630302913,0.8608228241861429
3.65480622634758,0.007519120742678071,0.5022589005983683,-0.5023151795390041,106,8.093977284372045,0.8686418946543718,8.095668718510849,0.8613154884892006
3.656862954668541,0.007488330491395766,0.500202172275989,-0.5002582207582268,106,8.095981298879387,0.8691045578586708,8.097665806718702,0.8618081527926362
3.658919682989502,0.007457540239720744,0.4981454439535985,-0.4982012619774436,106,8.097985313386726,0.8695672210629699,8.099662894926462,0.8623008170964547
3.660976411310463,0.007426749987648309,0.4960887156311969,-0.4961443031966544,106,8.099989327894066,0.8700298842672689,8.101659983134136,0.8627934814006603
3.6630331396314237,0.007395959735173718,0.49403198730878406,-0.4940873444158593,106,8.101993342401407,0.8704925474715679,8.103657071341718,0.8632861457052576
3.6650898679523847,0.007365169482292172,0.49197525898636,-0.492030385635058,106,8.103997356908748,0.870955210675867,8.10565415954921,0.8637788100102517
3.6671465962733456,0.007334379253947905,0.4899185307532471,-0.4899734268546241,105,8.106001371416088,0.871417873880166,8.107651247762222,0.8642714742913373
3.6692033245943065,0.007303589026409447,0.48786180243515903,-0.4879164680742022,105,8.108005385923429,0.8718805370844651,8.109648335975415,0.8647641385716378
3.6712600529152675,0.00727279879845846,0.48580507411273355,-0.48585950929377414,105,8.11000940043077,0.8723432002887641,8.111645424188513,0.8652568028523402
3.6733167812362284,0.0072420085700275975,0.483748345790076,-0.48380255051333887,105,8.112013414938108,0.8728058634930632,8.113642512401503,0.8657494671335102
3.6753735095571893,0.0072112183411080595,0.48169161746739475,-0.48174559173289627,105,8.114017429445449,0.8732685266973622,8.115639600614385,0.8662421314151563
3.6774302378781503,0.007180428111693965,0.4796348891447002,-0.4796886329524463,105,8.11602144395279,0.8737311899016613,8.117636688827155,0.8667347956972843
3.679486966199111,0.007149637881779518,0.47757816082199284,-0.4776316741719888,105,8.11802545846013,0.8741938531059603,8.119633777039812,0.8672274599798998
3.681543694520072,0.007118847651358863,0.4755214324992726,-0.4755747153915238,105,8.12002947296747,0.8746565163102594,8.121630865252357,0.8677201242630087
3.683600422841033,0.007088057420426088,0.47346470417653946,-0.4735177566110511,105,8.12203348747481,0.8751191795145584,8.123627953464785,0.8682127885466163
3.685657151161994,0.007057267188975206,0.4714079758537934,-0.47146079783057065,105,8.124037501982151,0.8755818427188575,8.125625041677097,0.868705452830729
3.687713879482955,0.007026476957000172,0.46935124753103435,-0.4694038390500823,105,8.12604151648949,0.8760445059231565,8.127622129889291,0.8691981171153523
3.689770607803916,0.0069956867244948704,0.46729451920826215,-0.46734688026958604,105,8.128045530996832,0.8765071691274556,8.129619218101366,0.8696907814004924
3.691827336124877,0.006964896491453114,0.465237790885477,-0.46528992148908177,105,8.130049545504171,0.8769698323317546,8.131616306313319,0.870183445686155
3.6938840644458377,0.006934106257868653,0.46318106256267866,-0.46323296270856934,105,8.132053560011512,0.8774324955360537,8.133613394525153,0.8706761099723466
3.6959407927667987,0.006903316023735162,0.46112433423986704,-0.4611760039280487,105,8.134057574518852,0.8778951587403527,8.13561048273686,0.8711687742590729
3.6979975210877596,0.006872525789046242,0.4590676059170423,-0.4591190451475198,105,8.136061589026193,0.8783578219446517,8.137607570948445,0.8716614385463405
3.7000542494087205,0.006841735553795432,0.4570108775942041,-0.4570620863669824,105,8.138065603533533,0.8788204851489508,8.139604659159902,0.8721541028341557
3.7021109777296815,0.006810945317976188,0.45495414927135275,-0.4550051275864366,105,8.140069618040874,0.8792831483532498,8.141601747371231,0.8726467671225246
3.7041677060506424,0.006780155081581894,0.452897420948488,-0.4529481688058821,105,8.142073632548215,0.8797458115575489,8.14359883558243,0.873139431411454
3.7062244343716033,0.0067493648446058626,0.4508406926256097,-0.45089121002531896,105,8.144077647055553,0.8802084747618479,8.145595923793499,0.8736320957009501
3.7082811626925642,0.006718574607041325,0.4487839643027179,-0.44883425124474696,105,8.146081661562894,0.880671137966147,8.147593012004435,0.8741247599910198
3.710337891013525,0.006687784368881437,0.44672723597981273,-0.4467772924641661,105,8.148085676070234,0.881133801170446,8.149590100215239,0.8746174242816693
3.712394619334486,0.006656994130119282,0.4446705076568938,-0.44472033368357616,105,8.150089690577575,0.8815964643747451,8.151587188425907,0.8751100885729058
3.714451347655447,0.00662620389074785,0.4426137793339613,-0.44266337490297714,105,8.152093705084916,0.8820591275790441,8.153584276636437,0.875602752864736
3.716508075976408,0.006595413650760063,0.440557051011015,-0.4406064161223689,105,8.154097719592256,0.8825217907833433,8.155581364846828,0.8760954171571668
3.718564804297369,0.006564623410148749,0.43850032268805506,-0.4385494573417513,105,8.156101734099597,0.8829844539876422,8.15757845305708,0.876588081450205
3.72062153261833,0.006533833168906663,0.4364435943650813,-0.4364924985611243,105,8.158105748606935,0.8834471171919414,8.159575541267188,0.8770807457438579
3.7226782609392908,0.0065030429270264735,0.4343868660420937,-0.43443553978048777,105,8.160109763114278,0.8839097803962404,8.161572629477156,0.8775734100381324
3.7247349892602517,0.006472252684500756,0.4323301377190921,-0.4323785809998415,105,8.162113777621617,0.8843724436005395,8.163569717686975,0.8780660743330361
3.7267917175812126,0.00644146244132201,0.43027340939607667,-0.43032162221918546,105,8.164117792128957,0.8848351068048385,8.165566805896649,0.8785587386285758
3.7288484459021736,0.006410672197482639,0.4282166810730471,-0.42826466343851954,105,8.166121806636298,0.8852977700091376,8.167563894106173,0.8790514029247595
3.7309051742231345,0.0063798819529749555,0.42615995275000357,-0.42620770465784363,105,8.168125821143638,0.8857604332134366,8.169560982315549,0.8795440672215942
3.7329619025440954,0.006349091707791188,0.4241032244269459,-0.4241507458771576,105,8.170129835650979,0.8862230964177357,8.171558070524773,0.8800367315190878
3.7350186308650564,0.006318301461923468,0.4220464961038741,-0.42209378709646134,105,8.17213385015832,0.8866857596220347,8.17355515873384,0.8805293958172477
3.7370753591860173,0.006287511215363834,0.41998976778078806,-0.42003682831575473,105,8.17413786466566,0.8871484228263337,8.175552246942756,0.8810220601160818
3.7391320875069782,0.006256720968104228,0.4179330394576878,-0.41797986953503763,105,8.176141879172999,0.8876110860306328,8.17754933515151,0.8815147244155979
3.741188815827939,0.006225930720136498,0.4158763111345732,-0.4159229107543099,105,8.17814589368034,0.8880737492349318,8.179546423360106,0.882007388715804
3.7432455441489,0.006195140471452389,0.41381958281144415,-0.4138659519735715,105,8.18014990818768,0.8885364124392309,8.181543511568542,0.8825000530167082
3.745302272469861,0.006164350222043553,0.41176285448830074,-0.4118089931928222,105,8.18215392269502,0.8889990756435299,8.183540599776814,0.8829927173183184
3.747359000790822,0.0061335599719015334,0.40970612616514285,-0.409752034412062,105,8.184157937202361,0.889461738847829,8.18553768798492,0.8834853816206432
3.749415729111783,0.006102769721017778,0.4076493978419704,-0.40769507563129065,105,8.186161951709702,0.889924402052128,8.187534776192862,0.8839780459236904
3.751472457432744,0.006071979469383627,0.4055926695187834,-0.40563811685050805,105,8.188165966217042,0.8903870652564271,8.189531864400633,0.8844707102274691
3.7535291857537048,0.006041189216990313,0.40353594119558167,-0.4035811580697141,105,8.19016998072438,0.8908497284607261,8.191528952608234,0.8849633745319874
3.7555859140746657,0.006010398963828959,0.4014792128723653,-0.40152419928890865,105,8.192173995231723,0.8913123916650252,8.193526040815664,0.885456038837254
3.7576426423956266,0.005979608709890586,0.3994224845491342,-0.39946724050809157,105,8.194178009739062,0.8917750548693242,8.195523129022915,0.8859487031432777
3.7596993707165876,0.005948818455166098,0.39736575622588827,-0.3974102817272627,105,8.196182024246403,0.8922377180736233,8.197520217229993,0.8864413674500675
3.7617560990375485,0.0059180282306114,0.3953090279921691,-0.39535332294688547,104,8.198186038753743,0.8927003812779223,8.199517305443855,0.8869340317274605
3.7638128273585094,0.005887238006446874,0.3932522996723306,-0.3932963641665141,104,8.200190053261084,0.8931630444822214,8.201514393657806,0.8874266960044737
3.7658695556794703,0.00585644778141952,0.3911955713489003,-0.3912394053861298,104,8.202194067768424,0.8936257076865204,8.203511481871564,0.8879193602823273
3.7679262840004313,0.005825657555467074,0.3891388430253059,-0.3891824466057316,104,8.204198082275763,0.8940883708908195,8.205508570085112,0.8884120245610825
3.769983012321392,0.005794867328576606,0.3870821147016886,-0.3871254878253194,104,8.206202096783105,0.8945510340951185,8.207505658298452,0.8889046888407515
3.772039740642353,0.005764077100737089,0.38502538637805434,-0.385068529044893,104,8.208206111290444,0.8950136972994175,8.209502746511575,0.8893973531213452
3.774096468963314,0.0057332868719374465,0.3829686580544032,-0.38301157026445226,104,8.210210125797785,0.8954763605037166,8.211499834724483,0.8898900174028745
3.776153197284275,0.005702496642166465,0.3809119297307352,-0.38095461148399695,104,8.212214140305125,0.8959390237080156,8.213496922937173,0.8903826816853503
3.778209925605236,0.0056717064114127835,0.37885520140705026,-0.37889765270352693,104,8.214218154812466,0.8964016869123147,8.215494011149643,0.8908753459687836
3.780266653926197,0.005640916179664901,0.3767984730833484,-0.37684069392304204,104,8.216222169319806,0.8968643501166137,8.217491099361887,0.8913680102531855
3.782323382247158,0.005610125946911167,0.37474174475962924,-0.37478373514254204,104,8.218226183827147,0.8973270133209128,8.219488187573907,0.8918606745385677
3.7843801105681187,0.005579335713139778,0.37268501643589313,-0.37272677636202683,104,8.220230198334487,0.8977896765252118,8.221485275785696,0.8923533388249412
3.7864368388890797,0.0055485454783387785,0.3706282881121397,-0.3706698175814962,104,8.222234212841826,0.8982523397295109,8.223482363997253,0.8928460031123181
3.7884935672100406,0.0055177552424960545,0.3685715597883692,-0.36861285880095,104,8.224238227349167,0.8987150029338099,8.225479452208578,0.89333866740071
3.7905502955310015,0.005486965005599341,0.36651483146458114,-0.366555900020388,104,8.226242241856507,0.899177666138109,8.227476540419664,0.8938313316901288
3.7926070238519625,0.005456174767636205,0.36445810314077587,-0.3644989412398101,104,8.228246256363848,0.899640329342408,8.229473628630512,0.8943239959805868
3.7946637521729234,0.005425384528594055,0.36240137481695317,-0.362441982459216,104,8.230250270871188,0.9001029925467071,8.231470716841116,0.894816660272096
3.7967204804938843,0.005394594288460128,0.3603446464931129,-0.36038502367860553,104,8.232254285378529,0.9005656557510061,8.233467805051475,0.8953093245646692
3.7987772088148453,0.005363804047221492,0.35828791816925504,-0.3583280648979785,104,8.23425829988587,0.9010283189553052,8.235464893261586,0.8958019888583187
3.800833937135806,0.005333013804865048,0.35623118984537966,-0.3562711061173348,104,8.236262314393208,0.9014909821596042,8.237461981471442,0.8962946531530573
3.802890665456767,0.005302223561377514,0.3541744615214865,-0.35421414733667417,104,8.23826632890055,0.9019536453639033,8.239459069681049,0.8967873174488981
3.804947393777728,0.005271433316745432,0.35211773319757556,-0.35215718855599637,104,8.24027034340789,0.9024163085682023,8.241456157890395,0.897279981745854
3.807004122098689,0.005240643070955162,0.35006100487364683,-0.35010022977530125,104,8.24227435791523,0.9028789717725014,8.243453246099481,0.8977726460439386
3.80906085041965,0.005209852823992878,0.3480042765497002,-0.3480432709945886,104,8.24427837242257,0.9033416349768004,8.245450334308304,0.8982653103431649
3.811117578740611,0.005179062575844565,0.34594754822573565,-0.34598631221385817,104,8.246282386929911,0.9038042981810994,8.24744742251686,0.898757974643547
3.813174307061572,0.0051482723264960175,0.3438908199017531,-0.3439293534331098,104,8.248286401437252,0.9042669613853985,8.249444510725146,0.8992506389450986
3.8152310353825327,0.0051174820759328325,0.34183409157775246,-0.34187239465234326,104,8.250290415944592,0.9047296245896975,8.251441598933159,0.8997433032478336
3.8172877637034937,0.005086691824140411,0.3397773632537337,-0.3398154358715583,104,8.252294430451933,0.9051922877939966,8.253438687140896,0.9002359675517664
3.8193444920244546,0.005055901571103944,0.3377206349296967,-0.33775847709075474,104,8.254298444959272,0.9056549509982956,8.25543577534835,0.9007286318569113
3.8214012203454155,0.005025111316808423,0.3356639066056414,-0.33570151830993233,104,8.256302459466612,0.9061176142025947,8.257432863555524,0.9012212961632831
3.8234579486663764,0.0049943210612386265,0.33360717828156783,-0.33364455952909083,104,8.258306473973953,0.9065802774068937,8.25942995176241,0.9017139604708964
3.8255146769873374,0.00496353080437912,0.33155044995747573,-0.33158760074823,104,8.260310488481293,0.9070429406111928,8.261427039969007,0.9022066247797664
3.8275714053082983,0.004932740583364636,0.32949372172299973,-0.32953064196790577,103,8.262314502988634,0.9075056038154918,8.263424128183667,0.9026992890537101
3.8296281336292592,0.004901950362176275,0.3274369934016218,-0.3274736831875789,103,8.264318517495974,0.9079682670197909,8.265421216398288,0.9031919533278232
3.83168486195022,0.004871160139532393,0.3253802650771927,-0.3254167244072303,103,8.266322532003315,0.9084309302240899,8.26741830461258,0.9036846176033545
3.833741590271181,0.004840369915370696,0.3233235367526377,-0.3233597656268589,103,8.268326546510654,0.908893593428389,8.26941539282653,0.9041772818803648
3.835798318592142,0.004809579689671183,0.3212668084280585,-0.32130280684646456,103,8.270330561017996,0.909356256632688,8.271412481040139,0.9046699461588734
3.837855046913103,0.004778789462415062,0.31921008010345836,-0.3192458480660469,103,8.272334575525335,0.9098189198369871,8.273409569253392,0.9051626104388988
3.839911775234064,0.004747999233583323,0.3171533517788373,-0.3171888892856056,103,8.274338590032675,0.9102815830412861,8.275406657466293,0.9056552747204593
3.841968503555025,0.004717209003156675,0.31509662345419537,-0.3151319305051405,103,8.276342604540016,0.9107442462455853,8.277403745678836,0.9061479390035739
3.8440252318759858,0.0046864187711155485,0.3130398951295324,-0.3130749717246512,103,8.278346619047356,0.9112069094498843,8.279400833891016,0.9066406032882617
3.8460819601969467,0.004655628537440079,0.31098316680484833,-0.31101801294413745,103,8.280350633554697,0.9116695726541832,8.281397922102828,0.9071332675745417
3.8481386885179076,0.004624838302110108,0.3089264384801431,-0.3089610541635989,103,8.282354648062038,0.9121322358584824,8.283395010314267,0.9076259318624341
3.8501954168388686,0.0045940480651051815,0.3068697101554167,-0.3069040953830353,103,8.284358662569378,0.9125948990627814,8.28539209852533,0.9081185961519583
3.8522521451598295,0.00456325782640453,0.30481298183066896,-0.30484713660244633,103,8.286362677076717,0.9130575622670805,8.287389186736009,0.9086112604431349
3.8543088734807904,0.004532467585987072,0.3027562535058998,-0.30279017782183165,103,8.288366691584057,0.9135202254713795,8.289386274946304,0.9091039247359842
3.8563656018017514,0.004501677343831409,0.30069952518110926,-0.30073321904119094,103,8.290370706091398,0.9139828886756786,8.291383363156209,0.9095965890305273
3.8584223301227123,0.004470887099915812,0.29864279685629713,-0.2986762602605239,103,8.292374720598739,0.9144455518799776,8.293380451365717,0.9100892533267851
3.8604790584436732,0.004440096854218223,0.2965860685314634,-0.2966193014798302,103,8.29437873510608,0.9149082150842767,8.295377539574824,0.9105819176247794
3.862535786764634,0.004409306606716236,0.29452934020660804,-0.29456234269910947,103,8.29638274961342,0.9153708782885757,8.297374627783526,0.9110745819245316
3.864592515085595,0.004378516357387104,0.29247261188173085,-0.2925053839183614,103,8.29838676412076,0.9158335414928748,8.299371715991816,0.9115672462260643
3.866649243406556,0.004347726106207718,0.2904158835568319,-0.2904484251375856,103,8.300390778628099,0.9162962046971738,8.301368804199688,0.9120599105293997
3.868705971727517,0.00431693585315461,0.288359155231911,-0.2883914663567818,103,8.302394793135441,0.9167588679014729,8.303365892407143,0.9125525748345609
3.870762700048478,0.004286145598203941,0.28630242690696817,-0.2863345075759496,103,8.30439880764278,0.9172215311057719,8.305362980614168,0.913045239141571
3.872819428369439,0.0042553553413314914,0.2842456985820032,-0.2842775487950886,103,8.30640282215012,0.917684194310071,8.307360068820762,0.9135379034504536
3.8748761566903998,0.004224565082512653,0.28218897025701617,-0.28222059001419847,103,8.308406836657461,0.91814685751437,8.309357157026916,0.9140305677612327
3.8769328850113607,0.004193774821722424,0.2801322419320069,-0.2801636312332788,103,8.310410851164802,0.9186095207186691,8.311354245232629,0.9145232320739327
3.8789896133323216,0.004162984602747335,0.27807551369628886,-0.2781066724529851,102,8.312414865672142,0.9190721839229681,8.313351333447748,0.9150158963458892
3.8810463416532825,0.004132194382821131,0.2760187853734032,-0.2760497136726771,102,8.314418880179483,0.9195348471272672,8.315348421662652,0.9155085606187726
3.8831030699742435,0.004101404160638743,0.2739620570479104,-0.2739927548923354,102,8.316422894686823,0.9199975103315662,8.31734550987705,0.9160012248938542
3.8851597982952044,0.0040706139361326435,0.27190532872231676,-0.27193579611195884,102,8.318426909194162,0.9204601735358652,8.319342598090921,0.9164938891711999
3.8872165266161653,0.004039823709271519,0.26984860039669584,-0.26987883733154705,102,8.320430923701503,0.9209228367401643,8.321339686304267,0.9169865534508405
3.8892732549371263,0.004009033480024627,0.2677918720710499,-0.26782187855109957,102,8.322434938208843,0.9213854999444633,8.323336774517074,0.9174792177328055
3.891329983258087,0.00397824324836075,0.26573514374537877,-0.2657649197706159,102,8.324438952716184,0.9218481631487624,8.32533386272934,0.9179718820171257
3.893386711579048,0.003947453014248139,0.26367841541968245,-0.2637079609900956,102,8.326442967223525,0.9223108263530614,8.327330950941052,0.9184645463038318
3.895443439900009,0.003916662777654506,0.26162168709396083,-0.26165100220953813,102,8.328446981730865,0.9227734895573605,8.329328039152207,0.9189572105929553
3.89750016822097,0.0038858725385470107,0.25956495876821384,-0.25959404342894304,102,8.330450996238206,0.9232361527616595,8.331325127362797,0.9194498748845282
3.899556896541931,0.0038550822968922436,0.25750823044244125,-0.2575370846483098,102,8.332455010745544,0.9236988159659586,8.333322215572812,0.9199425391785833
3.901613624862892,0.003824292052656216,0.25545150211664325,-0.25548012586763796,102,8.334459025252885,0.9241614791702576,8.33531930378225,0.9204352034751533
3.903670353183853,0.003793501805804348,0.25339477379081954,-0.25342316708692697,102,8.336463039760226,0.9246241423745567,8.337316391991097,0.9209278677742722
3.9057270815048137,0.0037627115563014487,0.25133804546497013,-0.2513662083061763,102,8.338467054267566,0.9250868055788557,8.339313480199348,0.9214205320759741
3.9077838098257747,0.003731921304111702,0.24928131713909485,-0.24930924952538538,102,8.340471068774907,0.9255494687831548,8.341310568406994,0.9219131963802941
3.9098405381467356,0.003701131049198655,0.24722458881319365,-0.2472522907445537,102,8.342475083282247,0.9260121319874538,8.34330765661403,0.9224058606872675
3.9118972664676965,0.0036703407915252,0.2451678604872664,-0.24519533196368073,102,8.344479097789588,0.9264747951917529,8.345304744820442,0.9228985249969306
3.9139539947886575,0.003639550531053553,0.24311113216131314,-0.24313837318276585,102,8.346483112296927,0.9269374583960519,8.347301833026226,0.9233911893093201
3.9160107231096184,0.0036087602677452447,0.24105440383533366,-0.24108141440180852,102,8.348487126804269,0.927400121600351,8.349298921231373,0.9238838536244737
3.9180674514305793,0.0035779700524896075,0.2389976755986663,-0.2390244556215705,101,8.350491141311608,0.92786278480465,8.351296009447326,0.9243765178928061
3.9201241797515403,0.003547179835295931,0.2369409472743347,-0.23696749684130344,101,8.352495155818948,0.928325448008949,8.353293097662846,0.9248691821630268
3.922180908072501,0.0035163896148290496,0.23488421894772987,-0.23491053806098738,101,8.354499170326289,0.9287881112132481,8.355290185877628,0.925361846436437
3.924237636393462,0.003485599391009832,0.23282749062103877,-0.23285357928062114,101,8.35650318483363,0.9292507744175471,8.357287274091657,0.9258545107131135
3.926294364714423,0.003454809163790478,0.2307707622943169,-0.23079662050020402,101,8.35850719934097,0.9297134376218462,8.359284362304921,0.926347174993103
3.928351093035384,0.003424018933123108,0.2287140339675655,-0.22873966171973528,101,8.36051121384831,0.9301761008261452,8.36128145051741,0.9268398392764522
3.930407821356345,0.003393228698958944,0.2266573056407845,-0.2266827029392142,101,8.362515228355651,0.9306387640304443,8.363278538729112,0.9273325035632086
3.932464549677306,0.0033624384612482624,0.22460057731397384,-0.22462574415864003,101,8.36451924286299,0.9311014272347433,8.365275626940013,0.9278251678534205
3.934521277998267,0.0033316482199403684,0.22254384898713342,-0.22256878537801203,101,8.36652325737033,0.9315640904390424,8.36727271515011,0.9283178321471375
3.9365780063192277,0.00330085797498357,0.22048712066026313,-0.2205118265973294,101,8.36852727187767,0.9320267536433414,8.369269803359384,0.9288104964444098
3.9386347346401887,0.0032700677263251482,0.2184303923333628,-0.21845486781659135,101,8.370531286385011,0.9324894168476405,8.371266891567824,0.929303160745289
3.9406914629611496,0.003239277473911329,0.21637366400643243,-0.2163979090357971,101,8.372535300892352,0.9329520800519395,8.373263979775421,0.9297958250498272
3.9427481912821105,0.0032084872176872488,0.2143169356794719,-0.2143409502549458,101,8.374539315399693,0.9334147432562386,8.37526106798216,0.9302884893580781
3.9448049196030714,0.0031776969575969326,0.21226020735248108,-0.21228399147403662,101,8.376543329907033,0.9338774064605376,8.377258156188029,0.9307811536700961
3.9468616479240324,0.00314690669358325,0.21020347902545986,-0.21022703269306872,101,8.378547344414372,0.9343400696648367,8.379255244393015,0.9312738179859369
3.9489183762449933,0.003116116484223075,0.20814675078810152,-0.20817007391291892,100,8.380551358921714,0.9348027328691357,8.381252332610298,0.931766482248525
3.9509751045659542,0.00308532627168349,0.20609002246232466,-0.20611311513272154,100,8.382555373429053,0.9352653960734348,8.383249420826862,0.932259146514211
3.953031832886915,0.003054536054589981,0.20403329413453397,-0.204056156352456,100,8.384559387936394,0.9357280592777338,8.385246509042405,0.9327518107843341
3.955088561207876,0.0030237458328441933,0.2019765658066654,-0.20199919757212081,100,8.386563402443734,0.9361907224820329,8.3872435972569,0.9332444750589904
3.957145289528837,0.0029929556063749267,0.1999198374787618,-0.1999422387917149,100,8.388567416951075,0.9366533856863319,8.389240685470334,0.9337371393382491
3.959202017849798,0.0029621653751100894,0.197863109150824,-0.19788528001123723,100,8.390571431458415,0.9371160488906309,8.391237773682688,0.9342298036221803
3.961258746170759,0.0029313751389760255,0.19580638082285193,-0.19582832123068666,100,8.392575445965756,0.93757871209493,8.393234861893946,0.9347224679108561
3.96331547449172,0.0029005848978974538,0.19374965249484544,-0.19377136245006207,100,8.394579460473096,0.938041375299229,8.395231950104092,0.9352151322043496
3.9653722028126808,0.0028697946517974174,0.1916929241668045,-0.19171440366936232,100,8.396583474980435,0.9385040385035281,8.397229038313107,0.935707796502736
3.9674289311336417,0.0028390044005972247,0.18963619583872895,-0.18965744488858624,100,8.398587489487776,0.9389667017078271,8.399226126520977,0.9362004608060916
3.9694856594546026,0.0028082141442163956,0.18757946751061863,-0.1876004861077326,100,8.400591503995116,0.9394293649121263,8.40122321472768,0.9366931251144953
3.9715423877755636,0.0027774238825726025,0.18552273918247345,-0.18554352732680018,100,8.402595518502457,0.9398920281164252,8.403220302933201,0.9371857894280269
3.9735991160965245,0.002746633615581607,0.1834660108542934,-0.18348656854578774,100,8.404599533009797,0.9403546913207244,8.40521739113752,0.9376784537467688
3.9756558444174854,0.002715843410328895,0.18140928261575986,-0.1814296097656994,99,8.406603547517138,0.9408173545250234,8.407214479355725,0.9381711180053546
3.9777125727384464,0.0026850532002550397,0.1793525542884343,-0.17937265098553892,99,8.408607562024478,0.9412800177293225,8.409211567572845,0.9386637822686381
3.9797693010594073,0.0026542629839415564,0.17729582595932955,-0.17731569220528504,99,8.410611576531817,0.9417426809336215,8.411208655788561,0.9391564465380012
3.9818260293803682,0.002623472761259657,0.175239097630152,-0.17525873342493584,99,8.41261559103916,0.9422053441379206,8.413205744002846,0.9396491108135697
3.983882757701329,0.002592682532103389,0.17318236930093464,-0.17320177464448971,99,8.414619605546498,0.9426680073422196,8.415202832215673,0.9401417750954464
3.98593948602229,0.002561892296364688,0.17112564097167798,-0.17114481586394506,99,8.416623620053839,0.9431306705465187,8.417199920427022,0.940634439383737
3.987996214343251,0.0025311020539327996,0.16906891264238194,-0.1690878570833002,99,8.41862763456118,0.9435933337508177,8.419197008636864,0.9411271036785491
3.990052942664212,0.0025003118046941736,0.16701218431304637,-0.1670308983025535,99,8.42063164906852,0.9440559969551168,8.421194096845174,0.9416197679799936
3.992109670985173,0.002469521548532357,0.16495545598367117,-0.16497393952170314,99,8.42263566357586,0.9445186601594158,8.423191185051929,0.9421124322881838
3.994166399306134,0.002438731285327887,0.16289872765425614,-0.16291698074074737,99,8.424639678083201,0.9449813233637149,8.425188273257097,0.9426050966032361
3.9962231276270948,0.0024079410149581764,0.1608419993248012,-0.16086002195968432,99,8.426643692590542,0.9454439865680139,8.427185361460655,0.9430977609252701
3.9982798559480557,0.0023771508138768467,0.1587852710849404,-0.15880306317965845,98,8.42864770709788,0.9459066497723129,8.429182449679796,0.9435904251797914
4.000336584269017,0.002346360605866922,0.1567285427559734,-0.15674610439952885,98,8.430651721605223,0.9463693129766121,8.431179537897384,0.944083089441064
4.002393312589978,0.002315570389452951,0.1546718144254273,-0.15468914561927347,98,8.432655736112563,0.9468319761809112,8.433176626113077,0.9445757537105252
4.00445004091094,0.002284780164460427,0.1526150860948106,-0.15263218683888968,98,8.434659750619904,0.9472946393852104,8.435173714326844,0.9450684179883451
4.006506769231901,0.0022539899307331326,0.15055835776414878,-0.15057522805837514,98,8.436663765127244,0.9477573025895095,8.437170802538644,0.9455610822746758
4.008563497552863,0.0022231996881108443,0.1485016294334421,-0.14851826927772746,98,8.438667779634585,0.9482199657938086,8.439167890748443,0.9460537465696736
4.010620225873824,0.0021924094364287783,0.14644490110269054,-0.14646131049694416,98,8.440671794141926,0.9486826289981078,8.441164978956204,0.946546410873499
4.012676954194785,0.0021616191755173884,0.14438817277189384,-0.1444043517160227,98,8.442675808649266,0.949145292202407,8.44316206716189,0.947039075186317
4.014733682515747,0.0021308289052021623,0.14233144444105195,-0.1423473929349605,98,8.444679823156607,0.9496079554067061,8.445159155365458,0.9475317395082979
4.016790410836708,0.002100038625303406,0.14027471611016462,-0.1402904341537548,98,8.446683837663947,0.9500706186110053,8.447156243566871,0.948024403839617
4.0188471391576694,0.0020692484227167575,0.138217987868124,-0.1382334753737064,97,8.44868785217129,0.9505332818153044,8.449153331785679,0.9485170680956051
4.020903867478631,0.002038458210371839,0.13616125953734787,-0.13617651659351193,97,8.45069186667863,0.9509959450196036,8.451150420002289,0.9490097323611016
4.022960595799592,0.0020076679867222975,0.1341045312051855,-0.13411955781314824,97,8.45269588118597,0.9514586082239027,8.453147508216356,0.9495023966376128
4.025017324120554,0.001976877751522613,0.13204780287295276,-0.13206259903261167,97,8.454699895693311,0.9519212714282018,8.455144596427825,0.9499950609253782
4.027074052441515,0.0019460875045397852,0.129991074540669,-0.1300056402518987,97,8.456703910200652,0.952383934632501,8.457141684636644,0.9504877252246249
4.029130780762476,0.0019152972455335783,0.12793434620833435,-0.12794868147100577,97,8.458707924707992,0.9528465978368001,8.459138772842756,0.9509803895355866
4.031187509083438,0.0018845069742558635,0.12587761787594862,-0.12589172268992915,97,8.460711939215333,0.9533092610410993,8.46113586104611,0.9514730538585053
4.033244237404399,0.0018537166904502309,0.12382088954351168,-0.12383476390866499,97,8.462715953722675,0.9537719242453985,8.463132949246647,0.951965718193631
4.0353009657253605,0.0018229263938515752,0.12176416121102336,-0.12177780512720934,97,8.464719968230014,0.9542345874496976,8.465130037444302,0.9524583825412217
4.037357694046322,0.0017921360841856532,0.11970743287848352,-0.11972084634555809,97,8.466723982737356,0.9546972506539968,8.467127125639022,0.9529510469015449
4.039414422367283,0.0017613457611686156,0.11765070454589197,-0.11766388756370698,97,8.468727997244697,0.9551599138582959,8.469124213830735,0.9534437112748768
4.041471150688245,0.0017305554245064978,0.11559397621324853,-0.11560692878165162,97,8.470732011752037,0.955622577062595,8.47112130201938,0.9539363756615041
4.043527879009206,0.0016997650738946831,0.11353724788055314,-0.11354996999938745,97,8.472736026259378,0.9560852402668942,8.473118390204888,0.9544290400617238
4.045584607330167,0.0016689747090173237,0.11148051954780552,-0.11149301121690974,97,8.474740040766719,0.9565479034711933,8.475115478387185,0.9549217044758432
4.047641335651129,0.0016381843295467141,0.10942379121500558,-0.10943605243421359,97,8.47674405527406,0.9570105666754924,8.4771125665662,0.9554143689041819
4.04969806397209,0.001607393845219111,0.10736706281054706,-0.10737909364994784,98,8.4787480697814,0.9574732298797917,8.479109654721627,0.9559070334346901
4.0517547922930515,0.0015766033460727857,0.10531033447800772,-0.10532213486546027,98,8.480752084288742,0.9579358930840908,8.481106742873724,0.9563996979796372
4.053811520614013,0.0015458128328626768,0.10325360614626874,-0.10326517608076219,98,8.48275609879608,0.9583985562883899,8.483103831022651,0.9568923625382876
4.055868248934974,0.0015150223052575915,0.10119687781449142,-0.10120821729584863,98,8.484760113303423,0.9588612194926891,8.485100919168346,0.9573850271109642
4.057924977255936,0.0014842317628994892,0.09914014948266585,-0.09915125851071423,98,8.486764127810764,0.9593238826969882,8.487098007310719,0.9578776916980155
4.059981705576897,0.0014534412054151072,0.09708342115079178,-0.0970942997253534,98,8.488768142318104,0.9597865459012874,8.48909509544969,0.9583703562998056
4.062038433897858,0.00142265063241515,0.0950266928188691,-0.09503734093976032,98,8.490772156825445,0.9602492091055865,8.49109218358517,0.9588630209167134
4.06409516221882,0.001391860043493244,0.0929699644868976,-0.09298038215392891,98,8.492776171332785,0.9607118723098856,8.493089271717068,0.9593556855491352
4.066151890539781,0.001361069438224808,0.09091323615487713,-0.09092342336785281,98,8.494780185840126,0.9611745355141849,8.49508635984529,0.9598483501974846
4.0682086188607425,0.0013302788161658125,0.08885650782280759,-0.08886646458152536,98,8.496784200347467,0.961637198718484,8.497083447969734,0.960341014862194
4.070265347181704,0.0012994881768514303,0.08679977949068873,-0.08680950579493962,98,8.498788214854809,0.9620998619227831,8.499080536090299,0.9608336795437167
4.072322075502665,0.0012686975197945542,0.08474305115852049,-0.08475254700808829,98,8.500792229362148,0.9625625251270823,8.501077624206868,0.9613263442425272
4.074378803823627,0.001237906844484178,0.08268632282630266,-0.08269558822096373,98,8.50279624386949,0.9630251883313814,8.503074712319336,0.9618190089591233
4.076435532144588,0.0012071161503836067,0.08062959449403506,-0.0806386294335579,98,8.50480025837683,0.9634878515356806,8.505071800427574,0.962311673694028
4.078492260465549,0.00117632543692849,0.07857286616171756,-0.07858167064586234,98,8.506804272884171,0.9639505147399797,8.50706888853146,0.9628043384477912
4.080548988786511,0.0011455347035246506,0.07651613782935,-0.07652471185786817,98,8.508808287391512,0.9644131779442788,8.509065976630858,0.9632970032209918
4.082605717107472,0.0011147439495456759,0.07445940949693221,-0.07446775306956602,98,8.510812301898852,0.964875841148578,8.511063064725626,0.9637896680142403
4.0846624454284335,0.0010839531743302437,0.07240268116446402,-0.07241079428094598,98,8.512816316406193,0.9653385043528772,8.513060152815617,0.9642823328281809
4.086719173749395,0.001053162377179145,0.07034595283194527,-0.07035383549199757,98,8.514820330913533,0.9658011675571763,8.515057240900674,0.9647749976634948
4.088775902070356,0.0010223715573519573,0.06828922449937577,-0.06829687670270973,98,8.516824345420876,0.9662638307614755,8.517054328980633,0.9652676625209039
4.090832630391318,0.0009915807140633184,0.06623249616675538,-0.06623991791307068,98,8.518828359928216,0.9667264939657746,8.519051417055312,0.9657603274011729
4.092889358712279,0.000960789846478735,0.06417576783408392,-0.06418295912306796,98,8.520832374435557,0.9671891571700738,8.521048505124526,0.9662529923051153
4.09494608703324,0.0009299989537098542,0.06211903950136122,-0.06212600033268824,98,8.522836388942897,0.9676518203743729,8.523045593188073,0.9667456572335964
4.097002815354202,0.0008992080348091092,0.06006231116858709,-0.06006904154191735,98,8.524840403450238,0.968114483578672,8.525042681245743,0.9672383221875397
4.099059543675163,0.0008684170887636291,0.05800558283576136,-0.05801208275074012,98,8.526844417957578,0.9685771467829712,8.527039769297305,0.967730987167932
4.1011162719961245,0.0008376261144882845,0.05594885450288384,-0.05595512395914032,98,8.528848432464919,0.9690398099872704,8.529036857342518,0.9682236521758306
4.103173000317086,0.0008068351108177106,0.05389212616995436,-0.0538981651671005,98,8.53085244697226,0.9695024731915695,8.53103394538112,0.968716317212371
4.105229728638047,0.0007760440764971086,0.05183539783697272,-0.051841206374601864,98,8.5328564614796,0.9699651363958687,8.533031033412826,0.9692089822787759
4.107286456959009,0.0007452530101715888,0.049778669503938736,-0.04978424758162415,98,8.534860475986942,0.9704277996001678,8.535028121437334,0.9697016473763655
4.10934318527997,0.0007144619103737457,0.04772194117085217,-0.047727288788145375,98,8.536864490494281,0.970890462804467,8.537025209454308,0.9701943125065695
4.111399913600931,0.00068367077550909,0.04566521283771287,-0.04567032999414168,98,8.538868505001624,0.9713531260087661,8.539022297463399,0.9706869776709416
4.113456641921893,0.000652879603838854,0.04360848450452057,-0.04361337119958703,98,8.540872519508964,0.9718157892130652,8.541019385464207,0.9711796428711758
4.115513370242854,0.0006220883934595419,0.04155175617127506,-0.04155641240445294,98,8.542876534016305,0.9722784524173644,8.543016473456309,0.9716723081091271
4.1175700985638155,0.0005912971422784292,0.03949502783797611,-0.03949945360870807,98,8.544880548523645,0.9727411156216635,8.545013561439232,0.9721649733868344
4.119626826884777,0.0005605058479839446,0.03743829950462345,-0.03744249481231782,98,8.546884563030986,0.9732037788259627,8.547010649412456,0.97265763870655
4.121683555205738,0.0005297145080095298,0.03538157117121681,-0.035385536015243774,98,8.548888577538328,0.9736664420302619,8.549007737375407,0.973150304070775
4.1237402835267,0.0004989231194890764,0.033324842837755886,-0.03332857721744302,98,8.550892592045667,0.974129105234561,8.551004825327432,0.9736429694823016
4.125797011847661,0.00046813167920133086,0.03126811450424035,-0.031271618418867345,98,8.55289660655301,0.9745917684388602,8.553001913267817,0.9741356349442688
4.127853740168622,0.0004373401834996301,0.029211386170669828,-0.029214659619462156,98,8.55490062106035,0.9750544316431593,8.554999001195736,0.9746283004602296
4.129910468489584,0.0004065486282217842,0.027154657837043884,-0.027157700819165145,98,8.55690463556769,0.9755170948474584,8.556996089110251,0.9751209660342396
4.131967196810545,0.00037575700857255884,0.02509792950336202,-0.025100742017904527,98,8.55890865007503,0.9759797580517576,8.558993177010287,0.9756136316709713
4.1340239251315065,0.0003449653189674838,0.02304120116962362,-0.023043783215596705,98,8.560912664582371,0.9764424212560567,8.560990264894585,0.9761062973758657
4.136080653452468,0.0003141735528206426,0.020984472835827935,-0.020986824412143088,98,8.562916679089712,0.9769050844603558,8.562987352761667,0.9765989631553402
4.138137381773429,0.0002833816122382894,0.018927744488227993,-0.01892986560607824,99,8.564920693597053,0.9773677476646551,8.564984440589507,0.9770916291047795
4.140194110094391,0.0002525895868186449,0.016871016155580867,-0.016872906798743408,99,8.566924708104395,0.9778304108689542,8.566981528398266,0.9775842951368816
4.142250838415352,0.00022179746604483297,0.014814287822912284,-0.014815947989981152,99,8.568928722611734,0.9782930740732533,8.568978616185571,0.9780769612618939
4.144307566736313,0.0001910052361416424,0.012757559490185788,-0.012758989179585255,99,8.570932737119076,0.9787557372775525,8.570975703948331,0.9785696274932388
4.146364295057275,0.00016021287885443412,0.010700831157397863,-0.010702030367282444,99,8.572936751626417,0.9792184004818516,8.572972791682435,0.9790622938487028
4.148421023378236,0.00012942036883995312,0.008644102824542928,-0.008645071552693322,99,8.574940766133757,0.9796810636861508,8.57496987938218,0.9795549603529797
4.1504777516991975,9.862766854040358e-05,0.0065873744916112595,-0.00658811273525564,99,8.576944780641098,0.9801437268904499,8.576966967039123,0.9800476270426646
4.152534480020159,6.783471655271521e-05,0.00453064615858402,-0.0045311539140501685,99,8.578948795148438,0.980606390094749,8.578964054639448,0.9805402939775869
4.15459120834112,3.7041394447668945e-05,0.002473917825419055,-0.002474195087303956,99,8.58095280965578,0.9810690532990483,8.580961142156516,0.9810329612731405
4.156647936662082,6.2473803107962555e-06,0.0004171894919979943,-0.0004172362501976925,99,8.58295682416312,0.9815317165033474,8.582958229517907,0.9815256292429891
