frequency_index,omega0_rad_s,omega_e_rad_s,wavenumber_rad_m,wavelength_m,wave_amplitude_m,heave_response_real_m_per_m,heave_response_imag_m_per_m,pitch_response_real_rad_per_m,pitch_response_imag_rad_per_m,heave_rao_m_per_m,pitch_rao_rad_per_m,pitch_rao_rad_per_wave_slope,point_vertical_rao_m_per_m,heave_phase_lead_deg,pitch_phase_lead_deg,point_phase_lead_deg,fridsma_heave_phase_lag_deg,fridsma_pitch_phase_lead_deg,cg_accel_rao_mps2_per_m,point_accel_rao_mps2_per_m,cg_accel_g,point_accel_g,dynamic_condition_number,equation_relative_residual,heave_finite_length_factor,pitch_finite_length_factor,provider_route,matrix_contract,configuration,lambda_over_l
0,5.655284970861961,24.40765469798883,3.2612816916742378,1.9265999999999999,0.01,0.06384506005349795,0.040970178153529824,0.08922175107489545,0.19073037262188264,0.0758600500340379,0.210567319176915,0.0645658177012046,0.32004457025188393,122.68879987591833,154.93027950702879,147.6656275136129,-122.68879987591833,154.93027950702879,45.192381298933505,190.66130651095986,0.04608340391360302,0.19442042543678,6.206384371062371,1.6372388572979669e-16,0.7007407807263686,0.8152249678266597,faltinsen_ch9_reduced_order_planing_plus_matched_bie_delta_from_high_frequency,heave_pitch_2x2_v1,FnB=2.82,1.014
1,5.620244580566254,24.140953241113948,3.2209928105300336,1.9506983333333334,0.01,0.06607713140778326,0.044102656229840394,0.08626325124552967,0.19609605643950223,0.0794432601396049,0.21423121123350308,0.06651092499590214,0.3274952220858849,123.7208132258611,156.25516002348388,148.75899172425545,-123.7208132258611,156.25516002348388,46.29838988456578,190.8595071604543,0.047211218800065034,0.19462253385249226,6.224030358385028,2.2725008856328247e-16,0.7073743160690914,0.8194492523327094,faltinsen_ch9_reduced_order_planing_plus_matched_bie_delta_from_high_frequency,heave_pitch_2x2_v1,FnB=2.82,1.0266833333333334
2,5.585847557002136,23.88054904506215,3.181687215314785,1.9747966666666668,0.01,0.06832777108237793,0.04731348175252957,0.08326611927385805,0.2015400535812253,0.08310986618105452,0.21806338485965845,0.06853702771599565,0.33519492929592465,124.70061778640581,157.55207044064537,149.8223111167365,-124.70061778640581,157.55207044064537,47.3959462377151,191.15517300262343,0.048330414808028334,0.1949240291053759,6.242034232400823,1.3848332482286037e-16,0.7137989831337298,0.8235342122623872,faltinsen_ch9_reduced_order_planing_plus_matched_bie_delta_from_high_frequency,heave_pitch_2x2_v1,FnB=2.82,1.0393666666666668
3,5.552074450332887,23.626218172880904,3.1433293430518296,1.9988949999999999,0.01,0.07059637597978091,0.05060263999060762,0.08023063139387854,0.20706319298445497,0.0868589401011642,0.22206332453329175,0.07064589812205059,0.3431427073140175,125.63250254053952,158.8201796268205,150.85577367169282,-125.63250254053952,158.8201796268205,48.48450272874546,191.54163647102337,0.04944043351067435,0.195318112169827,6.2604024046323,3.077374817299957e-16,0.7200229861469847,0.8274857153807293,faltinsen_ch9_reduced_order_planing_plus_matched_bie_delta_from_high_frequency,heave_pitch_2x2_v1,FnB=2.82,1.05205
4,5.518906624083483,23.377747244558073,3.105885325299929,2.022993333333333,0.01,0.07288243735140498,0.05397016492751733,0.07715698303790441,0.2126663449717236,0.09068973688673318,0.22623035674980405,0.07283924970023078,0.3513375976116642,126.52031346649159,160.05883963761153,151.85967127106915,-126.52031346649159,160.05883963761153,49.56367032002194,192.0126957783737,0.050540878200019325,0.1957984589828063,6.279141437377152,1.6732236005795287e-16,0.7260541615917926,0.8313093358205484,faltinsen_ch9_reduced_order_planing_plus_matched_bie_delta_from_high_frequency,heave_pitch_2x2_v1,FnB=2.82,1.0647333333333333
5,5.486326211925033,23.13493282029998,3.0693228884130344,2.0470916666666668,0.01,0.07518553528288789,0.05741613875256096,0.07404529448206311,0.2183504213035692,0.09460167918714611,0.2305636834334098,0.07511874501826057,0.35977869070766577,127.36750214988604,161.26757472773738,152.8343852992963,-127.36750214988604,161.26757472773738,50.633194773476504,192.56259168413135,0.051631489625383296,0.19635919675335753,6.298258047739694,2.9788383654505766e-16,0.7318999952432479,0.8350103706168704,faltinsen_ch9_reduced_order_planing_plus_matched_bie_delta_from_high_frequency,heave_pitch_2x2_v1,FnB=2.82,1.0774166666666667
6,5.45431607723286,22.897580826619745,3.033611260762936,2.07119,0.01,0.07750533362880983,0.060940691399528055,0.07089561599172357,0.22411637531517004,0.09859434369762614,0.23506241309757733,0.07748600360827394,0.36846514633491734,128.17716952347348,162.4460692701128,153.78037322032037,-128.17716952347348,162.4460692701128,51.692936285509,193.18598429273007,0.05271212522676858,0.19699488030339626,6.317759111823671,1.9765867296984547e-16,0.7375676385551156,0.8385938552499769,faltinsen_ch9_reduced_order_planing_plus_matched_bie_delta_from_high_frequency,heave_pitch_2x2_v1,FnB=2.82,1.0901
7,5.422859775210269,22.66550602180447,2.998721086364209,2.0952883333333334,0.01,0.07984157536664574,0.0645440001348476,0.06770793251255496,0.22996520213539248,0.10266744912792457,0.23972558961924909,0.07994260977098865,0.3773962109750485,128.95210496229197,163.5941549599504,154.6981561949459,-128.95210496229197,163.5941549599504,52.74285206108145,193.87793008344752,0.053782741365381095,0.19770046864469268,6.337651669092571,1.6289693864742494e-16,0.7430639243898097,0.8420645782551571,faltinsen_ch9_reduced_order_planing_plus_matched_bie_delta_from_high_frequency,heave_pitch_2x2_v1,FnB=2.82,1.1027833333333334
8,5.391941517387847,22.438531497641236,2.9646243443918934,2.1193866666666663,0.01,0.08219407834177006,0.06822628919710418,0.06448216794839426,0.2358979389870503,0.10682084558764703,0.24455221855804748,0.08249012021393566,0.3865712329833742,129.6948210623242,164.7117976430451,155.58830776737136,-129.6948210623242,164.7117976430451,53.78298140519551,194.63385934601348,0.054843378121168296,0.19847130196959564,6.35794292690376,4.808360494860355e-16,0.7483953820919899,0.8454270949546914,faltinsen_ch9_reduced_order_planing_plus_matched_bie_delta_from_high_frequency,heave_pitch_2x2_v1,FnB=2.82,1.1154666666666666
9,5.361546138324173,22.216488214561057,2.931294274128154,2.143485,0.01,0.08456273137727754,0.07198782948937277,0.06121818906305208,0.24191566556735083,0.1110545052331359,0.24954129101023326,0.08513007145434198,0.39598967553214104,130.40758447651046,165.79908406378127,156.45144362084898,-130.40758447651046,165.79908406378127,54.81343296916727,195.44955416889215,0.05589414628763877,0.19930307920532714,6.3786402652232885,1.3033303387520244e-16,0.7535682519117097,0.8486857403649178,faltinsen_ch9_reduced_order_planing_plus_matched_bie_delta_from_high_frequency,heave_pitch_2x2_v1,FnB=2.82,1.12815
10,5.331659064348433,21.999214567612107,2.8987053049154214,2.1675833333333334,0.01,0.0869474907242493,0.07582893832551105,0.05791580903956384,0.24801950450767785,0.11536851403575231,0.25469180503687444,0.08786398693409293,0.4056511275990417,131.09244319331106,166.8562087826466,157.28821237960165,-131.09244319331106,166.8562087826466,55.83437384110688,196.32112710069674,0.05693521624724742,0.200191836254681,6.3997512415283815,1.6650156553768065e-16,0.7585884987875797,0.8518446413285571,faltinsen_ch9_reduced_order_planing_plus_matched_bie_delta_from_high_frequency,heave_pitch_2x2_v1,FnB=2.82,1.1408333333333334
11,5.302266284198574,21.786555980899944,2.866832990730673,2.1916816666666668,0.01,0.08934837682989226,0.07974997923130096,0.05457479072714891,0.2542106219120599,0.11976306454633401,0.2600027847462953,0.0906933838095773,0.415555313221967,131.75125063332916,167.8834614675235,158.09928741683967,-131.75125063332916,167.8834614675235,56.84602021514586,197.24500058019186,0.0579668084566553,0.2011339250204625,6.421283595905138,1.8783705732138875e-16,0.7634618255039184,0.8549077279197906,faltinsen_ch9_reduced_order_planing_plus_matched_bie_delta_from_high_frequency,heave_pitch_2x2_v1,FnB=2.82,1.1535166666666667
12,5.273354321420639,21.578364528337673,2.8356539490290493,2.2157799999999996,0.01,0.091765471402685,0.08375136180113443,0.05119484960323668,0.260490227973861,0.12423844954482295,0.2654732971426168,0.0936197793928688,0.4257020992312259,132.385686917763,168.88121471956845,158.88535961623046,-132.385686917763,168.88121471956845,57.8486294128256,198.21788720732854,0.05898918531081012,0.20212599328754322,6.443245256349263,2.961029836908239e-16,0.7681936852385175,0.8578787441669656,faltinsen_ch9_reduced_order_planing_plus_matched_bie_delta_from_high_frequency,heave_pitch_2x2_v1,FnB=2.82,1.1662
13,5.244910208405784,21.37449857873362,2.8051458035352757,2.239878333333333,0.01,0.09419891475528687,0.0878335416107933,0.047775656475309035,0.26685957767044494,0.12879505647721406,0.27110246687570916,0.09664469723250874,0.43609150165816785,132.99727763450312,169.8499125544016,159.64713102575786,-132.99727763450312,169.8499125544016,58.84249306335792,199.2367709070408,0.060002644188747345,0.2031649655152787,6.465644344278044,4.446122304955013e-16,0.7727892935196172,0.8607612581352472,faltinsen_ch9_reduced_order_planing_plus_matched_bie_delta_from_high_frequency,heave_pitch_2x2_v1,FnB=2.82,1.1788833333333333
14,5.216921461951359,21.1748224634116,2.7752871306887377,2.2639766666666667,0.01,0.09664890340749982,0.09199702018676433,0.04431683994497285,0.2733199715357655,0.1334333625939036,0.27688948904395055,0.09976967283209914,0.44672369100519216,133.58741039726976,170.7900596234274,160.38530933785796,-133.58741039726976,170.7900596234274,59.82793127788855,200.29888901926287,0.06100751151299227,0.20424802457440908,6.488489180262325,2.3126424576750334e-16,0.7772536396120747,0.8635586714090577,faltinsen_ch9_reduced_order_planing_plus_matched_bie_delta_from_high_frequency,heave_pitch_2x2_v1,FnB=2.82,1.1915666666666667
15,5.189376060241433,20.979206164710305,2.7460574094728476,2.288075,0.01,0.09911568793301767,0.09624234503245635,0.04081798865457782,0.27987275651104976,0.13815393071419185,0.2828336402108112,0.10299625901306482,0.45759899654730934,134.15734946263558,171.70221122884237,161.10060312738904,-134.15734946263558,171.70221122884237,60.805287677095016,201.4017153328153,0.06200413767912082,0.20537259444643716,6.5117882899874875,2.0592149770287218e-16,0.7815914973536364,0.8662742280117783,faltinsen_ch9_reduced_order_planing_plus_matched_bie_delta_from_high_frequency,heave_pitch_2x2_v1,FnB=2.82,1.20425
16,5.162262421150358,20.78752502384564,2.717436974381788,2.3121733333333334,0.01,0.10159957103506075,0.10057010971164194,0.03727865333481096,0.28651932687395787,0.14295740555116426,0.2889342878004667,0.10632603093442443,0.46871790982033235,134.70824864047665,172.58696415937345,161.79371777879493,-134.70824864047665,172.58696415937345,61.7749251520321,202.54294406738515,0.06299289273302515,0.2065363238897944,6.535550410453158,2.2245254105982874e-16,0.7858074354627749,0.8689110227979028,faltinsen_ch9_reduced_order_planing_plus_matched_bie_delta_from_high_frequency,heave_pitch_2x2_v1,FnB=2.82,1.2169333333333334
17,5.135569381780428,20.599659466744562,2.68940697129811,2.3362716666666663,0.01,0.10410090583726941,0.10498095398942615,0.033698348670003944,0.29326112524681697,0.14784451053951933,0.29519089803737925,0.10976059078738014,0.4800810874358669,135.24116270611432,173.4449483519095,162.46535203525224,-135.24116270611432,173.4449483519095,62.73722225562903,203.72047479664224,0.06397416269126464,0.20773707106569753,6.559784496421615,2.976834050510653e-16,0.7899058273397918,0.8714720093506771,faltinsen_ch9_reduced_order_planing_plus_matched_bie_delta_from_high_frequency,heave_pitch_2x2_v1,FnB=2.82,1.2296166666666666
18,5.109286179151524,20.41549474657215,2.6619493160731524,2.3603699999999996,0.01,0.10662009437743317,0.10947556403104262,0.03007655499637173,0.300099643684747,0.15281604511623662,0.3016030425910221,0.11330157218618275,0.4916893533488942,135.75705749749932,174.27681936664487,163.1161951052071,-135.75705749749932,174.27681936664487,63.692570137107396,204.93239829641433,0.06494834641504224,0.20897288910730405,6.584499727125539,1.391875269750921e-16,0.7938908603828876,0.8739600074161984,faltinsen_ch9_reduced_order_planing_plus_matched_bie_delta_from_high_frequency,heave_pitch_2x2_v1,FnB=2.82,1.2423
19,5.08340243196688,20.234920701776552,2.6350466556190733,2.3844683333333334,0.01,0.10915758629275873,0.11405467265880048,0.026412719847029868,0.30703642484472426,0.1578728824103975,0.30817040408051466,0.1169506442792428,0.5035437006901368,136.25681885837514,175.0832516497536,163.74692426516287,-136.25681885837514,175.0832516497536,64.64136994422799,206.17698329458645,0.06591585296123344,0.21024201260836925,6.609705513246265,2.14637585233178e-16,0.7977665448406996,0.8763777099029958,faltinsen_ch9_reduced_order_planing_plus_matched_bie_delta_from_high_frequency,heave_pitch_2x2_v1,FnB=2.82,1.2549833333333333
20,5.057908123384797,20.057831528570162,2.608682331336585,2.4085666666666663,0.01,0.1117138776864371,0.11871905966753764,0.022706259356407448,0.3140730632368486,0.1630159673040791,0.31489278058561126,0.12070951560601584,0.5156452932627011,136.74126056837372,175.86493254748774,164.35820290156357,-136.74126056837372,175.86493254748774,65.58403062902417,207.452664093764,0.06687709934485699,0.2115428450018753,6.6354115041742725,3.927920425516011e-16,0.8015367222224651,0.8787276894742874,faltinsen_ch9_reduced_order_planing_plus_matched_bie_delta_from_high_frequency,heave_pitch_2x2_v1,FnB=2.82,1.2676666666666665
21,5.032793584731381,19.884125566850834,2.582840344716427,2.4326649999999996,0.01,0.11428762576336661,0.12345706445388382,0.018983489658736977,0.32121985578638834,0.1682358706287032,0.32178031113020494,0.12458389531836649,0.52800137894342,137.20871334326603,176.61786094550098,164.9474227656193,-137.20871334326603,176.61786094550098,66.5168376892659,208.76036657128907,0.06782829782776575,0.212876330419959,6.661530748674173,4.272952781013499e-16,0.8052050732864916,0.8810124047583594,faltinsen_ch9_reduced_order_planing_plus_matched_bie_delta_from_high_frequency,heave_pitch_2x2_v1,FnB=2.82,1.2803499999999999
22,5.008049480094152,19.71370509864483,2.5575053249653354,2.456763333333333,0.01,0.11688111247488622,0.12828121047643345,0.015218263867210119,0.3284697359363658,0.17354326093129063,0.3288220840838369,0.12857141718299014,0.5406063837526294,137.66234763028262,177.34733794014875,165.51842812428833,-137.66234763028262,177.34733794014875,67.44414677531046,210.0959501269122,0.06877388993724713,0.21423824662541457,6.688165415867087,4.2030150325145295e-16,0.8087751256270637,0.8832342062008902,faltinsen_ch9_reduced_order_planing_plus_matched_bie_delta_from_high_frequency,heave_pitch_2x2_v1,FnB=2.82,1.2930333333333333
23,4.983666791740764,19.546476158224035,2.5326624985188295,2.4808616666666663,0.01,0.11949498957309483,0.13319254505252848,0.011409612664039469,0.33582434848665504,0.17893939362433267,0.33601811304992135,0.1326738613006802,0.5534618729136425,138.1028232615363,178.05412770522673,166.07187680202082,-138.1028232615363,178.05412770522673,68.36643114795172,211.45826115296276,0.0697143582650056,0.21562741726579698,6.715326952930957,1.9090251369909253e-16,0.8122502608792893,0.8853953415815139,faltinsen_ch9_reduced_order_planing_plus_matched_bie_delta_from_high_frequency,heave_pitch_2x2_v1,FnB=2.82,1.3057166666666666
24,4.959636806311129,19.38234835311532,2.508297660313772,2.50496,0.01,0.12212993029907618,0.1381920143136891,0.007556864315803453,0.3432855027627761,0.18442546650322472,0.3433686686425822,0.13689311044512514,0.5665696655267634,138.5307220839975,178.7389315594412,166.60836783304933,-138.5307220839975,178.7389315594412,69.28411600396134,212.84630140813812,0.07065013639108293,0.21704282441826528,6.743025906877967,2.0534386058433584e-16,0.8156337215607151,0.8874979612154617,faltinsen_ch9_reduced_order_planing_plus_matched_bie_delta_from_high_frequency,heave_pitch_2x2_v1,FnB=2.82,1.3184
25,4.935951101734914,19.221234695279,2.4843971467033197,2.5290583333333334,0.01,0.12478665112700732,0.1432806128373084,0.0036593219228781802,0.35085506685272305,0.1900027429131698,0.3508741491947847,0.14123110295001687,0.5799317554041118,138.94658259391304,179.40244243274066,167.1284809371948,-138.94658259391304,179.40244243274066,70.19762739544232,214.25918729629504,0.07158165876771612,0.21848356706550662,6.771273099104812,3.2286776189747925e-16,0.818928617567842,0.8895441228597916,faltinsen_ch9_reduced_order_planing_plus_matched_bie_delta_from_high_frequency,heave_pitch_2x2_v1,FnB=2.82,1.3310833333333334
26,4.9126015348298075,19.063051441787845,2.4609478099057456,2.5531566666666663,0.01,0.1274659115458692,0.14845938429121872,-0.0002837357655769531,0.3585349693499542,0.19567255144845205,0.3585350816206934,0.14568983550871212,0.5935503118866118,139.35090386046232,-179.95465753731025,167.63277628845668,-139.35090386046232,-179.95465753731025,71.10739155256066,215.69614195266675,0.07250936002871589,0.21994885302592299,6.800079634390649,9.316449535613098e-17,0.8221379323449445,0.8915357963424354,faltinsen_ch9_reduced_order_planing_plus_matched_bie_delta_from_high_frequency,heave_pitch_2x2_v1,FnB=2.82,1.3437666666666666
27,4.8895802295390824,18.907717944387876,2.437936993886747,2.5772549999999996,0.01,0.1301685139751328,0.15372942213863086,-0.004273053612577037,0.3663272011930618,0.20143628586124127,0.3663521220371433,0.15027136589493093,0.6074276807580646,139.7441490359863,-179.33169900084323,168.12179443777597,-139.7441490359863,-179.33169900084323,72.01383435054662,217.15648794368823,0.07343367444595923,0.22143799150952492,6.8294569102663525,1.2882204615424702e-16,0.8252645287418751,0.8934748679311253,faltinsen_ch9_reduced_order_planing_plus_matched_bie_delta_from_high_frequency,heave_pitch_2x2_v1,FnB=2.82,1.35645
28,4.866879565769868,18.755156507367943,2.415352511582274,2.601353333333333,0.01,0.13289530381063944,0.15909187040436912,-0.008309399423773275,0.3742338176051732,0.2072954051678009,0.374326056210526,0.15497781562547516,0.6215663852890986,140.12674850058983,-178.72802702790474,168.59605636515482,-140.12674850058983,-178.72802702790474,72.91738090185365,218.63964054208338,0.07435503551350732,0.22295038626042882,6.859416626771999,2.680590972720407e-16,0.8283111545767962,0.8953631444581388,faltinsen_ch9_reduced_order_planing_plus_matched_bie_delta_from_high_frequency,heave_pitch_2x2_v1,FnB=2.82,1.3691333333333333
29,4.844492168796216,18.605292253206816,2.3931826233757567,2.6254516666666667,0.01,0.13564716959752932,0.16454792450343558,-0.012393563341434216,0.38225694013643097,0.21325143394174215,0.3824577998874714,0.15981137258467434,0.6359691274395295,140.49910268296105,-178.1430024196689,169.05606363935345,-140.49910268296105,-178.1430024196689,73.81845525698641,220.14510154030089,0.07527387564253482,0.2244855292483171,6.889970796620566,3.3247431578823235e-16,0.8312804479190676,0.8972023572157827,faltinsen_ch9_reduced_order_planing_plus_matched_bie_delta_from_high_frequency,heave_pitch_2x2_v1,FnB=2.82,1.3818166666666667
30,4.822410899193473,18.458052995505156,2.3714160167498584,2.6495499999999996,0.01,0.13842504332767555,0.1700988321330413,-0.016526357296370184,0.39039875881318,0.21930596278554174,0.39074839906051917,0.16477429362902718,0.6506387892440063,140.8615845940821,-177.57600273746107,169.50229866613375,-140.8615845940821,-177.57600273746107,74.71748019977028,221.67245356698777,0.0761906259525631,0.22604299487285445,6.921131755786738,3.765657810088972e-16,0.834174942106804,0.898994165636567,faltinsen_ch9_reduced_order_planing_plus_matched_bie_delta_from_high_frequency,heave_pitch_2x2_v1,FnB=2.82,1.3944999999999999
31,4.800628843272787,18.31336911874505,2.3500417870386547,2.673648333333333,0.01,0.14122990085966247,0.17574589422935652,-0.020708614512582883,0.39866153439778806,0.2254606489729555,0.39919903021353836,0.1698689071893393,0.665578434402756,141.21454210599893,-177.02642308511318,169.93522500849014,-141.21454210599893,-177.02642308511318,75.61487712478447,223.22135487291942,0.07710571614647661,0.2276224346468156,6.95291217454077,1.5458539502711885e-16,0.836997070512916,0.9007401607711043,faltinsen_ch9_reduced_order_planing_plus_matched_bie_delta_from_high_frequency,heave_pitch_2x2_v1,FnB=2.82,1.4071833333333332
32,4.779139303986631,18.171173464452387,2.3290494192114357,2.6977466666666663,0.01,0.14406276245991165,0.18149046599035093,-0.02494118905973656,0.4070476007633471,0.23171721725624028,0.4078110005859464,0.17509761588658007,0.6807913100967055,141.55830000390654,-176.49367667692778,170.35528776451514,-141.55830000390654,-176.49367667692778,76.51106598636808,224.79153455461343,0.07801957445852364,0.2292235723255275,6.98532506894842,1.2304937698127442e-16,0.8397491710727848,0.9024418685759515,faltinsen_ch9_reduced_order_planing_plus_matched_bie_delta_from_high_frequency,heave_pitch_2x2_v1,FnB=2.82,1.4198666666666666
33,4.757935792278166,18.031401223367233,2.3084287706241855,2.721845,0.01,0.14692469346410175,0.1873339579662171,-0.02922495544882332,0.41555936738781374,0.23807746083325204,0.4165857484897265,0.1804628991766916,0.6962808490441561,141.89316183639062,-175.977195220398,170.76291399051314,-141.89316183639062,-175.977195220398,77.40646531006601,226.38278818568486,0.0789326276659879,0.23084619945209103,7.01838381285909,4.0401136514061045e-16,0.8424334905860502,0.904100753022798,faltinsen_ch9_reduced_order_planing_plus_matched_bie_delta_from_high_frequency,heave_pitch_2x2_v1,FnB=2.82,1.43255
34,4.73701201884909,17.893989833255052,2.2881700546792976,2.7459433333333334,0.01,0.14981680505856604,0.19327783721900377,-0.033560808266629334,0.4241993219725068,0.24454324247055387,0.42552484370885324,0.18596731603870822,0.7120506718145317,142.21941158569336,-175.4764291398594,171.1585131587152,-142.21941158569336,-175.4764291398594,78.30149225864986,227.994973827852,0.079845301156511,0.23249017128973912,7.0521021504056725,2.519669260540489e-16,0.8450521888043766,0.9057182190396915,faltinsen_ch9_reduced_order_planing_plus_matched_bie_delta_from_high_frequency,heave_pitch_2x2_v1,FnB=2.82,1.4452333333333334
35,4.716361886322236,17.758878882016994,2.2682638253382184,2.7700416666666663,0.01,0.15274025518186854,0.19932362855321042,-0.037949661844809704,0.4329700331902149,0.2511164957796292,0.4346299880068921,0.19161350771975783,0.7281045894133714,142.53731517727886,-174.9908476644574,171.5424776404842,-142.53731517727886,-174.9908476644574,79.1965627459428,229.6280083953079,0.08075801904416167,0.23415540311452726,7.086494209040639,3.8069923244033455e-16,0.8476073423164389,0.9072956152942963,faltinsen_ch9_reduced_order_planing_plus_matched_bie_delta_from_high_frequency,heave_pitch_2x2_v1,FnB=2.82,1.4579166666666665
36,4.6959794817767575,17.626010015781002,2.248700962435521,2.7941399999999996,0.01,0.1556962495472802,0.20547291581924118,-0.04239244995954688,0.4418741535685579,0.2577992266442045,0.44390301576527075,0.19740420054985375,0.744446606151771,142.84712184570287,-174.51993880122245,171.9151832072481,-142.84712184570287,-174.51993880122245,80.09209159263679,231.28186434796524,0.08167120432832495,0.23584186684338204,7.121574513134611,4.864051282091315e-16,0.8501009482407977,0.9088342368285409,faltinsen_ch9_reduced_order_planing_plus_matched_bie_delta_from_high_frequency,heave_pitch_2x2_v1,FnB=2.82,1.4706
37,4.675859069635141,17.49532685167722,2.2294726577464483,2.818238333333333,0.01,0.15868604278738338,0.21172734329174947,-0.04689012555789879,0.4509144225146226,0.26459351479751275,0.45334589477189613,0.2033422088388105,0.76108092281272,143.1490653718124,-174.06320921165886,172.27698954258142,-143.1490653718124,-174.06320921165886,80.98849271911855,232.95656669079264,0.0825852790903301,0.23754958797427525,7.157357998164854,1.219436365182854e-16,0.8525349277367688,0.910335327553415,faltinsen_ch9_reduced_order_planing_plus_matched_bie_delta_from_high_frequency,heave_pitch_2x2_v1,FnB=2.82,1.4832833333333333
38,4.655995084882608,17.366774895020963,2.210570401763192,2.8423366666666667,0.01,0.16171093972255157,0.21808861712507047,-0.05144366050705301,0.4600936694873275,0.2715015155491333,0.46296072717745623,0.2094304378671632,0.7780119401263674,143.44336520456602,-173.6201840080702,172.62824075988755,-143.44336520456602,-173.6201840080702,81.88617937105043,234.65219025813295,0.0835006647234789,0.23927864281699968,7.193860025522783,6.090517508694237e-16,0.8549111293428621,0.9118000826121265,faltinsen_ch9_reduced_order_planing_plus_matched_bie_delta_from_high_frequency,heave_pitch_2x2_v1,FnB=2.82,1.4959666666666667
39,4.636382126600722,17.240301460645494,2.1919859711382212,2.8664349999999996,0.01,0.16477229675555455,0.22455850688806714,-0.056054045362763316,0.46941481732438267,0.27852546166176373,0.4727497506347457,0.2156718869825902,0.7952442625659428,143.73022747924074,-173.19040648386604,172.96926592103114,-143.73022747924074,-173.19040648386604,82.78556437408244,236.36885726347379,0.08441778219277983,0.24102915599462998,7.23109639797129,2.5034802446794406e-16,0.8572313321518528,0.9132296506192915,faltinsen_ch9_reduced_order_planing_plus_matched_bie_delta_from_high_frequency,heave_pitch_2x2_v1,FnB=2.82,1.5086499999999998
40,4.617014951798112,17.11585559814341,2.1737114167557037,2.890533333333333,0.01,0.16787152339506398,0.23113884718090202,-0.06072228915330594,0.47888088573119164,0.2856676653790133,0.48271533963476687,0.22206965281307978,0.8127827024760608,144.00984594246347,-172.773437790304,173.3003795520492,-144.00984594246347,-172.773437790304,83.68706041463088,238.1067350966566,0.0853370523212625,0.24280129819730148,7.269083375784324,2.647496089071871e-16,0.8594972488310697,0.9146251357833682,faltinsen_ch9_reduced_order_planing_plus_matched_bie_delta_from_high_frequency,heave_pitch_2x2_v1,FnB=2.82,1.5213333333333332
41,4.59788846952234,16.99338802079187,2.1557390523947006,2.9146316666666663,0.01,0.17101008391135758,0.2378315393363906,-0.06544941917529123,0.48849499493952114,0.2929305206059735,0.49286000705204897,0.2286269326078942,0.8306322845452396,144.2824027933258,-172.36885657051707,173.62188215274347,-144.2824027933258,-172.36885657051707,84.59108034414476,239.86603435194942,0.08625889610024295,0.24459528417140353,7.307837693603148,4.478704844501837e-16,0.8617105284960136,0.9159875999190773,faltinsen_ch9_reduced_order_planing_plus_matched_bie_delta_from_high_frequency,heave_pitch_2x2_v1,FnB=2.82,1.5340166666666666
42,4.578997735237878,16.87285103795117,2.1380614439501375,2.9387299999999996,0.01,0.17418949912805584,0.24463855320877853,-0.07023648079766179,0.49826036954427616,0.30031650524499537,0.5031864059106118,0.23534702771729454,0.8487982506347667,144.54806944881364,-171.97625856024075,173.93406069753445,-144.54806944881364,-171.97625856024075,85.49803750471106,241.6470070717626,0.08718373502134887,0.24641137092866844,7.347376578045612,3.5493955623564385e-16,0.8638727594449934,0.9173180643561242,faltinsen_ch9_reduced_order_planing_plus_matched_bie_delta_from_high_frequency,heave_pitch_2x2_v1,FnB=2.82,1.5467
43,4.560337945456092,16.754198490740002,2.1206713991798107,2.9628283333333334,0.01,0.17741134835428102,0.251561929052954,-0.07508453727016257,0.5081803425272804,0.3078281836897452,0.5136973313812507,0.2422333472219826,0.8672860649764825,144.80700724087228,-171.5952561633747,174.23718912545985,-144.80700724087228,-171.5952561633747,86.40834607422897,243.44994519207395,0.08811199142849901,0.24824985616094586,7.3877177661069195,1.882712671146137e-16,0.8659854717620433,0.9186175117501723,faltinsen_ch9_reduced_order_planing_plus_matched_bie_delta_from_high_frequency,heave_pitch_2x2_v1,FnB=2.82,1.5593833333333333
44,4.5419044326040146,16.637385690803395,2.1035619579477185,2.9869266666666667,0.01,0.18067727146218554,0.25860377949729474,-0.07999466953249366,0.5182583594775182,0.3154682094812498,0.5243957230202602,0.24928941172328112,0.8861014197526051,145.05936805162713,-171.22547800938267,174.53152881762355,-145.05936805162713,-171.22547800938267,87.32242142971654,245.27517917682954,0.08904408888837324,0.25011107684767947,7.428879524392639,4.4038547863587724e-16,0.8680501397949919,0.9198868878016044,faltinsen_ch9_reduced_order_planing_plus_matched_bie_delta_from_high_frequency,heave_pitch_2x2_v1,FnB=2.82,1.5720666666666667
45,4.52369266011943,16.52236936200089,2.086726382935906,3.0110249999999996,0.01,0.18398897111540144,0.26576629161354093,-0.08496797602025732,0.5284979830179408,0.32323932813028444,0.5352846672594038,0.2565188573052345,0.9052502410714511,145.3052948925706,-170.86656849853188,174.81732906076564,-145.3052948925706,-170.86656849853188,88.2406805276138,247.12307682973218,0.08998045257821356,0.2519954080442681,7.470880669227045,2.3776815838636175e-16,0.870068184515185,0.921127102887312,faltinsen_ch9_reduced_order_planing_plus_matched_bie_delta_from_high_frequency,heave_pitch_2x2_v1,FnB=2.82,1.5847499999999999
46,4.505698217760588,16.409107584853622,2.0701581507987883,3.035123333333333,0.01,0.18735310227809446,0.27305228636676815,-0.09000517227639336,0.5389074984317592,0.3311476045864528,0.5463718723566211,0.2639275999979996,0.9247452243627398,145.54427974501994,-170.51830821487485,175.0945283632235,-145.54427974501994,-170.51830821487485,89.1644105186149,248.99580026610636,0.09092239502645136,0.25390505449476264,7.513737817848751,2.323116196558128e-16,0.8720409757650045,0.9223390336103858,faltinsen_ch9_reduced_order_planing_plus_matched_bie_delta_from_high_frequency,heave_pitch_2x2_v1,FnB=2.82,1.5974333333333333
47,4.487916817119527,16.297559743598963,2.053850943735554,3.059221666666666,0.01,0.19076980174170372,0.28046392893873756,-0.09510743974330531,0.549489073086797,0.339194829990556,0.5576590952690664,0.2715187764574548,0.9445904254188794,145.77670893782533,-170.1803387800863,175.363462110049,-145.77670893782533,-170.1803387800863,90.0936926512699,250.89309135811487,0.09186999908355035,0.2558397529820223,7.557472194434639,1.633450230111338e-16,0.8739698343989942,0.9235235242723268,faltinsen_ch9_reduced_order_planing_plus_matched_bie_delta_from_high_frequency,heave_pitch_2x2_v1,FnB=2.82,1.6101166666666664
48,4.470344287328649,16.187686475710855,2.037798641457775,3.0833199999999996,0.01,0.1942381156910525,0.2880033213073167,-0.10027613619454466,0.5602439476780464,0.3473821507666394,0.5691472431629521,0.27929513327960737,0.9647886697223919,146.0030871907137,-169.85227981925644,175.6245229467093,-146.0030871907137,-169.85227981925644,91.02843336522416,252.81437442750163,0.09282316934450008,0.25779891647759595,7.6021061030173875,3.6284685511712577e-16,0.8758560343240859,0.9246813882720681,faltinsen_ch9_reduced_order_planing_plus_matched_bie_delta_from_high_frequency,heave_pitch_2x2_v1,FnB=2.82,1.6227999999999998
49,4.4529765709507725,16.079449623752684,2.021995313530767,3.107418333333333,0.01,0.19776003454350258,0.2956729728365408,-0.10551242076146651,0.5711762130115976,0.3557127185365251,0.5808400272409044,0.28726081774475204,0.9853469003127964,146.22352652072522,-169.53383372874458,175.87791636261318,-146.22352652072522,-169.53383372874458,91.96906102322312,254.76016032473177,0.09378234261773707,0.2597830659039853,7.647660799784896,3.3638416249643405e-16,0.8777008044441202,0.925813409435881,faltinsen_ch9_reduced_order_planing_plus_matched_bie_delta_from_high_frequency,heave_pitch_2x2_v1,FnB=2.82,1.6354833333333332
50,4.43580972004348,15.972812189437741,2.0064352120685673,3.1315166666666663,0.01,0.2013376256703821,0.30347547926545937,-0.11081746853836039,0.5822901030381412,0.364189793961867,0.5927413225256187,0.2954201157158333,1.0062723311226445,146.4381322862762,-169.22471642064102,176.12383779806657,-146.4381322862762,-169.22471642064102,92.91600771491082,256.73099365239995,0.09474795951207683,0.2617927566012858,7.694158206964916,2.389308121426327e-16,0.8795053305135753,0.9269203432819592,faltinsen_ch9_reduced_order_planing_plus_matched_bie_delta_from_high_frequency,heave_pitch_2x2_v1,FnB=2.82,1.6481666666666666
51,4.418839892389094,15.867738289779975,1.9911127647636315,3.1556149999999996,0.01,0.20497303671036543,0.31141352544027595,-0.11619247025456131,0.5935900007928301,0.37281675070389503,0.604855172074348,0.30377745689664715,1.027572455693038,146.64700352180887,-168.9246568764364,176.36247301275932,-146.64700352180887,-168.9246568764364,93.86970972976764,258.72745245510833,0.09572046491897604,0.26382857801095005,7.741620939291308,3.685025663557737e-16,0.8812707569051426,0.9280029182232638,faltinsen_ch9_reduced_order_planing_plus_matched_bie_delta_from_high_frequency,heave_pitch_2x2_v1,FnB=2.82,1.66085
52,4.402063347882093,15.764193115224629,1.9760225682334844,3.179713333333333,0.01,0.20866849909314128,0.3194898881728728,-0.12163863190883802,0.605080444634512,0.38159707959901773,0.6171857915180424,0.3123374203513229,1.04925505641245,146.85023324292456,-168.6333967113301,176.59399843728949,-146.85023324292456,-168.6333967113301,94.8306080452559,260.7501480323385,0.0967003085103026,0.26589115348497044,7.790072331732042,3.069874685670478e-16,0.8829981882955458,0.9290618367119906,faltinsen_ch9_reduced_order_planing_plus_matched_bie_delta_from_high_frequency,heave_pitch_2x2_v1,FnB=2.82,1.6735333333333333
53,4.385476445066261,15.662142889655218,1.9611593816676447,3.2038116666666667,0.01,0.21242633178491813,0.32770743923086937,-0.12715717435994503,0.6167661348011115,0.3905343930601376,0.629737573937516,0.3211047403001113,1.0713282143022598,147.04790872439173,-168.3506897505831,176.81858150784228,-147.04790872439173,-168.3506897505831,95.79914883057651,262.799724869645,0.0976879452520244,0.26798114021571584,7.839536468548014,1.7638146028370093e-16,0.8846886912737548,0.9300977763288311,faltinsen_ch9_reduced_order_planing_plus_matched_bie_delta_from_high_frequency,heave_pitch_2x2_v1,FnB=2.82,1.6862166666666667
54,4.369075637814305,15.561554832179272,1.946518120759125,3.2279099999999996,0.01,0.21624894526828184,0.33606914846464775,-0.1327493328667754,0.628651940299067,0.39963242971435364,0.6425150950898786,0.33008431220732914,1.0938003193741443,147.24011175316616,-168.07630161903802,177.0363809842047,-147.24011175316616,-168.07630161903802,96.77578396657478,264.8768606841637,0.09868383593436575,0.2700992292823377,7.890038213756336,9.019093739048131e-17,0.8863432958755189,0.9311113908199877,faltinsen_ch9_reduced_order_planing_plus_matched_bie_delta_from_high_frequency,heave_pitch_2x2_v1,FnB=2.82,1.6988999999999999
55,4.3528574721430395,15.462397120601082,1.9320938519057465,3.252008333333333,0.01,0.22013884576995077,0.3445780870770398,-0.13841635657101886,0.64074290614591,0.4088950592885639,0.6555231189994003,0.3392811991781954,1.116680081586292,147.42691885834427,-167.81000934468815,177.24754725134625,-147.42691885834427,-167.81000934468815,97.76097158245977,266.98226658105676,0.09968844771910874,0.2722461458102988,7.941603243076363,4.2387922638473255e-16,0.8879629970479392,0.9321033110847551,faltinsen_ch9_reduced_order_planing_plus_matched_bie_delta_from_high_frequency,heave_pitch_2x2_v1,FnB=2.82,1.7115833333333332
56,4.336818583157667,15.36463885649511,1.9178817866673816,3.2761066666666663,0.01,0.2240986397510738,0.35323743104165073,-0.14415950791464574,0.6530442609863473,0.4183262877553675,0.6687666039280051,0.34870063868226797,1.1399765424273491,147.60840151976373,-167.55160097697214,177.45222260483325,-147.60840151976373,-167.55160097697214,98.75517661012293,269.11668731811767,0.10070225470484104,0.2744226492411962,7.994258077441497,1.790647900398457e-16,0.8895487560475914,0.9330741461162981,faltinsen_ch9_reduced_order_planing_plus_matched_bie_delta_from_high_frequency,heave_pitch_2x2_v1,FnB=2.82,1.7242666666666666
57,4.320955692119005,15.268250031798699,1.9038772764660337,3.3002049999999996,0.01,0.2281310386758968,0.3620504646760756,-0.14998006198388594,0.6655614251035493,0.42793026275259594,0.6822507087417042,0.35834804962223943,1.163699087159079,147.7846263567909,-167.30087522029916,177.65054152037123,-147.7846263567909,-167.30087522029916,99.75887135695766,271.28090167632666,0.10172573851106917,0.27662953371062154,8.048030118165325,4.022468429138006e-16,0.8911015017755234,0.9340244838981039,faltinsen_ch9_reduced_order_planing_plus_matched_bie_delta_from_high_frequency,heave_pitch_2x2_v1,FnB=2.82,1.7369499999999998
58,4.30526560362785,15.17320149684737,1.8900758075164381,3.324303333333333,0.01,0.2322388640758974,0.3710205843765747,-0.15587930577065354,0.678300018848834,0.4377112792908107,0.6959807996905298,0.368229039768013,1.1878574577509953,147.95565529866883,-167.05764108316507,177.84263090778643,-147.95565529866883,-167.05764108316507,100.7725360982014,273.475722934707,0.10275938888223951,0.2788676285323806,8.102947683856234,3.488059391303821e-16,0.8926221320522761,0.9349548922584521,faltinsen_ch9_reduced_order_planing_plus_matched_bie_delta_from_high_frequency,heave_pitch_2x2_v1,FnB=2.82,1.7496333333333332
59,4.289745202921009,15.079464929780528,1.8764729959755686,3.3484016666666663,0.01,0.2364250529278531,0.38015130252105683,-0.16185853734154368,0.6912658715144694,0.44767378576413674,0.7099624576208258,0.37834941357720947,1.2124617665425639,148.1215457376518,-166.8217175430999,178.02861034976593,-148.1215457376518,-166.8217175430999,101.79665968993291,275.70199944835775,0.10380370431282131,0.2811377987879222,8.159040049180685,3.0023107035555e-16,0.8941115148359018,0.935865919685094,faltinsen_ch9_reduced_order_planing_plus_matched_bie_delta_from_high_frequency,heave_pitch_2x2_v1,FnB=2.82,1.7623166666666665
60,4.274391453273778,14.987012807249354,1.8630645833000998,3.3724999999999996,0.01,0.24069266336578093,0.3894462515475495,-0.16791906490365643,0.7044650306760178,0.45782239028093674,0.7242014856402057,0.3887151804246135,1.2375225106711751,148.28235066602235,-166.59293322758953,178.2085923256792,-148.28235066602235,-166.59293322758953,102.83174020397604,277.96061532906043,0.10485919269472861,0.2834409460203642,8.216337485581965,6.785037528097631e-16,0.8955704893858006,0.9367580961022329,faltinsen_ch9_reduced_order_planing_plus_matched_bie_delta_from_high_frequency,heave_pitch_2x2_v1,FnB=2.82,1.775
61,4.259201393503972,14.895818376362595,1.8498464318014995,3.396598333333333,0.01,0.2450448807482748,0.3989091882156335,-0.17406220575548415,0.7179037720324204,0.4681618673320072,0.7387039172570036,0.3993325632645117,1.2630505873067759,148.43811879796112,-166.3711261110347,178.3826824207984,-148.43811879796112,-166.3711261110347,103.87828558607531,280.2524912283545,0.10592637198847245,0.28577800903300776,8.274871304068096,7.950624031594299e-17,0.8969998673750382,0.9376319336117273,faltinsen_ch9_reduced_order_planing_plus_matched_bie_delta_from_high_frequency,heave_pitch_2x2_v1,FnB=2.82,1.7876833333333333
62,4.244172135572825,14.805855627809578,1.8368145203890005,3.4206966666666667,0.01,0.24948502410449103,0.4085439980586591,-0.18028928511002323,0.7315886097739918,0.4786971648152641,0.7534760250177343,0.4102080077514648,1.2890573097370455,148.58889467713027,-166.15614322774678,178.55097952122856,-148.58889467713027,-166.15614322774678,104.93681433883181,282.57858522348414,0.10700577091956152,0.288149964792752,8.334673900190264,1.565781885576732e-16,0.898400433953676,0.9384879272004069,faltinsen_ch9_reduced_order_planing_plus_matched_bie_delta_from_high_frequency,heave_pitch_2x2_v1,FnB=2.82,1.8003666666666667
63,4.229300862278374,14.717099270103112,1.823964940491259,3.4447949999999996,0.01,0.2540165529838714,0.41835470003486847,-0.18660163477602915,0.7455263075105156,0.4894334114372176,0.7685243296678059,0.421348191846722,1.315554424350056,148.7347187707319,-165.9478404009318,178.71357599484418,-148.7347187707319,-165.9478404009318,106.00785623100477,284.93989380709087,0.10809792970178886,0.2905578294392997,8.395778801340938,1.882915195750471e-16,0.8997729487655,0.939326555415198,faltinsen_ch9_reduced_order_planing_plus_matched_bie_delta_from_high_frequency,heave_pitch_2x2_v1,FnB=2.82,1.8130499999999998
64,4.2145848250371225,14.62952470488813,1.811293892148001,3.468893333333333,0.01,0.2586430747367244,0.42834545138589464,-0.1930005916819939,0.7597238897939207,0.500375924513013,0.7838556098626871,0.43276003593934614,1.342554128564799,148.87562755070553,-165.74608198757633,178.8705578585118,-148.87562755070553,-165.74608198757633,107.09195303491737,287.3374529820264,0.10920340078917609,0.2930026594015555,8.458220716509732,2.3058752127488266e-16,0.9011181469204156,0.9401482810077234,faltinsen_ch9_reduced_order_planing_plus_matched_bie_delta_from_high_frequency,heave_pitch_2x2_v1,FnB=2.82,1.8257333333333332
65,4.200021341750019,14.543108003264898,1.798797680263457,3.4929916666666663,0.01,0.2633683522549432,0.4385205527114271,-0.1994874962259247,0.7741886542723762,0.5115302181883484,0.7994769124587409,0.44445071351306564,1.3700690897635255,149.0116535626446,-165.55074063912457,179.02200493186018,-149.0116535626446,-165.55074063912457,108.18965929383378,289.77233946314124,0.11032274965848052,0.2954855526231091,8.522035588644204,1.2234701053514246e-16,0.902436739924655,0.9409535515499184,faltinsen_ch9_reduced_order_planing_plus_matched_bie_delta_from_high_frequency,heave_pitch_2x2_v1,FnB=2.82,1.8384166666666666
66,4.185607794749008,14.45782588307846,1.7864727110138177,3.517089999999999,0.01,0.2681963122045069,0.4488844532691608,-0.20606369043233852,0.7889281845152446,0.5229020121082446,0.8153955634151528,0.45642766239200955,1.3981124652837131,149.14282548293204,-165.36169707781852,179.16799097783525,-149.14282548293204,-165.36169707781852,109.30154312131421,292.24567198838906,0.11145655562431026,0.29800764989918993,8.587260649772785,3.167617723078503e-16,0.903729416570827,0.9417428000221311,faltinsen_ch9_reduced_order_planing_plus_matched_bie_delta_from_high_frequency,heave_pitch_2x2_v1,FnB=2.82,1.8510999999999997
67,4.171341628820558,14.373655687128469,1.7743154884013757,3.541188333333333,0.01,0.2731310537839695,0.4594417565094728,-0.2127305158960483,0.8039503635510963,0.5344972405594357,0.8316191793407237,0.4686985966007639,1.4266979235316495,149.26916816451842,-165.17883988856556,179.30858383025247,-149.26916816451842,-165.17883988856556,110.42818703470022,294.7586127420844,0.11260541268904285,0.300570136327986,8.653934479057805,1.725635608410066e-16,0.9049968437897375,0.9425164453750683,faltinsen_ch9_reduced_order_planing_plus_matched_bie_delta_from_high_frequency,heave_pitch_2x2_v1,FnB=2.82,1.8637833333333331
68,4.157220349302802,14.290575362256213,1.7623226109484194,3.5652866666666663,0.01,0.2781768580459264,0.47019722585458523,-0.21948931149028408,0.8192633881639959,0.5463220621150598,0.8481556797218475,0.48127151887667163,1.4558396662840745,149.3907026716979,-165.0020653261976,179.44384550853226,-149.3907026716979,-165.0020653261976,111.57018882503974,297.31236889365874,0.11376993042990191,0.3031742428797385,8.722097063958001,6.327316958439012e-16,0.9062396674658083,0.9432748930669204,faltinsen_ch9_reduced_order_planing_plus_matched_bie_delta_from_high_frequency,heave_pitch_2x2_v1,FnB=2.82,1.8764666666666665
69,4.14324152025305,14.208563439267763,1.7504907685242979,3.5893849999999996,0.01,0.2833381978214673,0.4811557907322722,-0.2263414108144179,0.8348757839964743,0.5583828698123852,0.865013299870695,0.4941547338749579,1.4855524522491237,149.50744630416932,-164.8312771379907,179.57383231977383,-149.50744630416932,-164.8312771379907,112.72816246592059,299.90819425576785,0.11495073492570919,0.30582124808754046,8.791789864692532,2.0057207365059916e-16,0.907458513217819,0.9440185355768745,faltinsen_ch9_reduced_order_planing_plus_matched_bie_delta_from_high_frequency,heave_pitch_2x2_v1,FnB=2.82,1.8891499999999999
70,4.129402762682636,14.127599013654494,1.7388167392994536,3.613483333333333,0.01,0.2886197482909149,0.492322552874456,-0.23328813935406637,0.8507964215110747,0.5706863018965258,0.8822006046355515,0.5073568621101373,1.5158516219629612,149.6194126106073,-164.66638640132638,179.69859494829154,-149.6194126106073,-164.66638640132638,113.90273906385944,302.54739106613624,0.11614846972601188,0.30851247986431274,8.863055882211444,4.68059850678937e-16,0.9086539871466223,0.9447477528961944,faltinsen_ch9_reduced_order_planing_plus_matched_bie_delta_from_high_frequency,heave_pitch_2x2_v1,FnB=2.82,1.9018333333333333
71,4.115701752856189,14.047661727074214,1.727297386820526,3.6375816666666663,0.01,0.2940263982477316,0.5037027928912958,-0.24033081132354814,0.8670345328660962,0.5832392531654786,0.899726502918395,0.5208868546802708,1.5467531241040617,149.72661139190865,-164.50731137639266,179.8181785327057,-149.72661139190865,-164.50731137639266,115.09456785307724,305.2313118980777,0.11736379686547113,0.3112493174509927,8.935939729892523,3.2388674992321304e-16,0.9098266765513798,0.945462912997956,faltinsen_ch9_reduced_order_planing_plus_matched_bie_delta_from_high_frequency,heave_pitch_2x2_v1,FnB=2.82,1.9145166666666666
72,4.102136220652568,13.968731749558051,1.7159296572009535,3.6616799999999996,0.01,0.29956326210637385,0.5153019771316045,-0.2474707261575921,0.8835997297651894,0.5960488869543779,0.917600263048176,0.5347540088239848,1.578273543313052,149.82904869421935,-164.3539773738435,179.93262273064192,-149.82904869421935,-164.3539773738435,116.30431723769033,307.96136170519287,0.11859739792660116,0.3140331935015453,9.010487709199252,7.35778270880017e-16,0.9109771506158018,0.9461643722864965,faltinsen_ch9_reduced_order_planing_plus_matched_bie_delta_from_high_frequency,heave_pitch_2x2_v1,FnB=2.82,1.9271999999999998
73,4.088703947984823,13.890789762410076,1.7047105764217834,3.685778333333333,0.01,0.3052356927091374,0.5271257648406295,-0.2547091646157602,0.9005020223448071,0.609122647799641,0.9358315290619066,0.5489679843637932,1.6104301296125052,149.92672679179242,-164.20631663736165,-179.9580382289407,-149.92672679179242,-164.20631663736165,117.5326758845625,310.73900000634995,0.11984997515416834,0.3168655963110236,9.086747889551878,2.2021913808496628e-16,0.9121059610657882,0.9468524760275482,faltinsen_ch9_reduced_order_planing_plus_matched_bie_delta_from_high_frequency,heave_pitch_2x2_v1,FnB=2.82,1.9398833333333332
74,4.075402767276722,13.813816941768405,1.693637247737684,3.7098766666666663,0.01,0.31104929499166206,0.5391800156263515,-0.2620473844592229,0.9177518391681795,0.6224682748266314,0.9544303379495518,0.563538821093156,1.6432408295279555,150.01964415967,-164.06426824109963,-179.8537755058131,-150.01964415967,-164.06426824109963,118.78035387028676,313.5657432176709,0.12112225262478703,0.3197480721935329,9.164770192681225,4.5709619890418e-16,0.9132136427998011,0.9475275587599992,faltinsen_ch9_reduced_order_planing_plus_matched_bie_delta_from_high_frequency,heave_pitch_2x2_v1,FnB=2.82,1.9525666666666666
75,4.062230559993413,13.737794942797965,1.6827068491834005,3.733974999999999,0.01,0.3170099405718579,0.5514707972455772,-0.2694866156553016,0.9353600483995798,0.6360938159077207,0.9734071379229826,0.5784769571689606,1.6767243190189782,150.10779543612927,-163.9277780020069,-179.75456562099365,-150.10779543612927,-163.9277780020069,120.04808388601664,316.4431671389108,0.12241497747550555,0.32268222801763174,9.244606481754323,5.6410366791560315e-16,0.914300714493231,0.9481899446901583,faltinsen_ch9_reduced_order_planing_plus_matched_bie_delta_from_high_frequency,heave_pitch_2x2_v1,FnB=2.82,1.9652499999999997
76,4.049185255224016,13.662705884486872,1.6719166311761489,3.758073333333333,0.01,0.3231237833325162,0.5640043937210559,-0.2770280550604567,0.9533379802380344,0.6500076426410498,0.9927728077737193,0.5937932485756363,1.7109000383371284,150.191171374776,-163.796798407088,-179.66039044182153,-150.191171374776,-163.796798407088,121.3366225041236,319.37290960229785,0.1237289211954374,0.3256697339073974,9.326310655582033,6.458799978578899e-16,0.9153676791779539,0.9488399480693666,faltinsen_ch9_reduced_order_planing_plus_matched_bie_delta_from_high_frequency,heave_pitch_2x2_v1,FnB=2.82,1.977933333333333
77,4.036264828313955,13.588532335019572,1.6612639142096723,3.7821716666666663,0.01,0.3293972760739702,0.5767873138008169,-0.2846728605271524,0.9716974506955989,0.6642184662040896,1.0125386773891836,0.6094989897320965,1.7457882289363917,150.26975878611472,-163.67128855567896,-179.57123717973744,-150.26975878611472,-163.67128855567896,122.64675151094877,322.3566732926563,0.12506488098478968,0.32871232611815077,9.40993874824106,4.375613862071249e-16,0.9164150247982163,0.9494778735557339,faltinsen_ch9_reduced_order_planing_plus_matched_bie_delta_from_high_frequency,heave_pitch_2x2_v1,FnB=2.82,1.9906166666666665
78,4.023467299544988,13.515257297701352,1.6507460866358894,3.8062699999999996,0.01,0.3358453264270513,0.589835296612419,-0.2924317222061607,0.9904583875682564,0.6787471991933026,1.0327265512500254,0.6256119942435565,1.7814281426919178,150.34331926519917,-163.55082389056554,-179.48699478838896,-150.34331926519917,-163.55082389056554,123.9814429534519,325.39954774226806,0.12642588748803305,0.3318151945284762,9.49559831909055,2.30847423007391e-16,0.9174432247439308,0.9501040165607695,faltinsen_ch9_reduced_order_planing_plus_matched_bie_delta_from_high_frequency,heave_pitch_2x2_v1,FnB=2.82,2.0033
79,4.0107907328609915,13.442864197410126,1.6403606025302842,3.830368333333333,0.01,0.34248228935900854,0.6031634478083822,-0.30031393562126224,1.009640772467586,0.6936139151550252,1.0533579398083424,0.6421502309818462,1.8178584651494913,150.4116526525562,-163.43508378283616,-179.40759147018937,-150.4116526525562,-163.43508378283616,125.34338527087912,328.50629000751076,0.1278146821502543,0.33498318998588794,9.58339501592456,2.795202415383997e-16,0.9184527383624056,0.9507186635816054,faltinsen_ch9_reduced_order_planing_plus_matched_bie_delta_from_high_frequency,heave_pitch_2x2_v1,FnB=2.82,2.0159833333333332
80,3.9982332346376213,13.3713368675525,1.63010497963737,3.8544666666666654,0.01,0.3493014014609479,0.6167633277078911,-0.30830358315807077,1.0292449460099826,0.7088077817489689,1.074428340223394,0.6591160407732816,1.8550706127282197,150.47512973367083,-163.32475724377545,-179.33322308066917,-150.47512973367083,-163.32475724377545,126.72962137411997,331.6729900922057,0.12922824957974433,0.3382123254038899,9.673306403873703,5.444790169935784e-16,0.9194440114494841,0.9513220925194839,faltinsen_ch9_reduced_order_planing_plus_matched_bie_delta_from_high_frequency,heave_pitch_2x2_v1,FnB=2.82,2.028666666666666
81,3.9857929524940894,13.300659537502366,1.619976797392744,3.878564999999999,0.01,0.35631056462126154,0.6306425020624394,-0.3164016195511491,1.0492850359063841,0.7243391359496573,1.095951217633181,0.6765227868677188,1.8930886304495302,150.5337203871091,-163.21982961336403,-179.26389862958135,-150.5337203871091,-163.21982961336403,128.14105765994904,334.9016604380839,0.1306675140439896,0.34150465290194304,9.765398664934681,4.674736541518915e-16,0.9204174767210233,0.9519145729851634,faltinsen_ch9_reduced_order_planing_plus_matched_bie_delta_from_high_frequency,heave_pitch_2x2_v1,FnB=2.82,2.0413499999999996
82,3.9734680741453596,13.2308168205013,1.6099736950184245,3.9026633333333325,0.01,0.36351808651059025,0.644808812461622,-0.3246089204913735,1.0697758047404524,0.7402187540507793,1.1179406172380792,0.6943843993831748,1.931937596055819,150.58739004944056,-163.12029282773545,-179.19963269822088,-150.58739004944056,-163.12029282773545,129.57863404985582,338.19439644905543,0.1321334339961718,0.344862309197387,9.85974073843431,1.9012506693616844e-16,0.921373554265588,0.9524963665918227,faltinsen_ch9_reduced_order_planing_plus_matched_bie_delta_from_high_frequency,heave_pitch_2x2_v1,FnB=2.82,2.054033333333333
83,3.9612568262931345,13.16179370200097,1.6000933696883193,3.926761666666666,0.01,0.3709327060248523,0.6592703872410088,-0.33292627168821853,1.090732684466233,0.756457874499188,1.1404111939748456,0.7127154049747643,1.9716436732082705,150.63609958509215,-163.02614545808558,-179.1404455213714,-150.63609958509215,-163.02614545808558,131.0433258589517,341.5533806387116,0.13362700398092286,0.34828751983471584,9.95640446362289,2.2862688680525197e-16,0.922312651979203,0.9530677272360779,faltinsen_ch9_reduced_order_planing_plus_matched_bie_delta_from_high_frequency,heave_pitch_2x2_v1,FnB=2.82,2.0667166666666663
84,3.9491574735541164,13.09357552842891,1.5903335747608338,3.950859999999999,0.01,0.37856362058951615,0.6740356528052068,-0.3413543567532576,1.1121718130933986,0.7730682221423827,1.1633782440435647,0.731530958351629,2.012234167985195,150.67980514260785,-162.9373927668388,-179.08636308469957,-150.67980514260785,-162.9373927668388,132.53614577317407,344.9808870409475,0.13514925665051172,0.35178260368316144,10.055464730965657,3.1402395197545744e-16,0.9232351659829553,0.9536289013676108,faltinsen_ch9_reduced_order_planing_plus_matched_bie_delta_from_high_frequency,heave_pitch_2x2_v1,FnB=2.82,2.0793999999999997
85,3.9371683174240495,13.026147996359711,1.5806921180757671,3.9749583333333325,0.01,0.3864205154793906,0.6891133453705484,-0.3498937437773645,1.1341100737161809,0.7900620339891967,1.1868577384164714,0.7508468757731743,2.053737588912205,150.71845799661855,-162.85404678164454,-179.03741723823921,-150.71845799661855,-162.85404678164454,134.05814594248784,348.47928590089697,0.1367012648993161,0.35534997772011545,10.156999642737727,3.053368301990251e-16,0.9241414810242075,0.9541801282479622,faltinsen_ch9_reduced_order_planing_plus_matched_bie_delta_from_high_frequency,heave_pitch_2x2_v1,FnB=2.82,2.092083333333333
86,3.9252876952761557,12.959497142074682,1.571166860312787,3.9990566666666663,0.01,0.3945135953224462,0.704512523129449,-0.3585448704595805,1.1565651360540803,0.8074520865911892,1.2108663584676347,0.7706796706662817,2.096183710773534,150.75200437474626,-162.77612638785862,-178.99364582668642,-150.75200437474626,-162.77612638785862,135.61042019835892,352.05104866473215,0.13828414412501613,0.35899216211930907,10.26109068357382,4.444840535545025e-16,0.9250319708621418,0.9547216401989738,faltinsen_ch9_reduced_order_planing_plus_matched_bie_delta_from_high_frequency,heave_pitch_2x2_v1,FnB=2.82,2.1047666666666665
87,3.9135139793926124,12.893609331493792,1.561755713408901,4.023154999999999,0.01,0.40285361797194275,0.7202425788355973,-0.3673080276293176,1.1795555006855176,0.8252517251607752,1.2354215338735204,0.7910465915164931,2.139603642473519,150.78038526857756,-162.70365744025355,-178.95509283731568,-150.78038526857756,-162.70365744025355,137.19410640440677,355.6987532883748,0.1398990546255926,0.362711785664192,10.36782290167489,5.642464334322875e-16,0.9259069986383209,0.9552536628413317,faltinsen_ch9_reduced_order_planing_plus_matched_bie_delta_from_high_frequency,heave_pitch_2x2_v1,FnB=2.82,2.11745
88,3.9018455760277946,12.828471250464439,1.55245663903246,4.047253333333333,0.01,0.41145193094844545,0.7363132528056301,-0.3761833409853255,1.2031005461696718,0.8434748945513506,1.2605414829463744,0.8119656621984519,2.184029899238618,150.80353622774874,-162.63667289479616,-178.9218085664199,-150.80353622774874,-162.63667289479616,138.81038894982228,359.4250898867708,0.14154720414190605,0.3665115915085894,10.477285101428173,9.199775216692102e-16,0.9267669172329172,0.955776415323671,faltinsen_ch9_reduced_order_planing_plus_matched_bie_delta_from_high_frequency,heave_pitch_2x2_v1,FnB=2.82,2.130133333333333
89,3.8902809245020635,12.76406989539239,1.5432676471113613,4.071351666666667,0.01,0.420320510672441,0.7527346463286434,-0.3851707508542842,1.2272205792669273,0.8621361722346704,1.2862452555752755,0.8334557249242074,2.2294964794734144,150.82138713608117,-162.57521296143577,-178.89384980527984,-150.82138713608117,-162.57521296143577,140.46050139587402,363.23286674710096,0.14322985055638165,0.3703944433084702,10.589570048256004,4.0994605442067486e-16,0.9276120696072346,0.9562901105426606,faltinsen_ch9_reduced_order_planing_plus_matched_bie_delta_from_high_frequency,heave_pitch_2x2_v1,FnB=2.82,2.1428166666666666
90,3.878818496324921,12.700392564200888,1.5341867944132115,4.09545,0.01,0.42947200472932795,0.7695172354697344,-0.39426998974879746,1.2519368884847255,0.8812508034215972,1.3125527789637006,0.8555364860024881,2.276038946609119,150.83386196859658,-162.5193252789581,-178.87128004677876,-150.83386196859658,-162.5193252789581,142.14572928661866,367.12501673115827,0.1449483047591366,0.37436333175055525,10.704774686572756,5.553577260299894e-16,0.9284427891331128,0.9567949553544548,faltinsen_ch9_reduced_order_planing_plus_matched_bie_delta_from_high_frequency,heave_pitch_2x2_v1,FnB=2.82,2.1555
91,3.867456794346416,12.637426847604509,1.5252121831753205,4.119548333333333,0.01,0.4389197774318637,0.7866718852475859,-0.4034805574785788,1.2772718011933244,0.9008347384841616,1.3394849063676917,0.878228564617832,2.3236945163103986,150.84087852812252,-162.46906511308205,-178.8541697138993,-150.84087852812252,-162.46906511308205,143.86741313579785,371.1046040941435,0.14670393369376683,0.3784213815055534,10.823000371798532,3.1134310171522883e-16,0.929259399909779,0.9572911507779234,faltinsen_ch9_reduced_order_planing_plus_matched_bie_delta_from_high_frequency,heave_pitch_2x2_v1,FnB=2.82,2.1681833333333334
92,3.8561943519357427,12.575160620685159,1.5163419597825072,4.143646666666666,0.01,0.4486779589708043,0.8042098641585996,-0.4128016935392926,1.3032487445748495,0.9209046728495844,1.3670634690550507,0.9015535448554969,2.372502149435594,150.8423481600671,-162.42449557910945,-178.8425964114688,-150.8423481600671,-162.42449557910945,145.62695160282266,375.1748317492598,0.14849816359595036,0.3825718586359866,10.944353117452348,5.389695179374428e-16,0.9300622170686816,0.9577788921899815,faltinsen_ch9_reduced_order_planing_plus_matched_bie_delta_from_high_frequency,heave_pitch_2x2_v1,FnB=2.82,2.1808666666666667
93,3.845029732185988,12.513582034757912,1.5075743134907693,4.167745,0.01,0.4587614984729476,0.8221428590112936,-0.42223234647054075,1.329892310689607,0.9414780895508976,1.3953113317239851,0.9255340312167825,2.4225026511776755,150.8381754438002,-162.38568789058277,-178.8366452026642,-150.8381754438002,-162.38568789058277,147.4258048717638,379.3390490098527,0.15033248343905797,0.3868181784909758,11.068943858429186,3.702039632864429e-16,0.9308515470668216,0.9582583695134018,faltinsen_ch9_reduced_order_planing_plus_matched_bie_delta_from_high_frequency,heave_pitch_2x2_v1,FnB=2.82,2.19355
94,3.8339615271440683,12.452679509515217,1.4989074751949827,4.191843333333333,0.01,0.4691862213171639,0.8404829900240123,-0.43177113983715704,1.3572283259654443,0.9625733046337731,1.4242524516388377,0.950193707889519,2.473738776847688,150.8282578589259,-162.3527216355636,-178.8364089119421,-150.8282578589259,-162.3527216355636,149.26549824834117,383.6007598433213,0.15220844860206204,0.39116391412288737,11.19688873165214,4.909983886608493e-16,0.9316276879690657,0.9587297673974091,faltinsen_ch9_reduced_order_planing_plus_matched_bie_delta_from_high_frequency,heave_pitch_2x2_v1,FnB=2.82,2.206233333333333
95,3.8229883570649044,12.392441725438351,1.4903397162388603,4.215941666666666,0.01,0.47996889109378915,0.8592428261264564,-0.4414163344459023,1.385283925439579,0.9842095156355588,1.453911941761586,0.9755574020605139,2.5262553448002016,150.8124854245567,-162.32568508231788,-178.84198845623138,-150.8124854245567,-162.32568508231788,151.1476259910818,387.9636316737484,0.15412768477623023,0.3956128052635186,11.328309375385494,1.4726907780184968e-16,0.9323909297199071,0.9591932653913893,faltinsen_ch9_reduced_order_planing_plus_matched_bie_delta_from_high_frequency,heave_pitch_2x2_v1,FnB=2.82,2.2189166666666664
96,3.8121088696889496,12.332857616465542,1.4818693472654945,4.24004,0.01,0.49112727663121886,0.8784354003905918,-0.45116578636204063,1.4140876321074345,1.0064068533702346,1.4843161381804382,1.0016511515805755,2.5800993570408837,150.79074030951926,-162.30467551638196,-178.85349320641194,-150.79074030951926,-162.30467551638196,153.07385539407835,392.43150477308905,0.15609189212838062,0.4001687679004442,11.463333248596852,3.2655100158965374e-16,0.933141554405119,0.9596490381119991,faltinsen_ch9_reduced_order_planing_plus_matched_bie_delta_from_high_frequency,heave_pitch_2x2_v1,FnB=2.82,2.2316
97,3.8013217395422014,12.273916362906741,1.4734947171068764,4.2641383333333325,0.01,0.5026802245561657,0.8980742254987341,-0.4610169002363729,1.443669441759949,1.0291864372721728,1.5154926721614448,1.0285022773186652,2.635320128100453,150.76289641121343,-162.28979961119214,-178.87104138131002,-150.76289641121343,-162.28979961119214,155.04593114013704,397.00840228389546,0.1581028497398572,0.4048359044973518,11.602093971865889,4.74045959972442e-16,0.9338798365037195,0.9600972554039591,faltinsen_ch9_reduced_order_planing_plus_matched_bie_delta_from_high_frequency,heave_pitch_2x2_v1,FnB=2.82,2.244283333333333
98,3.7906256672578817,12.2156073845953,1.4652142117108555,4.288236666666666,0.01,0.5146477379012708,0.9181733091357056,-0.4709665773923288,1.47406091371951,1.0525704345724838,1.5474705471756938,1.056139460569927,2.691969422807059,150.72881890062456,-162.28117383468643,-178.89476047666423,-150.72881890062456,-162.28117383468643,157.06567994457717,401.69854091990936,0.16016242034188757,0.4096185149056093,11.744731691456881,4.664311963489477e-16,0.9346060431306553,0.9605380824948022,faltinsen_ch9_reduced_order_planing_plus_matched_bie_delta_from_high_frequency,heave_pitch_2x2_v1,FnB=2.82,2.2569666666666666
99,3.7800193789189938,12.15792033426746,1.4570262531040812,4.312334999999999,0.01,0.5270510613260715,0.9387471691670314,-0.48101115805347094,1.5052952679149976,1.0765821236041648,1.5802802212833096,1.0845928259128108,2.750101603640635,150.68836373074112,-162.27892489453905,-178.9247877317663,-150.68836373074112,-162.27892489453905,159.13501551151037,406.50634239445304,0.16227255536958124,0.41452110801798076,11.891393468299148,4.857999965025649e-16,0.9353204342705853,0.9609716801438375,faltinsen_ch9_reduced_order_planing_plus_matched_bie_delta_from_high_frequency,heave_pitch_2x2_v1,FnB=2.82,2.2696499999999995
100,3.7695016254210016,12.100845091160734,1.4489292983895186,4.336433333333332,0.01,0.539912773575364,0.9598108484358749,-0.4911463570133109,1.5374074887686593,1.1012459615567434,1.6139536952866405,1.1138940299437288,2.8097737884086924,150.6413771053583,-162.28319022496004,-178.96127063675226,-150.6413771053583,-162.28319022496004,161.25594382612493,411.4364456304107,0.16443530035855766,0.41954841421934164,12.042233693757776,4.655321423709394e-16,0.9360232630031342,0.9613982047855739,faltinsen_ch9_reduced_order_planing_plus_matched_bie_delta_from_high_frequency,heave_pitch_2x2_v1,FnB=2.82,2.282333333333333
101,3.759071181853907,12.044371754822867,1.4409218387772105,4.360531666666666,0.01,0.5532568878633315,0.9813799289766229,-0.5013671919600746,1.5704344364012695,1.1265876570273528,1.6485246070983905,1.1440763563534821,2.871046019043028,150.587694904949,-162.2941185182995,-179.00436748382197,-150.587694904949,-162.2941185182995,163.4305688083039,416.49371980970164,0.16665280071003238,0.4247053986934394,12.197414534223714,3.268608753274072e-16,0.9367147757199631,0.9618178086678162,faltinsen_ch9_reduced_order_planing_plus_matched_bie_delta_from_high_frequency,heave_pitch_2x2_v1,FnB=2.82,2.2950166666666663
102,3.7487268469030366,11.988490639123276,1.4330023986469982,4.384629999999999,0.01,0.5671089609432118,1.0034705454021158,-0.5116679035677185,1.6044149656975335,1.1526342477437104,1.6840283328066668,1.1751748178486514,2.9339814423818957,150.52714206595164,-162.311870305026,-179.05424796599684,-150.52714206595164,-162.311870305026,165.6610983548492,421.68327832455884,0.16892730785217094,0.4299972756492369,12.357106406711393,1.6328001924417256e-16,0.9373952123339926,0.9622306399846915,faltinsen_ch9_reduced_order_planing_plus_matched_bie_delta_from_high_frequency,heave_pitch_2x2_v1,FnB=2.82,2.3076999999999996
103,3.738467442267859,11.933192266459256,1.425169534641982,4.4087283333333325,0.01,0.5814962117014169,1.0260993971730472,-0.5220418663490834,1.6393900538103325,1.1794141838650194,1.7205020949575969,1.207226265463081,2.998646503871776,150.45953190946022,-162.3366185860191,-179.11109382739187,-150.45953190946022,-162.3366185860191,167.94985079963723,427.01049369757,0.17126118582761418,0.43542952353512165,12.521488487820124,9.727338927086606e-16,0.9380648064811016,0.9626368430047945,faltinsen_ch9_reduced_order_planing_plus_matched_bie_delta_from_high_frequency,heave_pitch_2x2_v1,FnB=2.82,2.320383333333333
104,3.7282918120982127,11.878467362149639,1.4174218347915521,4.432826666666666,0.01,0.5964476502028712,1.049283759400858,-0.5324814891356099,1.675402936720221,1.206957417299767,1.7579850786177957,1.2402695058499131,3.0651111551977843,150.38466541489692,-162.3685495215234,-179.17509956938446,-150.38466541489692,-162.3685495215234,170.2992618232221,432.48101354238804,0.17365691833931274,0.44100790131430007,12.690749258596059,1.2315948922867526e-16,0.938723785714598,0.9630365581946511,faltinsen_ch9_reduced_order_planing_plus_matched_bie_delta_from_high_frequency,heave_pitch_2x2_v1,FnB=2.82,2.3330666666666664
105,3.718198822447313,11.824306849008815,1.40975791766287,4.456924999999999,0.01,0.6119942182117534,1.0730414917679372,-0.5429781038982451,1.712499255505013,1.2352954975147343,1.7965185558235006,1.274345427193494,3.1334490769319583,150.30233043380133,-162.40786318155855,-179.24647321750948,-150.30233043380133,-162.40786318155855,172.7118918457195,438.1007776422231,0.17611711628917065,0.44673846588001315,12.865087088022337,6.596224307598132e-16,0.9393723716927619,0.963429922337705,faltinsen_ch9_reduced_order_planing_plus_matched_bie_delta_from_high_frequency,heave_pitch_2x2_v1,FnB=2.82,2.34575
106,3.708187360740968,11.7707018420944,1.4021764315397272,4.481023333333333,0.01,0.6281689423198722,1.0973910450691073,-0.5535218414531234,1.7507272130126774,1.264461674347283,1.836146019070595,1.3094971344328807,3.203737917374065,150.21230083837565,-162.4547743630817,-179.32543715440767,-150.21230083837565,-162.4547743630817,175.19043393923397,443.87603622867067,0.17864452584647555,0.4526275906947538,13.044710858066777,2.1769293283077989e-16,0.9400107803597323,0.9638170686490076,faltinsen_ch9_reduced_order_planing_plus_matched_bie_delta_from_high_frequency,heave_pitch_2x2_v1,FnB=2.82,2.358433333333333
107,3.6982563352624274,11.717643643622054,1.394676053627761,4.505121666666666,0.01,0.6450071009346737,1.1223514647841575,-0.5641014924003852,1.790137741668432,1.2944910083732897,1.876913324550203,1.3457700945449453,3.2760595488505877,150.11433559887627,-162.50951347974478,-179.41222902470264,-150.11433559887627,-162.50951347974478,177.73772229864338,449.8133695491178,0.1812420370856953,0.45868198574346775,13.22984063342915,3.5808842887617037e-16,0.9406392221200084,0.9641981268857821,faltinsen_ch9_reduced_order_planing_plus_matched_bie_delta_from_high_frequency,heave_pitch_2x2_v1,FnB=2.82,2.3711166666666665
108,3.6884046746523262,11.665123738041302,1.3872554892850395,4.52922,0.01,0.6625464065115473,1.1479423909797029,-0.574704351421191,1.8307846831825652,1.3254204894257375,1.9188688458876852,1.3832122926950012,3.3505003428334548,150.008177783336,-162.57232753070357,-179.50710271829092,-150.008177783336,-162.57232753070357,180.35674131218244,455.91970881679185,0.18391269323589854,0.46490871889665875,13.420708379350755,2.421419439532567e-16,0.9412579020068157,0.9645732234540393,faltinsen_ch9_reduced_order_planing_plus_matched_bie_delta_from_high_frequency,heave_pitch_2x2_v1,FnB=2.82,2.3838
109,3.6786313274232056,11.613133787266438,1.379913471277084,4.553318333333333,0.01,0.6808272045619772,1.1741840537070025,-0.5853160428026931,1.8727249809579452,1.357289163904098,1.9620636391988258,1.421874400126678,3.4271514653412205,149.89355347242707,-162.64348115560657,-179.61032943920335,-149.89355347242707,-162.64348115560657,183.05063527598247,462.20235864349,0.18665970058682882,0.4713152387854059,13.617558731078628,8.295398331618778e-16,0.9418670198445808,0.9649424815113812,faltinsen_ch9_reduced_order_planing_plus_matched_bie_delta_from_high_frequency,heave_pitch_2x2_v1,FnB=2.82,2.3964833333333333
110,3.668935261488108,11.56166562605676,1.3726487590554177,4.577416666666666,0.01,0.6998926911315806,1.2010972629066223,-0.5959203247682906,1.9160188860234573,1.3901382715619284,2.006551620335374,1.4618099547302792,3.5061091941909837,149.7701705815291,-162.72325778364595,-179.72219886794548,-149.7701705815291,-162.72325778364595,185.82271879947126,468.66902106102333,0.18948643909945934,0.4779093992964197,13.820649818811173,8.011873487543149e-16,0.9424667704057501,0.9653060210661888,faltinsen_ch9_reduced_order_planing_plus_matched_bie_delta_from_high_frequency,heave_pitch_2x2_v1,FnB=2.82,2.4091666666666667
111,3.65931546370277,11.510711257540803,1.3654601380587885,4.601515,0.01,0.719789150621313,1.2287033916464127,-0.6064988698554905,1.9607301773388572,1.424011392509045,2.052389755251973,1.503075555299447,3.587475259777855,149.63771758123812,-162.811960885378,-179.84302042605074,-149.63771758123812,-162.811960885378,188.6764879512492,475.3278212432431,0.19239647377162356,0.4846994858012096,14.03025415218758,5.682209807960211e-16,0.9430573435621696,0.9656639590732916,faltinsen_ch9_reduced_order_planing_plus_matched_bie_delta_from_high_frequency,heave_pitch_2x2_v1,FnB=2.82,2.42185
112,3.6497709394209488,11.460262848879289,1.358346419036233,4.625613333333333,0.01,0.7405662160230344,1.2570243513012078,-0.6170310181995411,2.006926397325528,1.4589546052152884,2.099638264488049,1.5457310705598748,3.671357211170516,149.49586210663313,-162.9099153369461,-179.9731246525042,-149.49586210663313,-162.9099153369461,191.61563219773103,482.1873350461976,0.1953935668120419,0.4916942432392281,14.246659568618163,3.6694117602147004e-16,0.9436389244312425,0.966016409526286,faltinsen_ch9_reduced_order_planing_plus_matched_bie_delta_from_high_frequency,heave_pitch_2x2_v1,FnB=2.82,2.4345333333333334
113,3.640300712062441,11.410312727061786,1.3513064373911903,4.649711666666666,0.01,0.7622771538580451,1.2860825570241694,-0.6274935001403465,2.054679103471287,1.495016656353951,2.148360842819463,1.5898398641295994,3.7578688094228885,149.34424944460102,-163.01746890735572,179.88713529729063,-149.34424944460102,-163.01746890735572,194.6440471893179,489.25661848907293,0.19848169067858842,0.49890290618006455,14.470170249977208,7.300077478189649e-16,0.9442116935170636,0.9663634835466327,faltinsen_ch9_reduced_order_planing_plus_matched_bie_delta_from_high_frequency,heave_pitch_2x2_v1,FnB=2.82,2.4472166666666664
114,3.6309038226933694,11.360853374832336,1.3443390525459074,4.67381,0.01,0.7849791763458667,1.3159008815533597,-0.6378601240641131,2.104064136831165,1.5322491433737349,2.198624895194758,1.6354690366474183,3.8471304501116217,149.1825008873878,-163.13499388058486,179.73738201819526,-149.1825008873878,-163.13499388058486,197.76584845106578,496.54523930295267,0.2016650420388877,0.5063352309942261,14.701107812386763,6.624589384752914e-16,0.9447758268467309,0.9667052894696629,faltinsen_ch9_reduced_order_planing_plus_matched_bie_delta_from_high_frequency,heave_pitch_2x2_v1,FnB=2.82,2.4598999999999998
115,3.621579329618322,11.311877426739407,1.3374431473254063,4.6979083333333325,0.01,0.8087337835914782,1.3465025950340117,-0.6481014248101269,2.155161908193301,1.5707067107374042,2.250501790127772,1.6826896863827694,3.9392696172136903,149.01021193929535,-163.26288882556702,179.57721207461316,-149.01021193929535,-163.26288882556702,200.98538603660555,504.06331067769264,0.2049480567131544,0.5140015302653737,14.93981247400057,1.79500942550265e-16,0.9453314961020137,0.9670419329275929,faltinsen_ch9_reduced_order_planing_plus_matched_bie_delta_from_high_frequency,heave_pitch_2x2_v1,FnB=2.82,2.472583333333333
116,3.6123263079839596,11.263377665305768,1.3306176273603143,4.722006666666666,0.01,0.8336071388631477,1.3779112881059161,-0.6581842673053575,2.208057702591012,1.610447260810893,2.3040671317693393,1.7315771897146433,4.034421370532724,148.82695036205678,-163.40158052846922,179.40619405791483,-148.82695036205678,-163.40158052846922,204.30726020520075,511.8215273388209,0.2083354256603435,0.5219127095785216,15.186644305832568,5.9191943732255665e-16,0.9458788687465607,0.9673735169296959,faltinsen_ch9_reduced_order_planing_plus_matched_bie_delta_from_high_frequency,heave_pitch_2x2_v1,FnB=2.82,2.4852666666666665
117,3.6031438493937036,11.215347017314057,1.3238614205078876,4.746104999999999,0.01,0.8596704803405885,1.4101507749937143,-0.6680713993221565,2.2628420027084752,1.6515321804265246,2.3594010519227053,1.7822115029362682,4.132728868961477,148.63225404288744,-163.5515261032262,179.22386646603297,-148.63225404288744,-163.5515261032262,207.736338182108,519.831204085785,0.2118321120689614,0.5300803068181131,15.441984570750108,3.1456507937632696e-16,0.9464181081488157,0.9677001419397266,faltinsen_ch9_reduced_order_planing_plus_matched_bie_delta_from_high_frequency,heave_pitch_2x2_v1,FnB=2.82,2.4979499999999994
118,3.5940310615331406,11.167778550203986,1.3171734762905818,4.770203333333332,0.01,0.8870005730436848,1.4432449727299494,-0.6777209463723368,2.3196108315342303,1.6940265841745512,2.4165885232953372,1.8346774869024263,4.234343931922527,148.4256286675187,-163.71321529798462,179.02973538755316,-148.4256286675187,-163.71321529798462,211.27777206144472,528.1043169192131,0.21544336961291038,0.5385165341061557,15.706237155740936,1.7549375967521436e-16,0.946949373700805,0.9680219059506865,faltinsen_ch9_reduced_order_planing_plus_matched_bie_delta_from_high_frequency,heave_pitch_2x2_v1,FnB=2.82,2.510633333333333
119,3.584987067805805,11.120665468577268,1.3105527653515587,4.794301666666666,0.01,0.9156914404145724,1.4772310469748333,-0.6870948882409965,2.3784818084138175,1.7380167951417722,2.4757372838010037,1.8890786767649768,4.339459816797103,148.2064612812684,-163.88707265724383,178.8232760581198,-148.2064612812684,-163.88707265724383,214.9391474481986,536.6575259889835,0.21917693345658165,0.5472383800675904,15.97991909861257,8.036480701920323e-16,0.9474728209329546,0.9683389045570837,faltinsen_ch9_reduced_order_planing_plus_matched_bie_delta_from_high_frequency,heave_pitch_2x2_v1,FnB=2.82,2.523316666666666
120,3.576011006978984,11.074001110806527,1.3039982789265292,4.818399999999999,0.01,0.9458993173036878,1.512210123492201,-0.696191272669318,2.439656912050173,1.7836773744340315,2.5370471293720795,1.9455908572675529,4.44843787826907,147.97369701948548,-164.0731389002551,178.60391423705175,-147.97369701948548,-164.0731389002551,218.7386003716868,545.5275092233111,0.22305129720310896,0.5562832457804767,16.26400987533998,4.829244198096644e-16,0.947988601625083,0.9686512310247174,faltinsen_ch9_reduced_order_planing_plus_matched_bie_delta_from_high_frequency,heave_pitch_2x2_v1,FnB=2.82,2.5359999999999996
121,3.5671020328392316,11.02777894574458,1.2975090283313648,4.8424983333333325,0.01,0.9776514480888566,1.548121682628845,-0.70489194447111,2.5031544640823373,1.830978726849606,2.6005105122716956,2.0042330769875485,4.561259939147597,147.72725580393006,-164.27270297801962,178.37098941709723,-147.72725580393006,-164.27270297801962,222.66881735151708,554.7035262558089,0.22705900317796301,0.5656401791190763,16.558437497031015,2.3712134127886235e-16,0.9484968639137182,0.968958976358131,faltinsen_ch9_reduced_order_planing_plus_matched_bie_delta_from_high_frequency,heave_pitch_2x2_v1,FnB=2.82,2.548683333333333
122,3.5582593138572807,10.981992569530675,1.2910840444649383,4.866596666666666,0.01,1.0110531235030322,1.5849885686901732,-0.713129731345381,2.5690976518030495,1.8800045695220429,2.6662364407960295,2.065114546358594,4.678120854121831,147.46648148675683,-164.48641781162846,178.123845252504,-147.46648148675683,-164.48641781162846,226.7363734021579,564.20083971937,0.23120675602999793,0.5753247436376031,16.86371786417779,3.884613453042885e-16,0.9489977523958727,0.9692622293658183,faltinsen_ch9_reduced_order_planing_plus_matched_bie_delta_from_high_frequency,heave_pitch_2x2_v1,FnB=2.82,2.5613666666666663
123,3.5494820328620404,10.93663570249031,1.2847223773266554,4.890694999999999,0.01,1.0462182900321433,1.622832579447837,-0.7208290449508646,2.63761730662327,1.9308439324075632,2.7343407922648137,2.1283514948611937,4.799227777489544,147.1906698442358,-164.7149847423557,177.8617771615062,-147.1906698442358,-164.7149847423557,230.94824369942376,574.0356368122782,0.23550166845908005,0.5853534456845897,17.1803986915938,6.152226226156266e-16,0.9494914082294091,0.9695610767232292,faltinsen_ch9_reduced_order_planing_plus_matched_bie_delta_from_high_frequency,heave_pitch_2x2_v1,FnB=2.82,2.5740499999999997
124,3.5407693867234022,10.891702186125471,1.278423095548186,4.914793333333333,0.01,1.083270355518511,1.6616740653451734,-0.7279047987187098,2.708852356738849,1.98359153118427,2.8049467885518506,2.1940676747153836,4.924801017171279,146.89906452524565,-164.95915756724727,177.58402828334437,-146.89906452524565,-164.95915756724727,235.31182987908014,584.225089148797,0.2399512880332021,0.5957437954335038,17.509061631150818,7.423498926465978e-16,0.9499779692301263,0.9698556030337142,faltinsen_ch9_reduced_order_planing_plus_matched_bie_delta_from_high_frequency,heave_pitch_2x2_v1,FnB=2.82,2.586733333333333
125,3.5321205860435625,10.847185980192242,1.2721852859389007,4.938891666666666,0.01,1.122343073117561,1.7015314464138527,-0.7342611776996827,2.782950286890143,2.0383481638106353,2.878185500689428,2.262394898369905,5.055074941368585,146.59085260911513,-165.21974696601916,177.28978504427334,-146.59085260911513,-165.21974696601916,239.83498769453522,594.7874155569037,0.24456362539147952,0.6065143709186152,17.85032451066743,2.0480284494145358e-16,0.9504575699656795,0.9701458908874245,faltinsen_ch9_reduced_order_planing_plus_matched_bie_delta_from_high_frequency,heave_pitch_2x2_v1,FnB=2.82,2.5994166666666665
126,3.5235348548566066,10.803081159862788,1.2660080530445532,4.96299,0.01,1.163581510341686,1.7424206312078263,-0.7397902392271439,2.8600675984718587,2.0952211308756215,2.9541963824167716,2.333473610465895,5.190298937750401,146.2651597333229,-165.4976253587278,176.9781722930844,-146.2651597333229,-165.4976253587278,244.52605595945667,605.741947614027,0.24934718375740617,0.6176848848628503,18.20484368468705,8.587860334593705e-16,0.9509303418464609,0.9704320209183178,faltinsen_ch9_reduced_order_planing_plus_matched_bie_delta_from_high_frequency,heave_pitch_2x2_v1,FnB=2.82,2.6121
127,3.5150114303360778,10.759381912968921,1.2598905187187552,4.987088333333333,0.01,1.2071431100509091,1.784354319069641,-0.7443703201201886,2.940370260823751,2.1543246793661033,3.033127831828485,2.407453494382212,5.330738423795606,145.9210447479228,-165.79373223731778,176.6482479630231,-145.9210447479228,-165.79373223731778,249.39388664647555,617.1091975779976,0.25431098963099075,0.6292762539480838,18.573316488861682,1.0222279520949809e-15,0.9513964132135427,0.9707140718592534,faltinsen_ch9_reduced_order_planing_plus_matched_bie_delta_from_high_frequency,heave_pitch_2x2_v1,FnB=2.82,2.6247833333333332
128,3.5065495625102994,10.716082537324507,1.2538318217068187,5.011186666666666,0.01,1.2531988501813538,1.8273411634830683,-0.7478642226981851,3.024034141428341,2.2157804687864546,3.1151377793150985,2.48449411267495,5.47667590522142,145.55749384978458,-166.10908001793337,176.29899721320498,-145.55749384978458,-166.10908001793337,254.4478759413354,628.91092819583,0.25946462445517626,0.6413106700002856,18.956483784338122,4.826718063897805e-16,0.9518559094237952,0.970992120595318,faltinsen_ch9_reduced_order_planing_plus_matched_bie_delta_from_high_frequency,heave_pitch_2x2_v1,FnB=2.82,2.6374666666666666
129,3.4981485139851887,10.673177438124066,1.2478311172415437,5.035285,0.01,1.3019345086493674,1.8713847700299022,-0.7501171480017006,3.111245398781123,2.279718057636062,3.200394298701789,2.5647655796375575,5.628412077157319,145.17341414590805,-166.44476046471,175.92932599880214,-145.17341414590805,-166.44476046471,259.69799595817426,641.1702236460885,0.2648182569564268,0.6538116723306008,19.355132571564727,3.9318368040104415e-16,0.9523089529322822,0.97126624221543,faltinsen_ch9_reduced_order_planing_plus_matched_bie_delta_from_high_frequency,heave_pitch_2x2_v1,FnB=2.82,2.65015
130,3.4898075596743516,10.630661125415095,1.2418875766505642,5.059383333333333,0.01,1.3535520391105484,1.9164824974369878,-0.7509543402996927,3.202200816659706,2.346275407014837,3.289076236792184,2.6484492627448573,5.7862669597210425,144.7676265913126,-166.80195173952205,175.53805401551392,-144.7676265913126,-166.80195173952205,265.1548267001897,653.911560577579,0.27038267573553626,0.666804220174656,19.77009864384438,8.516335720213055e-16,0.9527556633720285,0.9715365100622433,faltinsen_ch9_reduced_order_planing_plus_matched_bie_delta_from_high_frequency,heave_pitch_2x2_v1,FnB=2.82,2.6628333333333334
131,3.4815259865362163,10.58852821164164,1.2360003869748564,5.083481666666666,0.01,1.4082710619266599,1.9626240242350341,-0.7501784022120416,3.2971080521241274,2.4155993964986333,3.3813738542975647,2.7357385077957512,5.950581055713386,144.33885824350318,-167.18192613566288,175.12390696033412,-144.33885824350318,-167.18192613566288,270.8295876933781,667.1608778305117,0.27616932152506524,0.6803147637883596,20.202269239184186,1.2467690440658971e-15,0.9531961576312593,0.9718029957804869,faltinsen_ch9_reduced_order_planing_plus_matched_bie_delta_from_high_frequency,heave_pitch_2x2_v1,FnB=2.82,2.6755166666666663
132,3.4733030933179965,10.546773409256783,1.2301687505980496,5.10758,0.01,1.4663304725815818,2.0097896364983576,-0.7475662346227462,3.396185761483908,2.487846345294967,3.477489468230502,2.826839379995559,6.121716513009875,143.8857337725296,-167.58605855641892,174.68550804764595,-143.8857337725296,-167.58605855641892,276.7341685199297,680.9456429438991,0.28219031832473856,0.6943713122665734,20.652585633811956,5.63753861709637e-16,0.9536305499281967,0.9720657693637251,faltinsen_ch9_reduced_order_planing_plus_matched_bie_delta_from_high_frequency,heave_pitch_2x2_v1,FnB=2.82,2.6881999999999997
133,3.465138190306281,10.505391528401834,1.2243918848861832,5.1316783333333325,0.01,1.527990166602057,2.057948183826389,-0.7428655500824024,3.4996635582411844,2.5631825289173054,3.5776380820844045,2.92197140984561,6.300058267566375,143.4067661635553,-168.01583580160278,174.22136871756766,-143.4067661635553,-168.01583580160278,282.8811572206841,695.2949129376699,0.28845850236388987,0.7090034955236191,21.122045601247283,7.854581056847062e-16,0.9540589518835061,0.9723248991996517,faltinsen_ch9_reduced_order_planing_plus_matched_bie_delta_from_high_frequency,heave_pitch_2x2_v1,FnB=2.82,2.700883333333333
134,3.457030599084034,10.464377474650009,1.2186690218375609,5.155776666666666,0.01,1.5935328753969205,2.1070546409847353,-0.7357909027492138,3.6077817441329336,2.6417846780284893,3.6820479852749575,3.0213683283119885,6.486015134359557,142.90034654814144,-168.47286672581828,173.72987847276897,-142.90034654814144,-168.47286672581828,289.2838652082101,710.2393860754487,0.29498744750573347,0.7242426170766253,21.61170563590227,3.2925844057832806e-16,0.9544814725904712,0.9725804521139283,faltinsen_ch9_reduced_order_planing_plus_matched_bie_delta_from_high_frequency,heave_pitch_2x2_v1,FnB=2.82,2.7135666666666665
135,3.448979652293829,10.423726246812546,1.2129994077423853,5.179874999999998,0.01,1.6632661008267282,2.1570472012672797,-0.7260191723487072,3.7207907382007717,2.7238404414822743,3.790961297098474,3.1252787700483293,6.680020802539242,142.36473310183362,-168.95889333085347,173.20929378135344,-142.36473310183362,-168.95889333085347,295.95634691558985,725.8114403220363,0.30179148528354727,0.7401216932612426,22.122682808448356,3.613432587611125e-16,0.9548982186829805,0.972832493412651,faltinsen_ch9_reduced_order_planing_plus_matched_bie_delta_from_high_frequency,heave_pitch_2x2_v1,FnB=2.82,2.7262499999999994
136,3.440984693407112,10.383432934805215,1.2073823028518442,5.203973333333332,0.01,1.7375241270939823,2.207843814510572,-0.7131844345481279,3.8389501085259283,2.809548789664685,3.904634422507819,3.2339669161002687,6.882534676939289,141.79803895005165,-169.47580285018165,172.6577259878182,-141.79803895005165,-169.47580285018165,302.91341187868477,742.0451529563437,0.3088857172211559,0.7566754732312703,22.656156079889143,7.662858577918846e-16,0.9553092944014036,0.9730810869234742,faltinsen_ch9_reduced_order_planing_plus_matched_bie_delta_from_high_frequency,heave_pitch_2x2_v1,FnB=2.82,2.7389333333333328
137,3.4330450764993286,10.343492717573355,1.2018169810563526,5.228071666666666,0.01,1.8166700758426757,2.2593380676702908,-0.6968721461596762,3.962527085931736,2.899120326665721,4.023338376875086,3.3477130380856495,7.094042490085298,141.19821903301164,-170.02564087482585,172.0731281828281,-141.19821903301164,-170.02564087482585,310.1706262842835,758.9762942222249,0.31628601641160187,0.773940432484309,23.213366850301814,7.238043009446161e-16,0.9557148016564265,0.9733262950354443,faltinsen_ch9_reduced_order_planing_plus_matched_bie_delta_from_high_frequency,heave_pitch_2x2_v1,FnB=2.82,2.751616666666666
138,3.425160166030726,10.303900861073465,1.1963027295726505,5.252169999999999,0.01,1.9010979530617615,2.3113942889309453,-0.6766125716308597,4.091794407456932,2.9927774701835435,4.147358924060558,3.466813893789325,7.315056585984249,140.56305589516,-170.61062555508988,171.4532809972943,-140.56305589516,-170.61062555508988,317.7443001802009,776.6422859196368,0.3240090144750765,0.7919547306364935,23.795618453973162,9.121533187952617e-16,0.9561148400909252,0.9735681787376121,faltinsen_ch9_reduced_order_planing_plus_matched_bie_delta_from_high_frequency,heave_pitch_2x2_v1,FnB=2.82,2.7642999999999995
139,3.417329336632673,10.264652716309653,1.1908388486394748,5.2762683333333324,0.01,1.991234613070881,2.363841737592898,-0.6518733786961399,4.227027298440213,3.0907544458720357,4.276996455880164,3.5915829087761146,7.546115748105006,139.8901443876452,-171.23316288961522,170.79577730929032,-139.8901443876452,-171.23316288961522,325.65145549648855,795.0821133647286,0.33207206894962965,0.8107581216467689,24.40427423204763,6.294235504148023e-16,0.9565095071399371,0.9738067976564143,faltinsen_ch9_reduced_order_planing_plus_matched_bie_delta_from_high_frequency,heave_pitch_2x2_v1,FnB=2.82,2.776983333333333
140,3.409551972899324,10.225743717423155,1.1854246512215358,5.300366666666665,0.01,2.087541533712268,2.4164677218573707,-0.6220513377871355,4.36849935417332,3.1932970274862185,4.412565520675639,3.7223500592202594,7.7877844076588945,139.1768753066916,-171.8958630788836,170.0980058866794,-139.1768753066916,-171.8958630788836,333.90976872310824,814.3361760725006,0.34049320483866385,0.8303918015555777,25.040753713165543,1.6530843458351552e-15,0.956898898088803,0.974042210091919,faltinsen_ch9_reduced_order_planing_plus_matched_bie_delta_from_high_frequency,heave_pitch_2x2_v1,FnB=2.82,2.7896666666666663
141,3.40182746918448,10.187169379833273,1.1800594627215293,5.324464999999999,0.01,2.190516255598688,2.469009465911683,-0.5864630745646797,4.516477023710159,3.3006619349463207,4.554393883221963,3.8594613467344487,8.040651022917109,138.4204180402977,-172.60155787073055,169.35713403788105,-138.4204180402977,-172.60155787073055,342.53748047511607,834.4460587159416,0.3492910223930864,0.850898174928178,25.70652630765351,1.3849903444866237e-15,0.9572831061295403,0.9742744730529576,faltinsen_ch9_reduced_order_planing_plus_matched_bie_delta_from_high_frequency,heave_pitch_2x2_v1,FnB=2.82,2.8023499999999997
142,3.394155229403486,10.14892529842812,1.1747426206999363,5.348563333333333,0.01,2.3006932840572856,2.521144527840989,-0.5443348515641389,4.671212328011382,3.413115778518048,4.702820966610665,4.003277725472007,8.305325363984096,137.6177023655531,-173.35331875555954,168.5700894130817,-137.6177023655531,-173.35331875555954,351.5532621923566,855.4541992552249,0.35848456118282657,0.872320516440604,26.40310176689156,1.2367899141582873e-15,0.9576622224155067,0.974503642291171,faltinsen_ch9_reduced_order_planing_plus_matched_bie_delta_from_high_frequency,heave_pitch_2x2_v1,FnB=2.82,2.815033333333333
143,3.386534666840022,10.111007145803608,1.1694734746023627,5.372661666666666,0.01,2.4186441818620246,2.572479553242691,-0.4947913986865638,4.832933360836091,3.5309334077983885,4.858195487884019,4.154173303961318,8.582434368133166,136.76539963558525,-174.15447577223506,167.73354119490443,-136.76539963558525,-174.15447577223506,360.9760278043439,877.4034254675723,0.36809310804846096,0.8947024982716549,27.13201647147898,8.012855831030688e-16,0.9580363361144165,0.974729772334019,faltinsen_ch9_reduced_order_planing_plus_matched_bie_delta_from_high_frequency,heave_pitch_2x2_v1,FnB=2.82,2.8277166666666664
144,3.378965203957645,10.073410670549197,1.164251385494183,5.39676,0.01,2.5449764899799385,2.622537139770278,-0.43684388024150356,5.001832022955913,3.65439548817928,5.020872051902109,4.312532597735264,8.872616146409168,135.85990372700928,-175.00863655376745,166.84388104942002,-135.85990372700928,-175.00863655376745,370.8246752824634,900.3363243088344,0.37813593355780356,0.9180875470306725,27.894814384809397,9.316137286071328e-16,0.958405534459763,0.9749529165167888,faltinsen_ch9_reduced_order_planing_plus_matched_bie_delta_from_high_frequency,heave_pitch_2x2_v1,FnB=2.82,2.8404
145,3.371446272215943,10.036131695578964,1.1590757258022646,5.4208583333333324,0.01,2.6803309979194605,2.6707405909479767,-0.3693771879302453,5.178048328888998,3.7837850840851255,5.191206411160454,4.478746552618307,9.176511620825755,134.89731229608674,-175.91970506457133,165.89720438571158,-134.89731229608674,-175.91970506457133,381.11773955365345,924.2944005004338,0.38863193807636,0.9425179857550071,28.693021238591317,1.0202045768438695e-15,0.958769902800702,0.9751731270136363,faltinsen_ch9_reduced_order_planing_plus_matched_bie_delta_from_high_frequency,heave_pitch_2x2_v1,FnB=2.82,2.853083333333333
146,3.3639773118911687,9.999166116506563,1.1539458790635468,5.444956666666666,0.01,2.82537674025521,2.7163963620292044,-0.29113689691438793,5.361650503182562,3.9193829769519404,5.3695490323697355,4.653206991585468,9.494753151892878,133.87340912722698,-176.8918992456543,164.88929270763134,-133.87340912722698,-176.8918992456543,391.872934245204,949.316971433023,0.39959918447706816,0.9680339070253584,29.528110201831545,7.406390108037224e-16,0.9591295246504491,0.9753904548676812,faltinsen_ch9_reduced_order_planing_plus_matched_bie_delta_from_high_frequency,heave_pitch_2x2_v1,FnB=2.82,2.8657666666666666
147,3.3565577719012274,9.962509900062788,1.1488612396802713,5.469055,0.01,2.980802917389623,2.758674058776924,-0.20071643164527866,5.552609956783728,4.061461386605471,5.5562365336715285,4.836299060117854,9.827949378544059,132.7836486659474,-177.92976647560664,163.8155981498735,-132.7836486659474,-177.92976647560664,403.1065552098665,975.4397350242944,0.4110542899051833,0.9946717125871675,30.401456927255545,6.227576262339641e-16,0.9594844817332401,0.9756049500202166,faltinsen_ch9_reduced_order_planing_plus_matched_bie_delta_from_high_frequency,heave_pitch_2x2_v1,FnB=2.82,2.87845
148,3.34918710963489,9.926159082554383,1.143821212681651,5.493153333333333,0.01,3.147306724144668,2.79658395920476,-0.09654527866792145,5.750770115633443,4.210275698422564,5.751580470939771,5.028391156914621,10.176665339470308,131.6231442269633,-179.0381953567124,162.67123168903868,-131.6231442269633,-179.0381953567124,414.83271388547234,1002.6929359182756,0.4230116440226503,1.0224622433943045,31.31428147907248,8.177498917620959e-16,0.9598348540299025,0.9758166613390297,faltinsen_ch9_reduced_order_planing_plus_matched_bie_delta_from_high_frequency,heave_pitch_2x2_v1,FnB=2.82,2.8911333333333333
149,3.3418647907851144,9.890109768362892,1.1388252134917876,5.517251666666666,0.01,3.3255758205893766,2.8289522122791455,0.023120522476826808,5.95580798476194,4.366053728236492,5.955852861674277,5.229821741839427,10.541396783384025,130.3866618748276,179.77757817124944,161.45095702711637,-130.3866618748276,179.77757817124944,427.06236357964315,1031.09904411579,0.4354824160948369,1.0514284124709155,32.26757424589285,1.464813410964548e-15,0.9601807198220867,0.9760256366458824,faltinsen_ch9_reduced_order_planing_plus_matched_bie_delta_from_high_frequency,heave_pitch_2x2_v1,FnB=2.82,2.9038166666666663
150,3.3345902891863552,9.854358128482307,1.133872667703644,5.541349999999999,0.01,3.516263903764635,2.8543941576559138,0.16020385793044134,6.167187306608012,4.528981988060708,6.169267748354159,5.440882317807661,10.92253741965868,129.06862260666514,178.5119730190678,160.14919277693446,-129.06862260666514,178.5119730190678,439.80207729920164,1060.6698501358132,0.44847330872336794,1.0815822428003583,33.262002574507996,6.717017393951956e-16,0.9605221557351984,0.9762319227431879,faltinsen_ch9_reduced_order_planing_plus_matched_bie_delta_from_high_frequency,heave_pitch_2x2_v1,FnB=2.82,2.9164999999999996
151,3.327363086655757,9.818900399094371,1.1289630108588893,5.565448333333332,0.01,3.719957556710105,2.8712866461583495,0.3168055651605243,6.384102265435454,4.699188358443602,6.391958033471025,5.6617958002079884,11.320337734374338,127.6631162365033,177.15907683753687,158.76002634908417,-127.6631162365033,177.15907683753687,453.0525327066151,1091.402874378761,0.4619850129316486,1.112921205894736,34.29779459536417,3.1211300413760766e-15,0.9608592367800778,0.9764355654398889,faltinsen_ch9_reduced_order_planing_plus_matched_bie_delta_from_high_frequency,heave_pitch_2x2_v1,FnB=2.82,2.929183333333333
152,3.3201826728381145,9.783732880180384,1.124095688233438,5.589546666666666,0.01,3.937132301489575,2.877740868454637,0.4951937509641366,6.605410978799468,4.876720544116369,6.623946787968521,5.892689436767008,11.734853939402871,126.16393128967246,175.71267591675075,157.27724384879718,-126.16393128967246,175.71267591675075,466.8066596613715,1123.2769890158436,0.4760103191827704,1.1454237573644859,35.374596661780075,2.551556261524985e-15,0.9611920363934667,0.9766366095765794,faltinsen_ch9_reduced_order_planing_plus_matched_bie_delta_from_high_frequency,heave_pitch_2x2_v1,FnB=2.82,2.9418666666666664
153,3.3130485450544973,9.748851934168455,1.1192701546285144,5.613644999999999,0.01,4.168095633415971,2.8715780687200367,0.6977791624648579,6.829558610928194,5.0615197138858585,6.865112277280947,6.133561454213417,12.165885693910946,124.56460624349421,174.1663064314822,155.69438131899852,-124.56460624349421,174.1663064314822,481.0474107947721,1156.2471636780422,0.4905318439984828,1.179043979012244,36.49130116139187,2.380189431788629e-16,0.961520626477301,0.9768350990498785,faltinsen_ch9_reduced_order_planing_plus_matched_bie_delta_from_high_frequency,heave_pitch_2x2_v1,FnB=2.82,2.95455
154,3.3059602081544366,9.714253984615105,1.114485874167073,5.637743333333332,0.01,4.412914872363034,2.850311673443397,0.9270712843992505,7.054490984317534,5.253388840214528,7.115146113339841,6.384240732218744,12.612901525361785,122.85850853989842,172.51333345829357,154.004803755181,-122.85850853989842,172.51333345829357,495.74512877861093,1190.2382787844572,0.5055193453203806,1.2137052701834545,37.64584241999033,2.907144681338424e-15,0.9618450774368713,0.9770310768361268,faltinsen_ch9_reduced_order_planing_plus_matched_bie_delta_from_high_frequency,heave_pitch_2x2_v1,FnB=2.82,2.9672333333333327
155,3.2989171743715775,9.679935514920244,1.1097423200954202,5.661841666666666,0.01,4.671328094169855,2.811140819467397,1.185608766449564,7.277561226900234,5.451955508829506,7.373504292964349,6.644339104171809,13.074951498743207,121.0389488317777,170.74706522619692,152.20181935391292,-121.0389488317777,170.74706522619692,510.8545095021636,1225.138012193547,0.5209266258122432,1.2492930941693106,38.8349603252828,7.602794860220533e-16,0.9621654582178857,0.9772245850143523,faltinsen_ch9_reduced_order_planing_plus_matched_bie_delta_from_high_frequency,heave_pitch_2x2_v1,FnB=2.82,2.979916666666666
156,3.2919189631826993,9.645893067074516,1.105038974589881,5.685939999999999,0.01,4.942637421074245,2.750961978278552,1.4758569615534611,7.4954344547246,5.656629427683743,7.639351506249628,6.913196440953462,13.550567787090529,119.09933870821612,168.86091084600844,150.2788372401211,-119.09933870821612,168.86091084600844,526.3112033147455,1260.7889077404097,0.5366880670919688,1.285646890365629,40.05393454667362,1.2538538255142562e-15,0.9624818363424699,0.977415664788602,faltinsen_ch9_reduced_order_planing_plus_matched_bie_delta_from_high_frequency,heave_pitch_2x2_v1,FnB=2.82,2.9925999999999995
157,3.2849651011700094,9.612123240438068,1.1003753285683582,5.710038333333332,0.01,5.225585830230243,2.6664071973735455,1.800065160902387,7.703998899419146,5.8665556002912425,7.911500086945961,7.189819583867995,14.037655551733573,117.03340036088832,166.8485899806983,148.22957713544895,-117.03340036088832,166.8485899806983,542.028162298319,1296.9798907735926,0.5527149049862277,1.3225514225281747,41.296297251037494,1.4305064337995017e-15,0.9627942779441417,0.9776043565096125,faltinsen_ch9_reduced_order_planing_plus_matched_bie_delta_from_high_frequency,heave_pitch_2x2_v1,FnB=2.82,3.005283333333333
158,3.278055121886629,9.57862269054985,1.0957508815066472,5.734136666666665,0.01,5.518221681381452,2.553919095350047,2.160077112055271,7.898296267482882,6.0805652097861715,8.188346417864786,7.472817550103985,14.533379104355035,114.83543585430692,164.70440211942298,146.0483386303713,-114.83543585430692,164.70440211942298,557.8919349043618,1333.4377166415388,0.5688914511116048,1.3597280586556457,42.55353939536006,1.2491076354524491e-15,0.9631028478017927,0.9777906996958813,faltinsen_ch9_reduced_order_planing_plus_matched_bie_delta_from_high_frequency,heave_pitch_2x2_v1,FnB=2.82,3.0179666666666662
159,3.2711885657251702,9.545388127966486,1.0911651412593593,5.758234999999999,0.01,5.817759608057007,2.4098735960115985,2.5570913588192337,8.072489223828567,6.297127726661854,8.467809544751011,7.76033729869519,15.034051780292401,112.50066125657071,162.42356071189784,143.73033531672206,-112.50066125657071,162.42356071189784,573.759231874225,1369.8191264083741,0.5850715910879096,1.3968267720458813,43.81483517096025,7.602424045180261e-16,0.9634076093727045,0.9779747330541001,faltinsen_ch9_reduced_order_planing_plus_matched_bie_delta_from_high_frequency,heave_pitch_2x2_v1,FnB=2.82,3.0306499999999996
160,3.264364979789337,9.512416317129965,1.0866176238853267,5.782333333333332,0.01,6.120452292051201,2.230760622393933,2.991373705683427,8.219889034103314,6.514309573062841,8.747279141540306,8.050006689808141,15.535042216988886,110.02560619283122,160.00259272533418,141.2720943428559,-110.02560619283122,160.00259272533418,589.4542341843041,1405.7048272470367,0.6010760394062235,1.4334200030051414,45.066820633898345,1.6484537547269454e-15,0.9637086248246386,0.9781564944990402,faltinsen_ch9_reduced_order_planing_plus_matched_bie_delta_from_high_frequency,heave_pitch_2x2_v1,FnB=2.82,3.043333333333333
161,3.257583917768454,9.479704075263225,1.0821078534773516,5.806431666666666,0.01,6.421494541500744,2.013429493629453,3.461933423936229,8.333070239274758,6.729746687085688,9.02358258367781,8.33889390478088,16.030714406215626,107.40857175669737,157.4397965591662,138.6719143266667,-107.40857175669737,157.4397965591662,604.7672684445181,1440.5967733177129,0.6166909887112503,1.4689998861157612,46.29347476066918,1.4923836440336209e-15,0.9640059550670215,0.9783360211728588,faltinsen_ch9_reduced_order_planing_plus_matched_bie_delta_from_high_frequency,heave_pitch_2x2_v1,FnB=2.82,3.0560166666666664
162,3.250844939814853,9.447248271292887,1.0776353619961798,5.8305299999999995,0.01,6.714987894623278,1.7553984126950317,3.966187869815779,8.40409967142042,6.940640173084137,9.292983240372418,8.623495078296587,16.514423115076127,104.65012879811627,154.7357403361126,135.930363645005,-104.65012879811627,154.7357403361126,619.4556050699397,1473.9205185715177,0.6316689237098702,1.5029806494282125,47.4761616326321,3.1029678061224075e-15,0.9642996597812591,0.9785133494638568,faltinsen_ch9_reduced_order_planing_plus_matched_bie_delta_from_high_frequency,heave_pitch_2x2_v1,FnB=2.82,3.0686999999999998
163,3.2441476124240407,9.415045824798346,1.0731996891085749,5.854628333333332,0.01,6.993998606942337,1.4552154130898287,4.499655991627386,8.424901440876582,7.143785299993663,9.55122339449102,8.899763474982453,16.978588631037173,101.75362470768391,151.89376868953127,133.05078721944983,-101.75362470768391,151.89376868953127,633.2471881649988,1505.0345241512289,0.6457324245945342,1.5347081053685294,48.593897214335215,3.2465029215776793e-15,0.9645897974502057,0.9786885150247292,faltinsen_ch9_reduced_order_planing_plus_matched_bie_delta_from_high_frequency,heave_pitch_2x2_v1,FnB=2.82,3.081383333333333
164,3.237491508317564,9.38309370498645,1.0688003820293714,5.878726666666666,0.01,7.2507413693487495,1.1128417427430968,5.055736929963845,8.387765044849594,7.335643608407981,9.793624372651882,9.16319318117791,17.41487337614382,98.72565136129964,148.92047071098636,130.03977446235325,-98.72565136129964,148.92047071098636,645.8480170999959,1533.2480745300218,0.6585816941565121,1.5634779201154543,49.62389808995059,7.036832746498413e-16,0.9648764253868146,0.9788615527902632,faltinsen_ch9_reduced_order_planing_plus_matched_bie_delta_from_high_frequency,heave_pitch_2x2_v1,FnB=2.82,3.0940666666666665
165,3.230876206328515,9.35138892969108,1.0644369953674024,5.902824999999999,0.01,7.476912115681833,0.7300101200467328,5.625640536234937,8.28597907031785,7.512464945741871,10.015252398051443,9.40896684504522,17.814475751534424,95.57641277645166,145.82604760932077,126.90752693444608,-95.57641277645166,145.82604760932077,656.9536023526333,1557.8487358703344,0.6699062394932351,1.5885636133341503,50.54244735247958,1.7657364176950477e-15,0.9651595997619966,0.9790324969945879,faltinsen_ch9_reduced_order_planing_plus_matched_bie_delta_from_high_frequency,heave_pitch_2x2_v1,FnB=2.82,3.10675
166,3.2243012912895956,9.319928564396882,1.0601090909751805,5.926923333333333,0.01,7.6641734246029625,0.3104942896747411,6.198535489236658,8.114539734936809,7.670460285166134,10.21115063649512,9.632169673313541,18.168542301986708,92.3199226176896,142.62451021879417,123.66805585156601,-92.3199226176896,142.62451021879417,666.2643758380053,1578.1389964471198,0.6794005861716339,1.609253921009845,51.326071572447624,2.2389890519791407e-15,0.9654393756317108,0.9792013811879222,faltinsen_ch9_reduced_order_planing_plus_matched_bie_delta_from_high_frequency,heave_pitch_2x2_v1,FnB=2.82,3.1194333333333333
167,3.2177663539236794,9.288709721286532,1.055816237802235,5.951021666666667,0.01,7.804765753727396,-0.13978039005289278,6.761961481992171,7.870847952416555,7.806017360216368,10.376626165281547,9.828060787245812,18.468678396065254,88.97396404489973,139.33363884990774,120.339141934123,-88.97396404489973,139.33363884990774,673.504179244732,1593.4799412913508,0.6867831310842459,1.6248973311899078,51.95296449087526,1.6338537569408534e-15,0.9657158069633113,0.9793682382528459,faltinsen_ch9_reduced_order_planing_plus_matched_bie_delta_from_high_frequency,heave_pitch_2x2_v1,FnB=2.82,3.1321166666666667
168,3.2112709907368004,9.257729558310778,1.051558011751996,5.9751199999999995,0.01,7.892182096303807,-0.6128460437335355,7.302512131559092,7.55528160168342,7.915940785183919,10.50756696444537,9.992379732753651,18.7075133016078,85.55976168352424,135.9746552620606,116.94200737844943,-85.55976168352424,135.9746552620606,678.4401108075139,1603.337839645165,0.6918163805249641,1.6349495899671809,52.404527405469935,1.219756631223617e-15,0.9659889466611742,0.9795331004201617,faltinsen_ch9_reduced_order_planing_plus_matched_bie_delta_from_high_frequency,heave_pitch_2x2_v1,FnB=2.82,3.1448
169,3.2048148039135134,9.22698527828075,1.0473339955421281,5.999218333333333,0.01,7.921812491604194,-1.0990522526553967,7.806739580090937,7.171524127584762,7.997688979086593,10.600751915967509,10.1216536091529,18.87925385336371,82.10134873729703,132.57158977861536,113.50068297060693,-82.10134873729703,132.57158977861536,680.901304622688,1607.3278934293346,0.6943260997615781,1.639018312501552,52.66684026127549,3.1020668041438194e-15,0.966258846591626,0.9796959992842709,faltinsen_ch9_reduced_order_planing_plus_matched_bie_delta_from_high_frequency,heave_pitch_2x2_v1,FnB=2.82,3.1574833333333334
170,3.1983974012145535,9.196474127981805,1.0431437785682176,6.023316666666665,0.01,7.891450402081288,-1.5876616320302073,8.262173637322487,6.726556008293138,8.049575076134749,10.654110424900392,10.213463037208397,18.980149396262412,78.62465745758777,129.15037175846908,110.04109855674591,-78.62465745758777,129.15037175846908,680.7939099185841,1605.2487238276717,0.6942165876406153,1.6368981495492059,52.731851663776006,2.0174412092410642e-15,0.9665255576071949,0.9798569658181656,faltinsen_ch9_reduced_order_planing_plus_matched_bie_delta_from_high_frequency,heave_pitch_2x2_v1,FnB=2.82,3.170166666666666
171,3.192018395876746,9.166193397308371,1.0389869567707175,6.047414999999998,0.01,7.8015648258650785,-2.0676134380828235,8.658306849888243,6.230271915367709,8.07090075899313,10.666891095639876,10.266626569397669,19.008795521149974,75.15640901742785,125.73771947220598,106.5899729180926,-75.15640901742785,125.73771947220598,678.1098292338346,1597.1019183236697,0.6914795870494356,1.6285907198927971,52.598096195709545,1.5634993141090759e-15,0.9667891295702068,0.9800160303880034,faltinsen_ch9_reduced_order_planing_plus_matched_bie_delta_from_high_frequency,heave_pitch_2x2_v1,FnB=2.82,3.1828499999999993
172,3.1856774065151,9.13614041841921,1.0348631325050626,6.071513333333332,0.01,7.655247814887019,-2.528651989244502,8.987622050786792,5.694479917673395,8.062065491550081,10.639758064005711,10.281319074775004,18.966320112107187,71.72077640817679,122.35799486836044,103.17155314527133,-71.72077640817679,122.35799486836044,672.9330423070171,1583.1009445142972,0.6862007334890274,1.6143136999019005,52.27094424606363,7.214129855402985e-16,0.9670496113757466,0.9801732227672716,faltinsen_ch9_reduced_order_planing_plus_matched_bie_delta_from_high_frequency,heave_pitch_2x2_v1,FnB=2.82,3.1955333333333327
173,3.1793740570270335,9.106312564912509,1.0307719144148653,6.095611666666665,0.01,7.457707849142533,-2.962144935748739,9.245957333045638,5.131720909360731,8.02444446572746,10.5746057371455,10.258919154921243,18.85606106320286,68.3373997969016,119.03129130315608,99.80565721519667,-68.3373997969016,119.03129130315608,665.4264838124682,1563.6375160212149,0.6785461740884687,1.5944665263073678,51.76153464350564,2.07259113464963e-15,0.9673070509740004,0.9803285721505796,faltinsen_ch9_reduced_order_planing_plus_matched_bie_delta_from_high_frequency,heave_pitch_2x2_v1,FnB=2.82,3.208216666666666
174,3.173107976498678,9.076707251020286,1.0267129173081058,6.119709999999999,0.01,7.216257591514303,-3.3594846041479305,9.43120456424171,4.5565064696283075,7.959931559542129,10.47422411161506,10.201706762467717,18.682895218957682,65.03595544607072,115.78662420902106,96.52169580480307,-65.03595544607072,115.78662420902106,655.7918130073447,1539.2204865353485,0.6687215440617793,1.56956808546787,51.08574911798678,1.1596390152569943e-15,0.9675614953920035,0.9804821071670957,faltinsen_ch9_reduced_order_planing_plus_matched_bie_delta_from_high_frequency,heave_pitch_2x2_v1,FnB=2.82,3.2208999999999994
175,3.166878799113201,9.047321930821568,1.0226857620362377,6.143808333333332,0.01,6.939365274982025,-3.7153132812773912,9.545303831959524,3.981753179173767,7.871362219950403,10.342494071754722,10.113071341838284,18.453688469663273,61.835550343633145,112.64309776202958,93.33877364833506,-61.835550343633145,112.64309776202958,644.3027517221082,1510.5088456342824,0.6570059619973264,1.5402903597398525,50.264171447056285,2.6616080120620487e-15,0.9678129907548069,0.980633855893581,faltinsen_ch9_reduced_order_planing_plus_matched_bie_delta_from_high_frequency,heave_pitch_2x2_v1,FnB=2.82,3.233583333333333
176,3.160686164061105,9.01815409747384,1.0186900753761277,6.167906666666665,0.01,6.635938486135617,-4.026539117919591,9.592803509425284,3.4188784363613456,7.762003405043864,10.183840578733479,9.996995970509806,18.176286323229807,58.751560019502506,109.61608467837505,90.27226403878649,-58.751560019502506,109.61608467837505,631.2612529370912,1478.2247158883488,0.6437073342447127,1.5073697092160412,49.31969754222306,3.6260909230542655e-15,0.9680615823060819,0.9807838458671119,faltinsen_ch9_reduced_order_planing_plus_matched_bie_delta_from_high_frequency,heave_pitch_2x2_v1,FnB=2.82,3.246266666666666
177,3.1545297154524463,8.989201282462263,1.0147254899147509,6.192004999999999,0.01,6.31469183195916,-4.2921857089256275,9.580172735497099,2.8773053993688014,7.635325211968193,10.00292937109919,9.857768894658946,17.858973928730236,55.79549678084834,106.71709445127772,87.3336770638744,-55.79549678084834,106.71709445127772,616.9781015773508,1443.1075985337197,0.6291425732307677,1.4715602152964773,48.27603861645984,1.6508084821325768e-15,0.9683073144281813,0.9809321040974455,faltinsen_ch9_reduced_order_planing_plus_matched_bie_delta_from_high_frequency,heave_pitch_2x2_v1,FnB=2.82,3.2589499999999996
178,3.1484091022309277,8.960461054866201,1.0107916439365692,6.216103333333332,0.01,5.983654145977368,-4.513078904533661,9.515072438995276,2.3642442875417995,7.4947980718108,9.804399755747495,9.6997237903193,17.50999954565269,52.975138431444236,103.95390207187506,84.53078832602978,-52.975138431444236,103.95390207187506,601.756305270217,1405.8754526697182,0.6136206607457358,1.4335939925149959,47.156429783486445,1.5045940589108226e-15,0.9685502306616698,0.9810786570790657,faltinsen_ch9_reduced_order_planing_plus_matched_bie_delta_from_high_frequency,heave_pitch_2x2_v1,FnB=2.82,3.271633333333333
179,3.1423239780898173,8.931931020642548,1.0068881813135184,6.240201666666666,0.01,5.649841986975526,-4.691446659045948,9.405682449150936,1.8847117683980645,7.343731083888144,9.592653479835707,9.52702957275929,17.137197309931288,50.29485273544512,101.33087249446783,81.86796340677768,-50.29485273544512,101.33087249446783,585.8783991033645,1367.1951778148682,0.5974297023992541,1.3941510891230628,45.982634010203,3.8594396770945846e-15,0.9687903737243438,0.9812235308029102,faltinsen_ch9_reduced_order_planing_plus_matched_bie_delta_from_high_frequency,heave_pitch_2x2_v1,FnB=2.82,3.2843166666666663
180,3.1362740013896504,8.903608821925484,1.0030147513975363,6.2642999999999995,0.01,5.319093539738364,-4.830500123861065,9.260146904999202,1.4417244580086637,7.185157446507917,9.37170689442359,9.343538448827056,16.74772239934095,47.75604590997065,98.8494091305028,79.34660635988718,-47.75604590997065,98.8494091305028,569.5979680908897,1327.6631333181426,0.580828282941565,1.3538396224175866,44.77426808777426,1.4587014439570448e-15,0.9690277855297512,0.9813667507677614,faltinsen_ch9_reduced_order_planing_plus_matched_bie_delta_from_high_frequency,heave_pitch_2x2_v1,FnB=2.82,3.2969999999999997
181,3.1302588350776626,8.875492136342128,0.9991710089155591,6.288398333333332,0.01,4.996035754372016,-4.9340463883506525,9.086164485354427,1.0365967748642395,7.021765235420484,9.145103494689112,9.152690993921714,16.347893632453932,45.35766903646589,96.50846026126646,76.96566612326131,-45.35766903646589,96.50846026126646,553.1350671408092,1287.7948690713688,0.5640407959301179,1.313185306981863,43.54842864432274,3.3673854992216042e-15,0.9692625072052309,0.9815083419913864,faltinsen_ch9_reduced_order_planing_plus_matched_bie_delta_from_high_frequency,heave_pitch_2x2_v1,FnB=2.82,3.309683333333333
182,3.1242781466089222,8.847578676343742,0.9953566138669253,6.312496666666666,0.01,4.684148262125253,-5.006162753745943,8.89072182502756,0.6692817186543666,6.855866864121866,8.915877555739891,8.957470550280489,15.943127139890345,43.09672935274472,94.30503033119572,74.72214781147682,-43.09672935274472,94.30503033119572,536.6748478344039,1248.0223874506548,0.5472560434342042,1.2726286626428545,42.31956687616507,3.1815610489229293e-15,0.9694945791094817,0.9816483290213479,faltinsen_ch9_reduced_order_planing_plus_matched_bie_delta_from_high_frequency,heave_pitch_2x2_v1,FnB=2.82,3.3223666666666665
183,3.118331607869109,8.81986618855205,0.9915712314231203,6.336594999999999,0.01,4.385887648404032,-5.05094442661736,8.679950777026214,0.33870853638751464,6.689398333572312,8.686556795659587,8.760396147428047,15.53793971993472,40.96876910586468,92.23465880195948,72.61159156912115,-40.96876910586468,92.23465880195948,520.3685611614907,1208.696945866963,0.5306282585403688,1.2325278722774478,41.0995490766135,1.6210366990913184e-15,0.9697240408496772,0.9817867359455401,faltinsen_ch9_reduced_order_planing_plus_matched_bie_delta_from_high_frequency,heave_pitch_2x2_v1,FnB=2.82,3.33505
184,3.1124188950989056,8.792352453120246,0.9878145318297984,6.360693333333333,0.01,4.102841308303034,-5.072324503783783,8.459082164603904,0.04308790128143294,6.523939199042489,8.459191901993755,8.563542678729577,15.13600026642938,38.96828953629762,90.29184413777568,70.62849655539407,-38.96828953629762,90.29184413777568,504.3361316230301,1170.0954882805354,0.5142797302065742,1.1931653401319875,39.897841407590086,2.6448642007852524e-15,0.9699509312981408,0.9819235864024631,faltinsen_ch9_reduced_order_planing_plus_matched_bie_delta_from_high_frequency,heave_pitch_2x2_v1,FnB=2.82,3.3477333333333332
185,3.1065396888199612,8.76503528310836,0.984086190311026,6.384791666666667,0.01,3.8358880033488223,-5.073957376624793,8.232467764692442,-0.21983038531385155,6.360745257754044,8.235402291024247,8.368578252705083,14.74021034694232,37.089109719389285,88.47040264796016,68.76667978596774,-37.089109719389285,88.47040264796016,488.66961980548507,1132.4290934796163,0.4983043341054133,1.1547563066690627,38.721766269847336,5.427745982975126e-16,0.9701752886085888,0.9820589035912224,faltinsen_ch9_reduced_order_planing_plus_matched_bie_delta_from_high_frequency,heave_pitch_2x2_v1,FnB=2.82,3.3604166666666666
186,3.1006936737623865,8.737912523872565,0.9803858869756833,6.4088899999999995,0.01,3.5853500705513013,-5.059153269371335,8.003645578753854,-0.4525515269012827,6.20078760573146,8.016429718696896,8.176810606103441,14.352798989438286,35.32465878807881,86.76376071068086,67.01956835607757,-35.32465878807881,86.76376071068086,473.43704928005764,1095.852210159339,0.4827714349753052,1.1174582657271739,37.576789577334765,1.240348564378112e-15,0.9703971502319612,0.9821927102812593,faltinsen_ch9_reduced_order_planing_plus_matched_bie_delta_from_high_frequency,heave_pitch_2x2_v1,FnB=2.82,3.3731
187,3.0948805387937406,8.710982052468069,0.97671330672597,6.432988333333333,0.01,3.351128778016924,-5.030851189965318,7.775428597181994,-0.6576792358469578,6.04479344414916,7.803193695349347,7.9892365974887225,13.975420877125476,33.66820570275604,85.16518454379627,65.38042921072247,-33.66820570275604,85.16518454379627,458.6862305773068,1060.4718229147654,0.4677297859894121,1.0813803112324447,36.466810195186085,1.9844930860042312e-15,0.9706165529318462,0.9823250288218662,faltinsen_ch9_reduced_order_planing_plus_matched_bie_delta_from_high_frequency,heave_pitch_2x2_v1,FnB=2.82,3.3857833333333334
188,3.089099976849485,8.684241777065264,0.9730681391679614,6.457086666666664,0.01,3.1328191644803534,-4.991618851110816,7.550002654312563,-0.837802461096113,5.8932855583367285,7.596344715976589,7.8065907311197895,13.609250813922962,32.11303382275557,83.6679547772805,63.84254371647572,-32.11303382275557,83.6679547772805,444.4483492275013,1026.356011192201,0.45321118753855943,1.0465918649000436,35.39443311086717,9.788902420393482e-16,0.9708335327995137,0.9824558811514028,faltinsen_ch9_reduced_order_planing_plus_matched_bie_delta_from_high_frequency,heave_pitch_2x2_v1,FnB=2.82,3.398466666666666
189,3.0833516848648523,8.657689636378755,0.9694500785241569,6.481184999999998,0.01,2.929803923602145,-4.943670158243674,7.329023730109291,-0.9954177535734209,5.7466186287471315,7.396312955833755,7.629390228214266,13.255070240663368,30.652568775188712,82.26549432293689,62.39933553060726,-30.652568775188712,82.26549432293689,430.74118890246933,993.5416082576993,0.4392337739212365,1.0131304862085417,34.3612159532951,1.7394135570296617e-15,0.9710481252685672,0.9825852888063494,faltinsen_ch9_reduced_order_planing_plus_matched_bie_delta_from_high_frequency,heave_pitch_2x2_v1,FnB=2.82,3.4111499999999992
190,3.077635363708111,8.631323599108972,0.9658588235479758,6.505283333333332,0.01,2.7413278034072053,-4.888893043020624,7.113708833819233,-1.1328796615570769,5.605011446181785,7.203351282557826,7.457975334425283,12.913343725222187,29.280468151398225,80.95145807168763,61.04446029780448,-29.280468151398225,80.95145807168763,417.57193507920914,962.0408413897658,0.42580487228483654,0.9810086435120718,33.36788426577356,1.3242823199399735e-15,0.9712603651292261,0.9827132729300454,faltinsen_ch9_reduced_order_planing_plus_matched_bie_delta_from_high_frequency,heave_pitch_2x2_v1,FnB=2.82,3.4238333333333326
191,3.071950718115182,8.605141663396008,0.9622940774401437,6.529381666666665,0.01,2.5665549457123555,-4.828882406345674,6.904917376003363,-1.2523723005514813,5.468574730555973,7.017572254606416,7.292544367803116,12.584284812503526,27.99068089506926,79.71979228247437,59.771865038525505,-27.99068089506926,79.71979228247437,404.9395538559544,931.846948913023,0.4129234283429656,0.9502194418206247,32.414514800571965,2.2741446335573575e-15,0.971470286542249,0.9828398542812923,faltinsen_ch9_reduced_order_planing_plus_matched_bie_delta_from_high_frequency,heave_pitch_2x2_v1,FnB=2.82,3.436516666666666
192,3.0662974566255823,8.5791418562854,0.958755547766925,6.553479999999999,0.01,2.4046119121725327,-4.764974578324575,6.703221829739261,-1.3558963264179589,5.3373346513256505,6.838979291289504,7.13318353903499,12.267911543314815,26.77748323987126,78.56477052064668,58.57582408686068,-26.77748323987126,78.56477052064668,392.8367703211664,902.9388382204153,0.40058202375038005,0.9207413726608122,31.500688465446583,1.0928643460653148e-15,0.9716779230525069,0.9829650532426623,faltinsen_ch9_reduced_order_planing_plus_matched_bie_delta_from_high_frequency,heave_pitch_2x2_v1,FnB=2.82,3.4491999999999994
193,3.060675291519655,8.553322233205533,0.9552429463801527,6.5775783333333315,0.01,2.254619084525422,-4.698280975855135,6.5089676866295765,-1.4452666845912898,5.2112523777292274,6.667492492322543,6.979891887805804,11.964092477047618,25.6354969442599,77.48101189346846,57.45095732553227,-25.6354969442599,77.48101189346846,381.2516866870882,875.284884694508,0.38876852614000523,0.8925421878975063,30.625615831496336,5.399062788863467e-16,0.9718833076022184,0.9830888898286557,faltinsen_ch9_reduced_order_planing_plus_matched_bie_delta_from_high_frequency,heave_pitch_2x2_v1,FnB=2.82,3.4618833333333328
194,3.0550839387570674,8.527680877456373,0.9517559893390095,6.601676666666665,0.01,2.115712865451931,-4.629719575112928,6.322323413757173,-1.5221175643277352,5.090240099761764,6.502969723732162,6.83260183973042,11.672584304486945,24.55969449683292,76.46348625613848,56.392235391427334,-24.55969449683292,76.46348625613848,370.1690868186563,848.8459852822932,0.37746741937221817,0.8655820135135782,29.78823865695471,8.117497350510798e-16,0.9720864725438552,0.9832113836936274,faltinsen_ch9_reduced_order_planing_plus_matched_bie_delta_from_high_frequency,heave_pitch_2x2_v1,FnB=2.82,3.474566666666666
195,3.0495231179165367,8.502215899709253,0.9482943968335157,6.625774999999999,0.01,1.9870607602191832,-4.560043474223718,6.14332147111796,-1.587911889408746,4.974173996917795,6.345223626163588,6.691195948590601,11.393062210206965,23.54539500060784,75.50751009669403,55.39497556003255,-23.54539500060784,75.50751009669403,359.57147430368735,823.5779806448631,0.3666608620718465,0.8398158195151894,28.987310961461823,1.1083515912144595e-15,0.9722874496527257,0.9833325541395077,faltinsen_ch9_reduced_order_planing_plus_matched_bie_delta_from_high_frequency,heave_pitch_2x2_v1,FnB=2.82,3.4872499999999995
196,3.043992552136759,8.476925437517426,0.9448578931096814,6.649873333333332,0.01,1.8678710585972937,-4.489866263312993,5.971891577094837,-1.6439534091091634,4.862904621106767,6.194035180711997,6.5555203865910645,11.125144109332945,22.58825361853468,74.60873598211288,54.45483119108468,-22.58825361853468,74.60873598211288,349.4398883167443,799.4335521613013,0.35632951957778075,0.8151953543374153,28.221462993346204,1.4816229221256639e-15,0.9724862701392507,0.9834524201233587,faltinsen_ch9_reduced_order_planing_plus_matched_bie_delta_from_high_frequency,heave_pitch_2x2_v1,FnB=2.82,3.499933333333333
197,3.038491968058509,8.451807654837115,0.9414462063962793,6.673971666666666,0.01,1.7573985000293264,-4.419684201152945,5.807887400581381,-1.69140002547019,4.756265123584499,6.049164413701493,6.425395707798138,10.868409789796539,21.68424677925117,73.76313776462206,53.56777693444559,-21.68424677925117,73.76313776462206,339.75453691599773,776.363688566365,0.3464532097260509,0.7916706403984695,27.48925110009964,5.895359092551932e-16,0.9726829646609328,0.9835710002647166,faltinsen_ch9_reduced_order_planing_plus_matched_bie_delta_from_high_frequency,heave_pitch_2x2_v1,FnB=2.82,3.5126166666666663
198,3.033021095767897,8.426860741558793,0.9380590688331993,6.698069999999999,0.01,1.65494701056092,-4.349895366024827,5.651107773243925,-1.731277426805125,4.654077707035927,5.910358753356931,6.300625354764178,10.622415870733475,20.829654791225295,72.96699319635974,52.730091344346675,-20.829654791225295,72.96699319635974,330.495282161419,754.3188041589128,0.3370113975327141,0.7691911143549661,26.789196124442697,5.272822731970111e-16,0.9728775633340351,0.9836883128527544,faltinsen_ch9_reduced_order_planing_plus_matched_bie_delta_from_high_frequency,heave_pitch_2x2_v1,FnB=2.82,3.5252999999999997
199,3.02757966874073,8.402082913048451,0.9346962164013428,6.722168333333332,0.01,1.5598703530000724,-4.280816038957192,5.5013133939972,-1.7644924180985244,4.556158631738112,5.77735947925176,6.181002316982803,10.386707360412021,20.021043078271504,72.21686516537818,51.9383381149905,-20.021043078271504,72.21686516537818,321.642006204507,733.2495778329765,0.32798356850148325,0.7477064826755073,26.11981255671048,9.66123119877193e-16,0.9730700957449718,0.9838043758533006,faltinsen_ch9_reduced_order_planing_plus_matched_bie_delta_from_high_frequency,heave_pitch_2x2_v1,FnB=2.82,3.537983333333333
200,3.022167423787981,8.377472409698601,0.931357388854021,6.746266666666666,0.01,1.471571330662608,-4.212694616671541,5.358239864875384,-1.7918455706161494,4.46232205410608,5.64990663626192,6.066314289097753,10.160826474691815,19.25524291140772,71.50958242795576,51.189346812476884,-19.25524291140772,71.50958242795576,313.1748826330512,713.1075704718202,0.3193495053183822,0.7271673512074156,25.479630307553965,1.446162815408552e-15,0.9732605909614225,0.9839192069156415,faltinsen_ch9_reduced_order_planing_plus_matched_bie_delta_from_high_frequency,heave_pitch_2x2_v1,FnB=2.82,3.5506666666666664
201,3.016784101002321,8.353027496488773,0.9280423296498176,6.770364999999999,0.01,1.3895000249769893,-4.14572335829321,5.221607767596333,-1.814042976582406,4.372382929583019,5.5277427218992665,5.956347620463686,9.944319265604298,18.529332253253244,70.84222045341983,50.48019371925483,-18.529332253253244,70.84222045341983,305.07457302920227,693.8456678838103,0.31108948828519656,0.7075256768456204,24.867210637225806,2.5968373558896674e-15,0.973449077543175,0.9840328233791761,faltinsen_ch9_reduced_order_planing_plus_matched_bie_delta_from_high_frequency,heave_pitch_2x2_v1,FnB=2.82,3.56335
202,3.0114294437056905,8.328746462555248,0.9247507858868794,6.794463333333333,0.01,1.3131514220378766,-4.080048257274078,5.091130370930406,-1.8317070074298707,4.2861591709694284,5.41061540075412,5.8508902975033275,9.73674051180121,17.840617135701223,70.21208280221492,49.808183211834034,-17.840617135701223,70.21208280221492,297.3223649690535,675.4183875546457,0.30318443603988476,0.6887350803328822,24.28115749388586,7.349531477680615e-16,0.9736355835527063,0.9841452422799211,faltinsen_ch9_reduced_order_planing_plus_matched_bie_delta_from_high_frequency,heave_pitch_2x2_v1,FnB=2.82,3.576033333333333
203,3.006103198397901,8.304627620769867,0.9214825082386027,6.818561666666666,0.01,1.242062686715931,-4.015777306836489,4.966519453899602,-1.845386049503141,4.203473218165535,5.298279452583075,5.749734156875795,9.53765723880635,17.186613845854254,69.6166833122063,49.17082994674573,-17.186613845854254,69.6166833122063,289.9002645437744,657.7820799972848,0.29561599990187726,0.6707510515795759,23.72012527296671,5.367947817621452e-16,0.9738201365655081,0.9842564803568397,faltinsen_ch9_reduced_order_planing_plus_matched_bie_delta_from_high_frequency,heave_pitch_2x2_v1,FnB=2.82,3.5887166666666666
204,3.0008051147062247,8.280669307327607,0.9182372508906751,6.8426599999999995,0.01,1.175810269490364,-3.952987399318669,4.847489639672112,-1.8555632396775874,4.124153145678658,5.190498120910097,5.6526764906078455,9.346651166507442,16.56503208797679,69.05372926097351,48.56584202250673,-16.56503208797679,69.05372926097351,282.7910538674468,640.8950492727379,0.28836662251375017,0.6535310725606991,23.18282380936979,1.0822674714453212e-15,0.9740027636801631,0.9843665540580164,faltinsen_ch9_reduced_order_planing_plus_matched_bie_delta_from_high_frequency,heave_pitch_2x2_v1,FnB=2.82,3.6014
205,2.9955349453359603,8.256869881342778,0.9150147714794467,6.866758333333333,0.01,1.1140069758934497,-3.8917300706720224,4.733761559162763,-1.8626642530026396,4.048033409609181,5.087043996116109,5.55952117351187,9.163320322829742,15.973759211492279,68.52110559412301,47.991105207615476,-15.973759211492279,68.52110559412301,275.9783218912809,624.7176121728143,0.2814195692629807,0.6370346776654763,22.668021249498857,7.778285714126847e-16,0.9741834915281801,0.9844754795466995,faltinsen_ch9_reduced_order_planing_plus_matched_bie_delta_from_high_frequency,heave_pitch_2x2_v1,FnB=2.82,3.6140833333333333
206,2.9902924460219547,8.23322772445361,0.9118148310315923,6.890856666666664,0.01,1.0562990872904852,-3.832036273163746,4.625064100448913,-1.8670642110132876,3.9749553155543023,4.987699539999175,5.47007941772156,8.987280014501776,15.410845539671556,68.01686025426716,47.444668269227066,-15.410845539671556,68.01686025426716,269.44647510021025,609.2121114343603,0.27475893918943806,0.6212234671721335,22.174545315901096,1.1999916113479175e-15,0.9743623462835943,0.9845832727071907,faltinsen_ch9_reduced_order_planing_plus_matched_bie_delta_from_high_frequency,heave_pitch_2x2_v1,FnB=2.82,3.626766666666666
207,2.9850773754810453,8.209741240434994,0.9086371939050345,6.914954999999998,0.01,1.0023635913918632,-3.773920333243967,4.521135948526447,-1.869093786995977,3.904767272324978,4.892257336817545,5.384170238279785,8.81816330670935,14.874490795068965,67.53919060672754,46.924729398564295,-14.874490795068965,67.53919060672754,263.1807332616063,594.3428950372562,0.2683696606502795,0.6060610861377294,21.701283368770127,1.3850201583087516e-15,0.974539353672338,0.9846899491505705,faltinsen_ch9_reduced_order_planing_plus_matched_bie_delta_from_high_frequency,heave_pitch_2x2_v1,FnB=2.82,3.639449999999999
208,2.979889495365424,8.186408854819254,0.9054816277311009,6.939053333333332,0.01,0.9519055588075825,-3.717383228092506,4.421726577985255,-1.86904458627441,3.837324882961076,4.800520138062423,5.301620696701783,8.655621131788704,14.363031591641743,67.0864309318986,46.42962370300083,-14.363031591641743,67.0864309318986,257.16711426871393,580.0762709848406,0.2622374758645551,0.5915131782870201,21.247181581387327,5.951972562923483e-16,0.9747145389813898,0.9847955242203412,faltinsen_ch9_reduced_order_planing_plus_matched_bie_delta_from_high_frequency,heave_pitch_2x2_v1,FnB=2.82,3.6521333333333326
209,2.9747285702168766,8.163229014524681,0.9023479033578791,6.963151666666665,0.01,0.904655686079596,-3.662415293726384,4.32659682730558,-1.8671738776334559,3.7724909137169647,4.712300753917079,5.222265975663423,8.499322121641676,13.874929946551248,66.65704093727157,45.957811717815616,-13.874929946551248,66.65704093727157,251.39241122261953,566.3804448536193,0.2563489175433196,0.577547322330887,20.81124347691087,6.259847898810759e-16,0.974887927067706,0.9849000129978634,faltinsen_ch9_reduced_order_planing_plus_matched_bie_delta_from_high_frequency,heave_pitch_2x2_v1,FnB=2.82,3.664816666666666
210,2.9695943674219034,8.140200187491692,0.8992357947947458,6.987249999999999,0.01,0.8603680143961399,-3.6089984596590954,4.235519156263263,-1.8637087478144938,3.7101351730115817,4.627421832916611,5.145949326864639,8.348952238153203,13.408762754386629,66.24959523185953,45.507868880359496,-13.408762754386629,66.24959523185953,245.84416418317107,553.2254457262553,0.25069128008358726,0.5641329564390035,20.39252801849122,7.651546222929081e-16,0.9750595423669429,0.9850034303077331,faltinsen_ch9_reduced_order_planing_plus_matched_bie_delta_from_high_frequency,heave_pitch_2x2_v1,FnB=2.82,3.6774999999999993
211,2.9644866571676767,8.117320862326403,0.8961450791580394,7.0113483333333315,0.01,0.8188178254047921,-3.5571080897600487,4.148277666166806,-1.858849745608152,3.650134325396398,4.545715562193242,5.072521925204461,8.204214259604445,12.963212161096237,65.8627737003107,45.07847590391995,-12.963212161096237,65.8627737003107,240.5106284551425,540.5830448017336,0.24525258722921947,0.5512412952453016,19.99014740076455,1.422818933217146e-15,0.975229408901972,0.9851057907229794,faltinsen_ch9_reduced_order_planing_plus_matched_bie_delta_from_high_frequency,heave_pitch_2x2_v1,FnB=2.82,3.6901833333333327
212,2.95940521239884,8.094589547951468,0.8930755366178486,7.035446666666665,0.01,0.7797997102864405,-3.5067144959153183,4.064667945306591,-1.8527740761237637,3.5923716600632294,4.467023313433586,5.001842655270321,8.064827168119189,12.537056772842561,65.49535271192556,44.668409986500194,-12.537056772842561,65.49535271192556,235.3807408315752,528.4266699390166,0.24002155764871308,0.5388452427067517,19.603264656084008,1.5490594712117504e-15,0.9753975502911976,0.985207108570167,faltinsen_ch9_reduced_order_planing_plus_matched_bie_delta_from_high_frequency,heave_pitch_2x2_v1,FnB=2.82,3.702866666666666
213,2.9543498087751114,8.072004773263988,0.8900269503458915,7.059544999999999,0.01,0.7431258048442829,-3.4577841800643565,3.9844967882207714,-1.845638399771219,3.536736829017505,4.391195253920248,4.933777850450142,7.930525472904691,12.12916363527745,65.14619710007611,44.2765367900096,-12.12916363527745,65.14619710007611,230.44408486738348,516.7313185778318,0.2349875695241326,0.526919303307278,19.23109116154769,1.4154218235221005e-15,0.9755639897566789,0.9853073979343825,faltinsen_ch9_reduced_order_planing_plus_matched_bie_delta_from_high_frequency,heave_pitch_2x2_v1,FnB=2.82,3.7155499999999995
214,2.949320224629683,8.049565086800321,0.8869991064644589,7.083643333333332,0.01,0.7086241812854019,-3.4102808509138067,3.907581826469911,-1.8375812846296862,3.4831255665582606,4.318089937481527,4.868201000442099,7.801058495920415,11.738480920584806,64.81425284937467,43.901803127213554,-11.738480920584806,64.81425284937467,225.69085598343406,505.47347084613637,0.23014062496717436,0.5154394934520313,18.87288411146561,1.3106792366111212e-15,0.9757287501320633,0.9854066726640683,faltinsen_ch9_reduced_order_planing_plus_matched_bie_delta_from_high_frequency,heave_pitch_2x2_v1,FnB=2.82,3.728233333333333
215,2.944316240928399,8.027269056407665,0.8839917939963942,7.107741666666666,0.01,0.6761373862450598,-3.3641662538595623,3.833751099991657,-1.8287253553628529,3.431439398952833,4.247573886589171,4.804992439337618,7.676189640199803,11.364031262507268,64.49854043081032,43.54323029665923,-11.364031262507268,64.49854043081032,221.11182698872307,494.63100417115,0.22547131486157157,0.504383254394875,18.527944003171942,1.371441136840735e-15,0.9758918538703354,0.9855049463758024,faltinsen_ch9_reduced_order_planing_plus_matched_bie_delta_from_high_frequency,heave_pitch_2x2_v1,FnB=2.82,3.7409166666666662
216,2.9393376412296894,8.00511526892221,0.8810048048160906,7.131839999999999,0.01,0.6455211141411007,-3.3194008461547178,3.7628425913110677,-1.8191791767591283,3.381585351023189,4.17952117402683,4.744039023600221,7.555695656009653,11.004905683044058,64.1981487285394,43.19990800926473,-11.004905683044058,64.1981487285394,216.698314443228,484.183110329568,0.2209707845627488,0.49372936765314157,18.195612171055192,4.849754434147339e-16,0.9760533230513873,0.9856022324588984,faltinsen_ch9_reduced_order_planing_plus_matched_bie_delta_from_high_frequency,heave_pitch_2x2_v1,FnB=2.82,3.7535999999999996
217,2.934384211645249,7.9831023298537325,0.8780379336014755,7.155938333333332,0.01,0.6166430049401896,-3.2759443439472173,3.694703739540481,-1.8090389053638016,3.3334756546555777,4.1138130103462744,4.685233807009362,7.439365916082389,10.660258058295597,63.91222950580817,42.87098885404839,-10.660258058295597,63.91222950580817,212.442146156601,474.110215579212,0.21663070075571272,0.48345787356458325,17.875268393574864,6.5202322506104e-16,0.976213179389413,0.9856985440799527,faltinsen_ch9_reduced_order_planing_plus_matched_bie_delta_from_high_frequency,heave_pitch_2x2_v1,FnB=2.82,3.766283333333333
218,2.9294557408014428,7.961228863076485,0.875090977786964,7.180036666666666,0.01,0.5893815557163646,-3.233756163303222,3.6291909469141195,-1.7983897385317302,3.287027462909341,4.050337341607441,4.628475717862415,7.327001708072455,10.329300074833725,63.63999236138551,42.55568325437628,-10.329300074833725,63.63999236138551,208.33563001998587,464.3939042899591,0.21244321967235077,0.4735499934125916,17.56632859024129,4.816977592030898e-16,0.976371444240135,0.9857938941872708,faltinsen_ch9_reduced_order_planing_plus_matched_bie_delta_from_high_frequency,heave_pitch_2x2_v1,FnB=2.82,3.7789666666666664
219,2.92455201980142,7.9394935105262086,0.8721637375173545,7.204134999999999,0.01,0.5636251358752081,-3.1927957735831316,3.566169087327052,-1.787307186545997,3.2421625723582483,3.9889884605606505,4.573669242332237,7.218415549988671,10.011296631844885,63.380700131754935,42.253254869976786,-10.011296631844885,63.380700131754935,204.3715242935439,455.01684632130025,0.20840095679313927,0.46398805537191634,17.26824261955681,6.007010736451819e-16,0.976528138607863,0.9858882955151819,faltinsen_ch9_reduced_order_planing_plus_matched_bie_delta_from_high_frequency,heave_pitch_2x2_v1,FnB=2.82,3.7916499999999997
220,2.919672842187925,7.917894931903156,0.8692560156026489,7.228233333333333,0.01,0.5392710965257276,-3.1530229784218906,3.505511023796389,-1.775858190191298,3.1988071554885127,3.929666633396212,4.5207241167860115,7.113430532499278,9.705561648051145,63.13366469807033,41.9630164037267,-9.705561648051145,63.13366469807033,200.54300941579314,445.96272826572897,0.2044969581006696,0.45475542439643407,16.98049218437021,7.264776903935632e-16,0.976683283152393,0.9859817605882506,faltinsen_ch9_reduced_order_planing_plus_matched_bie_delta_from_high_frequency,heave_pitch_2x2_v1,FnB=2.82,3.804333333333333
221,2.9148180039067895,7.896431804380976,0.8663676174737716,7.252331666666666,0.01,0.5162249651498051,-3.114398136977268,3.447097139780903,-1.7641021033055342,3.1568915043522474,3.872277743392472,4.46955503101973,7.011879690578746,9.411454235979448,62.89824316044718,41.68432577577951,-9.411454235979448,62.89824316044718,196.84366135854754,437.21618858180165,0.20072467290924786,0.4458364360732785,16.702588847663673,6.40023097692336e-16,0.976836898195748,0.9860743017254217,faltinsen_ch9_reduced_order_planing_plus_matched_bie_delta_from_high_frequency,heave_pitch_2x2_v1,FnB=2.82,3.8170166666666665
222,2.9099873032710875,7.8751028223213115,0.8634983511391694,7.2764299999999995,0.01,0.4943997174079211,-3.076882335960327,3.3908148877638755,-1.7520915573210891,3.116349786195014,3.8167329521879028,4.420081343702257,6.913605405875194,9.128375209507936,62.67383434551837,41.41658263096582,-9.128375209507936,62.67383434551837,193.26742651997236,428.7627565708868,0.19707792826293627,0.43721633439644203,16.434072159234493,5.854131118198644e-16,0.976989003728768,0.9861659310440388,faltinsen_ch9_reduced_order_planing_plus_matched_bie_delta_from_high_frequency,heave_pitch_2x2_v1,FnB=2.82,3.8297
223,2.905180540925943,7.853906696994002,0.8606480271422712,7.300528333333333,0.01,0.473715118603029,-3.040437521177952,3.336558357327578,-1.7398732226121043,3.0771198114112837,3.7629483789463727,4.372226810814882,6.818458840353991,8.855763893739777,62.45987561630574,41.159225148515674,-8.855763893739777,62.45987561630574,189.8085981256239,420.58879510164024,0.1935509048713107,0.4288812133619945,16.174507891856774,6.330194933354407e-16,0.9771396194175471,0.986256660463776,faltinsen_ch9_reduced_order_planing_plus_matched_bie_delta_from_high_frequency,heave_pitch_2x2_v1,FnB=2.82,3.8423833333333333
224,2.9003975198139753,7.832842156302746,0.8578164585197862,7.324626666666666,0.01,0.454097127984242,-3.005026595834995,3.2842278640492055,-1.7274884795496097,3.0391428139064467,3.710844797343838,4.3259193274830885,6.726299401156888,8.593095209135043,62.25583995633781,40.91172712603441,-8.593095209135043,62.25583995633781,186.46179409128482,412.6814469513955,0.19013811453583523,0.42081796225152884,15.923486384157634,4.123103270969056e-16,0.9772887646097302,0.9863465017105202,faltinsen_ch9_reduced_order_planing_plus_matched_bie_delta_from_high_frequency,heave_pitch_2x2_v1,FnB=2.82,3.8550666666666666
225,2.89563804514137,7.8119079445161095,0.8550034607608242,7.348724999999998,0.01,0.43547735969824475,-2.9706134916123195,3.233729559868492,-1.7149740104990556,3.002363243739653,3.660347350054976,4.281090683302987,6.636994236163133,8.339877004482076,62.06123330259692,40.67359531231321,-8.339877004482076,62.06123330259692,183.22193629046328,405.0285846104975,0.18683437900859448,0.41301421444682695,15.68062098650178,4.525278911561843e-16,0.9774364583406636,0.9864354663200927,faltinsen_ch9_reduced_order_planing_plus_matched_bie_delta_from_high_frequency,heave_pitch_2x2_v1,FnB=2.82,3.867749999999999
226,2.8909019243445537,7.7911028220037455,0.8522088517668159,7.372823333333331,0.01,0.41779259478197595,-2.9371632175146027,3.1849750650686355,-1.7023623225455307,2.9667285717731895,3.611385280239644,4.237676331045435,6.5504177594139295,8.095647615703598,61.875592104290035,40.44436696597009,-8.095647615703598,61.875592104290035,180.08423116240454,397.6187633813648,0.18363481021796899,0.40545829960421226,15.445546605548321,1.5792111743654415e-15,0.9775827193394108,0.9865235656419501,faltinsen_ch9_reduced_order_planing_plus_matched_bie_delta_from_high_frequency,heave_pitch_2x2_v1,FnB=2.82,3.8804333333333325
227,2.8861889670574743,7.77042556497773,0.8494324518122184,7.396921666666665,0.01,0.400984339132789,-2.9046418906314098,3.137881121636812,-1.6896822094718933,2.932189105948075,3.563891679404765,4.195615168459121,6.466451205334049,7.859973629697436,61.69848108664459,40.223607619121594,-7.859973629697436,61.69848108664459,177.0441515923773,390.44117759645815,0.1805347917916692,0.398139199009303,15.217918342755928,1.0911636414751808e-15,0.9777275660346328,0.98661081084278,faltinsen_ch9_reduced_order_planing_plus_matched_bie_delta_from_high_frequency,heave_pitch_2x2_v1,FnB=2.82,3.893116666666666
228,2.881498985079462,7.749874965238878,0.8466740835059854,7.421019999999999,0.01,0.3849984228909086,-2.87301675224842,3.0923692674991465,-1.6769591604209422,2.8986978187331887,3.517803250935578,4.154849332778366,6.384982210533466,7.632447834410243,61.52949120092808,40.010909027283674,-7.632447834410243,61.52949120092808,174.09741999414487,383.4856197767425,0.17752996180565728,0.3910465039302336,14.997410221903284,9.062944268504243e-16,0.9778710165603374,0.9866972129100016,faltinsen_ch9_reduced_order_planing_plus_matched_bie_delta_from_high_frequency,heave_pitch_2x2_v1,FnB=2.82,3.9057999999999993
229,2.8768317923436637,7.729449829927928,0.8439335717537851,7.4451183333333315,0.01,0.36978463712438825,-2.842256172158229,3.048365530934195,-1.664215721722822,2.86621018524894,3.4730600885411023,4.115324007461521,6.305904421879896,7.4126873381528355,61.36823774369964,39.80588728851026,-7.4126873381528355,61.36823774369964,171.23999252435385,376.74244255335975,0.17461619668730288,0.38417037678856675,14.78371400062041,5.109021523608793e-16,0.9780130887615011,0.986782782655229,faltinsen_ch9_reduced_order_planing_plus_matched_bie_delta_from_high_frequency,heave_pitch_2x2_v1,FnB=2.82,3.9184833333333327
230,2.872187204886036,7.709148981281503,0.8412107437209507,7.469216666666665,0.01,0.3552964041207609,-2.812329643530914,3.005800144339909,-1.651471817543615,2.834684031539293,3.4296054688337887,4.07698724063309,6.229117129484359,7.200331842803934,61.214358629942325,39.608181116417654,-7.200331842803934,61.214358629942325,168.46804435956608,370.20252317894267,0.17178959620213435,0.3775015149709051,14.576538060954858,6.429459796430358e-16,0.9781538001995659,0.9868675307175929,faltinsen_ch9_reduced_order_planing_plus_matched_bie_delta_from_high_frequency,heave_pitch_2x2_v1,FnB=2.82,3.931166666666666
231,2.8675650408148927,7.688971256392728,0.8385054287961453,7.493314999999998,0.01,0.34149047796440896,-2.7832077702981968,2.9646072764479503,-1.638745034294993,2.8040793924546112,3.387385657257619,4.039789774671989,6.1545249232283785,6.995042057027689,61.0675128062002,39.41745025321882,-6.995042057027689,61.0675128062002,165.77795596856618,363.85723046067864,0.16904646945548804,0.37103111711000053,14.375606374097682,1.1273811014957816e-15,0.9782931681578164,0.9869514675670633,faltinsen_ch9_reduced_order_planing_plus_matched_bie_delta_from_high_frequency,heave_pitch_2x2_v1,FnB=2.82,3.9438499999999994
232,2.8629651202809825,7.6689155069764015,0.835817458555725,7.517413333333332,0.01,0.3283266724170973,-2.754862248665915,2.9247247820336932,-1.6260508731220444,2.7743583786066837,3.3463497265861197,4.003684886372847,6.082037371470761,6.796498236964197,60.92737879118124,39.23337401022826,-6.796498236964197,60.92737879118124,163.16630031502464,357.6983939540603,0.1663833218428563,0.3647508516711214,14.180657534547473,2.412108590030488e-16,0.9784312096466371,0.9870346035076378,faltinsen_ch9_reduced_order_planing_plus_matched_bie_delta_from_high_frequency,heave_pitch_2x2_v1,FnB=2.82,3.956533333333333
233,2.8583872654480973,7.6489805991386195,0.8331466667287863,7.541511666666666,0.01,0.3157676134239059,-2.7272658440881177,2.8860939681526467,-1.6134029742459253,2.745485051865536,3.306449387229856,3.968628237105103,6.0115687206015505,6.604398843054554,60.79365333248691,39.05564992449857,-6.604398843054554,60.79365333248691,160.62983092849908,351.71827526401484,0.163796842885694,0.35865282768734974,13.991443859179062,7.025579307036157e-16,0.9785679414086542,0.98711694868049,faltinsen_ch9_reduced_order_planing_plus_matched_bie_delta_from_high_frequency,heave_pitch_2x2_v1,FnB=2.82,3.969216666666666
234,2.853831300464197,7.629165413150766,0.8304928891628814,7.565609999999999,0.01,0.3037785138408792,-2.700392364801004,2.848659375936108,-1.6008133164673628,2.717425308880988,3.2676388286173754,3.934577732400675,5.943037614151534,6.418459302746555,60.666050169215794,38.88399252133519,-6.418459302746555,60.666050169215794,158.16547078484655,345.90954130820455,0.16128389489259487,0.35272956749573464,13.807730546893938,8.049044157583042e-16,0.9787033799237668,0.9871985130670543,faltinsen_ch9_reduced_order_planing_plus_matched_bie_delta_from_high_frequency,heave_pitch_2x2_v1,FnB=2.82,3.9818999999999996
235,2.8492970514330342,7.60946884322775,0.8278559637903855,7.589708333333332,0.01,0.29232696822659904,-2.674216632819674,2.8123685769960396,-1.588292394728126,2.6901467721300913,3.229874570943264,3.9014933904143176,5.876366830216535,6.238410869801754,60.54429889116159,38.71813217341028,-6.238410869801754,60.54429889116159,155.77030194036527,340.265239405648,0.1588415023890577,0.3469739813347555,13.629294894753704,4.798612737802328e-16,0.9788375414140663,0.9872793064920022,faltinsen_ch9_reduced_order_planing_plus_matched_bie_delta_from_high_frequency,heave_pitch_2x2_v1,FnB=2.82,3.994583333333333
236,2.8447843463862776,7.589889797310427,0.8252357305955043,7.613806666666665,0.01,0.28138276576059024,-2.648714453138047,2.777171983517017,-1.5758493782713074,2.6636186880125057,3.1931153266097216,3.869337218718723,5.8114830360120635,6.0639995718043735,60.428143886206726,38.55781404807627,-6.0639995718043735,60.428143886206726,153.44155586726083,334.77877406215924,0.15646684226240445,0.3413793436720586,13.45592556672772,1.8541197620900084e-15,0.978970441848651,0.9873593386262198,faltinsen_ch9_reduced_order_planing_plus_matched_bie_delta_from_high_frequency,heave_pitch_2x2_v1,FnB=2.82,4.007266666666666
237,2.8402930152561168,7.5704271968520676,0.8226320315819046,7.637904999999999,0.01,0.2709177195490307,-2.6238625817364776,2.7430226711478207,-1.5634922516307757,2.637811831538114,3.1573218707221473,3.8380730989172425,5.748316558432873,5.894985238264155,60.31734336830394,38.40279713527127,-5.894985238264155,60.31734336830394,151.17660444125082,329.44388533225145,0.15415723457169456,0.33593927113973837,13.287421911415816,7.238899153354544e-16,0.9791020969483345,0.9874386189896579,faltinsen_ch9_reduced_order_planing_plus_matched_bie_delta_from_high_frequency,heave_pitch_2x2_v1,FnB=2.82,4.01995
238,2.8358228898483437,7.55107997660885,0.8200447107409576,7.662003333333333,0.01,0.2609055107553008,-2.5996386928893642,2.7098762138454524,-1.5512279404097729,2.6126984171752405,3.122456920034816,3.80766667858085,5.686801169553943,5.731140602417554,60.2116684791506,38.25285334912158,-5.731140602417554,60.2116684791506,148.97295153531667,324.254628645155,0.15191013397573758,0.3306477019626019,13.123593325334781,3.3277072283624654e-16,0.9792325221902529,0.9875171569541409,faltinsen_ch9_reduced_order_planing_plus_matched_bie_delta_from_high_frequency,heave_pitch_2x2_v1,FnB=2.82,4.032633333333333
239,2.8313738038158967,7.53184708443422,0.8174736140205778,7.686101666666666,0.01,0.251321546151285,-2.5760213461709442,2.677690529866733,-1.5390624235723913,2.5882520154514004,3.088485019777578,3.778085270040084,5.626873886070113,5.572250470474415,60.11090245730267,38.10776669698731,-5.572250470474415,60.11090245730267,146.82822517664607,319.2053559901904,0.14972312173540003,0.32549887677258843,12.96425865857644,7.001597120293354e-16,0.9793617328123744,0.987594961746145,faltinsen_ch9_reduced_order_planing_plus_matched_bie_delta_from_high_frequency,heave_pitch_2x2_v1,FnB=2.82,4.0453166666666664
240,2.8269455926328595,7.512727481077079,0.8149185892946469,7.7101999999999995,0.01,0.24214282782720634,-2.5529899534796408,2.646425738146924,-1.5270008337653374,2.564447474922451,3.055372437829229,3.749297755587841,5.568474781732255,5.4181109526359705,60.01483986905549,37.96733251027848,-5.4181109526359705,60.01483986905549,144.74017022674536,314.2906983640358,0.1475938982493975,0.320487320709963,12.809245659859107,1.9864208802574234e-16,0.9794897438179098,0.9876720424494769,faltinsen_ch9_reduced_order_planing_plus_matched_bie_delta_from_high_frequency,heave_pitch_2x2_v1,FnB=2.82,4.058
