                                                                        S      1
1H,,1H;,,                                                               G      1
49H\\10.49.32.64\rhino_jobs\fbarge\fbarge_as_box.igs,                   G      2
26HRhinoceros ( Apr 17 2023 ),31HTrout Lake IGES 012 Apr 17 2023,       G      3
32,38,6,308,15,                                                         G      4
,                                                                       G      5
1.0D0,6,1HM,1,0.000254D0,13H230620.070254,                              G      6
0.001D0,                                                                G      7
1.390445115010379D0,                                                    G      8
4Hmaaf,                                                                 G      9
3Hdtu,                                                                  G     10
10,0,13H230620.070254;                                                  G     11
     314       1       0       0       0       0       0       000000200D      1
     314       0       1       1       0       0       0   COLOR       0D      2
     406       2       0       0       1       0       0       000000300D      3
     406       0      -1       1       3       0       0LEVELDEF       0D      4
     406       3       0       0       0       0       0       000010300D      5
     406       0       0       1      15       0       0 NAMETXT       0D      6
     128       4       0       0       1       0       0       000010000D      7
     128       0      -1       7       8       0       0 TrimSrf       0D      8
     126      11       0       0       1       0       0       000010500D      9
     126       0      -1       9       1       0       0 TrimBnd       1D     10
     126      20       0       0       1       0       0       000010500D     11
     126       0      -1       8       1       0       0 TrimBnd       2D     12
     126      28       0       0       1       0       0       000010500D     13
     126       0      -1       9       1       0       0 TrimBnd       3D     14
     126      37       0       0       1       0       0       000010500D     15
     126       0      -1       9       1       0       0 TrimBnd       4D     16
     102      46       0       0       1       0       0       000010500D     17
     102       0      -1       1       0       0       02D CURVE       0D     18
     126      47       0       0       1       0       0       000010000D     19
     126       0      -1       6       1       0       0 TrimBnd       1D     20
     126      53       0       0       1       0       0       000010000D     21
     126       0      -1       6       1       0       0 TrimBnd       2D     22
     126      59       0       0       1       0       0       000010000D     23
     126       0      -1      11       1       0       0 TrimBnd       3D     24
     126      70       0       0       1       0       0       000010000D     25
     126       0      -1      10       1       0       0 TrimBnd       4D     26
     102      80       0       0       1       0       0       000010000D     27
     102       0      -1       1       0       0       03D CURVE       0D     28
     142      81       0       0       1       0       0       000010000D     29
     142       0      -1       1       0       0       0 TrimBnd       1D     30
     144      82       0       0       1       0       0       000000000D     31
     144       0      -1       1       0       0       0 TrimSrf       0D     32
     406      83       0       0       0       0       0       000010300D     33
     406       0       0       1      15       0       0 NAMETXT       0D     34
     128      84       0       0       1       0       0       000010000D     35
     128       0      -1      22       0       0       0 TrimSrf       0D     36
     126     106       0       0       1       0       0       000010500D     37
     126       0      -1       9       0       0       0 TrimBnd       1D     38
     126     115       0       0       1       0       0       000010500D     39
     126       0      -1       7       1       0       0 TrimBnd       2D     40
     126     122       0       0       1       0       0       000010500D     41
     126       0      -1       7       1       0       0 TrimBnd       3D     42
     126     129       0       0       1       0       0       000010500D     43
     126       0      -1       7       1       0       0 TrimBnd       4D     44
     126     136       0       0       1       0       0       000010500D     45
     126       0      -1       9       1       0       0 TrimBnd       5D     46
     102     145       0       0       1       0       0       000010500D     47
     102       0      -1       1       0       0       02D CURVE       0D     48
     126     146       0       0       1       0       0       000010000D     49
     126       0      -1       9       1       0       0 TrimBnd       1D     50
     126     155       0       0       1       0       0       000010000D     51
     126       0      -1       9       1       0       0 TrimBnd       2D     52
     126     164       0       0       1       0       0       000010000D     53
     126       0      -1       8       2       0       0 TrimBnd       3D     54
     126     172       0       0       1       0       0       000010000D     55
     126       0      -1      11       1       0       0 TrimBnd       4D     56
     126     183       0       0       1       0       0       000010000D     57
     126       0      -1      13       1       0       0 TrimBnd       5D     58
     102     196       0       0       1       0       0       000010000D     59
     102       0      -1       1       0       0       03D CURVE       0D     60
     142     197       0       0       1       0       0       000010000D     61
     142       0      -1       1       0       0       0 TrimBnd       1D     62
     144     198       0       0       1       0       0       000000000D     63
     144       0      -1       1       0       0       0 TrimSrf       0D     64
     406     199       0       0       0       0       0       000010300D     65
     406       0       0       1      15       0       0 NAMETXT       0D     66
     128     200       0       0       1       0       0       000010000D     67
     128       0      -1      20       0       0       0 TrimSrf       0D     68
     126     220       0       0       1       0       0       000010500D     69
     126       0      -1       9       0       0       0 TrimBnd       1D     70
     126     229       0       0       1       0       0       000010500D     71
     126       0      -1       7       1       0       0 TrimBnd       2D     72
     126     236       0       0       1       0       0       000010500D     73
     126       0      -1       9       1       0       0 TrimBnd       3D     74
     126     245       0       0       1       0       0       000010500D     75
     126       0      -1       8       1       0       0 TrimBnd       4D     76
     126     253       0       0       1       0       0       000010500D     77
     126       0      -1      14       0       0       0 TrimBnd       5D     78
     126     267       0       0       1       0       0       000010500D     79
     126       0      -1       8       0       0       0 TrimBnd       6D     80
     102     275       0       0       1       0       0       000010500D     81
     102       0      -1       1       0       0       02D CURVE       0D     82
     126     276       0       0       1       0       0       000010000D     83
     126       0      -1       9       1       0       0 TrimBnd       1D     84
     126     285       0       0       1       0       0       000010000D     85
     126       0      -1       9       1       0       0 TrimBnd       2D     86
     126     294       0       0       1       0       0       000010000D     87
     126       0      -1       8       2       0       0 TrimBnd       3D     88
     126     302       0       0       1       0       0       000010000D     89
     126       0      -1      10       1       0       0 TrimBnd       4D     90
     126     312       0       0       1       0       0       000010000D     91
     126       0      -1      10       1       0       0 TrimBnd       5D     92
     126     322       0       0       1       0       0       000010000D     93
     126       0      -1       9       1       0       0 TrimBnd       6D     94
     102     331       0       0       1       0       0       000010000D     95
     102       0      -1       1       0       0       03D CURVE       0D     96
     142     332       0       0       1       0       0       000010000D     97
     142       0      -1       1       0       0       0 TrimBnd       1D     98
     144     333       0       0       1       0       0       000000000D     99
     144       0      -1       1       0       0       0 TrimSrf       0D    100
     406     334       0       0       0       0       0       000010300D    101
     406       0       0       1      15       0       0 NAMETXT       0D    102
     128     335       0       0       1       0       0       000010000D    103
     128       0      -1       7       8       0       0 TrimSrf       0D    104
     126     342       0       0       1       0       0       000010500D    105
     126       0      -1       9       1       0       0 TrimBnd       1D    106
     126     351       0       0       1       0       0       000010500D    107
     126       0      -1       8       1       0       0 TrimBnd       2D    108
     126     359       0       0       1       0       0       000010500D    109
     126       0      -1       7       1       0       0 TrimBnd       3D    110
     126     366       0       0       1       0       0       000010500D    111
     126       0      -1       9       1       0       0 TrimBnd       4D    112
     102     375       0       0       1       0       0       000010500D    113
     102       0      -1       1       0       0       02D CURVE       0D    114
     126     376       0       0       1       0       0       000010000D    115
     126       0      -1       9       1       0       0 TrimBnd       1D    116
     126     385       0       0       1       0       0       000010000D    117
     126       0      -1       9       1       0       0 TrimBnd       2D    118
     126     394       0       0       1       0       0       000010000D    119
     126       0      -1       6       1       0       0 TrimBnd       3D    120
     126     400       0       0       1       0       0       000010000D    121
     126       0      -1       6       1       0       0 TrimBnd       4D    122
     102     406       0       0       1       0       0       000010000D    123
     102       0      -1       1       0       0       03D CURVE       0D    124
     142     407       0       0       1       0       0       000010000D    125
     142       0      -1       1       0       0       0 TrimBnd       1D    126
     144     408       0       0       1       0       0       000000000D    127
     144       0      -1       1       0       0       0 TrimSrf       0D    128
     406     409       0       0       0       0       0       000010300D    129
     406       0       0       1      15       0       0 NAMETXT       0D    130
     128     410       0       0       1       0       0       000010000D    131
     128       0      -1      20       0       0       0 TrimSrf       0D    132
     126     430       0       0       1       0       0       000010500D    133
     126       0      -1       9       1       0       0 TrimBnd       1D    134
     126     439       0       0       1       0       0       000010500D    135
     126       0      -1       7       1       0       0 TrimBnd       2D    136
     126     446       0       0       1       0       0       000010500D    137
     126       0      -1       8       1       0       0 TrimBnd       3D    138
     126     454       0       0       1       0       0       000010500D    139
     126       0      -1       8       1       0       0 TrimBnd       4D    140
     126     462       0       0       1       0       0       000010500D    141
     126       0      -1       9       0       0       0 TrimBnd       5D    142
     102     471       0       0       1       0       0       000010500D    143
     102       0      -1       1       0       0       02D CURVE       0D    144
     126     472       0       0       1       0       0       000010000D    145
     126       0      -1      12       1       0       0 TrimBnd       1D    146
     126     484       0       0       1       0       0       000010000D    147
     126       0      -1       9       1       0       0 TrimBnd       2D    148
     126     493       0       0       1       0       0       000010000D    149
     126       0      -1       8       2       0       0 TrimBnd       3D    150
     126     501       0       0       1       0       0       000010000D    151
     126       0      -1      10       1       0       0 TrimBnd       4D    152
     126     511       0       0       1       0       0       000010000D    153
     126       0      -1      11       1       0       0 TrimBnd       5D    154
     102     522       0       0       1       0       0       000010000D    155
     102       0      -1       1       0       0       03D CURVE       0D    156
     142     523       0       0       1       0       0       000010000D    157
     142       0      -1       1       0       0       0 TrimBnd       1D    158
     144     524       0       0       1       0       0       000000000D    159
     144       0      -1       1       0       0       0 TrimSrf       0D    160
     406     525       0       0       0       0       0       000010300D    161
     406       0       0       1      15       0       0 NAMETXT       0D    162
     128     526       0       0       1       0       0       000010000D    163
     128       0      -1      20       0       0       0 TrimSrf       0D    164
     126     546       0       0       1       0       0       000010500D    165
     126       0      -1       9       0       0       0 TrimBnd       1D    166
     126     555       0       0       1       0       0       000010500D    167
     126       0      -1      13       0       0       0 TrimBnd       2D    168
     126     568       0       0       1       0       0       000010500D    169
     126       0      -1       7       1       0       0 TrimBnd       3D    170
     126     575       0       0       1       0       0       000010500D    171
     126       0      -1       9       1       0       0 TrimBnd       4D    172
     126     584       0       0       1       0       0       000010500D    173
     126       0      -1       9       1       0       0 TrimBnd       5D    174
     126     593       0       0       1       0       0       000010500D    175
     126       0      -1      10       0       0       0 TrimBnd       6D    176
     102     603       0       0       1       0       0       000010500D    177
     102       0      -1       1       0       0       02D CURVE       0D    178
     126     604       0       0       1       0       0       000010000D    179
     126       0      -1      10       1       0       0 TrimBnd       1D    180
     126     614       0       0       1       0       0       000010000D    181
     126       0      -1       9       1       0       0 TrimBnd       2D    182
     126     623       0       0       1       0       0       000010000D    183
     126       0      -1       9       1       0       0 TrimBnd       3D    184
     126     632       0       0       1       0       0       000010000D    185
     126       0      -1       8       2       0       0 TrimBnd       4D    186
     126     640       0       0       1       0       0       000010000D    187
     126       0      -1       8       1       0       0 TrimBnd       5D    188
     126     648       0       0       1       0       0       000010000D    189
     126       0      -1       9       1       0       0 TrimBnd       6D    190
     102     657       0       0       1       0       0       000010000D    191
     102       0      -1       1       0       0       03D CURVE       0D    192
     142     658       0       0       1       0       0       000010000D    193
     142       0      -1       1       0       0       0 TrimBnd       1D    194
     144     659       0       0       1       0       0       000000000D    195
     144       0      -1       1       0       0       0 TrimSrf       0D    196
     406     660       0       0       0       0       0       000010300D    197
     406       0       0       1      15       0       0 NAMETXT       0D    198
     128     661       0       0       1       0       0       000010000D    199
     128       0      -1       7       8       0       0 TrimSrf       0D    200
     126     668       0       0       1       0       0       000010500D    201
     126       0      -1       7       1       0       0 TrimBnd       1D    202
     126     675       0       0       1       0       0       000010500D    203
     126       0      -1       8       1       0       0 TrimBnd       2D    204
     126     683       0       0       1       0       0       000010500D    205
     126       0      -1      10       1       0       0 TrimBnd       3D    206
     126     693       0       0       1       0       0       000010500D    207
     126       0      -1       8       1       0       0 TrimBnd       4D    208
     102     701       0       0       1       0       0       000010500D    209
     102       0      -1       1       0       0       02D CURVE       0D    210
     126     702       0       0       1       0       0       000010000D    211
     126       0      -1       5       1       0       0 TrimBnd       1D    212
     126     707       0       0       1       0       0       000010000D    213
     126       0      -1       5       1       0       0 TrimBnd       2D    214
     126     712       0       0       1       0       0       000010000D    215
     126       0      -1       9       1       0       0 TrimBnd       3D    216
     126     721       0       0       1       0       0       000010000D    217
     126       0      -1      10       1       0       0 TrimBnd       4D    218
     102     731       0       0       1       0       0       000010000D    219
     102       0      -1       1       0       0       03D CURVE       0D    220
     142     732       0       0       1       0       0       000010000D    221
     142       0      -1       1       0       0       0 TrimBnd       1D    222
     144     733       0       0       1       0       0       000000000D    223
     144       0      -1       1       0       0       0 TrimSrf       0D    224
     406     734       0       0       0       0       0       000010300D    225
     406       0       0       1      15       0       0 NAMETXT       0D    226
     128     735       0       0       1       0       0       000010000D    227
     128       0      -1       7       8       0       0 TrimSrf       0D    228
     126     742       0       0       1       0       0       000010500D    229
     126       0      -1       9       1       0       0 TrimBnd       1D    230
     126     751       0       0       1       0       0       000010500D    231
     126       0      -1      10       1       0       0 TrimBnd       2D    232
     126     761       0       0       1       0       0       000010500D    233
     126       0      -1       9       1       0       0 TrimBnd       3D    234
     126     770       0       0       1       0       0       000010500D    235
     126       0      -1       8       1       0       0 TrimBnd       4D    236
     102     778       0       0       1       0       0       000010500D    237
     102       0      -1       1       0       0       02D CURVE       0D    238
     126     779       0       0       1       0       0       000010000D    239
     126       0      -1       9       1       0       0 TrimBnd       1D    240
     126     788       0       0       1       0       0       000010000D    241
     126       0      -1      10       1       0       0 TrimBnd       2D    242
     126     798       0       0       1       0       0       000010000D    243
     126       0      -1       6       1       0       0 TrimBnd       3D    244
     126     804       0       0       1       0       0       000010000D    245
     126       0      -1       6       1       0       0 TrimBnd       4D    246
     102     810       0       0       1       0       0       000010000D    247
     102       0      -1       1       0       0       03D CURVE       0D    248
     142     811       0       0       1       0       0       000010000D    249
     142       0      -1       1       0       0       0 TrimBnd       1D    250
     144     812       0       0       1       0       0       000000000D    251
     144       0      -1       1       0       0       0 TrimSrf       0D    252
     406     813       0       0       0       0       0       000010300D    253
     406       0       0       1      15       0       0 NAMETXT       0D    254
     128     814       0       0       1       0       0       000010000D    255
     128       0      -1       6       8       0       0 TrimSrf       0D    256
     126     820       0       0       1       0       0       000010500D    257
     126       0      -1       8       1       0       0 TrimBnd       1D    258
     126     828       0       0       1       0       0       000010500D    259
     126       0      -1       7       1       0       0 TrimBnd       2D    260
     126     835       0       0       1       0       0       000010500D    261
     126       0      -1       8       1       0       0 TrimBnd       3D    262
     126     843       0       0       1       0       0       000010500D    263
     126       0      -1       9       1       0       0 TrimBnd       4D    264
     102     852       0       0       1       0       0       000010500D    265
     102       0      -1       1       0       0       02D CURVE       0D    266
     126     853       0       0       1       0       0       000010000D    267
     126       0      -1       4       1       0       0 TrimBnd       1D    268
     126     857       0       0       1       0       0       000010000D    269
     126       0      -1       5       1       0       0 TrimBnd       2D    270
     126     862       0       0       1       0       0       000010000D    271
     126       0      -1      10       1       0       0 TrimBnd       3D    272
     126     872       0       0       1       0       0       000010000D    273
     126       0      -1       9       1       0       0 TrimBnd       4D    274
     102     881       0       0       1       0       0       000010000D    275
     102       0      -1       1       0       0       03D CURVE       0D    276
     142     882       0       0       1       0       0       000010000D    277
     142       0      -1       1       0       0       0 TrimBnd       1D    278
     144     883       0       0       1       0       0       000000000D    279
     144       0      -1       1       0       0       0 TrimSrf       0D    280
     406     884       0       0       0       0       0       000010300D    281
     406       0       0       1      15       0       0 NAMETXT       0D    282
     128     885       0       0       1       0       0       000010000D    283
     128       0      -1       6       8       0       0 TrimSrf       0D    284
     126     891       0       0       1       0       0       000010500D    285
     126       0      -1       9       1       0       0 TrimBnd       1D    286
     126     900       0       0       1       0       0       000010500D    287
     126       0      -1       9       1       0       0 TrimBnd       2D    288
     126     909       0       0       1       0       0       000010500D    289
     126       0      -1       7       1       0       0 TrimBnd       3D    290
     126     916       0       0       1       0       0       000010500D    291
     126       0      -1       8       1       0       0 TrimBnd       4D    292
     102     924       0       0       1       0       0       000010500D    293
     102       0      -1       1       0       0       02D CURVE       0D    294
     126     925       0       0       1       0       0       000010000D    295
     126       0      -1       9       1       0       0 TrimBnd       1D    296
     126     934       0       0       1       0       0       000010000D    297
     126       0      -1      10       1       0       0 TrimBnd       2D    298
     126     944       0       0       1       0       0       000010000D    299
     126       0      -1       5       1       0       0 TrimBnd       3D    300
     126     949       0       0       1       0       0       000010000D    301
     126       0      -1       5       1       0       0 TrimBnd       4D    302
     102     954       0       0       1       0       0       000010000D    303
     102       0      -1       1       0       0       03D CURVE       0D    304
     142     955       0       0       1       0       0       000010000D    305
     142       0      -1       1       0       0       0 TrimBnd       1D    306
     144     956       0       0       1       0       0       000000000D    307
     144       0      -1       1       0       0       0 TrimSrf       0D    308
     406     957       0       0       0       0       0       000010300D    309
     406       0       0       1      15       0       0 NAMETXT       0D    310
     128     958       0       0       1       0       0       000010000D    311
     128       0      -1      18       0       0       0 TrimSrf       0D    312
     126     976       0       0       1       0       0       000010500D    313
     126       0      -1       7       1       0       0 TrimBnd       1D    314
     126     983       0       0       1       0       0       000010500D    315
     126       0      -1      13       0       0       0 TrimBnd       2D    316
     126     996       0       0       1       0       0       000010500D    317
     126       0      -1      13       0       0       0 TrimBnd       3D    318
     126    1009       0       0       1       0       0       000010500D    319
     126       0      -1       6       1       0       0 TrimBnd       4D    320
     126    1015       0       0       1       0       0       000010500D    321
     126       0      -1       5       1       0       0 TrimBnd       5D    322
     102    1020       0       0       1       0       0       000010500D    323
     102       0      -1       1       0       0       02D CURVE       0D    324
     126    1021       0       0       1       0       0       000010000D    325
     126       0      -1      10       1       0       0 TrimBnd       1D    326
     126    1031       0       0       1       0       0       000010000D    327
     126       0      -1      12       1       0       0 TrimBnd       2D    328
     126    1043       0       0       1       0       0       000010000D    329
     126       0      -1      10       0       0       0 TrimBnd       3D    330
     126    1053       0       0       1       0       0       000010000D    331
     126       0      -1       7       1       0       0 TrimBnd       4D    332
     126    1060       0       0       1       0       0       000010000D    333
     126       0      -1       6       2       0       0 TrimBnd       5D    334
     102    1066       0       0       1       0       0       000010000D    335
     102       0      -1       1       0       0       03D CURVE       0D    336
     142    1067       0       0       1       0       0       000010000D    337
     142       0      -1       1       0       0       0 TrimBnd       1D    338
     144    1068       0       0       1       0       0       000000000D    339
     144       0      -1       1       0       0       0 TrimSrf       0D    340
     406    1069       0       0       0       0       0       000010300D    341
     406       0       0       1      15       0       0 NAMETXT       0D    342
     128    1070       0       0       1       0       0       000010000D    343
     128       0      -1      19       0       0       0 TrimSrf       0D    344
     126    1089       0       0       1       0       0       000010500D    345
     126       0      -1       7       1       0       0 TrimBnd       1D    346
     126    1096       0       0       1       0       0       000010500D    347
     126       0      -1       8       1       0       0 TrimBnd       2D    348
     126    1104       0       0       1       0       0       000010500D    349
     126       0      -1      14       0       0       0 TrimBnd       3D    350
     126    1118       0       0       1       0       0       000010500D    351
     126       0      -1      14       0       0       0 TrimBnd       4D    352
     126    1132       0       0       1       0       0       000010500D    353
     126       0      -1       6       1       0       0 TrimBnd       5D    354
     102    1138       0       0       1       0       0       000010500D    355
     102       0      -1       1       0       0       02D CURVE       0D    356
     126    1139       0       0       1       0       0       000010000D    357
     126       0      -1       9       2       0       0 TrimBnd       1D    358
     126    1148       0       0       1       0       0       000010000D    359
     126       0      -1      10       1       0       0 TrimBnd       2D    360
     126    1158       0       0       1       0       0       000010000D    361
     126       0      -1      11       0       0       0 TrimBnd       3D    362
     126    1169       0       0       1       0       0       000010000D    363
     126       0      -1      13       1       0       0 TrimBnd       4D    364
     126    1182       0       0       1       0       0       000010000D    365
     126       0      -1       9       1       0       0 TrimBnd       5D    366
     102    1191       0       0       1       0       0       000010000D    367
     102       0      -1       1       0       0       03D CURVE       0D    368
     142    1192       0       0       1       0       0       000010000D    369
     142       0      -1       1       0       0       0 TrimBnd       1D    370
     144    1193       0       0       1       0       0       000000000D    371
     144       0      -1       1       0       0       0 TrimSrf       0D    372
     406    1194       0       0       0       0       0       000010300D    373
     406       0       0       1      15       0       0 NAMETXT       0D    374
     128    1195       0       0       1       0       0       000010000D    375
     128       0      -1       5       8       0       0 TrimSrf       0D    376
     126    1200       0       0       1       0       0       000010500D    377
     126       0      -1       9       1       0       0 TrimBnd       1D    378
     126    1209       0       0       1       0       0       000010500D    379
     126       0      -1       8       1       0       0 TrimBnd       2D    380
     126    1217       0       0       1       0       0       000010500D    381
     126       0      -1       7       1       0       0 TrimBnd       3D    382
     126    1224       0       0       1       0       0       000010500D    383
     126       0      -1       9       1       0       0 TrimBnd       4D    384
     102    1233       0       0       1       0       0       000010500D    385
     102       0      -1       1       0       0       02D CURVE       0D    386
     126    1234       0       0       1       0       0       000010000D    387
     126       0      -1       8       1       0       0 TrimBnd       1D    388
     126    1242       0       0       1       0       0       000010000D    389
     126       0      -1       8       1       0       0 TrimBnd       2D    390
     126    1250       0       0       1       0       0       000010000D    391
     126       0      -1       5       1       0       0 TrimBnd       3D    392
     126    1255       0       0       1       0       0       000010000D    393
     126       0      -1       5       1       0       0 TrimBnd       4D    394
     102    1260       0       0       1       0       0       000010000D    395
     102       0      -1       1       0       0       03D CURVE       0D    396
     142    1261       0       0       1       0       0       000010000D    397
     142       0      -1       1       0       0       0 TrimBnd       1D    398
     144    1262       0       0       1       0       0       000000000D    399
     144       0      -1       1       0       0       0 TrimSrf       0D    400
     406    1263       0       0       0       0       0       000010300D    401
     406       0       0       1      15       0       0 NAMETXT       0D    402
     128    1264       0       0       1       0       0       000010000D    403
     128       0      -1      18       0       0       0 TrimSrf       0D    404
     126    1282       0       0       1       0       0       000010500D    405
     126       0      -1       9       1       0       0 TrimBnd       1D    406
     126    1291       0       0       1       0       0       000010500D    407
     126       0      -1       7       1       0       0 TrimBnd       2D    408
     126    1298       0       0       1       0       0       000010500D    409
     126       0      -1       7       1       0       0 TrimBnd       3D    410
     126    1305       0       0       1       0       0       000010500D    411
     126       0      -1       7       1       0       0 TrimBnd       4D    412
     126    1312       0       0       1       0       0       000010500D    413
     126       0      -1       9       0       0       0 TrimBnd       5D    414
     102    1321       0       0       1       0       0       000010500D    415
     102       0      -1       1       0       0       02D CURVE       0D    416
     126    1322       0       0       1       0       0       000010000D    417
     126       0      -1      14       1       0       0 TrimBnd       1D    418
     126    1336       0       0       1       0       0       000010000D    419
     126       0      -1       8       1       0       0 TrimBnd       2D    420
     126    1344       0       0       1       0       0       000010000D    421
     126       0      -1       7       2       0       0 TrimBnd       3D    422
     126    1351       0       0       1       0       0       000010000D    423
     126       0      -1      10       1       0       0 TrimBnd       4D    424
     126    1361       0       0       1       0       0       000010000D    425
     126       0      -1      10       1       0       0 TrimBnd       5D    426
     102    1371       0       0       1       0       0       000010000D    427
     102       0      -1       1       0       0       03D CURVE       0D    428
     142    1372       0       0       1       0       0       000010000D    429
     142       0      -1       1       0       0       0 TrimBnd       1D    430
     144    1373       0       0       1       0       0       000000000D    431
     144       0      -1       1       0       0       0 TrimSrf       0D    432
     406    1374       0       0       0       0       0       000010300D    433
     406       0       0       1      15       0       0 NAMETXT       0D    434
     128    1375       0       0       1       0       0       000010000D    435
     128       0      -1      20       0       0       0 TrimSrf       0D    436
     126    1395       0       0       1       0       0       000010500D    437
     126       0      -1       8       0       0       0 TrimBnd       1D    438
     126    1403       0       0       1       0       0       000010500D    439
     126       0      -1      13       0       0       0 TrimBnd       2D    440
     126    1416       0       0       1       0       0       000010500D    441
     126       0      -1       7       1       0       0 TrimBnd       3D    442
     126    1423       0       0       1       0       0       000010500D    443
     126       0      -1       8       1       0       0 TrimBnd       4D    444
     126    1431       0       0       1       0       0       000010500D    445
     126       0      -1       7       1       0       0 TrimBnd       5D    446
     126    1438       0       0       1       0       0       000010500D    447
     126       0      -1       9       0       0       0 TrimBnd       6D    448
     102    1447       0       0       1       0       0       000010500D    449
     102       0      -1       1       0       0       02D CURVE       0D    450
     126    1448       0       0       1       0       0       000010000D    451
     126       0      -1      10       1       0       0 TrimBnd       1D    452
     126    1458       0       0       1       0       0       000010000D    453
     126       0      -1      10       1       0       0 TrimBnd       2D    454
     126    1468       0       0       1       0       0       000010000D    455
     126       0      -1       8       1       0       0 TrimBnd       3D    456
     126    1476       0       0       1       0       0       000010000D    457
     126       0      -1       7       2       0       0 TrimBnd       4D    458
     126    1483       0       0       1       0       0       000010000D    459
     126       0      -1       8       1       0       0 TrimBnd       5D    460
     126    1491       0       0       1       0       0       000010000D    461
     126       0      -1       9       1       0       0 TrimBnd       6D    462
     102    1500       0       0       1       0       0       000010000D    463
     102       0      -1       1       0       0       03D CURVE       0D    464
     142    1501       0       0       1       0       0       000010000D    465
     142       0      -1       1       0       0       0 TrimBnd       1D    466
     144    1502       0       0       1       0       0       000000000D    467
     144       0      -1       1       0       0       0 TrimSrf       0D    468
     406    1503       0       0       0       0       0       000010300D    469
     406       0       0       1      15       0       0 NAMETXT       0D    470
     128    1504       0       0       1       0       0       000010000D    471
     128       0      -1       8       8       0       0 TrimSrf       0D    472
     126    1512       0       0       1       0       0       000010500D    473
     126       0      -1       8       1       0       0 TrimBnd       1D    474
     126    1520       0       0       1       0       0       000010500D    475
     126       0      -1       7       1       0       0 TrimBnd       2D    476
     126    1527       0       0       1       0       0       000010500D    477
     126       0      -1       8       1       0       0 TrimBnd       3D    478
     126    1535       0       0       1       0       0       000010500D    479
     126       0      -1       9       1       0       0 TrimBnd       4D    480
     102    1544       0       0       1       0       0       000010500D    481
     102       0      -1       1       0       0       02D CURVE       0D    482
     126    1545       0       0       1       0       0       000010000D    483
     126       0      -1       5       1       0       0 TrimBnd       1D    484
     126    1550       0       0       1       0       0       000010000D    485
     126       0      -1       5       1       0       0 TrimBnd       2D    486
     126    1555       0       0       1       0       0       000010000D    487
     126       0      -1       9       1       0       0 TrimBnd       3D    488
     126    1564       0       0       1       0       0       000010000D    489
     126       0      -1       9       1       0       0 TrimBnd       4D    490
     102    1573       0       0       1       0       0       000010000D    491
     102       0      -1       1       0       0       03D CURVE       0D    492
     142    1574       0       0       1       0       0       000010000D    493
     142       0      -1       1       0       0       0 TrimBnd       1D    494
     144    1575       0       0       1       0       0       000000000D    495
     144       0      -1       1       0       0       0 TrimSrf       0D    496
     406    1576       0       0       0       0       0       000010300D    497
     406       0       0       1      15       0       0 NAMETXT       0D    498
     128    1577       0       0       1       0       0       000010000D    499
     128       0      -1      20       0       0       0 TrimSrf       0D    500
     126    1597       0       0       1       0       0       000010500D    501
     126       0      -1       9       0       0       0 TrimBnd       1D    502
     126    1606       0       0       1       0       0       000010500D    503
     126       0      -1       8       1       0       0 TrimBnd       2D    504
     126    1614       0       0       1       0       0       000010500D    505
     126       0      -1       7       1       0       0 TrimBnd       3D    506
     126    1621       0       0       1       0       0       000010500D    507
     126       0      -1       7       1       0       0 TrimBnd       4D    508
     126    1628       0       0       1       0       0       000010500D    509
     126       0      -1       9       1       0       0 TrimBnd       5D    510
     102    1637       0       0       1       0       0       000010500D    511
     102       0      -1       1       0       0       02D CURVE       0D    512
     126    1638       0       0       1       0       0       000010000D    513
     126       0      -1      11       1       0       0 TrimBnd       1D    514
     126    1649       0       0       1       0       0       000010000D    515
     126       0      -1      10       1       0       0 TrimBnd       2D    516
     126    1659       0       0       1       0       0       000010000D    517
     126       0      -1       7       2       0       0 TrimBnd       3D    518
     126    1666       0       0       1       0       0       000010000D    519
     126       0      -1       9       1       0       0 TrimBnd       4D    520
     126    1675       0       0       1       0       0       000010000D    521
     126       0      -1      12       1       0       0 TrimBnd       5D    522
     102    1687       0       0       1       0       0       000010000D    523
     102       0      -1       1       0       0       03D CURVE       0D    524
     142    1688       0       0       1       0       0       000010000D    525
     142       0      -1       1       0       0       0 TrimBnd       1D    526
     144    1689       0       0       1       0       0       000000000D    527
     144       0      -1       1       0       0       0 TrimSrf       0D    528
     406    1690       0       0       0       0       0       000010300D    529
     406       0       0       1      15       0       0 NAMETXT       0D    530
     128    1691       0       0       1       0       0       000010000D    531
     128       0      -1      20       0       0       0 TrimSrf       0D    532
     126    1711       0       0       1       0       0       000010500D    533
     126       0      -1      10       0       0       0 TrimBnd       1D    534
     126    1721       0       0       1       0       0       000010500D    535
     126       0      -1       8       1       0       0 TrimBnd       2D    536
     126    1729       0       0       1       0       0       000010500D    537
     126       0      -1       8       1       0       0 TrimBnd       3D    538
     126    1737       0       0       1       0       0       000010500D    539
     126       0      -1       7       1       0       0 TrimBnd       4D    540
     126    1744       0       0       1       0       0       000010500D    541
     126       0      -1      13       0       0       0 TrimBnd       5D    542
     126    1757       0       0       1       0       0       000010500D    543
     126       0      -1       9       0       0       0 TrimBnd       6D    544
     102    1766       0       0       1       0       0       000010500D    545
     102       0      -1       1       0       0       02D CURVE       0D    546
     126    1767       0       0       1       0       0       000010000D    547
     126       0      -1       9       1       0       0 TrimBnd       1D    548
     126    1776       0       0       1       0       0       000010000D    549
     126       0      -1       7       1       0       0 TrimBnd       2D    550
     126    1783       0       0       1       0       0       000010000D    551
     126       0      -1       7       2       0       0 TrimBnd       3D    552
     126    1790       0       0       1       0       0       000010000D    553
     126       0      -1       8       1       0       0 TrimBnd       4D    554
     126    1798       0       0       1       0       0       000010000D    555
     126       0      -1       9       1       0       0 TrimBnd       5D    556
     126    1807       0       0       1       0       0       000010000D    557
     126       0      -1       9       1       0       0 TrimBnd       6D    558
     102    1816       0       0       1       0       0       000010000D    559
     102       0      -1       1       0       0       03D CURVE       0D    560
     142    1817       0       0       1       0       0       000010000D    561
     142       0      -1       1       0       0       0 TrimBnd       1D    562
     144    1818       0       0       1       0       0       000000000D    563
     144       0      -1       1       0       0       0 TrimSrf       0D    564
     406    1819       0       0       0       0       0       000010300D    565
     406       0       0       1      15       0       0 NAMETXT       0D    566
     128    1820       0       0       1       0       0       000010000D    567
     128       0      -1       7       8       0       0 TrimSrf       0D    568
     126    1827       0       0       1       0       0       000010500D    569
     126       0      -1       8       1       0       0 TrimBnd       1D    570
     126    1835       0       0       1       0       0       000010500D    571
     126       0      -1       9       1       0       0 TrimBnd       2D    572
     126    1844       0       0       1       0       0       000010500D    573
     126       0      -1       7       1       0       0 TrimBnd       3D    574
     126    1851       0       0       1       0       0       000010500D    575
     126       0      -1       7       1       0       0 TrimBnd       4D    576
     102    1858       0       0       1       0       0       000010500D    577
     102       0      -1       1       0       0       02D CURVE       0D    578
     126    1859       0       0       1       0       0       000010000D    579
     126       0      -1      10       1       0       0 TrimBnd       1D    580
     126    1869       0       0       1       0       0       000010000D    581
     126       0      -1       8       1       0       0 TrimBnd       2D    582
     126    1877       0       0       1       0       0       000010000D    583
     126       0      -1       4       1       0       0 TrimBnd       3D    584
     126    1881       0       0       1       0       0       000010000D    585
     126       0      -1       5       1       0       0 TrimBnd       4D    586
     102    1886       0       0       1       0       0       000010000D    587
     102       0      -1       1       0       0       03D CURVE       0D    588
     142    1887       0       0       1       0       0       000010000D    589
     142       0      -1       1       0       0       0 TrimBnd       1D    590
     144    1888       0       0       1       0       0       000000000D    591
     144       0      -1       1       0       0       0 TrimSrf       0D    592
     406    1889       0       0       0       0       0       000010300D    593
     406       0       0       1      15       0       0 NAMETXT       0D    594
     128    1890       0       0       1       0       0       000010000D    595
     128       0      -1       7       8       0       0 TrimSrf       0D    596
     126    1897       0       0       1       0       0       000010500D    597
     126       0      -1       8       1       0       0 TrimBnd       1D    598
     126    1905       0       0       1       0       0       000010500D    599
     126       0      -1       9       1       0       0 TrimBnd       2D    600
     126    1914       0       0       1       0       0       000010500D    601
     126       0      -1       9       1       0       0 TrimBnd       3D    602
     126    1923       0       0       1       0       0       000010500D    603
     126       0      -1       9       1       0       0 TrimBnd       4D    604
     102    1932       0       0       1       0       0       000010500D    605
     102       0      -1       1       0       0       02D CURVE       0D    606
     126    1933       0       0       1       0       0       000010000D    607
     126       0      -1       6       1       0       0 TrimBnd       1D    608
     126    1939       0       0       1       0       0       000010000D    609
     126       0      -1       5       1       0       0 TrimBnd       2D    610
     126    1944       0       0       1       0       0       000010000D    611
     126       0      -1       8       1       0       0 TrimBnd       3D    612
     126    1952       0       0       1       0       0       000010000D    613
     126       0      -1      10       1       0       0 TrimBnd       4D    614
     102    1962       0       0       1       0       0       000010000D    615
     102       0      -1       1       0       0       03D CURVE       0D    616
     142    1963       0       0       1       0       0       000010000D    617
     142       0      -1       1       0       0       0 TrimBnd       1D    618
     144    1964       0       0       1       0       0       000000000D    619
     144       0      -1       1       0       0       0 TrimSrf       0D    620
     406    1965       0       0       0       0       0       000010300D    621
     406       0       0       1      15       0       0 NAMETXT       0D    622
     128    1966       0       0       1       0       0       000010000D    623
     128       0      -1       4       8       0       0 TrimSrf       0D    624
     126    1970       0       0       1       0       0       000010500D    625
     126       0      -1      10       1       0       0 TrimBnd       1D    626
     126    1980       0       0       1       0       0       000010500D    627
     126       0      -1       8       1       0       0 TrimBnd       2D    628
     126    1988       0       0       1       0       0       000010500D    629
     126       0      -1       7       1       0       0 TrimBnd       3D    630
     126    1995       0       0       1       0       0       000010500D    631
     126       0      -1       8       1       0       0 TrimBnd       4D    632
     102    2003       0       0       1       0       0       000010500D    633
     102       0      -1       1       0       0       02D CURVE       0D    634
     126    2004       0       0       1       0       0       000010000D    635
     126       0      -1      10       1       0       0 TrimBnd       1D    636
     126    2014       0       0       1       0       0       000010000D    637
     126       0      -1       8       1       0       0 TrimBnd       2D    638
     126    2022       0       0       1       0       0       000010000D    639
     126       0      -1       4       1       0       0 TrimBnd       3D    640
     126    2026       0       0       1       0       0       000010000D    641
     126       0      -1       4       1       0       0 TrimBnd       4D    642
     102    2030       0       0       1       0       0       000010000D    643
     102       0      -1       1       0       0       03D CURVE       0D    644
     142    2031       0       0       1       0       0       000010000D    645
     142       0      -1       1       0       0       0 TrimBnd       1D    646
     144    2032       0       0       1       0       0       000000000D    647
     144       0      -1       1       0       0       0 TrimSrf       0D    648
     406    2033       0       0       0       0       0       000010300D    649
     406       0       0       1      15       0       0 NAMETXT       0D    650
     128    2034       0       0       1       0       0       000010000D    651
     128       0      -1       4       8       0       0 TrimSrf       0D    652
     126    2038       0       0       1       0       0       000010500D    653
     126       0      -1       8       1       0       0 TrimBnd       1D    654
     126    2046       0       0       1       0       0       000010500D    655
     126       0      -1       7       1       0       0 TrimBnd       2D    656
     126    2053       0       0       1       0       0       000010500D    657
     126       0      -1       9       1       0       0 TrimBnd       3D    658
     126    2062       0       0       1       0       0       000010500D    659
     126       0      -1       9       1       0       0 TrimBnd       4D    660
     102    2071       0       0       1       0       0       000010500D    661
     102       0      -1       1       0       0       02D CURVE       0D    662
     126    2072       0       0       1       0       0       000010000D    663
     126       0      -1       5       1       0       0 TrimBnd       1D    664
     126    2077       0       0       1       0       0       000010000D    665
     126       0      -1       5       1       0       0 TrimBnd       2D    666
     126    2082       0       0       1       0       0       000010000D    667
     126       0      -1       7       1       0       0 TrimBnd       3D    668
     126    2089       0       0       1       0       0       000010000D    669
     126       0      -1       9       1       0       0 TrimBnd       4D    670
     102    2098       0       0       1       0       0       000010000D    671
     102       0      -1       1       0       0       03D CURVE       0D    672
     142    2099       0       0       1       0       0       000010000D    673
     142       0      -1       1       0       0       0 TrimBnd       1D    674
     144    2100       0       0       1       0       0       000000000D    675
     144       0      -1       1       0       0       0 TrimSrf       0D    676
     406    2101       0       0       0       0       0       000010300D    677
     406       0       0       1      15       0       0 NAMETXT       0D    678
     128    2102       0       0       1       0       0       000010000D    679
     128       0      -1      14       0       0       0 TrimSrf       0D    680
     126    2116       0       0       1       0       0       000010500D    681
     126       0      -1       4       1       0       0 TrimBnd       1D    682
     126    2120       0       0       1       0       0       000010500D    683
     126       0      -1       6       1       0       0 TrimBnd       2D    684
     126    2126       0       0       1       0       0       000010500D    685
     126       0      -1      13       0       0       0 TrimBnd       3D    686
     126    2139       0       0       1       0       0       000010500D    687
     126       0      -1      13       0       0       0 TrimBnd       4D    688
     126    2152       0       0       1       0       0       000010500D    689
     126       0      -1       7       1       0       0 TrimBnd       5D    690
     102    2159       0       0       1       0       0       000010500D    691
     102       0      -1       1       0       0       02D CURVE       0D    692
     126    2160       0       0       1       0       0       000010000D    693
     126       0      -1       6       2       0       0 TrimBnd       1D    694
     126    2166       0       0       1       0       0       000010000D    695
     126       0      -1       6       1       0       0 TrimBnd       2D    696
     126    2172       0       0       1       0       0       000010000D    697
     126       0      -1      10       0       0       0 TrimBnd       3D    698
     126    2182       0       0       1       0       0       000010000D    699
     126       0      -1      14       1       0       0 TrimBnd       4D    700
     126    2196       0       0       1       0       0       000010000D    701
     126       0      -1       9       1       0       0 TrimBnd       5D    702
     102    2205       0       0       1       0       0       000010000D    703
     102       0      -1       1       0       0       03D CURVE       0D    704
     142    2206       0       0       1       0       0       000010000D    705
     142       0      -1       1       0       0       0 TrimBnd       1D    706
     144    2207       0       0       1       0       0       000000000D    707
     144       0      -1       1       0       0       0 TrimSrf       0D    708
     406    2208       0       0       0       0       0       000010300D    709
     406       0       0       1      15       0       0 NAMETXT       0D    710
     128    2209       0       0       1       0       0       000010000D    711
     128       0      -1      18       0       0       0 TrimSrf       0D    712
     126    2227       0       0       1       0       0       000010500D    713
     126       0      -1       7       1       0       0 TrimBnd       1D    714
     126    2234       0       0       1       0       0       000010500D    715
     126       0      -1      13       0       0       0 TrimBnd       2D    716
     126    2247       0       0       1       0       0       000010500D    717
     126       0      -1      13       0       0       0 TrimBnd       3D    718
     126    2260       0       0       1       0       0       000010500D    719
     126       0      -1       7       1       0       0 TrimBnd       4D    720
     126    2267       0       0       1       0       0       000010500D    721
     126       0      -1       7       1       0       0 TrimBnd       5D    722
     102    2274       0       0       1       0       0       000010500D    723
     102       0      -1       1       0       0       02D CURVE       0D    724
     126    2275       0       0       1       0       0       000010000D    725
     126       0      -1      10       1       0       0 TrimBnd       1D    726
     126    2285       0       0       1       0       0       000010000D    727
     126       0      -1      12       1       0       0 TrimBnd       2D    728
     126    2297       0       0       1       0       0       000010000D    729
     126       0      -1      10       0       0       0 TrimBnd       3D    730
     126    2307       0       0       1       0       0       000010000D    731
     126       0      -1      10       1       0       0 TrimBnd       4D    732
     126    2317       0       0       1       0       0       000010000D    733
     126       0      -1       9       2       0       0 TrimBnd       5D    734
     102    2326       0       0       1       0       0       000010000D    735
     102       0      -1       1       0       0       03D CURVE       0D    736
     142    2327       0       0       1       0       0       000010000D    737
     142       0      -1       1       0       0       0 TrimBnd       1D    738
     144    2328       0       0       1       0       0       000000000D    739
     144       0      -1       1       0       0       0 TrimSrf       0D    740
314,0.0,0.0,0.0,20HRGB(   0,   0,   0 );                         0000001P      1
406,2,1,7HDefault;                                               0000003P      2
406,1,7HTrimSrf;                                                 0000005P      3
128,1,1,1,1,0,0,1,0,0,0.0D0,0.0D0,0.25D0,0.25D0,                 0000007P      4
5.489999999999999D0,5.489999999999999D0,6.09D0,6.09D0,1.0D0,     0000007P      5
1.0D0,1.0D0,1.0D0,1.222500000000001D0,0.3000000000000012D0,      0000007P      6
-0.12D0,1.222500000000001D0,0.3000000000000012D0,0.13D0,         0000007P      7
1.222500000000001D0,-0.2999999999999988D0,-0.12D0,               0000007P      8
1.222500000000001D0,-0.2999999999999988D0,0.13D0,0.0D0,0.25D0,   0000007P      9
5.489999999999999D0,6.09D0,0,1,5;                                0000007P     10
126,3,3,1,0,1,0,-1.120000000000002D0,-1.120000000000002D0,       0000009P     11
-1.120000000000002D0,-1.120000000000002D0,-1.005000000000002D0,  0000009P     12
-1.005000000000002D0,-1.005000000000002D0,-1.005000000000002D0,  0000009P     13
1.0D0,1.0D0,1.0D0,1.0D0,0.005000000000000004D0,                  0000009P     14
5.789999999999999D0,0.0D0,0.04333333333333333D0,                 0000009P     15
5.789999999999999D0,0.0D0,0.08166666666666667D0,                 0000009P     16
5.789999999999999D0,0.0D0,0.12D0,5.789999999999999D0,0.0D0,      0000009P     17
-1.120000000000002D0,-1.005000000000002D0,0.0D0,0.0D0,1.0D0,0,1, 0000009P     18
5;                                                               0000009P     19
126,3,3,1,0,1,0,-1.005000000000002D0,-1.005000000000002D0,       0000011P     20
-1.005000000000002D0,-1.005000000000002D0,-0.7100000000000019D0, 0000011P     21
-0.7100000000000019D0,-0.7100000000000019D0,                     0000011P     22
-0.7100000000000019D0,1.0D0,1.0D0,1.0D0,1.0D0,0.12D0,            0000011P     23
5.789999999999999D0,0.0D0,0.12D0,5.888333333333333D0,0.0D0,      0000011P     24
0.12D0,5.986666666666665D0,0.0D0,0.12D0,6.084999999999999D0,     0000011P     25
0.0D0,-1.005000000000002D0,-0.7100000000000019D0,0.0D0,0.0D0,    0000011P     26
1.0D0,0,1,5;                                                     0000011P     27
126,3,3,1,0,1,0,-0.7100000000000019D0,-0.7100000000000019D0,     0000013P     28
-0.7100000000000019D0,-0.7100000000000019D0,                     0000013P     29
-0.595000000000002D0,-0.595000000000002D0,-0.595000000000002D0,  0000013P     30
-0.595000000000002D0,1.0D0,1.0D0,1.0D0,1.0D0,0.12D0,             0000013P     31
6.084999999999999D0,0.0D0,0.08166666666666662D0,                 0000013P     32
6.084999999999999D0,0.0D0,0.0433333333333333D0,                  0000013P     33
6.084999999999999D0,0.0D0,0.005000000000000005D0,6.085D0,0.0D0,  0000013P     34
-0.7100000000000019D0,-0.595000000000002D0,0.0D0,0.0D0,1.0D0,0,  0000013P     35
1,5;                                                             0000013P     36
126,3,3,1,0,1,0,-0.595000000000002D0,-0.595000000000002D0,       0000015P     37
-0.595000000000002D0,-0.595000000000002D0,-0.2999999999999987D0, 0000015P     38
-0.2999999999999987D0,-0.2999999999999987D0,                     0000015P     39
-0.2999999999999987D0,1.0D0,1.0D0,1.0D0,1.0D0,                   0000015P     40
0.005000000000000005D0,6.085D0,0.0D0,0.005000000000000004D0,     0000015P     41
5.986666666666666D0,0.0D0,0.005000000000000004D0,                0000015P     42
5.888333333333332D0,0.0D0,0.005000000000000004D0,                0000015P     43
5.789999999999999D0,0.0D0,-0.595000000000002D0,                  0000015P     44
-0.2999999999999987D0,0.0D0,0.0D0,1.0D0,0,1,5;                   0000015P     45
102,4,9,11,13,15,0,1,5;                                          0000017P     46
126,1,1,1,0,1,0,-1.120000000000002D0,-1.120000000000002D0,       0000019P     47
-1.005000000000002D0,-1.005000000000002D0,1.0D0,1.0D0,           0000019P     48
1.222500000000001D0,1.610873901294758D-15,-0.1150000000000001D0, 0000019P     49
1.222500000000001D0,1.610873901294758D-15,0.0D0,                 0000019P     50
-1.120000000000002D0,-1.005000000000002D0,1.0D0,0.0D0,0.0D0,0,1, 0000019P     51
5;                                                               0000019P     52
126,1,1,1,0,1,0,-1.005000000000002D0,-1.005000000000002D0,       0000021P     53
-0.7100000000000019D0,-0.7100000000000019D0,1.0D0,1.0D0,         0000021P     54
1.222500000000001D0,1.610873901294758D-15,0.0D0,                 0000021P     55
1.222500000000001D0,-0.294999999999998D0,0.0D0,                  0000021P     56
-1.005000000000002D0,-0.7100000000000019D0,0.0D0,0.0D0,1.0D0,0,  0000021P     57
1,5;                                                             0000021P     58
126,3,3,1,0,1,0,-0.7100000000000019D0,-0.7100000000000019D0,     0000023P     59
-0.7100000000000019D0,-0.7100000000000019D0,                     0000023P     60
-0.595000000000002D0,-0.595000000000002D0,-0.595000000000002D0,  0000023P     61
-0.595000000000002D0,1.0D0,1.0D0,1.0D0,1.0D0,                    0000023P     62
1.222500000000001D0,-0.294999999999998D0,0.0D0,                  0000023P     63
1.222500000000001D0,-0.2949999999999982D0,                       0000023P     64
-0.03833333333333332D0,1.222500000000001D0,                      0000023P     65
-0.2949999999999985D0,-0.07666666666666662D0,                    0000023P     66
1.222500000000001D0,-0.2949999999999987D0,-0.115D0,              0000023P     67
-0.7100000000000019D0,-0.595000000000002D0,1.0D0,0.0D0,0.0D0,0,  0000023P     68
1,5;                                                             0000023P     69
126,3,3,1,0,1,0,-0.595000000000002D0,-0.595000000000002D0,       0000025P     70
-0.595000000000002D0,-0.595000000000002D0,-0.2999999999999987D0, 0000025P     71
-0.2999999999999987D0,-0.2999999999999987D0,                     0000025P     72
-0.2999999999999987D0,1.0D0,1.0D0,1.0D0,1.0D0,                   0000025P     73
1.222500000000001D0,-0.2950000000000008D0,-0.115D0,              0000025P     74
1.222500000000001D0,-0.1966666666666663D0,-0.115D0,              0000025P     75
1.222500000000001D0,-0.09833333333333193D0,-0.115D0,             0000025P     76
1.222500000000001D0,2.471296745379254D-15,-0.115D0,              0000025P     77
-0.595000000000002D0,-0.2999999999999987D0,0.0D0,0.0D0,1.0D0,0,  0000025P     78
1,5;                                                             0000025P     79
102,4,19,21,23,25,0,1,5;                                         0000027P     80
142,0,7,17,27,1,0,1,5;                                           0000029P     81
144,7,1,0,29,0,1,5;                                              0000031P     82
406,1,7HTrimSrf;                                                 0000033P     83
128,2,3,2,3,0,0,0,0,0,0.0D0,0.0D0,0.0D0,1.0D0,1.0D0,1.0D0,       0000035P     84
0.13D0,0.13D0,0.13D0,0.13D0,0.2499999999999999D0,                0000035P     85
0.2499999999999999D0,0.2499999999999999D0,0.2499999999999999D0,  0000035P     86
0.9999999999999998D0,0.7071067811865197D0,0.9999999999999998D0,  0000035P     87
0.9999999999999998D0,0.7071067811865206D0,0.9999999999999998D0,  0000035P     88
0.9999999999999999D0,0.7071067811865193D0,0.9999999999999999D0,  0000035P     89
1.0D0,0.7071067811865133D0,1.0D0,1.222500000000001D0,            0000035P     90
-0.2949999999998268D0,0.0D0,1.222500000000001D0,                 0000035P     91
-0.299999999999827D0,-1.054905870678203D-16,1.217500000000001D0, 0000035P     92
-0.2999999999998268D0,-1.734723475976807D-17,                    0000035P     93
1.222500000000001D0,-0.2949999999998268D0,                       0000035P     94
-0.03999999999999999D0,1.222500000000001D0,                      0000035P     95
-0.2999999999998268D0,-0.04000000000000018D0,                    0000035P     96
1.217500000000001D0,-0.2999999999998268D0,                       0000035P     97
-0.04000000000000003D0,1.222500000000001D0,-0.294999999999827D0, 0000035P     98
-0.07999999999999999D0,1.222500000000001D0,-0.299999999999827D0, 0000035P     99
-0.08000000000000033D0,1.217500000000001D0,                      0000035P    100
-0.2999999999998268D0,-0.08000000000000003D0,                    0000035P    101
1.222500000000001D0,-0.294999999999827D0,-0.12D0,                0000035P    102
1.222500000000001D0,-0.299999999999827D0,-0.12D0,                0000035P    103
1.217500000000001D0,-0.2999999999998268D0,-0.12D0,0.0D0,1.0D0,   0000035P    104
0.13D0,0.2499999999999999D0,0,1,33;                              0000035P    105
126,3,3,1,0,1,0,-2.234440097210593D0,-2.234440097210593D0,       0000037P    106
-2.234440097210593D0,-2.234440097210593D0,-2.230012499921876D0,  0000037P    107
-2.230012499921876D0,-2.230012499921876D0,-2.230012499921876D0,  0000037P    108
1.0D0,1.0D0,1.0D0,1.0D0,0.4078815668004812D0,                    0000037P    109
0.2479605921659976D0,0.0D0,0.2830490207381861D0,                 0000037P    110
0.2471189788859462D0,0.0D0,0.1542809991712558D0,                 0000037P    111
0.2460909314072222D0,0.0D0,0.0D0,0.2449999999999998D0,0.0D0,     0000037P    112
-2.234440097210593D0,-2.230012499921876D0,0.0D0,0.0D0,1.0D0,0,1, 0000037P    113
33;                                                              0000037P    114
126,3,3,1,0,1,0,-2.230012499921876D0,-2.230012499921876D0,       0000039P    115
-2.230012499921876D0,-2.230012499921876D0,-2.115012499921876D0,  0000039P    116
-2.115012499921876D0,-2.115012499921876D0,-2.115012499921876D0,  0000039P    117
1.0D0,1.0D0,1.0D0,1.0D0,0.0D0,0.2449999999999998D0,0.0D0,0.0D0,  0000039P    118
0.2066666666666665D0,0.0D0,0.0D0,0.1683333333333333D0,0.0D0,     0000039P    119
0.0D0,0.13D0,0.0D0,-2.230012499921876D0,-2.115012499921876D0,    0000039P    120
0.0D0,0.0D0,1.0D0,0,1,33;                                        0000039P    121
126,3,3,1,0,1,0,-2.115012499921876D0,-2.115012499921876D0,       0000041P    122
-2.115012499921876D0,-2.115012499921876D0,-1.115012499921876D0,  0000041P    123
-1.115012499921876D0,-1.115012499921876D0,-1.115012499921876D0,  0000041P    124
1.0D0,1.0D0,1.0D0,1.0D0,0.0D0,0.13D0,0.0D0,0.3333333333333333D0, 0000041P    125
0.13D0,0.0D0,0.6666666666666666D0,0.13D0,0.0D0,1.0D0,0.13D0,     0000041P    126
0.0D0,-2.115012499921876D0,-1.115012499921876D0,0.0D0,0.0D0,     0000041P    127
1.0D0,0,1,33;                                                    0000041P    128
126,3,3,1,0,1,0,-1.115012499921876D0,-1.115012499921876D0,       0000043P    129
-1.115012499921876D0,-1.115012499921876D0,-1.000012499921876D0,  0000043P    130
-1.000012499921876D0,-1.000012499921876D0,-1.000012499921876D0,  0000043P    131
1.0D0,1.0D0,1.0D0,1.0D0,1.0D0,0.13D0,0.0D0,1.0D0,                0000043P    132
0.1683333333333333D0,0.0D0,1.0D0,0.2066666666666666D0,0.0D0,     0000043P    133
1.0D0,0.2449999999999999D0,0.0D0,-1.115012499921876D0,           0000043P    134
-1.000012499921876D0,0.0D0,0.0D0,1.0D0,0,1,33;                   0000043P    135
126,3,3,1,0,1,0,-1.000012499921876D0,-1.000012499921876D0,       0000045P    136
-1.000012499921876D0,-1.000012499921876D0,-0.4078866665482748D0, 0000045P    137
-0.4078866665482748D0,-0.4078866665482748D0,                     0000045P    138
-0.4078866665482748D0,1.0D0,1.0D0,1.0D0,1.0D0,1.0D0,             0000045P    139
0.2449999999999999D0,0.0D0,0.8026271889334936D0,                 0000045P    140
0.2459868640553325D0,0.0D0,0.6052543778669874D0,                 0000045P    141
0.2469737281106651D0,0.0D0,0.4078815668004812D0,                 0000045P    142
0.2479605921659976D0,0.0D0,-1.000012499921876D0,                 0000045P    143
-0.4078866665482748D0,0.0D0,0.0D0,1.0D0,0,1,33;                  0000045P    144
102,5,37,39,41,43,45,0,1,33;                                     0000047P    145
126,3,3,1,0,1,0,-2.235076906650968D0,-2.235076906650968D0,       0000049P    146
-2.235076906650968D0,-2.235076906650968D0,-2.230012499921876D0,  0000049P    147
-2.230012499921876D0,-2.230012499921876D0,-2.230012499921876D0,  0000049P    148
1.0D0,1.0D0,1.0D0,1.0D0,1.221527596690558D0,                     0000049P    149
-0.2979555395921789D0,-0.1179628474016422D0,1.222203222597909D0, 0000049P    150
-0.296979527259758D0,-0.1169795272407326D0,1.222499999996732D0,  0000049P    151
-0.2958413749317521D0,-0.1158413749239627D0,1.222500000000001D0, 0000049P    152
-0.294999999999827D0,-0.1149999999999998D0,-2.235076906650968D0, 0000049P    153
-2.230012499921876D0,1.0D0,0.0D0,0.0D0,0,1,33;                   0000049P    154
126,3,3,1,0,1,0,-2.230012499921876D0,-2.230012499921876D0,       0000051P    155
-2.230012499921876D0,-2.230012499921876D0,-2.115012499921876D0,  0000051P    156
-2.115012499921876D0,-2.115012499921876D0,-2.115012499921876D0,  0000051P    157
1.0D0,1.0D0,1.0D0,1.0D0,1.2225D0,-0.294999999999827D0,           0000051P    158
-0.1149999999999998D0,1.2225D0,-0.2949999999998268D0,            0000051P    159
-0.07666666666666651D0,1.2225D0,-0.2949999999998268D0,           0000051P    160
-0.03833333333333325D0,1.222500000000001D0,                      0000051P    161
-0.2949999999998268D0,0.0D0,-2.230012499921876D0,                0000051P    162
-2.115012499921876D0,1.0D0,0.0D0,0.0D0,0,1,33;                   0000051P    163
126,2,2,1,0,0,0,-2.115012499921876D0,-2.115012499921876D0,       0000053P    164
-2.115012499921876D0,-1.115012499921876D0,-1.115012499921876D0,  0000053P    165
-1.115012499921876D0,1.0D0,0.7071067811865198D0,1.0D0,           0000053P    166
1.222500000000001D0,-0.2949999999998268D0,0.0D0,                 0000053P    167
1.222500000000001D0,-0.299999999999827D0,-1.054905870678203D-16, 0000053P    168
1.217500000000001D0,-0.2999999999998268D0,                       0000053P    169
-1.734723475976807D-17,-2.115012499921876D0,                     0000053P    170
-1.115012499921876D0,0.0D0,0.0D0,1.0D0,0,1,33;                   0000053P    171
126,3,3,1,0,1,0,-1.115012499921876D0,-1.115012499921876D0,       0000055P    172
-1.115012499921876D0,-1.115012499921876D0,-1.000012499921876D0,  0000055P    173
-1.000012499921876D0,-1.000012499921876D0,-1.000012499921876D0,  0000055P    174
1.0D0,1.0D0,1.0D0,1.0D0,1.217500000000001D0,                     0000055P    175
-0.2999999999998268D0,-1.734723475976807D-17,                    0000055P    176
1.217500000000001D0,-0.2999999999998268D0,                       0000055P    177
-0.03833333333333334D0,1.217500000000001D0,                      0000055P    178
-0.2999999999998268D0,-0.07666666666666665D0,                    0000055P    179
1.217500000000001D0,-0.2999999999998268D0,-0.115D0,              0000055P    180
-1.115012499921876D0,-1.000012499921876D0,1.0D0,0.0D0,0.0D0,0,1, 0000055P    181
33;                                                              0000055P    182
126,5,3,1,0,1,0,-1.000012499921876D0,-1.000012499921876D0,       0000057P    183
-1.000012499921876D0,-1.000012499921876D0,-0.500006249960938D0,  0000057P    184
-0.500006249960938D0,-0.4074356125212356D0,                      0000057P    185
-0.4074356125212356D0,-0.4074356125212356D0,                     0000057P    186
-0.4074356125212356D0,1.0D0,1.0D0,1.0D0,1.0D0,1.0D0,1.0D0,       0000057P    187
1.217500000000001D0,-0.2999999999998268D0,-0.115D0,              0000057P    188
1.218678511301978D0,-0.299999999999827D0,-0.1158333333333333D0,  0000057P    189
1.220059223176555D0,-0.2995118446351379D0,-0.1166666666666667D0, 0000057P    190
1.221216287059649D0,-0.2983547807520444D0,-0.1176542824672141D0, 0000057P    191
1.221380307987857D0,-0.2981601661688617D0,-0.1178085649344281D0, 0000057P    192
1.221527596690558D0,-0.2979555395921789D0,-0.1179628474016422D0, 0000057P    193
-1.000012499921876D0,-0.4074356125212356D0,0.0D0,                0000057P    194
-0.6020272540635887D0,-0.7984755383633585D0,0,1,33;              0000057P    195
102,5,49,51,53,55,57,0,1,33;                                     0000059P    196
142,0,35,47,59,1,0,1,33;                                         0000061P    197
144,35,1,0,61,0,1,33;                                            0000063P    198
406,1,7HTrimSrf;                                                 0000065P    199
128,2,3,2,3,0,0,0,0,0,0.0D0,0.0D0,0.0D0,1.0D0,1.0D0,1.0D0,       0000067P    200
0.2999999999999987D0,0.2999999999999987D0,0.2999999999999987D0,  0000067P    201
0.2999999999999987D0,1.690445115010343D0,1.690445115010343D0,    0000067P    202
1.690445115010343D0,1.690445115010343D0,0.9999999999999998D0,    0000067P    203
0.7071067811865133D0,0.9999999999999998D0,1.0D0,                 0000067P    204
0.7071067811865124D0,1.0D0,1.0D0,0.7071067811865164D0,1.0D0,     0000067P    205
1.000000000000021D0,0.7071067811865204D0,1.000000000000021D0,    0000067P    206
1.222500000000001D0,2.471296745379254D-15,-0.115D0,              0000067P    207
1.222500000000001D0,2.609307137860483D-15,-0.1200000000000001D0, 0000067P    208
1.217500000000001D0,2.62611917964174D-15,-0.1200000000000001D0,  0000067P    209
1.222500000000001D0,-0.4634817050034453D0,-0.1149999999999999D0, 0000067P    210
1.222500000000003D0,-0.463481705003445D0,-0.1200000000000003D0,  0000067P    211
1.2175D0,-0.4634817050034444D0,-0.12D0,1.222500000000002D0,      0000067P    212
-0.9269634100068928D0,-0.1150000000000002D0,1.222499999999997D0, 0000067P    213
-0.9269634100068879D0,-0.1199999999999996D0,1.217500000000006D0, 0000067P    214
-0.9269634100068931D0,-0.12D0,1.222499999999976D0,               0000067P    215
-1.390445115010316D0,-0.1149999999999988D0,1.22249999999999D0,   0000067P    216
-1.390445115010374D0,-0.1199999999999989D0,1.217499999999983D0,  0000067P    217
-1.390445115010357D0,-0.1199999999999964D0,0.0D0,1.0D0,          0000067P    218
0.2999999999999987D0,1.690445115010343D0,0,1,65;                 0000067P    219
126,3,3,1,0,1,0,-1.967498870328339D0,-1.967498870328339D0,       0000069P    220
-1.967498870328339D0,-1.967498870328339D0,-1.963112890877165D0,  0000069P    221
-1.963112890877165D0,-1.963112890877165D0,-1.963112890877165D0,  0000069P    222
1.0D0,1.0D0,1.0D0,1.0D0,0.4138505018605498D0,                    0000069P    223
0.5978440857769378D0,0.0D0,0.2774655016871679D0,                 0000069P    224
0.5969918651750421D0,0.0D0,0.1398929898866555D0,                 0000069P    225
0.5959891928178964D0,0.0D0,0.0D0,0.5950000000000053D0,0.0D0,     0000069P    226
-1.967498870328339D0,-1.963112890877165D0,0.0D0,0.0D0,1.0D0,0,1, 0000069P    227
65;                                                              0000069P    228
126,3,3,1,0,1,0,-1.963112890877165D0,-1.963112890877165D0,       0000071P    229
-1.963112890877165D0,-1.963112890877165D0,-1.668112890877159D0,  0000071P    230
-1.668112890877159D0,-1.668112890877159D0,-1.668112890877159D0,  0000071P    231
1.0D0,1.0D0,1.0D0,1.0D0,0.0D0,0.5950000000000053D0,0.0D0,0.0D0,  0000071P    232
0.4966666666666698D0,0.0D0,0.0D0,0.3983333333333343D0,0.0D0,     0000071P    233
0.0D0,0.2999999999999987D0,0.0D0,-1.963112890877165D0,           0000071P    234
-1.668112890877159D0,0.0D0,0.0D0,1.0D0,0,1,65;                   0000071P    235
126,3,3,1,0,1,0,-1.668112890877159D0,-1.668112890877159D0,       0000073P    236
-1.668112890877159D0,-1.668112890877159D0,-0.6681128908771586D0, 0000073P    237
-0.6681128908771586D0,-0.6681128908771586D0,                     0000073P    238
-0.6681128908771586D0,1.0D0,1.0D0,1.0D0,1.0D0,0.0D0,             0000073P    239
0.2999999999999987D0,0.0D0,0.3333333333333333D0,                 0000073P    240
0.2999999999999987D0,0.0D0,0.6666666666666666D0,                 0000073P    241
0.2999999999999987D0,0.0D0,1.0D0,0.2999999999999987D0,0.0D0,     0000073P    242
-1.668112890877159D0,-0.6681128908771586D0,0.0D0,0.0D0,1.0D0,0,  0000073P    243
1,65;                                                            0000073P    244
126,3,3,1,0,1,0,-0.6681128908771586D0,-0.6681128908771586D0,     0000075P    245
-0.6681128908771586D0,-0.6681128908771586D0,                     0000075P    246
-0.3731128908771567D0,-0.3731128908771567D0,                     0000075P    247
-0.3731128908771567D0,-0.3731128908771567D0,1.0D0,1.0D0,1.0D0,   0000075P    248
1.0D0,1.0D0,0.2999999999999987D0,0.0D0,1.0D0,                    0000075P    249
0.3983333333333325D0,0.0D0,1.0D0,0.4966666666666664D0,0.0D0,     0000075P    250
1.0D0,0.5950000000000002D0,0.0D0,-0.6681128908771586D0,          0000075P    251
-0.3731128908771567D0,0.0D0,0.0D0,1.0D0,0,1,65;                  0000075P    252
126,6,3,1,0,1,0,-0.3731128908771567D0,-0.3731128908771567D0,     0000077P    253
-0.3731128908771567D0,-0.3731128908771567D0,                     0000077P    254
-0.3709034145812527D0,-0.3709034145812527D0,                     0000077P    255
-0.3709034145812527D0,-0.3708992822696227D0,                     0000077P    256
-0.3708992822696227D0,-0.3708992822696227D0,                     0000077P    257
-0.3708992822696227D0,1.0D0,1.0D0,1.0D0,1.0D0,1.0D0,1.0D0,1.0D0, 0000077P    258
1.0D0,0.5950000000000002D0,0.0D0,0.9227267055618067D0,           0000077P    259
0.595546404705019D0,0.0D0,0.8518798648830506D0,                  0000077P    260
0.596076734369769D0,0.0D0,0.7846365534264537D0,                  0000077P    261
0.5965682111332636D0,0.0D0,0.7846351805560484D0,                 0000077P    262
0.5965682192617144D0,0.0D0,0.7846338076856446D0,                 0000077P    263
0.5965682273901286D0,0.0D0,0.7846324348152423D0,                 0000077P    264
0.596568235518506D0,0.0D0,-0.3731128908771567D0,                 0000077P    265
-0.3708992822696227D0,0.0D0,0.0D0,1.0D0,0,1,65;                  0000077P    266
126,3,3,1,0,1,0,-0.3708992822696227D0,-0.3708992822696227D0,     0000079P    267
-0.3708992822696227D0,-0.3708992822696227D0,-0.0D0,-0.0D0,       0000079P    268
-0.0D0,-0.0D0,1.0D0,1.0D0,1.0D0,1.0D0,0.7846324348152423D0,      0000079P    269
0.596568235518506D0,0.0D0,0.6614092385846833D0,                  0000079P    270
0.5972978052168163D0,0.0D0,0.5381975360221188D0,                 0000079P    271
0.5977316688833394D0,0.0D0,0.4138505018605498D0,                 0000079P    272
0.5978440857769378D0,0.0D0,-0.3708992822696227D0,-0.0D0,0.0D0,   0000079P    273
0.0D0,1.0D0,0,1,65;                                              0000079P    274
102,6,69,71,73,75,77,79,0,1,65;                                  0000081P    275
126,3,3,1,0,1,0,-1.968709101929785D0,-1.968709101929785D0,       0000083P    276
-1.968709101929785D0,-1.968709101929785D0,-1.96367551217985D0,   0000083P    277
-1.96367551217985D0,-1.96367551217985D0,-1.96367551217985D0,     0000083P    278
1.0D0,1.0D0,1.0D0,1.0D0,1.221533739794524D0,                     0000083P    279
-0.2979410842040923D0,-0.1179410842040927D0,1.222206510613995D0, 0000083P    280
-0.2969668916527929D0,-0.116966891652792D0,1.222500000000001D0,  0000083P    281
-0.2958367011333957D0,-0.1158367011333934D0,1.222500000000001D0, 0000083P    282
-0.295000000000004D0,-0.115D0,-1.968709101929785D0,              0000083P    283
-1.96367551217985D0,1.0D0,0.0D0,0.0D0,0,1,65;                    0000083P    284
126,3,3,1,0,1,0,-1.96367551217985D0,-1.96367551217985D0,         0000085P    285
-1.96367551217985D0,-1.96367551217985D0,-1.668675512179844D0,    0000085P    286
-1.668675512179844D0,-1.668675512179844D0,-1.668675512179844D0,  0000085P    287
1.0D0,1.0D0,1.0D0,1.0D0,1.222500000000001D0,                     0000085P    288
-0.2950000000000039D0,-0.115D0,1.222500000000001D0,              0000085P    289
-0.1966666666666685D0,-0.115D0,1.222500000000001D0,              0000085P    290
-0.09833333333333305D0,-0.115D0,1.222500000000001D0,             0000085P    291
2.471296745379254D-15,-0.115D0,-1.96367551217985D0,              0000085P    292
-1.668675512179844D0,0.0D0,0.0D0,1.0D0,0,1,65;                   0000085P    293
126,2,2,1,0,0,0,-1.668675512179844D0,-1.668675512179844D0,       0000087P    294
-1.668675512179844D0,-0.6686755121798438D0,                      0000087P    295
-0.6686755121798438D0,-0.6686755121798438D0,1.0D0,               0000087P    296
0.7071067811865134D0,1.0D0,1.222500000000001D0,                  0000087P    297
2.471296745379254D-15,-0.115D0,1.222500000000001D0,              0000087P    298
2.609307137860483D-15,-0.1200000000000001D0,1.217500000000001D0, 0000087P    299
2.62611917964174D-15,-0.1200000000000001D0,-1.668675512179844D0, 0000087P    300
-0.6686755121798438D0,-0.0D0,-1.0D0,-0.0D0,0,1,65;               0000087P    301
126,3,3,1,0,1,0,-0.6686755121798438D0,-0.6686755121798438D0,     0000089P    302
-0.6686755121798438D0,-0.6686755121798438D0,                     0000089P    303
-0.3736755121798422D0,-0.3736755121798422D0,                     0000089P    304
-0.3736755121798422D0,-0.3736755121798422D0,1.0D0,1.0D0,1.0D0,   0000089P    305
1.0D0,1.217500000000001D0,2.626119179641739D-15,-0.12D0,         0000089P    306
1.217500000000001D0,-0.098333333333331D0,-0.12D0,                0000089P    307
1.217500000000001D0,-0.1966666666666647D0,-0.12D0,               0000089P    308
1.217500000000001D0,-0.2949999999999988D0,-0.12D0,               0000089P    309
-0.6686755121798438D0,-0.3736755121798422D0,0.0D0,0.0D0,1.0D0,0, 0000089P    310
1,65;                                                            0000089P    311
126,3,3,1,0,1,0,-0.3736755121798422D0,-0.3736755121798422D0,     0000091P    312
-0.3736755121798422D0,-0.3736755121798422D0,                     0000091P    313
-0.3709034145812527D0,-0.3709034145812527D0,                     0000091P    314
-0.3709034145812527D0,-0.3709034145812527D0,1.0D0,1.0D0,1.0D0,   0000091P    315
1.0D0,1.217500000000001D0,-0.2949999999999988D0,-0.12D0,         0000091P    316
1.217960787891513D0,-0.2954607878894681D0,-0.1199999999989489D0, 0000091P    317
1.218510588857348D0,-0.2960105888527844D0,-0.1199109869235608D0, 0000091P    318
1.219075147995596D0,-0.2965734557831886D0,-0.1197177613478492D0, 0000091P    319
-0.3736755121798422D0,-0.3709034145812527D0,                     0000091P    320
-0.7060446554105566D0,-0.7081673139634364D0,0.0D0,0,1,65;        0000091P    321
126,3,3,1,0,1,0,-0.3709034145812527D0,-0.3709034145812527D0,     0000093P    322
-0.3709034145812527D0,-0.3709034145812527D0,-0.0D0,-0.0D0,       0000093P    323
-0.0D0,-0.0D0,1.0D0,1.0D0,1.0D0,1.0D0,1.219075147995596D0,       0000093P    324
-0.2965734557831886D0,-0.1197177613478492D0,1.220008469230794D0, 0000093P    325
-0.2973293016131217D0,-0.119397769871021D0,1.220909937771298D0,  0000093P    326
-0.2977955163146571D0,-0.1187642330366446D0,1.221533739794524D0, 0000093P    327
-0.2979410842040923D0,-0.1179410842040927D0,                     0000093P    328
-0.3709034145812527D0,-0.0D0,-0.796996869426559D0,0.0D0,         0000093P    329
0.6039834353061884D0,0,1,65;                                     0000093P    330
102,6,83,85,87,89,91,93,0,1,65;                                  0000095P    331
142,0,67,81,95,1,0,1,65;                                         0000097P    332
144,67,1,0,97,0,1,65;                                            0000099P    333
406,1,7HTrimSrf;                                                 0000101P    334
128,1,1,1,1,0,0,1,0,0,5.489999999999999D0,5.489999999999999D0,   0000103P    335
6.09D0,6.09D0,0.0D0,0.0D0,0.25D0,0.25D0,1.0D0,1.0D0,1.0D0,1.0D0, 0000103P    336
1.222500000000001D0,-0.2999999999999958D0,-0.1200000000000064D0, 0000103P    337
1.222500000000001D0,0.300000000000004D0,-0.1199999999999936D0,   0000103P    338
1.222500000000001D0,-0.3000000000000012D0,0.1299999999999936D0,  0000103P    339
1.222500000000001D0,0.2999999999999988D0,0.1300000000000064D0,   0000103P    340
5.489999999999999D0,6.09D0,0.0D0,0.25D0,0,1,101;                 0000103P    341
126,3,3,1,0,1,0,-1.832350166857153D0,-1.832350166857153D0,       0000105P    342
-1.832350166857153D0,-1.832350166857153D0,-1.53735016685715D0,   0000105P    343
-1.53735016685715D0,-1.53735016685715D0,-1.53735016685715D0,     0000105P    344
1.0D0,1.0D0,1.0D0,1.0D0,5.789999999999999D0,                     0000105P    345
0.005000000000000004D0,0.0D0,5.888333333333332D0,                0000105P    346
0.005000000000000004D0,0.0D0,5.986666666666666D0,                0000105P    347
0.005000000000000004D0,0.0D0,6.085D0,0.005000000000000005D0,     0000105P    348
0.0D0,-1.832350166857153D0,-1.53735016685715D0,0.0D0,0.0D0,      0000105P    349
1.0D0,0,1,101;                                                   0000105P    350
126,3,3,1,0,1,0,-1.53735016685715D0,-1.53735016685715D0,         0000107P    351
-1.53735016685715D0,-1.53735016685715D0,-1.42235016685715D0,     0000107P    352
-1.42235016685715D0,-1.42235016685715D0,-1.42235016685715D0,     0000107P    353
1.0D0,1.0D0,1.0D0,1.0D0,6.085D0,0.005000000000000005D0,0.0D0,    0000107P    354
6.084999999999999D0,0.0433333333333333D0,0.0D0,                  0000107P    355
6.084999999999999D0,0.08166666666666662D0,0.0D0,                 0000107P    356
6.084999999999999D0,0.12D0,0.0D0,-1.53735016685715D0,            0000107P    357
-1.42235016685715D0,0.0D0,0.0D0,1.0D0,0,1,101;                   0000107P    358
126,3,3,1,0,1,0,-1.42235016685715D0,-1.42235016685715D0,         0000109P    359
-1.42235016685715D0,-1.42235016685715D0,-1.12735016685715D0,     0000109P    360
-1.12735016685715D0,-1.12735016685715D0,-1.12735016685715D0,     0000109P    361
1.0D0,1.0D0,1.0D0,1.0D0,6.084999999999999D0,0.12D0,0.0D0,        0000109P    362
5.986666666666665D0,0.12D0,0.0D0,5.888333333333333D0,0.12D0,     0000109P    363
0.0D0,5.789999999999999D0,0.12D0,0.0D0,-1.42235016685715D0,      0000109P    364
-1.12735016685715D0,0.0D0,0.0D0,1.0D0,0,1,101;                   0000109P    365
126,3,3,1,0,1,0,-1.12735016685715D0,-1.12735016685715D0,         0000111P    366
-1.12735016685715D0,-1.12735016685715D0,-1.01235016685715D0,     0000111P    367
-1.01235016685715D0,-1.01235016685715D0,-1.01235016685715D0,     0000111P    368
1.0D0,1.0D0,1.0D0,1.0D0,5.789999999999999D0,0.12D0,0.0D0,        0000111P    369
5.789999999999999D0,0.08166666666666667D0,0.0D0,                 0000111P    370
5.789999999999999D0,0.04333333333333333D0,0.0D0,                 0000111P    371
5.789999999999999D0,0.005000000000000004D0,0.0D0,                0000111P    372
-1.12735016685715D0,-1.01235016685715D0,0.0D0,0.0D0,1.0D0,0,1,   0000111P    373
101;                                                             0000111P    374
102,4,105,107,109,111,0,1,101;                                   0000113P    375
126,3,3,1,0,1,0,-1.832350166857153D0,-1.832350166857153D0,       0000115P    376
-1.832350166857153D0,-1.832350166857153D0,-1.53735016685715D0,   0000115P    377
-1.53735016685715D0,-1.53735016685715D0,-1.53735016685715D0,     0000115P    378
1.0D0,1.0D0,1.0D0,1.0D0,1.222500000000001D0,                     0000115P    379
2.684583857003327D-15,-0.115D0,1.222500000000001D0,              0000115P    380
0.09833333333333709D0,-0.1149999999999979D0,1.222500000000001D0, 0000115P    381
0.1966666666666715D0,-0.1149999999999958D0,1.222500000000001D0,  0000115P    382
0.2950000000000059D0,-0.1149999999999937D0,-1.832350166857153D0, 0000115P    383
-1.53735016685715D0,0.0D0,0.0D0,1.0D0,0,1,101;                   0000115P    384
126,3,3,1,0,1,0,-1.53735016685715D0,-1.53735016685715D0,         0000117P    385
-1.53735016685715D0,-1.53735016685715D0,-1.42235016685715D0,     0000117P    386
-1.42235016685715D0,-1.42235016685715D0,-1.42235016685715D0,     0000117P    387
1.0D0,1.0D0,1.0D0,1.0D0,1.222500000000001D0,                     0000117P    388
0.2950000000000041D0,-0.1149999999999937D0,1.222500000000001D0,  0000117P    389
0.295000000000003D0,-0.07666666666666039D0,1.222500000000001D0,  0000117P    390
0.2950000000000018D0,-0.03833333333332707D0,1.222500000000001D0, 0000117P    391
0.2950000000000008D0,6.248218469383877D-15,-1.53735016685715D0,  0000117P    392
-1.42235016685715D0,1.0D0,0.0D0,0.0D0,0,1,101;                   0000117P    393
126,1,1,1,0,1,0,-1.42235016685715D0,-1.42235016685715D0,         0000119P    394
-1.12735016685715D0,-1.12735016685715D0,1.0D0,1.0D0,             0000119P    395
1.222500000000001D0,0.2950000000000008D0,6.248218469383877D-15,  0000119P    396
1.222500000000001D0,1.109260518107663D-15,                       0000119P    397
-5.312186449694485D-30,-1.42235016685715D0,-1.12735016685715D0,  0000119P    398
0.0D0,0.0D0,1.0D0,0,1,101;                                       0000119P    399
126,1,1,1,0,1,0,-1.12735016685715D0,-1.12735016685715D0,         0000121P    400
-1.01235016685715D0,-1.01235016685715D0,1.0D0,1.0D0,             0000121P    401
1.222500000000001D0,1.109260518107663D-15,                       0000121P    402
-5.312186449694485D-30,1.222500000000001D0,                      0000121P    403
3.545006701087826D-15,-0.1150000000000001D0,-1.12735016685715D0, 0000121P    404
-1.01235016685715D0,1.0D0,0.0D0,0.0D0,0,1,101;                   0000121P    405
102,4,115,117,119,121,0,1,101;                                   0000123P    406
142,0,103,113,123,1,0,1,101;                                     0000125P    407
144,103,1,0,125,0,1,101;                                         0000127P    408
406,1,7HTrimSrf;                                                 0000129P    409
128,3,2,3,2,0,0,0,0,0,0.13D0,0.13D0,0.13D0,0.13D0,               0000131P    410
0.2499999999999999D0,0.2499999999999999D0,0.2499999999999999D0,  0000131P    411
0.2499999999999999D0,0.0D0,0.0D0,0.0D0,1.0D0,1.0D0,1.0D0,        0000131P    412
0.9999999999999998D0,0.9999999999999998D0,0.9999999999999999D0,  0000131P    413
1.0D0,0.7071067811865197D0,0.7071067811865206D0,                 0000131P    414
0.7071067811865193D0,0.7071067811865133D0,0.9999999999999998D0,  0000131P    415
0.9999999999999998D0,0.9999999999999999D0,1.0D0,                 0000131P    416
1.222500000000001D0,0.2949999999998296D0,6.248218469380252D-15,  0000131P    417
1.222500000000001D0,0.2949999999998303D0,-0.03999999999999374D0, 0000131P    418
1.222500000000001D0,0.2949999999998313D0,-0.07999999999999374D0, 0000131P    419
1.222500000000001D0,0.2949999999998323D0,-0.1199999999999937D0,  0000131P    420
1.222500000000001D0,0.2999999999998297D0,6.248629890268093D-15,  0000131P    421
1.222500000000001D0,0.2999999999998305D0,-0.03999999999999383D0, 0000131P    422
1.222500000000001D0,0.2999999999998313D0,-0.07999999999999398D0, 0000131P    423
1.222500000000001D0,0.2999999999998323D0,-0.1199999999999937D0,  0000131P    424
1.217500000000001D0,0.2999999999998296D0,6.336773242576143D-15,  0000131P    425
1.217500000000001D0,0.2999999999998303D0,-0.03999999999999367D0, 0000131P    426
1.217500000000001D0,0.2999999999998313D0,-0.07999999999999367D0, 0000131P    427
1.217500000000001D0,0.2999999999998322D0,-0.1199999999999936D0,  0000131P    428
0.13D0,0.2499999999999999D0,0.0D0,1.0D0,0,1,129;                 0000131P    429
126,3,3,1,0,1,0,-1.833026005522545D0,-1.833026005522545D0,       0000133P    430
-1.833026005522545D0,-1.833026005522545D0,-1.240900172148944D0,  0000133P    431
-1.240900172148944D0,-1.240900172148944D0,-1.240900172148944D0,  0000133P    432
1.0D0,1.0D0,1.0D0,1.0D0,0.2479605921659976D0,                    0000133P    433
0.4078815668004812D0,0.0D0,0.2469737281106651D0,                 0000133P    434
0.6052543778669874D0,0.0D0,0.2459868640553325D0,                 0000133P    435
0.8026271889334936D0,0.0D0,0.2449999999999999D0,1.0D0,0.0D0,     0000133P    436
-1.833026005522545D0,-1.240900172148944D0,0.0D0,0.0D0,1.0D0,0,1, 0000133P    437
129;                                                             0000133P    438
126,3,3,1,0,1,0,-1.240900172148944D0,-1.240900172148944D0,       0000135P    439
-1.240900172148944D0,-1.240900172148944D0,-1.125900172148944D0,  0000135P    440
-1.125900172148944D0,-1.125900172148944D0,-1.125900172148944D0,  0000135P    441
1.0D0,1.0D0,1.0D0,1.0D0,0.2449999999999999D0,1.0D0,0.0D0,        0000135P    442
0.2066666666666666D0,1.0D0,0.0D0,0.1683333333333333D0,1.0D0,     0000135P    443
0.0D0,0.13D0,1.0D0,0.0D0,-1.240900172148944D0,                   0000135P    444
-1.125900172148944D0,0.0D0,0.0D0,1.0D0,0,1,129;                  0000135P    445
126,3,3,1,0,1,0,-1.125900172148944D0,-1.125900172148944D0,       0000137P    446
-1.125900172148944D0,-1.125900172148944D0,-0.1259001721489442D0, 0000137P    447
-0.1259001721489442D0,-0.1259001721489442D0,                     0000137P    448
-0.1259001721489442D0,1.0D0,1.0D0,1.0D0,1.0D0,0.13D0,1.0D0,      0000137P    449
0.0D0,0.13D0,0.6666666666666666D0,0.0D0,0.13D0,                  0000137P    450
0.3333333333333333D0,0.0D0,0.13D0,0.0D0,0.0D0,                   0000137P    451
-1.125900172148944D0,-0.1259001721489442D0,0.0D0,0.0D0,1.0D0,0,  0000137P    452
1,129;                                                           0000137P    453
126,3,3,1,0,1,0,-0.1259001721489442D0,-0.1259001721489442D0,     0000139P    454
-0.1259001721489442D0,-0.1259001721489442D0,                     0000139P    455
-0.01090017214894439D0,-0.01090017214894439D0,                   0000139P    456
-0.01090017214894439D0,-0.01090017214894439D0,1.0D0,1.0D0,1.0D0, 0000139P    457
1.0D0,0.13D0,0.0D0,0.0D0,0.1683333333333333D0,0.0D0,0.0D0,       0000139P    458
0.2066666666666665D0,0.0D0,0.0D0,0.2449999999999998D0,0.0D0,     0000139P    459
0.0D0,-0.1259001721489442D0,-0.01090017214894439D0,0.0D0,0.0D0,  0000139P    460
1.0D0,0,1,129;                                                   0000139P    461
126,3,3,1,0,1,0,-0.01090017214894439D0,-0.01090017214894439D0,   0000141P    462
-0.01090017214894439D0,-0.01090017214894439D0,                   0000141P    463
-0.00647257486022697D0,-0.00647257486022697D0,                   0000141P    464
-0.00647257486022697D0,-0.00647257486022697D0,1.0D0,1.0D0,1.0D0, 0000141P    465
1.0D0,0.2449999999999998D0,0.0D0,0.0D0,0.2460909314072222D0,     0000141P    466
0.1542809991712558D0,0.0D0,0.2471189788859462D0,                 0000141P    467
0.2830490207381861D0,0.0D0,0.2479605921659976D0,                 0000141P    468
0.4078815668004812D0,0.0D0,-0.01090017214894439D0,               0000141P    469
-0.00647257486022697D0,0.0D0,0.0D0,1.0D0,0,1,129;                0000141P    470
102,5,133,135,137,139,141,0,1,129;                               0000143P    471
126,5,3,1,0,1,0,-1.833477059549585D0,-1.833477059549585D0,       0000145P    472
-1.833477059549585D0,-1.833477059549585D0,-1.740906422109882D0,  0000145P    473
-1.740906422109882D0,-1.240900172148944D0,-1.240900172148944D0,  0000145P    474
-1.240900172148944D0,-1.240900172148944D0,1.0D0,1.0D0,1.0D0,     0000145P    475
1.0D0,1.0D0,1.0D0,1.221527596690558D0,0.2979555395921841D0,      0000145P    476
-0.1179628474016359D0,1.221380307987857D0,0.298160166168867D0,   0000145P    477
-0.1178085649344218D0,1.221216287059649D0,0.2983547807520497D0,  0000145P    478
-0.1176542824672078D0,1.220059223176555D0,0.2995118446351431D0,  0000145P    479
-0.1166666666666603D0,1.218678511301978D0,0.2999999999998321D0,  0000145P    480
-0.115833333333327D0,1.217500000000001D0,0.299999999999832D0,    0000145P    481
-0.1149999999999936D0,-1.833477059549585D0,-1.240900172148944D0, 0000145P    482
0.0D0,1.0D0,0.0D0,0,1,129;                                       0000145P    483
126,3,3,1,0,1,0,-1.240900172148944D0,-1.240900172148944D0,       0000147P    484
-1.240900172148944D0,-1.240900172148944D0,-1.125900172148944D0,  0000147P    485
-1.125900172148944D0,-1.125900172148944D0,-1.125900172148944D0,  0000147P    486
1.0D0,1.0D0,1.0D0,1.0D0,1.217500000000001D0,0.299999999999832D0, 0000147P    487
-0.1149999999999936D0,1.217500000000001D0,0.2999999999998312D0,  0000147P    488
-0.07666666666666029D0,1.217500000000001D0,0.2999999999998303D0, 0000147P    489
-0.03833333333332699D0,1.217500000000001D0,0.2999999999998295D0, 0000147P    490
6.336773242576141D-15,-1.240900172148944D0,-1.125900172148944D0, 0000147P    491
1.0D0,0.0D0,0.0D0,0,1,129;                                       0000147P    492
126,2,2,1,0,0,0,-1.125900172148944D0,-1.125900172148944D0,       0000149P    493
-1.125900172148944D0,-0.1259001721489441D0,                      0000149P    494
-0.1259001721489441D0,-0.1259001721489441D0,1.0D0,               0000149P    495
0.7071067811865198D0,1.0D0,1.217500000000001D0,                  0000149P    496
0.2999999999998296D0,6.336773242576143D-15,1.2225D0,             0000149P    497
0.2999999999998297D0,6.248629890268093D-15,1.222500000000001D0,  0000149P    498
0.2949999999998296D0,6.248218469380252D-15,-1.125900172148944D0, 0000149P    499
-0.1259001721489441D0,0.0D0,0.0D0,1.0D0,0,1,129;                 0000149P    500
126,3,3,1,0,1,0,-0.1259001721489441D0,-0.1259001721489441D0,     0000151P    501
-0.1259001721489441D0,-0.1259001721489441D0,                     0000151P    502
-0.01090017214894439D0,-0.01090017214894439D0,                   0000151P    503
-0.01090017214894439D0,-0.01090017214894439D0,1.0D0,1.0D0,1.0D0, 0000151P    504
1.0D0,1.222500000000001D0,0.2949999999998296D0,                  0000151P    505
6.248218469380252D-15,1.2225D0,0.2949999999998303D0,             0000151P    506
-0.038333333333327D0,1.2225D0,0.2949999999998312D0,              0000151P    507
-0.07666666666666026D0,1.2225D0,0.2949999999998321D0,            0000151P    508
-0.1149999999999935D0,-0.1259001721489441D0,                     0000151P    509
-0.01090017214894439D0,1.0D0,0.0D0,0.0D0,0,1,129;                0000151P    510
126,3,3,1,0,1,0,-0.01090017214894439D0,-0.01090017214894439D0,   0000153P    511
-0.01090017214894439D0,-0.01090017214894439D0,                   0000153P    512
-0.00583576541985167D0,-0.00583576541985167D0,                   0000153P    513
-0.00583576541985167D0,-0.00583576541985167D0,1.0D0,1.0D0,1.0D0, 0000153P    514
1.0D0,1.222500000000001D0,0.2949999999998322D0,                  0000153P    515
-0.1149999999999936D0,1.222499999996732D0,0.2958413749317573D0,  0000153P    516
-0.1158413749239564D0,1.222203222597909D0,0.2969795272597632D0,  0000153P    517
-0.1169795272407263D0,1.221527596690558D0,0.2979555395921841D0,  0000153P    518
-0.1179628474016359D0,-0.01090017214894439D0,                    0000153P    519
-0.00583576541985167D0,0.0D0,0.7097391790376275D0,               0000153P    520
0.7044645468290045D0,0,1,129;                                    0000153P    521
102,5,145,147,149,151,153,0,1,129;                               0000155P    522
142,0,131,143,155,1,0,1,129;                                     0000157P    523
144,131,1,0,157,0,1,129;                                         0000159P    524
406,1,7HTrimSrf;                                                 0000161P    525
128,3,2,3,2,0,0,0,0,0,0.2999999999999987D0,0.2999999999999987D0, 0000163P    526
0.2999999999999987D0,0.2999999999999987D0,1.690445115010343D0,   0000163P    527
1.690445115010343D0,1.690445115010343D0,1.690445115010343D0,     0000163P    528
0.0D0,0.0D0,0.0D0,1.0D0,1.0D0,1.0D0,0.9999999999999998D0,1.0D0,  0000163P    529
1.0D0,1.000000000000021D0,0.7071067811865133D0,                  0000163P    530
0.7071067811865124D0,0.7071067811865164D0,0.7071067811865204D0,  0000163P    531
0.9999999999999998D0,1.0D0,1.0D0,1.000000000000021D0,            0000163P    532
1.222500000000001D0,2.684583857003327D-15,-0.115D0,1.2225D0,     0000163P    533
0.4634817050034505D0,-0.1149999999999901D0,1.2225D0,             0000163P    534
0.926963410006898D0,-0.1149999999999806D0,1.222499999999973D0,   0000163P    535
1.390445115010321D0,-0.1149999999999694D0,1.222500000000001D0,   0000163P    536
2.652475472477761D-15,-0.1200000000000001D0,1.222500000000002D0, 0000163P    537
0.4634817050034503D0,-0.1199999999999905D0,1.222499999999995D0,  0000163P    538
0.926963410006893D0,-0.11999999999998D0,1.222499999999987D0,     0000163P    539
1.390445115010379D0,-0.1199999999999695D0,1.217500000000001D0,   0000163P    540
2.62611917964174D-15,-0.1200000000000001D0,1.217499999999999D0,  0000163P    541
0.4634817050034497D0,-0.1199999999999902D0,1.217500000000004D0,  0000163P    542
0.9269634100068982D0,-0.1199999999999804D0,1.21749999999998D0,   0000163P    543
1.390445115010362D0,-0.119999999999967D0,0.2999999999999987D0,   0000163P    544
1.690445115010343D0,0.0D0,1.0D0,0,1,161;                         0000163P    545
126,3,3,1,0,1,0,-1.963112890877165D0,-1.963112890877165D0,       0000165P    546
-1.963112890877165D0,-1.963112890877165D0,-1.592213608607542D0,  0000165P    547
-1.592213608607542D0,-1.592213608607542D0,-1.592213608607542D0,  0000165P    548
1.0D0,1.0D0,1.0D0,1.0D0,0.5978440857769378D0,                    0000165P    549
0.4138505018605498D0,0.0D0,0.5977316688833394D0,                 0000165P    550
0.5381975360221191D0,0.0D0,0.5972978052168163D0,                 0000165P    551
0.6614092385846835D0,0.0D0,0.5965682355185059D0,                 0000165P    552
0.7846324348152425D0,0.0D0,-1.963112890877165D0,                 0000165P    553
-1.592213608607542D0,0.0D0,0.0D0,1.0D0,0,1,161;                  0000165P    554
126,6,3,1,0,1,0,-1.592213608607542D0,-1.592213608607542D0,       0000167P    555
-1.592213608607542D0,-1.592213608607542D0,-1.592209476295912D0,  0000167P    556
-1.592209476295912D0,-1.592209476295912D0,-1.590000000000009D0,  0000167P    557
-1.590000000000009D0,-1.590000000000009D0,-1.590000000000009D0,  0000167P    558
1.0D0,1.0D0,1.0D0,1.0D0,1.0D0,1.0D0,1.0D0,0.5965682355185059D0,  0000167P    559
0.7846324348152425D0,0.0D0,0.5965682273901285D0,                 0000167P    560
0.7846338076856448D0,0.0D0,0.5965682192617144D0,                 0000167P    561
0.7846351805560485D0,0.0D0,0.5965682111332636D0,                 0000167P    562
0.7846365534264537D0,0.0D0,0.596076734369769D0,                  0000167P    563
0.8518798648830506D0,0.0D0,0.595546404705019D0,                  0000167P    564
0.9227267055618067D0,0.0D0,0.5950000000000002D0,1.0D0,0.0D0,     0000167P    565
-1.592213608607542D0,-1.590000000000009D0,0.0D0,0.0D0,1.0D0,0,1, 0000167P    566
161;                                                             0000167P    567
126,3,3,1,0,1,0,-1.590000000000009D0,-1.590000000000009D0,       0000169P    568
-1.590000000000009D0,-1.590000000000009D0,-1.295000000000007D0,  0000169P    569
-1.295000000000007D0,-1.295000000000007D0,-1.295000000000007D0,  0000169P    570
1.0D0,1.0D0,1.0D0,1.0D0,0.5950000000000002D0,1.0D0,0.0D0,        0000169P    571
0.4966666666666663D0,1.0D0,0.0D0,0.3983333333333325D0,1.0D0,     0000169P    572
0.0D0,0.2999999999999987D0,1.0D0,0.0D0,-1.590000000000009D0,     0000169P    573
-1.295000000000007D0,0.0D0,0.0D0,1.0D0,0,1,161;                  0000169P    574
126,3,3,1,0,1,0,-1.295000000000007D0,-1.295000000000007D0,       0000171P    575
-1.295000000000007D0,-1.295000000000007D0,-0.2950000000000066D0, 0000171P    576
-0.2950000000000066D0,-0.2950000000000066D0,                     0000171P    577
-0.2950000000000066D0,1.0D0,1.0D0,1.0D0,1.0D0,                   0000171P    578
0.2999999999999987D0,1.0D0,0.0D0,0.2999999999999987D0,           0000171P    579
0.6666666666666666D0,0.0D0,0.2999999999999987D0,                 0000171P    580
0.3333333333333333D0,0.0D0,0.2999999999999987D0,0.0D0,0.0D0,     0000171P    581
-1.295000000000007D0,-0.2950000000000066D0,0.0D0,0.0D0,1.0D0,0,  0000171P    582
1,161;                                                           0000171P    583
126,3,3,1,0,1,0,-0.2950000000000066D0,-0.2950000000000066D0,     0000173P    584
-0.2950000000000066D0,-0.2950000000000066D0,                     0000173P    585
4.820721218504168D-17,4.820721218504168D-17,                     0000173P    586
4.820721218504168D-17,4.820721218504168D-17,1.0D0,1.0D0,1.0D0,   0000173P    587
1.0D0,0.2999999999999987D0,0.0D0,0.0D0,0.3983333333333343D0,     0000173P    588
0.0D0,0.0D0,0.4966666666666698D0,0.0D0,0.0D0,                    0000173P    589
0.5950000000000053D0,4.612778825167827D-15,0.0D0,                0000173P    590
-0.2950000000000066D0,4.820721218504168D-17,0.0D0,0.0D0,1.0D0,0, 0000173P    591
1,161;                                                           0000173P    592
126,3,3,1,0,1,0,4.820721218504168D-17,4.820721218504168D-17,     0000175P    593
4.820721218504168D-17,4.820721218504168D-17,                     0000175P    594
0.004385979451174225D0,0.004385979451174225D0,                   0000175P    595
0.004385979451174225D0,0.004385979451174225D0,1.0D0,1.0D0,1.0D0, 0000175P    596
1.0D0,0.5950000000000053D0,4.612778825167827D-15,0.0D0,          0000175P    597
0.5959891928178964D0,0.1398929898866585D0,0.0D0,                 0000175P    598
0.5969918651750421D0,0.2774655016871694D0,0.0D0,                 0000175P    599
0.5978440857769378D0,0.4138505018605498D0,0.0D0,                 0000175P    600
4.820721218504168D-17,0.004385979451174225D0,0.0D0,0.0D0,1.0D0,  0000175P    601
0,1,161;                                                         0000175P    602
102,6,165,167,169,171,173,175,0,1,161;                           0000177P    603
126,3,3,1,0,1,0,-1.96367551217985D0,-1.96367551217985D0,         0000179P    604
-1.96367551217985D0,-1.96367551217985D0,-1.592772097598598D0,    0000179P    605
-1.592772097598598D0,-1.592772097598598D0,-1.592772097598598D0,  0000179P    606
1.0D0,1.0D0,1.0D0,1.0D0,1.221533739794524D0,                     0000179P    607
0.2979410842040975D0,-0.1179410842040864D0,1.220909937771298D0,  0000179P    608
0.2977955163146624D0,-0.1187642330366383D0,1.220008469230794D0,  0000179P    609
0.297329301613127D0,-0.1193977698710147D0,1.219075147995596D0,   0000179P    610
0.2965734557831939D0,-0.119717761347843D0,-1.96367551217985D0,   0000179P    611
-1.592772097598598D0,-0.6293491532074691D0,0.777122669439672D0,  0000179P    612
0.0D0,0,1,161;                                                   0000179P    613
126,3,3,1,0,1,0,-1.592772097598598D0,-1.592772097598598D0,       0000181P    614
-1.592772097598598D0,-1.592772097598598D0,-1.590000000000008D0,  0000181P    615
-1.590000000000008D0,-1.590000000000008D0,-1.590000000000008D0,  0000181P    616
1.0D0,1.0D0,1.0D0,1.0D0,1.219075147995596D0,                     0000181P    617
0.2965734557831939D0,-0.119717761347843D0,1.218510588857348D0,   0000181P    618
0.2960105888527897D0,-0.1199109869235545D0,1.217960787891513D0,  0000181P    619
0.2954607878894734D0,-0.1199999999989427D0,1.217500000000001D0,  0000181P    620
0.2950000000000041D0,-0.1199999999999938D0,-1.592772097598598D0, 0000181P    621
-1.590000000000008D0,0.0D0,0.0D0,1.0D0,0,1,161;                  0000181P    622
126,3,3,1,0,1,0,-1.590000000000008D0,-1.590000000000008D0,       0000183P    623
-1.590000000000008D0,-1.590000000000008D0,-1.295000000000007D0,  0000183P    624
-1.295000000000007D0,-1.295000000000007D0,-1.295000000000007D0,  0000183P    625
1.0D0,1.0D0,1.0D0,1.0D0,1.217500000000001D0,                     0000183P    626
0.2950000000000041D0,-0.1199999999999938D0,1.217500000000001D0,  0000183P    627
0.19666666666667D0,-0.1199999999999959D0,1.217500000000001D0,    0000183P    628
0.09833333333333626D0,-0.1199999999999979D0,1.217500000000001D0, 0000183P    629
2.626119179641739D-15,-0.12D0,-1.590000000000008D0,              0000183P    630
-1.295000000000007D0,0.0D0,0.0D0,1.0D0,0,1,161;                  0000183P    631
126,2,2,1,0,0,0,-1.295000000000007D0,-1.295000000000007D0,       0000185P    632
-1.295000000000007D0,-0.2950000000000066D0,                      0000185P    633
-0.2950000000000066D0,-0.2950000000000066D0,1.0D0,               0000185P    634
0.7071067811865134D0,1.0D0,1.217500000000001D0,                  0000185P    635
2.62611917964174D-15,-0.1200000000000001D0,1.222500000000001D0,  0000185P    636
2.652475472477761D-15,-0.1200000000000001D0,1.222500000000001D0, 0000185P    637
2.684583857003327D-15,-0.115D0,-1.295000000000007D0,             0000185P    638
-0.2950000000000066D0,0.0D0,1.0D0,0.0D0,0,1,161;                 0000185P    639
126,3,3,1,0,1,0,-0.2950000000000066D0,-0.2950000000000066D0,     0000187P    640
-0.2950000000000066D0,-0.2950000000000066D0,-0.0D0,-0.0D0,       0000187P    641
-0.0D0,-0.0D0,1.0D0,1.0D0,1.0D0,1.0D0,1.222500000000001D0,       0000187P    642
2.684583857003327D-15,-0.115D0,1.222500000000001D0,              0000187P    643
0.09833333333333821D0,-0.1149999999999979D0,1.222500000000001D0, 0000187P    644
0.1966666666666737D0,-0.1149999999999958D0,1.222500000000001D0,  0000187P    645
0.2950000000000091D0,-0.1149999999999937D0,                      0000187P    646
-0.2950000000000066D0,-0.0D0,0.0D0,0.0D0,1.0D0,0,1,161;          0000187P    647
126,3,3,1,0,1,0,0.0D0,0.0D0,0.0D0,0.0D0,0.00503358974993506D0,   0000189P    648
0.00503358974993506D0,0.00503358974993506D0,                     0000189P    649
0.00503358974993506D0,1.0D0,1.0D0,1.0D0,1.0D0,                   0000189P    650
1.222500000000001D0,0.2950000000000091D0,-0.1149999999999937D0,  0000189P    651
1.222500000000001D0,0.295836701133401D0,-0.1158367011333871D0,   0000189P    652
1.222206510613995D0,0.2969668916527982D0,-0.1169668916527858D0,  0000189P    653
1.221533739794524D0,0.2979410842040975D0,-0.1179410842040864D0,  0000189P    654
0.0D0,0.00503358974993506D0,0.0D0,0.7071067811869908D0,          0000189P    655
0.7071067811861044D0,0,1,161;                                    0000189P    656
102,6,179,181,183,185,187,189,0,1,161;                           0000191P    657
142,0,163,177,191,1,0,1,161;                                     0000193P    658
144,163,1,0,193,0,1,161;                                         0000195P    659
406,1,7HTrimSrf;                                                 0000197P    660
128,1,1,1,1,0,0,1,0,0,0.0D0,0.0D0,2.445D0,2.445D0,0.0D0,0.0D0,   0000199P    661
0.25D0,0.25D0,1.0D0,1.0D0,1.0D0,1.0D0,1.222500000000001D0,       0000199P    662
0.300000000000004D0,-0.1199999999999936D0,-1.222499999999999D0,  0000199P    663
0.3000000000000017D0,-0.1199999999999936D0,1.222500000000001D0,  0000199P    664
0.2999999999999988D0,0.1300000000000064D0,-1.222499999999999D0,  0000199P    665
0.2999999999999964D0,0.1300000000000064D0,0.0D0,2.445D0,0.0D0,   0000199P    666
0.25D0,0,1,197;                                                  0000199P    667
126,3,3,1,0,1,0,-1.4425D0,-1.4425D0,-1.4425D0,-1.4425D0,         0000201P    668
-1.327500000000001D0,-1.327500000000001D0,-1.327500000000001D0,  0000201P    669
-1.327500000000001D0,1.0D0,1.0D0,1.0D0,1.0D0,1.2225D0,           0000201P    670
0.005000000000000004D0,0.0D0,1.2225D0,0.04333333333333319D0,     0000201P    671
0.0D0,1.2225D0,0.08166666666666636D0,0.0D0,1.2225D0,             0000201P    672
0.1199999999999996D0,0.0D0,-1.4425D0,-1.327500000000001D0,0.0D0, 0000201P    673
0.0D0,1.0D0,0,1,197;                                             0000201P    674
126,3,3,1,0,1,0,-1.327500000000001D0,-1.327500000000001D0,       0000203P    675
-1.327500000000001D0,-1.327500000000001D0,-0.1100000000000002D0, 0000203P    676
-0.1100000000000002D0,-0.1100000000000002D0,                     0000203P    677
-0.1100000000000002D0,1.0D0,1.0D0,1.0D0,1.0D0,1.2225D0,          0000203P    678
0.1199999999999996D0,0.0D0,0.8166666666666668D0,0.12D0,0.0D0,    0000203P    679
0.4108333333333334D0,0.12D0,0.0D0,0.004999999999999893D0,0.12D0, 0000203P    680
0.0D0,-1.327500000000001D0,-0.1100000000000002D0,0.0D0,0.0D0,    0000203P    681
1.0D0,0,1,197;                                                   0000203P    682
126,3,3,1,0,1,0,-0.1100000000000002D0,-0.1100000000000002D0,     0000205P    683
-0.1100000000000002D0,-0.1100000000000002D0,                     0000205P    684
0.004999999999999671D0,0.004999999999999671D0,                   0000205P    685
0.004999999999999671D0,0.004999999999999671D0,1.0D0,1.0D0,1.0D0, 0000205P    686
1.0D0,0.004999999999999893D0,0.12D0,0.0D0,                       0000205P    687
0.004999999999999893D0,0.08166666666666661D0,0.0D0,              0000205P    688
0.004999999999999893D0,0.04333333333333329D0,0.0D0,              0000205P    689
0.004999999999999893D0,0.005000000000000002D0,0.0D0,             0000205P    690
-0.1100000000000002D0,0.004999999999999671D0,0.0D0,0.0D0,1.0D0,  0000205P    691
0,1,197;                                                         0000205P    692
126,3,3,1,0,1,0,0.004999999999999671D0,0.004999999999999671D0,   0000207P    693
0.004999999999999671D0,0.004999999999999671D0,1.2225D0,1.2225D0, 0000207P    694
1.2225D0,1.2225D0,1.0D0,1.0D0,1.0D0,1.0D0,                       0000207P    695
0.004999999999999893D0,0.005000000000000002D0,0.0D0,             0000207P    696
0.4108333333333332D0,0.005000000000000004D0,0.0D0,               0000207P    697
0.8166666666666667D0,0.005000000000000004D0,0.0D0,1.2225D0,      0000207P    698
0.005000000000000004D0,0.0D0,0.004999999999999671D0,1.2225D0,    0000207P    699
0.0D0,0.0D0,1.0D0,0,1,197;                                       0000207P    700
102,4,201,203,205,207,0,1,197;                                   0000209P    701
126,1,1,1,0,1,0,-1.4425D0,-1.4425D0,-1.3275D0,-1.3275D0,1.0D0,   0000211P    702
1.0D0,3.796760025809334D-17,0.300000000000003D0,                 0000211P    703
-0.1149999999999937D0,4.265456588769006D-16,                     0000211P    704
0.3000000000000004D0,6.354120477339553D-15,-1.4425D0,-1.3275D0,  0000211P    705
1.0D0,0.0D0,0.0D0,0,1,197;                                       0000211P    706
126,1,1,1,0,1,0,-1.3275D0,-1.3275D0,-0.11D0,-0.11D0,1.0D0,1.0D0, 0000213P    707
4.265456588769006D-16,0.3000000000000004D0,                      0000213P    708
6.354120477339553D-15,1.217500000000001D0,0.3000000000000015D0,  0000213P    709
6.354120477339553D-15,-1.3275D0,-0.11D0,0.0D0,0.0D0,1.0D0,0,1,   0000213P    710
197;                                                             0000213P    711
126,3,3,1,0,1,0,-0.11D0,-0.11D0,-0.11D0,-0.11D0,                 0000215P    712
0.004999999999999895D0,0.004999999999999895D0,                   0000215P    713
0.004999999999999895D0,0.004999999999999895D0,1.0D0,1.0D0,1.0D0, 0000215P    714
1.0D0,1.217500000000001D0,0.3000000000000015D0,                  0000215P    715
6.354120477339553D-15,1.217500000000001D0,0.3000000000000025D0,  0000215P    716
-0.03833333333332697D0,1.217500000000001D0,0.3000000000000032D0, 0000215P    717
-0.0766666666666603D0,1.217500000000001D0,0.3000000000000042D0,  0000215P    718
-0.1149999999999936D0,-0.11D0,0.004999999999999895D0,1.0D0,      0000215P    719
0.0D0,0.0D0,0,1,197;                                             0000215P    720
126,3,3,1,0,1,0,0.004999999999999895D0,0.004999999999999895D0,   0000217P    721
0.004999999999999895D0,0.004999999999999895D0,                   0000217P    722
1.222500000000001D0,1.222500000000001D0,1.222500000000001D0,     0000217P    723
1.222500000000001D0,1.0D0,1.0D0,1.0D0,1.0D0,1.217500000000001D0, 0000217P    724
0.3000000000000042D0,-0.1149999999999936D0,0.8116666666666673D0, 0000217P    725
0.3000000000000038D0,-0.1149999999999937D0,0.4058333333333339D0, 0000217P    726
0.3000000000000034D0,-0.1149999999999937D0,                      0000217P    727
3.796760025809334D-17,0.300000000000003D0,-0.1149999999999937D0, 0000217P    728
0.004999999999999895D0,1.222500000000001D0,0.0D0,0.0D0,1.0D0,0,  0000217P    729
1,197;                                                           0000217P    730
102,4,211,213,215,217,0,1,197;                                   0000219P    731
142,0,199,209,219,1,0,1,197;                                     0000221P    732
144,199,1,0,221,0,1,197;                                         0000223P    733
406,1,7HTrimSrf;                                                 0000225P    734
128,1,1,1,1,0,0,1,0,0,0.0D0,0.0D0,0.6D0,0.6D0,0.0D0,0.0D0,       0000227P    735
2.445D0,2.445D0,1.0D0,1.0D0,1.0D0,1.0D0,1.222500000000001D0,     0000227P    736
0.300000000000004D0,-0.1199999999999936D0,1.222500000000001D0,   0000227P    737
-0.2999999999999958D0,-0.1200000000000064D0,                     0000227P    738
-1.222499999999999D0,0.3000000000000017D0,-0.1199999999999936D0, 0000227P    739
-1.222499999999999D0,-0.2999999999999982D0,                      0000227P    740
-0.1200000000000064D0,0.0D0,0.6D0,0.0D0,2.445D0,0,1,225;         0000227P    741
126,3,3,1,0,1,0,-2.403956202053144D0,-2.403956202053144D0,       0000229P    742
-2.403956202053144D0,-2.403956202053144D0,-1.186456202053144D0,  0000229P    743
-1.186456202053144D0,-1.186456202053144D0,-1.186456202053144D0,  0000229P    744
1.0D0,1.0D0,1.0D0,1.0D0,0.005000000000000005D0,1.2225D0,0.0D0,   0000229P    745
0.005000000000000004D0,0.8166666666666671D0,0.0D0,               0000229P    746
0.005000000000000004D0,0.4108333333333336D0,0.0D0,               0000229P    747
0.005000000000000004D0,0.004999999999999891D0,0.0D0,             0000229P    748
-2.403956202053144D0,-1.186456202053144D0,0.0D0,0.0D0,1.0D0,0,1, 0000229P    749
225;                                                             0000229P    750
126,3,3,1,0,1,0,-1.186456202053144D0,-1.186456202053144D0,       0000231P    751
-1.186456202053144D0,-1.186456202053144D0,-0.8914562020531434D0, 0000231P    752
-0.8914562020531434D0,-0.8914562020531434D0,                     0000231P    753
-0.8914562020531434D0,1.0D0,1.0D0,1.0D0,1.0D0,                   0000231P    754
0.005000000000000004D0,0.004999999999999891D0,0.0D0,             0000231P    755
0.1033333333333336D0,0.004999999999999893D0,0.0D0,               0000231P    756
0.201666666666667D0,0.004999999999999893D0,0.0D0,                0000231P    757
0.3000000000000005D0,0.004999999999999894D0,0.0D0,               0000231P    758
-1.186456202053144D0,-0.8914562020531434D0,0.0D0,0.0D0,1.0D0,0,  0000231P    759
1,225;                                                           0000231P    760
126,3,3,1,0,1,0,-0.8914562020531434D0,-0.8914562020531434D0,     0000233P    761
-0.8914562020531434D0,-0.8914562020531434D0,                     0000233P    762
0.3260437979468574D0,0.3260437979468574D0,0.3260437979468574D0,  0000233P    763
0.3260437979468574D0,1.0D0,1.0D0,1.0D0,1.0D0,                    0000233P    764
0.3000000000000005D0,0.004999999999999894D0,0.0D0,               0000233P    765
0.3000000000000004D0,0.4108333333333333D0,0.0D0,                 0000233P    766
0.3000000000000003D0,0.8166666666666668D0,0.0D0,0.3D0,1.2225D0,  0000233P    767
0.0D0,-0.8914562020531434D0,0.3260437979468574D0,0.0D0,0.0D0,    0000233P    768
1.0D0,0,1,225;                                                   0000233P    769
126,3,3,1,0,1,0,0.3260437979468574D0,0.3260437979468574D0,       0000235P    770
0.3260437979468574D0,0.3260437979468574D0,0.6210437979468572D0,  0000235P    771
0.6210437979468572D0,0.6210437979468572D0,0.6210437979468572D0,  0000235P    772
1.0D0,1.0D0,1.0D0,1.0D0,0.3D0,1.2225D0,0.0D0,                    0000235P    773
0.2016666666666666D0,1.2225D0,0.0D0,0.1033333333333333D0,        0000235P    774
1.2225D0,0.0D0,0.005000000000000005D0,1.2225D0,0.0D0,            0000235P    775
0.3260437979468574D0,0.6210437979468572D0,0.0D0,0.0D0,1.0D0,0,1, 0000235P    776
225;                                                             0000235P    777
102,4,229,231,233,235,0,1,225;                                   0000237P    778
126,3,3,1,0,1,0,-2.403956202053144D0,-2.403956202053144D0,       0000239P    779
-2.403956202053144D0,-2.403956202053144D0,-1.186456202053143D0,  0000239P    780
-1.186456202053143D0,-1.186456202053143D0,-1.186456202053143D0,  0000239P    781
1.0D0,1.0D0,1.0D0,1.0D0,1.815176038636191D-16,                   0000239P    782
0.295000000000003D0,-0.1199999999999938D0,0.4058333333333337D0,  0000239P    783
0.2950000000000035D0,-0.1199999999999938D0,0.8116666666666671D0, 0000239P    784
0.295000000000004D0,-0.1199999999999938D0,1.217500000000001D0,   0000239P    785
0.2950000000000044D0,-0.1199999999999938D0,-2.403956202053144D0, 0000239P    786
-1.186456202053143D0,0.0D0,0.0D0,1.0D0,0,1,225;                  0000239P    787
126,3,3,1,0,1,0,-1.186456202053143D0,-1.186456202053143D0,       0000241P    788
-1.186456202053143D0,-1.186456202053143D0,-0.8914562020531429D0, 0000241P    789
-0.8914562020531429D0,-0.8914562020531429D0,                     0000241P    790
-0.8914562020531429D0,1.0D0,1.0D0,1.0D0,1.0D0,                   0000241P    791
1.217500000000001D0,0.2950000000000044D0,-0.1199999999999938D0,  0000241P    792
1.217500000000001D0,0.1966666666666705D0,-0.1199999999999959D0,  0000241P    793
1.217500000000001D0,0.09833333333333701D0,-0.1199999999999979D0, 0000241P    794
1.217500000000001D0,3.647121260256346D-15,-0.12D0,               0000241P    795
-1.186456202053143D0,-0.8914562020531429D0,0.0D0,0.0D0,1.0D0,0,  0000241P    796
1,225;                                                           0000241P    797
126,1,1,1,0,1,0,-0.8914562020531429D0,-0.8914562020531429D0,     0000243P    798
0.3260437979468572D0,0.3260437979468572D0,1.0D0,1.0D0,           0000243P    799
1.217500000000001D0,3.647121260256346D-15,-0.12D0,               0000243P    800
7.128731905197683D-16,2.724877480588456D-15,-0.12D0,             0000243P    801
-0.8914562020531429D0,0.3260437979468572D0,0.0D0,0.0D0,1.0D0,0,  0000243P    802
1,225;                                                           0000243P    803
126,1,1,1,0,1,0,0.3260437979468572D0,0.3260437979468572D0,       0000245P    804
0.6210437979468574D0,0.6210437979468574D0,1.0D0,1.0D0,           0000245P    805
7.128731905197683D-16,2.724877480588456D-15,-0.12D0,             0000245P    806
1.815176038636191D-16,0.295000000000003D0,-0.1199999999999938D0, 0000245P    807
0.3260437979468572D0,0.6210437979468574D0,0.0D0,0.0D0,1.0D0,0,1, 0000245P    808
225;                                                             0000245P    809
102,4,239,241,243,245,0,1,225;                                   0000247P    810
142,0,227,237,247,1,0,1,225;                                     0000249P    811
144,227,1,0,249,0,1,225;                                         0000251P    812
406,1,7HTrimSrf;                                                 0000253P    813
128,1,1,1,1,0,0,1,0,0,0.0D0,0.0D0,2.445D0,2.445D0,0.0D0,0.0D0,   0000255P    814
0.6D0,0.6D0,1.0D0,1.0D0,1.0D0,1.0D0,1.222500000000001D0,         0000255P    815
-0.2999999999999988D0,-0.12D0,-1.222499999999999D0,              0000255P    816
-0.3000000000000012D0,-0.12D0,1.222500000000001D0,               0000255P    817
0.3000000000000012D0,-0.12D0,-1.222499999999999D0,               0000255P    818
0.2999999999999988D0,-0.12D0,0.0D0,2.445D0,0.0D0,0.6D0,0,1,253;  0000255P    819
126,3,3,1,0,1,0,-1.802500000000001D0,-1.802500000000001D0,       0000257P    820
-1.802500000000001D0,-1.802500000000001D0,-1.507500000000001D0,  0000257P    821
-1.507500000000001D0,-1.507500000000001D0,-1.507500000000001D0,  0000257P    822
1.0D0,1.0D0,1.0D0,1.0D0,1.2225D0,0.005000000000000006D0,0.0D0,   0000257P    823
1.2225D0,0.1033333333333333D0,0.0D0,1.2225D0,                    0000257P    824
0.2016666666666666D0,0.0D0,1.2225D0,0.3D0,0.0D0,                 0000257P    825
-1.802500000000001D0,-1.507500000000001D0,0.0D0,0.0D0,1.0D0,0,1, 0000257P    826
253;                                                             0000257P    827
126,3,3,1,0,1,0,-1.507500000000001D0,-1.507500000000001D0,       0000259P    828
-1.507500000000001D0,-1.507500000000001D0,-0.29D0,-0.29D0,       0000259P    829
-0.29D0,-0.29D0,1.0D0,1.0D0,1.0D0,1.0D0,1.2225D0,0.3D0,0.0D0,    0000259P    830
0.8166666666666668D0,0.3000000000000003D0,0.0D0,                 0000259P    831
0.4108333333333333D0,0.3000000000000004D0,0.0D0,                 0000259P    832
0.004999999999999894D0,0.3000000000000005D0,0.0D0,               0000259P    833
-1.507500000000001D0,-0.29D0,0.0D0,0.0D0,1.0D0,0,1,253;          0000259P    834
126,3,3,1,0,1,0,-0.29D0,-0.29D0,-0.29D0,-0.29D0,                 0000261P    835
0.005000000000000115D0,0.005000000000000115D0,                   0000261P    836
0.005000000000000115D0,0.005000000000000115D0,1.0D0,1.0D0,1.0D0, 0000261P    837
1.0D0,0.004999999999999894D0,0.3000000000000005D0,0.0D0,         0000261P    838
0.004999999999999893D0,0.201666666666667D0,0.0D0,                0000261P    839
0.004999999999999893D0,0.1033333333333336D0,0.0D0,               0000261P    840
0.004999999999999891D0,0.005000000000000004D0,0.0D0,-0.29D0,     0000261P    841
0.005000000000000115D0,0.0D0,0.0D0,1.0D0,0,1,253;                0000261P    842
126,3,3,1,0,1,0,0.005000000000000115D0,0.005000000000000115D0,   0000263P    843
0.005000000000000115D0,0.005000000000000115D0,                   0000263P    844
1.222500000000001D0,1.222500000000001D0,1.222500000000001D0,     0000263P    845
1.222500000000001D0,1.0D0,1.0D0,1.0D0,1.0D0,                     0000263P    846
0.004999999999999891D0,0.005000000000000004D0,0.0D0,             0000263P    847
0.4108333333333338D0,0.005000000000000004D0,0.0D0,               0000263P    848
0.8166666666666675D0,0.005000000000000004D0,0.0D0,1.2225D0,      0000263P    849
0.005000000000000006D0,0.0D0,0.005000000000000115D0,             0000263P    850
1.222500000000001D0,0.0D0,0.0D0,1.0D0,0,1,253;                   0000263P    851
102,4,257,259,261,263,0,1,253;                                   0000265P    852
126,1,1,1,0,1,0,-1.8025D0,-1.8025D0,-1.5075D0,-1.5075D0,1.0D0,   0000267P    853
1.0D0,-1.43550003605526D-16,-0.295D0,-0.12D0,                    0000267P    854
7.128731905197707D-16,2.033357468603947D-16,-0.12D0,-1.8025D0,   0000267P    855
-1.5075D0,0.0D0,0.0D0,1.0D0,0,1,253;                             0000267P    856
126,1,1,1,0,1,0,-1.5075D0,-1.5075D0,-0.2899999999999998D0,       0000269P    857
-0.2899999999999998D0,1.0D0,1.0D0,7.128731905197707D-16,         0000269P    858
2.033357468603947D-16,-0.12D0,1.217500000000001D0,               0000269P    859
1.605117099027133D-15,-0.12D0,-1.5075D0,-0.2899999999999998D0,   0000269P    860
0.0D0,0.0D0,1.0D0,0,1,253;                                       0000269P    861
126,3,3,1,0,1,0,-0.2899999999999998D0,-0.2899999999999998D0,     0000271P    862
-0.2899999999999998D0,-0.2899999999999998D0,                     0000271P    863
0.005000000000000397D0,0.005000000000000397D0,                   0000271P    864
0.005000000000000397D0,0.005000000000000397D0,1.0D0,1.0D0,1.0D0, 0000271P    865
1.0D0,1.217500000000001D0,1.605117099027133D-15,-0.12D0,         0000271P    866
1.217500000000001D0,-0.09833333333333175D0,-0.12D0,              0000271P    867
1.217500000000001D0,-0.1966666666666652D0,-0.12D0,               0000271P    868
1.217500000000001D0,-0.2949999999999992D0,-0.12D0,               0000271P    869
-0.2899999999999998D0,0.005000000000000397D0,0.0D0,0.0D0,1.0D0,  0000271P    870
0,1,253;                                                         0000271P    871
126,3,3,1,0,1,0,0.005000000000000397D0,0.005000000000000397D0,   0000273P    872
0.005000000000000397D0,0.005000000000000397D0,                   0000273P    873
1.222500000000001D0,1.222500000000001D0,1.222500000000001D0,     0000273P    874
1.222500000000001D0,1.0D0,1.0D0,1.0D0,1.0D0,1.217500000000001D0, 0000273P    875
-0.2949999999999992D0,-0.12D0,0.8116666666666674D0,              0000273P    876
-0.2949999999999995D0,-0.1200000000000001D0,                     0000273P    877
0.4058333333333336D0,-0.2949999999999997D0,-0.12D0,              0000273P    878
-1.43550003605526D-16,-0.295D0,-0.12D0,0.005000000000000397D0,   0000273P    879
1.222500000000001D0,0.0D0,0.0D0,1.0D0,0,1,253;                   0000273P    880
102,4,267,269,271,273,0,1,253;                                   0000275P    881
142,0,255,265,275,1,0,1,253;                                     0000277P    882
144,255,1,0,277,0,1,253;                                         0000279P    883
406,1,7HTrimSrf;                                                 0000281P    884
128,1,1,1,1,0,0,1,0,0,0.0D0,0.0D0,0.25D0,0.25D0,0.0D0,0.0D0,     0000283P    885
2.445D0,2.445D0,1.0D0,1.0D0,1.0D0,1.0D0,1.222500000000001D0,     0000283P    886
-0.2999999999999988D0,-0.12D0,1.222500000000001D0,               0000283P    887
-0.2999999999999988D0,0.13D0,-1.222499999999999D0,               0000283P    888
-0.3000000000000012D0,-0.12D0,-1.222499999999999D0,              0000283P    889
-0.3000000000000012D0,0.13D0,0.0D0,0.25D0,0.0D0,2.445D0,0,1,281; 0000283P    890
126,3,3,1,0,1,0,-2.697536804852156D0,-2.697536804852156D0,       0000285P    891
-2.697536804852156D0,-2.697536804852156D0,-1.480036804852156D0,  0000285P    892
-1.480036804852156D0,-1.480036804852156D0,-1.480036804852156D0,  0000285P    893
1.0D0,1.0D0,1.0D0,1.0D0,0.005000000000000004D0,1.2225D0,0.0D0,   0000285P    894
0.005000000000000004D0,0.8166666666666667D0,0.0D0,               0000285P    895
0.005000000000000004D0,0.4108333333333332D0,0.0D0,               0000285P    896
0.005000000000000002D0,0.004999999999999893D0,0.0D0,             0000285P    897
-2.697536804852156D0,-1.480036804852156D0,0.0D0,0.0D0,1.0D0,0,1, 0000285P    898
281;                                                             0000285P    899
126,3,3,1,0,1,0,-1.480036804852156D0,-1.480036804852156D0,       0000287P    900
-1.480036804852156D0,-1.480036804852156D0,-1.365036804852156D0,  0000287P    901
-1.365036804852156D0,-1.365036804852156D0,-1.365036804852156D0,  0000287P    902
1.0D0,1.0D0,1.0D0,1.0D0,0.005000000000000002D0,                  0000287P    903
0.004999999999999893D0,0.0D0,0.04333333333333329D0,              0000287P    904
0.004999999999999893D0,0.0D0,0.08166666666666661D0,              0000287P    905
0.004999999999999893D0,0.0D0,0.12D0,0.004999999999999893D0,      0000287P    906
0.0D0,-1.480036804852156D0,-1.365036804852156D0,0.0D0,0.0D0,     0000287P    907
1.0D0,0,1,281;                                                   0000287P    908
126,3,3,1,0,1,0,-1.365036804852156D0,-1.365036804852156D0,       0000289P    909
-1.365036804852156D0,-1.365036804852156D0,-0.147536804852156D0,  0000289P    910
-0.147536804852156D0,-0.147536804852156D0,-0.147536804852156D0,  0000289P    911
1.0D0,1.0D0,1.0D0,1.0D0,0.12D0,0.004999999999999893D0,0.0D0,     0000289P    912
0.12D0,0.4108333333333332D0,0.0D0,0.12D0,0.8166666666666665D0,   0000289P    913
0.0D0,0.12D0,1.2225D0,0.0D0,-1.365036804852156D0,                0000289P    914
-0.147536804852156D0,0.0D0,0.0D0,1.0D0,0,1,281;                  0000289P    915
126,3,3,1,0,1,0,-0.147536804852156D0,-0.147536804852156D0,       0000291P    916
-0.147536804852156D0,-0.147536804852156D0,                       0000291P    917
-0.03253680485215601D0,-0.03253680485215601D0,                   0000291P    918
-0.03253680485215601D0,-0.03253680485215601D0,1.0D0,1.0D0,1.0D0, 0000291P    919
1.0D0,0.12D0,1.2225D0,0.0D0,0.08166666666666667D0,1.2225D0,      0000291P    920
0.0D0,0.04333333333333333D0,1.2225D0,0.0D0,                      0000291P    921
0.005000000000000004D0,1.2225D0,0.0D0,-0.147536804852156D0,      0000291P    922
-0.03253680485215601D0,0.0D0,0.0D0,1.0D0,0,1,281;                0000291P    923
102,4,285,287,289,291,0,1,281;                                   0000293P    924
126,3,3,1,0,1,0,-2.697536804852157D0,-2.697536804852157D0,       0000295P    925
-2.697536804852157D0,-2.697536804852157D0,-1.480036804852156D0,  0000295P    926
-1.480036804852156D0,-1.480036804852156D0,-1.480036804852156D0,  0000295P    927
1.0D0,1.0D0,1.0D0,1.0D0,6.106226635438362D-16,                   0000295P    928
-0.3000000000000002D0,-0.115D0,0.4058333333333344D0,             0000295P    929
-0.2999999999999998D0,-0.115D0,0.811666666666668D0,              0000295P    930
-0.2999999999999994D0,-0.115D0,1.217500000000001D0,              0000295P    931
-0.299999999999999D0,-0.115D0,-2.697536804852157D0,              0000295P    932
-1.480036804852156D0,0.0D0,0.0D0,1.0D0,0,1,281;                  0000295P    933
126,3,3,1,0,1,0,-1.480036804852156D0,-1.480036804852156D0,       0000297P    934
-1.480036804852156D0,-1.480036804852156D0,-1.365036804852156D0,  0000297P    935
-1.365036804852156D0,-1.365036804852156D0,-1.365036804852156D0,  0000297P    936
1.0D0,1.0D0,1.0D0,1.0D0,1.217500000000001D0,                     0000297P    937
-0.299999999999999D0,-0.115D0,1.217500000000001D0,               0000297P    938
-0.2999999999999988D0,-0.07666666666666666D0,                    0000297P    939
1.217500000000001D0,-0.2999999999999988D0,                       0000297P    940
-0.03833333333333333D0,1.217500000000001D0,                      0000297P    941
-0.2999999999999988D0,0.0D0,-1.480036804852156D0,                0000297P    942
-1.365036804852156D0,1.0D0,0.0D0,0.0D0,0,1,281;                  0000297P    943
126,1,1,1,0,1,0,-1.365036804852156D0,-1.365036804852156D0,       0000299P    944
-0.147536804852156D0,-0.147536804852156D0,1.0D0,1.0D0,           0000299P    945
1.217500000000001D0,-0.2999999999999988D0,0.0D0,                 0000299P    946
9.992007221626409D-16,-0.3D0,0.0D0,-1.365036804852156D0,         0000299P    947
-0.147536804852156D0,0.0D0,0.0D0,1.0D0,0,1,281;                  0000299P    948
126,1,1,1,0,1,0,-0.147536804852156D0,-0.147536804852156D0,       0000301P    949
-0.03253680485215601D0,-0.03253680485215601D0,1.0D0,1.0D0,       0000301P    950
9.992007221626409D-16,-0.3D0,0.0D0,6.106226635438362D-16,        0000301P    951
-0.3000000000000002D0,-0.115D0,-0.147536804852156D0,             0000301P    952
-0.03253680485215601D0,1.0D0,0.0D0,0.0D0,0,1,281;                0000301P    953
102,4,295,297,299,301,0,1,281;                                   0000303P    954
142,0,283,293,303,1,0,1,281;                                     0000305P    955
144,283,1,0,305,0,1,281;                                         0000307P    956
406,1,7HTrimSrf;                                                 0000309P    957
128,2,3,2,3,0,0,0,0,0,0.0D0,0.0D0,0.0D0,1.0D0,1.0D0,1.0D0,0.0D0, 0000311P    958
0.0D0,0.0D0,0.0D0,2.2645D0,2.2645D0,2.2645D0,2.2645D0,1.0D0,     0000311P    959
0.7071067811865511D0,1.0D0,1.0D0,0.7071067811865475D0,1.0D0,     0000311P    960
0.9999999999999998D0,0.7071067811865522D0,0.9999999999999998D0,  0000311P    961
1.0D0,0.7071067811865513D0,1.0D0,1.222500000000001D0,            0000311P    962
-0.2999999999999988D0,-0.115D0,1.222500000000001D0,              0000311P    963
-0.2999999999999988D0,-0.12D0,1.222500000000001D0,               0000311P    964
-0.2949999999999988D0,-0.12D0,0.4676666666666679D0,              0000311P    965
-0.2999999999999998D0,-0.115D0,0.4676666666666677D0,             0000311P    966
-0.2999999999999995D0,-0.12D0,0.4676666666666681D0,              0000311P    967
-0.2949999999999995D0,-0.12D0,-0.2871666666666653D0,             0000311P    968
-0.3000000000000004D0,-0.115D0,-0.2871666666666641D0,            0000311P    969
-0.3000000000000002D0,-0.1199999999999999D0,                     0000311P    970
-0.2871666666666655D0,-0.2950000000000002D0,                     0000311P    971
-0.1199999999999999D0,-1.041999999999999D0,-0.300000000000001D0, 0000311P    972
-0.115D0,-1.041999999999998D0,-0.3000000000000009D0,-0.12D0,     0000311P    973
-1.041999999999999D0,-0.295000000000001D0,-0.12D0,0.0D0,1.0D0,   0000311P    974
0.0D0,2.2645D0,0,1,309;                                          0000311P    975
126,3,3,1,0,1,0,-4.026790687762256D0,-4.026790687762256D0,       0000313P    976
-4.026790687762256D0,-4.026790687762256D0,-2.809290687762256D0,  0000313P    977
-2.809290687762256D0,-2.809290687762256D0,-2.809290687762256D0,  0000313P    978
1.0D0,1.0D0,1.0D0,1.0D0,0.0D0,1.2225D0,0.0D0,0.0D0,              0000313P    979
0.8166666666666664D0,0.0D0,0.0D0,0.4108333333333331D0,0.0D0,     0000313P    980
0.0D0,0.00499999999999973D0,0.0D0,-4.026790687762256D0,          0000313P    981
-2.809290687762256D0,0.0D0,0.0D0,1.0D0,0,1,309;                  0000313P    982
126,6,3,1,0,1,0,-2.809290687762256D0,-2.809290687762256D0,       0000315P    983
-2.809290687762256D0,-2.809290687762256D0,-2.309284437801318D0,  0000315P    984
-2.309284437801318D0,-2.309284437801318D0,-2.223629120146762D0,  0000315P    985
-2.223629120146762D0,-2.223629120146762D0,-2.223629120146762D0,  0000315P    986
1.0D0,1.0D0,1.0D0,1.0D0,1.0D0,1.0D0,1.0D0,0.0D0,                 0000315P    987
0.00499999999999973D0,0.0D0,0.132398010613402D0,                 0000315P    988
0.003676019893865871D0,0.0D0,0.2647938226637953D0,               0000315P    989
0.00220455569899256D0,0.0D0,0.397197676620211D0,                 0000315P    990
0.001464466094067383D0,0.0D0,0.4316193036169613D0,               0000315P    991
0.00127206166199328D0,0.0D0,0.4660409100652728D0,                0000315P    992
0.001102601156071357D0,0.0D0,0.5004625146997148D0,               0000315P    993
0.0009538700131871232D0,0.0D0,-2.809290687762256D0,              0000315P    994
-2.223629120146762D0,0.0D0,0.0D0,1.0D0,0,1,309;                  0000315P    995
126,6,3,1,0,1,0,-2.223629120146762D0,-2.223629120146762D0,       0000317P    996
-2.223629120146762D0,-2.223629120146762D0,-2.223394671003037D0,  0000317P    997
-2.223394671003037D0,-2.223394671003037D0,-2.217499999999995D0,  0000317P    998
-2.217499999999995D0,-2.217499999999995D0,-2.217499999999995D0,  0000317P    999
1.0D0,1.0D0,1.0D0,1.0D0,1.0D0,1.0D0,1.0D0,0.5004625146997148D0,  0000317P   1000
0.0009538700131871232D0,0.0D0,0.5005567308669435D0,              0000317P   1001
0.0009534629177486933D0,0.0D0,0.5006509470341587D0,              0000317P   1002
0.0009530559776113879D0,0.0D0,0.5007451632013606D0,              0000317P   1003
0.0009526491927297944D0,0.0D0,0.6637401969781045D0,              0000317P   1004
0.002578232495464905D0,0.0D0,0.8301599941103717D0,               0000317P   1005
0.003799049801186358D0,0.0D0,1.0D0,0.005000000000004335D0,0.0D0, 0000317P   1006
-2.223629120146762D0,-2.217499999999995D0,0.0D0,0.0D0,1.0D0,0,1, 0000317P   1007
309;                                                             0000317P   1008
126,3,3,1,0,1,0,-2.217499999999995D0,-2.217499999999995D0,       0000319P   1009
-2.217499999999995D0,-2.217499999999995D0,-1.0D0,-1.0D0,-1.0D0,  0000319P   1010
-1.0D0,1.0D0,1.0D0,1.0D0,1.0D0,1.0D0,0.005000000000004335D0,     0000319P   1011
0.0D0,1.0D0,0.4108333333333362D0,0.0D0,1.0D0,                    0000319P   1012
0.8166666666666681D0,0.0D0,1.0D0,1.2225D0,0.0D0,                 0000319P   1013
-2.217499999999995D0,-1.0D0,0.0D0,0.0D0,1.0D0,0,1,309;           0000319P   1014
126,3,3,1,0,1,0,-1.0D0,-1.0D0,-1.0D0,-1.0D0,-0.0D0,-0.0D0,       0000321P   1015
-0.0D0,-0.0D0,1.0D0,1.0D0,1.0D0,1.0D0,1.0D0,1.2225D0,0.0D0,      0000321P   1016
0.6666666666666666D0,1.2225D0,0.0D0,0.3333333333333333D0,        0000321P   1017
1.2225D0,0.0D0,0.0D0,1.2225D0,0.0D0,-1.0D0,-0.0D0,0.0D0,0.0D0,   0000321P   1018
1.0D0,0,1,309;                                                   0000321P   1019
102,5,313,315,317,319,321,0,1,309;                               0000323P   1020
126,3,3,1,0,1,0,-4.034278242726064D0,-4.034278242726064D0,       0000325P   1021
-4.034278242726064D0,-4.034278242726064D0,-2.816778242726063D0,  0000325P   1022
-2.816778242726063D0,-2.816778242726063D0,-2.816778242726063D0,  0000325P   1023
1.0D0,1.0D0,1.0D0,1.0D0,1.082467449009528D-15,                   0000325P   1024
-0.3000000000000001D0,-0.115D0,0.4058333333333345D0,             0000325P   1025
-0.2999999999999997D0,-0.115D0,0.811666666666668D0,              0000325P   1026
-0.2999999999999993D0,-0.115D0,1.217500000000001D0,              0000325P   1027
-0.2999999999999988D0,-0.1149999999999999D0,                     0000325P   1028
-4.034278242726064D0,-2.816778242726063D0,0.0D0,0.0D0,1.0D0,0,1, 0000325P   1029
309;                                                             0000325P   1030
126,5,3,1,0,1,0,-2.816778242726063D0,-2.816778242726063D0,       0000327P   1031
-2.816778242726063D0,-2.816778242726063D0,-2.316771992765125D0,  0000327P   1032
-2.316771992765125D0,-2.224201352854663D0,-2.224201352854663D0,  0000327P   1033
-2.224201352854663D0,-2.224201352854663D0,1.0D0,1.0D0,1.0D0,     0000327P   1034
1.0D0,1.0D0,1.0D0,1.217500000000001D0,-0.2999999999999988D0,     0000327P   1035
-0.1149999999999999D0,1.218678511301979D0,-0.2999999999999988D0, 0000327P   1036
-0.1158333333333333D0,1.220059223176556D0,-0.2995118446353097D0, 0000327P   1037
-0.1166666666666666D0,1.221216287064473D0,-0.2983547807473919D0, 0000327P   1038
-0.1176542824713319D0,1.221380307996612D0,-0.2981601661586449D0, 0000327P   1039
-0.1178085649426639D0,1.221527596702351D0,-0.2979555395759659D0, 0000327P   1040
-0.1179628474139958D0,-2.816778242726063D0,-2.224201352854663D0, 0000327P   1041
0.0D0,-0.6020272530606965D0,-0.7984755391195099D0,0,1,309;       0000327P   1042
126,3,3,1,0,1,0,-2.224201352854663D0,-2.224201352854663D0,       0000329P   1043
-2.224201352854663D0,-2.224201352854663D0,-2.217499999999996D0,  0000329P   1044
-2.217499999999996D0,-2.217499999999996D0,-2.217499999999996D0,  0000329P   1045
1.0D0,1.0D0,1.0D0,1.0D0,1.221527596702351D0,                     0000329P   1046
-0.2979555395759659D0,-0.1179628474139958D0,1.220120036886498D0, 0000329P   1047
-0.2976200368870064D0,-0.1195200053599275D0,1.218570021123348D0, 0000329P   1048
-0.2960700211235457D0,-0.1199999999999134D0,1.217499999999997D0, 0000329P   1049
-0.2949999999999988D0,-0.12D0,-2.224201352854663D0,              0000329P   1050
-2.217499999999996D0,-0.6700398080024625D0,                      0000329P   1051
-0.5866143597118629D0,0.4548958657449682D0,0,1,309;              0000329P   1052
126,3,3,1,0,1,0,-2.217499999999996D0,-2.217499999999996D0,       0000331P   1053
-2.217499999999996D0,-2.217499999999996D0,-1.0D0,-1.0D0,-1.0D0,  0000331P   1054
-1.0D0,1.0D0,1.0D0,1.0D0,1.0D0,1.217499999999997D0,              0000331P   1055
-0.2949999999999987D0,-0.12D0,0.8116666666666652D0,              0000331P   1056
-0.2949999999999992D0,-0.12D0,0.4058333333333334D0,              0000331P   1057
-0.2949999999999996D0,-0.12D0,1.299739928407178D-15,-0.295D0,    0000331P   1058
-0.12D0,-2.217499999999996D0,-1.0D0,0.0D0,0.0D0,1.0D0,0,1,309;   0000331P   1059
126,2,2,1,0,0,0,-1.0D0,-1.0D0,-1.0D0,-0.0D0,-0.0D0,-0.0D0,1.0D0, 0000333P   1060
0.7071067811866123D0,1.0D0,1.299739928407178D-15,-0.295D0,       0000333P   1061
-0.12D0,1.207367539279858D-15,-0.2999999999999997D0,             0000333P   1062
-0.1199999999999996D0,1.082467449009528D-15,                     0000333P   1063
-0.3000000000000002D0,-0.115D0,-1.0D0,-0.0D0,1.0D0,0.0D0,0.0D0,  0000333P   1064
0,1,309;                                                         0000333P   1065
102,5,325,327,329,331,333,0,1,309;                               0000335P   1066
142,0,311,323,335,1,0,1,309;                                     0000337P   1067
144,311,1,0,337,0,1,309;                                         0000339P   1068
406,1,7HTrimSrf;                                                 0000341P   1069
128,3,2,3,2,0,0,0,0,0,0.0D0,0.0D0,0.0D0,0.0D0,2.2645D0,2.2645D0, 0000343P   1070
2.2645D0,2.2645D0,0.0D0,0.0D0,0.0D0,1.0D0,1.0D0,1.0D0,1.0D0,     0000343P   1071
1.0D0,0.9999999999999998D0,1.0D0,0.7071067811865511D0,           0000343P   1072
0.7071067811865475D0,0.7071067811865522D0,0.7071067811865513D0,  0000343P   1073
1.0D0,1.0D0,0.9999999999999998D0,1.0D0,1.222500000000001D0,      0000343P   1074
0.300000000000004D0,-0.1149999999999936D0,0.4676666666666673D0,  0000343P   1075
0.3000000000000034D0,-0.1149999999999936D0,                      0000343P   1076
-0.2871666666666658D0,0.3000000000000026D0,                      0000343P   1077
-0.1149999999999936D0,-1.041999999999999D0,0.3000000000000018D0, 0000343P   1078
-0.1149999999999936D0,1.222500000000001D0,0.300000000000004D0,   0000343P   1079
-0.1199999999999936D0,0.4676666666666671D0,0.3000000000000033D0, 0000343P   1080
-0.1199999999999936D0,-0.2871666666666646D0,                     0000343P   1081
0.3000000000000026D0,-0.1199999999999936D0,-1.041999999999998D0, 0000343P   1082
0.300000000000002D0,-0.1199999999999936D0,1.222500000000001D0,   0000343P   1083
0.2950000000000041D0,-0.1199999999999938D0,0.4676666666666676D0, 0000343P   1084
0.2950000000000034D0,-0.1199999999999938D0,-0.287166666666666D0, 0000343P   1085
0.2950000000000026D0,-0.1199999999999937D0,-1.041999999999999D0, 0000343P   1086
0.2950000000000019D0,-0.1199999999999938D0,0.0D0,2.2645D0,0.0D0, 0000343P   1087
1.0D0,0,1,341;                                                   0000343P   1088
126,3,3,1,0,1,0,-2.804290687762256D0,-2.804290687762256D0,       0000345P   1089
-2.804290687762256D0,-2.804290687762256D0,-1.804290687762256D0,  0000345P   1090
-1.804290687762256D0,-1.804290687762256D0,-1.804290687762256D0,  0000345P   1091
1.0D0,1.0D0,1.0D0,1.0D0,1.2225D0,0.0D0,0.0D0,1.2225D0,           0000345P   1092
0.3333333333333333D0,0.0D0,1.2225D0,0.6666666666666666D0,0.0D0,  0000345P   1093
1.2225D0,1.0D0,0.0D0,-2.804290687762256D0,-1.804290687762256D0,  0000345P   1094
0.0D0,0.0D0,1.0D0,0,1,341;                                       0000345P   1095
126,3,3,1,0,1,0,-1.804290687762256D0,-1.804290687762256D0,       0000347P   1096
-1.804290687762256D0,-1.804290687762256D0,-0.5867906877622612D0, 0000347P   1097
-0.5867906877622612D0,-0.5867906877622612D0,                     0000347P   1098
-0.5867906877622612D0,1.0D0,1.0D0,1.0D0,1.0D0,1.2225D0,1.0D0,    0000347P   1099
0.0D0,0.8166666666666681D0,1.0D0,0.0D0,0.4108333333333362D0,     0000347P   1100
1.0D0,0.0D0,0.005000000000004335D0,1.0D0,0.0D0,                  0000347P   1101
-1.804290687762256D0,-0.5867906877622612D0,0.0D0,0.0D0,1.0D0,0,  0000347P   1102
1,341;                                                           0000347P   1103
126,6,3,1,0,1,0,-0.5867906877622612D0,-0.5867906877622612D0,     0000349P   1104
-0.5867906877622612D0,-0.5867906877622612D0,                     0000349P   1105
-0.5808960167592189D0,-0.5808960167592189D0,                     0000349P   1106
-0.5808960167592189D0,-0.5806615676154941D0,                     0000349P   1107
-0.5806615676154941D0,-0.5806615676154941D0,                     0000349P   1108
-0.5806615676154941D0,1.0D0,1.0D0,1.0D0,1.0D0,1.0D0,1.0D0,1.0D0, 0000349P   1109
0.005000000000004335D0,1.0D0,0.0D0,0.003799049801186358D0,       0000349P   1110
0.8301599941103717D0,0.0D0,0.002578232495464905D0,               0000349P   1111
0.6637401969781045D0,0.0D0,0.0009526491927297944D0,              0000349P   1112
0.5007451632013606D0,0.0D0,0.0009530559776113879D0,              0000349P   1113
0.5006509470341587D0,0.0D0,0.0009534629177486933D0,              0000349P   1114
0.5005567308669435D0,0.0D0,0.0009538700131871232D0,              0000349P   1115
0.5004625146997148D0,0.0D0,-0.5867906877622612D0,                0000349P   1116
-0.5806615676154941D0,0.0D0,0.0D0,1.0D0,0,1,341;                 0000349P   1117
126,6,3,1,0,1,0,-0.5806615676154941D0,-0.5806615676154941D0,     0000351P   1118
-0.5806615676154941D0,-0.5806615676154941D0,                     0000351P   1119
-0.4950062499609383D0,-0.4950062499609383D0,                     0000351P   1120
-0.4950062499609383D0,0.00499999999999973D0,                     0000351P   1121
0.00499999999999973D0,0.00499999999999973D0,                     0000351P   1122
0.00499999999999973D0,1.0D0,1.0D0,1.0D0,1.0D0,1.0D0,1.0D0,1.0D0, 0000351P   1123
0.0009538700131871232D0,0.5004625146997148D0,0.0D0,              0000351P   1124
0.001102601156071357D0,0.4660409100652728D0,0.0D0,               0000351P   1125
0.00127206166199328D0,0.4316193036169613D0,0.0D0,                0000351P   1126
0.001464466094067383D0,0.397197676620211D0,0.0D0,                0000351P   1127
0.00220455569899256D0,0.2647938226637953D0,0.0D0,                0000351P   1128
0.003676019893865871D0,0.132398010613402D0,0.0D0,                0000351P   1129
0.00499999999999973D0,0.0D0,0.0D0,-0.5806615676154941D0,         0000351P   1130
0.00499999999999973D0,0.0D0,0.0D0,1.0D0,0,1,341;                 0000351P   1131
126,3,3,1,0,1,0,0.00499999999999973D0,0.00499999999999973D0,     0000353P   1132
0.00499999999999973D0,0.00499999999999973D0,1.2225D0,1.2225D0,   0000353P   1133
1.2225D0,1.2225D0,1.0D0,1.0D0,1.0D0,1.0D0,0.00499999999999973D0, 0000353P   1134
0.0D0,0.0D0,0.4108333333333332D0,0.0D0,0.0D0,                    0000353P   1135
0.8166666666666664D0,0.0D0,0.0D0,1.2225D0,0.0D0,0.0D0,           0000353P   1136
0.00499999999999973D0,1.2225D0,0.0D0,0.0D0,1.0D0,0,1,341;        0000353P   1137
102,5,345,347,349,351,353,0,1,341;                               0000355P   1138
126,2,2,1,0,0,0,-2.811778242726064D0,-2.811778242726064D0,       0000357P   1139
-2.811778242726064D0,-1.811778242726064D0,-1.811778242726064D0,  0000357P   1140
-1.811778242726064D0,1.0D0,0.7071067811865779D0,1.0D0,           0000357P   1141
5.098123857237851D-16,0.3000000000000029D0,                      0000357P   1142
-0.1149999999999936D0,6.347124759941159D-16,                     0000357P   1143
0.3000000000000027D0,-0.1199999999999935D0,                      0000357P   1144
7.366291161761973D-16,0.295000000000003D0,-0.1199999999999937D0, 0000357P   1145
-2.811778242726064D0,-1.811778242726064D0,1.0D0,0.0D0,0.0D0,0,1, 0000357P   1146
341;                                                             0000357P   1147
126,3,3,1,0,1,0,-1.811778242726064D0,-1.811778242726064D0,       0000359P   1148
-1.811778242726064D0,-1.811778242726064D0,-0.5942782427260678D0, 0000359P   1149
-0.5942782427260678D0,-0.5942782427260678D0,                     0000359P   1150
-0.5942782427260678D0,1.0D0,1.0D0,1.0D0,1.0D0,                   0000359P   1151
7.366291161761973D-16,0.295000000000003D0,-0.1199999999999937D0, 0000359P   1152
0.4058333333333329D0,0.2950000000000033D0,-0.1199999999999937D0, 0000359P   1153
0.8116666666666645D0,0.2950000000000038D0,-0.1199999999999938D0, 0000359P   1154
1.217499999999997D0,0.2950000000000041D0,-0.1199999999999937D0,  0000359P   1155
-1.811778242726064D0,-0.5942782427260678D0,0.0D0,0.0D0,1.0D0,0,  0000359P   1156
1,341;                                                           0000359P   1157
126,3,3,1,0,1,0,-0.5942782427260678D0,-0.5942782427260678D0,     0000361P   1158
-0.5942782427260678D0,-0.5942782427260678D0,                     0000361P   1159
-0.5875768898714003D0,-0.5875768898714003D0,                     0000361P   1160
-0.5875768898714003D0,-0.5875768898714003D0,1.0D0,1.0D0,1.0D0,   0000361P   1161
1.0D0,1.217499999999997D0,0.2950000000000041D0,                  0000361P   1162
-0.1199999999999938D0,1.218570021123348D0,0.296070021123551D0,   0000361P   1163
-0.1199999999999071D0,1.220120036886498D0,0.2976200368870118D0,  0000361P   1164
-0.1195200053599212D0,1.221527596702351D0,0.2979555395759712D0,  0000361P   1165
-0.1179628474139895D0,-0.5942782427260678D0,                     0000361P   1166
-0.5875768898714003D0,0.670039808002465D0,-0.5866143597118209D0, 0000361P   1167
-0.4548958657450195D0,0,1,341;                                   0000361P   1168
126,5,3,1,0,1,0,-0.5875768898714003D0,-0.5875768898714003D0,     0000363P   1169
-0.5875768898714003D0,-0.5875768898714003D0,                     0000363P   1170
-0.4950062499609382D0,-0.4950062499609382D0,                     0000363P   1171
0.00499999999999973D0,0.00499999999999973D0,                     0000363P   1172
0.00499999999999973D0,0.00499999999999973D0,1.0D0,1.0D0,1.0D0,   0000363P   1173
1.0D0,1.0D0,1.0D0,1.221527596702351D0,0.2979555395759712D0,      0000363P   1174
-0.1179628474139895D0,1.221380307996612D0,0.2981601661586502D0,  0000363P   1175
-0.1178085649426575D0,1.221216287064473D0,0.2983547807473972D0,  0000363P   1176
-0.1176542824713256D0,1.220059223176556D0,0.2995118446353149D0,  0000363P   1177
-0.1166666666666603D0,1.218678511301979D0,0.300000000000004D0,   0000363P   1178
-0.1158333333333269D0,1.217500000000001D0,0.300000000000004D0,   0000363P   1179
-0.1149999999999936D0,-0.5875768898714003D0,                     0000363P   1180
0.00499999999999973D0,0.0D0,1.0D0,0.0D0,0,1,341;                 0000363P   1181
126,3,3,1,0,1,0,0.00499999999999973D0,0.00499999999999973D0,     0000365P   1182
0.00499999999999973D0,0.00499999999999973D0,1.2225D0,1.2225D0,   0000365P   1183
1.2225D0,1.2225D0,1.0D0,1.0D0,1.0D0,1.0D0,1.217500000000001D0,   0000365P   1184
0.300000000000004D0,-0.1149999999999936D0,0.8116666666666673D0,  0000365P   1185
0.3000000000000037D0,-0.1149999999999936D0,0.405833333333334D0,  0000365P   1186
0.3000000000000033D0,-0.1149999999999936D0,                      0000365P   1187
5.098123857237851D-16,0.3000000000000029D0,                      0000365P   1188
-0.1149999999999936D0,0.00499999999999973D0,1.2225D0,0.0D0,      0000365P   1189
0.0D0,1.0D0,0,1,341;                                             0000365P   1190
102,5,357,359,361,363,365,0,1,341;                               0000367P   1191
142,0,343,355,367,1,0,1,341;                                     0000369P   1192
144,343,1,0,369,0,1,341;                                         0000371P   1193
406,1,7HTrimSrf;                                                 0000373P   1194
128,1,1,1,1,0,0,1,0,0,5.489999999999999D0,5.489999999999999D0,   0000375P   1195
6.09D0,6.09D0,0.0D0,0.0D0,0.25D0,0.25D0,1.0D0,1.0D0,1.0D0,1.0D0, 0000375P   1196
-1.2225D0,0.3D0,-0.12D0,-1.2225D0,-0.3D0,-0.12D0,-1.2225D0,      0000375P   1197
0.3D0,0.13D0,-1.2225D0,-0.3D0,0.13D0,5.489999999999999D0,6.09D0, 0000375P   1198
0.0D0,0.25D0,0,1,373;                                            0000375P   1199
126,3,3,1,0,1,0,0.2999999999999987D0,0.2999999999999987D0,       0000377P   1200
0.2999999999999987D0,0.2999999999999987D0,0.595000000000002D0,   0000377P   1201
0.595000000000002D0,0.595000000000002D0,0.595000000000002D0,     0000377P   1202
1.0D0,1.0D0,1.0D0,1.0D0,5.789999999999999D0,                     0000377P   1203
0.005000000000000004D0,0.0D0,5.888333333333332D0,                0000377P   1204
0.005000000000000004D0,0.0D0,5.986666666666666D0,                0000377P   1205
0.005000000000000004D0,0.0D0,6.085D0,0.005000000000000005D0,     0000377P   1206
0.0D0,0.2999999999999987D0,0.595000000000002D0,0.0D0,0.0D0,      0000377P   1207
1.0D0,0,1,373;                                                   0000377P   1208
126,3,3,1,0,1,0,0.595000000000002D0,0.595000000000002D0,         0000379P   1209
0.595000000000002D0,0.595000000000002D0,0.7100000000000019D0,    0000379P   1210
0.7100000000000019D0,0.7100000000000019D0,0.7100000000000019D0,  0000379P   1211
1.0D0,1.0D0,1.0D0,1.0D0,6.085D0,0.005000000000000005D0,0.0D0,    0000379P   1212
6.084999999999999D0,0.0433333333333333D0,0.0D0,                  0000379P   1213
6.084999999999999D0,0.08166666666666662D0,0.0D0,                 0000379P   1214
6.084999999999999D0,0.12D0,0.0D0,0.595000000000002D0,            0000379P   1215
0.7100000000000019D0,0.0D0,0.0D0,1.0D0,0,1,373;                  0000379P   1216
126,3,3,1,0,1,0,0.7100000000000019D0,0.7100000000000019D0,       0000381P   1217
0.7100000000000019D0,0.7100000000000019D0,1.005000000000002D0,   0000381P   1218
1.005000000000002D0,1.005000000000002D0,1.005000000000002D0,     0000381P   1219
1.0D0,1.0D0,1.0D0,1.0D0,6.084999999999999D0,0.12D0,0.0D0,        0000381P   1220
5.986666666666665D0,0.12D0,0.0D0,5.888333333333333D0,0.12D0,     0000381P   1221
0.0D0,5.789999999999999D0,0.12D0,0.0D0,0.7100000000000019D0,     0000381P   1222
1.005000000000002D0,0.0D0,0.0D0,1.0D0,0,1,373;                   0000381P   1223
126,3,3,1,0,1,0,1.005000000000002D0,1.005000000000002D0,         0000383P   1224
1.005000000000002D0,1.005000000000002D0,1.120000000000002D0,     0000383P   1225
1.120000000000002D0,1.120000000000002D0,1.120000000000002D0,     0000383P   1226
1.0D0,1.0D0,1.0D0,1.0D0,5.789999999999999D0,0.12D0,0.0D0,        0000383P   1227
5.789999999999999D0,0.08166666666666667D0,0.0D0,                 0000383P   1228
5.789999999999999D0,0.04333333333333333D0,0.0D0,                 0000383P   1229
5.789999999999999D0,0.005000000000000004D0,0.0D0,                0000383P   1230
1.005000000000002D0,1.120000000000002D0,0.0D0,0.0D0,1.0D0,0,1,   0000383P   1231
373;                                                             0000383P   1232
102,4,377,379,381,383,0,1,373;                                   0000385P   1233
126,3,3,1,0,1,0,0.2999999999999987D0,0.2999999999999987D0,       0000387P   1234
0.2999999999999987D0,0.2999999999999987D0,0.595000000000002D0,   0000387P   1235
0.595000000000002D0,0.595000000000002D0,0.595000000000002D0,     0000387P   1236
1.0D0,1.0D0,1.0D0,1.0D0,-1.2225D0,1.304512053934559D-15,         0000387P   1237
-0.115D0,-1.2225D0,-0.09833333333333309D0,-0.115D0,-1.2225D0,    0000387P   1238
-0.1966666666666675D0,-0.115D0,-1.2225D0,-0.2950000000000019D0,  0000387P   1239
-0.115D0,0.2999999999999987D0,0.595000000000002D0,0.0D0,0.0D0,   0000387P   1240
1.0D0,0,1,373;                                                   0000387P   1241
126,3,3,1,0,1,0,0.595000000000002D0,0.595000000000002D0,         0000389P   1242
0.595000000000002D0,0.595000000000002D0,0.7100000000000019D0,    0000389P   1243
0.7100000000000019D0,0.7100000000000019D0,0.7100000000000019D0,  0000389P   1244
1.0D0,1.0D0,1.0D0,1.0D0,-1.2225D0,-0.2949999999999999D0,         0000389P   1245
-0.115D0,-1.2225D0,-0.2949999999999997D0,-0.07666666666666662D0, 0000389P   1246
-1.2225D0,-0.2949999999999994D0,-0.03833333333333332D0,          0000389P   1247
-1.2225D0,-0.2949999999999992D0,0.0D0,0.595000000000002D0,       0000389P   1248
0.7100000000000019D0,1.0D0,0.0D0,0.0D0,0,1,373;                  0000389P   1249
126,1,1,1,0,1,0,0.7100000000000019D0,0.7100000000000019D0,       0000391P   1250
1.005000000000002D0,1.005000000000002D0,1.0D0,1.0D0,-1.2225D0,   0000391P   1251
-0.2949999999999992D0,0.0D0,-1.2225D0,4.440892098500626D-16,     0000391P   1252
0.0D0,0.7100000000000019D0,1.005000000000002D0,0.0D0,0.0D0,      0000391P   1253
1.0D0,0,1,373;                                                   0000391P   1254
126,1,1,1,0,1,0,1.005000000000002D0,1.005000000000002D0,         0000393P   1255
1.120000000000002D0,1.120000000000002D0,1.0D0,1.0D0,-1.2225D0,   0000393P   1256
4.440892098500626D-16,0.0D0,-1.2225D0,4.440892098500626D-16,     0000393P   1257
-0.1150000000000001D0,1.005000000000002D0,1.120000000000002D0,   0000393P   1258
1.0D0,0.0D0,0.0D0,0,1,373;                                       0000393P   1259
102,4,387,389,391,393,0,1,373;                                   0000395P   1260
142,0,375,385,395,1,0,1,373;                                     0000397P   1261
144,375,1,0,397,0,1,373;                                         0000399P   1262
406,1,7HTrimSrf;                                                 0000401P   1263
128,3,2,3,2,0,0,0,0,0,0.13D0,0.13D0,0.13D0,0.13D0,               0000403P   1264
0.2499999999999999D0,0.2499999999999999D0,0.2499999999999999D0,  0000403P   1265
0.2499999999999999D0,0.0D0,0.0D0,0.0D0,1.0D0,1.0D0,1.0D0,        0000403P   1266
0.9999999999999998D0,0.9999999999999998D0,0.9999999999999999D0,  0000403P   1267
1.0D0,0.7071067811865197D0,0.7071067811865206D0,                 0000403P   1268
0.7071067811865193D0,0.7071067811865133D0,0.9999999999999998D0,  0000403P   1269
0.9999999999999998D0,0.9999999999999999D0,1.0D0,-1.2225D0,       0000403P   1270
-0.294999999999828D0,0.0D0,-1.2225D0,-0.294999999999828D0,       0000403P   1271
-0.03999999999999999D0,-1.2225D0,-0.2949999999998281D0,          0000403P   1272
-0.07999999999999999D0,-1.2225D0,-0.2949999999998281D0,-0.12D0,  0000403P   1273
-1.2225D0,-0.2999999999998281D0,-1.054905870678203D-16,          0000403P   1274
-1.2225D0,-0.299999999999828D0,-0.04000000000000018D0,-1.2225D0, 0000403P   1275
-0.2999999999998281D0,-0.08000000000000033D0,-1.2225D0,          0000403P   1276
-0.2999999999998282D0,-0.12D0,-1.2175D0,-0.299999999999828D0,    0000403P   1277
-1.734723475976807D-17,-1.2175D0,-0.299999999999828D0,           0000403P   1278
-0.04000000000000003D0,-1.2175D0,-0.299999999999828D0,           0000403P   1279
-0.08000000000000003D0,-1.2175D0,-0.299999999999828D0,-0.12D0,   0000403P   1280
0.13D0,0.2499999999999999D0,0.0D0,1.0D0,0,1,401;                 0000403P   1281
126,3,3,1,0,1,0,0.4078866665482748D0,0.4078866665482748D0,       0000405P   1282
0.4078866665482748D0,0.4078866665482748D0,1.000012499921876D0,   0000405P   1283
1.000012499921876D0,1.000012499921876D0,1.000012499921876D0,     0000405P   1284
1.0D0,1.0D0,1.0D0,1.0D0,0.2479605921659976D0,                    0000405P   1285
0.4078815668004812D0,0.0D0,0.2469737281106651D0,                 0000405P   1286
0.6052543778669874D0,0.0D0,0.2459868640553325D0,                 0000405P   1287
0.8026271889334936D0,0.0D0,0.2449999999999999D0,1.0D0,0.0D0,     0000405P   1288
0.4078866665482748D0,1.000012499921876D0,0.0D0,0.0D0,1.0D0,0,1,  0000405P   1289
401;                                                             0000405P   1290
126,3,3,1,0,1,0,1.000012499921876D0,1.000012499921876D0,         0000407P   1291
1.000012499921876D0,1.000012499921876D0,1.115012499921876D0,     0000407P   1292
1.115012499921876D0,1.115012499921876D0,1.115012499921876D0,     0000407P   1293
1.0D0,1.0D0,1.0D0,1.0D0,0.2449999999999999D0,1.0D0,0.0D0,        0000407P   1294
0.2066666666666666D0,1.0D0,0.0D0,0.1683333333333333D0,1.0D0,     0000407P   1295
0.0D0,0.13D0,1.0D0,0.0D0,1.000012499921876D0,                    0000407P   1296
1.115012499921876D0,0.0D0,0.0D0,1.0D0,0,1,401;                   0000407P   1297
126,3,3,1,0,1,0,1.115012499921876D0,1.115012499921876D0,         0000409P   1298
1.115012499921876D0,1.115012499921876D0,2.115012499921876D0,     0000409P   1299
2.115012499921876D0,2.115012499921876D0,2.115012499921876D0,     0000409P   1300
1.0D0,1.0D0,1.0D0,1.0D0,0.13D0,1.0D0,0.0D0,0.13D0,               0000409P   1301
0.6666666666666666D0,0.0D0,0.13D0,0.3333333333333333D0,0.0D0,    0000409P   1302
0.13D0,0.0D0,0.0D0,1.115012499921876D0,2.115012499921876D0,      0000409P   1303
0.0D0,0.0D0,1.0D0,0,1,401;                                       0000409P   1304
126,3,3,1,0,1,0,2.115012499921876D0,2.115012499921876D0,         0000411P   1305
2.115012499921876D0,2.115012499921876D0,2.230012499921876D0,     0000411P   1306
2.230012499921876D0,2.230012499921876D0,2.230012499921876D0,     0000411P   1307
1.0D0,1.0D0,1.0D0,1.0D0,0.13D0,0.0D0,0.0D0,0.1683333333333333D0, 0000411P   1308
0.0D0,0.0D0,0.2066666666666665D0,0.0D0,0.0D0,                    0000411P   1309
0.2449999999999998D0,0.0D0,0.0D0,2.115012499921876D0,            0000411P   1310
2.230012499921876D0,0.0D0,0.0D0,1.0D0,0,1,401;                   0000411P   1311
126,3,3,1,0,1,0,2.230012499921876D0,2.230012499921876D0,         0000413P   1312
2.230012499921876D0,2.230012499921876D0,2.234440097210593D0,     0000413P   1313
2.234440097210593D0,2.234440097210593D0,2.234440097210593D0,     0000413P   1314
1.0D0,1.0D0,1.0D0,1.0D0,0.2449999999999998D0,0.0D0,0.0D0,        0000413P   1315
0.2460909314072222D0,0.1542809991712558D0,0.0D0,                 0000413P   1316
0.2471189788859462D0,0.2830490207381861D0,0.0D0,                 0000413P   1317
0.2479605921659976D0,0.4078815668004812D0,0.0D0,                 0000413P   1318
2.230012499921876D0,2.234440097210593D0,0.0D0,0.0D0,1.0D0,0,1,   0000413P   1319
401;                                                             0000413P   1320
102,5,405,407,409,411,413,0,1,401;                               0000415P   1321
126,5,3,1,0,1,0,0.4074356125212356D0,0.4074356125212356D0,       0000417P   1322
0.4074356125212356D0,0.4074356125212356D0,0.500006249960938D0,   0000417P   1323
0.500006249960938D0,1.000012499921876D0,1.000012499921876D0,     0000417P   1324
1.000012499921876D0,1.000012499921876D0,1.0D0,1.0D0,1.0D0,1.0D0, 0000417P   1325
1.0D0,1.0D0,-1.221527596690557D0,-0.29795553959218D0,            0000417P   1326
-0.1179628474016422D0,-1.221380307987856D0,                      0000417P   1327
-0.2981601661688629D0,-0.1178085649344281D0,                     0000417P   1328
-1.221216287059648D0,-0.2983547807520456D0,                      0000417P   1329
-0.1176542824672141D0,-1.220059223176554D0,-0.299511844635139D0, 0000417P   1330
-0.1166666666666667D0,-1.218678511301977D0,                      0000417P   1331
-0.2999999999998281D0,-0.1158333333333333D0,-1.2175D0,           0000417P   1332
-0.299999999999828D0,-0.115D0,0.4074356125212356D0,              0000417P   1333
1.000012499921876D0,0.0D0,-0.6020272540635887D0,                 0000417P   1334
-0.7984755383633585D0,0,1,401;                                   0000417P   1335
126,3,3,1,0,1,0,1.000012499921876D0,1.000012499921876D0,         0000419P   1336
1.000012499921876D0,1.000012499921876D0,1.115012499921876D0,     0000419P   1337
1.115012499921876D0,1.115012499921876D0,1.115012499921876D0,     0000419P   1338
1.0D0,1.0D0,1.0D0,1.0D0,-1.2175D0,-0.299999999999828D0,-0.115D0, 0000419P   1339
-1.2175D0,-0.299999999999828D0,-0.07666666666666665D0,-1.2175D0, 0000419P   1340
-0.299999999999828D0,-0.03833333333333334D0,-1.2175D0,           0000419P   1341
-0.299999999999828D0,-1.734723475976807D-17,1.000012499921876D0, 0000419P   1342
1.115012499921876D0,1.0D0,0.0D0,0.0D0,0,1,401;                   0000419P   1343
126,2,2,1,0,0,0,1.115012499921876D0,1.115012499921876D0,         0000421P   1344
1.115012499921876D0,2.115012499921876D0,2.115012499921876D0,     0000421P   1345
2.115012499921876D0,1.0D0,0.7071067811865198D0,1.0D0,-1.2175D0,  0000421P   1346
-0.299999999999828D0,-1.734723475976807D-17,-1.2225D0,           0000421P   1347
-0.2999999999998281D0,-1.054905870678203D-16,-1.2225D0,          0000421P   1348
-0.294999999999828D0,0.0D0,1.115012499921876D0,                  0000421P   1349
2.115012499921876D0,-0.0D0,-0.0D0,-1.0D0,0,1,401;                0000421P   1350
126,3,3,1,0,1,0,2.115012499921876D0,2.115012499921876D0,         0000423P   1351
2.115012499921876D0,2.115012499921876D0,2.230012499921876D0,     0000423P   1352
2.230012499921876D0,2.230012499921876D0,2.230012499921876D0,     0000423P   1353
1.0D0,1.0D0,1.0D0,1.0D0,-1.2225D0,-0.294999999999828D0,0.0D0,    0000423P   1354
-1.222499999999999D0,-0.294999999999828D0,                       0000423P   1355
-0.03833333333333325D0,-1.222499999999999D0,                     0000423P   1356
-0.294999999999828D0,-0.07666666666666651D0,                     0000423P   1357
-1.222499999999999D0,-0.2949999999998281D0,                      0000423P   1358
-0.1149999999999998D0,2.115012499921876D0,2.230012499921876D0,   0000423P   1359
1.0D0,0.0D0,0.0D0,0,1,401;                                       0000423P   1360
126,3,3,1,0,1,0,2.230012499921876D0,2.230012499921876D0,         0000425P   1361
2.230012499921876D0,2.230012499921876D0,2.235076906650968D0,     0000425P   1362
2.235076906650968D0,2.235076906650968D0,2.235076906650968D0,     0000425P   1363
1.0D0,1.0D0,1.0D0,1.0D0,-1.2225D0,-0.2949999999998281D0,         0000425P   1364
-0.1149999999999998D0,-1.222499999996731D0,                      0000425P   1365
-0.2958413749317533D0,-0.1158413749239627D0,                     0000425P   1366
-1.222203222597908D0,-0.2969795272597591D0,                      0000425P   1367
-0.1169795272407326D0,-1.221527596690557D0,-0.29795553959218D0,  0000425P   1368
-0.1179628474016422D0,2.230012499921876D0,2.235076906650968D0,   0000425P   1369
1.0D0,0.0D0,0.0D0,0,1,401;                                       0000425P   1370
102,5,417,419,421,423,425,0,1,401;                               0000427P   1371
142,0,403,415,427,1,0,1,401;                                     0000429P   1372
144,403,1,0,429,0,1,401;                                         0000431P   1373
406,1,7HTrimSrf;                                                 0000433P   1374
128,3,2,3,2,0,0,0,0,0,0.2999999999999987D0,0.2999999999999987D0, 0000435P   1375
0.2999999999999987D0,0.2999999999999987D0,1.690445115010343D0,   0000435P   1376
1.690445115010343D0,1.690445115010343D0,1.690445115010343D0,     0000435P   1377
0.0D0,0.0D0,0.0D0,1.0D0,1.0D0,1.0D0,0.9999999999999998D0,1.0D0,  0000435P   1378
1.0D0,1.000000000000021D0,0.7071067811865133D0,                  0000435P   1379
0.7071067811865124D0,0.7071067811865164D0,0.7071067811865204D0,  0000435P   1380
0.9999999999999998D0,1.0D0,1.0D0,1.000000000000021D0,-1.2225D0,  0000435P   1381
1.304512053934559D-15,-0.115D0,-1.2225D0,-0.4634817050034465D0,  0000435P   1382
-0.1149999999999999D0,-1.2225D0,-0.926963410006894D0,            0000435P   1383
-0.1150000000000002D0,-1.222499999999974D0,-1.390445115010317D0, 0000435P   1384
-0.1149999999999988D0,-1.2225D0,1.442522446415788D-15,           0000435P   1385
-0.1200000000000001D0,-1.222500000000002D0,                      0000435P   1386
-0.4634817050034462D0,-0.1200000000000003D0,                     0000435P   1387
-1.222499999999995D0,-0.926963410006889D0,-0.1199999999999996D0, 0000435P   1388
-1.222499999999988D0,-1.390445115010375D0,-0.1199999999999989D0, 0000435P   1389
-1.2175D0,1.464106613724426D-15,-0.1200000000000001D0,           0000435P   1390
-1.217499999999999D0,-0.4634817050034456D0,-0.12D0,              0000435P   1391
-1.217500000000004D0,-0.9269634100068942D0,-0.12D0,              0000435P   1392
-1.217499999999981D0,-1.390445115010358D0,-0.1199999999999964D0, 0000435P   1393
0.2999999999999987D0,1.690445115010343D0,0.0D0,1.0D0,0,1,433;    0000435P   1394
126,3,3,1,0,1,0,0.0D0,0.0D0,0.0D0,0.0D0,0.3708992822696227D0,    0000437P   1395
0.3708992822696227D0,0.3708992822696227D0,0.3708992822696227D0,  0000437P   1396
1.0D0,1.0D0,1.0D0,1.0D0,0.5978440857769378D0,                    0000437P   1397
0.4138505018605498D0,0.0D0,0.5977316688833394D0,                 0000437P   1398
0.5381975360221188D0,0.0D0,0.5972978052168163D0,                 0000437P   1399
0.6614092385846833D0,0.0D0,0.596568235518506D0,                  0000437P   1400
0.7846324348152423D0,0.0D0,0.0D0,0.3708992822696227D0,0.0D0,     0000437P   1401
0.0D0,1.0D0,0,1,433;                                             0000437P   1402
126,6,3,1,0,1,0,0.3708992822696227D0,0.3708992822696227D0,       0000439P   1403
0.3708992822696227D0,0.3708992822696227D0,0.3709034145812527D0,  0000439P   1404
0.3709034145812527D0,0.3709034145812527D0,0.3731128908771567D0,  0000439P   1405
0.3731128908771567D0,0.3731128908771567D0,0.3731128908771567D0,  0000439P   1406
1.0D0,1.0D0,1.0D0,1.0D0,1.0D0,1.0D0,1.0D0,0.596568235518506D0,   0000439P   1407
0.7846324348152423D0,0.0D0,0.5965682273901286D0,                 0000439P   1408
0.7846338076856446D0,0.0D0,0.5965682192617144D0,                 0000439P   1409
0.7846351805560484D0,0.0D0,0.5965682111332636D0,                 0000439P   1410
0.7846365534264537D0,0.0D0,0.596076734369769D0,                  0000439P   1411
0.8518798648830506D0,0.0D0,0.595546404705019D0,                  0000439P   1412
0.9227267055618067D0,0.0D0,0.5950000000000002D0,1.0D0,0.0D0,     0000439P   1413
0.3708992822696227D0,0.3731128908771567D0,0.0D0,0.0D0,1.0D0,0,1, 0000439P   1414
433;                                                             0000439P   1415
126,3,3,1,0,1,0,0.3731128908771567D0,0.3731128908771567D0,       0000441P   1416
0.3731128908771567D0,0.3731128908771567D0,0.6681128908771586D0,  0000441P   1417
0.6681128908771586D0,0.6681128908771586D0,0.6681128908771586D0,  0000441P   1418
1.0D0,1.0D0,1.0D0,1.0D0,0.5950000000000002D0,1.0D0,0.0D0,        0000441P   1419
0.4966666666666664D0,1.0D0,0.0D0,0.3983333333333325D0,1.0D0,     0000441P   1420
0.0D0,0.2999999999999987D0,1.0D0,0.0D0,0.3731128908771567D0,     0000441P   1421
0.6681128908771586D0,0.0D0,0.0D0,1.0D0,0,1,433;                  0000441P   1422
126,3,3,1,0,1,0,0.6681128908771586D0,0.6681128908771586D0,       0000443P   1423
0.6681128908771586D0,0.6681128908771586D0,1.668112890877159D0,   0000443P   1424
1.668112890877159D0,1.668112890877159D0,1.668112890877159D0,     0000443P   1425
1.0D0,1.0D0,1.0D0,1.0D0,0.2999999999999987D0,1.0D0,0.0D0,        0000443P   1426
0.2999999999999987D0,0.6666666666666666D0,0.0D0,                 0000443P   1427
0.2999999999999987D0,0.3333333333333333D0,0.0D0,                 0000443P   1428
0.2999999999999987D0,0.0D0,0.0D0,0.6681128908771586D0,           0000443P   1429
1.668112890877159D0,0.0D0,0.0D0,1.0D0,0,1,433;                   0000443P   1430
126,3,3,1,0,1,0,1.668112890877159D0,1.668112890877159D0,         0000445P   1431
1.668112890877159D0,1.668112890877159D0,1.963112890877165D0,     0000445P   1432
1.963112890877165D0,1.963112890877165D0,1.963112890877165D0,     0000445P   1433
1.0D0,1.0D0,1.0D0,1.0D0,0.2999999999999987D0,0.0D0,0.0D0,        0000445P   1434
0.3983333333333343D0,0.0D0,0.0D0,0.4966666666666698D0,0.0D0,     0000445P   1435
0.0D0,0.5950000000000053D0,0.0D0,0.0D0,1.668112890877159D0,      0000445P   1436
1.963112890877165D0,0.0D0,0.0D0,1.0D0,0,1,433;                   0000445P   1437
126,3,3,1,0,1,0,1.963112890877165D0,1.963112890877165D0,         0000447P   1438
1.963112890877165D0,1.963112890877165D0,1.967498870328339D0,     0000447P   1439
1.967498870328339D0,1.967498870328339D0,1.967498870328339D0,     0000447P   1440
1.0D0,1.0D0,1.0D0,1.0D0,0.5950000000000053D0,0.0D0,0.0D0,        0000447P   1441
0.5959891928178964D0,0.1398929898866555D0,0.0D0,                 0000447P   1442
0.5969918651750421D0,0.2774655016871679D0,0.0D0,                 0000447P   1443
0.5978440857769378D0,0.4138505018605498D0,0.0D0,                 0000447P   1444
1.963112890877165D0,1.967498870328339D0,0.0D0,0.0D0,1.0D0,0,1,   0000447P   1445
433;                                                             0000447P   1446
102,6,437,439,441,443,445,447,0,1,433;                           0000449P   1447
126,3,3,1,0,1,0,0.0D0,0.0D0,0.0D0,0.0D0,0.3709034145812527D0,    0000451P   1448
0.3709034145812527D0,0.3709034145812527D0,0.3709034145812527D0,  0000451P   1449
1.0D0,1.0D0,1.0D0,1.0D0,-1.221533739794523D0,                    0000451P   1450
-0.2979410842040935D0,-0.1179410842040927D0,                     0000451P   1451
-1.220909937771297D0,-0.2977955163146583D0,                      0000451P   1452
-0.1187642330366446D0,-1.220008469230793D0,                      0000451P   1453
-0.2973293016131229D0,-0.119397769871021D0,-1.219075147995595D0, 0000451P   1454
-0.2965734557831897D0,-0.1197177613478492D0,0.0D0,               0000451P   1455
0.3709034145812527D0,-0.796996869426559D0,0.0D0,                 0000451P   1456
-0.6039834353061884D0,0,1,433;                                   0000451P   1457
126,3,3,1,0,1,0,0.3709034145812527D0,0.3709034145812527D0,       0000453P   1458
0.3709034145812527D0,0.3709034145812527D0,0.3736755121798422D0,  0000453P   1459
0.3736755121798422D0,0.3736755121798422D0,0.3736755121798422D0,  0000453P   1460
1.0D0,1.0D0,1.0D0,1.0D0,-1.219075147995595D0,                    0000453P   1461
-0.2965734557831897D0,-0.1197177613478492D0,                     0000453P   1462
-1.218510588857347D0,-0.2960105888527856D0,                      0000453P   1463
-0.1199109869235608D0,-1.217960787891512D0,                      0000453P   1464
-0.2954607878894693D0,-0.1199999999989489D0,-1.2175D0,-0.295D0,  0000453P   1465
-0.12D0,0.3709034145812527D0,0.3736755121798422D0,               0000453P   1466
-0.7060446554105566D0,0.7081673139634364D0,0.0D0,0,1,433;        0000453P   1467
126,3,3,1,0,1,0,0.3736755121798422D0,0.3736755121798422D0,       0000455P   1468
0.3736755121798422D0,0.3736755121798422D0,0.6686755121798438D0,  0000455P   1469
0.6686755121798438D0,0.6686755121798438D0,0.6686755121798438D0,  0000455P   1470
1.0D0,1.0D0,1.0D0,1.0D0,-1.2175D0,-0.295D0,-0.12D0,-1.2175D0,    0000455P   1471
-0.1966666666666659D0,-0.12D0,-1.2175D0,-0.09833333333333216D0,  0000455P   1472
-0.12D0,-1.2175D0,1.464106613724425D-15,-0.12D0,                 0000455P   1473
0.3736755121798422D0,0.6686755121798438D0,0.0D0,0.0D0,1.0D0,0,1, 0000455P   1474
433;                                                             0000455P   1475
126,2,2,1,0,0,0,0.6686755121798438D0,0.6686755121798438D0,       0000457P   1476
0.6686755121798438D0,1.668675512179844D0,1.668675512179844D0,    0000457P   1477
1.668675512179844D0,1.0D0,0.7071067811865134D0,1.0D0,-1.2175D0,  0000457P   1478
1.464106613724426D-15,-0.1200000000000001D0,-1.2225D0,           0000457P   1479
1.442522446415788D-15,-0.1200000000000001D0,-1.2225D0,           0000457P   1480
1.304512053934559D-15,-0.115D0,0.6686755121798438D0,             0000457P   1481
1.668675512179844D0,0.0D0,1.0D0,0.0D0,0,1,433;                   0000457P   1482
126,3,3,1,0,1,0,1.668675512179844D0,1.668675512179844D0,         0000459P   1483
1.668675512179844D0,1.668675512179844D0,1.96367551217985D0,      0000459P   1484
1.96367551217985D0,1.96367551217985D0,1.96367551217985D0,1.0D0,  0000459P   1485
1.0D0,1.0D0,1.0D0,-1.2225D0,1.304512053934559D-15,-0.115D0,      0000459P   1486
-1.2225D0,-0.09833333333333422D0,-0.115D0,-1.2225D0,             0000459P   1487
-0.1966666666666697D0,-0.115D0,-1.2225D0,-0.2950000000000051D0,  0000459P   1488
-0.115D0,1.668675512179844D0,1.96367551217985D0,0.0D0,0.0D0,     0000459P   1489
1.0D0,0,1,433;                                                   0000459P   1490
126,3,3,1,0,1,0,1.96367551217985D0,1.96367551217985D0,           0000461P   1491
1.96367551217985D0,1.96367551217985D0,1.968709101929785D0,       0000461P   1492
1.968709101929785D0,1.968709101929785D0,1.968709101929785D0,     0000461P   1493
1.0D0,1.0D0,1.0D0,1.0D0,-1.2225D0,-0.2950000000000052D0,         0000461P   1494
-0.115D0,-1.2225D0,-0.2958367011333969D0,-0.1158367011333934D0,  0000461P   1495
-1.222206510613994D0,-0.2969668916527941D0,-0.116966891652792D0, 0000461P   1496
-1.221533739794523D0,-0.2979410842040935D0,                      0000461P   1497
-0.1179410842040927D0,1.96367551217985D0,1.968709101929785D0,    0000461P   1498
1.0D0,0.0D0,0.0D0,0,1,433;                                       0000461P   1499
102,6,451,453,455,457,459,461,0,1,433;                           0000463P   1500
142,0,435,449,463,1,0,1,433;                                     0000465P   1501
144,435,1,0,465,0,1,433;                                         0000467P   1502
406,1,7HTrimSrf;                                                 0000469P   1503
128,1,1,1,1,0,0,1,0,0,0.0D0,0.0D0,0.25D0,0.25D0,                 0000471P   1504
5.489999999999999D0,5.489999999999999D0,6.09D0,6.09D0,1.0D0,     0000471P   1505
1.0D0,1.0D0,1.0D0,-1.2225D0,-0.299999999999997D0,                0000471P   1506
-0.1200000000000064D0,-1.2225D0,-0.3000000000000024D0,           0000471P   1507
0.1299999999999936D0,-1.2225D0,0.3000000000000029D0,             0000471P   1508
-0.1199999999999936D0,-1.2225D0,0.2999999999999976D0,            0000471P   1509
0.1300000000000064D0,0.0D0,0.25D0,5.489999999999999D0,6.09D0,0,  0000471P   1510
1,469;                                                           0000471P   1511
126,3,3,1,0,1,0,1.01235016685715D0,1.01235016685715D0,           0000473P   1512
1.01235016685715D0,1.01235016685715D0,1.12735016685715D0,        0000473P   1513
1.12735016685715D0,1.12735016685715D0,1.12735016685715D0,1.0D0,  0000473P   1514
1.0D0,1.0D0,1.0D0,0.005000000000000004D0,5.789999999999999D0,    0000473P   1515
0.0D0,0.04333333333333333D0,5.789999999999999D0,0.0D0,           0000473P   1516
0.08166666666666667D0,5.789999999999999D0,0.0D0,0.12D0,          0000473P   1517
5.789999999999999D0,0.0D0,1.01235016685715D0,1.12735016685715D0, 0000473P   1518
0.0D0,0.0D0,1.0D0,0,1,469;                                       0000473P   1519
126,3,3,1,0,1,0,1.12735016685715D0,1.12735016685715D0,           0000475P   1520
1.12735016685715D0,1.12735016685715D0,1.42235016685715D0,        0000475P   1521
1.42235016685715D0,1.42235016685715D0,1.42235016685715D0,1.0D0,  0000475P   1522
1.0D0,1.0D0,1.0D0,0.12D0,5.789999999999999D0,0.0D0,0.12D0,       0000475P   1523
5.888333333333333D0,0.0D0,0.12D0,5.986666666666665D0,0.0D0,      0000475P   1524
0.12D0,6.084999999999999D0,0.0D0,1.12735016685715D0,             0000475P   1525
1.42235016685715D0,0.0D0,0.0D0,1.0D0,0,1,469;                    0000475P   1526
126,3,3,1,0,1,0,1.42235016685715D0,1.42235016685715D0,           0000477P   1527
1.42235016685715D0,1.42235016685715D0,1.53735016685715D0,        0000477P   1528
1.53735016685715D0,1.53735016685715D0,1.53735016685715D0,1.0D0,  0000477P   1529
1.0D0,1.0D0,1.0D0,0.12D0,6.084999999999999D0,0.0D0,              0000477P   1530
0.08166666666666662D0,6.084999999999999D0,0.0D0,                 0000477P   1531
0.0433333333333333D0,6.084999999999999D0,0.0D0,                  0000477P   1532
0.005000000000000005D0,6.085D0,0.0D0,1.42235016685715D0,         0000477P   1533
1.53735016685715D0,0.0D0,0.0D0,1.0D0,0,1,469;                    0000477P   1534
126,3,3,1,0,1,0,1.53735016685715D0,1.53735016685715D0,           0000479P   1535
1.53735016685715D0,1.53735016685715D0,1.832350166857153D0,       0000479P   1536
1.832350166857153D0,1.832350166857153D0,1.832350166857153D0,     0000479P   1537
1.0D0,1.0D0,1.0D0,1.0D0,0.005000000000000005D0,6.085D0,0.0D0,    0000479P   1538
0.005000000000000004D0,5.986666666666666D0,0.0D0,                0000479P   1539
0.005000000000000004D0,5.888333333333332D0,0.0D0,                0000479P   1540
0.005000000000000004D0,5.789999999999999D0,0.0D0,                0000479P   1541
1.53735016685715D0,1.832350166857153D0,0.0D0,0.0D0,1.0D0,0,1,    0000479P   1542
469;                                                             0000479P   1543
102,4,473,475,477,479,0,1,469;                                   0000481P   1544
126,1,1,1,0,1,0,1.01235016685715D0,1.01235016685715D0,           0000483P   1545
1.12735016685715D0,1.12735016685715D0,1.0D0,1.0D0,-1.2225D0,     0000483P   1546
2.378222009643131D-15,-0.1150000000000001D0,-1.2225D0,           0000483P   1547
-5.752417333703253D-17,-5.312186449694485D-30,                   0000483P   1548
1.01235016685715D0,1.12735016685715D0,1.0D0,0.0D0,0.0D0,0,1,469; 0000483P   1549
126,1,1,1,0,1,0,1.12735016685715D0,1.12735016685715D0,           0000485P   1550
1.42235016685715D0,1.42235016685715D0,1.0D0,1.0D0,-1.2225D0,     0000485P   1551
-5.752417333703253D-17,-5.312186449694485D-30,-1.2225D0,         0000485P   1552
0.2949999999999996D0,6.248218469383877D-15,1.12735016685715D0,   0000485P   1553
1.42235016685715D0,0.0D0,0.0D0,1.0D0,0,1,469;                    0000485P   1554
126,3,3,1,0,1,0,1.42235016685715D0,1.42235016685715D0,           0000487P   1555
1.42235016685715D0,1.42235016685715D0,1.53735016685715D0,        0000487P   1556
1.53735016685715D0,1.53735016685715D0,1.53735016685715D0,1.0D0,  0000487P   1557
1.0D0,1.0D0,1.0D0,-1.2225D0,0.2949999999999996D0,                0000487P   1558
6.248218469383877D-15,-1.2225D0,0.2950000000000006D0,            0000487P   1559
-0.03833333333332707D0,-1.2225D0,0.2950000000000018D0,           0000487P   1560
-0.07666666666666039D0,-1.2225D0,0.2950000000000029D0,           0000487P   1561
-0.1149999999999937D0,1.42235016685715D0,1.53735016685715D0,     0000487P   1562
1.0D0,0.0D0,0.0D0,0,1,469;                                       0000487P   1563
126,3,3,1,0,1,0,1.53735016685715D0,1.53735016685715D0,           0000489P   1564
1.53735016685715D0,1.53735016685715D0,1.832350166857153D0,       0000489P   1565
1.832350166857153D0,1.832350166857153D0,1.832350166857153D0,     0000489P   1566
1.0D0,1.0D0,1.0D0,1.0D0,-1.2225D0,0.2950000000000047D0,          0000489P   1567
-0.1149999999999937D0,-1.2225D0,0.1966666666666703D0,            0000489P   1568
-0.1149999999999958D0,-1.2225D0,0.09833333333333592D0,           0000489P   1569
-0.1149999999999979D0,-1.2225D0,1.517799165558632D-15,-0.115D0,  0000489P   1570
1.53735016685715D0,1.832350166857153D0,0.0D0,0.0D0,1.0D0,0,1,    0000489P   1571
469;                                                             0000489P   1572
102,4,483,485,487,489,0,1,469;                                   0000491P   1573
142,0,471,481,491,1,0,1,469;                                     0000493P   1574
144,471,1,0,493,0,1,469;                                         0000495P   1575
406,1,7HTrimSrf;                                                 0000497P   1576
128,2,3,2,3,0,0,0,0,0,0.0D0,0.0D0,0.0D0,1.0D0,1.0D0,1.0D0,       0000499P   1577
0.13D0,0.13D0,0.13D0,0.13D0,0.2499999999999999D0,                0000499P   1578
0.2499999999999999D0,0.2499999999999999D0,0.2499999999999999D0,  0000499P   1579
0.9999999999999998D0,0.7071067811865197D0,0.9999999999999998D0,  0000499P   1580
0.9999999999999998D0,0.7071067811865206D0,0.9999999999999998D0,  0000499P   1581
0.9999999999999999D0,0.7071067811865193D0,0.9999999999999999D0,  0000499P   1582
1.0D0,0.7071067811865133D0,1.0D0,-1.2225D0,0.2949999999998284D0, 0000499P   1583
6.248218469380252D-15,-1.2225D0,0.2999999999998285D0,            0000499P   1584
6.248629890268093D-15,-1.2175D0,0.2999999999998284D0,            0000499P   1585
6.336773242576143D-15,-1.2225D0,0.2949999999998292D0,            0000499P   1586
-0.03999999999999374D0,-1.2225D0,0.2999999999998293D0,           0000499P   1587
-0.03999999999999383D0,-1.2175D0,0.2999999999998292D0,           0000499P   1588
-0.03999999999999367D0,-1.2225D0,0.2949999999998302D0,           0000499P   1589
-0.07999999999999374D0,-1.2225D0,0.2999999999998302D0,           0000499P   1590
-0.07999999999999398D0,-1.2175D0,0.2999999999998301D0,           0000499P   1591
-0.07999999999999367D0,-1.2225D0,0.2949999999998311D0,           0000499P   1592
-0.1199999999999937D0,-1.2225D0,0.2999999999998312D0,            0000499P   1593
-0.1199999999999937D0,-1.2175D0,0.299999999999831D0,             0000499P   1594
-0.1199999999999936D0,0.0D0,1.0D0,0.13D0,0.2499999999999999D0,0, 0000499P   1595
1,497;                                                           0000499P   1596
126,3,3,1,0,1,0,0.00647257486022697D0,0.00647257486022697D0,     0000501P   1597
0.00647257486022697D0,0.00647257486022697D0,                     0000501P   1598
0.01090017214894439D0,0.01090017214894439D0,                     0000501P   1599
0.01090017214894439D0,0.01090017214894439D0,1.0D0,1.0D0,1.0D0,   0000501P   1600
1.0D0,0.4078815668004812D0,0.2479605921659976D0,0.0D0,           0000501P   1601
0.2830490207381861D0,0.2471189788859462D0,0.0D0,                 0000501P   1602
0.1542809991712558D0,0.2460909314072222D0,0.0D0,0.0D0,           0000501P   1603
0.2449999999999998D0,0.0D0,0.00647257486022697D0,                0000501P   1604
0.01090017214894439D0,0.0D0,0.0D0,1.0D0,0,1,497;                 0000501P   1605
126,3,3,1,0,1,0,0.01090017214894439D0,0.01090017214894439D0,     0000503P   1606
0.01090017214894439D0,0.01090017214894439D0,                     0000503P   1607
0.1259001721489442D0,0.1259001721489442D0,0.1259001721489442D0,  0000503P   1608
0.1259001721489442D0,1.0D0,1.0D0,1.0D0,1.0D0,0.0D0,              0000503P   1609
0.2449999999999998D0,0.0D0,0.0D0,0.2066666666666665D0,0.0D0,     0000503P   1610
0.0D0,0.1683333333333333D0,0.0D0,0.0D0,0.13D0,0.0D0,             0000503P   1611
0.01090017214894439D0,0.1259001721489442D0,0.0D0,0.0D0,1.0D0,0,  0000503P   1612
1,497;                                                           0000503P   1613
126,3,3,1,0,1,0,0.1259001721489442D0,0.1259001721489442D0,       0000505P   1614
0.1259001721489442D0,0.1259001721489442D0,1.125900172148944D0,   0000505P   1615
1.125900172148944D0,1.125900172148944D0,1.125900172148944D0,     0000505P   1616
1.0D0,1.0D0,1.0D0,1.0D0,0.0D0,0.13D0,0.0D0,0.3333333333333333D0, 0000505P   1617
0.13D0,0.0D0,0.6666666666666666D0,0.13D0,0.0D0,1.0D0,0.13D0,     0000505P   1618
0.0D0,0.1259001721489442D0,1.125900172148944D0,0.0D0,0.0D0,      0000505P   1619
1.0D0,0,1,497;                                                   0000505P   1620
126,3,3,1,0,1,0,1.125900172148944D0,1.125900172148944D0,         0000507P   1621
1.125900172148944D0,1.125900172148944D0,1.240900172148944D0,     0000507P   1622
1.240900172148944D0,1.240900172148944D0,1.240900172148944D0,     0000507P   1623
1.0D0,1.0D0,1.0D0,1.0D0,1.0D0,0.13D0,0.0D0,1.0D0,                0000507P   1624
0.1683333333333333D0,0.0D0,1.0D0,0.2066666666666666D0,0.0D0,     0000507P   1625
1.0D0,0.2449999999999999D0,0.0D0,1.125900172148944D0,            0000507P   1626
1.240900172148944D0,0.0D0,0.0D0,1.0D0,0,1,497;                   0000507P   1627
126,3,3,1,0,1,0,1.240900172148944D0,1.240900172148944D0,         0000509P   1628
1.240900172148944D0,1.240900172148944D0,1.833026005522545D0,     0000509P   1629
1.833026005522545D0,1.833026005522545D0,1.833026005522545D0,     0000509P   1630
1.0D0,1.0D0,1.0D0,1.0D0,1.0D0,0.2449999999999999D0,0.0D0,        0000509P   1631
0.8026271889334936D0,0.2459868640553325D0,0.0D0,                 0000509P   1632
0.6052543778669874D0,0.2469737281106651D0,0.0D0,                 0000509P   1633
0.4078815668004812D0,0.2479605921659976D0,0.0D0,                 0000509P   1634
1.240900172148944D0,1.833026005522545D0,0.0D0,0.0D0,1.0D0,0,1,   0000509P   1635
497;                                                             0000509P   1636
102,5,501,503,505,507,509,0,1,497;                               0000511P   1637
126,3,3,1,0,1,0,0.00583576541985167D0,0.00583576541985167D0,     0000513P   1638
0.00583576541985167D0,0.00583576541985167D0,                     0000513P   1639
0.01090017214894439D0,0.01090017214894439D0,                     0000513P   1640
0.01090017214894439D0,0.01090017214894439D0,1.0D0,1.0D0,1.0D0,   0000513P   1641
1.0D0,-1.221527596690557D0,0.2979555395921829D0,                 0000513P   1642
-0.1179628474016359D0,-1.222203222597908D0,0.296979527259762D0,  0000513P   1643
-0.1169795272407263D0,-1.222499999996731D0,0.2958413749317561D0, 0000513P   1644
-0.1158413749239564D0,-1.2225D0,0.294999999999831D0,             0000513P   1645
-0.1149999999999936D0,0.00583576541985167D0,                     0000513P   1646
0.01090017214894439D0,0.0D0,0.7097391790376275D0,                0000513P   1647
0.7044645468290045D0,0,1,497;                                    0000513P   1648
126,3,3,1,0,1,0,0.01090017214894439D0,0.01090017214894439D0,     0000515P   1649
0.01090017214894439D0,0.01090017214894439D0,                     0000515P   1650
0.1259001721489441D0,0.1259001721489441D0,0.1259001721489441D0,  0000515P   1651
0.1259001721489441D0,1.0D0,1.0D0,1.0D0,1.0D0,                    0000515P   1652
-1.222499999999999D0,0.2949999999998309D0,-0.1149999999999935D0, 0000515P   1653
-1.222499999999999D0,0.29499999999983D0,-0.07666666666666026D0,  0000515P   1654
-1.222499999999999D0,0.2949999999998292D0,-0.038333333333327D0,  0000515P   1655
-1.2225D0,0.2949999999998284D0,6.248218469380252D-15,            0000515P   1656
0.01090017214894439D0,0.1259001721489441D0,1.0D0,0.0D0,0.0D0,0,  0000515P   1657
1,497;                                                           0000515P   1658
126,2,2,1,0,0,0,0.1259001721489441D0,0.1259001721489441D0,       0000517P   1659
0.1259001721489441D0,1.125900172148944D0,1.125900172148944D0,    0000517P   1660
1.125900172148944D0,1.0D0,0.7071067811865198D0,1.0D0,-1.2225D0,  0000517P   1661
0.2949999999998284D0,6.248218469380252D-15,-1.2225D0,            0000517P   1662
0.2999999999998285D0,6.248629890268093D-15,-1.2175D0,            0000517P   1663
0.2999999999998284D0,6.336773242576143D-15,0.1259001721489441D0, 0000517P   1664
1.125900172148944D0,-0.0D0,-0.0D0,-1.0D0,0,1,497;                0000517P   1665
126,3,3,1,0,1,0,1.125900172148944D0,1.125900172148944D0,         0000519P   1666
1.125900172148944D0,1.125900172148944D0,1.240900172148944D0,     0000519P   1667
1.240900172148944D0,1.240900172148944D0,1.240900172148944D0,     0000519P   1668
1.0D0,1.0D0,1.0D0,1.0D0,-1.2175D0,0.2999999999998283D0,          0000519P   1669
6.336773242576141D-15,-1.2175D0,0.2999999999998292D0,            0000519P   1670
-0.03833333333332699D0,-1.2175D0,0.29999999999983D0,             0000519P   1671
-0.07666666666666029D0,-1.2175D0,0.2999999999998308D0,           0000519P   1672
-0.1149999999999936D0,1.125900172148944D0,1.240900172148944D0,   0000519P   1673
1.0D0,0.0D0,0.0D0,0,1,497;                                       0000519P   1674
126,5,3,1,0,1,0,1.240900172148944D0,1.240900172148944D0,         0000521P   1675
1.240900172148944D0,1.240900172148944D0,1.740906422109882D0,     0000521P   1676
1.740906422109882D0,1.833477059549585D0,1.833477059549585D0,     0000521P   1677
1.833477059549585D0,1.833477059549585D0,1.0D0,1.0D0,1.0D0,1.0D0, 0000521P   1678
1.0D0,1.0D0,-1.2175D0,0.2999999999998308D0,                      0000521P   1679
-0.1149999999999936D0,-1.218678511301977D0,0.2999999999998309D0, 0000521P   1680
-0.115833333333327D0,-1.220059223176554D0,0.2995118446351419D0,  0000521P   1681
-0.1166666666666603D0,-1.221216287059648D0,0.2983547807520485D0, 0000521P   1682
-0.1176542824672078D0,-1.221380307987856D0,0.2981601661688658D0, 0000521P   1683
-0.1178085649344218D0,-1.221527596690557D0,0.2979555395921829D0, 0000521P   1684
-0.1179628474016359D0,1.240900172148944D0,1.833477059549585D0,   0000521P   1685
0.0D0,1.0D0,0.0D0,0,1,497;                                       0000521P   1686
102,5,513,515,517,519,521,0,1,497;                               0000523P   1687
142,0,499,511,523,1,0,1,497;                                     0000525P   1688
144,499,1,0,525,0,1,497;                                         0000527P   1689
406,1,7HTrimSrf;                                                 0000529P   1690
128,2,3,2,3,0,0,0,0,0,0.0D0,0.0D0,0.0D0,1.0D0,1.0D0,1.0D0,       0000531P   1691
0.2999999999999987D0,0.2999999999999987D0,0.2999999999999987D0,  0000531P   1692
0.2999999999999987D0,1.690445115010343D0,1.690445115010343D0,    0000531P   1693
1.690445115010343D0,1.690445115010343D0,0.9999999999999998D0,    0000531P   1694
0.7071067811865133D0,0.9999999999999998D0,1.0D0,                 0000531P   1695
0.7071067811865124D0,1.0D0,1.0D0,0.7071067811865164D0,1.0D0,     0000531P   1696
1.000000000000021D0,0.7071067811865204D0,1.000000000000021D0,    0000531P   1697
-1.2225D0,1.517799165558632D-15,-0.115D0,-1.2225D0,              0000531P   1698
1.485690781033065D-15,-0.1200000000000001D0,-1.2175D0,           0000531P   1699
1.464106613724426D-15,-0.1200000000000001D0,-1.2225D0,           0000531P   1700
0.4634817050034493D0,-0.1149999999999901D0,-1.222500000000002D0, 0000531P   1701
0.4634817050034491D0,-0.1199999999999905D0,-1.217499999999999D0, 0000531P   1702
0.4634817050034485D0,-0.1199999999999902D0,-1.2225D0,            0000531P   1703
0.9269634100068967D0,-0.1149999999999806D0,-1.222499999999995D0, 0000531P   1704
0.9269634100068919D0,-0.11999999999998D0,-1.217500000000004D0,   0000531P   1705
0.9269634100068971D0,-0.1199999999999804D0,-1.222499999999974D0, 0000531P   1706
1.39044511501032D0,-0.1149999999999694D0,-1.222499999999988D0,   0000531P   1707
1.390445115010378D0,-0.1199999999999695D0,-1.217499999999981D0,  0000531P   1708
1.390445115010361D0,-0.119999999999967D0,0.0D0,1.0D0,            0000531P   1709
0.2999999999999987D0,1.690445115010343D0,0,1,529;                0000531P   1710
126,3,3,1,0,1,0,-0.004385979451174225D0,-0.004385979451174225D0, 0000533P   1711
-0.004385979451174225D0,-0.004385979451174225D0,                 0000533P   1712
-4.820721218504168D-17,-4.820721218504168D-17,                   0000533P   1713
-4.820721218504168D-17,-4.820721218504168D-17,1.0D0,1.0D0,1.0D0, 0000533P   1714
1.0D0,0.4138505018605498D0,0.5978440857769378D0,0.0D0,           0000533P   1715
0.2774655016871694D0,0.5969918651750421D0,0.0D0,                 0000533P   1716
0.1398929898866585D0,0.5959891928178964D0,0.0D0,                 0000533P   1717
4.612778825167827D-15,0.5950000000000053D0,0.0D0,                0000533P   1718
-0.004385979451174225D0,-4.820721218504168D-17,0.0D0,0.0D0,      0000533P   1719
1.0D0,0,1,529;                                                   0000533P   1720
126,3,3,1,0,1,0,-4.820721218504168D-17,-4.820721218504168D-17,   0000535P   1721
-4.820721218504168D-17,-4.820721218504168D-17,                   0000535P   1722
0.2950000000000066D0,0.2950000000000066D0,0.2950000000000066D0,  0000535P   1723
0.2950000000000066D0,1.0D0,1.0D0,1.0D0,1.0D0,                    0000535P   1724
4.612778825167827D-15,0.5950000000000053D0,0.0D0,0.0D0,          0000535P   1725
0.4966666666666698D0,0.0D0,0.0D0,0.3983333333333343D0,0.0D0,     0000535P   1726
0.0D0,0.2999999999999987D0,0.0D0,-4.820721218504168D-17,         0000535P   1727
0.2950000000000066D0,0.0D0,0.0D0,1.0D0,0,1,529;                  0000535P   1728
126,3,3,1,0,1,0,0.2950000000000066D0,0.2950000000000066D0,       0000537P   1729
0.2950000000000066D0,0.2950000000000066D0,1.295000000000007D0,   0000537P   1730
1.295000000000007D0,1.295000000000007D0,1.295000000000007D0,     0000537P   1731
1.0D0,1.0D0,1.0D0,1.0D0,0.0D0,0.2999999999999987D0,0.0D0,        0000537P   1732
0.3333333333333333D0,0.2999999999999987D0,0.0D0,                 0000537P   1733
0.6666666666666666D0,0.2999999999999987D0,0.0D0,1.0D0,           0000537P   1734
0.2999999999999987D0,0.0D0,0.2950000000000066D0,                 0000537P   1735
1.295000000000007D0,0.0D0,0.0D0,1.0D0,0,1,529;                   0000537P   1736
126,3,3,1,0,1,0,1.295000000000007D0,1.295000000000007D0,         0000539P   1737
1.295000000000007D0,1.295000000000007D0,1.590000000000009D0,     0000539P   1738
1.590000000000009D0,1.590000000000009D0,1.590000000000009D0,     0000539P   1739
1.0D0,1.0D0,1.0D0,1.0D0,1.0D0,0.2999999999999987D0,0.0D0,1.0D0,  0000539P   1740
0.3983333333333325D0,0.0D0,1.0D0,0.4966666666666663D0,0.0D0,     0000539P   1741
1.0D0,0.5950000000000002D0,0.0D0,1.295000000000007D0,            0000539P   1742
1.590000000000009D0,0.0D0,0.0D0,1.0D0,0,1,529;                   0000539P   1743
126,6,3,1,0,1,0,1.590000000000009D0,1.590000000000009D0,         0000541P   1744
1.590000000000009D0,1.590000000000009D0,1.592209476295912D0,     0000541P   1745
1.592209476295912D0,1.592209476295912D0,1.592213608607542D0,     0000541P   1746
1.592213608607542D0,1.592213608607542D0,1.592213608607542D0,     0000541P   1747
1.0D0,1.0D0,1.0D0,1.0D0,1.0D0,1.0D0,1.0D0,1.0D0,                 0000541P   1748
0.5950000000000002D0,0.0D0,0.9227267055618067D0,                 0000541P   1749
0.595546404705019D0,0.0D0,0.8518798648830506D0,                  0000541P   1750
0.596076734369769D0,0.0D0,0.7846365534264537D0,                  0000541P   1751
0.5965682111332636D0,0.0D0,0.7846351805560485D0,                 0000541P   1752
0.5965682192617144D0,0.0D0,0.7846338076856448D0,                 0000541P   1753
0.5965682273901285D0,0.0D0,0.7846324348152425D0,                 0000541P   1754
0.5965682355185059D0,0.0D0,1.590000000000009D0,                  0000541P   1755
1.592213608607542D0,0.0D0,0.0D0,1.0D0,0,1,529;                   0000541P   1756
126,3,3,1,0,1,0,1.592213608607542D0,1.592213608607542D0,         0000543P   1757
1.592213608607542D0,1.592213608607542D0,1.963112890877165D0,     0000543P   1758
1.963112890877165D0,1.963112890877165D0,1.963112890877165D0,     0000543P   1759
1.0D0,1.0D0,1.0D0,1.0D0,0.7846324348152425D0,                    0000543P   1760
0.5965682355185059D0,0.0D0,0.6614092385846835D0,                 0000543P   1761
0.5972978052168163D0,0.0D0,0.5381975360221191D0,                 0000543P   1762
0.5977316688833394D0,0.0D0,0.4138505018605498D0,                 0000543P   1763
0.5978440857769378D0,0.0D0,1.592213608607542D0,                  0000543P   1764
1.963112890877165D0,0.0D0,0.0D0,1.0D0,0,1,529;                   0000543P   1765
102,6,533,535,537,539,541,543,0,1,529;                           0000545P   1766
126,3,3,1,0,1,0,-0.00503358974993506D0,-0.00503358974993506D0,   0000547P   1767
-0.00503358974993506D0,-0.00503358974993506D0,-0.0D0,-0.0D0,     0000547P   1768
-0.0D0,-0.0D0,1.0D0,1.0D0,1.0D0,1.0D0,-1.221533739794523D0,      0000547P   1769
0.2979410842040964D0,-0.1179410842040864D0,-1.222206510613994D0, 0000547P   1770
0.296966891652797D0,-0.1169668916527858D0,-1.2225D0,             0000547P   1771
0.2958367011333998D0,-0.1158367011333871D0,-1.2225D0,            0000547P   1772
0.295000000000008D0,-0.1149999999999937D0,                       0000547P   1773
-0.00503358974993506D0,-0.0D0,0.0D0,0.7071067811869908D0,        0000547P   1774
0.7071067811861044D0,0,1,529;                                    0000547P   1775
126,3,3,1,0,1,0,0.0D0,0.0D0,0.0D0,0.0D0,0.2950000000000066D0,    0000549P   1776
0.2950000000000066D0,0.2950000000000066D0,0.2950000000000066D0,  0000549P   1777
1.0D0,1.0D0,1.0D0,1.0D0,-1.2225D0,0.295000000000008D0,           0000549P   1778
-0.1149999999999937D0,-1.2225D0,0.1966666666666725D0,            0000549P   1779
-0.1149999999999958D0,-1.2225D0,0.09833333333333705D0,           0000549P   1780
-0.1149999999999979D0,-1.2225D0,1.517799165558632D-15,-0.115D0,  0000549P   1781
0.0D0,0.2950000000000066D0,0.0D0,0.0D0,1.0D0,0,1,529;            0000549P   1782
126,2,2,1,0,0,0,0.2950000000000066D0,0.2950000000000066D0,       0000551P   1783
0.2950000000000066D0,1.295000000000007D0,1.295000000000007D0,    0000551P   1784
1.295000000000007D0,1.0D0,0.7071067811865134D0,1.0D0,-1.2225D0,  0000551P   1785
1.517799165558632D-15,-0.115D0,-1.2225D0,1.485690781033065D-15,  0000551P   1786
-0.1200000000000001D0,-1.2175D0,1.464106613724426D-15,           0000551P   1787
-0.1200000000000001D0,0.2950000000000066D0,1.295000000000007D0,  0000551P   1788
-0.0D0,-1.0D0,-0.0D0,0,1,529;                                    0000551P   1789
126,3,3,1,0,1,0,1.295000000000007D0,1.295000000000007D0,         0000553P   1790
1.295000000000007D0,1.295000000000007D0,1.590000000000008D0,     0000553P   1791
1.590000000000008D0,1.590000000000008D0,1.590000000000008D0,     0000553P   1792
1.0D0,1.0D0,1.0D0,1.0D0,-1.2175D0,1.464106613724425D-15,-0.12D0, 0000553P   1793
-1.2175D0,0.09833333333333509D0,-0.1199999999999979D0,-1.2175D0, 0000553P   1794
0.1966666666666688D0,-0.1199999999999959D0,-1.2175D0,            0000553P   1795
0.2950000000000029D0,-0.1199999999999938D0,1.295000000000007D0,  0000553P   1796
1.590000000000008D0,0.0D0,0.0D0,1.0D0,0,1,529;                   0000553P   1797
126,3,3,1,0,1,0,1.590000000000008D0,1.590000000000008D0,         0000555P   1798
1.590000000000008D0,1.590000000000008D0,1.592772097598598D0,     0000555P   1799
1.592772097598598D0,1.592772097598598D0,1.592772097598598D0,     0000555P   1800
1.0D0,1.0D0,1.0D0,1.0D0,-1.2175D0,0.2950000000000029D0,          0000555P   1801
-0.1199999999999938D0,-1.217960787891512D0,0.2954607878894722D0, 0000555P   1802
-0.1199999999989427D0,-1.218510588857347D0,0.2960105888527886D0, 0000555P   1803
-0.1199109869235545D0,-1.219075147995595D0,0.2965734557831927D0, 0000555P   1804
-0.119717761347843D0,1.590000000000008D0,1.592772097598598D0,    0000555P   1805
0.0D0,0.0D0,1.0D0,0,1,529;                                       0000555P   1806
126,3,3,1,0,1,0,1.592772097598598D0,1.592772097598598D0,         0000557P   1807
1.592772097598598D0,1.592772097598598D0,1.96367551217985D0,      0000557P   1808
1.96367551217985D0,1.96367551217985D0,1.96367551217985D0,1.0D0,  0000557P   1809
1.0D0,1.0D0,1.0D0,-1.219075147995595D0,0.2965734557831927D0,     0000557P   1810
-0.119717761347843D0,-1.220008469230793D0,0.2973293016131258D0,  0000557P   1811
-0.1193977698710147D0,-1.220909937771297D0,0.2977955163146612D0, 0000557P   1812
-0.1187642330366383D0,-1.221533739794523D0,0.2979410842040964D0, 0000557P   1813
-0.1179410842040864D0,1.592772097598598D0,1.96367551217985D0,    0000557P   1814
-0.6293491532074691D0,-0.777122669439672D0,0.0D0,0,1,529;        0000557P   1815
102,6,547,549,551,553,555,557,0,1,529;                           0000559P   1816
142,0,531,545,559,1,0,1,529;                                     0000561P   1817
144,531,1,0,561,0,1,529;                                         0000563P   1818
406,1,7HTrimSrf;                                                 0000565P   1819
128,1,1,1,1,0,0,1,0,0,0.0D0,0.0D0,0.25D0,0.25D0,0.0D0,0.0D0,     0000567P   1820
2.445D0,2.445D0,1.0D0,1.0D0,1.0D0,1.0D0,-1.2225D0,               0000567P   1821
0.3000000000000029D0,-0.1199999999999936D0,-1.2225D0,            0000567P   1822
0.2999999999999976D0,0.1300000000000064D0,1.2225D0,              0000567P   1823
0.3000000000000029D0,-0.1199999999999936D0,1.2225D0,             0000567P   1824
0.2999999999999976D0,0.1300000000000064D0,0.0D0,0.25D0,0.0D0,    0000567P   1825
2.445D0,0,1,565;                                                 0000567P   1826
126,3,3,1,0,1,0,-1.2225D0,-1.2225D0,-1.2225D0,-1.2225D0,         0000569P   1827
-0.004999999999999671D0,-0.004999999999999671D0,                 0000569P   1828
-0.004999999999999671D0,-0.004999999999999671D0,1.0D0,1.0D0,     0000569P   1829
1.0D0,1.0D0,0.005000000000000004D0,1.2225D0,0.0D0,               0000569P   1830
0.005000000000000004D0,0.8166666666666667D0,0.0D0,               0000569P   1831
0.005000000000000004D0,0.4108333333333332D0,0.0D0,               0000569P   1832
0.005000000000000002D0,0.004999999999999893D0,0.0D0,-1.2225D0,   0000569P   1833
-0.004999999999999671D0,0.0D0,0.0D0,1.0D0,0,1,565;               0000569P   1834
126,3,3,1,0,1,0,-0.004999999999999671D0,-0.004999999999999671D0, 0000571P   1835
-0.004999999999999671D0,-0.004999999999999671D0,                 0000571P   1836
0.1100000000000002D0,0.1100000000000002D0,0.1100000000000002D0,  0000571P   1837
0.1100000000000002D0,1.0D0,1.0D0,1.0D0,1.0D0,                    0000571P   1838
0.005000000000000002D0,0.004999999999999893D0,0.0D0,             0000571P   1839
0.04333333333333329D0,0.004999999999999893D0,0.0D0,              0000571P   1840
0.08166666666666661D0,0.004999999999999893D0,0.0D0,0.12D0,       0000571P   1841
0.004999999999999893D0,0.0D0,-0.004999999999999671D0,            0000571P   1842
0.1100000000000002D0,0.0D0,0.0D0,1.0D0,0,1,565;                  0000571P   1843
126,3,3,1,0,1,0,0.1100000000000002D0,0.1100000000000002D0,       0000573P   1844
0.1100000000000002D0,0.1100000000000002D0,1.327500000000001D0,   0000573P   1845
1.327500000000001D0,1.327500000000001D0,1.327500000000001D0,     0000573P   1846
1.0D0,1.0D0,1.0D0,1.0D0,0.12D0,0.004999999999999893D0,0.0D0,     0000573P   1847
0.12D0,0.4108333333333334D0,0.0D0,0.12D0,0.8166666666666668D0,   0000573P   1848
0.0D0,0.1199999999999996D0,1.2225D0,0.0D0,0.1100000000000002D0,  0000573P   1849
1.327500000000001D0,0.0D0,0.0D0,1.0D0,0,1,565;                   0000573P   1850
126,3,3,1,0,1,0,1.327500000000001D0,1.327500000000001D0,         0000575P   1851
1.327500000000001D0,1.327500000000001D0,1.4425D0,1.4425D0,       0000575P   1852
1.4425D0,1.4425D0,1.0D0,1.0D0,1.0D0,1.0D0,0.1199999999999996D0,  0000575P   1853
1.2225D0,0.0D0,0.08166666666666636D0,1.2225D0,0.0D0,             0000575P   1854
0.04333333333333319D0,1.2225D0,0.0D0,0.005000000000000004D0,     0000575P   1855
1.2225D0,0.0D0,1.327500000000001D0,1.4425D0,0.0D0,0.0D0,1.0D0,0, 0000575P   1856
1,565;                                                           0000575P   1857
102,4,569,571,573,575,0,1,565;                                   0000577P   1858
126,3,3,1,0,1,0,-1.222500000000001D0,-1.222500000000001D0,       0000579P   1859
-1.222500000000001D0,-1.222500000000001D0,                       0000579P   1860
-0.004999999999999895D0,-0.004999999999999895D0,                 0000579P   1861
-0.004999999999999895D0,-0.004999999999999895D0,1.0D0,1.0D0,     0000579P   1862
1.0D0,1.0D0,6.106226635438361D-16,0.300000000000003D0,           0000579P   1863
-0.1149999999999937D0,-0.4058333333333332D0,0.300000000000003D0, 0000579P   1864
-0.1149999999999937D0,-0.8116666666666668D0,0.300000000000003D0, 0000579P   1865
-0.1149999999999937D0,-1.2175D0,0.300000000000003D0,             0000579P   1866
-0.1149999999999936D0,-1.222500000000001D0,                      0000579P   1867
-0.004999999999999895D0,0.0D0,0.0D0,1.0D0,0,1,565;               0000579P   1868
126,3,3,1,0,1,0,-0.004999999999999895D0,-0.004999999999999895D0, 0000581P   1869
-0.004999999999999895D0,-0.004999999999999895D0,0.11D0,0.11D0,   0000581P   1870
0.11D0,0.11D0,1.0D0,1.0D0,1.0D0,1.0D0,-1.2175D0,                 0000581P   1871
0.300000000000003D0,-0.1149999999999936D0,-1.2175D0,             0000581P   1872
0.300000000000002D0,-0.0766666666666603D0,-1.2175D0,             0000581P   1873
0.3000000000000013D0,-0.03833333333332697D0,-1.2175D0,           0000581P   1874
0.3000000000000004D0,6.354120477339553D-15,                      0000581P   1875
-0.004999999999999895D0,0.11D0,1.0D0,0.0D0,0.0D0,0,1,565;        0000581P   1876
126,1,1,1,0,1,0,0.11D0,0.11D0,1.3275D0,1.3275D0,1.0D0,1.0D0,     0000583P   1877
-1.2175D0,0.3000000000000004D0,6.354120477339553D-15,            0000583P   1878
2.220446049250313D-16,0.3000000000000004D0,                      0000583P   1879
6.354120477339553D-15,0.11D0,1.3275D0,0.0D0,0.0D0,1.0D0,0,1,565; 0000583P   1880
126,1,1,1,0,1,0,1.3275D0,1.3275D0,1.4425D0,1.4425D0,1.0D0,1.0D0, 0000585P   1881
2.220446049250313D-16,0.3000000000000004D0,                      0000585P   1882
6.354120477339553D-15,6.106226635438361D-16,0.300000000000003D0, 0000585P   1883
-0.1149999999999937D0,1.3275D0,1.4425D0,1.0D0,0.0D0,0.0D0,0,1,   0000585P   1884
565;                                                             0000585P   1885
102,4,579,581,583,585,0,1,565;                                   0000587P   1886
142,0,567,577,587,1,0,1,565;                                     0000589P   1887
144,567,1,0,589,0,1,565;                                         0000591P   1888
406,1,7HTrimSrf;                                                 0000593P   1889
128,1,1,1,1,0,0,1,0,0,0.0D0,0.0D0,2.445D0,2.445D0,0.0D0,0.0D0,   0000595P   1890
0.6D0,0.6D0,1.0D0,1.0D0,1.0D0,1.0D0,-1.2225D0,                   0000595P   1891
0.3000000000000029D0,-0.1199999999999936D0,1.2225D0,             0000595P   1892
0.3000000000000029D0,-0.1199999999999936D0,-1.2225D0,            0000595P   1893
-0.299999999999997D0,-0.1200000000000064D0,1.2225D0,             0000595P   1894
-0.299999999999997D0,-0.1200000000000064D0,0.0D0,2.445D0,0.0D0,  0000595P   1895
0.6D0,0,1,593;                                                   0000595P   1896
126,3,3,1,0,1,0,-0.6210437979468572D0,-0.6210437979468572D0,     0000597P   1897
-0.6210437979468572D0,-0.6210437979468572D0,                     0000597P   1898
-0.3260437979468574D0,-0.3260437979468574D0,                     0000597P   1899
-0.3260437979468574D0,-0.3260437979468574D0,1.0D0,1.0D0,1.0D0,   0000597P   1900
1.0D0,1.2225D0,0.005000000000000005D0,0.0D0,1.2225D0,            0000597P   1901
0.1033333333333333D0,0.0D0,1.2225D0,0.2016666666666666D0,0.0D0,  0000597P   1902
1.2225D0,0.3D0,0.0D0,-0.6210437979468572D0,                      0000597P   1903
-0.3260437979468574D0,0.0D0,0.0D0,1.0D0,0,1,593;                 0000597P   1904
126,3,3,1,0,1,0,-0.3260437979468574D0,-0.3260437979468574D0,     0000599P   1905
-0.3260437979468574D0,-0.3260437979468574D0,                     0000599P   1906
0.8914562020531434D0,0.8914562020531434D0,0.8914562020531434D0,  0000599P   1907
0.8914562020531434D0,1.0D0,1.0D0,1.0D0,1.0D0,1.2225D0,0.3D0,     0000599P   1908
0.0D0,0.8166666666666668D0,0.3000000000000003D0,0.0D0,           0000599P   1909
0.4108333333333333D0,0.3000000000000004D0,0.0D0,                 0000599P   1910
0.004999999999999894D0,0.3000000000000005D0,0.0D0,               0000599P   1911
-0.3260437979468574D0,0.8914562020531434D0,0.0D0,0.0D0,1.0D0,0,  0000599P   1912
1,593;                                                           0000599P   1913
126,3,3,1,0,1,0,0.8914562020531434D0,0.8914562020531434D0,       0000601P   1914
0.8914562020531434D0,0.8914562020531434D0,1.186456202053144D0,   0000601P   1915
1.186456202053144D0,1.186456202053144D0,1.186456202053144D0,     0000601P   1916
1.0D0,1.0D0,1.0D0,1.0D0,0.004999999999999894D0,                  0000601P   1917
0.3000000000000005D0,0.0D0,0.004999999999999893D0,               0000601P   1918
0.201666666666667D0,0.0D0,0.004999999999999893D0,                0000601P   1919
0.1033333333333336D0,0.0D0,0.004999999999999891D0,               0000601P   1920
0.005000000000000004D0,0.0D0,0.8914562020531434D0,               0000601P   1921
1.186456202053144D0,0.0D0,0.0D0,1.0D0,0,1,593;                   0000601P   1922
126,3,3,1,0,1,0,1.186456202053144D0,1.186456202053144D0,         0000603P   1923
1.186456202053144D0,1.186456202053144D0,2.403956202053144D0,     0000603P   1924
2.403956202053144D0,2.403956202053144D0,2.403956202053144D0,     0000603P   1925
1.0D0,1.0D0,1.0D0,1.0D0,0.004999999999999891D0,                  0000603P   1926
0.005000000000000004D0,0.0D0,0.4108333333333336D0,               0000603P   1927
0.005000000000000004D0,0.0D0,0.8166666666666671D0,               0000603P   1928
0.005000000000000004D0,0.0D0,1.2225D0,0.005000000000000005D0,    0000603P   1929
0.0D0,1.186456202053144D0,2.403956202053144D0,0.0D0,0.0D0,1.0D0, 0000603P   1930
0,1,593;                                                         0000603P   1931
102,4,597,599,601,603,0,1,593;                                   0000605P   1932
126,1,1,1,0,1,0,-0.6210437979468574D0,-0.6210437979468574D0,     0000607P   1933
-0.3260437979468572D0,-0.3260437979468572D0,1.0D0,1.0D0,         0000607P   1934
4.718447854656915D-16,0.295000000000003D0,-0.1199999999999938D0, 0000607P   1935
2.220446049250313D-16,2.724877480588456D-15,-0.12D0,             0000607P   1936
-0.6210437979468574D0,-0.3260437979468572D0,0.0D0,0.0D0,1.0D0,0, 0000607P   1937
1,593;                                                           0000607P   1938
126,1,1,1,0,1,0,-0.3260437979468572D0,-0.3260437979468572D0,     0000609P   1939
0.8914562020531429D0,0.8914562020531429D0,1.0D0,1.0D0,           0000609P   1940
2.220446049250313D-16,2.724877480588456D-15,-0.12D0,-1.2175D0,   0000609P   1941
2.485108694339031D-15,-0.12D0,-0.3260437979468572D0,             0000609P   1942
0.8914562020531429D0,0.0D0,0.0D0,1.0D0,0,1,593;                  0000609P   1943
126,3,3,1,0,1,0,0.8914562020531429D0,0.8914562020531429D0,       0000611P   1944
0.8914562020531429D0,0.8914562020531429D0,1.186456202053143D0,   0000611P   1945
1.186456202053143D0,1.186456202053143D0,1.186456202053143D0,     0000611P   1946
1.0D0,1.0D0,1.0D0,1.0D0,-1.2175D0,2.485108694339031D-15,-0.12D0, 0000611P   1947
-1.2175D0,0.09833333333333584D0,-0.1199999999999979D0,-1.2175D0, 0000611P   1948
0.1966666666666693D0,-0.1199999999999959D0,-1.2175D0,            0000611P   1949
0.2950000000000032D0,-0.1199999999999938D0,0.8914562020531429D0, 0000611P   1950
1.186456202053143D0,0.0D0,0.0D0,1.0D0,0,1,593;                   0000611P   1951
126,3,3,1,0,1,0,1.186456202053143D0,1.186456202053143D0,         0000613P   1952
1.186456202053143D0,1.186456202053143D0,2.403956202053144D0,     0000613P   1953
2.403956202053144D0,2.403956202053144D0,2.403956202053144D0,     0000613P   1954
1.0D0,1.0D0,1.0D0,1.0D0,-1.2175D0,0.2950000000000032D0,          0000613P   1955
-0.1199999999999938D0,-0.8116666666666665D0,                     0000613P   1956
0.2950000000000032D0,-0.1199999999999938D0,-0.405833333333333D0, 0000613P   1957
0.2950000000000031D0,-0.1199999999999938D0,                      0000613P   1958
4.718447854656915D-16,0.295000000000003D0,-0.1199999999999938D0, 0000613P   1959
1.186456202053143D0,2.403956202053144D0,0.0D0,0.0D0,1.0D0,0,1,   0000613P   1960
593;                                                             0000613P   1961
102,4,607,609,611,613,0,1,593;                                   0000615P   1962
142,0,595,605,615,1,0,1,593;                                     0000617P   1963
144,595,1,0,617,0,1,593;                                         0000619P   1964
406,1,7HTrimSrf;                                                 0000621P   1965
128,1,1,1,1,0,0,1,0,0,0.0D0,0.0D0,0.6D0,0.6D0,0.0D0,0.0D0,       0000623P   1966
2.445D0,2.445D0,1.0D0,1.0D0,1.0D0,1.0D0,-1.2225D0,-0.3D0,        0000623P   1967
-0.12D0,-1.2225D0,0.3D0,-0.12D0,1.2225D0,-0.3D0,-0.12D0,         0000623P   1968
1.2225D0,0.3D0,-0.12D0,0.0D0,0.6D0,0.0D0,2.445D0,0,1,621;        0000623P   1969
126,3,3,1,0,1,0,-1.222500000000001D0,-1.222500000000001D0,       0000625P   1970
-1.222500000000001D0,-1.222500000000001D0,                       0000625P   1971
-0.005000000000000115D0,-0.005000000000000115D0,                 0000625P   1972
-0.005000000000000115D0,-0.005000000000000115D0,1.0D0,1.0D0,     0000625P   1973
1.0D0,1.0D0,0.005000000000000006D0,1.2225D0,0.0D0,               0000625P   1974
0.005000000000000004D0,0.8166666666666675D0,0.0D0,               0000625P   1975
0.005000000000000004D0,0.4108333333333338D0,0.0D0,               0000625P   1976
0.005000000000000004D0,0.004999999999999891D0,0.0D0,             0000625P   1977
-1.222500000000001D0,-0.005000000000000115D0,0.0D0,0.0D0,1.0D0,  0000625P   1978
0,1,621;                                                         0000625P   1979
126,3,3,1,0,1,0,-0.005000000000000115D0,-0.005000000000000115D0, 0000627P   1980
-0.005000000000000115D0,-0.005000000000000115D0,0.29D0,0.29D0,   0000627P   1981
0.29D0,0.29D0,1.0D0,1.0D0,1.0D0,1.0D0,0.005000000000000004D0,    0000627P   1982
0.004999999999999891D0,0.0D0,0.1033333333333336D0,               0000627P   1983
0.004999999999999893D0,0.0D0,0.201666666666667D0,                0000627P   1984
0.004999999999999893D0,0.0D0,0.3000000000000005D0,               0000627P   1985
0.004999999999999894D0,0.0D0,-0.005000000000000115D0,0.29D0,     0000627P   1986
0.0D0,0.0D0,1.0D0,0,1,621;                                       0000627P   1987
126,3,3,1,0,1,0,0.29D0,0.29D0,0.29D0,0.29D0,1.507500000000001D0, 0000629P   1988
1.507500000000001D0,1.507500000000001D0,1.507500000000001D0,     0000629P   1989
1.0D0,1.0D0,1.0D0,1.0D0,0.3000000000000005D0,                    0000629P   1990
0.004999999999999894D0,0.0D0,0.3000000000000004D0,               0000629P   1991
0.4108333333333333D0,0.0D0,0.3000000000000003D0,                 0000629P   1992
0.8166666666666668D0,0.0D0,0.3D0,1.2225D0,0.0D0,0.29D0,          0000629P   1993
1.507500000000001D0,0.0D0,0.0D0,1.0D0,0,1,621;                   0000629P   1994
126,3,3,1,0,1,0,1.507500000000001D0,1.507500000000001D0,         0000631P   1995
1.507500000000001D0,1.507500000000001D0,1.802500000000001D0,     0000631P   1996
1.802500000000001D0,1.802500000000001D0,1.802500000000001D0,     0000631P   1997
1.0D0,1.0D0,1.0D0,1.0D0,0.3D0,1.2225D0,0.0D0,                    0000631P   1998
0.2016666666666666D0,1.2225D0,0.0D0,0.1033333333333333D0,        0000631P   1999
1.2225D0,0.0D0,0.005000000000000006D0,1.2225D0,0.0D0,            0000631P   2000
1.507500000000001D0,1.802500000000001D0,0.0D0,0.0D0,1.0D0,0,1,   0000631P   2001
621;                                                             0000631P   2002
102,4,625,627,629,631,0,1,621;                                   0000633P   2003
126,3,3,1,0,1,0,-1.222500000000001D0,-1.222500000000001D0,       0000635P   2004
-1.222500000000001D0,-1.222500000000001D0,                       0000635P   2005
-0.005000000000000397D0,-0.005000000000000397D0,                 0000635P   2006
-0.005000000000000397D0,-0.005000000000000397D0,1.0D0,1.0D0,     0000635P   2007
1.0D0,1.0D0,1.360023205165817D-15,-0.295D0,-0.12D0,              0000635P   2008
-0.4058333333333324D0,-0.2950000000000001D0,-0.12D0,             0000635P   2009
-0.8116666666666662D0,-0.2950000000000003D0,                     0000635P   2010
-0.1200000000000001D0,-1.2175D0,-0.2950000000000003D0,-0.12D0,   0000635P   2011
-1.222500000000001D0,-0.005000000000000397D0,0.0D0,0.0D0,1.0D0,  0000635P   2012
0,1,621;                                                         0000635P   2013
126,3,3,1,0,1,0,-0.005000000000000397D0,-0.005000000000000397D0, 0000637P   2014
-0.005000000000000397D0,-0.005000000000000397D0,                 0000637P   2015
0.2899999999999998D0,0.2899999999999998D0,0.2899999999999998D0,  0000637P   2016
0.2899999999999998D0,1.0D0,1.0D0,1.0D0,1.0D0,-1.2175D0,          0000637P   2017
-0.2950000000000003D0,-0.12D0,-1.2175D0,-0.1966666666666664D0,   0000637P   2018
-0.12D0,-1.2175D0,-0.09833333333333291D0,-0.12D0,-1.2175D0,      0000637P   2019
4.431045331098186D-16,-0.12D0,-0.005000000000000397D0,           0000637P   2020
0.2899999999999998D0,0.0D0,0.0D0,1.0D0,0,1,621;                  0000637P   2021
126,1,1,1,0,1,0,0.2899999999999998D0,0.2899999999999998D0,       0000639P   2022
1.5075D0,1.5075D0,1.0D0,1.0D0,-1.2175D0,4.431045331098186D-16,   0000639P   2023
-0.12D0,2.220446049250313D-16,2.033357468603945D-16,-0.12D0,     0000639P   2024
0.2899999999999998D0,1.5075D0,0.0D0,0.0D0,1.0D0,0,1,621;         0000639P   2025
126,1,1,1,0,1,0,1.5075D0,1.5075D0,1.8025D0,1.8025D0,1.0D0,1.0D0, 0000641P   2026
2.220446049250313D-16,2.033357468603945D-16,-0.12D0,             0000641P   2027
1.360023205165817D-15,-0.295D0,-0.12D0,1.5075D0,1.8025D0,0.0D0,  0000641P   2028
0.0D0,1.0D0,0,1,621;                                             0000641P   2029
102,4,635,637,639,641,0,1,621;                                   0000643P   2030
142,0,623,633,643,1,0,1,621;                                     0000645P   2031
144,623,1,0,645,0,1,621;                                         0000647P   2032
406,1,7HTrimSrf;                                                 0000649P   2033
128,1,1,1,1,0,0,1,0,0,0.0D0,0.0D0,2.445D0,2.445D0,0.0D0,0.0D0,   0000651P   2034
0.25D0,0.25D0,1.0D0,1.0D0,1.0D0,1.0D0,-1.2225D0,-0.3D0,-0.12D0,  0000651P   2035
1.2225D0,-0.3D0,-0.12D0,-1.2225D0,-0.3D0,0.13D0,1.2225D0,-0.3D0, 0000651P   2036
0.13D0,0.0D0,2.445D0,0.0D0,0.25D0,0,1,649;                       0000651P   2037
126,3,3,1,0,1,0,0.03253680485215601D0,0.03253680485215601D0,     0000653P   2038
0.03253680485215601D0,0.03253680485215601D0,0.147536804852156D0, 0000653P   2039
0.147536804852156D0,0.147536804852156D0,0.147536804852156D0,     0000653P   2040
1.0D0,1.0D0,1.0D0,1.0D0,1.2225D0,0.005000000000000004D0,0.0D0,   0000653P   2041
1.2225D0,0.04333333333333333D0,0.0D0,1.2225D0,                   0000653P   2042
0.08166666666666667D0,0.0D0,1.2225D0,0.12D0,0.0D0,               0000653P   2043
0.03253680485215601D0,0.147536804852156D0,0.0D0,0.0D0,1.0D0,0,1, 0000653P   2044
649;                                                             0000653P   2045
126,3,3,1,0,1,0,0.147536804852156D0,0.147536804852156D0,         0000655P   2046
0.147536804852156D0,0.147536804852156D0,1.365036804852156D0,     0000655P   2047
1.365036804852156D0,1.365036804852156D0,1.365036804852156D0,     0000655P   2048
1.0D0,1.0D0,1.0D0,1.0D0,1.2225D0,0.12D0,0.0D0,                   0000655P   2049
0.8166666666666665D0,0.12D0,0.0D0,0.4108333333333332D0,0.12D0,   0000655P   2050
0.0D0,0.004999999999999893D0,0.12D0,0.0D0,0.147536804852156D0,   0000655P   2051
1.365036804852156D0,0.0D0,0.0D0,1.0D0,0,1,649;                   0000655P   2052
126,3,3,1,0,1,0,1.365036804852156D0,1.365036804852156D0,         0000657P   2053
1.365036804852156D0,1.365036804852156D0,1.480036804852156D0,     0000657P   2054
1.480036804852156D0,1.480036804852156D0,1.480036804852156D0,     0000657P   2055
1.0D0,1.0D0,1.0D0,1.0D0,0.004999999999999893D0,0.12D0,0.0D0,     0000657P   2056
0.004999999999999893D0,0.08166666666666661D0,0.0D0,              0000657P   2057
0.004999999999999893D0,0.04333333333333329D0,0.0D0,              0000657P   2058
0.004999999999999893D0,0.005000000000000002D0,0.0D0,             0000657P   2059
1.365036804852156D0,1.480036804852156D0,0.0D0,0.0D0,1.0D0,0,1,   0000657P   2060
649;                                                             0000657P   2061
126,3,3,1,0,1,0,1.480036804852156D0,1.480036804852156D0,         0000659P   2062
1.480036804852156D0,1.480036804852156D0,2.697536804852156D0,     0000659P   2063
2.697536804852156D0,2.697536804852156D0,2.697536804852156D0,     0000659P   2064
1.0D0,1.0D0,1.0D0,1.0D0,0.004999999999999893D0,                  0000659P   2065
0.005000000000000002D0,0.0D0,0.4108333333333332D0,               0000659P   2066
0.005000000000000004D0,0.0D0,0.8166666666666667D0,               0000659P   2067
0.005000000000000004D0,0.0D0,1.2225D0,0.005000000000000004D0,    0000659P   2068
0.0D0,1.480036804852156D0,2.697536804852156D0,0.0D0,0.0D0,1.0D0, 0000659P   2069
0,1,649;                                                         0000659P   2070
102,4,653,655,657,659,0,1,649;                                   0000661P   2071
126,1,1,1,0,1,0,0.03253680485215601D0,0.03253680485215601D0,     0000663P   2072
0.147536804852156D0,0.147536804852156D0,1.0D0,1.0D0,             0000663P   2073
6.106226635438361D-16,-0.3000000000000002D0,-0.115D0,            0000663P   2074
2.220446049250313D-16,-0.3D0,0.0D0,0.03253680485215601D0,        0000663P   2075
0.147536804852156D0,1.0D0,0.0D0,0.0D0,0,1,649;                   0000663P   2076
126,1,1,1,0,1,0,0.147536804852156D0,0.147536804852156D0,         0000665P   2077
1.365036804852156D0,1.365036804852156D0,1.0D0,1.0D0,             0000665P   2078
2.220446049250313D-16,-0.3D0,0.0D0,-1.2175D0,-0.3D0,0.0D0,       0000665P   2079
0.147536804852156D0,1.365036804852156D0,0.0D0,0.0D0,1.0D0,0,1,   0000665P   2080
649;                                                             0000665P   2081
126,3,3,1,0,1,0,1.365036804852156D0,1.365036804852156D0,         0000667P   2082
1.365036804852156D0,1.365036804852156D0,1.480036804852156D0,     0000667P   2083
1.480036804852156D0,1.480036804852156D0,1.480036804852156D0,     0000667P   2084
1.0D0,1.0D0,1.0D0,1.0D0,-1.2175D0,-0.3D0,0.0D0,-1.2175D0,-0.3D0, 0000667P   2085
-0.03833333333333333D0,-1.2175D0,-0.3D0,-0.07666666666666666D0,  0000667P   2086
-1.2175D0,-0.3000000000000002D0,-0.115D0,1.365036804852156D0,    0000667P   2087
1.480036804852156D0,1.0D0,0.0D0,0.0D0,0,1,649;                   0000667P   2088
126,3,3,1,0,1,0,1.480036804852156D0,1.480036804852156D0,         0000669P   2089
1.480036804852156D0,1.480036804852156D0,2.697536804852157D0,     0000669P   2090
2.697536804852157D0,2.697536804852157D0,2.697536804852157D0,     0000669P   2091
1.0D0,1.0D0,1.0D0,1.0D0,-1.2175D0,-0.3000000000000002D0,         0000669P   2092
-0.115D0,-0.8116666666666668D0,-0.3000000000000002D0,-0.115D0,   0000669P   2093
-0.4058333333333332D0,-0.3000000000000002D0,-0.115D0,            0000669P   2094
6.106226635438361D-16,-0.3000000000000002D0,-0.115D0,            0000669P   2095
1.480036804852156D0,2.697536804852157D0,0.0D0,0.0D0,1.0D0,0,1,   0000669P   2096
649;                                                             0000669P   2097
102,4,663,665,667,669,0,1,649;                                   0000671P   2098
142,0,651,661,671,1,0,1,649;                                     0000673P   2099
144,651,1,0,673,0,1,649;                                         0000675P   2100
406,1,7HTrimSrf;                                                 0000677P   2101
128,3,2,3,2,0,0,0,0,0,0.0D0,0.0D0,0.0D0,0.0D0,2.2645D0,2.2645D0, 0000679P   2102
2.2645D0,2.2645D0,0.0D0,0.0D0,0.0D0,1.0D0,1.0D0,1.0D0,1.0D0,     0000679P   2103
1.0D0,0.9999999999999998D0,1.0D0,0.7071067811865511D0,           0000679P   2104
0.7071067811865475D0,0.7071067811865522D0,0.7071067811865513D0,  0000679P   2105
1.0D0,1.0D0,0.9999999999999998D0,1.0D0,-1.2225D0,-0.3D0,         0000679P   2106
-0.115D0,-0.4676666666666667D0,-0.3000000000000002D0,-0.115D0,   0000679P   2107
0.2871666666666665D0,-0.3000000000000001D0,-0.115D0,1.042D0,     0000679P   2108
-0.3D0,-0.115D0,-1.2225D0,-0.3D0,-0.12D0,-0.4676666666666665D0,  0000679P   2109
-0.3D0,-0.12D0,0.2871666666666653D0,-0.2999999999999999D0,       0000679P   2110
-0.1199999999999999D0,1.041999999999999D0,-0.3D0,-0.12D0,        0000679P   2111
-1.2225D0,-0.295D0,-0.12D0,-0.4676666666666669D0,-0.295D0,       0000679P   2112
-0.12D0,0.2871666666666667D0,-0.2949999999999999D0,              0000679P   2113
-0.1199999999999999D0,1.042D0,-0.295D0,-0.12D0,0.0D0,2.2645D0,   0000679P   2114
0.0D0,1.0D0,0,1,677;                                             0000679P   2115
126,3,3,1,0,1,0,0.0D0,0.0D0,0.0D0,0.0D0,1.0D0,1.0D0,1.0D0,1.0D0, 0000681P   2116
1.0D0,1.0D0,1.0D0,1.0D0,1.2225D0,0.0D0,0.0D0,1.2225D0,           0000681P   2117
0.3333333333333333D0,0.0D0,1.2225D0,0.6666666666666666D0,0.0D0,  0000681P   2118
1.2225D0,1.0D0,0.0D0,0.0D0,1.0D0,0.0D0,0.0D0,1.0D0,0,1,677;      0000681P   2119
126,3,3,1,0,1,0,1.0D0,1.0D0,1.0D0,1.0D0,2.217499999999995D0,     0000683P   2120
2.217499999999995D0,2.217499999999995D0,2.217499999999995D0,     0000683P   2121
1.0D0,1.0D0,1.0D0,1.0D0,1.2225D0,1.0D0,0.0D0,                    0000683P   2122
0.8166666666666681D0,1.0D0,0.0D0,0.4108333333333362D0,1.0D0,     0000683P   2123
0.0D0,0.005000000000004335D0,1.0D0,0.0D0,1.0D0,                  0000683P   2124
2.217499999999995D0,0.0D0,0.0D0,1.0D0,0,1,677;                   0000683P   2125
126,6,3,1,0,1,0,2.217499999999995D0,2.217499999999995D0,         0000685P   2126
2.217499999999995D0,2.217499999999995D0,2.223394671003037D0,     0000685P   2127
2.223394671003037D0,2.223394671003037D0,2.223629120146762D0,     0000685P   2128
2.223629120146762D0,2.223629120146762D0,2.223629120146762D0,     0000685P   2129
1.0D0,1.0D0,1.0D0,1.0D0,1.0D0,1.0D0,1.0D0,                       0000685P   2130
0.005000000000004335D0,1.0D0,0.0D0,0.003799049801186358D0,       0000685P   2131
0.8301599941103717D0,0.0D0,0.002578232495464905D0,               0000685P   2132
0.6637401969781045D0,0.0D0,0.0009526491927297944D0,              0000685P   2133
0.5007451632013606D0,0.0D0,0.0009530559776113879D0,              0000685P   2134
0.5006509470341587D0,0.0D0,0.0009534629177486933D0,              0000685P   2135
0.5005567308669435D0,0.0D0,0.0009538700131871232D0,              0000685P   2136
0.5004625146997148D0,0.0D0,2.217499999999995D0,                  0000685P   2137
2.223629120146762D0,0.0D0,0.0D0,1.0D0,0,1,677;                   0000685P   2138
126,6,3,1,0,1,0,2.223629120146762D0,2.223629120146762D0,         0000687P   2139
2.223629120146762D0,2.223629120146762D0,2.309284437801318D0,     0000687P   2140
2.309284437801318D0,2.309284437801318D0,2.809290687762256D0,     0000687P   2141
2.809290687762256D0,2.809290687762256D0,2.809290687762256D0,     0000687P   2142
1.0D0,1.0D0,1.0D0,1.0D0,1.0D0,1.0D0,1.0D0,                       0000687P   2143
0.0009538700131871232D0,0.5004625146997148D0,0.0D0,              0000687P   2144
0.001102601156071357D0,0.4660409100652728D0,0.0D0,               0000687P   2145
0.00127206166199328D0,0.4316193036169613D0,0.0D0,                0000687P   2146
0.001464466094067383D0,0.397197676620211D0,0.0D0,                0000687P   2147
0.00220455569899256D0,0.2647938226637953D0,0.0D0,                0000687P   2148
0.003676019893865871D0,0.132398010613402D0,0.0D0,                0000687P   2149
0.00499999999999973D0,0.0D0,0.0D0,2.223629120146762D0,           0000687P   2150
2.809290687762256D0,0.0D0,0.0D0,1.0D0,0,1,677;                   0000687P   2151
126,3,3,1,0,1,0,2.809290687762256D0,2.809290687762256D0,         0000689P   2152
2.809290687762256D0,2.809290687762256D0,4.026790687762256D0,     0000689P   2153
4.026790687762256D0,4.026790687762256D0,4.026790687762256D0,     0000689P   2154
1.0D0,1.0D0,1.0D0,1.0D0,0.00499999999999973D0,0.0D0,0.0D0,       0000689P   2155
0.4108333333333331D0,0.0D0,0.0D0,0.8166666666666664D0,0.0D0,     0000689P   2156
0.0D0,1.2225D0,0.0D0,0.0D0,2.809290687762256D0,                  0000689P   2157
4.026790687762256D0,0.0D0,0.0D0,1.0D0,0,1,677;                   0000689P   2158
102,5,681,683,685,687,689,0,1,677;                               0000691P   2159
126,2,2,1,0,0,0,0.0D0,0.0D0,0.0D0,1.0D0,1.0D0,1.0D0,1.0D0,       0000693P   2160
0.7071067811866123D0,1.0D0,1.387778780781445D-16,                0000693P   2161
-0.3000000000000002D0,-0.115D0,1.387778780781428D-17,            0000693P   2162
-0.2999999999999997D0,-0.1199999999999996D0,                     0000693P   2163
-8.326672684688672D-17,-0.295D0,-0.12D0,0.0D0,1.0D0,1.0D0,0.0D0, 0000693P   2164
0.0D0,0,1,677;                                                   0000693P   2165
126,3,3,1,0,1,0,1.0D0,1.0D0,1.0D0,1.0D0,2.217499999999996D0,     0000695P   2166
2.217499999999996D0,2.217499999999996D0,2.217499999999996D0,     0000695P   2167
1.0D0,1.0D0,1.0D0,1.0D0,-8.326672684688672D-17,-0.295D0,-0.12D0, 0000695P   2168
-0.4058333333333322D0,-0.295D0,-0.12D0,-0.811666666666664D0,     0000695P   2169
-0.295D0,-0.12D0,-1.217499999999996D0,-0.2949999999999999D0,     0000695P   2170
-0.12D0,1.0D0,2.217499999999996D0,0.0D0,0.0D0,1.0D0,0,1,677;     0000695P   2171
126,3,3,1,0,1,0,2.217499999999996D0,2.217499999999996D0,         0000697P   2172
2.217499999999996D0,2.217499999999996D0,2.224201352854663D0,     0000697P   2173
2.224201352854663D0,2.224201352854663D0,2.224201352854663D0,     0000697P   2174
1.0D0,1.0D0,1.0D0,1.0D0,-1.217499999999996D0,-0.295D0,-0.12D0,   0000697P   2175
-1.218570021123347D0,-0.2960700211235469D0,                      0000697P   2176
-0.1199999999999134D0,-1.220120036886497D0,                      0000697P   2177
-0.2976200368870076D0,-0.1195200053599275D0,-1.22152759670235D0, 0000697P   2178
-0.2979555395759671D0,-0.1179628474139958D0,2.217499999999996D0, 0000697P   2179
2.224201352854663D0,0.6700398080024625D0,-0.5866143597118629D0,  0000697P   2180
0.4548958657449682D0,0,1,677;                                    0000697P   2181
126,5,3,1,0,1,0,2.224201352854663D0,2.224201352854663D0,         0000699P   2182
2.224201352854663D0,2.224201352854663D0,2.316771992765125D0,     0000699P   2183
2.316771992765125D0,2.816778242726063D0,2.816778242726063D0,     0000699P   2184
2.816778242726063D0,2.816778242726063D0,1.0D0,1.0D0,1.0D0,1.0D0, 0000699P   2185
1.0D0,1.0D0,-1.22152759670235D0,-0.2979555395759671D0,           0000699P   2186
-0.1179628474139958D0,-1.221380307996611D0,                      0000699P   2187
-0.2981601661586461D0,-0.1178085649426639D0,                     0000699P   2188
-1.221216287064472D0,-0.2983547807473931D0,                      0000699P   2189
-0.1176542824713319D0,-1.220059223176555D0,                      0000699P   2190
-0.2995118446353109D0,-0.1166666666666666D0,                     0000699P   2191
-1.218678511301978D0,-0.3D0,-0.1158333333333333D0,-1.2175D0,     0000699P   2192
-0.3D0,-0.1149999999999999D0,2.224201352854663D0,                0000699P   2193
2.816778242726063D0,0.0D0,-0.6020272530606965D0,                 0000699P   2194
-0.7984755391195099D0,0,1,677;                                   0000699P   2195
126,3,3,1,0,1,0,2.816778242726063D0,2.816778242726063D0,         0000701P   2196
2.816778242726063D0,2.816778242726063D0,4.034278242726064D0,     0000701P   2197
4.034278242726064D0,4.034278242726064D0,4.034278242726064D0,     0000701P   2198
1.0D0,1.0D0,1.0D0,1.0D0,-1.2175D0,-0.3D0,-0.1149999999999999D0,  0000701P   2199
-0.8116666666666668D0,-0.3000000000000001D0,-0.115D0,            0000701P   2200
-0.4058333333333333D0,-0.3000000000000001D0,-0.115D0,            0000701P   2201
1.387778780781445D-16,-0.3000000000000001D0,-0.115D0,            0000701P   2202
2.816778242726063D0,4.034278242726064D0,0.0D0,0.0D0,1.0D0,0,1,   0000701P   2203
677;                                                             0000701P   2204
102,5,693,695,697,699,701,0,1,677;                               0000703P   2205
142,0,679,691,703,1,0,1,677;                                     0000705P   2206
144,679,1,0,705,0,1,677;                                         0000707P   2207
406,1,7HTrimSrf;                                                 0000709P   2208
128,2,3,2,3,0,0,0,0,0,0.0D0,0.0D0,0.0D0,1.0D0,1.0D0,1.0D0,0.0D0, 0000711P   2209
0.0D0,0.0D0,0.0D0,2.2645D0,2.2645D0,2.2645D0,2.2645D0,1.0D0,     0000711P   2210
0.7071067811865511D0,1.0D0,1.0D0,0.7071067811865475D0,1.0D0,     0000711P   2211
0.9999999999999998D0,0.7071067811865522D0,0.9999999999999998D0,  0000711P   2212
1.0D0,0.7071067811865513D0,1.0D0,-1.2225D0,0.3000000000000028D0, 0000711P   2213
-0.1149999999999936D0,-1.2225D0,0.3000000000000029D0,            0000711P   2214
-0.1199999999999936D0,-1.2225D0,0.2950000000000029D0,            0000711P   2215
-0.1199999999999938D0,-0.4676666666666667D0,0.300000000000003D0, 0000711P   2216
-0.1149999999999936D0,-0.4676666666666665D0,                     0000711P   2217
0.3000000000000029D0,-0.1199999999999936D0,                      0000711P   2218
-0.4676666666666669D0,0.295000000000003D0,-0.1199999999999938D0, 0000711P   2219
0.2871666666666665D0,0.3000000000000029D0,-0.1149999999999936D0, 0000711P   2220
0.2871666666666653D0,0.3000000000000029D0,-0.1199999999999936D0, 0000711P   2221
0.2871666666666667D0,0.2950000000000029D0,-0.1199999999999937D0, 0000711P   2222
1.042D0,0.3000000000000028D0,-0.1149999999999936D0,              0000711P   2223
1.041999999999999D0,0.300000000000003D0,-0.1199999999999936D0,   0000711P   2224
1.042D0,0.2950000000000029D0,-0.1199999999999938D0,0.0D0,1.0D0,  0000711P   2225
0.0D0,2.2645D0,0,1,709;                                          0000711P   2226
126,3,3,1,0,1,0,-1.2225D0,-1.2225D0,-1.2225D0,-1.2225D0,         0000713P   2227
-0.00499999999999973D0,-0.00499999999999973D0,                   0000713P   2228
-0.00499999999999973D0,-0.00499999999999973D0,1.0D0,1.0D0,1.0D0, 0000713P   2229
1.0D0,0.0D0,1.2225D0,0.0D0,0.0D0,0.8166666666666664D0,0.0D0,     0000713P   2230
0.0D0,0.4108333333333332D0,0.0D0,0.0D0,0.00499999999999973D0,    0000713P   2231
0.0D0,-1.2225D0,-0.00499999999999973D0,0.0D0,0.0D0,1.0D0,0,1,    0000713P   2232
709;                                                             0000713P   2233
126,6,3,1,0,1,0,-0.00499999999999973D0,-0.00499999999999973D0,   0000715P   2234
-0.00499999999999973D0,-0.00499999999999973D0,                   0000715P   2235
0.4950062499609383D0,0.4950062499609383D0,0.4950062499609383D0,  0000715P   2236
0.5806615676154941D0,0.5806615676154941D0,0.5806615676154941D0,  0000715P   2237
0.5806615676154941D0,1.0D0,1.0D0,1.0D0,1.0D0,1.0D0,1.0D0,1.0D0,  0000715P   2238
0.0D0,0.00499999999999973D0,0.0D0,0.132398010613402D0,           0000715P   2239
0.003676019893865871D0,0.0D0,0.2647938226637953D0,               0000715P   2240
0.00220455569899256D0,0.0D0,0.397197676620211D0,                 0000715P   2241
0.001464466094067383D0,0.0D0,0.4316193036169613D0,               0000715P   2242
0.00127206166199328D0,0.0D0,0.4660409100652728D0,                0000715P   2243
0.001102601156071357D0,0.0D0,0.5004625146997148D0,               0000715P   2244
0.0009538700131871232D0,0.0D0,-0.00499999999999973D0,            0000715P   2245
0.5806615676154941D0,0.0D0,0.0D0,1.0D0,0,1,709;                  0000715P   2246
126,6,3,1,0,1,0,0.5806615676154941D0,0.5806615676154941D0,       0000717P   2247
0.5806615676154941D0,0.5806615676154941D0,0.5808960167592189D0,  0000717P   2248
0.5808960167592189D0,0.5808960167592189D0,0.5867906877622612D0,  0000717P   2249
0.5867906877622612D0,0.5867906877622612D0,0.5867906877622612D0,  0000717P   2250
1.0D0,1.0D0,1.0D0,1.0D0,1.0D0,1.0D0,1.0D0,0.5004625146997148D0,  0000717P   2251
0.0009538700131871232D0,0.0D0,0.5005567308669435D0,              0000717P   2252
0.0009534629177486933D0,0.0D0,0.5006509470341587D0,              0000717P   2253
0.0009530559776113879D0,0.0D0,0.5007451632013606D0,              0000717P   2254
0.0009526491927297944D0,0.0D0,0.6637401969781045D0,              0000717P   2255
0.002578232495464905D0,0.0D0,0.8301599941103717D0,               0000717P   2256
0.003799049801186358D0,0.0D0,1.0D0,0.005000000000004335D0,0.0D0, 0000717P   2257
0.5806615676154941D0,0.5867906877622612D0,0.0D0,0.0D0,1.0D0,0,1, 0000717P   2258
709;                                                             0000717P   2259
126,3,3,1,0,1,0,0.5867906877622612D0,0.5867906877622612D0,       0000719P   2260
0.5867906877622612D0,0.5867906877622612D0,1.804290687762256D0,   0000719P   2261
1.804290687762256D0,1.804290687762256D0,1.804290687762256D0,     0000719P   2262
1.0D0,1.0D0,1.0D0,1.0D0,1.0D0,0.005000000000004335D0,0.0D0,      0000719P   2263
1.0D0,0.4108333333333362D0,0.0D0,1.0D0,0.8166666666666681D0,     0000719P   2264
0.0D0,1.0D0,1.2225D0,0.0D0,0.5867906877622612D0,                 0000719P   2265
1.804290687762256D0,0.0D0,0.0D0,1.0D0,0,1,709;                   0000719P   2266
126,3,3,1,0,1,0,1.804290687762256D0,1.804290687762256D0,         0000721P   2267
1.804290687762256D0,1.804290687762256D0,2.804290687762256D0,     0000721P   2268
2.804290687762256D0,2.804290687762256D0,2.804290687762256D0,     0000721P   2269
1.0D0,1.0D0,1.0D0,1.0D0,1.0D0,1.2225D0,0.0D0,                    0000721P   2270
0.6666666666666666D0,1.2225D0,0.0D0,0.3333333333333333D0,        0000721P   2271
1.2225D0,0.0D0,0.0D0,1.2225D0,0.0D0,1.804290687762256D0,         0000721P   2272
2.804290687762256D0,0.0D0,0.0D0,1.0D0,0,1,709;                   0000721P   2273
102,5,713,715,717,719,721,0,1,709;                               0000723P   2274
126,3,3,1,0,1,0,-1.2225D0,-1.2225D0,-1.2225D0,-1.2225D0,         0000725P   2275
-0.00499999999999973D0,-0.00499999999999973D0,                   0000725P   2276
-0.00499999999999973D0,-0.00499999999999973D0,1.0D0,1.0D0,1.0D0, 0000725P   2277
1.0D0,1.387778780781445D-16,0.3000000000000029D0,                0000725P   2278
-0.1149999999999936D0,-0.4058333333333333D0,                     0000725P   2279
0.3000000000000029D0,-0.1149999999999936D0,                      0000725P   2280
-0.8116666666666668D0,0.3000000000000029D0,                      0000725P   2281
-0.1149999999999936D0,-1.2175D0,0.3000000000000028D0,            0000725P   2282
-0.1149999999999936D0,-1.2225D0,-0.00499999999999973D0,0.0D0,    0000725P   2283
0.0D0,1.0D0,0,1,709;                                             0000725P   2284
126,5,3,1,0,1,0,-0.00499999999999973D0,-0.00499999999999973D0,   0000727P   2285
-0.00499999999999973D0,-0.00499999999999973D0,                   0000727P   2286
0.4950062499609382D0,0.4950062499609382D0,0.5875768898714003D0,  0000727P   2287
0.5875768898714003D0,0.5875768898714003D0,0.5875768898714003D0,  0000727P   2288
1.0D0,1.0D0,1.0D0,1.0D0,1.0D0,1.0D0,-1.2175D0,                   0000727P   2289
0.3000000000000028D0,-0.1149999999999936D0,-1.218678511301978D0, 0000727P   2290
0.3000000000000029D0,-0.1158333333333269D0,-1.220059223176555D0, 0000727P   2291
0.2995118446353138D0,-0.1166666666666603D0,-1.221216287064472D0, 0000727P   2292
0.298354780747396D0,-0.1176542824713256D0,-1.221380307996611D0,  0000727P   2293
0.298160166158649D0,-0.1178085649426575D0,-1.22152759670235D0,   0000727P   2294
0.29795553957597D0,-0.1179628474139895D0,-0.00499999999999973D0, 0000727P   2295
0.5875768898714003D0,0.0D0,1.0D0,0.0D0,0,1,709;                  0000727P   2296
126,3,3,1,0,1,0,0.5875768898714003D0,0.5875768898714003D0,       0000729P   2297
0.5875768898714003D0,0.5875768898714003D0,0.5942782427260678D0,  0000729P   2298
0.5942782427260678D0,0.5942782427260678D0,0.5942782427260678D0,  0000729P   2299
1.0D0,1.0D0,1.0D0,1.0D0,-1.22152759670235D0,0.29795553957597D0,  0000729P   2300
-0.1179628474139895D0,-1.220120036886497D0,0.2976200368870106D0, 0000729P   2301
-0.1195200053599212D0,-1.218570021123347D0,0.2960700211235498D0, 0000729P   2302
-0.1199999999999071D0,-1.217499999999996D0,0.2950000000000029D0, 0000729P   2303
-0.1199999999999938D0,0.5875768898714003D0,0.5942782427260678D0, 0000729P   2304
-0.6700398080024647D0,-0.5866143597118205D0,                     0000729P   2305
-0.4548958657450199D0,0,1,709;                                   0000729P   2306
126,3,3,1,0,1,0,0.5942782427260678D0,0.5942782427260678D0,       0000731P   2307
0.5942782427260678D0,0.5942782427260678D0,1.811778242726064D0,   0000731P   2308
1.811778242726064D0,1.811778242726064D0,1.811778242726064D0,     0000731P   2309
1.0D0,1.0D0,1.0D0,1.0D0,-1.217499999999996D0,                    0000731P   2310
0.2950000000000029D0,-0.1199999999999937D0,-0.811666666666664D0, 0000731P   2311
0.295000000000003D0,-0.1199999999999938D0,-0.4058333333333322D0, 0000731P   2312
0.2950000000000029D0,-0.1199999999999937D0,                      0000731P   2313
-8.326672684688672D-17,0.295000000000003D0,                      0000731P   2314
-0.1199999999999937D0,0.5942782427260678D0,1.811778242726064D0,  0000731P   2315
0.0D0,0.0D0,1.0D0,0,1,709;                                       0000731P   2316
126,2,2,1,0,0,0,1.811778242726064D0,1.811778242726064D0,         0000733P   2317
1.811778242726064D0,2.811778242726064D0,2.811778242726064D0,     0000733P   2318
2.811778242726064D0,1.0D0,0.7071067811865779D0,1.0D0,            0000733P   2319
-8.326672684688672D-17,0.295000000000003D0,                      0000733P   2320
-0.1199999999999937D0,1.387778780781372D-17,                     0000733P   2321
0.3000000000000027D0,-0.1199999999999935D0,                      0000733P   2322
1.387778780781445D-16,0.3000000000000029D0,                      0000733P   2323
-0.1149999999999936D0,1.811778242726064D0,2.811778242726064D0,   0000733P   2324
1.0D0,0.0D0,0.0D0,0,1,709;                                       0000733P   2325
102,5,725,727,729,731,733,0,1,709;                               0000735P   2326
142,0,711,723,735,1,0,1,709;                                     0000737P   2327
144,711,1,0,737,0,1,709;                                         0000739P   2328
S0000001G0000011D0000740P0002328                                        T      1
