=== Round 1 / 20 ===
[2026-06-01 16:19:58] === download_all.ps1 start (early_stage_materials) ===
[2026-06-01 16:20:01] SKIP ok: lit_stf_1970
[2026-06-01 16:20:04] SKIP ok: lit_faltinsen_sea_loads
[2026-06-01 16:20:07] SKIP ok: lit_faltinsen_hsmv_preview
[2026-06-01 16:20:13] GET lit_ma_2005: https://doi.org/10.1016/j.oceaneng.2004.08.012
[2026-06-01 16:20:22] FAIL lit_ma_2005: 
[2026-06-01 16:20:41] GET lit_arribas_2006: https://doi.org/10.1016/j.oceaneng.2005.09.008
[2026-06-01 16:20:49] FAIL lit_arribas_2006: 
[2026-06-01 16:20:52] GET lit_kring_1994: http://hdl.handle.net/1721.1/11939
[2026-06-01 16:21:12] Retry 1/8 for lit_kring_1994 after 5s: curl=22; web=使用“2”个参数调用“DownloadFile”时发生异常:“远程服务器返回错误: (500) 内部服务器错误。”
[2026-06-01 16:21:24] Retry 2/8 for lit_kring_1994 after 15s: curl=52; web=使用“2”个参数调用“DownloadFile”时发生异常:“远程服务器返回错误: (500) 内部服务器错误。”
[2026-06-01 16:22:17] Retry 3/8 for lit_kring_1994 after 30s: curl=22; web=使用“2”个参数调用“DownloadFile”时发生异常:“远程服务器返回错误: (500) 内部服务器错误。”
[2026-06-01 16:23:20] Retry 4/8 for lit_kring_1994 after 60s: curl=22; web=使用“2”个参数调用“DownloadFile”时发生异常:“远程服务器返回错误: (500) 内部服务器错误。”
[2026-06-01 16:24:41] Retry 5/8 for lit_kring_1994 after 90s: curl=22; web=使用“2”个参数调用“DownloadFile”时发生异常:“远程服务器返回错误: (500) 内部服务器错误。”
[2026-06-01 16:26:56] Retry 6/8 for lit_kring_1994 after 120s: curl=22; web=使用“2”个参数调用“DownloadFile”时发生异常:“远程服务器返回错误: (500) 内部服务器错误。”
[2026-06-01 16:29:04] GET lit_kring_1994: https://dspace.mit.edu/bitstream/handle/1721.1/11939/31384162-MIT.pdf?sequence=2&isAllowed=y
[2026-06-01 16:29:24] Retry 1/8 for lit_kring_1994 after 5s: curl=22; web=使用“2”个参数调用“DownloadFile”时发生异常:“远程服务器返回错误: (404) 未找到。”
[2026-06-01 16:29:32] Retry 2/8 for lit_kring_1994 after 15s: curl=22; web=使用“2”个参数调用“DownloadFile”时发生异常:“远程服务器返回错误: (404) 未找到。”
[2026-06-01 16:29:50] Retry 3/8 for lit_kring_1994 after 30s: curl=22; web=使用“2”个参数调用“DownloadFile”时发生异常:“远程服务器返回错误: (404) 未找到。”
[2026-06-01 16:30:29] Retry 4/8 for lit_kring_1994 after 60s: curl=22; web=使用“2”个参数调用“DownloadFile”时发生异常:“远程服务器返回错误: (404) 未找到。”
[2026-06-01 16:31:48] Retry 5/8 for lit_kring_1994 after 90s: curl=22; web=使用“2”个参数调用“DownloadFile”时发生异常:“远程服务器返回错误: (404) 未找到。”
[2026-06-01 16:33:20] Retry 6/8 for lit_kring_1994 after 120s: curl=0; web=使用“2”个参数调用“DownloadFile”时发生异常:“在 WebClient 请求期间发生异常。”
[2026-06-01 16:35:21] Retry 7/8 for lit_kring_1994 after 120s: curl=0; web=使用“2”个参数调用“DownloadFile”时发生异常:“在 WebClient 请求期间发生异常。”
[2026-06-01 16:37:43] Retry 8/8 for lit_kring_1994 after 180s: curl=22; web=
[2026-06-01 16:40:43] GET lit_kring_1994: https://web.archive.org/web/2020/https://dspace.mit.edu/bitstream/handle/1721.1/11939/31384162-MIT.pdf?sequence=2&isAllowed=y
[2026-06-01 16:41:20] Retry 1/8 for lit_kring_1994 after 5s: curl=22; web=使用“2”个参数调用“DownloadFile”时发生异常:“在 WebClient 请求期间发生异常。”
[2026-06-01 16:41:29] Retry 2/8 for lit_kring_1994 after 15s: curl=22; web=使用“2”个参数调用“DownloadFile”时发生异常:“请求被中止: 连接被意外关闭。”
[2026-06-01 16:42:04] Retry 3/8 for lit_kring_1994 after 30s: curl=22; web=使用“2”个参数调用“DownloadFile”时发生异常:“请求被中止: 连接被意外关闭。”
[2026-06-01 16:42:51] Retry 4/8 for lit_kring_1994 after 60s: curl=22; web=使用“2”个参数调用“DownloadFile”时发生异常:“请求被中止: 连接被意外关闭。”
[2026-06-01 16:43:54] Retry 5/8 for lit_kring_1994 after 90s: curl=22; web=使用“2”个参数调用“DownloadFile”时发生异常:“请求被中止: 连接被意外关闭。”
[2026-06-01 16:45:28] Retry 6/8 for lit_kring_1994 after 120s: curl=22; web=使用“2”个参数调用“DownloadFile”时发生异常:“请求被中止: 连接被意外关闭。”
[2026-06-01 16:47:35] Retry 7/8 for lit_kring_1994 after 120s: curl=22; web=使用“2”个参数调用“DownloadFile”时发生异常:“请求被中止: 连接被意外关闭。”
[2026-06-01 16:49:41] Retry 8/8 for lit_kring_1994 after 180s: curl=22; web=使用“2”个参数调用“DownloadFile”时发生异常:“请求被中止: 连接被意外关闭。”
[2026-06-01 16:52:41] FAIL lit_kring_1994: curl=22; web=使用“2”个参数调用“DownloadFile”时发生异常:“请求被中止: 连接被意外关闭。”
[2026-06-01 16:52:43] GET lit_donatini_2022: https://doi.org/10.1016/j.oceaneng.2022.112222
[2026-06-01 16:52:51] FAIL lit_donatini_2022: 
[2026-06-01 16:52:51] SKIP ok: lit_bailey_npl
[2026-06-01 16:52:51] SKIP ok: lit_mercier_savitsky_1973
[2026-06-01 16:52:52] GET lit_compton_1986: https://onepetro.org/mtsn/article-pdf/23/04/345/2199243/sname-mtsn-1986-23-4-345.pdf
[2026-06-01 16:53:21] Retry 1/8 for lit_compton_1986 after 5s: curl=35; web=使用“2”个参数调用“DownloadFile”时发生异常:“远程服务器返回错误: (403) 已禁止。”
[2026-06-01 16:53:33] Retry 2/8 for lit_compton_1986 after 15s: curl=22; web=使用“2”个参数调用“DownloadFile”时发生异常:“远程服务器返回错误: (403) 已禁止。”
[2026-06-01 16:53:51] Retry 3/8 for lit_compton_1986 after 30s: curl=22; web=使用“2”个参数调用“DownloadFile”时发生异常:“远程服务器返回错误: (403) 已禁止。”
[2026-06-01 16:54:23] Retry 4/8 for lit_compton_1986 after 60s: curl=22; web=使用“2”个参数调用“DownloadFile”时发生异常:“远程服务器返回错误: (403) 已禁止。”
[2026-06-01 16:55:53] Retry 5/8 for lit_compton_1986 after 90s: curl=22; web=使用“2”个参数调用“DownloadFile”时发生异常:“远程服务器返回错误: (403) 已禁止。”
[2026-06-01 16:57:36] Retry 6/8 for lit_compton_1986 after 120s: curl=22; web=使用“2”个参数调用“DownloadFile”时发生异常:“远程服务器返回错误: (403) 已禁止。”
[2026-06-01 16:59:40] Retry 7/8 for lit_compton_1986 after 120s: curl=22; web=使用“2”个参数调用“DownloadFile”时发生异常:“远程服务器返回错误: (403) 已禁止。”
[2026-06-01 17:02:12] Retry 8/8 for lit_compton_1986 after 180s: curl=22; web=使用“2”个参数调用“DownloadFile”时发生异常:“远程服务器返回错误: (403) 已禁止。”
[2026-06-01 17:05:12] GET lit_compton_1986: https://web.archive.org/web/2019/https://onepetro.org/mtsn/article-pdf/23/04/345/2199243/sname-mtsn-1986-23-4-345.pdf
[2026-06-01 17:05:23] FAIL lit_compton_1986: 
[2026-06-01 17:05:23] GET lit_savitsky_preplaning: https://doi.org/10.1063/1.5143123
[2026-06-01 17:05:27] Retry 1/8 for lit_savitsky_preplaning after 5s: curl=22; web=使用“2”个参数调用“DownloadFile”时发生异常:“远程服务器返回错误: (404) 未找到。”
[2026-06-01 17:05:34] Retry 2/8 for lit_savitsky_preplaning after 15s: curl=22; web=使用“2”个参数调用“DownloadFile”时发生异常:“远程服务器返回错误: (404) 未找到。”
[2026-06-01 17:05:52] Retry 3/8 for lit_savitsky_preplaning after 30s: curl=35; web=使用“2”个参数调用“DownloadFile”时发生异常:“远程服务器返回错误: (404) 未找到。”
[2026-06-01 17:06:24] Retry 4/8 for lit_savitsky_preplaning after 60s: curl=22; web=使用“2”个参数调用“DownloadFile”时发生异常:“远程服务器返回错误: (404) 未找到。”
[2026-06-01 17:07:26] Retry 5/8 for lit_savitsky_preplaning after 90s: curl=22; web=使用“2”个参数调用“DownloadFile”时发生异常:“远程服务器返回错误: (404) 未找到。”
[2026-06-01 17:08:58] Retry 6/8 for lit_savitsky_preplaning after 120s: curl=22; web=使用“2”个参数调用“DownloadFile”时发生异常:“远程服务器返回错误: (404) 未找到。”
[2026-06-01 17:11:01] Retry 7/8 for lit_savitsky_preplaning after 120s: curl=22; web=使用“2”个参数调用“DownloadFile”时发生异常:“远程服务器返回错误: (404) 未找到。”
[2026-06-01 17:13:29] Retry 8/8 for lit_savitsky_preplaning after 180s: curl=35; web=使用“2”个参数调用“DownloadFile”时发生异常:“远程服务器返回错误: (404) 未找到。”
[2026-06-01 17:16:30] FAIL lit_savitsky_preplaning: curl=35; web=使用“2”个参数调用“DownloadFile”时发生异常:“远程服务器返回错误: (404) 未找到。”
[2026-06-01 17:16:32] GET lit_savitsky_1964: https://onepetro.org/MTSN/article/1/04/71/172383/Hydrodynamic-Design-of-Planing-Hulls
[2026-06-01 17:16:36] Retry 1/8 for lit_savitsky_1964 after 5s: curl=22; web=使用“2”个参数调用“DownloadFile”时发生异常:“远程服务器返回错误: (403) 已禁止。”
[2026-06-01 17:16:43] Retry 2/8 for lit_savitsky_1964 after 15s: curl=22; web=使用“2”个参数调用“DownloadFile”时发生异常:“远程服务器返回错误: (403) 已禁止。”
[2026-06-01 17:17:00] Retry 3/8 for lit_savitsky_1964 after 30s: curl=22; web=使用“2”个参数调用“DownloadFile”时发生异常:“远程服务器返回错误: (403) 已禁止。”
[2026-06-01 17:17:33] Retry 4/8 for lit_savitsky_1964 after 60s: curl=35; web=使用“2”个参数调用“DownloadFile”时发生异常:“远程服务器返回错误: (403) 已禁止。”
[2026-06-01 17:18:36] Retry 5/8 for lit_savitsky_1964 after 90s: curl=22; web=使用“2”个参数调用“DownloadFile”时发生异常:“远程服务器返回错误: (403) 已禁止。”
[2026-06-01 17:20:47] Retry 6/8 for lit_savitsky_1964 after 120s: curl=22; web=使用“2”个参数调用“DownloadFile”时发生异常:“远程服务器返回错误: (403) 已禁止。”
[2026-06-01 17:23:23] Retry 7/8 for lit_savitsky_1964 after 120s: curl=22; web=使用“2”个参数调用“DownloadFile”时发生异常:“远程服务器返回错误: (403) 已禁止。”
[2026-06-01 17:25:31] Retry 8/8 for lit_savitsky_1964 after 180s: curl=35; web=使用“2”个参数调用“DownloadFile”时发生异常:“远程服务器返回错误: (403) 已禁止。”
[2026-06-01 17:28:31] GET lit_savitsky_1964: https://web.archive.org/web/2020/https://onepetro.org/MTSN/article/1/04/71/172383/Hydrodynamic-Design-of-Planing-Hulls
[2026-06-01 17:28:36] SKIP ok: lit_fridsma
[2026-06-01 17:28:36] GET lit_savitsky_brown_1976: https://trid.trb.org/View/3500
[2026-06-01 17:28:41] SKIP ok: lit_zhao_water_entry
[2026-06-01 17:28:50] GET lit_sun_faltinsen_2010: https://doi.org/10.2514/1.44717
[2026-06-01 17:28:54] Retry 1/8 for lit_sun_faltinsen_2010 after 5s: curl=22; web=使用“2”个参数调用“DownloadFile”时发生异常:“远程服务器返回错误: (404) 未找到。”
[2026-06-01 17:29:01] Retry 2/8 for lit_sun_faltinsen_2010 after 15s: curl=22; web=使用“2”个参数调用“DownloadFile”时发生异常:“远程服务器返回错误: (404) 未找到。”
[2026-06-01 17:29:18] Retry 3/8 for lit_sun_faltinsen_2010 after 30s: curl=22; web=使用“2”个参数调用“DownloadFile”时发生异常:“远程服务器返回错误: (404) 未找到。”
[2026-06-01 17:30:00] Retry 4/8 for lit_sun_faltinsen_2010 after 60s: curl=22; web=使用“2”个参数调用“DownloadFile”时发生异常:“远程服务器返回错误: (404) 未找到。”
[2026-06-01 17:31:03] Retry 5/8 for lit_sun_faltinsen_2010 after 90s: curl=22; web=使用“2”个参数调用“DownloadFile”时发生异常:“远程服务器返回错误: (404) 未找到。”
[2026-06-01 17:32:35] Retry 6/8 for lit_sun_faltinsen_2010 after 120s: curl=22; web=使用“2”个参数调用“DownloadFile”时发生异常:“远程服务器返回错误: (404) 未找到。”
[2026-06-01 17:34:38] Retry 7/8 for lit_sun_faltinsen_2010 after 120s: curl=22; web=使用“2”个参数调用“DownloadFile”时发生异常:“远程服务器返回错误: (404) 未找到。”
[2026-06-01 17:36:41] Retry 8/8 for lit_sun_faltinsen_2010 after 180s: curl=22; web=使用“2”个参数调用“DownloadFile”时发生异常:“远程服务器返回错误: (404) 未找到。”
[2026-06-01 17:39:41] FAIL lit_sun_faltinsen_2010: curl=22; web=使用“2”个参数调用“DownloadFile”时发生异常:“远程服务器返回错误: (404) 未找到。”
[2026-06-01 17:39:55] GET lit_planing_review_2024: https://doi.org/10.1016/j.oceaneng.2024.114383
[2026-06-01 17:39:59] Retry 1/8 for lit_planing_review_2024 after 5s: curl=22; web=使用“2”个参数调用“DownloadFile”时发生异常:“远程服务器返回错误: (404) 未找到。”
[2026-06-01 17:40:06] Retry 2/8 for lit_planing_review_2024 after 15s: curl=22; web=使用“2”个参数调用“DownloadFile”时发生异常:“远程服务器返回错误: (404) 未找到。”
[2026-06-01 17:40:22] Retry 3/8 for lit_planing_review_2024 after 30s: curl=22; web=使用“2”个参数调用“DownloadFile”时发生异常:“远程服务器返回错误: (404) 未找到。”
[2026-06-01 17:40:55] Retry 4/8 for lit_planing_review_2024 after 60s: curl=22; web=使用“2”个参数调用“DownloadFile”时发生异常:“远程服务器返回错误: (404) 未找到。”
[2026-06-01 17:42:20] Retry 5/8 for lit_planing_review_2024 after 90s: curl=22; web=使用“2”个参数调用“DownloadFile”时发生异常:“远程服务器返回错误: (404) 未找到。”
[2026-06-01 17:43:51] Retry 6/8 for lit_planing_review_2024 after 120s: curl=22; web=使用“2”个参数调用“DownloadFile”时发生异常:“远程服务器返回错误: (404) 未找到。”
[2026-06-01 17:45:55] Retry 7/8 for lit_planing_review_2024 after 120s: curl=22; web=使用“2”个参数调用“DownloadFile”时发生异常:“远程服务器返回错误: (404) 未找到。”
[2026-06-01 17:47:58] Retry 8/8 for lit_planing_review_2024 after 180s: curl=22; web=使用“2”个参数调用“DownloadFile”时发生异常:“远程服务器返回错误: (404) 未找到。”
[2026-06-01 17:50:58] GET lit_planing_review_2024: https://www.sciencedirect.com/science/article/pii/S0029801824003834
[2026-06-01 17:51:02] Retry 1/8 for lit_planing_review_2024 after 5s: curl=22; web=使用“2”个参数调用“DownloadFile”时发生异常:“远程服务器返回错误: (403) 已禁止。”
[2026-06-01 17:51:20] Retry 2/8 for lit_planing_review_2024 after 15s: curl=22; web=使用“2”个参数调用“DownloadFile”时发生异常:“远程服务器返回错误: (403) 已禁止。”
[2026-06-01 17:51:53] Retry 3/8 for lit_planing_review_2024 after 30s: curl=22; web=使用“2”个参数调用“DownloadFile”时发生异常:“远程服务器返回错误: (403) 已禁止。”
[2026-06-01 17:52:27] Retry 4/8 for lit_planing_review_2024 after 60s: curl=22; web=使用“2”个参数调用“DownloadFile”时发生异常:“远程服务器返回错误: (403) 已禁止。”
[2026-06-01 17:53:30] Retry 5/8 for lit_planing_review_2024 after 90s: curl=22; web=使用“2”个参数调用“DownloadFile”时发生异常:“远程服务器返回错误: (403) 已禁止。”
[2026-06-01 17:55:03] Retry 6/8 for lit_planing_review_2024 after 120s: curl=22; web=使用“2”个参数调用“DownloadFile”时发生异常:“远程服务器返回错误: (403) 已禁止。”
[2026-06-01 17:57:07] Retry 7/8 for lit_planing_review_2024 after 120s: curl=22; web=使用“2”个参数调用“DownloadFile”时发生异常:“远程服务器返回错误: (403) 已禁止。”
[2026-06-01 17:59:09] Retry 8/8 for lit_planing_review_2024 after 180s: curl=22; web=使用“2”个参数调用“DownloadFile”时发生异常:“远程服务器返回错误: (403) 已禁止。”
[2026-06-01 18:02:09] FAIL lit_planing_review_2024: curl=22; web=使用“2”个参数调用“DownloadFile”时发生异常:“远程服务器返回错误: (403) 已禁止。”
[2026-06-01 18:02:12] GET lit_fossen_2012: https://doi.org/10.1016/j.oceaneng.2012.09.012
[2026-06-01 18:02:17] GET lit_fossen_2012: https://folk.ntnu.no/thomas.fossen/pub/Fossen2012windwaves.pdf
[2026-06-01 18:02:22] Retry 1/8 for lit_fossen_2012 after 5s: curl=22; web=使用“2”个参数调用“DownloadFile”时发生异常:“远程服务器返回错误: (404) 未找到。”
[2026-06-01 18:02:45] Retry 2/8 for lit_fossen_2012 after 15s: curl=35; web=使用“2”个参数调用“DownloadFile”时发生异常:“远程服务器返回错误: (404) 未找到。”
[2026-06-01 18:03:04] Retry 3/8 for lit_fossen_2012 after 30s: curl=22; web=使用“2”个参数调用“DownloadFile”时发生异常:“远程服务器返回错误: (404) 未找到。”
[2026-06-01 18:03:42] Retry 4/8 for lit_fossen_2012 after 60s: curl=22; web=使用“2”个参数调用“DownloadFile”时发生异常:“远程服务器返回错误: (404) 未找到。”
[2026-06-01 18:04:46] Retry 5/8 for lit_fossen_2012 after 90s: curl=22; web=使用“2”个参数调用“DownloadFile”时发生异常:“远程服务器返回错误: (404) 未找到。”
[2026-06-01 18:06:21] Retry 6/8 for lit_fossen_2012 after 120s: curl=22; web=使用“2”个参数调用“DownloadFile”时发生异常:“远程服务器返回错误: (404) 未找到。”
[2026-06-01 18:08:31] Retry 7/8 for lit_fossen_2012 after 120s: curl=22; web=使用“2”个参数调用“DownloadFile”时发生异常:“远程服务器返回错误: (404) 未找到。”
[2026-06-01 18:10:35] Retry 8/8 for lit_fossen_2012 after 180s: curl=22; web=使用“2”个参数调用“DownloadFile”时发生异常:“远程服务器返回错误: (404) 未找到。”
[2026-06-01 18:13:36] GET lit_fossen_2012: https://folk.ntnu.no/thomas.fossen/pub/Fossen2012wind.pdf
[2026-06-01 18:13:40] Retry 1/8 for lit_fossen_2012 after 5s: curl=22; web=使用“2”个参数调用“DownloadFile”时发生异常:“远程服务器返回错误: (404) 未找到。”
[2026-06-01 18:13:49] Retry 2/8 for lit_fossen_2012 after 15s: curl=22; web=使用“2”个参数调用“DownloadFile”时发生异常:“远程服务器返回错误: (404) 未找到。”
[2026-06-01 18:14:09] Retry 3/8 for lit_fossen_2012 after 30s: curl=22; web=使用“2”个参数调用“DownloadFile”时发生异常:“远程服务器返回错误: (404) 未找到。”
[2026-06-01 18:14:43] Retry 4/8 for lit_fossen_2012 after 60s: curl=22; web=使用“2”个参数调用“DownloadFile”时发生异常:“远程服务器返回错误: (404) 未找到。”
[2026-06-01 18:15:47] Retry 5/8 for lit_fossen_2012 after 90s: curl=22; web=使用“2”个参数调用“DownloadFile”时发生异常:“远程服务器返回错误: (404) 未找到。”
[2026-06-01 18:17:22] Retry 6/8 for lit_fossen_2012 after 120s: curl=22; web=使用“2”个参数调用“DownloadFile”时发生异常:“远程服务器返回错误: (404) 未找到。”
[2026-06-01 18:19:25] Retry 7/8 for lit_fossen_2012 after 120s: curl=22; web=使用“2”个参数调用“DownloadFile”时发生异常:“远程服务器返回错误: (404) 未找到。”
[2026-06-01 18:21:30] Retry 8/8 for lit_fossen_2012 after 180s: curl=22; web=使用“2”个参数调用“DownloadFile”时发生异常:“远程服务器返回错误: (404) 未找到。”
[2026-06-01 18:24:30] FAIL lit_fossen_2012: curl=22; web=使用“2”个参数调用“DownloadFile”时发生异常:“远程服务器返回错误: (404) 未找到。”
[2026-06-01 18:24:30] GET lit_molland_book: https://www.routledge.com/Maritime-Engineering-Ship-Design/Molland/p/book/9780750665275
[2026-06-01 18:24:35] Retry 1/8 for lit_molland_book after 5s: curl=22; web=使用“2”个参数调用“DownloadFile”时发生异常:“请求被中止: 连接被意外关闭。”
[2026-06-01 18:24:44] Retry 2/8 for lit_molland_book after 15s: curl=22; web=使用“2”个参数调用“DownloadFile”时发生异常:“请求被中止: 连接被意外关闭。”
[2026-06-01 18:25:03] Retry 3/8 for lit_molland_book after 30s: curl=22; web=使用“2”个参数调用“DownloadFile”时发生异常:“请求被中止: 连接被意外关闭。”
[2026-06-01 18:25:37] Retry 4/8 for lit_molland_book after 60s: curl=22; web=使用“2”个参数调用“DownloadFile”时发生异常:“请求被中止: 连接被意外关闭。”
[2026-06-01 18:26:40] Retry 5/8 for lit_molland_book after 90s: curl=22; web=使用“2”个参数调用“DownloadFile”时发生异常:“请求被中止: 连接被意外关闭。”
[2026-06-01 18:28:14] Retry 6/8 for lit_molland_book after 120s: curl=22; web=使用“2”个参数调用“DownloadFile”时发生异常:“请求被中止: 连接被意外关闭。”
[2026-06-01 18:30:19] Retry 7/8 for lit_molland_book after 120s: curl=22; web=使用“2”个参数调用“DownloadFile”时发生异常:“请求被中止: 连接被意外关闭。”
[2026-06-01 18:32:23] Retry 8/8 for lit_molland_book after 180s: curl=22; web=使用“2”个参数调用“DownloadFile”时发生异常:“请求被中止: 连接被意外关闭。”
[2026-06-01 18:35:23] FAIL lit_molland_book: curl=22; web=使用“2”个参数调用“DownloadFile”时发生异常:“请求被中止: 连接被意外关闭。”
[2026-06-01 18:35:23] SKIP git ok: code_pdstrip
[2026-06-01 18:35:23] SKIP git ok: code_hams
[2026-06-01 18:35:23] SKIP git ok: code_bemrosetta
[2026-06-01 18:35:23] SKIP git ok: code_ow3d
[2026-06-01 18:35:23] SKIP git ok: code_openplaning
[2026-06-01 18:35:23] SKIP git ok: code_binder_openplaning
[2026-06-01 18:35:23] SKIP git ok: code_mmgdynamics
[2026-06-01 18:35:23] SKIP git ok: code_shipmmg
[2026-06-01 18:35:23] SKIP git ok: code_nemoh
[2026-06-01 18:35:23] SKIP git ok: code_capytaine
[2026-06-01 18:35:23] SKIP git ok: code_mss_tools
[2026-06-01 18:35:23] SKIP git ok: code_python_vehicle
[2026-06-01 18:35:23] SKIP ok: data_kcs_index
[2026-06-01 18:35:24] GET data_kcs_hull_zip: https://t2015.nmri.go.jp/file/Geometry_IGES_files/kcs/KCS_hull_SVA.zip
[2026-06-01 18:35:28] GET data_kcs_rudder_zip: https://t2015.nmri.go.jp/file/Geometry_IGES_files/kcs/KCS_Rudder.zip
[2026-06-01 18:35:33] GET data_kcs_prop_zip: https://t2015.nmri.go.jp/file/Geometry_IGES_files/kcs/KCS_prop_MOERI.zip
[2026-06-01 18:35:36] GET data_kcs_case211_zip: https://t2015.nmri.go.jp/file/Geometry_IGES_files/kcs/KCS_hull_Case2-11.zip
[2026-06-01 18:35:44] GET data_delft372_report: https://neptech.co/wp-content/uploads/2025/06/CFD_Report-DELFT_372-Calm-Water-EN.pdf
[2026-06-01 18:35:51] GET data_delft372_strath: https://strathprints.strath.ac.uk/82218/1/Duman_Bal_OE_2022_Turn_and_zigzag_manoeuvres_of_Delft_catamaran_372_using_CFD_based_system_simulation_method.pdf
[2026-06-01 18:35:55] Retry 1/8 for data_delft372_strath after 5s: curl=22; web=使用“2”个参数调用“DownloadFile”时发生异常:“远程服务器返回错误: (404) 未找到。”
[2026-06-01 18:36:03] Retry 2/8 for data_delft372_strath after 15s: curl=22; web=使用“2”个参数调用“DownloadFile”时发生异常:“远程服务器返回错误: (404) 未找到。”
[2026-06-01 18:36:22] Retry 3/8 for data_delft372_strath after 30s: curl=22; web=使用“2”个参数调用“DownloadFile”时发生异常:“远程服务器返回错误: (404) 未找到。”
[2026-06-01 18:36:56] Retry 4/8 for data_delft372_strath after 60s: curl=22; web=使用“2”个参数调用“DownloadFile”时发生异常:“远程服务器返回错误: (404) 未找到。”
[2026-06-01 18:38:00] Retry 5/8 for data_delft372_strath after 90s: curl=22; web=使用“2”个参数调用“DownloadFile”时发生异常:“远程服务器返回错误: (404) 未找到。”
[2026-06-01 18:39:35] Retry 6/8 for data_delft372_strath after 120s: curl=22; web=使用“2”个参数调用“DownloadFile”时发生异常:“远程服务器返回错误: (404) 未找到。”
[2026-06-01 18:41:40] Retry 7/8 for data_delft372_strath after 120s: curl=22; web=使用“2”个参数调用“DownloadFile”时发生异常:“远程服务器返回错误: (404) 未找到。”
[2026-06-01 18:43:44] Retry 8/8 for data_delft372_strath after 180s: curl=22; web=使用“2”个参数调用“DownloadFile”时发生异常:“远程服务器返回错误: (404) 未找到。”
[2026-06-01 18:46:45] FAIL data_delft372_strath: curl=22; web=使用“2”个参数调用“DownloadFile”时发生异常:“远程服务器返回错误: (404) 未找到。”
[2026-06-01 18:47:32] SKIP ok: fossen_mss_index
[2026-06-01 18:47:32] GET fossen_pvs: https://www.fossen.biz/pythonVehicleSim/
[2026-06-01 18:47:36] SUMMARY ok=29 paywall=8 failed=7 pending=0
SUMMARY ok=29 paywall=8 failed=7 pending=0
Retry 7 items in 60s...
=== Round 2 / 20 ===
[2026-06-01 18:48:37] === download_all.ps1 start (early_stage_materials) ===
[2026-06-01 18:48:37] RESET failed->pending: lit_kring_1994
[2026-06-01 18:48:37] RESET failed->pending: lit_molland_book
[2026-06-01 18:48:37] RESET failed->pending: data_kcs_geom
[2026-06-01 18:48:37] RESET failed->pending: data_delft372
[2026-06-01 18:48:37] RESET failed->pending: pip_capytaine
[2026-06-01 18:48:37] RESET failed->pending: fossen_mss_tools
[2026-06-01 18:48:37] RESET failed->pending: data_delft372_strath
[2026-06-01 18:48:37] SKIP ok: lit_stf_1970
[2026-06-01 18:48:37] SKIP ok: lit_faltinsen_sea_loads
[2026-06-01 18:48:37] SKIP ok: lit_faltinsen_hsmv_preview
[2026-06-01 18:48:40] GET lit_ma_2005: https://doi.org/10.1016/j.oceaneng.2004.08.012
[2026-06-01 18:48:46] FAIL lit_ma_2005: 
[2026-06-01 18:48:46] GET lit_arribas_2006: https://doi.org/10.1016/j.oceaneng.2005.09.008
[2026-06-01 18:48:50] FAIL lit_arribas_2006: 
[2026-06-01 18:48:50] GET lit_kring_1994: https://dspace.mit.edu/bitstream/handle/1721.1/11939/31384162-MIT.pdf?sequence=2&isAllowed=y
[2026-06-01 18:49:59] Retry 1/8 for lit_kring_1994 after 5s: curl=22; web=Exception calling "DownloadFile" with "2" argument(s): "The remote server returned an error: (500) Internal Server Error."
[2026-06-01 18:51:25] Retry 2/8 for lit_kring_1994 after 15s: curl=22; web=Exception calling "DownloadFile" with "2" argument(s): "The remote server returned an error: (500) Internal Server Error."
[2026-06-01 18:51:50] Retry 3/8 for lit_kring_1994 after 30s: curl=22; web=Exception calling "DownloadFile" with "2" argument(s): "The remote server returned an error: (404) Not Found."
[2026-06-01 18:52:46] Retry 4/8 for lit_kring_1994 after 60s: curl=22; web=Exception calling "DownloadFile" with "2" argument(s): "The remote server returned an error: (404) Not Found."
[2026-06-01 18:53:53] Retry 5/8 for lit_kring_1994 after 90s: curl=22; web=
[2026-06-01 18:56:09] Retry 6/8 for lit_kring_1994 after 120s: curl=22; web=Exception calling "DownloadFile" with "2" argument(s): "An exception occurred during a WebClient request."
[2026-06-01 18:59:23] Retry 7/8 for lit_kring_1994 after 120s: curl=22; web=Exception calling "DownloadFile" with "2" argument(s): "The remote server returned an error: (404) Not Found."
[2026-06-01 19:02:18] Retry 8/8 for lit_kring_1994 after 180s: curl=22; web=
[2026-06-01 19:05:18] GET lit_kring_1994: https://web.archive.org/web/2020/https://dspace.mit.edu/bitstream/handle/1721.1/11939/31384162-MIT.pdf?sequence=2&isAllowed=y
[2026-06-01 19:05:30] Retry 1/8 for lit_kring_1994 after 5s: curl=22; web=Exception calling "DownloadFile" with "2" argument(s): "An exception occurred during a WebClient request."
[2026-06-01 19:05:39] Retry 2/8 for lit_kring_1994 after 15s: curl=22; web=Exception calling "DownloadFile" with "2" argument(s): "The request was aborted: The connection was closed unexpectedly."
[2026-06-01 19:05:58] Retry 3/8 for lit_kring_1994 after 30s: curl=22; web=Exception calling "DownloadFile" with "2" argument(s): "The request was aborted: The connection was closed unexpectedly."
[2026-06-01 19:06:31] Retry 4/8 for lit_kring_1994 after 60s: curl=22; web=Exception calling "DownloadFile" with "2" argument(s): "The request was aborted: The connection was closed unexpectedly."
[2026-06-01 19:07:37] Retry 5/8 for lit_kring_1994 after 90s: curl=22; web=Exception calling "DownloadFile" with "2" argument(s): "The request was aborted: The connection was closed unexpectedly."
[2026-06-01 19:09:12] Retry 6/8 for lit_kring_1994 after 120s: curl=22; web=Exception calling "DownloadFile" with "2" argument(s): "The request was aborted: The connection was closed unexpectedly."
[2026-06-01 19:11:16] Retry 7/8 for lit_kring_1994 after 120s: curl=22; web=Exception calling "DownloadFile" with "2" argument(s): "The request was aborted: The connection was closed unexpectedly."
[2026-06-01 19:13:20] Retry 8/8 for lit_kring_1994 after 180s: curl=22; web=Exception calling "DownloadFile" with "2" argument(s): "The request was aborted: The connection was closed unexpectedly."
[2026-06-01 19:16:20] GET lit_kring_1994: https://core.ac.uk/download/pdf/48633506.pdf
[2026-06-01 19:17:28] Retry 1/8 for lit_kring_1994 after 5s: curl=22; web=Exception calling "DownloadFile" with "2" argument(s): "The remote server returned an error: (503) Server Unavailable."
[2026-06-01 19:19:46] Retry 2/8 for lit_kring_1994 after 15s: curl=22; web=Exception calling "DownloadFile" with "2" argument(s): "The remote server returned an error: (503) Server Unavailable."
[2026-06-01 19:20:43] Retry 3/8 for lit_kring_1994 after 30s: curl=22; web=Exception calling "DownloadFile" with "2" argument(s): "The remote server returned an error: (502) Bad Gateway."
[2026-06-01 19:21:51] Retry 4/8 for lit_kring_1994 after 60s: curl=22; web=Exception calling "DownloadFile" with "2" argument(s): "The remote server returned an error: (502) Bad Gateway."
[2026-06-01 19:23:56] Retry 5/8 for lit_kring_1994 after 90s: curl=22; web=Exception calling "DownloadFile" with "2" argument(s): "The remote server returned an error: (503) Server Unavailable."
[2026-06-01 19:25:33] Retry 6/8 for lit_kring_1994 after 120s: curl=22; web=Exception calling "DownloadFile" with "2" argument(s): "The remote server returned an error: (404) Not Found."
[2026-06-01 19:28:41] Retry 7/8 for lit_kring_1994 after 120s: curl=22; web=Exception calling "DownloadFile" with "2" argument(s): "The remote server returned an error: (503) Server Unavailable."
[2026-06-01 19:32:55] Retry 8/8 for lit_kring_1994 after 180s: curl=22; web=Exception calling "DownloadFile" with "2" argument(s): "The remote server returned an error: (503) Server Unavailable."
[2026-06-01 19:35:55] GET lit_kring_1994: http://hdl.handle.net/1721.1/11939
[2026-06-01 19:37:14] FAIL lit_kring_1994: 
[2026-06-01 19:37:16] GET lit_donatini_2022: https://doi.org/10.1016/j.oceaneng.2022.112222
[2026-06-01 19:37:20] FAIL lit_donatini_2022: 
[2026-06-01 19:37:20] SKIP ok: lit_bailey_npl
[2026-06-01 19:37:20] SKIP ok: lit_mercier_savitsky_1973
[2026-06-01 19:37:20] GET lit_compton_1986: https://onepetro.org/mtsn/article-pdf/23/04/345/2199243/sname-mtsn-1986-23-4-345.pdf
[2026-06-01 19:37:24] Retry 1/8 for lit_compton_1986 after 5s: curl=22; web=Exception calling "DownloadFile" with "2" argument(s): "The remote server returned an error: (403) Forbidden."
[2026-06-01 19:37:31] Retry 2/8 for lit_compton_1986 after 15s: curl=22; web=Exception calling "DownloadFile" with "2" argument(s): "The remote server returned an error: (403) Forbidden."
[2026-06-01 19:37:49] Retry 3/8 for lit_compton_1986 after 30s: curl=22; web=Exception calling "DownloadFile" with "2" argument(s): "The remote server returned an error: (403) Forbidden."
[2026-06-01 19:38:21] Retry 4/8 for lit_compton_1986 after 60s: curl=22; web=Exception calling "DownloadFile" with "2" argument(s): "The remote server returned an error: (403) Forbidden."
[2026-06-01 19:39:23] Retry 5/8 for lit_compton_1986 after 90s: curl=22; web=Exception calling "DownloadFile" with "2" argument(s): "The remote server returned an error: (403) Forbidden."
[2026-06-01 19:40:56] Retry 6/8 for lit_compton_1986 after 120s: curl=22; web=Exception calling "DownloadFile" with "2" argument(s): "The remote server returned an error: (403) Forbidden."
[2026-06-01 19:42:58] Retry 7/8 for lit_compton_1986 after 120s: curl=22; web=Exception calling "DownloadFile" with "2" argument(s): "The remote server returned an error: (403) Forbidden."
[2026-06-01 19:45:00] Retry 8/8 for lit_compton_1986 after 180s: curl=22; web=Exception calling "DownloadFile" with "2" argument(s): "The remote server returned an error: (403) Forbidden."
[2026-06-01 19:48:00] GET lit_compton_1986: https://web.archive.org/web/2019/https://onepetro.org/mtsn/article-pdf/23/04/345/2199243/sname-mtsn-1986-23-4-345.pdf
[2026-06-01 19:48:08] FAIL lit_compton_1986: 
[2026-06-01 19:48:08] GET lit_savitsky_preplaning: https://doi.org/10.1063/1.5143123
[2026-06-01 19:48:12] Retry 1/8 for lit_savitsky_preplaning after 5s: curl=22; web=Exception calling "DownloadFile" with "2" argument(s): "The remote server returned an error: (404) Not Found."
[2026-06-01 19:48:19] Retry 2/8 for lit_savitsky_preplaning after 15s: curl=22; web=Exception calling "DownloadFile" with "2" argument(s): "The remote server returned an error: (404) Not Found."
[2026-06-01 19:48:38] Retry 3/8 for lit_savitsky_preplaning after 30s: curl=22; web=Exception calling "DownloadFile" with "2" argument(s): "The remote server returned an error: (404) Not Found."
[2026-06-01 19:49:09] Retry 4/8 for lit_savitsky_preplaning after 60s: curl=22; web=Exception calling "DownloadFile" with "2" argument(s): "The remote server returned an error: (404) Not Found."
[2026-06-01 19:50:11] Retry 5/8 for lit_savitsky_preplaning after 90s: curl=22; web=Exception calling "DownloadFile" with "2" argument(s): "The remote server returned an error: (404) Not Found."
[2026-06-01 19:51:44] Retry 6/8 for lit_savitsky_preplaning after 120s: curl=22; web=Exception calling "DownloadFile" with "2" argument(s): "The remote server returned an error: (404) Not Found."
[2026-06-01 19:53:47] Retry 7/8 for lit_savitsky_preplaning after 120s: curl=22; web=Exception calling "DownloadFile" with "2" argument(s): "The remote server returned an error: (404) Not Found."
[2026-06-01 19:55:50] Retry 8/8 for lit_savitsky_preplaning after 180s: curl=22; web=Exception calling "DownloadFile" with "2" argument(s): "The remote server returned an error: (404) Not Found."
[2026-06-01 19:58:50] FAIL lit_savitsky_preplaning: curl=22; web=Exception calling "DownloadFile" with "2" argument(s): "The remote server returned an error: (404) Not Found."
[2026-06-01 19:58:53] GET lit_savitsky_1964: https://onepetro.org/MTSN/article/1/04/71/172383/Hydrodynamic-Design-of-Planing-Hulls
[2026-06-01 19:58:56] Retry 1/8 for lit_savitsky_1964 after 5s: curl=22; web=Exception calling "DownloadFile" with "2" argument(s): "The remote server returned an error: (403) Forbidden."
[2026-06-01 19:59:03] Retry 2/8 for lit_savitsky_1964 after 15s: curl=22; web=Exception calling "DownloadFile" with "2" argument(s): "The remote server returned an error: (403) Forbidden."
[2026-06-01 19:59:21] Retry 3/8 for lit_savitsky_1964 after 30s: curl=22; web=Exception calling "DownloadFile" with "2" argument(s): "The remote server returned an error: (403) Forbidden."
[2026-06-01 20:00:01] Retry 4/8 for lit_savitsky_1964 after 60s: curl=22; web=Exception calling "DownloadFile" with "2" argument(s): "The remote server returned an error: (403) Forbidden."
[2026-06-01 20:01:23] Retry 5/8 for lit_savitsky_1964 after 90s: curl=22; web=Exception calling "DownloadFile" with "2" argument(s): "The remote server returned an error: (403) Forbidden."
[2026-06-01 20:02:55] Retry 6/8 for lit_savitsky_1964 after 120s: curl=22; web=Exception calling "DownloadFile" with "2" argument(s): "The remote server returned an error: (403) Forbidden."
[2026-06-01 20:04:58] Retry 7/8 for lit_savitsky_1964 after 120s: curl=22; web=Exception calling "DownloadFile" with "2" argument(s): "The remote server returned an error: (403) Forbidden."
[2026-06-01 20:07:00] Retry 8/8 for lit_savitsky_1964 after 180s: curl=22; web=Exception calling "DownloadFile" with "2" argument(s): "The remote server returned an error: (403) Forbidden."
[2026-06-01 20:10:00] GET lit_savitsky_1964: https://web.archive.org/web/2020/https://onepetro.org/MTSN/article/1/04/71/172383/Hydrodynamic-Design-of-Planing-Hulls
[2026-06-01 20:10:05] SKIP ok: lit_fridsma
[2026-06-01 20:10:05] SKIP ok: lit_savitsky_brown_1976
[2026-06-01 20:10:05] SKIP ok: lit_zhao_water_entry
[2026-06-01 20:10:08] GET lit_sun_faltinsen_2010: https://doi.org/10.2514/1.44717
[2026-06-01 20:10:12] Retry 1/8 for lit_sun_faltinsen_2010 after 5s: curl=22; web=Exception calling "DownloadFile" with "2" argument(s): "The remote server returned an error: (404) Not Found."
[2026-06-01 20:10:19] Retry 2/8 for lit_sun_faltinsen_2010 after 15s: curl=22; web=Exception calling "DownloadFile" with "2" argument(s): "The remote server returned an error: (404) Not Found."
[2026-06-01 20:10:36] Retry 3/8 for lit_sun_faltinsen_2010 after 30s: curl=22; web=Exception calling "DownloadFile" with "2" argument(s): "The remote server returned an error: (404) Not Found."
[2026-06-01 20:11:09] Retry 4/8 for lit_sun_faltinsen_2010 after 60s: curl=22; web=Exception calling "DownloadFile" with "2" argument(s): "The remote server returned an error: (404) Not Found."
[2026-06-01 20:12:11] Retry 5/8 for lit_sun_faltinsen_2010 after 90s: curl=22; web=Exception calling "DownloadFile" with "2" argument(s): "The remote server returned an error: (404) Not Found."
[2026-06-01 20:13:43] Retry 6/8 for lit_sun_faltinsen_2010 after 120s: curl=22; web=Exception calling "DownloadFile" with "2" argument(s): "The remote server returned an error: (404) Not Found."
[2026-06-01 20:15:47] Retry 7/8 for lit_sun_faltinsen_2010 after 120s: curl=35; web=Exception calling "DownloadFile" with "2" argument(s): "The remote server returned an error: (404) Not Found."
[2026-06-01 20:17:50] Retry 8/8 for lit_sun_faltinsen_2010 after 180s: curl=22; web=Exception calling "DownloadFile" with "2" argument(s): "The remote server returned an error: (404) Not Found."
[2026-06-01 20:20:50] FAIL lit_sun_faltinsen_2010: curl=22; web=Exception calling "DownloadFile" with "2" argument(s): "The remote server returned an error: (404) Not Found."
[2026-06-01 20:20:53] GET lit_planing_review_2024: https://doi.org/10.1016/j.oceaneng.2024.114383
[2026-06-01 20:20:56] Retry 1/8 for lit_planing_review_2024 after 5s: curl=22; web=Exception calling "DownloadFile" with "2" argument(s): "The remote server returned an error: (404) Not Found."
[2026-06-01 20:21:03] Retry 2/8 for lit_planing_review_2024 after 15s: curl=22; web=Exception calling "DownloadFile" with "2" argument(s): "The remote server returned an error: (404) Not Found."
[2026-06-01 20:21:21] Retry 3/8 for lit_planing_review_2024 after 30s: curl=35; web=Exception calling "DownloadFile" with "2" argument(s): "The remote server returned an error: (404) Not Found."
[2026-06-01 20:21:53] Retry 4/8 for lit_planing_review_2024 after 60s: curl=22; web=Exception calling "DownloadFile" with "2" argument(s): "The remote server returned an error: (404) Not Found."
[2026-06-01 20:22:54] Retry 5/8 for lit_planing_review_2024 after 90s: curl=22; web=Exception calling "DownloadFile" with "2" argument(s): "The remote server returned an error: (404) Not Found."
[2026-06-01 20:24:26] Retry 6/8 for lit_planing_review_2024 after 120s: curl=22; web=Exception calling "DownloadFile" with "2" argument(s): "The remote server returned an error: (404) Not Found."
[2026-06-01 20:26:29] Retry 7/8 for lit_planing_review_2024 after 120s: curl=22; web=Exception calling "DownloadFile" with "2" argument(s): "The remote server returned an error: (404) Not Found."
[2026-06-01 20:28:38] Retry 8/8 for lit_planing_review_2024 after 180s: curl=22; web=Exception calling "DownloadFile" with "2" argument(s): "The remote server returned an error: (404) Not Found."
[2026-06-01 20:31:38] GET lit_planing_review_2024: https://www.sciencedirect.com/science/article/pii/S0029801824003834
[2026-06-01 20:31:43] Retry 1/8 for lit_planing_review_2024 after 5s: curl=22; web=Exception calling "DownloadFile" with "2" argument(s): "The remote server returned an error: (403) Forbidden."
[2026-06-01 20:31:52] Retry 2/8 for lit_planing_review_2024 after 15s: curl=22; web=Exception calling "DownloadFile" with "2" argument(s): "The remote server returned an error: (403) Forbidden."
[2026-06-01 20:32:09] Retry 3/8 for lit_planing_review_2024 after 30s: curl=22; web=Exception calling "DownloadFile" with "2" argument(s): "The remote server returned an error: (403) Forbidden."
[2026-06-01 20:32:43] Retry 4/8 for lit_planing_review_2024 after 60s: curl=35; web=Exception calling "DownloadFile" with "2" argument(s): "The remote server returned an error: (403) Forbidden."
[2026-06-01 20:33:45] Retry 5/8 for lit_planing_review_2024 after 90s: curl=22; web=Exception calling "DownloadFile" with "2" argument(s): "The remote server returned an error: (403) Forbidden."
[2026-06-01 20:35:20] Retry 6/8 for lit_planing_review_2024 after 120s: curl=22; web=Exception calling "DownloadFile" with "2" argument(s): "The remote server returned an error: (403) Forbidden."
[2026-06-01 20:37:23] Retry 7/8 for lit_planing_review_2024 after 120s: curl=22; web=Exception calling "DownloadFile" with "2" argument(s): "The remote server returned an error: (403) Forbidden."
[2026-06-01 20:39:30] Retry 8/8 for lit_planing_review_2024 after 180s: curl=22; web=Exception calling "DownloadFile" with "2" argument(s): "The remote server returned an error: (403) Forbidden."
[2026-06-01 20:42:30] FAIL lit_planing_review_2024: curl=22; web=Exception calling "DownloadFile" with "2" argument(s): "The remote server returned an error: (403) Forbidden."
[2026-06-01 20:42:34] GET lit_fossen_2012: https://doi.org/10.1016/j.oceaneng.2012.09.012
[2026-06-01 20:42:43] GET lit_fossen_2012: https://folk.ntnu.no/thomas.fossen/pub/Fossen2012windwaves.pdf
[2026-06-01 20:42:50] Retry 1/8 for lit_fossen_2012 after 5s: curl=22; web=Exception calling "DownloadFile" with "2" argument(s): "The remote server returned an error: (404) Not Found."
[2026-06-01 20:43:03] Retry 2/8 for lit_fossen_2012 after 15s: curl=22; web=Exception calling "DownloadFile" with "2" argument(s): "The remote server returned an error: (404) Not Found."
[2026-06-01 20:43:23] Retry 3/8 for lit_fossen_2012 after 30s: curl=22; web=Exception calling "DownloadFile" with "2" argument(s): "The remote server returned an error: (404) Not Found."
[2026-06-01 20:43:58] Retry 4/8 for lit_fossen_2012 after 60s: curl=22; web=Exception calling "DownloadFile" with "2" argument(s): "The remote server returned an error: (404) Not Found."
[2026-06-01 20:45:03] Retry 5/8 for lit_fossen_2012 after 90s: curl=22; web=Exception calling "DownloadFile" with "2" argument(s): "The remote server returned an error: (404) Not Found."
[2026-06-01 20:46:39] Retry 6/8 for lit_fossen_2012 after 120s: curl=22; web=Exception calling "DownloadFile" with "2" argument(s): "The remote server returned an error: (404) Not Found."
[2026-06-01 20:48:47] Retry 7/8 for lit_fossen_2012 after 120s: curl=22; web=Exception calling "DownloadFile" with "2" argument(s): "The remote server returned an error: (404) Not Found."
[2026-06-01 20:50:55] Retry 8/8 for lit_fossen_2012 after 180s: curl=22; web=Exception calling "DownloadFile" with "2" argument(s): "The remote server returned an error: (404) Not Found."
[2026-06-01 20:53:55] GET lit_fossen_2012: https://folk.ntnu.no/thomas.fossen/pub/Fossen2012wind.pdf
[2026-06-01 20:54:00] Retry 1/8 for lit_fossen_2012 after 5s: curl=22; web=Exception calling "DownloadFile" with "2" argument(s): "The remote server returned an error: (404) Not Found."
[2026-06-01 20:54:10] Retry 2/8 for lit_fossen_2012 after 15s: curl=22; web=Exception calling "DownloadFile" with "2" argument(s): "The remote server returned an error: (404) Not Found."
[2026-06-01 20:54:32] Retry 3/8 for lit_fossen_2012 after 30s: curl=22; web=Exception calling "DownloadFile" with "2" argument(s): "The remote server returned an error: (404) Not Found."
[2026-06-01 20:55:06] Retry 4/8 for lit_fossen_2012 after 60s: curl=22; web=Exception calling "DownloadFile" with "2" argument(s): "The remote server returned an error: (404) Not Found."
[2026-06-01 20:56:10] Retry 5/8 for lit_fossen_2012 after 90s: curl=22; web=Exception calling "DownloadFile" with "2" argument(s): "The remote server returned an error: (404) Not Found."
[2026-06-01 20:57:46] Retry 6/8 for lit_fossen_2012 after 120s: curl=22; web=Exception calling "DownloadFile" with "2" argument(s): "The remote server returned an error: (404) Not Found."
[2026-06-01 20:59:50] Retry 7/8 for lit_fossen_2012 after 120s: curl=22; web=Exception calling "DownloadFile" with "2" argument(s): "The remote server returned an error: (404) Not Found."
[2026-06-01 21:01:54] Retry 8/8 for lit_fossen_2012 after 180s: curl=22; web=Exception calling "DownloadFile" with "2" argument(s): "The remote server returned an error: (404) Not Found."
[2026-06-01 21:04:54] GET lit_fossen_2012: https://www.researchgate.net/profile/Thor-Fossen/publication/257623456_How_to_incorporate_wind_waves_and_ocean_currents_in_the_marine_craft_equations_of_motion/links/0deec53c8c0c5e0e3c000000/How-to-incorporate-wind-waves-and-ocean-currents-in-the-marine-craft-equations-of-motion.pdf
[2026-06-01 21:04:58] Retry 1/8 for lit_fossen_2012 after 5s: curl=22; web=Exception calling "DownloadFile" with "2" argument(s): "The remote server returned an error: (403) Forbidden."
[2026-06-01 21:05:06] Retry 2/8 for lit_fossen_2012 after 15s: curl=22; web=Exception calling "DownloadFile" with "2" argument(s): "The remote server returned an error: (403) Forbidden."
[2026-06-01 21:05:24] Retry 3/8 for lit_fossen_2012 after 30s: curl=22; web=Exception calling "DownloadFile" with "2" argument(s): "The remote server returned an error: (403) Forbidden."
[2026-06-01 21:05:57] Retry 4/8 for lit_fossen_2012 after 60s: curl=22; web=Exception calling "DownloadFile" with "2" argument(s): "The remote server returned an error: (403) Forbidden."
[2026-06-01 21:07:01] Retry 5/8 for lit_fossen_2012 after 90s: curl=22; web=Exception calling "DownloadFile" with "2" argument(s): "The remote server returned an error: (403) Forbidden."
[2026-06-01 21:08:33] Retry 6/8 for lit_fossen_2012 after 120s: curl=22; web=Exception calling "DownloadFile" with "2" argument(s): "The remote server returned an error: (403) Forbidden."
[2026-06-01 21:10:38] Retry 7/8 for lit_fossen_2012 after 120s: curl=22; web=Exception calling "DownloadFile" with "2" argument(s): "The remote server returned an error: (403) Forbidden."
[2026-06-01 21:12:44] Retry 8/8 for lit_fossen_2012 after 180s: curl=22; web=Exception calling "DownloadFile" with "2" argument(s): "The remote server returned an error: (403) Forbidden."
[2026-06-01 21:15:44] FAIL lit_fossen_2012: curl=22; web=Exception calling "DownloadFile" with "2" argument(s): "The remote server returned an error: (403) Forbidden."
[2026-06-01 21:15:44] GET lit_molland_book: https://www.routledge.com/Maritime-Engineering-Ship-Design/Molland/p/book/9780750665275
[2026-06-01 21:15:48] Retry 1/8 for lit_molland_book after 5s: curl=22; web=Exception calling "DownloadFile" with "2" argument(s): "The request was aborted: The connection was closed unexpectedly."
[2026-06-01 21:15:57] Retry 2/8 for lit_molland_book after 15s: curl=22; web=Exception calling "DownloadFile" with "2" argument(s): "The request was aborted: The connection was closed unexpectedly."
[2026-06-01 21:16:17] Retry 3/8 for lit_molland_book after 30s: curl=22; web=Exception calling "DownloadFile" with "2" argument(s): "The request was aborted: The connection was closed unexpectedly."
[2026-06-01 21:16:55] Retry 4/8 for lit_molland_book after 60s: curl=22; web=Exception calling "DownloadFile" with "2" argument(s): "The request was aborted: The connection was closed unexpectedly."
[2026-06-01 21:18:03] Retry 5/8 for lit_molland_book after 90s: curl=22; web=Exception calling "DownloadFile" with "2" argument(s): "The request was aborted: The connection was closed unexpectedly."
[2026-06-01 21:19:39] Retry 6/8 for lit_molland_book after 120s: curl=22; web=Exception calling "DownloadFile" with "2" argument(s): "The request was aborted: The connection was closed unexpectedly."
[2026-06-01 21:21:56] Retry 7/8 for lit_molland_book after 120s: curl=22; web=Exception calling "DownloadFile" with "2" argument(s): "The request was aborted: The connection was closed unexpectedly."
[2026-06-01 21:24:31] Retry 8/8 for lit_molland_book after 180s: curl=22; web=Exception calling "DownloadFile" with "2" argument(s): "The request was aborted: The connection was closed unexpectedly."
[2026-06-01 21:27:31] FAIL lit_molland_book: curl=22; web=Exception calling "DownloadFile" with "2" argument(s): "The request was aborted: The connection was closed unexpectedly."
[2026-06-01 21:27:32] SKIP git ok: code_pdstrip
[2026-06-01 21:27:32] SKIP git ok: code_hams
[2026-06-01 21:27:32] SKIP git ok: code_bemrosetta
[2026-06-01 21:27:32] SKIP git ok: code_ow3d
[2026-06-01 21:27:32] SKIP git ok: code_openplaning
[2026-06-01 21:27:32] SKIP git ok: code_binder_openplaning
[2026-06-01 21:27:32] SKIP git ok: code_mmgdynamics
[2026-06-01 21:27:32] SKIP git ok: code_shipmmg
[2026-06-01 21:27:32] SKIP git ok: code_nemoh
[2026-06-01 21:27:32] SKIP git ok: code_capytaine
[2026-06-01 21:27:32] SKIP git ok: code_mss_tools
[2026-06-01 21:27:32] SKIP git ok: code_python_vehicle
[2026-06-01 21:27:32] SKIP ok: data_kcs_index
[2026-06-01 21:27:32] SKIP ok: data_kcs_hull_zip
[2026-06-01 21:27:32] SKIP ok: data_kcs_rudder_zip
[2026-06-01 21:27:32] SKIP ok: data_kcs_prop_zip
[2026-06-01 21:27:32] SKIP ok: data_kcs_case211_zip
[2026-06-01 21:27:32] SKIP ok: data_delft372_report
[2026-06-01 21:27:32] GET data_delft372_strath: https://strathprints.strath.ac.uk/82218/1/Duman_Bal_OE_2022_Turn_and_zigzag_manoeuvres_of_Delft_catamaran_372_using_CFD_based_system_simulation_method.pdf
[2026-06-01 21:27:36] Retry 1/8 for data_delft372_strath after 5s: curl=22; web=Exception calling "DownloadFile" with "2" argument(s): "The remote server returned an error: (404) Not Found."
[2026-06-01 21:27:47] Retry 2/8 for data_delft372_strath after 15s: curl=22; web=Exception calling "DownloadFile" with "2" argument(s): "The remote server returned an error: (404) Not Found."
[2026-06-01 21:28:32] Retry 3/8 for data_delft372_strath after 30s: curl=22; web=Exception calling "DownloadFile" with "2" argument(s): "The remote server returned an error: (404) Not Found."
[2026-06-01 21:29:06] Retry 4/8 for data_delft372_strath after 60s: curl=22; web=Exception calling "DownloadFile" with "2" argument(s): "The remote server returned an error: (404) Not Found."
[2026-06-01 21:30:12] Retry 5/8 for data_delft372_strath after 90s: curl=35; web=Exception calling "DownloadFile" with "2" argument(s): "The remote server returned an error: (404) Not Found."
[2026-06-01 21:31:46] Retry 6/8 for data_delft372_strath after 120s: curl=22; web=Exception calling "DownloadFile" with "2" argument(s): "The remote server returned an error: (404) Not Found."
[2026-06-01 21:33:52] Retry 7/8 for data_delft372_strath after 120s: curl=22; web=Exception calling "DownloadFile" with "2" argument(s): "The remote server returned an error: (404) Not Found."
[2026-06-01 21:35:58] Retry 8/8 for data_delft372_strath after 180s: curl=22; web=Exception calling "DownloadFile" with "2" argument(s): "The remote server returned an error: (404) Not Found."
[2026-06-01 21:38:58] FAIL data_delft372_strath: curl=22; web=Exception calling "DownloadFile" with "2" argument(s): "The remote server returned an error: (404) Not Found."
[2026-06-01 21:39:43] SKIP ok: fossen_mss_index
[2026-06-01 21:39:43] SKIP ok: fossen_pvs
[2026-06-01 21:39:43] SUMMARY ok=29 paywall=8 failed=4 pending=3
SUMMARY ok=29 paywall=8 failed=4 pending=3
Retry 7 items in 60s...
=== Round 3 / 20 ===
[2026-06-01 21:40:44] === download_all.ps1 start (early_stage_materials) ===
[2026-06-01 21:40:45] RESET failed->pending: lit_kring_1994
[2026-06-01 21:40:45] RESET failed->pending: lit_molland_book
[2026-06-01 21:40:45] RESET failed->pending: pip_capytaine
[2026-06-01 21:40:45] RESET failed->pending: data_delft372_strath
[2026-06-01 21:40:45] SKIP ok: lit_stf_1970
[2026-06-01 21:40:45] SKIP ok: lit_faltinsen_sea_loads
[2026-06-01 21:40:45] SKIP ok: lit_faltinsen_hsmv_preview
[2026-06-01 21:40:49] GET lit_ma_2005: https://doi.org/10.1016/j.oceaneng.2004.08.012
[2026-06-01 21:40:54] FAIL lit_ma_2005: 
[2026-06-01 21:40:54] GET lit_arribas_2006: https://doi.org/10.1016/j.oceaneng.2005.09.008
[2026-06-01 21:40:59] FAIL lit_arribas_2006: 
[2026-06-01 21:40:59] GET lit_kring_1994: https://dspace.mit.edu/bitstream/handle/1721.1/11939/31384162-MIT.pdf?sequence=2&isAllowed=y
[2026-06-01 21:41:05] Retry 1/8 for lit_kring_1994 after 5s: curl=22; web=Exception calling "DownloadFile" with "2" argument(s): "The remote server returned an error: (404) Not Found."
[2026-06-01 21:41:13] Retry 2/8 for lit_kring_1994 after 15s: curl=22; web=Exception calling "DownloadFile" with "2" argument(s): "The remote server returned an error: (404) Not Found."
[2026-06-01 21:41:31] Retry 3/8 for lit_kring_1994 after 30s: curl=22; web=Exception calling "DownloadFile" with "2" argument(s): "The remote server returned an error: (404) Not Found."
[2026-06-01 21:42:04] Retry 4/8 for lit_kring_1994 after 60s: curl=22; web=Exception calling "DownloadFile" with "2" argument(s): "The remote server returned an error: (404) Not Found."
[2026-06-01 21:43:09] Retry 5/8 for lit_kring_1994 after 90s: curl=22; web=Exception calling "DownloadFile" with "2" argument(s): "The remote server returned an error: (404) Not Found."
[2026-06-01 21:44:47] Retry 6/8 for lit_kring_1994 after 120s: curl=22; web=Exception calling "DownloadFile" with "2" argument(s): "The remote server returned an error: (404) Not Found."
[2026-06-01 21:46:52] Retry 7/8 for lit_kring_1994 after 120s: curl=22; web=Exception calling "DownloadFile" with "2" argument(s): "The remote server returned an error: (404) Not Found."
[2026-06-01 21:48:57] Retry 8/8 for lit_kring_1994 after 180s: curl=22; web=Exception calling "DownloadFile" with "2" argument(s): "The remote server returned an error: (404) Not Found."
[2026-06-01 21:51:57] GET lit_kring_1994: https://web.archive.org/web/2020/https://dspace.mit.edu/bitstream/handle/1721.1/11939/31384162-MIT.pdf?sequence=2&isAllowed=y
[2026-06-01 21:52:06] Retry 1/8 for lit_kring_1994 after 5s: curl=22; web=Exception calling "DownloadFile" with "2" argument(s): "The request was aborted: The connection was closed unexpectedly."
[2026-06-01 21:52:18] Retry 2/8 for lit_kring_1994 after 15s: curl=22; web=Exception calling "DownloadFile" with "2" argument(s): "The request was aborted: The connection was closed unexpectedly."
[2026-06-01 21:52:36] Retry 3/8 for lit_kring_1994 after 30s: curl=22; web=Exception calling "DownloadFile" with "2" argument(s): "The request was aborted: The connection was closed unexpectedly."
[2026-06-01 21:53:09] Retry 4/8 for lit_kring_1994 after 60s: curl=22; web=Exception calling "DownloadFile" with "2" argument(s): "The request was aborted: The connection was closed unexpectedly."
[2026-06-01 21:54:16] Retry 5/8 for lit_kring_1994 after 90s: curl=22; web=Exception calling "DownloadFile" with "2" argument(s): "The request was aborted: The connection was closed unexpectedly."
[2026-06-01 21:55:53] Retry 6/8 for lit_kring_1994 after 120s: curl=22; web=Exception calling "DownloadFile" with "2" argument(s): "The request was aborted: The connection was closed unexpectedly."
[2026-06-01 21:57:57] Retry 7/8 for lit_kring_1994 after 120s: curl=22; web=Exception calling "DownloadFile" with "2" argument(s): "The request was aborted: The connection was closed unexpectedly."
[2026-06-01 22:00:05] Retry 8/8 for lit_kring_1994 after 180s: curl=22; web=Exception calling "DownloadFile" with "2" argument(s): "The request was aborted: The connection was closed unexpectedly."
[2026-06-01 22:03:05] GET lit_kring_1994: https://core.ac.uk/download/pdf/48633506.pdf
[2026-06-01 22:03:14] Retry 1/8 for lit_kring_1994 after 5s: curl=22; web=Exception calling "DownloadFile" with "2" argument(s): "The remote server returned an error: (404) Not Found."
[2026-06-01 22:03:25] Retry 2/8 for lit_kring_1994 after 15s: curl=22; web=Exception calling "DownloadFile" with "2" argument(s): "The remote server returned an error: (404) Not Found."
[2026-06-01 22:03:46] Retry 3/8 for lit_kring_1994 after 30s: curl=22; web=Exception calling "DownloadFile" with "2" argument(s): "The remote server returned an error: (404) Not Found."
[2026-06-01 22:04:22] Retry 4/8 for lit_kring_1994 after 60s: curl=22; web=Exception calling "DownloadFile" with "2" argument(s): "The remote server returned an error: (404) Not Found."
[2026-06-01 22:05:27] Retry 5/8 for lit_kring_1994 after 90s: curl=22; web=Exception calling "DownloadFile" with "2" argument(s): "The remote server returned an error: (404) Not Found."
[2026-06-01 22:07:03] Retry 6/8 for lit_kring_1994 after 120s: curl=22; web=Exception calling "DownloadFile" with "2" argument(s): "The remote server returned an error: (404) Not Found."
[2026-06-01 22:09:13] Retry 7/8 for lit_kring_1994 after 120s: curl=22; web=Exception calling "DownloadFile" with "2" argument(s): "The remote server returned an error: (404) Not Found."
[2026-06-01 22:11:22] Retry 8/8 for lit_kring_1994 after 180s: curl=22; web=Exception calling "DownloadFile" with "2" argument(s): "The remote server returned an error: (404) Not Found."
[2026-06-01 22:14:22] GET lit_kring_1994: http://hdl.handle.net/1721.1/11939
[2026-06-01 22:14:39] Retry 1/8 for lit_kring_1994 after 5s: curl=22; web=Exception calling "DownloadFile" with "2" argument(s): "The remote server returned an error: (500) Internal Server Error."
[2026-06-01 22:15:00] Retry 2/8 for lit_kring_1994 after 15s: curl=22; web=Exception calling "DownloadFile" with "2" argument(s): "The remote server returned an error: (500) Internal Server Error."
[2026-06-01 22:15:32] Retry 3/8 for lit_kring_1994 after 30s: curl=22; web=Exception calling "DownloadFile" with "2" argument(s): "The remote server returned an error: (500) Internal Server Error."
[2026-06-01 22:16:19] Retry 4/8 for lit_kring_1994 after 60s: curl=22; web=Exception calling "DownloadFile" with "2" argument(s): "The remote server returned an error: (500) Internal Server Error."
[2026-06-01 22:17:35] Retry 5/8 for lit_kring_1994 after 90s: curl=22; web=Exception calling "DownloadFile" with "2" argument(s): "The remote server returned an error: (500) Internal Server Error."
[2026-06-01 22:19:26] Retry 6/8 for lit_kring_1994 after 120s: curl=22; web=Exception calling "DownloadFile" with "2" argument(s): "The remote server returned an error: (500) Internal Server Error."
[2026-06-01 22:21:32] Retry 7/8 for lit_kring_1994 after 120s: curl=52; web=Exception calling "DownloadFile" with "2" argument(s): "The remote server returned an error: (500) Internal Server Error."
[2026-06-01 22:23:53] Retry 8/8 for lit_kring_1994 after 180s: curl=22; web=Exception calling "DownloadFile" with "2" argument(s): "The remote server returned an error: (500) Internal Server Error."
[2026-06-01 22:26:53] FAIL lit_kring_1994: curl=22; web=Exception calling "DownloadFile" with "2" argument(s): "The remote server returned an error: (500) Internal Server Error."
[2026-06-01 22:26:56] GET lit_donatini_2022: https://doi.org/10.1016/j.oceaneng.2022.112222
[2026-06-01 22:27:01] FAIL lit_donatini_2022: 
[2026-06-01 22:27:01] SKIP ok: lit_bailey_npl
[2026-06-01 22:27:01] SKIP ok: lit_mercier_savitsky_1973
[2026-06-01 22:27:01] GET lit_compton_1986: https://onepetro.org/mtsn/article-pdf/23/04/345/2199243/sname-mtsn-1986-23-4-345.pdf
[2026-06-01 22:27:05] Retry 1/8 for lit_compton_1986 after 5s: curl=22; web=Exception calling "DownloadFile" with "2" argument(s): "The remote server returned an error: (403) Forbidden."
[2026-06-01 22:27:12] Retry 2/8 for lit_compton_1986 after 15s: curl=22; web=Exception calling "DownloadFile" with "2" argument(s): "The remote server returned an error: (403) Forbidden."
[2026-06-01 22:27:30] Retry 3/8 for lit_compton_1986 after 30s: curl=22; web=Exception calling "DownloadFile" with "2" argument(s): "The remote server returned an error: (403) Forbidden."
[2026-06-01 22:28:02] Retry 4/8 for lit_compton_1986 after 60s: curl=22; web=Exception calling "DownloadFile" with "2" argument(s): "The remote server returned an error: (403) Forbidden."
[2026-06-01 22:29:05] Retry 5/8 for lit_compton_1986 after 90s: curl=22; web=Exception calling "DownloadFile" with "2" argument(s): "The remote server returned an error: (403) Forbidden."
[2026-06-01 22:30:37] Retry 6/8 for lit_compton_1986 after 120s: curl=22; web=Exception calling "DownloadFile" with "2" argument(s): "The remote server returned an error: (403) Forbidden."
[2026-06-01 22:32:47] Retry 7/8 for lit_compton_1986 after 120s: curl=22; web=Exception calling "DownloadFile" with "2" argument(s): "The remote server returned an error: (403) Forbidden."
[2026-06-01 22:34:50] Retry 8/8 for lit_compton_1986 after 180s: curl=22; web=Exception calling "DownloadFile" with "2" argument(s): "The remote server returned an error: (403) Forbidden."
[2026-06-01 22:37:50] GET lit_compton_1986: https://web.archive.org/web/2019/https://onepetro.org/mtsn/article-pdf/23/04/345/2199243/sname-mtsn-1986-23-4-345.pdf
[2026-06-01 22:38:00] FAIL lit_compton_1986: 
[2026-06-01 22:38:00] GET lit_savitsky_preplaning: https://doi.org/10.1063/1.5143123
[2026-06-01 22:38:05] Retry 1/8 for lit_savitsky_preplaning after 5s: curl=22; web=Exception calling "DownloadFile" with "2" argument(s): "The remote server returned an error: (404) Not Found."
[2026-06-01 22:38:12] Retry 2/8 for lit_savitsky_preplaning after 15s: curl=22; web=Exception calling "DownloadFile" with "2" argument(s): "The remote server returned an error: (404) Not Found."
[2026-06-01 22:38:33] Retry 3/8 for lit_savitsky_preplaning after 30s: curl=22; web=Exception calling "DownloadFile" with "2" argument(s): "The remote server returned an error: (404) Not Found."
[2026-06-01 22:39:05] Retry 4/8 for lit_savitsky_preplaning after 60s: curl=22; web=Exception calling "DownloadFile" with "2" argument(s): "The remote server returned an error: (404) Not Found."
[2026-06-01 22:40:07] Retry 5/8 for lit_savitsky_preplaning after 90s: curl=22; web=Exception calling "DownloadFile" with "2" argument(s): "The remote server returned an error: (404) Not Found."
[2026-06-01 22:42:47] Retry 6/8 for lit_savitsky_preplaning after 120s: curl=22; web=Exception calling "DownloadFile" with "2" argument(s): "The remote server returned an error: (404) Not Found."
[2026-06-01 22:44:52] Retry 7/8 for lit_savitsky_preplaning after 120s: curl=22; web=Exception calling "DownloadFile" with "2" argument(s): "The remote server returned an error: (404) Not Found."
[2026-06-01 22:46:57] Retry 8/8 for lit_savitsky_preplaning after 180s: curl=22; web=Exception calling "DownloadFile" with "2" argument(s): "The remote server returned an error: (404) Not Found."
[2026-06-01 22:49:57] FAIL lit_savitsky_preplaning: curl=22; web=Exception calling "DownloadFile" with "2" argument(s): "The remote server returned an error: (404) Not Found."
[2026-06-01 22:50:04] GET lit_savitsky_1964: https://onepetro.org/MTSN/article/1/04/71/172383/Hydrodynamic-Design-of-Planing-Hulls
[2026-06-01 22:50:07] Retry 1/8 for lit_savitsky_1964 after 5s: curl=22; web=Exception calling "DownloadFile" with "2" argument(s): "The remote server returned an error: (403) Forbidden."
[2026-06-01 22:50:16] Retry 2/8 for lit_savitsky_1964 after 15s: curl=22; web=Exception calling "DownloadFile" with "2" argument(s): "The remote server returned an error: (403) Forbidden."
[2026-06-01 22:50:37] Retry 3/8 for lit_savitsky_1964 after 30s: curl=22; web=Exception calling "DownloadFile" with "2" argument(s): "The remote server returned an error: (403) Forbidden."
[2026-06-01 22:51:26] Retry 4/8 for lit_savitsky_1964 after 60s: curl=22; web=Exception calling "DownloadFile" with "2" argument(s): "The remote server returned an error: (403) Forbidden."
[2026-06-01 22:52:36] Retry 5/8 for lit_savitsky_1964 after 90s: curl=22; web=Exception calling "DownloadFile" with "2" argument(s): "The remote server returned an error: (403) Forbidden."
[2026-06-01 22:54:34] Retry 6/8 for lit_savitsky_1964 after 120s: curl=22; web=Exception calling "DownloadFile" with "2" argument(s): "The remote server returned an error: (403) Forbidden."
[2026-06-01 22:56:38] Retry 7/8 for lit_savitsky_1964 after 120s: curl=22; web=Exception calling "DownloadFile" with "2" argument(s): "The remote server returned an error: (403) Forbidden."
[2026-06-01 22:58:46] Retry 8/8 for lit_savitsky_1964 after 180s: curl=22; web=Exception calling "DownloadFile" with "2" argument(s): "The remote server returned an error: (403) Forbidden."
[2026-06-01 23:01:46] GET lit_savitsky_1964: https://web.archive.org/web/2020/https://onepetro.org/MTSN/article/1/04/71/172383/Hydrodynamic-Design-of-Planing-Hulls
[2026-06-01 23:01:50] SKIP ok: lit_fridsma
[2026-06-01 23:01:50] SKIP ok: lit_savitsky_brown_1976
[2026-06-01 23:01:50] SKIP ok: lit_zhao_water_entry
[2026-06-01 23:02:39] GET lit_sun_faltinsen_2010: https://doi.org/10.2514/1.44717
[2026-06-01 23:02:42] Retry 1/8 for lit_sun_faltinsen_2010 after 5s: curl=22; web=Exception calling "DownloadFile" with "2" argument(s): "The remote server returned an error: (404) Not Found."
[2026-06-01 23:02:49] Retry 2/8 for lit_sun_faltinsen_2010 after 15s: curl=22; web=Exception calling "DownloadFile" with "2" argument(s): "The remote server returned an error: (404) Not Found."
[2026-06-01 23:03:06] Retry 3/8 for lit_sun_faltinsen_2010 after 30s: curl=22; web=Exception calling "DownloadFile" with "2" argument(s): "The remote server returned an error: (404) Not Found."
[2026-06-01 23:03:39] Retry 4/8 for lit_sun_faltinsen_2010 after 60s: curl=22; web=Exception calling "DownloadFile" with "2" argument(s): "The remote server returned an error: (404) Not Found."
[2026-06-01 23:04:43] Retry 5/8 for lit_sun_faltinsen_2010 after 90s: curl=22; web=Exception calling "DownloadFile" with "2" argument(s): "The remote server returned an error: (404) Not Found."
[2026-06-01 23:06:18] Retry 6/8 for lit_sun_faltinsen_2010 after 120s: curl=22; web=Exception calling "DownloadFile" with "2" argument(s): "The remote server returned an error: (404) Not Found."
[2026-06-01 23:08:46] Retry 7/8 for lit_sun_faltinsen_2010 after 120s: curl=22; web=Exception calling "DownloadFile" with "2" argument(s): "The remote server returned an error: (404) Not Found."
[2026-06-01 23:10:50] Retry 8/8 for lit_sun_faltinsen_2010 after 180s: curl=22; web=Exception calling "DownloadFile" with "2" argument(s): "The remote server returned an error: (404) Not Found."
[2026-06-01 23:13:50] FAIL lit_sun_faltinsen_2010: curl=22; web=Exception calling "DownloadFile" with "2" argument(s): "The remote server returned an error: (404) Not Found."
[2026-06-01 23:13:58] GET lit_planing_review_2024: https://doi.org/10.1016/j.oceaneng.2024.114383
[2026-06-01 23:14:04] Retry 1/8 for lit_planing_review_2024 after 5s: curl=22; web=Exception calling "DownloadFile" with "2" argument(s): "The remote server returned an error: (404) Not Found."
[2026-06-01 23:14:12] Retry 2/8 for lit_planing_review_2024 after 15s: curl=22; web=Exception calling "DownloadFile" with "2" argument(s): "The remote server returned an error: (404) Not Found."
[2026-06-01 23:14:30] Retry 3/8 for lit_planing_review_2024 after 30s: curl=22; web=Exception calling "DownloadFile" with "2" argument(s): "The remote server returned an error: (404) Not Found."
[2026-06-01 23:15:02] Retry 4/8 for lit_planing_review_2024 after 60s: curl=22; web=Exception calling "DownloadFile" with "2" argument(s): "The remote server returned an error: (404) Not Found."
[2026-06-01 23:16:05] Retry 5/8 for lit_planing_review_2024 after 90s: curl=22; web=Exception calling "DownloadFile" with "2" argument(s): "The remote server returned an error: (404) Not Found."
[2026-06-01 23:17:39] Retry 6/8 for lit_planing_review_2024 after 120s: curl=22; web=Exception calling "DownloadFile" with "2" argument(s): "The remote server returned an error: (404) Not Found."
[2026-06-01 23:19:47] Retry 7/8 for lit_planing_review_2024 after 120s: curl=22; web=Exception calling "DownloadFile" with "2" argument(s): "The remote server returned an error: (404) Not Found."
[2026-06-01 23:21:49] Retry 8/8 for lit_planing_review_2024 after 180s: curl=22; web=Exception calling "DownloadFile" with "2" argument(s): "The remote server returned an error: (404) Not Found."
[2026-06-01 23:24:49] GET lit_planing_review_2024: https://www.sciencedirect.com/science/article/pii/S0029801824003834
[2026-06-01 23:24:56] Retry 1/8 for lit_planing_review_2024 after 5s: curl=22; web=Exception calling "DownloadFile" with "2" argument(s): "The remote server returned an error: (403) Forbidden."
[2026-06-01 23:25:04] Retry 2/8 for lit_planing_review_2024 after 15s: curl=22; web=Exception calling "DownloadFile" with "2" argument(s): "The remote server returned an error: (403) Forbidden."
[2026-06-01 23:25:23] Retry 3/8 for lit_planing_review_2024 after 30s: curl=22; web=Exception calling "DownloadFile" with "2" argument(s): "The remote server returned an error: (403) Forbidden."
[2026-06-01 23:25:57] Retry 4/8 for lit_planing_review_2024 after 60s: curl=22; web=Exception calling "DownloadFile" with "2" argument(s): "The remote server returned an error: (403) Forbidden."
[2026-06-01 23:27:00] Retry 5/8 for lit_planing_review_2024 after 90s: curl=22; web=Exception calling "DownloadFile" with "2" argument(s): "The remote server returned an error: (403) Forbidden."
[2026-06-01 23:28:33] Retry 6/8 for lit_planing_review_2024 after 120s: curl=22; web=Exception calling "DownloadFile" with "2" argument(s): "The remote server returned an error: (403) Forbidden."
[2026-06-01 23:30:38] Retry 7/8 for lit_planing_review_2024 after 120s: curl=22; web=Exception calling "DownloadFile" with "2" argument(s): "The remote server returned an error: (403) Forbidden."
[2026-06-01 23:32:43] Retry 8/8 for lit_planing_review_2024 after 180s: curl=22; web=Exception calling "DownloadFile" with "2" argument(s): "The remote server returned an error: (403) Forbidden."
[2026-06-01 23:35:43] FAIL lit_planing_review_2024: curl=22; web=Exception calling "DownloadFile" with "2" argument(s): "The remote server returned an error: (403) Forbidden."
[2026-06-01 23:35:45] GET lit_fossen_2012: https://doi.org/10.1016/j.oceaneng.2012.09.012
[2026-06-01 23:35:49] GET lit_fossen_2012: https://folk.ntnu.no/thomas.fossen/pub/Fossen2012windwaves.pdf
[2026-06-01 23:35:57] Retry 1/8 for lit_fossen_2012 after 5s: curl=22; web=Exception calling "DownloadFile" with "2" argument(s): "The remote server returned an error: (404) Not Found."
[2026-06-01 23:36:06] Retry 2/8 for lit_fossen_2012 after 15s: curl=22; web=Exception calling "DownloadFile" with "2" argument(s): "The remote server returned an error: (404) Not Found."
[2026-06-01 23:36:30] Retry 3/8 for lit_fossen_2012 after 30s: curl=22; web=Exception calling "DownloadFile" with "2" argument(s): "The remote server returned an error: (404) Not Found."
[2026-06-01 23:37:05] Retry 4/8 for lit_fossen_2012 after 60s: curl=22; web=Exception calling "DownloadFile" with "2" argument(s): "The remote server returned an error: (404) Not Found."
[2026-06-01 23:38:11] Retry 5/8 for lit_fossen_2012 after 90s: curl=22; web=Exception calling "DownloadFile" with "2" argument(s): "The remote server returned an error: (404) Not Found."
[2026-06-01 23:39:51] Retry 6/8 for lit_fossen_2012 after 120s: curl=22; web=Exception calling "DownloadFile" with "2" argument(s): "The remote server returned an error: (404) Not Found."
[2026-06-01 23:41:58] Retry 7/8 for lit_fossen_2012 after 120s: curl=22; web=Exception calling "DownloadFile" with "2" argument(s): "The remote server returned an error: (404) Not Found."
[2026-06-01 23:44:10] Retry 8/8 for lit_fossen_2012 after 180s: curl=22; web=Exception calling "DownloadFile" with "2" argument(s): "The remote server returned an error: (404) Not Found."
[2026-06-01 23:47:10] GET lit_fossen_2012: https://folk.ntnu.no/thomas.fossen/pub/Fossen2012wind.pdf
[2026-06-01 23:47:23] Retry 1/8 for lit_fossen_2012 after 5s: curl=22; web=Exception calling "DownloadFile" with "2" argument(s): "The remote server returned an error: (404) Not Found."
[2026-06-01 23:47:38] Retry 2/8 for lit_fossen_2012 after 15s: curl=22; web=Exception calling "DownloadFile" with "2" argument(s): "The remote server returned an error: (404) Not Found."
[2026-06-01 23:47:59] Retry 3/8 for lit_fossen_2012 after 30s: curl=22; web=Exception calling "DownloadFile" with "2" argument(s): "The remote server returned an error: (404) Not Found."
[2026-06-01 23:48:37] Retry 4/8 for lit_fossen_2012 after 60s: curl=22; web=Exception calling "DownloadFile" with "2" argument(s): "The remote server returned an error: (404) Not Found."
[2026-06-01 23:49:46] Retry 5/8 for lit_fossen_2012 after 90s: curl=22; web=Exception calling "DownloadFile" with "2" argument(s): "The remote server returned an error: (404) Not Found."
[2026-06-01 23:51:25] Retry 6/8 for lit_fossen_2012 after 120s: curl=22; web=Exception calling "DownloadFile" with "2" argument(s): "The remote server returned an error: (404) Not Found."
[2026-06-01 23:53:30] Retry 7/8 for lit_fossen_2012 after 120s: curl=22; web=Exception calling "DownloadFile" with "2" argument(s): "The remote server returned an error: (404) Not Found."
[2026-06-01 23:55:34] Retry 8/8 for lit_fossen_2012 after 180s: curl=22; web=Exception calling "DownloadFile" with "2" argument(s): "The remote server returned an error: (404) Not Found."
[2026-06-01 23:58:34] GET lit_fossen_2012: https://www.researchgate.net/profile/Thor-Fossen/publication/257623456_How_to_incorporate_wind_waves_and_ocean_currents_in_the_marine_craft_equations_of_motion/links/0deec53c8c0c5e0e3c000000/How-to-incorporate-wind-waves-and-ocean-currents-in-the-marine-craft-equations-of-motion.pdf
[2026-06-01 23:58:40] Retry 1/8 for lit_fossen_2012 after 5s: curl=22; web=Exception calling "DownloadFile" with "2" argument(s): "The remote server returned an error: (403) Forbidden."
[2026-06-01 23:58:47] Retry 2/8 for lit_fossen_2012 after 15s: curl=22; web=Exception calling "DownloadFile" with "2" argument(s): "An exception occurred during a WebClient request."
[2026-06-01 23:59:05] Retry 3/8 for lit_fossen_2012 after 30s: curl=22; web=Exception calling "DownloadFile" with "2" argument(s): "The remote server returned an error: (403) Forbidden."
[2026-06-01 23:59:37] Retry 4/8 for lit_fossen_2012 after 60s: curl=22; web=Exception calling "DownloadFile" with "2" argument(s): "The remote server returned an error: (403) Forbidden."
[2026-06-02 00:00:40] Retry 5/8 for lit_fossen_2012 after 90s: curl=22; web=Exception calling "DownloadFile" with "2" argument(s): "The remote server returned an error: (403) Forbidden."
[2026-06-02 00:02:12] Retry 6/8 for lit_fossen_2012 after 120s: curl=22; web=Exception calling "DownloadFile" with "2" argument(s): "The remote server returned an error: (403) Forbidden."
[2026-06-02 00:04:15] Retry 7/8 for lit_fossen_2012 after 120s: curl=22; web=Exception calling "DownloadFile" with "2" argument(s): "The remote server returned an error: (403) Forbidden."
[2026-06-02 00:06:18] Retry 8/8 for lit_fossen_2012 after 180s: curl=22; web=Exception calling "DownloadFile" with "2" argument(s): "The remote server returned an error: (403) Forbidden."
[2026-06-02 00:09:18] FAIL lit_fossen_2012: curl=22; web=Exception calling "DownloadFile" with "2" argument(s): "The remote server returned an error: (403) Forbidden."
[2026-06-02 00:09:18] GET lit_molland_book: https://www.routledge.com/Maritime-Engineering-Ship-Design/Molland/p/book/9780750665275
[2026-06-02 00:09:24] Retry 1/8 for lit_molland_book after 5s: curl=22; web=Exception calling "DownloadFile" with "2" argument(s): "The request was aborted: The connection was closed unexpectedly."
[2026-06-02 00:09:35] Retry 2/8 for lit_molland_book after 15s: curl=22; web=Exception calling "DownloadFile" with "2" argument(s): "The request was aborted: The connection was closed unexpectedly."
[2026-06-02 00:09:58] Retry 3/8 for lit_molland_book after 30s: curl=22; web=Exception calling "DownloadFile" with "2" argument(s): "The request was aborted: The connection was closed unexpectedly."
[2026-06-02 00:10:34] Retry 4/8 for lit_molland_book after 60s: curl=22; web=Exception calling "DownloadFile" with "2" argument(s): "The request was aborted: The connection was closed unexpectedly."
[2026-06-02 00:11:42] Retry 5/8 for lit_molland_book after 90s: curl=22; web=Exception calling "DownloadFile" with "2" argument(s): "The request was aborted: The connection was closed unexpectedly."
[2026-06-02 00:13:21] Retry 6/8 for lit_molland_book after 120s: curl=22; web=Exception calling "DownloadFile" with "2" argument(s): "The request was aborted: The connection was closed unexpectedly."
[2026-06-02 00:16:22] Retry 7/8 for lit_molland_book after 120s: curl=22; web=Exception calling "DownloadFile" with "2" argument(s): "The request was aborted: The connection was closed unexpectedly."
[2026-06-02 00:18:28] Retry 8/8 for lit_molland_book after 180s: curl=22; web=Exception calling "DownloadFile" with "2" argument(s): "The request was aborted: The connection was closed unexpectedly."
[2026-06-02 00:21:28] FAIL lit_molland_book: curl=22; web=Exception calling "DownloadFile" with "2" argument(s): "The request was aborted: The connection was closed unexpectedly."
[2026-06-02 00:21:28] SKIP git ok: code_pdstrip
[2026-06-02 00:21:28] SKIP git ok: code_hams
[2026-06-02 00:21:28] SKIP git ok: code_bemrosetta
[2026-06-02 00:21:28] SKIP git ok: code_ow3d
[2026-06-02 00:21:28] SKIP git ok: code_openplaning
[2026-06-02 00:21:28] SKIP git ok: code_binder_openplaning
[2026-06-02 00:21:28] SKIP git ok: code_mmgdynamics
[2026-06-02 00:21:28] SKIP git ok: code_shipmmg
[2026-06-02 00:21:28] SKIP git ok: code_nemoh
[2026-06-02 00:21:28] SKIP git ok: code_capytaine
[2026-06-02 00:21:28] SKIP git ok: code_mss_tools
[2026-06-02 00:21:28] SKIP git ok: code_python_vehicle
[2026-06-02 00:21:28] SKIP ok: data_kcs_index
[2026-06-02 00:21:28] SKIP ok: data_kcs_hull_zip
[2026-06-02 00:21:28] SKIP ok: data_kcs_rudder_zip
[2026-06-02 00:21:28] SKIP ok: data_kcs_prop_zip
[2026-06-02 00:21:28] SKIP ok: data_kcs_case211_zip
[2026-06-02 00:21:28] SKIP ok: data_delft372_report
[2026-06-02 00:21:28] GET data_delft372_strath: https://strathprints.strath.ac.uk/82218/1/Duman_Bal_OE_2022_Turn_and_zigzag_manoeuvres_of_Delft_catamaran_372_using_CFD_based_system_simulation_method.pdf
[2026-06-02 00:21:38] Retry 1/8 for data_delft372_strath after 5s: curl=22; web=Exception calling "DownloadFile" with "2" argument(s): "The remote server returned an error: (404) Not Found."
[2026-06-02 00:21:48] Retry 2/8 for data_delft372_strath after 15s: curl=22; web=Exception calling "DownloadFile" with "2" argument(s): "The remote server returned an error: (404) Not Found."
[2026-06-02 00:22:09] Retry 3/8 for data_delft372_strath after 30s: curl=22; web=Exception calling "DownloadFile" with "2" argument(s): "The remote server returned an error: (404) Not Found."
[2026-06-02 00:22:44] Retry 4/8 for data_delft372_strath after 60s: curl=22; web=Exception calling "DownloadFile" with "2" argument(s): "The remote server returned an error: (404) Not Found."
[2026-06-02 00:23:49] Retry 5/8 for data_delft372_strath after 90s: curl=22; web=Exception calling "DownloadFile" with "2" argument(s): "The remote server returned an error: (404) Not Found."
[2026-06-02 00:25:25] Retry 6/8 for data_delft372_strath after 120s: curl=22; web=Exception calling "DownloadFile" with "2" argument(s): "The remote server returned an error: (404) Not Found."
[2026-06-02 00:27:29] Retry 7/8 for data_delft372_strath after 120s: curl=22; web=Exception calling "DownloadFile" with "2" argument(s): "The remote server returned an error: (404) Not Found."
[2026-06-02 00:29:34] Retry 8/8 for data_delft372_strath after 180s: curl=22; web=Exception calling "DownloadFile" with "2" argument(s): "The remote server returned an error: (404) Not Found."
[2026-06-02 00:32:34] FAIL data_delft372_strath: curl=22; web=Exception calling "DownloadFile" with "2" argument(s): "The remote server returned an error: (404) Not Found."
[2026-06-02 00:33:28] SKIP ok: fossen_mss_index
[2026-06-02 00:33:28] SKIP ok: fossen_pvs
[2026-06-02 00:33:28] SUMMARY ok=29 paywall=8 failed=4 pending=3
SUMMARY ok=29 paywall=8 failed=4 pending=3
Retry 7 items in 60s...
=== Round 4 / 20 ===
[2026-06-02 00:34:28] === download_all.ps1 start (early_stage_materials) ===
[2026-06-02 00:34:29] RESET failed->pending: lit_molland_book
[2026-06-02 00:34:29] RESET failed->pending: pip_capytaine
[2026-06-02 00:34:29] RESET failed->pending: data_delft372_strath
[2026-06-02 00:34:29] SKIP ok: lit_stf_1970
[2026-06-02 00:34:29] SKIP ok: lit_faltinsen_sea_loads
[2026-06-02 00:34:29] SKIP ok: lit_faltinsen_hsmv_preview
[2026-06-02 00:34:32] GET lit_ma_2005: https://doi.org/10.1016/j.oceaneng.2004.08.012
[2026-06-02 00:34:37] FAIL lit_ma_2005: 
[2026-06-02 00:34:37] GET lit_arribas_2006: https://doi.org/10.1016/j.oceaneng.2005.09.008
[2026-06-02 00:34:41] FAIL lit_arribas_2006: 
[2026-06-02 00:34:41] GET lit_kring_1994: https://dspace.mit.edu/bitstream/handle/1721.1/11939/31384162-MIT.pdf?sequence=2&isAllowed=y
[2026-06-02 00:34:45] Retry 1/8 for lit_kring_1994 after 5s: curl=22; web=Exception calling "DownloadFile" with "2" argument(s): "The remote server returned an error: (404) Not Found."
[2026-06-02 00:34:53] Retry 2/8 for lit_kring_1994 after 15s: curl=22; web=Exception calling "DownloadFile" with "2" argument(s): "The remote server returned an error: (404) Not Found."
[2026-06-02 00:35:11] Retry 3/8 for lit_kring_1994 after 30s: curl=22; web=Exception calling "DownloadFile" with "2" argument(s): "The remote server returned an error: (404) Not Found."
[2026-06-02 00:35:45] Retry 4/8 for lit_kring_1994 after 60s: curl=22; web=Exception calling "DownloadFile" with "2" argument(s): "The remote server returned an error: (404) Not Found."
[2026-06-02 00:36:50] Retry 5/8 for lit_kring_1994 after 90s: curl=22; web=Exception calling "DownloadFile" with "2" argument(s): "The remote server returned an error: (404) Not Found."
[2026-06-02 00:38:24] Retry 6/8 for lit_kring_1994 after 120s: curl=22; web=Exception calling "DownloadFile" with "2" argument(s): "The remote server returned an error: (404) Not Found."
[2026-06-02 00:40:29] Retry 7/8 for lit_kring_1994 after 120s: curl=35; web=Exception calling "DownloadFile" with "2" argument(s): "The remote server returned an error: (404) Not Found."
[2026-06-02 00:42:34] Retry 8/8 for lit_kring_1994 after 180s: curl=22; web=Exception calling "DownloadFile" with "2" argument(s): "The remote server returned an error: (404) Not Found."
[2026-06-02 00:45:34] GET lit_kring_1994: https://web.archive.org/web/2020/https://dspace.mit.edu/bitstream/handle/1721.1/11939/31384162-MIT.pdf?sequence=2&isAllowed=y
[2026-06-02 00:45:39] Retry 1/8 for lit_kring_1994 after 5s: curl=22; web=Exception calling "DownloadFile" with "2" argument(s): "The request was aborted: The connection was closed unexpectedly."
[2026-06-02 00:45:48] Retry 2/8 for lit_kring_1994 after 15s: curl=22; web=Exception calling "DownloadFile" with "2" argument(s): "The request was aborted: The connection was closed unexpectedly."
[2026-06-02 00:46:07] Retry 3/8 for lit_kring_1994 after 30s: curl=22; web=Exception calling "DownloadFile" with "2" argument(s): "The request was aborted: The connection was closed unexpectedly."
[2026-06-02 00:46:41] Retry 4/8 for lit_kring_1994 after 60s: curl=22; web=Exception calling "DownloadFile" with "2" argument(s): "The request was aborted: The connection was closed unexpectedly."
[2026-06-02 00:47:46] Retry 5/8 for lit_kring_1994 after 90s: curl=22; web=Exception calling "DownloadFile" with "2" argument(s): "The request was aborted: The connection was closed unexpectedly."
[2026-06-02 00:49:21] Retry 6/8 for lit_kring_1994 after 120s: curl=22; web=Exception calling "DownloadFile" with "2" argument(s): "The request was aborted: The connection was closed unexpectedly."
[2026-06-02 00:51:26] Retry 7/8 for lit_kring_1994 after 120s: curl=22; web=Exception calling "DownloadFile" with "2" argument(s): "The request was aborted: The connection was closed unexpectedly."
[2026-06-02 00:53:31] Retry 8/8 for lit_kring_1994 after 180s: curl=22; web=Exception calling "DownloadFile" with "2" argument(s): "The request was aborted: The connection was closed unexpectedly."
[2026-06-02 00:56:31] GET lit_kring_1994: https://core.ac.uk/download/pdf/48633506.pdf
[2026-06-02 00:56:39] Retry 1/8 for lit_kring_1994 after 5s: curl=22; web=Exception calling "DownloadFile" with "2" argument(s): "The remote server returned an error: (404) Not Found."
[2026-06-02 00:56:48] Retry 2/8 for lit_kring_1994 after 15s: curl=22; web=Exception calling "DownloadFile" with "2" argument(s): "The remote server returned an error: (404) Not Found."
[2026-06-02 00:57:10] Retry 3/8 for lit_kring_1994 after 30s: curl=22; web=Exception calling "DownloadFile" with "2" argument(s): "The remote server returned an error: (404) Not Found."
[2026-06-02 00:57:45] Retry 4/8 for lit_kring_1994 after 60s: curl=22; web=Exception calling "DownloadFile" with "2" argument(s): "The remote server returned an error: (404) Not Found."
[2026-06-02 00:58:50] Retry 5/8 for lit_kring_1994 after 90s: curl=22; web=Exception calling "DownloadFile" with "2" argument(s): "The remote server returned an error: (404) Not Found."
[2026-06-02 01:00:32] Retry 6/8 for lit_kring_1994 after 120s: curl=22; web=Exception calling "DownloadFile" with "2" argument(s): "The remote server returned an error: (404) Not Found."
[2026-06-02 01:02:46] Retry 7/8 for lit_kring_1994 after 120s: curl=22; web=Exception calling "DownloadFile" with "2" argument(s): "The remote server returned an error: (404) Not Found."
[2026-06-02 01:05:12] Retry 8/8 for lit_kring_1994 after 180s: curl=22; web=Exception calling "DownloadFile" with "2" argument(s): "The remote server returned an error: (404) Not Found."
[2026-06-02 01:08:12] GET lit_kring_1994: http://hdl.handle.net/1721.1/11939
[2026-06-02 01:08:21] FAIL lit_kring_1994: 
[2026-06-02 01:08:24] GET lit_donatini_2022: https://doi.org/10.1016/j.oceaneng.2022.112222
[2026-06-02 01:08:30] FAIL lit_donatini_2022: 
[2026-06-02 01:08:30] SKIP ok: lit_bailey_npl
[2026-06-02 01:08:30] SKIP ok: lit_mercier_savitsky_1973
[2026-06-02 01:08:30] GET lit_compton_1986: https://onepetro.org/mtsn/article-pdf/23/04/345/2199243/sname-mtsn-1986-23-4-345.pdf
[2026-06-02 01:08:34] Retry 1/8 for lit_compton_1986 after 5s: curl=22; web=Exception calling "DownloadFile" with "2" argument(s): "The remote server returned an error: (403) Forbidden."
[2026-06-02 01:08:42] Retry 2/8 for lit_compton_1986 after 15s: curl=22; web=Exception calling "DownloadFile" with "2" argument(s): "The remote server returned an error: (403) Forbidden."
[2026-06-02 01:08:59] Retry 3/8 for lit_compton_1986 after 30s: curl=22; web=Exception calling "DownloadFile" with "2" argument(s): "The remote server returned an error: (403) Forbidden."
[2026-06-02 01:09:32] Retry 4/8 for lit_compton_1986 after 60s: curl=22; web=Exception calling "DownloadFile" with "2" argument(s): "The remote server returned an error: (403) Forbidden."
[2026-06-02 01:10:34] Retry 5/8 for lit_compton_1986 after 90s: curl=22; web=Exception calling "DownloadFile" with "2" argument(s): "The remote server returned an error: (403) Forbidden."
[2026-06-02 01:12:06] Retry 6/8 for lit_compton_1986 after 120s: curl=22; web=Exception calling "DownloadFile" with "2" argument(s): "The remote server returned an error: (403) Forbidden."
[2026-06-02 01:14:09] Retry 7/8 for lit_compton_1986 after 120s: curl=22; web=Exception calling "DownloadFile" with "2" argument(s): "The remote server returned an error: (403) Forbidden."
[2026-06-02 01:16:13] Retry 8/8 for lit_compton_1986 after 180s: curl=22; web=Exception calling "DownloadFile" with "2" argument(s): "The remote server returned an error: (403) Forbidden."
[2026-06-02 01:19:13] GET lit_compton_1986: https://web.archive.org/web/2019/https://onepetro.org/mtsn/article-pdf/23/04/345/2199243/sname-mtsn-1986-23-4-345.pdf
[2026-06-02 01:19:21] FAIL lit_compton_1986: 
[2026-06-02 01:19:21] GET lit_savitsky_preplaning: https://doi.org/10.1063/1.5143123
[2026-06-02 01:19:25] Retry 1/8 for lit_savitsky_preplaning after 5s: curl=22; web=Exception calling "DownloadFile" with "2" argument(s): "The remote server returned an error: (404) Not Found."
[2026-06-02 01:19:32] Retry 2/8 for lit_savitsky_preplaning after 15s: curl=22; web=Exception calling "DownloadFile" with "2" argument(s): "The remote server returned an error: (404) Not Found."
[2026-06-02 01:19:49] Retry 3/8 for lit_savitsky_preplaning after 30s: curl=22; web=Exception calling "DownloadFile" with "2" argument(s): "The remote server returned an error: (404) Not Found."
[2026-06-02 01:20:20] Retry 4/8 for lit_savitsky_preplaning after 60s: curl=22; web=Exception calling "DownloadFile" with "2" argument(s): "The remote server returned an error: (404) Not Found."
[2026-06-02 01:21:22] Retry 5/8 for lit_savitsky_preplaning after 90s: curl=22; web=Exception calling "DownloadFile" with "2" argument(s): "The remote server returned an error: (404) Not Found."
[2026-06-02 01:22:55] Retry 6/8 for lit_savitsky_preplaning after 120s: curl=22; web=Exception calling "DownloadFile" with "2" argument(s): "The remote server returned an error: (404) Not Found."
[2026-06-02 01:24:59] Retry 7/8 for lit_savitsky_preplaning after 120s: curl=22; web=Exception calling "DownloadFile" with "2" argument(s): "The remote server returned an error: (404) Not Found."
[2026-06-02 01:27:08] Retry 8/8 for lit_savitsky_preplaning after 180s: curl=22; web=Exception calling "DownloadFile" with "2" argument(s): "The remote server returned an error: (404) Not Found."
[2026-06-02 01:30:09] FAIL lit_savitsky_preplaning: curl=22; web=Exception calling "DownloadFile" with "2" argument(s): "The remote server returned an error: (404) Not Found."
[2026-06-02 01:30:12] GET lit_savitsky_1964: https://onepetro.org/MTSN/article/1/04/71/172383/Hydrodynamic-Design-of-Planing-Hulls
[2026-06-02 01:30:14] Retry 1/8 for lit_savitsky_1964 after 5s: curl=22; web=Exception calling "DownloadFile" with "2" argument(s): "The remote server returned an error: (403) Forbidden."
[2026-06-02 01:30:21] Retry 2/8 for lit_savitsky_1964 after 15s: curl=22; web=Exception calling "DownloadFile" with "2" argument(s): "The remote server returned an error: (403) Forbidden."
[2026-06-02 01:30:39] Retry 3/8 for lit_savitsky_1964 after 30s: curl=22; web=Exception calling "DownloadFile" with "2" argument(s): "The remote server returned an error: (403) Forbidden."
[2026-06-02 01:31:11] Retry 4/8 for lit_savitsky_1964 after 60s: curl=22; web=Exception calling "DownloadFile" with "2" argument(s): "The remote server returned an error: (403) Forbidden."
[2026-06-02 01:32:14] Retry 5/8 for lit_savitsky_1964 after 90s: curl=22; web=Exception calling "DownloadFile" with "2" argument(s): "The remote server returned an error: (403) Forbidden."
[2026-06-02 01:33:46] Retry 6/8 for lit_savitsky_1964 after 120s: curl=22; web=Exception calling "DownloadFile" with "2" argument(s): "The remote server returned an error: (403) Forbidden."
[2026-06-02 01:35:49] Retry 7/8 for lit_savitsky_1964 after 120s: curl=22; web=Exception calling "DownloadFile" with "2" argument(s): "The remote server returned an error: (403) Forbidden."
[2026-06-02 01:37:51] Retry 8/8 for lit_savitsky_1964 after 180s: curl=22; web=Exception calling "DownloadFile" with "2" argument(s): "The remote server returned an error: (403) Forbidden."
[2026-06-02 01:40:51] GET lit_savitsky_1964: https://web.archive.org/web/2020/https://onepetro.org/MTSN/article/1/04/71/172383/Hydrodynamic-Design-of-Planing-Hulls
[2026-06-02 01:41:00] SKIP ok: lit_fridsma
[2026-06-02 01:41:00] SKIP ok: lit_savitsky_brown_1976
[2026-06-02 01:41:00] SKIP ok: lit_zhao_water_entry
[2026-06-02 01:41:03] GET lit_sun_faltinsen_2010: https://doi.org/10.2514/1.44717
[2026-06-02 01:41:06] Retry 1/8 for lit_sun_faltinsen_2010 after 5s: curl=22; web=Exception calling "DownloadFile" with "2" argument(s): "The remote server returned an error: (404) Not Found."
[2026-06-02 01:41:13] Retry 2/8 for lit_sun_faltinsen_2010 after 15s: curl=22; web=Exception calling "DownloadFile" with "2" argument(s): "The remote server returned an error: (404) Not Found."
[2026-06-02 01:41:29] Retry 3/8 for lit_sun_faltinsen_2010 after 30s: curl=22; web=Exception calling "DownloadFile" with "2" argument(s): "The remote server returned an error: (404) Not Found."
[2026-06-02 01:42:10] Retry 4/8 for lit_sun_faltinsen_2010 after 60s: curl=22; web=Exception calling "DownloadFile" with "2" argument(s): "The remote server returned an error: (404) Not Found."
[2026-06-02 01:43:11] Retry 5/8 for lit_sun_faltinsen_2010 after 90s: curl=22; web=Exception calling "DownloadFile" with "2" argument(s): "The remote server returned an error: (404) Not Found."
[2026-06-02 01:44:43] Retry 6/8 for lit_sun_faltinsen_2010 after 120s: curl=22; web=Exception calling "DownloadFile" with "2" argument(s): "The remote server returned an error: (404) Not Found."
[2026-06-02 01:46:46] Retry 7/8 for lit_sun_faltinsen_2010 after 120s: curl=22; web=Exception calling "DownloadFile" with "2" argument(s): "The remote server returned an error: (404) Not Found."
[2026-06-02 01:48:49] Retry 8/8 for lit_sun_faltinsen_2010 after 180s: curl=22; web=Exception calling "DownloadFile" with "2" argument(s): "The remote server returned an error: (404) Not Found."
[2026-06-02 01:51:49] FAIL lit_sun_faltinsen_2010: curl=22; web=Exception calling "DownloadFile" with "2" argument(s): "The remote server returned an error: (404) Not Found."
[2026-06-02 01:51:51] GET lit_planing_review_2024: https://doi.org/10.1016/j.oceaneng.2024.114383
[2026-06-02 01:51:55] Retry 1/8 for lit_planing_review_2024 after 5s: curl=22; web=Exception calling "DownloadFile" with "2" argument(s): "The remote server returned an error: (404) Not Found."
[2026-06-02 01:52:02] Retry 2/8 for lit_planing_review_2024 after 15s: curl=22; web=Exception calling "DownloadFile" with "2" argument(s): "The remote server returned an error: (404) Not Found."
[2026-06-02 01:52:19] Retry 3/8 for lit_planing_review_2024 after 30s: curl=22; web=Exception calling "DownloadFile" with "2" argument(s): "The remote server returned an error: (404) Not Found."
[2026-06-02 01:52:50] Retry 4/8 for lit_planing_review_2024 after 60s: curl=22; web=Exception calling "DownloadFile" with "2" argument(s): "The remote server returned an error: (404) Not Found."
[2026-06-02 01:53:52] Retry 5/8 for lit_planing_review_2024 after 90s: curl=22; web=Exception calling "DownloadFile" with "2" argument(s): "The remote server returned an error: (404) Not Found."
[2026-06-02 01:55:24] Retry 6/8 for lit_planing_review_2024 after 120s: curl=22; web=Exception calling "DownloadFile" with "2" argument(s): "The remote server returned an error: (404) Not Found."
[2026-06-02 01:57:30] Retry 7/8 for lit_planing_review_2024 after 120s: curl=22; web=Exception calling "DownloadFile" with "2" argument(s): "The remote server returned an error: (404) Not Found."
[2026-06-02 01:59:32] Retry 8/8 for lit_planing_review_2024 after 180s: curl=22; web=Exception calling "DownloadFile" with "2" argument(s): "The remote server returned an error: (404) Not Found."
[2026-06-02 02:02:32] GET lit_planing_review_2024: https://www.sciencedirect.com/science/article/pii/S0029801824003834
[2026-06-02 02:02:36] Retry 1/8 for lit_planing_review_2024 after 5s: curl=22; web=Exception calling "DownloadFile" with "2" argument(s): "The remote server returned an error: (403) Forbidden."
[2026-06-02 02:02:44] Retry 2/8 for lit_planing_review_2024 after 15s: curl=22; web=Exception calling "DownloadFile" with "2" argument(s): "The remote server returned an error: (403) Forbidden."
[2026-06-02 02:03:02] Retry 3/8 for lit_planing_review_2024 after 30s: curl=22; web=Exception calling "DownloadFile" with "2" argument(s): "The remote server returned an error: (403) Forbidden."
[2026-06-02 02:03:35] Retry 4/8 for lit_planing_review_2024 after 60s: curl=22; web=Exception calling "DownloadFile" with "2" argument(s): "The remote server returned an error: (403) Forbidden."
[2026-06-02 02:04:40] Retry 5/8 for lit_planing_review_2024 after 90s: curl=22; web=Exception calling "DownloadFile" with "2" argument(s): "The remote server returned an error: (403) Forbidden."
[2026-06-02 02:06:13] Retry 6/8 for lit_planing_review_2024 after 120s: curl=22; web=Exception calling "DownloadFile" with "2" argument(s): "The remote server returned an error: (403) Forbidden."
[2026-06-02 02:08:16] Retry 7/8 for lit_planing_review_2024 after 120s: curl=22; web=Exception calling "DownloadFile" with "2" argument(s): "The remote server returned an error: (403) Forbidden."
[2026-06-02 02:10:19] Retry 8/8 for lit_planing_review_2024 after 180s: curl=22; web=Exception calling "DownloadFile" with "2" argument(s): "The remote server returned an error: (403) Forbidden."
[2026-06-02 02:13:21] FAIL lit_planing_review_2024: curl=22; web=Exception calling "DownloadFile" with "2" argument(s): "The remote server returned an error: (403) Forbidden."
[2026-06-02 02:13:23] GET lit_fossen_2012: https://doi.org/10.1016/j.oceaneng.2012.09.012
[2026-06-02 02:13:27] GET lit_fossen_2012: https://folk.ntnu.no/thomas.fossen/pub/Fossen2012windwaves.pdf
[2026-06-02 02:13:32] Retry 1/8 for lit_fossen_2012 after 5s: curl=22; web=Exception calling "DownloadFile" with "2" argument(s): "The remote server returned an error: (404) Not Found."
[2026-06-02 02:13:40] Retry 2/8 for lit_fossen_2012 after 15s: curl=22; web=Exception calling "DownloadFile" with "2" argument(s): "The remote server returned an error: (404) Not Found."
[2026-06-02 02:13:59] Retry 3/8 for lit_fossen_2012 after 30s: curl=22; web=Exception calling "DownloadFile" with "2" argument(s): "The remote server returned an error: (404) Not Found."
[2026-06-02 02:14:33] Retry 4/8 for lit_fossen_2012 after 60s: curl=22; web=Exception calling "DownloadFile" with "2" argument(s): "The remote server returned an error: (404) Not Found."
[2026-06-02 02:15:37] Retry 5/8 for lit_fossen_2012 after 90s: curl=22; web=Exception calling "DownloadFile" with "2" argument(s): "The remote server returned an error: (404) Not Found."
[2026-06-02 02:17:11] Retry 6/8 for lit_fossen_2012 after 120s: curl=22; web=Exception calling "DownloadFile" with "2" argument(s): "The remote server returned an error: (404) Not Found."
[2026-06-02 02:19:14] Retry 7/8 for lit_fossen_2012 after 120s: curl=22; web=Exception calling "DownloadFile" with "2" argument(s): "The remote server returned an error: (404) Not Found."
[2026-06-02 02:21:18] Retry 8/8 for lit_fossen_2012 after 180s: curl=22; web=Exception calling "DownloadFile" with "2" argument(s): "The remote server returned an error: (404) Not Found."
[2026-06-02 02:24:18] GET lit_fossen_2012: https://folk.ntnu.no/thomas.fossen/pub/Fossen2012wind.pdf
[2026-06-02 02:24:22] Retry 1/8 for lit_fossen_2012 after 5s: curl=22; web=Exception calling "DownloadFile" with "2" argument(s): "The remote server returned an error: (404) Not Found."
[2026-06-02 02:24:31] Retry 2/8 for lit_fossen_2012 after 15s: curl=22; web=Exception calling "DownloadFile" with "2" argument(s): "The remote server returned an error: (404) Not Found."
[2026-06-02 02:24:50] Retry 3/8 for lit_fossen_2012 after 30s: curl=22; web=Exception calling "DownloadFile" with "2" argument(s): "The remote server returned an error: (404) Not Found."
[2026-06-02 02:25:24] Retry 4/8 for lit_fossen_2012 after 60s: curl=22; web=Exception calling "DownloadFile" with "2" argument(s): "The remote server returned an error: (404) Not Found."
[2026-06-02 02:26:28] Retry 5/8 for lit_fossen_2012 after 90s: curl=22; web=Exception calling "DownloadFile" with "2" argument(s): "The remote server returned an error: (404) Not Found."
[2026-06-02 02:28:01] Retry 6/8 for lit_fossen_2012 after 120s: curl=22; web=Exception calling "DownloadFile" with "2" argument(s): "The remote server returned an error: (404) Not Found."
[2026-06-02 02:30:05] Retry 7/8 for lit_fossen_2012 after 120s: curl=22; web=Exception calling "DownloadFile" with "2" argument(s): "The remote server returned an error: (404) Not Found."
[2026-06-02 02:32:10] Retry 8/8 for lit_fossen_2012 after 180s: curl=22; web=Exception calling "DownloadFile" with "2" argument(s): "The remote server returned an error: (404) Not Found."
[2026-06-02 02:35:10] GET lit_fossen_2012: https://www.researchgate.net/profile/Thor-Fossen/publication/257623456_How_to_incorporate_wind_waves_and_ocean_currents_in_the_marine_craft_equations_of_motion/links/0deec53c8c0c5e0e3c000000/How-to-incorporate-wind-waves-and-ocean-currents-in-the-marine-craft-equations-of-motion.pdf
[2026-06-02 02:35:13] Retry 1/8 for lit_fossen_2012 after 5s: curl=22; web=Exception calling "DownloadFile" with "2" argument(s): "The remote server returned an error: (403) Forbidden."
[2026-06-02 02:35:20] Retry 2/8 for lit_fossen_2012 after 15s: curl=22; web=Exception calling "DownloadFile" with "2" argument(s): "The remote server returned an error: (403) Forbidden."
[2026-06-02 02:35:38] Retry 3/8 for lit_fossen_2012 after 30s: curl=22; web=Exception calling "DownloadFile" with "2" argument(s): "The remote server returned an error: (403) Forbidden."
[2026-06-02 02:36:12] Retry 4/8 for lit_fossen_2012 after 60s: curl=22; web=Exception calling "DownloadFile" with "2" argument(s): "The remote server returned an error: (403) Forbidden."
[2026-06-02 02:37:15] Retry 5/8 for lit_fossen_2012 after 90s: curl=22; web=Exception calling "DownloadFile" with "2" argument(s): "The remote server returned an error: (403) Forbidden."
[2026-06-02 02:38:47] Retry 6/8 for lit_fossen_2012 after 120s: curl=22; web=Exception calling "DownloadFile" with "2" argument(s): "The remote server returned an error: (403) Forbidden."
[2026-06-02 02:40:50] Retry 7/8 for lit_fossen_2012 after 120s: curl=22; web=Exception calling "DownloadFile" with "2" argument(s): "The remote server returned an error: (403) Forbidden."
[2026-06-02 02:42:53] Retry 8/8 for lit_fossen_2012 after 180s: curl=22; web=Exception calling "DownloadFile" with "2" argument(s): "The remote server returned an error: (403) Forbidden."
[2026-06-02 02:45:53] FAIL lit_fossen_2012: curl=22; web=Exception calling "DownloadFile" with "2" argument(s): "The remote server returned an error: (403) Forbidden."
[2026-06-02 02:45:53] GET lit_molland_book: https://www.routledge.com/Maritime-Engineering-Ship-Design/Molland/p/book/9780750665275
[2026-06-02 02:45:58] Retry 1/8 for lit_molland_book after 5s: curl=22; web=Exception calling "DownloadFile" with "2" argument(s): "The request was aborted: The connection was closed unexpectedly."
[2026-06-02 02:46:06] Retry 2/8 for lit_molland_book after 15s: curl=22; web=Exception calling "DownloadFile" with "2" argument(s): "The request was aborted: The connection was closed unexpectedly."
[2026-06-02 02:46:25] Retry 3/8 for lit_molland_book after 30s: curl=22; web=Exception calling "DownloadFile" with "2" argument(s): "The request was aborted: The connection was closed unexpectedly."
[2026-06-02 02:46:58] Retry 4/8 for lit_molland_book after 60s: curl=22; web=Exception calling "DownloadFile" with "2" argument(s): "The request was aborted: The connection was closed unexpectedly."
[2026-06-02 02:48:02] Retry 5/8 for lit_molland_book after 90s: curl=22; web=Exception calling "DownloadFile" with "2" argument(s): "The request was aborted: The connection was closed unexpectedly."
[2026-06-02 02:49:36] Retry 6/8 for lit_molland_book after 120s: curl=22; web=Exception calling "DownloadFile" with "2" argument(s): "The request was aborted: The connection was closed unexpectedly."
[2026-06-02 02:51:40] Retry 7/8 for lit_molland_book after 120s: curl=22; web=Exception calling "DownloadFile" with "2" argument(s): "The request was aborted: The connection was closed unexpectedly."
[2026-06-02 02:53:44] Retry 8/8 for lit_molland_book after 180s: curl=22; web=Exception calling "DownloadFile" with "2" argument(s): "The request was aborted: The connection was closed unexpectedly."
[2026-06-02 02:56:44] FAIL lit_molland_book: curl=22; web=Exception calling "DownloadFile" with "2" argument(s): "The request was aborted: The connection was closed unexpectedly."
[2026-06-02 02:56:44] SKIP git ok: code_pdstrip
[2026-06-02 02:56:44] SKIP git ok: code_hams
[2026-06-02 02:56:44] SKIP git ok: code_bemrosetta
[2026-06-02 02:56:44] SKIP git ok: code_ow3d
[2026-06-02 02:56:44] SKIP git ok: code_openplaning
[2026-06-02 02:56:44] SKIP git ok: code_binder_openplaning
[2026-06-02 02:56:44] SKIP git ok: code_mmgdynamics
[2026-06-02 02:56:44] SKIP git ok: code_shipmmg
[2026-06-02 02:56:44] SKIP git ok: code_nemoh
[2026-06-02 02:56:44] SKIP git ok: code_capytaine
[2026-06-02 02:56:44] SKIP git ok: code_mss_tools
[2026-06-02 02:56:44] SKIP git ok: code_python_vehicle
[2026-06-02 02:56:44] SKIP ok: data_kcs_index
[2026-06-02 02:56:44] SKIP ok: data_kcs_hull_zip
[2026-06-02 02:56:44] SKIP ok: data_kcs_rudder_zip
[2026-06-02 02:56:44] SKIP ok: data_kcs_prop_zip
[2026-06-02 02:56:44] SKIP ok: data_kcs_case211_zip
[2026-06-02 02:56:44] SKIP ok: data_delft372_report
[2026-06-02 02:56:44] GET data_delft372_strath: https://strathprints.strath.ac.uk/82218/1/Duman_Bal_OE_2022_Turn_and_zigzag_manoeuvres_of_Delft_catamaran_372_using_CFD_based_system_simulation_method.pdf
[2026-06-02 02:56:49] Retry 1/8 for data_delft372_strath after 5s: curl=22; web=Exception calling "DownloadFile" with "2" argument(s): "The remote server returned an error: (404) Not Found."
[2026-06-02 02:56:59] Retry 2/8 for data_delft372_strath after 15s: curl=22; web=Exception calling "DownloadFile" with "2" argument(s): "The remote server returned an error: (404) Not Found."
[2026-06-02 02:57:18] Retry 3/8 for data_delft372_strath after 30s: curl=22; web=Exception calling "DownloadFile" with "2" argument(s): "The remote server returned an error: (404) Not Found."
[2026-06-02 02:57:52] Retry 4/8 for data_delft372_strath after 60s: curl=22; web=Exception calling "DownloadFile" with "2" argument(s): "The remote server returned an error: (404) Not Found."
[2026-06-02 02:58:56] Retry 5/8 for data_delft372_strath after 90s: curl=22; web=Exception calling "DownloadFile" with "2" argument(s): "The remote server returned an error: (404) Not Found."
[2026-06-02 03:00:30] Retry 6/8 for data_delft372_strath after 120s: curl=22; web=Exception calling "DownloadFile" with "2" argument(s): "The remote server returned an error: (404) Not Found."
[2026-06-02 03:02:34] Retry 7/8 for data_delft372_strath after 120s: curl=22; web=Exception calling "DownloadFile" with "2" argument(s): "The remote server returned an error: (404) Not Found."
[2026-06-02 03:04:41] Retry 8/8 for data_delft372_strath after 180s: curl=22; web=Exception calling "DownloadFile" with "2" argument(s): "The remote server returned an error: (404) Not Found."
[2026-06-02 03:07:41] FAIL data_delft372_strath: curl=22; web=Exception calling "DownloadFile" with "2" argument(s): "The remote server returned an error: (404) Not Found."
[2026-06-02 03:08:31] SKIP ok: fossen_mss_index
[2026-06-02 03:08:31] SKIP ok: fossen_pvs
[2026-06-02 03:08:32] SUMMARY ok=29 paywall=8 failed=4 pending=3
SUMMARY ok=29 paywall=8 failed=4 pending=3
Retry 7 items in 60s...
=== Round 5 / 20 ===
[2026-06-02 03:09:33] === download_all.ps1 start (early_stage_materials) ===
[2026-06-02 03:09:33] RESET failed->pending: lit_molland_book
[2026-06-02 03:09:33] RESET failed->pending: pip_capytaine
[2026-06-02 03:09:33] RESET failed->pending: data_delft372_strath
[2026-06-02 03:09:33] SKIP ok: lit_stf_1970
[2026-06-02 03:09:33] SKIP ok: lit_faltinsen_sea_loads
[2026-06-02 03:09:33] SKIP ok: lit_faltinsen_hsmv_preview
[2026-06-02 03:09:36] GET lit_ma_2005: https://doi.org/10.1016/j.oceaneng.2004.08.012
[2026-06-02 03:09:41] FAIL lit_ma_2005: 
[2026-06-02 03:09:41] GET lit_arribas_2006: https://doi.org/10.1016/j.oceaneng.2005.09.008
[2026-06-02 03:09:44] FAIL lit_arribas_2006: 
[2026-06-02 03:09:44] GET lit_kring_1994: https://dspace.mit.edu/bitstream/handle/1721.1/11939/31384162-MIT.pdf?sequence=2&isAllowed=y
[2026-06-02 03:09:49] Retry 1/8 for lit_kring_1994 after 5s: curl=22; web=Exception calling "DownloadFile" with "2" argument(s): "The remote server returned an error: (404) Not Found."
[2026-06-02 03:09:57] Retry 2/8 for lit_kring_1994 after 15s: curl=22; web=Exception calling "DownloadFile" with "2" argument(s): "The remote server returned an error: (404) Not Found."
[2026-06-02 03:10:15] Retry 3/8 for lit_kring_1994 after 30s: curl=22; web=Exception calling "DownloadFile" with "2" argument(s): "The remote server returned an error: (404) Not Found."
[2026-06-02 03:10:49] Retry 4/8 for lit_kring_1994 after 60s: curl=22; web=Exception calling "DownloadFile" with "2" argument(s): "The remote server returned an error: (404) Not Found."
[2026-06-02 03:11:53] Retry 5/8 for lit_kring_1994 after 90s: curl=22; web=Exception calling "DownloadFile" with "2" argument(s): "The remote server returned an error: (404) Not Found."
[2026-06-02 03:13:25] Retry 6/8 for lit_kring_1994 after 120s: curl=0; web=Exception calling "DownloadFile" with "2" argument(s): "An exception occurred during a WebClient request."
[2026-06-02 03:15:27] Retry 7/8 for lit_kring_1994 after 120s: curl=0; web=Exception calling "DownloadFile" with "2" argument(s): "An exception occurred during a WebClient request."
[2026-06-02 03:17:31] Retry 8/8 for lit_kring_1994 after 180s: curl=22; web=Exception calling "DownloadFile" with "2" argument(s): "The remote server returned an error: (404) Not Found."
[2026-06-02 03:20:31] GET lit_kring_1994: https://web.archive.org/web/2020/https://dspace.mit.edu/bitstream/handle/1721.1/11939/31384162-MIT.pdf?sequence=2&isAllowed=y
[2026-06-02 03:20:36] Retry 1/8 for lit_kring_1994 after 5s: curl=22; web=Exception calling "DownloadFile" with "2" argument(s): "The request was aborted: The connection was closed unexpectedly."
[2026-06-02 03:20:44] Retry 2/8 for lit_kring_1994 after 15s: curl=22; web=Exception calling "DownloadFile" with "2" argument(s): "The request was aborted: The connection was closed unexpectedly."
[2026-06-02 03:21:02] Retry 3/8 for lit_kring_1994 after 30s: curl=22; web=Exception calling "DownloadFile" with "2" argument(s): "The request was aborted: The connection was closed unexpectedly."
[2026-06-02 03:21:36] Retry 4/8 for lit_kring_1994 after 60s: curl=22; web=Exception calling "DownloadFile" with "2" argument(s): "The request was aborted: The connection was closed unexpectedly."
[2026-06-02 03:22:40] Retry 5/8 for lit_kring_1994 after 90s: curl=22; web=Exception calling "DownloadFile" with "2" argument(s): "The request was aborted: The connection was closed unexpectedly."
[2026-06-02 03:24:13] Retry 6/8 for lit_kring_1994 after 120s: curl=22; web=Exception calling "DownloadFile" with "2" argument(s): "The request was aborted: The connection was closed unexpectedly."
[2026-06-02 03:26:18] Retry 7/8 for lit_kring_1994 after 120s: curl=22; web=Exception calling "DownloadFile" with "2" argument(s): "The request was aborted: The connection was closed unexpectedly."
[2026-06-02 03:28:23] Retry 8/8 for lit_kring_1994 after 180s: curl=22; web=Exception calling "DownloadFile" with "2" argument(s): "The request was aborted: The connection was closed unexpectedly."
[2026-06-02 03:31:26] GET lit_kring_1994: https://core.ac.uk/download/pdf/48633506.pdf
[2026-06-02 03:31:34] Retry 1/8 for lit_kring_1994 after 5s: curl=22; web=Exception calling "DownloadFile" with "2" argument(s): "The remote server returned an error: (404) Not Found."
[2026-06-02 03:31:45] Retry 2/8 for lit_kring_1994 after 15s: curl=22; web=Exception calling "DownloadFile" with "2" argument(s): "The remote server returned an error: (404) Not Found."
[2026-06-02 03:32:05] Retry 3/8 for lit_kring_1994 after 30s: curl=22; web=Exception calling "DownloadFile" with "2" argument(s): "The remote server returned an error: (404) Not Found."
[2026-06-02 03:32:39] Retry 4/8 for lit_kring_1994 after 60s: curl=22; web=Exception calling "DownloadFile" with "2" argument(s): "The remote server returned an error: (404) Not Found."
[2026-06-02 03:34:44] Retry 5/8 for lit_kring_1994 after 90s: curl=22; web=Exception calling "DownloadFile" with "2" argument(s): "The remote server returned an error: (503) Server Unavailable."
[2026-06-02 03:36:18] Retry 6/8 for lit_kring_1994 after 120s: curl=22; web=Exception calling "DownloadFile" with "2" argument(s): "An exception occurred during a WebClient request."
[2026-06-02 03:38:43] Retry 7/8 for lit_kring_1994 after 120s: curl=22; web=Exception calling "DownloadFile" with "2" argument(s): "The remote server returned an error: (404) Not Found."
[2026-06-02 03:40:47] Retry 8/8 for lit_kring_1994 after 180s: curl=22; web=Exception calling "DownloadFile" with "2" argument(s): "An exception occurred during a WebClient request."
[2026-06-02 03:43:47] GET lit_kring_1994: http://hdl.handle.net/1721.1/11939
[2026-06-02 03:44:10] FAIL lit_kring_1994: 
[2026-06-02 03:44:13] GET lit_donatini_2022: https://doi.org/10.1016/j.oceaneng.2022.112222
[2026-06-02 03:44:17] FAIL lit_donatini_2022: 
[2026-06-02 03:44:17] SKIP ok: lit_bailey_npl
[2026-06-02 03:44:17] SKIP ok: lit_mercier_savitsky_1973
[2026-06-02 03:44:17] GET lit_compton_1986: https://onepetro.org/mtsn/article-pdf/23/04/345/2199243/sname-mtsn-1986-23-4-345.pdf
[2026-06-02 03:44:21] Retry 1/8 for lit_compton_1986 after 5s: curl=22; web=Exception calling "DownloadFile" with "2" argument(s): "The remote server returned an error: (403) Forbidden."
[2026-06-02 03:44:28] Retry 2/8 for lit_compton_1986 after 15s: curl=22; web=Exception calling "DownloadFile" with "2" argument(s): "The remote server returned an error: (403) Forbidden."
[2026-06-02 03:44:45] Retry 3/8 for lit_compton_1986 after 30s: curl=22; web=Exception calling "DownloadFile" with "2" argument(s): "The remote server returned an error: (403) Forbidden."
[2026-06-02 03:45:18] Retry 4/8 for lit_compton_1986 after 60s: curl=22; web=Exception calling "DownloadFile" with "2" argument(s): "The remote server returned an error: (403) Forbidden."
[2026-06-02 03:46:20] Retry 5/8 for lit_compton_1986 after 90s: curl=22; web=Exception calling "DownloadFile" with "2" argument(s): "The remote server returned an error: (403) Forbidden."
[2026-06-02 03:47:53] Retry 6/8 for lit_compton_1986 after 120s: curl=22; web=Exception calling "DownloadFile" with "2" argument(s): "The remote server returned an error: (403) Forbidden."
[2026-06-02 03:49:55] Retry 7/8 for lit_compton_1986 after 120s: curl=22; web=Exception calling "DownloadFile" with "2" argument(s): "The remote server returned an error: (403) Forbidden."
[2026-06-02 03:51:57] Retry 8/8 for lit_compton_1986 after 180s: curl=22; web=Exception calling "DownloadFile" with "2" argument(s): "The remote server returned an error: (403) Forbidden."
[2026-06-02 03:54:57] GET lit_compton_1986: https://web.archive.org/web/2019/https://onepetro.org/mtsn/article-pdf/23/04/345/2199243/sname-mtsn-1986-23-4-345.pdf
[2026-06-02 03:55:03] FAIL lit_compton_1986: 
[2026-06-02 03:55:03] GET lit_savitsky_preplaning: https://doi.org/10.1063/1.5143123
[2026-06-02 03:55:07] Retry 1/8 for lit_savitsky_preplaning after 5s: curl=22; web=Exception calling "DownloadFile" with "2" argument(s): "The remote server returned an error: (404) Not Found."
[2026-06-02 03:55:13] Retry 2/8 for lit_savitsky_preplaning after 15s: curl=22; web=Exception calling "DownloadFile" with "2" argument(s): "The remote server returned an error: (404) Not Found."
[2026-06-02 03:55:30] Retry 3/8 for lit_savitsky_preplaning after 30s: curl=22; web=Exception calling "DownloadFile" with "2" argument(s): "The remote server returned an error: (404) Not Found."
[2026-06-02 03:56:02] Retry 4/8 for lit_savitsky_preplaning after 60s: curl=22; web=Exception calling "DownloadFile" with "2" argument(s): "The remote server returned an error: (404) Not Found."
[2026-06-02 03:57:04] Retry 5/8 for lit_savitsky_preplaning after 90s: curl=22; web=Exception calling "DownloadFile" with "2" argument(s): "The remote server returned an error: (404) Not Found."
[2026-06-02 03:58:36] Retry 6/8 for lit_savitsky_preplaning after 120s: curl=22; web=Exception calling "DownloadFile" with "2" argument(s): "The remote server returned an error: (404) Not Found."
[2026-06-02 04:00:41] Retry 7/8 for lit_savitsky_preplaning after 120s: curl=22; web=Exception calling "DownloadFile" with "2" argument(s): "The remote server returned an error: (404) Not Found."
[2026-06-02 04:02:44] Retry 8/8 for lit_savitsky_preplaning after 180s: curl=22; web=Exception calling "DownloadFile" with "2" argument(s): "The remote server returned an error: (404) Not Found."
[2026-06-02 04:05:44] FAIL lit_savitsky_preplaning: curl=22; web=Exception calling "DownloadFile" with "2" argument(s): "The remote server returned an error: (404) Not Found."
[2026-06-02 04:05:47] GET lit_savitsky_1964: https://onepetro.org/MTSN/article/1/04/71/172383/Hydrodynamic-Design-of-Planing-Hulls
[2026-06-02 04:05:49] Retry 1/8 for lit_savitsky_1964 after 5s: curl=22; web=Exception calling "DownloadFile" with "2" argument(s): "The remote server returned an error: (403) Forbidden."
[2026-06-02 04:05:56] Retry 2/8 for lit_savitsky_1964 after 15s: curl=22; web=Exception calling "DownloadFile" with "2" argument(s): "The remote server returned an error: (403) Forbidden."
[2026-06-02 04:06:14] Retry 3/8 for lit_savitsky_1964 after 30s: curl=22; web=Exception calling "DownloadFile" with "2" argument(s): "The remote server returned an error: (403) Forbidden."
[2026-06-02 04:06:47] Retry 4/8 for lit_savitsky_1964 after 60s: curl=22; web=Exception calling "DownloadFile" with "2" argument(s): "The remote server returned an error: (403) Forbidden."
[2026-06-02 04:07:49] Retry 5/8 for lit_savitsky_1964 after 90s: curl=22; web=Exception calling "DownloadFile" with "2" argument(s): "The remote server returned an error: (403) Forbidden."
[2026-06-02 04:09:22] Retry 6/8 for lit_savitsky_1964 after 120s: curl=22; web=Exception calling "DownloadFile" with "2" argument(s): "The remote server returned an error: (403) Forbidden."
[2026-06-02 04:11:24] Retry 7/8 for lit_savitsky_1964 after 120s: curl=22; web=Exception calling "DownloadFile" with "2" argument(s): "The remote server returned an error: (403) Forbidden."
[2026-06-02 04:13:26] Retry 8/8 for lit_savitsky_1964 after 180s: curl=22; web=Exception calling "DownloadFile" with "2" argument(s): "The remote server returned an error: (403) Forbidden."
[2026-06-02 04:16:26] GET lit_savitsky_1964: https://web.archive.org/web/2020/https://onepetro.org/MTSN/article/1/04/71/172383/Hydrodynamic-Design-of-Planing-Hulls
[2026-06-02 04:16:31] SKIP ok: lit_fridsma
[2026-06-02 04:16:31] SKIP ok: lit_savitsky_brown_1976
[2026-06-02 04:16:31] SKIP ok: lit_zhao_water_entry
[2026-06-02 04:16:34] GET lit_sun_faltinsen_2010: https://doi.org/10.2514/1.44717
[2026-06-02 04:16:40] Retry 1/8 for lit_sun_faltinsen_2010 after 5s: curl=22; web=Exception calling "DownloadFile" with "2" argument(s): "The remote server returned an error: (404) Not Found."
[2026-06-02 04:16:46] Retry 2/8 for lit_sun_faltinsen_2010 after 15s: curl=22; web=Exception calling "DownloadFile" with "2" argument(s): "The remote server returned an error: (404) Not Found."
[2026-06-02 04:17:03] Retry 3/8 for lit_sun_faltinsen_2010 after 30s: curl=22; web=Exception calling "DownloadFile" with "2" argument(s): "The remote server returned an error: (404) Not Found."
[2026-06-02 04:17:35] Retry 4/8 for lit_sun_faltinsen_2010 after 60s: curl=22; web=Exception calling "DownloadFile" with "2" argument(s): "The remote server returned an error: (404) Not Found."
[2026-06-02 04:18:37] Retry 5/8 for lit_sun_faltinsen_2010 after 90s: curl=22; web=Exception calling "DownloadFile" with "2" argument(s): "The remote server returned an error: (404) Not Found."
[2026-06-02 04:20:09] Retry 6/8 for lit_sun_faltinsen_2010 after 120s: curl=22; web=Exception calling "DownloadFile" with "2" argument(s): "The remote server returned an error: (404) Not Found."
[2026-06-02 04:22:13] Retry 7/8 for lit_sun_faltinsen_2010 after 120s: curl=22; web=Exception calling "DownloadFile" with "2" argument(s): "The remote server returned an error: (404) Not Found."
[2026-06-02 04:24:16] Retry 8/8 for lit_sun_faltinsen_2010 after 180s: curl=22; web=Exception calling "DownloadFile" with "2" argument(s): "The remote server returned an error: (404) Not Found."
[2026-06-02 04:27:16] FAIL lit_sun_faltinsen_2010: curl=22; web=Exception calling "DownloadFile" with "2" argument(s): "The remote server returned an error: (404) Not Found."
[2026-06-02 04:27:18] GET lit_planing_review_2024: https://doi.org/10.1016/j.oceaneng.2024.114383
[2026-06-02 04:27:22] Retry 1/8 for lit_planing_review_2024 after 5s: curl=22; web=Exception calling "DownloadFile" with "2" argument(s): "The remote server returned an error: (404) Not Found."
[2026-06-02 04:27:29] Retry 2/8 for lit_planing_review_2024 after 15s: curl=22; web=Exception calling "DownloadFile" with "2" argument(s): "The remote server returned an error: (404) Not Found."
[2026-06-02 04:27:46] Retry 3/8 for lit_planing_review_2024 after 30s: curl=22; web=Exception calling "DownloadFile" with "2" argument(s): "The remote server returned an error: (404) Not Found."
[2026-06-02 04:28:17] Retry 4/8 for lit_planing_review_2024 after 60s: curl=22; web=Exception calling "DownloadFile" with "2" argument(s): "The remote server returned an error: (404) Not Found."
[2026-06-02 04:29:19] Retry 5/8 for lit_planing_review_2024 after 90s: curl=22; web=Exception calling "DownloadFile" with "2" argument(s): "The remote server returned an error: (404) Not Found."
[2026-06-02 04:30:51] Retry 6/8 for lit_planing_review_2024 after 120s: curl=22; web=Exception calling "DownloadFile" with "2" argument(s): "The remote server returned an error: (404) Not Found."
[2026-06-02 04:32:54] Retry 7/8 for lit_planing_review_2024 after 120s: curl=22; web=Exception calling "DownloadFile" with "2" argument(s): "The remote server returned an error: (404) Not Found."
[2026-06-02 04:34:57] Retry 8/8 for lit_planing_review_2024 after 180s: curl=22; web=Exception calling "DownloadFile" with "2" argument(s): "The remote server returned an error: (404) Not Found."
[2026-06-02 04:37:57] GET lit_planing_review_2024: https://www.sciencedirect.com/science/article/pii/S0029801824003834
[2026-06-02 04:38:00] Retry 1/8 for lit_planing_review_2024 after 5s: curl=22; web=Exception calling "DownloadFile" with "2" argument(s): "The remote server returned an error: (403) Forbidden."
[2026-06-02 04:38:08] Retry 2/8 for lit_planing_review_2024 after 15s: curl=22; web=Exception calling "DownloadFile" with "2" argument(s): "The remote server returned an error: (403) Forbidden."
[2026-06-02 04:38:26] Retry 3/8 for lit_planing_review_2024 after 30s: curl=22; web=Exception calling "DownloadFile" with "2" argument(s): "The remote server returned an error: (403) Forbidden."
[2026-06-02 04:38:58] Retry 4/8 for lit_planing_review_2024 after 60s: curl=22; web=Exception calling "DownloadFile" with "2" argument(s): "The remote server returned an error: (403) Forbidden."
[2026-06-02 04:40:01] Retry 5/8 for lit_planing_review_2024 after 90s: curl=22; web=Exception calling "DownloadFile" with "2" argument(s): "The remote server returned an error: (403) Forbidden."
[2026-06-02 04:41:34] Retry 6/8 for lit_planing_review_2024 after 120s: curl=22; web=Exception calling "DownloadFile" with "2" argument(s): "The remote server returned an error: (403) Forbidden."
[2026-06-02 04:43:38] Retry 7/8 for lit_planing_review_2024 after 120s: curl=22; web=Exception calling "DownloadFile" with "2" argument(s): "The remote server returned an error: (403) Forbidden."
[2026-06-02 04:45:41] Retry 8/8 for lit_planing_review_2024 after 180s: curl=22; web=Exception calling "DownloadFile" with "2" argument(s): "The remote server returned an error: (403) Forbidden."
[2026-06-02 04:48:41] FAIL lit_planing_review_2024: curl=22; web=Exception calling "DownloadFile" with "2" argument(s): "The remote server returned an error: (403) Forbidden."
[2026-06-02 04:48:43] GET lit_fossen_2012: https://doi.org/10.1016/j.oceaneng.2012.09.012
[2026-06-02 04:48:48] GET lit_fossen_2012: https://folk.ntnu.no/thomas.fossen/pub/Fossen2012windwaves.pdf
[2026-06-02 04:48:53] Retry 1/8 for lit_fossen_2012 after 5s: curl=35; web=Exception calling "DownloadFile" with "2" argument(s): "The remote server returned an error: (404) Not Found."
[2026-06-02 04:49:02] Retry 2/8 for lit_fossen_2012 after 15s: curl=22; web=Exception calling "DownloadFile" with "2" argument(s): "The remote server returned an error: (404) Not Found."
[2026-06-02 04:49:21] Retry 3/8 for lit_fossen_2012 after 30s: curl=22; web=Exception calling "DownloadFile" with "2" argument(s): "The remote server returned an error: (404) Not Found."
[2026-06-02 04:49:55] Retry 4/8 for lit_fossen_2012 after 60s: curl=22; web=Exception calling "DownloadFile" with "2" argument(s): "The remote server returned an error: (404) Not Found."
[2026-06-02 04:50:59] Retry 5/8 for lit_fossen_2012 after 90s: curl=22; web=Exception calling "DownloadFile" with "2" argument(s): "The remote server returned an error: (404) Not Found."
[2026-06-02 04:52:32] Retry 6/8 for lit_fossen_2012 after 120s: curl=22; web=Exception calling "DownloadFile" with "2" argument(s): "The remote server returned an error: (404) Not Found."
[2026-06-02 04:54:39] Retry 7/8 for lit_fossen_2012 after 120s: curl=22; web=Exception calling "DownloadFile" with "2" argument(s): "The remote server returned an error: (404) Not Found."
[2026-06-02 04:56:43] Retry 8/8 for lit_fossen_2012 after 180s: curl=22; web=Exception calling "DownloadFile" with "2" argument(s): "The remote server returned an error: (404) Not Found."
[2026-06-02 04:59:43] GET lit_fossen_2012: https://folk.ntnu.no/thomas.fossen/pub/Fossen2012wind.pdf
[2026-06-02 04:59:48] Retry 1/8 for lit_fossen_2012 after 5s: curl=22; web=Exception calling "DownloadFile" with "2" argument(s): "The remote server returned an error: (404) Not Found."
[2026-06-02 04:59:57] Retry 2/8 for lit_fossen_2012 after 15s: curl=22; web=Exception calling "DownloadFile" with "2" argument(s): "The remote server returned an error: (404) Not Found."
[2026-06-02 05:00:17] Retry 3/8 for lit_fossen_2012 after 30s: curl=22; web=Exception calling "DownloadFile" with "2" argument(s): "The remote server returned an error: (404) Not Found."
[2026-06-02 05:00:50] Retry 4/8 for lit_fossen_2012 after 60s: curl=22; web=Exception calling "DownloadFile" with "2" argument(s): "The remote server returned an error: (404) Not Found."
[2026-06-02 05:01:54] Retry 5/8 for lit_fossen_2012 after 90s: curl=22; web=Exception calling "DownloadFile" with "2" argument(s): "The remote server returned an error: (404) Not Found."
[2026-06-02 05:03:28] Retry 6/8 for lit_fossen_2012 after 120s: curl=22; web=Exception calling "DownloadFile" with "2" argument(s): "The remote server returned an error: (404) Not Found."
[2026-06-02 05:05:32] Retry 7/8 for lit_fossen_2012 after 120s: curl=22; web=Exception calling "DownloadFile" with "2" argument(s): "The remote server returned an error: (404) Not Found."
[2026-06-02 05:07:36] Retry 8/8 for lit_fossen_2012 after 180s: curl=22; web=Exception calling "DownloadFile" with "2" argument(s): "The remote server returned an error: (404) Not Found."
[2026-06-02 05:10:36] GET lit_fossen_2012: https://www.researchgate.net/profile/Thor-Fossen/publication/257623456_How_to_incorporate_wind_waves_and_ocean_currents_in_the_marine_craft_equations_of_motion/links/0deec53c8c0c5e0e3c000000/How-to-incorporate-wind-waves-and-ocean-currents-in-the-marine-craft-equations-of-motion.pdf
[2026-06-02 05:10:39] Retry 1/8 for lit_fossen_2012 after 5s: curl=22; web=Exception calling "DownloadFile" with "2" argument(s): "The remote server returned an error: (403) Forbidden."
[2026-06-02 05:10:46] Retry 2/8 for lit_fossen_2012 after 15s: curl=22; web=Exception calling "DownloadFile" with "2" argument(s): "The remote server returned an error: (403) Forbidden."
[2026-06-02 05:11:04] Retry 3/8 for lit_fossen_2012 after 30s: curl=22; web=Exception calling "DownloadFile" with "2" argument(s): "The remote server returned an error: (403) Forbidden."
[2026-06-02 05:11:36] Retry 4/8 for lit_fossen_2012 after 60s: curl=22; web=Exception calling "DownloadFile" with "2" argument(s): "The remote server returned an error: (403) Forbidden."
[2026-06-02 05:12:38] Retry 5/8 for lit_fossen_2012 after 90s: curl=22; web=Exception calling "DownloadFile" with "2" argument(s): "The remote server returned an error: (403) Forbidden."
[2026-06-02 05:14:11] Retry 6/8 for lit_fossen_2012 after 120s: curl=22; web=Exception calling "DownloadFile" with "2" argument(s): "The remote server returned an error: (403) Forbidden."
[2026-06-02 05:16:14] Retry 7/8 for lit_fossen_2012 after 120s: curl=22; web=Exception calling "DownloadFile" with "2" argument(s): "The remote server returned an error: (403) Forbidden."
[2026-06-02 05:18:16] Retry 8/8 for lit_fossen_2012 after 180s: curl=22; web=Exception calling "DownloadFile" with "2" argument(s): "The remote server returned an error: (403) Forbidden."
[2026-06-02 05:21:16] FAIL lit_fossen_2012: curl=22; web=Exception calling "DownloadFile" with "2" argument(s): "The remote server returned an error: (403) Forbidden."
[2026-06-02 05:21:16] GET lit_molland_book: https://www.routledge.com/Maritime-Engineering-Ship-Design/Molland/p/book/9780750665275
[2026-06-02 05:21:21] Retry 1/8 for lit_molland_book after 5s: curl=22; web=Exception calling "DownloadFile" with "2" argument(s): "The request was aborted: The connection was closed unexpectedly."
[2026-06-02 05:21:30] Retry 2/8 for lit_molland_book after 15s: curl=22; web=Exception calling "DownloadFile" with "2" argument(s): "The request was aborted: The connection was closed unexpectedly."
[2026-06-02 05:21:49] Retry 3/8 for lit_molland_book after 30s: curl=22; web=Exception calling "DownloadFile" with "2" argument(s): "The request was aborted: The connection was closed unexpectedly."
[2026-06-02 05:22:23] Retry 4/8 for lit_molland_book after 60s: curl=22; web=Exception calling "DownloadFile" with "2" argument(s): "The request was aborted: The connection was closed unexpectedly."
[2026-06-02 05:23:27] Retry 5/8 for lit_molland_book after 90s: curl=22; web=Exception calling "DownloadFile" with "2" argument(s): "The request was aborted: The connection was closed unexpectedly."
[2026-06-02 05:25:00] Retry 6/8 for lit_molland_book after 120s: curl=22; web=Exception calling "DownloadFile" with "2" argument(s): "The request was aborted: The connection was closed unexpectedly."
[2026-06-02 05:27:05] Retry 7/8 for lit_molland_book after 120s: curl=22; web=Exception calling "DownloadFile" with "2" argument(s): "The request was aborted: The connection was closed unexpectedly."
[2026-06-02 05:29:08] Retry 8/8 for lit_molland_book after 180s: curl=22; web=Exception calling "DownloadFile" with "2" argument(s): "The request was aborted: The connection was closed unexpectedly."
[2026-06-02 05:32:08] FAIL lit_molland_book: curl=22; web=Exception calling "DownloadFile" with "2" argument(s): "The request was aborted: The connection was closed unexpectedly."
[2026-06-02 05:32:08] SKIP git ok: code_pdstrip
[2026-06-02 05:32:08] SKIP git ok: code_hams
[2026-06-02 05:32:08] SKIP git ok: code_bemrosetta
[2026-06-02 05:32:08] SKIP git ok: code_ow3d
[2026-06-02 05:32:08] SKIP git ok: code_openplaning
[2026-06-02 05:32:08] SKIP git ok: code_binder_openplaning
[2026-06-02 05:32:08] SKIP git ok: code_mmgdynamics
[2026-06-02 05:32:08] SKIP git ok: code_shipmmg
[2026-06-02 05:32:08] SKIP git ok: code_nemoh
[2026-06-02 05:32:08] SKIP git ok: code_capytaine
[2026-06-02 05:32:08] SKIP git ok: code_mss_tools
[2026-06-02 05:32:08] SKIP git ok: code_python_vehicle
[2026-06-02 05:32:08] SKIP ok: data_kcs_index
[2026-06-02 05:32:08] SKIP ok: data_kcs_hull_zip
[2026-06-02 05:32:08] SKIP ok: data_kcs_rudder_zip
[2026-06-02 05:32:08] SKIP ok: data_kcs_prop_zip
[2026-06-02 05:32:08] SKIP ok: data_kcs_case211_zip
[2026-06-02 05:32:08] SKIP ok: data_delft372_report
[2026-06-02 05:32:08] GET data_delft372_strath: https://strathprints.strath.ac.uk/82218/1/Duman_Bal_OE_2022_Turn_and_zigzag_manoeuvres_of_Delft_catamaran_372_using_CFD_based_system_simulation_method.pdf
[2026-06-02 05:32:13] Retry 1/8 for data_delft372_strath after 5s: curl=22; web=Exception calling "DownloadFile" with "2" argument(s): "The remote server returned an error: (404) Not Found."
[2026-06-02 05:32:22] Retry 2/8 for data_delft372_strath after 15s: curl=22; web=Exception calling "DownloadFile" with "2" argument(s): "The remote server returned an error: (404) Not Found."
[2026-06-02 05:32:41] Retry 3/8 for data_delft372_strath after 30s: curl=22; web=Exception calling "DownloadFile" with "2" argument(s): "The remote server returned an error: (404) Not Found."
[2026-06-02 05:33:15] Retry 4/8 for data_delft372_strath after 60s: curl=22; web=Exception calling "DownloadFile" with "2" argument(s): "The remote server returned an error: (404) Not Found."
[2026-06-02 05:34:18] Retry 5/8 for data_delft372_strath after 90s: curl=22; web=Exception calling "DownloadFile" with "2" argument(s): "The remote server returned an error: (404) Not Found."
[2026-06-02 05:35:52] Retry 6/8 for data_delft372_strath after 120s: curl=22; web=Exception calling "DownloadFile" with "2" argument(s): "The remote server returned an error: (404) Not Found."
[2026-06-02 05:37:57] Retry 7/8 for data_delft372_strath after 120s: curl=22; web=Exception calling "DownloadFile" with "2" argument(s): "The remote server returned an error: (404) Not Found."
[2026-06-02 05:40:00] Retry 8/8 for data_delft372_strath after 180s: curl=22; web=Exception calling "DownloadFile" with "2" argument(s): "The remote server returned an error: (404) Not Found."
[2026-06-02 05:43:00] FAIL data_delft372_strath: curl=22; web=Exception calling "DownloadFile" with "2" argument(s): "The remote server returned an error: (404) Not Found."
[2026-06-02 05:43:45] SKIP ok: fossen_mss_index
[2026-06-02 05:43:45] SKIP ok: fossen_pvs
[2026-06-02 05:43:45] SUMMARY ok=29 paywall=8 failed=4 pending=3
SUMMARY ok=29 paywall=8 failed=4 pending=3
Retry 7 items in 60s...
=== Round 6 / 20 ===
[2026-06-02 05:44:45] === download_all.ps1 start (early_stage_materials) ===
[2026-06-02 05:44:46] RESET failed->pending: lit_molland_book
[2026-06-02 05:44:46] RESET failed->pending: pip_capytaine
[2026-06-02 05:44:46] RESET failed->pending: data_delft372_strath
[2026-06-02 05:44:46] SKIP ok: lit_stf_1970
[2026-06-02 05:44:46] SKIP ok: lit_faltinsen_sea_loads
[2026-06-02 05:44:46] SKIP ok: lit_faltinsen_hsmv_preview
[2026-06-02 05:44:49] GET lit_ma_2005: https://doi.org/10.1016/j.oceaneng.2004.08.012
[2026-06-02 05:44:53] FAIL lit_ma_2005: 
[2026-06-02 05:44:54] GET lit_arribas_2006: https://doi.org/10.1016/j.oceaneng.2005.09.008
[2026-06-02 05:44:57] FAIL lit_arribas_2006: 
[2026-06-02 05:44:57] GET lit_kring_1994: https://dspace.mit.edu/bitstream/handle/1721.1/11939/31384162-MIT.pdf?sequence=2&isAllowed=y
[2026-06-02 05:45:01] Retry 1/8 for lit_kring_1994 after 5s: curl=22; web=Exception calling "DownloadFile" with "2" argument(s): "The remote server returned an error: (404) Not Found."
[2026-06-02 05:45:09] Retry 2/8 for lit_kring_1994 after 15s: curl=22; web=Exception calling "DownloadFile" with "2" argument(s): "The remote server returned an error: (404) Not Found."
[2026-06-02 05:45:27] Retry 3/8 for lit_kring_1994 after 30s: curl=35; web=Exception calling "DownloadFile" with "2" argument(s): "The remote server returned an error: (404) Not Found."
[2026-06-02 05:46:01] Retry 4/8 for lit_kring_1994 after 60s: curl=22; web=Exception calling "DownloadFile" with "2" argument(s): "The remote server returned an error: (404) Not Found."
[2026-06-02 05:47:05] Retry 5/8 for lit_kring_1994 after 90s: curl=22; web=Exception calling "DownloadFile" with "2" argument(s): "The remote server returned an error: (404) Not Found."
[2026-06-02 05:48:39] Retry 6/8 for lit_kring_1994 after 120s: curl=22; web=Exception calling "DownloadFile" with "2" argument(s): "The remote server returned an error: (404) Not Found."
[2026-06-02 05:50:43] Retry 7/8 for lit_kring_1994 after 120s: curl=22; web=Exception calling "DownloadFile" with "2" argument(s): "The remote server returned an error: (404) Not Found."
[2026-06-02 05:52:47] Retry 8/8 for lit_kring_1994 after 180s: curl=22; web=Exception calling "DownloadFile" with "2" argument(s): "The remote server returned an error: (404) Not Found."
[2026-06-02 05:55:47] GET lit_kring_1994: https://web.archive.org/web/2020/https://dspace.mit.edu/bitstream/handle/1721.1/11939/31384162-MIT.pdf?sequence=2&isAllowed=y
[2026-06-02 05:55:51] Retry 1/8 for lit_kring_1994 after 5s: curl=22; web=Exception calling "DownloadFile" with "2" argument(s): "The request was aborted: The connection was closed unexpectedly."
[2026-06-02 05:55:59] Retry 2/8 for lit_kring_1994 after 15s: curl=22; web=Exception calling "DownloadFile" with "2" argument(s): "The request was aborted: The connection was closed unexpectedly."
[2026-06-02 05:56:18] Retry 3/8 for lit_kring_1994 after 30s: curl=22; web=Exception calling "DownloadFile" with "2" argument(s): "The request was aborted: The connection was closed unexpectedly."
[2026-06-02 05:56:52] Retry 4/8 for lit_kring_1994 after 60s: curl=22; web=Exception calling "DownloadFile" with "2" argument(s): "The request was aborted: The connection was closed unexpectedly."
[2026-06-02 05:57:57] Retry 5/8 for lit_kring_1994 after 90s: curl=22; web=Exception calling "DownloadFile" with "2" argument(s): "The request was aborted: The connection was closed unexpectedly."
[2026-06-02 05:59:31] Retry 6/8 for lit_kring_1994 after 120s: curl=22; web=Exception calling "DownloadFile" with "2" argument(s): "The request was aborted: The connection was closed unexpectedly."
[2026-06-02 06:01:35] Retry 7/8 for lit_kring_1994 after 120s: curl=22; web=Exception calling "DownloadFile" with "2" argument(s): "The request was aborted: The connection was closed unexpectedly."
[2026-06-02 06:03:42] Retry 8/8 for lit_kring_1994 after 180s: curl=22; web=Exception calling "DownloadFile" with "2" argument(s): "The request was aborted: The connection was closed unexpectedly."
[2026-06-02 06:06:42] GET lit_kring_1994: https://core.ac.uk/download/pdf/48633506.pdf
[2026-06-02 06:06:50] Retry 1/8 for lit_kring_1994 after 5s: curl=22; web=Exception calling "DownloadFile" with "2" argument(s): "The remote server returned an error: (404) Not Found."
[2026-06-02 06:06:59] Retry 2/8 for lit_kring_1994 after 15s: curl=22; web=Exception calling "DownloadFile" with "2" argument(s): "The remote server returned an error: (404) Not Found."
[2026-06-02 06:07:18] Retry 3/8 for lit_kring_1994 after 30s: curl=22; web=Exception calling "DownloadFile" with "2" argument(s): "The remote server returned an error: (404) Not Found."
[2026-06-02 06:07:53] Retry 4/8 for lit_kring_1994 after 60s: curl=22; web=Exception calling "DownloadFile" with "2" argument(s): "The remote server returned an error: (404) Not Found."
[2026-06-02 06:08:57] Retry 5/8 for lit_kring_1994 after 90s: curl=22; web=Exception calling "DownloadFile" with "2" argument(s): "The remote server returned an error: (404) Not Found."
[2026-06-02 06:10:31] Retry 6/8 for lit_kring_1994 after 120s: curl=22; web=Exception calling "DownloadFile" with "2" argument(s): "The remote server returned an error: (404) Not Found."
[2026-06-02 06:12:39] Retry 7/8 for lit_kring_1994 after 120s: curl=22; web=Exception calling "DownloadFile" with "2" argument(s): "The remote server returned an error: (404) Not Found."
[2026-06-02 06:14:46] Retry 8/8 for lit_kring_1994 after 180s: curl=22; web=Exception calling "DownloadFile" with "2" argument(s): "The remote server returned an error: (502) Bad Gateway."
[2026-06-02 06:17:46] GET lit_kring_1994: http://hdl.handle.net/1721.1/11939
[2026-06-02 06:17:53] FAIL lit_kring_1994: 
[2026-06-02 06:17:56] GET lit_donatini_2022: https://doi.org/10.1016/j.oceaneng.2022.112222
[2026-06-02 06:17:58] FAIL lit_donatini_2022: 
[2026-06-02 06:17:58] SKIP ok: lit_bailey_npl
[2026-06-02 06:17:58] SKIP ok: lit_mercier_savitsky_1973
[2026-06-02 06:17:58] GET lit_compton_1986: https://onepetro.org/mtsn/article-pdf/23/04/345/2199243/sname-mtsn-1986-23-4-345.pdf
[2026-06-02 06:18:02] Retry 1/8 for lit_compton_1986 after 5s: curl=22; web=Exception calling "DownloadFile" with "2" argument(s): "The remote server returned an error: (403) Forbidden."
[2026-06-02 06:18:09] Retry 2/8 for lit_compton_1986 after 15s: curl=22; web=Exception calling "DownloadFile" with "2" argument(s): "The remote server returned an error: (403) Forbidden."
[2026-06-02 06:18:26] Retry 3/8 for lit_compton_1986 after 30s: curl=22; web=Exception calling "DownloadFile" with "2" argument(s): "The remote server returned an error: (403) Forbidden."
[2026-06-02 06:18:59] Retry 4/8 for lit_compton_1986 after 60s: curl=22; web=Exception calling "DownloadFile" with "2" argument(s): "The remote server returned an error: (403) Forbidden."
[2026-06-02 06:20:01] Retry 5/8 for lit_compton_1986 after 90s: curl=22; web=Exception calling "DownloadFile" with "2" argument(s): "The remote server returned an error: (403) Forbidden."
[2026-06-02 06:21:34] Retry 6/8 for lit_compton_1986 after 120s: curl=22; web=Exception calling "DownloadFile" with "2" argument(s): "The remote server returned an error: (403) Forbidden."
[2026-06-02 06:23:36] Retry 7/8 for lit_compton_1986 after 120s: curl=22; web=Exception calling "DownloadFile" with "2" argument(s): "The remote server returned an error: (403) Forbidden."
[2026-06-02 06:25:38] Retry 8/8 for lit_compton_1986 after 180s: curl=22; web=Exception calling "DownloadFile" with "2" argument(s): "The remote server returned an error: (403) Forbidden."
[2026-06-02 06:28:38] GET lit_compton_1986: https://web.archive.org/web/2019/https://onepetro.org/mtsn/article-pdf/23/04/345/2199243/sname-mtsn-1986-23-4-345.pdf
[2026-06-02 06:28:46] FAIL lit_compton_1986: 
[2026-06-02 06:28:46] GET lit_savitsky_preplaning: https://doi.org/10.1063/1.5143123
[2026-06-02 06:28:49] Retry 1/8 for lit_savitsky_preplaning after 5s: curl=22; web=Exception calling "DownloadFile" with "2" argument(s): "The remote server returned an error: (404) Not Found."
[2026-06-02 06:28:56] Retry 2/8 for lit_savitsky_preplaning after 15s: curl=22; web=Exception calling "DownloadFile" with "2" argument(s): "The remote server returned an error: (404) Not Found."
[2026-06-02 06:29:13] Retry 3/8 for lit_savitsky_preplaning after 30s: curl=22; web=Exception calling "DownloadFile" with "2" argument(s): "The remote server returned an error: (404) Not Found."
[2026-06-02 06:29:45] Retry 4/8 for lit_savitsky_preplaning after 60s: curl=22; web=Exception calling "DownloadFile" with "2" argument(s): "The remote server returned an error: (404) Not Found."
[2026-06-02 06:30:46] Retry 5/8 for lit_savitsky_preplaning after 90s: curl=22; web=Exception calling "DownloadFile" with "2" argument(s): "The remote server returned an error: (404) Not Found."
[2026-06-02 06:32:18] Retry 6/8 for lit_savitsky_preplaning after 120s: curl=22; web=Exception calling "DownloadFile" with "2" argument(s): "The remote server returned an error: (404) Not Found."
[2026-06-02 06:34:22] Retry 7/8 for lit_savitsky_preplaning after 120s: curl=22; web=Exception calling "DownloadFile" with "2" argument(s): "The remote server returned an error: (404) Not Found."
[2026-06-02 06:36:24] Retry 8/8 for lit_savitsky_preplaning after 180s: curl=22; web=Exception calling "DownloadFile" with "2" argument(s): "The remote server returned an error: (404) Not Found."
[2026-06-02 06:39:24] FAIL lit_savitsky_preplaning: curl=22; web=Exception calling "DownloadFile" with "2" argument(s): "The remote server returned an error: (404) Not Found."
[2026-06-02 06:39:27] GET lit_savitsky_1964: https://onepetro.org/MTSN/article/1/04/71/172383/Hydrodynamic-Design-of-Planing-Hulls
[2026-06-02 06:39:30] Retry 1/8 for lit_savitsky_1964 after 5s: curl=22; web=Exception calling "DownloadFile" with "2" argument(s): "The remote server returned an error: (403) Forbidden."
[2026-06-02 06:39:37] Retry 2/8 for lit_savitsky_1964 after 15s: curl=22; web=Exception calling "DownloadFile" with "2" argument(s): "The remote server returned an error: (403) Forbidden."
[2026-06-02 06:39:55] Retry 3/8 for lit_savitsky_1964 after 30s: curl=22; web=Exception calling "DownloadFile" with "2" argument(s): "The remote server returned an error: (403) Forbidden."
[2026-06-02 06:40:27] Retry 4/8 for lit_savitsky_1964 after 60s: curl=22; web=Exception calling "DownloadFile" with "2" argument(s): "The remote server returned an error: (403) Forbidden."
[2026-06-02 06:41:29] Retry 5/8 for lit_savitsky_1964 after 90s: curl=22; web=Exception calling "DownloadFile" with "2" argument(s): "The remote server returned an error: (403) Forbidden."
[2026-06-02 06:43:02] Retry 6/8 for lit_savitsky_1964 after 120s: curl=22; web=Exception calling "DownloadFile" with "2" argument(s): "The remote server returned an error: (403) Forbidden."
[2026-06-02 06:45:04] Retry 7/8 for lit_savitsky_1964 after 120s: curl=22; web=Exception calling "DownloadFile" with "2" argument(s): "The remote server returned an error: (403) Forbidden."
[2026-06-02 06:47:06] Retry 8/8 for lit_savitsky_1964 after 180s: curl=22; web=Exception calling "DownloadFile" with "2" argument(s): "The remote server returned an error: (403) Forbidden."
[2026-06-02 06:50:06] GET lit_savitsky_1964: https://web.archive.org/web/2020/https://onepetro.org/MTSN/article/1/04/71/172383/Hydrodynamic-Design-of-Planing-Hulls
[2026-06-02 06:50:11] SKIP ok: lit_fridsma
[2026-06-02 06:50:11] SKIP ok: lit_savitsky_brown_1976
[2026-06-02 06:50:11] SKIP ok: lit_zhao_water_entry
[2026-06-02 06:50:14] GET lit_sun_faltinsen_2010: https://doi.org/10.2514/1.44717
[2026-06-02 06:50:18] Retry 1/8 for lit_sun_faltinsen_2010 after 5s: curl=22; web=Exception calling "DownloadFile" with "2" argument(s): "The remote server returned an error: (404) Not Found."
[2026-06-02 06:50:24] Retry 2/8 for lit_sun_faltinsen_2010 after 15s: curl=22; web=Exception calling "DownloadFile" with "2" argument(s): "The remote server returned an error: (404) Not Found."
[2026-06-02 06:50:41] Retry 3/8 for lit_sun_faltinsen_2010 after 30s: curl=22; web=Exception calling "DownloadFile" with "2" argument(s): "The remote server returned an error: (404) Not Found."
[2026-06-02 06:51:13] Retry 4/8 for lit_sun_faltinsen_2010 after 60s: curl=22; web=Exception calling "DownloadFile" with "2" argument(s): "The remote server returned an error: (404) Not Found."
[2026-06-02 06:52:15] Retry 5/8 for lit_sun_faltinsen_2010 after 90s: curl=22; web=Exception calling "DownloadFile" with "2" argument(s): "The remote server returned an error: (404) Not Found."
[2026-06-02 06:53:47] Retry 6/8 for lit_sun_faltinsen_2010 after 120s: curl=22; web=Exception calling "DownloadFile" with "2" argument(s): "The remote server returned an error: (404) Not Found."
[2026-06-02 06:55:50] Retry 7/8 for lit_sun_faltinsen_2010 after 120s: curl=22; web=Exception calling "DownloadFile" with "2" argument(s): "The remote server returned an error: (404) Not Found."
[2026-06-02 06:57:53] Retry 8/8 for lit_sun_faltinsen_2010 after 180s: curl=22; web=Exception calling "DownloadFile" with "2" argument(s): "The remote server returned an error: (404) Not Found."
[2026-06-02 07:00:53] FAIL lit_sun_faltinsen_2010: curl=22; web=Exception calling "DownloadFile" with "2" argument(s): "The remote server returned an error: (404) Not Found."
[2026-06-02 07:00:56] GET lit_planing_review_2024: https://doi.org/10.1016/j.oceaneng.2024.114383
[2026-06-02 07:00:59] Retry 1/8 for lit_planing_review_2024 after 5s: curl=22; web=Exception calling "DownloadFile" with "2" argument(s): "The remote server returned an error: (404) Not Found."
[2026-06-02 07:01:06] Retry 2/8 for lit_planing_review_2024 after 15s: curl=22; web=Exception calling "DownloadFile" with "2" argument(s): "The remote server returned an error: (404) Not Found."
[2026-06-02 07:01:23] Retry 3/8 for lit_planing_review_2024 after 30s: curl=22; web=Exception calling "DownloadFile" with "2" argument(s): "The remote server returned an error: (404) Not Found."
[2026-06-02 07:01:55] Retry 4/8 for lit_planing_review_2024 after 60s: curl=22; web=Exception calling "DownloadFile" with "2" argument(s): "The remote server returned an error: (404) Not Found."
[2026-06-02 07:02:59] Retry 5/8 for lit_planing_review_2024 after 90s: curl=22; web=Exception calling "DownloadFile" with "2" argument(s): "The remote server returned an error: (404) Not Found."
[2026-06-02 07:04:31] Retry 6/8 for lit_planing_review_2024 after 120s: curl=22; web=Exception calling "DownloadFile" with "2" argument(s): "The remote server returned an error: (404) Not Found."
[2026-06-02 07:06:34] Retry 7/8 for lit_planing_review_2024 after 120s: curl=22; web=Exception calling "DownloadFile" with "2" argument(s): "The remote server returned an error: (404) Not Found."
[2026-06-02 07:08:37] Retry 8/8 for lit_planing_review_2024 after 180s: curl=22; web=Exception calling "DownloadFile" with "2" argument(s): "The remote server returned an error: (404) Not Found."
[2026-06-02 07:11:37] GET lit_planing_review_2024: https://www.sciencedirect.com/science/article/pii/S0029801824003834
[2026-06-02 07:11:41] Retry 1/8 for lit_planing_review_2024 after 5s: curl=22; web=Exception calling "DownloadFile" with "2" argument(s): "The remote server returned an error: (403) Forbidden."
[2026-06-02 07:11:51] Retry 2/8 for lit_planing_review_2024 after 15s: curl=22; web=Exception calling "DownloadFile" with "2" argument(s): "The remote server returned an error: (403) Forbidden."
[2026-06-02 07:12:09] Retry 3/8 for lit_planing_review_2024 after 30s: curl=22; web=Exception calling "DownloadFile" with "2" argument(s): "The remote server returned an error: (403) Forbidden."
[2026-06-02 07:12:41] Retry 4/8 for lit_planing_review_2024 after 60s: curl=22; web=Exception calling "DownloadFile" with "2" argument(s): "The remote server returned an error: (403) Forbidden."
[2026-06-02 07:13:44] Retry 5/8 for lit_planing_review_2024 after 90s: curl=22; web=Exception calling "DownloadFile" with "2" argument(s): "The remote server returned an error: (403) Forbidden."
[2026-06-02 07:15:18] Retry 6/8 for lit_planing_review_2024 after 120s: curl=22; web=Exception calling "DownloadFile" with "2" argument(s): "The remote server returned an error: (403) Forbidden."
[2026-06-02 07:17:22] Retry 7/8 for lit_planing_review_2024 after 120s: curl=22; web=Exception calling "DownloadFile" with "2" argument(s): "The remote server returned an error: (403) Forbidden."
[2026-06-02 07:19:28] Retry 8/8 for lit_planing_review_2024 after 180s: curl=22; web=Exception calling "DownloadFile" with "2" argument(s): "The remote server returned an error: (403) Forbidden."
[2026-06-02 07:22:28] FAIL lit_planing_review_2024: curl=22; web=Exception calling "DownloadFile" with "2" argument(s): "The remote server returned an error: (403) Forbidden."
[2026-06-02 07:22:31] GET lit_fossen_2012: https://doi.org/10.1016/j.oceaneng.2012.09.012
[2026-06-02 07:22:36] GET lit_fossen_2012: https://folk.ntnu.no/thomas.fossen/pub/Fossen2012windwaves.pdf
[2026-06-02 07:22:41] Retry 1/8 for lit_fossen_2012 after 5s: curl=22; web=Exception calling "DownloadFile" with "2" argument(s): "The remote server returned an error: (404) Not Found."
[2026-06-02 07:22:49] Retry 2/8 for lit_fossen_2012 after 15s: curl=22; web=Exception calling "DownloadFile" with "2" argument(s): "The remote server returned an error: (404) Not Found."
[2026-06-02 07:23:08] Retry 3/8 for lit_fossen_2012 after 30s: curl=22; web=Exception calling "DownloadFile" with "2" argument(s): "The remote server returned an error: (404) Not Found."
[2026-06-02 07:23:41] Retry 4/8 for lit_fossen_2012 after 60s: curl=22; web=Exception calling "DownloadFile" with "2" argument(s): "The remote server returned an error: (404) Not Found."
[2026-06-02 07:24:45] Retry 5/8 for lit_fossen_2012 after 90s: curl=22; web=Exception calling "DownloadFile" with "2" argument(s): "The remote server returned an error: (404) Not Found."
[2026-06-02 07:26:19] Retry 6/8 for lit_fossen_2012 after 120s: curl=22; web=Exception calling "DownloadFile" with "2" argument(s): "The remote server returned an error: (404) Not Found."
[2026-06-02 07:28:23] Retry 7/8 for lit_fossen_2012 after 120s: curl=22; web=Exception calling "DownloadFile" with "2" argument(s): "The remote server returned an error: (404) Not Found."
[2026-06-02 07:30:27] Retry 8/8 for lit_fossen_2012 after 180s: curl=22; web=Exception calling "DownloadFile" with "2" argument(s): "The remote server returned an error: (404) Not Found."
[2026-06-02 07:33:27] GET lit_fossen_2012: https://folk.ntnu.no/thomas.fossen/pub/Fossen2012wind.pdf
[2026-06-02 07:33:31] Retry 1/8 for lit_fossen_2012 after 5s: curl=22; web=Exception calling "DownloadFile" with "2" argument(s): "The remote server returned an error: (404) Not Found."
[2026-06-02 07:33:40] Retry 2/8 for lit_fossen_2012 after 15s: curl=22; web=Exception calling "DownloadFile" with "2" argument(s): "The remote server returned an error: (404) Not Found."
[2026-06-02 07:33:59] Retry 3/8 for lit_fossen_2012 after 30s: curl=22; web=Exception calling "DownloadFile" with "2" argument(s): "The remote server returned an error: (404) Not Found."
[2026-06-02 07:34:33] Retry 4/8 for lit_fossen_2012 after 60s: curl=22; web=Exception calling "DownloadFile" with "2" argument(s): "The remote server returned an error: (404) Not Found."
[2026-06-02 07:35:36] Retry 5/8 for lit_fossen_2012 after 90s: curl=22; web=Exception calling "DownloadFile" with "2" argument(s): "The remote server returned an error: (404) Not Found."
[2026-06-02 07:37:10] Retry 6/8 for lit_fossen_2012 after 120s: curl=22; web=Exception calling "DownloadFile" with "2" argument(s): "The remote server returned an error: (404) Not Found."
[2026-06-02 07:39:14] Retry 7/8 for lit_fossen_2012 after 120s: curl=22; web=Exception calling "DownloadFile" with "2" argument(s): "The remote server returned an error: (404) Not Found."
[2026-06-02 07:41:18] Retry 8/8 for lit_fossen_2012 after 180s: curl=22; web=Exception calling "DownloadFile" with "2" argument(s): "The remote server returned an error: (404) Not Found."
[2026-06-02 07:44:18] GET lit_fossen_2012: https://www.researchgate.net/profile/Thor-Fossen/publication/257623456_How_to_incorporate_wind_waves_and_ocean_currents_in_the_marine_craft_equations_of_motion/links/0deec53c8c0c5e0e3c000000/How-to-incorporate-wind-waves-and-ocean-currents-in-the-marine-craft-equations-of-motion.pdf
[2026-06-02 07:44:21] Retry 1/8 for lit_fossen_2012 after 5s: curl=22; web=Exception calling "DownloadFile" with "2" argument(s): "The remote server returned an error: (403) Forbidden."
[2026-06-02 07:44:29] Retry 2/8 for lit_fossen_2012 after 15s: curl=22; web=Exception calling "DownloadFile" with "2" argument(s): "The remote server returned an error: (403) Forbidden."
[2026-06-02 07:44:46] Retry 3/8 for lit_fossen_2012 after 30s: curl=22; web=Exception calling "DownloadFile" with "2" argument(s): "The remote server returned an error: (403) Forbidden."
[2026-06-02 07:45:18] Retry 4/8 for lit_fossen_2012 after 60s: curl=22; web=Exception calling "DownloadFile" with "2" argument(s): "The remote server returned an error: (403) Forbidden."
[2026-06-02 07:46:21] Retry 5/8 for lit_fossen_2012 after 90s: curl=22; web=Exception calling "DownloadFile" with "2" argument(s): "The remote server returned an error: (403) Forbidden."
[2026-06-02 07:47:53] Retry 6/8 for lit_fossen_2012 after 120s: curl=22; web=Exception calling "DownloadFile" with "2" argument(s): "The remote server returned an error: (403) Forbidden."
[2026-06-02 07:49:56] Retry 7/8 for lit_fossen_2012 after 120s: curl=22; web=Exception calling "DownloadFile" with "2" argument(s): "The remote server returned an error: (403) Forbidden."
[2026-06-02 07:51:59] Retry 8/8 for lit_fossen_2012 after 180s: curl=22; web=Exception calling "DownloadFile" with "2" argument(s): "The remote server returned an error: (403) Forbidden."
[2026-06-02 07:54:59] FAIL lit_fossen_2012: curl=22; web=Exception calling "DownloadFile" with "2" argument(s): "The remote server returned an error: (403) Forbidden."
[2026-06-02 07:54:59] GET lit_molland_book: https://www.routledge.com/Maritime-Engineering-Ship-Design/Molland/p/book/9780750665275
[2026-06-02 07:55:04] Retry 1/8 for lit_molland_book after 5s: curl=22; web=Exception calling "DownloadFile" with "2" argument(s): "The request was aborted: The connection was closed unexpectedly."
[2026-06-02 07:55:13] Retry 2/8 for lit_molland_book after 15s: curl=22; web=Exception calling "DownloadFile" with "2" argument(s): "The request was aborted: The connection was closed unexpectedly."
[2026-06-02 07:55:31] Retry 3/8 for lit_molland_book after 30s: curl=22; web=Exception calling "DownloadFile" with "2" argument(s): "The request was aborted: The connection was closed unexpectedly."
[2026-06-02 07:56:05] Retry 4/8 for lit_molland_book after 60s: curl=22; web=Exception calling "DownloadFile" with "2" argument(s): "The request was aborted: The connection was closed unexpectedly."
[2026-06-02 07:57:09] Retry 5/8 for lit_molland_book after 90s: curl=22; web=Exception calling "DownloadFile" with "2" argument(s): "The request was aborted: The connection was closed unexpectedly."
[2026-06-02 07:58:43] Retry 6/8 for lit_molland_book after 120s: curl=22; web=Exception calling "DownloadFile" with "2" argument(s): "The request was aborted: The connection was closed unexpectedly."
[2026-06-02 08:00:48] Retry 7/8 for lit_molland_book after 120s: curl=22; web=Exception calling "DownloadFile" with "2" argument(s): "The request was aborted: The connection was closed unexpectedly."
[2026-06-02 08:02:51] Retry 8/8 for lit_molland_book after 180s: curl=35; web=Exception calling "DownloadFile" with "2" argument(s): "The request was aborted: The connection was closed unexpectedly."
[2026-06-02 08:05:52] FAIL lit_molland_book: curl=35; web=Exception calling "DownloadFile" with "2" argument(s): "The request was aborted: The connection was closed unexpectedly."
[2026-06-02 08:05:52] SKIP git ok: code_pdstrip
[2026-06-02 08:05:52] SKIP git ok: code_hams
[2026-06-02 08:05:52] SKIP git ok: code_bemrosetta
[2026-06-02 08:05:52] SKIP git ok: code_ow3d
[2026-06-02 08:05:52] SKIP git ok: code_openplaning
[2026-06-02 08:05:52] SKIP git ok: code_binder_openplaning
[2026-06-02 08:05:52] SKIP git ok: code_mmgdynamics
[2026-06-02 08:05:52] SKIP git ok: code_shipmmg
[2026-06-02 08:05:52] SKIP git ok: code_nemoh
[2026-06-02 08:05:52] SKIP git ok: code_capytaine
[2026-06-02 08:05:52] SKIP git ok: code_mss_tools
[2026-06-02 08:05:52] SKIP git ok: code_python_vehicle
[2026-06-02 08:05:52] SKIP ok: data_kcs_index
[2026-06-02 08:05:52] SKIP ok: data_kcs_hull_zip
[2026-06-02 08:05:52] SKIP ok: data_kcs_rudder_zip
[2026-06-02 08:05:52] SKIP ok: data_kcs_prop_zip
[2026-06-02 08:05:52] SKIP ok: data_kcs_case211_zip
[2026-06-02 08:05:52] SKIP ok: data_delft372_report
[2026-06-02 08:05:52] GET data_delft372_strath: https://strathprints.strath.ac.uk/82218/1/Duman_Bal_OE_2022_Turn_and_zigzag_manoeuvres_of_Delft_catamaran_372_using_CFD_based_system_simulation_method.pdf
[2026-06-02 08:05:57] Retry 1/8 for data_delft372_strath after 5s: curl=22; web=Exception calling "DownloadFile" with "2" argument(s): "The remote server returned an error: (404) Not Found."
[2026-06-02 08:06:08] Retry 2/8 for data_delft372_strath after 15s: curl=22; web=Exception calling "DownloadFile" with "2" argument(s): "The remote server returned an error: (404) Not Found."
[2026-06-02 08:06:27] Retry 3/8 for data_delft372_strath after 30s: curl=22; web=Exception calling "DownloadFile" with "2" argument(s): "The remote server returned an error: (404) Not Found."
[2026-06-02 08:07:01] Retry 4/8 for data_delft372_strath after 60s: curl=22; web=Exception calling "DownloadFile" with "2" argument(s): "The remote server returned an error: (404) Not Found."
[2026-06-02 08:08:05] Retry 5/8 for data_delft372_strath after 90s: curl=22; web=Exception calling "DownloadFile" with "2" argument(s): "The remote server returned an error: (404) Not Found."
[2026-06-02 08:09:39] Retry 6/8 for data_delft372_strath after 120s: curl=22; web=Exception calling "DownloadFile" with "2" argument(s): "The remote server returned an error: (404) Not Found."
[2026-06-02 08:11:43] Retry 7/8 for data_delft372_strath after 120s: curl=35; web=Exception calling "DownloadFile" with "2" argument(s): "The remote server returned an error: (404) Not Found."
[2026-06-02 08:13:50] Retry 8/8 for data_delft372_strath after 180s: curl=22; web=Exception calling "DownloadFile" with "2" argument(s): "The remote server returned an error: (404) Not Found."
[2026-06-02 08:16:50] FAIL data_delft372_strath: curl=22; web=Exception calling "DownloadFile" with "2" argument(s): "The remote server returned an error: (404) Not Found."
[2026-06-02 08:17:35] SKIP ok: fossen_mss_index
[2026-06-02 08:17:35] SKIP ok: fossen_pvs
[2026-06-02 08:17:35] SUMMARY ok=29 paywall=8 failed=4 pending=3
SUMMARY ok=29 paywall=8 failed=4 pending=3
Retry 7 items in 60s...
=== Round 7 / 20 ===
[2026-06-02 08:18:36] === download_all.ps1 start (early_stage_materials) ===
[2026-06-02 08:18:36] RESET failed->pending: lit_molland_book
[2026-06-02 08:18:36] RESET failed->pending: pip_capytaine
[2026-06-02 08:18:36] RESET failed->pending: data_delft372_strath
[2026-06-02 08:18:36] SKIP ok: lit_stf_1970
[2026-06-02 08:18:36] SKIP ok: lit_faltinsen_sea_loads
[2026-06-02 08:18:36] SKIP ok: lit_faltinsen_hsmv_preview
[2026-06-02 08:18:41] GET lit_ma_2005: https://doi.org/10.1016/j.oceaneng.2004.08.012
[2026-06-02 08:18:47] FAIL lit_ma_2005: 
[2026-06-02 08:18:47] GET lit_arribas_2006: https://doi.org/10.1016/j.oceaneng.2005.09.008
[2026-06-02 08:18:50] FAIL lit_arribas_2006: 
[2026-06-02 08:18:50] GET lit_kring_1994: https://dspace.mit.edu/bitstream/handle/1721.1/11939/31384162-MIT.pdf?sequence=2&isAllowed=y
[2026-06-02 08:18:54] Retry 1/8 for lit_kring_1994 after 5s: curl=22; web=Exception calling "DownloadFile" with "2" argument(s): "The remote server returned an error: (404) Not Found."
[2026-06-02 08:19:02] Retry 2/8 for lit_kring_1994 after 15s: curl=22; web=Exception calling "DownloadFile" with "2" argument(s): "The remote server returned an error: (404) Not Found."
[2026-06-02 08:19:21] Retry 3/8 for lit_kring_1994 after 30s: curl=22; web=Exception calling "DownloadFile" with "2" argument(s): "The remote server returned an error: (404) Not Found."
[2026-06-02 08:19:54] Retry 4/8 for lit_kring_1994 after 60s: curl=22; web=Exception calling "DownloadFile" with "2" argument(s): "The remote server returned an error: (404) Not Found."
[2026-06-02 08:20:58] Retry 5/8 for lit_kring_1994 after 90s: curl=22; web=Exception calling "DownloadFile" with "2" argument(s): "The remote server returned an error: (404) Not Found."
[2026-06-02 08:22:32] Retry 6/8 for lit_kring_1994 after 120s: curl=22; web=Exception calling "DownloadFile" with "2" argument(s): "The remote server returned an error: (404) Not Found."
[2026-06-02 08:24:35] Retry 7/8 for lit_kring_1994 after 120s: curl=22; web=Exception calling "DownloadFile" with "2" argument(s): "The remote server returned an error: (404) Not Found."
[2026-06-02 08:26:39] Retry 8/8 for lit_kring_1994 after 180s: curl=22; web=Exception calling "DownloadFile" with "2" argument(s): "The remote server returned an error: (404) Not Found."
[2026-06-02 08:29:39] GET lit_kring_1994: https://web.archive.org/web/2020/https://dspace.mit.edu/bitstream/handle/1721.1/11939/31384162-MIT.pdf?sequence=2&isAllowed=y
[2026-06-02 08:29:44] Retry 1/8 for lit_kring_1994 after 5s: curl=22; web=Exception calling "DownloadFile" with "2" argument(s): "The request was aborted: The connection was closed unexpectedly."
[2026-06-02 08:29:52] Retry 2/8 for lit_kring_1994 after 15s: curl=22; web=Exception calling "DownloadFile" with "2" argument(s): "The request was aborted: The connection was closed unexpectedly."
[2026-06-02 08:30:11] Retry 3/8 for lit_kring_1994 after 30s: curl=22; web=Exception calling "DownloadFile" with "2" argument(s): "The request was aborted: The connection was closed unexpectedly."
[2026-06-02 08:30:45] Retry 4/8 for lit_kring_1994 after 60s: curl=22; web=Exception calling "DownloadFile" with "2" argument(s): "The request was aborted: The connection was closed unexpectedly."
[2026-06-02 08:31:50] Retry 5/8 for lit_kring_1994 after 90s: curl=22; web=Exception calling "DownloadFile" with "2" argument(s): "The request was aborted: The connection was closed unexpectedly."
[2026-06-02 08:33:24] Retry 6/8 for lit_kring_1994 after 120s: curl=22; web=Exception calling "DownloadFile" with "2" argument(s): "The request was aborted: The connection was closed unexpectedly."
[2026-06-02 08:35:29] Retry 7/8 for lit_kring_1994 after 120s: curl=35; web=Exception calling "DownloadFile" with "2" argument(s): "The request was aborted: The connection was closed unexpectedly."
[2026-06-02 08:37:34] Retry 8/8 for lit_kring_1994 after 180s: curl=22; web=Exception calling "DownloadFile" with "2" argument(s): "The request was aborted: The connection was closed unexpectedly."
[2026-06-02 08:40:34] GET lit_kring_1994: https://core.ac.uk/download/pdf/48633506.pdf
[2026-06-02 08:40:43] Retry 1/8 for lit_kring_1994 after 5s: curl=22; web=Exception calling "DownloadFile" with "2" argument(s): "The remote server returned an error: (404) Not Found."
[2026-06-02 08:40:53] Retry 2/8 for lit_kring_1994 after 15s: curl=22; web=Exception calling "DownloadFile" with "2" argument(s): "The remote server returned an error: (404) Not Found."
[2026-06-02 08:41:12] Retry 3/8 for lit_kring_1994 after 30s: curl=22; web=Exception calling "DownloadFile" with "2" argument(s): "The remote server returned an error: (404) Not Found."
[2026-06-02 08:41:47] Retry 4/8 for lit_kring_1994 after 60s: curl=22; web=Exception calling "DownloadFile" with "2" argument(s): "The remote server returned an error: (404) Not Found."
[2026-06-02 08:42:51] Retry 5/8 for lit_kring_1994 after 90s: curl=22; web=Exception calling "DownloadFile" with "2" argument(s): "The remote server returned an error: (404) Not Found."
[2026-06-02 08:44:26] Retry 6/8 for lit_kring_1994 after 120s: curl=22; web=Exception calling "DownloadFile" with "2" argument(s): "The remote server returned an error: (404) Not Found."
[2026-06-02 08:46:33] Retry 7/8 for lit_kring_1994 after 120s: curl=22; web=Exception calling "DownloadFile" with "2" argument(s): "The remote server returned an error: (404) Not Found."
[2026-06-02 08:48:40] Retry 8/8 for lit_kring_1994 after 180s: curl=22; web=Exception calling "DownloadFile" with "2" argument(s): "The remote server returned an error: (404) Not Found."
[2026-06-02 08:51:40] GET lit_kring_1994: http://hdl.handle.net/1721.1/11939
[2026-06-02 08:51:45] FAIL lit_kring_1994: 
[2026-06-02 08:51:47] GET lit_donatini_2022: https://doi.org/10.1016/j.oceaneng.2022.112222
[2026-06-02 08:51:50] FAIL lit_donatini_2022: 
[2026-06-02 08:51:50] SKIP ok: lit_bailey_npl
[2026-06-02 08:51:50] SKIP ok: lit_mercier_savitsky_1973
[2026-06-02 08:51:50] GET lit_compton_1986: https://onepetro.org/mtsn/article-pdf/23/04/345/2199243/sname-mtsn-1986-23-4-345.pdf
[2026-06-02 08:51:54] Retry 1/8 for lit_compton_1986 after 5s: curl=22; web=Exception calling "DownloadFile" with "2" argument(s): "The remote server returned an error: (403) Forbidden."
[2026-06-02 08:52:01] Retry 2/8 for lit_compton_1986 after 15s: curl=22; web=Exception calling "DownloadFile" with "2" argument(s): "The remote server returned an error: (403) Forbidden."
[2026-06-02 08:52:18] Retry 3/8 for lit_compton_1986 after 30s: curl=22; web=Exception calling "DownloadFile" with "2" argument(s): "The remote server returned an error: (403) Forbidden."
[2026-06-02 08:52:52] Retry 4/8 for lit_compton_1986 after 60s: curl=35; web=Exception calling "DownloadFile" with "2" argument(s): "The remote server returned an error: (403) Forbidden."
[2026-06-02 08:53:54] Retry 5/8 for lit_compton_1986 after 90s: curl=22; web=Exception calling "DownloadFile" with "2" argument(s): "The remote server returned an error: (403) Forbidden."
[2026-06-02 08:55:26] Retry 6/8 for lit_compton_1986 after 120s: curl=22; web=Exception calling "DownloadFile" with "2" argument(s): "The remote server returned an error: (403) Forbidden."
[2026-06-02 08:57:29] Retry 7/8 for lit_compton_1986 after 120s: curl=22; web=Exception calling "DownloadFile" with "2" argument(s): "The remote server returned an error: (403) Forbidden."
[2026-06-02 08:59:31] Retry 8/8 for lit_compton_1986 after 180s: curl=22; web=Exception calling "DownloadFile" with "2" argument(s): "The remote server returned an error: (403) Forbidden."
[2026-06-02 09:02:31] GET lit_compton_1986: https://web.archive.org/web/2019/https://onepetro.org/mtsn/article-pdf/23/04/345/2199243/sname-mtsn-1986-23-4-345.pdf
[2026-06-02 09:02:37] FAIL lit_compton_1986: 
[2026-06-02 09:02:37] GET lit_savitsky_preplaning: https://doi.org/10.1063/1.5143123
[2026-06-02 09:02:41] Retry 1/8 for lit_savitsky_preplaning after 5s: curl=35; web=Exception calling "DownloadFile" with "2" argument(s): "The remote server returned an error: (404) Not Found."
[2026-06-02 09:02:49] Retry 2/8 for lit_savitsky_preplaning after 15s: curl=22; web=Exception calling "DownloadFile" with "2" argument(s): "The remote server returned an error: (404) Not Found."
[2026-06-02 09:03:05] Retry 3/8 for lit_savitsky_preplaning after 30s: curl=22; web=Exception calling "DownloadFile" with "2" argument(s): "The remote server returned an error: (404) Not Found."
[2026-06-02 09:03:37] Retry 4/8 for lit_savitsky_preplaning after 60s: curl=22; web=Exception calling "DownloadFile" with "2" argument(s): "The remote server returned an error: (404) Not Found."
[2026-06-02 09:04:39] Retry 5/8 for lit_savitsky_preplaning after 90s: curl=22; web=Exception calling "DownloadFile" with "2" argument(s): "The remote server returned an error: (404) Not Found."
[2026-06-02 09:06:11] Retry 6/8 for lit_savitsky_preplaning after 120s: curl=22; web=Exception calling "DownloadFile" with "2" argument(s): "The remote server returned an error: (404) Not Found."
[2026-06-02 09:08:14] Retry 7/8 for lit_savitsky_preplaning after 120s: curl=22; web=Exception calling "DownloadFile" with "2" argument(s): "The remote server returned an error: (404) Not Found."
[2026-06-02 09:10:17] Retry 8/8 for lit_savitsky_preplaning after 180s: curl=22; web=Exception calling "DownloadFile" with "2" argument(s): "The remote server returned an error: (404) Not Found."
[2026-06-02 09:13:17] FAIL lit_savitsky_preplaning: curl=22; web=Exception calling "DownloadFile" with "2" argument(s): "The remote server returned an error: (404) Not Found."
[2026-06-02 09:13:21] GET lit_savitsky_1964: https://onepetro.org/MTSN/article/1/04/71/172383/Hydrodynamic-Design-of-Planing-Hulls
[2026-06-02 09:13:23] Retry 1/8 for lit_savitsky_1964 after 5s: curl=22; web=Exception calling "DownloadFile" with "2" argument(s): "The remote server returned an error: (403) Forbidden."
[2026-06-02 09:13:33] Retry 2/8 for lit_savitsky_1964 after 15s: curl=22; web=Exception calling "DownloadFile" with "2" argument(s): "The remote server returned an error: (403) Forbidden."
[2026-06-02 09:13:55] Retry 3/8 for lit_savitsky_1964 after 30s: curl=22; web=Exception calling "DownloadFile" with "2" argument(s): "The remote server returned an error: (403) Forbidden."
[2026-06-02 09:14:27] Retry 4/8 for lit_savitsky_1964 after 60s: curl=22; web=Exception calling "DownloadFile" with "2" argument(s): "The remote server returned an error: (403) Forbidden."
[2026-06-02 09:15:30] Retry 5/8 for lit_savitsky_1964 after 90s: curl=22; web=Exception calling "DownloadFile" with "2" argument(s): "The remote server returned an error: (403) Forbidden."
[2026-06-02 09:17:26] Retry 6/8 for lit_savitsky_1964 after 120s: curl=22; web=Exception calling "DownloadFile" with "2" argument(s): "The remote server returned an error: (403) Forbidden."
[2026-06-02 09:19:46] Retry 7/8 for lit_savitsky_1964 after 120s: curl=22; web=Exception calling "DownloadFile" with "2" argument(s): "The remote server returned an error: (403) Forbidden."
[2026-06-02 09:21:48] Retry 8/8 for lit_savitsky_1964 after 180s: curl=22; web=Exception calling "DownloadFile" with "2" argument(s): "The remote server returned an error: (403) Forbidden."
[2026-06-02 09:24:48] GET lit_savitsky_1964: https://web.archive.org/web/2020/https://onepetro.org/MTSN/article/1/04/71/172383/Hydrodynamic-Design-of-Planing-Hulls
[2026-06-02 09:24:54] SKIP ok: lit_fridsma
[2026-06-02 09:24:54] SKIP ok: lit_savitsky_brown_1976
[2026-06-02 09:24:54] SKIP ok: lit_zhao_water_entry
[2026-06-02 09:24:57] GET lit_sun_faltinsen_2010: https://doi.org/10.2514/1.44717
[2026-06-02 09:24:59] Retry 1/8 for lit_sun_faltinsen_2010 after 5s: curl=22; web=Exception calling "DownloadFile" with "2" argument(s): "The remote server returned an error: (404) Not Found."
[2026-06-02 09:25:06] Retry 2/8 for lit_sun_faltinsen_2010 after 15s: curl=22; web=Exception calling "DownloadFile" with "2" argument(s): "The remote server returned an error: (404) Not Found."
[2026-06-02 09:25:26] Retry 3/8 for lit_sun_faltinsen_2010 after 30s: curl=22; web=Exception calling "DownloadFile" with "2" argument(s): "The remote server returned an error: (404) Not Found."
[2026-06-02 09:25:58] Retry 4/8 for lit_sun_faltinsen_2010 after 60s: curl=22; web=Exception calling "DownloadFile" with "2" argument(s): "The remote server returned an error: (404) Not Found."
[2026-06-02 09:26:59] Retry 5/8 for lit_sun_faltinsen_2010 after 90s: curl=22; web=Exception calling "DownloadFile" with "2" argument(s): "The remote server returned an error: (404) Not Found."
[2026-06-02 09:28:31] Retry 6/8 for lit_sun_faltinsen_2010 after 120s: curl=22; web=Exception calling "DownloadFile" with "2" argument(s): "The remote server returned an error: (404) Not Found."
[2026-06-02 09:30:35] Retry 7/8 for lit_sun_faltinsen_2010 after 120s: curl=22; web=Exception calling "DownloadFile" with "2" argument(s): "The remote server returned an error: (404) Not Found."
[2026-06-02 09:32:38] Retry 8/8 for lit_sun_faltinsen_2010 after 180s: curl=22; web=Exception calling "DownloadFile" with "2" argument(s): "The remote server returned an error: (404) Not Found."
[2026-06-02 09:35:38] FAIL lit_sun_faltinsen_2010: curl=22; web=Exception calling "DownloadFile" with "2" argument(s): "The remote server returned an error: (404) Not Found."
[2026-06-02 09:35:41] GET lit_planing_review_2024: https://doi.org/10.1016/j.oceaneng.2024.114383
[2026-06-02 09:35:43] Retry 1/8 for lit_planing_review_2024 after 5s: curl=22; web=Exception calling "DownloadFile" with "2" argument(s): "The remote server returned an error: (404) Not Found."
[2026-06-02 09:35:52] Retry 2/8 for lit_planing_review_2024 after 15s: curl=22; web=Exception calling "DownloadFile" with "2" argument(s): "The remote server returned an error: (404) Not Found."
[2026-06-02 09:36:08] Retry 3/8 for lit_planing_review_2024 after 30s: curl=22; web=Exception calling "DownloadFile" with "2" argument(s): "The remote server returned an error: (404) Not Found."
[2026-06-02 09:36:40] Retry 4/8 for lit_planing_review_2024 after 60s: curl=22; web=Exception calling "DownloadFile" with "2" argument(s): "The remote server returned an error: (404) Not Found."
[2026-06-02 09:37:42] Retry 5/8 for lit_planing_review_2024 after 90s: curl=22; web=Exception calling "DownloadFile" with "2" argument(s): "The remote server returned an error: (404) Not Found."
[2026-06-02 09:39:14] Retry 6/8 for lit_planing_review_2024 after 120s: curl=22; web=Exception calling "DownloadFile" with "2" argument(s): "The remote server returned an error: (404) Not Found."
[2026-06-02 09:41:48] Retry 7/8 for lit_planing_review_2024 after 120s: curl=22; web=Exception calling "DownloadFile" with "2" argument(s): "The remote server returned an error: (404) Not Found."
[2026-06-02 09:43:51] Retry 8/8 for lit_planing_review_2024 after 180s: curl=22; web=Exception calling "DownloadFile" with "2" argument(s): "The remote server returned an error: (404) Not Found."
[2026-06-02 09:46:51] GET lit_planing_review_2024: https://www.sciencedirect.com/science/article/pii/S0029801824003834
[2026-06-02 09:46:55] Retry 1/8 for lit_planing_review_2024 after 5s: curl=22; web=Exception calling "DownloadFile" with "2" argument(s): "The remote server returned an error: (403) Forbidden."
[2026-06-02 09:47:02] Retry 2/8 for lit_planing_review_2024 after 15s: curl=22; web=Exception calling "DownloadFile" with "2" argument(s): "The remote server returned an error: (403) Forbidden."
[2026-06-02 09:47:20] Retry 3/8 for lit_planing_review_2024 after 30s: curl=22; web=Exception calling "DownloadFile" with "2" argument(s): "The remote server returned an error: (403) Forbidden."
[2026-06-02 09:47:53] Retry 4/8 for lit_planing_review_2024 after 60s: curl=22; web=Exception calling "DownloadFile" with "2" argument(s): "The remote server returned an error: (403) Forbidden."
[2026-06-02 09:48:55] Retry 5/8 for lit_planing_review_2024 after 90s: curl=22; web=Exception calling "DownloadFile" with "2" argument(s): "The remote server returned an error: (403) Forbidden."
[2026-06-02 09:50:28] Retry 6/8 for lit_planing_review_2024 after 120s: curl=22; web=Exception calling "DownloadFile" with "2" argument(s): "The remote server returned an error: (403) Forbidden."
[2026-06-02 09:52:31] Retry 7/8 for lit_planing_review_2024 after 120s: curl=22; web=Exception calling "DownloadFile" with "2" argument(s): "The remote server returned an error: (403) Forbidden."
[2026-06-02 09:55:03] Retry 8/8 for lit_planing_review_2024 after 180s: curl=22; web=Exception calling "DownloadFile" with "2" argument(s): "The remote server returned an error: (403) Forbidden."
[2026-06-02 09:58:03] FAIL lit_planing_review_2024: curl=22; web=Exception calling "DownloadFile" with "2" argument(s): "The remote server returned an error: (403) Forbidden."
[2026-06-02 09:58:17] GET lit_fossen_2012: https://doi.org/10.1016/j.oceaneng.2012.09.012
[2026-06-02 09:58:21] GET lit_fossen_2012: https://folk.ntnu.no/thomas.fossen/pub/Fossen2012windwaves.pdf
[2026-06-02 09:58:26] Retry 1/8 for lit_fossen_2012 after 5s: curl=22; web=Exception calling "DownloadFile" with "2" argument(s): "The remote server returned an error: (404) Not Found."
[2026-06-02 09:58:35] Retry 2/8 for lit_fossen_2012 after 15s: curl=22; web=Exception calling "DownloadFile" with "2" argument(s): "The remote server returned an error: (404) Not Found."
[2026-06-02 09:59:33] Retry 3/8 for lit_fossen_2012 after 30s: curl=22; web=Exception calling "DownloadFile" with "2" argument(s): "The remote server returned an error: (404) Not Found."
[2026-06-02 10:00:07] Retry 4/8 for lit_fossen_2012 after 60s: curl=22; web=Exception calling "DownloadFile" with "2" argument(s): "The remote server returned an error: (404) Not Found."
[2026-06-02 10:01:11] Retry 5/8 for lit_fossen_2012 after 90s: curl=22; web=Exception calling "DownloadFile" with "2" argument(s): "The remote server returned an error: (404) Not Found."
[2026-06-02 10:02:45] Retry 6/8 for lit_fossen_2012 after 120s: curl=22; web=Exception calling "DownloadFile" with "2" argument(s): "The remote server returned an error: (404) Not Found."
[2026-06-02 10:04:49] Retry 7/8 for lit_fossen_2012 after 120s: curl=22; web=Exception calling "DownloadFile" with "2" argument(s): "The remote server returned an error: (404) Not Found."
[2026-06-02 10:06:53] Retry 8/8 for lit_fossen_2012 after 180s: curl=22; web=Exception calling "DownloadFile" with "2" argument(s): "The remote server returned an error: (404) Not Found."
[2026-06-02 10:09:53] GET lit_fossen_2012: https://folk.ntnu.no/thomas.fossen/pub/Fossen2012wind.pdf
[2026-06-02 10:09:58] Retry 1/8 for lit_fossen_2012 after 5s: curl=22; web=Exception calling "DownloadFile" with "2" argument(s): "The remote server returned an error: (404) Not Found."
[2026-06-02 10:10:06] Retry 2/8 for lit_fossen_2012 after 15s: curl=22; web=Exception calling "DownloadFile" with "2" argument(s): "The remote server returned an error: (404) Not Found."
[2026-06-02 10:10:28] Retry 3/8 for lit_fossen_2012 after 30s: curl=22; web=Exception calling "DownloadFile" with "2" argument(s): "The remote server returned an error: (404) Not Found."
[2026-06-02 10:11:04] Retry 4/8 for lit_fossen_2012 after 60s: curl=22; web=Exception calling "DownloadFile" with "2" argument(s): "The remote server returned an error: (404) Not Found."
[2026-06-02 10:12:08] Retry 5/8 for lit_fossen_2012 after 90s: curl=22; web=Exception calling "DownloadFile" with "2" argument(s): "The remote server returned an error: (404) Not Found."
[2026-06-02 10:13:42] Retry 6/8 for lit_fossen_2012 after 120s: curl=22; web=Exception calling "DownloadFile" with "2" argument(s): "The remote server returned an error: (404) Not Found."
[2026-06-02 10:15:46] Retry 7/8 for lit_fossen_2012 after 120s: curl=22; web=Exception calling "DownloadFile" with "2" argument(s): "The remote server returned an error: (404) Not Found."
[2026-06-02 10:17:50] Retry 8/8 for lit_fossen_2012 after 180s: curl=22; web=Exception calling "DownloadFile" with "2" argument(s): "The remote server returned an error: (404) Not Found."
[2026-06-02 10:20:50] GET lit_fossen_2012: https://www.researchgate.net/profile/Thor-Fossen/publication/257623456_How_to_incorporate_wind_waves_and_ocean_currents_in_the_marine_craft_equations_of_motion/links/0deec53c8c0c5e0e3c000000/How-to-incorporate-wind-waves-and-ocean-currents-in-the-marine-craft-equations-of-motion.pdf
[2026-06-02 10:21:25] Retry 1/8 for lit_fossen_2012 after 5s: curl=22; web=Exception calling "DownloadFile" with "2" argument(s): "The remote server returned an error: (403) Forbidden."
[2026-06-02 10:21:33] Retry 2/8 for lit_fossen_2012 after 15s: curl=35; web=Exception calling "DownloadFile" with "2" argument(s): "The remote server returned an error: (403) Forbidden."
[2026-06-02 10:22:02] Retry 3/8 for lit_fossen_2012 after 30s: curl=22; web=Exception calling "DownloadFile" with "2" argument(s): "The remote server returned an error: (403) Forbidden."
[2026-06-02 10:22:36] Retry 4/8 for lit_fossen_2012 after 60s: curl=22; web=Exception calling "DownloadFile" with "2" argument(s): "The remote server returned an error: (403) Forbidden."
[2026-06-02 10:23:39] Retry 5/8 for lit_fossen_2012 after 90s: curl=22; web=Exception calling "DownloadFile" with "2" argument(s): "The remote server returned an error: (403) Forbidden."
[2026-06-02 10:25:11] Retry 6/8 for lit_fossen_2012 after 120s: curl=22; web=Exception calling "DownloadFile" with "2" argument(s): "The remote server returned an error: (403) Forbidden."
[2026-06-02 10:27:15] Retry 7/8 for lit_fossen_2012 after 120s: curl=22; web=Exception calling "DownloadFile" with "2" argument(s): "The remote server returned an error: (403) Forbidden."
[2026-06-02 10:29:17] Retry 8/8 for lit_fossen_2012 after 180s: curl=22; web=Exception calling "DownloadFile" with "2" argument(s): "The remote server returned an error: (403) Forbidden."
[2026-06-02 10:32:17] FAIL lit_fossen_2012: curl=22; web=Exception calling "DownloadFile" with "2" argument(s): "The remote server returned an error: (403) Forbidden."
[2026-06-02 10:32:17] GET lit_molland_book: https://www.routledge.com/Maritime-Engineering-Ship-Design/Molland/p/book/9780750665275
[2026-06-02 10:32:28] Retry 1/8 for lit_molland_book after 5s: curl=22; web=Exception calling "DownloadFile" with "2" argument(s): "The request was aborted: The connection was closed unexpectedly."
[2026-06-02 10:32:46] Retry 2/8 for lit_molland_book after 15s: curl=22; web=Exception calling "DownloadFile" with "2" argument(s): "The request was aborted: The connection was closed unexpectedly."
[2026-06-02 10:33:12] Retry 3/8 for lit_molland_book after 30s: curl=22; web=Exception calling "DownloadFile" with "2" argument(s): "The request was aborted: The connection was closed unexpectedly."
[2026-06-02 10:33:45] Retry 4/8 for lit_molland_book after 60s: curl=22; web=Exception calling "DownloadFile" with "2" argument(s): "The request was aborted: The connection was closed unexpectedly."
[2026-06-02 10:34:49] Retry 5/8 for lit_molland_book after 90s: curl=22; web=Exception calling "DownloadFile" with "2" argument(s): "The request was aborted: The connection was closed unexpectedly."
[2026-06-02 10:36:30] Retry 6/8 for lit_molland_book after 120s: curl=22; web=Exception calling "DownloadFile" with "2" argument(s): "The request was aborted: The connection was closed unexpectedly."
[2026-06-02 10:38:40] Retry 7/8 for lit_molland_book after 120s: curl=22; web=Exception calling "DownloadFile" with "2" argument(s): "The request was aborted: The connection was closed unexpectedly."
[2026-06-02 10:40:50] Retry 8/8 for lit_molland_book after 180s: curl=22; web=Exception calling "DownloadFile" with "2" argument(s): "The request was aborted: The connection was closed unexpectedly."
[2026-06-02 10:43:50] FAIL lit_molland_book: curl=22; web=Exception calling "DownloadFile" with "2" argument(s): "The request was aborted: The connection was closed unexpectedly."
[2026-06-02 10:43:50] SKIP git ok: code_pdstrip
[2026-06-02 10:43:50] SKIP git ok: code_hams
[2026-06-02 10:43:50] SKIP git ok: code_bemrosetta
[2026-06-02 10:43:50] SKIP git ok: code_ow3d
[2026-06-02 10:43:50] SKIP git ok: code_openplaning
[2026-06-02 10:43:50] SKIP git ok: code_binder_openplaning
[2026-06-02 10:43:50] SKIP git ok: code_mmgdynamics
[2026-06-02 10:43:50] SKIP git ok: code_shipmmg
[2026-06-02 10:43:50] SKIP git ok: code_nemoh
[2026-06-02 10:43:51] SKIP git ok: code_capytaine
[2026-06-02 10:43:51] SKIP git ok: code_mss_tools
[2026-06-02 10:43:51] SKIP git ok: code_python_vehicle
[2026-06-02 10:43:51] SKIP ok: data_kcs_index
[2026-06-02 10:43:51] SKIP ok: data_kcs_hull_zip
[2026-06-02 10:43:51] SKIP ok: data_kcs_rudder_zip
[2026-06-02 10:43:51] SKIP ok: data_kcs_prop_zip
[2026-06-02 10:43:51] SKIP ok: data_kcs_case211_zip
[2026-06-02 10:43:51] SKIP ok: data_delft372_report
[2026-06-02 10:43:51] GET data_delft372_strath: https://strathprints.strath.ac.uk/82218/1/Duman_Bal_OE_2022_Turn_and_zigzag_manoeuvres_of_Delft_catamaran_372_using_CFD_based_system_simulation_method.pdf
[2026-06-02 10:44:20] Retry 1/8 for data_delft372_strath after 5s: curl=56; web=Exception calling "DownloadFile" with "2" argument(s): "The remote server returned an error: (404) Not Found."
[2026-06-02 10:44:32] Retry 2/8 for data_delft372_strath after 15s: curl=22; web=Exception calling "DownloadFile" with "2" argument(s): "The remote server returned an error: (404) Not Found."
[2026-06-02 10:44:52] Retry 3/8 for data_delft372_strath after 30s: curl=22; web=Exception calling "DownloadFile" with "2" argument(s): "The remote server returned an error: (404) Not Found."
[2026-06-02 10:45:27] Retry 4/8 for data_delft372_strath after 60s: curl=22; web=Exception calling "DownloadFile" with "2" argument(s): "The remote server returned an error: (404) Not Found."
[2026-06-02 10:46:31] Retry 5/8 for data_delft372_strath after 90s: curl=22; web=Exception calling "DownloadFile" with "2" argument(s): "The remote server returned an error: (404) Not Found."
[2026-06-02 10:48:49] Retry 6/8 for data_delft372_strath after 120s: curl=22; web=Exception calling "DownloadFile" with "2" argument(s): "The remote server returned an error: (404) Not Found."
[2026-06-02 10:51:26] Retry 7/8 for data_delft372_strath after 120s: curl=22; web=Exception calling "DownloadFile" with "2" argument(s): "The underlying connection was closed: An unexpected error occurred on a send."
[2026-06-02 10:53:41] Retry 8/8 for data_delft372_strath after 180s: curl=35; web=Exception calling "DownloadFile" with "2" argument(s): "The remote server returned an error: (404) Not Found."
[2026-06-02 10:56:41] FAIL data_delft372_strath: curl=35; web=Exception calling "DownloadFile" with "2" argument(s): "The remote server returned an error: (404) Not Found."
[2026-06-02 10:57:28] SKIP ok: fossen_mss_index
[2026-06-02 10:57:28] SKIP ok: fossen_pvs
[2026-06-02 10:57:29] SUMMARY ok=29 paywall=8 failed=4 pending=3
SUMMARY ok=29 paywall=8 failed=4 pending=3
Retry 7 items in 60s...
=== Round 8 / 20 ===
[2026-06-02 10:58:30] === download_all.ps1 start (early_stage_materials) ===
[2026-06-02 10:58:30] RESET failed->pending: lit_molland_book
[2026-06-02 10:58:30] RESET failed->pending: pip_capytaine
[2026-06-02 10:58:30] RESET failed->pending: data_delft372_strath
[2026-06-02 10:58:30] SKIP ok: lit_stf_1970
[2026-06-02 10:58:30] SKIP ok: lit_faltinsen_sea_loads
[2026-06-02 10:58:30] SKIP ok: lit_faltinsen_hsmv_preview
[2026-06-02 10:59:00] GET lit_ma_2005: https://doi.org/10.1016/j.oceaneng.2004.08.012
[2026-06-02 10:59:10] FAIL lit_ma_2005: 
[2026-06-02 10:59:37] GET lit_arribas_2006: https://doi.org/10.1016/j.oceaneng.2005.09.008
[2026-06-02 10:59:46] FAIL lit_arribas_2006: 
[2026-06-02 10:59:46] GET lit_kring_1994: https://dspace.mit.edu/bitstream/handle/1721.1/11939/31384162-MIT.pdf?sequence=2&isAllowed=y
[2026-06-02 10:59:50] Retry 1/8 for lit_kring_1994 after 5s: curl=22; web=Exception calling "DownloadFile" with "2" argument(s): "The remote server returned an error: (404) Not Found."
[2026-06-02 10:59:58] Retry 2/8 for lit_kring_1994 after 15s: curl=22; web=Exception calling "DownloadFile" with "2" argument(s): "The remote server returned an error: (404) Not Found."
[2026-06-02 11:00:16] Retry 3/8 for lit_kring_1994 after 30s: curl=22; web=Exception calling "DownloadFile" with "2" argument(s): "The remote server returned an error: (404) Not Found."
[2026-06-02 11:01:17] Retry 4/8 for lit_kring_1994 after 60s: curl=22; web=Exception calling "DownloadFile" with "2" argument(s): "The remote server returned an error: (404) Not Found."
[2026-06-02 11:02:22] Retry 5/8 for lit_kring_1994 after 90s: curl=22; web=Exception calling "DownloadFile" with "2" argument(s): "The remote server returned an error: (404) Not Found."
[2026-06-02 11:03:57] Retry 6/8 for lit_kring_1994 after 120s: curl=22; web=Exception calling "DownloadFile" with "2" argument(s): "The remote server returned an error: (404) Not Found."
[2026-06-02 11:06:01] Retry 7/8 for lit_kring_1994 after 120s: curl=22; web=Exception calling "DownloadFile" with "2" argument(s): "The remote server returned an error: (404) Not Found."
[2026-06-02 11:08:05] Retry 8/8 for lit_kring_1994 after 180s: curl=22; web=Exception calling "DownloadFile" with "2" argument(s): "The remote server returned an error: (404) Not Found."
[2026-06-02 11:11:05] GET lit_kring_1994: https://web.archive.org/web/2020/https://dspace.mit.edu/bitstream/handle/1721.1/11939/31384162-MIT.pdf?sequence=2&isAllowed=y
[2026-06-02 11:11:11] Retry 1/8 for lit_kring_1994 after 5s: curl=22; web=Exception calling "DownloadFile" with "2" argument(s): "The request was aborted: The connection was closed unexpectedly."
[2026-06-02 11:11:20] Retry 2/8 for lit_kring_1994 after 15s: curl=35; web=Exception calling "DownloadFile" with "2" argument(s): "The request was aborted: The connection was closed unexpectedly."
[2026-06-02 11:11:38] Retry 3/8 for lit_kring_1994 after 30s: curl=22; web=Exception calling "DownloadFile" with "2" argument(s): "The request was aborted: The connection was closed unexpectedly."
[2026-06-02 11:12:12] Retry 4/8 for lit_kring_1994 after 60s: curl=22; web=Exception calling "DownloadFile" with "2" argument(s): "The request was aborted: The connection was closed unexpectedly."
[2026-06-02 11:13:17] Retry 5/8 for lit_kring_1994 after 90s: curl=22; web=Exception calling "DownloadFile" with "2" argument(s): "The request was aborted: The connection was closed unexpectedly."
[2026-06-02 11:14:51] Retry 6/8 for lit_kring_1994 after 120s: curl=22; web=Exception calling "DownloadFile" with "2" argument(s): "The request was aborted: The connection was closed unexpectedly."
[2026-06-02 11:17:02] Retry 7/8 for lit_kring_1994 after 120s: curl=22; web=Exception calling "DownloadFile" with "2" argument(s): "The request was aborted: The connection was closed unexpectedly."
[2026-06-02 11:19:18] Retry 8/8 for lit_kring_1994 after 180s: curl=22; web=Exception calling "DownloadFile" with "2" argument(s): "The request was aborted: The connection was closed unexpectedly."
[2026-06-02 11:22:18] GET lit_kring_1994: https://core.ac.uk/download/pdf/48633506.pdf
[2026-06-02 11:22:37] Retry 1/8 for lit_kring_1994 after 5s: curl=35; web=Exception calling "DownloadFile" with "2" argument(s): "The remote server returned an error: (404) Not Found."
[2026-06-02 11:22:47] Retry 2/8 for lit_kring_1994 after 15s: curl=22; web=Exception calling "DownloadFile" with "2" argument(s): "The remote server returned an error: (404) Not Found."
[2026-06-02 11:23:08] Retry 3/8 for lit_kring_1994 after 30s: curl=22; web=Exception calling "DownloadFile" with "2" argument(s): "The remote server returned an error: (404) Not Found."
[2026-06-02 11:23:58] Retry 4/8 for lit_kring_1994 after 60s: curl=22; web=Exception calling "DownloadFile" with "2" argument(s): "The remote server returned an error: (404) Not Found."
[2026-06-02 11:26:22] Retry 5/8 for lit_kring_1994 after 90s: curl=22; web=Exception calling "DownloadFile" with "2" argument(s): "The remote server returned an error: (404) Not Found."
[2026-06-02 11:28:03] Retry 6/8 for lit_kring_1994 after 120s: curl=22; web=Exception calling "DownloadFile" with "2" argument(s): "The remote server returned an error: (404) Not Found."
[2026-06-02 11:30:28] Retry 7/8 for lit_kring_1994 after 120s: curl=22; web=Exception calling "DownloadFile" with "2" argument(s): "The remote server returned an error: (404) Not Found."
[2026-06-02 11:32:35] Retry 8/8 for lit_kring_1994 after 180s: curl=22; web=Exception calling "DownloadFile" with "2" argument(s): "The remote server returned an error: (404) Not Found."
[2026-06-02 11:35:35] GET lit_kring_1994: http://hdl.handle.net/1721.1/11939
[2026-06-02 11:36:31] FAIL lit_kring_1994: 
[2026-06-02 11:36:33] GET lit_donatini_2022: https://doi.org/10.1016/j.oceaneng.2022.112222
[2026-06-02 11:36:39] FAIL lit_donatini_2022: 
[2026-06-02 11:36:39] SKIP ok: lit_bailey_npl
[2026-06-02 11:36:39] SKIP ok: lit_mercier_savitsky_1973
[2026-06-02 11:36:39] GET lit_compton_1986: https://onepetro.org/mtsn/article-pdf/23/04/345/2199243/sname-mtsn-1986-23-4-345.pdf
[2026-06-02 11:37:16] Retry 1/8 for lit_compton_1986 after 5s: curl=22; web=Exception calling "DownloadFile" with "2" argument(s): "The remote server returned an error: (403) Forbidden."
[2026-06-02 11:37:23] Retry 2/8 for lit_compton_1986 after 15s: curl=22; web=Exception calling "DownloadFile" with "2" argument(s): "The remote server returned an error: (403) Forbidden."
[2026-06-02 11:38:06] Retry 3/8 for lit_compton_1986 after 30s: curl=22; web=Exception calling "DownloadFile" with "2" argument(s): "The remote server returned an error: (403) Forbidden."
[2026-06-02 11:38:38] Retry 4/8 for lit_compton_1986 after 60s: curl=22; web=Exception calling "DownloadFile" with "2" argument(s): "The remote server returned an error: (403) Forbidden."
[2026-06-02 11:39:40] Retry 5/8 for lit_compton_1986 after 90s: curl=22; web=Exception calling "DownloadFile" with "2" argument(s): "The remote server returned an error: (403) Forbidden."
[2026-06-02 11:41:13] Retry 6/8 for lit_compton_1986 after 120s: curl=22; web=Exception calling "DownloadFile" with "2" argument(s): "The remote server returned an error: (403) Forbidden."
[2026-06-02 11:43:15] Retry 7/8 for lit_compton_1986 after 120s: curl=22; web=Exception calling "DownloadFile" with "2" argument(s): "The remote server returned an error: (403) Forbidden."
[2026-06-02 11:45:18] Retry 8/8 for lit_compton_1986 after 180s: curl=22; web=Exception calling "DownloadFile" with "2" argument(s): "The remote server returned an error: (403) Forbidden."
[2026-06-02 11:48:18] GET lit_compton_1986: https://web.archive.org/web/2019/https://onepetro.org/mtsn/article-pdf/23/04/345/2199243/sname-mtsn-1986-23-4-345.pdf
[2026-06-02 11:48:24] FAIL lit_compton_1986: 
[2026-06-02 11:48:24] GET lit_savitsky_preplaning: https://doi.org/10.1063/1.5143123
[2026-06-02 11:48:29] Retry 1/8 for lit_savitsky_preplaning after 5s: curl=22; web=Exception calling "DownloadFile" with "2" argument(s): "The remote server returned an error: (404) Not Found."
[2026-06-02 11:48:36] Retry 2/8 for lit_savitsky_preplaning after 15s: curl=22; web=Exception calling "DownloadFile" with "2" argument(s): "The remote server returned an error: (404) Not Found."
[2026-06-02 11:48:53] Retry 3/8 for lit_savitsky_preplaning after 30s: curl=22; web=Exception calling "DownloadFile" with "2" argument(s): "The remote server returned an error: (404) Not Found."
[2026-06-02 11:49:25] Retry 4/8 for lit_savitsky_preplaning after 60s: curl=22; web=Exception calling "DownloadFile" with "2" argument(s): "The remote server returned an error: (404) Not Found."
[2026-06-02 11:50:26] Retry 5/8 for lit_savitsky_preplaning after 90s: curl=22; web=Exception calling "DownloadFile" with "2" argument(s): "The remote server returned an error: (404) Not Found."
[2026-06-02 11:51:58] Retry 6/8 for lit_savitsky_preplaning after 120s: curl=22; web=Exception calling "DownloadFile" with "2" argument(s): "The remote server returned an error: (404) Not Found."
[2026-06-02 11:54:02] Retry 7/8 for lit_savitsky_preplaning after 120s: curl=22; web=Exception calling "DownloadFile" with "2" argument(s): "The remote server returned an error: (404) Not Found."
[2026-06-02 11:56:05] Retry 8/8 for lit_savitsky_preplaning after 180s: curl=22; web=Exception calling "DownloadFile" with "2" argument(s): "The remote server returned an error: (404) Not Found."
[2026-06-02 11:59:05] FAIL lit_savitsky_preplaning: curl=22; web=Exception calling "DownloadFile" with "2" argument(s): "The remote server returned an error: (404) Not Found."
[2026-06-02 11:59:08] GET lit_savitsky_1964: https://onepetro.org/MTSN/article/1/04/71/172383/Hydrodynamic-Design-of-Planing-Hulls
[2026-06-02 11:59:10] Retry 1/8 for lit_savitsky_1964 after 5s: curl=22; web=Exception calling "DownloadFile" with "2" argument(s): "The remote server returned an error: (403) Forbidden."
[2026-06-02 11:59:18] Retry 2/8 for lit_savitsky_1964 after 15s: curl=22; web=Exception calling "DownloadFile" with "2" argument(s): "The remote server returned an error: (403) Forbidden."
[2026-06-02 11:59:36] Retry 3/8 for lit_savitsky_1964 after 30s: curl=22; web=Exception calling "DownloadFile" with "2" argument(s): "The remote server returned an error: (403) Forbidden."
[2026-06-02 12:00:10] Retry 4/8 for lit_savitsky_1964 after 60s: curl=22; web=Exception calling "DownloadFile" with "2" argument(s): "The remote server returned an error: (403) Forbidden."
[2026-06-02 12:01:22] Retry 5/8 for lit_savitsky_1964 after 90s: curl=22; web=Exception calling "DownloadFile" with "2" argument(s): "The remote server returned an error: (403) Forbidden."
[2026-06-02 12:02:55] Retry 6/8 for lit_savitsky_1964 after 120s: curl=22; web=Exception calling "DownloadFile" with "2" argument(s): "The remote server returned an error: (403) Forbidden."
[2026-06-02 12:04:57] Retry 7/8 for lit_savitsky_1964 after 120s: curl=22; web=Exception calling "DownloadFile" with "2" argument(s): "The remote server returned an error: (403) Forbidden."
[2026-06-02 12:07:00] Retry 8/8 for lit_savitsky_1964 after 180s: curl=35; web=Exception calling "DownloadFile" with "2" argument(s): "The remote server returned an error: (403) Forbidden."
[2026-06-02 12:10:00] GET lit_savitsky_1964: https://web.archive.org/web/2020/https://onepetro.org/MTSN/article/1/04/71/172383/Hydrodynamic-Design-of-Planing-Hulls
[2026-06-02 12:10:05] SKIP ok: lit_fridsma
[2026-06-02 12:10:05] SKIP ok: lit_savitsky_brown_1976
[2026-06-02 12:10:05] SKIP ok: lit_zhao_water_entry
[2026-06-02 12:10:07] GET lit_sun_faltinsen_2010: https://doi.org/10.2514/1.44717
[2026-06-02 12:10:11] Retry 1/8 for lit_sun_faltinsen_2010 after 5s: curl=22; web=Exception calling "DownloadFile" with "2" argument(s): "The remote server returned an error: (404) Not Found."
[2026-06-02 12:10:18] Retry 2/8 for lit_sun_faltinsen_2010 after 15s: curl=22; web=Exception calling "DownloadFile" with "2" argument(s): "The remote server returned an error: (404) Not Found."
[2026-06-02 12:10:35] Retry 3/8 for lit_sun_faltinsen_2010 after 30s: curl=22; web=Exception calling "DownloadFile" with "2" argument(s): "The remote server returned an error: (404) Not Found."
[2026-06-02 12:11:07] Retry 4/8 for lit_sun_faltinsen_2010 after 60s: curl=22; web=Exception calling "DownloadFile" with "2" argument(s): "The remote server returned an error: (404) Not Found."
[2026-06-02 12:12:09] Retry 5/8 for lit_sun_faltinsen_2010 after 90s: curl=22; web=Exception calling "DownloadFile" with "2" argument(s): "The remote server returned an error: (404) Not Found."
[2026-06-02 12:13:41] Retry 6/8 for lit_sun_faltinsen_2010 after 120s: curl=22; web=Exception calling "DownloadFile" with "2" argument(s): "The remote server returned an error: (404) Not Found."
[2026-06-02 12:15:46] Retry 7/8 for lit_sun_faltinsen_2010 after 120s: curl=22; web=Exception calling "DownloadFile" with "2" argument(s): "The remote server returned an error: (404) Not Found."
[2026-06-02 12:17:49] Retry 8/8 for lit_sun_faltinsen_2010 after 180s: curl=22; web=Exception calling "DownloadFile" with "2" argument(s): "The remote server returned an error: (404) Not Found."
[2026-06-02 12:20:49] FAIL lit_sun_faltinsen_2010: curl=22; web=Exception calling "DownloadFile" with "2" argument(s): "The remote server returned an error: (404) Not Found."
[2026-06-02 12:20:52] GET lit_planing_review_2024: https://doi.org/10.1016/j.oceaneng.2024.114383
[2026-06-02 12:20:55] Retry 1/8 for lit_planing_review_2024 after 5s: curl=22; web=Exception calling "DownloadFile" with "2" argument(s): "The remote server returned an error: (404) Not Found."
[2026-06-02 12:21:02] Retry 2/8 for lit_planing_review_2024 after 15s: curl=22; web=Exception calling "DownloadFile" with "2" argument(s): "The remote server returned an error: (404) Not Found."
[2026-06-02 12:21:20] Retry 3/8 for lit_planing_review_2024 after 30s: curl=35; web=Exception calling "DownloadFile" with "2" argument(s): "The remote server returned an error: (404) Not Found."
[2026-06-02 12:21:52] Retry 4/8 for lit_planing_review_2024 after 60s: curl=22; web=Exception calling "DownloadFile" with "2" argument(s): "The remote server returned an error: (404) Not Found."
[2026-06-02 12:22:53] Retry 5/8 for lit_planing_review_2024 after 90s: curl=22; web=Exception calling "DownloadFile" with "2" argument(s): "The remote server returned an error: (404) Not Found."
[2026-06-02 12:24:25] Retry 6/8 for lit_planing_review_2024 after 120s: curl=22; web=Exception calling "DownloadFile" with "2" argument(s): "The remote server returned an error: (404) Not Found."
[2026-06-02 12:26:29] Retry 7/8 for lit_planing_review_2024 after 120s: curl=22; web=Exception calling "DownloadFile" with "2" argument(s): "The remote server returned an error: (404) Not Found."
[2026-06-02 12:28:33] Retry 8/8 for lit_planing_review_2024 after 180s: curl=22; web=Exception calling "DownloadFile" with "2" argument(s): "The remote server returned an error: (404) Not Found."
[2026-06-02 12:31:33] GET lit_planing_review_2024: https://www.sciencedirect.com/science/article/pii/S0029801824003834
[2026-06-02 12:31:37] Retry 1/8 for lit_planing_review_2024 after 5s: curl=22; web=Exception calling "DownloadFile" with "2" argument(s): "The remote server returned an error: (403) Forbidden."
[2026-06-02 12:31:45] Retry 2/8 for lit_planing_review_2024 after 15s: curl=22; web=Exception calling "DownloadFile" with "2" argument(s): "The remote server returned an error: (403) Forbidden."
[2026-06-02 12:32:03] Retry 3/8 for lit_planing_review_2024 after 30s: curl=22; web=Exception calling "DownloadFile" with "2" argument(s): "The remote server returned an error: (403) Forbidden."
[2026-06-02 12:32:37] Retry 4/8 for lit_planing_review_2024 after 60s: curl=22; web=Exception calling "DownloadFile" with "2" argument(s): "The remote server returned an error: (403) Forbidden."
[2026-06-02 12:33:40] Retry 5/8 for lit_planing_review_2024 after 90s: curl=22; web=Exception calling "DownloadFile" with "2" argument(s): "The remote server returned an error: (403) Forbidden."
[2026-06-02 12:35:15] Retry 6/8 for lit_planing_review_2024 after 120s: curl=22; web=Exception calling "DownloadFile" with "2" argument(s): "The remote server returned an error: (403) Forbidden."
[2026-06-02 12:37:20] Retry 7/8 for lit_planing_review_2024 after 120s: curl=22; web=Exception calling "DownloadFile" with "2" argument(s): "The remote server returned an error: (403) Forbidden."
[2026-06-02 12:39:22] Retry 8/8 for lit_planing_review_2024 after 180s: curl=22; web=Exception calling "DownloadFile" with "2" argument(s): "The remote server returned an error: (403) Forbidden."
[2026-06-02 12:42:22] FAIL lit_planing_review_2024: curl=22; web=Exception calling "DownloadFile" with "2" argument(s): "The remote server returned an error: (403) Forbidden."
[2026-06-02 12:42:25] GET lit_fossen_2012: https://doi.org/10.1016/j.oceaneng.2012.09.012
[2026-06-02 12:42:31] GET lit_fossen_2012: https://folk.ntnu.no/thomas.fossen/pub/Fossen2012windwaves.pdf
[2026-06-02 12:42:37] Retry 1/8 for lit_fossen_2012 after 5s: curl=22; web=Exception calling "DownloadFile" with "2" argument(s): "The remote server returned an error: (404) Not Found."
[2026-06-02 12:42:46] Retry 2/8 for lit_fossen_2012 after 15s: curl=22; web=Exception calling "DownloadFile" with "2" argument(s): "The remote server returned an error: (404) Not Found."
[2026-06-02 12:43:05] Retry 3/8 for lit_fossen_2012 after 30s: curl=22; web=Exception calling "DownloadFile" with "2" argument(s): "The remote server returned an error: (404) Not Found."
[2026-06-02 12:43:40] Retry 4/8 for lit_fossen_2012 after 60s: curl=22; web=Exception calling "DownloadFile" with "2" argument(s): "The remote server returned an error: (404) Not Found."
[2026-06-02 12:44:46] Retry 5/8 for lit_fossen_2012 after 90s: curl=22; web=Exception calling "DownloadFile" with "2" argument(s): "The remote server returned an error: (404) Not Found."
[2026-06-02 12:46:20] Retry 6/8 for lit_fossen_2012 after 120s: curl=22; web=Exception calling "DownloadFile" with "2" argument(s): "The remote server returned an error: (404) Not Found."
[2026-06-02 12:48:25] Retry 7/8 for lit_fossen_2012 after 120s: curl=22; web=Exception calling "DownloadFile" with "2" argument(s): "The remote server returned an error: (404) Not Found."
[2026-06-02 12:50:29] Retry 8/8 for lit_fossen_2012 after 180s: curl=22; web=Exception calling "DownloadFile" with "2" argument(s): "The remote server returned an error: (404) Not Found."
[2026-06-02 12:53:29] GET lit_fossen_2012: https://folk.ntnu.no/thomas.fossen/pub/Fossen2012wind.pdf
[2026-06-02 12:53:36] Retry 1/8 for lit_fossen_2012 after 5s: curl=22; web=Exception calling "DownloadFile" with "2" argument(s): "The remote server returned an error: (404) Not Found."
[2026-06-02 12:53:45] Retry 2/8 for lit_fossen_2012 after 15s: curl=22; web=Exception calling "DownloadFile" with "2" argument(s): "The remote server returned an error: (404) Not Found."
[2026-06-02 12:54:04] Retry 3/8 for lit_fossen_2012 after 30s: curl=22; web=Exception calling "DownloadFile" with "2" argument(s): "The remote server returned an error: (404) Not Found."
[2026-06-02 12:54:41] Retry 4/8 for lit_fossen_2012 after 60s: curl=22; web=Exception calling "DownloadFile" with "2" argument(s): "The remote server returned an error: (404) Not Found."
[2026-06-02 12:55:46] Retry 5/8 for lit_fossen_2012 after 90s: curl=22; web=Exception calling "DownloadFile" with "2" argument(s): "The remote server returned an error: (404) Not Found."
[2026-06-02 12:57:22] Retry 6/8 for lit_fossen_2012 after 120s: curl=22; web=Exception calling "DownloadFile" with "2" argument(s): "The remote server returned an error: (404) Not Found."
[2026-06-02 12:59:29] Retry 7/8 for lit_fossen_2012 after 120s: curl=22; web=Exception calling "DownloadFile" with "2" argument(s): "The remote server returned an error: (404) Not Found."
[2026-06-02 13:01:33] Retry 8/8 for lit_fossen_2012 after 180s: curl=22; web=Exception calling "DownloadFile" with "2" argument(s): "The remote server returned an error: (404) Not Found."
[2026-06-02 13:04:33] GET lit_fossen_2012: https://www.researchgate.net/profile/Thor-Fossen/publication/257623456_How_to_incorporate_wind_waves_and_ocean_currents_in_the_marine_craft_equations_of_motion/links/0deec53c8c0c5e0e3c000000/How-to-incorporate-wind-waves-and-ocean-currents-in-the-marine-craft-equations-of-motion.pdf
[2026-06-02 13:04:37] Retry 1/8 for lit_fossen_2012 after 5s: curl=22; web=Exception calling "DownloadFile" with "2" argument(s): "The remote server returned an error: (403) Forbidden."
[2026-06-02 13:04:45] Retry 2/8 for lit_fossen_2012 after 15s: curl=22; web=Exception calling "DownloadFile" with "2" argument(s): "The remote server returned an error: (403) Forbidden."
[2026-06-02 13:05:02] Retry 3/8 for lit_fossen_2012 after 30s: curl=22; web=Exception calling "DownloadFile" with "2" argument(s): "The remote server returned an error: (403) Forbidden."
[2026-06-02 13:05:35] Retry 4/8 for lit_fossen_2012 after 60s: curl=22; web=Exception calling "DownloadFile" with "2" argument(s): "The remote server returned an error: (403) Forbidden."
[2026-06-02 13:06:37] Retry 5/8 for lit_fossen_2012 after 90s: curl=22; web=Exception calling "DownloadFile" with "2" argument(s): "The remote server returned an error: (403) Forbidden."
[2026-06-02 13:08:10] Retry 6/8 for lit_fossen_2012 after 120s: curl=22; web=Exception calling "DownloadFile" with "2" argument(s): "The remote server returned an error: (403) Forbidden."
[2026-06-02 13:10:13] Retry 7/8 for lit_fossen_2012 after 120s: curl=22; web=Exception calling "DownloadFile" with "2" argument(s): "The remote server returned an error: (403) Forbidden."
[2026-06-02 13:12:16] Retry 8/8 for lit_fossen_2012 after 180s: curl=22; web=Exception calling "DownloadFile" with "2" argument(s): "The remote server returned an error: (403) Forbidden."
[2026-06-02 13:15:16] FAIL lit_fossen_2012: curl=22; web=Exception calling "DownloadFile" with "2" argument(s): "The remote server returned an error: (403) Forbidden."
[2026-06-02 13:15:16] GET lit_molland_book: https://www.routledge.com/Maritime-Engineering-Ship-Design/Molland/p/book/9780750665275
[2026-06-02 13:15:23] Retry 1/8 for lit_molland_book after 5s: curl=22; web=Exception calling "DownloadFile" with "2" argument(s): "The request was aborted: The connection was closed unexpectedly."
[2026-06-02 13:15:35] Retry 2/8 for lit_molland_book after 15s: curl=22; web=Exception calling "DownloadFile" with "2" argument(s): "The request was aborted: The connection was closed unexpectedly."
[2026-06-02 13:15:55] Retry 3/8 for lit_molland_book after 30s: curl=22; web=Exception calling "DownloadFile" with "2" argument(s): "The request was aborted: The connection was closed unexpectedly."
[2026-06-02 13:16:30] Retry 4/8 for lit_molland_book after 60s: curl=35; web=Exception calling "DownloadFile" with "2" argument(s): "The request was aborted: The connection was closed unexpectedly."
[2026-06-02 13:17:35] Retry 5/8 for lit_molland_book after 90s: curl=22; web=Exception calling "DownloadFile" with "2" argument(s): "The request was aborted: The connection was closed unexpectedly."
[2026-06-02 13:19:13] Retry 6/8 for lit_molland_book after 120s: curl=22; web=Exception calling "DownloadFile" with "2" argument(s): "The request was aborted: The connection was closed unexpectedly."
[2026-06-02 13:21:21] Retry 7/8 for lit_molland_book after 120s: curl=22; web=Exception calling "DownloadFile" with "2" argument(s): "The request was aborted: The connection was closed unexpectedly."
[2026-06-02 13:24:19] Retry 8/8 for lit_molland_book after 180s: curl=35; web=Exception calling "DownloadFile" with "2" argument(s): "The request was aborted: The connection was closed unexpectedly."
[2026-06-02 13:27:19] FAIL lit_molland_book: curl=35; web=Exception calling "DownloadFile" with "2" argument(s): "The request was aborted: The connection was closed unexpectedly."
[2026-06-02 13:27:19] SKIP git ok: code_pdstrip
[2026-06-02 13:27:19] SKIP git ok: code_hams
[2026-06-02 13:27:19] SKIP git ok: code_bemrosetta
[2026-06-02 13:27:19] SKIP git ok: code_ow3d
[2026-06-02 13:27:19] SKIP git ok: code_openplaning
[2026-06-02 13:27:19] SKIP git ok: code_binder_openplaning
[2026-06-02 13:27:19] SKIP git ok: code_mmgdynamics
[2026-06-02 13:27:19] SKIP git ok: code_shipmmg
[2026-06-02 13:27:19] SKIP git ok: code_nemoh
[2026-06-02 13:27:19] SKIP git ok: code_capytaine
[2026-06-02 13:27:19] SKIP git ok: code_mss_tools
[2026-06-02 13:27:19] SKIP git ok: code_python_vehicle
[2026-06-02 13:27:19] SKIP ok: data_kcs_index
[2026-06-02 13:27:19] SKIP ok: data_kcs_hull_zip
[2026-06-02 13:27:19] SKIP ok: data_kcs_rudder_zip
[2026-06-02 13:27:19] SKIP ok: data_kcs_prop_zip
[2026-06-02 13:27:19] SKIP ok: data_kcs_case211_zip
[2026-06-02 13:27:19] SKIP ok: data_delft372_report
[2026-06-02 13:27:19] GET data_delft372_strath: https://strathprints.strath.ac.uk/82218/1/Duman_Bal_OE_2022_Turn_and_zigzag_manoeuvres_of_Delft_catamaran_372_using_CFD_based_system_simulation_method.pdf
[2026-06-02 13:27:24] Retry 1/8 for data_delft372_strath after 5s: curl=22; web=Exception calling "DownloadFile" with "2" argument(s): "The remote server returned an error: (404) Not Found."
[2026-06-02 13:27:34] Retry 2/8 for data_delft372_strath after 15s: curl=22; web=Exception calling "DownloadFile" with "2" argument(s): "The remote server returned an error: (404) Not Found."
[2026-06-02 13:27:55] Retry 3/8 for data_delft372_strath after 30s: curl=22; web=Exception calling "DownloadFile" with "2" argument(s): "The remote server returned an error: (404) Not Found."
[2026-06-02 13:28:29] Retry 4/8 for data_delft372_strath after 60s: curl=22; web=Exception calling "DownloadFile" with "2" argument(s): "The remote server returned an error: (404) Not Found."
[2026-06-02 13:29:33] Retry 5/8 for data_delft372_strath after 90s: curl=22; web=Exception calling "DownloadFile" with "2" argument(s): "The remote server returned an error: (404) Not Found."
[2026-06-02 13:31:23] Retry 6/8 for data_delft372_strath after 120s: curl=22; web=Exception calling "DownloadFile" with "2" argument(s): "The remote server returned an error: (404) Not Found."
[2026-06-02 13:33:28] Retry 7/8 for data_delft372_strath after 120s: curl=22; web=Exception calling "DownloadFile" with "2" argument(s): "The remote server returned an error: (404) Not Found."
[2026-06-02 13:35:51] Retry 8/8 for data_delft372_strath after 180s: curl=22; web=Exception calling "DownloadFile" with "2" argument(s): "The remote server returned an error: (404) Not Found."
[2026-06-02 13:39:04] FAIL data_delft372_strath: curl=22; web=Exception calling "DownloadFile" with "2" argument(s): "The remote server returned an error: (404) Not Found."
[2026-06-02 13:41:33] SKIP ok: fossen_mss_index
[2026-06-02 13:41:33] SKIP ok: fossen_pvs
[2026-06-02 13:41:33] SUMMARY ok=29 paywall=8 failed=4 pending=3
SUMMARY ok=29 paywall=8 failed=4 pending=3
Retry 7 items in 60s...
=== Round 9 / 20 ===
[2026-06-02 13:42:34] === download_all.ps1 start (early_stage_materials) ===
[2026-06-02 13:42:34] RESET failed->pending: lit_molland_book
[2026-06-02 13:42:34] RESET failed->pending: pip_capytaine
[2026-06-02 13:42:34] RESET failed->pending: data_delft372_strath
[2026-06-02 13:42:34] SKIP ok: lit_stf_1970
[2026-06-02 13:42:34] SKIP ok: lit_faltinsen_sea_loads
[2026-06-02 13:42:34] SKIP ok: lit_faltinsen_hsmv_preview
[2026-06-02 13:42:37] GET lit_ma_2005: https://doi.org/10.1016/j.oceaneng.2004.08.012
[2026-06-02 13:42:43] FAIL lit_ma_2005: 
[2026-06-02 13:42:43] GET lit_arribas_2006: https://doi.org/10.1016/j.oceaneng.2005.09.008
[2026-06-02 13:43:27] FAIL lit_arribas_2006: 
[2026-06-02 13:43:28] GET lit_kring_1994: https://dspace.mit.edu/bitstream/handle/1721.1/11939/31384162-MIT.pdf?sequence=2&isAllowed=y
[2026-06-02 13:43:32] Retry 1/8 for lit_kring_1994 after 5s: curl=22; web=Exception calling "DownloadFile" with "2" argument(s): "The remote server returned an error: (404) Not Found."
[2026-06-02 13:43:40] Retry 2/8 for lit_kring_1994 after 15s: curl=22; web=Exception calling "DownloadFile" with "2" argument(s): "The remote server returned an error: (404) Not Found."
[2026-06-02 13:43:59] Retry 3/8 for lit_kring_1994 after 30s: curl=22; web=Exception calling "DownloadFile" with "2" argument(s): "The remote server returned an error: (404) Not Found."
[2026-06-02 13:44:35] Retry 4/8 for lit_kring_1994 after 60s: curl=22; web=Exception calling "DownloadFile" with "2" argument(s): "The remote server returned an error: (404) Not Found."
[2026-06-02 13:45:40] Retry 5/8 for lit_kring_1994 after 90s: curl=22; web=Exception calling "DownloadFile" with "2" argument(s): "The remote server returned an error: (404) Not Found."
[2026-06-02 13:47:19] Retry 6/8 for lit_kring_1994 after 120s: curl=22; web=Exception calling "DownloadFile" with "2" argument(s): "The remote server returned an error: (404) Not Found."
[2026-06-02 13:49:30] Retry 7/8 for lit_kring_1994 after 120s: curl=22; web=Exception calling "DownloadFile" with "2" argument(s): "The remote server returned an error: (404) Not Found."
[2026-06-02 13:51:34] Retry 8/8 for lit_kring_1994 after 180s: curl=22; web=Exception calling "DownloadFile" with "2" argument(s): "The remote server returned an error: (404) Not Found."
[2026-06-02 13:54:34] GET lit_kring_1994: https://web.archive.org/web/2020/https://dspace.mit.edu/bitstream/handle/1721.1/11939/31384162-MIT.pdf?sequence=2&isAllowed=y
[2026-06-02 13:54:40] Retry 1/8 for lit_kring_1994 after 5s: curl=22; web=Exception calling "DownloadFile" with "2" argument(s): "The request was aborted: The connection was closed unexpectedly."
[2026-06-02 13:54:48] Retry 2/8 for lit_kring_1994 after 15s: curl=22; web=Exception calling "DownloadFile" with "2" argument(s): "The request was aborted: The connection was closed unexpectedly."
[2026-06-02 13:55:08] Retry 3/8 for lit_kring_1994 after 30s: curl=22; web=Exception calling "DownloadFile" with "2" argument(s): "The request was aborted: The connection was closed unexpectedly."
[2026-06-02 13:55:41] Retry 4/8 for lit_kring_1994 after 60s: curl=22; web=Exception calling "DownloadFile" with "2" argument(s): "The request was aborted: The connection was closed unexpectedly."
[2026-06-02 13:56:46] Retry 5/8 for lit_kring_1994 after 90s: curl=22; web=Exception calling "DownloadFile" with "2" argument(s): "The request was aborted: The connection was closed unexpectedly."
[2026-06-02 13:58:23] Retry 6/8 for lit_kring_1994 after 120s: curl=22; web=Exception calling "DownloadFile" with "2" argument(s): "The request was aborted: The connection was closed unexpectedly."
[2026-06-02 14:00:31] Retry 7/8 for lit_kring_1994 after 120s: curl=22; web=Exception calling "DownloadFile" with "2" argument(s): "The request was aborted: The connection was closed unexpectedly."
[2026-06-02 14:02:36] Retry 8/8 for lit_kring_1994 after 180s: curl=22; web=Exception calling "DownloadFile" with "2" argument(s): "The request was aborted: The connection was closed unexpectedly."
[2026-06-02 14:05:36] GET lit_kring_1994: https://core.ac.uk/download/pdf/48633506.pdf
[2026-06-02 14:06:43] Retry 1/8 for lit_kring_1994 after 5s: curl=22; web=Exception calling "DownloadFile" with "2" argument(s): "The remote server returned an error: (404) Not Found."
[2026-06-02 14:09:16] Retry 2/8 for lit_kring_1994 after 15s: curl=35; web=Exception calling "DownloadFile" with "2" argument(s): "The remote server returned an error: (404) Not Found."
[2026-06-02 14:10:15] Retry 3/8 for lit_kring_1994 after 30s: curl=22; web=Exception calling "DownloadFile" with "2" argument(s): "The remote server returned an error: (404) Not Found."
[2026-06-02 14:11:13] Retry 4/8 for lit_kring_1994 after 60s: curl=22; web=Exception calling "DownloadFile" with "2" argument(s): "The remote server returned an error: (404) Not Found."
[2026-06-02 14:12:18] Retry 5/8 for lit_kring_1994 after 90s: curl=22; web=Exception calling "DownloadFile" with "2" argument(s): "The remote server returned an error: (404) Not Found."
[2026-06-02 14:14:29] Retry 6/8 for lit_kring_1994 after 120s: curl=22; web=Exception calling "DownloadFile" with "2" argument(s): "The remote server returned an error: (404) Not Found."
[2026-06-02 14:18:00] Retry 7/8 for lit_kring_1994 after 120s: curl=22; web=Exception calling "DownloadFile" with "2" argument(s): "The remote server returned an error: (404) Not Found."
[2026-06-02 14:20:14] Retry 8/8 for lit_kring_1994 after 180s: curl=22; web=Exception calling "DownloadFile" with "2" argument(s): "The remote server returned an error: (404) Not Found."
[2026-06-02 14:23:14] GET lit_kring_1994: http://hdl.handle.net/1721.1/11939
[2026-06-02 14:23:31] FAIL lit_kring_1994: 
[2026-06-02 14:23:35] GET lit_donatini_2022: https://doi.org/10.1016/j.oceaneng.2022.112222
[2026-06-02 14:24:06] FAIL lit_donatini_2022: 
[2026-06-02 14:24:09] SKIP ok: lit_bailey_npl
[2026-06-02 14:24:13] SKIP ok: lit_mercier_savitsky_1973
[2026-06-02 14:24:16] GET lit_compton_1986: https://onepetro.org/mtsn/article-pdf/23/04/345/2199243/sname-mtsn-1986-23-4-345.pdf
[2026-06-02 14:24:25] Retry 1/8 for lit_compton_1986 after 5s: curl=35; web=Exception calling "DownloadFile" with "2" argument(s): "The remote server returned an error: (403) Forbidden."
[2026-06-02 14:24:37] Retry 2/8 for lit_compton_1986 after 15s: curl=22; web=Exception calling "DownloadFile" with "2" argument(s): "The remote server returned an error: (403) Forbidden."
[2026-06-02 14:24:55] Retry 3/8 for lit_compton_1986 after 30s: curl=22; web=Exception calling "DownloadFile" with "2" argument(s): "The remote server returned an error: (403) Forbidden."
[2026-06-02 14:25:27] Retry 4/8 for lit_compton_1986 after 60s: curl=22; web=Exception calling "DownloadFile" with "2" argument(s): "The remote server returned an error: (403) Forbidden."
[2026-06-02 14:26:33] Retry 5/8 for lit_compton_1986 after 90s: curl=22; web=Exception calling "DownloadFile" with "2" argument(s): "The remote server returned an error: (403) Forbidden."
[2026-06-02 14:28:05] Retry 6/8 for lit_compton_1986 after 120s: curl=22; web=Exception calling "DownloadFile" with "2" argument(s): "The remote server returned an error: (403) Forbidden."
[2026-06-02 14:30:08] Retry 7/8 for lit_compton_1986 after 120s: curl=22; web=Exception calling "DownloadFile" with "2" argument(s): "The remote server returned an error: (403) Forbidden."
[2026-06-02 14:32:11] Retry 8/8 for lit_compton_1986 after 180s: curl=22; web=Exception calling "DownloadFile" with "2" argument(s): "The remote server returned an error: (403) Forbidden."
[2026-06-02 14:35:11] GET lit_compton_1986: https://web.archive.org/web/2019/https://onepetro.org/mtsn/article-pdf/23/04/345/2199243/sname-mtsn-1986-23-4-345.pdf
[2026-06-02 14:35:20] FAIL lit_compton_1986: 
[2026-06-02 14:35:20] GET lit_savitsky_preplaning: https://doi.org/10.1063/1.5143123
[2026-06-02 14:35:25] Retry 1/8 for lit_savitsky_preplaning after 5s: curl=22; web=Exception calling "DownloadFile" with "2" argument(s): "The remote server returned an error: (404) Not Found."
[2026-06-02 14:35:32] Retry 2/8 for lit_savitsky_preplaning after 15s: curl=22; web=Exception calling "DownloadFile" with "2" argument(s): "The remote server returned an error: (404) Not Found."
[2026-06-02 14:35:49] Retry 3/8 for lit_savitsky_preplaning after 30s: curl=22; web=Exception calling "DownloadFile" with "2" argument(s): "The remote server returned an error: (404) Not Found."
[2026-06-02 14:36:20] Retry 4/8 for lit_savitsky_preplaning after 60s: curl=22; web=Exception calling "DownloadFile" with "2" argument(s): "The remote server returned an error: (404) Not Found."
[2026-06-02 14:37:24] Retry 5/8 for lit_savitsky_preplaning after 90s: curl=22; web=Exception calling "DownloadFile" with "2" argument(s): "The remote server returned an error: (404) Not Found."
[2026-06-02 14:38:56] Retry 6/8 for lit_savitsky_preplaning after 120s: curl=22; web=Exception calling "DownloadFile" with "2" argument(s): "The remote server returned an error: (404) Not Found."
[2026-06-02 14:41:01] Retry 7/8 for lit_savitsky_preplaning after 120s: curl=22; web=Exception calling "DownloadFile" with "2" argument(s): "The remote server returned an error: (404) Not Found."
[2026-06-02 14:43:04] Retry 8/8 for lit_savitsky_preplaning after 180s: curl=22; web=Exception calling "DownloadFile" with "2" argument(s): "The remote server returned an error: (404) Not Found."
[2026-06-02 14:46:04] FAIL lit_savitsky_preplaning: curl=22; web=Exception calling "DownloadFile" with "2" argument(s): "The remote server returned an error: (404) Not Found."
[2026-06-02 14:46:09] GET lit_savitsky_1964: https://onepetro.org/MTSN/article/1/04/71/172383/Hydrodynamic-Design-of-Planing-Hulls
[2026-06-02 14:46:11] Retry 1/8 for lit_savitsky_1964 after 5s: curl=22; web=Exception calling "DownloadFile" with "2" argument(s): "The remote server returned an error: (403) Forbidden."
[2026-06-02 14:46:20] Retry 2/8 for lit_savitsky_1964 after 15s: curl=35; web=Exception calling "DownloadFile" with "2" argument(s): "The remote server returned an error: (403) Forbidden."
[2026-06-02 14:46:37] Retry 3/8 for lit_savitsky_1964 after 30s: curl=22; web=Exception calling "DownloadFile" with "2" argument(s): "The remote server returned an error: (403) Forbidden."
[2026-06-02 14:47:11] Retry 4/8 for lit_savitsky_1964 after 60s: curl=22; web=Exception calling "DownloadFile" with "2" argument(s): "The remote server returned an error: (403) Forbidden."
[2026-06-02 14:48:13] Retry 5/8 for lit_savitsky_1964 after 90s: curl=22; web=Exception calling "DownloadFile" with "2" argument(s): "The remote server returned an error: (403) Forbidden."
[2026-06-02 14:49:47] Retry 6/8 for lit_savitsky_1964 after 120s: curl=22; web=Exception calling "DownloadFile" with "2" argument(s): "The remote server returned an error: (403) Forbidden."
[2026-06-02 14:52:06] Retry 7/8 for lit_savitsky_1964 after 120s: curl=22; web=Exception calling "DownloadFile" with "2" argument(s): "The remote server returned an error: (403) Forbidden."
[2026-06-02 14:54:18] Retry 8/8 for lit_savitsky_1964 after 180s: curl=22; web=Exception calling "DownloadFile" with "2" argument(s): "The remote server returned an error: (403) Forbidden."
[2026-06-02 14:57:18] GET lit_savitsky_1964: https://web.archive.org/web/2020/https://onepetro.org/MTSN/article/1/04/71/172383/Hydrodynamic-Design-of-Planing-Hulls
[2026-06-02 14:57:23] SKIP ok: lit_fridsma
[2026-06-02 14:57:23] SKIP ok: lit_savitsky_brown_1976
[2026-06-02 14:57:23] SKIP ok: lit_zhao_water_entry
[2026-06-02 14:57:26] GET lit_sun_faltinsen_2010: https://doi.org/10.2514/1.44717
[2026-06-02 14:57:31] Retry 1/8 for lit_sun_faltinsen_2010 after 5s: curl=35; web=Exception calling "DownloadFile" with "2" argument(s): "The remote server returned an error: (404) Not Found."
[2026-06-02 14:57:38] Retry 2/8 for lit_sun_faltinsen_2010 after 15s: curl=22; web=Exception calling "DownloadFile" with "2" argument(s): "The remote server returned an error: (404) Not Found."
[2026-06-02 14:57:55] Retry 3/8 for lit_sun_faltinsen_2010 after 30s: curl=22; web=Exception calling "DownloadFile" with "2" argument(s): "The remote server returned an error: (404) Not Found."
[2026-06-02 14:58:31] Retry 4/8 for lit_sun_faltinsen_2010 after 60s: curl=22; web=Exception calling "DownloadFile" with "2" argument(s): "The remote server returned an error: (404) Not Found."
[2026-06-02 14:59:34] Retry 5/8 for lit_sun_faltinsen_2010 after 90s: curl=35; web=Exception calling "DownloadFile" with "2" argument(s): "The remote server returned an error: (404) Not Found."
[2026-06-02 15:01:06] Retry 6/8 for lit_sun_faltinsen_2010 after 120s: curl=35; web=Exception calling "DownloadFile" with "2" argument(s): "The remote server returned an error: (404) Not Found."
[2026-06-02 15:03:30] Retry 7/8 for lit_sun_faltinsen_2010 after 120s: curl=22; web=Exception calling "DownloadFile" with "2" argument(s): "The remote server returned an error: (404) Not Found."
[2026-06-02 15:05:33] Retry 8/8 for lit_sun_faltinsen_2010 after 180s: curl=22; web=Exception calling "DownloadFile" with "2" argument(s): "The remote server returned an error: (404) Not Found."
[2026-06-02 15:08:33] FAIL lit_sun_faltinsen_2010: curl=22; web=Exception calling "DownloadFile" with "2" argument(s): "The remote server returned an error: (404) Not Found."
[2026-06-02 15:08:37] GET lit_planing_review_2024: https://doi.org/10.1016/j.oceaneng.2024.114383
[2026-06-02 15:08:41] Retry 1/8 for lit_planing_review_2024 after 5s: curl=22; web=Exception calling "DownloadFile" with "2" argument(s): "The remote server returned an error: (404) Not Found."
[2026-06-02 15:08:49] Retry 2/8 for lit_planing_review_2024 after 15s: curl=22; web=Exception calling "DownloadFile" with "2" argument(s): "The remote server returned an error: (404) Not Found."
[2026-06-02 15:09:07] Retry 3/8 for lit_planing_review_2024 after 30s: curl=22; web=Exception calling "DownloadFile" with "2" argument(s): "The remote server returned an error: (404) Not Found."
[2026-06-02 15:09:39] Retry 4/8 for lit_planing_review_2024 after 60s: curl=22; web=Exception calling "DownloadFile" with "2" argument(s): "The remote server returned an error: (404) Not Found."
[2026-06-02 15:10:42] Retry 5/8 for lit_planing_review_2024 after 90s: curl=22; web=Exception calling "DownloadFile" with "2" argument(s): "The remote server returned an error: (404) Not Found."
[2026-06-02 15:12:15] Retry 6/8 for lit_planing_review_2024 after 120s: curl=22; web=Exception calling "DownloadFile" with "2" argument(s): "The remote server returned an error: (404) Not Found."
[2026-06-02 15:14:17] Retry 7/8 for lit_planing_review_2024 after 120s: curl=22; web=Exception calling "DownloadFile" with "2" argument(s): "The remote server returned an error: (404) Not Found."
[2026-06-02 15:16:22] Retry 8/8 for lit_planing_review_2024 after 180s: curl=22; web=Exception calling "DownloadFile" with "2" argument(s): "The remote server returned an error: (404) Not Found."
[2026-06-02 15:19:22] GET lit_planing_review_2024: https://www.sciencedirect.com/science/article/pii/S0029801824003834
[2026-06-02 15:19:26] Retry 1/8 for lit_planing_review_2024 after 5s: curl=22; web=Exception calling "DownloadFile" with "2" argument(s): "The remote server returned an error: (403) Forbidden."
[2026-06-02 15:19:35] Retry 2/8 for lit_planing_review_2024 after 15s: curl=22; web=Exception calling "DownloadFile" with "2" argument(s): "The remote server returned an error: (403) Forbidden."
[2026-06-02 15:19:53] Retry 3/8 for lit_planing_review_2024 after 30s: curl=22; web=Exception calling "DownloadFile" with "2" argument(s): "The remote server returned an error: (403) Forbidden."
[2026-06-02 15:20:26] Retry 4/8 for lit_planing_review_2024 after 60s: curl=22; web=Exception calling "DownloadFile" with "2" argument(s): "The remote server returned an error: (403) Forbidden."
[2026-06-02 15:21:34] Retry 5/8 for lit_planing_review_2024 after 90s: curl=22; web=Exception calling "DownloadFile" with "2" argument(s): "The remote server returned an error: (403) Forbidden."
[2026-06-02 15:23:07] Retry 6/8 for lit_planing_review_2024 after 120s: curl=22; web=Exception calling "DownloadFile" with "2" argument(s): "The remote server returned an error: (403) Forbidden."
[2026-06-02 15:25:48] Retry 7/8 for lit_planing_review_2024 after 120s: curl=22; web=Exception calling "DownloadFile" with "2" argument(s): "The remote server returned an error: (403) Forbidden."
[2026-06-02 15:27:53] Retry 8/8 for lit_planing_review_2024 after 180s: curl=22; web=Exception calling "DownloadFile" with "2" argument(s): "The remote server returned an error: (403) Forbidden."
[2026-06-02 15:30:53] FAIL lit_planing_review_2024: curl=22; web=Exception calling "DownloadFile" with "2" argument(s): "The remote server returned an error: (403) Forbidden."
[2026-06-02 15:31:26] GET lit_fossen_2012: https://doi.org/10.1016/j.oceaneng.2012.09.012
[2026-06-02 15:31:42] Retry 1/8 for lit_fossen_2012 after 5s: curl=35; web=Exception calling "DownloadFile" with "2" argument(s): "The underlying connection was closed: An unexpected error occurred on a send."
[2026-06-02 15:31:51] GET lit_fossen_2012: https://folk.ntnu.no/thomas.fossen/pub/Fossen2012windwaves.pdf
[2026-06-02 15:32:26] Retry 1/8 for lit_fossen_2012 after 5s: curl=22; web=Exception calling "DownloadFile" with "2" argument(s): "The remote server returned an error: (404) Not Found."
[2026-06-02 15:32:52] Retry 2/8 for lit_fossen_2012 after 15s: curl=22; web=Exception calling "DownloadFile" with "2" argument(s): "The remote server returned an error: (404) Not Found."
[2026-06-02 15:33:13] Retry 3/8 for lit_fossen_2012 after 30s: curl=22; web=Exception calling "DownloadFile" with "2" argument(s): "The remote server returned an error: (404) Not Found."
[2026-06-02 15:33:48] Retry 4/8 for lit_fossen_2012 after 60s: curl=22; web=Exception calling "DownloadFile" with "2" argument(s): "The remote server returned an error: (404) Not Found."
[2026-06-02 15:34:55] Retry 5/8 for lit_fossen_2012 after 90s: curl=35; web=Exception calling "DownloadFile" with "2" argument(s): "The remote server returned an error: (404) Not Found."
[2026-06-02 15:36:31] Retry 6/8 for lit_fossen_2012 after 120s: curl=22; web=Exception calling "DownloadFile" with "2" argument(s): "The remote server returned an error: (404) Not Found."
[2026-06-02 15:39:06] Retry 7/8 for lit_fossen_2012 after 120s: curl=22; web=Exception calling "DownloadFile" with "2" argument(s): "The remote server returned an error: (404) Not Found."
[2026-06-02 15:41:11] Retry 8/8 for lit_fossen_2012 after 180s: curl=22; web=Exception calling "DownloadFile" with "2" argument(s): "The remote server returned an error: (404) Not Found."
[2026-06-02 15:44:11] GET lit_fossen_2012: https://folk.ntnu.no/thomas.fossen/pub/Fossen2012wind.pdf
[2026-06-02 15:44:18] Retry 1/8 for lit_fossen_2012 after 5s: curl=22; web=Exception calling "DownloadFile" with "2" argument(s): "The remote server returned an error: (404) Not Found."
[2026-06-02 15:44:26] Retry 2/8 for lit_fossen_2012 after 15s: curl=22; web=Exception calling "DownloadFile" with "2" argument(s): "The remote server returned an error: (404) Not Found."
[2026-06-02 15:44:45] Retry 3/8 for lit_fossen_2012 after 30s: curl=22; web=Exception calling "DownloadFile" with "2" argument(s): "The remote server returned an error: (404) Not Found."
[2026-06-02 15:45:31] Retry 4/8 for lit_fossen_2012 after 60s: curl=22; web=Exception calling "DownloadFile" with "2" argument(s): "The remote server returned an error: (404) Not Found."
[2026-06-02 15:46:36] Retry 5/8 for lit_fossen_2012 after 90s: curl=22; web=Exception calling "DownloadFile" with "2" argument(s): "The remote server returned an error: (404) Not Found."
[2026-06-02 15:48:11] Retry 6/8 for lit_fossen_2012 after 120s: curl=22; web=Exception calling "DownloadFile" with "2" argument(s): "The remote server returned an error: (404) Not Found."
[2026-06-02 15:50:15] Retry 7/8 for lit_fossen_2012 after 120s: curl=22; web=Exception calling "DownloadFile" with "2" argument(s): "The remote server returned an error: (404) Not Found."
[2026-06-02 15:52:20] Retry 8/8 for lit_fossen_2012 after 180s: curl=22; web=Exception calling "DownloadFile" with "2" argument(s): "The remote server returned an error: (404) Not Found."
[2026-06-02 15:55:20] GET lit_fossen_2012: https://www.researchgate.net/profile/Thor-Fossen/publication/257623456_How_to_incorporate_wind_waves_and_ocean_currents_in_the_marine_craft_equations_of_motion/links/0deec53c8c0c5e0e3c000000/How-to-incorporate-wind-waves-and-ocean-currents-in-the-marine-craft-equations-of-motion.pdf
[2026-06-02 15:55:53] Retry 1/8 for lit_fossen_2012 after 5s: curl=35; web=Exception calling "DownloadFile" with "2" argument(s): "The remote server returned an error: (403) Forbidden."
[2026-06-02 15:56:01] Retry 2/8 for lit_fossen_2012 after 15s: curl=22; web=Exception calling "DownloadFile" with "2" argument(s): "The remote server returned an error: (403) Forbidden."
[2026-06-02 15:56:22] Retry 3/8 for lit_fossen_2012 after 30s: curl=35; web=Exception calling "DownloadFile" with "2" argument(s): "The remote server returned an error: (403) Forbidden."
[2026-06-02 15:56:59] Retry 4/8 for lit_fossen_2012 after 60s: curl=22; web=Exception calling "DownloadFile" with "2" argument(s): "The remote server returned an error: (403) Forbidden."
[2026-06-02 15:58:02] Retry 5/8 for lit_fossen_2012 after 90s: curl=22; web=Exception calling "DownloadFile" with "2" argument(s): "The remote server returned an error: (403) Forbidden."
[2026-06-02 15:59:36] Retry 6/8 for lit_fossen_2012 after 120s: curl=35; web=Exception calling "DownloadFile" with "2" argument(s): "The remote server returned an error: (403) Forbidden."
[2026-06-02 16:01:39] Retry 7/8 for lit_fossen_2012 after 120s: curl=22; web=Exception calling "DownloadFile" with "2" argument(s): "The remote server returned an error: (403) Forbidden."
[2026-06-02 16:03:48] Retry 8/8 for lit_fossen_2012 after 180s: curl=22; web=Exception calling "DownloadFile" with "2" argument(s): "The remote server returned an error: (403) Forbidden."
[2026-06-02 16:06:48] FAIL lit_fossen_2012: curl=22; web=Exception calling "DownloadFile" with "2" argument(s): "The remote server returned an error: (403) Forbidden."
[2026-06-02 16:06:48] GET lit_molland_book: https://www.routledge.com/Maritime-Engineering-Ship-Design/Molland/p/book/9780750665275
[2026-06-02 16:07:00] Retry 1/8 for lit_molland_book after 5s: curl=22; web=Exception calling "DownloadFile" with "2" argument(s): "The request was aborted: The connection was closed unexpectedly."
[2026-06-02 16:07:11] Retry 2/8 for lit_molland_book after 15s: curl=22; web=Exception calling "DownloadFile" with "2" argument(s): "The request was aborted: The connection was closed unexpectedly."
[2026-06-02 16:07:32] Retry 3/8 for lit_molland_book after 30s: curl=22; web=Exception calling "DownloadFile" with "2" argument(s): "The request was aborted: The connection was closed unexpectedly."
[2026-06-02 16:08:22] Retry 4/8 for lit_molland_book after 60s: curl=22; web=Exception calling "DownloadFile" with "2" argument(s): "The request was aborted: The connection was closed unexpectedly."
[2026-06-02 16:10:06] Retry 5/8 for lit_molland_book after 90s: curl=22; web=Exception calling "DownloadFile" with "2" argument(s): "The request was aborted: The connection was closed unexpectedly."
[2026-06-02 16:11:42] Retry 6/8 for lit_molland_book after 120s: curl=22; web=Exception calling "DownloadFile" with "2" argument(s): "The request was aborted: The connection was closed unexpectedly."
[2026-06-02 16:14:02] Retry 7/8 for lit_molland_book after 120s: curl=22; web=Exception calling "DownloadFile" with "2" argument(s): "The request was aborted: The connection was closed unexpectedly."
[2026-06-02 16:16:06] Retry 8/8 for lit_molland_book after 180s: curl=22; web=Exception calling "DownloadFile" with "2" argument(s): "The request was aborted: The connection was closed unexpectedly."
[2026-06-02 16:19:06] FAIL lit_molland_book: curl=22; web=Exception calling "DownloadFile" with "2" argument(s): "The request was aborted: The connection was closed unexpectedly."
[2026-06-02 16:19:06] SKIP git ok: code_pdstrip
[2026-06-02 16:19:06] SKIP git ok: code_hams
[2026-06-02 16:19:06] SKIP git ok: code_bemrosetta
[2026-06-02 16:19:06] SKIP git ok: code_ow3d
[2026-06-02 16:19:06] SKIP git ok: code_openplaning
[2026-06-02 16:19:06] SKIP git ok: code_binder_openplaning
[2026-06-02 16:19:06] SKIP git ok: code_mmgdynamics
[2026-06-02 16:19:06] SKIP git ok: code_shipmmg
[2026-06-02 16:19:06] SKIP git ok: code_nemoh
[2026-06-02 16:19:06] SKIP git ok: code_capytaine
[2026-06-02 16:19:06] SKIP git ok: code_mss_tools
[2026-06-02 16:19:06] SKIP git ok: code_python_vehicle
[2026-06-02 16:19:06] SKIP ok: data_kcs_index
[2026-06-02 16:19:06] SKIP ok: data_kcs_hull_zip
[2026-06-02 16:19:06] SKIP ok: data_kcs_rudder_zip
[2026-06-02 16:19:06] SKIP ok: data_kcs_prop_zip
[2026-06-02 16:19:06] SKIP ok: data_kcs_case211_zip
[2026-06-02 16:19:06] SKIP ok: data_delft372_report
[2026-06-02 16:19:06] GET data_delft372_strath: https://strathprints.strath.ac.uk/82218/1/Duman_Bal_OE_2022_Turn_and_zigzag_manoeuvres_of_Delft_catamaran_372_using_CFD_based_system_simulation_method.pdf
[2026-06-02 16:19:11] Retry 1/8 for data_delft372_strath after 5s: curl=22; web=Exception calling "DownloadFile" with "2" argument(s): "The remote server returned an error: (404) Not Found."
[2026-06-02 16:19:20] Retry 2/8 for data_delft372_strath after 15s: curl=22; web=Exception calling "DownloadFile" with "2" argument(s): "The remote server returned an error: (404) Not Found."
[2026-06-02 16:19:39] Retry 3/8 for data_delft372_strath after 30s: curl=22; web=Exception calling "DownloadFile" with "2" argument(s): "The remote server returned an error: (404) Not Found."
[2026-06-02 16:20:13] Retry 4/8 for data_delft372_strath after 60s: curl=35; web=Exception calling "DownloadFile" with "2" argument(s): "The remote server returned an error: (404) Not Found."
[2026-06-02 16:21:17] Retry 5/8 for data_delft372_strath after 90s: curl=22; web=Exception calling "DownloadFile" with "2" argument(s): "The remote server returned an error: (404) Not Found."
[2026-06-02 16:23:15] Retry 6/8 for data_delft372_strath after 120s: curl=35; web=Exception calling "DownloadFile" with "2" argument(s): "The remote server returned an error: (404) Not Found."
[2026-06-02 16:25:19] Retry 7/8 for data_delft372_strath after 120s: curl=22; web=Exception calling "DownloadFile" with "2" argument(s): "The remote server returned an error: (404) Not Found."
[2026-06-02 16:27:40] Retry 8/8 for data_delft372_strath after 180s: curl=22; web=Exception calling "DownloadFile" with "2" argument(s): "The remote server returned an error: (404) Not Found."
[2026-06-02 16:30:40] FAIL data_delft372_strath: curl=22; web=Exception calling "DownloadFile" with "2" argument(s): "The remote server returned an error: (404) Not Found."
[2026-06-02 16:31:28] SKIP ok: fossen_mss_index
[2026-06-02 16:31:28] SKIP ok: fossen_pvs
[2026-06-02 16:31:28] SUMMARY ok=29 paywall=8 failed=4 pending=3
SUMMARY ok=29 paywall=8 failed=4 pending=3
Retry 7 items in 60s...
=== Round 10 / 20 ===
[2026-06-02 16:32:29] === download_all.ps1 start (early_stage_materials) ===
[2026-06-02 16:32:30] RESET failed->pending: lit_molland_book
[2026-06-02 16:32:30] RESET failed->pending: pip_capytaine
[2026-06-02 16:32:30] RESET failed->pending: data_delft372_strath
[2026-06-02 16:32:30] SKIP ok: lit_stf_1970
[2026-06-02 16:32:30] SKIP ok: lit_faltinsen_sea_loads
[2026-06-02 16:32:31] SKIP ok: lit_faltinsen_hsmv_preview
[2026-06-02 16:32:34] GET lit_ma_2005: https://doi.org/10.1016/j.oceaneng.2004.08.012
[2026-06-02 16:32:38] FAIL lit_ma_2005: 
[2026-06-02 16:32:38] GET lit_arribas_2006: https://doi.org/10.1016/j.oceaneng.2005.09.008
[2026-06-02 16:32:46] FAIL lit_arribas_2006: 
[2026-06-02 16:32:46] GET lit_kring_1994: https://dspace.mit.edu/bitstream/handle/1721.1/11939/31384162-MIT.pdf?sequence=2&isAllowed=y
[2026-06-02 16:32:51] Retry 1/8 for lit_kring_1994 after 5s: curl=22; web=Exception calling "DownloadFile" with "2" argument(s): "The remote server returned an error: (404) Not Found."
[2026-06-02 16:33:00] Retry 2/8 for lit_kring_1994 after 15s: curl=22; web=Exception calling "DownloadFile" with "2" argument(s): "The remote server returned an error: (404) Not Found."
[2026-06-02 16:33:19] Retry 3/8 for lit_kring_1994 after 30s: curl=22; web=Exception calling "DownloadFile" with "2" argument(s): "The remote server returned an error: (404) Not Found."
[2026-06-02 16:33:55] Retry 4/8 for lit_kring_1994 after 60s: curl=22; web=Exception calling "DownloadFile" with "2" argument(s): "The remote server returned an error: (404) Not Found."
[2026-06-02 16:34:59] Retry 5/8 for lit_kring_1994 after 90s: curl=22; web=Exception calling "DownloadFile" with "2" argument(s): "The remote server returned an error: (404) Not Found."
[2026-06-02 16:36:51] Retry 6/8 for lit_kring_1994 after 120s: curl=22; web=Exception calling "DownloadFile" with "2" argument(s): "The remote server returned an error: (404) Not Found."
[2026-06-02 16:39:02] Retry 7/8 for lit_kring_1994 after 120s: curl=35; web=Exception calling "DownloadFile" with "2" argument(s): "The remote server returned an error: (404) Not Found."
[2026-06-02 16:41:04] Retry 8/8 for lit_kring_1994 after 180s: curl=0; web=Exception calling "DownloadFile" with "2" argument(s): "An exception occurred during a WebClient request."
[2026-06-02 16:44:04] GET lit_kring_1994: https://web.archive.org/web/2020/https://dspace.mit.edu/bitstream/handle/1721.1/11939/31384162-MIT.pdf?sequence=2&isAllowed=y
[2026-06-02 16:44:11] Retry 1/8 for lit_kring_1994 after 5s: curl=22; web=Exception calling "DownloadFile" with "2" argument(s): "The request was aborted: The connection was closed unexpectedly."
[2026-06-02 16:44:50] Retry 2/8 for lit_kring_1994 after 15s: curl=35; web=Exception calling "DownloadFile" with "2" argument(s): "The request was aborted: The connection was closed unexpectedly."
[2026-06-02 16:45:10] Retry 3/8 for lit_kring_1994 after 30s: curl=22; web=Exception calling "DownloadFile" with "2" argument(s): "The request was aborted: The connection was closed unexpectedly."
[2026-06-02 16:45:45] Retry 4/8 for lit_kring_1994 after 60s: curl=22; web=Exception calling "DownloadFile" with "2" argument(s): "The request was aborted: The connection was closed unexpectedly."
[2026-06-02 16:46:48] Retry 5/8 for lit_kring_1994 after 90s: curl=22; web=Exception calling "DownloadFile" with "2" argument(s): "The request was aborted: The connection was closed unexpectedly."
[2026-06-02 16:48:23] Retry 6/8 for lit_kring_1994 after 120s: curl=22; web=Exception calling "DownloadFile" with "2" argument(s): "The request was aborted: The connection was closed unexpectedly."
[2026-06-02 16:50:27] Retry 7/8 for lit_kring_1994 after 120s: curl=22; web=Exception calling "DownloadFile" with "2" argument(s): "The request was aborted: The connection was closed unexpectedly."
[2026-06-02 16:52:32] Retry 8/8 for lit_kring_1994 after 180s: curl=22; web=Exception calling "DownloadFile" with "2" argument(s): "The request was aborted: The connection was closed unexpectedly."
[2026-06-02 16:55:32] GET lit_kring_1994: https://core.ac.uk/download/pdf/48633506.pdf
[2026-06-02 16:55:53] Retry 1/8 for lit_kring_1994 after 5s: curl=22; web=Exception calling "DownloadFile" with "2" argument(s): "The remote server returned an error: (404) Not Found."
[2026-06-02 16:56:01] Retry 2/8 for lit_kring_1994 after 15s: curl=22; web=Exception calling "DownloadFile" with "2" argument(s): "The remote server returned an error: (404) Not Found."
[2026-06-02 16:56:21] Retry 3/8 for lit_kring_1994 after 30s: curl=22; web=Exception calling "DownloadFile" with "2" argument(s): "The remote server returned an error: (404) Not Found."
[2026-06-02 16:56:55] Retry 4/8 for lit_kring_1994 after 60s: curl=22; web=Exception calling "DownloadFile" with "2" argument(s): "The remote server returned an error: (404) Not Found."
[2026-06-02 16:58:04] Retry 5/8 for lit_kring_1994 after 90s: curl=22; web=Exception calling "DownloadFile" with "2" argument(s): "The remote server returned an error: (404) Not Found."
[2026-06-02 17:00:33] Retry 6/8 for lit_kring_1994 after 120s: curl=35; web=Exception calling "DownloadFile" with "2" argument(s): "The remote server returned an error: (404) Not Found."
[2026-06-02 17:02:42] Retry 7/8 for lit_kring_1994 after 120s: curl=22; web=Exception calling "DownloadFile" with "2" argument(s): "The remote server returned an error: (404) Not Found."
[2026-06-02 17:05:19] Retry 8/8 for lit_kring_1994 after 180s: curl=22; web=Exception calling "DownloadFile" with "2" argument(s): "The remote server returned an error: (404) Not Found."
[2026-06-02 17:08:19] GET lit_kring_1994: http://hdl.handle.net/1721.1/11939
[2026-06-02 17:08:24] FAIL lit_kring_1994: 
[2026-06-02 17:08:27] GET lit_donatini_2022: https://doi.org/10.1016/j.oceaneng.2022.112222
[2026-06-02 17:08:32] FAIL lit_donatini_2022: 
[2026-06-02 17:08:32] SKIP ok: lit_bailey_npl
[2026-06-02 17:08:32] SKIP ok: lit_mercier_savitsky_1973
[2026-06-02 17:08:32] GET lit_compton_1986: https://onepetro.org/mtsn/article-pdf/23/04/345/2199243/sname-mtsn-1986-23-4-345.pdf
[2026-06-02 17:08:35] Retry 1/8 for lit_compton_1986 after 5s: curl=22; web=Exception calling "DownloadFile" with "2" argument(s): "The remote server returned an error: (403) Forbidden."
[2026-06-02 17:08:43] Retry 2/8 for lit_compton_1986 after 15s: curl=35; web=Exception calling "DownloadFile" with "2" argument(s): "The remote server returned an error: (403) Forbidden."
[2026-06-02 17:09:00] Retry 3/8 for lit_compton_1986 after 30s: curl=22; web=Exception calling "DownloadFile" with "2" argument(s): "The remote server returned an error: (403) Forbidden."
[2026-06-02 17:09:33] Retry 4/8 for lit_compton_1986 after 60s: curl=22; web=Exception calling "DownloadFile" with "2" argument(s): "The remote server returned an error: (403) Forbidden."
[2026-06-02 17:10:35] Retry 5/8 for lit_compton_1986 after 90s: curl=22; web=Exception calling "DownloadFile" with "2" argument(s): "The remote server returned an error: (403) Forbidden."
[2026-06-02 17:12:08] Retry 6/8 for lit_compton_1986 after 120s: curl=22; web=Exception calling "DownloadFile" with "2" argument(s): "The remote server returned an error: (403) Forbidden."
[2026-06-02 17:14:14] Retry 7/8 for lit_compton_1986 after 120s: curl=22; web=Exception calling "DownloadFile" with "2" argument(s): "The remote server returned an error: (403) Forbidden."
[2026-06-02 17:16:16] Retry 8/8 for lit_compton_1986 after 180s: curl=22; web=Exception calling "DownloadFile" with "2" argument(s): "The remote server returned an error: (403) Forbidden."
[2026-06-02 17:19:16] GET lit_compton_1986: https://web.archive.org/web/2019/https://onepetro.org/mtsn/article-pdf/23/04/345/2199243/sname-mtsn-1986-23-4-345.pdf
[2026-06-02 17:19:25] FAIL lit_compton_1986: 
[2026-06-02 17:19:25] GET lit_savitsky_preplaning: https://doi.org/10.1063/1.5143123
[2026-06-02 17:19:31] Retry 1/8 for lit_savitsky_preplaning after 5s: curl=22; web=Exception calling "DownloadFile" with "2" argument(s): "The underlying connection was closed: An unexpected error occurred on a send."
[2026-06-02 17:19:57] Retry 2/8 for lit_savitsky_preplaning after 15s: curl=35; web=Exception calling "DownloadFile" with "2" argument(s): "The remote server returned an error: (404) Not Found."
[2026-06-02 17:20:14] Retry 3/8 for lit_savitsky_preplaning after 30s: curl=22; web=Exception calling "DownloadFile" with "2" argument(s): "The remote server returned an error: (404) Not Found."
[2026-06-02 17:21:00] Retry 4/8 for lit_savitsky_preplaning after 60s: curl=22; web=Exception calling "DownloadFile" with "2" argument(s): "The remote server returned an error: (404) Not Found."
[2026-06-02 17:22:13] Retry 5/8 for lit_savitsky_preplaning after 90s: curl=35; web=Exception calling "DownloadFile" with "2" argument(s): "The remote server returned an error: (404) Not Found."
[2026-06-02 17:23:46] Retry 6/8 for lit_savitsky_preplaning after 120s: curl=22; web=Exception calling "DownloadFile" with "2" argument(s): "The remote server returned an error: (404) Not Found."
[2026-06-02 17:25:49] Retry 7/8 for lit_savitsky_preplaning after 120s: curl=22; web=Exception calling "DownloadFile" with "2" argument(s): "The remote server returned an error: (404) Not Found."
[2026-06-02 17:27:55] Retry 8/8 for lit_savitsky_preplaning after 180s: curl=22; web=Exception calling "DownloadFile" with "2" argument(s): "The remote server returned an error: (404) Not Found."
[2026-06-02 17:30:55] FAIL lit_savitsky_preplaning: curl=22; web=Exception calling "DownloadFile" with "2" argument(s): "The remote server returned an error: (404) Not Found."
[2026-06-02 17:30:57] GET lit_savitsky_1964: https://onepetro.org/MTSN/article/1/04/71/172383/Hydrodynamic-Design-of-Planing-Hulls
[2026-06-02 17:31:05] Retry 1/8 for lit_savitsky_1964 after 5s: curl=22; web=Exception calling "DownloadFile" with "2" argument(s): "The remote server returned an error: (403) Forbidden."
[2026-06-02 17:31:12] Retry 2/8 for lit_savitsky_1964 after 15s: curl=22; web=Exception calling "DownloadFile" with "2" argument(s): "The remote server returned an error: (403) Forbidden."
[2026-06-02 17:31:30] Retry 3/8 for lit_savitsky_1964 after 30s: curl=22; web=Exception calling "DownloadFile" with "2" argument(s): "The remote server returned an error: (403) Forbidden."
[2026-06-02 17:32:10] Retry 4/8 for lit_savitsky_1964 after 60s: curl=35; web=Exception calling "DownloadFile" with "2" argument(s): "The remote server returned an error: (403) Forbidden."
[2026-06-02 17:33:12] Retry 5/8 for lit_savitsky_1964 after 90s: curl=22; web=Exception calling "DownloadFile" with "2" argument(s): "The remote server returned an error: (403) Forbidden."
[2026-06-02 17:34:44] Retry 6/8 for lit_savitsky_1964 after 120s: curl=22; web=Exception calling "DownloadFile" with "2" argument(s): "The remote server returned an error: (403) Forbidden."
[2026-06-02 17:36:47] Retry 7/8 for lit_savitsky_1964 after 120s: curl=22; web=Exception calling "DownloadFile" with "2" argument(s): "The remote server returned an error: (403) Forbidden."
[2026-06-02 17:39:07] Retry 8/8 for lit_savitsky_1964 after 180s: curl=22; web=Exception calling "DownloadFile" with "2" argument(s): "The remote server returned an error: (403) Forbidden."
[2026-06-02 17:42:07] GET lit_savitsky_1964: https://web.archive.org/web/2020/https://onepetro.org/MTSN/article/1/04/71/172383/Hydrodynamic-Design-of-Planing-Hulls
[2026-06-02 17:42:13] SKIP ok: lit_fridsma
[2026-06-02 17:42:13] SKIP ok: lit_savitsky_brown_1976
[2026-06-02 17:42:13] SKIP ok: lit_zhao_water_entry
[2026-06-02 17:42:16] GET lit_sun_faltinsen_2010: https://doi.org/10.2514/1.44717
[2026-06-02 17:42:20] Retry 1/8 for lit_sun_faltinsen_2010 after 5s: curl=22; web=Exception calling "DownloadFile" with "2" argument(s): "The remote server returned an error: (404) Not Found."
[2026-06-02 17:42:29] Retry 2/8 for lit_sun_faltinsen_2010 after 15s: curl=22; web=Exception calling "DownloadFile" with "2" argument(s): "The remote server returned an error: (404) Not Found."
[2026-06-02 17:42:46] Retry 3/8 for lit_sun_faltinsen_2010 after 30s: curl=22; web=Exception calling "DownloadFile" with "2" argument(s): "The remote server returned an error: (404) Not Found."
[2026-06-02 17:43:18] Retry 4/8 for lit_sun_faltinsen_2010 after 60s: curl=22; web=Exception calling "DownloadFile" with "2" argument(s): "The remote server returned an error: (404) Not Found."
[2026-06-02 17:44:19] Retry 5/8 for lit_sun_faltinsen_2010 after 90s: curl=22; web=Exception calling "DownloadFile" with "2" argument(s): "The remote server returned an error: (404) Not Found."
[2026-06-02 17:45:51] Retry 6/8 for lit_sun_faltinsen_2010 after 120s: curl=22; web=Exception calling "DownloadFile" with "2" argument(s): "The remote server returned an error: (404) Not Found."
[2026-06-02 17:47:56] Retry 7/8 for lit_sun_faltinsen_2010 after 120s: curl=22; web=Exception calling "DownloadFile" with "2" argument(s): "The remote server returned an error: (404) Not Found."
[2026-06-02 17:49:58] Retry 8/8 for lit_sun_faltinsen_2010 after 180s: curl=22; web=Exception calling "DownloadFile" with "2" argument(s): "The remote server returned an error: (404) Not Found."
[2026-06-02 17:52:58] FAIL lit_sun_faltinsen_2010: curl=22; web=Exception calling "DownloadFile" with "2" argument(s): "The remote server returned an error: (404) Not Found."
[2026-06-02 17:53:01] GET lit_planing_review_2024: https://doi.org/10.1016/j.oceaneng.2024.114383
[2026-06-02 17:53:05] Retry 1/8 for lit_planing_review_2024 after 5s: curl=22; web=Exception calling "DownloadFile" with "2" argument(s): "The remote server returned an error: (404) Not Found."
[2026-06-02 17:53:17] Retry 2/8 for lit_planing_review_2024 after 15s: curl=22; web=Exception calling "DownloadFile" with "2" argument(s): "The remote server returned an error: (404) Not Found."
[2026-06-02 17:53:34] Retry 3/8 for lit_planing_review_2024 after 30s: curl=22; web=Exception calling "DownloadFile" with "2" argument(s): "The remote server returned an error: (404) Not Found."
[2026-06-02 17:54:05] Retry 4/8 for lit_planing_review_2024 after 60s: curl=22; web=Exception calling "DownloadFile" with "2" argument(s): "The remote server returned an error: (404) Not Found."
[2026-06-02 17:55:07] Retry 5/8 for lit_planing_review_2024 after 90s: curl=22; web=Exception calling "DownloadFile" with "2" argument(s): "The remote server returned an error: (404) Not Found."
[2026-06-02 17:56:40] Retry 6/8 for lit_planing_review_2024 after 120s: curl=22; web=Exception calling "DownloadFile" with "2" argument(s): "The remote server returned an error: (404) Not Found."
[2026-06-02 17:58:42] Retry 7/8 for lit_planing_review_2024 after 120s: curl=22; web=Exception calling "DownloadFile" with "2" argument(s): "The remote server returned an error: (404) Not Found."
[2026-06-02 18:00:51] Retry 8/8 for lit_planing_review_2024 after 180s: curl=22; web=Exception calling "DownloadFile" with "2" argument(s): "The remote server returned an error: (404) Not Found."
[2026-06-02 18:03:51] GET lit_planing_review_2024: https://www.sciencedirect.com/science/article/pii/S0029801824003834
[2026-06-02 18:03:55] Retry 1/8 for lit_planing_review_2024 after 5s: curl=22; web=Exception calling "DownloadFile" with "2" argument(s): "The remote server returned an error: (403) Forbidden."
[2026-06-02 18:04:03] Retry 2/8 for lit_planing_review_2024 after 15s: curl=22; web=Exception calling "DownloadFile" with "2" argument(s): "The remote server returned an error: (403) Forbidden."
[2026-06-02 18:04:21] Retry 3/8 for lit_planing_review_2024 after 30s: curl=22; web=Exception calling "DownloadFile" with "2" argument(s): "The remote server returned an error: (403) Forbidden."
[2026-06-02 18:04:53] Retry 4/8 for lit_planing_review_2024 after 60s: curl=22; web=Exception calling "DownloadFile" with "2" argument(s): "The remote server returned an error: (403) Forbidden."
[2026-06-02 18:05:57] Retry 5/8 for lit_planing_review_2024 after 90s: curl=22; web=Exception calling "DownloadFile" with "2" argument(s): "The remote server returned an error: (403) Forbidden."
[2026-06-02 18:07:30] Retry 6/8 for lit_planing_review_2024 after 120s: curl=22; web=Exception calling "DownloadFile" with "2" argument(s): "The remote server returned an error: (403) Forbidden."
[2026-06-02 18:09:35] Retry 7/8 for lit_planing_review_2024 after 120s: curl=22; web=Exception calling "DownloadFile" with "2" argument(s): "The remote server returned an error: (403) Forbidden."
[2026-06-02 18:11:37] Retry 8/8 for lit_planing_review_2024 after 180s: curl=22; web=Exception calling "DownloadFile" with "2" argument(s): "The remote server returned an error: (403) Forbidden."
[2026-06-02 18:14:37] FAIL lit_planing_review_2024: curl=22; web=Exception calling "DownloadFile" with "2" argument(s): "The remote server returned an error: (403) Forbidden."
[2026-06-02 18:15:14] GET lit_fossen_2012: https://doi.org/10.1016/j.oceaneng.2012.09.012
[2026-06-02 18:15:18] GET lit_fossen_2012: https://folk.ntnu.no/thomas.fossen/pub/Fossen2012windwaves.pdf
[2026-06-02 18:15:23] Retry 1/8 for lit_fossen_2012 after 5s: curl=22; web=Exception calling "DownloadFile" with "2" argument(s): "The remote server returned an error: (404) Not Found."
[2026-06-02 18:15:31] Retry 2/8 for lit_fossen_2012 after 15s: curl=22; web=Exception calling "DownloadFile" with "2" argument(s): "The remote server returned an error: (404) Not Found."
[2026-06-02 18:15:51] Retry 3/8 for lit_fossen_2012 after 30s: curl=22; web=Exception calling "DownloadFile" with "2" argument(s): "The remote server returned an error: (404) Not Found."
[2026-06-02 18:16:25] Retry 4/8 for lit_fossen_2012 after 60s: curl=22; web=Exception calling "DownloadFile" with "2" argument(s): "The remote server returned an error: (404) Not Found."
[2026-06-02 18:17:28] Retry 5/8 for lit_fossen_2012 after 90s: curl=35; web=Exception calling "DownloadFile" with "2" argument(s): "The remote server returned an error: (404) Not Found."
[2026-06-02 18:19:03] Retry 6/8 for lit_fossen_2012 after 120s: curl=22; web=Exception calling "DownloadFile" with "2" argument(s): "The remote server returned an error: (404) Not Found."
[2026-06-02 18:21:06] Retry 7/8 for lit_fossen_2012 after 120s: curl=22; web=Exception calling "DownloadFile" with "2" argument(s): "The remote server returned an error: (404) Not Found."
[2026-06-02 18:23:10] Retry 8/8 for lit_fossen_2012 after 180s: curl=22; web=Exception calling "DownloadFile" with "2" argument(s): "The remote server returned an error: (404) Not Found."
[2026-06-02 18:26:10] GET lit_fossen_2012: https://folk.ntnu.no/thomas.fossen/pub/Fossen2012wind.pdf
[2026-06-02 18:26:15] Retry 1/8 for lit_fossen_2012 after 5s: curl=22; web=Exception calling "DownloadFile" with "2" argument(s): "The remote server returned an error: (404) Not Found."
[2026-06-02 18:26:24] Retry 2/8 for lit_fossen_2012 after 15s: curl=22; web=Exception calling "DownloadFile" with "2" argument(s): "The remote server returned an error: (404) Not Found."
[2026-06-02 18:26:43] Retry 3/8 for lit_fossen_2012 after 30s: curl=22; web=Exception calling "DownloadFile" with "2" argument(s): "The remote server returned an error: (404) Not Found."
[2026-06-02 18:27:16] Retry 4/8 for lit_fossen_2012 after 60s: curl=22; web=Exception calling "DownloadFile" with "2" argument(s): "The remote server returned an error: (404) Not Found."
[2026-06-02 18:28:20] Retry 5/8 for lit_fossen_2012 after 90s: curl=22; web=Exception calling "DownloadFile" with "2" argument(s): "The remote server returned an error: (404) Not Found."
[2026-06-02 18:29:53] Retry 6/8 for lit_fossen_2012 after 120s: curl=22; web=Exception calling "DownloadFile" with "2" argument(s): "The remote server returned an error: (404) Not Found."
[2026-06-02 18:31:58] Retry 7/8 for lit_fossen_2012 after 120s: curl=22; web=Exception calling "DownloadFile" with "2" argument(s): "The remote server returned an error: (404) Not Found."
[2026-06-02 18:34:01] Retry 8/8 for lit_fossen_2012 after 180s: curl=22; web=Exception calling "DownloadFile" with "2" argument(s): "The remote server returned an error: (404) Not Found."
[2026-06-02 18:37:01] GET lit_fossen_2012: https://www.researchgate.net/profile/Thor-Fossen/publication/257623456_How_to_incorporate_wind_waves_and_ocean_currents_in_the_marine_craft_equations_of_motion/links/0deec53c8c0c5e0e3c000000/How-to-incorporate-wind-waves-and-ocean-currents-in-the-marine-craft-equations-of-motion.pdf
[2026-06-02 18:37:05] Retry 1/8 for lit_fossen_2012 after 5s: curl=22; web=Exception calling "DownloadFile" with "2" argument(s): "The remote server returned an error: (403) Forbidden."
[2026-06-02 18:37:12] Retry 2/8 for lit_fossen_2012 after 15s: curl=22; web=Exception calling "DownloadFile" with "2" argument(s): "The remote server returned an error: (403) Forbidden."
[2026-06-02 18:37:29] Retry 3/8 for lit_fossen_2012 after 30s: curl=22; web=Exception calling "DownloadFile" with "2" argument(s): "The remote server returned an error: (403) Forbidden."
[2026-06-02 18:38:02] Retry 4/8 for lit_fossen_2012 after 60s: curl=22; web=Exception calling "DownloadFile" with "2" argument(s): "The remote server returned an error: (403) Forbidden."
[2026-06-02 18:39:04] Retry 5/8 for lit_fossen_2012 after 90s: curl=22; web=Exception calling "DownloadFile" with "2" argument(s): "The remote server returned an error: (403) Forbidden."
[2026-06-02 18:40:36] Retry 6/8 for lit_fossen_2012 after 120s: curl=22; web=Exception calling "DownloadFile" with "2" argument(s): "The remote server returned an error: (403) Forbidden."
[2026-06-02 18:42:40] Retry 7/8 for lit_fossen_2012 after 120s: curl=22; web=Exception calling "DownloadFile" with "2" argument(s): "The remote server returned an error: (403) Forbidden."
[2026-06-02 18:44:42] Retry 8/8 for lit_fossen_2012 after 180s: curl=22; web=Exception calling "DownloadFile" with "2" argument(s): "The remote server returned an error: (403) Forbidden."
[2026-06-02 18:47:42] FAIL lit_fossen_2012: curl=22; web=Exception calling "DownloadFile" with "2" argument(s): "The remote server returned an error: (403) Forbidden."
[2026-06-02 18:47:42] GET lit_molland_book: https://www.routledge.com/Maritime-Engineering-Ship-Design/Molland/p/book/9780750665275
[2026-06-02 18:47:47] Retry 1/8 for lit_molland_book after 5s: curl=22; web=Exception calling "DownloadFile" with "2" argument(s): "The request was aborted: The connection was closed unexpectedly."
[2026-06-02 18:47:55] Retry 2/8 for lit_molland_book after 15s: curl=22; web=Exception calling "DownloadFile" with "2" argument(s): "The request was aborted: The connection was closed unexpectedly."
[2026-06-02 18:48:14] Retry 3/8 for lit_molland_book after 30s: curl=22; web=Exception calling "DownloadFile" with "2" argument(s): "The request was aborted: The connection was closed unexpectedly."
[2026-06-02 18:48:48] Retry 4/8 for lit_molland_book after 60s: curl=22; web=Exception calling "DownloadFile" with "2" argument(s): "The request was aborted: The connection was closed unexpectedly."
[2026-06-02 18:49:52] Retry 5/8 for lit_molland_book after 90s: curl=22; web=Exception calling "DownloadFile" with "2" argument(s): "The request was aborted: The connection was closed unexpectedly."
[2026-06-02 18:51:27] Retry 6/8 for lit_molland_book after 120s: curl=22; web=Exception calling "DownloadFile" with "2" argument(s): "The request was aborted: The connection was closed unexpectedly."
[2026-06-02 18:53:33] Retry 7/8 for lit_molland_book after 120s: curl=22; web=Exception calling "DownloadFile" with "2" argument(s): "The request was aborted: The connection was closed unexpectedly."
[2026-06-02 18:55:36] Retry 8/8 for lit_molland_book after 180s: curl=22; web=Exception calling "DownloadFile" with "2" argument(s): "The remote server returned an error: (502) Bad Gateway."
[2026-06-02 18:58:36] FAIL lit_molland_book: curl=22; web=Exception calling "DownloadFile" with "2" argument(s): "The remote server returned an error: (502) Bad Gateway."
[2026-06-02 18:58:36] SKIP git ok: code_pdstrip
[2026-06-02 18:58:36] SKIP git ok: code_hams
[2026-06-02 18:58:37] SKIP git ok: code_bemrosetta
[2026-06-02 18:58:37] SKIP git ok: code_ow3d
[2026-06-02 18:58:37] SKIP git ok: code_openplaning
[2026-06-02 18:58:37] SKIP git ok: code_binder_openplaning
[2026-06-02 18:58:37] SKIP git ok: code_mmgdynamics
[2026-06-02 18:58:37] SKIP git ok: code_shipmmg
[2026-06-02 18:58:37] SKIP git ok: code_nemoh
[2026-06-02 18:58:37] SKIP git ok: code_capytaine
[2026-06-02 18:58:37] SKIP git ok: code_mss_tools
[2026-06-02 18:58:37] SKIP git ok: code_python_vehicle
[2026-06-02 18:58:37] SKIP ok: data_kcs_index
[2026-06-02 18:58:37] SKIP ok: data_kcs_hull_zip
[2026-06-02 18:58:37] SKIP ok: data_kcs_rudder_zip
[2026-06-02 18:58:37] SKIP ok: data_kcs_prop_zip
[2026-06-02 18:58:37] SKIP ok: data_kcs_case211_zip
[2026-06-02 18:58:37] SKIP ok: data_delft372_report
[2026-06-02 18:58:37] GET data_delft372_strath: https://strathprints.strath.ac.uk/82218/1/Duman_Bal_OE_2022_Turn_and_zigzag_manoeuvres_of_Delft_catamaran_372_using_CFD_based_system_simulation_method.pdf
[2026-06-02 18:58:42] Retry 1/8 for data_delft372_strath after 5s: curl=22; web=Exception calling "DownloadFile" with "2" argument(s): "The remote server returned an error: (404) Not Found."
[2026-06-02 18:58:52] Retry 2/8 for data_delft372_strath after 15s: curl=22; web=Exception calling "DownloadFile" with "2" argument(s): "The remote server returned an error: (404) Not Found."
[2026-06-02 18:59:11] Retry 3/8 for data_delft372_strath after 30s: curl=22; web=Exception calling "DownloadFile" with "2" argument(s): "The remote server returned an error: (404) Not Found."
[2026-06-02 18:59:44] Retry 4/8 for data_delft372_strath after 60s: curl=22; web=Exception calling "DownloadFile" with "2" argument(s): "The remote server returned an error: (404) Not Found."
[2026-06-02 19:00:48] Retry 5/8 for data_delft372_strath after 90s: curl=22; web=Exception calling "DownloadFile" with "2" argument(s): "The remote server returned an error: (404) Not Found."
[2026-06-02 19:02:22] Retry 6/8 for data_delft372_strath after 120s: curl=22; web=Exception calling "DownloadFile" with "2" argument(s): "The remote server returned an error: (404) Not Found."
[2026-06-02 19:04:27] Retry 7/8 for data_delft372_strath after 120s: curl=22; web=Exception calling "DownloadFile" with "2" argument(s): "The remote server returned an error: (404) Not Found."
[2026-06-02 19:06:32] Retry 8/8 for data_delft372_strath after 180s: curl=22; web=Exception calling "DownloadFile" with "2" argument(s): "The remote server returned an error: (404) Not Found."
[2026-06-02 19:09:32] FAIL data_delft372_strath: curl=22; web=Exception calling "DownloadFile" with "2" argument(s): "The remote server returned an error: (404) Not Found."
[2026-06-02 19:10:28] SKIP ok: fossen_mss_index
[2026-06-02 19:10:28] SKIP ok: fossen_pvs
[2026-06-02 19:10:28] SUMMARY ok=29 paywall=8 failed=4 pending=3
SUMMARY ok=29 paywall=8 failed=4 pending=3
Retry 7 items in 60s...
=== Round 11 / 20 ===
[2026-06-02 19:11:30] === download_all.ps1 start (early_stage_materials) ===
[2026-06-02 19:11:30] RESET failed->pending: lit_molland_book
[2026-06-02 19:11:30] RESET failed->pending: pip_capytaine
[2026-06-02 19:11:30] RESET failed->pending: data_delft372_strath
[2026-06-02 19:11:30] SKIP ok: lit_stf_1970
[2026-06-02 19:11:30] SKIP ok: lit_faltinsen_sea_loads
[2026-06-02 19:11:30] SKIP ok: lit_faltinsen_hsmv_preview
[2026-06-02 19:11:33] GET lit_ma_2005: https://doi.org/10.1016/j.oceaneng.2004.08.012
[2026-06-02 19:11:37] FAIL lit_ma_2005: 
[2026-06-02 19:11:37] GET lit_arribas_2006: https://doi.org/10.1016/j.oceaneng.2005.09.008
[2026-06-02 19:11:41] FAIL lit_arribas_2006: 
[2026-06-02 19:11:41] GET lit_kring_1994: https://dspace.mit.edu/bitstream/handle/1721.1/11939/31384162-MIT.pdf?sequence=2&isAllowed=y
[2026-06-02 19:11:46] Retry 1/8 for lit_kring_1994 after 5s: curl=22; web=Exception calling "DownloadFile" with "2" argument(s): "The remote server returned an error: (404) Not Found."
[2026-06-02 19:11:54] Retry 2/8 for lit_kring_1994 after 15s: curl=22; web=Exception calling "DownloadFile" with "2" argument(s): "The remote server returned an error: (404) Not Found."
[2026-06-02 19:12:12] Retry 3/8 for lit_kring_1994 after 30s: curl=22; web=Exception calling "DownloadFile" with "2" argument(s): "The remote server returned an error: (404) Not Found."
[2026-06-02 19:12:47] Retry 4/8 for lit_kring_1994 after 60s: curl=22; web=Exception calling "DownloadFile" with "2" argument(s): "The remote server returned an error: (404) Not Found."
[2026-06-02 19:13:52] Retry 5/8 for lit_kring_1994 after 90s: curl=22; web=Exception calling "DownloadFile" with "2" argument(s): "The remote server returned an error: (404) Not Found."
[2026-06-02 19:15:27] Retry 6/8 for lit_kring_1994 after 120s: curl=22; web=Exception calling "DownloadFile" with "2" argument(s): "The remote server returned an error: (404) Not Found."
[2026-06-02 19:17:30] Retry 7/8 for lit_kring_1994 after 120s: curl=22; web=Exception calling "DownloadFile" with "2" argument(s): "The remote server returned an error: (404) Not Found."
[2026-06-02 19:19:35] Retry 8/8 for lit_kring_1994 after 180s: curl=22; web=Exception calling "DownloadFile" with "2" argument(s): "The remote server returned an error: (404) Not Found."
[2026-06-02 19:22:35] GET lit_kring_1994: https://web.archive.org/web/2020/https://dspace.mit.edu/bitstream/handle/1721.1/11939/31384162-MIT.pdf?sequence=2&isAllowed=y
[2026-06-02 19:22:39] Retry 1/8 for lit_kring_1994 after 5s: curl=22; web=Exception calling "DownloadFile" with "2" argument(s): "The request was aborted: The connection was closed unexpectedly."
[2026-06-02 19:22:47] Retry 2/8 for lit_kring_1994 after 15s: curl=22; web=Exception calling "DownloadFile" with "2" argument(s): "The request was aborted: The connection was closed unexpectedly."
[2026-06-02 19:23:07] Retry 3/8 for lit_kring_1994 after 30s: curl=22; web=Exception calling "DownloadFile" with "2" argument(s): "The request was aborted: The connection was closed unexpectedly."
[2026-06-02 19:23:40] Retry 4/8 for lit_kring_1994 after 60s: curl=22; web=Exception calling "DownloadFile" with "2" argument(s): "The request was aborted: The connection was closed unexpectedly."
[2026-06-02 19:24:43] Retry 5/8 for lit_kring_1994 after 90s: curl=22; web=Exception calling "DownloadFile" with "2" argument(s): "The request was aborted: The connection was closed unexpectedly."
[2026-06-02 19:26:18] Retry 6/8 for lit_kring_1994 after 120s: curl=22; web=Exception calling "DownloadFile" with "2" argument(s): "The request was aborted: The connection was closed unexpectedly."
[2026-06-02 19:28:22] Retry 7/8 for lit_kring_1994 after 120s: curl=22; web=Exception calling "DownloadFile" with "2" argument(s): "The request was aborted: The connection was closed unexpectedly."
[2026-06-02 19:30:28] Retry 8/8 for lit_kring_1994 after 180s: curl=22; web=Exception calling "DownloadFile" with "2" argument(s): "The request was aborted: The connection was closed unexpectedly."
[2026-06-02 19:33:28] GET lit_kring_1994: https://core.ac.uk/download/pdf/48633506.pdf
[2026-06-02 19:33:36] Retry 1/8 for lit_kring_1994 after 5s: curl=22; web=Exception calling "DownloadFile" with "2" argument(s): "The remote server returned an error: (404) Not Found."
[2026-06-02 19:33:46] Retry 2/8 for lit_kring_1994 after 15s: curl=22; web=Exception calling "DownloadFile" with "2" argument(s): "The remote server returned an error: (404) Not Found."
[2026-06-02 19:34:05] Retry 3/8 for lit_kring_1994 after 30s: curl=22; web=Exception calling "DownloadFile" with "2" argument(s): "The remote server returned an error: (404) Not Found."
[2026-06-02 19:34:40] Retry 4/8 for lit_kring_1994 after 60s: curl=22; web=Exception calling "DownloadFile" with "2" argument(s): "The remote server returned an error: (404) Not Found."
[2026-06-02 19:35:44] Retry 5/8 for lit_kring_1994 after 90s: curl=22; web=Exception calling "DownloadFile" with "2" argument(s): "The remote server returned an error: (404) Not Found."
[2026-06-02 19:37:33] Retry 6/8 for lit_kring_1994 after 120s: curl=22; web=Exception calling "DownloadFile" with "2" argument(s): "The remote server returned an error: (404) Not Found."
[2026-06-02 19:39:42] Retry 7/8 for lit_kring_1994 after 120s: curl=35; web=Exception calling "DownloadFile" with "2" argument(s): "The remote server returned an error: (404) Not Found."
[2026-06-02 19:41:49] Retry 8/8 for lit_kring_1994 after 180s: curl=22; web=Exception calling "DownloadFile" with "2" argument(s): "The remote server returned an error: (404) Not Found."
[2026-06-02 19:44:49] GET lit_kring_1994: http://hdl.handle.net/1721.1/11939
[2026-06-02 19:45:07] Retry 1/8 for lit_kring_1994 after 5s: curl=22; web=Exception calling "DownloadFile" with "2" argument(s): "The remote server returned an error: (500) Internal Server Error."
[2026-06-02 19:45:27] Retry 2/8 for lit_kring_1994 after 15s: curl=22; web=Exception calling "DownloadFile" with "2" argument(s): "The remote server returned an error: (503) Server Unavailable."
[2026-06-02 19:45:57] Retry 3/8 for lit_kring_1994 after 30s: curl=22; web=Exception calling "DownloadFile" with "2" argument(s): "The remote server returned an error: (500) Internal Server Error."
[2026-06-02 19:46:45] Retry 4/8 for lit_kring_1994 after 60s: curl=22; web=Exception calling "DownloadFile" with "2" argument(s): "The remote server returned an error: (500) Internal Server Error."
[2026-06-02 19:48:02] Retry 5/8 for lit_kring_1994 after 90s: curl=22; web=Exception calling "DownloadFile" with "2" argument(s): "The remote server returned an error: (500) Internal Server Error."
[2026-06-02 19:49:37] FAIL lit_kring_1994: 
[2026-06-02 19:49:40] GET lit_donatini_2022: https://doi.org/10.1016/j.oceaneng.2022.112222
[2026-06-02 19:49:45] FAIL lit_donatini_2022: 
[2026-06-02 19:49:45] SKIP ok: lit_bailey_npl
[2026-06-02 19:49:45] SKIP ok: lit_mercier_savitsky_1973
[2026-06-02 19:49:45] GET lit_compton_1986: https://onepetro.org/mtsn/article-pdf/23/04/345/2199243/sname-mtsn-1986-23-4-345.pdf
[2026-06-02 19:49:49] Retry 1/8 for lit_compton_1986 after 5s: curl=22; web=Exception calling "DownloadFile" with "2" argument(s): "The remote server returned an error: (403) Forbidden."
[2026-06-02 19:49:58] Retry 2/8 for lit_compton_1986 after 15s: curl=22; web=Exception calling "DownloadFile" with "2" argument(s): "The remote server returned an error: (403) Forbidden."
[2026-06-02 19:50:15] Retry 3/8 for lit_compton_1986 after 30s: curl=22; web=Exception calling "DownloadFile" with "2" argument(s): "The remote server returned an error: (403) Forbidden."
[2026-06-02 19:50:48] Retry 4/8 for lit_compton_1986 after 60s: curl=22; web=Exception calling "DownloadFile" with "2" argument(s): "The remote server returned an error: (403) Forbidden."
[2026-06-02 19:51:51] Retry 5/8 for lit_compton_1986 after 90s: curl=22; web=Exception calling "DownloadFile" with "2" argument(s): "The remote server returned an error: (403) Forbidden."
[2026-06-02 19:53:23] Retry 6/8 for lit_compton_1986 after 120s: curl=22; web=Exception calling "DownloadFile" with "2" argument(s): "The remote server returned an error: (403) Forbidden."
[2026-06-02 19:55:26] Retry 7/8 for lit_compton_1986 after 120s: curl=22; web=Exception calling "DownloadFile" with "2" argument(s): "The remote server returned an error: (403) Forbidden."
[2026-06-02 19:57:30] Retry 8/8 for lit_compton_1986 after 180s: curl=35; web=Exception calling "DownloadFile" with "2" argument(s): "The remote server returned an error: (403) Forbidden."
[2026-06-02 20:00:30] GET lit_compton_1986: https://web.archive.org/web/2019/https://onepetro.org/mtsn/article-pdf/23/04/345/2199243/sname-mtsn-1986-23-4-345.pdf
[2026-06-02 20:00:39] FAIL lit_compton_1986: 
[2026-06-02 20:00:39] GET lit_savitsky_preplaning: https://doi.org/10.1063/1.5143123
[2026-06-02 20:00:43] Retry 1/8 for lit_savitsky_preplaning after 5s: curl=22; web=Exception calling "DownloadFile" with "2" argument(s): "The remote server returned an error: (404) Not Found."
[2026-06-02 20:00:50] Retry 2/8 for lit_savitsky_preplaning after 15s: curl=22; web=Exception calling "DownloadFile" with "2" argument(s): "The remote server returned an error: (404) Not Found."
[2026-06-02 20:01:07] Retry 3/8 for lit_savitsky_preplaning after 30s: curl=22; web=Exception calling "DownloadFile" with "2" argument(s): "The remote server returned an error: (404) Not Found."
[2026-06-02 20:01:39] Retry 4/8 for lit_savitsky_preplaning after 60s: curl=22; web=Exception calling "DownloadFile" with "2" argument(s): "The remote server returned an error: (404) Not Found."
[2026-06-02 20:02:41] Retry 5/8 for lit_savitsky_preplaning after 90s: curl=22; web=Exception calling "DownloadFile" with "2" argument(s): "The remote server returned an error: (404) Not Found."
[2026-06-02 20:04:12] Retry 6/8 for lit_savitsky_preplaning after 120s: curl=22; web=Exception calling "DownloadFile" with "2" argument(s): "The remote server returned an error: (404) Not Found."
[2026-06-02 20:06:16] Retry 7/8 for lit_savitsky_preplaning after 120s: curl=22; web=Exception calling "DownloadFile" with "2" argument(s): "The remote server returned an error: (404) Not Found."
[2026-06-02 20:08:20] Retry 8/8 for lit_savitsky_preplaning after 180s: curl=22; web=Exception calling "DownloadFile" with "2" argument(s): "The remote server returned an error: (404) Not Found."
[2026-06-02 20:11:20] FAIL lit_savitsky_preplaning: curl=22; web=Exception calling "DownloadFile" with "2" argument(s): "The remote server returned an error: (404) Not Found."
[2026-06-02 20:11:23] GET lit_savitsky_1964: https://onepetro.org/MTSN/article/1/04/71/172383/Hydrodynamic-Design-of-Planing-Hulls
[2026-06-02 20:11:25] Retry 1/8 for lit_savitsky_1964 after 5s: curl=22; web=Exception calling "DownloadFile" with "2" argument(s): "The remote server returned an error: (403) Forbidden."
[2026-06-02 20:11:33] Retry 2/8 for lit_savitsky_1964 after 15s: curl=22; web=Exception calling "DownloadFile" with "2" argument(s): "The remote server returned an error: (403) Forbidden."
[2026-06-02 20:11:51] Retry 3/8 for lit_savitsky_1964 after 30s: curl=22; web=Exception calling "DownloadFile" with "2" argument(s): "The remote server returned an error: (403) Forbidden."
[2026-06-02 20:12:23] Retry 4/8 for lit_savitsky_1964 after 60s: curl=22; web=Exception calling "DownloadFile" with "2" argument(s): "The remote server returned an error: (403) Forbidden."
[2026-06-02 20:13:26] Retry 5/8 for lit_savitsky_1964 after 90s: curl=22; web=Exception calling "DownloadFile" with "2" argument(s): "The remote server returned an error: (403) Forbidden."
[2026-06-02 20:14:58] Retry 6/8 for lit_savitsky_1964 after 120s: curl=22; web=Exception calling "DownloadFile" with "2" argument(s): "The remote server returned an error: (403) Forbidden."
[2026-06-02 20:17:01] Retry 7/8 for lit_savitsky_1964 after 120s: curl=22; web=Exception calling "DownloadFile" with "2" argument(s): "The remote server returned an error: (403) Forbidden."
[2026-06-02 20:19:03] Retry 8/8 for lit_savitsky_1964 after 180s: curl=22; web=Exception calling "DownloadFile" with "2" argument(s): "The remote server returned an error: (403) Forbidden."
[2026-06-02 20:22:03] GET lit_savitsky_1964: https://web.archive.org/web/2020/https://onepetro.org/MTSN/article/1/04/71/172383/Hydrodynamic-Design-of-Planing-Hulls
[2026-06-02 20:22:09] SKIP ok: lit_fridsma
[2026-06-02 20:22:09] SKIP ok: lit_savitsky_brown_1976
[2026-06-02 20:22:09] SKIP ok: lit_zhao_water_entry
[2026-06-02 20:22:16] GET lit_sun_faltinsen_2010: https://doi.org/10.2514/1.44717
[2026-06-02 20:23:07] Retry 1/8 for lit_sun_faltinsen_2010 after 5s: curl=22; web=Exception calling "DownloadFile" with "2" argument(s): "The remote server returned an error: (404) Not Found."
[2026-06-02 20:23:14] Retry 2/8 for lit_sun_faltinsen_2010 after 15s: curl=22; web=Exception calling "DownloadFile" with "2" argument(s): "The remote server returned an error: (404) Not Found."
[2026-06-02 20:23:31] Retry 3/8 for lit_sun_faltinsen_2010 after 30s: curl=22; web=Exception calling "DownloadFile" with "2" argument(s): "The remote server returned an error: (404) Not Found."
[2026-06-02 20:24:03] Retry 4/8 for lit_sun_faltinsen_2010 after 60s: curl=22; web=Exception calling "DownloadFile" with "2" argument(s): "The remote server returned an error: (404) Not Found."
[2026-06-02 20:25:04] Retry 5/8 for lit_sun_faltinsen_2010 after 90s: curl=22; web=Exception calling "DownloadFile" with "2" argument(s): "The remote server returned an error: (404) Not Found."
[2026-06-02 20:26:36] Retry 6/8 for lit_sun_faltinsen_2010 after 120s: curl=22; web=Exception calling "DownloadFile" with "2" argument(s): "The remote server returned an error: (404) Not Found."
[2026-06-02 20:28:41] Retry 7/8 for lit_sun_faltinsen_2010 after 120s: curl=22; web=Exception calling "DownloadFile" with "2" argument(s): "The remote server returned an error: (404) Not Found."
[2026-06-02 20:30:44] Retry 8/8 for lit_sun_faltinsen_2010 after 180s: curl=22; web=Exception calling "DownloadFile" with "2" argument(s): "The remote server returned an error: (404) Not Found."
[2026-06-02 20:33:44] FAIL lit_sun_faltinsen_2010: curl=22; web=Exception calling "DownloadFile" with "2" argument(s): "The remote server returned an error: (404) Not Found."
[2026-06-02 20:33:48] GET lit_planing_review_2024: https://doi.org/10.1016/j.oceaneng.2024.114383
[2026-06-02 20:33:51] Retry 1/8 for lit_planing_review_2024 after 5s: curl=22; web=Exception calling "DownloadFile" with "2" argument(s): "The remote server returned an error: (404) Not Found."
[2026-06-02 20:33:58] Retry 2/8 for lit_planing_review_2024 after 15s: curl=22; web=Exception calling "DownloadFile" with "2" argument(s): "The remote server returned an error: (404) Not Found."
[2026-06-02 20:34:15] Retry 3/8 for lit_planing_review_2024 after 30s: curl=22; web=Exception calling "DownloadFile" with "2" argument(s): "The remote server returned an error: (404) Not Found."
[2026-06-02 20:34:47] Retry 4/8 for lit_planing_review_2024 after 60s: curl=22; web=Exception calling "DownloadFile" with "2" argument(s): "The remote server returned an error: (404) Not Found."
[2026-06-02 20:35:48] Retry 5/8 for lit_planing_review_2024 after 90s: curl=22; web=Exception calling "DownloadFile" with "2" argument(s): "The remote server returned an error: (404) Not Found."
[2026-06-02 20:37:28] Retry 6/8 for lit_planing_review_2024 after 120s: curl=22; web=Exception calling "DownloadFile" with "2" argument(s): "The remote server returned an error: (404) Not Found."
[2026-06-02 20:39:34] Retry 7/8 for lit_planing_review_2024 after 120s: curl=22; web=Exception calling "DownloadFile" with "2" argument(s): "The remote server returned an error: (404) Not Found."
[2026-06-02 20:41:38] Retry 8/8 for lit_planing_review_2024 after 180s: curl=22; web=Exception calling "DownloadFile" with "2" argument(s): "The remote server returned an error: (404) Not Found."
[2026-06-02 20:44:38] GET lit_planing_review_2024: https://www.sciencedirect.com/science/article/pii/S0029801824003834
[2026-06-02 20:44:42] Retry 1/8 for lit_planing_review_2024 after 5s: curl=35; web=Exception calling "DownloadFile" with "2" argument(s): "The remote server returned an error: (403) Forbidden."
[2026-06-02 20:44:50] Retry 2/8 for lit_planing_review_2024 after 15s: curl=22; web=Exception calling "DownloadFile" with "2" argument(s): "The remote server returned an error: (403) Forbidden."
[2026-06-02 20:45:09] Retry 3/8 for lit_planing_review_2024 after 30s: curl=22; web=Exception calling "DownloadFile" with "2" argument(s): "The remote server returned an error: (403) Forbidden."
[2026-06-02 20:45:42] Retry 4/8 for lit_planing_review_2024 after 60s: curl=22; web=Exception calling "DownloadFile" with "2" argument(s): "The remote server returned an error: (403) Forbidden."
[2026-06-02 20:46:45] Retry 5/8 for lit_planing_review_2024 after 90s: curl=22; web=Exception calling "DownloadFile" with "2" argument(s): "The remote server returned an error: (403) Forbidden."
[2026-06-02 20:48:19] Retry 6/8 for lit_planing_review_2024 after 120s: curl=22; web=Exception calling "DownloadFile" with "2" argument(s): "The remote server returned an error: (403) Forbidden."
[2026-06-02 20:50:24] Retry 7/8 for lit_planing_review_2024 after 120s: curl=22; web=Exception calling "DownloadFile" with "2" argument(s): "The remote server returned an error: (403) Forbidden."
[2026-06-02 20:52:29] Retry 8/8 for lit_planing_review_2024 after 180s: curl=22; web=Exception calling "DownloadFile" with "2" argument(s): "The remote server returned an error: (403) Forbidden."
[2026-06-02 20:55:29] FAIL lit_planing_review_2024: curl=22; web=Exception calling "DownloadFile" with "2" argument(s): "The remote server returned an error: (403) Forbidden."
[2026-06-02 20:55:32] GET lit_fossen_2012: https://doi.org/10.1016/j.oceaneng.2012.09.012
[2026-06-02 20:55:38] GET lit_fossen_2012: https://folk.ntnu.no/thomas.fossen/pub/Fossen2012windwaves.pdf
[2026-06-02 20:55:44] Retry 1/8 for lit_fossen_2012 after 5s: curl=22; web=Exception calling "DownloadFile" with "2" argument(s): "The remote server returned an error: (404) Not Found."
[2026-06-02 20:55:55] Retry 2/8 for lit_fossen_2012 after 15s: curl=22; web=Exception calling "DownloadFile" with "2" argument(s): "The remote server returned an error: (404) Not Found."
[2026-06-02 20:56:16] Retry 3/8 for lit_fossen_2012 after 30s: curl=22; web=Exception calling "DownloadFile" with "2" argument(s): "The remote server returned an error: (404) Not Found."
[2026-06-02 20:56:51] Retry 4/8 for lit_fossen_2012 after 60s: curl=22; web=Exception calling "DownloadFile" with "2" argument(s): "The remote server returned an error: (404) Not Found."
[2026-06-02 20:57:56] Retry 5/8 for lit_fossen_2012 after 90s: curl=22; web=Exception calling "DownloadFile" with "2" argument(s): "The remote server returned an error: (404) Not Found."
[2026-06-02 20:59:30] Retry 6/8 for lit_fossen_2012 after 120s: curl=22; web=Exception calling "DownloadFile" with "2" argument(s): "The remote server returned an error: (404) Not Found."
[2026-06-02 21:01:35] Retry 7/8 for lit_fossen_2012 after 120s: curl=22; web=Exception calling "DownloadFile" with "2" argument(s): "The remote server returned an error: (404) Not Found."
[2026-06-02 21:03:43] Retry 8/8 for lit_fossen_2012 after 180s: curl=22; web=Exception calling "DownloadFile" with "2" argument(s): "The remote server returned an error: (404) Not Found."
[2026-06-02 21:06:43] GET lit_fossen_2012: https://folk.ntnu.no/thomas.fossen/pub/Fossen2012wind.pdf
[2026-06-02 21:06:49] Retry 1/8 for lit_fossen_2012 after 5s: curl=22; web=Exception calling "DownloadFile" with "2" argument(s): "The remote server returned an error: (404) Not Found."
[2026-06-02 21:06:59] Retry 2/8 for lit_fossen_2012 after 15s: curl=22; web=Exception calling "DownloadFile" with "2" argument(s): "The remote server returned an error: (404) Not Found."
[2026-06-02 21:07:17] Retry 3/8 for lit_fossen_2012 after 30s: curl=22; web=Exception calling "DownloadFile" with "2" argument(s): "The remote server returned an error: (404) Not Found."
[2026-06-02 21:07:51] Retry 4/8 for lit_fossen_2012 after 60s: curl=22; web=Exception calling "DownloadFile" with "2" argument(s): "The remote server returned an error: (404) Not Found."
[2026-06-02 21:08:56] Retry 5/8 for lit_fossen_2012 after 90s: curl=22; web=Exception calling "DownloadFile" with "2" argument(s): "The remote server returned an error: (404) Not Found."
[2026-06-02 21:10:29] Retry 6/8 for lit_fossen_2012 after 120s: curl=22; web=Exception calling "DownloadFile" with "2" argument(s): "The remote server returned an error: (404) Not Found."
[2026-06-02 21:12:33] Retry 7/8 for lit_fossen_2012 after 120s: curl=22; web=Exception calling "DownloadFile" with "2" argument(s): "The remote server returned an error: (404) Not Found."
[2026-06-02 21:14:37] Retry 8/8 for lit_fossen_2012 after 180s: curl=22; web=Exception calling "DownloadFile" with "2" argument(s): "The remote server returned an error: (404) Not Found."
[2026-06-02 21:17:37] GET lit_fossen_2012: https://www.researchgate.net/profile/Thor-Fossen/publication/257623456_How_to_incorporate_wind_waves_and_ocean_currents_in_the_marine_craft_equations_of_motion/links/0deec53c8c0c5e0e3c000000/How-to-incorporate-wind-waves-and-ocean-currents-in-the-marine-craft-equations-of-motion.pdf
[2026-06-02 21:17:45] Retry 1/8 for lit_fossen_2012 after 5s: curl=22; web=Exception calling "DownloadFile" with "2" argument(s): "The remote server returned an error: (403) Forbidden."
[2026-06-02 21:17:53] Retry 2/8 for lit_fossen_2012 after 15s: curl=35; web=Exception calling "DownloadFile" with "2" argument(s): "The remote server returned an error: (403) Forbidden."
[2026-06-02 21:18:10] Retry 3/8 for lit_fossen_2012 after 30s: curl=22; web=Exception calling "DownloadFile" with "2" argument(s): "The remote server returned an error: (403) Forbidden."
[2026-06-02 21:18:43] Retry 4/8 for lit_fossen_2012 after 60s: curl=22; web=Exception calling "DownloadFile" with "2" argument(s): "The remote server returned an error: (403) Forbidden."
[2026-06-02 21:19:46] Retry 5/8 for lit_fossen_2012 after 90s: curl=22; web=Exception calling "DownloadFile" with "2" argument(s): "The remote server returned an error: (403) Forbidden."
[2026-06-02 21:21:18] Retry 6/8 for lit_fossen_2012 after 120s: curl=22; web=Exception calling "DownloadFile" with "2" argument(s): "The remote server returned an error: (403) Forbidden."
[2026-06-02 21:23:22] Retry 7/8 for lit_fossen_2012 after 120s: curl=22; web=Exception calling "DownloadFile" with "2" argument(s): "The remote server returned an error: (403) Forbidden."
[2026-06-02 21:25:24] Retry 8/8 for lit_fossen_2012 after 180s: curl=22; web=Exception calling "DownloadFile" with "2" argument(s): "The remote server returned an error: (403) Forbidden."
[2026-06-02 21:28:24] FAIL lit_fossen_2012: curl=22; web=Exception calling "DownloadFile" with "2" argument(s): "The remote server returned an error: (403) Forbidden."
[2026-06-02 21:28:24] GET lit_molland_book: https://www.routledge.com/Maritime-Engineering-Ship-Design/Molland/p/book/9780750665275
[2026-06-02 21:28:29] Retry 1/8 for lit_molland_book after 5s: curl=22; web=Exception calling "DownloadFile" with "2" argument(s): "The request was aborted: The connection was closed unexpectedly."
[2026-06-02 21:28:42] Retry 2/8 for lit_molland_book after 15s: curl=22; web=Exception calling "DownloadFile" with "2" argument(s): "The request was aborted: The connection was closed unexpectedly."
[2026-06-02 21:29:01] Retry 3/8 for lit_molland_book after 30s: curl=22; web=Exception calling "DownloadFile" with "2" argument(s): "The request was aborted: The connection was closed unexpectedly."
[2026-06-02 21:29:36] Retry 4/8 for lit_molland_book after 60s: curl=22; web=Exception calling "DownloadFile" with "2" argument(s): "The request was aborted: The connection was closed unexpectedly."
[2026-06-02 21:30:40] Retry 5/8 for lit_molland_book after 90s: curl=22; web=Exception calling "DownloadFile" with "2" argument(s): "The request was aborted: The connection was closed unexpectedly."
[2026-06-02 21:32:14] Retry 6/8 for lit_molland_book after 120s: curl=22; web=Exception calling "DownloadFile" with "2" argument(s): "The request was aborted: The connection was closed unexpectedly."
[2026-06-02 21:34:36] Retry 7/8 for lit_molland_book after 120s: curl=22; web=Exception calling "DownloadFile" with "2" argument(s): "The request was aborted: The connection was closed unexpectedly."
[2026-06-02 21:36:41] Retry 8/8 for lit_molland_book after 180s: curl=35; web=Exception calling "DownloadFile" with "2" argument(s): "The request was aborted: The connection was closed unexpectedly."
[2026-06-02 21:39:41] FAIL lit_molland_book: curl=35; web=Exception calling "DownloadFile" with "2" argument(s): "The request was aborted: The connection was closed unexpectedly."
[2026-06-02 21:39:41] SKIP git ok: code_pdstrip
[2026-06-02 21:39:41] SKIP git ok: code_hams
[2026-06-02 21:39:41] SKIP git ok: code_bemrosetta
[2026-06-02 21:39:41] SKIP git ok: code_ow3d
[2026-06-02 21:39:41] SKIP git ok: code_openplaning
[2026-06-02 21:39:41] SKIP git ok: code_binder_openplaning
[2026-06-02 21:39:41] SKIP git ok: code_mmgdynamics
[2026-06-02 21:39:41] SKIP git ok: code_shipmmg
[2026-06-02 21:39:41] SKIP git ok: code_nemoh
[2026-06-02 21:39:41] SKIP git ok: code_capytaine
[2026-06-02 21:39:41] SKIP git ok: code_mss_tools
[2026-06-02 21:39:41] SKIP git ok: code_python_vehicle
[2026-06-02 21:39:41] SKIP ok: data_kcs_index
[2026-06-02 21:39:41] SKIP ok: data_kcs_hull_zip
[2026-06-02 21:39:41] SKIP ok: data_kcs_rudder_zip
[2026-06-02 21:39:41] SKIP ok: data_kcs_prop_zip
[2026-06-02 21:39:41] SKIP ok: data_kcs_case211_zip
[2026-06-02 21:39:41] SKIP ok: data_delft372_report
[2026-06-02 21:39:41] GET data_delft372_strath: https://strathprints.strath.ac.uk/82218/1/Duman_Bal_OE_2022_Turn_and_zigzag_manoeuvres_of_Delft_catamaran_372_using_CFD_based_system_simulation_method.pdf
[2026-06-02 21:39:46] Retry 1/8 for data_delft372_strath after 5s: curl=22; web=Exception calling "DownloadFile" with "2" argument(s): "The remote server returned an error: (404) Not Found."
[2026-06-02 21:39:56] Retry 2/8 for data_delft372_strath after 15s: curl=22; web=Exception calling "DownloadFile" with "2" argument(s): "The remote server returned an error: (404) Not Found."
[2026-06-02 21:40:16] Retry 3/8 for data_delft372_strath after 30s: curl=22; web=Exception calling "DownloadFile" with "2" argument(s): "The remote server returned an error: (404) Not Found."
[2026-06-02 21:40:51] Retry 4/8 for data_delft372_strath after 60s: curl=22; web=Exception calling "DownloadFile" with "2" argument(s): "The remote server returned an error: (404) Not Found."
[2026-06-02 21:41:56] Retry 5/8 for data_delft372_strath after 90s: curl=22; web=Exception calling "DownloadFile" with "2" argument(s): "The remote server returned an error: (404) Not Found."
[2026-06-02 21:43:32] Retry 6/8 for data_delft372_strath after 120s: curl=22; web=Exception calling "DownloadFile" with "2" argument(s): "The remote server returned an error: (404) Not Found."
[2026-06-02 21:45:38] Retry 7/8 for data_delft372_strath after 120s: curl=22; web=Exception calling "DownloadFile" with "2" argument(s): "The remote server returned an error: (404) Not Found."
[2026-06-02 21:47:43] Retry 8/8 for data_delft372_strath after 180s: curl=22; web=Exception calling "DownloadFile" with "2" argument(s): "The remote server returned an error: (404) Not Found."
[2026-06-02 21:50:43] FAIL data_delft372_strath: curl=22; web=Exception calling "DownloadFile" with "2" argument(s): "The remote server returned an error: (404) Not Found."
[2026-06-02 21:51:26] SKIP ok: fossen_mss_index
[2026-06-02 21:51:26] SKIP ok: fossen_pvs
[2026-06-02 21:51:26] SUMMARY ok=29 paywall=8 failed=4 pending=3
SUMMARY ok=29 paywall=8 failed=4 pending=3
Retry 7 items in 60s...
=== Round 12 / 20 ===
[2026-06-02 21:52:26] === download_all.ps1 start (early_stage_materials) ===
[2026-06-02 21:52:27] SKIP ok: lit_stf_1970
[2026-06-02 21:52:27] SKIP ok: lit_faltinsen_sea_loads
[2026-06-02 21:52:27] SKIP ok: lit_faltinsen_hsmv_preview
[2026-06-02 21:52:30] GET lit_ma_2005: https://doi.org/10.1016/j.oceaneng.2004.08.012
[2026-06-02 21:52:44] FAIL lit_ma_2005: 
[2026-06-02 21:52:44] GET lit_arribas_2006: https://doi.org/10.1016/j.oceaneng.2005.09.008
[2026-06-02 21:52:49] FAIL lit_arribas_2006: 
[2026-06-02 21:52:49] GET lit_kring_1994: https://dspace.mit.edu/bitstream/handle/1721.1/11939/31384162-MIT.pdf?sequence=2&isAllowed=y
[2026-06-02 21:52:55] Retry 1/8 for lit_kring_1994 after 5s: curl=22; web=Exception calling "DownloadFile" with "2" argument(s): "The remote server returned an error: (404) Not Found."
[2026-06-02 21:53:04] Retry 2/8 for lit_kring_1994 after 15s: curl=22; web=Exception calling "DownloadFile" with "2" argument(s): "The remote server returned an error: (404) Not Found."
[2026-06-02 21:53:24] Retry 3/8 for lit_kring_1994 after 30s: curl=22; web=Exception calling "DownloadFile" with "2" argument(s): "The remote server returned an error: (404) Not Found."
[2026-06-02 21:53:59] Retry 4/8 for lit_kring_1994 after 60s: curl=22; web=Exception calling "DownloadFile" with "2" argument(s): "The remote server returned an error: (404) Not Found."
[2026-06-02 21:55:04] Retry 5/8 for lit_kring_1994 after 90s: curl=22; web=Exception calling "DownloadFile" with "2" argument(s): "The remote server returned an error: (404) Not Found."
[2026-06-02 21:56:39] Retry 6/8 for lit_kring_1994 after 120s: curl=22; web=Exception calling "DownloadFile" with "2" argument(s): "The remote server returned an error: (404) Not Found."
[2026-06-02 21:58:43] Retry 7/8 for lit_kring_1994 after 120s: curl=22; web=Exception calling "DownloadFile" with "2" argument(s): "The remote server returned an error: (404) Not Found."
[2026-06-02 22:00:48] Retry 8/8 for lit_kring_1994 after 180s: curl=22; web=Exception calling "DownloadFile" with "2" argument(s): "The remote server returned an error: (404) Not Found."
[2026-06-02 22:03:48] GET lit_kring_1994: https://web.archive.org/web/2020/https://dspace.mit.edu/bitstream/handle/1721.1/11939/31384162-MIT.pdf?sequence=2&isAllowed=y
[2026-06-02 22:03:56] Retry 1/8 for lit_kring_1994 after 5s: curl=22; web=Exception calling "DownloadFile" with "2" argument(s): "The request was aborted: The connection was closed unexpectedly."
[2026-06-02 22:04:07] Retry 2/8 for lit_kring_1994 after 15s: curl=22; web=Exception calling "DownloadFile" with "2" argument(s): "The request was aborted: The connection was closed unexpectedly."
[2026-06-02 22:04:27] Retry 3/8 for lit_kring_1994 after 30s: curl=22; web=Exception calling "DownloadFile" with "2" argument(s): "The request was aborted: The connection was closed unexpectedly."
[2026-06-02 22:05:00] Retry 4/8 for lit_kring_1994 after 60s: curl=22; web=Exception calling "DownloadFile" with "2" argument(s): "The request was aborted: The connection was closed unexpectedly."
[2026-06-02 22:06:06] Retry 5/8 for lit_kring_1994 after 90s: curl=22; web=Exception calling "DownloadFile" with "2" argument(s): "The request was aborted: The connection was closed unexpectedly."
[2026-06-02 22:07:41] Retry 6/8 for lit_kring_1994 after 120s: curl=22; web=Exception calling "DownloadFile" with "2" argument(s): "The request was aborted: The connection was closed unexpectedly."
[2026-06-02 22:10:04] Retry 7/8 for lit_kring_1994 after 120s: curl=22; web=Exception calling "DownloadFile" with "2" argument(s): "The request was aborted: The connection was closed unexpectedly."
[2026-06-02 22:12:09] Retry 8/8 for lit_kring_1994 after 180s: curl=22; web=Exception calling "DownloadFile" with "2" argument(s): "The request was aborted: The connection was closed unexpectedly."
[2026-06-02 22:15:09] GET lit_kring_1994: https://core.ac.uk/download/pdf/48633506.pdf
[2026-06-02 22:15:17] Retry 1/8 for lit_kring_1994 after 5s: curl=22; web=Exception calling "DownloadFile" with "2" argument(s): "The remote server returned an error: (404) Not Found."
[2026-06-02 22:15:28] Retry 2/8 for lit_kring_1994 after 15s: curl=35; web=Exception calling "DownloadFile" with "2" argument(s): "The remote server returned an error: (404) Not Found."
[2026-06-02 22:15:48] Retry 3/8 for lit_kring_1994 after 30s: curl=22; web=Exception calling "DownloadFile" with "2" argument(s): "The remote server returned an error: (404) Not Found."
[2026-06-02 22:16:22] Retry 4/8 for lit_kring_1994 after 60s: curl=22; web=Exception calling "DownloadFile" with "2" argument(s): "The remote server returned an error: (404) Not Found."
[2026-06-02 22:17:27] Retry 5/8 for lit_kring_1994 after 90s: curl=22; web=Exception calling "DownloadFile" with "2" argument(s): "The remote server returned an error: (404) Not Found."
[2026-06-02 22:19:03] Retry 6/8 for lit_kring_1994 after 120s: curl=22; web=Exception calling "DownloadFile" with "2" argument(s): "The remote server returned an error: (404) Not Found."
[2026-06-02 22:21:13] Retry 7/8 for lit_kring_1994 after 120s: curl=22; web=Exception calling "DownloadFile" with "2" argument(s): "The remote server returned an error: (404) Not Found."
[2026-06-02 22:23:23] Retry 8/8 for lit_kring_1994 after 180s: curl=22; web=Exception calling "DownloadFile" with "2" argument(s): "The remote server returned an error: (404) Not Found."
[2026-06-02 22:26:23] GET lit_kring_1994: http://hdl.handle.net/1721.1/11939
[2026-06-02 22:26:41] Retry 1/8 for lit_kring_1994 after 5s: curl=22; web=Exception calling "DownloadFile" with "2" argument(s): "The remote server returned an error: (500) Internal Server Error."
[2026-06-02 22:27:02] Retry 2/8 for lit_kring_1994 after 15s: curl=22; web=Exception calling "DownloadFile" with "2" argument(s): "The remote server returned an error: (500) Internal Server Error."
[2026-06-02 22:27:36] Retry 3/8 for lit_kring_1994 after 30s: curl=22; web=Exception calling "DownloadFile" with "2" argument(s): "The remote server returned an error: (500) Internal Server Error."
[2026-06-02 22:28:22] Retry 4/8 for lit_kring_1994 after 60s: curl=22; web=Exception calling "DownloadFile" with "2" argument(s): "An exception occurred during a WebClient request."
[2026-06-02 22:29:41] Retry 5/8 for lit_kring_1994 after 90s: curl=22; web=Exception calling "DownloadFile" with "2" argument(s): "The remote server returned an error: (500) Internal Server Error."
[2026-06-02 22:31:27] Retry 6/8 for lit_kring_1994 after 120s: curl=22; web=Exception calling "DownloadFile" with "2" argument(s): "The remote server returned an error: (500) Internal Server Error."
[2026-06-02 22:33:48] Retry 7/8 for lit_kring_1994 after 120s: curl=22; web=Exception calling "DownloadFile" with "2" argument(s): "The remote server returned an error: (503) Server Unavailable."
[2026-06-02 22:36:05] Retry 8/8 for lit_kring_1994 after 180s: curl=22; web=Exception calling "DownloadFile" with "2" argument(s): "The remote server returned an error: (500) Internal Server Error."
[2026-06-02 22:39:05] FAIL lit_kring_1994: curl=22; web=Exception calling "DownloadFile" with "2" argument(s): "The remote server returned an error: (500) Internal Server Error."
[2026-06-02 22:39:08] GET lit_donatini_2022: https://doi.org/10.1016/j.oceaneng.2022.112222
[2026-06-02 22:39:13] FAIL lit_donatini_2022: 
[2026-06-02 22:39:13] SKIP ok: lit_bailey_npl
[2026-06-02 22:39:13] SKIP ok: lit_mercier_savitsky_1973
[2026-06-02 22:39:13] GET lit_compton_1986: https://onepetro.org/mtsn/article-pdf/23/04/345/2199243/sname-mtsn-1986-23-4-345.pdf
[2026-06-02 22:39:19] Retry 1/8 for lit_compton_1986 after 5s: curl=22; web=Exception calling "DownloadFile" with "2" argument(s): "The remote server returned an error: (403) Forbidden."
[2026-06-02 22:39:28] Retry 2/8 for lit_compton_1986 after 15s: curl=22; web=Exception calling "DownloadFile" with "2" argument(s): "The remote server returned an error: (403) Forbidden."
[2026-06-02 22:39:46] Retry 3/8 for lit_compton_1986 after 30s: curl=22; web=Exception calling "DownloadFile" with "2" argument(s): "The remote server returned an error: (403) Forbidden."
[2026-06-02 22:40:20] Retry 4/8 for lit_compton_1986 after 60s: curl=22; web=Exception calling "DownloadFile" with "2" argument(s): "The remote server returned an error: (403) Forbidden."
[2026-06-02 22:41:27] Retry 5/8 for lit_compton_1986 after 90s: curl=22; web=Exception calling "DownloadFile" with "2" argument(s): "The remote server returned an error: (403) Forbidden."
[2026-06-02 22:43:00] Retry 6/8 for lit_compton_1986 after 120s: curl=22; web=Exception calling "DownloadFile" with "2" argument(s): "The remote server returned an error: (403) Forbidden."
[2026-06-02 22:45:09] Retry 7/8 for lit_compton_1986 after 120s: curl=35; web=Exception calling "DownloadFile" with "2" argument(s): "The remote server returned an error: (403) Forbidden."
[2026-06-02 22:47:40] Retry 8/8 for lit_compton_1986 after 180s: curl=22; web=Exception calling "DownloadFile" with "2" argument(s): "The remote server returned an error: (403) Forbidden."
[2026-06-02 22:50:40] GET lit_compton_1986: https://web.archive.org/web/2019/https://onepetro.org/mtsn/article-pdf/23/04/345/2199243/sname-mtsn-1986-23-4-345.pdf
[2026-06-02 22:50:57] FAIL lit_compton_1986: 
[2026-06-02 22:50:57] GET lit_savitsky_preplaning: https://doi.org/10.1063/1.5143123
[2026-06-02 22:51:01] Retry 1/8 for lit_savitsky_preplaning after 5s: curl=22; web=Exception calling "DownloadFile" with "2" argument(s): "The remote server returned an error: (404) Not Found."
[2026-06-02 22:51:08] Retry 2/8 for lit_savitsky_preplaning after 15s: curl=22; web=Exception calling "DownloadFile" with "2" argument(s): "The remote server returned an error: (404) Not Found."
[2026-06-02 22:51:28] Retry 3/8 for lit_savitsky_preplaning after 30s: curl=22; web=Exception calling "DownloadFile" with "2" argument(s): "The remote server returned an error: (404) Not Found."
[2026-06-02 22:52:00] Retry 4/8 for lit_savitsky_preplaning after 60s: curl=22; web=Exception calling "DownloadFile" with "2" argument(s): "The remote server returned an error: (404) Not Found."
[2026-06-02 22:53:02] Retry 5/8 for lit_savitsky_preplaning after 90s: curl=22; web=Exception calling "DownloadFile" with "2" argument(s): "The remote server returned an error: (404) Not Found."
[2026-06-02 22:54:34] Retry 6/8 for lit_savitsky_preplaning after 120s: curl=22; web=Exception calling "DownloadFile" with "2" argument(s): "The remote server returned an error: (404) Not Found."
[2026-06-02 22:56:38] Retry 7/8 for lit_savitsky_preplaning after 120s: curl=22; web=Exception calling "DownloadFile" with "2" argument(s): "The remote server returned an error: (404) Not Found."
[2026-06-02 22:58:43] Retry 8/8 for lit_savitsky_preplaning after 180s: curl=22; web=Exception calling "DownloadFile" with "2" argument(s): "The remote server returned an error: (404) Not Found."
[2026-06-02 23:01:43] FAIL lit_savitsky_preplaning: curl=22; web=Exception calling "DownloadFile" with "2" argument(s): "The remote server returned an error: (404) Not Found."
[2026-06-02 23:01:47] GET lit_savitsky_1964: https://onepetro.org/MTSN/article/1/04/71/172383/Hydrodynamic-Design-of-Planing-Hulls
[2026-06-02 23:01:51] Retry 1/8 for lit_savitsky_1964 after 5s: curl=22; web=Exception calling "DownloadFile" with "2" argument(s): "The remote server returned an error: (403) Forbidden."
[2026-06-02 23:01:59] Retry 2/8 for lit_savitsky_1964 after 15s: curl=35; web=Exception calling "DownloadFile" with "2" argument(s): "The remote server returned an error: (403) Forbidden."
[2026-06-02 23:02:18] Retry 3/8 for lit_savitsky_1964 after 30s: curl=22; web=Exception calling "DownloadFile" with "2" argument(s): "The remote server returned an error: (403) Forbidden."
[2026-06-02 23:02:51] Retry 4/8 for lit_savitsky_1964 after 60s: curl=22; web=Exception calling "DownloadFile" with "2" argument(s): "The remote server returned an error: (403) Forbidden."
[2026-06-02 23:03:53] Retry 5/8 for lit_savitsky_1964 after 90s: curl=22; web=Exception calling "DownloadFile" with "2" argument(s): "The remote server returned an error: (403) Forbidden."
[2026-06-02 23:05:26] Retry 6/8 for lit_savitsky_1964 after 120s: curl=22; web=Exception calling "DownloadFile" with "2" argument(s): "The remote server returned an error: (403) Forbidden."
[2026-06-02 23:07:31] Retry 7/8 for lit_savitsky_1964 after 120s: curl=22; web=Exception calling "DownloadFile" with "2" argument(s): "The remote server returned an error: (403) Forbidden."
[2026-06-02 23:09:34] Retry 8/8 for lit_savitsky_1964 after 180s: curl=22; web=Exception calling "DownloadFile" with "2" argument(s): "The remote server returned an error: (403) Forbidden."
[2026-06-02 23:12:34] GET lit_savitsky_1964: https://web.archive.org/web/2020/https://onepetro.org/MTSN/article/1/04/71/172383/Hydrodynamic-Design-of-Planing-Hulls
[2026-06-02 23:12:39] SKIP ok: lit_fridsma
[2026-06-02 23:12:39] SKIP ok: lit_savitsky_brown_1976
[2026-06-02 23:12:39] SKIP ok: lit_zhao_water_entry
[2026-06-02 23:12:44] GET lit_sun_faltinsen_2010: https://doi.org/10.2514/1.44717
[2026-06-02 23:12:48] Retry 1/8 for lit_sun_faltinsen_2010 after 5s: curl=22; web=Exception calling "DownloadFile" with "2" argument(s): "The remote server returned an error: (404) Not Found."
[2026-06-02 23:12:55] Retry 2/8 for lit_sun_faltinsen_2010 after 15s: curl=22; web=Exception calling "DownloadFile" with "2" argument(s): "The remote server returned an error: (404) Not Found."
[2026-06-02 23:13:12] Retry 3/8 for lit_sun_faltinsen_2010 after 30s: curl=22; web=Exception calling "DownloadFile" with "2" argument(s): "The remote server returned an error: (404) Not Found."
[2026-06-02 23:13:44] Retry 4/8 for lit_sun_faltinsen_2010 after 60s: curl=22; web=Exception calling "DownloadFile" with "2" argument(s): "The remote server returned an error: (404) Not Found."
[2026-06-02 23:14:46] Retry 5/8 for lit_sun_faltinsen_2010 after 90s: curl=22; web=Exception calling "DownloadFile" with "2" argument(s): "The remote server returned an error: (404) Not Found."
[2026-06-02 23:16:19] Retry 6/8 for lit_sun_faltinsen_2010 after 120s: curl=22; web=Exception calling "DownloadFile" with "2" argument(s): "The remote server returned an error: (404) Not Found."
[2026-06-02 23:18:22] Retry 7/8 for lit_sun_faltinsen_2010 after 120s: curl=22; web=Exception calling "DownloadFile" with "2" argument(s): "The remote server returned an error: (404) Not Found."
[2026-06-02 23:20:25] Retry 8/8 for lit_sun_faltinsen_2010 after 180s: curl=22; web=Exception calling "DownloadFile" with "2" argument(s): "The remote server returned an error: (404) Not Found."
[2026-06-02 23:23:25] FAIL lit_sun_faltinsen_2010: curl=22; web=Exception calling "DownloadFile" with "2" argument(s): "The remote server returned an error: (404) Not Found."
[2026-06-02 23:24:19] GET lit_planing_review_2024: https://doi.org/10.1016/j.oceaneng.2024.114383
[2026-06-02 23:24:24] Retry 1/8 for lit_planing_review_2024 after 5s: curl=22; web=Exception calling "DownloadFile" with "2" argument(s): "The remote server returned an error: (404) Not Found."
[2026-06-02 23:24:31] Retry 2/8 for lit_planing_review_2024 after 15s: curl=22; web=Exception calling "DownloadFile" with "2" argument(s): "The remote server returned an error: (404) Not Found."
[2026-06-02 23:24:48] Retry 3/8 for lit_planing_review_2024 after 30s: curl=22; web=Exception calling "DownloadFile" with "2" argument(s): "The remote server returned an error: (404) Not Found."
[2026-06-02 23:25:49] Retry 4/8 for lit_planing_review_2024 after 60s: curl=22; web=Exception calling "DownloadFile" with "2" argument(s): "The remote server returned an error: (404) Not Found."
[2026-06-02 23:26:52] Retry 5/8 for lit_planing_review_2024 after 90s: curl=22; web=Exception calling "DownloadFile" with "2" argument(s): "The remote server returned an error: (404) Not Found."
[2026-06-02 23:28:24] Retry 6/8 for lit_planing_review_2024 after 120s: curl=22; web=Exception calling "DownloadFile" with "2" argument(s): "The remote server returned an error: (404) Not Found."
[2026-06-02 23:30:28] Retry 7/8 for lit_planing_review_2024 after 120s: curl=22; web=Exception calling "DownloadFile" with "2" argument(s): "The remote server returned an error: (404) Not Found."
[2026-06-02 23:32:32] Retry 8/8 for lit_planing_review_2024 after 180s: curl=22; web=Exception calling "DownloadFile" with "2" argument(s): "The remote server returned an error: (404) Not Found."
[2026-06-02 23:35:32] GET lit_planing_review_2024: https://www.sciencedirect.com/science/article/pii/S0029801824003834
[2026-06-02 23:35:36] Retry 1/8 for lit_planing_review_2024 after 5s: curl=22; web=Exception calling "DownloadFile" with "2" argument(s): "The remote server returned an error: (403) Forbidden."
[2026-06-02 23:35:45] Retry 2/8 for lit_planing_review_2024 after 15s: curl=22; web=Exception calling "DownloadFile" with "2" argument(s): "The remote server returned an error: (403) Forbidden."
[2026-06-02 23:36:02] Retry 3/8 for lit_planing_review_2024 after 30s: curl=22; web=Exception calling "DownloadFile" with "2" argument(s): "The remote server returned an error: (403) Forbidden."
[2026-06-02 23:36:35] Retry 4/8 for lit_planing_review_2024 after 60s: curl=22; web=Exception calling "DownloadFile" with "2" argument(s): "The remote server returned an error: (403) Forbidden."
[2026-06-02 23:37:39] Retry 5/8 for lit_planing_review_2024 after 90s: curl=22; web=Exception calling "DownloadFile" with "2" argument(s): "The remote server returned an error: (403) Forbidden."
[2026-06-02 23:39:12] Retry 6/8 for lit_planing_review_2024 after 120s: curl=22; web=Exception calling "DownloadFile" with "2" argument(s): "The remote server returned an error: (403) Forbidden."
[2026-06-02 23:41:18] Retry 7/8 for lit_planing_review_2024 after 120s: curl=22; web=Exception calling "DownloadFile" with "2" argument(s): "The remote server returned an error: (403) Forbidden."
[2026-06-02 23:43:23] Retry 8/8 for lit_planing_review_2024 after 180s: curl=35; web=Exception calling "DownloadFile" with "2" argument(s): "The remote server returned an error: (403) Forbidden."
[2026-06-02 23:46:23] FAIL lit_planing_review_2024: curl=35; web=Exception calling "DownloadFile" with "2" argument(s): "The remote server returned an error: (403) Forbidden."
[2026-06-02 23:46:27] GET lit_fossen_2012: https://doi.org/10.1016/j.oceaneng.2012.09.012
[2026-06-02 23:46:32] GET lit_fossen_2012: https://folk.ntnu.no/thomas.fossen/pub/Fossen2012windwaves.pdf
[2026-06-02 23:46:38] Retry 1/8 for lit_fossen_2012 after 5s: curl=22; web=Exception calling "DownloadFile" with "2" argument(s): "The remote server returned an error: (404) Not Found."
[2026-06-02 23:46:47] Retry 2/8 for lit_fossen_2012 after 15s: curl=22; web=Exception calling "DownloadFile" with "2" argument(s): "The remote server returned an error: (404) Not Found."
[2026-06-02 23:47:06] Retry 3/8 for lit_fossen_2012 after 30s: curl=22; web=Exception calling "DownloadFile" with "2" argument(s): "The remote server returned an error: (404) Not Found."
[2026-06-02 23:47:40] Retry 4/8 for lit_fossen_2012 after 60s: curl=22; web=Exception calling "DownloadFile" with "2" argument(s): "The remote server returned an error: (404) Not Found."
[2026-06-02 23:48:44] Retry 5/8 for lit_fossen_2012 after 90s: curl=22; web=Exception calling "DownloadFile" with "2" argument(s): "The remote server returned an error: (404) Not Found."
[2026-06-02 23:50:19] Retry 6/8 for lit_fossen_2012 after 120s: curl=22; web=Exception calling "DownloadFile" with "2" argument(s): "The remote server returned an error: (404) Not Found."
[2026-06-02 23:52:23] Retry 7/8 for lit_fossen_2012 after 120s: curl=22; web=Exception calling "DownloadFile" with "2" argument(s): "The remote server returned an error: (404) Not Found."
[2026-06-02 23:54:27] Retry 8/8 for lit_fossen_2012 after 180s: curl=22; web=Exception calling "DownloadFile" with "2" argument(s): "The remote server returned an error: (404) Not Found."
[2026-06-02 23:57:27] GET lit_fossen_2012: https://folk.ntnu.no/thomas.fossen/pub/Fossen2012wind.pdf
[2026-06-02 23:57:33] Retry 1/8 for lit_fossen_2012 after 5s: curl=22; web=Exception calling "DownloadFile" with "2" argument(s): "The remote server returned an error: (404) Not Found."
[2026-06-02 23:57:44] Retry 2/8 for lit_fossen_2012 after 15s: curl=22; web=Exception calling "DownloadFile" with "2" argument(s): "The remote server returned an error: (404) Not Found."
[2026-06-02 23:58:03] Retry 3/8 for lit_fossen_2012 after 30s: curl=22; web=Exception calling "DownloadFile" with "2" argument(s): "The remote server returned an error: (404) Not Found."
[2026-06-02 23:58:36] Retry 4/8 for lit_fossen_2012 after 60s: curl=22; web=Exception calling "DownloadFile" with "2" argument(s): "The remote server returned an error: (404) Not Found."
[2026-06-02 23:59:41] Retry 5/8 for lit_fossen_2012 after 90s: curl=22; web=Exception calling "DownloadFile" with "2" argument(s): "The remote server returned an error: (404) Not Found."
[2026-06-03 00:01:15] Retry 6/8 for lit_fossen_2012 after 120s: curl=22; web=Exception calling "DownloadFile" with "2" argument(s): "The remote server returned an error: (404) Not Found."
[2026-06-03 00:03:22] Retry 7/8 for lit_fossen_2012 after 120s: curl=22; web=Exception calling "DownloadFile" with "2" argument(s): "The remote server returned an error: (404) Not Found."
[2026-06-03 00:05:26] Retry 8/8 for lit_fossen_2012 after 180s: curl=22; web=Exception calling "DownloadFile" with "2" argument(s): "The remote server returned an error: (404) Not Found."
[2026-06-03 00:08:26] GET lit_fossen_2012: https://www.researchgate.net/profile/Thor-Fossen/publication/257623456_How_to_incorporate_wind_waves_and_ocean_currents_in_the_marine_craft_equations_of_motion/links/0deec53c8c0c5e0e3c000000/How-to-incorporate-wind-waves-and-ocean-currents-in-the-marine-craft-equations-of-motion.pdf
[2026-06-03 00:08:36] Retry 1/8 for lit_fossen_2012 after 5s: curl=22; web=Exception calling "DownloadFile" with "2" argument(s): "The remote server returned an error: (403) Forbidden."
[2026-06-03 00:08:45] Retry 2/8 for lit_fossen_2012 after 15s: curl=22; web=Exception calling "DownloadFile" with "2" argument(s): "The remote server returned an error: (403) Forbidden."
[2026-06-03 00:09:02] Retry 3/8 for lit_fossen_2012 after 30s: curl=22; web=Exception calling "DownloadFile" with "2" argument(s): "The remote server returned an error: (403) Forbidden."
[2026-06-03 00:09:35] Retry 4/8 for lit_fossen_2012 after 60s: curl=22; web=Exception calling "DownloadFile" with "2" argument(s): "The remote server returned an error: (403) Forbidden."
[2026-06-03 00:10:38] Retry 5/8 for lit_fossen_2012 after 90s: curl=22; web=Exception calling "DownloadFile" with "2" argument(s): "The remote server returned an error: (403) Forbidden."
[2026-06-03 00:12:12] Retry 6/8 for lit_fossen_2012 after 120s: curl=22; web=Exception calling "DownloadFile" with "2" argument(s): "The remote server returned an error: (403) Forbidden."
[2026-06-03 00:14:17] Retry 7/8 for lit_fossen_2012 after 120s: curl=22; web=Exception calling "DownloadFile" with "2" argument(s): "The remote server returned an error: (403) Forbidden."
[2026-06-03 00:16:19] Retry 8/8 for lit_fossen_2012 after 180s: curl=22; web=Exception calling "DownloadFile" with "2" argument(s): "The remote server returned an error: (403) Forbidden."
[2026-06-03 00:19:19] FAIL lit_fossen_2012: curl=22; web=Exception calling "DownloadFile" with "2" argument(s): "The remote server returned an error: (403) Forbidden."
[2026-06-03 00:19:19] GET lit_molland_book: https://www.routledge.com/Maritime-Engineering-Ship-Design/Molland/p/book/9780750665275
[2026-06-03 00:19:24] Retry 1/8 for lit_molland_book after 5s: curl=22; web=Exception calling "DownloadFile" with "2" argument(s): "The request was aborted: The connection was closed unexpectedly."
[2026-06-03 00:19:34] Retry 2/8 for lit_molland_book after 15s: curl=22; web=Exception calling "DownloadFile" with "2" argument(s): "The request was aborted: The connection was closed unexpectedly."
[2026-06-03 00:19:55] Retry 3/8 for lit_molland_book after 30s: curl=22; web=Exception calling "DownloadFile" with "2" argument(s): "The request was aborted: The connection was closed unexpectedly."
[2026-06-03 00:20:29] Retry 4/8 for lit_molland_book after 60s: curl=22; web=Exception calling "DownloadFile" with "2" argument(s): "The request was aborted: The connection was closed unexpectedly."
[2026-06-03 00:21:33] Retry 5/8 for lit_molland_book after 90s: curl=22; web=Exception calling "DownloadFile" with "2" argument(s): "The request was aborted: The connection was closed unexpectedly."
[2026-06-03 00:24:04] Retry 6/8 for lit_molland_book after 120s: curl=22; web=Exception calling "DownloadFile" with "2" argument(s): "The request was aborted: The connection was closed unexpectedly."
[2026-06-03 00:26:09] Retry 7/8 for lit_molland_book after 120s: curl=22; web=Exception calling "DownloadFile" with "2" argument(s): "The request was aborted: The connection was closed unexpectedly."
[2026-06-03 00:28:13] Retry 8/8 for lit_molland_book after 180s: curl=22; web=Exception calling "DownloadFile" with "2" argument(s): "The request was aborted: The connection was closed unexpectedly."
[2026-06-03 00:31:13] FAIL lit_molland_book: curl=22; web=Exception calling "DownloadFile" with "2" argument(s): "The request was aborted: The connection was closed unexpectedly."
[2026-06-03 00:31:13] SKIP git ok: code_pdstrip
[2026-06-03 00:31:13] SKIP git ok: code_hams
[2026-06-03 00:31:13] SKIP git ok: code_bemrosetta
[2026-06-03 00:31:13] SKIP git ok: code_ow3d
[2026-06-03 00:31:13] SKIP git ok: code_openplaning
[2026-06-03 00:31:13] SKIP git ok: code_binder_openplaning
[2026-06-03 00:31:13] SKIP git ok: code_mmgdynamics
[2026-06-03 00:31:13] SKIP git ok: code_shipmmg
[2026-06-03 00:31:13] SKIP git ok: code_nemoh
[2026-06-03 00:31:13] SKIP git ok: code_capytaine
[2026-06-03 00:31:13] SKIP git ok: code_mss_tools
[2026-06-03 00:31:13] SKIP git ok: code_python_vehicle
[2026-06-03 00:31:13] SKIP ok: data_kcs_index
[2026-06-03 00:31:13] SKIP ok: data_kcs_hull_zip
[2026-06-03 00:31:13] SKIP ok: data_kcs_rudder_zip
[2026-06-03 00:31:13] SKIP ok: data_kcs_prop_zip
[2026-06-03 00:31:13] SKIP ok: data_kcs_case211_zip
[2026-06-03 00:31:13] SKIP ok: data_delft372_report
[2026-06-03 00:31:13] GET data_delft372_strath: https://strathprints.strath.ac.uk/82218/1/Duman_Bal_OE_2022_Turn_and_zigzag_manoeuvres_of_Delft_catamaran_372_using_CFD_based_system_simulation_method.pdf
[2026-06-03 00:31:19] Retry 1/8 for data_delft372_strath after 5s: curl=22; web=Exception calling "DownloadFile" with "2" argument(s): "The remote server returned an error: (404) Not Found."
[2026-06-03 00:31:28] Retry 2/8 for data_delft372_strath after 15s: curl=22; web=Exception calling "DownloadFile" with "2" argument(s): "The remote server returned an error: (404) Not Found."
[2026-06-03 00:31:46] Retry 3/8 for data_delft372_strath after 30s: curl=22; web=Exception calling "DownloadFile" with "2" argument(s): "The remote server returned an error: (404) Not Found."
[2026-06-03 00:32:20] Retry 4/8 for data_delft372_strath after 60s: curl=22; web=Exception calling "DownloadFile" with "2" argument(s): "The remote server returned an error: (404) Not Found."
[2026-06-03 00:33:24] Retry 5/8 for data_delft372_strath after 90s: curl=22; web=Exception calling "DownloadFile" with "2" argument(s): "The remote server returned an error: (404) Not Found."
[2026-06-03 00:34:59] Retry 6/8 for data_delft372_strath after 120s: curl=22; web=Exception calling "DownloadFile" with "2" argument(s): "The remote server returned an error: (404) Not Found."
[2026-06-03 00:37:03] Retry 7/8 for data_delft372_strath after 120s: curl=22; web=Exception calling "DownloadFile" with "2" argument(s): "The remote server returned an error: (404) Not Found."
[2026-06-03 00:39:08] Retry 8/8 for data_delft372_strath after 180s: curl=22; web=Exception calling "DownloadFile" with "2" argument(s): "The remote server returned an error: (404) Not Found."
[2026-06-03 00:42:08] FAIL data_delft372_strath: curl=22; web=Exception calling "DownloadFile" with "2" argument(s): "The remote server returned an error: (404) Not Found."
[2026-06-03 00:42:54] SKIP ok: fossen_mss_index
[2026-06-03 00:42:54] SKIP ok: fossen_pvs
[2026-06-03 00:42:54] SUMMARY ok=29 paywall=8 failed=4 pending=0
SUMMARY ok=29 paywall=8 failed=4 pending=0
Retry 4 items in 60s...
=== Round 13 / 20 ===
[2026-06-03 00:43:55] === download_all.ps1 start (early_stage_materials) ===
[2026-06-03 00:43:55] RESET failed->pending: lit_molland_book
[2026-06-03 00:43:55] RESET failed->pending: data_delft372_strath
[2026-06-03 00:43:55] RESET failed->pending: pip_capytaine
[2026-06-03 00:43:56] SKIP ok: lit_stf_1970
[2026-06-03 00:43:56] SKIP ok: lit_faltinsen_sea_loads
[2026-06-03 00:43:56] SKIP ok: lit_faltinsen_hsmv_preview
[2026-06-03 00:43:59] GET lit_ma_2005: https://doi.org/10.1016/j.oceaneng.2004.08.012
[2026-06-03 00:44:02] FAIL lit_ma_2005: 
[2026-06-03 00:44:03] GET lit_arribas_2006: https://doi.org/10.1016/j.oceaneng.2005.09.008
[2026-06-03 00:44:06] FAIL lit_arribas_2006: 
[2026-06-03 00:44:06] GET lit_kring_1994: https://dspace.mit.edu/bitstream/handle/1721.1/11939/31384162-MIT.pdf?sequence=2&isAllowed=y
[2026-06-03 00:44:10] Retry 1/8 for lit_kring_1994 after 5s: curl=22; web=Exception calling "DownloadFile" with "2" argument(s): "The remote server returned an error: (404) Not Found."
[2026-06-03 00:44:18] Retry 2/8 for lit_kring_1994 after 15s: curl=22; web=Exception calling "DownloadFile" with "2" argument(s): "The remote server returned an error: (404) Not Found."
[2026-06-03 00:44:36] Retry 3/8 for lit_kring_1994 after 30s: curl=22; web=Exception calling "DownloadFile" with "2" argument(s): "The remote server returned an error: (404) Not Found."
[2026-06-03 00:45:09] Retry 4/8 for lit_kring_1994 after 60s: curl=22; web=Exception calling "DownloadFile" with "2" argument(s): "The remote server returned an error: (404) Not Found."
[2026-06-03 00:46:16] Retry 5/8 for lit_kring_1994 after 90s: curl=22; web=Exception calling "DownloadFile" with "2" argument(s): "The remote server returned an error: (404) Not Found."
[2026-06-03 00:47:51] Retry 6/8 for lit_kring_1994 after 120s: curl=22; web=Exception calling "DownloadFile" with "2" argument(s): "The remote server returned an error: (404) Not Found."
[2026-06-03 00:49:56] Retry 7/8 for lit_kring_1994 after 120s: curl=22; web=Exception calling "DownloadFile" with "2" argument(s): "The remote server returned an error: (404) Not Found."
[2026-06-03 00:51:58] Retry 8/8 for lit_kring_1994 after 180s: curl=0; web=Exception calling "DownloadFile" with "2" argument(s): "An exception occurred during a WebClient request."
[2026-06-03 00:54:58] GET lit_kring_1994: https://web.archive.org/web/2020/https://dspace.mit.edu/bitstream/handle/1721.1/11939/31384162-MIT.pdf?sequence=2&isAllowed=y
[2026-06-03 00:55:04] Retry 1/8 for lit_kring_1994 after 5s: curl=22; web=Exception calling "DownloadFile" with "2" argument(s): "The request was aborted: The connection was closed unexpectedly."
[2026-06-03 00:55:12] Retry 2/8 for lit_kring_1994 after 15s: curl=22; web=Exception calling "DownloadFile" with "2" argument(s): "The request was aborted: The connection was closed unexpectedly."
[2026-06-03 00:55:31] Retry 3/8 for lit_kring_1994 after 30s: curl=22; web=Exception calling "DownloadFile" with "2" argument(s): "The request was aborted: The connection was closed unexpectedly."
[2026-06-03 00:56:04] Retry 4/8 for lit_kring_1994 after 60s: curl=22; web=Exception calling "DownloadFile" with "2" argument(s): "The request was aborted: The connection was closed unexpectedly."
[2026-06-03 00:57:10] Retry 5/8 for lit_kring_1994 after 90s: curl=22; web=Exception calling "DownloadFile" with "2" argument(s): "The request was aborted: The connection was closed unexpectedly."
[2026-06-03 00:58:45] Retry 6/8 for lit_kring_1994 after 120s: curl=22; web=Exception calling "DownloadFile" with "2" argument(s): "The request was aborted: The connection was closed unexpectedly."
[2026-06-03 01:00:50] Retry 7/8 for lit_kring_1994 after 120s: curl=22; web=Exception calling "DownloadFile" with "2" argument(s): "The request was aborted: The connection was closed unexpectedly."
[2026-06-03 01:02:54] Retry 8/8 for lit_kring_1994 after 180s: curl=22; web=Exception calling "DownloadFile" with "2" argument(s): "The request was aborted: The connection was closed unexpectedly."
[2026-06-03 01:05:54] GET lit_kring_1994: https://core.ac.uk/download/pdf/48633506.pdf
[2026-06-03 01:06:02] Retry 1/8 for lit_kring_1994 after 5s: curl=22; web=Exception calling "DownloadFile" with "2" argument(s): "The remote server returned an error: (404) Not Found."
[2026-06-03 01:06:12] Retry 2/8 for lit_kring_1994 after 15s: curl=22; web=Exception calling "DownloadFile" with "2" argument(s): "The remote server returned an error: (404) Not Found."
[2026-06-03 01:06:32] Retry 3/8 for lit_kring_1994 after 30s: curl=22; web=Exception calling "DownloadFile" with "2" argument(s): "The remote server returned an error: (404) Not Found."
[2026-06-03 01:07:06] Retry 4/8 for lit_kring_1994 after 60s: curl=22; web=Exception calling "DownloadFile" with "2" argument(s): "The remote server returned an error: (404) Not Found."
[2026-06-03 01:08:11] Retry 5/8 for lit_kring_1994 after 90s: curl=22; web=Exception calling "DownloadFile" with "2" argument(s): "The remote server returned an error: (404) Not Found."
[2026-06-03 01:09:46] Retry 6/8 for lit_kring_1994 after 120s: curl=22; web=Exception calling "DownloadFile" with "2" argument(s): "The remote server returned an error: (404) Not Found."
[2026-06-03 01:11:52] Retry 7/8 for lit_kring_1994 after 120s: curl=35; web=Exception calling "DownloadFile" with "2" argument(s): "The remote server returned an error: (404) Not Found."
[2026-06-03 01:13:59] Retry 8/8 for lit_kring_1994 after 180s: curl=22; web=Exception calling "DownloadFile" with "2" argument(s): "The remote server returned an error: (404) Not Found."
[2026-06-03 01:16:59] GET lit_kring_1994: http://hdl.handle.net/1721.1/11939
[2026-06-03 01:17:17] Retry 1/8 for lit_kring_1994 after 5s: curl=22; web=Exception calling "DownloadFile" with "2" argument(s): "The remote server returned an error: (500) Internal Server Error."
[2026-06-03 01:17:38] Retry 2/8 for lit_kring_1994 after 15s: curl=22; web=Exception calling "DownloadFile" with "2" argument(s): "The remote server returned an error: (500) Internal Server Error."
[2026-06-03 01:18:08] Retry 3/8 for lit_kring_1994 after 30s: curl=22; web=Exception calling "DownloadFile" with "2" argument(s): "The remote server returned an error: (500) Internal Server Error."
[2026-06-03 01:18:55] Retry 4/8 for lit_kring_1994 after 60s: curl=22; web=Exception calling "DownloadFile" with "2" argument(s): "The remote server returned an error: (500) Internal Server Error."
[2026-06-03 01:20:13] Retry 5/8 for lit_kring_1994 after 90s: curl=22; web=Exception calling "DownloadFile" with "2" argument(s): "The remote server returned an error: (500) Internal Server Error."
[2026-06-03 01:21:59] Retry 6/8 for lit_kring_1994 after 120s: curl=22; web=Exception calling "DownloadFile" with "2" argument(s): "The remote server returned an error: (500) Internal Server Error."
[2026-06-03 01:24:16] Retry 7/8 for lit_kring_1994 after 120s: curl=22; web=Exception calling "DownloadFile" with "2" argument(s): "The remote server returned an error: (500) Internal Server Error."
[2026-06-03 01:26:21] FAIL lit_kring_1994: 
[2026-06-03 01:26:24] GET lit_donatini_2022: https://doi.org/10.1016/j.oceaneng.2022.112222
[2026-06-03 01:26:32] FAIL lit_donatini_2022: 
[2026-06-03 01:26:32] SKIP ok: lit_bailey_npl
[2026-06-03 01:26:32] SKIP ok: lit_mercier_savitsky_1973
[2026-06-03 01:26:32] GET lit_compton_1986: https://onepetro.org/mtsn/article-pdf/23/04/345/2199243/sname-mtsn-1986-23-4-345.pdf
[2026-06-03 01:26:36] Retry 1/8 for lit_compton_1986 after 5s: curl=22; web=Exception calling "DownloadFile" with "2" argument(s): "The remote server returned an error: (403) Forbidden."
[2026-06-03 01:26:43] Retry 2/8 for lit_compton_1986 after 15s: curl=22; web=Exception calling "DownloadFile" with "2" argument(s): "The remote server returned an error: (403) Forbidden."
[2026-06-03 01:27:00] Retry 3/8 for lit_compton_1986 after 30s: curl=22; web=Exception calling "DownloadFile" with "2" argument(s): "The remote server returned an error: (403) Forbidden."
[2026-06-03 01:27:32] Retry 4/8 for lit_compton_1986 after 60s: curl=22; web=Exception calling "DownloadFile" with "2" argument(s): "The remote server returned an error: (403) Forbidden."
[2026-06-03 01:28:35] Retry 5/8 for lit_compton_1986 after 90s: curl=22; web=Exception calling "DownloadFile" with "2" argument(s): "The remote server returned an error: (403) Forbidden."
[2026-06-03 01:30:07] Retry 6/8 for lit_compton_1986 after 120s: curl=22; web=Exception calling "DownloadFile" with "2" argument(s): "The remote server returned an error: (403) Forbidden."
[2026-06-03 01:32:10] Retry 7/8 for lit_compton_1986 after 120s: curl=22; web=Exception calling "DownloadFile" with "2" argument(s): "The remote server returned an error: (403) Forbidden."
[2026-06-03 01:34:12] Retry 8/8 for lit_compton_1986 after 180s: curl=22; web=Exception calling "DownloadFile" with "2" argument(s): "The remote server returned an error: (403) Forbidden."
[2026-06-03 01:37:12] GET lit_compton_1986: https://web.archive.org/web/2019/https://onepetro.org/mtsn/article-pdf/23/04/345/2199243/sname-mtsn-1986-23-4-345.pdf
[2026-06-03 01:37:18] FAIL lit_compton_1986: 
[2026-06-03 01:37:18] GET lit_savitsky_preplaning: https://doi.org/10.1063/1.5143123
[2026-06-03 01:37:22] Retry 1/8 for lit_savitsky_preplaning after 5s: curl=22; web=Exception calling "DownloadFile" with "2" argument(s): "The remote server returned an error: (404) Not Found."
[2026-06-03 01:37:29] Retry 2/8 for lit_savitsky_preplaning after 15s: curl=22; web=Exception calling "DownloadFile" with "2" argument(s): "The remote server returned an error: (404) Not Found."
[2026-06-03 01:37:46] Retry 3/8 for lit_savitsky_preplaning after 30s: curl=22; web=Exception calling "DownloadFile" with "2" argument(s): "The remote server returned an error: (404) Not Found."
[2026-06-03 01:38:18] Retry 4/8 for lit_savitsky_preplaning after 60s: curl=22; web=Exception calling "DownloadFile" with "2" argument(s): "The remote server returned an error: (404) Not Found."
[2026-06-03 01:39:20] Retry 5/8 for lit_savitsky_preplaning after 90s: curl=22; web=Exception calling "DownloadFile" with "2" argument(s): "The remote server returned an error: (404) Not Found."
[2026-06-03 01:40:52] Retry 6/8 for lit_savitsky_preplaning after 120s: curl=22; web=Exception calling "DownloadFile" with "2" argument(s): "The remote server returned an error: (404) Not Found."
[2026-06-03 01:42:56] Retry 7/8 for lit_savitsky_preplaning after 120s: curl=22; web=Exception calling "DownloadFile" with "2" argument(s): "The remote server returned an error: (404) Not Found."
[2026-06-03 01:44:58] Retry 8/8 for lit_savitsky_preplaning after 180s: curl=22; web=Exception calling "DownloadFile" with "2" argument(s): "The remote server returned an error: (404) Not Found."
[2026-06-03 01:47:58] FAIL lit_savitsky_preplaning: curl=22; web=Exception calling "DownloadFile" with "2" argument(s): "The remote server returned an error: (404) Not Found."
[2026-06-03 01:48:04] GET lit_savitsky_1964: https://onepetro.org/MTSN/article/1/04/71/172383/Hydrodynamic-Design-of-Planing-Hulls
[2026-06-03 01:48:09] Retry 1/8 for lit_savitsky_1964 after 5s: curl=22; web=Exception calling "DownloadFile" with "2" argument(s): "The remote server returned an error: (403) Forbidden."
[2026-06-03 01:48:20] Retry 2/8 for lit_savitsky_1964 after 15s: curl=22; web=Exception calling "DownloadFile" with "2" argument(s): "The remote server returned an error: (403) Forbidden."
[2026-06-03 01:48:40] Retry 3/8 for lit_savitsky_1964 after 30s: curl=22; web=Exception calling "DownloadFile" with "2" argument(s): "The remote server returned an error: (403) Forbidden."
[2026-06-03 01:49:13] Retry 4/8 for lit_savitsky_1964 after 60s: curl=22; web=Exception calling "DownloadFile" with "2" argument(s): "The remote server returned an error: (403) Forbidden."
[2026-06-03 01:50:16] Retry 5/8 for lit_savitsky_1964 after 90s: curl=22; web=Exception calling "DownloadFile" with "2" argument(s): "The remote server returned an error: (403) Forbidden."
[2026-06-03 01:51:48] Retry 6/8 for lit_savitsky_1964 after 120s: curl=22; web=Exception calling "DownloadFile" with "2" argument(s): "The remote server returned an error: (403) Forbidden."
[2026-06-03 01:53:51] Retry 7/8 for lit_savitsky_1964 after 120s: curl=22; web=Exception calling "DownloadFile" with "2" argument(s): "The remote server returned an error: (403) Forbidden."
[2026-06-03 01:55:53] Retry 8/8 for lit_savitsky_1964 after 180s: curl=22; web=Exception calling "DownloadFile" with "2" argument(s): "The remote server returned an error: (403) Forbidden."
[2026-06-03 01:58:53] GET lit_savitsky_1964: https://web.archive.org/web/2020/https://onepetro.org/MTSN/article/1/04/71/172383/Hydrodynamic-Design-of-Planing-Hulls
[2026-06-03 01:58:57] SKIP ok: lit_fridsma
[2026-06-03 01:58:57] SKIP ok: lit_savitsky_brown_1976
[2026-06-03 01:58:57] SKIP ok: lit_zhao_water_entry
[2026-06-03 01:59:04] GET lit_sun_faltinsen_2010: https://doi.org/10.2514/1.44717
[2026-06-03 01:59:07] Retry 1/8 for lit_sun_faltinsen_2010 after 5s: curl=22; web=Exception calling "DownloadFile" with "2" argument(s): "The remote server returned an error: (404) Not Found."
[2026-06-03 01:59:14] Retry 2/8 for lit_sun_faltinsen_2010 after 15s: curl=22; web=Exception calling "DownloadFile" with "2" argument(s): "The remote server returned an error: (404) Not Found."
[2026-06-03 01:59:31] Retry 3/8 for lit_sun_faltinsen_2010 after 30s: curl=22; web=Exception calling "DownloadFile" with "2" argument(s): "The remote server returned an error: (404) Not Found."
[2026-06-03 02:00:03] Retry 4/8 for lit_sun_faltinsen_2010 after 60s: curl=22; web=Exception calling "DownloadFile" with "2" argument(s): "The remote server returned an error: (404) Not Found."
[2026-06-03 02:01:05] Retry 5/8 for lit_sun_faltinsen_2010 after 90s: curl=22; web=Exception calling "DownloadFile" with "2" argument(s): "The remote server returned an error: (404) Not Found."
[2026-06-03 02:02:37] Retry 6/8 for lit_sun_faltinsen_2010 after 120s: curl=22; web=Exception calling "DownloadFile" with "2" argument(s): "The remote server returned an error: (404) Not Found."
[2026-06-03 02:04:39] Retry 7/8 for lit_sun_faltinsen_2010 after 120s: curl=22; web=Exception calling "DownloadFile" with "2" argument(s): "The remote server returned an error: (404) Not Found."
[2026-06-03 02:06:42] Retry 8/8 for lit_sun_faltinsen_2010 after 180s: curl=22; web=Exception calling "DownloadFile" with "2" argument(s): "The remote server returned an error: (404) Not Found."
[2026-06-03 02:09:42] FAIL lit_sun_faltinsen_2010: curl=22; web=Exception calling "DownloadFile" with "2" argument(s): "The remote server returned an error: (404) Not Found."
[2026-06-03 02:09:45] GET lit_planing_review_2024: https://doi.org/10.1016/j.oceaneng.2024.114383
[2026-06-03 02:09:49] Retry 1/8 for lit_planing_review_2024 after 5s: curl=22; web=Exception calling "DownloadFile" with "2" argument(s): "The remote server returned an error: (404) Not Found."
[2026-06-03 02:09:55] Retry 2/8 for lit_planing_review_2024 after 15s: curl=22; web=Exception calling "DownloadFile" with "2" argument(s): "The remote server returned an error: (404) Not Found."
[2026-06-03 02:10:12] Retry 3/8 for lit_planing_review_2024 after 30s: curl=22; web=Exception calling "DownloadFile" with "2" argument(s): "The remote server returned an error: (404) Not Found."
[2026-06-03 02:10:44] Retry 4/8 for lit_planing_review_2024 after 60s: curl=22; web=Exception calling "DownloadFile" with "2" argument(s): "The remote server returned an error: (404) Not Found."
[2026-06-03 02:11:46] Retry 5/8 for lit_planing_review_2024 after 90s: curl=22; web=Exception calling "DownloadFile" with "2" argument(s): "The remote server returned an error: (404) Not Found."
[2026-06-03 02:13:18] Retry 6/8 for lit_planing_review_2024 after 120s: curl=22; web=Exception calling "DownloadFile" with "2" argument(s): "The remote server returned an error: (404) Not Found."
[2026-06-03 02:15:21] Retry 7/8 for lit_planing_review_2024 after 120s: curl=22; web=Exception calling "DownloadFile" with "2" argument(s): "The remote server returned an error: (404) Not Found."
[2026-06-03 02:17:24] Retry 8/8 for lit_planing_review_2024 after 180s: curl=22; web=Exception calling "DownloadFile" with "2" argument(s): "The remote server returned an error: (404) Not Found."
[2026-06-03 02:20:24] GET lit_planing_review_2024: https://www.sciencedirect.com/science/article/pii/S0029801824003834
[2026-06-03 02:20:27] Retry 1/8 for lit_planing_review_2024 after 5s: curl=22; web=Exception calling "DownloadFile" with "2" argument(s): "The remote server returned an error: (403) Forbidden."
[2026-06-03 02:20:35] Retry 2/8 for lit_planing_review_2024 after 15s: curl=22; web=Exception calling "DownloadFile" with "2" argument(s): "The remote server returned an error: (403) Forbidden."
[2026-06-03 02:20:53] Retry 3/8 for lit_planing_review_2024 after 30s: curl=22; web=Exception calling "DownloadFile" with "2" argument(s): "The remote server returned an error: (403) Forbidden."
[2026-06-03 02:21:25] Retry 4/8 for lit_planing_review_2024 after 60s: curl=22; web=Exception calling "DownloadFile" with "2" argument(s): "The remote server returned an error: (403) Forbidden."
[2026-06-03 02:22:28] Retry 5/8 for lit_planing_review_2024 after 90s: curl=22; web=Exception calling "DownloadFile" with "2" argument(s): "The remote server returned an error: (403) Forbidden."
[2026-06-03 02:24:00] Retry 6/8 for lit_planing_review_2024 after 120s: curl=22; web=Exception calling "DownloadFile" with "2" argument(s): "The remote server returned an error: (403) Forbidden."
[2026-06-03 02:26:04] Retry 7/8 for lit_planing_review_2024 after 120s: curl=22; web=Exception calling "DownloadFile" with "2" argument(s): "The remote server returned an error: (403) Forbidden."
[2026-06-03 02:28:06] Retry 8/8 for lit_planing_review_2024 after 180s: curl=22; web=Exception calling "DownloadFile" with "2" argument(s): "The remote server returned an error: (403) Forbidden."
[2026-06-03 02:31:06] FAIL lit_planing_review_2024: curl=22; web=Exception calling "DownloadFile" with "2" argument(s): "The remote server returned an error: (403) Forbidden."
[2026-06-03 02:31:09] GET lit_fossen_2012: https://doi.org/10.1016/j.oceaneng.2012.09.012
[2026-06-03 02:31:13] GET lit_fossen_2012: https://folk.ntnu.no/thomas.fossen/pub/Fossen2012windwaves.pdf
[2026-06-03 02:31:18] Retry 1/8 for lit_fossen_2012 after 5s: curl=22; web=Exception calling "DownloadFile" with "2" argument(s): "The remote server returned an error: (404) Not Found."
[2026-06-03 02:31:27] Retry 2/8 for lit_fossen_2012 after 15s: curl=22; web=Exception calling "DownloadFile" with "2" argument(s): "The remote server returned an error: (404) Not Found."
[2026-06-03 02:31:46] Retry 3/8 for lit_fossen_2012 after 30s: curl=22; web=Exception calling "DownloadFile" with "2" argument(s): "The remote server returned an error: (404) Not Found."
[2026-06-03 02:32:19] Retry 4/8 for lit_fossen_2012 after 60s: curl=22; web=Exception calling "DownloadFile" with "2" argument(s): "The remote server returned an error: (404) Not Found."
[2026-06-03 02:33:23] Retry 5/8 for lit_fossen_2012 after 90s: curl=22; web=Exception calling "DownloadFile" with "2" argument(s): "The remote server returned an error: (404) Not Found."
[2026-06-03 02:34:57] Retry 6/8 for lit_fossen_2012 after 120s: curl=35; web=Exception calling "DownloadFile" with "2" argument(s): "The remote server returned an error: (404) Not Found."
[2026-06-03 02:37:01] Retry 7/8 for lit_fossen_2012 after 120s: curl=22; web=Exception calling "DownloadFile" with "2" argument(s): "The remote server returned an error: (404) Not Found."
[2026-06-03 02:39:05] Retry 8/8 for lit_fossen_2012 after 180s: curl=22; web=Exception calling "DownloadFile" with "2" argument(s): "The remote server returned an error: (404) Not Found."
[2026-06-03 02:42:05] GET lit_fossen_2012: https://folk.ntnu.no/thomas.fossen/pub/Fossen2012wind.pdf
[2026-06-03 02:42:09] Retry 1/8 for lit_fossen_2012 after 5s: curl=22; web=Exception calling "DownloadFile" with "2" argument(s): "The remote server returned an error: (404) Not Found."
[2026-06-03 02:42:18] Retry 2/8 for lit_fossen_2012 after 15s: curl=22; web=Exception calling "DownloadFile" with "2" argument(s): "The remote server returned an error: (404) Not Found."
[2026-06-03 02:42:37] Retry 3/8 for lit_fossen_2012 after 30s: curl=22; web=Exception calling "DownloadFile" with "2" argument(s): "The remote server returned an error: (404) Not Found."
[2026-06-03 02:43:11] Retry 4/8 for lit_fossen_2012 after 60s: curl=22; web=Exception calling "DownloadFile" with "2" argument(s): "The remote server returned an error: (404) Not Found."
[2026-06-03 02:44:15] Retry 5/8 for lit_fossen_2012 after 90s: curl=22; web=Exception calling "DownloadFile" with "2" argument(s): "The remote server returned an error: (404) Not Found."
[2026-06-03 02:45:49] Retry 6/8 for lit_fossen_2012 after 120s: curl=22; web=Exception calling "DownloadFile" with "2" argument(s): "The remote server returned an error: (404) Not Found."
[2026-06-03 02:47:52] Retry 7/8 for lit_fossen_2012 after 120s: curl=22; web=Exception calling "DownloadFile" with "2" argument(s): "The remote server returned an error: (404) Not Found."
[2026-06-03 02:49:56] Retry 8/8 for lit_fossen_2012 after 180s: curl=22; web=Exception calling "DownloadFile" with "2" argument(s): "The remote server returned an error: (404) Not Found."
[2026-06-03 02:52:56] GET lit_fossen_2012: https://www.researchgate.net/profile/Thor-Fossen/publication/257623456_How_to_incorporate_wind_waves_and_ocean_currents_in_the_marine_craft_equations_of_motion/links/0deec53c8c0c5e0e3c000000/How-to-incorporate-wind-waves-and-ocean-currents-in-the-marine-craft-equations-of-motion.pdf
[2026-06-03 02:53:00] Retry 1/8 for lit_fossen_2012 after 5s: curl=22; web=Exception calling "DownloadFile" with "2" argument(s): "The remote server returned an error: (403) Forbidden."
[2026-06-03 02:53:07] Retry 2/8 for lit_fossen_2012 after 15s: curl=22; web=Exception calling "DownloadFile" with "2" argument(s): "The remote server returned an error: (403) Forbidden."
[2026-06-03 02:53:24] Retry 3/8 for lit_fossen_2012 after 30s: curl=22; web=Exception calling "DownloadFile" with "2" argument(s): "The remote server returned an error: (403) Forbidden."
[2026-06-03 02:53:57] Retry 4/8 for lit_fossen_2012 after 60s: curl=22; web=Exception calling "DownloadFile" with "2" argument(s): "The remote server returned an error: (403) Forbidden."
[2026-06-03 02:54:59] Retry 5/8 for lit_fossen_2012 after 90s: curl=22; web=Exception calling "DownloadFile" with "2" argument(s): "The remote server returned an error: (403) Forbidden."
[2026-06-03 02:56:31] Retry 6/8 for lit_fossen_2012 after 120s: curl=22; web=Exception calling "DownloadFile" with "2" argument(s): "The remote server returned an error: (403) Forbidden."
[2026-06-03 02:58:35] Retry 7/8 for lit_fossen_2012 after 120s: curl=22; web=Exception calling "DownloadFile" with "2" argument(s): "The remote server returned an error: (403) Forbidden."
[2026-06-03 03:00:40] Retry 8/8 for lit_fossen_2012 after 180s: curl=22; web=Exception calling "DownloadFile" with "2" argument(s): "The remote server returned an error: (403) Forbidden."
[2026-06-03 03:03:40] FAIL lit_fossen_2012: curl=22; web=Exception calling "DownloadFile" with "2" argument(s): "The remote server returned an error: (403) Forbidden."
[2026-06-03 03:03:40] GET lit_molland_book: https://www.routledge.com/Maritime-Engineering-Ship-Design/Molland/p/book/9780750665275
[2026-06-03 03:03:45] Retry 1/8 for lit_molland_book after 5s: curl=22; web=Exception calling "DownloadFile" with "2" argument(s): "The request was aborted: The connection was closed unexpectedly."
[2026-06-03 03:03:53] Retry 2/8 for lit_molland_book after 15s: curl=22; web=Exception calling "DownloadFile" with "2" argument(s): "The request was aborted: The connection was closed unexpectedly."
[2026-06-03 03:04:12] Retry 3/8 for lit_molland_book after 30s: curl=22; web=Exception calling "DownloadFile" with "2" argument(s): "The request was aborted: The connection was closed unexpectedly."
[2026-06-03 03:04:45] Retry 4/8 for lit_molland_book after 60s: curl=22; web=Exception calling "DownloadFile" with "2" argument(s): "The request was aborted: The connection was closed unexpectedly."
[2026-06-03 03:05:50] Retry 5/8 for lit_molland_book after 90s: curl=22; web=Exception calling "DownloadFile" with "2" argument(s): "The request was aborted: The connection was closed unexpectedly."
[2026-06-03 03:07:24] Retry 6/8 for lit_molland_book after 120s: curl=22; web=Exception calling "DownloadFile" with "2" argument(s): "The request was aborted: The connection was closed unexpectedly."
[2026-06-03 03:09:28] Retry 7/8 for lit_molland_book after 120s: curl=22; web=Exception calling "DownloadFile" with "2" argument(s): "The request was aborted: The connection was closed unexpectedly."
[2026-06-03 03:11:32] Retry 8/8 for lit_molland_book after 180s: curl=22; web=Exception calling "DownloadFile" with "2" argument(s): "The request was aborted: The connection was closed unexpectedly."
[2026-06-03 03:14:32] FAIL lit_molland_book: curl=22; web=Exception calling "DownloadFile" with "2" argument(s): "The request was aborted: The connection was closed unexpectedly."
[2026-06-03 03:14:32] SKIP git ok: code_pdstrip
[2026-06-03 03:14:32] SKIP git ok: code_hams
[2026-06-03 03:14:32] SKIP git ok: code_bemrosetta
[2026-06-03 03:14:32] SKIP git ok: code_ow3d
[2026-06-03 03:14:32] SKIP git ok: code_openplaning
[2026-06-03 03:14:32] SKIP git ok: code_binder_openplaning
[2026-06-03 03:14:32] SKIP git ok: code_mmgdynamics
[2026-06-03 03:14:32] SKIP git ok: code_shipmmg
[2026-06-03 03:14:32] SKIP git ok: code_nemoh
[2026-06-03 03:14:32] SKIP git ok: code_capytaine
[2026-06-03 03:14:32] SKIP git ok: code_mss_tools
[2026-06-03 03:14:32] SKIP git ok: code_python_vehicle
[2026-06-03 03:14:32] SKIP ok: data_kcs_index
[2026-06-03 03:14:32] SKIP ok: data_kcs_hull_zip
[2026-06-03 03:14:32] SKIP ok: data_kcs_rudder_zip
[2026-06-03 03:14:32] SKIP ok: data_kcs_prop_zip
[2026-06-03 03:14:32] SKIP ok: data_kcs_case211_zip
[2026-06-03 03:14:32] SKIP ok: data_delft372_report
[2026-06-03 03:14:32] GET data_delft372_strath: https://strathprints.strath.ac.uk/82218/1/Duman_Bal_OE_2022_Turn_and_zigzag_manoeuvres_of_Delft_catamaran_372_using_CFD_based_system_simulation_method.pdf
[2026-06-03 03:14:37] Retry 1/8 for data_delft372_strath after 5s: curl=22; web=Exception calling "DownloadFile" with "2" argument(s): "The remote server returned an error: (404) Not Found."
[2026-06-03 03:14:46] Retry 2/8 for data_delft372_strath after 15s: curl=22; web=Exception calling "DownloadFile" with "2" argument(s): "The remote server returned an error: (404) Not Found."
[2026-06-03 03:15:05] Retry 3/8 for data_delft372_strath after 30s: curl=22; web=Exception calling "DownloadFile" with "2" argument(s): "The remote server returned an error: (404) Not Found."
[2026-06-03 03:15:39] Retry 4/8 for data_delft372_strath after 60s: curl=22; web=Exception calling "DownloadFile" with "2" argument(s): "The remote server returned an error: (404) Not Found."
[2026-06-03 03:16:43] Retry 5/8 for data_delft372_strath after 90s: curl=22; web=Exception calling "DownloadFile" with "2" argument(s): "The remote server returned an error: (404) Not Found."
[2026-06-03 03:18:18] Retry 6/8 for data_delft372_strath after 120s: curl=22; web=Exception calling "DownloadFile" with "2" argument(s): "The remote server returned an error: (404) Not Found."
[2026-06-03 03:20:22] Retry 7/8 for data_delft372_strath after 120s: curl=22; web=Exception calling "DownloadFile" with "2" argument(s): "The remote server returned an error: (404) Not Found."
[2026-06-03 03:22:26] Retry 8/8 for data_delft372_strath after 180s: curl=22; web=Exception calling "DownloadFile" with "2" argument(s): "The remote server returned an error: (404) Not Found."
[2026-06-03 03:25:26] FAIL data_delft372_strath: curl=22; web=Exception calling "DownloadFile" with "2" argument(s): "The remote server returned an error: (404) Not Found."
[2026-06-03 03:26:10] SKIP ok: fossen_mss_index
[2026-06-03 03:26:10] SKIP ok: fossen_pvs
[2026-06-03 03:26:10] SUMMARY ok=29 paywall=8 failed=4 pending=0
SUMMARY ok=29 paywall=8 failed=4 pending=0
Retry 4 items in 60s...
=== Round 14 / 20 ===
[2026-06-03 03:27:11] === download_all.ps1 start (early_stage_materials) ===
[2026-06-03 03:27:11] SKIP ok: lit_stf_1970
[2026-06-03 03:27:11] SKIP ok: lit_faltinsen_sea_loads
[2026-06-03 03:27:11] SKIP ok: lit_faltinsen_hsmv_preview
[2026-06-03 03:27:14] GET lit_ma_2005: https://doi.org/10.1016/j.oceaneng.2004.08.012
[2026-06-03 03:27:18] FAIL lit_ma_2005: 
[2026-06-03 03:27:19] GET lit_arribas_2006: https://doi.org/10.1016/j.oceaneng.2005.09.008
[2026-06-03 03:27:22] FAIL lit_arribas_2006: 
[2026-06-03 03:27:22] GET lit_kring_1994: https://dspace.mit.edu/bitstream/handle/1721.1/11939/31384162-MIT.pdf?sequence=2&isAllowed=y
[2026-06-03 03:27:26] Retry 1/8 for lit_kring_1994 after 5s: curl=35; web=Exception calling "DownloadFile" with "2" argument(s): "The remote server returned an error: (404) Not Found."
[2026-06-03 03:27:35] Retry 2/8 for lit_kring_1994 after 15s: curl=22; web=Exception calling "DownloadFile" with "2" argument(s): "The remote server returned an error: (404) Not Found."
[2026-06-03 03:27:52] Retry 3/8 for lit_kring_1994 after 30s: curl=22; web=Exception calling "DownloadFile" with "2" argument(s): "The remote server returned an error: (404) Not Found."
[2026-06-03 03:28:25] Retry 4/8 for lit_kring_1994 after 60s: curl=22; web=Exception calling "DownloadFile" with "2" argument(s): "The remote server returned an error: (404) Not Found."
[2026-06-03 03:29:30] Retry 5/8 for lit_kring_1994 after 90s: curl=22; web=Exception calling "DownloadFile" with "2" argument(s): "The remote server returned an error: (404) Not Found."
[2026-06-03 03:31:03] Retry 6/8 for lit_kring_1994 after 120s: curl=22; web=Exception calling "DownloadFile" with "2" argument(s): "The remote server returned an error: (404) Not Found."
[2026-06-03 03:33:07] Retry 7/8 for lit_kring_1994 after 120s: curl=22; web=Exception calling "DownloadFile" with "2" argument(s): "The remote server returned an error: (404) Not Found."
[2026-06-03 03:35:11] Retry 8/8 for lit_kring_1994 after 180s: curl=22; web=Exception calling "DownloadFile" with "2" argument(s): "The remote server returned an error: (404) Not Found."
[2026-06-03 03:38:11] GET lit_kring_1994: https://web.archive.org/web/2020/https://dspace.mit.edu/bitstream/handle/1721.1/11939/31384162-MIT.pdf?sequence=2&isAllowed=y
[2026-06-03 03:38:16] Retry 1/8 for lit_kring_1994 after 5s: curl=22; web=Exception calling "DownloadFile" with "2" argument(s): "The request was aborted: The connection was closed unexpectedly."
[2026-06-03 03:38:26] Retry 2/8 for lit_kring_1994 after 15s: curl=22; web=Exception calling "DownloadFile" with "2" argument(s): "The request was aborted: The connection was closed unexpectedly."
[2026-06-03 03:38:44] Retry 3/8 for lit_kring_1994 after 30s: curl=22; web=Exception calling "DownloadFile" with "2" argument(s): "The request was aborted: The connection was closed unexpectedly."
[2026-06-03 03:39:18] Retry 4/8 for lit_kring_1994 after 60s: curl=35; web=Exception calling "DownloadFile" with "2" argument(s): "The request was aborted: The connection was closed unexpectedly."
[2026-06-03 03:40:22] Retry 5/8 for lit_kring_1994 after 90s: curl=22; web=Exception calling "DownloadFile" with "2" argument(s): "The request was aborted: The connection was closed unexpectedly."
[2026-06-03 03:41:55] Retry 6/8 for lit_kring_1994 after 120s: curl=22; web=Exception calling "DownloadFile" with "2" argument(s): "The request was aborted: The connection was closed unexpectedly."
[2026-06-03 03:43:59] Retry 7/8 for lit_kring_1994 after 120s: curl=22; web=Exception calling "DownloadFile" with "2" argument(s): "The request was aborted: The connection was closed unexpectedly."
[2026-06-03 03:46:03] Retry 8/8 for lit_kring_1994 after 180s: curl=22; web=Exception calling "DownloadFile" with "2" argument(s): "The request was aborted: The connection was closed unexpectedly."
[2026-06-03 03:49:03] GET lit_kring_1994: https://core.ac.uk/download/pdf/48633506.pdf
[2026-06-03 03:49:08] Retry 1/8 for lit_kring_1994 after 5s: curl=22; web=Exception calling "DownloadFile" with "2" argument(s): "An exception occurred during a WebClient request."
[2026-06-03 03:49:21] Retry 2/8 for lit_kring_1994 after 15s: curl=22; web=Exception calling "DownloadFile" with "2" argument(s): "The remote server returned an error: (404) Not Found."
[2026-06-03 03:49:41] Retry 3/8 for lit_kring_1994 after 30s: curl=22; web=Exception calling "DownloadFile" with "2" argument(s): "The remote server returned an error: (404) Not Found."
[2026-06-03 03:50:15] Retry 4/8 for lit_kring_1994 after 60s: curl=22; web=Exception calling "DownloadFile" with "2" argument(s): "The remote server returned an error: (404) Not Found."
[2026-06-03 03:51:21] Retry 5/8 for lit_kring_1994 after 90s: curl=22; web=Exception calling "DownloadFile" with "2" argument(s): "The remote server returned an error: (404) Not Found."
[2026-06-03 03:52:55] Retry 6/8 for lit_kring_1994 after 120s: curl=22; web=Exception calling "DownloadFile" with "2" argument(s): "The remote server returned an error: (404) Not Found."
[2026-06-03 03:55:03] Retry 7/8 for lit_kring_1994 after 120s: curl=22; web=Exception calling "DownloadFile" with "2" argument(s): "The remote server returned an error: (404) Not Found."
[2026-06-03 03:57:10] Retry 8/8 for lit_kring_1994 after 180s: curl=22; web=Exception calling "DownloadFile" with "2" argument(s): "The remote server returned an error: (404) Not Found."
[2026-06-03 04:00:10] GET lit_kring_1994: http://hdl.handle.net/1721.1/11939
[2026-06-03 04:00:28] Retry 1/8 for lit_kring_1994 after 5s: curl=22; web=Exception calling "DownloadFile" with "2" argument(s): "The remote server returned an error: (500) Internal Server Error."
[2026-06-03 04:00:47] Retry 2/8 for lit_kring_1994 after 15s: curl=22; web=Exception calling "DownloadFile" with "2" argument(s): "The remote server returned an error: (500) Internal Server Error."
[2026-06-03 04:01:19] Retry 3/8 for lit_kring_1994 after 30s: curl=22; web=Exception calling "DownloadFile" with "2" argument(s): "The remote server returned an error: (500) Internal Server Error."
[2026-06-03 04:02:04] Retry 4/8 for lit_kring_1994 after 60s: curl=22; web=Exception calling "DownloadFile" with "2" argument(s): "The remote server returned an error: (500) Internal Server Error."
[2026-06-03 04:03:20] Retry 5/8 for lit_kring_1994 after 90s: curl=22; web=Exception calling "DownloadFile" with "2" argument(s): "The remote server returned an error: (500) Internal Server Error."
[2026-06-03 04:05:05] Retry 6/8 for lit_kring_1994 after 120s: curl=22; web=Exception calling "DownloadFile" with "2" argument(s): "The remote server returned an error: (500) Internal Server Error."
[2026-06-03 04:07:22] Retry 7/8 for lit_kring_1994 after 120s: curl=22; web=Exception calling "DownloadFile" with "2" argument(s): "The remote server returned an error: (500) Internal Server Error."
[2026-06-03 04:09:39] Retry 8/8 for lit_kring_1994 after 180s: curl=52; web=Exception calling "DownloadFile" with "2" argument(s): "The remote server returned an error: (500) Internal Server Error."
[2026-06-03 04:12:39] FAIL lit_kring_1994: curl=52; web=Exception calling "DownloadFile" with "2" argument(s): "The remote server returned an error: (500) Internal Server Error."
[2026-06-03 04:12:42] GET lit_donatini_2022: https://doi.org/10.1016/j.oceaneng.2022.112222
[2026-06-03 04:12:47] FAIL lit_donatini_2022: 
[2026-06-03 04:12:47] SKIP ok: lit_bailey_npl
[2026-06-03 04:12:47] SKIP ok: lit_mercier_savitsky_1973
[2026-06-03 04:12:47] GET lit_compton_1986: https://onepetro.org/mtsn/article-pdf/23/04/345/2199243/sname-mtsn-1986-23-4-345.pdf
[2026-06-03 04:12:50] Retry 1/8 for lit_compton_1986 after 5s: curl=22; web=Exception calling "DownloadFile" with "2" argument(s): "The remote server returned an error: (403) Forbidden."
[2026-06-03 04:12:57] Retry 2/8 for lit_compton_1986 after 15s: curl=22; web=Exception calling "DownloadFile" with "2" argument(s): "The remote server returned an error: (403) Forbidden."
[2026-06-03 04:13:15] Retry 3/8 for lit_compton_1986 after 30s: curl=22; web=Exception calling "DownloadFile" with "2" argument(s): "The remote server returned an error: (403) Forbidden."
[2026-06-03 04:13:47] Retry 4/8 for lit_compton_1986 after 60s: curl=22; web=Exception calling "DownloadFile" with "2" argument(s): "The remote server returned an error: (403) Forbidden."
[2026-06-03 04:14:50] Retry 5/8 for lit_compton_1986 after 90s: curl=22; web=Exception calling "DownloadFile" with "2" argument(s): "The remote server returned an error: (403) Forbidden."
[2026-06-03 04:16:22] Retry 6/8 for lit_compton_1986 after 120s: curl=22; web=Exception calling "DownloadFile" with "2" argument(s): "The remote server returned an error: (403) Forbidden."
[2026-06-03 04:18:24] Retry 7/8 for lit_compton_1986 after 120s: curl=22; web=Exception calling "DownloadFile" with "2" argument(s): "The remote server returned an error: (403) Forbidden."
[2026-06-03 04:20:27] Retry 8/8 for lit_compton_1986 after 180s: curl=22; web=Exception calling "DownloadFile" with "2" argument(s): "The remote server returned an error: (403) Forbidden."
[2026-06-03 04:23:27] GET lit_compton_1986: https://web.archive.org/web/2019/https://onepetro.org/mtsn/article-pdf/23/04/345/2199243/sname-mtsn-1986-23-4-345.pdf
[2026-06-03 04:23:33] FAIL lit_compton_1986: 
[2026-06-03 04:23:33] GET lit_savitsky_preplaning: https://doi.org/10.1063/1.5143123
[2026-06-03 04:23:38] Retry 1/8 for lit_savitsky_preplaning after 5s: curl=22; web=Exception calling "DownloadFile" with "2" argument(s): "The remote server returned an error: (404) Not Found."
[2026-06-03 04:23:45] Retry 2/8 for lit_savitsky_preplaning after 15s: curl=22; web=Exception calling "DownloadFile" with "2" argument(s): "The remote server returned an error: (404) Not Found."
[2026-06-03 04:24:02] Retry 3/8 for lit_savitsky_preplaning after 30s: curl=22; web=Exception calling "DownloadFile" with "2" argument(s): "The remote server returned an error: (404) Not Found."
[2026-06-03 04:24:33] Retry 4/8 for lit_savitsky_preplaning after 60s: curl=22; web=Exception calling "DownloadFile" with "2" argument(s): "The remote server returned an error: (404) Not Found."
[2026-06-03 04:25:35] Retry 5/8 for lit_savitsky_preplaning after 90s: curl=22; web=Exception calling "DownloadFile" with "2" argument(s): "The remote server returned an error: (404) Not Found."
[2026-06-03 04:27:08] Retry 6/8 for lit_savitsky_preplaning after 120s: curl=22; web=Exception calling "DownloadFile" with "2" argument(s): "The remote server returned an error: (404) Not Found."
[2026-06-03 04:29:10] Retry 7/8 for lit_savitsky_preplaning after 120s: curl=22; web=Exception calling "DownloadFile" with "2" argument(s): "The remote server returned an error: (404) Not Found."
[2026-06-03 04:31:13] Retry 8/8 for lit_savitsky_preplaning after 180s: curl=22; web=Exception calling "DownloadFile" with "2" argument(s): "The remote server returned an error: (404) Not Found."
[2026-06-03 04:34:13] FAIL lit_savitsky_preplaning: curl=22; web=Exception calling "DownloadFile" with "2" argument(s): "The remote server returned an error: (404) Not Found."
[2026-06-03 04:34:16] GET lit_savitsky_1964: https://onepetro.org/MTSN/article/1/04/71/172383/Hydrodynamic-Design-of-Planing-Hulls
[2026-06-03 04:34:18] Retry 1/8 for lit_savitsky_1964 after 5s: curl=22; web=Exception calling "DownloadFile" with "2" argument(s): "The remote server returned an error: (403) Forbidden."
[2026-06-03 04:34:25] Retry 2/8 for lit_savitsky_1964 after 15s: curl=22; web=Exception calling "DownloadFile" with "2" argument(s): "The remote server returned an error: (403) Forbidden."
[2026-06-03 04:34:43] Retry 3/8 for lit_savitsky_1964 after 30s: curl=22; web=Exception calling "DownloadFile" with "2" argument(s): "The remote server returned an error: (403) Forbidden."
[2026-06-03 04:35:15] Retry 4/8 for lit_savitsky_1964 after 60s: curl=22; web=Exception calling "DownloadFile" with "2" argument(s): "The remote server returned an error: (403) Forbidden."
[2026-06-03 04:36:17] Retry 5/8 for lit_savitsky_1964 after 90s: curl=22; web=Exception calling "DownloadFile" with "2" argument(s): "The remote server returned an error: (403) Forbidden."
[2026-06-03 04:37:50] Retry 6/8 for lit_savitsky_1964 after 120s: curl=22; web=Exception calling "DownloadFile" with "2" argument(s): "The remote server returned an error: (403) Forbidden."
[2026-06-03 04:39:52] Retry 7/8 for lit_savitsky_1964 after 120s: curl=22; web=Exception calling "DownloadFile" with "2" argument(s): "The remote server returned an error: (403) Forbidden."
[2026-06-03 04:41:55] Retry 8/8 for lit_savitsky_1964 after 180s: curl=22; web=Exception calling "DownloadFile" with "2" argument(s): "The remote server returned an error: (403) Forbidden."
[2026-06-03 04:44:55] GET lit_savitsky_1964: https://web.archive.org/web/2020/https://onepetro.org/MTSN/article/1/04/71/172383/Hydrodynamic-Design-of-Planing-Hulls
[2026-06-03 04:44:59] SKIP ok: lit_fridsma
[2026-06-03 04:44:59] SKIP ok: lit_savitsky_brown_1976
[2026-06-03 04:44:59] SKIP ok: lit_zhao_water_entry
[2026-06-03 04:45:02] GET lit_sun_faltinsen_2010: https://doi.org/10.2514/1.44717
[2026-06-03 04:45:05] Retry 1/8 for lit_sun_faltinsen_2010 after 5s: curl=22; web=Exception calling "DownloadFile" with "2" argument(s): "The remote server returned an error: (404) Not Found."
[2026-06-03 04:45:12] Retry 2/8 for lit_sun_faltinsen_2010 after 15s: curl=22; web=Exception calling "DownloadFile" with "2" argument(s): "The remote server returned an error: (404) Not Found."
[2026-06-03 04:45:29] Retry 3/8 for lit_sun_faltinsen_2010 after 30s: curl=22; web=Exception calling "DownloadFile" with "2" argument(s): "The remote server returned an error: (404) Not Found."
[2026-06-03 04:46:01] Retry 4/8 for lit_sun_faltinsen_2010 after 60s: curl=22; web=Exception calling "DownloadFile" with "2" argument(s): "The remote server returned an error: (404) Not Found."
[2026-06-03 04:47:03] Retry 5/8 for lit_sun_faltinsen_2010 after 90s: curl=22; web=Exception calling "DownloadFile" with "2" argument(s): "The remote server returned an error: (404) Not Found."
[2026-06-03 04:48:35] Retry 6/8 for lit_sun_faltinsen_2010 after 120s: curl=22; web=Exception calling "DownloadFile" with "2" argument(s): "The remote server returned an error: (404) Not Found."
[2026-06-03 04:50:38] Retry 7/8 for lit_sun_faltinsen_2010 after 120s: curl=22; web=Exception calling "DownloadFile" with "2" argument(s): "The remote server returned an error: (404) Not Found."
[2026-06-03 04:52:41] Retry 8/8 for lit_sun_faltinsen_2010 after 180s: curl=22; web=Exception calling "DownloadFile" with "2" argument(s): "The remote server returned an error: (404) Not Found."
[2026-06-03 04:55:41] FAIL lit_sun_faltinsen_2010: curl=22; web=Exception calling "DownloadFile" with "2" argument(s): "The remote server returned an error: (404) Not Found."
[2026-06-03 04:55:43] GET lit_planing_review_2024: https://doi.org/10.1016/j.oceaneng.2024.114383
[2026-06-03 04:55:47] Retry 1/8 for lit_planing_review_2024 after 5s: curl=22; web=Exception calling "DownloadFile" with "2" argument(s): "The remote server returned an error: (404) Not Found."
[2026-06-03 04:55:53] Retry 2/8 for lit_planing_review_2024 after 15s: curl=22; web=Exception calling "DownloadFile" with "2" argument(s): "The remote server returned an error: (404) Not Found."
[2026-06-03 04:56:10] Retry 3/8 for lit_planing_review_2024 after 30s: curl=22; web=Exception calling "DownloadFile" with "2" argument(s): "The remote server returned an error: (404) Not Found."
[2026-06-03 04:56:42] Retry 4/8 for lit_planing_review_2024 after 60s: curl=22; web=Exception calling "DownloadFile" with "2" argument(s): "The remote server returned an error: (404) Not Found."
[2026-06-03 04:57:44] Retry 5/8 for lit_planing_review_2024 after 90s: curl=22; web=Exception calling "DownloadFile" with "2" argument(s): "The remote server returned an error: (404) Not Found."
[2026-06-03 04:59:15] Retry 6/8 for lit_planing_review_2024 after 120s: curl=22; web=Exception calling "DownloadFile" with "2" argument(s): "The remote server returned an error: (404) Not Found."
[2026-06-03 05:01:18] Retry 7/8 for lit_planing_review_2024 after 120s: curl=22; web=Exception calling "DownloadFile" with "2" argument(s): "The remote server returned an error: (404) Not Found."
[2026-06-03 05:03:21] Retry 8/8 for lit_planing_review_2024 after 180s: curl=22; web=Exception calling "DownloadFile" with "2" argument(s): "The remote server returned an error: (404) Not Found."
[2026-06-03 05:06:21] GET lit_planing_review_2024: https://www.sciencedirect.com/science/article/pii/S0029801824003834
[2026-06-03 05:06:24] Retry 1/8 for lit_planing_review_2024 after 5s: curl=22; web=Exception calling "DownloadFile" with "2" argument(s): "The remote server returned an error: (403) Forbidden."
[2026-06-03 05:06:32] Retry 2/8 for lit_planing_review_2024 after 15s: curl=22; web=Exception calling "DownloadFile" with "2" argument(s): "The remote server returned an error: (403) Forbidden."
[2026-06-03 05:06:50] Retry 3/8 for lit_planing_review_2024 after 30s: curl=22; web=Exception calling "DownloadFile" with "2" argument(s): "The remote server returned an error: (403) Forbidden."
[2026-06-03 05:07:22] Retry 4/8 for lit_planing_review_2024 after 60s: curl=22; web=Exception calling "DownloadFile" with "2" argument(s): "The remote server returned an error: (403) Forbidden."
[2026-06-03 05:08:26] Retry 5/8 for lit_planing_review_2024 after 90s: curl=22; web=Exception calling "DownloadFile" with "2" argument(s): "The remote server returned an error: (403) Forbidden."
[2026-06-03 05:09:58] Retry 6/8 for lit_planing_review_2024 after 120s: curl=22; web=Exception calling "DownloadFile" with "2" argument(s): "The remote server returned an error: (403) Forbidden."
[2026-06-03 05:12:02] Retry 7/8 for lit_planing_review_2024 after 120s: curl=22; web=Exception calling "DownloadFile" with "2" argument(s): "The remote server returned an error: (403) Forbidden."
[2026-06-03 05:14:04] Retry 8/8 for lit_planing_review_2024 after 180s: curl=22; web=Exception calling "DownloadFile" with "2" argument(s): "The remote server returned an error: (403) Forbidden."
[2026-06-03 05:17:04] FAIL lit_planing_review_2024: curl=22; web=Exception calling "DownloadFile" with "2" argument(s): "The remote server returned an error: (403) Forbidden."
[2026-06-03 05:17:07] GET lit_fossen_2012: https://doi.org/10.1016/j.oceaneng.2012.09.012
[2026-06-03 05:17:11] GET lit_fossen_2012: https://folk.ntnu.no/thomas.fossen/pub/Fossen2012windwaves.pdf
[2026-06-03 05:17:17] Retry 1/8 for lit_fossen_2012 after 5s: curl=22; web=Exception calling "DownloadFile" with "2" argument(s): "The remote server returned an error: (404) Not Found."
[2026-06-03 05:17:25] Retry 2/8 for lit_fossen_2012 after 15s: curl=22; web=Exception calling "DownloadFile" with "2" argument(s): "The remote server returned an error: (404) Not Found."
[2026-06-03 05:17:44] Retry 3/8 for lit_fossen_2012 after 30s: curl=22; web=Exception calling "DownloadFile" with "2" argument(s): "The remote server returned an error: (404) Not Found."
[2026-06-03 05:18:18] Retry 4/8 for lit_fossen_2012 after 60s: curl=22; web=Exception calling "DownloadFile" with "2" argument(s): "The remote server returned an error: (404) Not Found."
[2026-06-03 05:19:22] Retry 5/8 for lit_fossen_2012 after 90s: curl=22; web=Exception calling "DownloadFile" with "2" argument(s): "The remote server returned an error: (404) Not Found."
[2026-06-03 05:20:56] Retry 6/8 for lit_fossen_2012 after 120s: curl=22; web=Exception calling "DownloadFile" with "2" argument(s): "The remote server returned an error: (404) Not Found."
[2026-06-03 05:22:59] Retry 7/8 for lit_fossen_2012 after 120s: curl=22; web=Exception calling "DownloadFile" with "2" argument(s): "The remote server returned an error: (404) Not Found."
[2026-06-03 05:25:03] Retry 8/8 for lit_fossen_2012 after 180s: curl=22; web=Exception calling "DownloadFile" with "2" argument(s): "The remote server returned an error: (404) Not Found."
[2026-06-03 05:28:03] GET lit_fossen_2012: https://folk.ntnu.no/thomas.fossen/pub/Fossen2012wind.pdf
[2026-06-03 05:28:07] Retry 1/8 for lit_fossen_2012 after 5s: curl=22; web=Exception calling "DownloadFile" with "2" argument(s): "The remote server returned an error: (404) Not Found."
[2026-06-03 05:28:16] Retry 2/8 for lit_fossen_2012 after 15s: curl=22; web=Exception calling "DownloadFile" with "2" argument(s): "The remote server returned an error: (404) Not Found."
[2026-06-03 05:28:34] Retry 3/8 for lit_fossen_2012 after 30s: curl=22; web=Exception calling "DownloadFile" with "2" argument(s): "The remote server returned an error: (404) Not Found."
[2026-06-03 05:29:08] Retry 4/8 for lit_fossen_2012 after 60s: curl=22; web=Exception calling "DownloadFile" with "2" argument(s): "The remote server returned an error: (404) Not Found."
[2026-06-03 05:30:13] Retry 5/8 for lit_fossen_2012 after 90s: curl=22; web=Exception calling "DownloadFile" with "2" argument(s): "The remote server returned an error: (404) Not Found."
[2026-06-03 05:31:46] Retry 6/8 for lit_fossen_2012 after 120s: curl=22; web=Exception calling "DownloadFile" with "2" argument(s): "The remote server returned an error: (404) Not Found."
[2026-06-03 05:33:49] Retry 7/8 for lit_fossen_2012 after 120s: curl=22; web=Exception calling "DownloadFile" with "2" argument(s): "The remote server returned an error: (404) Not Found."
[2026-06-03 05:35:53] Retry 8/8 for lit_fossen_2012 after 180s: curl=22; web=Exception calling "DownloadFile" with "2" argument(s): "The remote server returned an error: (404) Not Found."
[2026-06-03 05:38:53] GET lit_fossen_2012: https://www.researchgate.net/profile/Thor-Fossen/publication/257623456_How_to_incorporate_wind_waves_and_ocean_currents_in_the_marine_craft_equations_of_motion/links/0deec53c8c0c5e0e3c000000/How-to-incorporate-wind-waves-and-ocean-currents-in-the-marine-craft-equations-of-motion.pdf
[2026-06-03 05:38:57] Retry 1/8 for lit_fossen_2012 after 5s: curl=22; web=Exception calling "DownloadFile" with "2" argument(s): "The remote server returned an error: (403) Forbidden."
[2026-06-03 05:39:04] Retry 2/8 for lit_fossen_2012 after 15s: curl=22; web=Exception calling "DownloadFile" with "2" argument(s): "The remote server returned an error: (403) Forbidden."
[2026-06-03 05:39:21] Retry 3/8 for lit_fossen_2012 after 30s: curl=22; web=Exception calling "DownloadFile" with "2" argument(s): "The remote server returned an error: (403) Forbidden."
[2026-06-03 05:39:54] Retry 4/8 for lit_fossen_2012 after 60s: curl=22; web=Exception calling "DownloadFile" with "2" argument(s): "The remote server returned an error: (403) Forbidden."
[2026-06-03 05:40:56] Retry 5/8 for lit_fossen_2012 after 90s: curl=22; web=Exception calling "DownloadFile" with "2" argument(s): "The remote server returned an error: (403) Forbidden."
[2026-06-03 05:42:28] Retry 6/8 for lit_fossen_2012 after 120s: curl=22; web=Exception calling "DownloadFile" with "2" argument(s): "The remote server returned an error: (403) Forbidden."
[2026-06-03 05:44:32] Retry 7/8 for lit_fossen_2012 after 120s: curl=22; web=Exception calling "DownloadFile" with "2" argument(s): "The remote server returned an error: (403) Forbidden."
[2026-06-03 05:46:35] Retry 8/8 for lit_fossen_2012 after 180s: curl=22; web=Exception calling "DownloadFile" with "2" argument(s): "The remote server returned an error: (403) Forbidden."
[2026-06-03 05:49:35] FAIL lit_fossen_2012: curl=22; web=Exception calling "DownloadFile" with "2" argument(s): "The remote server returned an error: (403) Forbidden."
[2026-06-03 05:49:35] GET lit_molland_book: https://www.routledge.com/Maritime-Engineering-Ship-Design/Molland/p/book/9780750665275
[2026-06-03 05:49:40] Retry 1/8 for lit_molland_book after 5s: curl=22; web=Exception calling "DownloadFile" with "2" argument(s): "The request was aborted: The connection was closed unexpectedly."
[2026-06-03 05:49:50] Retry 2/8 for lit_molland_book after 15s: curl=22; web=Exception calling "DownloadFile" with "2" argument(s): "The request was aborted: The connection was closed unexpectedly."
[2026-06-03 05:50:09] Retry 3/8 for lit_molland_book after 30s: curl=22; web=Exception calling "DownloadFile" with "2" argument(s): "The request was aborted: The connection was closed unexpectedly."
[2026-06-03 05:50:43] Retry 4/8 for lit_molland_book after 60s: curl=22; web=Exception calling "DownloadFile" with "2" argument(s): "The request was aborted: The connection was closed unexpectedly."
[2026-06-03 05:51:46] Retry 5/8 for lit_molland_book after 90s: curl=22; web=Exception calling "DownloadFile" with "2" argument(s): "The request was aborted: The connection was closed unexpectedly."
[2026-06-03 05:53:19] Retry 6/8 for lit_molland_book after 120s: curl=22; web=Exception calling "DownloadFile" with "2" argument(s): "The request was aborted: The connection was closed unexpectedly."
[2026-06-03 05:55:26] Retry 7/8 for lit_molland_book after 120s: curl=22; web=Exception calling "DownloadFile" with "2" argument(s): "The request was aborted: The connection was closed unexpectedly."
[2026-06-03 05:57:29] Retry 8/8 for lit_molland_book after 180s: curl=22; web=Exception calling "DownloadFile" with "2" argument(s): "The request was aborted: The connection was closed unexpectedly."
[2026-06-03 06:00:29] FAIL lit_molland_book: curl=22; web=Exception calling "DownloadFile" with "2" argument(s): "The request was aborted: The connection was closed unexpectedly."
[2026-06-03 06:00:29] SKIP git ok: code_pdstrip
[2026-06-03 06:00:29] SKIP git ok: code_hams
[2026-06-03 06:00:30] SKIP git ok: code_bemrosetta
[2026-06-03 06:00:30] SKIP git ok: code_ow3d
[2026-06-03 06:00:30] SKIP git ok: code_openplaning
[2026-06-03 06:00:30] SKIP git ok: code_binder_openplaning
[2026-06-03 06:00:30] SKIP git ok: code_mmgdynamics
[2026-06-03 06:00:30] SKIP git ok: code_shipmmg
[2026-06-03 06:00:30] SKIP git ok: code_nemoh
[2026-06-03 06:00:30] SKIP git ok: code_capytaine
[2026-06-03 06:00:30] SKIP git ok: code_mss_tools
[2026-06-03 06:00:30] SKIP git ok: code_python_vehicle
[2026-06-03 06:00:30] SKIP ok: data_kcs_index
[2026-06-03 06:00:30] SKIP ok: data_kcs_hull_zip
[2026-06-03 06:00:30] SKIP ok: data_kcs_rudder_zip
[2026-06-03 06:00:30] SKIP ok: data_kcs_prop_zip
[2026-06-03 06:00:30] SKIP ok: data_kcs_case211_zip
[2026-06-03 06:00:30] SKIP ok: data_delft372_report
[2026-06-03 06:00:30] GET data_delft372_strath: https://strathprints.strath.ac.uk/82218/1/Duman_Bal_OE_2022_Turn_and_zigzag_manoeuvres_of_Delft_catamaran_372_using_CFD_based_system_simulation_method.pdf
[2026-06-03 06:00:34] Retry 1/8 for data_delft372_strath after 5s: curl=22; web=Exception calling "DownloadFile" with "2" argument(s): "The remote server returned an error: (404) Not Found."
[2026-06-03 06:00:44] Retry 2/8 for data_delft372_strath after 15s: curl=22; web=Exception calling "DownloadFile" with "2" argument(s): "The remote server returned an error: (404) Not Found."
[2026-06-03 06:01:03] Retry 3/8 for data_delft372_strath after 30s: curl=22; web=Exception calling "DownloadFile" with "2" argument(s): "The remote server returned an error: (404) Not Found."
[2026-06-03 06:01:37] Retry 4/8 for data_delft372_strath after 60s: curl=22; web=Exception calling "DownloadFile" with "2" argument(s): "The remote server returned an error: (404) Not Found."
[2026-06-03 06:02:41] Retry 5/8 for data_delft372_strath after 90s: curl=22; web=Exception calling "DownloadFile" with "2" argument(s): "The remote server returned an error: (404) Not Found."
[2026-06-03 06:04:17] Retry 6/8 for data_delft372_strath after 120s: curl=22; web=Exception calling "DownloadFile" with "2" argument(s): "The remote server returned an error: (404) Not Found."
[2026-06-03 06:06:21] Retry 7/8 for data_delft372_strath after 120s: curl=22; web=Exception calling "DownloadFile" with "2" argument(s): "The remote server returned an error: (404) Not Found."
[2026-06-03 06:08:24] Retry 8/8 for data_delft372_strath after 180s: curl=22; web=Exception calling "DownloadFile" with "2" argument(s): "The remote server returned an error: (404) Not Found."
[2026-06-03 06:11:24] FAIL data_delft372_strath: curl=22; web=Exception calling "DownloadFile" with "2" argument(s): "The remote server returned an error: (404) Not Found."
[2026-06-03 06:12:10] SKIP ok: fossen_mss_index
[2026-06-03 06:12:10] SKIP ok: fossen_pvs
[2026-06-03 06:12:10] SUMMARY ok=29 paywall=8 failed=4 pending=0
SUMMARY ok=29 paywall=8 failed=4 pending=0
Retry 4 items in 60s...
=== Round 15 / 20 ===
[2026-06-03 06:13:11] === download_all.ps1 start (early_stage_materials) ===
[2026-06-03 06:13:11] SKIP ok: lit_stf_1970
[2026-06-03 06:13:11] SKIP ok: lit_faltinsen_sea_loads
[2026-06-03 06:13:11] SKIP ok: lit_faltinsen_hsmv_preview
[2026-06-03 06:13:14] GET lit_ma_2005: https://doi.org/10.1016/j.oceaneng.2004.08.012
[2026-06-03 06:13:17] FAIL lit_ma_2005: 
[2026-06-03 06:13:17] GET lit_arribas_2006: https://doi.org/10.1016/j.oceaneng.2005.09.008
[2026-06-03 06:13:20] FAIL lit_arribas_2006: 
[2026-06-03 06:13:20] GET lit_kring_1994: https://dspace.mit.edu/bitstream/handle/1721.1/11939/31384162-MIT.pdf?sequence=2&isAllowed=y
[2026-06-03 06:13:25] Retry 1/8 for lit_kring_1994 after 5s: curl=22; web=Exception calling "DownloadFile" with "2" argument(s): "The remote server returned an error: (404) Not Found."
[2026-06-03 06:13:33] Retry 2/8 for lit_kring_1994 after 15s: curl=22; web=Exception calling "DownloadFile" with "2" argument(s): "The remote server returned an error: (404) Not Found."
[2026-06-03 06:13:50] Retry 3/8 for lit_kring_1994 after 30s: curl=22; web=Exception calling "DownloadFile" with "2" argument(s): "The remote server returned an error: (404) Not Found."
[2026-06-03 06:14:23] Retry 4/8 for lit_kring_1994 after 60s: curl=22; web=Exception calling "DownloadFile" with "2" argument(s): "The remote server returned an error: (404) Not Found."
[2026-06-03 06:15:29] Retry 5/8 for lit_kring_1994 after 90s: curl=22; web=Exception calling "DownloadFile" with "2" argument(s): "The remote server returned an error: (404) Not Found."
[2026-06-03 06:17:03] Retry 6/8 for lit_kring_1994 after 120s: curl=22; web=
[2026-06-03 06:19:05] Retry 7/8 for lit_kring_1994 after 120s: curl=22; web=Exception calling "DownloadFile" with "2" argument(s): "An exception occurred during a WebClient request."
[2026-06-03 06:21:09] Retry 8/8 for lit_kring_1994 after 180s: curl=22; web=Exception calling "DownloadFile" with "2" argument(s): "The remote server returned an error: (404) Not Found."
[2026-06-03 06:24:09] GET lit_kring_1994: https://web.archive.org/web/2020/https://dspace.mit.edu/bitstream/handle/1721.1/11939/31384162-MIT.pdf?sequence=2&isAllowed=y
[2026-06-03 06:24:14] Retry 1/8 for lit_kring_1994 after 5s: curl=22; web=Exception calling "DownloadFile" with "2" argument(s): "The request was aborted: The connection was closed unexpectedly."
[2026-06-03 06:24:23] Retry 2/8 for lit_kring_1994 after 15s: curl=22; web=Exception calling "DownloadFile" with "2" argument(s): "The request was aborted: The connection was closed unexpectedly."
[2026-06-03 06:24:41] Retry 3/8 for lit_kring_1994 after 30s: curl=22; web=Exception calling "DownloadFile" with "2" argument(s): "The request was aborted: The connection was closed unexpectedly."
[2026-06-03 06:25:14] Retry 4/8 for lit_kring_1994 after 60s: curl=22; web=Exception calling "DownloadFile" with "2" argument(s): "The request was aborted: The connection was closed unexpectedly."
[2026-06-03 06:26:17] Retry 5/8 for lit_kring_1994 after 90s: curl=22; web=Exception calling "DownloadFile" with "2" argument(s): "An exception occurred during a WebClient request."
[2026-06-03 06:27:51] Retry 6/8 for lit_kring_1994 after 120s: curl=22; web=Exception calling "DownloadFile" with "2" argument(s): "The request was aborted: The connection was closed unexpectedly."
[2026-06-03 06:29:55] Retry 7/8 for lit_kring_1994 after 120s: curl=22; web=Exception calling "DownloadFile" with "2" argument(s): "The request was aborted: The connection was closed unexpectedly."
[2026-06-03 06:31:59] Retry 8/8 for lit_kring_1994 after 180s: curl=22; web=Exception calling "DownloadFile" with "2" argument(s): "The request was aborted: The connection was closed unexpectedly."
[2026-06-03 06:34:59] GET lit_kring_1994: https://core.ac.uk/download/pdf/48633506.pdf
[2026-06-03 06:35:06] Retry 1/8 for lit_kring_1994 after 5s: curl=22; web=Exception calling "DownloadFile" with "2" argument(s): "The remote server returned an error: (404) Not Found."
[2026-06-03 06:35:16] Retry 2/8 for lit_kring_1994 after 15s: curl=22; web=Exception calling "DownloadFile" with "2" argument(s): "The remote server returned an error: (404) Not Found."
[2026-06-03 06:35:35] Retry 3/8 for lit_kring_1994 after 30s: curl=22; web=Exception calling "DownloadFile" with "2" argument(s): "The remote server returned an error: (404) Not Found."
[2026-06-03 06:36:10] Retry 4/8 for lit_kring_1994 after 60s: curl=22; web=Exception calling "DownloadFile" with "2" argument(s): "The remote server returned an error: (404) Not Found."
[2026-06-03 06:37:14] Retry 5/8 for lit_kring_1994 after 90s: curl=22; web=Exception calling "DownloadFile" with "2" argument(s): "The remote server returned an error: (404) Not Found."
[2026-06-03 06:38:49] Retry 6/8 for lit_kring_1994 after 120s: curl=22; web=Exception calling "DownloadFile" with "2" argument(s): "The remote server returned an error: (404) Not Found."
[2026-06-03 06:40:57] Retry 7/8 for lit_kring_1994 after 120s: curl=22; web=Exception calling "DownloadFile" with "2" argument(s): "The remote server returned an error: (404) Not Found."
[2026-06-03 06:43:03] Retry 8/8 for lit_kring_1994 after 180s: curl=22; web=Exception calling "DownloadFile" with "2" argument(s): "The remote server returned an error: (404) Not Found."
[2026-06-03 06:46:03] GET lit_kring_1994: http://hdl.handle.net/1721.1/11939
[2026-06-03 06:46:20] Retry 1/8 for lit_kring_1994 after 5s: curl=22; web=Exception calling "DownloadFile" with "2" argument(s): "The remote server returned an error: (500) Internal Server Error."
[2026-06-03 06:46:41] Retry 2/8 for lit_kring_1994 after 15s: curl=22; web=Exception calling "DownloadFile" with "2" argument(s): "The remote server returned an error: (500) Internal Server Error."
[2026-06-03 06:47:12] Retry 3/8 for lit_kring_1994 after 30s: curl=22; web=Exception calling "DownloadFile" with "2" argument(s): "The remote server returned an error: (500) Internal Server Error."
[2026-06-03 06:47:58] Retry 4/8 for lit_kring_1994 after 60s: curl=22; web=Exception calling "DownloadFile" with "2" argument(s): "The remote server returned an error: (500) Internal Server Error."
[2026-06-03 06:49:13] Retry 5/8 for lit_kring_1994 after 90s: curl=22; web=Exception calling "DownloadFile" with "2" argument(s): "The remote server returned an error: (500) Internal Server Error."
[2026-06-03 06:50:59] Retry 6/8 for lit_kring_1994 after 120s: curl=22; web=Exception calling "DownloadFile" with "2" argument(s): "The remote server returned an error: (500) Internal Server Error."
[2026-06-03 06:53:15] Retry 7/8 for lit_kring_1994 after 120s: curl=22; web=Exception calling "DownloadFile" with "2" argument(s): "The remote server returned an error: (500) Internal Server Error."
[2026-06-03 06:55:32] Retry 8/8 for lit_kring_1994 after 180s: curl=22; web=Exception calling "DownloadFile" with "2" argument(s): "The remote server returned an error: (500) Internal Server Error."
[2026-06-03 06:58:32] FAIL lit_kring_1994: curl=22; web=Exception calling "DownloadFile" with "2" argument(s): "The remote server returned an error: (500) Internal Server Error."
[2026-06-03 06:58:35] GET lit_donatini_2022: https://doi.org/10.1016/j.oceaneng.2022.112222
[2026-06-03 06:58:39] FAIL lit_donatini_2022: 
[2026-06-03 06:58:39] SKIP ok: lit_bailey_npl
[2026-06-03 06:58:39] SKIP ok: lit_mercier_savitsky_1973
[2026-06-03 06:58:39] GET lit_compton_1986: https://onepetro.org/mtsn/article-pdf/23/04/345/2199243/sname-mtsn-1986-23-4-345.pdf
[2026-06-03 06:58:43] Retry 1/8 for lit_compton_1986 after 5s: curl=22; web=Exception calling "DownloadFile" with "2" argument(s): "The remote server returned an error: (403) Forbidden."
[2026-06-03 06:58:50] Retry 2/8 for lit_compton_1986 after 15s: curl=22; web=Exception calling "DownloadFile" with "2" argument(s): "The remote server returned an error: (403) Forbidden."
[2026-06-03 06:59:08] Retry 3/8 for lit_compton_1986 after 30s: curl=22; web=Exception calling "DownloadFile" with "2" argument(s): "The remote server returned an error: (403) Forbidden."
[2026-06-03 06:59:40] Retry 4/8 for lit_compton_1986 after 60s: curl=22; web=Exception calling "DownloadFile" with "2" argument(s): "The remote server returned an error: (403) Forbidden."
[2026-06-03 07:00:43] Retry 5/8 for lit_compton_1986 after 90s: curl=22; web=Exception calling "DownloadFile" with "2" argument(s): "The remote server returned an error: (403) Forbidden."
[2026-06-03 07:02:17] Retry 6/8 for lit_compton_1986 after 120s: curl=22; web=Exception calling "DownloadFile" with "2" argument(s): "The remote server returned an error: (403) Forbidden."
[2026-06-03 07:04:19] Retry 7/8 for lit_compton_1986 after 120s: curl=22; web=Exception calling "DownloadFile" with "2" argument(s): "The remote server returned an error: (403) Forbidden."
[2026-06-03 07:06:22] Retry 8/8 for lit_compton_1986 after 180s: curl=22; web=Exception calling "DownloadFile" with "2" argument(s): "The remote server returned an error: (403) Forbidden."
[2026-06-03 07:09:22] GET lit_compton_1986: https://web.archive.org/web/2019/https://onepetro.org/mtsn/article-pdf/23/04/345/2199243/sname-mtsn-1986-23-4-345.pdf
[2026-06-03 07:09:28] FAIL lit_compton_1986: 
[2026-06-03 07:09:28] GET lit_savitsky_preplaning: https://doi.org/10.1063/1.5143123
[2026-06-03 07:09:31] Retry 1/8 for lit_savitsky_preplaning after 5s: curl=22; web=Exception calling "DownloadFile" with "2" argument(s): "The remote server returned an error: (404) Not Found."
[2026-06-03 07:09:38] Retry 2/8 for lit_savitsky_preplaning after 15s: curl=22; web=Exception calling "DownloadFile" with "2" argument(s): "The remote server returned an error: (404) Not Found."
[2026-06-03 07:09:54] Retry 3/8 for lit_savitsky_preplaning after 30s: curl=22; web=Exception calling "DownloadFile" with "2" argument(s): "The remote server returned an error: (404) Not Found."
[2026-06-03 07:10:26] Retry 4/8 for lit_savitsky_preplaning after 60s: curl=22; web=Exception calling "DownloadFile" with "2" argument(s): "The remote server returned an error: (404) Not Found."
[2026-06-03 07:11:28] Retry 5/8 for lit_savitsky_preplaning after 90s: curl=22; web=Exception calling "DownloadFile" with "2" argument(s): "The remote server returned an error: (404) Not Found."
[2026-06-03 07:13:01] Retry 6/8 for lit_savitsky_preplaning after 120s: curl=22; web=Exception calling "DownloadFile" with "2" argument(s): "The remote server returned an error: (404) Not Found."
[2026-06-03 07:15:03] Retry 7/8 for lit_savitsky_preplaning after 120s: curl=22; web=Exception calling "DownloadFile" with "2" argument(s): "The remote server returned an error: (404) Not Found."
[2026-06-03 07:17:06] Retry 8/8 for lit_savitsky_preplaning after 180s: curl=22; web=Exception calling "DownloadFile" with "2" argument(s): "The remote server returned an error: (404) Not Found."
[2026-06-03 07:20:06] FAIL lit_savitsky_preplaning: curl=22; web=Exception calling "DownloadFile" with "2" argument(s): "The remote server returned an error: (404) Not Found."
[2026-06-03 07:20:06] SKIP ok: lit_savitsky_1964
[2026-06-03 07:20:06] SKIP ok: lit_fridsma
[2026-06-03 07:20:06] SKIP ok: lit_savitsky_brown_1976
[2026-06-03 07:20:06] SKIP ok: lit_zhao_water_entry
[2026-06-03 07:20:09] GET lit_sun_faltinsen_2010: https://doi.org/10.2514/1.44717
[2026-06-03 07:20:12] Retry 1/8 for lit_sun_faltinsen_2010 after 5s: curl=22; web=Exception calling "DownloadFile" with "2" argument(s): "The remote server returned an error: (404) Not Found."
[2026-06-03 07:20:18] Retry 2/8 for lit_sun_faltinsen_2010 after 15s: curl=22; web=Exception calling "DownloadFile" with "2" argument(s): "The remote server returned an error: (404) Not Found."
[2026-06-03 07:20:35] Retry 3/8 for lit_sun_faltinsen_2010 after 30s: curl=22; web=Exception calling "DownloadFile" with "2" argument(s): "The remote server returned an error: (404) Not Found."
[2026-06-03 07:21:07] Retry 4/8 for lit_sun_faltinsen_2010 after 60s: curl=22; web=Exception calling "DownloadFile" with "2" argument(s): "The remote server returned an error: (404) Not Found."
[2026-06-03 07:22:09] Retry 5/8 for lit_sun_faltinsen_2010 after 90s: curl=22; web=Exception calling "DownloadFile" with "2" argument(s): "The remote server returned an error: (404) Not Found."
[2026-06-03 07:23:40] Retry 6/8 for lit_sun_faltinsen_2010 after 120s: curl=22; web=Exception calling "DownloadFile" with "2" argument(s): "The remote server returned an error: (404) Not Found."
[2026-06-03 07:25:43] Retry 7/8 for lit_sun_faltinsen_2010 after 120s: curl=22; web=Exception calling "DownloadFile" with "2" argument(s): "The remote server returned an error: (404) Not Found."
[2026-06-03 07:27:46] Retry 8/8 for lit_sun_faltinsen_2010 after 180s: curl=22; web=Exception calling "DownloadFile" with "2" argument(s): "The remote server returned an error: (404) Not Found."
[2026-06-03 07:30:46] FAIL lit_sun_faltinsen_2010: curl=22; web=Exception calling "DownloadFile" with "2" argument(s): "The remote server returned an error: (404) Not Found."
[2026-06-03 07:30:48] GET lit_planing_review_2024: https://doi.org/10.1016/j.oceaneng.2024.114383
[2026-06-03 07:30:52] Retry 1/8 for lit_planing_review_2024 after 5s: curl=22; web=Exception calling "DownloadFile" with "2" argument(s): "The remote server returned an error: (404) Not Found."
[2026-06-03 07:30:58] Retry 2/8 for lit_planing_review_2024 after 15s: curl=22; web=Exception calling "DownloadFile" with "2" argument(s): "The remote server returned an error: (404) Not Found."
[2026-06-03 07:31:15] Retry 3/8 for lit_planing_review_2024 after 30s: curl=22; web=Exception calling "DownloadFile" with "2" argument(s): "The remote server returned an error: (404) Not Found."
[2026-06-03 07:31:47] Retry 4/8 for lit_planing_review_2024 after 60s: curl=22; web=Exception calling "DownloadFile" with "2" argument(s): "The remote server returned an error: (404) Not Found."
[2026-06-03 07:32:49] Retry 5/8 for lit_planing_review_2024 after 90s: curl=35; web=Exception calling "DownloadFile" with "2" argument(s): "The remote server returned an error: (404) Not Found."
[2026-06-03 07:34:21] Retry 6/8 for lit_planing_review_2024 after 120s: curl=22; web=Exception calling "DownloadFile" with "2" argument(s): "The remote server returned an error: (404) Not Found."
[2026-06-03 07:36:25] Retry 7/8 for lit_planing_review_2024 after 120s: curl=22; web=Exception calling "DownloadFile" with "2" argument(s): "The remote server returned an error: (404) Not Found."
[2026-06-03 07:38:27] Retry 8/8 for lit_planing_review_2024 after 180s: curl=22; web=Exception calling "DownloadFile" with "2" argument(s): "The remote server returned an error: (404) Not Found."
[2026-06-03 07:41:27] GET lit_planing_review_2024: https://www.sciencedirect.com/science/article/pii/S0029801824003834
[2026-06-03 07:41:31] Retry 1/8 for lit_planing_review_2024 after 5s: curl=22; web=Exception calling "DownloadFile" with "2" argument(s): "The remote server returned an error: (403) Forbidden."
[2026-06-03 07:41:38] Retry 2/8 for lit_planing_review_2024 after 15s: curl=22; web=Exception calling "DownloadFile" with "2" argument(s): "The remote server returned an error: (403) Forbidden."
[2026-06-03 07:41:56] Retry 3/8 for lit_planing_review_2024 after 30s: curl=22; web=Exception calling "DownloadFile" with "2" argument(s): "The remote server returned an error: (403) Forbidden."
[2026-06-03 07:42:28] Retry 4/8 for lit_planing_review_2024 after 60s: curl=22; web=Exception calling "DownloadFile" with "2" argument(s): "The remote server returned an error: (403) Forbidden."
[2026-06-03 07:43:31] Retry 5/8 for lit_planing_review_2024 after 90s: curl=22; web=Exception calling "DownloadFile" with "2" argument(s): "The remote server returned an error: (403) Forbidden."
[2026-06-03 07:45:04] Retry 6/8 for lit_planing_review_2024 after 120s: curl=22; web=Exception calling "DownloadFile" with "2" argument(s): "The remote server returned an error: (403) Forbidden."
[2026-06-03 07:47:07] Retry 7/8 for lit_planing_review_2024 after 120s: curl=22; web=Exception calling "DownloadFile" with "2" argument(s): "The remote server returned an error: (403) Forbidden."
[2026-06-03 07:49:10] Retry 8/8 for lit_planing_review_2024 after 180s: curl=22; web=Exception calling "DownloadFile" with "2" argument(s): "The remote server returned an error: (403) Forbidden."
[2026-06-03 07:52:10] FAIL lit_planing_review_2024: curl=22; web=Exception calling "DownloadFile" with "2" argument(s): "The remote server returned an error: (403) Forbidden."
[2026-06-03 07:52:13] GET lit_fossen_2012: https://doi.org/10.1016/j.oceaneng.2012.09.012
[2026-06-03 07:52:16] GET lit_fossen_2012: https://folk.ntnu.no/thomas.fossen/pub/Fossen2012windwaves.pdf
[2026-06-03 07:52:21] Retry 1/8 for lit_fossen_2012 after 5s: curl=22; web=Exception calling "DownloadFile" with "2" argument(s): "The remote server returned an error: (404) Not Found."
[2026-06-03 07:52:30] Retry 2/8 for lit_fossen_2012 after 15s: curl=22; web=Exception calling "DownloadFile" with "2" argument(s): "The remote server returned an error: (404) Not Found."
[2026-06-03 07:52:50] Retry 3/8 for lit_fossen_2012 after 30s: curl=22; web=Exception calling "DownloadFile" with "2" argument(s): "The remote server returned an error: (404) Not Found."
[2026-06-03 07:53:23] Retry 4/8 for lit_fossen_2012 after 60s: curl=22; web=Exception calling "DownloadFile" with "2" argument(s): "The remote server returned an error: (404) Not Found."
[2026-06-03 07:54:27] Retry 5/8 for lit_fossen_2012 after 90s: curl=22; web=Exception calling "DownloadFile" with "2" argument(s): "The remote server returned an error: (404) Not Found."
[2026-06-03 07:56:01] Retry 6/8 for lit_fossen_2012 after 120s: curl=22; web=Exception calling "DownloadFile" with "2" argument(s): "The remote server returned an error: (404) Not Found."
[2026-06-03 07:58:05] Retry 7/8 for lit_fossen_2012 after 120s: curl=22; web=Exception calling "DownloadFile" with "2" argument(s): "The remote server returned an error: (404) Not Found."
[2026-06-03 08:00:08] Retry 8/8 for lit_fossen_2012 after 180s: curl=22; web=Exception calling "DownloadFile" with "2" argument(s): "The remote server returned an error: (404) Not Found."
[2026-06-03 08:03:08] GET lit_fossen_2012: https://folk.ntnu.no/thomas.fossen/pub/Fossen2012wind.pdf
[2026-06-03 08:03:13] Retry 1/8 for lit_fossen_2012 after 5s: curl=22; web=Exception calling "DownloadFile" with "2" argument(s): "The remote server returned an error: (404) Not Found."
[2026-06-03 08:03:22] Retry 2/8 for lit_fossen_2012 after 15s: curl=22; web=Exception calling "DownloadFile" with "2" argument(s): "The remote server returned an error: (404) Not Found."
[2026-06-03 08:03:40] Retry 3/8 for lit_fossen_2012 after 30s: curl=22; web=Exception calling "DownloadFile" with "2" argument(s): "The remote server returned an error: (404) Not Found."
[2026-06-03 08:04:14] Retry 4/8 for lit_fossen_2012 after 60s: curl=22; web=Exception calling "DownloadFile" with "2" argument(s): "The remote server returned an error: (404) Not Found."
[2026-06-03 08:05:18] Retry 5/8 for lit_fossen_2012 after 90s: curl=35; web=Exception calling "DownloadFile" with "2" argument(s): "The remote server returned an error: (404) Not Found."
[2026-06-03 08:06:51] Retry 6/8 for lit_fossen_2012 after 120s: curl=22; web=Exception calling "DownloadFile" with "2" argument(s): "The remote server returned an error: (404) Not Found."
[2026-06-03 08:08:55] Retry 7/8 for lit_fossen_2012 after 120s: curl=22; web=Exception calling "DownloadFile" with "2" argument(s): "The remote server returned an error: (404) Not Found."
[2026-06-03 08:10:58] Retry 8/8 for lit_fossen_2012 after 180s: curl=22; web=Exception calling "DownloadFile" with "2" argument(s): "The remote server returned an error: (404) Not Found."
[2026-06-03 08:13:58] GET lit_fossen_2012: https://www.researchgate.net/profile/Thor-Fossen/publication/257623456_How_to_incorporate_wind_waves_and_ocean_currents_in_the_marine_craft_equations_of_motion/links/0deec53c8c0c5e0e3c000000/How-to-incorporate-wind-waves-and-ocean-currents-in-the-marine-craft-equations-of-motion.pdf
[2026-06-03 08:14:02] Retry 1/8 for lit_fossen_2012 after 5s: curl=22; web=Exception calling "DownloadFile" with "2" argument(s): "The remote server returned an error: (403) Forbidden."
[2026-06-03 08:14:09] Retry 2/8 for lit_fossen_2012 after 15s: curl=22; web=Exception calling "DownloadFile" with "2" argument(s): "The remote server returned an error: (403) Forbidden."
[2026-06-03 08:14:28] Retry 3/8 for lit_fossen_2012 after 30s: curl=22; web=Exception calling "DownloadFile" with "2" argument(s): "The remote server returned an error: (403) Forbidden."
[2026-06-03 08:15:01] Retry 4/8 for lit_fossen_2012 after 60s: curl=22; web=Exception calling "DownloadFile" with "2" argument(s): "The remote server returned an error: (403) Forbidden."
[2026-06-03 08:16:03] Retry 5/8 for lit_fossen_2012 after 90s: curl=22; web=Exception calling "DownloadFile" with "2" argument(s): "The remote server returned an error: (403) Forbidden."
[2026-06-03 08:17:35] Retry 6/8 for lit_fossen_2012 after 120s: curl=22; web=Exception calling "DownloadFile" with "2" argument(s): "The remote server returned an error: (403) Forbidden."
[2026-06-03 08:19:39] Retry 7/8 for lit_fossen_2012 after 120s: curl=22; web=Exception calling "DownloadFile" with "2" argument(s): "The remote server returned an error: (403) Forbidden."
[2026-06-03 08:21:41] Retry 8/8 for lit_fossen_2012 after 180s: curl=22; web=Exception calling "DownloadFile" with "2" argument(s): "The remote server returned an error: (403) Forbidden."
[2026-06-03 08:24:41] FAIL lit_fossen_2012: curl=22; web=Exception calling "DownloadFile" with "2" argument(s): "The remote server returned an error: (403) Forbidden."
[2026-06-03 08:24:41] GET lit_molland_book: https://www.routledge.com/Maritime-Engineering-Ship-Design/Molland/p/book/9780750665275
[2026-06-03 08:24:46] Retry 1/8 for lit_molland_book after 5s: curl=22; web=Exception calling "DownloadFile" with "2" argument(s): "The request was aborted: The connection was closed unexpectedly."
[2026-06-03 08:24:54] Retry 2/8 for lit_molland_book after 15s: curl=22; web=Exception calling "DownloadFile" with "2" argument(s): "The request was aborted: The connection was closed unexpectedly."
[2026-06-03 08:25:13] Retry 3/8 for lit_molland_book after 30s: curl=22; web=Exception calling "DownloadFile" with "2" argument(s): "The request was aborted: The connection was closed unexpectedly."
[2026-06-03 08:25:47] Retry 4/8 for lit_molland_book after 60s: curl=22; web=Exception calling "DownloadFile" with "2" argument(s): "The request was aborted: The connection was closed unexpectedly."
[2026-06-03 08:26:50] Retry 5/8 for lit_molland_book after 90s: curl=35; web=Exception calling "DownloadFile" with "2" argument(s): "The request was aborted: The connection was closed unexpectedly."
[2026-06-03 08:28:24] Retry 6/8 for lit_molland_book after 120s: curl=22; web=Exception calling "DownloadFile" with "2" argument(s): "The request was aborted: The connection was closed unexpectedly."
[2026-06-03 08:30:31] Retry 7/8 for lit_molland_book after 120s: curl=22; web=Exception calling "DownloadFile" with "2" argument(s): "The request was aborted: The connection was closed unexpectedly."
[2026-06-03 08:32:35] Retry 8/8 for lit_molland_book after 180s: curl=22; web=Exception calling "DownloadFile" with "2" argument(s): "The request was aborted: The connection was closed unexpectedly."
[2026-06-03 08:35:35] FAIL lit_molland_book: curl=22; web=Exception calling "DownloadFile" with "2" argument(s): "The request was aborted: The connection was closed unexpectedly."
[2026-06-03 08:35:35] SKIP git ok: code_pdstrip
[2026-06-03 08:35:35] SKIP git ok: code_hams
[2026-06-03 08:35:35] SKIP git ok: code_bemrosetta
[2026-06-03 08:35:35] SKIP git ok: code_ow3d
[2026-06-03 08:35:35] SKIP git ok: code_openplaning
[2026-06-03 08:35:35] SKIP git ok: code_binder_openplaning
[2026-06-03 08:35:35] SKIP git ok: code_mmgdynamics
[2026-06-03 08:35:35] SKIP git ok: code_shipmmg
[2026-06-03 08:35:35] SKIP git ok: code_nemoh
[2026-06-03 08:35:35] SKIP git ok: code_capytaine
[2026-06-03 08:35:35] SKIP git ok: code_mss_tools
[2026-06-03 08:35:35] SKIP git ok: code_python_vehicle
[2026-06-03 08:35:35] SKIP ok: data_kcs_index
[2026-06-03 08:35:35] SKIP ok: data_kcs_hull_zip
[2026-06-03 08:35:35] SKIP ok: data_kcs_rudder_zip
[2026-06-03 08:35:35] SKIP ok: data_kcs_prop_zip
[2026-06-03 08:35:35] SKIP ok: data_kcs_case211_zip
[2026-06-03 08:35:35] SKIP ok: data_delft372_report
[2026-06-03 08:35:35] GET data_delft372_strath: https://strathprints.strath.ac.uk/82218/1/Duman_Bal_OE_2022_Turn_and_zigzag_manoeuvres_of_Delft_catamaran_372_using_CFD_based_system_simulation_method.pdf
[2026-06-03 08:35:41] Retry 1/8 for data_delft372_strath after 5s: curl=22; web=Exception calling "DownloadFile" with "2" argument(s): "The remote server returned an error: (404) Not Found."
[2026-06-03 08:35:50] Retry 2/8 for data_delft372_strath after 15s: curl=22; web=Exception calling "DownloadFile" with "2" argument(s): "The remote server returned an error: (404) Not Found."
[2026-06-03 08:36:09] Retry 3/8 for data_delft372_strath after 30s: curl=22; web=Exception calling "DownloadFile" with "2" argument(s): "The remote server returned an error: (404) Not Found."
[2026-06-03 08:36:43] Retry 4/8 for data_delft372_strath after 60s: curl=22; web=Exception calling "DownloadFile" with "2" argument(s): "The remote server returned an error: (404) Not Found."
[2026-06-03 08:37:47] Retry 5/8 for data_delft372_strath after 90s: curl=22; web=Exception calling "DownloadFile" with "2" argument(s): "The remote server returned an error: (404) Not Found."
[2026-06-03 08:39:20] Retry 6/8 for data_delft372_strath after 120s: curl=22; web=Exception calling "DownloadFile" with "2" argument(s): "The remote server returned an error: (404) Not Found."
[2026-06-03 08:41:25] Retry 7/8 for data_delft372_strath after 120s: curl=22; web=Exception calling "DownloadFile" with "2" argument(s): "The remote server returned an error: (404) Not Found."
[2026-06-03 08:43:30] Retry 8/8 for data_delft372_strath after 180s: curl=22; web=Exception calling "DownloadFile" with "2" argument(s): "The remote server returned an error: (404) Not Found."
[2026-06-03 08:46:30] FAIL data_delft372_strath: curl=22; web=Exception calling "DownloadFile" with "2" argument(s): "The remote server returned an error: (404) Not Found."
[2026-06-03 08:47:11] SKIP ok: fossen_mss_index
[2026-06-03 08:47:11] SKIP ok: fossen_pvs
[2026-06-03 08:47:11] SUMMARY ok=29 paywall=8 failed=4 pending=3
SUMMARY ok=29 paywall=8 failed=4 pending=3
Retry 7 items in 60s...
=== Round 16 / 20 ===
[2026-06-03 08:48:12] === download_all.ps1 start (early_stage_materials) ===
[2026-06-03 08:48:12] RESET failed->pending: lit_molland_book
[2026-06-03 08:48:12] RESET failed->pending: pip_capytaine
[2026-06-03 08:48:12] RESET failed->pending: data_delft372_strath
[2026-06-03 08:48:13] SKIP ok: lit_stf_1970
[2026-06-03 08:48:13] SKIP ok: lit_faltinsen_sea_loads
[2026-06-03 08:48:13] SKIP ok: lit_faltinsen_hsmv_preview
[2026-06-03 08:48:16] GET lit_ma_2005: https://doi.org/10.1016/j.oceaneng.2004.08.012
[2026-06-03 08:48:19] FAIL lit_ma_2005: 
[2026-06-03 08:48:20] GET lit_arribas_2006: https://doi.org/10.1016/j.oceaneng.2005.09.008
[2026-06-03 08:48:23] FAIL lit_arribas_2006: 
[2026-06-03 08:48:23] GET lit_kring_1994: https://dspace.mit.edu/bitstream/handle/1721.1/11939/31384162-MIT.pdf?sequence=2&isAllowed=y
[2026-06-03 08:48:27] Retry 1/8 for lit_kring_1994 after 5s: curl=22; web=Exception calling "DownloadFile" with "2" argument(s): "The remote server returned an error: (404) Not Found."
[2026-06-03 08:48:35] Retry 2/8 for lit_kring_1994 after 15s: curl=22; web=Exception calling "DownloadFile" with "2" argument(s): "The remote server returned an error: (404) Not Found."
[2026-06-03 08:48:54] Retry 3/8 for lit_kring_1994 after 30s: curl=22; web=Exception calling "DownloadFile" with "2" argument(s): "The remote server returned an error: (404) Not Found."
[2026-06-03 08:49:28] Retry 4/8 for lit_kring_1994 after 60s: curl=22; web=Exception calling "DownloadFile" with "2" argument(s): "The remote server returned an error: (404) Not Found."
[2026-06-03 08:50:35] Retry 5/8 for lit_kring_1994 after 90s: curl=22; web=Exception calling "DownloadFile" with "2" argument(s): "The remote server returned an error: (404) Not Found."
[2026-06-03 08:52:08] Retry 6/8 for lit_kring_1994 after 120s: curl=22; web=Exception calling "DownloadFile" with "2" argument(s): "The remote server returned an error: (404) Not Found."
[2026-06-03 08:54:14] Retry 7/8 for lit_kring_1994 after 120s: curl=22; web=Exception calling "DownloadFile" with "2" argument(s): "The remote server returned an error: (404) Not Found."
[2026-06-03 08:56:18] Retry 8/8 for lit_kring_1994 after 180s: curl=22; web=Exception calling "DownloadFile" with "2" argument(s): "The remote server returned an error: (404) Not Found."
[2026-06-03 08:59:18] GET lit_kring_1994: https://web.archive.org/web/2020/https://dspace.mit.edu/bitstream/handle/1721.1/11939/31384162-MIT.pdf?sequence=2&isAllowed=y
[2026-06-03 08:59:23] Retry 1/8 for lit_kring_1994 after 5s: curl=22; web=Exception calling "DownloadFile" with "2" argument(s): "The request was aborted: The connection was closed unexpectedly."
[2026-06-03 08:59:32] Retry 2/8 for lit_kring_1994 after 15s: curl=22; web=Exception calling "DownloadFile" with "2" argument(s): "The request was aborted: The connection was closed unexpectedly."
[2026-06-03 08:59:50] Retry 3/8 for lit_kring_1994 after 30s: curl=22; web=Exception calling "DownloadFile" with "2" argument(s): "The request was aborted: The connection was closed unexpectedly."
[2026-06-03 09:00:24] Retry 4/8 for lit_kring_1994 after 60s: curl=22; web=Exception calling "DownloadFile" with "2" argument(s): "The request was aborted: The connection was closed unexpectedly."
[2026-06-03 09:01:29] Retry 5/8 for lit_kring_1994 after 90s: curl=35; web=Exception calling "DownloadFile" with "2" argument(s): "The request was aborted: The connection was closed unexpectedly."
[2026-06-03 09:03:03] Retry 6/8 for lit_kring_1994 after 120s: curl=22; web=Exception calling "DownloadFile" with "2" argument(s): "The request was aborted: The connection was closed unexpectedly."
[2026-06-03 09:05:07] Retry 7/8 for lit_kring_1994 after 120s: curl=22; web=Exception calling "DownloadFile" with "2" argument(s): "The request was aborted: The connection was closed unexpectedly."
[2026-06-03 09:07:11] Retry 8/8 for lit_kring_1994 after 180s: curl=22; web=Exception calling "DownloadFile" with "2" argument(s): "The request was aborted: The connection was closed unexpectedly."
[2026-06-03 09:10:11] GET lit_kring_1994: https://core.ac.uk/download/pdf/48633506.pdf
[2026-06-03 09:10:19] Retry 1/8 for lit_kring_1994 after 5s: curl=22; web=Exception calling "DownloadFile" with "2" argument(s): "The remote server returned an error: (404) Not Found."
[2026-06-03 09:10:29] Retry 2/8 for lit_kring_1994 after 15s: curl=22; web=Exception calling "DownloadFile" with "2" argument(s): "The remote server returned an error: (404) Not Found."
[2026-06-03 09:10:48] Retry 3/8 for lit_kring_1994 after 30s: curl=22; web=Exception calling "DownloadFile" with "2" argument(s): "The remote server returned an error: (404) Not Found."
[2026-06-03 09:11:23] Retry 4/8 for lit_kring_1994 after 60s: curl=22; web=Exception calling "DownloadFile" with "2" argument(s): "The remote server returned an error: (404) Not Found."
[2026-06-03 09:12:27] Retry 5/8 for lit_kring_1994 after 90s: curl=22; web=Exception calling "DownloadFile" with "2" argument(s): "The remote server returned an error: (404) Not Found."
[2026-06-03 09:14:01] Retry 6/8 for lit_kring_1994 after 120s: curl=22; web=Exception calling "DownloadFile" with "2" argument(s): "The remote server returned an error: (404) Not Found."
[2026-06-03 09:16:41] Retry 7/8 for lit_kring_1994 after 120s: curl=22; web=Exception calling "DownloadFile" with "2" argument(s): "The remote server returned an error: (404) Not Found."
[2026-06-03 09:18:48] Retry 8/8 for lit_kring_1994 after 180s: curl=22; web=Exception calling "DownloadFile" with "2" argument(s): "The remote server returned an error: (404) Not Found."
[2026-06-03 09:21:48] GET lit_kring_1994: http://hdl.handle.net/1721.1/11939
[2026-06-03 09:22:05] Retry 1/8 for lit_kring_1994 after 5s: curl=22; web=Exception calling "DownloadFile" with "2" argument(s): "The remote server returned an error: (500) Internal Server Error."
[2026-06-03 09:22:25] Retry 2/8 for lit_kring_1994 after 15s: curl=22; web=Exception calling "DownloadFile" with "2" argument(s): "The remote server returned an error: (500) Internal Server Error."
[2026-06-03 09:22:56] Retry 3/8 for lit_kring_1994 after 30s: curl=22; web=Exception calling "DownloadFile" with "2" argument(s): "The remote server returned an error: (500) Internal Server Error."
[2026-06-03 09:23:42] Retry 4/8 for lit_kring_1994 after 60s: curl=22; web=Exception calling "DownloadFile" with "2" argument(s): "The remote server returned an error: (500) Internal Server Error."
[2026-06-03 09:24:58] Retry 5/8 for lit_kring_1994 after 90s: curl=22; web=Exception calling "DownloadFile" with "2" argument(s): "The remote server returned an error: (500) Internal Server Error."
[2026-06-03 09:26:43] Retry 6/8 for lit_kring_1994 after 120s: curl=22; web=Exception calling "DownloadFile" with "2" argument(s): "The remote server returned an error: (500) Internal Server Error."
[2026-06-03 09:28:59] Retry 7/8 for lit_kring_1994 after 120s: curl=22; web=Exception calling "DownloadFile" with "2" argument(s): "The remote server returned an error: (500) Internal Server Error."
[2026-06-03 09:31:16] Retry 8/8 for lit_kring_1994 after 180s: curl=22; web=Exception calling "DownloadFile" with "2" argument(s): "The remote server returned an error: (500) Internal Server Error."
[2026-06-03 09:34:16] FAIL lit_kring_1994: curl=22; web=Exception calling "DownloadFile" with "2" argument(s): "The remote server returned an error: (500) Internal Server Error."
[2026-06-03 09:34:18] GET lit_donatini_2022: https://doi.org/10.1016/j.oceaneng.2022.112222
[2026-06-03 09:34:23] FAIL lit_donatini_2022: 
[2026-06-03 09:34:23] SKIP ok: lit_bailey_npl
[2026-06-03 09:34:23] SKIP ok: lit_mercier_savitsky_1973
[2026-06-03 09:34:23] GET lit_compton_1986: https://onepetro.org/mtsn/article-pdf/23/04/345/2199243/sname-mtsn-1986-23-4-345.pdf
[2026-06-03 09:34:27] Retry 1/8 for lit_compton_1986 after 5s: curl=22; web=Exception calling "DownloadFile" with "2" argument(s): "The remote server returned an error: (403) Forbidden."
[2026-06-03 09:34:34] Retry 2/8 for lit_compton_1986 after 15s: curl=22; web=Exception calling "DownloadFile" with "2" argument(s): "The remote server returned an error: (403) Forbidden."
[2026-06-03 09:34:51] Retry 3/8 for lit_compton_1986 after 30s: curl=22; web=Exception calling "DownloadFile" with "2" argument(s): "The remote server returned an error: (403) Forbidden."
[2026-06-03 09:35:24] Retry 4/8 for lit_compton_1986 after 60s: curl=22; web=Exception calling "DownloadFile" with "2" argument(s): "The remote server returned an error: (403) Forbidden."
[2026-06-03 09:36:26] Retry 5/8 for lit_compton_1986 after 90s: curl=22; web=Exception calling "DownloadFile" with "2" argument(s): "The remote server returned an error: (403) Forbidden."
[2026-06-03 09:38:00] Retry 6/8 for lit_compton_1986 after 120s: curl=22; web=Exception calling "DownloadFile" with "2" argument(s): "The remote server returned an error: (403) Forbidden."
[2026-06-03 09:40:03] Retry 7/8 for lit_compton_1986 after 120s: curl=22; web=Exception calling "DownloadFile" with "2" argument(s): "The remote server returned an error: (403) Forbidden."
[2026-06-03 09:42:05] Retry 8/8 for lit_compton_1986 after 180s: curl=22; web=Exception calling "DownloadFile" with "2" argument(s): "The remote server returned an error: (403) Forbidden."
[2026-06-03 09:45:05] GET lit_compton_1986: https://web.archive.org/web/2019/https://onepetro.org/mtsn/article-pdf/23/04/345/2199243/sname-mtsn-1986-23-4-345.pdf
[2026-06-03 09:45:53] FAIL lit_compton_1986: 
[2026-06-03 09:45:53] GET lit_savitsky_preplaning: https://doi.org/10.1063/1.5143123
[2026-06-03 09:45:56] Retry 1/8 for lit_savitsky_preplaning after 5s: curl=22; web=Exception calling "DownloadFile" with "2" argument(s): "The remote server returned an error: (404) Not Found."
[2026-06-03 09:46:02] Retry 2/8 for lit_savitsky_preplaning after 15s: curl=22; web=Exception calling "DownloadFile" with "2" argument(s): "The remote server returned an error: (404) Not Found."
[2026-06-03 09:46:19] Retry 3/8 for lit_savitsky_preplaning after 30s: curl=22; web=Exception calling "DownloadFile" with "2" argument(s): "The remote server returned an error: (404) Not Found."
[2026-06-03 09:46:51] Retry 4/8 for lit_savitsky_preplaning after 60s: curl=22; web=Exception calling "DownloadFile" with "2" argument(s): "The remote server returned an error: (404) Not Found."
[2026-06-03 09:48:19] Retry 5/8 for lit_savitsky_preplaning after 90s: curl=22; web=Exception calling "DownloadFile" with "2" argument(s): "The remote server returned an error: (404) Not Found."
[2026-06-03 09:49:52] Retry 6/8 for lit_savitsky_preplaning after 120s: curl=22; web=Exception calling "DownloadFile" with "2" argument(s): "The remote server returned an error: (404) Not Found."
[2026-06-03 09:51:55] Retry 7/8 for lit_savitsky_preplaning after 120s: curl=22; web=Exception calling "DownloadFile" with "2" argument(s): "The remote server returned an error: (404) Not Found."
[2026-06-03 09:53:59] Retry 8/8 for lit_savitsky_preplaning after 180s: curl=22; web=Exception calling "DownloadFile" with "2" argument(s): "The remote server returned an error: (404) Not Found."
[2026-06-03 09:56:59] FAIL lit_savitsky_preplaning: curl=22; web=Exception calling "DownloadFile" with "2" argument(s): "The remote server returned an error: (404) Not Found."
[2026-06-03 09:57:04] GET lit_savitsky_1964: https://onepetro.org/MTSN/article/1/04/71/172383/Hydrodynamic-Design-of-Planing-Hulls
[2026-06-03 09:57:07] Retry 1/8 for lit_savitsky_1964 after 5s: curl=22; web=Exception calling "DownloadFile" with "2" argument(s): "The remote server returned an error: (403) Forbidden."
[2026-06-03 09:57:14] Retry 2/8 for lit_savitsky_1964 after 15s: curl=22; web=Exception calling "DownloadFile" with "2" argument(s): "The remote server returned an error: (403) Forbidden."
[2026-06-03 09:57:32] Retry 3/8 for lit_savitsky_1964 after 30s: curl=22; web=Exception calling "DownloadFile" with "2" argument(s): "The remote server returned an error: (403) Forbidden."
[2026-06-03 09:58:04] Retry 4/8 for lit_savitsky_1964 after 60s: curl=22; web=Exception calling "DownloadFile" with "2" argument(s): "The remote server returned an error: (403) Forbidden."
[2026-06-03 09:59:15] Retry 5/8 for lit_savitsky_1964 after 90s: curl=22; web=Exception calling "DownloadFile" with "2" argument(s): "The remote server returned an error: (403) Forbidden."
[2026-06-03 10:00:48] Retry 6/8 for lit_savitsky_1964 after 120s: curl=22; web=Exception calling "DownloadFile" with "2" argument(s): "The remote server returned an error: (403) Forbidden."
[2026-06-03 10:02:50] Retry 7/8 for lit_savitsky_1964 after 120s: curl=22; web=Exception calling "DownloadFile" with "2" argument(s): "The remote server returned an error: (403) Forbidden."
[2026-06-03 10:04:53] Retry 8/8 for lit_savitsky_1964 after 180s: curl=22; web=Exception calling "DownloadFile" with "2" argument(s): "The remote server returned an error: (403) Forbidden."
[2026-06-03 10:07:53] GET lit_savitsky_1964: https://web.archive.org/web/2020/https://onepetro.org/MTSN/article/1/04/71/172383/Hydrodynamic-Design-of-Planing-Hulls
[2026-06-03 10:07:57] SKIP ok: lit_fridsma
[2026-06-03 10:07:57] SKIP ok: lit_savitsky_brown_1976
[2026-06-03 10:07:57] SKIP ok: lit_zhao_water_entry
[2026-06-03 10:08:02] GET lit_sun_faltinsen_2010: https://doi.org/10.2514/1.44717
[2026-06-03 10:08:05] Retry 1/8 for lit_sun_faltinsen_2010 after 5s: curl=22; web=Exception calling "DownloadFile" with "2" argument(s): "The remote server returned an error: (404) Not Found."
[2026-06-03 10:08:12] Retry 2/8 for lit_sun_faltinsen_2010 after 15s: curl=22; web=Exception calling "DownloadFile" with "2" argument(s): "The remote server returned an error: (404) Not Found."
[2026-06-03 10:08:29] Retry 3/8 for lit_sun_faltinsen_2010 after 30s: curl=22; web=Exception calling "DownloadFile" with "2" argument(s): "The remote server returned an error: (404) Not Found."
[2026-06-03 10:09:01] Retry 4/8 for lit_sun_faltinsen_2010 after 60s: curl=22; web=Exception calling "DownloadFile" with "2" argument(s): "The remote server returned an error: (404) Not Found."
[2026-06-03 10:10:03] Retry 5/8 for lit_sun_faltinsen_2010 after 90s: curl=22; web=Exception calling "DownloadFile" with "2" argument(s): "The remote server returned an error: (404) Not Found."
[2026-06-03 10:11:35] Retry 6/8 for lit_sun_faltinsen_2010 after 120s: curl=22; web=Exception calling "DownloadFile" with "2" argument(s): "The remote server returned an error: (404) Not Found."
[2026-06-03 10:13:57] Retry 7/8 for lit_sun_faltinsen_2010 after 120s: curl=22; web=Exception calling "DownloadFile" with "2" argument(s): "The remote server returned an error: (404) Not Found."
[2026-06-03 10:16:00] Retry 8/8 for lit_sun_faltinsen_2010 after 180s: curl=35; web=Exception calling "DownloadFile" with "2" argument(s): "The remote server returned an error: (404) Not Found."
[2026-06-03 10:19:00] FAIL lit_sun_faltinsen_2010: curl=35; web=Exception calling "DownloadFile" with "2" argument(s): "The remote server returned an error: (404) Not Found."
[2026-06-03 10:19:02] GET lit_planing_review_2024: https://doi.org/10.1016/j.oceaneng.2024.114383
[2026-06-03 10:19:07] Retry 1/8 for lit_planing_review_2024 after 5s: curl=22; web=Exception calling "DownloadFile" with "2" argument(s): "The remote server returned an error: (404) Not Found."
[2026-06-03 10:19:14] Retry 2/8 for lit_planing_review_2024 after 15s: curl=22; web=Exception calling "DownloadFile" with "2" argument(s): "The remote server returned an error: (404) Not Found."
[2026-06-03 10:19:30] Retry 3/8 for lit_planing_review_2024 after 30s: curl=22; web=Exception calling "DownloadFile" with "2" argument(s): "The remote server returned an error: (404) Not Found."
[2026-06-03 10:20:02] Retry 4/8 for lit_planing_review_2024 after 60s: curl=22; web=Exception calling "DownloadFile" with "2" argument(s): "The remote server returned an error: (404) Not Found."
[2026-06-03 10:21:59] Retry 5/8 for lit_planing_review_2024 after 90s: curl=22; web=Exception calling "DownloadFile" with "2" argument(s): "The remote server returned an error: (404) Not Found."
[2026-06-03 10:23:31] Retry 6/8 for lit_planing_review_2024 after 120s: curl=22; web=Exception calling "DownloadFile" with "2" argument(s): "The remote server returned an error: (404) Not Found."
[2026-06-03 10:25:34] Retry 7/8 for lit_planing_review_2024 after 120s: curl=22; web=Exception calling "DownloadFile" with "2" argument(s): "The remote server returned an error: (404) Not Found."
[2026-06-03 10:27:37] Retry 8/8 for lit_planing_review_2024 after 180s: curl=22; web=Exception calling "DownloadFile" with "2" argument(s): "The remote server returned an error: (404) Not Found."
[2026-06-03 10:30:37] GET lit_planing_review_2024: https://www.sciencedirect.com/science/article/pii/S0029801824003834
[2026-06-03 10:31:37] Retry 1/8 for lit_planing_review_2024 after 5s: curl=22; web=Exception calling "DownloadFile" with "2" argument(s): "The remote server returned an error: (403) Forbidden."
[2026-06-03 10:31:46] Retry 2/8 for lit_planing_review_2024 after 15s: curl=22; web=Exception calling "DownloadFile" with "2" argument(s): "The remote server returned an error: (403) Forbidden."
[2026-06-03 10:32:04] Retry 3/8 for lit_planing_review_2024 after 30s: curl=22; web=Exception calling "DownloadFile" with "2" argument(s): "The remote server returned an error: (403) Forbidden."
[2026-06-03 10:32:36] Retry 4/8 for lit_planing_review_2024 after 60s: curl=22; web=Exception calling "DownloadFile" with "2" argument(s): "The remote server returned an error: (403) Forbidden."
[2026-06-03 10:33:40] Retry 5/8 for lit_planing_review_2024 after 90s: curl=35; web=Exception calling "DownloadFile" with "2" argument(s): "The remote server returned an error: (403) Forbidden."
[2026-06-03 10:35:14] Retry 6/8 for lit_planing_review_2024 after 120s: curl=22; web=Exception calling "DownloadFile" with "2" argument(s): "The remote server returned an error: (403) Forbidden."
[2026-06-03 10:37:17] Retry 7/8 for lit_planing_review_2024 after 120s: curl=22; web=Exception calling "DownloadFile" with "2" argument(s): "The remote server returned an error: (403) Forbidden."
[2026-06-03 10:39:20] Retry 8/8 for lit_planing_review_2024 after 180s: curl=22; web=Exception calling "DownloadFile" with "2" argument(s): "The remote server returned an error: (403) Forbidden."
[2026-06-03 10:42:20] FAIL lit_planing_review_2024: curl=22; web=Exception calling "DownloadFile" with "2" argument(s): "The remote server returned an error: (403) Forbidden."
[2026-06-03 10:42:23] GET lit_fossen_2012: https://doi.org/10.1016/j.oceaneng.2012.09.012
[2026-06-03 10:42:26] GET lit_fossen_2012: https://folk.ntnu.no/thomas.fossen/pub/Fossen2012windwaves.pdf
[2026-06-03 10:42:32] Retry 1/8 for lit_fossen_2012 after 5s: curl=22; web=Exception calling "DownloadFile" with "2" argument(s): "The remote server returned an error: (404) Not Found."
[2026-06-03 10:42:41] Retry 2/8 for lit_fossen_2012 after 15s: curl=35; web=Exception calling "DownloadFile" with "2" argument(s): "The remote server returned an error: (404) Not Found."
[2026-06-03 10:42:59] Retry 3/8 for lit_fossen_2012 after 30s: curl=22; web=Exception calling "DownloadFile" with "2" argument(s): "The remote server returned an error: (404) Not Found."
[2026-06-03 10:43:33] Retry 4/8 for lit_fossen_2012 after 60s: curl=22; web=Exception calling "DownloadFile" with "2" argument(s): "The remote server returned an error: (404) Not Found."
[2026-06-03 10:44:37] Retry 5/8 for lit_fossen_2012 after 90s: curl=22; web=Exception calling "DownloadFile" with "2" argument(s): "The remote server returned an error: (404) Not Found."
[2026-06-03 10:46:11] Retry 6/8 for lit_fossen_2012 after 120s: curl=22; web=Exception calling "DownloadFile" with "2" argument(s): "The remote server returned an error: (404) Not Found."
[2026-06-03 10:48:15] Retry 7/8 for lit_fossen_2012 after 120s: curl=22; web=Exception calling "DownloadFile" with "2" argument(s): "The remote server returned an error: (404) Not Found."
[2026-06-03 10:50:19] Retry 8/8 for lit_fossen_2012 after 180s: curl=22; web=Exception calling "DownloadFile" with "2" argument(s): "The remote server returned an error: (404) Not Found."
[2026-06-03 10:53:19] GET lit_fossen_2012: https://folk.ntnu.no/thomas.fossen/pub/Fossen2012wind.pdf
[2026-06-03 10:53:26] Retry 1/8 for lit_fossen_2012 after 5s: curl=22; web=Exception calling "DownloadFile" with "2" argument(s): "The remote server returned an error: (404) Not Found."
[2026-06-03 10:53:35] Retry 2/8 for lit_fossen_2012 after 15s: curl=35; web=Exception calling "DownloadFile" with "2" argument(s): "The remote server returned an error: (404) Not Found."
[2026-06-03 10:54:17] Retry 3/8 for lit_fossen_2012 after 30s: curl=22; web=Exception calling "DownloadFile" with "2" argument(s): "The remote server returned an error: (404) Not Found."
[2026-06-03 10:55:01] Retry 4/8 for lit_fossen_2012 after 60s: curl=22; web=Exception calling "DownloadFile" with "2" argument(s): "The remote server returned an error: (404) Not Found."
[2026-06-03 10:56:52] Retry 5/8 for lit_fossen_2012 after 90s: curl=22; web=Exception calling "DownloadFile" with "2" argument(s): "The remote server returned an error: (404) Not Found."
[2026-06-03 10:58:29] Retry 6/8 for lit_fossen_2012 after 120s: curl=22; web=Exception calling "DownloadFile" with "2" argument(s): "The remote server returned an error: (404) Not Found."
[2026-06-03 11:01:04] Retry 7/8 for lit_fossen_2012 after 120s: curl=22; web=Exception calling "DownloadFile" with "2" argument(s): "The remote server returned an error: (404) Not Found."
[2026-06-03 11:03:08] Retry 8/8 for lit_fossen_2012 after 180s: curl=22; web=Exception calling "DownloadFile" with "2" argument(s): "The remote server returned an error: (404) Not Found."
[2026-06-03 11:06:08] GET lit_fossen_2012: https://www.researchgate.net/profile/Thor-Fossen/publication/257623456_How_to_incorporate_wind_waves_and_ocean_currents_in_the_marine_craft_equations_of_motion/links/0deec53c8c0c5e0e3c000000/How-to-incorporate-wind-waves-and-ocean-currents-in-the-marine-craft-equations-of-motion.pdf
[2026-06-03 11:06:13] Retry 1/8 for lit_fossen_2012 after 5s: curl=22; web=Exception calling "DownloadFile" with "2" argument(s): "The remote server returned an error: (403) Forbidden."
[2026-06-03 11:06:20] Retry 2/8 for lit_fossen_2012 after 15s: curl=22; web=Exception calling "DownloadFile" with "2" argument(s): "The remote server returned an error: (403) Forbidden."
[2026-06-03 11:06:38] Retry 3/8 for lit_fossen_2012 after 30s: curl=22; web=Exception calling "DownloadFile" with "2" argument(s): "The remote server returned an error: (403) Forbidden."
[2026-06-03 11:07:10] Retry 4/8 for lit_fossen_2012 after 60s: curl=22; web=Exception calling "DownloadFile" with "2" argument(s): "The remote server returned an error: (403) Forbidden."
[2026-06-03 11:08:13] Retry 5/8 for lit_fossen_2012 after 90s: curl=22; web=Exception calling "DownloadFile" with "2" argument(s): "The remote server returned an error: (403) Forbidden."
[2026-06-03 11:09:45] Retry 6/8 for lit_fossen_2012 after 120s: curl=22; web=Exception calling "DownloadFile" with "2" argument(s): "The remote server returned an error: (403) Forbidden."
[2026-06-03 11:12:02] Retry 7/8 for lit_fossen_2012 after 120s: curl=22; web=Exception calling "DownloadFile" with "2" argument(s): "The remote server returned an error: (403) Forbidden."
[2026-06-03 11:14:04] Retry 8/8 for lit_fossen_2012 after 180s: curl=22; web=Exception calling "DownloadFile" with "2" argument(s): "The remote server returned an error: (403) Forbidden."
[2026-06-03 11:17:04] FAIL lit_fossen_2012: curl=22; web=Exception calling "DownloadFile" with "2" argument(s): "The remote server returned an error: (403) Forbidden."
[2026-06-03 11:17:04] GET lit_molland_book: https://www.routledge.com/Maritime-Engineering-Ship-Design/Molland/p/book/9780750665275
[2026-06-03 11:17:13] Retry 1/8 for lit_molland_book after 5s: curl=22; web=Exception calling "DownloadFile" with "2" argument(s): "The request was aborted: The connection was closed unexpectedly."
[2026-06-03 11:17:28] Retry 2/8 for lit_molland_book after 15s: curl=22; web=Exception calling "DownloadFile" with "2" argument(s): "The request was aborted: The connection was closed unexpectedly."
[2026-06-03 11:17:47] Retry 3/8 for lit_molland_book after 30s: curl=22; web=Exception calling "DownloadFile" with "2" argument(s): "The request was aborted: The connection was closed unexpectedly."
[2026-06-03 11:18:26] Retry 4/8 for lit_molland_book after 60s: curl=22; web=Exception calling "DownloadFile" with "2" argument(s): "The request was aborted: The connection was closed unexpectedly."
[2026-06-03 11:19:30] Retry 5/8 for lit_molland_book after 90s: curl=22; web=Exception calling "DownloadFile" with "2" argument(s): "The request was aborted: The connection was closed unexpectedly."
[2026-06-03 11:21:22] Retry 6/8 for lit_molland_book after 120s: curl=22; web=Exception calling "DownloadFile" with "2" argument(s): "The request was aborted: The connection was closed unexpectedly."
[2026-06-03 11:23:45] Retry 7/8 for lit_molland_book after 120s: curl=22; web=Exception calling "DownloadFile" with "2" argument(s): "The request was aborted: The connection was closed unexpectedly."
[2026-06-03 11:25:49] Retry 8/8 for lit_molland_book after 180s: curl=22; web=Exception calling "DownloadFile" with "2" argument(s): "The request was aborted: The connection was closed unexpectedly."
[2026-06-03 11:28:49] FAIL lit_molland_book: curl=22; web=Exception calling "DownloadFile" with "2" argument(s): "The request was aborted: The connection was closed unexpectedly."
[2026-06-03 11:28:49] SKIP git ok: code_pdstrip
[2026-06-03 11:28:49] SKIP git ok: code_hams
[2026-06-03 11:28:49] SKIP git ok: code_bemrosetta
[2026-06-03 11:28:49] SKIP git ok: code_ow3d
[2026-06-03 11:28:49] SKIP git ok: code_openplaning
[2026-06-03 11:28:49] SKIP git ok: code_binder_openplaning
[2026-06-03 11:28:49] SKIP git ok: code_mmgdynamics
[2026-06-03 11:28:49] SKIP git ok: code_shipmmg
[2026-06-03 11:28:49] SKIP git ok: code_nemoh
[2026-06-03 11:28:49] SKIP git ok: code_capytaine
[2026-06-03 11:28:49] SKIP git ok: code_mss_tools
[2026-06-03 11:28:49] SKIP git ok: code_python_vehicle
[2026-06-03 11:28:49] SKIP ok: data_kcs_index
[2026-06-03 11:28:49] SKIP ok: data_kcs_hull_zip
[2026-06-03 11:28:49] SKIP ok: data_kcs_rudder_zip
[2026-06-03 11:28:49] SKIP ok: data_kcs_prop_zip
[2026-06-03 11:28:49] SKIP ok: data_kcs_case211_zip
[2026-06-03 11:28:49] SKIP ok: data_delft372_report
[2026-06-03 11:28:49] GET data_delft372_strath: https://strathprints.strath.ac.uk/82218/1/Duman_Bal_OE_2022_Turn_and_zigzag_manoeuvres_of_Delft_catamaran_372_using_CFD_based_system_simulation_method.pdf
[2026-06-03 11:29:04] Retry 1/8 for data_delft372_strath after 5s: curl=22; web=Exception calling "DownloadFile" with "2" argument(s): "The remote server returned an error: (404) Not Found."
[2026-06-03 11:29:13] Retry 2/8 for data_delft372_strath after 15s: curl=22; web=Exception calling "DownloadFile" with "2" argument(s): "The remote server returned an error: (404) Not Found."
[2026-06-03 11:29:32] Retry 3/8 for data_delft372_strath after 30s: curl=22; web=Exception calling "DownloadFile" with "2" argument(s): "The remote server returned an error: (404) Not Found."
[2026-06-03 11:30:27] Retry 4/8 for data_delft372_strath after 60s: curl=22; web=Exception calling "DownloadFile" with "2" argument(s): "The remote server returned an error: (404) Not Found."
[2026-06-03 11:32:00] Retry 5/8 for data_delft372_strath after 90s: curl=22; web=Exception calling "DownloadFile" with "2" argument(s): "The remote server returned an error: (404) Not Found."
[2026-06-03 11:33:34] Retry 6/8 for data_delft372_strath after 120s: curl=22; web=Exception calling "DownloadFile" with "2" argument(s): "The remote server returned an error: (404) Not Found."
[2026-06-03 11:35:38] Retry 7/8 for data_delft372_strath after 120s: curl=22; web=Exception calling "DownloadFile" with "2" argument(s): "The remote server returned an error: (404) Not Found."
[2026-06-03 11:37:42] Retry 8/8 for data_delft372_strath after 180s: curl=22; web=Exception calling "DownloadFile" with "2" argument(s): "The remote server returned an error: (404) Not Found."
[2026-06-03 11:40:42] FAIL data_delft372_strath: curl=22; web=Exception calling "DownloadFile" with "2" argument(s): "The remote server returned an error: (404) Not Found."
[2026-06-03 11:41:21] SKIP ok: fossen_mss_index
[2026-06-03 11:41:21] SKIP ok: fossen_pvs
[2026-06-03 11:41:21] SUMMARY ok=29 paywall=8 failed=4 pending=3
SUMMARY ok=29 paywall=8 failed=4 pending=3
Retry 7 items in 60s...
=== Round 17 / 20 ===
[2026-06-03 11:42:22] === download_all.ps1 start (early_stage_materials) ===
[2026-06-03 11:42:22] RESET failed->pending: lit_molland_book
[2026-06-03 11:42:22] RESET failed->pending: pip_capytaine
[2026-06-03 11:42:22] RESET failed->pending: data_delft372_strath
[2026-06-03 11:42:22] SKIP ok: lit_stf_1970
[2026-06-03 11:42:22] SKIP ok: lit_faltinsen_sea_loads
[2026-06-03 11:42:22] SKIP ok: lit_faltinsen_hsmv_preview
[2026-06-03 11:42:27] GET lit_ma_2005: https://doi.org/10.1016/j.oceaneng.2004.08.012
[2026-06-03 11:42:32] FAIL lit_ma_2005: 
[2026-06-03 11:42:32] GET lit_arribas_2006: https://doi.org/10.1016/j.oceaneng.2005.09.008
[2026-06-03 11:42:36] FAIL lit_arribas_2006: 
[2026-06-03 11:42:36] GET lit_kring_1994: https://dspace.mit.edu/bitstream/handle/1721.1/11939/31384162-MIT.pdf?sequence=2&isAllowed=y
[2026-06-03 11:42:40] Retry 1/8 for lit_kring_1994 after 5s: curl=22; web=Exception calling "DownloadFile" with "2" argument(s): "The remote server returned an error: (404) Not Found."
[2026-06-03 11:42:49] Retry 2/8 for lit_kring_1994 after 15s: curl=22; web=Exception calling "DownloadFile" with "2" argument(s): "The remote server returned an error: (404) Not Found."
[2026-06-03 11:43:08] Retry 3/8 for lit_kring_1994 after 30s: curl=22; web=Exception calling "DownloadFile" with "2" argument(s): "The remote server returned an error: (404) Not Found."
[2026-06-03 11:43:41] Retry 4/8 for lit_kring_1994 after 60s: curl=22; web=Exception calling "DownloadFile" with "2" argument(s): "The remote server returned an error: (404) Not Found."
[2026-06-03 11:44:47] Retry 5/8 for lit_kring_1994 after 90s: curl=22; web=Exception calling "DownloadFile" with "2" argument(s): "The remote server returned an error: (404) Not Found."
[2026-06-03 11:46:21] Retry 6/8 for lit_kring_1994 after 120s: curl=22; web=Exception calling "DownloadFile" with "2" argument(s): "The remote server returned an error: (404) Not Found."
[2026-06-03 11:48:25] Retry 7/8 for lit_kring_1994 after 120s: curl=22; web=Exception calling "DownloadFile" with "2" argument(s): "The remote server returned an error: (404) Not Found."
[2026-06-03 11:50:29] Retry 8/8 for lit_kring_1994 after 180s: curl=35; web=Exception calling "DownloadFile" with "2" argument(s): "The remote server returned an error: (404) Not Found."
[2026-06-03 11:53:29] GET lit_kring_1994: https://web.archive.org/web/2020/https://dspace.mit.edu/bitstream/handle/1721.1/11939/31384162-MIT.pdf?sequence=2&isAllowed=y
[2026-06-03 11:53:48] Retry 1/8 for lit_kring_1994 after 5s: curl=22; web=Exception calling "DownloadFile" with "2" argument(s): "The request was aborted: The connection was closed unexpectedly."
[2026-06-03 11:54:06] Retry 2/8 for lit_kring_1994 after 15s: curl=22; web=Exception calling "DownloadFile" with "2" argument(s): "The request was aborted: The connection was closed unexpectedly."
[2026-06-03 11:54:42] Retry 3/8 for lit_kring_1994 after 30s: curl=22; web=Exception calling "DownloadFile" with "2" argument(s): "The request was aborted: The connection was closed unexpectedly."
[2026-06-03 11:55:26] Retry 4/8 for lit_kring_1994 after 60s: curl=22; web=Exception calling "DownloadFile" with "2" argument(s): "The request was aborted: The connection was closed unexpectedly."
[2026-06-03 11:56:34] Retry 5/8 for lit_kring_1994 after 90s: curl=22; web=Exception calling "DownloadFile" with "2" argument(s): "The request was aborted: The connection was closed unexpectedly."
[2026-06-03 11:58:43] Retry 6/8 for lit_kring_1994 after 120s: curl=22; web=Exception calling "DownloadFile" with "2" argument(s): "The remote server returned an error: (503) Server Unavailable."
[2026-06-03 12:01:22] Retry 7/8 for lit_kring_1994 after 120s: curl=22; web=Exception calling "DownloadFile" with "2" argument(s): "The request was aborted: The connection was closed unexpectedly."
[2026-06-03 12:03:30] Retry 8/8 for lit_kring_1994 after 180s: curl=22; web=Exception calling "DownloadFile" with "2" argument(s): "The request was aborted: The connection was closed unexpectedly."
[2026-06-03 12:06:30] GET lit_kring_1994: https://core.ac.uk/download/pdf/48633506.pdf
[2026-06-03 12:06:38] Retry 1/8 for lit_kring_1994 after 5s: curl=22; web=Exception calling "DownloadFile" with "2" argument(s): "The remote server returned an error: (404) Not Found."
[2026-06-03 12:06:48] Retry 2/8 for lit_kring_1994 after 15s: curl=22; web=Exception calling "DownloadFile" with "2" argument(s): "The remote server returned an error: (404) Not Found."
[2026-06-03 12:07:12] Retry 3/8 for lit_kring_1994 after 30s: curl=22; web=Exception calling "DownloadFile" with "2" argument(s): "The remote server returned an error: (404) Not Found."
[2026-06-03 12:07:47] Retry 4/8 for lit_kring_1994 after 60s: curl=22; web=Exception calling "DownloadFile" with "2" argument(s): "The remote server returned an error: (404) Not Found."
[2026-06-03 12:08:52] Retry 5/8 for lit_kring_1994 after 90s: curl=22; web=Exception calling "DownloadFile" with "2" argument(s): "The remote server returned an error: (404) Not Found."
[2026-06-03 12:10:27] Retry 6/8 for lit_kring_1994 after 120s: curl=22; web=Exception calling "DownloadFile" with "2" argument(s): "The remote server returned an error: (404) Not Found."
[2026-06-03 12:12:34] Retry 7/8 for lit_kring_1994 after 120s: curl=22; web=Exception calling "DownloadFile" with "2" argument(s): "The remote server returned an error: (404) Not Found."
[2026-06-03 12:14:39] Retry 8/8 for lit_kring_1994 after 180s: curl=22; web=Exception calling "DownloadFile" with "2" argument(s): "An exception occurred during a WebClient request."
[2026-06-03 12:17:39] GET lit_kring_1994: http://hdl.handle.net/1721.1/11939
[2026-06-03 12:17:45] FAIL lit_kring_1994: 
[2026-06-03 12:17:48] GET lit_donatini_2022: https://doi.org/10.1016/j.oceaneng.2022.112222
[2026-06-03 12:19:06] FAIL lit_donatini_2022: 
[2026-06-03 12:19:06] SKIP ok: lit_bailey_npl
[2026-06-03 12:19:06] SKIP ok: lit_mercier_savitsky_1973
[2026-06-03 12:19:06] GET lit_compton_1986: https://onepetro.org/mtsn/article-pdf/23/04/345/2199243/sname-mtsn-1986-23-4-345.pdf
[2026-06-03 12:19:10] Retry 1/8 for lit_compton_1986 after 5s: curl=22; web=Exception calling "DownloadFile" with "2" argument(s): "The remote server returned an error: (403) Forbidden."
[2026-06-03 12:19:17] Retry 2/8 for lit_compton_1986 after 15s: curl=22; web=Exception calling "DownloadFile" with "2" argument(s): "The remote server returned an error: (403) Forbidden."
[2026-06-03 12:19:35] Retry 3/8 for lit_compton_1986 after 30s: curl=22; web=Exception calling "DownloadFile" with "2" argument(s): "The remote server returned an error: (403) Forbidden."
[2026-06-03 12:20:08] Retry 4/8 for lit_compton_1986 after 60s: curl=22; web=Exception calling "DownloadFile" with "2" argument(s): "The remote server returned an error: (403) Forbidden."
[2026-06-03 12:21:11] Retry 5/8 for lit_compton_1986 after 90s: curl=22; web=Exception calling "DownloadFile" with "2" argument(s): "The remote server returned an error: (403) Forbidden."
[2026-06-03 12:22:43] Retry 6/8 for lit_compton_1986 after 120s: curl=22; web=Exception calling "DownloadFile" with "2" argument(s): "The remote server returned an error: (403) Forbidden."
[2026-06-03 12:24:46] Retry 7/8 for lit_compton_1986 after 120s: curl=22; web=Exception calling "DownloadFile" with "2" argument(s): "The remote server returned an error: (403) Forbidden."
[2026-06-03 12:26:49] Retry 8/8 for lit_compton_1986 after 180s: curl=22; web=Exception calling "DownloadFile" with "2" argument(s): "The remote server returned an error: (403) Forbidden."
[2026-06-03 12:29:49] GET lit_compton_1986: https://web.archive.org/web/2019/https://onepetro.org/mtsn/article-pdf/23/04/345/2199243/sname-mtsn-1986-23-4-345.pdf
[2026-06-03 12:29:55] FAIL lit_compton_1986: 
[2026-06-03 12:29:55] GET lit_savitsky_preplaning: https://doi.org/10.1063/1.5143123
[2026-06-03 12:29:59] Retry 1/8 for lit_savitsky_preplaning after 5s: curl=22; web=Exception calling "DownloadFile" with "2" argument(s): "The remote server returned an error: (404) Not Found."
[2026-06-03 12:30:06] Retry 2/8 for lit_savitsky_preplaning after 15s: curl=22; web=Exception calling "DownloadFile" with "2" argument(s): "The remote server returned an error: (404) Not Found."
[2026-06-03 12:30:22] Retry 3/8 for lit_savitsky_preplaning after 30s: curl=22; web=Exception calling "DownloadFile" with "2" argument(s): "The remote server returned an error: (404) Not Found."
[2026-06-03 12:30:55] Retry 4/8 for lit_savitsky_preplaning after 60s: curl=22; web=Exception calling "DownloadFile" with "2" argument(s): "The remote server returned an error: (404) Not Found."
[2026-06-03 12:31:58] Retry 5/8 for lit_savitsky_preplaning after 90s: curl=22; web=Exception calling "DownloadFile" with "2" argument(s): "The remote server returned an error: (404) Not Found."
[2026-06-03 12:33:29] Retry 6/8 for lit_savitsky_preplaning after 120s: curl=22; web=Exception calling "DownloadFile" with "2" argument(s): "The remote server returned an error: (404) Not Found."
[2026-06-03 12:35:34] Retry 7/8 for lit_savitsky_preplaning after 120s: curl=22; web=Exception calling "DownloadFile" with "2" argument(s): "The remote server returned an error: (404) Not Found."
[2026-06-03 12:37:39] Retry 8/8 for lit_savitsky_preplaning after 180s: curl=22; web=Exception calling "DownloadFile" with "2" argument(s): "The remote server returned an error: (404) Not Found."
[2026-06-03 12:40:39] FAIL lit_savitsky_preplaning: curl=22; web=Exception calling "DownloadFile" with "2" argument(s): "The remote server returned an error: (404) Not Found."
[2026-06-03 12:40:42] GET lit_savitsky_1964: https://onepetro.org/MTSN/article/1/04/71/172383/Hydrodynamic-Design-of-Planing-Hulls
[2026-06-03 12:40:44] Retry 1/8 for lit_savitsky_1964 after 5s: curl=22; web=Exception calling "DownloadFile" with "2" argument(s): "The remote server returned an error: (403) Forbidden."
[2026-06-03 12:40:52] Retry 2/8 for lit_savitsky_1964 after 15s: curl=22; web=Exception calling "DownloadFile" with "2" argument(s): "The remote server returned an error: (403) Forbidden."
[2026-06-03 12:41:09] Retry 3/8 for lit_savitsky_1964 after 30s: curl=22; web=Exception calling "DownloadFile" with "2" argument(s): "The remote server returned an error: (403) Forbidden."
[2026-06-03 12:41:41] Retry 4/8 for lit_savitsky_1964 after 60s: curl=22; web=Exception calling "DownloadFile" with "2" argument(s): "The remote server returned an error: (403) Forbidden."
[2026-06-03 12:42:44] Retry 5/8 for lit_savitsky_1964 after 90s: curl=22; web=Exception calling "DownloadFile" with "2" argument(s): "The remote server returned an error: (403) Forbidden."
[2026-06-03 12:44:17] Retry 6/8 for lit_savitsky_1964 after 120s: curl=22; web=Exception calling "DownloadFile" with "2" argument(s): "The remote server returned an error: (403) Forbidden."
[2026-06-03 12:46:20] Retry 7/8 for lit_savitsky_1964 after 120s: curl=22; web=Exception calling "DownloadFile" with "2" argument(s): "The remote server returned an error: (403) Forbidden."
[2026-06-03 12:48:22] Retry 8/8 for lit_savitsky_1964 after 180s: curl=22; web=Exception calling "DownloadFile" with "2" argument(s): "The remote server returned an error: (403) Forbidden."
[2026-06-03 12:51:22] GET lit_savitsky_1964: https://web.archive.org/web/2020/https://onepetro.org/MTSN/article/1/04/71/172383/Hydrodynamic-Design-of-Planing-Hulls
[2026-06-03 12:51:26] SKIP ok: lit_fridsma
[2026-06-03 12:51:26] SKIP ok: lit_savitsky_brown_1976
[2026-06-03 12:51:26] SKIP ok: lit_zhao_water_entry
[2026-06-03 12:51:29] GET lit_sun_faltinsen_2010: https://doi.org/10.2514/1.44717
[2026-06-03 12:51:32] Retry 1/8 for lit_sun_faltinsen_2010 after 5s: curl=22; web=Exception calling "DownloadFile" with "2" argument(s): "The remote server returned an error: (404) Not Found."
[2026-06-03 12:51:39] Retry 2/8 for lit_sun_faltinsen_2010 after 15s: curl=22; web=Exception calling "DownloadFile" with "2" argument(s): "The remote server returned an error: (404) Not Found."
[2026-06-03 12:51:56] Retry 3/8 for lit_sun_faltinsen_2010 after 30s: curl=22; web=Exception calling "DownloadFile" with "2" argument(s): "The remote server returned an error: (404) Not Found."
[2026-06-03 12:52:31] Retry 4/8 for lit_sun_faltinsen_2010 after 60s: curl=22; web=Exception calling "DownloadFile" with "2" argument(s): "The remote server returned an error: (404) Not Found."
[2026-06-03 12:53:32] Retry 5/8 for lit_sun_faltinsen_2010 after 90s: curl=22; web=Exception calling "DownloadFile" with "2" argument(s): "The remote server returned an error: (404) Not Found."
[2026-06-03 12:55:05] Retry 6/8 for lit_sun_faltinsen_2010 after 120s: curl=22; web=Exception calling "DownloadFile" with "2" argument(s): "The remote server returned an error: (404) Not Found."
[2026-06-03 12:57:07] Retry 7/8 for lit_sun_faltinsen_2010 after 120s: curl=22; web=Exception calling "DownloadFile" with "2" argument(s): "The remote server returned an error: (404) Not Found."
[2026-06-03 12:59:10] Retry 8/8 for lit_sun_faltinsen_2010 after 180s: curl=22; web=Exception calling "DownloadFile" with "2" argument(s): "The remote server returned an error: (404) Not Found."
[2026-06-03 13:02:10] FAIL lit_sun_faltinsen_2010: curl=22; web=Exception calling "DownloadFile" with "2" argument(s): "The remote server returned an error: (404) Not Found."
[2026-06-03 13:02:13] GET lit_planing_review_2024: https://doi.org/10.1016/j.oceaneng.2024.114383
[2026-06-03 13:02:16] Retry 1/8 for lit_planing_review_2024 after 5s: curl=22; web=Exception calling "DownloadFile" with "2" argument(s): "The remote server returned an error: (404) Not Found."
[2026-06-03 13:02:23] Retry 2/8 for lit_planing_review_2024 after 15s: curl=22; web=Exception calling "DownloadFile" with "2" argument(s): "The remote server returned an error: (404) Not Found."
[2026-06-03 13:02:40] Retry 3/8 for lit_planing_review_2024 after 30s: curl=22; web=Exception calling "DownloadFile" with "2" argument(s): "The remote server returned an error: (404) Not Found."
[2026-06-03 13:03:12] Retry 4/8 for lit_planing_review_2024 after 60s: curl=22; web=Exception calling "DownloadFile" with "2" argument(s): "The remote server returned an error: (404) Not Found."
[2026-06-03 13:04:14] Retry 5/8 for lit_planing_review_2024 after 90s: curl=22; web=Exception calling "DownloadFile" with "2" argument(s): "The remote server returned an error: (404) Not Found."
[2026-06-03 13:05:46] Retry 6/8 for lit_planing_review_2024 after 120s: curl=22; web=Exception calling "DownloadFile" with "2" argument(s): "The remote server returned an error: (404) Not Found."
[2026-06-03 13:07:50] Retry 7/8 for lit_planing_review_2024 after 120s: curl=22; web=Exception calling "DownloadFile" with "2" argument(s): "The remote server returned an error: (404) Not Found."
[2026-06-03 13:09:53] Retry 8/8 for lit_planing_review_2024 after 180s: curl=22; web=Exception calling "DownloadFile" with "2" argument(s): "The remote server returned an error: (404) Not Found."
[2026-06-03 13:12:53] GET lit_planing_review_2024: https://www.sciencedirect.com/science/article/pii/S0029801824003834
[2026-06-03 13:12:57] Retry 1/8 for lit_planing_review_2024 after 5s: curl=22; web=Exception calling "DownloadFile" with "2" argument(s): "The remote server returned an error: (403) Forbidden."
[2026-06-03 13:13:04] Retry 2/8 for lit_planing_review_2024 after 15s: curl=22; web=Exception calling "DownloadFile" with "2" argument(s): "The remote server returned an error: (403) Forbidden."
[2026-06-03 13:13:23] Retry 3/8 for lit_planing_review_2024 after 30s: curl=22; web=Exception calling "DownloadFile" with "2" argument(s): "The remote server returned an error: (403) Forbidden."
[2026-06-03 13:13:56] Retry 4/8 for lit_planing_review_2024 after 60s: curl=22; web=Exception calling "DownloadFile" with "2" argument(s): "The remote server returned an error: (403) Forbidden."
[2026-06-03 13:15:00] Retry 5/8 for lit_planing_review_2024 after 90s: curl=22; web=Exception calling "DownloadFile" with "2" argument(s): "The remote server returned an error: (403) Forbidden."
[2026-06-03 13:16:32] Retry 6/8 for lit_planing_review_2024 after 120s: curl=22; web=Exception calling "DownloadFile" with "2" argument(s): "The remote server returned an error: (403) Forbidden."
[2026-06-03 13:18:37] Retry 7/8 for lit_planing_review_2024 after 120s: curl=22; web=Exception calling "DownloadFile" with "2" argument(s): "The remote server returned an error: (403) Forbidden."
[2026-06-03 13:20:39] Retry 8/8 for lit_planing_review_2024 after 180s: curl=22; web=Exception calling "DownloadFile" with "2" argument(s): "The remote server returned an error: (403) Forbidden."
[2026-06-03 13:23:39] FAIL lit_planing_review_2024: curl=22; web=Exception calling "DownloadFile" with "2" argument(s): "The remote server returned an error: (403) Forbidden."
[2026-06-03 13:23:43] GET lit_fossen_2012: https://doi.org/10.1016/j.oceaneng.2012.09.012
[2026-06-03 13:24:51] GET lit_fossen_2012: https://folk.ntnu.no/thomas.fossen/pub/Fossen2012windwaves.pdf
[2026-06-03 13:24:58] Retry 1/8 for lit_fossen_2012 after 5s: curl=22; web=Exception calling "DownloadFile" with "2" argument(s): "The remote server returned an error: (404) Not Found."
[2026-06-03 13:25:07] Retry 2/8 for lit_fossen_2012 after 15s: curl=22; web=Exception calling "DownloadFile" with "2" argument(s): "The remote server returned an error: (404) Not Found."
[2026-06-03 13:25:28] Retry 3/8 for lit_fossen_2012 after 30s: curl=22; web=Exception calling "DownloadFile" with "2" argument(s): "The remote server returned an error: (404) Not Found."
[2026-06-03 13:26:01] Retry 4/8 for lit_fossen_2012 after 60s: curl=22; web=Exception calling "DownloadFile" with "2" argument(s): "The remote server returned an error: (404) Not Found."
[2026-06-03 13:27:05] Retry 5/8 for lit_fossen_2012 after 90s: curl=22; web=Exception calling "DownloadFile" with "2" argument(s): "The remote server returned an error: (404) Not Found."
[2026-06-03 13:29:28] Retry 6/8 for lit_fossen_2012 after 120s: curl=22; web=Exception calling "DownloadFile" with "2" argument(s): "The remote server returned an error: (404) Not Found."
[2026-06-03 13:31:31] Retry 7/8 for lit_fossen_2012 after 120s: curl=22; web=Exception calling "DownloadFile" with "2" argument(s): "The remote server returned an error: (404) Not Found."
[2026-06-03 13:33:34] Retry 8/8 for lit_fossen_2012 after 180s: curl=22; web=Exception calling "DownloadFile" with "2" argument(s): "The remote server returned an error: (404) Not Found."
[2026-06-03 13:36:34] GET lit_fossen_2012: https://folk.ntnu.no/thomas.fossen/pub/Fossen2012wind.pdf
[2026-06-03 13:36:39] Retry 1/8 for lit_fossen_2012 after 5s: curl=22; web=Exception calling "DownloadFile" with "2" argument(s): "The remote server returned an error: (404) Not Found."
[2026-06-03 13:36:48] Retry 2/8 for lit_fossen_2012 after 15s: curl=22; web=Exception calling "DownloadFile" with "2" argument(s): "The remote server returned an error: (404) Not Found."
[2026-06-03 13:37:06] Retry 3/8 for lit_fossen_2012 after 30s: curl=22; web=Exception calling "DownloadFile" with "2" argument(s): "The remote server returned an error: (404) Not Found."
[2026-06-03 13:37:40] Retry 4/8 for lit_fossen_2012 after 60s: curl=22; web=Exception calling "DownloadFile" with "2" argument(s): "The remote server returned an error: (404) Not Found."
[2026-06-03 13:38:44] Retry 5/8 for lit_fossen_2012 after 90s: curl=22; web=Exception calling "DownloadFile" with "2" argument(s): "The remote server returned an error: (404) Not Found."
[2026-06-03 13:40:19] Retry 6/8 for lit_fossen_2012 after 120s: curl=22; web=Exception calling "DownloadFile" with "2" argument(s): "The remote server returned an error: (404) Not Found."
[2026-06-03 13:42:23] Retry 7/8 for lit_fossen_2012 after 120s: curl=22; web=Exception calling "DownloadFile" with "2" argument(s): "The remote server returned an error: (404) Not Found."
[2026-06-03 13:44:27] Retry 8/8 for lit_fossen_2012 after 180s: curl=22; web=Exception calling "DownloadFile" with "2" argument(s): "The remote server returned an error: (404) Not Found."
[2026-06-03 13:47:27] GET lit_fossen_2012: https://www.researchgate.net/profile/Thor-Fossen/publication/257623456_How_to_incorporate_wind_waves_and_ocean_currents_in_the_marine_craft_equations_of_motion/links/0deec53c8c0c5e0e3c000000/How-to-incorporate-wind-waves-and-ocean-currents-in-the-marine-craft-equations-of-motion.pdf
[2026-06-03 13:47:32] Retry 1/8 for lit_fossen_2012 after 5s: curl=22; web=Exception calling "DownloadFile" with "2" argument(s): "The remote server returned an error: (403) Forbidden."
[2026-06-03 13:47:39] Retry 2/8 for lit_fossen_2012 after 15s: curl=22; web=Exception calling "DownloadFile" with "2" argument(s): "The remote server returned an error: (403) Forbidden."
[2026-06-03 13:47:58] Retry 3/8 for lit_fossen_2012 after 30s: curl=22; web=Exception calling "DownloadFile" with "2" argument(s): "The remote server returned an error: (403) Forbidden."
[2026-06-03 13:48:34] Retry 4/8 for lit_fossen_2012 after 60s: curl=22; web=Exception calling "DownloadFile" with "2" argument(s): "The remote server returned an error: (403) Forbidden."
[2026-06-03 13:49:36] Retry 5/8 for lit_fossen_2012 after 90s: curl=22; web=Exception calling "DownloadFile" with "2" argument(s): "The remote server returned an error: (403) Forbidden."
[2026-06-03 13:51:08] Retry 6/8 for lit_fossen_2012 after 120s: curl=22; web=Exception calling "DownloadFile" with "2" argument(s): "The remote server returned an error: (403) Forbidden."
[2026-06-03 13:53:12] Retry 7/8 for lit_fossen_2012 after 120s: curl=22; web=Exception calling "DownloadFile" with "2" argument(s): "The remote server returned an error: (403) Forbidden."
[2026-06-03 13:55:15] Retry 8/8 for lit_fossen_2012 after 180s: curl=22; web=Exception calling "DownloadFile" with "2" argument(s): "The remote server returned an error: (403) Forbidden."
[2026-06-03 13:58:15] FAIL lit_fossen_2012: curl=22; web=Exception calling "DownloadFile" with "2" argument(s): "The remote server returned an error: (403) Forbidden."
[2026-06-03 13:58:15] GET lit_molland_book: https://www.routledge.com/Maritime-Engineering-Ship-Design/Molland/p/book/9780750665275
[2026-06-03 13:58:27] Retry 1/8 for lit_molland_book after 5s: curl=22; web=Exception calling "DownloadFile" with "2" argument(s): "The request was aborted: The connection was closed unexpectedly."
[2026-06-03 13:58:52] Retry 2/8 for lit_molland_book after 15s: curl=22; web=Exception calling "DownloadFile" with "2" argument(s): "The request was aborted: The connection was closed unexpectedly."
[2026-06-03 13:59:16] Retry 3/8 for lit_molland_book after 30s: curl=22; web=Exception calling "DownloadFile" with "2" argument(s): "The request was aborted: The connection was closed unexpectedly."
[2026-06-03 13:59:51] Retry 4/8 for lit_molland_book after 60s: curl=22; web=Exception calling "DownloadFile" with "2" argument(s): "The request was aborted: The connection was closed unexpectedly."
[2026-06-03 14:01:00] Retry 5/8 for lit_molland_book after 90s: curl=22; web=Exception calling "DownloadFile" with "2" argument(s): "The request was aborted: The connection was closed unexpectedly."
[2026-06-03 14:02:34] Retry 6/8 for lit_molland_book after 120s: curl=22; web=Exception calling "DownloadFile" with "2" argument(s): "The request was aborted: The connection was closed unexpectedly."
[2026-06-03 14:04:42] Retry 7/8 for lit_molland_book after 120s: curl=22; web=Exception calling "DownloadFile" with "2" argument(s): "The request was aborted: The connection was closed unexpectedly."
[2026-06-03 14:06:49] Retry 8/8 for lit_molland_book after 180s: curl=22; web=Exception calling "DownloadFile" with "2" argument(s): "The request was aborted: The connection was closed unexpectedly."
[2026-06-03 14:09:49] FAIL lit_molland_book: curl=22; web=Exception calling "DownloadFile" with "2" argument(s): "The request was aborted: The connection was closed unexpectedly."
[2026-06-03 14:09:49] SKIP git ok: code_pdstrip
[2026-06-03 14:09:49] SKIP git ok: code_hams
[2026-06-03 14:09:49] SKIP git ok: code_bemrosetta
[2026-06-03 14:09:49] SKIP git ok: code_ow3d
[2026-06-03 14:09:49] SKIP git ok: code_openplaning
[2026-06-03 14:09:49] SKIP git ok: code_binder_openplaning
[2026-06-03 14:09:49] SKIP git ok: code_mmgdynamics
[2026-06-03 14:09:49] SKIP git ok: code_shipmmg
[2026-06-03 14:09:49] SKIP git ok: code_nemoh
[2026-06-03 14:09:49] SKIP git ok: code_capytaine
[2026-06-03 14:09:49] SKIP git ok: code_mss_tools
[2026-06-03 14:09:49] SKIP git ok: code_python_vehicle
[2026-06-03 14:09:49] SKIP ok: data_kcs_index
[2026-06-03 14:09:49] SKIP ok: data_kcs_hull_zip
[2026-06-03 14:09:49] SKIP ok: data_kcs_rudder_zip
[2026-06-03 14:09:49] SKIP ok: data_kcs_prop_zip
[2026-06-03 14:09:49] SKIP ok: data_kcs_case211_zip
[2026-06-03 14:09:49] SKIP ok: data_delft372_report
[2026-06-03 14:09:49] GET data_delft372_strath: https://strathprints.strath.ac.uk/82218/1/Duman_Bal_OE_2022_Turn_and_zigzag_manoeuvres_of_Delft_catamaran_372_using_CFD_based_system_simulation_method.pdf
[2026-06-03 14:09:54] Retry 1/8 for data_delft372_strath after 5s: curl=22; web=Exception calling "DownloadFile" with "2" argument(s): "The remote server returned an error: (404) Not Found."
[2026-06-03 14:10:04] Retry 2/8 for data_delft372_strath after 15s: curl=22; web=Exception calling "DownloadFile" with "2" argument(s): "The remote server returned an error: (404) Not Found."
[2026-06-03 14:10:23] Retry 3/8 for data_delft372_strath after 30s: curl=22; web=Exception calling "DownloadFile" with "2" argument(s): "The remote server returned an error: (404) Not Found."
[2026-06-03 14:11:41] Retry 4/8 for data_delft372_strath after 60s: curl=22; web=Exception calling "DownloadFile" with "2" argument(s): "The remote server returned an error: (404) Not Found."
[2026-06-03 14:12:50] Retry 5/8 for data_delft372_strath after 90s: curl=35; web=Exception calling "DownloadFile" with "2" argument(s): "The remote server returned an error: (404) Not Found."
[2026-06-03 14:14:24] Retry 6/8 for data_delft372_strath after 120s: curl=22; web=Exception calling "DownloadFile" with "2" argument(s): "The remote server returned an error: (404) Not Found."
[2026-06-03 14:16:29] Retry 7/8 for data_delft372_strath after 120s: curl=22; web=Exception calling "DownloadFile" with "2" argument(s): "The remote server returned an error: (404) Not Found."
[2026-06-03 14:18:33] Retry 8/8 for data_delft372_strath after 180s: curl=22; web=Exception calling "DownloadFile" with "2" argument(s): "The remote server returned an error: (404) Not Found."
[2026-06-03 14:21:33] FAIL data_delft372_strath: curl=22; web=Exception calling "DownloadFile" with "2" argument(s): "The remote server returned an error: (404) Not Found."
[2026-06-03 14:22:12] SKIP ok: fossen_mss_index
[2026-06-03 14:22:12] SKIP ok: fossen_pvs
[2026-06-03 14:22:13] SUMMARY ok=29 paywall=8 failed=4 pending=3
SUMMARY ok=29 paywall=8 failed=4 pending=3
Retry 7 items in 60s...
=== Round 18 / 20 ===
[2026-06-03 14:23:13] === download_all.ps1 start (early_stage_materials) ===
[2026-06-03 14:23:13] RESET failed->pending: lit_molland_book
[2026-06-03 14:23:13] RESET failed->pending: pip_capytaine
[2026-06-03 14:23:13] RESET failed->pending: data_delft372_strath
[2026-06-03 14:23:13] SKIP ok: lit_stf_1970
[2026-06-03 14:23:13] SKIP ok: lit_faltinsen_sea_loads
[2026-06-03 14:23:13] SKIP ok: lit_faltinsen_hsmv_preview
[2026-06-03 14:23:19] GET lit_ma_2005: https://doi.org/10.1016/j.oceaneng.2004.08.012
[2026-06-03 14:23:53] FAIL lit_ma_2005: 
[2026-06-03 14:23:54] GET lit_arribas_2006: https://doi.org/10.1016/j.oceaneng.2005.09.008
[2026-06-03 14:23:58] FAIL lit_arribas_2006: 
[2026-06-03 14:23:58] GET lit_kring_1994: https://dspace.mit.edu/bitstream/handle/1721.1/11939/31384162-MIT.pdf?sequence=2&isAllowed=y
[2026-06-03 14:24:02] Retry 1/8 for lit_kring_1994 after 5s: curl=22; web=Exception calling "DownloadFile" with "2" argument(s): "The remote server returned an error: (404) Not Found."
[2026-06-03 14:24:11] Retry 2/8 for lit_kring_1994 after 15s: curl=22; web=Exception calling "DownloadFile" with "2" argument(s): "The remote server returned an error: (404) Not Found."
[2026-06-03 14:24:30] Retry 3/8 for lit_kring_1994 after 30s: curl=22; web=Exception calling "DownloadFile" with "2" argument(s): "The remote server returned an error: (404) Not Found."
[2026-06-03 14:25:06] Retry 4/8 for lit_kring_1994 after 60s: curl=22; web=Exception calling "DownloadFile" with "2" argument(s): "The remote server returned an error: (404) Not Found."
[2026-06-03 14:26:14] Retry 5/8 for lit_kring_1994 after 90s: curl=22; web=Exception calling "DownloadFile" with "2" argument(s): "The remote server returned an error: (404) Not Found."
[2026-06-03 14:28:17] Retry 6/8 for lit_kring_1994 after 120s: curl=22; web=Exception calling "DownloadFile" with "2" argument(s): "The remote server returned an error: (404) Not Found."
[2026-06-03 14:30:22] Retry 7/8 for lit_kring_1994 after 120s: curl=22; web=Exception calling "DownloadFile" with "2" argument(s): "The remote server returned an error: (404) Not Found."
[2026-06-03 14:32:26] Retry 8/8 for lit_kring_1994 after 180s: curl=22; web=Exception calling "DownloadFile" with "2" argument(s): "The remote server returned an error: (404) Not Found."
[2026-06-03 14:35:26] GET lit_kring_1994: https://web.archive.org/web/2020/https://dspace.mit.edu/bitstream/handle/1721.1/11939/31384162-MIT.pdf?sequence=2&isAllowed=y
[2026-06-03 14:35:33] Retry 1/8 for lit_kring_1994 after 5s: curl=22; web=Exception calling "DownloadFile" with "2" argument(s): "The request was aborted: The connection was closed unexpectedly."
[2026-06-03 14:36:18] Retry 2/8 for lit_kring_1994 after 15s: curl=22; web=Exception calling "DownloadFile" with "2" argument(s): "The request was aborted: The connection was closed unexpectedly."
[2026-06-03 14:36:39] Retry 3/8 for lit_kring_1994 after 30s: curl=22; web=Exception calling "DownloadFile" with "2" argument(s): "The request was aborted: The connection was closed unexpectedly."
[2026-06-03 14:37:45] Retry 4/8 for lit_kring_1994 after 60s: curl=22; web=Exception calling "DownloadFile" with "2" argument(s): "The request was aborted: The connection was closed unexpectedly."
[2026-06-03 14:38:51] Retry 5/8 for lit_kring_1994 after 90s: curl=22; web=Exception calling "DownloadFile" with "2" argument(s): "The request was aborted: The connection was closed unexpectedly."
[2026-06-03 14:40:26] Retry 6/8 for lit_kring_1994 after 120s: curl=22; web=Exception calling "DownloadFile" with "2" argument(s): "The request was aborted: The connection was closed unexpectedly."
[2026-06-03 14:42:31] Retry 7/8 for lit_kring_1994 after 120s: curl=22; web=Exception calling "DownloadFile" with "2" argument(s): "The request was aborted: The connection was closed unexpectedly."
[2026-06-03 14:44:39] Retry 8/8 for lit_kring_1994 after 180s: curl=22; web=Exception calling "DownloadFile" with "2" argument(s): "The request was aborted: The connection was closed unexpectedly."
[2026-06-03 14:47:39] GET lit_kring_1994: https://core.ac.uk/download/pdf/48633506.pdf
[2026-06-03 14:47:53] Retry 1/8 for lit_kring_1994 after 5s: curl=22; web=Exception calling "DownloadFile" with "2" argument(s): "The remote server returned an error: (404) Not Found."
[2026-06-03 14:48:04] Retry 2/8 for lit_kring_1994 after 15s: curl=22; web=Exception calling "DownloadFile" with "2" argument(s): "The remote server returned an error: (404) Not Found."
[2026-06-03 14:48:24] Retry 3/8 for lit_kring_1994 after 30s: curl=22; web=Exception calling "DownloadFile" with "2" argument(s): "The remote server returned an error: (404) Not Found."
[2026-06-03 14:49:14] Retry 4/8 for lit_kring_1994 after 60s: curl=35; web=Exception calling "DownloadFile" with "2" argument(s): "The remote server returned an error: (404) Not Found."
[2026-06-03 14:51:17] Retry 5/8 for lit_kring_1994 after 90s: curl=22; web=Exception calling "DownloadFile" with "2" argument(s): "The remote server returned an error: (404) Not Found."
[2026-06-03 14:52:50] Retry 6/8 for lit_kring_1994 after 120s: curl=35; web=Exception calling "DownloadFile" with "2" argument(s): "An exception occurred during a WebClient request."
[2026-06-03 14:55:59] Retry 7/8 for lit_kring_1994 after 120s: curl=22; web=Exception calling "DownloadFile" with "2" argument(s): "The remote server returned an error: (503) Server Unavailable."
[2026-06-03 14:59:07] Retry 8/8 for lit_kring_1994 after 180s: curl=22; web=Exception calling "DownloadFile" with "2" argument(s): "The remote server returned an error: (503) Server Unavailable."
[2026-06-03 15:02:07] GET lit_kring_1994: http://hdl.handle.net/1721.1/11939
[2026-06-03 15:02:29] FAIL lit_kring_1994: 
[2026-06-03 15:03:05] GET lit_donatini_2022: https://doi.org/10.1016/j.oceaneng.2022.112222
[2026-06-03 15:03:15] FAIL lit_donatini_2022: 
[2026-06-03 15:03:15] SKIP ok: lit_bailey_npl
[2026-06-03 15:03:15] SKIP ok: lit_mercier_savitsky_1973
[2026-06-03 15:03:15] GET lit_compton_1986: https://onepetro.org/mtsn/article-pdf/23/04/345/2199243/sname-mtsn-1986-23-4-345.pdf
[2026-06-03 15:03:18] Retry 1/8 for lit_compton_1986 after 5s: curl=22; web=Exception calling "DownloadFile" with "2" argument(s): "The remote server returned an error: (403) Forbidden."
[2026-06-03 15:03:44] Retry 2/8 for lit_compton_1986 after 15s: curl=22; web=Exception calling "DownloadFile" with "2" argument(s): "The remote server returned an error: (403) Forbidden."
[2026-06-03 15:04:01] Retry 3/8 for lit_compton_1986 after 30s: curl=22; web=Exception calling "DownloadFile" with "2" argument(s): "The remote server returned an error: (403) Forbidden."
[2026-06-03 15:04:34] Retry 4/8 for lit_compton_1986 after 60s: curl=22; web=Exception calling "DownloadFile" with "2" argument(s): "The remote server returned an error: (403) Forbidden."
[2026-06-03 15:05:37] Retry 5/8 for lit_compton_1986 after 90s: curl=22; web=Exception calling "DownloadFile" with "2" argument(s): "The remote server returned an error: (403) Forbidden."
[2026-06-03 15:07:10] Retry 6/8 for lit_compton_1986 after 120s: curl=22; web=Exception calling "DownloadFile" with "2" argument(s): "The remote server returned an error: (403) Forbidden."
[2026-06-03 15:09:13] Retry 7/8 for lit_compton_1986 after 120s: curl=22; web=Exception calling "DownloadFile" with "2" argument(s): "The remote server returned an error: (403) Forbidden."
[2026-06-03 15:11:17] Retry 8/8 for lit_compton_1986 after 180s: curl=22; web=Exception calling "DownloadFile" with "2" argument(s): "The remote server returned an error: (403) Forbidden."
[2026-06-03 15:14:17] GET lit_compton_1986: https://web.archive.org/web/2019/https://onepetro.org/mtsn/article-pdf/23/04/345/2199243/sname-mtsn-1986-23-4-345.pdf
[2026-06-03 15:14:28] FAIL lit_compton_1986: 
[2026-06-03 15:14:28] GET lit_savitsky_preplaning: https://doi.org/10.1063/1.5143123
[2026-06-03 15:14:36] Retry 1/8 for lit_savitsky_preplaning after 5s: curl=22; web=Exception calling "DownloadFile" with "2" argument(s): "The remote server returned an error: (404) Not Found."
[2026-06-03 15:14:43] Retry 2/8 for lit_savitsky_preplaning after 15s: curl=22; web=Exception calling "DownloadFile" with "2" argument(s): "The remote server returned an error: (404) Not Found."
[2026-06-03 15:15:14] Retry 3/8 for lit_savitsky_preplaning after 30s: curl=22; web=Exception calling "DownloadFile" with "2" argument(s): "The remote server returned an error: (404) Not Found."
[2026-06-03 15:16:26] Retry 4/8 for lit_savitsky_preplaning after 60s: curl=22; web=Exception calling "DownloadFile" with "2" argument(s): "The remote server returned an error: (404) Not Found."
[2026-06-03 15:17:38] Retry 5/8 for lit_savitsky_preplaning after 90s: curl=22; web=Exception calling "DownloadFile" with "2" argument(s): "The remote server returned an error: (404) Not Found."
[2026-06-03 15:19:13] Retry 6/8 for lit_savitsky_preplaning after 120s: curl=22; web=Exception calling "DownloadFile" with "2" argument(s): "The remote server returned an error: (404) Not Found."
[2026-06-03 15:21:17] Retry 7/8 for lit_savitsky_preplaning after 120s: curl=22; web=Exception calling "DownloadFile" with "2" argument(s): "The remote server returned an error: (404) Not Found."
[2026-06-03 15:23:25] Retry 8/8 for lit_savitsky_preplaning after 180s: curl=22; web=Exception calling "DownloadFile" with "2" argument(s): "The remote server returned an error: (404) Not Found."
[2026-06-03 15:26:25] FAIL lit_savitsky_preplaning: curl=22; web=Exception calling "DownloadFile" with "2" argument(s): "The remote server returned an error: (404) Not Found."
[2026-06-03 15:26:41] GET lit_savitsky_1964: https://onepetro.org/MTSN/article/1/04/71/172383/Hydrodynamic-Design-of-Planing-Hulls
[2026-06-03 15:26:44] Retry 1/8 for lit_savitsky_1964 after 5s: curl=22; web=Exception calling "DownloadFile" with "2" argument(s): "The remote server returned an error: (403) Forbidden."
[2026-06-03 15:26:55] Retry 2/8 for lit_savitsky_1964 after 15s: curl=22; web=Exception calling "DownloadFile" with "2" argument(s): "The remote server returned an error: (403) Forbidden."
[2026-06-03 15:27:12] Retry 3/8 for lit_savitsky_1964 after 30s: curl=22; web=Exception calling "DownloadFile" with "2" argument(s): "The remote server returned an error: (403) Forbidden."
[2026-06-03 15:27:50] Retry 4/8 for lit_savitsky_1964 after 60s: curl=22; web=Exception calling "DownloadFile" with "2" argument(s): "The remote server returned an error: (403) Forbidden."
[2026-06-03 15:28:53] Retry 5/8 for lit_savitsky_1964 after 90s: curl=22; web=Exception calling "DownloadFile" with "2" argument(s): "The remote server returned an error: (403) Forbidden."
[2026-06-03 15:30:25] Retry 6/8 for lit_savitsky_1964 after 120s: curl=22; web=Exception calling "DownloadFile" with "2" argument(s): "The remote server returned an error: (403) Forbidden."
[2026-06-03 15:32:33] Retry 7/8 for lit_savitsky_1964 after 120s: curl=22; web=Exception calling "DownloadFile" with "2" argument(s): "The remote server returned an error: (403) Forbidden."
[2026-06-03 15:34:35] Retry 8/8 for lit_savitsky_1964 after 180s: curl=22; web=Exception calling "DownloadFile" with "2" argument(s): "The remote server returned an error: (403) Forbidden."
[2026-06-03 15:37:35] GET lit_savitsky_1964: https://web.archive.org/web/2020/https://onepetro.org/MTSN/article/1/04/71/172383/Hydrodynamic-Design-of-Planing-Hulls
[2026-06-03 15:38:08] SKIP ok: lit_fridsma
[2026-06-03 15:38:08] SKIP ok: lit_savitsky_brown_1976
[2026-06-03 15:38:08] SKIP ok: lit_zhao_water_entry
[2026-06-03 15:38:11] GET lit_sun_faltinsen_2010: https://doi.org/10.2514/1.44717
[2026-06-03 15:38:14] Retry 1/8 for lit_sun_faltinsen_2010 after 5s: curl=22; web=Exception calling "DownloadFile" with "2" argument(s): "The remote server returned an error: (404) Not Found."
[2026-06-03 15:38:21] Retry 2/8 for lit_sun_faltinsen_2010 after 15s: curl=22; web=Exception calling "DownloadFile" with "2" argument(s): "The remote server returned an error: (404) Not Found."
[2026-06-03 15:38:38] Retry 3/8 for lit_sun_faltinsen_2010 after 30s: curl=22; web=Exception calling "DownloadFile" with "2" argument(s): "The remote server returned an error: (404) Not Found."
[2026-06-03 15:39:11] Retry 4/8 for lit_sun_faltinsen_2010 after 60s: curl=22; web=Exception calling "DownloadFile" with "2" argument(s): "The remote server returned an error: (404) Not Found."
[2026-06-03 15:40:13] Retry 5/8 for lit_sun_faltinsen_2010 after 90s: curl=22; web=Exception calling "DownloadFile" with "2" argument(s): "The remote server returned an error: (404) Not Found."
[2026-06-03 15:41:47] Retry 6/8 for lit_sun_faltinsen_2010 after 120s: curl=22; web=Exception calling "DownloadFile" with "2" argument(s): "The remote server returned an error: (404) Not Found."
[2026-06-03 15:43:50] Retry 7/8 for lit_sun_faltinsen_2010 after 120s: curl=22; web=Exception calling "DownloadFile" with "2" argument(s): "The remote server returned an error: (404) Not Found."
[2026-06-03 15:45:53] Retry 8/8 for lit_sun_faltinsen_2010 after 180s: curl=22; web=Exception calling "DownloadFile" with "2" argument(s): "The remote server returned an error: (404) Not Found."
[2026-06-03 15:48:53] FAIL lit_sun_faltinsen_2010: curl=22; web=Exception calling "DownloadFile" with "2" argument(s): "The remote server returned an error: (404) Not Found."
[2026-06-03 15:48:57] GET lit_planing_review_2024: https://doi.org/10.1016/j.oceaneng.2024.114383
[2026-06-03 15:49:01] Retry 1/8 for lit_planing_review_2024 after 5s: curl=22; web=Exception calling "DownloadFile" with "2" argument(s): "The remote server returned an error: (404) Not Found."
[2026-06-03 15:49:08] Retry 2/8 for lit_planing_review_2024 after 15s: curl=22; web=Exception calling "DownloadFile" with "2" argument(s): "The remote server returned an error: (404) Not Found."
[2026-06-03 15:49:24] Retry 3/8 for lit_planing_review_2024 after 30s: curl=22; web=Exception calling "DownloadFile" with "2" argument(s): "The remote server returned an error: (404) Not Found."
[2026-06-03 15:49:56] Retry 4/8 for lit_planing_review_2024 after 60s: curl=22; web=Exception calling "DownloadFile" with "2" argument(s): "The remote server returned an error: (404) Not Found."
[2026-06-03 15:50:58] Retry 5/8 for lit_planing_review_2024 after 90s: curl=22; web=Exception calling "DownloadFile" with "2" argument(s): "The remote server returned an error: (404) Not Found."
[2026-06-03 15:52:32] Retry 6/8 for lit_planing_review_2024 after 120s: curl=22; web=Exception calling "DownloadFile" with "2" argument(s): "The remote server returned an error: (404) Not Found."
[2026-06-03 15:54:40] Retry 7/8 for lit_planing_review_2024 after 120s: curl=35; web=Exception calling "DownloadFile" with "2" argument(s): "The remote server returned an error: (404) Not Found."
[2026-06-03 15:56:43] Retry 8/8 for lit_planing_review_2024 after 180s: curl=22; web=Exception calling "DownloadFile" with "2" argument(s): "The remote server returned an error: (404) Not Found."
[2026-06-03 15:59:43] GET lit_planing_review_2024: https://www.sciencedirect.com/science/article/pii/S0029801824003834
[2026-06-03 16:00:12] Retry 1/8 for lit_planing_review_2024 after 5s: curl=22; web=Exception calling "DownloadFile" with "2" argument(s): "The remote server returned an error: (403) Forbidden."
[2026-06-03 16:00:21] Retry 2/8 for lit_planing_review_2024 after 15s: curl=22; web=Exception calling "DownloadFile" with "2" argument(s): "The remote server returned an error: (403) Forbidden."
[2026-06-03 16:00:40] Retry 3/8 for lit_planing_review_2024 after 30s: curl=22; web=Exception calling "DownloadFile" with "2" argument(s): "The remote server returned an error: (403) Forbidden."
[2026-06-03 16:01:14] Retry 4/8 for lit_planing_review_2024 after 60s: curl=22; web=Exception calling "DownloadFile" with "2" argument(s): "The remote server returned an error: (403) Forbidden."
[2026-06-03 16:02:20] Retry 5/8 for lit_planing_review_2024 after 90s: curl=35; web=Exception calling "DownloadFile" with "2" argument(s): "The underlying connection was closed: An unexpected error occurred on a send."
[2026-06-03 16:03:53] Retry 6/8 for lit_planing_review_2024 after 120s: curl=22; web=Exception calling "DownloadFile" with "2" argument(s): "The remote server returned an error: (403) Forbidden."
[2026-06-03 16:05:58] Retry 7/8 for lit_planing_review_2024 after 120s: curl=22; web=Exception calling "DownloadFile" with "2" argument(s): "The remote server returned an error: (403) Forbidden."
[2026-06-03 16:08:01] Retry 8/8 for lit_planing_review_2024 after 180s: curl=22; web=Exception calling "DownloadFile" with "2" argument(s): "The remote server returned an error: (403) Forbidden."
[2026-06-03 16:11:01] FAIL lit_planing_review_2024: curl=22; web=Exception calling "DownloadFile" with "2" argument(s): "The remote server returned an error: (403) Forbidden."
[2026-06-03 16:11:04] GET lit_fossen_2012: https://doi.org/10.1016/j.oceaneng.2012.09.012
[2026-06-03 16:11:12] GET lit_fossen_2012: https://folk.ntnu.no/thomas.fossen/pub/Fossen2012windwaves.pdf
[2026-06-03 16:11:17] Retry 1/8 for lit_fossen_2012 after 5s: curl=22; web=Exception calling "DownloadFile" with "2" argument(s): "The remote server returned an error: (404) Not Found."
[2026-06-03 16:11:25] Retry 2/8 for lit_fossen_2012 after 15s: curl=22; web=Exception calling "DownloadFile" with "2" argument(s): "The remote server returned an error: (404) Not Found."
[2026-06-03 16:11:45] Retry 3/8 for lit_fossen_2012 after 30s: curl=22; web=Exception calling "DownloadFile" with "2" argument(s): "The remote server returned an error: (404) Not Found."
[2026-06-03 16:12:20] Retry 4/8 for lit_fossen_2012 after 60s: curl=22; web=Exception calling "DownloadFile" with "2" argument(s): "The remote server returned an error: (404) Not Found."
[2026-06-03 16:13:25] Retry 5/8 for lit_fossen_2012 after 90s: curl=22; web=Exception calling "DownloadFile" with "2" argument(s): "The remote server returned an error: (404) Not Found."
[2026-06-03 16:14:58] Retry 6/8 for lit_fossen_2012 after 120s: curl=22; web=Exception calling "DownloadFile" with "2" argument(s): "The remote server returned an error: (404) Not Found."
[2026-06-03 16:17:36] Retry 7/8 for lit_fossen_2012 after 120s: curl=22; web=Exception calling "DownloadFile" with "2" argument(s): "The remote server returned an error: (404) Not Found."
[2026-06-03 16:19:39] Retry 8/8 for lit_fossen_2012 after 180s: curl=22; web=Exception calling "DownloadFile" with "2" argument(s): "The remote server returned an error: (404) Not Found."
[2026-06-03 16:22:39] GET lit_fossen_2012: https://folk.ntnu.no/thomas.fossen/pub/Fossen2012wind.pdf
[2026-06-03 16:22:49] Retry 1/8 for lit_fossen_2012 after 5s: curl=22; web=Exception calling "DownloadFile" with "2" argument(s): "The remote server returned an error: (404) Not Found."
[2026-06-03 16:22:59] Retry 2/8 for lit_fossen_2012 after 15s: curl=22; web=Exception calling "DownloadFile" with "2" argument(s): "The remote server returned an error: (404) Not Found."
[2026-06-03 16:23:18] Retry 3/8 for lit_fossen_2012 after 30s: curl=22; web=Exception calling "DownloadFile" with "2" argument(s): "The remote server returned an error: (404) Not Found."
[2026-06-03 16:23:54] Retry 4/8 for lit_fossen_2012 after 60s: curl=22; web=Exception calling "DownloadFile" with "2" argument(s): "The remote server returned an error: (404) Not Found."
[2026-06-03 16:24:59] Retry 5/8 for lit_fossen_2012 after 90s: curl=22; web=Exception calling "DownloadFile" with "2" argument(s): "The remote server returned an error: (404) Not Found."
[2026-06-03 16:26:33] Retry 6/8 for lit_fossen_2012 after 120s: curl=22; web=Exception calling "DownloadFile" with "2" argument(s): "The remote server returned an error: (404) Not Found."
[2026-06-03 16:28:41] Retry 7/8 for lit_fossen_2012 after 120s: curl=22; web=Exception calling "DownloadFile" with "2" argument(s): "The remote server returned an error: (404) Not Found."
[2026-06-03 16:30:45] Retry 8/8 for lit_fossen_2012 after 180s: curl=22; web=Exception calling "DownloadFile" with "2" argument(s): "The remote server returned an error: (404) Not Found."
[2026-06-03 16:33:45] GET lit_fossen_2012: https://www.researchgate.net/profile/Thor-Fossen/publication/257623456_How_to_incorporate_wind_waves_and_ocean_currents_in_the_marine_craft_equations_of_motion/links/0deec53c8c0c5e0e3c000000/How-to-incorporate-wind-waves-and-ocean-currents-in-the-marine-craft-equations-of-motion.pdf
[2026-06-03 16:33:47] Retry 1/8 for lit_fossen_2012 after 5s: curl=22; web=Exception calling "DownloadFile" with "2" argument(s): "An exception occurred during a WebClient request."
[2026-06-03 16:33:55] Retry 2/8 for lit_fossen_2012 after 15s: curl=22; web=Exception calling "DownloadFile" with "2" argument(s): "The remote server returned an error: (403) Forbidden."
[2026-06-03 16:34:13] Retry 3/8 for lit_fossen_2012 after 30s: curl=22; web=Exception calling "DownloadFile" with "2" argument(s): "The remote server returned an error: (403) Forbidden."
[2026-06-03 16:34:44] Retry 4/8 for lit_fossen_2012 after 60s: curl=22; web=Exception calling "DownloadFile" with "2" argument(s): "An exception occurred during a WebClient request."
[2026-06-03 16:36:20] Retry 5/8 for lit_fossen_2012 after 90s: curl=22; web=Exception calling "DownloadFile" with "2" argument(s): "The remote server returned an error: (403) Forbidden."
[2026-06-03 16:37:52] Retry 6/8 for lit_fossen_2012 after 120s: curl=22; web=Exception calling "DownloadFile" with "2" argument(s): "The remote server returned an error: (403) Forbidden."
[2026-06-03 16:39:55] Retry 7/8 for lit_fossen_2012 after 120s: curl=22; web=Exception calling "DownloadFile" with "2" argument(s): "The remote server returned an error: (403) Forbidden."
[2026-06-03 16:42:10] Retry 8/8 for lit_fossen_2012 after 180s: curl=22; web=Exception calling "DownloadFile" with "2" argument(s): "The remote server returned an error: (403) Forbidden."
[2026-06-03 16:45:10] FAIL lit_fossen_2012: curl=22; web=Exception calling "DownloadFile" with "2" argument(s): "The remote server returned an error: (403) Forbidden."
[2026-06-03 16:45:10] GET lit_molland_book: https://www.routledge.com/Maritime-Engineering-Ship-Design/Molland/p/book/9780750665275
[2026-06-03 16:45:34] Retry 1/8 for lit_molland_book after 5s: curl=22; web=Exception calling "DownloadFile" with "2" argument(s): "The request was aborted: The connection was closed unexpectedly."
[2026-06-03 16:46:12] Retry 2/8 for lit_molland_book after 15s: curl=22; web=Exception calling "DownloadFile" with "2" argument(s): "The request was aborted: The connection was closed unexpectedly."
[2026-06-03 16:46:34] Retry 3/8 for lit_molland_book after 30s: curl=22; web=Exception calling "DownloadFile" with "2" argument(s): "The request was aborted: The connection was closed unexpectedly."
[2026-06-03 16:47:49] Retry 4/8 for lit_molland_book after 60s: curl=22; web=Exception calling "DownloadFile" with "2" argument(s): "The request was aborted: The connection was closed unexpectedly."
[2026-06-03 16:49:02] Retry 5/8 for lit_molland_book after 90s: curl=22; web=Exception calling "DownloadFile" with "2" argument(s): "The request was aborted: The connection was closed unexpectedly."
[2026-06-03 16:50:40] Retry 6/8 for lit_molland_book after 120s: curl=22; web=Exception calling "DownloadFile" with "2" argument(s): "The request was aborted: The connection was closed unexpectedly."
[2026-06-03 16:52:44] Retry 7/8 for lit_molland_book after 120s: curl=35; web=Exception calling "DownloadFile" with "2" argument(s): "The request was aborted: The connection was closed unexpectedly."
[2026-06-03 16:54:48] Retry 8/8 for lit_molland_book after 180s: curl=22; web=Exception calling "DownloadFile" with "2" argument(s): "The request was aborted: The connection was closed unexpectedly."
[2026-06-03 16:57:48] FAIL lit_molland_book: curl=22; web=Exception calling "DownloadFile" with "2" argument(s): "The request was aborted: The connection was closed unexpectedly."
[2026-06-03 16:57:48] SKIP git ok: code_pdstrip
[2026-06-03 16:57:48] SKIP git ok: code_hams
[2026-06-03 16:57:48] SKIP git ok: code_bemrosetta
[2026-06-03 16:57:48] SKIP git ok: code_ow3d
[2026-06-03 16:57:48] SKIP git ok: code_openplaning
[2026-06-03 16:57:48] SKIP git ok: code_binder_openplaning
[2026-06-03 16:57:48] SKIP git ok: code_mmgdynamics
[2026-06-03 16:57:48] SKIP git ok: code_shipmmg
[2026-06-03 16:57:48] SKIP git ok: code_nemoh
[2026-06-03 16:57:48] SKIP git ok: code_capytaine
[2026-06-03 16:57:48] SKIP git ok: code_mss_tools
[2026-06-03 16:57:49] SKIP git ok: code_python_vehicle
[2026-06-03 16:57:49] SKIP ok: data_kcs_index
[2026-06-03 16:57:49] SKIP ok: data_kcs_hull_zip
[2026-06-03 16:57:49] SKIP ok: data_kcs_rudder_zip
[2026-06-03 16:57:49] SKIP ok: data_kcs_prop_zip
[2026-06-03 16:57:49] SKIP ok: data_kcs_case211_zip
[2026-06-03 16:57:49] SKIP ok: data_delft372_report
[2026-06-03 16:57:49] GET data_delft372_strath: https://strathprints.strath.ac.uk/82218/1/Duman_Bal_OE_2022_Turn_and_zigzag_manoeuvres_of_Delft_catamaran_372_using_CFD_based_system_simulation_method.pdf
[2026-06-03 16:57:55] Retry 1/8 for data_delft372_strath after 5s: curl=35; web=Exception calling "DownloadFile" with "2" argument(s): "The remote server returned an error: (404) Not Found."
[2026-06-03 16:58:06] Retry 2/8 for data_delft372_strath after 15s: curl=22; web=Exception calling "DownloadFile" with "2" argument(s): "The remote server returned an error: (404) Not Found."
[2026-06-03 16:58:26] Retry 3/8 for data_delft372_strath after 30s: curl=22; web=Exception calling "DownloadFile" with "2" argument(s): "The remote server returned an error: (404) Not Found."
[2026-06-03 16:59:44] Retry 4/8 for data_delft372_strath after 60s: curl=22; web=Exception calling "DownloadFile" with "2" argument(s): "The remote server returned an error: (404) Not Found."
[2026-06-03 17:01:12] Retry 5/8 for data_delft372_strath after 90s: curl=22; web=Exception calling "DownloadFile" with "2" argument(s): "The remote server returned an error: (404) Not Found."
[2026-06-03 17:02:46] Retry 6/8 for data_delft372_strath after 120s: curl=22; web=Exception calling "DownloadFile" with "2" argument(s): "The remote server returned an error: (404) Not Found."
[2026-06-03 17:04:52] Retry 7/8 for data_delft372_strath after 120s: curl=22; web=Exception calling "DownloadFile" with "2" argument(s): "The remote server returned an error: (404) Not Found."
[2026-06-03 17:06:58] Retry 8/8 for data_delft372_strath after 180s: curl=22; web=Exception calling "DownloadFile" with "2" argument(s): "The remote server returned an error: (404) Not Found."
[2026-06-03 17:09:58] FAIL data_delft372_strath: curl=22; web=Exception calling "DownloadFile" with "2" argument(s): "The remote server returned an error: (404) Not Found."
[2026-06-03 17:10:39] SKIP ok: fossen_mss_index
[2026-06-03 17:10:39] SKIP ok: fossen_pvs
[2026-06-03 17:10:39] SUMMARY ok=29 paywall=8 failed=4 pending=3
SUMMARY ok=29 paywall=8 failed=4 pending=3
Retry 7 items in 60s...
=== Round 19 / 20 ===
[2026-06-03 17:11:40] === download_all.ps1 start (early_stage_materials) ===
[2026-06-03 17:11:40] SKIP ok: lit_stf_1970
[2026-06-03 17:11:40] SKIP ok: lit_faltinsen_sea_loads
[2026-06-03 17:11:40] SKIP ok: lit_faltinsen_hsmv_preview
[2026-06-03 17:11:44] GET lit_ma_2005: https://doi.org/10.1016/j.oceaneng.2004.08.012
[2026-06-03 17:11:50] FAIL lit_ma_2005: 
[2026-06-03 17:11:51] GET lit_arribas_2006: https://doi.org/10.1016/j.oceaneng.2005.09.008
[2026-06-03 17:11:54] FAIL lit_arribas_2006: 
[2026-06-03 17:11:54] GET lit_kring_1994: https://dspace.mit.edu/bitstream/handle/1721.1/11939/31384162-MIT.pdf?sequence=2&isAllowed=y
[2026-06-03 17:11:58] Retry 1/8 for lit_kring_1994 after 5s: curl=22; web=Exception calling "DownloadFile" with "2" argument(s): "The remote server returned an error: (404) Not Found."
[2026-06-03 17:12:06] Retry 2/8 for lit_kring_1994 after 15s: curl=22; web=Exception calling "DownloadFile" with "2" argument(s): "The remote server returned an error: (404) Not Found."
[2026-06-03 17:12:58] Retry 3/8 for lit_kring_1994 after 30s: curl=22; web=Exception calling "DownloadFile" with "2" argument(s): "The remote server returned an error: (404) Not Found."
[2026-06-03 17:13:32] Retry 4/8 for lit_kring_1994 after 60s: curl=22; web=Exception calling "DownloadFile" with "2" argument(s): "The remote server returned an error: (404) Not Found."
[2026-06-03 17:14:39] Retry 5/8 for lit_kring_1994 after 90s: curl=22; web=Exception calling "DownloadFile" with "2" argument(s): "The remote server returned an error: (404) Not Found."
[2026-06-03 17:16:14] Retry 6/8 for lit_kring_1994 after 120s: curl=22; web=Exception calling "DownloadFile" with "2" argument(s): "The remote server returned an error: (404) Not Found."
[2026-06-03 17:18:19] Retry 7/8 for lit_kring_1994 after 120s: curl=22; web=Exception calling "DownloadFile" with "2" argument(s): "The remote server returned an error: (404) Not Found."
[2026-06-03 17:20:23] Retry 8/8 for lit_kring_1994 after 180s: curl=22; web=Exception calling "DownloadFile" with "2" argument(s): "The remote server returned an error: (404) Not Found."
[2026-06-03 17:23:23] GET lit_kring_1994: https://web.archive.org/web/2020/https://dspace.mit.edu/bitstream/handle/1721.1/11939/31384162-MIT.pdf?sequence=2&isAllowed=y
[2026-06-03 17:23:31] Retry 1/8 for lit_kring_1994 after 5s: curl=22; web=Exception calling "DownloadFile" with "2" argument(s): "The request was aborted: The connection was closed unexpectedly."
[2026-06-03 17:23:40] Retry 2/8 for lit_kring_1994 after 15s: curl=22; web=Exception calling "DownloadFile" with "2" argument(s): "The request was aborted: The connection was closed unexpectedly."
[2026-06-03 17:23:58] Retry 3/8 for lit_kring_1994 after 30s: curl=22; web=Exception calling "DownloadFile" with "2" argument(s): "The request was aborted: The connection was closed unexpectedly."
[2026-06-03 17:24:33] Retry 4/8 for lit_kring_1994 after 60s: curl=22; web=Exception calling "DownloadFile" with "2" argument(s): "The request was aborted: The connection was closed unexpectedly."
[2026-06-03 17:26:01] Retry 5/8 for lit_kring_1994 after 90s: curl=22; web=Exception calling "DownloadFile" with "2" argument(s): "The request was aborted: The connection was closed unexpectedly."
[2026-06-03 17:27:36] Retry 6/8 for lit_kring_1994 after 120s: curl=22; web=Exception calling "DownloadFile" with "2" argument(s): "The request was aborted: The connection was closed unexpectedly."
[2026-06-03 17:29:41] Retry 7/8 for lit_kring_1994 after 120s: curl=22; web=Exception calling "DownloadFile" with "2" argument(s): "The request was aborted: The connection was closed unexpectedly."
[2026-06-03 17:32:01] Retry 8/8 for lit_kring_1994 after 180s: curl=22; web=Exception calling "DownloadFile" with "2" argument(s): "The request was aborted: The connection was closed unexpectedly."
[2026-06-03 17:35:01] GET lit_kring_1994: https://core.ac.uk/download/pdf/48633506.pdf
[2026-06-03 17:35:41] Retry 1/8 for lit_kring_1994 after 5s: curl=22; web=Exception calling "DownloadFile" with "2" argument(s): "The remote server returned an error: (404) Not Found."
[2026-06-03 17:35:50] Retry 2/8 for lit_kring_1994 after 15s: curl=22; web=Exception calling "DownloadFile" with "2" argument(s): "The remote server returned an error: (404) Not Found."
[2026-06-03 17:36:13] Retry 3/8 for lit_kring_1994 after 30s: curl=22; web=Exception calling "DownloadFile" with "2" argument(s): "The remote server returned an error: (404) Not Found."
[2026-06-03 17:36:48] Retry 4/8 for lit_kring_1994 after 60s: curl=22; web=Exception calling "DownloadFile" with "2" argument(s): "The remote server returned an error: (404) Not Found."
[2026-06-03 17:37:53] Retry 5/8 for lit_kring_1994 after 90s: curl=22; web=Exception calling "DownloadFile" with "2" argument(s): "The remote server returned an error: (404) Not Found."
[2026-06-03 17:39:29] Retry 6/8 for lit_kring_1994 after 120s: curl=22; web=Exception calling "DownloadFile" with "2" argument(s): "The remote server returned an error: (404) Not Found."
[2026-06-03 17:41:37] Retry 7/8 for lit_kring_1994 after 120s: curl=22; web=Exception calling "DownloadFile" with "2" argument(s): "The remote server returned an error: (404) Not Found."
[2026-06-03 17:43:44] Retry 8/8 for lit_kring_1994 after 180s: curl=22; web=Exception calling "DownloadFile" with "2" argument(s): "The remote server returned an error: (404) Not Found."
[2026-06-03 17:46:44] GET lit_kring_1994: http://hdl.handle.net/1721.1/11939
[2026-06-03 17:47:00] Retry 1/8 for lit_kring_1994 after 5s: curl=22; web=Exception calling "DownloadFile" with "2" argument(s): "The remote server returned an error: (500) Internal Server Error."
[2026-06-03 17:47:23] Retry 2/8 for lit_kring_1994 after 15s: curl=22; web=Exception calling "DownloadFile" with "2" argument(s): "The remote server returned an error: (500) Internal Server Error."
[2026-06-03 17:47:52] Retry 3/8 for lit_kring_1994 after 30s: curl=22; web=Exception calling "DownloadFile" with "2" argument(s): "An exception occurred during a WebClient request."
[2026-06-03 17:48:37] Retry 4/8 for lit_kring_1994 after 60s: curl=22; web=Exception calling "DownloadFile" with "2" argument(s): "The remote server returned an error: (500) Internal Server Error."
[2026-06-03 17:49:55] Retry 5/8 for lit_kring_1994 after 90s: curl=22; web=Exception calling "DownloadFile" with "2" argument(s): "The remote server returned an error: (500) Internal Server Error."
[2026-06-03 17:51:42] Retry 6/8 for lit_kring_1994 after 120s: curl=52; web=Exception calling "DownloadFile" with "2" argument(s): "The remote server returned an error: (500) Internal Server Error."
[2026-06-03 17:53:59] Retry 7/8 for lit_kring_1994 after 120s: curl=22; web=Exception calling "DownloadFile" with "2" argument(s): "The remote server returned an error: (500) Internal Server Error."
[2026-06-03 17:56:15] Retry 8/8 for lit_kring_1994 after 180s: curl=22; web=Exception calling "DownloadFile" with "2" argument(s): "The remote server returned an error: (503) Server Unavailable."
[2026-06-03 17:59:15] FAIL lit_kring_1994: curl=22; web=Exception calling "DownloadFile" with "2" argument(s): "The remote server returned an error: (503) Server Unavailable."
[2026-06-03 17:59:18] GET lit_donatini_2022: https://doi.org/10.1016/j.oceaneng.2022.112222
[2026-06-03 17:59:23] FAIL lit_donatini_2022: 
[2026-06-03 17:59:23] SKIP ok: lit_bailey_npl
[2026-06-03 17:59:23] SKIP ok: lit_mercier_savitsky_1973
[2026-06-03 17:59:23] GET lit_compton_1986: https://onepetro.org/mtsn/article-pdf/23/04/345/2199243/sname-mtsn-1986-23-4-345.pdf
[2026-06-03 17:59:26] Retry 1/8 for lit_compton_1986 after 5s: curl=22; web=Exception calling "DownloadFile" with "2" argument(s): "The remote server returned an error: (403) Forbidden."
[2026-06-03 17:59:33] Retry 2/8 for lit_compton_1986 after 15s: curl=22; web=Exception calling "DownloadFile" with "2" argument(s): "The remote server returned an error: (403) Forbidden."
[2026-06-03 17:59:53] Retry 3/8 for lit_compton_1986 after 30s: curl=35; web=Exception calling "DownloadFile" with "2" argument(s): "The remote server returned an error: (403) Forbidden."
[2026-06-03 18:00:26] Retry 4/8 for lit_compton_1986 after 60s: curl=22; web=Exception calling "DownloadFile" with "2" argument(s): "The remote server returned an error: (403) Forbidden."
[2026-06-03 18:01:28] Retry 5/8 for lit_compton_1986 after 90s: curl=22; web=Exception calling "DownloadFile" with "2" argument(s): "The remote server returned an error: (403) Forbidden."
[2026-06-03 18:03:00] Retry 6/8 for lit_compton_1986 after 120s: curl=22; web=Exception calling "DownloadFile" with "2" argument(s): "The remote server returned an error: (403) Forbidden."
[2026-06-03 18:05:03] Retry 7/8 for lit_compton_1986 after 120s: curl=22; web=Exception calling "DownloadFile" with "2" argument(s): "The remote server returned an error: (403) Forbidden."
[2026-06-03 18:07:05] Retry 8/8 for lit_compton_1986 after 180s: curl=22; web=Exception calling "DownloadFile" with "2" argument(s): "The remote server returned an error: (403) Forbidden."
[2026-06-03 18:10:05] GET lit_compton_1986: https://web.archive.org/web/2019/https://onepetro.org/mtsn/article-pdf/23/04/345/2199243/sname-mtsn-1986-23-4-345.pdf
[2026-06-03 18:10:12] FAIL lit_compton_1986: 
[2026-06-03 18:10:12] GET lit_savitsky_preplaning: https://doi.org/10.1063/1.5143123
[2026-06-03 18:10:16] Retry 1/8 for lit_savitsky_preplaning after 5s: curl=22; web=Exception calling "DownloadFile" with "2" argument(s): "The remote server returned an error: (404) Not Found."
[2026-06-03 18:10:23] Retry 2/8 for lit_savitsky_preplaning after 15s: curl=22; web=Exception calling "DownloadFile" with "2" argument(s): "The remote server returned an error: (404) Not Found."
[2026-06-03 18:10:40] Retry 3/8 for lit_savitsky_preplaning after 30s: curl=22; web=Exception calling "DownloadFile" with "2" argument(s): "The remote server returned an error: (404) Not Found."
[2026-06-03 18:11:12] Retry 4/8 for lit_savitsky_preplaning after 60s: curl=22; web=Exception calling "DownloadFile" with "2" argument(s): "The remote server returned an error: (404) Not Found."
[2026-06-03 18:12:14] Retry 5/8 for lit_savitsky_preplaning after 90s: curl=22; web=Exception calling "DownloadFile" with "2" argument(s): "The remote server returned an error: (404) Not Found."
[2026-06-03 18:13:46] Retry 6/8 for lit_savitsky_preplaning after 120s: curl=22; web=Exception calling "DownloadFile" with "2" argument(s): "The remote server returned an error: (404) Not Found."
[2026-06-03 18:15:50] Retry 7/8 for lit_savitsky_preplaning after 120s: curl=22; web=Exception calling "DownloadFile" with "2" argument(s): "The remote server returned an error: (404) Not Found."
[2026-06-03 18:17:53] Retry 8/8 for lit_savitsky_preplaning after 180s: curl=22; web=Exception calling "DownloadFile" with "2" argument(s): "The remote server returned an error: (404) Not Found."
[2026-06-03 18:20:53] FAIL lit_savitsky_preplaning: curl=22; web=Exception calling "DownloadFile" with "2" argument(s): "The remote server returned an error: (404) Not Found."
[2026-06-03 18:20:55] GET lit_savitsky_1964: https://onepetro.org/MTSN/article/1/04/71/172383/Hydrodynamic-Design-of-Planing-Hulls
[2026-06-03 18:20:58] Retry 1/8 for lit_savitsky_1964 after 5s: curl=22; web=Exception calling "DownloadFile" with "2" argument(s): "The remote server returned an error: (403) Forbidden."
[2026-06-03 18:21:06] Retry 2/8 for lit_savitsky_1964 after 15s: curl=22; web=Exception calling "DownloadFile" with "2" argument(s): "The remote server returned an error: (403) Forbidden."
[2026-06-03 18:21:24] Retry 3/8 for lit_savitsky_1964 after 30s: curl=22; web=Exception calling "DownloadFile" with "2" argument(s): "The remote server returned an error: (403) Forbidden."
[2026-06-03 18:21:57] Retry 4/8 for lit_savitsky_1964 after 60s: curl=22; web=Exception calling "DownloadFile" with "2" argument(s): "The remote server returned an error: (403) Forbidden."
[2026-06-03 18:22:59] Retry 5/8 for lit_savitsky_1964 after 90s: curl=22; web=Exception calling "DownloadFile" with "2" argument(s): "The remote server returned an error: (403) Forbidden."
[2026-06-03 18:24:32] Retry 6/8 for lit_savitsky_1964 after 120s: curl=22; web=Exception calling "DownloadFile" with "2" argument(s): "The remote server returned an error: (403) Forbidden."
[2026-06-03 18:26:34] Retry 7/8 for lit_savitsky_1964 after 120s: curl=22; web=Exception calling "DownloadFile" with "2" argument(s): "The remote server returned an error: (403) Forbidden."
[2026-06-03 18:28:36] Retry 8/8 for lit_savitsky_1964 after 180s: curl=22; web=Exception calling "DownloadFile" with "2" argument(s): "The remote server returned an error: (403) Forbidden."
[2026-06-03 18:31:37] GET lit_savitsky_1964: https://web.archive.org/web/2020/https://onepetro.org/MTSN/article/1/04/71/172383/Hydrodynamic-Design-of-Planing-Hulls
[2026-06-03 18:31:42] SKIP ok: lit_fridsma
[2026-06-03 18:31:42] SKIP ok: lit_savitsky_brown_1976
[2026-06-03 18:31:42] SKIP ok: lit_zhao_water_entry
[2026-06-03 18:31:44] GET lit_sun_faltinsen_2010: https://doi.org/10.2514/1.44717
[2026-06-03 18:31:47] Retry 1/8 for lit_sun_faltinsen_2010 after 5s: curl=22; web=Exception calling "DownloadFile" with "2" argument(s): "The remote server returned an error: (404) Not Found."
[2026-06-03 18:31:54] Retry 2/8 for lit_sun_faltinsen_2010 after 15s: curl=22; web=Exception calling "DownloadFile" with "2" argument(s): "The remote server returned an error: (404) Not Found."
[2026-06-03 18:32:11] Retry 3/8 for lit_sun_faltinsen_2010 after 30s: curl=22; web=Exception calling "DownloadFile" with "2" argument(s): "The remote server returned an error: (404) Not Found."
[2026-06-03 18:32:42] Retry 4/8 for lit_sun_faltinsen_2010 after 60s: curl=22; web=Exception calling "DownloadFile" with "2" argument(s): "The remote server returned an error: (404) Not Found."
[2026-06-03 18:33:45] Retry 5/8 for lit_sun_faltinsen_2010 after 90s: curl=22; web=Exception calling "DownloadFile" with "2" argument(s): "The remote server returned an error: (404) Not Found."
[2026-06-03 18:35:17] Retry 6/8 for lit_sun_faltinsen_2010 after 120s: curl=22; web=Exception calling "DownloadFile" with "2" argument(s): "The remote server returned an error: (404) Not Found."
[2026-06-03 18:37:19] Retry 7/8 for lit_sun_faltinsen_2010 after 120s: curl=22; web=Exception calling "DownloadFile" with "2" argument(s): "The remote server returned an error: (404) Not Found."
[2026-06-03 18:39:23] Retry 8/8 for lit_sun_faltinsen_2010 after 180s: curl=22; web=Exception calling "DownloadFile" with "2" argument(s): "The remote server returned an error: (404) Not Found."
[2026-06-03 18:42:23] FAIL lit_sun_faltinsen_2010: curl=22; web=Exception calling "DownloadFile" with "2" argument(s): "The remote server returned an error: (404) Not Found."
[2026-06-03 18:42:26] GET lit_planing_review_2024: https://doi.org/10.1016/j.oceaneng.2024.114383
[2026-06-03 18:42:28] Retry 1/8 for lit_planing_review_2024 after 5s: curl=22; web=Exception calling "DownloadFile" with "2" argument(s): "The remote server returned an error: (404) Not Found."
[2026-06-03 18:42:35] Retry 2/8 for lit_planing_review_2024 after 15s: curl=22; web=Exception calling "DownloadFile" with "2" argument(s): "The remote server returned an error: (404) Not Found."
[2026-06-03 18:42:52] Retry 3/8 for lit_planing_review_2024 after 30s: curl=22; web=Exception calling "DownloadFile" with "2" argument(s): "The remote server returned an error: (404) Not Found."
[2026-06-03 18:43:23] Retry 4/8 for lit_planing_review_2024 after 60s: curl=22; web=Exception calling "DownloadFile" with "2" argument(s): "The remote server returned an error: (404) Not Found."
[2026-06-03 18:44:26] Retry 5/8 for lit_planing_review_2024 after 90s: curl=22; web=Exception calling "DownloadFile" with "2" argument(s): "The remote server returned an error: (404) Not Found."
[2026-06-03 18:45:58] Retry 6/8 for lit_planing_review_2024 after 120s: curl=22; web=Exception calling "DownloadFile" with "2" argument(s): "The remote server returned an error: (404) Not Found."
[2026-06-03 18:48:02] Retry 7/8 for lit_planing_review_2024 after 120s: curl=22; web=Exception calling "DownloadFile" with "2" argument(s): "The remote server returned an error: (404) Not Found."
[2026-06-03 18:50:06] Retry 8/8 for lit_planing_review_2024 after 180s: curl=22; web=Exception calling "DownloadFile" with "2" argument(s): "The remote server returned an error: (404) Not Found."
[2026-06-03 18:53:06] GET lit_planing_review_2024: https://www.sciencedirect.com/science/article/pii/S0029801824003834
[2026-06-03 18:53:10] Retry 1/8 for lit_planing_review_2024 after 5s: curl=22; web=Exception calling "DownloadFile" with "2" argument(s): "The remote server returned an error: (403) Forbidden."
[2026-06-03 18:53:17] Retry 2/8 for lit_planing_review_2024 after 15s: curl=22; web=Exception calling "DownloadFile" with "2" argument(s): "The remote server returned an error: (403) Forbidden."
[2026-06-03 18:53:35] Retry 3/8 for lit_planing_review_2024 after 30s: curl=22; web=Exception calling "DownloadFile" with "2" argument(s): "The remote server returned an error: (403) Forbidden."
[2026-06-03 18:54:07] Retry 4/8 for lit_planing_review_2024 after 60s: curl=22; web=Exception calling "DownloadFile" with "2" argument(s): "The remote server returned an error: (403) Forbidden."
[2026-06-03 18:55:10] Retry 5/8 for lit_planing_review_2024 after 90s: curl=22; web=Exception calling "DownloadFile" with "2" argument(s): "The remote server returned an error: (403) Forbidden."
[2026-06-03 18:56:43] Retry 6/8 for lit_planing_review_2024 after 120s: curl=22; web=Exception calling "DownloadFile" with "2" argument(s): "The remote server returned an error: (403) Forbidden."
[2026-06-03 18:58:46] Retry 7/8 for lit_planing_review_2024 after 120s: curl=22; web=Exception calling "DownloadFile" with "2" argument(s): "The remote server returned an error: (403) Forbidden."
[2026-06-03 19:00:49] Retry 8/8 for lit_planing_review_2024 after 180s: curl=22; web=Exception calling "DownloadFile" with "2" argument(s): "The remote server returned an error: (403) Forbidden."
[2026-06-03 19:03:49] FAIL lit_planing_review_2024: curl=22; web=Exception calling "DownloadFile" with "2" argument(s): "The remote server returned an error: (403) Forbidden."
[2026-06-03 19:03:51] GET lit_fossen_2012: https://doi.org/10.1016/j.oceaneng.2012.09.012
[2026-06-03 19:03:56] GET lit_fossen_2012: https://folk.ntnu.no/thomas.fossen/pub/Fossen2012windwaves.pdf
[2026-06-03 19:04:01] Retry 1/8 for lit_fossen_2012 after 5s: curl=22; web=Exception calling "DownloadFile" with "2" argument(s): "The remote server returned an error: (404) Not Found."
[2026-06-03 19:04:10] Retry 2/8 for lit_fossen_2012 after 15s: curl=22; web=Exception calling "DownloadFile" with "2" argument(s): "The remote server returned an error: (404) Not Found."
[2026-06-03 19:04:28] Retry 3/8 for lit_fossen_2012 after 30s: curl=22; web=Exception calling "DownloadFile" with "2" argument(s): "The remote server returned an error: (404) Not Found."
[2026-06-03 19:05:03] Retry 4/8 for lit_fossen_2012 after 60s: curl=22; web=Exception calling "DownloadFile" with "2" argument(s): "The remote server returned an error: (404) Not Found."
[2026-06-03 19:06:07] Retry 5/8 for lit_fossen_2012 after 90s: curl=22; web=Exception calling "DownloadFile" with "2" argument(s): "The remote server returned an error: (404) Not Found."
[2026-06-03 19:07:41] Retry 6/8 for lit_fossen_2012 after 120s: curl=22; web=Exception calling "DownloadFile" with "2" argument(s): "The remote server returned an error: (404) Not Found."
[2026-06-03 19:09:45] Retry 7/8 for lit_fossen_2012 after 120s: curl=22; web=Exception calling "DownloadFile" with "2" argument(s): "The remote server returned an error: (404) Not Found."
[2026-06-03 19:11:51] Retry 8/8 for lit_fossen_2012 after 180s: curl=22; web=Exception calling "DownloadFile" with "2" argument(s): "The remote server returned an error: (404) Not Found."
[2026-06-03 19:14:51] GET lit_fossen_2012: https://folk.ntnu.no/thomas.fossen/pub/Fossen2012wind.pdf
[2026-06-03 19:14:56] Retry 1/8 for lit_fossen_2012 after 5s: curl=22; web=Exception calling "DownloadFile" with "2" argument(s): "The remote server returned an error: (404) Not Found."
[2026-06-03 19:15:06] Retry 2/8 for lit_fossen_2012 after 15s: curl=22; web=Exception calling "DownloadFile" with "2" argument(s): "The remote server returned an error: (404) Not Found."
[2026-06-03 19:15:24] Retry 3/8 for lit_fossen_2012 after 30s: curl=22; web=Exception calling "DownloadFile" with "2" argument(s): "The remote server returned an error: (404) Not Found."
[2026-06-03 19:15:58] Retry 4/8 for lit_fossen_2012 after 60s: curl=22; web=Exception calling "DownloadFile" with "2" argument(s): "The remote server returned an error: (404) Not Found."
[2026-06-03 19:17:02] Retry 5/8 for lit_fossen_2012 after 90s: curl=22; web=Exception calling "DownloadFile" with "2" argument(s): "The remote server returned an error: (404) Not Found."
[2026-06-03 19:18:35] Retry 6/8 for lit_fossen_2012 after 120s: curl=22; web=Exception calling "DownloadFile" with "2" argument(s): "The remote server returned an error: (404) Not Found."
[2026-06-03 19:20:39] Retry 7/8 for lit_fossen_2012 after 120s: curl=35; web=Exception calling "DownloadFile" with "2" argument(s): "The remote server returned an error: (404) Not Found."
[2026-06-03 19:22:43] Retry 8/8 for lit_fossen_2012 after 180s: curl=22; web=Exception calling "DownloadFile" with "2" argument(s): "The remote server returned an error: (404) Not Found."
[2026-06-03 19:25:43] GET lit_fossen_2012: https://www.researchgate.net/profile/Thor-Fossen/publication/257623456_How_to_incorporate_wind_waves_and_ocean_currents_in_the_marine_craft_equations_of_motion/links/0deec53c8c0c5e0e3c000000/How-to-incorporate-wind-waves-and-ocean-currents-in-the-marine-craft-equations-of-motion.pdf
[2026-06-03 19:25:47] Retry 1/8 for lit_fossen_2012 after 5s: curl=22; web=Exception calling "DownloadFile" with "2" argument(s): "The remote server returned an error: (403) Forbidden."
[2026-06-03 19:25:54] Retry 2/8 for lit_fossen_2012 after 15s: curl=22; web=Exception calling "DownloadFile" with "2" argument(s): "The remote server returned an error: (403) Forbidden."
[2026-06-03 19:26:12] Retry 3/8 for lit_fossen_2012 after 30s: curl=22; web=Exception calling "DownloadFile" with "2" argument(s): "The remote server returned an error: (403) Forbidden."
[2026-06-03 19:26:44] Retry 4/8 for lit_fossen_2012 after 60s: curl=22; web=Exception calling "DownloadFile" with "2" argument(s): "The remote server returned an error: (403) Forbidden."
[2026-06-03 19:27:45] Retry 5/8 for lit_fossen_2012 after 90s: curl=22; web=Exception calling "DownloadFile" with "2" argument(s): "An exception occurred during a WebClient request."
[2026-06-03 19:29:18] Retry 6/8 for lit_fossen_2012 after 120s: curl=22; web=Exception calling "DownloadFile" with "2" argument(s): "The remote server returned an error: (403) Forbidden."
[2026-06-03 19:31:21] Retry 7/8 for lit_fossen_2012 after 120s: curl=22; web=Exception calling "DownloadFile" with "2" argument(s): "The remote server returned an error: (403) Forbidden."
[2026-06-03 19:33:24] Retry 8/8 for lit_fossen_2012 after 180s: curl=22; web=Exception calling "DownloadFile" with "2" argument(s): "The remote server returned an error: (403) Forbidden."
[2026-06-03 19:36:24] FAIL lit_fossen_2012: curl=22; web=Exception calling "DownloadFile" with "2" argument(s): "The remote server returned an error: (403) Forbidden."
[2026-06-03 19:36:24] GET lit_molland_book: https://www.routledge.com/Maritime-Engineering-Ship-Design/Molland/p/book/9780750665275
[2026-06-03 19:36:31] Retry 1/8 for lit_molland_book after 5s: curl=22; web=Exception calling "DownloadFile" with "2" argument(s): "The request was aborted: The connection was closed unexpectedly."
[2026-06-03 19:36:40] Retry 2/8 for lit_molland_book after 15s: curl=22; web=Exception calling "DownloadFile" with "2" argument(s): "The request was aborted: The connection was closed unexpectedly."
[2026-06-03 19:36:59] Retry 3/8 for lit_molland_book after 30s: curl=22; web=Exception calling "DownloadFile" with "2" argument(s): "The request was aborted: The connection was closed unexpectedly."
[2026-06-03 19:37:33] Retry 4/8 for lit_molland_book after 60s: curl=22; web=Exception calling "DownloadFile" with "2" argument(s): "The request was aborted: The connection was closed unexpectedly."
[2026-06-03 19:38:38] Retry 5/8 for lit_molland_book after 90s: curl=22; web=Exception calling "DownloadFile" with "2" argument(s): "The request was aborted: The connection was closed unexpectedly."
[2026-06-03 19:40:13] Retry 6/8 for lit_molland_book after 120s: curl=22; web=Exception calling "DownloadFile" with "2" argument(s): "The request was aborted: The connection was closed unexpectedly."
[2026-06-03 19:42:18] Retry 7/8 for lit_molland_book after 120s: curl=22; web=Exception calling "DownloadFile" with "2" argument(s): "The request was aborted: The connection was closed unexpectedly."
[2026-06-03 19:44:22] Retry 8/8 for lit_molland_book after 180s: curl=22; web=Exception calling "DownloadFile" with "2" argument(s): "The request was aborted: The connection was closed unexpectedly."
[2026-06-03 19:47:22] FAIL lit_molland_book: curl=22; web=Exception calling "DownloadFile" with "2" argument(s): "The request was aborted: The connection was closed unexpectedly."
[2026-06-03 19:47:22] SKIP git ok: code_pdstrip
[2026-06-03 19:47:22] SKIP git ok: code_hams
[2026-06-03 19:47:22] SKIP git ok: code_bemrosetta
[2026-06-03 19:47:22] SKIP git ok: code_ow3d
[2026-06-03 19:47:22] SKIP git ok: code_openplaning
[2026-06-03 19:47:22] SKIP git ok: code_binder_openplaning
[2026-06-03 19:47:22] SKIP git ok: code_mmgdynamics
[2026-06-03 19:47:22] SKIP git ok: code_shipmmg
[2026-06-03 19:47:22] SKIP git ok: code_nemoh
[2026-06-03 19:47:22] SKIP git ok: code_capytaine
[2026-06-03 19:47:22] SKIP git ok: code_mss_tools
[2026-06-03 19:47:23] SKIP git ok: code_python_vehicle
[2026-06-03 19:47:23] SKIP ok: data_kcs_index
[2026-06-03 19:47:23] SKIP ok: data_kcs_hull_zip
[2026-06-03 19:47:23] SKIP ok: data_kcs_rudder_zip
[2026-06-03 19:47:23] SKIP ok: data_kcs_prop_zip
[2026-06-03 19:47:23] SKIP ok: data_kcs_case211_zip
[2026-06-03 19:47:23] SKIP ok: data_delft372_report
[2026-06-03 19:47:23] GET data_delft372_strath: https://strathprints.strath.ac.uk/82218/1/Duman_Bal_OE_2022_Turn_and_zigzag_manoeuvres_of_Delft_catamaran_372_using_CFD_based_system_simulation_method.pdf
[2026-06-03 19:47:26] Retry 1/8 for data_delft372_strath after 5s: curl=22; web=Exception calling "DownloadFile" with "2" argument(s): "The remote server returned an error: (404) Not Found."
[2026-06-03 19:47:36] Retry 2/8 for data_delft372_strath after 15s: curl=22; web=Exception calling "DownloadFile" with "2" argument(s): "The remote server returned an error: (404) Not Found."
[2026-06-03 19:47:56] Retry 3/8 for data_delft372_strath after 30s: curl=22; web=Exception calling "DownloadFile" with "2" argument(s): "The remote server returned an error: (404) Not Found."
[2026-06-03 19:48:30] Retry 4/8 for data_delft372_strath after 60s: curl=22; web=Exception calling "DownloadFile" with "2" argument(s): "The remote server returned an error: (404) Not Found."
[2026-06-03 19:49:33] Retry 5/8 for data_delft372_strath after 90s: curl=22; web=Exception calling "DownloadFile" with "2" argument(s): "The remote server returned an error: (404) Not Found."
[2026-06-03 19:51:07] Retry 6/8 for data_delft372_strath after 120s: curl=22; web=Exception calling "DownloadFile" with "2" argument(s): "The remote server returned an error: (404) Not Found."
[2026-06-03 19:53:10] Retry 7/8 for data_delft372_strath after 120s: curl=22; web=Exception calling "DownloadFile" with "2" argument(s): "The remote server returned an error: (404) Not Found."
[2026-06-03 19:55:16] Retry 8/8 for data_delft372_strath after 180s: curl=22; web=Exception calling "DownloadFile" with "2" argument(s): "The remote server returned an error: (404) Not Found."
[2026-06-03 19:58:16] FAIL data_delft372_strath: curl=22; web=Exception calling "DownloadFile" with "2" argument(s): "The remote server returned an error: (404) Not Found."
[2026-06-03 19:59:03] SKIP ok: fossen_mss_index
[2026-06-03 19:59:03] SKIP ok: fossen_pvs
[2026-06-03 19:59:03] SUMMARY ok=29 paywall=8 failed=4 pending=0
SUMMARY ok=29 paywall=8 failed=4 pending=0
Retry 4 items in 60s...
=== Round 20 / 20 ===
[2026-06-03 20:00:04] === download_all.ps1 start (early_stage_materials) ===
[2026-06-03 20:00:04] SKIP ok: lit_stf_1970
[2026-06-03 20:00:04] SKIP ok: lit_faltinsen_sea_loads
[2026-06-03 20:00:04] SKIP ok: lit_faltinsen_hsmv_preview
[2026-06-03 20:00:11] GET lit_ma_2005: https://doi.org/10.1016/j.oceaneng.2004.08.012
[2026-06-03 20:00:14] FAIL lit_ma_2005: 
[2026-06-03 20:00:14] GET lit_arribas_2006: https://doi.org/10.1016/j.oceaneng.2005.09.008
[2026-06-03 20:00:18] FAIL lit_arribas_2006: 
[2026-06-03 20:00:19] GET lit_kring_1994: https://dspace.mit.edu/bitstream/handle/1721.1/11939/31384162-MIT.pdf?sequence=2&isAllowed=y
[2026-06-03 20:00:25] Retry 1/8 for lit_kring_1994 after 5s: curl=35; web=Exception calling "DownloadFile" with "2" argument(s): "The remote server returned an error: (404) Not Found."
[2026-06-03 20:00:33] Retry 2/8 for lit_kring_1994 after 15s: curl=22; web=Exception calling "DownloadFile" with "2" argument(s): "The remote server returned an error: (404) Not Found."
[2026-06-03 20:00:51] Retry 3/8 for lit_kring_1994 after 30s: curl=22; web=Exception calling "DownloadFile" with "2" argument(s): "The remote server returned an error: (404) Not Found."
[2026-06-03 20:01:26] Retry 4/8 for lit_kring_1994 after 60s: curl=22; web=Exception calling "DownloadFile" with "2" argument(s): "The remote server returned an error: (404) Not Found."
[2026-06-03 20:02:31] Retry 5/8 for lit_kring_1994 after 90s: curl=22; web=Exception calling "DownloadFile" with "2" argument(s): "The remote server returned an error: (404) Not Found."
[2026-06-03 20:04:06] Retry 6/8 for lit_kring_1994 after 120s: curl=22; web=Exception calling "DownloadFile" with "2" argument(s): "The remote server returned an error: (404) Not Found."
[2026-06-03 20:06:12] Retry 7/8 for lit_kring_1994 after 120s: curl=22; web=Exception calling "DownloadFile" with "2" argument(s): "The remote server returned an error: (404) Not Found."
[2026-06-03 20:08:16] Retry 8/8 for lit_kring_1994 after 180s: curl=22; web=Exception calling "DownloadFile" with "2" argument(s): "The remote server returned an error: (404) Not Found."
[2026-06-03 20:11:16] GET lit_kring_1994: https://web.archive.org/web/2020/https://dspace.mit.edu/bitstream/handle/1721.1/11939/31384162-MIT.pdf?sequence=2&isAllowed=y
[2026-06-03 20:11:23] Retry 1/8 for lit_kring_1994 after 5s: curl=22; web=Exception calling "DownloadFile" with "2" argument(s): "The request was aborted: The connection was closed unexpectedly."
[2026-06-03 20:11:35] Retry 2/8 for lit_kring_1994 after 15s: curl=22; web=Exception calling "DownloadFile" with "2" argument(s): "The request was aborted: The connection was closed unexpectedly."
[2026-06-03 20:11:58] Retry 3/8 for lit_kring_1994 after 30s: curl=22; web=Exception calling "DownloadFile" with "2" argument(s): "The request was aborted: The connection was closed unexpectedly."
[2026-06-03 20:12:32] Retry 4/8 for lit_kring_1994 after 60s: curl=22; web=Exception calling "DownloadFile" with "2" argument(s): "The request was aborted: The connection was closed unexpectedly."
[2026-06-03 20:13:39] Retry 5/8 for lit_kring_1994 after 90s: curl=22; web=Exception calling "DownloadFile" with "2" argument(s): "The request was aborted: The connection was closed unexpectedly."
[2026-06-03 20:15:15] Retry 6/8 for lit_kring_1994 after 120s: curl=22; web=Exception calling "DownloadFile" with "2" argument(s): "The request was aborted: The connection was closed unexpectedly."
[2026-06-03 20:17:18] Retry 7/8 for lit_kring_1994 after 120s: curl=22; web=Exception calling "DownloadFile" with "2" argument(s): "An exception occurred during a WebClient request."
[2026-06-03 20:19:22] Retry 8/8 for lit_kring_1994 after 180s: curl=22; web=Exception calling "DownloadFile" with "2" argument(s): "The request was aborted: The connection was closed unexpectedly."
[2026-06-03 20:22:22] GET lit_kring_1994: https://core.ac.uk/download/pdf/48633506.pdf
[2026-06-03 20:22:30] Retry 1/8 for lit_kring_1994 after 5s: curl=22; web=Exception calling "DownloadFile" with "2" argument(s): "The remote server returned an error: (404) Not Found."
[2026-06-03 20:22:41] Retry 2/8 for lit_kring_1994 after 15s: curl=22; web=Exception calling "DownloadFile" with "2" argument(s): "The remote server returned an error: (404) Not Found."
[2026-06-03 20:23:01] Retry 3/8 for lit_kring_1994 after 30s: curl=22; web=Exception calling "DownloadFile" with "2" argument(s): "The remote server returned an error: (404) Not Found."
[2026-06-03 20:23:37] Retry 4/8 for lit_kring_1994 after 60s: curl=22; web=Exception calling "DownloadFile" with "2" argument(s): "The remote server returned an error: (404) Not Found."
[2026-06-03 20:24:42] Retry 5/8 for lit_kring_1994 after 90s: curl=22; web=Exception calling "DownloadFile" with "2" argument(s): "The remote server returned an error: (404) Not Found."
[2026-06-03 20:26:19] Retry 6/8 for lit_kring_1994 after 120s: curl=22; web=Exception calling "DownloadFile" with "2" argument(s): "The remote server returned an error: (404) Not Found."
[2026-06-03 20:28:29] Retry 7/8 for lit_kring_1994 after 120s: curl=22; web=Exception calling "DownloadFile" with "2" argument(s): "The remote server returned an error: (404) Not Found."
[2026-06-03 20:30:42] Retry 8/8 for lit_kring_1994 after 180s: curl=22; web=Exception calling "DownloadFile" with "2" argument(s): "The remote server returned an error: (404) Not Found."
[2026-06-03 20:33:42] GET lit_kring_1994: http://hdl.handle.net/1721.1/11939
[2026-06-03 20:33:58] Retry 1/8 for lit_kring_1994 after 5s: curl=22; web=Exception calling "DownloadFile" with "2" argument(s): "The remote server returned an error: (500) Internal Server Error."
[2026-06-03 20:34:20] Retry 2/8 for lit_kring_1994 after 15s: curl=52; web=Exception calling "DownloadFile" with "2" argument(s): "The remote server returned an error: (500) Internal Server Error."
[2026-06-03 20:34:51] Retry 3/8 for lit_kring_1994 after 30s: curl=22; web=Exception calling "DownloadFile" with "2" argument(s): "The remote server returned an error: (500) Internal Server Error."
[2026-06-03 20:35:37] Retry 4/8 for lit_kring_1994 after 60s: curl=22; web=Exception calling "DownloadFile" with "2" argument(s): "The remote server returned an error: (500) Internal Server Error."
[2026-06-03 20:36:55] Retry 5/8 for lit_kring_1994 after 90s: curl=22; web=Exception calling "DownloadFile" with "2" argument(s): "The remote server returned an error: (500) Internal Server Error."
[2026-06-03 20:38:43] Retry 6/8 for lit_kring_1994 after 120s: curl=52; web=Exception calling "DownloadFile" with "2" argument(s): "The remote server returned an error: (500) Internal Server Error."
[2026-06-03 20:41:00] Retry 7/8 for lit_kring_1994 after 120s: curl=22; web=Exception calling "DownloadFile" with "2" argument(s): "The remote server returned an error: (500) Internal Server Error."
[2026-06-03 20:43:18] Retry 8/8 for lit_kring_1994 after 180s: curl=52; web=Exception calling "DownloadFile" with "2" argument(s): "The remote server returned an error: (500) Internal Server Error."
[2026-06-03 20:46:18] FAIL lit_kring_1994: curl=52; web=Exception calling "DownloadFile" with "2" argument(s): "The remote server returned an error: (500) Internal Server Error."
[2026-06-03 20:46:21] GET lit_donatini_2022: https://doi.org/10.1016/j.oceaneng.2022.112222
[2026-06-03 20:46:33] FAIL lit_donatini_2022: 
[2026-06-03 20:46:33] SKIP ok: lit_bailey_npl
[2026-06-03 20:46:33] SKIP ok: lit_mercier_savitsky_1973
[2026-06-03 20:46:33] GET lit_compton_1986: https://onepetro.org/mtsn/article-pdf/23/04/345/2199243/sname-mtsn-1986-23-4-345.pdf
[2026-06-03 20:46:38] Retry 1/8 for lit_compton_1986 after 5s: curl=22; web=Exception calling "DownloadFile" with "2" argument(s): "The remote server returned an error: (403) Forbidden."
[2026-06-03 20:46:45] Retry 2/8 for lit_compton_1986 after 15s: curl=22; web=Exception calling "DownloadFile" with "2" argument(s): "The remote server returned an error: (403) Forbidden."
[2026-06-03 20:47:04] Retry 3/8 for lit_compton_1986 after 30s: curl=22; web=Exception calling "DownloadFile" with "2" argument(s): "The remote server returned an error: (403) Forbidden."
[2026-06-03 20:47:36] Retry 4/8 for lit_compton_1986 after 60s: curl=22; web=Exception calling "DownloadFile" with "2" argument(s): "The remote server returned an error: (403) Forbidden."
[2026-06-03 20:48:38] Retry 5/8 for lit_compton_1986 after 90s: curl=22; web=Exception calling "DownloadFile" with "2" argument(s): "The remote server returned an error: (403) Forbidden."
[2026-06-03 20:50:11] Retry 6/8 for lit_compton_1986 after 120s: curl=22; web=Exception calling "DownloadFile" with "2" argument(s): "The remote server returned an error: (403) Forbidden."
[2026-06-03 20:52:13] Retry 7/8 for lit_compton_1986 after 120s: curl=22; web=Exception calling "DownloadFile" with "2" argument(s): "The remote server returned an error: (403) Forbidden."
[2026-06-03 20:54:16] Retry 8/8 for lit_compton_1986 after 180s: curl=22; web=Exception calling "DownloadFile" with "2" argument(s): "The remote server returned an error: (403) Forbidden."
[2026-06-03 20:57:16] GET lit_compton_1986: https://web.archive.org/web/2019/https://onepetro.org/mtsn/article-pdf/23/04/345/2199243/sname-mtsn-1986-23-4-345.pdf
[2026-06-03 20:57:27] FAIL lit_compton_1986: 
[2026-06-03 20:57:27] GET lit_savitsky_preplaning: https://doi.org/10.1063/1.5143123
[2026-06-03 20:57:32] Retry 1/8 for lit_savitsky_preplaning after 5s: curl=22; web=Exception calling "DownloadFile" with "2" argument(s): "The remote server returned an error: (404) Not Found."
[2026-06-03 20:57:39] Retry 2/8 for lit_savitsky_preplaning after 15s: curl=22; web=Exception calling "DownloadFile" with "2" argument(s): "The remote server returned an error: (404) Not Found."
[2026-06-03 20:57:56] Retry 3/8 for lit_savitsky_preplaning after 30s: curl=22; web=Exception calling "DownloadFile" with "2" argument(s): "The remote server returned an error: (404) Not Found."
[2026-06-03 20:58:28] Retry 4/8 for lit_savitsky_preplaning after 60s: curl=22; web=Exception calling "DownloadFile" with "2" argument(s): "The remote server returned an error: (404) Not Found."
[2026-06-03 20:59:31] Retry 5/8 for lit_savitsky_preplaning after 90s: curl=22; web=Exception calling "DownloadFile" with "2" argument(s): "The remote server returned an error: (404) Not Found."
[2026-06-03 21:01:03] Retry 6/8 for lit_savitsky_preplaning after 120s: curl=22; web=Exception calling "DownloadFile" with "2" argument(s): "The remote server returned an error: (404) Not Found."
[2026-06-03 21:03:07] Retry 7/8 for lit_savitsky_preplaning after 120s: curl=22; web=Exception calling "DownloadFile" with "2" argument(s): "The remote server returned an error: (404) Not Found."
[2026-06-03 21:05:10] Retry 8/8 for lit_savitsky_preplaning after 180s: curl=22; web=Exception calling "DownloadFile" with "2" argument(s): "The remote server returned an error: (404) Not Found."
[2026-06-03 21:08:10] FAIL lit_savitsky_preplaning: curl=22; web=Exception calling "DownloadFile" with "2" argument(s): "The remote server returned an error: (404) Not Found."
[2026-06-03 21:08:10] SKIP ok: lit_savitsky_1964
[2026-06-03 21:08:10] SKIP ok: lit_fridsma
[2026-06-03 21:08:10] SKIP ok: lit_savitsky_brown_1976
[2026-06-03 21:08:10] SKIP ok: lit_zhao_water_entry
[2026-06-03 21:08:13] GET lit_sun_faltinsen_2010: https://doi.org/10.2514/1.44717
[2026-06-03 21:08:17] Retry 1/8 for lit_sun_faltinsen_2010 after 5s: curl=22; web=Exception calling "DownloadFile" with "2" argument(s): "The remote server returned an error: (404) Not Found."
[2026-06-03 21:08:24] Retry 2/8 for lit_sun_faltinsen_2010 after 15s: curl=22; web=Exception calling "DownloadFile" with "2" argument(s): "The remote server returned an error: (404) Not Found."
[2026-06-03 21:08:42] Retry 3/8 for lit_sun_faltinsen_2010 after 30s: curl=22; web=Exception calling "DownloadFile" with "2" argument(s): "The remote server returned an error: (404) Not Found."
[2026-06-03 21:09:14] Retry 4/8 for lit_sun_faltinsen_2010 after 60s: curl=22; web=Exception calling "DownloadFile" with "2" argument(s): "The remote server returned an error: (404) Not Found."
[2026-06-03 21:10:17] Retry 5/8 for lit_sun_faltinsen_2010 after 90s: curl=22; web=Exception calling "DownloadFile" with "2" argument(s): "The remote server returned an error: (404) Not Found."
[2026-06-03 21:11:50] Retry 6/8 for lit_sun_faltinsen_2010 after 120s: curl=22; web=Exception calling "DownloadFile" with "2" argument(s): "The remote server returned an error: (404) Not Found."
[2026-06-03 21:13:54] Retry 7/8 for lit_sun_faltinsen_2010 after 120s: curl=22; web=Exception calling "DownloadFile" with "2" argument(s): "The remote server returned an error: (404) Not Found."
[2026-06-03 21:16:39] Retry 8/8 for lit_sun_faltinsen_2010 after 180s: curl=22; web=Exception calling "DownloadFile" with "2" argument(s): "The remote server returned an error: (404) Not Found."
[2026-06-03 21:19:39] FAIL lit_sun_faltinsen_2010: curl=22; web=Exception calling "DownloadFile" with "2" argument(s): "The remote server returned an error: (404) Not Found."
[2026-06-03 21:19:47] GET lit_planing_review_2024: https://doi.org/10.1016/j.oceaneng.2024.114383
[2026-06-03 21:19:58] Retry 1/8 for lit_planing_review_2024 after 5s: curl=22; web=Exception calling "DownloadFile" with "2" argument(s): "The remote server returned an error: (404) Not Found."
[2026-06-03 21:20:05] Retry 2/8 for lit_planing_review_2024 after 15s: curl=22; web=Exception calling "DownloadFile" with "2" argument(s): "The remote server returned an error: (404) Not Found."
[2026-06-03 21:20:23] Retry 3/8 for lit_planing_review_2024 after 30s: curl=22; web=Exception calling "DownloadFile" with "2" argument(s): "The remote server returned an error: (404) Not Found."
[2026-06-03 21:20:55] Retry 4/8 for lit_planing_review_2024 after 60s: curl=22; web=Exception calling "DownloadFile" with "2" argument(s): "The remote server returned an error: (404) Not Found."
[2026-06-03 21:21:58] Retry 5/8 for lit_planing_review_2024 after 90s: curl=22; web=Exception calling "DownloadFile" with "2" argument(s): "The remote server returned an error: (404) Not Found."
[2026-06-03 21:23:30] Retry 6/8 for lit_planing_review_2024 after 120s: curl=22; web=Exception calling "DownloadFile" with "2" argument(s): "The remote server returned an error: (404) Not Found."
[2026-06-03 21:25:33] Retry 7/8 for lit_planing_review_2024 after 120s: curl=22; web=Exception calling "DownloadFile" with "2" argument(s): "The remote server returned an error: (404) Not Found."
[2026-06-03 21:27:36] Retry 8/8 for lit_planing_review_2024 after 180s: curl=22; web=Exception calling "DownloadFile" with "2" argument(s): "The remote server returned an error: (404) Not Found."
[2026-06-03 21:30:36] GET lit_planing_review_2024: https://www.sciencedirect.com/science/article/pii/S0029801824003834
[2026-06-03 21:30:40] Retry 1/8 for lit_planing_review_2024 after 5s: curl=22; web=Exception calling "DownloadFile" with "2" argument(s): "The remote server returned an error: (403) Forbidden."
[2026-06-03 21:30:51] Retry 2/8 for lit_planing_review_2024 after 15s: curl=22; web=Exception calling "DownloadFile" with "2" argument(s): "The remote server returned an error: (403) Forbidden."
[2026-06-03 21:31:09] Retry 3/8 for lit_planing_review_2024 after 30s: curl=22; web=Exception calling "DownloadFile" with "2" argument(s): "The remote server returned an error: (403) Forbidden."
[2026-06-03 21:31:43] Retry 4/8 for lit_planing_review_2024 after 60s: curl=22; web=Exception calling "DownloadFile" with "2" argument(s): "The remote server returned an error: (403) Forbidden."
[2026-06-03 21:32:46] Retry 5/8 for lit_planing_review_2024 after 90s: curl=22; web=Exception calling "DownloadFile" with "2" argument(s): "The remote server returned an error: (403) Forbidden."
[2026-06-03 21:34:20] Retry 6/8 for lit_planing_review_2024 after 120s: curl=22; web=Exception calling "DownloadFile" with "2" argument(s): "The remote server returned an error: (403) Forbidden."
[2026-06-03 21:36:24] Retry 7/8 for lit_planing_review_2024 after 120s: curl=22; web=Exception calling "DownloadFile" with "2" argument(s): "The remote server returned an error: (403) Forbidden."
[2026-06-03 21:38:27] Retry 8/8 for lit_planing_review_2024 after 180s: curl=22; web=Exception calling "DownloadFile" with "2" argument(s): "The remote server returned an error: (403) Forbidden."
[2026-06-03 21:41:27] FAIL lit_planing_review_2024: curl=22; web=Exception calling "DownloadFile" with "2" argument(s): "The remote server returned an error: (403) Forbidden."
[2026-06-03 21:41:30] GET lit_fossen_2012: https://doi.org/10.1016/j.oceaneng.2012.09.012
[2026-06-03 21:41:34] GET lit_fossen_2012: https://folk.ntnu.no/thomas.fossen/pub/Fossen2012windwaves.pdf
[2026-06-03 21:41:40] Retry 1/8 for lit_fossen_2012 after 5s: curl=35; web=Exception calling "DownloadFile" with "2" argument(s): "The remote server returned an error: (404) Not Found."
[2026-06-03 21:41:49] Retry 2/8 for lit_fossen_2012 after 15s: curl=22; web=Exception calling "DownloadFile" with "2" argument(s): "The remote server returned an error: (404) Not Found."
[2026-06-03 21:42:08] Retry 3/8 for lit_fossen_2012 after 30s: curl=22; web=Exception calling "DownloadFile" with "2" argument(s): "The remote server returned an error: (404) Not Found."
[2026-06-03 21:42:43] Retry 4/8 for lit_fossen_2012 after 60s: curl=22; web=Exception calling "DownloadFile" with "2" argument(s): "The remote server returned an error: (404) Not Found."
[2026-06-03 21:43:48] Retry 5/8 for lit_fossen_2012 after 90s: curl=22; web=Exception calling "DownloadFile" with "2" argument(s): "The remote server returned an error: (404) Not Found."
[2026-06-03 21:45:23] Retry 6/8 for lit_fossen_2012 after 120s: curl=22; web=Exception calling "DownloadFile" with "2" argument(s): "The remote server returned an error: (404) Not Found."
[2026-06-03 21:47:29] Retry 7/8 for lit_fossen_2012 after 120s: curl=22; web=Exception calling "DownloadFile" with "2" argument(s): "The remote server returned an error: (404) Not Found."
[2026-06-03 21:49:34] Retry 8/8 for lit_fossen_2012 after 180s: curl=35; web=Exception calling "DownloadFile" with "2" argument(s): "The remote server returned an error: (404) Not Found."
[2026-06-03 21:52:34] GET lit_fossen_2012: https://folk.ntnu.no/thomas.fossen/pub/Fossen2012wind.pdf
[2026-06-03 21:52:38] Retry 1/8 for lit_fossen_2012 after 5s: curl=22; web=Exception calling "DownloadFile" with "2" argument(s): "The remote server returned an error: (404) Not Found."
[2026-06-03 21:52:48] Retry 2/8 for lit_fossen_2012 after 15s: curl=22; web=Exception calling "DownloadFile" with "2" argument(s): "The remote server returned an error: (404) Not Found."
[2026-06-03 21:53:07] Retry 3/8 for lit_fossen_2012 after 30s: curl=22; web=Exception calling "DownloadFile" with "2" argument(s): "The remote server returned an error: (404) Not Found."
[2026-06-03 21:53:47] Retry 4/8 for lit_fossen_2012 after 60s: curl=22; web=Exception calling "DownloadFile" with "2" argument(s): "The remote server returned an error: (404) Not Found."
[2026-06-03 21:54:51] Retry 5/8 for lit_fossen_2012 after 90s: curl=22; web=Exception calling "DownloadFile" with "2" argument(s): "The remote server returned an error: (404) Not Found."
[2026-06-03 21:56:26] Retry 6/8 for lit_fossen_2012 after 120s: curl=22; web=Exception calling "DownloadFile" with "2" argument(s): "The remote server returned an error: (404) Not Found."
[2026-06-03 21:58:31] Retry 7/8 for lit_fossen_2012 after 120s: curl=22; web=Exception calling "DownloadFile" with "2" argument(s): "The remote server returned an error: (404) Not Found."
[2026-06-03 22:01:14] Retry 8/8 for lit_fossen_2012 after 180s: curl=22; web=Exception calling "DownloadFile" with "2" argument(s): "The remote server returned an error: (404) Not Found."
[2026-06-03 22:04:14] GET lit_fossen_2012: https://www.researchgate.net/profile/Thor-Fossen/publication/257623456_How_to_incorporate_wind_waves_and_ocean_currents_in_the_marine_craft_equations_of_motion/links/0deec53c8c0c5e0e3c000000/How-to-incorporate-wind-waves-and-ocean-currents-in-the-marine-craft-equations-of-motion.pdf
[2026-06-03 22:04:20] Retry 1/8 for lit_fossen_2012 after 5s: curl=22; web=Exception calling "DownloadFile" with "2" argument(s): "The remote server returned an error: (403) Forbidden."
[2026-06-03 22:04:28] Retry 2/8 for lit_fossen_2012 after 15s: curl=22; web=Exception calling "DownloadFile" with "2" argument(s): "The remote server returned an error: (403) Forbidden."
[2026-06-03 22:04:46] Retry 3/8 for lit_fossen_2012 after 30s: curl=22; web=Exception calling "DownloadFile" with "2" argument(s): "The remote server returned an error: (403) Forbidden."
[2026-06-03 22:05:18] Retry 4/8 for lit_fossen_2012 after 60s: curl=22; web=Exception calling "DownloadFile" with "2" argument(s): "The remote server returned an error: (403) Forbidden."
[2026-06-03 22:06:21] Retry 5/8 for lit_fossen_2012 after 90s: curl=22; web=Exception calling "DownloadFile" with "2" argument(s): "The remote server returned an error: (403) Forbidden."
[2026-06-03 22:07:55] Retry 6/8 for lit_fossen_2012 after 120s: curl=22; web=Exception calling "DownloadFile" with "2" argument(s): "The remote server returned an error: (403) Forbidden."
[2026-06-03 22:09:59] Retry 7/8 for lit_fossen_2012 after 120s: curl=22; web=Exception calling "DownloadFile" with "2" argument(s): "The remote server returned an error: (403) Forbidden."
[2026-06-03 22:12:02] Retry 8/8 for lit_fossen_2012 after 180s: curl=22; web=Exception calling "DownloadFile" with "2" argument(s): "The remote server returned an error: (403) Forbidden."
[2026-06-03 22:15:02] FAIL lit_fossen_2012: curl=22; web=Exception calling "DownloadFile" with "2" argument(s): "The remote server returned an error: (403) Forbidden."
[2026-06-03 22:15:02] GET lit_molland_book: https://www.routledge.com/Maritime-Engineering-Ship-Design/Molland/p/book/9780750665275
[2026-06-03 22:15:08] Retry 1/8 for lit_molland_book after 5s: curl=22; web=Exception calling "DownloadFile" with "2" argument(s): "The request was aborted: The connection was closed unexpectedly."
[2026-06-03 22:15:18] Retry 2/8 for lit_molland_book after 15s: curl=22; web=Exception calling "DownloadFile" with "2" argument(s): "The request was aborted: The connection was closed unexpectedly."
[2026-06-03 22:15:38] Retry 3/8 for lit_molland_book after 30s: curl=22; web=Exception calling "DownloadFile" with "2" argument(s): "The request was aborted: The connection was closed unexpectedly."
[2026-06-03 22:16:13] Retry 4/8 for lit_molland_book after 60s: curl=22; web=Exception calling "DownloadFile" with "2" argument(s): "The request was aborted: The connection was closed unexpectedly."
[2026-06-03 22:17:17] Retry 5/8 for lit_molland_book after 90s: curl=22; web=Exception calling "DownloadFile" with "2" argument(s): "The request was aborted: The connection was closed unexpectedly."
[2026-06-03 22:18:52] Retry 6/8 for lit_molland_book after 120s: curl=22; web=Exception calling "DownloadFile" with "2" argument(s): "The request was aborted: The connection was closed unexpectedly."
[2026-06-03 22:20:58] Retry 7/8 for lit_molland_book after 120s: curl=22; web=Exception calling "DownloadFile" with "2" argument(s): "The request was aborted: The connection was closed unexpectedly."
[2026-06-03 22:23:28] Retry 8/8 for lit_molland_book after 180s: curl=22; web=Exception calling "DownloadFile" with "2" argument(s): "The request was aborted: The connection was closed unexpectedly."
[2026-06-03 22:26:28] FAIL lit_molland_book: curl=22; web=Exception calling "DownloadFile" with "2" argument(s): "The request was aborted: The connection was closed unexpectedly."
[2026-06-03 22:26:28] SKIP git ok: code_pdstrip
[2026-06-03 22:26:28] SKIP git ok: code_hams
[2026-06-03 22:26:28] SKIP git ok: code_bemrosetta
[2026-06-03 22:26:28] SKIP git ok: code_ow3d
[2026-06-03 22:26:29] SKIP git ok: code_openplaning
[2026-06-03 22:26:29] SKIP git ok: code_binder_openplaning
[2026-06-03 22:26:29] SKIP git ok: code_mmgdynamics
[2026-06-03 22:26:29] SKIP git ok: code_shipmmg
[2026-06-03 22:26:29] SKIP git ok: code_nemoh
[2026-06-03 22:26:30] SKIP git ok: code_capytaine
[2026-06-03 22:26:30] SKIP git ok: code_mss_tools
[2026-06-03 22:26:30] SKIP git ok: code_python_vehicle
[2026-06-03 22:26:30] SKIP ok: data_kcs_index
[2026-06-03 22:26:30] SKIP ok: data_kcs_hull_zip
[2026-06-03 22:26:31] SKIP ok: data_kcs_rudder_zip
[2026-06-03 22:26:31] SKIP ok: data_kcs_prop_zip
[2026-06-03 22:26:31] SKIP ok: data_kcs_case211_zip
[2026-06-03 22:26:31] SKIP ok: data_delft372_report
[2026-06-03 22:26:31] GET data_delft372_strath: https://strathprints.strath.ac.uk/82218/1/Duman_Bal_OE_2022_Turn_and_zigzag_manoeuvres_of_Delft_catamaran_372_using_CFD_based_system_simulation_method.pdf
[2026-06-03 22:26:37] Retry 1/8 for data_delft372_strath after 5s: curl=22; web=Exception calling "DownloadFile" with "2" argument(s): "The remote server returned an error: (404) Not Found."
[2026-06-03 22:26:46] Retry 2/8 for data_delft372_strath after 15s: curl=22; web=Exception calling "DownloadFile" with "2" argument(s): "The remote server returned an error: (404) Not Found."
[2026-06-03 22:27:07] Retry 3/8 for data_delft372_strath after 30s: curl=22; web=Exception calling "DownloadFile" with "2" argument(s): "The remote server returned an error: (404) Not Found."
[2026-06-03 22:27:47] Retry 4/8 for data_delft372_strath after 60s: curl=35; web=Exception calling "DownloadFile" with "2" argument(s): "The remote server returned an error: (404) Not Found."
[2026-06-03 22:28:52] Retry 5/8 for data_delft372_strath after 90s: curl=22; web=Exception calling "DownloadFile" with "2" argument(s): "The remote server returned an error: (404) Not Found."
[2026-06-03 22:30:28] Retry 6/8 for data_delft372_strath after 120s: curl=22; web=Exception calling "DownloadFile" with "2" argument(s): "The remote server returned an error: (404) Not Found."
[2026-06-03 22:32:34] Retry 7/8 for data_delft372_strath after 120s: curl=22; web=Exception calling "DownloadFile" with "2" argument(s): "The remote server returned an error: (404) Not Found."
[2026-06-03 22:34:39] Retry 8/8 for data_delft372_strath after 180s: curl=35; web=Exception calling "DownloadFile" with "2" argument(s): "The remote server returned an error: (404) Not Found."
[2026-06-03 22:37:39] FAIL data_delft372_strath: curl=35; web=Exception calling "DownloadFile" with "2" argument(s): "The remote server returned an error: (404) Not Found."
[2026-06-03 22:38:43] SKIP ok: fossen_mss_index
[2026-06-03 22:38:43] SKIP ok: fossen_pvs
[2026-06-03 22:38:44] SUMMARY ok=29 paywall=8 failed=4 pending=0
SUMMARY ok=29 paywall=8 failed=4 pending=0
Retry 4 items in 60s...
Final state: D:\Projects\20260601-Potential-flow-ship\early_stage_materials\_download_state.json
