                                                                        S      1
1H,,1H;,,                                                               G      1
47H\\10.49.32.64\rhino_jobs\fbarge\flexi_barge.igs,                     G      2
26HRhinoceros ( Apr 17 2023 ),31HTrout Lake IGES 012 Apr 17 2023,       G      3
32,38,6,308,15,                                                         G      4
,                                                                       G      5
1.0D0,6,1HM,1,0.000254D0,13H230516.120309,                              G      6
0.001D0,                                                                G      7
1.390445115010378D0,                                                    G      8
4Hmaaf,                                                                 G      9
3Hdtu,                                                                  G     10
10,0,13H230516.120309;                                                  G     11
     314       1       0       0       0       0       0       000000200D      1
     314       0       1       1       0       0       0   COLOR       0D      2
     406       2       0       0       1       0       0       000000300D      3
     406       0      -1       1       3       0       0LEVELDEF       0D      4
     128       3       0       0       1       0       0       000010000D      5
     128       0      -1      18       0       0       0 TrimSrf       0D      6
     126      21       0       0       1       0       0       000010500D      7
     126       0      -1       3       1       0       0 TrimBnd       1D      8
     126      24       0       0       1       0       0       000010500D      9
     126       0      -1       4       1       0       0 TrimBnd       2D     10
     126      28       0       0       1       0       0       000010500D     11
     126       0      -1       3       1       0       0 TrimBnd       3D     12
     126      31       0       0       1       0       0       000010500D     13
     126       0      -1       3       1       0       0 TrimBnd       4D     14
     102      34       0       0       1       0       0       000010500D     15
     102       0      -1       1       0       0       02D CURVE       0D     16
     126      35       0       0       1       0       0       000010000D     17
     126       0      -1       7       2       0       0 TrimBnd       1D     18
     126      42       0       0       1       0       0       000010000D     19
     126       0      -1       9       1       0       0 TrimBnd       2D     20
     126      51       0       0       1       0       0       000010000D     21
     126       0      -1      12       0       0       0 TrimBnd       3D     22
     126      63       0       0       1       0       0       000010000D     23
     126       0      -1       7       1       0       0 TrimBnd       4D     24
     102      70       0       0       1       0       0       000010000D     25
     102       0      -1       1       0       0       03D CURVE       0D     26
     142      71       0       0       1       0       0       000010000D     27
     142       0      -1       1       0       0       0 TrimBnd       1D     28
     144      72       0       0       1       0       0       000000000D     29
     144       0      -1       1       0       0       0 TrimSrf       0D     30
     128      73       0       0       1       0       0       000010000D     31
     128       0      -1      18       0       0       0 TrimSrf       0D     32
     126      91       0       0       1       0       0       000010500D     33
     126       0      -1       4       1       0       0 TrimBnd       1D     34
     126      95       0       0       1       0       0       000010500D     35
     126       0      -1      13       0       0       0 TrimBnd       2D     36
     126     108       0       0       1       0       0       000010500D     37
     126       0      -1       9       0       0       0 TrimBnd       3D     38
     126     117       0       0       1       0       0       000010500D     39
     126       0      -1       4       1       0       0 TrimBnd       4D     40
     126     121       0       0       1       0       0       000010500D     41
     126       0      -1       3       1       0       0 TrimBnd       5D     42
     102     124       0       0       1       0       0       000010500D     43
     102       0      -1       1       0       0       02D CURVE       0D     44
     126     125       0       0       1       0       0       000010000D     45
     126       0      -1      10       1       0       0 TrimBnd       1D     46
     126     135       0       0       1       0       0       000010000D     47
     126       0      -1      13       1       0       0 TrimBnd       2D     48
     126     148       0       0       1       0       0       000010000D     49
     126       0      -1      11       0       0       0 TrimBnd       3D     50
     126     159       0       0       1       0       0       000010000D     51
     126       0      -1       9       1       0       0 TrimBnd       4D     52
     126     168       0       0       1       0       0       000010000D     53
     126       0      -1       6       2       0       0 TrimBnd       5D     54
     102     174       0       0       1       0       0       000010000D     55
     102       0      -1       1       0       0       03D CURVE       0D     56
     142     175       0       0       1       0       0       000010000D     57
     142       0      -1       1       0       0       0 TrimBnd       1D     58
     144     176       0       0       1       0       0       000000000D     59
     144       0      -1       1       0       0       0 TrimSrf       0D     60
     128     177       0       0       1       0       0       000010000D     61
     128       0      -1      14       0       0       0 TrimSrf       0D     62
     126     191       0       0       1       0       0       000010500D     63
     126       0      -1       3       1       0       0 TrimBnd       1D     64
     126     194       0       0       1       0       0       000010500D     65
     126       0      -1       4       1       0       0 TrimBnd       2D     66
     126     198       0       0       1       0       0       000010500D     67
     126       0      -1       4       1       0       0 TrimBnd       3D     68
     126     202       0       0       1       0       0       000010500D     69
     126       0      -1       3       1       0       0 TrimBnd       4D     70
     102     205       0       0       1       0       0       000010500D     71
     102       0      -1       1       0       0       02D CURVE       0D     72
     126     206       0       0       1       0       0       000010000D     73
     126       0      -1       7       1       0       0 TrimBnd       1D     74
     126     213       0       0       1       0       0       000010000D     75
     126       0      -1       9       0       0       0 TrimBnd       2D     76
     126     222       0       0       1       0       0       000010000D     77
     126       0      -1       8       1       0       0 TrimBnd       3D     78
     126     230       0       0       1       0       0       000010000D     79
     126       0      -1       5       2       0       0 TrimBnd       4D     80
     102     235       0       0       1       0       0       000010000D     81
     102       0      -1       1       0       0       03D CURVE       0D     82
     142     236       0       0       1       0       0       000010000D     83
     142       0      -1       1       0       0       0 TrimBnd       1D     84
     144     237       0       0       1       0       0       000000000D     85
     144       0      -1       1       0       0       0 TrimSrf       0D     86
     128     238       0       0       1       0       0       000010000D     87
     128       0      -1      14       0       0       0 TrimSrf       0D     88
     126     252       0       0       1       0       0       000010500D     89
     126       0      -1       2       1       0       0 TrimBnd       1D     90
     126     254       0       0       1       0       0       000010500D     91
     126       0      -1       4       1       0       0 TrimBnd       2D     92
     126     258       0       0       1       0       0       000010500D     93
     126       0      -1      10       0       0       0 TrimBnd       3D     94
     126     268       0       0       1       0       0       000010500D     95
     126       0      -1      13       0       0       0 TrimBnd       4D     96
     126     281       0       0       1       0       0       000010500D     97
     126       0      -1       4       1       0       0 TrimBnd       5D     98
     102     285       0       0       1       0       0       000010500D     99
     102       0      -1       1       0       0       02D CURVE       0D    100
     126     286       0       0       1       0       0       000010000D    101
     126       0      -1       6       2       0       0 TrimBnd       1D    102
     126     292       0       0       1       0       0       000010000D    103
     126       0      -1       7       1       0       0 TrimBnd       2D    104
     126     299       0       0       1       0       0       000010000D    105
     126       0      -1      12       0       0       0 TrimBnd       3D    106
     126     311       0       0       1       0       0       000010000D    107
     126       0      -1      14       1       0       0 TrimBnd       4D    108
     126     325       0       0       1       0       0       000010000D    109
     126       0      -1       8       1       0       0 TrimBnd       5D    110
     102     333       0       0       1       0       0       000010000D    111
     102       0      -1       1       0       0       03D CURVE       0D    112
     142     334       0       0       1       0       0       000010000D    113
     142       0      -1       1       0       0       0 TrimBnd       1D    114
     144     335       0       0       1       0       0       000000000D    115
     144       0      -1       1       0       0       0 TrimSrf       0D    116
     128     336       0       0       1       0       0       000010000D    117
     128       0      -1       4       8       0       0 TrimSrf       0D    118
     126     340       0       0       1       0       0       000010500D    119
     126       0      -1       8       1       0       0 TrimBnd       1D    120
     126     348       0       0       1       0       0       000010500D    121
     126       0      -1       5       1       0       0 TrimBnd       2D    122
     126     353       0       0       1       0       0       000010500D    123
     126       0      -1       7       1       0       0 TrimBnd       3D    124
     126     360       0       0       1       0       0       000010500D    125
     126       0      -1       4       1       0       0 TrimBnd       4D    126
     126     364       0       0       1       0       0       000010500D    127
     126       0      -1       4       1       0       0 TrimBnd       5D    128
     102     368       0       0       1       0       0       000010500D    129
     102       0      -1       1       0       0       02D CURVE       0D    130
     126     369       0       0       1       0       0       000010000D    131
     126       0      -1       9       1       0       0 TrimBnd       1D    132
     126     378       0       0       1       0       0       000010000D    133
     126       0      -1       5       1       0       0 TrimBnd       2D    134
     126     383       0       0       1       0       0       000010000D    135
     126       0      -1       7       1       0       0 TrimBnd       3D    136
     126     390       0       0       1       0       0       000010000D    137
     126       0      -1       4       1       0       0 TrimBnd       4D    138
     126     394       0       0       1       0       0       000010000D    139
     126       0      -1       5       1       0       0 TrimBnd       5D    140
     102     399       0       0       1       0       0       000010000D    141
     102       0      -1       1       0       0       03D CURVE       0D    142
     142     400       0       0       1       0       0       000010000D    143
     142       0      -1       1       0       0       0 TrimBnd       1D    144
     144     401       0       0       1       0       0       000000000D    145
     144       0      -1       1       0       0       0 TrimSrf       0D    146
     128     402       0       0       1       0       0       000010000D    147
     128       0      -1       4       8       0       0 TrimSrf       0D    148
     126     406       0       0       1       0       0       000010500D    149
     126       0      -1       4       1       0       0 TrimBnd       1D    150
     126     410       0       0       1       0       0       000010500D    151
     126       0      -1       4       1       0       0 TrimBnd       2D    152
     126     414       0       0       1       0       0       000010500D    153
     126       0      -1       8       1       0       0 TrimBnd       3D    154
     126     422       0       0       1       0       0       000010500D    155
     126       0      -1       8       1       0       0 TrimBnd       4D    156
     102     430       0       0       1       0       0       000010500D    157
     102       0      -1       1       0       0       02D CURVE       0D    158
     126     431       0       0       1       0       0       000010000D    159
     126       0      -1       5       1       0       0 TrimBnd       1D    160
     126     436       0       0       1       0       0       000010000D    161
     126       0      -1       4       1       0       0 TrimBnd       2D    162
     126     440       0       0       1       0       0       000010000D    163
     126       0      -1       6       1       0       0 TrimBnd       3D    164
     126     446       0       0       1       0       0       000010000D    165
     126       0      -1       9       1       0       0 TrimBnd       4D    166
     102     455       0       0       1       0       0       000010000D    167
     102       0      -1       1       0       0       03D CURVE       0D    168
     142     456       0       0       1       0       0       000010000D    169
     142       0      -1       1       0       0       0 TrimBnd       1D    170
     144     457       0       0       1       0       0       000000000D    171
     144       0      -1       1       0       0       0 TrimSrf       0D    172
     128     458       0       0       1       0       0       000010000D    173
     128       0      -1       4       8       0       0 TrimSrf       0D    174
     126     462       0       0       1       0       0       000010500D    175
     126       0      -1       5       1       0       0 TrimBnd       1D    176
     126     467       0       0       1       0       0       000010500D    177
     126       0      -1       4       1       0       0 TrimBnd       2D    178
     126     471       0       0       1       0       0       000010500D    179
     126       0      -1       4       1       0       0 TrimBnd       3D    180
     126     475       0       0       1       0       0       000010500D    181
     126       0      -1       8       1       0       0 TrimBnd       4D    182
     102     483       0       0       1       0       0       000010500D    183
     102       0      -1       1       0       0       02D CURVE       0D    184
     126     484       0       0       1       0       0       000010000D    185
     126       0      -1       5       1       0       0 TrimBnd       1D    186
     126     489       0       0       1       0       0       000010000D    187
     126       0      -1       4       1       0       0 TrimBnd       2D    188
     126     493       0       0       1       0       0       000010000D    189
     126       0      -1       4       1       0       0 TrimBnd       3D    190
     126     497       0       0       1       0       0       000010000D    191
     126       0      -1       7       1       0       0 TrimBnd       4D    192
     102     504       0       0       1       0       0       000010000D    193
     102       0      -1       1       0       0       03D CURVE       0D    194
     142     505       0       0       1       0       0       000010000D    195
     142       0      -1       1       0       0       0 TrimBnd       1D    196
     144     506       0       0       1       0       0       000000000D    197
     144       0      -1       1       0       0       0 TrimSrf       0D    198
     128     507       0       0       1       0       0       000010000D    199
     128       0      -1       4       8       0       0 TrimSrf       0D    200
     126     511       0       0       1       0       0       000010500D    201
     126       0      -1       9       1       0       0 TrimBnd       1D    202
     126     520       0       0       1       0       0       000010500D    203
     126       0      -1       9       1       0       0 TrimBnd       2D    204
     126     529       0       0       1       0       0       000010500D    205
     126       0      -1       4       1       0       0 TrimBnd       3D    206
     126     533       0       0       1       0       0       000010500D    207
     126       0      -1       5       1       0       0 TrimBnd       4D    208
     102     538       0       0       1       0       0       000010500D    209
     102       0      -1       1       0       0       02D CURVE       0D    210
     126     539       0       0       1       0       0       000010000D    211
     126       0      -1       9       1       0       0 TrimBnd       1D    212
     126     548       0       0       1       0       0       000010000D    213
     126       0      -1       7       1       0       0 TrimBnd       2D    214
     126     555       0       0       1       0       0       000010000D    215
     126       0      -1       4       1       0       0 TrimBnd       3D    216
     126     559       0       0       1       0       0       000010000D    217
     126       0      -1       5       1       0       0 TrimBnd       4D    218
     102     564       0       0       1       0       0       000010000D    219
     102       0      -1       1       0       0       03D CURVE       0D    220
     142     565       0       0       1       0       0       000010000D    221
     142       0      -1       1       0       0       0 TrimBnd       1D    222
     144     566       0       0       1       0       0       000000000D    223
     144       0      -1       1       0       0       0 TrimSrf       0D    224
     128     567       0       0       1       0       0       000010000D    225
     128       0      -1       7       8       0       0 TrimSrf       0D    226
     126     574       0       0       1       0       0       000010500D    227
     126       0      -1       8       1       0       0 TrimBnd       1D    228
     126     582       0       0       1       0       0       000010500D    229
     126       0      -1       4       1       0       0 TrimBnd       2D    230
     126     586       0       0       1       0       0       000010500D    231
     126       0      -1       4       1       0       0 TrimBnd       3D    232
     126     590       0       0       1       0       0       000010500D    233
     126       0      -1       5       1       0       0 TrimBnd       4D    234
     102     595       0       0       1       0       0       000010500D    235
     102       0      -1       1       0       0       02D CURVE       0D    236
     126     596       0       0       1       0       0       000010000D    237
     126       0      -1       9       1       0       0 TrimBnd       1D    238
     126     605       0       0       1       0       0       000010000D    239
     126       0      -1       4       1       0       0 TrimBnd       2D    240
     126     609       0       0       1       0       0       000010000D    241
     126       0      -1       4       1       0       0 TrimBnd       3D    242
     126     613       0       0       1       0       0       000010000D    243
     126       0      -1       5       1       0       0 TrimBnd       4D    244
     102     618       0       0       1       0       0       000010000D    245
     102       0      -1       1       0       0       03D CURVE       0D    246
     142     619       0       0       1       0       0       000010000D    247
     142       0      -1       1       0       0       0 TrimBnd       1D    248
     144     620       0       0       1       0       0       000000000D    249
     144       0      -1       1       0       0       0 TrimSrf       0D    250
     128     621       0       0       1       0       0       000010000D    251
     128       0      -1       7       8       0       0 TrimSrf       0D    252
     126     628       0       0       1       0       0       000010500D    253
     126       0      -1       5       1       0       0 TrimBnd       1D    254
     126     633       0       0       1       0       0       000010500D    255
     126       0      -1       5       1       0       0 TrimBnd       2D    256
     126     638       0       0       1       0       0       000010500D    257
     126       0      -1       9       1       0       0 TrimBnd       3D    258
     126     647       0       0       1       0       0       000010500D    259
     126       0      -1       9       1       0       0 TrimBnd       4D    260
     102     656       0       0       1       0       0       000010500D    261
     102       0      -1       1       0       0       02D CURVE       0D    262
     126     657       0       0       1       0       0       000010000D    263
     126       0      -1       5       1       0       0 TrimBnd       1D    264
     126     662       0       0       1       0       0       000010000D    265
     126       0      -1       4       1       0       0 TrimBnd       2D    266
     126     666       0       0       1       0       0       000010000D    267
     126       0      -1       8       1       0       0 TrimBnd       3D    268
     126     674       0       0       1       0       0       000010000D    269
     126       0      -1      10       1       0       0 TrimBnd       4D    270
     102     684       0       0       1       0       0       000010000D    271
     102       0      -1       1       0       0       03D CURVE       0D    272
     142     685       0       0       1       0       0       000010000D    273
     142       0      -1       1       0       0       0 TrimBnd       1D    274
     144     686       0       0       1       0       0       000000000D    275
     144       0      -1       1       0       0       0 TrimSrf       0D    276
     128     687       0       0       1       0       0       000010000D    277
     128       0      -1       7       8       0       0 TrimSrf       0D    278
     126     694       0       0       1       0       0       000010500D    279
     126       0      -1       4       1       0       0 TrimBnd       1D    280
     126     698       0       0       1       0       0       000010500D    281
     126       0      -1       4       1       0       0 TrimBnd       2D    282
     126     702       0       0       1       0       0       000010500D    283
     126       0      -1       8       1       0       0 TrimBnd       3D    284
     126     710       0       0       1       0       0       000010500D    285
     126       0      -1       5       1       0       0 TrimBnd       4D    286
     126     715       0       0       1       0       0       000010500D    287
     126       0      -1       8       1       0       0 TrimBnd       5D    288
     102     723       0       0       1       0       0       000010500D    289
     102       0      -1       1       0       0       02D CURVE       0D    290
     126     724       0       0       1       0       0       000010000D    291
     126       0      -1       6       1       0       0 TrimBnd       1D    292
     126     730       0       0       1       0       0       000010000D    293
     126       0      -1       5       1       0       0 TrimBnd       2D    294
     126     735       0       0       1       0       0       000010000D    295
     126       0      -1       9       1       0       0 TrimBnd       3D    296
     126     744       0       0       1       0       0       000010000D    297
     126       0      -1       5       1       0       0 TrimBnd       4D    298
     126     749       0       0       1       0       0       000010000D    299
     126       0      -1       8       1       0       0 TrimBnd       5D    300
     102     757       0       0       1       0       0       000010000D    301
     102       0      -1       1       0       0       03D CURVE       0D    302
     142     758       0       0       1       0       0       000010000D    303
     142       0      -1       1       0       0       0 TrimBnd       1D    304
     144     759       0       0       1       0       0       000000000D    305
     144       0      -1       1       0       0       0 TrimSrf       0D    306
     128     760       0       0       1       0       0       000010000D    307
     128       0      -1       7       8       0       0 TrimSrf       0D    308
     126     767       0       0       1       0       0       000010500D    309
     126       0      -1       8       1       0       0 TrimBnd       1D    310
     126     775       0       0       1       0       0       000010500D    311
     126       0      -1       7       1       0       0 TrimBnd       2D    312
     126     782       0       0       1       0       0       000010500D    313
     126       0      -1       4       1       0       0 TrimBnd       3D    314
     126     786       0       0       1       0       0       000010500D    315
     126       0      -1       4       1       0       0 TrimBnd       4D    316
     102     790       0       0       1       0       0       000010500D    317
     102       0      -1       1       0       0       02D CURVE       0D    318
     126     791       0       0       1       0       0       000010000D    319
     126       0      -1      10       1       0       0 TrimBnd       1D    320
     126     801       0       0       1       0       0       000010000D    321
     126       0      -1       8       1       0       0 TrimBnd       2D    322
     126     809       0       0       1       0       0       000010000D    323
     126       0      -1       5       1       0       0 TrimBnd       3D    324
     126     814       0       0       1       0       0       000010000D    325
     126       0      -1       6       1       0       0 TrimBnd       4D    326
     102     820       0       0       1       0       0       000010000D    327
     102       0      -1       1       0       0       03D CURVE       0D    328
     142     821       0       0       1       0       0       000010000D    329
     142       0      -1       1       0       0       0 TrimBnd       1D    330
     144     822       0       0       1       0       0       000000000D    331
     144       0      -1       1       0       0       0 TrimSrf       0D    332
     128     823       0       0       1       0       0       000010000D    333
     128       0      -1      20       0       0       0 TrimSrf       0D    334
     126     843       0       0       1       0       0       000010500D    335
     126       0      -1       7       0       0       0 TrimBnd       1D    336
     126     850       0       0       1       0       0       000010500D    337
     126       0      -1       4       1       0       0 TrimBnd       2D    338
     126     854       0       0       1       0       0       000010500D    339
     126       0      -1       3       1       0       0 TrimBnd       3D    340
     126     857       0       0       1       0       0       000010500D    341
     126       0      -1       4       1       0       0 TrimBnd       4D    342
     126     861       0       0       1       0       0       000010500D    343
     126       0      -1       8       0       0       0 TrimBnd       5D    344
     126     869       0       0       1       0       0       000010500D    345
     126       0      -1       8       0       0       0 TrimBnd       6D    346
     102     877       0       0       1       0       0       000010500D    347
     102       0      -1       1       0       0       02D CURVE       0D    348
     126     878       0       0       1       0       0       000010000D    349
     126       0      -1       8       1       0       0 TrimBnd       1D    350
     126     886       0       0       1       0       0       000010000D    351
     126       0      -1       9       1       0       0 TrimBnd       2D    352
     126     895       0       0       1       0       0       000010000D    353
     126       0      -1       5       2       0       0 TrimBnd       3D    354
     126     900       0       0       1       0       0       000010000D    355
     126       0      -1       8       1       0       0 TrimBnd       4D    356
     126     908       0       0       1       0       0       000010000D    357
     126       0      -1       8       1       0       0 TrimBnd       5D    358
     126     916       0       0       1       0       0       000010000D    359
     126       0      -1       9       1       0       0 TrimBnd       6D    360
     102     925       0       0       1       0       0       000010000D    361
     102       0      -1       1       0       0       03D CURVE       0D    362
     142     926       0       0       1       0       0       000010000D    363
     142       0      -1       1       0       0       0 TrimBnd       1D    364
     144     927       0       0       1       0       0       000000000D    365
     144       0      -1       1       0       0       0 TrimSrf       0D    366
     128     928       0       0       1       0       0       000010000D    367
     128       0      -1      19       0       0       0 TrimSrf       0D    368
     126     947       0       0       1       0       0       000010500D    369
     126       0      -1       9       0       0       0 TrimBnd       1D    370
     126     956       0       0       1       0       0       000010500D    371
     126       0      -1       4       1       0       0 TrimBnd       2D    372
     126     960       0       0       1       0       0       000010500D    373
     126       0      -1       2       1       0       0 TrimBnd       3D    374
     126     962       0       0       1       0       0       000010500D    375
     126       0      -1       4       1       0       0 TrimBnd       4D    376
     126     966       0       0       1       0       0       000010500D    377
     126       0      -1       5       1       0       0 TrimBnd       5D    378
     102     971       0       0       1       0       0       000010500D    379
     102       0      -1       1       0       0       02D CURVE       0D    380
     126     972       0       0       1       0       0       000010000D    381
     126       0      -1      11       1       0       0 TrimBnd       1D    382
     126     983       0       0       1       0       0       000010000D    383
     126       0      -1       8       1       0       0 TrimBnd       2D    384
     126     991       0       0       1       0       0       000010000D    385
     126       0      -1       5       2       0       0 TrimBnd       3D    386
     126     996       0       0       1       0       0       000010000D    387
     126       0      -1       8       1       0       0 TrimBnd       4D    388
     126    1004       0       0       1       0       0       000010000D    389
     126       0      -1      13       1       0       0 TrimBnd       5D    390
     102    1017       0       0       1       0       0       000010000D    391
     102       0      -1       1       0       0       03D CURVE       0D    392
     142    1018       0       0       1       0       0       000010000D    393
     142       0      -1       1       0       0       0 TrimBnd       1D    394
     144    1019       0       0       1       0       0       000000000D    395
     144       0      -1       1       0       0       0 TrimSrf       0D    396
     128    1020       0       0       1       0       0       000010000D    397
     128       0      -1       7       8       0       0 TrimSrf       0D    398
     126    1027       0       0       1       0       0       000010500D    399
     126       0      -1       5       1       0       0 TrimBnd       1D    400
     126    1032       0       0       1       0       0       000010500D    401
     126       0      -1       4       1       0       0 TrimBnd       2D    402
     126    1036       0       0       1       0       0       000010500D    403
     126       0      -1       7       1       0       0 TrimBnd       3D    404
     126    1043       0       0       1       0       0       000010500D    405
     126       0      -1       9       1       0       0 TrimBnd       4D    406
     102    1052       0       0       1       0       0       000010500D    407
     102       0      -1       1       0       0       02D CURVE       0D    408
     126    1053       0       0       1       0       0       000010000D    409
     126       0      -1       5       1       0       0 TrimBnd       1D    410
     126    1058       0       0       1       0       0       000010000D    411
     126       0      -1       5       1       0       0 TrimBnd       2D    412
     126    1063       0       0       1       0       0       000010000D    413
     126       0      -1       8       1       0       0 TrimBnd       3D    414
     126    1071       0       0       1       0       0       000010000D    415
     126       0      -1       9       1       0       0 TrimBnd       4D    416
     102    1080       0       0       1       0       0       000010000D    417
     102       0      -1       1       0       0       03D CURVE       0D    418
     142    1081       0       0       1       0       0       000010000D    419
     142       0      -1       1       0       0       0 TrimBnd       1D    420
     144    1082       0       0       1       0       0       000000000D    421
     144       0      -1       1       0       0       0 TrimSrf       0D    422
     128    1083       0       0       1       0       0       000010000D    423
     128       0      -1       9       8       0       0 TrimSrf       0D    424
     126    1092       0       0       1       0       0       000010500D    425
     126       0      -1       5       1       0       0 TrimBnd       1D    426
     126    1097       0       0       1       0       0       000010500D    427
     126       0      -1       5       1       0       0 TrimBnd       2D    428
     126    1102       0       0       1       0       0       000010500D    429
     126       0      -1       9       0       0       0 TrimBnd       3D    430
     126    1111       0       0       1       0       0       000010500D    431
     126       0      -1       5       1       0       0 TrimBnd       4D    432
     102    1116       0       0       1       0       0       000010500D    433
     102       0      -1       1       0       0       02D CURVE       0D    434
     126    1117       0       0       1       0       0       000010000D    435
     126       0      -1       5       1       0       0 TrimBnd       1D    436
     126    1122       0       0       1       0       0       000010000D    437
     126       0      -1       5       1       0       0 TrimBnd       2D    438
     126    1127       0       0       1       0       0       000010000D    439
     126       0      -1      10       1       0       0 TrimBnd       3D    440
     126    1137       0       0       1       0       0       000010000D    441
     126       0      -1       6       1       0       0 TrimBnd       4D    442
     102    1143       0       0       1       0       0       000010000D    443
     102       0      -1       1       0       0       03D CURVE       0D    444
     142    1144       0       0       1       0       0       000010000D    445
     142       0      -1       1       0       0       0 TrimBnd       1D    446
     144    1145       0       0       1       0       0       000000000D    447
     144       0      -1       1       0       0       0 TrimSrf       0D    448
     128    1146       0       0       1       0       0       000010000D    449
     128       0      -1       9       8       0       0 TrimSrf       0D    450
     126    1155       0       0       1       0       0       000010500D    451
     126       0      -1       5       1       0       0 TrimBnd       1D    452
     126    1160       0       0       1       0       0       000010500D    453
     126       0      -1       5       1       0       0 TrimBnd       2D    454
     126    1165       0       0       1       0       0       000010500D    455
     126       0      -1       8       1       0       0 TrimBnd       3D    456
     126    1173       0       0       1       0       0       000010500D    457
     126       0      -1       5       1       0       0 TrimBnd       4D    458
     102    1178       0       0       1       0       0       000010500D    459
     102       0      -1       1       0       0       02D CURVE       0D    460
     126    1179       0       0       1       0       0       000010000D    461
     126       0      -1       5       1       0       0 TrimBnd       1D    462
     126    1184       0       0       1       0       0       000010000D    463
     126       0      -1       5       1       0       0 TrimBnd       2D    464
     126    1189       0       0       1       0       0       000010000D    465
     126       0      -1       8       1       0       0 TrimBnd       3D    466
     126    1197       0       0       1       0       0       000010000D    467
     126       0      -1       5       1       0       0 TrimBnd       4D    468
     102    1202       0       0       1       0       0       000010000D    469
     102       0      -1       1       0       0       03D CURVE       0D    470
     142    1203       0       0       1       0       0       000010000D    471
     142       0      -1       1       0       0       0 TrimBnd       1D    472
     144    1204       0       0       1       0       0       000000000D    473
     144       0      -1       1       0       0       0 TrimSrf       0D    474
     128    1205       0       0       1       0       0       000010000D    475
     128       0      -1       9       8       0       0 TrimSrf       0D    476
     126    1214       0       0       1       0       0       000010500D    477
     126       0      -1      12       0       0       0 TrimBnd       1D    478
     126    1226       0       0       1       0       0       000010500D    479
     126       0      -1       4       1       0       0 TrimBnd       2D    480
     126    1230       0       0       1       0       0       000010500D    481
     126       0      -1       5       1       0       0 TrimBnd       3D    482
     126    1235       0       0       1       0       0       000010500D    483
     126       0      -1      12       0       0       0 TrimBnd       4D    484
     126    1247       0       0       1       0       0       000010500D    485
     126       0      -1       5       1       0       0 TrimBnd       5D    486
     102    1252       0       0       1       0       0       000010500D    487
     102       0      -1       1       0       0       02D CURVE       0D    488
     126    1253       0       0       1       0       0       000010000D    489
     126       0      -1      12       0       0       0 TrimBnd       1D    490
     126    1265       0       0       1       0       0       000010000D    491
     126       0      -1       6       1       0       0 TrimBnd       2D    492
     126    1271       0       0       1       0       0       000010000D    493
     126       0      -1       5       1       0       0 TrimBnd       3D    494
     126    1276       0       0       1       0       0       000010000D    495
     126       0      -1      11       0       0       0 TrimBnd       4D    496
     126    1287       0       0       1       0       0       000010000D    497
     126       0      -1       5       1       0       0 TrimBnd       5D    498
     102    1292       0       0       1       0       0       000010000D    499
     102       0      -1       1       0       0       03D CURVE       0D    500
     142    1293       0       0       1       0       0       000010000D    501
     142       0      -1       1       0       0       0 TrimBnd       1D    502
     144    1294       0       0       1       0       0       000000000D    503
     144       0      -1       1       0       0       0 TrimSrf       0D    504
     128    1295       0       0       1       0       0       000010000D    505
     128       0      -1      20       0       0       0 TrimSrf       0D    506
     126    1315       0       0       1       0       0       000010500D    507
     126       0      -1       4       1       0       0 TrimBnd       1D    508
     126    1319       0       0       1       0       0       000010500D    509
     126       0      -1       4       1       0       0 TrimBnd       2D    510
     126    1323       0       0       1       0       0       000010500D    511
     126       0      -1       2       1       0       0 TrimBnd       3D    512
     126    1325       0       0       1       0       0       000010500D    513
     126       0      -1       4       1       0       0 TrimBnd       4D    514
     102    1329       0       0       1       0       0       000010500D    515
     102       0      -1       1       0       0       02D CURVE       0D    516
     126    1330       0       0       1       0       0       000010000D    517
     126       0      -1      11       0       0       0 TrimBnd       1D    518
     126    1341       0       0       1       0       0       000010000D    519
     126       0      -1       8       1       0       0 TrimBnd       2D    520
     126    1349       0       0       1       0       0       000010000D    521
     126       0      -1       6       2       0       0 TrimBnd       3D    522
     126    1355       0       0       1       0       0       000010000D    523
     126       0      -1       9       1       0       0 TrimBnd       4D    524
     102    1364       0       0       1       0       0       000010000D    525
     102       0      -1       1       0       0       03D CURVE       0D    526
     142    1365       0       0       1       0       0       000010000D    527
     142       0      -1       1       0       0       0 TrimBnd       1D    528
     144    1366       0       0       1       0       0       000000000D    529
     144       0      -1       1       0       0       0 TrimSrf       0D    530
     128    1367       0       0       1       0       0       000010000D    531
     128       0      -1      20       0       0       0 TrimSrf       0D    532
     126    1387       0       0       1       0       0       000010500D    533
     126       0      -1       8       0       0       0 TrimBnd       1D    534
     126    1395       0       0       1       0       0       000010500D    535
     126       0      -1       7       0       0       0 TrimBnd       2D    536
     126    1402       0       0       1       0       0       000010500D    537
     126       0      -1       4       1       0       0 TrimBnd       3D    538
     126    1406       0       0       1       0       0       000010500D    539
     126       0      -1       3       1       0       0 TrimBnd       4D    540
     126    1409       0       0       1       0       0       000010500D    541
     126       0      -1       5       1       0       0 TrimBnd       5D    542
     126    1414       0       0       1       0       0       000010500D    543
     126       0      -1       8       0       0       0 TrimBnd       6D    544
     102    1422       0       0       1       0       0       000010500D    545
     102       0      -1       1       0       0       02D CURVE       0D    546
     126    1423       0       0       1       0       0       000010000D    547
     126       0      -1      10       1       0       0 TrimBnd       1D    548
     126    1433       0       0       1       0       0       000010000D    549
     126       0      -1       8       1       0       0 TrimBnd       2D    550
     126    1441       0       0       1       0       0       000010000D    551
     126       0      -1       8       1       0       0 TrimBnd       3D    552
     126    1449       0       0       1       0       0       000010000D    553
     126       0      -1       5       2       0       0 TrimBnd       4D    554
     126    1454       0       0       1       0       0       000010000D    555
     126       0      -1       8       1       0       0 TrimBnd       5D    556
     126    1462       0       0       1       0       0       000010000D    557
     126       0      -1       8       1       0       0 TrimBnd       6D    558
     102    1470       0       0       1       0       0       000010000D    559
     102       0      -1       1       0       0       03D CURVE       0D    560
     142    1471       0       0       1       0       0       000010000D    561
     142       0      -1       1       0       0       0 TrimBnd       1D    562
     144    1472       0       0       1       0       0       000000000D    563
     144       0      -1       1       0       0       0 TrimSrf       0D    564
     128    1473       0       0       1       0       0       000010000D    565
     128       0      -1      18       0       0       0 TrimSrf       0D    566
     126    1491       0       0       1       0       0       000010500D    567
     126       0      -1       5       1       0       0 TrimBnd       1D    568
     126    1496       0       0       1       0       0       000010500D    569
     126       0      -1       4       1       0       0 TrimBnd       2D    570
     126    1500       0       0       1       0       0       000010500D    571
     126       0      -1       2       1       0       0 TrimBnd       3D    572
     126    1502       0       0       1       0       0       000010500D    573
     126       0      -1       4       1       0       0 TrimBnd       4D    574
     126    1506       0       0       1       0       0       000010500D    575
     126       0      -1       9       0       0       0 TrimBnd       5D    576
     102    1515       0       0       1       0       0       000010500D    577
     102       0      -1       1       0       0       02D CURVE       0D    578
     126    1516       0       0       1       0       0       000010000D    579
     126       0      -1      14       1       0       0 TrimBnd       1D    580
     126    1530       0       0       1       0       0       000010000D    581
     126       0      -1       8       1       0       0 TrimBnd       2D    582
     126    1538       0       0       1       0       0       000010000D    583
     126       0      -1       5       2       0       0 TrimBnd       3D    584
     126    1543       0       0       1       0       0       000010000D    585
     126       0      -1       9       1       0       0 TrimBnd       4D    586
     126    1552       0       0       1       0       0       000010000D    587
     126       0      -1      11       1       0       0 TrimBnd       5D    588
     102    1563       0       0       1       0       0       000010000D    589
     102       0      -1       1       0       0       03D CURVE       0D    590
     142    1564       0       0       1       0       0       000010000D    591
     142       0      -1       1       0       0       0 TrimBnd       1D    592
     144    1565       0       0       1       0       0       000000000D    593
     144       0      -1       1       0       0       0 TrimSrf       0D    594
     128    1566       0       0       1       0       0       000010000D    595
     128       0      -1       5       8       0       0 TrimSrf       0D    596
     126    1571       0       0       1       0       0       000010500D    597
     126       0      -1       9       1       0       0 TrimBnd       1D    598
     126    1580       0       0       1       0       0       000010500D    599
     126       0      -1       7       1       0       0 TrimBnd       2D    600
     126    1587       0       0       1       0       0       000010500D    601
     126       0      -1       5       1       0       0 TrimBnd       3D    602
     126    1592       0       0       1       0       0       000010500D    603
     126       0      -1       5       1       0       0 TrimBnd       4D    604
     102    1597       0       0       1       0       0       000010500D    605
     102       0      -1       1       0       0       02D CURVE       0D    606
     126    1598       0       0       1       0       0       000010000D    607
     126       0      -1       8       1       0       0 TrimBnd       1D    608
     126    1606       0       0       1       0       0       000010000D    609
     126       0      -1       7       1       0       0 TrimBnd       2D    610
     126    1613       0       0       1       0       0       000010000D    611
     126       0      -1       5       1       0       0 TrimBnd       3D    612
     126    1618       0       0       1       0       0       000010000D    613
     126       0      -1       5       1       0       0 TrimBnd       4D    614
     102    1623       0       0       1       0       0       000010000D    615
     102       0      -1       1       0       0       03D CURVE       0D    616
     142    1624       0       0       1       0       0       000010000D    617
     142       0      -1       1       0       0       0 TrimBnd       1D    618
     144    1625       0       0       1       0       0       000000000D    619
     144       0      -1       1       0       0       0 TrimSrf       0D    620
     128    1626       0       0       1       0       0       000010000D    621
     128       0      -1      10       8       0       0 TrimSrf       0D    622
     126    1636       0       0       1       0       0       000010500D    623
     126       0      -1       5       1       0       0 TrimBnd       1D    624
     126    1641       0       0       1       0       0       000010500D    625
     126       0      -1       9       0       0       0 TrimBnd       2D    626
     126    1650       0       0       1       0       0       000010500D    627
     126       0      -1       5       1       0       0 TrimBnd       3D    628
     126    1655       0       0       1       0       0       000010500D    629
     126       0      -1       5       1       0       0 TrimBnd       4D    630
     102    1660       0       0       1       0       0       000010500D    631
     102       0      -1       1       0       0       02D CURVE       0D    632
     126    1661       0       0       1       0       0       000010000D    633
     126       0      -1       6       1       0       0 TrimBnd       1D    634
     126    1667       0       0       1       0       0       000010000D    635
     126       0      -1       9       1       0       0 TrimBnd       2D    636
     126    1676       0       0       1       0       0       000010000D    637
     126       0      -1       3       1       0       0 TrimBnd       3D    638
     126    1679       0       0       1       0       0       000010000D    639
     126       0      -1       5       1       0       0 TrimBnd       4D    640
     102    1684       0       0       1       0       0       000010000D    641
     102       0      -1       1       0       0       03D CURVE       0D    642
     142    1685       0       0       1       0       0       000010000D    643
     142       0      -1       1       0       0       0 TrimBnd       1D    644
     144    1686       0       0       1       0       0       000000000D    645
     144       0      -1       1       0       0       0 TrimSrf       0D    646
     128    1687       0       0       1       0       0       000010000D    647
     128       0      -1       9       8       0       0 TrimSrf       0D    648
     126    1696       0       0       1       0       0       000010500D    649
     126       0      -1       5       1       0       0 TrimBnd       1D    650
     126    1701       0       0       1       0       0       000010500D    651
     126       0      -1       8       1       0       0 TrimBnd       2D    652
     126    1709       0       0       1       0       0       000010500D    653
     126       0      -1       5       1       0       0 TrimBnd       3D    654
     126    1714       0       0       1       0       0       000010500D    655
     126       0      -1       5       1       0       0 TrimBnd       4D    656
     102    1719       0       0       1       0       0       000010500D    657
     102       0      -1       1       0       0       02D CURVE       0D    658
     126    1720       0       0       1       0       0       000010000D    659
     126       0      -1       5       1       0       0 TrimBnd       1D    660
     126    1725       0       0       1       0       0       000010000D    661
     126       0      -1       8       1       0       0 TrimBnd       2D    662
     126    1733       0       0       1       0       0       000010000D    663
     126       0      -1       5       1       0       0 TrimBnd       3D    664
     126    1738       0       0       1       0       0       000010000D    665
     126       0      -1       5       1       0       0 TrimBnd       4D    666
     102    1743       0       0       1       0       0       000010000D    667
     102       0      -1       1       0       0       03D CURVE       0D    668
     142    1744       0       0       1       0       0       000010000D    669
     142       0      -1       1       0       0       0 TrimBnd       1D    670
     144    1745       0       0       1       0       0       000000000D    671
     144       0      -1       1       0       0       0 TrimSrf       0D    672
     128    1746       0       0       1       0       0       000010000D    673
     128       0      -1      10       8       0       0 TrimSrf       0D    674
     126    1756       0       0       1       0       0       000010500D    675
     126       0      -1       5       1       0       0 TrimBnd       1D    676
     126    1761       0       0       1       0       0       000010500D    677
     126       0      -1      12       0       0       0 TrimBnd       2D    678
     126    1773       0       0       1       0       0       000010500D    679
     126       0      -1       5       1       0       0 TrimBnd       3D    680
     126    1778       0       0       1       0       0       000010500D    681
     126       0      -1       4       1       0       0 TrimBnd       4D    682
     126    1782       0       0       1       0       0       000010500D    683
     126       0      -1      12       0       0       0 TrimBnd       5D    684
     102    1794       0       0       1       0       0       000010500D    685
     102       0      -1       1       0       0       02D CURVE       0D    686
     126    1795       0       0       1       0       0       000010000D    687
     126       0      -1       5       1       0       0 TrimBnd       1D    688
     126    1800       0       0       1       0       0       000010000D    689
     126       0      -1      13       0       0       0 TrimBnd       2D    690
     126    1813       0       0       1       0       0       000010000D    691
     126       0      -1       5       1       0       0 TrimBnd       3D    692
     126    1818       0       0       1       0       0       000010000D    693
     126       0      -1       6       1       0       0 TrimBnd       4D    694
     126    1824       0       0       1       0       0       000010000D    695
     126       0      -1      11       0       0       0 TrimBnd       5D    696
     102    1835       0       0       1       0       0       000010000D    697
     102       0      -1       1       0       0       03D CURVE       0D    698
     142    1836       0       0       1       0       0       000010000D    699
     142       0      -1       1       0       0       0 TrimBnd       1D    700
     144    1837       0       0       1       0       0       000000000D    701
     144       0      -1       1       0       0       0 TrimSrf       0D    702
     128    1838       0       0       1       0       0       000010000D    703
     128       0      -1      21       0       0       0 TrimSrf       0D    704
     126    1859       0       0       1       0       0       000010500D    705
     126       0      -1       4       1       0       0 TrimBnd       1D    706
     126    1863       0       0       1       0       0       000010500D    707
     126       0      -1       2       1       0       0 TrimBnd       2D    708
     126    1865       0       0       1       0       0       000010500D    709
     126       0      -1       4       1       0       0 TrimBnd       3D    710
     126    1869       0       0       1       0       0       000010500D    711
     126       0      -1       4       1       0       0 TrimBnd       4D    712
     102    1873       0       0       1       0       0       000010500D    713
     102       0      -1       1       0       0       02D CURVE       0D    714
     126    1874       0       0       1       0       0       000010000D    715
     126       0      -1      10       1       0       0 TrimBnd       1D    716
     126    1884       0       0       1       0       0       000010000D    717
     126       0      -1       6       2       0       0 TrimBnd       2D    718
     126    1890       0       0       1       0       0       000010000D    719
     126       0      -1      10       1       0       0 TrimBnd       3D    720
     126    1900       0       0       1       0       0       000010000D    721
     126       0      -1      13       0       0       0 TrimBnd       4D    722
     102    1913       0       0       1       0       0       000010000D    723
     102       0      -1       1       0       0       03D CURVE       0D    724
     142    1914       0       0       1       0       0       000010000D    725
     142       0      -1       1       0       0       0 TrimBnd       1D    726
     144    1915       0       0       1       0       0       000000000D    727
     144       0      -1       1       0       0       0 TrimSrf       0D    728
314,0.0,0.0,0.0,20HRGB(   0,   0,   0 );                         0000001P      1
406,2,1,7HDefault;                                               0000003P      2
128,2,3,2,3,0,0,0,0,0,0.0D0,0.0D0,0.0D0,1.0D0,1.0D0,1.0D0,0.0D0, 0000005P      3
0.0D0,0.0D0,0.0D0,2.2645D0,2.2645D0,2.2645D0,2.2645D0,1.0D0,     0000005P      4
0.7071067811865511D0,1.0D0,1.0D0,0.7071067811865475D0,1.0D0,     0000005P      5
0.9999999999999998D0,0.7071067811865522D0,0.9999999999999998D0,  0000005P      6
1.0D0,0.7071067811865513D0,1.0D0,-1.2225D0,0.3000000000000028D0, 0000005P      7
-0.1149999999999936D0,-1.2225D0,0.3000000000000029D0,            0000005P      8
-0.1199999999999936D0,-1.2225D0,0.2950000000000029D0,            0000005P      9
-0.1199999999999938D0,-0.4676666666666667D0,0.300000000000003D0, 0000005P     10
-0.1149999999999936D0,-0.4676666666666665D0,                     0000005P     11
0.3000000000000029D0,-0.1199999999999936D0,                      0000005P     12
-0.4676666666666669D0,0.295000000000003D0,-0.1199999999999938D0, 0000005P     13
0.2871666666666665D0,0.3000000000000029D0,-0.1149999999999936D0, 0000005P     14
0.2871666666666653D0,0.3000000000000029D0,-0.1199999999999936D0, 0000005P     15
0.2871666666666667D0,0.2950000000000029D0,-0.1199999999999937D0, 0000005P     16
1.042D0,0.3000000000000028D0,-0.1149999999999936D0,              0000005P     17
1.041999999999999D0,0.300000000000003D0,-0.1199999999999936D0,   0000005P     18
1.042D0,0.2950000000000029D0,-0.1199999999999938D0,0.0D0,1.0D0,  0000005P     19
0.0D0,2.2645D0;                                                  0000005P     20
126,1,1,1,0,1,0,0.0D0,0.0D0,1.0D0,1.0D0,1.0D0,1.0D0,0.0D0,       0000007P     21
1.2225D0,0.0D0,1.0D0,1.2225D0,0.0D0,0.0D0,1.0D0,0.0D0,0.0D0,     0000007P     22
1.0D0;                                                           0000007P     23
126,1,1,1,0,1,0,-1.042D0,-1.042D0,-0.009500000000000062D0,       0000009P     24
-0.009500000000000062D0,1.0D0,1.0D0,1.0D0,1.2225D0,0.0D0,1.0D0,  0000009P     25
2.254999999999999D0,0.0D0,-1.042D0,-0.009500000000000062D0,      0000009P     26
0.0D0,0.0D0,1.0D0;                                               0000009P     27
126,1,1,1,0,1,0,-1.000045123981913D0,-1.000045123981913D0,       0000011P     28
-0.0D0,-0.0D0,1.0D0,1.0D0,1.0D0,2.254999999999999D0,0.0D0,0.0D0, 0000011P     29
2.2645D0,0.0D0,-1.000045123981913D0,-0.0D0,0.0D0,0.0D0,1.0D0;    0000011P     30
126,1,1,1,0,1,0,-2.2645D0,-2.2645D0,-1.2225D0,-1.2225D0,1.0D0,   0000013P     31
1.0D0,0.0D0,2.2645D0,0.0D0,0.0D0,1.2225D0,0.0D0,-2.2645D0,       0000013P     32
-1.2225D0,0.0D0,0.0D0,1.0D0;                                     0000013P     33
102,4,7,9,11,13;                                                 0000015P     34
126,2,2,1,0,0,0,0.0D0,0.0D0,0.0D0,1.0D0,1.0D0,1.0D0,1.0D0,       0000017P     35
0.7071067811865779D0,1.0D0,1.387778780781445D-16,                0000017P     36
0.3000000000000029D0,-0.1149999999999936D0,                      0000017P     37
1.387778780781372D-17,0.3000000000000027D0,                      0000017P     38
-0.1199999999999935D0,-8.326672684688672D-17,                    0000017P     39
0.295000000000003D0,-0.1199999999999937D0,0.0D0,1.0D0,-1.0D0,    0000017P     40
-0.0D0,-0.0D0;                                                   0000017P     41
126,3,3,1,0,1,0,1.2225D0,1.2225D0,1.2225D0,1.2225D0,             0000019P     42
2.254999999999999D0,2.254999999999999D0,2.254999999999999D0,     0000019P     43
2.254999999999999D0,1.0D0,1.0D0,1.0D0,1.0D0,                     0000019P     44
-8.32667268468867D-17,0.2950000000000029D0,                      0000019P     45
-0.1199999999999937D0,0.3441666666666666D0,0.2950000000000029D0, 0000019P     46
-0.1199999999999937D0,0.6883333333333332D0,0.2950000000000029D0, 0000019P     47
-0.1199999999999937D0,1.0325D0,0.2950000000000029D0,             0000019P     48
-0.1199999999999938D0,1.2225D0,2.254999999999999D0,0.0D0,0.0D0,  0000019P     49
1.0D0;                                                           0000019P     50
126,5,3,1,0,1,0,-1.000045123981913D0,-1.000045123981913D0,       0000021P     51
-1.000045123981913D0,-1.000045123981913D0,-0.5000225619909565D0, 0000021P     52
-0.5000225619909565D0,-0.0D0,-0.0D0,-0.0D0,-0.0D0,1.0D0,1.0D0,   0000021P     53
1.0D0,1.0D0,1.0D0,1.0D0,1.0325D0,0.2950000000000029D0,           0000021P     54
-0.1199999999999938D0,1.034083333333333D0,0.2961785113019805D0,  0000021P     55
-0.1199999999999937D0,1.035666666666667D0,0.2975592231765575D0,  0000021P     56
-0.1195118446353046D0,1.038833333333333D0,0.2995118446353138D0,  0000021P     57
-0.1175592231765482D0,1.040416666666666D0,0.3000000000000028D0,  0000021P     58
-0.1161785113019712D0,1.042D0,0.3000000000000028D0,              0000021P     59
-0.1149999999999936D0,-1.000045123981913D0,-0.0D0,               0000021P     60
0.6179688053480952D0,-0.5559292021546172D0,                      0000021P     61
-0.5559292021547159D0;                                           0000021P     62
126,3,3,1,0,1,0,-2.2645D0,-2.2645D0,-2.2645D0,-2.2645D0,         0000023P     63
-1.2225D0,-1.2225D0,-1.2225D0,-1.2225D0,1.0D0,1.0D0,1.0D0,1.0D0, 0000023P     64
1.041999999999999D0,0.3000000000000028D0,-0.1149999999999936D0,  0000023P     65
0.6946666666666663D0,0.3000000000000028D0,-0.1149999999999936D0, 0000023P     66
0.3473333333333333D0,0.3000000000000029D0,-0.1149999999999936D0, 0000023P     67
1.387778780781445D-16,0.3000000000000029D0,                      0000023P     68
-0.1149999999999936D0,-2.2645D0,-1.2225D0,0.0D0,0.0D0,1.0D0;     0000023P     69
102,4,17,19,21,23;                                               0000025P     70
142,0,5,15,25,1;                                                 0000027P     71
144,5,1,0,27;                                                    0000029P     72
128,2,3,2,3,0,0,0,0,0,0.0D0,0.0D0,0.0D0,1.0D0,1.0D0,1.0D0,0.0D0, 0000031P     73
0.0D0,0.0D0,0.0D0,2.2645D0,2.2645D0,2.2645D0,2.2645D0,1.0D0,     0000031P     74
0.7071067811865511D0,1.0D0,1.0D0,0.7071067811865475D0,1.0D0,     0000031P     75
0.9999999999999998D0,0.7071067811865522D0,0.9999999999999998D0,  0000031P     76
1.0D0,0.7071067811865513D0,1.0D0,-1.2225D0,0.3000000000000028D0, 0000031P     77
-0.1149999999999936D0,-1.2225D0,0.3000000000000029D0,            0000031P     78
-0.1199999999999936D0,-1.2225D0,0.2950000000000029D0,            0000031P     79
-0.1199999999999938D0,-0.4676666666666667D0,0.300000000000003D0, 0000031P     80
-0.1149999999999936D0,-0.4676666666666665D0,                     0000031P     81
0.3000000000000029D0,-0.1199999999999936D0,                      0000031P     82
-0.4676666666666669D0,0.295000000000003D0,-0.1199999999999938D0, 0000031P     83
0.2871666666666665D0,0.3000000000000029D0,-0.1149999999999936D0, 0000031P     84
0.2871666666666653D0,0.3000000000000029D0,-0.1199999999999936D0, 0000031P     85
0.2871666666666667D0,0.2950000000000029D0,-0.1199999999999937D0, 0000031P     86
1.042D0,0.3000000000000028D0,-0.1149999999999936D0,              0000031P     87
1.041999999999999D0,0.300000000000003D0,-0.1199999999999936D0,   0000031P     88
1.042D0,0.2950000000000029D0,-0.1199999999999938D0,0.0D0,1.0D0,  0000031P     89
0.0D0,2.2645D0;                                                  0000031P     90
126,1,1,1,0,1,0,-1.2225D0,-1.2225D0,-0.00499999999999973D0,      0000033P     91
-0.00499999999999973D0,1.0D0,1.0D0,0.0D0,1.2225D0,0.0D0,0.0D0,   0000033P     92
0.00499999999999973D0,0.0D0,-1.2225D0,-0.00499999999999973D0,    0000033P     93
0.0D0,0.0D0,1.0D0;                                               0000033P     94
126,6,3,1,0,1,0,-1.000012499921876D0,-1.000012499921876D0,       0000035P     95
-1.000012499921876D0,-1.000012499921876D0,-0.500006249960938D0,  0000035P     96
-0.500006249960938D0,-0.500006249960938D0,-0.4141164831626574D0, 0000035P     97
-0.4141164831626574D0,-0.4141164831626574D0,                     0000035P     98
-0.4141164831626574D0,1.0D0,1.0D0,1.0D0,1.0D0,1.0D0,1.0D0,1.0D0, 0000035P     99
0.0D0,0.00499999999999973D0,0.0D0,0.132398010613402D0,           0000035P    100
0.003676019893865871D0,0.0D0,0.2647938226637953D0,               0000035P    101
0.00220455569899256D0,0.0D0,0.397197676620211D0,                 0000035P    102
0.001464466094067383D0,0.0D0,0.4317135198453984D0,               0000035P    103
0.001271535027388637D0,0.0D0,0.466229342409506D0,                0000035P    104
0.001101673659452298D0,0.0D0,0.5007451632013606D0,               0000035P    105
0.0009526491927297944D0,0.0D0,-1.000012499921876D0,              0000035P    106
-0.4141164831626574D0,0.0D0,0.0D0,1.0D0;                         0000035P    107
126,3,3,1,0,1,0,0.005005501145901665D0,0.005005501145901665D0,   0000037P    108
0.005005501145901665D0,0.005005501145901665D0,                   0000037P    109
0.01090017214894392D0,0.01090017214894392D0,                     0000037P    110
0.01090017214894392D0,0.01090017214894392D0,1.0D0,1.0D0,1.0D0,   0000037P    111
1.0D0,0.5007451632013606D0,0.0009526491927297944D0,0.0D0,        0000037P    112
0.6637401969781045D0,0.002578232495464905D0,0.0D0,               0000037P    113
0.8301599941103717D0,0.003799049801186358D0,0.0D0,1.0D0,         0000037P    114
0.005000000000004335D0,0.0D0,0.005005501145901665D0,             0000037P    115
0.01090017214894392D0,0.0D0,0.0D0,1.0D0;                         0000037P    116
126,1,1,1,0,1,0,-2.259499999999995D0,-2.259499999999995D0,       0000039P    117
-1.042D0,-1.042D0,1.0D0,1.0D0,1.0D0,0.005000000000004335D0,      0000039P    118
0.0D0,1.0D0,1.2225D0,0.0D0,-2.259499999999995D0,-1.042D0,0.0D0,  0000039P    119
0.0D0,1.0D0;                                                     0000039P    120
126,1,1,1,0,1,0,-1.0D0,-1.0D0,-0.0D0,-0.0D0,1.0D0,1.0D0,1.0D0,   0000041P    121
1.2225D0,0.0D0,0.0D0,1.2225D0,0.0D0,-1.0D0,-0.0D0,0.0D0,0.0D0,   0000041P    122
1.0D0;                                                           0000041P    123
102,5,33,35,37,39,41;                                            0000043P    124
126,3,3,1,0,1,0,-1.2225D0,-1.2225D0,-1.2225D0,-1.2225D0,         0000045P    125
-0.00499999999999973D0,-0.00499999999999973D0,                   0000045P    126
-0.00499999999999973D0,-0.00499999999999973D0,1.0D0,1.0D0,1.0D0, 0000045P    127
1.0D0,1.387778780781445D-16,0.3000000000000029D0,                0000045P    128
-0.1149999999999936D0,-0.4058333333333333D0,                     0000045P    129
0.3000000000000029D0,-0.1149999999999936D0,                      0000045P    130
-0.8116666666666668D0,0.3000000000000029D0,                      0000045P    131
-0.1149999999999936D0,-1.2175D0,0.3000000000000028D0,            0000045P    132
-0.1149999999999936D0,-1.2225D0,-0.00499999999999973D0,0.0D0,    0000045P    133
0.0D0,1.0D0;                                                     0000045P    134
126,5,3,1,0,1,0,-1.000012499921876D0,-1.000012499921876D0,       0000047P    135
-1.000012499921876D0,-1.000012499921876D0,-0.500006249960938D0,  0000047P    136
-0.500006249960938D0,-0.4074356100504759D0,                      0000047P    137
-0.4074356100504759D0,-0.4074356100504759D0,                     0000047P    138
-0.4074356100504759D0,1.0D0,1.0D0,1.0D0,1.0D0,1.0D0,1.0D0,       0000047P    139
-1.2175D0,0.3000000000000028D0,-0.1149999999999936D0,            0000047P    140
-1.218678511301978D0,0.3000000000000029D0,-0.1158333333333269D0, 0000047P    141
-1.220059223176555D0,0.2995118446353138D0,-0.1166666666666603D0, 0000047P    142
-1.221216287064472D0,0.298354780747396D0,-0.1176542824713256D0,  0000047P    143
-1.221380307996611D0,0.298160166158649D0,-0.1178085649426575D0,  0000047P    144
-1.22152759670235D0,0.29795553957597D0,-0.1179628474139895D0,    0000047P    145
-1.000012499921876D0,-0.4074356100504759D0,0.0D0,                0000047P    146
-0.6020272530607658D0,0.798475539119458D0;                       0000047P    147
126,3,3,1,0,1,0,0.004198819294276476D0,0.004198819294276476D0,   0000049P    148
0.004198819294276476D0,0.004198819294276476D0,                   0000049P    149
0.01090017214894392D0,0.01090017214894392D0,                     0000049P    150
0.01090017214894392D0,0.01090017214894392D0,1.0D0,1.0D0,1.0D0,   0000049P    151
1.0D0,-1.22152759670235D0,0.29795553957597D0,                    0000049P    152
-0.1179628474139895D0,-1.220120036886497D0,0.2976200368870106D0, 0000049P    153
-0.1195200053599212D0,-1.218570021123347D0,0.2960700211235498D0, 0000049P    154
-0.1199999999999071D0,-1.217499999999996D0,0.2950000000000029D0, 0000049P    155
-0.1199999999999938D0,0.004198819294276476D0,                    0000049P    156
0.01090017214894392D0,-0.6700398080023984D0,                     0000049P    157
-0.5866143597118236D0,-0.4548958657451134D0;                     0000049P    158
126,3,3,1,0,1,0,0.005000000000004214D0,0.005000000000004214D0,   0000051P    159
0.005000000000004214D0,0.005000000000004214D0,1.2225D0,1.2225D0, 0000051P    160
1.2225D0,1.2225D0,1.0D0,1.0D0,1.0D0,1.0D0,-1.217499999999996D0,  0000051P    161
0.2950000000000029D0,-0.1199999999999937D0,-0.811666666666664D0, 0000051P    162
0.295000000000003D0,-0.1199999999999938D0,-0.4058333333333322D0, 0000051P    163
0.2950000000000029D0,-0.1199999999999937D0,                      0000051P    164
-8.326672684688672D-17,0.295000000000003D0,                      0000051P    165
-0.1199999999999937D0,0.005000000000004214D0,1.2225D0,0.0D0,     0000051P    166
0.0D0,1.0D0;                                                     0000051P    167
126,2,2,1,0,0,0,-1.0D0,-1.0D0,-1.0D0,-0.0D0,-0.0D0,-0.0D0,1.0D0, 0000053P    168
0.7071067811865779D0,1.0D0,-8.326672684688672D-17,               0000053P    169
0.295000000000003D0,-0.1199999999999937D0,1.387778780781372D-17, 0000053P    170
0.3000000000000027D0,-0.1199999999999935D0,                      0000053P    171
1.387778780781445D-16,0.3000000000000029D0,                      0000053P    172
-0.1149999999999936D0,-1.0D0,-0.0D0,-1.0D0,-0.0D0,-0.0D0;        0000053P    173
102,5,45,47,49,51,53;                                            0000055P    174
142,0,31,43,55,1;                                                0000057P    175
144,31,1,0,57;                                                   0000059P    176
128,3,2,3,2,0,0,0,0,0,0.0D0,0.0D0,0.0D0,0.0D0,2.2645D0,2.2645D0, 0000061P    177
2.2645D0,2.2645D0,0.0D0,0.0D0,0.0D0,1.0D0,1.0D0,1.0D0,1.0D0,     0000061P    178
1.0D0,0.9999999999999998D0,1.0D0,0.7071067811865511D0,           0000061P    179
0.7071067811865475D0,0.7071067811865522D0,0.7071067811865513D0,  0000061P    180
1.0D0,1.0D0,0.9999999999999998D0,1.0D0,-1.2225D0,-0.3D0,         0000061P    181
-0.115D0,-0.4676666666666667D0,-0.3000000000000002D0,-0.115D0,   0000061P    182
0.2871666666666665D0,-0.3000000000000001D0,-0.115D0,1.042D0,     0000061P    183
-0.3D0,-0.115D0,-1.2225D0,-0.3D0,-0.12D0,-0.4676666666666665D0,  0000061P    184
-0.3D0,-0.12D0,0.2871666666666653D0,-0.2999999999999999D0,       0000061P    185
-0.1199999999999999D0,1.041999999999999D0,-0.3D0,-0.12D0,        0000061P    186
-1.2225D0,-0.295D0,-0.12D0,-0.4676666666666669D0,-0.295D0,       0000061P    187
-0.12D0,0.2871666666666667D0,-0.2949999999999999D0,              0000061P    188
-0.1199999999999999D0,1.042D0,-0.295D0,-0.12D0,0.0D0,2.2645D0,   0000061P    189
0.0D0,1.0D0;                                                     0000061P    190
126,1,1,1,0,1,0,1.2225D0,1.2225D0,2.2645D0,2.2645D0,1.0D0,1.0D0, 0000063P    191
1.2225D0,0.0D0,0.0D0,2.2645D0,0.0D0,0.0D0,1.2225D0,2.2645D0,     0000063P    192
0.0D0,0.0D0,1.0D0;                                               0000063P    193
126,1,1,1,0,1,0,0.0D0,0.0D0,1.000045123981913D0,                 0000065P    194
1.000045123981913D0,1.0D0,1.0D0,2.2645D0,0.0D0,0.0D0,            0000065P    195
2.254999999999999D0,1.0D0,0.0D0,0.0D0,1.000045123981913D0,0.0D0, 0000065P    196
0.0D0,1.0D0;                                                     0000065P    197
126,1,1,1,0,1,0,0.009500000000000062D0,0.009500000000000062D0,   0000067P    198
1.042D0,1.042D0,1.0D0,1.0D0,2.254999999999999D0,1.0D0,0.0D0,     0000067P    199
1.2225D0,1.0D0,0.0D0,0.009500000000000062D0,1.042D0,0.0D0,0.0D0, 0000067P    200
1.0D0;                                                           0000067P    201
126,1,1,1,0,1,0,-1.0D0,-1.0D0,-0.0D0,-0.0D0,1.0D0,1.0D0,         0000069P    202
1.2225D0,1.0D0,0.0D0,1.2225D0,0.0D0,0.0D0,-1.0D0,-0.0D0,0.0D0,   0000069P    203
0.0D0,1.0D0;                                                     0000069P    204
102,4,63,65,67,69;                                               0000071P    205
126,3,3,1,0,1,0,1.2225D0,1.2225D0,1.2225D0,1.2225D0,2.2645D0,    0000073P    206
2.2645D0,2.2645D0,2.2645D0,1.0D0,1.0D0,1.0D0,1.0D0,              0000073P    207
1.387778780781445D-16,-0.3000000000000002D0,-0.115D0,            0000073P    208
0.3473333333333333D0,-0.3000000000000001D0,-0.115D0,             0000073P    209
0.6946666666666663D0,-0.3D0,-0.115D0,1.041999999999999D0,        0000073P    210
-0.2999999999999999D0,-0.115D0,1.2225D0,2.2645D0,0.0D0,0.0D0,    0000073P    211
1.0D0;                                                           0000073P    212
126,5,3,1,0,1,0,0.0D0,0.0D0,0.0D0,0.0D0,0.5000225619909565D0,    0000075P    213
0.5000225619909565D0,1.000045123981913D0,1.000045123981913D0,    0000075P    214
1.000045123981913D0,1.000045123981913D0,1.0D0,1.0D0,1.0D0,1.0D0, 0000075P    215
1.0D0,1.0D0,1.042D0,-0.3D0,-0.115D0,1.040416666666666D0,-0.3D0,  0000075P    216
-0.1161785113019776D0,1.038833333333333D0,-0.2995118446353109D0, 0000075P    217
-0.1175592231765546D0,1.035666666666667D0,-0.2975592231765546D0, 0000075P    218
-0.1195118446353109D0,1.034083333333333D0,-0.2961785113019776D0, 0000075P    219
-0.12D0,1.0325D0,-0.295D0,-0.12D0,0.0D0,1.000045123981913D0,     0000075P    220
0.6179688053480954D0,0.5559292021546282D0,-0.5559292021547045D0; 0000075P    221
126,3,3,1,0,1,0,-2.254999999999999D0,-2.254999999999999D0,       0000077P    222
-2.254999999999999D0,-2.254999999999999D0,-1.2225D0,-1.2225D0,   0000077P    223
-1.2225D0,-1.2225D0,1.0D0,1.0D0,1.0D0,1.0D0,1.0325D0,-0.295D0,   0000077P    224
-0.12D0,0.6883333333333332D0,-0.2949999999999999D0,              0000077P    225
-0.1199999999999999D0,0.3441666666666666D0,                      0000077P    226
-0.2949999999999999D0,-0.1199999999999999D0,                     0000077P    227
-8.32667268468867D-17,-0.2949999999999999D0,-0.12D0,             0000077P    228
-2.254999999999999D0,-1.2225D0,0.0D0,0.0D0,1.0D0;                0000077P    229
126,2,2,1,0,0,0,-1.0D0,-1.0D0,-1.0D0,-0.0D0,-0.0D0,-0.0D0,1.0D0, 0000079P    230
0.7071067811866123D0,1.0D0,-8.326672684688672D-17,-0.295D0,      0000079P    231
-0.12D0,1.387778780781428D-17,-0.2999999999999997D0,             0000079P    232
-0.1199999999999996D0,1.387778780781445D-16,                     0000079P    233
-0.3000000000000002D0,-0.115D0,-1.0D0,-0.0D0,1.0D0,0.0D0,0.0D0;  0000079P    234
102,4,73,75,77,79;                                               0000081P    235
142,0,61,71,81,1;                                                0000083P    236
144,61,1,0,83;                                                   0000085P    237
128,3,2,3,2,0,0,0,0,0,0.0D0,0.0D0,0.0D0,0.0D0,2.2645D0,2.2645D0, 0000087P    238
2.2645D0,2.2645D0,0.0D0,0.0D0,0.0D0,1.0D0,1.0D0,1.0D0,1.0D0,     0000087P    239
1.0D0,0.9999999999999998D0,1.0D0,0.7071067811865511D0,           0000087P    240
0.7071067811865475D0,0.7071067811865522D0,0.7071067811865513D0,  0000087P    241
1.0D0,1.0D0,0.9999999999999998D0,1.0D0,-1.2225D0,-0.3D0,         0000087P    242
-0.115D0,-0.4676666666666667D0,-0.3000000000000002D0,-0.115D0,   0000087P    243
0.2871666666666665D0,-0.3000000000000001D0,-0.115D0,1.042D0,     0000087P    244
-0.3D0,-0.115D0,-1.2225D0,-0.3D0,-0.12D0,-0.4676666666666665D0,  0000087P    245
-0.3D0,-0.12D0,0.2871666666666653D0,-0.2999999999999999D0,       0000087P    246
-0.1199999999999999D0,1.041999999999999D0,-0.3D0,-0.12D0,        0000087P    247
-1.2225D0,-0.295D0,-0.12D0,-0.4676666666666669D0,-0.295D0,       0000087P    248
-0.12D0,0.2871666666666667D0,-0.2949999999999999D0,              0000087P    249
-0.1199999999999999D0,1.042D0,-0.295D0,-0.12D0,0.0D0,2.2645D0,   0000087P    250
0.0D0,1.0D0;                                                     0000087P    251
126,1,1,1,0,1,0,0.0D0,0.0D0,1.0D0,1.0D0,1.0D0,1.0D0,1.2225D0,    0000089P    252
0.0D0,0.0D0,1.2225D0,1.0D0,0.0D0,0.0D0,1.0D0,0.0D0,0.0D0,1.0D0;  0000089P    253
126,1,1,1,0,1,0,1.042D0,1.042D0,2.259499999999995D0,             0000091P    254
2.259499999999995D0,1.0D0,1.0D0,1.2225D0,1.0D0,0.0D0,            0000091P    255
0.005000000000004335D0,1.0D0,0.0D0,1.042D0,2.259499999999995D0,  0000091P    256
0.0D0,0.0D0,1.0D0;                                               0000091P    257
126,3,3,1,0,1,0,-0.01090017214894392D0,-0.01090017214894392D0,   0000093P    258
-0.01090017214894392D0,-0.01090017214894392D0,                   0000093P    259
-0.005005501145901665D0,-0.005005501145901665D0,                 0000093P    260
-0.005005501145901665D0,-0.005005501145901665D0,1.0D0,1.0D0,     0000093P    261
1.0D0,1.0D0,0.005000000000004335D0,1.0D0,0.0D0,                  0000093P    262
0.003799049801186358D0,0.8301599941103717D0,0.0D0,               0000093P    263
0.002578232495464905D0,0.6637401969781045D0,0.0D0,               0000093P    264
0.0009526491927297944D0,0.5007451632013606D0,0.0D0,              0000093P    265
-0.01090017214894392D0,-0.005005501145901665D0,0.0D0,0.0D0,      0000093P    266
1.0D0;                                                           0000093P    267
126,6,3,1,0,1,0,0.4141164831626574D0,0.4141164831626574D0,       0000095P    268
0.4141164831626574D0,0.4141164831626574D0,0.500006249960938D0,   0000095P    269
0.500006249960938D0,0.500006249960938D0,1.000012499921876D0,     0000095P    270
1.000012499921876D0,1.000012499921876D0,1.000012499921876D0,     0000095P    271
1.0D0,1.0D0,1.0D0,1.0D0,1.0D0,1.0D0,1.0D0,                       0000095P    272
0.0009526491927297944D0,0.5007451632013606D0,0.0D0,              0000095P    273
0.001101673659452298D0,0.466229342409506D0,0.0D0,                0000095P    274
0.001271535027388637D0,0.4317135198453984D0,0.0D0,               0000095P    275
0.001464466094067383D0,0.397197676620211D0,0.0D0,                0000095P    276
0.00220455569899256D0,0.2647938226637953D0,0.0D0,                0000095P    277
0.003676019893865871D0,0.132398010613402D0,0.0D0,                0000095P    278
0.00499999999999973D0,0.0D0,0.0D0,0.4141164831626574D0,          0000095P    279
1.000012499921876D0,0.0D0,0.0D0,1.0D0;                           0000095P    280
126,1,1,1,0,1,0,0.00499999999999973D0,0.00499999999999973D0,     0000097P    281
1.2225D0,1.2225D0,1.0D0,1.0D0,0.00499999999999973D0,0.0D0,0.0D0, 0000097P    282
1.2225D0,0.0D0,0.0D0,0.00499999999999973D0,1.2225D0,0.0D0,0.0D0, 0000097P    283
1.0D0;                                                           0000097P    284
102,5,89,91,93,95,97;                                            0000099P    285
126,2,2,1,0,0,0,0.0D0,0.0D0,0.0D0,1.0D0,1.0D0,1.0D0,1.0D0,       0000101P    286
0.7071067811866123D0,1.0D0,1.387778780781445D-16,                0000101P    287
-0.3000000000000002D0,-0.115D0,1.387778780781428D-17,            0000101P    288
-0.2999999999999997D0,-0.1199999999999996D0,                     0000101P    289
-8.326672684688672D-17,-0.295D0,-0.12D0,0.0D0,1.0D0,1.0D0,0.0D0, 0000101P    290
0.0D0;                                                           0000101P    291
126,3,3,1,0,1,0,-1.2225D0,-1.2225D0,-1.2225D0,-1.2225D0,         0000103P    292
-0.005000000000004214D0,-0.005000000000004214D0,                 0000103P    293
-0.005000000000004214D0,-0.005000000000004214D0,1.0D0,1.0D0,     0000103P    294
1.0D0,1.0D0,-8.326672684688672D-17,-0.295D0,-0.12D0,             0000103P    295
-0.4058333333333322D0,-0.295D0,-0.12D0,-0.811666666666664D0,     0000103P    296
-0.295D0,-0.12D0,-1.217499999999996D0,-0.2949999999999999D0,     0000103P    297
-0.12D0,-1.2225D0,-0.005000000000004214D0,0.0D0,0.0D0,1.0D0;     0000103P    298
126,3,3,1,0,1,0,-0.01090017214894392D0,-0.01090017214894392D0,   0000105P    299
-0.01090017214894392D0,-0.01090017214894392D0,                   0000105P    300
-0.004198819294276476D0,-0.004198819294276476D0,                 0000105P    301
-0.004198819294276476D0,-0.004198819294276476D0,1.0D0,1.0D0,     0000105P    302
1.0D0,1.0D0,-1.217499999999996D0,-0.295D0,-0.12D0,               0000105P    303
-1.218570021123347D0,-0.2960700211235469D0,                      0000105P    304
-0.1199999999999134D0,-1.220120036886497D0,                      0000105P    305
-0.2976200368870076D0,-0.1195200053599275D0,-1.22152759670235D0, 0000105P    306
-0.2979555395759671D0,-0.1179628474139958D0,                     0000105P    307
-0.01090017214894392D0,-0.004198819294276476D0,                  0000105P    308
-0.6700398080023988D0,0.5866143597118383D0,                      0000105P    309
-0.4548958657450942D0;                                           0000105P    310
126,5,3,1,0,1,0,0.4074356100504759D0,0.4074356100504759D0,       0000107P    311
0.4074356100504759D0,0.4074356100504759D0,0.500006249960938D0,   0000107P    312
0.500006249960938D0,1.000012499921876D0,1.000012499921876D0,     0000107P    313
1.000012499921876D0,1.000012499921876D0,1.0D0,1.0D0,1.0D0,1.0D0, 0000107P    314
1.0D0,1.0D0,-1.22152759670235D0,-0.2979555395759671D0,           0000107P    315
-0.1179628474139958D0,-1.221380307996611D0,                      0000107P    316
-0.2981601661586461D0,-0.1178085649426639D0,                     0000107P    317
-1.221216287064472D0,-0.2983547807473931D0,                      0000107P    318
-0.1176542824713319D0,-1.220059223176555D0,                      0000107P    319
-0.2995118446353109D0,-0.1166666666666666D0,                     0000107P    320
-1.218678511301978D0,-0.3D0,-0.1158333333333333D0,-1.2175D0,     0000107P    321
-0.3D0,-0.1149999999999999D0,0.4074356100504759D0,               0000107P    322
1.000012499921876D0,0.0D0,-0.6020272530607658D0,                 0000107P    323
-0.798475539119458D0;                                            0000107P    324
126,3,3,1,0,1,0,0.00499999999999973D0,0.00499999999999973D0,     0000109P    325
0.00499999999999973D0,0.00499999999999973D0,1.2225D0,1.2225D0,   0000109P    326
1.2225D0,1.2225D0,1.0D0,1.0D0,1.0D0,1.0D0,-1.2175D0,-0.3D0,      0000109P    327
-0.1149999999999999D0,-0.8116666666666668D0,                     0000109P    328
-0.3000000000000001D0,-0.115D0,-0.4058333333333333D0,            0000109P    329
-0.3000000000000001D0,-0.115D0,1.387778780781445D-16,            0000109P    330
-0.3000000000000001D0,-0.115D0,0.00499999999999973D0,1.2225D0,   0000109P    331
0.0D0,0.0D0,1.0D0;                                               0000109P    332
102,5,101,103,105,107,109;                                       0000111P    333
142,0,87,99,111,1;                                               0000113P    334
144,87,1,0,113;                                                  0000115P    335
128,1,1,1,1,0,0,1,0,0,0.0D0,0.0D0,2.445D0,2.445D0,0.0D0,0.0D0,   0000117P    336
0.25D0,0.25D0,1.0D0,1.0D0,1.0D0,1.0D0,-1.2225D0,-0.3D0,-0.12D0,  0000117P    337
1.2225D0,-0.3D0,-0.12D0,-1.2225D0,-0.3D0,0.13D0,1.2225D0,-0.3D0, 0000117P    338
0.13D0,0.0D0,2.445D0,0.0D0,0.25D0;                               0000117P    339
126,3,3,1,0,1,0,1.2225D0,1.2225D0,1.2225D0,1.2225D0,             0000119P    340
2.264499999999999D0,2.264499999999999D0,2.264499999999999D0,     0000119P    341
2.264499999999999D0,1.0D0,1.0D0,1.0D0,1.0D0,1.2225D0,            0000119P    342
0.005000000000000004D0,0.0D0,1.569833333333333D0,                0000119P    343
0.005000000000000004D0,0.0D0,1.917166666666666D0,                0000119P    344
0.005000000000000004D0,0.0D0,2.264499999999999D0,                0000119P    345
0.005000000000000004D0,0.0D0,1.2225D0,2.264499999999999D0,0.0D0, 0000119P    346
0.0D0,1.0D0;                                                     0000119P    347
126,1,1,1,0,1,0,-0.203973650259048D0,-0.203973650259048D0,       0000121P    348
-0.005650239619362539D0,-0.005650239619362539D0,1.0D0,1.0D0,     0000121P    349
2.264499999999999D0,0.005000000000000004D0,0.0D0,                0000121P    350
2.440000000000001D0,0.09736842105263233D0,0.0D0,                 0000121P    351
-0.203973650259048D0,-0.005650239619362539D0,0.0D0,0.0D0,1.0D0;  0000121P    352
126,3,3,1,0,1,0,0.09736842105263227D0,0.09736842105263227D0,     0000123P    353
0.09736842105263227D0,0.09736842105263227D0,0.12D0,0.12D0,       0000123P    354
0.12D0,0.12D0,1.0D0,1.0D0,1.0D0,1.0D0,2.440000000000001D0,       0000123P    355
0.09736842105263233D0,0.0D0,2.440000000000001D0,                 0000123P    356
0.1049122807017549D0,0.0D0,2.440000000000001D0,                  0000123P    357
0.1124561403508774D0,0.0D0,2.440000000000001D0,0.12D0,0.0D0,     0000123P    358
0.09736842105263227D0,0.12D0,0.0D0,0.0D0,1.0D0;                  0000123P    359
126,1,1,1,0,1,0,-2.440000000000001D0,-2.440000000000001D0,       0000125P    360
-1.2225D0,-1.2225D0,1.0D0,1.0D0,2.440000000000001D0,0.12D0,      0000125P    361
0.0D0,1.2225D0,0.12D0,0.0D0,-2.440000000000001D0,-1.2225D0,      0000125P    362
0.0D0,0.0D0,1.0D0;                                               0000125P    363
126,1,1,1,0,1,0,-0.147536804852156D0,-0.147536804852156D0,       0000127P    364
-0.03253680485215601D0,-0.03253680485215601D0,1.0D0,1.0D0,       0000127P    365
1.2225D0,0.12D0,0.0D0,1.2225D0,0.005000000000000004D0,0.0D0,     0000127P    366
-0.147536804852156D0,-0.03253680485215601D0,0.0D0,0.0D0,1.0D0;   0000127P    367
102,5,119,121,123,125,127;                                       0000129P    368
126,3,3,1,0,1,0,1.222500000000001D0,1.222500000000001D0,         0000131P    369
1.222500000000001D0,1.222500000000001D0,2.2645D0,2.2645D0,       0000131P    370
2.2645D0,2.2645D0,1.0D0,1.0D0,1.0D0,1.0D0,6.106226635438361D-16, 0000131P    371
-0.3000000000000002D0,-0.115D0,0.3473333333333333D0,             0000131P    372
-0.3000000000000001D0,-0.1150000000000001D0,                     0000131P    373
0.6946666666666661D0,-0.3000000000000001D0,                      0000131P    374
-0.1150000000000002D0,1.041999999999999D0,-0.3D0,                0000131P    375
-0.1150000000000004D0,1.222500000000001D0,2.2645D0,0.0D0,0.0D0,  0000131P    376
1.0D0;                                                           0000131P    377
126,1,1,1,0,1,0,-0.203973650259048D0,-0.203973650259048D0,       0000133P    378
-0.005650239619362539D0,-0.005650239619362539D0,1.0D0,1.0D0,     0000133P    379
1.041999999999999D0,-0.3D0,-0.1150000000000004D0,                0000133P    380
1.217500000000001D0,-0.3D0,-0.02263157894736767D0,               0000133P    381
-0.203973650259048D0,-0.005650239619362539D0,0.0D0,1.0D0,0.0D0;  0000133P    382
126,3,3,1,0,1,0,0.0973684210526323D0,0.0973684210526323D0,       0000135P    383
0.0973684210526323D0,0.0973684210526323D0,0.12D0,0.12D0,0.12D0,  0000135P    384
0.12D0,1.0D0,1.0D0,1.0D0,1.0D0,1.217500000000001D0,-0.3D0,       0000135P    385
-0.02263157894736767D0,1.217500000000001D0,-0.3D0,               0000135P    386
-0.01508771929824511D0,1.217500000000001D0,-0.3D0,               0000135P    387
-0.007543859649122557D0,1.217500000000001D0,-0.3D0,0.0D0,        0000135P    388
0.0973684210526323D0,0.12D0,1.0D0,0.0D0,0.0D0;                   0000135P    389
126,1,1,1,0,1,0,-2.440000000000001D0,-2.440000000000001D0,       0000137P    390
-1.2225D0,-1.2225D0,1.0D0,1.0D0,1.217500000000001D0,-0.3D0,      0000137P    391
0.0D0,2.220446049250313D-16,-0.3D0,0.0D0,-2.440000000000001D0,   0000137P    392
-1.2225D0,0.0D0,0.0D0,1.0D0;                                     0000137P    393
126,1,1,1,0,1,0,-0.147536804852156D0,-0.147536804852156D0,       0000139P    394
-0.03253680485215601D0,-0.03253680485215601D0,1.0D0,1.0D0,       0000139P    395
2.220446049250313D-16,-0.3D0,0.0D0,6.106226635438361D-16,        0000139P    396
-0.3000000000000002D0,-0.115D0,-0.147536804852156D0,             0000139P    397
-0.03253680485215601D0,1.0D0,0.0D0,0.0D0;                        0000139P    398
102,5,131,133,135,137,139;                                       0000141P    399
142,0,117,129,141,1;                                             0000143P    400
144,117,1,0,143;                                                 0000145P    401
128,1,1,1,1,0,0,1,0,0,0.0D0,0.0D0,2.445D0,2.445D0,0.0D0,0.0D0,   0000147P    402
0.25D0,0.25D0,1.0D0,1.0D0,1.0D0,1.0D0,-1.2225D0,-0.3D0,-0.12D0,  0000147P    403
1.2225D0,-0.3D0,-0.12D0,-1.2225D0,-0.3D0,0.13D0,1.2225D0,-0.3D0, 0000147P    404
0.13D0,0.0D0,2.445D0,0.0D0,0.25D0;                               0000147P    405
126,1,1,1,0,1,0,0.03253680485215601D0,0.03253680485215601D0,     0000149P    406
0.147536804852156D0,0.147536804852156D0,1.0D0,1.0D0,1.2225D0,    0000149P    407
0.005000000000000004D0,0.0D0,1.2225D0,0.12D0,0.0D0,              0000149P    408
0.03253680485215601D0,0.147536804852156D0,0.0D0,0.0D0,1.0D0;     0000149P    409
126,1,1,1,0,1,0,-1.2225D0,-1.2225D0,-0.00499999999999994D0,      0000151P    410
-0.00499999999999994D0,1.0D0,1.0D0,1.2225D0,0.12D0,0.0D0,        0000151P    411
0.004999999999999893D0,0.12D0,0.0D0,-1.2225D0,                   0000151P    412
-0.00499999999999994D0,0.0D0,0.0D0,1.0D0;                        0000151P    413
126,3,3,1,0,1,0,0.13D0,0.13D0,0.13D0,0.13D0,                     0000153P    414
0.2449999999999999D0,0.2449999999999999D0,0.2449999999999999D0,  0000153P    415
0.2449999999999999D0,1.0D0,1.0D0,1.0D0,1.0D0,                    0000153P    416
0.004999999999999893D0,0.12D0,0.0D0,0.004999999999999893D0,      0000153P    417
0.08166666666666661D0,0.0D0,0.004999999999999893D0,              0000153P    418
0.04333333333333329D0,0.0D0,0.004999999999999893D0,              0000153P    419
0.005000000000000002D0,0.0D0,0.13D0,0.2449999999999999D0,0.0D0,  0000153P    420
0.0D0,1.0D0;                                                     0000153P    421
126,3,3,1,0,1,0,0.004999999999999671D0,0.004999999999999671D0,   0000155P    422
0.004999999999999671D0,0.004999999999999671D0,1.2225D0,1.2225D0, 0000155P    423
1.2225D0,1.2225D0,1.0D0,1.0D0,1.0D0,1.0D0,                       0000155P    424
0.004999999999999893D0,0.005000000000000002D0,0.0D0,             0000155P    425
0.4108333333333332D0,0.005000000000000004D0,0.0D0,               0000155P    426
0.8166666666666667D0,0.005000000000000004D0,0.0D0,1.2225D0,      0000155P    427
0.005000000000000004D0,0.0D0,0.004999999999999671D0,1.2225D0,    0000155P    428
0.0D0,0.0D0,1.0D0;                                               0000155P    429
102,4,149,151,153,155;                                           0000157P    430
126,1,1,1,0,1,0,0.03253680485215601D0,0.03253680485215601D0,     0000159P    431
0.147536804852156D0,0.147536804852156D0,1.0D0,1.0D0,             0000159P    432
6.106226635438361D-16,-0.3000000000000002D0,-0.115D0,            0000159P    433
2.220446049250313D-16,-0.3D0,0.0D0,0.03253680485215601D0,        0000159P    434
0.147536804852156D0,1.0D0,0.0D0,0.0D0;                           0000159P    435
126,1,1,1,0,1,0,-1.2225D0,-1.2225D0,-0.00499999999999994D0,      0000161P    436
-0.00499999999999994D0,1.0D0,1.0D0,2.220446049250313D-16,-0.3D0, 0000161P    437
0.0D0,-1.2175D0,-0.3D0,0.0D0,-1.2225D0,-0.00499999999999994D0,   0000161P    438
0.0D0,0.0D0,1.0D0;                                               0000161P    439
126,3,3,1,0,1,0,0.13D0,0.13D0,0.13D0,0.13D0,                     0000163P    440
0.2449999999999999D0,0.2449999999999999D0,0.2449999999999999D0,  0000163P    441
0.2449999999999999D0,1.0D0,1.0D0,1.0D0,1.0D0,-1.2175D0,-0.3D0,   0000163P    442
0.0D0,-1.2175D0,-0.3D0,-0.03833333333333333D0,-1.2175D0,-0.3D0,  0000163P    443
-0.07666666666666666D0,-1.2175D0,-0.3000000000000002D0,-0.115D0, 0000163P    444
0.13D0,0.2449999999999999D0,1.0D0,0.0D0,0.0D0;                   0000163P    445
126,3,3,1,0,1,0,0.004999999999999895D0,0.004999999999999895D0,   0000165P    446
0.004999999999999895D0,0.004999999999999895D0,                   0000165P    447
1.222500000000001D0,1.222500000000001D0,1.222500000000001D0,     0000165P    448
1.222500000000001D0,1.0D0,1.0D0,1.0D0,1.0D0,-1.2175D0,           0000165P    449
-0.3000000000000002D0,-0.115D0,-0.8116666666666668D0,            0000165P    450
-0.3000000000000002D0,-0.115D0,-0.4058333333333332D0,            0000165P    451
-0.3000000000000002D0,-0.115D0,6.106226635438361D-16,            0000165P    452
-0.3000000000000002D0,-0.115D0,0.004999999999999895D0,           0000165P    453
1.222500000000001D0,0.0D0,0.0D0,1.0D0;                           0000165P    454
102,4,159,161,163,165;                                           0000167P    455
142,0,147,157,167,1;                                             0000169P    456
144,147,1,0,169;                                                 0000171P    457
128,1,1,1,1,0,0,1,0,0,0.0D0,0.0D0,0.6D0,0.6D0,0.0D0,0.0D0,       0000173P    458
2.445D0,2.445D0,1.0D0,1.0D0,1.0D0,1.0D0,-1.2225D0,-0.3D0,        0000173P    459
-0.12D0,-1.2225D0,0.3D0,-0.12D0,1.2225D0,-0.3D0,-0.12D0,         0000173P    460
1.2225D0,0.3D0,-0.12D0,0.0D0,0.6D0,0.0D0,2.445D0;                0000173P    461
126,1,1,1,0,1,0,0.03104379794685439D0,0.03104379794685439D0,     0000175P    462
0.3260437979468545D0,0.3260437979468545D0,1.0D0,1.0D0,           0000175P    463
0.005000000000000006D0,1.2225D0,0.0D0,0.3000000000000002D0,      0000175P    464
1.2225D0,0.0D0,0.03104379794685439D0,0.3260437979468545D0,0.0D0, 0000175P    465
0.0D0,1.0D0;                                                     0000175P    466
126,1,1,1,0,1,0,1.2225D0,1.2225D0,2.254999999999999D0,           0000177P    467
2.254999999999999D0,1.0D0,1.0D0,0.3000000000000002D0,1.2225D0,   0000177P    468
0.0D0,0.3D0,2.254999999999999D0,0.0D0,1.2225D0,                  0000177P    469
2.254999999999999D0,0.0D0,0.0D0,1.0D0;                           0000177P    470
126,1,1,1,0,1,0,-0.3D0,-0.3D0,-0.005000000000000005D0,           0000179P    471
-0.005000000000000005D0,1.0D0,1.0D0,0.3D0,2.254999999999999D0,   0000179P    472
0.0D0,0.005000000000000004D0,2.254999999999999D0,0.0D0,-0.3D0,   0000179P    473
-0.005000000000000005D0,0.0D0,0.0D0,1.0D0;                       0000179P    474
126,3,3,1,0,1,0,-2.254999999999999D0,-2.254999999999999D0,       0000181P    475
-2.254999999999999D0,-2.254999999999999D0,-1.222500000000001D0,  0000181P    476
-1.222500000000001D0,-1.222500000000001D0,-1.222500000000001D0,  0000181P    477
1.0D0,1.0D0,1.0D0,1.0D0,0.005000000000000004D0,                  0000181P    478
2.254999999999999D0,0.0D0,0.005000000000000004D0,                0000181P    479
1.910833333333333D0,0.0D0,0.005000000000000004D0,                0000181P    480
1.566666666666667D0,0.0D0,0.005000000000000006D0,1.2225D0,0.0D0, 0000181P    481
-2.254999999999999D0,-1.222500000000001D0,0.0D0,0.0D0,1.0D0;     0000181P    482
102,4,175,177,179,181;                                           0000183P    483
126,1,1,1,0,1,0,0.03104379794685444D0,0.03104379794685444D0,     0000185P    484
0.3260437979468546D0,0.3260437979468546D0,1.0D0,1.0D0,           0000185P    485
1.360023205165817D-15,-0.295D0,-0.12D0,2.220446049250313D-16,    0000185P    486
2.033357468603945D-16,-0.12D0,0.03104379794685444D0,             0000185P    487
0.3260437979468546D0,0.0D0,0.0D0,1.0D0;                          0000185P    488
126,1,1,1,0,1,0,1.2225D0,1.2225D0,2.254999999999999D0,           0000187P    489
2.254999999999999D0,1.0D0,1.0D0,2.220446049250313D-16,           0000187P    490
2.033357468603945D-16,-0.12D0,1.0325D0,0.0D0,-0.12D0,1.2225D0,   0000187P    491
2.254999999999999D0,0.0D0,0.0D0,1.0D0;                           0000187P    492
126,1,1,1,0,1,0,-0.3D0,-0.3D0,-0.005000000000000005D0,           0000189P    493
-0.005000000000000005D0,1.0D0,1.0D0,1.0325D0,0.0D0,-0.12D0,      0000189P    494
1.0325D0,-0.295D0,-0.12D0,-0.3D0,-0.005000000000000005D0,0.0D0,  0000189P    495
0.0D0,1.0D0;                                                     0000189P    496
126,3,3,1,0,1,0,-2.254999999999999D0,-2.254999999999999D0,       0000191P    497
-2.254999999999999D0,-2.254999999999999D0,-1.222500000000001D0,  0000191P    498
-1.222500000000001D0,-1.222500000000001D0,-1.222500000000001D0,  0000191P    499
1.0D0,1.0D0,1.0D0,1.0D0,1.0325D0,-0.295D0,-0.12D0,               0000191P    500
0.6883333333333335D0,-0.295D0,-0.12D0,0.3441666666666674D0,      0000191P    501
-0.295D0,-0.12D0,1.360023205165817D-15,-0.295D0,-0.12D0,         0000191P    502
-2.254999999999999D0,-1.222500000000001D0,0.0D0,0.0D0,1.0D0;     0000191P    503
102,4,185,187,189,191;                                           0000193P    504
142,0,173,183,193,1;                                             0000195P    505
144,173,1,0,195;                                                 0000197P    506
128,1,1,1,1,0,0,1,0,0,0.0D0,0.0D0,0.6D0,0.6D0,0.0D0,0.0D0,       0000199P    507
2.445D0,2.445D0,1.0D0,1.0D0,1.0D0,1.0D0,-1.2225D0,-0.3D0,        0000199P    508
-0.12D0,-1.2225D0,0.3D0,-0.12D0,1.2225D0,-0.3D0,-0.12D0,         0000199P    509
1.2225D0,0.3D0,-0.12D0,0.0D0,0.6D0,0.0D0,2.445D0;                0000199P    510
126,3,3,1,0,1,0,-1.222500000000001D0,-1.222500000000001D0,       0000201P    511
-1.222500000000001D0,-1.222500000000001D0,                       0000201P    512
-0.005000000000000115D0,-0.005000000000000115D0,                 0000201P    513
-0.005000000000000115D0,-0.005000000000000115D0,1.0D0,1.0D0,     0000201P    514
1.0D0,1.0D0,0.005000000000000006D0,1.2225D0,0.0D0,               0000201P    515
0.005000000000000004D0,0.8166666666666675D0,0.0D0,               0000201P    516
0.005000000000000004D0,0.4108333333333338D0,0.0D0,               0000201P    517
0.005000000000000004D0,0.004999999999999891D0,0.0D0,             0000201P    518
-1.222500000000001D0,-0.005000000000000115D0,0.0D0,0.0D0,1.0D0;  0000201P    519
126,3,3,1,0,1,0,-0.5949999999999999D0,-0.5949999999999999D0,     0000203P    520
-0.5949999999999999D0,-0.5949999999999999D0,                     0000203P    521
-0.2999999999999997D0,-0.2999999999999997D0,                     0000203P    522
-0.2999999999999997D0,-0.2999999999999997D0,1.0D0,1.0D0,1.0D0,   0000203P    523
1.0D0,0.005000000000000004D0,0.004999999999999891D0,0.0D0,       0000203P    524
0.1033333333333336D0,0.004999999999999893D0,0.0D0,               0000203P    525
0.201666666666667D0,0.004999999999999893D0,0.0D0,                0000203P    526
0.3000000000000005D0,0.004999999999999894D0,0.0D0,               0000203P    527
-0.5949999999999999D0,-0.2999999999999997D0,0.0D0,0.0D0,1.0D0;   0000203P    528
126,1,1,1,0,1,0,0.004999999999999457D0,0.004999999999999457D0,   0000205P    529
1.2225D0,1.2225D0,1.0D0,1.0D0,0.3000000000000005D0,              0000205P    530
0.004999999999999894D0,0.0D0,0.3000000000000002D0,1.2225D0,      0000205P    531
0.0D0,0.004999999999999457D0,1.2225D0,0.0D0,0.0D0,1.0D0;         0000205P    532
126,1,1,1,0,1,0,-0.3260437979468545D0,-0.3260437979468545D0,     0000207P    533
-0.03104379794685439D0,-0.03104379794685439D0,1.0D0,1.0D0,       0000207P    534
0.3000000000000002D0,1.2225D0,0.0D0,0.005000000000000006D0,      0000207P    535
1.2225D0,0.0D0,-0.3260437979468545D0,-0.03104379794685439D0,     0000207P    536
0.0D0,0.0D0,1.0D0;                                               0000207P    537
102,4,201,203,205,207;                                           0000209P    538
126,3,3,1,0,1,0,-1.222500000000001D0,-1.222500000000001D0,       0000211P    539
-1.222500000000001D0,-1.222500000000001D0,                       0000211P    540
-0.005000000000000397D0,-0.005000000000000397D0,                 0000211P    541
-0.005000000000000397D0,-0.005000000000000397D0,1.0D0,1.0D0,     0000211P    542
1.0D0,1.0D0,1.360023205165817D-15,-0.295D0,-0.12D0,              0000211P    543
-0.4058333333333324D0,-0.2950000000000001D0,-0.12D0,             0000211P    544
-0.8116666666666662D0,-0.2950000000000003D0,                     0000211P    545
-0.1200000000000001D0,-1.2175D0,-0.2950000000000003D0,-0.12D0,   0000211P    546
-1.222500000000001D0,-0.005000000000000397D0,0.0D0,0.0D0,1.0D0;  0000211P    547
126,3,3,1,0,1,0,-0.595D0,-0.595D0,-0.595D0,-0.595D0,             0000213P    548
-0.2999999999999998D0,-0.2999999999999998D0,                     0000213P    549
-0.2999999999999998D0,-0.2999999999999998D0,1.0D0,1.0D0,1.0D0,   0000213P    550
1.0D0,-1.2175D0,-0.2950000000000003D0,-0.12D0,-1.2175D0,         0000213P    551
-0.1966666666666664D0,-0.12D0,-1.2175D0,-0.09833333333333291D0,  0000213P    552
-0.12D0,-1.2175D0,4.431045331098186D-16,-0.12D0,-0.595D0,        0000213P    553
-0.2999999999999998D0,0.0D0,0.0D0,1.0D0;                         0000213P    554
126,1,1,1,0,1,0,0.004999999999999958D0,0.004999999999999958D0,   0000215P    555
1.2225D0,1.2225D0,1.0D0,1.0D0,-1.2175D0,4.431045331098186D-16,   0000215P    556
-0.12D0,2.220446049250313D-16,2.033357468603945D-16,-0.12D0,     0000215P    557
0.004999999999999958D0,1.2225D0,0.0D0,0.0D0,1.0D0;               0000215P    558
126,1,1,1,0,1,0,-0.3260437979468546D0,-0.3260437979468546D0,     0000217P    559
-0.03104379794685444D0,-0.03104379794685444D0,1.0D0,1.0D0,       0000217P    560
2.220446049250313D-16,2.033357468603945D-16,-0.12D0,             0000217P    561
1.360023205165817D-15,-0.295D0,-0.12D0,-0.3260437979468546D0,    0000217P    562
-0.03104379794685444D0,0.0D0,0.0D0,1.0D0;                        0000217P    563
102,4,211,213,215,217;                                           0000219P    564
142,0,199,209,219,1;                                             0000221P    565
144,199,1,0,221;                                                 0000223P    566
128,1,1,1,1,0,0,1,0,0,0.0D0,0.0D0,2.445D0,2.445D0,0.0D0,0.0D0,   0000225P    567
0.6D0,0.6D0,1.0D0,1.0D0,1.0D0,1.0D0,-1.2225D0,                   0000225P    568
0.3000000000000029D0,-0.1199999999999936D0,1.2225D0,             0000225P    569
0.3000000000000029D0,-0.1199999999999936D0,-1.2225D0,            0000225P    570
-0.299999999999997D0,-0.1200000000000064D0,1.2225D0,             0000225P    571
-0.299999999999997D0,-0.1200000000000064D0,0.0D0,2.445D0,0.0D0,  0000225P    572
0.6D0;                                                           0000225P    573
126,3,3,1,0,1,0,1.222500000000001D0,1.222500000000001D0,         0000227P    574
1.222500000000001D0,1.222500000000001D0,2.254999999999999D0,     0000227P    575
2.254999999999999D0,2.254999999999999D0,2.254999999999999D0,     0000227P    576
1.0D0,1.0D0,1.0D0,1.0D0,1.2225D0,0.005000000000000005D0,0.0D0,   0000227P    577
1.566666666666667D0,0.005000000000000004D0,0.0D0,                0000227P    578
1.910833333333333D0,0.005000000000000004D0,0.0D0,                0000227P    579
2.254999999999999D0,0.005000000000000004D0,0.0D0,                0000227P    580
1.222500000000001D0,2.254999999999999D0,0.0D0,0.0D0,1.0D0;       0000227P    581
126,1,1,1,0,1,0,0.005000000000000005D0,0.005000000000000005D0,   0000229P    582
0.3D0,0.3D0,1.0D0,1.0D0,2.254999999999999D0,                     0000229P    583
0.005000000000000004D0,0.0D0,2.254999999999999D0,0.3D0,0.0D0,    0000229P    584
0.005000000000000005D0,0.3D0,0.0D0,0.0D0,1.0D0;                  0000229P    585
126,1,1,1,0,1,0,-2.254999999999999D0,-2.254999999999999D0,       0000231P    586
-1.2225D0,-1.2225D0,1.0D0,1.0D0,2.254999999999999D0,0.3D0,0.0D0, 0000231P    587
1.2225D0,0.3000000000000002D0,0.0D0,-2.254999999999999D0,        0000231P    588
-1.2225D0,0.0D0,0.0D0,1.0D0;                                     0000231P    589
126,1,1,1,0,1,0,0.3260437979468572D0,0.3260437979468572D0,       0000233P    590
0.6210437979468572D0,0.6210437979468572D0,1.0D0,1.0D0,1.2225D0,  0000233P    591
0.3000000000000002D0,0.0D0,1.2225D0,0.005000000000000005D0,      0000233P    592
0.0D0,0.3260437979468572D0,0.6210437979468572D0,0.0D0,0.0D0,     0000233P    593
1.0D0;                                                           0000233P    594
102,4,227,229,231,233;                                           0000235P    595
126,3,3,1,0,1,0,1.222500000000001D0,1.222500000000001D0,         0000237P    596
1.222500000000001D0,1.222500000000001D0,2.254999999999999D0,     0000237P    597
2.254999999999999D0,2.254999999999999D0,2.254999999999999D0,     0000237P    598
1.0D0,1.0D0,1.0D0,1.0D0,4.718447854656915D-16,                   0000237P    599
0.295000000000003D0,-0.1199999999999938D0,0.3441666666666668D0,  0000237P    600
0.295000000000003D0,-0.1199999999999938D0,0.6883333333333331D0,  0000237P    601
0.295000000000003D0,-0.1199999999999937D0,1.0325D0,              0000237P    602
0.2950000000000029D0,-0.1199999999999938D0,1.222500000000001D0,  0000237P    603
2.254999999999999D0,0.0D0,0.0D0,1.0D0;                           0000237P    604
126,1,1,1,0,1,0,0.005000000000000005D0,0.005000000000000005D0,   0000239P    605
0.3D0,0.3D0,1.0D0,1.0D0,1.0325D0,0.2950000000000029D0,           0000239P    606
-0.1199999999999938D0,1.0325D0,2.92821322744885D-15,-0.12D0,     0000239P    607
0.005000000000000005D0,0.3D0,0.0D0,0.0D0,1.0D0;                  0000239P    608
126,1,1,1,0,1,0,-2.254999999999999D0,-2.254999999999999D0,       0000241P    609
-1.2225D0,-1.2225D0,1.0D0,1.0D0,1.0325D0,2.92821322744885D-15,   0000241P    610
-0.12D0,2.220446049250313D-16,2.724877480588456D-15,-0.12D0,     0000241P    611
-2.254999999999999D0,-1.2225D0,0.0D0,0.0D0,1.0D0;                0000241P    612
126,1,1,1,0,1,0,0.3260437979468572D0,0.3260437979468572D0,       0000243P    613
0.6210437979468574D0,0.6210437979468574D0,1.0D0,1.0D0,           0000243P    614
2.220446049250313D-16,2.724877480588456D-15,-0.12D0,             0000243P    615
4.718447854656915D-16,0.295000000000003D0,-0.1199999999999938D0, 0000243P    616
0.3260437979468572D0,0.6210437979468574D0,0.0D0,0.0D0,1.0D0;     0000243P    617
102,4,237,239,241,243;                                           0000245P    618
142,0,225,235,245,1;                                             0000247P    619
144,225,1,0,247;                                                 0000249P    620
128,1,1,1,1,0,0,1,0,0,0.0D0,0.0D0,2.445D0,2.445D0,0.0D0,0.0D0,   0000251P    621
0.6D0,0.6D0,1.0D0,1.0D0,1.0D0,1.0D0,-1.2225D0,                   0000251P    622
0.3000000000000029D0,-0.1199999999999936D0,1.2225D0,             0000251P    623
0.3000000000000029D0,-0.1199999999999936D0,-1.2225D0,            0000251P    624
-0.299999999999997D0,-0.1200000000000064D0,1.2225D0,             0000251P    625
-0.299999999999997D0,-0.1200000000000064D0,0.0D0,2.445D0,0.0D0,  0000251P    626
0.6D0;                                                           0000251P    627
126,1,1,1,0,1,0,-0.6210437979468572D0,-0.6210437979468572D0,     0000253P    628
-0.3260437979468572D0,-0.3260437979468572D0,1.0D0,1.0D0,         0000253P    629
1.2225D0,0.005000000000000005D0,0.0D0,1.2225D0,                  0000253P    630
0.3000000000000002D0,0.0D0,-0.6210437979468572D0,                0000253P    631
-0.3260437979468572D0,0.0D0,0.0D0,1.0D0;                         0000253P    632
126,1,1,1,0,1,0,-1.2225D0,-1.2225D0,-0.004999999999999457D0,     0000255P    633
-0.004999999999999457D0,1.0D0,1.0D0,1.2225D0,                    0000255P    634
0.3000000000000002D0,0.0D0,0.004999999999999894D0,               0000255P    635
0.3000000000000005D0,0.0D0,-1.2225D0,-0.004999999999999457D0,    0000255P    636
0.0D0,0.0D0,1.0D0;                                               0000255P    637
126,3,3,1,0,1,0,0.2999999999999997D0,0.2999999999999997D0,       0000257P    638
0.2999999999999997D0,0.2999999999999997D0,0.5949999999999999D0,  0000257P    639
0.5949999999999999D0,0.5949999999999999D0,0.5949999999999999D0,  0000257P    640
1.0D0,1.0D0,1.0D0,1.0D0,0.004999999999999894D0,                  0000257P    641
0.3000000000000005D0,0.0D0,0.004999999999999893D0,               0000257P    642
0.201666666666667D0,0.0D0,0.004999999999999893D0,                0000257P    643
0.1033333333333336D0,0.0D0,0.004999999999999891D0,               0000257P    644
0.005000000000000004D0,0.0D0,0.2999999999999997D0,               0000257P    645
0.5949999999999999D0,0.0D0,0.0D0,1.0D0;                          0000257P    646
126,3,3,1,0,1,0,0.005000000000000115D0,0.005000000000000115D0,   0000259P    647
0.005000000000000115D0,0.005000000000000115D0,                   0000259P    648
1.222500000000001D0,1.222500000000001D0,1.222500000000001D0,     0000259P    649
1.222500000000001D0,1.0D0,1.0D0,1.0D0,1.0D0,                     0000259P    650
0.004999999999999891D0,0.005000000000000004D0,0.0D0,             0000259P    651
0.4108333333333336D0,0.005000000000000004D0,0.0D0,               0000259P    652
0.8166666666666671D0,0.005000000000000004D0,0.0D0,1.2225D0,      0000259P    653
0.005000000000000005D0,0.0D0,0.005000000000000115D0,             0000259P    654
1.222500000000001D0,0.0D0,0.0D0,1.0D0;                           0000259P    655
102,4,253,255,257,259;                                           0000261P    656
126,1,1,1,0,1,0,-0.6210437979468574D0,-0.6210437979468574D0,     0000263P    657
-0.3260437979468572D0,-0.3260437979468572D0,1.0D0,1.0D0,         0000263P    658
4.718447854656915D-16,0.295000000000003D0,-0.1199999999999938D0, 0000263P    659
2.220446049250313D-16,2.724877480588456D-15,-0.12D0,             0000263P    660
-0.6210437979468574D0,-0.3260437979468572D0,0.0D0,0.0D0,1.0D0;   0000263P    661
126,1,1,1,0,1,0,-1.2225D0,-1.2225D0,-0.004999999999999958D0,     0000265P    662
-0.004999999999999958D0,1.0D0,1.0D0,2.220446049250313D-16,       0000265P    663
2.724877480588456D-15,-0.12D0,-1.2175D0,2.485108694339031D-15,   0000265P    664
-0.12D0,-1.2225D0,-0.004999999999999958D0,0.0D0,0.0D0,1.0D0;     0000265P    665
126,3,3,1,0,1,0,0.2999999999999998D0,0.2999999999999998D0,       0000267P    666
0.2999999999999998D0,0.2999999999999998D0,0.595D0,0.595D0,       0000267P    667
0.595D0,0.595D0,1.0D0,1.0D0,1.0D0,1.0D0,-1.2175D0,               0000267P    668
2.485108694339031D-15,-0.12D0,-1.2175D0,0.09833333333333584D0,   0000267P    669
-0.1199999999999979D0,-1.2175D0,0.1966666666666693D0,            0000267P    670
-0.1199999999999959D0,-1.2175D0,0.2950000000000032D0,            0000267P    671
-0.1199999999999938D0,0.2999999999999998D0,0.595D0,0.0D0,0.0D0,  0000267P    672
1.0D0;                                                           0000267P    673
126,3,3,1,0,1,0,0.005000000000000397D0,0.005000000000000397D0,   0000269P    674
0.005000000000000397D0,0.005000000000000397D0,                   0000269P    675
1.222500000000001D0,1.222500000000001D0,1.222500000000001D0,     0000269P    676
1.222500000000001D0,1.0D0,1.0D0,1.0D0,1.0D0,-1.2175D0,           0000269P    677
0.2950000000000032D0,-0.1199999999999938D0,                      0000269P    678
-0.8116666666666665D0,0.2950000000000032D0,                      0000269P    679
-0.1199999999999938D0,-0.405833333333333D0,0.2950000000000031D0, 0000269P    680
-0.1199999999999938D0,4.718447854656915D-16,0.295000000000003D0, 0000269P    681
-0.1199999999999938D0,0.005000000000000397D0,                    0000269P    682
1.222500000000001D0,0.0D0,0.0D0,1.0D0;                           0000269P    683
102,4,263,265,267,269;                                           0000271P    684
142,0,251,261,271,1;                                             0000273P    685
144,251,1,0,273;                                                 0000275P    686
128,1,1,1,1,0,0,1,0,0,0.0D0,0.0D0,0.25D0,0.25D0,0.0D0,0.0D0,     0000277P    687
2.445D0,2.445D0,1.0D0,1.0D0,1.0D0,1.0D0,-1.2225D0,               0000277P    688
0.3000000000000029D0,-0.1199999999999936D0,-1.2225D0,            0000277P    689
0.2999999999999976D0,0.1300000000000064D0,1.2225D0,              0000277P    690
0.3000000000000029D0,-0.1199999999999936D0,1.2225D0,             0000277P    691
0.2999999999999976D0,0.1300000000000064D0,0.0D0,0.25D0,0.0D0,    0000277P    692
2.445D0;                                                         0000277P    693
126,1,1,1,0,1,0,0.03253680485216238D0,0.03253680485216238D0,     0000279P    694
0.1475368048521624D0,0.1475368048521624D0,1.0D0,1.0D0,           0000279P    695
0.005000000000000004D0,1.2225D0,0.0D0,0.12D0,1.2225D0,0.0D0,     0000279P    696
0.03253680485216238D0,0.1475368048521624D0,0.0D0,0.0D0,1.0D0;    0000279P    697
126,1,1,1,0,1,0,1.2225D0,1.2225D0,2.440000000000001D0,           0000281P    698
2.440000000000001D0,1.0D0,1.0D0,0.12D0,1.2225D0,0.0D0,0.12D0,    0000281P    699
2.440000000000001D0,0.0D0,1.2225D0,2.440000000000001D0,0.0D0,    0000281P    700
0.0D0,1.0D0;                                                     0000281P    701
126,3,3,1,0,1,0,-0.12D0,-0.12D0,-0.12D0,-0.12D0,                 0000283P    702
-0.09736842105263227D0,-0.09736842105263227D0,                   0000283P    703
-0.09736842105263227D0,-0.09736842105263227D0,1.0D0,1.0D0,1.0D0, 0000283P    704
1.0D0,0.12D0,2.440000000000001D0,0.0D0,0.1124561403508774D0,     0000283P    705
2.440000000000001D0,0.0D0,0.1049122807017549D0,                  0000283P    706
2.440000000000001D0,0.0D0,0.09736842105263233D0,                 0000283P    707
2.440000000000001D0,0.0D0,-0.12D0,-0.09736842105263227D0,0.0D0,  0000283P    708
0.0D0,1.0D0;                                                     0000283P    709
126,1,1,1,0,1,0,0.005650239619362539D0,0.005650239619362539D0,   0000285P    710
0.203973650259048D0,0.203973650259048D0,1.0D0,1.0D0,             0000285P    711
0.09736842105263233D0,2.440000000000001D0,0.0D0,                 0000285P    712
0.005000000000000004D0,2.264499999999999D0,0.0D0,                0000285P    713
0.005650239619362539D0,0.203973650259048D0,0.0D0,0.0D0,1.0D0;    0000285P    714
126,3,3,1,0,1,0,-2.264499999999999D0,-2.264499999999999D0,       0000287P    715
-2.264499999999999D0,-2.264499999999999D0,-1.2225D0,-1.2225D0,   0000287P    716
-1.2225D0,-1.2225D0,1.0D0,1.0D0,1.0D0,1.0D0,                     0000287P    717
0.005000000000000004D0,2.264499999999999D0,0.0D0,                0000287P    718
0.005000000000000004D0,1.917166666666666D0,0.0D0,                0000287P    719
0.005000000000000004D0,1.569833333333333D0,0.0D0,                0000287P    720
0.005000000000000004D0,1.2225D0,0.0D0,-2.264499999999999D0,      0000287P    721
-1.2225D0,0.0D0,0.0D0,1.0D0;                                     0000287P    722
102,5,279,281,283,285,287;                                       0000289P    723
126,1,1,1,0,1,0,0.03253680485216238D0,0.03253680485216238D0,     0000291P    724
0.1475368048521624D0,0.1475368048521624D0,1.0D0,1.0D0,           0000291P    725
6.106226635438361D-16,0.300000000000003D0,-0.1149999999999937D0, 0000291P    726
2.220446049250313D-16,0.3000000000000004D0,                      0000291P    727
6.354120477339553D-15,0.03253680485216238D0,                     0000291P    728
0.1475368048521624D0,1.0D0,0.0D0,0.0D0;                          0000291P    729
126,1,1,1,0,1,0,1.2225D0,1.2225D0,2.440000000000001D0,           0000293P    730
2.440000000000001D0,1.0D0,1.0D0,2.220446049250313D-16,           0000293P    731
0.3000000000000004D0,6.354120477339553D-15,1.217500000000001D0,  0000293P    732
0.3000000000000004D0,6.354120477339553D-15,1.2225D0,             0000293P    733
2.440000000000001D0,0.0D0,0.0D0,1.0D0;                           0000293P    734
126,3,3,1,0,1,0,-0.12D0,-0.12D0,-0.12D0,-0.12D0,                 0000295P    735
-0.0973684210526323D0,-0.0973684210526323D0,                     0000295P    736
-0.0973684210526323D0,-0.0973684210526323D0,1.0D0,1.0D0,1.0D0,   0000295P    737
1.0D0,1.217500000000001D0,0.3000000000000004D0,                  0000295P    738
6.354120477339553D-15,1.217500000000001D0,0.3000000000000006D0,  0000295P    739
-0.007543859649116203D0,1.217500000000001D0,                     0000295P    740
0.3000000000000007D0,-0.01508771929823876D0,1.217500000000001D0, 0000295P    741
0.3000000000000009D0,-0.02263157894736132D0,-0.12D0,             0000295P    742
-0.0973684210526323D0,1.0D0,0.0D0,0.0D0;                         0000295P    743
126,1,1,1,0,1,0,0.005650239619362539D0,0.005650239619362539D0,   0000297P    744
0.203973650259048D0,0.203973650259048D0,1.0D0,1.0D0,             0000297P    745
1.217500000000001D0,0.3000000000000009D0,-0.02263157894736132D0, 0000297P    746
1.041999999999999D0,0.3000000000000028D0,-0.114999999999994D0,   0000297P    747
0.005650239619362539D0,0.203973650259048D0,0.0D0,1.0D0,0.0D0;    0000297P    748
126,3,3,1,0,1,0,-2.2645D0,-2.2645D0,-2.2645D0,-2.2645D0,         0000299P    749
-1.222500000000001D0,-1.222500000000001D0,-1.222500000000001D0,  0000299P    750
-1.222500000000001D0,1.0D0,1.0D0,1.0D0,1.0D0,                    0000299P    751
1.041999999999999D0,0.3000000000000028D0,-0.114999999999994D0,   0000299P    752
0.6946666666666661D0,0.3000000000000028D0,-0.1149999999999939D0, 0000299P    753
0.3473333333333333D0,0.3000000000000029D0,-0.1149999999999938D0, 0000299P    754
6.106226635438361D-16,0.300000000000003D0,-0.1149999999999937D0, 0000299P    755
-2.2645D0,-1.222500000000001D0,0.0D0,0.0D0,1.0D0;                0000299P    756
102,5,291,293,295,297,299;                                       0000301P    757
142,0,277,289,301,1;                                             0000303P    758
144,277,1,0,303;                                                 0000305P    759
128,1,1,1,1,0,0,1,0,0,0.0D0,0.0D0,0.25D0,0.25D0,0.0D0,0.0D0,     0000307P    760
2.445D0,2.445D0,1.0D0,1.0D0,1.0D0,1.0D0,-1.2225D0,               0000307P    761
0.3000000000000029D0,-0.1199999999999936D0,-1.2225D0,            0000307P    762
0.2999999999999976D0,0.1300000000000064D0,1.2225D0,              0000307P    763
0.3000000000000029D0,-0.1199999999999936D0,1.2225D0,             0000307P    764
0.2999999999999976D0,0.1300000000000064D0,0.0D0,0.25D0,0.0D0,    0000307P    765
2.445D0;                                                         0000307P    766
126,3,3,1,0,1,0,-1.2225D0,-1.2225D0,-1.2225D0,-1.2225D0,         0000309P    767
-0.004999999999999671D0,-0.004999999999999671D0,                 0000309P    768
-0.004999999999999671D0,-0.004999999999999671D0,1.0D0,1.0D0,     0000309P    769
1.0D0,1.0D0,0.005000000000000004D0,1.2225D0,0.0D0,               0000309P    770
0.005000000000000004D0,0.8166666666666667D0,0.0D0,               0000309P    771
0.005000000000000004D0,0.4108333333333332D0,0.0D0,               0000309P    772
0.005000000000000002D0,0.004999999999999893D0,0.0D0,-1.2225D0,   0000309P    773
-0.004999999999999671D0,0.0D0,0.0D0,1.0D0;                       0000309P    774
126,3,3,1,0,1,0,-0.2449999999999999D0,-0.2449999999999999D0,     0000311P    775
-0.2449999999999999D0,-0.2449999999999999D0,-0.13D0,-0.13D0,     0000311P    776
-0.13D0,-0.13D0,1.0D0,1.0D0,1.0D0,1.0D0,0.005000000000000002D0,  0000311P    777
0.004999999999999893D0,0.0D0,0.04333333333333329D0,              0000311P    778
0.004999999999999893D0,0.0D0,0.08166666666666661D0,              0000311P    779
0.004999999999999893D0,0.0D0,0.12D0,0.004999999999999893D0,      0000311P    780
0.0D0,-0.2449999999999999D0,-0.13D0,0.0D0,0.0D0,1.0D0;           0000311P    781
126,1,1,1,0,1,0,0.00499999999999994D0,0.00499999999999994D0,     0000313P    782
1.2225D0,1.2225D0,1.0D0,1.0D0,0.12D0,0.004999999999999893D0,     0000313P    783
0.0D0,0.12D0,1.2225D0,0.0D0,0.00499999999999994D0,1.2225D0,      0000313P    784
0.0D0,0.0D0,1.0D0;                                               0000313P    785
126,1,1,1,0,1,0,-0.1475368048521624D0,-0.1475368048521624D0,     0000315P    786
-0.03253680485216238D0,-0.03253680485216238D0,1.0D0,1.0D0,       0000315P    787
0.12D0,1.2225D0,0.0D0,0.005000000000000004D0,1.2225D0,0.0D0,     0000315P    788
-0.1475368048521624D0,-0.03253680485216238D0,0.0D0,0.0D0,1.0D0;  0000315P    789
102,4,309,311,313,315;                                           0000317P    790
126,3,3,1,0,1,0,-1.222500000000001D0,-1.222500000000001D0,       0000319P    791
-1.222500000000001D0,-1.222500000000001D0,                       0000319P    792
-0.004999999999999895D0,-0.004999999999999895D0,                 0000319P    793
-0.004999999999999895D0,-0.004999999999999895D0,1.0D0,1.0D0,     0000319P    794
1.0D0,1.0D0,6.106226635438361D-16,0.300000000000003D0,           0000319P    795
-0.1149999999999937D0,-0.4058333333333332D0,0.300000000000003D0, 0000319P    796
-0.1149999999999937D0,-0.8116666666666668D0,0.300000000000003D0, 0000319P    797
-0.1149999999999937D0,-1.2175D0,0.300000000000003D0,             0000319P    798
-0.1149999999999936D0,-1.222500000000001D0,                      0000319P    799
-0.004999999999999895D0,0.0D0,0.0D0,1.0D0;                       0000319P    800
126,3,3,1,0,1,0,-0.2449999999999999D0,-0.2449999999999999D0,     0000321P    801
-0.2449999999999999D0,-0.2449999999999999D0,-0.13D0,-0.13D0,     0000321P    802
-0.13D0,-0.13D0,1.0D0,1.0D0,1.0D0,1.0D0,-1.2175D0,               0000321P    803
0.300000000000003D0,-0.1149999999999936D0,-1.2175D0,             0000321P    804
0.300000000000002D0,-0.0766666666666603D0,-1.2175D0,             0000321P    805
0.3000000000000013D0,-0.03833333333332697D0,-1.2175D0,           0000321P    806
0.3000000000000004D0,6.354120477339553D-15,                      0000321P    807
-0.2449999999999999D0,-0.13D0,1.0D0,0.0D0,0.0D0;                 0000321P    808
126,1,1,1,0,1,0,0.00499999999999994D0,0.00499999999999994D0,     0000323P    809
1.2225D0,1.2225D0,1.0D0,1.0D0,-1.2175D0,0.3000000000000004D0,    0000323P    810
6.354120477339553D-15,2.220446049250313D-16,                     0000323P    811
0.3000000000000004D0,6.354120477339553D-15,                      0000323P    812
0.00499999999999994D0,1.2225D0,0.0D0,0.0D0,1.0D0;                0000323P    813
126,1,1,1,0,1,0,-0.1475368048521624D0,-0.1475368048521624D0,     0000325P    814
-0.03253680485216238D0,-0.03253680485216238D0,1.0D0,1.0D0,       0000325P    815
2.220446049250313D-16,0.3000000000000004D0,                      0000325P    816
6.354120477339553D-15,6.106226635438361D-16,0.300000000000003D0, 0000325P    817
-0.1149999999999937D0,-0.1475368048521624D0,                     0000325P    818
-0.03253680485216238D0,1.0D0,0.0D0,0.0D0;                        0000325P    819
102,4,319,321,323,325;                                           0000327P    820
142,0,307,317,327,1;                                             0000329P    821
144,307,1,0,329;                                                 0000331P    822
128,2,3,2,3,0,0,0,0,0,0.0D0,0.0D0,0.0D0,1.0D0,1.0D0,1.0D0,       0000333P    823
0.2999999999999987D0,0.2999999999999987D0,0.2999999999999987D0,  0000333P    824
0.2999999999999987D0,1.690445115010343D0,1.690445115010343D0,    0000333P    825
1.690445115010343D0,1.690445115010343D0,0.9999999999999998D0,    0000333P    826
0.7071067811865133D0,0.9999999999999998D0,1.0D0,                 0000333P    827
0.7071067811865124D0,1.0D0,1.0D0,0.7071067811865164D0,1.0D0,     0000333P    828
1.000000000000021D0,0.7071067811865204D0,1.000000000000021D0,    0000333P    829
-1.2225D0,1.517799165558632D-15,-0.115D0,-1.2225D0,              0000333P    830
1.485690781033065D-15,-0.1200000000000001D0,-1.2175D0,           0000333P    831
1.464106613724426D-15,-0.1200000000000001D0,-1.2225D0,           0000333P    832
0.4634817050034493D0,-0.1149999999999901D0,-1.222500000000002D0, 0000333P    833
0.4634817050034491D0,-0.1199999999999905D0,-1.217499999999999D0, 0000333P    834
0.4634817050034485D0,-0.1199999999999902D0,-1.2225D0,            0000333P    835
0.9269634100068967D0,-0.1149999999999806D0,-1.222499999999995D0, 0000333P    836
0.9269634100068919D0,-0.11999999999998D0,-1.217500000000004D0,   0000333P    837
0.9269634100068971D0,-0.1199999999999804D0,-1.222499999999974D0, 0000333P    838
1.39044511501032D0,-0.1149999999999694D0,-1.222499999999988D0,   0000333P    839
1.390445115010378D0,-0.1199999999999695D0,-1.217499999999981D0,  0000333P    840
1.390445115010361D0,-0.119999999999967D0,0.0D0,1.0D0,            0000333P    841
0.2999999999999987D0,1.690445115010343D0;                        0000333P    842
126,3,3,1,0,1,0,-0.004385979451174225D0,-0.004385979451174225D0, 0000335P    843
-0.004385979451174225D0,-0.004385979451174225D0,-0.0D0,-0.0D0,   0000335P    844
-0.0D0,-0.0D0,1.0D0,1.0D0,1.0D0,1.0D0,0.4138505018605498D0,      0000335P    845
0.5978440857769378D0,0.0D0,0.2774655016871679D0,                 0000335P    846
0.5969918651750421D0,0.0D0,0.1398929898866555D0,                 0000335P    847
0.5959891928178964D0,0.0D0,0.0D0,0.5950000000000053D0,0.0D0,     0000335P    848
-0.004385979451174225D0,-0.0D0,0.0D0,0.0D0,1.0D0;                0000335P    849
126,1,1,1,0,1,0,-0.5950000000000053D0,-0.5950000000000053D0,     0000337P    850
-0.2999999999999987D0,-0.2999999999999987D0,1.0D0,1.0D0,0.0D0,   0000337P    851
0.5950000000000053D0,0.0D0,0.0D0,0.2999999999999987D0,0.0D0,     0000337P    852
-0.5950000000000053D0,-0.2999999999999987D0,0.0D0,0.0D0,1.0D0;   0000337P    853
126,1,1,1,0,1,0,-1.0D0,-1.0D0,-0.0D0,-0.0D0,1.0D0,1.0D0,0.0D0,   0000339P    854
0.2999999999999987D0,0.0D0,1.0D0,0.2999999999999987D0,0.0D0,     0000339P    855
-1.0D0,-0.0D0,0.0D0,0.0D0,1.0D0;                                 0000339P    856
126,1,1,1,0,1,0,-1.690445115010343D0,-1.690445115010343D0,       0000341P    857
-1.395445115010341D0,-1.395445115010341D0,1.0D0,1.0D0,1.0D0,     0000341P    858
0.2999999999999987D0,0.0D0,1.0D0,0.5950000000000002D0,0.0D0,     0000341P    859
-1.690445115010343D0,-1.395445115010341D0,0.0D0,0.0D0,1.0D0;     0000341P    860
126,3,3,1,0,1,0,0.0D0,0.0D0,0.0D0,0.0D0,0.002209476295903995D0,  0000343P    861
0.002209476295903995D0,0.002209476295903995D0,                   0000343P    862
0.002209476295903995D0,1.0D0,1.0D0,1.0D0,1.0D0,1.0D0,            0000343P    863
0.5950000000000002D0,0.0D0,0.9227267055618067D0,                 0000343P    864
0.595546404705019D0,0.0D0,0.8518798648830506D0,                  0000343P    865
0.596076734369769D0,0.0D0,0.7846365534264537D0,                  0000343P    866
0.5965682111332636D0,0.0D0,0.0D0,0.002209476295903995D0,0.0D0,   0000343P    867
0.0D0,1.0D0;                                                     0000343P    868
126,3,3,1,0,1,0,-0.3709034145812527D0,-0.3709034145812527D0,     0000345P    869
-0.3709034145812527D0,-0.3709034145812527D0,-0.0D0,-0.0D0,       0000345P    870
-0.0D0,-0.0D0,1.0D0,1.0D0,1.0D0,1.0D0,0.7846365534264537D0,      0000345P    871
0.5965682111332636D0,0.0D0,0.6614119840692375D0,                 0000345P    872
0.5972977955491391D0,0.0D0,0.5381989214135715D0,                 0000345P    873
0.5977316676308656D0,0.0D0,0.4138505018605498D0,                 0000345P    874
0.5978440857769378D0,0.0D0,-0.3709034145812527D0,-0.0D0,0.0D0,   0000345P    875
0.0D0,1.0D0;                                                     0000345P    876
102,6,335,337,339,341,343,345;                                   0000347P    877
126,3,3,1,0,1,0,-0.00503358974993506D0,-0.00503358974993506D0,   0000349P    878
-0.00503358974993506D0,-0.00503358974993506D0,-0.0D0,-0.0D0,     0000349P    879
-0.0D0,-0.0D0,1.0D0,1.0D0,1.0D0,1.0D0,-1.221533739794523D0,      0000349P    880
0.2979410842040964D0,-0.1179410842040864D0,-1.222206510613994D0, 0000349P    881
0.296966891652797D0,-0.1169668916527858D0,-1.2225D0,             0000349P    882
0.2958367011333998D0,-0.1158367011333871D0,-1.2225D0,            0000349P    883
0.295000000000008D0,-0.1149999999999937D0,                       0000349P    884
-0.00503358974993506D0,-0.0D0,1.0D0,0.0D0,0.0D0;                 0000349P    885
126,3,3,1,0,1,0,-0.5950000000000053D0,-0.5950000000000053D0,     0000351P    886
-0.5950000000000053D0,-0.5950000000000053D0,                     0000351P    887
-0.2999999999999987D0,-0.2999999999999987D0,                     0000351P    888
-0.2999999999999987D0,-0.2999999999999987D0,1.0D0,1.0D0,1.0D0,   0000351P    889
1.0D0,-1.2225D0,0.295000000000008D0,-0.1149999999999937D0,       0000351P    890
-1.2225D0,0.1966666666666725D0,-0.1149999999999958D0,-1.2225D0,  0000351P    891
0.09833333333333705D0,-0.1149999999999979D0,-1.2225D0,           0000351P    892
1.517799165558632D-15,-0.115D0,-0.5950000000000053D0,            0000351P    893
-0.2999999999999987D0,0.0D0,0.0D0,1.0D0;                         0000351P    894
126,2,2,1,0,0,0,0.0D0,0.0D0,0.0D0,1.0D0,1.0D0,1.0D0,1.0D0,       0000353P    895
0.7071067811865134D0,1.0D0,-1.2225D0,1.517799165558632D-15,      0000353P    896
-0.115D0,-1.2225D0,1.485690781033065D-15,-0.1200000000000001D0,  0000353P    897
-1.2175D0,1.464106613724426D-15,-0.1200000000000001D0,0.0D0,     0000353P    898
1.0D0,0.0D0,1.0D0,0.0D0;                                         0000353P    899
126,3,3,1,0,1,0,0.2999999999999987D0,0.2999999999999987D0,       0000355P    900
0.2999999999999987D0,0.2999999999999987D0,0.5950000000000002D0,  0000355P    901
0.5950000000000002D0,0.5950000000000002D0,0.5950000000000002D0,  0000355P    902
1.0D0,1.0D0,1.0D0,1.0D0,-1.2175D0,1.464106613724425D-15,-0.12D0, 0000355P    903
-1.2175D0,0.09833333333333509D0,-0.1199999999999979D0,-1.2175D0, 0000355P    904
0.1966666666666688D0,-0.1199999999999959D0,-1.2175D0,            0000355P    905
0.2950000000000029D0,-0.1199999999999938D0,0.2999999999999987D0, 0000355P    906
0.5950000000000002D0,0.0D0,0.0D0,1.0D0;                          0000355P    907
126,3,3,1,0,1,0,0.0D0,0.0D0,0.0D0,0.0D0,0.002772097598589558D0,  0000357P    908
0.002772097598589558D0,0.002772097598589558D0,                   0000357P    909
0.002772097598589558D0,1.0D0,1.0D0,1.0D0,1.0D0,-1.2175D0,        0000357P    910
0.2950000000000029D0,-0.1199999999999938D0,-1.217960787891512D0, 0000357P    911
0.2954607878894722D0,-0.1199999999989427D0,-1.218510588857347D0, 0000357P    912
0.2960105888527886D0,-0.1199109869235545D0,-1.219075147995595D0, 0000357P    913
0.2965734557831927D0,-0.119717761347843D0,0.0D0,                 0000357P    914
0.002772097598589558D0,0.0D0,0.0D0,1.0D0;                        0000357P    915
126,3,3,1,0,1,0,-0.3709034145812527D0,-0.3709034145812527D0,     0000359P    916
-0.3709034145812527D0,-0.3709034145812527D0,-0.0D0,-0.0D0,       0000359P    917
-0.0D0,-0.0D0,1.0D0,1.0D0,1.0D0,1.0D0,-1.219075147995595D0,      0000359P    918
0.2965734557831927D0,-0.119717761347843D0,-1.220008469230793D0,  0000359P    919
0.2973293016131258D0,-0.1193977698710147D0,-1.220909937771297D0, 0000359P    920
0.2977955163146612D0,-0.1187642330366383D0,-1.221533739794523D0, 0000359P    921
0.2979410842040964D0,-0.1179410842040864D0,                      0000359P    922
-0.3709034145812527D0,-0.0D0,-0.7969968694265883D0,0.0D0,        0000359P    923
-0.6039834353061495D0;                                           0000359P    924
102,6,349,351,353,355,357,359;                                   0000361P    925
142,0,333,347,361,1;                                             0000363P    926
144,333,1,0,363;                                                 0000365P    927
128,2,3,2,3,0,0,0,0,0,0.0D0,0.0D0,0.0D0,1.0D0,1.0D0,1.0D0,       0000367P    928
0.13D0,0.13D0,0.13D0,0.13D0,0.2499999999999999D0,                0000367P    929
0.2499999999999999D0,0.2499999999999999D0,0.2499999999999999D0,  0000367P    930
0.9999999999999998D0,0.7071067811865197D0,0.9999999999999998D0,  0000367P    931
0.9999999999999998D0,0.7071067811865206D0,0.9999999999999998D0,  0000367P    932
0.9999999999999999D0,0.7071067811865193D0,0.9999999999999999D0,  0000367P    933
1.0D0,0.7071067811865133D0,1.0D0,-1.2225D0,0.2949999999998284D0, 0000367P    934
6.248218469380252D-15,-1.2225D0,0.2999999999998285D0,            0000367P    935
6.248629890268093D-15,-1.2175D0,0.2999999999998284D0,            0000367P    936
6.336773242576143D-15,-1.2225D0,0.2949999999998292D0,            0000367P    937
-0.03999999999999374D0,-1.2225D0,0.2999999999998293D0,           0000367P    938
-0.03999999999999383D0,-1.2175D0,0.2999999999998292D0,           0000367P    939
-0.03999999999999367D0,-1.2225D0,0.2949999999998302D0,           0000367P    940
-0.07999999999999374D0,-1.2225D0,0.2999999999998302D0,           0000367P    941
-0.07999999999999398D0,-1.2175D0,0.2999999999998301D0,           0000367P    942
-0.07999999999999367D0,-1.2225D0,0.2949999999998311D0,           0000367P    943
-0.1199999999999937D0,-1.2225D0,0.2999999999998312D0,            0000367P    944
-0.1199999999999937D0,-1.2175D0,0.299999999999831D0,             0000367P    945
-0.1199999999999936D0,0.0D0,1.0D0,0.13D0,0.2499999999999999D0;   0000367P    946
126,3,3,1,0,1,0,0.00647257486022697D0,0.00647257486022697D0,     0000369P    947
0.00647257486022697D0,0.00647257486022697D0,                     0000369P    948
0.01090017214894439D0,0.01090017214894439D0,                     0000369P    949
0.01090017214894439D0,0.01090017214894439D0,1.0D0,1.0D0,1.0D0,   0000369P    950
1.0D0,0.4078815668004812D0,0.2479605921659976D0,0.0D0,           0000369P    951
0.2830490207381861D0,0.2471189788859462D0,0.0D0,                 0000369P    952
0.1542809991712558D0,0.2460909314072222D0,0.0D0,0.0D0,           0000369P    953
0.2449999999999998D0,0.0D0,0.00647257486022697D0,                0000369P    954
0.01090017214894439D0,0.0D0,0.0D0,1.0D0;                         0000369P    955
126,1,1,1,0,1,0,-0.2449999999999998D0,-0.2449999999999998D0,     0000371P    956
-0.13D0,-0.13D0,1.0D0,1.0D0,0.0D0,0.2449999999999998D0,0.0D0,    0000371P    957
0.0D0,0.13D0,0.0D0,-0.2449999999999998D0,-0.13D0,0.0D0,0.0D0,    0000371P    958
1.0D0;                                                           0000371P    959
126,1,1,1,0,1,0,-1.0D0,-1.0D0,-0.0D0,-0.0D0,1.0D0,1.0D0,0.0D0,   0000373P    960
0.13D0,0.0D0,1.0D0,0.13D0,0.0D0,-1.0D0,-0.0D0,0.0D0,0.0D0,1.0D0; 0000373P    961
126,1,1,1,0,1,0,-0.2499999999999999D0,-0.2499999999999999D0,     0000375P    962
-0.135D0,-0.135D0,1.0D0,1.0D0,1.0D0,0.13D0,0.0D0,1.0D0,          0000375P    963
0.2449999999999999D0,0.0D0,-0.2499999999999999D0,-0.135D0,0.0D0, 0000375P    964
0.0D0,1.0D0;                                                     0000375P    965
126,1,1,1,0,1,0,-1.000012499921876D0,-1.000012499921876D0,       0000377P    966
-0.4078866665482748D0,-0.4078866665482748D0,1.0D0,1.0D0,1.0D0,   0000377P    967
0.2449999999999999D0,0.0D0,0.4078815668004812D0,                 0000377P    968
0.2479605921659976D0,0.0D0,-1.000012499921876D0,                 0000377P    969
-0.4078866665482748D0,0.0D0,0.0D0,1.0D0;                         0000377P    970
102,5,369,371,373,375,377;                                       0000379P    971
126,3,3,1,0,1,0,0.00583576541985167D0,0.00583576541985167D0,     0000381P    972
0.00583576541985167D0,0.00583576541985167D0,                     0000381P    973
0.01090017214894439D0,0.01090017214894439D0,                     0000381P    974
0.01090017214894439D0,0.01090017214894439D0,1.0D0,1.0D0,1.0D0,   0000381P    975
1.0D0,-1.221527596690557D0,0.2979555395921829D0,                 0000381P    976
-0.1179628474016359D0,-1.222203222597908D0,0.296979527259762D0,  0000381P    977
-0.1169795272407263D0,-1.222499999996731D0,0.2958413749317561D0, 0000381P    978
-0.1158413749239564D0,-1.2225D0,0.294999999999831D0,             0000381P    979
-0.1149999999999936D0,0.00583576541985167D0,                     0000381P    980
0.01090017214894439D0,0.0D0,0.7097391790376076D0,                0000381P    981
0.7044645468290246D0;                                            0000381P    982
126,3,3,1,0,1,0,-0.2449999999999997D0,-0.2449999999999997D0,     0000383P    983
-0.2449999999999997D0,-0.2449999999999997D0,-0.13D0,-0.13D0,     0000383P    984
-0.13D0,-0.13D0,1.0D0,1.0D0,1.0D0,1.0D0,-1.222499999999999D0,    0000383P    985
0.2949999999998309D0,-0.1149999999999935D0,-1.222499999999999D0, 0000383P    986
0.29499999999983D0,-0.07666666666666026D0,-1.222499999999999D0,  0000383P    987
0.2949999999998292D0,-0.038333333333327D0,-1.2225D0,             0000383P    988
0.2949999999998284D0,6.248218469380252D-15,                      0000383P    989
-0.2449999999999997D0,-0.13D0,1.0D0,0.0D0,0.0D0;                 0000383P    990
126,2,2,1,0,0,0,0.0D0,0.0D0,0.0D0,1.0D0,1.0D0,1.0D0,1.0D0,       0000385P    991
0.7071067811865198D0,1.0D0,-1.2225D0,0.2949999999998284D0,       0000385P    992
6.248218469380252D-15,-1.2225D0,0.2999999999998285D0,            0000385P    993
6.248629890268093D-15,-1.2175D0,0.2999999999998284D0,            0000385P    994
6.336773242576143D-15,0.0D0,1.0D0,0.0D0,0.0D0,1.0D0;             0000385P    995
126,3,3,1,0,1,0,0.13D0,0.13D0,0.13D0,0.13D0,                     0000387P    996
0.2449999999999999D0,0.2449999999999999D0,0.2449999999999999D0,  0000387P    997
0.2449999999999999D0,1.0D0,1.0D0,1.0D0,1.0D0,-1.2175D0,          0000387P    998
0.2999999999998283D0,6.336773242576141D-15,-1.2175D0,            0000387P    999
0.2999999999998292D0,-0.03833333333332699D0,-1.2175D0,           0000387P   1000
0.29999999999983D0,-0.07666666666666029D0,-1.2175D0,             0000387P   1001
0.2999999999998308D0,-0.1149999999999936D0,0.13D0,               0000387P   1002
0.2449999999999999D0,1.0D0,0.0D0,0.0D0;                          0000387P   1003
126,5,3,1,0,1,0,-1.000012499921876D0,-1.000012499921876D0,       0000389P   1004
-1.000012499921876D0,-1.000012499921876D0,-0.500006249960938D0,  0000389P   1005
-0.500006249960938D0,-0.4074356125212356D0,                      0000389P   1006
-0.4074356125212356D0,-0.4074356125212356D0,                     0000389P   1007
-0.4074356125212356D0,1.0D0,1.0D0,1.0D0,1.0D0,1.0D0,1.0D0,       0000389P   1008
-1.2175D0,0.2999999999998308D0,-0.1149999999999936D0,            0000389P   1009
-1.218678511301977D0,0.2999999999998309D0,-0.115833333333327D0,  0000389P   1010
-1.220059223176554D0,0.2995118446351419D0,-0.1166666666666603D0, 0000389P   1011
-1.221216287059648D0,0.2983547807520485D0,-0.1176542824672078D0, 0000389P   1012
-1.221380307987856D0,0.2981601661688658D0,-0.1178085649344218D0, 0000389P   1013
-1.221527596690557D0,0.2979555395921829D0,-0.1179628474016359D0, 0000389P   1014
-1.000012499921876D0,-0.4074356125212356D0,0.0D0,                0000389P   1015
-0.6020272540633465D0,0.7984755383635411D0;                      0000389P   1016
102,5,381,383,385,387,389;                                       0000391P   1017
142,0,367,379,391,1;                                             0000393P   1018
144,367,1,0,393;                                                 0000395P   1019
128,1,1,1,1,0,0,1,0,0,0.0D0,0.0D0,0.25D0,0.25D0,                 0000397P   1020
5.489999999999999D0,5.489999999999999D0,6.09D0,6.09D0,1.0D0,     0000397P   1021
1.0D0,1.0D0,1.0D0,-1.2225D0,-0.299999999999997D0,                0000397P   1022
-0.1200000000000064D0,-1.2225D0,-0.3000000000000024D0,           0000397P   1023
0.1299999999999936D0,-1.2225D0,0.3000000000000029D0,             0000397P   1024
-0.1199999999999936D0,-1.2225D0,0.2999999999999976D0,            0000397P   1025
0.1300000000000064D0,0.0D0,0.25D0,5.489999999999999D0,6.09D0;    0000397P   1026
126,1,1,1,0,1,0,1.01235016685715D0,1.01235016685715D0,           0000399P   1027
1.12735016685715D0,1.12735016685715D0,1.0D0,1.0D0,               0000399P   1028
0.005000000000000004D0,5.789999999999999D0,0.0D0,0.12D0,         0000399P   1029
5.789999999999999D0,0.0D0,1.01235016685715D0,1.12735016685715D0, 0000399P   1030
0.0D0,0.0D0,1.0D0;                                               0000399P   1031
126,1,1,1,0,1,0,5.789999999999999D0,5.789999999999999D0,         0000401P   1032
6.084999999999999D0,6.084999999999999D0,1.0D0,1.0D0,0.12D0,      0000401P   1033
5.789999999999999D0,0.0D0,0.12D0,6.084999999999999D0,0.0D0,      0000401P   1034
5.789999999999999D0,6.084999999999999D0,0.0D0,0.0D0,1.0D0;       0000401P   1035
126,3,3,1,0,1,0,0.13D0,0.13D0,0.13D0,0.13D0,                     0000403P   1036
0.2449999999999999D0,0.2449999999999999D0,0.2449999999999999D0,  0000403P   1037
0.2449999999999999D0,1.0D0,1.0D0,1.0D0,1.0D0,0.12D0,             0000403P   1038
6.084999999999999D0,0.0D0,0.08166666666666662D0,                 0000403P   1039
6.084999999999999D0,0.0D0,0.0433333333333333D0,                  0000403P   1040
6.084999999999999D0,0.0D0,0.005000000000000005D0,6.085D0,0.0D0,  0000403P   1041
0.13D0,0.2449999999999999D0,0.0D0,0.0D0,1.0D0;                   0000403P   1042
126,3,3,1,0,1,0,-0.595000000000002D0,-0.595000000000002D0,       0000405P   1043
-0.595000000000002D0,-0.595000000000002D0,-0.2999999999999987D0, 0000405P   1044
-0.2999999999999987D0,-0.2999999999999987D0,                     0000405P   1045
-0.2999999999999987D0,1.0D0,1.0D0,1.0D0,1.0D0,                   0000405P   1046
0.005000000000000005D0,6.085D0,0.0D0,0.005000000000000004D0,     0000405P   1047
5.986666666666666D0,0.0D0,0.005000000000000004D0,                0000405P   1048
5.888333333333332D0,0.0D0,0.005000000000000004D0,                0000405P   1049
5.789999999999999D0,0.0D0,-0.595000000000002D0,                  0000405P   1050
-0.2999999999999987D0,0.0D0,0.0D0,1.0D0;                         0000405P   1051
102,4,399,401,403,405;                                           0000407P   1052
126,1,1,1,0,1,0,1.01235016685715D0,1.01235016685715D0,           0000409P   1053
1.12735016685715D0,1.12735016685715D0,1.0D0,1.0D0,-1.2225D0,     0000409P   1054
2.378222009643131D-15,-0.1150000000000001D0,-1.2225D0,           0000409P   1055
-5.752417333703253D-17,-5.312186449694485D-30,                   0000409P   1056
1.01235016685715D0,1.12735016685715D0,1.0D0,0.0D0,0.0D0;         0000409P   1057
126,1,1,1,0,1,0,5.789999999999999D0,5.789999999999999D0,         0000411P   1058
6.084999999999999D0,6.084999999999999D0,1.0D0,1.0D0,-1.2225D0,   0000411P   1059
-5.752417333703253D-17,-5.312186449694485D-30,-1.2225D0,         0000411P   1060
0.2949999999999996D0,6.248218469383877D-15,5.789999999999999D0,  0000411P   1061
6.084999999999999D0,0.0D0,0.0D0,1.0D0;                           0000411P   1062
126,3,3,1,0,1,0,0.13D0,0.13D0,0.13D0,0.13D0,                     0000413P   1063
0.2449999999999999D0,0.2449999999999999D0,0.2449999999999999D0,  0000413P   1064
0.2449999999999999D0,1.0D0,1.0D0,1.0D0,1.0D0,-1.2225D0,          0000413P   1065
0.2949999999999996D0,6.248218469383877D-15,-1.2225D0,            0000413P   1066
0.2950000000000006D0,-0.03833333333332707D0,-1.2225D0,           0000413P   1067
0.2950000000000018D0,-0.07666666666666039D0,-1.2225D0,           0000413P   1068
0.2950000000000029D0,-0.1149999999999937D0,0.13D0,               0000413P   1069
0.2449999999999999D0,1.0D0,0.0D0,0.0D0;                          0000413P   1070
126,3,3,1,0,1,0,-0.595000000000002D0,-0.595000000000002D0,       0000415P   1071
-0.595000000000002D0,-0.595000000000002D0,-0.2999999999999987D0, 0000415P   1072
-0.2999999999999987D0,-0.2999999999999987D0,                     0000415P   1073
-0.2999999999999987D0,1.0D0,1.0D0,1.0D0,1.0D0,-1.2225D0,         0000415P   1074
0.2950000000000047D0,-0.1149999999999937D0,-1.2225D0,            0000415P   1075
0.1966666666666703D0,-0.1149999999999958D0,-1.2225D0,            0000415P   1076
0.09833333333333592D0,-0.1149999999999979D0,-1.2225D0,           0000415P   1077
1.517799165558632D-15,-0.115D0,-0.595000000000002D0,             0000415P   1078
-0.2999999999999987D0,0.0D0,0.0D0,1.0D0;                         0000415P   1079
102,4,409,411,413,415;                                           0000417P   1080
142,0,397,407,417,1;                                             0000419P   1081
144,397,1,0,419;                                                 0000421P   1082
128,1,1,1,1,0,0,1,0,0,-0.3099999999999924D0,                     0000423P   1083
-0.3099999999999924D0,0.3100000000000075D0,0.3100000000000075D0, 0000423P   1084
-0.2064688270438858D0,-0.2064688270438858D0,0.01D0,0.01D0,1.0D0, 0000423P   1085
1.0D0,1.0D0,1.0D0,1.022829254627373D0,-0.3099999999999969D0,     0000423P   1086
-0.1225449329928031D0,1.022829254627373D0,0.3100000000000031D0,  0000423P   1087
-0.1225449329927898D0,1.232170745372627D0,-0.3099999999999982D0, 0000423P   1088
-0.06745506700721018D0,1.232170745372627D0,0.3100000000000018D0, 0000423P   1089
-0.06745506700719697D0,-0.3099999999999924D0,                    0000423P   1090
0.3100000000000075D0,-0.2064688270438858D0,0.01D0;               0000423P   1091
126,1,1,1,0,1,0,5.152128723651117D-15,5.152128723651117D-15,     0000425P   1092
0.1964688270438859D0,0.1964688270438859D0,1.0D0,1.0D0,           0000425P   1093
7.549516567451064D-15,-2.576064361825559D-15,0.0D0,              0000425P   1094
7.549516567451064D-15,-0.1964688270438858D0,0.0D0,               0000425P   1095
5.152128723651117D-15,0.1964688270438859D0,0.0D0,0.0D0,1.0D0;    0000425P   1096
126,1,1,1,0,1,0,-0.3D0,-0.3D0,-0.005000000000000004D0,           0000427P   1097
-0.005000000000000004D0,1.0D0,1.0D0,7.549516567451064D-15,       0000427P   1098
-0.1964688270438858D0,0.0D0,0.2950000000000075D0,                0000427P   1099
-0.1964688270438857D0,0.0D0,-0.3D0,-0.005000000000000004D0,      0000427P   1100
0.0D0,0.0D0,1.0D0;                                               0000427P   1101
126,3,3,1,0,1,0,-1.000045123981913D0,-1.000045123981913D0,       0000429P   1102
-1.000045123981913D0,-1.000045123981913D0,-0.7716429963578628D0, 0000429P   1103
-0.7716429963578628D0,-0.7716429963578628D0,                     0000429P   1104
-0.7716429963578628D0,1.0D0,1.0D0,1.0D0,1.0D0,                   0000429P   1105
0.2950000000000075D0,-0.1964688270438857D0,0.0D0,                0000429P   1106
0.2955376500240302D0,-0.19577027587888D0,0.0D0,                  0000429P   1107
0.2961173837771834D0,-0.1950458684212626D0,0.0D0,                0000429P   1108
0.2966817877667389D0,-0.1942957428260425D0,0.0D0,                0000429P   1109
-1.000045123981913D0,-0.7716429963578628D0,0.0D0,0.0D0,1.0D0;    0000429P   1110
126,1,1,1,0,1,0,-0.3546419587031291D0,-0.3546419587031291D0,     0000431P   1111
-0.0D0,-0.0D0,1.0D0,1.0D0,0.2966817877667389D0,                  0000431P   1112
-0.1942957428260425D0,0.0D0,7.549516567451064D-15,               0000431P   1113
-2.576064361825559D-15,0.0D0,-0.3546419587031291D0,-0.0D0,0.0D0, 0000431P   1114
0.0D0,1.0D0;                                                     0000431P   1115
102,4,425,427,429,431;                                           0000433P   1116
126,1,1,1,0,1,0,5.152128723651117D-15,5.152128723651117D-15,     0000435P   1117
0.1964688270438859D0,0.1964688270438859D0,1.0D0,1.0D0,1.2225D0,  0000435P   1118
-5.735834570790064D-15,-0.07000000000000001D0,1.0325D0,          0000435P   1119
2.92821322744885D-15,-0.12D0,5.152128723651117D-15,              0000435P   1120
0.1964688270438859D0,0.0D0,1.0D0,0.0D0;                          0000435P   1121
126,1,1,1,0,1,0,-0.3D0,-0.3D0,-0.004999999999999949D0,           0000437P   1122
-0.004999999999999949D0,1.0D0,1.0D0,1.0325D0,                    0000437P   1123
2.92821322744885D-15,-0.12D0,1.0325D0,0.295000000000003D0,       0000437P   1124
-0.1199999999999937D0,-0.3D0,-0.004999999999999949D0,0.0D0,      0000437P   1125
0.0D0,1.0D0;                                                     0000437P   1126
126,3,3,1,0,1,0,-1.000045123981913D0,-1.000045123981913D0,       0000439P   1127
-1.000045123981913D0,-1.000045123981913D0,-0.7716429963578628D0, 0000439P   1128
-0.7716429963578628D0,-0.7716429963578628D0,                     0000439P   1129
-0.7716429963578628D0,1.0D0,1.0D0,1.0D0,1.0D0,1.0325D0,          0000439P   1130
0.295000000000003D0,-0.1199999999999937D0,1.03320113397151D0,    0000439P   1131
0.2955376956564384D0,-0.1199197683497784D0,1.033901355690544D0,  0000439P   1132
0.2961175547672111D0,-0.1197343716343902D0,1.034601534414403D0,  0000439P   1133
0.2966817877667343D0,-0.1194469646277823D0,-1.000045123981913D0, 0000439P   1134
-0.7716429963578628D0,0.6274645061728529D0,                      0000439P   1135
-0.7786451653309472D0,0.0D0;                                     0000439P   1136
126,1,1,1,0,1,0,-0.3546419587031291D0,-0.3546419587031291D0,     0000441P   1137
-0.0D0,-0.0D0,1.0D0,1.0D0,1.034601534414403D0,                   0000441P   1138
0.2966817877667343D0,-0.1194469646277823D0,1.2225D0,             0000441P   1139
-5.735834570790064D-15,-0.07000000000000001D0,                   0000441P   1140
-0.3546419587031291D0,-0.0D0,0.8448190755542345D0,               0000441P   1141
0.5350520811843352D0,0.0D0;                                      0000441P   1142
102,4,435,437,439,441;                                           0000443P   1143
142,0,423,433,443,1;                                             0000445P   1144
144,423,1,0,445;                                                 0000447P   1145
128,1,1,1,1,0,0,1,0,0,-0.08000000000000004D0,                    0000449P   1146
-0.08000000000000004D0,0.01D0,0.01D0,-0.3100000000000077D0,      0000449P   1147
-0.3100000000000077D0,0.3099999999999924D0,0.3099999999999924D0, 0000449P   1148
1.0D0,1.0D0,1.0D0,1.0D0,1.2225D0,0.3100000000000002D0,           0000449P   1149
0.01000000000000664D0,1.2225D0,0.3100000000000022D0,             0000449P   1150
-0.0799999999999934D0,1.2225D0,-0.3099999999999999D0,            0000449P   1151
0.009999999999993436D0,1.2225D0,-0.3099999999999979D0,           0000449P   1152
-0.08000000000000661D0,-0.08000000000000004D0,0.01D0,            0000449P   1153
-0.3100000000000077D0,0.3099999999999924D0;                      0000449P   1154
126,1,1,1,0,1,0,1.27675647831893D-15,1.27675647831893D-15,       0000451P   1155
0.07000000000000001D0,0.07000000000000001D0,1.0D0,1.0D0,         0000451P   1156
-6.38378239159465D-16,-7.605027718682322D-15,0.0D0,              0000451P   1157
-0.07000000000000001D0,-7.632783294297951D-15,0.0D0,             0000451P   1158
1.27675647831893D-15,0.07000000000000001D0,0.0D0,0.0D0,1.0D0;    0000451P   1159
126,1,1,1,0,1,0,-0.2999999999999998D0,-0.2999999999999998D0,     0000453P   1160
-0.004999999999999782D0,-0.004999999999999782D0,1.0D0,1.0D0,     0000453P   1161
-0.07000000000000001D0,-7.632783294297951D-15,0.0D0,             0000453P   1162
-0.06999999999999998D0,-0.2950000000000077D0,0.0D0,              0000453P   1163
-0.2999999999999998D0,-0.004999999999999782D0,0.0D0,0.0D0,1.0D0; 0000453P   1164
126,3,3,1,0,1,0,-0.12D0,-0.12D0,-0.12D0,-0.12D0,                 0000455P   1165
-0.09916666666666668D0,-0.09916666666666668D0,                   0000455P   1166
-0.09916666666666668D0,-0.09916666666666668D0,1.0D0,1.0D0,1.0D0, 0000455P   1167
1.0D0,-0.06999999999999998D0,-0.2950000000000077D0,0.0D0,        0000455P   1168
-0.06305555555555555D0,-0.2950000000000077D0,0.0D0,              0000455P   1169
-0.05611111111111111D0,-0.2950000000000077D0,0.0D0,              0000455P   1170
-0.04916666666666668D0,-0.2950000000000077D0,0.0D0,-0.12D0,      0000455P   1171
-0.09916666666666668D0,0.0D0,0.0D0,1.0D0;                        0000455P   1172
126,1,1,1,0,1,0,-0.2990691577396702D0,-0.2990691577396702D0,     0000457P   1173
-0.0D0,-0.0D0,1.0D0,1.0D0,-0.04916666666666668D0,                0000457P   1174
-0.2950000000000077D0,0.0D0,-6.38378239159465D-16,               0000457P   1175
-7.605027718682322D-15,0.0D0,-0.2990691577396702D0,-0.0D0,0.0D0, 0000457P   1176
0.0D0,1.0D0;                                                     0000457P   1177
102,4,451,453,455,457;                                           0000459P   1178
126,1,1,1,0,1,0,1.741293533607179D-06,1.741293533607179D-06,     0000461P   1179
0.07035000000000002D0,0.07035000000000002D0,1.0D0,1.0D0,         0000461P   1180
1.2225D0,-5.735834570790064D-15,-0.07000000000000001D0,1.2225D0, 0000461P   1181
4.420761877442879D-16,8.673617379936729D-19,                     0000461P   1182
1.741293533607179D-06,0.07035000000000002D0,1.0D0,0.0D0,0.0D0;   0000461P   1183
126,1,1,1,0,1,0,-0.2999999999999999D0,-0.2999999999999999D0,     0000463P   1184
-0.004999999999999782D0,-0.004999999999999782D0,1.0D0,1.0D0,     0000463P   1185
1.2225D0,4.420761877442879D-16,8.673617379936729D-19,1.2225D0,   0000463P   1186
0.2950000000000006D0,6.248232925412865D-15,                      0000463P   1187
-0.2999999999999999D0,-0.004999999999999782D0,0.0D0,0.0D0,1.0D0; 0000463P   1188
126,3,3,1,0,1,0,-0.12D0,-0.12D0,-0.12D0,-0.12D0,                 0000465P   1189
-0.09916666666666668D0,-0.09916666666666668D0,                   0000465P   1190
-0.09916666666666668D0,-0.09916666666666668D0,1.0D0,1.0D0,1.0D0, 0000465P   1191
1.0D0,1.2225D0,0.2950000000000006D0,6.248232925412865D-15,       0000465P   1192
1.2225D0,0.2950000000000008D0,-0.006944444444438181D0,1.2225D0,  0000465P   1193
0.2950000000000009D0,-0.01388888888888261D0,1.2225D0,            0000465P   1194
0.2950000000000011D0,-0.02083333333332704D0,-0.12D0,             0000465P   1195
-0.09916666666666668D0,1.0D0,0.0D0,0.0D0;                        0000465P   1196
126,1,1,1,0,1,0,-0.2990691577396702D0,-0.2990691577396702D0,     0000467P   1197
-0.0D0,-0.0D0,1.0D0,1.0D0,1.2225D0,0.2950000000000011D0,         0000467P   1198
-0.02083333333332704D0,1.2225D0,-5.735834570790064D-15,          0000467P   1199
-0.07000000000000001D0,-0.2990691577396702D0,-0.0D0,1.0D0,0.0D0, 0000467P   1200
0.0D0;                                                           0000467P   1201
102,4,461,463,465,467;                                           0000469P   1202
142,0,449,459,469,1;                                             0000471P   1203
144,449,1,0,471;                                                 0000473P   1204
128,1,1,1,1,0,0,1,0,0,-0.01D0,-0.01D0,0.1915616120592729D0,      0000475P   1205
0.1915616120592729D0,-0.01D0,-0.01D0,0.3686084215408288D0,       0000475P   1206
0.3686084215408288D0,1.0D0,1.0D0,1.0D0,1.0D0,                    0000475P   1207
1.220677985009394D0,-0.01364645083383679D0,                      0000475P   1208
-0.07323336373051928D0,1.364195358706434D0,                      0000475P   1209
0.09279380286146702D0,0.02004213839258058D0,1.020081468665264D0, 0000475P   1210
0.3030848907621669D0,-0.1260219206631783D0,1.163598842362303D0,  0000475P   1211
0.4095251444574707D0,-0.0327464185400784D0,-0.01D0,              0000475P   1212
0.1915616120592729D0,-0.01D0,0.3686084215408288D0;               0000475P   1213
126,6,3,1,0,1,0,0.0D0,0.0D0,0.0D0,0.0D0,0.5035590131014723D0,    0000477P   1214
0.5035590131014723D0,0.5035590131014723D0,0.7716429963578583D0,  0000477P   1215
0.7716429963578583D0,0.7716429963578583D0,0.7716429963578583D0,  0000477P   1216
1.0D0,1.0D0,1.0D0,1.0D0,1.0D0,1.0D0,1.0D0,                       0000477P   1217
0.009078080602963452D0,0.3528779370442008D0,0.0D0,               0000477P   1218
0.00740533115582398D0,0.3538811452145122D0,0.0D0,                0000477P   1219
0.005381226408062156D0,0.3545041710673226D0,0.0D0,               0000477P   1220
0.003286479930274609D0,0.3546624374313552D0,0.0D0,               0000477P   1221
0.002171281979156994D0,0.3547466950380735D0,0.0D0,               0000477P   1222
0.001059583070520977D0,0.35471577615421D0,0.0D0,0.0D0,           0000477P   1223
0.3546419587031292D0,0.0D0,0.0D0,0.7716429963578583D0,0.0D0,     0000477P   1224
0.0D0,1.0D0;                                                     0000477P   1225
126,1,1,1,0,1,0,-0.3546419587031293D0,-0.3546419587031293D0,     0000479P   1226
-0.0D0,-0.0D0,1.0D0,1.0D0,0.0D0,0.3546419587031292D0,0.0D0,      0000479P   1227
0.0D0,0.0D0,0.0D0,-0.3546419587031293D0,-0.0D0,0.0D0,0.0D0,      0000479P   1228
1.0D0;                                                           0000479P   1229
126,1,1,1,0,1,0,-0.3041381265149184D0,-0.3041381265149184D0,     0000481P   1230
-0.005068968775248258D0,-0.005068968775248258D0,1.0D0,1.0D0,     0000481P   1231
0.0D0,0.0D0,0.0D0,0.1785355851916186D0,0.2399320860814619D0,     0000481P   1232
0.0D0,-0.3041381265149184D0,-0.005068968775248258D0,0.0D0,0.0D0, 0000481P   1233
1.0D0;                                                           0000481P   1234
126,6,3,1,0,1,0,-1.000001616842337D0,-1.000001616842337D0,       0000483P   1235
-1.000001616842337D0,-1.000001616842337D0,-0.5000008084211686D0, 0000483P   1236
-0.5000008084211686D0,-0.5000008084211686D0,-0.0D0,-0.0D0,       0000483P   1237
-0.0D0,-0.0D0,1.0D0,1.0D0,1.0D0,1.0D0,1.0D0,1.0D0,1.0D0,         0000483P   1238
0.1785355851916186D0,0.2399320860814619D0,0.0D0,                 0000483P   1239
0.1790192371324376D0,0.2409597774254817D0,0.0D0,                 0000483P   1240
0.1792620867937166D0,0.2424152604270754D0,0.0D0,                 0000483P   1241
0.1789438011513513D0,0.2437910720585826D0,0.0D0,                 0000483P   1242
0.1786255155089861D0,0.2451668836900897D0,0.0D0,                 0000483P   1243
0.1777615010940866D0,0.2463485827809043D0,0.0D0,                 0000483P   1244
0.176783674899819D0,0.2470147760801751D0,0.0D0,                  0000483P   1245
-1.000001616842337D0,-0.0D0,0.0D0,0.0D0,1.0D0;                   0000483P   1246
126,1,1,1,0,1,0,-0.2090588659164757D0,-0.2090588659164757D0,     0000485P   1247
-0.01073545527679174D0,-0.01073545527679174D0,1.0D0,1.0D0,       0000485P   1248
0.176783674899819D0,0.2470147760801751D0,0.0D0,                  0000485P   1249
0.009078080602963452D0,0.3528779370442008D0,0.0D0,               0000485P   1250
-0.2090588659164757D0,-0.01073545527679174D0,0.0D0,0.0D0,1.0D0;  0000485P   1251
102,5,477,479,481,483,485;                                       0000487P   1252
126,5,3,1,0,1,0,0.0D0,0.0D0,0.0D0,0.0D0,0.5000225619909565D0,    0000489P   1253
0.5000225619909565D0,0.7716429963578476D0,0.7716429963578476D0,  0000489P   1254
0.7716429963578476D0,0.7716429963578476D0,1.0D0,1.0D0,1.0D0,     0000489P   1255
1.0D0,1.0D0,1.0D0,1.042D0,0.3000000000000028D0,                  0000489P   1256
-0.1149999999999937D0,1.040403198012409D0,0.2999996167610826D0,  0000489P   1257
-0.1161296298493165D0,1.038804377875371D0,0.2995110207327744D0,  0000489P   1258
-0.1174541358515277D0,1.036337391550042D0,0.2980036916544233D0,  0000489P   1259
-0.1188752872641504D0,1.035469226069523D0,0.2973537816775816D0,  0000489P   1260
-0.1192322895458723D0,1.034601534414403D0,0.2966817877667344D0,  0000489P   1261
-0.1194469646277822D0,0.0D0,0.7716429963578476D0,                0000489P   1262
0.6090215485225486D0,-0.3839308913887194D0,                      0000489P   1263
-0.6940387770670025D0;                                           0000489P   1264
126,1,1,1,0,1,0,-0.3546419587031293D0,-0.3546419587031293D0,     0000491P   1265
-0.0D0,-0.0D0,1.0D0,1.0D0,1.034601534414403D0,                   0000491P   1266
0.2966817877667344D0,-0.1194469646277822D0,1.2225D0,             0000491P   1267
-5.735834570790064D-15,-0.07000000000000001D0,                   0000491P   1268
-0.3546419587031293D0,-0.0D0,0.8448190755542346D0,               0000491P   1269
0.535052081184335D0,0.0D0;                                       0000491P   1270
126,1,1,1,0,1,0,-0.3041381265149184D0,-0.3041381265149184D0,     0000493P   1271
-0.005068968775248286D0,-0.005068968775248286D0,1.0D0,1.0D0,     0000493P   1272
1.2225D0,-5.735834570790064D-15,-0.07000000000000001D0,1.2225D0, 0000493P   1273
0.295000000000001D0,-0.02083333333332705D0,                      0000493P   1274
-0.3041381265149184D0,-0.005068968775248286D0,1.0D0,0.0D0,0.0D0; 0000493P   1275
126,5,3,1,0,1,0,-1.000001616842337D0,-1.000001616842337D0,       0000495P   1276
-1.000001616842337D0,-1.000001616842337D0,-0.5000008084211686D0, 0000495P   1277
-0.5000008084211686D0,-0.0D0,-0.0D0,-0.0D0,-0.0D0,1.0D0,1.0D0,   0000495P   1278
1.0D0,1.0D0,1.0D0,1.0D0,1.2225D0,0.295000000000001D0,            0000495P   1279
-0.02083333333332705D0,1.2225D0,0.2961785113019786D0,            0000495P   1280
-0.02113304093566617D0,1.222011844635311D0,0.2975592231765554D0, 0000495P   1281
-0.02143274853800529D0,1.220059223176554D0,0.2995118446353117D0, 0000495P   1282
-0.02203216374268353D0,1.218678511301978D0,0.3000000000000008D0, 0000495P   1283
-0.02233187134502265D0,1.217500000000001D0,0.3000000000000009D0, 0000495P   1284
-0.02263157894736178D0,-1.000001616842337D0,-0.0D0,              0000495P   1285
-0.1651335443337837D0,0.1651335443337109D0,0.9723486129323929D0; 0000495P   1286
126,1,1,1,0,1,0,-0.2090588659164757D0,-0.2090588659164757D0,     0000497P   1287
-0.01073545527679174D0,-0.01073545527679174D0,1.0D0,1.0D0,       0000497P   1288
1.217500000000001D0,0.3000000000000009D0,-0.02263157894736178D0, 0000497P   1289
1.042D0,0.3000000000000028D0,-0.1149999999999937D0,              0000497P   1290
-0.2090588659164757D0,-0.01073545527679174D0,0.0D0,1.0D0,0.0D0;  0000497P   1291
102,5,489,491,493,495,497;                                       0000499P   1292
142,0,475,487,499,1;                                             0000501P   1293
144,475,1,0,501;                                                 0000503P   1294
128,2,3,2,3,0,0,0,0,0,0.0D0,0.0D0,0.0D0,1.0D0,1.0D0,1.0D0,       0000505P   1295
0.09736842105263188D0,0.09736842105263188D0,                     0000505P   1296
0.09736842105263188D0,0.09736842105263188D0,0.12D0,0.12D0,       0000505P   1297
0.12D0,0.12D0,1.0D0,0.7071067811865602D0,1.0D0,1.0D0,            0000505P   1298
0.7071067811865599D0,1.0D0,1.0D0,0.7071067811865593D0,1.0D0,     0000505P   1299
1.0D0,0.7071067811865587D0,1.0D0,1.217500000000001D0,            0000505P   1300
0.300000000000001D0,-0.02263157894736178D0,1.2225D0,             0000505P   1301
0.3000000000000008D0,-0.02263157894736179D0,1.222500000000001D0, 0000505P   1302
0.2950000000000011D0,-0.02263157894736186D0,1.217500000000001D0, 0000505P   1303
0.3000000000000009D0,-0.01508771929823908D0,1.2225D0,            0000505P   1304
0.3000000000000007D0,-0.01508771929823914D0,1.222500000000001D0, 0000505P   1305
0.2950000000000009D0,-0.01508771929823916D0,1.217500000000001D0, 0000505P   1306
0.3000000000000007D0,-0.00754385964911638D0,1.2225D0,            0000505P   1307
0.3000000000000005D0,-0.007543859649116485D0,                    0000505P   1308
1.222500000000001D0,0.2950000000000008D0,                        0000505P   1309
-0.007543859649116465D0,1.217500000000001D0,                     0000505P   1310
0.3000000000000005D0,6.315956560868066D-15,1.2225D0,             0000505P   1311
0.3000000000000004D0,6.182391614671019D-15,1.222500000000001D0,  0000505P   1312
0.2950000000000006D0,6.229136511148154D-15,0.0D0,1.0D0,          0000505P   1313
0.09736842105263188D0,0.12D0;                                    0000505P   1314
126,1,1,1,0,1,0,0.0D0,0.0D0,1.000001616842337D0,                 0000507P   1315
1.000001616842337D0,1.0D0,1.0D0,0.0D0,0.09736842105263188D0,     0000507P   1316
0.0D0,1.0D0,0.09916666666666668D0,0.0D0,0.0D0,                   0000507P   1317
1.000001616842337D0,0.0D0,0.0D0,1.0D0;                           0000507P   1318
126,1,1,1,0,1,0,-0.1182017543859652D0,-0.1182017543859652D0,     0000509P   1319
-0.09736842105263188D0,-0.09736842105263188D0,1.0D0,1.0D0,1.0D0, 0000509P   1320
0.09916666666666668D0,0.0D0,1.0D0,0.12D0,0.0D0,                  0000509P   1321
-0.1182017543859652D0,-0.09736842105263188D0,0.0D0,0.0D0,1.0D0;  0000509P   1322
126,1,1,1,0,1,0,-1.0D0,-1.0D0,-0.0D0,-0.0D0,1.0D0,1.0D0,1.0D0,   0000511P   1323
0.12D0,0.0D0,0.0D0,0.12D0,0.0D0,-1.0D0,-0.0D0,0.0D0,0.0D0,1.0D0; 0000511P   1324
126,1,1,1,0,1,0,-0.12D0,-0.12D0,-0.09736842105263188D0,          0000513P   1325
-0.09736842105263188D0,1.0D0,1.0D0,0.0D0,0.12D0,0.0D0,0.0D0,     0000513P   1326
0.09736842105263188D0,0.0D0,-0.12D0,-0.09736842105263188D0,      0000513P   1327
0.0D0,0.0D0,1.0D0;                                               0000513P   1328
102,4,507,509,511,513;                                           0000515P   1329
126,5,3,1,0,1,0,0.0D0,0.0D0,0.0D0,0.0D0,0.5000008084211686D0,    0000517P   1330
0.5000008084211686D0,1.000001616842337D0,1.000001616842337D0,    0000517P   1331
1.000001616842337D0,1.000001616842337D0,1.0D0,1.0D0,1.0D0,1.0D0, 0000517P   1332
1.0D0,1.0D0,1.217500000000001D0,0.300000000000001D0,             0000517P   1333
-0.02263157894736178D0,1.218678511301978D0,0.300000000000001D0,  0000517P   1334
-0.02233187134502265D0,1.220059223176555D0,0.2995118446353118D0, 0000517P   1335
-0.02203216374268353D0,1.222011844635311D0,0.2975592231765555D0, 0000517P   1336
-0.02143274853800529D0,1.222500000000001D0,0.2961785113019786D0, 0000517P   1337
-0.02113304093566618D0,1.222500000000001D0,0.295000000000001D0,  0000517P   1338
-0.02083333333332706D0,0.0D0,1.000001616842337D0,                0000517P   1339
-0.1651335443337666D0,0.1651335443336961D0,0.9723486129323983D0; 0000517P   1340
126,3,3,1,0,1,0,0.09916666666666668D0,0.09916666666666668D0,     0000519P   1341
0.09916666666666668D0,0.09916666666666668D0,0.12D0,0.12D0,       0000519P   1342
0.12D0,0.12D0,1.0D0,1.0D0,1.0D0,1.0D0,1.222500000000001D0,       0000519P   1343
0.2950000000000011D0,-0.02083333333332706D0,1.222500000000001D0, 0000519P   1344
0.2950000000000009D0,-0.01388888888888263D0,1.222500000000001D0, 0000519P   1345
0.2950000000000008D0,-0.006944444444438198D0,                    0000519P   1346
1.222500000000001D0,0.2950000000000006D0,6.229136511148154D-15,  0000519P   1347
0.09916666666666668D0,0.12D0,1.0D0,0.0D0,0.0D0;                  0000519P   1348
126,2,2,1,0,0,0,-1.0D0,-1.0D0,-1.0D0,-0.0D0,-0.0D0,-0.0D0,1.0D0, 0000521P   1349
0.7071067811865587D0,1.0D0,1.222500000000001D0,                  0000521P   1350
0.2950000000000006D0,6.229136511148154D-15,1.2225D0,             0000521P   1351
0.3000000000000004D0,6.182391614671019D-15,1.217500000000001D0,  0000521P   1352
0.3000000000000005D0,6.315956560868066D-15,-1.0D0,-0.0D0,-0.0D0, 0000521P   1353
-0.0D0,-1.0D0;                                                   0000521P   1354
126,3,3,1,0,1,0,-0.12D0,-0.12D0,-0.12D0,-0.12D0,                 0000523P   1355
-0.09736842105263188D0,-0.09736842105263188D0,                   0000523P   1356
-0.09736842105263188D0,-0.09736842105263188D0,1.0D0,1.0D0,1.0D0, 0000523P   1357
1.0D0,1.217500000000001D0,0.3000000000000005D0,                  0000523P   1358
6.315956560868066D-15,1.217500000000001D0,0.3000000000000007D0,  0000523P   1359
-0.00754385964911638D0,1.217500000000001D0,0.3000000000000009D0, 0000523P   1360
-0.01508771929823908D0,1.217500000000001D0,0.300000000000001D0,  0000523P   1361
-0.02263157894736178D0,-0.12D0,-0.09736842105263188D0,1.0D0,     0000523P   1362
0.0D0,0.0D0;                                                     0000523P   1363
102,4,517,519,521,523;                                           0000525P   1364
142,0,505,515,525,1;                                             0000527P   1365
144,505,1,0,527;                                                 0000529P   1366
128,3,2,3,2,0,0,0,0,0,0.2999999999999987D0,0.2999999999999987D0, 0000531P   1367
0.2999999999999987D0,0.2999999999999987D0,1.690445115010343D0,   0000531P   1368
1.690445115010343D0,1.690445115010343D0,1.690445115010343D0,     0000531P   1369
0.0D0,0.0D0,0.0D0,1.0D0,1.0D0,1.0D0,0.9999999999999998D0,1.0D0,  0000531P   1370
1.0D0,1.000000000000021D0,0.7071067811865133D0,                  0000531P   1371
0.7071067811865124D0,0.7071067811865164D0,0.7071067811865204D0,  0000531P   1372
0.9999999999999998D0,1.0D0,1.0D0,1.000000000000021D0,-1.2225D0,  0000531P   1373
1.304512053934559D-15,-0.115D0,-1.2225D0,-0.4634817050034465D0,  0000531P   1374
-0.1149999999999999D0,-1.2225D0,-0.926963410006894D0,            0000531P   1375
-0.1150000000000002D0,-1.222499999999974D0,-1.390445115010317D0, 0000531P   1376
-0.1149999999999988D0,-1.2225D0,1.442522446415788D-15,           0000531P   1377
-0.1200000000000001D0,-1.222500000000002D0,                      0000531P   1378
-0.4634817050034462D0,-0.1200000000000003D0,                     0000531P   1379
-1.222499999999995D0,-0.926963410006889D0,-0.1199999999999996D0, 0000531P   1380
-1.222499999999988D0,-1.390445115010375D0,-0.1199999999999989D0, 0000531P   1381
-1.2175D0,1.464106613724426D-15,-0.1200000000000001D0,           0000531P   1382
-1.217499999999999D0,-0.4634817050034456D0,-0.12D0,              0000531P   1383
-1.217500000000004D0,-0.9269634100068942D0,-0.12D0,              0000531P   1384
-1.217499999999981D0,-1.390445115010358D0,-0.1199999999999964D0, 0000531P   1385
0.2999999999999987D0,1.690445115010343D0,0.0D0,1.0D0;            0000531P   1386
126,3,3,1,0,1,0,0.0D0,0.0D0,0.0D0,0.0D0,0.3709034145812527D0,    0000533P   1387
0.3709034145812527D0,0.3709034145812527D0,0.3709034145812527D0,  0000533P   1388
1.0D0,1.0D0,1.0D0,1.0D0,0.5978440857769378D0,                    0000533P   1389
0.4138505018605498D0,0.0D0,0.5977316676308656D0,                 0000533P   1390
0.5381989214135715D0,0.0D0,0.5972977955491391D0,                 0000533P   1391
0.6614119840692375D0,0.0D0,0.5965682111332636D0,                 0000533P   1392
0.7846365534264537D0,0.0D0,0.0D0,0.3709034145812527D0,0.0D0,     0000533P   1393
0.0D0,1.0D0;                                                     0000533P   1394
126,3,3,1,0,1,0,-0.002209476295903995D0,-0.002209476295903995D0, 0000535P   1395
-0.002209476295903995D0,-0.002209476295903995D0,-0.0D0,-0.0D0,   0000535P   1396
-0.0D0,-0.0D0,1.0D0,1.0D0,1.0D0,1.0D0,0.5965682111332636D0,      0000535P   1397
0.7846365534264537D0,0.0D0,0.596076734369769D0,                  0000535P   1398
0.8518798648830506D0,0.0D0,0.595546404705019D0,                  0000535P   1399
0.9227267055618067D0,0.0D0,0.5950000000000002D0,1.0D0,0.0D0,     0000535P   1400
-0.002209476295903995D0,-0.0D0,0.0D0,0.0D0,1.0D0;                0000535P   1401
126,1,1,1,0,1,0,1.395445115010341D0,1.395445115010341D0,         0000537P   1402
1.690445115010343D0,1.690445115010343D0,1.0D0,1.0D0,             0000537P   1403
0.5950000000000002D0,1.0D0,0.0D0,0.2999999999999987D0,1.0D0,     0000537P   1404
0.0D0,1.395445115010341D0,1.690445115010343D0,0.0D0,0.0D0,1.0D0; 0000537P   1405
126,1,1,1,0,1,0,0.0D0,0.0D0,1.0D0,1.0D0,1.0D0,1.0D0,             0000539P   1406
0.2999999999999987D0,1.0D0,0.0D0,0.2999999999999987D0,0.0D0,     0000539P   1407
0.0D0,0.0D0,1.0D0,0.0D0,0.0D0,1.0D0;                             0000539P   1408
126,1,1,1,0,1,0,0.2999999999999987D0,0.2999999999999987D0,       0000541P   1409
0.5950000000000053D0,0.5950000000000053D0,1.0D0,1.0D0,           0000541P   1410
0.2999999999999987D0,0.0D0,0.0D0,0.5950000000000053D0,0.0D0,     0000541P   1411
0.0D0,0.2999999999999987D0,0.5950000000000053D0,0.0D0,0.0D0,     0000541P   1412
1.0D0;                                                           0000541P   1413
126,3,3,1,0,1,0,0.0D0,0.0D0,0.0D0,0.0D0,0.004385979451174225D0,  0000543P   1414
0.004385979451174225D0,0.004385979451174225D0,                   0000543P   1415
0.004385979451174225D0,1.0D0,1.0D0,1.0D0,1.0D0,                  0000543P   1416
0.5950000000000053D0,0.0D0,0.0D0,0.5959891928178964D0,           0000543P   1417
0.1398929898866555D0,0.0D0,0.5969918651750421D0,                 0000543P   1418
0.2774655016871679D0,0.0D0,0.5978440857769378D0,                 0000543P   1419
0.4138505018605498D0,0.0D0,0.0D0,0.004385979451174225D0,0.0D0,   0000543P   1420
0.0D0,1.0D0;                                                     0000543P   1421
102,6,533,535,537,539,541,543;                                   0000545P   1422
126,3,3,1,0,1,0,0.0D0,0.0D0,0.0D0,0.0D0,0.3709034145812527D0,    0000547P   1423
0.3709034145812527D0,0.3709034145812527D0,0.3709034145812527D0,  0000547P   1424
1.0D0,1.0D0,1.0D0,1.0D0,-1.221533739794523D0,                    0000547P   1425
-0.2979410842040935D0,-0.1179410842040927D0,                     0000547P   1426
-1.220909937771297D0,-0.2977955163146583D0,                      0000547P   1427
-0.1187642330366446D0,-1.220008469230793D0,                      0000547P   1428
-0.2973293016131229D0,-0.119397769871021D0,-1.219075147995595D0, 0000547P   1429
-0.2965734557831897D0,-0.1197177613478492D0,0.0D0,               0000547P   1430
0.3709034145812527D0,-0.7969968694265835D0,0.0D0,                0000547P   1431
-0.6039834353061561D0;                                           0000547P   1432
126,3,3,1,0,1,0,-0.002772097598589558D0,-0.002772097598589558D0, 0000549P   1433
-0.002772097598589558D0,-0.002772097598589558D0,-0.0D0,-0.0D0,   0000549P   1434
-0.0D0,-0.0D0,1.0D0,1.0D0,1.0D0,1.0D0,-1.219075147995595D0,      0000549P   1435
-0.2965734557831897D0,-0.1197177613478492D0,                     0000549P   1436
-1.218510588857347D0,-0.2960105888527856D0,                      0000549P   1437
-0.1199109869235608D0,-1.217960787891512D0,                      0000549P   1438
-0.2954607878894693D0,-0.1199999999989489D0,-1.2175D0,-0.295D0,  0000549P   1439
-0.12D0,-0.002772097598589558D0,-0.0D0,0.0D0,0.0D0,1.0D0;        0000549P   1440
126,3,3,1,0,1,0,-0.5950000000000002D0,-0.5950000000000002D0,     0000551P   1441
-0.5950000000000002D0,-0.5950000000000002D0,                     0000551P   1442
-0.2999999999999987D0,-0.2999999999999987D0,                     0000551P   1443
-0.2999999999999987D0,-0.2999999999999987D0,1.0D0,1.0D0,1.0D0,   0000551P   1444
1.0D0,-1.2175D0,-0.295D0,-0.12D0,-1.2175D0,                      0000551P   1445
-0.1966666666666659D0,-0.12D0,-1.2175D0,-0.09833333333333216D0,  0000551P   1446
-0.12D0,-1.2175D0,1.464106613724425D-15,-0.12D0,                 0000551P   1447
-0.5950000000000002D0,-0.2999999999999987D0,0.0D0,0.0D0,1.0D0;   0000551P   1448
126,2,2,1,0,0,0,-1.0D0,-1.0D0,-1.0D0,-0.0D0,-0.0D0,-0.0D0,1.0D0, 0000553P   1449
0.7071067811865134D0,1.0D0,-1.2175D0,1.464106613724426D-15,      0000553P   1450
-0.1200000000000001D0,-1.2225D0,1.442522446415788D-15,           0000553P   1451
-0.1200000000000001D0,-1.2225D0,1.304512053934559D-15,-0.115D0,  0000553P   1452
-1.0D0,-0.0D0,0.0D0,1.0D0,0.0D0;                                 0000553P   1453
126,3,3,1,0,1,0,0.2999999999999987D0,0.2999999999999987D0,       0000555P   1454
0.2999999999999987D0,0.2999999999999987D0,0.5950000000000053D0,  0000555P   1455
0.5950000000000053D0,0.5950000000000053D0,0.5950000000000053D0,  0000555P   1456
1.0D0,1.0D0,1.0D0,1.0D0,-1.2225D0,1.304512053934559D-15,         0000555P   1457
-0.115D0,-1.2225D0,-0.09833333333333422D0,-0.115D0,-1.2225D0,    0000555P   1458
-0.1966666666666697D0,-0.115D0,-1.2225D0,-0.2950000000000051D0,  0000555P   1459
-0.115D0,0.2999999999999987D0,0.5950000000000053D0,0.0D0,0.0D0,  0000555P   1460
1.0D0;                                                           0000555P   1461
126,3,3,1,0,1,0,0.0D0,0.0D0,0.0D0,0.0D0,0.00503358974993506D0,   0000557P   1462
0.00503358974993506D0,0.00503358974993506D0,                     0000557P   1463
0.00503358974993506D0,1.0D0,1.0D0,1.0D0,1.0D0,-1.2225D0,         0000557P   1464
-0.2950000000000052D0,-0.115D0,-1.2225D0,-0.2958367011333969D0,  0000557P   1465
-0.1158367011333934D0,-1.222206510613994D0,                      0000557P   1466
-0.2969668916527941D0,-0.116966891652792D0,-1.221533739794523D0, 0000557P   1467
-0.2979410842040935D0,-0.1179410842040927D0,0.0D0,               0000557P   1468
0.00503358974993506D0,1.0D0,0.0D0,0.0D0;                         0000557P   1469
102,6,547,549,551,553,555,557;                                   0000559P   1470
142,0,531,545,559,1;                                             0000561P   1471
144,531,1,0,561;                                                 0000563P   1472
128,3,2,3,2,0,0,0,0,0,0.13D0,0.13D0,0.13D0,0.13D0,               0000565P   1473
0.2499999999999999D0,0.2499999999999999D0,0.2499999999999999D0,  0000565P   1474
0.2499999999999999D0,0.0D0,0.0D0,0.0D0,1.0D0,1.0D0,1.0D0,        0000565P   1475
0.9999999999999998D0,0.9999999999999998D0,0.9999999999999999D0,  0000565P   1476
1.0D0,0.7071067811865197D0,0.7071067811865206D0,                 0000565P   1477
0.7071067811865193D0,0.7071067811865133D0,0.9999999999999998D0,  0000565P   1478
0.9999999999999998D0,0.9999999999999999D0,1.0D0,-1.2225D0,       0000565P   1479
-0.294999999999828D0,0.0D0,-1.2225D0,-0.294999999999828D0,       0000565P   1480
-0.03999999999999999D0,-1.2225D0,-0.2949999999998281D0,          0000565P   1481
-0.07999999999999999D0,-1.2225D0,-0.2949999999998281D0,-0.12D0,  0000565P   1482
-1.2225D0,-0.2999999999998281D0,-1.054905870678203D-16,          0000565P   1483
-1.2225D0,-0.299999999999828D0,-0.04000000000000018D0,-1.2225D0, 0000565P   1484
-0.2999999999998281D0,-0.08000000000000033D0,-1.2225D0,          0000565P   1485
-0.2999999999998282D0,-0.12D0,-1.2175D0,-0.299999999999828D0,    0000565P   1486
-1.734723475976807D-17,-1.2175D0,-0.299999999999828D0,           0000565P   1487
-0.04000000000000003D0,-1.2175D0,-0.299999999999828D0,           0000565P   1488
-0.08000000000000003D0,-1.2175D0,-0.299999999999828D0,-0.12D0,   0000565P   1489
0.13D0,0.2499999999999999D0,0.0D0,1.0D0;                         0000565P   1490
126,1,1,1,0,1,0,0.4078866665482748D0,0.4078866665482748D0,       0000567P   1491
1.000012499921876D0,1.000012499921876D0,1.0D0,1.0D0,             0000567P   1492
0.2479605921659976D0,0.4078815668004812D0,0.0D0,                 0000567P   1493
0.2449999999999999D0,1.0D0,0.0D0,0.4078866665482748D0,           0000567P   1494
1.000012499921876D0,0.0D0,0.0D0,1.0D0;                           0000567P   1495
126,1,1,1,0,1,0,0.135D0,0.135D0,0.2499999999999999D0,            0000569P   1496
0.2499999999999999D0,1.0D0,1.0D0,0.2449999999999999D0,1.0D0,     0000569P   1497
0.0D0,0.13D0,1.0D0,0.0D0,0.135D0,0.2499999999999999D0,0.0D0,     0000569P   1498
0.0D0,1.0D0;                                                     0000569P   1499
126,1,1,1,0,1,0,0.0D0,0.0D0,1.0D0,1.0D0,1.0D0,1.0D0,0.13D0,      0000571P   1500
1.0D0,0.0D0,0.13D0,0.0D0,0.0D0,0.0D0,1.0D0,0.0D0,0.0D0,1.0D0;    0000571P   1501
126,1,1,1,0,1,0,0.13D0,0.13D0,0.2449999999999998D0,              0000573P   1502
0.2449999999999998D0,1.0D0,1.0D0,0.13D0,0.0D0,0.0D0,             0000573P   1503
0.2449999999999998D0,0.0D0,0.0D0,0.13D0,0.2449999999999998D0,    0000573P   1504
0.0D0,0.0D0,1.0D0;                                               0000573P   1505
126,3,3,1,0,1,0,-0.01090017214894439D0,-0.01090017214894439D0,   0000575P   1506
-0.01090017214894439D0,-0.01090017214894439D0,                   0000575P   1507
-0.00647257486022697D0,-0.00647257486022697D0,                   0000575P   1508
-0.00647257486022697D0,-0.00647257486022697D0,1.0D0,1.0D0,1.0D0, 0000575P   1509
1.0D0,0.2449999999999998D0,0.0D0,0.0D0,0.2460909314072222D0,     0000575P   1510
0.1542809991712558D0,0.0D0,0.2471189788859462D0,                 0000575P   1511
0.2830490207381861D0,0.0D0,0.2479605921659976D0,                 0000575P   1512
0.4078815668004812D0,0.0D0,-0.01090017214894439D0,               0000575P   1513
-0.00647257486022697D0,0.0D0,0.0D0,1.0D0;                        0000575P   1514
102,5,567,569,571,573,575;                                       0000577P   1515
126,5,3,1,0,1,0,0.4074356125212356D0,0.4074356125212356D0,       0000579P   1516
0.4074356125212356D0,0.4074356125212356D0,0.500006249960938D0,   0000579P   1517
0.500006249960938D0,1.000012499921876D0,1.000012499921876D0,     0000579P   1518
1.000012499921876D0,1.000012499921876D0,1.0D0,1.0D0,1.0D0,1.0D0, 0000579P   1519
1.0D0,1.0D0,-1.221527596690557D0,-0.29795553959218D0,            0000579P   1520
-0.1179628474016422D0,-1.221380307987856D0,                      0000579P   1521
-0.2981601661688629D0,-0.1178085649344281D0,                     0000579P   1522
-1.221216287059648D0,-0.2983547807520456D0,                      0000579P   1523
-0.1176542824672141D0,-1.220059223176554D0,-0.299511844635139D0, 0000579P   1524
-0.1166666666666667D0,-1.218678511301977D0,                      0000579P   1525
-0.2999999999998281D0,-0.1158333333333333D0,-1.2175D0,           0000579P   1526
-0.299999999999828D0,-0.115D0,0.4074356125212356D0,              0000579P   1527
1.000012499921876D0,0.0D0,-0.6020272540633465D0,                 0000579P   1528
-0.7984755383635411D0;                                           0000579P   1529
126,3,3,1,0,1,0,-0.2449999999999999D0,-0.2449999999999999D0,     0000581P   1530
-0.2449999999999999D0,-0.2449999999999999D0,-0.13D0,-0.13D0,     0000581P   1531
-0.13D0,-0.13D0,1.0D0,1.0D0,1.0D0,1.0D0,-1.2175D0,               0000581P   1532
-0.299999999999828D0,-0.115D0,-1.2175D0,-0.299999999999828D0,    0000581P   1533
-0.07666666666666665D0,-1.2175D0,-0.299999999999828D0,           0000581P   1534
-0.03833333333333334D0,-1.2175D0,-0.299999999999828D0,           0000581P   1535
-1.734723475976807D-17,-0.2449999999999999D0,-0.13D0,1.0D0,      0000581P   1536
0.0D0,0.0D0;                                                     0000581P   1537
126,2,2,1,0,0,0,-1.0D0,-1.0D0,-1.0D0,-0.0D0,-0.0D0,-0.0D0,1.0D0, 0000583P   1538
0.7071067811865198D0,1.0D0,-1.2175D0,-0.299999999999828D0,       0000583P   1539
-1.734723475976807D-17,-1.2225D0,-0.2999999999998281D0,          0000583P   1540
-1.054905870678203D-16,-1.2225D0,-0.294999999999828D0,0.0D0,     0000583P   1541
-1.0D0,-0.0D0,-0.0D0,-0.0D0,-1.0D0;                              0000583P   1542
126,3,3,1,0,1,0,0.13D0,0.13D0,0.13D0,0.13D0,                     0000585P   1543
0.2449999999999997D0,0.2449999999999997D0,0.2449999999999997D0,  0000585P   1544
0.2449999999999997D0,1.0D0,1.0D0,1.0D0,1.0D0,-1.2225D0,          0000585P   1545
-0.294999999999828D0,0.0D0,-1.222499999999999D0,                 0000585P   1546
-0.294999999999828D0,-0.03833333333333325D0,                     0000585P   1547
-1.222499999999999D0,-0.294999999999828D0,                       0000585P   1548
-0.07666666666666651D0,-1.222499999999999D0,                     0000585P   1549
-0.2949999999998281D0,-0.1149999999999998D0,0.13D0,              0000585P   1550
0.2449999999999997D0,1.0D0,0.0D0,0.0D0;                          0000585P   1551
126,3,3,1,0,1,0,-0.01090017214894439D0,-0.01090017214894439D0,   0000587P   1552
-0.01090017214894439D0,-0.01090017214894439D0,                   0000587P   1553
-0.00583576541985167D0,-0.00583576541985167D0,                   0000587P   1554
-0.00583576541985167D0,-0.00583576541985167D0,1.0D0,1.0D0,1.0D0, 0000587P   1555
1.0D0,-1.2225D0,-0.2949999999998281D0,-0.1149999999999998D0,     0000587P   1556
-1.222499999996731D0,-0.2958413749317533D0,                      0000587P   1557
-0.1158413749239627D0,-1.222203222597908D0,                      0000587P   1558
-0.2969795272597591D0,-0.1169795272407326D0,                     0000587P   1559
-1.221527596690557D0,-0.29795553959218D0,-0.1179628474016422D0,  0000587P   1560
-0.01090017214894439D0,-0.00583576541985167D0,0.0D0,             0000587P   1561
0.7097391790376175D0,-0.7044645468290145D0;                      0000587P   1562
102,5,579,581,583,585,587;                                       0000589P   1563
142,0,565,577,589,1;                                             0000591P   1564
144,565,1,0,591;                                                 0000593P   1565
128,1,1,1,1,0,0,1,0,0,5.489999999999999D0,5.489999999999999D0,   0000595P   1566
6.09D0,6.09D0,0.0D0,0.0D0,0.25D0,0.25D0,1.0D0,1.0D0,1.0D0,1.0D0, 0000595P   1567
-1.2225D0,0.3D0,-0.12D0,-1.2225D0,-0.3D0,-0.12D0,-1.2225D0,      0000595P   1568
0.3D0,0.13D0,-1.2225D0,-0.3D0,0.13D0,5.489999999999999D0,6.09D0, 0000595P   1569
0.0D0,0.25D0;                                                    0000595P   1570
126,3,3,1,0,1,0,0.2999999999999987D0,0.2999999999999987D0,       0000597P   1571
0.2999999999999987D0,0.2999999999999987D0,0.595000000000002D0,   0000597P   1572
0.595000000000002D0,0.595000000000002D0,0.595000000000002D0,     0000597P   1573
1.0D0,1.0D0,1.0D0,1.0D0,5.789999999999999D0,                     0000597P   1574
0.005000000000000004D0,0.0D0,5.888333333333332D0,                0000597P   1575
0.005000000000000004D0,0.0D0,5.986666666666666D0,                0000597P   1576
0.005000000000000004D0,0.0D0,6.085D0,0.005000000000000005D0,     0000597P   1577
0.0D0,0.2999999999999987D0,0.595000000000002D0,0.0D0,0.0D0,      0000597P   1578
1.0D0;                                                           0000597P   1579
126,3,3,1,0,1,0,-0.2449999999999999D0,-0.2449999999999999D0,     0000599P   1580
-0.2449999999999999D0,-0.2449999999999999D0,-0.13D0,-0.13D0,     0000599P   1581
-0.13D0,-0.13D0,1.0D0,1.0D0,1.0D0,1.0D0,6.085D0,                 0000599P   1582
0.005000000000000005D0,0.0D0,6.084999999999999D0,                0000599P   1583
0.0433333333333333D0,0.0D0,6.084999999999999D0,                  0000599P   1584
0.08166666666666662D0,0.0D0,6.084999999999999D0,0.12D0,0.0D0,    0000599P   1585
-0.2449999999999999D0,-0.13D0,0.0D0,0.0D0,1.0D0;                 0000599P   1586
126,1,1,1,0,1,0,-6.084999999999999D0,-6.084999999999999D0,       0000601P   1587
-5.789999999999999D0,-5.789999999999999D0,1.0D0,1.0D0,           0000601P   1588
6.084999999999999D0,0.12D0,0.0D0,5.789999999999999D0,0.12D0,     0000601P   1589
0.0D0,-6.084999999999999D0,-5.789999999999999D0,0.0D0,0.0D0,     0000601P   1590
1.0D0;                                                           0000601P   1591
126,1,1,1,0,1,0,-1.12735016685715D0,-1.12735016685715D0,         0000603P   1592
-1.01235016685715D0,-1.01235016685715D0,1.0D0,1.0D0,             0000603P   1593
5.789999999999999D0,0.12D0,0.0D0,5.789999999999999D0,            0000603P   1594
0.005000000000000004D0,0.0D0,-1.12735016685715D0,                0000603P   1595
-1.01235016685715D0,0.0D0,0.0D0,1.0D0;                           0000603P   1596
102,4,597,599,601,603;                                           0000605P   1597
126,3,3,1,0,1,0,0.2999999999999987D0,0.2999999999999987D0,       0000607P   1598
0.2999999999999987D0,0.2999999999999987D0,0.595000000000002D0,   0000607P   1599
0.595000000000002D0,0.595000000000002D0,0.595000000000002D0,     0000607P   1600
1.0D0,1.0D0,1.0D0,1.0D0,-1.2225D0,1.304512053934559D-15,         0000607P   1601
-0.115D0,-1.2225D0,-0.09833333333333309D0,-0.115D0,-1.2225D0,    0000607P   1602
-0.1966666666666675D0,-0.115D0,-1.2225D0,-0.2950000000000019D0,  0000607P   1603
-0.115D0,0.2999999999999987D0,0.595000000000002D0,0.0D0,0.0D0,   0000607P   1604
1.0D0;                                                           0000607P   1605
126,3,3,1,0,1,0,-0.2449999999999999D0,-0.2449999999999999D0,     0000609P   1606
-0.2449999999999999D0,-0.2449999999999999D0,-0.13D0,-0.13D0,     0000609P   1607
-0.13D0,-0.13D0,1.0D0,1.0D0,1.0D0,1.0D0,-1.2225D0,               0000609P   1608
-0.2949999999999999D0,-0.115D0,-1.2225D0,-0.2949999999999997D0,  0000609P   1609
-0.07666666666666662D0,-1.2225D0,-0.2949999999999994D0,          0000609P   1610
-0.03833333333333332D0,-1.2225D0,-0.2949999999999992D0,0.0D0,    0000609P   1611
-0.2449999999999999D0,-0.13D0,1.0D0,0.0D0,0.0D0;                 0000609P   1612
126,1,1,1,0,1,0,-6.084999999999999D0,-6.084999999999999D0,       0000611P   1613
-5.789999999999999D0,-5.789999999999999D0,1.0D0,1.0D0,-1.2225D0, 0000611P   1614
-0.2949999999999992D0,0.0D0,-1.2225D0,4.440892098500626D-16,     0000611P   1615
0.0D0,-6.084999999999999D0,-5.789999999999999D0,0.0D0,0.0D0,     0000611P   1616
1.0D0;                                                           0000611P   1617
126,1,1,1,0,1,0,-1.12735016685715D0,-1.12735016685715D0,         0000613P   1618
-1.01235016685715D0,-1.01235016685715D0,1.0D0,1.0D0,-1.2225D0,   0000613P   1619
4.440892098500626D-16,0.0D0,-1.2225D0,4.440892098500626D-16,     0000613P   1620
-0.1150000000000001D0,-1.12735016685715D0,-1.01235016685715D0,   0000613P   1621
1.0D0,0.0D0,0.0D0;                                               0000613P   1622
102,4,607,609,611,613;                                           0000615P   1623
142,0,595,605,615,1;                                             0000617P   1624
144,595,1,0,617;                                                 0000619P   1625
128,1,1,1,1,0,0,1,0,0,-0.2064688270438858D0,                     0000621P   1626
-0.2064688270438858D0,0.01D0,0.01D0,-0.3099999999999924D0,       0000621P   1627
-0.3099999999999924D0,0.3100000000000075D0,0.3100000000000075D0, 0000621P   1628
1.0D0,1.0D0,1.0D0,1.0D0,1.022829254627373D0,                     0000621P   1629
0.3099999999999999D0,-0.1225449329927965D0,1.232170745372627D0,  0000621P   1630
0.3100000000000001D0,-0.06745506700720362D0,1.022829254627373D0, 0000621P   1631
-0.3100000000000001D0,-0.1225449329927964D0,1.232170745372627D0, 0000621P   1632
-0.3099999999999999D0,-0.06745506700720354D0,                    0000621P   1633
-0.2064688270438858D0,0.01D0,-0.3099999999999924D0,              0000621P   1634
0.3100000000000075D0;                                            0000621P   1635
126,1,1,1,0,1,0,0.0D0,0.0D0,0.3546419587031291D0,                0000623P   1636
0.3546419587031291D0,1.0D0,1.0D0,-2.576064361825559D-15,         0000623P   1637
7.549516567451064D-15,0.0D0,-0.1942957428260425D0,               0000623P   1638
0.2966817877667389D0,0.0D0,0.0D0,0.3546419587031291D0,0.0D0,     0000623P   1639
0.0D0,1.0D0;                                                     0000623P   1640
126,3,3,1,0,1,0,0.7716429963578628D0,0.7716429963578628D0,       0000625P   1641
0.7716429963578628D0,0.7716429963578628D0,1.000045123981913D0,   0000625P   1642
1.000045123981913D0,1.000045123981913D0,1.000045123981913D0,     0000625P   1643
1.0D0,1.0D0,1.0D0,1.0D0,-0.1942957428260425D0,                   0000625P   1644
0.2966817877667389D0,0.0D0,-0.1950458684212626D0,                0000625P   1645
0.2961173837771834D0,0.0D0,-0.19577027587888D0,                  0000625P   1646
0.2955376500240302D0,0.0D0,-0.1964688270438857D0,                0000625P   1647
0.2950000000000075D0,0.0D0,0.7716429963578628D0,                 0000625P   1648
1.000045123981913D0,0.0D0,0.0D0,1.0D0;                           0000625P   1649
126,1,1,1,0,1,0,0.005000000000000004D0,0.005000000000000004D0,   0000627P   1650
0.3D0,0.3D0,1.0D0,1.0D0,-0.1964688270438857D0,                   0000627P   1651
0.2950000000000075D0,0.0D0,-0.1964688270438858D0,                0000627P   1652
7.549516567451064D-15,0.0D0,0.005000000000000004D0,0.3D0,0.0D0,  0000627P   1653
0.0D0,1.0D0;                                                     0000627P   1654
126,1,1,1,0,1,0,-0.1964688270438859D0,-0.1964688270438859D0,     0000629P   1655
-5.152128723651117D-15,-5.152128723651117D-15,1.0D0,1.0D0,       0000629P   1656
-0.1964688270438858D0,7.549516567451064D-15,0.0D0,               0000629P   1657
-2.576064361825559D-15,7.549516567451064D-15,0.0D0,              0000629P   1658
-0.1964688270438859D0,-5.152128723651117D-15,0.0D0,0.0D0,1.0D0;  0000629P   1659
102,4,623,625,627,629;                                           0000631P   1660
126,1,1,1,0,1,0,0.0D0,0.0D0,0.3546419587031291D0,                0000633P   1661
0.3546419587031291D0,1.0D0,1.0D0,1.2225D0,7.605027718682322D-15, 0000633P   1662
-0.07000000000000001D0,1.034601534414403D0,                      0000633P   1663
-0.2966817877667313D0,-0.1194469646277885D0,0.0D0,               0000633P   1664
0.3546419587031291D0,-0.8448190755542336D0,0.5350520811843364D0, 0000633P   1665
0.0D0;                                                           0000633P   1666
126,3,3,1,0,1,0,0.7716429963578628D0,0.7716429963578628D0,       0000635P   1667
0.7716429963578628D0,0.7716429963578628D0,1.000045123981913D0,   0000635P   1668
1.000045123981913D0,1.000045123981913D0,1.000045123981913D0,     0000635P   1669
1.0D0,1.0D0,1.0D0,1.0D0,1.034601534414403D0,                     0000635P   1670
-0.2966817877667313D0,-0.1194469646277885D0,1.033901355690544D0, 0000635P   1671
-0.2961175547672081D0,-0.1197343716343965D0,1.03320113397151D0,  0000635P   1672
-0.2955376956564355D0,-0.1199197683497846D0,1.0325D0,-0.295D0,   0000635P   1673
-0.12D0,0.7716429963578628D0,1.000045123981913D0,                0000635P   1674
-0.6274645061728528D0,-0.7786451653309471D0,0.0D0;               0000635P   1675
126,1,1,1,0,1,0,0.004999999999999949D0,0.004999999999999949D0,   0000637P   1676
0.3D0,0.3D0,1.0D0,1.0D0,1.0325D0,-0.295D0,-0.12D0,1.0325D0,      0000637P   1677
0.0D0,-0.12D0,0.004999999999999949D0,0.3D0,0.0D0,0.0D0,1.0D0;    0000637P   1678
126,1,1,1,0,1,0,-0.1964688270438859D0,-0.1964688270438859D0,     0000639P   1679
-5.152128723651117D-15,-5.152128723651117D-15,1.0D0,1.0D0,       0000639P   1680
1.0325D0,0.0D0,-0.12D0,1.2225D0,7.605027718682322D-15,           0000639P   1681
-0.07000000000000001D0,-0.1964688270438859D0,                    0000639P   1682
-5.152128723651117D-15,0.0D0,1.0D0,0.0D0;                        0000639P   1683
102,4,633,635,637,639;                                           0000641P   1684
142,0,621,631,641,1;                                             0000643P   1685
144,621,1,0,643;                                                 0000645P   1686
128,1,1,1,1,0,0,1,0,0,-0.3100000000000077D0,                     0000647P   1687
-0.3100000000000077D0,0.3099999999999924D0,0.3099999999999924D0, 0000647P   1688
-0.08000000000000004D0,-0.08000000000000004D0,0.01D0,0.01D0,     0000647P   1689
1.0D0,1.0D0,1.0D0,1.0D0,1.2225D0,-0.3100000000000001D0,          0000647P   1690
0.01000000000000008D0,1.2225D0,0.3100000000000001D0,             0000647P   1691
0.01000000000000002D0,1.2225D0,-0.3100000000000001D0,            0000647P   1692
-0.07999999999999999D0,1.2225D0,0.3100000000000001D0,            0000647P   1693
-0.08000000000000004D0,-0.3100000000000077D0,                    0000647P   1694
0.3099999999999924D0,-0.08000000000000004D0,0.01D0;              0000647P   1695
126,1,1,1,0,1,0,0.0D0,0.0D0,0.2990691577396702D0,                0000649P   1696
0.2990691577396702D0,1.0D0,1.0D0,-7.605027718682322D-15,         0000649P   1697
-6.38378239159465D-16,0.0D0,-0.2950000000000077D0,               0000649P   1698
-0.04916666666666668D0,0.0D0,0.0D0,0.2990691577396702D0,0.0D0,   0000649P   1699
0.0D0,1.0D0;                                                     0000649P   1700
126,3,3,1,0,1,0,0.09916666666666668D0,0.09916666666666668D0,     0000651P   1701
0.09916666666666668D0,0.09916666666666668D0,0.12D0,0.12D0,       0000651P   1702
0.12D0,0.12D0,1.0D0,1.0D0,1.0D0,1.0D0,-0.2950000000000077D0,     0000651P   1703
-0.04916666666666668D0,0.0D0,-0.2950000000000077D0,              0000651P   1704
-0.05611111111111111D0,0.0D0,-0.2950000000000077D0,              0000651P   1705
-0.06305555555555555D0,0.0D0,-0.2950000000000077D0,              0000651P   1706
-0.06999999999999998D0,0.0D0,0.09916666666666668D0,0.12D0,0.0D0, 0000651P   1707
0.0D0,1.0D0;                                                     0000651P   1708
126,1,1,1,0,1,0,0.004999999999999782D0,0.004999999999999782D0,   0000653P   1709
0.2999999999999998D0,0.2999999999999998D0,1.0D0,1.0D0,           0000653P   1710
-0.2950000000000077D0,-0.06999999999999998D0,0.0D0,              0000653P   1711
-7.632783294297951D-15,-0.07000000000000001D0,0.0D0,             0000653P   1712
0.004999999999999782D0,0.2999999999999998D0,0.0D0,0.0D0,1.0D0;   0000653P   1713
126,1,1,1,0,1,0,-0.07000000000000001D0,-0.07000000000000001D0,   0000655P   1714
-1.27675647831893D-15,-1.27675647831893D-15,1.0D0,1.0D0,         0000655P   1715
-7.632783294297951D-15,-0.07000000000000001D0,0.0D0,             0000655P   1716
-7.605027718682322D-15,-6.38378239159465D-16,0.0D0,              0000655P   1717
-0.07000000000000001D0,-1.27675647831893D-15,0.0D0,0.0D0,1.0D0;  0000655P   1718
102,4,649,651,653,655;                                           0000657P   1719
126,1,1,1,0,1,0,0.0D0,0.0D0,0.2990691577396702D0,                0000659P   1720
0.2990691577396702D0,1.0D0,1.0D0,1.2225D0,7.605027718682322D-15, 0000659P   1721
-0.07000000000000001D0,1.2225D0,-0.2950000000000003D0,           0000659P   1722
-0.02083333333333329D0,0.0D0,0.2990691577396702D0,1.0D0,0.0D0,   0000659P   1723
0.0D0;                                                           0000659P   1724
126,3,3,1,0,1,0,0.09916666666666668D0,0.09916666666666668D0,     0000661P   1725
0.09916666666666668D0,0.09916666666666668D0,0.12D0,0.12D0,       0000661P   1726
0.12D0,0.12D0,1.0D0,1.0D0,1.0D0,1.0D0,1.2225D0,                  0000661P   1727
-0.2950000000000003D0,-0.02083333333333329D0,1.2225D0,           0000661P   1728
-0.2950000000000003D0,-0.01388888888888886D0,1.2225D0,           0000661P   1729
-0.2950000000000002D0,-0.006944444444444429D0,1.2225D0,          0000661P   1730
-0.2950000000000002D0,1.445602896647276D-20,                     0000661P   1731
0.09916666666666668D0,0.12D0,1.0D0,0.0D0,0.0D0;                  0000661P   1732
126,1,1,1,0,1,0,0.004999999999999782D0,0.004999999999999782D0,   0000663P   1733
0.2999999999999999D0,0.2999999999999999D0,1.0D0,1.0D0,1.2225D0,  0000663P   1734
-0.2950000000000002D0,1.445602896647276D-20,1.2225D0,            0000663P   1735
-5.551115123125783D-17,8.673617379884034D-19,                    0000663P   1736
0.004999999999999782D0,0.2999999999999999D0,0.0D0,0.0D0,1.0D0;   0000663P   1737
126,1,1,1,0,1,0,-0.07035000000000002D0,-0.07035000000000002D0,   0000665P   1738
-1.741293533607179D-06,-1.741293533607179D-06,1.0D0,1.0D0,       0000665P   1739
1.2225D0,-5.551115123125783D-17,8.673617379884034D-19,1.2225D0,  0000665P   1740
7.605027718682322D-15,-0.07000000000000001D0,                    0000665P   1741
-0.07035000000000002D0,-1.741293533607179D-06,1.0D0,0.0D0,0.0D0; 0000665P   1742
102,4,659,661,663,665;                                           0000667P   1743
142,0,647,657,667,1;                                             0000669P   1744
144,647,1,0,669;                                                 0000671P   1745
128,1,1,1,1,0,0,1,0,0,-0.01D0,-0.01D0,0.3686084215408288D0,      0000673P   1746
0.3686084215408288D0,-0.01D0,-0.01D0,0.1915616120592729D0,       0000673P   1747
0.1915616120592729D0,1.0D0,1.0D0,1.0D0,1.0D0,                    0000673P   1748
1.220677985009394D0,0.01364645083383873D0,                       0000673P   1749
-0.07323336373051899D0,1.020081468665264D0,                      0000673P   1750
-0.3030848907621638D0,-0.1260219206631847D0,1.364195358706434D0, 0000673P   1751
-0.09279380286146703D0,0.02004213839257862D0,                    0000673P   1752
1.163598842362303D0,-0.4095251444574695D0,                       0000673P   1753
-0.03274641854008707D0,-0.01D0,0.3686084215408288D0,-0.01D0,     0000673P   1754
0.1915616120592729D0;                                            0000673P   1755
126,1,1,1,0,1,0,0.01073545527679174D0,0.01073545527679174D0,     0000675P   1756
0.2090588659164757D0,0.2090588659164757D0,1.0D0,1.0D0,           0000675P   1757
0.3528779370442008D0,0.009078080602963452D0,0.0D0,               0000675P   1758
0.2470147760801751D0,0.176783674899819D0,0.0D0,                  0000675P   1759
0.01073545527679174D0,0.2090588659164757D0,0.0D0,0.0D0,1.0D0;    0000675P   1760
126,6,3,1,0,1,0,0.0D0,0.0D0,0.0D0,0.0D0,0.5000008084211686D0,    0000677P   1761
0.5000008084211686D0,0.5000008084211686D0,1.000001616842337D0,   0000677P   1762
1.000001616842337D0,1.000001616842337D0,1.000001616842337D0,     0000677P   1763
1.0D0,1.0D0,1.0D0,1.0D0,1.0D0,1.0D0,1.0D0,0.2470147760801751D0,  0000677P   1764
0.176783674899819D0,0.0D0,0.2463485827809043D0,                  0000677P   1765
0.1777615010940866D0,0.0D0,0.2451668836900897D0,                 0000677P   1766
0.1786255155089861D0,0.0D0,0.2437910720585826D0,                 0000677P   1767
0.1789438011513513D0,0.0D0,0.2424152604270754D0,                 0000677P   1768
0.1792620867937166D0,0.0D0,0.2409597774254817D0,                 0000677P   1769
0.1790192371324376D0,0.0D0,0.2399320860814619D0,                 0000677P   1770
0.1785355851916186D0,0.0D0,0.0D0,1.000001616842337D0,0.0D0,      0000677P   1771
0.0D0,1.0D0;                                                     0000677P   1772
126,1,1,1,0,1,0,0.005068968775248258D0,0.005068968775248258D0,   0000679P   1773
0.3041381265149184D0,0.3041381265149184D0,1.0D0,1.0D0,           0000679P   1774
0.2399320860814619D0,0.1785355851916186D0,0.0D0,0.0D0,0.0D0,     0000679P   1775
0.0D0,0.005068968775248258D0,0.3041381265149184D0,0.0D0,0.0D0,   0000679P   1776
1.0D0;                                                           0000679P   1777
126,1,1,1,0,1,0,0.0D0,0.0D0,0.3546419587031293D0,                0000681P   1778
0.3546419587031293D0,1.0D0,1.0D0,0.0D0,0.0D0,0.0D0,              0000681P   1779
0.3546419587031292D0,0.0D0,0.0D0,0.0D0,0.3546419587031293D0,     0000681P   1780
0.0D0,0.0D0,1.0D0;                                               0000681P   1781
126,6,3,1,0,1,0,-0.7716429963578583D0,-0.7716429963578583D0,     0000683P   1782
-0.7716429963578583D0,-0.7716429963578583D0,                     0000683P   1783
-0.5035590131014723D0,-0.5035590131014723D0,                     0000683P   1784
-0.5035590131014723D0,-0.0D0,-0.0D0,-0.0D0,-0.0D0,1.0D0,1.0D0,   0000683P   1785
1.0D0,1.0D0,1.0D0,1.0D0,1.0D0,0.3546419587031292D0,0.0D0,0.0D0,  0000683P   1786
0.35471577615421D0,0.001059583070520977D0,0.0D0,                 0000683P   1787
0.3547466950380735D0,0.002171281979156994D0,0.0D0,               0000683P   1788
0.3546624374313552D0,0.003286479930274609D0,0.0D0,               0000683P   1789
0.3545041710673226D0,0.005381226408062156D0,0.0D0,               0000683P   1790
0.3538811452145122D0,0.00740533115582398D0,0.0D0,                0000683P   1791
0.3528779370442008D0,0.009078080602963452D0,0.0D0,               0000683P   1792
-0.7716429963578583D0,-0.0D0,0.0D0,0.0D0,1.0D0;                  0000683P   1793
102,5,675,677,679,681,683;                                       0000685P   1794
126,1,1,1,0,1,0,0.01073545527679174D0,0.01073545527679174D0,     0000687P   1795
0.2090588659164757D0,0.2090588659164757D0,1.0D0,1.0D0,1.042D0,   0000687P   1796
-0.3D0,-0.115D0,1.217500000000001D0,-0.3D0,                      0000687P   1797
-0.02263157894736813D0,0.01073545527679174D0,                    0000687P   1798
0.2090588659164757D0,0.0D0,1.0D0,0.0D0;                          0000687P   1799
126,5,3,1,0,1,0,0.0D0,0.0D0,0.0D0,0.0D0,0.5000008084211686D0,    0000689P   1800
0.5000008084211686D0,1.000001616842337D0,1.000001616842337D0,    0000689P   1801
1.000001616842337D0,1.000001616842337D0,1.0D0,1.0D0,1.0D0,1.0D0, 0000689P   1802
1.0D0,1.0D0,1.217500000000001D0,-0.3D0,-0.02263157894736813D0,   0000689P   1803
1.218678511301978D0,-0.2999999999999999D0,                       0000689P   1804
-0.02233187134502901D0,1.220059223176554D0,                      0000689P   1805
-0.2995118446353108D0,-0.02203216374268987D0,                    0000689P   1806
1.222011844635311D0,-0.2975592231765546D0,                       0000689P   1807
-0.02143274853801159D0,1.2225D0,-0.2961785113019778D0,           0000689P   1808
-0.02113304093567244D0,1.2225D0,-0.2950000000000002D0,           0000689P   1809
-0.02083333333333329D0,0.0D0,1.000001616842337D0,                0000689P   1810
-0.1651335443337856D0,-0.1651335443337298D0,                     0000689P   1811
0.9723486129323894D0;                                            0000689P   1812
126,1,1,1,0,1,0,0.005068968775248286D0,0.005068968775248286D0,   0000691P   1813
0.3041381265149184D0,0.3041381265149184D0,1.0D0,1.0D0,1.2225D0,  0000691P   1814
-0.2950000000000002D0,-0.02083333333333329D0,1.2225D0,           0000691P   1815
7.605027718682322D-15,-0.07000000000000001D0,                    0000691P   1816
0.005068968775248286D0,0.3041381265149184D0,1.0D0,0.0D0,0.0D0;   0000691P   1817
126,1,1,1,0,1,0,0.0D0,0.0D0,0.3546419587031293D0,                0000693P   1818
0.3546419587031293D0,1.0D0,1.0D0,1.2225D0,7.605027718682322D-15, 0000693P   1819
-0.07000000000000001D0,1.034601534414403D0,                      0000693P   1820
-0.2966817877667315D0,-0.1194469646277885D0,0.0D0,               0000693P   1821
0.3546419587031293D0,-0.8448190755542339D0,0.5350520811843363D0, 0000693P   1822
0.0D0;                                                           0000693P   1823
126,5,3,1,0,1,0,-0.7716429963578476D0,-0.7716429963578476D0,     0000695P   1824
-0.7716429963578476D0,-0.7716429963578476D0,                     0000695P   1825
-0.5000225619909565D0,-0.5000225619909565D0,-0.0D0,-0.0D0,       0000695P   1826
-0.0D0,-0.0D0,1.0D0,1.0D0,1.0D0,1.0D0,1.0D0,1.0D0,               0000695P   1827
1.034601534414403D0,-0.2966817877667315D0,-0.1194469646277885D0, 0000695P   1828
1.035469226069523D0,-0.2973537816775787D0,-0.1192322895458786D0, 0000695P   1829
1.036337391550042D0,-0.2980036916544204D0,-0.1188752872641567D0, 0000695P   1830
1.038804377875371D0,-0.2995110207327715D0,-0.117454135851534D0,  0000695P   1831
1.040403198012409D0,-0.2999996167610798D0,-0.1161296298493228D0, 0000695P   1832
1.042D0,-0.3D0,-0.115D0,-0.7716429963578476D0,-0.0D0,            0000695P   1833
0.6090215485225482D0,0.3839308913887287D0,-0.6940387770669977D0; 0000695P   1834
102,5,687,689,691,693,695;                                       0000697P   1835
142,0,673,685,697,1;                                             0000699P   1836
144,673,1,0,699;                                                 0000701P   1837
128,3,2,3,2,0,0,0,0,0,0.09736842105263188D0,                     0000703P   1838
0.09736842105263188D0,0.09736842105263188D0,                     0000703P   1839
0.09736842105263188D0,0.12D0,0.12D0,0.12D0,0.12D0,0.0D0,0.0D0,   0000703P   1840
0.0D0,1.0D0,1.0D0,1.0D0,1.0D0,1.0D0,1.0D0,1.0D0,                 0000703P   1841
0.7071067811865602D0,0.7071067811865599D0,0.7071067811865593D0,  0000703P   1842
0.7071067811865587D0,1.0D0,1.0D0,1.0D0,1.0D0,                    0000703P   1843
1.217500000000001D0,-0.3000000000000002D0,                       0000703P   1844
-0.02263157894736813D0,1.217500000000001D0,                      0000703P   1845
-0.3000000000000002D0,-0.01508771929824543D0,                    0000703P   1846
1.217500000000001D0,-0.3000000000000002D0,                       0000703P   1847
-0.007543859649122735D0,1.217500000000001D0,                     0000703P   1848
-0.3000000000000001D0,-3.816391647148976D-17,1.2225D0,           0000703P   1849
-0.2999999999999999D0,-0.02263157894736815D0,1.2225D0,-0.3D0,    0000703P   1850
-0.0150877192982455D0,1.2225D0,-0.3D0,-0.007543859649122838D0,   0000703P   1851
1.2225D0,-0.3D0,-1.717288626685352D-16,1.222500000000001D0,      0000703P   1852
-0.2950000000000002D0,-0.0226315789473681D0,1.222500000000001D0, 0000703P   1853
-0.2950000000000002D0,-0.01508771929824541D0,                    0000703P   1854
1.222500000000001D0,-0.2950000000000002D0,                       0000703P   1855
-0.007543859649122714D0,1.222500000000001D0,                     0000703P   1856
-0.2950000000000002D0,-1.908195823574488D-17,                    0000703P   1857
0.09736842105263188D0,0.12D0,0.0D0,1.0D0;                        0000703P   1858
126,1,1,1,0,1,0,0.09736842105263188D0,0.09736842105263188D0,     0000705P   1859
0.12D0,0.12D0,1.0D0,1.0D0,0.09736842105263188D0,0.0D0,0.0D0,     0000705P   1860
0.12D0,0.0D0,0.0D0,0.09736842105263188D0,0.12D0,0.0D0,0.0D0,     0000705P   1861
1.0D0;                                                           0000705P   1862
126,1,1,1,0,1,0,0.0D0,0.0D0,1.0D0,1.0D0,1.0D0,1.0D0,0.12D0,      0000707P   1863
0.0D0,0.0D0,0.12D0,1.0D0,0.0D0,0.0D0,1.0D0,0.0D0,0.0D0,1.0D0;    0000707P   1864
126,1,1,1,0,1,0,0.09736842105263188D0,0.09736842105263188D0,     0000709P   1865
0.1182017543859652D0,0.1182017543859652D0,1.0D0,1.0D0,0.12D0,    0000709P   1866
1.0D0,0.0D0,0.09916666666666668D0,1.0D0,0.0D0,                   0000709P   1867
0.09736842105263188D0,0.1182017543859652D0,0.0D0,0.0D0,1.0D0;    0000709P   1868
126,1,1,1,0,1,0,-1.000001616842337D0,-1.000001616842337D0,       0000711P   1869
-0.0D0,-0.0D0,1.0D0,1.0D0,0.09916666666666668D0,1.0D0,0.0D0,     0000711P   1870
0.09736842105263188D0,0.0D0,0.0D0,-1.000001616842337D0,-0.0D0,   0000711P   1871
0.0D0,0.0D0,1.0D0;                                               0000711P   1872
102,4,705,707,709,711;                                           0000713P   1873
126,3,3,1,0,1,0,0.09736842105263188D0,0.09736842105263188D0,     0000715P   1874
0.09736842105263188D0,0.09736842105263188D0,0.12D0,0.12D0,       0000715P   1875
0.12D0,0.12D0,1.0D0,1.0D0,1.0D0,1.0D0,1.217500000000001D0,       0000715P   1876
-0.3000000000000002D0,-0.02263157894736813D0,                    0000715P   1877
1.217500000000001D0,-0.3000000000000002D0,                       0000715P   1878
-0.01508771929824543D0,1.217500000000001D0,                      0000715P   1879
-0.3000000000000002D0,-0.007543859649122735D0,                   0000715P   1880
1.217500000000001D0,-0.3000000000000001D0,                       0000715P   1881
-3.816391647148976D-17,0.09736842105263188D0,0.12D0,1.0D0,0.0D0, 0000715P   1882
0.0D0;                                                           0000715P   1883
126,2,2,1,0,0,0,0.0D0,0.0D0,0.0D0,1.0D0,1.0D0,1.0D0,1.0D0,       0000717P   1884
0.7071067811865587D0,1.0D0,1.217500000000001D0,                  0000717P   1885
-0.3000000000000001D0,-3.816391647148976D-17,1.2225D0,-0.3D0,    0000717P   1886
-1.717288626685352D-16,1.222500000000001D0,                      0000717P   1887
-0.2950000000000002D0,-1.908195823574488D-17,0.0D0,1.0D0,0.0D0,  0000717P   1888
0.0D0,1.0D0;                                                     0000717P   1889
126,3,3,1,0,1,0,-0.12D0,-0.12D0,-0.12D0,-0.12D0,                 0000719P   1890
-0.09916666666666668D0,-0.09916666666666668D0,                   0000719P   1891
-0.09916666666666668D0,-0.09916666666666668D0,1.0D0,1.0D0,1.0D0, 0000719P   1892
1.0D0,1.222500000000001D0,-0.2950000000000002D0,                 0000719P   1893
-1.908195823574488D-17,1.222500000000001D0,                      0000719P   1894
-0.2950000000000002D0,-0.006944444444444448D0,                   0000719P   1895
1.222500000000001D0,-0.2950000000000002D0,                       0000719P   1896
-0.01388888888888888D0,1.222500000000001D0,                      0000719P   1897
-0.2950000000000002D0,-0.0208333333333333D0,-0.12D0,             0000719P   1898
-0.09916666666666668D0,1.0D0,0.0D0,0.0D0;                        0000719P   1899
126,5,3,1,0,1,0,-1.000001616842337D0,-1.000001616842337D0,       0000721P   1900
-1.000001616842337D0,-1.000001616842337D0,-0.5000008084211686D0, 0000721P   1901
-0.5000008084211686D0,-0.0D0,-0.0D0,-0.0D0,-0.0D0,1.0D0,1.0D0,   0000721P   1902
1.0D0,1.0D0,1.0D0,1.0D0,1.222500000000001D0,                     0000721P   1903
-0.2950000000000002D0,-0.0208333333333333D0,1.222500000000001D0, 0000721P   1904
-0.2961785113019778D0,-0.02113304093567245D0,                    0000721P   1905
1.222011844635311D0,-0.2975592231765546D0,-0.0214327485380116D0, 0000721P   1906
1.220059223176555D0,-0.2995118446353109D0,                       0000721P   1907
-0.02203216374268987D0,1.218678511301978D0,                      0000721P   1908
-0.3000000000000001D0,-0.022331871345029D0,1.217500000000001D0,  0000721P   1909
-0.3000000000000002D0,-0.02263157894736813D0,                    0000721P   1910
-1.000001616842337D0,-0.0D0,-0.165133544333769D0,                0000721P   1911
-0.1651335443337149D0,0.9723486129323949D0;                      0000721P   1912
102,4,715,717,719,721;                                           0000723P   1913
142,0,703,713,723,1;                                             0000725P   1914
144,703,1,0,725;                                                 0000727P   1915
S0000001G0000011D0000728P0001915                                        T      1
