outer_panel_index,xi_mid,eta_mid,panel_length,arc_mid,normalized_arc_mid,s_nu,k_contribution,k_fraction,cumulative_k_fraction,s_nu_left,s_nu_right,k_contribution_linear_exact,k_contribution_endpoint_average,k_contribution_within_panel_slope,s_nu_weak_projected_left,s_nu_weak_projected_right,k_contribution_weak_projected,k_contribution_weak_projection_error,s_nu_endpoint_jump_to_next
0,4.555557324833357,-0.0601606385476282,0.0030120163872553,0.00150600819362765,9.580364712642271e-05,-0.4715066150414884,0.0006696269291298028,0.13326633165391044,0.13326633165391044,-0.8661823656698167,-0.0768308644131601,0.000826019803931547,0.0006696269291298028,0.00015639287480174414,-0.8062749178936235,-0.1966457599655463,0.00085069316777912,1.0809832537018821e-05,-0.2617370703321313
1,4.552708318602703,-0.0613070485486912,0.0031329782311122,0.0045785055028114,0.0002912583924933001,-0.1151235572500779,4.15227184359408e-05,0.008263676572038485,0.1415300082259489,-0.3385679347452914,0.108320820245136,9.366319359823231e-05,4.152271843594065e-05,5.214047516229165e-05,-0.1966457599655463,-0.0027401253679327593,4.095418411675941e-05,1.7455311352430147e-05,-0.1802548228364138
2,4.549811807850874,-0.0626547742009009,0.0032579742657901,0.0077739817512625506,0.0004945363561875465,0.0441152318630959,6.340518614319131e-06,0.0012618633148635701,0.1427918715408125,-0.0719340025912778,0.1601644663174704,2.0966026441553556e-05,6.340518614319245e-06,1.4625507827234314e-05,-0.0027401253679327593,0.09889947137391096,1.0336050174524463e-05,4.6719673645764696e-06,-0.10188070706598798
3,4.546849671060688,-0.0641592219401241,0.0033871391476517,0.01109653845798345,0.0007058984534424562,0.0953577293679273,3.0799583298582295e-05,0.006129603371843292,0.14892147491265578,0.0582837592514824,0.1324316994843717,3.235143413519611e-05,3.079958329858213e-05,1.5518508366139783e-06,0.09889947137391096,0.10250247302974401,3.4351578078360114e-05,1.5014034200646066e-06,-0.042935314620150294
4,4.543798768354126,-0.0657780702673172,0.0035205444899492,0.0145503802767839,0.0009256121603392266,0.0736464110075267,1.9094707568339407e-05,0.0038001482929362345,0.15272162320559202,0.0894963848642214,0.0577964371508334,1.9389519925174027e-05,1.9094707568339776e-05,2.9481235683425683e-07,0.10250247302974401,0.05029782905142141,2.134891089963503e-05,1.500454826354221e-07,-0.013958460117588598
5,4.540640043958424,-0.067482886390168,0.0036583071484838,0.0181398060960004,0.0011539509476218876,0.0197980830691877,1.433925044155417e-06,0.00028537372406691494,0.15300699692965894,0.0438379770332448,-0.0042418108948698,2.1386570674130884e-06,1.4339250441553884e-06,7.047320232577e-07,0.05029782905142141,-0.015245367778481076,2.43336439189982e-06,1.1185469587630761e-07,-0.036168166367402096
6,4.537369550008331,-0.0692751241539073,0.0038005234879358,0.021869221414210202,0.0013911950679696054,-0.0267556862366999,2.720668382392753e-06,0.0005414559648003316,0.15354845289445926,-0.0404099772622719,-0.013101395211128,2.956857822351565e-06,2.720668382392763e-06,2.3618943995880202e-07,-0.015245367778481076,-0.04846513403461105,4.206114402518159e-06,1.2591601991070998e-06,-0.08754591655066689
7,4.534002557986357,-0.0711905000266642,0.003947297345154,0.0257431318307551,0.0016376311419009542,-0.0400198564836364,6.321947664197934e-06,0.0012581674025722352,0.1548066202970315,-0.1006473117617949,0.020607598794522,1.1158292597684023e-05,6.321947664197948e-06,4.836344933486074e-06,-0.04846513403461105,-0.03988806993816818,7.727634533892576e-06,4.244541822158556e-06,-0.1271710138396642
8,4.530563002569061,-0.0732760894585143,0.0040987361053373,0.02976614855600075,0.0018935525083051687,-0.0291194572998296,3.475493742719158e-06,0.000691678129462622,0.15549829842649412,-0.1065634150451422,0.0483245004454828,1.1669641319970146e-05,3.475493742719182e-06,8.194147577250962e-06,-0.03988806993816818,-0.01875936834437439,3.6769037772223368e-06,6.111225088952603e-06,-0.1328803837661384
9,4.527068367638469,-0.0755625775994939,0.0042549400238721,0.03394298662060545,0.0021592591105260425,-0.013079887787299,7.279498806443091e-07,0.00014487351986790248,0.155643171946362,-0.0845558833206556,0.0583961077460584,7.973854519603724e-06,7.279498806442644e-07,7.245904638959461e-06,-0.01875936834437439,-0.008182255886513678,8.117818018764627e-07,6.213964884618208e-06,-0.1369301602325729
10,4.5235300760127535,-0.078066621958763,0.0044160126933895,0.03827846297923625,0.0024350573757311697,0.000523963888769,1.2123639849568042e-09,2.412795750530385e-07,0.15564341322593706,-0.0785340524865145,0.0795819802640531,9.201488980368024e-06,1.2123639849581765e-09,9.200276616383064e-06,-0.008182255886513678,0.003781656865211051,7.405322953231498e-08,7.89343924568648e-06,-0.1571066730005301
11,4.519968289053675,-0.0808134417643094,0.0045820641106269,0.04277750138124445,0.0027212605247565235,0.015110805801811,1.0462522617656466e-06,0.0002082207193956606,0.15585163394533272,-0.077524692736477,0.107746304340099,1.4152995536967427e-05,1.0462522617656475e-06,1.3106743275201782e-05,0.003781656865211051,0.02343804286035447,9.96258981571927e-07,1.0483470131174655e-05,-0.1676256733193861
12,4.516411160195343,-0.0838334328718141,0.0047532036239536,0.047445135248534706,0.003018188755180067,0.0272797715347792,3.5372672830885755e-06,0.000703972039340179,0.15655560598467289,-0.0598793689792871,0.1144389120488442,1.557351293395224e-05,3.5372672830884065e-06,1.2036245650863833e-05,0.02343804286035447,0.0319706512786906,3.6770686447809734e-06,1.0887629762683331e-05,-0.16161509910034538
13,4.512881799890859,-0.0871451989644053,0.0049295226588209,0.05228649838992196,0.00332616865062213,0.0259320995782252,3.3149747780463562e-06,0.0006597323210546073,0.1572153383057275,-0.0471761870515012,0.0990403862079518,1.2097447796734268e-05,3.3149747780463816e-06,8.782473018687885e-06,0.0319706512786906,0.019446469111279164,3.3225048227862527e-06,1.035168006958528e-05,-0.1589110278164133
14,4.5094015648421895,-0.0907611134178939,0.0051111539216731,0.05730683668016895,0.0036455339236991283,0.0099743824824263,5.085000448906985e-07,0.00010119953765374358,0.15731653784338123,-0.0598706416084615,0.0798194065733137,8.8197941021959e-06,5.085000448906779e-07,8.311294057305223e-06,0.019446469111279164,-0.0016181761445446198,5.951356794648714e-07,1.1012645858222061e-05,-0.1680486021013164
15,4.506006273937883,-0.0947028388101939,0.0052981406789678,0.0625114839804894,0.0039766238842233875,-0.0008498462939354,3.826522359924861e-09,7.615383666865655e-07,0.15731729938174793,-0.0882291955280027,0.0865295029401314,1.3487860645155413e-05,3.826522359927095e-09,1.3484034122795484e-05,-0.0016181761445446198,-0.0060834873082504124,8.736892864832469e-08,1.422962110730997e-05,-0.18846863013265341
16,4.502761131866145,-0.0990076829188092,0.0054907041990017,0.06790590641947417,0.004319786256102971,0.003477037363385,6.638145427402278e-08,1.3210957499046442e-05,0.15733051033924697,-0.101939127192522,0.108893201919292,2.0404988922556762e-05,6.63814542740227e-08,2.0338607468282735e-05,-0.0060834873082504124,0.012338375329236647,2.089834749379047e-07,1.694031143910714e-05,-0.1909657255699292
17,4.49975018077264,-0.1037116791437647,0.0056887828593013,0.07349564994862566,0.0046753738411240645,0.0302891695574158,5.219081633191972e-06,0.00103867964922147,0.15836918998846844,-0.0820725236506372,0.1426508627654703,2.9159660795955592e-05,5.2190816331922285e-06,2.3940579162763366e-05,0.012338375329236647,0.047696774714906284,5.718589298524253e-06,1.699997161115655e-05,-0.18144854384944228
18,4.497062750749373,-0.1088342891584009,0.0058926612548837,0.07928637200571817,0.0050437465331932595,0.0614525488933805,2.2253138863654457e-05,0.0044287259892581725,0.16279791597772664,-0.038797681083972,0.1617027788707332,4.1993767402500415e-05,2.225313886365453e-05,1.9740628538845873e-05,0.047696774714906284,0.08090706313114562,2.490619930120185e-05,1.3790510873755104e-05,-0.1458696136344457
19,4.494769618203875,-0.1143695665271379,0.0061024296347536,0.08528391745053682,0.005425276148935943,0.0732793064052499,3.276917294870538e-05,0.006521582810120233,0.16931949878784686,0.0158331652362875,0.1307254475742123,3.9481965836408854e-05,3.276917294870538e-05,6.71279288770347e-06,0.08090706313114562,0.07309320139936616,3.621247898730887e-05,7.741406116609703e-06,-0.10231853096331901
20,4.492895440949949,-0.1202847706917393,0.00631802234044,0.09149414343813361,0.005820335287132215,0.0515557587696289,1.6793279766094294e-05,0.0033421278229857567,0.1726616266108326,0.0284069166108933,0.0747046009283636,1.7921823645878433e-05,1.6793279766094e-05,1.128543879784431e-06,0.07309320139936616,0.03380994967510489,1.886352186101328e-05,3.878858240588784e-06,-0.072550177166443
21,4.491463447415691,-0.1265465394904444,0.006539641184969,0.09792297520083812,0.006229300877250085,0.0173995902758958,1.9798485214468537e-06,0.0003940211156479574,0.17305564772648055,0.0021544237619206,0.0326447567898702,2.4864856458807065e-06,1.9798485214467627e-06,5.066371244339435e-07,0.03380994967510489,0.005179355850150073,2.932052887662592e-06,1.9335296231237077e-06,-0.044248122717037
22,4.490540097600431,-0.1331291724724415,0.0067676092225136,0.10457660040457942,0.00665256654328557,0.003969116942331,1.066161665299899e-07,2.121830050490694e-05,0.17307686602698547,-0.0116033659271668,0.019541599811828,6.536695928517237e-07,1.0661616652996842e-07,5.470534263217552e-07,0.005179355850150073,0.008467400697562901,3.2118686022339776e-07,4.927776761542013e-07,-0.0073050793397052005
23,4.49022190287153,-0.1399981332162004,0.0070013169383806,0.11146106348502652,0.007090516797742891,0.0304579157098148,6.495014109196814e-06,0.0012926103576776343,0.1743694763846631,0.0122365204721228,0.0486793109475049,7.269871429110778e-06,6.495014109196408e-06,7.748573199143698e-07,0.008467400697562901,0.06140411778901388,1.0180138464051218e-05,2.9910944993681595e-07,0.040315401280896196
24,4.490611194486822,-0.1470993517383378,0.0072419649130279,0.11858270441073077,0.007543554953241763,0.083532511342752,5.053211700210655e-05,0.010056689136334824,0.18442616552099791,0.0889947122284011,0.0780703104571038,5.060413988453534e-05,5.053211700210709e-05,7.202288242824116e-08,0.06140411778901388,0.11229144069755488,5.618555409431168e-05,2.3853712713752353e-06,0.07299056773745341
25,4.4917207004749695,-0.1543735700487337,0.0074892192618732,0.12594829649818134,0.008012111889524776,0.0988761620927114,7.321831788935037e-05,0.014571601305914885,0.1989977668269128,0.1510608781945572,0.0466914459908656,8.001664318031601e-05,7.32183178893504e-05,6.7983252909656335e-06,0.11229144069755488,0.08472736056047649,7.315032669963688e-05,3.6826215339423027e-06,0.08060089244469629
26,4.493454815322718,-0.1617845614733295,0.0077420853874053,0.13356394882282058,0.00849657623110966,0.0614486783568146,2.923365045359513e-05,0.005817958011136243,0.20481572483804905,0.1272923384355619,-0.0043949817219335,4.0421964045027826e-05,2.9233650453594747e-05,1.1188313591433081e-05,0.08472736056047649,0.04465092483196837,3.343441697170803e-05,5.495952513849443e-06,0.1055038536502292
27,4.49577799567237,-0.1693010462772774,0.008002516435198,0.14143624973412225,0.008997367091193007,0.0379441633963084,1.152169934833866e-05,0.0022930000867314366,0.20710872492478047,0.1011088719282957,-0.0252205451356788,2.216446043343468e-05,1.1521699348338689e-05,1.0642761085095987e-05,0.04465092483196837,0.03397555939515632,1.2444136789062978e-05,8.935044457875485e-06,0.1206284896161155
28,4.49871209924283,-0.1768845195748328,0.0082694045194368,0.14957221021143965,0.009514930468272583,0.026334577390898,5.734914450068661e-06,0.0011413385242777542,0.20825006344905825,0.0954079444804367,-0.0427387896986406,1.8886382558261543e-05,5.734914450068681e-06,1.3151468108192864e-05,0.03397555939515632,0.020190594784285358,6.1965005017369524e-06,1.066241358670266e-05,0.13090243807198781
29,4.502251260246559,-0.1845046659585076,0.0085429458429233,0.1579783853926197,0.010049683362810808,0.020129549447073,3.461591070348472e-06,0.0006889112781511982,0.20893897472720943,0.0881636483733472,-0.0479045494792003,1.6642327413354286e-05,3.4615910703486257e-06,1.3180736343005659e-05,0.020190594784285358,0.025678077954486504,4.514888421449155e-06,1.4332509343159188e-05,0.1525193264945108
30,4.506408214623341,-0.1921229618131892,0.0088237002241067,0.1666617084261347,0.010602066822148936,0.0389622932377249,1.3394908959397077e-05,0.002665798375487553,0.21160477310269696,0.1046147770153105,-0.0266901905398606,2.6072356215616347e-05,1.3394908959397109e-05,1.2677447256219237e-05,0.025678077954486504,0.054510760703528845,1.4795928432568722e-05,1.8867606097914883e-05,0.1607680866381952
31,4.51119658541418,-0.1996999377725928,0.0091114680815979,0.17562929257898702,0.011172533351741256,0.0652867388878277,3.883634137141996e-05,0.00772904512092118,0.21933381822361817,0.1340778960983346,-0.0035044183226791,5.320884192053495e-05,3.883634137142002e-05,1.4372500549114924e-05,0.054510760703528845,0.07480073386834618,3.840185463866274e-05,1.8927888165033852e-05,0.15185801055867817
32,4.516589076545479,-0.2072222144592267,0.0094062982155826,0.18488817572757726,0.011761530661122186,0.0770824339686497,5.588941740716504e-05,0.011122876503497532,0.2304566947271157,0.1483535922359991,0.0058112757012995,7.181609256868178e-05,5.5889417407164456e-05,1.5926675161517314e-05,0.07480073386834618,0.07828865735261543,5.5121887933123915e-05,1.6718363264341244e-05,0.1409901944088939
33,4.522542896494045,-0.214695085463606,0.0097083955042933,0.1944455225875152,0.012369514528612818,0.0760626071044816,5.616811829512225e-05,0.011178342380616619,0.24163503710773232,0.1468014701101934,0.0053237440987694,7.23616790830421e-05,5.6168118295121964e-05,1.6193560787920128e-05,0.07828865735261543,0.0731692861817989,5.5697658789947106e-05,1.504391664317914e-05,0.1321772162800423
34,4.529025831104545,-0.2221253816227884,0.0100178162939927,0.2043086284866582,0.012996949041340083,0.0687003337694531,4.728144680199285e-05,0.009409754441595477,0.2510447915493278,0.1375009603788117,-0.0001002928399045,6.308797883972473e-05,4.728144680199353e-05,1.5806532037731207e-05,0.0731692861817989,0.06345972275300085,4.6830564549799606e-05,1.3656012256648493e-05,0.1238202843974196
35,4.536015470106834,-0.2295188749466434,0.0103346530723161,0.21448486316981263,0.013644303020412547,0.0574726551027531,3.4136455444984135e-05,0.006793693614938762,0.25783848516426655,0.1237199915575151,-0.0087746813520097,4.925505245178862e-05,3.4136455444983654e-05,1.511859700680496e-05,0.06345972275300085,0.05088244639565191,3.391538843364294e-05,1.2385455886445276e-05,0.1171353325514296
36,4.543496086800332,-0.2368803084264955,0.0106589693314669,0.22498167437170413,0.014312050248212378,0.0452473503076307,2.1822349976028876e-05,0.00434299219888368,0.2621814773631503,0.1083606511994199,-0.017865950584158,3.597493418231063e-05,2.1822349976029116e-05,1.4152584206281498e-05,0.05088244639565191,0.03983328471244552,2.2037521761183157e-05,1.1783481066383683e-05,0.1139633788493065
37,4.551460314855181,-0.2442096402057059,0.0109908748737203,0.23580659647429772,0.015000670019124657,0.0362624688845825,1.4452633908927208e-05,0.002876302340890913,0.26505777970404115,0.0960974282651485,-0.0235724904959826,2.7569225916804784e-05,1.4452633908927567e-05,1.3116592007877216e-05,0.03983328471244552,0.03278462335767392,1.4535217097907585e-05,1.1616964153508088e-05,0.11098979412265951
38,4.559906353319385,-0.2515031542278599,0.0113304470639115,0.2469672574431136,0.01571064758078621,0.0306080948909954,1.0614991341732711e-05,0.002112550877380447,0.26717033058142164,0.0874173036266769,-0.0262011138446851,2.2803856480791137e-05,1.061499134173306e-05,1.218886513905808e-05,0.03278462335767392,0.028305965042595485,1.0590416243451142e-05,1.1246917455708395e-05,0.1078184896800599
39,4.568833426542266,-0.2587573565471303,0.0116777374038033,0.258471349676971,0.016442472279712638,0.0278024169674089,9.026591937289285e-06,0.0017964343166165073,0.2689667648980381,0.0816173758353748,-0.0260125419005574,2.0299694953597422e-05,9.026591937289156e-06,1.1273103016308265e-05,0.028305965042595485,0.027846081379485063,9.205335059019903e-06,1.117784706598637e-05,0.10699952058445861
40,4.578243610036707,-0.2659662695613717,0.0120328498204294,0.27032664328908734,0.017196638406166094,0.0300842144003157,1.0890450530045155e-05,0.002167371605086944,0.27113413650312507,0.0809869786839012,-0.0208185498832702,2.1283188472749773e-05,1.0890450530045012e-05,1.0392737942704766e-05,0.027846081379485063,0.03266302924823039,1.1037392604254096e-05,1.1399822321619949e-05,0.1056056212638218
41,4.588141195761255,-0.2731217100454419,0.0123958445367123,0.2825409904676582,0.01797364547155045,0.0364614932917195,1.6479537672808016e-05,0.0032796881927396795,0.2744138246958647,0.0847870713805516,-0.0118640847971138,2.612913035998063e-05,1.647953767280747e-05,9.64959268717316e-06,0.03266302924823039,0.04013784704180741,1.6482109552399788e-05,1.119991740895263e-05,0.1017560443165587
42,4.598528058533296,-0.2802193339584643,0.0127667837395257,0.29512230460577715,0.01877399688077594,0.0438220970939862,2.451702756368977e-05,0.004879275585163035,0.2792931002810278,0.0898919595194449,-0.002247765331472,3.3549238631803527e-05,2.451702756369005e-05,9.032211068113475e-06,0.04013784704180741,0.046888007517509996,2.4220783312710412e-05,1.0405307976088796e-05,0.0949988253930275
43,4.609401817594944,-0.2872622574182523,0.0131457507953713,0.3080785718732257,0.01959820066839036,0.0486951285720227,3.11714086583161e-05,0.006203602489190639,0.28549670277021844,0.0927510600615555,0.0046391970824894,3.967638121475937e-05,3.1171408658315775e-05,8.50497255644359e-06,0.046888007517509996,0.049246534504690416,3.037885857220893e-05,8.971560741294312e-06,0.0862624721074368
44,4.620756579717668,-0.2942612239574383,0.0135327820096967,0.32141783827575965,0.020446768675364747,0.0488754800953419,3.2327279562754054e-05,0.006433639049249702,0.2919303418194681,0.0909016691899262,0.006849291000758,4.02944819949848e-05,3.232727956275432e-05,7.967202432230479e-06,0.049246534504690416,0.048047774123050675,3.202756661033934e-05,7.742271013613982e-06,0.0807520973615206
45,4.632588283155007,-0.3012265525193374,0.0139279503475637,0.33514820445438986,0.021320216218253273,0.0476750072079079,3.165692626201736e-05,0.00630022815817732,0.2982305699776454,0.0876013883622786,0.0077486260535364,3.905784868593978e-05,3.165692626201684e-05,7.400922423922946e-06,0.048047774123050675,0.0472699634705051,3.163619977963592e-05,7.257449976541408e-06,0.07731434066900979
46,4.644897909979369,-0.3081621596728074,0.0143313167811803,0.3492778380187619,0.022219062873772493,0.0470779114875581,3.176292373923916e-05,0.006321323329741395,0.3045518933073868,0.0850629667225462,0.0090928562525702,3.865563943676745e-05,3.176292373923929e-05,6.892715697528164e-06,0.0472699634705051,0.04630125352277496,3.13708420182601e-05,6.719280117709202e-06,0.0724222155582388
47,4.657687297951664,-0.3150718577834909,0.0147429180797558,0.36381495544923,0.023143831327514564,0.0453246114909493,3.0286677467104e-05,0.006027527013095537,0.31057942032048236,0.081515071810809,0.0091341511710885,3.67231869261001e-05,3.0286677467103257e-05,6.43650945899684e-06,0.04630125352277496,0.04396048060822867,3.0035035858157213e-05,6.027485703584642e-06,0.0684660173399094
48,4.670958109953186,-0.3219609330872909,0.0151628050743156,0.3787678170262657,0.02409504705138516,0.0431723537093526,2.8261226455774013e-05,0.005624430281941932,0.3162038506024243,0.0776001685109979,0.0087445389077078,3.425192151318578e-05,2.826122645577433e-05,5.9906950574114524e-06,0.04396048060822867,0.04253875131265324,2.8365024935530427e-05,5.74594819764911e-06,0.0669938613780566
49,4.684714964395014,-0.3288300159175801,0.0155910232825774,0.39414473120471216,0.02507323858186856,0.0429957089447023,2.8822048769462972e-05,0.005736042777204199,0.3219398933796285,0.0757384002857644,0.0102530176036406,3.4393676786777554e-05,2.8822048769463233e-05,5.5716280173143225e-06,0.04253875131265324,0.043636004117813446,2.8946643824404577e-05,5.7600362328206395e-06,0.06593744557255671
50,4.698964885549046,-0.3356754539082592,0.0160276091419325,0.40995404741696717,0.02607893706220723,0.0449873988696385,3.243773411811684e-05,0.006455621249736757,0.3283955146293653,0.0761904631761973,0.0137843345630801,3.763939434362018e-05,3.243773411811714e-05,5.201660225503036e-06,0.043636004117813446,0.04624126227870185,3.237651363330216e-05,5.645069453607658e-06,0.0636515658896879
51,4.71371430322186,-0.3424950419084712,0.0164725956862843,0.4262041498310756,0.02711267584532728,0.0476395269616223,3.738495996841609e-05,0.007440197305824517,0.3358357119351898,0.077435900452768,0.0178431534704763,4.2259881203165053e-05,3.738495996841587e-05,4.874921234749188e-06,0.04624126227870185,0.04874718201610807,3.716587298089334e-05,5.293877377841456e-06,0.0603434069461546
52,4.728967967321972,-0.349290603824923,0.0169260108124998,0.4429034530804676,0.028174990222188785,0.0497029490281377,4.181373177409442e-05,0.008321592821148256,0.34415730475633804,0.0781865604166309,0.0212193376396447,4.6391180234449615e-05,4.1813731774094595e-05,4.577448460355027e-06,0.04874718201610807,0.05030474986682131,4.151990178617094e-05,4.8317089118216445e-06,0.05656567369178439
53,4.744729591076067,-0.3560670598555929,0.0173878821990889,0.4600603995862619,0.029266417251445985,0.0505357629717615,4.4406274893504425e-05,0.008837549835641896,0.35299485459197993,0.0777850113314291,0.0232865146120939,4.870990056055631e-05,4.440627489350442e-05,4.303625667051889e-06,0.05030474986682131,0.050278780050390326,4.3978504122587795e-05,4.300560274540402e-06,0.0524547672047959
54,4.76100239684179,-0.3628314799580294,0.0178582246244687,0.4776834529980407,0.03038749534218683,0.0496674991241201,4.4053748376990024e-05,0.00876739149280515,0.3617622460847851,0.0757412818168898,0.0235937164313511,4.810067294869759e-05,4.4053748376990654e-05,4.046924571706948e-06,0.050278780050390326,0.048712508876767036,4.375306561666569e-05,3.808001105997238e-06,0.04883506749412359
55,4.777789826489208,-0.3695914675684899,0.0183370575595909,0.49578109409007043,0.03153876399287396,0.0474706785168501,4.132192326029675e-05,0.008223715161725046,0.3699859612465101,0.0724287839254747,0.0225125731082258,4.512935058779064e-05,4.132192326029701e-05,3.8074273274936265e-06,0.048712508876767036,0.0458169882479799,4.097699968303922e-05,3.3792969000756673e-06,0.0454408410539604
56,4.795095929867646,-0.3763541278052195,0.0188243865378271,0.5143618161387795,0.032720763497286205,0.0440610740253295,3.6545254486183134e-05,0.00727308265672836,0.3772590439032385,0.0679534141621862,0.0201687338884726,4.0127183336325434e-05,3.6545254486182964e-05,3.581928850142467e-06,0.0458169882479799,0.042141676919870016,3.6430973700706484e-05,3.0522434613299936e-06,0.0433243485137398
57,4.812925902558993,-0.3831244149572153,0.019320216756749,0.5334341177860675,0.03393403449052307,0.0406229752292031,3.188272626789583e-05,0.006345165924509328,0.38360420982774784,0.0634930824022124,0.017752868056194,3.525115326439859e-05,3.1882726267895986e-05,3.3684269965026e-06,0.042141676919870016,0.03920593254094075,3.1976438805963726e-05,2.949961477155103e-06,0.0424952680121113
58,4.831286828893059,-0.3899028049952741,0.0198245483710056,0.5530065003499448,0.03517911777792294,0.0383396213923998,2.9140630359303525e-05,0.005799445543675515,0.38940365537142335,0.0602481360683053,0.0164311067164946,3.231244586069123e-05,2.914063035930376e-05,3.171815501387469e-06,0.03920593254094075,0.03750913712596224,2.917262393331635e-05,2.930923938842576e-06,0.0417672935778685
59,4.850186787314651,-0.3966872397382914,0.0203373729648788,0.573087461017887,0.03645655390206315,0.0371938098364792,2.81343046431887e-05,0.005599170837265639,0.395002826208689,0.0581984002943631,0.0161892193785955,3.1125205621834674e-05,2.813430464318885e-05,2.990900978645823e-06,0.03750913712596224,0.036986292747105846,2.8216377298708053e-05,2.9169741316152454e-06,0.0413859655746749
60,4.8696341441347455,-0.403474787408252,0.020858677515427,0.5936854862580399,0.03776688272361845,0.0374261417005497,2.9217085057409197e-05,0.00581466123574377,0.40081748744443274,0.0575751849532704,0.0172770984478289,3.203984777885493e-05,2.9217085057409122e-05,2.822762721445806e-06,0.036986292747105846,0.03807245863369647,2.9380539289379595e-05,2.977201164359268e-06,0.041155528241071604
61,4.889637580204678,-0.4102614695898782,0.0213884467613074,0.614809048396407,0.03911064320362122,0.0390798354379655,3.266515321656891e-05,0.006500881241054806,0.4073183686854876,0.0584326266889005,0.0197270441870303,3.533536197801109e-05,3.2665153216568745e-05,2.670208761442347e-06,0.03807245863369647,0.039965745243296186,3.257009203844485e-05,2.9379035649716815e-06,0.0396896900533843
62,4.910204954458806,-0.4170456071820878,0.0219266536454961,0.6364665985998088,0.04048837295707732,0.0408112637696145,3.6520140811174626e-05,0.007268084638881196,0.41458645332436883,0.0594167342404146,0.022205793298814,3.905021009736853e-05,3.652014081117427e-05,2.5300692861942584e-06,0.039965745243296186,0.041484330499188656,3.637019833363996e-05,2.7409512394768824e-06,0.037739329609328603
63,4.931342861127352,-0.4238293827789681,0.0224732689533272,0.6586665598992205,0.041900607809150725,0.0420509269084878,3.9739042224574315e-05,0.007908696843466251,0.422495150167835,0.0599451229081426,0.0241567309088337,4.213770598936296e-05,3.973904222457497e-05,2.3986637647879844e-06,0.041484330499188656,0.04243694592705965,3.957027535501245e-05,2.5282417297456358e-06,0.035551287435988
64,4.953057353946544,-0.4306169512125246,0.0230282585589949,0.6814173236553815,0.04334788157032572,0.0424872114590144,4.156976347296734e-05,0.008273039277202087,0.43076818944503714,0.0597080183448217,0.0252664045732071,4.384615434494898e-05,4.156976347296734e-05,2.276390871981628e-06,0.04243694592705965,0.04214511978731761,4.1186928333384315e-05,2.2388645373496584e-06,0.032857133273563204
65,4.975353931217848,-0.4374146518499726,0.0235915767990959,0.704727241334427,0.04483072551321955,0.0415527878085402,4.0734022735471925e-05,0.008106713674908159,0.4388749031199453,0.0581235378467703,0.0249820377703107,4.2893357847635195e-05,4.073402273547251e-05,2.1593351121626842e-06,0.04214511978731761,0.040846176135518025,4.062538894158054e-05,1.9934638206751506e-06,0.031177662792188
66,4.998238401891427,-0.444228196959971,0.0241631780501228,0.7286046187590363,0.04634966800687324,0.0402125179849867,3.9072984976214206e-05,0.0077761409346472935,0.4466510440545926,0.0561597005624987,0.0242653354074746,4.1121318779977325e-05,3.907298497621411e-05,2.048333803763213e-06,0.040846176135518025,0.03951510236415601,3.901462641367152e-05,1.8809563686943817e-06,0.0300387012808086
67,5.021717601158683,-0.4510601355908316,0.024743006452624,0.7530577110104096,0.04790523419244451,0.0389498517013917,3.753739110470458e-05,0.00747053350868512,0.4541215775632777,0.0543040366882832,0.0235956667145,3.9481787248162896e-05,3.7537391104704385e-05,1.944396143458507e-06,0.03951510236415601,0.038343395307102755,3.750052094371759e-05,1.7988568795736285e-06,0.0292524912482082
68,5.045798912142091,-0.4579111609500392,0.0253309997589675,0.7780947141162053,0.0494979454544417,0.038060901632629,3.669530274720142e-05,0.007302944629786912,0.46142452219306457,0.0528481579627082,0.02327364530255,3.854161978985364e-05,3.66953027472016e-05,1.8463170426520286e-06,0.038343395307102755,0.03791802144831972,3.683041239460216e-05,1.7937108246376038e-06,0.029092576098528895
69,5.070490314154395,-0.4647797190508262,0.0259270918953326,0.8037237599433553,0.051128319095833895,0.0381150403760442,3.766574616596878e-05,0.007496078192478111,0.46892060038554273,0.0523662214010789,0.0238638593510094,3.942097710586231e-05,3.7665746165968686e-05,1.7552309398936312e-06,0.03791802144831972,0.03831616967578159,3.767015069629067e-05,1.8046110364581792e-06,0.0285629952451539
70,5.09579987571732,-0.4716636725236444,0.0265312066800256,0.8299529092310345,0.05279686789484817,0.0386841480438457,3.9702977363452954e-05,0.007901519366674067,0.47682211975221683,0.0524268545961633,0.0249414414915283,4.137322280183212e-05,3.9702977363453164e-05,1.6702454383789538e-06,0.03831616967578159,0.03903556290354535,3.9687123656707766e-05,1.7588242711193298e-06,0.027735620759744
71,5.121735113043835,-0.4785626035894507,0.0271432638363541,0.8567901444892243,0.05450409965321674,0.0394177116251096,4.2174008767379326e-05,0.008393293631234812,0.48521541338345164,0.0526770622512723,0.0261583609989468,4.376469793508371e-05,4.217400876737923e-05,1.5906891677044865e-06,0.03903556290354535,0.03968123856292522,4.204813079395364e-05,1.669187645674339e-06,0.026419134654189304
72,5.1483029085236565,-0.4854782695725672,0.0277631753761496,0.8842433640954762,0.056250516820646725,0.0397795429715734,4.393278295684415e-05,0.008743317464269944,0.4939587308477216,0.0525774956531361,0.0269815902900105,4.54485375116576e-05,4.393278295684394e-05,1.515754554813664e-06,0.03968123856292522,0.03966914632917753,4.370259482697021e-05,1.5146250360907192e-06,0.024815406018728496
73,5.175509515277615,-0.4924147273151297,0.0283908457289346,0.9123203746480183,0.05803661600836844,0.0394443769100689,4.41721491491557e-05,0.008790955115899005,0.5027496859636206,0.051796996308739,0.0270917575113993,4.561617575782076e-05,4.4172149149156265e-05,1.4440266086644989e-06,0.03966914632917753,0.03914448744149926,4.408871657684319e-05,1.3833850629600767e-06,0.0236552141424078
74,5.2033611852325325,-0.4993759551981198,0.0290261744546179,0.9410288847397945,0.05986288759307529,0.0388208088586093,4.374404716061417e-05,0.008705756060865759,0.5114554420244863,0.0507469716538071,0.0268946460634111,4.51202105913171e-05,4.374404716061372e-05,1.3761634307033804e-06,0.03914448744149926,0.03838417210845173,4.361825456345367e-05,1.2899212972769728e-06,0.022564124759448
75,5.231864402169583,-0.5063648714375756,0.0296690519270113,0.9703764979306091,0.061729815269851725,0.037941403143352,4.271008585213073e-05,0.00849998143523544,0.5199554234597218,0.0494587708228591,0.0264240354638453,4.4021950040820615e-05,4.271008585213118e-05,1.311864188689434e-06,0.03838417210845173,0.037443175729815,4.264986916087892e-05,1.2068938368510702e-06,0.021649407038158403
76,5.26102569195371,-0.5133839740758036,0.0303193633583353,1.0003707055732824,0.0636378755958142,0.036946713628623,4.1387739472163355e-05,0.008236813627060389,0.5281922370867822,0.0480734425020037,0.0258199847552424,4.263895992361055e-05,4.138773947216347e-05,1.2512204514470752e-06,0.037443175729815,0.03635199338598038,4.1280752186365946e-05,1.1315966224823892e-06,0.020644857434558697
77,5.290851508478726,-0.5204357573372962,0.030976985799843,1.0310188801523716,0.06558753756635857,0.0357123283114573,3.950713056667615e-05,0.007862542761885291,0.5360547798486675,0.0464648421898011,0.024959814433113,4.07009480244396e-05,3.9507130566675594e-05,1.1938174577640007e-06,0.03635199338598038,0.03497326368583177,3.9402152307297355e-05,1.0457249955987211e-06,0.0196562022024922
78,5.3213481179959015,-0.5275231536612905,0.0316417898509479,1.062328267977767,0.06757926215036845,0.0342229331017126,3.705915379847459e-05,0.0073753567338440285,0.5434301365825116,0.0446160166356052,0.02382984956782,3.8198428944177076e-05,3.705915379847459e-05,1.1392751457024863e-06,0.03497326368583177,0.033409603097713146,3.699741181213076e-05,9.743473808255254e-07,0.018910679319822203
79,5.352521815576902,-0.5346485707048252,0.0323136389294839,1.0943059823679828,0.069613501856575,0.0326929556033689,3.453776556658991e-05,0.0068735606654343065,0.5503036972479459,0.0427405288876422,0.0226453823190955,3.562515968137364e-05,3.453776556658981e-05,1.08739411478383e-06,0.033409603097713146,0.0319883473981388,3.4555924759747e-05,9.390199004545434e-07,0.0186426254162781
80,5.384379227702267,-0.5418124657180307,0.032992389234936,1.1269589964501927,0.07169070027553631,0.0315724536678722,3.288746784858601e-05,0.006545125362957743,0.5568488226109036,0.0412880077353736,0.0218568996003704,3.392554028272087e-05,3.288746784858557e-05,1.0380724341352837e-06,0.0319883473981388,0.03129367581090994,3.303177651947194e-05,9.653310712583207e-07,0.0189495782397266
81,5.416927528485289,-0.5490122035163509,0.0336778902177122,1.1602941361765167,0.07381129163537346,0.0314079723553809,3.3221916084033724e-05,0.006611685842423765,0.5634605084533274,0.040806477840097,0.0220094668706649,3.421352682102448e-05,3.3221916084033846e-05,9.916107369906458e-07,0.03129367581090994,0.031656051872870794,3.336394482069206e-05,1.0303632781791285e-06,0.0192450549445305
82,5.45017410597237,-0.5562433682584857,0.0343699840345771,1.1943180733026613,0.07597570035511159,0.032157963939341,3.554319122876543e-05,0.007073656246899284,0.5705341647002267,0.0412545218151954,0.0230614060634862,3.6491199768912126e-05,3.554319122876498e-05,9.480085401471424e-07,0.031656051872870794,0.0326749211019941,3.556279532202658e-05,1.0571664214235633e-06,0.018923775495658
83,5.484125758915959,-0.5635033691604345,0.0350685057573091,1.2290373181986043,0.07818434058733675,0.0331774440480961,3.8601404993434824e-05,0.0076822890722855275,0.5782164537725121,0.0419851815591442,0.0243697065370485,3.950823260053472e-05,3.86014049934354e-05,9.068276070993071e-07,0.0326749211019941,0.03355345645244951,3.845660795747508e-05,9.996757841334307e-07,0.017835427196202402
84,5.518788188209035,-0.5707939436871481,0.0357732835828242,1.264458212868671,0.080437615774173,0.0336760796798838,4.05697061551795e-05,0.008074012081031187,0.5862904658535433,0.0422051337332509,0.0251470256265167,4.143714583437395e-05,4.05697061551795e-05,8.674396791944524e-07,0.03355345645244951,0.03357157960542038,4.029655213691963e-05,8.697451982690674e-07,0.0163276244797879
85,5.554166123441448,-0.5781207860744977,0.0364841383800226,1.3005869238500942,0.08273591819552925,0.0332172562320809,4.0256091581761335e-05,0.008011597829252278,0.5943020636827956,0.0414746501063046,0.0249598623578568,4.108530981132956e-05,4.025609158176086e-05,8.292182295687105e-07,0.03357157960542038,0.03272829093773483,4.009524608560558e-05,7.468615332685917e-07,0.0152706719091385
86,5.590264122810133,-0.5854898120360991,0.0372008844431164,1.3374294352616638,0.08507962852689409,0.0322368043325628,3.865958891653e-05,0.007693868591648949,0.6019959322744446,0.0402305342669953,0.0242430743981298,3.945196426156634e-05,3.8659588916529404e-05,7.923753450369327e-07,0.03272829093773483,0.03176085387226316,3.868112415679679e-05,6.99382235966504e-07,0.015021991564706499
87,5.627087377927305,-0.5929031248923189,0.0379233286922449,1.3749915418293446,0.08746911539566533,0.0315244681176184,3.768790408456754e-05,0.00750048796813122,0.6094964202425758,0.0392650659628363,0.0237838702724006,3.8445319613375434e-05,3.7687904084567654e-05,7.574155288077787e-07,0.03176085387226316,0.03140248945804064,3.782520918051989e-05,7.228796153443174e-07,0.015094920995998698
88,5.664641623136627,-0.6003592236629449,0.0386512716462982,1.413278841998616,0.08990473494299643,0.0313782331843318,3.8055791516524247e-05,0.00757370337567488,0.6170701236182506,0.0388787912683993,0.0238776751002645,3.878061071719979e-05,3.8055791516524504e-05,7.24819200675291e-07,0.03140248945804064,0.031242893236936447,3.792126955567267e-05,7.095978364399081e-07,0.014187858405433101
89,5.70293194920388,-0.607858839450152,0.0393845065665091,1.4522967311050197,0.09238683038934564,0.0307964856445663,3.735319266855241e-05,0.0074338751115769165,0.6245039987298275,0.0380655335056976,0.0235274377834351,3.804687272848581e-05,3.7353192668552526e-05,6.936800599332849e-07,0.031242893236936447,0.03005363657712161,3.699914465056892e-05,5.856972927842623e-07,0.012787823778783798
90,5.741962256582639,-0.6154078044960477,0.0401228196877778,1.492050394232163,0.09491573158014298,0.0292754262363348,3.4387285937570585e-05,0.0068436128433326665,0.6313476115731602,0.0363152615622189,0.0222355909104504,3.5050105308267794e-05,3.4387285937570226e-05,6.628193706975546e-07,0.03005363657712161,0.0286437193629674,3.456623262268709e-05,5.369337440890945e-07,0.013294716460595001
91,5.781737150145496,-0.6230073131166125,0.0408659909290198,1.5325447995405619,0.0974917545614093,0.0287105415381038,3.368563997850804e-05,0.00670397421917284,0.6380515857923331,0.0355303073710454,0.0218907757051622,3.431918824223211e-05,3.368563997850804e-05,6.335482637240703e-07,0.0286437193629674,0.029228519503360684,3.4218218310476416e-05,6.91119644830931e-07,0.014828511378439796
92,5.822262938929072,-0.6306484143239277,0.0416137943870272,1.5737846921985854,0.10011520119367753,0.0301032074669497,3.7710549467889655e-05,0.00750499475696087,0.645556580549294,0.036719287083602,0.0234871278502973,3.8317729537850404e-05,3.7710549467889526e-05,6.071800699608765e-07,0.029228519503360684,0.030819730616801513,3.752145563267191e-05,7.622515124197346e-07,0.0139953334381561
93,5.863544820551503,-0.6383266314510754,0.042365995618868,1.615774587201533,0.10278635869518349,0.0310638154365407,4.088151780073763e-05,0.008136067521699474,0.6536926480709935,0.0374824612884534,0.024645169584628,4.14633302243612e-05,4.088151780073763e-05,5.818124236235764e-07,0.030819730616801513,0.030923573932156338,4.03773278525809e-05,5.928277147574445e-07,0.011961680629869402
94,5.905585408578675,-0.6460500769848047,0.0431223551116121,1.658518762566773,0.1055054992089793,0.0303854098192514,3.981371177186135e-05,0.007923557262335805,0.6616162053333292,0.0366068502144974,0.024163969424006,4.037008100573369e-05,3.9813711771862146e-05,5.563692338715542e-07,0.030923573932156338,0.02973982518953324,3.967811956863074e-05,4.556691541623546e-07,0.0110435770929905
95,5.948387007601998,-0.6538274944239593,0.0438826270927638,1.7020212536689607,0.10827287944257234,0.0291777652304924,3.7359122805515966e-05,0.007435055302463751,0.669051260635793,0.0352075465169965,0.0231479839439887,3.789095482852301e-05,3.735912280551647e-05,5.318320230065283e-07,0.02973982518953324,0.02870973267212746,3.748349248656432e-05,4.4495423538827533e-07,0.011261580183152497
96,5.991953136841882,-0.6616597883801978,0.0446465585036449,1.7462858464671651,0.11108874023707374,0.0285621238962812,3.642243568823127e-05,0.00724863977674673,0.6762999004125397,0.0344095641271412,0.022714683665421,3.693129569083327e-05,3.6422435688231015e-05,5.088600026022588e-07,0.02870973267212746,0.028555344423901903,3.660233134097825e-05,4.957347708494947e-07,0.011228005781874998
97,6.036287634996536,-0.6695446923912942,0.0454138921050448,1.79131607177151,0.11395330620247472,0.0282674716805659,3.628796845252026e-05,0.0072218786737335405,0.6835217790862732,0.033942689447296,0.0225922539138357,3.6775533461998127e-05,3.628796845252013e-05,4.875650094779998e-07,0.028555344423901903,0.027486519852246948,3.566206881022716e-05,4.028246476411406e-07,0.009488391734359801
98,6.081392794690359,-0.6774871919021667,0.0461843612623351,1.8371151984552,0.11686678528583448,0.0265795991765492,3.262810088959728e-05,0.006493507242967294,0.6900152863292405,0.0320806456481955,0.021078552704903,3.309397042814155e-05,3.26281008895974e-05,4.658695385441462e-07,0.027486519852246948,0.025939040104925416,3.296511184980529e-05,3.4485306878900053e-07,0.0097452443718032
99,6.127270821482313,-0.6854913210791518,0.046957697900723,1.883686228036729,0.1198293684266312,0.0254860739836755,3.0500901549592216e-05,0.006070160987900328,0.6960854473171408,0.0308237970767062,0.0201483508906444,3.0946863311643187e-05,3.0500901549591735e-05,4.4596176205144687e-07,0.025939040104925416,0.02487544884858371,3.0316938835598438e-05,3.618181575769201e-07,0.009297488343476198
100,6.173924485783635,-0.6935564286640266,0.0477336242411178,1.9310318891076492,0.12284122920228852,0.0242680587903947,2.8112177530652666e-05,0.005594767192505411,0.7016802145096462,0.0294458392341206,0.0190902783466688,2.8538747636820854e-05,2.8112177530652666e-05,4.2657010616819004e-07,0.02487544884858371,0.023735897961973625,2.820455626640172e-05,3.3792151582322686e-07,0.009636306314584502
101,6.2213563297622425,-0.7016815172469919,0.0485118592764826,1.9791546308664496,0.12590252341683775,0.0237035576200919,2.725680746367886e-05,0.005424535043717288,0.7071047495533636,0.0287265846612533,0.0186805305789304,2.7664805147301567e-05,2.7256807463678746e-05,4.079976836228196e-07,0.023735897961973625,0.024016787747548448,2.765594747879954e-05,4.3258035629287577e-07,0.0108831714512479
102,6.269569717825046,-0.7098590356892751,0.0492921159886515,2.0280566184990167,0.1290133888070492,0.024685734926814,3.003790118536479e-05,0.005978016605094222,0.7130827661584578,0.0295637020301783,0.0198077678234497,3.0428862639473773e-05,3.003790118536479e-05,3.909614541089842e-07,0.024016787747548448,0.025309707761545765,2.9990067348964817e-05,5.014784670180355e-07,0.010369879285767998
103,6.318567171265887,-0.7180845582562397,0.0500741020883618,2.077739727537523,0.13217394468357685,0.0254397361921944,3.24069662791235e-05,0.0064494979639828694,0.7195322641224406,0.0301776471092177,0.0207018252751715,3.278165075303431e-05,3.2406966279124004e-05,3.746844739103043e-07,0.025309707761545765,0.025065957503463486,3.176860592130988e-05,3.588335627694052e-07,0.008353781291993899
104,6.368348787836993,-0.7263663226649137,0.0508575195794199,2.128205538371414,0.13538429158177856,0.0244606585288459,3.0429265170005877e-05,0.006055904217293977,0.7255881683397347,0.0290556065671654,0.0198657104905262,3.078719272137015e-05,3.0429265170005622e-05,3.579275513645194e-07,0.025065957503463486,0.024044148583927304,3.066899846989783e-05,2.832109969650182e-07,0.008756125569498199
105,6.4189149518354185,-0.734709172400351,0.051642066798718,2.179455331560483,0.13864451096356079,0.0241624445341988,3.0149863849963742e-05,0.006000298943130851,0.7315884672828655,0.0286218360600244,0.0197030530083734,3.0492184870999594e-05,3.0149863849963986e-05,3.4232102103560456e-07,0.024044148583927304,0.024557547831456267,3.0497387209344178e-05,3.838551806110437e-07,0.009494821005052698
106,6.470267529994521,-0.7431071879009221,0.0524274369285973,2.2314900834241405,0.14195466493679298,0.0248647956661381,3.241368563072859e-05,0.0064508352210443,0.7380393025039099,0.0291978740134261,0.0205317173188501,3.274180393246771e-05,3.2413685630728586e-05,3.281183017391221e-07,0.024557547831456267,0.024757935116553186,3.187627804879324e-05,3.457155165520057e-07,0.0078390928081104
107,6.522406745048318,-0.7515625714872955,0.0532133177551714,2.284310460766025,0.14531479591971747,0.0241652805329485,3.107449071490134e-05,0.0061843142882111604,0.744223616792121,0.0283708101269605,0.0199597509389365,3.138820946018017e-05,3.1074490714901345e-05,3.1371874527882327e-07,0.024757935116553186,0.023429690680125743,3.089878332942843e-05,2.2273124269498475e-07,0.007020689461671399
108,6.575331489356095,-0.7600838396543339,0.0539993939474843,2.3379168166173523,0.14872492637016557,0.0228999203788908,2.8317625263625357e-05,0.0056356545351866,0.7498592713273077,0.0269804404006079,0.0188194003571737,2.861733348556128e-05,2.8317625263625354e-05,2.997082219359239e-07,0.023429690680125743,0.02264232696244925,2.865798402994183e-05,2.4566728776823687e-07,0.007686625908708198
109,6.62904183461929,-0.7686703246029465,0.0547853458504892,2.3923091865163393,0.15218505854887587,0.022542314657609,2.7839499473453515e-05,0.005540499953801811,0.7553997712811095,0.0265060262658819,0.0185786030493358,2.812641050705904e-05,2.7839499473453146e-05,2.869110336058998e-07,0.02264232696244925,0.022269646620322894,2.7627314014047608e-05,2.609771622719232e-07,0.0071082507955397
110,6.683537685705952,-0.7773204001761762,0.0555708492826649,2.447487284082916,0.15569517423798257,0.0218383958785276,2.650260129088909e-05,0.0052744361071511555,0.7606742073882605,0.0256868538448755,0.0179899379121797,2.677694769632608e-05,2.650260129088909e-05,2.74346405436992e-07,0.022269646620322894,0.021355697534899444,2.6444070582334563e-05,2.130983684659967e-07,0.0069898855307740995
111,6.738818112778711,-0.7860356032170871,0.0563555769222869,2.503450497185392,0.15925523449716067,0.0212441207510989,2.5433985692225807e-05,0.005061764730617555,0.7657359721188781,0.0249798234429538,0.017508418059244,2.5696141966364536e-05,2.5433985692225807e-05,2.621562741387323e-07,0.021355697534899444,0.02148850825148347,2.5862022967225334e-05,2.7334443320797997e-07,0.008125782971009299
112,6.7948829634581145,-0.7948104179401685,0.0571391983255546,2.5601978848093125,0.16286517946444057,0.022003571690454,2.7664352393776795e-05,0.005505642919544327,0.7712416150384225,0.0256342010302533,0.0183729423506548,2.7915411925257216e-05,2.7664352393776917e-05,2.5105953148029433e-07,0.02148850825148347,0.022387739178455757,2.750387636587143e-05,3.173367839834565e-07,0.007549705300239601
113,6.851731460467642,-0.8036411317197695,0.0579213790898784,2.617728173517029,0.166524928130986,0.0223950232682492,2.90497185960727e-05,0.005781352667384376,0.7770229677058068,0.0259226476508944,0.0188673988856041,2.928997905954218e-05,2.9049718596072833e-05,2.4026046346934503e-07,0.022387739178455757,0.022105763852555606,2.8666714151485903e-05,2.2271275738334867e-07,0.006299059241857301
114,6.909360951491945,-0.8125339097746607,0.0587017822622536,2.676039754193095,0.17023437813405481,0.0217420999113238,2.774944244118628e-05,0.005522577182467795,0.7825455448882745,0.0251664581274614,0.0183177416951861,2.7978892625456578e-05,2.7749442441186164e-05,2.2945018427042473e-07,0.022105763852555606,0.0215364184444774,2.7953027454563035e-05,1.9325299759250575e-07,0.006551756373184798
115,6.967768973837176,-0.8214915666556333,0.0594800684543905,2.735130679551417,0.1739934055984181,0.0215429129256473,2.760452711819777e-05,0.005493736745121261,0.7880392816333958,0.0248694980683709,0.0182163277829238,2.7823932609032912e-05,2.760452711819789e-05,2.1940549083501593e-07,0.0215364184444774,0.021550010796691325,2.7605301207424624e-05,2.2030289791427726e-07,0.006476185235728502
116,7.026953477515415,-0.8305120446853731,0.060255895355749,2.7949986614564866,0.1778018649659522,0.0214602913789228,2.775049746195654e-05,0.0055227871482588274,0.7935620687816546,0.0246925130186523,0.0182280697391937,2.7960333731349447e-05,2.7750497461957058e-05,2.0983626939238687e-07,0.021550010796691325,0.021221718501414334,2.7558888658034603e-05,1.893984440494737e-07,0.005831766525060001
117,7.086911493391158,-0.8395970452569467,0.0610289185822871,2.8556410684255047,0.18165958883673824,0.0209203927067256,2.6710089279813065e-05,0.005315729492980305,0.7988777982746348,0.0240598362642537,0.0177809491491973,2.6910591773650575e-05,2.671008927981281e-05,2.0050249383776804e-07,0.021221718501414334,0.020648422992106678,2.6749254292119508e-05,1.65573291608829e-07,0.005485628579797699
118,7.147639531108188,-0.8487494498751315,0.0617987921052369,2.9170549237692667,0.18556638785079568,0.0202159987293105,2.525633851532182e-05,0.005026410137537744,0.8039042084121726,0.023266577728995,0.0171654197296259,2.544803903242548e-05,2.52563385153217e-05,1.9170051710378438e-07,0.020648422992106678,0.01954098724561174,2.4960493505512533e-05,1.2933358133008511e-07,0.0043876494126012
119,7.209133459882794,-0.8579741449183329,0.0625651678063913,2.9792369037250808,0.18952205056930943,0.0185906571165084,2.162330606204735e-05,0.004303379317291797,0.8082075877294644,0.0215530691422271,0.01562824509079,2.1806327634816986e-05,2.1623306062047694e-05,1.8302157276928985e-07,0.01954098724561174,0.01754555597461387,2.153397564971432e-05,8.064166427234198e-08,0.004238247195424101
120,7.271388920747466,-0.8672752505981804,0.063327696317318,3.0421833357869357,0.19352634336840444,0.016990372995161,1.828098179954429e-05,0.003638204017008582,0.811845791746473,0.0198664922862141,0.0141142537041081,1.8455598680018824e-05,1.8280981799544507e-05,1.7461688047431846e-07,0.01754555597461387,0.01695553165079263,1.8846972961544484e-05,1.4491869020595483e-07,0.006193091778981799
121,7.33440315433163,-0.8766438093316484,0.0640860273859125,3.1058901976385505,0.1975790103712726,0.0175106630043319,1.9650270409062373e-05,0.003910714070036312,0.8157565058165094,0.0203073454830899,0.0147139805255737,1.9817351929793108e-05,1.9650270409062153e-05,1.6708152073096028e-07,0.01695553165079263,0.01809576671095365,1.9690862820891946e-05,2.4216007847017556e-07,0.0062710447253359995
122,7.398173202692298,-0.8860697336291221,0.0648398095847605,3.170353116123887,0.2016797733826825,0.0182649940618053,2.1631209399333854e-05,0.004304952206197811,0.8200614580227072,0.0209850252509097,0.0155449628727014,2.179111668219541e-05,2.1631209399334447e-05,1.5990728286096314e-07,0.01809576671095365,0.017951384128608718,2.106327750905684e-05,1.5531090412098018e-07,0.0044716635088119
123,7.462693368009399,-0.8955590073801539,0.0655886908092125,3.2355673663208737,0.20582833183005514,0.0173753844883423,1.980148719954433e-05,0.003940808598908077,0.8240022666216154,0.0200166263815133,0.0147341425951715,1.9954006239050708e-05,1.980148719954455e-05,1.525190395061583e-07,0.017951384128608718,0.01696300630451723,1.999373331075569e-05,1.0122336517151372e-07,0.0048060352396207
124,7.527957758327988,-0.9051165766557874,0.0663323191210749,3.3015278712860177,0.2100243627472174,0.0169737834102821,1.9110959572184046e-05,0.003803382698304631,0.82780564931992,0.0195401778347922,0.0144073889857716,1.9256589533086522e-05,1.9110959572183592e-05,1.456299609029231e-07,0.01696300630451723,0.017196068190697855,1.935014037121133e-05,1.598971540759695e-07,0.0055500754472063984
125,7.5939617423648595,-0.9147364008565289,0.0670703422845722,3.368229201988841,0.21426752077023148,0.0174617955306629,2.0450706680046125e-05,0.004070013526071275,0.8318756628459912,0.019957464432978,0.0149661266283478,2.0589952832176253e-05,2.0450706680046118e-05,1.3924615213013126e-07,0.017196068190697855,0.017521745445080013,2.021100945425658e-05,1.5872018868279117e-07,0.004945512567395498
126,7.660699745443665,-0.9244164408708272,0.0678024081290553,3.4356655771956546,0.21855743813000114,0.0174863488671737,2.0732104835958383e-05,0.00412601620210065,0.8360016790480919,0.0199116391957433,0.0150610585386042,2.0865043507342976e-05,2.07321048359585e-05,1.3293867138447757e-07,0.017521745445080013,0.01751637599867207,2.0809744985328174e-05,1.3271706910384314e-07,0.0048070402245579
127,7.728165282991721,-0.9341584696812338,0.0685281655381739,3.5038308640292692,0.22289372468787733,0.0175101373414379,2.101107200783614e-05,0.004181535073924289,0.8401832141220161,0.0198680987631621,0.0151521759197138,2.113807713164672e-05,2.1011072007836257e-05,1.2700512381046094e-07,0.01751637599867207,0.017361576551708027,2.0840778195000966e-05,1.1915114011555724e-07,0.0039098055195216
128,7.796351335712042,-0.9439655667953032,0.0692472638560466,3.5727185787263798,0.2272759679838387,0.0167700304251518,1.9474679495399848e-05,0.0038757687058079463,0.8440589828278241,0.0190619814392354,0.0144780794110679,1.9595932365035104e-05,1.9474679495399495e-05,1.212528696356056e-07,0.017361576551708027,0.015833276266477164,1.9089338190768104e-05,5.594144693074976e-08,0.0027701138249149014
129,7.865249903093773,-0.9538452354753576,0.0699593536579615,3.6423218874833836,0.23170373329029767,0.0150227834825401,1.57887084194152e-05,0.0031422022637933775,0.8472011850916176,0.0172481932359828,0.0127973737290971,1.590419845309214e-05,1.5788708419414885e-05,1.1549003367725547e-07,0.015833276266477164,0.014627499139066802,1.6236577303280553e-05,6.440629609921925e-08,0.004324465623749902
130,7.934854170684682,-0.9637942850199548,0.0706640870458212,3.712633607835275,0.23617656369981785,0.0149580929425746,1.581070396707047e-05,0.003146579725065053,0.8503477648166825,0.017121839352847,0.0127943465323019,1.5920982306640584e-05,1.581070396707016e-05,1.1027833957042742e-07,0.014627499139066802,0.0155600858381461,1.6103995522260285e-05,1.6423163516688024e-07,0.005295568697950401
131,8.005158302388967,-0.9738001946830882,0.0713611179226514,3.783646210319511,0.24069398023095975,0.0159840079969337,1.823194580745579e-05,0.00362844508035241,0.8539762098970348,0.0180899152302523,0.0138781007636152,1.83374376463434e-05,1.823194580745591e-05,1.0549183888749779e-07,0.0155600858381461,0.015930286874086496,1.7692013493770076e-05,1.2892156283705016e-07,0.0036268509391356
132,8.076154108559503,-0.9838644746881552,0.0720501017728942,3.8553518201672836,0.24525548193586974,0.0154586726965262,1.7217853279561962e-05,0.00342662465576812,0.8574028345528031,0.0175049517027508,0.0134123936903018,1.7318417395753054e-05,1.721785327956219e-05,1.0056411619086568e-07,0.015930286874086496,0.015002237188443193,1.7239934668763934e-05,6.013063804549016e-08,0.0034303604838895017
133,8.147832326298275,-0.9939937782046142,0.0727306969383761,3.927742219522919,0.24986054604146568,0.0148541561659134,1.6047734112973533e-05,0.003193752466574929,0.860596587019378,0.0168427541741913,0.0128655581576354,1.6143605827613507e-05,1.6047734112973424e-05,9.58717146400796e-08,0.015002237188443193,0.014956589346363767,1.6319531642341178e-05,9.48247259035297e-08,0.004252029264605498
134,8.220184898836028,-1.0041838414326307,0.0734025641151954,4.0008088500497045,0.2545086281152048,0.0151831664529844,1.6921386197506327e-05,0.003367623025512544,0.8639642100448907,0.0171175874222409,0.0132487454837277,1.7012943282897328e-05,1.6921386197506103e-05,9.155708539122532e-08,0.014956589346363767,0.015250628839632685,1.6745048944481995e-05,1.0646757060208335e-07,0.003941255953317499
135,8.293203363528105,-1.014430849104543,0.0740653667369434,4.074542815475773,0.2591991622270381,0.0153093635548717,1.7359189756059354e-05,0.003454752846156421,0.867418962891047,0.0171900014370452,0.0134287256726982,1.744650785720793e-05,1.7359189756059354e-05,8.731810114857818e-08,0.015250628839632685,0.015481192960482728,1.7487992044638014e-05,9.858814362087735e-08,0.0041055105018963
136,8.366878516261725,-1.024733834327347,0.0747187717461559,4.148934884717323,0.263931561148092,0.0157047896913358,1.842866918924875e-05,0.003667596139399824,0.871086559030447,0.0175342361745945,0.0138753432080766,1.851202730490813e-05,1.8428669189248154e-05,8.335811565997319e-08,0.015481192960482728,0.01583480518898383,1.83197991500342e-05,1.0041250433732665e-07,0.003315399987259701
137,8.441200529062492,-1.0350939224700195,0.0753624493175883,4.223975495249196,0.2687052165650852,0.0154111382465803,1.7898821520401718e-05,0.003562148087520578,0.8746487071179676,0.0171907431953363,0.0136315332978243,1.7978378989653326e-05,1.7898821520401718e-05,7.955746925160821e-08,0.01583480518898383,0.014493465220925369,1.7340969619033207e-05,3.5489892223795946e-08,0.0015342473415199
138,8.516158054513298,-1.045520807602497,0.0759960734219809,4.29965475661898,0.2735194993038761,0.0134375429579684,1.3722425604175714e-05,0.0027309793589673633,0.877379686476935,0.0151657806393442,0.0117093052765928,1.3798087433778614e-05,1.3722425604175919e-05,7.566182960269424e-08,0.014493465220925369,0.012689077888396396,1.4058816107705977e-05,1.9081250140406154e-08,0.0026319005626417
139,8.591740572749334,-1.0560159273491836,0.0766193220949322,4.3759624543774365,0.2783737595794934,0.0126607723102578,1.2281706148913394e-05,0.00244425343981304,0.8798239399167479,0.0143412058392345,0.0109803387812806,1.2353826814639839e-05,1.2281706148912908e-05,7.21206657269268e-08,0.012689077888396396,0.013007835660410874,1.2649184155860158e-05,8.914878014453326e-08,0.0039710961798893
140,8.667939149546179,-1.0665669706225258,0.0772318778183051,4.452888054334055,0.2832673272668511,0.0133152962250438,1.3692989012055495e-05,0.0027251210123603177,0.8825490609291082,0.0149514349611699,0.0116791574889177,1.3761904302900151e-05,1.3692989012055495e-05,6.891529084465265e-08,0.013007835660410874,0.013182548335781313,1.3244231920644111e-05,8.021233016743161e-08,0.002526257386737299
141,8.744742994098054,-1.0771727025987887,0.0778334273066128,4.530420706896515,0.28819951217679984,0.0126147739342078,1.2385829537374194e-05,0.00246497563812364,0.8850140365672319,0.014205414875655,0.0110241329927607,1.2451472657093423e-05,1.2385829537374289e-05,6.564311971913389e-08,0.013182548335781313,0.01201490067378771,1.2363176467945632e-05,2.631946286007046e-08,0.0021910222878411996
142,8.822139988278254,-1.0878392263678698,0.0784236625293723,4.608549251814508,0.2931696043579018,0.0116687985313401,1.0678233268865731e-05,0.0021251370194083573,0.8871391735866403,0.0132151552806019,0.0101224417820787,1.074074265795271e-05,1.0678233268866097e-05,6.25093890866113e-08,0.01201490067378771,0.011571497344146963,1.0908412017959773e-05,4.708393392063632e-08,0.0030163645945925997
143,8.900119080480918,-1.098562699735912,0.0790022804235725,4.687262223290981,0.2981768744215789,0.0116341980942564,1.069331932415689e-05,0.0021281393826054194,0.8892673129692455,0.0131388063766713,0.010129589811842,1.0752935658532454e-05,1.0693319324157347e-05,5.961633437510788e-08,0.011571497344146963,0.011578786572291814,1.0585034886752673e-05,6.018103208563179e-08,0.002998207570292101
144,8.978669111895215,-1.109337847319781,0.0795689832379352,4.766547855121734,0.30322057386906476,0.0116645654285141,1.0826321890865238e-05,0.002154608993361381,0.891421921962607,0.0131277973821341,0.0102013334748945,1.0883108888378561e-05,1.0826321890865612e-05,5.678699751294989e-08,0.011578786572291814,0.01197775079930189,1.1039470564650262e-05,7.435465168456463e-08,0.0037272662302266
145,9.05777856865911,-1.1201597793696596,0.0801234790886939,4.8463940862850485,0.30829993544698475,0.0125044348621995,1.2528178598194798e-05,0.002493305348779981,0.8939152273113868,0.0139285997051211,0.011080270019278,1.2582348626825255e-05,1.2528178598194897e-05,5.417002863035516e-08,0.01197775079930189,0.012992011487676751,1.2495896288091442e-05,9.964818596811747e-08,0.0032059797563150985
146,9.13743534968437,-1.131025759781891,0.0806654818668867,4.9267885667628395,0.3134141735176646,0.0128998052391171,1.342313751013233e-05,0.0026714163027851934,0.8965866436141721,0.0142862497755931,0.011513360702641,1.3474823338264638e-05,1.3423137510132225e-05,5.168582813241493e-08,0.012992011487676751,0.012241785740326772,1.2844609405335508e-05,3.395748460362505e-08,0.0011690740078134
147,9.217625431178345,-1.1419450713162962,0.0811947116405826,5.007718663516574,0.3185624844392843,0.0113354210320653,1.0432852211242294e-05,0.0020763023146133635,0.8986629459287854,0.0126824347104544,0.0099884073536763,1.0481960013762152e-05,1.0432852211242382e-05,4.910780251976653e-08,0.012241785740326772,0.010708153415400698,1.0707222066535119e-05,1.0692005092929764e-08,0.0020918365351914013
148,9.29833536665732,-1.1529207442000695,0.0817108949379879,5.089171466805859,0.32374404696783055,0.0107700950475692,9.478050954919327e-06,0.0018862817892231105,0.9005492277180085,0.0120802438888677,0.0094599462062704,9.524802932564816e-06,9.478050954919061e-06,4.6751977645753133e-08,0.010708153415400698,0.011211593882462099,9.816742948813724e-06,6.93856987063127e-08,0.0034299665964511
149,9.379553430970006,-1.1639411499127168,0.0822137650240244,5.171133796786865,0.3289580226768506,0.0116137714363009,1.1088966891446908e-05,0.0022068794953859104,0.9027561072133943,0.0128899128027215,0.0103376300698803,1.1133596271695835e-05,1.1088966891446908e-05,4.4629380248927833e-08,0.011211593882462099,0.011576098794782306,1.0673879408116582e-05,6.226359981206398e-08,0.0020111407738061995
150,9.46126626402192,-1.1750047289288406,0.0827030617987636,5.253592210198259,0.3342035563827735,0.0111075951692708,1.0203793806413165e-05,0.002030716075443228,0.9047868232888375,0.0123487708436865,0.0098664194948548,1.024626229880689e-05,1.0203793806412889e-05,4.246849239400036e-08,0.011576098794782306,0.010617869936203731,1.0190636447491067e-05,1.6018896877445215e-08,0.0016414331756417991
151,9.543459249867071,-1.1861172832982905,0.083178532566601,5.336533007380941,0.33947977659146544,0.0103006680700855,8.825555280355636e-06,0.0017564248477136824,0.9065432481365513,0.0115078526704966,0.0090934834696743,8.865960490786165e-06,8.82555528035555e-06,4.040521043061491e-08,0.010617869936203731,0.010147394288039796,8.96810103465748e-06,2.6751182291264496e-08,0.002145251894352199
152,9.626118645159387,-1.1972763289404829,0.0836399318256666,5.419942239577075,0.3447857959625526,0.0100638524082324,8.471146414874256e-06,0.0016858918877120507,0.9082291400242634,0.0112387353640265,0.0088889694524386,8.50963054038601e-06,8.47114641487451e-06,3.848412551149964e-08,0.010147394288039796,0.009860530904093152,8.371196686213743e-06,2.996127552570633e-08,0.0021773040343563994
153,9.709230699135652,-1.2084776289416674,0.0840870215921259,5.503805716285971,0.3501207117773602,0.0099235018417899,8.28054418816637e-06,0.001647959035173644,0.9098770990594369,0.011066273486795,0.0087807301967852,8.31714802636346e-06,8.280544188166706e-06,3.6603838196754904e-08,0.009860530904093152,0.01034496244944857,8.58402751560056e-06,5.6466573044521545e-08,0.0034128236186281996
154,9.792781843640569,-1.2197138146820563,0.0845195717834021,5.588109012973735,0.3554836064293567,0.0110805977843224,1.0377283209957441e-05,0.002065243205977265,0.9119423422654144,0.0121935538154134,0.009967641753231,1.041218052770591e-05,1.0377283209957067e-05,3.489731774884306e-08,0.01034496244944857,0.011751942576130874,1.0331103555011481e-05,9.304411350857303e-08,0.0028805217320564003
155,9.87675796159325,-1.2309798879365483,0.0849373601444724,5.672837478937672,0.36087354792444204,0.0117639841118988,1.1754593573297684e-05,0.0023393497146712854,0.9142816919800856,0.0128481634852874,0.0106798047385105,1.1787873302619089e-05,1.1754593573297986e-05,3.3279729321102984e-08,0.011751942576130874,0.0111606966326509,1.1150270003871158e-05,2.564523754781481e-08,0.0006812435383024996
156,9.96114276405694,-1.242285401891725,0.0853401726194822,5.757976245319649,0.366289590390712,0.0103074513072575,9.066843105916683e-06,0.0018044449347001125,0.9160861369147857,0.011361048276813,0.0092538543377018,9.098420863605239e-06,9.066843105916507e-06,3.157775768872927e-08,0.0111606966326509,0.009788360192884185,9.376554138341876e-06,6.222668681819504e-09,0.0017004712945613999
157,10.045920633676689,-1.25363334811686,0.0857278034933649,5.8435102333760724,0.3717307746045472,0.0099290038918555,8.451485647662179e-06,0.0016819790846124801,0.9177681159993982,0.0109543256322632,0.0089036821514483,8.481527089569691e-06,8.451485647662604e-06,3.004144190708828e-08,0.009788360192884185,0.010370880738271136,8.712261735595707e-06,5.14779530054376e-08,0.002768011593506701
158,10.131077597859012,-1.2650129177913807,0.0861000556159539,5.929424162930731,0.3771961285283346,0.0106725195363433,9.807026501943316e-06,0.0019517531172843915,0.9197198691166827,0.011671693744955,0.0096733453277322,9.835679139597639e-06,9.807026501943866e-06,2.8652637653771874e-08,0.010370880738271136,0.010514185391287475,9.389056787479957e-06,3.7463592148651125e-08,0.0012516501034305991
159,10.216598069603345,-1.276423914441518,0.0864567403633302,6.015702560920373,0.3826846678540884,0.0099529068502157,8.564435372568914e-06,0.001704457863235078,0.9214243269799177,0.0109249954311628,0.008980818269269,8.591667983780646e-06,8.564435372569257e-06,2.7232611211385772e-08,0.010514185391287475,0.009423142528783807,8.600151020004127e-06,5.265342081791796e-09,0.0009410696224412003
160,10.30246550836971,-1.287871897936431,0.086797678130851,6.102329770167463,0.3881953965615225,0.0089758472097819,6.992927252652323e-06,0.0013917029347889117,0.9228160299147066,0.0099218878917102,0.0080298065278537,7.018821689952787e-06,6.9929272526524015e-06,2.5894437300387225e-08,0.009423142528783807,0.008555319992924935,7.019244759192236e-06,7.603879783877985e-09,0.0009795044564559988
161,10.38866406809404,-1.2993559133505126,0.0871226981942585,6.1892899583300185,0.3937273074873887,0.0080884035068458,5.699764796742842e-06,0.0011343431882871215,0.9239503731029938,0.0090093109843097,0.0071674960293813,5.7243935291981925e-06,5.699764796742419e-06,2.462873245577519e-08,0.008555319992924935,0.007525256787345119,5.639857947971658e-06,4.985753777114162e-09,0.0011291928391367993
162,10.475177992057285,-1.3108730785218388,0.0874316389626419,6.276567126908469,0.39927938289844084,0.0074006899171011,4.788649335837356e-06,0.0009530168259411125,0.9249033899289348,0.0082966888685181,0.0065046909656845,4.812046453962992e-06,4.788649335837614e-06,2.3397118125379073e-08,0.007525256787345119,0.007786948724803021,5.1253839918130425e-06,3.643327819848461e-08,0.0029159244326160006
163,10.561992319754845,-1.322413326386728,0.0877243481968661,6.364145120488223,0.40485059507939486,0.0085474439112177,6.409035383313951e-06,0.0012754992337065951,0.9261788891626415,0.0094206153983005,0.0076742724241348,6.431329896133654e-06,6.409035383313875e-06,2.2294512819777838e-08,0.007786948724803021,0.009154505303338785,6.308176037564121e-06,7.140028137830718e-08,0.0022336798908166996
164,10.649091487695678,-1.3339699911264915,0.0880006829192093,6.452007636046259,0.4104399069249605,0.0090570893064795,7.218772290542617e-06,0.0014366496632022842,0.9276155388258438,0.0099079523149515,0.008206226298007,7.240008845882205e-06,7.218772290542216e-06,2.123655533998847e-08,0.009154505303338785,0.008390487575088545,6.776522276700144e-06,1.3575674948828863e-08,0.0002808856239972998
165,10.736457767887106,-1.345551661754663,0.0882605097505982,6.540138232381164,0.4160462725397268,0.0076597758788319,5.178435324691882e-06,0.0010305903920643253,0.9286461292179081,0.0084871119220043,0.00683243983566,5.198572987589273e-06,5.17843532469222e-06,2.0137662897053968e-08,0.008390487575088545,0.007409479822149929,5.515393998936397e-06,8.430505574988077e-09,0.0018073805742479998
166,10.824074495700664,-1.3571579465011054,0.0885037048678169,6.628520339690371,0.42166863784741143,0.007834038225254,5.431663085676162e-06,0.0010809867147199314,0.929727115932628,0.008639820409908,0.0070282560406001,5.450817792923128e-06,5.431663085676231e-06,1.9154707246897198e-08,0.007409479822149929,0.00843438732202481,5.561977081338553e-06,5.194939594138473e-08,0.0025731413217942
167,10.911926345470413,-1.368777438036962,0.0887301541983698,6.717137269223464,0.4273059412049486,0.0088158729514177,6.896073502649181e-06,0.0013724275093118972,0.9310995434419399,0.0096013973623943,0.008030348540441,6.9143237751315006e-06,6.896073502649101e-06,1.8250272482400757e-08,0.00843438732202481,0.008786483888844308,6.5793349280819304e-06,3.1092097659809337e-08,0.0011994549063456
168,10.999996336250216,-1.3804103961455891,0.0889397533672441,6.805972223006271,0.43295711402108017,0.0084651145606498,6.373259479596253e-06,0.0012683792640000946,0.93236792270594,0.0092298034467866,0.0077004256745124,6.390595292954445e-06,6.373259479595801e-06,1.7335813358642403e-08,0.008786483888844308,0.008242617789764987,6.450108822005054e-06,7.41580112551814e-09,0.0010198316916841003
169,11.088266888846563,-1.392060854872852,0.0891324079703196,6.895008303675053,0.43862108138195144,0.0079754179164884,5.669471006186575e-06,0.0011283142456569738,0.9334962369515971,0.0087202573661965,0.0072305784667799,5.6859541377804335e-06,5.66947100618629e-06,1.648313159414353e-08,0.008242617789764987,0.007546178571712551,5.5584700206391655e-06,5.258808824801317e-09,0.00045259694794779967
170,11.17672076810844,-1.4037295747842926,0.0893080334557737,6.9842285243881,0.4442967626816295,0.0069579920217678,4.323728139606121e-06,0.0008604901672381823,0.9343567271188353,0.0076831754147277,0.0062328086288075,4.339383568560066e-06,4.323728139605872e-06,1.5655428954193187e-08,0.007546178571712551,0.006353543660517755,4.324214695213188e-06,5.002668291263596e-10,0.0008306662748020993
171,11.265340951072918,-1.4154151022899004,0.0894665552588311,7.073615818745402,0.44998307225313633,0.00635762769348,3.6161871576860633e-06,0.000719678340453041,0.9350764054592883,0.0070634749036096,0.00565178048335,3.6310451752104535e-06,3.6161871576858355e-06,1.4858017524617618e-08,0.006353543660517755,0.006967354860572733,3.971687120671031e-06,3.879183229180804e-08,0.0028734813492441993
172,11.354111689270235,-1.4271057756734025,0.0896079089355679,7.163153050842602,0.4556789200080241,0.0078367646824011,5.503259035918965e-06,0.0010952354392485782,0.9361716408985369,0.0085252618325942,0.0071482675322078,5.517417931603267e-06,5.503259035918824e-06,1.4158895684443599e-08,0.006967354860572733,0.00834589462549691,5.267356008583636e-06,5.960697760013636e-08,0.0015912112225218
173,11.4430163182486,-1.4387964225379672,0.0897320399487514,7.252823025284761,0.4613832120733939,0.0080684480747306,5.8415427298123726e-06,0.0011625592355034478,0.9373342001340402,0.0087394787547296,0.0073974173947321,5.855010975806291e-06,5.841542729812733e-06,1.3468245993558451e-08,0.00834589462549691,0.007348396784736365,5.532932548229352e-06,5.282382251270557e-09,4.911471023659984e-05
174,11.53203629392463,-1.4504957776146998,0.0898389040105527,7.342608497264413,0.4670948514330032,0.0067937822430008,4.14655748261581e-06,0.0008252304091449781,0.9381594305431852,0.0074465321049687,0.0061410323810332,4.159317074030639e-06,4.146557482615993e-06,1.2759591414646664e-08,0.007348396784736365,0.006828343578617962,4.5159797825065115e-06,1.2415069298569736e-08,0.0019560693211507
175,11.621154652141293,-1.4622002673050285,0.0899284668542706,7.432492182696825,0.4728127385720145,0.0074607802094852,5.0057099533280095e-06,0.0009962153159975135,0.9391556458591827,0.0080971017021839,0.0068244587167863,5.017847449879527e-06,5.005709953327874e-06,1.2137496551652545e-08,0.006828343578617962,0.008086759186228674,5.013245848600594e-06,4.800968122951628e-08,0.0022109448341798
176,11.710355303633968,-1.4738994281709394,0.0900007043574329,7.522456768302677,0.47853577211839693,0.0084148388381864,6.372906015745093e-06,0.0012683089191128638,0.9404239547782955,0.0090354035509661,0.0077942741254073,6.3844591230441055e-06,6.3729060157455464e-06,1.15531072985573e-08,0.008086759186228674,0.00843672802000073,6.144043333206096e-06,2.1096551225904262e-08,0.0010811055880760997
177,11.799620617227411,-1.4855943921085686,0.0900556024947352,7.612484921728761,0.4842628494867479,0.0082708837814027,6.160480295980979e-06,0.0012260328468845657,0.94164998762518,0.0088753797134834,0.0076663878493219,6.1714495286059945e-06,6.160480295980907e-06,1.0969232625087986e-08,0.00843672802000073,0.00820763279892505,6.237526642696728e-06,7.442897121690811e-09,0.0008117377432294995
178,11.888932696996392,-1.4972882502420233,0.0900931573687135,7.702559301660485,0.48999286752159255,0.0078888166989005,5.6068061042797915e-06,0.0011158429407597504,0.9427658305659398,0.0084781255925514,0.00729950780525,5.61723543749555e-06,5.606806104280075e-06,1.0429333215473666e-08,0.00820763279892505,0.0071969235674572895,5.352454027130924e-06,3.346605658327322e-09,-0.00041708838763349944
179,11.978273613428504,-1.5089843708797082,0.0901133751359855,7.792662567912835,0.4957247231393134,0.0063087025599452,3.5864878186603566e-06,0.0007137677030632856,0.9434795982690031,0.0068824194176165,0.0057349857022738,3.596374788824622e-06,3.5864878186603007e-06,9.886970164322246e-09,0.0071969235674572895,0.005581531952808877,3.698224879199227e-06,2.2287762842745603e-09,0.0004379728862174007
180,12.067625997977546,-1.5206819260712998,0.0901162719780462,7.882777391469851,0.5014573139668044,0.0056141602669719,2.840356347990936e-06,0.0005652757597107859,0.9440448740287138,0.0061729585884912,0.0050553619454527,2.8497361171056674e-06,2.840356347990986e-06,9.379769114681152e-09,0.005581531952808877,0.006230618810105337,3.146575079719297e-06,3.1118228600844655e-08,0.002343525313685
181,12.156974013698814,-1.5323685449847186,0.0901018741644575,7.972886464541103,0.5071895389812068,0.0068533396472431,4.231928641526344e-06,0.000842220617695633,0.9448870946464094,0.0073988872591377,0.006307792035348,4.240867414102235e-06,4.231928641526034e-06,8.938772576201046e-09,0.006230618810105337,0.006884960746768184,3.878010528592984e-06,3.074536926948391e-08,0.00035470696370400005
182,12.246300486646708,-1.5440423150370193,0.0900702177724715,8.062972510509567,0.5129202991427356,0.0061309022789,3.385555990824196e-06,0.00067377909680601,0.9455608737432154,0.006662498999052,0.005599305558748,3.3940404574093297e-06,3.385555990824196e-06,8.484466585133852e-09,0.006884960746768184,0.005168317985754545,3.2935034321866705e-06,4.1840999354713e-09,-0.0004267559318740996
183,12.335587003816858,-1.5557111173072329,0.0900213489062894,8.153018293848948,0.5186484980255641,0.0046549950602582,1.950670719994835e-06,0.0003882142724699362,0.9459490880156854,0.0051725496268739,0.0041374404936425,1.9587085080696815e-06,1.950670719994835e-06,8.037788074845923e-09,0.005168317985754545,0.004785764339519498,2.2310111836169834e-06,1.2530919017478542e-08,0.0018003348730356002
184,12.424817197867489,-1.5673675778417444,0.0899553234115162,8.24300663000785,0.5243730424465972,0.0054329162667653,2.6551734244908147e-06,0.0005284214340762443,0.9464775094497616,0.0059377753666781,0.0049280571668525,2.6628161100504306e-06,2.6551734244908147e-06,7.642685559616057e-09,0.004785764339519498,0.005938714561759509,2.5965052176367505e-06,3.551044301797297e-08,0.0017878046037952998
185,12.513975116737532,-1.579001606567489,0.0898722068782107,8.332920395152712,0.5300928430852624,0.006223454155975,3.4808747426671194e-06,0.0006927490334130151,0.9471702584831747,0.0067158617706478,0.0057310465413025,3.4881383719727924e-06,3.4808747426672875e-06,7.263629305504438e-09,0.005938714561759509,0.006415233238029282,3.4307752501980884e-06,1.6187645253442454e-08,0.0013129572628844998
186,12.603043610267113,-1.5906128253995155,0.089772074568152,8.422742535875894,0.5358068151010821,0.0065638606612784,3.86776401014919e-06,0.0007697461062466998,0.9479400045894213,0.007044003804187,0.0060837175183698,3.87466261816464e-06,3.86776401014919e-06,6.898608015450838e-09,0.006415233238029282,0.006749373008889944,3.8903642864812844e-06,1.2565249969875156e-08,0.0008736541427089997
187,12.692005415850993,-1.6022023431377186,0.0896550112756416,8.512456078797792,0.5415138787445058,0.0064889366804247,3.7750407333673566e-06,0.0007512927101568752,0.9486912972995782,0.0069573716610788,0.0060205016997706,3.7815984395220348e-06,3.7750407333673566e-06,6.557706154678673e-09,0.006749373008889944,0.005733041276413751,3.5000190436700226e-06,5.54929598944422e-09,-0.0006405621493839001
188,12.780842899561945,-1.6137748192870942,0.0895211112554238,8.602044140063324,0.5472129599610224,0.0049238161092185,2.1703466949664993e-06,0.0004319332599590058,0.9491232305595372,0.0053799395503867,0.0044676926680501,2.1765549420639767e-06,2.170346694966411e-06,6.20824709756571e-09,0.005733041276413751,0.004545579756402193,2.3749966920184268e-06,4.722217515243456e-09,0.0010192087099765998
189,12.86953947515422,-1.6253276391495106,0.0893704780494193,8.691489934715747,0.5529029909874684,0.0050422372828863,2.2721690487323133e-06,0.00045219751603420673,0.9495754280755714,0.0054869013780267,0.0045975731877459,2.2780593424720726e-06,2.2721690487323133e-06,5.890293739759368e-09,0.004545579756402193,0.005970482822113285,2.4859371506346823e-06,4.40482579761658e-08,0.0023972468029751
190,12.958079953613002,-1.6368482908883188,0.0892032244915706,8.780776785986241,0.5585829109429787,0.0065602728561557,3.8390552243153855e-06,0.0007640326045820032,0.9503394606801533,0.006994819990721,0.0061257257215904,3.844670008651795e-06,3.8390552243153855e-06,5.614784336408977e-09,0.005970482822113285,0.0063665190289386294,3.395384621322556e-06,2.558926863759173e-08,-0.00026448332393049986
191,13.046447340277195,-1.6483390433816216,0.0890194723742309,8.869888134419142,0.564251666409482,0.0054378634995976,2.6323377952879338e-06,0.0005238767833125249,0.9508633374634659,0.0058612423976599,0.0050144846015354,2.637656699602963e-06,2.6323377952879825e-06,5.318904314980761e-09,0.0063665190289386294,0.0045478022271352725,2.675591191979432e-06,7.0412389228755384e-09,-0.0003301235909419003
192,13.134624134248275,-1.6598070385665735,0.0888193525186253,8.958807546865572,0.5699082120038234,0.0042718680183241,1.6208516066317614e-06,0.00032257506138808637,0.951185912524854,0.0046843610105935,0.0038593750260547,1.625889158117805e-06,1.6208516066317614e-06,5.037551486043706e-09,0.0045478022271352725,0.004561545240517225,1.8425635575254694e-06,1.2310474797651985e-08,0.0017459594712992002
193,13.222595040761496,-1.671243505054135,0.0886030044995202,9.047518725374644,0.5755515109433732,0.0052026942841066,2.398308590185948e-06,0.00047730127640399574,0.951663213801258,0.0056053344973539,0.0048000540708596,2.4030966711888077e-06,2.398308590186086e-06,4.7880810027210245e-09,0.004561545240517225,0.005616755309869307,2.3029905175979007e-06,2.670001176176552e-08,0.0015237453938346003
194,13.31034483081616,-1.6826402770816784,0.0883705764972161,9.136005515873011,0.5811805355981695,0.005931017165507,3.1086086426740667e-06,0.0006186622017952184,0.9522818760030533,0.0063237994646942,0.0055382348663196,3.1131531860130993e-06,3.1086086426739617e-06,4.544543339137641e-09,0.005616755309869307,0.006361159182702049,3.1737220606513694e-06,1.753484443749561e-08,0.0016018756014970006
195,13.397857556581476,-1.6939958953175762,0.0881222252139857,9.224251916728612,0.5867942680356951,0.0067566371886437,4.0229687000346e-06,0.0008006342900648001,0.9530825102931181,0.0071401104678166,0.0063731639094705,4.027288209349828e-06,4.022968700034421e-06,4.319509315406969e-09,0.006361159182702049,0.0069896162072822935,3.929697313913921e-06,1.488067820828171e-08,0.0005508965567091002
196,13.485117086571965,-1.7053115707610438,0.0878581155983064,9.31224208713476,0.5923917005542253,0.0065497709325279,3.7690691658490128e-06,0.0007501042739354892,0.9538326145670536,0.0069240604661796,0.0061754813988757,3.773171924741254e-06,3.7690691658487252e-06,4.102758892528721e-09,0.0069896162072822935,0.0055890519805537504,3.4896530422004477e-06,9.071444231163252e-09,-0.0010165192549373998
197,13.572106781970009,-1.7165937450853173,0.0875784207744457,9.399960355321134,0.5979718362051646,0.0047945744077039,2.0132478105651743e-06,0.00040066810152475173,0.9542332826685782,0.0051589621439383,0.0044301866714699,2.017123985411849e-06,2.0132478105653416e-06,3.876174846507597e-09,0.0055890519805537504,0.00468084643231576,2.3152616482165472e-06,1.03813649697879e-08,0.0013758957906516
198,13.65881161039757,-1.7278378527814482,0.0872833217508277,9.487391226583771,0.6035336893038684,0.0054504280149023,2.592940088624486e-06,0.0005160360176350789,0.9547493186862133,0.0058060824621215,0.0050947735676825,2.5966202469107097e-06,2.5929400886242e-06,3.680158286509513e-09,0.00468084643231576,0.006410687236769519,2.706209983241494e-06,4.413834471775066e-08,0.0019356499785585
199,13.745217591561133,-1.73903264798079,0.0869730073470846,9.574519391132728,0.6090762859288673,0.0066825266598389,3.8838807543763135e-06,0.0007729535928155931,0.9555222722790289,0.007030423546241,0.0063346297734373,3.8873896004463e-06,3.883880754376604e-06,3.508846069694219e-09,0.006410687236769519,0.006062135657798692,3.3835067089630803e-06,1.81831751138202e-08,-0.0011923497527147001
200,13.831308688704071,-1.75018424954354,0.0866476738928662,9.661329731752703,0.6145986644091911,0.0048034557626557,1.9992380057019315e-06,0.0003978799291557914,0.9559201522081846,0.0051422800207226,0.0044646315045893,2.0025537775936787e-06,1.9992380057021403e-06,3.3157718915393566e-09,0.006062135657798692,0.0037940179279138705,2.141465840025506e-06,1.9610947337167505e-08,-0.0006846576469799002
201,13.917069052603912,-1.7612988882331129,0.0863075250913062,9.74780733124479,0.6200998757977716,0.003449554594505,1.0270100857845263e-06,0.00020439122256019833,0.9561245434307448,0.0037799738576094,0.0031191353314006,1.0301510148258297e-06,1.0270100857845263e-06,3.1409290413032442e-09,0.0037940179279138705,0.003514079385160497,1.1529478816138064e-06,4.652685152936254e-09,0.0010219418532209004
202,14.002484976796213,-1.772367869971457,0.085952771809993,9.83393747969544,0.6255789843338521,0.0038184594558328,1.2532457880745444e-06,0.00024941569935732635,0.9563739591301021,0.0041410771846215,0.0034958417270442,1.2562278392392457e-06,1.2532457880745772e-06,2.982051164668298e-09,0.003514079385160497,0.003942587075064936,1.1960990244105814e-06,8.956258663199993e-09,0.0010102569058718
203,14.087542749058564,-1.7833842128758877,0.0855836318201055,9.91970568151049,0.6310350678904522,0.0041913241031118,1.5034645832622935e-06,0.00029921319031078324,0.9566731723204129,0.004506098632916,0.0038765495733075,1.5062912110577478e-06,1.5034645832622571e-06,2.8266277954901533e-09,0.003942587075064936,0.0047359303531840985,1.6159572420596413e-06,1.6312514052524138e-08,0.0016574312514151999
204,14.172228445000584,-1.7943442882759917,0.0852003296592629,10.005097662250172,0.6364672184091721,0.0052263639343368,2.3272367783996227e-06,0.0004631568637038238,0.9571363291841167,0.0055339808247227,0.0049187470439506,2.3299242282933603e-06,2.3272367783994893e-06,2.687449893871099e-09,0.0047359303531840985,0.005354400706854404,2.171379024355954e-06,1.360379628382248e-08,8.11966819219993e-05
205,14.25652776818039,-1.8052491184919552,0.0848030963141045,10.090099375236855,0.6418745423205392,0.0046996551857106,1.8730255392590855e-06,0.0003727616555617347,0.9575090908396786,0.0049999437258726,0.0043993666455484,1.8755745283216993e-06,1.8730255392590052e-06,2.5489890626938186e-09,0.005354400706854404,0.0036168526806980832,1.7276456746928726e-06,1.3020111071362393e-08,-0.0010832942842465003
206,14.34042597393125,-1.816105016490687,0.084392169100503,10.17469700794416,0.6472561609504477,0.0030235601809045,7.715061351146075e-07,0.00015354190221833171,0.9576626327418969,0.0033160723613019,0.0027310480005071,7.739130947376967e-07,7.715061351146075e-07,2.4069596230891375e-09,0.0036168526806980832,0.0033459528922665255,1.0233631499333685e-06,1.8384218431073875e-08,0.0021365925368406
207,14.423910367061666,-1.8269043282605657,0.0839677913359008,10.258876988162362,0.6526112109123656,0.0045819308996011,1.762827432954787e-06,0.0003508304924863997,0.9580134632343833,0.0048676405373477,0.0042962212618548,1.765112196476017e-06,1.7628274329549022e-06,2.2847635211147932e-09,0.0033459528922665255,0.005801270763834425,1.7986158943794933e-06,6.410918645591112e-08,0.0020986308528968
208,14.506968906965032,-1.8376362529665249,0.0835302121757469,10.342625989918186,0.657938844483919,0.0061151310202356,3.123597866550354e-06,0.000621645294011847,0.9586351085283951,0.0063948521147516,0.0058354099257199,3.12577644281486e-06,3.1235978665505076e-06,2.1785762643530297e-09,0.005801270763834425,0.005526364116299605,2.680077365743842e-06,1.7577317163756133e-08,-0.0011716588507763998
209,14.58958740036202,-1.8483086055311264,0.083079686348035,10.425930939180077,0.6632382299698283,0.0043912607940371,1.6020398284878405e-06,0.00031883122051778946,0.9589539397489129,0.0046637510749435,0.0041187705131302,1.6040960771216412e-06,1.6020398284876575e-06,2.0562486339834273e-09,0.005526364116299605,0.003611788079382819,1.7597875333191038e-06,1.561351960074646e-08,-0.00041969377473249957
210,14.671752213531382,-1.8589268848634517,0.0826164739034974,10.508779019305845,0.6685085520484564,0.0034331655549778,9.737694568581867e-07,0.0001937954967861756,0.959147735245699,0.0036990767383977,0.0031672543715578,9.757166929301875e-07,9.737694568581586e-07,1.947236072029028e-09,0.003611788079382819,0.003494032112211379,1.042977273735435e-06,2.3650070237603195e-09,0.0007990984368458002
211,14.7534516079217,-1.869483971281376,0.0821408400137384,10.591157676264462,0.67374901210399,0.0037066540750895,1.1285563644631747e-06,0.00022460053533409656,0.9593723357810332,0.0039663528084036,0.0034469553417753,1.1304029845181009e-06,1.1285563644631447e-06,1.8466200549564288e-09,0.003494032112211379,0.003822050962062678,1.0998850893776931e-06,5.109656924327061e-09,0.0010412705565982995
212,14.83467391341607,-1.8799743032885383,0.081653054666335,10.673054623604497,0.6789588285425024,0.004234784363642,1.4643167767735405e-06,0.0002914221587137819,0.959663757939747,0.0044882258983736,0.0039813428289103,1.4660650397536344e-06,1.4643167767735056e-06,1.7482629801288435e-09,0.003822050962062678,0.005034162192552101,1.6110606844949582e-06,2.315832466116717e-08,0.0019301818866776996
213,14.915407595978795,-1.890393385858188,0.0811533924932769,10.754457847184304,0.6841372370928621,0.005663485696889,2.60300076434414e-06,0.0005180382509515618,0.9601817961906984,0.005911524715588,0.00541544667819,2.6046650406639256e-06,2.60300076434414e-06,1.6642763197857636e-09,0.005034162192552101,0.0057218451416825265,2.350391531218314e-06,1.6090620897483682e-08,-0.00033770484431379973
214,14.99564052777554,-1.900743488535353,0.0806421324256762,10.83535560964378,0.6892834910911994,0.0048356145438524,1.8856685317359167e-06,0.0003752778106851627,0.9605570740013837,0.0050777418338762,0.0045934872538287,1.887244430196107e-06,1.8856685317359553e-06,1.5758984601514207e-09,0.0057218451416825265,0.003571523543887221,1.7722720606644997e-06,2.1532220552697245e-08,-0.0013540432540823997
215,15.075360216566793,-1.911031901796715,0.0801195575542872,10.915736454633763,0.6943968617499567,0.0030036610977703,7.22837045083158e-07,0.00014385598486453915,0.9607009299862482,0.0032394439997463,0.0027678781957948,7.243217560103492e-07,7.228370450832783e-07,1.4847109270708117e-09,0.003571523543887221,0.0035126734860022536,1.0052400988320577e-06,2.436510866397821e-08,0.0024503978729573
216,15.154556521099057,-1.921249923848796,0.0795859547795976,10.995589210800706,0.6994766384113722,0.0049877606638651,1.979919999051685e-06,0.00039403534081988055,0.9610949653270682,0.0052182760687521,0.0047572452589778,1.9813296613464487e-06,1.9799199990515654e-06,1.4096622948826405e-09,0.0035126734860022536,0.006334566483605409,1.9821378465003507e-06,7.18061428191199e-08,0.0021108986425645
217,15.23321979997752,-1.9313872296523709,0.0790416146116071,11.074902995496307,0.7045221287834632,0.006642142327418,3.487162276827651e-06,0.000694000351985002,0.9617889656790531,0.0068681439015423,0.0064161407532933,3.488508005409622e-06,3.487162276827441e-06,1.3457285821816408e-09,0.006334566483605409,0.006024276541337613,3.018858008654087e-06,1.705592409151437e-08,-0.0013695546907962998
218,15.311338274251098,-1.9414523552156249,0.0784868309175766,11.1536672182609,0.709532659161621,0.0048264876491731,1.828349394116665e-06,0.00036387039728557013,0.9621528360763386,0.005046586062497,0.004606389235849,1.8296167814507679e-06,1.8283493941165894e-06,1.2673873341783819e-09,0.006024276541337613,0.003977625488465555,1.9903142744982956e-06,1.926815577247683e-08,-0.0007758784536959999
219,15.388900785638562,-1.951451337635592,0.0779219006290952,11.231871584034234,0.7145075746328623,0.0036156265654676,1.0186539519738827e-06,0.0002027282199966652,0.9623555642963353,0.003830510782153,0.0034007423487822,1.0198533057795933e-06,1.0186539519738827e-06,1.1993538057105044e-09,0.003977625488465555,0.0033883787579114936,1.0592265989553046e-06,5.188749013112518e-10,8.69496171269999e-05
220,15.465897898241508,-1.961379183197967,0.077347123541835,11.3095060961197,0.7194462392643953,0.003277789797847,8.310102215225655e-07,0.00016538415492509034,0.9625209484512602,0.0034876919659092,0.0030678876297852,8.321461651028383e-07,8.310102215226672e-07,1.1359435801710764e-09,0.0033883787579114936,0.003143217042722506,8.253281978516035e-07,2.077138460260936e-10,0.0006132904023125997
221,15.542320440005732,-1.9712312081710608,0.076762802005623,11.386561058893427,0.7243480362759587,0.0034763101258518,9.276578968000892e-07,0.00018461856827798766,0.9627055670195382,0.0036811780320978,0.0032714422196053,9.287318303800119e-07,9.276578967999556e-07,1.0739335800564096e-09,0.003143217042722506,0.004295627735570622,1.070439908377781e-06,2.0147322217712023e-08,0.0018607108734013003
222,15.618159643160748,-1.9810019639444336,0.0761692407334836,11.463027080262982,0.7292123681962281,0.0049314721243959,1.852391551864793e-06,0.0003686551662797045,0.963074222185818,0.0051321530930066,0.0047307911557852,1.8534140693632003e-06,1.852391551864793e-06,1.0225174984074723e-09,0.004295627735570622,0.004881661710693801,1.605973602576563e-06,1.5140656428863438e-08,-0.0008328936151708998
223,15.693406042553852,-1.99069380726864,0.0755667464634356,11.53889507386144,0.734038657002392,0.0037019603656182,1.0356052740321423e-06,0.00020610180073112573,0.9632803239865491,0.0038978975406143,0.003506023190622,1.036572311171379e-06,1.0356052740321144e-06,9.670371392646537e-10,0.004881661710693801,0.0020775429371377276,9.644500103488664e-07,4.037934502518603e-08,-0.0020783264456697
224,15.768049724449003,-2.0003149828145017,0.0749556278212447,11.614156261003782,0.7388263442446059,0.0012367701184231,1.1465215273774e-07,2.2817588640645405e-05,0.9633031415751897,0.0014276967449523,0.0010458434918943,1.1556293798972102e-07,1.1465215273777711e-07,9.107852519439112e-10,0.0020775429371377276,0.001634619749311153,2.5945038813486606e-07,2.877225651342221e-08,0.0024490512284681
225,15.842083281253766,-2.009856708030573,0.074336194944491,11.688802172386648,0.7435748911541206,0.0033084382108459,8.13666401545895e-07,0.00016193246090770612,0.9634650740360974,0.0034948947203624,0.0031219817013282,8.145278596719872e-07,8.136664015455998e-07,8.614581263875053e-10,0.001634619749311153,0.0049999054844427045,8.881683821329261e-07,8.657109243108322e-08,0.0027969135324148998
226,15.915500070543525,-2.0193066885012634,0.0737087593408672,11.762824649529328,0.7482837787349502,0.0057358399880759,2.4250078902727905e-06,0.0004826148586772241,0.9639476888947747,0.0059188952337431,0.0055527847424078,2.4258311980228542e-06,2.4250078902724097e-06,8.233077504443523e-10,0.0049999054844427045,0.005479055846692383,2.024874683786134e-06,2.2548349977760154e-08,-0.0008849554587259997
227,15.988291310072505,-2.028671685078473,0.0730736335696584,11.83621584598459,0.7529525078408985,0.004489377191317,1.4727631006487496e-06,0.00029310311052417685,0.9642407920052988,0.0046678292836818,0.0043109250989512,1.4735387809046532e-06,1.4727631006484218e-06,7.756802562314796e-10,0.005479055846692383,0.003764188634186318,1.5787161204366826e-06,1.2507335619191348e-08,-0.0007031918262062
228,16.060448499795164,-2.037958724398501,0.0724311310328972,11.908968228285868,0.7575805992358126,0.0034334944424616,8.538822079947392e-07,0.0001699360413594449,0.9644107280466582,0.003607733272745,0.0032592556121781,8.546151910009697e-07,8.538822079947142e-07,7.329830062553282e-10,0.003764188634186318,0.0032310949307385916,8.878014430129864e-07,5.037685241388013e-10,3.372771631980024e-05
229,16.131964749134784,-2.04716478528156,0.0717815657256776,11.981074576665154,0.762167593639252,0.0031227422001914,6.999792911743572e-07,0.0001393069309350141,0.9645500349775931,0.0032929833284979,0.0029525010718857,7.00672749953189e-07,6.999792911745367e-07,6.934587786525034e-10,0.0032310949307385916,0.0029752377368723166,6.916223153607597e-07,7.034578954438721e-11,0.0006266839237216004
230,16.20283358651961,-2.056286052863954,0.0711252519769608,12.052527985516473,0.7667130517559722,0.0034130958496153,8.285539410306543e-07,0.00016489531632492315,0.9647149302939181,0.0035791849956073,0.0032470067036236,8.292079520524094e-07,8.285539410307273e-07,6.540110216820825e-10,0.0029752377368723166,0.004471467760183781,9.99303700545947e-07,2.6661236022940348e-08,0.0024371704628247995
231,16.27304913260078,-2.065316570014783,0.0704625042629786,12.123321863636445,0.771216554291227,0.0055212433857482,2.1479880361226244e-06,0.000427483533827626,0.9651424138277457,0.0056841771664484,0.0053583096050485,2.1486115686148207e-06,2.1479880361228187e-06,6.235324920022386e-10,0.004471467760183781,0.005921400321494685,1.9150383101715514e-06,2.5950632185415734e-08,-0.0003420190923005004
232,16.342604886796646,-2.0742576739439484,0.0697936368754444,12.193449934205656,0.7756777019495847,0.0048569690205287,1.6464422279825802e-06,0.0003276679990878884,0.9654700818268336,0.005016290512748,0.0046976475283093,1.6470327598048437e-06,1.6464422279825461e-06,5.905318222976134e-10,0.005921400321494685,0.002974785125105963,1.4314028611772258e-06,5.183571005187126e-08,-0.0030534412676757
233,16.411493444920403,-2.08312018928694,0.0691189638464926,12.262906234566623,0.7800961154208026,0.0014891813723186,1.5328244151835938e-07,3.050562604262753e-05,0.9655005874528761,0.0016442062606336,0.001334156484004,1.5383614699444416e-07,1.5328244151840054e-07,5.53705476043596e-10,0.002974785125105963,0.0012384127994711552,3.2409939233095453e-07,3.806640407644796e-08,0.0015502001031305
234,16.479709714038314,-2.091899432626217,0.0684387985127308,12.331685115746234,0.7844714353494475,0.0027331309077647,5.112381369011232e-07,0.0001017444611956244,0.9656023319140717,0.0028843565871345,0.002581905228395,5.117598505639693e-07,5.11238136901142e-07,5.217136628272228e-10,0.0012384127994711552,0.004723380674931683,6.773955097435616e-07,8.601159685877741e-08,0.0037008977669427995
235,16.547250181556134,-2.1005808823339915,0.0677534535261387,12.39978124176567,0.7888033222909973,0.0061340252025028,2.5493094095699698e-06,0.0005073528236172986,0.966109684737689,0.0062828029953378,0.005985247409667,2.549809313331936e-06,2.5493094095696373e-06,4.999037622985265e-10,0.004723380674931683,0.006440410886327648,2.1276781810733013e-06,4.3569528573280886e-08,-0.00021646069198860002
236,16.614109387039594,-2.1091676094623524,0.0670632404082112,12.467189588732843,0.7930914566541063,0.0056235285276476,2.1208128170770727e-06,0.0004220752361673177,0.9665317599738563,0.0057687867176784,0.0054782703376177,2.121284493899939e-06,2.1208128170774115e-06,4.716768225268915e-10,0.006440410886327648,0.0047907978399612874,2.1300479525545637e-06,1.032716483276587e-08,-0.0011622189350161995
237,16.68028139372734,-2.117668834606288,0.066368469516653,12.533905443695277,0.797335538627633,0.0041743694705541,1.1564945056141634e-06,0.0002301606665391839,0.9667619206403955,0.0043160514026015,0.0040326875385062,1.156938594075231e-06,1.1564945056140251e-06,4.4408846120625767e-10,0.0047907978399612874,0.003793878125770131,1.2282803429687766e-06,3.7396463981283e-09,-0.0004362932538741998
238,16.745761784733514,-2.1260843810329204,0.0656694497143161,12.599924403310762,0.801535288096074,0.0034578866453574,7.852083002691576e-07,0.0001562688494279308,0.9669181894898234,0.003596394284632,0.0033193790060827,7.856282425249226e-07,7.852083002691348e-07,4.19942255787807e-10,0.003793878125770131,0.002927314287112877,7.457543937521159e-07,2.5236367780237935e-09,-0.0002476856326415998
239,16.8105467345926,-2.134411886149309,0.0649664882191051,12.665242372277472,0.8056904445396972,0.0029366475053869,5.602644049088139e-07,0.00011150146260618135,0.9670296909524295,0.0030716933734411,0.0028016016373336,5.606593445602509e-07,5.602644049089856e-07,3.9493965126521573e-10,0.002927314287112877,0.003683353129705191,7.128684279773633e-07,1.4531369291558891e-08,0.0023565405124262003
240,16.874633163704566,-2.1426455861498725,0.0642598903903709,12.729855561582209,0.8098007669231053,0.0050258370998442,1.6231430488571398e-06,0.0003230310945705778,0.9673527220470003,0.0051581421497598,0.0048935320499287,1.623517997311528e-06,1.6231430488571724e-06,3.749484543556762e-10,0.003683353129705191,0.0062061824041573805,1.605283855107119e-06,4.202963705259713e-08,0.0011007485726537
241,16.938017932160676,-2.150782573052449,0.0635499595015138,12.79376048652815,0.8138660335697722,0.0058642283945783,2.1854306571736007e-06,0.00043493520659929237,0.9677876572535996,0.0059942806225824,0.0057341761665742,2.18578894299083e-06,2.1854306571736007e-06,3.5828581722890085e-10,0.0062061824041573805,0.00414700829022055,1.725412490663097e-06,4.718966919920913e-08,-0.0039203956503511
242,17.000696388437717,-2.1588340782538653,0.0628369966248009,12.856953964591309,0.817886042025683,0.0016874937985402,1.7893685099851854e-07,3.561125858732077e-05,0.9678232685121869,0.0018137805162231,0.0015612070808582,1.7927089949078904e-07,1.789368509986139e-07,3.340484921751181e-10,0.00414700829022055,-0.00010920204538485064,3.5098109377548813e-07,9.083660782830428e-08,-0.0013208712976031998
243,17.062665114648542,-2.166804081946778,0.0621213003039541,12.919433113055685,0.8218606089088965,0.0001171496778329,8.525556460884042e-10,1.6967203459496362e-07,0.9678234381842216,0.000240335783255,-6.03642758906231e-06,1.1667820918038176e-09,8.525556460894062e-10,3.142264457144117e-10,-0.00010920204538485064,0.0017122381065039567,5.708335637632475e-08,5.123023780283903e-08,0.004104577223106062
244,17.12392341019462,-2.1746777501865555,0.0614031665659488,12.981195346490637,0.8257895697490689,0.003977964419226,9.716560449023643e-07,0.00019337489443825033,0.9680168130786597,0.004098540795517,0.0038573880429359,9.719536182080248e-07,9.71656044902584e-07,2.975733054407992e-10,0.0017122381065039567,0.005506878393212324,8.736965694746687e-07,9.167647669819297e-08,0.0019324329839461
245,17.18446973201757,-2.1824491151754613,0.060682888521642,13.042238374034433,0.82967277881465,0.0056712775770787,1.9517673707850417e-06,0.0003884325232922353,0.968405245601952,0.005789821026882,0.005552734127275,1.952051620549646e-06,1.9517673707849045e-06,2.84249764742107e-10,0.005506878393212324,0.005195108313831328,1.7380325622347608e-06,6.253176382864057e-09,-0.001018479637437
246,17.244300924848723,-2.190127046282328,0.0599607563969978,13.102560196493751,0.8335101089283692,0.0044187692582012,1.1707650536091878e-06,0.0002330007309082489,0.9686382463328602,0.004534254489838,0.0043032840265644,1.1710316159218436e-06,1.1707650536091874e-06,2.6656231265601435e-10,0.005195108313831328,0.003991792304395477,1.27239422472061e-06,6.553798095550936e-09,-0.0005505280262339003
247,17.30341473870172,-2.1977156366198853,0.0592370572145865,13.162159103299544,0.8373014512735851,0.0036398186624914,7.847891141835858e-07,0.00015618542477836196,0.9687944317576386,0.0037527560003305,0.0035268813246533,7.850409672910644e-07,7.847891141838015e-07,2.518531072630212e-10,0.003991792304395477,0.003010475674404824,7.30877933024845e-07,3.95651121812797e-09,-0.0008337586408586999
248,17.36180981030282,-2.2052143117664613,0.0585120747265875,13.221033669270131,0.8410467151883724,0.00258299003426,3.903830553634139e-07,7.769239178558022e-05,0.9688721241494243,0.0026931226837946,0.0024728573847253,3.90619623591949e-07,3.9038305536339884e-07,2.365682285502413e-10,0.003010475674404824,0.0026417615147317406,4.6799569304899493e-07,3.5661891825019833e-09,0.0017159697777003
249,17.41948548882761,-2.2126191636520165,0.0577860891942798,13.279182751230566,0.8447458279504642,0.0040814280709927,9.626038577359656e-07,0.00019157336626691733,0.9690636975156911,0.0041888271624256,0.0039740289795607,9.628260368670747e-07,9.62603857736178e-07,2.221791308970821e-10,0.0026417615147317406,0.006404768019321982,1.2504876367982538e-06,8.747641868775963e-08,0.0031553866330944003
250,17.47644174317666,-2.219923638810394,0.0570593772960187,13.336605484475715,0.8483987345522547,0.007022809370777,2.8141600125412107e-06,0.0005600622753416658,0.9696237597910327,0.0071294156126551,0.0069162031288985,2.81437617040522e-06,2.8141600125410502e-06,2.1615786416944292e-10,0.006404768019321982,0.005008873313881675,1.867563630043819e-06,1.0546785150445565e-07,-0.0043939494421967994
251,17.532676722849267,-2.227137523999473,0.0563322119534036,13.393301279100427,0.8520053974673444,0.0024195435992077,3.297795410977565e-07,6.563133557624424e-05,0.9696893911266089,0.0025222536867017,0.0023168335117141,3.2997763073123383e-07,3.2977954109781103e-07,1.9808963342284563e-10,0.005008873313881675,0.0019414972073550014,7.244873917937733e-07,1.0122590332864946e-07,0.0007095136502304001
252,17.58818960554111,-2.2342647249272263,0.0556048621387985,13.44926981614653,0.8555657964054344,0.0029255857050633,4.759248907999272e-07,9.471656765972106e-05,0.9697841076942687,0.0030263471619445,0.002824824248183,4.761130738010685e-07,4.759248908000736e-07,1.8818300099493322e-10,0.0019414972073550014,0.0032358697587633743,3.803872384207563e-07,1.66802563209443e-08,0.0004611773671992
253,17.642981332526823,-2.241297496063771,0.0548775928746631,13.50451104365326,0.8590799280610778,0.0031875372111207,5.575779364181187e-07,0.00011096681295981182,0.9698950745072286,0.0032860016153822,0.0030890728068604,5.577552868761722e-07,5.575779364183286e-07,1.7735045784365729e-10,0.0032358697587633743,0.003455577685274762,6.145132405269071e-07,2.167033075044833e-09,0.0009470627851132
254,17.69705215130042,-2.248235565513581,0.054150664978751,13.559025172579965,0.8625478058543042,0.0039397971769407,8.405267190238965e-07,0.00016727808818408287,0.9700623525954126,0.0040361355919736,0.0038434587619082,8.406942447595332e-07,8.405267190239816e-07,1.6752573555137281e-10,0.003455577685274762,0.004312529604010901,8.202239092098321e-07,5.139839457254887e-09,0.0008321065614648997
255,17.75040259157973,-2.255078494416078,0.0534243350078633,13.612812672573273,0.8659694596613522,0.0045813173940789,1.1212950026462222e-06,0.00022315540968269158,0.9702855080050953,0.0046755653233731,0.0044870694647834,1.1214531862639422e-06,1.1212950026459037e-06,1.5818361803841918e-10,0.004312529604010901,0.004850695599607539,1.1227289218239005e-06,2.350842126061365e-09,0.0006725335712753997
256,17.803033309430177,-2.261826857822688,0.0526988551272346,13.66587426764082,0.8693449355394557,0.0050673829217254,1.3532206834271756e-06,0.0002693122820387348,0.970554820287134,0.0051596030360588,0.0049751628073911,1.3533700767673942e-06,1.3532206834269355e-06,1.4939334045908193e-10,0.004850695599607539,0.005223747135324229,1.337770787049645e-06,1.4128286373946953e-09,0.00035195484883969973
257,17.854945173416255,-2.2684815390789623,0.0519744730016424,13.71821093170526,0.8726742954440163,0.0052368900259459,1.4254008131126976e-06,0.0002836772675001071,0.9708384975546341,0.0053271176562308,0.0051466623956619,1.4255418549455864e-06,1.4254008131129426e-06,1.4104183264408404e-10,0.005223747135324229,0.00516251837111344,1.4016964546205979e-06,1.610833772581868e-10,-7.165504247869971e-05
258,17.906139251574174,-2.275043795672913,0.0512514316939248,13.769823884053043,0.8759576169390801,0.004986793050346,1.2745259810224273e-06,0.0002536507937474775,0.9710921483483816,0.0050750073531832,0.0048985787475093,1.27465892319135e-06,1.2745259810225547e-06,1.329421687949505e-10,0.00516251837111344,0.004796226221336368,1.2713086398881324e-06,1.5678230005227974e-10,-0.0002888169406447998
259,17.95661687529652,-2.2815147240331903,0.0505299695670881,13.82071458468355,0.8791949929014761,0.0045235073611326,1.0339502425776776e-06,0.0002057724233403524,0.971297920771722,0.0046097618068645,0.0044372529153997,1.0340755540286494e-06,1.033950242577449e-06,1.2531145120035526e-10,0.004796226221336368,0.004183191406211884,1.0201395947615883e-06,8.748893300912477e-10,-0.0004896322976208995
260,18.00637965509612,-2.287895098904409,0.0498103201940987,13.870884729564146,0.8823865312189698,0.0038633387986096,7.434382891950067e-07,0.00014795595771637858,0.9714458767294384,0.0039476206177788,0.0037790569794403,7.435562304869345e-07,7.434382891949875e-07,1.179412919468723e-10,0.004183191406211884,0.0036342212645503985,7.622522728218019e-07,7.031875175398292e-10,-0.00023700218988629987
261,18.055429515016407,-2.294185067064012,0.0490927122721064,13.920336245797248,0.8855323544828199,0.0034596323711093,5.875934294081481e-07,0.00011694036998023071,0.9715628170994185,0.003542054789554,0.0033772099526646,5.877045991197167e-07,5.875934294081482e-07,1.1116971156855486e-10,0.0036342212645503985,0.003247768454854151,5.818905726434785e-07,2.1796499692602294e-10,-0.00012769492400770003
262,18.10376865671933,-2.3003843889398743,0.0483773695443159,13.969071286705459,0.8886325996751222,0.0031689668427623,4.85822518189613e-07,9.668635178416598e-05,0.9716595034512027,0.0032495150286569,0.0030884186568686,4.859271424795884e-07,4.85822518189751e-07,1.0462428983737494e-10,0.003247768454854151,0.0032610935159875323,5.123809676725115e-07,4.760021630068501e-10,0.00044071992615399985
263,18.151399550202385,-2.3064924718765525,0.0476645107265445,14.017092226840889,0.8916874178513314,0.0034503202655158,5.674321743755258e-07,0.0001129279619021564,0.9717724314131048,0.0035291385830226,0.0033715019480107,5.675308768875535e-07,5.674321743758054e-07,9.870251174808964e-11,0.0032610935159875323,0.003558850092672994,5.545906888333129e-07,9.013317554011344e-10,0.0004572243753179
264,18.19832486043668,-2.312508902200604,0.046954349439435,14.064401656923879,0.8946969738182915,0.0037516719006583,6.608844427993187e-07,0.000131526438838799,0.9719039578519435,0.0038287263233286,0.0036746174779881,6.60977371467864e-07,6.608844427993363e-07,9.292866852761006e-11,0.003558850092672994,0.004106105670078097,6.908320231263511e-07,2.231377630659258e-09,0.0008539602445627003
265,18.24454742778444,-2.318433557326513,0.0462470941492327,14.111002378718213,0.897661445808226,0.0044530914060391,9.17080943924687e-07,0.00018251358765599733,0.9720864714395995,0.0045285777225508,0.0043776050895275,9.171687854083829e-07,9.170809439247073e-07,8.784148367523208e-11,0.004106105670078097,0.004620378779802022,8.814660279967252e-07,2.0789086347621736e-09,0.00043675946547680044
266,18.29007022638436,-2.324266890145328,0.045542948108953,14.156897399847306,0.9005810251489733,0.0047405442675603,1.0234757403907193e-06,0.00020368783202295897,0.9722901592716224,0.0048143645550043,0.0046667239801172,1.0235584681669342e-06,1.023475740390914e-06,8.272777602048817e-11,0.004620378779802022,0.00499064498576866,1.0522410880604943e-06,1.2102162744584763e-09,0.0005298806396680997
267,18.334896380418225,-2.330009760976673,0.0448421093125989,14.202089928558081,0.9034559159308944,0.0051242420764488,1.177457687543177e-06,0.00023433267073128477,0.9725244919423537,0.0051966046197853,0.0050518795331123,1.1775359570186972e-06,1.177457687543177e-06,7.82694755200809e-11,0.00499064498576866,0.005002849231053678,1.1195950986796426e-06,8.209335298535635e-10,-0.00020317542664340018
268,18.37902916409949,-2.335663396696411,0.0441447704477038,14.246583368438234,0.9062863346708158,0.0047779862458438,1.007787699518393e-06,0.0002005656641904788,0.9727250576065442,0.0048487041064689,0.0047072683852173,1.007861289083099e-06,1.0077876995180977e-06,7.358956500118946e-11,0.005002849231053678,0.004707800871184453,1.0409970708030129e-06,3.5084914326239866e-10,-0.00014288337086299993
269,18.42247203806073,-2.34122906447402,0.0434511188588395,14.290381313091505,0.9090725099733002,0.0044951177952407,8.779769572554312e-07,0.0001747312768949482,0.9728997888834391,0.0045643850143543,0.004425850576128,8.780464493200545e-07,8.779769572556068e-07,6.949206444785205e-11,0.004707800871184453,0.003981330999371227,8.220618434897764e-07,2.2364958015274376e-09,-0.0005707344212315998
270,18.465228698135917,-2.346707648612216,0.0427613365146592,14.333487540778254,0.9118146821897108,0.0037875631215158,6.134385000718584e-07,0.00012208394711080503,0.97302187283055,0.0038551161548964,0.0037200100881356,6.135035459418643e-07,6.134385000719233e-07,6.504586994111439e-11,0.003981330999371227,0.0042252313317521755,7.201810247464232e-07,4.774233558737351e-09,0.0006653866097590003
271,18.507303188179044,-2.352098727861275,0.0420755999795935,14.37590600902538,0.9145131030753251,0.0043189157649565,7.848375711044181e-07,0.00015619506847069516,0.9731780678990207,0.0043853966978946,0.0042524348320188,7.848995584834849e-07,7.848375711044908e-07,6.198737899404307e-11,0.0042252313317521755,0.003417583304595107,6.167236047093181e-07,1.2010400321832757e-08,-0.0011898512464112998
272,18.548699521678916,-2.357403485756847,0.0413940803919064,14.41764084921113,0.917168035444851,0.0029981225836764,3.7208058589517474e-07,7.404991138323198e-05,0.973252117810404,0.0030625835856075,0.0029336615817452,3.72137919742695e-07,3.7208058589516235e-07,5.7333847532720944e-11,0.003417583304595107,0.004083657847694639,5.83827324712954e-07,2.5619687202457544e-08,0.0024496044804051998
273,18.589422207841032,-2.3626205619205978,0.0407169434519822,14.458696361133075,0.9197797528268729,0.0053194288968507,1.152139815601451e-06,0.00022929401447033975,0.9734814118248744,0.0053832660621504,0.005255591731551,1.1521951252758479e-06,1.152139815601451e-06,5.530967439679659e-11,0.004083657847694639,0.005155662464452924,8.72850180136165e-07,2.4821540940376876e-08,-0.0008166027828914995
274,18.629475727260385,-2.3677501025424466,0.0400443493965113,14.499077007557322,0.9223485391171032,0.0043769588607059,7.671603902202882e-07,0.0001526770303692825,0.9736340888552437,0.0044389889486595,0.0043149287727527,7.672117501927066e-07,7.671603902203585e-07,5.135997234801311e-11,0.005155662464452924,0.004406233876438312,9.171865508760278e-07,7.84059684730456e-09,0.0012023717072117994
275,18.668864480411383,-2.37279411755058,0.0393764530120607,14.538787408761609,0.924874688231246,0.0054564653777715,1.1723557032900348e-06,0.00023331729530954684,0.9738674061505533,0.0055173004799645,0.0053956302755794,1.1724042795219884e-06,1.1723557032902283e-06,4.857623176025113e-11,0.004406233876438312,0.00670322626908512,1.2322745735813992e-06,1.957600414540689e-08,0.0013094256628930004
276,18.70759348163976,-2.3777510207306407,0.03871340361799,14.577832337076634,0.9273585037577463,0.0066447014927873,1.7092764391412087e-06,0.00034017299919945714,0.9742075791497529,0.0067050559384724,0.0065843470471017,1.709323445718588e-06,1.7092764391410804e-06,4.700657750749493e-11,0.00670322626908512,0.005058119655391718,1.3475301836444321e-06,3.009535980680827e-08,-0.0020816428028585
277,18.74566717806561,-2.3826248108461554,0.0380553450782308,14.616216711424745,0.9298002986103739,0.0044449528803272,7.518825183722237e-07,0.00014963649264879988,0.9743572156424016,0.0045027042442432,0.0043872015164112,7.519248260219942e-07,7.518825183722237e-07,4.2307649770574123e-11,0.005058119655391718,0.006383470276120517,1.251026640536037e-06,6.852922406228397e-08,0.0033930377600666006
278,18.78309084549956,-2.3874141243447493,0.0374024158067738,14.653945591867247,0.9322003946813533,0.0077216765718813,2.230092452381141e-06,0.0004438236090118443,0.9748010392514135,0.0077802392764778,0.0076631138672839,2.230135210702566e-06,2.230092452380881e-06,4.275832168492899e-11,0.006383470276120517,0.005829305894775547,1.3956175468051302e-06,9.818410240199873e-08,-0.0038622063413793002
279,18.819869425834423,-2.3921212762646578,0.0367547487807908,14.69102417416103,0.9345591224950878,0.0037453716712208,5.155885941073911e-07,0.0001026102708691542,0.9749036495222826,0.0038009075259046,0.003689835816538,5.15626380821295e-07,5.155885941075287e-07,3.778671376626165e-11,0.005829305894775547,0.004786665149325545,1.0388840722373583e-06,9.240439544826466e-08,0.0024709013087398
280,18.856008075461133,-2.396747932425008,0.0361124715500677,14.727457784326457,0.9368768208625996,0.0061047718785584,1.3458482454986916e-06,0.0002678450504873514,0.97517149457277,0.0061607371252778,0.006048806631838,1.3458859482289348e-06,1.3458482454984714e-06,3.7702730463785554e-11,0.004786665149325545,0.004499802286260679,7.788187828810044e-07,7.723171723042047e-08,-0.0034168103441021
281,18.891512275026216,-2.401294206101064,0.0354757062846608,14.763251873243822,0.9391538365377872,0.0025783728472255,2.3584272736705632e-07,4.6936426473028576e-05,0.975218430999243,0.0026319962877359,0.002524749406716,2.358767305167316e-07,2.3584272736713861e-07,3.40031495929464e-11,0.004499802286260679,0.003341488941856654,5.492799216293671e-07,6.718239926353313e-08,0.0026448404528021004
282,18.926387560468317,-2.405760722120152,0.0348445697661768,14.798412011269242,0.941390523874919,0.0051160639067767,9.120255984162196e-07,0.00018150749408082998,0.9753999384933238,0.0051695898595181,0.0050625379540358,9.120588753012011e-07,9.120255984163087e-07,3.327688489242613e-11,0.003341488941856654,0.005154036263003126,6.382571987939974e-07,3.697074781730579e-08,-0.0010426931755681
283,18.960639857869644,-2.410145956255877,0.0342191734449483,14.832943882874805,0.9435872444876703,0.003967582851206,5.386684307771485e-07,0.0001072035227745801,0.9755071420160984,0.0040198447784677,0.0039153209239452,5.3869958515654e-07,5.386684307772707e-07,3.11543792692647e-11,0.005154036263003126,0.003322108503242175,6.241892326850573e-07,1.1012583481684792e-08,5.38438773586003e-05
284,18.99427460911442,-2.414453021640239,0.0335996234634425,14.866853281329,0.9457443669107227,0.0039181273363384,5.158120727939243e-07,0.00010265474665628512,0.9756097967627548,0.0039691648013038,0.003867089871373,5.158412464826843e-07,5.158120727939243e-07,2.917368876005057e-11,0.003322108503242175,0.005214398965377023,6.221436268431191e-07,1.525578373986508e-08,0.0025963653462134
285,19.02729806758339,-2.418679508102796,0.0329860206997236,14.900146103410583,0.9478622662634903,0.0064125300316387,1.3564030300241998e-06,0.0002699456192576961,0.9758797423820125,0.0064634552175864,0.0063616048456915,1.3564315450599867e-06,1.3564030300243052e-06,2.8515035681020505e-11,0.005214398965377023,0.006774066912109069,1.1919017709388204e-06,1.3360197719351982e-08,-0.00023567150934460015
286,19.05971614320149,-2.42282646283773,0.0323784607988675,14.932828344159878,0.9499413239162274,0.0060759044403106,1.195303164085654e-06,0.00023788420232593308,0.9761176265843384,0.0061259333363469,0.0060258755442747,1.1953301773323826e-06,1.195303164085733e-06,2.7013246649925328e-11,0.006774066912109069,0.005161699064262013,1.160193799189532e-06,6.548827855956531e-09,-0.0005809890150398995
287,19.09153452546613,-2.4268973884760974,0.0317770342339511,14.964906091676287,0.9519819271590756,0.0053962557773831,9.253337766157186e-07,0.00018415603166570358,0.9763017826160041,0.0054448865292348,0.005347625025531,9.253588269816261e-07,9.253337766156503e-07,2.50503659758839e-11,0.005161699064262013,0.007014664061825875,1.1869382618905222e-06,2.528530105194912e-08,0.0023945356515069002
288,19.122759613183256,-2.4308909363484275,0.0311818263459333,14.996385521966229,0.9539844688743194,0.0076927021369588,1.8452677100072679e-06,0.0003672374092715317,0.9766690200252757,0.0077421606770379,0.0076432435968797,1.8452931351195326e-06,1.8452677100072679e-06,2.5425112264672327e-11,0.007014664061825875,0.005989109920921383,1.320930178538467e-06,4.644830502044392e-08,-0.0037409291873267
289,19.15339729558857,-2.434810394107311,0.0305929174013198,15.027272893839857,0.9559493472117446,0.0038550268692521,4.546484480339615e-07,9.048221961498315e-05,0.9767595022448905,0.003902314409553,0.0038077393289503,4.546712510916664e-07,4.546484480338553e-07,2.2803057811025057e-11,0.005989109920921383,0.0037476001076671545,7.378882493132677e-07,4.3164913391988384e-08,0.0013233161592945005
290,19.18345374514477,-2.4386574491988475,0.0300103826368321,15.057574543858932,0.95787696526725,0.005083787953107,7.756153367748409e-07,0.00015435969822901052,0.9769138619431196,0.0051310554882448,0.0050365204179684,7.75637686705864e-07,7.75615336774719e-07,2.234993114494193e-11,0.0037476001076671545,0.005798741836032444,6.942529791949906e-07,1.44092947390993e-08,0.0003751819201260999
291,19.21293573662309,-2.442429653346996,0.0294342923390162,15.087296881346855,0.9597677307654153,0.005364666640965,8.471085776110389e-07,0.0001685879819640614,0.9770824499250838,0.0054117023380945,0.0053176309438356,8.471302839967014e-07,8.471085776110547e-07,2.1706385646830587e-11,0.005798741836032444,0.00439980507477759,7.701681304795351e-07,6.2495775988511734e-09,-0.0018094641343071004
292,19.241849390049893,-2.4461302096873023,0.0288647118913811,15.116446383462055,0.9616220557460974,0.0034620636144647,3.459691020072589e-07,6.88533138146354e-05,0.9771513032388984,0.0035081668095285,0.0034159604194014,3.4598955269989565e-07,3.459691020073089e-07,2.045069258681231e-11,0.00439980507477759,0.003109881247523327,4.109615026277315e-07,5.9248800029793564e-09,0.0009606963709938004
293,19.27020124801274,-2.449759515985404,0.0283017018373426,15.145029590326416,0.9634403562545286,0.0043314083242821,5.309710037652721e-07,0.0001056716132643405,0.9772569748521628,0.0043766567903952,0.0042861598581693,5.309903189568703e-07,5.30971003765309e-07,1.9315191561283735e-11,0.003109881247523327,0.006534671285885291,6.85800630274143e-07,3.596358225741711e-08,0.004359723280648701
294,19.29799842267286,-2.453313974916208,0.0277453179674612,15.173053100228818,0.9652230520361941,0.0085994473749777,2.051780001926975e-06,0.00040833661599152615,0.9776653114681544,0.008645883138818,0.0085530116111378,2.051799944153324e-06,2.05178000192707e-06,1.9942226253613123e-11,0.006534671285885291,0.00948041103909912,1.7991127008187964e-06,3.10687309709455e-08,-0.0006504710504295994
295,19.325247355835398,-2.4567956512449256,0.0271956113572166,15.200523564891157,0.966970566235682,0.0078562391033624,1.6785265363027215e-06,0.00033405328302357887,0.977999364751178,0.0079025405607082,0.0078099376460171,1.6785459705129022e-06,1.678526536302828e-06,1.9434210073748717e-11,0.00948041103909912,0.004915792578350886,1.456297288264516e-06,5.710321310706561e-08,-0.0038583323130861004
296,19.351953957995384,-2.460211149348636,0.0266526284775941,15.227447684808563,0.9686833251002559,0.0039078382749853,4.070176195656697e-07,8.100293270539792e-05,0.9780803676838834,0.003951605332931,0.0038640712170404,4.070346377608764e-07,4.0701761956575315e-07,1.701819512332904e-11,0.004915792578350886,0.006231893506087709,8.318836985383298e-07,7.835218439065018e-08,0.0070129861538106
297,19.37812557965773,-2.4635561584001096,0.0261164112502987,15.25383220467251,0.970361757688698,0.0108308045728032,3.06362029632546e-06,0.0006097088105496697,0.9786900764944331,0.010877057370851,0.0107845517747549,3.063638920123845e-06,3.063620296325319e-06,1.8623798526537943e-11,0.006231893506087709,0.014258019809396639,2.88135476351701e-06,1.5241275848068468e-07,0.0011173136748045993
298,19.403769372194112,-2.466828239108517,0.0255869970844283,15.279683908839871,0.9720062955830775,0.0118535490208696,3.595142588613851e-06,0.0007154901389344199,0.9794055666333675,0.0119018654495595,0.0118052325921798,3.5951624993683466e-06,3.595142588613883e-06,1.991075446378162e-11,0.014258019809396639,0.004743526274209789,2.502625480088268e-06,3.3076046185926904e-07,-0.012751261747328801
299,19.428890455720616,-2.47004111705908,0.0250644190979273,15.305009616931049,0.9736173726087274,-0.000990305769761,2.4580814105325702e-08,4.891970114075957e-06,0.9794104586034816,-0.000946029155149,-0.0010345823843725,2.459719302312489e-08,2.4580814105313288e-08,1.6378917811600967e-11,0.004743526274209789,-0.00040109474535517673,1.7344005749820007e-07,3.0391953788482237e-07,0.0059763067443258
300,19.453496028030003,-2.4731925201938494,0.024548705967719,15.329816179463872,0.975195424556499,0.004896120189665,5.88481405448223e-07,0.00011711709123248252,0.9795275756947143,0.0049417243599533,0.0048505160193762,5.884984237595911e-07,5.884814054481628e-07,1.7018311428353872e-11,-0.00040109474535517673,0.008433482449778299,5.556344103484439e-07,1.8198956449927048e-07,0.003495583798941199
301,19.477594229441586,-2.47627300880097,0.0240398822403697,15.354110473567916,0.9767408889101311,0.0082978922914579,1.6552664878532152e-06,0.00032942416612861443,0.9798569998608428,0.0083460998183174,0.0082496847645983,1.6552851104733473e-06,1.6552664878531944e-06,1.862262015281405e-11,0.008433482449778299,0.006213218055643122,1.2991694884068467e-06,3.186791345724112e-08,-0.0058702896741311
302,19.501190966514194,-2.479290781528296,0.0235379682927284,15.377899398834465,0.9782542045822481,0.0023320083781638,1.2800566384631174e-07,2.5475148190186965e-05,0.979882475009033,0.0023793950904672,0.0022846216658608,1.2802328201954655e-07,1.2800566384633368e-07,1.7618173212904375e-11,0.006213218055643122,-0.0013124872335248993,2.5242063819284713e-07,1.0864115801064713e-07,-0.0017149605870495997
303,19.52429270591493,-2.482249806914369,0.023042980414043,15.401189873187851,0.9797358116517183,0.0005237012222371,6.319836249985229e-09,1.2577471978067326e-06,0.9798837327562309,0.0005696610788112,0.0004777413656634,6.336060877145078e-09,6.319836249990056e-09,1.6224627155022793e-11,-0.0013124872335248993,0.007674617701075401,3.8827070086018337e-07,3.2100348470754183e-07,0.0132901584213818
304,19.546907746815663,-2.485139832372365,0.0225549309972261,15.423988828893485,0.9811861511097076,0.013714253161966,4.24214810788184e-06,0.0008442544528557979,0.9807279872090866,0.0137678997870452,0.0136606065368869,4.242169745281149e-06,4.24214810788187e-06,2.1637399279132127e-11,0.007674617701075401,0.01306483702683258,2.4799699445527362e-06,3.0910194350143095e-07,-0.0056684234072644
305,19.569042683753423,-2.487964031219044,0.0220738284591187,15.446303208621657,0.9826056646092812,0.0079412838238375,1.3920636700731725e-06,0.0002770426496742192,0.9810050298587607,0.0079921831296225,0.0078903845180515,1.3920827325848437e-06,1.3920636700729966e-06,1.9062511846826742e-11,0.01306483702683258,0.005188671643245729,1.9528085415276657e-06,1.422011898597684e-07,-0.0006290977950319998
306,19.59070338960261,-2.490731268599813,0.0215996775016966,15.468139961602066,0.983994794220776,0.0072086401244509,1.122416278326369e-06,0.0002233785612468918,0.9812284084200076,0.0072612867230195,0.0071559935258823,1.1224362340116706e-06,1.122416278326369e-06,1.9955685301722706e-11,0.005188671643245729,0.011639256562468928,1.6040416385379236e-06,1.0874215186849664e-07,0.003575149224301101
307,19.61189741384136,-2.493437305278415,0.0211324790867408,15.489506039896284,0.9853539821946767,0.0106723857848432,2.406985529064683e-06,0.0004790281242412787,0.9817074365442489,0.0107311427501834,0.0106136288195034,2.4070098481876984e-06,2.406985529064774e-06,2.4319122924687377e-11,0.011639256562468928,0.0017510791059987068,1.119456663697781e-06,5.023983050734231e-07,-0.0148502389684494
308,19.63263070596987,-2.4960904117651146,0.0206722306035763,15.510408394741443,0.9866836707290222,-0.004292560738764,3.809081272506738e-07,7.58067314912574e-05,0.9817832432757402,-0.004236610148946,-0.0043485113285816,3.8092969850622143e-07,3.8090812725063834e-07,2.1571255583023605e-11,0.0017510791059987068,0.0008675107229996619,3.67823258691004e-08,6.497366686572423e-07,0.019088893542421298
309,19.65291116714011,-2.4986835696210417,0.0202189259002585,15.53085397299336,0.9879843017431363,0.0146769830126296,4.355436273798523e-06,0.0008668005865830295,0.9826500438623231,0.0147403822138397,0.0146135838114195,4.355463363511156e-06,4.355436273798523e-06,2.708971263303495e-11,0.0008675107229996619,0.025571465949132226,4.561632084807464e-06,1.0818099480030396e-06,0.005377880927693198
310,19.67274699802384,-2.501207346220164,0.0197725553189971,15.550849713602988,0.9892563166534816,0.019917177178986,7.843653007401456e-06,0.0015610107921151582,0.9842110546544383,0.0199914647391127,0.0198428896188602,7.843689379950515e-06,7.843653007401812e-06,3.637254870477466e-11,0.025571465949132226,0.00045842401681575905,4.388403955773799e-06,1.9688757823441367e-06,-0.0384765874689819
311,19.69214141809532,-2.503691153895309,0.0193331061570721,15.570402544341022,0.9905001561652952,-0.0187130223992902,6.770013122833785e-06,0.0013473395033580028,0.9855583941577963,-0.0186336978501217,-0.018792346948459,6.770053673277159e-06,6.7700131228338924e-06,4.055044326734158e-11,0.00045842401681575905,-0.023033263161421933,3.352246951035534e-06,1.9431472907240653e-06,0.008600898585984701
312,19.711101515500097,-2.506134110136782,0.0189005620388701,15.589519378438993,0.9917162600589167,-0.0102702439770201,1.9935918071541976e-06,0.0003967562464968159,0.9859551504042932,-0.0101914483624743,-0.0103490395915658,1.993630923435256e-06,1.993591807154178e-06,3.911628107741468e-11,-0.023033263161421933,0.004481481421596537,2.818651821134212e-06,1.2247926879624109e-06,0.0292603139808765
313,19.72963827750621,-2.508504685589408,0.018474903859287,15.608207111388072,0.9929050669861446,0.0188189057466625,6.5429096210949665e-06,0.0013021423207688553,0.9872572927250619,0.0189112743893107,0.0187265371040143,6.542962163513051e-06,6.5429096210949665e-06,5.2542418084496383e-11,0.004481481421596537,0.03037938409898022,6.645640302554367e-06,1.0829963920267454e-06,0.015555338732802702
314,19.747758835973244,-2.510801213165127,0.0180561092135117,15.626472617924474,0.9940670142784654,0.03414689544894,2.1053612368765928e-05,0.004190001277420187,0.9914472940024821,0.034281875836817,0.0340119150610639,2.1053722027761595e-05,2.1053612368766487e-05,1.0965899510922701e-10,0.03037938409898022,0.03273512925239416,1.7989715277848415e-05,1.3146213653379413e-07,-0.0107051260911573
315,19.76546760685829,-2.5130432186482934,0.0176441528503814,15.64432274895642,0.9952025377515653,0.0231548118025784,9.459829792823728e-06,0.0018826554902716818,0.9933299494927538,0.0233067889699066,0.0230028346352501,9.459965635505771e-06,9.459829792823685e-06,1.3584268208531919e-10,0.03273512925239416,0.0107529538423532,9.052709248335466e-06,7.260988557474555e-07,-0.0264384085528637
316,19.782769019776573,-2.515249954046848,0.0172390066314474,15.661764328697334,0.9963120715229593,-0.0035880884269558,2.2194149736564204e-07,4.4169862215863434e-05,0.9933741193549696,-0.0034355739176136,-0.0037406029362981,2.220751610123913e-07,2.219414973656482e-07,1.3366364674306237e-10,0.0107529538423532,-0.01669203290638513,1.2340906037153872e-06,1.0647507790620028e-06,-0.0157173525709879
317,19.799669612034634,-2.517423777653497,0.0168406396573399,15.678804151841728,0.9973960478323377,-0.0199459524943366,6.699897273991773e-06,0.001333385342377473,0.994707504697347,-0.019457955507286,-0.0204339494813885,6.701234089915039e-06,6.699897273992208e-06,1.3368159228286098e-09,-0.01669203290638513,-0.013974358832381878,3.9697155754233205e-06,3.774737707483065e-07,0.0262691842426101
318,19.816178968955825,-2.519543057459498,0.0164490183589497,15.695448980849875,0.9984548968688327,0.0067993545471311,7.604582236718207e-07,0.0001513431934054547,0.9948588478907524,0.0058352347612216,0.0077634743330407,7.655548256905673e-07,7.604582236718319e-07,5.096602018735199e-09,-0.013974358832381878,0.0313241237409503,4.050564671861633e-06,2.6362145891707747e-06,0.042204729726809505
319,19.83230672776705,-2.521585341663071,0.0160641066022096,15.711705543330453,0.9994890466045167,0.0401012741267515,2.5832885593675967e-05,0.005141152109247103,0.9999999999999994,0.0499682040598502,0.0302343441936523,2.6354199621300923e-05,2.5832885593675652e-05,5.213140276252719e-07,0.0313241237409503,0.03955638435310225,2.0267426542837225e-05,1.3959778152235084e-06,
