Station section hydrodynamics: example_station_hull.yml                         
          52
  0.521926165               1   0.00000000    
       (26.2620392,-2.431978285E-02)   (1.868376239E-05,1.370142400E-06)       (30.2835770,-3.246478736E-02) (-3.933321204E-05,-2.238159823E-06)            (885.004272,-675.355591)  (-1.905743738E-05,3.131087215E-05)       (30.3110657,-3.249044344E-02)  (-6.078451042E-05,2.989399491E-06)       (40.1267090,-4.337251559E-02)
 (-4.583749615E-05,-5.106896424E-06)            (-881.279541,672.555664)  (-1.215690136E-04,6.302655675E-05)
        (3.051757812E-04,0.00000000)             (16501.4316,0.00000000)             (0.00000000,0.00000000)
  0.639226437               1   0.00000000    
       (39.6050186,-8.131103218E-02) (-8.420886297E-05,-4.424016515E-05)           (45.7159348,-0.108606167)  (-7.236699457E-05,1.587497172E-05)            (1178.39099,-973.559753)  (-4.461201388E-05,1.327204973E-05)           (45.7575302,-0.108694039)  (-4.942694432E-05,1.568237494E-04)           (60.5892105,-0.145182535)
 (-5.858008080E-05,-1.678075205E-05)            (-1170.95239,967.518250)  (1.458399929E-04,-5.186777707E-05)
       (-3.051757812E-05,0.00000000)             (16467.1426,0.00000000)       (-2.441406250E-04,0.00000000)
  0.738115072               1   0.00000000    
           (53.0946693,-0.190895587)   (1.292957168E-04,7.433623250E-05)           (61.3496132,-0.255129218)  (-5.106211756E-05,1.614545181E-05)            (1434.81689,-1252.21497)  (1.383675408E-04,-2.936236706E-05)           (61.4053841,-0.255336761)  (-1.550139277E-04,4.157192234E-05)           (81.3284531,-0.341252238)
   (7.662620192E-05,5.249335663E-05)            (-1422.74341,1241.87988)   (4.329821095E-04,3.043910256E-04)
       (-1.831054688E-04,0.00000000)             (16432.9492,0.00000000)        (1.220703125E-04,0.00000000)
  0.825237751               1   0.00000000    
           (66.7317123,-0.368839294)   (1.848928514E-04,2.520885027E-05)           (77.1860275,-0.493231207)   (2.716352174E-04,1.986365760E-06)            (1663.61169,-1516.79175) (-2.267565578E-04,-6.862734153E-05)           (77.2563477,-0.493640661)  (-7.514650406E-06,1.733108729E-05)           (102.346863,-0.660124898)
  (-1.300846925E-04,5.987102486E-05)            (-1646.12378,1501.18005)   (3.985041985E-07,1.008354157E-04)
       (-2.746582031E-04,0.00000000)             (16398.8496,0.00000000)        (1.220703125E-04,0.00000000)
  0.918945849               1   0.00000000    
           (83.2874985,-0.694242477) (-3.289701453E-07,-5.263380899E-06)           (96.4532089,-0.929030061)   (6.250269507E-05,7.186439325E-05)            (1914.73889,-1815.34338)  (-2.398678189E-04,2.206783938E-05)           (96.5410767,-0.929810762)  (-2.147022606E-04,2.947495959E-04)            (127.932617,-1.24426615)
   (1.731434604E-04,1.026360187E-04)            (-1889.79028,1792.24097)  (2.105353815E-05,-2.649237285E-04)
             (0.00000000,0.00000000)             (16358.0527,0.00000000)       (-1.220703125E-04,0.00000000)
   1.04385233               1   0.00000000    
            (108.501389,-1.46117568)  (-2.839932313E-05,1.893288027E-05)            (125.879158,-1.95736921)  (-1.109815421E-04,7.068684681E-06)            (2250.64209,-2234.97485) (-1.495946635E-04,-1.444254885E-04)            (125.994209,-1.95903099)  (2.580850269E-04,-3.507564834E-04)            (167.037704,-2.62428904)
  (1.753782417E-04,-2.730320557E-04)            (-2212.83936,2198.43164)  (9.167498501E-05,-7.573151379E-05)
       (-9.155273438E-05,0.00000000)             (16297.1064,0.00000000)        (1.831054688E-04,0.00000000)
   1.16706240               1   0.00000000    
            (137.013733,-2.78655148)  (-1.654415391E-04,6.016056068E-05)            (159.264374,-3.73708272) (-5.199292209E-04,-1.719867942E-05)            (2586.44824,-2665.71558)  (-5.159603315E-04,1.681571011E-04)            (159.410446,-3.74034238) (-1.893943409E-04,-1.359183079E-04)            (211.446747,-5.01620436)
   (1.186499867E-04,6.316858344E-04)            (-2532.20337,2611.48511)  (3.353393986E-04,-4.400633043E-04)
       (-3.051757812E-05,0.00000000)             (16229.7412,0.00000000)             (0.00000000,0.00000000)
   1.31002426               1   0.00000000    
            (174.767059,-5.39725113)  (-2.288518299E-04,3.101380426E-04)            (203.627304,-7.24896669)   (3.913852197E-05,1.900845964E-04)            (2978.28247,-3179.71582)  (-1.774617849E-04,1.563195692E-04)            (203.814560,-7.25545597)  (-3.751670010E-05,4.289408680E-04)            (270.526764,-9.74469185)
   (2.476102090E-04,1.656987588E-04)            (-2899.68799,3098.70459)  (2.150957298E-04,-2.063418506E-04)
        (1.220703125E-04,0.00000000)             (16142.7109,0.00000000)             (0.00000000,0.00000000)
   1.47623014               1   0.00000000    
            (225.055984,-10.5591145)   (1.085097974E-04,5.245812354E-04)            (262.945496,-14.2087603)  (-2.560262219E-04,1.957050990E-04)            (3439.56055,-3791.44409)   (2.113386145E-04,6.623322406E-05)            (263.189056,-14.2218523) (-2.931172494E-04,-4.368574810E-05)            (349.640289,-19.1374760)
   (5.115460372E-04,4.343913461E-04)            (-3324.51611,3669.74048)   (1.719245483E-04,3.375076340E-04)
       (-2.136230469E-04,0.00000000)             (16029.8281,0.00000000)       (-4.272460938E-04,0.00000000)
   1.65047550               1   0.00000000    
            (285.001892,-19.4704685)  (4.096438352E-05,-3.563458158E-04)            (333.891083,-26.2578297)  (-7.518343045E-04,2.184110635E-04)            (3933.17578,-4433.69873)  (-5.557763507E-04,9.571485862E-05)            (334.201813,-26.2827587) (-5.577458069E-04,-6.760600372E-04)            (444.426758,-35.4449387)
  (-9.216985782E-04,5.700302427E-04)            (-3769.14941,4257.49707)  (-7.688699989E-04,9.805357549E-04)
        (7.629394531E-03,0.00000000)             (15898.6562,0.00000000)        (7.141113281E-03,0.00000000)
   1.80800533               1   0.00000000    
            (345.156769,-31.5938282)   (1.743191824E-04,6.644838722E-04)            (405.233246,-42.6994247)  (2.793852473E-04,-3.991218182E-05)            (4387.03662,-5020.35596)  (3.356937377E-04,-3.149824988E-05)            (405.613525,-42.7410393)   (1.363486284E-03,1.152922632E-03)            (539.912415,-57.7650261)
  (1.270286040E-03,-3.922180913E-04)            (-4167.98633,4783.11914)  (8.422548417E-04,-1.933043968E-04)
       (-7.415771484E-03,0.00000000)             (15768.7363,0.00000000)       (-7.385253906E-03,0.00000000)
   2.02141142               1   0.00000000    
            (434.133942,-55.7052841)  (-9.609660483E-04,1.360404131E-04)            (510.757202,-75.5252457)  (8.278202149E-04,-1.523941639E-03)            (5024.78857,-5796.24805)  (4.148748412E-04,-3.598798648E-04)            (511.239563,-75.6016998) (-5.094278604E-04,-7.815085701E-04)            (681.417664,-102.500755)
  (-1.742474618E-03,5.692469422E-04)            (-4712.18799,5458.44141)  (-1.802293817E-03,9.069357766E-04)
        (1.190185547E-02,0.00000000)             (15576.4688,0.00000000)        (1.153564453E-02,0.00000000)
   2.27502346               1   0.00000000    
            (547.713867,-97.4287109)  (2.758122864E-04,-1.181432162E-03)            (644.931396,-132.637482)   (8.741299098E-05,1.187675865E-03)            (5816.53809,-6706.72461)  (-1.091304468E-03,5.894944770E-04)            (645.549500,-132.775818)  (9.251657175E-04,-1.313908957E-03)            (861.721558,-180.758530)
  (-2.538776025E-03,9.110491956E-04)            (-5360.17920,6220.29004)  (-2.736405237E-03,4.191478074E-04)
        (8.453369141E-03,0.00000000)             (15325.0381,0.00000000)        (8.972167969E-03,0.00000000)
   2.55690575               1   0.00000000    
            (677.379639,-160.279861)   (5.162369343E-04,7.005201769E-04)            (796.289551,-219.278809)   (3.295128699E-04,3.127320815E-05)            (6759.13232,-7667.68994)  (2.887509763E-03,-8.585643372E-04)            (797.061035,-219.518021)   (2.023453591E-03,5.809190916E-04)            (1065.39099,-300.322327)
  (-1.309508807E-03,3.612438159E-04)            (-6092.99805,6980.15332) (-2.306590555E-03,-5.076939706E-04)
       (-4.486083984E-03,0.00000000)             (15018.4277,0.00000000)       (-5.065917969E-03,0.00000000)
   2.90596199               1   0.00000000    
            (834.225708,-256.620422)   (1.839193632E-03,3.467559582E-04)            (974.779053,-353.392334)  (-3.439818975E-04,5.652122782E-04)            (8026.64697,-8794.60547)   (4.969706759E-03,2.955748001E-03)            (975.726135,-353.794708)   (1.866934123E-03,3.567425534E-03)            (1305.33350,-487.211304)
  (-2.255994361E-03,2.885009162E-04)            (-7013.16895,7805.31055)  (-2.840624889E-03,1.952929422E-03)
        (5.493164062E-04,0.00000000)             (14602.9375,0.00000000)        (4.272460938E-04,0.00000000)
   3.25942779               1   0.00000000    
            (983.226685,-363.796570)   (1.808541274E-04,4.524074495E-03)            (1137.03674,-504.537598)   (4.800994880E-03,1.695750689E-04)            (9452.35059,-9839.69531)  (2.815880289E-04,-1.803095918E-03)            (1138.16138,-505.119751)  (-7.389735547E-04,9.608212858E-03)            (1522.05322,-700.533813)
 (-1.665024436E-03,-4.088469315E-03)            (-7966.02734,8491.16016) (-3.889335203E-04,-7.479969412E-03)
       (-6.103515625E-05,0.00000000)             (14147.0732,0.00000000)       (-9.765625000E-04,0.00000000)
   3.57814574               1   0.00000000    
            (1110.02930,-459.678009)  (1.840644982E-03,-1.479005907E-03)            (1267.95862,-641.727173)   (5.830630194E-03,2.671091817E-03)            (10871.7490,-10695.6035)   (2.812844003E-03,3.566009691E-03)            (1269.25439,-642.495483)  (3.020134987E-03,-1.584893209E-03)            (1694.64636,-896.945435)
 (-4.004982766E-03,-2.561787842E-04)            (-8834.27246,8982.74219)  (-3.537189448E-03,3.299583681E-03)
       (-7.324218750E-04,0.00000000)             (13710.4932,0.00000000)       (-7.934570312E-04,0.00000000)
   3.87070823               1   0.00000000    
            (1223.73657,-541.983337)   (2.453941852E-03,4.330540076E-03)            (1379.84436,-761.318909)  (-2.692730923E-04,2.662247280E-03)            (12308.9873,-11406.6143)   (9.837937541E-04,3.137054620E-03)            (1381.26038,-762.258911)   (3.708856180E-03,7.234809455E-03)            (1839.61597,-1070.73816)
 (-3.116963198E-03,-3.779984778E-03)            (-9642.24414,9331.63477) (-3.479766194E-03,-5.527719855E-03)
        (7.934570312E-04,0.00000000)             (13292.2598,0.00000000)        (1.220703125E-03,0.00000000)
   4.10965061               1   0.00000000    
            (1317.51343,-604.057739)  (5.585507024E-03,-1.828162582E-03)            (1469.01196,-852.871521)  (6.468204083E-04,-8.507232182E-03)            (13585.2861,-11945.4102)  (1.528290915E-03,-1.223221235E-02)            (1470.50830,-853.927246)  (7.622574922E-03,-3.138476750E-03)            (1953.22791,-1205.66272)
  (-4.835706204E-03,5.178486463E-04)            (-10305.3574,9556.93750)  (-5.635526963E-03,1.302467659E-03)
        (1.708984375E-03,0.00000000)             (12940.6777,0.00000000)        (2.502441406E-03,0.00000000)
   4.36674786               1   0.00000000    
            (1420.54114,-664.975952) (-6.315314677E-04,-2.521955874E-03)            (1564.20190,-944.082947) (-9.523249231E-03,-8.128618356E-04)            (15059.9990,-12470.6406) (-1.148466859E-02,-3.009672742E-03)            (1565.79199,-945.269409)  (1.709092758E-04,-9.437534958E-03)            (2072.43530,-1342.02100)
   (1.302663586E-04,4.035129678E-03)            (-11011.3496,9733.03516)   (2.807499608E-03,3.276458243E-03)
       (-1.098632812E-03,0.00000000)             (12554.5430,0.00000000)       (-1.098632812E-03,0.00000000)
   4.66824961               1   0.00000000    
            (1546.42041,-728.528625)  (-2.974605595E-04,3.284320701E-03)            (1677.74939,-1041.06201)   (1.405695803E-03,6.524078548E-03)            (16933.7461,-13018.6816)  (-1.850494416E-03,1.455885265E-02)            (1679.52380,-1042.33789)   (4.505356774E-03,4.554376472E-03)            (2212.00732,-1489.49365)
 (-2.378569916E-03,-2.054371405E-03)            (-11824.8809,9860.90723) (-2.196974354E-03,-4.090918228E-03)
       (-1.831054688E-04,0.00000000)             (12094.2246,0.00000000)       (-4.272460938E-04,0.00000000)
   4.95142651               1   0.00000000    
            (1671.86951,-781.076965)  (-2.684742911E-03,1.002051868E-03)            (1789.23999,-1122.99609)  (-5.394299515E-04,4.698299803E-03)            (18847.9062,-13480.1240)   (1.440449385E-03,4.343800247E-03)            (1791.36707,-1124.25293)  (-6.083210930E-03,1.058771624E-03)            (2346.86890,-1616.39880)
 (-2.197896247E-04,-2.835996565E-05)            (-12571.2979,9919.51758)  (3.218855243E-03,-1.621244126E-03)
        (1.220703125E-04,0.00000000)             (11657.3818,0.00000000)       (-6.103515625E-05,0.00000000)
   5.21926165               1   0.00000000    
            (1797.70532,-824.925049)  (4.807955120E-03,-4.085515626E-03)            (1900.08936,-1192.77466)  (4.821033683E-03,-2.675514668E-03)            (20793.5840,-13865.1924)  (1.212326903E-02,-9.765378782E-04)            (1902.61621,-1194.04871)  (7.468522526E-03,-5.968838464E-03)            (2479.19604,-1726.49951)
  (-1.402527676E-03,2.563412301E-03)            (-13249.9062,9921.56641)  (-5.809404887E-03,6.307638250E-03)
        (2.136230469E-04,0.00000000)             (11242.6426,0.00000000)       (-3.662109375E-04,0.00000000)
   5.47400808               1   0.00000000    
            (1924.43726,-861.840088)   (1.836770098E-03,1.875961316E-03)            (2011.15869,-1252.72290)  (3.167970804E-03,-2.341032494E-03)            (22767.8809,-14187.8203)  (1.693068072E-03,-2.471670508E-03)            (2014.12952,-1254.06445)   (1.384762465E-03,4.065453541E-03)            (2610.37891,-1822.83777)
  (-3.554659430E-03,1.280252123E-03)            (-13864.0684,9881.34863)  (-7.315725670E-04,5.225418136E-06)
        (2.746582031E-04,0.00000000)             (10848.7217,0.00000000)        (6.103515625E-05,0.00000000)
   5.83531189               1   0.00000000    
            (2120.44507,-905.536011)  (9.274754557E-04,-2.289443044E-03)            (2185.05029,-1325.81018)  (3.910436295E-03,-2.269946970E-03)            (25833.2715,-14572.2188)  (5.275188945E-03,-1.375894062E-03)            (2188.45703,-1327.19482)  (-2.250450198E-03,2.116760297E-04)            (2815.56738,-1943.16626)
  (2.108404646E-03,-1.011031447E-03)            (-14711.3418,9760.43164)   (4.818415036E-04,3.826879663E-03)
        (3.967285156E-04,0.00000000)             (10294.2646,0.00000000)        (6.103515625E-04,0.00000000)
   6.17551374               1   0.00000000    
            (2321.99829,-939.202393)   (6.189924170E-05,4.574659746E-03)            (2365.50903,-1384.16370)  (2.324174624E-03,-8.931197808E-04)            (28988.7949,-14868.0254)  (7.280547172E-03,-1.627069782E-03)            (2369.27319,-1385.54529)   (1.750868163E-03,2.664621454E-03)            (3028.03418,-2041.96680)
 (-3.055177163E-03,-5.187758245E-03)            (-15457.0957,9593.65039) (-3.743439447E-03,-7.993863896E-03)
        (1.220703125E-04,0.00000000)             (9780.20898,0.00000000)             (0.00000000,0.00000000)
   6.49792814               1   0.00000000    
            (2527.44189,-965.781677)  (3.808617126E-03,-5.514430348E-03)            (2550.26489,-1431.85608)  (8.524416015E-03,-1.003948972E-02)            (32204.4160,-15097.0830)  (3.166610841E-03,-9.167973883E-03)            (2554.42822,-1433.25330)  (9.521542117E-03,-6.116117351E-03)            (3244.77563,-2124.92578)
  (-6.483642850E-03,3.780703293E-03)            (-16095.4492,9399.30957)  (-8.401907980E-03,7.319491357E-03)
       (-1.525878906E-04,0.00000000)             (9303.14746,0.00000000)       (-4.272460938E-04,0.00000000)
   6.80508518               1   0.00000000    
            (2736.46338,-986.848511)  (-1.109871175E-02,1.669516438E-03)            (2739.13257,-1471.08252) (-5.984599236E-03,-3.803509055E-03)            (35473.2500,-15273.6523) (-2.053602599E-02,-5.073510576E-03)            (2743.71606,-1472.51233)  (-1.622094400E-02,3.274071496E-03)            (3465.87451,-2195.05444)
  (9.377225302E-03,-3.209109418E-03)            (-16636.5156,9188.62109)  (8.980958723E-03,-4.540824797E-03)
             (0.00000000,0.00000000)             (8859.98242,0.00000000)        (6.103515625E-05,0.00000000)
   7.19425583               1   0.00000000    
            (3020.15991,-1008.31940)   (9.542638436E-03,4.903521389E-03)            (2996.88379,-1512.96216)   (1.192915533E-02,9.511733078E-04)            (39904.3867,-15444.7793)   (2.171216160E-02,6.524293683E-03)            (3002.07690,-1514.47473)   (1.319967583E-02,4.779903684E-03)            (3767.26270,-2272.43555)
 (-7.126932032E-03,-1.126298914E-03)            (-17223.3320,8894.80859) (-9.889454581E-03,-6.462484598E-03)
       (-1.831054688E-04,0.00000000)             (8316.99609,0.00000000)             (0.00000000,0.00000000)
   7.74141645               1   0.00000000    
            (3454.97339,-1030.01526)   (9.983889759E-03,1.263690065E-03)            (3394.84229,-1558.77222)   (1.378789172E-02,1.034599962E-03)            (46682.4688,-15598.2656)  (1.328906696E-02,-2.017469844E-03)            (3401.01953,-1560.47961)   (9.865649976E-03,6.015459541E-03)            (4232.52393,-2361.54541)
 (-5.570212379E-03,-2.050725045E-03)            (-17857.5996,8448.17188) (-6.325839553E-03,-2.667790046E-03)
       (-2.136230469E-04,0.00000000)             (7593.29004,0.00000000)       (-2.441406250E-04,0.00000000)
   8.08564568               1   0.00000000    
            (3750.13550,-1039.27698)  (6.937094498E-03,-5.993495230E-03)            (3666.81128,-1580.63159)   (1.465376746E-02,3.859300923E-04)            (51275.1758,-15648.8320)  (1.040660590E-02,-5.101996940E-03)            (3673.67529,-1582.51660)  (7.340391632E-03,-9.200574830E-03)            (4550.74365,-2406.84180)
  (-8.484674618E-03,1.910354244E-03)            (-18144.3145,8155.48926)  (-7.270924747E-03,3.782115411E-03)
        (3.051757812E-05,0.00000000)             (7163.87012,0.00000000)       (-1.831054688E-04,0.00000000)
   8.57612228               1   0.00000000    
            (4199.54834,-1047.44385)  (-1.786772348E-02,2.067170572E-03)            (4083.42822,-1603.55322)  (-9.292035247E-04,9.001403116E-03)            (58257.0391,-15667.2656)   (1.207555179E-03,1.009843592E-02)            (4091.35254,-1605.77783)  (-2.036879584E-02,4.723791964E-03)            (5038.94385,-2458.31714)
  (7.372226566E-03,-3.393434454E-03)            (-18411.1602,7732.29785)  (1.445177384E-02,-5.075825378E-03)
        (6.103515625E-05,0.00000000)             (6588.35059,0.00000000)       (-6.103515625E-05,0.00000000)
   9.04002666               1   0.00000000    
            (4655.78369,-1050.41272) (-1.948145963E-02,-3.460494103E-03)            (4509.10498,-1617.24976)  (-1.202543173E-02,2.968603279E-03)            (65332.9258,-15632.9199) (-2.214802429E-02,-5.531612318E-03)            (4518.11865,-1619.89001) (-2.513388731E-02,-4.435645416E-03)            (5538.84229,-2494.03564)
  (1.111284457E-02,-1.898525225E-04)            (-18523.3008,7332.35547)   (1.243102644E-02,6.903728354E-04)
       (-9.155273438E-05,0.00000000)             (6084.04541,0.00000000)             (0.00000000,0.00000000)
   9.48126030               1   0.00000000    
            (5117.79199,-1049.48193)  (-1.466240035E-03,5.272128154E-03)            (4942.64453,-1623.80823)  (-1.190188713E-02,2.597598359E-03)            (72488.2812,-15558.7500)  (-8.643575129E-04,8.896999061E-03)            (4952.75977,-1626.93225)  (-1.766728796E-02,4.796957597E-03)            (6049.21094,-2517.27026)
  (4.587656818E-03,-1.561273821E-04)            (-18518.8809,6957.28809)  (5.819705781E-03,-2.371326322E-03)
        (3.051757812E-05,0.00000000)             (5640.35645,0.00000000)        (6.103515625E-05,0.00000000)
   9.90285301               1   0.00000000    
            (5584.72607,-1045.56104)  (-6.458980497E-03,9.354060516E-03)            (5383.05322,-1624.74426)  (-1.132507715E-02,6.607870106E-03)            (79711.3906,-15453.6611)  (-1.487007085E-02,1.888300478E-02)            (5394.26562,-1628.40430)  (-7.090003783E-05,1.606118865E-02)            (6568.94092,-2530.44849)
  (1.195844845E-03,-2.486222889E-03)            (-18428.1680,6606.73633) (-1.443994464E-03,-4.017660860E-03)
       (-1.220703125E-04,0.00000000)             (5248.43359,0.00000000)       (-1.831054688E-04,0.00000000)
   10.4385233               1   0.00000000    
            (6213.86377,-1036.80884)  (1.897772029E-02,-1.271492336E-02)            (5979.58643,-1619.15540)  (1.761256158E-02,-3.970922902E-03)            (89432.1250,-15276.4551)  (2.062936313E-02,-6.611561403E-03)            (5992.25098,-1623.59973)  (1.499184966E-02,-1.731860265E-02)            (7274.94092,-2535.53052)
  (-3.906151978E-03,3.609702922E-03)            (-18213.5273,6175.36035)  (-1.063728891E-02,7.224388421E-03)
        (6.103515625E-05,0.00000000)             (4793.74707,0.00000000)        (6.103515625E-05,0.00000000)
   11.0717258               1   0.00000000    
            (7009.12842,-1021.65533)   (1.455897838E-02,2.642283216E-04)            (6738.12256,-1603.75049)   (6.827659439E-03,5.115459673E-03)            (101705.172,-15010.3115)   (9.971975349E-03,8.967908099E-03)            (6752.54492,-1609.26331)  (-1.125612762E-03,3.625212004E-03)            (8175.81738,-2526.15601)
  (-9.683967801E-04,1.004067599E-04)            (-17851.9961,5688.57129) (-3.678058041E-03,-1.902443764E-04)
       (-3.051757812E-05,0.00000000)             (4314.82373,0.00000000)             (0.00000000,0.00000000)
   11.9017477               1   0.00000000    
            (8135.98193,-995.056335)   (1.892537810E-02,8.475661278E-03)            (7820.15967,-1570.99536)  (-7.200335618E-03,1.461369824E-02)            (119073.484,-14579.6270)   (5.649493542E-03,2.464872040E-02)            (7836.94238,-1578.09839)   (6.907776929E-03,1.519029308E-02)            (9466.50293,-2491.50684)
 (-1.536639524E-03,-2.083410509E-03)            (-17266.8027,5091.16406) (-2.800603630E-03,-2.505205339E-03)
             (0.00000000,0.00000000)             (3773.72852,0.00000000)       (-6.103515625E-05,0.00000000)
   12.7845287               1   0.00000000    
            (9439.18262,-959.760925)  (1.114241872E-02,-2.385917818E-03)            (9080.22656,-1522.85425) (-1.418736298E-03,-7.630664855E-03)            (139137.438,-14033.7021) (-5.830548704E-03,-1.099596824E-02)            (9099.51172,-1531.83020) (-7.932718290E-05,-5.406452809E-03)            (10976.8115,-2430.55884)
   (1.996909501E-03,1.996909501E-03)            (-16583.4512,4506.77295)   (3.197496058E-03,3.267670050E-03)
       (-6.103515625E-05,0.00000000)             (3291.72729,0.00000000)       (-1.220703125E-04,0.00000000)
   13.8088694               1   0.00000000    
            (11086.2451,-911.447632)  (1.276679058E-02,-3.321869764E-03)            (10683.4600,-1452.82129)  (5.841284525E-03,-3.984266892E-03)            (164470.828,-13304.4277) (-1.595684141E-02,-7.764212787E-03)            (10705.5918,-1464.10010) (-1.687299088E-02,-8.186037652E-03)            (12907.9424,-2333.73853)
   (1.219337224E-03,1.389055862E-03)            (-15794.7256,3891.75586)  (-1.163313747E-03,6.063731271E-04)
       (-6.103515625E-05,0.00000000)             (2832.30225,0.00000000)       (-6.103515625E-05,0.00000000)
   14.7623014               1   0.00000000    
            (12749.2129,-860.840210) (-1.160138473E-02,-2.184287179E-03)            (12311.8301,-1376.64709)  (-1.534637995E-02,4.446081817E-03)            (190029.969,-12549.7402)  (1.039297436E-03,-7.468854310E-04)            (12336.5195,-1390.10083) (-4.953400232E-03,-9.300836828E-04)            (14878.3281,-2223.03931)
   (1.794110169E-03,1.095666667E-03)            (-15115.4209,3376.22485)  (-2.149057109E-04,1.289434033E-03)
        (3.051757812E-05,0.00000000)             (2482.38037,0.00000000)        (1.220703125E-04,0.00000000)
   15.6577854               1   0.00000000    
            (14424.9004,-809.427185)   (4.820411094E-03,1.165866619E-03)            (13960.5654,-1297.47961) (-1.401282381E-02,-4.233740270E-03)            (215771.188,-11787.2402) (-2.277550660E-02,-7.413717452E-03)            (13987.5088,-1312.91821)  (-4.499049857E-03,3.153819125E-03)            (16880.8730,-2104.56128)
  (2.012241166E-03,-1.063106116E-03)            (-14547.9766,2938.19189)  (2.879167907E-03,-1.509648049E-03)
             (0.00000000,0.00000000)             (2208.14966,0.00000000)             (0.00000000,0.00000000)
   16.9123421               1   0.00000000    
            (16957.5898,-732.701416)  (-8.362912573E-03,4.823204596E-03)            (16464.3789,-1177.23645)  (4.379228340E-04,-2.340969513E-04)            (254659.719,-10651.8701)  (-1.089761849E-03,7.378089707E-03)            (16494.3008,-1195.25964)  (-5.092012510E-02,9.194359183E-03)            (19933.4492,-1920.44629)
 (-2.139161516E-04,-2.845488489E-04)            (-13879.6504,2393.49316)  (5.751519348E-04,-6.578931934E-04)
       (-1.525878906E-05,0.00000000)             (1893.44678,0.00000000)       (-6.103515625E-05,0.00000000)
   18.0800533               1   0.00000000    
            (19508.7344,-657.851318)   (3.999847546E-02,8.534734137E-03)            (18997.7480,-1058.42627) (-8.953273296E-03,-3.969642858E-04)            (293816.312,-9544.70801)   (1.850199141E-02,4.655702040E-03)            (19030.1758,-1078.53162)  (-8.500215597E-03,1.467905380E-02)            (23032.9883,-1735.28662)
  (1.540933736E-03,-1.291212859E-03)            (-13386.3730,1952.39075)  (5.587704945E-04,-2.865047194E-03)
             (0.00000000,0.00000000)             (1656.95349,0.00000000)             (0.00000000,0.00000000)
   19.1767921               1   0.00000000    
            (22074.7598,-585.650330)   (2.082567476E-02,3.986191005E-03)            (21554.7168,-942.956848)   (2.511620708E-02,1.005472150E-02)            (333189.000,-8476.18164)  (-2.472033352E-02,1.188534778E-02)            (21589.3164,-964.673279)  (-1.827881485E-02,6.288205273E-03)            (26169.8652,-1553.25293)
  (2.299726475E-04,-1.231096918E-03)            (-13024.6152,1590.39722) (-1.441619825E-04,-2.091491595E-03)
             (0.00000000,0.00000000)             (1472.89526,0.00000000)             (0.00000000,0.00000000)
   20.2141132               1   0.00000000    
            (24653.1758,-516.404480) (-1.315539237E-02,-1.635378925E-03)            (24131.0527,-831.708740) (-2.804626897E-02,-2.551963087E-03)            (372741.375,-7450.65967) (-2.919320203E-02,-9.021117003E-04)            (24167.5645,-854.622375)  (7.511164993E-03,-1.833167742E-03)            (29337.2109,-1376.47290)
  (7.200008258E-04,-1.929650898E-05)            (-12761.3145,1290.21985)  (1.906736172E-03,-9.238203056E-04)
        (1.525878906E-05,0.00000000)             (1325.61816,0.00000000)             (0.00000000,0.00000000)
   21.5195675               1   0.00000000    
            (28107.2227,-428.710541)  (-1.884792745E-02,2.115898067E-03)            (27591.0977,-690.427124)   (1.900328137E-02,6.383644417E-03)            (425710.688,-6151.04102)  (4.234364256E-02,-1.376360888E-03)            (27629.6934,-714.369324)   (1.139092725E-02,4.570751451E-03)            (33598.8047,-1150.52576)
   (2.510061313E-04,7.973135798E-04)            (-12522.2578,964.635254)   (5.097157555E-04,1.169650001E-03)
       (-3.051757812E-05,0.00000000)             (1169.66650,0.00000000)       (-3.051757812E-05,0.00000000)
   23.3412476               1   0.00000000    
            (33316.9844,-306.542511)  (-1.573365554E-02,4.395062570E-03)            (32824.4102,-493.311920)  (-1.729337312E-02,1.751897624E-03)            (505574.469,-4340.14844)   (1.933771931E-02,6.489541382E-03)            (32865.5273,-517.828064)  (-1.053923741E-02,7.085576653E-03)            (40056.8594,-833.410339)
   (1.081358176E-03,1.657200337E-04)            (-12327.1621,594.519409)   (1.140543842E-03,2.785210672E-04)
             (0.00000000,0.00000000)             (994.217285,0.00000000)        (3.051757812E-05,0.00000000)
   26.0963097               1   0.00000000    
            (42061.2500,-124.273056)     (-0.183736131,-3.680701135E-03)            (41636.0000,-199.467865)  (2.760915086E-02,-6.249718834E-03)            (639536.500,-1641.55383)  (1.294317655E-02,-9.902395308E-03)            (41679.9180,-223.125336) (-1.731361821E-02,-4.820411094E-03)            (50951.6484,-358.288147)
   (5.282055354E-04,7.598063676E-04)            (-12253.1475,184.123138)   (7.146539865E-04,7.753761602E-04)
             (0.00000000,0.00000000)             (795.373779,0.00000000)             (0.00000000,0.00000000)
   28.5870743               1   0.00000000    
             (50867.5625,37.1090240) (-1.210625470E-02,-3.527152352E-03)             (50534.9961,59.8748856)  (1.903082617E-02,-4.635783844E-03)             (774339.875,739.602600) (-4.517757520E-02,-6.310669240E-03)             (50579.9180,38.4708443) (-7.913920097E-03,-6.590385456E-03)             (61969.8750,62.1229477)
  (-2.722968813E-03,5.074119545E-04)           (-12334.8262,-71.4421692)   (7.709250785E-04,1.060021925E-03)
       (-1.525878906E-05,0.00000000)             (662.811646,0.00000000)       (-1.525878906E-05,0.00000000)
   33.0095100               1   0.00000000    
             (68629.7031,317.031769)  (-5.252501462E-03,7.649310865E-03)             (68537.6016,507.091858)   (6.204897910E-02,8.464659564E-03)             (1045916.69,4839.78955)  (-5.926197395E-02,1.731532998E-02)             (68580.2891,492.178497)       (0.163877234,9.138208814E-03)             (84284.0469,787.034851)
 (-2.185587771E-03,-9.596103919E-04)           (-12657.0830,-349.424866) (-2.489374019E-03,-1.207267516E-03)
             (0.00000000,0.00000000)             (497.108734,0.00000000)             (0.00000000,0.00000000)
   36.9057541               1   0.00000000    
             (86557.2969,560.213684)   (3.016276471E-02,1.619719528E-02)             (86763.5703,892.748291)  (-4.909802228E-02,3.888560459E-03)             (1319622.75,8362.59570)  (-6.871752441E-02,2.818875574E-02)             (86798.6641,885.329346)      (-0.182932958,2.767351083E-02)             (106894.648,1410.55969)
 (-2.306217793E-03,-7.434173604E-04)           (-13010.7051,-481.958862) (-6.032937672E-03,-1.182421693E-03)
             (0.00000000,0.00000000)             (397.686951,0.00000000)             (0.00000000,0.00000000)
  0.521926165               1   0.00000000    
       (33.7800980,-4.002385959E-02)   (7.996650675E-05,1.345230885E-05)       (44.1583557,-6.056232005E-02) (-1.026789469E-04,-4.600097964E-05)            (1096.73303,-857.918518)  (5.642496035E-05,-1.774178963E-05)       (44.1984711,-6.060971320E-02)  (-1.235619566E-04,3.736752842E-05)       (66.3168488,-9.171108156E-02)
  (1.096114283E-05,-2.441344986E-05)            (-1091.50183,853.888855)   (2.690461770E-05,1.230637135E-04)
       (-1.220703125E-04,0.00000000)             (18691.2461,0.00000000)             (0.00000000,0.00000000)
  0.639226437               1   0.00000000    
           (50.9810677,-0.133622557) (-2.471347580E-05,-1.275337127E-04)           (66.7206802,-0.202325776)   (3.184528396E-05,5.667317600E-05)            (1455.36743,-1232.34497)   (4.347741651E-06,5.694967331E-05)           (66.7813797,-0.202488869)  (2.678818128E-04,-4.271464059E-05)           (100.227646,-0.306599200)
  (1.626207377E-04,-5.156267434E-05)            (-1444.95557,1223.68579)  (-1.495012548E-04,6.956384459E-05)
        (4.272460938E-04,0.00000000)             (18647.2480,0.00000000)        (3.662109375E-04,0.00000000)
  0.738115072               1   0.00000000    
           (68.3961258,-0.313097328)   (4.870608609E-05,1.134420236E-04)           (89.6164093,-0.474390179) (-7.449035184E-05,-3.631556683E-05)            (1767.44666,-1581.41663) (-4.051501492E-06,-5.810132279E-05)           (89.6979904,-0.474778146)  (7.222239947E-05,-1.338756847E-04)           (134.657959,-0.719356000)
   (3.895605914E-04,4.791339597E-05)            (-1750.59546,1566.64062)   (5.742561916E-05,4.030362470E-04)
             (0.00000000,0.00000000)             (18603.3848,0.00000000)        (4.882812500E-04,0.00000000)
  0.825237751               1   0.00000000    
           (86.0243454,-0.604298890)   (8.306119707E-05,1.890663953E-05)           (112.844620,-0.916205823)   (3.535147698E-05,1.372458087E-06)            (2046.81445,-1909.16479) (-1.237301622E-04,-2.412565209E-06)           (112.947456,-0.916966438) (-3.121565533E-05,-1.417997555E-05)            (169.607727,-1.39025795)
   (1.680426067E-04,2.190019004E-04)            (-2022.42944,1886.93115)   (2.571106015E-04,3.954638378E-04)
        (3.356933594E-04,0.00000000)             (18559.6562,0.00000000)        (6.103515625E-05,0.00000000)
  0.918945849               1   0.00000000    
            (107.453835,-1.13455021) (-1.864115984E-05,-1.078993955E-04)            (141.149139,-1.72150910) (-1.336680580E-04,-1.308992942E-04)            (2350.13599,-2281.07764) (-5.242551561E-04,-1.582853438E-04)            (141.278030,-1.72294903)  (5.789722127E-05,-8.158246637E-04)            (212.221924,-2.61431170)
   (2.638271835E-04,4.886176321E-04)            (-2315.44214,2248.24097)   (8.947755850E-05,2.543969604E-04)
        (1.220703125E-04,0.00000000)             (18507.3613,0.00000000)             (0.00000000,0.00000000)
   1.04385233               1   0.00000000    
            (140.130554,-2.38091135) (-6.377390673E-05,-1.405018847E-04)            (184.441772,-3.61688709)  (-6.234148168E-05,1.048781851E-04)            (2759.80200,-2796.70361) (-2.573999809E-04,-2.166070772E-04)            (184.610565,-3.62000775)  (1.773711847E-04,-1.096113920E-04)            (277.456909,-5.49924088)
   (3.392971121E-04,2.092581417E-04)            (-2707.29175,2745.00513)   (4.165233404E-04,9.825167945E-04)
        (9.155273438E-05,0.00000000)             (18429.2812,0.00000000)        (4.272460938E-04,0.00000000)
   1.16706240               1   0.00000000    
            (177.125107,-4.52247858)  (7.575773634E-05,-3.370105114E-04)            (233.629181,-6.87902117) (-1.345953206E-04,-4.528753052E-04)            (3164.25317,-3327.31641) (-3.819916456E-04,-7.550707087E-04)            (233.843689,-6.88511181)   (1.381464535E-04,5.614984548E-04)            (351.654846,-10.4727631)
   (2.863196714E-04,1.988640433E-04)            (-3089.08496,3250.84180)  (8.467041334E-05,-2.295013692E-04)
        (6.103515625E-05,0.00000000)             (18343.0352,0.00000000)       (-1.831054688E-04,0.00000000)
   1.31002426               1   0.00000000    
            (226.104492,-8.70985699)  (1.250556525E-04,-2.982577425E-04)            (298.989075,-13.2703028)   (4.422256316E-04,2.630858507E-04)            (3641.66211,-3954.49658)   (5.612018867E-04,5.327371182E-04)            (299.264587,-13.2823372)   (1.650734630E-04,3.614108136E-04)            (450.376343,-20.2369576)
 (-8.378726488E-05,-4.608300806E-04)            (-3532.84375,3840.75488) (-1.475656754E-04,-7.128174184E-05)
        (1.220703125E-04,0.00000000)             (18231.7109,0.00000000)             (0.00000000,0.00000000)
   1.47623014               1   0.00000000    
            (291.231415,-16.9050674)  (-5.636836704E-06,2.681036713E-04)            (386.219757,-25.8115768)   (5.279281759E-04,2.518976398E-04)            (4201.49805,-4696.39795)  (-4.511257866E-04,1.750952651E-04)            (386.578094,-25.8356915)   (2.254748688E-05,9.591483104E-05)            (582.350159,-39.4473686)
  (1.282387821E-04,-3.311221080E-04)            (-4042.40430,4526.37793)  (5.636870628E-04,-6.053471006E-04)
       (-3.662109375E-04,0.00000000)             (18087.4668,0.00000000)       (-7.324218750E-04,0.00000000)
   1.65047550               1   0.00000000    
            (368.480103,-30.8168354)  (-2.709951659E-04,4.665607121E-04)            (489.980835,-47.1688156) (-1.427057199E-03,-3.296845243E-04)            (4804.44873,-5475.59229)  (-2.852145117E-03,4.372160765E-05)            (490.438477,-47.2143707)  (-9.012163500E-04,3.214128374E-04)            (739.633240,-72.2672729)
 (-5.215081619E-04,-7.174675120E-04)            (-4577.72021,5230.48145)  (1.670086494E-04,-3.710427845E-04)
        (4.669189453E-03,0.00000000)             (17920.1133,0.00000000)        (5.371093750E-03,0.00000000)
   1.80800533               1   0.00000000    
            (445.307770,-49.4197311)  (1.173633864E-04,-9.164699586E-04)            (593.282837,-75.8256149)  (2.509505488E-03,-3.430290380E-04)            (5362.38330,-6174.96289)  (2.462042030E-03,-2.632046562E-05)            (593.841980,-75.9012146)  (-1.656895038E-04,1.846747327E-04)            (896.513794,-116.456543)
  (-2.939262427E-03,2.613924211E-03)            (-5059.44922,5846.63477)  (-5.201959517E-03,8.940327680E-04)
        (1.571655273E-02,0.00000000)             (17754.5527,0.00000000)        (1.751708984E-02,0.00000000)
   2.02141142               1   0.00000000    
            (557.439819,-85.3897400)  (-1.628625207E-03,1.130775316E-03)            (743.784241,-131.480164)  (-1.096041640E-03,1.095076790E-03)            (6150.71338,-7105.75488)  (-2.762294840E-03,2.329088515E-03)            (744.491272,-131.614838)  (-1.632484491E-03,2.095600590E-03)            (1125.51086,-202.655823)
  (7.101114024E-04,-1.234976458E-03)            (-5717.99854,6640.55908) (-8.490464825E-05,-9.956997819E-04)
        (3.936767578E-03,0.00000000)             (17510.0566,0.00000000)        (2.563476562E-03,0.00000000)
   2.27502346               1   0.00000000    
            (697.273804,-145.279266) (-2.245589858E-03,-1.405122457E-03)            (930.029907,-224.717072) (-6.819295813E-04,-2.718692180E-03)            (7138.26123,-8173.59619) (-3.355354071E-03,-5.288856570E-03)            (930.928345,-224.957031) (-1.094562118E-03,-1.607095124E-03)            (1409.40869,-347.961639)
  (-8.969329065E-04,4.951590672E-04)            (-6505.29932,7509.03418) (-1.415981213E-03,-1.563660335E-04)
        (3.875732422E-03,0.00000000)             (17191.1094,0.00000000)        (4.150390625E-03,0.00000000)
   2.55690575               1   0.00000000    
            (853.000427,-231.067703) (-6.956377183E-05,-1.881884993E-03)            (1133.84851,-359.367065)  (1.819643774E-03,-6.980792969E-04)            (8322.47168,-9309.81348)  (5.255121272E-03,-5.552903167E-04)            (1134.94934,-359.767181)  (5.174573744E-04,-3.246312495E-03)            (1720.23352,-559.525330)
  (-1.997824758E-03,1.430330216E-03)            (-7396.29590,8376.39062)  (-5.072058644E-03,1.562135527E-03)
        (2.685546875E-03,0.00000000)             (16803.3711,0.00000000)        (2.197265625E-03,0.00000000)
   2.90596199               1   0.00000000    
            (1036.40588,-354.756531)   (2.554897917E-03,2.937716432E-03)            (1365.58984,-555.728516)  (4.352480639E-03,-1.552079804E-03)            (9933.91699,-10604.1982)  (8.865856566E-03,-2.156822011E-03)            (1366.91882,-556.369690)   (2.136016730E-03,6.069616880E-03)            (2072.43286,-871.557190)
 (-6.796418456E-04,-2.308007795E-03)            (-8519.68945,9274.72461) (-2.033377299E-03,-1.653332496E-03)
       (-1.770019531E-03,0.00000000)             (16280.2793,0.00000000)       (-3.906250000E-03,0.00000000)
   3.25942779               1   0.00000000    
            (1209.97559,-484.689575)   (3.299031407E-03,7.595093921E-03)            (1573.40845,-765.136475)  (-7.623096462E-04,5.175927188E-03)            (11757.7295,-11805.1475)  (-1.297482196E-02,1.158710662E-02)            (1574.99829,-766.036865)   (3.013651120E-03,1.381491777E-02)            (2384.87012,-1209.27563)
  (2.383336192E-03,-3.005678300E-03)            (-9677.19727,10008.1758)  (9.591101552E-04,-7.430186495E-03)
       (-2.593994141E-03,0.00000000)             (15709.3203,0.00000000)       (-3.601074219E-03,0.00000000)
   3.57814574               1   0.00000000    
            (1359.69641,-595.233337)  (7.479568478E-03,-4.809331149E-03)            (1742.42151,-946.359863) (-2.344890498E-03,-8.915021899E-04)            (13594.1084,-12761.6953)  (9.299291996E-04,-7.699029054E-03)            (1744.21704,-947.525757)  (1.038976014E-02,-8.607609197E-03)            (2634.30322,-1506.46814)
  (-7.514366880E-03,6.421550177E-03)            (-10733.9521,10499.0176)  (-9.756999090E-03,9.236101992E-03)
        (1.129150391E-03,0.00000000)             (15165.5439,0.00000000)        (2.075195312E-03,0.00000000)
   3.87070823               1   0.00000000    
            (1498.12476,-687.703247)  (5.209025927E-03,-3.643269651E-03)            (1892.10339,-1100.69336)  (6.778708193E-03,-5.982204340E-03)            (15465.9219,-13565.1289)  (1.250295527E-02,-4.027549643E-03)            (1894.03137,-1102.05701)  (8.644452319E-03,-3.561979858E-03)            (2850.82642,-1763.88232)
  (-2.436852548E-03,3.536114935E-03)            (-11713.9854,10841.4297)  (-1.261842437E-03,5.106490105E-03)
        (8.544921875E-04,0.00000000)             (14647.4932,0.00000000)        (9.155273438E-04,0.00000000)
   4.10965061               1   0.00000000    
            (1613.78076,-755.756287) (-7.424459327E-04,-2.255780157E-03)            (2013.09375,-1216.24426)  (-1.599397045E-03,9.690046427E-04)            (17124.0508,-14151.4883) (-8.785651065E-03,-5.696335342E-03)            (2015.13513,-1217.77246) (-1.031774213E-03,-9.807738476E-03)            (3022.42285,-1959.76953)
  (-1.162217115E-03,3.326785052E-03)            (-12505.1484,11035.9023)   (2.465665573E-03,3.695556195E-03)
       (-5.798339844E-04,0.00000000)             (14214.2119,0.00000000)       (-1.342773438E-03,0.00000000)
   4.36674786               1   0.00000000    
            (1743.12817,-821.279602)  (-3.782933578E-03,1.321421354E-03)            (2145.36646,-1329.52026) (-4.307386000E-03,-4.502003721E-04)            (19048.2871,-14716.1543)  (-5.201273598E-03,5.135619082E-03)            (2147.61401,-1331.15906)  (-9.299973026E-03,1.642397488E-03)            (3206.74634,-2154.93506)
  (4.836527631E-03,-1.917519839E-04)            (-13342.2666,11168.5420)   (8.207820356E-03,1.900846139E-03)
       (-1.098632812E-03,0.00000000)             (13740.7227,0.00000000)       (-2.380371094E-03,0.00000000)
   4.66824961               1   0.00000000    
            (1904.27856,-888.818726)  (-1.192515902E-02,8.507148363E-03)            (2307.69043,-1448.85706) (-7.138495333E-03,-6.778088398E-03)            (21506.7930,-15308.9004) (-1.358068828E-02,-3.030317021E-04)            (2310.45435,-1450.46851)  (-1.961679757E-02,7.504472509E-03)            (3429.29272,-2364.39966)
  (4.503129050E-03,-5.209458526E-03)            (-14301.0156,11243.9316)  (7.847610861E-03,-9.714815766E-03)
       (-6.408691406E-04,0.00000000)             (13179.6025,0.00000000)       (-1.525878906E-03,0.00000000)
   4.95142651               1   0.00000000    
            (2066.01611,-943.859192) (-1.933203894E-03,-8.129854104E-04)            (2469.01660,-1548.38818) (-3.973938990E-03,-6.432983559E-03)            (24011.1875,-15792.2207) (-5.475834943E-03,-9.609299712E-03)            (2472.37573,-1550.03625)  (-1.351824612E-03,1.181664877E-03)            (3647.21069,-2542.80957)
  (-4.270536825E-03,1.115491730E-03)            (-15161.6230,11238.7578)  (-2.760369331E-03,5.766525865E-04)
       (-8.850097656E-04,0.00000000)             (12650.5303,0.00000000)       (-7.934570312E-04,0.00000000)
   5.21926165               1   0.00000000    
            (2229.17651,-989.226807)  (1.127502695E-02,-1.031343639E-02)            (2630.94897,-1632.32910)  (1.130865794E-02,-9.067852050E-03)            (26556.0898,-16187.7178)  (1.755526289E-02,-1.267008204E-02)            (2634.95825,-1634.09814)  (1.717909798E-02,-1.099103503E-02)            (3863.42725,-2696.43335)
  (-2.406468615E-03,6.128273904E-03)            (-15929.0693,11175.0684)  (-8.310537785E-03,1.113053970E-02)
        (6.103515625E-05,0.00000000)             (12151.4092,0.00000000)        (5.493164062E-04,0.00000000)
   5.47400808               1   0.00000000    
            (2398.14771,-1025.31311)   (1.821093378E-03,7.153735496E-03)            (2801.49121,-1701.07227)   (4.719949793E-03,1.421341090E-03)            (29198.9062,-16506.7617)  (3.511548974E-03,-4.765673541E-03)            (2805.85645,-1702.85339)   (7.226892747E-03,1.163200475E-02)            (4091.83545,-2825.15747)
 (-1.405664720E-03,-2.233909210E-03)            (-16652.5508,11065.5625)  (4.337181454E-04,-4.180415533E-03)
        (3.051757812E-04,0.00000000)             (11680.2832,0.00000000)        (6.103515625E-05,0.00000000)
   5.83531189               1   0.00000000    
            (2657.26294,-1068.13916)  (-4.776636604E-03,2.361858729E-03)            (3064.46899,-1785.30823) (-1.236633677E-02,-3.626344260E-03)            (33255.6250,-16882.6426) (-1.900070719E-02,-6.333569530E-03)            (3069.36011,-1787.08777)  (-1.857178658E-02,1.032756176E-02)            (4442.67090,-2986.97241)
  (6.573097780E-03,-2.581890440E-03)            (-17604.2070,10849.5801)  (1.227720827E-02,-1.682267408E-03)
        (1.831054688E-04,0.00000000)             (11022.1602,0.00000000)        (3.662109375E-04,0.00000000)
   6.17551374               1   0.00000000    
            (2921.98242,-1100.90698)  (-4.789833445E-03,3.655011300E-03)            (3334.50293,-1852.36584)  (1.066438109E-02,-7.504565176E-03)            (37398.6523,-17163.9902) (-3.036007984E-04,-6.950417999E-03)            (3339.97461,-1854.17041)  (-1.302835299E-03,6.284262054E-03)            (4801.53174,-3119.79175)
  (5.846545100E-03,-1.618226990E-03)            (-18401.1426,10595.5410)  (3.206978086E-03,-3.666802309E-03)
       (-1.220703125E-04,0.00000000)             (10417.3730,0.00000000)        (6.103515625E-05,0.00000000)
   6.49792814               1   0.00000000    
            (3191.79639,-1126.11353)  (9.552558768E-04,-1.450251788E-02)            (3611.21167,-1906.18652)  (3.948183265E-03,-4.400999285E-03)            (41617.0000,-17372.7109)  (1.203994267E-02,-1.890041493E-02)            (3617.32275,-1908.04822)  (4.745263606E-03,-2.682159282E-02)            (5168.50342,-3229.77441)
  (-6.657325663E-03,4.940656945E-03)            (-19060.0352,10320.5830)  (-9.074928239E-03,1.128938515E-02)
        (1.220703125E-04,0.00000000)             (9860.90137,0.00000000)       (-6.103515625E-05,0.00000000)
   6.80508518               1   0.00000000    
            (3466.16870,-1145.46741)  (-1.700373180E-02,1.896882546E-03)            (3894.08716,-1949.51135)  (-5.321989302E-03,7.762924070E-04)            (45900.7891,-17524.7480) (-5.125480238E-03,-1.935859327E-03)            (3900.86523,-1951.47046)  (-1.581818052E-02,2.351614414E-03)            (5543.31152,-3321.27612)
  (7.017490454E-03,-1.321971184E-03)            (-19596.3223,10035.8164)  (1.171584800E-02,-3.228597576E-03)
       (-2.136230469E-04,0.00000000)             (9348.23633,0.00000000)       (-4.882812500E-04,0.00000000)
   7.19425583               1   0.00000000    
            (3838.24072,-1164.28735)   (2.260496095E-02,1.383837033E-02)            (4279.93115,-1994.42773)   (1.487882342E-02,2.179457247E-02)            (51701.2500,-17658.5254)   (2.636501379E-02,3.552649543E-02)            (4287.66064,-1996.57471)   (2.297924832E-02,2.502581477E-02)            (6054.53418,-3420.13867)
 (-9.188951924E-03,-8.512485772E-03)            (-20146.2559,9652.92188) (-1.223476697E-02,-1.457321178E-02)
        (1.525878906E-04,0.00000000)             (8725.87891,0.00000000)       (-1.831054688E-04,0.00000000)
   7.74141645               1   0.00000000    
            (4407.70410,-1181.47620)  (9.152514860E-03,-1.832719892E-03)            (4874.95117,-2040.87195)  (1.053074957E-03,-4.293589853E-03)            (60560.9961,-17749.3184)  (1.762514701E-03,-3.133360064E-03)            (4884.18506,-2043.42078)  (1.160968933E-02,-6.030240096E-03)            (6843.69775,-3529.78711)
  (3.840952413E-03,-1.514949981E-04)            (-20679.4473,9091.06641)  (4.943910055E-03,-3.177699400E-04)
       (-9.155273438E-05,0.00000000)             (7906.66406,0.00000000)       (-1.831054688E-04,0.00000000)
   8.08564568               1   0.00000000    
            (4793.73291,-1187.49011) (-6.842541508E-03,-9.771751240E-03)            (5281.04199,-2061.17773)  (8.231890388E-03,-6.441174075E-03)            (66556.0000,-17755.3594) (-2.936928533E-03,-1.268166397E-02)            (5291.30713,-2064.07422) (-2.655199030E-03,-1.556070335E-02)            (7383.20361,-3582.69702)
   (6.348550669E-04,3.878598101E-03)            (-20879.3457,8732.21094)   (1.354614738E-03,9.061640128E-03)
        (1.220703125E-04,0.00000000)             (7426.32812,0.00000000)        (3.662109375E-04,0.00000000)
   8.57612228               1   0.00000000    
            (5380.79346,-1190.57458)  (1.243986562E-02,-4.412692972E-03)            (5902.30225,-2079.61987) (-7.849108428E-03,-2.018049825E-03)            (75659.1875,-17703.8184) (-4.993958864E-04,-8.440605365E-03)            (5914.16699,-2083.12939)  (1.716775075E-02,-1.028263941E-02)            (8210.34766,-3638.67163)
  (-1.510467380E-03,1.047912287E-03)            (-21001.4609,8222.74023)  (-8.436513133E-03,4.339012376E-04)
       (-9.155273438E-05,0.00000000)             (6789.53320,0.00000000)             (0.00000000,0.00000000)
   9.04002666               1   0.00000000    
            (5975.97607,-1188.26245)   (4.582349677E-03,1.942536607E-02)            (6536.18555,-2086.80786)  (-6.269449368E-03,1.424325444E-02)            (84874.2266,-17597.0488)  (-1.302647311E-02,3.040229343E-02)            (6549.64404,-2091.04126)  (-2.338637831E-03,3.379374743E-02)            (9056.60059,-3672.25586)
 (-2.166044666E-03,-8.558466099E-03)            (-20963.2109,7749.45703) (-1.061448362E-03,-1.580953784E-02)
       (-1.220703125E-04,0.00000000)             (6238.27148,0.00000000)       (-3.662109375E-04,0.00000000)
   9.48126030               1   0.00000000    
            (6578.01025,-1181.95422)  (-5.086585879E-03,6.616181694E-03)            (7180.93164,-2085.39819)  (-4.957611207E-03,5.806129891E-03)            (94183.1250,-17448.6406)   (1.189736277E-02,2.349604294E-02)            (7195.98145,-2090.44116)   (2.078078501E-02,1.397453528E-02)            (9919.78516,-3688.30176)
  (5.905688740E-04,-3.912236076E-03)            (-20811.7285,7311.36133) (-2.013817430E-03,-6.688589230E-03)
        (6.103515625E-05,0.00000000)             (5758.59766,0.00000000)             (0.00000000,0.00000000)
   9.90285301               1   0.00000000    
            (7185.87012,-1172.61182) (-2.360493690E-02,-3.568628104E-03)            (7835.15625,-2077.26440)  (-9.649476036E-03,1.540891011E-03)            (103572.195,-17268.3809) (-3.708064556E-02,-4.178367555E-03)            (7851.78125,-2083.18433) (-5.177582800E-02,-7.297962438E-03)            (10798.0410,-3690.33179)
  (4.004662391E-03,-5.766525283E-04)            (-20582.7109,6906.21387)  (1.493624412E-02,-1.030411804E-03)
       (-1.220703125E-04,0.00000000)             (5339.09326,0.00000000)       (-2.441406250E-04,0.00000000)
   10.4385233               1   0.00000000    
            (8004.09668,-1156.58044)   (1.150919776E-02,6.372408941E-03)            (8720.26855,-2058.26050) (-1.200743369E-03,-2.516080160E-03)            (116197.859,-16990.0566)  (-9.018030250E-04,2.351663075E-03)            (8738.94043,-2065.43799)   (3.789564967E-02,1.486729179E-02)            (11989.9346,-3675.67285)
 (-7.635431248E-04,-3.353112377E-03)            (-20202.3086,6412.46094) (-3.938537091E-03,-2.849896438E-03)
       (-3.051757812E-05,0.00000000)             (4857.37988,0.00000000)             (0.00000000,0.00000000)
   11.0717258               1   0.00000000    
            (9037.37598,-1132.37292)  (1.659353147E-03,-8.560998249E-04)            (9844.37793,-2024.68311)   (6.193511654E-03,1.712199650E-03)            (132124.781,-16596.9824)  (1.005124487E-02,-7.218717597E-03)            (9865.50586,-2033.50867)   (1.616020314E-02,4.016259627E-04)            (13509.2480,-3635.91992)
  (-5.271354457E-04,8.323190850E-04)            (-19666.4375,5860.62500)  (-2.446754137E-03,2.002850641E-03)
             (0.00000000,0.00000000)             (4355.71289,0.00000000)        (6.103515625E-05,0.00000000)
   11.9017477               1   0.00000000    
            (10499.8770,-1093.30725) (-2.268034592E-02,-4.839988891E-03)            (11445.6162,-1964.89612) (-2.712552063E-02,-1.437226776E-03)            (154644.156,-15990.0605) (-1.359968446E-02,-3.828817513E-03)            (11469.9727,-1976.10632)  (1.190682594E-02,-4.851350095E-03)            (15683.0195,-3551.46948)
   (4.098651931E-03,2.471120795E-03)            (-18895.8926,5190.02197)  (-2.755157184E-04,3.294827882E-03)
        (1.220703125E-04,0.00000000)             (3795.75171,0.00000000)             (0.00000000,0.00000000)
   12.7845287               1   0.00000000    
            (12189.5166,-1044.20569)   (2.776146494E-02,9.915899485E-03)            (13307.6377,-1884.85986)   (1.267099380E-02,9.470446035E-03)            (180636.016,-15246.7686)   (3.384219855E-02,1.659768820E-02)            (13335.3828,-1898.76587)   (1.532845385E-02,1.401040144E-02)            (18222.9570,-3427.39819)
 (-3.934323322E-03,-2.782553667E-03)            (-18070.1875,4540.07617) (-1.665870426E-03,-7.047915831E-03)
             (0.00000000,0.00000000)             (3302.59277,0.00000000)       (-6.103515625E-05,0.00000000)
   13.8088694               1   0.00000000    
            (14322.9932,-979.485779)   (1.866904087E-02,4.415978678E-03)            (15673.5732,-1774.90308)  (-8.746274747E-03,5.813273136E-03)            (213429.188,-14280.4541)   (7.994898595E-03,6.320780609E-03)            (15705.0537,-1792.00708)   (4.679612175E-04,4.376432393E-03)            (21465.6836,-3247.25781)
   (6.310893805E-04,6.673400057E-04)            (-17178.1172,3862.35938)   (4.310522228E-03,2.039918210E-03)
        (3.051757812E-05,0.00000000)             (2836.79883,0.00000000)             (0.00000000,0.00000000)
   14.7623014               1   0.00000000    
            (16475.2754,-913.463501)   (1.385965478E-02,6.630368996E-03)            (18073.5703,-1659.68970)  (-1.917240582E-02,8.772379719E-03)            (246492.062,-13301.2119)   (5.686193239E-03,1.064663846E-02)            (18108.3887,-1679.68738)   (7.652051281E-03,1.393716224E-02)            (24769.3340,-3051.86694)
  (2.801700961E-03,-1.035774942E-03)            (-16449.0293,3299.50635)  (4.773724824E-03,-4.210037645E-03)
             (0.00000000,0.00000000)             (2484.24292,0.00000000)             (0.00000000,0.00000000)
   15.6577854               1   0.00000000    
            (18642.7012,-847.659119)   (1.113178674E-02,8.168541826E-03)            (20501.0664,-1542.95264)   (2.860670909E-02,1.038817107E-03)            (279773.156,-12327.4521) (-2.739039250E-03,-6.651417934E-04)            (20538.7715,-1565.48718)   (1.653139479E-02,1.521605626E-02)            (28122.4492,-2849.59814)
 (-5.941437557E-04,-1.132236095E-03)            (-15864.1328,2825.60645) (-4.205714911E-03,-2.283155918E-03)
       (-3.051757812E-05,0.00000000)             (2208.92236,0.00000000)       (-2.441406250E-04,0.00000000)
   16.9123421               1   0.00000000    
            (21916.6074,-751.132324)   (5.279290024E-03,3.519526683E-03)            (24183.6016,-1369.55347)   (2.927019261E-02,4.233926069E-03)            (330025.219,-10899.6641)  (-2.093956806E-02,1.123665273E-02)            (24225.0547,-1395.21545)  (-1.216496900E-02,5.133988336E-03)            (33226.6016,-2543.95020)
 (-6.256039487E-04,-2.203740180E-03)            (-15203.3672,2242.97803) (-5.466971081E-03,-4.064407200E-03)
        (3.051757812E-05,0.00000000)             (1893.65356,0.00000000)        (1.831054688E-04,0.00000000)
   18.0800533               1   0.00000000    
            (25212.4551,-658.397644)   (3.182618693E-02,1.679331996E-02)            (27905.7207,-1201.47266)  (-7.755906787E-03,1.242239587E-02)            (380596.656,-9527.30957)   (6.903749309E-04,1.288408320E-02)            (27950.3477,-1229.48413)   (3.917866386E-03,3.187796474E-02)            (38401.7188,-2243.65527)
 (-7.076321053E-04,-2.381786238E-03)            (-14738.2539,1777.77490)  (2.330008429E-04,-5.255463533E-03)
        (3.051757812E-05,0.00000000)             (1657.00891,0.00000000)             (0.00000000,0.00000000)
   19.1767921               1   0.00000000    
            (28526.2031,-569.971741) (-5.171528319E-04,-4.814549815E-03)            (31659.4746,-1040.39771)  (4.853450693E-03,-4.439271521E-03)            (431426.969,-8217.54102) (-8.320201188E-03,-5.684098229E-03)            (31706.7559,-1070.08093) (-5.117518455E-02,-7.780166343E-03)            (43633.0195,-1953.33179)
  (-1.326632686E-03,1.533150498E-04)            (-14413.9502,1401.27197) (-1.633834909E-03,-2.814589534E-04)
             (0.00000000,0.00000000)             (1472.91016,0.00000000)             (0.00000000,0.00000000)
   20.2141132               1   0.00000000    
            (31854.8496,-485.871613)  (3.559723496E-02,-7.728250697E-03)            (35439.2383,-886.812012) (-2.367922477E-02,-7.062521763E-03)            (482472.750,-6971.22412)  (-1.558193006E-02,9.966645390E-03)            (35488.8164,-917.567200) (-6.727726758E-02,-1.630554907E-02)            (48909.9258,-1674.81812)
   (3.803823842E-03,4.088447313E-04)            (-14191.9170,1093.25244)  (5.943323951E-03,-4.824127245E-06)
        (1.525878906E-05,0.00000000)             (1325.62219,0.00000000)             (0.00000000,0.00000000)
   21.5195675               1   0.00000000    
            (36312.6992,-380.150238) (-4.078496248E-02,-6.830448401E-04)            (40512.5820,-693.501343)  (6.610897370E-03,-2.126169624E-03)            (550813.875,-5404.04004)  (-5.541393906E-02,2.156984701E-04)            (40564.7109,-724.929138)  (3.334080428E-02,-1.931013772E-03)            (56003.7773,-1322.58203)
   (6.021580193E-04,5.264066858E-04)            (-14009.0166,764.148010)  (-1.201747917E-03,8.448185399E-04)
             (0.00000000,0.00000000)             (1169.66736,0.00000000)             (0.00000000,0.00000000)
   23.3412476               1   0.00000000    
            (43034.9727,-233.860443)  (1.526295487E-02,-5.871224683E-03)            (48181.6484,-426.043091) (-3.239757195E-02,-6.784773897E-03)            (653823.688,-3236.62305) (-8.452000469E-02,-7.776308339E-03)            (48236.6836,-457.235779)  (1.396504603E-02,-1.223264635E-02)            (66743.7188,-833.149231)
  (-3.413275816E-03,8.745561936E-04)            (-13894.5176,397.323303)  (-7.497787476E-03,1.231063157E-03)
       (-3.051757812E-05,0.00000000)             (994.217285,0.00000000)       (-6.103515625E-05,0.00000000)
   26.0963097               1   0.00000000    
            (54316.0430,-16.6879997) (-2.185066231E-02,-1.276723575E-03)            (61088.2617,-29.9419212)  (-5.869698524E-02,2.092581475E-03)            (826566.938,-27.2544880) (-3.195857629E-02,-7.759989239E-03)            (61145.8672,-58.5461197)      (0.124932103,-2.877299674E-03)            (84846.1875,-105.942772)
  (4.664713051E-03,-2.397749486E-04)            (-13936.7734,1.58968306) (-1.681538706E-04,-7.644772995E-04)
             (0.00000000,0.00000000)             (795.373657,0.00000000)             (0.00000000,0.00000000)
   28.5870743               1   0.00000000    
             (65677.0156,175.449310)  (1.238767616E-02,-3.383883508E-03)             (74120.2578,318.988708)  (6.271696836E-02,-1.732875942E-03)             (1000375.62,2798.08154)  (3.707092255E-02,-8.057189174E-03)             (74177.6406,294.552887) (-7.179495692E-02,-4.652839620E-03)             (103144.555,535.349731)
  (6.447116612E-04,-2.558378037E-05)           (-14110.7979,-237.469879)  (-4.405529704E-03,1.449748233E-04)
             (0.00000000,0.00000000)             (662.811523,0.00000000)             (0.00000000,0.00000000)
   33.0095100               1   0.00000000    
             (88595.3984,510.227173)  (4.365968332E-02,-1.838670485E-02)             (100485.930,923.009094) (-4.467579722E-02,-1.867424510E-02)             (1350542.38,7676.80664)     (-0.186547473,-2.665048279E-02)             (100536.203,908.917358)  (9.758927673E-02,-3.485123813E-02)             (140198.734,1643.87708)
  (-1.794653479E-03,1.678456552E-03)           (-14560.9375,-488.682190)  (-1.974857412E-03,2.349543618E-03)
        (7.629394531E-06,0.00000000)             (497.108551,0.00000000)        (1.525878906E-05,0.00000000)
   36.9057541               1   0.00000000    
             (111732.750,803.660767)     (-0.212894097,-9.538642131E-03)             (127186.156,1448.39612) (-5.463360623E-02,-1.534726191E-02)             (1703505.38,11899.9521)  (6.400930230E-03,-4.794862866E-02)             (127221.344,1445.49365)  (1.453612931E-02,-1.673445851E-02)             (177753.781,2604.63501)
   (4.171228968E-03,1.954188483E-04)           (-14994.1523,-603.513428)   (8.032540791E-03,5.658889422E-04)
             (0.00000000,0.00000000)             (397.686951,0.00000000)             (0.00000000,0.00000000)
  0.521926165               1   0.00000000    
       (37.8981323,-5.024880543E-02)   (9.217324077E-06,2.316786777E-05)       (52.4628525,-8.051067591E-02) (-2.821637281E-05,-1.508713740E-05)            (1209.37000,-956.489380) (-3.184803063E-05,-2.230374048E-05)       (52.5105171,-8.057578653E-02) (-2.291874844E-04,-6.128274254E-05)           (83.4256439,-0.129103869)
 (-1.992934813E-06,-8.171032096E-05)            (-1203.26245,951.734497)   (5.978802801E-05,1.873358560E-04)
       (-1.220703125E-04,0.00000000)             (19785.2441,0.00000000)       (-4.882812500E-04,0.00000000)
  0.639226437               1   0.00000000    
           (57.2173615,-0.167636007)  (5.827497444E-05,-4.576568608E-05)           (79.3035965,-0.268788248) (-3.760413892E-05,-1.441142467E-05)            (1602.36108,-1371.61389)  (1.191242627E-04,-7.164236740E-05)           (79.3757477,-0.269006044) (-1.098376379E-04,-1.244826708E-04)           (126.143135,-0.431327790)
  (7.291999646E-05,-6.712300819E-05)            (-1590.22803,1361.41589)  (1.250928763E-04,-1.879444171E-04)
        (1.831054688E-04,0.00000000)             (19735.9375,0.00000000)             (0.00000000,0.00000000)
  0.738115072               1   0.00000000    
           (76.7911911,-0.392413825)  (-7.874002767E-05,9.300837701E-05)           (106.563965,-0.629637599)  (-1.669042103E-04,2.642695836E-05)            (1943.41003,-1758.20837) (-9.758831584E-05,-2.210148068E-06)           (106.660858,-0.630155146)  (1.347564194E-05,-5.270473775E-04)            (169.553070,-1.01109731)
 (-1.091703307E-04,-9.934983973E-05)            (-1923.79346,1740.82764)  (7.495276077E-05,-5.073182983E-04)
       (-3.051757812E-05,0.00000000)             (19686.7949,0.00000000)       (-2.441406250E-04,0.00000000)
  0.825237751               1   0.00000000    
           (96.6164246,-0.756801486)  (-3.349035396E-04,1.827641827E-04)            (134.239624,-1.21515083)   (9.487784700E-05,3.925342753E-05)            (2249.85693,-2119.59375)  (4.839902977E-05,-7.092451415E-05)            (134.361984,-1.21616983)  (-1.118642758E-04,1.260442514E-05)            (213.650696,-1.95273256)
       (-2.314093581E-05,0.00000000)            (-2221.48291,2093.47388)  (-2.757224138E-06,7.089988503E-05)
             (0.00000000,0.00000000)             (19637.8105,0.00000000)        (1.220703125E-04,0.00000000)
  0.918945849               1   0.00000000    
            (120.731926,-1.41932654)  (2.469405008E-04,-1.377252629E-04)            (167.988968,-2.28082871)  (1.592173940E-04,-4.462912329E-05)            (2579.97754,-2530.03589)  (1.745689515E-04,-2.006117429E-04)            (168.142380,-2.28276300)   (2.298345062E-04,3.596646711E-04)            (267.461334,-3.66835308)
   (3.991400808E-05,1.912363368E-04)            (-2539.66821,2491.51099) (-2.903634158E-04,-4.894948215E-04)
       (-3.967285156E-04,0.00000000)             (19579.2441,0.00000000)        (1.220703125E-04,0.00000000)
   1.04385233               1   0.00000000    
            (157.525391,-2.97303295)   (3.188695337E-05,2.810037695E-04)            (219.645294,-4.78351927)  (-7.373858534E-05,2.441344441E-05)            (3026.93481,-3098.18140)   (2.290629345E-04,3.071610699E-04)            (219.846756,-4.78766632) (-1.369146048E-03,-7.035059389E-04)            (349.898193,-7.70321989)
  (2.610744559E-04,-3.686928540E-05)            (-2965.97681,3037.61670)  (8.350396529E-04,-2.471238840E-04)
       (-2.136230469E-04,0.00000000)             (19491.8203,0.00000000)       (-2.441406250E-04,0.00000000)
   1.16706240               1   0.00000000    
            (199.192703,-5.63728046)  (-5.091365892E-04,5.536999088E-04)            (278.357819,-9.08255005)  (1.406531374E-04,-4.275298124E-05)            (3469.13770,-3678.81445) (-3.279587327E-05,-1.520725200E-04)            (278.613647,-9.09061050) (-2.272732090E-04,-3.386816534E-04)            (443.701904,-14.6464491)
  (-1.504013926E-04,9.803942521E-05)            (-3381.91455,3589.42480)   (8.043689304E-04,6.417125696E-04)
        (6.103515625E-05,0.00000000)             (19395.2852,0.00000000)       (-2.441406250E-04,0.00000000)
   1.31002426               1   0.00000000    
            (254.350327,-10.8232136)   (4.414464638E-04,3.751688837E-06)            (356.364014,-17.4684620)  (1.146897339E-04,-4.692713555E-04)            (3990.18164,-4366.78369)   (7.583746337E-04,3.220183135E-05)            (356.692963,-17.4843807)  (2.451090550E-04,-9.454207029E-04)            (568.502563,-28.2194023)
 (-6.252783351E-05,-1.750775846E-05)            (-3864.00220,4234.05615)  (5.802582600E-04,-8.853940526E-04)
       (-1.525878906E-04,0.00000000)             (19270.7324,0.00000000)       (-2.441406250E-04,0.00000000)
   1.47623014               1   0.00000000    
            (327.577118,-20.9197235)  (1.240111451E-04,-1.337876165E-04)            (460.296326,-33.8400803) (-5.959228147E-04,-5.668578669E-04)            (4604.44336,-5173.68555) (-1.655125991E-03,-1.447971212E-03)            (460.724609,-33.8719711)  (6.200557254E-05,-3.080902097E-04)            (735.067505,-54.7917404)
  (5.876437644E-04,-2.779681527E-04)            (-4419.97021,4975.86865)  (8.173462120E-04,-3.593505244E-04)
       (-1.373291016E-03,0.00000000)             (19109.5176,0.00000000)       (-6.103515625E-04,0.00000000)
   1.65047550               1   0.00000000    
            (414.187653,-37.9126587)   (6.207678816E-04,7.448428078E-04)            (583.535950,-61.4873581)  (6.727612345E-04,-7.976238267E-04)            (5264.46875,-6024.41113) (-8.311043348E-05,-1.065074001E-03)            (584.083008,-61.5473061)   (9.894474642E-04,8.657664293E-04)            (932.967834,-99.8184280)
  (1.707899733E-03,-8.893997292E-04)            (-5001.59473,5739.72461)  (1.682690810E-03,-1.914297318E-04)
       (-8.148193359E-03,0.00000000)             (18922.4805,0.00000000)       (-1.037597656E-02,0.00000000)
   1.80800533               1   0.00000000    
            (499.861908,-60.4153633) (-2.528490499E-03,-3.805680317E-04)            (705.486084,-98.2316132)  (-1.178811654E-03,4.263051960E-04)            (5879.59082,-6780.11230)  (-1.506738714E-03,1.521840575E-03)            (706.151917,-98.3304825)  (-2.851239871E-03,1.035559253E-04)            (1129.16833,-159.879456)
  (4.515038338E-03,-1.051092637E-03)            (-5528.23926,6399.75781)  (6.931343116E-03,-1.432523597E-03)
       (-1.437377930E-02,0.00000000)             (18737.6250,0.00000000)       (-1.696777344E-02,0.00000000)
   2.02141142               1   0.00000000    
            (624.055847,-103.329361) (-1.229187590E-03,-7.178300875E-04)            (881.777222,-168.634430) (-9.580716724E-04,-2.074374497E-04)            (6747.75146,-7791.12842)  (-4.776850343E-03,3.370135091E-03)            (882.618774,-168.808243)  (-2.454515547E-03,1.505127148E-04)            (1413.33276,-275.496918)
   (1.109549194E-03,8.934283396E-04)            (-6245.65527,7253.43555)   (1.574594993E-03,8.181719459E-04)
        (4.364013672E-03,0.00000000)             (18464.8555,0.00000000)        (5.249023438E-03,0.00000000)
   2.27502346               1   0.00000000    
            (777.058350,-173.331573)  (-3.198988037E-03,1.129310040E-04)            (1096.83508,-284.230743) (-3.065425437E-03,-3.741585882E-03)            (7844.17285,-8936.90039) (-1.557144918E-03,-3.603340825E-03)            (1097.89893,-284.538879)  (-1.928514335E-03,1.007692073E-03)            (1760.53015,-466.588593)
  (3.518235171E-04,-4.343499313E-05)            (-7108.74512,8171.70264)   (3.470456693E-03,3.040450247E-05)
        (4.577636719E-04,0.00000000)             (18109.4824,0.00000000)       (-1.464843750E-03,0.00000000)
   2.55690575               1   0.00000000    
            (945.593994,-271.290741)  (2.929003385E-04,-1.056882320E-03)            (1328.93384,-447.409576)   (5.174573744E-04,6.736708456E-04)            (9158.35156,-10160.8945)  (-5.369840073E-04,1.713467180E-03)            (1330.22290,-447.912201)  (3.905338817E-04,-1.669532387E-03)            (2135.19092,-738.691589)
  (-1.421787427E-03,1.239945064E-03)            (-8081.22510,9089.36230)  (-2.421309939E-03,5.272205453E-04)
        (3.906250000E-03,0.00000000)             (17678.1836,0.00000000)        (5.126953125E-03,0.00000000)
   2.90596199               1   0.00000000    
            (1142.32861,-408.561615)  (1.778164529E-03,-1.681072987E-03)            (1589.27283,-678.890198)  (-2.131856279E-03,1.442504814E-03)            (10959.4502,-11545.2383)  (-2.668633824E-03,1.955703367E-03)            (1590.83228,-679.672729)  (4.516149871E-03,-1.253869501E-03)            (2553.40283,-1129.38635)
  (-1.862079371E-03,1.403668197E-03)            (-9311.85059,10025.2275) (-1.449439907E-03,-1.442504814E-03)
       (-3.906250000E-03,0.00000000)             (17097.5234,0.00000000)       (-4.150390625E-03,0.00000000)
   3.25942779               1   0.00000000    
            (1328.47253,-548.941345)   (8.320261259E-04,3.229703521E-03)            (1821.56543,-919.462891)   (1.095081214E-02,2.271371923E-04)            (13003.4355,-12811.5469)   (1.785671711E-02,4.418284632E-03)            (1823.42480,-920.561646)   (8.990976028E-03,6.658541504E-03)            (2921.61035,-1541.91638)
 (-1.527050161E-03,-1.863769372E-03)            (-10576.1250,10767.0156)  (2.895026701E-03,-5.501075648E-03)
       (-1.953125000E-03,0.00000000)             (16465.4121,0.00000000)       (-4.028320312E-03,0.00000000)
   3.57814574               1   0.00000000    
            (1491.42993,-666.129333)  (-2.978506032E-03,6.995391566E-03)            (2013.48071,-1124.02124)   (5.526632071E-03,8.675925201E-04)            (15075.9512,-13825.2930)   (7.411254570E-03,7.015884854E-03)            (2015.54187,-1125.40845)  (-3.137337044E-03,9.031158872E-03)            (3219.63965,-1899.00720)
  (3.131786827E-03,-3.545515705E-03)            (-11734.1367,11259.4707)  (7.488108240E-03,-6.216607057E-03)
        (2.136230469E-04,0.00000000)             (15865.0645,0.00000000)        (1.464843750E-03,0.00000000)
   3.87070823               1   0.00000000    
            (1643.32007,-762.904785)  (-6.281498354E-04,2.460869728E-03)            (2184.90649,-1296.20667) (-9.962888435E-03,-3.451129887E-03)            (17184.4883,-14663.0420) (-1.218564808E-02,-7.382608950E-03)            (2187.12451,-1297.82153)  (-1.821635175E-03,6.532759871E-03)            (3480.13232,-2205.05005)
  (7.390044630E-06,-2.778640017E-03)            (-12798.0430,11585.7305) (-7.390044630E-06,-5.527720321E-03)
       (-2.136230469E-04,0.00000000)             (15294.6826,0.00000000)             (0.00000000,0.00000000)
   4.10965061               1   0.00000000    
            (1771.30798,-833.379822) (-2.763821045E-03,-7.544113323E-03)            (2325.01514,-1423.92542) (-5.282571074E-03,-1.000389457E-03)            (19054.4355,-15268.0156)  (-3.275294788E-03,3.883864498E-03)            (2327.37061,-1425.73608) (-6.096490659E-03,-1.749700680E-02)            (3688.74097,-2436.03271)
   (2.687321976E-04,9.827354923E-03)            (-13652.7842,11758.6523)   (3.511170391E-03,1.198898070E-02)
       (-1.831054688E-04,0.00000000)             (14818.8252,0.00000000)       (-7.324218750E-04,0.00000000)
   4.36674786               1   0.00000000    
            (1915.93872,-900.869507)       (-6.479967386E-03,0.00000000)            (2480.42505,-1548.67444)  (-7.741988171E-03,3.022178542E-03)            (21234.4844,-15856.2295) (-9.387510829E-03,-7.419969188E-04)            (2483.17163,-1550.49292)  (-1.545271091E-02,2.417742740E-03)            (3916.34009,-2665.43726)
  (5.973491818E-03,-2.234327607E-03)            (-14558.1328,11870.6914)  (8.287021890E-03,-3.218099009E-03)
        (7.019042969E-04,0.00000000)             (14300.0977,0.00000000)        (1.098632812E-03,0.00000000)
   4.66824961               1   0.00000000    
            (2096.73633,-969.963562)   (1.902856049E-03,1.009360421E-02)            (2672.28052,-1679.26404)   (1.264151465E-02,9.759379318E-04)            (24014.0352,-16463.2012)   (1.482400764E-02,3.565070510E-04)            (2675.67896,-1681.07983)  (-9.046362247E-04,1.823533326E-02)            (4192.90723,-2910.40015)
  (4.701436032E-03,-6.412669551E-03)            (-15583.6748,11911.8418)  (6.114094518E-03,-1.028522663E-02)
       (-3.662109375E-04,0.00000000)             (13687.1660,0.00000000)       (-1.220703125E-03,0.00000000)
   4.95142651               1   0.00000000    
            (2278.79688,-1025.93506) (-7.997508161E-03,-4.305986688E-03)            (2864.00000,-1787.66394) (-2.955343807E-03,-1.175520290E-02)            (26845.1406,-16953.2344) (-1.372858323E-02,-2.583592199E-02)            (2868.14331,-1789.57068) (-1.416107174E-02,-9.245346300E-03)            (4465.44531,-3118.28027)
   (8.226751350E-03,1.602337696E-03)            (-16495.5879,11870.6729)   (1.322046667E-02,5.757072009E-03)
       (-7.934570312E-04,0.00000000)             (13111.0781,0.00000000)       (-1.708984375E-03,0.00000000)
   5.21926165               1   0.00000000    
            (2464.99414,-1070.84790) (-4.484101955E-04,-1.245584135E-04)            (3061.22266,-1877.02209)  (3.275884665E-04,-3.442794550E-03)            (29755.2480,-17346.8848)   (3.108978271E-03,9.865030879E-04)            (3065.97192,-1879.01917) (-1.012410782E-02,-2.590814838E-04)            (4744.44043,-3293.61597)
  (1.385089708E-03,-9.366792510E-04)            (-17324.5156,11768.7627)   (2.824984957E-03,4.414350260E-03)
        (2.136230469E-04,0.00000000)             (12569.3018,0.00000000)        (3.662109375E-04,0.00000000)
   5.47400808               1   0.00000000    
            (2656.79443,-1106.71057)  (2.048403723E-03,-8.010719903E-03)            (3266.94922,-1950.54358)  (-4.352857359E-03,2.215619897E-03)            (32757.5078,-17663.5762)  (-3.083056305E-03,6.322877482E-03)            (3272.08789,-1952.53333) (-5.340480711E-03,-1.021066401E-02)            (5035.71777,-3441.28589)
  (-1.758387196E-03,4.107258283E-03)            (-18088.1055,11624.3125)   (3.788501257E-03,9.113305248E-03)
        (2.136230469E-04,0.00000000)             (12059.4707,0.00000000)        (3.662109375E-04,0.00000000)
   5.83531189               1   0.00000000    
            (2950.25684,-1149.13049) (-2.239309717E-03,-3.347823396E-03)            (3583.02539,-2040.48572)   (4.195920192E-03,3.576210467E-03)            (37351.6055,-18032.5742)  (-8.419692516E-03,5.336463917E-03)            (3588.82788,-2042.48975)  (3.988421988E-03,-1.276740711E-02)            (5481.29248,-3626.80298)
   (1.063950476E-03,8.606301271E-04)            (-19072.7793,11359.6133) (-1.799246180E-03,-4.567744909E-04)
       (-2.746582031E-04,0.00000000)             (11349.9053,0.00000000)       (-2.441406250E-04,0.00000000)
   6.17551374               1   0.00000000    
            (3250.07886,-1181.18091)  (8.223774494E-04,-1.151918247E-02)            (3907.76562,-2111.44458)  (-1.079702284E-02,2.823791234E-03)            (42041.4609,-18303.3945)  (-2.511346480E-03,7.256967481E-03)            (3914.28442,-2113.49756) (-3.248244291E-03,-2.221304178E-02)            (5937.66504,-3778.03198)
   (4.269584548E-03,3.687435295E-03)            (-19883.5527,11060.8984)   (5.582735874E-03,1.054058224E-02)
       (-6.713867188E-04,0.00000000)             (10700.6602,0.00000000)       (-1.220703125E-03,0.00000000)
   6.49792814               1   0.00000000    
            (3555.58960,-1205.46045)  (5.864897743E-03,-9.583570994E-03)            (4240.53223,-2167.81128)       (-3.073565895E-03,0.00000000)            (46814.5156,-18498.7715)       (0.00000000,-6.674384233E-03)            (4247.83057,-2169.95972)  (5.148452474E-04,-1.042097062E-02)            (6404.63867,-3902.29077)
  (-2.715345239E-03,5.058513023E-03)            (-20540.8730,10745.0615)  (-4.385491367E-03,8.560082875E-03)
       (-1.525878906E-04,0.00000000)             (10105.7627,0.00000000)       (-6.103515625E-04,0.00000000)
   6.80508518               1   0.00000000    
            (3866.14355,-1223.75146)  (-5.489263567E-04,2.397087635E-03)            (4580.64160,-2212.64087) (-1.471383148E-03,-5.411311518E-03)            (51659.3438,-18635.6016)  (-1.041011699E-02,7.405644283E-04)            (4588.76562,-2214.93555)   (5.333357491E-03,5.612693261E-03)            (6881.73242,-4004.78345)
  (-4.472614732E-03,8.802313823E-04)            (-21063.4297,10423.2402)  (-9.412954561E-03,9.094641428E-05)
        (1.525878906E-04,0.00000000)             (9559.87891,0.00000000)        (4.882812500E-04,0.00000000)
   7.19425583               1   0.00000000    
            (4287.08447,-1240.97693)  (8.584594470E-04,-7.005030639E-04)            (5044.37256,-2258.26562)   (5.786025431E-04,6.603271700E-03)            (58215.6602,-18747.3184)   (2.074038424E-02,1.093334239E-02)            (5053.66260,-2260.81665) (-8.138197474E-03,-2.307539340E-03)            (7532.48877,-4114.12012)
 (-1.931534032E-03,-9.580408223E-04)            (-21580.8516,9996.34570) (-6.146570668E-04,-1.888611587E-03)
       (-3.967285156E-04,0.00000000)             (8900.13965,0.00000000)       (-3.051757812E-04,0.00000000)
   7.74141645               1   0.00000000    
            (4930.90186,-1255.54175)  (-7.120264694E-03,1.043468062E-02)            (5759.05322,-2303.71045)   (5.673672538E-03,1.342393458E-02)            (68223.0234,-18801.8887)  (-1.758819912E-03,1.340545993E-02)            (5770.15674,-2306.80664)   (8.601958863E-03,1.996777952E-02)            (8536.88574,-4232.60791)
  (3.454823745E-04,-4.275114741E-03)            (-22045.8281,9378.17188)  (3.731951583E-04,-8.550230414E-03)
       (-2.441406250E-04,0.00000000)             (8036.85986,0.00000000)       (-3.662109375E-04,0.00000000)
   8.08564568               1   0.00000000    
            (5367.06348,-1259.71216) (-4.106296692E-03,-1.131547149E-02)            (6246.47803,-2322.33765) (-8.046643808E-03,-5.974198692E-03)            (74990.6719,-18782.5059)  (8.540634066E-03,-1.994486898E-02)            (6258.83447,-2325.88794) (-1.821591402E-03,-2.031536400E-02)            (9223.32812,-4287.88281)
  (-2.952364739E-04,2.481530886E-03)            (-22193.2344,8987.27148)   (4.418899771E-03,1.012680680E-02)
             (0.00000000,0.00000000)             (7533.53076,0.00000000)       (-1.220703125E-04,0.00000000)
   8.57612228               1   0.00000000    
            (6029.96533,-1259.91809)  (-5.894506350E-03,3.110989928E-04)            (6991.71582,-2337.10181)  (-6.187184714E-03,1.616896014E-03)            (85261.7734,-18691.4668)   (5.084011704E-03,3.053681925E-03)            (7005.96338,-2341.45288)  (5.689836107E-03,-2.668902045E-03)            (10275.3027,-4343.31396)
  (-2.052844036E-03,1.002884819E-03)            (-22233.0430,8436.32617)  (8.473352063E-04,-1.424505841E-03)
       (-2.441406250E-04,0.00000000)             (6869.63037,0.00000000)       (-6.713867188E-04,0.00000000)
   9.04002666               1   0.00000000    
            (6701.67529,-1254.67249)  (-4.785147030E-03,1.954618096E-02)            (7751.59326,-2339.62305)  (-3.121779533E-03,1.596055739E-02)            (95653.5859,-18544.4043)   (6.778598297E-03,3.881621361E-02)            (7767.73975,-2344.89722)  (-2.254067361E-02,4.007614404E-02)            (11351.1299,-4372.59961)
 (-3.020379227E-04,-7.443082053E-03)            (-22113.8125,7928.09180) (-1.553338952E-04,-1.291860081E-02)
       (-1.831054688E-04,0.00000000)             (6298.11865,0.00000000)       (-3.051757812E-04,0.00000000)
   9.48126030               1   0.00000000    
            (7380.76270,-1245.38989)   (1.139503904E-02,7.928557694E-03)            (8524.06934,-2332.79639)   (1.441123895E-02,1.312374079E-04)            (106147.031,-18354.9219)   (9.752308019E-03,8.245337754E-03)            (8542.08789,-2339.07935)   (1.211005822E-02,2.031013928E-02)            (12447.9873,-4381.43457)
 (-1.707219286E-03,-2.826132579E-03)            (-21886.4648,7460.08008) (-5.226874258E-03,-8.181981742E-03)
        (9.155273438E-05,0.00000000)             (5803.31543,0.00000000)        (6.103515625E-05,0.00000000)
   9.90285301               1   0.00000000    
            (8066.14746,-1233.07837) (-2.390271798E-02,-1.532383077E-02)            (9307.47070,-2318.71997)  (1.864667283E-03,-1.068225037E-02)            (116727.266,-18133.0840) (-1.521984464E-03,-2.621405385E-02)            (9327.33984,-2326.09033) (-1.268635411E-02,-3.110142238E-02)            (13563.5498,-4374.05762)
   (4.242176656E-04,5.111882463E-03)            (-21588.7266,7029.03418)   (2.230983227E-03,8.564707823E-03)
        (2.441406250E-04,0.00000000)             (5372.50635,0.00000000)        (3.051757812E-04,0.00000000)
   10.4385233               1   0.00000000    
            (8988.36914,-1213.06335) (-1.337757427E-02,-8.878524415E-03)            (10366.8652,-2291.12109)  (8.440077305E-03,-1.182806678E-02)            (130949.516,-17799.2891) (-3.781592939E-03,-2.119486034E-02)            (10389.1172,-2300.02612) (-1.425944734E-02,-2.172298729E-02)            (15076.8818,-4344.07275)
   (1.743817702E-04,4.882689565E-03)            (-21128.8750,6505.82080)   (3.392971121E-03,7.159617729E-03)
             (0.00000000,0.00000000)             (4880.03662,0.00000000)             (0.00000000,0.00000000)
   11.0717258               1   0.00000000    
            (10152.4512,-1183.94458)   (5.094321445E-03,3.847163869E-03)            (11711.5469,-2246.16406)  (5.503875669E-03,-9.776445804E-04)            (148884.219,-17337.0645)   (5.026679114E-02,4.407327157E-03)            (11736.6465,-2257.06445)   (2.574640512E-02,5.686193239E-03)            (17004.9141,-4282.07227)
 (-6.053470541E-03,-1.265653642E-03)            (-20513.2305,5923.34180) (-1.098661218E-02,-6.711398717E-03)
       (-1.831054688E-04,0.00000000)             (4369.65430,0.00000000)       (-1.831054688E-04,0.00000000)
   11.9017477               1   0.00000000    
            (11799.3799,-1138.19055) (-1.104903501E-02,-1.568451710E-02)            (13625.8477,-2169.85571) (-4.928039853E-03,-1.069682930E-02)            (174232.875,-16634.6758)  (4.885440576E-04,-9.543639608E-03)            (13654.6357,-2183.58887) (-1.666728407E-02,-2.565420978E-02)            (19761.8184,-4162.81348)
  (3.824556712E-03,-1.505395339E-04)            (-19662.4863,5218.28906)   (6.226088852E-03,2.618819941E-03)
       (-6.103515625E-05,0.00000000)             (3802.81738,0.00000000)       (-6.103515625E-05,0.00000000)
   12.7845287               1   0.00000000    
            (13701.2383,-1081.73682)   (2.837472130E-04,1.145362668E-02)            (15850.5215,-2070.64722)  (-1.211264986E-03,1.263743173E-02)            (203479.609,-15785.7627)  (-8.927360177E-03,1.592645980E-02)            (15883.1680,-2087.53125)  (-1.191128325E-02,2.387138270E-02)            (22980.9316,-3995.93140)
  (5.450692959E-03,-2.366086002E-03)            (-18779.6348,4537.79834)  (8.381223306E-03,-7.462858222E-03)
       (-1.525878906E-04,0.00000000)             (3305.84180,0.00000000)       (-1.831054688E-04,0.00000000)
   13.8088694               1   0.00000000    
            (16101.7139,-1008.37201)   (4.500343278E-02,1.103335433E-02)            (18675.4922,-1937.08838)   (2.663427964E-02,1.266792696E-02)            (240367.641,-14693.8330)   (7.744439412E-03,2.542812377E-02)            (18712.4004,-1957.64819)   (1.369612291E-02,1.708390377E-02)            (27087.7969,-3760.66992)
 (-2.278842498E-03,-3.094480373E-03)            (-17850.6562,3831.21973) (-3.822786966E-03,-5.661679432E-03)
       (-3.051757812E-05,0.00000000)             (2838.02930,0.00000000)       (-1.831054688E-04,0.00000000)
   14.7623014               1   0.00000000    
            (18522.5742,-934.313843)  (1.023091935E-02,-5.784838460E-03)            (21539.6211,-1799.13928) (-1.474041678E-02,-5.841206759E-03)            (277548.656,-13596.8848) (-4.551772773E-02,-4.453127738E-03)            (21580.1875,-1822.94836) (-4.771610349E-02,-1.035774965E-02)            (31269.0117,-3510.32568)
   (3.634900786E-03,1.007590676E-03)            (-17107.7578,3247.06592)   (1.110463403E-02,2.455561655E-03)
             (0.00000000,0.00000000)             (2484.70898,0.00000000)       (-6.103515625E-05,0.00000000)
   15.6577854               1   0.00000000    
            (20959.7656,-861.054260)   (2.367606573E-02,3.856328549E-03)            (24435.2363,-1660.71899) (-2.464761958E-02,-3.736789222E-05)            (314966.031,-12513.2666) (-6.591631100E-03,-1.711432706E-03)            (24479.0430,-1687.32361)   (3.706858493E-03,4.244951066E-03)            (35510.2617,-3254.37915)
 (-3.003414953E-03,-3.138871980E-04)            (-16522.2461,2757.47632) (-1.737589948E-03,-1.169603667E-03)
        (6.103515625E-05,0.00000000)             (2209.09839,0.00000000)        (1.831054688E-04,0.00000000)
   16.9123421               1   0.00000000    
            (24640.2207,-754.353210)   (3.882376850E-02,1.856631279E-04)            (28825.8691,-1456.94922)  (1.574302092E-02,-2.619463950E-03)            (371449.938,-10934.7676)   (1.817076467E-02,3.632538719E-03)            (28873.8750,-1486.90820)   (3.119139932E-02,1.679040259E-03)            (41962.2109,-2871.83716)
   (5.882694968E-04,2.179523581E-04)            (-15873.5410,2159.03540)   (1.507503679E-03,2.058438258E-04)
       (-1.525878906E-05,0.00000000)             (1893.69446,0.00000000)       (-6.103515625E-05,0.00000000)
   18.0800533               1   0.00000000    
            (28344.5254,-652.490173)   (2.360643633E-02,1.018300070E-03)            (33261.7070,-1260.96558) (-1.066841744E-02,-6.601689965E-04)            (428281.031,-9426.65039)  (-7.041803561E-03,2.103048190E-02)            (33313.1680,-1293.34204)   (3.204192966E-02,5.298610777E-03)            (48499.7656,-2499.49585)
   (8.252112893E-04,1.024772137E-04)            (-15427.8672,1684.51086)   (8.284474607E-04,2.243711788E-04)
             (0.00000000,0.00000000)             (1657.01807,0.00000000)        (6.103515625E-05,0.00000000)
   19.1767921               1   0.00000000    
            (32068.2871,-555.793823) (-2.258078754E-02,-4.485037178E-03)            (37733.7461,-1074.19006) (-3.289866447E-02,-4.292821046E-03)            (485393.250,-7994.03076)   (2.985295653E-02,6.681790575E-03)            (37788.1758,-1108.17871)  (4.298312962E-02,-7.652022410E-03)            (55104.9023,-2141.87378)
  (-4.019371234E-03,4.771072709E-04)            (-15125.9336,1303.10486)  (-2.935868921E-03,5.285936641E-04)
       (-1.525878906E-05,0.00000000)             (1472.91211,0.00000000)        (6.103515625E-05,0.00000000)
   20.2141132               1   0.00000000    
            (35808.3086,-464.142639) (-4.153090715E-02,-3.405833151E-03)            (42235.5938,-896.831055)  (2.753128856E-02,-5.383725278E-03)            (542738.438,-6635.57471)  (2.078716084E-02,-5.788952112E-03)            (42292.5586,-931.748352)  (-8.480814286E-03,6.560815964E-04)            (61764.9531,-1800.46130)
   (1.240403624E-03,3.075380810E-04)            (-14926.9902,993.123291)  (-7.790965028E-04,5.330660497E-04)
       (-3.051757812E-05,0.00000000)             (1325.62231,0.00000000)       (-6.103515625E-05,0.00000000)
   21.5195675               1   0.00000000    
            (40816.6367,-349.244415)   (4.329373688E-02,1.756400801E-03)            (48276.7617,-674.342285)   (2.482585236E-02,3.574429778E-03)            (619505.812,-4932.43896)  (2.846191078E-02,-3.379274160E-03)            (48336.4219,-709.653076)   (1.717369258E-02,6.635291968E-03)            (70714.8438,-1370.38672)
  (2.546652919E-03,-8.704969077E-04)            (-14774.2715,664.262634)  (3.001801902E-03,-9.064465994E-04)
             (0.00000000,0.00000000)             (1169.66699,0.00000000)        (3.051757812E-05,0.00000000)
   23.3412476               1   0.00000000    
            (48368.3945,-190.625107)  (4.625956714E-02,-4.489760380E-03)            (57407.0820,-367.420044)  (5.696034431E-02,-8.606300689E-03)            (735204.125,-2583.56836)  (-4.113756865E-02,4.790564999E-04)            (57469.6211,-401.939697)     (-0.109859861,-1.258915290E-02)            (84260.2031,-774.957092)
   (8.146744221E-05,7.840368198E-04)            (-14701.5391,301.084137)   (1.302086515E-03,1.623777905E-03)
             (0.00000000,0.00000000)             (994.217163,0.00000000)             (0.00000000,0.00000000)
   26.0963097               1   0.00000000    
             (61041.0742,44.5362511)      (0.144671500,-1.141577959E-02)             (72770.4531,86.2355423) (-4.891486838E-02,-1.220672857E-03)             (929208.062,887.678772) (-2.151591145E-02,-7.436138112E-03)             (72835.0703,55.4039268) (-2.127457783E-02,-1.808588207E-02)             (107083.898,107.368790)
  (-3.600906115E-03,1.305527985E-03)           (-14801.8125,-85.7481537)  (-1.167735201E-03,2.129949164E-03)
             (0.00000000,0.00000000)             (795.373474,0.00000000)             (0.00000000,0.00000000)
   28.5870743               1   0.00000000    
             (73803.7656,252.704544)  (-9.175542742E-02,1.971658086E-03)             (88282.1562,485.923706) (-3.418208286E-02,-2.496978501E-03)             (1124403.50,3943.02100)      (0.150156423,-9.128298610E-03)             (88345.9062,460.426910)   (9.159339964E-02,1.146154362E-03)             (130151.195,885.079163)
 (-6.377187558E-03,-1.654418884E-04)           (-15020.3164,-316.183990) (-6.643258967E-03,-5.372597370E-04)
       (-1.525878906E-05,0.00000000)             (662.811279,0.00000000)       (-3.051757812E-05,0.00000000)
   33.0095100               1   0.00000000    
             (99551.9219,616.455017)  (-2.079877816E-02,3.371684114E-03)             (119667.453,1179.64758)  (4.745172709E-02,-7.223911118E-03)             (1517677.12,9230.29785)  (-4.225455225E-02,9.453319944E-03)             (119720.609,1166.77515)     (-0.250366211,-2.520885901E-04)             (176863.469,2232.26367)
   (4.592244979E-03,4.012737190E-04)           (-15530.0352,-554.507202)   (1.172162406E-02,8.990500355E-04)
        (7.629394531E-06,0.00000000)             (497.108459,0.00000000)        (3.051757812E-05,0.00000000)
   36.9057541               1   0.00000000    
             (125549.133,936.737061)     (-0.205591112,-1.015517395E-02)             (151456.062,1785.78870)  (3.076498397E-02,-8.107405156E-03)             (1914116.62,13825.2012)     (-0.171801254,-1.229542308E-02)             (151488.531,1786.25562) (-2.675091475E-02,-1.442686561E-02)             (224214.188,3404.67944)
  (-2.344063018E-03,3.556072479E-04)           (-15999.7734,-661.231323)  (-3.168537747E-03,8.125020540E-04)
       (-7.629394531E-06,0.00000000)             (397.686829,0.00000000)       (-1.525878906E-05,0.00000000)
  0.521926165               1   0.00000000    
       (26.6144485,-2.117315866E-02)  (1.051273066E-04,-1.226900349E-05)       (24.2254162,-2.238857560E-02)  (1.255899042E-05,-1.288790372E-05)            (734.419739,-552.506958)  (9.601798956E-05,-3.608301631E-05)       (24.2510624,-2.240855806E-02)  (6.427214976E-05,-1.532068563E-05)       (25.6932716,-2.369448729E-02)
 (-4.035692837E-05,-9.236006736E-05)            (-731.333191,550.215088)  (-4.633573189E-05,1.343985350E-04)
        (3.051757812E-04,0.00000000)             (14865.4424,0.00000000)        (6.103515625E-05,0.00000000)
  0.639226437               1   0.00000000    
       (40.1232224,-7.087609172E-02) (-1.583492704E-04,-4.332485332E-05)       (36.5575027,-7.498621941E-02)   (5.962411160E-05,1.568428729E-06)            (979.786255,-798.639038)  (-8.876159700E-05,3.794737495E-06)       (36.5962410,-7.505604625E-02)   (4.637589518E-05,1.525522748E-05)       (38.7791862,-7.940897346E-02)
  (-9.671815496E-05,1.644513686E-04)            (-973.611816,793.680786) (-1.830627662E-05,-6.742811092E-05)
       (-3.051757812E-05,0.00000000)             (14834.5547,0.00000000)       (-6.103515625E-05,0.00000000)
  0.738115072               1   0.00000000    
           (53.7721329,-0.166559577)   (7.750696386E-05,6.658553320E-05)           (49.0421982,-0.176322013) (-6.907368515E-05,-5.996331311E-05)            (1193.55225,-1030.19324)  (4.528212594E-05,-6.498365110E-05)           (49.0942345,-0.176486224) (-7.750702025E-06,-1.226019376E-04)           (52.0316772,-0.186830357)
   (1.368702506E-04,1.208404065E-04)            (-1183.52954,1021.68933)  (-1.303526005E-05,5.143644012E-05)
       (-1.831054688E-04,0.00000000)             (14803.7539,0.00000000)        (6.103515625E-05,0.00000000)
  0.825237751               1   0.00000000    
           (67.5622406,-0.322342247)   (9.847209185E-06,1.532225579E-04)           (61.6809616,-0.341432959)  (-1.551919850E-04,9.470359510E-05)            (1386.09204,-1249.68896)  (-1.587369916E-04,9.300456441E-05)           (61.7463646,-0.341756046)  (-2.346589317E-04,7.877791290E-07)           (65.4525528,-0.361996591)
  (-8.301196067E-05,4.569104203E-05)            (-1371.54639,1236.82312)   (1.514500473E-04,1.575553324E-05)
       (-2.746582031E-04,0.00000000)             (14773.0342,0.00000000)        (3.051757812E-04,0.00000000)
  0.918945849               1   0.00000000    
           (84.2953796,-0.607865810) (-1.187551316E-04,-9.298647637E-05)           (77.0497131,-0.644310355)  (-1.059804563E-04,3.186815229E-05)            (1595.85510,-1498.62805)  (-1.467168622E-04,6.348958414E-05)           (77.1315231,-0.644927382) (-3.881746306E-05,-2.193077307E-05)           (81.7789841,-0.683592498)
  (-3.483703185E-04,9.824986046E-05)            (-1575.10498,1479.54932)   (3.405848984E-04,1.491292642E-05)
             (0.00000000,0.00000000)             (14736.2822,0.00000000)             (0.00000000,0.00000000)
   1.04385233               1   0.00000000    
            (109.765877,-1.28271961)  (9.018029959E-05,-1.245584281E-04)            (100.508904,-1.36102390)   (2.222122275E-04,1.796754805E-05)            (1877.67761,-1849.88220)  (-9.404159755E-06,8.189719665E-06)            (100.615822,-1.36235142)  (-5.430746387E-05,7.971737432E-06)            (106.714302,-1.44551337)
 (-1.494701428E-05,-7.772444224E-05)            (-1846.21106,1819.61792) (-2.725338272E-04,-2.899719984E-04)
       (-9.155273438E-05,0.00000000)             (14681.3789,0.00000000)       (-1.220703125E-04,0.00000000)
   1.16706240               1   0.00000000    
            (138.558670,-2.45509577)   (1.743542089E-04,7.631476910E-05)            (127.116707,-2.60793209)   (1.063602467E-04,3.070694947E-05)            (2159.19214,-2210.29443)  (-2.128597407E-04,3.397958062E-05)            (127.251968,-2.61051655) (-6.795914669E-05,-4.344929184E-04)            (135.017929,-2.77302122)
  (-1.108513970E-04,3.375675878E-04)            (-2114.01758,2165.30054)  (1.882802462E-04,-1.292337838E-04)
       (-3.051757812E-05,0.00000000)             (14620.6885,0.00000000)             (0.00000000,0.00000000)
   1.31002426               1   0.00000000    
            (176.697250,-4.77478981)  (4.164353304E-04,-3.151402343E-04)            (162.490646,-5.07943916)  (1.452990400E-04,-1.485817484E-04)            (2485.08228,-2645.39697)   (6.787395687E-04,3.712590114E-05)            (162.664169,-5.08459091)   (3.751669647E-05,2.050912735E-04)            (172.682358,-5.40901041)
 (-3.001335608E-05,-1.413128921E-04)            (-2419.69556,2577.94922)   (2.501112613E-05,2.501124982E-06)
        (1.220703125E-04,0.00000000)             (14542.2891,0.00000000)             (0.00000000,0.00000000)
   1.47623014               1   0.00000000    
            (227.557129,-9.40363884)   (9.977261070E-04,5.154213286E-04)            (209.856155,-10.0225649)   (1.077572699E-03,5.178874926E-05)            (2869.59375,-3161.49609)   (1.522687031E-03,4.701502039E-04)            (210.080780,-10.0329742)   (3.523045962E-05,4.594049242E-04)            (223.179260,-10.6933270)
 (-1.930628059E-04,-1.300003350E-04)            (-2773.92480,3059.92188) (-1.465586392E-04,-3.346891899E-04)
       (-2.136230469E-04,0.00000000)             (14440.5967,0.00000000)        (6.103515625E-05,0.00000000)
   1.65047550               1   0.00000000    
            (288.393799,-17.4807320)  (5.514436052E-04,-5.963222939E-04)            (266.734497,-18.6721725)  (7.681806455E-04,-2.020646934E-04)            (3275.37524,-3710.60620)  (7.622230914E-04,-5.788189010E-04)            (267.021942,-18.6920395)  (3.466216367E-05,-4.947236739E-04)            (283.916443,-19.9660511)
  (-1.077678520E-03,6.809344632E-05)            (-3139.29102,3562.97363)  (-1.282500336E-03,2.642005857E-04)
        (7.629394531E-03,0.00000000)             (14322.4307,0.00000000)        (5.676269531E-03,0.00000000)
   1.80800533               1   0.00000000    
            (349.695160,-28.6210155) (-7.076320617E-05,-6.964135682E-04)            (324.203217,-30.6376743) (-6.062336615E-04,-6.189623964E-04)            (3650.78223,-4207.46143) (-1.569735236E-03,-7.123784744E-04)            (324.554596,-30.6711903)  (7.145358250E-04,-3.050584928E-04)            (345.392151,-32.8322830)
   (1.089063124E-03,3.982588532E-04)            (-3469.25146,4008.37695)   (9.941369062E-04,4.308357893E-04)
       (-7.415771484E-03,0.00000000)             (14205.3896,0.00000000)       (-5.432128906E-03,0.00000000)
   2.02141142               1   0.00000000    
            (441.163788,-51.1799965)  (3.222516971E-04,-2.576083643E-04)            (410.064240,-54.9600716) (-1.302514647E-05,-9.288856527E-04)            (4169.10596,-4876.85400) (-1.447236264E-05,-1.227739995E-04)            (410.511230,-55.0220337)   (5.248649395E-04,2.894454610E-06)            (437.434875,-59.0858841)
 (-2.001047833E-03,-2.894492354E-06)            (-3910.94629,4592.19141) (-1.806153217E-03,-2.990959911E-05)
        (1.190185547E-02,0.00000000)             (14032.1846,0.00000000)        (8.972167969E-03,0.00000000)
   2.27502346               1   0.00000000    
            (559.211060,-91.2511368)  (6.037465646E-04,-9.403678705E-04)            (520.638672,-98.3953476) (-6.623837544E-05,-8.635421400E-04)            (4813.15283,-5656.21680)  (9.213649901E-04,-2.029771917E-03)            (521.212219,-98.5092926) (-1.107592761E-04,-2.215185523E-04)            (556.295776,-106.221794)
 (-2.219528891E-03,-5.646550562E-05)            (-4437.48193,5245.20117)  (-2.282509580E-03,9.859745624E-04)
        (8.453369141E-03,0.00000000)             (13805.6807,0.00000000)        (6.774902344E-03,0.00000000)
   2.55690575               1   0.00000000    
            (695.988464,-153.705627)  (-3.343946300E-04,2.172344975E-04)            (647.603943,-166.562973) (-9.543671040E-04,-2.429967135E-04)            (5568.69141,-6487.82080) (-1.684176532E-04,-5.435533240E-04)            (648.326721,-166.763733)  (-1.230181661E-03,9.519264131E-05)            (693.159790,-180.713058)
  (2.509179991E-03,-3.722275724E-04)            (-5022.98828,5904.79053)  (1.794015057E-03,-8.445294807E-04)
       (-4.486083984E-03,0.00000000)             (13529.4688,0.00000000)       (-3.356933594E-03,0.00000000)
   2.90596199               1   0.00000000    
            (863.430725,-253.136124)  (-2.810110105E-03,3.506396664E-03)            (799.712524,-276.134033)  (-3.109707497E-03,5.715231411E-03)            (6580.43750,-7470.35400)  (-1.001431257E-03,4.046642222E-03)            (800.607056,-276.479401)  (-2.959908685E-03,3.855926218E-03)            (857.442993,-301.598175)
  (6.935119163E-04,-2.313555684E-03)            (-5754.70703,6627.83203) (-4.022368812E-04,-4.033465404E-03)
        (5.493164062E-04,0.00000000)             (13155.1729,0.00000000)        (6.713867188E-04,0.00000000)
   3.25942779               1   0.00000000    
            (1022.28180,-368.054047) (-2.083127853E-03,-1.642855117E-03)            (938.189819,-404.378418)  (-3.343272489E-03,1.003448560E-04)            (7707.86133,-8380.72852) (-2.067570575E-03,-9.334413335E-06)            (939.242920,-404.896606)  (-3.988902550E-03,2.675862634E-04)            (1006.76862,-444.857208)
   (2.863717265E-03,9.489979129E-04)            (-6503.68359,7228.80518)   (1.897217939E-03,2.240256872E-04)
       (-6.103515625E-05,0.00000000)             (12744.5020,0.00000000)       (-4.272460938E-04,0.00000000)
   3.57814574               1   0.00000000    
            (1156.03271,-473.877747)  (5.600443110E-04,-2.346598310E-03)            (1048.74402,-524.171631)   (1.602825709E-03,3.740211832E-04)            (8826.62012,-9141.42188) (-4.095445853E-03,-5.362677039E-04)            (1049.95837,-524.850769)  (1.110055018E-03,-4.010052886E-03)            (1125.10767,-580.554382)
  (-4.834576393E-04,3.221022198E-03)            (-7183.09766,7672.88672)   (1.219891710E-03,3.221021965E-03)
       (-7.324218750E-04,0.00000000)             (12351.2061,0.00000000)       (-8.544921875E-04,0.00000000)
   3.87070823               1   0.00000000    
            (1272.81750,-566.336914)  (3.408637596E-03,-2.231779974E-03)            (1139.93640,-630.417053)   (2.806351986E-03,2.568025084E-04)            (9948.49707,-9766.40234)   (1.853042399E-03,9.551574476E-04)            (1141.29382,-631.268433)  (4.029859323E-03,-3.310719971E-03)            (1221.41418,-702.695557)
  (-1.544394414E-03,2.619754989E-03)            (-7806.41748,7983.86279)  (-2.174969297E-03,3.288550070E-03)
        (7.934570312E-04,0.00000000)             (11974.4375,0.00000000)        (9.765625000E-04,0.00000000)
   4.10965061               1   0.00000000    
            (1367.86877,-636.635193)  (7.463690708E-04,-7.571575698E-04)            (1211.24683,-712.412842)   (6.338742096E-03,2.104740590E-03)            (10948.7607,-10244.7451)  (1.435852959E-03,-2.518627327E-03)            (1212.68103,-713.379517)   (1.955663087E-03,3.060014569E-04)            (1295.62744,-798.292297)
 (-1.060707029E-03,-1.883086079E-04)            (-8320.99805,8189.26416)  (-1.083755167E-03,1.114159124E-03)
        (1.708984375E-03,0.00000000)             (11657.7119,0.00000000)        (1.586914062E-03,0.00000000)
   4.36674786               1   0.00000000    
            (1471.20520,-706.219543) (-3.135770792E-03,-1.696588472E-03)            (1286.11523,-794.809753)  (-1.206917339E-03,1.398539171E-03)            (12105.2539,-10717.5410) (-2.296855673E-03,-2.200979739E-03)            (1287.62732,-795.890808) (-3.570338944E-03,-1.984216506E-03)            (1372.26917,-895.729797)
   (4.668744514E-04,1.363106770E-03)            (-8869.13184,8356.54590)   (2.357299440E-03,1.171354670E-03)
       (-1.098632812E-03,0.00000000)             (11309.8584,0.00000000)       (-7.934570312E-04,0.00000000)
   4.66824961               1   0.00000000    
            (1595.88831,-779.283997)  (3.478171537E-03,-4.826213233E-03)            (1373.58252,-882.943115)  (1.110574976E-02,-4.734858871E-03)            (13570.5449,-11211.7080)  (8.886703290E-03,-4.128796980E-03)            (1375.19543,-884.159790)  (6.305717863E-03,-7.246004883E-03)            (1460.03601,-1001.77020)
  (-6.872786209E-03,3.308830317E-03)            (-9497.52930,8482.57715)  (-7.694980595E-03,3.538331948E-03)
       (-1.831054688E-04,0.00000000)             (10895.1787,0.00000000)       (-2.441406250E-04,0.00000000)
   4.95142651               1   0.00000000    
            (1718.92749,-839.738525)   (2.681197831E-03,2.292430028E-03)            (1457.94434,-957.502930) (-6.897969288E-04,-9.595120791E-04)            (15065.6143,-11625.0107)   (3.828595218E-04,7.229425944E-03)            (1459.77905,-958.744751)   (4.521050025E-03,1.512531191E-03)            (1543.05383,-1093.19800)
 (-2.788729034E-03,-1.621244126E-03)            (-10072.1660,8543.54785) (-2.193170367E-03,-2.949435730E-03)
        (1.220703125E-04,0.00000000)             (10501.6445,0.00000000)       (-3.051757812E-04,0.00000000)
   5.21926165               1   0.00000000    
            (1842.19934,-890.324829)  (3.365568351E-03,-3.537458542E-04)            (1541.43689,-1021.25372)  (-2.235200722E-03,6.158167496E-03)            (16590.1992,-11975.5850)   (1.146560069E-03,2.065178240E-03)            (1543.60461,-1022.47681)  (1.434913022E-03,-2.486185869E-03)            (1623.94678,-1172.84033)
  (-1.636697445E-03,1.746308990E-03)            (-10596.7949,8557.73828)  (-2.204684075E-03,4.733219685E-04)
        (2.136230469E-04,0.00000000)             (10128.0225,0.00000000)       (-2.441406250E-04,0.00000000)
   5.47400808               1   0.00000000    
            (1966.26428,-932.994446)  (3.940041643E-03,-5.084429868E-03)            (1624.87537,-1076.16602)  (6.522100884E-03,-1.175741665E-02)            (18139.3145,-12271.0117)  (5.620045587E-03,-1.310821343E-02)            (1627.41394,-1077.40344)  (2.913226606E-03,-4.436465912E-03)            (1703.73645,-1242.73486)
  (-2.384142950E-03,3.796339734E-03)            (-11072.1855,8534.03418)  (-2.659789287E-03,2.712044399E-03)
        (2.746582031E-04,0.00000000)             (9773.15723,0.00000000)        (1.220703125E-04,0.00000000)
   5.83531189               1   0.00000000    
            (2154.53027,-985.297668)  (2.356288489E-03,-1.281197037E-04)            (1750.93518,-1145.24475)   (1.763038570E-03,3.698759712E-03)            (20504.1445,-12630.7598)  (-3.722434631E-03,7.350170985E-03)            (1754.08093,-1146.58142)  (6.578668486E-03,-2.556823427E-03)            (1822.71216,-1332.70923)
  (-4.640161525E-03,3.509366070E-04)            (-11698.3262,8447.05859) (-5.587133113E-03,-9.859644342E-04)
        (3.967285156E-04,0.00000000)             (9273.66992,0.00000000)        (3.051757812E-04,0.00000000)
   6.17551374               1   0.00000000    
            (2351.30542,-1024.72009)  (-1.073807105E-02,5.706534255E-03)            (1885.77673,-1199.41223) (-8.256199770E-03,-4.621821456E-03)            (22977.4688,-12905.1465) (-7.628363557E-03,-5.217235070E-03)            (1889.23169,-1200.75342)  (-9.500082582E-03,8.948883042E-03)            (1950.31824,-1405.45471)
  (2.608617302E-03,-3.257086966E-03)            (-12272.0088,8313.93262)  (3.333724337E-03,-3.837762401E-03)
        (1.220703125E-04,0.00000000)             (8810.57812,0.00000000)        (3.662109375E-04,0.00000000)
   6.49792814               1   0.00000000    
            (2552.41138,-1055.91016)  (-1.483127382E-02,7.133402862E-03)            (2024.36841,-1243.82727)  (-4.466130398E-03,8.094860823E-04)            (25503.7656,-13119.5283)  (-9.358714335E-03,2.378834644E-03)            (2028.15234,-1245.17773)  (-1.490260940E-02,4.112561699E-03)            (2080.79907,-1466.78174)
  (1.091565751E-02,-5.108136684E-03)            (-12764.4717,8155.05273)  (1.343871094E-02,-5.669504404E-03)
       (-1.525878906E-04,0.00000000)             (8380.81445,0.00000000)       (-2.441406250E-04,0.00000000)
   6.80508518               1   0.00000000    
            (2757.36719,-1080.80078)  (-9.179092012E-03,4.959827755E-03)            (2166.36890,-1280.61279)  (-1.173371170E-02,6.743027363E-03)            (28075.8086,-13286.5742)  (-7.059715223E-03,9.403210133E-03)            (2170.50391,-1281.98413)  (-8.519731462E-03,7.983796299E-03)            (2214.00146,-1518.99109)
  (4.646387883E-03,-4.859137349E-03)            (-13182.1660,7980.62109)  (3.995146137E-03,-4.823408090E-03)
             (0.00000000,0.00000000)             (7981.58398,0.00000000)        (6.103515625E-05,0.00000000)
   7.19425583               1   0.00000000    
            (3036.11230,-1106.40027)  (7.978524081E-03,-2.153016860E-03)            (2360.72266,-1320.24158) (-8.361400687E-04,-1.088526682E-03)            (31567.3691,-13452.0283) (-1.898912364E-03,-2.963402309E-03)            (2365.37622,-1321.66833)  (7.726136595E-03,-3.969517536E-03)            (2395.85889,-1577.11597)
 (-5.391126615E-04,-1.098828216E-04)            (-13635.0283,7735.53418)   (1.074791537E-03,7.726137410E-04)
       (-1.831054688E-04,0.00000000)             (7492.43164,0.00000000)       (-1.220703125E-04,0.00000000)
   7.74141645               1   0.00000000    
            (3464.39185,-1132.82837)  (2.248407342E-03,-4.134704825E-03)            (2661.91089,-1364.36462)  (8.457854390E-03,-4.441389814E-03)            (36918.5586,-13607.4072)  (9.523862042E-03,-5.361445248E-03)            (2667.39697,-1365.93384)  (6.203904282E-03,-7.286539767E-03)            (2677.25122,-1645.11401)
   (7.833400741E-04,1.258147415E-03)            (-14123.9492,7360.25488)  (-4.345319699E-03,1.581460005E-03)
       (-2.136230469E-04,0.00000000)             (6840.47559,0.00000000)       (-1.220703125E-04,0.00000000)
   8.08564568               1   0.00000000    
            (3755.72949,-1144.54028)  (-6.425736938E-03,4.959202837E-03)            (2868.41235,-1385.97632)  (7.546863984E-03,-1.698092557E-03)            (40550.3594,-13664.9414)   (2.321369946E-03,6.610983517E-03)            (2874.48535,-1387.68042)   (4.685192369E-03,3.496527206E-03)            (2870.15161,-1680.40576)
  (-2.860707231E-03,2.315580787E-05)            (-14344.1602,7113.48145) (-7.485115901E-03,-2.134193666E-03)
        (3.051757812E-05,0.00000000)             (6453.62891,0.00000000)             (0.00000000,0.00000000)
   8.57612228               1   0.00000000    
            (4200.08350,-1155.63977)  (-9.318640456E-03,1.678296947E-03)            (3185.59766,-1409.54395) (-6.917858496E-03,-2.496982052E-04)            (46078.7461,-13700.3154) (-1.008820161E-02,-3.364780918E-03)            (3192.58203,-1411.50977) (-1.412634738E-02,-1.146152426E-04)            (3166.70410,-1721.63049)
  (-1.330357627E-04,1.234162250E-03)            (-14547.2695,6755.98047)   (3.377060639E-04,8.432419272E-04)
        (6.103515625E-05,0.00000000)             (5935.16797,0.00000000)        (1.831054688E-04,0.00000000)
   9.04002666               1   0.00000000    
            (4651.98096,-1160.89075)  (9.015838616E-03,-1.380745671E-03)            (3510.60547,-1424.84338)   (8.933856152E-03,1.855377195E-04)            (51689.0430,-13689.0771)   (9.952155873E-03,2.916825237E-03)            (3518.54126,-1427.14014)   (5.522982683E-03,3.313789843E-03)            (3471.09668,-1751.63000)
 (-3.353701904E-03,-5.544556770E-04)            (-14629.5898,6417.66406) (-6.114114542E-03,-5.177795538E-05)
       (-9.155273438E-05,0.00000000)             (5480.86084,0.00000000)       (-6.103515625E-05,0.00000000)
   9.48126030               1   0.00000000    
            (5110.20850,-1161.78113) (-8.849482983E-03,-2.185783815E-03)            (3842.36206,-1433.76074) (-2.832920756E-03,-8.534966037E-03)            (57368.1367,-13642.9492) (-1.972409710E-02,-4.629516974E-03)            (3851.26611,-1436.45166) (-8.331320249E-03,-6.344655994E-03)            (3782.46021,-1772.73303)
   (2.683581319E-03,2.884963062E-03)            (-14620.4131,6100.20020)   (7.166021969E-03,3.588667838E-03)
        (3.051757812E-05,0.00000000)             (5081.15967,0.00000000)        (1.220703125E-04,0.00000000)
   9.90285301               1   0.00000000    
            (5573.86133,-1159.34253)  (8.895574138E-03,-3.700974630E-03)            (4180.03662,-1437.65625)  (4.757382907E-03,-7.108896039E-03)            (63106.0430,-13570.1074)  (1.124235988E-02,-3.700974165E-03)            (4189.91064,-1440.78540)  (9.401325136E-03,-4.235086963E-03)            (4100.11230,-1786.66138)
  (-1.867030514E-03,2.609116025E-03)            (-14543.6045,5803.53418)  (-3.793144366E-03,2.902168781E-03)
       (-1.220703125E-04,0.00000000)             (4728.09180,0.00000000)       (-2.441406250E-04,0.00000000)
   10.4385233               1   0.00000000    
            (6199.23193,-1152.15527) (-1.122022327E-02,-1.106079086E-03)            (4638.26465,-1436.71057) (-2.033291571E-02,-5.179139320E-03)            (70834.3438,-13440.8828) (-1.215690048E-03,-2.117492957E-03)            (4649.42969,-1440.49438) (-8.878524415E-03,-8.370325086E-04)            (4532.37109,-1796.26331)
   (5.910296924E-03,1.835991046E-03)            (-14367.4824,5438.42090)   (6.070977077E-03,6.352479686E-04)
        (6.103515625E-05,0.00000000)             (4318.48438,0.00000000)       (-6.103515625E-05,0.00000000)
   11.0717258               1   0.00000000    
            (6990.60889,-1138.52222)  (1.220734790E-03,-7.208148018E-03)            (5222.10889,-1428.00684)  (9.882139275E-04,-5.813022610E-03)            (80599.5469,-13241.0156) (-3.855090821E-03,-8.687826805E-03)            (5234.86084,-1432.70044) (-4.042692948E-03,-9.448803961E-03)            (5085.07812,-1796.98096)
  (-2.995027695E-03,2.584152622E-03)            (-14073.8730,5026.48340)  (-1.121649053E-03,3.823383711E-03)
       (-3.051757812E-05,0.00000000)             (3887.04297,0.00000000)             (0.00000000,0.00000000)
   11.9017477               1   0.00000000    
            (8113.13965,-1113.47241) (-3.749287454E-03,-5.464869086E-03)            (6056.64111,-1405.73999)  (4.838569090E-03,-9.401619318E-04)            (94429.9219,-12911.3418)  (2.334783552E-03,-1.204316737E-03)            (6071.52783,-1411.81604)  (5.464870017E-03,-4.351445474E-03)            (5878.63818,-1782.39404)
  (-6.610958371E-04,1.184433931E-03)            (-13600.4434,4520.87256)  (-1.499714796E-03,3.371517872E-03)
             (0.00000000,0.00000000)             (3399.59302,0.00000000)             (0.00000000,0.00000000)
   12.7845287               1   0.00000000    
            (9412.57324,-1079.36768)  (-8.732093498E-03,3.856522031E-03)            (7030.34277,-1370.52551)  (-1.487232186E-02,5.107450765E-03)            (110417.492,-12488.0449)  (-2.126273699E-02,4.796244204E-03)            (7047.55225,-1378.26245)  (-1.049559750E-02,5.748170428E-03)            (6809.21973,-1750.04700)
  (5.218051374E-03,-1.272286172E-03)            (-13048.2363,4025.96924)  (2.765772864E-03,-1.238724566E-03)
       (-6.103515625E-05,0.00000000)             (2965.37842,0.00000000)       (-9.155273438E-05,0.00000000)
   13.8088694               1   0.00000000    
            (11056.1875,-1031.94177)  (3.058229806E-03,-2.293672413E-03)            (8271.37305,-1317.29565)  (-2.807771089E-03,4.056768492E-03)            (130615.570,-11917.2500)  (-9.349350818E-03,4.943259046E-05)            (8291.24121,-1327.13025) (-1.581842545E-03,-8.963778382E-04)            (8001.56543,-1694.11169)
  (2.475749003E-03,-3.377893590E-04)            (-12410.6387,3504.29248)  (1.664230367E-04,-6.591011770E-04)
       (-6.103515625E-05,0.00000000)             (2551.50171,0.00000000)       (-9.155273438E-05,0.00000000)
   14.7623014               1   0.00000000    
            (12716.6680,-981.689392)  (8.117093705E-03,-1.574800815E-03)            (9533.69043,-1257.99719)  (5.515325349E-03,-6.313295104E-03)            (151001.828,-11321.8809)  (2.617445402E-02,-4.019793123E-03)            (9555.96680,-1269.86572)  (1.352496538E-02,-9.082407691E-03)            (9220.36230,-1627.28833)
  (-3.048313782E-03,2.215994755E-03)            (-11861.0000,3065.73340)  (-4.213560373E-03,2.548922319E-03)
        (3.051757812E-05,0.00000000)             (2236.27148,0.00000000)        (6.103515625E-05,0.00000000)
   15.6577854               1   0.00000000    
            (14390.5898,-930.234253)  (1.715169405E-03,-9.263409302E-03)            (10813.2334,-1195.43542)  (1.127378177E-02,-6.849467754E-03)            (171539.938,-10716.5205) (-1.796257123E-02,-7.869601250E-03)            (10837.6846,-1209.21326) (-6.113327574E-03,-1.141951513E-02)            (10460.8633,-1553.95325)
   (1.884257537E-03,2.215894172E-03)            (-11401.4316,2691.76636)  (-8.183487807E-04,3.293947317E-03)
             (0.00000000,0.00000000)             (1989.22876,0.00000000)        (6.103515625E-05,0.00000000)
   16.9123421               1   0.00000000    
            (16921.7070,-852.829895) (-6.019923836E-03,-8.879538655E-05)            (12758.5430,-1099.13611)  (-1.617085375E-02,3.450911725E-03)            (202577.141,-9808.67090)  (-6.675798912E-03,4.189528059E-03)            (12785.8643,-1115.47375) (-1.860667206E-02,-8.879539673E-04)            (12354.7227,-1437.64258)
  (1.425771508E-03,-1.755726989E-04)            (-10859.8750,2224.27930)  (1.957534812E-03,-2.684042556E-04)
       (-1.525878906E-05,0.00000000)             (1705.72632,0.00000000)       (-6.103515625E-05,0.00000000)
   18.0800533               1   0.00000000    
            (19472.2129,-776.740295) (-1.788065583E-02,-2.019340638E-03)            (14728.8818,-1002.85760)  (1.581385173E-02,-2.476712223E-03)            (233836.312,-8917.05859) (-9.967256337E-04,-4.137922078E-03)            (14758.6875,-1021.35504) (-7.257544901E-03,-2.951343777E-03)            (14280.5850,-1318.69482)
   (1.048503676E-03,1.485380344E-03)            (-10460.3018,1843.17053)  (-2.405515406E-04,1.889895648E-03)
             (0.00000000,0.00000000)             (1492.67932,0.00000000)             (0.00000000,0.00000000)
   19.1767921               1   0.00000000    
            (22038.3633,-702.901001)  (5.962353200E-02,-2.059455728E-03)            (16719.2852,-908.465515)  (3.112295642E-02,-1.743672532E-03)            (265274.750,-8051.39551)  (1.311415713E-02,-2.951886738E-03)            (16751.2344,-928.728699)   (2.265401185E-02,3.478192375E-04)            (16232.0176,-1200.35522)
  (-2.620085434E-04,1.407294912E-04)            (-10167.7695,1528.27368) (-5.211567506E-03,-5.137198023E-04)
             (0.00000000,0.00000000)             (1326.86926,0.00000000)        (3.051757812E-05,0.00000000)
   20.2141132               1   0.00000000    
            (24617.4141,-631.741638)  (-1.450614911E-02,6.705535925E-04)            (18726.0801,-816.922852)  (3.900306299E-03,-3.244225401E-03)            (296861.531,-7216.42383) (-1.375117153E-02,-3.169451142E-03)            (18759.9395,-838.586792) (-1.565429009E-02,-2.672566334E-03)            (18204.2852,-1084.42456)
  (3.618071787E-06,-5.764830858E-04)            (-9955.55664,1265.42285) (-1.663117670E-03,-7.284430903E-04)
        (1.525878906E-05,0.00000000)             (1194.19324,0.00000000)       (-3.051757812E-05,0.00000000)
   21.5195675               1   0.00000000    
            (28073.0117,-541.238403)  (2.005224861E-02,-4.745363723E-03)            (21422.9023,-700.002502)  (8.389125578E-03,-4.719685763E-03)            (339168.938,-6153.53223)  (1.122146146E-03,-8.556034416E-03)            (21458.9121,-723.022156) (-1.021999307E-02,-5.084318109E-03)            (20860.4023,-935.143921)
   (1.959260087E-03,2.285375522E-04)            (-9764.20703,978.263794)   (1.255672425E-03,5.418137298E-04)
       (-3.051757812E-05,0.00000000)             (1053.70300,0.00000000)       (-3.051757812E-05,0.00000000)
   23.3412476               1   0.00000000    
            (33286.2461,-414.602539)  (1.344699878E-02,-3.481513355E-03)            (25504.5469,-535.947693)  (1.654554717E-02,-1.272841240E-03)            (402965.188,-4665.44531)   (3.526912257E-02,3.280978417E-03)            (25543.2090,-560.096741)  (1.476161741E-02,-3.236415097E-03)            (24889.4414,-724.078003)
  (-9.852682706E-05,2.172464301E-04)            (-9610.84570,648.746460)  (-9.615940508E-04,4.177816154E-04)
             (0.00000000,0.00000000)             (895.648254,0.00000000)             (0.00000000,0.00000000)
   26.0963097               1   0.00000000    
            (42038.0508,-224.991409)  (-5.852221698E-02,1.145937364E-03)            (32381.8359,-290.251831)  (-4.227513075E-02,4.272354301E-03)            (509986.000,-2439.07935)   (1.822912507E-02,2.758968854E-03)            (32423.5859,-314.517212)  (-1.675310545E-02,5.063300021E-03)            (31693.4492,-405.841766)
   (1.640667906E-03,8.524466830E-05)            (-9560.02734,278.635468) (-1.050961437E-04,-1.689323544E-04)
             (0.00000000,0.00000000)             (716.518555,0.00000000)             (0.00000000,0.00000000)
   28.5870743               1   0.00000000    
            (50852.9102,-56.9524384) (-6.724615395E-02,-5.331663415E-03)            (39330.8281,-73.0885620) (-1.115773432E-02,-4.427702166E-03)            (617676.500,-472.182861) (-2.685531229E-02,-6.174223963E-04)            (39374.2344,-96.0522766)  (1.890813001E-02,-7.238508668E-03)            (38579.5742,-123.484146)
   (4.653052893E-03,5.445084535E-04)            (-9634.97461,44.8839111)   (5.761044566E-03,5.841633538E-04)
       (-1.525878906E-05,0.00000000)             (597.098938,0.00000000)       (-3.051757812E-05,0.00000000)
   33.0095100               1   0.00000000    
             (68633.0078,233.784698)  (-7.868313044E-02,1.351036946E-03)             (53393.6133,300.468811)  (-1.717894524E-02,4.502143245E-03)             (834596.625,2906.01050)  (-4.923197627E-02,1.439661719E-02)             (53436.5469,282.259796)  (-9.053521790E-03,4.411553673E-04)             (52531.6367,362.643555)
  (6.228359416E-05,-2.141767618E-04)           (-9909.23047,-213.668304)  (2.344374079E-03,-1.816809527E-04)
             (0.00000000,0.00000000)             (447.824158,0.00000000)             (0.00000000,0.00000000)
   36.9057541               1   0.00000000    
             (86578.4297,484.966034)   (2.477442846E-02,6.724610459E-03)             (67634.0312,620.709961)       (0.113566428,7.202423178E-03)             (1053157.38,5790.68066)     (-0.118426308,-5.623659119E-03)             (67671.9297,608.450928)  (-9.314460307E-02,5.046760663E-03)             (66671.5859,778.554077)
 (-7.719043642E-04,-2.493654611E-04)           (-10203.2598,-339.733154) (-1.504449989E-03,-2.130340872E-04)
             (0.00000000,0.00000000)             (358.259277,0.00000000)             (0.00000000,0.00000000)
  0.521926165               1   0.00000000    
       (11.9504519,-3.716192441E-03) (-8.719088100E-07,-2.522308023E-06)       (5.77807093,-2.097118879E-03)   (1.684774179E-05,4.394577445E-06)            (304.234131,-208.835449)  (-4.903027730E-06,5.429481917E-06)       (5.78519630,-2.099358710E-03) (-6.227920494E-06,-1.447991599E-05)       (3.31453562,-1.184726600E-03)
  (-9.281096980E-03,1.310977223E-05)            (-303.534180,208.361221) (-4.530812614E-03,-8.376553524E-06)
             (1.39295959,0.00000000)             (9010.16406,0.00000000)            (0.564117432,0.00000000)
  0.639226437               1   0.00000000    
       (17.9814034,-1.247606054E-02) (-5.491882348E-06,-1.329111910E-05)       (8.69957256,-7.043370511E-03)  (1.709568824E-05,-5.792221032E-07)            (411.072571,-305.514587) (-3.390117399E-06,-7.204519989E-06)       (8.71028996,-7.050794084E-03)   (6.254644177E-06,5.911406333E-07)       (4.99075890,-3.980489913E-03)
   (3.661254595E-05,3.096811270E-05)            (-409.347321,304.247498)   (4.881673249E-06,2.383630090E-06)
        (1.525878906E-05,0.00000000)             (8993.17480,0.00000000)        (1.525878906E-05,0.00000000)
  0.738115072               1   0.00000000    
       (24.0512276,-2.942245081E-02)  (2.008135016E-05,-3.188354822E-05)       (11.6437130,-1.661657542E-02) (-2.390578084E-05,-6.355241567E-06)            (505.445679,-398.061676)  (-1.615646033E-05,3.282210855E-06)       (11.6580677,-1.663433202E-02)  (-2.607052738E-05,9.071838576E-06)       (6.68019772,-9.394467808E-03)
  (2.008134834E-05,-2.466131264E-06)            (-502.618225,395.863525)  (2.624667832E-05,-5.460718512E-06)
        (7.629394531E-05,0.00000000)             (8980.71289,0.00000000)       (-9.155273438E-05,0.00000000)
  0.825237751               1   0.00000000    
       (30.1606121,-5.720045790E-02)  (-7.208155876E-05,6.302213478E-06)       (14.6109552,-3.231745586E-02) (-8.031628568E-06,-5.911402241E-06)            (591.384521,-486.670929)   (2.322710134E-05,4.337387509E-06)       (14.6289825,-3.235203400E-02)  (-2.737523755E-05,1.870969390E-05)       (8.38314629,-1.827847585E-02)
  (-5.750769560E-05,8.527682076E-05)            (-587.251038,483.316772) (-3.210189971E-05,-2.343635060E-05)
       (-1.678466797E-04,0.00000000)             (8968.27148,0.00000000)       (-1.373291016E-04,0.00000000)
  0.918945849               1   0.00000000    
           (37.5450401,-0.108395785)  (8.267901285E-05,-1.166717120E-04)       (18.2025738,-6.127105281E-02)   (6.764271802E-06,1.604030331E-05)            (685.236511,-589.003540)   (1.678732224E-05,2.631007374E-05)       (18.2250404,-6.133697927E-02) (-3.092239058E-05,-3.640508294E-05)       (10.4447603,-3.467097133E-02)
   (8.783274097E-05,1.666738717E-05)            (-679.298462,583.979248)  (-1.688669545E-05,1.228123165E-05)
        (7.629394531E-05,0.00000000)             (8953.37305,0.00000000)       (-1.525878906E-05,0.00000000)
   1.04385233               1   0.00000000    
           (48.7306328,-0.230676457)   (3.269658191E-05,8.195943519E-05)           (23.6536522,-0.130480960)   (8.144562889E-05,1.778071237E-05)            (813.087463,-734.904846)   (3.231512528E-05,1.241570044E-05)           (23.6828594,-0.130624175)  (-5.966347817E-05,9.242234228E-05)       (13.5744038,-7.388684154E-02)
   (1.512761955E-04,1.195760797E-05)            (-804.005005,726.836487)  (4.714536044E-05,-4.185162834E-05)
       (-3.051757812E-05,0.00000000)             (8931.08691,0.00000000)       (-1.525878906E-05,0.00000000)
   1.16706240               1   0.00000000    
           (61.3118515,-0.445714116)   (1.418716965E-05,1.083447060E-04)           (29.7998657,-0.252309829)  (2.645948825E-06,-2.728636446E-06)            (940.639099,-887.793579) (-5.666162906E-06,-1.494657226E-05)           (29.8366718,-0.252590358) (-7.077917689E-05,-1.451094868E-04)           (17.1042538,-0.142985642)
  (-3.620771167E-06,3.425809700E-05)            (-927.519226,875.649841)  (-3.157732863E-05,4.734858521E-05)
       (-1.525878906E-05,0.00000000)             (8906.40918,0.00000000)       (-4.577636719E-05,0.00000000)
   1.31002426               1   0.00000000    
           (77.9034958,-0.878192544) (-7.409547834E-05,-6.846796896E-05)           (37.9283485,-0.497624248)  (1.758569113E-07,-2.545077950E-05)            (1089.84509,-1075.27197)  (-1.299406449E-05,1.338486345E-05)           (37.9752312,-0.498180032)   (1.072352243E-04,6.127727102E-05)           (21.7743835,-0.282292396)
 (-1.208350295E-04,-2.097808465E-04)            (-1070.71509,1056.80957)  (-3.532822302E-05,2.313529330E-05)
        (6.103515625E-05,0.00000000)             (8874.46289,0.00000000)             (0.00000000,0.00000000)
   1.47623014               1   0.00000000    
            (99.9822235,-1.76245439) (-2.635237179E-04,-5.002722901E-05)           (48.7829208,-0.999983668)   (1.200477345E-04,1.096547385E-05)            (1264.99316,-1302.03540)  (3.963424751E-05,-5.128231351E-05)            (48.8433914,-1.00111794)  (-8.631458331E-05,1.673445950E-04)           (28.0144482,-0.568014085)
  (1.567754662E-04,-1.204880973E-04)            (-1236.85022,1273.79565)   (7.750697114E-05,1.409217657E-05)
       (-1.525878906E-04,0.00000000)             (8832.91309,0.00000000)       (-1.068115234E-04,0.00000000)
   1.65047550               1   0.00000000    
            (126.468437,-3.35562778)   (2.249102254E-04,2.757215952E-06)            (61.8564072,-1.90678859)   (1.413812715E-04,1.012292923E-04)            (1447.79651,-1550.12915)   (2.375638360E-05,1.239517296E-04)            (61.9331284,-1.90899682) (-5.081158452E-05,-1.559797674E-04)            (35.5358276,-1.08475971)
   (2.678440069E-05,5.632603279E-05)            (-1407.61621,1508.34888) (-1.516469929E-04,-7.483878107E-06)
        (3.051757812E-05,0.00000000)             (8784.35840,0.00000000)       (-6.103515625E-05,0.00000000)
   1.80800533               1   0.00000000    
            (153.419983,-5.64765882)   (4.660017294E-05,2.181146556E-04)            (75.2090149,-3.21400070)  (-1.836769516E-04,1.587857550E-04)            (1615.43640,-1777.35327) (-1.629320177E-04,-1.634241744E-05)            (75.3024673,-3.21779060)  (1.121855803E-05,-6.385948654E-05)            (43.2249985,-1.83119571)
  (1.147744842E-04,-1.037716866E-04)            (-1561.74634,1720.20459)  (1.212467323E-04,-1.313865796E-04)
       (-3.509521484E-04,0.00000000)             (8736.15625,0.00000000)       (-4.577636719E-05,0.00000000)
   2.02141142               1   0.00000000    
            (194.529373,-10.5662994)   (4.631160846E-05,1.941710980E-05)            (95.6551895,-6.02648258)  (-2.054776451E-05,3.009049396E-04)            (1841.85876,-2092.83032)   (3.635431858E-05,2.711159177E-04)            (95.7745590,-6.03372383)   (1.061307848E-04,4.399603640E-04)            (55.0139847,-3.44132757)
 (-1.022714889E-03,-2.120203717E-04)            (-1765.59546,2009.48804)  (-4.312769452E-04,6.283425319E-05)
        (5.096435547E-03,0.00000000)             (8664.66797,0.00000000)        (1.998901367E-03,0.00000000)
   2.27502346               1   0.00000000    
            (249.995163,-20.1686821)   (2.540947753E-04,2.188717044E-04)            (123.344643,-11.5365381)   (2.521265997E-04,2.599313448E-04)            (2116.76465,-2466.95190)   (1.543978578E-04,1.869062544E-04)            (123.499374,-11.5508480)   (2.931862036E-05,2.604743058E-04)            (71.0102921,-6.60711765)
  (-1.033753157E-03,9.067057545E-05)            (-2006.18188,2343.95190) (-6.830154452E-04,-1.350557068E-05)
        (7.202148438E-03,0.00000000)             (8570.39941,0.00000000)        (2.838134766E-03,0.00000000)
   2.55690575               1   0.00000000    
            (319.147339,-37.2413139) (-7.591001922E-04,-3.374456719E-04)            (157.941177,-21.3778267) (-8.878542576E-05,-7.728298660E-04)            (2427.78174,-2882.23315) (-2.877136285E-04,-4.764971090E-04)            (158.140213,-21.4051189) (-2.672715927E-04,-1.699432469E-04)            (91.0500565,-12.2872725)
  (1.111801015E-03,-4.881673158E-05)            (-2268.32642,2703.32764)   (4.600977118E-04,4.378250742E-04)
       (-3.707885742E-03,0.00000000)             (8454.55078,0.00000000)       (-1.632690430E-03,0.00000000)
   2.90596199               1   0.00000000    
            (412.668030,-69.8847809)   (8.016998181E-04,1.144988113E-03)            (204.633713,-40.3106842)   (1.298601041E-03,1.921028161E-04)            (2830.20068,-3384.44165)  (-1.057606460E-05,1.864680380E-04)            (204.894211,-40.3634796)   (4.258163390E-04,6.629973650E-04)            (118.194595,-23.2822800)
  (8.391493611E-05,-7.039145567E-04)            (-2591.60303,3118.38379) (-3.751899640E-04,-3.828185727E-04)
       (-1.785278320E-03,0.00000000)             (8295.83887,0.00000000)       (-8.239746094E-04,0.00000000)
   3.25942779               1   0.00000000    
            (511.187866,-116.771263)   (1.400160603E-03,1.579069998E-03)            (253.340012,-67.7141495)   (1.117794891E-03,3.108675592E-03)            (3259.90088,-3871.99829)   (9.556096629E-04,1.286979415E-03)            (253.666595,-67.8059616)   (3.033681714E-04,1.366712386E-03)            (146.631943,-39.3197975)
 (-2.013119869E-03,-4.799439630E-04)            (-2916.56299,3497.43994) (-1.118572778E-03,-6.207379047E-04)
       (-1.983642578E-04,0.00000000)             (8119.36426,0.00000000)       (-7.629394531E-05,0.00000000)
   3.57814574               1   0.00000000    
            (599.008301,-169.412384) (-1.195501303E-03,-2.182643861E-03)            (295.958954,-98.7435379) (-6.737503572E-04,-1.587668667E-03)            (3673.09082,-4295.29346) (-5.768293631E-04,-1.294023474E-03)            (296.341125,-98.8808594) (-7.138850633E-04,-9.871425573E-04)            (171.609253,-57.6336288)
   (3.936615249E-04,2.068217378E-03)            (-3210.13818,3805.24756)  (-2.083587897E-04,1.034108689E-03)
        (1.113891602E-03,0.00000000)             (7947.94629,0.00000000)        (4.272460938E-04,0.00000000)
   3.87070823               1   0.00000000    
            (676.077820,-223.794296)  (-2.001766115E-03,9.514624835E-04)            (332.359406,-131.084732)  (-1.200875122E-04,9.440724389E-04)            (4075.70996,-4662.21289)  (8.433837211E-04,-3.540271719E-04)            (332.787598,-131.270569)  (-1.545433654E-03,5.080624833E-04)            (192.991928,-76.8901291)
  (1.208264963E-03,-2.193906112E-03)            (-3478.81860,4052.74902)  (9.085080819E-04,-7.741024601E-04)
       (-1.876831055E-03,0.00000000)             (7781.42578,0.00000000)       (-1.403808594E-03,0.00000000)
   4.10965061               1   0.00000000    
            (735.715637,-270.336670) (-4.477232869E-04,-4.864639486E-04)            (359.632660,-159.007904)  (2.734888112E-03,-1.283833059E-03)            (4425.41846,-4943.95801)  (1.542266924E-03,-1.645738608E-03)            (360.095947,-159.235413)  (-2.621117746E-04,4.374251293E-04)            (209.017990,-93.6597290)
   (1.216160017E-04,3.864249447E-04)            (-3699.49243,4228.43359)  (-1.225966844E-05,1.216159435E-04)
        (5.798339844E-04,0.00000000)             (7639.60352,0.00000000)        (9.155273438E-05,0.00000000)
   4.36674786               1   0.00000000    
            (797.096619,-320.991486)   (6.429945934E-04,4.856328596E-04)            (386.754059,-189.675140)  (-2.348962240E-03,7.117751520E-04)            (4822.91650,-5237.75439)  (-1.394370687E-03,1.041609445E-03)            (387.262238,-189.945480)  (2.266633965E-04,-1.584038837E-04)            (224.925980,-112.239655)
  (-1.172396878E-04,1.096321386E-03)            (-3936.33667,4399.01465)   (3.686536365E-05,4.564531846E-04)
        (7.629394531E-04,0.00000000)             (7481.84082,0.00000000)        (5.645751953E-04,0.00000000)
   4.66824961               1   0.00000000    
            (865.624939,-379.063934)  (9.545613430E-04,-3.050363157E-03)            (415.685364,-225.227234)  (1.846594852E-03,-2.416448900E-03)            (5319.25195,-5557.71729) (-3.520506725E-04,-6.305717397E-04)            (416.245575,-225.553329)  (8.702391060E-04,-2.317295410E-03)            (241.804901,-134.016205)
  (-1.042852644E-03,2.842029324E-03)            (-4212.56445,4565.34814)  (-2.613920369E-04,1.735743368E-03)
        (1.510620117E-03,0.00000000)             (7290.88184,0.00000000)        (6.103515625E-04,0.00000000)
   4.95142651               1   0.00000000    
            (927.651367,-430.668701) (-2.871224191E-03,-7.657189271E-04)            (440.577606,-257.233154)  (-3.239534097E-03,6.215557223E-04)            (5818.39551,-5831.85254)  (-1.823604456E-03,1.257291413E-03)            (441.184662,-257.618408) (-1.695393701E-03,-3.663161478E-04)            (256.185608,-153.872375)
   (3.333476372E-03,8.153490489E-05)            (-4470.40527,4688.09424)  (2.419458935E-03,-4.017661558E-05)
       (-9.765625000E-04,0.00000000)             (7106.60840,0.00000000)       (-4.577636719E-04,0.00000000)
   5.21926165               1   0.00000000    
            (986.412231,-476.430450)  (-1.149051313E-04,1.332775108E-03)            (463.344086,-286.005829)   (1.274855225E-03,8.108752663E-04)            (6327.10059,-6079.49854)   (1.609605970E-03,4.023236397E-04)            (463.978790,-286.433899)   (4.328407158E-05,1.395054278E-04)            (269.188538,-171.949005)
 (-9.587883833E-04,-2.377820201E-03)            (-4715.97998,4785.39453) (-5.913410569E-04,-8.158576093E-04)
       (-9.155273438E-04,0.00000000)             (6928.75000,0.00000000)       (-4.882812500E-04,0.00000000)
   5.47400808               1   0.00000000    
            (1042.69116,-516.876038)  (-3.132371930E-03,1.021588803E-03)            (484.421997,-311.788696) (-2.474772977E-03,-2.118947916E-03)            (6841.05957,-6298.46045) (-1.386558753E-03,-2.080409788E-03)            (485.081818,-312.254700)  (-2.652604133E-03,1.099971589E-03)            (281.063385,-188.357635)
  (2.148014959E-03,-2.010518452E-03)            (-4946.37842,4857.00293)  (4.686637258E-04,-1.128712203E-03)
       (-7.629394531E-04,0.00000000)             (6757.05420,0.00000000)       (-3.356933594E-04,0.00000000)
   5.83531189               1   0.00000000    
            (1124.34399,-568.820679)   (2.577016363E-03,1.698978711E-03)            (513.991577,-345.487610)   (1.405791496E-03,1.343864249E-03)            (7621.90771,-6579.29980)   (7.116213092E-04,3.272622707E-04)            (514.690918,-346.006561)   (5.946425372E-04,1.194855431E-03)            (297.423981,-210.155838)
 (-8.686376968E-04,-8.773414884E-04)            (-5265.09180,4924.26758) (-1.236633630E-03,-4.498115741E-04)
        (1.068115234E-04,0.00000000)             (6510.53271,0.00000000)        (1.068115234E-04,0.00000000)
   6.17551374               1   0.00000000    
            (1204.55737,-611.986938)  (-2.035310958E-03,8.878141642E-03)            (542.234131,-374.123383)  (-2.635513898E-03,9.703466669E-03)            (8416.46484,-6813.13232)  (-8.960674168E-04,4.044830799E-03)            (542.992554,-374.676147)  (-6.337319501E-04,5.065434147E-03)            (312.724213,-229.049332)
  (3.342567012E-03,-5.581261590E-03)            (-5554.74023,4954.42383)  (2.151372377E-03,-2.929904498E-03)
       (-2.593994141E-04,0.00000000)             (6276.55273,0.00000000)       (-1.373291016E-04,0.00000000)
   6.49792814               1   0.00000000    
            (1285.01074,-648.261292)  (1.732951612E-03,-3.348046914E-03)            (570.152588,-398.752197)  (2.438538242E-03,-1.339838956E-03)            (9228.61230,-7014.18018)  (1.462541404E-03,-4.884831142E-04)            (571.039734,-399.290375)  (1.094046980E-03,-1.980294473E-03)            (327.590759,-245.607864)
  (-5.497372476E-04,1.758538885E-03)            (-5819.76807,4960.66162)   (1.876394963E-04,1.387912082E-03)
       (-7.019042969E-04,0.00000000)             (6054.38086,0.00000000)       (-4.577636719E-04,0.00000000)
   6.80508518               1   0.00000000    
            (1366.00171,-678.942444)   (4.209519830E-03,2.916781465E-03)            (598.023254,-420.045593)  (6.927355658E-03,-1.862777513E-03)            (10054.4102,-7184.58838)  (2.468748717E-03,-2.484786091E-04)            (599.055298,-420.579346)   (1.921243034E-03,2.194082364E-03)            (342.210327,-260.202728)
 (-4.637455568E-03,-1.854657312E-03)            (-6059.71680,4946.23340) (-2.187586157E-03,-2.239555353E-03)
        (4.577636719E-05,0.00000000)             (5843.32959,0.00000000)        (1.678466797E-04,0.00000000)
   7.19425583               1   0.00000000    
            (1475.28320,-712.919556)  (2.056010766E-03,-1.562398247E-04)            (635.460876,-444.234253)   (8.842134266E-04,1.246483531E-03)            (11174.8779,-7372.72070)  (-9.975300636E-04,2.343593515E-04)            (636.703796,-444.784515)   (1.133166719E-03,8.807796403E-04)            (361.565643,-277.153900)
 (-1.267944812E-03,-4.120606463E-04)            (-6342.97705,4903.26562)  (-8.344227681E-04,1.287689374E-04)
        (9.155273438E-05,0.00000000)             (5578.12891,0.00000000)        (1.525878906E-04,0.00000000)
   7.74141645               1   0.00000000    
            (1645.00305,-751.579895)  (6.788638886E-03,-1.969435019E-03)            (694.419556,-472.890778) (-6.078274455E-04,-1.446592505E-03)            (12916.7588,-7586.24170)  (1.534810523E-03,-2.494126602E-05)            (695.906006,-473.472626)   (2.598508494E-03,1.311724627E-04)            (391.810181,-297.906982)
  (-3.180471016E-03,1.056769979E-03)            (-6711.88086,4802.72949)  (-1.865051221E-03,8.165949839E-04)
        (4.425048828E-04,0.00000000)             (5212.21289,0.00000000)        (2.746582031E-04,0.00000000)
   8.08564568               1   0.00000000    
            (1762.41943,-771.062927) (-1.968242286E-04,-4.642739892E-03)            (735.967224,-488.012329) (-4.240407143E-03,-5.700187758E-03)            (14119.2617,-7693.53662) (-8.201013407E-05,-4.074457567E-03)            (737.568054,-488.597809)  (9.947349317E-04,-2.309791977E-03)            (413.081696,-309.237213)
   (5.335484166E-04,2.534596249E-03)            (-6926.10156,4720.77832)   (4.713171511E-04,1.691338839E-03)
        (6.103515625E-05,0.00000000)             (4987.67480,0.00000000)        (6.103515625E-05,0.00000000)
   8.57612228               1   0.00000000    
            (1942.52734,-793.978210) (-5.997865461E-03,-3.616525792E-03)            (800.160950,-506.579865)  (6.575039006E-04,-2.574753249E-03)            (15959.7490,-7816.64453) (-1.563681639E-03,-2.537912456E-03)            (801.947510,-507.177979) (-3.417995060E-03,-2.574753249E-03)            (445.770386,-323.593323)
   (1.639921335E-03,1.140013919E-03)            (-7192.25830,4586.58936)   (1.208066940E-03,1.497163670E-03)
       (-1.525878906E-04,0.00000000)             (4677.11963,0.00000000)       (-1.525878906E-04,0.00000000)
   9.04002666               1   0.00000000    
            (2126.92407,-811.105042)   (7.677160669E-03,6.312596146E-03)            (866.441772,-521.270752)   (7.763997186E-03,6.851950195E-03)            (17839.1172,-7904.36963)   (2.136380412E-03,5.272722337E-03)            (868.430420,-521.891785)   (5.003045779E-03,3.885504324E-03)            (479.383759,-335.402649)
 (-4.693456460E-03,-5.083948839E-03)            (-7399.99023,4445.88770) (-3.757138504E-03,-3.081867471E-03)
       (-1.983642578E-04,0.00000000)             (4395.01270,0.00000000)       (-1.678466797E-04,0.00000000)
   9.48126030               1   0.00000000    
            (2315.11035,-823.851990)  (-7.633273024E-03,1.093118172E-02)            (934.626099,-532.938843)  (-8.516863920E-03,1.120044477E-02)            (19752.2051,-7965.00244)  (-6.088403519E-03,8.454638533E-03)            (936.830811,-533.594299)  (-3.756108694E-03,6.616182160E-03)            (513.883911,-345.175232)
  (4.401548300E-03,-5.292492919E-03)            (-7557.25000,4303.72852)  (3.301302902E-03,-3.654286498E-03)
       (-3.051757812E-05,0.00000000)             (4138.29541,0.00000000)       (-9.155273438E-05,0.00000000)
   9.90285301               1   0.00000000    
            (2506.63208,-833.224060)  (1.275016693E-03,-2.126994877E-05)            (1004.53705,-542.208374)  (3.236580407E-03,-2.916348865E-03)            (21694.6562,-8004.53125)  (2.134086797E-03,-3.175133606E-03)            (1006.96924,-542.909973)  (3.126685508E-03,-8.886120049E-04)            (549.222900,-353.290955)
  (-3.922536504E-03,2.299519954E-03)            (-7671.32617,4163.20654)  (-1.334690605E-03,9.985069046E-04)
       (-1.373291016E-04,0.00000000)             (3904.26416,0.00000000)       (-4.577636719E-05,0.00000000)
   10.4385233               1   0.00000000    
            (2766.50342,-841.654358)   (9.874991141E-03,6.731136702E-03)            (1100.14722,-551.588806)   (5.989391357E-03,2.538500354E-03)            (24324.0332,-8031.61133)   (3.982132766E-03,1.200743020E-03)            (1102.89685,-552.370728)   (5.277540069E-03,4.092989489E-03)            (597.545410,-362.002960)
 (-3.450891003E-03,-2.457537688E-03)            (-7767.39111,3981.36865) (-1.736344304E-03,-1.139709493E-03)
        (1.525878906E-05,0.00000000)             (3623.42749,0.00000000)       (-6.103515625E-05,0.00000000)
   11.0717258               1   0.00000000    
            (3097.50830,-847.309143)  (-5.176232196E-03,9.512217366E-04)            (1223.02698,-559.603394)  (-9.231476113E-03,8.098597755E-04)            (27664.6992,-8034.56982)  (-7.352152374E-03,9.525431087E-04)            (1226.18628,-560.516724)  (-5.809059367E-03,1.215449738E-04)            (659.703491,-370.191833)
  (1.936793327E-03,-1.975106541E-03)            (-7815.94092,3765.96436)  (2.113165800E-03,-7.860792102E-04)
             (0.00000000,0.00000000)             (3315.76636,0.00000000)       (-4.577636719E-05,0.00000000)
   11.9017477               1   0.00000000    
            (3570.36597,-848.770508)   (5.699200090E-03,4.243510310E-03)            (1400.38318,-565.704895)   (1.233998220E-02,3.679698100E-03)            (32423.6426,-7997.53564)   (3.463119501E-03,3.847279586E-03)            (1404.13525,-566.848511)   (5.727604032E-03,3.077539615E-03)            (749.618713,-377.803650)
 (-3.369742772E-03,-7.676096284E-04)            (-7787.52197,3488.92114) (-2.074889606E-03,-9.160189657E-04)
        (1.068115234E-04,0.00000000)             (2952.08667,0.00000000)        (7.629394531E-05,0.00000000)
   12.7845287               1   0.00000000    
            (4121.49609,-844.213745)   (5.314921960E-03,1.540778205E-03)            (1609.34375,-567.479553)  (2.491178922E-03,-2.526266268E-03)            (37955.5781,-7915.21631)  (2.364941873E-03,-4.202816344E-04)            (1613.78333,-568.942810)   (2.379053039E-03,2.904595574E-03)            (855.929382,-382.442474)
  (3.588793334E-04,-4.195187939E-04)            (-7666.80273,3206.41357) (-2.212007530E-04,-2.585761249E-04)
        (1.525878906E-05,0.00000000)             (2612.56226,0.00000000)        (1.525878906E-05,0.00000000)
   13.8088694               1   0.00000000    
            (4822.88135,-832.491821)  (3.775001969E-03,-2.722088015E-03)            (1878.10278,-564.362915)  (-1.019959105E-03,1.484625507E-03)            (44978.8711,-7773.19775)   (2.127249027E-03,8.098706603E-04)            (1883.39246,-566.296875)  (1.026549959E-03,-4.613727288E-05)            (993.286926,-383.904114)
  (-5.153347738E-04,8.238764713E-05)            (-7446.43066,2898.43164) (-1.231695060E-04,-4.704335006E-04)
       (-9.155273438E-05,0.00000000)             (2274.64941,0.00000000)       (-1.068115234E-04,0.00000000)
   14.7623014               1   0.00000000    
            (5535.03027,-816.494385)  (-1.140761655E-02,3.612881294E-03)            (2153.61865,-557.227112)   (3.908816725E-03,3.255293006E-03)            (52096.0547,-7602.98145)   (2.386862412E-03,2.887134673E-03)            (2159.73389,-559.681702)  (-2.623787615E-03,1.965858508E-03)            (1134.79370,-381.962311)
  (4.055905156E-04,-1.883066958E-03)            (-7196.65039,2632.27148) (-1.167008304E-04,-1.828459790E-03)
        (1.525878906E-05,0.00000000)             (2008.04590,0.00000000)             (0.00000000,0.00000000)
   15.6577854               1   0.00000000    
            (6255.67627,-797.764954)  (5.731244106E-03,-5.915279035E-03)            (2434.62671,-547.355164) (-3.236961784E-03,-8.400219493E-03)            (59287.8750,-7414.52881)  (5.544406595E-04,-2.205618192E-03)            (2441.52930,-550.360291) (-2.157975250E-04,-4.665335640E-03)            (1279.78162,-377.608734)
   (2.461585973E-04,1.404084731E-03)            (-6946.12891,2400.10352)  (-1.277502161E-04,1.166800968E-03)
             (0.00000000,0.00000000)             (1793.97070,0.00000000)        (1.525878906E-05,0.00000000)
   16.9123421               1   0.00000000    
            (7349.21289,-766.525024)   (1.196517888E-02,2.994826762E-03)            (2864.48340,-529.156433) (-3.402477363E-03,-1.493377145E-03)            (70186.7344,-7110.39062)  (9.878488490E-04,-9.303336265E-04)            (2872.49292,-533.009460)   (3.958458081E-03,2.607355826E-03)            (1502.69995,-367.954010)
 (-1.873532543E-03,-9.621182689E-04)            (-6598.21777,2102.16504) (-5.791881704E-04,-3.536680015E-04)
       (-1.525878906E-05,0.00000000)             (1543.58679,0.00000000)       (-1.525878906E-05,0.00000000)
   18.0800533               1   0.00000000    
            (8454.68164,-733.168335) (-1.866161911E-04,-2.416305011E-03)            (3302.43457,-508.416840) (-2.065725130E-04,-4.068884999E-03)            (81192.1406,-6791.71436) (-6.573644001E-03,-3.743115114E-03)            (3311.46021,-513.109070) (-3.396850312E-03,-2.900644438E-03)            (1731.02173,-355.816895)
   (1.610240666E-03,2.653620613E-04)            (-6298.00488,1851.30078)   (2.098086115E-04,5.253306008E-04)
             (0.00000000,0.00000000)             (1352.88135,0.00000000)        (1.525878906E-05,0.00000000)
   19.1767921               1   0.00000000    
            (9569.61133,-698.810974)  (5.600575358E-03,-5.835125339E-04)            (3746.91797,-486.214386) (-9.827609174E-03,-4.590298515E-03)            (92282.9688,-6466.26807)  (3.391237464E-03,-1.649852959E-03)            (3756.87109,-491.712280)  (2.423293190E-03,-3.215039324E-04)            (1963.78162,-342.121613)
  (-2.084627049E-03,9.856784018E-04)            (-6046.73389,1636.83594)   (9.324756684E-05,4.296253901E-04)
             (0.00000000,0.00000000)             (1203.42786,0.00000000)             (0.00000000,0.00000000)
   20.2141132               1   0.00000000    
            (10692.2871,-664.145508)  (-7.017295342E-03,3.983522765E-03)            (4196.81104,-463.248016)   (2.288445132E-03,3.005431034E-03)            (103444.320,-6139.12451)   (4.365835048E-04,1.852464513E-03)            (4207.60596,-469.498596)  (-3.657290712E-03,2.331259428E-03)            (2200.25781,-327.481232)
 (-1.533921575E-03,-1.120101893E-03)            (-5839.49707,1451.34424) (-4.038698389E-04,-8.237196598E-04)
             (0.00000000,0.00000000)             (1083.42358,0.00000000)        (1.525878906E-05,0.00000000)
   21.5195675               1   0.00000000    
            (12199.1436,-618.161072)  (-8.556035347E-03,2.504925244E-03)            (4803.63672,-432.189880)  (1.143971644E-02,-1.681934082E-04)            (118417.156,-5705.80566)  (4.713586532E-03,-6.695635384E-04)            (4815.44678,-439.349670)   (5.196662154E-03,1.679365756E-03)            (2520.38721,-307.174988)
 (-2.078022575E-03,-1.444407098E-05)            (-5620.60107,1240.01697)  (-9.204092203E-04,9.083724581E-05)
             (0.00000000,0.00000000)             (956.116333,0.00000000)             (0.00000000,0.00000000)
   23.3412476               1   0.00000000    
            (14476.5654,-550.846619)  (1.079965476E-02,-3.744715825E-03)            (5725.88770,-385.937714) (-1.312530506E-02,-3.604759462E-03)            (141033.719,-5071.32471) (-3.408402554E-04,-2.246968914E-03)            (5739.00049,-394.245087) (-3.445305629E-03,-1.729615964E-03)            (3008.91309,-276.221497)
   (7.676740643E-05,5.788016133E-04)            (-5387.07422,982.689453)  (-2.557171974E-04,4.811451654E-04)
        (1.525878906E-05,0.00000000)             (812.751160,0.00000000)        (7.629394531E-06,0.00000000)
   26.0963097               1   0.00000000    
            (18306.9844,-445.072510)  (-9.342753401E-06,2.941914136E-03)            (7287.00488,-312.218933)  (-3.399277106E-03,2.027967013E-03)            (179047.328,-4072.68311)   (8.713834919E-03,2.697468444E-04)            (7301.87891,-321.887360)   (1.926760306E-04,6.547101075E-04)            (3839.73462,-225.810837)
  (1.428140095E-03,-3.458442225E-04)            (-5166.20703,666.668274)  (7.918217452E-04,-5.332657020E-04)
        (7.629394531E-06,0.00000000)             (650.209961,0.00000000)             (0.00000000,0.00000000)
   28.5870743               1   0.00000000    
            (22169.8672,-348.024628) (-4.002670199E-02,-4.607641604E-03)            (8870.01758,-244.076416) (-1.811076887E-02,-2.021972556E-03)            (217354.953,-3155.01807) (-5.671501160E-03,-2.594623482E-03)            (8886.26172,-254.524399) (-5.961450748E-03,-2.512328792E-03)            (4685.41504,-178.514130)
   (6.609130651E-06,5.424830597E-04)            (-5070.38428,445.287109)   (2.900562831E-04,3.903660690E-04)
       (-7.629394531E-06,0.00000000)             (541.842163,0.00000000)             (0.00000000,0.00000000)
   33.0095100               1   0.00000000    
            (29966.1348,-177.234497)   (2.952168137E-02,1.942853909E-03)            (12081.4453,-123.976654)   (1.409430616E-02,2.507591620E-03)            (294588.375,-1541.00769) (-5.333124660E-03,-7.050600834E-04)            (12099.5449,-134.775909) (-3.007558919E-02,-5.809856157E-05)            (6406.37305,-94.2996826)
 (-4.323847243E-04,-1.049958664E-04)            (-5057.22949,168.741730)  (3.124949872E-04,-1.706028852E-04)
             (0.00000000,0.00000000)             (406.381653,0.00000000)             (0.00000000,0.00000000)
   36.9057541               1   0.00000000    
            (37833.6758,-30.5467472)   (2.137331665E-02,4.866754636E-03)            (15336.5215,-21.1921749)   (3.745813668E-02,1.976482803E-03)            (372418.969,-161.043869)   (2.225160133E-03,2.599758795E-03)            (15355.5547,-31.3761539)  (-2.013378404E-02,2.951374976E-03)            (8154.30273,-21.8379040)
 (-6.792868953E-04,-8.680312749E-05)            (-5140.15234,13.8769779)  (1.143561560E-03,-9.667728591E-05)
        (1.525878906E-05,0.00000000)             (325.105347,0.00000000)        (1.525878906E-05,0.00000000)
  0.521926165               1   0.00000000    
       (1.10071707,-2.456131369E-05)  (-1.813881568E-06,2.218696636E-06)      (0.103019834,-2.719138593E-06)   (2.050834837E-06,8.889536218E-08)            (25.3357201,-13.8257656)   (3.103963024E-07,8.914813776E-09)      (0.103193201,-2.722825002E-06)   (2.461974873E-07,1.878107412E-07)  (1.204821561E-02,-3.014286563E-07)
  (-2.160971781E-04,2.833703775E-06)            (-25.3271523,13.8211575) (-2.046553163E-05,-3.668634463E-07)
            (0.125549316,0.00000000)             (2267.80981,0.00000000)        (9.558677673E-03,0.00000000)
  0.639226437               1   0.00000000    
       (1.65240526,-8.276297012E-05)  (7.123476735E-06,-7.627614877E-07)      (0.154682979,-9.163388313E-06) (-1.479973434E-06,-5.797084555E-07)            (35.2198944,-20.5059147)   (5.353838706E-09,3.776796098E-10)      (0.154943272,-9.176098501E-06)  (7.337853845E-07,-2.145266542E-08)  (1.809002832E-02,-1.015913426E-06)
 (-4.803395132E-04,-4.099840680E-07)            (-35.1932144,20.4905739) (-4.520158473E-05,-5.887565067E-07)
            (0.188369751,0.00000000)             (2266.86548,0.00000000)        (1.434993744E-02,0.00000000)
  0.738115072               1   0.00000000    
       (2.20500231,-1.957946079E-04)   (1.332151214E-06,3.467996294E-06)      (0.206450954,-2.167968523E-05) (-5.966209756E-06,-1.383865651E-06)            (44.3272552,-27.1027374)  (-4.912350349E-08,2.675504973E-08)      (0.206797987,-2.170988046E-05) (-3.185877517E-07,-3.495520389E-07)  (2.414392680E-02,-2.403977987E-06)
 (-8.641311433E-04,-4.734090453E-07)            (-44.2750854,27.0711670)  (-8.104032895E-05,1.376189118E-07)
            (0.251098633,0.00000000)             (2265.92163,0.00000000)        (1.912403107E-02,0.00000000)
  0.825237751               1   0.00000000    
       (2.75852370,-3.817506367E-04) (-1.489390115E-06,-2.215621890E-07)      (0.258325338,-4.227725731E-05) (-1.242565577E-05,-1.602527277E-06)            (52.8236008,-33.6175117) (-3.454693953E-08,-1.587910390E-07)      (0.258759707,-4.233740401E-05)  (-6.939203558E-07,3.261887684E-07)  (3.021015227E-02,-4.688602075E-06)
  (-1.339380164E-03,3.261887286E-06)            (-52.7393036,33.5644684)  (-1.259257842E-04,6.462229862E-08)
            (0.313697815,0.00000000)             (2264.97852,0.00000000)        (2.390289307E-02,0.00000000)
  0.918945849               1   0.00000000    
       (3.42398238,-7.262759609E-04)   (2.050527110E-05,6.222856427E-06)      (0.320716381,-8.044270362E-05)   (1.934576630E-06,2.745737220E-06)            (62.3939095,-41.3466644)   (6.631702263E-07,3.365109933E-07)      (0.321256280,-8.055403305E-05) (-5.482691989E-08,-8.875109074E-07)  (3.750598803E-02,-8.922406778E-06)
 (-2.063014079E-03,-2.056009862E-06)            (-62.2629471,41.2607956) (-1.942826493E-04,-4.420421078E-07)
            (0.388740540,0.00000000)             (2263.84692,0.00000000)        (2.962684631E-02,0.00000000)
   1.04385233               1   0.00000000    
       (4.42474651,-1.556650037E-03)  (-1.939997310E-05,1.019822048E-05)      (0.414599448,-1.724500762E-04) (-1.401281651E-07,-7.582980857E-07)            (75.7529221,-52.6915207)  (3.262435939E-07,-1.274169250E-07)      (0.415297061,-1.726954797E-04)  (4.281692512E-08,-1.475238832E-06)  (4.848404974E-02,-1.913197229E-05)
 (-3.443666501E-03,-3.261873417E-06)            (-75.5369415,52.5426788) (-3.246887354E-04,-1.206659590E-06)
            (0.501190186,0.00000000)             (2262.15137,0.00000000)        (3.821945190E-02,0.00000000)
   1.16706240               1   0.00000000    
       (5.54038715,-3.031482222E-03)   (3.237808869E-06,3.399916011E-07)      (0.519338369,-3.359242983E-04)  (-2.765933459E-06,1.135027787E-06)            (89.3986588,-65.0532761)   (6.252487310E-07,1.138631731E-07)      (0.520211816,-3.363960714E-04)  (-1.000935185E-06,1.621078241E-07)  (6.073077768E-02,-3.727665899E-05)
  (-2.256020889E-05,1.136605351E-05)            (-89.0241547,64.7834015)  (3.437994849E-07,-4.297493206E-08)
       (-1.525878906E-05,0.00000000)             (2259.13965,0.00000000)       (-1.239776611E-05,0.00000000)
   1.31002426               1   0.00000000    
       (6.99661303,-6.047388539E-03) (-2.774672566E-06,-5.197625342E-06)      (0.656175673,-6.703428808E-04)   (1.210102710E-06,3.059833489E-06)            (105.851418,-80.6316376)   (2.014293614E-06,2.407382169E-07)      (0.657279730,-6.712934701E-04)  (8.695275824E-07,-3.773652111E-07)  (7.672969997E-02,-7.441096386E-05)
  (-1.571011671E-05,1.416646455E-06)            (-105.293213,80.2106781)  (1.123546838E-07,-6.570306823E-07)
        (5.340576172E-05,0.00000000)             (2256.69727,0.00000000)        (3.814697266E-06,0.00000000)
   1.47623014               1   0.00000000    
       (8.91113472,-1.233365107E-02) (-1.602985139E-05,-1.873819019E-05)      (0.836295307,-1.367716235E-03) (-1.988589275E-07,-6.382765150E-06)            (125.445641,-100.384865)  (9.512906729E-08,-5.989862757E-07)      (0.837701559,-1.369667123E-03) (-1.684455356E-06,-2.989082532E-06)  (9.778746963E-02,-1.518867357E-04)
  (-7.398392881E-06,8.433286894E-06)            (-124.606140,99.7203903)   (2.069788479E-06,6.385517395E-07)
       (-1.220703125E-04,0.00000000)             (2253.50854,0.00000000)       (-5.722045898E-06,0.00000000)
   1.65047550               1   0.00000000    
       (11.1785784,-2.398136444E-02)  (6.080651474E-06,-2.698134995E-05)       (1.04993594,-2.660672413E-03)   (1.133198111E-06,9.171750207E-06)            (146.584137,-122.732758)  (-1.053862775E-06,7.348863278E-07)       (1.05170166,-2.664494794E-03)   (2.812608727E-06,1.138583457E-06)      (0.122761697,-2.956200042E-04)
 (-2.373177085E-05,-1.043804059E-05)            (-145.358765,121.718857)  (-1.286291536E-06,9.539481880E-07)
        (7.629394531E-06,0.00000000)             (2249.76440,0.00000000)        (3.814697266E-06,0.00000000)
   1.80800533               1   0.00000000    
       (13.4625301,-4.124771804E-02)  (1.529067958E-05,-1.024772132E-06)       (1.26547837,-4.578590859E-03) (-5.322747256E-06,-6.038234460E-06)            (165.942535,-144.266983) (-2.305948101E-06,-5.478865432E-07)       (1.26760697,-4.585187882E-03)  (-1.173094461E-06,2.157415111E-06)      (0.147955835,-5.089687766E-04)
  (-5.137344851E-05,1.682783841E-05)            (-164.278854,142.839340)  (1.658512929E-06,-5.326118639E-07)
       (-3.051757812E-05,0.00000000)             (2246.02856,0.00000000)       (-5.722045898E-06,0.00000000)
   2.02141142               1   0.00000000    
       (16.9195004,-7.997420430E-02)   (2.466334809E-05,2.122615842E-05)       (1.59237742,-8.883828297E-03)   (6.097998266E-06,1.207692276E-05)            (192.642258,-175.203506)  (-7.363388477E-07,7.043772712E-07)       (1.59505641,-8.896790445E-03)  (-6.331666214E-07,2.879400654E-06)      (0.186162218,-9.882850572E-04)
  (2.235681313E-05,-3.015079164E-05)            (-190.231354,173.041962)  (-1.192840728E-06,1.597991968E-06)
        (7.629394531E-06,0.00000000)             (2240.43994,0.00000000)       (-5.722045898E-06,0.00000000)
   2.27502346               1   0.00000000    
           (21.5867996,-0.160898998)  (6.773994755E-06,-3.854856550E-05)       (2.03495193,-1.789064892E-02)   (1.108356173E-05,1.702830377E-05)            (224.594513,-214.259933)   (2.863147017E-07,1.994990498E-06)       (2.03837132,-1.791694760E-02) (-2.970250080E-06,-7.465392287E-07)      (0.237881452,-1.992216567E-03)
  (7.350865417E-06,-1.018007970E-05)            (-221.039124,210.923615)   (4.240108865E-06,5.157906799E-06)
       (-7.629394531E-06,0.00000000)             (2233.01733,0.00000000)        (3.814697266E-06,0.00000000)
   2.55690575               1   0.00000000    
           (27.5125790,-0.319901168) (-2.551437137E-05,-9.153136489E-06)       (2.59879613,-3.561348841E-02)   (3.419078348E-05,9.446323929E-06)            (260.353302,-260.216553)   (3.590937922E-06,1.629806775E-06)       (2.60316992,-3.566637263E-02)  (2.097594489E-07,-6.006746389E-06)      (0.303767771,-3.970613703E-03)
   (7.475062375E-06,1.525522930E-05)            (-255.157501,255.120621)   (4.424016424E-06,1.430177690E-06)
       (-9.918212891E-05,0.00000000)             (2223.78442,0.00000000)       (-5.722045898E-06,0.00000000)
   2.90596199               1   0.00000000    
           (35.9715843,-0.676118970)  (-1.107018470E-04,1.517057353E-05)       (3.40719199,-7.539652288E-02) (-4.061921936E-05,-1.188180977E-05)            (304.856201,-319.634216) (-1.569206006E-06,-4.677819106E-06)       (3.41292572,-7.551024109E-02) (-9.817528735E-06,-1.300335555E-07)      (0.398231447,-8.420432918E-03)
  (6.657714403E-05,-1.066274399E-05)            (-297.019928,311.597595)   (8.127093452E-07,3.684282092E-06)
       (-2.288818359E-05,0.00000000)             (2210.94238,0.00000000)        (5.722045898E-06,0.00000000)
   3.25942779               1   0.00000000    
            (45.8535957,-1.31417108)  (-4.472735327E-06,2.615577978E-05)           (4.35629988,-0.146826833)   (2.850153214E-05,1.447561863E-05)            (349.534729,-382.487366)  (-1.357469046E-06,1.077163574E-06)           (4.36363316,-0.147051752)  (8.556537068E-06,-3.196547141E-06)      (0.509162784,-1.642950624E-02)
  (8.556537978E-06,-9.723337826E-06)            (-338.264893,370.471375)   (4.351193638E-06,3.488247557E-06)
       (-1.525878906E-05,0.00000000)             (2196.38525,0.00000000)       (-6.675720215E-06,0.00000000)
   3.57814574               1   0.00000000    
            (55.9278564,-2.24276543) (-2.134823808E-05,-3.122179987E-05)           (5.32833529,-0.251046747)  (-1.080287548E-04,9.566680092E-06)            (390.204987,-440.010223) (-8.023309874E-07,-9.890238744E-07)           (5.33731365,-0.251437843)  (-4.936780442E-06,9.459938155E-06)      (0.622833967,-2.814505622E-02)
   (2.967405089E-05,2.342969128E-05)            (-375.088257,423.465302)   (8.886204341E-06,9.753476661E-06)
       (-7.629394531E-05,0.00000000)             (2181.95435,0.00000000)       (-6.675720215E-06,0.00000000)
   3.87070823               1   0.00000000    
            (66.1583176,-3.49702120) (-1.154686402E-06,-1.097241766E-04)           (6.31936598,-0.392177343)  (-9.473128011E-05,4.243474450E-06)            (427.203827,-493.993958)  (6.367356946E-06,-5.196094435E-07)           (6.33003712,-0.392793208) (-1.824406172E-05,-1.109943241E-05)      (0.738813460,-4.405016452E-02)
  (-9.122031042E-05,8.071264892E-05)            (-407.901855,472.415619)   (5.398163921E-06,1.032001933E-06)
        (2.334594727E-03,0.00000000)             (2167.69409,0.00000000)        (1.811981201E-04,0.00000000)
   4.10965061               1   0.00000000    
            (75.1971970,-4.88530445)  (-8.324319788E-05,3.169892079E-05)           (7.19757080,-0.548752248)  (4.670935596E-05,-1.523264109E-05)            (457.612427,-537.998474)  (-6.800287338E-06,5.367438462E-06)           (7.20973825,-0.549624681) (-4.597379473E-07,-3.256476020E-06)      (0.841688871,-6.173770875E-02)
  (1.760489104E-04,-7.235506200E-05)            (-434.362061,511.664856)  (2.733907240E-05,-2.044492248E-05)
       (-2.250671387E-03,0.00000000)             (2155.29468,0.00000000)       (-1.783370972E-04,0.00000000)
   4.36674786               1   0.00000000    
            (85.5793762,-6.81900072)   (6.721742102E-05,1.883243822E-04)           (8.20851803,-0.767359495)   (7.184187416E-05,1.530626605E-06)            (490.827606,-585.127258)  (2.947275561E-06,-1.546913637E-07)           (8.22242165,-0.768594682)   (1.084467112E-05,4.192952474E-07)      (0.960255027,-8.649194241E-02)
 (-9.952347318E-05,-1.892932414E-05)            (-462.747314,553.005737) (-3.549757139E-06,-2.114690506E-05)
        (2.670288086E-04,0.00000000)             (2141.22925,0.00000000)        (2.098083496E-05,0.00000000)
   4.66824961               1   0.00000000    
            (98.5795975,-9.76760483)  (-2.619490842E-04,8.655043348E-05)            (9.47693253,-1.10165632)  (-2.138171694E-04,1.792631228E-04)            (529.635071,-641.068054)  (-3.172529205E-06,1.303826866E-05)            (9.49301147,-1.10345650)  (-2.266465162E-05,1.036185404E-05)           (1.10925841,-0.124455303)
  (3.801812709E-04,-9.734311607E-05)            (-495.123108,601.188965)  (2.680765465E-05,-1.681135836E-05)
       (-1.152038574E-03,0.00000000)             (2123.83423,0.00000000)       (-9.155273438E-05,0.00000000)
   4.95142651               1   0.00000000    
            (111.497665,-13.3105011) (-9.202215733E-05,-1.277675437E-05)            (10.7384634,-1.50459886)  (-1.077161432E-04,2.296861203E-05)            (566.529053,-692.911194) (-2.217006477E-05,-2.584891718E-06)            (10.7566919,-1.50708842) (-1.558320582E-05,-1.567552499E-05)           (1.25776637,-0.170359120)
   (6.188970292E-05,5.812314339E-05)            (-525.131775,644.818359)  (-8.714777323E-06,3.969655154E-06)
        (6.942749023E-04,0.00000000)             (2106.61938,0.00000000)        (5.340576172E-05,0.00000000)
   5.21926165               1   0.00000000    
            (124.233047,-17.4242363)  (-6.072223186E-05,5.122464427E-05)            (11.9815989,-1.97395241)  (-1.290736545E-04,1.818942110E-04)            (602.164185,-741.044434) (-3.303717449E-06,-5.790025739E-07)            (12.0019817,-1.97725737) (-2.335475244E-07,-9.594890798E-06)           (1.40446985,-0.223999068)
  (2.678005694E-05,-2.288760879E-05)            (-553.430176,684.368530)  (1.082101244E-05,-3.814601769E-06)
       (-3.280639648E-04,0.00000000)             (2089.59985,0.00000000)       (-1.335144043E-05,0.00000000)
   5.47400808               1   0.00000000    
            (136.722321,-22.0660305) (-1.012444045E-05,-3.430063371E-04)            (13.1989365,-2.50527501)  (4.980570793E-06,-3.948532685E-04)            (636.562866,-786.767334) (-1.913642154E-05,-5.595744733E-05)            (13.2214355,-2.50948858) (-2.367813522E-06,-3.343515709E-05)           (1.54850161,-0.284916162)
   (2.407004649E-04,2.656033321E-04)            (-580.067383,721.117432)   (2.396390482E-05,3.112858030E-05)
       (-9.307861328E-04,0.00000000)             (2072.76343,0.00000000)       (-7.247924805E-05,0.00000000)
   5.83531189               1   0.00000000    
            (154.846466,-29.9208527)  (-2.135908435E-04,3.760034451E-05)            (14.9592314,-3.40803361) (-1.523162209E-04,-1.731617813E-04)            (686.003662,-850.899963) (-3.427114962E-06,-2.147386840E-05)            (14.9848766,-3.41381097)  (8.703811716E-08,-1.192418404E-05)           (1.75751638,-0.388838530)
  (2.363947715E-04,-7.580995589E-05)            (-617.124084,771.191895)  (2.084556399E-05,-8.007481483E-06)
       (-4.043579102E-04,0.00000000)             (2047.84888,0.00000000)       (-5.912780762E-05,0.00000000)
   6.17551374               1   0.00000000    
            (172.051285,-38.6598740)  (-1.663545991E-04,2.463079873E-04)            (16.6184597,-4.41730547)  (-1.224170992E-04,1.091630184E-04)            (733.890808,-909.434753)   (1.807701665E-06,1.538903234E-05)            (16.6471233,-4.42490149)  (-1.430041721E-05,6.406402827E-05)           (1.95546436,-0.505592942)
  (4.463756923E-04,-3.393412917E-04)            (-651.721375,815.159851)  (5.980383867E-05,-3.403545270E-05)
       (-7.705688477E-04,0.00000000)             (2023.33936,0.00000000)       (-6.866455078E-05,0.00000000)
   6.49792814               1   0.00000000    
            (188.212341,-48.0406570)  (-8.490298933E-05,4.762709432E-04)            (18.1613255,-5.50611877)  (-4.746232880E-04,6.779942778E-04)            (780.939331,-962.956909)  (-4.285129762E-05,6.616237079E-05)            (18.1927834,-5.51574898)  (-8.238304872E-06,4.463222285E-05)           (2.14045715,-0.632180095)
  (4.070691830E-06,-3.648115089E-04)            (-684.552612,853.738525)  (1.102478927E-05,-3.920463860E-05)
       (-7.629394531E-05,0.00000000)             (1999.22559,0.00000000)       (-1.335144043E-05,0.00000000)
   6.80508518               1   0.00000000    
            (203.394104,-57.8661003)  (4.521945375E-04,-4.486419130E-05)            (19.5941830,-6.65241432)  (6.021140143E-04,-2.927591559E-04)            (826.867798,-1013.99707)  (7.115340122E-05,-2.838269211E-05)            (19.6281090,-6.66413164)  (2.527417382E-05,-3.816501339E-05)           (2.31310391,-0.766122997)
  (-4.868069373E-04,1.218035322E-06)            (-715.415405,889.334839)  (-4.823915515E-05,4.592997357E-06)
        (4.501342773E-04,0.00000000)             (1975.50354,0.00000000)        (3.528594971E-05,0.00000000)
   7.19425583               1   0.00000000    
            (222.014053,-71.3206863)  (-2.271699050E-04,5.919079413E-04)            (21.3200989,-8.23173046)  (-2.265260409E-04,3.180056228E-04)            (886.982178,-1076.42810)  (-3.765150541E-05,1.003324633E-05)            (21.3569794,-8.24637032)  (-4.568614531E-05,1.019421052E-05)           (2.52232862,-0.951784074)
  (4.785912824E-05,-2.253457205E-05)            (-754.111816,930.789062)   (6.599408607E-06,7.431041013E-06)
        (3.128051758E-04,0.00000000)             (1944.46875,0.00000000)        (3.242492676E-05,0.00000000)
   7.74141645               1   0.00000000    
            (246.689804,-91.4527130) (-3.457134007E-04,-1.856737508E-04)            (23.5340042,-10.6163454) (-6.888865028E-04,-4.338161380E-04)            (975.891541,-1159.23914) (-7.808573719E-05,-6.362327986E-05)            (23.5745697,-10.6354570) (-2.475361180E-05,-3.285085768E-05)            (2.79300666,-1.23462367)
   (2.364799875E-04,6.050562661E-05)            (-808.062744,981.712769)   (1.642543066E-05,3.137863314E-05)
       (-3.814697266E-05,0.00000000)             (1899.15723,0.00000000)       (-1.907348633E-06,0.00000000)
   8.08564568               1   0.00000000    
            (261.291199,-104.418594)  (6.818300462E-04,-2.846234711E-04)            (24.7936153,-12.1668501)   (1.599198295E-04,2.495279477E-04)            (1034.93945,-1208.70801)   (1.266333311E-05,3.886437116E-05)            (24.8364792,-12.1887827)   (9.083680197E-05,7.778904546E-06)            (2.94822145,-1.42023659)
 (-9.540615138E-04,-2.086434688E-04)            (-841.894409,1009.76074)  (-1.167664886E-04,2.984928869E-06)
        (2.288818359E-05,0.00000000)             (1869.75171,0.00000000)        (9.536743164E-07,0.00000000)
   8.57612228               1   0.00000000    
            (281.077515,-122.865738)   (9.078729781E-04,1.284306636E-04)            (26.4307137,-14.3944778)  (9.222958470E-04,-5.277937162E-04)            (1123.09326,-1277.09998)  (9.570737166E-05,-6.296811625E-05)            (26.4774208,-14.4202366)  (8.689695824E-05,-1.279186534E-07)            (3.15111780,-1.68942034)
  (-5.833904725E-04,1.194763317E-04)            (-889.470459,1045.74438) (-8.243578486E-05,-3.709650400E-06)
       (-2.670288086E-04,0.00000000)             (1826.81018,0.00000000)       (-2.765655518E-05,0.00000000)
   9.04002666               1   0.00000000    
            (298.769409,-139.805511)  (-3.716695064E-04,2.049544419E-04)            (27.8140087,-16.4649448)  (-5.177122075E-04,6.550452090E-04)            (1211.25171,-1337.47913)  (-1.238828759E-06,5.383425378E-05)            (27.8641834,-16.4945908)  (-3.738079613E-05,2.676543227E-05)            (3.32338333,-1.94257188)
  (3.934754641E-04,-1.769080409E-04)            (-933.799927,1073.97070)  (7.316355186E-05,-4.476636241E-05)
       (-2.365112305E-04,0.00000000)             (1785.22278,0.00000000)       (-3.433227539E-05,0.00000000)
   9.48126030               1   0.00000000    
            (314.926392,-155.128525)   (3.608413681E-04,3.357304959E-04)            (29.0063839,-18.3615608)  (3.248411813E-04,-3.210228751E-04)            (1299.85254,-1390.76099)  (6.529173697E-05,-4.596141935E-06)            (29.0598354,-18.3952637)   (2.676865915E-05,3.797120371E-05)            (3.47205949,-2.17732787)
 (-9.022801532E-05,-1.391570404E-04)            (-975.354004,1095.60510)  (-5.006038009E-06,2.057657548E-05)
       (-6.866455078E-05,0.00000000)             (1744.94104,0.00000000)       (-8.583068848E-06,0.00000000)
   9.90285301               1   0.00000000    
            (330.105255,-168.890884)   (1.222653809E-04,6.315999199E-04)            (30.0724964,-20.0878277)  (-1.081223454E-04,3.488865623E-04)            (1389.60547,-1438.49939)  (-8.747089851E-06,2.872922778E-05)            (30.1284370,-20.1252480)   (4.484325837E-05,5.605522529E-05)            (3.60455728,-2.39368844)
 (-3.759172978E-05,-4.339664301E-04)            (-1014.78931,1112.23389) (-1.478465947E-05,-7.204463327E-05)
       (-2.288818359E-04,0.00000000)             (1705.91797,0.00000000)       (-3.433227539E-05,0.00000000)
   10.4385233               1   0.00000000    
            (349.558289,-185.176590)  (-9.995034197E-04,1.279214863E-03)            (31.3839226,-22.1630402)  (-8.874592022E-04,1.064507291E-03)            (1511.42639,-1496.39001)  (-1.711437508E-04,1.297353592E-04)            (31.4420071,-22.2039299)  (-9.813840734E-05,1.465507521E-04)            (3.76616359,-2.65750194)
  (7.750648074E-04,-9.900836740E-04)            (-1064.47852,1129.26685)  (7.093504246E-05,-1.364303898E-04)
       (-3.051757812E-05,0.00000000)             (1655.76807,0.00000000)       (-9.536743164E-06,0.00000000)
   11.0717258               1   0.00000000    
            (372.924408,-202.529343) (-1.546437386E-03,-9.201750509E-04)            (32.8806992,-24.4205761) (-8.870122838E-04,-1.481825369E-03)            (1665.89001,-1558.28943) (-1.258529082E-04,-8.471819456E-05)            (32.9415398,-24.4653511) (-1.408460666E-04,-1.231138740E-04)            (3.94786882,-2.94998455)
   (7.324903272E-04,7.685740711E-04)            (-1121.22864,1141.97803)   (8.899126260E-05,1.115951745E-04)
             (0.00000000,0.00000000)             (1595.96191,0.00000000)        (9.536743164E-06,0.00000000)
   11.9017477               1   0.00000000    
            (404.916901,-222.202042) (-3.849587229E-04,-1.502732746E-03)            (34.8375053,-27.0544224) (-2.095881646E-04,-1.683096052E-03)            (1886.47070,-1628.59094) (-8.249274106E-05,-2.038186503E-04)            (34.9024544,-27.1041889) (-7.205217116E-05,-1.812066621E-04)            (4.17960691,-3.30009794)
   (5.675412249E-04,1.376868808E-03)            (-1191.57776,1147.41895)   (6.223292439E-05,1.467893744E-04)
        (5.340576172E-05,0.00000000)             (1517.27722,0.00000000)             (0.00000000,0.00000000)
   12.7845287               1   0.00000000    
            (441.791473,-239.710388)  (1.072633167E-04,-2.618178551E-04)            (37.0340500,-29.4917355)  (3.057004942E-04,-2.509485057E-04)            (2146.72534,-1692.98767)   (9.165354277E-05,9.272320312E-06)            (37.1144371,-29.5394936) (-1.710254219E-05,-1.307182538E-04)            (4.43172789,-3.63426065)
  (-6.874387327E-05,8.553416701E-04)            (-1261.31250,1142.92700)  (-4.743422778E-06,8.733618597E-05)
        (2.288818359E-05,0.00000000)             (1434.00732,0.00000000)        (6.675720215E-06,0.00000000)
   13.8088694               1   0.00000000    
            (488.942413,-256.243744)  (1.874318841E-04,-1.121295965E-03)            (39.8191566,-31.8985481)  (1.308264444E-03,-1.111100428E-03)            (2481.99268,-1754.02930)  (8.396460180E-05,-1.359010203E-04)            (39.9231606,-31.9459991) (-1.544772886E-06,-1.870714623E-04)            (4.74138021,-3.97680092)
   (7.929804269E-06,8.580674184E-04)            (-1333.30469,1126.00977)   (1.334937224E-05,8.339175110E-05)
        (7.629394531E-06,0.00000000)             (1338.96619,0.00000000)        (9.536743164E-07,0.00000000)
   14.7623014               1   0.00000000    
            (537.663574,-268.471130)   (1.974556217E-04,5.295576411E-04)            (42.7189140,-33.7743073)  (3.447628696E-04,-6.624424132E-04)            (2828.07056,-1798.58484)  (7.194716454E-05,-4.706566324E-05)            (42.8470039,-33.8248749)   (8.045201685E-05,5.887337102E-05)            (5.05551243,-4.25525093)
  (-3.167436807E-04,1.365179196E-05)            (-1390.92627,1101.27930)  (-6.882321759E-05,1.640417395E-05)
        (7.629394531E-05,0.00000000)             (1252.93396,0.00000000)        (3.814697266E-06,0.00000000)
   15.6577854               1   0.00000000    
            (589.260193,-277.199493)  (1.646506600E-03,-1.717621577E-03)            (45.9321327,-35.2046623)  (8.678315789E-04,-1.158860396E-03)            (3191.70093,-1830.27222)  (1.484592794E-04,-1.576004579E-04)            (46.0728760,-35.2560387)  (1.045269019E-04,-2.046455775E-04)            (5.40184450,-4.47755671)
  (-6.151337293E-04,4.979806836E-04)            (-1440.97363,1071.83105)  (-1.055997418E-04,7.874913717E-05)
       (-7.629394531E-06,0.00000000)             (1174.92041,0.00000000)       (-5.722045898E-06,0.00000000)
   16.9123421               1   0.00000000    
            (669.461365,-286.386292)   (7.690769417E-05,5.030057509E-04)            (51.0093994,-36.8326950)   (1.748821465E-03,9.957949806E-05)            (3753.70898,-1862.00183)   (1.491524454E-04,5.273802344E-06)            (51.1714096,-36.8861389)  (4.401141268E-05,-5.770439202E-06)            (5.94173098,-4.74399757)
 (-9.542981861E-04,-2.027221490E-04)            (-1495.76831,1024.58191)  (-1.219833066E-04,1.891949069E-07)
        (3.051757812E-05,0.00000000)             (1071.05615,0.00000000)        (4.768371582E-06,0.00000000)
   18.0800533               1   0.00000000    
            (752.539429,-292.329163) (-3.023078025E-04,-1.709077187E-04)            (56.3639107,-38.0111885)   (3.418323176E-04,6.295269704E-04)            (4332.44434,-1880.32446)   (2.521478928E-05,9.409191080E-06)            (56.5495033,-38.0684052)  (-8.046906441E-05,2.227361801E-05)            (6.50550747,-4.94999075)
 (-4.073384916E-04,-6.091495743E-04)            (-1530.49268,976.920837) (-2.561719702E-05,-5.437360232E-05)
       (-6.103515625E-05,0.00000000)             (980.774597,0.00000000)       (-4.768371582E-06,0.00000000)
   19.1767921               1   0.00000000    
            (838.005127,-296.044250) (-1.106389915E-03,-2.577000996E-04)            (61.9587440,-38.8651924) (-2.808185061E-03,-1.458066108E-04)            (4924.97754,-1889.31470)  (-2.957473334E-04,2.943708205E-05)            (62.1697159,-38.9278374) (-2.933584910E-04,-1.886043833E-06)            (7.09140539,-5.11050987)
   (1.052995212E-03,5.933002831E-05)            (-1549.35376,930.748535)   (7.907597319E-05,3.862373342E-05)
        (7.629394531E-06,0.00000000)             (901.982727,0.00000000)       (-2.861022949E-06,0.00000000)
   20.2141132               1   0.00000000    
            (925.466309,-298.176147)  (1.000855467E-03,-1.520353253E-04)            (67.7619781,-39.4768524) (-2.165580518E-04,-2.409048175E-04)            (5529.00830,-1891.64307)  (-5.252127085E-05,2.333388329E-05)            (67.9997787,-39.5467873)  (1.910523861E-04,-6.167720858E-05)            (7.69754982,-5.23576689)
 (-3.705909185E-04,-1.566333667E-04)            (-1555.90894,886.924133)  (-4.138431541E-05,1.840611731E-05)
       (-7.629394531E-06,0.00000000)             (832.940308,0.00000000)             (0.00000000,0.00000000)
   21.5195675               1   0.00000000    
            (1044.64429,-299.263153)  (-3.639107163E-04,2.080349717E-03)            (75.7769699,-40.0096283)   (2.621962689E-03,1.567664905E-03)            (6349.14990,-1887.32202)   (2.033707133E-04,9.225157555E-05)            (76.0516586,-40.0918045)   (1.052813386E-04,2.961639548E-04)            (8.53395271,-5.36002731)
 (-5.835411139E-04,-5.748746335E-04)            (-1550.48267,832.622070) (-3.787560490E-05,-6.955229037E-05)
       (-1.144409180E-05,0.00000000)             (753.577820,0.00000000)       (-4.768371582E-06,0.00000000)
   23.3412476               1   0.00000000    
            (1227.79333,-298.368652)  (1.717256673E-04,-5.396345514E-04)            (88.2925415,-40.3756676) (-8.525356534E-04,-5.697497400E-04)            (7604.64600,-1870.22388) (-1.921142684E-04,-1.082097806E-04)            (88.6245880,-40.4813576)  (8.090166375E-05,-8.194612747E-05)            (9.84139729,-5.47800159)
  (-8.608042117E-05,4.237872490E-04)            (-1522.52124,759.966248)   (1.691798025E-05,7.992249448E-05)
       (-3.814697266E-06,0.00000000)             (656.291260,0.00000000)       (-2.861022949E-06,0.00000000)
   26.0963097               1   0.00000000    
            (1541.62830,-292.929016)  (3.296321491E-03,-1.759387669E-03)            (110.167969,-40.2465515)  (2.490682062E-03,-3.147046664E-04)            (9746.72461,-1825.13660)  (4.883079091E-04,-2.137685224E-04)            (110.596336,-40.4021187)  (4.252989311E-04,-2.067864552E-04)            (12.1362400,-5.55099201)
  (-1.072613406E-03,5.134142702E-04)            (-1451.05286,659.090942)  (-1.078452115E-04,7.918704068E-05)
       (-1.144409180E-05,0.00000000)             (536.014648,0.00000000)             (0.00000000,0.00000000)
   28.5870743               1   0.00000000    
            (1863.03955,-284.857147)  (1.039554831E-03,-9.977680020E-05)            (132.988586,-39.5672684) (-1.679576118E-03,-1.073027146E-03)            (11932.7725,-1768.94348) (-1.751956879E-04,-6.923614274E-05)            (133.510101,-39.7815742) (-2.347313275E-04,-7.568539877E-05)            (14.5456142,-5.52574730)
   (1.700789435E-04,1.193910502E-04)            (-1373.21631,577.698486) (-8.474632523E-06,-1.372464067E-05)
       (-3.814697266E-06,0.00000000)             (450.656189,0.00000000)       (-9.536743164E-07,0.00000000)
   33.0095100               1   0.00000000    
            (2520.62012,-265.340637)  (4.160445533E-04,-1.364330645E-03)            (180.583725,-37.3776588)  (1.654084772E-03,-1.318541006E-03)            (16391.5918,-1642.19446)  (9.896441770E-05,-1.532471651E-05)            (181.276123,-37.7202988) (-2.707981730E-05,-1.063498421E-04)            (19.6167831,-5.31354189)
   (3.607770777E-04,4.159214441E-04)            (-1239.23328,453.888153)   (1.352452364E-05,2.184849109E-05)
             (0.00000000,0.00000000)             (339.851837,0.00000000)             (0.00000000,0.00000000)
   36.9057541               1   0.00000000    
            (3191.08667,-244.316055)   (3.975535277E-03,6.748831365E-04)            (229.965271,-34.6925201) (-3.853328053E-06,-6.055234735E-06)            (20927.3984,-1509.10168)  (-3.223723033E-04,1.112648897E-04)            (230.805435,-35.1614532)  (-6.812137144E-06,1.050032297E-04)            (24.9303493,-4.99288034)
   (9.523228800E-05,8.711275586E-05)            (-1144.10229,363.260956)  (-1.202445219E-05,1.575736496E-05)
        (1.144409180E-05,0.00000000)             (272.162506,0.00000000)        (9.536743164E-07,0.00000000)
   1080.28662    
