frequency_index,omega0_rad_s,omega_e_rad_s,wavenumber_rad_m,wavelength_m,wave_amplitude_m,heave_response_real_m_per_m,heave_response_imag_m_per_m,pitch_response_real_rad_per_m,pitch_response_imag_rad_per_m,heave_rao_m_per_m,pitch_rao_rad_per_m,pitch_rao_rad_per_wave_slope,point_vertical_rao_m_per_m,heave_phase_lead_deg,pitch_phase_lead_deg,point_phase_lead_deg,fridsma_heave_phase_lag_deg,fridsma_pitch_phase_lead_deg,cg_accel_rao_mps2_per_m,point_accel_rao_mps2_per_m,cg_accel_g,point_accel_g,dynamic_condition_number,equation_relative_residual,heave_finite_length_factor,pitch_finite_length_factor,provider_route,matrix_contract,configuration,lambda_over_l
0,5.655284970861961,24.40765469798883,3.2612816916742378,1.9265999999999999,0.01,0.06749199634800179,0.04281253647525303,0.08518378705283026,0.19287422803062912,0.07992548311072982,0.2108476829729771,0.06465178506697306,0.32315059325366097,122.38838680003448,156.17112978286661,148.26631404940383,-122.38838680003448,156.17112978286661,47.614296413209345,192.51166879989302,0.048553070022086385,0.19630726986268807,6.2162051589758525,2.8162569464195377e-16,0.7007407807263686,0.8152249678266597,faltinsen_ch9_reduced_order_planing,heave_pitch_2x2_v1,FnB=2.82,1.014
1,5.620244580566254,24.140953241113948,3.2209928105300336,1.9506983333333334,0.01,0.06996741109537223,0.0460932680963203,0.0819245025443675,0.19832940015949282,0.08378560723172016,0.21458372511624993,0.06662036761297176,0.33082408995987567,123.37617107677852,157.5558060798516,149.3759674446274,-123.37617107677852,157.5558060798516,48.8290473416184,192.7995234995798,0.04979177123851509,0.1966007999669406,6.234834546087514,2.853423160125685e-16,0.7073743160690914,0.8194492523327094,faltinsen_ch9_reduced_order_planing,heave_pitch_2x2_v1,FnB=2.82,1.0266833333333334
2,5.585847557002136,23.88054904506215,3.181687215314785,1.9747966666666668,0.01,0.07247148726933562,0.04945937030012075,0.07861747998769578,0.2038697376479749,0.08774021756021547,0.21850303908245727,0.06867521044517236,0.3387652186398328,124.3122313650565,158.91206183211557,150.4548404910908,-124.3122313650565,158.91206183211557,50.03654590551326,193.19123983286374,0.05102307710126625,0.1970002394628785,6.253860162001806,2.719620297373683e-16,0.7137989831337298,0.8235342122623872,faltinsen_ch9_reduced_order_planing,heave_pitch_2x2_v1,FnB=2.82,1.0393666666666668
3,5.552074450332887,23.626218172880904,3.1433293430518296,1.9988949999999999,0.01,0.07500381617977682,0.0529110938733798,0.07526286294864354,0.2094962705409771,0.09178865015026291,0.22260544896701107,0.07081836634747458,0.3469734572775698,125.20087823311144,160.23885275043222,151.50307859359202,-125.20087823311144,160.23885275043222,51.236257931480736,193.67995414845151,0.05224644290504987,0.19749858937399778,6.273289863504061,1.905365505705393e-16,0.7200229861469847,0.8274857153807293,faltinsen_ch9_reduced_order_planing,heave_pitch_2x2_v1,FnB=2.82,1.05205
4,5.518906624083483,23.377747244558073,3.105885325299929,2.022993333333333,0.01,0.07756408957061565,0.05644874897186507,0.07186071050316185,0.21521007917646556,0.0959304396498167,0.22689059013797774,0.07305182464071412,0.3554483182305301,126.04597096549082,161.53534066074627,152.5209407960466,-126.04597096549082,161.53534066074627,52.42781430049365,194.2592829725305,0.05346149225320947,0.19808934036855658,6.293131712895795,1.721632450223991e-16,0.7260541615917926,0.8313093358205484,faltinsen_ch9_reduced_order_planing,heave_pitch_2x2_v1,FnB=2.82,1.0647333333333333
5,5.486326211925033,23.13493282029998,3.0693228884130344,2.0470916666666668,0.01,0.08015209445939729,0.06007270462705046,0.06841100269520708,0.2210122949911461,0.10016530381043626,0.23135794740405402,0.07537751999877587,0.3641893744233648,126.85096805941055,162.8008826693656,153.5087843961379,-126.85096805941055,162.8008826693656,53.61098641119445,194.92330039015116,0.05466799203723438,0.19876644969500407,6.313393984234222,2.6379186465023924e-16,0.7318999952432479,0.8350103706168704,faltinsen_ch9_reduced_order_planing,heave_pitch_2x2_v1,FnB=2.82,1.0774166666666667
6,5.45431607723286,22.897580826619745,3.033611260762936,2.07119,0.01,0.0827677084373336,0.06378338833800462,0.06491364548864204,0.226904101400678,0.10449312985954706,0.23600689100760225,0.07779734142608893,0.3731962825127803,127.61897243844265,164.0350187384389,154.4670505413901,-127.61897243844265,164.0350187384389,54.7856651966642,195.66651524235922,0.055865831039819104,0.19952431792952666,6.334085169836926,1.5054358372454624e-16,0.7375676385551156,0.8385938552499769,faltinsen_ch9_reduced_order_planing,heave_pitch_2x2_v1,FnB=2.82,1.0901
7,5.422859775210269,22.66550602180447,2.998721086364209,2.0952883333333334,0.01,0.08541089540087231,0.06758128574937398,0.06136847525902935,0.2328867347572147,0.10891396254253763,0.24083671020319009,0.08031314125822615,0.38246880323324317,128.35277169853782,165.23745813449682,155.39625089328706,-128.35277169853782,165.23745813449682,55.95184318458729,196.4838483692597,0.05705500164132226,0.20035776577043102,6.355213987063197,1.288169760280114e-16,0.7430639243898097,0.8420645782551571,faltinsen_ch9_reduced_order_planing,heave_pitch_2x2_v1,FnB=2.82,1.1027833333333334
8,5.391941517387847,22.438531497641236,2.9646243443918934,2.1193866666666663,0.01,0.08808170168787148,0.07146694041605245,0.057775262866620235,0.238961485387001,0.11342799365528235,0.24584664426765918,0.08292674406884677,0.39200681915321073,129.05487378372447,166.40806517438762,156.29695540493566,-129.05487378372447,166.40806517438762,57.10959916138464,197.37061010182722,0.058235584181534614,0.2012620110861785,6.376789385384165,1.8729680122734558e-16,0.7483953820919899,0.8454270949546914,faltinsen_ch9_reduced_order_planing,heave_pitch_2x2_v1,FnB=2.82,1.1154666666666666
9,5.361546138324173,22.216488214561057,2.931294274128154,2.143485,0.01,0.09078025259341789,0.07544095365493428,0.054133717347752644,0.24512969871075477,0.11803555290373616,0.25103591086518234,0.08563995538791383,0.4018103500817639,129.72753852009515,167.5468446455926,157.16978122394505,-129.72753852009515,167.5468446455926,58.25908506354835,198.32247817671436,0.059407733592560505,0.20223264639475697,6.3988205537546,6.489535794659936e-16,0.7535682519117097,0.8486857403649178,faltinsen_ch9_reduced_order_planing,heave_pitch_2x2_v1,FnB=2.82,1.12815
10,5.331659064348433,21.999214567612107,2.8987053049154214,2.1675833333333334,0.01,0.09350674924222444,0.07950398448401481,0.050443489258219926,0.25139277644959357,0.12273709994407847,0.25640373175829456,0.08845457015706394,0.41187956636788353,130.37280543637416,168.6539272255858,158.0153827052444,-130.37280543637416,168.6539272255858,59.400514774137335,199.33547621988697,0.0605716679744228,0.20326561692309505,6.421316928299787,2.4821737176275688e-16,0.7585884987875797,0.8518446413285571,faltinsen_ch9_reduced_order_planing,heave_pitch_2x2_v1,FnB=2.82,1.1408333333333334
11,5.302266284198574,21.786555980899944,2.866832990730673,2.1916816666666668,0.01,0.09626146579637421,0.08365674964903239,0.0467041736988958,0.257752177919347,0.12753321747336024,0.2619493559126713,0.09137238086753982,0.42221480033083253,130.99251828042486,169.72955517097006,158.83444249783645,-130.99251828042486,169.72955517097006,60.53415454969791,200.40595291760147,0.06172765883323859,0.2043571993673696,6.444288200331919,2.0015850259677085e-16,0.7634618255039184,0.8549077279197906,faltinsen_ch9_reduced_order_planing,heave_pitch_2x2_v1,FnB=2.82,1.1535166666666667
12,5.273354321420639,21.578364528337673,2.8356539490290493,2.2157799999999996,0.01,0.0990447469789278,0.08790002373781067,0.04291531305097687,0.26420942141619264,0.13242460525607583,0.26767208008931864,0.09439518534374468,0.43281655605167474,131.58834661199705,170.77406849424688,159.62766365424278,-131.58834661199705,170.77406849424688,61.66031484347082,201.53056196773926,0.06287602274321082,0.20550398144905682,6.467744324710912,2.264935317023514e-16,0.7681936852385175,0.8578787441669656,faltinsen_ch9_reduced_order_planing,heave_pitch_2x2_v1,FnB=2.82,1.1662
13,5.244910208405784,21.37449857873362,2.8051458035352757,2.239878333333333,0.01,0.10185700589558792,0.09223463938247889,0.039076399445573326,0.270766085696702,0.1374120749862608,0.2735712670532923,0.0975247941509904,0.4436855177442505,132.1618048183077,171.7878917962803,160.39576270084342,-132.1618048183077,171.7878917962803,62.77934332542612,202.70624288128076,0.0640171142290447,0.20670284233788377,6.491695528565716,1.9682208963841725e-16,0.7727892935196172,0.8607612581352472,faltinsen_ch9_reduced_order_planing,heave_pitch_2x2_v1,FnB=2.82,1.1788833333333333
14,5.216921461951359,21.1748224634116,2.7752871306887377,2.2639766666666667,0.01,0.10469872213820566,0.09666148754978636,0.03518687699002825,0.27742381155553775,0.14249654589747324,0.2796463615538631,0.10076303761926925,0.45482255690999146,132.71426886411803,172.77152187717172,161.13946360066893,-132.71426886411803,172.77152187717172,63.89161892919298,203.93020268296652,0.06515131969550558,0.20795093399169598,6.5161523203928065,3.2808947887160445e-16,0.7772536396120747,0.8635586714090577,faltinsen_ch9_reduced_order_planing,heave_pitch_2x2_v1,FnB=2.82,1.1915666666666667
15,5.189376060241433,20.979206164710305,2.7460574094728476,2.288075,0.01,0.1075704401554305,0.10118151791980395,0.03124614377123513,0.28418430350424273,0.14767904104438334,0.2858969042483046,0.10411177248591733,0.46622873846577023,133.24699105387958,173.7255162081933,161.85949253674096,-133.24699105387958,173.7255162081933,64.99754678104729,205.1998985420694,0.06627905225642529,0.20924566344477413,6.541125499549691,5.766033307147824e-16,0.7815914973536364,0.8662742280117783,faltinsen_ch9_reduced_order_planing,heave_pitch_2x2_v1,FnB=2.82,1.20425
16,5.162262421150358,20.78752502384564,2.717436974381788,2.3121733333333334,0.01,0.11047276787724215,0.1057957393533995,0.027253553654330496,0.29104933155477264,0.15296068418973377,0.2923225437513663,0.10757288816895898,0.4779053260182229,133.76111305145946,174.65048231301375,162.55657344310742,-133.76111305145946,174.65048231301375,66.09755388742411,206.5130213486361,0.06740074733718866,0.2105846760602613,6.566626166162178,1.1783577969893957e-16,0.7858074354627749,0.8689110227979028,faltinsen_ch9_reduced_order_planing,heave_pitch_2x2_v1,FnB=2.82,1.2169333333333334
17,5.135569381780428,20.599659466744562,2.68940697129811,2.3362716666666663,0.01,0.11340637558146753,0.11050522044899072,0.023208417893439012,0.2980207331116628,0.15834269723926303,0.29892304699626193,0.11114831268990844,0.48985378644224453,134.25767737350714,175.54706807769247,163.2314242117028,-134.25767737350714,175.54706807769247,67.19208547550392,207.8674802374468,0.06851685894317011,0.2119658397489936,6.592665731465225,3.843470169920801e-16,0.7899058273397918,0.8714720093506771,faltinsen_ch9_reduced_order_planing,heave_pitch_2x2_v1,FnB=2.82,1.2296166666666666
18,5.109286179151524,20.41549474657215,2.6619493160731524,2.3603699999999996,0.01,0.11637199499168342,0.11531109018921469,0.019110006569626577,0.30510041497698387,0.1638263981749266,0.30569830809184884,0.11484001827007288,0.5020757939060667,134.73763754592488,176.41595298557877,163.8847535055836,-134.73763754592488,176.41595298557877,68.28160189677317,209.26138805111856,0.06962785650224407,0.21338723014599134,6.619255928598267,4.707270720607867e-16,0.7938908603828876,0.8739600074161984,faltinsen_ch9_reduced_order_planing,heave_pitch_2x2_v1,FnB=2.82,1.2423
19,5.08340243196688,20.234920701776552,2.6350466556190733,2.3844683333333334,0.01,0.11937041859713436,0.12021453867829941,0.014957549869848727,0.31229035547252315,0.16941319944352454,0.31264835585568634,0.11865002662817493,0.5145732334707535,135.201867089163,177.25784025490157,164.51725811252174,-135.201867089163,177.25784025490157,69.36657601649584,210.6930477250214,0.07073422220278673,0.2148471167269367,6.646408823877337,2.7370258958894536e-16,0.7977665448406996,0.8763777099029958,faltinsen_ch9_reduced_order_planing,heave_pitch_2x2_v1,FnB=2.82,1.2549833333333333
20,5.057908123384797,20.057831528570162,2.608682331336585,2.4085666666666663,0.01,0.12240249918647146,0.12521681797109135,0.010750239219452513,0.31959260668394207,0.17510460676378442,0.3197733601948611,0.12258041400963603,0.5273482043783484,135.6511674770432,178.0734498429399,165.1296207770497,-135.6511674770432,178.0734498429399,70.4474910231196,212.1609395697833,0.07183644875989212,0.21634394983993852,6.674136828567221,2.1297378252738235e-16,0.8015367222224651,0.8787276894742874,faltinsen_ch9_reduced_order_planing,heave_pitch_2x2_v1,FnB=2.82,1.2676666666666665
21,5.032793584731381,19.884125566850834,2.582840344716427,2.4326649999999996,0.01,0.12546914958823163,0.1303192429948619,0.006487228279696026,0.32700929683198443,0.18090221832014086,0.327073637496668,0.12663331597934205,0.5404030231303371,136.08627519532706,178.86351227064807,165.7225084535529,-136.08627519532706,178.86351227064807,71.52483860107276,213.66370942188593,0.07293503755214346,0.21787634862250202,6.702452711178573,1.520052606705329e-16,0.8052050732864916,0.8810124047583594,faltinsen_ch9_reduced_order_planing,heave_pitch_2x2_v1,FnB=2.82,1.2803499999999999
22,5.008049480094152,19.71370509864483,2.5575053249653354,2.456763333333333,0.01,0.12857134261204714,0.1355231925652019,0.0021676338207620286,0.3345426327761648,0.1868077243160175,0.3345496551801971,0.13081093201036897,0.5537402264466638,136.50786801005563,179.62876321487954,166.2965709277031,-136.50786801005563,179.62876321487954,72.5991174184485,215.20015762898856,0.07403049707948027,0.21944308976968546,6.731369610316151,2.9884520408680933e-16,0.8087751256270637,0.8832342062008902,faltinsen_ch9_reduced_order_planing,heave_pitch_2x2_v1,FnB=2.82,1.2930333333333333
23,4.983666791740764,19.546476158224035,2.5326624985188295,2.4808616666666663,0.01,0.13171011118560377,0.14083011049751754,-0.002209463520141243,0.34219490265675817,0.19282290686344064,0.3422020355481759,0.13511552990116332,0.5673625741852883,136.91657054155849,-179.63006118865297,166.85243975823477,-136.91657054155849,-179.63006118865297,73.67083188793545,216.76922883396082,0.07512334169969914,0.2210430971167125,6.7609010481059855,2.036756612433662e-16,0.8122502608792893,0.8853953415815139,faltinsen_ch9_reduced_order_planing,heave_pitch_2x2_v1,FnB=2.82,1.3057166666666666
24,4.959636806311129,19.38234835311532,2.508297660313772,2.50496,0.01,0.13488654868334857,0.14624150681583392,-0.0066450185867799345,0.3499684786813014,0.19894964018934783,0.3500315590664978,0.13954945005319308,0.5812730522930888,137.3129592277225,-178.91222839035018,167.39072749567907,-137.3129592277225,-178.91222839035018,74.7404911652162,218.3700025199441,0.07621409060710457,0.22267543199761808,6.791060944230821,1.4457691986368744e-16,0.8156337215607151,0.8874979612154617,faltinsen_ch9_reduced_order_planing,heave_pitch_2x2_v1,FnB=2.82,1.3184
25,4.935951101734914,19.221234695279,2.4843971467033197,2.5290583333333334,0.01,0.13810180944390518,0.1517589590608379,-0.01114002114988824,0.35786582006226225,0.20518989114210712,0.3580391671871325,0.14411510964027388,0.5954748758508752,137.69756674941368,-178.2170128783772,167.91202713909712,-137.69756674941368,-178.2170128783772,75.80860835407773,220.0016842779465,0.07730326702194708,0.22433928434067343,6.821863630605032,4.4273455045728957e-16,0.818928617567842,0.8895441228597916,faltinsen_ch9_reduced_order_planing,heave_pitch_2x2_v1,FnB=2.82,1.3310833333333334
26,4.9126015348298075,19.063051441787845,2.4609478099057456,2.5531566666666663,0.01,0.14135710947408367,0.15738411369931068,-0.015695495443669556,0.36588947611298983,0.21154571998455943,0.3662259648187993,0.14881500669972592,0.6099714922682478,138.07088598164967,-177.54369909448909,168.4169117960305,-138.07088598164967,-177.54369909448909,76.87569989178175,221.6635977583413,0.07839139756367541,0.22603396446119858,6.853323866721989,2.866434175638195e-16,0.8221379323449445,0.8915357963424354,faltinsen_ch9_reduced_order_planing,heave_pitch_2x2_v1,FnB=2.82,1.3437666666666666
27,4.8895802295390824,18.907717944387876,2.437936993886747,2.5772549999999996,0.01,0.14465372733827572,0.16311868763733597,-0.020312499785866668,0.3740420895095571,0.21801928146240415,0.3745932225390982,0.15365172417433678,0.624766584677966,138.43337352605442,-176.89158386930814,168.90593451478514,-138.43337352605442,-176.89158386930814,77.9422850919419,223.35517726805327,0.07947901178480103,0.22775889551279313,6.88545685570883,4.466779135517708e-16,0.8252645287418751,0.8934748679311253,faltinsen_ch9_reduced_order_planing,heave_pitch_2x2_v1,FnB=2.82,1.35645
28,4.866879565769868,18.755156507367943,2.415352511582274,2.601353333333333,0.01,0.14799300523291092,0.1689644698399093,-0.024992126274951582,0.38232639972662485,0.22461282613900307,0.38314237863184236,0.15862793393286082,0.6398640755743129,138.78545287312357,-176.25997842942235,169.37962826176215,-138.78545287312357,-176.25997842942235,79.00888582533585,225.07596097606068,0.080566641845417,0.22951360655887657,6.918278261125723,5.708397642580029e-16,0.8283111545767962,0.8953631444581388,faltinsen_ch9_reduced_order_planing,heave_pitch_2x2_v1,FnB=2.82,1.3691333333333333
29,4.844492168796216,18.605292253206816,2.3931826233757567,2.6254516666666667,0.01,0.15137635024653456,0.17492332305982647,-0.029735500558398013,0.3907452466560264,0.23132870198973132,0.39187504102422416,0.16374640079554653,0.655268130735593,139.12751723674717,-175.64821002532733,169.8385060198333,-139.12751723674717,-175.64821002532733,80.07602632182432,226.82558469102187,0.08165482231121159,0.23129772622763317,6.951804224548992,1.1851308482093658e-16,0.8312804479190676,0.8972023572157827,faltinsen_ch9_reduced_order_planing,heave_pitch_2x2_v1,FnB=2.82,1.3818166666666667
30,4.822410899193473,18.458052995505156,2.3714160167498584,2.6495499999999996,0.01,0.15480523580693223,0.18099718567899536,-0.034543781666374535,0.3993015744173713,0.23816935625087585,0.4007929891901874,0.16900998658999267,0.6709831634672929,139.45993209815936,-175.05562322562628,170.28306098674784,-139.45993209815936,-175.05562322562628,81.14423307891953,228.60377617626682,0.08274409006023416,0.23311097691491678,6.986051383979789,4.236996423253288e-16,0.834174942106804,0.898994165636567,faltinsen_ch9_reduced_order_planing,heave_pitch_2x2_v1,FnB=2.82,1.3944999999999999
31,4.800628843272787,18.31336911874505,2.3500417870386547,2.673648333333333,0.01,0.15828120331759926,0.1871880736655779,-0.03941816190549459,0.4079984353705996,0.24513733751980138,0.40989817607896856,0.17442165426151476,0.6870138391994955,139.78303749189553,-174.481580919194,170.71376685524382,-139.78303749189553,-174.481580919194,82.21403486459421,230.41034996899893,0.08383498428575938,0.2349531695013067,7.021036893122655,2.0158761436512403e-16,0.836997070512916,0.9007401607711043,faltinsen_ch9_reduced_order_planing,heave_pitch_2x2_v1,FnB=2.82,1.4071833333333332
32,4.779139303986631,18.171173464452387,2.3290494192114357,2.6977466666666663,0.01,0.16180586398672514,0.19349808265065804,-0.04435986680752525,0.41683899434110977,0.2522352981047092,0.4191927301212285,0.1799844720612059,0.7033650804698227,140.09715006234757,-173.9254650633072,171.1310781589495,-140.09715006234757,-173.9254650633072,83.28596280370228,232.2452026722862,0.08492804658441189,0.23682419855127515,7.056778441581008,1.857602880217412e-16,0.8397491710727848,0.9024418685759515,faltinsen_ch9_reduced_order_planing,heave_pitch_2x2_v1,FnB=2.82,1.4198666666666666
33,4.757935792278166,18.031401223367233,2.3084287706241855,2.721845,0.01,0.16538090085275176,0.19992939012842253,-0.049370155128160516,0.42582653306881046,0.25946599662381714,0.4286789573594456,0.1857016178339925,0.7200420723214288,140.40256491603668,-173.3866772121344,171.53543067030876,-140.40256491603668,-173.3866772121344,84.36055053892798,234.10830869022837,0.08602382112028877,0.2387240379642675,7.093294276019541,1.2660430875380277e-16,0.8424334905860502,0.904100753022798,faltinsen_ch9_reduced_order_planing,heave_pitch_2x2_v1,FnB=2.82,1.43255
34,4.73701201884909,17.893989833255052,2.2881700546792976,2.7459433333333334,0.01,0.16900807101146048,0.20648425778414822,-0.054450318891127863,0.43496445489323377,0.26683230085521026,0.4383593437442774,0.19157638342824848,0.7370502681443053,140.6995572916985,-172.86463885652128,171.9272418386725,-140.6995572916985,-172.86463885652128,85.43833445852754,235.9997163785313,0.08712285485719133,0.24065273704938112,7.1306032223466005,1.182303861143174e-16,0.8450521888043766,0.9057182190396915,faltinsen_ch9_reduced_order_planing,heave_pitch_2x2_v1,FnB=2.82,1.4452333333333334
35,4.716361886322236,17.758878882016994,2.2682638253382184,2.7700416666666663,0.01,0.17268920805046475,0.21316503395460448,-0.059601683473009155,0.44425628968767655,0.2743371908399668,0.44823655763433395,0.19761217924793112,0.7543953959873443,140.98838406763673,-172.35879160274615,172.30691125838234,-140.98838406763673,-172.35879160274615,86.51985398430203,237.91954458456843,0.08822569785227578,0.24261041699720948,7.168724708973144,2.0733905058442416e-16,0.8476073423164389,0.9072956152942963,faltinsen_ch9_reduced_order_planing,heave_pitch_2x2_v1,FnB=2.82,1.4579166666666665
36,4.6959794817767575,17.626010015781002,2.248700962435521,2.7941399999999996,0.01,0.17642622469793554,0.21997415622581423,-0.06482560772422577,0.4537056990562443,0.28198376224248334,0.45831345253323136,0.20381253896776103,0.7720834653682418,141.26928512349917,-171.8685972148736,172.67482115815534,-141.26928512349917,-171.8685972148736,87.6056519142743,239.86797955285405,0.08933290360548639,0.24459726772430346,7.207678791208212,4.3933683564902844e-16,0.8501009482407977,0.9088342368285409,faltinsen_ch9_reduced_order_planing,heave_pitch_2x2_v1,FnB=2.82,1.4706
37,4.675859069635141,17.49532685167722,2.2294726577464483,2.818238333333333,0.01,0.18022111569336216,0.2269141541734553,-0.07012348412165742,0.46331648180861845,0.2897752299731895,0.4685930700948065,0.21018112443166742,0.7901207746082791,141.5424845716164,-171.39353754252622,173.03133690437846,-141.5424845716164,-171.39353754252622,88.69627481544447,241.84527217364914,0.09044502946005463,0.24661354506752983,7.2474861768548795,1.8345982517275914e-16,0.8525349277367688,0.910335327553415,faltinsen_ch9_reduced_order_planing,heave_pitch_2x2_v1,FnB=2.82,1.4832833333333333
38,4.655995084882608,17.366774895020963,2.210570401763192,2.8423366666666667,0.01,0.18407596088918277,0.23398765225156037,-0.07549673894834673,0.4730925797284232,0.29771493208012445,0.4790786434249906,0.216721730754591,0.8085139187194085,141.80819187128316,-170.93311435331498,173.376807512058,-141.80819187128316,-170.93311435331498,89.79227346280273,243.85173555418746,0.09156263705016773,0.2486595683074113,7.288168253074811,5.228905086148689e-16,0.8549111293428621,0.9118000826121265,faltinsen_ch9_reduced_order_planing,heave_pitch_2x2_v1,FnB=2.82,1.4959666666666667
39,4.636382126600722,17.240301460645494,2.1919859711382212,2.8664349999999996,0.01,0.18799292859317054,0.2411973728355223,-0.0809468324956554,0.4830380836521401,0.3058063339170641,0.4897736007069099,0.22343829164772788,0.8272697978716615,142.06660283781525,-170.48684908683148,173.71156615815607,-142.06660283781525,-170.48684908683148,90.89420332147935,245.88774289370627,0.09268629279262476,0.25073571800126065,7.329747114593779,4.576000057644723e-16,0.8572313321518528,0.9132296506192915,faltinsen_ch9_reduced_order_planing,heave_pitch_2x2_v1,FnB=2.82,1.5086499999999998
40,4.617014951798112,17.11585559814341,2.1737114167557037,2.890533333333333,0.01,0.1919742791625971,0.24854613942583748,-0.08647525928313833,0.49315723987674476,0.31405303259718187,0.5006815691743957,0.23033488498747928,0.8463956264699357,142.31790055686406,-170.05428254498477,174.03593069290548,-142.31790055686406,-170.05428254498477,92.0026250695478,247.95372564511672,0.09381656841994751,0.25284243410860663,7.372245593325448,1.748346756505565e-16,0.8594972488310697,0.9146251357833682,faltinsen_ch9_reduced_order_planing,heave_pitch_2x2_v1,FnB=2.82,1.5213333333333332
41,4.59788846952234,16.99338802079187,2.1557390523947006,2.9146316666666663,0.01,0.19602236886236343,0.25603688001939784,-0.09208354829120793,0.5034544569154807,0.3224587617424591,0.5118063794580534,0.23741573864866147,0.8658989428703925,142.56225621327565,-169.63497453156785,174.35020414543442,-142.56225621327565,-169.63497453156785,93.11810515955347,250.0501719477219,0.09495404155298034,0.2549802143930108,7.415687289495684,2.821682992161681e-16,0.8617105284960136,0.9159875999190773,faltinsen_ch9_reduced_order_planing,heave_pitch_2x2_v1,FnB=2.82,1.5340166666666666
42,4.578997735237878,16.87285103795117,2.1380614439501375,2.9387299999999996,0.01,0.20013965400054806,0.2636726306555972,-0.09777326320145288,0.5139343126225877,0.33102739654038016,0.5231520703274645,0.24468523662300562,0.8857876197682796,142.7998298427383,-169.22850345223773,174.6546752206741,-142.7998298427383,-169.22850345223773,94.2412164173515,252.17762531691278,0.09609929631153505,0.25714961308592926,7.460096604355239,5.022831991827778e-16,0.8638727594449934,0.9173180643561242,faltinsen_ch9_reduced_order_planing,heave_pitch_2x2_v1,FnB=2.82,1.5467
43,4.560337945456092,16.754198490740002,2.1206713991798107,2.9628283333333334,0.01,0.20432869535614556,0.2714565391449491,-0.1035460026391873,0.5246015617092623,0.3397629591207638,0.5347228938528362,0.2521479254445763,0.9060698752907469,143.03077101353432,-168.834465884582,174.94961878506638,-143.03077101353432,-168.834465884582,95.372538677293,254.33668357821819,0.09725292396210021,0.25935123979974634,7.505498774574449,3.255026433602394e-16,0.8659854717620433,0.9186175117501723,faltinsen_ch9_reduced_order_planing,heave_pitch_2x2_v1,FnB=2.82,1.5593833333333333
44,4.5419044326040146,16.637385690803395,2.1035619579477185,2.9869266666666667,0.01,0.20859216291518012,0.2793918689883874,-0.10940340041246246,0.535461143674716,0.34866962426695175,0.5465233210094922,0.25980852094449,0.9267542848302716,143.2552194448997,-168.45247612660384,175.23529633906298,-143.2552194448997,-168.45247612660384,96.51265945321605,256.52799803447226,0.09841552360206192,0.26158575867852146,7.551919908419887,3.280364914687048e-16,0.8680501397949919,0.9198868878016044,faltinsen_ch9_reduced_order_planing,heave_pitch_2x2_v1,FnB=2.82,1.5720666666666667
45,4.52369266011943,16.52236936200089,2.086726382935906,3.0110249999999996,0.01,0.2129328409329007,0.28748200349591235,-0.11534712574137049,0.5465181911779269,0.35775172547701256,0.558558047749013,0.26767191535823365,0.9478497936566476,143.47330556777302,-168.0821657307779,175.51195647480313,-143.47330556777302,-168.0821657307779,97.66217464508463,258.7522728561962,0.09958770288027476,0.263853887776352,7.599387023819877,1.5265739541025315e-16,0.870068184515185,0.921127102887312,faltinsen_ch9_reduced_order_planing,heave_pitch_2x2_v1,FnB=2.82,1.5847499999999999
46,4.505698217760588,16.409107584853622,2.0701581507987883,3.035123333333333,0.01,0.21735363334137162,0.2957304501137551,-0.12137888347098962,0.5577780388775035,0.3670137613921031,0.5708320015614909,0.2757431848099289,0.969365730348035,143.6851510330781,-167.72318302978718,175.77983531769587,-143.6851510330781,-167.72318302978718,98.8216892814728,261.01026468655635,0.10077007875418499,0.26615639865454194,7.647928088432823,4.121386136974709e-16,0.8720409757650045,0.9223390336103858,faltinsen_ch9_reduced_order_planing,heave_pitch_2x2_v1,FnB=2.82,1.5974333333333333
47,4.487916817119527,16.297559743598963,2.053850943735554,3.059221666666666,0.01,0.22185756952352362,0.3041408449697656,-0.12750041426076067,0.5692462327690936,0.3764604026106971,0.5833503485543405,0.28402759719911325,0.9913118210844334,143.89086917211563,-167.37519265914528,176.03915695092059,-143.89086917211563,-167.37519265914528,99.99181829842686,263.30278245348916,0.10196327828404897,0.2684941161900233,7.697572061840436,3.3919163868462216e-16,0.8739698343989942,0.9235235242723268,faltinsen_ch9_reduced_order_planing,heave_pitch_2x2_v1,FnB=2.82,1.6101166666666664
48,4.470344287328649,16.187686475710855,2.037798641457775,3.0833199999999996,0.01,0.22644781047659354,0.3127169576472929,-0.13371349474245334,0.5809285400518979,0.38609649890904474,0.5961185010742995,0.2925306205169789,1.013698204850043,144.09056541313805,-167.0378750811106,176.29013382209337,-144.09056541313805,-167.0378750811106,101.17318735555344,265.630687382747,0.10316793946511137,0.2708679185886587,7.748348939996289,1.7286465922323126e-16,0.8758560343240859,0.9246813882720681,faltinsen_ch9_reduced_order_planing,heave_pitch_2x2_v1,FnB=2.82,1.6227999999999998
49,4.4529765709507725,16.079449623752684,2.021995313530767,3.107418333333333,0.01,0.23112765538990562,0.3214626961984039,-0.14001993763814355,0.5928309595581858,0.3959270868899756,0.6091421259007367,0.3012579316205561,1.0365354495944015,144.28433765773377,-166.71092611361172,176.53296713155095,-144.28433765773377,-166.71092611361172,102.36643369048437,267.99489320675775,0.10438471209891693,0.2732787375982193,7.800289802069232,1.7453316034273324e-16,0.8777008044441202,0.925813409435881,faltinsen_ch9_reduced_order_planing,heave_pitch_2x2_v1,FnB=2.82,1.6354833333333332
50,4.43580972004348,15.972812189437741,2.0064352120685673,3.1315166666666663,0.01,0.2359005486641349,0.3303821124079067,-0.14642159182878986,0.604959732782223,0.4059573980840238,0.6224271530401091,0.31021542549505376,1.0598345694059166,144.4722766202429,-166.39405646730555,176.7678472018615,-144.4722766202429,-166.39405646730555,103.57220701316467,270.396366565287,0.10561425870523031,0.2757275589169461,7.853426859831301,4.782917534539994e-16,0.8795053305135753,0.9269203432819592,faltinsen_ch9_reduced_order_planing,heave_pitch_2x2_v1,FnB=2.82,1.6481666666666666
51,4.418839892389094,15.867738289779975,1.9911127647636315,3.1556149999999996,0.01,0.24077008740153677,0.3394794073202519,-0.1529203423630472,0.6173213555476944,0.41619286752880946,0.635979785153329,0.31940922503644703,1.0836070427553832,144.65446613307273,-166.08699129337327,176.99495382830816,-144.65446613307273,-166.08699129337327,104.79117044169017,272.83612759494235,0.10685725547632492,0.2782154227946775,7.907793509749979,3.0839552394857587e-16,0.8812707569051426,0.9280029182232638,faltinsen_ch9_reduced_order_planing,heave_pitch_2x2_v1,FnB=2.82,1.66085
52,4.402063347882093,15.764193115224629,1.9760225682334844,3.179713333333333,0.01,0.24574002939921233,0.34875893704207905,-0.1595181103948898,0.6299225903556935,0.4266391428547627,0.6498065076500721,0.32884569138852654,1.1078648318715578,144.83098342045741,-165.78946974421868,177.21445661019516,-144.83098342045741,-165.78946974421868,106.02400148171387,275.3152507056175,0.10811439327569952,0.2807434248246012,7.963424387956592,1.624571823990944e-16,0.8829981882955458,0.9290618367119906,faltinsen_ch9_reduced_order_planing,heave_pitch_2x2_v1,FnB=2.82,1.6735333333333333
53,4.385476445066261,15.662142889655218,1.9611593816676447,3.2038116666666667,0.01,0.25081430168024266,0.3582252188338309,-0.16621685303739336,0.6427704794584871,0.4373020939075113,0.6639140994864832,0.33853143487090426,1.132620403315527,145.0018993429171,-165.50124454885534,177.42651526290956,-145.0018993429171,-165.50124454885534,107.27139305171869,277.83486554297775,0.10938637868356543,0.2833127169247172,8.020355428274756,1.463289550293885e-16,0.8846886912737548,0.9300977763288311,faltinsen_ch9_reduced_order_planing,heave_pitch_2x2_v1,FnB=2.82,1.6862166666666667
54,4.369075637814305,15.561554832179272,1.946518120759125,3.2279099999999996,0.01,0.2559970096005449,0.36788293750457657,-0.17301856311866803,0.655872358707701,0.4481878229396886,0.6783096447054632,0.34847332653699026,1.1578867498257803,145.16727861441234,-165.2220816044481,177.6312799107361,-145.16727861441234,-165.2220816044481,108.53405455674138,280.39615813709935,0.11067393509174019,0.28592450850912327,8.078623923506242,2.792010461788026e-16,0.8863432958755189,0.9311113908199877,faltinsen_ch9_reduced_order_planing,heave_pitch_2x2_v1,FnB=2.82,1.6988999999999999
55,4.3528574721430395,15.462397120601082,1.9320938519057465,3.252008333333333,0.01,0.26129244657261147,0.3777369521249267,-0.1799252688243811,0.6692358722293331,0.4593026754075467,0.6930005447617499,0.3586785104037258,1.1836774135115014,145.3271799939522,-164.95175958520494,177.82889136046538,-145.3271799939522,-164.95175958520494,109.81271301343101,283.00037223837836,0.11197780385088793,0.2885800678502632,8.138268590186208,4.849950023803892e-16,0.8879629970479392,0.9321033110847551,faltinsen_ch9_reduced_order_planing,heave_pitch_2x2_v1,FnB=2.82,1.7115833333333332
56,4.336818583157667,15.36463885649511,1.9178817866673816,3.2761066666666663,0.01,0.26670510445085527,0.38779230307366414,-0.1869390332095822,0.6828689879820014,0.47065325141054554,0.7079945316772552,0.3691544163978459,1.2100065104775721,145.4816564532,-164.69006956958845,178.0194813558693,-145.4816564532,-164.69006956958845,111.1081142296218,285.6488108428179,0.113298745473349,0.29128072363428686,8.199329637035328,4.2603939148882367e-16,0.8895487560475914,0.9330741461162981,faltinsen_ch9_reduced_order_planing,heave_pitch_2x2_v1,FnB=2.82,1.7242666666666666
57,4.320955692119005,15.268250031798699,1.9038772764660337,3.3002049999999996,0.01,0.27223968462721165,0.3980542194344998,-0.1940619535605773,0.696780014259241,0.4822464178151379,0.7232996820757325,0.37990877406673884,1.2368887569713605,145.63075532142472,-164.43681468663033,178.20317281313135,-145.63075532142472,-164.43681468663033,112.42102404191827,288.3428379098077,0.11463754089512553,0.29402786671269776,8.261848837353394,3.372112117889034e-16,0.8911015017755234,0.9340244838981039,faltinsen_ch9_reduced_order_planing,heave_pitch_2x2_v1,FnB=2.82,1.7369499999999998
58,4.30526560362785,15.17320149684737,1.8900758075164381,3.324303333333333,0.01,0.2779011098899149,0.4085281267601641,-0.20129616058541297,0.7109776172014318,0.49408932110724196,0.738924432149766,0.3909496271055464,1.2643394971484496,145.77451840896674,-164.19180978197818,178.380080037327,-145.77451840896674,-164.19180978197818,113.75222961511804,291.08388027653183,0.11599499280092392,0.29682295205450576,8.325869605617449,1.7251984321754388e-16,0.8926221320522761,0.9349548922584521,faltinsen_ch9_reduced_order_planing,heave_pitch_2x2_v1,FnB=2.82,1.7496333333333332
59,4.289745202921009,15.079464929780528,1.8764729959755686,3.3484016666666663,0.01,0.28369453710303116,0.41921965522183663,-0.20864381740904084,0.7254708393880783,0.5061894010214149,0.7548775936173097,0.40228534875603295,1.2923747325621056,145.9129821102199,-163.95488110418324,178.55030892004368,-145.9129821102199,-163.95488110418324,115.10254080764157,293.8734297741674,0.11737192701650571,0.2996675009041492,8.391437078567078,1.7872261254755517e-16,0.8941115148359018,0.935865919685094,faltinsen_ch9_reduced_order_planing,heave_pitch_2x2_v1,FnB=2.82,1.7623166666666665
60,4.274391453273778,14.987012807249354,1.8630645833000998,3.3724999999999996,0.01,0.2896253707694576,0.4301346481627627,-0.21610711834646718,0.7402691195868265,0.5185544049985975,0.77116837072968,0.4139246581370182,1.3210111534896642,146.04617748697888,-163.7258660116404,178.71395711821475,-146.04617748697888,-163.7258660116404,116.4727916075089,296.7130455521109,0.1187691939729764,0.30256310315154605,8.458598201081738,3.300494813882563e-16,0.8955704893858006,0.9367580961022329,faltinsen_ch9_reduced_order_planing,heave_pitch_2x2_v1,FnB=2.82,1.775
61,4.259201393503972,14.895818376362595,1.8498464318014995,3.396598333333333,0.01,0.29569927754567593,0.44127917107570547,-0.22368828742404206,0.7553823137416636,0.5311924035284169,0.7878063783978967,0.42587663757076316,1.3502661722179876,146.17413033285618,-163.5046127005217,178.87111421422048,-146.17413033285618,-163.5046127005217,117.86384164378558,299.6043566175501,0.12018767024803127,0.3055114199217369,8.527401817177712,3.3681485246222984e-16,0.8969998673750382,0.9376319336117273,faltinsen_ch9_reduced_order_planing,heave_pitch_2x2_v1,FnB=2.82,1.7876833333333333
62,4.244172135572825,14.805855627809578,1.8368145203890005,3.4206966666666667,0.01,0.3019222017827188,0.4526595210247326,-0.2313895766155379,0.7708207172894608,0.5441118064365679,0.8048016615098136,0.438150750974776,1.3801579584200332,146.2968612193397,-163.29097995399223,179.0218618572771,-146.2968612193397,-163.29097995399223,119.27657777884517,302.5490645988594,0.12162826018961131,0.30851418639276346,8.59789876647852,3.968099757557084e-16,0.898400433953676,0.9384879272004069,faltinsen_ch9_reduced_order_planing,heave_pitch_2x2_v1,FnB=2.82,1.8003666666666667
63,4.229300862278374,14.717099270103112,1.823964940491259,3.4447949999999996,0.01,0.3083003821745127,0.4642822365326213,-0.23921326375568477,0.7865950889011868,0.5573213801826407,0.8221647155163695,0.4507568633939483,1.4107054767651397,146.41438552393163,-163.0848369129651,179.16627388610044,-146.41438552393163,-163.0848369129651,120.71191578723085,305.54894674245804,0.12309189762786565,0.31157321485161404,8.670141986539534,4.1878394862350433e-16,0.8997729487655,0.939326555415198,faltinsen_ch9_reduced_order_planing,heave_pitch_2x2_v1,FnB=2.82,1.8130499999999998
64,4.2145848250371225,14.62952470488813,1.811293892148001,3.468893333333333,0.01,0.314840369602203,0.4761541079559783,-0.24716165008936916,0.8027166757520718,0.570830266239103,0.8399065083718286,0.4637052617539549,1.4419285269172968,146.52671344068932,-162.88606286863822,179.30441643278323,-146.52671344068932,-162.88606286863822,122.1708021273865,308.6058591540385,0.1245795476818144,0.3146903979993561,8.74418662143826,4.852270802006481e-16,0.9011181469204156,0.9401482810077234,faltinsen_ch9_reduced_order_planing,heave_pitch_2x2_v1,FnB=2.82,1.8257333333333332
65,4.200021341750019,14.543108003264898,1.798797680263457,3.4929916666666663,0.01,0.32154904627118963,0.488282188370917,-0.25523705740967306,0.8191972404335703,0.5846480006279021,0.8580385039199148,0.4770066769233569,1.47384778608825,146.6338499733679,-162.69454707705418,179.43634800777716,-146.6338499733679,-162.69454707705418,123.65421581304074,311.72174029638006,0.12609220866762938,0.317867712517914,8.820090137074075,5.252899884526712e-16,0.902436739924655,0.9409535515499184,faltinsen_ch9_reduced_order_planing,heave_pitch_2x2_v1,FnB=2.82,1.8384166666666666
66,4.185607794749008,14.45782588307846,1.7864727110138177,3.517089999999999,0.01,0.328433646246563,0.5006738049928245,-0.2634418247322486,0.8360490896293346,0.5987845346974197,0.8765726868253972,0.4906723071789577,1.506484854325958,146.73579491125247,-162.5101885959385,179.562119565815,-146.73579491125247,-162.5101885959385,125.1631703915835,314.8986147573465,0.1276309141160167,0.321107222912357,8.897912443656896,2.495118059514394e-16,0.903729416570827,0.9417428000221311,faltinsen_ch9_reduced_order_planing,heave_pitch_2x2_v1,FnB=2.82,1.8510999999999997
67,4.171341628820558,14.373655687128469,1.7743154884013757,3.541188333333333,0.01,0.33550177750252075,0.513336571154395,-0.2717783044471261,0.853285104687671,0.6132502572293812,0.8955215891590802,0.5047138431767442,1.539862302733938,146.83254278765213,-162.33289614409918,179.68177455254113,-146.83254278765213,-162.33289614409918,126.69871603738186,318.138597303158,0.12919673490680494,0.32441108564408644,8.977716025903094,2.5914755679641163e-16,0.9049968437897375,0.9425164453750683,faltinsen_ch9_reduced_order_planing,heave_pitch_2x2_v1,FnB=2.82,1.8637833333333331
68,4.157220349302802,14.290575362256213,1.7623226109484194,3.5652866666666663,0.01,0.34276144561222177,0.5262783988666276,-0.28024885788183646,0.870918774234104,0.6280560179727612,0.9148983187532416,0.5191434945392183,1.5740037248332723,146.9240828209168,-162.1625879837083,179.79534893155608,-146.9240828209168,-162.1625879837083,128.26194176863706,321.44389723360433,0.13079078152951015,0.32778155357191735,9.05956608149917,2.1766755188843745e-16,0.9062396674658083,0.9432748930669204,faltinsen_ch9_reduced_order_planing,heave_pitch_2x2_v1,FnB=2.82,1.8764666666666665
69,4.14324152025305,14.208563439267763,1.7504907685242979,3.5893849999999996,0.01,0.350221079216548,0.5395075119878805,-0.28885585020155774,0.8889642289798657,0.6432131527098591,0.9347165894544891,0.5339740181791851,1.6089337912968185,147.01039883772512,-161.99919182583764,179.90287119149843,-147.01039883772512,-161.99919182583764,129.85397779709203,324.81682305755146,0.13241420647937066,0.33122098071976824,9.143530668439588,4.518226214693858e-16,0.907458513217819,0.9440185355768745,faltinsen_ch9_reduced_order_planing,heave_pitch_2x2_v1,FnB=2.82,1.8891499999999999
70,4.129402762682636,14.127599013654494,1.7388167392994536,3.613483333333333,0.01,0.3578895574235281,0.553032460026329,-0.2976016445627911,0.9074362788954812,0.6587335099686231,0.9549907534118617,0.5492187484902031,1.644678308304572,147.0914691782774,-161.8426447596809,-179.99563766728917,-147.0914691782774,-161.8426447596809,131.47599802067916,328.25978750892085,0.13406820679914055,0.33473182739153623,9.229680861895686,3.1289151297544367e-16,0.9086539871466223,0.9447477528961944,faltinsen_ch9_reduced_order_planing,heave_pitch_2x2_v1,FnB=2.82,1.9018333333333333
71,4.115701752856189,14.047661727074214,1.727297386820526,3.6375816666666663,0.01,0.36577623930483194,0.5668621326011722,-0.3064885954266188,0.926350452933165,0.674629479504961,0.9757358355497976,0.5648916295449598,1.6812642797902688,147.16726658291014,-161.69289320596923,-179.9001641670576,-147.16726658291014,-161.69289320596923,133.12922267003154,331.7753129252677,0.13575402677777995,0.3383166656557211,9.318090921327082,1.7438889153500557e-16,0.9098266765513798,0.945462912997956,faltinsen_ch9_reduced_order_planing,heave_pitch_2x2_v1,FnB=2.82,1.9145166666666666
72,4.102136220652568,13.968731749558051,1.7159296572009535,3.6616799999999996,0.01,0.3738909956719988,0.5810057745877332,-0.3155190409258132,0.9457230414977169,0.6909140226894301,0.9969675703885444,0.5810072494549752,1.718719973872486,147.23775805952914,-161.54989289516854,-179.81070240855377,-147.23775805952914,-161.54989289516854,134.81492112070802,335.3660370132032,0.1374729608181265,0.34197818522451934,9.408838468606943,3.973346080634684e-16,0.9109771506158018,0.9461643722864965,faltinsen_ch9_reduced_order_planing,heave_pitch_2x2_v1,FnB=2.82,1.9271999999999998
73,4.088703947984823,13.890789762410076,1.7047105764217834,3.685778333333333,0.01,0.3822442433330366,0.5954730019710202,-0.32469529416666987,0.9655711418830447,0.7076007049442675,1.0187024413887047,0.597580877058309,1.7570749937888073,147.30290473113132,-161.4136088711436,-179.72725414927905,-147.30290473113132,-161.4136088711436,136.53441488397658,339.0347190271904,0.1392263564866459,0.3457191997544426,9.502004677998006,4.865091766769279e-16,0.9121059610657882,0.9468524760275482,faltinsen_ch9_reduced_order_planing,heave_pitch_2x2_v1,FnB=2.82,1.9398833333333332
74,4.075402767276722,13.813816941768405,1.693637247737684,3.7098766666666663,0.01,0.390846982049947,0.6102738184313535,-0.33401963333127366,0.9859127069105139,0.7247037303894166,1.0409577230120228,0.6146285011164621,1.7963603536792405,147.36266166255484,-161.2840155210795,-179.64982890496697,-147.36266166255484,-161.2840155210795,138.28908079009614,342.7842463907124,0.1410156177594756,0.34954265359803033,9.597674478887376,2.5791847784634483e-16,0.9132136427998011,0.9475275587599992,faltinsen_ch9_reduced_order_planing,heave_pitch_2x2_v1,FnB=2.82,1.9525666666666666
75,4.062230559993413,13.737794942797965,1.6827068491834005,3.733974999999999,0.01,0.39971083443987887,0.625418632684251,-0.3434942904287028,1.0067665970263042,0.7422379788701615,1.063751525707504,0.63216687221766,1.8366085595955168,147.41697766545622,-161.16109663257006,-179.57844407527097,-147.41697766545622,-161.16109663257006,140.08035437923374,346.61764179151277,0.1428422084801984,0.35345162903898153,9.695936772266725,4.930356455863596e-16,0.914300714493231,0.9481899446901583,faltinsen_ch9_reduced_order_planing,heave_pitch_2x2_v1,FnB=2.82,1.9652499999999997
76,4.049185255224016,13.662705884486872,1.6719166311761489,3.758073333333333,0.01,0.4088480890871303,0.6409182765946627,-0.3531214385240892,1.0281526361377988,0.7602190455541552,1.0871028440503812,0.6502135476011344,1.8778536961459678,147.4657950803653,-161.04484547891533,-179.51312509478964,-147.4657950803653,-161.04484547891533,141.90973351645374,350.53807078551876,0.1447076560461052,0.35744935404599815,9.796884662029488,2.6434140479269905e-16,0.9153676791779539,0.9488399480693666,faltinsen_ch9_reduced_order_planing,heave_pitch_2x2_v1,FnB=2.82,1.977933333333333
77,4.036264828313955,13.588532335019572,1.6612639142096723,3.7821716666666663,0.01,0.4182717471605371,0.6567840240829133,-0.3629031772522397,1.050091671494197,0.7786632833023996,1.111031608281802,0.6687869391362556,1.920131519222183,147.50904953450993,-160.93526493381512,-179.45390561070613,-147.50904953450993,-160.93526493381512,143.7787822486482,354.54884994724597,0.14661355534116977,0.36153921058388544,9.900615702250873,1.2219530493300648e-16,0.9164150247982163,0.9494778735557339,faltinsen_ch9_reduced_order_planing,heave_pitch_2x2_v1,FnB=2.82,1.9906166666666665
78,4.023467299544988,13.515257297701352,1.6507460866358894,3.8062699999999996,0.01,0.42799557286115275,0.6730276108360411,-0.3728415163972092,1.0726056379440791,0.7975878480370773,1.1355587395193592,0.6879063647114574,1.9634795552935869,147.5466696739312,-160.83236761680746,-179.40082768848214,-147.5466696739312,-160.83236761680746,145.68913492284375,358.65345560795794,0.1485615729355527,0.3657247435239945,10.007232161718596,2.659577571042185e-16,0.9174432247439308,0.9501040165607695,faltinsen_ch9_reduced_order_planing,heave_pitch_2x2_v1,FnB=2.82,2.0033
79,4.0107907328609915,13.442864197410126,1.6403606025302842,3.830368333333333,0.01,0.438034148058898,0.6896612548334518,-0.38293835729035597,1.0957176269327877,0.817010747349223,1.1607062089329307,0.7075921033110169,2.007937207799801,147.57857686822183,-160.73617607097836,-179.3539420472263,-147.57857686822183,-160.73617607097836,147.64250058702214,362.855533226625,0.15055345157318975,0.3700096701999409,10.116841307094747,3.0870940676062404e-16,0.9184527383624056,0.9507186635816054,faltinsen_ch9_reduced_order_planing,heave_pitch_2x2_v1,FnB=2.82,2.0159833333333332
80,3.9982332346376213,13.3713368675525,1.63010497963737,3.8544666666666654,0.01,0.4484029315145737,0.7066976776898227,-0.39319547174654673,1.1194519606356594,0.8369508926114196,1.1864971012071674,0.7278654540832783,2.053545871218891,147.6046848860234,-160.64672297466583,-179.31330832655334,-147.6046848860234,-160.64672297466583,149.64066769648053,367.1589074428724,0.15259101497094374,0.37439789065875956,10.229555706212553,3.600357954111947e-16,0.9194440114494841,0.9513220925194839,faltinsen_ch9_reduced_order_planing,heave_pitch_2x2_v1,FnB=2.82,2.028666666666666
81,3.9857929524940894,13.300659537502366,1.619976797392744,3.878564999999999,0.01,0.4591183231256154,0.724150126810556,-0.403614478220619,1.1438342716594025,0.8574281548849567,1.2129556826413315,0.748748799731892,2.100349053442376,147.62489953919226,-160.56405138909633,-179.2789953869663,-147.62489953919226,-160.56405138909633,151.68550915080368,371.5675928656223,0.15467617295488642,0.3788934986622571,10.345493553146389,5.9164939588414275e-16,0.9204174767210233,0.9519145729851634,faltinsen_ch9_reduced_order_planing,heave_pitch_2x2_v1,FnB=2.82,2.0413499999999996
82,3.9734680741453596,13.2308168205013,1.6099736950184245,3.9026633333333325,0.01,0.47019773368088513,0.7420323983455972,-0.41419681482327275,1.1688915887837275,0.8784634249376349,1.240107474269505,0.7702656745924742,2.148392507145931,147.63911829330732,-160.4882150441327,-179.25108164603319,-147.63911829330732,-160.4882150441327,153.77898768877716,376.0858056560634,0.15681092696157933,0.38350079349835414,10.464779016842009,5.257564593901743e-17,0.921373554265588,0.9524963665918227,faltinsen_ch9_reduced_order_planing,heave_pitch_2x2_v1,FnB=2.82,2.054033333333333
83,3.9612568262931345,13.16179370200097,1.6000933696883193,3.926761666666666,0.01,0.4816596606622317,0.76035886091573,-0.42494370878651705,1.1946524292590641,0.9000786777178552,1.2679793304197917,0.7924408377910973,2.197724370908725,147.6472298419253,-160.41927866457456,-179.22965545289134,-147.6472298419253,-160.41927866457456,155.92316167104937,380.71797596901195,0.15899737593474775,0.3882242926677428,10.58754261525617,2.6719966844771934e-16,0.922312651979203,0.9530677272360779,faltinsen_ch9_reduced_order_planing,heave_pitch_2x2_v1,FnB=2.82,2.0667166666666663
84,3.9491574735541164,13.09357552842891,1.5903335747608338,3.950859999999999,0.01,0.49352377068910624,0.7791444800708845,-0.4358561419124794,1.2211468982239508,0.9222970416628922,1.2965995231700524,0.8153003519183356,2.2483953209043133,147.64911364169757,-160.35731833974643,-179.2148155039036,-147.64911364169757,-160.35731833974643,158.12019128304914,385.46876132260996,0.16123772265049652,0.3930687455171848,10.7139216171332,4.8582074175459955e-16,0.9232351659829553,0.9536289013676108,faltinsen_ch9_reduced_order_planing,heave_pitch_2x2_v1,FnB=2.82,2.0793999999999997
85,3.9371683174240495,13.026147996359711,1.5806921180757671,3.9749583333333325,0.01,0.5058109892681664,0.7984048434223089,-0.44693481147495584,1.2484067958582552,0.9451428732549607,1.3259978332008049,0.8388716676938892,2.300458734063493,147.6446394051402,-160.3024219394299,-179.2066713026127,-147.6446394051402,-160.3024219394299,160.37234519365393,390.34306097281916,0.16353428050726185,0.39803914789741573,10.844060473741875,6.012434214420834e-16,0.9241414810242075,0.9541801282479622,faltinsen_ch9_reduced_order_planing,heave_pitch_2x2_v1,FnB=2.82,2.092083333333333
86,3.9252876952761557,12.959497142074682,1.571166860312787,3.9990566666666663,0.01,0.5185435985832453,0.8181561863686891,-0.4581800859690031,1.2764657329457911,0.9686418372778552,1.3562056475930924,0.8631837151421967,2.353970863694405,147.63366654749223,-160.25468957955798,-179.20534366749501,-147.63366654749223,-160.25468957955798,162.68200770836143,395.34603137624174,0.16588948082001648,0.4031407579308345,10.978111283110602,6.04392871458552e-16,0.9250319708621418,0.9547216401989738,faltinsen_ch9_reduced_order_planing,heave_pitch_2x2_v1,FnB=2.82,2.1047666666666665
87,3.9135139793926124,12.893609331493792,1.561755713408901,4.023154999999999,0.01,0.5317453441434187,0.8384154183098327,-0.4695919550187564,1.3053592555827982,0.9928209932701134,1.3872560651711041,0.8882670018495337,2.408991028638698,147.61604358370028,-160.21423414148495,-179.21096529141366,-147.61604358370028,-160.21423414148495,165.05168645929524,400.48310283257035,0.16830588066189295,0.4083791129820789,11.116234289534802,5.717230200149674e-16,0.9259069986383209,0.9552536628413317,faltinsen_ch9_reduced_order_planing,heave_pitch_2x2_v1,FnB=2.82,2.11745
88,3.9018455760277946,12.828471250464439,1.55245663903246,4.047253333333333,0.01,0.5454415511993284,0.8592001492094002,-0.48116997265574724,1.3351249798376132,1.0177088887182744,1.41918401004659,0.9141537189283885,2.4655818171456576,147.59160747112753,-160.18118184909108,-179.22368135710872,-147.59160747112753,-160.18118184909108,167.48402067831157,405.7599974064934,0.1707861713004049,0.41376004793328347,11.258598421389033,8.866341123468619e-16,0.9267669172329172,0.955776415323671,faltinsen_ch9_reduced_order_planing,heave_pitch_2x2_v1,FnB=2.82,2.130133333333333
89,3.8902809245020635,12.76406989539239,1.5432676471113613,4.071351666666667,0.01,0.5596592519416289,0.880528716329095,-0.4929131930670968,1.3658027372419699,1.0433356595861312,1.452026354084959,0.940877855375777,2.523809306759341,147.56018289309526,-160.155672908473,-179.24365021355501,-147.56018289309526,-160.155672908473,169.9817901037717,411.1827482381725,0.17333318727982716,0.41928971487528627,11.405381870559921,7.501975143784298e-16,0.9276120696072346,0.9562901105426606,faltinsen_ch9_reduced_order_planing,heave_pitch_2x2_v1,FnB=2.82,2.1428166666666666
90,3.878818496324921,12.700392564200888,1.5341867944132115,4.09545,0.01,0.5744273246119574,0.9024202109094697,-0.504820097782804,1.3974347320763807,1.0697331388335798,1.4858220490821994,0.9684753215793971,2.5837433016385143,147.52158147781864,-160.13786221552087,-179.2710441185645,-147.52158147781864,-160.13786221552087,172.54792457626525,416.7577203616105,0.17594991620611036,0.4249746043364559,11.556772717127354,2.363702817971983e-16,0.9284427891331128,0.9567949553544548,faltinsen_ch9_reduced_order_planing,heave_pitch_2x2_v1,FnB=2.82,2.1555
91,3.867456794346416,12.637426847604509,1.5252121831753205,4.119548333333333,0.01,0.5897766457879063,0.9248945045153544,-0.516888513120953,1.4300657115014372,1.0969349736422558,1.5206122695179405,0.9969840827996774,2.6454575888664382,147.47560094668745,-160.12792013729884,-179.306050053622,-147.47560094668745,-160.12792013729884,175.18551438374686,422.4916331613816,0.17863950929598474,0.43082156818218414,11.712969603262417,5.426922376740904e-16,0.929259399909779,0.9572911507779234,faltinsen_ch9_reduced_order_planing,heave_pitch_2x2_v1,FnB=2.82,2.1681833333333334
92,3.8561943519357427,12.575160620685159,1.5163419597825072,4.143646666666666,0.01,0.6057402572507389,0.947972274694689,-0.5291155165357206,1.4637431496837139,1.1249767521349117,1.55644056683346,1.026444303537379,2.7090302154580277,147.4220241851608,-160.1260333738301,-179.34887061762592,-147.4220241851608,-160.1260333738301,177.89782142218533,428.39158461032935,0.1814052927576546,0.4368378443304587,11.874182460683203,2.9894749404172556e-16,0.9300622170686816,0.9577788921899815,faltinsen_ch9_reduced_order_planing,heave_pitch_2x2_v1,FnB=2.82,2.1808666666666667
93,3.845029732185988,12.513582034757912,1.5075743134907693,4.167745,0.01,0.6223535490105996,0.9716750295161699,-0.5414973303116879,1.4985174471703249,1.1538961404525705,1.593353036275562,1.0568985037866379,2.7745437879380184,147.36061822877906,-160.13240590765776,-179.39972500697374,-147.36061822877906,-160.13240590765776,180.68829124402623,434.46507744416436,0.1842507800768114,0.4430310834425256,12.040633296418708,3.483600848291388e-16,0.9308515470668216,0.9582583695134018,faltinsen_ch9_reduced_order_planing,heave_pitch_2x2_v1,FnB=2.82,2.19355
94,3.8339615271440683,12.452679509515217,1.4989074751949827,4.191843333333333,0.01,0.6396544602505947,0.9960251304501848,-0.5540292008143812,1.5344421468794847,1.1837330311378438,1.6313984974478626,1.0883917282723838,2.8420857965452653,147.29113315594105,-160.14726004941272,-179.4588500902874,-147.29113315594105,-160.14726004941272,183.56056607349421,440.7200474433125,0.1871796852885483,0.4494093777623475,12.212557042076229,3.5021168842894526e-16,0.9316276879690657,0.9587297673974091,faltinsen_ch9_reduced_order_planing,heave_pitch_2x2_v1,FnB=2.82,2.206233333333333
95,3.8229883570649044,12.392441725438351,1.4903397162388603,4.215941666666666,0.01,0.6576837001615929,1.0210458129358795,-0.5667052612358436,1.5715741681966284,1.2145297038657124,1.6706286898216822,1.1209717298803614,2.911748966318009,147.21330087813038,-160.17083758858732,-179.52650158703963,-147.21330087813038,-160.17083758858732,186.51849887512066,447.1648940081156,0.19019593732326603,0.45598129229463236,12.390202472294,7.581598325919736e-16,0.9323909297199071,0.9591932653913893,faltinsen_ch9_reduced_order_planing,heave_pitch_2x2_v1,FnB=2.82,2.2189166666666664
96,3.8121088696889496,12.332857616465542,1.4818693472654945,4.24004,0.01,0.6764849908765488,1.0467612038302478,-0.5795183754587936,1.6099740607960795,1.2463309996647736,1.7110984845796042,1.1546891686079532,2.983631637533175,147.12683381719546,-160.20340105979767,-179.60295536042423,-147.12683381719546,-160.20340105979767,189.5661685698584,453.8085132305183,0.1933036955227916,0.46275589852856824,12.573833198589496,3.4577283487545634e-16,0.933141554405119,0.9596490381119991,faltinsen_ch9_reduced_order_planing,heave_pitch_2x2_v1,FnB=2.82,2.2316
97,3.8013217395422014,12.273916362906741,1.4734947171068764,4.2641383333333325,0.01,0.6961053349802045,1.073196334757738,-0.5924599602959829,1.649706279946851,1.2791845098832872,1.7528661142968094,1.189597827495753,3.0578381782113344,147.0314234580706,-160.24523513603802,-179.6885088360308,-147.0314234580706,-160.24523513603802,192.70789650179216,460.6603336837963,0.19650736643175007,0.4697428109331896,12.76372874538724,4.273625929249953e-16,0.9338798365037195,0.9600972554039591,faltinsen_ch9_reduced_order_planing,heave_pitch_2x2_v1,FnB=2.82,2.244283333333333
98,3.7906256672578817,12.2156073845953,1.4652142117108555,4.288236666666666,0.01,0.7165953103710051,1.100377150164742,-0.6055197829336788,1.6908394852071909,1.313140781276096,1.7959934221092704,1.2257548471442827,3.1344794316592455,146.92673876395594,-160.29664816180517,-179.78348255925638,-146.92673876395594,-160.29664816180517,195.9482642678011,467.7303551717311,0.19981162197876043,0.47695222647053903,12.96018571563032,3.1310322250910327e-16,0.9346060431306553,0.9605380824948022,faltinsen_ch9_reduced_order_planing,heave_pitch_2x2_v1,FnB=2.82,2.2569666666666666
99,3.7800193789189938,12.15792033426746,1.4570262531040812,4.312334999999999,0.01,0.7380093955909163,1.1283305086244433,-0.6186857299090001,1.7334468645642453,1.3482535387208017,1.8405461321739929,1.2632209805779768,3.2136732023042645,146.81242443943177,-160.3579738405169,-179.88822190592998,-146.81242443943177,-160.3579738405169,199.29213303254733,475.0291906998519,0.20322141917224262,0.48439496739442306,13.163519054046198,8.536136154317686e-16,0.9353204342705853,0.9609716801438375,faltinsen_ch9_reduced_order_planing,heave_pitch_2x2_v1,FnB=2.82,2.2696499999999995
100,3.7695016254210016,12.100845091160734,1.4489292983895186,4.336433333333332,0.01,0.7604063291206271,1.157084175624829,-0.6319435433675372,1.7776064862311112,1.3845799272155066,1.8865941433956686,1.3020608703907177,3.295544783381272,146.68809902524055,-160.4295730923942,179.9969010376297,-146.68809902524055,-160.4295730923942,202.74466446189956,482.5681119540041,0.206742021446569,0.492082527625646,13.374063416852897,8.556041853141981e-16,0.9360232630031342,0.9613982047855739,faltinsen_ch9_reduced_order_planing,heave_pitch_2x2_v1,FnB=2.82,2.282333333333333
101,3.759071181853907,12.044371754822867,1.4409218387772105,4.360531666666666,0.01,0.7838495065668923,1.1866668056942267,-0.6452765196651485,1.8234016804697348,1.4221807749655808,1.9342118485758015,1.342343350293868,3.380227530362042,146.5533528065062,-160.51183610094458,179.87148540693852,-146.5533528065062,-160.51183610094458,206.3113434192508,490.35909859532944,0.21037902180586726,0.5000271230189,13.592174657449354,1.2652667321601382e-15,0.9367147757199631,0.9618178086678162,faltinsen_ch9_reduced_order_planing,heave_pitch_2x2_v1,FnB=2.82,2.2950166666666663
102,3.7487268469030366,11.988490639123276,1.4330023986469982,4.384629999999999,0.01,0.8084074201515593,1.2171079112609882,-0.6586651645782818,1.8709214539607824,1.4611208795339916,1.9834784813351678,1.384141773389852,3.4678634843704255,146.4077455139411,-160.60518456840822,179.73509928364615,-146.4077455139411,-160.60518456840822,209.99800258114894,498.41489170571447,0.2141383679249784,0.5082417458619555,13.818231438434676,2.716108055973425e-16,0.9373952123339926,0.9622306399846915,faltinsen_ch9_reduced_order_planing,heave_pitch_2x2_v1,FnB=2.82,2.3076999999999996
103,3.738467442267859,11.933192266459256,1.425169534641982,4.4087283333333325,0.01,0.8341541454533887,1.2484378150892763,-0.672086798449359,1.9202609393834214,1.5014693192076751,2.034478493366693,1.4275343697111629,3.558604050201504,146.25080379508256,-160.7100742030388,179.58727718889475,-146.25080379508256,-160.7100742030388,213.81084914103613,506.7490517434108,0.21802638937969254,0.5167402239739471,14.052636981132908,2.4807768431605844e-16,0.9380648064811016,0.9626368430047945,faltinsen_ch9_reduced_order_planing,heave_pitch_2x2_v1,FnB=2.82,2.320383333333333
104,3.7282918120982127,11.878467362149639,1.4174218347915521,4.432826666666666,0.01,0.8611698809604752,1.2806875824605861,-0.6855151034925617,1.9715218829904848,1.543299791920617,2.087301964792532,1.4726046357960143,3.65261073395726,146.08201842976797,-160.82699746392845,179.42751731998578,-146.08201842976797,-160.82699746392845,217.7564937825285,515.37602139447,0.22204982719127173,0.5255372847960006,14.295820964653494,1.0485802611045712e-15,0.938723785714598,0.9630365581946511,faltinsen_ch9_reduced_order_planing,heave_pitch_2x2_v1,FnB=2.82,2.3330666666666664
105,3.718198822447313,11.824306849008815,1.40975791766287,4.456924999999999,0.01,0.8895415466688676,1.3138889284549724,-0.6989196041909717,2.0248131730552297,1.5866909842709125,2.142045050623458,1.5194417593160894,3.7500559457206006,145.90084126085208,-160.95648659229525,179.25527850139804,-145.90084126085208,-160.95648659229525,221.84198211627282,524.311193731173,0.22621586588312304,0.5346486248934887,14.548241587373354,4.763846099039481e-16,0.9393723716927619,0.963429922337705,faltinsen_ch9_reduced_order_planing,heave_pitch_2x2_v1,FnB=2.82,2.34575
106,3.708187360740968,11.7707018420944,1.4021764315397272,4.481023333333333,0.01,0.9193634487175315,1.3480740946951635,-0.7122650701928454,2.0802514121078173,1.6317269733708448,2.198810466546261,1.5681410820261412,3.851123873106056,145.70668180754745,-161.099116961777,179.06997681757446,-145.70668180754745,-161.099116961777,226.0748287865301,533.5709861126983,0.230532168259834,0.5440909853137395,14.81038780455812,7.332234330712774e-16,0.9400107803597323,0.9638170686490076,faltinsen_ch9_reduced_order_planing,heave_pitch_2x2_v1,FnB=2.82,2.358433333333333
107,3.6982563352624274,11.717643643622054,1.394676053627761,4.505121666666666,0.01,0.9507380178862168,1.383275688712524,-0.7255108293211366,2.137961535850482,1.6784976644718097,2.2577080174899486,1.6188046045655637,3.956011431939063,145.49890352467514,-161.2555107843734,178.87098189079973,-145.49890352467514,-161.2555107843734,230.46305446471092,543.1729202845747,0.23500691313008104,0.5538822332647486,15.08278175661027,6.022337122967547e-16,0.9406392221200084,0.9641981268857821,faltinsen_ch9_reduced_order_planing,heave_pitch_2x2_v1,FnB=2.82,2.3711166666666665
108,3.6884046746523262,11.665123738041302,1.3872554892850395,4.52922,0.01,0.9837766307045427,1.4195264776282686,-0.7386099761961468,2.1980774815092605,1.7270992675026242,2.3188551726346702,1.6715415369015814,4.064929300709938,145.27681966648515,-161.42634121330659,178.65761276286548,-145.27681966648515,-161.42634121330659,235.01522595624803,553.1357091500057,0.23964883620425736,0.5640414505973046,15.365981403087057,8.825568253499652e-16,0.9412579020068157,0.9645732234540393,faltinsen_ch9_reduced_order_planing,heave_pitch_2x2_v1,FnB=2.82,2.3838
109,3.6786313274232056,11.613133787266438,1.379913471277084,4.553318333333333,0.01,1.0186005229288708,1.45685912605847,-0.7515084594779593,2.2607429081069865,1.7776348158412114,2.3823776907163503,1.7264688984531071,4.178103045802012,145.0396887084891,-161.61233688929448,178.42913333399474,-145.0396887084891,-161.61233688929448,239.7404996533439,563.4793506953941,0.2444672744039442,0.5745890295823692,15.660583378101261,4.969900223283289e-16,0.9418670198445808,0.9649424815113812,faltinsen_ch9_reduced_order_planing,heave_pitch_2x2_v1,FnB=2.82,2.3964833333333333
110,3.668935261488108,11.56166562605676,1.3726487590554177,4.577416666666666,0.01,1.0553418062355402,1.4953058659753533,-0.7641440277936892,2.3261119706728706,1.8302147307922076,2.4484102996271657,1.7837121721597802,4.295774344774463,144.78670927485842,-161.81428698261885,178.1847473066136,-144.78670927485842,-161.81428698261885,244.648668567715,574.2252295508052,0.2494722138219627,0.5855467764739287,15.967226082902332,4.952295596215899e-16,0.9424667704057501,0.9653060210661888,faltinsen_ch9_reduced_order_planing,heave_pitch_2x2_v1,FnB=2.82,2.4091666666666667
111,3.65931546370277,11.510711257540803,1.3654601380587885,4.601515,0.01,1.0941446001457096,1.5348980836018238,-0.7764450109432528,2.3943501496662822,1.8849574353476968,2.5170974343925616,1.8434060169423931,4.418202315145653,144.517014512326,-162.03304678999132,177.9235925749365,-144.517014512326,-162.03304678999132,249.75021317235584,585.3962266488434,0.254674341566545,0.5969380233299276,16.286593031201395,1.75411229958678e-16,0.9430573435621696,0.9656639590732916,faltinsen_ch9_reduced_order_planing,heave_pitch_2x2_v1,FnB=2.82,2.42185
112,3.6497709394209488,11.460262848879289,1.358346419036233,4.625613333333333,0.01,1.1351662924212418,1.5756658051733576,-0.7883289088815975,2.4656351357923882,1.9419900208399614,2.5885940375872765,1.90569504311273,4.5456649561149804,144.2296658440962,-162.26954395265545,177.64473499389982,-144.2296658440962,-162.26954395265545,255.05635626683764,597.0168374063376,0.260085101708369,0.6087877485240503,16.61941646197368,1.6763436994296772e-16,0.9436389244312425,0.966016409526286,faltinsen_ch9_reduced_order_planing,heave_pitch_2x2_v1,FnB=2.82,2.4345333333333334
113,3.640300712062441,11.410312727061786,1.3513064373911903,4.649711666666666,0.01,1.1785789424214947,1.6176370594378466,-0.7997007561448246,2.540157768798616,2.0014489700179947,2.663066426089775,1.9707346552948026,4.678460710398964,143.9236460289594,-162.52478537047213,177.34716145266833,-143.9236460289594,-162.52478537047213,260.5791220529131,609.1132987836554,0.2657167555209099,0.6211227063101624,16.96648123280303,3.4877393160126416e-16,0.9442116935170636,0.9663634835466327,faltinsen_ch9_reduced_order_planing,heave_pitch_2x2_v1,FnB=2.82,2.4472166666666664
114,3.6309038226933694,11.360853374832336,1.3443390525459074,4.67381,0.01,1.2245708431382956,1.6608370899169527,-0.8104512236959123,2.6181230265983437,2.063480939846125,2.740693227706208,2.038691967265168,4.816910152733178,143.59785144155921,-162.7998648959909,177.02977216868805,-143.59785144155921,-162.7998648959909,266.33139956126195,621.7137254652546,0.27158244615772154,0.6339715656878289,17.328629004005098,8.703091082086948e-16,0.9447758268467309,0.9667052894696629,faltinsen_ch9_reduced_order_planing,heave_pitch_2x2_v1,FnB=2.82,2.4598999999999998
115,3.621579329618322,11.311877426739407,1.3374431473254063,4.6979083333333325,0.01,1.2733482587545029,1.7052873840225997,-0.8204544134691593,2.699751057953609,2.128243606869234,2.821666390539933,2.109746792738554,4.961357810460844,143.25108347951408,-163.0959719027523,176.6913721080142,-143.25108347951408,-163.0959719027523,272.32701049945575,634.8482552373262,0.2776962678381056,0.6473650586462516,17.706762719352902,6.409931085868368e-16,0.9453314961020137,0.9670419329275929,faltinsen_ch9_reduced_order_planing,heave_pitch_2x2_v1,FnB=2.82,2.472583333333333
116,3.6123263079839596,11.263377665305768,1.3306176273603143,4.722006666666666,0.01,1.3251373554857007,1.7510044788658587,-0.8295652930310675,2.785278247674057,2.195906577227714,2.906192266930732,2.1840927154227248,5.112174119795616,142.88203899185726,-163.4144008333119,176.33066142640234,-142.88203899185726,-163.4144008333119,278.58078148679954,648.5492033942619,0.28407333950615105,0.6613361376150491,18.10185138266019,8.772804208487487e-16,0.9458788687465607,0.9673735169296959,faltinsen_ch9_reduced_order_planing,heave_pitch_2x2_v1,FnB=2.82,2.4852666666666665
117,3.6031438493937036,11.215347017314057,1.3238614205078876,4.746104999999999,0.01,1.3801863439970987,1.7979984947168688,-0.8376167085749187,2.8749582974770096,2.266652362220595,2.9944927721929444,2.261938240517753,5.269757518550258,142.48929961103556,-163.75656184469952,175.9462248134248,-142.48929961103556,-163.75656184469952,285.108620491988,662.8512256591575,0.29072988277545136,0.6759201415969343,18.514935120004807,4.1099773463096307e-16,0.9464181081488157,0.9677001419397266,faltinsen_ch9_reduced_order_planing,heave_pitch_2x2_v1,FnB=2.82,2.4979499999999994
118,3.5940310615331406,11.167778550203986,1.3171734762905818,4.770203333333332,0.01,1.4387678515955606,1.8462713362160743,-0.844415903745365,2.969063297806695,2.3406774185517305,3.086806616048513,2.3435080280705045,5.434536672016534,142.07131985762288,-164.1239926821131,175.53651960879517,-142.07131985762288,-164.1239926821131,291.927597079071,677.7914886202059,0.29768330375721685,0.691154969964469,18.947130503999833,1.4169133671584603e-15,0.946949373700805,0.9680219059506865,faltinsen_ch9_reduced_order_planing,heave_pitch_2x2_v1,FnB=2.82,2.510633333333333
119,3.584987067805805,11.120665468577268,1.3105527653515587,4.794301666666666,0.01,1.50118154133307,1.8958144881704058,-0.8497404593698134,3.06788475537867,2.4181932498450056,3.1833906013203697,2.429044205989232,5.606972822803039,141.62641387316955,-164.5183719253862,175.09986254633804,-141.62641387316955,-164.5183719253862,299.05602577579026,693.4098460194675,0.30495227807231856,0.7070812622245799,19.399636097932508,4.786073849437241e-16,0.9474728209329546,0.9683389045570837,faltinsen_ch9_reduced_order_planing,heave_pitch_2x2_v1,FnB=2.82,2.523316666666666
120,3.576011006978984,11.074001110806527,1.3039982789265292,4.818399999999999,0.01,1.5677569926306352,1.9466063165837482,-0.8533335549008655,3.171734527145587,2.49942756240424,3.284520979778815,2.518807756773024,5.787562247171887,141.1527406226087,-164.94153376676732,174.63441496705036,-141.1527406226087,-164.94153376676732,306.5135514791162,709.7490183235006,0.31255683794069966,0.7237425811296424,19.873738152059502,5.824240678027362e-16,0.947988601625083,0.9686512310247174,faltinsen_ch9_reduced_order_planing,heave_pitch_2x2_v1,FnB=2.82,2.5359999999999996
121,3.5671020328392316,11.02777894574458,1.2975090283313648,4.8424983333333325,0.01,1.6388568533493233,1.9986087658749685,-0.8548984361520788,3.28094559266158,2.5846254631575367,3.39049484856425,2.6130799667147806,5.976838788951135,140.64828739401253,-165.39548449218034,174.1381663290639,-140.64828739401253,-165.39548449218034,314.32123527078954,726.8547717789719,0.320518459688874,0.7411855952633896,20.370816349601455,8.211859132414867e-16,0.9484968639137182,0.968958976358131,faltinsen_ch9_reduced_order_planing,heave_pitch_2x2_v1,FnB=2.82,2.548683333333333
122,3.5582593138572807,10.981992569530675,1.2910840444649383,4.866596666666666,0.01,1.7148802654313717,2.0517633193471534,-0.8540919557508345,3.395872572007657,2.67405068078083,3.501631561742638,2.7121639189599103,6.175376426364257,140.1108514112144,-165.88242085041458,173.60891583004593,-140.1108514112144,-165.88242085041458,322.50163828482545,744.7760915086395,0.3288601492709799,0.7594602555496929,20.892349453036054,9.705269963855732e-16,0.9489977523958727,0.9692622293658183,faltinsen_ch9_reduced_order_planing,heave_pitch_2x2_v1,FnB=2.82,2.5613666666666663
123,3.5494820328620404,10.93663570249031,1.2847223773266554,4.890694999999999,0.01,1.7962665539668878,2.1059860611335464,-0.8505170328457509,3.516891863656944,2.7679867815054444,3.618274119496359,2.8163860016399256,6.3837918057008185,139.5380193653773,-166.4047505041286,173.04425194813507,-139.5380193653773,-166.4047505041286,331.0789002893722,763.5653410014579,0.33760652239997574,0.7786199578872071,21.439920638267502,5.637013620127683e-16,0.9494914082294091,0.9695610767232292,faltinsen_ch9_reduced_order_planing,heave_pitch_2x2_v1,FnB=2.82,2.5740499999999997
124,3.5407693867234022,10.891702186125471,1.278423095548186,4.914793333333333,0.01,1.8834991509572394,2.1611616432608667,-0.8437138575227734,3.6444012334954032,2.8667383382441187,3.7407904811789146,2.9260973884196524,6.602746646805572,138.92714466720275,-166.96511476094187,172.44152970312376,-138.92714466720275,-166.96511476094187,340.0788083391301,783.2783974229648,0.3467838745536244,0.7987216811275661,22.015222220078254,7.579535261102396e-16,0.9499779692301263,0.9698556030337142,faltinsen_ch9_reduced_order_planing,heave_pitch_2x2_v1,FnB=2.82,2.586733333333333
125,3.5321205860435625,10.847185980192242,1.2721852859389007,4.938891666666666,0.01,1.9771096976006042,2.2171359203672085,-0.8331496441539207,3.7788186295917443,2.9706319943286315,3.8695747266209284,3.041675429978816,6.832949886477796,138.27532222534455,-167.5664137790169,171.79784544347012,-138.27532222534455,-167.5664137790169,349.52884912108095,803.9747482967401,0.3564202343522823,0.8198260856630349,22.620059360418022,7.604966376710998e-16,0.9504575699656795,0.9701458908874245,faltinsen_ch9_reduced_order_planing,heave_pitch_2x2_v1,FnB=2.82,2.5994166666666665
126,3.5235348548566066,10.803081159862788,1.2660080530445532,4.96299,0.01,2.0776822291506356,2.2737069663693634,-0.8182067183863772,3.9205799233420433,3.0800173399260156,4.005047960926974,3.1635248696052556,7.0751593739336665,137.5793605733404,-168.21183442479023,171.11000898146574,-137.5793605733404,-168.21183442479023,359.45823632663365,825.7175300010277,0.36654539147072007,0.8419975526821369,23.256352203150445,1.6851484448257742e-15,0.9509303418464609,0.9704320209183178,faltinsen_ch9_reduced_order_planing,heave_pitch_2x2_v1,FnB=2.82,2.6121
127,3.5150114303360778,10.759381912968921,1.2598905187187552,4.987088333333333,0.01,2.185857289603798,2.330614131742699,-0.798168707779356,4.070135181459965,3.195267488269619,4.147658819314374,3.2920787621549317,7.330182863490287,136.83575120355601,-168.90488092432844,170.37451293507013,-136.83575120355601,-168.90488092432844,369.89790137351025,848.5734818268629,0.3771908871770791,0.8653041373219835,23.926135684187475,6.305202656463843e-16,0.9513964132135427,0.9707140718592534,faltinsen_ch9_reduced_order_planing,heave_pitch_2x2_v1,FnB=2.82,2.6247833333333332
128,3.5065495625102994,10.716082537324507,1.2538318217068187,5.011186666666666,0.01,2.3023357433719753,2.387524737545982,-0.7722046011864776,4.227942949051549,3.3167791978969894,4.297883377492725,3.427798930515333,7.598877958517638,136.04063503149916,-169.6494083849236,169.58749919978482,-136.04063503149916,-169.6494083849236,380.8804318658476,872.612780606916,0.38838995157964,0.8898174000366241,24.63155601110981,1.0013860712955617e-15,0.9518559094237952,0.970992120595318,faltinsen_ch9_reduced_order_planing,heave_pitch_2x2_v1,FnB=2.82,2.6374666666666666
129,3.4981485139851887,10.673177438124066,1.2478311172415437,5.035285,0.01,2.4278819393814084,2.444017934713824,-0.7393504546074815,4.394461864745849,3.444972333238288,4.456224206145136,3.5711757340977908,7.88215054115435,135.189766020263,-170.44965915714414,168.7447225803379,-135.189766020263,-170.44965915714414,392.43993706881577,897.908709597635,0.4001773664491093,0.9156120689507987,25.374862474923045,5.393116699309389e-16,0.9523089529322822,0.97126624221543,faltinsen_ch9_reduced_order_planing,heave_pitch_2x2_v1,FnB=2.82,2.65015
130,3.4898075596743516,10.630661125415095,1.2418875766505642,5.059383333333333,0.01,2.563325728890416,2.4995651885444166,-0.698488563187273,4.570138726727976,3.580288385615699,4.623208220969744,3.7227268457252616,8.18095106660435,134.2784721605509,-171.31030184186275,167.84151177764704,-134.2784721605509,-171.31030184186275,404.61181308313024,924.5371007268506,0.4125892257632629,0.9427654711107774,26.158392828774993,8.640665555710388e-16,0.9527556633720285,0.9715365100622433,faltinsen_ch9_reduced_order_planing,heave_pitch_2x2_v1,FnB=2.82,2.6628333333333334
131,3.4815259865362163,10.58852821164164,1.2360003869748564,5.083481666666666,0.01,2.709562627978527,2.553506786541497,-0.6483240079089201,4.75539187545121,3.723187685821302,4.799382867446445,3.882994631735562,8.496267899976571,133.30161425089273,-172.23647249762803,166.87272817568197,-133.30161425089273,-172.23647249762803,417.43237198917564,952.5754707582945,0.4256625575391961,0.9713566516173154,26.98454992152888,2.8791493740420485e-16,0.9531961576312593,0.9718029957804869,faltinsen_ch9_reduced_order_planing,heave_pitch_2x2_v1,FnB=2.82,2.6755166666666663
132,3.4733030933179965,10.546773409256783,1.2301687505980496,5.10758,0.01,2.867551132183588,2.605023726533749,-0.5873586470293016,4.950588447745905,3.8741448232469518,4.9853100364165215,4.052541599673135,8.829116617507838,132.25354328777996,-173.23381723862926,165.8327232379669,-132.25354328777996,-173.23381723862926,430.9382886184326,982.1017485795884,0.43943475969717755,1.0014650758205794,27.855766583522644,5.604285221678782e-16,0.9536305499281967,0.9720657693637251,faltinsen_ch9_reduced_order_planing,heave_pitch_2x2_v1,FnB=2.82,2.6881999999999997
133,3.465138190306281,10.505391528401834,1.2243918848861832,5.1316783333333325,0.01,3.0383058142996378,2.6531043440849196,-0.5138628932625549,5.15601368455384,4.033641640231473,5.181556927061463,4.231943212808152,9.18052387239786,131.128057799388,-174.30853488956498,164.71529584740188,-131.128057799388,-174.30853488956498,445.16580545053733,1013.1924619558796,0.45394278928129106,1.0331687803234333,28.774454904240717,1.0770306404522511e-15,0.9540589518835061,0.9723248991996517,faltinsen_ch9_reduced_order_planing,heave_pitch_2x2_v1,FnB=2.82,2.700883333333333
134,3.457030599084034,10.464377474650009,1.2186690218375609,5.155776666666666,0.01,3.2228843454902054,2.6965051200086214,-0.42584604956149774,5.371830045318705,4.202156989765916,5.388682853324725,4.421777165714314,9.55150402993109,129.91836319459924,-175.46741762568072,163.5136516611288,-129.91836319459924,-175.46741762568072,460.1496201872028,1045.9202172344735,0.4692220281005265,1.0665418029953895,29.742935000532196,8.774997100657431e-16,0.9544814725904712,0.9725804521139283,faltinsen_ch9_reduced_order_planing,heave_pitch_2x2_v1,FnB=2.82,2.7135666666666665
135,3.448979652293829,10.423726246812546,1.2129994077423853,5.179874999999998,0.01,3.4223659551000067,2.733705326382181,-0.3210266387212937,5.59802341681216,4.380152228190007,5.607220726701062,4.622607967416183,9.943026304035607,128.6170362201317,-176.7178865051499,162.22036757325725,-128.6170362201317,-176.7178865051499,475.92136185622155,1080.35026479988,0.4853047287873245,1.101650680711436,30.763337150585272,6.708418391039708e-16,0.9548982186829805,0.972832493412651,faltinsen_ch9_reduced_order_planing,heave_pitch_2x2_v1,FnB=2.82,2.7262499999999994
136,3.440984693407112,10.383432934805215,1.2073823028518442,5.203973333333332,0.01,3.637818075344915,2.762855606230938,-0.1968051453119641,5.834333252000277,4.568051165452058,5.837651647761914,4.834965390807324,10.355969586735487,127.21599900466913,-178.06801741488593,160.82736576435542,-127.21599900466913,-178.06801741488593,492.5075404469592,1116.5358979953255,0.5022179240076471,1.138549757557704,31.837469800241507,1.244038959552455e-15,0.9553092944014036,0.9730810869234742,faltinsen_ch9_reduced_order_planing,heave_pitch_2x2_v1,FnB=2.82,2.7389333333333328
137,3.4330450764993286,10.343492717573355,1.2018169810563526,5.228071666666666,0.01,3.870247015179044,2.7817213573326076,-0.05024300276025416,6.0801631323436975,4.766212927298009,6.080370718569542,5.059315032497811,10.791061584361167,125.70650900996952,-179.52655110978694,159.3259036576943,-125.70650900996952,-179.52655110978694,509.92683369044914,1154.5123874672156,0.5199806597466506,1.1772749995841756,32.96664453723363,1.6379065477673618e-15,0.9557148016564265,0.9733262950354443,faltinsen_ch9_reduced_order_planing,heave_pitch_2x2_v1,FnB=2.82,2.751616666666666
138,3.425160166030726,10.303900861073465,1.1963027295726505,5.252169999999999,0.01,4.120527529986469,2.7876230667645925,0.12194637557470504,6.334468187194712,4.974895927326965,6.33564188800927,5.29601891844928,11.248798330323302,124.07917359010673,178.89712135575576,157.70658848340798,-124.07917359010673,178.89712135575576,528.1865560157712,1194.2891140240995,0.5386003946462565,1.21783597255342,34.151447889950056,9.477517948017886e-16,0.9561148400909252,0.9735681787376121,faltinsen_ch9_reduced_order_planing,heave_pitch_2x2_v1,FnB=2.82,2.7642999999999995
139,3.417329336632673,10.264652716309653,1.1908388486394748,5.2762683333333324,0.01,4.389305239121903,2.7773777260758514,0.3233860990560206,6.595616311855785,5.1942109617809376,6.60353943747448,5.545283851815029,11.729339767865477,122.32400083438819,177.19300947964723,155.95942812612213,-122.32400083438819,177.19300947964723,547.2781450234336,1235.8395447816113,0.5580683974888812,1.2602056204530716,35.39144913232765,2.7759376952783637e-15,0.9565095071399371,0.9738067976564143,faltinsen_ch9_reduced_order_planing,heave_pitch_2x2_v1,FnB=2.82,2.776983333333333
140,3.409551972899324,10.225743717423155,1.1854246512215358,5.300366666666665,0.01,4.6768652668207755,2.7472483813111386,0.5579920970567757,6.861221641804621,5.424061429649487,6.883873734921778,5.807095143354918,12.232377118573426,120.43050190856155,175.35062566180403,154.07393347067273,-120.43050190856155,175.35062566180403,567.1715101742155,1279.0887222326587,0.5783539844638236,1.3043075078978639,36.68483382212272,3.3039076806838605e-15,0.956898898088803,0.974042210091919,faltinsen_ch9_reduced_order_planing,heave_pitch_2x2_v1,FnB=2.82,2.7896666666666663
141,3.40182746918448,10.187169379833273,1.1800594627215293,5.324464999999999,0.01,4.982960727024113,2.692912948718628,0.8298815970590235,7.127951895616113,5.664069010564855,7.176099336781409,6.081133674595876,12.75696854088083,118.38786401932794,173.35915817682792,152.03929137094065,-118.38786401932794,173.35915817682792,587.8081325367914,1323.898038823144,0.599397482868045,1.3500002945176426,38.027955586398754,1.5777730453781198e-15,0.9572831061295403,0.9742744730529576,faltinsen_ch9_reduced_order_planing,heave_pitch_2x2_v1,FnB=2.82,2.8023499999999997
142,3.394155229403486,10.14892529842812,1.1747426206999363,5.348563333333333,0.01,5.3065965095016265,2.609468731264402,1.1432142123359579,7.391316812303016,5.91348404699814,7.479204700709839,6.366675192437959,13.30134167613485,116.18521692392329,171.2077376914143,149.84463116357006,-116.18521692392329,171.2077376914143,609.09290588065,1370.0473002444407,0.6211019113363382,1.397059444605896,39.414805159005894,9.3819844657399e-16,0.9576622224155067,0.974503642291171,faltinsen_ch9_reduced_order_planing,heave_pitch_2x2_v1,FnB=2.82,2.815033333333333
143,3.386534666840022,10.111007145803608,1.1694734746023627,5.372661666666666,0.01,5.645768360159246,2.4914953326968403,1.501943087023492,7.645453886610355,6.1710817017298805,7.791585087063032,6.662472690722874,13.862665793910885,113.81201864057914,168.88582298232035,147.47941038239242,-113.81201864057914,168.88582298232035,630.8848971851573,1417.2145025485652,0.6433235581826183,1.4451566055162215,40.83640776452433,1.1911014989575167e-15,0.9580363361144165,0.974729772334019,faltinsen_ch9_reduced_order_planing,heave_pitch_2x2_v1,FnB=2.82,2.8277166666666664
144,3.378965203957645,10.073410670549197,1.164251385494183,5.39676,0.01,5.997165868325216,2.3332049337359875,1.9094534764380338,7.882940645527003,6.435048074025158,8.110904129601273,6.9666261347487985,14.436803203843168,111.25858607852115,166.38373157356455,144.9339453922185,-111.25858607852115,166.38373157356455,652.9875105735553,1464.9544302193854,0.6658619514039508,1.4938377837685504,42.280179717721005,2.990602613753952e-15,0.958405534459763,0.9749529165167888,faltinsen_ch9_reduced_order_planing,heave_pitch_2x2_v1,FnB=2.82,2.8404
145,3.371446272215943,10.036131695578964,1.1590757258022646,5.4208583333333324,0.01,6.355862038873336,2.128713095552042,2.3680720132343813,8.094679681786724,6.7028651859011665,8.433955430911094,7.276449021545557,15.018060094881998,108.51679128589171,163.6933359912564,142.2001076403934,-108.51679128589171,163.6933359912564,675.1389868648419,1512.6781750677217,0.6884501709195718,1.542502460134421,43.72930416973666,2.21984346393457e-15,0.958769902800702,0.9751731270136363,faltinsen_ch9_reduced_order_planing,heave_pitch_2x2_v1,FnB=2.82,2.853083333333333
146,3.3639773118911687,9.999166116506563,1.1539458790635468,5.444956666666666,0.01,6.715032233330083,1.872461784834825,2.87844573159493,8.269921583339018,6.971210155369642,8.756543429020015,7.588348455411226,15.598971087035867,105.58093076458414,160.8089330850559,139.27219297510817,-105.58093076458414,160.8089330850559,697.0047568429197,1559.636965060432,0.710747051075464,1.5903870996318132,45.162224048798926,1.693919497131559e-15,0.9591295246504491,0.9753904548676812,faltinsen_ch9_reduced_order_planing,heave_pitch_2x2_v1,FnB=2.82,2.8657666666666666
147,3.3565577719012274,9.962509900062788,1.1488612396802713,5.469055,0.01,7.065769915283186,1.5598140275015582,3.438819734396036,8.396506610550597,7.235891396097069,9.073411950677182,7.897743989693931,16.170168235062246,102.44875049503014,157.72826905931663,136.14794667351669,-102.44875049503014,157.72826905931663,718.1738238785186,1604.9151263377835,0.7323334919452807,1.6365579747801582,46.55239320303847,1.0679244390001565e-15,0.9594844817332401,0.9756049500202166,faltinsen_ch9_reduced_order_planing,heave_pitch_2x2_v1,FnB=2.82,2.87845
148,3.34918710963489,9.926159082554383,1.143821212681651,5.493153333333333,0.01,7.397090447976883,1.1878108473085625,4.044287957089958,8.46140909392666,7.491851687302327,9.378257244000489,8.19905868156919,16.720400327616595,99.1225708080404,154.45366435102216,132.8296883167617,-99.1225708080404,154.45366435102216,738.161913870743,1647.438206423266,0.7527156713768136,1.679919448969083,47.86846380501509,2.644337939333212e-15,0.9598348540299025,0.9758166613390297,faltinsen_ch9_reduced_order_planing,heave_pitch_2x2_v1,FnB=2.82,2.8911333333333333
149,3.3418647907851144,9.890109768362892,1.1388252134917876,5.517251666666666,0.01,7.696226421659647,0.7560326302622253,4.686148412324267,8.4516460232624,7.733271395177676,9.663866071343104,8.485820261840201,17.23677530033564,95.61040443502083,150.99313168585013,129.3254298432414,-95.61040443502083,150.99313168585013,756.4243057451752,1686.002614362199,0.7713381284589287,1.719244200988308,49.07510031167343,3.143323030306165e-15,0.9601807198220867,0.9760256366458824,faltinsen_ch9_reduced_order_planing,heave_pitch_2x2_v1,FnB=2.82,2.9038166666666663
150,3.3345902891863552,9.854358128482307,1.133872667703644,5.541349999999999,0.01,7.9493031595015315,0.2674426717312135,5.351547667781073,8.355550583430354,7.953800745827353,9.922413415736937,8.750906251080321,17.705288067204755,91.92690586036372,147.36132543617293,125.64982490391844,-91.92690586036372,147.36132543617293,772.3806585366176,1719.3317376101345,0.787609080100358,1.7532304483285674,50.1345725946177,1.5644834110395748e-15,0.9605221557351984,0.9762319227431879,faltinsen_ch9_reduced_order_planing,heave_pitch_2x2_v1,FnB=2.82,2.9164999999999996
151,3.327363086655757,9.818900399094371,1.1289630108588893,5.565448333333332,0.01,8.142426077087647,-0.27097325696662705,6.0236221162769645,8.164309140391259,8.146933713172585,10.145933527259935,8.98694946572354,18.11165910190847,88.09394692915595,143.58011723414643,121.82474447282073,-88.09394692915595,143.58011723414643,785.452437954248,1746.1596347578989,0.800938585504987,1.7805872900102468,51.00917071350467,1.7132761814316488e-15,0.9608592367800778,0.9764355654398889,faltinsen_ch9_reduced_order_planing,heave_pitch_2x2_v1,FnB=2.82,2.929183333333333
152,3.3201826728381145,9.783732880180384,1.124095688233438,5.589546666666666,0.01,8.263108404041287,-0.8479909545515156,6.682303161187852,7.873533790396344,8.306506435074793,10.326940974293121,9.186887808921611,18.442442997467897,84.14060595073278,139.67858508042502,117.87926595326684,-84.14060595073278,139.67858508042502,795.110666550514,1765.336999272971,0.8107872377932465,1.8001427595284538,51.66429752415132,1.7918981824221395e-15,0.9611920363934667,0.9766366095765794,faltinsen_ch9_reduced_order_planing,heave_pitch_2x2_v1,FnB=2.82,2.9418666666666664
153,3.3130485450544973,9.748851934168455,1.1192701546285144,5.613644999999999,0.01,8.301837937730788,-1.4485431443704462,7.305828980690995,7.484536412254519,8.427264703653778,10.459131053843247,9.344599255677135,18.686281570357984,80.10240792749818,135.6922535779329,113.84891340924185,-80.10240792749818,135.6922535779329,800.9281984328237,1775.9463313246092,0.8167194693731538,1.8109612674303759,52.071866207325584,5.509845908479335e-15,0.961520626477301,0.9768350990498785,faltinsen_ch9_reduced_order_planing,heave_pitch_2x2_v1,FnB=2.82,2.95455
154,3.3059602081544366,9.714253984615105,1.114485874167073,5.637743333333332,0.01,8.25347242300611,-2.054797088756431,7.872811654197539,7.004945187824075,8.50540993211287,10.538046328750328,9.455522562478496,18.835099541221098,76.01977037103734,131.66153975272533,109.77410338395453,-76.01977037103734,131.66153975272533,802.6277266652862,1777.4067619253756,0.8184525058662094,1.8124504921919062,52.21343381430246,5.209847841842816e-15,0.9618450774368713,0.9770310768361268,faltinsen_ch9_reduced_order_planing,heave_pitch_2x2_v1,FnB=2.82,2.9672333333333327
155,3.2989171743715775,9.679935514920244,1.1097423200954202,5.661841666666666,0.01,8.118124989285608,-2.647803224420738,8.364507331066836,6.448406703678025,8.539017230156894,10.561578097401473,9.51714457144731,18.88500803493221,71.93577351127502,127.62952326770176,105.69791511133315,-71.93577351127502,127.62952326770176,800.1157477675114,1769.5470003387748,0.81589100025749,1.8044357658719081,52.08243523655427,1.4360919318676044e-15,0.9621654582178857,0.9772245850143523,faltinsen_ch9_reduced_order_planing,heave_pitch_2x2_v1,FnB=2.82,2.979916666666666
156,3.2919189631826993,9.645893067074516,1.105038974589881,5.685939999999999,0.01,7.901292063180458,-3.209420160613977,8.766819896552484,5.833338136898464,8.528235106693174,10.530193014279583,9.529250330910463,18.836718666801882,67.89353772087932,123.63932385137872,101.66346794266428,-67.89353772087932,123.63932385137872,793.4947371994774,1752.6295817623268,0.8091394484349675,1.7871847998677701,51.685010644989234,1.324832522330892e-15,0.9624818363424699,0.977415664788602,faltinsen_ch9_reduced_order_planing,heave_pitch_2x2_v1,FnB=2.82,2.9925999999999995
157,3.2849651011700094,9.612123240438068,1.1003753285683582,5.710038333333332,0.01,7.613169278269758,-3.72411949485752,9.071605294161877,5.180958628618958,8.475223446704417,10.446834684464335,9.493883053572434,18.695376994589946,63.933594862888214,119.73147264970635,97.71129269635657,-63.933594862888214,119.73147264970635,783.0505841718713,1727.3203437036868,0.798489376261895,1.7613765594812567,51.039228489438635,3.671399696312161e-15,0.9627942779441417,0.9776043565096125,faltinsen_ch9_reduced_order_planing,heave_pitch_2x2_v1,FnB=2.82,3.005283333333333
158,3.278055121886629,9.57862269054985,1.0957508815066472,5.734136666666665,0.01,7.267321759724909,-4.18030613765584,9.277033428835312,4.513025324787155,8.383849054216936,10.316527847192487,9.41503038811829,18.469863086937497,60.09164192182453,115.94166586120252,93.87708529109761,-60.09164192182453,115.94166586120252,769.2182567626262,1694.6101718318002,0.7843843277394689,1.7280214668941996,50.1728902824208,2.2938513195993677e-15,0.9631028478017927,0.9777906996958813,faltinsen_ch9_reduced_order_planing,heave_pitch_2x2_v1,FnB=2.82,3.0179666666666662
159,3.2711885657251702,9.545388127966486,1.0911651412593593,5.758234999999999,0.01,6.879031272062838,-4.570942877689667,9.38702810473193,3.8497453398332158,8.259212434192522,10.145779212095771,9.29811522423279,18.171726132880995,56.396964005603934,112.29918774271471,90.19012974971417,-56.396964005603934,112.29918774271471,752.5334704685139,1655.70655073207,0.7673705806452907,1.6883508137152543,49.12041675732762,1.2526312281436387e-15,0.9634076093727045,0.9779747330541001,faltinsen_ch9_reduced_order_planing,heave_pitch_2x2_v1,FnB=2.82,3.0306499999999996
160,3.264364979789337,9.512416317129965,1.0866176238853267,5.782333333333332,0.01,6.463677502245138,-4.893470214425066,9.410031256785496,3.2082249689111353,8.107106610406406,9.941901010612854,9.149401585319811,17.81397790952877,52.871650730582815,108.8261269981644,86.67251458608439,-52.871650730582815,108.8261269981644,733.5801691476536,1611.9167486079953,0.7480435919989534,1.6436976425262402,47.91944999399896,1.2949492641314371e-15,0.9637086248246386,0.9781564944990402,faltinsen_ch9_reduced_order_planing,heave_pitch_2x2_v1,FnB=2.82,3.043333333333333
161,3.257583917768454,9.479704075263225,1.0821078534773516,5.806431666666666,0.01,6.035431270555333,-5.149179584456224,9.357446966438648,2.601619171864347,7.933503703571199,9.712375406929242,8.975422713843672,17.409956479884787,49.53056485373409,105.53734541426712,83.33910143909543,-49.53056485373409,105.53734541426712,712.9426391650647,1564.5420717369416,0.7269991680798894,1.5953889164362363,46.60774485722847,1.1851877495248202e-15,0.9640059550670215,0.9783360211728588,faltinsen_ch9_reduced_order_planing,heave_pitch_2x2_v1,FnB=2.82,3.0560166666666664
162,3.250844939814853,9.447248271292887,1.0776353619961798,5.8305299999999995,0.01,5.606398799662033,-5.342279017487766,9.242102092139595,2.038948816459125,7.744136659534227,9.464341675873243,8.782508452897998,16.972407212478345,46.38190333027376,102.44103892155789,80.19808613197063,-46.38190333027376,102.44103892155789,691.168068153059,1514.7958282106624,0.704795284988308,1.5446618653777415,45.22072975138072,2.9013587224756117e-15,0.9642996597812591,0.9785133494638568,faltinsen_ch9_reduced_order_planing,heave_pitch_2x2_v1,FnB=2.82,3.0686999999999998
163,3.2441476124240407,9.415045824798346,1.0731996891085749,5.854628333333332,0.01,5.186221858154895,-5.478883453854919,9.076957655409291,1.5254245993834057,7.544207119567226,9.204242526492735,8.576449117440573,16.51284702291493,43.428138609755734,99.53967889374468,77.25193996998888,-43.428138609755734,99.53967889374468,668.74181470775,1463.7497498516543,0.6819268707537742,1.492609351666119,43.78988734375723,2.6660071685079672e-15,0.9645897974502057,0.9786885150247292,faltinsen_ch9_reduced_order_planing,heave_pitch_2x2_v1,FnB=2.82,3.081383333333333
164,3.237491508317564,9.38309370498645,1.0688003820293714,5.878726666666666,0.01,4.7820488658226346,-5.566099743820993,8.87417923497481,1.0630718592149144,7.338218974198008,8.937627138805508,8.362297851948087,16.041208297952622,40.66713425250495,96.83112776726608,74.49852535846782,-40.66713425250495,96.83112776726608,646.0747586072973,1412.3072390329935,0.6588129061476624,1.440152589348038,42.34191760798054,3.0110994933432774e-15,0.9648764253868146,0.9788615527902632,faltinsen_ch9_reduced_order_planing,heave_pitch_2x2_v1,FnB=2.82,3.0940666666666665
165,3.230876206328515,9.35138892969108,1.0644369953674024,5.902824999999999,0.01,4.398755720975769,-5.611298106673622,8.644570949403954,0.6514702907032042,7.129917133794476,8.669084175329463,8.144290562108122,15.5657153079251,38.09327142013569,94.30976553480491,71.93222229476146,-38.09327142013569,94.30976553480491,623.5003796160124,1361.1980646289844,0.635793445892341,1.3880357355763535,40.898532944988716,1.3736410601421699e-15,0.9651595997619966,0.9790324969945879,faltinsen_ch9_reduced_order_planing,heave_pitch_2x2_v1,FnB=2.82,3.10675
166,3.2243012912895956,9.319928564396882,1.0601090909751805,5.926923333333333,0.01,4.039299622300481,-5.621595377113911,8.397314818947901,0.28847451283497044,6.922302797675446,8.402268367118333,7.925852573709369,15.09292839994339,35.69847792362344,91.96751879623127,69.5449574177434,-35.69847792362344,91.96751879623127,601.2786171090926,1310.9878867899238,0.6131335543830896,1.3368356031773583,39.47669548064298,7.344767992035491e-16,0.9654393756317108,0.9792013811879222,faltinsen_ch9_reduced_order_planing,heave_pitch_2x2_v1,FnB=2.82,3.1194333333333333
167,3.2177663539236794,9.288709721286532,1.055816237802235,5.951021666666667,0.01,3.7051151870554135,-5.603532134915985,8.139932941607478,-0.029161822053897328,6.71769684760966,8.139985178471276,7.709660911651916,14.627892673556982,33.473102604079,89.79473514212884,67.3270783899267,-33.473102604079,89.79473514212884,579.6037458003885,1262.0964564330595,0.591031336695394,1.2869802189667823,38.08911768513491,9.282493729763757e-16,0.9657158069633113,0.9793682382528459,faltinsen_ch9_reduced_order_planing,heave_pitch_2x2_v1,FnB=2.82,3.1321166666666667
168,3.2112709907368004,9.257729558310778,1.051558011751996,5.9751199999999995,0.01,3.3964936081312445,-5.562905070810396,7.8783917679329525,-0.30528964221829785,6.517827986141121,7.884304573941794,7.49773620269013,14.174339349897824,31.406616740601635,87.780884564286,65.26805530659999,-31.406616740601635,87.780884564286,558.61407521117,1214.8196430633805,0.5696278292905018,1.2387712858757889,36.74488403329487,1.643531998820896e-15,0.9659889466611742,0.9795331004201617,faltinsen_ch9_reduced_order_planing,heave_pitch_2x2_v1,FnB=2.82,3.1448
169,3.2048148039135134,9.22698527828075,1.0473339955421281,5.999218333333333,0.01,3.1129130108148493,-5.504711356290717,7.61728278691749,-0.5439965451229009,6.323928725798257,7.636683134514299,7.291545168035291,13.734902662336607,29.488149375216835,85.91509478316095,63.35701602198819,-29.488149375216835,85.91509478316095,538.4019472371012,1169.3519423055534,0.5490171946965592,1.1924071342462037,35.450094374854274,4.028541146025773e-15,0.966258846591626,0.9796959992842709,faltinsen_ch9_reduced_order_planing,heave_pitch_2x2_v1,FnB=2.82,3.1574833333333334
170,3.1983974012145535,9.196474127981805,1.0431437785682176,6.023316666666665,0.01,2.853308010417229,-5.433166315143766,7.360032606049015,-0.7493516383641787,6.13682839994113,7.398081362084613,7.092101313434433,13.311328633347513,27.706876993316484,84.18654093074429,61.58313583085723,-27.706876993316484,84.18654093074429,519.0230989064189,1125.8074346527349,0.5292562688649222,1.1480040938064835,34.20846802196442,1.524481577564057e-15,0.9665255576071949,0.9798569658181656,faltinsen_ch9_reduced_order_planing,heave_pitch_2x2_v1,FnB=2.82,3.170166666666666
171,3.192018395876746,9.166193397308371,1.0389869567707175,6.047414999999998,0.01,2.6162787986708085,-5.351763920984461,7.1091123849138365,-0.9252410406036495,5.957037167781089,7.16906896915859,6.900056754745817,12.904662747680721,26.052293215943962,82.58471524516483,59.93590716190869,-26.052293215943962,82.58471524516483,500.5049098246605,1084.238167889663,0.5103729712232623,1.1056152385265743,33.0218769115645,7.457856222123631e-16,0.9667891295702068,0.9800160303880034,faltinsen_ch9_reduced_order_planing,heave_pitch_2x2_v1,FnB=2.82,3.1828499999999993
172,3.1856774065151,9.13614041841921,1.0348631325050626,6.071513333333332,0.01,2.4002465397337125,-5.263358256105636,6.866229744856869,-1.075271690050195,5.784818370840957,6.949915115782395,6.715781920802359,12.515410989115647,24.514384210339813,81.09960248345772,58.40531498938117,-24.514384210339813,81.09960248345772,482.85336177975717,1044.6496126154607,0.4923734014977156,1.0652461468650976,31.89079623987483,1.4449715543101782e-15,0.9670496113757466,0.9801732227672716,faltinsen_ch9_reduced_order_planing,heave_pitch_2x2_v1,FnB=2.82,3.1955333333333327
173,3.1793740570270335,9.106312564912509,1.0307719144148653,6.095611666666665,0.01,2.2035643655905868,-5.170251459008253,6.632495412484246,-1.2027238952150399,5.620248754519467,6.740663184342162,6.539432332291097,12.143673425239573,23.08373284391962,79.72178407767228,56.98194098803299,-23.08373284391962,79.72178407767228,466.05872628869315,1007.0132508782364,0.475247639396423,1.0268677386041476,30.814673263239136,1.3076960439394894e-15,0.9673070509740004,0.9803285721505796,faltinsen_ch9_reduced_order_planing,heave_pitch_2x2_v1,FnB=2.82,3.208216666666666
174,3.173107976498678,9.076707251020286,1.0267129173081058,6.119709999999999,0.01,2.024593448085446,-5.074279352097122,6.408562615451325,-1.3105369219138019,5.46326729834352,6.541191162155379,6.371003083613135,11.789252188143289,21.751570825341247,78.4424902779781,55.657015675164644,-21.751570825341247,78.4424902779781,450.1000969323061,971.2765755121659,0.45897436630480964,0.9904264713354366,29.792221596022685,1.5559373750125457e-15,0.9675614953920035,0.9804821071670957,faltinsen_ch9_reduced_order_planing,heave_pitch_2x2_v1,FnB=2.82,3.2208999999999994
175,3.166878799113201,9.047321930821568,1.0226857620362377,6.143808333333332,0.01,1.8617526414655856,-4.976889944877755,6.194740524095332,-1.4013157470174298,5.313713995072503,6.351259401387092,6.21037237160836,11.451736966586527,20.50979416041639,77.25361561052927,54.422433867438826,-20.50979416041639,77.25361561052927,434.94892665618715,937.3708683953789,0.4435244723286618,0.9558522720759677,28.821651216546936,1.6160623071527849e-15,0.9678129907548069,0.980633855893581,faltinsen_ch9_reduced_order_planing,heave_pitch_2x2_v1,FnB=2.82,3.233583333333333
176,3.160686164061105,9.01815409747384,1.0186900753761277,6.167906666666665,0.01,1.7135487573205483,-4.87921265403863,5.9910846383081635,-1.477350421884744,5.171360117710377,6.170547740064499,6.057335679633638,11.130571522092184,19.350953696550278,76.14770942377305,53.2707452261825,-19.350953696550278,76.14770942377305,420.57173862787147,905.2171402522223,0.4288638205991562,0.9230645941807063,27.90084499302514,1.1676264374499993e-15,0.9680615823060819,0.9807838458671119,faltinsen_ch9_reduced_order_planing,heave_pitch_2x2_v1,FnB=2.82,3.246266666666666
177,3.1545297154524463,8.989201282462263,1.0147254899147509,6.192004999999999,0.01,1.5785930572697275,-4.7821177184689345,5.797467590344681,-1.5406421241547594,5.035931484219648,5.998683906976351,5.911632226249004,10.825104643153294,18.268229537113285,75.11795030461155,52.19512867257825,-18.268229537113285,75.11795030461155,406.9321686438721,874.7305879833305,0.41495532994842493,0.8919769625543184,27.027491895801386,2.4674799860195303e-16,0.9683073144281813,0.9809321040974455,faltinsen_ch9_reduced_order_planing,heave_pitch_2x2_v1,FnB=2.82,3.2589499999999996
178,3.1484091022309277,8.960461054866201,1.0107916439365692,6.216103333333332,0.01,1.4556082234434713,-4.686266222902413,5.613633817164196,-1.5929319614071427,4.907126084794674,5.835264935449107,5.772965151080425,10.534628606103338,17.255395708742128,74.15811074741458,51.18935705574253,-17.255395708742128,74.15811074741458,393.99247771430714,845.8238803318503,0.40176051731662404,0.8625003240982908,26.199185836168137,1.2243403844478445e-15,0.9685502306616698,0.9810786570790657,faltinsen_ch9_reduced_order_planing,heave_pitch_2x2_v1,FnB=2.82,3.271633333333333
179,3.1423239780898173,8.931931020642548,1.0068881813135184,6.240201666666666,0.01,1.3434289649741358,-4.59215161920833,5.439241241145223,-1.6357300242569888,4.784627245431891,5.679873061225118,5.64101671529756,10.258407770392973,16.306779608479985,73.26251660279888,50.247756600603225,-16.306779608479985,73.26251660279888,381.7146514269985,818.4095323225336,0.3892406187913289,0.8345454689649713,25.413497664388174,2.4109932093158465e-15,0.9687903737243438,0.9812235308029102,faltinsen_ch9_reduced_order_planing,heave_pitch_2x2_v1,FnB=2.82,3.2843166666666663
180,3.1362740013896504,8.903608821925484,1.0030147513975363,6.2642999999999995,0.01,1.2409985465734312,-4.500133823225539,5.2738926627383185,-1.6703431877399535,4.668113304059347,5.532087326038368,5.515459586541786,9.995699486562959,15.417219359296837,72.42600443471534,49.365164264118505,-15.417219359296837,72.42600443471534,370.06118134579475,792.4015805611251,0.37735738641207217,0.8080247388875152,24.66802648911593,1.4852836687207369e-15,0.9690277855297512,0.9813667507677614,faltinsen_ch9_reduced_order_planing,heave_pitch_2x2_v1,FnB=2.82,3.2969999999999997
181,3.1302588350776626,8.875492136342128,0.9991710089155591,6.288398333333332,0.01,1.147362858310362,-4.4104669861231915,5.117159113208769,-1.6979008374700775,4.557264592308934,5.39149187551805,5.395965082463367,9.745769081404665,14.582021171751848,71.64387888361085,48.53688509760104,-14.582021171751848,71.64387888361085,358.9956046279412,767.7167285497802,0.3660736384269258,0.7828531950765859,23.960435252776982,1.0153799128845235e-15,0.9692625072052309,0.9815083419913864,faltinsen_ch9_reduced_order_planing,heave_pitch_2x2_v1,FnB=2.82,3.309683333333333
182,3.1242781466089222,8.847578676343742,0.9953566138669253,6.312496666666666,0.01,1.061663148682278,-4.323321969886454,4.968596991707328,-1.7193781412410734,4.451768356122414,5.2576817380458385,5.282209074413974,9.507900325425618,13.796918064131603,70.91187138799984,47.758650967482225,-13.796918064131603,70.91187138799984,348.48286182728043,744.275094820711,0.35535362415022503,0.7589493811043639,23.288474451369375,5.293825898231385e-16,0.9694945791094817,0.9816483290213479,faltinsen_ch9_reduced_order_planing,heave_pitch_2x2_v1,FnB=2.82,3.3223666666666665
183,3.118331607869109,8.81986618855205,0.9915712314231203,6.336594999999999,0.01,0.9831281802721475,-4.238804444860279,4.827760440857321,-1.7356167673952725,4.351322114095034,5.130266702382098,5.173876106731182,9.281402487057083,13.058030763906515,70.22610108729077,47.02658145736078,-13.058030763906515,70.22610108729077,338.48951949802915,722.0006668628693,0.34516325095524897,0.7362357857809438,22.64999702459352,1.6595095302771987e-15,0.9697240408496772,0.9817867359455401,faltinsen_ch9_reduced_order_planing,heave_pitch_2x2_v1,FnB=2.82,3.33505
184,3.1124188950989056,8.792352453120246,0.9878145318297984,6.360693333333333,0.01,0.9110663071064178,-4.156969401969188,4.694210104731064,-1.747343120244536,4.255635842603617,5.0088737743354175,5.070662166770444,9.06561483281794,12.361831244164932,69.5830383595299,46.33714740499576,-12.361831244164932,69.5830383595299,328.98389346884596,700.8215398817338,0.3354702099787858,0.7146390866215617,22.042966747192818,8.952215241805014e-16,0.9699509312981408,0.9819235864024631,faltinsen_ch9_reduced_order_planing,heave_pitch_2x2_v1,FnB=2.82,3.3477333333333332
185,3.1065396888199612,8.76503528310836,0.984086190311026,6.384791666666667,0.01,0.844857789254755,-4.077832749238765,4.567519159794514,-1.7551842573461143,4.164433288555433,4.893148582694543,4.97227644374121,8.85990923626525,11.7051090965723,68.97947119561167,45.68713727579393,-11.7051090965723,68.97947119561167,319.93610015161204,680.6700005347486,0.326244028441529,0.6940902352329783,21.465461901618653,5.205215236224228e-16,0.9701752886085888,0.9820589035912224,faltinsen_ch9_reduced_order_planing,heave_pitch_2x2_v1,FnB=2.82,3.3604166666666666
186,3.1006936737623865,8.737912523872565,0.9803858869756833,6.4088899999999995,0.01,0.7839475327824503,-4.0013805496699915,4.447277306552469,-1.7596816996231592,4.077452640734532,4.782756017754328,4.878442337137556,8.663691403401756,11.084940774601023,68.41247444370322,45.073626406536846,-11.084940774601023,68.41247444370322,311.3180566004598,661.4825010468459,0.3174560697082692,0.6745244309186582,20.915675581138135,4.485926707621387e-16,0.9703971502319612,0.9821927102812593,faltinsen_ch9_reduced_order_planing,heave_pitch_2x2_v1,FnB=2.82,3.3731
187,3.0948805387937406,8.710982052468069,0.97671330672597,6.432988333333333,0.01,0.7278383562637586,-3.927576358724054,4.333093249416392,-1.7613033610882773,3.9944467359644227,4.677380317861567,4.788897914722348,8.476401100860997,10.498661632882403,67.87938184973768,44.49394904520176,-10.498661632882403,67.87938184973768,303.10344488855236,643.1995577249247,0.30907949696231884,0.6558810171923386,20.391913638468605,3.600431431635434e-16,0.9706165529318462,0.9823250288218662,faltinsen_ch9_reduced_order_planing,heave_pitch_2x2_v1,FnB=2.82,3.3857833333333334
188,3.089099976849485,8.684241777065264,0.9730681391679614,6.457086666666664,0.01,0.676084827037013,-3.856367035334902,4.224596067087979,-1.760453822335399,3.9151829337295814,4.57672476675521,4.703395972525231,8.297511679036852,9.94384062263913,67.37776075393566,43.94567304683474,-9.94384062263913,67.37776075393566,295.26765241474374,625.765599161745,0.3010892123352457,0.6381033269890788,19.89259103813823,7.745024851861736e-16,0.9708335327995137,0.9824558811514028,faltinsen_ch9_reduced_order_planing,heave_pitch_2x2_v1,FnB=2.82,3.398466666666666
189,3.0833516848648523,8.657689636378755,0.9694500785241569,6.481184999999998,0.01,0.6282876726761969,-3.787687329717997,4.121435778637666,-1.7574831589635105,3.8394427600034775,4.480511123909306,4.621703812464707,8.12652910973305,9.41825746626111,66.9053892664202,43.426577048540764,-9.41825746626111,66.9053892664202,287.78769673244113,609.128782770834,0.2934617802536454,0.6211384955829301,19.41622717445432,6.324691945076731e-16,0.9710481252685672,0.9825852888063494,faltinsen_ch9_reduced_order_planing,heave_pitch_2x2_v1,FnB=2.82,3.4111499999999992
190,3.077635363708111,8.631323599108972,0.9658588235479758,6.505283333333332,0.01,0.5840887495732061,-3.721463492853465,4.023283335610417,-1.752694517817057,3.767021395747455,4.388478878995141,4.5436028247633,7.962990702232102,8.919882116866205,66.46023572776892,42.93462992943296,-8.919882116866205,66.46023572776892,280.64214120001486,593.2407932572431,0.2861753414264962,0.6049372550842981,18.9614405677569,1.3272271340090838e-15,0.9712603651292261,0.9827132729300454,faltinsen_ch9_reduced_order_planing,heave_pitch_2x2_v1,FnB=2.82,3.4238333333333326
191,3.071950718115182,8.605141663396008,0.9622940774401437,6.529381666666665,0.01,0.5431665366324587,-3.6576161047315687,3.929830213093194,-1.7463506135956435,3.6977270662001316,4.300384397858635,4.468887940470699,7.806463619177299,8.446856304504621,66.0404402561633,42.46797235720109,-8.446856304504621,66.0404402561633,273.81100601983303,578.0566328332885,0.2792095221302209,0.5894537205195338,18.526943238793972,1.0382779718842151e-15,0.971470286542249,0.9828398542812923,faltinsen_ch9_reduced_order_planing,heave_pitch_2x2_v1,FnB=2.82,3.436516666666666
192,3.0662974566255823,8.5791418562854,0.958755547766925,6.553479999999999,0.01,0.5052321147258801,-3.5960622796070987,3.8407877288414087,-1.7386792979494499,3.6313803723327287,4.216000009385287,4.397367002678564,7.656543281339229,7.997476974858699,65.64429818698943,42.024900227151676,-7.997476974858699,65.64429818698943,267.2756779304722,563.5344101420508,0.27254534212036957,0.5746451745928026,18.11153497612069,5.610451899071455e-16,0.9716779230525069,0.9829650532426623,faltinsen_ch9_reduced_order_planing,heave_pitch_2x2_v1,FnB=2.82,3.4491999999999994
193,3.060675291519655,8.553322233205533,0.9552429463801527,6.5775783333333315,0.01,0.4700255895298038,-3.536717375106866,3.7558861862043824,-1.729878333754795,3.5678135946536833,4.135113068987977,4.328860092249609,7.512851725863358,7.570181435608561,65.27024522006144,41.60384980889137,-7.570181435608561,65.27024522006144,261.01882084236235,549.6351327285944,0.26616512350533805,0.5604718560656232,17.714097647811844,5.044274120976772e-16,0.9718833076022184,0.9830888898286557,faltinsen_ch9_reduced_order_planing,heave_pitch_2x2_v1,FnB=2.82,3.4618833333333328
194,3.0550839387570674,8.527680877456373,0.9517559893390095,6.601676666666665,0.01,0.43731291512507786,-3.479496306738236,3.6748739112889823,-1.7201194894357763,3.506869991080396,4.057525024175351,4.263198834181527,7.375035964132979,7.16353403784899,64.91684410185576,41.20338442804021,-7.16353403784899,64.91684410185576,255.02428898211218,536.3225063245297,0.2600524021782282,0.5468967550840804,17.333589661380103,7.130296177798785e-16,0.9720864725438552,0.9832113836936274,faltinsen_ch9_reduced_order_planing,heave_pitch_2x2_v1,FnB=2.82,3.474566666666666
195,3.0495231179165367,8.502215899709253,0.9482943968335157,6.625774999999999,0.01,0.40688307722717393,-3.424314549026043,3.5975162356748487,-1.709552052208684,3.4484031042216174,3.983050499950391,4.200225703378972,7.242766371521961,6.776214233549382,64.58277268374835,40.82218252396663,-6.776214233549382,64.58277268374835,249.277043574813,523.5627430522228,0.25419184285644236,0.5338854176015488,16.96904064070093,2.064120810716715e-16,0.9722874496527257,0.9833325541395077,faltinsen_ch9_reduced_order_planing,heave_pitch_2x2_v1,FnB=2.82,3.4872499999999995
196,3.043992552136759,8.476925437517426,0.9448578931096814,6.649873333333332,0.01,0.37854559740185467,-3.371088888210756,3.523594461585128,-1.6983058450155954,3.392276088635823,3.911516416037075,4.139793343064148,7.115735130957639,6.407005864043612,64.26681321124454,40.45902693853296,-6.407005864043612,64.26681321124454,243.76307370031765,511.3243798081021,0.24856915837754756,0.5214057601812058,16.619546362944828,3.1699810541793754e-16,0.9724862701392507,0.9834524201233587,faltinsen_ch9_reduced_order_planing,heave_pitch_2x2_v1,FnB=2.82,3.499933333333333
197,3.038491968058509,8.451807654837115,0.9414462063962793,6.673971666666666,0.01,0.3521283226300983,-3.3197379783914447,3.452904835601865,-1.6864938196050923,3.338361065069625,3.842761143668562,4.081763904894895,6.993654744527578,6.0547875482861,63.96784271293808,40.11279530458742,-6.0547875482861,63.96784271293808,238.4693216736275,499.57810747240273,0.2431710336084468,0.509427895838439,16.284263979728458,7.339556338821612e-16,0.9726829646609328,0.9835710002647166,faltinsen_ch9_reduced_order_planing,heave_pitch_2x2_v1,FnB=2.82,3.5126166666666663
198,3.033021095767897,8.426860741558793,0.9380590688331993,6.698069999999999,0.01,0.32747546779569797,-3.2701827425549035,3.385257548934296,-1.674214287571399,3.2865385060443035,3.7766337065334845,4.026008416752512,6.876256621700899,5.718524052721136,63.68482437104893,39.78245141605174,-5.718524052721136,63.68482437104893,233.38361309425724,488.2966111562223,0.23798505411558205,0.49792397113817904,15.96240753316549,3.3061904141588617e-16,0.9728775633340351,0.9836883128527544,faltinsen_ch9_reduced_order_planing,heave_pitch_2x2_v1,FnB=2.82,3.5252999999999997
199,3.02757966874073,8.402082913048451,0.9346962164013428,6.722168333333332,0.01,0.30444588187636507,-3.2223466515798234,3.3204757762416732,-1.6615528420114225,3.2366966552241467,3.7129930281922126,3.972406181858252,6.763289748602472,5.3972585368540535,63.41679976762853,39.467037473692216,-5.3972585368540535,63.41679976762853,228.49459156442123,477.4544213911634,0.23299963959601008,0.4868680144505651,15.653243767906067,5.902309216453633e-16,0.9730700957449718,0.9838043758533006,faltinsen_ch9_reduced_order_planing,heave_pitch_2x2_v1,FnB=2.82,3.537983333333333
200,3.022167423787981,8.377472409698601,0.931357388854021,6.746266666666666,0.01,0.28291151170055806,-3.176155907624748,3.2583947605770174,-1.648584014626953,3.1887309815963283,3.651707226632398,3.9208442111847135,6.654519439800106,5.09010557989015,63.162881911801094,39.165667111942525,-5.09010557989015,63.162881911801094,223.79165797567163,467.0277759582822,0.22820398196700364,0.47623579505568386,15.356088233596994,4.99295729195878e-16,0.9732605909614225,0.9839192069156415,faltinsen_ch9_reduced_order_planing,heave_pitch_2x2_v1,FnB=2.82,3.5506666666666664
201,3.016784101002321,8.353027496488773,0.9280423296498176,6.770364999999999,0.01,0.2627560400154764,-3.1315395529664687,3.198860948770523,-1.6353727064196415,3.1425436684886408,3.5926529554733437,3.8712166898992373,6.549726171955701,4.796244904074058,62.92224896367375,38.877519122410206,-4.796244904074058,62.92224896367375,219.26491419662187,456.99449191613564,0.22358798794350965,0.4660046926484943,15.070301667711554,1.0281453869701316e-15,0.973449077543175,0.9840328233791761,faltinsen_ch9_reduced_order_planing,heave_pitch_2x2_v1,FnB=2.82,3.56335
202,3.0114294437056905,8.328746462555248,0.9247507858868794,6.794463333333333,0.01,0.24387367726125064,-3.0884295210821926,3.141731179218639,-1.6219754244420936,3.098043136748245,3.535714790529441,3.8234244776970097,6.448704497231284,4.514915719640811,62.69413857982863,38.6018317989797,-4.514915719640811,62.69413857982863,214.90511095177035,447.33384730313657,0.2191422258893408,0.4561535767088013,14.795286645819221,5.858714879515089e-16,0.9736355835527063,0.9841452422799211,faltinsen_ch9_reduced_order_planing,heave_pitch_2x2_v1,FnB=2.82,3.576033333333333
203,3.006103198397901,8.304627620769867,0.9214825082386027,6.818561666666666,0.01,0.2261680888497191,-3.0467606433500105,3.086871922365142,-1.6084413522391554,3.055143600926232,3.4807846599120706,3.7773746422658943,6.351262033365147,4.245411624628247,62.477842813647385,38.33789783776166,-4.245411624628247,62.477842813647385,210.7035996566341,438.02647194286897,0.21485787670268047,0.4466626951536652,14.530484484658087,3.1612631847363515e-16,0.9738201365655081,0.9842564803568397,faltinsen_ch9_reduced_order_planing,heave_pitch_2x2_v1,FnB=2.82,3.5887166666666666
204,3.0008051147062247,8.280669307327607,0.9182372508906751,6.8426599999999995,0.01,0.20955144190473515,-3.0064706220064603,3.034158572984448,-1.5948132775151516,3.013764657001649,3.427761315516826,3.7329800247070715,6.257218526715901,3.987076000248834,62.27270351116749,38.08505973258775,-3.987076000248834,62.27270351116749,206.65228796243318,429.05424676166365,0.21072668848427667,0.4375135716699012,14.27537238251148,9.826879759208255e-16,0.9740027636801631,0.9843665540580164,faltinsen_ch9_reduced_order_planing,heave_pitch_2x2_v1,FnB=2.82,3.6014
205,2.9955349453359603,8.256869881342778,0.9150147714794467,6.866758333333333,0.01,0.19394355734657198,-2.9674999778102116,2.9834747925774856,-1.5811283970859706,2.9738308999907592,3.3765498435558334,3.6901588354649624,6.166404984217916,3.739297849166036,62.07810814981673,37.84270561339642,-3.739297849166036,62.07810814981673,202.7435987607433,420.4002110276041,0.2067409347338218,0.42868891112419033,14.029460781136448,3.2806419506356107e-16,0.9741834915281801,0.9844754795466995,faltinsen_ch9_reduced_order_planing,heave_pitch_2x2_v1,FnB=2.82,3.6140833333333333
206,2.9902924460219547,8.23322772445361,0.9118148310315923,6.890856666666664,0.01,0.17927115491053053,-2.9297919791078093,2.9347118996684407,-1.5674190162264836,2.935271569689491,3.3270612117128153,3.6488342791580894,6.078662870027933,3.501508029919762,61.89348607327071,37.61026548075432,-3.501508029919762,61.89348607327071,198.970432402057,412.04847693316896,0.20289337582360645,0.42017251246161424,13.792290933658332,5.532797644024463e-16,0.9743623462835943,0.9845832727071907,faltinsen_ch9_reduced_order_planing,heave_pitch_2x2_v1,FnB=2.82,3.626766666666666
207,2.9850773754810453,8.209741240434994,0.9086371939050345,6.914954999999998,0.01,0.16546718019873033,-2.89329255759402,2.887768305474225,-1.5537131570225295,2.8980202227644765,3.279211850491882,3.608934206620873,5.993843362615981,3.273175845986259,61.718305080920686,37.38720779500025,-3.273175845986259,61.718305080920686,195.3261318900549,403.9841509656046,0.19917722350655415,0.41194918852575,13.563432663304647,7.149214180028392e-16,0.974539353672338,0.9846899491505705,faltinsen_ch9_reduced_order_planing,heave_pitch_2x2_v1,FnB=2.82,3.639449999999999
208,2.979889495365424,8.186408854819254,0.9054816277311009,6.939053333333332,0.01,0.1524702041924775,-2.857950214936045,2.842548992251445,-1.5400350882147313,2.8620144294219556,3.232923266377082,3.5703907924426237,5.911806668123542,3.0538059525956953,61.55206833507526,37.1730363831345,-3.0538059525956953,61.55206833507526,191.8044508240638,396.1932615365925,0.19558610822662562,0.404004692261468,13.342482298497051,1.1177273602772183e-15,0.9747145389813898,0.9847955242203412,faltinsen_ch9_reduced_order_planing,heave_pitch_2x2_v1,FnB=2.82,3.6521333333333326
209,2.9747285702168766,8.163229014524681,0.9023479033578791,6.963151666666665,0.01,0.14022388682013426,-2.8237159235312213,2.7989650315658245,-1.5264057872190977,2.827195492929119,3.188121684500802,3.5331402363067994,5.832421385945913,2.842935548540879,61.394311553130564,36.96728763068819,-2.842935548540879,61.394311553130564,188.3995238745053,388.6626923733714,0.1921140490121553,0.3963256487927798,13.129060770585003,7.360349090668264e-16,0.974887927067706,0.9849000129978634,faltinsen_ch9_reduced_order_planing,heave_pitch_2x2_v1,FnB=2.82,3.664816666666666
210,2.9695943674219034,8.140200187491692,0.8992357947947458,6.987249999999999,0.01,0.12867649719923835,-2.7905430239490565,2.756933139746207,-1.5128433434788415,2.793508190330254,3.1447377186244196,3.497122486479999,5.755563922674708,2.640131823841841,61.244600455574556,36.769527929437515,-2.640131823841841,61.244600455574556,185.10583958943002,381.38012120572404,0.18875542574623347,0.38889949290096426,12.922811861330503,3.5725883394962014e-16,0.9750595423669429,0.9850034303077331,faltinsen_ch9_reduced_order_planing,heave_pitch_2x2_v1,FnB=2.82,3.6774999999999993
211,2.9644866571676767,8.117320862326403,0.8961450791580394,7.0113483333333315,0.01,0.11778048406886826,-2.7583871210328974,2.7163752678543784,-1.499363310999496,2.760900532780501,3.102706066352776,3.4622809838646664,5.681117950739568,2.4449896373467084,61.102528443906635,36.5793513550436,-2.4449896373467084,61.102528443906635,181.91821534377755,374.33396331565956,0.1855049536220601,0.3817144114612631,12.72340058810749,7.740700913790555e-16,0.975229408901972,0.9851057907229794,faltinsen_ch9_reduced_order_planing,heave_pitch_2x2_v1,FnB=2.82,3.6901833333333327
212,2.95940521239884,8.094589547951468,0.8930755366178486,7.035446666666665,0.01,0.10749209071364382,-2.727205980177632,2.6772182236070132,-1.4859790168114297,2.729323544009143,3.0619652276303455,3.4285624251071334,5.608973908307035,2.2571294011908094,60.96771448539536,36.396377551541065,-2.2571294011908094,60.96771448539536,178.8317742565158,367.5133195486371,0.18235765960497807,0.37475929042908346,12.5305117156293,7.190765117556615e-16,0.9753975502911976,0.985207108570167,faltinsen_ch9_reduced_order_planing,heave_pitch_2x2_v1,FnB=2.82,3.702866666666666
213,2.9543498087751114,8.072004773263988,0.8900269503458915,7.059544999999999,0.01,0.09777100936805945,-2.6969594249334596,2.6393933228129973,-1.4727018311593933,2.6987310555166975,3.022457244695128,3.395916543336704,5.539028537217579,2.0761951515496833,60.83980118411063,36.22024980211063,-2.0761951515496833,60.83980118411063,175.84192391394217,360.90792841604133,0.1793088607362781,0.36802366599811487,12.343848383850402,1.1508329094255634e-15,0.9755639897566789,0.9853073979343825,faltinsen_ch9_reduced_order_planing,heave_pitch_2x2_v1,FnB=2.82,3.7155499999999995
214,2.949320224629683,8.049565086800321,0.8869991064644589,7.083643333333332,0.01,0.08858007069119588,-2.66760923679408,2.6028360680291125,-1.4595414044130453,2.6690795172030284,2.9841274617933555,3.3642959051987797,5.471184455963765,1.9018527873463142,60.71845301989191,36.050633267797195,-1.9018527873463142,60.71845301989191,172.9443367500046,354.5081219480254,0.17635414412669426,0.3614976795827581,12.163130842486073,4.714520859509549e-16,0.9757287501320633,0.9854066726640683,faltinsen_ch9_reduced_order_planing,heave_pitch_2x2_v1,FnB=2.82,3.728233333333333
215,2.944316240928399,8.027269056407665,0.8839917939963942,7.107741666666666,0.01,0.07988496442806443,-2.639119057796501,2.5674858522832564,-1.4465058750045523,2.640327822215712,2.946924303082345,3.333655722933516,5.405349764930109,1.7337884605416605,60.60335473888139,35.88721337780203,-1.7337884605416605,60.60335473888139,170.13493194646892,348.3047849836702,0.17348934849971084,0.3551720363056398,11.988095283354042,5.206717330529871e-16,0.9758918538703354,0.9855049463758024,faltinsen_ch9_reduced_order_planing,heave_pitch_2x2_v1,FnB=2.82,3.7409166666666662
216,2.9393376412296894,8.00511526892221,0.8810048048160906,7.131839999999999,0.01,0.0716539878342902,-2.6114542963758436,2.533285685860679,-1.433602052110677,2.6124371448960084,2.9107990672670203,3.3039536803373606,5.341437681322547,1.5717071033809873,60.49420988099618,35.729694356722945,-1.5717071033809873,60.49420988099618,167.40985872692883,342.2893176113131,0.17071054715619385,0.34903796669740755,11.818492762455364,2.6436867190524654e-16,0.9760533230513873,0.9856022324588984,faltinsen_ch9_reduced_order_planing,heave_pitch_2x2_v1,FnB=2.82,3.7535999999999996
217,2.934384211645249,7.9831023298537325,0.8780379336014755,7.155938333333332,0.01,0.06385781884399117,-2.5845820367744534,2.500181944293473,-1.4208355762933242,2.5853707907850847,2.8757057376289175,3.2751497715292843,5.279366201414577,1.415331079512697,60.39073943125669,35.577797875659144,-1.415331079512697,60.39073943125669,164.7654809291598,336.4536004961516,0.16801403224256992,0.3430871913407245,11.654088204379724,8.011028735430408e-16,0.976213179389413,0.9856985440799527,faltinsen_ch9_reduced_order_planing,heave_pitch_2x2_v1,FnB=2.82,3.766283333333333
218,2.9294557408014428,7.961228863076485,0.875090977786964,7.180036666666666,0.01,0.05646931131400952,-2.5584709521908438,2.468124135832902,-1.4082110608803593,2.559094057733049,2.841600806212353,3.2472061515232817,5.219057787923459,1.2643989472703367,60.29268058326207,35.43126181547109,-1.2643989472703367,60.29268058326207,162.19836275001077,330.78996285457464,0.16539630021466126,0.3373118882131764,11.494659482240749,3.2937244583678595e-16,0.976371444240135,0.9857938941872708,faltinsen_ch9_reduced_order_planing,heave_pitch_2x2_v1,FnB=2.82,3.7789666666666664
219,2.92455201980142,7.9394935105262086,0.8721637375173545,7.204134999999999,0.01,0.04946330998696442,-2.533091221765531,2.437064686817181,-1.3957322164979735,2.5335741072288487,2.8084431110317456,3.2200869976847235,5.160439080504742,1.118664324618976,60.199785604314826,35.289839131698216,-1.118664324618976,60.199785604314826,159.7052555660063,325.29115285530264,0.16285403839844015,0.3317046625048336,11.339996566920592,2.600129941325798e-16,0.976528138607863,0.9858882955151819,faltinsen_ch9_reduced_order_planing,heave_pitch_2x2_v1,FnB=2.82,3.7916499999999997
220,2.919672842187925,7.917894931903156,0.8692560156026489,7.228233333333333,0.01,0.042816483087336335,-2.508414451432487,2.406958743473512,-1.383401960847167,2.508779845139727,2.7761936852567355,3.1937583812198533,5.103440627516873,0.977894846352541,60.11182079278254,35.15329681172054,-0.977894846352541,60.11182079278254,157.28308574112015,319.95031024643237,0.1603841125574178,0.32625851870560524,11.189900739932714,5.762972255934286e-16,0.976683283152393,0.9859817605882506,faltinsen_ch9_reduced_order_planing,heave_pitch_2x2_v1,FnB=2.82,3.804333333333333
221,2.9148180039067895,7.896431804380976,0.8663676174737716,7.252331666666666,0.01,0.0365071707029691,-2.48441359861239,2.3777639888110884,-1.3712225155427646,2.4846818111144335,2.7448156174173604,3.1681881479145395,5.047996637358666,0.8418712050865622,60.02856551924026,35.02141491570899,-0.8418712050865622,60.02856551924026,154.92894334077147,314.76094102486525,0.15798355538412348,0.3209668347752446,11.04418386469829,4.094553978705795e-16,0.976836898195748,0.9860743017254217,faltinsen_ch9_reduced_order_planing,heave_pitch_2x2_v1,FnB=2.82,3.8170166666666665
222,2.9099873032710875,7.8751028223213115,0.8634983511391694,7.2764299999999995,0.01,0.03051524731378413,-2.4610629006841216,2.3494404733718954,-1.3591954915969848,2.4612520759650693,2.7142739217506264,3.143345807400585,4.994044747822068,0.7103862684452338,59.94981134379418,34.89398569376414,-0.7103862684452338,59.94981134379418,152.64007167805826,309.71689398051296,0.1556495558402291,0.31582333822509523,10.902667711477795,8.1149277727847365e-16,0.976989003728768,0.9861659310440388,faltinsen_ch9_reduced_order_planing,heave_pitch_2x2_v1,FnB=2.82,3.8297
223,2.905180540925943,7.853906696994002,0.8606480271422712,7.300528333333333,0.01,0.02482199701364443,-2.4383378071416932,2.321950458708576,-1.3473219649257342,2.438464146398775,2.6845354178830103,3.1192024302859847,4.941525812032042,0.5832442656042929,59.875361202748365,34.77081277240464,-0.5832442656042929,59.875361202748365,150.4138576246308,304.8123389622617,0.15337944927638983,0.31082208395554217,10.765183331608629,3.903562752559958e-16,0.9771396194175471,0.986256660463776,faltinsen_ch9_reduced_order_planing,heave_pitch_2x2_v1,FnB=2.82,3.8423833333333333
224,2.9003975198139753,7.832842156302746,0.8578164585197862,7.324626666666666,0.01,0.0194100001332624,-2.416214915322471,2.2952582725530926,-1.3356025430797056,2.4162928765222045,2.655568619110488,3.095730552538979,4.890383699663939,0.4602600370278651,59.8050286584531,34.65171040424411,-0.4602600370278651,59.8050286584531,148.2478226244325,300.0417467259513,0.15117070826880996,0.30595743370666983,10.631570477073149,1.7875156375775025e-16,0.9772887646097302,0.9863465017105202,faltinsen_ch9_reduced_order_planing,heave_pitch_2x2_v1,FnB=2.82,3.8550666666666666
225,2.89563804514137,7.8119079445161095,0.8550034607608242,7.348724999999998,0.01,0.01426303011484068,-2.3946719095775197,2.2693301747270405,-1.324037424249759,2.394714385589167,2.627343628599159,3.0729040865650057,4.840565112237413,0.34125834184499126,59.738637206780965,34.53650277530258,-0.34125834184499126,59.738637206780965,146.13961435384576,295.39987023672376,0.14902093411495848,0.30122403699196343,10.501677061762962,7.576984111002313e-16,0.9774364583406636,0.9864354663200927,faltinsen_ch9_reduced_order_planing,heave_pitch_2x2_v1,FnB=2.82,3.867749999999999
226,2.8909019243445537,7.7911028220037455,0.8522088517668159,7.372823333333331,0.01,0.009365959614942231,-2.373687503745474,2.244134232924873,-1.3126264494643314,2.3737059815059087,2.5998320428863564,3.050698238461539,4.792019411386594,0.22607321785014278,59.67601963721586,34.42502336493638,-0.22607321785014278,59.67601963721586,144.08699897665355,290.881727309177,0.1469278489358278,0.2966168133961924,10.375358661117073,1.2525743075481854e-15,0.9775827193394108,0.9865235656419501,faltinsen_ch9_reduced_order_planing,heave_pitch_2x2_v1,FnB=2.82,3.8804333333333325
227,2.8861889670574743,7.77042556497773,0.8494324518122184,7.396921666666665,0.01,0.004704674923242213,-2.3532413867852933,2.2196402075747352,-1.3013691487819206,2.3532460896483616,2.5730068621136235,3.0290894309774155,4.744698459097317,0.11454738959750443,59.61701744102473,34.317114353857505,-0.11454738959750443,59.61701744102473,142.08785394663815,286.48258447878567,0.14488928833662684,0.2921309361288367,10.25247804709573,5.573602557620117e-16,0.9777275660346328,0.98661081084278,faltinsen_ch9_reduced_order_planing,heave_pitch_2x2_v1,FnB=2.82,3.893116666666666
228,2.881498985079462,7.749874965238878,0.8466740835059854,7.421019999999999,0.01,0.0002659978829140569,-2.333314171420676,2.195819445049125,-1.2902647821823672,2.3333141865825593,2.546842406470404,3.0080552317418365,4.698556468986252,0.006531720490556836,59.56148026341435,34.21262607614358,-0.006531720490556836,59.56148026341435,140.14016131467318,282.1979420072139,0.14290319458191453,0.2877618167337612,10.132904755710824,4.749185499074673e-16,0.9778710165603374,0.9866972129100016,faltinsen_ch9_reduced_order_planing,heave_pitch_2x2_v1,FnB=2.82,3.9057999999999993
229,2.8768317923436637,7.729449829927928,0.8439335717537851,7.4451183333333315,0.01,-0.003962385414736996,-2.3138873456487756,2.1726447785594125,-1.2793123757742624,2.313890738313223,2.521314238370669,2.987574286363683,4.65354986777371,-0.09811529484386483,59.509265395962444,34.111416511527636,0.09811529484386483,59.509265395962444,138.24200150084732,278.02351993249465,0.14096761024493315,0.28350509086435705,10.016514684569671,2.5256874373541757e-16,0.9780130887615011,0.986782782655229,faltinsen_ch9_reduced_order_planing,heave_pitch_2x2_v1,FnB=2.82,3.9184833333333327
230,2.872187204886036,7.709148981281503,0.8412107437209507,7.469216666666665,0.01,-0.007991989811913413,-2.294943226967209,2.1500904361246285,-1.268510753860451,2.294957142716138,2.496399089924166,2.9676262560339817,4.60963716617173,-0.19952800125923886,59.46023730596198,34.01335081460684,0.19952800125923886,59.46023730596198,136.3915474954924,273.9552450826154,0.13908067229430277,0.27935660504108484,9.90318971810495,4.689259109410613e-16,0.9781538001995659,0.9868675307175929,faltinsen_ch9_reduced_order_planing,heave_pitch_2x2_v1,FnB=2.82,3.931166666666666
231,2.8675650408148927,7.688971256392728,0.8385054287961453,7.493314999999998,0.01,-0.011833590724647297,-2.276464919176604,2.128131955056657,-1.2578585673382288,2.2764956758384542,2.472074795300387,2.948191759294369,4.566778838473684,-0.29783401992210656,59.41426719962675,33.918300877917545,0.29783401992210656,59.41426719962675,134.58705945605186,269.98923897798466,0.1372406065843605,0.2753124043154234,9.79281737835863,8.228173349127775e-16,0.9782931681578164,0.9869514675670633,faltinsen_ch9_reduced_order_planing,heave_pitch_2x2_v1,FnB=2.82,3.9438499999999994
232,2.8629651202809825,7.6689155069764015,0.835817458555725,7.517413333333332,0.01,-0.015497278763747483,-2.258436271619607,2.106746102450946,-1.2473543188534035,2.25848944177655,2.4483202276161693,2.929252317661341,4.524937210189743,-0.3931546540436557,59.37123261638965,33.826144926108384,0.3931546540436557,59.37123261638965,132.82687966948768,266.12180655450913,0.13544572271824498,0.2713687207706089,9.685290499366973,3.26454758179309e-16,0.9784312096466371,0.9870346035076378,faltinsen_ch9_reduced_order_planing,heave_pitch_2x2_v1,FnB=2.82,3.956533333333333
233,2.8583872654480973,7.6489805991386195,0.8331466667287863,7.541511666666666,0.01,-0.018992509804644193,-2.2408418407222173,2.085910801214993,-1.2369963850775998,2.2409223258649584,2.4251152400082816,2.910790304821237,4.484076353126609,-0.4856052660286423,59.331017051775405,33.73676713869236,0.4856052660286423,59.331017051775405,131.1094278524656,262.3494256447638,0.13369440925541912,0.2675219627954131,9.580506923356651,1.1470697236933448e-15,0.9785679414086542,0.98711694868049,faltinsen_ch9_reduced_order_planing,heave_pitch_2x2_v1,FnB=2.82,3.969216666666666
234,2.853831300464197,7.629165413150766,0.8304928891628814,7.565609999999999,0.01,-0.022328150926646046,-2.223666853708389,2.0656050612060697,-1.226783036434381,2.2237789509313126,2.4024406105798515,2.8927888991336923,4.444161987358628,-0.575295628332043,59.29350960655714,33.65005729908782,0.575295628332043,59.29350960655714,129.433196763859,258.66873715993694,0.13198512923766934,0.26376870507251404,9.478369217109924,3.147817139351191e-16,0.9787033799237668,0.9871985130670543,faltinsen_ch9_reduced_order_planing,heave_pitch_2x2_v1,FnB=2.82,3.9818999999999996
235,2.8492970514330342,7.60946884322775,0.8278559637903855,7.589708333333332,0.01,-0.02551252259967783,-2.2068971743643444,2.0458089150854217,-1.2167124545615076,2.207044636392007,2.380277990934689,2.875232039202147,4.405161389582161,-0.662330250110216,59.258604660111445,33.56591046786252,0.662330250110216,59.258604660111445,127.79674810621125,255.0765359199773,0.13031641600975996,0.2601056792278477,9.378784406992462,3.125399830729359e-16,0.9788375414140663,0.9872793064920022,faltinsen_ch9_reduced_order_planing,heave_pitch_2x2_v1,FnB=2.82,3.994583333333333
236,2.8447843463862776,7.589889797310427,0.8252357305955043,7.613806666666665,0.01,-0.028553437458697633,-2.190519270734896,2.0265033585290073,-1.2067827477632254,2.1907053599814943,2.3586098580367856,2.858104382289376,4.367043307386312,-0.7468086815678703,59.22620156606956,33.484226678278105,0.7468086815678703,59.22620156606956,126.19870869472216,251.56976208372294,0.12868686931288684,0.2565297650917724,9.28166373126078,9.0485220561875e-16,0.978970441848651,0.9873593386262198,faltinsen_ch9_reduced_order_planing,heave_pitch_2x2_v1,FnB=2.82,4.007266666666666
237,2.8402930152561168,7.5704271968520676,0.8226320315819046,7.637904999999999,0.01,-0.03145823597224226,-2.1745201846395417,2.007670294464445,-1.19699196467685,2.174747721924378,2.3374194691530863,2.8413912653732636,4.329777879009976,-0.8288257977359876,59.19620436853137,33.404910652401895,0.8288257977359876,59.19620436853137,124.63776687405557,248.14549313469905,0.12709515163083784,0.2530379825268559,9.186922408378628,3.311773121781517e-16,0.9791020969483345,0.9874386189896579,faltinsen_ch9_reduced_order_planing,heave_pitch_2x2_v1,FnB=2.82,4.01995
238,2.8358228898483437,7.55107997660885,0.8200447107409576,7.662003333333333,0.01,-0.034233819281425874,-2.158887502902138,1.9892924810312793,-1.187338106352302,2.1591589113748952,2.3166908196571794,2.8250786686544394,4.293336558190003,-0.9084720632646963,59.16852153725728,33.32787153620043,0.9084720632646963,59.16852153725728,123.11266916487938,244.80093638191366,0.12553998477041536,0.24962748378081573,9.0944794201748,2.586132641311139e-16,0.9792325221902529,0.9875171569541409,faltinsen_ch9_reduced_order_planing,heave_pitch_2x2_v1,FnB=2.82,4.032633333333333
239,2.8313738038158967,7.53184708443422,0.8174736140205778,7.686101666666666,0.01,-0.036886679458795306,-2.1436093301933985,1.9713534829863584,-1.17781913692039,2.143926674962016,2.2964086034890085,2.8091531813419515,4.257692043736154,-0.9858337796798367,59.14306572039041,33.25302265216749,0.9858337796798367,59.14306572039041,121.62221712349006,241.53342193823352,0.12402014665914463,0.24629554632645553,9.004257308768064,3.3106355854197827e-16,0.9793617328123744,0.987594961746145,faltinsen_ch9_reduced_order_planing,heave_pitch_2x2_v1,FnB=2.82,4.0453166666666664
240,2.8269455926328595,7.512727481077079,0.8149185892946469,7.7101999999999995,0.01,-0.03942292741232968,-2.128674263391014,1.9538376262988437,-1.1684329930056516,2.1290392872911093,2.2765581760818776,2.793601969556681,4.222818213497299,-1.0609933164265897,59.119753513385064,33.18028126816262,1.0609933164265897,59.119753513385064,120.16526439921039,238.3403961419342,0.1225344683446543,0.2430395661535124,8.916181986271232,6.564043378808832e-16,0.9794897438179098,0.9876720424494769,faltinsen_ch9_reduced_order_planing,heave_pitch_2x2_v1,FnB=2.82,4.058
