                                                                        S      1
1H,,1H;,,                                                               G      1
53HC:\Users\maaf\Desktop\ow3d_grids\flexbarge\pbarge.igs,               G      2
26HRhinoceros ( Feb  3 2021 ),31HTrout Lake IGES 012 Feb  3 2021,       G      3
32,38,6,308,15,                                                         G      4
,                                                                       G      5
1.0D0,6,1HM,1,0.000254D0,13H220302.160217,                              G      6
1D-06,                                                                  G      7
40.04000744613444D0,                                                    G      8
,                                                                       G      9
,                                                                       G     10
10,0,13H220302.160217;                                                  G     11
     314       1       0       0       0       0       0       000000200D      1
     314       0       1       1       0       0       0   COLOR       0D      2
     406       2       0       0       1       0       0       000000300D      3
     406       0      -1       1       3       0       0LEVELDEF       0D      4
     128       3       0       0       1       0       0       000000000D      5
     128       0      -1     314       0       0       0 TrimSrf       0D      6
     128     317       0       0       1       0       0       000000000D      7
     128       0      -1     478       0       0       0 TrimSrf       0D      8
     128     795       0       0       1       0       0       000000000D      9
     128       0      -1     314       0       0       0 TrimSrf       0D     10
     128    1109       0       0       1       0       0       000000000D     11
     128       0      -1     314       0       0       0 TrimSrf       0D     12
     128    1423       0       0       1       0       0       000010000D     13
     128       0      -1       7       8       0       0 TrimSrf       0D     14
     126    1430       0       0       1       0       0       000010500D     15
     126       0      -1       4       1       0       0 TrimBnd       1D     16
     126    1434       0       0       1       0       0       000010500D     17
     126       0      -1       7       1       0       0 TrimBnd       2D     18
     126    1441       0       0       1       0       0       000010500D     19
     126       0      -1       7       1       0       0 TrimBnd       3D     20
     126    1448       0       0       1       0       0       000010500D     21
     126       0      -1       4       1       0       0 TrimBnd       4D     22
     102    1452       0       0       1       0       0       000010500D     23
     102       0      -1       1       0       0       02D CURVE       0D     24
     126    1453       0       0       1       0       0       000010000D     25
     126       0      -1       6       1       0       0 TrimBnd       1D     26
     126    1459       0       0       1       0       0       000010000D     27
     126       0      -1       9       1       0       0 TrimBnd       2D     28
     126    1468       0       0       1       0       0       000010000D     29
     126       0      -1       9       1       0       0 TrimBnd       3D     30
     126    1477       0       0       1       0       0       000010000D     31
     126       0      -1       5       1       0       0 TrimBnd       4D     32
     102    1482       0       0       1       0       0       000010000D     33
     102       0      -1       1       0       0       03D CURVE       0D     34
     142    1483       0       0       1       0       0       000010000D     35
     142       0      -1       1       0       0       0 TrimBnd       1D     36
     144    1484       0       0       1       0       0       000000000D     37
     144       0      -1       1       0       0       0 TrimSrf       0D     38
     128    1485       0       0       1       0       0       000010000D     39
     128       0      -1      20       0       0       0 TrimSrf       0D     40
     126    1505       0       0       1       0       0       000010500D     41
     126       0      -1       4       1       0       0 TrimBnd       1D     42
     126    1509       0       0       1       0       0       000010500D     43
     126       0      -1       3       1       0       0 TrimBnd       2D     44
     126    1512       0       0       1       0       0       000010500D     45
     126       0      -1       5       1       0       0 TrimBnd       3D     46
     126    1517       0       0       1       0       0       000010500D     47
     126       0      -1       4       1       0       0 TrimBnd       4D     48
     102    1521       0       0       1       0       0       000010500D     49
     102       0      -1       1       0       0       02D CURVE       0D     50
     126    1522       0       0       1       0       0       000010000D     51
     126       0      -1       9       1       0       0 TrimBnd       1D     52
     126    1531       0       0       1       0       0       000010000D     53
     126       0      -1       6       2       0       0 TrimBnd       2D     54
     126    1537       0       0       1       0       0       000010000D     55
     126       0      -1      10       1       0       0 TrimBnd       3D     56
     126    1547       0       0       1       0       0       000010000D     57
     126       0      -1       7       2       0       0 TrimBnd       4D     58
     102    1554       0       0       1       0       0       000010000D     59
     102       0      -1       1       0       0       03D CURVE       0D     60
     142    1555       0       0       1       0       0       000010000D     61
     142       0      -1       1       0       0       0 TrimBnd       1D     62
     144    1556       0       0       1       0       0       000000000D     63
     144       0      -1       1       0       0       0 TrimSrf       0D     64
     128    1557       0       0       1       0       0       000010000D     65
     128       0      -1       7       8       0       0 TrimSrf       0D     66
     126    1564       0       0       1       0       0       000010500D     67
     126       0      -1       7       1       0       0 TrimBnd       1D     68
     126    1571       0       0       1       0       0       000010500D     69
     126       0      -1       6       1       0       0 TrimBnd       2D     70
     126    1577       0       0       1       0       0       000010500D     71
     126       0      -1       3       1       0       0 TrimBnd       3D     72
     126    1580       0       0       1       0       0       000010500D     73
     126       0      -1       5       1       0       0 TrimBnd       4D     74
     102    1585       0       0       1       0       0       000010500D     75
     102       0      -1       1       0       0       02D CURVE       0D     76
     126    1586       0       0       1       0       0       000010000D     77
     126       0      -1       9       1       0       0 TrimBnd       1D     78
     126    1595       0       0       1       0       0       000010000D     79
     126       0      -1       8       1       0       0 TrimBnd       2D     80
     126    1603       0       0       1       0       0       000010000D     81
     126       0      -1       4       1       0       0 TrimBnd       3D     82
     126    1607       0       0       1       0       0       000010000D     83
     126       0      -1       6       1       0       0 TrimBnd       4D     84
     102    1613       0       0       1       0       0       000010000D     85
     102       0      -1       1       0       0       03D CURVE       0D     86
     142    1614       0       0       1       0       0       000010000D     87
     142       0      -1       1       0       0       0 TrimBnd       1D     88
     144    1615       0       0       1       0       0       000000000D     89
     144       0      -1       1       0       0       0 TrimSrf       0D     90
     128    1616       0       0       1       0       0       000010000D     91
     128       0      -1      18       0       0       0 TrimSrf       0D     92
     126    1634       0       0       1       0       0       000010500D     93
     126       0      -1       4       1       0       0 TrimBnd       1D     94
     126    1638       0       0       1       0       0       000010500D     95
     126       0      -1       3       1       0       0 TrimBnd       2D     96
     126    1641       0       0       1       0       0       000010500D     97
     126       0      -1       4       1       0       0 TrimBnd       3D     98
     126    1645       0       0       1       0       0       000010500D     99
     126       0      -1       3       1       0       0 TrimBnd       4D    100
     102    1648       0       0       1       0       0       000010500D    101
     102       0      -1       1       0       0       02D CURVE       0D    102
     126    1649       0       0       1       0       0       000010000D    103
     126       0      -1       8       1       0       0 TrimBnd       1D    104
     126    1657       0       0       1       0       0       000010000D    105
     126       0      -1       6       2       0       0 TrimBnd       2D    106
     126    1663       0       0       1       0       0       000010000D    107
     126       0      -1       8       1       0       0 TrimBnd       3D    108
     126    1671       0       0       1       0       0       000010000D    109
     126       0      -1       6       2       0       0 TrimBnd       4D    110
     102    1677       0       0       1       0       0       000010000D    111
     102       0      -1       1       0       0       03D CURVE       0D    112
     142    1678       0       0       1       0       0       000010000D    113
     142       0      -1       1       0       0       0 TrimBnd       1D    114
     144    1679       0       0       1       0       0       000000000D    115
     144       0      -1       1       0       0       0 TrimSrf       0D    116
     128    1680       0       0       1       0       0       000010000D    117
     128       0      -1       7       8       0       0 TrimSrf       0D    118
     126    1687       0       0       1       0       0       000010500D    119
     126       0      -1       4       1       0       0 TrimBnd       1D    120
     126    1691       0       0       1       0       0       000010500D    121
     126       0      -1       6       1       0       0 TrimBnd       2D    122
     126    1697       0       0       1       0       0       000010500D    123
     126       0      -1       8       1       0       0 TrimBnd       3D    124
     126    1705       0       0       1       0       0       000010500D    125
     126       0      -1       4       1       0       0 TrimBnd       4D    126
     102    1709       0       0       1       0       0       000010500D    127
     102       0      -1       1       0       0       02D CURVE       0D    128
     126    1710       0       0       1       0       0       000010000D    129
     126       0      -1       5       1       0       0 TrimBnd       1D    130
     126    1715       0       0       1       0       0       000010000D    131
     126       0      -1       9       1       0       0 TrimBnd       2D    132
     126    1724       0       0       1       0       0       000010000D    133
     126       0      -1       9       1       0       0 TrimBnd       3D    134
     126    1733       0       0       1       0       0       000010000D    135
     126       0      -1       5       1       0       0 TrimBnd       4D    136
     102    1738       0       0       1       0       0       000010000D    137
     102       0      -1       1       0       0       03D CURVE       0D    138
     142    1739       0       0       1       0       0       000010000D    139
     142       0      -1       1       0       0       0 TrimBnd       1D    140
     144    1740       0       0       1       0       0       000000000D    141
     144       0      -1       1       0       0       0 TrimSrf       0D    142
     128    1741       0       0       1       0       0       000010000D    143
     128       0      -1      19       0       0       0 TrimSrf       0D    144
     126    1760       0       0       1       0       0       000010500D    145
     126       0      -1       4       1       0       0 TrimBnd       1D    146
     126    1764       0       0       1       0       0       000010500D    147
     126       0      -1       4       1       0       0 TrimBnd       2D    148
     126    1768       0       0       1       0       0       000010500D    149
     126       0      -1       3       1       0       0 TrimBnd       3D    150
     126    1771       0       0       1       0       0       000010500D    151
     126       0      -1       4       1       0       0 TrimBnd       4D    152
     102    1775       0       0       1       0       0       000010500D    153
     102       0      -1       1       0       0       02D CURVE       0D    154
     126    1776       0       0       1       0       0       000010000D    155
     126       0      -1       7       2       0       0 TrimBnd       1D    156
     126    1783       0       0       1       0       0       000010000D    157
     126       0      -1       8       1       0       0 TrimBnd       2D    158
     126    1791       0       0       1       0       0       000010000D    159
     126       0      -1       6       2       0       0 TrimBnd       3D    160
     126    1797       0       0       1       0       0       000010000D    161
     126       0      -1       8       1       0       0 TrimBnd       4D    162
     102    1805       0       0       1       0       0       000010000D    163
     102       0      -1       1       0       0       03D CURVE       0D    164
     142    1806       0       0       1       0       0       000010000D    165
     142       0      -1       1       0       0       0 TrimBnd       1D    166
     144    1807       0       0       1       0       0       000000000D    167
     144       0      -1       1       0       0       0 TrimSrf       0D    168
     128    1808       0       0       1       0       0       000010000D    169
     128       0      -1       7       8       0       0 TrimSrf       0D    170
     126    1815       0       0       1       0       0       000010500D    171
     126       0      -1       4       1       0       0 TrimBnd       1D    172
     126    1819       0       0       1       0       0       000010500D    173
     126       0      -1       7       1       0       0 TrimBnd       2D    174
     126    1826       0       0       1       0       0       000010500D    175
     126       0      -1       7       1       0       0 TrimBnd       3D    176
     126    1833       0       0       1       0       0       000010500D    177
     126       0      -1       4       1       0       0 TrimBnd       4D    178
     102    1837       0       0       1       0       0       000010500D    179
     102       0      -1       1       0       0       02D CURVE       0D    180
     126    1838       0       0       1       0       0       000010000D    181
     126       0      -1       5       1       0       0 TrimBnd       1D    182
     126    1843       0       0       1       0       0       000010000D    183
     126       0      -1       9       1       0       0 TrimBnd       2D    184
     126    1852       0       0       1       0       0       000010000D    185
     126       0      -1       9       1       0       0 TrimBnd       3D    186
     126    1861       0       0       1       0       0       000010000D    187
     126       0      -1       5       1       0       0 TrimBnd       4D    188
     102    1866       0       0       1       0       0       000010000D    189
     102       0      -1       1       0       0       03D CURVE       0D    190
     142    1867       0       0       1       0       0       000010000D    191
     142       0      -1       1       0       0       0 TrimBnd       1D    192
     144    1868       0       0       1       0       0       000000000D    193
     144       0      -1       1       0       0       0 TrimSrf       0D    194
     128    1869       0       0       1       0       0       000010000D    195
     128       0      -1      20       0       0       0 TrimSrf       0D    196
     126    1889       0       0       1       0       0       000010500D    197
     126       0      -1       4       1       0       0 TrimBnd       1D    198
     126    1893       0       0       1       0       0       000010500D    199
     126       0      -1       5       1       0       0 TrimBnd       2D    200
     126    1898       0       0       1       0       0       000010500D    201
     126       0      -1       3       1       0       0 TrimBnd       3D    202
     126    1901       0       0       1       0       0       000010500D    203
     126       0      -1       4       1       0       0 TrimBnd       4D    204
     102    1905       0       0       1       0       0       000010500D    205
     102       0      -1       1       0       0       02D CURVE       0D    206
     126    1906       0       0       1       0       0       000010000D    207
     126       0      -1       7       2       0       0 TrimBnd       1D    208
     126    1913       0       0       1       0       0       000010000D    209
     126       0      -1       9       1       0       0 TrimBnd       2D    210
     126    1922       0       0       1       0       0       000010000D    211
     126       0      -1       6       2       0       0 TrimBnd       3D    212
     126    1928       0       0       1       0       0       000010000D    213
     126       0      -1       9       1       0       0 TrimBnd       4D    214
     102    1937       0       0       1       0       0       000010000D    215
     102       0      -1       1       0       0       03D CURVE       0D    216
     142    1938       0       0       1       0       0       000010000D    217
     142       0      -1       1       0       0       0 TrimBnd       1D    218
     144    1939       0       0       1       0       0       000000000D    219
     144       0      -1       1       0       0       0 TrimSrf       0D    220
     128    1940       0       0       1       0       0       000010000D    221
     128       0      -1       7       8       0       0 TrimSrf       0D    222
     126    1947       0       0       1       0       0       000010500D    223
     126       0      -1       4       1       0       0 TrimBnd       1D    224
     126    1951       0       0       1       0       0       000010500D    225
     126       0      -1       3       1       0       0 TrimBnd       2D    226
     126    1954       0       0       1       0       0       000010500D    227
     126       0      -1       6       1       0       0 TrimBnd       3D    228
     126    1960       0       0       1       0       0       000010500D    229
     126       0      -1       8       1       0       0 TrimBnd       4D    230
     102    1968       0       0       1       0       0       000010500D    231
     102       0      -1       1       0       0       02D CURVE       0D    232
     126    1969       0       0       1       0       0       000010000D    233
     126       0      -1       5       1       0       0 TrimBnd       1D    234
     126    1974       0       0       1       0       0       000010000D    235
     126       0      -1       4       1       0       0 TrimBnd       2D    236
     126    1978       0       0       1       0       0       000010000D    237
     126       0      -1       8       1       0       0 TrimBnd       3D    238
     126    1986       0       0       1       0       0       000010000D    239
     126       0      -1       9       1       0       0 TrimBnd       4D    240
     102    1995       0       0       1       0       0       000010000D    241
     102       0      -1       1       0       0       03D CURVE       0D    242
     142    1996       0       0       1       0       0       000010000D    243
     142       0      -1       1       0       0       0 TrimBnd       1D    244
     144    1997       0       0       1       0       0       000000000D    245
     144       0      -1       1       0       0       0 TrimSrf       0D    246
     128    1998       0       0       1       0       0       000010000D    247
     128       0      -1      18       0       0       0 TrimSrf       0D    248
     126    2016       0       0       1       0       0       000010500D    249
     126       0      -1       3       1       0       0 TrimBnd       1D    250
     126    2019       0       0       1       0       0       000010500D    251
     126       0      -1       4       1       0       0 TrimBnd       2D    252
     126    2023       0       0       1       0       0       000010500D    253
     126       0      -1       3       1       0       0 TrimBnd       3D    254
     126    2026       0       0       1       0       0       000010500D    255
     126       0      -1       4       1       0       0 TrimBnd       4D    256
     102    2030       0       0       1       0       0       000010500D    257
     102       0      -1       1       0       0       02D CURVE       0D    258
     126    2031       0       0       1       0       0       000010000D    259
     126       0      -1       6       2       0       0 TrimBnd       1D    260
     126    2037       0       0       1       0       0       000010000D    261
     126       0      -1       8       1       0       0 TrimBnd       2D    262
     126    2045       0       0       1       0       0       000010000D    263
     126       0      -1       6       2       0       0 TrimBnd       3D    264
     126    2051       0       0       1       0       0       000010000D    265
     126       0      -1       8       1       0       0 TrimBnd       4D    266
     102    2059       0       0       1       0       0       000010000D    267
     102       0      -1       1       0       0       03D CURVE       0D    268
     142    2060       0       0       1       0       0       000010000D    269
     142       0      -1       1       0       0       0 TrimBnd       1D    270
     144    2061       0       0       1       0       0       000000000D    271
     144       0      -1       1       0       0       0 TrimSrf       0D    272
     128    2062       0       0       1       0       0       000010000D    273
     128       0      -1       7       8       0       0 TrimSrf       0D    274
     126    2069       0       0       1       0       0       000010500D    275
     126       0      -1       4       1       0       0 TrimBnd       1D    276
     126    2073       0       0       1       0       0       000010500D    277
     126       0      -1       8       1       0       0 TrimBnd       2D    278
     126    2081       0       0       1       0       0       000010500D    279
     126       0      -1       6       1       0       0 TrimBnd       3D    280
     126    2087       0       0       1       0       0       000010500D    281
     126       0      -1       4       1       0       0 TrimBnd       4D    282
     102    2091       0       0       1       0       0       000010500D    283
     102       0      -1       1       0       0       02D CURVE       0D    284
     126    2092       0       0       1       0       0       000010000D    285
     126       0      -1       5       1       0       0 TrimBnd       1D    286
     126    2097       0       0       1       0       0       000010000D    287
     126       0      -1       9       1       0       0 TrimBnd       2D    288
     126    2106       0       0       1       0       0       000010000D    289
     126       0      -1       8       1       0       0 TrimBnd       3D    290
     126    2114       0       0       1       0       0       000010000D    291
     126       0      -1       5       1       0       0 TrimBnd       4D    292
     102    2119       0       0       1       0       0       000010000D    293
     102       0      -1       1       0       0       03D CURVE       0D    294
     142    2120       0       0       1       0       0       000010000D    295
     142       0      -1       1       0       0       0 TrimBnd       1D    296
     144    2121       0       0       1       0       0       000000000D    297
     144       0      -1       1       0       0       0 TrimSrf       0D    298
     128    2122       0       0       1       0       0       000010000D    299
     128       0      -1      19       0       0       0 TrimSrf       0D    300
     126    2141       0       0       1       0       0       000010500D    301
     126       0      -1       4       1       0       0 TrimBnd       1D    302
     126    2145       0       0       1       0       0       000010500D    303
     126       0      -1       3       1       0       0 TrimBnd       2D    304
     126    2148       0       0       1       0       0       000010500D    305
     126       0      -1       4       1       0       0 TrimBnd       3D    306
     126    2152       0       0       1       0       0       000010500D    307
     126       0      -1       4       1       0       0 TrimBnd       4D    308
     102    2156       0       0       1       0       0       000010500D    309
     102       0      -1       1       0       0       02D CURVE       0D    310
     126    2157       0       0       1       0       0       000010000D    311
     126       0      -1       8       1       0       0 TrimBnd       1D    312
     126    2165       0       0       1       0       0       000010000D    313
     126       0      -1       6       2       0       0 TrimBnd       2D    314
     126    2171       0       0       1       0       0       000010000D    315
     126       0      -1       8       1       0       0 TrimBnd       3D    316
     126    2179       0       0       1       0       0       000010000D    317
     126       0      -1       7       2       0       0 TrimBnd       4D    318
     102    2186       0       0       1       0       0       000010000D    319
     102       0      -1       1       0       0       03D CURVE       0D    320
     142    2187       0       0       1       0       0       000010000D    321
     142       0      -1       1       0       0       0 TrimBnd       1D    322
     144    2188       0       0       1       0       0       000000000D    323
     144       0      -1       1       0       0       0 TrimSrf       0D    324
     128    2189       0       0       1       0       0       000010000D    325
     128       0      -1       7       8       0       0 TrimSrf       0D    326
     126    2196       0       0       1       0       0       000010500D    327
     126       0      -1       4       1       0       0 TrimBnd       1D    328
     126    2200       0       0       1       0       0       000010500D    329
     126       0      -1       7       1       0       0 TrimBnd       2D    330
     126    2207       0       0       1       0       0       000010500D    331
     126       0      -1       7       1       0       0 TrimBnd       3D    332
     126    2214       0       0       1       0       0       000010500D    333
     126       0      -1       4       1       0       0 TrimBnd       4D    334
     102    2218       0       0       1       0       0       000010500D    335
     102       0      -1       1       0       0       02D CURVE       0D    336
     126    2219       0       0       1       0       0       000010000D    337
     126       0      -1       5       1       0       0 TrimBnd       1D    338
     126    2224       0       0       1       0       0       000010000D    339
     126       0      -1       9       1       0       0 TrimBnd       2D    340
     126    2233       0       0       1       0       0       000010000D    341
     126       0      -1       9       1       0       0 TrimBnd       3D    342
     126    2242       0       0       1       0       0       000010000D    343
     126       0      -1       5       1       0       0 TrimBnd       4D    344
     102    2247       0       0       1       0       0       000010000D    345
     102       0      -1       1       0       0       03D CURVE       0D    346
     142    2248       0       0       1       0       0       000010000D    347
     142       0      -1       1       0       0       0 TrimBnd       1D    348
     144    2249       0       0       1       0       0       000000000D    349
     144       0      -1       1       0       0       0 TrimSrf       0D    350
     128    2250       0       0       1       0       0       000010000D    351
     128       0      -1      20       0       0       0 TrimSrf       0D    352
     126    2270       0       0       1       0       0       000010500D    353
     126       0      -1       4       1       0       0 TrimBnd       1D    354
     126    2274       0       0       1       0       0       000010500D    355
     126       0      -1       5       1       0       0 TrimBnd       2D    356
     126    2279       0       0       1       0       0       000010500D    357
     126       0      -1       3       1       0       0 TrimBnd       3D    358
     126    2282       0       0       1       0       0       000010500D    359
     126       0      -1       4       1       0       0 TrimBnd       4D    360
     102    2286       0       0       1       0       0       000010500D    361
     102       0      -1       1       0       0       02D CURVE       0D    362
     126    2287       0       0       1       0       0       000010000D    363
     126       0      -1       7       2       0       0 TrimBnd       1D    364
     126    2294       0       0       1       0       0       000010000D    365
     126       0      -1       9       1       0       0 TrimBnd       2D    366
     126    2303       0       0       1       0       0       000010000D    367
     126       0      -1       6       2       0       0 TrimBnd       3D    368
     126    2309       0       0       1       0       0       000010000D    369
     126       0      -1       9       1       0       0 TrimBnd       4D    370
     102    2318       0       0       1       0       0       000010000D    371
     102       0      -1       1       0       0       03D CURVE       0D    372
     142    2319       0       0       1       0       0       000010000D    373
     142       0      -1       1       0       0       0 TrimBnd       1D    374
     144    2320       0       0       1       0       0       000000000D    375
     144       0      -1       1       0       0       0 TrimSrf       0D    376
     128    2321       0       0       1       0       0       000010000D    377
     128       0      -1       6       8       0       0 TrimSrf       0D    378
     126    2327       0       0       1       0       0       000010500D    379
     126       0      -1       4       1       0       0 TrimBnd       1D    380
     126    2331       0       0       1       0       0       000010500D    381
     126       0      -1       3       1       0       0 TrimBnd       2D    382
     126    2334       0       0       1       0       0       000010500D    383
     126       0      -1       6       1       0       0 TrimBnd       3D    384
     126    2340       0       0       1       0       0       000010500D    385
     126       0      -1       8       1       0       0 TrimBnd       4D    386
     102    2348       0       0       1       0       0       000010500D    387
     102       0      -1       1       0       0       02D CURVE       0D    388
     126    2349       0       0       1       0       0       000010000D    389
     126       0      -1       5       1       0       0 TrimBnd       1D    390
     126    2354       0       0       1       0       0       000010000D    391
     126       0      -1       4       1       0       0 TrimBnd       2D    392
     126    2358       0       0       1       0       0       000010000D    393
     126       0      -1       8       1       0       0 TrimBnd       3D    394
     126    2366       0       0       1       0       0       000010000D    395
     126       0      -1       9       1       0       0 TrimBnd       4D    396
     102    2375       0       0       1       0       0       000010000D    397
     102       0      -1       1       0       0       03D CURVE       0D    398
     142    2376       0       0       1       0       0       000010000D    399
     142       0      -1       1       0       0       0 TrimBnd       1D    400
     144    2377       0       0       1       0       0       000000000D    401
     144       0      -1       1       0       0       0 TrimSrf       0D    402
     128    2378       0       0       1       0       0       000010000D    403
     128       0      -1      18       0       0       0 TrimSrf       0D    404
     126    2396       0       0       1       0       0       000010500D    405
     126       0      -1       3       1       0       0 TrimBnd       1D    406
     126    2399       0       0       1       0       0       000010500D    407
     126       0      -1       4       1       0       0 TrimBnd       2D    408
     126    2403       0       0       1       0       0       000010500D    409
     126       0      -1       3       1       0       0 TrimBnd       3D    410
     126    2406       0       0       1       0       0       000010500D    411
     126       0      -1       4       1       0       0 TrimBnd       4D    412
     102    2410       0       0       1       0       0       000010500D    413
     102       0      -1       1       0       0       02D CURVE       0D    414
     126    2411       0       0       1       0       0       000010000D    415
     126       0      -1       6       2       0       0 TrimBnd       1D    416
     126    2417       0       0       1       0       0       000010000D    417
     126       0      -1       8       1       0       0 TrimBnd       2D    418
     126    2425       0       0       1       0       0       000010000D    419
     126       0      -1       6       2       0       0 TrimBnd       3D    420
     126    2431       0       0       1       0       0       000010000D    421
     126       0      -1       8       1       0       0 TrimBnd       4D    422
     102    2439       0       0       1       0       0       000010000D    423
     102       0      -1       1       0       0       03D CURVE       0D    424
     142    2440       0       0       1       0       0       000010000D    425
     142       0      -1       1       0       0       0 TrimBnd       1D    426
     144    2441       0       0       1       0       0       000000000D    427
     144       0      -1       1       0       0       0 TrimSrf       0D    428
     128    2442       0       0       1       0       0       000010000D    429
     128       0      -1       6       8       0       0 TrimSrf       0D    430
     126    2448       0       0       1       0       0       000010500D    431
     126       0      -1       4       1       0       0 TrimBnd       1D    432
     126    2452       0       0       1       0       0       000010500D    433
     126       0      -1       8       1       0       0 TrimBnd       2D    434
     126    2460       0       0       1       0       0       000010500D    435
     126       0      -1       6       1       0       0 TrimBnd       3D    436
     126    2466       0       0       1       0       0       000010500D    437
     126       0      -1       4       1       0       0 TrimBnd       4D    438
     102    2470       0       0       1       0       0       000010500D    439
     102       0      -1       1       0       0       02D CURVE       0D    440
     126    2471       0       0       1       0       0       000010000D    441
     126       0      -1       4       1       0       0 TrimBnd       1D    442
     126    2475       0       0       1       0       0       000010000D    443
     126       0      -1       9       1       0       0 TrimBnd       2D    444
     126    2484       0       0       1       0       0       000010000D    445
     126       0      -1       8       1       0       0 TrimBnd       3D    446
     126    2492       0       0       1       0       0       000010000D    447
     126       0      -1       4       1       0       0 TrimBnd       4D    448
     102    2496       0       0       1       0       0       000010000D    449
     102       0      -1       1       0       0       03D CURVE       0D    450
     142    2497       0       0       1       0       0       000010000D    451
     142       0      -1       1       0       0       0 TrimBnd       1D    452
     144    2498       0       0       1       0       0       000000000D    453
     144       0      -1       1       0       0       0 TrimSrf       0D    454
     128    2499       0       0       1       0       0       000010000D    455
     128       0      -1      18       0       0       0 TrimSrf       0D    456
     126    2517       0       0       1       0       0       000010500D    457
     126       0      -1       4       1       0       0 TrimBnd       1D    458
     126    2521       0       0       1       0       0       000010500D    459
     126       0      -1       3       1       0       0 TrimBnd       2D    460
     126    2524       0       0       1       0       0       000010500D    461
     126       0      -1       4       1       0       0 TrimBnd       3D    462
     126    2528       0       0       1       0       0       000010500D    463
     126       0      -1       4       1       0       0 TrimBnd       4D    464
     102    2532       0       0       1       0       0       000010500D    465
     102       0      -1       1       0       0       02D CURVE       0D    466
     126    2533       0       0       1       0       0       000010000D    467
     126       0      -1       8       1       0       0 TrimBnd       1D    468
     126    2541       0       0       1       0       0       000010000D    469
     126       0      -1       6       2       0       0 TrimBnd       2D    470
     126    2547       0       0       1       0       0       000010000D    471
     126       0      -1       8       1       0       0 TrimBnd       3D    472
     126    2555       0       0       1       0       0       000010000D    473
     126       0      -1       7       2       0       0 TrimBnd       4D    474
     102    2562       0       0       1       0       0       000010000D    475
     102       0      -1       1       0       0       03D CURVE       0D    476
     142    2563       0       0       1       0       0       000010000D    477
     142       0      -1       1       0       0       0 TrimBnd       1D    478
     144    2564       0       0       1       0       0       000000000D    479
     144       0      -1       1       0       0       0 TrimSrf       0D    480
     128    2565       0       0       1       0       0       000010000D    481
     128       0      -1       4       8       0       0 TrimSrf       0D    482
     126    2569       0       0       1       0       0       000010500D    483
     126       0      -1       4       1       0       0 TrimBnd       1D    484
     126    2573       0       0       1       0       0       000010500D    485
     126       0      -1       7       1       0       0 TrimBnd       2D    486
     126    2580       0       0       1       0       0       000010500D    487
     126       0      -1       7       1       0       0 TrimBnd       3D    488
     126    2587       0       0       1       0       0       000010500D    489
     126       0      -1       4       1       0       0 TrimBnd       4D    490
     102    2591       0       0       1       0       0       000010500D    491
     102       0      -1       1       0       0       02D CURVE       0D    492
     126    2592       0       0       1       0       0       000010000D    493
     126       0      -1       5       1       0       0 TrimBnd       1D    494
     126    2597       0       0       1       0       0       000010000D    495
     126       0      -1       9       1       0       0 TrimBnd       2D    496
     126    2606       0       0       1       0       0       000010000D    497
     126       0      -1       9       1       0       0 TrimBnd       3D    498
     126    2615       0       0       1       0       0       000010000D    499
     126       0      -1       5       1       0       0 TrimBnd       4D    500
     102    2620       0       0       1       0       0       000010000D    501
     102       0      -1       1       0       0       03D CURVE       0D    502
     142    2621       0       0       1       0       0       000010000D    503
     142       0      -1       1       0       0       0 TrimBnd       1D    504
     144    2622       0       0       1       0       0       000000000D    505
     144       0      -1       1       0       0       0 TrimSrf       0D    506
     128    2623       0       0       1       0       0       000010000D    507
     128       0      -1      18       0       0       0 TrimSrf       0D    508
     126    2641       0       0       1       0       0       000010500D    509
     126       0      -1       4       1       0       0 TrimBnd       1D    510
     126    2645       0       0       1       0       0       000010500D    511
     126       0      -1       3       1       0       0 TrimBnd       2D    512
     126    2648       0       0       1       0       0       000010500D    513
     126       0      -1       5       1       0       0 TrimBnd       3D    514
     126    2653       0       0       1       0       0       000010500D    515
     126       0      -1       4       1       0       0 TrimBnd       4D    516
     102    2657       0       0       1       0       0       000010500D    517
     102       0      -1       1       0       0       02D CURVE       0D    518
     126    2658       0       0       1       0       0       000010000D    519
     126       0      -1       8       1       0       0 TrimBnd       1D    520
     126    2666       0       0       1       0       0       000010000D    521
     126       0      -1       5       2       0       0 TrimBnd       2D    522
     126    2671       0       0       1       0       0       000010000D    523
     126       0      -1       9       1       0       0 TrimBnd       3D    524
     126    2680       0       0       1       0       0       000010000D    525
     126       0      -1       7       2       0       0 TrimBnd       4D    526
     102    2687       0       0       1       0       0       000010000D    527
     102       0      -1       1       0       0       03D CURVE       0D    528
     142    2688       0       0       1       0       0       000010000D    529
     142       0      -1       1       0       0       0 TrimBnd       1D    530
     144    2689       0       0       1       0       0       000000000D    531
     144       0      -1       1       0       0       0 TrimSrf       0D    532
     128    2690       0       0       1       0       0       000010000D    533
     128       0      -1       4       8       0       0 TrimSrf       0D    534
     126    2694       0       0       1       0       0       000010500D    535
     126       0      -1       7       1       0       0 TrimBnd       1D    536
     126    2701       0       0       1       0       0       000010500D    537
     126       0      -1       6       1       0       0 TrimBnd       2D    538
     126    2707       0       0       1       0       0       000010500D    539
     126       0      -1       3       1       0       0 TrimBnd       3D    540
     126    2710       0       0       1       0       0       000010500D    541
     126       0      -1       5       1       0       0 TrimBnd       4D    542
     102    2715       0       0       1       0       0       000010500D    543
     102       0      -1       1       0       0       02D CURVE       0D    544
     126    2716       0       0       1       0       0       000010000D    545
     126       0      -1       9       1       0       0 TrimBnd       1D    546
     126    2725       0       0       1       0       0       000010000D    547
     126       0      -1       7       1       0       0 TrimBnd       2D    548
     126    2732       0       0       1       0       0       000010000D    549
     126       0      -1       3       1       0       0 TrimBnd       3D    550
     126    2735       0       0       1       0       0       000010000D    551
     126       0      -1       5       1       0       0 TrimBnd       4D    552
     102    2740       0       0       1       0       0       000010000D    553
     102       0      -1       1       0       0       03D CURVE       0D    554
     142    2741       0       0       1       0       0       000010000D    555
     142       0      -1       1       0       0       0 TrimBnd       1D    556
     144    2742       0       0       1       0       0       000000000D    557
     144       0      -1       1       0       0       0 TrimSrf       0D    558
     128    2743       0       0       1       0       0       000010000D    559
     128       0      -1      15       0       0       0 TrimSrf       0D    560
     126    2758       0       0       1       0       0       000010500D    561
     126       0      -1       4       1       0       0 TrimBnd       1D    562
     126    2762       0       0       1       0       0       000010500D    563
     126       0      -1       3       1       0       0 TrimBnd       2D    564
     126    2765       0       0       1       0       0       000010500D    565
     126       0      -1       4       1       0       0 TrimBnd       3D    566
     126    2769       0       0       1       0       0       000010500D    567
     126       0      -1       3       1       0       0 TrimBnd       4D    568
     102    2772       0       0       1       0       0       000010500D    569
     102       0      -1       1       0       0       02D CURVE       0D    570
     126    2773       0       0       1       0       0       000010000D    571
     126       0      -1       8       1       0       0 TrimBnd       1D    572
     126    2781       0       0       1       0       0       000010000D    573
     126       0      -1       5       2       0       0 TrimBnd       2D    574
     126    2786       0       0       1       0       0       000010000D    575
     126       0      -1       8       1       0       0 TrimBnd       3D    576
     126    2794       0       0       1       0       0       000010000D    577
     126       0      -1       6       2       0       0 TrimBnd       4D    578
     102    2800       0       0       1       0       0       000010000D    579
     102       0      -1       1       0       0       03D CURVE       0D    580
     142    2801       0       0       1       0       0       000010000D    581
     142       0      -1       1       0       0       0 TrimBnd       1D    582
     144    2802       0       0       1       0       0       000000000D    583
     144       0      -1       1       0       0       0 TrimSrf       0D    584
     128    2803       0       0       1       0       0       000010000D    585
     128       0      -1       4       8       0       0 TrimSrf       0D    586
     126    2807       0       0       1       0       0       000010500D    587
     126       0      -1       4       1       0       0 TrimBnd       1D    588
     126    2811       0       0       1       0       0       000010500D    589
     126       0      -1       6       1       0       0 TrimBnd       2D    590
     126    2817       0       0       1       0       0       000010500D    591
     126       0      -1       8       1       0       0 TrimBnd       3D    592
     126    2825       0       0       1       0       0       000010500D    593
     126       0      -1       4       1       0       0 TrimBnd       4D    594
     102    2829       0       0       1       0       0       000010500D    595
     102       0      -1       1       0       0       02D CURVE       0D    596
     126    2830       0       0       1       0       0       000010000D    597
     126       0      -1       4       1       0       0 TrimBnd       1D    598
     126    2834       0       0       1       0       0       000010000D    599
     126       0      -1       8       1       0       0 TrimBnd       2D    600
     126    2842       0       0       1       0       0       000010000D    601
     126       0      -1       9       1       0       0 TrimBnd       3D    602
     126    2851       0       0       1       0       0       000010000D    603
     126       0      -1       4       1       0       0 TrimBnd       4D    604
     102    2855       0       0       1       0       0       000010000D    605
     102       0      -1       1       0       0       03D CURVE       0D    606
     142    2856       0       0       1       0       0       000010000D    607
     142       0      -1       1       0       0       0 TrimBnd       1D    608
     144    2857       0       0       1       0       0       000000000D    609
     144       0      -1       1       0       0       0 TrimSrf       0D    610
     128    2858       0       0       1       0       0       000010000D    611
     128       0      -1      17       0       0       0 TrimSrf       0D    612
     126    2875       0       0       1       0       0       000010500D    613
     126       0      -1       4       1       0       0 TrimBnd       1D    614
     126    2879       0       0       1       0       0       000010500D    615
     126       0      -1       4       1       0       0 TrimBnd       2D    616
     126    2883       0       0       1       0       0       000010500D    617
     126       0      -1       3       1       0       0 TrimBnd       3D    618
     126    2886       0       0       1       0       0       000010500D    619
     126       0      -1       4       1       0       0 TrimBnd       4D    620
     102    2890       0       0       1       0       0       000010500D    621
     102       0      -1       1       0       0       02D CURVE       0D    622
     126    2891       0       0       1       0       0       000010000D    623
     126       0      -1       7       2       0       0 TrimBnd       1D    624
     126    2898       0       0       1       0       0       000010000D    625
     126       0      -1       8       1       0       0 TrimBnd       2D    626
     126    2906       0       0       1       0       0       000010000D    627
     126       0      -1       5       2       0       0 TrimBnd       3D    628
     126    2911       0       0       1       0       0       000010000D    629
     126       0      -1       7       1       0       0 TrimBnd       4D    630
     102    2918       0       0       1       0       0       000010000D    631
     102       0      -1       1       0       0       03D CURVE       0D    632
     142    2919       0       0       1       0       0       000010000D    633
     142       0      -1       1       0       0       0 TrimBnd       1D    634
     144    2920       0       0       1       0       0       000000000D    635
     144       0      -1       1       0       0       0 TrimSrf       0D    636
314,0.0,0.0,0.0,20HRGB(   0,   0,   0 );                         0000001P      1
406,2,1,7HDefault;                                               0000003P      2
128,12,20,3,3,0,0,1,0,0,0.0D0,0.0D0,0.0D0,0.0D0,                 0000005P      3
23.56250749184561D0,47.12501498369122D0,70.68752247553684D0,     0000005P      4
94.25002996738245D0,117.8125374592281D0,141.3750449510737D0,     0000005P      5
164.9375524429193D0,188.5000599347649D0,212.0625674266105D0,     0000005P      6
235.6250749184561D0,235.6250749184561D0,235.6250749184561D0,     0000005P      7
235.6250749184561D0,0.0D0,0.0D0,0.0D0,0.0D0,5.890626872960969D0, 0000005P      8
8.835940309441455D0,11.78125374592194D0,14.72656718240242D0,     0000005P      9
17.67188061888291D0,20.61719405536339D0,23.56250749184388D0,     0000005P     10
26.50782092832436D0,29.45313436480485D0,32.39844780128533D0,     0000005P     11
35.34376123776582D0,38.28907467424631D0,41.23438811072679D0,     0000005P     12
44.17970154720727D0,47.12501498368776D0,50.07032842016824D0,     0000005P     13
53.01564185664873D0,58.90626872960969D0,58.90626872960969D0,     0000005P     14
58.90626872960969D0,58.90626872960969D0,1.0D0,1.0D0,1.0D0,1.0D0, 0000005P     15
1.0D0,1.0D0,1.0D0,1.0D0,1.0D0,1.0D0,1.0D0,1.0D0,1.0D0,1.0D0,     0000005P     16
1.0D0,1.0D0,1.0D0,1.0D0,1.0D0,1.0D0,1.0D0,1.0D0,1.0D0,1.0D0,     0000005P     17
1.0D0,1.0D0,1.0D0,1.0D0,1.0D0,1.0D0,1.0D0,1.0D0,1.0D0,1.0D0,     0000005P     18
1.0D0,1.0D0,1.0D0,1.0D0,1.0D0,1.0D0,1.0D0,1.0D0,1.0D0,1.0D0,     0000005P     19
1.0D0,1.0D0,1.0D0,1.0D0,1.0D0,1.0D0,1.0D0,1.0D0,1.0D0,1.0D0,     0000005P     20
1.0D0,1.0D0,1.0D0,1.0D0,1.0D0,1.0D0,1.0D0,1.0D0,1.0D0,1.0D0,     0000005P     21
1.0D0,1.0D0,1.0D0,1.0D0,1.0D0,1.0D0,1.0D0,1.0D0,1.0D0,1.0D0,     0000005P     22
1.0D0,1.0D0,1.0D0,1.0D0,1.0D0,1.0D0,1.0D0,1.0D0,1.0D0,1.0D0,     0000005P     23
1.0D0,1.0D0,1.0D0,1.0D0,1.0D0,1.0D0,1.0D0,1.0D0,1.0D0,1.0D0,     0000005P     24
1.0D0,1.0D0,1.0D0,1.0D0,1.0D0,1.0D0,1.0D0,1.0D0,1.0D0,1.0D0,     0000005P     25
1.0D0,1.0D0,1.0D0,1.0D0,1.0D0,1.0D0,1.0D0,1.0D0,1.0D0,1.0D0,     0000005P     26
1.0D0,1.0D0,1.0D0,1.0D0,1.0D0,1.0D0,1.0D0,1.0D0,1.0D0,1.0D0,     0000005P     27
1.0D0,1.0D0,1.0D0,1.0D0,1.0D0,1.0D0,1.0D0,1.0D0,1.0D0,1.0D0,     0000005P     28
1.0D0,1.0D0,1.0D0,1.0D0,1.0D0,1.0D0,1.0D0,1.0D0,1.0D0,1.0D0,     0000005P     29
1.0D0,1.0D0,1.0D0,1.0D0,1.0D0,1.0D0,1.0D0,1.0D0,1.0D0,1.0D0,     0000005P     30
1.0D0,1.0D0,1.0D0,1.0D0,1.0D0,1.0D0,1.0D0,1.0D0,1.0D0,1.0D0,     0000005P     31
1.0D0,1.0D0,1.0D0,1.0D0,1.0D0,1.0D0,1.0D0,1.0D0,1.0D0,1.0D0,     0000005P     32
1.0D0,1.0D0,1.0D0,1.0D0,1.0D0,1.0D0,1.0D0,1.0D0,1.0D0,1.0D0,     0000005P     33
1.0D0,1.0D0,1.0D0,1.0D0,1.0D0,1.0D0,1.0D0,1.0D0,1.0D0,1.0D0,     0000005P     34
1.0D0,1.0D0,1.0D0,1.0D0,1.0D0,1.0D0,1.0D0,1.0D0,1.0D0,1.0D0,     0000005P     35
1.0D0,1.0D0,1.0D0,1.0D0,1.0D0,1.0D0,1.0D0,1.0D0,1.0D0,1.0D0,     0000005P     36
1.0D0,1.0D0,1.0D0,1.0D0,1.0D0,1.0D0,1.0D0,1.0D0,1.0D0,1.0D0,     0000005P     37
1.0D0,1.0D0,1.0D0,1.0D0,1.0D0,1.0D0,1.0D0,1.0D0,1.0D0,1.0D0,     0000005P     38
1.0D0,1.0D0,1.0D0,1.0D0,1.0D0,1.0D0,1.0D0,1.0D0,1.0D0,1.0D0,     0000005P     39
1.0D0,1.0D0,1.0D0,1.0D0,1.0D0,1.0D0,1.0D0,1.0D0,1.0D0,1.0D0,     0000005P     40
1.0D0,1.0D0,1.0D0,1.0D0,1.0D0,1.0D0,1.0D0,1.0D0,1.0D0,1.0D0,     0000005P     41
1.0D0,1.0D0,1.0D0,1.0D0,1.0D0,1.0D0,1.0D0,1.0D0,1.0D0,           0000005P     42
-39.89000000000011D0,-4.850000000031979D0,-4.999999999999998D0,  0000005P     43
-39.89783975088387D0,-4.850000000031987D0,-4.999999999999998D0,  0000005P     44
-39.91354599855517D0,-4.850000000032001D0,-4.998765455664026D0,  0000005P     45
-39.93651056631465D0,-4.850000000032018D0,-4.993257800270387D0,  0000005P     46
-39.95838419308241D0,-4.850000000032037D0,-4.98420060563756D0,   0000005P     47
-39.97852905115704D0,-4.85000000003205D0,-4.971853322206138D0,   0000005P     48
-39.99650183482598D0,-4.850000000032068D0,-4.956504665919285D0,  0000005P     49
-40.01185429510976D0,-4.850000000032076D0,-4.938529534636227D0,  0000005P     50
-40.02420808494174D0,-4.850000000032087D0,-4.918367673659212D0,  0000005P     51
-40.03325475520747D0,-4.8500000000321D0,-4.896521504384769D0,    0000005P     52
-40.03877086831783D0,-4.850000000032099D0,-4.87351657403826D0,   0000005P     53
-40.04000000000008D0,-4.850000000032106D0,-4.857834115450473D0,  0000005P     54
-40.0400000000001D0,-4.850000000032106D0,-4.849999999999994D0,   0000005P     55
-39.89000000000011D0,-4.850000000031979D0,-4.999999999999998D0,  0000005P     56
-39.89774487689277D0,-4.850355953702794D0,-4.999999339712327D0,  0000005P     57
-39.91326152070457D0,-4.851068901660286D0,-4.998797050925769D0,  0000005P     58
-39.93599962396707D0,-4.852123305439987D0,-4.993411005125932D0,  0000005P     59
-39.95774905243193D0,-4.853149068135099D0,-4.984516938714257D0,  0000005P     60
-39.97789134881308D0,-4.854122827640445D0,-4.972314622837905D0,  0000005P     61
-39.99596763870669D0,-4.855024066147592D0,-4.957044611119853D0,  0000005P     62
-40.01148829388728D0,-4.855829160128967D0,-4.93904764492736D0,   0000005P     63
-40.02401613186019D0,-4.856519938897633D0,-4.918767740255627D0,  0000005P     64
-40.03319549348269D0,-4.857084167786748D0,-4.896741951568337D0,  0000005P     65
-40.03876646248104D0,-4.857526270984468D0,-4.873571072871488D0,  0000005P     66
-40.04000417370776D0,-4.857744381965594D0,-4.857833050788321D0,  0000005P     67
-40.04000000000008D0,-4.857839750915869D0,-4.849999999999993D0,  0000005P     68
-39.89000000000011D0,-4.850000000031979D0,-4.999999999999998D0,  0000005P     69
-39.89757374232962D0,-4.85089080477074D0,-5.000005489856923D0,   0000005P     70
-39.91274826426246D0,-4.852674956701773D0,-4.998797052462667D0,  0000005P     71
-39.93498451338929D0,-4.855304025422141D0,-4.993359315361054D0,  0000005P     72
-39.95625759822497D0,-4.857846319698801D0,-4.984394777926074D0,  0000005P     73
-39.97598113084427D0,-4.860247486900131D0,-4.97212969092474D0,   0000005P     74
-39.99373091174042D0,-4.862467348169779D0,-4.956824917300192D0,  0000005P     75
-40.00906438902734D0,-4.864464228754152D0,-4.938837030024755D0,  0000005P     76
-40.02159961800517D0,-4.866204694721717D0,-4.918608419108751D0,  0000005P     77
-40.03103917536139D0,-4.86766681082343D0,-4.896663277998559D0,   0000005P     78
-40.03722940624097D0,-4.868854410430305D0,-4.873572696831141D0,  0000005P     79
-40.03909179567335D0,-4.869434458647897D0,-4.857847282247571D0,  0000005P     80
-40.03907409174811D0,-4.869619436669364D0,-4.849999999999993D0,  0000005P     81
-39.89000000000011D0,-4.850000000031979D0,-4.999999999999998D0,  0000005P     82
-39.89728191795191D0,-4.851593700289397D0,-5.000003831410777D0,  0000005P     83
-39.91186987216604D0,-4.85478528119607D0,-4.998781110628177D0,   0000005P     84
-39.93325299327697D0,-4.859484234100563D0,-4.993299622512957D0,  0000005P     85
-39.95372222307464D0,-4.864020997257158D0,-4.984276585683411D0,  0000005P     86
-39.97273461631973D0,-4.868299451768286D0,-4.971959597309334D0,  0000005P     87
-39.98990655260184D0,-4.872251920185177D0,-4.956626916269781D0,  0000005P     88
-40.00484537593172D0,-4.875809743421544D0,-4.938646974869757D0,  0000005P     89
-40.01721766138829D0,-4.878915839684534D0,-4.918460588495318D0,  0000005P     90
-40.02675986746492D0,-4.881526793287811D0,-4.896578971183402D0,  0000005P     91
-40.03354727829423D0,-4.883690279874534D0,-4.873562413236397D0,  0000005P     92
-40.03603370531842D0,-4.884766446497648D0,-4.857864981402689D0,  0000005P     93
-40.03601162796728D0,-4.885028282466918D0,-4.849999999999993D0,  0000005P     94
-39.89000000000011D0,-4.850000000031979D0,-4.999999999999998D0,  0000005P     95
-39.89703253982805D0,-4.852113788884346D0,-5.000000957852691D0,  0000005P     96
-39.91111936228005D0,-4.856346757896405D0,-4.998769369405063D0,  0000005P     97
-39.93177544620384D0,-4.86257745119164D0,-4.993268255831032D0,   0000005P     98
-39.95156212946668D0,-4.868590319138749D0,-4.984219600649022D0,  0000005P     99
-39.96996895198418D0,-4.874257685011861D0,-4.971879890981935D0,  0000005P    100
-39.98663956654756D0,-4.879490592270483D0,-4.956535228506906D0,  0000005P    101
-40.00121246288411D0,-4.884199035683886D0,-4.93855889469461D0,   0000005P    102
-40.01338200586191D0,-4.888307263405521D0,-4.918390902368239D0,  0000005P    103
-40.02290109624955D0,-4.891754298532719D0,-4.896535871084428D0,  0000005P    104
-40.0299909048853D0,-4.894635155673736D0,-4.873556543948363D0,   0000005P    105
-40.03284380556593D0,-4.896086609195197D0,-4.857881628784676D0,  0000005P    106
-40.03281410786555D0,-4.896374198722679D0,-4.849999999999992D0,  0000005P    107
-39.89000000000011D0,-4.850000000031979D0,-4.999999999999998D0,  0000005P    108
-39.89675411992805D0,-4.852624850409541D0,-4.999999999999997D0,  0000005P    109
-39.9102824192118D0,-4.857881237640612D0,-4.998765455664026D0,   0000005P    110
-39.9301287653268D0,-4.865617117550335D0,-4.993257800270389D0,   0000005P    111
-39.94915690569801D0,-4.873080262212132D0,-4.98420060563756D0,   0000005P    112
-39.96688846954937D0,-4.88011121470065D0,-4.971853322206135D0,   0000005P    113
-39.98299097759647D0,-4.88659914858774D0,-4.956504665919282D0,   0000005P    114
-39.99712824310468D0,-4.892432001628539D0,-4.938529534636229D0,  0000005P    115
-40.00901650577408D0,-4.89751518705638D0,-4.918367673659214D0,   0000005P    116
-40.01842442876876D0,-4.901771592592669D0,-4.896521504384771D0,  0000005P    117
-40.02564981414459D0,-4.905343548188933D0,-4.873557513106807D0,  0000005P    118
-40.0287688271834D0,-4.907161735734103D0,-4.857900738561354D0,   0000005P    119
-40.02872920295403D0,-4.907447379730518D0,-4.849999999999993D0,  0000005P    120
-39.89000000000011D0,-4.850000000031979D0,-4.999999999999998D0,  0000005P    121
-39.89644747043666D0,-4.85312419519697D0,-4.999999999999997D0,   0000005P    122
-39.90936113344242D0,-4.85938060929809D0,-4.998765455664026D0,   0000005P    123
-39.92831526532783D0,-4.868586789325509D0,-4.993257800270388D0,  0000005P    124
-39.94650573851901D0,-4.877465687055417D0,-4.984200605637561D0,  0000005P    125
-39.96348607362503D0,-4.885825954177393D0,-4.971853322206135D0,  0000005P    126
-39.97894595664705D0,-4.89353459897765D0,-4.956504665919283D0,   0000005P    127
-39.99257161329946D0,-4.900457146762364D0,-4.938529534636229D0,  0000005P    128
-40.00409820063563D0,-4.906480093411528D0,-4.918367673659215D0,  0000005P    129
-40.0133098042754D0,-4.911510904190828D0,-4.896521504384771D0,   0000005P    130
-40.02054030488286D0,-4.915739470258885D0,-4.873562118754878D0,  0000005P    131
-40.02383209839993D0,-4.917906102051042D0,-4.857919765330168D0,  0000005P    132
-40.02378934453779D0,-4.918168097027755D0,-4.849999999999993D0,  0000005P    133
-39.89000000000011D0,-4.850000000031979D0,-4.999999999999998D0,  0000005P    134
-39.89611340353861D0,-4.853609133578622D0,-4.999999999999997D0,  0000005P    135
-39.90835759545308D0,-4.860836761738242D0,-4.998765455664025D0,  0000005P    136
-39.92633726088892D0,-4.871470022666027D0,-4.993257800270388D0,  0000005P    137
-39.94360781468013D0,-4.88172145424672D0,-4.984200605637561D0,   0000005P    138
-39.95975466882084D0,-4.891367816784825D0,-4.971853322206134D0,  0000005P    139
-39.97448967459781D0,-4.900253953280924D0,-4.956504665919282D0,  0000005P    140
-39.98752147017444D0,-4.908222976592224D0,-4.938529534636228D0,  0000005P    141
-39.99860412995743D0,-4.91514246524538D0,-4.918367673659214D0,   0000005P    142
-40.00753716202232D0,-4.920904462050365D0,-4.896521504384771D0,  0000005P    143
-40.01467983698618D0,-4.925747307589314D0,-4.873567391041862D0,  0000005P    144
-40.01805992479135D0,-4.928234247875276D0,-4.857936538793468D0,  0000005P    145
-40.01802696392189D0,-4.928456622151717D0,-4.849999999999991D0,  0000005P    146
-39.89000000000011D0,-4.850000000031979D0,-4.999999999999998D0,  0000005P    147
-39.89575312221701D0,-4.854077818447364D0,-4.999999999999997D0,  0000005P    148
-39.90727541419305D0,-4.862244153639656D0,-4.998765455664025D0,  0000005P    149
-39.92420196990867D0,-4.874255734929075D0,-4.993257800270387D0,  0000005P    150
-39.94047396102922D0,-4.885830939821816D0,-4.984200605637559D0,  0000005P    151
-39.95570869093392D0,-4.896714637237316D0,-4.971853322206132D0,  0000005P    152
-39.9696401761952D0,-4.906729504890519D0,-4.956504665919281D0,   0000005P    153
-39.98199946742537D0,-4.91569624318967D0,-4.938529534636226D0,   0000005P    154
-39.9925595563845D0,-4.923463513308083D0,-4.918367673659214D0,   0000005P    155
-40.00113537360383D0,-4.929907935600018D0,-4.896521504384771D0,  0000005P    156
-40.0080986743522D0,-4.935313453826919D0,-4.873572173243601D0,   0000005P    157
-40.01148880311867D0,-4.938084584710897D0,-4.857949755585174D0,  0000005P    158
-40.01147815059925D0,-4.938257541888322D0,-4.849999999999989D0,  0000005P    159
-39.89000000000011D0,-4.850000000031979D0,-4.999999999999998D0,  0000005P    160
-39.89536782945494D0,-4.854528402696057D0,-4.999999999999997D0,  0000005P    161
-39.90611819861164D0,-4.863597243680927D0,-4.998765455664025D0,  0000005P    162
-39.92191661028564D0,-4.876932843471836D0,-4.993257800270387D0,  0000005P    163
-39.93711500441415D0,-4.889777519816481D0,-4.984200605637559D0,  0000005P    164
-39.95136257576148D0,-4.90184425024923D0,-4.971853322206133D0,   0000005P    165
-39.96441550618565D0,-4.912933547199397D0,-4.956504665919281D0,  0000005P    166
-39.97602725874798D0,-4.922843698626256D0,-4.938529534636227D0,  0000005P    167
-39.98598974256187D0,-4.931404448349782D0,-4.918367673659214D0,  0000005P    168
-39.99413331061427D0,-4.93847699426852D0,-4.896521504384771D0,   0000005P    169
-40.0008269799027D0,-4.944384284372793D0,-4.873575312023057D0,   0000005P    170
-40.00415476832709D0,-4.947395407001363D0,-4.857958076389878D0,  0000005P    171
-40.00417899406274D0,-4.947515443023491D0,-4.84999999999999D0,   0000005P    172
-39.89000000000011D0,-4.850000000031979D0,-4.999999999999998D0,  0000005P    173
-39.89495908732682D0,-4.854959018620622D0,-4.999999999999998D0,  0000005P    174
-39.90489063493209D0,-4.864890428749813D0,-4.998765455664025D0,  0000005P    175
-39.91949055446632D0,-4.879490142069824D0,-4.993257800270388D0,  0000005P    176
-39.93354500350464D0,-4.893544384893989D0,-4.98420060563756D0,   0000005P    177
-39.94673506819645D0,-4.9067342433716D0,-4.971853322206135D0,    0000005P    178
-39.95883909568537D0,-4.918838064646346D0,-4.956504665919282D0,  0000005P    179
-39.96963296148172D0,-4.929631724228526D0,-4.938529534636228D0,  0000005P    180
-39.97892749205222D0,-4.938926048584782D0,-4.918367673659215D0,  0000005P    181
-39.98656846283954D0,-4.946566813157939D0,-4.896521504384771D0,  0000005P    182
-39.99290817844665D0,-4.952906321242755D0,-4.873576463528341D0,  0000005P    183
-39.99610752505353D0,-4.956105518695494D0,-4.857960994992017D0,  0000005P    184
-39.99617635654478D0,-4.956174294434803D0,-4.849999999999991D0,  0000005P    185
-39.89000000000011D0,-4.850000000031979D0,-4.999999999999998D0,  0000005P    186
-39.89452845790707D0,-4.855367798516978D0,-4.999999999999998D0,  0000005P    187
-39.90359740937765D0,-4.866118105734071D0,-4.998765455664024D0,  0000005P    188
-39.9169331748972D0,-4.881916424498557D0,-4.993257800270387D0,   0000005P    189
-39.92977801697043D0,-4.897114725717612D0,-4.984200605637559D0,  0000005P    190
-39.9418449131318D0,-4.911362204155462D0,-4.971853322206134D0,   0000005P    191
-39.95293437581058D0,-4.924415041670155D0,-4.956504665919283D0,  0000005P    192
-39.96284469296603D0,-4.93602670132303D0,-4.938529534636228D0,   0000005P    193
-39.97140560841822D0,-4.945989092227387D0,-4.918367673659213D0,  0000005P    194
-39.97847832006554D0,-4.954132567370332D0,-4.896521504384769D0,  0000005P    195
-39.9843857739394D0,-4.960826144424058D0,-4.87357531204786D0,    0000005P    196
-39.98739701424798D0,-4.964153866609001D0,-4.85795807678933D0,   0000005P    197
-39.98751710027776D0,-4.964178064999834D0,-4.849999999999991D0,  0000005P    198
-39.89000000000011D0,-4.850000000031979D0,-4.999999999999998D0,  0000005P    199
-39.89407777346778D0,-4.855753165939015D0,-4.999999999999998D0,  0000005P    200
-39.90224401876457D0,-4.867275545295367D0,-4.998765455664025D0,  0000005P    201
-39.91425546521082D0,-4.884202232081367D0,-4.993257800270387D0,  0000005P    202
-39.92583053526034D0,-4.900474354272352D0,-4.984200605637558D0,  0000005P    203
-39.93671409783264D0,-4.915709215247475D0,-4.971853322206133D0,  0000005P    204
-39.94672883064265D0,-4.929640831579154D0,-4.956504665919283D0,  0000005P    205
-39.95569543409858D0,-4.94200025387976D0,-4.938529534636228D0,   0000005P    206
-39.96346256937385D0,-4.952560473909256D0,-4.918367673659211D0,  0000005P    207
-39.96990685682254D0,-4.96113642219903D0,-4.896521504384769D0,   0000005P    208
-39.97531222899535D0,-4.968099857531554D0,-4.873572172846425D0,  0000005P    209
-39.97808325816347D0,-4.971490077575817D0,-4.857949754675248D0,  0000005P    210
-39.97825619342449D0,-4.971479461335247D0,-4.84999999999999D0,   0000005P    211
-39.89000000000011D0,-4.850000000031979D0,-4.999999999999998D0,  0000005P    212
-39.89360886628102D0,-4.856113544440618D0,-4.999999999999998D0,  0000005P    213
-39.90083595990914D0,-4.868358018095365D0,-4.998765455664026D0,  0000005P    214
-39.91146841903974D0,-4.886338106141584D0,-4.993257800270388D0,  0000005P    215
-39.92171904882319D0,-4.903609082543201D0,-4.984200605637557D0,  0000005P    216
-39.93136460956408D0,-4.919756359294301D0,-4.971853322206133D0,  0000005P    217
-39.94024994426299D0,-4.934491787681671D0,-4.956504665919284D0,  0000005P    218
-39.94821816577704D0,-4.947524005868711D0,-4.938529534636228D0,  0000005P    219
-39.95513685263304D0,-4.95860708826205D0,-4.918367673659211D0,   0000005P    220
-39.96089804764077D0,-4.967540542937357D0,-4.896521504384769D0,  0000005P    221
-39.9657400702927D0,-4.974683645885936D0,-4.87356739017959D0,    0000005P    222
-39.96822644095963D0,-4.978064023681255D0,-4.857936536140377D0,  0000005P    223
-39.96844860414774D0,-4.978031190057695D0,-4.849999999999991D0,  0000005P    224
-39.89000000000011D0,-4.850000000031979D0,-4.999999999999998D0,  0000005P    225
-39.89312382976931D0,-4.856447648817148D0,-4.999999999999998D0,  0000005P    226
-39.89937951307881D0,-4.869361668520138D0,-4.998765455664027D0,  0000005P    227
-39.90858459691888D0,-4.88831633545135D0,-4.993257800270388D0,   0000005P    228
-39.91746239846136D0,-4.906507343688373D0,-4.984200605637558D0,  0000005P    229
-39.92582156939596D0,-4.923488213840225D0,-4.971853322206135D0,  0000005P    230
-39.93352911800885D0,-4.938948631908059D0,-4.956504665919285D0,  0000005P    231
-39.94045056960616D0,-4.95257482360631D0,-4.938529534636228D0,   0000005P    232
-39.94647242006798D0,-4.964101945988263D0,-4.918367673659211D0,  0000005P    233
-39.95150213465985D0,-4.973314084673877D0,-4.896521504384769D0,  0000005P    234
-39.95572958242568D0,-4.980545127188025D0,-4.873562118170886D0,  0000005P    235
-39.95789544646699D0,-4.983837290245128D0,-4.857919763755458D0,  0000005P    236
-39.95815713512206D0,-4.983794695027886D0,-4.849999999999992D0,  0000005P    237
-39.89000000000011D0,-4.850000000031979D0,-4.999999999999998D0,  0000005P    238
-39.89262475735512D0,-4.856754193863957D0,-4.999999999999998D0,  0000005P    239
-39.89788095854105D0,-4.870282640955756D0,-4.998765455664027D0,  0000005P    240
-39.90561655938314D0,-4.890129208782805D0,-4.993257800270386D0,  0000005P    241
-39.91307942497723D0,-4.909157570866079D0,-4.984200605637558D0,  0000005P    242
-39.9201100983981D0,-4.926889356429529D0,-4.971853322206134D0,   0000005P    243
-39.92659775321752D0,-4.942992086188672D0,-4.956504665919283D0,  0000005P    244
-39.93243032719064D0,-4.957129573408976D0,-4.938529534636227D0,  0000005P    245
-39.93751323355087D0,-4.969018057790392D0,-4.918367673659211D0,  0000005P    246
-39.94176936001944D0,-4.978426202497158D0,-4.896521504384769D0,  0000005P    247
-39.94534102230158D0,-4.985651815192361D0,-4.873557513069511D0,  0000005P    248
-39.94715900942094D0,-4.9887709882588D0,-4.857900739162798D0,    0000005P    249
-39.94744458902199D0,-4.988731420106527D0,-4.84999999999999D0,   0000005P    250
-39.89000000000011D0,-4.850000000031979D0,-4.999999999999998D0,  0000005P    251
-39.89211387088672D0,-4.857032517443253D0,-5.000000957855451D0,  0000005P    252
-39.89634700398746D0,-4.871119295052561D0,-4.998769369416177D0,  0000005P    253
-39.90257794351387D0,-4.891775311672165D0,-4.993268255875355D0,  0000005P    254
-39.90859105788232D0,-4.911561927582736D0,-4.984219600776516D0,  0000005P    255
-39.91425867033483D0,-4.929968682765194D0,-4.971879891231163D0,  0000005P    256
-39.91949182418739D0,-4.946639230080285D0,-4.956535228852989D0,  0000005P    257
-39.9242005139672D0,-4.961212059266154D0,-4.938558895039963D0,   0000005P    258
-39.92830898758656D0,-4.97338153511615D0,-4.918390902604788D0,   0000005P    259
-39.93175626791068D0,-4.982900558287756D0,-4.896535871174605D0,  0000005P    260
-39.9346373597475D0,-4.9899902996431D0,-4.873556543728426D0,     0000005P    261
-39.93608897039262D0,-4.992843154190515D0,-4.857881628448166D0,  0000005P    262
-39.93637665925074D0,-4.992813435594972D0,-4.849999999999989D0,  0000005P    263
-39.89000000000011D0,-4.850000000031979D0,-4.999999999999998D0,  0000005P    264
-39.89159339221232D0,-4.857281957417244D0,-5.000003831421809D0,  0000005P    265
-39.89478435710964D0,-4.871869990460896D0,-4.998781110672629D0,  0000005P    266
-39.89948238639243D0,-4.893253229655646D0,-4.993299622690267D0,  0000005P    267
-39.90401822668813D0,-4.913722577344754D0,-4.984276586193388D0,  0000005P    268
-39.90829575897051D0,-4.932735088550205D0,-4.971959598306252D0,  0000005P    269
-39.91224730521682D0,-4.949907143139671D0,-4.95662691765411D0,   0000005P    270
-39.91580420537255D0,-4.964846085167282D0,-4.938646976251175D0,  0000005P    271
-39.91890937667996D0,-4.97721848941325D0,-4.918460589441519D0,   0000005P    272
-39.92151940252474D0,-4.986760813926236D0,-4.896578971544118D0,  0000005P    273
-39.92368194722847D0,-4.993548338352089D0,-4.873562412642709D0,  0000005P    274
-39.92475747002375D0,-4.996034830109916D0,-4.857864979264634D0,  0000005P    275
-39.92501903921151D0,-4.996012811794577D0,-4.849999999999991D0,  0000005P    276
-39.89000000000011D0,-4.850000000031979D0,-4.999999999999999D0,  0000005P    277
-39.89089002225069D0,-4.857573877642347D0,-5.00000548987386D0,   0000005P    278
-39.89267260935385D0,-4.872748670062184D0,-4.99879705252253D0,   0000005P    279
-39.89529933198035D0,-4.894985324381594D0,-4.993359315701495D0,  0000005P    280
-39.89783928229547D0,-4.916258813789757D0,-4.984394779131033D0,  0000005P    281
-39.90023810736273D0,-4.935982751147609D0,-4.972129693497562D0,  0000005P    282
-39.90245562685247D0,-4.953732937776644D0,-4.956824921009868D0,  0000005P    283
-39.90445016327705D0,-4.969066821967089D0,-4.938837033748684D0,  0000005P    284
-39.90618828012605D0,-4.981602458072378D0,-4.918608421569287D0,  0000005P    285
-39.90764803925158D0,-4.991042421694909D0,-4.896663278803135D0,  0000005P    286
-39.90883327224146D0,-4.997233055664806D0,-4.873572696473442D0,  0000005P    287
-39.90941172194216D0,-4.999095709509115D0,-4.85784728102805D0,   0000005P    288
-39.90959595939133D0,-4.999078151270318D0,-4.849999999999994D0,  0000005P    289
-39.89000000000011D0,-4.850000000031979D0,-4.999999999999999D0,  0000005P    290
-39.89035576580951D0,-4.857744876932729D0,-4.999999339715268D0,  0000005P    291
-39.89106833811103D0,-4.873261520715157D0,-4.998797050900864D0,  0000005P    292
-39.8921221806375D0,-4.895999622743383D0,-4.993411005418149D0,   0000005P    293
-39.89314738599133D0,-4.917749048664764D0,-4.984516940446412D0,  0000005P    294
-39.89412059162781D0,-4.937891342758739D0,-4.972314627086883D0,  0000005P    295
-39.8950212774122D0,-4.955967632234763D0,-4.957044617567583D0,   0000005P    296
-39.89582581485251D0,-4.971488289406738D0,-4.93904765146098D0,   0000005P    297
-39.89651602953788D0,-4.98401612984695D0,-4.918767744407726D0,   0000005P    298
-39.89707968312629D0,-4.993195493617799D0,-4.896741952776883D0,  0000005P    299
-39.89752120770542D0,-4.998766461673539D0,-4.873571072748956D0,  0000005P    300
-39.89773893302647D0,-5.000004174897743D0,-4.857833050850441D0,  0000005P    301
-39.89783411545047D0,-5.000000000031989D0,-4.849999999999996D0,  0000005P    302
-39.89000000000011D0,-4.850000000031979D0,-4.999999999999998D0,  0000005P    303
-39.89000000000011D0,-4.857839750915746D0,-4.999999999999998D0,  0000005P    304
-39.89000000000009D0,-4.873545998587071D0,-4.998765455664028D0,  0000005P    305
-39.89000000000011D0,-4.896510566346529D0,-4.993257800270388D0,  0000005P    306
-39.89000000000006D0,-4.918384193114287D0,-4.984200605637559D0,  0000005P    307
-39.89000000000006D0,-4.938529051188944D0,-4.971853322206136D0,  0000005P    308
-39.89000000000004D0,-4.95650183485786D0,-4.956504665919285D0,   0000005P    309
-39.89000000000001D0,-4.971854295141664D0,-4.938529534636229D0,  0000005P    310
-39.89000000000004D0,-4.984208084973612D0,-4.918367673659213D0,  0000005P    311
-39.88999999999999D0,-4.993254755239362D0,-4.896521504384768D0,  0000005P    312
-39.89000000000001D0,-4.998770868349744D0,-4.873516574038262D0,  0000005P    313
-39.89D0,-5.000000000031982D0,-4.857834115450474D0,-39.89D0,     0000005P    314
-5.000000000031982D0,-4.849999999999996D0,0.0D0,                 0000005P    315
235.6250749184561D0,0.0D0,58.90626872960969D0;                   0000005P    316
128,19,20,3,3,0,0,1,0,0,0.0D0,0.0D0,0.0D0,0.0D0,                 0000007P    317
23.56250749184496D0,35.34376123776745D0,47.12501498368993D0,     0000007P    318
58.90626872961242D0,70.68752247553491D0,82.46877622145738D0,     0000007P    319
94.25002996737986D0,106.0312837133023D0,117.8125374592248D0,     0000007P    320
129.5937912051473D0,141.3750449510698D0,153.1562986969923D0,     0000007P    321
164.9375524429148D0,176.7188061888372D0,188.5000599347597D0,     0000007P    322
212.0625674266047D0,235.6250749184496D0,235.6250749184496D0,     0000007P    323
235.6250749184496D0,235.6250749184496D0,0.0D0,0.0D0,0.0D0,0.0D0, 0000007P    324
23.56250749184532D0,35.34376123776798D0,47.12501498369064D0,     0000007P    325
58.9062687296133D0,70.68752247553597D0,82.46877622145863D0,      0000007P    326
94.25002996738128D0,106.0312837133039D0,117.8125374592266D0,     0000007P    327
129.5937912051493D0,141.3750449510719D0,153.1562986969946D0,     0000007P    328
164.9375524429173D0,176.7188061888399D0,188.5000599347626D0,     0000007P    329
200.2813136806852D0,212.0625674266079D0,235.6250749184532D0,     0000007P    330
235.6250749184532D0,235.6250749184532D0,235.6250749184532D0,     0000007P    331
1.0D0,1.0D0,1.0D0,1.0D0,1.0D0,1.0D0,1.0D0,1.0D0,1.0D0,1.0D0,     0000007P    332
1.0D0,1.0D0,1.0D0,1.0D0,1.0D0,1.0D0,1.0D0,1.0D0,1.0D0,1.0D0,     0000007P    333
1.0D0,1.0D0,1.0D0,1.0D0,1.0D0,1.0D0,1.0D0,1.0D0,1.0D0,1.0D0,     0000007P    334
1.0D0,1.0D0,1.0D0,1.0D0,1.0D0,1.0D0,1.0D0,1.0D0,1.0D0,1.0D0,     0000007P    335
1.0D0,1.0D0,1.0D0,1.0D0,1.0D0,1.0D0,1.0D0,1.0D0,1.0D0,1.0D0,     0000007P    336
1.0D0,1.0D0,1.0D0,1.0D0,1.0D0,1.0D0,1.0D0,1.0D0,1.0D0,1.0D0,     0000007P    337
1.0D0,1.0D0,1.0D0,1.0D0,1.0D0,1.0D0,1.0D0,1.0D0,1.0D0,1.0D0,     0000007P    338
1.0D0,1.0D0,1.0D0,1.0D0,1.0D0,1.0D0,1.0D0,1.0D0,1.0D0,1.0D0,     0000007P    339
1.0D0,1.0D0,1.0D0,1.0D0,1.0D0,1.0D0,1.0D0,1.0D0,1.0D0,1.0D0,     0000007P    340
1.0D0,1.0D0,1.0D0,1.0D0,1.0D0,1.0D0,1.0D0,1.0D0,1.0D0,1.0D0,     0000007P    341
1.0D0,1.0D0,1.0D0,1.0D0,1.0D0,1.0D0,1.0D0,1.0D0,1.0D0,1.0D0,     0000007P    342
1.0D0,1.0D0,1.0D0,1.0D0,1.0D0,1.0D0,1.0D0,1.0D0,1.0D0,1.0D0,     0000007P    343
1.0D0,1.0D0,1.0D0,1.0D0,1.0D0,1.0D0,1.0D0,1.0D0,1.0D0,1.0D0,     0000007P    344
1.0D0,1.0D0,1.0D0,1.0D0,1.0D0,1.0D0,1.0D0,1.0D0,1.0D0,1.0D0,     0000007P    345
1.0D0,1.0D0,1.0D0,1.0D0,1.0D0,1.0D0,1.0D0,1.0D0,1.0D0,1.0D0,     0000007P    346
1.0D0,1.0D0,1.0D0,1.0D0,1.0D0,1.0D0,1.0D0,1.0D0,1.0D0,1.0D0,     0000007P    347
1.0D0,1.0D0,1.0D0,1.0D0,1.0D0,1.0D0,1.0D0,1.0D0,1.0D0,1.0D0,     0000007P    348
1.0D0,1.0D0,1.0D0,1.0D0,1.0D0,1.0D0,1.0D0,1.0D0,1.0D0,1.0D0,     0000007P    349
1.0D0,1.0D0,1.0D0,1.0D0,1.0D0,1.0D0,1.0D0,1.0D0,1.0D0,1.0D0,     0000007P    350
1.0D0,1.0D0,1.0D0,1.0D0,1.0D0,1.0D0,1.0D0,1.0D0,1.0D0,1.0D0,     0000007P    351
1.0D0,1.0D0,1.0D0,1.0D0,1.0D0,1.0D0,1.0D0,1.0D0,1.0D0,1.0D0,     0000007P    352
1.0D0,1.0D0,1.0D0,1.0D0,1.0D0,1.0D0,1.0D0,1.0D0,1.0D0,1.0D0,     0000007P    353
1.0D0,1.0D0,1.0D0,1.0D0,1.0D0,1.0D0,1.0D0,1.0D0,1.0D0,1.0D0,     0000007P    354
1.0D0,1.0D0,1.0D0,1.0D0,1.0D0,1.0D0,1.0D0,1.0D0,1.0D0,1.0D0,     0000007P    355
1.0D0,1.0D0,1.0D0,1.0D0,1.0D0,1.0D0,1.0D0,1.0D0,1.0D0,1.0D0,     0000007P    356
1.0D0,1.0D0,1.0D0,1.0D0,1.0D0,1.0D0,1.0D0,1.0D0,1.0D0,1.0D0,     0000007P    357
1.0D0,1.0D0,1.0D0,1.0D0,1.0D0,1.0D0,1.0D0,1.0D0,1.0D0,1.0D0,     0000007P    358
1.0D0,1.0D0,1.0D0,1.0D0,1.0D0,1.0D0,1.0D0,1.0D0,1.0D0,1.0D0,     0000007P    359
1.0D0,1.0D0,1.0D0,1.0D0,1.0D0,1.0D0,1.0D0,1.0D0,1.0D0,1.0D0,     0000007P    360
1.0D0,1.0D0,1.0D0,1.0D0,1.0D0,1.0D0,1.0D0,1.0D0,1.0D0,1.0D0,     0000007P    361
1.0D0,1.0D0,1.0D0,1.0D0,1.0D0,1.0D0,1.0D0,1.0D0,1.0D0,1.0D0,     0000007P    362
1.0D0,1.0D0,1.0D0,1.0D0,1.0D0,1.0D0,1.0D0,1.0D0,1.0D0,1.0D0,     0000007P    363
1.0D0,1.0D0,1.0D0,1.0D0,1.0D0,1.0D0,1.0D0,1.0D0,1.0D0,1.0D0,     0000007P    364
1.0D0,1.0D0,1.0D0,1.0D0,1.0D0,1.0D0,1.0D0,1.0D0,1.0D0,1.0D0,     0000007P    365
1.0D0,1.0D0,1.0D0,1.0D0,1.0D0,1.0D0,1.0D0,1.0D0,1.0D0,1.0D0,     0000007P    366
1.0D0,1.0D0,1.0D0,1.0D0,1.0D0,1.0D0,1.0D0,1.0D0,1.0D0,1.0D0,     0000007P    367
1.0D0,1.0D0,1.0D0,1.0D0,1.0D0,1.0D0,1.0D0,1.0D0,1.0D0,1.0D0,     0000007P    368
1.0D0,1.0D0,1.0D0,1.0D0,1.0D0,1.0D0,1.0D0,1.0D0,1.0D0,1.0D0,     0000007P    369
1.0D0,1.0D0,1.0D0,1.0D0,1.0D0,1.0D0,1.0D0,1.0D0,1.0D0,1.0D0,     0000007P    370
1.0D0,1.0D0,1.0D0,1.0D0,1.0D0,1.0D0,1.0D0,1.0D0,1.0D0,1.0D0,     0000007P    371
1.0D0,1.0D0,1.0D0,1.0D0,1.0D0,1.0D0,1.0D0,1.0D0,1.0D0,1.0D0,     0000007P    372
1.0D0,1.0D0,1.0D0,1.0D0,1.0D0,1.0D0,1.0D0,1.0D0,1.0D0,1.0D0,     0000007P    373
-39.89D0,-5.000000000031981D0,4.849999999999998D0,               0000007P    374
-39.89783975088377D0,-5.000000000031985D0,4.849999999999999D0,   0000007P    375
-39.90961943663726D0,-4.999074091780015D0,4.850000000000001D0,   0000007P    376
-39.92502828243482D0,-4.996011627999215D0,4.850000000000001D0,   0000007P    377
-39.93637419869058D0,-4.992814107897506D0,4.849999999999999D0,   0000007P    378
-39.94744737969842D0,-4.988729202985998D0,4.849999999999998D0,   0000007P    379
-39.95816809699566D0,-4.983789344569766D0,4.849999999999996D0,   0000007P    380
-39.96845662211964D0,-4.978026963953888D0,4.849999999999996D0,   0000007P    381
-39.97825754185626D0,-4.971478150631257D0,4.849999999999996D0,   0000007P    382
-39.98751544299144D0,-4.964178994094768D0,4.849999999999997D0,   0000007P    383
-39.99617429440276D0,-4.956176356576822D0,4.849999999999997D0,   0000007P    384
-40.00417806496781D0,-4.947517100309827D0,4.849999999999996D0,   0000007P    385
-40.01147946130325D0,-4.93825619345656D0,4.849999999999996D0,    0000007P    386
-40.0180311900257D0,-4.928448604179802D0,4.849999999999996D0,    0000007P    387
-40.0237946949959D0,-4.918157135154121D0,4.849999999999997D0,    0000007P    388
-40.02873142007456D0,-4.907444589054083D0,4.849999999999996D0,   0000007P    389
-40.03417410739252D0,-4.892687349359116D0,4.849999999999996D0,   0000007P    390
-40.03877086831783D0,-4.873516574070361D0,4.850000000000001D0,   0000007P    391
-40.04000000000009D0,-4.857834115482581D0,4.849999999999996D0,   0000007P    392
-40.0400000000001D0,-4.850000000032104D0,4.849999999999996D0,    0000007P    393
-39.89D0,-5.000000000031981D0,4.857839750883764D0,               0000007P    394
-39.89784037334473D0,-5.000038843173344D0,4.857744731384848D0,   0000007P    395
-39.90966892174235D0,-4.999061518251891D0,4.857584631108653D0,   0000007P    396
-39.92516207452636D0,-4.995938499418338D0,4.857305208214807D0,   0000007P    397
-39.93658422316631D0,-4.992690938342608D0,4.857066792341453D0,   0000007P    398
-39.94773727632973D0,-4.988546301741177D0,4.856798399115766D0,   0000007P    399
-39.95853272118482D0,-4.983536978461755D0,4.856499443697017D0,   0000007P    400
-39.96888261782273D0,-4.977696043881245D0,4.856169634473839D0,   0000007P    401
-39.97872698693647D0,-4.971066071061897D0,4.85581020794511D0,    0000007P    402
-39.98800609492087D0,-4.96368908993458D0,4.855422368113016D0,    0000007P    403
-39.99666347262658D0,-4.955618389811034D0,4.855008378153689D0,   0000007P    404
-40.00464307539543D0,-4.946907207795529D0,4.854570530813567D0,   0000007P    405
-40.01190103547434D0,-4.937615372967604D0,4.85411159097078D0,    0000007P    406
-40.01839380036743D0,-4.927802456510941D0,4.853634310628808D0,   0000007P    407
-40.02408866968223D0,-4.917532895231092D0,4.853141495646467D0,   0000007P    408
-40.02895304719554D0,-4.906870374808832D0,4.852635853940398D0,   0000007P    409
-40.03430261183124D0,-4.892216773060267D0,4.85194804601326D0,    0000007P    410
-40.03881186579823D0,-4.873237021637603D0,4.851068437017181D0,   0000007P    411
-40.04000113051456D0,-4.857737760365376D0,4.850355557522223D0,   0000007P    412
-40.0400000000001D0,-4.850000000032104D0,4.849999999999995D0,    0000007P    413
-39.88999999999999D0,-4.999074091780002D0,4.869619436637255D0,   0000007P    414
-39.89785262973992D0,-4.999089986918567D0,4.86943411867373D0,    0000007P    415
-39.9096666989085D0,-4.997669566483239D0,4.869001110855831D0,    0000007P    416
-39.92512150286174D0,-4.99409113825971D0,4.868259931882054D0,    0000007P    417
-39.93650655690536D0,-4.990587586631784D0,4.867630841258619D0,   0000007P    418
-39.94762207357429D0,-4.98627133630228D0,4.866933019116013D0,    0000007P    419
-39.95838311155899D0,-4.98116338006191D0,4.866166274878293D0,    0000007P    420
-39.96870511638964D0,-4.975286494641669D0,4.865330659372673D0,   0000007P    421
-39.97852997268124D0,-4.968675677480065D0,4.864428619959931D0,   0000007P    422
-39.98779969652588D0,-4.961365814048984D0,4.86346260621219D0,    0000007P    423
-39.99645794777999D0,-4.95340377103204D0,4.862436738053768D0,    0000007P    424
-40.00444856550646D0,-4.944836372466227D0,4.861355144781125D0,   0000007P    425
-40.01172612029999D0,-4.935717630755705D0,4.860222864050392D0,   0000007P    426
-40.01824530921994D0,-4.926101438112406D0,4.859044926735033D0,   0000007P    427
-40.02397075552592D0,-4.916047460024425D0,4.857826942568383D0,   0000007P    428
-40.02886698237841D0,-4.905615150648402D0,4.856574492498096D0,   0000007P    429
-40.03425864003594D0,-4.891282709586601D0,4.854866233595334D0,   0000007P    430
-40.03880574818562D0,-4.872723120933862D0,4.852672742099119D0,   0000007P    431
-40.04000744612603D0,-4.857568265747012D0,4.850890298974819D0,   0000007P    432
-40.0400000000001D0,-4.850000000032104D0,4.849999999999996D0,    0000007P    433
-39.89D0,-4.996011627999188D0,4.885028282434814D0,               0000007P    434
-39.89787000135426D0,-4.9960295116759D0,4.884766036073787D0,     0000007P    435
-39.90966057302581D0,-4.994139871282888D0,4.883958544526426D0,   0000007P    436
-39.92507447501116D0,-4.990103885231129D0,4.882605733925119D0,   0000007P    437
-39.93642519716635D0,-4.986378975470784D0,4.88146923149082D0,    0000007P    438
-39.94750878568328D0,-4.981952502864547D0,4.880219081087112D0,   0000007P    439
-39.95824175822683D0,-4.976824268223376D0,4.878850670466896D0,   0000007P    440
-39.9685406324619D0,-4.970994072358232D0,4.877359387383074D0,    0000007P    441
-39.97834907477921D0,-4.964492342136445D0,4.875750248403605D0,   0000007P    442
-39.98761075156944D0,-4.957349504425355D0,4.874028270096453D0,   0000007P    443
-39.99626952025543D0,-4.949606431868006D0,4.872200481412086D0,   0000007P    444
-40.00426923826002D0,-4.941303997107452D0,4.870273911300975D0,   0000007P    445
-40.01156320580132D0,-4.932490035881037D0,4.868256925759638D0,   0000007P    446
-40.01810472309744D0,-4.923212383926106D0,4.866157890784593D0,   0000007P    447
-40.02385626337716D0,-4.913525103952483D0,4.863986338682296D0,   0000007P    448
-40.02878029986931D0,-4.903482258669984D0,4.861751801759206D0,   0000007P    449
-40.03420654530017D0,-4.889692284732289D0,4.858701635395112D0,   0000007P    450
-40.03878634946267D0,-4.871845554728494D0,4.854780950242072D0,   0000007P    451
-40.04000462207669D0,-4.857277336083895D0,4.851592880645694D0,   0000007P    452
-40.04000000000011D0,-4.850000000032104D0,4.849999999999996D0,   0000007P    453
-39.89000000000001D0,-4.99281410789747D0,4.896374198690581D0,    0000007P    454
-39.89788711022914D0,-4.992843157526378D0,4.896086515505171D0,   0000007P    455
-39.90966013740038D0,-4.990677351584705D0,4.894994407930182D0,   0000007P    456
-39.92505280978211D0,-4.986406404169031D0,4.893187817694439D0,   0000007P    457
-39.93639019311033D0,-4.982582075627603D0,4.891681724316071D0,   0000007P    458
-39.94746273119465D0,-4.978131183130881D0,4.890029861813208D0,   0000007P    459
-39.95818651230346D0,-4.97303764760737D0,4.88822292576142D0,     0000007P    460
-39.96847762470522D0,-4.967285389985571D0,4.886251611736289D0,   0000007P    461
-39.97828042508701D0,-4.960903219559397D0,4.884123038422398D0,   0000007P    462
-39.98753927013595D0,-4.953919945622753D0,4.881844324504336D0,   0000007P    463
-39.99619810086595D0,-4.94637331789794D0,4.879424842332483D0,    0000007P    464
-40.00420085829086D0,-4.938301086107258D0,4.876873964257223D0,   0000007P    465
-40.01150039742777D0,-4.929747502980677D0,4.874202714104138D0,   0000007P    466
-40.01804957329363D0,-4.920756821248165D0,4.871422115698809D0,   0000007P    467
-40.02381008709122D0,-4.911379453158489D0,4.868544757552467D0,   0000007P    468
-40.02874364002326D0,-4.901665810960407D0,4.865583228176343D0,   0000007P    469
-40.03418221686942D0,-4.888336025763611D0,4.861539826596094D0,   0000007P    470
-40.03877473860404D0,-4.871095996041046D0,4.856340893649921D0,   0000007P    471
-40.04000115551924D0,-4.857028083567996D0,4.85211266819152D0,    0000007P    472
-40.04000000000011D0,-4.850000000032104D0,4.849999999999996D0,   0000007P    473
-39.89000000000001D0,-4.988729202985953D0,4.907447379698422D0,   0000007P    474
-39.89790629855716D0,-4.988768713257442D0,4.907161712956494D0,   0000007P    475
-39.90966533500065D0,-4.986403911451053D0,4.905791440640876D0,   0000007P    476
-39.92504641472816D0,-4.981998830128449D0,4.903545553414566D0,   0000007P    477
-39.93637873176392D0,-4.978142764946853D0,4.901683274144887D0,   0000007P    478
-39.94744737969843D0,-4.973718804462986D0,4.899642835512311D0,   0000007P    479
-39.95816809699566D0,-4.968702450503117D0,4.897410501923328D0,   0000007P    480
-39.96845662211965D0,-4.963069204893511D0,4.894972537784437D0,   0000007P    481
-39.97825754185628D0,-4.956846134753842D0,4.892337965468855D0,   0000007P    482
-39.98751544299147D0,-4.950060307203778D0,4.88951580734981D0,    0000007P    483
-39.99617429440278D0,-4.942746868917622D0,4.886517778985402D0,   0000007P    484
-40.00417806496782D0,-4.934940966569678D0,4.883355595933728D0,   0000007P    485
-40.01147946130325D0,-4.92668382628203D0,4.88004300023549D0,     0000007P    486
-40.0180311900257D0,-4.918016674176765D0,4.876593733931378D0,    0000007P    487
-40.02379469499591D0,-4.908986612259807D0,4.873023497690035D0,   0000007P    488
-40.02873142007457D0,-4.89964074253708D0,4.869347992180102D0,    0000007P    489
-40.03417410739252D0,-4.886824199235591D0,4.86432885694313D0,    0000007P    490
-40.03877086831783D0,-4.870260350856193D0,4.857873881479407D0,   0000007P    491
-40.04000000000009D0,-4.856749893385093D0,4.85262344151923D0,    0000007P    492
-40.04000000000011D0,-4.850000000032104D0,4.849999999999996D0,   0000007P    493
-39.89D0,-4.983789344569715D0,4.918168096995664D0,               0000007P    494
-39.89792535255204D0,-4.983832137096446D0,4.917906116036462D0,   0000007P    495
-39.90967320156592D0,-4.981338092917673D0,4.916271374621404D0,   0000007P    496
-39.92504787814068D0,-4.976884572544723D0,4.913607657269668D0,   0000007P    497
-39.93637909761706D0,-4.973052723687697D0,4.911406531564476D0,   0000007P    498
-39.94744737969842D0,-4.96870245050311D0,4.908994833632941D0,    0000007P    499
-39.95816809699567D0,-4.963805082384863D0,4.906354471258284D0,   0000007P    500
-39.96845662211965D0,-4.958331948726865D0,4.903467352223736D0,   0000007P    501
-39.97825754185628D0,-4.952308312174138D0,4.900344303377161D0,   0000007P    502
-39.98751544299146D0,-4.945759435371711D0,4.896996151566429D0,   0000007P    503
-39.99617429440278D0,-4.938718121882267D0,4.893436955461261D0,   0000007P    504
-40.00417806496782D0,-4.931217175268483D0,4.889680773731376D0,   0000007P    505
-40.01147946130325D0,-4.923295073244311D0,4.885744096825611D0,   0000007P    506
-40.01803119002571D0,-4.914990293523696D0,4.881643415192799D0,   0000007P    507
-40.02379469499591D0,-4.906346797978834D0,4.87739756963531D0,    0000007P    508
-40.02873142007458D0,-4.897408548481922D0,4.873025400955512D0,   0000007P    509
-40.03417410739253D0,-4.885159191059596D0,4.867053689247308D0,   0000007P    510
-40.03877086831783D0,-4.869340536312659D0,4.859371781911045D0,   0000007P    511
-40.04000000000009D0,-4.856443525665362D0,4.853122504534994D0,   0000007P    512
-40.04000000000011D0,-4.850000000032104D0,4.849999999999996D0,   0000007P    513
-39.89000000000001D0,-4.97802696395383D0,4.92845662211963D0,     0000007P    514
-39.8979421152132D0,-4.978059974048816D0,4.928234261968992D0,    0000007P    515
-39.90968101702425D0,-4.975500234609425D0,4.926356188609798D0,   0000007P    516
-39.92504978831103D0,-4.971067040853195D0,4.923302845443916D0,   0000007P    517
-39.93637957515965D0,-4.967303632109299D0,4.920784147162053D0,   0000007P    518
-39.94744737969844D0,-4.963069204893497D0,4.918022687623614D0,   0000007P    519
-39.95816809699568D0,-4.958331948726858D0,4.914995906071948D0,   0000007P    520
-39.96845662211966D0,-4.953060053130448D0,4.911681241750407D0,   0000007P    521
-39.97825754185628D0,-4.947276976274646D0,4.908091325981502D0,   0000007P    522
-39.98751544299146D0,-4.941006176329839D0,4.904238790087746D0,   0000007P    523
-39.99617429440278D0,-4.934278113747085D0,4.900140035850482D0,   0000007P    524
-40.00417806496782D0,-4.927123248977447D0,4.895811465051048D0,   0000007P    525
-40.01147946130325D0,-4.919577311326734D0,4.891272316546423D0,   0000007P    526
-40.01803119002571D0,-4.911676030100751D0,4.886541829193573D0,   0000007P    527
-40.02379469499591D0,-4.903460227037965D0,4.881641983928601D0,   0000007P    528
-40.02873142007458D0,-4.894970723876851D0,4.876594761687604D0,   0000007P    529
-40.03417410739253D0,-4.883343387147D0,4.86969928631972D0,       0000007P    530
-40.03877086831783D0,-4.868338469549156D0,4.860826463125355D0,   0000007P    531
-40.04000000000009D0,-4.856109740538974D0,4.853607161144985D0,   0000007P    532
-40.04000000000011D0,-4.850000000032104D0,4.849999999999996D0,   0000007P    533
-39.89000000000001D0,-4.971478150631192D0,4.938257541856242D0,   0000007P    534
-39.89795530963302D0,-4.971488791774403D0,4.938084587623905D0,   0000007P    535
-39.90968762788088D0,-4.968922328104303D0,4.935990412612242D0,   0000007P    536
-39.92505161496624D0,-4.964575830163156D0,4.93258242034957D0,    0000007P    537
-39.93638003182346D0,-4.960924091566056D0,4.92977139127741D0,    0000007P    538
-39.94744737969845D0,-4.95684613475382D0,4.926684837573772D0,    0000007P    539
-39.95816809699569D0,-4.952308312174126D0,4.923296017114463D0,   0000007P    540
-39.96845662211967D0,-4.94727697627464D0,4.919578187775297D0,    0000007P    541
-39.97825754185628D0,-4.941773780751104D0,4.915545785353429D0,   0000007P    542
-39.98751544299147D0,-4.935820379299253D0,4.911213245646018D0,   0000007P    543
-39.99617429440278D0,-4.929444889258528D0,4.906599313546025D0,   0000007P    544
-40.00417806496782D0,-4.922675427968372D0,4.901722733946411D0,   0000007P    545
-40.01147946130326D0,-4.915544976326453D0,4.896605494112291D0,   0000007P    546
-40.01803119002572D0,-4.908086515230441D0,4.891269581308772D0,   0000007P    547
-40.02379469499592D0,-4.900337726285072D0,4.885740116605686D0,   0000007P    548
-40.02873142007459D0,-4.892336291095091D0,4.880042221072856D0,   0000007P    549
-40.03417410739253D0,-4.881383403904832D0,4.872255489071116D0,   0000007P    550
-40.03877086831783D0,-4.867257759514981D0,4.862232383800928D0,   0000007P    551
-40.04000000000009D0,-4.855749740989029D0,4.854075564242063D0,   0000007P    552
-40.04000000000011D0,-4.850000000032104D0,4.849999999999996D0,   0000007P    553
-39.89000000000001D0,-4.964178994094694D0,4.947515442991419D0,   0000007P    554
-39.89796362272005D0,-4.964154755568135D0,4.94739540459868D0,    0000007P    555
-39.90969188230846D0,-4.961636316350131D0,4.945118544130172D0,   0000007P    556
-39.92505282783335D0,-4.957440535583895D0,4.941397684398888D0,   0000007P    557
-39.93638033504025D0,-4.953942703412362D0,4.938323534250339D0,   0000007P    558
-39.94744737969846D0,-4.950060307203747D0,4.934939723572851D0,   0000007P    559
-39.95816809699569D0,-4.945759435371689D0,4.931216015135973D0,   0000007P    560
-39.96845662211967D0,-4.941006176329823D0,4.927122171709254D0,   0000007P    561
-39.97825754185628D0,-4.935820379299244D0,4.922674433564494D0,   0000007P    562
-39.98751544299146D0,-4.930221893501043D0,4.9178890409735D0,     0000007P    563
-39.99617429440278D0,-4.924236493163041D0,4.912787081940849D0,   0000007P    564
-40.00417806496782D0,-4.91788995251306D0,4.907389644471126D0,    0000007P    565
-40.01147946130326D0,-4.911212504040631D0,4.901721464237584D0,   0000007P    566
-40.01803119002572D0,-4.90423438023528D0,4.89580727691347D0,     0000007P    567
-40.02379469499592D0,-4.896990122568021D0,4.889675343702339D0,   0000007P    568
-40.02873142007459D0,-4.889514272509867D0,4.883353925807749D0,   0000007P    569
-40.03417410739253D0,-4.879285857740122D0,4.874712138412249D0,   0000007P    570
-40.03877086831783D0,-4.866102015159418D0,4.86358400261636D0,    0000007P    571
-40.04000000000009D0,-4.855364729998621D0,4.854525866719092D0,   0000007P    572
-40.04000000000011D0,-4.850000000032104D0,4.849999999999996D0,   0000007P    573
-39.89000000000001D0,-4.956176356576741D0,4.956174294402738D0,   0000007P    574
-39.89796653919521D0,-4.956107517853942D0,4.956105511430827D0,   0000007P    575
-39.9096934124948D0,-4.95368719467798D0,4.953685301638238D0,     0000007P    576
-39.92505328079837D0,-4.949701506044767D0,4.949699754286776D0,   0000007P    577
-39.9363804482815D0,-4.946397086442099D0,4.946395436970145D0,    0000007P    578
-39.94744737969847D0,-4.942746868917584D0,4.942745322279039D0,   0000007P    579
-39.95816809699569D0,-4.938718121882234D0,4.938716678350782D0,   0000007P    580
-39.96845662211967D0,-4.934278113747062D0,4.934276773322703D0,   0000007P    581
-39.97825754185628D0,-4.929444889258513D0,4.929443651941247D0,   0000007P    582
-39.98751544299146D0,-4.924236493163034D0,4.92423535895286D0,    0000007P    583
-39.99617429440278D0,-4.918676356576827D0,4.918675325473746D0,   0000007P    584
-40.00417806496782D0,-4.912787910616094D0,4.912786982620108D0,   0000007P    585
-40.01147946130326D0,-4.906598639362225D0,4.906597814473336D0,   0000007P    586
-40.01803119002572D0,-4.900136026896611D0,4.900135305114818D0,   0000007P    587
-40.02379469499592D0,-4.893431474556534D0,4.893430855881836D0,   0000007P    588
-40.02873142007459D0,-4.88651638367928D0,4.886515868111677D0,    0000007P    589
-40.03417410739253D0,-4.877059340062146D0,4.877058961970675D0,   0000007P    590
-40.03877086831783D0,-4.86487592270571D0,4.864875716459404D0,    0000007P    591
-40.04000000000009D0,-4.854956269642166D0,4.854956200871993D0,   0000007P    592
-40.04000000000011D0,-4.850000000032104D0,4.849999999999996D0,   0000007P    593
-39.89000000000003D0,-4.94751710030974D0,4.964178064967779D0,    0000007P    594
-39.8979636231193D0,-4.94739701190966D0,4.964153853785442D0,     0000007P    595
-39.90969188225794D0,-4.94512006110786D0,4.961635464393648D0,    0000007P    596
-39.92505282774733D0,-4.941399090475129D0,4.957439746708143D0,   0000007P    597
-39.93638033501875D0,-4.938324859449143D0,4.953941960326133D0,   0000007P    598
-39.94744737969847D0,-4.934940966569636D0,4.95005961035052D0,    0000007P    599
-39.9581680969957D0,-4.931217175268446D0,4.945758784973199D0,    0000007P    600
-39.96845662211967D0,-4.927123248977419D0,4.941005572386072D0,   0000007P    601
-39.97825754185628D0,-4.922675427968354D0,4.935819821810231D0,   0000007P    602
-39.98751544299146D0,-4.91788995251305D0,4.930221382466767D0,    0000007P    603
-39.99617429440278D0,-4.91278791061609D0,4.924236028583505D0,    0000007P    604
-40.00417806496783D0,-4.907390390282057D0,4.917889534388266D0,   0000007P    605
-40.01147946130326D0,-4.901722127184202D0,4.911212132370578D0,   0000007P    606
-40.01803119002572D0,-4.895807856995776D0,4.904234055019968D0,   0000007P    607
-40.02379469499593D0,-4.889675840920333D0,4.89698984380745D0,    0000007P    608
-40.02873142007459D0,-4.88335434016143D0,4.889514040204037D0,    0000007P    609
-40.03417410739252D0,-4.874712442280181D0,4.879285687373951D0,   0000007P    610
-40.03877086831783D0,-4.863584168377098D0,4.866101922217821D0,   0000007P    611
-40.0400000000001D0,-4.854525921994076D0,4.855364698996684D0,    0000007P    612
-40.04000000000011D0,-4.850000000032104D0,4.849999999999996D0,   0000007P    613
-39.89000000000004D0,-4.938256193456469D0,4.971479461303201D0,   0000007P    614
-39.89795530872385D0,-4.938083261137572D0,4.971490066168638D0,   0000007P    615
-39.90968762735051D0,-4.935989162536318D0,4.968923533584564D0,   0000007P    616
-39.92505161481044D0,-4.932581269479789D0,4.964576945595552D0,   0000007P    617
-39.93638003178453D0,-4.929770311380326D0,4.96092514043873D0,    0000007P    618
-39.94744737969847D0,-4.926683826281984D0,4.956847117749783D0,   0000007P    619
-39.95816809699571D0,-4.923295073244272D0,4.952309229634881D0,   0000007P    620
-39.96845662211967D0,-4.919577311326702D0,4.947277828200187D0,   0000007P    621
-39.97825754185629D0,-4.915544976326431D0,4.941774567141444D0,   0000007P    622
-39.98751544299147D0,-4.911212504040614D0,4.935821100154384D0,   0000007P    623
-39.99617429440279D0,-4.906598639362216D0,4.929445544578454D0,   0000007P    624
-40.00417806496783D0,-4.901722127184198D0,4.922676017753093D0,   0000007P    625
-40.01147946130326D0,-4.896604954771671D0,4.915545500575972D0,   0000007P    626
-40.01803119002572D0,-4.891269109389746D0,4.908086973944751D0,   0000007P    627
-40.02379469499593D0,-4.885739712108251D0,4.900338119464177D0,   0000007P    628
-40.02873142007458D0,-4.880041883997014D0,4.892336618738991D0,   0000007P    629
-40.03417410739252D0,-4.87225524189073D0,4.881383644168462D0,    0000007P    630
-40.03877086831782D0,-4.862232248989857D0,4.867257890553275D0,   0000007P    631
-40.0400000000001D0,-4.854075519326442D0,4.855749784647055D0,    0000007P    632
-40.04000000000011D0,-4.850000000032104D0,4.849999999999996D0,   0000007P    633
-39.89000000000006D0,-4.928448604179707D0,4.978031190025653D0,   0000007P    634
-39.89794211256176D0,-4.928226455102069D0,4.978064072879081D0,   0000007P    635
-39.90968101600497D0,-4.926348812733521D0,4.975504115648151D0,   0000007P    636
-39.92504978811796D0,-4.923296023663555D0,4.971070634881569D0,   0000007P    637
-39.93637957511141D0,-4.920777731182485D0,4.967307013428361D0,   0000007P    638
-39.94744737969848D0,-4.918016674176712D0,4.963072374439323D0,   0000007P    639
-39.95816809699571D0,-4.91499029352365D0,4.958334906967484D0,    0000007P    640
-39.96845662211967D0,-4.911676030100714D0,4.953062800065874D0,   0000007P    641
-39.97825754185629D0,-4.908086515230412D0,4.947279511904876D0,   0000007P    642
-39.98751544299147D0,-4.90423438023526D0,4.94100850065487D0,     0000007P    643
-39.9961742944028D0,-4.900136026896597D0,4.934280226766919D0,    0000007P    644
-40.00417806496784D0,-4.895807856995767D0,4.927125150692087D0,   0000007P    645
-40.01147946130326D0,-4.891269109389741D0,4.919579001736178D0,   0000007P    646
-40.01803119002572D0,-4.886539022935493D0,4.911677509204996D0,   0000007P    647
-40.02379469499593D0,-4.881639578569121D0,4.903461494837017D0,   0000007P    648
-40.02873142007458D0,-4.876592757226724D0,4.894971780370706D0,   0000007P    649
-40.03417410739252D0,-4.869697816390305D0,4.883344161900597D0,   0000007P    650
-40.03877086831783D0,-4.860825661360268D0,4.868338892127434D0,   0000007P    651
-40.0400000000001D0,-4.853606893911359D0,4.856109881376995D0,    0000007P    652
-40.04000000000011D0,-4.850000000032104D0,4.849999999999996D0,   0000007P    653
-39.89000000000006D0,-4.918157135154019D0,4.983794694995851D0,   0000007P    654
-39.89792535097829D0,-4.917895460501586D0,4.983837328881869D0,   0000007P    655
-39.90967320083484D0,-4.916261298163376D0,4.981343006547003D0,   0000007P    656
-39.92504787794163D0,-4.913598332218526D0,4.976889122361354D0,   0000007P    657
-39.93637909756733D0,-4.911397760224952D0,4.973057004511983D0,   0000007P    658
-39.94744737969848D0,-4.908986612259747D0,4.968706463314669D0,   0000007P    659
-39.95816809699571D0,-4.906346797978782D0,4.963808827673509D0,   0000007P    660
-39.96845662211967D0,-4.903460227037924D0,4.958335426492595D0,   0000007P    661
-39.97825754185629D0,-4.900337726285039D0,4.952311522416955D0,   0000007P    662
-39.98751544299147D0,-4.896990122567996D0,4.945762378091614D0,   0000007P    663
-39.99617429440281D0,-4.893431474556516D0,4.938720797079255D0,   0000007P    664
-40.00417806496784D0,-4.88967584092032D0,4.931219582942564D0,    0000007P    665
-40.01147946130327D0,-4.885739712108242D0,4.923297213395481D0,   0000007P    666
-40.01803119002572D0,-4.881639578569117D0,4.914992166151952D0,   0000007P    667
-40.02379469499593D0,-4.877394281105313D0,4.906348403084177D0,   0000007P    668
-40.02873142007458D0,-4.873022660519201D0,4.897409886064355D0,   0000007P    669
-40.03417410739252D0,-4.867051679602577D0,4.885160171944817D0,   0000007P    670
-40.03877086831783D0,-4.859370685755787D0,4.869341071326367D0,   0000007P    671
-40.04000000000009D0,-4.853122139171313D0,4.856443703981857D0,   0000007P    672
-40.04000000000011D0,-4.850000000032104D0,4.849999999999996D0,   0000007P    673
-39.89000000000006D0,-4.907444589053974D0,4.9887314200745D0,     0000007P    674
-39.89790629915834D0,-4.907158986733473D0,4.988770874265192D0,   0000007P    675
-39.90966533486056D0,-4.905788863362097D0,4.986405950640233D0,   0000007P    676
-39.92504641455319D0,-4.903543174336803D0,4.982000715830073D0,   0000007P    677
-39.93637873172023D0,-4.901681039877062D0,4.978144538906554D0,   0000007P    678
-39.94744737969848D0,-4.899640742537017D0,4.973720467271356D0,   0000007P    679
-39.95816809699571D0,-4.897408548481865D0,4.96870400245545D0,    0000007P    680
-39.96845662211967D0,-4.894970723876803D0,4.96307064598981D0,    0000007P    681
-39.97825754185629D0,-4.892336291095052D0,4.956847464994106D0,   0000007P    682
-39.98751544299147D0,-4.889514272509836D0,4.950061526588008D0,   0000007P    683
-39.99617429440281D0,-4.886516383679256D0,4.942747977445818D0,   0000007P    684
-40.00417806496784D0,-4.883354340161411D0,4.934941964241842D0,   0000007P    685
-40.01147946130327D0,-4.880041883996999D0,4.926684713098164D0,   0000007P    686
-40.01803119002572D0,-4.876592757226714D0,4.918017450136865D0,   0000007P    687
-40.02379469499594D0,-4.873022660519197D0,4.908987277363874D0,   0000007P    688
-40.02873142007458D0,-4.869347294543091D0,4.899641296785116D0,   0000007P    689
-40.03417410739251D0,-4.864328345351217D0,4.886824605675587D0,   0000007P    690
-40.03877086831783D0,-4.857873602443869D0,4.870260572536145D0,   0000007P    691
-40.04000000000009D0,-4.852623348528787D0,4.856749967257003D0,   0000007P    692
-40.04000000000011D0,-4.850000000032104D0,4.849999999999996D0,   0000007P    693
-39.89000000000007D0,-4.896376659282745D0,4.992813435562956D0,   0000007P    694
-39.89788710989308D0,-4.896088876892427D0,4.992842506053909D0,   0000007P    695
-39.90966013709861D0,-4.894996649222762D0,4.990676734823912D0,   0000007P    696
-39.92505280968214D0,-4.893189903600661D0,4.986405832651128D0,   0000007P    697
-39.93639019315972D0,-4.891683691991832D0,4.982581537622657D0,   0000007P    698
-39.94746273132972D0,-4.890031708298303D0,4.978130678712702D0,   0000007P    699
-39.95818651248858D0,-4.88822464950678D0,4.973037176802421D0,    0000007P    700
-39.96847762493271D0,-4.886253212603974D0,4.967284952772983D0,   0000007P    701
-39.97828042534372D0,-4.884124516296143D0,4.96090281593042D0,    0000007P    702
-39.98753927040322D0,-4.881845679289539D0,4.953919575580772D0,   0000007P    703
-39.99619810112573D0,-4.879426073958479D0,4.946372981452885D0,   0000007P    704
-40.00420085852576D0,-4.876875072677279D0,4.938300783275603D0,   0000007P    705
-40.01150039762625D0,-4.874203699294309D0,4.929747233778321D0,   0000007P    706
-40.01804957345017D0,-4.871422977657939D0,4.920756585690434D0,   0000007P    707
-40.02381008720587D0,-4.868545496293944D0,4.911379251254896D0,   0000007P    708
-40.02874364010169D0,-4.865583843728096D0,4.901665642714658D0,   0000007P    709
-40.03418221690923D0,-4.861540277936942D0,4.888335902392601D0,   0000007P    710
-40.03877473861747D0,-4.856341139815026D0,4.871095928745256D0,   0000007P    711
-40.04000115552229D0,-4.852112750260907D0,4.857028061117657D0,   0000007P    712
-40.04000000000011D0,-4.850000000032104D0,4.849999999999995D0,   0000007P    713
-39.89000000000009D0,-4.885019039243499D0,4.99601281176257D0,    0000007P    714
-39.89786999921542D0,-4.884757060427764D0,4.996030636109678D0,   0000007P    715
-39.90966057228829D0,-4.883950053346767D0,4.994140949547312D0,   0000007P    716
-39.92507447505796D0,-4.882597873592376D0,4.990104890187919D0,   0000007P    717
-39.93642519747539D0,-4.881461838422287D0,4.986379921670877D0,   0000007P    718
-39.94750878622342D0,-4.880212152833392D0,4.981953390042028D0,   0000007P    719
-39.95824175896718D0,-4.878844205527412D0,4.976825096203536D0,   0000007P    720
-39.96854063337182D0,-4.877353385206066D0,4.970994841057574D0,   0000007P    721
-39.97834907580601D0,-4.875744708524D0,4.964493051519988D0,      0000007P    722
-39.98761075263847D0,-4.874023192135863D0,4.957350154506633D0,   0000007P    723
-39.99626952129452D0,-4.872195865087851D0,4.949607022686735D0,   0000007P    724
-40.00426923919949D0,-4.87026975642616D0,4.941304528729519D0,    0000007P    725
-40.01156320659519D0,-4.868253232238467D0,4.932490508370043D0,   0000007P    726
-40.01810472372349D0,-4.866154658612446D0,4.923212797343356D0,   0000007P    727
-40.02385626383567D0,-4.863983567912724D0,4.913525458336035D0,   0000007P    728
-40.02878030018302D0,-4.861749492503929D0,4.903482554034649D0,   0000007P    729
-40.03420654545937D0,-4.85869994166046D0,4.889692501395557D0,    0000007P    730
-40.03878634951633D0,-4.85478002625977D0,4.871845672942189D0,    0000007P    731
-40.04000462208889D0,-4.851592572644795D0,4.857277375479047D0,   0000007P    732
-40.04000000000011D0,-4.850000000032104D0,4.849999999999995D0,   0000007P    733
-39.89000000000011D0,-4.869595959423299D0,4.999078151238322D0,   0000007P    734
-39.89785262851919D0,-4.869411382615008D0,4.999093900496389D0,   0000007P    735
-39.90966669839575D0,-4.868979576108378D0,4.997673281655493D0,   0000007P    736
-39.92512150315016D0,-4.86823997849436D0,4.994094586332609D0,    0000007P    737
-39.93650655777855D0,-4.867612068812295D0,4.990590832721099D0,   0000007P    738
-39.94762207510748D0,-4.866915425246766D0,4.986274379607702D0,   0000007P    739
-39.95838311375881D0,-4.866149857775165D0,4.981166220152626D0,   0000007P    740
-39.96870511917357D0,-4.865315417528388D0,4.975289131307422D0,   0000007P    741
-39.97852997586867D0,-4.864414552057879D0,4.968678110655337D0,   0000007P    742
-39.98779969985078D0,-4.863449711133269D0,4.961368043806158D0,   0000007P    743
-39.99645795098152D0,-4.862425014977942D0,4.953405797533361D0,   0000007P    744
-40.00444856834278D0,-4.861344593187932D0,4.944838195955323D0,   0000007P    745
-40.01172612262001D0,-4.860213483711092D0,4.93571925146891D0,    0000007P    746
-40.01824531096581D0,-4.859036717703147D0,4.926102856266592D0,   0000007P    747
-40.02397075672228D0,-4.85781990507587D0,4.916048675749961D0,    0000007P    748
-40.02886698312435D0,-4.85656862693878D0,4.90561616398756D0,     0000007P    749
-40.03425864035265D0,-4.854861931257164D0,4.891283452988616D0,   0000007P    750
-40.03880574825946D0,-4.852670394922113D0,4.872723526604376D0,   0000007P    751
-40.04000744613444D0,-4.850889516500518D0,4.857568401001284D0,   0000007P    752
-40.04000000000011D0,-4.850000000032104D0,4.849999999999996D0,   0000007P    753
-39.8900000000001D0,-4.857834115482459D0,5.0D0,                  0000007P    754
-39.89784037352099D0,-4.857739275849911D0,5.000038848567686D0,   0000007P    755
-39.90966892173447D0,-4.857579470690109D0,4.999061517532897D0,   0000007P    756
-39.92516207514232D0,-4.85730043363599D0,4.995938498674819D0,    0000007P    757
-39.93658422460858D0,-4.857062305755877D0,4.992690937724228D0,   0000007P    758
-39.94773727889719D0,-4.856794199898983D0,4.988546300584092D0,   0000007P    759
-39.9585327249835D0,-4.856495530105629D0,4.983536976446909D0,    0000007P    760
-39.96888262272915D0,-4.85616600432872D0,4.977696040791511D0,    0000007P    761
-39.97872699261341D0,-4.855806859190393D0,4.971066066869714D0,   0000007P    762
-39.98800610084817D0,-4.855419298866986D0,4.9636890848194D0,     0000007P    763
-39.99666347829385D0,-4.855005587053819D0,4.955618384116693D0,   0000007P    764
-40.00464308033819D0,-4.854568017019038D0,4.946907202011238D0,   0000007P    765
-40.01190103941403D0,-4.854109354166845D0,4.93761536756398D0,    0000007P    766
-40.01839380321636D0,-4.853632351005559D0,4.927802451909559D0,   0000007P    767
-40.02408867151611D0,-4.853139813707652D0,4.91753289167603D0,    0000007P    768
-40.02895304822495D0,-4.852634450448654D0,4.906870372367099D0,   0000007P    769
-40.03430261214141D0,-4.851947014988476D0,4.892216771924766D0,   0000007P    770
-40.03881186579461D0,-4.851067873760853D0,4.873237021436474D0,   0000007P    771
-40.04000113049323D0,-4.850355369595129D0,4.857737760390514D0,   0000007P    772
-40.04000000000011D0,-4.850000000032104D0,4.849999999999996D0,   0000007P    773
-39.89000000000011D0,-4.850000000031978D0,5.0D0,                 0000007P    774
-39.89783975088387D0,-4.850000000031986D0,5.0D0,                 0000007P    775
-39.90961943663736D0,-4.850000000031995D0,4.999074091748023D0,   0000007P    776
-39.92502828243492D0,-4.850000000032009D0,4.99601162796721D0,    0000007P    777
-39.93637419869069D0,-4.850000000032018D0,4.992814107865491D0,   0000007P    778
-39.94744737969853D0,-4.850000000032027D0,4.988729202953974D0,   0000007P    779
-39.95816809699578D0,-4.850000000032036D0,4.983789344537734D0,   0000007P    780
-39.96845662211974D0,-4.850000000032045D0,4.978026963921849D0,   0000007P    781
-39.97825754185634D0,-4.850000000032053D0,4.97147815059921D0,    0000007P    782
-39.98751544299152D0,-4.850000000032062D0,4.964178994062712D0,   0000007P    783
-39.99617429440284D0,-4.850000000032069D0,4.956176356544759D0,   0000007P    784
-40.00417806496787D0,-4.850000000032074D0,4.947517100277759D0,   0000007P    785
-40.0114794613033D0,-4.850000000032082D0,4.938256193424488D0,    0000007P    786
-40.01803119002575D0,-4.850000000032086D0,4.928448604147722D0,   0000007P    787
-40.02379469499594D0,-4.85000000003209D0,4.918157135122032D0,    0000007P    788
-40.02873142007459D0,-4.850000000032094D0,4.907444589021988D0,   0000007P    789
-40.03417410739254D0,-4.8500000000321D0,4.892687349327018D0,     0000007P    790
-40.03877086831784D0,-4.850000000032105D0,4.873516574038261D0,   0000007P    791
-40.04000000000009D0,-4.850000000032102D0,4.857834115450474D0,   0000007P    792
-40.0400000000001D0,-4.850000000032104D0,4.849999999999996D0,    0000007P    793
0.0D0,235.6250749184496D0,0.0D0,235.6250749184532D0;             0000007P    794
128,12,20,3,3,0,0,1,0,0,0.0D0,0.0D0,0.0D0,0.0D0,                 0000009P    795
23.56250749184571D0,47.12501498369141D0,70.68752247553712D0,     0000009P    796
94.25002996738283D0,117.8125374592285D0,141.3750449510742D0,     0000009P    797
164.93755244292D0,188.5000599347657D0,212.0625674266113D0,       0000009P    798
235.625074918457D0,235.625074918457D0,235.625074918457D0,        0000009P    799
235.625074918457D0,0.0D0,0.0D0,0.0D0,0.0D0,5.890626872960937D0,  0000009P    800
8.835940309441405D0,11.78125374592187D0,14.72656718240234D0,     0000009P    801
17.67188061888281D0,20.61719405536328D0,23.56250749184375D0,     0000009P    802
26.50782092832421D0,29.45313436480468D0,32.39844780128516D0,     0000009P    803
35.34376123776563D0,38.28907467424609D0,41.23438811072656D0,     0000009P    804
44.17970154720703D0,47.12501498368749D0,50.07032842016796D0,     0000009P    805
53.01564185664843D0,58.90626872960937D0,58.90626872960937D0,     0000009P    806
58.90626872960937D0,58.90626872960937D0,1.0D0,1.0D0,1.0D0,1.0D0, 0000009P    807
1.0D0,1.0D0,1.0D0,1.0D0,1.0D0,1.0D0,1.0D0,1.0D0,1.0D0,1.0D0,     0000009P    808
1.0D0,1.0D0,1.0D0,1.0D0,1.0D0,1.0D0,1.0D0,1.0D0,1.0D0,1.0D0,     0000009P    809
1.0D0,1.0D0,1.0D0,1.0D0,1.0D0,1.0D0,1.0D0,1.0D0,1.0D0,1.0D0,     0000009P    810
1.0D0,1.0D0,1.0D0,1.0D0,1.0D0,1.0D0,1.0D0,1.0D0,1.0D0,1.0D0,     0000009P    811
1.0D0,1.0D0,1.0D0,1.0D0,1.0D0,1.0D0,1.0D0,1.0D0,1.0D0,1.0D0,     0000009P    812
1.0D0,1.0D0,1.0D0,1.0D0,1.0D0,1.0D0,1.0D0,1.0D0,1.0D0,1.0D0,     0000009P    813
1.0D0,1.0D0,1.0D0,1.0D0,1.0D0,1.0D0,1.0D0,1.0D0,1.0D0,1.0D0,     0000009P    814
1.0D0,1.0D0,1.0D0,1.0D0,1.0D0,1.0D0,1.0D0,1.0D0,1.0D0,1.0D0,     0000009P    815
1.0D0,1.0D0,1.0D0,1.0D0,1.0D0,1.0D0,1.0D0,1.0D0,1.0D0,1.0D0,     0000009P    816
1.0D0,1.0D0,1.0D0,1.0D0,1.0D0,1.0D0,1.0D0,1.0D0,1.0D0,1.0D0,     0000009P    817
1.0D0,1.0D0,1.0D0,1.0D0,1.0D0,1.0D0,1.0D0,1.0D0,1.0D0,1.0D0,     0000009P    818
1.0D0,1.0D0,1.0D0,1.0D0,1.0D0,1.0D0,1.0D0,1.0D0,1.0D0,1.0D0,     0000009P    819
1.0D0,1.0D0,1.0D0,1.0D0,1.0D0,1.0D0,1.0D0,1.0D0,1.0D0,1.0D0,     0000009P    820
1.0D0,1.0D0,1.0D0,1.0D0,1.0D0,1.0D0,1.0D0,1.0D0,1.0D0,1.0D0,     0000009P    821
1.0D0,1.0D0,1.0D0,1.0D0,1.0D0,1.0D0,1.0D0,1.0D0,1.0D0,1.0D0,     0000009P    822
1.0D0,1.0D0,1.0D0,1.0D0,1.0D0,1.0D0,1.0D0,1.0D0,1.0D0,1.0D0,     0000009P    823
1.0D0,1.0D0,1.0D0,1.0D0,1.0D0,1.0D0,1.0D0,1.0D0,1.0D0,1.0D0,     0000009P    824
1.0D0,1.0D0,1.0D0,1.0D0,1.0D0,1.0D0,1.0D0,1.0D0,1.0D0,1.0D0,     0000009P    825
1.0D0,1.0D0,1.0D0,1.0D0,1.0D0,1.0D0,1.0D0,1.0D0,1.0D0,1.0D0,     0000009P    826
1.0D0,1.0D0,1.0D0,1.0D0,1.0D0,1.0D0,1.0D0,1.0D0,1.0D0,1.0D0,     0000009P    827
1.0D0,1.0D0,1.0D0,1.0D0,1.0D0,1.0D0,1.0D0,1.0D0,1.0D0,1.0D0,     0000009P    828
1.0D0,1.0D0,1.0D0,1.0D0,1.0D0,1.0D0,1.0D0,1.0D0,1.0D0,1.0D0,     0000009P    829
1.0D0,1.0D0,1.0D0,1.0D0,1.0D0,1.0D0,1.0D0,1.0D0,1.0D0,1.0D0,     0000009P    830
1.0D0,1.0D0,1.0D0,1.0D0,1.0D0,1.0D0,1.0D0,1.0D0,1.0D0,1.0D0,     0000009P    831
1.0D0,1.0D0,1.0D0,1.0D0,1.0D0,1.0D0,1.0D0,1.0D0,1.0D0,1.0D0,     0000009P    832
1.0D0,1.0D0,1.0D0,1.0D0,1.0D0,1.0D0,1.0D0,1.0D0,1.0D0,1.0D0,     0000009P    833
1.0D0,1.0D0,1.0D0,1.0D0,1.0D0,1.0D0,1.0D0,1.0D0,1.0D0,           0000009P    834
39.89000000000001D0,-4.850000000000001D0,-4.999999999999998D0,   0000009P    835
39.89783975088379D0,-4.849999999999999D0,-4.999999999999998D0,   0000009P    836
39.91354599855509D0,-4.849999999999998D0,-4.998765455664029D0,   0000009P    837
39.93651056631452D0,-4.849999999999999D0,-4.993257800270386D0,   0000009P    838
39.95838419308232D0,-4.850000000000001D0,-4.984200605637558D0,   0000009P    839
39.97852905115693D0,-4.850000000000001D0,-4.971853322206138D0,   0000009P    840
39.99650183482589D0,-4.850000000000004D0,-4.956504665919287D0,   0000009P    841
40.01185429510969D0,-4.850000000000004D0,-4.938529534636229D0,   0000009P    842
40.02420808494164D0,-4.850000000000004D0,-4.918367673659214D0,   0000009P    843
40.03325475520738D0,-4.850000000000001D0,-4.896521504384767D0,   0000009P    844
40.03877086831776D0,-4.850000000000006D0,-4.87351657403826D0,    0000009P    845
40.04000000000001D0,-4.850000000000004D0,-4.857834115450473D0,   0000009P    846
40.04D0,-4.850000000000005D0,-4.849999999999994D0,               0000009P    847
39.89000000000001D0,-4.850000000000001D0,-4.999999999999998D0,   0000009P    848
39.8977448768927D0,-4.850355953670811D0,-4.999999339712332D0,    0000009P    849
39.91326152070451D0,-4.851068901628293D0,-4.99879705092578D0,    0000009P    850
39.93599962396704D0,-4.852123305407974D0,-4.993411005125941D0,   0000009P    851
39.95774905243206D0,-4.853149068103092D0,-4.98451693871428D0,    0000009P    852
39.97789134881296D0,-4.854122827608388D0,-4.972314622837893D0,   0000009P    853
39.99596763870677D0,-4.855024066115535D0,-4.957044611119874D0,   0000009P    854
40.01148829388744D0,-4.855829160096917D0,-4.939047644927391D0,   0000009P    855
40.02401613186014D0,-4.856519938865552D0,-4.918767740255639D0,   0000009P    856
40.03319549348264D0,-4.857084167754651D0,-4.896741951568341D0,   0000009P    857
40.038766462481D0,-4.857526270952381D0,-4.873571072871498D0,     0000009P    858
40.04000417370759D0,-4.857744381933488D0,-4.85783305078831D0,    0000009P    859
40.04D0,-4.857839750883769D0,-4.849999999999994D0,               0000009P    860
39.89000000000001D0,-4.850000000000001D0,-4.999999999999998D0,   0000009P    861
39.89757374232981D0,-4.850890804738784D0,-5.000005489856958D0,   0000009P    862
39.9127482642627D0,-4.852674956669813D0,-4.998797052462707D0,    0000009P    863
39.93498451338947D0,-4.855304025390152D0,-4.993359315361084D0,   0000009P    864
39.95625759822509D0,-4.857846319666796D0,-4.9843947779261D0,     0000009P    865
39.9759811308443D0,-4.860247486868087D0,-4.972129690924756D0,    0000009P    866
39.9937309117403D0,-4.862467348137709D0,-4.956824917300196D0,    0000009P    867
40.00906438902698D0,-4.864464228722047D0,-4.938837030024735D0,   0000009P    868
40.0215996180053D0,-4.866204694689665D0,-4.918608419108779D0,    0000009P    869
40.03103917536114D0,-4.86766681079131D0,-4.896663277998536D0,    0000009P    870
40.03722940624102D0,-4.868854410398219D0,-4.873572696831159D0,   0000009P    871
40.03909179567329D0,-4.869434458615805D0,-4.857847282247577D0,   0000009P    872
40.03907409174801D0,-4.869619436637263D0,-4.849999999999994D0,   0000009P    873
39.89000000000001D0,-4.850000000000001D0,-4.999999999999998D0,   0000009P    874
39.89728191795189D0,-4.851593700257416D0,-5.000003831410786D0,   0000009P    875
39.91186987216605D0,-4.854785281164081D0,-4.998781110628189D0,   0000009P    876
39.93325299327687D0,-4.859484234068549D0,-4.993299622512954D0,   0000009P    877
39.95372222307459D0,-4.864020997225131D0,-4.984276585683412D0,   0000009P    878
39.97273461631969D0,-4.868299451736244D0,-4.971959597309346D0,   0000009P    879
39.98990655260178D0,-4.872251920153118D0,-4.956626916269786D0,   0000009P    880
40.00484537593157D0,-4.875809743389464D0,-4.938646974869751D0,   0000009P    881
40.01721766138832D0,-4.878915839652468D0,-4.918460588495333D0,   0000009P    882
40.02675986746489D0,-4.881526793255721D0,-4.896578971183408D0,   0000009P    883
40.03354727829431D0,-4.883690279842461D0,-4.873562413236416D0,   0000009P    884
40.03603370531826D0,-4.884766446465536D0,-4.85786498140268D0,    0000009P    885
40.0360116279672D0,-4.885028282434819D0,-4.849999999999994D0,    0000009P    886
39.89000000000001D0,-4.850000000000001D0,-4.999999999999998D0,   0000009P    887
39.89703253982798D0,-4.852113788852359D0,-5.000000957852695D0,   0000009P    888
39.91111936228D0,-4.856346757864409D0,-4.998769369405069D0,      0000009P    889
39.93177544620374D0,-4.862577451159627D0,-4.993268255831028D0,   0000009P    890
39.95156212946662D0,-4.868590319106722D0,-4.984219600649023D0,   0000009P    891
39.96996895198411D0,-4.874257684979818D0,-4.971879890981942D0,   0000009P    892
39.98663956654752D0,-4.879490592238424D0,-4.956535228506911D0,   0000009P    893
40.00121246288405D0,-4.884199035651816D0,-4.938558894694609D0,   0000009P    894
40.01338200586189D0,-4.888307263373449D0,-4.918390902368242D0,   0000009P    895
40.02290109624951D0,-4.89175429850063D0,-4.896535871084425D0,    0000009P    896
40.02999090488551D0,-4.894635155641671D0,-4.873556543948396D0,   0000009P    897
40.03284380556585D0,-4.896086609163098D0,-4.857881628784675D0,   0000009P    898
40.03281410786549D0,-4.896374198690583D0,-4.849999999999994D0,   0000009P    899
39.89000000000001D0,-4.850000000000001D0,-4.999999999999998D0,   0000009P    900
39.89675411992797D0,-4.852624850377554D0,-4.999999999999998D0,   0000009P    901
39.91028241921173D0,-4.857881237608614D0,-4.998765455664028D0,   0000009P    902
39.93012876532669D0,-4.865617117518322D0,-4.993257800270386D0,   0000009P    903
39.94915690569795D0,-4.873080262180106D0,-4.984200605637559D0,   0000009P    904
39.96688846954931D0,-4.88011121466861D0,-4.97185332220614D0,     0000009P    905
39.98299097759643D0,-4.886599148555683D0,-4.956504665919285D0,   0000009P    906
39.99712824310465D0,-4.892432001596476D0,-4.938529534636228D0,   0000009P    907
40.00901650577404D0,-4.897515187024307D0,-4.918367673659213D0,   0000009P    908
40.01842442876872D0,-4.901771592560582D0,-4.896521504384765D0,   0000009P    909
40.02564981414452D0,-4.905343548156841D0,-4.873557513106807D0,   0000009P    910
40.02876882718335D0,-4.907161735702009D0,-4.857900738561353D0,   0000009P    911
40.02872920295398D0,-4.907447379698425D0,-4.849999999999994D0,   0000009P    912
39.89000000000001D0,-4.850000000000001D0,-4.999999999999998D0,   0000009P    913
39.89644747043657D0,-4.853124195164985D0,-4.999999999999998D0,   0000009P    914
39.90936113344236D0,-4.859380609266092D0,-4.998765455664028D0,   0000009P    915
39.92831526532773D0,-4.868586789293499D0,-4.993257800270386D0,   0000009P    916
39.94650573851897D0,-4.877465687023394D0,-4.984200605637559D0,   0000009P    917
39.96348607362498D0,-4.885825954145355D0,-4.971853322206139D0,   0000009P    918
39.97894595664702D0,-4.893534598945599D0,-4.956504665919286D0,   0000009P    919
39.99257161329944D0,-4.900457146730305D0,-4.938529534636229D0,   0000009P    920
40.00409820063559D0,-4.906480093379456D0,-4.918367673659214D0,   0000009P    921
40.01330980427537D0,-4.911510904158745D0,-4.896521504384766D0,   0000009P    922
40.02054030488271D0,-4.915739470226786D0,-4.873562118754865D0,   0000009P    923
40.02383209839966D0,-4.917906102018932D0,-4.857919765330141D0,   0000009P    924
40.02378934453775D0,-4.918168096995668D0,-4.849999999999994D0,   0000009P    925
39.89000000000001D0,-4.850000000000001D0,-4.999999999999998D0,   0000009P    926
39.89611340353852D0,-4.853609133546638D0,-5.0D0,                 0000009P    927
39.90835759545302D0,-4.860836761706243D0,-4.998765455664028D0,   0000009P    928
39.92633726088883D0,-4.87147002263402D0,-4.993257800270386D0,    0000009P    929
39.94360781468008D0,-4.881721454214699D0,-4.984200605637558D0,   0000009P    930
39.95975466882076D0,-4.891367816752791D0,-4.97185332220614D0,    0000009P    931
39.97448967459778D0,-4.900253953248874D0,-4.956504665919287D0,   0000009P    932
39.98752147017443D0,-4.90822297656017D0,-4.938529534636231D0,    0000009P    933
39.99860412995739D0,-4.915142465213314D0,-4.918367673659215D0,   0000009P    934
40.0075371620223D0,-4.920904462018287D0,-4.896521504384768D0,    0000009P    935
40.01467983698614D0,-4.925747307557237D0,-4.873567391041872D0,   0000009P    936
40.01805992479117D0,-4.928234247843179D0,-4.85793653879345D0,    0000009P    937
40.01802696392188D0,-4.928456622119635D0,-4.849999999999996D0,   0000009P    938
39.89000000000001D0,-4.850000000000001D0,-4.999999999999998D0,   0000009P    939
39.89575312221692D0,-4.85407781841538D0,-5.0D0,                  0000009P    940
39.907275414193D0,-4.862244153607659D0,-4.998765455664028D0,     0000009P    941
39.92420196990857D0,-4.874255734897067D0,-4.993257800270386D0,   0000009P    942
39.94047396102916D0,-4.885830939789797D0,-4.984200605637558D0,   0000009P    943
39.95570869093385D0,-4.896714637205283D0,-4.97185332220614D0,    0000009P    944
39.96964017619516D0,-4.906729504858473D0,-4.956504665919287D0,   0000009P    945
39.98199946742535D0,-4.915696243157621D0,-4.938529534636231D0,   0000009P    946
39.99255955638446D0,-4.923463513276022D0,-4.918367673659215D0,   0000009P    947
40.00113537360382D0,-4.929907935567945D0,-4.896521504384767D0,   0000009P    948
40.00809867435217D0,-4.935313453794851D0,-4.873572173243605D0,   0000009P    949
40.01148880311868D0,-4.938084584678826D0,-4.85794975558518D0,    0000009P    950
40.01147815059924D0,-4.938257541856245D0,-4.849999999999996D0,   0000009P    951
39.89000000000001D0,-4.850000000000001D0,-4.999999999999998D0,   0000009P    952
39.89536782945485D0,-4.854528402664075D0,-4.999999999999999D0,   0000009P    953
39.9061181986116D0,-4.863597243648931D0,-4.998765455664028D0,    0000009P    954
39.92191661028556D0,-4.87693284343983D0,-4.993257800270386D0,    0000009P    955
39.93711500441411D0,-4.889777519784464D0,-4.984200605637557D0,   0000009P    956
39.95136257576142D0,-4.9018442502172D0,-4.971853322206139D0,     0000009P    957
39.96441550618561D0,-4.912933547167354D0,-4.956504665919287D0,   0000009P    958
39.97602725874798D0,-4.92284369859421D0,-4.938529534636231D0,    0000009P    959
39.98598974256183D0,-4.931404448317726D0,-4.918367673659214D0,   0000009P    960
39.99413331061426D0,-4.938476994236455D0,-4.896521504384766D0,   0000009P    961
40.00082697990286D0,-4.944384284340746D0,-4.873575312023072D0,   0000009P    962
40.00415476832713D0,-4.947395406969307D0,-4.857958076389887D0,   0000009P    963
40.00417899406274D0,-4.947515442991421D0,-4.849999999999994D0,   0000009P    964
39.89000000000001D0,-4.850000000000001D0,-4.999999999999998D0,   0000009P    965
39.89495908732672D0,-4.854959018588641D0,-4.999999999999998D0,   0000009P    966
39.90489063493204D0,-4.864890428717818D0,-4.998765455664028D0,   0000009P    967
39.91949055446624D0,-4.879490142037821D0,-4.993257800270386D0,   0000009P    968
39.93354500350463D0,-4.893544384861975D0,-4.984200605637557D0,   0000009P    969
39.94673506819639D0,-4.906734243339576D0,-4.971853322206137D0,   0000009P    970
39.95883909568534D0,-4.918838064614307D0,-4.956504665919287D0,   0000009P    971
39.96963296148173D0,-4.929631724196486D0,-4.938529534636231D0,   0000009P    972
39.97892749205219D0,-4.93892604855273D0,-4.918367673659214D0,    0000009P    973
39.98656846283954D0,-4.946566813125878D0,-4.896521504384766D0,   0000009P    974
39.99290817844673D0,-4.952906321210704D0,-4.873576463528348D0,   0000009P    975
39.99610752505347D0,-4.956105518663432D0,-4.857960994992017D0,   0000009P    976
39.99617635654479D0,-4.956174294402738D0,-4.849999999999992D0,   0000009P    977
39.89000000000001D0,-4.850000000000001D0,-4.999999999999998D0,   0000009P    978
39.89452845790696D0,-4.855367798484997D0,-4.999999999999998D0,   0000009P    979
39.9035974093776D0,-4.866118105702076D0,-4.998765455664027D0,    0000009P    980
39.9169331748971D0,-4.881916424466556D0,-4.993257800270386D0,    0000009P    981
39.92977801697041D0,-4.897114725685604D0,-4.984200605637557D0,   0000009P    982
39.94184491313173D0,-4.911362204123441D0,-4.971853322206138D0,   0000009P    983
39.95293437581055D0,-4.924415041638122D0,-4.956504665919286D0,   0000009P    984
39.96284469296604D0,-4.936026701290995D0,-4.938529534636231D0,   0000009P    985
39.97140560841822D0,-4.94598909219534D0,-4.918367673659215D0,    0000009P    986
39.97847832006557D0,-4.95413256733828D0,-4.896521504384766D0,    0000009P    987
39.98438577393947D0,-4.960826144392013D0,-4.873575312047871D0,   0000009P    988
39.98739701424802D0,-4.964153866576956D0,-4.857958076789336D0,   0000009P    989
39.98751710027779D0,-4.964178064967778D0,-4.849999999999992D0,   0000009P    990
39.89000000000001D0,-4.850000000000001D0,-4.999999999999998D0,   0000009P    991
39.89407777346766D0,-4.855753165907032D0,-4.999999999999998D0,   0000009P    992
39.90224401876453D0,-4.867275545263372D0,-4.998765455664028D0,   0000009P    993
39.91425546521072D0,-4.884202232049367D0,-4.993257800270387D0,   0000009P    994
39.92583053526031D0,-4.900474354240346D0,-4.984200605637557D0,   0000009P    995
39.93671409783258D0,-4.915709215215458D0,-4.971853322206139D0,   0000009P    996
39.94672883064262D0,-4.929640831547125D0,-4.956504665919287D0,   0000009P    997
39.9556954340986D0,-4.942000253847731D0,-4.938529534636233D0,    0000009P    998
39.96346256937385D0,-4.952560473877217D0,-4.918367673659216D0,   0000009P    999
39.96990685682259D0,-4.961136422166986D0,-4.896521504384768D0,   0000009P   1000
39.97531222899542D0,-4.968099857499516D0,-4.873572172846434D0,   0000009P   1001
39.97808325816354D0,-4.97149007754378D0,-4.857949754675257D0,    0000009P   1002
39.97825619342454D0,-4.971479461303201D0,-4.849999999999993D0,   0000009P   1003
39.89000000000001D0,-4.850000000000001D0,-4.999999999999998D0,   0000009P   1004
39.89360886628091D0,-4.856113544408636D0,-4.999999999999998D0,   0000009P   1005
39.9008359599091D0,-4.868358018063373D0,-4.998765455664028D0,    0000009P   1006
39.91146841903965D0,-4.886338106109586D0,-4.993257800270387D0,   0000009P   1007
39.92171904882317D0,-4.903609082511198D0,-4.984200605637557D0,   0000009P   1008
39.93136460956404D0,-4.919756359262288D0,-4.971853322206139D0,   0000009P   1009
39.94024994426294D0,-4.934491787649646D0,-4.956504665919286D0,   0000009P   1010
39.94821816577707D0,-4.947524005836689D0,-4.938529534636233D0,   0000009P   1011
39.95513685263303D0,-4.958607088230016D0,-4.918367673659216D0,   0000009P   1012
39.96089804764082D0,-4.96754054290532D0,-4.896521504384768D0,    0000009P   1013
39.96574007029251D0,-4.974683645853875D0,-4.873567390179567D0,   0000009P   1014
39.96822644095956D0,-4.97806402364921D0,-4.85793653614037D0,     0000009P   1015
39.96844860414777D0,-4.978031190025654D0,-4.849999999999993D0,   0000009P   1016
39.89000000000001D0,-4.850000000000001D0,-4.999999999999998D0,   0000009P   1017
39.89312382976919D0,-4.856447648785164D0,-4.999999999999998D0,   0000009P   1018
39.89937951307876D0,-4.869361668488147D0,-4.998765455664028D0,   0000009P   1019
39.90858459691879D0,-4.888316335419353D0,-4.993257800270387D0,   0000009P   1020
39.91746239846135D0,-4.906507343656371D0,-4.984200605637557D0,   0000009P   1021
39.92582156939592D0,-4.923488213808214D0,-4.971853322206139D0,   0000009P   1022
39.9335291180088D0,-4.938948631876039D0,-4.956504665919285D0,    0000009P   1023
39.94045056960618D0,-4.952574823574292D0,-4.938529534636232D0,   0000009P   1024
39.94647242006796D0,-4.964101945956236D0,-4.918367673659215D0,   0000009P   1025
39.9515021346599D0,-4.973314084641848D0,-4.896521504384766D0,    0000009P   1026
39.95572958242545D0,-4.98054512715597D0,-4.873562118170866D0,    0000009P   1027
39.95789544646689D0,-4.983837290213093D0,-4.857919763755452D0,   0000009P   1028
39.95815713512209D0,-4.983794694995852D0,-4.849999999999993D0,   0000009P   1029
39.89000000000001D0,-4.850000000000001D0,-4.999999999999998D0,   0000009P   1030
39.89262475735502D0,-4.856754193831974D0,-4.999999999999998D0,   0000009P   1031
39.89788095854101D0,-4.870282640923768D0,-4.998765455664028D0,   0000009P   1032
39.90561655938306D0,-4.890129208750811D0,-4.993257800270388D0,   0000009P   1033
39.91307942497723D0,-4.909157570834082D0,-4.984200605637557D0,   0000009P   1034
39.92011009839806D0,-4.926889356397522D0,-4.971853322206139D0,   0000009P   1035
39.92659775321748D0,-4.94299208615666D0,-4.956504665919285D0,    0000009P   1036
39.93243032719068D0,-4.957129573376966D0,-4.938529534636232D0,   0000009P   1037
39.93751323355085D0,-4.969018057758373D0,-4.918367673659215D0,   0000009P   1038
39.94176936001949D0,-4.978426202465137D0,-4.896521504384767D0,   0000009P   1039
39.94534102230151D0,-4.985651815160326D0,-4.873557513069504D0,   0000009P   1040
39.94715900942097D0,-4.988770988226781D0,-4.857900739162801D0,   0000009P   1041
39.94744458902205D0,-4.988731420074503D0,-4.849999999999994D0,   0000009P   1042
39.89000000000001D0,-4.850000000000001D0,-4.999999999999998D0,   0000009P   1043
39.8921138708866D0,-4.857032517411271D0,-5.000000957855453D0,    0000009P   1044
39.89634700398739D0,-4.871119295020572D0,-4.998769369416175D0,   0000009P   1045
39.9025779435138D0,-4.891775311640174D0,-4.993268255875356D0,    0000009P   1046
39.9085910578823D0,-4.91156192755074D0,-4.984219600776513D0,     0000009P   1047
39.9142586703348D0,-4.929968682733193D0,-4.971879891231168D0,    0000009P   1048
39.91949182418735D0,-4.946639230048278D0,-4.956535228852991D0,   0000009P   1049
39.92420051396726D0,-4.961212059234152D0,-4.938558895039969D0,   0000009P   1050
39.92830898758657D0,-4.973381535084139D0,-4.918390902604791D0,   0000009P   1051
39.93175626791076D0,-4.982900558255746D0,-4.896535871174606D0,   0000009P   1052
39.93463735974729D0,-4.989990299611062D0,-4.873556543728404D0,   0000009P   1053
39.93608897039255D0,-4.992843154158486D0,-4.857881628448156D0,   0000009P   1054
39.93637665925082D0,-4.992813435562959D0,-4.849999999999996D0,   0000009P   1055
39.89000000000001D0,-4.850000000000001D0,-4.999999999999998D0,   0000009P   1056
39.89159339221225D0,-4.857281957385267D0,-5.000003831421814D0,   0000009P   1057
39.89478435710951D0,-4.871869990428899D0,-4.998781110672618D0,   0000009P   1058
39.89948238639231D0,-4.893253229623657D0,-4.993299622690259D0,   0000009P   1059
39.9040182266881D0,-4.913722577312763D0,-4.984276586193382D0,    0000009P   1060
39.90829575897047D0,-4.932735088518209D0,-4.971959598306257D0,   0000009P   1061
39.91224730521677D0,-4.949907143107669D0,-4.956626917654109D0,   0000009P   1062
39.91580420537262D0,-4.964846085135291D0,-4.938646976251184D0,   0000009P   1063
39.91890937667998D0,-4.977218489381245D0,-4.918460589441525D0,   0000009P   1064
39.92151940252484D0,-4.986760813894234D0,-4.896578971544124D0,   0000009P   1065
39.92368194722826D0,-4.993548338320056D0,-4.873562412642685D0,   0000009P   1066
39.92475747002369D0,-4.996034830077897D0,-4.857864979264624D0,   0000009P   1067
39.92501903921157D0,-4.996012811762573D0,-4.849999999999997D0,   0000009P   1068
39.89000000000001D0,-4.850000000000001D0,-4.999999999999998D0,   0000009P   1069
39.89089002225045D0,-4.857573877610346D0,-5.00000548987384D0,    0000009P   1070
39.89267260935357D0,-4.872748670030168D0,-4.998797052522489D0,   0000009P   1071
39.8952993319802D0,-4.894985324349591D0,-4.993359315701467D0,    0000009P   1072
39.89783928229549D0,-4.916258813757765D0,-4.98439477913103D0,    0000009P   1073
39.90023810736261D0,-4.935982751115604D0,-4.972129693497565D0,   0000009P   1074
39.90245562685246D0,-4.953732937744648D0,-4.95682492100987D0,    0000009P   1075
39.90445016327725D0,-4.969066821935124D0,-4.938837033748714D0,   0000009P   1076
39.90618828012622D0,-4.981602458040396D0,-4.918608421569314D0,   0000009P   1077
39.90764803925161D0,-4.99104242166291D0,-4.896663278803132D0,    0000009P   1078
39.90883327224132D0,-4.997233055632792D0,-4.873572696473425D0,   0000009P   1079
39.90941172194209D0,-4.99909570947711D0,-4.857847281028041D0,    0000009P   1080
39.90959595939136D0,-4.999078151238326D0,-4.849999999999998D0,   0000009P   1081
39.89000000000001D0,-4.850000000000001D0,-4.999999999999998D0,   0000009P   1082
39.8903557658095D0,-4.857744876900759D0,-4.999999339715273D0,    0000009P   1083
39.89106833811113D0,-4.873261520683197D0,-4.998797050900875D0,   0000009P   1084
39.89212218063754D0,-4.895999622711417D0,-4.993411005418166D0,   0000009P   1085
39.89314738599141D0,-4.917749048632795D0,-4.984516940446431D0,   0000009P   1086
39.89412059162776D0,-4.937891342726751D0,-4.972314627086877D0,   0000009P   1087
39.89502127741239D0,-4.955967632202797D0,-4.957044617567605D0,   0000009P   1088
39.89582581485259D0,-4.971488289374756D0,-4.939047651460984D0,   0000009P   1089
39.89651602953804D0,-4.984016129814984D0,-4.918767744407758D0,   0000009P   1090
39.89707968312658D0,-4.993195493585843D0,-4.896741952776922D0,   0000009P   1091
39.89752120770552D0,-4.998766461641562D0,-4.87357107274897D0,    0000009P   1092
39.89773893302657D0,-5.000004174865764D0,-4.857833050850445D0,   0000009P   1093
39.89783411545051D0,-5.000000000000002D0,-4.849999999999996D0,   0000009P   1094
39.89000000000001D0,-4.850000000000001D0,-4.999999999999998D0,   0000009P   1095
39.89000000000002D0,-4.857839750883765D0,-4.999999999999998D0,   0000009P   1096
39.89000000000005D0,-4.87354599855509D0,-4.998765455664027D0,    0000009P   1097
39.89000000000004D0,-4.896510566314548D0,-4.993257800270388D0,   0000009P   1098
39.89000000000004D0,-4.918384193082305D0,-4.984200605637558D0,   0000009P   1099
39.89000000000004D0,-4.938529051156964D0,-4.971853322206139D0,   0000009P   1100
39.89000000000001D0,-4.956501834825876D0,-4.956504665919283D0,   0000009P   1101
39.89000000000006D0,-4.971854295109685D0,-4.93852953463623D0,    0000009P   1102
39.89000000000004D0,-4.98420808494163D0,-4.918367673659214D0,    0000009P   1103
39.89000000000005D0,-4.993254755207381D0,-4.896521504384768D0,   0000009P   1104
39.89000000000003D0,-4.998770868317766D0,-4.873516574038264D0,   0000009P   1105
39.89000000000003D0,-5.000000000000003D0,-4.857834115450474D0,   0000009P   1106
39.89000000000003D0,-5.000000000000002D0,-4.849999999999996D0,   0000009P   1107
0.0D0,235.625074918457D0,0.0D0,58.90626872960937D0;              0000009P   1108
128,12,20,3,3,0,0,1,0,0,0.0D0,0.0D0,0.0D0,0.0D0,                 0000011P   1109
23.56250749184455D0,47.1250149836891D0,70.68752247553365D0,      0000011P   1110
94.2500299673782D0,117.8125374592227D0,141.3750449510673D0,      0000011P   1111
164.9375524429119D0,188.5000599347564D0,212.0625674266009D0,     0000011P   1112
235.6250749184455D0,235.6250749184455D0,235.6250749184455D0,     0000011P   1113
235.6250749184455D0,0.0D0,0.0D0,0.0D0,0.0D0,5.89062687296154D0,  0000011P   1114
8.835940309442309D0,11.78125374592308D0,14.72656718240385D0,     0000011P   1115
17.67188061888462D0,20.61719405536539D0,23.56250749184616D0,     0000011P   1116
26.50782092832693D0,29.4531343648077D0,32.39844780128847D0,      0000011P   1117
35.34376123776924D0,38.28907467425001D0,41.23438811073078D0,     0000011P   1118
44.17970154721155D0,47.12501498369232D0,50.07032842017308D0,     0000011P   1119
53.01564185665385D0,58.90626872961539D0,58.90626872961539D0,     0000011P   1120
58.90626872961539D0,58.90626872961539D0,1.0D0,1.0D0,1.0D0,1.0D0, 0000011P   1121
1.0D0,1.0D0,1.0D0,1.0D0,1.0D0,1.0D0,1.0D0,1.0D0,1.0D0,1.0D0,     0000011P   1122
1.0D0,1.0D0,1.0D0,1.0D0,1.0D0,1.0D0,1.0D0,1.0D0,1.0D0,1.0D0,     0000011P   1123
1.0D0,1.0D0,1.0D0,1.0D0,1.0D0,1.0D0,1.0D0,1.0D0,1.0D0,1.0D0,     0000011P   1124
1.0D0,1.0D0,1.0D0,1.0D0,1.0D0,1.0D0,1.0D0,1.0D0,1.0D0,1.0D0,     0000011P   1125
1.0D0,1.0D0,1.0D0,1.0D0,1.0D0,1.0D0,1.0D0,1.0D0,1.0D0,1.0D0,     0000011P   1126
1.0D0,1.0D0,1.0D0,1.0D0,1.0D0,1.0D0,1.0D0,1.0D0,1.0D0,1.0D0,     0000011P   1127
1.0D0,1.0D0,1.0D0,1.0D0,1.0D0,1.0D0,1.0D0,1.0D0,1.0D0,1.0D0,     0000011P   1128
1.0D0,1.0D0,1.0D0,1.0D0,1.0D0,1.0D0,1.0D0,1.0D0,1.0D0,1.0D0,     0000011P   1129
1.0D0,1.0D0,1.0D0,1.0D0,1.0D0,1.0D0,1.0D0,1.0D0,1.0D0,1.0D0,     0000011P   1130
1.0D0,1.0D0,1.0D0,1.0D0,1.0D0,1.0D0,1.0D0,1.0D0,1.0D0,1.0D0,     0000011P   1131
1.0D0,1.0D0,1.0D0,1.0D0,1.0D0,1.0D0,1.0D0,1.0D0,1.0D0,1.0D0,     0000011P   1132
1.0D0,1.0D0,1.0D0,1.0D0,1.0D0,1.0D0,1.0D0,1.0D0,1.0D0,1.0D0,     0000011P   1133
1.0D0,1.0D0,1.0D0,1.0D0,1.0D0,1.0D0,1.0D0,1.0D0,1.0D0,1.0D0,     0000011P   1134
1.0D0,1.0D0,1.0D0,1.0D0,1.0D0,1.0D0,1.0D0,1.0D0,1.0D0,1.0D0,     0000011P   1135
1.0D0,1.0D0,1.0D0,1.0D0,1.0D0,1.0D0,1.0D0,1.0D0,1.0D0,1.0D0,     0000011P   1136
1.0D0,1.0D0,1.0D0,1.0D0,1.0D0,1.0D0,1.0D0,1.0D0,1.0D0,1.0D0,     0000011P   1137
1.0D0,1.0D0,1.0D0,1.0D0,1.0D0,1.0D0,1.0D0,1.0D0,1.0D0,1.0D0,     0000011P   1138
1.0D0,1.0D0,1.0D0,1.0D0,1.0D0,1.0D0,1.0D0,1.0D0,1.0D0,1.0D0,     0000011P   1139
1.0D0,1.0D0,1.0D0,1.0D0,1.0D0,1.0D0,1.0D0,1.0D0,1.0D0,1.0D0,     0000011P   1140
1.0D0,1.0D0,1.0D0,1.0D0,1.0D0,1.0D0,1.0D0,1.0D0,1.0D0,1.0D0,     0000011P   1141
1.0D0,1.0D0,1.0D0,1.0D0,1.0D0,1.0D0,1.0D0,1.0D0,1.0D0,1.0D0,     0000011P   1142
1.0D0,1.0D0,1.0D0,1.0D0,1.0D0,1.0D0,1.0D0,1.0D0,1.0D0,1.0D0,     0000011P   1143
1.0D0,1.0D0,1.0D0,1.0D0,1.0D0,1.0D0,1.0D0,1.0D0,1.0D0,1.0D0,     0000011P   1144
1.0D0,1.0D0,1.0D0,1.0D0,1.0D0,1.0D0,1.0D0,1.0D0,1.0D0,1.0D0,     0000011P   1145
1.0D0,1.0D0,1.0D0,1.0D0,1.0D0,1.0D0,1.0D0,1.0D0,1.0D0,1.0D0,     0000011P   1146
1.0D0,1.0D0,1.0D0,1.0D0,1.0D0,1.0D0,1.0D0,1.0D0,1.0D0,1.0D0,     0000011P   1147
1.0D0,1.0D0,1.0D0,1.0D0,1.0D0,1.0D0,1.0D0,1.0D0,1.0D0,           0000011P   1148
39.89000000000003D0,-5.0D0,4.849999999999998D0,                  0000011P   1149
39.89000000000003D0,-5.0D0,4.857839750883764D0,                  0000011P   1150
39.89000000000004D0,-4.998765455664028D0,4.87354599855509D0,     0000011P   1151
39.89000000000004D0,-4.993257800270388D0,4.896510566314546D0,    0000011P   1152
39.89000000000004D0,-4.984200605637562D0,4.918384193082305D0,    0000011P   1153
39.89000000000004D0,-4.971853322206141D0,4.938529051156966D0,    0000011P   1154
39.89000000000004D0,-4.956504665919288D0,4.956501834825876D0,    0000011P   1155
39.89000000000004D0,-4.938529534636235D0,4.971854295109685D0,    0000011P   1156
39.89000000000001D0,-4.918367673659212D0,4.984208084941626D0,    0000011P   1157
39.89000000000004D0,-4.896521504384773D0,4.99325475520738D0,     0000011P   1158
39.89000000000004D0,-4.873516574038265D0,4.998770868317763D0,    0000011P   1159
39.89000000000003D0,-4.857834115450476D0,5.0D0,                  0000011P   1160
39.89000000000001D0,-4.849999999999998D0,5.0D0,                  0000011P   1161
39.89000000000003D0,-5.0D0,4.849999999999998D0,                  0000011P   1162
39.89035595367098D0,-4.999999339712327D0,4.857744876892495D0,    0000011P   1163
39.89106890162835D0,-4.998797050925769D0,4.873261520704324D0,    0000011P   1164
39.89212330540818D0,-4.993411005125947D0,4.895999623966858D0,    0000011P   1165
39.89314906810322D0,-4.984516938714258D0,4.917749052431795D0,    0000011P   1166
39.89412282760851D0,-4.972314622837887D0,4.937891348812894D0,    0000011P   1167
39.89502406611555D0,-4.957044611119846D0,4.955967638706603D0,    0000011P   1168
39.89582916009689D0,-4.939047644927361D0,4.971488293887171D0,    0000011P   1169
39.89651993886567D0,-4.918767740255626D0,4.984016131860025D0,    0000011P   1170
39.8970841677548D0,-4.896741951568347D0,4.993195493482504D0,     0000011P   1171
39.89752627095245D0,-4.873571072871497D0,4.998766462480924D0,    0000011P   1172
39.89774438193359D0,-4.857833050788319D0,5.000004173707551D0,    0000011P   1173
39.8978397508838D0,-4.849999999999998D0,5.0D0,                   0000011P   1174
39.89000000000003D0,-5.0D0,4.849999999999998D0,                  0000011P   1175
39.89089080473858D0,-5.000005489856925D0,4.857573742329719D0,    0000011P   1176
39.89267495666971D0,-4.99879705246266D0,4.872748264262458D0,     0000011P   1177
39.89530402539018D0,-4.993359315361058D0,4.894984513389231D0,    0000011P   1178
39.89784631966663D0,-4.984394777926059D0,4.916257598224808D0,    0000011P   1179
39.90024748686817D0,-4.972129690924748D0,4.935981130844194D0,    0000011P   1180
39.90246734813798D0,-4.956824917300234D0,4.953730911740406D0,    0000011P   1181
39.90446422872278D0,-4.938837030024836D0,4.969064389027257D0,    0000011P   1182
39.90620469469017D0,-4.918608419108838D0,4.981599618005293D0,    0000011P   1183
39.90766681079134D0,-4.896663277998555D0,4.991039175361271D0,    0000011P   1184
39.90885441039828D0,-4.87357269683115D0,4.997229406240857D0,     0000011P   1185
39.90943445861566D0,-4.857847282247568D0,4.999091795673286D0,    0000011P   1186
39.90961943663729D0,-4.849999999999998D0,4.999074091748023D0,    0000011P   1187
39.89000000000003D0,-5.0D0,4.849999999999998D0,                  0000011P   1188
39.89159370025743D0,-5.000003831410784D0,4.85728191795186D0,     0000011P   1189
39.89478528116414D0,-4.998781110628183D0,4.871869872165988D0,    0000011P   1190
39.89948423406857D0,-4.993299622512959D0,4.893252993276941D0,    0000011P   1191
39.90402099722506D0,-4.984276585683403D0,4.913722223074576D0,    0000011P   1192
39.90829945173623D0,-4.971959597309339D0,4.932734616319715D0,    0000011P   1193
39.91225192015312D0,-4.956626916269791D0,4.949906552601833D0,    0000011P   1194
39.91580974338953D0,-4.938646974869764D0,4.964845375931633D0,    0000011P   1195
39.91891583965256D0,-4.918460588495337D0,4.977217661388239D0,    0000011P   1196
39.92152679325575D0,-4.896578971183411D0,4.986759867464889D0,    0000011P   1197
39.92369027984255D0,-4.873562413236422D0,4.993547278294205D0,    0000011P   1198
39.92476644646577D0,-4.857864981402711D0,4.996033705318257D0,    0000011P   1199
39.92502828243484D0,-4.849999999999998D0,4.996011627967207D0,    0000011P   1200
39.89000000000003D0,-5.0D0,4.849999999999998D0,                  0000011P   1201
39.89211378885238D0,-5.000000957852696D0,4.857032539827965D0,    0000011P   1202
39.89634675786446D0,-4.998769369405068D0,4.87111936227998D0,     0000011P   1203
39.90257745115967D0,-4.993268255831032D0,4.89177544620377D0,     0000011P   1204
39.90859031910674D0,-4.984219600649022D0,4.911562129466605D0,    0000011P   1205
39.91425768497984D0,-4.97187989098194D0,4.929968951984121D0,     0000011P   1206
39.91949059223845D0,-4.956535228506913D0,4.946639566547503D0,    0000011P   1207
39.92419903565187D0,-4.938558894694615D0,4.961212462884061D0,    0000011P   1208
39.92830726337349D0,-4.918390902368245D0,4.973382005861846D0,    0000011P   1209
39.93175429850066D0,-4.896535871084432D0,4.982901096249509D0,    0000011P   1210
39.93463515564206D0,-4.873556543948419D0,4.989990904885368D0,    0000011P   1211
39.93608660916308D0,-4.857881628784669D0,4.992843805565789D0,    0000011P   1212
39.93637419869059D0,-4.849999999999998D0,4.992814107865488D0,    0000011P   1213
39.89000000000003D0,-5.0D0,4.849999999999998D0,                  0000011P   1214
39.89262485037758D0,-5.0D0,4.856754119927954D0,                  0000011P   1215
39.89788123760866D0,-4.998765455664029D0,4.870282419211714D0,    0000011P   1216
39.90561711751835D0,-4.993257800270389D0,4.890128765326707D0,    0000011P   1217
39.91308026218015D0,-4.984200605637561D0,4.909156905697921D0,    0000011P   1218
39.92011121466864D0,-4.971853322206139D0,4.926888469549313D0,    0000011P   1219
39.92659914855572D0,-4.956504665919288D0,4.942990977596393D0,    0000011P   1220
39.93243200159652D0,-4.938529534636233D0,4.957128243104649D0,    0000011P   1221
39.93751518702434D0,-4.918367673659215D0,4.969016505774002D0,    0000011P   1222
39.94177159256063D0,-4.896521504384772D0,4.978424428768715D0,    0000011P   1223
39.94534354815719D0,-4.873557513106835D0,4.985649814144507D0,    0000011P   1224
39.94716173570225D0,-4.857900738561379D0,4.988768827183323D0,    0000011P   1225
39.94744737969844D0,-4.849999999999998D0,4.988729202953974D0,    0000011P   1226
39.89000000000003D0,-5.0D0,4.849999999999998D0,                  0000011P   1227
39.893124195165D0,-5.0D0,4.856447470436557D0,                    0000011P   1228
39.89938060926612D0,-4.998765455664028D0,4.869361133442335D0,    0000011P   1229
39.90858678929354D0,-4.993257800270388D0,4.88831526532773D0,     0000011P   1230
39.91746568702343D0,-4.984200605637561D0,4.906505738518935D0,    0000011P   1231
39.92582595414538D0,-4.971853322206138D0,4.923486073624971D0,    0000011P   1232
39.93353459894563D0,-4.956504665919287D0,4.938945956646981D0,    0000011P   1233
39.94045714673034D0,-4.938529534636232D0,4.952571613299424D0,    0000011P   1234
39.94648009337948D0,-4.918367673659214D0,4.964098200635555D0,    0000011P   1235
39.95151090415879D0,-4.896521504384771D0,4.973309804275355D0,    0000011P   1236
39.95573947022725D0,-4.873562118754919D0,4.980540304882799D0,    0000011P   1237
39.95790610201904D0,-4.857919765330164D0,4.983832098399748D0,    0000011P   1238
39.95816809699568D0,-4.849999999999998D0,4.983789344537738D0,    0000011P   1239
39.89000000000003D0,-5.0D0,4.849999999999998D0,                  0000011P   1240
39.89360913354665D0,-5.0D0,4.856113403538505D0,                  0000011P   1241
39.90083676170628D0,-4.998765455664028D0,4.868357595452991D0,    0000011P   1242
39.91147002263405D0,-4.993257800270388D0,4.886337260888825D0,    0000011P   1243
39.92172145421473D0,-4.984200605637561D0,4.903607814680052D0,    0000011P   1244
39.93136781675282D0,-4.971853322206139D0,4.919754668820766D0,    0000011P   1245
39.94025395324891D0,-4.956504665919287D0,4.934489674597742D0,    0000011P   1246
39.9482229765602D0,-4.938529534636232D0,4.947521470174406D0,     0000011P   1247
39.95514246521333D0,-4.918367673659215D0,4.958604129957353D0,    0000011P   1248
39.96090446201833D0,-4.896521504384772D0,4.967537162022276D0,    0000011P   1249
39.96574730755752D0,-4.873567391041892D0,4.974679836986086D0,    0000011P   1250
39.96823424784333D0,-4.857936538793481D0,4.978059924791221D0,    0000011P   1251
39.96845662211965D0,-4.850000000000001D0,4.978026963921852D0,    0000011P   1252
39.89000000000003D0,-5.0D0,4.849999999999998D0,                  0000011P   1253
39.8940778184154D0,-5.0D0,4.855753122216896D0,                   0000011P   1254
39.9022441536077D0,-4.998765455664028D0,4.867275414192973D0,     0000011P   1255
39.9142557348971D0,-4.993257800270388D0,4.884201969908569D0,     0000011P   1256
39.92583093978983D0,-4.984200605637559D0,4.900473961029143D0,    0000011P   1257
39.93671463720531D0,-4.971853322206138D0,4.91570869093386D0,     0000011P   1258
39.9467295048585D0,-4.956504665919287D0,4.929640176195128D0,     0000011P   1259
39.95569624315764D0,-4.938529534636231D0,4.941999467425336D0,    0000011P   1260
39.96346351327603D0,-4.918367673659214D0,4.952559556384421D0,    0000011P   1261
39.96990793556798D0,-4.896521504384772D0,4.961135373603795D0,    0000011P   1262
39.97531345379498D0,-4.873572173243628D0,4.968098674352238D0,    0000011P   1263
39.97808458467888D0,-4.857949755585178D0,4.971488803118606D0,    0000011P   1264
39.97825754185624D0,-4.850000000000001D0,4.971478150599209D0,    0000011P   1265
39.89000000000002D0,-4.999999999999999D0,4.849999999999998D0,    0000011P   1266
39.89452840266409D0,-5.0D0,4.855367829454824D0,                  0000011P   1267
39.90359724364896D0,-4.998765455664028D0,4.866118198611568D0,    0000011P   1268
39.91693284343987D0,-4.993257800270388D0,4.881916610285542D0,    0000011P   1269
39.92977751978449D0,-4.984200605637558D0,4.897115004414078D0,    0000011P   1270
39.94184425021724D0,-4.971853322206138D0,4.911362575761413D0,    0000011P   1271
39.95293354716738D0,-4.956504665919286D0,4.924415506185584D0,    0000011P   1272
39.96284369859423D0,-4.93852953463623D0,4.936027258747952D0,     0000011P   1273
39.97140444831773D0,-4.918367673659214D0,4.945989742561791D0,    0000011P   1274
39.97847699423649D0,-4.896521504384771D0,4.954133310614226D0,    0000011P   1275
39.98438428434074D0,-4.873575312023054D0,4.96082697990266D0,     0000011P   1276
39.98739540696932D0,-4.857958076389887D0,4.964154768327058D0,    0000011P   1277
39.98751544299142D0,-4.849999999999998D0,4.96417899406271D0,     0000011P   1278
39.89000000000002D0,-4.999999999999999D0,4.849999999999997D0,    0000011P   1279
39.89495901858866D0,-5.0D0,4.854959087326705D0,                  0000011P   1280
39.90489042871785D0,-4.998765455664028D0,4.864890634932019D0,    0000011P   1281
39.91949014203786D0,-4.993257800270388D0,4.879490554466224D0,    0000011P   1282
39.933544384862D0,-4.984200605637558D0,4.893545003504578D0,      0000011P   1283
39.94673424333961D0,-4.971853322206138D0,4.906735068196385D0,    0000011P   1284
39.95883806461433D0,-4.956504665919286D0,4.918839095685315D0,    0000011P   1285
39.96963172419651D0,-4.938529534636229D0,4.929632961481698D0,    0000011P   1286
39.97892604855274D0,-4.918367673659214D0,4.938927492052144D0,    0000011P   1287
39.98656681312593D0,-4.89652150438477D0,4.946568462839497D0,     0000011P   1288
39.9929063212108D0,-4.87357646352836D0,4.952908178446667D0,      0000011P   1289
39.99610551866351D0,-4.857960994992021D0,4.956107525053413D0,    0000011P   1290
39.99617429440273D0,-4.849999999999998D0,4.956176356544758D0,    0000011P   1291
39.89000000000002D0,-4.999999999999999D0,4.849999999999997D0,    0000011P   1292
39.89536779848501D0,-5.0D0,4.85452845790695D0,                   0000011P   1293
39.90611810570211D0,-4.998765455664028D0,4.863597409377564D0,    0000011P   1294
39.92191642446659D0,-4.993257800270388D0,4.876933174897096D0,    0000011P   1295
39.93711472568561D0,-4.984200605637558D0,4.889778016970362D0,    0000011P   1296
39.95136220412347D0,-4.971853322206138D0,4.901844913131736D0,    0000011P   1297
39.96441504163815D0,-4.956504665919285D0,4.91293437581052D0,     0000011P   1298
39.976026701291D0,-4.93852953463623D0,4.922844692966012D0,       0000011P   1299
39.98598909219533D0,-4.918367673659215D0,4.93140560841816D0,     0000011P   1300
39.99413256733832D0,-4.89652150438477D0,4.938478320065526D0,     0000011P   1301
40.00082614439196D0,-4.873575312047859D0,4.944385773939312D0,    0000011P   1302
40.00415386657698D0,-4.857958076789338D0,4.947397014247944D0,    0000011P   1303
40.00417806496777D0,-4.849999999999998D0,4.947517100277757D0,    0000011P   1304
39.89000000000003D0,-5.0D0,4.849999999999998D0,                  0000011P   1305
39.89575316590705D0,-5.0D0,4.854077773467652D0,                  0000011P   1306
39.90727554526342D0,-4.998765455664028D0,4.862244018764483D0,    0000011P   1307
39.9242022320494D0,-4.993257800270387D0,4.874255465210715D0,     0000011P   1308
39.94047435424036D0,-4.984200605637559D0,4.885830535260265D0,    0000011P   1309
39.95570921521548D0,-4.971853322206139D0,4.896714097832579D0,    0000011P   1310
39.96964083154715D0,-4.956504665919285D0,4.90672883064259D0,     0000011P   1311
39.98200025384774D0,-4.938529534636233D0,4.915695434098565D0,    0000011P   1312
39.99256047387721D0,-4.918367673659217D0,4.923462569373788D0,    0000011P   1313
40.00113642216702D0,-4.896521504384771D0,4.929906856822538D0,    0000011P   1314
40.00809985749942D0,-4.873572172846417D0,4.935312228995283D0,    0000011P   1315
40.01149007754373D0,-4.85794975467526D0,4.938083258163519D0,     0000011P   1316
40.01147946130318D0,-4.850000000000001D0,4.938256193424487D0,    0000011P   1317
39.89000000000003D0,-5.0D0,4.849999999999998D0,                  0000011P   1318
39.89611354440866D0,-5.0D0,4.853608866280905D0,                  0000011P   1319
39.9083580180634D0,-4.998765455664028D0,4.860835959909051D0,     0000011P   1320
39.92633810610963D0,-4.993257800270387D0,4.871468419039635D0,    0000011P   1321
39.94360908251122D0,-4.984200605637558D0,4.881719048823119D0,    0000011P   1322
39.95975635926231D0,-4.971853322206139D0,4.891364609564025D0,    0000011P   1323
39.97449178764968D0,-4.956504665919285D0,4.900249944262915D0,    0000011P   1324
39.9875240058367D0,-4.938529534636233D0,4.908218165777022D0,     0000011P   1325
39.99860708823D0,-4.918367673659217D0,4.915136852632972D0,       0000011P   1326
40.00754054290536D0,-4.896521504384772D0,4.920898047640758D0,    0000011P   1327
40.01468364585391D0,-4.87356739017959D0,4.925740070292614D0,     0000011P   1328
40.01806402364917D0,-4.857936536140381D0,4.928226440959576D0,    0000011P   1329
40.01803119002566D0,-4.850000000000001D0,4.928448604147723D0,    0000011P   1330
39.89000000000003D0,-5.0D0,4.849999999999998D0,                  0000011P   1331
39.89644764878519D0,-5.0D0,4.853123829769196D0,                  0000011P   1332
39.90936166848818D0,-4.998765455664028D0,4.859379513078727D0,    0000011P   1333
39.9283163354194D0,-4.993257800270387D0,4.868584596918771D0,     0000011P   1334
39.94650734365641D0,-4.984200605637557D0,4.877462398461296D0,    0000011P   1335
39.96348821380823D0,-4.971853322206138D0,4.885821569395902D0,    0000011P   1336
39.97894863187608D0,-4.956504665919285D0,4.893529118008777D0,    0000011P   1337
39.99257482357431D0,-4.938529534636233D0,4.900450569606124D0,    0000011P   1338
40.00410194595623D0,-4.918367673659218D0,4.90647242006791D0,     0000011P   1339
40.01331408464189D0,-4.896521504384773D0,4.911502134659838D0,    0000011P   1340
40.02054512715594D0,-4.873562118170871D0,4.915729582425511D0,    0000011P   1341
40.02383729021322D0,-4.857919763755479D0,4.917895446466922D0,    0000011P   1342
40.02379469499587D0,-4.850000000000002D0,4.918157135122036D0,    0000011P   1343
39.89000000000003D0,-4.999999999999999D0,4.849999999999998D0,    0000011P   1344
39.896754193832D0,-5.0D0,4.852624757355006D0,                    0000011P   1345
39.91028264092379D0,-4.998765455664028D0,4.857880958540966D0,    0000011P   1346
39.93012920875084D0,-4.993257800270386D0,4.865616559383033D0,    0000011P   1347
39.9491575708341D0,-4.984200605637557D0,4.873079424977167D0,     0000011P   1348
39.96688935639753D0,-4.971853322206138D0,4.880110098398037D0,    0000011P   1349
39.98299208615669D0,-4.956504665919284D0,4.88659775321746D0,     0000011P   1350
39.99712957337697D0,-4.938529534636233D0,4.892430327190614D0,    0000011P   1351
40.00901805775836D0,-4.918367673659217D0,4.897513233550799D0,    0000011P   1352
40.01842620246517D0,-4.896521504384772D0,4.901769360019435D0,    0000011P   1353
40.02565181516046D0,-4.873557513069527D0,4.905341022301521D0,    0000011P   1354
40.02877098822684D0,-4.857900739162814D0,4.907159009420922D0,    0000011P   1355
40.0287314200745D0,-4.850000000000002D0,4.907444589021992D0,     0000011P   1356
39.89000000000003D0,-4.999999999999999D0,4.849999999999998D0,    0000011P   1357
39.89703251741128D0,-5.000000957855455D0,4.852113870886622D0,    0000011P   1358
39.91111929502058D0,-4.998769369416175D0,4.856347003987358D0,    0000011P   1359
39.93177531164019D0,-4.993268255875353D0,4.862577943513756D0,    0000011P   1360
39.95156192755076D0,-4.984219600776516D0,4.868591057882251D0,    0000011P   1361
39.96996868273319D0,-4.971879891231167D0,4.874258670334772D0,    0000011P   1362
39.98663923004831D0,-4.95653522885299D0,4.879491824187333D0,     0000011P   1363
40.00121205923415D0,-4.938558895039971D0,4.884200513967186D0,    0000011P   1364
40.01338153508412D0,-4.918390902604792D0,4.888308987586496D0,    0000011P   1365
40.02290055825577D0,-4.896535871174611D0,4.891756267910699D0,    0000011P   1366
40.02999029961106D0,-4.873556543728407D0,4.894637359747293D0,    0000011P   1367
40.03284315415866D0,-4.857881628448191D0,4.896088970392569D0,    0000011P   1368
40.03281343556294D0,-4.850000000000003D0,4.896376659250762D0,    0000011P   1369
39.89000000000003D0,-5.0D0,4.849999999999998D0,                  0000011P   1370
39.89728195738526D0,-5.000003831421822D0,4.85159339221233D0,     0000011P   1371
39.91186999042888D0,-4.998781110672618D0,4.854784357109488D0,    0000011P   1372
39.93325322962365D0,-4.993299622690259D0,4.859482386392265D0,    0000011P   1373
39.9537225773128D0,-4.984276586193391D0,4.864018226688065D0,     0000011P   1374
39.97273508851818D0,-4.971959598306255D0,4.868295758970447D0,    0000011P   1375
39.9899071431077D0,-4.956626917654108D0,4.872247305216757D0,     0000011P   1376
40.00484608513527D0,-4.938646976251183D0,4.875804205372535D0,    0000011P   1377
40.01721848938121D0,-4.918460589441521D0,4.878909376679863D0,    0000011P   1378
40.02676081389428D0,-4.896578971544127D0,4.88151940252478D0,     0000011P   1379
40.03354833832006D0,-4.873562412642698D0,4.883681947228316D0,    0000011P   1380
40.0360348300779D0,-4.857864979264643D0,4.884757470023739D0,     0000011P   1381
40.03601281176257D0,-4.850000000000004D0,4.885019039211517D0,    0000011P   1382
39.89000000000002D0,-5.0D0,4.849999999999998D0,                  0000011P   1383
39.89757387760984D0,-5.000005489873804D0,4.850890022250601D0,    0000011P   1384
39.91274867003003D0,-4.998797052522493D0,4.852672609353555D0,    0000011P   1385
39.93498532434963D0,-4.993359315701471D0,4.855299331980094D0,    0000011P   1386
39.95625881375803D0,-4.984394779131058D0,4.857839282295417D0,    0000011P   1387
39.97598275111544D0,-4.972129693497567D0,4.86023810736269D0,     0000011P   1388
39.99373293774475D0,-4.956824921009869D0,4.862455626852447D0,    0000011P   1389
40.00906682193516D0,-4.938837033748713D0,4.864450163277104D0,    0000011P   1390
40.02160245804043D0,-4.918608421569304D0,4.866188280126063D0,    0000011P   1391
40.03104242166313D0,-4.896663278803154D0,4.867648039251583D0,    0000011P   1392
40.03723305563273D0,-4.873572696473423D0,4.868833272241234D0,    0000011P   1393
40.03909570947714D0,-4.857847281028059D0,4.869411721942106D0,    0000011P   1394
40.03907815123835D0,-4.850000000000005D0,4.869595959391317D0,    0000011P   1395
39.89000000000003D0,-5.0D0,4.849999999999998D0,                  0000011P   1396
39.89774487690099D0,-4.999999339715284D0,4.850355765809281D0,    0000011P   1397
39.91326152068347D0,-4.998797050900888D0,4.851068338110935D0,    0000011P   1398
39.93599962271164D0,-4.993411005418196D0,4.852122180637502D0,    0000011P   1399
39.95774904863292D0,-4.984516940446429D0,4.853147385991245D0,    0000011P   1400
39.97789134272679D0,-4.972314627086898D0,4.854120591627827D0,    0000011P   1401
39.99596763220283D0,-4.9570446175676D0,4.855021277412249D0,      0000011P   1402
40.01148828937483D0,-4.939047651461001D0,4.855825814852608D0,    0000011P   1403
40.0240161298151D0,-4.918767744407754D0,4.856516029537812D0,     0000011P   1404
40.03319549358611D0,-4.89674195277694D0,4.857079683126504D0,     0000011P   1405
40.03876646164167D0,-4.873571072748963D0,4.857521207705293D0,    0000011P   1406
40.04000417486582D0,-4.857833050850449D0,4.857738933026352D0,    0000011P   1407
40.04D0,-4.850000000000004D0,4.857834115450474D0,                0000011P   1408
39.89000000000003D0,-5.0D0,4.849999999999998D0,                  0000011P   1409
39.89783975088378D0,-5.0D0,4.849999999999998D0,                  0000011P   1410
39.91354599855512D0,-4.998765455664028D0,4.849999999999994D0,    0000011P   1411
39.93651056631457D0,-4.993257800270385D0,4.849999999999998D0,    0000011P   1412
39.95838419308231D0,-4.984200605637559D0,4.849999999999993D0,    0000011P   1413
39.97852905115696D0,-4.971853322206136D0,4.849999999999994D0,    0000011P   1414
39.99650183482591D0,-4.956504665919285D0,4.849999999999994D0,    0000011P   1415
40.01185429510969D0,-4.93852953463623D0,4.849999999999993D0,     0000011P   1416
40.02420808494163D0,-4.918367673659215D0,4.849999999999994D0,    0000011P   1417
40.03325475520741D0,-4.896521504384773D0,4.849999999999996D0,    0000011P   1418
40.03877086831778D0,-4.873516574038267D0,4.849999999999994D0,    0000011P   1419
40.03999999999999D0,-4.857834115450482D0,4.849999999999996D0,    0000011P   1420
40.04D0,-4.850000000000003D0,4.849999999999996D0,0.0D0,          0000011P   1421
235.6250749184455D0,0.0D0,58.90626872961539D0;                   0000011P   1422
128,1,1,1,1,0,0,1,0,0,0.0D0,0.0D0,10000.0D0,10000.0D0,0.0D0,     0000013P   1423
0.0D0,80000.0D0,80000.0D0,1.0D0,1.0D0,1.0D0,1.0D0,               0000013P   1424
39.96000000000003D0,-4.999999999967965D0,-4.999999999999998D0,   0000013P   1425
39.96000000000003D0,-4.999999999967961D0,5.000000000000002D0,    0000013P   1426
-40.03999999999997D0,-5.000000000032103D0,-4.999999999999998D0,  0000013P   1427
-40.03999999999997D0,-5.000000000032099D0,5.000000000000002D0,   0000013P   1428
0.0D0,10000.0D0,0.0D0,80000.0D0;                                 0000013P   1429
126,1,1,1,0,1,0,39960.00000000001D0,39960.00000000001D0,         0000015P   1430
79850.0D0,79850.0D0,1.0D0,1.0D0,5000.0D0,39960.0D0,0.0D0,        0000015P   1431
4999.999999999999D0,79850.0D0,0.0D0,39960.00000000001D0,         0000015P   1432
79850.0D0,0.0D0,0.0D0,1.0D0;                                     0000015P   1433
126,3,3,1,0,1,0,-4999.999999999995D0,-4999.999999999995D0,       0000017P   1434
-4999.999999999995D0,-4999.999999999995D0,-149.9999999999979D0,  0000017P   1435
-149.9999999999979D0,-149.9999999999979D0,-149.9999999999979D0,  0000017P   1436
1.0D0,1.0D0,1.0D0,1.0D0,4999.999999999999D0,79850.0D0,0.0D0,     0000017P   1437
3383.333333333329D0,79850.0D0,0.0D0,1766.666666666665D0,         0000017P   1438
79850.00000000001D0,0.0D0,150.0D0,79850.00000000001D0,0.0D0,     0000017P   1439
-4999.999999999995D0,-149.9999999999979D0,0.0D0,0.0D0,1.0D0;     0000017P   1440
126,3,3,1,0,1,0,-79850.00000000004D0,-79850.00000000004D0,       0000019P   1441
-79850.00000000004D0,-79850.00000000004D0,-39960.00000000003D0,  0000019P   1442
-39960.00000000003D0,-39960.00000000003D0,-39960.00000000003D0,  0000019P   1443
1.0D0,1.0D0,1.0D0,1.0D0,150.0D0,79850.00000000001D0,0.0D0,       0000019P   1444
150.0D0,66553.33333333334D0,0.0D0,150.0D0,53256.66666666669D0,   0000019P   1445
0.0D0,150.0D0,39960.00000000001D0,0.0D0,-79850.00000000004D0,    0000019P   1446
-39960.00000000003D0,0.0D0,0.0D0,1.0D0;                          0000019P   1447
126,1,1,1,0,1,0,-9195.352901553304D0,-9195.352901553304D0,       0000021P   1448
-4345.352901553305D0,-4345.352901553305D0,1.0D0,1.0D0,150.0D0,   0000021P   1449
39960.00000000001D0,0.0D0,5000.0D0,39960.0D0,0.0D0,              0000021P   1450
-9195.352901553304D0,-4345.352901553305D0,0.0D0,0.0D0,1.0D0;     0000021P   1451
102,4,15,17,19,21;                                               0000023P   1452
126,1,1,1,0,1,0,39960.00000000001D0,39960.00000000001D0,         0000025P   1453
79850.00000000001D0,79850.00000000001D0,1.0D0,1.0D0,             0000025P   1454
2.364686224609448D-14,-5.0D0,-2.293669324602673D-16,             0000025P   1455
-39.88999999999999D0,-5.000000000031981D0,                       0000025P   1456
-2.501110429875553D-15,39960.00000000001D0,79850.00000000001D0,  0000025P   1457
0.0D0,0.0D0,1.0D0;                                               0000025P   1458
126,3,3,1,0,1,0,-4999.999999999995D0,-4999.999999999995D0,       0000027P   1459
-4999.999999999995D0,-4999.999999999995D0,-150.0000000000001D0,  0000027P   1460
-150.0000000000001D0,-150.0000000000001D0,-150.0000000000001D0,  0000027P   1461
1.0D0,1.0D0,1.0D0,1.0D0,-39.88999999999999D0,                    0000027P   1462
-5.000000000031981D0,-2.501110429875553D-15,                     0000027P   1463
-39.88999999999999D0,-5.000000000031982D0,-1.616666666666668D0,  0000027P   1464
-39.88999999999999D0,-5.000000000031983D0,-3.233333333333333D0,  0000027P   1465
-39.88999999999999D0,-5.000000000031985D0,-4.850000000000001D0,  0000027P   1466
-4999.999999999995D0,-150.0000000000001D0,1.0D0,0.0D0,0.0D0;     0000027P   1467
126,3,3,1,0,1,0,-79850.00000000004D0,-79850.00000000004D0,       0000029P   1468
-79850.00000000004D0,-79850.00000000004D0,-39960.00000000003D0,  0000029P   1469
-39960.00000000003D0,-39960.00000000003D0,-39960.00000000003D0,  0000029P   1470
1.0D0,1.0D0,1.0D0,1.0D0,-39.88999999999999D0,                    0000029P   1471
-5.000000000031985D0,-4.850000000000001D0,-26.59333333333332D0,  0000029P   1472
-5.000000000021325D0,-4.849999999999998D0,-13.29666666666665D0,  0000029P   1473
-5.000000000010664D0,-4.849999999999999D0,1.546140993014143D-14, 0000029P   1474
-5.000000000000004D0,-4.849999999999999D0,-79850.00000000004D0,  0000029P   1475
-39960.00000000003D0,0.0D0,0.0D0,1.0D0;                          0000029P   1476
126,1,1,1,0,1,0,-9195.352901553304D0,-9195.352901553304D0,       0000031P   1477
-4345.352901553304D0,-4345.352901553304D0,1.0D0,1.0D0,           0000031P   1478
1.546140993014143D-14,-5.000000000000004D0,-4.849999999999999D0, 0000031P   1479
2.364686224609448D-14,-5.0D0,-2.293669324602673D-16,             0000031P   1480
-9195.352901553304D0,-4345.352901553304D0,1.0D0,0.0D0,0.0D0;     0000031P   1481
102,4,25,27,29,31;                                               0000033P   1482
142,0,13,23,33,1;                                                0000035P   1483
144,13,1,0,35;                                                   0000037P   1484
128,3,2,3,2,0,0,0,0,0,0.0D0,0.0D0,0.0D0,0.0D0,                   0000039P   1485
79850.00000000004D0,79850.00000000004D0,79850.00000000004D0,     0000039P   1486
79850.00000000004D0,0.0D0,0.0D0,0.0D0,300.0000000000009D0,       0000039P   1487
300.0000000000009D0,300.0000000000009D0,1.0D0,1.0D0,             0000039P   1488
0.9999999999999997D0,1.0D0,0.7071067811865457D0,                 0000039P   1489
0.7071067811865469D0,0.7071067811865468D0,0.7071067811865457D0,  0000039P   1490
1.0D0,1.0D0,0.9999999999999997D0,1.0D0,39.96000000000003D0,      0000039P   1491
-4.999999999967965D0,-4.849999999999998D0,13.34333333333334D0,   0000039P   1492
-4.999999999989304D0,-4.849999999999998D0,-13.27333333333334D0,  0000039P   1493
-5.000000000010645D0,-4.849999999999997D0,-39.89000000000001D0,  0000039P   1494
-5.000000000031982D0,-4.849999999999998D0,39.96000000000003D0,   0000039P   1495
-4.999999999967965D0,-4.999999999999998D0,13.34333333333341D0,   0000039P   1496
-4.999999999989305D0,-4.999999999999999D0,-13.2733333333334D0,   0000039P   1497
-5.000000000010644D0,-4.999999999999997D0,-39.89000000000001D0,  0000039P   1498
-5.000000000031982D0,-4.999999999999998D0,39.95999999999991D0,   0000039P   1499
-4.849999999967965D0,-4.999999999999998D0,13.34333333333323D0,   0000039P   1500
-4.849999999989305D0,-4.999999999999999D0,-13.27333333333347D0,  0000039P   1501
-4.850000000010643D0,-5.0D0,-39.89000000000014D0,                0000039P   1502
-4.850000000031982D0,-4.999999999999998D0,0.0D0,                 0000039P   1503
79850.00000000004D0,0.0D0,300.0000000000009D0;                   0000039P   1504
126,1,1,1,0,1,0,39959.99999999999D0,39959.99999999999D0,         0000041P   1505
79850.00000000004D0,79850.00000000004D0,1.0D0,1.0D0,39960.0D0,   0000041P   1506
0.0D0,0.0D0,79850.00000000004D0,0.0D0,0.0D0,39959.99999999999D0, 0000041P   1507
79850.00000000004D0,0.0D0,0.0D0,1.0D0;                           0000041P   1508
126,1,1,1,0,1,0,0.0D0,0.0D0,1.0D0,1.0D0,1.0D0,1.0D0,             0000043P   1509
79850.00000000004D0,0.0D0,0.0D0,79850.00000000004D0,             0000043P   1510
300.0000000000009D0,0.0D0,0.0D0,1.0D0,0.0D0,0.0D0,1.0D0;         0000043P   1511
126,1,1,1,0,1,0,0.0D0,0.0D0,39890.00000000005D0,                 0000045P   1512
39890.00000000005D0,1.0D0,1.0D0,79850.00000000004D0,             0000045P   1513
300.0000000000009D0,0.0D0,39959.99999999999D0,                   0000045P   1514
300.0000000000009D0,0.0D0,0.0D0,39890.00000000005D0,0.0D0,0.0D0, 0000045P   1515
1.0D0;                                                           0000045P   1516
126,1,1,1,0,1,0,-300.0000000000009D0,-300.0000000000009D0,       0000047P   1517
-0.0D0,-0.0D0,1.0D0,1.0D0,39959.99999999999D0,                   0000047P   1518
300.0000000000009D0,0.0D0,39960.0D0,0.0D0,0.0D0,                 0000047P   1519
-300.0000000000009D0,-0.0D0,0.0D0,0.0D0,1.0D0;                   0000047P   1520
102,4,41,43,45,47;                                               0000049P   1521
126,3,3,1,0,1,0,39959.99999999999D0,39959.99999999999D0,         0000051P   1522
39959.99999999999D0,39959.99999999999D0,79850.00000000004D0,     0000051P   1523
79850.00000000004D0,79850.00000000004D0,79850.00000000004D0,     0000051P   1524
1.0D0,1.0D0,1.0D0,1.0D0,3.637978807091714D-14,                   0000051P   1525
-5.000000000000002D0,-4.849999999999998D0,-13.29666666666665D0,  0000051P   1526
-5.000000000010661D0,-4.849999999999997D0,-26.59333333333333D0,  0000051P   1527
-5.000000000021322D0,-4.849999999999996D0,-39.89000000000001D0,  0000051P   1528
-5.000000000031982D0,-4.849999999999997D0,39959.99999999999D0,   0000051P   1529
79850.00000000004D0,0.0D0,0.0D0,1.0D0;                           0000051P   1530
126,2,2,1,0,0,0,0.0D0,0.0D0,0.0D0,1.0D0,1.0D0,1.0D0,1.0D0,       0000053P   1531
0.7071067811865457D0,1.0D0,-39.89000000000001D0,                 0000053P   1532
-5.000000000031982D0,-4.849999999999998D0,-39.89000000000001D0,  0000053P   1533
-5.000000000031982D0,-4.999999999999998D0,-39.89000000000014D0,  0000053P   1534
-4.850000000031982D0,-4.999999999999998D0,0.0D0,1.0D0,1.0D0,     0000053P   1535
0.0D0,0.0D0;                                                     0000053P   1536
126,3,3,1,0,1,0,-79850.00000000004D0,-79850.00000000004D0,       0000055P   1537
-79850.00000000004D0,-79850.00000000004D0,-39959.99999999999D0,  0000055P   1538
-39959.99999999999D0,-39959.99999999999D0,-39959.99999999999D0,  0000055P   1539
1.0D0,1.0D0,1.0D0,1.0D0,-39.89000000000014D0,                    0000055P   1540
-4.850000000031982D0,-4.999999999999998D0,-26.59333333333345D0,  0000055P   1541
-4.850000000021321D0,-4.999999999999998D0,-13.29666666666677D0,  0000055P   1542
-4.850000000010662D0,-4.999999999999999D0,                       0000055P   1543
-8.660699381326541D-14,-4.850000000000002D0,                     0000055P   1544
-4.999999999999999D0,-79850.00000000004D0,-39959.99999999999D0,  0000055P   1545
0.0D0,0.0D0,1.0D0;                                               0000055P   1546
126,2,2,1,0,0,0,-300.0000000000009D0,-300.0000000000009D0,       0000057P   1547
-300.0000000000009D0,-0.0D0,-0.0D0,-0.0D0,1.0D0,                 0000057P   1548
0.7071067811865518D0,1.0D0,-8.660699381326541D-14,               0000057P   1549
-4.850000000000003D0,-5.0D0,3.032541440052917D-14,               0000057P   1550
-5.000000000000002D0,-4.999999999999997D0,3.637978807091713D-14, 0000057P   1551
-5.000000000000002D0,-4.849999999999998D0,-300.0000000000009D0,  0000057P   1552
-0.0D0,1.0D0,0.0D0,0.0D0;                                        0000057P   1553
102,4,51,53,55,57;                                               0000059P   1554
142,0,39,49,59,1;                                                0000061P   1555
144,39,1,0,61;                                                   0000063P   1556
128,1,1,1,1,0,0,1,0,0,0.0D0,0.0D0,80000.0D0,80000.0D0,0.0D0,     0000065P   1557
0.0D0,5000.0D0,5000.0D0,1.0D0,1.0D0,1.0D0,1.0D0,                 0000065P   1558
-40.04000000000398D0,-3.210299465018543D-11,-5.0D0,              0000065P   1559
39.95999999999602D0,3.203476416520887D-11,-5.0D0,                0000065P   1560
-40.03999999999997D0,-5.000000000032102D0,-4.999999999999998D0,  0000065P   1561
39.96000000000003D0,-4.999999999967965D0,-4.999999999999998D0,   0000065P   1562
0.0D0,80000.0D0,0.0D0,5000.0D0;                                  0000065P   1563
126,3,3,1,0,1,0,39960.00000000002D0,39960.00000000002D0,         0000067P   1564
39960.00000000002D0,39960.00000000002D0,79850.00000000004D0,     0000067P   1565
79850.00000000004D0,79850.00000000004D0,79850.00000000004D0,     0000067P   1566
1.0D0,1.0D0,1.0D0,1.0D0,40040.0D0,4849.999999999998D0,0.0D0,     0000067P   1567
26743.3333333333D0,4849.999999999998D0,0.0D0,                    0000067P   1568
13446.66666666665D0,4849.999999999999D0,0.0D0,150.0D0,4850.0D0,  0000067P   1569
0.0D0,39960.00000000002D0,79850.00000000004D0,0.0D0,0.0D0,1.0D0; 0000067P   1570
126,3,3,1,0,1,0,149.999999999998D0,149.999999999998D0,           0000069P   1571
149.999999999998D0,149.999999999998D0,5000.0D0,5000.0D0,         0000069P   1572
5000.0D0,5000.0D0,1.0D0,1.0D0,1.0D0,1.0D0,150.0D0,4850.0D0,      0000069P   1573
0.0D0,150.0000000000146D0,3233.333333333335D0,0.0D0,             0000069P   1574
149.9999999999563D0,1616.666666666667D0,0.0D0,150.0D0,0.0D0,     0000069P   1575
0.0D0,149.999999999998D0,5000.0D0,0.0D0,0.0D0,1.0D0;             0000069P   1576
126,1,1,1,0,1,0,100.15D0,100.15D0,140.04D0,140.04D0,1.0D0,1.0D0, 0000071P   1577
150.0D0,0.0D0,0.0D0,40039.99999999999D0,0.0D0,0.0D0,100.15D0,    0000071P   1578
140.04D0,0.0D0,0.0D0,1.0D0;                                      0000071P   1579
126,1,1,1,0,1,0,-9318.493146214105D0,-9318.493146214105D0,       0000073P   1580
-4468.493146214104D0,-4468.493146214104D0,1.0D0,1.0D0,           0000073P   1581
40039.99999999999D0,0.0D0,0.0D0,40040.0D0,4849.999999999998D0,   0000073P   1582
0.0D0,-9318.493146214105D0,-4468.493146214104D0,0.0D0,0.0D0,     0000073P   1583
1.0D0;                                                           0000073P   1584
102,4,67,69,71,73;                                               0000075P   1585
126,3,3,1,0,1,0,39960.00000000002D0,39960.00000000002D0,         0000077P   1586
39960.00000000002D0,39960.00000000002D0,79850.00000000004D0,     0000077P   1587
79850.00000000004D0,79850.00000000004D0,79850.00000000004D0,     0000077P   1588
1.0D0,1.0D0,1.0D0,1.0D0,-1.138918348664541D-13,                  0000077P   1589
-4.850000000000002D0,-4.999999999999998D0,-13.29666666666677D0,  0000077P   1590
-4.850000000010663D0,-4.999999999999998D0,-26.59333333333343D0,  0000077P   1591
-4.850000000021322D0,-4.999999999999998D0,-39.89000000000009D0,  0000077P   1592
-4.850000000031985D0,-4.999999999999998D0,39960.00000000002D0,   0000077P   1593
79850.00000000004D0,0.0D0,0.0D0,1.0D0;                           0000077P   1594
126,3,3,1,0,1,0,149.999999999998D0,149.999999999998D0,           0000079P   1595
149.999999999998D0,149.999999999998D0,5000.0D0,5000.0D0,         0000079P   1596
5000.0D0,5000.0D0,1.0D0,1.0D0,1.0D0,1.0D0,-39.89000000000009D0,  0000079P   1597
-4.850000000031985D0,-4.999999999999998D0,-39.89000000000139D0,  0000079P   1598
-3.233333333365317D0,-4.999999999999998D0,-39.89000000000269D0,  0000079P   1599
-1.616666666698651D0,-4.999999999999996D0,-39.89000000000397D0,  0000079P   1600
-3.198273635240656D-11,-5.0D0,149.999999999998D0,5000.0D0,0.0D0, 0000079P   1601
0.0D0,1.0D0;                                                     0000079P   1602
126,1,1,1,0,1,0,100.15D0,100.15D0,140.04D0,140.04D0,1.0D0,1.0D0, 0000081P   1603
-39.89000000000397D0,-3.198273635240656D-11,-5.0D0,              0000081P   1604
-3.981325084908955D-12,-2.046363080586505D-15,-5.0D0,100.15D0,   0000081P   1605
140.04D0,0.0D0,0.0D0,1.0D0;                                      0000081P   1606
126,1,1,1,0,1,0,-9318.493146214105D0,-9318.493146214105D0,       0000083P   1607
-4468.493146214104D0,-4468.493146214104D0,1.0D0,1.0D0,           0000083P   1608
-3.981325084908955D-12,-2.046363080586505D-15,-5.0D0,            0000083P   1609
-1.138918348664541D-13,-4.850000000000002D0,                     0000083P   1610
-4.999999999999998D0,-9318.493146214105D0,-4468.493146214104D0,  0000083P   1611
0.0D0,0.0D0,1.0D0;                                               0000083P   1612
102,4,77,79,81,83;                                               0000085P   1613
142,0,65,75,85,1;                                                0000087P   1614
144,65,1,0,87;                                                   0000089P   1615
128,3,2,3,2,0,0,0,0,0,0.0D0,0.0D0,0.0D0,0.0D0,10000.0D0,         0000091P   1616
10000.0D0,10000.0D0,10000.0D0,0.0D0,0.0D0,0.0D0,300.0D0,300.0D0, 0000091P   1617
300.0D0,1.0D0,1.0D0,0.9999999999999997D0,1.0D0,                  0000091P   1618
0.7071067811865457D0,0.7071067811865469D0,0.7071067811865468D0,  0000091P   1619
0.7071067811865457D0,1.0D0,1.0D0,0.9999999999999997D0,1.0D0,     0000091P   1620
-39.88999999999999D0,-5.000000000031982D0,-4.999999999999998D0,  0000091P   1621
-39.88999999999999D0,-5.000000000031981D0,-1.666666666666664D0,  0000091P   1622
-39.88999999999999D0,-5.000000000031982D0,1.666666666666669D0,   0000091P   1623
-39.88999999999999D0,-5.000000000031979D0,5.000000000000002D0,   0000091P   1624
-40.03999999999998D0,-5.000000000032102D0,-4.999999999999998D0,  0000091P   1625
-40.03999999999998D0,-5.000000000032103D0,-1.666666666666672D0,  0000091P   1626
-40.03999999999997D0,-5.0000000000321D0,1.666666666666677D0,     0000091P   1627
-40.03999999999998D0,-5.000000000032099D0,5.000000000000002D0,   0000091P   1628
-40.0400000000001D0,-4.850000000032103D0,-4.999999999999998D0,   0000091P   1629
-40.04000000000011D0,-4.850000000032103D0,-1.666666666666665D0,  0000091P   1630
-40.04000000000011D0,-4.8500000000321D0,1.66666666666667D0,      0000091P   1631
-40.0400000000001D0,-4.850000000032099D0,5.000000000000002D0,    0000091P   1632
0.0D0,10000.0D0,0.0D0,300.0D0;                                   0000091P   1633
126,1,1,1,0,1,0,5000.0D0,5000.0D0,9849.999999999996D0,           0000093P   1634
9849.999999999996D0,1.0D0,1.0D0,5000.0D0,300.0D0,0.0D0,          0000093P   1635
150.0000000000036D0,300.0D0,0.0D0,5000.0D0,9849.999999999996D0,  0000093P   1636
0.0D0,0.0D0,1.0D0;                                               0000093P   1637
126,1,1,1,0,1,0,-300.0D0,-300.0D0,-0.0D0,-0.0D0,1.0D0,1.0D0,     0000095P   1638
150.0000000000036D0,300.0D0,0.0D0,150.0000000000055D0,0.0D0,     0000095P   1639
0.0D0,-300.0D0,-0.0D0,0.0D0,0.0D0,1.0D0;                         0000095P   1640
126,1,1,1,0,1,0,150.0000000000054D0,150.0000000000054D0,         0000097P   1641
4999.999999999999D0,4999.999999999999D0,1.0D0,1.0D0,             0000097P   1642
150.0000000000055D0,0.0D0,0.0D0,5000.000000000001D0,0.0D0,0.0D0, 0000097P   1643
150.0000000000054D0,4999.999999999999D0,0.0D0,0.0D0,1.0D0;       0000097P   1644
126,1,1,1,0,1,0,0.0D0,0.0D0,300.0D0,300.0D0,1.0D0,1.0D0,         0000099P   1645
5000.000000000001D0,0.0D0,0.0D0,5000.0D0,300.0D0,0.0D0,0.0D0,    0000099P   1646
300.0D0,0.0D0,0.0D0,1.0D0;                                       0000099P   1647
102,4,93,95,97,99;                                               0000101P   1648
126,3,3,1,0,1,0,-5000.0D0,-5000.0D0,-5000.0D0,-5000.0D0,         0000103P   1649
-150.0000000000035D0,-150.0000000000035D0,-150.0000000000035D0,  0000103P   1650
-150.0000000000035D0,1.0D0,1.0D0,1.0D0,1.0D0,                    0000103P   1651
-40.04000000000011D0,-4.850000000032102D0,2.212345862062649D-15, 0000103P   1652
-40.0400000000001D0,-4.850000000032102D0,-1.616666666666664D0,   0000103P   1653
-40.0400000000001D0,-4.850000000032102D0,-3.233333333333329D0,   0000103P   1654
-40.04000000000009D0,-4.850000000032102D0,-4.849999999999994D0,  0000103P   1655
-5000.0D0,-150.0000000000035D0,1.0D0,0.0D0,0.0D0;                0000103P   1656
126,2,2,1,0,0,0,-300.0D0,-300.0D0,-300.0D0,0.0D0,0.0D0,0.0D0,    0000105P   1657
1.0D0,0.7071067811865819D0,1.0D0,-40.0400000000001D0,            0000105P   1658
-4.850000000032103D0,-4.849999999999995D0,-40.03999999999997D0,  0000105P   1659
-5.000000000032088D0,-4.84999999999999D0,-39.88999999999999D0,   0000105P   1660
-5.000000000031982D0,-4.849999999999994D0,-300.0D0,0.0D0,0.0D0,  0000105P   1661
0.0D0,1.0D0;                                                     0000105P   1662
126,3,3,1,0,1,0,150.0000000000054D0,150.0000000000054D0,         0000107P   1663
150.0000000000054D0,150.0000000000054D0,5000.0D0,5000.0D0,       0000107P   1664
5000.0D0,5000.0D0,1.0D0,1.0D0,1.0D0,1.0D0,-39.88999999999999D0,  0000107P   1665
-5.000000000031982D0,-4.849999999999994D0,-39.88999999999999D0,  0000107P   1666
-5.000000000031982D0,-3.233333333333329D0,-39.88999999999999D0,  0000107P   1667
-5.000000000031982D0,-1.616666666666664D0,-39.88999999999999D0,  0000107P   1668
-5.000000000031981D0,1.023181539494544D-15,150.0000000000054D0,  0000107P   1669
5000.0D0,1.0D0,0.0D0,0.0D0;                                      0000107P   1670
126,2,2,1,0,0,0,-0.0D0,-0.0D0,-0.0D0,300.0D0,300.0D0,300.0D0,    0000109P   1671
1.0D0,0.7071067811865476D0,1.0D0,-39.88999999999999D0,           0000109P   1672
-5.000000000031982D0,1.023181539494545D-15,-40.03999999999998D0, 0000109P   1673
-5.000000000032099D0,2.045526421980011D-15,-40.04000000000011D0, 0000109P   1674
-4.850000000032102D0,2.212345862062649D-15,-0.0D0,300.0D0,0.0D0, 0000109P   1675
0.0D0,1.0D0;                                                     0000109P   1676
102,4,103,105,107,109;                                           0000111P   1677
142,0,91,101,111,1;                                              0000113P   1678
144,91,1,0,113;                                                  0000115P   1679
128,1,1,1,1,0,0,1,0,0,0.0D0,0.0D0,10000.0D0,10000.0D0,0.0D0,     0000117P   1680
0.0D0,5000.0D0,5000.0D0,1.0D0,1.0D0,1.0D0,1.0D0,                 0000117P   1681
-40.04000000000398D0,-3.209890192402745D-11,5.0D0,               0000117P   1682
-40.04000000000398D0,-3.210299465018543D-11,-5.0D0,              0000117P   1683
-40.03999999999997D0,-5.000000000032099D0,5.000000000000002D0,   0000117P   1684
-40.03999999999997D0,-5.000000000032102D0,-4.999999999999998D0,  0000117P   1685
0.0D0,10000.0D0,0.0D0,5000.0D0;                                  0000117P   1686
126,1,1,1,0,1,0,95.0D0,95.0D0,99.84999999999999D0,               0000119P   1687
99.84999999999999D0,1.0D0,1.0D0,5000.000000000003D0,0.0D0,0.0D0, 0000119P   1688
9850.0D0,0.0D0,0.0D0,95.0D0,99.84999999999999D0,0.0D0,0.0D0,     0000119P   1689
1.0D0;                                                           0000119P   1690
126,3,3,1,0,1,0,-5000.0D0,-5000.0D0,-5000.0D0,-5000.0D0,         0000121P   1691
-149.9999999999954D0,-149.9999999999954D0,-149.9999999999954D0,  0000121P   1692
-149.9999999999954D0,1.0D0,1.0D0,1.0D0,1.0D0,9850.0D0,0.0D0,     0000121P   1693
0.0D0,9849.999999999927D0,1616.666666666667D0,0.0D0,9850.0D0,    0000121P   1694
3233.333333333336D0,0.0D0,9850.0D0,4849.999999999997D0,0.0D0,    0000121P   1695
-5000.0D0,-149.9999999999954D0,0.0D0,0.0D0,1.0D0;                0000121P   1696
126,3,3,1,0,1,0,149.9999999999773D0,149.9999999999773D0,         0000123P   1697
149.9999999999773D0,149.9999999999773D0,4999.999999999991D0,     0000123P   1698
4999.999999999991D0,4999.999999999991D0,4999.999999999991D0,     0000123P   1699
1.0D0,1.0D0,1.0D0,1.0D0,9850.0D0,4849.999999999997D0,0.0D0,      0000123P   1700
8233.333333333343D0,4849.999999999998D0,0.0D0,                   0000123P   1701
6616.666666666668D0,4849.999999999998D0,0.0D0,                   0000123P   1702
4999.999999999998D0,4850.0D0,0.0D0,149.9999999999773D0,          0000123P   1703
4999.999999999991D0,0.0D0,0.0D0,1.0D0;                           0000123P   1704
126,1,1,1,0,1,0,-4849.999999999999D0,-4849.999999999999D0,       0000125P   1705
-0.0D0,-0.0D0,1.0D0,1.0D0,4999.999999999998D0,4850.0D0,0.0D0,    0000125P   1706
5000.000000000003D0,0.0D0,0.0D0,-4849.999999999999D0,-0.0D0,     0000125P   1707
0.0D0,0.0D0,1.0D0;                                               0000125P   1708
102,4,119,121,123,125;                                           0000127P   1709
126,1,1,1,0,1,0,95.0D0,95.0D0,99.84999999999999D0,               0000129P   1710
99.84999999999999D0,1.0D0,1.0D0,-40.04000000000398D0,            0000129P   1711
-3.210094828710644D-11,0.0D0,-40.04000000000398D0,               0000129P   1712
-3.210293325929306D-11,-4.849999999999994D0,95.0D0,              0000129P   1713
99.84999999999999D0,1.0D0,0.0D0,0.0D0;                           0000129P   1714
126,3,3,1,0,1,0,-5000.0D0,-5000.0D0,-5000.0D0,-5000.0D0,         0000131P   1715
-149.9999999999954D0,-149.9999999999954D0,-149.9999999999954D0,  0000131P   1716
-149.9999999999954D0,1.0D0,1.0D0,1.0D0,1.0D0,                    0000131P   1717
-40.04000000000398D0,-3.210293325929306D-11,                     0000131P   1718
-4.849999999999994D0,-40.04000000000267D0,-1.616666666698769D0,  0000131P   1719
-4.850000000000001D0,-40.04000000000138D0,-3.233333333365435D0,  0000131P   1720
-4.850000000000008D0,-40.0400000000001D0,-4.850000000032103D0,   0000131P   1721
-4.850000000000019D0,-5000.0D0,-149.9999999999954D0,0.0D0,0.0D0, 0000131P   1722
1.0D0;                                                           0000131P   1723
126,3,3,1,0,1,0,149.9999999999793D0,149.9999999999793D0,         0000133P   1724
149.9999999999793D0,149.9999999999793D0,5000.000000000003D0,     0000133P   1725
5000.000000000003D0,5000.000000000003D0,5000.000000000003D0,     0000133P   1726
1.0D0,1.0D0,1.0D0,1.0D0,-40.0400000000001D0,                     0000133P   1727
-4.850000000032103D0,-4.850000000000019D0,-40.04000000000011D0,  0000133P   1728
-4.850000000032103D0,-3.233333333333344D0,-40.04000000000011D0,  0000133P   1729
-4.850000000032103D0,-1.61666666666667D0,-40.04000000000011D0,   0000133P   1730
-4.850000000032103D0,4.940829967381433D-15,149.9999999999793D0,  0000133P   1731
5000.000000000003D0,1.0D0,0.0D0,0.0D0;                           0000133P   1732
126,1,1,1,0,1,0,-4849.999999999999D0,-4849.999999999999D0,       0000135P   1733
-0.0D0,-0.0D0,1.0D0,1.0D0,-40.04000000000011D0,                  0000135P   1734
-4.850000000032103D0,4.940829967381433D-15,-40.04000000000398D0, 0000135P   1735
-3.210094828710644D-11,0.0D0,-4849.999999999999D0,-0.0D0,0.0D0,  0000135P   1736
0.0D0,1.0D0;                                                     0000135P   1737
102,4,129,131,133,135;                                           0000137P   1738
142,0,117,127,137,1;                                             0000139P   1739
144,117,1,0,139;                                                 0000141P   1740
128,3,2,3,2,0,0,0,0,0,0.0D0,0.0D0,0.0D0,0.0D0,5000.0D0,5000.0D0, 0000143P   1741
5000.0D0,5000.0D0,0.0D0,0.0D0,0.0D0,300.0000000000109D0,         0000143P   1742
300.0000000000109D0,300.0000000000109D0,1.0D0,1.0D0,             0000143P   1743
0.9999999999999994D0,1.0D0,0.7071067811865457D0,                 0000143P   1744
0.7071067811865457D0,0.7071067811865452D0,0.7071067811865457D0,  0000143P   1745
1.0D0,1.0D0,0.9999999999999994D0,1.0D0,-40.03999999999997D0,     0000143P   1746
-5.000000000032102D0,-4.849999999999993D0,-40.04000000000129D0,  0000143P   1747
-3.333333333365434D0,-4.849999999999989D0,-40.04000000000266D0,  0000143P   1748
-1.666666666698771D0,-4.849999999999995D0,-40.04000000000398D0,  0000143P   1749
-3.210293325929306D-11,-4.849999999999994D0,                     0000143P   1750
-40.03999999999997D0,-5.000000000032102D0,-4.999999999999996D0,  0000143P   1751
-40.04000000000131D0,-3.333333333365434D0,-4.99999999999999D0,   0000143P   1752
-40.04000000000264D0,-1.66666666669877D0,-4.999999999999992D0,   0000143P   1753
-40.04000000000398D0,-3.210299465018544D-11,                     0000143P   1754
-4.999999999999998D0,-39.88999999999997D0,-5.000000000031982D0,  0000143P   1755
-4.999999999999998D0,-39.8900000000013D0,-3.333333333365314D0,   0000143P   1756
-4.999999999999997D0,-39.89000000000267D0,-1.666666666698651D0,  0000143P   1757
-5.0D0,-39.89000000000397D0,-3.198273635240656D-11,-5.0D0,0.0D0, 0000143P   1758
5000.0D0,0.0D0,300.0000000000109D0;                              0000143P   1759
126,1,1,1,0,1,0,-300.0000000000109D0,-300.0000000000109D0,       0000145P   1760
-0.0D0,-0.0D0,1.0D0,1.0D0,150.0000000000036D0,                   0000145P   1761
300.0000000000109D0,0.0D0,149.9999999999954D0,0.0D0,0.0D0,       0000145P   1762
-300.0000000000109D0,-0.0D0,0.0D0,0.0D0,1.0D0;                   0000145P   1763
126,1,1,1,0,1,0,149.9999999999954D0,149.9999999999954D0,         0000147P   1764
5000.0D0,5000.0D0,1.0D0,1.0D0,149.9999999999954D0,0.0D0,0.0D0,   0000147P   1765
5000.0D0,0.0D0,0.0D0,149.9999999999954D0,5000.0D0,0.0D0,0.0D0,   0000147P   1766
1.0D0;                                                           0000147P   1767
126,1,1,1,0,1,0,0.0D0,0.0D0,1.0D0,1.0D0,1.0D0,1.0D0,5000.0D0,    0000149P   1768
0.0D0,0.0D0,5000.0D0,300.0000000000109D0,0.0D0,0.0D0,1.0D0,      0000149P   1769
0.0D0,0.0D0,1.0D0;                                               0000149P   1770
126,1,1,1,0,1,0,0.0D0,0.0D0,4849.999999999996D0,                 0000151P   1771
4849.999999999996D0,1.0D0,1.0D0,5000.0D0,300.0000000000109D0,    0000151P   1772
0.0D0,150.0000000000036D0,300.0000000000109D0,0.0D0,0.0D0,       0000151P   1773
4849.999999999996D0,0.0D0,0.0D0,1.0D0;                           0000151P   1774
102,4,145,147,149,151;                                           0000153P   1775
126,2,2,1,0,0,0,-300.0000000000109D0,-300.0000000000109D0,       0000155P   1776
-300.0000000000109D0,0.0D0,0.0D0,0.0D0,1.0D0,                    0000155P   1777
0.707106781186569D0,1.0D0,-39.89000000000009D0,                  0000155P   1778
-4.850000000031978D0,-4.999999999999998D0,-40.04000000000008D0,  0000155P   1779
-4.850000000032104D0,-4.999999999999997D0,-40.0400000000001D0,   0000155P   1780
-4.850000000032108D0,-4.849999999999993D0,-300.0000000000109D0,  0000155P   1781
0.0D0,0.0D0,1.0D0,0.0D0;                                         0000155P   1782
126,3,3,1,0,1,0,149.9999999999954D0,149.9999999999954D0,         0000157P   1783
149.9999999999954D0,149.9999999999954D0,5000.0D0,5000.0D0,       0000157P   1784
5000.0D0,5000.0D0,1.0D0,1.0D0,1.0D0,1.0D0,-40.0400000000001D0,   0000157P   1785
-4.850000000032108D0,-4.849999999999993D0,-40.04000000000138D0,  0000157P   1786
-3.233333333365438D0,-4.84999999999999D0,-40.04000000000267D0,   0000157P   1787
-1.616666666698771D0,-4.849999999999992D0,-40.04000000000398D0,  0000157P   1788
-3.210293325929306D-11,-4.849999999999994D0,149.9999999999954D0, 0000157P   1789
5000.0D0,0.0D0,0.0D0,1.0D0;                                      0000157P   1790
126,2,2,1,0,0,0,0.0D0,0.0D0,0.0D0,1.0D0,1.0D0,1.0D0,1.0D0,       0000159P   1791
0.7071067811865457D0,1.0D0,-40.04000000000398D0,                 0000159P   1792
-3.210293325929306D-11,-4.849999999999994D0,                     0000159P   1793
-40.04000000000398D0,-3.210299465018544D-11,                     0000159P   1794
-4.999999999999998D0,-39.89000000000397D0,                       0000159P   1795
-3.198273635240656D-11,-5.0D0,0.0D0,1.0D0,-0.0D0,-1.0D0,-0.0D0;  0000159P   1796
126,3,3,1,0,1,0,-5000.0D0,-5000.0D0,-5000.0D0,-5000.0D0,         0000161P   1797
-150.0000000000035D0,-150.0000000000035D0,-150.0000000000035D0,  0000161P   1798
-150.0000000000035D0,1.0D0,1.0D0,1.0D0,1.0D0,                    0000161P   1799
-39.89000000000397D0,-3.198273635240656D-11,-5.0D0,              0000161P   1800
-39.89000000000269D0,-1.616666666698649D0,-4.999999999999996D0,  0000161P   1801
-39.89000000000139D0,-3.233333333365313D0,-4.999999999999998D0,  0000161P   1802
-39.89000000000009D0,-4.850000000031978D0,-4.999999999999998D0,  0000161P   1803
-5000.0D0,-150.0000000000035D0,0.0D0,0.0D0,1.0D0;                0000161P   1804
102,4,155,157,159,161;                                           0000163P   1805
142,0,143,153,163,1;                                             0000165P   1806
144,143,1,0,165;                                                 0000167P   1807
128,1,1,1,1,0,0,1,0,0,0.0D0,0.0D0,80000.0D0,80000.0D0,0.0D0,     0000169P   1808
0.0D0,10000.0D0,10000.0D0,1.0D0,1.0D0,1.0D0,1.0D0,               0000169P   1809
39.96000000000003D0,-4.999999999967963D0,5.0D0,                  0000169P   1810
-40.03999999999997D0,-5.000000000032101D0,5.0D0,                 0000169P   1811
39.96000000000003D0,-4.999999999967963D0,-5.0D0,                 0000169P   1812
-40.03999999999997D0,-5.000000000032101D0,-5.0D0,0.0D0,          0000169P   1813
80000.0D0,0.0D0,10000.0D0;                                       0000169P   1814
126,1,1,1,0,1,0,4345.352901553305D0,4345.352901553305D0,         0000171P   1815
9195.352901553304D0,9195.352901553304D0,1.0D0,1.0D0,39960.0D0,   0000171P   1816
5000.0D0,0.0D0,39960.00000000001D0,150.0D0,0.0D0,                0000171P   1817
4345.352901553305D0,9195.352901553304D0,0.0D0,0.0D0,1.0D0;       0000171P   1818
126,3,3,1,0,1,0,39960.00000000003D0,39960.00000000003D0,         0000173P   1819
39960.00000000003D0,39960.00000000003D0,79850.00000000004D0,     0000173P   1820
79850.00000000004D0,79850.00000000004D0,79850.00000000004D0,     0000173P   1821
1.0D0,1.0D0,1.0D0,1.0D0,39960.00000000001D0,150.0D0,0.0D0,       0000173P   1822
53256.66666666669D0,150.0D0,0.0D0,66553.33333333334D0,150.0D0,   0000173P   1823
0.0D0,79850.00000000001D0,150.0D0,0.0D0,39960.00000000003D0,     0000173P   1824
79850.00000000004D0,0.0D0,0.0D0,1.0D0;                           0000173P   1825
126,3,3,1,0,1,0,149.9999999999979D0,149.9999999999979D0,         0000175P   1826
149.9999999999979D0,149.9999999999979D0,4999.999999999995D0,     0000175P   1827
4999.999999999995D0,4999.999999999995D0,4999.999999999995D0,     0000175P   1828
1.0D0,1.0D0,1.0D0,1.0D0,79850.00000000001D0,150.0D0,0.0D0,       0000175P   1829
79850.00000000001D0,1766.666666666665D0,0.0D0,79850.0D0,         0000175P   1830
3383.333333333329D0,0.0D0,79850.0D0,4999.999999999999D0,0.0D0,   0000175P   1831
149.9999999999979D0,4999.999999999995D0,0.0D0,0.0D0,1.0D0;       0000175P   1832
126,1,1,1,0,1,0,-79850.0D0,-79850.0D0,-39960.00000000001D0,      0000177P   1833
-39960.00000000001D0,1.0D0,1.0D0,79850.0D0,4999.999999999999D0,  0000177P   1834
0.0D0,39960.0D0,5000.0D0,0.0D0,-79850.0D0,-39960.00000000001D0,  0000177P   1835
0.0D0,0.0D0,1.0D0;                                               0000177P   1836
102,4,171,173,175,177;                                           0000179P   1837
126,1,1,1,0,1,0,4345.352901553304D0,4345.352901553304D0,         0000181P   1838
9195.352901553304D0,9195.352901553304D0,1.0D0,1.0D0,             0000181P   1839
2.364686224609448D-14,-5.0D0,2.275730011449356D-15,              0000181P   1840
1.546140993013978D-14,-5.000000000000002D0,4.850000000000001D0,  0000181P   1841
4345.352901553304D0,9195.352901553304D0,1.0D0,0.0D0,0.0D0;       0000181P   1842
126,3,3,1,0,1,0,39960.00000000003D0,39960.00000000003D0,         0000183P   1843
39960.00000000003D0,39960.00000000003D0,79850.00000000004D0,     0000183P   1844
79850.00000000004D0,79850.00000000004D0,79850.00000000004D0,     0000183P   1845
1.0D0,1.0D0,1.0D0,1.0D0,1.546140993013978D-14,                   0000183P   1846
-5.000000000000002D0,4.850000000000001D0,-13.29666666666665D0,   0000183P   1847
-5.000000000010662D0,4.850000000000001D0,-26.59333333333332D0,   0000183P   1848
-5.000000000021323D0,4.850000000000001D0,-39.88999999999999D0,   0000183P   1849
-5.000000000031983D0,4.850000000000002D0,39960.00000000003D0,    0000183P   1850
79850.00000000004D0,0.0D0,0.0D0,1.0D0;                           0000183P   1851
126,3,3,1,0,1,0,150.0000000000001D0,150.0000000000001D0,         0000185P   1852
150.0000000000001D0,150.0000000000001D0,4999.999999999995D0,     0000185P   1853
4999.999999999995D0,4999.999999999995D0,4999.999999999995D0,     0000185P   1854
1.0D0,1.0D0,1.0D0,1.0D0,-39.88999999999999D0,                    0000185P   1855
-5.000000000031983D0,4.850000000000002D0,-39.88999999999999D0,   0000185P   1856
-5.000000000031982D0,3.233333333333336D0,-39.88999999999999D0,   0000185P   1857
-5.000000000031982D0,1.61666666666667D0,-39.88999999999999D0,    0000185P   1858
-5.000000000031981D0,4.547473508864641D-15,150.0000000000001D0,  0000185P   1859
4999.999999999995D0,1.0D0,0.0D0,0.0D0;                           0000185P   1860
126,1,1,1,0,1,0,-79850.00000000001D0,-79850.00000000001D0,       0000187P   1861
-39960.00000000001D0,-39960.00000000001D0,1.0D0,1.0D0,           0000187P   1862
-39.88999999999999D0,-5.000000000031981D0,4.547473508864641D-15, 0000187P   1863
2.364686224609448D-14,-5.0D0,2.275730011449356D-15,              0000187P   1864
-79850.00000000001D0,-39960.00000000001D0,0.0D0,0.0D0,1.0D0;     0000187P   1865
102,4,181,183,185,187;                                           0000189P   1866
142,0,169,179,189,1;                                             0000191P   1867
144,169,1,0,191;                                                 0000193P   1868
128,2,3,2,3,0,0,0,0,0,0.0D0,0.0D0,0.0D0,300.0000000000009D0,     0000195P   1869
300.0000000000009D0,300.0000000000009D0,0.0D0,0.0D0,0.0D0,0.0D0, 0000195P   1870
79850.00000000004D0,79850.00000000004D0,79850.00000000004D0,     0000195P   1871
79850.00000000004D0,1.0D0,0.7071067811865457D0,1.0D0,1.0D0,      0000195P   1872
0.7071067811865469D0,1.0D0,0.9999999999999997D0,                 0000195P   1873
0.7071067811865468D0,0.9999999999999997D0,1.0D0,                 0000195P   1874
0.7071067811865457D0,1.0D0,39.96000000000003D0,                  0000195P   1875
-4.999999999967963D0,4.850000000000001D0,39.96000000000003D0,    0000195P   1876
-4.999999999967963D0,5.0D0,39.95999999999991D0,                  0000195P   1877
-4.849999999967963D0,5.0D0,13.34333333333334D0,                  0000195P   1878
-4.999999999989302D0,4.850000000000001D0,13.34333333333341D0,    0000195P   1879
-4.999999999989304D0,5.000000000000001D0,13.34333333333323D0,    0000195P   1880
-4.849999999989303D0,5.000000000000001D0,-13.27333333333334D0,   0000195P   1881
-5.000000000010643D0,4.849999999999999D0,-13.2733333333334D0,    0000195P   1882
-5.000000000010641D0,5.0D0,-13.27333333333347D0,                 0000195P   1883
-4.850000000010641D0,5.000000000000002D0,-39.89000000000001D0,   0000195P   1884
-5.000000000031981D0,4.850000000000001D0,-39.89000000000001D0,   0000195P   1885
-5.000000000031981D0,5.0D0,-39.89000000000014D0,                 0000195P   1886
-4.85000000003198D0,5.0D0,0.0D0,300.0000000000009D0,0.0D0,       0000195P   1887
79850.00000000004D0;                                             0000195P   1888
126,1,1,1,0,1,0,0.0D0,0.0D0,300.0000000000009D0,                 0000197P   1889
300.0000000000009D0,1.0D0,1.0D0,0.0D0,39960.0D0,0.0D0,           0000197P   1890
300.0000000000009D0,39959.99999999999D0,0.0D0,0.0D0,             0000197P   1891
300.0000000000009D0,0.0D0,0.0D0,1.0D0;                           0000197P   1892
126,1,1,1,0,1,0,-39890.00000000005D0,-39890.00000000005D0,       0000199P   1893
-0.0D0,-0.0D0,1.0D0,1.0D0,300.0000000000009D0,                   0000199P   1894
39959.99999999999D0,0.0D0,300.0000000000009D0,                   0000199P   1895
79850.00000000004D0,0.0D0,-39890.00000000005D0,-0.0D0,0.0D0,     0000199P   1896
0.0D0,1.0D0;                                                     0000199P   1897
126,1,1,1,0,1,0,-1.0D0,-1.0D0,-0.0D0,-0.0D0,1.0D0,1.0D0,         0000201P   1898
300.0000000000009D0,79850.00000000004D0,0.0D0,0.0D0,             0000201P   1899
79850.00000000004D0,0.0D0,-1.0D0,-0.0D0,0.0D0,0.0D0,1.0D0;       0000201P   1900
126,1,1,1,0,1,0,-79850.00000000004D0,-79850.00000000004D0,       0000203P   1901
-39959.99999999999D0,-39959.99999999999D0,1.0D0,1.0D0,0.0D0,     0000203P   1902
79850.00000000004D0,0.0D0,0.0D0,39960.0D0,0.0D0,                 0000203P   1903
-79850.00000000004D0,-39959.99999999999D0,0.0D0,0.0D0,1.0D0;     0000203P   1904
102,4,197,199,201,203;                                           0000205P   1905
126,2,2,1,0,0,0,0.0D0,0.0D0,0.0D0,300.0000000000009D0,           0000207P   1906
300.0000000000009D0,300.0000000000009D0,1.0D0,                   0000207P   1907
0.7071067811865518D0,1.0D0,3.637978807091548D-14,-5.0D0,         0000207P   1908
4.850000000000001D0,3.032541440052741D-14,-5.0D0,                0000207P   1909
4.999999999999999D0,-8.660699381326623D-14,-4.850000000000001D0, 0000207P   1910
5.000000000000002D0,0.0D0,300.0000000000009D0,-1.0D0,-0.0D0,     0000207P   1911
-0.0D0;                                                          0000207P   1912
126,3,3,1,0,1,0,39959.99999999999D0,39959.99999999999D0,         0000209P   1913
39959.99999999999D0,39959.99999999999D0,79850.00000000004D0,     0000209P   1914
79850.00000000004D0,79850.00000000004D0,79850.00000000004D0,     0000209P   1915
1.0D0,1.0D0,1.0D0,1.0D0,-8.660699381326623D-14,                  0000209P   1916
-4.850000000000001D0,5.000000000000001D0,-13.29666666666677D0,   0000209P   1917
-4.85000000001066D0,5.000000000000001D0,-26.59333333333345D0,    0000209P   1918
-4.850000000021319D0,5.0D0,-39.89000000000014D0,                 0000209P   1919
-4.85000000003198D0,5.0D0,39959.99999999999D0,                   0000209P   1920
79850.00000000004D0,0.0D0,0.0D0,1.0D0;                           0000209P   1921
126,2,2,1,0,0,0,-1.0D0,-1.0D0,-1.0D0,-0.0D0,-0.0D0,-0.0D0,1.0D0, 0000211P   1922
0.7071067811865457D0,1.0D0,-39.89000000000014D0,                 0000211P   1923
-4.85000000003198D0,5.0D0,-39.89000000000001D0,                  0000211P   1924
-5.000000000031981D0,5.0D0,-39.89000000000001D0,                 0000211P   1925
-5.000000000031981D0,4.850000000000001D0,-1.0D0,-0.0D0,-1.0D0,   0000211P   1926
-0.0D0,-0.0D0;                                                   0000211P   1927
126,3,3,1,0,1,0,-79850.00000000004D0,-79850.00000000004D0,       0000213P   1928
-79850.00000000004D0,-79850.00000000004D0,-39959.99999999999D0,  0000213P   1929
-39959.99999999999D0,-39959.99999999999D0,-39959.99999999999D0,  0000213P   1930
1.0D0,1.0D0,1.0D0,1.0D0,-39.89000000000001D0,                    0000213P   1931
-5.00000000003198D0,4.85D0,-26.59333333333333D0,                 0000213P   1932
-5.000000000021321D0,4.849999999999998D0,-13.29666666666665D0,   0000213P   1933
-5.000000000010659D0,4.849999999999999D0,3.637978807091548D-14,  0000213P   1934
-5.0D0,4.85D0,-79850.00000000004D0,-39959.99999999999D0,0.0D0,   0000213P   1935
0.0D0,1.0D0;                                                     0000213P   1936
102,4,207,209,211,213;                                           0000215P   1937
142,0,195,205,215,1;                                             0000217P   1938
144,195,1,0,217;                                                 0000219P   1939
128,1,1,1,1,0,0,1,0,0,0.0D0,0.0D0,5000.0D0,5000.0D0,0.0D0,0.0D0, 0000221P   1940
80000.0D0,80000.0D0,1.0D0,1.0D0,1.0D0,1.0D0,                     0000221P   1941
-40.04000000000398D0,-3.210094828710644D-11,5.0D0,               0000221P   1942
-40.03999999999997D0,-5.000000000032101D0,5.0D0,                 0000221P   1943
39.95999999999602D0,3.203681052828786D-11,5.0D0,                 0000221P   1944
39.96000000000003D0,-4.999999999967963D0,5.0D0,0.0D0,5000.0D0,   0000221P   1945
0.0D0,80000.0D0;                                                 0000221P   1946
126,1,1,1,0,1,0,4468.493146214104D0,4468.493146214104D0,         0000223P   1947
9318.493146214105D0,9318.493146214105D0,1.0D0,1.0D0,             0000223P   1948
4849.999999999998D0,40040.0D0,0.0D0,0.0D0,40039.99999999999D0,   0000223P   1949
0.0D0,4468.493146214104D0,9318.493146214105D0,0.0D0,0.0D0,1.0D0; 0000223P   1950
126,1,1,1,0,1,0,-140.04D0,-140.04D0,-100.15D0,-100.15D0,1.0D0,   0000225P   1951
1.0D0,0.0D0,40039.99999999999D0,0.0D0,0.0D0,150.0D0,0.0D0,       0000225P   1952
-140.04D0,-100.15D0,0.0D0,0.0D0,1.0D0;                           0000225P   1953
126,3,3,1,0,1,0,-5000.0D0,-5000.0D0,-5000.0D0,-5000.0D0,         0000227P   1954
-149.999999999998D0,-149.999999999998D0,-149.999999999998D0,     0000227P   1955
-149.999999999998D0,1.0D0,1.0D0,1.0D0,1.0D0,0.0D0,150.0D0,0.0D0, 0000227P   1956
1616.666666666667D0,149.9999999999563D0,0.0D0,                   0000227P   1957
3233.333333333335D0,150.0000000000146D0,0.0D0,4850.0D0,150.0D0,  0000227P   1958
0.0D0,-5000.0D0,-149.999999999998D0,0.0D0,0.0D0,1.0D0;           0000227P   1959
126,3,3,1,0,1,0,-79850.00000000004D0,-79850.00000000004D0,       0000229P   1960
-79850.00000000004D0,-79850.00000000004D0,-39960.00000000002D0,  0000229P   1961
-39960.00000000002D0,-39960.00000000002D0,-39960.00000000002D0,  0000229P   1962
1.0D0,1.0D0,1.0D0,1.0D0,4850.0D0,150.0D0,0.0D0,                  0000229P   1963
4849.999999999999D0,13446.66666666665D0,0.0D0,                   0000229P   1964
4849.999999999998D0,26743.3333333333D0,0.0D0,                    0000229P   1965
4849.999999999998D0,40040.0D0,0.0D0,-79850.00000000004D0,        0000229P   1966
-39960.00000000002D0,0.0D0,0.0D0,1.0D0;                          0000229P   1967
102,4,223,225,227,229;                                           0000231P   1968
126,1,1,1,0,1,0,4468.493146214104D0,4468.493146214104D0,         0000233P   1969
9318.493146214105D0,9318.493146214105D0,1.0D0,1.0D0,             0000233P   1970
-1.138918348664549D-13,-4.850000000000001D0,5.0D0,               0000233P   1971
-3.981325084908957D-12,-1.597416249180467D-24,5.0D0,             0000233P   1972
4468.493146214104D0,9318.493146214105D0,0.0D0,0.0D0,1.0D0;       0000233P   1973
126,1,1,1,0,1,0,-140.04D0,-140.04D0,-100.15D0,-100.15D0,1.0D0,   0000235P   1974
1.0D0,-3.981325084908957D-12,-1.597416249180467D-24,5.0D0,       0000235P   1975
-39.89000000000397D0,-3.198068998932757D-11,5.0D0,-140.04D0,     0000235P   1976
-100.15D0,0.0D0,0.0D0,1.0D0;                                     0000235P   1977
126,3,3,1,0,1,0,-5000.0D0,-5000.0D0,-5000.0D0,-5000.0D0,         0000237P   1978
-149.999999999998D0,-149.999999999998D0,-149.999999999998D0,     0000237P   1979
-149.999999999998D0,1.0D0,1.0D0,1.0D0,1.0D0,                     0000237P   1980
-39.89000000000397D0,-3.198068998932757D-11,5.0D0,               0000237P   1981
-39.89000000000269D0,-1.616666666698649D0,4.999999999999997D0,   0000237P   1982
-39.89000000000139D0,-3.233333333365315D0,4.999999999999999D0,   0000237P   1983
-39.89000000000009D0,-4.850000000031982D0,5.0D0,-5000.0D0,       0000237P   1984
-149.999999999998D0,0.0D0,0.0D0,1.0D0;                           0000237P   1985
126,3,3,1,0,1,0,-79850.00000000004D0,-79850.00000000004D0,       0000239P   1986
-79850.00000000004D0,-79850.00000000004D0,-39960.00000000002D0,  0000239P   1987
-39960.00000000002D0,-39960.00000000002D0,-39960.00000000002D0,  0000239P   1988
1.0D0,1.0D0,1.0D0,1.0D0,-39.89000000000009D0,                    0000239P   1989
-4.850000000031982D0,5.0D0,-26.59333333333343D0,                 0000239P   1990
-4.85000000002132D0,5.0D0,-13.29666666666677D0,                  0000239P   1991
-4.850000000010661D0,5.0D0,-1.138918348664549D-13,               0000239P   1992
-4.850000000000001D0,5.0D0,-79850.00000000004D0,                 0000239P   1993
-39960.00000000002D0,0.0D0,0.0D0,1.0D0;                          0000239P   1994
102,4,233,235,237,239;                                           0000241P   1995
142,0,221,231,241,1;                                             0000243P   1996
144,221,1,0,243;                                                 0000245P   1997
128,2,3,2,3,0,0,0,0,0,0.0D0,0.0D0,0.0D0,300.0D0,300.0D0,300.0D0, 0000247P   1998
0.0D0,0.0D0,0.0D0,0.0D0,10000.0D0,10000.0D0,10000.0D0,10000.0D0, 0000247P   1999
1.0D0,0.7071067811865457D0,1.0D0,1.0D0,0.7071067811865469D0,     0000247P   2000
1.0D0,0.9999999999999997D0,0.7071067811865468D0,                 0000247P   2001
0.9999999999999997D0,1.0D0,0.7071067811865457D0,1.0D0,           0000247P   2002
-39.88999999999999D0,-5.000000000031981D0,5.0D0,                 0000247P   2003
-40.03999999999998D0,-5.000000000032101D0,5.0D0,                 0000247P   2004
-40.0400000000001D0,-4.850000000032101D0,5.0D0,                  0000247P   2005
-39.88999999999999D0,-5.00000000003198D0,1.666666666666666D0,    0000247P   2006
-40.03999999999998D0,-5.000000000032101D0,1.666666666666674D0,   0000247P   2007
-40.04000000000011D0,-4.850000000032102D0,1.666666666666667D0,   0000247P   2008
-39.88999999999999D0,-5.000000000031982D0,-1.666666666666667D0,  0000247P   2009
-40.03999999999997D0,-5.000000000032101D0,-1.666666666666675D0,  0000247P   2010
-40.04000000000011D0,-4.850000000032101D0,-1.666666666666668D0,  0000247P   2011
-39.88999999999999D0,-5.000000000031981D0,-5.0D0,                0000247P   2012
-40.03999999999998D0,-5.000000000032101D0,-5.0D0,                0000247P   2013
-40.0400000000001D0,-4.850000000032101D0,-5.0D0,0.0D0,300.0D0,   0000247P   2014
0.0D0,10000.0D0;                                                 0000247P   2015
126,1,1,1,0,1,0,-300.0D0,-300.0D0,-0.0D0,-0.0D0,1.0D0,1.0D0,     0000249P   2016
300.0D0,5000.0D0,0.0D0,0.0D0,5000.000000000001D0,0.0D0,-300.0D0, 0000249P   2017
-0.0D0,0.0D0,0.0D0,1.0D0;                                        0000249P   2018
126,1,1,1,0,1,0,-4999.999999999999D0,-4999.999999999999D0,       0000251P   2019
-150.0000000000054D0,-150.0000000000054D0,1.0D0,1.0D0,0.0D0,     0000251P   2020
5000.000000000001D0,0.0D0,0.0D0,150.0000000000055D0,0.0D0,       0000251P   2021
-4999.999999999999D0,-150.0000000000054D0,0.0D0,0.0D0,1.0D0;     0000251P   2022
126,1,1,1,0,1,0,0.0D0,0.0D0,300.0D0,300.0D0,1.0D0,1.0D0,0.0D0,   0000253P   2023
150.0000000000055D0,0.0D0,300.0D0,150.0000000000036D0,0.0D0,     0000253P   2024
0.0D0,300.0D0,0.0D0,0.0D0,1.0D0;                                 0000253P   2025
126,1,1,1,0,1,0,-9849.999999999996D0,-9849.999999999996D0,       0000255P   2026
-5000.0D0,-5000.0D0,1.0D0,1.0D0,300.0D0,150.0000000000036D0,     0000255P   2027
0.0D0,300.0D0,5000.0D0,0.0D0,-9849.999999999996D0,-5000.0D0,     0000255P   2028
0.0D0,0.0D0,1.0D0;                                               0000255P   2029
102,4,249,251,253,255;                                           0000257P   2030
126,2,2,1,0,0,0,-300.0D0,-300.0D0,-300.0D0,0.0D0,0.0D0,0.0D0,    0000259P   2031
1.0D0,0.7071067811865476D0,1.0D0,-40.04000000000011D0,           0000259P   2032
-4.850000000032102D0,-2.273736754432321D-16,                     0000259P   2033
-40.03999999999998D0,-5.000000000032099D0,8.366570090763576D-19, 0000259P   2034
-39.88999999999999D0,-5.000000000031982D0,1.023181539494545D-15, 0000259P   2035
-300.0D0,0.0D0,0.0D0,0.0D0,1.0D0;                                0000259P   2036
126,3,3,1,0,1,0,-5000.0D0,-5000.0D0,-5000.0D0,-5000.0D0,         0000261P   2037
-150.0000000000054D0,-150.0000000000054D0,-150.0000000000054D0,  0000261P   2038
-150.0000000000054D0,1.0D0,1.0D0,1.0D0,1.0D0,                    0000261P   2039
-39.88999999999999D0,-5.000000000031981D0,1.023181539494544D-15, 0000261P   2040
-39.88999999999999D0,-5.000000000031981D0,1.616666666666666D0,   0000261P   2041
-39.88999999999999D0,-5.000000000031981D0,3.233333333333331D0,   0000261P   2042
-39.88999999999999D0,-5.000000000031981D0,4.849999999999996D0,   0000261P   2043
-5000.0D0,-150.0000000000054D0,1.0D0,0.0D0,0.0D0;                0000261P   2044
126,2,2,1,0,0,0,-0.0D0,-0.0D0,-0.0D0,300.0D0,300.0D0,300.0D0,    0000263P   2045
1.0D0,0.7071067811865819D0,1.0D0,-39.88999999999999D0,           0000263P   2046
-5.000000000031981D0,4.849999999999996D0,-40.03999999999997D0,   0000263P   2047
-5.000000000032086D0,4.849999999999992D0,-40.0400000000001D0,    0000263P   2048
-4.850000000032101D0,4.849999999999997D0,-0.0D0,300.0D0,0.0D0,   0000263P   2049
0.0D0,1.0D0;                                                     0000263P   2050
126,3,3,1,0,1,0,150.0000000000035D0,150.0000000000035D0,         0000265P   2051
150.0000000000035D0,150.0000000000035D0,5000.0D0,5000.0D0,       0000265P   2052
5000.0D0,5000.0D0,1.0D0,1.0D0,1.0D0,1.0D0,-40.04000000000009D0,  0000265P   2053
-4.8500000000321D0,4.849999999999996D0,-40.0400000000001D0,      0000265P   2054
-4.850000000032101D0,3.233333333333331D0,-40.0400000000001D0,    0000265P   2055
-4.850000000032101D0,1.616666666666666D0,-40.04000000000011D0,   0000265P   2056
-4.850000000032102D0,-2.273736754432321D-16,150.0000000000035D0, 0000265P   2057
5000.0D0,1.0D0,0.0D0,0.0D0;                                      0000265P   2058
102,4,259,261,263,265;                                           0000267P   2059
142,0,247,257,267,1;                                             0000269P   2060
144,247,1,0,269;                                                 0000271P   2061
128,1,1,1,1,0,0,1,0,0,0.0D0,0.0D0,5000.0D0,5000.0D0,0.0D0,0.0D0, 0000273P   2062
10000.0D0,10000.0D0,1.0D0,1.0D0,1.0D0,1.0D0,                     0000273P   2063
-40.04000000000398D0,-3.210094828710644D-11,-5.0D0,              0000273P   2064
-40.03999999999997D0,-5.000000000032101D0,-5.0D0,                0000273P   2065
-40.04000000000398D0,-3.210094828710644D-11,5.0D0,               0000273P   2066
-40.03999999999997D0,-5.000000000032101D0,5.0D0,0.0D0,5000.0D0,  0000273P   2067
0.0D0,10000.0D0;                                                 0000273P   2068
126,1,1,1,0,1,0,0.0D0,0.0D0,4849.999999999999D0,                 0000275P   2069
4849.999999999999D0,1.0D0,1.0D0,0.0D0,5000.000000000003D0,0.0D0, 0000275P   2070
4850.0D0,4999.999999999998D0,0.0D0,0.0D0,4849.999999999999D0,    0000275P   2071
0.0D0,0.0D0,1.0D0;                                               0000275P   2072
126,3,3,1,0,1,0,-4999.999999999991D0,-4999.999999999991D0,       0000277P   2073
-4999.999999999991D0,-4999.999999999991D0,-149.9999999999773D0,  0000277P   2074
-149.9999999999773D0,-149.9999999999773D0,-149.9999999999773D0,  0000277P   2075
1.0D0,1.0D0,1.0D0,1.0D0,4850.0D0,4999.999999999998D0,0.0D0,      0000277P   2076
4849.999999999998D0,6616.666666666668D0,0.0D0,                   0000277P   2077
4849.999999999998D0,8233.333333333343D0,0.0D0,                   0000277P   2078
4849.999999999997D0,9850.0D0,0.0D0,-4999.999999999991D0,         0000277P   2079
-149.9999999999773D0,0.0D0,0.0D0,1.0D0;                          0000277P   2080
126,3,3,1,0,1,0,149.9999999999954D0,149.9999999999954D0,         0000279P   2081
149.9999999999954D0,149.9999999999954D0,5000.0D0,5000.0D0,       0000279P   2082
5000.0D0,5000.0D0,1.0D0,1.0D0,1.0D0,1.0D0,4849.999999999997D0,   0000279P   2083
9850.0D0,0.0D0,3233.333333333336D0,9850.0D0,0.0D0,               0000279P   2084
1616.666666666667D0,9849.999999999927D0,0.0D0,0.0D0,9850.0D0,    0000279P   2085
0.0D0,149.9999999999954D0,5000.0D0,0.0D0,0.0D0,1.0D0;            0000279P   2086
126,1,1,1,0,1,0,-99.84999999999999D0,-99.84999999999999D0,       0000281P   2087
-95.0D0,-95.0D0,1.0D0,1.0D0,0.0D0,9850.0D0,0.0D0,0.0D0,          0000281P   2088
5000.000000000003D0,0.0D0,-99.84999999999999D0,-95.0D0,0.0D0,    0000281P   2089
0.0D0,1.0D0;                                                     0000281P   2090
102,4,275,277,279,281;                                           0000283P   2091
126,1,1,1,0,1,0,0.0D0,0.0D0,4849.999999999999D0,                 0000285P   2092
4849.999999999999D0,1.0D0,1.0D0,-40.04000000000398D0,            0000285P   2093
-3.210094828710644D-11,0.0D0,-40.04000000000011D0,               0000285P   2094
-4.850000000032103D0,-2.955857780762017D-15,0.0D0,               0000285P   2095
4849.999999999999D0,0.0D0,0.0D0,1.0D0;                           0000285P   2096
126,3,3,1,0,1,0,-5000.000000000003D0,-5000.000000000003D0,       0000287P   2097
-5000.000000000003D0,-5000.000000000003D0,-149.9999999999793D0,  0000287P   2098
-149.9999999999793D0,-149.9999999999793D0,-149.9999999999793D0,  0000287P   2099
1.0D0,1.0D0,1.0D0,1.0D0,-40.04000000000011D0,                    0000287P   2100
-4.850000000032103D0,-2.955857780762017D-15,                     0000287P   2101
-40.04000000000011D0,-4.850000000032102D0,1.616666666666672D0,   0000287P   2102
-40.04000000000011D0,-4.850000000032102D0,3.233333333333346D0,   0000287P   2103
-40.0400000000001D0,-4.850000000032101D0,4.850000000000021D0,    0000287P   2104
-5000.000000000003D0,-149.9999999999793D0,1.0D0,0.0D0,0.0D0;     0000287P   2105
126,3,3,1,0,1,0,149.9999999999954D0,149.9999999999954D0,         0000289P   2106
149.9999999999954D0,149.9999999999954D0,5000.0D0,5000.0D0,       0000289P   2107
5000.0D0,5000.0D0,1.0D0,1.0D0,1.0D0,1.0D0,-40.0400000000001D0,   0000289P   2108
-4.850000000032101D0,4.850000000000021D0,-40.04000000000138D0,   0000289P   2109
-3.233333333365433D0,4.850000000000009D0,-40.04000000000267D0,   0000289P   2110
-1.616666666698767D0,4.850000000000002D0,-40.04000000000398D0,   0000289P   2111
-3.210094828710644D-11,4.849999999999994D0,149.9999999999954D0,  0000289P   2112
5000.0D0,0.0D0,0.0D0,1.0D0;                                      0000289P   2113
126,1,1,1,0,1,0,-99.84999999999999D0,-99.84999999999999D0,       0000291P   2114
-95.0D0,-95.0D0,1.0D0,1.0D0,-40.04000000000398D0,                0000291P   2115
-3.210094828710644D-11,4.849999999999994D0,-40.04000000000398D0, 0000291P   2116
-3.210094828710644D-11,0.0D0,-99.84999999999999D0,-95.0D0,1.0D0, 0000291P   2117
0.0D0,0.0D0;                                                     0000291P   2118
102,4,285,287,289,291;                                           0000293P   2119
142,0,273,283,293,1;                                             0000295P   2120
144,273,1,0,295;                                                 0000297P   2121
128,2,3,2,3,0,0,0,0,0,0.0D0,0.0D0,0.0D0,300.0000000000109D0,     0000299P   2122
300.0000000000109D0,300.0000000000109D0,0.0D0,0.0D0,0.0D0,0.0D0, 0000299P   2123
5000.0D0,5000.0D0,5000.0D0,5000.0D0,1.0D0,0.7071067811865457D0,  0000299P   2124
1.0D0,1.0D0,0.7071067811865457D0,1.0D0,0.9999999999999994D0,     0000299P   2125
0.7071067811865452D0,0.9999999999999994D0,1.0D0,                 0000299P   2126
0.7071067811865457D0,1.0D0,-40.03999999999997D0,                 0000299P   2127
-5.000000000032101D0,4.849999999999994D0,-40.03999999999997D0,   0000299P   2128
-5.000000000032101D0,4.999999999999998D0,-39.88999999999997D0,   0000299P   2129
-5.000000000031981D0,5.0D0,-40.04000000000129D0,                 0000299P   2130
-3.333333333365433D0,4.84999999999999D0,-40.04000000000131D0,    0000299P   2131
-3.333333333365432D0,4.999999999999992D0,-39.8900000000013D0,    0000299P   2132
-3.333333333365312D0,4.999999999999998D0,-40.04000000000266D0,   0000299P   2133
-1.666666666698768D0,4.849999999999996D0,-40.04000000000264D0,   0000299P   2134
-1.666666666698768D0,4.999999999999992D0,-39.89000000000267D0,   0000299P   2135
-1.666666666698649D0,5.000000000000001D0,-40.04000000000398D0,   0000299P   2136
-3.210094828710644D-11,4.849999999999994D0,-40.04000000000398D0, 0000299P   2137
-3.210094828710644D-11,4.999999999999998D0,-39.89000000000397D0, 0000299P   2138
-3.198068998932757D-11,5.0D0,0.0D0,300.0000000000109D0,0.0D0,    0000299P   2139
5000.0D0;                                                        0000299P   2140
126,1,1,1,0,1,0,-4849.999999999996D0,-4849.999999999996D0,       0000301P   2141
-0.0D0,-0.0D0,1.0D0,1.0D0,300.0000000000109D0,                   0000301P   2142
150.0000000000036D0,0.0D0,300.0000000000109D0,5000.0D0,0.0D0,    0000301P   2143
-4849.999999999996D0,-0.0D0,0.0D0,0.0D0,1.0D0;                   0000301P   2144
126,1,1,1,0,1,0,-1.0D0,-1.0D0,-0.0D0,-0.0D0,1.0D0,1.0D0,         0000303P   2145
300.0000000000109D0,5000.0D0,0.0D0,0.0D0,5000.0D0,0.0D0,-1.0D0,  0000303P   2146
-0.0D0,0.0D0,0.0D0,1.0D0;                                        0000303P   2147
126,1,1,1,0,1,0,-5000.0D0,-5000.0D0,-149.9999999999954D0,        0000305P   2148
-149.9999999999954D0,1.0D0,1.0D0,0.0D0,5000.0D0,0.0D0,0.0D0,     0000305P   2149
149.9999999999954D0,0.0D0,-5000.0D0,-149.9999999999954D0,0.0D0,  0000305P   2150
0.0D0,1.0D0;                                                     0000305P   2151
126,1,1,1,0,1,0,0.0D0,0.0D0,300.0000000000109D0,                 0000307P   2152
300.0000000000109D0,1.0D0,1.0D0,0.0D0,149.9999999999954D0,0.0D0, 0000307P   2153
300.0000000000109D0,150.0000000000036D0,0.0D0,0.0D0,             0000307P   2154
300.0000000000109D0,0.0D0,0.0D0,1.0D0;                           0000307P   2155
102,4,301,303,305,307;                                           0000309P   2156
126,3,3,1,0,1,0,150.0000000000035D0,150.0000000000035D0,         0000311P   2157
150.0000000000035D0,150.0000000000035D0,5000.0D0,5000.0D0,       0000311P   2158
5000.0D0,5000.0D0,1.0D0,1.0D0,1.0D0,1.0D0,-39.89000000000009D0,  0000311P   2159
-4.850000000031976D0,5.0D0,-39.89000000000139D0,                 0000311P   2160
-3.233333333365311D0,4.999999999999999D0,-39.89000000000269D0,   0000311P   2161
-1.616666666698647D0,4.999999999999997D0,-39.89000000000397D0,   0000311P   2162
-3.198068998932757D-11,5.0D0,150.0000000000035D0,5000.0D0,0.0D0, 0000311P   2163
0.0D0,1.0D0;                                                     0000311P   2164
126,2,2,1,0,0,0,-1.0D0,-1.0D0,-1.0D0,-0.0D0,-0.0D0,-0.0D0,1.0D0, 0000313P   2165
0.7071067811865457D0,1.0D0,-39.89000000000397D0,                 0000313P   2166
-3.198068998932757D-11,5.0D0,-40.04000000000398D0,               0000313P   2167
-3.210094828710644D-11,4.999999999999998D0,-40.04000000000398D0, 0000313P   2168
-3.210094828710644D-11,4.849999999999994D0,-1.0D0,-0.0D0,0.0D0,  0000313P   2169
1.0D0,0.0D0;                                                     0000313P   2170
126,3,3,1,0,1,0,-5000.0D0,-5000.0D0,-5000.0D0,-5000.0D0,         0000315P   2171
-149.9999999999954D0,-149.9999999999954D0,-149.9999999999954D0,  0000315P   2172
-149.9999999999954D0,1.0D0,1.0D0,1.0D0,1.0D0,                    0000315P   2173
-40.04000000000398D0,-3.210094828710644D-11,4.849999999999994D0, 0000315P   2174
-40.04000000000267D0,-1.616666666698769D0,4.849999999999993D0,   0000315P   2175
-40.04000000000138D0,-3.233333333365437D0,4.849999999999991D0,   0000315P   2176
-40.0400000000001D0,-4.850000000032106D0,4.849999999999994D0,    0000315P   2177
-5000.0D0,-149.9999999999954D0,0.0D0,0.0D0,1.0D0;                0000315P   2178
126,2,2,1,0,0,0,-0.0D0,-0.0D0,-0.0D0,300.0000000000109D0,        0000317P   2179
300.0000000000109D0,300.0000000000109D0,1.0D0,                   0000317P   2180
0.707106781186569D0,1.0D0,-40.0400000000001D0,                   0000317P   2181
-4.850000000032106D0,4.849999999999994D0,-40.04000000000008D0,   0000317P   2182
-4.850000000032102D0,4.999999999999999D0,-39.89000000000009D0,   0000317P   2183
-4.850000000031976D0,5.0D0,-0.0D0,300.0000000000109D0,-0.0D0,    0000317P   2184
-1.0D0,-0.0D0;                                                   0000317P   2185
102,4,311,313,315,317;                                           0000319P   2186
142,0,299,309,319,1;                                             0000321P   2187
144,299,1,0,321;                                                 0000323P   2188
128,1,1,1,1,0,0,1,0,0,0.0D0,0.0D0,80000.0D0,80000.0D0,0.0D0,     0000325P   2189
0.0D0,10000.0D0,10000.0D0,1.0D0,1.0D0,1.0D0,1.0D0,-39.96D0,      0000325P   2190
-5.000000000000002D0,-4.999999999999998D0,40.04D0,               0000325P   2191
-5.000000000000002D0,-4.999999999999998D0,-39.96D0,              0000325P   2192
-4.999999999999997D0,5.000000000000002D0,40.04D0,                0000325P   2193
-4.999999999999997D0,5.000000000000002D0,0.0D0,80000.0D0,0.0D0,  0000325P   2194
10000.0D0;                                                       0000325P   2195
126,1,1,1,0,1,0,4345.352901553305D0,4345.352901553305D0,         0000327P   2196
9195.352901553304D0,9195.352901553304D0,1.0D0,1.0D0,39960.0D0,   0000327P   2197
5000.0D0,0.0D0,39960.00000000001D0,150.0D0,0.0D0,                0000327P   2198
4345.352901553305D0,9195.352901553304D0,0.0D0,0.0D0,1.0D0;       0000327P   2199
126,3,3,1,0,1,0,39960.00000000003D0,39960.00000000003D0,         0000329P   2200
39960.00000000003D0,39960.00000000003D0,79850.00000000004D0,     0000329P   2201
79850.00000000004D0,79850.00000000004D0,79850.00000000004D0,     0000329P   2202
1.0D0,1.0D0,1.0D0,1.0D0,39960.00000000001D0,150.0D0,0.0D0,       0000329P   2203
53256.66666666669D0,150.0D0,0.0D0,66553.33333333334D0,150.0D0,   0000329P   2204
0.0D0,79850.00000000001D0,150.0D0,0.0D0,39960.00000000003D0,     0000329P   2205
79850.00000000004D0,0.0D0,0.0D0,1.0D0;                           0000329P   2206
126,3,3,1,0,1,0,149.9999999999979D0,149.9999999999979D0,         0000331P   2207
149.9999999999979D0,149.9999999999979D0,4999.999999999995D0,     0000331P   2208
4999.999999999995D0,4999.999999999995D0,4999.999999999995D0,     0000331P   2209
1.0D0,1.0D0,1.0D0,1.0D0,79850.00000000001D0,150.0D0,0.0D0,       0000331P   2210
79850.00000000001D0,1766.666666666665D0,0.0D0,79850.0D0,         0000331P   2211
3383.333333333329D0,0.0D0,79850.0D0,4999.999999999999D0,0.0D0,   0000331P   2212
149.9999999999979D0,4999.999999999995D0,0.0D0,0.0D0,1.0D0;       0000331P   2213
126,1,1,1,0,1,0,-79850.0D0,-79850.0D0,-39960.00000000001D0,      0000333P   2214
-39960.00000000001D0,1.0D0,1.0D0,79850.0D0,4999.999999999999D0,  0000333P   2215
0.0D0,39960.0D0,5000.0D0,0.0D0,-79850.0D0,-39960.00000000001D0,  0000333P   2216
0.0D0,0.0D0,1.0D0;                                               0000333P   2217
102,4,327,329,331,333;                                           0000335P   2218
126,1,1,1,0,1,0,4345.352901553304D0,4345.352901553304D0,         0000337P   2219
9195.352901553304D0,9195.352901553304D0,1.0D0,1.0D0,             0000337P   2220
7.275957614183426D-15,-5.0D0,-2.293669324602673D-16,             0000337P   2221
1.546140993013978D-14,-5.000000000000004D0,-4.849999999999999D0, 0000337P   2222
4345.352901553304D0,9195.352901553304D0,1.0D0,0.0D0,0.0D0;       0000337P   2223
126,3,3,1,0,1,0,39960.00000000003D0,39960.00000000003D0,         0000339P   2224
39960.00000000003D0,39960.00000000003D0,79850.00000000004D0,     0000339P   2225
79850.00000000004D0,79850.00000000004D0,79850.00000000004D0,     0000339P   2226
1.0D0,1.0D0,1.0D0,1.0D0,1.546140993013978D-14,                   0000339P   2227
-5.000000000000004D0,-4.849999999999999D0,13.29666666666668D0,   0000339P   2228
-5.000000000000004D0,-4.849999999999999D0,26.59333333333335D0,   0000339P   2229
-5.000000000000004D0,-4.849999999999998D0,39.89000000000001D0,   0000339P   2230
-5.000000000000004D0,-4.850000000000001D0,39960.00000000003D0,   0000339P   2231
79850.00000000004D0,0.0D0,0.0D0,1.0D0;                           0000339P   2232
126,3,3,1,0,1,0,150.0000000000001D0,150.0000000000001D0,         0000341P   2233
150.0000000000001D0,150.0000000000001D0,4999.999999999995D0,     0000341P   2234
4999.999999999995D0,4999.999999999995D0,4999.999999999995D0,     0000341P   2235
1.0D0,1.0D0,1.0D0,1.0D0,39.89000000000001D0,                     0000341P   2236
-5.000000000000004D0,-4.850000000000001D0,39.89000000000001D0,   0000341P   2237
-5.000000000000003D0,-3.233333333333333D0,39.89000000000001D0,   0000341P   2238
-5.000000000000002D0,-1.616666666666668D0,39.89000000000001D0,   0000341P   2239
-5.0D0,-2.501110429875553D-15,150.0000000000001D0,               0000341P   2240
4999.999999999995D0,1.0D0,0.0D0,0.0D0;                           0000341P   2241
126,1,1,1,0,1,0,-79850.00000000001D0,-79850.00000000001D0,       0000343P   2242
-39960.00000000001D0,-39960.00000000001D0,1.0D0,1.0D0,           0000343P   2243
39.89000000000001D0,-5.0D0,-2.501110429875553D-15,               0000343P   2244
7.275957614183426D-15,-5.0D0,-2.293669324602673D-16,             0000343P   2245
-79850.00000000001D0,-39960.00000000001D0,0.0D0,0.0D0,1.0D0;     0000343P   2246
102,4,337,339,341,343;                                           0000345P   2247
142,0,325,335,345,1;                                             0000347P   2248
144,325,1,0,347;                                                 0000349P   2249
128,2,3,2,3,0,0,0,0,0,0.0D0,0.0D0,0.0D0,300.0000000000009D0,     0000351P   2250
300.0000000000009D0,300.0000000000009D0,0.0D0,0.0D0,0.0D0,0.0D0, 0000351P   2251
79850.00000000004D0,79850.00000000004D0,79850.00000000004D0,     0000351P   2252
79850.00000000004D0,1.0D0,0.7071067811865457D0,1.0D0,1.0D0,      0000351P   2253
0.7071067811865469D0,1.0D0,0.9999999999999997D0,                 0000351P   2254
0.7071067811865468D0,0.9999999999999997D0,1.0D0,                 0000351P   2255
0.7071067811865457D0,1.0D0,-39.96D0,-5.000000000000002D0,        0000351P   2256
-4.849999999999998D0,-39.96D0,-5.000000000000002D0,              0000351P   2257
-4.999999999999998D0,-39.96D0,-4.850000000000002D0,              0000351P   2258
-4.999999999999998D0,-13.34333333333331D0,-5.000000000000001D0,  0000351P   2259
-4.849999999999998D0,-13.34333333333338D0,-5.000000000000004D0,  0000351P   2260
-4.999999999999999D0,-13.34333333333332D0,-4.850000000000003D0,  0000351P   2261
-4.999999999999999D0,13.27333333333337D0,-5.000000000000004D0,   0000351P   2262
-4.849999999999997D0,13.27333333333343D0,-5.000000000000002D0,   0000351P   2263
-4.999999999999997D0,13.27333333333338D0,-4.850000000000002D0,   0000351P   2264
-5.0D0,39.89000000000004D0,-5.000000000000002D0,                 0000351P   2265
-4.849999999999998D0,39.89000000000004D0,-5.000000000000002D0,   0000351P   2266
-4.999999999999998D0,39.89000000000004D0,-4.850000000000002D0,   0000351P   2267
-4.999999999999998D0,0.0D0,300.0000000000009D0,0.0D0,            0000351P   2268
79850.00000000004D0;                                             0000351P   2269
126,1,1,1,0,1,0,0.0D0,0.0D0,300.0000000000009D0,                 0000353P   2270
300.0000000000009D0,1.0D0,1.0D0,0.0D0,39960.0D0,0.0D0,           0000353P   2271
300.0000000000009D0,39959.99999999999D0,0.0D0,0.0D0,             0000353P   2272
300.0000000000009D0,0.0D0,0.0D0,1.0D0;                           0000353P   2273
126,1,1,1,0,1,0,-39890.00000000005D0,-39890.00000000005D0,       0000355P   2274
-0.0D0,-0.0D0,1.0D0,1.0D0,300.0000000000009D0,                   0000355P   2275
39959.99999999999D0,0.0D0,300.0000000000009D0,                   0000355P   2276
79850.00000000004D0,0.0D0,-39890.00000000005D0,-0.0D0,0.0D0,     0000355P   2277
0.0D0,1.0D0;                                                     0000355P   2278
126,1,1,1,0,1,0,-1.0D0,-1.0D0,-0.0D0,-0.0D0,1.0D0,1.0D0,         0000357P   2279
300.0000000000009D0,79850.00000000004D0,0.0D0,0.0D0,             0000357P   2280
79850.00000000004D0,0.0D0,-1.0D0,-0.0D0,0.0D0,0.0D0,1.0D0;       0000357P   2281
126,1,1,1,0,1,0,-79850.00000000004D0,-79850.00000000004D0,       0000359P   2282
-39959.99999999999D0,-39959.99999999999D0,1.0D0,1.0D0,0.0D0,     0000359P   2283
79850.00000000004D0,0.0D0,0.0D0,39960.0D0,0.0D0,                 0000359P   2284
-79850.00000000004D0,-39959.99999999999D0,0.0D0,0.0D0,1.0D0;     0000359P   2285
102,4,353,355,357,359;                                           0000361P   2286
126,2,2,1,0,0,0,0.0D0,0.0D0,0.0D0,300.0000000000009D0,           0000363P   2287
300.0000000000009D0,300.0000000000009D0,1.0D0,                   0000363P   2288
0.7071067811865518D0,1.0D0,-5.45696821063757D-15,                0000363P   2289
-5.000000000000002D0,-4.849999999999998D0,5.97405459750291D-16,  0000363P   2290
-5.000000000000002D0,-4.999999999999997D0,                       0000363P   2291
-2.728484105318785D-15,-4.850000000000003D0,-5.0D0,0.0D0,        0000363P   2292
300.0000000000009D0,1.0D0,0.0D0,0.0D0;                           0000363P   2293
126,3,3,1,0,1,0,39959.99999999999D0,39959.99999999999D0,         0000365P   2294
39959.99999999999D0,39959.99999999999D0,79850.00000000004D0,     0000365P   2295
79850.00000000004D0,79850.00000000004D0,79850.00000000004D0,     0000365P   2296
1.0D0,1.0D0,1.0D0,1.0D0,-2.728484105318784D-15,                  0000365P   2297
-4.850000000000002D0,-4.999999999999999D0,13.29666666666668D0,   0000365P   2298
-4.850000000000002D0,-4.999999999999999D0,26.59333333333337D0,   0000365P   2299
-4.850000000000001D0,-4.999999999999998D0,39.89000000000004D0,   0000365P   2300
-4.850000000000002D0,-4.999999999999998D0,39959.99999999999D0,   0000365P   2301
79850.00000000004D0,0.0D0,0.0D0,1.0D0;                           0000365P   2302
126,2,2,1,0,0,0,-1.0D0,-1.0D0,-1.0D0,-0.0D0,-0.0D0,-0.0D0,1.0D0, 0000367P   2303
0.7071067811865457D0,1.0D0,39.89000000000004D0,                  0000367P   2304
-4.850000000000002D0,-4.999999999999998D0,39.89000000000004D0,   0000367P   2305
-5.000000000000002D0,-4.999999999999998D0,39.89000000000004D0,   0000367P   2306
-5.000000000000002D0,-4.849999999999998D0,-1.0D0,-0.0D0,1.0D0,   0000367P   2307
0.0D0,0.0D0;                                                     0000367P   2308
126,3,3,1,0,1,0,-79850.00000000004D0,-79850.00000000004D0,       0000369P   2309
-79850.00000000004D0,-79850.00000000004D0,-39959.99999999999D0,  0000369P   2310
-39959.99999999999D0,-39959.99999999999D0,-39959.99999999999D0,  0000369P   2311
1.0D0,1.0D0,1.0D0,1.0D0,39.89000000000004D0,                     0000369P   2312
-5.000000000000001D0,-4.849999999999997D0,26.59333333333336D0,   0000369P   2313
-5.000000000000002D0,-4.849999999999996D0,13.29666666666668D0,   0000369P   2314
-5.000000000000001D0,-4.849999999999997D0,-5.45696821063757D-15, 0000369P   2315
-5.000000000000002D0,-4.849999999999998D0,-79850.00000000004D0,  0000369P   2316
-39959.99999999999D0,0.0D0,0.0D0,1.0D0;                          0000369P   2317
102,4,363,365,367,369;                                           0000371P   2318
142,0,351,361,371,1;                                             0000373P   2319
144,351,1,0,373;                                                 0000375P   2320
128,1,1,1,1,0,0,1,0,0,0.0D0,0.0D0,5000.0D0,5000.0D0,0.0D0,0.0D0, 0000377P   2321
80000.0D0,80000.0D0,1.0D0,1.0D0,1.0D0,1.0D0,40.04D0,             0000377P   2322
-2.046363078989089D-15,-5.0D0,40.04D0,-5.000000000000002D0,      0000377P   2323
-4.999999999999998D0,-39.96D0,-2.046363078989089D-15,-5.0D0,     0000377P   2324
-39.96D0,-5.000000000000002D0,-4.999999999999998D0,0.0D0,        0000377P   2325
5000.0D0,0.0D0,80000.0D0;                                        0000377P   2326
126,1,1,1,0,1,0,4468.493146214104D0,4468.493146214104D0,         0000379P   2327
9318.493146214105D0,9318.493146214105D0,1.0D0,1.0D0,             0000379P   2328
4849.999999999998D0,40040.0D0,0.0D0,0.0D0,40039.99999999999D0,   0000379P   2329
0.0D0,4468.493146214104D0,9318.493146214105D0,0.0D0,0.0D0,1.0D0; 0000379P   2330
126,1,1,1,0,1,0,-140.04D0,-140.04D0,-100.15D0,-100.15D0,1.0D0,   0000381P   2331
1.0D0,0.0D0,40039.99999999999D0,0.0D0,0.0D0,150.0D0,0.0D0,       0000381P   2332
-140.04D0,-100.15D0,0.0D0,0.0D0,1.0D0;                           0000381P   2333
126,3,3,1,0,1,0,-5000.0D0,-5000.0D0,-5000.0D0,-5000.0D0,         0000383P   2334
-149.999999999998D0,-149.999999999998D0,-149.999999999998D0,     0000383P   2335
-149.999999999998D0,1.0D0,1.0D0,1.0D0,1.0D0,0.0D0,150.0D0,0.0D0, 0000383P   2336
1616.666666666667D0,149.9999999999563D0,0.0D0,                   0000383P   2337
3233.333333333335D0,150.0000000000146D0,0.0D0,4850.0D0,150.0D0,  0000383P   2338
0.0D0,-5000.0D0,-149.999999999998D0,0.0D0,0.0D0,1.0D0;           0000383P   2339
126,3,3,1,0,1,0,-79850.00000000004D0,-79850.00000000004D0,       0000385P   2340
-79850.00000000004D0,-79850.00000000004D0,-39960.00000000002D0,  0000385P   2341
-39960.00000000002D0,-39960.00000000002D0,-39960.00000000002D0,  0000385P   2342
1.0D0,1.0D0,1.0D0,1.0D0,4850.0D0,150.0D0,0.0D0,                  0000385P   2343
4849.999999999999D0,13446.66666666665D0,0.0D0,                   0000385P   2344
4849.999999999998D0,26743.3333333333D0,0.0D0,                    0000385P   2345
4849.999999999998D0,40040.0D0,0.0D0,-79850.00000000004D0,        0000385P   2346
-39960.00000000002D0,0.0D0,0.0D0,1.0D0;                          0000385P   2347
102,4,379,381,383,385;                                           0000387P   2348
126,1,1,1,0,1,0,4468.493146214104D0,4468.493146214104D0,         0000389P   2349
9318.493146214105D0,9318.493146214105D0,1.0D0,1.0D0,             0000389P   2350
2.455635694786906D-14,-4.850000000000002D0,-4.999999999999998D0, 0000389P   2351
3.637978807091713D-15,-2.046363078989089D-15,-5.0D0,             0000389P   2352
4468.493146214104D0,9318.493146214105D0,0.0D0,0.0D0,1.0D0;       0000389P   2353
126,1,1,1,0,1,0,-140.04D0,-140.04D0,-100.15D0,-100.15D0,1.0D0,   0000391P   2354
1.0D0,3.637978807091713D-15,-2.046363078989089D-15,-5.0D0,       0000391P   2355
39.88999999999999D0,-2.046363078989089D-15,-5.0D0,-140.04D0,     0000391P   2356
-100.15D0,0.0D0,0.0D0,1.0D0;                                     0000391P   2357
126,3,3,1,0,1,0,-5000.0D0,-5000.0D0,-5000.0D0,-5000.0D0,         0000393P   2358
-149.999999999998D0,-149.999999999998D0,-149.999999999998D0,     0000393P   2359
-149.999999999998D0,1.0D0,1.0D0,1.0D0,1.0D0,39.88999999999999D0, 0000393P   2360
-2.046363078989089D-15,-5.0D0,39.89D0,-1.61666666666667D0,       0000393P   2361
-4.999999999999996D0,39.89D0,-3.233333333333337D0,               0000393P   2362
-4.999999999999998D0,39.88999999999999D0,-4.850000000000004D0,   0000393P   2363
-4.999999999999998D0,-5000.0D0,-149.999999999998D0,0.0D0,0.0D0,  0000393P   2364
1.0D0;                                                           0000393P   2365
126,3,3,1,0,1,0,-79850.00000000004D0,-79850.00000000004D0,       0000395P   2366
-79850.00000000004D0,-79850.00000000004D0,-39960.00000000002D0,  0000395P   2367
-39960.00000000002D0,-39960.00000000002D0,-39960.00000000002D0,  0000395P   2368
1.0D0,1.0D0,1.0D0,1.0D0,39.88999999999999D0,                     0000395P   2369
-4.850000000000004D0,-4.999999999999998D0,26.59333333333334D0,   0000395P   2370
-4.850000000000002D0,-4.999999999999998D0,13.29666666666668D0,   0000395P   2371
-4.850000000000003D0,-4.999999999999998D0,2.455635694786906D-14, 0000395P   2372
-4.850000000000002D0,-4.999999999999998D0,-79850.00000000004D0,  0000395P   2373
-39960.00000000002D0,0.0D0,0.0D0,1.0D0;                          0000395P   2374
102,4,389,391,393,395;                                           0000397P   2375
142,0,377,387,397,1;                                             0000399P   2376
144,377,1,0,399;                                                 0000401P   2377
128,2,3,2,3,0,0,0,0,0,0.0D0,0.0D0,0.0D0,300.0D0,300.0D0,300.0D0, 0000403P   2378
0.0D0,0.0D0,0.0D0,0.0D0,10000.0D0,10000.0D0,10000.0D0,10000.0D0, 0000403P   2379
1.0D0,0.7071067811865457D0,1.0D0,1.0D0,0.7071067811865469D0,     0000403P   2380
1.0D0,0.9999999999999997D0,0.7071067811865468D0,                 0000403P   2381
0.9999999999999997D0,1.0D0,0.7071067811865457D0,1.0D0,           0000403P   2382
39.89000000000001D0,-5.000000000000002D0,-4.999999999999998D0,   0000403P   2383
40.04000000000001D0,-5.000000000000002D0,-4.999999999999998D0,   0000403P   2384
40.04D0,-4.850000000000002D0,-4.999999999999998D0,               0000403P   2385
39.89000000000002D0,-5.0D0,-1.666666666666664D0,                 0000403P   2386
40.04000000000001D0,-5.000000000000002D0,-1.666666666666672D0,   0000403P   2387
40.04000000000001D0,-4.850000000000002D0,-1.666666666666665D0,   0000403P   2388
39.89000000000001D0,-5.0D0,1.666666666666669D0,40.04D0,          0000403P   2389
-4.999999999999999D0,1.666666666666677D0,40.04000000000001D0,    0000403P   2390
-4.849999999999999D0,1.66666666666667D0,39.89000000000001D0,     0000403P   2391
-4.999999999999998D0,5.000000000000002D0,40.04000000000001D0,    0000403P   2392
-4.999999999999998D0,5.000000000000002D0,40.04D0,                0000403P   2393
-4.849999999999998D0,5.000000000000002D0,0.0D0,300.0D0,0.0D0,    0000403P   2394
10000.0D0;                                                       0000403P   2395
126,1,1,1,0,1,0,-300.0D0,-300.0D0,-0.0D0,-0.0D0,1.0D0,1.0D0,     0000405P   2396
300.0D0,5000.0D0,0.0D0,0.0D0,5000.000000000001D0,0.0D0,-300.0D0, 0000405P   2397
-0.0D0,0.0D0,0.0D0,1.0D0;                                        0000405P   2398
126,1,1,1,0,1,0,-4999.999999999999D0,-4999.999999999999D0,       0000407P   2399
-150.0000000000054D0,-150.0000000000054D0,1.0D0,1.0D0,0.0D0,     0000407P   2400
5000.000000000001D0,0.0D0,0.0D0,150.0000000000055D0,0.0D0,       0000407P   2401
-4999.999999999999D0,-150.0000000000054D0,0.0D0,0.0D0,1.0D0;     0000407P   2402
126,1,1,1,0,1,0,0.0D0,0.0D0,300.0D0,300.0D0,1.0D0,1.0D0,0.0D0,   0000409P   2403
150.0000000000055D0,0.0D0,300.0D0,150.0000000000036D0,0.0D0,     0000409P   2404
0.0D0,300.0D0,0.0D0,0.0D0,1.0D0;                                 0000409P   2405
126,1,1,1,0,1,0,-9849.999999999996D0,-9849.999999999996D0,       0000411P   2406
-5000.0D0,-5000.0D0,1.0D0,1.0D0,300.0D0,150.0000000000036D0,     0000411P   2407
0.0D0,300.0D0,5000.0D0,0.0D0,-9849.999999999996D0,-5000.0D0,     0000411P   2408
0.0D0,0.0D0,1.0D0;                                               0000411P   2409
102,4,405,407,409,411;                                           0000413P   2410
126,2,2,1,0,0,0,-300.0D0,-300.0D0,-300.0D0,0.0D0,0.0D0,0.0D0,    0000415P   2411
1.0D0,0.7071067811865476D0,1.0D0,40.04000000000001D0,            0000415P   2412
-4.850000000000001D0,2.212345862062649D-15,40.04000000000001D0,  0000415P   2413
-4.999999999999998D0,2.045526421980011D-15,39.89000000000002D0,  0000415P   2414
-5.000000000000001D0,1.023181539494545D-15,-300.0D0,0.0D0,       0000415P   2415
-0.0D0,-0.0D0,-1.0D0;                                            0000415P   2416
126,3,3,1,0,1,0,-5000.0D0,-5000.0D0,-5000.0D0,-5000.0D0,         0000417P   2417
-150.0000000000054D0,-150.0000000000054D0,-150.0000000000054D0,  0000417P   2418
-150.0000000000054D0,1.0D0,1.0D0,1.0D0,1.0D0,                    0000417P   2419
39.89000000000001D0,-5.0D0,1.023181539494544D-15,                0000417P   2420
39.89000000000001D0,-5.000000000000001D0,-1.616666666666664D0,   0000417P   2421
39.89000000000001D0,-5.000000000000001D0,-3.233333333333329D0,   0000417P   2422
39.89000000000001D0,-5.000000000000002D0,-4.849999999999994D0,   0000417P   2423
-5000.0D0,-150.0000000000054D0,1.0D0,0.0D0,0.0D0;                0000417P   2424
126,2,2,1,0,0,0,-0.0D0,-0.0D0,-0.0D0,300.0D0,300.0D0,300.0D0,    0000419P   2425
1.0D0,0.7071067811865819D0,1.0D0,39.89000000000001D0,            0000419P   2426
-5.000000000000002D0,-4.849999999999994D0,40.04D0,               0000419P   2427
-4.999999999999987D0,-4.84999999999999D0,40.04D0,                0000419P   2428
-4.850000000000002D0,-4.849999999999995D0,-0.0D0,300.0D0,-0.0D0, 0000419P   2429
-0.0D0,-1.0D0;                                                   0000419P   2430
126,3,3,1,0,1,0,150.0000000000035D0,150.0000000000035D0,         0000421P   2431
150.0000000000035D0,150.0000000000035D0,5000.0D0,5000.0D0,       0000421P   2432
5000.0D0,5000.0D0,1.0D0,1.0D0,1.0D0,1.0D0,40.03999999999999D0,   0000421P   2433
-4.850000000000001D0,-4.849999999999994D0,40.04D0,               0000421P   2434
-4.850000000000001D0,-3.233333333333329D0,40.04D0,               0000421P   2435
-4.850000000000001D0,-1.616666666666664D0,40.04000000000001D0,   0000421P   2436
-4.850000000000001D0,2.212345862062649D-15,150.0000000000035D0,  0000421P   2437
5000.0D0,1.0D0,0.0D0,0.0D0;                                      0000421P   2438
102,4,415,417,419,421;                                           0000423P   2439
142,0,403,413,423,1;                                             0000425P   2440
144,403,1,0,425;                                                 0000427P   2441
128,1,1,1,1,0,0,1,0,0,0.0D0,0.0D0,5000.0D0,5000.0D0,0.0D0,0.0D0, 0000429P   2442
10000.0D0,10000.0D0,1.0D0,1.0D0,1.0D0,1.0D0,40.04D0,             0000429P   2443
2.046363078989089D-15,5.0D0,40.04D0,-4.999999999999998D0,        0000429P   2444
5.000000000000002D0,40.04D0,-2.046363078989089D-15,-5.0D0,       0000429P   2445
40.04D0,-5.000000000000002D0,-4.999999999999998D0,0.0D0,         0000429P   2446
5000.0D0,0.0D0,10000.0D0;                                        0000429P   2447
126,1,1,1,0,1,0,0.0D0,0.0D0,4849.999999999999D0,                 0000431P   2448
4849.999999999999D0,1.0D0,1.0D0,0.0D0,5000.000000000003D0,0.0D0, 0000431P   2449
4850.0D0,4999.999999999998D0,0.0D0,0.0D0,4849.999999999999D0,    0000431P   2450
0.0D0,0.0D0,1.0D0;                                               0000431P   2451
126,3,3,1,0,1,0,-4999.999999999991D0,-4999.999999999991D0,       0000433P   2452
-4999.999999999991D0,-4999.999999999991D0,-149.9999999999773D0,  0000433P   2453
-149.9999999999773D0,-149.9999999999773D0,-149.9999999999773D0,  0000433P   2454
1.0D0,1.0D0,1.0D0,1.0D0,4850.0D0,4999.999999999998D0,0.0D0,      0000433P   2455
4849.999999999998D0,6616.666666666668D0,0.0D0,                   0000433P   2456
4849.999999999998D0,8233.333333333343D0,0.0D0,                   0000433P   2457
4849.999999999997D0,9850.0D0,0.0D0,-4999.999999999991D0,         0000433P   2458
-149.9999999999773D0,0.0D0,0.0D0,1.0D0;                          0000433P   2459
126,3,3,1,0,1,0,149.9999999999954D0,149.9999999999954D0,         0000435P   2460
149.9999999999954D0,149.9999999999954D0,5000.0D0,5000.0D0,       0000435P   2461
5000.0D0,5000.0D0,1.0D0,1.0D0,1.0D0,1.0D0,4849.999999999997D0,   0000435P   2462
9850.0D0,0.0D0,3233.333333333336D0,9850.0D0,0.0D0,               0000435P   2463
1616.666666666667D0,9849.999999999927D0,0.0D0,0.0D0,9850.0D0,    0000435P   2464
0.0D0,149.9999999999954D0,5000.0D0,0.0D0,0.0D0,1.0D0;            0000435P   2465
126,1,1,1,0,1,0,-99.84999999999999D0,-99.84999999999999D0,       0000437P   2466
-95.0D0,-95.0D0,1.0D0,1.0D0,0.0D0,9850.0D0,0.0D0,0.0D0,          0000437P   2467
5000.000000000003D0,0.0D0,-99.84999999999999D0,-95.0D0,0.0D0,    0000437P   2468
0.0D0,1.0D0;                                                     0000437P   2469
102,4,431,433,435,437;                                           0000439P   2470
126,1,1,1,0,1,0,0.0D0,0.0D0,4849.999999999999D0,                 0000441P   2471
4849.999999999999D0,1.0D0,1.0D0,40.04D0,0.0D0,0.0D0,             0000441P   2472
40.04000000000001D0,-4.850000000000002D0,4.940829967381433D-15,  0000441P   2473
0.0D0,4849.999999999999D0,0.0D0,0.0D0,1.0D0;                     0000441P   2474
126,3,3,1,0,1,0,-5000.000000000003D0,-5000.000000000003D0,       0000443P   2475
-5000.000000000003D0,-5000.000000000003D0,-149.9999999999793D0,  0000443P   2476
-149.9999999999793D0,-149.9999999999793D0,-149.9999999999793D0,  0000443P   2477
1.0D0,1.0D0,1.0D0,1.0D0,40.04000000000001D0,                     0000443P   2478
-4.850000000000002D0,4.940829967381433D-15,40.04000000000001D0,  0000443P   2479
-4.850000000000002D0,-1.61666666666667D0,40.04000000000001D0,    0000443P   2480
-4.850000000000002D0,-3.233333333333344D0,40.04D0,               0000443P   2481
-4.850000000000002D0,-4.850000000000019D0,-5000.000000000003D0,  0000443P   2482
-149.9999999999793D0,1.0D0,0.0D0,0.0D0;                          0000443P   2483
126,3,3,1,0,1,0,149.9999999999954D0,149.9999999999954D0,         0000445P   2484
149.9999999999954D0,149.9999999999954D0,5000.0D0,5000.0D0,       0000445P   2485
5000.0D0,5000.0D0,1.0D0,1.0D0,1.0D0,1.0D0,40.04D0,               0000445P   2486
-4.850000000000002D0,-4.850000000000019D0,40.03999999999998D0,   0000445P   2487
-3.233333333333333D0,-4.850000000000008D0,40.03999999999998D0,   0000445P   2488
-1.616666666666668D0,-4.850000000000001D0,40.04D0,               0000445P   2489
-1.984972186619413D-15,-4.849999999999994D0,149.9999999999954D0, 0000445P   2490
5000.0D0,0.0D0,0.0D0,1.0D0;                                      0000445P   2491
126,1,1,1,0,1,0,-99.84999999999999D0,-99.84999999999999D0,       0000447P   2492
-95.0D0,-95.0D0,1.0D0,1.0D0,40.04D0,-1.984972186619413D-15,      0000447P   2493
-4.849999999999994D0,40.04D0,0.0D0,0.0D0,-99.84999999999999D0,   0000447P   2494
-95.0D0,1.0D0,0.0D0,0.0D0;                                       0000447P   2495
102,4,441,443,445,447;                                           0000449P   2496
142,0,429,439,449,1;                                             0000451P   2497
144,429,1,0,451;                                                 0000453P   2498
128,2,3,2,3,0,0,0,0,0,0.0D0,0.0D0,0.0D0,300.0000000000109D0,     0000455P   2499
300.0000000000109D0,300.0000000000109D0,0.0D0,0.0D0,0.0D0,0.0D0, 0000455P   2500
5000.0D0,5000.0D0,5000.0D0,5000.0D0,1.0D0,0.7071067811865457D0,  0000455P   2501
1.0D0,1.0D0,0.7071067811865457D0,1.0D0,0.9999999999999994D0,     0000455P   2502
0.7071067811865452D0,0.9999999999999994D0,1.0D0,                 0000455P   2503
0.7071067811865457D0,1.0D0,40.04D0,-5.000000000000002D0,         0000455P   2504
-4.849999999999993D0,40.04000000000001D0,-5.000000000000002D0,   0000455P   2505
-4.999999999999996D0,39.88999999999999D0,-5.000000000000002D0,   0000455P   2506
-4.999999999999998D0,40.03999999999998D0,-3.333333333333333D0,   0000455P   2507
-4.849999999999989D0,40.04D0,-3.333333333333333D0,               0000455P   2508
-4.99999999999999D0,39.88999999999999D0,-3.333333333333333D0,    0000455P   2509
-4.999999999999997D0,40.04000000000001D0,-1.66666666666667D0,    0000455P   2510
-4.849999999999995D0,40.04000000000001D0,-1.666666666666669D0,   0000455P   2511
-4.999999999999992D0,39.89000000000003D0,-1.666666666666671D0,   0000455P   2512
-5.0D0,40.04D0,-1.984972186619413D-15,-4.849999999999994D0,      0000455P   2513
40.04000000000001D0,-2.046363078989088D-15,-4.999999999999998D0, 0000455P   2514
39.88999999999999D0,-2.046363078989089D-15,-5.0D0,0.0D0,         0000455P   2515
300.0000000000109D0,0.0D0,5000.0D0;                              0000455P   2516
126,1,1,1,0,1,0,-4849.999999999996D0,-4849.999999999996D0,       0000457P   2517
-0.0D0,-0.0D0,1.0D0,1.0D0,300.0000000000109D0,                   0000457P   2518
150.0000000000036D0,0.0D0,300.0000000000109D0,5000.0D0,0.0D0,    0000457P   2519
-4849.999999999996D0,-0.0D0,0.0D0,0.0D0,1.0D0;                   0000457P   2520
126,1,1,1,0,1,0,-1.0D0,-1.0D0,-0.0D0,-0.0D0,1.0D0,1.0D0,         0000459P   2521
300.0000000000109D0,5000.0D0,0.0D0,0.0D0,5000.0D0,0.0D0,-1.0D0,  0000459P   2522
-0.0D0,0.0D0,0.0D0,1.0D0;                                        0000459P   2523
126,1,1,1,0,1,0,-5000.0D0,-5000.0D0,-149.9999999999954D0,        0000461P   2524
-149.9999999999954D0,1.0D0,1.0D0,0.0D0,5000.0D0,0.0D0,0.0D0,     0000461P   2525
149.9999999999954D0,0.0D0,-5000.0D0,-149.9999999999954D0,0.0D0,  0000461P   2526
0.0D0,1.0D0;                                                     0000461P   2527
126,1,1,1,0,1,0,0.0D0,0.0D0,300.0000000000109D0,                 0000463P   2528
300.0000000000109D0,1.0D0,1.0D0,0.0D0,149.9999999999954D0,0.0D0, 0000463P   2529
300.0000000000109D0,150.0000000000036D0,0.0D0,0.0D0,             0000463P   2530
300.0000000000109D0,0.0D0,0.0D0,1.0D0;                           0000463P   2531
102,4,457,459,461,463;                                           0000465P   2532
126,3,3,1,0,1,0,150.0000000000035D0,150.0000000000035D0,         0000467P   2533
150.0000000000035D0,150.0000000000035D0,5000.0D0,5000.0D0,       0000467P   2534
5000.0D0,5000.0D0,1.0D0,1.0D0,1.0D0,1.0D0,39.88999999999999D0,   0000467P   2535
-4.849999999999997D0,-4.999999999999998D0,39.89D0,               0000467P   2536
-3.233333333333332D0,-4.999999999999998D0,39.89D0,               0000467P   2537
-1.616666666666668D0,-4.999999999999996D0,39.88999999999999D0,   0000467P   2538
-2.046363078989089D-15,-5.0D0,150.0000000000035D0,5000.0D0,      0000467P   2539
0.0D0,0.0D0,1.0D0;                                               0000467P   2540
126,2,2,1,0,0,0,-1.0D0,-1.0D0,-1.0D0,-0.0D0,-0.0D0,-0.0D0,1.0D0, 0000469P   2541
0.7071067811865457D0,1.0D0,39.88999999999999D0,                  0000469P   2542
-2.046363078989089D-15,-5.0D0,40.04000000000001D0,               0000469P   2543
-2.046363078989088D-15,-4.999999999999998D0,40.04D0,             0000469P   2544
-1.984972186619413D-15,-4.849999999999994D0,-1.0D0,-0.0D0,0.0D0, 0000469P   2545
1.0D0,0.0D0;                                                     0000469P   2546
126,3,3,1,0,1,0,-5000.0D0,-5000.0D0,-5000.0D0,-5000.0D0,         0000471P   2547
-149.9999999999954D0,-149.9999999999954D0,-149.9999999999954D0,  0000471P   2548
-149.9999999999954D0,1.0D0,1.0D0,1.0D0,1.0D0,40.04D0,            0000471P   2549
-1.984972186619413D-15,-4.849999999999994D0,40.03999999999998D0, 0000471P   2550
-1.61666666666667D0,-4.849999999999992D0,40.03999999999998D0,    0000471P   2551
-3.233333333333337D0,-4.84999999999999D0,40.04D0,                0000471P   2552
-4.850000000000008D0,-4.849999999999993D0,-5000.0D0,             0000471P   2553
-149.9999999999954D0,0.0D0,0.0D0,1.0D0;                          0000471P   2554
126,2,2,1,0,0,0,-0.0D0,-0.0D0,-0.0D0,300.0000000000109D0,        0000473P   2555
300.0000000000109D0,300.0000000000109D0,1.0D0,                   0000473P   2556
0.707106781186569D0,1.0D0,40.04D0,-4.850000000000008D0,          0000473P   2557
-4.849999999999993D0,40.03999999999999D0,-4.850000000000002D0,   0000473P   2558
-4.999999999999997D0,39.88999999999999D0,-4.849999999999997D0,   0000473P   2559
-4.999999999999998D0,-0.0D0,300.0000000000109D0,-0.0D0,-1.0D0,   0000473P   2560
-0.0D0;                                                          0000473P   2561
102,4,467,469,471,473;                                           0000475P   2562
142,0,455,465,475,1;                                             0000477P   2563
144,455,1,0,477;                                                 0000479P   2564
128,1,1,1,1,0,0,1,0,0,0.0D0,0.0D0,10000.0D0,10000.0D0,0.0D0,     0000481P   2565
0.0D0,80000.0D0,80000.0D0,1.0D0,1.0D0,1.0D0,1.0D0,-39.96D0,      0000481P   2566
-5.0D0,5.0D0,-39.96D0,-5.0D0,-5.0D0,40.04D0,-5.0D0,5.0D0,        0000481P   2567
40.04D0,-5.0D0,-5.0D0,0.0D0,10000.0D0,0.0D0,80000.0D0;           0000481P   2568
126,1,1,1,0,1,0,39960.00000000001D0,39960.00000000001D0,         0000483P   2569
79850.0D0,79850.0D0,1.0D0,1.0D0,5000.0D0,39960.0D0,0.0D0,        0000483P   2570
4999.999999999999D0,79850.0D0,0.0D0,39960.00000000001D0,         0000483P   2571
79850.0D0,0.0D0,0.0D0,1.0D0;                                     0000483P   2572
126,3,3,1,0,1,0,-4999.999999999995D0,-4999.999999999995D0,       0000485P   2573
-4999.999999999995D0,-4999.999999999995D0,-149.9999999999979D0,  0000485P   2574
-149.9999999999979D0,-149.9999999999979D0,-149.9999999999979D0,  0000485P   2575
1.0D0,1.0D0,1.0D0,1.0D0,4999.999999999999D0,79850.0D0,0.0D0,     0000485P   2576
3383.333333333329D0,79850.0D0,0.0D0,1766.666666666665D0,         0000485P   2577
79850.00000000001D0,0.0D0,150.0D0,79850.00000000001D0,0.0D0,     0000485P   2578
-4999.999999999995D0,-149.9999999999979D0,0.0D0,0.0D0,1.0D0;     0000485P   2579
126,3,3,1,0,1,0,-79850.00000000004D0,-79850.00000000004D0,       0000487P   2580
-79850.00000000004D0,-79850.00000000004D0,-39960.00000000003D0,  0000487P   2581
-39960.00000000003D0,-39960.00000000003D0,-39960.00000000003D0,  0000487P   2582
1.0D0,1.0D0,1.0D0,1.0D0,150.0D0,79850.00000000001D0,0.0D0,       0000487P   2583
150.0D0,66553.33333333334D0,0.0D0,150.0D0,53256.66666666669D0,   0000487P   2584
0.0D0,150.0D0,39960.00000000001D0,0.0D0,-79850.00000000004D0,    0000487P   2585
-39960.00000000003D0,0.0D0,0.0D0,1.0D0;                          0000487P   2586
126,1,1,1,0,1,0,-9195.352901553304D0,-9195.352901553304D0,       0000489P   2587
-4345.352901553305D0,-4345.352901553305D0,1.0D0,1.0D0,150.0D0,   0000489P   2588
39960.00000000001D0,0.0D0,5000.0D0,39960.0D0,0.0D0,              0000489P   2589
-9195.352901553304D0,-4345.352901553305D0,0.0D0,0.0D0,1.0D0;     0000489P   2590
102,4,483,485,487,489;                                           0000491P   2591
126,1,1,1,0,1,0,39960.00000000001D0,39960.00000000001D0,         0000493P   2592
79850.00000000001D0,79850.00000000001D0,1.0D0,1.0D0,             0000493P   2593
7.275957614183426D-15,-5.0D0,2.275730011449356D-15,              0000493P   2594
39.89000000000001D0,-5.0D0,4.547473508864641D-15,                0000493P   2595
39960.00000000001D0,79850.00000000001D0,0.0D0,0.0D0,1.0D0;       0000493P   2596
126,3,3,1,0,1,0,-4999.999999999995D0,-4999.999999999995D0,       0000495P   2597
-4999.999999999995D0,-4999.999999999995D0,-150.0000000000001D0,  0000495P   2598
-150.0000000000001D0,-150.0000000000001D0,-150.0000000000001D0,  0000495P   2599
1.0D0,1.0D0,1.0D0,1.0D0,39.89000000000001D0,-5.0D0,              0000495P   2600
4.547473508864641D-15,39.89000000000001D0,-5.000000000000001D0,  0000495P   2601
1.61666666666667D0,39.89000000000001D0,-5.000000000000002D0,     0000495P   2602
3.233333333333336D0,39.89000000000001D0,-5.000000000000003D0,    0000495P   2603
4.850000000000002D0,-4999.999999999995D0,-150.0000000000001D0,   0000495P   2604
1.0D0,0.0D0,0.0D0;                                               0000495P   2605
126,3,3,1,0,1,0,-79850.00000000004D0,-79850.00000000004D0,       0000497P   2606
-79850.00000000004D0,-79850.00000000004D0,-39960.00000000003D0,  0000497P   2607
-39960.00000000003D0,-39960.00000000003D0,-39960.00000000003D0,  0000497P   2608
1.0D0,1.0D0,1.0D0,1.0D0,39.89000000000001D0,                     0000497P   2609
-5.000000000000003D0,4.850000000000002D0,26.59333333333335D0,    0000497P   2610
-5.000000000000003D0,4.850000000000001D0,13.29666666666668D0,    0000497P   2611
-5.000000000000002D0,4.850000000000001D0,1.546140993013978D-14,  0000497P   2612
-5.000000000000002D0,4.850000000000001D0,-79850.00000000004D0,   0000497P   2613
-39960.00000000003D0,0.0D0,0.0D0,1.0D0;                          0000497P   2614
126,1,1,1,0,1,0,-9195.352901553304D0,-9195.352901553304D0,       0000499P   2615
-4345.352901553304D0,-4345.352901553304D0,1.0D0,1.0D0,           0000499P   2616
1.546140993013978D-14,-5.000000000000002D0,4.850000000000001D0,  0000499P   2617
7.275957614183426D-15,-5.0D0,2.275730011449356D-15,              0000499P   2618
-9195.352901553304D0,-4345.352901553304D0,1.0D0,0.0D0,0.0D0;     0000499P   2619
102,4,493,495,497,499;                                           0000501P   2620
142,0,481,491,501,1;                                             0000503P   2621
144,481,1,0,503;                                                 0000505P   2622
128,3,2,3,2,0,0,0,0,0,0.0D0,0.0D0,0.0D0,0.0D0,                   0000507P   2623
79850.00000000004D0,79850.00000000004D0,79850.00000000004D0,     0000507P   2624
79850.00000000004D0,0.0D0,0.0D0,0.0D0,300.0000000000009D0,       0000507P   2625
300.0000000000009D0,300.0000000000009D0,1.0D0,1.0D0,             0000507P   2626
0.9999999999999997D0,1.0D0,0.7071067811865457D0,                 0000507P   2627
0.7071067811865469D0,0.7071067811865468D0,0.7071067811865457D0,  0000507P   2628
1.0D0,1.0D0,0.9999999999999997D0,1.0D0,-39.96D0,-5.0D0,          0000507P   2629
4.850000000000001D0,-13.34333333333331D0,-4.999999999999999D0,   0000507P   2630
4.850000000000001D0,13.27333333333337D0,-5.000000000000001D0,    0000507P   2631
4.849999999999999D0,39.89000000000004D0,-5.0D0,                  0000507P   2632
4.850000000000001D0,-39.96D0,-5.0D0,5.0D0,-13.34333333333338D0,  0000507P   2633
-5.000000000000001D0,5.000000000000001D0,13.27333333333343D0,    0000507P   2634
-5.0D0,5.0D0,39.89000000000004D0,-5.0D0,5.0D0,-39.96D0,          0000507P   2635
-4.850000000000001D0,5.0D0,-13.34333333333332D0,                 0000507P   2636
-4.850000000000001D0,5.000000000000001D0,13.27333333333338D0,    0000507P   2637
-4.85D0,5.000000000000002D0,39.89000000000004D0,                 0000507P   2638
-4.850000000000001D0,5.0D0,0.0D0,79850.00000000004D0,0.0D0,      0000507P   2639
300.0000000000009D0;                                             0000507P   2640
126,1,1,1,0,1,0,39959.99999999999D0,39959.99999999999D0,         0000509P   2641
79850.00000000004D0,79850.00000000004D0,1.0D0,1.0D0,39960.0D0,   0000509P   2642
0.0D0,0.0D0,79850.00000000004D0,0.0D0,0.0D0,39959.99999999999D0, 0000509P   2643
79850.00000000004D0,0.0D0,0.0D0,1.0D0;                           0000509P   2644
126,1,1,1,0,1,0,0.0D0,0.0D0,1.0D0,1.0D0,1.0D0,1.0D0,             0000511P   2645
79850.00000000004D0,0.0D0,0.0D0,79850.00000000004D0,             0000511P   2646
300.0000000000009D0,0.0D0,0.0D0,1.0D0,0.0D0,0.0D0,1.0D0;         0000511P   2647
126,1,1,1,0,1,0,0.0D0,0.0D0,39890.00000000005D0,                 0000513P   2648
39890.00000000005D0,1.0D0,1.0D0,79850.00000000004D0,             0000513P   2649
300.0000000000009D0,0.0D0,39959.99999999999D0,                   0000513P   2650
300.0000000000009D0,0.0D0,0.0D0,39890.00000000005D0,0.0D0,0.0D0, 0000513P   2651
1.0D0;                                                           0000513P   2652
126,1,1,1,0,1,0,-300.0000000000009D0,-300.0000000000009D0,       0000515P   2653
-0.0D0,-0.0D0,1.0D0,1.0D0,39959.99999999999D0,                   0000515P   2654
300.0000000000009D0,0.0D0,39960.0D0,0.0D0,0.0D0,                 0000515P   2655
-300.0000000000009D0,-0.0D0,0.0D0,0.0D0,1.0D0;                   0000515P   2656
102,4,509,511,513,515;                                           0000517P   2657
126,3,3,1,0,1,0,39959.99999999999D0,39959.99999999999D0,         0000519P   2658
39959.99999999999D0,39959.99999999999D0,79850.00000000004D0,     0000519P   2659
79850.00000000004D0,79850.00000000004D0,79850.00000000004D0,     0000519P   2660
1.0D0,1.0D0,1.0D0,1.0D0,-5.45696821063757D-15,-5.0D0,4.85D0,     0000519P   2661
13.29666666666668D0,-4.999999999999999D0,4.849999999999999D0,    0000519P   2662
26.59333333333336D0,-5.0D0,4.849999999999998D0,                  0000519P   2663
39.89000000000004D0,-4.999999999999999D0,4.85D0,                 0000519P   2664
39959.99999999999D0,79850.00000000004D0,0.0D0,0.0D0,1.0D0;       0000519P   2665
126,2,2,1,0,0,0,0.0D0,0.0D0,0.0D0,1.0D0,1.0D0,1.0D0,1.0D0,       0000521P   2666
0.7071067811865457D0,1.0D0,39.89000000000004D0,-5.0D0,           0000521P   2667
4.850000000000001D0,39.89000000000004D0,-5.0D0,5.0D0,            0000521P   2668
39.89000000000004D0,-4.850000000000001D0,5.0D0,0.0D0,1.0D0,      0000521P   2669
-1.0D0,-0.0D0,-0.0D0;                                            0000521P   2670
126,3,3,1,0,1,0,-79850.00000000004D0,-79850.00000000004D0,       0000523P   2671
-79850.00000000004D0,-79850.00000000004D0,-39959.99999999999D0,  0000523P   2672
-39959.99999999999D0,-39959.99999999999D0,-39959.99999999999D0,  0000523P   2673
1.0D0,1.0D0,1.0D0,1.0D0,39.89000000000004D0,                     0000523P   2674
-4.850000000000001D0,5.0D0,26.59333333333337D0,                  0000523P   2675
-4.849999999999999D0,5.0D0,13.29666666666668D0,                  0000523P   2676
-4.850000000000001D0,5.000000000000001D0,-2.728484105318784D-15, 0000523P   2677
-4.850000000000001D0,5.000000000000001D0,-79850.00000000004D0,   0000523P   2678
-39959.99999999999D0,0.0D0,0.0D0,1.0D0;                          0000523P   2679
126,2,2,1,0,0,0,-300.0000000000009D0,-300.0000000000009D0,       0000525P   2680
-300.0000000000009D0,-0.0D0,-0.0D0,-0.0D0,1.0D0,                 0000525P   2681
0.7071067811865518D0,1.0D0,-2.728484105318785D-15,               0000525P   2682
-4.850000000000001D0,5.000000000000002D0,5.97405459750291D-16,   0000525P   2683
-5.0D0,4.999999999999999D0,-5.45696821063757D-15,-5.0D0,         0000525P   2684
4.850000000000001D0,-300.0000000000009D0,-0.0D0,-1.0D0,-0.0D0,   0000525P   2685
-0.0D0;                                                          0000525P   2686
102,4,519,521,523,525;                                           0000527P   2687
142,0,507,517,527,1;                                             0000529P   2688
144,507,1,0,529;                                                 0000531P   2689
128,1,1,1,1,0,0,1,0,0,0.0D0,0.0D0,80000.0D0,80000.0D0,0.0D0,     0000533P   2690
0.0D0,5000.0D0,5000.0D0,1.0D0,1.0D0,1.0D0,1.0D0,40.04D0,0.0D0,   0000533P   2691
5.0D0,-39.96D0,0.0D0,5.0D0,40.04D0,-5.0D0,5.0D0,-39.96D0,-5.0D0, 0000533P   2692
5.0D0,0.0D0,80000.0D0,0.0D0,5000.0D0;                            0000533P   2693
126,3,3,1,0,1,0,39960.00000000002D0,39960.00000000002D0,         0000535P   2694
39960.00000000002D0,39960.00000000002D0,79850.00000000004D0,     0000535P   2695
79850.00000000004D0,79850.00000000004D0,79850.00000000004D0,     0000535P   2696
1.0D0,1.0D0,1.0D0,1.0D0,40040.0D0,4849.999999999998D0,0.0D0,     0000535P   2697
26743.3333333333D0,4849.999999999998D0,0.0D0,                    0000535P   2698
13446.66666666665D0,4849.999999999999D0,0.0D0,150.0D0,4850.0D0,  0000535P   2699
0.0D0,39960.00000000002D0,79850.00000000004D0,0.0D0,0.0D0,1.0D0; 0000535P   2700
126,3,3,1,0,1,0,149.999999999998D0,149.999999999998D0,           0000537P   2701
149.999999999998D0,149.999999999998D0,5000.0D0,5000.0D0,         0000537P   2702
5000.0D0,5000.0D0,1.0D0,1.0D0,1.0D0,1.0D0,150.0D0,4850.0D0,      0000537P   2703
0.0D0,150.0000000000146D0,3233.333333333335D0,0.0D0,             0000537P   2704
149.9999999999563D0,1616.666666666667D0,0.0D0,150.0D0,0.0D0,     0000537P   2705
0.0D0,149.999999999998D0,5000.0D0,0.0D0,0.0D0,1.0D0;             0000537P   2706
126,1,1,1,0,1,0,100.15D0,100.15D0,140.04D0,140.04D0,1.0D0,1.0D0, 0000539P   2707
150.0D0,0.0D0,0.0D0,40039.99999999999D0,0.0D0,0.0D0,100.15D0,    0000539P   2708
140.04D0,0.0D0,0.0D0,1.0D0;                                      0000539P   2709
126,1,1,1,0,1,0,-9318.493146214105D0,-9318.493146214105D0,       0000541P   2710
-4468.493146214104D0,-4468.493146214104D0,1.0D0,1.0D0,           0000541P   2711
40039.99999999999D0,0.0D0,0.0D0,40040.0D0,4849.999999999998D0,   0000541P   2712
0.0D0,-9318.493146214105D0,-4468.493146214104D0,0.0D0,0.0D0,     0000541P   2713
1.0D0;                                                           0000541P   2714
102,4,535,537,539,541;                                           0000543P   2715
126,3,3,1,0,1,0,39960.00000000002D0,39960.00000000002D0,         0000545P   2716
39960.00000000002D0,39960.00000000002D0,79850.00000000004D0,     0000545P   2717
79850.00000000004D0,79850.00000000004D0,79850.00000000004D0,     0000545P   2718
1.0D0,1.0D0,1.0D0,1.0D0,2.455635694786906D-14,                   0000545P   2719
-4.850000000000001D0,5.0D0,13.29666666666668D0,                  0000545P   2720
-4.850000000000001D0,5.0D0,26.59333333333334D0,                  0000545P   2721
-4.850000000000001D0,5.0D0,39.88999999999999D0,                  0000545P   2722
-4.850000000000002D0,5.0D0,39960.00000000002D0,                  0000545P   2723
79850.00000000004D0,0.0D0,0.0D0,1.0D0;                           0000545P   2724
126,3,3,1,0,1,0,149.999999999998D0,149.999999999998D0,           0000547P   2725
149.999999999998D0,149.999999999998D0,5000.0D0,5000.0D0,         0000547P   2726
5000.0D0,5000.0D0,1.0D0,1.0D0,1.0D0,1.0D0,39.88999999999999D0,   0000547P   2727
-4.850000000000002D0,5.0D0,39.89D0,-3.233333333333335D0,         0000547P   2728
4.999999999999999D0,39.89D0,-1.616666666666668D0,                0000547P   2729
4.999999999999997D0,39.88999999999999D0,0.0D0,5.0D0,             0000547P   2730
149.999999999998D0,5000.0D0,0.0D0,0.0D0,1.0D0;                   0000547P   2731
126,1,1,1,0,1,0,100.15D0,100.15D0,140.04D0,140.04D0,1.0D0,1.0D0, 0000549P   2732
39.88999999999999D0,0.0D0,5.0D0,3.637978807091713D-15,0.0D0,     0000549P   2733
5.0D0,100.15D0,140.04D0,0.0D0,0.0D0,1.0D0;                       0000549P   2734
126,1,1,1,0,1,0,-9318.493146214105D0,-9318.493146214105D0,       0000551P   2735
-4468.493146214104D0,-4468.493146214104D0,1.0D0,1.0D0,           0000551P   2736
3.637978807091713D-15,0.0D0,5.0D0,2.455635694786906D-14,         0000551P   2737
-4.850000000000001D0,5.0D0,-9318.493146214105D0,                 0000551P   2738
-4468.493146214104D0,0.0D0,0.0D0,1.0D0;                          0000551P   2739
102,4,545,547,549,551;                                           0000553P   2740
142,0,533,543,553,1;                                             0000555P   2741
144,533,1,0,555;                                                 0000557P   2742
128,3,2,3,2,0,0,0,0,0,0.0D0,0.0D0,0.0D0,0.0D0,10000.0D0,         0000559P   2743
10000.0D0,10000.0D0,10000.0D0,0.0D0,0.0D0,0.0D0,300.0D0,300.0D0, 0000559P   2744
300.0D0,1.0D0,1.0D0,0.9999999999999997D0,1.0D0,                  0000559P   2745
0.7071067811865457D0,0.7071067811865469D0,0.7071067811865468D0,  0000559P   2746
0.7071067811865457D0,1.0D0,1.0D0,0.9999999999999997D0,1.0D0,     0000559P   2747
39.89000000000001D0,-5.0D0,5.0D0,39.89000000000002D0,            0000559P   2748
-4.999999999999999D0,1.666666666666666D0,39.89000000000001D0,    0000559P   2749
-5.000000000000001D0,-1.666666666666667D0,39.89000000000001D0,   0000559P   2750
-5.0D0,-5.0D0,40.04000000000001D0,-5.0D0,5.0D0,                  0000559P   2751
40.04000000000001D0,-5.000000000000001D0,1.666666666666674D0,    0000559P   2752
40.04D0,-5.0D0,-1.666666666666675D0,40.04000000000001D0,-5.0D0,  0000559P   2753
-5.0D0,40.04D0,-4.850000000000001D0,5.0D0,40.04000000000001D0,   0000559P   2754
-4.850000000000001D0,1.666666666666667D0,40.04000000000001D0,    0000559P   2755
-4.85D0,-1.666666666666668D0,40.04D0,-4.850000000000001D0,       0000559P   2756
-5.0D0,0.0D0,10000.0D0,0.0D0,300.0D0;                            0000559P   2757
126,1,1,1,0,1,0,5000.0D0,5000.0D0,9849.999999999996D0,           0000561P   2758
9849.999999999996D0,1.0D0,1.0D0,5000.0D0,300.0D0,0.0D0,          0000561P   2759
150.0000000000036D0,300.0D0,0.0D0,5000.0D0,9849.999999999996D0,  0000561P   2760
0.0D0,0.0D0,1.0D0;                                               0000561P   2761
126,1,1,1,0,1,0,-300.0D0,-300.0D0,-0.0D0,-0.0D0,1.0D0,1.0D0,     0000563P   2762
150.0000000000036D0,300.0D0,0.0D0,150.0000000000055D0,0.0D0,     0000563P   2763
0.0D0,-300.0D0,-0.0D0,0.0D0,0.0D0,1.0D0;                         0000563P   2764
126,1,1,1,0,1,0,150.0000000000054D0,150.0000000000054D0,         0000565P   2765
4999.999999999999D0,4999.999999999999D0,1.0D0,1.0D0,             0000565P   2766
150.0000000000055D0,0.0D0,0.0D0,5000.000000000001D0,0.0D0,0.0D0, 0000565P   2767
150.0000000000054D0,4999.999999999999D0,0.0D0,0.0D0,1.0D0;       0000565P   2768
126,1,1,1,0,1,0,0.0D0,0.0D0,300.0D0,300.0D0,1.0D0,1.0D0,         0000567P   2769
5000.000000000001D0,0.0D0,0.0D0,5000.0D0,300.0D0,0.0D0,0.0D0,    0000567P   2770
300.0D0,0.0D0,0.0D0,1.0D0;                                       0000567P   2771
102,4,561,563,565,567;                                           0000569P   2772
126,3,3,1,0,1,0,-5000.0D0,-5000.0D0,-5000.0D0,-5000.0D0,         0000571P   2773
-150.0000000000035D0,-150.0000000000035D0,-150.0000000000035D0,  0000571P   2774
-150.0000000000035D0,1.0D0,1.0D0,1.0D0,1.0D0,                    0000571P   2775
40.04000000000001D0,-4.850000000000001D0,-2.273736754432321D-16, 0000571P   2776
40.04D0,-4.850000000000001D0,1.616666666666666D0,40.04D0,        0000571P   2777
-4.850000000000001D0,3.233333333333331D0,40.03999999999999D0,    0000571P   2778
-4.85D0,4.849999999999996D0,-5000.0D0,-150.0000000000035D0,      0000571P   2779
1.0D0,0.0D0,0.0D0;                                               0000571P   2780
126,2,2,1,0,0,0,-300.0D0,-300.0D0,-300.0D0,0.0D0,0.0D0,0.0D0,    0000573P   2781
1.0D0,0.7071067811865819D0,1.0D0,40.04D0,-4.850000000000001D0,   0000573P   2782
4.849999999999997D0,40.04D0,-4.999999999999985D0,                0000573P   2783
4.849999999999992D0,39.89000000000001D0,-5.0D0,                  0000573P   2784
4.849999999999996D0,-300.0D0,0.0D0,-0.0D0,-0.0D0,-1.0D0;         0000573P   2785
126,3,3,1,0,1,0,150.0000000000054D0,150.0000000000054D0,         0000575P   2786
150.0000000000054D0,150.0000000000054D0,5000.0D0,5000.0D0,       0000575P   2787
5000.0D0,5000.0D0,1.0D0,1.0D0,1.0D0,1.0D0,39.89000000000001D0,   0000575P   2788
-5.0D0,4.849999999999996D0,39.89000000000001D0,-5.0D0,           0000575P   2789
3.233333333333331D0,39.89000000000001D0,-5.0D0,                  0000575P   2790
1.616666666666666D0,39.89000000000001D0,-5.0D0,                  0000575P   2791
1.023181539494544D-15,150.0000000000054D0,5000.0D0,1.0D0,0.0D0,  0000575P   2792
0.0D0;                                                           0000575P   2793
126,2,2,1,0,0,0,-0.0D0,-0.0D0,-0.0D0,300.0D0,300.0D0,300.0D0,    0000577P   2794
1.0D0,0.7071067811865476D0,1.0D0,39.89000000000002D0,            0000577P   2795
-5.000000000000001D0,1.023181539494545D-15,40.04000000000001D0,  0000577P   2796
-4.999999999999998D0,8.366570090763576D-19,40.04000000000001D0,  0000577P   2797
-4.850000000000001D0,-2.273736754432321D-16,-0.0D0,300.0D0,      0000577P   2798
-0.0D0,-0.0D0,-1.0D0;                                            0000577P   2799
102,4,571,573,575,577;                                           0000579P   2800
142,0,559,569,579,1;                                             0000581P   2801
144,559,1,0,581;                                                 0000583P   2802
128,1,1,1,1,0,0,1,0,0,0.0D0,0.0D0,10000.0D0,10000.0D0,0.0D0,     0000585P   2803
0.0D0,5000.0D0,5000.0D0,1.0D0,1.0D0,1.0D0,1.0D0,40.04D0,0.0D0,   0000585P   2804
-5.0D0,40.04D0,0.0D0,5.0D0,40.04D0,-5.0D0,-5.0D0,40.04D0,-5.0D0, 0000585P   2805
5.0D0,0.0D0,10000.0D0,0.0D0,5000.0D0;                            0000585P   2806
126,1,1,1,0,1,0,95.0D0,95.0D0,99.84999999999999D0,               0000587P   2807
99.84999999999999D0,1.0D0,1.0D0,5000.000000000003D0,0.0D0,0.0D0, 0000587P   2808
9850.0D0,0.0D0,0.0D0,95.0D0,99.84999999999999D0,0.0D0,0.0D0,     0000587P   2809
1.0D0;                                                           0000587P   2810
126,3,3,1,0,1,0,-5000.0D0,-5000.0D0,-5000.0D0,-5000.0D0,         0000589P   2811
-149.9999999999954D0,-149.9999999999954D0,-149.9999999999954D0,  0000589P   2812
-149.9999999999954D0,1.0D0,1.0D0,1.0D0,1.0D0,9850.0D0,0.0D0,     0000589P   2813
0.0D0,9849.999999999927D0,1616.666666666667D0,0.0D0,9850.0D0,    0000589P   2814
3233.333333333336D0,0.0D0,9850.0D0,4849.999999999997D0,0.0D0,    0000589P   2815
-5000.0D0,-149.9999999999954D0,0.0D0,0.0D0,1.0D0;                0000589P   2816
126,3,3,1,0,1,0,149.9999999999773D0,149.9999999999773D0,         0000591P   2817
149.9999999999773D0,149.9999999999773D0,4999.999999999991D0,     0000591P   2818
4999.999999999991D0,4999.999999999991D0,4999.999999999991D0,     0000591P   2819
1.0D0,1.0D0,1.0D0,1.0D0,9850.0D0,4849.999999999997D0,0.0D0,      0000591P   2820
8233.333333333343D0,4849.999999999998D0,0.0D0,                   0000591P   2821
6616.666666666668D0,4849.999999999998D0,0.0D0,                   0000591P   2822
4999.999999999998D0,4850.0D0,0.0D0,149.9999999999773D0,          0000591P   2823
4999.999999999991D0,0.0D0,0.0D0,1.0D0;                           0000591P   2824
126,1,1,1,0,1,0,-4849.999999999999D0,-4849.999999999999D0,       0000593P   2825
-0.0D0,-0.0D0,1.0D0,1.0D0,4999.999999999998D0,4850.0D0,0.0D0,    0000593P   2826
5000.000000000003D0,0.0D0,0.0D0,-4849.999999999999D0,-0.0D0,     0000593P   2827
0.0D0,0.0D0,1.0D0;                                               0000593P   2828
102,4,587,589,591,593;                                           0000595P   2829
126,1,1,1,0,1,0,95.0D0,95.0D0,99.84999999999999D0,               0000597P   2830
99.84999999999999D0,1.0D0,1.0D0,40.04D0,0.0D0,0.0D0,40.04D0,     0000597P   2831
0.0D0,4.849999999999994D0,95.0D0,99.84999999999999D0,1.0D0,      0000597P   2832
0.0D0,0.0D0;                                                     0000597P   2833
126,3,3,1,0,1,0,-5000.0D0,-5000.0D0,-5000.0D0,-5000.0D0,         0000599P   2834
-149.9999999999954D0,-149.9999999999954D0,-149.9999999999954D0,  0000599P   2835
-149.9999999999954D0,1.0D0,1.0D0,1.0D0,1.0D0,40.04D0,0.0D0,      0000599P   2836
4.849999999999994D0,40.03999999999998D0,-1.616666666666666D0,    0000599P   2837
4.850000000000002D0,40.03999999999998D0,-3.233333333333332D0,    0000599P   2838
4.850000000000009D0,40.04D0,-4.850000000000001D0,                0000599P   2839
4.850000000000021D0,-5000.0D0,-149.9999999999954D0,0.0D0,0.0D0,  0000599P   2840
1.0D0;                                                           0000599P   2841
126,3,3,1,0,1,0,149.9999999999793D0,149.9999999999793D0,         0000601P   2842
149.9999999999793D0,149.9999999999793D0,5000.000000000003D0,     0000601P   2843
5000.000000000003D0,5000.000000000003D0,5000.000000000003D0,     0000601P   2844
1.0D0,1.0D0,1.0D0,1.0D0,40.04D0,-4.850000000000001D0,            0000601P   2845
4.850000000000021D0,40.04000000000001D0,-4.850000000000001D0,    0000601P   2846
3.233333333333346D0,40.04000000000001D0,-4.850000000000001D0,    0000601P   2847
1.616666666666672D0,40.04000000000001D0,-4.850000000000002D0,    0000601P   2848
-2.955857780762017D-15,149.9999999999793D0,5000.000000000003D0,  0000601P   2849
1.0D0,0.0D0,0.0D0;                                               0000601P   2850
126,1,1,1,0,1,0,-4849.999999999999D0,-4849.999999999999D0,       0000603P   2851
-0.0D0,-0.0D0,1.0D0,1.0D0,40.04000000000001D0,                   0000603P   2852
-4.850000000000002D0,-2.955857780762017D-15,40.04D0,0.0D0,0.0D0, 0000603P   2853
-4849.999999999999D0,-0.0D0,0.0D0,0.0D0,1.0D0;                   0000603P   2854
102,4,597,599,601,603;                                           0000605P   2855
142,0,585,595,605,1;                                             0000607P   2856
144,585,1,0,607;                                                 0000609P   2857
128,3,2,3,2,0,0,0,0,0,0.0D0,0.0D0,0.0D0,0.0D0,5000.0D0,5000.0D0, 0000611P   2858
5000.0D0,5000.0D0,0.0D0,0.0D0,0.0D0,300.0000000000109D0,         0000611P   2859
300.0000000000109D0,300.0000000000109D0,1.0D0,1.0D0,             0000611P   2860
0.9999999999999994D0,1.0D0,0.7071067811865457D0,                 0000611P   2861
0.7071067811865457D0,0.7071067811865452D0,0.7071067811865457D0,  0000611P   2862
1.0D0,1.0D0,0.9999999999999994D0,1.0D0,40.04D0,-5.0D0,           0000611P   2863
4.849999999999994D0,40.03999999999998D0,-3.333333333333332D0,    0000611P   2864
4.84999999999999D0,40.04000000000001D0,-1.666666666666668D0,     0000611P   2865
4.849999999999996D0,40.04D0,0.0D0,4.849999999999994D0,           0000611P   2866
40.04000000000001D0,-5.0D0,4.999999999999998D0,40.04D0,          0000611P   2867
-3.333333333333331D0,4.999999999999992D0,40.04000000000001D0,    0000611P   2868
-1.666666666666667D0,4.999999999999992D0,40.04000000000001D0,    0000611P   2869
0.0D0,4.999999999999998D0,39.88999999999999D0,-5.0D0,5.0D0,      0000611P   2870
39.88999999999999D0,-3.333333333333332D0,4.999999999999998D0,    0000611P   2871
39.89000000000003D0,-1.666666666666669D0,5.000000000000001D0,    0000611P   2872
39.88999999999999D0,0.0D0,5.0D0,0.0D0,5000.0D0,0.0D0,            0000611P   2873
300.0000000000109D0;                                             0000611P   2874
126,1,1,1,0,1,0,-300.0000000000109D0,-300.0000000000109D0,       0000613P   2875
-0.0D0,-0.0D0,1.0D0,1.0D0,150.0000000000036D0,                   0000613P   2876
300.0000000000109D0,0.0D0,149.9999999999954D0,0.0D0,0.0D0,       0000613P   2877
-300.0000000000109D0,-0.0D0,0.0D0,0.0D0,1.0D0;                   0000613P   2878
126,1,1,1,0,1,0,149.9999999999954D0,149.9999999999954D0,         0000615P   2879
5000.0D0,5000.0D0,1.0D0,1.0D0,149.9999999999954D0,0.0D0,0.0D0,   0000615P   2880
5000.0D0,0.0D0,0.0D0,149.9999999999954D0,5000.0D0,0.0D0,0.0D0,   0000615P   2881
1.0D0;                                                           0000615P   2882
126,1,1,1,0,1,0,0.0D0,0.0D0,1.0D0,1.0D0,1.0D0,1.0D0,5000.0D0,    0000617P   2883
0.0D0,0.0D0,5000.0D0,300.0000000000109D0,0.0D0,0.0D0,1.0D0,      0000617P   2884
0.0D0,0.0D0,1.0D0;                                               0000617P   2885
126,1,1,1,0,1,0,0.0D0,0.0D0,4849.999999999996D0,                 0000619P   2886
4849.999999999996D0,1.0D0,1.0D0,5000.0D0,300.0000000000109D0,    0000619P   2887
0.0D0,150.0000000000036D0,300.0000000000109D0,0.0D0,0.0D0,       0000619P   2888
4849.999999999996D0,0.0D0,0.0D0,1.0D0;                           0000619P   2889
102,4,613,615,617,619;                                           0000621P   2890
126,2,2,1,0,0,0,-300.0000000000109D0,-300.0000000000109D0,       0000623P   2891
-300.0000000000109D0,0.0D0,0.0D0,0.0D0,1.0D0,                    0000623P   2892
0.707106781186569D0,1.0D0,39.88999999999999D0,                   0000623P   2893
-4.849999999999995D0,5.0D0,40.03999999999999D0,                  0000623P   2894
-4.850000000000001D0,4.999999999999999D0,40.04D0,                0000623P   2895
-4.850000000000006D0,4.849999999999994D0,-300.0000000000109D0,   0000623P   2896
0.0D0,0.0D0,1.0D0,0.0D0;                                         0000623P   2897
126,3,3,1,0,1,0,149.9999999999954D0,149.9999999999954D0,         0000625P   2898
149.9999999999954D0,149.9999999999954D0,5000.0D0,5000.0D0,       0000625P   2899
5000.0D0,5000.0D0,1.0D0,1.0D0,1.0D0,1.0D0,40.04D0,               0000625P   2900
-4.850000000000006D0,4.849999999999994D0,40.03999999999998D0,    0000625P   2901
-3.233333333333335D0,4.849999999999991D0,40.03999999999998D0,    0000625P   2902
-1.616666666666668D0,4.849999999999993D0,40.04D0,0.0D0,          0000625P   2903
4.849999999999994D0,149.9999999999954D0,5000.0D0,0.0D0,0.0D0,    0000625P   2904
1.0D0;                                                           0000625P   2905
126,2,2,1,0,0,0,0.0D0,0.0D0,0.0D0,1.0D0,1.0D0,1.0D0,1.0D0,       0000627P   2906
0.7071067811865457D0,1.0D0,40.04D0,0.0D0,4.849999999999994D0,    0000627P   2907
40.04000000000001D0,0.0D0,4.999999999999998D0,                   0000627P   2908
39.88999999999999D0,0.0D0,5.0D0,0.0D0,1.0D0,-0.0D0,-1.0D0,       0000627P   2909
-0.0D0;                                                          0000627P   2910
126,3,3,1,0,1,0,-5000.0D0,-5000.0D0,-5000.0D0,-5000.0D0,         0000629P   2911
-150.0000000000035D0,-150.0000000000035D0,-150.0000000000035D0,  0000629P   2912
-150.0000000000035D0,1.0D0,1.0D0,1.0D0,1.0D0,                    0000629P   2913
39.88999999999999D0,0.0D0,5.0D0,39.89D0,-1.616666666666666D0,    0000629P   2914
4.999999999999997D0,39.89D0,-3.23333333333333D0,                 0000629P   2915
4.999999999999999D0,39.88999999999999D0,-4.849999999999995D0,    0000629P   2916
5.0D0,-5000.0D0,-150.0000000000035D0,0.0D0,0.0D0,1.0D0;          0000629P   2917
102,4,623,625,627,629;                                           0000631P   2918
142,0,611,621,631,1;                                             0000633P   2919
144,611,1,0,633;                                                 0000635P   2920
S0000001G0000011D0000636P0002920                                        T      1
