frequency_index,omega0_rad_s,omega_e_rad_s,wavenumber_rad_m,wavelength_m,wave_amplitude_m,heave_response_real_m_per_m,heave_response_imag_m_per_m,pitch_response_real_rad_per_m,pitch_response_imag_rad_per_m,heave_rao_m_per_m,pitch_rao_rad_per_m,pitch_rao_rad_per_wave_slope,point_vertical_rao_m_per_m,heave_phase_lead_deg,pitch_phase_lead_deg,point_phase_lead_deg,fridsma_heave_phase_lag_deg,fridsma_pitch_phase_lead_deg,cg_accel_rao_mps2_per_m,point_accel_rao_mps2_per_m,cg_accel_g,point_accel_g,dynamic_condition_number,equation_relative_residual,heave_finite_length_factor,pitch_finite_length_factor,provider_route,matrix_contract,configuration,lambda_over_l
0,5.655284970861961,20.657180752563452,3.2612816916742378,1.9265999999999999,0.01,0.013728088737535808,0.03920489581006748,0.014129176135661373,0.16798726013707094,0.041538948901770546,0.16858040570194535,0.05169145803391229,0.24324194209699365,160.70165397286263,175.1922470103242,172.74320765254595,-160.70165397286263,175.1922470103242,17.72546358168702,103.79598666241908,0.018074942596796074,0.10584245044170955,7.002925394979883,1.2979513288708788e-16,0.6025414721396578,0.7518694697881603,faltinsen_ch9_reduced_order_planing_plus_matched_bie_delta_from_high_frequency,heave_pitch_2x2_v1,FnB=2.26,1.014
1,5.620244580566254,20.436811509004407,3.2209928105300336,1.9506983333333334,0.01,0.013043075648536762,0.04302964290506836,0.004659209406715754,0.17193373585420393,0.04496300691580972,0.1719968539162237,0.053398707800257586,0.2505608376187918,163.1369793347617,178.4477291975556,175.73178891226132,-163.1369793347617,178.4477291975556,18.779396257143322,104.65005743444942,0.019149654833346068,0.10671336025497945,7.060630789122507,1.7374126295210282e-16,0.6109891659460216,0.7573833718940609,faltinsen_ch9_reduced_order_planing_plus_matched_bie_delta_from_high_frequency,heave_pitch_2x2_v1,FnB=2.26,1.0266833333333334
2,5.585847557002136,20.221608747450148,3.181687215314785,1.9747966666666668,0.01,0.012300044087673037,0.04697929535376979,-0.005035650336967132,0.1758625368024285,0.04856279724743454,0.17593461747166678,0.05529601295338531,0.2586172705046219,165.3282373396284,-178.35984001000807,178.61693702560774,-165.3282373396284,-178.35984001000807,19.857981465993156,105.75208298442534,0.020249505657888436,0.10783711357540583,7.119002591775711,2.3295012565164363e-16,0.619188031365281,0.7627228823688765,faltinsen_ch9_reduced_order_planing_plus_matched_bie_delta_from_high_frequency,heave_pitch_2x2_v1,FnB=2.26,1.0393666666666668
3,5.552074450332887,20.011389428371302,3.1433293430518296,1.9988949999999999,0.01,0.011495224264545125,0.05105461407742892,-0.014957535609001538,0.17976992064916122,0.05233272207221205,0.1803911090982598,0.05738854870457823,0.2673968109063822,167.31113969878948,-175.2437304729553,-178.60737218736026,-167.31113969878948,-175.2437304729553,20.95693720901798,107.08057892200213,0.02137012864639605,0.10919180242182819,7.178066074648849,1.3923878124944417e-16,0.6271468142697088,0.767894906955513,faltinsen_ch9_reduced_order_planing_plus_matched_bie_delta_from_high_frequency,heave_pitch_2x2_v1,FnB=2.26,1.05205
4,5.518906624083483,19.805979120463157,3.105885325299929,2.022993333333333,0.01,0.010624750252467624,0.05525636875047163,-0.02510888771221367,0.18365192588423973,0.05626856676169572,0.18536042221341328,0.059680381855538533,0.2768828991325712,169.11594735452422,-172.21479065203505,-175.94464010063407,-169.11594735452422,-172.21479065203505,22.072853811792495,108.61474011630487,0.022508046898576474,0.11075621146498027,7.23784638286345,1.4017344806652276e-16,0.6348739444869563,0.7729060369655527,faltinsen_ch9_reduced_order_planing_plus_matched_bie_delta_from_high_frequency,heave_pitch_2x2_v1,FnB=2.26,1.0647333333333333
5,5.486326211925033,19.60521149862499,3.0693228884130344,2.0470916666666668,0.01,0.009684653040108782,0.05958533550146668,-0.035492439562498264,0.1875043614046938,0.060367248664566726,0.19083395612909043,0.06217461083990398,0.28705769821966737,170.76820634702096,-169.28137763828633,-173.39615062146248,-170.76820634702096,-169.28137763828633,23.203016356807062,110.33473637581645,0.02366049196902822,0.1125101195370656,7.298368550471795,4.506424442125386e-16,0.6423775434979919,0.7777625643657532,faltinsen_ch9_reduced_order_planing_plus_matched_bie_delta_from_high_frequency,heave_pitch_2x2_v1,FnB=2.26,1.0774166666666667
6,5.45431607723286,19.408927876742364,3.033611260762936,2.07119,0.01,0.008670853269125641,0.06404229414017831,-0.04611119958908641,0.19132279535445018,0.06462661321121373,0.1968010537313898,0.06487352426358527,0.2979028269837999,172.2894611912305,-166.44942279380763,-170.9613151499248,-172.2894611912305,-166.44942279380763,24.345264062721384,112.22192572971446,0.0248252604739859,0.11443451711819476,7.359657513299475,2.934620316349781e-16,0.6496654326631937,0.7824704962200847,faltinsen_ch9_reduced_order_planing_plus_matched_bie_delta_from_high_frequency,heave_pitch_2x2_v1,FnB=2.26,1.0901
7,5.422859775210269,19.21697677248563,2.998721086364209,2.0952883333333334,0.01,0.007579153677851702,0.06862802489647715,-0.0569684365413978,0.19510254320060444,0.06904527045108869,0.2032496128540347,0.06777876534708473,0.3093999628586495,173.69789738081784,-163.72260314668313,-168.63802482331732,-173.69789738081784,-163.72260314668313,25.497879567232268,114.25899181124274,0.02600060119126539,0.11651174642843658,7.42173811909,1.3754792411885631e-16,0.6567451418291659,0.7870355684940792,faltinsen_ch9_reduced_order_planing_plus_matched_bie_delta_from_high_frequency,heave_pitch_2x2_v1,FnB=2.26,1.1027833333333334
8,5.391941517387847,19.029213501590554,2.9646243443918934,2.1193866666666663,0.01,0.006405231268128279,0.07334330465319298,-0.0680676650399291,0.1988386550270996,0.07362246481237428,0.21016664282652922,0.07089149194369138,0.3215313162369249,175.00889740770077,-161.10258511785128,-166.42298631389502,-175.00889740770077,-161.10258511785128,26.659501888519802,116.43001567907055,0.027185126305639344,0.11872557466522263,7.484635134910096,2.556490013081637e-16,0.6636239181928999,0.79146325923266,faltinsen_ch9_reduced_order_planing_plus_matched_bie_delta_from_high_frequency,heave_pitch_2x2_v1,FnB=2.26,1.1154666666666666
9,5.361546138324173,18.84549979931368,2.931294274128154,2.143485,0.01,0.005144629210146944,0.07818890265129153,-0.07941263171454377,0.20252590202602053,0.07835797156335174,0.21753874842722393,0.07421252459953917,0.33427998642405654,176.23551097308405,-158.58930860643036,-164.31202585906152,-176.23551097308405,-158.58930860643036,27.829057914987217,118.72049411711814,0.028377741547814205,0.12106121266397613,7.548373251754893,4.846813453804214e-16,0.6703087353204211,0.7957588011260103,faltinsen_ch9_reduced_order_planing_plus_matched_bie_delta_from_high_frequency,heave_pitch_2x2_v1,FnB=2.26,1.12815
10,5.331659064348433,18.66570346695937,2.8987053049154214,2.1675833333333334,0.01,0.0037927484986379515,0.08316557564200182,-0.09100730177807505,0.20615876216623827,0.08325201446835653,0.22535253314493986,0.07774247791343357,0.3476302140902841,177.38884730519567,-156.18128422451923,-162.30035337215912,-177.38884730519567,-156.18128422451923,29.005708310415244,121.1173165500104,0.029577591033039058,0.12350529135842558,7.612977086272575,1.8225959713318217e-16,0.6768063022345392,0.7999271934805742,faltinsen_ch9_reduced_order_planing_plus_matched_bie_delta_from_high_frequency,heave_pitch_2x2_v1,FnB=2.26,1.1408333333333334
11,5.302266284198574,18.48969804155967,2.866832990730673,2.1916816666666668,0.01,0.0023448393728520917,0.08827406245673051,-0.1028558458864316,0.20973140501892157,0.08830520015434673,0.23359492135794452,0.08148187289361697,0.3615675470340823,178.47839999368944,-153.8758828284378,-160.38278397191408,-178.47839999368944,-153.8758828284378,30.188804614110726,123.6087117535162,0.0307840135154316,0.12604580744037588,7.678471179508366,3.2340367928548763e-16,0.6831230725012001,0.8039732136141523,faltinsen_ch9_reduced_order_planing_plus_matched_bie_delta_from_high_frequency,heave_pitch_2x2_v1,FnB=2.26,1.1535166666666667
12,5.273354321420639,18.317362486954266,2.8356539490290493,2.2157799999999996,0.01,0.0007959925125092703,0.09351507796174494,-0.11496262713842065,0.2132376757194851,0.09351846561118934,0.24225340448550112,0.08543122991733551,0.37607893598985537,179.51231490063367,-151.66960305471034,-158.5539180689294,-179.51231490063367,-151.66960305471034,31.37785504112255,126.18417400656509,0.031996507513903885,0.1286720480557225,7.744879992547425,7.861998403372182e-17,0.6892652532565917,0.8079014276953341,faltinsen_ch9_reduced_order_planing_plus_matched_bie_delta_from_high_frequency,heave_pitch_2x2_v1,FnB=2.26,1.1662
13,5.244910208405784,18.14858090466805,2.8051458035352757,2.239878333333333,0.01,-0.0008588699777905379,0.09888930636069253,-0.12733218806934607,0.21667107804595023,0.09889303600424881,0.251316219492737,0.08959114323968745,0.3911527758844013,-179.50238919235613,-149.5583084275801,-156.80828348888696,179.50238919235613,-149.5583084275801,32.57249705942264,128.8343765857514,0.03321470334866916,0.13137450259339467,7.812227898915631,1.9582754291959005e-16,0.6952388141279183,0.8117162010483528,faltinsen_ch9_reduced_order_planing_plus_matched_bie_delta_from_high_frequency,heave_pitch_2x2_v1,FnB=2.26,1.1788833333333333
14,5.216921461951359,17.98324226311955,2.7752871306887377,2.2639766666666667,0.01,-0.0026250037822876174,0.10439739380403558,-0.13996923749212054,0.22002475659450507,0.10443039058593964,0.2607724697098926,0.09396233882480376,0.4067789059675344,-178.55963881923023,-147.53743030551564,-155.14044432049857,178.55963881923023,-147.53743030551564,33.772475263889575,131.55107878635354,0.03443834057898424,0.13414476787318153,7.880539173576241,1.5520973902197255e-16,0.7010494960098829,0.815421707944918,faltinsen_ch9_reduced_order_planing_plus_matched_bie_delta_from_high_frequency,heave_pitch_2x2_v1,FnB=2.26,1.1915666666666667
15,5.189376060241433,17.82124014381653,2.7460574094728476,2.288075,0.01,-0.004507851771013036,0.11003994026041913,-0.1528786370381924,0.22329147803432517,0.1101322349728091,0.2706121982199045,0.09854571768470534,0.4229485800368611,-177.65415588891443,-145.602136366504,-153.5450815803031,177.65415588891443,-145.602136366504,34.97762340679369,134.32703110601486,0.0356672496793438,0.13697545145999385,7.9498379783383815,4.2693470847622134e-16,0.7067028196666547,0.8190219409047432,faltinsen_ch9_reduced_order_planing_plus_matched_bie_delta_from_high_frequency,heave_pitch_2x2_v1,FnB=2.26,1.20425
16,5.162262421150358,17.66247250330658,2.717436974381788,2.3121733333333334,0.01,-0.006513053562970023,0.115817490600853,-0.16606538724806286,0.2264636114255479,0.11600047842915473,0.28082642351059245,0.10334238702057845,0.43965441581714143,-176.7813337307334,-143.74746660135318,-152.0170506685746,176.7813337307334,-143.74746660135318,36.18784970405035,137.15588191327691,0.03690133705602867,0.13986007649225468,8.020148343471142,2.4896543242869636e-16,0.7122040941356522,0.82252071952643,faltinsen_ch9_reduced_order_planing_plus_matched_bie_delta_from_high_frequency,heave_pitch_2x2_v1,FnB=2.26,1.2169333333333334
17,5.135569381780428,17.506841449751732,2.68940697129811,2.3362716666666663,0.01,-0.008646455235831574,0.12173052484237705,-0.17953461305757576,0.22953310758674977,0.12203721508845494,0.2914071460416918,0.10835368136977679,0.456890330594816,-175.93713434774764,-141.9684401018075,-150.55142016984044,175.93713434774764,-141.9684401018075,37.40312473446464,140.0320878579715,0.03814057270776937,0.14279299032592327,8.091494145293613,1.897260918312768e-16,0.717558424914985,0.825921698870108,faltinsen_ch9_reduced_order_planing_plus_matched_bie_delta_from_high_frequency,heave_pitch_2x2_v1,FnB=2.26,1.2296166666666666
18,5.109286179151524,17.354253033088025,2.6619493160731524,2.3603699999999996,0.01,-0.010914119159080575,0.12777944749360667,-0.19329154852154706,0.23249147750144786,0.12824470826817766,0.30234733311319917,0.11358117575251776,0.47465146851861006,-175.11800299165876,-140.260136534896,-149.1434959843065,175.11800299165876,-140.260136534896,38.62347140025575,142.95082944928777,0.03938497998833011,0.14576927844808144,8.163899079487317,3.2142458909059244e-16,0.7227707219210687,0.829228377412832,faltinsen_ch9_reduced_order_planing_plus_matched_bie_delta_from_high_frequency,heave_pitch_2x2_v1,FnB=2.26,1.2423
19,5.08340243196688,17.204617047814615,2.6350466556190733,2.3844683333333334,0.01,-0.01332233392347434,0.13396457594023375,-0.20734152061067349,0.23532976975716147,0.13462537720658468,0.3136408881238302,0.11902669254641488,0.4929341235742348,-174.32079690843358,-138.6177563074345,-147.78883416657368,174.32079690843358,-138.6177563074345,39.8489565326674,145.9079326005218,0.04063462704661367,0.1487846844748429,8.237386629852768,1.8288089713317683e-16,0.7278457072068253,0.8324441045972334,faltinsen_ch9_reduced_order_planing_plus_matched_bie_delta_from_high_frequency,heave_pitch_2x2_v1,FnB=2.26,1.2549833333333333
20,5.057908123384797,17.057846847533085,2.608682331336585,2.4085666666666663,0.01,-0.015869007381893774,0.14020923052225123,-0.22160113389634503,0.23793686637224779,0.14110440715629113,0.32514768171277303,0.12464058111137677,0.5115058231912138,-173.54269088181246,-137.03590251910074,-146.4817040572979,173.54269088181246,-137.03590251910074,41.05716897420545,148.83292051105434,0.04186666086197168,0.15176734206997736,8.311163049907705,1.0479039602840728e-16,0.7327879224341642,0.8355720879933188,faltinsen_ch9_reduced_order_planing_plus_matched_bie_delta_from_high_frequency,heave_pitch_2x2_v1,FnB=2.26,1.2676666666666665
21,5.032793584731381,16.913859170426946,2.582840344716427,2.4326649999999996,0.01,-0.018447338752677123,0.14566818293496966,-0.23506466670406043,0.2392150074246828,0.14683161725810898,0.33537921418877775,0.12984899158588892,0.5278381879166804,-172.7825138848926,-135.5013728189379,-145.2018879987068,172.7825138848926,-135.5013728189379,42.005388204985415,151.00322673611169,0.042833575385055465,0.1539804385147953,8.376121487139072,2.4859563966945415e-16,0.7376017360971641,0.8386154000926611,faltinsen_ch9_reduced_order_planing_plus_matched_bie_delta_from_high_frequency,heave_pitch_2x2_v1,FnB=2.26,1.2803499999999999
22,5.008049480094152,16.772573974934694,2.5575053249653354,2.456763333333333,0.01,-0.021145853200221894,0.1512277400357569,-0.24872917749317938,0.24035412905741077,0.1526989733557099,0.34588482344760374,0.13524305113706533,0.5445769874163284,-172.04006241274743,-134.01896460637948,-143.9645236296804,172.04006241274743,-134.01896460637948,42.95715878881994,153.19998299324297,0.043804111280426994,0.15622050648615274,8.441569333720592,1.7381155592004381e-16,0.7422913504946387,0.8415769847535234,faltinsen_ch9_reduced_order_planing_plus_matched_bie_delta_from_high_frequency,heave_pitch_2x2_v1,FnB=2.26,1.2930333333333333
23,4.983666791740764,16.63391428492738,2.5326624985188295,2.4808616666666663,0.01,-0.023969238504275497,0.15688760211908512,-0.2625970506625325,0.24134724566077798,0.1587080467183413,0.35665908653040734,0.14082377211294098,0.5617180577498795,-171.3135386097089,-132.58544086694604,-142.76679401503984,171.3135386097089,-132.58544086694604,43.912469897558054,155.42014290952616,0.04477825750644517,0.15848443954819044,8.507519977311143,7.615822298901272e-16,0.7468608084526486,0.8444596633147411,faltinsen_ch9_reduced_order_planing_plus_matched_bie_delta_from_high_frequency,heave_pitch_2x2_v1,FnB=2.26,1.3057166666666666
24,4.959636806311129,16.49780604375448,2.508297660313772,2.50496,0.01,-0.02692231757055854,0.16264736608411018,-0.2766706347543846,0.2421870602499262,0.16486047700242942,0.36769717470752405,0.14659232057072824,0.5792578971940983,-170.60129581738846,-131.19768194743864,-141.60601580720024,170.60129581738846,-131.19768194743864,44.87132966724384,157.6610267054353,0.04575602235956606,0.16076950508627846,8.573986312616341,7.254441262387913e-16,0.7513139997990428,0.8472661403954365,faltinsen_ch9_reduced_order_planing_plus_matched_bie_delta_from_high_frequency,heave_pitch_2x2_v1,FnB=2.26,1.3184
25,4.935951101734914,16.364177976570183,2.4843971467033197,2.5290583333333334,0.01,-0.030010051828553076,0.16850651744189754,-0.2909522271778795,0.2428659557667297,0.171157966893595,0.37899481654800443,0.15255001280729735,0.5971936186772018,-169.90182267837366,-129.85269614849082,-140.47963964573515,169.90182267837366,-129.85269614849082,45.83376223840757,159.92028197998764,0.04673743045627975,0.16307330431899544,8.640980717390368,4.508688740721868e-16,0.7556546675933653,0.8499990093969091,faltinsen_ch9_reduced_order_planing_plus_matched_bie_delta_from_high_frequency,heave_pitch_2x2_v1,FnB=2.26,1.3310833333333334
26,4.9126015348298075,16.232961460396236,2.4609478099057456,2.5531566666666663,0.01,-0.033237544489427444,0.17446442172549018,-0.30544405828020627,0.24337598619209438,0.17760227704535872,0.39054826000592624,0.15869831064027493,0.6155229029167695,-169.21372903294616,-128.54762591648387,-139.38524852064225,169.21372903294616,-128.54762591648387,46.799805130819855,162.19584787589386,0.04772252005610463,0.16539373575675062,8.70851502574017,2.5148272601615875e-16,0.7598864141164627,0.8526607577222969,faltinsen_ch9_reduced_order_planing_plus_matched_bie_delta_from_high_frequency,heave_pitch_2x2_v1,FnB=2.26,1.3437666666666666
27,4.8895802295390824,16.104090401418116,2.437936993886747,2.5772549999999996,0.01,-0.03661004362907841,0.18052031528257692,-0.3201482746805935,0.2437088675121892,0.18419522123074744,0.4023542343321796,0.16503881574507612,0.6342439526617173,-168.53573339834907,-127.27975057745894,-138.3205546210885,168.53573339834907,-127.27975057745894,47.76950690015404,164.48592243932416,0.0487113406720481,0.16772896191800887,8.776600498631558,1.9122693368783977e-16,0.7640127066249192,0.855253771728877,faltinsen_ch9_reduced_order_planing_plus_matched_bie_delta_from_high_frequency,heave_pitch_2x2_v1,FnB=2.26,1.35645
28,4.866879565769868,15.977501119048327,2.415352511582274,2.601353333333333,0.01,-0.040132945058389026,0.18667329542996156,-0.3350669217823425,0.24385596858679176,0.1909386616317957,0.41440991239121777,0.1715732632831064,0.6533554482821701,-167.86665184447463,-126.04648640065876,-137.2833950914433,167.86665184447463,-126.04648640065876,48.742925031874236,166.78893296213002,0.04970395092296987,0.1700773790867728,8.845247791491843,3.0734474369191096e-16,0.7680368828760669,0.8577803414271561,faltinsen_ch9_reduced_order_planing_plus_matched_bie_delta_from_high_frequency,heave_pitch_2x2_v1,FnB=2.26,1.3691333333333333
29,4.844492168796216,15.853132236324697,2.3931826233757567,2.6254516666666667,0.01,-0.043811794939587,0.19292230994866866,-0.35020192537807543,0.2438083019731091,0.19783450419923873,0.4267128737799246,0.17830351499795505,0.6728565048303561,-167.2053881018683,-124.84538464099289,-136.27172703188828,167.2053881018683,-124.84538464099289,49.72012403425316,169.10350908114287,0.05070041658900151,0.17243758988150173,8.914466918799043,9.512269489934498e-16,0.7719621564297928,0.860242664940207,faltinsen_ch9_reduced_order_planing_plus_matched_bie_delta_from_high_frequency,heave_pitch_2x2_v1,FnB=2.26,1.3818166666666667
30,4.822410899193473,15.73092457624282,2.3714160167498584,2.6495499999999996,0.01,-0.0476522921040404,0.19926614589841618,-0.3655550722633402,0.24355651476425466,0.20488469402075324,0.43926106900289547,0.18523155190835064,0.6927466306041482,-166.55092475767938,-123.67412808921627,-135.283622010364,166.55092475767938,-123.67412808921627,50.70117369794988,171.4284584058424,0.0517008088368096,0.17480837840224991,8.984267215543735,1.6708753729293296e-16,0.7757916217337001,0.8626428527360273,faltinsen_ch9_reduced_order_planing_plus_matched_bie_delta_from_high_frequency,heave_pitch_2x2_v1,FnB=2.26,1.3944999999999999
31,4.800628843272787,15.610821063650597,2.3500417870386547,2.673648333333333,0.01,-0.05166029002294634,0.20570341773034212,-0.3811279897736892,0.24309087950801075,0.21209121064107903,0.4520527848480878,0.1923594666874969,0.7130256871765476,-165.9023154127422,-122.53052655561841,-134.31726029441865,165.9023154127422,-122.53052655561841,51.68614749421254,173.76274444930388,0.052705202586217054,0.17718868772649568,9.054657295446006,3.189841562394845e-16,0.7795282589984345,0.8649829316450452,faltinsen_ch9_reduced_order_planing_plus_matched_bie_delta_from_high_frequency,heave_pitch_2x2_v1,FnB=2.26,1.4071833333333332
32,4.779139303986631,15.492766632359235,2.3290494192114357,2.6977466666666663,0.01,-0.05584179837815242,0.21223255467735247,-0.39692212416046174,0.24240128527864935,0.21945606328142686,0.4650866110229299,0.19968945578681532,0.73369385080447,-165.25867768850534,-121.41251162633631,-133.3709249639659,165.25867768850534,-121.41251162633631,52.6751210876688,176.1054666456978,0.05371367499367144,0.1795775995326618,9.12564500580754,3.326343492733347e-16,0.7831749388701267,0.8672648486742699,faltinsen_ch9_reduced_order_planing_plus_matched_bie_delta_from_high_frequency,heave_pitch_2x2_v1,FnB=2.26,1.4198666666666666
33,4.757935792278166,15.37670813714942,2.3084287706241855,2.721845,0.01,-0.060202984175792305,0.21885178740229286,-0.41293871772080876,0.24147722898244284,0.2269812859088808,0.4783614080482924,0.20722381133681084,0.7547515750945399,-164.61918698622142,-120.3181309593727,-132.44299602745,164.61918698622142,-120.3181309593727,53.66817094295024,178.455842249019,0.05472630403139731,0.18197431564195626,9.19723737887674,2.2457890946039773e-16,0.7867344269069927,0.8694904746289716,faltinsen_ch9_reduced_order_planing_plus_matched_bie_delta_from_high_frequency,heave_pitch_2x2_v1,FnB=2.26,1.43255
34,4.73701201884909,15.262594270373857,2.2881700546792976,2.7459433333333334,0.01,-0.06475017234052996,0.22555913388537935,-0.4291787845980882,0.24030780698609394,0.23466893210915418,0.49187627636180825,0.2149649128376291,0.776199554779021,-163.9830709128457,-119.24554232819888,-131.53194463298166,163.9830709128457,-119.24554232819888,54.66537300716896,180.8131899209272,0.0557431671438962,0.18437814128262678,9.269440579604305,1.7090477759225147e-16,0.7902093878671443,0.871661607552213,faltinsen_ch9_reduced_order_planing_plus_matched_bie_delta_from_high_frequency,heave_pitch_2x2_v1,FnB=2.26,1.4452333333333334
35,4.716361886322236,15.15037548287804,2.2682638253382184,2.7700416666666663,0.01,-0.06948984572297533,0.23235238453401708,-0.44564308516973533,0.23888170716670382,0.24252106971817242,0.5056305265492569,0.2229152186359375,0.7980386904388924,-163.34960429865652,-118.19300757263582,-130.63632744137192,163.34960429865652,-118.19300757263582,55.66680145261171,183.17691482966157,0.056764339965851444,0.186788469895083,9.342259849666485,2.861196155527953e-16,0.7936023898146345,0.8737799759919846,faltinsen_ch9_reduced_order_planing_plus_matched_bie_delta_from_high_frequency,heave_pitch_2x2_v1,FnB=2.26,1.4579166666666665
36,4.6959794817767575,15.040003908980154,2.248700962435521,2.7941399999999996,0.01,-0.07442864444729695,0.23922908650034616,-0.4623320989412194,0.23718720149207417,0.250539775169637,0.5196236506001582,0.2310772571722319,0.8202700540014408,-162.71810474086342,-117.15888657782507,-129.75478120851756,162.71810474086342,-117.15888657782507,56.67252746601466,185.54649509631926,0.0577898950875321,0.18920476931094646,9.415699447635614,2.1824618126672998e-16,0.7969159080506899,0.8758472421051862,faltinsen_ch9_reduced_order_planing_plus_matched_bie_delta_from_high_frequency,heave_pitch_2x2_v1,FnB=2.26,1.4706
37,4.675859069635141,14.931433295268803,2.2294726577464483,2.818238333333333,0.01,-0.07957336452018358,0.2461865271946182,-0.4792459958667444,0.2352121392511499,0.2587271275170203,0.5338552940689171,0.23945361797284304,0.8428948548348333,-162.08792861557595,-116.14163137100034,-128.8860176093483,162.08792861557595,-116.14163137100034,57.68261807248289,187.92146943887866,0.058819900855524465,0.19162656915346085,9.489762585179776,4.500787538559726e-16,0.8001523288769766,0.877865004607178,faltinsen_ch9_reduced_order_planing_plus_matched_bie_delta_from_high_frequency,heave_pitch_2x2_v1,FnB=2.26,1.4832833333333333
38,4.655995084882608,14.824618932993292,2.210570401763192,2.8423366666666667,0.01,-0.08493095561616827,0.2532217169859558,-0.49638460602025064,0.23294394106625563,0.2670852020895037,0.548325229014094,0.24804694235331276,0.8659144062609867,-161.45846750759597,-115.13978040108366,-128.0288183237099,161.45846750759597,-115.13978040108366,58.69713498358701,190.30142587795282,0.059854420198117625,0.194053449320566,9.564451359179403,3.583522242313984e-16,0.8033139531976128,0.8798348015751648,faltinsen_ch9_reduced_order_planing_plus_matched_bie_delta_from_high_frequency,heave_pitch_2x2_v1,FnB=2.26,1.4959666666666667
39,4.636382126600722,14.719517593836539,2.1919859711382212,2.8664349999999996,0.01,-0.09050851794789153,0.26033137108615767,-0.5137473875439387,0.23036959383146954,0.27561606374216024,0.5630333275839878,0.25685991379389367,0.8893300923094105,-160.8291450137097,-114.15195304671028,-127.18203039548334,160.8291450137097,-114.15195304671028,59.71613346042976,192.68599138113802,0.06089350946595399,0.1964850294250718,9.639766679654478,4.505832279762945e-16,0.8064029999664883,0.8817581131132122,faltinsen_ch9_reduced_order_planing_plus_matched_bie_delta_from_high_frequency,heave_pitch_2x2_v1,FnB=2.26,1.5086499999999998
40,4.617014951798112,14.616087468874348,2.1737114167557037,2.890533333333333,0.01,-0.09631329812323973,0.2675118906171824,-0.5313333928063616,0.22747564673501167,0.2843217596614009,0.5779795361157963,0.26589524794346403,0.9131433345382222,-160.1994138805872,-113.1768443831366,-126.34456186935788,160.1994138805872,-113.1768443831366,60.73966118358621,195.0748223349275,0.061937217279689004,0.19892095907871446,9.715708193406089,4.439357417243265e-16,0.8094216094862867,0.8836363638862695,faltinsen_ch9_reduced_order_planing_plus_matched_bie_delta_from_high_frequency,heave_pitch_2x2_v1,FnB=2.26,1.5213333333333332
41,4.59788846952234,14.514288110537963,2.1557390523947006,2.9146316666666663,0.01,-0.10235268388442509,0.2747593428687321,-0.5491412327080468,0.2242482085378941,0.29320431168726446,0.593163849617092,0.27515568220475317,0.9373555587533671,-159.568753443162,-112.21322022679212,-125.51537770455586,159.568753443162,-112.21322022679212,61.767757122789966,197.4675957443975,0.06298558337739184,0.20136090891833347,9.792274203287047,1.6528745270430041e-16,0.8123718465654118,0.8854709255301649,faltinsen_ch9_reduced_order_planing_plus_matched_bie_delta_from_high_frequency,heave_pitch_2x2_v1,FnB=2.26,1.5340166666666666
42,4.578997735237878,14.41408037740851,2.1380614439501375,2.9387299999999996,0.01,-0.10863419761710491,0.282069440759169,-0.5671690390800223,0.2206729462962233,0.30226570811473563,0.6085862865017677,0.28464396485134913,0.9619681614631965,-158.93666733353405,-111.25991246730398,-124.69349596105789,158.93666733353405,-111.25991246730398,62.80045040011222,199.86400107128625,0.06403863745531066,0.20380456228302862,9.869461583031201,2.312570495409875e-16,0.8152557035388469,0.8872631189441564,faltinsen_ch9_reduced_order_planing_plus_matched_bie_delta_from_high_frequency,heave_pitch_2x2_v1,FnB=2.26,1.5467
43,4.560337945456092,14.31542638168322,2.1206713991798107,2.9628283333333334,0.01,-0.11516548851056334,0.28943752152083896,-0.5854144251295338,0.2167350857304685,0.3115078949368745,0.6242468634573474,0.29436284362526915,0.9869824759124716,-158.30268143409972,-110.31581469010395,-123.87798425122834,158.30268143409972,-110.31581469010395,63.83775914116869,202.26373263066958,0.06509639799642966,0.2062516074609266,9.947265687588564,5.524725283563019e-16,0.8180751031587613,0.8890142164722501,faltinsen_ch9_reduced_order_planing_plus_matched_bie_delta_from_high_frequency,heave_pitch_2x2_v1,FnB=2.26,1.5593833333333333
44,4.5419044326040146,14.21828943916352,2.1035619579477185,2.9869266666666667,0.01,-0.12195432324293279,0.29685852463989254,-0.6038744438979975,0.2124194134615815,0.32093276649325697,0.6401455703263735,0.3043150537628631,1.0123997375475922,-157.6663420518252,-109.37987808775085,-123.0679564479291,157.6663420518252,-109.37987808775085,64.87968930961863,204.6664824752548,0.0661588710819889,0.20870173043318038,10.02568025893461,4.152862931100855e-16,0.8208319013604916,0.8907254439791664,faltinsen_ch9_reduced_order_planing_plus_matched_bie_delta_from_high_frequency,heave_pitch_2x2_v1,FnB=2.26,1.5720666666666667
45,4.52369266011943,14.122634021624597,2.086726382935906,3.0110249999999996,0.01,-0.12900857505848834,0.3043269690909756,-0.6225455447089864,0.20771028135103378,0.33054215548810295,0.6562823448912322,0.31450330539640753,1.0382210487732946,-157.02721429340022,-108.45110765450355,-122.26256963905975,157.02721429340022,-108.45110765450355,65.92623352090742,207.0719337044233,0.06722604918183826,0.21115460805109115,10.104697327347212,6.062733484450966e-16,0.823527889909316,0.8923979828264907,faltinsen_ch9_reduced_order_planing_plus_matched_bie_delta_from_high_frequency,heave_pitch_2x2_v1,FnB=2.26,1.5847499999999999
46,4.505698217760588,14.028425711435013,2.0701581507987883,3.035123333333333,0.01,-0.1357865209319435,0.3111809681038946,-0.6399371696468085,0.2024285480679336,0.3395166773177397,0.6711906570926475,0.3242219232543479,1.0620086009338399,-156.42553166512238,-107.55349952365468,-121.48763329062214,156.42553166512238,-107.55349952365468,66.81577117761671,208.9998177092454,0.06813312515243912,0.21312050262754909,10.173717940259827,1.4989939152917893e-16,0.8261647989332416,0.8940329717542541,faltinsen_ch9_reduced_order_planing_plus_matched_bie_delta_from_high_frequency,heave_pitch_2x2_v1,FnB=2.26,1.5974333333333333
47,4.487916817119527,13.935631158303075,2.053850943735554,3.059221666666666,0.01,-0.1426608023182763,0.3179115127458503,-0.6571120895603098,0.19675999674524097,0.3484534896574423,0.6859378941023041,0.33397647292491295,1.0855397017513457,-155.83213994245244,-106.66935144131624,-120.7245063808986,155.83213994245244,-106.66935144131624,67.67030040644595,210.81378118168135,0.06900450246153983,0.21497023059014175,10.24048807975307,2.956789238810843e-16,0.8287442993468201,0.8956315086728854,faltinsen_ch9_reduced_order_planing_plus_matched_bie_delta_from_high_frequency,heave_pitch_2x2_v1,FnB=2.26,1.6101166666666664
48,4.470344287328649,13.844218038034413,2.037798641457775,3.0833199999999996,0.01,-0.1497611220882682,0.3246683356947575,-0.674409695906914,0.19074014356894714,0.35754429360841566,0.700863924240618,0.3439318831517342,1.1093807727832492,-155.23734352474122,-105.79224677830051,-119.96651039277452,155.23734352474122,-105.79224677830051,68.5277877958593,212.62655156610646,0.06987889625494874,0.21681874194154627,10.3074650903726,5.407976842464009e-16,0.831268005170816,0.8971946523702166,faltinsen_ch9_reduced_order_planing_plus_matched_bie_delta_from_high_frequency,heave_pitch_2x2_v1,FnB=2.26,1.6227999999999998
49,4.4529765709507725,13.7541550131923,2.021995313530767,3.107418333333333,0.01,-0.1570930889101497,0.331446495624092,-0.6918251512265241,0.1843579760408605,0.3667901553270254,0.7159678087731915,0.3540897468861998,1.1335313009322647,-154.640819708763,-104.92146324176677,-119.21302629383847,154.640819708763,-104.92146324176677,69.38818056702057,214.43780168344787,0.0707562527132309,0.21866570305195748,10.374639953781562,5.740608003577682e-16,0.8337374757523482,0.8987234241379456,faltinsen_ch9_reduced_order_planing_plus_matched_bie_delta_from_high_frequency,heave_pitch_2x2_v1,FnB=2.26,1.6354833333333332
50,4.43580972004348,13.66541169555889,2.0064352120685673,3.1315166666666663,0.01,-0.16466232840767533,0.3382407368834916,-0.7093531263901115,0.17760229790410859,0.3761920765833918,0.7312485447098306,0.3644516106532729,1.1579906370420645,-154.04225832777485,-104.05631238361299,-118.46346247319644,154.04225832777485,-104.05631238361299,70.25141632922445,216.2471976736402,0.07163650821557256,0.22051077347885387,10.442002411594565,2.6267791201195423e-16,0.8361542178899449,0.9002188093217334,faltinsen_ch9_reduced_order_planing_plus_matched_bie_delta_from_high_frequency,heave_pitch_2x2_v1,FnB=2.26,1.6481666666666666
51,4.418839892389094,13.577958610301799,1.9911127647636315,3.1556149999999996,0.01,-0.17247447181021655,0.3450454767746704,-0.726987774631698,0.17046174187184604,0.38575098764471466,0.7467050488016888,0.37501896528212525,1.182757973005751,-153.4413610232435,-103.19613770100115,-117.717253267706,153.4413610232435,-103.19613770100115,71.11742241202653,218.0543953782791,0.07251958865874333,0.22235360227833065,10.509540913362834,6.845059494479083e-16,0.8385196878677559,0.9016817587988789,faltinsen_ch9_reduced_order_planing_plus_matched_bie_delta_from_high_frequency,heave_pitch_2x2_v1,FnB=2.26,1.66085
52,4.402063347882093,13.49176716175612,1.9760225682334844,3.179713333333333,0.01,-0.18053514346340835,0.3518547927772796,-0.7447227050291387,0.16292478411249794,0.3954677398040146,0.762336141517652,0.3857932362580058,1.2078323185459403,-152.83784059242623,-102.3403128668757,-116.973857592433,152.83784059242623,-102.3403128668757,71.98611519176005,219.8590369426033,0.07340540877033448,0.22419382454008588,10.577242563304202,4.1167707743412474e-16,0.8408352934029917,0.9031131903872773,faltinsen_ch9_reduced_order_planing_plus_matched_bie_delta_from_high_frequency,heave_pitch_2x2_v1,FnB=2.26,1.6735333333333333
53,4.385476445066261,13.406809600737425,1.9611593816676447,3.2038116666666667,0.01,-0.1888499471377906,0.3586624097875659,-0.7625509555003657,0.1549797606210137,0.4053430975464738,0.778140530968968,0.3967757736789791,1.2332124776329414,-152.23142040686432,-101.48824008584964,-116.2327576714182,152.23142040686432,-101.48824008584964,72.85739941225249,221.66074761585222,0.07429387141608244,0.22603105812469318,10.645093065910912,5.97697206097789e-16,0.8431023955104844,0.9045139901892061,faltinsen_ch9_reduced_order_planing_plus_matched_bie_delta_from_high_frequency,heave_pitch_2x2_v1,FnB=2.26,1.6862166666666667
54,4.369075637814305,13.32305899330628,1.946518120759125,3.2279099999999996,0.01,-0.1974244510731657,0.36546168744043867,-0.7804649653945261,0.1466148856086598,0.41537773034715486,0.7941167967561946,0.4079678418028269,1.2588970245141242,-151.62183389732604,-100.63934857057536,-115.49345786478108,151.62183389732604,-100.63934857057536,73.7311674998576,223.4591327319072,0.0751848669013961,0.22786490058471262,10.713076670589421,2.227717536173579e-16,0.8453223102880875,0.9058850138732318,faltinsen_ch9_reduced_order_planing_plus_matched_bie_delta_from_high_frequency,heave_pitch_2x2_v1,FnB=2.26,1.6988999999999999
55,4.3528574721430395,13.240489190909473,1.9320938519057465,3.252008333333333,0.01,-0.2062641716972697,0.37224560759385666,-0.7984565477713247,0.1378182720462647,0.42557220409570956,0.8102633737179041,0.41937060817138366,1.2848842793347193,-151.00882410117015,-99.79309313359283,-114.7554835881945,151.00882410117015,-99.79309313359283,74.60729887322927,225.2537748548076,0.0760782722675218,0.22969492625392732,10.781176115509966,1.9093256869826385e-16,0.8474963106264785,0.907227087897412,faltinsen_ch9_reduced_order_planing_plus_matched_bie_delta_from_high_frequency,heave_pitch_2x2_v1,FnB=2.26,1.7115833333333332
56,4.336818583157667,13.159074801827622,1.9178817866673816,3.2761066666666663,0.01,-0.21537455595889485,0.3790067620632181,-0.8165168614767712,0.12857795449735684,0.4359269721457207,0.8265785355661016,0.43098513230182484,1.3111722833377848,-150.39214326848713,-98.94895288962023,-114.01838032082165,150.39214326848713,-98.94895288962023,75.48565924857573,227.04423107622708,0.07697395058309997,0.23152068349153598,10.84937257086847,7.625003863970556e-16,0.8496256278467592,0.9085410106767338,faltinsen_ch9_reduced_order_planing_plus_matched_bie_delta_from_high_frequency,heave_pitch_2x2_v1,FnB=2.26,1.7242666666666666
57,4.320955692119005,13.078791163862759,1.9038772764660337,3.3002049999999996,0.01,-0.2247609622179782,0.38573734070275506,-0.8346363831396754,0.11888191437811595,0.44644236598869597,0.8430603783992489,0.442812353937084,1.3377587736393257,-149.77155252372052,-98.10643006329553,-113.28171269789388,149.77155252372052,-98.10643006329553,76.36609994146619,228.8300304543693,0.07787175023220588,0.23334169207055347,10.917645581790525,6.362157033174658e-16,0.8517114532691047,0.909827553697617,faltinsen_ch9_reduced_order_planing_plus_matched_bie_delta_from_high_frequency,heave_pitch_2x2_v1,FnB=2.26,1.7369499999999998
58,4.30526560362785,12.999614318203465,1.8900758075164381,3.324303333333333,0.01,-0.23442863963837451,0.3924291199406495,-0.8528048792303479,0.1087181077803899,0.45711858555531465,0.8597068040898808,0.45485308085051707,1.3646411575831614,-149.1468215797775,-97.26504889747757,-112.5450636842237,149.1468215797775,-97.26504889747757,77.24845716659479,230.6106715859599,0.07877150420030775,0.23515744070193176,10.985973011136045,4.0697958349638963e-16,0.8537549397155584,0.9110874625821332,faltinsen_ch9_reduced_order_planing_plus_matched_bie_delta_from_high_frequency,heave_pitch_2x2_v1,FnB=2.26,1.7496333333333332
59,4.289745202921009,12.921520984408623,1.8764729959755686,3.3484016666666663,0.01,-0.24438270603325377,0.3990734518847546,-0.8710113783412412,0.09807449599196591,0.4679556891494635,0.8765155035502721,0.4671079762032899,1.3918164866894467,-148.51772850191043,-96.42435465735146,-111.80803382507729,148.51772850191043,-96.42435465735146,78.13255133726074,232.3856203051223,0.07967302935993509,0.23696738468806608,11.054330982493674,4.3769927670461563e-16,0.8557572029499362,0.9123214581044407,faltinsen_ch9_reduced_order_planing_plus_matched_bie_delta_from_high_frequency,heave_pitch_2x2_v1,FnB=2.26,1.7623166666666665
60,4.274391453273778,12.844488536454236,1.8630645833000998,3.3724999999999996,0.01,-0.25462812411840635,0.40566125412631726,-0.889244143868612,0.08693907884461065,0.4789535830238616,0.8934839398864257,0.4795775454567291,1.4192814302207446,-147.88405951888473,-95.58391272573945,-111.07024057096363,147.88405951888473,-95.58391272573945,79.01818636668919,234.15430750494392,0.08057612575822447,0.23877094370141072,11.122693823686525,3.9963713324597324e-16,0.8577193230576632,0.9135302371618335,faltinsen_ch9_reduced_order_planing_plus_matched_bie_delta_from_high_frequency,heave_pitch_2x2_v1,FnB=2.26,1.775
61,4.259201393503972,12.76849497979087,1.8498464318014995,3.396598333333333,0.01,-0.26516967613525533,0.4121830003798719,-0.9074906472945412,0.07529993101496675,0.49011201060964593,0.9106093314577466,0.4922621228460227,1.44703224840006,-147.2456088791582,-94.74330778519395,-110.33131767303813,147.2456088791582,-94.74330778519395,79.9051489736943,235.9161270794431,0.08148057590889274,0.2405674996858694,11.191034011144952,3.827151006868181e-16,0.8596423457682351,0.9147144737026319,faltinsen_ch9_reduced_order_planing_plus_matched_bie_delta_from_high_frequency,heave_pitch_2x2_v1,FnB=2.26,1.7876833333333333
62,4.244172135572825,12.693518929362227,1.8368145203890005,3.4206966666666667,0.01,-0.2760119368132696,0.4186287121084622,-0.9257375422898881,0.06314524139589514,0.5014305414162584,0.927888634867282,0.505161857426287,1.4750647653265951,-146.6021787499684,-93.90214308262382,-109.59091464594927,146.6021787499684,-93.90214308262382,80.79320799558056,237.67043398549495,0.08238614409159149,0.24235639488050964,11.259322115537586,2.90580325373784e-16,0.8615272837228819,0.9158748196130521,faltinsen_ch9_reduced_order_planing_plus_matched_bie_delta_from_high_frequency,heave_pitch_2x2_v1,FnB=2.26,1.8003666666666667
63,4.229300862278374,12.619539588538164,1.823964940491259,3.4447949999999996,0.01,-0.2871592446507836,0.4249879512943885,-0.9439706398806934,0.05046335564612571,0.512908559622288,0.9453185279152383,0.5182766987070652,1.503374341646911,-145.95357915737443,-93.06003977238214,-108.84869629508536,145.95357915737443,-93.06003977238214,81.68211371158539,239.41654242602874,0.08329257566201036,0.24413692996693953,11.327526749088888,3.998009564598427e-16,0.8633751176898795,0.917011905565069,faltinsen_ch9_reduced_order_planing_plus_matched_bie_delta_from_high_frequency,heave_pitch_2x2_v1,FnB=2.26,1.8130499999999998
64,4.2145848250371225,12.546536728917928,1.811293892148001,3.468893333333333,0.01,-0.298615671504124,0.43124981452667116,-0.9621748849431558,0.03724282201382265,0.5245452523826206,0.9628953925567036,0.5316063818968729,1.5319558470518748,-145.29962796541784,-92.21663633391005,-108.10434230529218,145.29962796541784,-92.21663633391005,82.57159718058305,241.15372415750306,0.08419959637652315,0.24590836234341298,11.395614515049417,4.780339339449327e-16,0.8651867977298527,0.9181263418271709,faltinsen_ch9_reduced_order_planing_plus_matched_bie_delta_from_high_frequency,heave_pitch_2x2_v1,FnB=2.26,1.8257333333333332
65,4.200021341750019,12.47449067096192,1.798797680263457,3.4929916666666663,0.01,-0.31038499048751184,0.43740292858720925,-0.9803343343153197,0.02347244051467527,0.5363395978823493,0.9806152979130888,0.5451504127854251,1.560803632683139,-144.64015089266158,-91.37158806018799,-107.35754688823549,144.64015089266158,-91.37158806018799,83.46136959720413,242.88120692629045,0.08510691173561219,0.24766990453038545,11.463549959824435,4.0860707481630125e-16,0.8669632443132985,0.9192187190398237,faltinsen_ch9_reduced_order_planing_plus_matched_bie_delta_from_high_frequency,heave_pitch_2x2_v1,FnB=2.26,1.8384166666666666
66,4.185607794749008,12.403382265412567,1.7864727110138177,3.517089999999999,0.01,-0.3224706422005188,0.4434354477279751,-0.9984321368367595,0.009141315527154605,0.5482903531733208,0.9984739833956539,0.5589080522976604,1.5899115035468518,-143.97498156443493,-90.52456661338849,-106.60801848566973,143.97498156443493,-90.52456661338849,84.35112167095758,244.598173040155,0.08601420635074933,0.24942072271382687,11.531295528305092,8.330044449639902e-16,0.868705349392455,0.9202896089573375,faltinsen_ch9_reduced_order_planing_plus_matched_bie_delta_from_high_frequency,heave_pitch_2x2_v1,FnB=2.26,1.8510999999999997
67,4.171341628820558,12.333192875466885,1.7743154884013757,3.541188333333333,0.01,-0.3348756993161008,0.44933505284140923,-1.0164505156507215,-0.005761088153679538,0.5603960418350932,1.0164668420087948,0.5728783007607131,1.6192726910470625,-143.30396159915537,-89.67525964424577,-105.85547952594311,143.30396159915537,-89.67525964424577,85.24052303339452,246.30375808250452,0.08692114333987094,0.2511599354341233,11.598811522987003,1.0003688332950256e-15,0.8704139774295467,0.9213395651577668,faltinsen_ch9_reduced_order_planing_plus_matched_bie_delta_from_high_frequency,heave_pitch_2x2_v1,FnB=2.26,1.8637833333333331
68,4.157220349302802,12.263904359665531,1.7623226109484194,3.5652866666666663,0.01,-0.3476028295803248,0.45508895273511313,-1.0343707531257784,-0.021244885787056515,0.5726549415082265,1.0345889039101934,0.5870598819324088,1.6488798257663828,-142.62694072712142,-88.82337047176651,-105.0996662311241,142.62694072712142,-88.82337047176651,86.12922167879428,247.99704977850843,0.08782736375703658,0.2528866124298394,11.666056067499367,2.9710662617815984e-16,0.872089966383338,0.9223691237223814,faltinsen_ch9_reduced_order_planing_plus_matched_bie_delta_from_high_frequency,heave_pitch_2x2_v1,FnB=2.26,1.8764666666666665
69,4.14324152025305,12.195499055464818,1.7504907685242979,3.5893849999999996,0.01,-0.3606542572950707,0.46068388772982743,-1.0521731787759412,-0.03731970969367378,0.5850650713543984,1.052834820314701,0.6014512268478079,1.678724910637228,-141.94377694016694,-87.96861781998722,-104.3403284721658,141.94377694016694,-87.96861781998722,87.01684344430085,249.6770870235089,0.08873248606231572,0.25459977364697317,11.732985075206505,6.245184031471209e-16,0.873734128655837,0.9233788038861428,faltinsen_ch9_reduced_order_planing_plus_matched_bie_delta_from_high_frequency,heave_pitch_2x2_v1,FnB=2.26,1.8891499999999999
70,4.129402762682636,12.127959763460122,1.7388167392994536,3.613483333333333,0.01,-0.3740317233771159,0.466106135806183,-1.0698371605787698,-0.05399464284290828,0.5976241795046676,1.071198847838709,0.6160504575486666,1.7087992946630155,-141.25433667054457,-87.11073560854946,-103.57722966954081,141.25433667054457,-87.11073560854946,87.90299153587563,251.34285908540642,0.089636105638394,0.2562983884256157,11.799552223580276,4.886403152900915e-16,0.87534725200091,0.9243691086605841,faltinsen_ch9_reduced_order_planing_plus_matched_bie_delta_from_high_frequency,heave_pitch_2x2_v1,FnB=2.26,1.9018333333333333
71,4.115701752856189,12.061269732230608,1.727297386820526,3.6375816666666663,0.01,-0.3877364441112137,0.47134152153055386,-1.0873411001099171,-0.07127814909997364,0.6103297305643449,1.0896748333917614,0.630855370769448,1.7390936473650942,-140.55849499736104,-86.2494727939035,-102.81014673677291,140.55849499736104,-86.2494727939035,88.78724610685843,252.9933049938485,0.090537794360825,0.2579813748770972,11.86570893507621,3.4982667624657655e-16,0.8769301003964808,0.9253405254303965,faltinsen_ch9_reduced_order_planing_plus_matched_bie_delta_from_high_frequency,heave_pitch_2x2_v1,FnB=2.26,1.9145166666666666
72,4.102136220652568,11.995412643776953,1.7159296572009535,3.6616799999999996,0.01,-0.4017690687408937,0.4763754279931372,-1.1046624319290739,-0.08917800025309998,0.6231788932502204,1.1082561997320826,0.6458634216625665,1.769597934147523,-139.85613587882196,-85.3845932579717,-102.03887006426812,139.85613587882196,-85.3845932579717,89.66916389633032,254.62731313008197,0.09143710022926313,0.25964759946575233,11.93140436527765,6.856775899032046e-16,0.8784834148819106,0.9262935265249431,faltinsen_ch9_reduced_order_planing_plus_matched_bie_delta_from_high_frequency,heave_pitch_2x2_v1,FnB=2.26,1.9271999999999998
73,4.088703947984823,11.930372599525025,1.7047105764217834,3.685778333333333,0.01,-0.4161296360688106,0.481192811991865,-1.1217776276660614,-0.1077011999851663,0.63616852824342,1.1269359318126038,0.6610717076549507,1.8003013927883207,-139.14715240845752,-84.515875741099,-101.26320354080252,139.14715240845752,-84.515875741099,90.54827793485369,256.24372103224545,0.0923335470674019,0.26129587681037403,11.996585399099708,3.618153827610135e-16,0.8800079143620861,0.9272285697659028,faltinsen_ch9_reduced_order_planing_plus_matched_bie_delta_from_high_frequency,heave_pitch_2x2_v1,FnB=2.26,1.9398833333333332
74,4.075402767276722,11.866134106870067,1.693637247737684,3.7098766666666663,0.01,-0.4308175302682537,0.4857782226934573,-1.1386622052659443,-0.12685390500253405,0.6492951763486711,1.1457065640535955,0.6764769525375048,1.831192511281771,-138.43144709340052,-83.64311381609606,-100.48296460996359,138.43144709340052,-83.64311381609606,91.42409732550261,257.8413154316341,0.09322663429968707,0.2629249697211934,12.061196655867102,2.0604774646506764e-16,0.8815042963796631,0.9281460989921356,faltinsen_ch9_reduced_order_planing_plus_matched_bie_delta_from_high_frequency,heave_pitch_2x2_v1,FnB=2.26,1.9525666666666666
75,4.062230559993413,11.802682066237054,1.6827068491834005,3.733974999999999,0.01,-0.4458314361388913,0.49011582399753695,-1.1552907438580475,-0.14664134358623399,0.6625550470583187,1.1645601686872415,0.6920754908987208,1.862259007271993,-137.70893215266284,-82.76611590013326,-99.69798435875778,137.70893215266284,-82.76611590013326,92.29610710839326,259.418832536064,0.09411583681317603,0.26453358948883055,12.125180504097397,8.303942179218187e-16,0.8829732378568543,0.9290465445628409,faltinsen_ch9_reduced_order_planing_plus_matched_bie_delta_from_high_frequency,heave_pitch_2x2_v1,FnB=2.26,1.9652499999999997
76,4.049185255224016,11.7400017586343,1.6719166311761489,3.758073333333333,0.01,-0.4611692940725647,0.49418942082082934,-1.1716369047147768,-0.16706773188667956,0.6759440076268258,1.183488345328074,0.7078632530232811,1.893487809332714,-136.9795298332241,-81.88470530118245,-98.90810763550233,136.9795298332241,-81.88470530118245,93.16376821716486,260.97495857687863,0.09500060491316084,0.2661203964420864,12.188477086829883,6.321841328116792e-16,0.8844153958080806,0.9299303238400005,faltinsen_ch9_reduced_order_planing_plus_matched_bie_delta_from_high_frequency,heave_pitch_2x2_v1,FnB=2.26,1.977933333333333
77,4.036264828313955,11.678078833678448,1.6612639142096723,3.7821716666666663,0.01,-0.4768282550287477,0.4979824895056906,-1.1876734587614897,-0.18813618834260817,0.6894575727686554,1.2024822119310394,0.7238357503859384,1.924865040361796,-136.2431727415932,-80.99872029562127,-98.11319319400478,136.2431727415932,-80.99872029562127,94.02651753603331,262.5083306363302,0.09588036438134666,0.2676840007916365,12.251024358343182,2.2852037517114633e-16,0.8858314080247437,0.9307978416510793,faltinsen_ch9_reduced_order_planing_plus_matched_bie_delta_from_high_frequency,heave_pitch_2x2_v1,FnB=2.26,1.9906166666666665
78,4.023467299544988,11.616899298070079,1.6507460866358894,3.8062699999999996,0.01,-0.4922310623992637,0.501482362132985,-1.2027700402273414,-0.20912917259497413,0.7026919512284071,1.2208156210086514,0.7395538483429589,1.9551994185498767,-135.53339836567594,-80.13642293299552,-97.34323406332723,135.53339836567594,-80.13642293299552,94.82992965352938,263.8587548862348,0.09669961674326032,0.2690610502936628,12.30818780802039,2.684221486991243e-16,0.8872218937333252,0.9316494907328605,faltinsen_ch9_reduced_order_planing_plus_matched_bie_delta_from_high_frequency,heave_pitch_2x2_v1,FnB=2.26,2.0033
79,4.0107907328609915,11.556449504500298,1.6403606025302842,3.830368333333333,0.01,-0.5075696623952803,0.5047108851097315,-1.217166021149608,-0.2302536023927527,0.7157932939978604,1.2387533428637065,0.7551713574155027,1.9849257215898068,-134.83819165745768,-79.28783363983484,-96.58762419704402,134.83819165745768,-79.28783363983484,95.59528610560325,265.08985742791236,0.09748006312614732,0.2703164255152497,12.361742260685556,9.853155666507972e-16,0.8885874542279514,0.9324856521572988,faltinsen_ch9_reduced_order_planing_plus_matched_bie_delta_from_high_frequency,heave_pitch_2x2_v1,FnB=2.26,2.0159833333333332
80,3.9982332346376213,11.496716140969523,1.63010497963737,3.8544666666666654,0.01,-0.5231860718461051,0.5076605754862653,-1.23121499037575,-0.25193352257623325,0.729001320764787,1.2567262439861864,0.7709480430307962,2.0147517152168213,-134.13713822630856,-78.43566641540187,-95.82804776950434,134.13713822630856,-78.43566641540187,96.35537196837687,266.2987643698372,0.0982551350036729,0.27154916752391206,12.41445621833663,2.4076065426444994e-16,0.8899286734785251,0.9333066957401972,faltinsen_ch9_reduced_order_planing_plus_matched_bie_delta_from_high_frequency,heave_pitch_2x2_v1,FnB=2.26,2.028666666666666
81,3.9857929524940894,11.43768622050071,1.619976797392744,3.878564999999999,0.01,-0.5390758832340465,0.5103172294539471,-1.2448929963165187,-0.2741674615608349,0.7423115805119302,1.2747259977174044,0.786879169978854,2.044664327970479,-133.43020013604448,-77.57980712249999,-95.06440582161608,133.43020013604448,-77.57980712249999,97.10969540045265,267.48434929231615,0.09902433083718973,0.27275812769122604,12.466277974767,6.119109985161557e-16,0.8912461187154586,0.9341129804334833,faltinsen_ch9_reduced_order_planing_plus_matched_bie_delta_from_high_frequency,heave_pitch_2x2_v1,FnB=2.26,2.0413499999999996
82,3.9734680741453596,11.37934707123011,1.6099736950184245,3.9026633333333325,0.01,-0.5552339637806222,0.5126665115954373,-1.258175593567328,-0.29695285300798363,0.7557193306029534,1.292743911669314,0.8029596481416549,2.0746498673253013,-132.7173482847888,-76.72015375573362,-94.29661079257711,132.7173482847888,-76.72015375573362,97.85774831318966,268.6454564986858,0.09978713252047301,0.27394212753456665,12.517154501046928,6.128737182690414e-16,0.8925403409920066,0.9349048547018219,faltinsen_ch9_reduced_order_planing_plus_matched_bie_delta_from_high_frequency,heave_pitch_2x2_v1,FnB=2.26,2.054033333333333
83,3.9612568262931345,11.321686326859403,1.6000933696883193,3.926761666666666,0.01,-0.5716544273996613,0.5146939913725235,-1.2710378898555323,-0.3202859772056219,0.7692195324617115,1.3107709276006103,0.8191840254021765,2.1046940175946336,-131.99856263340803,-75.85661650951599,-93.52458662854573,131.99856263340803,-75.85661650951599,98.59900680579132,269.7809025998063,0.1005430058233865,0.2750999603328419,12.56703151601102,4.2980220765763566e-16,0.89381187572515,0.9356826568842693,faltinsen_ch9_reduced_order_planing_plus_matched_bie_delta_from_high_frequency,heave_pitch_2x2_v1,FnB=2.26,2.0667166666666663
84,3.9491574735541164,11.264691917453952,1.5903335747608338,3.950859999999999,0.01,-0.5883306081655686,0.5163851827420862,-1.2834545985254382,-0.34416190364419236,0.7828068481177497,1.3287976228139815,0.8355464815070738,2.1347818402391887,-131.27383243489274,-74.98911785567427,-92.74826889831269,131.27383243489274,-74.98911785567427,99.33293169155573,270.8894783211654,0.10129140092850844,0.2762303929692254,12.615853566281721,2.3763770178407517e-16,0.8950612432159298,0.9364467155416283,faltinsen_ch9_reduced_order_planing_plus_matched_bie_delta_from_high_frequency,heave_pitch_2x2_v1,FnB=2.26,2.0793999999999997
85,3.9371683174240495,11.208352060572578,1.5806921180757671,3.9749583333333325,0.01,-0.6052550356048285,0.5177255869004669,-1.295400096680138,-0.3685744352751042,0.7964756377042773,1.346814213177628,0.8520408229890796,2.164897776757602,-130.54315646258902,-74.11759262805076,-91.96760491355413,130.54315646258902,-74.11759262805076,100.05896911937197,271.9699505380397,0.10203175306488146,0.27733216800644434,12.663564116130486,4.421296904130743e-16,0.8962889491501042,0.9371973497901449,faltinsen_ch9_reduced_order_planing_plus_matched_bie_delta_from_high_frequency,heave_pitch_2x2_v1,FnB=2.26,2.092083333333333
86,3.9252876952761557,11.152655252714975,1.571166860312787,3.9990566666666663,0.01,-0.6224194121322331,0.5187007381281232,-1.306848489059564,-0.39351605497085945,0.8102199579951697,1.3648105578713456,0.8686604792565698,2.195025654332677,-129.80654323509324,-73.24198811143755,-91.18255385117145,129.80654323509324,-73.24198811143755,100.77655129417573,273.02106454307744,0.10276348324267282,0.27840400599906945,12.71010564742783,9.608692471891733e-16,0.8974954850799444,0.9379348696221439,faltinsen_ch9_reduced_order_planing_plus_matched_bie_delta_from_high_frequency,heave_pitch_2x2_v1,FnB=2.26,2.1047666666666665
87,3.9135139793926124,11.097590261073556,1.561755713408901,4.023154999999999,0.01,-0.6398145929643535,0.5192962526753606,-1.3177736776892521,-0.41897787473551945,0.8240335620669909,1.382776165953315,0.8853984999581523,2.225148694401262,-129.06401123554141,-72.36226413212883,-90.39308687515717,129.06401123554141,-72.36226413212883,101.48509729962954,274.04154654940794,0.1034859990920748,0.279444608045977,12.755419769874486,5.884846203100289e-16,0.8986813288879645,0.938659576214177,faltinsen_ch9_reduced_order_planing_plus_matched_bie_delta_from_high_frequency,heave_pitch_2x2_v1,FnB=2.26,2.11745
88,3.9018455760277946,11.043146115577109,1.55245663903246,4.047253333333333,0.01,-0.65743056885106,0.519497880596172,-1.3281494372841098,-0.44494958824034075,0.8379099001705034,1.4007002048380468,0.9022475537294281,2.255249524307406,-128.31558912294403,-71.47839314732293,-89.59918725536392,128.31558912294403,-71.47839314732293,102.18401402576185,275.0301064309267,0.10419869580923338,0.2804526585846612,12.799447341638801,1.2462034973416673e-15,0.899846945233333,0.9393717622232292,faltinsen_ch9_reduced_order_planing_plus_matched_bie_delta_from_high_frequency,heave_pitch_2x2_v1,FnB=2.26,2.130133333333333
89,3.8902809245020635,10.989312101214326,1.5432676471113613,4.071351666666667,0.01,-0.6752564519709326,0.5192915604010399,-1.3379494963362477,-0.4714194272813922,0.851842121893558,1.4185715107687504,0.919199928427183,2.2853101921877434,-127.56131593315129,-70.59036033056474,-88.80085048050024,127.56131593315129,-70.59036033056474,102.87269720368786,275.98544069978254,0.1049009572113697,0.28142682842742683,12.842128600450929,5.560476065459732e-16,0.9009927859816859,0.9400717120715124,faltinsen_ch9_reduced_order_planing_plus_matched_bie_delta_from_high_frequency,heave_pitch_2x2_v1,FnB=2.26,2.1428166666666666
90,3.878818496324921,10.936077750625694,1.5341867944132115,4.09545,0.01,-0.6932804653378171,0.5186634763612193,-1.347147623755797,-0.4983741227729868,0.8658230796936088,1.4363786013585118,0.9362475329530464,2.315312185224609,-126.80124126697339,-69.69816365038395,-87.9980843626336,126.80124126697339,-69.69816365038395,103.550532548842,276.90623571928,0.10559215690255287,0.28236577803763774,12.883403305121746,7.483249244492571e-16,0.902119290619025,0.9407597022203199,faltinsen_ch9_reduced_order_planing_plus_matched_bie_delta_from_high_frequency,heave_pitch_2x2_v1,FnB=2.26,2.1555
91,3.867456794346416,10.883432836952888,1.5252121831753205,4.119548333333333,0.01,-0.7114899360629853,0.5176001182568336,-1.3557177208690545,-0.5257988709019192,0.8798453338731751,1.454109690264155,0.953381900764038,2.345236451386157,-126.03542546293924,-68.80181393926563,-87.19090913045139,126.03542546293924,-68.80181393926563,104.21689701337017,277.79117114843245,0.1062716595507846,0.2832681610421831,12.92321088736382,4.585480695559874e-16,0.9032268866503592,0.9414360014334358,faltinsen_ch9_reduced_order_planing_plus_matched_bie_delta_from_high_frequency,heave_pitch_2x2_v1,FnB=2.26,2.1681833333333334
92,3.8561943519357427,10.831367366935275,1.5163419597825072,4.143646666666666,0.01,-0.7298712928101027,0.5160883433195512,-1.3636339185096946,-0.5536773050720546,0.8939011590654805,1.4717527040443843,0.9705941951612824,2.3750634247536992,-125.26393975214924,-67.90133495008257,-86.37935750851629,125.26393975214924,-67.90133495008257,104.87116014747619,278.6389236122615,0.10693882227618626,0.28413262797414157,12.961490613694998,6.572130666580084e-16,0.9043159899837117,0.9421008710305289,faltinsen_ch9_reduced_order_planing_plus_matched_bie_delta_from_high_frequency,heave_pitch_2x2_v1,FnB=2.26,2.1808666666666667
93,3.845029732185988,10.779871574243526,1.5075743134907693,4.167745,0.01,-0.7484100677680097,0.5141154400781119,-1.370870678866902,-0.5819914742659608,0.9079825522900908,1.4892953012399077,0.9878752164405503,2.4047730545146124,-124.48686639266613,-66.99676339712808,-85.5634747797542,124.48686639266613,-66.99676339712808,105.51268556858045,279.4481705896588,0.10759299614912377,0.284957830237297,12.998181757100893,3.506624546937011e-16,0.9053870053000911,0.9427545651309687,faltinsen_ch9_reduced_order_planing_plus_matched_bie_delta_from_high_frequency,heave_pitch_2x2_v1,FnB=2.26,2.19355
94,3.8339615271440683,10.728935913040988,1.4989074751949827,4.191843333333333,0.01,-0.7670909034488128,0.511669193772131,-1.3774029016797222,-0.6107218284391424,0.9220812426295952,1.5067248936975084,1.0052154109789257,2.434344837674297,-123.70429878090229,-66.08814897892044,-84.74331882843693,123.70429878090229,-66.08814897892044,106.1408325361423,280.21759450821406,0.1082335277960795,0.28574242428170077,13.033223778023341,2.7456867574966446e-16,0.9064403264100003,0.9433973308884716,faltinsen_ch9_reduced_order_planing_plus_matched_bie_delta_from_high_frequency,heave_pitch_2x2_v1,FnB=2.26,2.206233333333333
95,3.8229883570649044,10.678551051763662,1.4903397162388603,4.215941666666666,0.01,-0.7858975645958445,0.5087379529570891,-1.3832060342908126,-0.6398472115425692,0.9361887025683705,1.5240286701428283,1.022604882321051,2.463757855513208,-122.91634153749251,-65.17555437999803,-83.91896016096449,122.91634153749251,-65.17555437999803,106.75495762892902,280.9458870329031,0.1088597611099907,0.2864850759769168,13.066556514127699,2.7694303850308907e-16,0.9074763365970248,0.9440294087169568,faltinsen_ch9_reduced_order_planing_plus_matched_bie_delta_from_high_frequency,heave_pitch_2x2_v1,FnB=2.26,2.2189166666666664
96,3.8121088696889496,10.628707867110224,1.4818693472654945,4.24004,0.01,-0.8048129554572941,0.5053106968819021,-1.3882561849960104,-0.669344862739751,0.9502961610230666,1.5411936219877675,1.040033404315802,2.492990813784757,-122.12311056520102,-64.25905524900145,-83.09048190182236,122.12311056520102,-64.25905524900145,107.35441652039005,281.631753532948,0.10947103906062727,0.287184465166951,13.098120378184479,5.346781118128423e-16,0.9084954089490245,0.9446510325079871,faltinsen_ch9_reduced_order_planing_plus_matched_bie_delta_from_high_frequency,heave_pitch_2x2_v1,FnB=2.26,2.2316
97,3.8013217395422014,10.579397438233833,1.4734947171068764,4.2641383333333325,0.01,-0.8238191426468126,0.5013771031807488,-1.392530239049974,-0.6991904263453843,0.9643946180818558,1.5582065713382223,1.0574904363401267,2.5220220866172838,-121.32473307649497,-63.338740150436124,-82.25797976218058,121.32473307649497,-63.338740150436124,107.93856584662758,282.2739177085319,0.11006670559939183,0.2878392903881875,13.12785656328078,3.2529260989033954e-16,0.9094979066774279,0.94526242984015,faltinsen_ch9_reduced_order_planing_plus_matched_bie_delta_from_high_frequency,heave_pitch_2x2_v1,FnB=2.26,2.244283333333333
98,3.7906256672578817,10.530611041127816,1.4652142117108555,4.288236666666666,0.01,-0.8428973837720343,0.4969276153837166,-1.3960059766138495,-0.7293579709630821,0.9784748614556672,1.575054201146415,1.0749651406310787,2.5508297640484785,-120.52134758852739,-62.41471048763594,-81.42156197872337,120.52134758852739,-62.41471048763594,108.50676516025761,282.87112635641694,0.1106461076517033,0.28844827372896653,13.155707254457457,6.885827040002424e-16,0.9104841834251033,0.9458638221807063,faltinsen_ch9_reduced_order_planing_plus_matched_bie_delta_from_high_frequency,heave_pitch_2x2_v1,FnB=2.26,2.2569666666666666
99,3.7800193789189938,10.482340143197767,1.4570262531040812,4.312334999999999,0.01,-0.8620281619658859,0.49195350971719176,-1.3986621918599154,-0.7598200182398239,0.9925274846296936,1.5917230874295785,1.0924464017299182,2.579391703083908,-119.71310388341468,-61.487080394602245,-80.58134922044715,119.71310388341468,-61.487080394602245,109.05837896224092,283.4221542509101,0.11120859718888809,0.28901016580678435,13.181615845748366,3.5866372277993096e-16,0.9114545835632653,0.9464554250798435,faltinsen_ch9_reduced_order_planing_plus_matched_bie_delta_from_high_frequency,heave_pitch_2x2_v1,FnB=2.26,2.2696499999999995
100,3.7695016254210016,10.434576398012787,1.4489292983895186,4.336433333333332,0.01,-0.8811912264041143,0.48644696063560083,-1.4004788123819047,-0.7905475815847005,1.0065429066876388,1.6081997334535436,1.1099228480237469,2.6076855821332128,-118.90016293186022,-60.55597659457277,-79.73747446134054,118.90016293186022,-60.55597659457277,109.59277880255655,283.9258091140953,0.11175353337027075,0.2895237508365193,13.205527161482937,3.66323269583502e-16,0.9124094424778503,0.9470374483578126,faltinsen_ch9_reduced_order_planing_plus_matched_bie_delta_from_high_frequency,heave_pitch_2x2_v1,FnB=2.26,2.282333333333333
101,3.759071181853907,10.387311640229075,1.4409218387772105,4.360531666666666,0.01,-0.9003656388358336,0.48040110450201884,-1.4014370179997186,-0.8215102151192605,1.0205113937644295,1.6244706057559914,1.127382875350507,2.635688958638267,-118.08269677837757,-59.62153822338888,-78.89008281706911,118.08269677837757,-59.62153822338888,110.10934543939567,284.38093664684135,0.11228028474493906,0.28998785176063324,13.227387680601959,8.263107389855764e-16,0.9133490868457806,0.9476100962852739,faltinsen_ch9_reduced_order_planing_plus_matched_bie_delta_from_high_frequency,heave_pitch_2x2_v1,FnB=2.26,2.2950166666666663
102,3.7487268469030366,10.340537880679229,1.4330023986469982,4.384629999999999,0.01,-0.9195298260928664,0.4738101008170465,-1.4015193579950334,-0.8526760730372163,1.034423082065862,1.6405221718602216,1.1448146726126613,2.6633793296679213,-117.26088838659099,-58.683916615963824,-78.03933134401882,117.26088838659099,-58.683916615963824,110.60747104540465,284.7864255898509,0.11278823150148591,0.2904013354100034,13.247145762633748,4.105385524565258e-16,0.9142738349015135,0.9481735677571048,faltinsen_ch9_reduced_order_planing_plus_matched_bie_delta_from_high_frequency,heave_pitch_2x2_v1,FnB=2.26,2.3076999999999996
103,3.738467442267859,10.294247301620976,1.425169534641982,4.4087283333333325,0.01,-0.9386616384786208,0.4666691903841872,-1.4007098657714763,-0.8840119794526946,1.0482680023759199,1.6563409395065434,1.1622062493236176,2.6907341952142354,-116.43493144335079,-57.74327505442602,-77.1853887993193,116.43493144335079,-57.74327505442602,111.08656144841514,285.1412127819845,0.11327676775291783,0.2907631176619789,13.264751873882886,3.504779901967663e-16,0.9151839966942571,0.9487280564599437,faltinsen_ch9_reduced_order_planing_plus_matched_bie_delta_from_high_frequency,heave_pitch_2x2_v1,FnB=2.26,2.320383333333333
104,3.7282918120982127,10.248432252139352,1.4174218347915521,4.432826666666666,0.01,-0.9577384138692305,0.4589747497962105,-1.3989941699008956,-0.915483508710085,1.0620361059546157,1.6719134972051706,1.1795454649892876,2.717731123886058,-115.60503012068159,-56.79978847680076,-76.32843536075472,115.60503012068159,-56.79978847680076,111.54603839308724,285.44428818132576,0.11374530384288951,0.29107216856044194,13.280158812301528,4.413098758880483e-16,0.9160798743362222,0.9492737510337298,faltinsen_ch9_reduced_order_planing_plus_matched_bie_delta_from_high_frequency,heave_pitch_2x2_v1,FnB=2.26,2.3330666666666664
105,3.718198822447313,10.203085243696515,1.40975791766287,4.456924999999999,0.01,-0.9767370472895102,0.4507243416315343,-1.3963596004973073,-0.947055076015737,1.0757172917114473,1.6872265558922943,1.196820060205385,2.7443478206581133,-114.77139879489091,-55.85364314541303,-75.46866230578557,114.77139879489091,-55.85364314541303,111.98534180898709,285.6946998129929,0.11419326865849919,0.29132751736117113,13.29332192944396,5.528797288282912e-16,0.9169617622422529,0.9498108352274772,faltinsen_ch9_reduced_order_planing_plus_matched_bie_delta_from_high_frequency,heave_pitch_2x2_v1,FnB=2.26,2.34575
106,3.708187360740968,10.158198945823711,1.4021764315397272,4.481023333333333,0.01,-0.9956340656549852,0.4419167597628045,-1.392795289853361,-0.9786900381339191,1.0893014345221124,1.7022669914500133,1.2140176893294072,2.770562196297838,-113.9342617224966,-54.905036274533174,-74.6062716492414,113.9342617224966,-54.905036274533174,112.40393206983258,285.8915586065783,0.11462011193407799,0.29152825746465755,13.30419934785118,3.640170143201765e-16,0.9178299473611771,0.9503394880495062,faltinsen_ch9_reduced_order_planing_plus_matched_bie_delta_from_high_frequency,heave_pitch_2x2_v1,FnB=2.26,2.358433333333333
107,3.6982563352624274,10.113766181950126,1.394676053627761,4.505121666666666,0.01,-1.014405707300116,0.4325520692020867,-1.3882922662818866,-1.0103508037682942,1.1027784145394104,1.7170218878317582,1.2311259545652395,2.796352438059191,-113.09385267298191,-53.954175617145225,-73.74147573960013,113.09385267298191,-53.954175617145225,112.80129222800389,286.03404308539194,0.11502530652975676,0.2916735511978015,13.312752172176243,1.1728932910773527e-15,0.9186847093991924,0.9508598839123713,faltinsen_ch9_reduced_order_planing_plus_matched_bie_delta_from_high_frequency,heave_pitch_2x2_v1,FnB=2.26,2.3711166666666665
108,3.6884046746523262,10.069779925363507,1.3872554892850395,4.52922,0.01,-1.0330280058429504,0.42263163993848607,-1.3828435401277592,-1.0419989531274987,1.1161381473334548,1.731478580517783,1.2481324412781012,2.821697081202685,-112.25041451875182,-53.00127901109087,-72.87449681413972,112.25041451875182,-53.00127901109087,113.17693020793341,286.1214038693699,0.11540835066810116,0.29176263440560224,13.318944692343312,6.756629915103331e-16,0.9195263210355992,0.9513721927726886,faltinsen_ch9_reduced_order_planing_plus_matched_bie_delta_from_high_frequency,heave_pitch_2x2_v1,FnB=2.26,2.3838
109,3.6786313274232056,10.026233295297791,1.379913471277084,4.553318333333333,0.01,-1.0514768778691674,0.4121581742647238,-1.3764441809537211,-1.073595366051227,1.1293706146817892,1.7456247000108667,1.2650247543386353,2.846575080875008,-111.40419878304527,-52.04657388522949,-72.00556651363354,111.40419878304527,-52.04657388522949,113.53038094169067,286.15296795367794,0.11576877011180238,0.291794820814119,13.322744577036673,6.774663114022804e-16,0.9203550481311676,0.9518765802660518,faltinsen_ch9_reduced_order_planing_plus_matched_bie_delta_from_high_frequency,heave_pitch_2x2_v1,FnB=2.26,2.3964833333333333
110,3.668935261488108,9.983119553143029,1.3726487590554177,4.577416666666666,0.01,-1.0697282138552342,0.4011357271388486,-1.3690913849579787,-1.1051003579540268,1.1424658958170797,1.7594482150709279,1.2817905552777278,2.870965883860367,-110.5554651469388,-51.090296726641924,-71.13492535764627,110.5554651469388,-51.090296726641924,113.86120842997302,286.12814272567624,0.11610612026530263,0.2917695061266347,13.32412305583989,7.323928999079786e-16,0.9211711499294281,0.952373207837262,faltinsen_ch9_reduced_order_planing_plus_matched_bie_delta_from_high_frequency,heave_pitch_2x2_v1,FnB=2.26,2.4091666666666667
111,3.65931546370277,9.940432098773197,1.3654601380587885,4.601515,0.01,-1.0877579716922414,0.38956971918567335,-1.360784531751268,-1.1364738227294158,1.1554141989288618,1.7729374753788496,1.2984176000182275,2.894849499699339,-109.70448091696899,-50.132692510304565,-70.26282218188311,109.70448091696899,-50.132692510304565,114.16900771180521,286.04641968402717,0.1164199881833299,0.29168617181609136,13.323055088391907,5.99568819539587e-16,0.9219748792511476,0.9528622328660205,faltinsen_ch9_reduced_order_planing_plus_matched_bie_delta_from_high_frequency,heave_pitch_2x2_v1,FnB=2.26,2.42185
112,3.6497709394209488,9.898164466987621,1.358346419036233,4.625613333333333,0.01,-1.1055422721205643,0.3774669420088558,-1.351525229706222,-1.1676753816499665,1.1682058927068537,1.7860812533151595,1.3148937769368219,2.9182065706606144,-108.85152045528096,-49.17401409304503,-69.3895135394292,108.85152045528096,-49.17401409304503,114.45340672656623,285.9073778253659,0.11670999446963666,0.2915443885785319,13.319519518995467,3.6436049207467394e-16,0.922766482682255,0.9533438087882857,faltinsen_ch9_reduced_order_planing_plus_matched_bie_delta_from_high_frequency,heave_pitch_2x2_v1,FnB=2.26,2.4345333333333334
113,3.640300712062441,9.856310324061916,1.3513064373911903,4.649711666666666,0.01,-1.1230574953416705,0.36483555555821606,-1.3413173491914645,-1.1986645372012075,1.180831537706619,1.7988687845381615,1.3312071449989002,2.941018440046443,-107.99686457458866,-48.214521573975276,-68.51526306809832,107.99686457458866,-48.214521573975276,114.7140680524859,285.71068666606504,0.11697579504977326,0.2913438194144433,13.313499215204079,3.3100183169984923e-16,0.9235462007554611,0.9538180852134583,faltinsen_ch9_reduced_order_planing_plus_matched_bie_delta_from_high_frequency,heave_pitch_2x2_v1,FnB=2.26,2.4472166666666664
114,3.6309038226933694,9.814863464404542,1.3443390525459074,4.67381,0.01,-1.1402803780384385,0.3516850773766987,-1.3301670431156352,-1.2294008307010618,1.193281917314152,1.8112898070489583,1.3473459717016627,2.9632672183143294,-107.14079990059295,-47.25448162396313,-67.64034082647349,107.14079990059295,-47.25448162396313,114.9506905064946,285.4561088692128,0.11721708280248057,0.29108422230752895,13.304981189026485,5.168198207133124e-16,0.9243142681258089,0.9542852080375488,faltinsen_ch9_reduced_order_planing_plus_matched_bie_delta_from_high_frequency,heave_pitch_2x2_v1,FnB=2.26,2.4598999999999998
115,3.621579329618322,9.77381780731519,1.3374431473254063,4.6979083333333325,0.01,-1.1571881100102754,0.33802636363628863,-1.3180827543312037,-1.2598440024840563,1.205548068084523,1.8233345984378124,1.363298770556403,2.9849358465060924,-106.28361820484477,-46.294166787049335,-66.76502260156714,106.28361820484477,-46.294166787049335,115.16301059127078,285.1435024499942,0.1174335890352677,0.2907654524735707,13.293956699520907,4.661978256948357e-16,0.9250709137403856,0.9547453195524915,faltinsen_ch9_reduced_order_planing_plus_matched_bie_delta_from_high_frequency,heave_pitch_2x2_v1,FnB=2.26,2.472583333333333
116,3.6123263079839596,9.733167393841406,1.3306176273603143,4.722006666666666,0.01,-1.1737584296146402,0.32387158196079624,-1.3050752095824139,-1.2899541533720884,1.217621309230918,1.8349940110170613,1.3790543378395876,3.0060081564901218,-105.42561571135833,-45.33385475703932,-65.88958919134916,105.42561571135833,-45.33385475703932,115.35080377648501,284.77282253611276,0.1176250847909174,0.29038746415556055,13.280421335703346,3.394905292741447e-16,0.9258163610024107,0.9551985585517511,faltinsen_ch9_reduced_order_planing_plus_matched_bie_delta_from_high_frequency,heave_pitch_2x2_v1,FnB=2.26,2.4852666666666665
117,3.6031438493937036,9.692906383729985,1.3238614205078876,4.746104999999999,0.01,-1.1899697172032082,0.3092341761242479,-1.2911573998241153,-1.3196919061131265,1.22949327104459,1.8462595045607937,1.3946017883446538,3.026468927544402,-104.56709238056482,-44.37382763278842,-65.01432566567938,104.56709238056482,-44.37382763278842,115.5138856025948,284.34412266376114,0.11779138197304359,0.28995031194522203,13.264375078864669,2.9115877924873296e-16,0.9265508279299101,0.9556450604323522,faltinsen_ch9_reduced_order_planing_plus_matched_bie_delta_from_high_frequency,heave_pitch_2x2_v1,FnB=2.26,2.4979499999999994
118,3.5940310615331406,9.653029052469815,1.3171734762905818,4.770203333333332,0.01,-1.2058010857489057,0.2941288228051678,-1.2763445468861525,-1.3490185654464684,1.241155922033164,1.857123176390103,1.4099305898719774,3.0463039388356608,-103.70835117444933,-43.414371155956644,-64.13952060943672,103.70835117444933,-43.414371155956644,115.65211259706953,283.8575555938123,0.1179323342803807,0.28945415161529403,13.24582234357485,4.508036838689885e-16,0.9272745273091776,0.956084957293496,faltinsen_ch9_reduced_order_planing_plus_matched_bie_delta_from_high_frequency,heave_pitch_2x2_v1,FnB=2.26,2.510633333333333
119,3.584987067805805,9.613529788422975,1.3105527653515587,4.794301666666666,0.01,-1.2212268850964432,0.2787985243373042,-1.260902205533727,-1.3777035528431296,1.252646686841513,1.8676031300670919,1.4250499327023305,3.0655552108325956,-102.85988341107658,-42.46538178320469,-63.27558990892449,102.85988341107658,-42.46538178320469,115.76955041989277,283.31847461338594,0.11805208753233037,0.2889044419994452,13.22507761235825,8.241249104322707e-16,0.9279876668432164,0.9565183780318569,faltinsen_ch9_reduced_order_planing_plus_matched_bie_delta_from_high_frequency,heave_pitch_2x2_v1,FnB=2.26,2.523316666666666
120,3.576011006978984,9.574403090041017,1.3039982789265292,4.818399999999999,0.01,-1.2362492789508768,0.2633391156989198,-1.244952799585986,-1.4056739113448289,1.2639856682588027,1.8777184608541435,1.4399700453591928,3.084258190370089,-102.02510555275295,-41.53011092910717,-62.425948041407196,102.02510555275295,-41.53011092910717,115.86854810749014,282.73146403559184,0.11815303707942075,0.28830585779607903,13.202352441707852,3.78063224762809e-16,0.9286904492953425,0.9569454484337165,faltinsen_ch9_reduced_order_planing_plus_matched_bie_delta_from_high_frequency,heave_pitch_2x2_v1,FnB=2.26,2.5359999999999996
121,3.5671020328392316,9.535643563163509,1.2975090283313648,4.8424983333333325,0.01,-1.2508671171455188,0.24746641806891395,-1.228194119083241,-1.4331627237933684,1.2751110433322266,1.887436406086702,1.4546614820198986,3.102340085712114,-101.19065803431866,-40.59596881137185,-61.57731647601105,101.19065803431866,-40.59596881137185,115.94393216215008,282.09112478685205,0.11822990742215751,0.28765289348233297,13.177293757780852,9.485414368244597e-16,0.9293830726281302,0.9573662912640418,faltinsen_ch9_reduced_order_planing_plus_matched_bie_delta_from_high_frequency,heave_pitch_2x2_v1,FnB=2.26,2.548683333333333
122,3.5582593138572807,9.497245918395997,1.2910840444649383,4.866596666666666,0.01,-1.2650635690396579,0.2311973174195272,-1.210646898700903,-1.4601372559285914,1.2860163425452038,1.896751623034706,1.4691155321501734,3.119790795753645,-100.35682337952831,-39.6632224952298,-60.72996455631815,100.35682337952831,-39.6632224952298,115.99569058401664,281.3978919699324,0.11828268632409299,0.2869459927395516,13.149919224144762,2.606489715819768e-16,0.9300657301378663,0.9577810263526015,faltinsen_ch9_reduced_order_planing_plus_matched_bie_delta_from_high_frequency,heave_pitch_2x2_v1,FnB=2.26,2.5613666666666663
123,3.5494820328620404,9.459204968564656,1.2847223773266554,4.890694999999999,0.01,-1.2788227583730594,0.21454958969422822,-1.1923336239683575,-1.4865659636464092,1.296695482282113,1.9056594226454773,1.4833239120586608,3.1366012617756343,-99.52388414536924,-38.732139595816875,-59.884162074397366,99.52388414536924,-38.732139595816875,116.02384935516119,280.65228672115404,0.11831140027956662,0.2861856869788909,13.120250379921215,2.1502025576287858e-16,0.9307386105846811,0.9581897706772837,faltinsen_ch9_reduced_order_planing_plus_matched_bie_delta_from_high_frequency,heave_pitch_2x2_v1,FnB=2.26,2.5740499999999997
124,3.5407693867234022,9.421515626245057,1.278423095548186,4.914793333333333,0.01,-1.2921298209102239,0.19754183290522545,-1.173278444548441,-1.512418608720327,1.3071427809665794,1.9141557816555943,1.497278786906464,3.1527634910306532,-98.69212225860069,-37.80298759438642,-59.04017859096683,98.69212225860069,-37.80298759438642,116.02847234743815,279.85491475274085,0.11831611441974392,0.2853725938549259,13.088312577878595,5.874168488115401e-16,0.9314018983185051,0.958592638444656,faltinsen_ch9_reduced_order_planing_plus_matched_bie_delta_from_high_frequency,heave_pitch_2x2_v1,FnB=2.26,2.586733333333333
125,3.5321205860435625,9.384172901362506,1.2721852859389007,4.938891666666666,0.01,-1.3049709562552512,0.18019339485387526,-1.1535070784857329,-1.5376663668680963,1.3173529732834361,1.9222373516072415,1.5109727905621768,3.168270575348719,-97.86181835775598,-36.876033160855854,-58.1982827617138,97.86181835775598,-36.876033160855854,116.00966105392692,279.0064644992109,0.11829693223876342,0.2845074153754961,13.054134904687825,6.246355819846322e-16,0.9320557734010086,0.9589897411679101,faltinsen_ch9_reduced_order_planing_plus_matched_bie_delta_from_high_frequency,heave_pitch_2x2_v1,FnB=2.26,2.5994166666666665
126,3.5235348548566066,9.34717189886155,1.2660080530445532,4.96299,0.01,-1.31733347346159,0.16252429705925067,-1.1330467082152713,-1.562281927357774,1.3273212224013378,1.9299014647246069,1.5243990431841985,3.183116704665514,-97.03325114418226,-35.95154148621944,-57.35874167331443,97.03325114418226,-35.95154148621944,115.96755414655819,278.1077048819285,0.11825399514264115,0.2835909356221834,13.017750083947034,1.5883231315692738e-16,0.9327004117236665,0.959381187742284,faltinsen_ch9_reduced_order_planing_plus_matched_bie_delta_from_high_frequency,heave_pitch_2x2_v1,FnB=2.26,2.6121
127,3.5150114303360778,9.310507816442351,1.2598905187187552,4.987088333333333,0.01,-1.329205830127998,0.14455515551539042,-1.1119258692032516,-1.5862395834409406,1.337043130131687,1.9371461366345843,1.5375511664335435,3.197297175421758,-96.20669674560446,-35.02977562827584,-56.521820192610946,96.20669674560446,-35.02977562827584,115.90232686408264,277.15948270931426,0.11818748182517236,0.2826240180992636,12.979194362734782,9.44375003763912e-16,0.933335985122082,0.9597670845180433,faltinsen_ch9_reduced_order_planing_plus_matched_bie_delta_from_high_frequency,heave_pitch_2x2_v1,FnB=2.26,2.6247833333333332
128,3.5065495625102994,9.274175942361666,1.2538318217068187,5.011186666666666,0.01,-1.340577664742593,0.12630709892434944,-1.09017433215881,-1.6095153130030087,1.3465147449788248,1.9439700659447101,1.5504232962427278,3.210808393829358,-95.38242809557485,-34.11099587399488,-55.68778033227824,95.38242809557485,-34.11099587399488,115.8141902360366,276.1627197333544,0.11809760747659659,0.28160760273218116,12.938507382593649,6.752054855764107e-16,0.9339626614867119,0.9601475353711028,faltinsen_ch9_reduced_order_planing_plus_matched_bie_delta_from_high_frequency,heave_pitch_2x2_v1,FnB=2.26,2.6374666666666666
129,3.4981485139851887,9.23817165329629,1.2478311172415437,5.035285,0.01,-1.3514398221096537,0.10780168506990456,-1.067822979810275,-1.6320868489293956,1.3557325680559877,1.9503726307193654,1.5630100930892479,3.22364787404621,-94.56071433201333,-33.19545912169366,-54.85688063615851,94.56071433201333,-33.19545912169366,115.70339014977273,275.1184093859216,0.11798462283223399,0.28054270253952335,12.895732035977261,6.969615477197255e-16,0.9345806048701103,0.9605226417714033,faltinsen_ch9_reduced_order_planing_plus_matched_bie_delta_from_high_frequency,heave_pitch_2x2_v1,FnB=2.26,2.65015
130,3.4898075596743516,9.202490412266947,1.2418875766505642,5.059383333333333,0.01,-1.3617843717675937,0.08906081600537664,-1.0449036792794413,-1.6539337388000974,1.364693556861028,1.9563538819224355,1.5753067497452744,3.235814231346457,-93.74182021785455,-32.283418286005144,-54.02937558725401,93.74182021785455,-32.283418286005144,115.57020626892917,274.0276132209575,0.11784881306963049,0.2794304000050553,12.850914309309815,6.565636357782752e-16,0.9351899755908235,0.9608925028491004,faltinsen_ch9_reduced_order_planing_plus_matched_bie_delta_from_high_frequency,heave_pitch_2x2_v1,FnB=2.26,2.6628333333333334
131,3.4815259865362163,9.167127766620554,1.2360003869748564,5.083481666666666,0.01,-1.37160461938015,0.07010665272860178,-1.0214491511132489,-1.675037393641898,1.3733951269251596,1.9619145339205324,1.5873089964982698,3.247307170416282,-92.92600558660097,-31.375121728407095,-53.205515041152594,92.92600558660097,-31.375121728407095,115.41495081289652,272.8914570907638,0.1176904965639607,0.2782718431786225,12.804103113908416,3.783031287166745e-16,0.935790930334046,0.9612572154586445,faltinsen_ch9_reduced_order_planing_plus_matched_bie_delta_from_high_frequency,heave_pitch_2x2_v1,FnB=2.26,2.6755166666666663
132,3.4733030933179965,9.132079346069023,1.2301687505980496,5.10758,0.01,-1.3808951111549368,0.05096153000781401,-0.9974928360435357,-1.6953811255850137,1.3818351513665958,1.9670559521650837,1.5990131038597708,3.258127468945905,-92.11352481533977,-30.470812715838946,-52.38554368742061,92.11352481533977,-30.470812715838946,115.23796720789129,271.71112708646814,0.1175100235125056,0.27706824153657794,12.755350106102444,6.6042451788927265e-16,0.9363836222491575,0.9616168742408501,faltinsen_ch9_reduced_order_planing_plus_matched_bie_delta_from_high_frequency,heave_pitch_2x2_v1,FnB=2.26,2.6881999999999997
133,3.465138190306281,9.097340860782724,1.2243918848861832,5.1316783333333325,0.01,-1.3896516314131016,0.03164787200457979,-0.9730687605426472,-1.7149501743875049,1.3900119583987445,1.9717801381938447,1.6104158828013933,3.268276956726209,-91.30462632752253,-29.57072890967777,-51.5697005412396,91.30462632752253,-29.57072890967777,115.03962862114301,270.48786527415405,0.11730777443993924,0.27582086163384445,12.704709497951002,5.33781395324863e-16,0.9369682010442442,0.9619715716829946,faltinsen_ch9_reduced_order_planing_plus_matched_bie_delta_from_high_frequency,heave_pitch_2x2_v1,FnB=2.26,2.700883333333333
134,3.457030599084034,9.062908099536813,1.2186690218375609,5.155776666666666,0.01,-1.3978711934998025,0.012188109314212322,-0.9482114022257505,-1.7337317229045293,1.397924326859368,1.9760897121123908,1.6215146825778495,3.277758490492646,-90.4995521275228,-28.67510188706126,-50.75821846728138,90.4995521275228,-28.67510188706126,114.82033639044404,269.22296525916386,0.11708415859691541,0.27453102258076295,12.652237860008015,2.440475719490798e-16,0.9375448130777142,0.9623213981770389,faltinsen_ch9_reduced_order_planing_plus_matched_bie_delta_from_high_frequency,heave_pitch_2x2_v1,FnB=2.26,2.7135666666666665
135,3.448979652293829,9.028776927908801,1.2129994077423853,5.179874999999998,0.01,-1.4055520242865873,-0.007395401988550304,-0.9229555561210667,-1.7517149016884543,1.4055714798425214,1.9799878927337256,1.632307386216162,3.2865759247895,-89.69853736870294,-27.784156696263494,-49.951323737531794,89.69853736870294,-27.784156696263494,114.58051836189273,267.9177676117114,0.11683961226503721,0.273200091378515,12.597993917614927,2.0975654351091937e-16,0.9381136014471052,0.9626664420760396,faltinsen_ch9_reduced_order_planing_plus_matched_bie_delta_from_high_frequency,heave_pitch_2x2_v1,FnB=2.26,2.7262499999999994
136,3.440984693407112,8.994943286525595,1.2073823028518442,5.203973333333332,0.01,-1.412693542572802,-0.02708045875023549,-0.8973362027870105,-1.768890783008773,1.4129530765290885,1.9834784755690194,1.6427924037680786,3.2947340791538116,-88.90180995641363,-26.898111447522865,-49.14923562446853,88.90180995641363,-26.898111447522865,114.32062714906836,266.5736551871386,0.11657459698170973,0.27182947814711306,12.542038342213461,5.704405980077957e-16,0.9386747060751801,0.9630067897487942,faltinsen_ch9_reduced_order_planing_plus_matched_bie_delta_from_high_frequency,heave_pitch_2x2_v1,FnB=2.26,2.7389333333333328
137,3.4330450764993286,8.961403189358549,1.2018169810563526,5.228071666666666,0.01,-1.419296331743044,-0.04684508608189135,-0.8713883792025724,-1.7852523646758442,1.420069202324056,1.9865658088746971,1.652968663438737,3.30223870194013,-88.10959018705412,-26.01717694042685,-48.35216603070148,88.10959018705412,-26.01717694042685,114.04113832712696,265.19204837399855,0.11628959769862998,0.2704206312797933,12.484433539165893,5.113495004958833e-16,0.9392282637934073,0.9633425256327912,faltinsen_ch9_reduced_order_planing_plus_matched_bie_delta_from_high_frequency,heave_pitch_2x2_v1,FnB=2.26,2.751616666666666
138,3.425160166030726,8.928152722064919,1.1963027295726505,5.252169999999999,0.01,-1.4253621070811322,-0.06666760919058616,-0.8451470532946299,-1.8007945441390647,1.426920357419416,1.9892547679705628,1.6628356007188705,3.3090964311248783,-87.32209042401122,-25.141556328649983,-47.560319155877465,87.32209042401122,-25.141556328649983,113.74254857539363,263.7744003026035,0.11598512088775842,0.26897503255709493,12.425243433548516,2.966914669680336e-16,0.939774408422913,0.9636737322855545,faltinsen_ch9_reduced_order_planing_plus_matched_bie_delta_from_high_frequency,heave_pitch_2x2_v1,FnB=2.26,2.7642999999999995
139,3.417329336632673,8.895188040374256,1.1908388486394748,5.2762683333333324,0.01,-1.4308936781773194,-0.0865267212976768,-0.8186470028951404,-1.8155140834065755,1.4335074439103355,1.9915507280500826,1.6723931456598142,3.3153147524416333,-86.53951481099784,-24.271444822544396,-46.77389120135237,86.53951481099784,-24.271444822544396,113.42537378194793,262.32219204577734,0.11566169260853393,0.2674941922529889,12.364533255346826,6.178374762560063e-16,0.9403132708529911,0.9640004904343762,faltinsen_ch9_reduced_order_planing_plus_matched_bie_delta_from_high_frequency,heave_pitch_2x2_v1,FnB=2.26,2.776983333333333
140,3.409551972899324,8.862505368518388,1.1854246512215358,5.300366666666665,0.01,-1.4358949068947853,-0.10640154729785527,-0.7919226998439366,-1.8294095653999405,1.4398317515993881,1.9934595357079383,1.6816417084407285,3.3209019552073644,-85.76205902301864,-23.40702942979152,-45.993070112843554,85.76205902301864,-23.40702942979152,113.09014712349045,260.83692784237354,0.11531985654988244,0.2659796442642223,12.302369325428982,4.071383299607979e-16,0.9408449791172556,0.9643228790245548,faltinsen_ch9_reduced_order_planing_plus_matched_bie_delta_from_high_frequency,heave_pitch_2x2_v1,FnB=2.26,2.7896666666666663
141,3.40182746918448,8.830100997703514,1.1800594627215293,5.324464999999999,0.01,-1.4403706613833154,-0.12627170287009853,-0.7650081998702201,-1.8424813424124724,1.4458949426287941,1.9949874794110214,1.6905821633852691,3.32586708620343,-84.98991005490677,-22.54848873403901,-45.218035360990314,84.98991005490677,-22.54848873403901,112.73741713341283,259.32013037261555,0.11496017206019674,0.26443294129250616,12.23881884360977,4.3548124424292215e-16,0.9413696584675151,0.9646409752661534,faltinsen_ch9_reduced_order_planing_plus_matched_bie_delta_from_high_frequency,heave_pitch_2x2_v1,FnB=2.26,2.8023499999999997
142,3.394155229403486,8.797971284623191,1.1747426206999363,5.348563333333333,0.01,-1.4443267666428514,-0.14611734880922203,-0.7379370388000064,-1.8547314773839725,1.4516990350840735,1.9961412591377032,1.6992158315907193,3.3302199019750667,-84.22324604710907,-21.695992711182782,-44.44895775948626,84.22324604710907,-21.695992711182782,112.36774577052063,257.77333611259894,0.11458321217798191,0.262855650107426,12.173949680041316,3.447556091782391e-16,0.9418874314454442,0.964954854679345,faltinsen_ch9_reduced_order_planing_plus_matched_bie_delta_from_high_frequency,heave_pitch_2x2_v1,FnB=2.26,2.815033333333333
143,3.386534666840022,8.766112650010891,1.1694734746023627,5.372661666666666,0.01,-1.4477699521472938,-0.1659192404041202,-0.7107421355486536,-1.8661636787375409,1.4572463857141171,1.9969279554063768,1.7075444623362321,3.3339708199087883,-83.46223614814276,-20.84970258270033,-43.68599932019225,83.46223614814276,-20.84970258270033,111.98170650025794,256.19809079333885,0.11418956167524888,0.2612493469159589,12.107830171081208,6.620216893146792e-16,0.9423984179521276,0.9652645911383777,faltinsen_ch9_reduced_order_planing_plus_matched_bie_delta_from_high_frequency,heave_pitch_2x2_v1,FnB=2.26,2.8277166666666664
144,3.378965203957645,8.734521577230886,1.164251385494183,5.39676,0.01,-1.450707797040113,-0.18565877174492726,-0.6834557022691493,-1.8767832295461253,1.462539671912804,1.997354997908434,1.7155702134385937,3.337130868439509,-82.70704041291322,-20.0097707052077,-42.92931314440682,82.70704041291322,-20.0097707052077,111.57988239960375,254.59594498765,0.11377981512504655,0.25961561286234347,12.040528920694982,9.426113424152658e-16,0.9429027353155499,0.9655702569142384,faltinsen_ch9_reduced_order_planing_plus_matched_bie_delta_from_high_frequency,heave_pitch_2x2_v1,FnB=2.26,2.8404
145,3.371446272215943,8.703194610906358,1.1590757258022646,5.4208583333333324,0.01,-1.4531486734080181,-0.2053180148954687,-0.6561091619391295,-1.8865969118076271,1.4675818731055854,1.9974301339527605,1.7232956307235416,3.3397116367277597,-81.95780973586952,-19.176340495202368,-42.17904334925802,81.95780973586952,-19.176340495202368,111.16286429603124,252.9684498458878,0.11335457500372834,0.2579560296797457,11.972114608351236,6.453983462792416e-16,0.943400498356094,0.9658719227160236,faltinsen_ch9_reduced_order_planing_plus_matched_bie_delta_from_high_frequency,heave_pitch_2x2_v1,FnB=2.26,2.853083333333333
146,3.3639773118911687,8.672128355583483,1.1539458790635468,5.444956666666666,0.01,-1.455101688128094,-0.22487975391902695,-0.6287330735839427,-1.8956129266087656,1.472376251681584,1.9971613969192776,1.73072362677877,3.3417252241334525,-81.2146858177798,-18.349546387757954,-41.43532502798678,81.2146858177798,-18.349546387757954,110.73124895009116,251.3171529992484,0.11291444983770316,0.2562721755127882,11.902655804262409,5.234640654284796e-16,0.9438918194501204,0.966169657731068,faltinsen_ch9_reduced_order_planing_plus_matched_bie_delta_from_high_frequency,heave_pitch_2x2_v1,FnB=2.26,2.8657666666666666
147,3.3565577719012274,8.641319474430475,1.1488612396802713,5.469055,0.01,-1.4565766237676947,-0.2443275137937244,-0.6013570652508216,-1.9038408109497598,1.4769263336074414,1.9965570749079324,1.737857459151094,3.343184189795942,-80.47780116474033,-17.529513827772007,-40.69828424272433,80.47780116474033,-17.529513827772007,110.28563729029801,249.64359464694454,0.11246005240352008,0.2545656209275793,11.832220792718774,1.6354914075832898e-16,0.9443768085916875,0.9664635296639097,faltinsen_ch9_reduced_order_planing_plus_matched_bie_delta_from_high_frequency,heave_pitch_2x2_v1,FnB=2.26,2.87845
148,3.34918710963489,8.610764687970484,1.143821212681651,5.493153333333333,0.01,-1.4575838789956144,-0.2636455842985141,-0.5740097747709205,-1.9112913519850991,1.481235888853631,1.9956256797570007,1.7447007081450452,3.3441015026110463,-79.74727911788452,-16.716359292218158,-39.96803804821914,79.74727911788452,-16.716359292218158,109.82663270807011,247.94930384113914,0.11199199798919113,0.2528379251234001,11.760877404154751,1.670788406534259e-16,0.944855573452475,0.9667536047740724,faltinsen_ch9_reduced_order_planing_plus_matched_bie_delta_from_high_frequency,heave_pitch_2x2_v1,FnB=2.26,2.8911333333333333
149,3.3418647907851144,8.580460772847337,1.1388252134917876,5.517251666666666,0.01,-1.4581344089385726,-0.282819038991366,-0.5467187982729454,-1.9179764994114985,1.4853089117576317,1.9943759165914032,1.7512572543739042,3.3444904918753746,-79.02323391213378,-15.910190341732829,-39.24469454484458,79.02323391213378,-15.910190341732829,109.35483941954504,246.23579498114975,0.11151090272370796,0.2510906323577876,11.688692856479598,6.201086368312307e-16,0.9453282194399691,0.9670399479127546,faltinsen_ch9_reduced_order_planing_plus_matched_bie_delta_from_high_frequency,heave_pitch_2x2_v1,FnB=2.26,2.9038166666666663
150,3.3345902891863552,8.550404560623118,1.133872667703644,5.541349999999999,0.01,-1.4582396658891064,-0.30183374943749464,-0.5195106463445743,-1.9239092767029338,1.489149601440993,1.9928166540474723,1.7575312562065633,3.3443647988460383,-78.30577076223162,-15.11110569976492,-38.52835295911902,78.30577076223162,-15.11110569976492,108.87086090013881,244.50456452606127,0.11101738198073634,0.2493252685943327,11.615733606098964,4.061311112031309e-16,0.9457948497539679,0.9673226225584283,faltinsen_ch9_reduced_order_planing_plus_matched_bie_delta_from_high_frequency,heave_pitch_2x2_v1,FnB=2.26,2.9164999999999996
151,3.327363086655757,8.520592936606647,1.1289630108588893,5.565448333333332,0.01,-1.457911540740569,-0.3206763948772439,-0.4924107076766402,-1.9291036918559739,1.4927623423894394,1.9909568953061132,1.7635271272452395,3.3437383294410417,-77.59498597422329,-14.319195357439469,-37.81910374989113,77.59498597422329,-14.319195357439469,108.3752983967831,242.75708793261796,0.1105120488615206,0.24754333838019918,11.542065208951138,4.723366844334685e-16,0.9462555654414588,0.9676016908514123,faltinsen_ch9_reduced_order_planing_plus_matched_bie_delta_from_high_frequency,heave_pitch_2x2_v1,FnB=2.26,2.929183333333333
152,3.3201826728381145,8.49102283871193,1.124095688233438,5.589546666666666,0.01,-1.4571623054924943,-0.3393344675504071,-0.46544321997033133,-1.9335746482670069,1.496151685296621,1.988805750051329,1.7692495139598106,3.342625208281892,-76.89096708048697,-13.534540702229947,-37.11702873828693,76.89096708048697,-13.534540702229947,107.86874952184904,240.99481682306416,0.10999551276108462,0.2457463219581245,11.46775219178342,4.67953516740593e-16,0.9467104654499245,0.9678772136274149,faltinsen_ch9_reduced_order_planing_plus_matched_bie_delta_from_high_frequency,heave_pitch_2x2_v1,FnB=2.26,2.9418666666666664
153,3.3130485450544973,8.461691256345663,1.1192701546285144,5.613644999999999,0.01,-1.4560045571359763,-0.35779627391641816,-0.4386312478397319,-1.937337856317897,1.4993223282634067,1.986372407456332,1.7747032735949335,3.3410397342564395,-76.19379299638493,-12.757214668497141,-36.42220125947932,76.19379299638493,-12.757214668497141,107.35180693188055,239.21917638555092,0.10946837802091496,0.24393567261557306,11.392857933800801,9.879350505049841e-17,0.9471596466791252,0.968149250450138,faltinsen_ch9_reduced_order_planing_plus_matched_bie_delta_from_high_frequency,heave_pitch_2x2_v1,FnB=2.26,2.95455
154,3.3059602081544366,8.43259522932297,1.114485874167073,5.637743333333332,0.01,-1.4544511631941137,-0.3760509320279336,-0.41199666740086105,-1.9404097461983392,1.50227909843537,1.9836661102844195,1.7798934524557712,3.3389963377557854,-75.50353419658728,-11.98728190793662,-35.73468633432279,75.50353419658728,-11.98728190793662,106.82505709339361,237.431563007757,0.10893124267042631,0.24211281427170037,11.31744455873086,8.227145086985033e-16,0.9476032040314087,0.9684178596429093,faltinsen_ch9_reduced_order_planing_plus_matched_bie_delta_from_high_frequency,heave_pitch_2x2_v1,FnB=2.26,2.9672333333333327
155,3.2989171743715775,8.40373184681051,1.1097423200954202,5.661841666666666,0.01,-1.4525152091580629,-0.3940883653291446,-0.38556015720412795,-1.9428073824434904,1.5050269341521063,1.9806961301775188,1.784825264667937,3.3365095397160527,-74.8202529091217,-11.224798977979248,-35.05454085890068,74.8202529091217,-11.224798977979248,106.28907913719637,235.63334214259905,0.10838469725869322,0.2402791393009836,11.241572837268109,4.962935728217713e-16,0.9480412304605929,0.9686830983194142,faltinsen_ch9_reduced_order_planing_plus_matched_bie_delta_from_high_frequency,heave_pitch_2x2_v1,FnB=2.26,2.979916666666666
156,3.2919189631826993,8.375098246296151,1.105038974589881,5.685939999999999,0.01,-1.4502099480248356,-0.41189929315989054,-0.35934119513929835,-1.9445483806144739,1.5075708676728314,1.977471744191181,1.7895040714967458,3.3335939125728755,-74.14400332521832,-10.46981454620348,-34.38181381004489,74.14400332521832,-10.46981454620348,105.74444380191967,233.8258464032514,0.10782932377715089,0.2384360065906823,11.165302099786182,2.9560646782867873e-16,0.9484738170194699,0.9689450224135552,faltinsen_ch9_reduced_order_planing_plus_matched_bie_delta_from_high_frequency,heave_pitch_2x2_v1,FnB=2.26,2.9925999999999995
157,3.2849651011700094,8.346691612584456,1.1003753285683582,5.710038333333332,0.01,-1.447548752109341,-0.42947521825236573,-0.3333580609208918,-1.945650826498149,1.5099160085336627,1.97400221262132,1.7939353613003963,3.3302640432144357,-73.47483182305444,-9.722369608856837,-33.71654646492652,73.47483182305444,-9.722369608856837,105.19171246674078,232.01037388320955,0.10726569467324804,0.2365847398277797,11.088690159138581,9.490452392850958e-16,0.9489010529059725,0.9692036867084428,faltinsen_ch9_reduced_order_planing_plus_matched_bie_delta_from_high_frequency,heave_pitch_2x2_v1,FnB=2.26,3.005283333333333
158,3.278055121886629,8.318509176817205,1.0957508815066472,5.734136666666665,0.01,-1.44454506727071,-0.4468084115095678,-0.30762784374653174,-1.9461331981519847,1.51206752758329,1.9702967581553326,1.7981247301815473,3.3265344979981077,-72.81277720354645,-8.982497721623702,-33.0587726328574,72.81277720354645,-8.982497721623702,104.63143627264034,230.18818669581955,0.10669437195437827,0.23472662600971747,11.01179324330898,4.408122869446237e-16,0.9493230255080473,0.969459144864588,faltinsen_ch9_reduced_order_planing_plus_matched_bie_delta_from_high_frequency,heave_pitch_2x2_v1,FnB=2.26,3.0179666666666662
159,3.2711885657251702,8.290548215518221,1.0911651412593593,5.758234999999999,0.01,-1.4412123696617742,-0.46389189435358535,-0.28216645471119145,-1.9460142910701317,1.5140306417351876,1.9663645463681116,1.8020778633916477,3.32241978987575,-72.15787093639403,-8.250225240837892,-32.40851889750121,72.15787093639403,-8.250225240837892,104.06415533094001,228.36050972652097,0.10611590638081304,0.2328629141720374,10.93466593761891,2.4971430320511063e-16,0.949739820447275,0.969711449447261,faltinsen_ch9_reduced_order_planing_plus_matched_bie_delta_from_high_frequency,heave_pitch_2x2_v1,FnB=2.26,3.0306499999999996
160,3.264364979789337,8.262806049661839,1.0866176238853267,5.782333333333332,0.01,-1.4375641250812905,-0.4807194189278921,-0.2569886435559945,-1.9453131466990041,1.5158105994665383,1.962214667572519,1.805800517532924,3.3179343476545253,-71.51013741465174,-7.525571573406211,-31.765804867762398,71.51013741465174,-7.525571573406211,103.4903980173537,226.52852959008197,0.10553083674583442,0.23099481432505697,10.857361136155232,2.8822648929820754e-16,0.9501515216212769,0.9699606519531032,faltinsen_ch9_reduced_order_planing_plus_matched_bie_delta_from_high_frequency,heave_pitch_2x2_v1,FnB=2.26,3.043333333333333
161,3.257583917768454,8.235280043764272,1.0821078534773516,5.806431666666666,0.01,-1.4336137509808962,-0.49728544643141054,-0.2321080193304187,-1.9440489844846696,1.5174126670863144,1.957856120023472,1.809298503593616,3.3130924874027676,-70.86959421617323,-6.8085494337819625,-31.13064343569289,70.86959421617323,-6.8085494337819625,102.91068034931372,224.69339378423987,0.10493968924078431,0.2291234965908235,10.779930002040913,2.1440110661040552e-16,0.9505582112449477,0.9702068028359945,faltinsen_ch9_reduced_order_planing_plus_matched_bie_delta_from_high_frequency,heave_pitch_2x2_v1,FnB=2.26,3.0560166666666664
162,3.250844939814853,8.207967604997279,1.0776353619961798,5.8305299999999995,0.01,-1.429374581153387,-0.5135851238533095,-0.20753707455152043,-1.942241137590954,1.5188421157878258,1.9532977944655563,1.8125776708434338,3.3079083859948457,-70.23625237036163,-6.0991651064135795,-30.50304103984351,70.23625237036163,-6.0991651064135795,102.32550544393843,222.85621003048976,0.10434297690234529,0.22725009053090484,10.702421936141382,9.576758692966165e-16,0.950959969890547,0.9704499515321698,faltinsen_ch9_reduced_order_planing_plus_matched_bie_delta_from_high_frequency,heave_pitch_2x2_v1,FnB=2.26,3.0686999999999998
163,3.2441476124240407,8.180866182323484,1.0731996891085749,5.854628333333332,0.01,-1.424859833105661,-0.5296142593669998,-0.18328721245211865,-1.9399089923865789,1.5201042094944504,1.9485484600057499,1.8156438916081503,3.3023960567749504,-69.61011662874301,-5.397418712179899,-29.882997932571783,69.61011662874301,-5.397418712179899,101.73536305366831,221.0180457922275,0.10374119913902131,0.22537568465503258,10.624884553773203,3.406388856250795e-16,0.9513568765266918,0.9706901464846696,faltinsen_ch9_reduced_order_planing_plus_matched_bie_delta_from_high_frequency,heave_pitch_2x2_v1,FnB=2.26,3.081383333333333
164,3.237491508317564,8.153973265652672,1.0688003820293714,5.878726666666666,0.01,-1.4200825780985027,-0.5453692966296396,-0.15936877692142754,-1.9370719317617404,1.5212041935010558,1.9436167512852405,1.8185030469345662,3.296569327306726,-68.99118573797232,-4.703304477413695,-29.270508449910324,68.99118573797232,-4.703304477413695,101.14072917630665,219.17992796002474,0.10313484133348969,0.22350132610017157,10.547363668962662,2.366489697449078e-16,0.951749008556277,0.9709274351670814,faltinsen_ch9_reduced_order_planing_plus_matched_bie_delta_from_high_frequency,heave_pitch_2x2_v1,FnB=2.26,3.0940666666666665
165,3.230876206328515,8.127286385018566,1.0644369953674024,5.902824999999999,0.01,-1.4150557138166695,-0.5608472882200708,-0.1357910847561626,-1.9337492823001161,1.5221472839081673,1.9385111569179758,1.821161013150315,3.2904418191647933,-68.37945271397729,-4.016811004213622,-28.66556128269565,68.37945271397729,-4.016811004213622,100.54206573598313,217.34284269356797,0.10252437451727466,0.22162802046934277,10.469903285788888,4.448048094737817e-16,0.952136441853362,0.9711618641066367,faltinsen_ch9_reduced_order_planing_plus_matched_bie_delta_from_high_frequency,heave_pitch_2x2_v1,FnB=2.26,3.10675
166,3.2243012912895956,8.100803109775425,1.0601090909751805,5.926923333333333,0.01,-1.4097919396160854,-0.5760458684338623,-0.11256245985667321,-1.9299602653007217,1.5229386578408886,1.9332400091578432,1.8236236493165823,3.2840269297142273,-67.77490511603922,-3.3379215408374137,-28.068139747752184,67.77490511603922,-3.3379215408374137,99.93982033137422,215.5077354096058,0.10191025511400348,0.2197567318193326,10.392545596337623,2.754854067202312e-16,0.9525192507990542,0.9713934789066806,faltinsen_ch9_reduced_order_planing_plus_matched_bie_delta_from_high_frequency,heave_pitch_2x2_v1,FnB=2.26,3.1194333333333333
167,3.2177663539236794,8.07452104781396,1.055816237802235,5.951021666666667,0.01,-1.404303734280497,-0.590963225639118,-0.08969026902122838,-1.9257239516158238,1.5235834444400935,1.9278114747516064,1.8258967855661117,3.2773378158156805,-67.17752531970724,-2.6666142510667044,-27.478222058022567,67.17752531970724,-2.6666142510667044,99.33442604738732,213.67551090520473,0.10129292474737789,0.2178883827863794,10.315330984788826,4.713355640200797e-16,0.9528975083164184,0.9716223242685019,faltinsen_ch9_reduced_order_planing_plus_matched_bie_delta_from_high_frequency,heave_pitch_2x2_v1,FnB=2.26,3.1321166666666667
168,3.2112709907368004,8.048437844795982,1.051558011751996,5.9751199999999995,0.01,-1.398603336207702,-0.6055980743814227,-0.0671809590114312,-1.9210592202461576,1.5240867166095902,1.9222335469308798,1.8279862123139123,3.270387379386944,-66.5872907875363,-2.002862481529121,-26.895781590630406,66.5872907875363,-2.002862481529121,98.72630132643461,211.847033605655,0.10067281010990972,0.21602385483896647,10.238298037162085,5.836163906871593e-16,0.9532712859044454,0.9718484440125915,faltinsen_ch9_reduced_order_planing_plus_matched_bie_delta_from_high_frequency,heave_pitch_2x2_v1,FnB=2.26,3.1448
169,3.2048148039135134,8.022551183407302,1.0473339955421281,5.999218333333333,0.01,-1.3927027259350702,-0.6199496274106437,-0.045040094582717155,-1.9159847206126521,1.5244534834994379,1.916514038493108,1.8298976703234664,3.263188254745747,-66.00417433673573,-1.3466350260583795,-26.32078715195823,66.00417433673573,-1.3466350260583795,98.11584989537302,210.02312792648488,0.10005032288842063,0.21416398864697417,10.161483556248994,3.8827721410861694e-16,0.9536406536711046,0.9720718810992974,faltinsen_ch9_reduced_order_planing_plus_matched_bie_delta_from_high_frequency,heave_pitch_2x2_v1,FnB=2.26,3.1574833333333334
170,3.1983974012145535,7.996858782628355,1.0431437785682176,6.023316666666665,0.01,-1.386613610905754,-0.6340175677868286,-0.023272397195463198,-1.9105188384050975,1.524688683702814,1.9106605759192254,1.831636841607521,3.255752797654227,-65.42814440290604,-0.6978963862659384,-25.75320323891347,65.42814440290604,-0.6978963862659384,97.50346074418572,208.20457873925378,0.09942585974230315,0.21230958455665674,10.084922581269785,5.89626567652331e-16,0.9540056803655111,0.972292677648933,faltinsen_ch9_reduced_order_planing_plus_matched_bie_delta_from_high_frequency,heave_pitch_2x2_v1,FnB=2.26,3.170166666666666
171,3.192018395876746,7.971358397022046,1.0389869567707175,6.047414999999998,0.01,-1.3803474123702928,-0.6478020212071242,-0.0018817841440676778,-1.90467966489207,1.5247971791413435,1.9046805944737646,1.833209341139099,3.24809307598185,-64.85916529912927,-0.056607027583964964,-25.192990295644563,64.85916529912927,-0.056607027583964964,96.88950815250095,206.39213193104496,0.09879980233056238,0.2104614031611661,10.008648411802893,5.370750173152244e-16,0.9543664334092341,0.9725108749613368,faltinsen_ch9_reduced_order_planing_plus_matched_bie_delta_from_high_frequency,heave_pitch_2x2_v1,FnB=2.26,3.1828499999999993
172,3.1856774065151,7.946047816038387,1.0348631325050626,6.071513333333332,0.01,-1.3739545099121142,-0.6613595871392519,0.019160580530926223,-1.8985462711514465,1.524843434195406,1.898642955257608,1.8346802544425553,3.2403391697293022,-64.29593921834544,0.578223003675987,-24.63916048819746,64.29593921834544,0.578223003675987,96.27812022536358,204.59396496583116,0.09817636014884143,0.20862778315309627,9.932920981279151,1.6757271855446343e-16,0.9547229789267717,0.9727265135349158,faltinsen_ch9_reduced_order_planing_plus_matched_bie_delta_from_high_frequency,heave_pitch_2x2_v1,FnB=2.26,3.1955333333333327
173,3.1793740570270335,7.920924863335413,1.0307719144148653,6.095611666666665,0.01,-1.3674470949775295,-0.6747004482319554,0.03985978618978751,-1.8921406946742667,1.524838434853636,1.8925604907102738,1.836061367450642,3.232514445496645,-63.73819934562347,1.206812889961924,-24.091488884691643,63.73819934562347,1.206812889961924,95.66996553613497,202.81135268301836,0.09755621495223647,0.2068100245068585,9.857786253046603,1.9210240373930967e-16,0.9550753817752158,0.9729396330851472,faltinsen_ch9_reduced_order_planing_plus_matched_bie_delta_from_high_frequency,heave_pitch_2x2_v1,FnB=2.26,3.208216666666666
174,3.173107976498678,7.895987396115965,1.0267129173081058,6.119709999999999,0.01,-1.3607884550009697,-0.6877607028421088,0.06017750044268179,-1.8854070164303443,1.5247163682592897,1.8863671300052653,1.8372878125961927,3.22449032799344,-63.18735508614648,1.828118094836185,-23.5510153371431,63.18735508614648,1.828118094836185,95.06090738392815,201.03606336941345,0.09693514847978482,0.20499973321104914,9.783000761474696,2.841167209631278e-16,0.955423705573136,0.9731502725626259,faltinsen_ch9_reduced_order_planing_plus_matched_bie_delta_from_high_frequency,heave_pitch_2x2_v1,FnB=2.26,3.2208999999999994
175,3.166878799113201,7.871233304479894,1.0226857620362377,6.143808333333332,0.01,-1.3539889573934794,-0.7005417063550996,0.08011222567532762,-1.8783620169684438,1.524481806741686,1.88006963580938,1.8383649265499034,3.2162778597622017,-62.64336122942345,2.442187525297612,-23.017690983182064,62.64336122942345,2.442187525297612,94.45127309958234,199.26872013370885,0.09631349451605017,0.20319754465970427,9.708592139858615,4.485771572544509e-16,0.9557680127287003,0.9733584701706018,faltinsen_ch9_reduced_order_planing_plus_matched_bie_delta_from_high_frequency,heave_pitch_2x2_v1,FnB=2.26,3.233583333333333
176,3.160686164061105,7.846660510791292,1.0186900753761277,6.167906666666665,0.01,-1.3470586525101536,-0.7130451436865073,0.09966309487686727,-1.8710220917649603,1.5241392292823455,1.8736745716246892,1.8392979542211387,3.2078877774267096,-62.10616942396372,3.0490731523310615,-22.491463881270988,62.10616942396372,3.0490731523310615,93.84137606375134,197.50991084558277,0.09569157262036612,0.20140405831306593,9.634586446315891,3.087626685649908e-16,0.9561083644670588,0.9735642633820569,faltinsen_ch9_reduced_order_planing_plus_matched_bie_delta_from_high_frequency,heave_pitch_2x2_v1,FnB=2.26,3.246266666666666
177,3.1545297154524463,7.8222669690602995,1.0147254899147509,6.192004999999999,0.01,-1.3400072697316834,-0.7252730047339894,0.1188298342891059,-1.8634032364721511,1.5236930184028636,1.8671883009520127,1.840092044114196,3.199330509109898,-61.57572840244772,3.6488297882593486,-21.972279233937,61.57572840244772,3.6488297882593486,93.23151590857128,195.7601889975926,0.0950696883324798,0.19961983857646864,9.561008201886079,2.9997707460698617e-16,0.9564448208570121,0.973767688956337,faltinsen_ch9_reduced_order_planing_plus_matched_bie_delta_from_high_frequency,heave_pitch_2x2_v1,FnB=2.26,3.2589499999999996
178,3.1484091022309277,7.798050664339145,1.0107916439365692,6.216103333333332,0.01,-1.3328442149618123,-0.737227560597405,0.1376127267723642,-1.8555210346675597,1.523147457556743,1.8606169870941995,1.8407522442982918,3.1906161729320117,-61.051984199682096,4.241514871219323,-21.460079603862425,61.051984199682096,4.241514871219323,92.62197874534498,194.02007460781482,0.09444813340472535,0.19784541572077605,9.487880430503164,4.196022461689652e-16,0.9567774408369837,0.9739687829553433,faltinsen_ch9_reduced_order_planing_plus_matched_bie_delta_from_high_frequency,heave_pitch_2x2_v1,FnB=2.26,3.271633333333333
179,3.1423239780898173,7.7740096121320015,1.0068881813135184,6.240201666666666,0.01,-1.3255785694297513,-0.7489113406153686,0.15601257600271115,-1.8473906479465043,1.5225067289945666,1.8539665935477927,1.8412834989573845,3.181754576506919,-60.53488036312038,4.8271882569839875,-20.954805122612242,60.53488036312038,4.8271882569839875,92.01303741519902,192.29005515624007,0.09382718605762316,0.19608128683723805,9.415224700525433,2.304225661075228e-16,0.9571062822403186,0.974167580759291,faltinsen_ch9_reduced_order_planing_plus_matched_bie_delta_from_high_frequency,heave_pitch_2x2_v1,FnB=2.26,3.2843166666666663
180,3.1362740013896504,7.750141857818317,1.0030147513975363,6.2642999999999995,0.01,-1.318219089689267,-0.7603271102564789,0.17403067159874414,-1.8390268082002974,1.5217749120721393,1.8472428849332412,1.841690645485933,3.172755217356687,-60.024358155784654,5.405912018298665,-20.456393691830897,60.024358155784654,5.405912018298665,91.40495175982596,190.5705865483978,0.09320711125595996,0.19432791682011474,9.343061167528303,4.97777915767219e-16,0.9574314018199275,0.974364117082068,faltinsen_ch9_reduced_order_planing_plus_matched_bie_delta_from_high_frequency,heave_pitch_2x2_v1,FnB=2.26,3.2969999999999997
181,3.1302588350776626,7.726445476089234,0.9991710089155591,6.288398333333332,0.01,-1.3107742087093812,-0.7714778498942739,0.19166875526046528,-1.830443811924674,1.5209559819716008,1.8404514284154383,1.8419784120967992,3.163627284166789,-59.52035675147485,5.977750251847937,-19.964781176792542,59.52035675147485,5.977750251847937,90.79796890957903,188.86209410012734,0.09258816100256359,0.19258573937086298,9.271408618085493,6.239528547403868e-16,0.9577528552722961,0.9745584259861795,faltinsen_ch9_reduced_order_planing_plus_matched_bie_delta_from_high_frequency,heave_pitch_2x2_v1,FnB=2.26,3.309683333333333
182,3.1242781466089222,7.702918570396779,0.9953566138669253,6.312496666666666,0.01,-1.3032520379554244,-0.7823667344865994,0.20892898798827353,-1.8216555164060098,1.5200538088061857,1.8335975955684087,1.84215141590806,3.154379658807357,-59.02281342219854,6.542768892923107,-19.479901592235308,59.02281342219854,6.542768892923107,90.19232358635546,187.16497353788475,0.09197057464715827,0.190855158018166,9.200284514284904,2.6358211902875223e-16,0.9580706972608762,0.9747505408973169,faltinsen_ch9_reduced_order_planing_plus_matched_bie_delta_from_high_frequency,heave_pitch_2x2_v1,FnB=2.26,3.3223666666666665
183,3.118331607869109,7.679559272415462,0.9915712314231203,6.336594999999999,0.01,-1.2956603703631975,-0.7929971141724833,0.2258139184367221,-1.8126753376365754,1.5190721570799672,1.8266865646398178,1.842214161475949,3.1450209190485947,-58.53166371779548,7.10103553781957,-19.001687280450284,58.53166371779548,7.10103553781957,89.58823841886041,185.47959200939835,0.09135457920784408,0.18913654714851488,9.129705038744666,5.026426845496902e-16,0.9583849814388794,0.9749404946185378,faltinsen_ch9_reduced_order_planing_plus_matched_bie_delta_from_high_frequency,heave_pitch_2x2_v1,FnB=2.26,3.33505
184,3.1124188950989056,7.6563657415159785,0.9878145318297984,6.360693333333333,0.01,-1.2880066841134854,-0.8033724957927494,0.24232645244529963,-1.8035162498147401,1.518014685474843,1.819723323173209,1.842171039742053,3.1355593419018937,-58.04684163776933,7.652619273953832,-18.530069081637095,58.04684163776933,7.652619273953832,88.98592426801157,183.80628909993646,0.09074038970291749,0.18743025304251346,9.059685139914707,1.9849730861781734e-16,0.9586957604714883,0.9751283193440892,faltinsen_ch9_reduced_order_planing_plus_matched_bie_delta_from_high_frequency,heave_pitch_2x2_v1,FnB=2.26,3.3477333333333332
185,3.1065396888199612,7.6333361642506805,0.984086190311026,6.384791666666667,0.01,-1.2802981471187131,-0.8134965253344796,0.25846982377725597,-1.7941907862910855,1.5168849469379282,1.8127126709479553,1.842026327363701,3.1260029075212747,-57.56827979537289,8.197590517656835,-18.064976496568278,57.56827979537289,8.197590517656835,88.38558056039982,182.14537784985467,0.0901282094909065,0.18573659491248762,8.990238577467908,5.257984015310052e-16,0.959003086057504,0.9753140466728696,faltinsen_ch9_reduced_order_planing_plus_matched_bie_delta_from_high_frequency,heave_pitch_2x2_v1,FnB=2.26,3.3604166666666666
186,3.1006936737623865,7.61046875385053,0.9803858869756833,6.4088899999999995,0.01,-1.2725416221383348,-0.8233729712940078,0.27424756608724427,-1.78471104182704,1.5156863890435868,1.805659223199144,1.8417841863975446,3.116359303603325,-57.09590957402352,8.736020859569805,-17.606337841638492,57.09590957402352,8.736020859569805,87.78739562788185,180.49714576950532,0.08951823061685882,0.18405586593740506,8.921377967602714,4.2466914654738415e-16,0.9593070089504437,0.9754977076215514,faltinsen_ch9_reduced_order_planing_plus_matched_bie_delta_from_high_frequency,heave_pitch_2x2_v1,FnB=2.26,3.3731
187,3.0948805387937406,7.587761749733202,0.97671330672597,6.432988333333333,0.01,-1.264743672444357,-0.8330057089483335,0.28966348612932963,-1.7750886760385727,1.514422354605397,1.798567414081821,1.8414486643074202,3.1066359302270894,-56.62966127615226,9.26798291754099,-17.15408039639877,56.62966127615226,9.26798291754099,87.19154705153048,178.86185584796777,0.08891063416307352,0.18238833429149381,8.853114828096771,4.046703359112533e-16,0.9596075789791073,0.9756793326373614,faltinsen_ch9_reduced_order_planing_plus_matched_bie_delta_from_high_frequency,heave_pitch_2x2_v1,FnB=2.26,3.3857833333333334
188,3.089099976849485,7.5652134170221075,0.9730681391679614,6.457086666666664,0.01,-1.2569105679632988,-0.8423987055207115,0.3047216382086564,-1.7653349179037496,1.5130960825145219,1.7914415003462452,1.8410236942687774,3.0968399050789577,-56.16946426461324,9.79355019689973,-16.708130543701202,56.16946426461324,9.79355019689973,86.59820200832006,177.23974755243637,0.08830559060262176,0.18073424416333445,8.785459622967542,6.536804215487288e-16,0.9599048450676252,0.9758589516105444,faltinsen_ch9_reduced_order_planing_plus_matched_bie_delta_from_high_frequency,heave_pitch_2x2_v1,FnB=2.26,3.398466666666666
189,3.0833516848648523,7.542822046075973,0.9694500785241569,6.481184999999998,0.01,-1.2490482918256782,-0.851556006222563,0.3194262998727346,-1.7554605712192544,1.5117107087820627,1.7842855651929197,1.8405130957431333,3.086978069010822,-55.71524709680024,10.312796957963087,-16.268413902598752,55.71524709680024,10.312796957963087,86.0075176190616,175.63103781543802,0.08770326015414194,0.17909381676254177,8.71842180661134,4.767292997807944e-16,0.960198855255004,0.9760365938865015,faltinsen_ch9_reduced_order_planing_plus_matched_bie_delta_from_high_frequency,heave_pitch_2x2_v1,FnB=2.26,3.4111499999999992
190,3.077635363708111,7.520585952028799,0.9658588235479758,6.505283333333332,0.01,-1.24116254725898,-0.8604817211508194,0.33378194883177764,-1.7454760208975793,1.510269267764221,1.7771035222784253,1.8399205752973624,3.0770569918833877,-55.26693765163583,10.825798090611386,-15.834855454163659,55.26693765163583,10.825798090611386,85.41964129624519,174.03592200739675,0.08710379313654018,0.1774672513115047,8.65200986730752,4.842999968525087e-16,0.9604896567141836,0.976212288277632,faltinsen_ch9_reduced_order_planing_plus_matched_bie_delta_from_high_frequency,heave_pitch_2x2_v1,FnB=2.26,3.4238333333333326
191,3.071950718115182,7.498503474339843,0.9622940774401437,6.529381666666665,0.01,-1.2332587647646578,-0.8691800130172642,0.34779324109195325,-1.735391240002955,1.5087746935502135,1.7698991198450378,1.839249727643812,3.0670829786495815,-54.824463249611284,11.332628995757801,-15.407379660400778,54.824463249611284,11.332628995757801,84.83471109057041,172.45457489235375,0.08650733032235311,0.17585472601994948,8.586231369987766,1.7878375704787118e-16,0.9607772957706194,0.9763860630748681,faltinsen_ch9_reduced_order_planing_plus_matched_bie_delta_from_high_frequency,heave_pitch_2x2_v1,FnB=2.26,3.436516666666666
192,3.0662974566255823,7.476572976353436,0.958755547766925,6.553479999999999,0.01,-1.2253421095243644,-0.8776550856843491,0.3614649902804297,-1.7252157974306739,1.5072298214941282,1.762675944949266,1.8385040368786219,3.057062075636472,-54.387750766068905,11.833365473520757,-14.985910576446287,54.387750766068905,11.833365473520757,84.25285603507582,170.88715156495672,0.08591400328866211,0.1742563990404029,8.52109299818427,4.542053350305033e-16,0.9610618179204043,0.9765579460589304,faltinsen_ch9_reduced_order_planing_plus_matched_bie_delta_from_high_frequency,heave_pitch_2x2_v1,FnB=2.26,3.4491999999999994
193,3.060675291519655,7.454792844868358,0.9552429463801527,6.5775783333333315,0.01,-1.2174174889849696,-0.8859111734802441,0.374802148136938,-1.7149588661407393,1.5056373898730104,1.7554374277663085,1.8376868778968265,3.047000076987023,-53.95672673792913,12.328083617900433,-14.570371956251762,53.95672673792913,12.328083617900433,83.67419648588933,169.33378836708863,0.08532393476456214,0.1726724094028936,8.456600595081992,2.6279805909589525e-16,0.9613432678479407,0.9767279645112822,faltinsen_ch9_reduced_order_planing_plus_matched_bie_delta_from_high_frequency,heave_pitch_2x2_v1,FnB=2.26,3.4618833333333328
194,3.0550839387570674,7.433161489716511,0.9517559893390095,6.601676666666665,0.01,-1.2094895605762035,-0.893952531264661,0.38780978614306333,-1.704629231863102,1.504000041654691,1.7481868459494019,1.8368015179641897,3.0369025312262523,-53.531317464069744,12.816859717752692,-14.160687351960007,53.531317464069744,12.816859717752692,83.09884445873608,167.79460378276588,0.08473723897430427,0.17110287792749398,8.392759203611948,4.054353329155314e-16,0.9616216894431779,0.9768961452248409,faltinsen_ch9_reduced_order_planing_plus_matched_bie_delta_from_high_frequency,heave_pitch_2x2_v1,FnB=2.26,3.474566666666666
195,3.0495231179165367,7.411677343350709,0.9482943968335157,6.625774999999999,0.01,-1.2015627395188244,-0.9017834252159118,0.40049307825745867,-1.6942353021977625,1.5023203263599025,1.7409273290247582,1.835851118426885,3.026774747919051,-53.11144909957483,13.299770163845125,-13.756780207188257,53.11144909957483,13.299770163845125,82.52690396044044,166.2696993101596,0.08415402197533352,0.16954790811353482,8.329573105532814,1.7562559017266956e-16,0.9618971258184273,0.9770625145144004,faltinsen_ch9_reduced_order_planing_plus_matched_bie_delta_from_high_frequency,heave_pitch_2x2_v1,FnB=2.26,3.4872499999999995
196,3.043992552136759,7.390338860441293,0.9448578931096814,6.649873333333332,0.01,-1.1936412066850548,-0.909408124309123,0.4128572847228995,-1.6837851160389077,1.5006007020043644,1.7336618628045444,1.8348387365414078,3.016621804389811,-52.697047744070346,13.776891361780457,-13.35857394443454,52.697047744070346,13.776891361780457,81.95847131475487,164.7591603098073,0.08357438199054201,0.16800758700454008,8.267045859457502,2.779485584363668e-16,0.9621696193247622,0.9772270982267973,faltinsen_ch9_reduced_order_planing_plus_matched_bie_delta_from_high_frequency,heave_pitch_2x2_v1,FnB=2.26,3.499933333333333
197,3.038491968058509,7.369144517481393,0.9414462063962793,6.673971666666666,0.01,-1.1857289164767901,-0.9168308924550719,0.424907736909082,-1.6732863532579876,1.4988435371075883,1.7263932938020272,1.8337673274083417,3.006448552476709,-52.28803952437025,14.248299650564263,-12.96599204682957,52.28803952437025,14.248299650564263,81.39363548194196,163.26305682828325,0.08299840973415178,0.1664819860281373,8.205180337790484,1.9390752809652247e-16,0.9624392115680213,0.97738992175084,faltinsen_ch9_reduced_order_planing_plus_matched_bie_delta_from_high_frequency,heave_pitch_2x2_v1,FnB=2.26,3.5126166666666663
198,3.033021095767897,7.348092812400614,0.9380590688331993,6.698069999999999,0.01,-1.1778296046904635,-0.9240559812689834,0.43664982315371986,-1.6627463445859652,1.4970511127561,1.7191243336344708,1.8326397459946697,2.996259625295847,-51.88435067165551,14.7140712265969,-12.578958134455036,51.88435067165551,14.7140712265969,80.83247837161397,161.78144439676538,0.0824261887307225,0.1649711618103689,8.143978762549583,2.325959304028427e-16,0.96270594342442,0.9775510100269815,faltinsen_ch9_reduced_order_planing_plus_matched_bie_delta_from_high_frequency,heave_pitch_2x2_v1,FnB=2.26,3.5252999999999997
199,3.02757966874073,7.3271822641869075,0.9346962164013428,6.722168333333332,0.01,-1.1699467963407864,-0.9310876234386927,0.44808897556339217,-1.6521720816402146,1.4952256247097901,1.7118575634008837,1.8314587492304997,2.9860594439929184,-51.48590759340976,15.174282072867356,-12.197396035450907,51.48590759340976,15.174282072867356,80.27507514841382,160.3143648040991,0.08185779562685915,0.16347515696399803,8.083442740053075,2.0941032737599945e-16,0.9629698550557847,0.9777103875567571,faltinsen_ch9_reduced_order_planing_plus_matched_bie_delta_from_high_frequency,heave_pitch_2x2_v1,FnB=2.26,3.537983333333333
200,3.022167423787981,7.306411412516478,0.931357388854021,6.746266666666666,0.01,-1.1620838134186469,-0.9379300266618397,0.4592306577349504,-1.6415702270464974,1.493369185541038,1.7045954380231,1.830226998167161,2.975852224462376,-51.092636940333676,15.62900789312829,-11.82122985213286,51.092636940333676,15.62900789312829,79.72149453019328,158.8618468441148,0.08129330049526932,0.1619940008505604,8.023573294459935,2.299841833758217e-16,0.9632309859244192,0.9778680784120024,faltinsen_ch9_reduced_order_planing_plus_matched_bie_delta_from_high_frequency,heave_pitch_2x2_v1,FnB=2.26,3.5506666666666664
201,3.016784101002321,7.285778817391481,0.9280423296498176,6.770364999999999,0.01,-1.154243782561268,-0.9445873681221338,0.4700803533579066,-1.630947124611,1.4914838267970736,1.6973402905398738,1.8289470601845703,2.9656419840159587,-50.70446566845865,16.078324050833317,-11.450384022338199,50.70446566845865,16.078324050833317,79.17179907840544,157.42390703706948,0.08073276713088104,0.16052771031602994,7.964370900156785,3.594588371034879e-16,0.9634893748076118,0.9780241062438239,faltinsen_ch9_reduced_order_planing_plus_matched_bie_delta_from_high_frequency,heave_pitch_2x2_v1,FnB=2.26,3.56335
202,3.0114294437056905,7.265283058785336,0.9247507858868794,6.794463333333333,0.01,-1.146429642615471,-0.9510637894753262,0.48064355565817357,-1.6203088095019564,1.4895715011769675,1.6900943363449803,1.827621411236867,2.9554325479846972,-50.32132109667674,16.522305512620846,-11.084783376217558,50.32132109667674,16.522305512620846,78.62604548049197,156.00055032522005,0.08017625333879763,0.1590762904001061,7.9058355129904525,4.209433554539375e-16,0.9637450598117948,0.978178494291384,faltinsen_ch9_reduced_order_planing_plus_matched_bie_delta_from_high_frequency,heave_pitch_2x2_v1,FnB=2.26,3.576033333333333
203,3.006103198397901,7.244922736295473,0.9214825082386027,6.818561666666666,0.01,-1.1386441520772994,-0.9573633923161133,0.49092575764365926,-1.609661018404392,1.4876340847153404,1.6828596773613258,1.8262524381261256,2.9452275562400896,-49.94313095990117,16.961026796131478,-10.724353188684148,49.94313095990117,16.961026796131478,78.08428482409694,154.59177074262598,0.07962381121391805,0.15763973501922265,7.847966600349981,2.9654520455171646e-16,0.9639980783863658,0.9783312653904461,faltinsen_ch9_reduced_order_planing_plus_matched_bie_delta_from_high_frequency,heave_pitch_2x2_v1,FnB=2.26,3.5887166666666666
204,3.0008051147062247,7.22469646880333,0.9182372508906751,6.8426599999999995,0.01,-1.1308898963935725,-0.963490234098004,0.5009324431126376,-1.5990091996154525,1.4856733789656769,1.6756383061441529,1.8248424407949158,2.9350304696219944,-49.56982345806651,17.394561921951464,-10.369019227729751,49.56982345806651,17.394561921951464,77.5465628629886,153.19755205937975,0.07907548741210157,0.15621802762347975,7.7907631701061675,1.295180389167749e-16,0.9642484673371784,0.9784824419817273,faltinsen_ch9_reduced_order_planing_plus_matched_bie_delta_from_high_frequency,heave_pitch_2x2_v1,FnB=2.26,3.6014
205,2.9955349453359603,7.204602894141415,0.9150147714794467,6.866758333333333,0.01,-1.1231692951130734,-0.9694483244789781,0.5106690783863556,-1.5883585230514246,1.4836911131768284,1.6684321099074042,1.8233936346292974,2.924844576262387,-49.20132730117393,17.822984369477695,-10.018707798810738,49.20132730117393,17.822984369477695,77.01292027461623,151.8178684005457,0.07853132341280278,0.15481114182778594,7.734223798420191,4.2690632721153145e-16,0.9644962628397133,0.978632046119049,faltinsen_ch9_reduced_order_planing_plus_matched_bie_delta_from_high_frequency,heave_pitch_2x2_v1,FnB=2.26,3.6140833333333333
206,2.9902924460219547,7.184640668767279,0.9118148310315923,6.890856666666664,0.01,-1.1154846088769745,-0.9752416220666511,0.5201411047280572,-1.5777138901408534,1.4816889464569174,1.661242874468122,1.8219081527645866,2.9146729977954946,-48.83757175058099,18.246367036506115,-9.673345785503756,48.83757175058099,18.246367036506115,76.48339290926721,150.45268484015543,0.0779913557731409,0.15341904201756507,7.678346656436628,2.546282549939654e-16,0.9647415004519361,0.9787800994772871,faltinsen_ch9_reduced_order_planing_plus_matched_bie_delta_from_high_frequency,heave_pitch_2x2_v1,FnB=2.26,3.626766666666666
207,2.9850773754810453,7.164808467444203,0.9086371939050345,6.914954999999998,0.01,-1.1078379462398935,-0.9808740315376315,0.5293539314115036,-1.5670799435813454,1.479668469919499,1.6540722881046426,1.8203880483870185,2.9045186954462916,-48.4784866567295,18.664782202351148,-9.33286068662261,48.4784866567295,18.664782202351148,75.95801203082578,149.10195797067342,0.07745561637340558,0.15204168392944933,7.623129535878472,2.4622287831635844e-16,0.9649842151268522,0.9789266233601417,faltinsen_ch9_reduced_order_planing_plus_matched_bie_delta_from_high_frequency,heave_pitch_2x2_v1,FnB=2.26,3.639449999999999
208,2.979889495365424,7.145104982928487,0.9054816277311009,6.939053333333332,0.01,-1.100231270314629,-0.9863494011066585,0.5383129294029434,-1.5564610769405398,1.477631208807396,1.646921945325061,1.8188352970250925,2.8943844759905333,-48.124002493501735,19.078301494307254,-8.997180649986376,48.124002493501735,19.078301494307254,75.43680454916846,147.76563644840118,0.07692413265403422,0.15067901520743698,7.568569873564732,5.681595868951931e-16,0.9652244412247664,0.9790716387077215,faltinsen_ch9_reduced_order_planing_plus_matched_bie_delta_from_high_frequency,heave_pitch_2x2_v1,FnB=2.26,3.6521333333333326
209,2.9747285702168766,7.1255289256631205,0.9023479033578791,6.963151666666665,0.01,-1.0926664052350068,-0.9916715203221729,0.5470234256216485,-1.5458614440843201,1.475578624590124,1.6397933505430806,1.8172517988250085,2.8842729975806023,-47.7740503893844,19.486995857273655,-8.666234503017023,47.7740503893844,19.486995857273655,74.91979324425496,146.44366151532589,0.07639692784412104,0.1493309759350297,7.514664774872858,6.793123564874627e-16,0.9654622125252544,0.9792151661039326,faltinsen_ch9_reduced_order_planing_plus_matched_bie_delta_from_high_frequency,heave_pitch_2x2_v1,FnB=2.26,3.664816666666666
210,2.9695943674219034,7.106079023477734,0.8992357947947458,6.987249999999999,0.01,-1.0851450424327245,-0.9968441181659462,0.5554906977451505,-1.535284968417938,1.4735121170314014,1.632687921659085,1.81563938080529,2.8741867754326655,-47.42856215561943,19.89093552636473,-8.339951780344904,47.42856215561943,19.89093552636473,74.4069969820045,145.13596749797077,0.07587402118154978,0.14799749914391847,7.461411036170239,2.1039815373059727e-16,0.9656975622388546,0.9793572257837226,faltinsen_ch9_reduced_order_planing_plus_matched_bie_delta_from_high_frequency,heave_pitch_2x2_v1,FnB=2.26,3.6774999999999993
211,2.9644866571676767,7.086754021294658,0.8961450791580394,7.0113483333333315,0.01,-1.0776687467251682,-1.0018708614353846,0.5637199695265613,-1.5247353519278097,1.4714330262235773,1.6256069935447033,1.8139997990861252,2.86412818737133,-47.087470311509435,20.29019000233967,-8.018262748588512,47.087470311509435,20.29019000233967,73.89843092206267,143.84248228382017,0.0753554281248568,0.14667851129980186,7.408805166240448,2.527351338512105e-16,0.9659305230184866,0.97949783764011,faltinsen_ch9_reduced_order_planing_plus_matched_bie_delta_from_high_frequency,heave_pitch_2x2_v1,FnB=2.26,3.6901833333333327
212,2.95940521239884,7.067552680840943,0.8930755366178486,7.035446666666665,0.01,-1.0702389622123678,-1.0067553533882034,0.5717164065925219,-1.514216084013982,1.4693426345863692,1.6185518214297943,1.8123347410896338,2.854099479229198,-46.75070810704216,20.68482802968603,-7.701098428473671,46.75070810704216,20.68482802968603,73.39410671758935,142.5631277759339,0.07484116055695814,0.14537393276596383,7.356843406730893,5.728077623106889e-16,0.9661611269706059,0.9796370212311113,faltinsen_ch9_reduced_order_planing_plus_matched_bie_delta_from_high_frequency,heave_pitch_2x2_v1,FnB=2.26,3.702866666666666
213,2.9543498087751114,7.048473780366212,0.8900269503458915,7.059544999999999,0.01,-1.0628570179821049,-1.011501132630069,0.5794851126916171,-1.5037304501049404,1.4672421688275334,1.6115235841910671,1.8106458277075543,2.8441027700990933,-46.418209542990894,21.07491757720419,-7.388390614445939,46.418209542990894,21.07491757720419,72.89403270720693,141.29782032636652,0.07433122698088229,0.1440836782452382,7.305521751649763,3.622734004439529e-16,0.9663894056660983,0.9797747957864393,faltinsen_ch9_reduced_order_planing_plus_matched_bie_delta_from_high_frequency,heave_pitch_2x2_v1,FnB=2.26,3.7155499999999995
214,2.949320224629683,7.029516114366194,0.8869991064644589,7.083643333333332,0.01,-1.0555241336231775,-1.0161116722269046,0.5870311263642988,-1.49328154004835,1.4651328018636112,1.6045233875421414,1.808934615433497,2.8341400574378848,-46.08990938864116,21.46052582094049,-7.0800718919281564,46.08990938864116,21.46052582094049,72.39821409927028,140.04647114904122,0.07382563270767314,0.142807657201023,7.254835965940557,4.63854263914305e-16,0.9666153901509245,0.9799111802140902,faltinsen_ch9_reduced_order_planing_plus_matched_bie_delta_from_high_frequency,heave_pitch_2x2_v1,FnB=2.26,3.728233333333333
215,2.944316240928399,7.010678493311811,0.8839917939963942,7.107741666666666,0.01,-1.04824142454751,-1.0205903790244375,0.5943594180066571,-1.4828722562727228,1.4630156546991007,1.5975522671251066,1.8072025984571787,2.8242132220211422,-45.76574319728874,21.841719129326435,-6.776075652366103,45.76574319728874,21.841719129326435,71.90665314862495,138.80898671272408,0.07332438003663326,0.14154577425800258,7.204781603163139,1.4976385841377002e-16,0.9668391109565183,0.9800461931067678,faltinsen_ch9_reduced_order_planing_plus_matched_bie_delta_from_high_frequency,heave_pitch_2x2_v1,FnB=2.26,3.7409166666666662
216,2.9393376412296894,6.991959743383706,0.8810048048160906,7.131839999999999,0.01,-1.0410099071224808,-1.0249405931585431,0.6014748873016137,-1.47250532171644,1.46089179826274,1.5906111915039847,1.8054512107184526,2.814324032748564,-45.445647319646554,22.218563050387047,-6.476336106199398,45.445647319646554,22.218563050387047,71.41934932603243,137.5852691147554,0.07282746842808954,0.1402979295832475,7.155354022310652,4.3761920769249823e-16,0.9670605981099473,0.9801798527481403,faltinsen_ch9_reduced_order_planing_plus_matched_bie_delta_from_high_frequency,heave_pitch_2x2_v1,FnB=2.26,3.7535999999999996
217,2.934384211645249,6.973358706212036,0.8780379336014755,7.155938333333332,0.01,-1.033830503615484,-1.0291655877409078,0.6083823609923836,-1.4621832875218677,1.4587622551999122,1.5837010650608667,1.8036818279193825,2.804474151300708,-45.12955891529222,22.591122300886383,-6.180788293889378,45.12955891529222,22.591122300886383,70.93629948045039,136.37521643620116,0.07233489466887305,0.13906401924836836,7.106548403791435,3.8967373292722537e-16,0.9672798811438406,0.9803121771189911,faltinsen_ch9_reduced_order_planing_plus_matched_bie_delta_from_high_frequency,heave_pitch_2x2_v1,FnB=2.26,3.766283333333333
218,2.9294557408014428,6.954874238621477,0.875090977786964,7.180036666666666,0.01,-1.0267040469531832,-1.0332685687053147,0.6150865909742395,-1.4519085404933232,1.4566280016203086,1.5768227307956224,1.8018957694927704,2.7946651366477786,-44.81741596228332,22.959460757285854,-5.889368095129271,44.81741596228332,22.959460757285854,70.45749799435791,135.17872307907825,0.07184665303070663,0.13784393557338975,7.058359764605604,3.3775908268675755e-16,0.9674969891060899,0.980443183903178,faltinsen_ch9_reduced_order_planing_plus_matched_bie_delta_from_high_frequency,heave_pitch_2x2_v1,FnB=2.26,3.7789666666666664
219,2.92455201980142,6.936505212381251,0.8721637375173545,7.204134999999999,0.01,-1.0196312852984348,-1.0372526748008741,0.6215922526818802,-1.441683310318799,1.4544899688003716,1.569976973030466,1.800094300526025,2.784898449411959,-44.50915726505849,23.323641448395676,-5.602012236355478,44.50915726505849,23.323641448395676,69.98293693232604,133.99568008631556,0.07136273542170471,0.13663756745301972,7.0107829727453135,3.9943557048712417e-16,0.9677119505693319,0.9805728904935085,faltinsen_ch9_reduced_order_planing_plus_matched_bie_delta_from_high_frequency,heave_pitch_2x2_v1,FnB=2.26,3.7916499999999997
220,2.919672842187925,6.91825051396011,0.8692560156026489,7.228233333333333,0.01,-1.0126128864481732,-1.0411209777191914,0.6279039437508189,-1.431509676556079,1.4523490448400709,1.5631645200206923,1.7982786336393217,2.7751754560847637,-44.204722460740385,23.683726549606234,-5.318658296674187,44.204722460740385,23.683726549606234,69.51260618303102,132.82597544509449,0.07088313153118651,0.13544480066597106,6.9638127608479,2.371390021161348e-16,0.9679247936402121,0.9807013139974295,faltinsen_ch9_reduced_order_planing_plus_matched_bie_delta_from_high_frequency,heave_pitch_2x2_v1,FnB=2.26,3.804333333333333
221,2.9148180039067895,6.900109044286138,0.8663676174737716,7.252331666666666,0.01,-1.0056494420559534,-1.044876482343423,0.6340261829324069,-1.4213895753848655,1.450206076273926,1.5563860464732413,1.7964499308174562,2.76549743310159,-43.90405202394777,24.039777378590856,-5.039244712311216,43.90405202394777,24.039777378590856,69.04649359491701,131.66949437421934,0.07040782896801356,0.13426551816799756,6.917443739130549,3.0946272268843447e-16,0.9681355459684444,0.9808284712426389,faltinsen_ch9_reduced_order_planing_plus_matched_bie_delta_from_high_frequency,heave_pitch_2x2_v1,FnB=2.26,3.8170166666666665
222,2.9099873032710875,6.8820797185112665,0.8634983511391694,7.2764299999999995,0.01,-0.9987414716830105,-1.0485221271077858,0.6399634092432043,-1.4113248061270016,1.4480618696361633,1.5496421759747003,1.794609305194777,2.7558655707754824,-43.607087270220575,24.39185439237886,-4.763710779687216,43.607087270220575,24.39185439237886,68.58458510570753,130.52611959614026,0.0699368133926545,0.1330996003692803,6.871670407634735,2.1507449572802414e-16,0.9683442347556621,0.9809543787825209,faltinsen_ch9_reduced_order_planing_plus_matched_bie_delta_from_high_frequency,heave_pitch_2x2_v1,FnB=2.26,3.8297
223,2.905180540925943,6.8641614657803895,0.8606480271422712,7.300528333333333,0.01,-0.9918894266820383,-1.0520607844569636,0.6457199813304861,-1.4013170375377288,1.4459171929802288,1.5429334833306845,1.792757822793018,2.746280977092797,-43.31377035815558,24.740017185699855,-4.49199665721639,43.31377035815558,24.740017185699855,68.12686486597397,129.3957315942603,0.06947006864319007,0.13194692539680758,6.826487167808333,3.3373367393587085e-16,0.9685508867640727,0.981079052901495,faltinsen_ch9_reduced_order_planing_plus_matched_bie_delta_from_high_frequency,heave_pitch_2x2_v1,FnB=2.26,3.8423833333333333
224,2.9003975198139753,6.8463532290049915,0.8578164585197862,7.324626666666666,0.01,-0.9850936939179711,-1.0554952613954438,0.6513001770367303,-1.3913678138712364,1.4437727773528595,1.5362604968184594,1.7908965042118326,2.7367446813733003,-43.02404429034533,25.08432449050889,-4.22404336592021,43.02404429034533,25.08432449050889,67.67331535696188,128.278208856129,0.06900757685546224,0.1308073693423636,6.78188833345262,3.0940562674141383e-16,0.9687555283249195,0.9812025096202294,faltinsen_ch9_reduced_order_planing_plus_matched_bie_delta_from_high_frequency,heave_pitch_2x2_v1,FnB=2.26,3.8550666666666666
225,2.89563804514137,6.828653964641161,0.8550034607608242,7.348724999999998,0.01,-0.9783545993302348,-1.0588283001175487,0.6567081931469227,-1.381478560724338,1.4416293182231146,1.5296237003548567,1.7890263262720856,2.7272576377975812,-42.737852913208116,25.42483417660401,-3.9597927889437017,42.737852913208116,25.42483417660401,67.2239175028775,127.17342810311999,0.06854931857757492,0.12968080649673436,6.737868141060813,2.234136459914339e-16,0.968958185346752,0.9813247647007338,faltinsen_ch9_reduced_order_planing_plus_matched_bie_delta_from_high_frequency,heave_pitch_2x2_v1,FnB=2.26,3.867749999999999
226,2.8909019243445537,6.8110626424719065,0.8522088517668159,7.372823333333331,0.01,-0.9716724113410563,-1.0620625787095421,0.6619481453034936,-1.371650590662462,1.4394874768668553,1.52302353558158,1.7871482236121088,2.717820728804769,-42.45514091579241,25.76160325325452,-3.699187670057313,42.45514091579241,25.76160325325452,66.7786507778353,126.0812645071747,0.0680952728789498,0.12856710957072467,6.694420759574245,1.272544886426141e-16,0.9691588833235149,0.9814458336513444,faltinsen_ch9_reduced_order_planing_plus_matched_bie_delta_from_high_frequency,heave_pitch_2x2_v1,FnB=2.26,3.8804333333333325
227,2.8861889670574743,6.793578245393679,0.8494324518122184,7.396921666666665,0.01,-0.9650473441144396,-1.0652007119157823,0.6670240680746086,-1.3618851086324557,1.4373478817072167,1.5164604038700238,1.785263090237178,2.7084347683636003,-42.175853827634,26.094687871761323,-3.4421716112219087,42.175853827634,26.094687871761323,66.33749330766233,125.00159189517535,0.06764541745413809,0.12746614990356073,6.651540299581451,1.2442305597364662e-16,0.9693576473424558,0.9815657317315913,faltinsen_ch9_reduced_order_planing_plus_matched_bie_delta_from_high_frequency,heave_pitch_2x2_v1,FnB=2.26,3.893116666666666
228,2.881498985079462,6.776199769206995,0.8466740835059854,7.421019999999999,0.01,-0.958479560670522,-1.0682452519615062,0.6719399151624496,-1.3521832171670096,1.4352111296117582,1.5099346682478167,1.7833717810226828,2.699100505120069,-41.89993801573979,26.424143328876198,-3.188689069290831,41.89993801573979,26.424143328876198,65.90042196675519,123.9342829415008,0.06719972872158707,0.12637779765924226,6.609220821984929,2.443062313348363e-16,0.96955450209186,0.9816844739569723,faltinsen_ch9_reduced_order_planing_plus_matched_bie_delta_from_high_frequency,heave_pitch_2x2_v1,FnB=2.26,3.9057999999999993
229,2.8768317923436637,6.758926222411075,0.8439335717537851,7.4451183333333315,0.01,-0.9519691758599977,-1.0711986894253045,0.6766995597389251,-1.3425459213856825,1.433077787146969,1.5034466552492596,1.781475113171449,2.68981862542483,-41.62734068076861,26.7500240710105,-2.9386853519187355,41.62734068076861,26.7500240710105,65.46741247017854,122.87920934929444,0.06675818191755448,0.12530192201138457,6.567456346159397,3.5005221650001e-16,0.9697494718686135,0.9818020751036048,faltinsen_ch9_reduced_order_planing_plus_matched_bie_delta_from_high_frequency,heave_pitch_2x2_v1,FnB=2.26,3.9184833333333327
230,2.872187204886036,6.7417566260024095,0.8412107437209507,7.469216666666665,0.01,-0.9455162592033097,-1.074063454154911,0.6813067948971033,-1.3329741337977088,1.4309483917909125,1.4969966566918964,1.779573867625834,2.6805897562436622,-41.35800985247482,27.072383699167887,-2.6921066127421227,41.35800985247482,27.072383699167887,65.03843946119241,121.83624202096338,0.06632075118536138,0.1242383913170791,6.526240857624864,2.2566194704975473e-16,0.9699425805855997,0.9819185497127748,faltinsen_ch9_reduced_order_planing_plus_matched_bie_delta_from_high_frequency,heave_pitch_2x2_v1,FnB=2.26,3.931166666666666
231,2.8675650408148927,6.724690013277161,0.8385054287961453,7.493314999999998,0.01,-0.9391208375993174,-1.0768419162204046,0.6857653342073784,-1.3234686789119399,1.4288234531048531,1.4905849313814605,1.7776687904352813,2.6714144679543543,-41.091894384476575,27.391274974538987,-2.448899845894232,41.091894384476575,27.391274974538987,64.6134765943918,120.80525121841032,0.06588740966017122,0.12318707328028464,6.485568315256917,2.7944397806267485e-16,0.9701338517789351,0.9820339120953951,faltinsen_ch9_reduced_order_planing_plus_matched_bie_delta_from_high_frequency,heave_pitch_2x2_v1,FnB=2.26,3.9438499999999994
232,2.8629651202809825,6.707725429637318,0.835817458555725,7.517413333333332,0.01,-0.9327828979080566,-1.0795363868993433,0.690078812368156,-1.3140302976592955,1.4267034538646917,1.484211706747397,1.7757605940800563,2.6622932770332777,-40.82894394840747,27.706749824700836,-2.209012879911569,40.82894394840747,27.706749824700836,64.19249661463529,119.78610671347897,0.06545812954947439,0.12214783510523877,6.445432658055908,1.233528622612777e-16,0.9703233086150468,0.9821481763363641,faltinsen_ch9_reduced_order_planing_plus_matched_bie_delta_from_high_frequency,heave_pitch_2x2_v1,FnB=2.26,3.956533333333333
233,2.8583872654480973,6.690861932400514,0.8331466667287863,7.541511666666666,0.01,-0.9265023894122049,-1.0821491196888193,0.6942507859414981,-1.3046596516332323,1.424588851153136,1.477877180411192,1.7738499587519618,2.653226648635027,-40.56910902750633,28.01885935036597,-1.9723943710869207,40.56910902750633,28.01885935036597,63.77547143193743,118.7786779290813,0.0650328822094573,0.12112054364036783,6.405827811496087,2.511655972681371e-16,0.9705109738975952,0.9822613562988253,faltinsen_ch9_reduced_order_planing_plus_matched_bie_delta_from_high_frequency,heave_pitch_2x2_v1,FnB=2.26,3.969216666666666
234,2.853831300464197,6.674098590613451,0.8304928891628814,7.565609999999999,0.01,-0.9202792261617625,-1.084682311339772,0.698284734164836,-1.2953573271537258,1.422480077413488,1.4715815216896753,1.7719375335928487,2.6442149990683936,-40.312340909696985,28.327653832630347,-1.7389937963201874,40.312340909696985,28.327653832630347,63.362372192492366,117.78283407145436,0.06461163821742631,0.12010506551315114,6.366747693474829,2.456561905131387e-16,0.9706968700742467,0.9823734656283245,faltinsen_ch9_reduced_order_planing_plus_matched_bie_delta_from_high_frequency,heave_pitch_2x2_v1,FnB=2.26,3.9818999999999996
235,2.8492970514330342,6.657434484868807,0.8278559637903855,7.589708333333332,0.01,-0.9141132892064201,-1.0871381029093508,0.7021840598304898,-1.2861238391603342,1.4203775414660436,1.4653248730355144,1.770023937891854,2.635258698172054,-40.05859168020572,28.63318274067177,-1.5087614455150629,40.05859168020572,28.63318274067177,62.95316934599439,116.79844425398223,0.0641943674404556,0.11910126725638442,6.328186219881389,1.768399617207524e-16,0.9708810192433006,0.9824845177569014,faltinsen_ch9_reduced_order_planing_plus_matched_bie_delta_from_high_frequency,heave_pitch_2x2_v1,FnB=2.26,3.994583333333333
236,2.8447843463862776,6.6408687071255965,0.8252357305955043,7.613806666666665,0.01,-0.9080044287199598,-1.0895185808273709,0.7059520902252986,-1.2769596349398245,1.4182816294880043,1.4591073514169948,1.7681097622422115,2.626358071593155,-39.80781421376304,28.93549473985439,-1.2816484135664723,39.80781421376304,28.93549473985439,62.54783270941292,115.82537761299713,0.06378103910041953,0.11810901542626395,6.290137309804052,2.1850713912317112e-16,0.9710634431601723,0.9825945259070608,faltinsen_ch9_reduced_order_planing_plus_matched_bie_delta_from_high_frequency,heave_pitch_2x2_v1,FnB=2.26,4.007266666666666
237,2.8402930152561168,6.624400360532878,0.8226320315819046,7.637904999999999,0.01,-0.9019524660209826,-1.0918257779733356,0.7095920781232298,-1.2678650976938837,1.4161927059579185,1.452929049639233,1.766195569658624,2.617513402972106,-39.55996216643109,29.234637700196117,-1.0576065919816244,39.55996216643109,29.234637700196117,62.146331527377185,114.86350341596193,0.0633716218355679,0.11712817671270204,6.252594890393496,3.723577350199213e-16,0.9712441632437371,0.9827035030956917,faltinsen_ch9_reduced_order_planing_plus_matched_bie_delta_from_high_frequency,heave_pitch_2x2_v1,FnB=2.26,4.01995
238,2.8358228898483437,6.6080285592567485,0.8200447107409576,7.662003333333333,0.01,-0.895957195494108,-1.0940616747607141,0.7131072028243542,-1.258840549952316,1.4141111145655725,1.4467900376088523,1.764281896656091,2.6087249360366616,-39.314989967097205,29.53065870516093,-0.8365886601733052,39.314989967097205,29.53065870516093,61.74863452931816,113.91269116241513,0.06296608375879445,0.11615861804226228,6.215552901399831,2.0507557122526653e-16,0.9714232005825377,0.9828114621378656,faltinsen_ch9_reduced_order_planing_plus_matched_bie_delta_from_high_frequency,heave_pitch_2x2_v1,FnB=2.26,4.032633333333333
239,2.8313738038158967,6.591752428310555,0.8174736140205778,7.686101666666666,0.01,-0.8900183864157566,-1.0962282002255463,0.7165005712340698,-1.2498862568371634,1.4120371790883721,1.4406903635442154,1.7623692542912457,2.599992876608565,-39.07285280867072,29.823604060737438,-0.61854807646327,39.07285280867072,29.823604060737438,61.354709983514496,112.97281067805258,0.06256439251274849,0.11520020667409626,6.179005299399792,2.6809589048104763e-16,0.9716005759408601,0.9829184156505889,faltinsen_ch9_reduced_order_planing_plus_matched_bie_delta_from_high_frequency,heave_pitch_2x2_v1,FnB=2.26,4.0453166666666664
240,2.8269455926328595,6.575571103388235,0.8149185892946469,7.7101999999999995,0.01,-0.8841357846884277,-1.098327233116612,0.7197752189768989,-1.2410024291829682,1.409971204235113,1.4346300551331241,1.7604581291670727,2.5913173945256744,-38.833506639017855,30.113519304771074,-0.40343906882958436,38.833506639017855,30.113519304771074,60.96452574817798,112.04373220229185,0.06216651532192745,0.1142528102892342,6.142946061730063,2.6669681347247573e-16,0.9717763097646789,0.9830243760564421,faltinsen_ch9_reduced_order_planing_plus_matched_bie_delta_from_high_frequency,heave_pitch_2x2_v1,FnB=2.26,4.058
